Sample,Timestamp,Raw Encoder Reading,Measured Motor Steps,Target Motor Steps,Current Error,PID Control Signal,PID P Term,PID I Term,PID D Term,PID V Term,PID A Term,Measured Step Phase,Desired Step Phase,Phase Shift,Coil A Current,Coil B Current
0,0.04,33597,410.12,410.25,0.13,11.2,11.2,0.0,-0.0,-0.0,-0.0,2519,3545,0,7,-8
1,0.19,33595,410.10,410.25,0.16,13.3,13.3,0.0,0.0,-0.0,-0.0,2494,3516,0,8,-10
2,0.35,33594,410.08,410.25,0.17,14.3,14.3,0.0,0.0,-0.0,-0.0,2482,3503,0,8,-11
3,0.51,33593,410.07,410.25,0.18,15.3,15.3,0.0,0.0,-0.1,-0.0,2469,3488,0,9,-12
4,0.67,33591,410.05,410.25,0.21,17.3,17.4,0.0,0.0,-0.1,-0.0,2444,3459,0,9,-14
5,0.76,33591,410.05,410.25,0.21,17.3,17.4,0.0,0.0,-0.1,-0.0,2444,3462,0,9,-14
6,0.91,33591,410.05,410.25,0.21,17.3,17.4,0.0,0.0,-0.1,-0.0,2444,3462,0,9,-14
7,1.07,33592,410.06,410.25,0.20,16.2,16.4,0.0,0.0,-0.1,-0.0,2457,3480,0,9,-13
8,1.24,33591,410.05,410.25,0.21,17.2,17.4,0.0,0.0,-0.1,-0.0,2444,3467,0,10,-14
9,1.32,33591,410.05,410.25,0.20,16.2,16.4,0.0,-0.0,-0.2,-0.0,2444,3468,0,9,-13
10,1.49,33591,410.05,410.25,0.20,16.2,16.4,0.0,-0.0,-0.2,-0.0,2444,3468,0,9,-13
11,1.65,33592,410.06,410.25,0.18,15.2,15.3,0.0,-0.0,-0.2,-0.0,2457,3482,0,9,-12
12,1.81,33591,410.05,410.25,0.20,16.2,16.4,0.0,-0.0,-0.2,-0.0,2444,3468,0,9,-13
13,1.90,33591,410.05,410.25,0.20,16.1,16.4,0.0,-0.0,-0.2,-0.0,2444,3468,0,9,-13
14,2.05,33593,410.07,410.24,0.17,14.1,14.3,0.0,-0.0,-0.2,-0.0,2469,3494,0,8,-11
15,2.22,33593,410.07,410.24,0.17,14.1,14.3,0.0,-0.0,-0.3,-0.0,2469,3495,0,8,-11
16,2.38,33591,410.05,410.24,0.20,16.1,16.4,0.0,0.0,-0.3,-0.0,2444,3467,0,9,-13
17,2.47,33591,410.05,410.24,0.20,16.1,16.4,0.0,0.0,-0.3,-0.0,2444,3468,0,9,-13
18,2.63,33593,410.07,410.24,0.17,14.0,14.3,0.0,-0.0,-0.3,-0.0,2469,3496,0,8,-11
19,2.79,33594,410.08,410.24,0.16,13.0,13.3,0.0,-0.0,-0.3,-0.0,2482,3507,0,8,-10
20,2.95,33595,410.10,410.24,0.15,11.9,12.3,0.0,-0.0,-0.3,-0.0,2494,3521,0,7,-9
21,3.03,33597,410.12,410.24,0.12,9.9,10.2,0.0,-0.0,-0.4,-0.0,2519,3553,0,6,-7
22,3.20,33595,410.10,410.24,0.15,11.9,12.3,0.0,-0.0,-0.4,-0.0,2494,3524,0,7,-9
23,3.36,33595,410.10,410.24,0.13,10.9,11.2,0.0,-0.0,-0.4,-0.0,2494,3519,0,7,-8
24,3.52,33593,410.07,410.23,0.16,12.9,13.3,0.0,0.0,-0.4,-0.0,2469,3492,0,8,-10
25,3.61,33596,410.11,410.23,0.12,9.8,10.2,0.0,-0.0,-0.4,-0.0,2507,3533,0,6,-7
26,3.77,33598,410.13,410.23,0.10,7.8,8.2,0.0,-0.0,-0.4,-0.0,2532,3560,0,5,-6
27,3.93,33598,410.13,410.23,0.10,7.7,8.2,0.0,-0.0,-0.4,-0.0,2532,3561,0,5,-5
28,4.09,33597,410.12,410.23,0.11,8.8,9.2,0.0,-0.0,-0.4,-0.0,2519,3549,0,6,-6
29,4.17,33597,410.12,410.23,0.11,8.7,9.2,0.0,-0.0,-0.5,-0.0,2519,3549,0,6,-6
30,4.33,33597,410.12,410.23,0.11,8.7,9.2,0.0,0.0,-0.5,-0.0,2519,3542,0,6,-6
31,4.49,33595,410.10,410.22,0.13,10.8,11.2,0.0,0.0,-0.5,-0.0,2494,3514,0,7,-8
32,4.66,33597,410.12,410.22,0.10,7.7,8.2,0.0,-0.0,-0.5,-0.0,2519,3543,0,5,-6
33,4.82,33597,410.12,410.22,0.10,7.7,8.2,0.0,-0.0,-0.5,-0.0,2519,3543,0,5,-6
34,4.90,33597,410.12,410.22,0.10,7.6,8.2,0.0,-0.0,-0.6,-0.0,2519,3543,0,5,-6
35,5.06,33594,410.08,410.22,0.13,10.7,11.2,0.0,0.0,-0.6,-0.0,2482,3503,0,6,-8
36,5.22,33595,410.10,410.22,0.12,9.6,10.2,0.0,0.0,-0.6,-0.0,2494,3516,0,6,-7
37,5.39,33594,410.08,410.21,0.13,10.6,11.2,0.0,0.0,-0.6,-0.0,2482,3501,0,6,-8
38,5.46,33594,410.08,410.21,0.13,10.7,11.2,0.0,0.0,-0.6,-0.0,2482,3502,0,6,-8
39,5.63,33594,410.08,410.21,0.12,9.6,10.2,0.0,0.0,-0.6,-0.0,2482,3502,0,6,-7
40,5.78,33594,410.08,410.21,0.12,9.6,10.2,0.0,-0.0,-0.6,-0.0,2482,3506,0,6,-7
41,5.95,33594,410.08,410.21,0.12,9.5,10.2,0.0,-0.0,-0.7,-0.0,2482,3506,0,6,-7
42,6.11,33593,410.07,410.20,0.13,10.6,11.2,0.0,0.0,-0.7,-0.0,2469,3491,0,6,-8
43,6.18,33592,410.06,410.20,0.15,11.6,12.3,0.0,0.0,-0.6,-0.0,2457,3478,0,7,-9
44,6.35,33592,410.06,410.20,0.15,11.6,12.3,0.0,0.0,-0.7,-0.0,2457,3481,0,7,-9
45,6.51,33594,410.08,410.20,0.11,8.5,9.2,0.0,-0.0,-0.7,-0.0,2482,3506,0,5,-6
46,6.67,33591,410.05,410.19,0.15,11.5,12.3,0.0,0.0,-0.7,-0.0,2444,3465,0,6,-9
47,6.76,33592,410.06,410.19,0.13,10.4,11.2,0.0,0.0,-0.9,-0.0,2457,3479,0,6,-8
48,6.93,33591,410.05,410.19,0.15,11.5,12.3,0.0,0.0,-0.8,-0.0,2444,3466,0,6,-9
49,7.09,33591,410.05,410.19,0.13,10.5,11.2,0.0,0.0,-0.8,-0.0,2444,3464,0,6,-8
50,7.17,33591,410.05,410.18,0.13,10.4,11.2,0.0,0.0,-0.9,-0.0,2444,3463,0,6,-8
51,7.34,33589,410.02,410.18,0.16,12.5,13.3,0.0,0.0,-0.8,-0.0,2419,3440,0,6,-10
52,7.50,33587,410.00,410.18,0.18,14.5,15.3,0.0,0.0,-0.8,-0.0,2394,3409,0,7,-12
53,7.67,33587,410.00,410.18,0.18,14.5,15.3,0.0,0.0,-0.9,-0.0,2394,3412,0,7,-12
54,7.75,33588,410.01,410.17,0.16,12.5,13.3,0.0,0.0,-0.8,-0.0,2407,3427,0,6,-10
55,7.92,33586,409.99,410.17,0.18,14.4,15.3,0.0,0.0,-0.9,-0.0,2382,3398,0,7,-12
56,8.08,33589,410.02,410.17,0.15,11.4,12.3,0.0,-0.0,-0.9,-0.0,2419,3448,0,6,-9
57,8.17,33590,410.03,410.17,0.13,10.2,11.2,0.0,-0.0,-1.0,-0.0,2432,3461,0,6,-8
58,8.35,33588,410.01,410.16,0.15,11.3,12.3,0.0,-0.0,-1.0,-0.0,2407,3432,0,6,-9
59,8.51,33586,409.99,410.16,0.17,13.4,14.3,0.0,0.0,-0.9,-0.0,2382,3403,0,6,-11
60,8.60,33586,409.99,410.16,0.17,13.3,14.3,0.0,-0.0,-1.0,-0.0,2382,3406,0,6,-11
61,8.76,33587,410.00,410.15,0.16,12.3,13.3,0.0,0.0,-1.0,-0.0,2394,3415,0,6,-10
62,8.92,33587,410.00,410.15,0.15,11.3,12.3,0.0,-0.0,-1.0,-0.0,2394,3416,0,5,-9
63,9.09,33588,410.01,410.15,0.13,10.2,11.2,0.0,-0.0,-1.0,-0.0,2407,3434,0,5,-8
64,9.17,33588,410.01,410.14,0.13,10.2,11.2,0.0,-0.0,-1.0,-0.0,2407,3434,0,5,-8
65,9.33,33588,410.01,410.14,0.13,10.2,11.2,0.0,-0.0,-1.1,-0.0,2407,3434,0,5,-8
66,9.50,33588,410.01,410.14,0.12,9.1,10.2,0.0,-0.0,-1.1,-0.0,2407,3433,0,5,-8
67,9.65,33588,410.01,410.13,0.12,9.2,10.2,0.0,-0.0,-1.1,-0.0,2407,3431,0,5,-8
68,9.81,33589,410.02,410.13,0.11,8.1,9.2,0.0,-0.0,-1.1,-0.0,2419,3445,0,4,-7
69,9.89,33586,409.99,410.13,0.15,11.2,12.3,0.0,0.0,-1.1,-0.0,2382,3403,0,5,-9
70,10.06,33586,409.99,410.12,0.13,10.1,11.2,0.0,0.0,-1.1,-0.0,2382,3403,0,5,-9
71,10.23,33589,410.02,410.12,0.10,7.0,8.2,0.0,-0.0,-1.2,-0.0,2419,3445,0,4,-6
72,10.32,33589,410.02,410.12,0.10,6.9,8.2,0.0,-0.0,-1.3,-0.0,2419,3445,0,4,-6
73,10.47,33589,410.02,410.11,0.09,6.0,7.2,0.0,-0.0,-1.2,-0.0,2419,3443,0,3,-5
74,10.64,33590,410.03,410.11,0.07,5.0,6.1,0.0,-0.0,-1.2,-0.0,2432,3462,0,3,-4
75,10.80,33589,410.02,410.10,0.09,6.0,7.2,0.0,-0.0,-1.1,-0.0,2419,3446,0,3,-5
76,10.88,33589,410.02,410.10,0.07,4.8,6.1,0.0,-0.0,-1.3,-0.0,2419,3443,0,3,-4
77,11.06,33589,410.02,410.10,0.07,4.8,6.1,0.0,-0.0,-1.3,-0.0,2419,3443,0,3,-4
78,11.22,33591,410.05,410.09,0.05,2.9,4.1,0.0,-0.0,-1.2,-0.0,2444,3469,0,2,-2
79,11.31,33591,410.05,410.09,0.04,1.7,3.1,0.0,-0.0,-1.4,-0.0,2444,3470,0,1,-1
80,11.47,33591,410.05,410.08,0.04,1.8,3.1,0.0,-0.0,-1.3,-0.0,2444,3471,0,1,-1
81,11.64,33590,410.03,410.08,0.05,2.8,4.1,0.0,-0.0,-1.3,-0.0,2432,3458,0,1,-2
82,11.80,33591,410.05,410.07,0.02,0.7,2.0,0.0,-0.0,-1.3,-0.0,2444,3469,0,0,-1
83,11.89,33588,410.01,410.07,0.06,3.7,5.1,0.0,0.0,-1.5,-0.0,2407,3426,0,2,-3
84,12.06,33588,410.01,410.07,0.06,3.8,5.1,0.0,0.0,-1.3,-0.0,2407,3427,0,2,-3
85,12.22,33588,410.01,410.06,0.05,2.7,4.1,0.0,0.0,-1.4,-0.0,2407,3428,0,1,-2
86,12.38,33589,410.02,410.06,0.04,1.7,3.1,0.0,0.0,-1.4,-0.0,2419,3440,0,1,-1
87,12.46,33589,410.02,410.05,0.04,1.7,3.1,0.0,0.0,-1.4,-0.0,2419,3440,0,1,-1
88,12.62,33593,410.07,410.05,-0.02,-3.5,-2.0,0.0,-0.0,-1.4,-0.0,2469,1453,0,-2,3
89,12.79,33590,410.03,410.04,0.01,-0.5,1.0,0.0,-0.0,-1.5,-0.0,2432,1411,0,0,0
90,12.88,33590,410.03,410.04,0.01,-0.6,1.0,0.0,-0.0,-1.6,-0.0,2432,1411,0,0,0
91,13.05,33589,410.02,410.04,0.01,-0.5,1.0,0.0,-0.0,-1.6,-0.0,2419,1395,0,0,0
92,13.21,33589,410.02,410.03,0.01,-0.4,1.0,0.0,0.0,-1.5,-0.0,2419,1392,0,0,0
93,13.38,33592,410.06,410.02,-0.04,-4.6,-3.1,0.0,-0.0,-1.6,-0.0,2457,1435,0,-3,4
94,13.47,33590,410.03,410.02,-0.01,-2.7,-1.0,0.0,-0.0,-1.7,-0.0,2432,1408,0,-1,2
95,13.65,33589,410.02,410.02,-0.01,-2.6,-1.0,0.0,0.0,-1.6,-0.0,2419,1392,0,-1,2
96,13.74,33588,410.01,410.01,0.00,-1.7,0.0,0.0,-0.0,-1.7,-0.0,2407,1381,0,-1,1
97,13.90,33587,410.00,410.01,0.01,-0.6,1.0,0.0,0.0,-1.6,-0.0,2394,1367,0,0,0
98,14.07,33585,409.97,410.00,0.02,0.5,2.0,0.0,0.0,-1.6,-0.0,2369,3383,0,0,0
99,14.16,33585,409.97,410.00,0.02,0.3,2.0,0.0,0.0,-1.8,-0.0,2369,3385,0,0,0
100,14.33,33586,409.99,409.99,0.01,-0.7,1.0,0.0,0.0,-1.7,-0.0,2382,1353,0,0,1
101,14.49,33590,410.03,409.99,-0.05,-5.7,-4.1,0.0,-0.0,-1.6,-0.0,2432,1411,0,-3,5
102,14.66,33587,410.00,409.98,-0.01,-2.7,-1.0,0.0,-0.0,-1.7,-0.0,2394,1373,0,-1,2
103,14.75,33587,410.00,409.98,-0.02,-3.8,-2.0,0.0,-0.0,-1.8,-0.0,2394,1373,0,-2,3
104,14.92,33588,410.01,409.97,-0.04,-4.8,-3.1,0.0,-0.0,-1.7,-0.0,2407,1386,0,-2,4
105,15.09,33588,410.01,409.96,-0.05,-5.8,-4.1,0.0,-0.0,-1.7,-0.0,2407,1383,0,-3,5
106,15.17,33588,410.01,409.96,-0.05,-5.8,-4.1,0.0,0.0,-1.7,-0.0,2407,1380,0,-3,5
107,15.33,33588,410.01,409.95,-0.06,-6.8,-5.1,0.0,-0.0,-1.7,-0.0,2407,1384,0,-3,6
108,15.49,33588,410.01,409.95,-0.06,-6.8,-5.1,0.0,-0.0,-1.7,-0.0,2407,1384,0,-3,6
109,15.67,33585,409.97,409.94,-0.04,-5.0,-3.1,0.0,0.0,-1.9,-0.0,2369,1340,0,-2,4
110,15.75,33585,409.97,409.94,-0.04,-4.7,-3.1,0.0,0.0,-1.6,-0.0,2369,1341,0,-2,4
111,15.93,33587,410.00,409.93,-0.06,-7.5,-5.1,0.0,-0.0,-2.3,-0.0,2394,1368,0,-4,6
112,16.09,33587,410.00,409.92,-0.07,-7.9,-6.1,0.0,-0.0,-1.8,-0.0,2394,1369,0,-4,7
113,16.17,33587,410.00,409.92,-0.07,-7.9,-6.1,0.0,-0.0,-1.8,-0.0,2394,1369,0,-4,7
114,16.33,33586,409.99,409.92,-0.07,-7.8,-6.1,0.0,-0.0,-1.7,-0.0,2382,1359,0,-4,7
115,16.50,33588,410.01,409.91,-0.10,-10.1,-8.2,0.0,-0.0,-1.9,-0.0,2407,1384,0,-5,8
116,16.66,33587,410.00,409.90,-0.10,-10.0,-8.2,0.0,-0.0,-1.9,-0.0,2394,1370,0,-5,8
117,16.74,33589,410.02,409.90,-0.12,-12.1,-10.2,0.0,-0.0,-1.9,-0.0,2419,1398,0,-6,10
118,16.90,33586,409.99,409.89,-0.10,-10.0,-8.2,0.0,-0.0,-1.8,-0.0,2382,1358,0,-5,8
119,17.07,33587,410.00,409.88,-0.11,-11.1,-9.2,0.0,-0.0,-1.9,-0.0,2394,1369,0,-5,9
120,17.24,33588,410.01,409.88,-0.13,-13.3,-11.2,0.0,-0.0,-2.1,-0.0,2407,1385,0,-7,11
121,17.32,33588,410.01,409.87,-0.13,-13.2,-11.2,0.0,-0.0,-1.9,-0.0,2407,1384,0,-7,11
122,17.48,33590,410.03,409.87,-0.17,-16.3,-14.3,0.0,-0.0,-2.0,-0.0,2432,1410,0,-9,13
123,17.64,33592,410.06,409.86,-0.20,-18.3,-16.4,0.0,-0.0,-2.0,-0.0,2457,1442,0,-11,14
124,17.73,33592,410.06,409.86,-0.21,-19.5,-17.4,0.0,-0.0,-2.1,-0.0,2457,1441,0,-11,15
125,17.90,33587,410.00,409.85,-0.15,-14.4,-12.3,0.0,-0.0,-2.1,-0.0,2394,1368,0,-7,12
126,18.06,33589,410.02,409.84,-0.18,-17.3,-15.3,0.0,-0.0,-2.0,-0.0,2419,1396,0,-9,14
127,18.23,33588,410.01,409.83,-0.17,-16.5,-14.3,0.0,0.0,-2.1,-0.0,2407,1380,0,-8,14
128,18.31,33588,410.01,409.83,-0.18,-17.3,-15.3,0.0,0.0,-2.0,-0.0,2407,1377,0,-9,14
129,18.48,33586,409.99,409.82,-0.16,-15.4,-13.3,0.0,-0.0,-2.1,-0.0,2382,1356,0,-7,13
130,18.65,33585,409.97,409.81,-0.16,-15.5,-13.3,0.0,0.0,-2.2,-0.0,2369,1340,0,-7,13
131,18.80,33583,409.95,409.81,-0.15,-14.3,-12.3,0.0,0.0,-2.0,-0.0,2344,1313,0,-6,13
132,18.89,33584,409.96,409.80,-0.16,-15.6,-13.3,0.0,0.0,-2.3,-0.0,2357,1327,0,-7,13
133,19.05,33582,409.94,409.79,-0.15,-14.4,-12.3,0.0,0.0,-2.1,-0.0,2332,1299,0,-6,13
134,19.23,33579,409.90,409.79,-0.11,-11.5,-9.2,0.0,0.0,-2.3,-0.0,2294,1261,0,-4,10
135,19.31,33579,409.90,409.78,-0.12,-12.5,-10.2,0.0,0.0,-2.3,-0.0,2294,1261,0,-4,11
136,19.48,33580,409.91,409.77,-0.13,-13.4,-11.2,0.0,0.0,-2.2,-0.0,2307,1279,0,-5,12
137,19.63,33583,409.95,409.77,-0.18,-17.5,-15.3,0.0,-0.0,-2.2,-0.0,2344,1319,0,-7,15
138,19.80,33580,409.91,409.76,-0.16,-15.5,-13.3,0.0,-0.0,-2.2,-0.0,2307,1283,0,-6,14
139,19.89,33578,409.89,409.75,-0.13,-13.8,-11.2,0.0,-0.0,-2.5,-0.0,2282,1256,0,-5,13
140,20.05,33577,409.88,409.75,-0.13,-13.5,-11.2,0.0,0.0,-2.2,-0.0,2269,1241,0,-4,12
141,20.21,33575,409.85,409.74,-0.11,-11.4,-9.2,0.0,0.0,-2.2,-0.0,2244,1211,0,-3,11
142,20.30,33575,409.85,409.73,-0.12,-12.8,-10.2,0.0,0.0,-2.6,-0.0,2244,1207,0,-3,12
143,20.47,33575,409.85,409.72,-0.12,-12.5,-10.2,0.0,0.0,-2.3,-0.0,2244,1213,0,-3,12
144,20.63,33575,409.85,409.72,-0.13,-13.5,-11.2,0.0,-0.0,-2.3,-0.0,2244,1217,0,-4,13
145,20.79,33575,409.85,409.71,-0.15,-14.6,-12.3,0.0,-0.0,-2.3,-0.0,2244,1217,0,-4,14
146,20.87,33577,409.88,409.70,-0.17,-16.8,-14.3,0.0,-0.0,-2.5,-0.0,2269,1248,0,-5,15
147,21.04,33573,409.83,409.69,-0.13,-13.6,-11.2,0.0,-0.0,-2.3,-0.0,2219,1192,0,-3,13
148,21.21,33570,409.79,409.69,-0.11,-11.7,-9.2,0.0,0.0,-2.5,-0.0,2182,1152,0,-2,11
149,21.30,33570,409.79,409.68,-0.11,-11.8,-9.2,0.0,0.0,-2.6,-0.0,2182,1150,0,-2,11
150,21.46,33569,409.78,409.67,-0.11,-11.6,-9.2,0.0,0.0,-2.4,-0.0,2169,1136,0,-2,11
151,21.61,33567,409.75,409.66,-0.09,-9.5,-7.2,0.0,0.0,-2.4,-0.0,2144,1107,0,-1,9
152,21.78,33565,409.73,409.65,-0.07,-8.6,-6.1,0.0,0.0,-2.4,-0.0,2119,1088,0,-1,8
153,21.87,33569,409.78,409.65,-0.12,-13.0,-10.2,0.0,-0.0,-2.7,-0.0,2169,1143,0,-2,12
154,22.03,33564,409.72,409.64,-0.07,-8.6,-6.1,0.0,0.0,-2.4,-0.0,2107,1074,0,-1,8
155,22.20,33564,409.72,409.63,-0.09,-9.7,-7.2,0.0,0.0,-2.6,-0.0,2107,1075,0,-1,9
156,22.36,33564,409.72,409.62,-0.10,-10.7,-8.2,0.0,-0.0,-2.5,-0.0,2107,1083,0,-1,10
157,22.45,33564,409.72,409.62,-0.10,-11.0,-8.2,0.0,-0.0,-2.8,-0.0,2107,1081,0,-1,11
158,22.62,33563,409.70,409.61,-0.10,-10.9,-8.2,0.0,0.0,-2.7,-0.0,2094,1061,0,-1,11
159,22.78,33564,409.72,409.60,-0.12,-12.8,-10.2,0.0,-0.0,-2.5,-0.0,2107,1083,0,-1,12
160,22.86,33563,409.70,409.59,-0.11,-11.9,-9.2,0.0,-0.0,-2.7,-0.0,2094,1068,0,-1,12
161,23.03,33560,409.67,409.58,-0.09,-9.8,-7.2,0.0,0.0,-2.7,-0.0,2057,1027,0,0,10
162,23.19,33562,409.69,409.58,-0.12,-12.6,-10.2,0.0,-0.0,-2.4,-0.0,2082,1057,0,-1,12
163,23.36,33559,409.66,409.57,-0.09,-9.8,-7.2,0.0,0.0,-2.7,-0.0,2044,1012,0,0,10
164,23.45,33559,409.66,409.56,-0.10,-11.1,-8.2,0.0,0.0,-2.9,-0.0,2044,1012,0,0,11
165,23.62,33560,409.67,409.55,-0.12,-13.0,-10.2,0.0,-0.0,-2.7,-0.0,2057,1032,0,0,13
166,23.79,33558,409.64,409.54,-0.10,-10.8,-8.2,0.0,-0.0,-2.7,-0.0,2032,1005,0,0,10
167,23.88,33556,409.62,409.53,-0.09,-10.2,-7.2,0.0,0.0,-3.1,-0.0,2007,973,0,1,10
168,24.05,33557,409.63,409.52,-0.11,-11.9,-9.2,0.0,-0.0,-2.7,-0.0,2019,992,0,1,12
169,24.22,33556,409.62,409.51,-0.11,-12.0,-9.2,0.0,0.0,-2.8,-0.0,2007,977,0,1,12
170,24.31,33556,409.62,409.51,-0.11,-12.2,-9.2,0.0,0.0,-3.0,-0.0,2007,977,0,1,12
171,24.47,33557,409.63,409.50,-0.13,-14.1,-11.2,0.0,-0.0,-2.8,-0.0,2019,994,0,1,14
172,24.64,33558,409.64,409.49,-0.16,-16.0,-13.3,0.0,-0.0,-2.8,-0.0,2032,1012,0,0,16
173,24.72,33557,409.63,409.48,-0.15,-15.2,-12.3,0.0,-0.0,-2.9,-0.0,2019,995,0,1,15
174,24.89,33555,409.61,409.47,-0.13,-14.1,-11.2,0.0,-0.0,-2.9,-0.0,1994,969,0,1,14
175,25.05,33556,409.62,409.46,-0.16,-16.2,-13.3,0.0,-0.0,-2.9,-0.0,2007,983,0,1,16
176,25.22,33553,409.58,409.45,-0.13,-14.2,-11.2,0.0,0.0,-3.0,-0.0,1969,936,0,2,14
177,25.31,33553,409.58,409.45,-0.13,-14.2,-11.2,0.0,0.0,-3.0,-0.0,1969,937,0,2,14
178,25.47,33555,409.61,409.44,-0.17,-17.2,-14.3,0.0,-0.0,-2.9,-0.0,1994,970,0,1,17
179,25.64,33556,409.62,409.43,-0.20,-19.2,-16.4,0.0,-0.0,-2.9,-0.0,2007,984,0,1,19
180,25.73,33552,409.57,409.42,-0.15,-15.4,-12.3,0.0,0.0,-3.2,-0.0,1957,927,0,2,15
181,25.90,33551,409.56,409.41,-0.15,-15.2,-12.3,0.0,-0.0,-2.9,-0.0,1944,917,0,2,14
182,26.07,33552,409.57,409.40,-0.17,-17.3,-14.3,0.0,-0.0,-3.0,-0.0,1957,930,0,2,17
183,26.16,33553,409.58,409.39,-0.20,-19.5,-16.4,0.0,-0.0,-3.2,-0.0,1969,942,0,2,19
184,26.33,33549,409.53,409.38,-0.16,-16.2,-13.3,0.0,0.0,-2.9,-0.0,1919,885,0,3,15
185,26.49,33549,409.53,409.37,-0.16,-16.3,-13.3,0.0,-0.0,-3.0,-0.0,1919,892,0,3,15
186,26.58,33549,409.53,409.36,-0.17,-17.6,-14.3,0.0,-0.0,-3.3,-0.0,1919,892,0,3,17
187,26.75,33547,409.51,409.35,-0.16,-16.3,-13.3,0.0,0.0,-3.0,-0.0,1894,863,0,4,15
188,26.91,33547,409.51,409.34,-0.17,-17.3,-14.3,0.0,0.0,-3.0,-0.0,1894,864,0,4,16
189,27.08,33546,409.50,409.33,-0.17,-17.3,-14.3,0.0,-0.0,-3.0,-0.0,1882,854,0,4,16
190,27.16,33542,409.45,409.32,-0.12,-13.5,-10.2,0.0,0.0,-3.2,-0.0,1832,797,0,4,12
191,27.33,33542,409.45,409.31,-0.13,-14.4,-11.2,0.0,0.0,-3.2,-0.0,1832,797,0,5,13
192,27.49,33543,409.46,409.30,-0.16,-16.4,-13.3,0.0,0.0,-3.1,-0.0,1844,814,0,5,15
193,27.58,33542,409.45,409.30,-0.15,-15.5,-12.3,0.0,0.0,-3.2,-0.0,1832,800,0,5,14
194,27.75,33540,409.42,409.28,-0.13,-14.4,-11.2,0.0,0.0,-3.1,-0.0,1807,774,0,5,13
195,27.91,33541,409.44,409.27,-0.16,-16.4,-13.3,0.0,-0.0,-3.1,-0.0,1819,794,0,5,15
196,28.08,33539,409.41,409.26,-0.15,-15.5,-12.3,0.0,0.0,-3.2,-0.0,1794,764,0,6,14
197,28.16,33539,409.41,409.26,-0.16,-16.5,-13.3,0.0,0.0,-3.2,-0.0,1794,764,0,6,15
198,28.33,33537,409.39,409.24,-0.15,-15.7,-12.3,0.0,0.0,-3.4,-0.0,1769,739,0,6,14
199,28.49,33534,409.35,409.23,-0.12,-13.5,-10.2,0.0,0.0,-3.3,-0.0,1732,697,0,6,11
200,28.57,33531,409.31,409.23,-0.09,-10.5,-7.2,0.0,0.0,-3.3,-0.0,1694,655,0,5,9
201,28.74,33532,409.33,409.21,-0.11,-12.4,-9.2,0.0,0.0,-3.2,-0.0,1707,673,0,6,10
202,28.90,33532,409.33,409.20,-0.12,-13.5,-10.2,0.0,0.0,-3.2,-0.0,1707,674,0,7,11
203,29.06,33531,409.31,409.19,-0.12,-13.5,-10.2,0.0,-0.0,-3.2,-0.0,1694,666,0,7,11
204,29.16,33530,409.30,409.18,-0.12,-14.0,-10.2,0.0,0.0,-3.8,-0.0,1682,651,0,7,11
205,29.31,33530,409.30,409.17,-0.13,-14.6,-11.2,0.0,-0.0,-3.3,-0.0,1682,655,0,8,12
206,29.48,33528,409.28,409.16,-0.12,-13.6,-10.2,0.0,0.0,-3.3,-0.0,1657,627,0,8,11
207,29.65,33528,409.28,409.15,-0.13,-14.6,-11.2,0.0,0.0,-3.4,-0.0,1657,627,0,8,12
208,29.73,33527,409.27,409.14,-0.12,-13.6,-10.2,0.0,0.0,-3.4,-0.0,1644,614,0,8,11
209,29.90,33526,409.25,409.13,-0.12,-13.6,-10.2,0.0,0.0,-3.4,-0.0,1632,602,0,8,11
210,30.07,33525,409.24,409.12,-0.12,-13.7,-10.2,0.0,0.0,-3.5,-0.0,1619,589,0,8,10
211,30.15,33525,409.24,409.11,-0.13,-14.3,-11.2,0.0,-0.0,-3.1,-0.0,1619,591,0,9,11
212,30.31,33528,409.28,409.10,-0.18,-18.7,-15.3,0.0,-0.0,-3.3,-0.0,1657,633,0,10,15
213,30.48,33526,409.25,409.09,-0.17,-18.0,-14.3,0.0,-0.0,-3.6,-0.0,1632,606,0,10,14
214,30.57,33526,409.25,409.08,-0.17,-18.0,-14.3,0.0,-0.0,-3.7,-0.0,1632,608,0,10,14
215,30.73,33525,409.24,409.07,-0.17,-17.8,-14.3,0.0,-0.0,-3.4,-0.0,1619,595,0,11,14
216,30.89,33524,409.23,409.05,-0.17,-17.8,-14.3,0.0,-0.0,-3.5,-0.0,1607,580,0,11,13
217,31.06,33523,409.22,409.04,-0.17,-17.8,-14.3,0.0,0.0,-3.5,-0.0,1594,563,0,11,13
218,31.15,33523,409.22,409.03,-0.18,-19.2,-15.3,0.0,-0.0,-3.9,-0.0,1594,565,0,12,14
219,31.31,33524,409.23,409.02,-0.21,-20.8,-17.4,0.0,-0.0,-3.4,-0.0,1607,579,0,13,16
220,31.48,33526,409.25,409.01,-0.24,-24.0,-20.5,0.0,-0.0,-3.5,-0.0,1632,611,0,14,19
221,31.57,33526,409.25,409.00,-0.26,-25.4,-21.5,0.0,-0.0,-3.9,-0.0,1632,611,0,15,20
222,31.75,33524,409.23,408.99,-0.24,-24.2,-20.5,0.0,-0.0,-3.7,-0.0,1607,584,0,15,18
223,31.91,33523,409.22,408.97,-0.24,-24.0,-20.5,0.0,-0.0,-3.6,-0.0,1594,569,0,15,18
224,32.08,33523,409.22,408.96,-0.26,-25.4,-21.5,0.0,-0.0,-3.9,-0.0,1594,568,0,16,19
225,32.17,33521,409.19,408.95,-0.24,-24.3,-20.5,0.0,0.0,-3.9,-0.0,1569,537,0,16,17
226,32.34,33519,409.17,408.94,-0.23,-23.2,-19.4,0.0,0.0,-3.7,-0.0,1544,513,0,16,16
227,32.43,33517,409.14,408.93,-0.21,-21.4,-17.4,0.0,0.0,-4.0,-0.0,1519,484,0,15,14
228,32.60,33518,409.16,408.92,-0.23,-23.1,-19.4,0.0,0.0,-3.6,-0.0,1532,501,0,16,16
229,32.77,33516,409.13,408.90,-0.23,-23.3,-19.4,0.0,0.0,-3.8,-0.0,1507,473,0,17,15
230,32.86,33516,409.13,408.90,-0.23,-23.5,-19.4,0.0,0.0,-4.1,-0.0,1507,475,0,17,15
231,33.01,33514,409.11,408.88,-0.22,-22.2,-18.4,0.0,0.0,-3.8,-0.0,1482,451,0,17,14
232,33.18,33513,409.09,408.87,-0.22,-22.0,-18.4,0.0,0.0,-3.6,-0.0,1469,439,0,17,13
233,33.35,33512,409.08,408.86,-0.22,-22.2,-18.4,0.0,0.0,-3.8,-0.0,1457,424,0,17,13
234,33.43,33511,409.07,408.85,-0.22,-22.5,-18.4,0.0,0.0,-4.0,-0.0,1444,412,0,18,13
235,33.60,33510,409.06,408.84,-0.22,-22.0,-18.4,0.0,0.0,-3.6,-0.0,1432,402,0,17,12
236,33.78,33507,409.02,408.82,-0.20,-20.5,-16.4,0.0,0.0,-4.1,-0.0,1394,359,0,17,10
237,33.87,33505,409.00,408.81,-0.18,-19.6,-15.3,0.0,0.0,-4.3,-0.0,1369,332,0,17,9
238,34.03,33502,408.96,408.80,-0.16,-17.2,-13.3,0.0,0.0,-3.9,-0.0,1332,294,0,15,7
239,34.20,33503,408.97,408.78,-0.18,-19.2,-15.3,0.0,0.0,-3.9,-0.0,1344,310,0,17,9
240,34.29,33503,408.97,408.78,-0.20,-20.5,-16.4,0.0,0.0,-4.1,-0.0,1344,309,0,18,9
241,34.46,33499,408.92,408.76,-0.16,-17.1,-13.3,0.0,0.0,-3.8,-0.0,1294,259,0,15,6
242,34.63,33497,408.90,408.75,-0.15,-16.4,-12.3,0.0,0.0,-4.1,-0.0,1269,233,0,15,6
243,34.71,33497,408.90,408.74,-0.16,-16.9,-13.3,0.0,0.0,-3.6,-0.0,1269,238,0,15,6
244,34.87,33494,408.86,408.73,-0.13,-15.1,-11.2,0.0,0.0,-3.9,-0.0,1232,195,0,14,4
245,35.04,33494,408.86,408.71,-0.15,-16.4,-12.3,0.0,0.0,-4.1,-0.0,1232,196,0,15,5
246,35.20,33489,408.80,408.70,-0.10,-12.3,-8.2,0.0,0.0,-4.1,-0.0,1169,132,0,12,2
247,35.29,33489,408.80,408.69,-0.11,-13.4,-9.2,0.0,0.0,-4.2,-0.0,1169,132,0,13,3
248,35.45,33490,408.81,408.68,-0.13,-15.1,-11.2,0.0,0.0,-3.9,-0.0,1182,151,0,14,3
249,35.62,33488,408.79,408.66,-0.13,-15.5,-11.2,0.0,0.0,-4.2,-0.0,1157,124,0,15,3
250,35.71,33486,408.76,408.65,-0.11,-13.8,-9.2,0.0,0.0,-4.6,-0.0,1132,95,0,13,2
251,35.88,33485,408.75,408.64,-0.11,-12.9,-9.2,0.0,-0.0,-3.7,-0.0,1119,90,0,12,2
252,36.04,33483,408.73,408.62,-0.11,-13.2,-9.2,0.0,0.0,-4.0,-0.0,1094,61,0,13,1
253,36.21,33480,408.69,408.61,-0.09,-11.3,-7.2,0.0,0.0,-4.2,-0.0,1057,18,0,11,0
254,36.30,33480,408.69,408.60,-0.10,-12.7,-8.2,0.0,0.0,-4.5,-0.0,1057,20,0,12,0
255,36.47,33477,408.65,408.58,-0.07,-10.1,-6.1,0.0,0.0,-4.0,-0.0,1019,4079,0,10,0
256,36.64,33478,408.67,408.57,-0.10,-12.6,-8.2,0.0,0.0,-4.4,-0.0,1032,4093,0,12,0
257,36.73,33477,408.65,408.56,-0.10,-12.6,-8.2,0.0,0.0,-4.4,-0.0,1019,4082,0,12,0
258,36.89,33475,408.63,408.55,-0.09,-11.5,-7.2,0.0,0.0,-4.3,-0.0,994,4058,0,11,-1
259,37.06,33475,408.63,408.53,-0.10,-12.5,-8.2,0.0,-0.0,-4.3,-0.0,994,4060,0,12,-1
260,37.14,33474,408.62,408.52,-0.10,-12.2,-8.2,0.0,-0.0,-4.0,-0.0,982,4050,0,12,-1
261,37.30,33473,408.61,408.51,-0.10,-12.5,-8.2,0.0,0.0,-4.3,-0.0,969,4033,0,12,-1
262,37.46,33473,408.61,408.49,-0.11,-13.3,-9.2,0.0,-0.0,-4.1,-0.0,969,4035,0,13,-1
263,37.63,33469,408.56,408.48,-0.09,-11.5,-7.2,0.0,0.0,-4.3,-0.0,919,3982,0,11,-2
264,37.70,33469,408.56,408.47,-0.09,-11.1,-7.2,0.0,0.0,-3.9,-0.0,919,3983,0,11,-2
265,37.87,33469,408.56,408.45,-0.10,-12.5,-8.2,0.0,-0.0,-4.3,-0.0,919,3986,0,12,-2
266,38.03,33467,408.53,408.44,-0.10,-12.4,-8.2,0.0,0.0,-4.2,-0.0,894,3955,0,12,-3
267,38.19,33466,408.52,408.42,-0.10,-12.5,-8.2,0.0,-0.0,-4.3,-0.0,882,3948,0,12,-3
268,38.28,33465,408.51,408.42,-0.10,-12.5,-8.2,0.0,-0.0,-4.3,-0.0,869,3935,0,12,-3
269,38.43,33463,408.48,408.40,-0.09,-11.4,-7.2,0.0,0.0,-4.2,-0.0,844,3907,0,11,-3
270,38.60,33463,408.48,408.38,-0.10,-12.3,-8.2,0.0,0.0,-4.2,-0.0,844,3907,0,11,-3
271,38.76,33462,408.47,408.37,-0.10,-12.5,-8.2,0.0,0.0,-4.3,-0.0,832,3896,0,12,-4
272,38.93,33462,408.47,408.35,-0.12,-14.9,-10.2,0.0,-0.0,-4.6,-0.0,832,3899,0,14,-4
273,39.02,33461,408.46,408.34,-0.12,-15.2,-10.2,0.0,-0.0,-4.9,-0.0,819,3888,0,14,-5
274,39.18,33462,408.47,408.33,-0.15,-16.3,-12.3,0.0,-0.0,-4.0,-0.0,832,3903,0,15,-5
275,39.35,33459,408.44,408.31,-0.12,-14.8,-10.2,0.0,-0.0,-4.6,-0.0,794,3861,0,13,-5
276,39.44,33459,408.44,408.30,-0.13,-16.0,-11.2,0.0,-0.0,-4.8,-0.0,794,3861,0,15,-5
277,39.61,33461,408.46,408.29,-0.17,-18.7,-14.3,0.0,-0.0,-4.4,-0.0,819,3890,0,17,-6
278,39.78,33461,408.46,408.27,-0.20,-20.7,-16.4,0.0,-0.0,-4.4,-0.0,819,3891,0,19,-6
279,39.85,33460,408.45,408.26,-0.18,-19.7,-15.3,0.0,-0.0,-4.4,-0.0,807,3876,0,18,-6
280,40.02,33459,408.44,408.24,-0.20,-20.7,-16.4,0.0,-0.0,-4.3,-0.0,794,3866,0,19,-7
281,40.18,33459,408.44,408.23,-0.21,-21.9,-17.4,0.0,-0.0,-4.5,-0.0,794,3863,0,20,-7
282,40.36,33455,408.39,408.21,-0.17,-19.2,-14.3,0.0,0.0,-4.9,-0.0,744,3806,0,17,-8
283,40.44,33455,408.39,408.20,-0.18,-19.9,-15.3,0.0,0.0,-4.6,-0.0,744,3807,0,17,-8
284,40.60,33455,408.39,408.19,-0.20,-21.0,-16.4,0.0,-0.0,-4.7,-0.0,744,3810,0,18,-9
285,40.76,33452,408.35,408.17,-0.18,-20.1,-15.3,0.0,0.0,-4.8,-0.0,707,3766,0,17,-9
286,40.85,33451,408.34,408.16,-0.18,-20.5,-15.3,0.0,0.0,-5.2,-0.0,694,3753,0,17,-10
287,41.01,33452,408.35,408.14,-0.21,-21.9,-17.4,0.0,-0.0,-4.5,-0.0,707,3775,0,19,-10
288,41.18,33450,408.33,408.13,-0.20,-20.8,-16.4,0.0,0.0,-4.4,-0.0,682,3747,0,17,-10
289,41.35,33448,408.30,408.11,-0.20,-21.4,-16.4,0.0,-0.0,-5.0,-0.0,657,3723,0,17,-11
290,41.44,33448,408.30,408.10,-0.21,-22.5,-17.4,0.0,-0.0,-5.1,-0.0,657,3723,0,18,-12
291,41.61,33446,408.28,408.08,-0.20,-21.2,-16.4,0.0,-0.0,-4.8,-0.0,632,3696,0,17,-12
292,41.77,33446,408.28,408.07,-0.21,-22.0,-17.4,0.0,0.0,-4.7,-0.0,632,3697,0,17,-12
293,41.85,33444,408.25,408.06,-0.20,-21.3,-16.4,0.0,0.0,-4.9,-0.0,607,3670,0,16,-13
294,42.01,33445,408.26,408.04,-0.22,-23.0,-18.4,0.0,-0.0,-4.6,-0.0,619,3687,0,18,-13
295,42.19,33441,408.22,408.02,-0.20,-21.4,-16.4,0.0,0.0,-5.0,-0.0,569,3632,0,16,-14
296,42.28,33440,408.20,408.01,-0.20,-21.5,-16.4,0.0,0.0,-5.1,-0.0,557,3619,0,15,-14
297,42.44,33437,408.17,407.99,-0.17,-18.9,-14.3,0.0,0.0,-4.6,-0.0,519,3578,0,13,-13
298,42.62,33437,408.17,407.98,-0.20,-21.3,-16.4,0.0,0.0,-4.9,-0.0,519,3581,0,15,-15
299,42.70,33436,408.15,407.97,-0.18,-20.4,-15.3,0.0,0.0,-5.1,-0.0,507,3565,0,14,-14
300,42.87,33434,408.13,407.95,-0.18,-20.0,-15.3,0.0,0.0,-4.7,-0.0,482,3544,0,13,-15
301,43.03,33432,408.11,407.93,-0.17,-19.6,-14.3,0.0,0.0,-5.3,-0.0,457,3519,0,12,-15
302,43.20,33430,408.08,407.91,-0.17,-19.2,-14.3,0.0,0.0,-4.9,-0.0,432,3494,0,11,-15
303,43.29,33428,408.06,407.90,-0.16,-18.6,-13.3,0.0,0.0,-5.3,-0.0,407,3465,0,10,-15
304,43.46,33426,408.03,407.88,-0.15,-17.1,-12.3,0.0,0.0,-4.8,-0.0,382,3441,0,9,-14
305,43.63,33426,408.03,407.87,-0.17,-19.5,-14.3,0.0,0.0,-5.2,-0.0,382,3445,0,10,-16
306,43.71,33424,408.01,407.86,-0.15,-17.8,-12.3,0.0,0.0,-5.5,-0.0,357,3416,0,9,-15
307,43.88,33417,407.92,407.84,-0.09,-12.2,-7.2,0.0,0.0,-5.1,-0.0,269,3322,0,4,-11
308,44.05,33418,407.93,407.82,-0.11,-14.1,-9.2,0.0,0.0,-4.9,-0.0,282,3341,0,5,-13
309,44.14,33417,407.92,407.81,-0.11,-14.6,-9.2,0.0,0.0,-5.4,-0.0,269,3327,0,5,-13
310,44.30,33415,407.90,407.79,-0.11,-14.8,-9.2,0.0,0.0,-5.6,-0.0,244,3298,0,5,-13
311,44.47,33412,407.86,407.77,-0.09,-12.0,-7.2,0.0,0.0,-4.9,-0.0,207,3269,0,3,-11
312,44.56,33409,407.82,407.76,-0.06,-10.7,-5.1,0.0,0.0,-5.6,-0.0,169,3228,0,2,-10
313,44.73,33407,407.80,407.74,-0.06,-10.3,-5.1,0.0,0.0,-5.2,-0.0,144,3200,0,2,-10
314,44.90,33401,407.73,407.73,0.00,-5.2,0.0,0.0,0.0,-5.2,-0.0,69,3119,0,0,-5
315,44.98,33401,407.73,407.72,-0.01,-6.0,-1.0,0.0,0.0,-5.0,-0.0,69,3121,0,0,-6
316,45.14,33401,407.73,407.70,-0.02,-7.0,-2.0,0.0,0.0,-5.0,-0.0,69,3125,0,1,-7
317,45.32,33400,407.71,407.68,-0.04,-8.5,-3.1,0.0,0.0,-5.5,-0.0,57,3115,0,1,-8
318,45.40,33399,407.70,407.67,-0.04,-8.6,-3.1,0.0,0.0,-5.5,-0.0,44,3103,0,0,-8
319,45.58,33397,407.68,407.65,-0.02,-7.3,-2.0,0.0,-0.0,-5.3,-0.0,19,3085,0,0,-7
320,45.73,33392,407.62,407.63,0.01,-4.2,1.0,0.0,0.0,-5.2,-0.0,4053,3013,0,0,-4
321,45.90,33391,407.60,407.61,0.01,-4.1,1.0,0.0,0.0,-5.1,-0.0,4040,3003,0,0,-4
322,45.98,33391,407.60,407.60,0.00,-5.4,0.0,0.0,0.0,-5.4,-0.0,4040,3002,0,-1,-5
323,46.15,33388,407.57,407.58,0.01,-4.3,1.0,0.0,0.0,-5.3,-0.0,4003,2965,0,-1,-4
324,46.31,33386,407.54,407.56,0.02,-3.1,2.0,0.0,0.0,-5.2,-0.0,3978,2941,0,-1,-3
325,46.47,33386,407.54,407.55,0.00,-5.2,0.0,0.0,-0.0,-5.2,-0.0,3978,2947,0,-1,-5
326,46.56,33386,407.54,407.54,-0.01,-6.6,-1.0,0.0,-0.0,-5.5,-0.0,3978,2946,0,-1,-6
327,46.72,33386,407.54,407.52,-0.02,-7.2,-2.0,0.0,-0.0,-5.1,-0.0,3978,2950,0,-1,-7
328,46.89,33380,407.47,407.50,0.02,-3.1,2.0,0.0,0.0,-5.1,-0.0,3903,2869,0,-1,-3
329,47.05,33380,407.47,407.48,0.01,-4.3,1.0,0.0,0.0,-5.3,-0.0,3903,2870,0,-1,-4
330,47.13,33380,407.47,407.47,0.00,-5.5,0.0,0.0,0.0,-5.5,-0.0,3903,2870,0,-2,-5
331,47.31,33380,407.47,407.45,-0.02,-7.8,-2.0,0.0,-0.0,-5.7,-0.0,3903,2869,0,-2,-7
332,47.48,33378,407.45,407.43,-0.02,-7.5,-2.0,0.0,-0.0,-5.5,-0.0,3878,2849,0,-2,-7
333,47.56,33376,407.42,407.42,0.00,-5.7,0.0,0.0,-0.0,-5.7,-0.0,3853,2823,0,-2,-5
334,47.73,33375,407.41,407.40,-0.01,-6.4,-1.0,0.0,-0.0,-5.4,-0.0,3840,2809,0,-2,-6
335,47.89,33376,407.42,407.38,-0.05,-9.5,-4.1,0.0,-0.0,-5.4,-0.0,3853,2823,0,-3,-9
336,47.98,33378,407.45,407.37,-0.07,-11.8,-6.1,0.0,-0.0,-5.7,-0.0,3878,2851,0,-4,-11
337,48.15,33377,407.43,407.35,-0.09,-12.7,-7.2,0.0,-0.0,-5.6,-0.0,3865,2840,0,-4,-12
338,48.32,33379,407.46,407.33,-0.13,-16.5,-11.2,0.0,-0.0,-5.3,-0.0,3890,2872,0,-5,-15
339,48.40,33378,407.45,407.32,-0.13,-17.1,-11.2,0.0,-0.0,-5.9,-0.0,3878,2859,0,-5,-16
340,48.57,33376,407.42,407.30,-0.12,-15.9,-10.2,0.0,-0.0,-5.7,-0.0,3853,2829,0,-6,-14
341,48.74,33376,407.42,407.28,-0.15,-18.0,-12.3,0.0,-0.0,-5.7,-0.0,3853,2829,0,-6,-16
342,48.83,33376,407.42,407.26,-0.16,-19.4,-13.3,0.0,-0.0,-6.1,-0.0,3853,2827,0,-7,-17
343,49.01,33376,407.42,407.24,-0.18,-21.4,-15.3,0.0,-0.0,-6.0,-0.0,3853,2824,0,-8,-19
344,49.17,33377,407.43,407.22,-0.21,-23.1,-17.4,0.0,-0.0,-5.7,-0.0,3865,2842,0,-8,-21
345,49.27,33378,407.45,407.21,-0.23,-25.5,-19.4,0.0,-0.0,-6.0,-0.0,3878,2857,0,-8,-23
346,49.43,33375,407.41,407.19,-0.22,-23.9,-18.4,0.0,-0.0,-5.5,-0.0,3840,2815,0,-9,-21
347,49.61,33375,407.41,407.17,-0.24,-26.3,-20.5,0.0,-0.0,-5.8,-0.0,3840,2815,0,-10,-23
348,49.76,33374,407.40,407.15,-0.24,-25.9,-20.5,0.0,-0.0,-5.5,-0.0,3828,2801,0,-10,-23
349,49.85,33372,407.37,407.14,-0.23,-25.4,-19.4,0.0,-0.0,-5.9,-0.0,3803,2771,0,-11,-22
350,50.01,33372,407.37,407.12,-0.26,-27.0,-21.5,0.0,-0.0,-5.5,-0.0,3803,2772,0,-12,-23
351,50.18,33369,407.34,407.10,-0.24,-26.2,-20.5,0.0,-0.0,-5.7,-0.0,3765,2732,0,-13,-22
352,50.27,33369,407.34,407.09,-0.24,-26.4,-20.5,0.0,0.0,-6.0,-0.0,3765,2732,0,-13,-22
353,50.43,33371,407.36,407.07,-0.29,-30.2,-24.5,0.0,-0.0,-5.6,-0.0,3790,2762,0,-13,-26
354,50.60,33366,407.30,407.04,-0.26,-27.3,-21.5,0.0,-0.0,-5.8,-0.0,3728,2695,0,-14,-22
355,50.69,33365,407.29,407.03,-0.26,-27.8,-21.5,0.0,0.0,-6.3,-0.0,3715,2680,0,-15,-22
356,50.86,33363,407.26,407.01,-0.26,-27.4,-21.5,0.0,-0.0,-6.0,-0.0,3690,2657,0,-16,-21
357,51.03,33361,407.24,406.99,-0.24,-26.2,-20.5,0.0,0.0,-5.8,-0.0,3665,2628,0,-16,-20
358,51.12,33359,407.21,406.98,-0.23,-25.4,-19.4,0.0,0.0,-6.0,-0.0,3640,2598,0,-16,-18
359,51.29,33355,407.17,406.96,-0.21,-23.1,-17.4,0.0,0.0,-5.7,-0.0,3590,2550,0,-16,-16
360,51.46,33355,407.17,406.93,-0.23,-25.2,-19.4,0.0,0.0,-5.7,-0.0,3590,2552,0,-17,-17
361,51.54,33355,407.17,406.92,-0.24,-26.2,-20.5,0.0,0.0,-5.8,-0.0,3590,2555,0,-18,-18
362,51.71,33351,407.12,406.90,-0.22,-24.0,-18.4,0.0,0.0,-5.6,-0.0,3540,2502,0,-18,-15
363,51.87,33350,407.10,406.88,-0.22,-24.2,-18.4,0.0,0.0,-5.8,-0.0,3528,2494,0,-18,-15
364,52.04,33348,407.08,406.86,-0.22,-24.1,-18.4,0.0,0.0,-5.7,-0.0,3503,2469,0,-19,-14
365,52.13,33344,407.03,406.85,-0.18,-21.9,-15.3,0.0,0.0,-6.6,-0.0,3453,2411,0,-18,-11
366,52.30,33340,406.98,406.83,-0.16,-19.2,-13.3,0.0,0.0,-5.9,-0.0,3403,2357,0,-17,-9
367,52.45,33341,406.99,406.81,-0.18,-21.2,-15.3,0.0,0.0,-5.9,-0.0,3415,2378,0,-18,-10
368,52.54,33339,406.97,406.79,-0.17,-20.6,-14.3,0.0,0.0,-6.3,-0.0,3390,2349,0,-18,-9
369,52.70,33335,406.92,406.77,-0.15,-18.2,-12.3,0.0,0.0,-5.9,-0.0,3340,2297,0,-16,-7
370,52.88,33333,406.90,406.75,-0.15,-18.6,-12.3,0.0,0.0,-6.3,-0.0,3315,2278,0,-17,-6
371,53.04,33327,406.82,406.73,-0.10,-14.1,-8.2,0.0,0.0,-5.9,-0.0,3240,2197,0,-13,-3
372,53.13,33327,406.82,406.72,-0.11,-15.4,-9.2,0.0,0.0,-6.2,-0.0,3240,2195,0,-15,-3
373,53.30,33322,406.76,406.69,-0.07,-12.3,-6.1,0.0,0.0,-6.1,-0.0,3178,2133,0,-12,-2
374,53.46,33317,406.70,406.67,-0.02,-8.0,-2.0,0.0,0.0,-6.0,-0.0,3115,2068,0,-8,0
375,53.55,33317,406.70,406.66,-0.04,-9.4,-3.1,0.0,0.0,-6.4,-0.0,3115,2066,0,-9,0
376,53.71,33313,406.65,406.64,-0.01,-7.0,-1.0,0.0,0.0,-6.0,-0.0,3065,2021,0,-7,0
377,53.88,33312,406.64,406.62,-0.02,-8.2,-2.0,0.0,0.0,-6.1,-0.0,3053,2011,0,-8,0
378,53.96,33311,406.63,406.60,-0.02,-8.5,-2.0,0.0,0.0,-6.4,-0.0,3040,1999,0,-8,1
379,54.13,33305,406.56,406.58,0.02,-4.0,2.0,0.0,0.0,-6.0,-0.0,2965,1923,0,-4,1
380,54.30,33305,406.56,406.56,0.00,-6.4,0.0,0.0,0.0,-6.4,-0.0,2965,1924,0,-6,1
381,54.47,33301,406.51,406.54,0.02,-4.1,2.0,0.0,0.0,-6.2,-0.0,2915,1875,0,-4,1
382,54.56,33297,406.46,406.52,0.06,-1.5,5.1,0.0,0.0,-6.6,-0.0,2865,1818,0,-1,0
383,54.72,33296,406.45,406.50,0.06,-0.9,5.1,0.0,0.0,-6.0,-0.0,2853,1812,0,-1,0
384,54.90,33294,406.42,406.48,0.06,-1.4,5.1,0.0,0.0,-6.5,-0.0,2828,1787,0,-1,1
385,54.99,33292,406.40,406.47,0.07,-0.8,6.1,0.0,0.0,-7.0,-0.0,2803,1758,0,-1,0
386,55.15,33288,406.35,406.44,0.10,1.9,8.2,0.0,0.0,-6.3,-0.0,2753,3758,0,2,-1
387,55.31,33289,406.36,406.42,0.06,-1.4,5.1,0.0,0.0,-6.5,-0.0,2765,1729,0,-1,1
388,55.40,33287,406.34,406.41,0.07,-0.5,6.1,0.0,0.0,-6.6,-0.0,2740,1702,0,0,0
389,55.57,33284,406.30,406.38,0.09,0.7,7.2,0.0,0.0,-6.5,-0.0,2703,3712,0,1,0
390,55.74,33283,406.29,406.36,0.07,0.0,6.1,0.0,-0.0,-6.1,-0.0,2690,3707,0,0,0
391,55.82,33282,406.27,406.35,0.07,-0.7,6.1,0.0,-0.0,-6.9,-0.0,2678,1644,0,-1,0
392,55.99,33282,406.27,406.33,0.05,-2.1,4.1,0.0,-0.0,-6.1,-0.0,2678,1644,0,-2,1
393,56.16,33283,406.29,406.30,0.01,-5.2,1.0,0.0,-0.0,-6.3,-0.0,2690,1665,0,-4,3
394,56.25,33281,406.26,406.29,0.02,-4.8,2.0,0.0,-0.0,-6.8,-0.0,2665,1636,0,-4,3
395,56.41,33280,406.25,406.27,0.01,-5.3,1.0,0.0,-0.0,-6.3,-0.0,2653,1625,0,-4,3
396,56.57,33279,406.24,406.24,0.01,-5.4,1.0,0.0,-0.0,-6.4,-0.0,2640,1610,0,-4,3
397,56.73,33277,406.21,406.22,0.01,-5.3,1.0,0.0,-0.0,-6.3,-0.0,2615,1583,0,-4,3
398,56.89,33277,406.21,406.20,-0.01,-7.1,-1.0,0.0,-0.0,-6.0,-0.0,2615,1585,0,-5,4
399,56.98,33275,406.19,406.19,0.00,-7.2,0.0,0.0,-0.0,-7.2,-0.0,2590,1556,0,-5,5
400,57.15,33274,406.18,406.16,-0.01,-8.1,-1.0,0.0,-0.0,-7.1,-0.0,2578,1546,0,-6,5
401,57.32,33276,406.20,406.14,-0.06,-11.3,-5.1,0.0,-0.0,-6.2,-0.0,2603,1576,0,-8,7
402,57.40,33274,406.18,406.13,-0.05,-10.9,-4.1,0.0,-0.0,-6.8,-0.0,2578,1549,0,-8,7
403,57.57,33273,406.16,406.10,-0.06,-11.4,-5.1,0.0,-0.0,-6.3,-0.0,2565,1535,0,-8,8
404,57.73,33270,406.13,406.08,-0.05,-10.4,-4.1,0.0,-0.0,-6.3,-0.0,2528,1498,0,-7,8
405,57.89,33270,406.13,406.05,-0.07,-12.6,-6.1,0.0,-0.0,-6.5,-0.0,2528,1497,0,-8,9
406,57.97,33270,406.13,406.04,-0.09,-13.2,-7.2,0.0,-0.0,-6.0,-0.0,2528,1496,0,-8,10
407,58.13,33272,406.15,406.02,-0.13,-17.6,-11.2,0.0,-0.0,-6.4,-0.0,2553,1528,0,-12,12
408,58.31,33272,406.15,405.99,-0.16,-20.1,-13.3,0.0,-0.0,-6.8,-0.0,2553,1529,0,-14,14
409,58.39,33274,406.18,405.98,-0.20,-23.3,-16.4,0.0,-0.0,-6.9,-0.0,2578,1560,0,-17,15
410,58.56,33270,406.13,405.96,-0.17,-20.9,-14.3,0.0,-0.0,-6.5,-0.0,2528,1504,0,-14,15
411,58.72,33271,406.14,405.93,-0.21,-23.9,-17.4,0.0,-0.0,-6.6,-0.0,2540,1517,0,-16,17
412,58.90,33270,406.13,405.91,-0.22,-25.4,-18.4,0.0,-0.0,-7.0,-0.0,2528,1501,0,-16,18
413,58.98,33270,406.13,405.90,-0.23,-26.9,-19.4,0.0,-0.0,-7.5,-0.0,2528,1501,0,-17,19
414,59.15,33267,406.09,405.87,-0.22,-25.1,-18.4,0.0,-0.0,-6.7,-0.0,2490,1456,0,-15,19
415,59.32,33267,406.09,405.85,-0.24,-27.0,-20.5,0.0,-0.0,-6.5,-0.0,2490,1460,0,-16,20
416,59.40,33267,406.09,405.83,-0.26,-28.5,-21.5,0.0,-0.0,-7.1,-0.0,2490,1460,0,-17,22
417,59.58,33264,406.05,405.81,-0.24,-27.3,-20.5,0.0,-0.0,-6.9,-0.0,2453,1420,0,-15,22
418,59.74,33263,406.04,405.78,-0.26,-28.0,-21.5,0.0,-0.0,-6.6,-0.0,2440,1407,0,-15,23
419,59.83,33262,406.03,405.77,-0.26,-28.6,-21.5,0.0,-0.0,-7.1,-0.0,2428,1396,0,-15,23
420,59.98,33261,406.02,405.75,-0.27,-29.2,-22.5,0.0,-0.0,-6.7,-0.0,2415,1382,0,-15,24
421,60.15,33258,405.98,405.72,-0.26,-28.4,-21.5,0.0,-0.0,-6.9,-0.0,2378,1343,0,-13,24
422,60.31,33257,405.97,405.70,-0.27,-29.5,-22.5,0.0,-0.0,-7.0,-0.0,2365,1332,0,-13,25
423,60.39,33257,405.97,405.69,-0.28,-30.4,-23.5,0.0,-0.0,-6.8,-0.0,2365,1332,0,-13,26
424,60.55,33252,405.91,405.66,-0.24,-27.1,-20.5,0.0,0.0,-6.6,-0.0,2303,1264,0,-9,24
425,60.72,33249,405.87,405.63,-0.23,-26.4,-19.4,0.0,0.0,-7.0,-0.0,2265,1227,0,-8,24
426,60.89,33245,405.82,405.61,-0.21,-24.2,-17.4,0.0,0.0,-6.8,-0.0,2215,1172,0,-5,23
427,60.98,33241,405.77,405.60,-0.18,-23.0,-15.3,0.0,0.0,-7.7,-0.0,2165,1115,0,-3,22
428,61.15,33237,405.73,405.57,-0.16,-20.2,-13.3,0.0,0.0,-6.9,-0.0,2115,1066,0,-1,20
429,61.31,33236,405.71,405.54,-0.17,-21.0,-14.3,0.0,0.0,-6.7,-0.0,2103,1058,0,-1,20
430,61.40,33234,405.69,405.53,-0.16,-20.7,-13.3,0.0,0.0,-7.4,-0.0,2078,1031,0,0,20
431,61.57,33231,405.65,405.51,-0.15,-19.0,-12.3,0.0,0.0,-6.8,-0.0,2040,996,0,1,18
432,61.74,33227,405.60,405.48,-0.12,-17.0,-10.2,0.0,0.0,-6.8,-0.0,1990,950,0,2,16
433,61.83,33224,405.57,405.47,-0.10,-15.8,-8.2,0.0,0.0,-7.6,-0.0,1953,909,0,3,15
434,62.00,33219,405.51,405.44,-0.06,-12.3,-5.1,0.0,0.0,-7.1,-0.0,1890,841,0,3,11
435,62.16,33215,405.46,405.41,-0.05,-11.0,-4.1,0.0,0.0,-6.9,-0.0,1840,790,0,4,10
436,62.25,33215,405.46,405.40,-0.06,-12.2,-5.1,0.0,0.0,-7.1,-0.0,1840,792,0,4,11
437,62.42,33212,405.42,405.37,-0.05,-11.1,-4.1,0.0,0.0,-7.0,-0.0,1803,757,0,4,10
438,62.59,33210,405.40,405.35,-0.05,-11.3,-4.1,0.0,0.0,-7.2,-0.0,1778,738,0,5,10
439,62.68,33208,405.37,405.33,-0.04,-10.6,-3.1,0.0,0.0,-7.6,-0.0,1753,712,0,5,9
440,62.84,33204,405.32,405.31,-0.01,-8.0,-1.0,0.0,0.0,-7.0,-0.0,1703,663,0,4,7
441,63.01,33199,405.26,405.28,0.02,-5.5,2.0,0.0,0.0,-7.5,-0.0,1640,593,0,3,4
442,63.10,33199,405.26,405.27,0.00,-7.5,0.0,0.0,0.0,-7.5,-0.0,1640,596,0,4,6
443,63.27,33194,405.20,405.24,0.04,-4.0,3.1,0.0,0.0,-7.1,-0.0,1578,531,0,3,3
444,63.44,33189,405.14,405.21,0.07,-0.9,6.1,0.0,0.0,-7.1,-0.0,1515,466,0,1,1
445,63.60,33187,405.11,405.19,0.07,-1.0,6.1,0.0,0.0,-7.1,-0.0,1490,443,0,1,1
446,63.69,33186,405.10,405.17,0.07,-1.9,6.1,0.0,0.0,-8.1,-0.0,1478,433,0,1,1
447,63.85,33186,405.10,405.15,0.05,-3.0,4.1,0.0,0.0,-7.1,-0.0,1478,438,0,2,2
448,64.02,33182,405.05,405.12,0.06,-2.3,5.1,0.0,-0.0,-7.4,-0.0,1428,392,0,2,1
449,64.10,33182,405.05,405.11,0.05,-3.5,4.1,0.0,-0.0,-7.6,-0.0,1428,393,0,3,2
450,64.28,33181,405.04,405.08,0.04,-4.3,3.1,0.0,-0.0,-7.4,-0.0,1415,382,0,4,2
451,64.45,33181,405.04,405.05,0.01,-6.0,1.0,0.0,-0.0,-7.1,-0.0,1415,384,0,5,3
452,64.53,33178,405.00,405.04,0.04,-4.1,3.1,0.0,-0.0,-7.2,-0.0,1378,342,0,3,2
453,64.69,33173,404.94,405.01,0.07,-1.1,6.1,0.0,0.0,-7.2,-0.0,1315,278,0,1,0
454,64.85,33172,404.93,404.99,0.05,-3.0,4.1,0.0,0.0,-7.1,-0.0,1303,266,0,3,1
455,65.03,33174,404.96,404.96,0.00,-7.7,0.0,0.0,-0.0,-7.7,-0.0,1328,293,0,7,3
456,65.11,33172,404.93,404.94,0.01,-6.7,1.0,0.0,0.0,-7.7,-0.0,1303,265,0,6,3
457,65.28,33171,404.92,404.92,0.00,-6.9,0.0,0.0,-0.0,-6.9,-0.0,1290,260,0,6,3
458,65.44,33170,404.91,404.89,-0.01,-8.2,-1.0,0.0,-0.0,-7.2,-0.0,1278,251,0,7,3
459,65.60,33169,404.90,404.86,-0.02,-9.2,-2.0,0.0,-0.0,-7.2,-0.0,1265,235,0,8,3
460,65.69,33167,404.87,404.85,-0.02,-10.4,-2.0,0.0,-0.0,-8.3,-0.0,1240,204,0,10,3
461,65.85,33166,404.86,404.82,-0.04,-10.7,-3.1,0.0,-0.0,-7.6,-0.0,1228,196,0,10,3
462,66.02,33167,404.87,404.79,-0.07,-13.8,-6.1,0.0,-0.0,-7.6,-0.0,1240,210,0,13,4
463,66.11,33168,404.88,404.78,-0.10,-16.0,-8.2,0.0,-0.0,-7.9,-0.0,1253,226,0,15,5
464,66.29,33166,404.86,404.75,-0.11,-17.1,-9.2,0.0,-0.0,-7.9,-0.0,1228,199,0,16,5
465,66.45,33166,404.86,404.72,-0.13,-18.4,-11.2,0.0,-0.0,-7.2,-0.0,1228,204,0,17,5
466,66.54,33166,404.86,404.71,-0.15,-20.6,-12.3,0.0,-0.0,-8.3,-0.0,1228,204,0,19,6
467,66.71,33166,404.86,404.68,-0.18,-23.0,-15.3,0.0,-0.0,-7.7,-0.0,1228,203,0,21,7
468,66.88,33167,404.87,404.65,-0.22,-25.8,-18.4,0.0,-0.0,-7.3,-0.0,1240,215,0,24,8
469,66.97,33165,404.85,404.64,-0.21,-26.1,-17.4,0.0,-0.0,-8.7,-0.0,1215,189,0,24,7
470,67.15,33164,404.83,404.61,-0.23,-27.4,-19.4,0.0,-0.0,-8.0,-0.0,1203,176,0,26,7
471,67.31,33167,404.87,404.58,-0.29,-31.9,-24.5,0.0,-0.0,-7.4,-0.0,1240,217,0,29,10
472,67.40,33165,404.85,404.57,-0.28,-31.7,-23.5,0.0,-0.0,-8.1,-0.0,1215,189,0,29,9
473,67.57,33162,404.81,404.54,-0.27,-29.9,-22.5,0.0,-0.0,-7.4,-0.0,1178,147,0,28,6
474,67.73,33161,404.80,404.51,-0.29,-32.1,-24.5,0.0,-0.0,-7.6,-0.0,1165,137,0,30,6
475,67.81,33159,404.77,404.50,-0.28,-31.1,-23.5,0.0,-0.0,-7.6,-0.0,1140,109,0,30,5
476,67.98,33157,404.75,404.47,-0.28,-31.0,-23.5,0.0,0.0,-7.5,-0.0,1115,77,0,30,4
477,68.14,33157,404.75,404.44,-0.31,-33.2,-25.6,0.0,-0.0,-7.6,-0.0,1115,81,0,32,4
478,68.23,33153,404.70,404.42,-0.28,-32.3,-23.5,0.0,-0.0,-8.8,-0.0,1065,26,0,31,1
479,68.40,33153,404.70,404.39,-0.31,-33.3,-25.6,0.0,-0.0,-7.8,-0.0,1065,29,0,32,1
480,68.56,33152,404.69,404.37,-0.32,-34.5,-26.6,0.0,-0.0,-7.9,-0.0,1053,20,0,33,1
481,68.73,33147,404.63,404.34,-0.29,-32.2,-24.5,0.0,0.0,-7.7,-0.0,990,4047,0,31,-2
482,68.82,33146,404.61,404.32,-0.29,-32.8,-24.5,0.0,0.0,-8.2,-0.0,978,4033,0,32,-3
483,68.99,33144,404.59,404.29,-0.29,-32.8,-24.5,0.0,0.0,-8.2,-0.0,953,4011,0,31,-4
484,69.15,33139,404.53,404.27,-0.27,-30.1,-22.5,0.0,0.0,-7.6,-0.0,890,3942,0,28,-7
485,69.24,33138,404.52,404.25,-0.27,-31.0,-22.5,0.0,0.0,-8.5,-0.0,878,3928,0,29,-8
486,69.41,33136,404.49,404.22,-0.27,-30.2,-22.5,0.0,0.0,-7.7,-0.0,853,3909,0,28,-8
487,69.57,33135,404.48,404.19,-0.29,-32.3,-24.5,0.0,0.0,-7.8,-0.0,840,3896,0,30,-9
488,69.66,33130,404.42,404.18,-0.24,-29.4,-20.5,0.0,0.0,-8.9,-0.0,778,3827,0,26,-11
489,69.83,33127,404.38,404.15,-0.23,-27.1,-19.4,0.0,0.0,-7.7,-0.0,740,3795,0,23,-12
490,70.00,33121,404.31,404.12,-0.20,-24.0,-16.4,0.0,0.0,-7.7,-0.0,665,3715,0,19,-13
491,70.09,33120,404.30,404.10,-0.20,-25.1,-16.4,0.0,0.0,-8.7,-0.0,653,3699,0,20,-14
492,70.26,33115,404.24,404.07,-0.16,-21.7,-13.3,0.0,0.0,-8.4,-0.0,590,3632,0,16,-14
493,70.43,33108,404.15,404.04,-0.11,-17.1,-9.2,0.0,0.0,-7.9,-0.0,503,3546,0,11,-12
494,70.59,33104,404.10,404.01,-0.09,-15.0,-7.2,0.0,0.0,-7.9,-0.0,453,3496,0,9,-12
495,70.68,33104,404.10,404.00,-0.10,-16.7,-8.2,0.0,0.0,-8.5,-0.0,453,3499,0,10,-13
496,70.84,33098,404.03,403.97,-0.06,-13.0,-5.1,0.0,0.0,-7.9,-0.0,378,3421,0,6,-11
497,71.01,33096,404.00,403.94,-0.06,-13.0,-5.1,0.0,0.0,-7.9,-0.0,353,3404,0,6,-11
498,71.09,33094,403.98,403.93,-0.05,-12.0,-4.1,0.0,0.0,-7.9,-0.0,328,3379,0,5,-10
499,71.26,33088,403.91,403.90,-0.01,-9.1,-1.0,0.0,0.0,-8.1,-0.0,253,3301,0,3,-8
500,71.42,33086,403.88,403.87,-0.01,-8.5,-1.0,0.0,0.0,-7.4,-0.0,228,3278,0,3,-8
501,71.58,33081,403.82,403.84,0.01,-7.0,1.0,0.0,0.0,-8.0,-0.0,165,3215,0,1,-7
502,71.67,33079,403.80,403.82,0.02,-6.3,2.0,0.0,0.0,-8.4,-0.0,140,3186,0,1,-6
503,71.83,33074,403.74,403.79,0.06,-2.8,5.1,0.0,0.0,-7.9,-0.0,78,3124,0,0,-3
504,72.00,33069,403.67,403.76,0.09,-0.7,7.2,0.0,0.0,-7.9,-0.0,15,3062,0,0,-1
505,72.09,33065,403.63,403.75,0.12,1.7,10.2,0.0,0.0,-8.6,-0.0,4061,956,0,0,2
506,72.25,33064,403.61,403.72,0.11,1.4,9.2,0.0,0.0,-7.8,-0.0,4049,953,0,0,1
507,72.42,33063,403.60,403.69,0.09,-0.9,7.2,0.0,0.0,-8.1,-0.0,4036,2993,0,0,-1
508,72.58,33057,403.53,403.66,0.13,2.9,11.2,0.0,0.0,-8.4,-0.0,3961,866,0,1,3
509,72.67,33055,403.50,403.64,0.13,2.3,11.2,0.0,0.0,-8.9,-0.0,3936,841,0,1,2
510,72.83,33055,403.50,403.61,0.11,1.1,9.2,0.0,0.0,-8.1,-0.0,3936,849,0,0,1
511,72.99,33054,403.49,403.58,0.09,-0.8,7.2,0.0,-0.0,-8.0,-0.0,3924,2887,0,0,-1
512,73.15,33046,403.39,403.55,0.16,5.3,13.3,0.0,0.0,-8.0,-0.0,3824,732,0,2,5
513,73.24,33046,403.39,403.54,0.15,3.6,12.3,0.0,0.0,-8.7,-0.0,3824,735,0,1,3
514,73.41,33043,403.36,403.51,0.15,4.1,12.3,0.0,0.0,-8.2,-0.0,3786,696,0,2,3
515,73.57,33041,403.33,403.48,0.15,4.2,12.3,0.0,0.0,-8.1,-0.0,3761,667,0,2,3
516,73.65,33039,403.31,403.46,0.16,5.1,13.3,0.0,0.0,-8.2,-0.0,3736,642,0,3,4
517,73.82,33038,403.30,403.43,0.13,3.3,11.2,0.0,-0.0,-8.0,-0.0,3724,641,0,2,3
518,73.98,33035,403.26,403.40,0.15,4.0,12.3,0.0,0.0,-8.2,-0.0,3686,598,0,2,3
519,74.14,33035,403.26,403.37,0.11,0.9,9.2,0.0,-0.0,-8.3,-0.0,3686,603,0,1,1
520,74.22,33035,403.26,403.36,0.10,-0.6,8.2,0.0,-0.0,-8.8,-0.0,3686,2652,0,0,-1
521,74.40,33032,403.22,403.32,0.10,-0.3,8.2,0.0,-0.0,-8.4,-0.0,3649,2616,0,0,0
522,74.56,33030,403.20,403.29,0.10,-0.1,8.2,0.0,-0.0,-8.3,-0.0,3624,2591,0,0,0
523,74.73,33028,403.17,403.26,0.09,-1.3,7.2,0.0,-0.0,-8.5,-0.0,3599,2565,0,-1,-1
524,74.82,33028,403.17,403.25,0.07,-3.0,6.1,0.0,-0.0,-9.2,-0.0,3599,2564,0,-2,-2
525,74.99,33027,403.16,403.21,0.05,-5.0,4.1,0.0,-0.0,-9.1,-0.0,3586,2553,0,-3,-3
526,75.15,33027,403.16,403.18,0.02,-6.3,2.0,0.0,-0.0,-8.4,-0.0,3586,2556,0,-4,-4
527,75.23,33027,403.16,403.17,0.01,-7.9,1.0,0.0,-0.0,-9.0,-0.0,3586,2557,0,-5,-5
528,75.40,33029,403.19,403.14,-0.05,-12.4,-4.1,0.0,-0.0,-8.3,-0.0,3611,2588,0,-8,-9
529,75.56,33025,403.14,403.11,-0.04,-11.4,-3.1,0.0,-0.0,-8.3,-0.0,3561,2533,0,-8,-7
530,75.73,33024,403.12,403.07,-0.05,-12.5,-4.1,0.0,-0.0,-8.4,-0.0,3549,2521,0,-9,-8
531,75.81,33025,403.14,403.06,-0.07,-14.7,-6.1,0.0,-0.0,-8.6,-0.0,3561,2534,0,-10,-10
532,75.98,33024,403.12,403.03,-0.10,-16.5,-8.2,0.0,-0.0,-8.3,-0.0,3549,2518,0,-12,-11
533,76.14,33025,403.14,403.00,-0.15,-21.2,-12.3,0.0,-0.0,-8.9,-0.0,3561,2532,0,-15,-14
534,76.23,33025,403.14,402.98,-0.16,-22.9,-13.3,0.0,-0.0,-9.6,-0.0,3561,2537,0,-16,-15
535,76.40,33026,403.15,402.95,-0.21,-26.0,-17.4,0.0,-0.0,-8.7,-0.0,3574,2553,0,-18,-18
536,76.57,33024,403.12,402.91,-0.21,-26.2,-17.4,0.0,-0.0,-8.8,-0.0,3549,2525,0,-19,-17
537,76.66,33024,403.12,402.90,-0.23,-28.8,-19.4,0.0,-0.0,-9.4,-0.0,3549,2525,0,-21,-19
538,76.83,33024,403.12,402.86,-0.26,-30.2,-21.5,0.0,-0.0,-8.7,-0.0,3549,2524,0,-22,-20
539,76.99,33023,403.11,402.83,-0.28,-32.0,-23.5,0.0,-0.0,-8.4,-0.0,3536,2509,0,-24,-20
540,77.08,33021,403.09,402.82,-0.27,-32.0,-22.5,0.0,-0.0,-9.5,-0.0,3511,2479,0,-24,-19
541,77.24,33018,403.05,402.78,-0.27,-31.0,-22.5,0.0,-0.0,-8.5,-0.0,3474,2441,0,-25,-17
542,77.41,33018,403.05,402.75,-0.31,-34.5,-25.6,0.0,-0.0,-8.9,-0.0,3474,2441,0,-28,-19
543,77.58,33017,403.04,402.72,-0.32,-35.4,-26.6,0.0,-0.0,-8.8,-0.0,3461,2428,0,-29,-19
544,77.66,33017,403.04,402.70,-0.34,-37.4,-28.6,0.0,-0.0,-8.8,-0.0,3461,2428,0,-30,-20
545,77.83,33013,402.99,402.67,-0.32,-35.0,-26.6,0.0,-0.0,-8.4,-0.0,3411,2377,0,-30,-16
546,77.99,33012,402.98,402.64,-0.34,-37.2,-28.6,0.0,-0.0,-8.6,-0.0,3399,2366,0,-32,-17
547,78.08,33012,402.98,402.62,-0.35,-38.9,-29.7,0.0,-0.0,-9.3,-0.0,3399,2366,0,-33,-18
548,78.25,33009,402.94,402.59,-0.35,-38.2,-29.7,0.0,-0.0,-8.6,-0.0,3361,2325,0,-34,-15
549,78.41,33006,402.91,402.56,-0.35,-38.4,-29.7,0.0,-0.0,-8.7,-0.0,3324,2288,0,-35,-13
550,78.57,32999,402.82,402.52,-0.29,-33.5,-24.5,0.0,0.0,-8.9,-0.0,3236,2191,0,-32,-7
551,78.67,32995,402.77,402.51,-0.27,-32.2,-22.5,0.0,0.0,-9.6,-0.0,3186,2135,0,-31,-4
552,78.83,32995,402.77,402.47,-0.29,-33.3,-24.5,0.0,0.0,-8.8,-0.0,3186,2141,0,-32,-5
553,79.00,32989,402.70,402.44,-0.26,-30.0,-21.5,0.0,0.0,-8.5,-0.0,3111,2060,0,-29,-1
554,79.09,32987,402.67,402.42,-0.24,-30.0,-20.5,0.0,0.0,-9.6,-0.0,3086,2032,0,-29,1
555,79.25,32985,402.65,402.39,-0.26,-30.2,-21.5,0.0,0.0,-8.7,-0.0,3061,2017,0,-29,1
556,79.42,32983,402.62,402.36,-0.27,-31.7,-22.5,0.0,0.0,-9.2,-0.0,3036,1994,0,-31,3
557,79.51,32976,402.54,402.34,-0.20,-25.8,-16.4,0.0,0.0,-9.5,-0.0,2949,1896,0,-24,6
558,79.67,32967,402.43,402.31,-0.12,-19.1,-10.2,0.0,0.0,-8.9,-0.0,2836,1780,0,-17,7
559,79.84,32963,402.38,402.27,-0.11,-18.1,-9.2,0.0,0.0,-8.9,-0.0,2786,1727,0,-15,8
560,80.01,32958,402.32,402.24,-0.07,-14.9,-6.1,0.0,0.0,-8.8,-0.0,2724,1661,0,-12,8
561,80.09,32956,402.29,402.22,-0.07,-15.8,-6.1,0.0,0.0,-9.7,-0.0,2699,1633,0,-12,9
562,80.26,32954,402.27,402.19,-0.09,-16.0,-7.2,0.0,0.0,-8.8,-0.0,2674,1625,0,-12,9
563,80.43,32950,402.22,402.16,-0.06,-13.9,-5.1,0.0,0.0,-8.8,-0.0,2624,1579,0,-10,9
564,80.52,32948,402.20,402.14,-0.06,-14.8,-5.1,0.0,0.0,-9.7,-0.0,2599,1552,0,-10,10
565,80.69,32941,402.11,402.10,-0.01,-9.7,-1.0,0.0,0.0,-8.7,-0.0,2511,1463,0,-6,7
566,80.85,32936,402.05,402.07,0.02,-7.0,2.0,0.0,0.0,-9.0,-0.0,2449,1399,0,-4,6
567,80.94,32932,402.00,402.05,0.05,-5.5,4.1,0.0,0.0,-9.6,-0.0,2399,1341,0,-3,5
568,81.11,32925,401.92,402.02,0.10,-0.7,8.2,0.0,0.0,-8.9,-0.0,2311,1252,0,0,1
569,81.29,32922,401.88,401.98,0.10,-1.3,8.2,0.0,0.0,-9.5,-0.0,2274,1213,0,0,1
570,81.37,32917,401.82,401.96,0.15,1.7,12.3,0.0,0.0,-10.6,-0.0,2211,3195,0,0,-2
571,81.54,32913,401.77,401.93,0.16,3.9,13.3,0.0,0.0,-9.4,-0.0,2161,3151,0,0,-4
572,81.71,32910,401.73,401.90,0.16,3.7,13.3,0.0,0.0,-9.6,-0.0,2124,3122,0,0,-4
573,81.80,32907,401.70,401.88,0.18,5.8,15.3,0.0,0.0,-9.6,-0.0,2086,3083,0,0,-6
574,81.96,32902,401.64,401.85,0.21,8.4,17.4,0.0,0.0,-9.0,-0.0,2024,3020,0,-1,-8
575,82.13,32899,401.60,401.81,0.21,8.1,17.4,0.0,0.0,-9.3,-0.0,1986,2989,0,-1,-8
576,82.30,32896,401.56,401.78,0.22,8.2,18.4,0.0,0.0,-10.2,-0.0,1949,2945,0,-2,-8
577,82.39,32893,401.53,401.76,0.23,8.9,19.4,0.0,0.0,-10.6,-0.0,1911,2907,0,-2,-8
578,82.55,32891,401.50,401.72,0.22,8.7,18.4,0.0,0.0,-9.7,-0.0,1886,2890,0,-2,-8
579,82.72,32887,401.45,401.69,0.23,9.7,19.4,0.0,0.0,-9.7,-0.0,1836,2840,0,-3,-9
580,82.79,32887,401.45,401.67,0.22,9.8,18.4,0.0,0.0,-8.6,-0.0,1836,2844,0,-3,-9
581,82.96,32882,401.39,401.64,0.24,11.2,20.5,0.0,0.0,-9.2,-0.0,1774,2777,0,-5,-10
582,83.12,32881,401.38,401.60,0.22,9.3,18.4,0.0,-0.0,-9.1,-0.0,1761,2770,0,-4,-8
583,83.29,32877,401.33,401.57,0.24,11.2,20.5,0.0,0.0,-9.3,-0.0,1711,2717,0,-6,-9
584,83.38,32876,401.32,401.55,0.23,9.2,19.4,0.0,0.0,-10.2,-0.0,1699,2705,0,-5,-8
585,83.55,32873,401.28,401.52,0.23,9.5,19.4,0.0,0.0,-9.9,-0.0,1661,2663,0,-5,-7
586,83.71,32870,401.25,401.48,0.23,10.1,19.4,0.0,-0.0,-9.3,-0.0,1624,2632,0,-6,-8
587,83.80,32869,401.23,401.46,0.23,9.5,19.4,0.0,0.0,-10.0,-0.0,1611,2617,0,-6,-7
588,83.97,32869,401.23,401.43,0.20,7.2,16.4,0.0,-0.0,-9.2,-0.0,1611,2624,0,-4,-5
589,84.13,32864,401.17,401.39,0.22,9.2,18.4,0.0,-0.0,-9.2,-0.0,1549,2557,0,-6,-6
590,84.21,32863,401.16,401.38,0.22,8.7,18.4,0.0,-0.0,-9.7,-0.0,1536,2545,0,-6,-6
591,84.39,32863,401.16,401.34,0.18,5.9,15.3,0.0,-0.0,-9.4,-0.0,1536,2550,0,-4,-4
592,84.55,32861,401.14,401.31,0.17,4.4,14.3,0.0,-0.0,-9.9,-0.0,1511,2524,0,-3,-3
593,84.71,32861,401.14,401.27,0.13,1.8,11.2,0.0,-0.0,-9.4,-0.0,1511,2526,0,-1,-1
594,84.80,32861,401.14,401.25,0.12,-0.3,10.2,0.0,-0.0,-10.6,-0.0,1511,482,0,0,0
595,84.97,32860,401.12,401.22,0.10,-1.1,8.2,0.0,-0.0,-9.3,-0.0,1499,471,0,1,1
596,85.12,32857,401.09,401.19,0.10,-0.8,8.2,0.0,-0.0,-9.0,-0.0,1461,430,0,1,0
597,85.28,32853,401.04,401.15,0.11,-0.3,9.2,0.0,-0.0,-9.5,-0.0,1411,375,0,0,0
598,85.37,32852,401.03,401.13,0.11,-1.3,9.2,0.0,-0.0,-10.5,-0.0,1399,360,0,1,1
599,85.54,32856,401.07,401.10,0.02,-7.5,2.0,0.0,-0.0,-9.5,-0.0,1449,419,0,6,4
600,85.70,32853,401.04,401.06,0.02,-7.8,2.0,0.0,-0.0,-9.9,-0.0,1411,378,0,6,4
601,85.78,32852,401.03,401.04,0.01,-9.0,1.0,0.0,-0.0,-10.0,-0.0,1399,367,0,7,5
602,85.95,32852,401.03,401.01,-0.02,-11.6,-2.0,0.0,-0.0,-9.6,-0.0,1399,374,0,9,6
603,86.11,32852,401.03,400.97,-0.05,-13.7,-4.1,0.0,-0.0,-9.6,-0.0,1399,369,0,11,7
604,86.29,32853,401.04,400.93,-0.10,-18.5,-8.2,0.0,-0.0,-10.3,-0.0,1411,387,0,15,10
605,86.38,32851,401.01,400.91,-0.10,-19.6,-8.2,0.0,-0.0,-11.4,-0.0,1386,359,0,16,10
606,86.55,32848,400.98,400.88,-0.10,-18.0,-8.2,0.0,-0.0,-9.8,-0.0,1349,319,0,15,8
607,86.71,32852,401.03,400.84,-0.18,-25.0,-15.3,0.0,-0.0,-9.7,-0.0,1399,374,0,20,13
608,86.80,32855,401.06,400.82,-0.24,-31.1,-20.5,0.0,-0.0,-10.6,-0.0,1436,417,0,24,18
609,86.97,32852,401.03,400.79,-0.24,-30.5,-20.5,0.0,-0.0,-10.0,-0.0,1399,374,0,25,16
610,87.14,32850,401.00,400.75,-0.26,-31.0,-21.5,0.0,-0.0,-9.6,-0.0,1374,351,0,26,15
611,87.22,32850,401.00,400.73,-0.27,-33.2,-22.5,0.0,-0.0,-10.7,-0.0,1374,353,0,28,17
612,87.39,32847,400.96,400.70,-0.27,-32.2,-22.5,0.0,-0.0,-9.8,-0.0,1336,305,0,28,14
613,87.55,32850,401.00,400.66,-0.34,-38.2,-28.6,0.0,-0.0,-9.6,-0.0,1374,343,0,32,19
614,87.65,32848,400.98,400.64,-0.34,-40.0,-28.6,0.0,-0.0,-11.4,-0.0,1349,318,0,34,18
615,87.81,32844,400.93,400.60,-0.33,-37.2,-27.6,0.0,-0.0,-9.6,-0.0,1299,266,0,33,14
616,87.98,32843,400.92,400.56,-0.35,-39.5,-29.7,0.0,-0.0,-9.8,-0.0,1286,253,0,35,14
617,88.07,32843,400.92,400.55,-0.37,-41.2,-30.7,0.0,-0.0,-10.5,-0.0,1286,256,0,37,15
618,88.24,32841,400.89,400.51,-0.38,-42.4,-31.7,0.0,-0.0,-10.7,-0.0,1261,223,0,39,14
619,88.41,32839,400.87,400.47,-0.39,-42.8,-32.7,0.0,-0.0,-10.0,-0.0,1236,205,0,39,13
620,88.49,32838,400.85,400.45,-0.40,-44.1,-33.8,0.0,-0.0,-10.4,-0.0,1224,191,0,41,12
621,88.66,32834,400.81,400.42,-0.39,-42.6,-32.7,0.0,-0.0,-9.9,-0.0,1174,137,0,40,9
622,88.83,32833,400.79,400.38,-0.42,-45.0,-34.8,0.0,-0.0,-10.2,-0.0,1161,124,0,43,8
623,88.99,32826,400.71,400.34,-0.37,-40.3,-30.7,0.0,0.0,-9.6,-0.0,1074,32,0,39,2
624,89.08,32823,400.67,400.32,-0.35,-40.1,-29.7,0.0,0.0,-10.4,-0.0,1036,4083,0,39,-1
625,89.24,32821,400.65,400.29,-0.37,-40.6,-30.7,0.0,0.0,-10.0,-0.0,1011,4061,0,39,-2
626,89.40,32812,400.54,400.25,-0.29,-34.5,-24.5,0.0,0.0,-10.0,-0.0,899,3940,0,32,-8
627,89.49,32811,400.52,400.23,-0.29,-35.5,-24.5,0.0,0.0,-11.0,-0.0,886,3922,0,33,-9
628,89.66,32805,400.45,400.19,-0.26,-31.5,-21.5,0.0,0.0,-10.0,-0.0,811,3852,0,28,-11
629,89.83,32802,400.42,400.15,-0.26,-31.5,-21.5,0.0,0.0,-10.0,-0.0,774,3815,0,28,-13
630,89.99,32795,400.33,400.12,-0.21,-27.8,-17.4,0.0,0.0,-10.4,-0.0,686,3725,0,23,-14
631,90.08,32794,400.32,400.10,-0.22,-29.1,-18.4,0.0,0.0,-10.7,-0.0,674,3718,0,24,-15
632,90.26,32788,400.24,400.06,-0.18,-26.1,-15.3,0.0,0.0,-10.7,-0.0,599,3638,0,19,-16
633,90.35,32785,400.21,400.04,-0.17,-26.2,-14.3,0.0,0.0,-11.9,-0.0,561,3599,0,18,-18
634,90.51,32780,400.15,400.00,-0.15,-22.5,-12.3,0.0,0.0,-10.3,-0.0,499,3539,0,14,-16
635,90.68,32775,400.09,399.96,-0.12,-20.3,-10.2,0.0,0.0,-10.1,-0.0,436,3480,0,12,-16
636,90.85,32767,399.99,399.92,-0.06,-15.2,-5.1,0.0,0.0,-10.1,-0.0,336,3371,0,7,-13
637,90.93,32761,399.91,399.91,-0.01,-11.7,-1.0,0.0,0.0,-10.6,-0.0,261,3292,0,4,-11
638,91.10,32756,399.85,399.87,0.01,-9.0,1.0,0.0,0.0,-10.0,-0.0,199,3232,0,2,-8
639,91.27,32750,399.78,399.83,0.05,-6.1,4.1,0.0,0.0,-10.2,-0.0,124,3158,0,1,-6
640,91.36,32749,399.77,399.81,0.04,-8.6,3.1,0.0,0.0,-11.7,-0.0,111,3140,0,1,-8
641,91.52,32744,399.71,399.77,0.06,-5.1,5.1,0.0,0.0,-10.2,-0.0,49,3088,0,0,-5
642,91.69,32737,399.62,399.73,0.11,-1.5,9.2,0.0,0.0,-10.7,-0.0,4057,2996,0,0,-1
643,91.77,32736,399.61,399.71,0.11,-1.7,9.2,0.0,0.0,-10.9,-0.0,4045,2990,0,0,-2
644,91.94,32729,399.52,399.67,0.15,2.2,12.3,0.0,0.0,-10.1,-0.0,3957,855,0,1,2
645,92.10,32724,399.46,399.64,0.17,4.2,14.3,0.0,0.0,-10.1,-0.0,3895,792,0,1,4
646,92.27,32719,399.40,399.60,0.20,5.7,16.4,0.0,0.0,-10.6,-0.0,3832,726,0,2,5
647,92.36,32716,399.37,399.58,0.21,5.2,17.4,0.0,0.0,-12.2,-0.0,3795,687,0,2,4
648,92.52,32710,399.29,399.54,0.24,10.0,20.5,0.0,0.0,-10.5,-0.0,3720,614,0,6,8
649,92.69,32707,399.26,399.50,0.24,10.1,20.5,0.0,0.0,-10.3,-0.0,3682,584,0,6,8
650,92.78,32704,399.22,399.48,0.27,11.5,22.5,0.0,0.0,-11.0,-0.0,3645,542,0,7,8
651,92.95,32700,399.17,399.44,0.27,12.3,22.5,0.0,0.0,-10.2,-0.0,3595,496,0,9,8
652,93.11,32696,399.12,399.40,0.28,13.3,23.5,0.0,0.0,-10.2,-0.0,3545,450,0,10,8
653,93.27,32690,399.05,399.37,0.32,16.2,26.6,0.0,0.0,-10.4,-0.0,3470,370,0,13,8
654,93.36,32688,399.02,399.35,0.32,15.1,26.6,0.0,0.0,-11.5,-0.0,3445,342,0,13,7
655,93.53,32687,399.01,399.31,0.29,14.3,24.5,0.0,0.0,-10.3,-0.0,3432,338,0,12,7
656,93.70,32681,398.94,399.27,0.33,17.0,27.6,0.0,0.0,-10.6,-0.0,3357,263,0,15,6
657,93.78,32681,398.94,399.25,0.31,14.4,25.6,0.0,0.0,-11.2,-0.0,3357,262,0,13,5
658,93.95,32680,398.93,399.21,0.28,12.7,23.5,0.0,-0.0,-10.8,-0.0,3345,258,0,11,5
659,94.11,32677,398.89,399.17,0.28,12.9,23.5,0.0,-0.0,-10.7,-0.0,3307,219,0,12,4
660,94.20,32672,398.83,399.15,0.32,14.3,26.6,0.0,0.0,-12.3,-0.0,3245,148,0,14,3
661,94.38,32670,398.80,399.11,0.31,14.9,25.6,0.0,-0.0,-10.7,-0.0,3220,132,0,14,3
662,94.55,32669,398.79,399.07,0.28,12.8,23.5,0.0,-0.0,-10.7,-0.0,3207,117,0,12,2
663,94.63,32668,398.78,399.05,0.27,11.2,22.5,0.0,-0.0,-11.3,-0.0,3195,105,0,11,2
664,94.80,32664,398.73,399.01,0.28,13.0,23.5,0.0,0.0,-10.6,-0.0,3145,55,0,13,1
665,94.97,32662,398.71,398.97,0.26,10.9,21.5,0.0,-0.0,-10.6,-0.0,3120,33,0,11,1
666,95.05,32661,398.69,398.95,0.26,10.0,21.5,0.0,-0.0,-11.5,-0.0,3107,21,0,10,0
667,95.22,32661,398.69,398.91,0.21,6.6,17.4,0.0,-0.0,-10.8,-0.0,3107,23,0,6,0
668,95.39,32659,398.67,398.87,0.20,5.4,16.4,0.0,-0.0,-11.0,-0.0,3082,1,0,5,0
669,95.56,32659,398.67,398.83,0.16,2.1,13.3,0.0,-0.0,-11.2,-0.0,3082,2,0,2,0
670,95.64,32656,398.63,398.81,0.17,2.9,14.3,0.0,-0.0,-11.4,-0.0,3045,4060,0,3,0
671,95.81,32655,398.62,398.77,0.15,1.6,12.3,0.0,-0.0,-10.7,-0.0,3032,4047,0,2,0
672,95.98,32652,398.58,398.72,0.15,1.0,12.3,0.0,-0.0,-11.2,-0.0,2995,4008,0,1,0
673,96.07,32650,398.56,398.70,0.15,0.7,12.3,0.0,-0.0,-11.6,-0.0,2970,3980,0,1,0
674,96.23,32650,398.56,398.67,0.11,-1.3,9.2,0.0,-0.0,-10.6,-0.0,2970,1933,0,-1,0
675,96.40,32652,398.58,398.63,0.04,-7.7,3.1,0.0,-0.0,-10.8,-0.0,2995,1965,0,-7,1
676,96.56,32651,398.57,398.59,0.01,-9.9,1.0,0.0,-0.0,-10.9,-0.0,2982,1952,0,-10,1
677,96.64,32650,398.56,398.57,0.00,-11.5,0.0,0.0,-0.0,-11.5,-0.0,2970,1943,0,-11,2
678,96.81,32650,398.56,398.52,-0.04,-14.6,-3.1,0.0,-0.0,-11.5,-0.0,2970,1946,0,-14,2
679,96.98,32648,398.54,398.48,-0.05,-15.6,-4.1,0.0,-0.0,-11.5,-0.0,2945,1915,0,-15,3
680,97.07,32648,398.54,398.46,-0.07,-17.7,-6.1,0.0,-0.0,-11.5,-0.0,2945,1915,0,-17,3
681,97.24,32647,398.52,398.42,-0.10,-19.0,-8.2,0.0,-0.0,-10.8,-0.0,2932,1902,0,-18,4
682,97.40,32647,398.52,398.38,-0.15,-23.0,-12.3,0.0,-0.0,-10.7,-0.0,2932,1905,0,-22,5
683,97.49,32648,398.54,398.36,-0.17,-25.9,-14.3,0.0,-0.0,-11.6,-0.0,2945,1918,0,-25,5
684,97.66,32649,398.55,398.32,-0.23,-31.6,-19.4,0.0,-0.0,-12.2,-0.0,2957,1935,0,-30,5
685,97.83,32644,398.49,398.28,-0.21,-28.7,-17.4,0.0,-0.0,-11.3,-0.0,2895,1863,0,-27,8
686,97.92,32645,398.50,398.25,-0.24,-32.7,-20.5,0.0,-0.0,-12.2,-0.0,2907,1880,0,-31,8
687,98.09,32641,398.45,398.21,-0.23,-30.2,-19.4,0.0,-0.0,-10.8,-0.0,2857,1825,0,-28,10
688,98.26,32643,398.47,398.17,-0.31,-37.1,-25.6,0.0,-0.0,-11.5,-0.0,2882,1849,0,-34,11
689,98.35,32642,398.46,398.15,-0.32,-39.8,-26.6,0.0,-0.0,-13.2,-0.0,2870,1834,0,-36,12
690,98.52,32640,398.44,398.11,-0.33,-38.8,-27.6,0.0,-0.0,-11.2,-0.0,2845,1815,0,-35,13
691,98.67,32638,398.41,398.07,-0.34,-39.8,-28.6,0.0,-0.0,-11.2,-0.0,2820,1789,0,-36,15
692,98.84,32638,398.41,398.03,-0.39,-44.1,-32.7,0.0,-0.0,-11.4,-0.0,2820,1790,0,-39,16
693,98.93,32634,398.36,398.01,-0.35,-42.0,-29.7,0.0,-0.0,-12.3,-0.0,2770,1732,0,-36,19
694,99.10,32632,398.34,397.96,-0.38,-42.6,-31.7,0.0,-0.0,-10.9,-0.0,2745,1708,0,-36,21
695,99.27,32631,398.33,397.92,-0.40,-44.8,-33.8,0.0,-0.0,-11.1,-0.0,2732,1698,0,-37,22
696,99.36,32629,398.30,397.90,-0.40,-46.1,-33.8,0.0,-0.0,-12.4,-0.0,2707,1669,0,-37,25
697,99.53,32619,398.18,397.86,-0.32,-37.9,-26.6,0.0,0.0,-11.3,-0.0,2582,1530,0,-26,26
698,99.69,32617,398.16,397.82,-0.34,-39.9,-28.6,0.0,0.0,-11.3,-0.0,2557,1511,0,-26,28
699,99.78,32615,398.13,397.80,-0.34,-40.5,-28.6,0.0,0.0,-11.9,-0.0,2532,1482,0,-25,30
700,99.95,32611,398.08,397.75,-0.33,-39.1,-27.6,0.0,0.0,-11.5,-0.0,2482,1428,0,-22,31
701,100.11,32604,398.00,397.71,-0.28,-34.7,-23.5,0.0,0.0,-11.2,-0.0,2395,1342,0,-16,30
702,100.20,32601,397.96,397.69,-0.27,-34.4,-22.5,0.0,0.0,-11.9,-0.0,2357,1305,0,-14,30
703,100.36,32596,397.90,397.65,-0.26,-33.2,-21.5,0.0,0.0,-11.8,-0.0,2295,1239,0,-10,30
704,100.53,32589,397.81,397.61,-0.21,-28.4,-17.4,0.0,0.0,-11.0,-0.0,2207,1148,0,-5,27
705,100.70,32584,397.75,397.57,-0.18,-27.0,-15.3,0.0,0.0,-11.6,-0.0,2145,1084,0,-2,26
706,100.79,32580,397.71,397.54,-0.16,-25.8,-13.3,0.0,0.0,-12.6,-0.0,2095,1032,0,0,25
707,100.95,32576,397.66,397.50,-0.16,-24.2,-13.3,0.0,0.0,-10.9,-0.0,2045,991,0,1,23
708,101.11,32566,397.53,397.46,-0.07,-17.2,-6.1,0.0,0.0,-11.1,-0.0,1920,859,0,4,16
709,101.20,32564,397.51,397.44,-0.07,-18.5,-6.1,0.0,0.0,-12.4,-0.0,1895,831,0,5,17
710,101.37,32557,397.42,397.39,-0.02,-13.4,-2.0,0.0,0.0,-11.3,-0.0,1807,744,0,5,12
711,101.54,32552,397.36,397.35,-0.01,-12.2,-1.0,0.0,0.0,-11.1,-0.0,1745,684,0,6,10
712,101.63,32548,397.31,397.33,0.01,-12.2,1.0,0.0,0.0,-13.2,-0.0,1695,624,0,7,10
713,101.80,32542,397.24,397.29,0.05,-7.5,4.1,0.0,0.0,-11.5,-0.0,1620,561,0,5,5
714,101.97,32531,397.11,397.24,0.13,-0.3,11.2,0.0,0.0,-11.6,-0.0,1482,412,0,0,0
715,102.05,32531,397.11,397.22,0.11,-2.7,9.2,0.0,0.0,-12.0,-0.0,1482,419,0,2,2
716,102.23,32525,397.03,397.18,0.15,1.1,12.3,0.0,0.0,-11.2,-0.0,1407,2393,0,-1,-1
717,102.39,32518,396.95,397.13,0.18,3.9,15.3,0.0,0.0,-11.4,-0.0,1320,2306,0,-4,-1
718,102.48,32516,396.92,397.11,0.18,3.0,15.3,0.0,0.0,-12.4,-0.0,1295,2278,0,-3,-1
719,102.64,32513,396.89,397.07,0.18,4.1,15.3,0.0,0.0,-11.3,-0.0,1257,2255,0,-4,-1
720,102.81,32509,396.84,397.03,0.18,3.3,15.3,0.0,0.0,-12.0,-0.0,1207,2200,0,-3,-1
721,102.98,32501,396.74,396.98,0.24,8.4,20.5,0.0,0.0,-12.1,-0.0,1107,2099,0,-8,-1
722,103.07,32499,396.72,396.96,0.24,8.4,20.5,0.0,0.0,-12.1,-0.0,1082,2077,0,-8,0
723,103.24,32494,396.66,396.92,0.26,9.8,21.5,0.0,0.0,-11.7,-0.0,1020,2013,0,-9,1
724,103.40,32487,396.57,396.87,0.31,13.7,25.6,0.0,0.0,-11.9,-0.0,932,1919,0,-13,3
725,103.50,32485,396.55,396.85,0.31,12.5,25.6,0.0,0.0,-13.1,-0.0,907,1892,0,-12,3
726,103.67,32483,396.52,396.80,0.28,12.0,23.5,0.0,0.0,-11.6,-0.0,882,1880,0,-11,3
727,103.76,32482,396.51,396.78,0.27,10.2,22.5,0.0,0.0,-12.3,-0.0,870,1868,0,-9,3
728,103.92,32475,396.42,396.74,0.32,15.0,26.6,0.0,0.0,-11.6,-0.0,782,1779,0,-13,6
729,104.09,32473,396.40,396.70,0.29,12.9,24.5,0.0,-0.0,-11.6,-0.0,757,1761,0,-11,5
730,104.26,32471,396.37,396.65,0.28,12.3,23.5,0.0,-0.0,-11.2,-0.0,732,1738,0,-11,5
731,104.35,32469,396.35,396.63,0.28,10.1,23.5,0.0,0.0,-13.4,-0.0,707,1708,0,-9,5
732,104.52,32463,396.28,396.58,0.31,13.7,25.6,0.0,0.0,-11.9,-0.0,632,1634,0,-11,8
733,104.68,32458,396.22,396.54,0.33,15.9,27.6,0.0,0.0,-11.7,-0.0,570,1572,0,-12,10
734,104.77,32459,396.23,396.52,0.29,11.9,24.5,0.0,0.0,-12.7,-0.0,582,1584,0,-9,8
735,104.93,32458,396.22,396.48,0.26,10.2,21.5,0.0,-0.0,-11.3,-0.0,570,1576,0,-7,7
736,105.10,32454,396.17,396.43,0.27,10.8,22.5,0.0,-0.0,-11.7,-0.0,520,1525,0,-7,8
737,105.26,32453,396.15,396.39,0.23,7.7,19.4,0.0,-0.0,-11.7,-0.0,507,1522,0,-5,5
738,105.35,32452,396.14,396.37,0.22,4.9,18.4,0.0,-0.0,-13.5,-0.0,495,1509,0,-3,3
739,105.52,32447,396.08,396.32,0.24,7.9,20.5,0.0,0.0,-12.6,-0.0,432,1434,0,-5,6
740,105.68,32447,396.08,396.28,0.20,4.6,16.4,0.0,-0.0,-11.8,-0.0,432,1446,0,-3,4
741,105.76,32446,396.07,396.26,0.18,3.7,15.3,0.0,-0.0,-11.6,-0.0,420,1432,0,-2,3
742,105.93,32445,396.06,396.21,0.16,1.5,13.3,0.0,-0.0,-11.8,-0.0,407,1419,0,-1,1
743,106.09,32442,396.02,396.17,0.15,0.4,12.3,0.0,-0.0,-11.8,-0.0,370,1382,0,0,0
744,106.18,32442,396.02,396.15,0.12,-2.8,10.2,0.0,-0.0,-13.0,-0.0,370,3434,0,1,-2
745,106.35,32439,395.98,396.10,0.12,-1.8,10.2,0.0,-0.0,-12.1,-0.0,332,3392,0,1,-2
746,106.51,32438,395.97,396.06,0.09,-4.9,7.2,0.0,-0.0,-12.1,-0.0,320,3381,0,2,-4
747,106.68,32435,395.94,396.01,0.07,-5.6,6.1,0.0,-0.0,-11.7,-0.0,282,3342,0,2,-5
748,106.76,32435,395.94,395.99,0.06,-7.0,5.1,0.0,-0.0,-12.1,-0.0,282,3344,0,3,-6
749,106.92,32432,395.90,395.95,0.05,-7.4,4.1,0.0,-0.0,-11.5,-0.0,245,3305,0,3,-7
750,107.08,32428,395.85,395.91,0.06,-6.8,5.1,0.0,-0.0,-11.9,-0.0,195,3252,0,2,-6
751,107.24,32428,395.85,395.86,0.01,-10.7,1.0,0.0,-0.0,-11.8,-0.0,195,3257,0,3,-10
752,107.33,32428,395.85,395.84,-0.01,-14.4,-1.0,0.0,-0.0,-13.4,-0.0,195,3255,0,4,-13
753,107.50,32428,395.85,395.79,-0.06,-17.5,-5.1,0.0,-0.0,-12.4,-0.0,195,3259,0,5,-16
754,107.67,32425,395.81,395.75,-0.06,-17.1,-5.1,0.0,-0.0,-12.0,-0.0,157,3223,0,4,-16
755,107.75,32424,395.80,395.73,-0.07,-19.0,-6.1,0.0,-0.0,-12.8,-0.0,145,3211,0,4,-18
756,107.92,32422,395.78,395.68,-0.10,-20.6,-8.2,0.0,-0.0,-12.4,-0.0,120,3183,0,3,-20
757,108.09,32425,395.81,395.63,-0.18,-28.0,-15.3,0.0,-0.0,-12.7,-0.0,157,3224,0,6,-26
758,108.18,32423,395.79,395.61,-0.18,-28.2,-15.3,0.0,-0.0,-12.9,-0.0,132,3196,0,5,-27
759,108.34,32421,395.76,395.57,-0.20,-28.7,-16.4,0.0,-0.0,-12.3,-0.0,107,3173,0,4,-27
760,108.51,32421,395.76,395.52,-0.24,-32.3,-20.5,0.0,-0.0,-11.9,-0.0,107,3178,0,5,-31
761,108.67,32418,395.73,395.48,-0.26,-33.4,-21.5,0.0,-0.0,-11.9,-0.0,70,3135,0,3,-32
762,108.76,32418,395.73,395.45,-0.27,-35.4,-22.5,0.0,-0.0,-12.9,-0.0,70,3131,0,3,-34
763,108.92,32417,395.72,395.41,-0.31,-37.3,-25.6,0.0,-0.0,-11.7,-0.0,57,3122,0,3,-36
764,109.09,32414,395.68,395.36,-0.32,-38.6,-26.6,0.0,-0.0,-12.0,-0.0,20,3082,0,1,-37
765,109.26,32405,395.57,395.32,-0.26,-33.7,-21.5,0.0,0.0,-12.2,-0.0,4003,2955,0,-6,-32
766,109.35,32405,395.57,395.29,-0.28,-37.2,-23.5,0.0,-0.0,-13.6,-0.0,4003,2958,0,-6,-35
767,109.52,32404,395.56,395.25,-0.31,-38.4,-25.6,0.0,-0.0,-12.8,-0.0,3991,2946,0,-7,-37
768,109.61,32402,395.53,395.22,-0.31,-39.2,-25.6,0.0,0.0,-13.6,-0.0,3966,2918,0,-9,-37
769,109.77,32397,395.47,395.18,-0.29,-36.6,-24.5,0.0,0.0,-12.0,-0.0,3903,2855,0,-12,-33
770,109.94,32396,395.46,395.13,-0.33,-40.3,-27.6,0.0,-0.0,-12.7,-0.0,3891,2854,0,-13,-37
771,110.11,32391,395.40,395.08,-0.32,-39.3,-26.6,0.0,-0.0,-12.7,-0.0,3828,2785,0,-16,-34
772,110.19,32386,395.34,395.06,-0.28,-36.4,-23.5,0.0,0.0,-12.9,-0.0,3766,2715,0,-18,-30
773,110.37,32383,395.30,395.01,-0.29,-37.3,-24.5,0.0,0.0,-12.7,-0.0,3728,2679,0,-20,-30
774,110.54,32376,395.21,394.97,-0.24,-33.2,-20.5,0.0,0.0,-12.7,-0.0,3641,2587,0,-22,-24
775,110.63,32372,395.17,394.94,-0.22,-31.6,-18.4,0.0,0.0,-13.2,-0.0,3591,2531,0,-23,-21
776,110.79,32370,395.14,394.90,-0.24,-32.6,-20.5,0.0,0.0,-12.1,-0.0,3566,2512,0,-24,-21
777,110.96,32363,395.06,394.85,-0.21,-30.4,-17.4,0.0,0.0,-13.0,-0.0,3478,2421,0,-25,-16
778,111.05,32361,395.03,394.82,-0.21,-30.6,-17.4,0.0,0.0,-13.2,-0.0,3453,2395,0,-26,-15
779,111.21,32355,394.96,394.78,-0.18,-27.3,-15.3,0.0,0.0,-12.0,-0.0,3378,2324,0,-24,-11
780,111.39,32349,394.89,394.73,-0.16,-25.7,-13.3,0.0,0.0,-12.4,-0.0,3303,2249,0,-24,-8
781,111.47,32345,394.84,394.71,-0.13,-24.5,-11.2,0.0,0.0,-13.3,-0.0,3253,2191,0,-23,-5
782,111.64,32339,394.76,394.66,-0.11,-22.7,-9.2,0.0,0.0,-13.5,-0.0,3178,2117,0,-22,-2
783,111.81,32333,394.69,394.61,-0.07,-18.8,-6.1,0.0,0.0,-12.7,-0.0,3103,2044,0,-18,0
784,111.90,32329,394.64,394.59,-0.05,-18.0,-4.1,0.0,0.0,-13.9,-0.0,3053,1988,0,-17,2
785,112.07,32324,394.58,394.54,-0.04,-15.4,-3.1,0.0,0.0,-12.3,-0.0,2991,1932,0,-15,3
786,112.23,32318,394.51,394.49,-0.01,-13.5,-1.0,0.0,0.0,-12.5,-0.0,2916,1859,0,-13,4
787,112.32,32313,394.45,394.47,0.02,-11.5,2.0,0.0,0.0,-13.6,-0.0,2853,1788,0,-10,4
788,112.48,32304,394.34,394.42,0.09,-5.2,7.2,0.0,0.0,-12.3,-0.0,2741,1675,0,-4,3
789,112.65,32297,394.25,394.38,0.12,-2.3,10.2,0.0,0.0,-12.6,-0.0,2653,1587,0,-2,1
790,112.82,32293,394.20,394.33,0.12,-3.2,10.2,0.0,0.0,-13.4,-0.0,2603,1538,0,-2,2
791,112.89,32291,394.18,394.31,0.13,-0.5,11.2,0.0,0.0,-11.8,-0.0,2578,1517,0,0,0
792,113.06,32284,394.09,394.26,0.17,2.1,14.3,0.0,0.0,-12.2,-0.0,2491,3482,0,1,-2
793,113.23,32276,393.99,394.21,0.22,5.2,18.4,0.0,0.0,-13.3,-0.0,2391,3378,0,2,-4
794,113.32,32275,393.98,394.19,0.21,3.9,17.4,0.0,0.0,-13.5,-0.0,2378,3368,0,2,-3
795,113.48,32267,393.88,394.14,0.26,9.0,21.5,0.0,0.0,-12.4,-0.0,2278,3264,0,3,-8
796,113.65,32265,393.86,394.09,0.23,6.1,19.4,0.0,0.0,-13.3,-0.0,2253,3242,0,2,-6
797,113.81,32257,393.76,394.05,0.28,10.2,23.5,0.0,0.0,-13.3,-0.0,2153,3140,0,1,-10
798,113.90,32256,393.75,394.02,0.27,8.5,22.5,0.0,0.0,-14.0,-0.0,2141,3133,0,1,-8
799,114.07,32254,393.73,393.97,0.24,7.7,20.5,0.0,0.0,-12.7,-0.0,2116,3115,0,0,-7
800,114.24,32247,393.64,393.93,0.28,10.4,23.5,0.0,0.0,-13.2,-0.0,2028,3022,0,-1,-10
801,114.33,32246,393.63,393.90,0.27,7.4,22.5,0.0,0.0,-15.1,-0.0,2016,3008,0,-1,-7
802,114.50,32239,393.54,393.85,0.31,12.6,25.6,0.0,0.0,-13.0,-0.0,1928,2926,0,-3,-12
803,114.67,32233,393.47,393.80,0.33,14.6,27.6,0.0,0.0,-13.0,-0.0,1853,2843,0,-5,-13
804,114.75,32231,393.44,393.78,0.33,13.8,27.6,0.0,0.0,-13.9,-0.0,1828,2817,0,-5,-12
805,114.92,32226,393.38,393.73,0.34,15.4,28.6,0.0,0.0,-13.2,-0.0,1766,2759,0,-7,-13
806,115.09,32222,393.33,393.68,0.34,16.0,28.6,0.0,0.0,-12.6,-0.0,1716,2710,0,-8,-13
807,115.17,32222,393.33,393.66,0.32,13.3,26.6,0.0,0.0,-13.3,-0.0,1716,2714,0,-7,-11
808,115.34,32223,393.35,393.61,0.26,8.2,21.5,0.0,-0.0,-13.3,-0.0,1728,2737,0,-4,-7
809,115.51,32216,393.26,393.56,0.31,12.9,25.6,0.0,-0.0,-12.7,-0.0,1641,2648,0,-8,-10
810,115.67,32214,393.24,393.51,0.28,10.6,23.5,0.0,-0.0,-12.9,-0.0,1616,2625,0,-7,-8
811,115.76,32211,393.20,393.49,0.29,10.8,24.5,0.0,-0.0,-13.8,-0.0,1578,2585,0,-7,-8
812,115.93,32208,393.16,393.44,0.28,10.4,23.5,0.0,0.0,-13.1,-0.0,1541,2543,0,-7,-7
813,116.08,32205,393.13,393.39,0.27,9.3,22.5,0.0,-0.0,-13.2,-0.0,1503,2507,0,-7,-6
814,116.17,32205,393.13,393.37,0.24,6.4,20.5,0.0,-0.0,-14.0,-0.0,1503,2509,0,-5,-4
815,116.35,32203,393.10,393.32,0.22,4.6,18.4,0.0,-0.0,-13.8,-0.0,1478,2485,0,-3,-3
816,116.51,32200,393.07,393.27,0.21,3.7,17.4,0.0,-0.0,-13.6,-0.0,1441,2450,0,-3,-2
817,116.67,32198,393.04,393.22,0.18,2.5,15.3,0.0,-0.0,-12.8,-0.0,1416,2430,0,-2,-1
818,116.75,32196,393.02,393.20,0.18,1.2,15.3,0.0,-0.0,-14.1,-0.0,1391,2401,0,-1,-1
819,116.92,32195,393.01,393.15,0.15,-1.2,12.3,0.0,-0.0,-13.5,-0.0,1378,337,0,1,1
820,117.09,32192,392.97,393.10,0.13,-1.6,11.2,0.0,-0.0,-12.8,-0.0,1341,302,0,1,1
821,117.18,32192,392.97,393.07,0.11,-5.2,9.2,0.0,-0.0,-14.4,-0.0,1341,304,0,4,2
822,117.35,32190,392.94,393.03,0.09,-6.4,7.2,0.0,-0.0,-13.5,-0.0,1316,280,0,6,3
823,117.51,32188,392.92,392.98,0.06,-8.4,5.1,0.0,-0.0,-13.5,-0.0,1291,255,0,8,3
824,117.60,32188,392.92,392.95,0.04,-10.9,3.1,0.0,-0.0,-14.0,-0.0,1291,256,0,10,4
825,117.76,32188,392.92,392.90,-0.01,-13.9,-1.0,0.0,-0.0,-12.9,-0.0,1291,261,0,12,5
826,117.93,32186,392.90,392.85,-0.05,-17.7,-4.1,0.0,-0.0,-13.6,-0.0,1266,233,0,16,6
827,118.09,32184,392.87,392.81,-0.06,-18.5,-5.1,0.0,-0.0,-13.4,-0.0,1241,211,0,17,6
828,118.18,32184,392.87,392.78,-0.09,-21.2,-7.2,0.0,-0.0,-14.1,-0.0,1241,211,0,19,7
829,118.35,32184,392.87,392.73,-0.13,-25.1,-11.2,0.0,-0.0,-13.9,-0.0,1241,209,0,23,8
830,118.51,32184,392.87,392.68,-0.20,-30.0,-16.4,0.0,-0.0,-13.7,-0.0,1241,212,0,28,9
831,118.60,32180,392.82,392.66,-0.17,-28.4,-14.3,0.0,-0.0,-14.1,-0.0,1191,158,0,27,7
832,118.77,32178,392.80,392.60,-0.20,-30.0,-16.4,0.0,-0.0,-13.7,-0.0,1166,133,0,29,6
833,118.93,32178,392.80,392.56,-0.24,-33.7,-20.5,0.0,-0.0,-13.3,-0.0,1166,133,0,32,7
834,119.09,32178,392.80,392.51,-0.29,-37.6,-24.5,0.0,-0.0,-13.1,-0.0,1166,133,0,36,7
835,119.18,32178,392.80,392.48,-0.32,-41.2,-26.6,0.0,-0.0,-14.6,-0.0,1166,132,0,39,8
836,119.35,32173,392.74,392.43,-0.31,-39.5,-25.6,0.0,-0.0,-14.0,-0.0,1103,70,0,38,4
837,119.52,32171,392.71,392.38,-0.33,-40.9,-27.6,0.0,-0.0,-13.3,-0.0,1078,44,0,40,3
838,119.60,32170,392.70,392.36,-0.34,-41.5,-28.6,0.0,-0.0,-12.9,-0.0,1066,31,0,40,2
839,119.77,32163,392.61,392.31,-0.31,-38.7,-25.6,0.0,-0.0,-13.1,-0.0,978,4029,0,37,-4
840,119.94,32158,392.55,392.26,-0.29,-38.4,-24.5,0.0,0.0,-13.8,-0.0,916,3962,0,36,-8
841,120.03,32158,392.55,392.23,-0.32,-41.1,-26.6,0.0,-0.0,-14.5,-0.0,916,3964,0,39,-8
842,120.19,32155,392.52,392.18,-0.34,-42.5,-28.6,0.0,-0.0,-13.9,-0.0,878,3926,0,40,-11
843,120.36,32154,392.50,392.13,-0.38,-45.8,-31.7,0.0,-0.0,-14.1,-0.0,866,3920,0,43,-12
844,120.52,32148,392.43,392.08,-0.35,-42.9,-29.7,0.0,-0.0,-13.2,-0.0,791,3847,0,39,-15
845,120.61,32146,392.41,392.06,-0.35,-44.0,-29.7,0.0,-0.0,-14.3,-0.0,766,3819,0,39,-18
846,120.77,32141,392.35,392.01,-0.34,-42.1,-28.6,0.0,0.0,-13.5,-0.0,703,3751,0,35,-21
847,120.94,32132,392.24,391.95,-0.28,-36.8,-23.5,0.0,0.0,-13.3,-0.0,591,3631,0,27,-23
848,121.03,32131,392.22,391.93,-0.29,-39.2,-24.5,0.0,0.0,-14.6,-0.0,578,3614,0,28,-26
849,121.19,32126,392.16,391.88,-0.28,-37.7,-23.5,0.0,0.0,-14.2,-0.0,516,3555,0,25,-27
850,121.37,32121,392.10,391.83,-0.28,-37.5,-23.5,0.0,0.0,-14.0,-0.0,453,3489,0,22,-29
851,121.46,32115,392.03,391.80,-0.23,-34.6,-19.4,0.0,0.0,-15.1,-0.0,378,3409,0,17,-29
852,121.63,32108,391.94,391.75,-0.20,-31.3,-16.4,0.0,0.0,-14.9,-0.0,291,3326,0,12,-28
853,121.80,32105,391.91,391.69,-0.21,-31.2,-17.4,0.0,0.0,-13.8,-0.0,253,3290,0,10,-29
854,121.89,32101,391.86,391.67,-0.20,-31.5,-16.4,0.0,0.0,-15.2,-0.0,203,3235,0,8,-30
855,122.05,32089,391.71,391.62,-0.10,-21.8,-8.2,0.0,0.0,-13.6,-0.0,53,3079,0,0,-21
856,122.22,32084,391.65,391.57,-0.09,-20.6,-7.2,0.0,0.0,-13.4,-0.0,4087,3022,0,-2,-20
857,122.31,32080,391.60,391.54,-0.06,-20.6,-5.1,0.0,0.0,-15.5,-0.0,4037,2967,0,-3,-20
858,122.47,32073,391.52,391.49,-0.02,-15.7,-2.0,0.0,0.0,-13.7,-0.0,3949,2879,0,-4,-15
859,122.64,32066,391.43,391.44,0.00,-14.1,0.0,0.0,0.0,-14.1,-0.0,3862,2796,0,-6,-12
860,122.81,32056,391.31,391.39,0.07,-7.6,6.1,0.0,0.0,-13.7,-0.0,3737,2668,0,-4,-6
861,122.90,32051,391.25,391.36,0.11,-5.4,9.2,0.0,0.0,-14.6,-0.0,3674,2599,0,-3,-4
862,123.06,32047,391.20,391.31,0.11,-4.3,9.2,0.0,0.0,-13.5,-0.0,3624,2558,0,-3,-3
863,123.23,32037,391.08,391.25,0.18,1.1,15.3,0.0,0.0,-14.2,-0.0,3499,379,0,1,1
864,123.32,32032,391.02,391.23,0.21,2.7,17.4,0.0,0.0,-14.7,-0.0,3437,313,0,2,1
865,123.49,32027,390.95,391.18,0.22,4.6,18.4,0.0,0.0,-13.8,-0.0,3374,260,0,4,2
866,123.66,32022,390.89,391.12,0.23,5.6,19.4,0.0,0.0,-13.8,-0.0,3312,200,0,5,2
867,123.75,32018,390.84,391.10,0.26,6.8,21.5,0.0,0.0,-14.7,-0.0,3262,146,0,6,1
868,123.91,32014,390.80,391.04,0.24,7.3,20.5,0.0,0.0,-13.1,-0.0,3212,109,0,7,1
869,124.08,32007,390.71,390.99,0.28,9.0,23.5,0.0,0.0,-14.5,-0.0,3124,19,0,9,0
870,124.17,32004,390.67,390.96,0.29,9.1,24.5,0.0,0.0,-15.5,-0.0,3087,4074,0,9,0
871,124.33,31999,390.61,390.91,0.31,11.7,25.6,0.0,0.0,-13.9,-0.0,3024,4014,0,11,-1
872,124.49,31992,390.53,390.87,0.34,15.0,28.6,0.0,0.0,-13.6,-0.0,2937,3927,0,14,-4
873,124.66,31984,390.43,390.81,0.38,18.0,31.7,0.0,0.0,-13.7,-0.0,2837,3820,0,16,-7
874,124.75,31982,390.41,390.78,0.38,16.2,31.7,0.0,0.0,-15.5,-0.0,2812,3795,0,14,-7
875,124.92,31978,390.36,390.73,0.38,17.1,31.7,0.0,0.0,-14.6,-0.0,2762,3749,0,14,-8
876,125.08,31975,390.32,390.68,0.37,16.7,30.7,0.0,0.0,-13.9,-0.0,2724,3717,0,14,-9
877,125.17,31972,390.28,390.65,0.37,15.3,30.7,0.0,0.0,-15.4,-0.0,2687,3679,0,12,-9
878,125.34,31967,390.22,390.60,0.38,17.3,31.7,0.0,0.0,-14.4,-0.0,2624,3623,0,13,-11
879,125.51,31961,390.15,390.55,0.39,17.6,32.7,0.0,0.0,-15.2,-0.0,2549,3545,0,11,-13
880,125.60,31957,390.10,390.52,0.42,20.3,34.8,0.0,0.0,-14.5,-0.0,2499,3492,0,12,-16
881,125.76,31954,390.06,390.47,0.40,20.0,33.8,0.0,0.0,-13.8,-0.0,2462,3456,0,11,-16
882,125.93,31953,390.05,390.41,0.37,16.6,30.7,0.0,0.0,-14.0,-0.0,2449,3448,0,9,-14
883,126.09,31950,390.01,390.36,0.34,13.9,28.6,0.0,-0.0,-14.8,-0.0,2412,3414,0,7,-12
884,126.18,31948,389.99,390.33,0.34,12.9,28.6,0.0,-0.0,-15.7,-0.0,2387,3390,0,6,-11
885,126.35,31946,389.97,390.28,0.32,12.5,26.6,0.0,-0.0,-14.1,-0.0,2362,3371,0,5,-11
886,126.51,31943,389.93,390.23,0.31,11.7,25.6,0.0,-0.0,-13.9,-0.0,2324,3333,0,4,-10
887,126.60,31940,389.89,390.20,0.31,10.5,25.6,0.0,-0.0,-15.1,-0.0,2287,3291,0,3,-10
888,126.76,31936,389.84,390.15,0.31,11.4,25.6,0.0,-0.0,-14.1,-0.0,2237,3241,0,3,-11
889,126.93,31936,389.84,390.10,0.26,7.6,21.5,0.0,-0.0,-13.9,-0.0,2237,3245,0,2,-7
890,127.01,31933,389.81,390.07,0.27,7.2,22.5,0.0,-0.0,-15.3,-0.0,2199,3202,0,1,-7
891,127.18,31931,389.78,390.02,0.23,5.0,19.4,0.0,-0.0,-14.4,-0.0,2174,3180,0,1,-5
892,127.35,31929,389.76,389.96,0.21,2.7,17.4,0.0,-0.0,-14.7,-0.0,2149,3161,0,0,-3
893,127.52,31928,389.75,389.91,0.16,-2.1,13.3,0.0,-0.0,-15.4,-0.0,2137,1100,0,0,2
894,127.61,31925,389.71,389.88,0.17,-1.8,14.3,0.0,-0.0,-16.1,-0.0,2099,1057,0,0,2
895,127.78,31923,389.69,389.83,0.15,-2.7,12.3,0.0,-0.0,-15.0,-0.0,2074,1038,0,0,3
896,127.95,31920,389.65,389.77,0.12,-5.0,10.2,0.0,-0.0,-15.2,-0.0,2037,996,0,0,5
897,128.03,31921,389.66,389.75,0.09,-8.1,7.2,0.0,-0.0,-15.2,-0.0,2049,1013,0,0,8
898,128.20,31918,389.62,389.69,0.07,-8.2,6.1,0.0,-0.0,-14.3,-0.0,2012,974,0,1,8
899,128.30,31915,389.59,389.66,0.07,-11.0,6.1,0.0,-0.0,-17.2,-0.0,1974,933,0,1,11
900,128.46,31914,389.58,389.61,0.04,-11.5,3.1,0.0,-0.0,-14.6,-0.0,1962,925,0,2,11
901,128.63,31913,389.56,389.55,-0.01,-16.3,-1.0,0.0,-0.0,-15.3,-0.0,1949,914,0,3,16
902,128.80,31911,389.54,389.50,-0.04,-17.4,-3.1,0.0,-0.0,-14.4,-0.0,1924,888,0,3,17
903,128.88,31910,389.53,389.47,-0.05,-18.7,-4.1,0.0,-0.0,-14.6,-0.0,1912,876,0,4,18
904,129.05,31910,389.53,389.42,-0.11,-23.4,-9.2,0.0,-0.0,-14.1,-0.0,1912,882,0,5,22
905,129.21,31910,389.53,389.37,-0.16,-27.7,-13.3,0.0,-0.0,-14.4,-0.0,1912,882,0,6,26
906,129.30,31909,389.51,389.34,-0.17,-30.2,-14.3,0.0,-0.0,-15.9,-0.0,1899,869,0,7,28
907,129.47,31903,389.44,389.28,-0.16,-28.9,-13.3,0.0,-0.0,-15.6,-0.0,1824,787,0,10,26
908,129.64,31903,389.44,389.23,-0.21,-32.6,-17.4,0.0,-0.0,-15.2,-0.0,1824,789,0,11,30
909,129.72,31903,389.44,389.20,-0.24,-35.9,-20.5,0.0,-0.0,-15.4,-0.0,1824,789,0,12,33
910,129.89,31902,389.43,389.15,-0.28,-38.5,-23.5,0.0,-0.0,-15.0,-0.0,1812,776,0,14,35
911,130.06,31898,389.38,389.09,-0.29,-39.1,-24.5,0.0,-0.0,-14.5,-0.0,1762,725,0,17,34
912,130.15,31894,389.33,389.06,-0.27,-38.9,-22.5,0.0,-0.0,-16.5,-0.0,1712,673,0,19,32
913,130.32,31891,389.29,389.01,-0.28,-37.6,-23.5,0.0,-0.0,-14.0,-0.0,1674,633,0,21,30
914,130.48,31888,389.26,388.96,-0.31,-40.1,-25.6,0.0,-0.0,-14.5,-0.0,1637,593,0,24,31
915,130.65,31886,389.23,388.90,-0.33,-42.2,-27.6,0.0,-0.0,-14.6,-0.0,1612,566,0,26,31
916,130.73,31885,389.22,388.87,-0.34,-44.2,-28.6,0.0,-0.0,-15.5,-0.0,1599,555,0,28,32
917,130.90,31881,389.17,388.82,-0.35,-44.2,-29.7,0.0,-0.0,-14.6,-0.0,1549,510,0,30,30
918,131.07,31875,389.10,388.76,-0.34,-43.0,-28.6,0.0,-0.0,-14.4,-0.0,1474,430,0,33,26
919,131.23,31868,389.01,388.71,-0.31,-40.4,-25.6,0.0,0.0,-14.9,-0.0,1387,335,0,34,19
920,131.32,31864,388.96,388.68,-0.28,-40.4,-23.5,0.0,0.0,-16.8,-0.0,1337,276,0,36,16
921,131.49,31861,388.93,388.63,-0.31,-40.0,-25.6,0.0,0.0,-14.4,-0.0,1299,240,0,36,14
922,131.58,31857,388.88,388.60,-0.28,-39.9,-23.5,0.0,0.0,-16.4,-0.0,1249,186,0,37,11
923,131.74,31853,388.83,388.54,-0.29,-39.0,-24.5,0.0,0.0,-14.4,-0.0,1199,144,0,37,8
924,131.90,31848,388.77,388.49,-0.28,-38.0,-23.5,0.0,0.0,-14.5,-0.0,1137,85,0,36,5
925,132.07,31837,388.64,388.43,-0.21,-32.6,-17.4,0.0,0.0,-15.2,-0.0,999,4033,0,31,-3
926,132.16,31837,388.64,388.41,-0.23,-35.2,-19.4,0.0,0.0,-15.7,-0.0,999,4034,0,34,-3
927,132.33,31831,388.56,388.35,-0.21,-32.2,-17.4,0.0,0.0,-14.8,-0.0,924,3959,0,30,-6
928,132.49,31823,388.46,388.29,-0.17,-29.1,-14.3,0.0,0.0,-14.8,-0.0,824,3857,0,26,-10
929,132.58,31820,388.43,388.26,-0.16,-29.6,-13.3,0.0,0.0,-16.3,-0.0,787,3815,0,26,-12
930,132.75,31814,388.35,388.21,-0.15,-27.6,-12.3,0.0,0.0,-15.3,-0.0,712,3750,0,23,-14
931,132.92,31808,388.28,388.15,-0.13,-26.1,-11.2,0.0,0.0,-14.8,-0.0,637,3671,0,20,-15
932,133.01,31801,388.20,388.12,-0.07,-23.0,-6.1,0.0,0.0,-16.8,-0.0,549,3572,0,15,-16
933,133.17,31791,388.07,388.07,-0.01,-16.4,-1.0,0.0,0.0,-15.3,-0.0,424,3449,0,9,-13
934,133.35,31787,388.02,388.01,-0.01,-16.9,-1.0,0.0,0.0,-15.9,-0.0,374,3401,0,8,-14
935,133.43,31782,387.96,387.98,0.01,-14.9,1.0,0.0,0.0,-15.9,-0.0,312,3335,0,6,-13
936,133.60,31774,387.87,387.93,0.06,-9.3,5.1,0.0,0.0,-14.4,-0.0,212,3237,0,2,-9
937,133.76,31767,387.78,387.87,0.09,-7.3,7.2,0.0,0.0,-14.4,-0.0,124,3156,0,1,-7
938,133.92,31763,387.73,387.82,0.09,-7.8,7.2,0.0,0.0,-14.9,-0.0,74,3106,0,0,-8
939,134.01,31756,387.65,387.79,0.15,-4.4,12.3,0.0,0.0,-16.7,-0.0,4083,3008,0,0,-4
940,134.18,31748,387.55,387.73,0.18,0.4,15.3,0.0,0.0,-15.0,-0.0,3983,868,0,0,0
941,134.35,31739,387.44,387.67,0.23,3.7,19.4,0.0,0.0,-15.7,-0.0,3870,753,0,1,3
942,134.43,31739,387.44,387.65,0.21,1.4,17.4,0.0,0.0,-16.0,-0.0,3870,755,0,1,1
943,134.61,31733,387.37,387.59,0.22,3.2,18.4,0.0,0.0,-15.3,-0.0,3795,679,0,2,3
944,134.77,31723,387.24,387.53,0.29,9.5,24.5,0.0,0.0,-15.0,-0.0,3670,557,0,6,7
945,134.86,31723,387.24,387.50,0.26,5.2,21.5,0.0,0.0,-16.3,-0.0,3670,559,0,3,4
946,135.03,31717,387.17,387.45,0.28,9.0,23.5,0.0,0.0,-14.6,-0.0,3595,492,0,6,6
947,135.20,31709,387.07,387.39,0.32,11.3,26.6,0.0,0.0,-15.3,-0.0,3495,382,0,9,6
948,135.29,31706,387.04,387.36,0.32,10.0,26.6,0.0,0.0,-16.6,-0.0,3458,343,0,8,5
949,135.46,31702,386.99,387.30,0.32,10.7,26.6,0.0,0.0,-15.9,-0.0,3408,305,0,9,5
950,135.62,31697,386.93,387.25,0.32,10.7,26.6,0.0,0.0,-15.9,-0.0,3345,236,0,10,4
951,135.78,31693,386.88,387.19,0.32,11.7,26.6,0.0,0.0,-14.9,-0.0,3295,195,0,11,3
952,135.86,31693,386.88,387.16,0.28,8.1,23.5,0.0,-0.0,-15.4,-0.0,3295,199,0,8,2
953,136.03,31683,386.76,387.11,0.35,14.7,29.7,0.0,0.0,-14.9,-0.0,3170,69,0,14,2
954,136.21,31680,386.72,387.05,0.33,11.7,27.6,0.0,0.0,-15.9,-0.0,3133,32,0,11,1
955,136.29,31679,386.71,387.02,0.31,7.6,25.6,0.0,-0.0,-18.0,-0.0,3120,17,0,7,0
956,136.46,31673,386.63,386.96,0.33,11.6,27.6,0.0,0.0,-16.0,-0.0,3045,4039,0,11,-1
957,136.63,31668,386.57,386.90,0.33,11.9,27.6,0.0,0.0,-15.7,-0.0,2983,3977,0,11,-2
958,136.72,31664,386.52,386.87,0.35,13.4,29.7,0.0,0.0,-16.3,-0.0,2933,3928,0,13,-3
959,136.89,31662,386.50,386.81,0.32,9.5,26.6,0.0,-0.0,-17.0,-0.0,2908,3904,0,9,-3
960,137.06,31660,386.47,386.76,0.28,8.5,23.5,0.0,-0.0,-15.0,-0.0,2883,3884,0,8,-3
961,137.15,31654,386.40,386.73,0.33,10.8,27.6,0.0,0.0,-16.8,-0.0,2808,3802,0,9,-5
962,137.32,31652,386.38,386.67,0.29,8.2,24.5,0.0,-0.0,-16.3,-0.0,2783,3783,0,7,-4
963,137.49,31650,386.35,386.61,0.26,5.6,21.5,0.0,-0.0,-15.8,-0.0,2758,3764,0,5,-3
964,137.57,31648,386.33,386.58,0.26,5.4,21.5,0.0,-0.0,-16.1,-0.0,2733,3736,0,4,-3
965,137.74,31642,386.25,386.52,0.27,7.4,22.5,0.0,-0.0,-15.1,-0.0,2658,3657,0,6,-4
966,137.90,31641,386.24,386.46,0.22,3.0,18.4,0.0,-0.0,-15.4,-0.0,2645,3653,0,2,-2
967,138.08,31639,386.22,386.40,0.18,-0.8,15.3,0.0,-0.0,-16.2,-0.0,2620,1576,0,-1,1
968,138.16,31637,386.19,386.38,0.18,-1.1,15.3,0.0,-0.0,-16.4,-0.0,2595,1551,0,-1,1
969,138.32,31634,386.16,386.32,0.16,-1.6,13.3,0.0,-0.0,-14.9,-0.0,2558,1517,0,-1,1
970,138.48,31633,386.15,386.26,0.12,-5.0,10.2,0.0,-0.0,-15.2,-0.0,2545,1509,0,-3,4
971,138.57,31633,386.15,386.23,0.09,-9.8,7.2,0.0,-0.0,-17.0,-0.0,2545,1508,0,-6,7
972,138.74,31628,386.08,386.18,0.09,-8.3,7.2,0.0,-0.0,-15.5,-0.0,2483,1443,0,-5,6
973,138.91,31624,386.04,386.12,0.09,-8.3,7.2,0.0,-0.0,-15.5,-0.0,2433,1393,0,-4,7
974,139.00,31621,386.00,386.09,0.09,-9.6,7.2,0.0,-0.0,-16.8,-0.0,2395,1351,0,-4,8
975,139.17,31619,385.97,386.03,0.05,-11.7,4.1,0.0,-0.0,-15.8,-0.0,2370,1326,0,-5,10
976,139.34,31617,385.95,385.97,0.01,-15.3,1.0,0.0,-0.0,-16.3,-0.0,2345,1301,0,-6,13
977,139.50,31617,385.95,385.91,-0.04,-18.4,-3.1,0.0,-0.0,-15.3,-0.0,2345,1307,0,-7,16
978,139.58,31617,385.95,385.88,-0.06,-20.7,-5.1,0.0,-0.0,-15.6,-0.0,2345,1311,0,-9,18
979,139.74,31614,385.91,385.83,-0.09,-22.8,-7.2,0.0,-0.0,-15.6,-0.0,2308,1275,0,-8,20
980,139.91,31612,385.89,385.77,-0.12,-25.8,-10.2,0.0,-0.0,-15.6,-0.0,2283,1250,0,-9,24
981,140.00,31611,385.88,385.74,-0.13,-28.7,-11.2,0.0,-0.0,-17.4,-0.0,2270,1236,0,-9,26
982,140.16,31608,385.84,385.68,-0.16,-28.9,-13.3,0.0,-0.0,-15.6,-0.0,2233,1196,0,-7,27
983,140.33,31607,385.83,385.62,-0.21,-33.0,-17.4,0.0,-0.0,-15.6,-0.0,2220,1181,0,-8,31
984,140.49,31603,385.78,385.56,-0.22,-34.1,-18.4,0.0,-0.0,-15.7,-0.0,2170,1131,0,-5,33
985,140.58,31600,385.74,385.53,-0.21,-34.4,-17.4,0.0,-0.0,-17.0,-0.0,2133,1090,0,-3,33
986,140.75,31593,385.66,385.47,-0.18,-31.6,-15.3,0.0,-0.0,-16.2,-0.0,2045,995,0,1,31
987,140.93,31591,385.63,385.41,-0.22,-35.2,-18.4,0.0,-0.0,-16.8,-0.0,2020,972,0,3,34
988,141.01,31591,385.63,385.38,-0.26,-38.2,-21.5,0.0,-0.0,-16.8,-0.0,2020,972,0,3,37
989,141.18,31585,385.56,385.32,-0.24,-36.2,-20.5,0.0,-0.0,-15.7,-0.0,1945,895,0,7,34
990,141.35,31579,385.49,385.26,-0.23,-36.5,-19.4,0.0,-0.0,-17.1,-0.0,1870,817,0,11,34
991,141.44,31575,385.44,385.23,-0.21,-34.5,-17.4,0.0,-0.0,-17.1,-0.0,1820,768,0,13,31
992,141.61,31573,385.41,385.17,-0.24,-37.6,-20.5,0.0,-0.0,-17.1,-0.0,1795,743,0,15,33
993,141.78,31570,385.38,385.11,-0.27,-38.6,-22.5,0.0,-0.0,-16.1,-0.0,1758,708,0,17,33
994,141.85,31567,385.34,385.08,-0.26,-36.2,-21.5,0.0,-0.0,-14.8,-0.0,1720,672,0,18,30
995,142.02,31564,385.30,385.02,-0.28,-39.4,-23.5,0.0,-0.0,-15.8,-0.0,1683,637,0,21,32
996,142.19,31556,385.21,384.96,-0.24,-36.3,-20.5,0.0,0.0,-15.9,-0.0,1583,531,0,24,26
997,142.28,31553,385.17,384.93,-0.23,-37.4,-19.4,0.0,0.0,-18.0,-0.0,1545,488,0,27,25
998,142.45,31547,385.10,384.87,-0.22,-35.1,-18.4,0.0,0.0,-16.7,-0.0,1470,411,0,27,20
999,142.62,31540,385.01,384.81,-0.20,-33.3,-16.4,0.0,0.0,-17.0,-0.0,1383,318,0,29,15
1000,142.71,31536,384.96,384.78,-0.18,-32.8,-15.3,0.0,0.0,-17.5,-0.0,1333,265,0,29,13
1001,142.89,31532,384.91,384.71,-0.20,-33.4,-16.4,0.0,0.0,-17.0,-0.0,1283,223,0,30,11
1002,143.05,31525,384.83,384.66,-0.17,-30.0,-14.3,0.0,0.0,-15.7,-0.0,1195,136,0,28,6
1003,143.14,31518,384.74,384.62,-0.12,-27.8,-10.2,0.0,0.0,-17.6,-0.0,1108,39,0,27,2
1004,143.31,31513,384.68,384.56,-0.11,-25.5,-9.2,0.0,0.0,-16.2,-0.0,1045,4078,0,25,-1
1005,143.47,31507,384.61,384.51,-0.10,-23.9,-8.2,0.0,0.0,-15.7,-0.0,970,4003,0,23,-3
1006,143.57,31500,384.52,384.47,-0.05,-23.0,-4.1,0.0,0.0,-18.9,-0.0,883,3901,0,21,-7
1007,143.73,31493,384.44,384.41,-0.02,-18.1,-2.0,0.0,0.0,-16.0,-0.0,795,3821,0,16,-7
1008,143.90,31489,384.39,384.35,-0.04,-19.7,-3.1,0.0,0.0,-16.6,-0.0,745,3778,0,17,-9
1009,143.99,31487,384.36,384.32,-0.05,-21.2,-4.1,0.0,0.0,-17.1,-0.0,720,3752,0,18,-10
1010,144.15,31475,384.22,384.26,0.05,-11.7,4.1,0.0,0.0,-15.8,-0.0,570,3597,0,8,-8
1011,144.31,31470,384.16,384.20,0.05,-12.0,4.1,0.0,0.0,-16.1,-0.0,508,3542,0,8,-9
1012,144.48,31462,384.06,384.14,0.09,-9.2,7.2,0.0,0.0,-16.4,-0.0,408,3439,0,5,-8
1013,144.56,31458,384.01,384.11,0.10,-9.5,8.2,0.0,0.0,-17.7,-0.0,358,3380,0,4,-8
1014,144.73,31451,383.92,384.05,0.12,-6.2,10.2,0.0,0.0,-16.4,-0.0,270,3297,0,2,-6
1015,144.90,31442,383.81,383.99,0.18,-0.5,15.3,0.0,0.0,-15.9,-0.0,158,3187,0,0,-1
1016,145.06,31437,383.75,383.93,0.18,-0.8,15.3,0.0,0.0,-16.2,-0.0,95,3126,0,0,-1
1017,145.15,31434,383.72,383.90,0.18,-2.2,15.3,0.0,0.0,-17.5,-0.0,58,3086,0,0,-2
1018,145.32,31426,383.62,383.84,0.22,2.7,18.4,0.0,0.0,-15.7,-0.0,4054,945,0,0,3
1019,145.48,31418,383.52,383.78,0.26,5.3,21.5,0.0,0.0,-16.2,-0.0,3954,838,0,1,5
1020,145.57,31416,383.50,383.75,0.26,4.7,21.5,0.0,0.0,-16.8,-0.0,3929,818,0,1,4
1021,145.73,31413,383.46,383.69,0.23,3.7,19.4,0.0,0.0,-15.7,-0.0,3891,785,0,1,3
1022,145.90,31405,383.36,383.63,0.27,5.7,22.5,0.0,0.0,-16.8,-0.0,3791,679,0,3,5
1023,145.99,31403,383.34,383.59,0.26,3.8,21.5,0.0,0.0,-17.6,-0.0,3766,658,0,2,3
1024,146.16,31398,383.28,383.53,0.26,4.6,21.5,0.0,0.0,-16.8,-0.0,3704,602,0,3,4
1025,146.32,31391,383.19,383.47,0.28,6.9,23.5,0.0,0.0,-16.6,-0.0,3616,507,0,5,5
1026,146.49,31385,383.12,383.41,0.29,8.5,24.5,0.0,0.0,-16.1,-0.0,3541,437,0,6,5
1027,146.57,31382,383.08,383.38,0.31,8.4,25.6,0.0,0.0,-17.2,-0.0,3504,397,0,7,5
1028,146.74,31375,383.00,383.32,0.32,10.0,26.6,0.0,0.0,-16.6,-0.0,3416,307,0,9,4
1029,146.90,31373,382.97,383.26,0.29,8.7,24.5,0.0,0.0,-15.8,-0.0,3391,289,0,8,4
1030,146.98,31371,382.95,383.23,0.28,7.1,23.5,0.0,0.0,-16.4,-0.0,3366,265,0,6,3
1031,147.15,31366,382.89,383.17,0.28,7.4,23.5,0.0,-0.0,-16.1,-0.0,3304,204,0,7,2
1032,147.32,31361,382.82,383.11,0.28,7.1,23.5,0.0,-0.0,-16.4,-0.0,3241,142,0,7,1
1033,147.48,31356,382.76,383.05,0.28,7.4,23.5,0.0,-0.0,-16.2,-0.0,3179,82,0,7,1
1034,147.56,31354,382.74,383.02,0.28,6.2,23.5,0.0,-0.0,-17.3,-0.0,3154,52,0,6,0
1035,147.73,31350,382.69,382.96,0.27,6.3,22.5,0.0,-0.0,-16.2,-0.0,3104,4,0,6,0
1036,147.90,31347,382.65,382.89,0.23,2.1,19.4,0.0,-0.0,-17.3,-0.0,3066,4064,0,2,0
1037,147.99,31345,382.63,382.86,0.23,1.0,19.4,0.0,-0.0,-18.4,-0.0,3041,4039,0,1,0
1038,148.16,31343,382.60,382.80,0.20,-0.4,16.4,0.0,-0.0,-16.8,-0.0,3016,1973,0,0,0
1039,148.32,31338,382.54,382.74,0.20,0.4,16.4,0.0,-0.0,-16.0,-0.0,2954,3958,0,0,0
1040,148.48,31334,382.50,382.68,0.18,-0.9,15.3,0.0,-0.0,-16.3,-0.0,2904,1861,0,-1,0
1041,148.57,31334,382.50,382.64,0.15,-5.9,12.3,0.0,-0.0,-18.2,-0.0,2904,1859,0,-6,2
1042,148.74,31328,382.42,382.58,0.16,-3.6,13.3,0.0,-0.0,-16.9,-0.0,2829,1783,0,-3,1
1043,148.90,31325,382.39,382.52,0.13,-4.8,11.2,0.0,-0.0,-16.0,-0.0,2791,1746,0,-4,2
1044,148.98,31325,382.39,382.49,0.11,-7.7,9.2,0.0,-0.0,-16.9,-0.0,2791,1748,0,-7,3
1045,149.15,31319,382.31,382.43,0.12,-6.1,10.2,0.0,-0.0,-16.4,-0.0,2716,1670,0,-5,3
1046,149.31,31317,382.29,382.37,0.09,-9.5,7.2,0.0,-0.0,-16.7,-0.0,2691,1646,0,-8,5
1047,149.48,31316,382.28,382.31,0.02,-14.3,2.0,0.0,-0.0,-16.4,-0.0,2679,1642,0,-11,8
1048,149.56,31314,382.25,382.27,0.02,-15.5,2.0,0.0,-0.0,-17.5,-0.0,2654,1613,0,-12,9
1049,149.73,31310,382.20,382.21,0.01,-15.4,1.0,0.0,-0.0,-16.4,-0.0,2604,1558,0,-11,10
1050,149.90,31307,382.17,382.15,-0.01,-18.6,-1.0,0.0,-0.0,-17.5,-0.0,2566,1524,0,-12,13
1051,149.99,31307,382.17,382.12,-0.05,-22.2,-4.1,0.0,-0.0,-18.1,-0.0,2566,1526,0,-15,15
1052,150.15,31304,382.13,382.05,-0.07,-22.9,-6.1,0.0,-0.0,-16.8,-0.0,2529,1488,0,-14,17
1053,150.31,31302,382.10,381.99,-0.11,-25.7,-9.2,0.0,-0.0,-16.5,-0.0,2504,1467,0,-16,19
1054,150.48,31300,382.08,381.93,-0.15,-28.8,-12.3,0.0,-0.0,-16.5,-0.0,2479,1443,0,-17,22
1055,150.57,31298,382.06,381.90,-0.16,-31.8,-13.3,0.0,-0.0,-18.5,-0.0,2454,1416,0,-17,25
1056,150.73,31292,381.98,381.83,-0.15,-29.4,-12.3,0.0,-0.0,-17.1,-0.0,2379,1334,0,-13,25
1057,150.90,31289,381.95,381.77,-0.17,-30.9,-14.3,0.0,-0.0,-16.5,-0.0,2341,1298,0,-12,27
1058,150.98,31289,381.95,381.74,-0.21,-34.8,-17.4,0.0,-0.0,-17.4,-0.0,2341,1297,0,-14,31
1059,151.14,31285,381.90,381.68,-0.22,-34.7,-18.4,0.0,-0.0,-16.3,-0.0,2291,1246,0,-11,32
1060,151.31,31278,381.81,381.62,-0.20,-33.2,-16.4,0.0,-0.0,-16.9,-0.0,2204,1155,0,-6,32
1061,151.48,31275,381.77,381.55,-0.22,-35.3,-18.4,0.0,-0.0,-16.9,-0.0,2166,1121,0,-5,34
1062,151.56,31273,381.75,381.52,-0.23,-36.3,-19.4,0.0,-0.0,-16.9,-0.0,2141,1093,0,-4,35
1063,151.72,31269,381.70,381.46,-0.24,-37.1,-20.5,0.0,-0.0,-16.6,-0.0,2091,1041,0,-1,36
1064,151.89,31267,381.68,381.40,-0.28,-40.8,-23.5,0.0,-0.0,-17.2,-0.0,2066,1021,0,0,39
1065,152.06,31256,381.54,381.33,-0.21,-34.9,-17.4,0.0,-0.0,-17.5,-0.0,1929,876,0,8,33
1066,152.14,31253,381.51,381.30,-0.21,-35.8,-17.4,0.0,0.0,-18.4,-0.0,1891,832,0,10,33
1067,152.31,31246,381.42,381.24,-0.18,-32.0,-15.3,0.0,0.0,-16.7,-0.0,1804,745,0,13,28
1068,152.47,31243,381.38,381.17,-0.21,-34.1,-17.4,0.0,0.0,-16.7,-0.0,1766,705,0,16,29
1069,152.56,31239,381.34,381.14,-0.20,-35.1,-16.4,0.0,0.0,-18.7,-0.0,1716,647,0,19,28
1070,152.73,31234,381.27,381.08,-0.20,-33.7,-16.4,0.0,0.0,-17.3,-0.0,1654,598,0,20,26
1071,152.90,31228,381.20,381.01,-0.18,-32.1,-15.3,0.0,0.0,-16.8,-0.0,1579,525,0,22,22
1072,152.99,31225,381.16,380.98,-0.18,-34.1,-15.3,0.0,0.0,-18.8,-0.0,1541,484,0,24,22
1073,153.15,31217,381.07,380.92,-0.15,-28.8,-12.3,0.0,0.0,-16.5,-0.0,1441,381,0,23,15
1074,153.31,31208,380.96,380.85,-0.10,-25.0,-8.2,0.0,0.0,-16.8,-0.0,1329,264,0,22,10
1075,153.48,31202,380.88,380.79,-0.10,-26.2,-8.2,0.0,0.0,-18.0,-0.0,1254,183,0,24,7
1076,153.57,31198,380.83,380.76,-0.07,-24.7,-6.1,0.0,0.0,-18.5,-0.0,1204,133,0,23,5
1077,153.73,31192,380.76,380.69,-0.07,-23.0,-6.1,0.0,0.0,-16.9,-0.0,1129,62,0,22,2
1078,153.90,31184,380.66,380.63,-0.04,-20.8,-3.1,0.0,0.0,-17.7,-0.0,1029,4059,0,20,-1
1079,153.99,31178,380.59,380.59,0.00,-18.6,0.0,0.0,0.0,-18.6,-0.0,954,3979,0,18,-3
1080,154.16,31173,380.53,380.53,0.00,-17.2,0.0,0.0,0.0,-17.2,-0.0,891,3921,0,16,-4
1081,154.33,31162,380.40,380.46,0.06,-13.2,5.1,0.0,0.0,-18.4,-0.0,754,3777,0,11,-6
1082,154.42,31157,380.33,380.43,0.10,-10.8,8.2,0.0,0.0,-18.9,-0.0,691,3709,0,9,-6
1083,154.59,31148,380.22,380.36,0.13,-6.3,11.2,0.0,0.0,-17.5,-0.0,579,3599,0,4,-4
1084,154.76,31144,380.18,380.30,0.12,-6.7,10.2,0.0,0.0,-17.0,-0.0,529,3553,0,4,-5
1085,154.85,31143,380.16,380.26,0.10,-10.2,8.2,0.0,0.0,-18.4,-0.0,516,3542,0,7,-7
1086,155.01,31135,380.07,380.20,0.13,-5.7,11.2,0.0,0.0,-17.0,-0.0,416,3450,0,3,-5
1087,155.18,31126,379.96,380.13,0.17,-3.6,14.3,0.0,0.0,-17.9,-0.0,304,3337,0,1,-3
1088,155.26,31126,379.96,380.10,0.15,-3.9,12.3,0.0,0.0,-16.2,-0.0,304,3346,0,2,-3
1089,155.43,31114,379.81,380.04,0.23,1.8,19.4,0.0,0.0,-17.6,-0.0,154,1134,0,0,2
1090,155.60,31108,379.74,379.97,0.23,1.2,19.4,0.0,0.0,-18.2,-0.0,79,1054,0,0,1
1091,155.69,31104,379.69,379.94,0.24,1.9,20.5,0.0,0.0,-18.5,-0.0,29,1005,0,0,2
1092,155.86,31099,379.63,379.87,0.24,2.5,20.5,0.0,0.0,-18.0,-0.0,4062,950,0,0,2
1093,156.03,31093,379.55,379.80,0.26,3.8,21.5,0.0,0.0,-17.7,-0.0,3987,876,0,1,4
1094,156.21,31089,379.50,379.73,0.23,-0.6,19.4,0.0,0.0,-20.0,-0.0,3937,2877,0,0,-1
1095,156.30,31084,379.44,379.70,0.26,1.7,21.5,0.0,0.0,-19.8,-0.0,3875,765,0,1,2
1096,156.46,31077,379.36,379.63,0.28,5.8,23.5,0.0,0.0,-17.7,-0.0,3787,679,0,3,5
1097,156.55,31077,379.36,379.60,0.24,2.4,20.5,0.0,0.0,-18.0,-0.0,3787,683,0,1,2
1098,156.71,31071,379.28,379.54,0.26,4.3,21.5,0.0,0.0,-17.2,-0.0,3712,609,0,2,3
1099,156.87,31064,379.20,379.47,0.27,5.3,22.5,0.0,0.0,-17.2,-0.0,3625,517,0,4,4
1100,157.03,31059,379.14,379.41,0.27,5.0,22.5,0.0,-0.0,-17.5,-0.0,3562,462,0,4,3
1101,157.12,31055,379.09,379.38,0.29,6.2,24.5,0.0,0.0,-18.4,-0.0,3512,406,0,5,3
1102,157.29,31053,379.06,379.31,0.24,2.3,20.5,0.0,0.0,-18.1,-0.0,3487,383,0,2,1
1103,157.46,31047,378.99,379.24,0.26,3.9,21.5,0.0,-0.0,-17.6,-0.0,3412,313,0,3,2
1104,157.54,31043,378.94,379.21,0.27,4.1,22.5,0.0,0.0,-18.5,-0.0,3362,258,0,4,2
1105,157.71,31041,378.92,379.14,0.23,2.1,19.4,0.0,-0.0,-17.3,-0.0,3337,239,0,2,1
1106,157.87,31041,378.92,379.08,0.16,-4.0,13.3,0.0,-0.0,-17.3,-0.0,3337,2294,0,-4,-1
1107,158.04,31033,378.82,379.01,0.20,-1.8,16.4,0.0,-0.0,-18.2,-0.0,3237,2186,0,-2,0
1108,158.12,31032,378.81,378.98,0.17,-3.9,14.3,0.0,-0.0,-18.2,-0.0,3225,2178,0,-4,-1
1109,158.29,31026,378.74,378.92,0.18,-2.3,15.3,0.0,-0.0,-17.7,-0.0,3150,2104,0,-2,0
1110,158.46,31024,378.71,378.85,0.13,-6.7,11.2,0.0,-0.0,-18.0,-0.0,3125,2076,0,-6,0
1111,158.54,31023,378.70,378.81,0.11,-10.2,9.2,0.0,-0.0,-19.5,-0.0,3112,2059,0,-10,0
1112,158.71,31014,378.59,378.75,0.16,-4.1,13.3,0.0,-0.0,-17.4,-0.0,3000,1949,0,-4,1
1113,158.88,31014,378.59,378.68,0.10,-8.9,8.2,0.0,-0.0,-17.1,-0.0,3000,1953,0,-9,1
1114,159.03,31010,378.54,378.62,0.07,-11.6,6.1,0.0,-0.0,-17.7,-0.0,2950,1905,0,-11,2
1115,159.12,31008,378.52,378.58,0.07,-12.8,6.1,0.0,-0.0,-18.9,-0.0,2925,1876,0,-12,3
1116,159.29,31007,378.50,378.52,0.01,-16.7,1.0,0.0,-0.0,-17.8,-0.0,2912,1872,0,-16,4
1117,159.46,31004,378.47,378.45,-0.01,-18.8,-1.0,0.0,-0.0,-17.8,-0.0,2875,1836,0,-17,6
1118,159.54,31003,378.45,378.42,-0.04,-22.0,-3.1,0.0,-0.0,-19.0,-0.0,2862,1821,0,-20,7
1119,159.71,30998,378.39,378.35,-0.04,-20.6,-3.1,0.0,-0.0,-17.5,-0.0,2800,1759,0,-18,9
1120,159.87,30995,378.36,378.28,-0.07,-23.7,-6.1,0.0,-0.0,-17.5,-0.0,2762,1721,0,-20,11
1121,160.04,30990,378.30,378.22,-0.07,-23.7,-6.1,0.0,-0.0,-17.5,-0.0,2700,1652,0,-19,13
1122,160.13,30987,378.26,378.18,-0.07,-25.2,-6.1,0.0,-0.0,-19.0,-0.0,2662,1612,0,-19,15
1123,160.30,30984,378.22,378.11,-0.11,-28.0,-9.2,0.0,-0.0,-18.8,-0.0,2625,1573,0,-20,18
1124,160.47,30980,378.17,378.05,-0.12,-28.4,-10.2,0.0,-0.0,-18.2,-0.0,2575,1527,0,-19,20
1125,160.55,30978,378.15,378.01,-0.13,-31.2,-11.2,0.0,-0.0,-20.0,-0.0,2550,1499,0,-20,23
1126,160.73,30975,378.11,377.94,-0.17,-33.1,-14.3,0.0,-0.0,-18.8,-0.0,2512,1465,0,-20,25
1127,160.90,30972,378.08,377.87,-0.21,-36.5,-17.4,0.0,-0.0,-19.1,-0.0,2475,1430,0,-21,29
1128,160.98,30968,378.03,377.84,-0.18,-34.2,-15.3,0.0,-0.0,-18.8,-0.0,2425,1377,0,-17,28
1129,161.15,30962,377.95,377.77,-0.18,-33.3,-15.3,0.0,-0.0,-18.0,-0.0,2350,1300,0,-13,29
1130,161.32,30957,377.89,377.70,-0.18,-32.7,-15.3,0.0,-0.0,-17.4,-0.0,2287,1237,0,-10,30
1131,161.41,30955,377.87,377.67,-0.20,-36.2,-16.4,0.0,-0.0,-19.8,-0.0,2262,1206,0,-10,34
1132,161.58,30949,377.80,377.60,-0.20,-35.6,-16.4,0.0,0.0,-19.2,-0.0,2187,1128,0,-5,34
1133,161.75,30939,377.67,377.53,-0.15,-30.6,-12.3,0.0,0.0,-18.3,-0.0,2062,1001,0,1,30
1134,161.83,30938,377.66,377.50,-0.16,-31.9,-13.3,0.0,0.0,-18.6,-0.0,2050,990,0,2,31
1135,162.00,30937,377.65,377.43,-0.22,-37.1,-18.4,0.0,-0.0,-18.7,-0.0,2037,983,0,2,36
1136,162.17,30927,377.53,377.36,-0.16,-31.1,-13.3,0.0,0.0,-17.8,-0.0,1912,852,0,8,29
1137,162.26,30923,377.48,377.32,-0.16,-34.4,-13.3,0.0,0.0,-21.1,-0.0,1862,794,0,12,31
1138,162.43,30915,377.38,377.26,-0.12,-28.9,-10.2,0.0,0.0,-18.7,-0.0,1762,702,0,13,25
1139,162.60,30909,377.31,377.19,-0.12,-28.7,-10.2,0.0,0.0,-18.4,-0.0,1687,622,0,16,23
1140,162.69,30905,377.26,377.15,-0.11,-29.5,-9.2,0.0,0.0,-20.2,-0.0,1637,562,0,19,22
1141,162.86,30897,377.16,377.08,-0.09,-25.9,-7.2,0.0,0.0,-18.8,-0.0,1537,469,0,19,17
1142,163.03,30891,377.09,377.01,-0.07,-24.0,-6.1,0.0,0.0,-17.9,-0.0,1462,398,0,19,13
1143,163.11,30888,377.05,376.98,-0.07,-26.5,-6.1,0.0,0.0,-20.3,-0.0,1425,358,0,22,13
1144,163.29,30883,376.99,376.91,-0.09,-25.4,-7.2,0.0,0.0,-18.2,-0.0,1362,301,0,22,11
1145,163.45,30870,376.83,376.84,0.01,-17.2,1.0,0.0,0.0,-18.2,-0.0,1200,131,0,16,3
1146,163.54,30869,376.82,376.80,-0.01,-19.9,-1.0,0.0,0.0,-18.8,-0.0,1187,121,0,19,4
1147,163.70,30859,376.70,376.74,0.04,-14.9,3.1,0.0,0.0,-18.0,-0.0,1062,4089,0,14,0
1148,163.86,30854,376.64,376.67,0.04,-14.9,3.1,0.0,0.0,-18.0,-0.0,1000,4024,0,14,-2
1149,164.03,30844,376.51,376.60,0.09,-11.7,7.2,0.0,0.0,-18.9,-0.0,875,3898,0,11,-3
1150,164.12,30843,376.50,376.57,0.06,-14.4,5.1,0.0,0.0,-19.5,-0.0,862,3892,0,13,-4
1151,164.29,30836,376.42,376.50,0.09,-11.5,7.2,0.0,0.0,-18.6,-0.0,775,3805,0,10,-5
1152,164.45,30829,376.33,376.43,0.10,-10.8,8.2,0.0,0.0,-19.0,-0.0,687,3718,0,9,-6
1153,164.54,30825,376.28,376.39,0.11,-11.0,9.2,0.0,0.0,-20.2,-0.0,637,3663,0,8,-7
1154,164.71,30818,376.20,376.32,0.12,-7.8,10.2,0.0,0.0,-18.1,-0.0,550,3585,0,5,-5
1155,164.88,30809,376.09,376.25,0.16,-6.3,13.3,0.0,0.0,-19.6,-0.0,437,3463,0,3,-5
1156,164.97,30804,376.03,376.21,0.20,-3.3,16.4,0.0,0.0,-19.6,-0.0,375,3398,0,2,-3
1157,165.14,30797,375.94,376.14,0.21,-1.6,17.4,0.0,0.0,-19.0,-0.0,287,3312,0,1,-1
1158,165.31,30787,375.82,376.08,0.26,2.7,21.5,0.0,0.0,-18.7,-0.0,162,1136,0,0,3
1159,165.39,30785,375.79,376.04,0.24,0.8,20.5,0.0,0.0,-19.7,-0.0,137,1111,0,0,1
1160,165.56,30780,375.73,375.97,0.23,0.0,19.4,0.0,0.0,-19.4,-0.0,75,1055,0,0,0
1161,165.73,30776,375.68,375.90,0.22,-0.4,18.4,0.0,0.0,-18.8,-0.0,25,3062,0,0,0
1162,165.89,30768,375.59,375.83,0.24,2.3,20.5,0.0,0.0,-18.2,-0.0,4021,914,0,0,2
1163,165.98,30764,375.54,375.80,0.26,1.7,21.5,0.0,0.0,-19.7,-0.0,3971,863,0,0,2
1164,166.15,30760,375.49,375.73,0.24,1.0,20.5,0.0,0.0,-19.5,-0.0,3921,813,0,0,1
1165,166.31,30754,375.42,375.66,0.24,2.2,20.5,0.0,0.0,-18.2,-0.0,3846,739,0,1,2
1166,166.40,30751,375.38,375.62,0.24,0.7,20.5,0.0,0.0,-19.8,-0.0,3808,697,0,0,1
1167,166.57,30745,375.31,375.55,0.24,1.3,20.5,0.0,0.0,-19.2,-0.0,3733,627,0,1,1
1168,166.74,30743,375.28,375.48,0.21,-1.2,17.4,0.0,-0.0,-18.6,-0.0,3708,2658,0,-1,-1
1169,166.83,30742,375.27,375.45,0.18,-4.5,15.3,0.0,-0.0,-19.8,-0.0,3696,2644,0,-3,-3
1170,167.00,30731,375.13,375.37,0.24,0.9,20.5,0.0,0.0,-19.5,-0.0,3558,451,0,1,1
1171,167.16,30727,375.09,375.30,0.22,0.1,18.4,0.0,-0.0,-18.3,-0.0,3508,405,0,0,0
1172,167.25,30726,375.07,375.27,0.20,-4.5,16.4,0.0,-0.0,-20.8,-0.0,3496,2442,0,-4,-2
1173,167.42,30722,375.02,375.20,0.17,-4.3,14.3,0.0,-0.0,-18.7,-0.0,3446,2392,0,-4,-2
1174,167.59,30717,374.96,375.13,0.16,-6.6,13.3,0.0,-0.0,-19.9,-0.0,3383,2330,0,-6,-3
1175,167.67,30715,374.94,375.09,0.15,-7.4,12.3,0.0,-0.0,-19.6,-0.0,3358,2310,0,-7,-3
1176,167.85,30714,374.93,375.02,0.09,-12.2,7.2,0.0,-0.0,-19.3,-0.0,3346,2303,0,-11,-4
1177,168.01,30706,374.83,374.95,0.12,-9.1,10.2,0.0,-0.0,-19.4,-0.0,3246,2196,0,-9,-2
1178,168.10,30706,374.83,374.91,0.09,-12.8,7.2,0.0,-0.0,-20.0,-0.0,3246,2197,0,-12,-3
1179,168.27,30700,374.76,374.84,0.09,-12.2,7.2,0.0,-0.0,-19.4,-0.0,3171,2122,0,-12,-1
1180,168.44,30700,374.76,374.77,0.01,-18.1,1.0,0.0,-0.0,-19.1,-0.0,3171,2127,0,-17,-2
1181,168.60,30696,374.71,374.70,0.00,-19.7,0.0,0.0,-0.0,-19.7,-0.0,3121,2080,0,-19,-1
1182,168.68,30694,374.68,374.66,-0.01,-21.4,-1.0,0.0,-0.0,-20.4,-0.0,3096,2053,0,-21,0
1183,168.85,30690,374.63,374.59,-0.04,-22.5,-3.1,0.0,-0.0,-19.5,-0.0,3046,2004,0,-22,1
1184,169.02,30689,374.62,374.52,-0.10,-26.7,-8.2,0.0,-0.0,-18.5,-0.0,3033,1992,0,-26,2
1185,169.10,30687,374.60,374.49,-0.11,-28.7,-9.2,0.0,-0.0,-19.5,-0.0,3008,1964,0,-28,4
1186,169.27,30680,374.51,374.42,-0.10,-27.7,-8.2,0.0,-0.0,-19.5,-0.0,2921,1873,0,-26,7
1187,169.44,30674,374.44,374.35,-0.10,-27.1,-8.2,0.0,-0.0,-18.9,-0.0,2846,1797,0,-24,10
1188,169.60,30671,374.40,374.28,-0.12,-29.1,-10.2,0.0,-0.0,-18.9,-0.0,2808,1758,0,-25,12
1189,169.69,30668,374.37,374.24,-0.12,-30.4,-10.2,0.0,-0.0,-20.2,-0.0,2771,1714,0,-26,14
1190,169.86,30665,374.33,374.17,-0.16,-32.2,-13.3,0.0,-0.0,-18.9,-0.0,2733,1683,0,-26,17
1191,170.03,30663,374.30,374.10,-0.21,-36.7,-17.4,0.0,-0.0,-19.3,-0.0,2708,1663,0,-30,20
1192,170.11,30659,374.26,374.06,-0.20,-37.2,-16.4,0.0,-0.0,-20.9,-0.0,2658,1610,0,-28,22
1193,170.29,30653,374.18,373.99,-0.20,-36.3,-16.4,0.0,-0.0,-19.9,-0.0,2583,1532,0,-25,25
1194,170.45,30646,374.10,373.92,-0.18,-34.7,-15.3,0.0,-0.0,-19.3,-0.0,2496,1444,0,-20,27
1195,170.54,30642,374.05,373.88,-0.17,-35.6,-14.3,0.0,-0.0,-21.2,-0.0,2446,1385,0,-18,29
1196,170.71,30633,373.94,373.81,-0.13,-30.0,-11.2,0.0,0.0,-18.7,-0.0,2333,1267,0,-11,27
1197,170.87,30630,373.90,373.74,-0.17,-32.8,-14.3,0.0,0.0,-18.4,-0.0,2296,1234,0,-10,30
1198,170.96,30626,373.85,373.70,-0.16,-34.3,-13.3,0.0,0.0,-21.0,-0.0,2246,1179,0,-8,32
1199,171.12,30623,373.82,373.63,-0.18,-34.1,-15.3,0.0,0.0,-18.8,-0.0,2208,1151,0,-6,32
1200,171.29,30612,373.68,373.56,-0.12,-29.3,-10.2,0.0,0.0,-19.1,-0.0,2071,1008,0,1,28
1201,171.46,30609,373.65,373.49,-0.16,-33.1,-13.3,0.0,0.0,-19.8,-0.0,2033,974,0,2,32
1202,171.54,30605,373.60,373.45,-0.15,-30.8,-12.3,0.0,0.0,-18.5,-0.0,1983,923,0,5,29
1203,171.70,30595,373.47,373.38,-0.10,-27.0,-8.2,0.0,0.0,-18.8,-0.0,1858,792,0,9,25
1204,171.87,30587,373.38,373.31,-0.06,-24.3,-5.1,0.0,0.0,-19.2,-0.0,1758,691,0,11,21
1205,171.95,30584,373.34,373.27,-0.07,-26.9,-6.1,0.0,0.0,-20.8,-0.0,1721,653,0,14,22
1206,172.13,30577,373.25,373.20,-0.06,-25.0,-5.1,0.0,0.0,-19.8,-0.0,1633,561,0,16,18
1207,172.30,30570,373.17,373.12,-0.05,-24.6,-4.1,0.0,0.0,-20.5,-0.0,1546,476,0,18,16
1208,172.38,30564,373.10,373.09,-0.01,-21.2,-1.0,0.0,0.0,-20.2,-0.0,1471,400,0,17,12
1209,172.55,30557,373.01,373.01,0.00,-19.9,0.0,0.0,0.0,-19.9,-0.0,1383,315,0,17,9
1210,172.71,30551,372.94,372.95,0.01,-18.2,1.0,0.0,0.0,-19.3,-0.0,1308,243,0,16,6
1211,172.87,30542,372.83,372.88,0.05,-14.9,4.1,0.0,0.0,-19.0,-0.0,1196,128,0,14,3
1212,172.96,30539,372.79,372.84,0.05,-17.1,4.1,0.0,0.0,-21.2,-0.0,1158,84,0,16,2
1213,173.12,30528,372.66,372.77,0.11,-9.1,9.2,0.0,0.0,-18.3,-0.0,1021,4050,0,9,-1
1214,173.29,30524,372.61,372.69,0.09,-13.5,7.2,0.0,0.0,-20.6,-0.0,971,3996,0,13,-2
1215,173.38,30519,372.55,372.66,0.11,-11.7,9.2,0.0,0.0,-20.9,-0.0,908,3930,0,11,-3
1216,173.55,30507,372.40,372.59,0.18,-4.0,15.3,0.0,0.0,-19.4,-0.0,758,3779,0,3,-2
1217,173.71,30502,372.34,372.51,0.17,-4.7,14.3,0.0,0.0,-19.0,-0.0,696,3720,0,4,-2
1218,173.88,30498,372.29,372.44,0.15,-7.1,12.3,0.0,0.0,-19.4,-0.0,646,3677,0,6,-4
1219,173.96,30491,372.20,372.40,0.20,-3.4,16.4,0.0,0.0,-19.7,-0.0,558,3581,0,2,-2
1220,174.13,30486,372.14,372.33,0.18,-4.7,15.3,0.0,0.0,-20.1,-0.0,496,3528,0,3,-3
1221,174.29,30477,372.03,372.26,0.23,1.0,19.4,0.0,0.0,-18.5,-0.0,383,1369,0,0,1
1222,174.45,30471,371.96,372.19,0.23,0.3,19.4,0.0,0.0,-19.1,-0.0,308,1289,0,0,0
1223,174.54,30468,371.92,372.15,0.23,-1.7,19.4,0.0,0.0,-21.1,-0.0,271,3295,0,1,-2
1224,174.71,30461,371.84,372.08,0.24,0.7,20.5,0.0,0.0,-19.8,-0.0,183,1167,0,0,1
1225,174.87,30453,371.74,372.01,0.27,3.3,22.5,0.0,0.0,-19.2,-0.0,83,1064,0,0,3
1226,174.96,30453,371.74,371.97,0.23,-1.7,19.4,0.0,0.0,-21.1,-0.0,83,3117,0,0,-2
1227,175.12,30446,371.66,371.90,0.24,1.6,20.5,0.0,0.0,-18.9,-0.0,4092,985,0,0,2
1228,175.29,30435,371.52,371.82,0.31,5.0,25.6,0.0,0.0,-20.5,-0.0,3954,839,0,1,5
1229,175.38,30436,371.53,371.78,0.26,-1.0,21.5,0.0,0.0,-22.5,-0.0,3967,2901,0,0,-1
1230,175.55,30431,371.47,371.71,0.24,0.9,20.5,0.0,-0.0,-19.6,-0.0,3904,800,0,0,1
1231,175.71,30425,371.40,371.64,0.24,1.2,20.5,0.0,0.0,-19.3,-0.0,3829,722,0,1,1
1232,175.88,30420,371.34,371.56,0.22,-2.2,18.4,0.0,-0.0,-20.6,-0.0,3767,2713,0,-1,-2
1233,175.96,30418,371.31,371.53,0.22,0.1,18.4,0.0,-0.0,-18.3,-0.0,3742,647,0,0,0
1234,176.12,30413,371.25,371.46,0.21,-1.9,17.4,0.0,0.0,-19.3,-0.0,3679,2621,0,-1,-1
1235,176.29,30409,371.20,371.39,0.18,-3.3,15.3,0.0,-0.0,-18.7,-0.0,3629,2582,0,-2,-2
1236,176.38,30406,371.17,371.35,0.18,-6.9,15.3,0.0,-0.0,-22.3,-0.0,3592,2536,0,-5,-5
1237,176.54,30399,371.08,371.27,0.20,-4.0,16.4,0.0,-0.0,-20.3,-0.0,3504,2448,0,-3,-2
1238,176.71,30395,371.03,371.20,0.16,-6.7,13.3,0.0,-0.0,-20.0,-0.0,3454,2397,0,-6,-3
1239,176.80,30391,370.98,371.16,0.17,-7.4,14.3,0.0,-0.0,-21.7,-0.0,3404,2345,0,-6,-3
1240,176.96,30389,370.96,371.09,0.13,-8.5,11.2,0.0,-0.0,-19.7,-0.0,3379,2326,0,-7,-3
1241,177.13,30387,370.94,371.01,0.07,-14.6,6.1,0.0,-0.0,-20.7,-0.0,3354,2307,0,-13,-5
1242,177.30,30384,370.90,370.94,0.04,-18.3,3.1,0.0,-0.0,-21.4,-0.0,3317,2272,0,-17,-6
1243,177.38,30379,370.84,370.90,0.06,-16.0,5.1,0.0,-0.0,-21.1,-0.0,3254,2205,0,-15,-4
1244,177.55,30375,370.79,370.83,0.04,-16.7,3.1,0.0,-0.0,-19.8,-0.0,3204,2160,0,-16,-3
1245,177.71,30370,370.73,370.75,0.02,-17.4,2.0,0.0,-0.0,-19.5,-0.0,3142,2091,0,-17,-1
1246,177.80,30367,370.69,370.71,0.02,-19.8,2.0,0.0,-0.0,-21.8,-0.0,3104,2048,0,-19,0
1247,177.97,30364,370.65,370.64,-0.01,-20.9,-1.0,0.0,-0.0,-19.8,-0.0,3067,2014,0,-20,1
1248,178.14,30362,370.63,370.57,-0.06,-25.0,-5.1,0.0,-0.0,-19.9,-0.0,3042,1999,0,-24,2
1249,178.30,30357,370.57,370.49,-0.07,-26.0,-6.1,0.0,-0.0,-19.9,-0.0,2979,1933,0,-25,4
1250,178.39,30355,370.54,370.45,-0.09,-28.7,-7.2,0.0,-0.0,-21.5,-0.0,2954,1906,0,-27,6
1251,178.55,30352,370.51,370.38,-0.12,-30.5,-10.2,0.0,-0.0,-20.2,-0.0,2917,1874,0,-28,8
1252,178.72,30349,370.47,370.30,-0.17,-34.6,-14.3,0.0,-0.0,-20.3,-0.0,2879,1836,0,-32,11
1253,178.81,30344,370.41,370.27,-0.15,-33.9,-12.3,0.0,-0.0,-21.6,-0.0,2817,1765,0,-30,14
1254,178.97,30340,370.36,370.19,-0.17,-33.9,-14.3,0.0,-0.0,-19.6,-0.0,2767,1719,0,-29,16
1255,179.14,30335,370.30,370.12,-0.18,-35.3,-15.3,0.0,-0.0,-20.0,-0.0,2704,1651,0,-28,20
1256,179.23,30331,370.25,370.08,-0.17,-37.0,-14.3,0.0,-0.0,-22.7,-0.0,2654,1596,0,-28,23
1257,179.40,30328,370.21,370.00,-0.21,-37.1,-17.4,0.0,-0.0,-19.7,-0.0,2617,1563,0,-26,24
1258,179.56,30321,370.13,369.93,-0.20,-37.1,-16.4,0.0,-0.0,-20.7,-0.0,2529,1473,0,-23,28
1259,179.72,30313,370.03,369.86,-0.17,-34.4,-14.3,0.0,0.0,-20.0,-0.0,2429,1367,0,-17,29
1260,179.81,30311,370.01,369.82,-0.20,-38.1,-16.4,0.0,-0.0,-21.7,-0.0,2404,1342,0,-17,33
1261,179.98,30304,369.92,369.74,-0.18,-35.4,-15.3,0.0,0.0,-20.1,-0.0,2317,1256,0,-12,32
1262,180.15,30301,369.89,369.67,-0.22,-38.5,-18.4,0.0,-0.0,-20.1,-0.0,2279,1222,0,-11,36
1263,180.24,30294,369.80,369.63,-0.17,-37.1,-14.3,0.0,0.0,-22.8,-0.0,2192,1124,0,-5,36
1264,180.40,30289,369.74,369.55,-0.20,-36.5,-16.4,0.0,-0.0,-20.1,-0.0,2129,1071,0,-3,35
1265,180.57,30280,369.63,369.48,-0.16,-34.1,-13.3,0.0,0.0,-20.8,-0.0,2017,952,0,4,33
1266,180.65,30275,369.57,369.44,-0.13,-33.1,-11.2,0.0,0.0,-21.8,-0.0,1954,884,0,7,31
1267,180.83,30264,369.43,369.36,-0.07,-27.0,-6.1,0.0,0.0,-20.8,-0.0,1817,738,0,11,24
1268,180.99,30256,369.34,369.28,-0.05,-23.9,-4.1,0.0,0.0,-19.8,-0.0,1717,644,0,13,19
1269,181.16,30250,369.26,369.21,-0.05,-24.3,-4.1,0.0,0.0,-20.2,-0.0,1642,567,0,15,18
1270,181.24,30244,369.19,369.17,-0.02,-23.6,-2.0,0.0,0.0,-21.6,-0.0,1567,487,0,17,16
1271,181.42,30236,369.09,369.09,0.00,-21.2,0.0,0.0,0.0,-21.2,-0.0,1467,393,0,17,12
1272,181.59,30231,369.03,369.01,-0.01,-22.3,-1.0,0.0,0.0,-21.3,-0.0,1404,336,0,19,11
1273,181.67,30226,368.97,368.98,0.00,-21.3,0.0,0.0,0.0,-21.3,-0.0,1342,273,0,19,8
1274,181.84,30215,368.84,368.90,0.06,-14.8,5.1,0.0,0.0,-19.9,-0.0,1204,131,0,14,3
1275,182.01,30209,368.76,368.82,0.06,-15.2,5.1,0.0,0.0,-20.3,-0.0,1129,59,0,15,1
1276,182.10,30204,368.70,368.78,0.09,-14.8,7.2,0.0,0.0,-22.0,-0.0,1067,4089,0,14,0
1277,182.27,30194,368.58,368.70,0.12,-11.1,10.2,0.0,0.0,-21.3,-0.0,942,3958,0,11,-2
1278,182.44,30184,368.46,368.63,0.17,-6.7,14.3,0.0,0.0,-21.0,-0.0,817,3835,0,6,-3
1279,182.53,30182,368.43,368.59,0.16,-9.1,13.3,0.0,0.0,-22.4,-0.0,792,3812,0,8,-4
1280,182.69,30176,368.36,368.51,0.15,-7.8,12.3,0.0,0.0,-20.0,-0.0,717,3743,0,6,-4
1281,182.86,30167,368.25,368.43,0.18,-4.7,15.3,0.0,0.0,-20.0,-0.0,604,3632,0,3,-3
1282,182.95,30163,368.20,368.39,0.20,-6.1,16.4,0.0,0.0,-22.4,-0.0,554,3577,0,4,-4
1283,183.11,30156,368.12,368.32,0.21,-2.7,17.4,0.0,0.0,-20.1,-0.0,467,3499,0,2,-2
1284,183.28,30148,368.02,368.24,0.23,-1.0,19.4,0.0,0.0,-20.4,-0.0,367,3392,0,0,-1
1285,183.37,30144,367.97,368.20,0.23,-3.1,19.4,0.0,0.0,-22.5,-0.0,317,3338,0,1,-3
1286,183.53,30134,367.85,368.13,0.28,4.1,23.5,0.0,0.0,-19.4,-0.0,192,1170,0,-1,4
1287,183.70,30127,367.76,368.05,0.29,4.4,24.5,0.0,0.0,-20.1,-0.0,104,1082,0,0,4
1288,183.87,30120,367.68,367.97,0.29,3.4,24.5,0.0,0.0,-21.2,-0.0,17,993,0,0,3
1289,183.94,30118,367.65,367.94,0.28,4.4,23.5,0.0,0.0,-19.1,-0.0,4088,975,0,0,4
1290,184.11,30112,367.58,367.86,0.28,2.7,23.5,0.0,0.0,-20.9,-0.0,4013,900,0,0,3
1291,184.28,30106,367.50,367.79,0.28,2.6,23.5,0.0,0.0,-20.9,-0.0,3938,825,0,1,2
1292,184.36,30101,367.44,367.74,0.31,3.0,25.6,0.0,0.0,-22.6,-0.0,3875,761,0,1,3
1293,184.53,30094,367.36,367.67,0.31,4.3,25.6,0.0,0.0,-21.3,-0.0,3788,676,0,2,4
1294,184.70,30089,367.30,367.59,0.29,4.0,24.5,0.0,0.0,-20.6,-0.0,3725,615,0,2,3
1295,184.86,30081,367.20,367.51,0.32,6.0,26.6,0.0,0.0,-20.6,-0.0,3625,514,0,4,4
1296,184.95,30079,367.18,367.47,0.29,2.2,24.5,0.0,0.0,-22.3,-0.0,3600,486,0,2,1
1297,185.11,30076,367.14,367.40,0.26,0.8,21.5,0.0,-0.0,-20.6,-0.0,3563,459,0,1,1
1298,185.28,30070,367.07,367.32,0.26,1.2,21.5,0.0,-0.0,-20.3,-0.0,3488,381,0,1,1
1299,185.37,30067,367.03,367.28,0.26,-1.6,21.5,0.0,-0.0,-23.1,-0.0,3450,2390,0,-1,-1
1300,185.53,30064,366.99,367.20,0.21,-2.3,17.4,0.0,-0.0,-19.7,-0.0,3413,2365,0,-2,-1
1301,185.71,30056,366.89,367.12,0.23,-2.7,19.4,0.0,-0.0,-22.1,-0.0,3313,2258,0,-2,-1
1302,185.86,30052,366.85,367.05,0.21,-3.3,17.4,0.0,-0.0,-20.7,-0.0,3263,2207,0,-3,-1
1303,185.95,30048,366.80,367.01,0.22,-4.1,18.4,0.0,-0.0,-22.5,-0.0,3213,2154,0,-4,-1
1304,186.12,30043,366.74,366.93,0.20,-5.1,16.4,0.0,-0.0,-21.4,-0.0,3150,2092,0,-5,0
1305,186.29,30040,366.70,366.85,0.16,-7.5,13.3,0.0,-0.0,-20.8,-0.0,3113,2063,0,-7,0
1306,186.37,30038,366.67,366.81,0.13,-12.0,11.2,0.0,-0.0,-23.2,-0.0,3088,2035,0,-12,0
1307,186.55,30034,366.63,366.73,0.11,-12.3,9.2,0.0,-0.0,-21.5,-0.0,3038,1987,0,-12,1
1308,186.70,30029,366.56,366.66,0.10,-12.6,8.2,0.0,-0.0,-20.8,-0.0,2975,1927,0,-12,2
1309,186.79,30025,366.52,366.62,0.10,-14.7,8.2,0.0,-0.0,-22.9,-0.0,2925,1872,0,-14,4
1310,186.95,30021,366.47,366.54,0.07,-14.7,6.1,0.0,-0.0,-20.8,-0.0,2875,1823,0,-13,5
1311,187.12,30018,366.43,366.47,0.04,-17.8,3.1,0.0,-0.0,-20.9,-0.0,2838,1787,0,-16,7
1312,187.29,30015,366.39,366.39,-0.01,-21.6,-1.0,0.0,-0.0,-20.5,-0.0,2800,1750,0,-19,9
1313,187.36,30012,366.36,366.35,-0.01,-21.6,-1.0,0.0,-0.0,-20.5,-0.0,2763,1714,0,-18,10
1314,187.53,30012,366.36,366.27,-0.09,-27.7,-7.2,0.0,-0.0,-20.6,-0.0,2763,1723,0,-24,13
1315,187.69,30006,366.28,366.20,-0.09,-27.7,-7.2,0.0,-0.0,-20.6,-0.0,2688,1643,0,-22,16
1316,187.85,30001,366.22,366.12,-0.10,-29.1,-8.2,0.0,-0.0,-21.0,-0.0,2625,1577,0,-21,19
1317,187.94,29998,366.19,366.08,-0.11,-32.2,-9.2,0.0,-0.0,-23.0,-0.0,2588,1536,0,-22,22
1318,188.11,29992,366.11,366.00,-0.11,-30.9,-9.2,0.0,-0.0,-21.7,-0.0,2513,1458,0,-18,24
1319,188.28,29991,366.10,365.92,-0.18,-35.3,-15.3,0.0,-0.0,-19.9,-0.0,2500,1452,0,-21,27
1320,188.36,29989,366.08,365.88,-0.20,-40.2,-16.4,0.0,-0.0,-23.8,-0.0,2475,1423,0,-22,32
1321,188.53,29982,365.99,365.80,-0.18,-36.7,-15.3,0.0,-0.0,-21.4,-0.0,2388,1336,0,-16,32
1322,188.70,29976,365.92,365.72,-0.20,-37.4,-16.4,0.0,-0.0,-21.0,-0.0,2313,1261,0,-13,34
1323,188.86,29967,365.81,365.64,-0.16,-34.3,-13.3,0.0,-0.0,-21.1,-0.0,2200,1141,0,-6,33
1324,188.95,29964,365.77,365.60,-0.17,-37.2,-14.3,0.0,0.0,-22.8,-0.0,2163,1097,0,-4,36
1325,189.11,29959,365.71,365.53,-0.18,-35.4,-15.3,0.0,-0.0,-20.0,-0.0,2100,1041,0,-1,34
1326,189.28,29953,365.64,365.45,-0.18,-36.4,-15.3,0.0,0.0,-21.1,-0.0,2025,961,0,3,35
1327,189.36,29951,365.61,365.41,-0.21,-40.6,-17.4,0.0,-0.0,-23.2,-0.0,2000,936,0,5,39
1328,189.53,29945,365.54,365.33,-0.21,-38.5,-17.4,0.0,-0.0,-21.1,-0.0,1925,869,0,9,36
1329,189.69,29934,365.41,365.25,-0.16,-34.1,-13.3,0.0,0.0,-20.8,-0.0,1788,725,0,15,30
1330,189.87,29926,365.31,365.17,-0.13,-33.1,-11.2,0.0,0.0,-21.9,-0.0,1688,619,0,19,26
1331,189.95,29926,365.31,365.13,-0.18,-37.9,-15.3,0.0,0.0,-22.6,-0.0,1688,622,0,21,30
1332,190.12,29916,365.19,365.05,-0.13,-33.5,-11.2,0.0,0.0,-22.3,-0.0,1563,489,0,24,22
1333,190.29,29907,365.08,364.97,-0.11,-31.5,-9.2,0.0,0.0,-22.3,-0.0,1450,377,0,26,17
1334,190.38,29903,365.03,364.93,-0.10,-31.5,-8.2,0.0,0.0,-23.3,-0.0,1400,327,0,27,15
1335,190.55,29892,364.89,364.85,-0.05,-26.0,-4.1,0.0,0.0,-22.0,-0.0,1263,189,0,24,7
1336,190.72,29885,364.81,364.77,-0.04,-25.0,-3.1,0.0,0.0,-22.0,-0.0,1175,96,0,24,4
1337,190.81,29882,364.77,364.72,-0.05,-26.8,-4.1,0.0,0.0,-22.7,-0.0,1138,62,0,26,2
1338,190.97,29873,364.66,364.64,-0.01,-22.0,-1.0,0.0,0.0,-20.9,-0.0,1025,4049,0,21,-2
1339,191.14,29862,364.53,364.56,0.04,-19.0,3.1,0.0,0.0,-22.0,-0.0,888,3909,0,18,-5
1340,191.23,29857,364.47,364.52,0.06,-17.6,5.1,0.0,0.0,-22.8,-0.0,825,3843,0,16,-6
1341,191.40,29849,364.37,364.44,0.07,-16.3,6.1,0.0,0.0,-22.4,-0.0,725,3743,0,14,-8
1342,191.57,29840,364.26,364.36,0.10,-14.2,8.2,0.0,0.0,-22.4,-0.0,613,3627,0,10,-9
1343,191.65,29836,364.21,364.32,0.11,-13.6,9.2,0.0,0.0,-22.8,-0.0,563,3579,0,9,-9
1344,191.82,29830,364.14,364.24,0.10,-12.1,8.2,0.0,0.0,-20.3,-0.0,488,3516,0,7,-9
1345,191.98,29819,364.00,364.16,0.16,-8.1,13.3,0.0,0.0,-21.4,-0.0,350,3373,0,4,-7
1346,192.07,29814,363.94,364.12,0.17,-8.5,14.3,0.0,0.0,-22.8,-0.0,288,3306,0,3,-8
1347,192.25,29805,363.83,364.03,0.21,-5.8,17.4,0.0,0.0,-23.2,-0.0,175,3192,0,1,-6
1348,192.41,29797,363.73,363.95,0.22,-3.0,18.4,0.0,0.0,-21.5,-0.0,75,3097,0,0,-3
1349,192.50,29792,363.67,363.91,0.23,-4.5,19.4,0.0,0.0,-24.0,-0.0,13,3024,0,0,-4
1350,192.67,29783,363.56,363.83,0.27,0.7,22.5,0.0,0.0,-21.8,-0.0,3996,872,0,0,1
1351,192.84,29777,363.49,363.74,0.26,-1.8,21.5,0.0,0.0,-23.3,-0.0,3921,2844,0,-1,-2
1352,192.93,29774,363.45,363.70,0.26,-1.8,21.5,0.0,0.0,-23.3,-0.0,3884,2812,0,-1,-2
1353,193.09,29767,363.37,363.63,0.26,-0.1,21.5,0.0,0.0,-21.5,-0.0,3796,2729,0,0,0
1354,193.26,29756,363.23,363.55,0.32,5.0,26.6,0.0,0.0,-21.5,-0.0,3659,541,0,3,4
1355,193.42,29751,363.17,363.46,0.29,3.0,24.5,0.0,0.0,-21.6,-0.0,3596,483,0,2,2
1356,193.50,29747,363.12,363.43,0.31,4.0,25.6,0.0,0.0,-21.6,-0.0,3546,430,0,3,2
1357,193.67,29740,363.04,363.35,0.31,4.0,25.6,0.0,0.0,-21.6,-0.0,3459,344,0,3,2
1358,193.83,29731,362.93,363.27,0.34,7.4,28.6,0.0,0.0,-21.2,-0.0,3346,229,0,7,2
1359,194.00,29728,362.89,363.19,0.29,2.9,24.5,0.0,-0.0,-21.6,-0.0,3309,201,0,3,1
1360,194.09,29725,362.85,363.14,0.29,1.5,24.5,0.0,0.0,-23.1,-0.0,3271,158,0,1,0
1361,194.25,29718,362.77,363.06,0.29,2.9,24.5,0.0,-0.0,-21.7,-0.0,3184,76,0,3,0
1362,194.42,29711,362.68,362.98,0.29,2.5,24.5,0.0,-0.0,-22.0,-0.0,3096,4081,0,2,0
1363,194.51,29708,362.65,362.94,0.29,0.7,24.5,0.0,-0.0,-23.9,-0.0,3059,4047,0,1,0
1364,194.68,29701,362.56,362.86,0.29,3.2,24.5,0.0,0.0,-21.3,-0.0,2971,3957,0,3,-1
1365,194.84,29695,362.49,362.78,0.29,3.5,24.5,0.0,0.0,-21.0,-0.0,2896,3881,0,3,-1
1366,194.93,29691,362.44,362.74,0.29,1.0,24.5,0.0,0.0,-23.5,-0.0,2846,3828,0,1,0
1367,195.09,29689,362.41,362.66,0.24,-1.7,20.5,0.0,-0.0,-22.1,-0.0,2821,1764,0,-1,1
1368,195.26,29683,362.34,362.57,0.23,-2.3,19.4,0.0,-0.0,-21.8,-0.0,2746,1691,0,-2,1
1369,195.35,29677,362.27,362.53,0.26,-2.8,21.5,0.0,-0.0,-24.3,-0.0,2671,1608,0,-2,2
1370,195.51,29675,362.24,362.45,0.21,-4.4,17.4,0.0,-0.0,-21.8,-0.0,2646,1593,0,-3,3
1371,195.68,29669,362.17,362.37,0.20,-5.1,16.4,0.0,-0.0,-21.5,-0.0,2571,1518,0,-3,4
1372,195.84,29664,362.11,362.29,0.18,-5.8,15.3,0.0,-0.0,-21.1,-0.0,2509,1454,0,-3,4
1373,195.93,29660,362.06,362.24,0.18,-9.1,15.3,0.0,-0.0,-24.4,-0.0,2459,1398,0,-5,7
1374,196.10,29660,362.06,362.16,0.10,-13.7,8.2,0.0,-0.0,-21.9,-0.0,2459,1411,0,-7,11
1375,196.27,29654,361.99,362.08,0.10,-13.3,8.2,0.0,-0.0,-21.5,-0.0,2384,1334,0,-6,11
1376,196.36,29654,361.99,362.04,0.05,-20.4,4.1,0.0,-0.0,-24.5,-0.0,2384,1336,0,-9,18
1377,196.52,29648,361.91,361.95,0.04,-19.6,3.1,0.0,-0.0,-22.6,-0.0,2309,1261,0,-7,18
1378,196.69,29643,361.85,361.87,0.01,-22.0,1.0,0.0,-0.0,-23.0,-0.0,2246,1196,0,-6,21
1379,196.79,29639,361.80,361.83,0.02,-22.1,2.0,0.0,-0.0,-24.1,-0.0,2196,1139,0,-4,21
1380,196.95,29634,361.74,361.74,0.00,-21.6,0.0,0.0,-0.0,-21.6,-0.0,2134,1082,0,-2,21
1381,197.12,29628,361.67,361.66,-0.01,-22.6,-1.0,0.0,-0.0,-21.6,-0.0,2059,1001,0,1,22
1382,197.21,29627,361.66,361.62,-0.04,-27.6,-3.1,0.0,-0.0,-24.6,-0.0,2046,989,0,1,27
1383,197.38,29620,361.57,361.53,-0.04,-24.7,-3.1,0.0,-0.0,-21.6,-0.0,1959,903,0,4,24
1384,197.55,29618,361.55,361.45,-0.10,-31.3,-8.2,0.0,-0.0,-23.1,-0.0,1934,881,0,7,30
1385,197.63,29615,361.51,361.41,-0.10,-31.3,-8.2,0.0,-0.0,-23.1,-0.0,1896,843,0,8,29
1386,197.80,29609,361.44,361.32,-0.11,-31.3,-9.2,0.0,-0.0,-22.1,-0.0,1821,770,0,12,28
1387,197.97,29603,361.36,361.24,-0.12,-33.0,-10.2,0.0,-0.0,-22.8,-0.0,1746,689,0,16,28
1388,198.14,29597,361.29,361.16,-0.13,-33.3,-11.2,0.0,-0.0,-22.1,-0.0,1671,614,0,19,26
1389,198.23,29592,361.23,361.11,-0.12,-36.0,-10.2,0.0,-0.0,-25.8,-0.0,1609,541,0,24,26
1390,198.39,29589,361.19,361.03,-0.16,-35.4,-13.3,0.0,-0.0,-22.1,-0.0,1571,512,0,24,24
1391,198.56,29584,361.13,360.95,-0.18,-38.6,-15.3,0.0,-0.0,-23.2,-0.0,1509,453,0,29,24
1392,198.65,29580,361.08,360.90,-0.18,-39.3,-15.3,0.0,-0.0,-24.0,-0.0,1459,399,0,31,22
1393,198.81,29572,360.99,360.82,-0.16,-36.2,-13.3,0.0,-0.0,-22.9,-0.0,1359,298,0,31,15
1394,198.98,29568,360.94,360.74,-0.20,-38.2,-16.4,0.0,-0.0,-21.8,-0.0,1309,253,0,34,14
1395,199.06,29564,360.89,360.70,-0.20,-39.3,-16.4,0.0,-0.0,-22.9,-0.0,1259,197,0,36,11
1396,199.23,29552,360.74,360.61,-0.12,-33.2,-10.2,0.0,0.0,-23.0,-0.0,1109,37,0,32,2
1397,199.40,29545,360.66,360.53,-0.12,-32.5,-10.2,0.0,0.0,-22.2,-0.0,1021,4049,0,31,-2
1398,199.49,29543,360.63,360.49,-0.15,-36.4,-12.3,0.0,0.0,-24.1,-0.0,996,4022,0,35,-4
1399,199.65,29532,360.50,360.40,-0.10,-30.1,-8.2,0.0,0.0,-21.9,-0.0,859,3879,0,28,-10
1400,199.82,29528,360.45,360.32,-0.13,-34.7,-11.2,0.0,0.0,-23.4,-0.0,809,3835,0,31,-13
1401,199.99,29515,360.29,360.23,-0.06,-27.0,-5.1,0.0,0.0,-21.9,-0.0,646,3669,0,21,-16
1402,200.08,29510,360.23,360.19,-0.04,-28.7,-3.1,0.0,0.0,-25.6,-0.0,584,3599,0,20,-19
1403,200.25,29501,360.12,360.11,-0.01,-24.4,-1.0,0.0,0.0,-23.4,-0.0,471,3490,0,14,-19
1404,200.42,29494,360.03,360.02,-0.01,-24.1,-1.0,0.0,0.0,-23.0,-0.0,384,3403,0,11,-20
1405,200.51,29491,360.00,359.98,-0.02,-26.6,-2.0,0.0,0.0,-24.5,-0.0,346,3360,0,11,-23
1406,200.67,29484,359.91,359.89,-0.02,-24.0,-2.0,0.0,0.0,-21.9,-0.0,259,3287,0,8,-22
1407,200.85,29474,359.79,359.81,0.01,-22.8,1.0,0.0,0.0,-23.8,-0.0,134,3159,0,3,-22
1408,200.93,29470,359.74,359.76,0.02,-21.7,2.0,0.0,0.0,-23.8,-0.0,84,3109,0,1,-21
1409,201.10,29458,359.59,359.68,0.09,-14.8,7.2,0.0,0.0,-21.9,-0.0,4030,2955,0,-3,-14
1410,201.27,29448,359.47,359.60,0.12,-12.8,10.2,0.0,0.0,-23.0,-0.0,3905,2821,0,-5,-12
1411,201.36,29441,359.39,359.55,0.16,-11.6,13.3,0.0,0.0,-24.9,-0.0,3817,2724,0,-6,-10
1412,201.52,29437,359.34,359.47,0.13,-11.4,11.2,0.0,0.0,-22.7,-0.0,3767,2689,0,-6,-9
1413,201.69,29425,359.19,359.39,0.20,-5.6,16.4,0.0,0.0,-21.9,-0.0,3617,2538,0,-4,-4
1414,201.77,29420,359.13,359.34,0.21,-6.4,17.4,0.0,0.0,-23.8,-0.0,3555,2472,0,-5,-4
1415,201.95,29409,359.00,359.26,0.26,-1.6,21.5,0.0,0.0,-23.0,-0.0,3417,2335,0,-1,-1
1416,202.12,29402,358.91,359.17,0.26,-1.6,21.5,0.0,0.0,-23.0,-0.0,3330,2249,0,-1,0
1417,202.21,29397,358.85,359.13,0.28,-2.5,23.5,0.0,0.0,-26.0,-0.0,3267,2176,0,-2,0
1418,202.37,29391,358.78,359.04,0.27,0.9,22.5,0.0,0.0,-21.5,-0.0,3192,73,0,1,0
1419,202.54,29382,358.67,358.96,0.29,1.9,24.5,0.0,0.0,-22.7,-0.0,3080,4056,0,2,0
1420,202.63,29378,358.62,358.92,0.29,0.8,24.5,0.0,0.0,-23.8,-0.0,3030,4007,0,1,0
1421,202.80,29371,358.53,358.83,0.31,3.3,25.6,0.0,0.0,-22.3,-0.0,2942,3921,0,3,-1
1422,202.96,29361,358.41,358.75,0.34,6.0,28.6,0.0,0.0,-22.7,-0.0,2817,3792,0,5,-3
1423,203.13,29353,358.31,358.67,0.35,7.4,29.7,0.0,0.0,-22.3,-0.0,2717,3691,0,6,-4
1424,203.21,29351,358.29,358.62,0.33,3.8,27.6,0.0,0.0,-23.8,-0.0,2692,3668,0,3,-2
1425,203.39,29343,358.19,358.54,0.34,6.3,28.6,0.0,0.0,-22.3,-0.0,2592,3571,0,4,-4
1426,203.56,29332,358.06,358.45,0.39,10.4,32.7,0.0,0.0,-22.3,-0.0,2455,3428,0,5,-9
1427,203.64,29331,358.04,358.41,0.37,6.9,30.7,0.0,0.0,-23.8,-0.0,2442,3420,0,3,-6
1428,203.81,29325,357.97,358.33,0.35,7.7,29.7,0.0,0.0,-21.9,-0.0,2367,3352,0,3,-7
1429,203.97,29318,357.89,358.24,0.35,7.7,29.7,0.0,0.0,-21.9,-0.0,2280,3262,0,2,-7
1430,204.06,29313,357.82,358.20,0.38,7.9,31.7,0.0,0.0,-23.8,-0.0,2217,3195,0,1,-8
1431,204.22,29310,357.79,358.12,0.33,5.3,27.6,0.0,-0.0,-22.3,-0.0,2180,3172,0,1,-5
1432,204.38,29304,357.71,358.04,0.32,4.3,26.6,0.0,-0.0,-22.3,-0.0,2105,3093,0,0,-4
1433,204.55,29299,357.65,357.95,0.31,2.2,25.6,0.0,-0.0,-23.4,-0.0,2042,3030,0,0,-2
1434,204.64,29297,357.63,357.91,0.28,0.1,23.5,0.0,-0.0,-23.4,-0.0,2017,3009,0,0,0
1435,204.80,29287,357.51,357.83,0.32,3.9,26.6,0.0,-0.0,-22.7,-0.0,1892,2878,0,-1,-4
1436,204.97,29280,357.42,357.75,0.33,5.7,27.6,0.0,0.0,-21.9,-0.0,1805,2786,0,-2,-5
1437,205.05,29278,357.40,357.70,0.31,1.8,25.6,0.0,-0.0,-23.8,-0.0,1780,2764,0,-1,-2
1438,205.22,29277,357.39,357.62,0.23,-2.9,19.4,0.0,-0.0,-22.3,-0.0,1767,711,0,1,2
1439,205.39,29270,357.30,357.54,0.23,-4.0,19.4,0.0,-0.0,-23.4,-0.0,1680,621,0,2,3
1440,205.56,29267,357.26,357.45,0.18,-8.1,15.3,0.0,-0.0,-23.4,-0.0,1642,595,0,5,6
1441,205.64,29263,357.21,357.41,0.20,-7.0,16.4,0.0,-0.0,-23.4,-0.0,1592,542,0,5,5
1442,205.81,29259,357.17,357.32,0.16,-9.7,13.3,0.0,-0.0,-23.0,-0.0,1542,491,0,7,6
1443,205.98,29252,357.08,357.24,0.16,-9.0,13.3,0.0,-0.0,-22.3,-0.0,1455,399,0,7,5
1444,206.07,29251,357.07,357.20,0.13,-12.5,11.2,0.0,-0.0,-23.8,-0.0,1442,389,0,10,7
1445,206.24,29247,357.02,357.11,0.10,-14.9,8.2,0.0,-0.0,-23.0,-0.0,1392,338,0,13,7
1446,206.40,29241,356.95,357.03,0.09,-14.8,7.2,0.0,-0.0,-21.9,-0.0,1317,267,0,13,6
1447,206.48,29236,356.88,356.99,0.11,-14.6,9.2,0.0,-0.0,-23.8,-0.0,1255,195,0,13,4
1448,206.66,29232,356.84,356.90,0.06,-17.9,5.1,0.0,-0.0,-23.0,-0.0,1205,151,0,17,4
1449,206.83,29228,356.79,356.82,0.02,-21.4,2.0,0.0,-0.0,-23.4,-0.0,1155,99,0,20,3
1450,206.91,29228,356.79,356.77,-0.01,-24.8,-1.0,0.0,-0.0,-23.8,-0.0,1155,102,0,24,4
1451,207.08,29223,356.73,356.69,-0.04,-25.0,-3.1,0.0,-0.0,-21.9,-0.0,1092,43,0,24,2
1452,207.24,29218,356.67,356.61,-0.06,-27.4,-5.1,0.0,-0.0,-22.3,-0.0,1030,4077,0,27,-1
1453,207.33,29214,356.62,356.56,-0.05,-28.6,-4.1,0.0,-0.0,-24.5,-0.0,980,4023,0,28,-3
1454,207.50,29209,356.56,356.48,-0.07,-29.5,-6.1,0.0,-0.0,-23.4,-0.0,917,3960,0,28,-6
1455,207.67,29209,356.56,356.40,-0.16,-35.2,-13.3,0.0,-0.0,-21.9,-0.0,917,3968,0,33,-7
1456,207.84,29203,356.48,356.31,-0.17,-38.1,-14.3,0.0,-0.0,-23.8,-0.0,842,3886,0,35,-12
1457,207.92,29197,356.41,356.27,-0.13,-35.0,-11.2,0.0,-0.0,-23.8,-0.0,767,3807,0,31,-15
1458,208.09,29193,356.36,356.19,-0.17,-36.2,-14.3,0.0,-0.0,-21.9,-0.0,717,3763,0,31,-17
1459,208.27,29187,356.29,356.10,-0.18,-37.3,-15.3,0.0,-0.0,-21.9,-0.0,642,3682,0,29,-21
1460,208.35,29183,356.24,356.05,-0.18,-41.7,-15.3,0.0,-0.0,-26.4,-0.0,592,3620,0,30,-27
1461,208.53,29175,356.14,355.97,-0.17,-37.3,-14.3,0.0,0.0,-23.0,-0.0,492,3523,0,23,-28
1462,208.69,29167,356.04,355.88,-0.16,-35.6,-13.3,0.0,0.0,-22.3,-0.0,392,3423,0,18,-30
1463,208.78,29167,356.04,355.84,-0.21,-41.9,-17.4,0.0,-0.0,-24.5,-0.0,392,3424,0,21,-35
1464,208.95,29159,355.94,355.76,-0.20,-38.3,-16.4,0.0,-0.0,-21.9,-0.0,292,3325,0,14,-34
1465,209.12,29152,355.86,355.67,-0.20,-39.8,-16.4,0.0,-0.0,-23.4,-0.0,205,3238,0,10,-37
1466,209.21,29147,355.80,355.63,-0.17,-38.5,-14.3,0.0,0.0,-24.2,-0.0,142,3171,0,6,-37
1467,209.38,29141,355.73,355.54,-0.18,-37.3,-15.3,0.0,-0.0,-21.9,-0.0,67,3102,0,2,-36
1468,209.55,29131,355.60,355.46,-0.15,-35.7,-12.3,0.0,0.0,-23.4,-0.0,4038,2962,0,-6,-34
1469,209.63,29126,355.54,355.41,-0.12,-33.6,-10.2,0.0,0.0,-23.4,-0.0,3976,2902,0,-8,-31
1470,209.80,29119,355.46,355.33,-0.13,-35.0,-11.2,0.0,0.0,-23.8,-0.0,3888,2814,0,-13,-31
1471,209.97,29110,355.35,355.25,-0.10,-30.1,-8.2,0.0,0.0,-21.9,-0.0,3776,2702,0,-16,-25
1472,210.06,29105,355.29,355.20,-0.09,-32.1,-7.2,0.0,0.0,-24.9,-0.0,3713,2631,0,-19,-24
1473,210.23,29095,355.16,355.12,-0.05,-27.1,-4.1,0.0,0.0,-23.0,-0.0,3588,2511,0,-20,-17
1474,210.40,29084,355.03,355.03,0.00,-23.0,0.0,0.0,0.0,-23.0,-0.0,3451,2369,0,-20,-11
1475,210.49,29078,354.96,354.99,0.04,-21.5,3.1,0.0,0.0,-24.5,-0.0,3376,2287,0,-19,-7
1476,210.66,29071,354.87,354.90,0.04,-19.2,3.1,0.0,0.0,-22.3,-0.0,3288,2209,0,-18,-5
1477,210.83,29062,354.76,354.82,0.05,-20.1,4.1,0.0,0.0,-24.2,-0.0,3176,2095,0,-19,-1
1478,210.91,29056,354.69,354.77,0.09,-16.6,7.2,0.0,0.0,-23.8,-0.0,3101,2018,0,-16,1
1479,211.09,29049,354.60,354.69,0.09,-17.0,7.2,0.0,0.0,-24.2,-0.0,3013,1935,0,-16,3
1480,211.26,29037,354.46,354.60,0.15,-11.1,12.3,0.0,0.0,-23.4,-0.0,2863,1785,0,-10,4
1481,211.35,29032,354.39,354.55,0.16,-12.7,13.3,0.0,0.0,-26.0,-0.0,2801,1713,0,-11,6
1482,211.52,29024,354.30,354.47,0.17,-9.1,14.3,0.0,0.0,-23.4,-0.0,2701,1621,0,-7,5
1483,211.69,29010,354.13,354.38,0.26,-1.6,21.5,0.0,0.0,-23.0,-0.0,2526,1439,0,-1,1
1484,211.78,29008,354.10,354.34,0.23,-5.5,19.4,0.0,0.0,-24.9,-0.0,2501,1412,0,-3,4
1485,211.95,28997,353.97,354.25,0.29,2.3,24.5,0.0,0.0,-22.3,-0.0,2363,3331,0,1,-2
1486,212.12,28987,353.85,354.17,0.33,4.6,27.6,0.0,0.0,-23.0,-0.0,2238,3202,0,1,-4
1487,212.21,28983,353.80,354.12,0.33,2.0,27.6,0.0,0.0,-25.6,-0.0,2188,3145,0,0,-2
1488,212.38,28980,353.76,354.04,0.28,0.5,23.5,0.0,0.0,-23.0,-0.0,2151,3131,0,0,0
1489,212.54,28970,353.64,353.96,0.33,4.6,27.6,0.0,0.0,-23.0,-0.0,2026,3000,0,0,-4
1490,212.61,28964,353.56,353.92,0.35,8.9,29.7,0.0,0.0,-20.8,-0.0,1951,2930,0,-2,-8
1491,212.79,28958,353.49,353.84,0.34,3.7,28.6,0.0,0.0,-24.9,-0.0,1876,2853,0,-1,-3
1492,212.96,28948,353.37,353.75,0.38,9.8,31.7,0.0,0.0,-21.9,-0.0,1751,2725,0,-5,-8
1493,213.04,28943,353.31,353.71,0.40,9.2,33.8,0.0,0.0,-24.5,-0.0,1688,2652,0,-5,-7
1494,213.21,28937,353.23,353.62,0.39,10.4,32.7,0.0,0.0,-22.3,-0.0,1613,2589,0,-7,-7
1495,213.39,28928,353.12,353.54,0.42,12.5,34.8,0.0,0.0,-22.3,-0.0,1501,2478,0,-10,-7
1496,213.48,28928,353.12,353.49,0.37,4.7,30.7,0.0,0.0,-26.0,-0.0,1501,2476,0,-4,-3
1497,213.65,28921,353.04,353.41,0.37,8.0,30.7,0.0,-0.0,-22.7,-0.0,1413,2398,0,-7,-4
1498,213.82,28914,352.95,353.32,0.37,8.4,30.7,0.0,-0.0,-22.3,-0.0,1326,2313,0,-7,-3
1499,213.91,28911,352.92,353.28,0.35,4.4,29.7,0.0,-0.0,-25.3,-0.0,1288,2271,0,-4,-1
1500,214.08,28903,352.82,353.19,0.37,8.4,30.7,0.0,-0.0,-22.3,-0.0,1188,2177,0,-8,-2
1501,214.25,28898,352.76,353.10,0.34,5.6,28.6,0.0,-0.0,-23.0,-0.0,1126,2110,0,-5,-1
1502,214.34,28896,352.73,353.06,0.33,2.3,27.6,0.0,-0.0,-25.3,-0.0,1101,2085,0,-2,0
1503,214.52,28889,352.65,352.97,0.32,3.2,26.6,0.0,-0.0,-23.4,-0.0,1013,2000,0,-3,0
1504,214.69,28882,352.56,352.89,0.32,3.9,26.6,0.0,-0.0,-22.7,-0.0,926,1914,0,-4,1
1505,214.78,28879,352.53,352.84,0.32,1.7,26.6,0.0,-0.0,-24.9,-0.0,888,1874,0,-2,0
1506,214.94,28876,352.49,352.76,0.27,0.6,22.5,0.0,-0.0,-21.9,-0.0,851,1844,0,-1,0
1507,215.12,28871,352.43,352.67,0.24,-3.0,20.5,0.0,-0.0,-23.4,-0.0,788,3825,0,3,-1
1508,215.19,28868,352.39,352.63,0.24,-0.4,20.5,0.0,-0.0,-20.8,-0.0,751,3795,0,0,0
1509,215.36,28863,352.33,352.55,0.22,-5.0,18.4,0.0,-0.0,-23.4,-0.0,688,3731,0,4,-3
1510,215.53,28858,352.27,352.46,0.20,-6.7,16.4,0.0,-0.0,-23.0,-0.0,626,3669,0,5,-4
1511,215.62,28855,352.23,352.42,0.18,-8.4,15.3,0.0,-0.0,-23.8,-0.0,588,3628,0,6,-5
1512,215.79,28850,352.17,352.33,0.16,-10.5,13.3,0.0,-0.0,-23.8,-0.0,526,3566,0,7,-7
1513,215.94,28844,352.10,352.26,0.16,-8.6,13.3,0.0,-0.0,-21.9,-0.0,451,3493,0,5,-7
1514,216.11,28839,352.04,352.17,0.13,-11.8,11.2,0.0,-0.0,-23.0,-0.0,388,3427,0,6,-10
1515,216.19,28838,352.03,352.13,0.11,-12.4,9.2,0.0,-0.0,-21.5,-0.0,376,3419,0,6,-10
1516,216.35,28835,351.99,352.05,0.06,-18.3,5.1,0.0,-0.0,-23.4,-0.0,338,3382,0,8,-16
1517,216.52,28834,351.98,351.97,-0.01,-23.3,-1.0,0.0,-0.0,-22.3,-0.0,326,3379,0,10,-20
1518,216.61,28834,351.98,351.92,-0.05,-29.4,-4.1,0.0,-0.0,-25.3,-0.0,326,3381,0,13,-25
1519,216.78,28827,351.89,351.84,-0.05,-27.9,-4.1,0.0,-0.0,-23.8,-0.0,238,3291,0,9,-25
1520,216.95,28820,351.81,351.75,-0.05,-26.0,-4.1,0.0,-0.0,-21.9,-0.0,151,3200,0,5,-25
1521,217.04,28818,351.78,351.71,-0.07,-30.7,-6.1,0.0,-0.0,-24.5,-0.0,126,3171,0,4,-29
1522,217.21,28812,351.71,351.62,-0.09,-29.8,-7.2,0.0,-0.0,-22.7,-0.0,51,3091,0,1,-29
1523,217.38,28807,351.65,351.54,-0.11,-31.1,-9.2,0.0,-0.0,-21.9,-0.0,4084,3028,0,-2,-30
1524,217.46,28805,351.62,351.50,-0.12,-33.3,-10.2,0.0,-0.0,-23.0,-0.0,4059,3002,0,-3,-32
1525,217.63,28800,351.56,351.41,-0.15,-34.6,-12.3,0.0,-0.0,-22.3,-0.0,3997,2944,0,-7,-33
1526,217.80,28796,351.51,351.33,-0.18,-38.8,-15.3,0.0,-0.0,-23.4,-0.0,3947,2896,0,-10,-36
1527,217.89,28788,351.42,351.28,-0.13,-36.2,-11.2,0.0,-0.0,-24.9,-0.0,3847,2785,0,-15,-32
1528,218.06,28787,351.40,351.20,-0.21,-39.7,-17.4,0.0,-0.0,-22.3,-0.0,3834,2781,0,-17,-35
1529,218.23,28779,351.31,351.11,-0.20,-38.3,-16.4,0.0,-0.0,-21.9,-0.0,3734,2678,0,-21,-31
1530,218.40,28768,351.17,351.03,-0.15,-35.7,-12.3,0.0,0.0,-23.4,-0.0,3597,2528,0,-26,-23
1531,218.49,28765,351.14,350.99,-0.15,-37.2,-12.3,0.0,0.0,-24.9,-0.0,3559,2486,0,-28,-22
1532,218.66,28759,351.06,350.90,-0.16,-36.0,-13.3,0.0,0.0,-22.7,-0.0,3484,2419,0,-29,-19
1533,218.75,28756,351.03,350.85,-0.17,-39.2,-14.3,0.0,0.0,-24.9,-0.0,3447,2374,0,-33,-18
1534,218.92,28748,350.93,350.77,-0.16,-35.6,-13.3,0.0,0.0,-22.3,-0.0,3347,2279,0,-32,-12
1535,219.10,28741,350.84,350.68,-0.16,-37.1,-13.3,0.0,-0.0,-23.8,-0.0,3259,2195,0,-35,-8
1536,219.19,28739,350.82,350.64,-0.18,-40.2,-15.3,0.0,-0.0,-24.9,-0.0,3234,2169,0,-38,-7
1537,219.36,28729,350.70,350.55,-0.15,-36.4,-12.3,0.0,0.0,-24.2,-0.0,3109,2039,0,-35,0
1538,219.53,28719,350.57,350.46,-0.11,-32.2,-9.2,0.0,0.0,-23.0,-0.0,2984,1912,0,-31,6
1539,219.61,28715,350.52,350.42,-0.10,-31.6,-8.2,0.0,0.0,-23.4,-0.0,2934,1861,0,-29,9
1540,219.79,28707,350.43,350.34,-0.09,-30.6,-7.2,0.0,0.0,-23.4,-0.0,2834,1760,0,-27,13
1541,219.95,28696,350.29,350.25,-0.04,-25.4,-3.1,0.0,0.0,-22.3,-0.0,2697,1619,0,-19,15
1542,220.04,28692,350.24,350.21,-0.04,-26.8,-3.1,0.0,0.0,-23.8,-0.0,2647,1566,0,-19,18
1543,220.21,28683,350.13,350.13,-0.01,-24.4,-1.0,0.0,0.0,-23.4,-0.0,2534,1455,0,-15,19
1544,220.38,28676,350.05,350.04,-0.01,-23.7,-1.0,0.0,0.0,-22.7,-0.0,2447,1370,0,-12,20
1545,220.47,28671,349.99,350.00,0.01,-24.2,1.0,0.0,0.0,-25.3,-0.0,2384,1302,0,-10,21
1546,220.64,28660,349.85,349.91,0.06,-17.5,5.1,0.0,0.0,-22.7,-0.0,2247,1171,0,-4,17
1547,220.82,28650,349.73,349.82,0.09,-17.4,7.2,0.0,0.0,-24.5,-0.0,2122,1041,0,0,17
1548,220.90,28646,349.68,349.78,0.10,-15.6,8.2,0.0,0.0,-23.8,-0.0,2072,993,0,1,15
1549,221.08,28636,349.56,349.69,0.13,-12.5,11.2,0.0,0.0,-23.8,-0.0,1947,863,0,3,12
1550,221.24,28626,349.44,349.61,0.17,-8.0,14.3,0.0,0.0,-22.3,-0.0,1822,742,0,3,7
1551,221.33,28620,349.37,349.57,0.21,-6.4,17.4,0.0,0.0,-23.8,-0.0,1747,662,0,3,5
1552,221.50,28608,349.22,349.48,0.26,-3.0,21.5,0.0,0.0,-24.5,-0.0,1597,507,0,2,2
1553,221.67,28600,349.12,349.40,0.28,0.9,23.5,0.0,0.0,-22.7,-0.0,1497,2459,0,-1,0
1554,221.76,28598,349.10,349.35,0.26,-3.8,21.5,0.0,0.0,-25.3,-0.0,1472,386,0,3,2
1555,221.92,28588,348.97,349.27,0.29,2.3,24.5,0.0,0.0,-22.3,-0.0,1347,2317,0,-2,-1
1556,222.10,28579,348.86,349.18,0.32,4.7,26.6,0.0,0.0,-21.9,-0.0,1234,2208,0,-4,-1
1557,222.19,28575,348.82,349.14,0.32,-0.2,26.6,0.0,0.0,-26.8,-0.0,1184,104,0,0,0
1558,222.36,28567,348.72,349.05,0.33,3.5,27.6,0.0,0.0,-24.2,-0.0,1084,2057,0,-3,0
1559,222.53,28557,348.60,348.96,0.37,7.3,30.7,0.0,0.0,-23.4,-0.0,959,1928,0,-7,1
1560,222.61,28554,348.56,348.93,0.37,9.9,30.7,0.0,0.0,-20.8,-0.0,922,1901,0,-9,2
1561,222.77,28548,348.49,348.84,0.35,7.0,29.7,0.0,0.0,-22.7,-0.0,847,1826,0,-6,2
1562,222.93,28541,348.40,348.76,0.37,7.6,30.7,0.0,0.0,-23.0,-0.0,759,1739,0,-7,3
1563,223.10,28533,348.30,348.68,0.38,8.7,31.7,0.0,-0.0,-23.0,-0.0,659,1643,0,-7,5
1564,223.19,28530,348.27,348.63,0.37,5.4,30.7,0.0,0.0,-25.3,-0.0,622,1601,0,-4,3
1565,223.36,28520,348.14,348.55,0.40,10.7,33.8,0.0,0.0,-23.0,-0.0,497,1474,0,-7,8
1566,223.53,28518,348.12,348.47,0.34,5.2,28.6,0.0,-0.0,-23.4,-0.0,472,1455,0,-3,4
1567,223.61,28513,348.06,348.42,0.37,6.9,30.7,0.0,0.0,-23.8,-0.0,409,1390,0,-4,6
1568,223.79,28508,348.00,348.34,0.34,5.2,28.6,0.0,-0.0,-23.4,-0.0,347,1334,0,-2,5
1569,223.95,28500,347.90,348.25,0.35,7.4,29.7,0.0,-0.0,-22.3,-0.0,247,1235,0,-2,7
1570,224.04,28499,347.89,348.21,0.32,2.8,26.6,0.0,-0.0,-23.8,-0.0,234,1226,0,-1,3
1571,224.20,28490,347.78,348.13,0.35,6.6,29.7,0.0,0.0,-23.0,-0.0,122,1104,0,-1,6
1572,224.37,28482,347.68,348.04,0.37,8.4,30.7,0.0,0.0,-22.3,-0.0,22,1007,0,0,8
1573,224.46,28480,347.66,348.00,0.34,3.7,28.6,0.0,0.0,-24.9,-0.0,4093,976,0,0,4
1574,224.63,28474,347.58,347.91,0.33,5.3,27.6,0.0,-0.0,-22.3,-0.0,4018,909,0,1,5
1575,224.81,28474,347.58,347.82,0.24,-4.1,20.5,0.0,-0.0,-24.5,-0.0,4018,2960,0,-1,-4
1576,224.90,28470,347.53,347.78,0.24,-3.3,20.5,0.0,-0.0,-23.8,-0.0,3968,2914,0,-1,-3
1577,225.07,28464,347.46,347.69,0.23,-4.3,19.4,0.0,-0.0,-23.8,-0.0,3893,2842,0,-1,-4
1578,225.24,28456,347.36,347.61,0.24,-1.5,20.5,0.0,-0.0,-21.9,-0.0,3793,2738,0,-1,-1
1579,225.32,28454,347.34,347.57,0.23,-4.0,19.4,0.0,-0.0,-23.4,-0.0,3768,2714,0,-2,-3
1580,225.50,28447,347.25,347.48,0.23,-5.1,19.4,0.0,-0.0,-24.5,-0.0,3680,2614,0,-3,-4
1581,225.66,28442,347.19,347.40,0.21,-5.3,17.4,0.0,-0.0,-22.7,-0.0,3618,2560,0,-4,-4
1582,225.75,28440,347.17,347.35,0.18,-8.8,15.3,0.0,-0.0,-24.2,-0.0,3593,2532,0,-6,-6
1583,225.92,28435,347.11,347.27,0.16,-9.0,13.3,0.0,-0.0,-22.3,-0.0,3530,2476,0,-7,-5
1584,226.09,28431,347.06,347.19,0.13,-10.7,11.2,0.0,-0.0,-21.9,-0.0,3480,2427,0,-9,-6
1585,226.18,28431,347.06,347.14,0.09,-18.9,7.2,0.0,-0.0,-26.0,-0.0,3480,2429,0,-15,-10
1586,226.35,28425,346.98,347.06,0.07,-17.6,6.1,0.0,-0.0,-23.8,-0.0,3405,2355,0,-15,-8
1587,226.51,28421,346.94,346.98,0.04,-20.0,3.1,0.0,-0.0,-23.0,-0.0,3355,2305,0,-18,-7
1588,226.60,28419,346.91,346.93,0.02,-23.2,2.0,0.0,-0.0,-25.3,-0.0,3330,2280,0,-21,-8
1589,226.76,28415,346.86,346.85,-0.01,-23.7,-1.0,0.0,-0.0,-22.7,-0.0,3280,2233,0,-22,-6
1590,226.96,28409,346.79,346.76,-0.02,-24.0,-2.0,0.0,-0.0,-21.9,-0.0,3205,2155,0,-23,-4
1591,227.05,28408,346.78,346.71,-0.07,-38.5,-6.1,0.0,-0.0,-32.3,-0.0,3193,2134,0,-37,-5
1592,227.22,28400,346.68,346.62,-0.06,-27.4,-5.1,0.0,-0.0,-22.3,-0.0,3093,2040,0,-27,0
1593,227.38,28398,346.66,346.54,-0.12,-32.5,-10.2,0.0,-0.0,-22.3,-0.0,3068,2016,0,-31,2
1594,227.48,28396,346.63,346.49,-0.13,-36.9,-11.2,0.0,-0.0,-25.6,-0.0,3043,1989,0,-36,3
1595,227.65,28390,346.56,346.40,-0.16,-37.4,-13.3,0.0,-0.0,-24.2,-0.0,2968,1916,0,-36,7
1596,227.74,28388,346.53,346.36,-0.17,-38.1,-14.3,0.0,-0.0,-23.8,-0.0,2943,1889,0,-36,9
1597,227.91,28383,346.47,346.27,-0.20,-40.2,-16.4,0.0,-0.0,-23.8,-0.0,2880,1831,0,-37,13
1598,228.08,28375,346.37,346.19,-0.18,-38.4,-15.3,0.0,-0.0,-23.0,-0.0,2780,1723,0,-33,18
1599,228.16,28370,346.31,346.15,-0.17,-38.1,-14.3,0.0,-0.0,-23.8,-0.0,2718,1655,0,-30,21
1600,228.34,28367,346.28,346.06,-0.22,-43.7,-18.4,0.0,-0.0,-25.3,-0.0,2680,1619,0,-33,26
1601,228.50,28359,346.18,345.98,-0.21,-40.1,-17.4,0.0,-0.0,-22.7,-0.0,2580,1519,0,-27,28
1602,228.59,28355,346.13,345.93,-0.20,-40.9,-16.4,0.0,0.0,-24.5,-0.0,2530,1462,0,-25,31
1603,228.77,28350,346.07,345.85,-0.22,-41.1,-18.4,0.0,-0.0,-22.7,-0.0,2468,1408,0,-22,33
1604,228.94,28339,345.94,345.76,-0.17,-38.8,-14.3,0.0,0.0,-24.5,-0.0,2330,1260,0,-13,35
1605,229.03,28335,345.89,345.71,-0.17,-39.2,-14.3,0.0,0.0,-24.9,-0.0,2280,1206,0,-10,37
1606,229.20,28330,345.83,345.63,-0.20,-39.8,-16.4,0.0,0.0,-23.4,-0.0,2218,1151,0,-7,38
1607,229.37,28319,345.69,345.54,-0.15,-35.3,-12.3,0.0,0.0,-23.0,-0.0,2080,1006,0,1,34
1608,229.46,28315,345.64,345.50,-0.15,-37.2,-12.3,0.0,0.0,-24.9,-0.0,2030,951,0,4,36
1609,229.63,28309,345.57,345.41,-0.16,-37.4,-13.3,0.0,0.0,-24.2,-0.0,1955,885,0,8,35
1610,229.80,28299,345.45,345.33,-0.12,-33.3,-10.2,0.0,0.0,-23.0,-0.0,1830,756,0,13,30
1611,229.89,28292,345.36,345.28,-0.07,-31.0,-6.1,0.0,0.0,-24.9,-0.0,1743,659,0,16,25
1612,230.06,28285,345.28,345.20,-0.07,-28.1,-6.1,0.0,0.0,-21.9,-0.0,1655,583,0,17,21
1613,230.23,28275,345.15,345.12,-0.04,-26.1,-3.1,0.0,0.0,-23.0,-0.0,1530,452,0,19,16
1614,230.32,28270,345.09,345.07,-0.02,-27.7,-2.0,0.0,0.0,-25.6,-0.0,1468,380,0,22,15
1615,230.48,28260,344.97,344.99,0.01,-20.9,1.0,0.0,0.0,-21.9,-0.0,1343,264,0,19,8
1616,230.65,28252,344.87,344.90,0.02,-21.0,2.0,0.0,0.0,-23.0,-0.0,1243,168,0,20,5
1617,230.74,28246,344.80,344.86,0.06,-20.2,5.1,0.0,0.0,-25.3,-0.0,1168,81,0,19,2
1618,230.91,28236,344.68,344.78,0.10,-13.7,8.2,0.0,0.0,-21.9,-0.0,1043,4060,0,13,-1
1619,231.08,28226,344.56,344.69,0.13,-11.0,11.2,0.0,0.0,-22.3,-0.0,918,3934,0,10,-3
1620,231.17,28221,344.49,344.65,0.15,-12.2,12.3,0.0,0.0,-24.5,-0.0,855,3866,0,11,-4
1621,231.34,28211,344.37,344.56,0.18,-8.1,15.3,0.0,0.0,-23.4,-0.0,730,3741,0,7,-4
1622,231.52,28202,344.26,344.47,0.21,-5.7,17.4,0.0,0.0,-23.0,-0.0,618,3636,0,4,-4
1623,231.60,28195,344.18,344.43,0.26,-1.6,21.5,0.0,0.0,-23.0,-0.0,530,3542,0,1,-1
1624,231.77,28188,344.09,344.35,0.26,-0.4,21.5,0.0,0.0,-21.9,-0.0,443,3462,0,0,0
1625,231.94,28177,343.96,344.26,0.31,2.2,25.6,0.0,0.0,-23.4,-0.0,305,1272,0,-1,2
1626,232.03,28174,343.92,344.22,0.29,0.4,24.5,0.0,0.0,-24.2,-0.0,268,1235,0,0,0
1627,232.20,28166,343.82,344.13,0.31,3.3,25.6,0.0,0.0,-22.3,-0.0,168,1140,0,-1,3
1628,232.37,28160,343.75,344.04,0.29,2.6,24.5,0.0,0.0,-21.9,-0.0,93,1073,0,0,3
1629,232.46,28153,343.66,344.00,0.33,2.3,27.6,0.0,0.0,-25.3,-0.0,5,973,0,0,2
1630,232.64,28145,343.57,343.91,0.34,5.6,28.6,0.0,0.0,-23.0,-0.0,4001,883,0,1,5
1631,232.79,28134,343.43,343.83,0.40,11.5,33.8,0.0,0.0,-22.3,-0.0,3864,740,0,5,10
1632,232.88,28130,343.38,343.79,0.40,9.6,33.8,0.0,0.0,-24.2,-0.0,3814,686,0,5,8
1633,233.05,28124,343.31,343.71,0.39,10.8,32.7,0.0,0.0,-21.9,-0.0,3739,616,0,6,8
1634,233.22,28118,343.24,343.62,0.38,7.9,31.7,0.0,0.0,-23.8,-0.0,3664,547,0,5,6
1635,233.30,28116,343.21,343.58,0.37,9.1,30.7,0.0,0.0,-21.5,-0.0,3639,526,0,6,6
1636,233.47,28108,343.12,343.50,0.38,9.4,31.7,0.0,-0.0,-22.3,-0.0,3539,429,0,7,6
1637,233.64,28101,343.03,343.41,0.38,7.2,31.7,0.0,-0.0,-24.5,-0.0,3451,337,0,6,3
1638,233.73,28098,342.99,343.37,0.38,8.3,31.7,0.0,-0.0,-23.4,-0.0,3414,303,0,7,4
1639,233.90,28089,342.88,343.28,0.40,10.3,33.8,0.0,0.0,-23.4,-0.0,3301,185,0,10,3
1640,234.06,28082,342.80,343.20,0.40,11.5,33.8,0.0,0.0,-22.3,-0.0,3214,99,0,11,2
1641,234.23,28075,342.71,343.11,0.40,11.1,33.8,0.0,0.0,-22.7,-0.0,3126,13,0,11,0
1642,234.32,28072,342.68,343.07,0.39,8.9,32.7,0.0,0.0,-23.8,-0.0,3089,4068,0,9,0
1643,234.48,28065,342.59,342.99,0.40,11.8,33.8,0.0,0.0,-21.9,-0.0,3001,3985,0,11,-2
1644,234.66,28061,342.54,342.90,0.37,7.6,30.7,0.0,-0.0,-23.0,-0.0,2951,3936,0,7,-2
1645,234.75,28059,342.52,342.86,0.34,3.4,28.6,0.0,-0.0,-25.3,-0.0,2926,3913,0,3,-1
1646,234.91,28054,342.46,342.77,0.32,5.0,26.6,0.0,-0.0,-21.5,-0.0,2864,3859,0,5,-2
1647,235.08,28050,342.41,342.69,0.28,1.6,23.5,0.0,-0.0,-21.9,-0.0,2814,3812,0,1,-1
1648,235.17,28047,342.37,342.65,0.28,-1.0,23.5,0.0,-0.0,-24.5,-0.0,2776,1724,0,-1,0
1649,235.34,28040,342.29,342.56,0.27,-0.5,22.5,0.0,-0.0,-23.0,-0.0,2689,1634,0,0,0
1650,235.51,28035,342.22,342.48,0.26,-1.6,21.5,0.0,-0.0,-23.0,-0.0,2626,1569,0,-1,1
1651,235.59,28033,342.20,342.44,0.23,-2.5,19.4,0.0,-0.0,-21.9,-0.0,2601,1547,0,-2,2
1652,235.76,28030,342.16,342.35,0.18,-6.6,15.3,0.0,-0.0,-21.9,-0.0,2564,1512,0,-4,5
1653,235.93,28023,342.08,342.27,0.18,-8.1,15.3,0.0,-0.0,-23.4,-0.0,2476,1418,0,-4,6
1654,236.08,28021,342.05,342.19,0.13,-11.0,11.2,0.0,-0.0,-22.3,-0.0,2451,1403,0,-6,9
1655,236.18,28019,342.03,342.14,0.11,-15.3,9.2,0.0,-0.0,-24.5,-0.0,2426,1376,0,-8,13
1656,236.35,28012,341.94,342.06,0.11,-13.8,9.2,0.0,-0.0,-23.0,-0.0,2339,1285,0,-5,12
1657,236.44,28010,341.92,342.01,0.09,-18.1,7.2,0.0,-0.0,-25.3,-0.0,2314,1258,0,-6,16
1658,236.61,28005,341.86,341.92,0.06,-17.9,5.1,0.0,-0.0,-23.0,-0.0,2251,1200,0,-5,17
1659,236.77,28001,341.81,341.85,0.04,-19.2,3.1,0.0,-0.0,-22.3,-0.0,2201,1148,0,-4,18
1660,236.94,27998,341.77,341.76,-0.01,-25.2,-1.0,0.0,-0.0,-24.2,-0.0,2164,1113,0,-3,24
1661,237.03,27996,341.75,341.72,-0.04,-26.8,-3.1,0.0,-0.0,-23.8,-0.0,2139,1090,0,-3,26
1662,237.20,27992,341.70,341.63,-0.07,-29.9,-6.1,0.0,-0.0,-23.8,-0.0,2089,1042,0,-1,29
1663,237.37,27987,341.64,341.54,-0.10,-32.3,-8.2,0.0,-0.0,-24.2,-0.0,2026,976,0,2,31
1664,237.46,27987,341.64,341.50,-0.13,-34.7,-11.2,0.0,-0.0,-23.4,-0.0,2026,981,0,2,34
1665,237.62,27980,341.55,341.42,-0.13,-34.7,-11.2,0.0,-0.0,-23.4,-0.0,1939,888,0,7,33
1666,237.79,27973,341.47,341.33,-0.13,-33.9,-11.2,0.0,-0.0,-22.7,-0.0,1851,793,0,11,31
1667,237.88,27970,341.43,341.29,-0.15,-37.2,-12.3,0.0,-0.0,-24.9,-0.0,1814,755,0,14,33
1668,238.05,27963,341.35,341.21,-0.13,-33.2,-11.2,0.0,-0.0,-21.9,-0.0,1726,668,0,17,27
1669,238.21,27959,341.30,341.12,-0.17,-36.6,-14.3,0.0,0.0,-22.3,-0.0,1676,613,0,21,29
1670,238.31,27956,341.26,341.08,-0.18,-40.2,-15.3,0.0,-0.0,-24.9,-0.0,1639,576,0,25,30
1671,238.47,27952,341.21,340.99,-0.22,-41.1,-18.4,0.0,-0.0,-22.7,-0.0,1589,534,0,27,29
1672,238.65,27949,341.17,340.91,-0.27,-45.9,-22.5,0.0,-0.0,-23.4,-0.0,1551,500,0,32,31
1673,238.73,27943,341.10,340.86,-0.23,-43.6,-19.4,0.0,-0.0,-24.2,-0.0,1476,421,0,34,25
1674,238.91,27932,340.97,340.78,-0.20,-40.2,-16.4,0.0,-0.0,-23.8,-0.0,1339,274,0,36,16
1675,239.07,27927,340.91,340.69,-0.21,-40.4,-17.4,0.0,0.0,-23.0,-0.0,1276,211,0,37,12
1676,239.17,27921,340.83,340.65,-0.18,-40.6,-15.3,0.0,0.0,-25.3,-0.0,1201,128,0,39,8
1677,239.33,27912,340.72,340.56,-0.16,-36.3,-13.3,0.0,0.0,-23.0,-0.0,1089,11,0,35,1
1678,239.51,27907,340.66,340.47,-0.18,-39.9,-15.3,0.0,0.0,-24.5,-0.0,1026,4054,0,39,-2
1679,239.60,27903,340.61,340.43,-0.18,-40.2,-15.3,0.0,0.0,-24.9,-0.0,976,4002,0,39,-6
1680,239.77,27893,340.49,340.35,-0.15,-34.9,-12.3,0.0,0.0,-22.7,-0.0,851,3874,0,32,-11
1681,239.94,27887,340.42,340.26,-0.16,-36.0,-13.3,0.0,0.0,-22.7,-0.0,776,3806,0,31,-15
1682,240.03,27884,340.38,340.22,-0.17,-38.8,-14.3,0.0,-0.0,-24.5,-0.0,739,3768,0,33,-18
1683,240.19,27872,340.23,340.13,-0.10,-30.5,-8.2,0.0,0.0,-22.3,-0.0,589,3611,0,22,-20
1684,240.36,27863,340.12,340.05,-0.07,-29.2,-6.1,0.0,0.0,-23.0,-0.0,476,3496,0,17,-22
1685,240.45,27859,340.08,340.00,-0.07,-30.7,-6.1,0.0,0.0,-24.5,-0.0,426,3445,0,16,-25
1686,240.63,27849,339.95,339.92,-0.04,-26.1,-3.1,0.0,0.0,-23.0,-0.0,301,3317,0,9,-24
1687,240.80,27837,339.81,339.83,0.02,-19.9,2.0,0.0,0.0,-21.9,-0.0,151,3166,0,3,-19
1688,240.89,27832,339.75,339.79,0.04,-22.9,3.1,0.0,0.0,-26.0,-0.0,89,3095,0,1,-22
1689,241.05,27821,339.61,339.70,0.10,-14.5,8.2,0.0,0.0,-22.7,-0.0,4047,2962,0,-2,-14
1690,241.14,27816,339.55,339.66,0.11,-16.4,9.2,0.0,0.0,-25.6,-0.0,3985,2891,0,-4,-15
1691,241.31,27808,339.45,339.57,0.12,-12.8,10.2,0.0,0.0,-23.0,-0.0,3885,2801,0,-5,-11
1692,241.49,27797,339.32,339.49,0.17,-8.7,14.3,0.0,0.0,-23.0,-0.0,3747,2664,0,-5,-7
1693,241.57,27792,339.26,339.44,0.18,-11.0,15.3,0.0,0.0,-26.4,-0.0,3685,2594,0,-7,-8
1694,241.74,27780,339.11,339.36,0.24,-2.6,20.5,0.0,0.0,-23.0,-0.0,3535,2451,0,-2,-1
1695,241.91,27771,339.00,339.27,0.27,-0.2,22.5,0.0,0.0,-22.7,-0.0,3422,2338,0,0,0
1696,242.08,27762,338.89,339.19,0.31,3.3,25.6,0.0,0.0,-22.3,-0.0,3310,176,0,3,1
1697,242.16,27756,338.82,339.15,0.33,3.8,27.6,0.0,0.0,-23.8,-0.0,3235,100,0,4,1
1698,242.33,27747,338.71,339.06,0.35,6.6,29.7,0.0,0.0,-23.0,-0.0,3122,4085,0,6,0
1699,242.51,27739,338.61,338.98,0.37,7.3,30.7,0.0,0.0,-23.4,-0.0,3022,3996,0,7,-1
1700,242.60,27737,338.59,338.93,0.34,3.7,28.6,0.0,0.0,-24.9,-0.0,2997,3967,0,4,-1
1701,242.76,27728,338.48,338.85,0.37,8.4,30.7,0.0,0.0,-22.3,-0.0,2885,3861,0,8,-3
1702,242.86,27724,338.43,338.80,0.38,5.7,31.7,0.0,0.0,-26.0,-0.0,2835,3807,0,5,-2
1703,243.02,27716,338.33,338.72,0.39,10.1,32.7,0.0,0.0,-22.7,-0.0,2735,3714,0,8,-5
1704,243.20,27706,338.21,338.63,0.43,12.8,35.8,0.0,0.0,-23.0,-0.0,2610,3586,0,9,-9
1705,243.29,27702,338.16,338.59,0.43,12.0,35.8,0.0,0.0,-23.8,-0.0,2560,3531,0,8,-9
1706,243.46,27697,338.10,338.50,0.40,11.5,33.8,0.0,0.0,-22.3,-0.0,2497,3477,0,6,-9
1707,243.62,27688,337.99,338.42,0.43,13.9,35.8,0.0,0.0,-21.9,-0.0,2385,3364,0,6,-12
1708,243.71,27685,337.95,338.37,0.43,11.3,35.8,0.0,0.0,-24.5,-0.0,2347,3323,0,4,-10
1709,243.88,27680,337.89,338.29,0.40,11.5,33.8,0.0,-0.0,-22.3,-0.0,2285,3272,0,3,-11
1710,244.05,27674,337.82,338.20,0.39,10.8,32.7,0.0,-0.0,-21.9,-0.0,2210,3199,0,2,-10
1711,244.14,27672,337.79,338.16,0.37,5.0,30.7,0.0,-0.0,-25.6,-0.0,2185,3168,0,1,-5
1712,244.31,27666,337.72,338.07,0.35,7.7,29.7,0.0,-0.0,-21.9,-0.0,2110,3103,0,0,-7
1713,244.48,27658,337.62,337.99,0.37,8.4,30.7,0.0,-0.0,-22.3,-0.0,2010,2999,0,-1,-8
1714,244.57,27656,337.60,337.95,0.34,3.7,28.6,0.0,-0.0,-24.9,-0.0,1985,2971,0,-1,-4
1715,244.74,27652,337.55,337.86,0.31,2.9,25.6,0.0,-0.0,-22.7,-0.0,1935,2927,0,-1,-3
1716,244.91,27645,337.46,337.77,0.31,3.6,25.6,0.0,-0.0,-21.9,-0.0,1847,2838,0,-1,-3
1717,245.00,27641,337.41,337.73,0.32,2.1,26.6,0.0,-0.0,-24.5,-0.0,1797,2782,0,-1,-2
1718,245.17,27636,337.35,337.65,0.29,3.4,24.5,0.0,-0.0,-21.2,-0.0,1735,2729,0,-2,-3
1719,245.33,27631,337.29,337.56,0.27,-0.5,22.5,0.0,-0.0,-23.0,-0.0,1672,611,0,0,0
1720,245.50,27626,337.23,337.48,0.24,-3.7,20.5,0.0,-0.0,-24.2,-0.0,1610,550,0,2,3
1721,245.59,27624,337.21,337.44,0.23,-4.7,19.4,0.0,-0.0,-24.2,-0.0,1585,528,0,3,3
1722,245.76,27624,337.21,337.35,0.15,-11.1,12.3,0.0,-0.0,-23.4,-0.0,1585,543,0,7,8
1723,245.93,27616,337.11,337.27,0.16,-8.3,13.3,0.0,-0.0,-21.5,-0.0,1485,436,0,6,5
1724,246.01,27613,337.07,337.22,0.15,-11.5,12.3,0.0,-0.0,-23.8,-0.0,1447,395,0,9,6
1725,246.19,27611,337.05,337.14,0.09,-17.0,7.2,0.0,-0.0,-24.2,-0.0,1422,375,0,14,9
1726,246.36,27607,337.00,337.05,0.05,-20.1,4.1,0.0,-0.0,-24.2,-0.0,1372,322,0,17,9
1727,246.45,27604,336.96,337.01,0.05,-20.8,4.1,0.0,-0.0,-24.9,-0.0,1335,279,0,18,8
1728,246.62,27602,336.94,336.92,-0.01,-23.7,-1.0,0.0,-0.0,-22.7,-0.0,1310,266,0,21,9
1729,246.79,27599,336.90,336.83,-0.07,-29.5,-6.1,0.0,-0.0,-23.4,-0.0,1272,227,0,27,10
1730,246.88,27594,336.84,336.79,-0.05,-28.6,-4.1,0.0,-0.0,-24.5,-0.0,1210,160,0,27,7
1731,247.05,27592,336.82,336.71,-0.11,-32.2,-9.2,0.0,-0.0,-23.0,-0.0,1185,139,0,31,7
1732,247.14,27588,336.77,336.66,-0.11,-34.8,-9.2,0.0,-0.0,-25.6,-0.0,1135,85,0,33,4
1733,247.31,27585,336.73,336.58,-0.16,-35.6,-13.3,0.0,-0.0,-22.3,-0.0,1097,49,0,34,3
1734,247.47,27580,336.67,336.49,-0.17,-37.0,-14.3,0.0,-0.0,-22.7,-0.0,1035,4079,0,36,-1
1735,247.64,27574,336.60,336.41,-0.18,-37.3,-15.3,0.0,-0.0,-21.9,-0.0,960,4006,0,36,-5
1736,247.73,27570,336.55,336.37,-0.18,-39.9,-15.3,0.0,-0.0,-24.5,-0.0,910,3947,0,38,-9
1737,247.90,27566,336.50,336.28,-0.22,-41.8,-18.4,0.0,-0.0,-23.4,-0.0,860,3903,0,39,-12
1738,248.07,27559,336.41,336.19,-0.22,-40.7,-18.4,0.0,-0.0,-22.3,-0.0,772,3809,0,36,-17
1739,248.17,27555,336.36,336.15,-0.22,-44.4,-18.4,0.0,-0.0,-26.0,-0.0,722,3753,0,37,-22
1740,248.34,27551,336.32,336.06,-0.26,-45.6,-21.5,0.0,-0.0,-24.2,-0.0,672,3709,0,37,-25
1741,248.43,27549,336.29,336.02,-0.28,-48.8,-23.5,0.0,-0.0,-25.3,-0.0,647,3686,0,38,-28
1742,248.60,27544,336.23,335.93,-0.31,-47.9,-25.6,0.0,-0.0,-22.3,-0.0,585,3626,0,35,-31
1743,248.77,27534,336.11,335.85,-0.27,-45.5,-22.5,0.0,-0.0,-23.0,-0.0,460,3496,0,27,-35
1744,248.86,27529,336.05,335.80,-0.24,-45.3,-20.5,0.0,-0.0,-24.9,-0.0,397,3428,0,23,-38
1745,249.03,27520,335.94,335.72,-0.22,-41.4,-18.4,0.0,0.0,-23.0,-0.0,285,3312,0,14,-37
1746,249.20,27512,335.84,335.63,-0.21,-39.7,-17.4,0.0,0.0,-22.3,-0.0,185,3210,0,8,-38
1747,249.29,27507,335.78,335.59,-0.20,-40.2,-16.4,0.0,0.0,-23.8,-0.0,122,3138,0,4,-39
1748,249.45,27499,335.68,335.51,-0.17,-35.9,-14.3,0.0,0.0,-21.5,-0.0,22,3045,0,-1,-35
1749,249.62,27490,335.57,335.42,-0.15,-34.2,-12.3,0.0,0.0,-21.9,-0.0,4006,2932,0,-7,-32
1750,249.70,27485,335.51,335.38,-0.13,-35.8,-11.2,0.0,0.0,-24.5,-0.0,3943,2864,0,-11,-33
1751,249.88,27475,335.39,335.29,-0.10,-31.6,-8.2,0.0,0.0,-23.4,-0.0,3818,2738,0,-15,-27
1752,250.04,27470,335.33,335.21,-0.12,-32.5,-10.2,0.0,0.0,-22.3,-0.0,3756,2684,0,-18,-26
1753,250.14,27464,335.25,335.16,-0.10,-34.2,-8.2,0.0,0.0,-26.0,-0.0,3681,2599,0,-22,-25
1754,250.30,27452,335.11,335.08,-0.02,-24.0,-2.0,0.0,0.0,-21.9,-0.0,3531,2454,0,-19,-14
1755,250.47,27441,334.97,334.99,0.02,-21.0,2.0,0.0,0.0,-23.0,-0.0,3393,2312,0,-19,-8
1756,250.56,27436,334.91,334.95,0.04,-22.2,3.1,0.0,0.0,-25.3,-0.0,3331,2244,0,-21,-6
1757,250.74,27424,334.77,334.86,0.10,-15.2,8.2,0.0,0.0,-23.4,-0.0,3181,2089,0,-15,-1
1758,250.91,27414,334.64,334.78,0.13,-10.7,11.2,0.0,0.0,-21.9,-0.0,3056,1970,0,-10,1
1759,250.99,27410,334.59,334.73,0.13,-13.3,11.2,0.0,0.0,-24.5,-0.0,3006,1917,0,-13,3
1760,251.17,27400,334.47,334.65,0.17,-8.7,14.3,0.0,0.0,-23.0,-0.0,2881,1797,0,-8,3
1761,251.34,27390,334.35,334.56,0.21,-6.4,17.4,0.0,0.0,-23.8,-0.0,2756,1670,0,-5,3
1762,251.43,27384,334.28,334.51,0.23,-6.2,19.4,0.0,0.0,-25.6,-0.0,2681,1592,0,-5,4
1763,251.60,27375,334.17,334.43,0.27,0.6,22.5,0.0,0.0,-21.9,-0.0,2568,3538,0,0,0
1764,251.77,27365,334.05,334.35,0.31,3.3,25.6,0.0,0.0,-22.3,-0.0,2443,3410,0,2,-3
1765,251.85,27362,334.01,334.30,0.29,0.0,24.5,0.0,0.0,-24.5,-0.0,2406,3371,0,0,0
1766,252.02,27349,333.85,334.22,0.37,8.8,30.7,0.0,0.0,-21.9,-0.0,2243,3209,0,2,-8
1767,252.19,27342,333.76,334.14,0.38,8.7,31.7,0.0,0.0,-23.0,-0.0,2156,3125,0,1,-8
1768,252.34,27334,333.67,334.06,0.39,9.7,32.7,0.0,0.0,-23.0,-0.0,2056,3026,0,-1,-9
1769,252.43,27330,333.62,334.01,0.39,8.2,32.7,0.0,0.0,-24.5,-0.0,2006,2973,0,-1,-8
1770,252.61,27319,333.48,333.93,0.44,13.4,36.8,0.0,0.0,-23.4,-0.0,1868,2837,0,-5,-12
1771,252.77,27314,333.42,333.84,0.43,13.9,35.8,0.0,0.0,-21.9,-0.0,1806,2786,0,-6,-12
1772,252.86,27310,333.37,333.80,0.43,10.9,35.8,0.0,0.0,-24.9,-0.0,1756,2728,0,-5,-9
1773,253.03,27301,333.26,333.72,0.45,14.8,37.8,0.0,0.0,-23.0,-0.0,1643,2618,0,-9,-11
1774,253.20,27293,333.17,333.63,0.46,15.8,38.9,0.0,0.0,-23.0,-0.0,1543,2521,0,-11,-10
1775,253.29,27290,333.13,333.59,0.45,13.7,37.8,0.0,0.0,-24.2,-0.0,1506,2485,0,-10,-8
1776,253.46,27280,333.01,333.50,0.49,16.8,40.9,0.0,0.0,-24.2,-0.0,1381,2353,0,-14,-7
1777,253.63,27278,332.98,333.41,0.43,12.8,35.8,0.0,0.0,-23.0,-0.0,1356,2339,0,-11,-5
1778,253.72,27274,332.93,333.37,0.44,11.9,36.8,0.0,-0.0,-24.9,-0.0,1306,2288,0,-11,-4
1779,253.90,27268,332.86,333.28,0.42,11.4,34.8,0.0,-0.0,-23.4,-0.0,1231,2218,0,-11,-3
1780,254.07,27265,332.82,333.20,0.38,8.7,31.7,0.0,-0.0,-23.0,-0.0,1193,2188,0,-8,-2
1781,254.16,27263,332.80,333.15,0.35,3.7,29.7,0.0,-0.0,-26.0,-0.0,1168,2164,0,-3,-1
1782,254.32,27255,332.70,333.07,0.37,9.1,30.7,0.0,-0.0,-21.5,-0.0,1068,2061,0,-9,0
1783,254.49,27249,332.63,332.98,0.35,6.2,29.7,0.0,-0.0,-23.4,-0.0,993,1984,0,-6,1
1784,254.58,27244,332.57,332.94,0.37,5.8,30.7,0.0,-0.0,-24.9,-0.0,931,1917,0,-5,1
1785,254.75,27241,332.53,332.85,0.32,3.2,26.6,0.0,-0.0,-23.4,-0.0,893,1881,0,-3,1
1786,254.90,27235,332.46,332.78,0.32,4.7,26.6,0.0,-0.0,-21.9,-0.0,818,1806,0,-4,2
1787,254.99,27233,332.43,332.74,0.31,1.8,25.6,0.0,-0.0,-23.8,-0.0,793,1783,0,-2,1
1788,255.15,27228,332.37,332.65,0.28,0.9,23.5,0.0,-0.0,-22.7,-0.0,731,1724,0,-1,0
1789,255.32,27226,332.35,332.57,0.22,-3.9,18.4,0.0,-0.0,-22.3,-0.0,706,3751,0,3,-2
1790,255.42,27223,332.31,332.52,0.21,-8.6,17.4,0.0,-0.0,-26.0,-0.0,668,3709,0,7,-5
1791,255.59,27218,332.25,332.43,0.18,-8.4,15.3,0.0,-0.0,-23.8,-0.0,606,3652,0,6,-5
1792,255.77,27214,332.20,332.35,0.15,-10.4,12.3,0.0,-0.0,-22.7,-0.0,556,3605,0,7,-7
1793,255.85,27212,332.18,332.30,0.12,-13.9,10.2,0.0,-0.0,-24.2,-0.0,531,3579,0,9,-10
1794,256.02,27206,332.10,332.22,0.11,-13.1,9.2,0.0,-0.0,-22.3,-0.0,456,3500,0,8,-10
1795,256.19,27204,332.08,332.14,0.06,-17.9,5.1,0.0,-0.0,-23.0,-0.0,431,3479,0,10,-14
1796,256.28,27201,332.04,332.09,0.05,-20.4,4.1,0.0,-0.0,-24.5,-0.0,393,3438,0,11,-17
1797,256.45,27197,331.99,332.01,0.01,-22.4,1.0,0.0,-0.0,-23.4,-0.0,343,3389,0,10,-19
1798,256.62,27195,331.97,331.92,-0.05,-26.8,-4.1,0.0,-0.0,-22.7,-0.0,318,3371,0,11,-23
1799,256.70,27191,331.92,331.88,-0.04,-25.7,-3.1,0.0,-0.0,-22.7,-0.0,268,3318,0,9,-23
1800,256.87,27186,331.86,331.79,-0.06,-27.0,-5.1,0.0,-0.0,-21.9,-0.0,206,3253,0,7,-25
1801,257.05,27181,331.80,331.71,-0.10,-32.0,-8.2,0.0,-0.0,-23.8,-0.0,143,3191,0,6,-30
1802,257.13,27178,331.76,331.66,-0.10,-32.0,-8.2,0.0,-0.0,-23.8,-0.0,106,3149,0,4,-31
1803,257.30,27174,331.71,331.58,-0.13,-35.8,-11.2,0.0,-0.0,-24.5,-0.0,56,3095,0,1,-35
1804,257.48,27168,331.64,331.49,-0.15,-36.8,-12.3,0.0,-0.0,-24.5,-0.0,4077,3023,0,-3,-36
1805,257.56,27166,331.62,331.45,-0.17,-38.1,-14.3,0.0,-0.0,-23.8,-0.0,4052,2998,0,-4,-37
1806,257.73,27158,331.52,331.36,-0.16,-36.7,-13.3,0.0,-0.0,-23.4,-0.0,3952,2894,0,-10,-34
1807,257.91,27155,331.48,331.28,-0.21,-40.8,-17.4,0.0,-0.0,-23.4,-0.0,3914,2857,0,-13,-37
1808,257.99,27150,331.42,331.23,-0.18,-39.9,-15.3,0.0,-0.0,-24.5,-0.0,3852,2791,0,-16,-35
1809,258.17,27146,331.37,331.15,-0.23,-43.2,-19.4,0.0,-0.0,-23.8,-0.0,3802,2745,0,-20,-37
1810,258.34,27138,331.27,331.06,-0.22,-42.2,-18.4,0.0,-0.0,-23.8,-0.0,3702,2642,0,-25,-32
1811,258.43,27135,331.24,331.02,-0.22,-43.3,-18.4,0.0,-0.0,-24.9,-0.0,3664,2604,0,-28,-32
1812,258.60,27126,331.13,330.93,-0.20,-39.0,-16.4,0.0,0.0,-22.7,-0.0,3552,2486,0,-30,-24
1813,258.77,27120,331.05,330.85,-0.21,-38.9,-17.4,0.0,-0.0,-21.5,-0.0,3477,2416,0,-32,-20
1814,258.85,27114,330.98,330.80,-0.18,-40.2,-15.3,0.0,0.0,-24.9,-0.0,3402,2327,0,-35,-16
1815,259.01,27106,330.88,330.72,-0.16,-34.8,-13.3,0.0,0.0,-21.5,-0.0,3302,2233,0,-32,-9
1816,259.19,27099,330.80,330.64,-0.16,-36.7,-13.3,0.0,0.0,-23.4,-0.0,3214,2139,0,-35,-5
1817,259.27,27097,330.77,330.59,-0.18,-39.1,-15.3,0.0,0.0,-23.8,-0.0,3189,2120,0,-38,-4
1818,259.45,27086,330.64,330.51,-0.13,-35.8,-11.2,0.0,0.0,-24.5,-0.0,3052,1975,0,-34,4
1819,259.62,27078,330.54,330.42,-0.12,-32.9,-10.2,0.0,0.0,-22.7,-0.0,2952,1883,0,-31,8
1820,259.71,27073,330.48,330.38,-0.11,-34.5,-9.2,0.0,0.0,-25.3,-0.0,2889,1812,0,-31,12
1821,259.87,27063,330.36,330.29,-0.06,-27.8,-5.1,0.0,0.0,-22.7,-0.0,2764,1688,0,-23,14
1822,260.04,27055,330.26,330.21,-0.05,-26.8,-4.1,0.0,0.0,-22.7,-0.0,2664,1587,0,-20,17
1823,260.13,27049,330.19,330.16,-0.02,-28.1,-2.0,0.0,0.0,-26.0,-0.0,2589,1503,0,-18,20
1824,260.30,27036,330.03,330.08,0.05,-20.1,4.1,0.0,0.0,-24.2,-0.0,2427,1339,0,-9,17
1825,260.48,27029,329.94,329.99,0.05,-19.3,4.1,0.0,0.0,-23.4,-0.0,2339,1258,0,-7,18
1826,260.56,27024,329.88,329.95,0.06,-19.0,5.1,0.0,0.0,-24.2,-0.0,2277,1193,0,-5,18
1827,260.73,27016,329.79,329.86,0.07,-16.9,6.1,0.0,0.0,-23.0,-0.0,2177,1096,0,-2,16
1828,260.90,27006,329.66,329.78,0.12,-11.7,10.2,0.0,0.0,-21.9,-0.0,2052,979,0,1,11
1829,260.99,27002,329.61,329.73,0.12,-14.7,10.2,0.0,0.0,-24.9,-0.0,2002,924,0,2,14
1830,261.16,26990,329.47,329.65,0.18,-6.6,15.3,0.0,0.0,-21.9,-0.0,1852,773,0,2,6
1831,261.33,26979,329.33,329.57,0.23,-2.9,19.4,0.0,0.0,-22.3,-0.0,1714,631,0,2,2
1832,261.42,26974,329.27,329.52,0.24,-4.8,20.5,0.0,0.0,-25.3,-0.0,1652,560,0,3,4
1833,261.58,26966,329.17,329.44,0.27,0.6,22.5,0.0,0.0,-21.9,-0.0,1552,2520,0,0,0
1834,261.76,26956,329.05,329.35,0.29,0.8,24.5,0.0,0.0,-23.8,-0.0,1427,2388,0,-1,0
1835,261.84,26953,329.02,329.31,0.29,0.8,24.5,0.0,0.0,-23.8,-0.0,1389,2357,0,-1,0
1836,262.00,26944,328.91,329.23,0.32,4.7,26.6,0.0,0.0,-21.9,-0.0,1277,2251,0,-4,-1
1837,262.17,26934,328.78,329.15,0.37,8.0,30.7,0.0,0.0,-22.7,-0.0,1152,2120,0,-8,-1
1838,262.34,26926,328.69,329.06,0.38,7.9,31.7,0.0,0.0,-23.8,-0.0,1052,2024,0,-8,0
1839,262.43,26920,328.61,329.02,0.40,9.2,33.8,0.0,0.0,-24.5,-0.0,977,1943,0,-9,1
1840,262.60,26916,328.56,328.93,0.37,8.4,30.7,0.0,0.0,-22.3,-0.0,927,1905,0,-8,2
1841,262.76,26908,328.47,328.85,0.38,10.2,31.7,0.0,0.0,-21.5,-0.0,827,1806,0,-9,4
1842,262.85,26903,328.41,328.81,0.40,9.2,33.8,0.0,0.0,-24.5,-0.0,764,1739,0,-8,4
1843,263.01,26895,328.31,328.72,0.42,13.2,34.8,0.0,0.0,-21.5,-0.0,664,1645,0,-10,7
1844,263.18,26891,328.26,328.64,0.38,7.9,31.7,0.0,-0.0,-23.8,-0.0,614,1597,0,-6,5
1845,263.27,26888,328.22,328.60,0.38,7.9,31.7,0.0,0.0,-23.8,-0.0,577,1557,0,-6,5
1846,263.42,26880,328.12,328.52,0.39,10.8,32.7,0.0,0.0,-21.9,-0.0,477,1460,0,-6,8
1847,263.59,26872,328.03,328.44,0.40,11.8,33.8,0.0,0.0,-21.9,-0.0,377,1361,0,-6,10
1848,263.76,26866,327.95,328.35,0.39,8.6,32.7,0.0,-0.0,-24.2,-0.0,302,1286,0,-3,8
1849,263.85,26865,327.94,328.30,0.37,5.8,30.7,0.0,-0.0,-24.9,-0.0,289,1271,0,-2,5
1850,264.02,26859,327.87,328.22,0.35,7.4,29.7,0.0,-0.0,-22.3,-0.0,214,1205,0,-2,7
1851,264.19,26850,327.76,328.13,0.38,8.7,31.7,0.0,-0.0,-23.0,-0.0,102,1088,0,-1,8
1852,264.29,26846,327.71,328.09,0.38,7.6,31.7,0.0,-0.0,-24.2,-0.0,52,1036,0,0,7
1853,264.46,26844,327.69,328.00,0.32,3.6,26.6,0.0,-0.0,-23.0,-0.0,27,1019,0,0,3
1854,264.61,26835,327.58,327.92,0.34,6.3,28.6,0.0,0.0,-22.3,-0.0,4010,897,0,1,6
1855,264.71,26832,327.54,327.88,0.34,3.7,28.6,0.0,-0.0,-24.9,-0.0,3973,858,0,1,4
1856,264.87,26829,327.50,327.79,0.29,2.6,24.5,0.0,-0.0,-21.9,-0.0,3935,833,0,1,2
1857,265.05,26821,327.40,327.71,0.31,1.8,25.6,0.0,-0.0,-23.8,-0.0,3835,727,0,1,2
1858,265.14,26821,327.40,327.66,0.26,-3.0,21.5,0.0,-0.0,-24.5,-0.0,3835,2775,0,-1,-3
1859,265.30,26818,327.37,327.58,0.21,-5.3,17.4,0.0,-0.0,-22.7,-0.0,3798,2750,0,-2,-5
1860,265.47,26813,327.31,327.49,0.18,-9.6,15.3,0.0,-0.0,-24.9,-0.0,3735,2680,0,-5,-8
1861,265.56,26808,327.25,327.45,0.21,-6.0,17.4,0.0,-0.0,-23.4,-0.0,3673,2617,0,-4,-4
1862,265.73,26805,327.21,327.37,0.16,-10.1,13.3,0.0,-0.0,-23.4,-0.0,3635,2587,0,-7,-7
1863,265.90,26799,327.14,327.28,0.15,-11.1,12.3,0.0,-0.0,-23.4,-0.0,3560,2503,0,-8,-7
1864,265.99,26797,327.11,327.23,0.12,-14.7,10.2,0.0,-0.0,-24.9,-0.0,3535,2478,0,-11,-9
1865,266.16,26795,327.09,327.15,0.06,-17.9,5.1,0.0,-0.0,-23.0,-0.0,3510,2459,0,-14,-10
1866,266.32,26788,327.00,327.07,0.07,-15.4,6.1,0.0,-0.0,-21.5,-0.0,3423,2374,0,-13,-7
1867,266.41,26786,326.98,327.03,0.05,-20.1,4.1,0.0,-0.0,-24.2,-0.0,3398,2344,0,-17,-9
1868,266.58,26782,326.93,326.94,0.01,-22.0,1.0,0.0,-0.0,-23.0,-0.0,3348,2299,0,-20,-8
1869,266.75,26779,326.89,326.86,-0.04,-24.6,-3.1,0.0,-0.0,-21.5,-0.0,3310,2262,0,-23,-8
1870,266.83,26775,326.84,326.81,-0.04,-28.0,-3.1,0.0,-0.0,-24.9,-0.0,3260,2204,0,-26,-6
1871,267.00,26774,326.83,326.73,-0.10,-31.2,-8.2,0.0,-0.0,-23.0,-0.0,3248,2203,0,-29,-7
1872,267.17,26767,326.75,326.64,-0.10,-30.5,-8.2,0.0,-0.0,-22.3,-0.0,3160,2111,0,-29,-3
1873,267.26,26764,326.71,326.60,-0.11,-33.7,-9.2,0.0,-0.0,-24.5,-0.0,3123,2071,0,-33,-1
1874,267.44,26759,326.65,326.51,-0.13,-35.8,-11.2,0.0,-0.0,-24.5,-0.0,3060,2005,0,-35,2
1875,267.61,26753,326.57,326.43,-0.15,-35.3,-12.3,0.0,-0.0,-23.0,-0.0,2985,1930,0,-34,6
1876,267.70,26751,326.55,326.38,-0.17,-39.2,-14.3,0.0,-0.0,-24.9,-0.0,2960,1900,0,-37,9
1877,267.86,26743,326.45,326.30,-0.16,-34.8,-13.3,0.0,-0.0,-21.5,-0.0,2860,1803,0,-31,12
1878,268.03,26737,326.38,326.22,-0.16,-35.6,-13.3,0.0,-0.0,-22.3,-0.0,2785,1725,0,-30,16
1879,268.12,26734,326.34,326.17,-0.17,-40.3,-14.3,0.0,-0.0,-26.0,-0.0,2748,1682,0,-33,21
1880,268.29,26729,326.28,326.08,-0.20,-40.9,-16.4,0.0,-0.0,-24.5,-0.0,2685,1624,0,-32,24
1881,268.47,26721,326.18,326.00,-0.18,-38.8,-15.3,0.0,-0.0,-23.4,-0.0,2585,1522,0,-26,27
1882,268.56,26719,326.16,325.95,-0.21,-41.5,-17.4,0.0,-0.0,-24.2,-0.0,2560,1500,0,-27,30
1883,268.73,26710,326.05,325.87,-0.18,-38.4,-15.3,0.0,-0.0,-23.0,-0.0,2448,1385,0,-20,32
1884,268.89,26703,325.96,325.78,-0.18,-37.6,-15.3,0.0,0.0,-22.3,-0.0,2360,1295,0,-15,33
1885,268.98,26698,325.90,325.74,-0.17,-38.8,-14.3,0.0,0.0,-24.5,-0.0,2298,1226,0,-11,36
1886,269.15,26691,325.82,325.65,-0.17,-36.6,-14.3,0.0,0.0,-22.3,-0.0,2210,1143,0,-6,35
1887,269.32,26684,325.73,325.57,-0.16,-35.2,-13.3,0.0,0.0,-21.9,-0.0,2123,1052,0,-1,34
1888,269.40,26681,325.70,325.53,-0.17,-37.3,-14.3,0.0,0.0,-23.0,-0.0,2085,1018,0,0,36
1889,269.57,26671,325.57,325.45,-0.12,-32.2,-10.2,0.0,0.0,-21.9,-0.0,1960,890,0,6,30
1890,269.74,26664,325.49,325.36,-0.13,-35.0,-11.2,0.0,0.0,-23.8,-0.0,1873,802,0,11,32
1891,269.83,26659,325.43,325.32,-0.11,-33.0,-9.2,0.0,0.0,-23.8,-0.0,1810,736,0,14,29
1892,269.99,26649,325.31,325.23,-0.07,-28.4,-6.1,0.0,0.0,-22.3,-0.0,1685,610,0,16,22
1893,270.17,26639,325.18,325.15,-0.04,-25.7,-3.1,0.0,0.0,-22.7,-0.0,1560,482,0,18,17
1894,270.26,26635,325.13,325.10,-0.04,-27.2,-3.1,0.0,0.0,-24.2,-0.0,1510,431,0,21,16
1895,270.43,26623,324.99,325.01,0.02,-21.0,2.0,0.0,0.0,-23.0,-0.0,1360,276,0,19,8
1896,270.60,26614,324.88,324.93,0.05,-18.2,4.1,0.0,0.0,-22.3,-0.0,1248,167,0,17,4
1897,270.69,26609,324.82,324.89,0.07,-19.1,6.1,0.0,0.0,-25.3,-0.0,1185,97,0,18,3
1898,270.86,26596,324.66,324.80,0.15,-9.6,12.3,0.0,0.0,-21.9,-0.0,1023,4035,0,9,-1
1899,271.03,26588,324.56,324.71,0.16,-10.1,13.3,0.0,0.0,-23.4,-0.0,923,3934,0,9,-2
1900,271.12,26585,324.52,324.67,0.15,-12.6,12.3,0.0,0.0,-24.9,-0.0,885,3897,0,12,-4
1901,271.29,26574,324.39,324.58,0.20,-7.4,16.4,0.0,0.0,-23.8,-0.0,748,3760,0,6,-4
1902,271.46,26564,324.27,324.50,0.23,-3.6,19.4,0.0,0.0,-23.0,-0.0,623,3637,0,3,-2
1903,271.55,26561,324.23,324.46,0.22,-5.4,18.4,0.0,0.0,-23.8,-0.0,585,3604,0,4,-4
1904,271.72,26551,324.11,324.37,0.26,-2.7,21.5,0.0,0.0,-24.2,-0.0,460,3475,0,2,-2
1905,271.89,26544,324.02,324.29,0.27,0.2,22.5,0.0,0.0,-22.3,-0.0,373,1345,0,0,0
1906,271.97,26540,323.97,324.24,0.27,-1.3,22.5,0.0,0.0,-23.8,-0.0,323,3343,0,1,-1
1907,272.14,26529,323.84,324.16,0.32,3.6,26.6,0.0,0.0,-23.0,-0.0,185,1157,0,-1,3
1908,272.30,26521,323.74,324.08,0.33,5.3,27.6,0.0,0.0,-22.3,-0.0,85,1058,0,0,5
1909,272.39,26516,323.68,324.03,0.35,5.9,29.7,0.0,0.0,-23.8,-0.0,23,993,0,0,6
1910,272.56,26514,323.66,323.95,0.29,1.5,24.5,0.0,0.0,-23.0,-0.0,4094,977,0,0,1
1911,272.74,26501,323.50,323.86,0.37,6.5,30.7,0.0,0.0,-24.2,-0.0,3931,808,0,2,6
1912,272.82,26498,323.46,323.82,0.35,5.9,29.7,0.0,0.0,-23.8,-0.0,3894,775,0,2,5
1913,272.99,26490,323.36,323.73,0.37,8.0,30.7,0.0,0.0,-22.7,-0.0,3794,677,0,4,7
1914,273.16,26484,323.29,323.65,0.35,6.6,29.7,0.0,0.0,-23.0,-0.0,3719,602,0,4,5
1915,273.32,26474,323.17,323.57,0.40,10.3,33.8,0.0,0.0,-23.4,-0.0,3594,470,0,8,7
1916,273.41,26470,323.12,323.52,0.40,7.7,33.8,0.0,0.0,-26.0,-0.0,3544,420,0,6,5
1917,273.58,26464,323.05,323.44,0.39,9.7,32.7,0.0,0.0,-23.0,-0.0,3469,350,0,8,5
1918,273.75,26462,323.02,323.35,0.33,5.3,27.6,0.0,-0.0,-22.3,-0.0,3444,336,0,4,3
1919,273.84,26459,322.99,323.31,0.33,3.8,27.6,0.0,-0.0,-23.8,-0.0,3406,295,0,3,2
1920,274.00,26450,322.88,323.23,0.35,7.4,29.7,0.0,-0.0,-22.3,-0.0,3294,188,0,7,2
1921,274.17,26442,322.78,323.14,0.37,8.8,30.7,0.0,-0.0,-21.9,-0.0,3194,85,0,8,1
1922,274.27,26440,322.75,323.10,0.34,3.4,28.6,0.0,-0.0,-25.3,-0.0,3169,58,0,3,0
1923,274.44,26437,322.72,323.01,0.29,1.5,24.5,0.0,-0.0,-23.0,-0.0,3131,22,0,1,0
1924,274.61,26427,322.60,322.92,0.33,4.2,27.6,0.0,0.0,-23.4,-0.0,3006,3988,0,4,-1
1925,274.70,26424,322.56,322.88,0.32,2.8,26.6,0.0,-0.0,-23.8,-0.0,2969,3954,0,3,-1
1926,274.86,26422,322.53,322.80,0.27,0.6,22.5,0.0,-0.0,-21.9,-0.0,2944,3940,0,1,0
1927,275.02,26415,322.45,322.72,0.27,0.6,22.5,0.0,-0.0,-21.9,-0.0,2856,3845,0,1,0
1928,275.11,26410,322.39,322.67,0.28,-1.4,23.5,0.0,-0.0,-24.9,-0.0,2794,1726,0,-1,1
1929,275.28,26409,322.38,322.59,0.22,-3.9,18.4,0.0,-0.0,-22.3,-0.0,2781,1731,0,-3,2
1930,275.45,26404,322.31,322.51,0.20,-6.7,16.4,0.0,-0.0,-23.0,-0.0,2719,1668,0,-5,4
1931,275.53,26401,322.28,322.46,0.18,-8.4,15.3,0.0,-0.0,-23.8,-0.0,2681,1624,0,-7,5
1932,275.71,26395,322.20,322.38,0.17,-9.8,14.3,0.0,-0.0,-24.2,-0.0,2606,1551,0,-7,7
1933,275.87,26391,322.16,322.29,0.13,-11.0,11.2,0.0,-0.0,-22.3,-0.0,2556,1506,0,-7,8
1934,275.97,26388,322.12,322.25,0.13,-13.3,11.2,0.0,-0.0,-24.5,-0.0,2519,1462,0,-8,10
1935,276.14,26384,322.07,322.16,0.09,-15.9,7.2,0.0,-0.0,-23.0,-0.0,2469,1416,0,-9,13
1936,276.31,26375,321.96,322.07,0.11,-15.7,9.2,0.0,-0.0,-24.9,-0.0,2356,1296,0,-6,14
1937,276.40,26375,321.96,322.03,0.07,-18.8,6.1,0.0,-0.0,-24.9,-0.0,2356,1301,0,-7,17
1938,276.57,26373,321.94,321.95,0.01,-21.3,1.0,0.0,-0.0,-22.3,-0.0,2331,1282,0,-8,19
1939,276.73,26364,321.83,321.86,0.04,-21.1,3.1,0.0,-0.0,-24.2,-0.0,2219,1161,0,-4,20
1940,276.82,26364,321.83,321.82,-0.01,-24.8,-1.0,0.0,-0.0,-23.8,-0.0,2219,1165,0,-5,23
1941,276.98,26361,321.79,321.74,-0.05,-26.0,-4.1,0.0,-0.0,-21.9,-0.0,2181,1137,0,-4,25
1942,277.15,26356,321.73,321.65,-0.07,-28.4,-6.1,0.0,-0.0,-22.3,-0.0,2119,1068,0,-2,27
1943,277.32,26352,321.68,321.57,-0.11,-32.2,-9.2,0.0,-0.0,-23.0,-0.0,2069,1021,0,0,31
1944,277.41,26350,321.66,321.53,-0.13,-36.2,-11.2,0.0,-0.0,-24.9,-0.0,2044,997,0,1,35
1945,277.57,26346,321.61,321.44,-0.16,-36.3,-13.3,0.0,-0.0,-23.0,-0.0,1994,943,0,4,35
1946,277.67,26342,321.56,321.40,-0.16,-38.6,-13.3,0.0,-0.0,-25.3,-0.0,1944,889,0,8,37
1947,277.83,26337,321.50,321.31,-0.18,-37.6,-15.3,0.0,-0.0,-22.3,-0.0,1881,830,0,11,35
1948,278.00,26332,321.44,321.23,-0.21,-39.3,-17.4,0.0,-0.0,-21.9,-0.0,1819,767,0,15,35
1949,278.17,26326,321.36,321.15,-0.22,-40.3,-18.4,0.0,-0.0,-21.9,-0.0,1744,689,0,19,34
1950,278.26,26320,321.29,321.10,-0.18,-39.9,-15.3,0.0,-0.0,-24.5,-0.0,1669,604,0,23,31
1951,278.43,26314,321.22,321.01,-0.21,-41.2,-17.4,0.0,-0.0,-23.8,-0.0,1594,532,0,27,29
1952,278.60,26306,321.12,320.93,-0.18,-37.6,-15.3,0.0,-0.0,-22.3,-0.0,1494,431,0,29,22
1953,278.69,26304,321.09,320.88,-0.21,-42.7,-17.4,0.0,0.0,-25.3,-0.0,1469,400,0,34,24
1954,278.85,26295,320.98,320.80,-0.18,-37.3,-15.3,0.0,0.0,-21.9,-0.0,1356,289,0,33,15
1955,279.03,26289,320.91,320.72,-0.20,-40.2,-16.4,0.0,-0.0,-23.8,-0.0,1281,215,0,37,13
1956,279.11,26285,320.86,320.67,-0.18,-39.1,-15.3,0.0,0.0,-23.8,-0.0,1231,162,0,37,9
1957,279.29,26275,320.74,320.59,-0.15,-35.3,-12.3,0.0,0.0,-23.0,-0.0,1106,36,0,34,2
1958,279.45,26266,320.63,320.50,-0.12,-32.2,-10.2,0.0,0.0,-21.9,-0.0,994,4019,0,31,-4
1959,279.54,26262,320.58,320.46,-0.12,-34.8,-10.2,0.0,0.0,-24.5,-0.0,944,3964,0,33,-7
1960,279.71,26256,320.51,320.37,-0.13,-33.9,-11.2,0.0,0.0,-22.7,-0.0,869,3893,0,31,-10
1961,279.88,26246,320.39,320.29,-0.10,-30.5,-8.2,0.0,0.0,-22.3,-0.0,744,3769,0,26,-14
1962,279.97,26240,320.31,320.25,-0.06,-28.9,-5.1,0.0,0.0,-23.8,-0.0,669,3688,0,23,-16
1963,280.14,26231,320.20,320.16,-0.04,-25.7,-3.1,0.0,0.0,-22.7,-0.0,556,3577,0,17,-18
1964,280.31,26222,320.09,320.08,-0.01,-23.3,-1.0,0.0,0.0,-22.3,-0.0,444,3462,0,13,-19
1965,280.40,26217,320.03,320.03,0.00,-24.9,0.0,0.0,0.0,-24.9,-0.0,381,3391,0,11,-21
1966,280.57,26210,319.95,319.95,0.00,-22.7,0.0,0.0,0.0,-22.7,-0.0,294,3314,0,8,-20
1967,280.73,26201,319.84,319.86,0.02,-21.0,2.0,0.0,0.0,-23.0,-0.0,181,3202,0,4,-20
1968,280.82,26195,319.76,319.82,0.06,-18.7,5.1,0.0,0.0,-23.8,-0.0,106,3123,0,1,-18
1969,280.99,26186,319.65,319.73,0.09,-16.2,7.2,0.0,0.0,-23.4,-0.0,4090,3012,0,-1,-16
1970,281.16,26175,319.52,319.65,0.13,-11.8,11.2,0.0,0.0,-23.0,-0.0,3952,2871,0,-3,-11
1971,281.25,26170,319.46,319.61,0.15,-11.5,12.3,0.0,0.0,-23.8,-0.0,3890,2805,0,-4,-10
1972,281.42,26158,319.31,319.52,0.21,-5.3,17.4,0.0,0.0,-22.7,-0.0,3740,2654,0,-3,-4
1973,281.59,26148,319.19,319.43,0.24,-4.1,20.5,0.0,0.0,-24.5,-0.0,3615,2524,0,-3,-3
1974,281.68,26143,319.13,319.39,0.26,-2.3,21.5,0.0,0.0,-23.8,-0.0,3552,2463,0,-2,-1
1975,281.85,26139,319.08,319.31,0.23,-4.0,19.4,0.0,0.0,-23.4,-0.0,3502,2424,0,-3,-2
1976,282.02,26126,318.92,319.22,0.31,1.4,25.6,0.0,0.0,-24.2,-0.0,3340,210,0,1,0
1977,282.11,26121,318.86,319.18,0.32,2.8,26.6,0.0,0.0,-23.8,-0.0,3277,149,0,3,1
1978,282.28,26112,318.75,319.09,0.34,5.2,28.6,0.0,0.0,-23.4,-0.0,3165,39,0,5,0
1979,282.45,26104,318.65,319.00,0.35,7.4,29.7,0.0,0.0,-22.3,-0.0,3065,4038,0,7,-1
1980,282.54,26100,318.60,318.96,0.35,4.8,29.7,0.0,0.0,-24.9,-0.0,3015,3978,0,5,-1
1981,282.71,26094,318.53,318.87,0.34,5.6,28.6,0.0,0.0,-23.0,-0.0,2940,3917,0,5,-1
1982,282.88,26085,318.42,318.79,0.37,7.6,30.7,0.0,0.0,-23.0,-0.0,2827,3804,0,7,-3
1983,282.97,26081,318.37,318.74,0.38,6.4,31.7,0.0,0.0,-25.3,-0.0,2777,3751,0,5,-3
1984,283.13,26074,318.29,318.66,0.38,9.8,31.7,0.0,0.0,-21.9,-0.0,2690,3672,0,8,-6
1985,283.30,26066,318.19,318.58,0.39,9.7,32.7,0.0,0.0,-23.0,-0.0,2590,3568,0,6,-7
1986,283.39,26063,318.15,318.53,0.38,6.4,31.7,0.0,0.0,-25.3,-0.0,2552,3526,0,4,-5
1987,283.56,26057,318.08,318.45,0.37,8.0,30.7,0.0,0.0,-22.7,-0.0,2477,3460,0,4,-6
1988,283.73,26046,317.94,318.36,0.42,11.7,34.8,0.0,0.0,-23.0,-0.0,2340,3316,0,4,-11
1989,283.82,26044,317.92,318.32,0.40,10.0,33.8,0.0,0.0,-23.8,-0.0,2315,3293,0,3,-9
1990,283.99,26038,317.85,318.23,0.39,8.2,32.7,0.0,0.0,-24.5,-0.0,2240,3220,0,2,-8
1991,284.16,26033,317.79,318.15,0.37,8.0,30.7,0.0,-0.0,-22.7,-0.0,2177,3162,0,1,-8
1992,284.26,26030,317.75,318.10,0.35,4.4,29.7,0.0,-0.0,-25.3,-0.0,2140,3121,0,0,-4
1993,284.42,26022,317.65,318.02,0.37,9.1,30.7,0.0,-0.0,-21.5,-0.0,2040,3031,0,-1,-9
1994,284.60,26020,317.63,317.93,0.31,2.5,25.6,0.0,-0.0,-23.0,-0.0,2015,3007,0,0,-2
1995,284.69,26015,317.57,317.89,0.32,0.6,26.6,0.0,-0.0,-26.0,-0.0,1952,2938,0,0,-1
1996,284.86,26011,317.52,317.80,0.28,0.5,23.5,0.0,-0.0,-23.0,-0.0,1902,2894,0,0,0
1997,284.95,26008,317.48,317.76,0.28,-1.4,23.5,0.0,-0.0,-24.9,-0.0,1865,806,0,0,1
1998,285.11,25999,317.37,317.67,0.31,2.9,25.6,0.0,-0.0,-22.7,-0.0,1752,2743,0,-1,-2
1999,285.28,25995,317.32,317.59,0.27,0.6,22.5,0.0,-0.0,-21.9,-0.0,1702,2691,0,0,0
