Sample,Timestamp,Raw Encoder Reading,Measured Motor Steps,Target Motor Steps,Current Error,PID Control Signal,PID P Term,PID I Term,PID D Term,PID V Term,PID A Term,Measured Step Phase,Desired Step Phase,Phase Shift,Coil A Current,Coil B Current
0,0.04,33603,410.19,410.25,0.06,17.6,5.1,12.5,0.0,-0.0,-0.0,2594,3613,0,13,-12
1,0.19,33604,410.21,410.25,0.05,16.6,4.1,12.5,-0.0,-0.0,-0.0,2607,3632,0,12,-10
2,0.36,33604,410.21,410.25,0.05,16.6,4.1,12.5,-0.0,-0.0,-0.0,2607,3632,0,12,-10
3,0.52,33604,410.21,410.25,0.05,16.6,4.1,12.5,-0.0,-0.0,-0.0,2607,3633,0,12,-10
4,0.68,33605,410.22,410.25,0.04,15.5,3.1,12.5,-0.0,-0.1,-0.0,2619,3646,0,12,-10
5,0.76,33605,410.22,410.25,0.04,15.5,3.1,12.5,-0.0,-0.1,-0.0,2619,3644,0,12,-10
6,0.92,33604,410.21,410.25,0.05,16.5,4.1,12.5,0.0,-0.1,-0.0,2607,3631,0,12,-10
7,1.08,33606,410.23,410.25,0.02,14.5,2.0,12.5,-0.0,-0.1,-0.0,2632,3659,0,11,-9
8,1.25,33607,410.24,410.25,0.01,13.4,1.0,12.5,-0.0,-0.1,-0.0,2644,3671,0,10,-8
9,1.33,33607,410.24,410.25,0.00,12.4,0.0,12.5,-0.0,-0.1,-0.0,2644,3671,0,10,-7
10,1.49,33606,410.23,410.25,0.01,13.4,1.0,12.5,-0.0,-0.1,-0.0,2632,3660,0,10,-8
11,1.66,33604,410.21,410.25,0.04,15.4,3.1,12.5,0.0,-0.1,-0.0,2607,3630,0,11,-10
12,1.82,33604,410.21,410.25,0.04,15.4,3.1,12.5,0.0,-0.2,-0.0,2607,3627,0,11,-10
13,1.90,33604,410.21,410.25,0.04,15.4,3.1,12.5,0.0,-0.2,-0.0,2607,3627,0,11,-10
14,2.07,33603,410.19,410.24,0.05,16.4,4.1,12.5,0.0,-0.2,-0.0,2594,3612,0,12,-11
15,2.22,33606,410.23,410.24,0.01,13.4,1.0,12.5,0.0,-0.2,-0.0,2632,3656,0,10,-8
16,2.38,33608,410.25,410.24,-0.01,11.3,-1.0,12.5,-0.0,-0.2,-0.0,2657,3687,0,9,-6
17,2.47,33608,410.25,410.24,-0.01,11.3,-1.0,12.5,-0.0,-0.2,-0.0,2657,3687,0,9,-6
18,2.63,33608,410.25,410.24,-0.01,11.3,-1.0,12.5,-0.0,-0.2,-0.0,2657,3689,0,9,-6
19,2.79,33603,410.19,410.24,0.05,16.4,4.1,12.5,0.0,-0.2,-0.0,2594,3614,0,12,-11
20,2.96,33603,410.19,410.24,0.05,16.4,4.1,12.5,0.0,-0.3,-0.0,2594,3615,0,12,-11
21,3.04,33603,410.19,410.24,0.05,16.3,4.1,12.5,0.0,-0.3,-0.0,2594,3610,0,12,-11
22,3.20,33601,410.17,410.24,0.07,18.4,6.1,12.5,0.0,-0.3,-0.0,2569,3583,0,13,-13
23,3.36,33601,410.17,410.24,0.07,18.4,6.1,12.5,0.0,-0.3,-0.0,2569,3586,0,13,-13
24,3.52,33602,410.18,410.23,0.05,16.3,4.1,12.5,-0.0,-0.3,-0.0,2582,3607,0,12,-11
25,3.60,33604,410.21,410.23,0.02,14.2,2.0,12.5,-0.0,-0.3,-0.0,2607,3633,0,10,-9
26,3.77,33605,410.22,410.23,0.01,13.2,1.0,12.5,-0.0,-0.3,-0.0,2619,3649,0,10,-8
27,3.93,33606,410.23,410.23,0.00,12.2,0.0,12.5,-0.0,-0.3,-0.0,2632,3663,0,9,-7
28,4.09,33605,410.22,410.23,0.01,13.2,1.0,12.5,-0.0,-0.4,-0.0,2619,3649,0,10,-8
29,4.25,33603,410.19,410.23,0.04,15.2,3.1,12.5,0.0,-0.4,-0.0,2594,3616,0,11,-10
30,4.34,33602,410.18,410.23,0.05,16.2,4.1,12.5,0.0,-0.4,-0.0,2582,3601,0,11,-11
31,4.50,33601,410.17,410.22,0.06,17.3,5.1,12.6,0.0,-0.4,-0.0,2569,3587,0,12,-12
32,4.66,33602,410.18,410.22,0.04,15.2,3.1,12.6,0.0,-0.4,-0.0,2582,3602,0,11,-10
33,4.75,33604,410.21,410.22,0.01,13.1,1.0,12.6,0.0,-0.5,-0.0,2607,3629,0,10,-8
34,4.92,33603,410.19,410.22,0.02,14.2,2.0,12.6,-0.0,-0.4,-0.0,2594,3618,0,10,-9
35,5.08,33603,410.19,410.22,0.02,14.2,2.0,12.6,-0.0,-0.4,-0.0,2594,3621,0,10,-9
36,5.25,33603,410.19,410.22,0.02,14.1,2.0,12.6,-0.0,-0.5,-0.0,2594,3621,0,10,-9
37,5.32,33604,410.21,410.21,0.01,13.1,1.0,12.6,-0.0,-0.4,-0.0,2607,3634,0,10,-8
38,5.48,33602,410.18,410.21,0.04,15.1,3.1,12.6,0.0,-0.5,-0.0,2582,3603,0,11,-10
39,5.65,33603,410.19,410.21,0.01,13.1,1.0,12.6,-0.0,-0.5,-0.0,2594,3618,0,9,-8
40,5.83,33605,410.22,410.21,-0.01,11.0,-1.0,12.6,-0.0,-0.6,-0.0,2619,3646,0,8,-7
41,5.92,33605,410.22,410.21,-0.01,10.9,-1.0,12.6,-0.0,-0.6,-0.0,2619,3646,0,8,-7
42,6.08,33603,410.19,410.20,0.01,13.0,1.0,12.6,0.0,-0.6,-0.0,2594,3614,0,9,-8
43,6.23,33604,410.21,410.20,0.00,12.0,0.0,12.6,-0.0,-0.6,-0.0,2607,3634,0,9,-8
44,6.32,33605,410.22,410.20,-0.01,10.9,-1.0,12.6,-0.0,-0.6,-0.0,2619,3646,0,8,-7
45,6.48,33603,410.19,410.20,0.00,12.0,0.0,12.6,0.0,-0.6,-0.0,2594,3615,0,9,-8
46,6.65,33602,410.18,410.19,0.01,13.0,1.0,12.6,0.0,-0.6,-0.0,2582,3604,0,9,-9
47,6.81,33602,410.18,410.19,0.01,12.9,1.0,12.6,0.0,-0.6,-0.0,2582,3604,0,9,-9
48,6.89,33603,410.19,410.19,0.00,12.0,0.0,12.6,0.0,-0.6,-0.0,2594,3617,0,9,-8
49,7.06,33604,410.21,410.19,-0.01,10.9,-1.0,12.6,0.0,-0.7,-0.0,2607,3629,0,8,-7
50,7.22,33604,410.21,410.18,-0.02,9.9,-2.0,12.6,-0.0,-0.6,-0.0,2607,3634,0,7,-6
51,7.38,33604,410.21,410.18,-0.02,9.9,-2.0,12.6,-0.0,-0.7,-0.0,2607,3634,0,7,-6
52,7.46,33601,410.17,410.18,0.01,12.9,1.0,12.6,0.0,-0.7,-0.0,2569,3591,0,9,-9
53,7.63,33601,410.17,410.18,0.01,12.9,1.0,12.6,0.0,-0.7,-0.0,2569,3589,0,9,-9
54,7.79,33601,410.17,410.17,0.00,11.9,0.0,12.6,0.0,-0.7,-0.0,2569,3588,0,8,-8
55,7.96,33601,410.17,410.17,0.00,11.8,0.0,12.6,0.0,-0.7,-0.0,2569,3589,0,8,-8
56,8.03,33601,410.17,410.17,0.00,11.9,0.0,12.6,0.0,-0.7,-0.0,2569,3589,0,8,-8
57,8.19,33602,410.18,410.17,-0.01,10.8,-1.0,12.6,-0.0,-0.7,-0.0,2582,3607,0,8,-7
58,8.37,33602,410.18,410.16,-0.02,9.7,-2.0,12.6,-0.0,-0.8,-0.0,2582,3608,0,7,-6
59,8.53,33601,410.17,410.16,-0.01,10.7,-1.0,12.6,-0.0,-0.8,-0.0,2569,3593,0,7,-7
60,8.62,33599,410.14,410.16,0.01,12.7,1.0,12.6,0.0,-0.9,-0.0,2544,3565,0,8,-9
61,8.78,33599,410.14,410.15,0.01,12.8,1.0,12.6,0.0,-0.8,-0.0,2544,3565,0,9,-9
62,8.96,33598,410.13,410.15,0.01,12.7,1.0,12.6,0.0,-0.8,-0.0,2532,3548,0,8,-9
63,9.05,33597,410.12,410.15,0.02,13.6,2.0,12.6,0.0,-1.0,-0.0,2519,3535,0,9,-10
64,9.21,33599,410.14,410.14,0.00,11.7,0.0,12.6,0.0,-0.8,-0.0,2544,3565,0,8,-8
65,9.38,33600,410.16,410.14,-0.01,10.7,-1.0,12.6,-0.0,-0.8,-0.0,2557,3582,0,7,-7
66,9.46,33600,410.16,410.14,-0.02,9.7,-2.0,12.6,-0.0,-0.8,-0.0,2557,3582,0,7,-7
67,9.62,33600,410.16,410.13,-0.02,9.6,-2.0,12.6,-0.0,-0.9,-0.0,2557,3584,0,7,-7
68,9.78,33597,410.12,410.13,0.01,12.7,1.0,12.6,0.0,-0.9,-0.0,2519,3541,0,8,-9
69,9.94,33597,410.12,410.13,0.01,12.7,1.0,12.6,0.0,-0.9,-0.0,2519,3538,0,8,-9
70,10.10,33597,410.12,410.12,0.00,11.7,0.0,12.6,0.0,-0.9,-0.0,2519,3538,0,7,-9
71,10.18,33597,410.12,410.12,0.00,11.6,0.0,12.6,0.0,-0.9,-0.0,2519,3538,0,7,-9
72,10.34,33596,410.11,410.12,0.01,12.6,1.0,12.6,0.0,-1.0,-0.0,2507,3525,0,8,-9
73,10.51,33598,410.13,410.11,-0.02,9.6,-2.0,12.6,-0.0,-0.9,-0.0,2532,3557,0,6,-7
74,10.59,33599,410.14,410.11,-0.04,8.4,-3.1,12.6,-0.0,-1.1,-0.0,2544,3571,0,6,-6
75,10.76,33599,410.14,410.10,-0.04,8.5,-3.1,12.6,-0.0,-1.0,-0.0,2544,3571,0,6,-6
76,10.93,33597,410.12,410.10,-0.02,9.5,-2.0,12.6,-0.0,-1.0,-0.0,2519,3544,0,6,-7
77,11.09,33597,410.12,410.10,-0.02,9.5,-2.0,12.6,-0.0,-1.0,-0.0,2519,3544,0,6,-7
78,11.17,33595,410.10,410.09,0.00,11.6,0.0,12.6,0.0,-1.0,-0.0,2494,3514,0,7,-9
79,11.34,33595,410.10,410.09,-0.01,10.5,-1.0,12.6,0.0,-1.0,-0.0,2494,3512,0,6,-8
80,11.51,33598,410.13,410.08,-0.05,7.4,-4.1,12.5,-0.0,-1.1,-0.0,2532,3554,0,5,-5
81,11.60,33596,410.11,410.08,-0.02,9.3,-2.0,12.5,0.0,-1.2,-0.0,2507,3529,0,6,-7
82,11.77,33595,410.10,410.08,-0.02,9.5,-2.0,12.5,0.0,-1.0,-0.0,2494,3515,0,6,-7
83,11.94,33597,410.12,410.07,-0.05,7.4,-4.1,12.5,-0.0,-1.0,-0.0,2519,3546,0,5,-5
84,12.10,33597,410.12,410.07,-0.05,7.4,-4.1,12.5,0.0,-1.1,-0.0,2519,3540,0,5,-5
85,12.18,33597,410.12,410.06,-0.06,6.3,-5.1,12.5,-0.0,-1.1,-0.0,2519,3542,0,4,-5
86,12.34,33597,410.12,410.06,-0.06,6.4,-5.1,12.5,-0.0,-1.1,-0.0,2519,3546,0,4,-5
87,12.50,33598,410.13,410.05,-0.07,5.2,-6.1,12.5,-0.0,-1.2,-0.0,2532,3558,0,3,-4
88,12.66,33597,410.12,410.05,-0.07,5.2,-6.1,12.5,-0.0,-1.2,-0.0,2519,3543,0,3,-4
89,12.75,33598,410.13,410.05,-0.09,4.1,-7.2,12.5,-0.0,-1.2,-0.0,2532,3558,0,3,-3
90,12.92,33594,410.08,410.04,-0.04,8.2,-3.1,12.5,0.0,-1.3,-0.0,2482,3501,0,5,-6
91,13.09,33594,410.08,410.04,-0.05,7.3,-4.1,12.5,0.0,-1.2,-0.0,2482,3500,0,4,-6
92,13.17,33594,410.08,410.03,-0.05,7.3,-4.1,12.5,0.0,-1.2,-0.0,2482,3500,0,4,-6
93,13.33,33597,410.12,410.03,-0.10,3.2,-8.2,12.5,-0.0,-1.2,-0.0,2519,3543,0,2,-2
94,13.49,33597,410.12,410.02,-0.10,3.2,-8.2,12.5,-0.0,-1.2,-0.0,2519,3546,0,2,-2
95,13.65,33596,410.11,410.02,-0.09,4.2,-7.2,12.5,-0.0,-1.2,-0.0,2507,3534,0,3,-3
96,13.74,33594,410.08,410.01,-0.07,5.1,-6.1,12.5,-0.0,-1.3,-0.0,2482,3506,0,3,-4
97,13.90,33593,410.07,410.01,-0.06,6.2,-5.1,12.5,0.0,-1.2,-0.0,2469,3490,0,4,-5
98,14.06,33593,410.07,410.00,-0.07,5.1,-6.1,12.5,0.0,-1.3,-0.0,2469,3487,0,3,-4
99,14.23,33594,410.08,410.00,-0.09,4.1,-7.2,12.5,0.0,-1.3,-0.0,2482,3502,0,2,-3
100,14.31,33592,410.06,409.99,-0.06,6.0,-5.1,12.5,0.0,-1.4,-0.0,2457,3475,0,3,-5
101,14.48,33596,410.11,409.99,-0.12,1.0,-10.2,12.5,-0.0,-1.3,-0.0,2507,3535,0,1,-1
102,14.65,33597,410.12,409.98,-0.13,-0.1,-11.2,12.5,-0.0,-1.4,-0.0,2519,1501,0,0,0
103,14.80,33596,410.11,409.98,-0.13,-0.1,-11.2,12.5,-0.0,-1.4,-0.0,2507,1485,0,0,0
104,14.88,33594,410.08,409.97,-0.11,2.1,-9.2,12.5,-0.0,-1.2,-0.0,2482,3506,0,1,-2
105,15.05,33595,410.10,409.97,-0.13,-0.2,-11.2,12.5,-0.0,-1.4,-0.0,2494,1473,0,0,0
106,15.22,33595,410.10,409.96,-0.13,-0.1,-11.2,12.5,0.0,-1.4,-0.0,2494,1467,0,0,0
107,15.31,33594,410.08,409.96,-0.12,0.7,-10.2,12.5,0.0,-1.5,-0.0,2482,3501,0,0,-1
108,15.48,33596,410.11,409.95,-0.16,-2.3,-13.3,12.5,-0.0,-1.4,-0.0,2507,1483,0,-1,2
109,15.65,33595,410.10,409.94,-0.15,-1.3,-12.3,12.5,-0.0,-1.5,-0.0,2494,1472,0,-1,1
110,15.73,33595,410.10,409.94,-0.16,-2.2,-13.3,12.5,-0.0,-1.4,-0.0,2494,1470,0,-1,2
111,15.91,33594,410.08,409.93,-0.15,-1.3,-12.3,12.5,-0.0,-1.4,-0.0,2482,1457,0,-1,1
112,16.07,33595,410.10,409.93,-0.17,-3.5,-14.3,12.4,-0.0,-1.6,-0.0,2494,1470,0,-2,3
113,16.16,33596,410.11,409.92,-0.18,-4.5,-15.3,12.4,-0.0,-1.6,-0.0,2507,1483,0,-3,3
114,16.32,33596,410.11,409.92,-0.20,-5.2,-16.4,12.4,-0.0,-1.2,-0.0,2507,1484,0,-3,4
115,16.49,33596,410.11,409.91,-0.20,-5.4,-16.4,12.4,-0.0,-1.4,-0.0,2507,1486,0,-3,4
116,16.66,33597,410.12,409.90,-0.22,-7.5,-18.4,12.4,-0.0,-1.5,-0.0,2519,1499,0,-5,5
117,16.73,33597,410.12,409.90,-0.22,-7.4,-18.4,12.4,-0.0,-1.4,-0.0,2519,1498,0,-5,5
118,16.91,33597,410.12,409.89,-0.23,-8.6,-19.4,12.4,-0.0,-1.6,-0.0,2519,1497,0,-6,6
119,17.07,33597,410.12,409.88,-0.23,-8.5,-19.4,12.4,-0.0,-1.5,-0.0,2519,1496,0,-5,6
120,17.16,33597,410.12,409.88,-0.24,-9.7,-20.5,12.4,-0.0,-1.7,-0.0,2519,1497,0,-6,7
121,17.33,33594,410.08,409.87,-0.21,-6.6,-17.4,12.4,0.0,-1.6,-0.0,2482,1453,0,-4,5
122,17.50,33595,410.10,409.87,-0.23,-8.6,-19.4,12.4,-0.0,-1.6,-0.0,2494,1467,0,-5,7
123,17.59,33594,410.08,409.86,-0.22,-7.7,-18.4,12.4,0.0,-1.6,-0.0,2482,1454,0,-5,6
124,17.76,33594,410.08,409.85,-0.23,-8.7,-19.4,12.4,0.0,-1.7,-0.0,2482,1454,0,-5,7
125,17.93,33598,410.13,409.85,-0.28,-12.8,-23.5,12.3,-0.0,-1.7,-0.0,2532,1512,0,-8,9
126,18.02,33597,410.12,409.84,-0.28,-12.9,-23.5,12.3,-0.0,-1.7,-0.0,2519,1500,0,-8,9
127,18.18,33597,410.12,409.84,-0.28,-12.8,-23.5,12.3,-0.0,-1.6,-0.0,2519,1498,0,-8,9
128,18.34,33598,410.13,409.83,-0.31,-14.9,-25.6,12.3,-0.0,-1.7,-0.0,2532,1514,0,-10,11
129,18.50,33598,410.13,409.82,-0.31,-15.0,-25.6,12.3,-0.0,-1.7,-0.0,2532,1513,0,-10,11
130,18.66,33595,410.10,409.81,-0.28,-13.0,-23.5,12.3,0.0,-1.8,-0.0,2494,1467,0,-8,10
131,18.75,33594,410.08,409.81,-0.27,-12.1,-22.5,12.3,0.0,-1.8,-0.0,2482,1453,0,-7,9
132,18.91,33594,410.08,409.80,-0.28,-12.9,-23.5,12.3,0.0,-1.7,-0.0,2482,1452,0,-8,10
133,19.08,33595,410.10,409.79,-0.31,-15.0,-25.6,12.3,0.0,-1.7,-0.0,2494,1466,0,-9,11
134,19.16,33595,410.10,409.79,-0.31,-15.0,-25.6,12.2,0.0,-1.7,-0.0,2494,1466,0,-9,11
135,19.32,33595,410.10,409.78,-0.32,-16.0,-26.6,12.2,-0.0,-1.6,-0.0,2494,1470,0,-10,12
136,19.49,33595,410.10,409.77,-0.32,-16.1,-26.6,12.2,-0.0,-1.7,-0.0,2494,1472,0,-10,12
137,19.64,33594,410.08,409.77,-0.32,-16.1,-26.6,12.2,-0.0,-1.7,-0.0,2482,1457,0,-10,12
138,19.80,33596,410.11,409.76,-0.35,-19.2,-29.7,12.2,-0.0,-1.8,-0.0,2507,1485,0,-12,14
139,19.89,33594,410.08,409.75,-0.33,-17.3,-27.6,12.2,-0.0,-1.9,-0.0,2482,1456,0,-10,13
140,20.06,33595,410.10,409.75,-0.35,-19.4,-29.7,12.2,-0.0,-1.9,-0.0,2494,1470,0,-12,15
141,20.23,33592,410.06,409.74,-0.32,-16.2,-26.6,12.2,0.0,-1.8,-0.0,2457,1430,0,-9,13
142,20.31,33592,410.06,409.73,-0.33,-17.4,-27.6,12.2,-0.0,-1.9,-0.0,2457,1430,0,-10,14
143,20.48,33593,410.07,409.72,-0.34,-18.4,-28.6,12.1,0.0,-1.9,-0.0,2469,1440,0,-11,14
144,20.65,33589,410.02,409.72,-0.31,-15.3,-25.6,12.1,0.0,-1.8,-0.0,2419,1388,0,-8,13
145,20.74,33589,410.02,409.71,-0.31,-15.4,-25.6,12.1,0.0,-2.0,-0.0,2419,1386,0,-8,13
146,20.90,33591,410.05,409.70,-0.34,-18.5,-28.6,12.1,-0.0,-1.9,-0.0,2444,1418,0,-10,15
147,21.06,33589,410.02,409.69,-0.33,-17.5,-27.6,12.1,0.0,-1.9,-0.0,2419,1390,0,-9,14
148,21.23,33587,410.00,409.69,-0.32,-16.5,-26.6,12.1,0.0,-2.0,-0.0,2394,1364,0,-8,14
149,21.31,33585,409.97,409.68,-0.29,-14.5,-24.5,12.1,0.0,-2.0,-0.0,2369,1339,0,-7,12
150,21.48,33585,409.97,409.67,-0.31,-15.5,-25.6,12.1,0.0,-2.0,-0.0,2369,1336,0,-7,13
151,21.64,33586,409.99,409.66,-0.32,-16.5,-26.6,12.1,0.0,-2.0,-0.0,2382,1354,0,-8,14
152,21.72,33586,409.99,409.66,-0.33,-17.5,-27.6,12.0,0.0,-1.9,-0.0,2382,1354,0,-8,15
153,21.90,33580,409.91,409.65,-0.27,-12.5,-22.5,12.0,0.0,-2.1,-0.0,2307,1272,0,-5,11
154,22.06,33580,409.91,409.64,-0.27,-12.4,-22.5,12.0,0.0,-1.9,-0.0,2307,1276,0,-5,11
155,22.23,33578,409.89,409.63,-0.26,-11.4,-21.5,12.0,0.0,-2.0,-0.0,2282,1246,0,-4,10
156,22.31,33579,409.90,409.63,-0.27,-12.7,-22.5,12.0,0.0,-2.2,-0.0,2294,1259,0,-4,12
157,22.48,33576,409.86,409.62,-0.24,-10.5,-20.5,12.0,0.0,-2.1,-0.0,2257,1222,0,-3,10
158,22.65,33576,409.86,409.61,-0.26,-11.5,-21.5,12.0,0.0,-2.1,-0.0,2257,1227,0,-3,11
159,22.73,33578,409.89,409.60,-0.28,-13.6,-23.5,12.0,-0.0,-2.0,-0.0,2282,1255,0,-5,12
160,22.90,33576,409.86,409.59,-0.27,-12.5,-22.5,12.0,-0.0,-1.9,-0.0,2257,1230,0,-4,11
161,23.06,33573,409.83,409.58,-0.24,-10.6,-20.5,12.0,0.0,-2.1,-0.0,2219,1189,0,-3,10
162,23.22,33573,409.83,409.57,-0.26,-11.6,-21.5,11.9,0.0,-2.1,-0.0,2219,1190,0,-3,11
163,23.31,33573,409.83,409.57,-0.26,-11.8,-21.5,11.9,0.0,-2.2,-0.0,2219,1190,0,-3,11
164,23.47,33567,409.75,409.56,-0.20,-6.5,-16.4,11.9,0.0,-2.1,-0.0,2144,1106,0,-1,6
165,23.64,33568,409.77,409.55,-0.22,-8.6,-18.4,11.9,0.0,-2.1,-0.0,2157,1125,0,-1,8
166,23.72,33570,409.79,409.55,-0.24,-10.8,-20.5,11.9,0.0,-2.3,-0.0,2182,1153,0,-2,10
167,23.89,33564,409.72,409.54,-0.18,-5.6,-15.3,11.9,0.0,-2.1,-0.0,2107,1070,0,0,5
168,24.05,33566,409.74,409.53,-0.22,-8.7,-18.4,11.9,0.0,-2.2,-0.0,2132,1100,0,-1,8
169,24.22,33568,409.77,409.52,-0.24,-10.7,-20.5,11.9,-0.0,-2.1,-0.0,2157,1134,0,-2,10
170,24.31,33566,409.74,409.51,-0.23,-9.9,-19.4,11.9,-0.0,-2.4,-0.0,2132,1105,0,-1,10
171,24.48,33565,409.73,409.50,-0.23,-9.8,-19.4,11.9,-0.0,-2.2,-0.0,2119,1092,0,-1,9
172,24.65,33565,409.73,409.49,-0.24,-10.8,-20.5,11.9,-0.0,-2.2,-0.0,2119,1095,0,-1,10
173,24.73,33563,409.70,409.48,-0.22,-8.9,-18.4,11.9,0.0,-2.3,-0.0,2094,1065,0,-1,9
174,24.89,33562,409.69,409.47,-0.22,-8.7,-18.4,11.9,0.0,-2.2,-0.0,2082,1049,0,0,8
175,25.06,33560,409.67,409.46,-0.21,-7.8,-17.4,11.8,0.0,-2.2,-0.0,2057,1026,0,0,8
176,25.22,33559,409.66,409.45,-0.21,-7.9,-17.4,11.8,0.0,-2.3,-0.0,2044,1011,0,0,8
177,25.31,33559,409.66,409.45,-0.21,-8.0,-17.4,11.8,0.0,-2.5,-0.0,2044,1010,0,0,8
178,25.47,33564,409.72,409.44,-0.28,-14.1,-23.5,11.8,-0.0,-2.4,-0.0,2107,1085,0,-1,14
179,25.64,33561,409.68,409.43,-0.26,-12.0,-21.5,11.8,-0.0,-2.3,-0.0,2069,1045,0,0,12
180,25.72,33562,409.69,409.42,-0.27,-13.1,-22.5,11.8,-0.0,-2.4,-0.0,2082,1061,0,-1,13
181,25.89,33558,409.64,409.41,-0.23,-10.0,-19.4,11.8,-0.0,-2.3,-0.0,2032,1007,0,0,10
182,26.06,33558,409.64,409.40,-0.24,-11.2,-20.5,11.8,0.0,-2.5,-0.0,2032,1002,0,0,11
183,26.22,33558,409.64,409.39,-0.26,-12.1,-21.5,11.8,0.0,-2.4,-0.0,2032,1000,0,0,12
184,26.31,33560,409.67,409.38,-0.28,-14.3,-23.5,11.8,-0.0,-2.5,-0.0,2057,1031,0,0,14
185,26.47,33563,409.70,409.37,-0.33,-18.3,-27.6,11.8,-0.0,-2.4,-0.0,2094,1072,0,-1,18
186,26.63,33559,409.66,409.36,-0.29,-15.3,-24.5,11.7,-0.0,-2.5,-0.0,2044,1022,0,0,15
187,26.78,33560,409.67,409.35,-0.32,-17.3,-26.6,11.7,-0.0,-2.4,-0.0,2057,1036,0,0,17
188,26.87,33558,409.64,409.35,-0.29,-15.3,-24.5,11.7,-0.0,-2.5,-0.0,2032,1008,0,0,15
189,27.04,33556,409.62,409.33,-0.28,-14.3,-23.5,11.7,0.0,-2.5,-0.0,2007,972,0,1,14
190,27.20,33556,409.62,409.32,-0.29,-15.2,-24.5,11.7,0.0,-2.3,-0.0,2007,979,0,1,15
191,27.37,33560,409.67,409.31,-0.35,-20.5,-29.7,11.7,-0.0,-2.6,-0.0,2057,1031,0,0,20
192,27.44,33559,409.66,409.31,-0.35,-20.3,-29.7,11.7,-0.0,-2.3,-0.0,2044,1019,0,0,20
193,27.60,33554,409.59,409.30,-0.29,-15.4,-24.5,11.7,-0.0,-2.5,-0.0,1982,955,0,2,15
194,27.77,33554,409.59,409.28,-0.31,-16.5,-25.6,11.7,-0.0,-2.6,-0.0,1982,955,0,2,16
195,27.93,33553,409.58,409.27,-0.31,-16.4,-25.6,11.6,0.0,-2.5,-0.0,1969,935,0,2,16
196,28.01,33553,409.58,409.27,-0.32,-17.5,-26.6,11.6,0.0,-2.5,-0.0,1969,934,0,2,17
197,28.18,33553,409.58,409.26,-0.33,-18.8,-27.6,11.6,-0.0,-2.8,-0.0,1969,940,0,2,18
198,28.34,33551,409.56,409.24,-0.32,-17.6,-26.6,11.6,-0.0,-2.6,-0.0,1944,915,0,3,17
199,28.51,33548,409.52,409.23,-0.29,-15.5,-24.5,11.6,0.0,-2.6,-0.0,1907,875,0,3,15
200,28.58,33548,409.52,409.23,-0.29,-15.3,-24.5,11.6,0.0,-2.4,-0.0,1907,876,0,3,14
201,28.75,33549,409.53,409.22,-0.32,-17.6,-26.6,11.6,0.0,-2.6,-0.0,1919,887,0,4,17
202,28.93,33550,409.55,409.20,-0.34,-19.7,-28.6,11.6,-0.0,-2.6,-0.0,1932,907,0,3,19
203,29.01,33549,409.53,409.20,-0.34,-19.8,-28.6,11.6,-0.0,-2.8,-0.0,1919,892,0,4,19
204,29.18,33545,409.48,409.18,-0.31,-16.7,-25.6,11.5,-0.0,-2.6,-0.0,1869,841,0,4,16
205,29.34,33543,409.46,409.17,-0.29,-15.6,-24.5,11.5,0.0,-2.6,-0.0,1844,813,0,5,14
206,29.51,33543,409.46,409.16,-0.31,-16.8,-25.6,11.5,0.0,-2.8,-0.0,1844,811,0,5,15
207,29.58,33541,409.44,409.15,-0.28,-14.5,-23.5,11.5,0.0,-2.5,-0.0,1819,782,0,5,13
208,29.75,33539,409.41,409.14,-0.27,-13.7,-22.5,11.5,0.0,-2.7,-0.0,1794,760,0,5,12
209,29.91,33540,409.42,409.13,-0.29,-15.8,-24.5,11.5,-0.0,-2.7,-0.0,1807,778,0,6,14
210,30.00,33537,409.39,409.12,-0.27,-13.7,-22.5,11.5,0.0,-2.7,-0.0,1769,736,0,6,12
211,30.17,33538,409.40,409.11,-0.29,-15.9,-24.5,11.5,0.0,-2.8,-0.0,1782,750,0,6,14
212,30.33,33537,409.39,409.10,-0.29,-15.8,-24.5,11.5,-0.0,-2.8,-0.0,1769,742,0,6,14
213,30.49,33537,409.39,409.09,-0.31,-16.8,-25.6,11.5,-0.0,-2.7,-0.0,1769,741,0,7,15
214,30.58,33535,409.36,409.08,-0.28,-15.0,-23.5,11.4,0.0,-2.9,-0.0,1744,712,0,7,13
215,30.75,33534,409.35,409.07,-0.28,-14.9,-23.5,11.4,0.0,-2.8,-0.0,1732,702,0,7,13
216,30.91,33532,409.33,409.05,-0.27,-13.6,-22.5,11.4,0.0,-2.5,-0.0,1707,675,0,7,11
217,31.00,33531,409.31,409.05,-0.27,-14.2,-22.5,11.4,0.0,-3.1,-0.0,1694,660,0,7,12
218,31.17,33529,409.29,409.03,-0.26,-12.9,-21.5,11.4,0.0,-2.8,-0.0,1669,633,0,7,10
219,31.34,33525,409.24,409.02,-0.22,-10.0,-18.4,11.4,0.0,-2.9,-0.0,1619,580,0,6,7
220,31.43,33525,409.24,409.01,-0.23,-11.0,-19.4,11.4,0.0,-3.0,-0.0,1619,581,0,7,8
221,31.59,33526,409.25,409.00,-0.26,-13.0,-21.5,11.4,0.0,-2.9,-0.0,1632,599,0,8,10
222,31.76,33524,409.23,408.99,-0.24,-12.1,-20.5,11.4,0.0,-3.0,-0.0,1607,574,0,7,9
223,31.92,33524,409.23,408.97,-0.26,-13.0,-21.5,11.4,-0.0,-2.9,-0.0,1607,578,0,8,10
224,32.01,33523,409.22,408.97,-0.24,-12.2,-20.5,11.4,-0.0,-3.1,-0.0,1594,567,0,8,9
225,32.18,33525,409.24,408.95,-0.28,-15.2,-23.5,11.3,-0.0,-3.0,-0.0,1619,593,0,9,12
226,32.35,33521,409.19,408.94,-0.26,-13.0,-21.5,11.3,-0.0,-2.8,-0.0,1569,539,0,9,9
227,32.43,33522,409.20,408.93,-0.27,-14.4,-22.5,11.3,-0.0,-3.2,-0.0,1582,555,0,9,10
228,32.60,33526,409.25,408.92,-0.33,-19.2,-27.6,11.3,-0.0,-2.9,-0.0,1632,611,0,11,15
229,32.77,33523,409.22,408.91,-0.31,-17.3,-25.6,11.3,-0.0,-3.0,-0.0,1594,568,0,11,13
230,32.85,33523,409.22,408.90,-0.32,-18.4,-26.6,11.3,-0.0,-3.1,-0.0,1594,567,0,12,14
231,33.02,33521,409.19,408.89,-0.31,-17.1,-25.6,11.3,-0.0,-2.8,-0.0,1569,545,0,11,12
232,33.18,33522,409.20,408.87,-0.33,-19.3,-27.6,11.3,-0.0,-2.9,-0.0,1582,555,0,12,14
233,33.36,33522,409.20,408.86,-0.34,-20.6,-28.6,11.2,-0.0,-3.2,-0.0,1582,555,0,13,15
234,33.43,33520,409.18,408.85,-0.33,-19.2,-27.6,11.2,-0.0,-2.8,-0.0,1557,529,0,13,13
235,33.59,33520,409.18,408.84,-0.34,-20.4,-28.6,11.2,-0.0,-2.9,-0.0,1557,532,0,14,14
236,33.75,33522,409.20,408.82,-0.38,-23.4,-31.7,11.2,-0.0,-2.9,-0.0,1582,557,0,15,17
237,33.92,33520,409.18,408.81,-0.37,-22.8,-30.7,11.2,-0.0,-3.3,-0.0,1557,530,0,15,16
238,34.01,33520,409.18,408.80,-0.38,-23.9,-31.7,11.2,-0.0,-3.4,-0.0,1557,530,0,16,17
239,34.18,33521,409.19,408.79,-0.40,-25.6,-33.8,11.2,-0.0,-3.0,-0.0,1569,546,0,17,18
240,34.34,33518,409.16,408.77,-0.38,-23.6,-31.7,11.2,0.0,-3.1,-0.0,1532,502,0,16,16
241,34.42,33516,409.13,408.77,-0.37,-22.7,-30.7,11.1,0.0,-3.2,-0.0,1507,474,0,16,15
242,34.59,33514,409.11,408.75,-0.35,-21.6,-29.7,11.1,0.0,-3.0,-0.0,1482,449,0,16,13
243,34.76,33514,409.11,408.74,-0.37,-22.8,-30.7,11.1,0.0,-3.2,-0.0,1482,449,0,17,14
244,34.92,33516,409.13,408.72,-0.40,-25.8,-33.8,11.1,0.0,-3.2,-0.0,1507,475,0,19,17
245,35.00,33515,409.12,408.72,-0.40,-25.8,-33.8,11.1,-0.0,-3.2,-0.0,1494,465,0,19,16
246,35.17,33511,409.07,408.70,-0.37,-22.8,-30.7,11.1,0.0,-3.1,-0.0,1444,413,0,18,13
247,35.34,33513,409.09,408.69,-0.40,-26.0,-33.8,11.1,-0.0,-3.3,-0.0,1469,443,0,20,16
248,35.43,33510,409.06,408.68,-0.38,-24.0,-31.7,11.1,-0.0,-3.4,-0.0,1432,402,0,19,13
249,35.59,33507,409.02,408.67,-0.35,-21.6,-29.7,11.0,0.0,-3.0,-0.0,1394,357,0,18,11
250,35.75,33506,409.01,408.65,-0.35,-21.8,-29.7,11.0,0.0,-3.1,-0.0,1382,349,0,18,11
251,35.92,33506,409.01,408.64,-0.38,-24.0,-31.7,11.0,0.0,-3.3,-0.0,1382,349,0,20,12
252,36.01,33506,409.01,408.63,-0.38,-24.3,-31.7,11.0,0.0,-3.6,-0.0,1382,346,0,20,12
253,36.16,33502,408.96,408.61,-0.34,-20.9,-28.6,11.0,0.0,-3.2,-0.0,1332,301,0,18,9
254,36.33,33500,408.94,408.60,-0.34,-20.9,-28.6,11.0,0.0,-3.2,-0.0,1307,271,0,18,8
255,36.42,33500,408.94,408.59,-0.34,-21.3,-28.6,11.0,0.0,-3.6,-0.0,1307,273,0,19,8
256,36.58,33500,408.94,408.58,-0.37,-23.0,-30.7,11.0,0.0,-3.3,-0.0,1307,274,0,20,9
257,36.74,33496,408.89,408.56,-0.33,-19.9,-27.6,10.9,0.0,-3.2,-0.0,1257,223,0,18,6
258,36.91,33495,408.87,408.54,-0.33,-20.0,-27.6,10.9,0.0,-3.3,-0.0,1244,210,0,18,6
259,37.00,33495,408.87,408.54,-0.34,-21.4,-28.6,10.9,0.0,-3.7,-0.0,1244,212,0,20,7
260,37.18,33491,408.83,408.52,-0.31,-18.1,-25.6,10.9,0.0,-3.4,-0.0,1194,156,0,17,4
261,37.34,33489,408.80,408.51,-0.29,-17.0,-24.5,10.9,0.0,-3.4,-0.0,1169,132,0,16,3
262,37.43,33489,408.80,408.50,-0.31,-18.2,-25.6,10.9,0.0,-3.6,-0.0,1169,134,0,17,4
263,37.59,33486,408.76,408.48,-0.28,-15.8,-23.5,10.9,0.0,-3.2,-0.0,1132,96,0,15,2
264,37.75,33484,408.74,408.47,-0.27,-15.0,-22.5,10.9,0.0,-3.3,-0.0,1107,68,0,14,2
265,37.93,33481,408.70,408.45,-0.26,-14.1,-21.5,10.9,0.0,-3.5,-0.0,1069,31,0,14,1
266,38.01,33480,408.69,408.44,-0.24,-13.4,-20.5,10.8,0.0,-3.8,-0.0,1057,18,0,13,0
267,38.18,33476,408.64,408.43,-0.22,-10.9,-18.4,10.8,0.0,-3.3,-0.0,1007,4063,0,11,-1
268,38.35,33476,408.64,408.41,-0.23,-12.2,-19.4,10.8,0.0,-3.6,-0.0,1007,4067,0,12,-1
269,38.43,33477,408.65,408.40,-0.26,-14.3,-21.5,10.8,0.0,-3.6,-0.0,1019,4080,0,14,0
270,38.60,33475,408.63,408.39,-0.24,-13.2,-20.5,10.8,0.0,-3.6,-0.0,994,4057,0,13,-1
271,38.77,33474,408.62,408.37,-0.24,-13.1,-20.5,10.8,0.0,-3.4,-0.0,982,4047,0,13,-1
272,38.85,33469,408.56,408.36,-0.20,-9.0,-16.4,10.8,0.0,-3.5,-0.0,919,3981,0,9,-2
273,39.02,33467,408.53,408.34,-0.18,-7.9,-15.3,10.8,0.0,-3.4,-0.0,894,3953,0,7,-2
274,39.18,33465,408.51,408.33,-0.18,-8.1,-15.3,10.8,0.0,-3.5,-0.0,869,3926,0,8,-2
275,39.35,33459,408.44,408.31,-0.12,-3.1,-10.2,10.8,0.0,-3.6,-0.0,794,3843,0,3,-1
276,39.44,33459,408.44,408.30,-0.13,-4.4,-11.2,10.8,0.0,-3.9,-0.0,794,3842,0,4,-2
277,39.61,33460,408.45,408.29,-0.16,-6.1,-13.3,10.8,0.0,-3.6,-0.0,807,3869,0,6,-2
278,39.78,33461,408.46,408.27,-0.20,-9.2,-16.4,10.8,0.0,-3.5,-0.0,819,3882,0,8,-3
279,39.86,33460,408.45,408.26,-0.18,-8.4,-15.3,10.8,0.0,-3.8,-0.0,807,3871,0,8,-3
280,40.01,33457,408.41,408.25,-0.16,-5.9,-13.3,10.8,-0.0,-3.4,-0.0,769,3838,0,5,-2
281,40.18,33457,408.41,408.23,-0.18,-8.1,-15.3,10.7,-0.0,-3.5,-0.0,769,3837,0,7,-3
282,40.34,33456,408.40,408.21,-0.18,-8.2,-15.3,10.7,0.0,-3.6,-0.0,757,3821,0,7,-3
283,40.42,33456,408.40,408.21,-0.20,-9.4,-16.4,10.7,0.0,-3.8,-0.0,757,3821,0,8,-4
284,40.59,33455,408.39,408.19,-0.20,-9.4,-16.4,10.7,-0.0,-3.8,-0.0,744,3810,0,8,-4
285,40.76,33455,408.39,408.17,-0.22,-11.3,-18.4,10.7,-0.0,-3.6,-0.0,744,3813,0,10,-5
286,40.85,33454,408.37,408.16,-0.21,-10.8,-17.4,10.7,-0.0,-4.1,-0.0,732,3799,0,9,-5
287,41.01,33455,408.39,408.15,-0.24,-13.2,-20.5,10.7,-0.0,-3.5,-0.0,744,3815,0,12,-5
288,41.19,33451,408.34,408.13,-0.21,-10.5,-17.4,10.7,0.0,-3.8,-0.0,694,3759,0,9,-5
289,41.34,33453,408.36,408.11,-0.24,-13.5,-20.5,10.7,-0.0,-3.7,-0.0,719,3788,0,12,-6
290,41.43,33451,408.34,408.10,-0.23,-12.8,-19.4,10.7,-0.0,-4.0,-0.0,694,3760,0,11,-6
291,41.59,33451,408.34,408.09,-0.26,-14.5,-21.5,10.7,-0.0,-3.7,-0.0,694,3760,0,12,-7
292,41.76,33449,408.31,408.07,-0.24,-13.7,-20.5,10.7,-0.0,-3.8,-0.0,669,3736,0,11,-7
293,41.85,33448,408.30,408.06,-0.24,-14.0,-20.5,10.6,-0.0,-4.2,-0.0,657,3724,0,11,-7
294,42.00,33449,408.31,408.04,-0.27,-15.7,-22.5,10.6,-0.0,-3.9,-0.0,669,3735,0,13,-8
295,42.16,33450,408.33,408.03,-0.31,-18.6,-25.6,10.6,-0.0,-3.6,-0.0,682,3753,0,16,-9
296,42.33,33449,408.31,408.01,-0.31,-18.7,-25.6,10.6,-0.0,-3.7,-0.0,669,3737,0,15,-9
297,42.41,33448,408.30,408.00,-0.31,-18.7,-25.6,10.6,-0.0,-3.7,-0.0,657,3728,0,15,-10
298,42.57,33448,408.30,407.98,-0.32,-19.7,-26.6,10.6,-0.0,-3.7,-0.0,657,3729,0,16,-10
299,42.74,33449,408.31,407.96,-0.35,-23.1,-29.7,10.6,-0.0,-4.0,-0.0,669,3741,0,19,-12
300,42.91,33447,408.29,407.95,-0.34,-21.9,-28.6,10.6,-0.0,-3.8,-0.0,644,3713,0,18,-12
301,42.99,33447,408.29,407.94,-0.35,-23.3,-29.7,10.6,-0.0,-4.2,-0.0,644,3713,0,19,-13
302,43.17,33447,408.29,407.92,-0.37,-24.2,-30.7,10.5,-0.0,-4.0,-0.0,644,3714,0,20,-13
303,43.32,33447,408.29,407.90,-0.39,-26.0,-32.7,10.5,-0.0,-3.8,-0.0,644,3715,0,21,-14
304,43.49,33447,408.29,407.88,-0.40,-27.1,-33.8,10.5,-0.0,-3.8,-0.0,644,3713,0,22,-15
305,43.57,33447,408.29,407.88,-0.42,-28.2,-34.8,10.5,-0.0,-4.0,-0.0,644,3716,0,23,-15
306,43.73,33444,408.25,407.86,-0.39,-26.1,-32.7,10.5,-0.0,-3.8,-0.0,607,3675,0,20,-15
307,43.89,33442,408.23,407.84,-0.39,-26.4,-32.7,10.5,-0.0,-4.1,-0.0,582,3646,0,20,-16
308,43.98,33441,408.22,407.83,-0.39,-26.5,-32.7,10.5,0.0,-4.2,-0.0,569,3631,0,19,-17
309,44.15,33440,408.20,407.81,-0.39,-26.1,-32.7,10.4,0.0,-3.8,-0.0,557,3619,0,19,-17
310,44.31,33440,408.20,407.79,-0.42,-28.2,-34.8,10.4,-0.0,-3.8,-0.0,557,3623,0,20,-18
311,44.47,33436,408.15,407.78,-0.38,-25.2,-31.7,10.4,0.0,-3.9,-0.0,507,3567,0,17,-18
312,44.56,33435,408.14,407.77,-0.38,-25.5,-31.7,10.4,0.0,-4.2,-0.0,494,3555,0,17,-18
313,44.72,33433,408.12,407.75,-0.37,-24.2,-30.7,10.4,0.0,-3.9,-0.0,469,3531,0,15,-18
314,44.89,33429,408.07,407.73,-0.34,-22.3,-28.6,10.4,0.0,-4.0,-0.0,419,3475,0,13,-18
315,45.06,33429,408.07,407.71,-0.35,-23.7,-29.7,10.4,0.0,-4.4,-0.0,419,3475,0,13,-19
316,45.13,33428,408.06,407.70,-0.35,-23.0,-29.7,10.4,0.0,-3.7,-0.0,407,3468,0,13,-18
317,45.30,33426,408.03,407.68,-0.35,-23.4,-29.7,10.3,0.0,-4.0,-0.0,382,3441,0,12,-19
318,45.47,33421,407.97,407.66,-0.31,-19.8,-25.6,10.3,0.0,-4.5,-0.0,319,3375,0,9,-17
319,45.56,33420,407.96,407.65,-0.31,-19.5,-25.6,10.3,0.0,-4.2,-0.0,307,3365,0,8,-17
320,45.72,33418,407.93,407.63,-0.31,-19.3,-25.6,10.3,0.0,-4.0,-0.0,282,3338,0,7,-17
321,45.89,33415,407.90,407.61,-0.28,-17.5,-23.5,10.3,0.0,-4.2,-0.0,244,3299,0,6,-16
322,46.05,33411,407.85,407.60,-0.26,-15.4,-21.5,10.3,0.0,-4.2,-0.0,194,3247,0,4,-14
323,46.14,33410,407.84,407.59,-0.26,-16.0,-21.5,10.3,0.0,-4.8,-0.0,182,3235,0,4,-15
324,46.31,33406,407.79,407.57,-0.22,-12.6,-18.4,10.3,0.0,-4.4,-0.0,132,3182,0,2,-12
325,46.48,33403,407.75,407.55,-0.21,-11.5,-17.4,10.3,0.0,-4.4,-0.0,94,3146,0,1,-11
326,46.56,33401,407.73,407.54,-0.18,-9.0,-15.3,10.3,0.0,-3.9,-0.0,69,3122,0,1,-9
327,46.73,33398,407.69,407.52,-0.17,-8.5,-14.3,10.2,0.0,-4.4,-0.0,32,3084,0,0,-8
328,46.90,33396,407.67,407.50,-0.17,-8.3,-14.3,10.2,0.0,-4.3,-0.0,7,3058,0,0,-8
329,46.99,33394,407.64,407.49,-0.16,-7.5,-13.3,10.2,0.0,-4.5,-0.0,4078,3035,0,0,-7
330,47.15,33391,407.60,407.47,-0.13,-5.4,-11.2,10.2,0.0,-4.3,-0.0,4040,2998,0,-1,-5
331,47.32,33385,407.53,407.45,-0.09,-1.2,-7.2,10.2,0.0,-4.2,-0.0,3965,2919,0,0,-1
332,47.40,33385,407.53,407.44,-0.10,-2.5,-8.2,10.2,0.0,-4.5,-0.0,3965,2921,0,-1,-2
333,47.57,33383,407.51,407.42,-0.09,-1.1,-7.2,10.2,0.0,-4.2,-0.0,3940,2897,0,0,-1
334,47.73,33381,407.48,407.40,-0.09,-1.3,-7.2,10.2,0.0,-4.4,-0.0,3915,2871,0,0,-1
335,47.89,33381,407.48,407.38,-0.10,-2.4,-8.2,10.2,0.0,-4.4,-0.0,3915,2880,0,-1,-2
336,48.05,33375,407.41,407.36,-0.05,1.4,-4.1,10.2,0.0,-4.7,-0.0,3840,751,0,1,1
337,48.14,33375,407.41,407.35,-0.06,0.4,-5.1,10.2,0.0,-4.7,-0.0,3840,753,0,0,0
338,48.30,33374,407.40,407.33,-0.06,0.9,-5.1,10.2,0.0,-4.2,-0.0,3828,744,0,0,1
339,48.47,33369,407.34,407.31,-0.02,3.8,-2.0,10.2,0.0,-4.3,-0.0,3765,675,0,2,3
340,48.55,33367,407.31,407.30,-0.01,4.6,-1.0,10.2,0.0,-4.6,-0.0,3740,646,0,2,4
341,48.72,33368,407.32,407.28,-0.05,1.8,-4.1,10.2,0.0,-4.3,-0.0,3753,671,0,1,2
342,48.88,33369,407.34,407.26,-0.07,-0.4,-6.1,10.2,0.0,-4.4,-0.0,3765,2732,0,0,0
343,49.05,33367,407.31,407.24,-0.07,-0.7,-6.1,10.2,-0.0,-4.7,-0.0,3740,2708,0,0,-1
344,49.14,33367,407.31,407.23,-0.09,-1.6,-7.2,10.2,-0.0,-4.7,-0.0,3740,2713,0,-1,-1
345,49.30,33368,407.32,407.21,-0.11,-3.3,-9.2,10.2,-0.0,-4.3,-0.0,3753,2730,0,-2,-3
346,49.46,33366,407.30,407.19,-0.11,-3.4,-9.2,10.2,-0.0,-4.4,-0.0,3728,2700,0,-2,-3
347,49.55,33365,407.29,407.18,-0.11,-3.8,-9.2,10.2,-0.0,-4.8,-0.0,3715,2685,0,-2,-3
348,49.71,33362,407.25,407.16,-0.10,-2.4,-8.2,10.2,-0.0,-4.4,-0.0,3678,2647,0,-1,-2
349,49.87,33362,407.25,407.14,-0.11,-3.6,-9.2,10.2,0.0,-4.6,-0.0,3678,2645,0,-2,-3
350,50.04,33364,407.28,407.12,-0.16,-7.9,-13.3,10.2,-0.0,-4.8,-0.0,3703,2676,0,-4,-6
351,50.13,33365,407.29,407.11,-0.18,-9.9,-15.3,10.2,-0.0,-4.8,-0.0,3715,2689,0,-5,-8
352,50.29,33364,407.28,407.09,-0.20,-10.6,-16.4,10.2,-0.0,-4.4,-0.0,3703,2680,0,-6,-8
353,50.46,33365,407.29,407.06,-0.22,-12.6,-18.4,10.1,-0.0,-4.4,-0.0,3715,2695,0,-7,-10
354,50.55,33363,407.26,407.05,-0.21,-12.3,-17.4,10.1,-0.0,-5.0,-0.0,3690,2668,0,-7,-10
355,50.70,33362,407.25,407.03,-0.22,-12.7,-18.4,10.1,-0.0,-4.4,-0.0,3678,2651,0,-7,-10
356,50.87,33366,407.30,407.01,-0.29,-19.2,-24.5,10.1,-0.0,-4.8,-0.0,3728,2706,0,-10,-16
357,51.04,33366,407.30,406.99,-0.31,-20.1,-25.6,10.1,-0.0,-4.6,-0.0,3728,2707,0,-10,-16
358,51.11,33366,407.30,406.98,-0.32,-20.7,-26.6,10.1,-0.0,-4.3,-0.0,3728,2705,0,-11,-17
359,51.29,33366,407.30,406.96,-0.34,-23.3,-28.6,10.1,-0.0,-4.8,-0.0,3728,2710,0,-12,-19
360,51.44,33366,407.30,406.94,-0.37,-25.1,-30.7,10.1,-0.0,-4.5,-0.0,3728,2707,0,-13,-21
361,51.61,33364,407.28,406.92,-0.35,-24.0,-29.7,10.1,-0.0,-4.4,-0.0,3703,2676,0,-13,-19
362,51.69,33364,407.28,406.91,-0.37,-25.3,-30.7,10.1,-0.0,-4.7,-0.0,3703,2676,0,-14,-20
363,51.86,33364,407.28,406.89,-0.39,-27.5,-32.7,10.0,-0.0,-4.8,-0.0,3703,2676,0,-15,-22
364,52.01,33364,407.28,406.87,-0.42,-29.3,-34.8,10.0,-0.0,-4.6,-0.0,3703,2676,0,-16,-23
365,52.19,33363,407.26,406.84,-0.42,-29.4,-34.8,10.0,-0.0,-4.7,-0.0,3690,2665,0,-17,-23
366,52.27,33363,407.26,406.83,-0.43,-30.7,-35.8,10.0,-0.0,-4.9,-0.0,3690,2664,0,-17,-24
367,52.44,33362,407.25,406.81,-0.44,-31.8,-36.8,10.0,-0.0,-4.9,-0.0,3678,2649,0,-19,-25
368,52.61,33361,407.24,406.79,-0.45,-32.6,-37.8,10.0,-0.0,-4.7,-0.0,3665,2637,0,-20,-25
369,52.70,33359,407.21,406.78,-0.44,-32.0,-36.8,10.0,-0.0,-5.2,-0.0,3640,2608,0,-20,-24
370,52.87,33358,407.20,406.75,-0.45,-32.8,-37.8,9.9,-0.0,-4.9,-0.0,3628,2597,0,-21,-24
371,53.04,33356,407.18,406.73,-0.45,-33.1,-37.8,9.9,-0.0,-5.1,-0.0,3603,2568,0,-22,-23
372,53.13,33355,407.17,406.72,-0.45,-33.2,-37.8,9.9,-0.0,-5.3,-0.0,3590,2555,0,-23,-23
373,53.29,33353,407.14,406.70,-0.44,-31.5,-36.8,9.9,0.0,-4.6,-0.0,3565,2530,0,-23,-21
374,53.46,33348,407.08,406.67,-0.40,-29.1,-33.8,9.9,0.0,-5.2,-0.0,3503,2463,0,-23,-17
375,53.55,33346,407.06,406.66,-0.39,-28.0,-32.7,9.9,0.0,-5.1,-0.0,3478,2436,0,-22,-15
376,53.72,33344,407.03,406.64,-0.39,-28.1,-32.7,9.8,0.0,-5.2,-0.0,3453,2411,0,-23,-14
377,53.89,33343,407.02,406.62,-0.40,-28.8,-33.8,9.8,0.0,-4.9,-0.0,3440,2400,0,-24,-14
378,53.99,33342,407.01,406.60,-0.40,-29.2,-33.8,9.8,0.0,-5.3,-0.0,3428,2387,0,-25,-14
379,54.16,33337,406.95,406.58,-0.37,-26.1,-30.7,9.8,0.0,-5.2,-0.0,3365,2324,0,-23,-10
380,54.33,33333,406.90,406.56,-0.34,-23.9,-28.6,9.8,0.0,-5.0,-0.0,3315,2275,0,-22,-8
381,54.42,33332,406.88,406.55,-0.34,-24.4,-28.6,9.8,0.0,-5.5,-0.0,3303,2260,0,-22,-8
382,54.57,33329,406.85,406.52,-0.33,-22.8,-27.6,9.8,0.0,-4.9,-0.0,3265,2221,0,-21,-6
383,54.73,33323,406.77,406.50,-0.27,-17.7,-22.5,9.8,0.0,-5.0,-0.0,3190,2137,0,-17,-2
384,54.82,33322,406.76,406.49,-0.27,-18.4,-22.5,9.7,0.0,-5.6,-0.0,3178,2129,0,-18,-2
385,54.99,33321,406.75,406.47,-0.28,-19.0,-23.5,9.7,0.0,-5.2,-0.0,3165,2122,0,-18,-2
386,55.16,33319,406.73,406.44,-0.28,-18.7,-23.5,9.7,0.0,-4.9,-0.0,3140,2100,0,-18,-1
387,55.33,33311,406.63,406.42,-0.21,-12.6,-17.4,9.7,0.0,-4.9,-0.0,3040,1993,0,-12,1
388,55.42,33310,406.62,406.41,-0.21,-13.4,-17.4,9.7,0.0,-5.7,-0.0,3028,1983,0,-13,1
389,55.59,33307,406.58,406.38,-0.20,-11.5,-16.4,9.7,0.0,-4.9,-0.0,2990,1944,0,-11,2
390,55.68,33306,406.57,406.37,-0.20,-12.1,-16.4,9.7,0.0,-5.4,-0.0,2978,1931,0,-11,2
391,55.84,33300,406.49,406.35,-0.15,-7.8,-12.3,9.7,0.0,-5.2,-0.0,2903,1850,0,-7,2
392,56.01,33296,406.45,406.33,-0.12,-5.5,-10.2,9.7,0.0,-5.0,-0.0,2853,1807,0,-5,2
393,56.17,33291,406.38,406.30,-0.09,-2.7,-7.2,9.7,0.0,-5.2,-0.0,2790,1740,0,-2,1
394,56.26,33287,406.34,406.29,-0.05,0.2,-4.1,9.7,0.0,-5.4,-0.0,2740,3733,0,0,0
395,56.43,33287,406.34,406.27,-0.07,-1.8,-6.1,9.7,0.0,-5.4,-0.0,2740,1690,0,-2,1
396,56.60,33284,406.30,406.24,-0.06,-0.6,-5.1,9.7,0.0,-5.1,-0.0,2703,1658,0,0,0
397,56.68,33281,406.26,406.23,-0.04,1.2,-3.1,9.7,0.0,-5.4,-0.0,2665,3666,0,1,-1
398,56.85,33278,406.23,406.21,-0.01,3.6,-1.0,9.7,0.0,-5.1,-0.0,2628,3633,0,3,-2
399,57.03,33275,406.19,406.18,-0.01,3.3,-1.0,9.7,0.0,-5.3,-0.0,2590,3596,0,2,-2
400,57.12,33273,406.16,406.17,0.00,4.2,0.0,9.7,0.0,-5.4,-0.0,2565,3568,0,3,-3
401,57.29,33271,406.14,406.14,0.00,4.6,0.0,9.7,0.0,-5.0,-0.0,2540,3546,0,3,-3
402,57.46,33269,406.12,406.12,0.00,4.5,0.0,9.7,0.0,-5.1,-0.0,2515,3526,0,3,-3
403,57.55,33267,406.09,406.11,0.01,5.2,1.0,9.7,0.0,-5.5,-0.0,2490,3498,0,3,-4
404,57.72,33266,406.08,406.08,0.00,4.2,0.0,9.7,0.0,-5.5,-0.0,2478,3488,0,2,-3
405,57.90,33263,406.04,406.06,0.01,5.2,1.0,9.7,0.0,-5.5,-0.0,2440,3452,0,3,-4
406,57.99,33263,406.04,406.04,0.00,3.8,0.0,9.7,0.0,-5.9,-0.0,2440,3451,0,2,-3
407,58.16,33260,406.01,406.02,0.01,5.3,1.0,9.7,0.0,-5.4,-0.0,2403,3414,0,3,-4
408,58.25,33258,405.98,406.01,0.02,6.0,2.0,9.7,0.0,-5.7,-0.0,2378,3388,0,3,-5
409,58.42,33254,405.93,405.98,0.05,8.6,4.1,9.7,0.0,-5.2,-0.0,2328,3335,0,3,-8
410,58.59,33254,405.93,405.96,0.02,6.1,2.0,9.7,0.0,-5.6,-0.0,2328,3339,0,2,-5
411,58.68,33254,405.93,405.94,0.01,4.9,1.0,9.7,0.0,-5.8,-0.0,2328,3338,0,2,-4
412,58.85,33252,405.91,405.92,0.01,5.4,1.0,9.7,0.0,-5.2,-0.0,2303,3316,0,2,-5
413,59.01,33250,405.88,405.89,0.01,5.4,1.0,9.7,-0.0,-5.3,-0.0,2278,3293,0,2,-5
414,59.17,33247,405.85,405.87,0.02,6.6,2.0,9.7,-0.0,-5.1,-0.0,2240,3254,0,2,-6
415,59.26,33247,405.85,405.86,0.01,5.1,1.0,9.7,-0.0,-5.6,-0.0,2240,3253,0,1,-5
416,59.43,33247,405.85,405.83,-0.01,3.1,-1.0,9.7,-0.0,-5.6,-0.0,2240,3255,0,1,-3
417,59.61,33242,405.79,405.81,0.02,5.8,2.0,9.7,0.0,-5.9,-0.0,2178,3189,0,1,-6
418,59.69,33242,405.79,405.79,0.01,5.0,1.0,9.7,0.0,-5.7,-0.0,2178,3190,0,1,-5
419,59.86,33245,405.82,405.77,-0.06,-1.0,-5.1,9.7,-0.0,-5.5,-0.0,2215,1188,0,0,1
420,60.04,33242,405.79,405.74,-0.05,-0.1,-4.1,9.7,-0.0,-5.7,-0.0,2178,1146,0,0,0
421,60.12,33242,405.79,405.73,-0.06,-0.8,-5.1,9.7,-0.0,-5.4,-0.0,2178,1147,0,0,1
422,60.28,33241,405.77,405.70,-0.07,-1.4,-6.1,9.7,-0.0,-4.9,-0.0,2165,1140,0,0,1
423,60.44,33242,405.79,405.68,-0.11,-4.9,-9.2,9.7,-0.0,-5.4,-0.0,2178,1153,0,-1,5
424,60.61,33239,405.75,405.66,-0.10,-4.0,-8.2,9.7,-0.0,-5.5,-0.0,2140,1110,0,-1,4
425,60.69,33239,405.75,405.64,-0.11,-5.4,-9.2,9.7,-0.0,-5.9,-0.0,2140,1111,0,-1,5
426,60.87,33237,405.73,405.62,-0.11,-5.1,-9.2,9.7,-0.0,-5.5,-0.0,2115,1085,0,0,5
427,61.04,33238,405.74,405.59,-0.15,-8.2,-12.3,9.6,-0.0,-5.6,-0.0,2128,1098,0,-1,8
428,61.12,33236,405.71,405.58,-0.13,-7.6,-11.2,9.6,-0.0,-6.0,-0.0,2103,1070,0,-1,7
429,61.30,33235,405.70,405.55,-0.15,-8.1,-12.3,9.6,-0.0,-5.5,-0.0,2090,1060,0,0,8
430,61.46,33236,405.71,405.53,-0.18,-11.5,-15.3,9.6,-0.0,-5.8,-0.0,2103,1076,0,-1,11
431,61.55,33236,405.71,405.51,-0.21,-13.9,-17.4,9.6,-0.0,-6.1,-0.0,2103,1077,0,-1,13
432,61.72,33234,405.69,405.49,-0.21,-13.2,-17.4,9.6,-0.0,-5.4,-0.0,2078,1048,0,0,13
433,61.89,33236,405.71,405.46,-0.26,-17.6,-21.5,9.6,-0.0,-5.7,-0.0,2103,1080,0,-1,17
434,61.99,33237,405.73,405.44,-0.28,-20.2,-23.5,9.6,-0.0,-6.3,-0.0,2115,1094,0,-2,19
435,62.15,33238,405.74,405.42,-0.32,-22.5,-26.6,9.6,-0.0,-5.5,-0.0,2128,1107,0,-3,22
436,62.32,33239,405.75,405.39,-0.35,-25.9,-29.7,9.6,-0.0,-5.8,-0.0,2140,1122,0,-4,25
437,62.40,33239,405.75,405.38,-0.37,-27.0,-30.7,9.6,-0.0,-5.8,-0.0,2140,1124,0,-4,26
438,62.57,33233,405.68,405.35,-0.32,-22.6,-26.6,9.6,-0.0,-5.6,-0.0,2065,1037,0,0,22
439,62.73,33232,405.66,405.33,-0.34,-24.7,-28.6,9.5,-0.0,-5.6,-0.0,2053,1020,0,0,24
440,62.82,33232,405.66,405.31,-0.35,-25.6,-29.7,9.5,-0.0,-5.5,-0.0,2053,1020,0,0,25
441,62.99,33232,405.66,405.29,-0.38,-28.0,-31.7,9.5,-0.0,-5.8,-0.0,2053,1018,0,0,27
442,63.15,33232,405.66,405.26,-0.40,-30.0,-33.8,9.5,-0.0,-5.7,-0.0,2053,1022,0,0,29
443,63.31,33232,405.66,405.24,-0.43,-32.2,-35.8,9.5,-0.0,-5.9,-0.0,2053,1029,0,0,31
444,63.40,33230,405.64,405.22,-0.42,-31.3,-34.8,9.5,-0.0,-6.0,-0.0,2028,1001,0,1,30
445,63.56,33226,405.59,405.20,-0.39,-28.8,-32.7,9.5,-0.0,-5.5,-0.0,1978,945,0,3,28
446,63.73,33226,405.59,405.17,-0.42,-31.2,-34.8,9.4,-0.0,-5.9,-0.0,1978,945,0,4,30
447,63.81,33225,405.58,405.16,-0.43,-32.4,-35.8,9.4,-0.0,-6.1,-0.0,1965,930,0,5,31
448,63.99,33219,405.51,405.13,-0.38,-28.2,-31.7,9.4,0.0,-5.9,-0.0,1890,847,0,7,26
449,64.16,33219,405.51,405.10,-0.40,-30.2,-33.8,9.4,0.0,-5.8,-0.0,1890,853,0,8,28
450,64.24,33219,405.51,405.09,-0.42,-31.0,-34.8,9.4,-0.0,-5.6,-0.0,1890,856,0,8,29
451,64.41,33215,405.46,405.06,-0.39,-29.0,-32.7,9.4,0.0,-5.6,-0.0,1840,800,0,9,26
452,64.58,33212,405.42,405.03,-0.39,-29.5,-32.7,9.4,0.0,-6.1,-0.0,1803,765,0,11,26
453,64.67,33209,405.38,405.02,-0.37,-27.6,-30.7,9.3,0.0,-6.2,-0.0,1765,726,0,12,24
454,64.84,33206,405.35,404.99,-0.35,-26.1,-29.7,9.3,0.0,-5.8,-0.0,1728,685,0,13,22
455,65.00,33203,405.31,404.96,-0.34,-25.0,-28.6,9.3,0.0,-5.7,-0.0,1690,648,0,13,20
456,65.17,33201,405.29,404.94,-0.34,-25.2,-28.6,9.3,0.0,-5.8,-0.0,1665,622,0,14,20
457,65.26,33197,405.24,404.92,-0.32,-23.6,-26.6,9.3,0.0,-6.3,-0.0,1615,568,0,15,17
458,65.43,33194,405.20,404.90,-0.31,-22.5,-25.6,9.3,0.0,-6.2,-0.0,1578,535,0,15,16
459,65.59,33190,405.15,404.87,-0.28,-20.5,-23.5,9.3,0.0,-6.2,-0.0,1528,480,0,15,13
460,65.67,33188,405.13,404.86,-0.27,-19.4,-22.5,9.3,0.0,-6.2,-0.0,1503,456,0,14,12
461,65.85,33181,405.04,404.83,-0.22,-15.3,-18.4,9.3,0.0,-6.2,-0.0,1415,361,0,13,8
462,66.02,33180,405.03,404.80,-0.23,-16.0,-19.4,9.2,0.0,-5.8,-0.0,1403,358,0,13,8
463,66.17,33176,404.98,404.77,-0.21,-14.0,-17.4,9.2,0.0,-5.8,-0.0,1353,306,0,12,6
464,66.26,33174,404.96,404.76,-0.20,-14.0,-16.4,9.2,0.0,-6.9,-0.0,1328,277,0,12,6
465,66.43,33173,404.94,404.73,-0.21,-14.3,-17.4,9.2,0.0,-6.1,-0.0,1315,274,0,13,6
466,66.60,33168,404.88,404.70,-0.18,-12.1,-15.3,9.2,0.0,-5.9,-0.0,1253,211,0,11,4
467,66.69,33168,404.88,404.69,-0.20,-13.9,-16.4,9.2,0.0,-6.7,-0.0,1253,209,0,13,4
468,66.85,33163,404.82,404.66,-0.16,-9.9,-13.3,9.2,0.0,-5.8,-0.0,1190,148,0,9,2
469,67.02,33158,404.76,404.63,-0.13,-8.0,-11.2,9.2,0.0,-6.0,-0.0,1128,81,0,8,1
470,67.11,33157,404.75,404.62,-0.13,-8.4,-11.2,9.2,0.0,-6.4,-0.0,1115,67,0,8,1
471,67.28,33154,404.71,404.59,-0.12,-7.4,-10.2,9.2,0.0,-6.4,-0.0,1078,33,0,7,0
472,67.43,33152,404.69,404.56,-0.12,-7.0,-10.2,9.2,0.0,-5.9,-0.0,1053,7,0,7,0
473,67.59,33152,404.69,404.54,-0.15,-9.0,-12.3,9.2,-0.0,-5.9,-0.0,1053,20,0,9,0
474,67.68,33150,404.66,404.52,-0.15,-9.5,-12.3,9.2,-0.0,-6.4,-0.0,1028,4087,0,9,0
475,67.84,33148,404.64,404.49,-0.15,-9.4,-12.3,9.2,-0.0,-6.3,-0.0,1003,4064,0,9,0
476,68.02,33146,404.61,404.46,-0.15,-9.8,-12.3,9.2,-0.0,-6.7,-0.0,978,4037,0,9,-1
477,68.10,33146,404.61,404.45,-0.17,-11.9,-14.3,9.2,-0.0,-6.8,-0.0,978,4040,0,12,-1
478,68.27,33138,404.52,404.42,-0.10,-5.2,-8.2,9.2,0.0,-6.2,-0.0,878,3930,0,5,-1
479,68.44,33138,404.52,404.39,-0.12,-7.2,-10.2,9.2,0.0,-6.1,-0.0,878,3934,0,7,-2
480,68.52,33135,404.48,404.38,-0.10,-5.6,-8.2,9.1,0.0,-6.5,-0.0,840,3892,0,5,-2
481,68.69,33134,404.47,404.35,-0.12,-7.3,-10.2,9.1,0.0,-6.2,-0.0,828,3882,0,7,-2
482,68.85,33132,404.44,404.32,-0.12,-7.4,-10.2,9.1,-0.0,-6.3,-0.0,803,3863,0,7,-3
483,69.01,33132,404.44,404.29,-0.15,-9.4,-12.3,9.1,-0.0,-6.3,-0.0,803,3866,0,9,-3
484,69.10,33131,404.43,404.28,-0.16,-11.1,-13.3,9.1,-0.0,-7.0,-0.0,790,3850,0,10,-4
485,69.27,33129,404.41,404.25,-0.16,-10.8,-13.3,9.1,-0.0,-6.6,-0.0,765,3828,0,10,-4
486,69.44,33129,404.41,404.22,-0.18,-12.4,-15.3,9.1,-0.0,-6.2,-0.0,765,3833,0,11,-5
487,69.52,33127,404.38,404.20,-0.18,-12.5,-15.3,9.1,-0.0,-6.3,-0.0,740,3805,0,11,-5
488,69.68,33122,404.32,404.18,-0.15,-9.4,-12.3,9.1,0.0,-6.2,-0.0,678,3735,0,8,-5
489,69.85,33122,404.32,404.15,-0.17,-12.1,-14.3,9.1,-0.0,-6.9,-0.0,678,3739,0,10,-6
490,70.03,33122,404.32,404.12,-0.21,-15.2,-17.4,9.1,-0.0,-6.9,-0.0,678,3739,0,13,-8
491,70.12,33121,404.31,404.10,-0.21,-15.3,-17.4,9.1,-0.0,-7.0,-0.0,665,3724,0,12,-8
492,70.29,33121,404.31,404.07,-0.23,-16.7,-19.4,9.1,-0.0,-6.4,-0.0,665,3731,0,14,-9
493,70.38,33118,404.27,404.06,-0.22,-16.5,-18.4,9.1,-0.0,-7.1,-0.0,628,3694,0,13,-9
494,70.55,33118,404.27,404.03,-0.24,-17.6,-20.5,9.1,-0.0,-6.2,-0.0,628,3694,0,14,-10
495,70.71,33118,404.27,404.00,-0.28,-20.6,-23.5,9.1,-0.0,-6.1,-0.0,628,3694,0,16,-12
496,70.87,33116,404.25,403.97,-0.28,-20.7,-23.5,9.0,-0.0,-6.2,-0.0,603,3668,0,16,-12
497,70.97,33116,404.25,403.95,-0.29,-22.6,-24.5,9.0,-0.0,-7.1,-0.0,603,3667,0,17,-13
498,71.13,33112,404.20,403.92,-0.28,-20.8,-23.5,9.0,-0.0,-6.2,-0.0,553,3616,0,15,-13
499,71.30,33112,404.20,403.89,-0.31,-22.8,-25.6,9.0,-0.0,-6.3,-0.0,553,3616,0,16,-15
500,71.39,33111,404.19,403.88,-0.32,-25.1,-26.6,9.0,-0.0,-7.5,-0.0,540,3600,0,18,-17
501,71.56,33110,404.17,403.85,-0.33,-25.1,-27.6,9.0,-0.0,-6.5,-0.0,528,3591,0,17,-17
502,71.71,33108,404.15,403.82,-0.33,-25.0,-27.6,9.0,-0.0,-6.4,-0.0,503,3568,0,17,-18
503,71.81,33106,404.13,403.80,-0.33,-25.9,-27.6,9.0,-0.0,-7.3,-0.0,478,3540,0,17,-19
504,71.98,33103,404.09,403.77,-0.32,-24.1,-26.6,9.0,-0.0,-6.4,-0.0,440,3499,0,14,-18
505,72.15,33101,404.06,403.74,-0.33,-25.1,-27.6,8.9,-0.0,-6.4,-0.0,415,3474,0,14,-20
506,72.23,33099,404.04,403.72,-0.32,-24.8,-26.6,8.9,0.0,-7.1,-0.0,390,3445,0,13,-20
507,72.40,33098,404.03,403.69,-0.33,-24.7,-27.6,8.9,0.0,-6.0,-0.0,378,3437,0,13,-20
508,72.56,33098,404.03,403.67,-0.37,-28.2,-30.7,8.9,-0.0,-6.5,-0.0,378,3440,0,15,-23
509,72.73,33090,403.93,403.63,-0.29,-22.7,-24.5,8.9,0.0,-7.0,-0.0,278,3331,0,9,-20
510,72.82,33089,403.92,403.62,-0.31,-23.6,-25.6,8.9,0.0,-6.9,-0.0,265,3318,0,8,-21
511,72.99,33086,403.88,403.59,-0.29,-22.8,-24.5,8.9,0.0,-7.2,-0.0,228,3281,0,7,-21
512,73.16,33087,403.89,403.56,-0.34,-26.6,-28.6,8.9,0.0,-6.9,-0.0,240,3296,0,9,-24
513,73.25,33084,403.86,403.54,-0.32,-24.7,-26.6,8.9,0.0,-7.0,-0.0,203,3254,0,7,-23
514,73.43,33080,403.81,403.51,-0.31,-23.5,-25.6,8.8,-0.0,-6.8,-0.0,153,3211,0,5,-22
515,73.51,33078,403.78,403.49,-0.29,-22.7,-24.5,8.8,0.0,-7.0,-0.0,128,3184,0,4,-22
516,73.69,33073,403.72,403.46,-0.27,-20.6,-22.5,8.8,0.0,-6.9,-0.0,65,3118,0,1,-20
517,73.85,33072,403.71,403.43,-0.28,-21.3,-23.5,8.8,0.0,-6.6,-0.0,53,3104,0,1,-21
518,74.02,33067,403.65,403.40,-0.26,-19.8,-21.5,8.8,0.0,-7.2,-0.0,4086,3042,0,-1,-19
519,74.11,33066,403.64,403.38,-0.26,-20.1,-21.5,8.8,0.0,-7.4,-0.0,4074,3028,0,-1,-19
520,74.27,33064,403.61,403.35,-0.26,-19.2,-21.5,8.8,0.0,-6.5,-0.0,4049,3009,0,-2,-19
521,74.43,33060,403.56,403.32,-0.24,-18.8,-20.5,8.8,0.0,-7.1,-0.0,3999,2955,0,-3,-18
522,74.53,33056,403.52,403.30,-0.21,-15.9,-17.4,8.8,0.0,-7.3,-0.0,3949,2899,0,-4,-15
523,74.69,33052,403.47,403.27,-0.20,-14.2,-16.4,8.8,0.0,-6.6,-0.0,3899,2853,0,-5,-13
524,74.86,33051,403.45,403.24,-0.21,-15.2,-17.4,8.8,0.0,-6.6,-0.0,3886,2842,0,-5,-14
525,74.94,33050,403.44,403.23,-0.22,-16.9,-18.4,8.8,0.0,-7.2,-0.0,3874,2828,0,-6,-15
526,75.12,33040,403.32,403.19,-0.12,-8.4,-10.2,8.7,0.0,-6.9,-0.0,3749,2695,0,-4,-7
527,75.29,33036,403.27,403.16,-0.11,-7.1,-9.2,8.7,0.0,-6.6,-0.0,3699,2652,0,-4,-5
528,75.38,33036,403.27,403.14,-0.12,-9.6,-10.2,8.7,0.0,-8.1,-0.0,3699,2648,0,-6,-7
529,75.55,33033,403.23,403.11,-0.12,-8.4,-10.2,8.7,0.0,-6.9,-0.0,3661,2611,0,-5,-6
530,75.72,33029,403.19,403.08,-0.11,-7.7,-9.2,8.7,0.0,-7.2,-0.0,3611,2563,0,-5,-5
531,75.79,33028,403.17,403.06,-0.11,-6.8,-9.2,8.7,0.0,-6.3,-0.0,3599,2559,0,-5,-5
532,75.96,33025,403.14,403.03,-0.10,-6.1,-8.2,8.7,0.0,-6.7,-0.0,3561,2521,0,-4,-4
533,76.12,33020,403.08,403.00,-0.07,-4.4,-6.1,8.7,0.0,-7.0,-0.0,3499,2450,0,-4,-2
534,76.29,33015,403.02,402.97,-0.05,-2.4,-4.1,8.7,0.0,-7.0,-0.0,3436,2389,0,-2,-1
535,76.38,33015,403.02,402.95,-0.06,-4.0,-5.1,8.7,0.0,-7.6,-0.0,3436,2389,0,-3,-2
536,76.55,33013,402.99,402.92,-0.07,-4.4,-6.1,8.7,0.0,-6.9,-0.0,3411,2368,0,-4,-2
537,76.72,33009,402.94,402.89,-0.05,-2.9,-4.1,8.7,0.0,-7.5,-0.0,3361,2315,0,-3,-1
538,76.80,33009,402.94,402.87,-0.07,-4.7,-6.1,8.7,0.0,-7.3,-0.0,3361,2320,0,-4,-2
539,76.98,33009,402.94,402.84,-0.10,-6.7,-8.2,8.7,-0.0,-7.2,-0.0,3361,2328,0,-6,-3
540,77.13,33007,402.92,402.81,-0.11,-7.4,-9.2,8.7,-0.0,-6.9,-0.0,3336,2303,0,-7,-3
541,77.23,33006,402.91,402.79,-0.11,-8.2,-9.2,8.7,-0.0,-7.7,-0.0,3324,2289,0,-7,-3
542,77.38,33003,402.87,402.76,-0.11,-7.8,-9.2,8.7,-0.0,-7.2,-0.0,3286,2253,0,-7,-2
543,77.55,33001,402.84,402.73,-0.11,-7.3,-9.2,8.7,-0.0,-6.8,-0.0,3261,2224,0,-7,-2
544,77.72,32996,402.78,402.70,-0.09,-6.0,-7.2,8.7,0.0,-7.5,-0.0,3199,2158,0,-6,-1
545,77.81,32996,402.78,402.68,-0.11,-8.3,-9.2,8.7,0.0,-7.8,-0.0,3199,2157,0,-8,-1
546,77.99,32993,402.75,402.64,-0.10,-6.7,-8.2,8.7,0.0,-7.2,-0.0,3161,2119,0,-6,-1
547,78.08,32994,402.76,402.63,-0.13,-10.9,-11.2,8.7,-0.0,-8.4,-0.0,3174,2135,0,-11,-1
548,78.24,32992,402.73,402.59,-0.15,-10.7,-12.3,8.7,-0.0,-7.1,-0.0,3149,2112,0,-10,-1
549,78.40,32990,402.71,402.56,-0.15,-11.0,-12.3,8.7,-0.0,-7.3,-0.0,3124,2091,0,-11,-1
550,78.56,32987,402.67,402.53,-0.15,-11.1,-12.3,8.7,-0.0,-7.5,-0.0,3086,2051,0,-11,0
551,78.65,32987,402.67,402.51,-0.16,-12.5,-13.3,8.6,-0.0,-7.8,-0.0,3086,2052,0,-12,0
552,78.82,32986,402.66,402.48,-0.18,-13.6,-15.3,8.6,-0.0,-6.9,-0.0,3074,2040,0,-13,0
553,78.99,32983,402.62,402.45,-0.18,-14.5,-15.3,8.6,-0.0,-7.8,-0.0,3036,1998,0,-14,1
554,79.08,32983,402.62,402.43,-0.20,-15.3,-16.4,8.6,-0.0,-7.5,-0.0,3036,2001,0,-15,1
555,79.24,32983,402.62,402.40,-0.23,-17.8,-19.4,8.6,-0.0,-7.0,-0.0,3036,2006,0,-17,1
556,79.41,32982,402.61,402.36,-0.24,-19.2,-20.5,8.6,-0.0,-7.3,-0.0,3024,1994,0,-19,2
557,79.57,32977,402.55,402.33,-0.22,-17.0,-18.4,8.6,-0.0,-7.2,-0.0,2961,1925,0,-16,3
558,79.66,32977,402.55,402.31,-0.23,-18.7,-19.4,8.6,-0.0,-7.8,-0.0,2961,1927,0,-18,3
559,79.83,32975,402.53,402.28,-0.24,-19.1,-20.5,8.6,-0.0,-7.2,-0.0,2936,1899,0,-18,4
560,80.01,32974,402.51,402.24,-0.27,-21.4,-22.5,8.6,-0.0,-7.5,-0.0,2924,1887,0,-20,5
561,80.09,32972,402.49,402.23,-0.26,-20.3,-21.5,8.6,-0.0,-7.4,-0.0,2899,1860,0,-19,6
562,80.26,32971,402.48,402.19,-0.28,-22.5,-23.5,8.6,-0.0,-7.5,-0.0,2886,1853,0,-21,6
563,80.43,32969,402.45,402.16,-0.29,-23.2,-24.5,8.5,-0.0,-7.2,-0.0,2861,1824,0,-21,8
564,80.51,32967,402.43,402.14,-0.28,-22.6,-23.5,8.5,-0.0,-7.7,-0.0,2836,1800,0,-20,8
565,80.69,32967,402.43,402.11,-0.32,-26.0,-26.6,8.5,-0.0,-7.9,-0.0,2836,1801,0,-23,9
566,80.85,32961,402.36,402.07,-0.28,-22.2,-23.5,8.5,-0.0,-7.2,-0.0,2761,1723,0,-19,10
567,80.94,32960,402.34,402.06,-0.28,-22.6,-23.5,8.5,0.0,-7.6,-0.0,2749,1708,0,-19,11
568,81.11,32957,402.31,402.02,-0.28,-22.5,-23.5,8.5,0.0,-7.5,-0.0,2711,1669,0,-18,12
569,81.29,32956,402.29,401.99,-0.31,-24.6,-25.6,8.5,0.0,-7.5,-0.0,2699,1659,0,-20,13
570,81.38,32953,402.26,401.97,-0.29,-24.5,-24.5,8.5,0.0,-8.5,-0.0,2661,1614,0,-19,15
571,81.54,32950,402.22,401.93,-0.29,-23.6,-24.5,8.5,-0.0,-7.5,-0.0,2624,1584,0,-17,15
572,81.72,32945,402.16,401.90,-0.26,-20.7,-21.5,8.5,0.0,-7.7,-0.0,2561,1515,0,-14,15
573,81.81,32943,402.14,401.88,-0.26,-20.9,-21.5,8.4,0.0,-7.9,-0.0,2536,1491,0,-13,15
574,81.97,32940,402.10,401.85,-0.26,-20.2,-21.5,8.4,0.0,-7.2,-0.0,2499,1453,0,-12,16
575,82.14,32938,402.08,401.81,-0.27,-21.4,-22.5,8.4,0.0,-7.3,-0.0,2474,1431,0,-12,17
576,82.23,32937,402.06,401.79,-0.27,-22.2,-22.5,8.4,0.0,-8.1,-0.0,2461,1417,0,-12,18
577,82.40,32932,402.00,401.76,-0.24,-19.0,-20.5,8.4,0.0,-7.0,-0.0,2399,1357,0,-9,16
578,82.56,32929,401.97,401.73,-0.24,-19.3,-20.5,8.4,0.0,-7.2,-0.0,2361,1320,0,-8,17
579,82.64,32926,401.93,401.71,-0.22,-17.8,-18.4,8.4,0.0,-7.7,-0.0,2324,1279,0,-7,16
580,82.81,32921,401.87,401.67,-0.20,-15.2,-16.4,8.4,0.0,-7.3,-0.0,2261,1213,0,-4,14
581,82.99,32915,401.79,401.64,-0.16,-12.8,-13.3,8.4,0.0,-7.9,-0.0,2186,1131,0,-2,12
582,83.08,32915,401.79,401.62,-0.17,-14.7,-14.3,8.4,0.0,-8.8,-0.0,2186,1133,0,-2,14
583,83.25,32912,401.76,401.58,-0.17,-13.3,-14.3,8.4,0.0,-7.3,-0.0,2149,1101,0,-2,13
584,83.41,32911,401.75,401.55,-0.20,-15.8,-16.4,8.4,0.0,-7.8,-0.0,2136,1094,0,-2,15
585,83.57,32907,401.70,401.51,-0.18,-14.7,-15.3,8.4,-0.0,-7.7,-0.0,2086,1047,0,-1,14
586,83.66,32905,401.67,401.50,-0.17,-14.3,-14.3,8.3,-0.0,-8.3,-0.0,2061,1021,0,0,14
587,83.84,32899,401.60,401.46,-0.13,-10.5,-11.2,8.3,0.0,-7.6,-0.0,1986,941,0,1,10
588,83.93,32895,401.55,401.44,-0.11,-9.2,-9.2,8.3,0.0,-8.4,-0.0,1936,885,0,2,9
589,84.10,32893,401.53,401.41,-0.12,-9.6,-10.2,8.3,0.0,-7.8,-0.0,1911,861,0,2,9
590,84.26,32889,401.48,401.37,-0.11,-8.8,-9.2,8.3,0.0,-7.9,-0.0,1861,810,0,3,8
591,84.36,32886,401.44,401.35,-0.09,-7.4,-7.2,8.3,0.0,-8.5,-0.0,1824,770,0,3,7
592,84.52,32886,401.44,401.32,-0.12,-9.4,-10.2,8.3,0.0,-7.5,-0.0,1824,782,0,3,9
593,84.70,32882,401.39,401.28,-0.11,-8.7,-9.2,8.3,-0.0,-7.8,-0.0,1774,734,0,4,8
594,84.79,32877,401.33,401.26,-0.07,-5.9,-6.1,8.3,0.0,-8.1,-0.0,1711,663,0,3,5
595,84.96,32874,401.29,401.22,-0.07,-5.5,-6.1,8.3,0.0,-7.7,-0.0,1674,628,0,3,4
596,85.12,32871,401.26,401.19,-0.07,-5.4,-6.1,8.3,0.0,-7.6,-0.0,1636,590,0,3,4
597,85.21,32870,401.25,401.17,-0.07,-5.9,-6.1,8.3,0.0,-8.1,-0.0,1624,576,0,4,4
598,85.38,32868,401.22,401.13,-0.09,-6.7,-7.2,8.3,0.0,-7.9,-0.0,1599,554,0,4,5
599,85.55,32864,401.17,401.10,-0.07,-5.6,-6.1,8.3,0.0,-7.8,-0.0,1549,507,0,4,4
600,85.64,32864,401.17,401.08,-0.10,-8.5,-8.2,8.3,-0.0,-8.7,-0.0,1549,509,0,6,6
601,85.80,32863,401.16,401.04,-0.12,-9.3,-10.2,8.3,-0.0,-7.4,-0.0,1536,501,0,7,6
602,85.97,32860,401.12,401.01,-0.11,-8.2,-9.2,8.3,-0.0,-7.3,-0.0,1499,461,0,6,5
603,86.13,32855,401.06,400.97,-0.09,-6.8,-7.2,8.3,0.0,-7.9,-0.0,1436,395,0,5,4
604,86.21,32855,401.06,400.95,-0.11,-9.1,-9.2,8.3,-0.0,-8.2,-0.0,1436,398,0,7,5
605,86.39,32856,401.07,400.92,-0.16,-13.1,-13.3,8.3,-0.0,-8.1,-0.0,1449,414,0,10,8
606,86.55,32852,401.03,400.88,-0.15,-11.7,-12.3,8.3,-0.0,-7.7,-0.0,1399,363,0,10,6
607,86.65,32850,401.00,400.86,-0.15,-13.2,-12.3,8.3,-0.0,-9.1,-0.0,1374,333,0,11,6
608,86.81,32849,400.99,400.82,-0.16,-12.9,-13.3,8.3,-0.0,-7.9,-0.0,1361,328,0,11,6
609,86.99,32845,400.94,400.79,-0.16,-13.5,-13.3,8.2,-0.0,-8.4,-0.0,1311,272,0,12,5
610,87.08,32843,400.92,400.77,-0.15,-12.8,-12.3,8.2,0.0,-8.8,-0.0,1286,241,0,12,4
611,87.25,32844,400.93,400.73,-0.20,-15.8,-16.4,8.2,-0.0,-7.7,-0.0,1299,264,0,14,6
612,87.41,32843,400.92,400.69,-0.22,-18.5,-18.4,8.2,-0.0,-8.3,-0.0,1286,253,0,17,7
613,87.50,32843,400.92,400.68,-0.24,-20.5,-20.5,8.2,-0.0,-8.3,-0.0,1286,253,0,18,8
614,87.67,32842,400.90,400.64,-0.27,-22.4,-22.5,8.2,-0.0,-8.1,-0.0,1274,246,0,20,8
615,87.83,32841,400.89,400.60,-0.29,-25.1,-24.5,8.2,-0.0,-8.8,-0.0,1261,232,0,23,8
616,87.93,32839,400.87,400.58,-0.28,-24.3,-23.5,8.2,-0.0,-9.0,-0.0,1236,204,0,22,7
617,88.09,32837,400.84,400.55,-0.29,-24.2,-24.5,8.2,-0.0,-7.9,-0.0,1211,178,0,23,6
618,88.26,32837,400.84,400.51,-0.33,-27.7,-27.6,8.2,-0.0,-8.3,-0.0,1211,178,0,26,7
619,88.35,32837,400.84,400.49,-0.35,-30.3,-29.7,8.2,-0.0,-8.8,-0.0,1211,179,0,28,8
620,88.52,32832,400.78,400.45,-0.33,-27.2,-27.6,8.1,-0.0,-7.8,-0.0,1149,112,0,26,5
621,88.69,32832,400.78,400.41,-0.37,-30.7,-30.7,8.1,-0.0,-8.2,-0.0,1149,116,0,29,5
622,88.85,32831,400.77,400.38,-0.39,-32.9,-32.7,8.1,-0.0,-8.3,-0.0,1136,103,0,32,5
623,88.94,32831,400.77,400.36,-0.42,-35.5,-34.8,8.1,-0.0,-8.9,-0.0,1136,102,0,34,5
624,89.11,32827,400.72,400.32,-0.40,-33.5,-33.8,8.1,-0.0,-7.8,-0.0,1086,49,0,32,2
625,89.28,32823,400.67,400.28,-0.39,-32.3,-32.7,8.1,-0.0,-7.7,-0.0,1036,4095,0,31,0
626,89.37,32821,400.65,400.26,-0.38,-32.5,-31.7,8.1,-0.0,-8.9,-0.0,1011,4065,0,31,-1
627,89.53,32819,400.62,400.22,-0.40,-33.8,-33.8,8.1,-0.0,-8.1,-0.0,986,4041,0,33,-3
628,89.71,32816,400.59,400.19,-0.40,-34.1,-33.8,8.0,0.0,-8.4,-0.0,949,4000,0,33,-5
629,89.79,32814,400.56,400.17,-0.39,-33.4,-32.7,8.0,0.0,-8.7,-0.0,924,3976,0,32,-6
630,89.97,32812,400.54,400.13,-0.42,-35.5,-34.8,8.0,-0.0,-8.7,-0.0,899,3954,0,34,-7
631,90.14,32805,400.45,400.09,-0.37,-31.0,-30.7,8.0,0.0,-8.3,-0.0,811,3862,0,28,-11
632,90.23,32804,400.44,400.07,-0.37,-31.8,-30.7,8.0,0.0,-9.1,-0.0,799,3847,0,29,-11
633,90.39,32801,400.40,400.03,-0.37,-30.8,-30.7,8.0,0.0,-8.1,-0.0,761,3812,0,27,-13
634,90.57,32796,400.34,399.99,-0.35,-29.9,-29.7,8.0,0.0,-8.2,-0.0,699,3746,0,25,-15
635,90.66,32793,400.31,399.97,-0.33,-29.2,-27.6,7.9,0.0,-9.6,-0.0,661,3701,0,23,-16
636,90.82,32788,400.24,399.93,-0.31,-25.9,-25.6,7.9,0.0,-8.2,-0.0,599,3646,0,19,-16
637,91.00,32783,400.18,399.89,-0.29,-25.3,-24.5,7.9,0.0,-8.7,-0.0,536,3578,0,17,-17
638,91.09,32780,400.15,399.87,-0.27,-23.2,-22.5,7.9,0.0,-8.7,-0.0,499,3539,0,15,-17
639,91.25,32776,400.10,399.84,-0.26,-21.7,-21.5,7.9,0.0,-8.1,-0.0,449,3493,0,13,-17
640,91.42,32767,399.99,399.80,-0.20,-16.6,-16.4,7.9,0.0,-8.2,-0.0,336,3373,0,7,-14
641,91.51,32766,399.98,399.78,-0.20,-17.5,-16.4,7.9,0.0,-9.0,-0.0,324,3361,0,7,-15
642,91.68,32760,399.90,399.74,-0.16,-13.9,-13.3,7.9,0.0,-8.5,-0.0,249,3287,0,4,-13
643,91.85,32759,399.89,399.70,-0.20,-16.5,-16.4,7.9,0.0,-8.1,-0.0,236,3281,0,5,-15
644,91.93,32754,399.83,399.68,-0.15,-13.3,-12.3,7.9,0.0,-8.9,-0.0,174,3212,0,3,-13
645,92.10,32748,399.76,399.64,-0.11,-9.4,-9.2,7.9,0.0,-8.1,-0.0,99,3144,0,1,-9
646,92.26,32742,399.68,399.61,-0.07,-6.4,-6.1,7.9,0.0,-8.1,-0.0,24,3067,0,0,-6
647,92.34,32741,399.67,399.59,-0.09,-7.9,-7.2,7.9,0.0,-8.6,-0.0,11,3054,0,0,-8
648,92.51,32731,399.55,399.55,0.00,-0.4,0.0,7.9,0.0,-8.2,-0.0,3982,2917,0,0,0
649,92.69,32730,399.54,399.51,-0.02,-2.3,-2.0,7.9,0.0,-8.1,-0.0,3970,2917,0,-1,-2
650,92.77,32727,399.50,399.49,-0.01,-2.3,-1.0,7.9,0.0,-9.1,-0.0,3932,2875,0,-1,-2
651,92.93,32721,399.43,399.45,0.02,1.1,2.0,7.9,0.0,-8.8,-0.0,3857,753,0,0,1
652,93.09,32721,399.43,399.41,-0.01,-1.7,-1.0,7.9,0.0,-8.6,-0.0,3857,2810,0,-1,-2
653,93.27,32717,399.38,399.37,0.00,-1.3,0.0,7.9,0.0,-9.1,-0.0,3807,2760,0,-1,-1
654,93.35,32715,399.35,399.35,0.00,-1.0,0.0,7.9,0.0,-8.9,-0.0,3782,2735,0,0,-1
655,93.52,32710,399.29,399.31,0.02,1.7,2.0,7.9,0.0,-8.2,-0.0,3720,628,0,1,1
656,93.69,32705,399.23,399.27,0.04,2.0,3.1,7.9,0.0,-8.9,-0.0,3657,560,0,1,1
657,93.78,32702,399.19,399.25,0.06,3.9,5.1,7.9,0.0,-9.1,-0.0,3620,519,0,3,3
658,93.95,32699,399.16,399.21,0.05,2.9,4.1,7.9,0.0,-9.1,-0.0,3582,482,0,2,2
659,94.11,32697,399.13,399.18,0.04,2.7,3.1,7.9,0.0,-8.3,-0.0,3557,462,0,2,2
660,94.27,32696,399.12,399.14,0.01,0.5,1.0,7.9,-0.0,-8.4,-0.0,3545,458,0,0,0
661,94.36,32693,399.08,399.12,0.04,1.5,3.1,7.9,0.0,-9.4,-0.0,3507,415,0,1,1
662,94.54,32691,399.06,399.07,0.01,0.2,1.0,7.9,-0.0,-8.7,-0.0,3482,395,0,0,0
663,94.63,32688,399.02,399.05,0.02,0.1,2.0,7.9,-0.0,-9.9,-0.0,3445,354,0,0,0
664,94.78,32685,398.99,399.02,0.02,1.6,2.0,7.9,-0.0,-8.3,-0.0,3407,318,0,1,1
665,94.96,32683,398.96,398.98,0.01,-0.1,1.0,7.9,0.0,-9.0,-0.0,3382,2338,0,0,0
666,95.11,32681,398.94,398.94,0.00,-0.6,0.0,7.9,-0.0,-8.5,-0.0,3357,2315,0,-1,0
667,95.20,32679,398.91,398.92,0.00,-1.5,0.0,7.9,-0.0,-9.3,-0.0,3332,2289,0,-1,-1
668,95.37,32678,398.90,398.88,-0.02,-3.0,-2.0,7.9,-0.0,-8.8,-0.0,3320,2284,0,-3,-1
669,95.54,32677,398.89,398.83,-0.05,-5.2,-4.1,7.9,-0.0,-8.9,-0.0,3307,2271,0,-5,-2
670,95.63,32677,398.89,398.81,-0.07,-7.8,-6.1,7.9,-0.0,-9.5,-0.0,3307,2273,0,-7,-3
671,95.80,32674,398.85,398.77,-0.09,-7.7,-7.2,7.9,-0.0,-8.4,-0.0,3270,2236,0,-7,-2
672,95.97,32674,398.85,398.73,-0.12,-11.2,-10.2,7.9,-0.0,-8.8,-0.0,3270,2240,0,-10,-3
673,96.05,32673,398.84,398.71,-0.13,-12.8,-11.2,7.9,-0.0,-9.4,-0.0,3257,2225,0,-12,-3
674,96.23,32670,398.80,398.67,-0.13,-12.4,-11.2,7.9,-0.0,-9.0,-0.0,3220,2186,0,-12,-3
675,96.40,32670,398.80,398.63,-0.17,-15.5,-14.3,7.8,-0.0,-9.0,-0.0,3220,2185,0,-15,-3
676,96.49,32669,398.79,398.61,-0.18,-16.7,-15.3,7.8,-0.0,-9.2,-0.0,3207,2175,0,-16,-3
677,96.66,32665,398.74,398.57,-0.17,-15.1,-14.3,7.8,-0.0,-8.6,-0.0,3157,2120,0,-15,-2
678,96.83,32664,398.73,398.52,-0.21,-18.6,-17.4,7.8,-0.0,-9.1,-0.0,3145,2112,0,-18,-2
679,96.92,32665,398.74,398.50,-0.24,-22.3,-20.5,7.8,-0.0,-9.7,-0.0,3157,2125,0,-21,-3
680,97.09,32666,398.75,398.46,-0.29,-25.4,-24.5,7.8,-0.0,-8.7,-0.0,3170,2140,0,-24,-3
681,97.27,32662,398.71,398.42,-0.28,-25.1,-23.5,7.8,-0.0,-9.4,-0.0,3120,2088,0,-24,-1
682,97.35,32662,398.71,398.40,-0.31,-27.3,-25.6,7.8,-0.0,-9.6,-0.0,3120,2091,0,-26,-2
683,97.52,32659,398.67,398.36,-0.32,-28.1,-26.6,7.8,-0.0,-9.3,-0.0,3082,2050,0,-27,0
684,97.69,32659,398.67,398.32,-0.35,-30.8,-29.7,7.8,-0.0,-8.9,-0.0,3082,2049,0,-30,0
685,97.78,32657,398.65,398.29,-0.35,-31.4,-29.7,7.8,-0.0,-9.5,-0.0,3057,2019,0,-30,1
686,97.95,32653,398.60,398.25,-0.34,-29.9,-28.6,7.7,-0.0,-9.0,-0.0,3007,1970,0,-29,3
687,98.12,32652,398.58,398.21,-0.38,-33.2,-31.7,7.7,-0.0,-9.2,-0.0,2995,1957,0,-32,4
688,98.21,32652,398.58,398.19,-0.39,-34.8,-32.7,7.7,-0.0,-9.8,-0.0,2995,1960,0,-33,5
689,98.38,32649,398.55,398.15,-0.40,-35.1,-33.8,7.7,-0.0,-9.1,-0.0,2957,1918,0,-33,7
690,98.55,32646,398.51,398.10,-0.40,-35.9,-33.8,7.7,-0.0,-9.8,-0.0,2920,1882,0,-34,9
691,98.63,32646,398.51,398.08,-0.43,-37.5,-35.8,7.7,-0.0,-9.4,-0.0,2920,1885,0,-35,9
692,98.81,32640,398.44,398.04,-0.39,-34.3,-32.7,7.7,-0.0,-9.3,-0.0,2845,1803,0,-31,12
693,98.98,32636,398.39,398.00,-0.39,-33.9,-32.7,7.6,0.0,-8.8,-0.0,2795,1751,0,-30,14
694,99.06,32635,398.38,397.98,-0.40,-36.0,-33.8,7.6,0.0,-9.9,-0.0,2782,1736,0,-31,16
695,99.24,32631,398.33,397.93,-0.39,-35.0,-32.7,7.6,0.0,-9.9,-0.0,2732,1684,0,-29,18
696,99.41,32623,398.23,397.89,-0.34,-30.2,-28.6,7.6,0.0,-9.2,-0.0,2632,1576,0,-22,19
697,99.50,32620,398.19,397.87,-0.32,-28.9,-26.6,7.6,0.0,-9.9,-0.0,2595,1539,0,-20,20
698,99.67,32616,398.14,397.83,-0.32,-27.9,-26.6,7.6,0.0,-8.9,-0.0,2545,1493,0,-18,20
699,99.84,32613,398.11,397.79,-0.32,-28.4,-26.6,7.6,0.0,-9.4,-0.0,2507,1453,0,-17,22
700,99.91,32611,398.08,397.77,-0.32,-27.4,-26.6,7.6,0.0,-8.3,-0.0,2482,1431,0,-15,22
701,100.08,32605,398.01,397.72,-0.28,-24.6,-23.5,7.5,0.0,-8.6,-0.0,2407,1358,0,-12,21
702,100.25,32600,397.95,397.68,-0.27,-23.9,-22.5,7.5,0.0,-8.9,-0.0,2345,1294,0,-9,21
703,100.34,32600,397.95,397.66,-0.29,-27.2,-24.5,7.5,0.0,-10.1,-0.0,2345,1295,0,-11,24
704,100.51,32592,397.85,397.62,-0.23,-20.9,-19.4,7.5,0.0,-9.0,-0.0,2245,1190,0,-5,20
705,100.67,32588,397.80,397.58,-0.23,-20.8,-19.4,7.5,0.0,-8.8,-0.0,2195,1142,0,-4,20
706,100.76,32585,397.77,397.55,-0.21,-19.8,-17.4,7.5,0.0,-9.9,-0.0,2157,1101,0,-2,19
707,100.94,32579,397.69,397.51,-0.18,-17.2,-15.3,7.5,0.0,-9.3,-0.0,2082,1027,0,0,17
708,101.10,32570,397.58,397.47,-0.11,-10.7,-9.2,7.5,0.0,-9.0,-0.0,1970,908,0,2,10
709,101.27,32565,397.52,397.42,-0.10,-10.5,-8.2,7.5,0.0,-9.8,-0.0,1907,844,0,3,10
710,101.36,32564,397.51,397.40,-0.11,-11.4,-9.2,7.5,0.0,-9.6,-0.0,1895,834,0,3,11
711,101.53,32558,397.44,397.36,-0.07,-8.0,-6.1,7.5,0.0,-9.4,-0.0,1820,762,0,3,7
712,101.62,32554,397.39,397.34,-0.05,-6.7,-4.1,7.5,0.0,-10.1,-0.0,1770,706,0,3,6
713,101.79,32550,397.34,397.29,-0.05,-5.5,-4.1,7.5,0.0,-8.9,-0.0,1720,668,0,3,5
714,101.94,32543,397.25,397.25,0.00,-1.9,0.0,7.5,0.0,-9.4,-0.0,1632,575,0,1,1
715,102.12,32541,397.23,397.21,-0.02,-4.0,-2.0,7.5,0.0,-9.4,-0.0,1607,551,0,3,3
716,102.21,32538,397.19,397.19,0.00,-2.9,0.0,7.5,0.0,-10.3,-0.0,1570,513,0,2,2
717,102.38,32526,397.05,397.14,0.10,6.1,8.2,7.5,0.0,-9.6,-0.0,1420,2406,0,-5,-3
718,102.54,32524,397.02,397.10,0.09,5.9,7.2,7.5,0.0,-8.7,-0.0,1395,2386,0,-5,-3
719,102.62,32524,397.02,397.08,0.06,3.1,5.1,7.5,0.0,-9.5,-0.0,1395,2391,0,-3,-2
720,102.79,32520,396.97,397.04,0.06,3.3,5.1,7.5,0.0,-9.3,-0.0,1345,2338,0,-3,-1
721,102.96,32512,396.88,396.99,0.12,8.5,10.2,7.5,0.0,-9.2,-0.0,1245,2240,0,-8,-2
722,103.05,32511,396.86,396.97,0.11,6.1,9.2,7.5,0.0,-10.6,-0.0,1232,2231,0,-6,-2
723,103.23,32508,396.83,396.93,0.10,5.5,8.2,7.5,0.0,-10.1,-0.0,1195,2194,0,-5,-1
724,103.38,32504,396.78,396.89,0.11,7.6,9.2,7.5,0.0,-9.1,-0.0,1145,2142,0,-7,-1
725,103.55,32504,396.78,396.84,0.06,2.8,5.1,7.5,-0.0,-9.9,-0.0,1145,2150,0,-3,0
726,103.64,32503,396.77,396.82,0.05,1.3,4.1,7.5,-0.0,-10.3,-0.0,1132,2142,0,-1,0
727,103.81,32500,396.73,396.77,0.05,2.0,4.1,7.5,-0.0,-9.6,-0.0,1095,2104,0,-2,0
728,103.97,32495,396.67,396.73,0.06,3.0,5.1,7.5,-0.0,-9.6,-0.0,1032,2036,0,-3,0
729,104.05,32492,396.63,396.71,0.09,5.7,7.2,7.5,-0.0,-9.0,-0.0,995,2002,0,-6,0
730,104.22,32489,396.59,396.67,0.07,4.0,6.1,7.5,0.0,-9.6,-0.0,957,1958,0,-4,1
731,104.39,32488,396.58,396.62,0.04,1.4,3.1,7.5,-0.0,-9.2,-0.0,945,1950,0,-1,0
732,104.48,32484,396.53,396.60,0.07,3.7,6.1,7.5,0.0,-9.9,-0.0,895,1894,0,-3,1
733,104.64,32482,396.51,396.56,0.05,2.4,4.1,7.5,-0.0,-9.2,-0.0,870,1875,0,-2,1
734,104.80,32478,396.46,396.52,0.06,3.3,5.1,7.5,-0.0,-9.4,-0.0,820,1825,0,-3,1
735,104.98,32475,396.42,396.47,0.05,1.8,4.1,7.5,-0.0,-9.8,-0.0,782,1786,0,-2,1
736,105.07,32473,396.40,396.45,0.05,1.3,4.1,7.5,0.0,-10.3,-0.0,757,1757,0,-1,1
737,105.23,32470,396.36,396.40,0.04,1.0,3.1,7.5,-0.0,-9.5,-0.0,720,1726,0,-1,0
738,105.40,32470,396.36,396.36,0.00,-2.0,0.0,7.5,-0.0,-9.6,-0.0,720,3776,0,2,-1
739,105.48,32470,396.36,396.34,-0.02,-3.1,-2.0,7.5,-0.0,-8.6,-0.0,720,3781,0,3,-1
740,105.65,32469,396.35,396.29,-0.06,-7.5,-5.1,7.5,-0.0,-9.9,-0.0,707,3770,0,6,-3
741,105.81,32466,396.31,396.25,-0.06,-7.2,-5.1,7.5,-0.0,-9.6,-0.0,670,3733,0,6,-4
742,105.90,32466,396.31,396.23,-0.09,-10.2,-7.2,7.5,-0.0,-10.5,-0.0,670,3735,0,8,-5
743,106.07,32463,396.28,396.18,-0.10,-10.8,-8.2,7.5,-0.0,-10.1,-0.0,632,3693,0,8,-6
744,106.24,32462,396.26,396.14,-0.13,-13.4,-11.2,7.5,-0.0,-9.6,-0.0,620,3680,0,10,-8
745,106.33,32460,396.24,396.11,-0.12,-13.0,-10.2,7.5,-0.0,-10.3,-0.0,595,3653,0,10,-8
746,106.48,32460,396.24,396.07,-0.17,-16.0,-14.3,7.5,-0.0,-9.2,-0.0,595,3659,0,12,-10
747,106.65,32458,396.22,396.03,-0.20,-18.4,-16.4,7.5,-0.0,-9.5,-0.0,570,3632,0,13,-12
748,106.82,32457,396.20,395.98,-0.22,-20.9,-18.4,7.5,-0.0,-10.0,-0.0,557,3620,0,15,-14
749,106.91,32455,396.18,395.96,-0.22,-21.1,-18.4,7.5,-0.0,-10.2,-0.0,532,3593,0,15,-14
750,107.07,32453,396.15,395.91,-0.24,-22.5,-20.5,7.5,-0.0,-9.6,-0.0,507,3569,0,15,-16
751,107.24,32452,396.14,395.87,-0.27,-24.6,-22.5,7.5,-0.0,-9.6,-0.0,495,3558,0,16,-18
752,107.33,32452,396.14,395.85,-0.29,-27.2,-24.5,7.4,-0.0,-10.1,-0.0,495,3558,0,18,-19
753,107.50,32450,396.12,395.80,-0.32,-29.2,-26.6,7.4,-0.0,-10.1,-0.0,470,3531,0,18,-22
754,107.67,32451,396.13,395.75,-0.38,-33.9,-31.7,7.4,-0.0,-9.6,-0.0,482,3551,0,22,-24
755,107.76,32448,396.09,395.73,-0.37,-33.7,-30.7,7.4,-0.0,-10.4,-0.0,445,3509,0,20,-26
756,107.93,32447,396.08,395.68,-0.40,-35.8,-33.8,7.4,-0.0,-9.5,-0.0,432,3497,0,21,-28
757,108.09,32442,396.02,395.64,-0.38,-34.1,-31.7,7.4,-0.0,-9.8,-0.0,370,3430,0,17,-28
758,108.18,32440,396.00,395.61,-0.38,-35.3,-31.7,7.4,-0.0,-10.9,-0.0,345,3401,0,17,-30
759,108.35,32437,395.96,395.57,-0.39,-34.9,-32.7,7.4,-0.0,-9.5,-0.0,307,3359,0,14,-31
760,108.52,32434,395.92,395.52,-0.40,-37.1,-33.8,7.3,-0.0,-10.6,-0.0,270,3321,0,13,-33
761,108.69,32429,395.86,395.48,-0.38,-34.4,-31.7,7.3,0.0,-10.0,-0.0,207,3257,0,9,-32
762,108.78,32427,395.84,395.45,-0.38,-35.2,-31.7,7.3,0.0,-10.8,-0.0,182,3230,0,8,-33
763,108.94,32425,395.81,395.41,-0.40,-36.5,-33.8,7.3,-0.0,-10.0,-0.0,157,3211,0,7,-35
764,109.12,32419,395.74,395.36,-0.38,-34.7,-31.7,7.3,0.0,-10.2,-0.0,82,3129,0,3,-33
765,109.21,32417,395.72,395.34,-0.38,-35.3,-31.7,7.3,0.0,-10.9,-0.0,57,3102,0,2,-34
766,109.37,32409,395.62,395.29,-0.33,-30.3,-27.6,7.3,0.0,-9.9,-0.0,4053,3000,0,-3,-29
767,109.47,32408,395.61,395.27,-0.34,-32.5,-28.6,7.2,0.0,-11.1,-0.0,4041,2986,0,-4,-31
768,109.63,32402,395.53,395.22,-0.32,-29.3,-26.6,7.2,0.0,-9.9,-0.0,3966,2909,0,-7,-28
769,109.80,32398,395.48,395.18,-0.31,-27.8,-25.6,7.2,0.0,-9.5,-0.0,3916,2863,0,-8,-26
770,109.97,32394,395.43,395.13,-0.31,-28.0,-25.6,7.2,0.0,-9.6,-0.0,3866,2813,0,-10,-25
771,110.05,32389,395.37,395.11,-0.27,-25.9,-22.5,7.2,0.0,-10.6,-0.0,3803,2748,0,-12,-22
772,110.22,32387,395.35,395.06,-0.29,-27.7,-24.5,7.2,0.0,-10.3,-0.0,3778,2726,0,-14,-23
773,110.39,32376,395.21,395.01,-0.21,-20.4,-17.4,7.2,0.0,-10.2,-0.0,3641,2584,0,-13,-14
774,110.48,32374,395.19,394.99,-0.21,-21.0,-17.4,7.2,0.0,-10.8,-0.0,3616,2554,0,-15,-14
775,110.64,32368,395.12,394.94,-0.17,-16.9,-14.3,7.2,0.0,-9.7,-0.0,3541,2480,0,-13,-10
776,110.81,32363,395.06,394.89,-0.16,-16.7,-13.3,7.2,0.0,-10.5,-0.0,3478,2414,0,-14,-9
777,110.90,32359,395.01,394.87,-0.13,-14.6,-11.2,7.2,0.0,-10.6,-0.0,3428,2361,0,-13,-7
778,111.08,32355,394.96,394.82,-0.13,-14.5,-11.2,7.2,0.0,-10.4,-0.0,3378,2323,0,-13,-6
779,111.25,32348,394.87,394.77,-0.10,-11.3,-8.2,7.1,0.0,-10.3,-0.0,3291,2233,0,-10,-3
780,111.34,32344,394.82,394.75,-0.07,-9.8,-6.1,7.1,0.0,-10.8,-0.0,3241,2180,0,-9,-2
781,111.51,32338,394.75,394.70,-0.05,-7.2,-4.1,7.1,0.0,-10.3,-0.0,3166,2106,0,-7,-1
782,111.68,32336,394.73,394.65,-0.07,-9.3,-6.1,7.1,0.0,-10.3,-0.0,3141,2088,0,-9,-1
783,111.77,32330,394.65,394.63,-0.02,-6.0,-2.0,7.1,0.0,-11.1,-0.0,3066,2003,0,-6,0
784,111.93,32325,394.59,394.58,-0.01,-3.7,-1.0,7.1,0.0,-9.8,-0.0,3003,1947,0,-4,1
785,112.10,32320,394.53,394.54,0.00,-2.9,0.0,7.1,0.0,-10.0,-0.0,2941,1885,0,-3,1
786,112.19,32316,394.48,394.51,0.02,-2.0,2.0,7.1,0.0,-11.2,-0.0,2891,1832,0,-2,1
787,112.36,32310,394.41,394.46,0.05,1.2,4.1,7.1,0.0,-10.0,-0.0,2816,3803,0,1,-1
788,112.53,32306,394.36,394.42,0.06,1.9,5.1,7.1,0.0,-10.4,-0.0,2766,3761,0,2,-1
789,112.61,32304,394.34,394.39,0.06,1.7,5.1,7.1,0.0,-10.5,-0.0,2741,3733,0,1,-1
790,112.78,32300,394.29,394.34,0.06,2.0,5.1,7.1,0.0,-10.2,-0.0,2691,3686,0,2,-1
791,112.95,32295,394.23,394.30,0.07,3.2,6.1,7.2,0.0,-10.1,-0.0,2628,3626,0,2,-2
792,113.04,32293,394.20,394.27,0.07,2.2,6.1,7.2,0.0,-11.1,-0.0,2603,3600,0,2,-1
793,113.21,32287,394.13,394.22,0.10,4.9,8.2,7.2,0.0,-10.4,-0.0,2528,3524,0,3,-4
794,113.37,32285,394.10,394.18,0.07,3.0,6.1,7.2,0.0,-10.3,-0.0,2503,3502,0,2,-2
795,113.46,32282,394.07,394.15,0.09,3.0,7.2,7.2,0.0,-11.3,-0.0,2466,3461,0,2,-2
796,113.62,32277,394.01,394.11,0.10,5.0,8.2,7.2,0.0,-10.3,-0.0,2403,3400,0,2,-4
797,113.80,32277,394.01,394.06,0.05,0.3,4.1,7.2,-0.0,-11.0,-0.0,2403,3407,0,0,0
798,113.97,32274,393.97,394.01,0.04,-0.1,3.1,7.2,-0.0,-10.3,-0.0,2366,1324,0,0,0
799,114.04,32269,393.91,393.99,0.07,3.3,6.1,7.2,0.0,-10.0,-0.0,2303,3304,0,1,-3
800,114.21,32267,393.88,393.94,0.05,0.6,4.1,7.2,-0.0,-10.7,-0.0,2278,3284,0,0,-1
801,114.38,32264,393.85,393.89,0.05,1.1,4.1,7.2,-0.0,-10.2,-0.0,2241,3248,0,0,-1
802,114.46,32262,393.82,393.87,0.05,1.2,4.1,7.2,0.0,-10.0,-0.0,2216,3218,0,0,-1
803,114.62,32259,393.79,393.82,0.04,-0.1,3.1,7.2,0.0,-10.4,-0.0,2178,1131,0,0,0
804,114.79,32256,393.75,393.77,0.02,-1.7,2.0,7.2,-0.0,-10.9,-0.0,2141,1100,0,0,2
805,114.95,32251,393.69,393.73,0.04,0.2,3.1,7.2,-0.0,-10.1,-0.0,2078,3083,0,0,0
806,115.04,32251,393.69,393.70,0.01,-3.3,1.0,7.2,-0.0,-11.5,-0.0,2078,1032,0,0,3
807,115.21,32249,393.66,393.65,-0.01,-4.3,-1.0,7.2,-0.0,-10.4,-0.0,2053,1013,0,0,4
808,115.38,32246,393.63,393.60,-0.02,-5.8,-2.0,7.2,-0.0,-11.0,-0.0,2016,974,0,0,6
809,115.47,32245,393.62,393.58,-0.04,-7.4,-3.1,7.2,-0.0,-11.5,-0.0,2003,961,0,1,7
810,115.64,32242,393.58,393.53,-0.05,-7.1,-4.1,7.2,-0.0,-10.1,-0.0,1966,930,0,1,7
811,115.81,32239,393.54,393.48,-0.06,-9.1,-5.1,7.2,-0.0,-11.2,-0.0,1928,885,0,2,9
812,115.90,32235,393.49,393.45,-0.04,-6.9,-3.1,7.2,-0.0,-11.0,-0.0,1878,833,0,2,6
813,116.07,32234,393.48,393.40,-0.07,-10.4,-6.1,7.2,-0.0,-11.4,-0.0,1866,823,0,3,10
814,116.24,32231,393.44,393.35,-0.09,-10.4,-7.2,7.2,-0.0,-10.4,-0.0,1828,785,0,4,9
815,116.32,32231,393.44,393.33,-0.11,-13.1,-9.2,7.2,-0.0,-11.1,-0.0,1828,787,0,5,12
816,116.49,32232,393.46,393.28,-0.17,-17.9,-14.3,7.2,-0.0,-10.7,-0.0,1841,807,0,6,16
817,116.66,32230,393.43,393.23,-0.20,-20.0,-16.4,7.2,-0.0,-10.8,-0.0,1816,785,0,7,18
818,116.75,32228,393.41,393.21,-0.21,-22.0,-17.4,7.1,-0.0,-11.8,-0.0,1791,757,0,9,20
819,116.91,32226,393.38,393.16,-0.23,-22.7,-19.4,7.1,-0.0,-10.4,-0.0,1766,735,0,9,20
820,117.08,32224,393.36,393.11,-0.24,-23.6,-20.5,7.1,-0.0,-10.3,-0.0,1741,707,0,11,20
821,117.24,32224,393.36,393.06,-0.29,-28.1,-24.5,7.1,-0.0,-10.6,-0.0,1741,705,0,13,24
822,117.32,32221,393.32,393.04,-0.28,-27.6,-23.5,7.1,-0.0,-11.2,-0.0,1703,665,0,14,23
823,117.49,32218,393.29,392.99,-0.29,-28.3,-24.5,7.1,-0.0,-10.8,-0.0,1666,628,0,16,22
824,117.66,32217,393.27,392.94,-0.34,-32.2,-28.6,7.1,-0.0,-10.7,-0.0,1653,619,0,18,25
825,117.75,32215,393.25,392.91,-0.34,-32.4,-28.6,7.1,-0.0,-10.9,-0.0,1628,590,0,19,25
826,117.92,32212,393.21,392.86,-0.35,-32.9,-29.7,7.1,-0.0,-10.3,-0.0,1591,550,0,21,24
827,118.08,32209,393.18,392.82,-0.37,-34.2,-30.7,7.0,-0.0,-10.5,-0.0,1553,516,0,23,24
828,118.23,32206,393.14,392.77,-0.37,-34.0,-30.7,7.0,-0.0,-10.4,-0.0,1516,471,0,25,22
829,118.32,32204,393.12,392.74,-0.37,-35.1,-30.7,7.0,-0.0,-11.4,-0.0,1491,446,0,26,21
830,118.49,32202,393.09,392.69,-0.40,-37.8,-33.8,7.0,-0.0,-11.1,-0.0,1466,423,0,29,22
831,118.66,32199,393.05,392.64,-0.42,-38.7,-34.8,7.0,-0.0,-10.9,-0.0,1428,387,0,31,21
832,118.75,32196,393.02,392.62,-0.40,-38.6,-33.8,7.0,-0.0,-11.8,-0.0,1391,346,0,32,19
833,118.91,32192,392.97,392.57,-0.40,-37.2,-33.8,7.0,-0.0,-10.4,-0.0,1341,297,0,32,16
834,119.07,32186,392.90,392.52,-0.38,-35.2,-31.7,6.9,0.0,-10.4,-0.0,1266,215,0,32,11
835,119.24,32182,392.85,392.47,-0.38,-34.9,-31.7,6.9,0.0,-10.1,-0.0,1216,168,0,33,9
836,119.32,32181,392.83,392.45,-0.39,-37.2,-32.7,6.9,0.0,-11.4,-0.0,1203,151,0,35,8
837,119.50,32174,392.75,392.39,-0.35,-34.1,-29.7,6.9,0.0,-11.4,-0.0,1116,62,0,33,3
838,119.67,32169,392.69,392.34,-0.34,-32.6,-28.6,6.9,0.0,-10.9,-0.0,1053,4094,0,32,0
839,119.74,32169,392.69,392.32,-0.37,-34.1,-30.7,6.9,0.0,-10.3,-0.0,1053,5,0,33,0
840,119.91,32163,392.61,392.27,-0.34,-32.3,-28.6,6.9,0.0,-10.5,-0.0,978,4023,0,31,-3
841,120.09,32157,392.54,392.22,-0.33,-32.2,-27.6,6.9,0.0,-11.4,-0.0,903,3944,0,30,-7
842,120.18,32153,392.49,392.19,-0.31,-30.7,-25.6,6.9,0.0,-12.0,-0.0,853,3891,0,28,-9
843,120.35,32147,392.42,392.14,-0.28,-27.4,-23.5,6.8,0.0,-10.7,-0.0,778,3818,0,24,-11
844,120.52,32140,392.33,392.09,-0.24,-24.5,-20.5,6.8,0.0,-10.9,-0.0,691,3727,0,20,-13
845,120.61,32137,392.30,392.06,-0.23,-24.3,-19.4,6.8,0.0,-11.7,-0.0,653,3685,0,19,-14
846,120.77,32127,392.18,392.01,-0.16,-17.1,-13.3,6.8,0.0,-10.6,-0.0,528,3558,0,11,-12
847,120.94,32125,392.15,391.96,-0.20,-20.3,-16.4,6.8,0.0,-10.8,-0.0,503,3540,0,13,-15
848,121.04,32120,392.09,391.93,-0.16,-18.9,-13.3,6.8,0.0,-12.4,-0.0,441,3469,0,10,-15
849,121.21,32113,392.00,391.88,-0.12,-14.1,-10.2,6.8,0.0,-10.6,-0.0,353,3387,0,6,-12
850,121.38,32108,391.94,391.83,-0.11,-14.0,-9.2,6.8,0.0,-11.5,-0.0,291,3328,0,5,-12
851,121.47,32105,391.91,391.80,-0.11,-14.5,-9.2,6.8,0.0,-12.1,-0.0,253,3290,0,5,-13
852,121.63,32099,391.83,391.75,-0.09,-11.0,-7.2,6.8,0.0,-10.7,-0.0,178,3214,0,2,-10
853,121.80,32093,391.76,391.70,-0.06,-9.6,-5.1,6.8,0.0,-11.2,-0.0,103,3144,0,1,-9
854,121.88,32090,391.72,391.67,-0.05,-8.2,-4.1,6.8,0.0,-10.9,-0.0,66,3105,0,0,-8
855,122.05,32081,391.61,391.62,0.01,-3.6,1.0,6.8,0.0,-11.4,-0.0,4049,2984,0,0,-3
856,122.22,32073,391.52,391.57,0.05,-0.0,4.1,6.8,0.0,-10.9,-0.0,3949,2883,0,0,0
857,122.31,32071,391.49,391.54,0.05,-0.8,4.1,6.8,0.0,-11.6,-0.0,3924,2857,0,0,-1
858,122.47,32066,391.43,391.49,0.06,0.6,5.1,6.8,0.0,-11.3,-0.0,3862,750,0,0,1
859,122.64,32063,391.39,391.44,0.05,-0.4,4.1,6.8,0.0,-11.3,-0.0,3824,2763,0,0,0
860,122.73,32060,391.36,391.41,0.06,-0.5,5.1,6.8,0.0,-12.4,-0.0,3787,2729,0,0,0
861,122.89,32054,391.28,391.37,0.09,3.2,7.2,6.8,0.0,-10.8,-0.0,3712,613,0,2,2
862,123.05,32050,391.24,391.32,0.09,3.5,7.2,6.8,0.0,-10.4,-0.0,3662,565,0,2,3
863,123.21,32046,391.19,391.27,0.09,2.6,7.2,6.8,0.0,-11.4,-0.0,3612,511,0,2,2
864,123.30,32043,391.15,391.24,0.09,2.2,7.2,6.8,0.0,-11.7,-0.0,3574,470,0,2,1
865,123.47,32037,391.08,391.19,0.11,4.5,9.2,6.8,0.0,-11.6,-0.0,3499,396,0,4,2
866,123.64,32031,391.00,391.14,0.13,7.8,11.2,6.8,0.0,-10.3,-0.0,3424,324,0,7,4
867,123.80,32029,390.98,391.08,0.11,4.6,9.2,6.8,0.0,-11.4,-0.0,3399,297,0,4,2
868,123.89,32027,390.95,391.06,0.10,3.2,8.2,6.8,0.0,-11.8,-0.0,3374,273,0,3,1
869,124.07,32023,390.91,391.00,0.10,2.7,8.2,6.8,0.0,-12.4,-0.0,3324,225,0,2,1
870,124.23,32016,390.82,390.95,0.13,7.0,11.2,6.8,0.0,-11.1,-0.0,3237,139,0,7,1
871,124.32,32015,390.81,390.93,0.12,5.2,10.2,6.8,-0.0,-11.8,-0.0,3224,127,0,5,1
872,124.49,32009,390.73,390.87,0.13,7.0,11.2,6.8,0.0,-11.1,-0.0,3149,49,0,7,1
873,124.66,32010,390.75,390.82,0.07,1.3,6.1,6.8,-0.0,-11.7,-0.0,3162,69,0,1,0
874,124.75,32008,390.72,390.79,0.07,0.9,6.1,6.8,-0.0,-12.1,-0.0,3137,42,0,1,0
875,124.91,32003,390.66,390.74,0.07,1.7,6.1,6.9,-0.0,-11.3,-0.0,3074,4079,0,2,0
876,125.09,32001,390.64,390.68,0.05,-1.1,4.1,6.9,-0.0,-12.1,-0.0,3049,2008,0,-1,0
877,125.18,32001,390.64,390.66,0.02,-3.0,2.0,6.9,-0.0,-11.9,-0.0,3049,2013,0,-3,0
878,125.35,31997,390.59,390.60,0.01,-3.9,1.0,6.9,-0.0,-11.7,-0.0,2999,1956,0,-4,1
879,125.52,31993,390.54,390.55,0.01,-2.8,1.0,6.9,-0.0,-10.6,-0.0,2949,1909,0,-3,1
880,125.60,31991,390.52,390.52,0.01,-4.3,1.0,6.9,-0.0,-12.1,-0.0,2924,1882,0,-4,1
881,125.77,31991,390.52,390.47,-0.05,-8.8,-4.1,6.9,-0.0,-11.6,-0.0,2924,1885,0,-8,2
882,125.94,31989,390.49,390.42,-0.07,-10.9,-6.1,6.9,-0.0,-11.6,-0.0,2899,1860,0,-10,3
883,126.04,31986,390.45,390.39,-0.07,-12.6,-6.1,6.9,-0.0,-13.3,-0.0,2862,1820,0,-11,4
884,126.20,31981,390.39,390.33,-0.06,-9.5,-5.1,6.8,-0.0,-11.3,-0.0,2799,1758,0,-8,4
885,126.37,31979,390.37,390.28,-0.09,-11.6,-7.2,6.8,-0.0,-11.3,-0.0,2774,1734,0,-10,5
886,126.46,31978,390.36,390.25,-0.10,-13.9,-8.2,6.8,-0.0,-12.6,-0.0,2762,1717,0,-12,7
887,126.62,31977,390.34,390.20,-0.15,-17.1,-12.3,6.8,-0.0,-11.7,-0.0,2749,1707,0,-14,8
888,126.79,31973,390.30,390.15,-0.15,-17.5,-12.3,6.8,-0.0,-12.1,-0.0,2699,1661,0,-14,9
889,126.87,31973,390.30,390.12,-0.17,-19.6,-14.3,6.8,-0.0,-12.1,-0.0,2699,1663,0,-16,11
890,127.04,31969,390.25,390.07,-0.17,-19.2,-14.3,6.8,-0.0,-11.7,-0.0,2649,1610,0,-15,12
891,127.21,31967,390.22,390.02,-0.21,-21.5,-17.4,6.8,-0.0,-11.0,-0.0,2624,1584,0,-16,14
892,127.30,31966,390.21,389.99,-0.22,-24.3,-18.4,6.8,-0.0,-12.7,-0.0,2612,1570,0,-17,16
893,127.47,31964,390.19,389.93,-0.26,-26.8,-21.5,6.8,-0.0,-12.1,-0.0,2587,1549,0,-19,18
894,127.64,31961,390.15,389.88,-0.27,-27.1,-22.5,6.8,-0.0,-11.4,-0.0,2549,1509,0,-18,19
895,127.73,31960,390.14,389.85,-0.29,-31.1,-24.5,6.8,-0.0,-13.3,-0.0,2537,1498,0,-20,22
896,127.90,31955,390.08,389.80,-0.28,-28.5,-23.5,6.8,-0.0,-11.8,-0.0,2474,1432,0,-16,22
897,128.07,31953,390.05,389.74,-0.31,-30.2,-25.6,6.8,-0.0,-11.4,-0.0,2449,1409,0,-16,24
898,128.16,31953,390.05,389.71,-0.34,-34.5,-28.6,6.7,-0.0,-12.6,-0.0,2449,1408,0,-19,28
899,128.33,31948,389.99,389.66,-0.33,-32.3,-27.6,6.7,-0.0,-11.4,-0.0,2387,1345,0,-15,28
900,128.50,31943,389.93,389.60,-0.33,-32.2,-27.6,6.7,-0.0,-11.3,-0.0,2324,1276,0,-12,29
901,128.59,31937,389.86,389.57,-0.28,-29.4,-23.5,6.7,0.0,-12.6,-0.0,2249,1197,0,-7,28
902,128.76,31937,389.86,389.52,-0.34,-34.2,-28.6,6.7,-0.0,-12.2,-0.0,2249,1201,0,-9,32
903,128.93,31930,389.77,389.46,-0.31,-30.2,-25.6,6.7,0.0,-11.3,-0.0,2162,1110,0,-4,29
904,129.02,31930,389.77,389.44,-0.33,-34.0,-27.6,6.7,0.0,-13.0,-0.0,2162,1109,0,-4,33
905,129.19,31926,389.72,389.38,-0.34,-33.3,-28.6,6.7,-0.0,-11.3,-0.0,2112,1064,0,-2,32
906,129.36,31919,389.64,389.33,-0.31,-31.0,-25.6,6.6,0.0,-12.1,-0.0,2024,973,0,2,30
907,129.45,31915,389.59,389.30,-0.29,-31.0,-24.5,6.6,0.0,-13.1,-0.0,1974,915,0,5,30
908,129.62,31910,389.53,389.24,-0.28,-28.5,-23.5,6.6,0.0,-11.6,-0.0,1912,860,0,7,27
909,129.79,31902,389.43,389.19,-0.24,-25.8,-20.5,6.6,0.0,-12.0,-0.0,1812,749,0,10,23
910,129.87,31901,389.42,389.16,-0.26,-27.2,-21.5,6.6,0.0,-12.4,-0.0,1799,737,0,11,24
911,130.04,31894,389.33,389.11,-0.22,-23.8,-18.4,6.6,0.0,-12.0,-0.0,1712,651,0,12,19
912,130.21,31888,389.26,389.05,-0.21,-22.4,-17.4,6.6,0.0,-11.6,-0.0,1637,576,0,14,17
913,130.29,31885,389.22,389.02,-0.20,-22.2,-16.4,6.6,0.0,-12.4,-0.0,1599,536,0,15,16
914,130.47,31882,389.18,388.97,-0.22,-23.3,-18.4,6.6,0.0,-11.4,-0.0,1562,510,0,16,16
915,130.64,31875,389.10,388.91,-0.18,-21.0,-15.3,6.6,0.0,-12.2,-0.0,1474,416,0,16,12
916,130.72,31870,389.04,388.88,-0.16,-19.4,-13.3,6.6,0.0,-12.6,-0.0,1412,351,0,16,10
917,130.89,31865,388.98,388.83,-0.15,-18.0,-12.3,6.6,0.0,-12.3,-0.0,1349,291,0,16,8
918,131.07,31858,388.89,388.77,-0.12,-16.9,-10.2,6.6,0.0,-13.2,-0.0,1262,196,0,16,5
919,131.16,31854,388.84,388.74,-0.10,-14.5,-8.2,6.6,0.0,-12.9,-0.0,1212,144,0,14,3
920,131.33,31849,388.78,388.68,-0.10,-14.1,-8.2,6.6,0.0,-12.5,-0.0,1149,86,0,14,2
921,131.49,31843,388.71,388.63,-0.07,-11.7,-6.1,6.5,0.0,-12.1,-0.0,1074,14,0,11,0
922,131.66,31834,388.60,388.58,-0.02,-7.2,-2.0,6.5,0.0,-11.7,-0.0,962,3995,0,7,-1
923,131.75,31832,388.57,388.55,-0.02,-9.2,-2.0,6.5,0.0,-13.7,-0.0,937,3965,0,9,-2
924,131.91,31828,388.53,388.49,-0.04,-8.1,-3.1,6.5,0.0,-11.6,-0.0,887,3926,0,8,-2
925,132.01,31825,388.49,388.46,-0.02,-9.6,-2.0,6.5,0.0,-14.1,-0.0,849,3879,0,9,-3
926,132.18,31819,388.42,388.40,-0.01,-6.7,-1.0,6.5,0.0,-12.2,-0.0,774,3811,0,6,-3
927,132.34,31812,388.33,388.35,0.02,-3.6,2.0,6.5,0.0,-12.2,-0.0,687,3727,0,3,-2
928,132.51,31805,388.24,388.30,0.05,-1.0,4.1,6.5,0.0,-11.6,-0.0,599,3635,0,1,-1
929,132.59,31803,388.22,388.27,0.05,-2.4,4.1,6.5,0.0,-13.0,-0.0,574,3607,0,2,-2
930,132.76,31799,388.17,388.21,0.04,-1.8,3.1,6.5,0.0,-11.4,-0.0,524,3566,0,1,-1
931,132.93,31792,388.09,388.16,0.07,0.6,6.1,6.6,0.0,-12.1,-0.0,437,1426,0,0,0
932,133.01,31792,388.09,388.13,0.04,-3.0,3.1,6.6,0.0,-12.7,-0.0,437,3478,0,2,-2
933,133.18,31785,388.00,388.07,0.07,0.6,6.1,6.6,0.0,-12.1,-0.0,349,1344,0,0,1
934,133.36,31782,387.96,388.01,0.05,-1.8,4.1,6.6,0.0,-12.5,-0.0,312,3355,0,1,-2
935,133.45,31782,387.96,387.98,0.02,-4.7,2.0,6.6,-0.0,-13.3,-0.0,312,3357,0,2,-4
936,133.62,31775,387.88,387.93,0.05,-1.3,4.1,6.6,-0.0,-11.9,-0.0,224,3272,0,0,-1
937,133.79,31771,387.83,387.87,0.04,-1.9,3.1,6.6,0.0,-11.5,-0.0,174,3220,0,0,-2
938,133.87,31768,387.79,387.84,0.05,-2.5,4.1,6.6,-0.0,-13.1,-0.0,137,3182,0,0,-2
939,134.04,31763,387.73,387.79,0.05,-2.5,4.1,6.6,0.0,-13.1,-0.0,74,3116,0,0,-2
940,134.21,31760,387.70,387.73,0.04,-2.1,3.1,6.6,0.0,-11.8,-0.0,37,3082,0,0,-2
941,134.29,31754,387.62,387.70,0.07,-0.1,6.1,6.6,0.0,-12.8,-0.0,4058,3002,0,0,0
942,134.46,31754,387.62,387.64,0.02,-3.2,2.0,6.6,-0.0,-11.8,-0.0,4058,3010,0,0,-3
943,134.63,31751,387.59,387.59,0.00,-6.0,0.0,6.6,-0.0,-12.6,-0.0,4020,2975,0,-1,-6
944,134.72,31751,387.59,387.56,-0.02,-8.3,-2.0,6.6,-0.0,-12.8,-0.0,4020,2978,0,-1,-8
945,134.88,31745,387.51,387.50,-0.01,-6.3,-1.0,6.6,-0.0,-11.8,-0.0,3945,2900,0,-2,-6
946,135.06,31743,387.49,387.44,-0.05,-10.4,-4.1,6.6,-0.0,-12.9,-0.0,3920,2879,0,-3,-10
947,135.15,31740,387.45,387.41,-0.04,-9.8,-3.1,6.6,-0.0,-13.3,-0.0,3883,2837,0,-3,-9
948,135.32,31739,387.44,387.35,-0.09,-13.3,-7.2,6.6,-0.0,-12.7,-0.0,3870,2828,0,-5,-12
949,135.49,31735,387.39,387.30,-0.10,-13.9,-8.2,6.6,-0.0,-12.3,-0.0,3820,2776,0,-6,-12
950,135.65,31735,387.39,387.24,-0.15,-17.8,-12.3,6.6,-0.0,-12.1,-0.0,3820,2783,0,-7,-16
951,135.74,31732,387.35,387.21,-0.15,-19.2,-12.3,6.5,-0.0,-13.5,-0.0,3783,2741,0,-9,-16
952,135.90,31730,387.33,387.16,-0.17,-19.3,-14.3,6.5,-0.0,-11.5,-0.0,3758,2721,0,-10,-16
953,136.07,31723,387.24,387.10,-0.15,-19.1,-12.3,6.5,-0.0,-13.4,-0.0,3670,2623,0,-12,-14
954,136.16,31721,387.22,387.07,-0.15,-18.9,-12.3,6.5,-0.0,-13.2,-0.0,3645,2599,0,-12,-14
955,136.32,31722,387.23,387.01,-0.22,-24.0,-18.4,6.5,-0.0,-12.2,-0.0,3658,2615,0,-15,-18
956,136.49,31716,387.16,386.96,-0.20,-21.8,-16.4,6.5,-0.0,-12.0,-0.0,3583,2539,0,-15,-14
957,136.57,31716,387.16,386.93,-0.23,-26.3,-19.4,6.5,-0.0,-13.4,-0.0,3583,2537,0,-19,-17
958,136.75,31714,387.13,386.87,-0.27,-28.2,-22.5,6.5,-0.0,-12.2,-0.0,3558,2521,0,-20,-18
959,136.91,31711,387.10,386.81,-0.28,-29.7,-23.5,6.5,-0.0,-12.6,-0.0,3520,2480,0,-23,-18
960,137.01,31708,387.06,386.78,-0.28,-30.9,-23.5,6.5,-0.0,-13.9,-0.0,3483,2436,0,-25,-17
961,137.17,31704,387.01,386.72,-0.29,-30.1,-24.5,6.5,-0.0,-12.0,-0.0,3433,2392,0,-25,-15
962,137.34,31699,386.95,386.66,-0.28,-29.7,-23.5,6.5,-0.0,-12.7,-0.0,3370,2324,0,-26,-12
963,137.43,31699,386.95,386.63,-0.32,-34.0,-26.6,6.4,-0.0,-13.9,-0.0,3370,2322,0,-30,-13
964,137.60,31696,386.91,386.58,-0.34,-34.3,-28.6,6.4,-0.0,-12.1,-0.0,3333,2288,0,-31,-12
965,137.77,31687,386.80,386.52,-0.29,-30.4,-24.5,6.4,-0.0,-12.3,-0.0,3220,2171,0,-29,-6
966,137.86,31686,386.79,386.49,-0.31,-32.7,-25.6,6.4,-0.0,-13.5,-0.0,3208,2156,0,-31,-5
967,138.03,31681,386.73,386.43,-0.31,-32.1,-25.6,6.4,-0.0,-12.9,-0.0,3145,2094,0,-31,-2
968,138.21,31678,386.69,386.37,-0.33,-34.0,-27.6,6.4,0.0,-12.7,-0.0,3108,2055,0,-33,0
969,138.30,31674,386.65,386.34,-0.31,-33.4,-25.6,6.4,0.0,-14.2,-0.0,3058,1999,0,-32,2
970,138.47,31669,386.58,386.28,-0.31,-31.3,-25.6,6.4,-0.0,-12.1,-0.0,2995,1946,0,-30,5
971,138.64,31666,386.55,386.22,-0.33,-34.2,-27.6,6.4,-0.0,-13.0,-0.0,2958,1907,0,-32,7
972,138.71,31663,386.51,386.19,-0.32,-32.0,-26.6,6.4,-0.0,-11.8,-0.0,2920,1871,0,-30,8
973,138.88,31655,386.41,386.13,-0.28,-29.4,-23.5,6.3,0.0,-12.2,-0.0,2820,1763,0,-26,12
974,139.06,31650,386.35,386.07,-0.28,-30.6,-23.5,6.3,0.0,-13.4,-0.0,2758,1702,0,-26,15
975,139.14,31646,386.30,386.04,-0.26,-28.8,-21.5,6.3,0.0,-13.7,-0.0,2708,1647,0,-23,16
976,139.31,31639,386.22,385.98,-0.23,-26.2,-19.4,6.3,0.0,-13.0,-0.0,2620,1555,0,-18,17
977,139.48,31636,386.18,385.92,-0.26,-27.8,-21.5,6.3,0.0,-12.6,-0.0,2583,1525,0,-19,19
978,139.65,31630,386.11,385.87,-0.24,-26.8,-20.5,6.3,0.0,-12.7,-0.0,2508,1452,0,-16,21
979,139.73,31626,386.06,385.84,-0.22,-25.4,-18.4,6.3,0.0,-13.3,-0.0,2458,1397,0,-13,21
980,139.89,31618,385.96,385.78,-0.18,-21.1,-15.3,6.3,0.0,-12.1,-0.0,2358,1300,0,-8,19
981,140.07,31611,385.88,385.72,-0.16,-20.8,-13.3,6.3,0.0,-13.7,-0.0,2270,1204,0,-5,19
982,140.15,31607,385.83,385.69,-0.13,-18.3,-11.2,6.3,0.0,-13.3,-0.0,2220,1151,0,-3,17
983,140.33,31601,385.75,385.63,-0.12,-17.7,-10.2,6.3,0.0,-13.8,-0.0,2145,1075,0,-1,17
984,140.49,31589,385.61,385.57,-0.04,-9.5,-3.1,6.3,0.0,-12.7,-0.0,1995,924,0,1,9
985,140.58,31587,385.58,385.54,-0.05,-12.0,-4.1,6.3,0.0,-14.2,-0.0,1970,896,0,2,11
986,140.75,31583,385.53,385.48,-0.06,-11.8,-5.1,6.3,0.0,-13.0,-0.0,1920,855,0,3,11
987,140.92,31575,385.44,385.42,-0.01,-7.3,-1.0,6.3,0.0,-12.6,-0.0,1820,754,0,3,7
988,141.01,31572,385.40,385.39,-0.01,-8.8,-1.0,6.3,0.0,-14.0,-0.0,1783,713,0,4,8
989,141.17,31565,385.31,385.33,0.01,-5.1,1.0,6.3,0.0,-12.4,-0.0,1695,637,0,3,4
990,141.34,31557,385.22,385.27,0.05,-2.9,4.1,6.3,0.0,-13.2,-0.0,1595,527,0,2,2
991,141.44,31555,385.19,385.24,0.05,-3.9,4.1,6.3,0.0,-14.3,-0.0,1570,501,0,3,3
992,141.60,31548,385.11,385.18,0.07,-0.7,6.1,6.3,0.0,-13.1,-0.0,1483,419,0,1,0
993,141.77,31541,385.02,385.12,0.10,1.8,8.2,6.3,0.0,-12.6,-0.0,1395,2379,0,-2,-1
994,141.86,31538,384.99,385.09,0.10,0.7,8.2,6.3,0.0,-13.7,-0.0,1358,2340,0,-1,0
995,142.03,31533,384.92,385.03,0.10,1.4,8.2,6.3,0.0,-13.1,-0.0,1295,2284,0,-1,0
996,142.20,31526,384.84,384.97,0.12,4.2,10.2,6.3,0.0,-12.3,-0.0,1208,2196,0,-4,-1
997,142.28,31524,384.81,384.94,0.12,3.2,10.2,6.3,0.0,-13.3,-0.0,1183,2171,0,-3,-1
998,142.45,31520,384.77,384.88,0.11,3.0,9.2,6.3,0.0,-12.5,-0.0,1133,2127,0,-3,0
999,142.62,31512,384.67,384.82,0.15,5.2,12.3,6.3,0.0,-13.4,-0.0,1033,2025,0,-5,0
1000,142.71,31508,384.62,384.79,0.17,7.2,14.3,6.3,0.0,-13.4,-0.0,983,1969,0,-7,1
1001,142.87,31505,384.58,384.73,0.15,6.0,12.3,6.3,0.0,-12.5,-0.0,945,1939,0,-6,1
1002,143.04,31501,384.53,384.67,0.13,4.2,11.2,6.3,0.0,-13.4,-0.0,895,1887,0,-4,1
1003,143.20,31498,384.50,384.61,0.11,2.5,9.2,6.3,-0.0,-13.0,-0.0,858,1857,0,-2,1
1004,143.30,31493,384.44,384.58,0.13,3.1,11.2,6.3,-0.0,-14.5,-0.0,795,1788,0,-3,1
1005,143.46,31490,384.40,384.52,0.12,4.2,10.2,6.3,-0.0,-12.4,-0.0,758,1759,0,-4,2
1006,143.63,31486,384.35,384.45,0.10,0.6,8.2,6.3,-0.0,-13.9,-0.0,708,1706,0,-1,0
1007,143.72,31485,384.34,384.42,0.09,-0.2,7.2,6.3,-0.0,-13.7,-0.0,695,3743,0,0,0
1008,143.89,31479,384.27,384.36,0.10,1.2,8.2,6.3,-0.0,-13.3,-0.0,620,1616,0,-1,1
1009,144.06,31476,384.23,384.30,0.07,-0.8,6.1,6.3,-0.0,-13.3,-0.0,583,3633,0,1,-1
1010,144.15,31474,384.20,384.27,0.06,-2.5,5.1,6.3,-0.0,-13.9,-0.0,558,3605,0,2,-2
1011,144.31,31471,384.17,384.21,0.05,-1.2,4.1,6.3,-0.0,-11.6,-0.0,520,3573,0,1,-1
1012,144.48,31470,384.16,384.15,0.00,-6.3,0.0,6.3,-0.0,-12.7,-0.0,508,3563,0,4,-4
1013,144.56,31465,384.09,384.12,0.02,-5.4,2.0,6.3,-0.0,-13.8,-0.0,445,3495,0,3,-4
1014,144.74,31463,384.07,384.06,-0.01,-8.0,-1.0,6.3,-0.0,-13.3,-0.0,420,3473,0,4,-6
1015,144.91,31458,384.01,384.00,-0.01,-7.6,-1.0,6.3,-0.0,-12.9,-0.0,358,3409,0,4,-6
1016,145.07,31456,383.98,383.94,-0.05,-12.2,-4.1,6.3,-0.0,-14.5,-0.0,333,3382,0,5,-11
1017,145.15,31456,383.98,383.90,-0.09,-14.6,-7.2,6.3,-0.0,-13.8,-0.0,333,3383,0,7,-13
1018,145.33,31450,383.91,383.84,-0.07,-13.2,-6.1,6.3,-0.0,-13.4,-0.0,258,3309,0,5,-12
1019,145.42,31446,383.86,383.81,-0.05,-12.5,-4.1,6.3,-0.0,-14.7,-0.0,208,3252,0,3,-12
1020,145.59,31447,383.87,383.75,-0.12,-17.3,-10.2,6.3,-0.0,-13.4,-0.0,220,3276,0,5,-16
1021,145.75,31446,383.86,383.69,-0.17,-20.8,-14.3,6.3,-0.0,-12.8,-0.0,208,3266,0,6,-19
1022,145.84,31442,383.81,383.65,-0.16,-21.5,-13.3,6.3,-0.0,-14.5,-0.0,158,3208,0,4,-20
1023,146.01,31439,383.78,383.59,-0.18,-22.1,-15.3,6.3,-0.0,-13.0,-0.0,120,3176,0,3,-21
1024,146.18,31437,383.75,383.53,-0.22,-24.9,-18.4,6.3,-0.0,-12.8,-0.0,95,3153,0,3,-24
1025,146.35,31434,383.72,383.47,-0.24,-27.7,-20.5,6.3,-0.0,-13.5,-0.0,58,3113,0,2,-27
1026,146.43,31432,383.69,383.44,-0.26,-29.1,-21.5,6.3,-0.0,-13.9,-0.0,33,3083,0,0,-28
1027,146.60,31428,383.64,383.38,-0.27,-30.0,-22.5,6.3,-0.0,-13.7,-0.0,4079,3037,0,-2,-29
1028,146.77,31425,383.61,383.31,-0.29,-31.2,-24.5,6.3,-0.0,-12.9,-0.0,4041,2997,0,-3,-30
1029,146.86,31421,383.56,383.28,-0.27,-30.2,-22.5,6.3,-0.0,-14.0,-0.0,3991,2942,0,-6,-29
1030,147.03,31421,383.56,383.22,-0.34,-35.9,-28.6,6.2,-0.0,-13.6,-0.0,3991,2948,0,-7,-34
1031,147.20,31413,383.46,383.16,-0.31,-32.9,-25.6,6.2,-0.0,-13.6,-0.0,3891,2845,0,-11,-30
1032,147.29,31409,383.41,383.12,-0.28,-32.2,-23.5,6.2,-0.0,-14.9,-0.0,3841,2786,0,-13,-28
1033,147.46,31405,383.36,383.06,-0.31,-32.5,-25.6,6.2,-0.0,-13.2,-0.0,3791,2739,0,-15,-27
1034,147.63,31400,383.30,383.00,-0.31,-33.9,-25.6,6.2,0.0,-14.5,-0.0,3729,2672,0,-19,-27
1035,147.71,31400,383.30,382.97,-0.33,-35.5,-27.6,6.2,0.0,-14.1,-0.0,3729,2673,0,-20,-28
1036,147.89,31395,383.24,382.90,-0.33,-35.5,-27.6,6.2,-0.0,-14.1,-0.0,3666,2615,0,-22,-26
1037,148.05,31387,383.14,382.84,-0.31,-33.1,-25.6,6.2,-0.0,-13.6,-0.0,3566,2514,0,-24,-21
1038,148.14,31385,383.12,382.81,-0.31,-34.2,-25.6,6.2,0.0,-14.8,-0.0,3541,2485,0,-26,-21
1039,148.31,31385,383.12,382.75,-0.37,-38.7,-30.7,6.1,-0.0,-14.1,-0.0,3541,2494,0,-29,-24
1040,148.48,31376,383.01,382.68,-0.33,-35.2,-27.6,6.1,0.0,-13.7,-0.0,3429,2371,0,-30,-16
1041,148.57,31370,382.93,382.65,-0.28,-32.4,-23.5,6.1,0.0,-15.0,-0.0,3354,2290,0,-29,-11
1042,148.74,31364,382.86,382.59,-0.28,-31.3,-23.5,6.1,0.0,-13.9,-0.0,3279,2221,0,-29,-8
1043,148.92,31357,382.78,382.52,-0.26,-29.3,-21.5,6.1,0.0,-13.9,-0.0,3191,2125,0,-28,-3
1044,149.00,31353,382.73,382.49,-0.23,-27.5,-19.4,6.1,0.0,-14.2,-0.0,3141,2068,0,-27,-1
1045,149.17,31350,382.69,382.43,-0.26,-28.5,-21.5,6.1,0.0,-13.1,-0.0,3104,2044,0,-28,0
1046,149.34,31343,382.60,382.36,-0.24,-28.2,-20.5,6.1,0.0,-13.8,-0.0,3016,1958,0,-27,4
1047,149.43,31339,382.56,382.33,-0.22,-27.7,-18.4,6.1,0.0,-15.3,-0.0,2966,1901,0,-26,6
1048,149.60,31335,382.51,382.27,-0.24,-27.5,-20.5,6.1,0.0,-13.1,-0.0,2916,1861,0,-26,8
1049,149.76,31324,382.37,382.21,-0.17,-21.4,-14.3,6.0,0.0,-13.1,-0.0,2779,1715,0,-18,10
1050,149.85,31317,382.29,382.17,-0.11,-17.9,-9.2,6.0,0.0,-14.7,-0.0,2691,1615,0,-14,11
1051,150.03,31310,382.20,382.11,-0.10,-16.6,-8.2,6.0,0.0,-14.5,-0.0,2604,1530,0,-11,12
1052,150.20,31302,382.10,382.04,-0.06,-12.5,-5.1,6.0,0.0,-13.4,-0.0,2504,1431,0,-7,10
1053,150.29,31295,382.02,382.01,-0.01,-10.0,-1.0,6.0,0.0,-15.0,-0.0,2416,1329,0,-4,9
1054,150.45,31291,381.97,381.95,-0.02,-9.2,-2.0,6.0,0.0,-13.2,-0.0,2366,1296,0,-4,8
1055,150.62,31285,381.90,381.89,-0.01,-9.3,-1.0,6.0,0.0,-14.3,-0.0,2291,1224,0,-3,9
1056,150.70,31282,381.86,381.85,-0.01,-9.3,-1.0,6.0,0.0,-14.3,-0.0,2254,1187,0,-2,9
1057,150.87,31273,381.75,381.79,0.04,-5.0,3.1,6.0,0.0,-14.1,-0.0,2141,1073,0,0,5
1058,151.05,31267,381.68,381.72,0.05,-3.8,4.1,6.0,0.0,-13.9,-0.0,2066,1003,0,0,4
1059,151.14,31265,381.65,381.69,0.04,-6.2,3.1,6.0,0.0,-15.3,-0.0,2041,975,0,0,6
1060,151.31,31254,381.52,381.62,0.11,1.3,9.2,6.0,0.0,-13.9,-0.0,1904,2883,0,0,-1
1061,151.48,31247,381.43,381.56,0.12,2.8,10.2,6.0,0.0,-13.5,-0.0,1816,2796,0,-1,-2
1062,151.57,31246,381.42,381.53,0.11,0.2,9.2,6.0,0.0,-15.1,-0.0,1804,2786,0,0,0
1063,151.73,31239,381.34,381.46,0.12,3.0,10.2,6.1,0.0,-13.3,-0.0,1716,2701,0,-2,-2
1064,151.91,31231,381.24,381.40,0.16,5.1,13.3,6.1,0.0,-14.2,-0.0,1616,2595,0,-3,-4
1065,152.00,31227,381.19,381.36,0.17,4.3,14.3,6.1,0.0,-16.0,-0.0,1566,2545,0,-3,-3
1066,152.17,31226,381.18,381.30,0.12,2.7,10.2,6.1,0.0,-13.6,-0.0,1554,2548,0,-2,-2
1067,152.33,31222,381.13,381.24,0.11,1.2,9.2,6.1,-0.0,-14.0,-0.0,1504,2498,0,-1,-1
1068,152.42,31219,381.09,381.20,0.11,0.8,9.2,6.1,-0.0,-14.5,-0.0,1466,2459,0,-1,0
1069,152.59,31211,380.99,381.14,0.15,3.8,12.3,6.1,-0.0,-14.5,-0.0,1366,2359,0,-3,-2
1070,152.76,31207,380.94,381.07,0.13,3.7,11.2,6.1,0.0,-13.6,-0.0,1316,2311,0,-3,-1
1071,152.84,31203,380.90,381.04,0.15,3.8,12.3,6.1,0.0,-14.5,-0.0,1266,2254,0,-4,-1
1072,153.02,31197,380.82,380.97,0.15,4.9,12.3,6.1,0.0,-13.4,-0.0,1191,2180,0,-5,-1
1073,153.18,31192,380.76,380.91,0.15,4.7,12.3,6.1,0.0,-13.7,-0.0,1129,2120,0,-5,-1
1074,153.27,31191,380.75,380.88,0.13,2.5,11.2,6.1,-0.0,-14.8,-0.0,1116,2109,0,-2,0
1075,153.44,31187,380.70,380.81,0.11,1.4,9.2,6.1,-0.0,-13.9,-0.0,1066,2061,0,-1,0
1076,153.61,31182,380.64,380.75,0.11,0.5,9.2,6.1,-0.0,-14.8,-0.0,1004,2001,0,0,0
1077,153.69,31181,380.63,380.72,0.09,-1.3,7.2,6.1,-0.0,-14.6,-0.0,991,4038,0,1,0
1078,153.86,31175,380.55,380.65,0.10,0.1,8.2,6.1,-0.0,-14.2,-0.0,916,1915,0,0,0
1079,154.03,31172,380.52,380.59,0.07,-1.9,6.1,6.1,-0.0,-14.2,-0.0,879,3925,0,2,0
1080,154.12,31168,380.47,380.55,0.09,-2.1,7.2,6.1,-0.0,-15.4,-0.0,829,3870,0,2,-1
1081,154.29,31164,380.42,380.48,0.06,-3.2,5.1,6.1,-0.0,-14.5,-0.0,779,3824,0,3,-1
1082,154.46,31161,380.38,380.42,0.04,-5.0,3.1,6.1,-0.0,-14.2,-0.0,741,3788,0,4,-2
1083,154.62,31157,380.33,380.36,0.02,-6.5,2.0,6.1,-0.0,-14.7,-0.0,691,3735,0,5,-3
1084,154.70,31156,380.32,380.33,0.00,-8.6,0.0,6.1,-0.0,-14.7,-0.0,679,3726,0,7,-4
1085,154.87,31154,380.30,380.26,-0.04,-11.2,-3.1,6.1,-0.0,-14.3,-0.0,654,3711,0,9,-6
1086,155.05,31149,380.24,380.19,-0.05,-12.7,-4.1,6.1,-0.0,-14.8,-0.0,591,3641,0,9,-8
1087,155.13,31147,380.21,380.16,-0.05,-13.2,-4.1,6.1,-0.0,-15.2,-0.0,566,3616,0,9,-9
1088,155.31,31146,380.20,380.09,-0.11,-17.4,-9.2,6.1,-0.0,-14.3,-0.0,554,3610,0,12,-11
1089,155.48,31143,380.16,380.03,-0.13,-19.5,-11.2,6.1,-0.0,-14.3,-0.0,516,3572,0,13,-14
1090,155.57,31140,380.13,379.99,-0.13,-21.3,-11.2,6.1,-0.0,-16.2,-0.0,479,3528,0,13,-16
1091,155.74,31140,380.13,379.92,-0.21,-25.4,-17.4,6.1,-0.0,-14.1,-0.0,479,3538,0,16,-19
1092,155.83,31138,380.10,379.89,-0.22,-28.3,-18.4,6.1,-0.0,-16.0,-0.0,454,3511,0,17,-21
1093,156.00,31129,379.99,379.82,-0.17,-22.6,-14.3,6.1,-0.0,-14.4,-0.0,341,3388,0,10,-19
1094,156.18,31126,379.96,379.75,-0.21,-25.9,-17.4,6.1,-0.0,-14.6,-0.0,304,3351,0,10,-23
1095,156.27,31126,379.96,379.72,-0.23,-29.6,-19.4,6.1,-0.0,-16.3,-0.0,304,3353,0,12,-26
1096,156.43,31122,379.91,379.65,-0.26,-29.8,-21.5,6.1,-0.0,-14.4,-0.0,254,3300,0,10,-27
1097,156.60,31121,379.90,379.59,-0.31,-33.7,-25.6,6.1,-0.0,-14.2,-0.0,241,3293,0,11,-31
1098,156.69,31117,379.85,379.55,-0.29,-33.9,-24.5,6.1,-0.0,-15.4,-0.0,191,3244,0,9,-32
1099,156.86,31114,379.81,379.49,-0.32,-34.8,-26.6,6.0,-0.0,-14.2,-0.0,154,3209,0,7,-33
1100,157.03,31107,379.72,379.42,-0.31,-34.0,-25.6,6.0,-0.0,-14.5,-0.0,66,3113,0,2,-33
1101,157.12,31106,379.71,379.38,-0.33,-37.0,-27.6,6.0,-0.0,-15.4,-0.0,54,3101,0,2,-36
1102,157.29,31102,379.66,379.32,-0.35,-38.2,-29.7,6.0,-0.0,-14.5,-0.0,4,3048,0,-1,-37
1103,157.46,31099,379.63,379.25,-0.38,-39.5,-31.7,6.0,-0.0,-13.8,-0.0,4062,3014,0,-3,-38
1104,157.55,31096,379.59,379.22,-0.38,-40.9,-31.7,6.0,-0.0,-15.2,-0.0,4025,2973,0,-6,-39
1105,157.71,31088,379.49,379.15,-0.34,-36.8,-28.6,6.0,-0.0,-14.1,-0.0,3925,2874,0,-11,-34
1106,157.87,31084,379.44,379.09,-0.35,-37.6,-29.7,6.0,0.0,-13.8,-0.0,3875,2819,0,-14,-34
1107,158.05,31074,379.32,379.02,-0.31,-34.4,-25.6,5.9,0.0,-14.8,-0.0,3750,2688,0,-19,-28
1108,158.13,31071,379.28,378.98,-0.31,-34.7,-25.6,5.9,0.0,-15.0,-0.0,3712,2645,0,-20,-27
1109,158.31,31066,379.22,378.92,-0.31,-33.5,-25.6,5.9,0.0,-13.9,-0.0,3650,2592,0,-22,-24
1110,158.48,31057,379.11,378.85,-0.27,-31.4,-22.5,5.9,0.0,-14.8,-0.0,3537,2468,0,-24,-18
1111,158.57,31054,379.08,378.81,-0.27,-32.4,-22.5,5.9,0.0,-15.8,-0.0,3500,2429,0,-26,-17
1112,158.73,31049,379.02,378.75,-0.27,-30.8,-22.5,5.9,0.0,-14.2,-0.0,3437,2377,0,-26,-14
1113,158.91,31041,378.92,378.68,-0.24,-29.9,-20.5,5.9,0.0,-15.4,-0.0,3337,2271,0,-27,-10
1114,159.00,31038,378.88,378.64,-0.24,-30.7,-20.5,5.9,0.0,-16.1,-0.0,3300,2231,0,-29,-8
1115,159.17,31029,378.77,378.57,-0.20,-25.6,-16.4,5.9,0.0,-15.1,-0.0,3187,2121,0,-25,-3
1116,159.26,31027,378.75,378.54,-0.21,-27.4,-17.4,5.9,0.0,-15.9,-0.0,3162,2095,0,-26,-2
1117,159.43,31019,378.65,378.47,-0.18,-23.5,-15.3,5.9,0.0,-14.0,-0.0,3062,1996,0,-23,2
1118,159.60,31010,378.54,378.40,-0.13,-20.4,-11.2,5.8,0.0,-14.9,-0.0,2950,1880,0,-19,5
1119,159.69,31004,378.47,378.37,-0.10,-17.3,-8.2,5.8,0.0,-15.0,-0.0,2875,1800,0,-16,6
1120,159.86,30998,378.39,378.30,-0.10,-17.3,-8.2,5.8,0.0,-15.0,-0.0,2800,1730,0,-15,8
1121,160.03,30990,378.30,378.23,-0.06,-14.3,-5.1,5.8,0.0,-15.0,-0.0,2700,1626,0,-11,8
1122,160.12,30987,378.26,378.19,-0.06,-15.5,-5.1,5.8,0.0,-16.2,-0.0,2662,1587,0,-11,10
1123,160.29,30975,378.11,378.13,0.01,-7.2,1.0,5.8,0.0,-14.1,-0.0,2512,1439,0,-4,6
1124,160.46,30968,378.03,378.06,0.04,-5.2,3.1,5.8,0.0,-14.1,-0.0,2425,1353,0,-2,4
1125,160.55,30963,377.97,378.02,0.06,-5.3,5.1,5.8,0.0,-16.2,-0.0,2362,1282,0,-2,5
1126,160.72,30959,377.92,377.95,0.04,-5.7,3.1,5.8,0.0,-14.6,-0.0,2312,1243,0,-2,5
1127,160.89,30951,377.82,377.89,0.06,-4.6,5.1,5.8,0.0,-15.5,-0.0,2212,1143,0,-1,4
1128,160.97,30948,377.78,377.85,0.07,-1.9,6.1,5.8,0.0,-13.9,-0.0,2175,1113,0,0,2
1129,161.14,30941,377.70,377.79,0.09,-1.6,7.2,5.8,0.0,-14.6,-0.0,2087,1024,0,0,2
1130,161.31,30933,377.60,377.71,0.11,-0.1,9.2,5.9,0.0,-15.1,-0.0,1987,924,0,0,0
1131,161.40,30930,377.56,377.68,0.11,-0.8,9.2,5.9,0.0,-15.8,-0.0,1950,881,0,0,1
1132,161.57,30923,377.48,377.61,0.13,2.2,11.2,5.9,0.0,-14.9,-0.0,1862,2845,0,-1,-2
1133,161.74,30914,377.37,377.54,0.17,6.0,14.3,5.9,0.0,-14.2,-0.0,1750,2730,0,-3,-5
1134,161.83,30909,377.31,377.51,0.20,5.6,16.4,5.9,0.0,-16.6,-0.0,1687,2659,0,-3,-4
1135,162.00,30904,377.25,377.44,0.20,7.6,16.4,5.9,0.0,-14.7,-0.0,1625,2607,0,-5,-6
1136,162.17,30899,377.19,377.37,0.18,7.0,15.3,5.9,0.0,-14.2,-0.0,1562,2547,0,-5,-5
1137,162.25,30899,377.19,377.33,0.15,1.8,12.3,5.9,0.0,-16.4,-0.0,1562,2547,0,-1,-1
1138,162.42,30890,377.08,377.27,0.20,7.8,16.4,5.9,0.0,-14.5,-0.0,1450,2440,0,-6,-4
1139,162.59,30884,377.00,377.20,0.20,7.5,16.4,5.9,0.0,-14.7,-0.0,1375,2367,0,-6,-3
1140,162.68,30883,376.99,377.16,0.17,4.5,14.3,5.9,-0.0,-15.7,-0.0,1362,2353,0,-4,-2
1141,162.84,30879,376.94,377.09,0.16,4.4,13.3,5.9,-0.0,-14.8,-0.0,1312,2307,0,-4,-2
1142,163.01,30872,376.86,377.03,0.17,5.5,14.3,5.9,0.0,-14.8,-0.0,1225,2212,0,-5,-1
1143,163.17,30865,376.77,376.96,0.18,6.7,15.3,5.9,-0.0,-14.6,-0.0,1137,2133,0,-6,-1
1144,163.27,30863,376.75,376.92,0.18,5.3,15.3,5.9,-0.0,-16.0,-0.0,1112,2102,0,-5,0
1145,163.44,30857,376.67,376.85,0.18,6.5,15.3,5.9,0.0,-14.8,-0.0,1037,2024,0,-6,0
1146,163.61,30854,376.64,376.78,0.15,3.9,12.3,5.9,-0.0,-14.4,-0.0,1000,1993,0,-4,0
1147,163.69,30853,376.62,376.75,0.12,0.1,10.2,6.0,-0.0,-16.1,-0.0,987,1981,0,0,0
1148,163.87,30847,376.55,376.68,0.12,1.6,10.2,6.0,-0.0,-14.6,-0.0,912,1910,0,-1,0
1149,164.03,30842,376.49,376.61,0.12,1.1,10.2,6.0,-0.0,-15.1,-0.0,850,1847,0,-1,0
1150,164.12,30839,376.45,376.57,0.12,0.6,10.2,6.0,-0.0,-15.6,-0.0,812,1808,0,-1,0
1151,164.27,30837,376.43,376.51,0.09,-1.5,7.2,6.0,-0.0,-14.7,-0.0,787,3834,0,1,-1
1152,164.44,30833,376.38,376.44,0.06,-3.8,5.1,6.0,-0.0,-14.9,-0.0,737,3785,0,3,-2
1153,164.61,30830,376.34,376.37,0.02,-6.7,2.0,6.0,-0.0,-14.7,-0.0,700,3751,0,6,-3
1154,164.70,30825,376.28,376.34,0.05,-5.6,4.1,6.0,-0.0,-15.7,-0.0,637,3682,0,4,-3
1155,164.87,30825,376.28,376.26,-0.01,-10.2,-1.0,6.0,-0.0,-15.2,-0.0,637,3691,0,8,-6
1156,165.04,30815,376.16,376.19,0.04,-7.1,3.1,6.0,-0.0,-16.2,-0.0,512,3553,0,5,-5
1157,165.13,30814,376.15,376.16,0.01,-9.7,1.0,6.0,-0.0,-16.7,-0.0,500,3542,0,6,-7
1158,165.30,30814,376.15,376.09,-0.06,-14.1,-5.1,6.0,-0.0,-15.0,-0.0,500,3549,0,9,-10
1159,165.47,30811,376.11,376.02,-0.10,-16.7,-8.2,6.0,-0.0,-14.5,-0.0,462,3514,0,10,-13
1160,165.55,30808,376.07,375.98,-0.10,-18.7,-8.2,6.0,-0.0,-16.5,-0.0,425,3470,0,10,-15
1161,165.72,30807,376.06,375.91,-0.15,-20.6,-12.3,6.0,-0.0,-14.3,-0.0,412,3473,0,12,-16
1162,165.89,30802,376.00,375.84,-0.16,-23.1,-13.3,6.0,-0.0,-15.8,-0.0,350,3403,0,11,-20
1163,165.97,30800,375.98,375.81,-0.17,-24.2,-14.3,5.9,-0.0,-15.8,-0.0,325,3375,0,10,-21
1164,166.14,30795,375.92,375.74,-0.18,-24.5,-15.3,5.9,-0.0,-15.1,-0.0,262,3311,0,8,-22
1165,166.31,30793,375.89,375.67,-0.22,-27.1,-18.4,5.9,-0.0,-14.6,-0.0,237,3289,0,9,-25
1166,166.39,30791,375.87,375.63,-0.23,-29.8,-19.4,5.9,-0.0,-16.3,-0.0,212,3259,0,8,-28
1167,166.57,30787,375.82,375.56,-0.26,-30.2,-21.5,5.9,-0.0,-14.6,-0.0,162,3213,0,6,-29
1168,166.73,30787,375.82,375.49,-0.32,-35.3,-26.6,5.9,-0.0,-14.6,-0.0,162,3220,0,8,-33
1169,166.82,30784,375.78,375.46,-0.33,-39.1,-27.6,5.9,-0.0,-17.4,-0.0,125,3178,0,6,-37
1170,166.99,30777,375.70,375.38,-0.32,-36.6,-26.6,5.9,-0.0,-15.9,-0.0,37,3085,0,1,-35
1171,167.17,30774,375.66,375.31,-0.35,-39.2,-29.7,5.9,-0.0,-15.4,-0.0,0,3051,0,-1,-38
1172,167.25,30770,375.61,375.27,-0.34,-38.9,-28.6,5.9,-0.0,-16.2,-0.0,4046,2996,0,-4,-37
1173,167.42,30761,375.50,375.21,-0.29,-33.6,-24.5,5.9,0.0,-14.9,-0.0,3933,2872,0,-10,-31
1174,167.59,30759,375.48,375.13,-0.34,-37.5,-28.6,5.8,-0.0,-14.7,-0.0,3908,2853,0,-12,-34
1175,167.68,30757,375.45,375.10,-0.35,-40.5,-29.7,5.8,-0.0,-16.7,-0.0,3883,2827,0,-14,-37
1176,167.85,30750,375.37,375.02,-0.34,-38.3,-28.6,5.8,0.0,-15.5,-0.0,3796,2737,0,-18,-32
1177,168.02,30746,375.32,374.95,-0.37,-39.9,-30.7,5.8,-0.0,-15.0,-0.0,3746,2693,0,-21,-32
1178,168.11,30742,375.27,374.91,-0.35,-41.9,-29.7,5.8,-0.0,-18.0,-0.0,3696,2640,0,-25,-32
1179,168.28,30736,375.20,374.84,-0.35,-38.7,-29.7,5.8,-0.0,-14.8,-0.0,3621,2565,0,-26,-27
1180,168.45,30727,375.09,374.77,-0.32,-37.1,-26.6,5.8,0.0,-16.3,-0.0,3508,2444,0,-30,-21
1181,168.54,30724,375.05,374.73,-0.32,-37.4,-26.6,5.8,0.0,-16.5,-0.0,3471,2407,0,-31,-19
1182,168.71,30715,374.94,374.66,-0.28,-33.3,-23.5,5.7,0.0,-15.5,-0.0,3358,2289,0,-30,-12
1183,168.88,30706,374.83,374.59,-0.23,-29.3,-19.4,5.7,0.0,-15.6,-0.0,3246,2171,0,-28,-5
1184,168.97,30702,374.78,374.56,-0.22,-28.8,-18.4,5.7,0.0,-16.1,-0.0,3196,2120,0,-28,-3
1185,169.14,30694,374.68,374.48,-0.20,-26.2,-16.4,5.7,0.0,-15.6,-0.0,3096,2023,0,-25,1
1186,169.31,30687,374.60,374.41,-0.18,-24.7,-15.3,5.7,0.0,-15.1,-0.0,3008,1937,0,-24,4
1187,169.40,30685,374.57,374.37,-0.20,-26.8,-16.4,5.7,0.0,-16.1,-0.0,2983,1913,0,-25,5
1188,169.57,30676,374.46,374.30,-0.16,-22.5,-13.3,5.7,0.0,-14.9,-0.0,2871,1805,0,-20,8
1189,169.74,30671,374.40,374.23,-0.17,-24.8,-14.3,5.7,0.0,-16.2,-0.0,2808,1743,0,-21,11
1190,169.82,30669,374.38,374.19,-0.18,-25.8,-15.3,5.7,0.0,-16.2,-0.0,2783,1721,0,-22,12
1191,169.99,30658,374.24,374.12,-0.12,-20.0,-10.2,5.7,0.0,-15.4,-0.0,2646,1580,0,-15,13
1192,170.17,30646,374.10,374.04,-0.05,-15.1,-4.1,5.7,0.0,-16.7,-0.0,2496,1415,0,-8,12
1193,170.25,30645,374.08,374.01,-0.07,-16.4,-6.1,5.7,0.0,-15.9,-0.0,2483,1413,0,-9,13
1194,170.43,30635,373.96,373.93,-0.02,-12.3,-2.0,5.7,0.0,-16.0,-0.0,2358,1280,0,-5,11
1195,170.59,30626,373.85,373.86,0.01,-8.5,1.0,5.7,0.0,-15.2,-0.0,2246,1170,0,-2,8
1196,170.68,30620,373.78,373.83,0.05,-7.5,4.1,5.7,0.0,-17.2,-0.0,2171,1086,0,-1,7
1197,170.85,30609,373.65,373.75,0.11,-0.9,9.2,5.7,0.0,-15.8,-0.0,2033,954,0,0,1
1198,171.01,30606,373.61,373.68,0.07,-2.9,6.1,5.7,0.0,-14.7,-0.0,1996,924,0,0,3
1199,171.10,30600,373.54,373.65,0.11,-1.1,9.2,5.7,0.0,-16.0,-0.0,1921,844,0,0,1
1200,171.27,30590,373.41,373.58,0.16,4.0,13.3,5.7,0.0,-15.0,-0.0,1796,2769,0,-2,-3
1201,171.43,30587,373.38,373.50,0.13,1.9,11.2,5.7,0.0,-15.0,-0.0,1758,2743,0,-1,-2
1202,171.52,30582,373.32,373.47,0.15,0.9,12.3,5.7,0.0,-17.1,-0.0,1696,2676,0,0,-1
1203,171.69,30575,373.23,373.39,0.16,3.2,13.3,5.7,0.0,-15.8,-0.0,1608,2586,0,-2,-2
1204,171.85,30568,373.14,373.33,0.18,5.0,15.3,5.7,0.0,-16.1,-0.0,1521,2501,0,-4,-3
1205,172.02,30561,373.06,373.25,0.20,7.3,16.4,5.7,0.0,-14.8,-0.0,1433,2417,0,-6,-4
1206,172.10,30555,372.99,373.22,0.23,9.3,19.4,5.7,0.0,-15.9,-0.0,1358,2333,0,-8,-4
1207,172.27,30552,372.95,373.15,0.20,7.0,16.4,5.7,0.0,-15.1,-0.0,1321,2307,0,-6,-3
1208,172.44,30546,372.88,373.07,0.20,6.0,16.4,5.7,0.0,-16.2,-0.0,1246,2229,0,-6,-2
1209,172.53,30542,372.83,373.03,0.21,6.5,17.4,5.8,0.0,-16.7,-0.0,1196,2179,0,-6,-1
1210,172.69,30535,372.74,372.96,0.22,8.5,18.4,5.8,0.0,-15.7,-0.0,1108,2094,0,-8,-1
1211,172.87,30527,372.64,372.89,0.24,10.8,20.5,5.8,0.0,-15.4,-0.0,1008,1996,0,-10,1
1212,172.96,30526,372.63,372.85,0.22,6.7,18.4,5.8,0.0,-17.5,-0.0,996,1978,0,-6,1
1213,173.13,30518,372.53,372.77,0.24,10.3,20.5,5.8,0.0,-16.0,-0.0,896,1879,0,-10,3
1214,173.30,30515,372.50,372.70,0.21,7.7,17.4,5.8,0.0,-15.5,-0.0,858,1848,0,-7,2
1215,173.39,30512,372.46,372.66,0.20,5.1,16.4,5.8,-0.0,-17.0,-0.0,821,1809,0,-5,2
1216,173.56,30510,372.44,372.59,0.15,2.9,12.3,5.8,-0.0,-15.2,-0.0,796,1796,0,-3,1
1217,173.72,30501,372.33,372.52,0.20,6.7,16.4,5.8,-0.0,-15.5,-0.0,683,1675,0,-5,4
1218,173.81,30499,372.30,372.48,0.18,3.8,15.3,5.8,-0.0,-17.3,-0.0,658,1651,0,-3,2
1219,173.98,30492,372.22,372.41,0.20,6.4,16.4,5.8,-0.0,-15.8,-0.0,571,1561,0,-5,4
1220,174.15,30488,372.17,372.33,0.16,3.1,13.3,5.8,-0.0,-16.0,-0.0,521,1512,0,-2,2
1221,174.24,30485,372.13,372.29,0.16,2.6,13.3,5.8,0.0,-16.6,-0.0,483,1469,0,-2,2
1222,174.41,30483,372.11,372.22,0.11,-1.5,9.2,5.8,-0.0,-16.6,-0.0,458,3503,0,1,-1
1223,174.57,30479,372.06,372.15,0.09,-2.3,7.2,5.8,-0.0,-15.3,-0.0,408,3457,0,1,-2
1224,174.75,30476,372.02,372.07,0.05,-6.9,4.1,5.8,-0.0,-16.9,-0.0,371,3419,0,3,-6
1225,174.84,30472,371.97,372.03,0.06,-7.0,5.1,5.8,-0.0,-17.9,-0.0,321,3367,0,3,-6
1226,175.00,30469,371.94,371.96,0.02,-8.5,2.0,5.8,-0.0,-16.4,-0.0,283,3332,0,3,-8
1227,175.17,30464,371.88,371.89,0.01,-9.5,1.0,5.8,-0.0,-16.4,-0.0,221,3267,0,3,-9
1228,175.26,30462,371.85,371.85,0.00,-11.6,0.0,5.8,-0.0,-17.5,-0.0,196,3241,0,3,-11
1229,175.42,30456,371.78,371.77,0.00,-9.8,0.0,5.9,-0.0,-15.6,-0.0,121,3164,0,1,-9
1230,175.59,30454,371.75,371.70,-0.05,-13.9,-4.1,5.8,-0.0,-15.7,-0.0,96,3145,0,2,-13
1231,175.67,30451,371.72,371.66,-0.05,-14.7,-4.1,5.8,-0.0,-16.5,-0.0,58,3103,0,1,-14
1232,175.84,30449,371.69,371.59,-0.10,-17.8,-8.2,5.8,-0.0,-15.4,-0.0,33,3084,0,0,-17
1233,176.01,30446,371.66,371.52,-0.13,-21.1,-11.2,5.8,-0.0,-15.7,-0.0,4092,3050,0,-1,-20
1234,176.10,30445,371.64,371.48,-0.17,-27.1,-14.3,5.8,-0.0,-18.6,-0.0,4079,3036,0,-1,-26
1235,176.27,30437,371.55,371.40,-0.15,-22.7,-12.3,5.8,-0.0,-16.2,-0.0,3979,2930,0,-5,-21
1236,176.44,30435,371.52,371.33,-0.20,-26.3,-16.4,5.8,-0.0,-15.7,-0.0,3954,2910,0,-6,-25
1237,176.52,30433,371.50,371.29,-0.21,-27.0,-17.4,5.8,-0.0,-15.5,-0.0,3929,2882,0,-8,-25
1238,176.69,30428,371.44,371.22,-0.22,-28.9,-18.4,5.8,-0.0,-16.3,-0.0,3867,2816,0,-11,-26
1239,176.86,30424,371.39,371.14,-0.24,-30.2,-20.5,5.8,-0.0,-15.5,-0.0,3817,2769,0,-13,-26
1240,176.95,30422,371.36,371.10,-0.26,-33.8,-21.5,5.8,-0.0,-18.2,-0.0,3792,2743,0,-16,-29
1241,177.13,30417,371.30,371.02,-0.28,-34.1,-23.5,5.8,-0.0,-16.3,-0.0,3729,2679,0,-19,-27
1242,177.29,30412,371.24,370.95,-0.29,-34.6,-24.5,5.8,-0.0,-15.8,-0.0,3667,2616,0,-22,-26
1243,177.38,30412,371.24,370.91,-0.33,-38.7,-27.6,5.8,-0.0,-16.9,-0.0,3667,2619,0,-24,-29
1244,177.55,30403,371.13,370.84,-0.29,-34.4,-24.5,5.7,-0.0,-15.6,-0.0,3554,2501,0,-26,-21
1245,177.72,30400,371.09,370.76,-0.33,-38.5,-27.6,5.7,-0.0,-16.6,-0.0,3517,2463,0,-30,-22
1246,177.81,30395,371.03,370.72,-0.32,-38.8,-26.6,5.7,-0.0,-18.0,-0.0,3454,2395,0,-32,-19
1247,177.99,30391,370.98,370.64,-0.34,-38.8,-28.6,5.7,-0.0,-15.9,-0.0,3404,2350,0,-34,-17
1248,178.15,30383,370.89,370.57,-0.32,-37.3,-26.6,5.7,-0.0,-16.4,-0.0,3304,2245,0,-35,-11
1249,178.24,30379,370.84,370.53,-0.31,-36.6,-25.6,5.7,-0.0,-16.7,-0.0,3254,2194,0,-35,-8
1250,178.41,30374,370.78,370.45,-0.33,-39.2,-27.6,5.7,0.0,-17.2,-0.0,3192,2128,0,-38,-5
1251,178.58,30366,370.68,370.38,-0.31,-35.8,-25.6,5.7,0.0,-15.9,-0.0,3092,2032,0,-35,1
1252,178.67,30362,370.63,370.34,-0.29,-35.9,-24.5,5.7,0.0,-17.0,-0.0,3042,1974,0,-35,4
1253,178.84,30356,370.56,370.26,-0.29,-34.6,-24.5,5.6,0.0,-15.7,-0.0,2967,1905,0,-33,7
1254,179.01,30348,370.46,370.19,-0.27,-32.6,-22.5,5.6,0.0,-15.7,-0.0,2867,1802,0,-29,12
1255,179.10,30345,370.42,370.15,-0.28,-36.0,-23.5,5.6,0.0,-18.1,-0.0,2829,1758,0,-31,15
1256,179.27,30336,370.31,370.07,-0.24,-30.8,-20.5,5.6,0.0,-16.0,-0.0,2717,1650,0,-24,17
1257,179.44,30328,370.21,369.99,-0.22,-30.1,-18.4,5.6,0.0,-17.3,-0.0,2617,1546,0,-21,20
1258,179.52,30322,370.14,369.95,-0.18,-26.8,-15.3,5.6,0.0,-17.1,-0.0,2542,1466,0,-16,20
1259,179.70,30315,370.06,369.88,-0.18,-26.8,-15.3,5.6,0.0,-17.1,-0.0,2454,1380,0,-14,22
1260,179.87,30307,369.96,369.80,-0.16,-24.3,-13.3,5.6,0.0,-16.6,-0.0,2354,1281,0,-9,22
1261,179.95,30302,369.90,369.76,-0.13,-22.8,-11.2,5.6,0.0,-17.1,-0.0,2292,1216,0,-6,21
1262,180.13,30294,369.80,369.68,-0.12,-21.2,-10.2,5.6,0.0,-16.6,-0.0,2192,1118,0,-3,20
1263,180.29,30284,369.68,369.61,-0.06,-15.6,-5.1,5.6,0.0,-16.1,-0.0,2067,995,0,1,15
1264,180.37,30278,369.60,369.57,-0.04,-14.6,-3.1,5.6,0.0,-17.2,-0.0,1992,911,0,2,14
1265,180.55,30271,369.52,369.49,-0.02,-13.4,-2.0,5.6,0.0,-16.9,-0.0,1904,826,0,4,12
1266,180.71,30262,369.41,369.42,0.01,-8.7,1.0,5.6,0.0,-15.3,-0.0,1792,722,0,4,8
1267,180.80,30257,369.35,369.38,0.04,-9.4,3.1,5.6,0.0,-18.0,-0.0,1729,645,0,5,8
1268,180.97,30248,369.24,369.30,0.06,-5.7,5.1,5.6,0.0,-16.4,-0.0,1617,541,0,4,4
1269,181.15,30241,369.15,369.22,0.07,-5.0,6.1,5.6,0.0,-16.7,-0.0,1529,453,0,4,3
1270,181.23,30235,369.08,369.18,0.11,-2.7,9.2,5.6,0.0,-17.5,-0.0,1454,375,0,2,1
1271,181.41,30228,368.99,369.11,0.11,-2.7,9.2,5.6,0.0,-17.5,-0.0,1367,291,0,2,1
1272,181.57,30219,368.88,369.03,0.15,1.1,12.3,5.6,0.0,-16.7,-0.0,1254,2231,0,-1,0
1273,181.66,30214,368.82,368.99,0.17,1.6,14.3,5.6,0.0,-18.4,-0.0,1192,2162,0,-1,0
1274,181.82,30207,368.74,368.92,0.18,4.5,15.3,5.6,0.0,-16.5,-0.0,1104,2078,0,-4,0
1275,182.00,30201,368.66,368.84,0.17,2.9,14.3,5.6,0.0,-17.0,-0.0,1029,2010,0,-3,0
1276,182.09,30195,368.59,368.80,0.21,3.8,17.4,5.6,0.0,-19.2,-0.0,954,1922,0,-4,1
1277,182.25,30189,368.52,368.72,0.21,6.5,17.4,5.6,0.0,-16.5,-0.0,879,1859,0,-6,2
1278,182.43,30184,368.46,368.64,0.18,4.2,15.3,5.6,0.0,-16.8,-0.0,817,1803,0,-4,1
1279,182.51,30178,368.38,368.60,0.22,6.7,18.4,5.6,0.0,-17.4,-0.0,742,1722,0,-6,3
1280,182.68,30174,368.33,368.52,0.20,4.9,16.4,5.6,0.0,-17.1,-0.0,692,1676,0,-4,3
1281,182.85,30166,368.24,368.45,0.21,6.5,17.4,5.7,-0.0,-16.6,-0.0,592,1583,0,-5,4
1282,182.94,30164,368.21,368.41,0.20,4.1,16.4,5.7,-0.0,-18.0,-0.0,567,1552,0,-3,3
1283,183.12,30154,368.09,368.32,0.23,8.0,19.4,5.7,0.0,-17.2,-0.0,442,1422,0,-4,6
1284,183.29,30149,368.03,368.25,0.22,7.7,18.4,5.7,-0.0,-16.3,-0.0,379,1368,0,-4,6
1285,183.45,30142,367.94,368.18,0.23,8.2,19.4,5.7,0.0,-16.9,-0.0,292,1273,0,-3,7
1286,183.53,30142,367.94,368.14,0.20,4.6,16.4,5.7,-0.0,-17.5,-0.0,292,1279,0,-2,4
1287,183.69,30135,367.86,368.06,0.21,7.0,17.4,5.7,-0.0,-16.1,-0.0,204,1194,0,-2,7
1288,183.86,30130,367.80,367.98,0.18,4.9,15.3,5.7,-0.0,-16.1,-0.0,142,1135,0,-1,5
1289,183.95,30127,367.76,367.95,0.18,4.4,15.3,5.7,-0.0,-16.7,-0.0,104,1095,0,0,4
1290,184.11,30118,367.65,367.87,0.22,7.2,18.4,5.7,-0.0,-17.0,-0.0,4088,980,0,0,7
1291,184.28,30114,367.60,367.79,0.18,4.4,15.3,5.7,0.0,-16.7,-0.0,4038,927,0,1,4
1292,184.37,30113,367.59,367.75,0.16,0.1,13.3,5.7,-0.0,-18.9,-0.0,4025,917,0,0,0
1293,184.54,30107,367.52,367.67,0.16,3.4,13.3,5.7,-0.0,-15.6,-0.0,3950,846,0,1,3
1294,184.71,30104,367.48,367.59,0.11,-3.2,9.2,5.8,-0.0,-18.1,-0.0,3913,2857,0,-1,-3
1295,184.80,30101,367.44,367.55,0.11,-3.2,9.2,5.8,-0.0,-18.1,-0.0,3875,2824,0,-1,-3
1296,184.97,30093,367.35,367.47,0.12,-1.3,10.2,5.8,-0.0,-17.3,-0.0,3775,2720,0,-1,-1
1297,185.14,30090,367.31,367.39,0.09,-3.6,7.2,5.8,-0.0,-16.5,-0.0,3738,2685,0,-2,-3
1298,185.23,30090,367.31,367.35,0.05,-8.0,4.1,5.8,-0.0,-17.9,-0.0,3738,2688,0,-4,-6
1299,185.40,30084,367.24,367.27,0.04,-9.1,3.1,5.8,-0.0,-17.9,-0.0,3663,2608,0,-6,-7
1300,185.57,30078,367.16,367.20,0.04,-8.3,3.1,5.8,-0.0,-17.1,-0.0,3588,2539,0,-6,-5
1301,185.66,30078,367.16,367.15,-0.01,-14.0,-1.0,5.8,-0.0,-18.8,-0.0,3588,2540,0,-10,-9
1302,185.83,30074,367.11,367.08,-0.04,-13.9,-3.1,5.8,-0.0,-16.6,-0.0,3538,2491,0,-10,-8
1303,186.01,30069,367.05,366.99,-0.06,-19.0,-5.1,5.8,-0.0,-19.6,-0.0,3475,2421,0,-15,-10
1304,186.09,30065,367.00,366.95,-0.05,-16.9,-4.1,5.8,-0.0,-18.5,-0.0,3425,2371,0,-14,-8
1305,186.26,30062,366.97,366.87,-0.10,-19.6,-8.2,5.8,-0.0,-17.2,-0.0,3388,2341,0,-17,-8
1306,186.44,30059,366.93,366.79,-0.13,-22.7,-11.2,5.8,-0.0,-17.2,-0.0,3350,2300,0,-20,-8
1307,186.51,30059,366.93,366.76,-0.17,-24.4,-14.3,5.7,-0.0,-15.8,-0.0,3350,2306,0,-22,-9
1308,186.68,30056,366.89,366.68,-0.21,-28.0,-17.4,5.7,-0.0,-16.4,-0.0,3313,2270,0,-26,-9
1309,186.85,30053,366.86,366.60,-0.26,-32.1,-21.5,5.7,-0.0,-16.4,-0.0,3275,2235,0,-30,-9
1310,186.93,30050,366.82,366.56,-0.26,-34.1,-21.5,5.7,-0.0,-18.3,-0.0,3238,2195,0,-32,-7
1311,187.10,30045,366.76,366.48,-0.28,-35.3,-23.5,5.7,-0.0,-17.5,-0.0,3175,2129,0,-34,-4
1312,187.27,30040,366.70,366.40,-0.29,-35.8,-24.5,5.7,-0.0,-17.0,-0.0,3113,2063,0,-35,-1
1313,187.37,30038,366.67,366.36,-0.32,-40.4,-26.6,5.7,-0.0,-19.5,-0.0,3088,2034,0,-39,1
1314,187.53,30035,366.64,366.28,-0.35,-40.4,-29.7,5.7,-0.0,-16.5,-0.0,3050,2001,0,-39,3
1315,187.70,30030,366.58,366.20,-0.38,-43.6,-31.7,5.7,-0.0,-17.6,-0.0,2988,1937,0,-42,7
1316,187.79,30028,366.55,366.16,-0.39,-45.2,-32.7,5.7,-0.0,-18.1,-0.0,2963,1913,0,-43,9
1317,187.96,30019,366.44,366.08,-0.37,-41.8,-30.7,5.6,-0.0,-16.8,-0.0,2850,1796,0,-38,15
1318,188.13,30012,366.36,366.00,-0.35,-40.5,-29.7,5.6,-0.0,-16.5,-0.0,2763,1704,0,-34,20
1319,188.22,30007,366.30,365.96,-0.34,-41.5,-28.6,5.6,0.0,-18.5,-0.0,2700,1632,0,-32,24
1320,188.39,30005,366.27,365.88,-0.39,-43.7,-32.7,5.6,-0.0,-16.5,-0.0,2675,1616,0,-33,26
1321,188.56,29997,366.17,365.80,-0.38,-42.7,-31.7,5.6,0.0,-16.5,-0.0,2575,1513,0,-28,30
1322,188.65,29993,366.13,365.76,-0.37,-44.2,-30.7,5.6,0.0,-19.1,-0.0,2525,1459,0,-26,34
1323,188.82,29985,366.03,365.68,-0.35,-40.7,-29.7,5.6,0.0,-16.6,-0.0,2425,1363,0,-20,34
1324,188.99,29976,365.92,365.59,-0.33,-40.6,-27.6,5.5,0.0,-18.5,-0.0,2313,1240,0,-13,37
1325,189.08,29972,365.87,365.55,-0.32,-39.9,-26.6,5.5,0.0,-18.8,-0.0,2263,1187,0,-10,37
1326,189.25,29968,365.82,365.47,-0.35,-41.9,-29.7,5.5,0.0,-17.7,-0.0,2213,1146,0,-8,40
1327,189.43,29958,365.70,365.39,-0.31,-36.7,-25.6,5.5,0.0,-16.6,-0.0,2088,1021,0,0,36
1328,189.51,29954,365.65,365.35,-0.31,-38.7,-25.6,5.5,0.0,-18.6,-0.0,2038,966,0,3,37
1329,189.69,29941,365.49,365.26,-0.23,-31.4,-19.4,5.5,0.0,-17.5,-0.0,1875,800,0,10,29
1330,189.86,29933,365.39,365.18,-0.21,-29.1,-17.4,5.5,0.0,-17.2,-0.0,1775,697,0,14,25
1331,189.95,29929,365.34,365.14,-0.21,-30.3,-17.4,5.5,0.0,-18.4,-0.0,1725,641,0,16,24
1332,190.12,29917,365.20,365.06,-0.13,-22.5,-11.2,5.5,0.0,-16.7,-0.0,1575,494,0,16,15
1333,190.29,29909,365.10,364.98,-0.12,-22.9,-10.2,5.5,0.0,-18.1,-0.0,1475,393,0,18,13
1334,190.38,29904,365.04,364.94,-0.10,-21.1,-8.2,5.5,0.0,-18.4,-0.0,1413,332,0,18,10
1335,190.54,29895,364.93,364.86,-0.07,-17.4,-6.1,5.5,0.0,-16.7,-0.0,1300,223,0,16,6
1336,190.72,29885,364.81,364.77,-0.04,-15.8,-3.1,5.5,0.0,-18.1,-0.0,1175,95,0,15,2
1337,190.81,29878,364.72,364.73,0.01,-11.7,1.0,5.5,0.0,-18.2,-0.0,1088,5,0,11,0
1338,190.98,29867,364.59,364.65,0.06,-7.3,5.1,5.5,0.0,-17.9,-0.0,950,3959,0,7,-1
1339,191.07,29861,364.51,364.60,0.09,-7.0,7.2,5.5,0.0,-19.6,-0.0,875,3877,0,6,-2
1340,191.24,29855,364.44,364.52,0.09,-4.4,7.2,5.5,0.0,-17.1,-0.0,800,3816,0,4,-2
1341,191.41,29842,364.28,364.44,0.16,1.7,13.3,5.5,0.0,-17.1,-0.0,638,1601,0,-1,1
1342,191.57,29834,364.18,364.36,0.18,3.7,15.3,5.5,0.0,-17.1,-0.0,538,1509,0,-2,3
1343,191.67,29828,364.11,364.32,0.21,3.5,17.4,5.5,0.0,-19.4,-0.0,463,1424,0,-2,3
1344,191.82,29823,364.05,364.25,0.20,5.0,16.4,5.5,0.0,-16.8,-0.0,400,1372,0,-2,4
1345,192.00,29810,363.89,364.16,0.27,8.6,22.5,5.5,0.0,-19.4,-0.0,238,1199,0,-2,8
1346,192.08,29806,363.84,364.12,0.28,10.8,23.5,5.5,0.0,-18.3,-0.0,188,1156,0,-2,10
1347,192.25,29797,363.73,364.04,0.31,13.1,25.6,5.5,0.0,-18.0,-0.0,75,1043,0,0,13
1348,192.42,29793,363.68,363.96,0.27,10.0,22.5,5.5,0.0,-18.0,-0.0,25,999,0,0,10
1349,192.51,29788,363.62,363.92,0.29,11.8,24.5,5.5,0.0,-18.3,-0.0,4059,934,0,2,11
1350,192.68,29779,363.51,363.83,0.32,13.8,26.6,5.6,0.0,-18.3,-0.0,3946,827,0,4,13
1351,192.85,29771,363.42,363.75,0.34,16.4,28.6,5.6,0.0,-17.8,-0.0,3846,728,0,7,14
1352,192.94,29767,363.37,363.71,0.34,15.0,28.6,5.6,0.0,-19.2,-0.0,3796,676,0,7,13
1353,193.11,29761,363.29,363.62,0.33,15.7,27.6,5.6,0.0,-17.5,-0.0,3721,603,0,9,12
1354,193.28,29755,363.22,363.54,0.32,15.2,26.6,5.6,-0.0,-17.0,-0.0,3646,536,0,10,11
1355,193.37,29750,363.16,363.50,0.34,14.7,28.6,5.6,0.0,-19.5,-0.0,3584,466,0,11,9
1356,193.54,29742,363.06,363.42,0.35,17.5,29.7,5.6,0.0,-17.8,-0.0,3484,370,0,14,9
1357,193.71,29737,363.00,363.33,0.33,15.4,27.6,5.6,0.0,-17.9,-0.0,3421,309,0,13,7
1358,193.79,29737,363.00,363.30,0.29,13.8,24.5,5.6,-0.0,-16.4,-0.0,3421,316,0,12,6
1359,193.95,29729,362.90,363.22,0.32,15.5,26.6,5.7,0.0,-16.7,-0.0,3321,212,0,14,5
1360,194.12,29723,362.83,363.14,0.31,14.2,25.6,5.7,-0.0,-17.0,-0.0,3246,139,0,13,3
1361,194.21,29720,362.79,363.09,0.31,12.2,25.6,5.7,-0.0,-19.1,-0.0,3209,102,0,12,2
1362,194.38,29712,362.70,363.01,0.32,14.4,26.6,5.7,-0.0,-17.9,-0.0,3109,4095,0,14,0
1363,194.55,29710,362.67,362.93,0.26,10.1,21.5,5.7,-0.0,-17.1,-0.0,3084,4075,0,10,0
1364,194.64,29709,362.66,362.88,0.22,3.6,18.4,5.7,-0.0,-20.5,-0.0,3071,4062,0,3,0
1365,194.81,29705,362.61,362.80,0.20,4.4,16.4,5.7,-0.0,-17.7,-0.0,3021,4019,0,4,-1
1366,194.99,29703,362.59,362.72,0.13,-1.3,11.2,5.7,-0.0,-18.3,-0.0,2996,1953,0,-1,0
1367,195.08,29703,362.59,362.67,0.09,-6.8,7.2,5.7,-0.0,-19.7,-0.0,2996,1958,0,-7,1
1368,195.24,29696,362.50,362.59,0.10,-3.2,8.2,5.7,-0.0,-17.1,-0.0,2909,1866,0,-3,1
1369,195.40,29689,362.41,362.51,0.10,-3.8,8.2,5.7,-0.0,-17.7,-0.0,2821,1770,0,-3,2
1370,195.56,29685,362.37,362.43,0.07,-5.3,6.1,5.7,-0.0,-17.2,-0.0,2771,1719,0,-4,2
1371,195.65,29683,362.34,362.39,0.05,-8.8,4.1,5.7,-0.0,-18.6,-0.0,2746,1691,0,-7,4
1372,195.82,29678,362.28,362.31,0.02,-10.3,2.0,5.7,-0.0,-18.0,-0.0,2684,1629,0,-8,6
1373,196.00,29673,362.22,362.22,0.00,-12.9,0.0,5.7,-0.0,-18.6,-0.0,2621,1569,0,-9,8
1374,196.07,29671,362.19,362.18,-0.01,-11.6,-1.0,5.7,-0.0,-16.3,-0.0,2596,1548,0,-8,8
1375,196.24,29671,362.19,362.10,-0.10,-20.8,-8.2,5.7,-0.0,-18.4,-0.0,2596,1551,0,-15,14
1376,196.41,29667,362.15,362.02,-0.12,-22.0,-10.2,5.7,-0.0,-17.5,-0.0,2546,1502,0,-14,16
1377,196.50,29665,362.12,361.97,-0.15,-26.4,-12.3,5.7,-0.0,-19.9,-0.0,2521,1476,0,-16,20
1378,196.67,29660,362.06,361.89,-0.17,-26.4,-14.3,5.7,-0.0,-17.8,-0.0,2459,1416,0,-14,21
1379,196.83,29655,362.00,361.81,-0.18,-27.8,-15.3,5.7,-0.0,-18.1,-0.0,2396,1348,0,-13,24
1380,196.92,29654,361.99,361.77,-0.22,-32.0,-18.4,5.7,-0.0,-19.3,-0.0,2384,1333,0,-14,28
1381,197.09,29649,361.93,361.68,-0.24,-33.2,-20.5,5.7,-0.0,-18.5,-0.0,2321,1270,0,-12,30
1382,197.26,29647,361.90,361.60,-0.31,-36.9,-25.6,5.7,-0.0,-17.0,-0.0,2296,1250,0,-12,34
1383,197.35,29646,361.89,361.56,-0.33,-41.6,-27.6,5.7,-0.0,-19.7,-0.0,2284,1238,0,-13,38
1384,197.51,29640,361.82,361.48,-0.34,-41.2,-28.6,5.7,-0.0,-18.2,-0.0,2209,1163,0,-8,39
1385,197.69,29634,361.74,361.39,-0.35,-42.2,-29.7,5.6,-0.0,-18.2,-0.0,2134,1083,0,-4,41
1386,197.77,29630,361.69,361.35,-0.34,-41.8,-28.6,5.6,-0.0,-18.8,-0.0,2084,1031,0,0,41
1387,197.95,29627,361.66,361.26,-0.40,-47.6,-33.8,5.6,-0.0,-19.4,-0.0,2046,991,0,2,46
1388,198.12,29617,361.54,361.18,-0.35,-42.0,-29.7,5.6,-0.0,-18.0,-0.0,1921,860,0,10,39
1389,198.21,29613,361.49,361.13,-0.35,-43.8,-29.7,5.6,-0.0,-19.7,-0.0,1871,805,0,14,40
1390,198.37,29605,361.39,361.05,-0.34,-40.2,-28.6,5.6,0.0,-17.1,-0.0,1771,707,0,18,34
1391,198.55,29601,361.34,360.97,-0.38,-44.4,-31.7,5.6,-0.0,-18.3,-0.0,1721,657,0,23,36
1392,198.63,29599,361.32,360.92,-0.39,-47.5,-32.7,5.6,0.0,-20.4,-0.0,1696,626,0,26,38
1393,198.80,29592,361.23,360.84,-0.39,-45.8,-32.7,5.5,-0.0,-18.6,-0.0,1609,548,0,30,33
1394,198.98,29584,361.13,360.75,-0.38,-44.5,-31.7,5.5,-0.0,-18.3,-0.0,1509,448,0,33,27
1395,199.07,29581,361.10,360.71,-0.39,-47.0,-32.7,5.5,-0.0,-19.8,-0.0,1471,409,0,37,27
1396,199.23,29571,360.97,360.63,-0.35,-41.0,-29.7,5.5,0.0,-16.9,-0.0,1346,281,0,36,17
1397,199.40,29563,360.88,360.54,-0.33,-39.6,-27.6,5.5,0.0,-17.5,-0.0,1246,175,0,37,10
1398,199.56,29553,360.75,360.46,-0.29,-36.6,-24.5,5.5,0.0,-17.5,-0.0,1121,45,0,35,2
1399,199.65,29546,360.67,360.42,-0.26,-36.2,-21.5,5.5,0.0,-20.2,-0.0,1034,4043,0,35,-3
1400,199.82,29540,360.60,360.33,-0.27,-34.6,-22.5,5.5,0.0,-17.5,-0.0,959,3979,0,33,-6
1401,199.99,29532,360.50,360.24,-0.26,-34.5,-21.5,5.4,0.0,-18.4,-0.0,859,3882,0,32,-11
1402,200.08,29525,360.41,360.20,-0.22,-33.2,-18.4,5.4,0.0,-20.2,-0.0,771,3782,0,28,-15
1403,200.25,29514,360.28,360.11,-0.17,-26.7,-14.3,5.4,0.0,-17.8,-0.0,634,3651,0,20,-16
1404,200.42,29505,360.17,360.03,-0.13,-23.7,-11.2,5.4,0.0,-17.8,-0.0,521,3537,0,15,-17
1405,200.51,29499,360.10,359.99,-0.11,-23.7,-9.2,5.4,0.0,-19.9,-0.0,446,3453,0,13,-19
1406,200.68,29488,359.96,359.90,-0.06,-17.8,-5.1,5.4,0.0,-18.1,-0.0,309,3318,0,6,-16
1407,200.77,29483,359.90,359.86,-0.05,-18.3,-4.1,5.4,0.0,-19.6,-0.0,246,3252,0,5,-17
1408,200.94,29472,359.77,359.77,0.00,-13.0,0.0,5.4,0.0,-18.4,-0.0,109,3120,0,1,-13
1409,201.11,29462,359.64,359.68,0.04,-9.3,3.1,5.4,0.0,-17.8,-0.0,4080,2996,0,-1,-9
1410,201.20,29454,359.55,359.64,0.10,-5.1,8.2,5.4,0.0,-18.7,-0.0,3980,2889,0,-1,-5
1411,201.37,29447,359.46,359.56,0.10,-3.9,8.2,5.4,0.0,-17.5,-0.0,3892,2810,0,-1,-3
1412,201.53,29437,359.34,359.48,0.13,-0.9,11.2,5.4,0.0,-17.5,-0.0,3767,2685,0,0,-1
1413,201.70,29427,359.22,359.39,0.17,1.9,14.3,5.4,0.0,-17.8,-0.0,3642,511,0,1,1
1414,201.78,29422,359.16,359.35,0.20,2.5,16.4,5.4,0.0,-19.3,-0.0,3580,445,0,2,2
1415,201.95,29414,359.06,359.26,0.21,4.4,17.4,5.5,0.0,-18.4,-0.0,3480,352,0,4,2
1416,202.12,29405,358.95,359.18,0.23,7.1,19.4,5.5,0.0,-17.8,-0.0,3367,241,0,6,2
1417,202.21,29398,358.86,359.13,0.27,7.5,22.5,5.5,0.0,-20.5,-0.0,3280,144,0,7,2
1418,202.38,29388,358.74,359.05,0.31,13.2,25.6,5.5,0.0,-17.8,-0.0,3155,27,0,13,1
1419,202.56,29381,358.65,358.96,0.31,11.4,25.6,5.5,0.0,-19.6,-0.0,3067,4035,0,11,-1
1420,202.64,29375,358.58,358.92,0.34,14.5,28.6,5.5,0.0,-19.6,-0.0,2992,3955,0,14,-3
1421,202.82,29367,358.48,358.83,0.35,16.5,29.7,5.5,0.0,-18.7,-0.0,2892,3860,0,15,-6
1422,202.99,29361,358.41,358.74,0.33,14.1,27.6,5.5,0.0,-19.0,-0.0,2817,3794,0,12,-6
1423,203.08,29357,358.36,358.70,0.34,15.2,28.6,5.5,0.0,-19.0,-0.0,2767,3745,0,13,-8
1424,203.25,29349,358.26,358.62,0.35,15.9,29.7,5.6,0.0,-19.3,-0.0,2667,3642,0,12,-10
1425,203.42,29342,358.18,358.53,0.35,16.5,29.7,5.6,0.0,-18.7,-0.0,2580,3559,0,11,-12
1426,203.51,29338,358.13,358.49,0.35,15.0,29.7,5.6,0.0,-20.2,-0.0,2530,3508,0,9,-11
1427,203.67,29330,358.03,358.40,0.37,18.7,30.7,5.6,0.0,-17.5,-0.0,2430,3410,0,9,-16
1428,203.85,29320,357.91,358.32,0.40,20.3,33.8,5.6,0.0,-19.0,-0.0,2305,3282,0,6,-19
1429,203.93,29318,357.89,358.27,0.39,18.4,32.7,5.6,0.0,-19.9,-0.0,2280,3255,0,5,-17
1430,204.10,29317,357.87,358.19,0.32,14.7,26.6,5.6,-0.0,-17.5,-0.0,2267,3256,0,4,-14
1431,204.26,29310,357.79,358.11,0.32,14.7,26.6,5.6,-0.0,-17.5,-0.0,2180,3169,0,2,-14
1432,204.35,29306,357.74,358.07,0.33,13.4,27.6,5.7,-0.0,-19.9,-0.0,2130,3115,0,1,-13
1433,204.52,29301,357.68,357.98,0.31,13.7,25.6,5.7,-0.0,-17.5,-0.0,2067,3064,0,0,-13
1434,204.68,29295,357.60,357.90,0.29,12.7,24.5,5.7,-0.0,-17.5,-0.0,1992,2984,0,-2,-12
1435,204.77,29294,357.59,357.85,0.26,7.5,21.5,5.7,-0.0,-19.6,-0.0,1980,2967,0,-1,-7
1436,204.95,29288,357.52,357.77,0.24,7.4,20.5,5.7,-0.0,-18.7,-0.0,1905,2896,0,-2,-7
1437,205.10,29287,357.51,357.69,0.18,3.2,15.3,5.7,-0.0,-17.8,-0.0,1892,2890,0,-1,-3
1438,205.27,29280,357.42,357.61,0.18,3.5,15.3,5.7,-0.0,-17.5,-0.0,1805,2804,0,-1,-3
1439,205.35,29278,357.40,357.56,0.17,1.0,14.3,5.7,-0.0,-19.0,-0.0,1780,2778,0,0,-1
1440,205.53,29274,357.35,357.48,0.12,-3.1,10.2,5.7,-0.0,-19.0,-0.0,1730,679,0,2,3
1441,205.69,29273,357.34,357.39,0.06,-7.0,5.1,5.7,-0.0,-17.8,-0.0,1717,670,0,4,6
1442,205.78,29270,357.30,357.35,0.05,-8.9,4.1,5.7,-0.0,-18.7,-0.0,1680,630,0,5,7
1443,205.95,29268,357.28,357.26,-0.01,-13.1,-1.0,5.7,-0.0,-17.8,-0.0,1655,614,0,7,10
1444,206.13,29264,357.23,357.18,-0.05,-17.1,-4.1,5.7,-0.0,-18.7,-0.0,1605,563,0,11,13
1445,206.22,29260,357.18,357.13,-0.05,-18.3,-4.1,5.7,-0.0,-19.9,-0.0,1555,509,0,13,12
1446,206.38,29254,357.10,357.05,-0.06,-16.9,-5.1,5.7,-0.0,-17.5,-0.0,1480,429,0,13,10
1447,206.56,29256,357.13,356.96,-0.17,-28.2,-14.3,5.7,-0.0,-19.6,-0.0,1505,462,0,21,18
1448,206.65,29254,357.10,356.92,-0.18,-28.4,-15.3,5.7,-0.0,-18.7,-0.0,1480,435,0,22,17
1449,206.82,29248,357.03,356.83,-0.20,-29.4,-16.4,5.7,-0.0,-18.7,-0.0,1405,357,0,24,15
1450,206.91,29245,356.99,356.79,-0.21,-31.6,-17.4,5.7,-0.0,-19.9,-0.0,1367,319,0,27,14
1451,207.08,29243,356.97,356.70,-0.27,-35.2,-22.5,5.7,-0.0,-18.4,-0.0,1342,302,0,31,15
1452,207.25,29238,356.91,356.62,-0.29,-37.6,-24.5,5.7,-0.0,-18.7,-0.0,1280,229,0,34,13
1453,207.33,29237,356.90,356.57,-0.33,-40.7,-27.6,5.7,-0.0,-18.7,-0.0,1267,218,0,37,13
1454,207.51,29231,356.82,356.49,-0.34,-42.0,-28.6,5.7,-0.0,-19.0,-0.0,1192,142,0,40,9
1455,207.67,29226,356.76,356.40,-0.35,-42.2,-29.7,5.6,-0.0,-18.1,-0.0,1130,78,0,41,5
1456,207.77,29224,356.74,356.36,-0.38,-45.4,-31.7,5.6,-0.0,-19.3,-0.0,1105,51,0,44,3
1457,207.93,29221,356.70,356.27,-0.43,-47.7,-35.8,5.6,-0.0,-17.5,-0.0,1067,19,0,46,1
1458,208.10,29214,356.62,356.19,-0.43,-48.6,-35.8,5.6,-0.0,-18.4,-0.0,980,4022,0,47,-5
1459,208.19,29211,356.58,356.15,-0.44,-51.4,-36.8,5.6,-0.0,-20.2,-0.0,942,3982,0,49,-9
1460,208.35,29206,356.52,356.06,-0.45,-49.8,-37.8,5.6,-0.0,-17.5,-0.0,880,3924,0,47,-13
1461,208.53,29200,356.45,355.98,-0.46,-52.3,-38.9,5.5,-0.0,-19.0,-0.0,805,3841,0,47,-19
1462,208.69,29191,356.34,355.89,-0.44,-49.7,-36.8,5.5,0.0,-18.4,-0.0,692,3721,0,40,-26
1463,208.79,29188,356.30,355.85,-0.45,-52.2,-37.8,5.5,-0.0,-19.9,-0.0,655,3686,0,41,-30
1464,208.96,29178,356.18,355.76,-0.42,-47.1,-34.8,5.5,0.0,-17.8,-0.0,530,3557,0,31,-34
1465,209.05,29172,356.10,355.72,-0.39,-47.8,-32.7,5.5,0.0,-20.5,-0.0,455,3472,0,27,-38
1466,209.22,29166,356.03,355.63,-0.40,-46.7,-33.8,5.5,0.0,-18.4,-0.0,380,3402,0,22,-40
1467,209.38,29163,355.99,355.55,-0.45,-50.8,-37.8,5.5,-0.0,-18.4,-0.0,342,3373,0,22,-44
1468,209.47,29153,355.87,355.50,-0.37,-45.4,-30.7,5.4,0.0,-20.2,-0.0,217,3233,0,11,-43
1469,209.64,29144,355.76,355.42,-0.34,-40.8,-28.6,5.4,0.0,-17.5,-0.0,105,3129,0,3,-39
1470,209.81,29133,355.63,355.34,-0.29,-36.7,-24.5,5.4,0.0,-17.5,-0.0,4063,2988,0,-5,-35
1471,209.98,29121,355.48,355.25,-0.23,-31.9,-19.4,5.4,0.0,-17.8,-0.0,3913,2828,0,-11,-29
1472,210.07,29118,355.44,355.21,-0.23,-34.2,-19.4,5.4,0.0,-20.2,-0.0,3876,2779,0,-14,-30
1473,210.24,29110,355.35,355.12,-0.23,-32.2,-19.4,5.4,0.0,-18.1,-0.0,3776,2697,0,-17,-26
1474,210.41,29099,355.21,355.04,-0.18,-28.4,-15.3,5.4,0.0,-18.4,-0.0,3638,2556,0,-20,-19
1475,210.50,29090,355.10,354.99,-0.11,-24.9,-9.2,5.4,0.0,-21.1,-0.0,3526,2431,0,-20,-13
1476,210.67,29083,355.02,354.90,-0.11,-22.0,-9.2,5.4,0.0,-18.1,-0.0,3438,2360,0,-19,-10
1477,210.76,29075,354.92,354.86,-0.06,-19.7,-5.1,5.4,0.0,-19.9,-0.0,3338,2246,0,-18,-6
1478,210.93,29064,354.79,354.77,-0.01,-13.8,-1.0,5.4,0.0,-18.1,-0.0,3201,2111,0,-13,-1
1479,211.10,29050,354.61,354.69,0.07,-6.9,6.1,5.4,0.0,-18.4,-0.0,3026,1930,0,-7,1
1480,211.19,29048,354.59,354.65,0.06,-9.4,5.1,5.4,0.0,-19.9,-0.0,3001,1910,0,-9,2
1481,211.35,29037,354.46,354.56,0.11,-3.8,9.2,5.4,0.0,-18.4,-0.0,2863,1771,0,-3,2
1482,211.53,29026,354.32,354.48,0.16,-0.0,13.3,5.4,0.0,-18.7,-0.0,2726,1639,0,0,0
1483,211.62,29020,354.25,354.43,0.18,1.1,15.3,5.4,0.0,-19.6,-0.0,2651,3606,0,1,-1
1484,211.78,29009,354.11,354.35,0.23,7.0,19.4,5.4,0.0,-17.8,-0.0,2513,3478,0,4,-6
1485,211.95,28999,353.99,354.26,0.27,10.4,22.5,5.4,0.0,-17.5,-0.0,2388,3352,0,4,-9
1486,212.04,28993,353.92,354.22,0.31,10.5,25.6,5.4,0.0,-20.5,-0.0,2313,3265,0,3,-10
1487,212.22,28986,353.83,354.13,0.29,11.9,24.5,5.4,0.0,-18.1,-0.0,2226,3192,0,2,-11
1488,212.38,28978,353.74,354.05,0.32,14.2,26.6,5.4,0.0,-17.8,-0.0,2126,3098,0,1,-14
1489,212.48,28971,353.65,354.00,0.35,14.0,29.7,5.5,0.0,-21.1,-0.0,2038,2999,0,-2,-13
1490,212.64,28960,353.52,353.92,0.40,21.1,33.8,5.5,0.0,-18.1,-0.0,1901,2869,0,-6,-19
1491,212.82,28953,353.43,353.83,0.40,20.8,33.8,5.5,0.0,-18.4,-0.0,1813,2784,0,-9,-18
1492,212.90,28947,353.36,353.79,0.43,22.0,35.8,5.5,0.0,-19.3,-0.0,1738,2702,0,-11,-18
1493,213.07,28939,353.26,353.70,0.44,24.8,36.8,5.5,0.0,-17.5,-0.0,1638,2608,0,-16,-18
1494,213.24,28931,353.16,353.62,0.45,25.8,37.8,5.5,0.0,-17.5,-0.0,1538,2514,0,-19,-16
1495,213.33,28928,353.12,353.57,0.45,23.8,37.8,5.5,0.0,-19.6,-0.0,1501,2475,0,-18,-14
1496,213.50,28919,353.02,353.49,0.48,27.0,39.9,5.6,0.0,-18.4,-0.0,1388,2362,0,-23,-12
1497,213.67,28915,352.97,353.41,0.44,24.6,36.8,5.6,-0.0,-17.8,-0.0,1338,2323,0,-22,-10
1498,213.76,28912,352.93,353.36,0.43,20.6,35.8,5.6,-0.0,-20.8,-0.0,1301,2280,0,-19,-7
1499,213.93,28909,352.89,353.27,0.38,19.8,31.7,5.6,-0.0,-17.5,-0.0,1263,2256,0,-18,-6
1500,214.09,28902,352.81,353.19,0.39,21.1,32.7,5.6,-0.0,-17.2,-0.0,1176,2169,0,-20,-4
1501,214.26,28896,352.73,353.11,0.38,18.6,31.7,5.6,-0.0,-18.7,-0.0,1101,2093,0,-18,-1
1502,214.35,28895,352.72,353.07,0.34,14.4,28.6,5.7,-0.0,-19.9,-0.0,1088,2080,0,-14,-1
1503,214.52,28893,352.70,352.98,0.28,10.2,23.5,5.7,-0.0,-19.0,-0.0,1063,2062,0,-10,0
1504,214.68,28883,352.58,352.90,0.32,13.8,26.6,5.7,-0.0,-18.4,-0.0,938,1927,0,-13,2
1505,214.77,28883,352.58,352.85,0.28,9.6,23.5,5.7,-0.0,-19.6,-0.0,938,1932,0,-9,2
1506,214.95,28881,352.55,352.77,0.22,6.0,18.4,5.7,-0.0,-18.1,-0.0,913,1915,0,-6,1
1507,215.12,28877,352.50,352.68,0.17,0.7,14.3,5.7,-0.0,-19.3,-0.0,863,1859,0,-1,0
1508,215.21,28873,352.45,352.64,0.18,2.0,15.3,5.7,-0.0,-19.0,-0.0,813,1807,0,-2,1
1509,215.38,28869,352.40,352.55,0.15,-0.7,12.3,5.7,-0.0,-18.7,-0.0,763,3814,0,1,0
1510,215.47,28869,352.40,352.51,0.10,-6.0,8.2,5.7,-0.0,-19.9,-0.0,763,3813,0,5,-2
1511,215.63,28864,352.34,352.42,0.07,-5.7,6.1,5.7,-0.0,-17.5,-0.0,701,3749,0,5,-3
1512,215.81,28860,352.29,352.34,0.04,-10.5,3.1,5.7,-0.0,-19.3,-0.0,651,3697,0,8,-6
1513,215.89,28857,352.26,352.29,0.04,-10.2,3.1,5.7,-0.0,-19.0,-0.0,613,3661,0,8,-6
1514,216.05,28855,352.23,352.21,-0.02,-14.5,-2.0,5.7,-0.0,-18.1,-0.0,588,3639,0,11,-9
1515,216.22,28852,352.20,352.13,-0.07,-18.2,-6.1,5.7,-0.0,-17.8,-0.0,551,3600,0,13,-12
1516,216.39,28850,352.17,352.04,-0.13,-24.3,-11.2,5.7,-0.0,-18.7,-0.0,526,3578,0,16,-17
1517,216.49,28847,352.14,352.00,-0.13,-25.2,-11.2,5.7,-0.0,-19.6,-0.0,488,3539,0,16,-18
1518,216.65,28844,352.10,351.91,-0.18,-27.8,-15.3,5.7,-0.0,-18.1,-0.0,451,3504,0,17,-21
1519,216.83,28841,352.06,351.83,-0.23,-32.2,-19.4,5.7,-0.0,-18.4,-0.0,413,3467,0,18,-26
1520,216.91,28840,352.05,351.78,-0.27,-36.1,-22.5,5.7,-0.0,-19.3,-0.0,401,3455,0,19,-29
1521,217.08,28836,352.00,351.70,-0.31,-38.0,-25.6,5.7,-0.0,-18.1,-0.0,351,3403,0,18,-32
1522,217.25,28832,351.95,351.62,-0.34,-40.8,-28.6,5.7,-0.0,-17.8,-0.0,301,3356,0,17,-36
1523,217.33,28829,351.92,351.57,-0.34,-41.4,-28.6,5.7,-0.0,-18.4,-0.0,263,3313,0,14,-37
1524,217.50,28824,351.86,351.49,-0.37,-43.8,-30.7,5.6,-0.0,-18.7,-0.0,201,3247,0,11,-41
1525,217.67,28823,351.84,351.41,-0.44,-48.8,-36.8,5.6,-0.0,-17.5,-0.0,188,3241,0,12,-46
1526,217.76,28816,351.76,351.36,-0.40,-49.2,-33.8,5.6,-0.0,-21.1,-0.0,101,3139,0,5,-47
1527,217.93,28812,351.71,351.28,-0.43,-48.3,-35.8,5.6,-0.0,-18.1,-0.0,51,3094,0,2,-47
1528,218.10,28803,351.60,351.19,-0.42,-46.8,-34.8,5.6,-0.0,-17.5,-0.0,4034,2978,0,-7,-45
1529,218.19,28803,351.60,351.14,-0.45,-52.5,-37.8,5.6,-0.0,-20.2,-0.0,4034,2976,0,-7,-50
1530,218.36,28796,351.51,351.06,-0.45,-50.1,-37.8,5.5,-0.0,-17.8,-0.0,3947,2885,0,-14,-47
1531,218.53,28785,351.38,350.98,-0.40,-46.3,-33.8,5.5,0.0,-18.1,-0.0,3809,2744,0,-22,-39
1532,218.62,28784,351.37,350.93,-0.44,-50.9,-36.8,5.5,-0.0,-19.6,-0.0,3797,2729,0,-25,-43
1533,218.79,28774,351.25,350.84,-0.40,-47.0,-33.8,5.5,0.0,-18.7,-0.0,3672,2605,0,-30,-34
1534,218.97,28767,351.16,350.76,-0.40,-47.0,-33.8,5.5,0.0,-18.7,-0.0,3584,2509,0,-35,-30
1535,219.06,28762,351.10,350.71,-0.39,-48.7,-32.7,5.5,0.0,-21.4,-0.0,3522,2441,0,-39,-27
1536,219.23,28758,351.05,350.63,-0.43,-47.9,-35.8,5.5,-0.0,-17.5,-0.0,3472,2411,0,-39,-25
1537,219.40,28743,350.87,350.54,-0.33,-41.2,-27.6,5.4,0.0,-19.0,-0.0,3284,2203,0,-39,-9
1538,219.48,28740,350.83,350.50,-0.33,-41.2,-27.6,5.4,0.0,-19.0,-0.0,3247,2172,0,-39,-8
1539,219.65,28731,350.72,350.41,-0.31,-38.3,-25.6,5.4,0.0,-18.1,-0.0,3134,2058,0,-37,-1
1540,219.75,28724,350.63,350.37,-0.27,-37.9,-22.5,5.4,0.0,-20.8,-0.0,3047,1960,0,-36,5
1541,219.91,28715,350.52,350.28,-0.24,-33.2,-20.5,5.4,0.0,-18.1,-0.0,2934,1848,0,-31,10
1542,220.09,28703,350.38,350.19,-0.18,-28.1,-15.3,5.4,0.0,-18.1,-0.0,2784,1702,0,-23,14
1543,220.17,28697,350.31,350.15,-0.16,-26.9,-13.3,5.4,0.0,-19.0,-0.0,2709,1620,0,-21,16
1544,220.35,28688,350.20,350.07,-0.12,-23.3,-10.2,5.4,0.0,-18.4,-0.0,2597,1510,0,-15,17
1545,220.52,28679,350.09,349.98,-0.11,-21.4,-9.2,5.4,0.0,-17.5,-0.0,2484,1404,0,-11,17
1546,220.61,28675,350.04,349.94,-0.10,-22.4,-8.2,5.4,0.0,-19.6,-0.0,2434,1348,0,-10,19
1547,220.78,28658,349.83,349.85,0.02,-11.0,2.0,5.4,0.0,-18.4,-0.0,2222,1132,0,-2,11
1548,220.94,28649,349.72,349.77,0.05,-8.1,4.1,5.4,0.0,-17.5,-0.0,2109,1023,0,0,8
1549,221.04,28644,349.66,349.72,0.06,-10.3,5.1,5.4,0.0,-20.8,-0.0,2047,951,0,1,10
1550,221.20,28634,349.54,349.64,0.10,-4.0,8.2,5.4,0.0,-17.5,-0.0,1922,835,0,1,4
1551,221.38,28622,349.39,349.55,0.16,-0.3,13.3,5.4,0.0,-19.0,-0.0,1772,682,0,0,0
1552,221.47,28616,349.32,349.51,0.20,1.8,16.4,5.4,0.0,-19.9,-0.0,1697,2655,0,-1,-1
1553,221.64,28604,349.17,349.42,0.26,9.1,21.5,5.4,0.0,-17.8,-0.0,1547,2508,0,-7,-6
1554,221.80,28596,349.07,349.34,0.27,10.1,22.5,5.4,0.0,-17.8,-0.0,1447,2408,0,-8,-5
1555,221.89,28591,349.01,349.30,0.28,9.9,23.5,5.4,0.0,-19.0,-0.0,1384,2343,0,-9,-4
1556,222.06,28583,348.91,349.21,0.29,11.0,24.5,5.4,0.0,-19.0,-0.0,1284,2249,0,-10,-3
1557,222.23,28573,348.79,349.12,0.33,15.2,27.6,5.5,0.0,-17.8,-0.0,1159,2131,0,-15,-2
1558,222.32,28570,348.75,349.08,0.33,13.8,27.6,5.5,0.0,-19.3,-0.0,1122,2093,0,-13,-1
1559,222.49,28561,348.65,348.99,0.35,17.0,29.7,5.5,0.0,-18.1,-0.0,1009,1982,0,-16,2
1560,222.66,28551,348.52,348.91,0.39,19.5,32.7,5.5,0.0,-18.7,-0.0,884,1854,0,-18,6
1561,222.75,28546,348.46,348.86,0.40,19.3,33.8,5.5,0.0,-19.9,-0.0,822,1787,0,-17,7
1562,222.92,28537,348.35,348.78,0.43,23.8,35.8,5.5,0.0,-17.5,-0.0,709,1683,0,-20,12
1563,223.09,28529,348.25,348.69,0.44,23.0,36.8,5.5,0.0,-19.3,-0.0,609,1577,0,-17,15
1564,223.18,28524,348.19,348.65,0.45,24.4,37.8,5.5,0.0,-19.0,-0.0,547,1515,0,-16,17
1565,223.35,28519,348.13,348.56,0.43,22.6,35.8,5.6,0.0,-18.7,-0.0,484,1460,0,-14,17
1566,223.52,28510,348.02,348.48,0.45,25.0,37.8,5.6,0.0,-18.4,-0.0,372,1350,0,-12,21
1567,223.61,28508,348.00,348.44,0.44,23.4,36.8,5.6,0.0,-19.0,-0.0,347,1327,0,-10,20
1568,223.77,28503,347.94,348.35,0.42,22.0,34.8,5.6,-0.0,-18.4,-0.0,284,1269,0,-8,20
1569,223.94,28499,347.89,348.27,0.38,18.6,31.7,5.6,-0.0,-18.7,-0.0,234,1224,0,-5,17
1570,224.03,28495,347.84,348.22,0.38,16.2,31.7,5.6,-0.0,-21.1,-0.0,184,1167,0,-3,15
1571,224.20,28490,347.78,348.14,0.37,18.8,30.7,5.7,-0.0,-17.5,-0.0,122,1118,0,-3,18
1572,224.36,28487,347.74,348.06,0.32,15.3,26.6,5.7,-0.0,-17.0,-0.0,84,1083,0,-1,15
1573,224.53,28483,347.69,347.97,0.28,11.4,23.5,5.7,-0.0,-17.8,-0.0,34,1032,0,0,11
1574,224.62,28479,347.64,347.93,0.28,9.6,23.5,5.7,-0.0,-19.6,-0.0,4080,976,0,1,9
1575,224.79,28476,347.61,347.85,0.24,8.0,20.5,5.7,-0.0,-18.1,-0.0,4043,947,0,1,8
1576,224.96,28473,347.57,347.76,0.20,3.6,16.4,5.7,-0.0,-18.4,-0.0,4005,912,0,1,3
1577,225.05,28469,347.52,347.71,0.20,0.4,16.4,5.7,-0.0,-21.7,-0.0,3955,852,0,0,0
1578,225.22,28464,347.46,347.63,0.17,1.9,14.3,5.7,-0.0,-18.1,-0.0,3893,794,0,1,2
1579,225.31,28462,347.44,347.58,0.15,-2.5,12.3,5.7,-0.0,-20.5,-0.0,3868,2817,0,-1,-2
1580,225.48,28458,347.39,347.50,0.11,-2.6,9.2,5.7,-0.0,-17.5,-0.0,3818,2769,0,-1,-2
1581,225.66,28454,347.34,347.41,0.07,-6.9,6.1,5.7,-0.0,-18.7,-0.0,3768,2716,0,-3,-6
1582,225.81,28452,347.31,347.33,0.02,-10.7,2.0,5.7,-0.0,-18.4,-0.0,3743,2697,0,-6,-9
1583,225.90,28451,347.30,347.29,-0.01,-14.3,-1.0,5.7,-0.0,-19.0,-0.0,3730,2686,0,-8,-12
1584,226.08,28448,347.27,347.20,-0.06,-18.7,-5.1,5.7,-0.0,-19.3,-0.0,3693,2652,0,-11,-14
1585,226.24,28443,347.20,347.12,-0.09,-19.9,-7.2,5.7,-0.0,-18.4,-0.0,3630,2585,0,-13,-14
1586,226.33,28444,347.22,347.07,-0.15,-26.2,-12.3,5.7,-0.0,-19.6,-0.0,3643,2603,0,-17,-19
1587,226.50,28438,347.14,346.99,-0.16,-25.7,-13.3,5.7,-0.0,-18.1,-0.0,3568,2524,0,-19,-17
1588,226.67,28436,347.12,346.90,-0.22,-31.4,-18.4,5.7,-0.0,-18.7,-0.0,3543,2498,0,-23,-19
1589,226.76,28432,347.07,346.86,-0.21,-31.6,-17.4,5.7,-0.0,-19.9,-0.0,3493,2444,0,-25,-17
1590,226.93,28430,347.05,346.77,-0.27,-34.7,-22.5,5.7,-0.0,-17.8,-0.0,3468,2426,0,-28,-18
1591,227.10,28427,347.01,346.69,-0.32,-39.3,-26.6,5.7,-0.0,-18.4,-0.0,3430,2384,0,-33,-19
1592,227.18,28425,346.98,346.65,-0.34,-42.0,-28.6,5.7,-0.0,-19.0,-0.0,3405,2361,0,-36,-19
1593,227.34,28420,346.92,346.57,-0.35,-41.6,-29.7,5.7,-0.0,-17.5,-0.0,3343,2296,0,-37,-15
1594,227.51,28415,346.86,346.48,-0.38,-43.6,-31.7,5.6,-0.0,-17.5,-0.0,3280,2231,0,-41,-12
1595,227.60,28415,346.86,346.44,-0.43,-49.2,-35.8,5.6,-0.0,-19.0,-0.0,3280,2233,0,-46,-13
1596,227.77,28409,346.79,346.36,-0.43,-48.6,-35.8,5.6,-0.0,-18.4,-0.0,3205,2154,0,-46,-8
1597,227.93,28403,346.72,346.27,-0.44,-49.7,-36.8,5.6,-0.0,-18.4,-0.0,3130,2077,0,-48,-2
1598,228.10,28398,346.66,346.19,-0.46,-52.0,-38.9,5.6,-0.0,-18.7,-0.0,3068,2016,0,-50,2
1599,228.19,28395,346.62,346.14,-0.48,-54.2,-39.9,5.6,-0.0,-19.9,-0.0,3030,1974,0,-52,6
1600,228.37,28387,346.52,346.06,-0.46,-52.7,-38.9,5.5,-0.0,-19.3,-0.0,2930,1866,0,-49,14
1601,228.45,28385,346.50,346.01,-0.49,-55.3,-40.9,5.5,-0.0,-19.9,-0.0,2905,1843,0,-51,17
1602,228.62,28376,346.39,345.93,-0.46,-52.1,-38.9,5.5,-0.0,-18.7,-0.0,2793,1729,0,-45,24
1603,228.79,28372,346.34,345.84,-0.50,-54.6,-41.9,5.5,-0.0,-18.1,-0.0,2743,1682,0,-45,28
1604,228.88,28367,346.28,345.80,-0.48,-53.4,-39.9,5.5,0.0,-19.0,-0.0,2680,1614,0,-41,32
1605,229.06,28358,346.17,345.71,-0.45,-52.6,-37.8,5.5,0.0,-20.2,-0.0,2568,1498,0,-34,38
1606,229.23,28349,346.06,345.63,-0.43,-48.8,-35.8,5.4,0.0,-18.4,-0.0,2455,1384,0,-25,40
1607,229.32,28344,346.00,345.58,-0.42,-49.2,-34.8,5.4,0.0,-19.9,-0.0,2393,1319,0,-21,43
1608,229.49,28333,345.86,345.50,-0.37,-42.8,-30.7,5.4,0.0,-17.5,-0.0,2255,1177,0,-10,40
1609,229.66,28323,345.74,345.41,-0.33,-39.8,-27.6,5.4,0.0,-17.5,-0.0,2130,1056,0,-2,38
1610,229.74,28318,345.68,345.37,-0.32,-41.1,-26.6,5.4,0.0,-19.9,-0.0,2068,980,0,3,40
1611,229.91,28306,345.53,345.28,-0.24,-33.2,-20.5,5.4,0.0,-18.1,-0.0,1918,831,0,9,31
1612,230.09,28294,345.39,345.20,-0.20,-28.8,-16.4,5.4,0.0,-17.8,-0.0,1768,681,0,14,24
1613,230.17,28288,345.31,345.15,-0.16,-27.0,-13.3,5.4,0.0,-19.0,-0.0,1693,601,0,16,21
1614,230.35,28277,345.18,345.07,-0.11,-23.8,-9.2,5.4,0.0,-19.9,-0.0,1555,459,0,18,15
1615,230.51,28268,345.07,344.98,-0.09,-20.2,-7.2,5.4,0.0,-18.4,-0.0,1443,354,0,17,10
1616,230.61,28262,345.00,344.94,-0.06,-19.7,-5.1,5.4,0.0,-19.9,-0.0,1368,275,0,17,8
1617,230.77,28249,344.84,344.85,0.01,-11.8,1.0,5.4,0.0,-18.1,-0.0,1205,116,0,11,2
1618,230.95,28239,344.71,344.77,0.05,-9.0,4.1,5.4,0.0,-18.4,-0.0,1080,4084,0,9,0
1619,231.04,28234,344.65,344.72,0.06,-11.2,5.1,5.4,0.0,-21.7,-0.0,1018,4016,0,11,-1
1620,231.21,28223,344.52,344.64,0.12,-2.8,10.2,5.4,0.0,-18.4,-0.0,880,3886,0,3,-1
1621,231.37,28214,344.41,344.55,0.15,0.7,12.3,5.4,0.0,-17.0,-0.0,768,1736,0,-1,0
1622,231.46,28210,344.36,344.51,0.15,-1.4,12.3,5.4,0.0,-19.0,-0.0,718,3731,0,1,-1
1623,231.63,28196,344.19,344.43,0.23,7.3,19.4,5.4,0.0,-17.5,-0.0,543,1507,0,-5,5
1624,231.80,28190,344.12,344.34,0.22,6.3,18.4,5.4,0.0,-17.5,-0.0,468,1438,0,-4,5
1625,231.88,28182,344.02,344.30,0.28,9.9,23.5,5.4,0.0,-19.0,-0.0,368,1329,0,-4,9
1626,232.06,28171,343.88,344.21,0.33,13.7,27.6,5.4,0.0,-19.3,-0.0,230,1188,0,-3,13
1627,232.23,28163,343.79,344.13,0.34,15.6,28.6,5.4,0.0,-18.4,-0.0,130,1093,0,-2,15
1628,232.32,28157,343.71,344.08,0.37,15.3,30.7,5.4,0.0,-20.8,-0.0,55,1015,0,0,15
1629,232.49,28150,343.63,344.00,0.37,18.0,30.7,5.5,0.0,-18.1,-0.0,4064,935,0,2,17
1630,232.66,28141,343.52,343.91,0.39,19.5,32.7,5.5,0.0,-18.7,-0.0,3951,827,0,6,18
1631,232.75,28136,343.46,343.87,0.42,20.9,34.8,5.5,0.0,-19.3,-0.0,3889,763,0,8,19
1632,232.91,28128,343.36,343.78,0.43,23.5,35.8,5.5,0.0,-17.8,-0.0,3789,667,0,12,19
1633,233.08,28120,343.26,343.70,0.44,24.8,36.8,5.5,0.0,-17.5,-0.0,3689,571,0,15,18
1634,233.17,28118,343.24,343.66,0.42,21.0,34.8,5.5,0.0,-19.3,-0.0,3664,542,0,14,15
1635,233.34,28110,343.14,343.57,0.43,22.6,35.8,5.5,0.0,-18.7,-0.0,3564,445,0,17,14
1636,233.50,28103,343.05,343.49,0.44,24.8,36.8,5.6,0.0,-17.5,-0.0,3476,364,0,20,13
1637,233.59,28098,342.99,343.45,0.45,25.3,37.8,5.6,0.0,-18.1,-0.0,3414,298,0,22,11
1638,233.75,28094,342.94,343.36,0.42,22.8,34.8,5.6,-0.0,-17.5,-0.0,3364,255,0,20,8
1639,233.93,28088,342.87,343.28,0.40,20.0,33.8,5.6,-0.0,-19.3,-0.0,3289,179,0,19,5
1640,234.01,28086,342.85,343.23,0.39,18.7,32.7,5.6,-0.0,-19.6,-0.0,3264,154,0,18,4
1641,234.18,28081,342.79,343.15,0.37,18.5,30.7,5.6,-0.0,-17.8,-0.0,3201,97,0,18,3
1642,234.35,28078,342.75,343.06,0.32,13.2,26.6,5.6,-0.0,-19.0,-0.0,3164,66,0,13,1
1643,234.52,28071,342.66,342.98,0.32,14.1,26.6,5.7,-0.0,-18.1,-0.0,3076,4069,0,14,-1
1644,234.61,28071,342.66,342.94,0.27,8.2,22.5,5.7,-0.0,-19.9,-0.0,3076,4073,0,8,0
1645,234.78,28063,342.57,342.85,0.28,11.1,23.5,5.7,-0.0,-18.1,-0.0,2976,3969,0,11,-2
1646,234.87,28060,342.53,342.81,0.28,9.3,23.5,5.7,-0.0,-19.9,-0.0,2939,3930,0,9,-2
1647,235.04,28059,342.52,342.72,0.20,3.6,16.4,5.7,-0.0,-18.4,-0.0,2926,3922,0,3,-1
1648,235.22,28054,342.46,342.63,0.17,1.0,14.3,5.7,-0.0,-19.0,-0.0,2864,3863,0,1,0
1649,235.37,28051,342.42,342.55,0.13,-1.5,11.2,5.7,-0.0,-18.4,-0.0,2826,1778,0,-1,1
1650,235.46,28050,342.41,342.51,0.10,-5.1,8.2,5.7,-0.0,-19.0,-0.0,2814,1770,0,-5,2
1651,235.64,28047,342.37,342.42,0.05,-10.1,4.1,5.7,-0.0,-19.9,-0.0,2776,1731,0,-9,5
1652,235.80,28043,342.32,342.34,0.01,-11.7,1.0,5.7,-0.0,-18.4,-0.0,2726,1681,0,-10,6
1653,235.89,28041,342.30,342.29,0.00,-14.2,0.0,5.7,-0.0,-19.9,-0.0,2701,1656,0,-11,8
1654,236.06,28038,342.26,342.21,-0.05,-16.8,-4.1,5.7,-0.0,-18.4,-0.0,2664,1621,0,-13,10
1655,236.23,28036,342.24,342.12,-0.11,-21.9,-9.2,5.7,-0.0,-18.4,-0.0,2639,1596,0,-16,14
1656,236.32,28034,342.21,342.08,-0.13,-25.5,-11.2,5.7,-0.0,-19.9,-0.0,2614,1569,0,-18,17
1657,236.49,28031,342.18,341.99,-0.18,-27.8,-15.3,5.7,-0.0,-18.1,-0.0,2576,1535,0,-19,19
1658,236.58,28030,342.16,341.95,-0.22,-32.9,-18.4,5.7,-0.0,-20.2,-0.0,2564,1522,0,-22,23
1659,236.75,28028,342.14,341.86,-0.27,-35.0,-22.5,5.7,-0.0,-18.1,-0.0,2539,1501,0,-23,25
1660,236.93,28021,342.05,341.78,-0.28,-37.5,-23.5,5.7,-0.0,-19.6,-0.0,2451,1404,0,-20,30
1661,237.01,28019,342.03,341.73,-0.29,-37.6,-24.5,5.7,-0.0,-18.7,-0.0,2426,1380,0,-19,31
1662,237.18,28017,342.00,341.65,-0.35,-42.2,-29.7,5.6,-0.0,-18.1,-0.0,2401,1357,0,-20,36
1663,237.35,28013,341.96,341.57,-0.39,-44.6,-32.7,5.6,-0.0,-17.5,-0.0,2351,1303,0,-18,39
1664,237.43,28011,341.93,341.52,-0.40,-47.2,-33.8,5.6,-0.0,-19.0,-0.0,2326,1276,0,-17,42
1665,237.61,28004,341.85,341.43,-0.42,-48.8,-34.8,5.6,-0.0,-19.6,-0.0,2239,1188,0,-12,46
1666,237.78,27998,341.77,341.35,-0.43,-48.7,-35.8,5.6,-0.0,-18.4,-0.0,2164,1112,0,-6,47
1667,237.87,27996,341.75,341.31,-0.44,-51.2,-36.8,5.6,-0.0,-19.9,-0.0,2139,1082,0,-4,49
1668,238.04,27988,341.65,341.22,-0.43,-49.0,-35.8,5.6,-0.0,-18.7,-0.0,2039,978,0,3,47
1669,238.21,27982,341.58,341.13,-0.44,-49.7,-36.8,5.5,-0.0,-18.4,-0.0,1964,905,0,9,47
1670,238.30,27979,341.54,341.09,-0.45,-52.5,-37.8,5.5,-0.0,-20.2,-0.0,1926,862,0,13,49
1671,238.47,27971,341.44,341.00,-0.44,-49.8,-36.8,5.5,-0.0,-18.4,-0.0,1826,763,0,19,44
1672,238.65,27965,341.37,340.92,-0.45,-51.1,-37.8,5.5,-0.0,-18.7,-0.0,1751,687,0,24,43
1673,238.73,27958,341.28,340.87,-0.42,-48.6,-34.8,5.5,0.0,-19.3,-0.0,1664,594,0,29,37
1674,238.91,27956,341.26,340.79,-0.48,-53.8,-39.9,5.5,-0.0,-19.3,-0.0,1639,575,0,33,40
1675,239.08,27945,341.13,340.70,-0.43,-48.8,-35.8,5.4,0.0,-18.4,-0.0,1501,434,0,37,29
1676,239.17,27941,341.08,340.66,-0.42,-49.6,-34.8,5.4,0.0,-20.2,-0.0,1451,379,0,40,26
1677,239.33,27928,340.92,340.57,-0.34,-41.1,-28.6,5.4,0.0,-17.8,-0.0,1289,212,0,38,13
1678,239.51,27918,340.80,340.49,-0.31,-38.6,-25.6,5.4,0.0,-18.4,-0.0,1164,84,0,37,5
1679,239.59,27913,340.73,340.44,-0.29,-40.0,-24.5,5.4,0.0,-20.8,-0.0,1101,6,0,39,0
1680,239.76,27904,340.62,340.36,-0.27,-35.5,-22.5,5.4,0.0,-18.4,-0.0,989,4001,0,34,-5
1681,239.93,27890,340.45,340.27,-0.18,-28.1,-15.3,5.4,0.0,-18.1,-0.0,814,3823,0,25,-11
1682,240.02,27887,340.42,340.23,-0.18,-29.3,-15.3,5.4,0.0,-19.3,-0.0,776,3785,0,25,-13
1683,240.19,27877,340.30,340.14,-0.15,-24.7,-12.3,5.4,0.0,-17.8,-0.0,651,3665,0,19,-15
1684,240.36,27868,340.19,340.06,-0.12,-22.7,-10.2,5.4,0.0,-17.8,-0.0,539,3552,0,15,-16
1685,240.45,27862,340.11,340.02,-0.10,-22.1,-8.2,5.4,0.0,-19.3,-0.0,464,3471,0,12,-18
1686,240.62,27849,339.95,339.93,-0.02,-15.1,-2.0,5.4,0.0,-18.4,-0.0,301,3313,0,5,-14
1687,240.79,27839,339.83,339.85,0.01,-11.5,1.0,5.4,0.0,-17.8,-0.0,176,3186,0,2,-11
1688,240.88,27832,339.75,339.80,0.05,-11.4,4.1,5.4,0.0,-20.8,-0.0,89,3087,0,0,-11
1689,241.05,27820,339.60,339.71,0.11,-4.5,9.2,5.4,0.0,-19.0,-0.0,4035,2939,0,-1,-4
1690,241.14,27813,339.51,339.67,0.16,-1.8,13.3,5.4,0.0,-20.5,-0.0,3947,2844,0,-1,-2
1691,241.31,27807,339.44,339.58,0.15,-0.8,12.3,5.4,0.0,-18.4,-0.0,3872,2787,0,0,-1
1692,241.48,27795,339.29,339.50,0.21,5.2,17.4,5.4,0.0,-17.5,-0.0,3722,589,0,3,4
1693,241.65,27784,339.16,339.42,0.26,9.0,21.5,5.4,0.0,-17.8,-0.0,3585,453,0,7,6
1694,241.74,27783,339.15,339.37,0.22,4.5,18.4,5.4,0.0,-19.3,-0.0,3572,443,0,3,3
1695,241.91,27770,338.99,339.29,0.29,12.1,24.5,5.4,0.0,-17.8,-0.0,3410,280,0,11,5
1696,242.08,27764,338.92,339.20,0.28,10.2,23.5,5.4,0.0,-18.7,-0.0,3335,206,0,9,3
1697,242.16,27758,338.84,339.16,0.32,13.3,26.6,5.4,0.0,-18.7,-0.0,3260,133,0,13,3
1698,242.33,27745,338.68,339.07,0.39,20.0,32.7,5.4,0.0,-18.1,-0.0,3097,4064,0,19,-1
1699,242.51,27737,338.59,338.99,0.40,20.2,33.8,5.5,0.0,-19.0,-0.0,2997,3961,0,19,-4
1700,242.59,27736,338.57,338.94,0.37,16.5,30.7,5.5,0.0,-19.6,-0.0,2985,3956,0,16,-3
1701,242.76,27727,338.46,338.86,0.39,20.7,32.7,5.5,0.0,-17.5,-0.0,2872,3844,0,19,-8
1702,242.93,27717,338.34,338.77,0.43,23.5,35.8,5.5,0.0,-17.8,-0.0,2747,3724,0,19,-12
1703,243.01,27716,338.33,338.73,0.40,20.8,33.8,5.5,0.0,-18.4,-0.0,2735,3716,0,17,-11
1704,243.18,27709,338.24,338.65,0.40,21.2,33.8,5.5,0.0,-18.1,-0.0,2647,3630,0,15,-13
1705,243.35,27701,338.15,338.57,0.42,22.2,34.8,5.5,0.0,-18.1,-0.0,2547,3525,0,14,-17
1706,243.44,27696,338.09,338.52,0.44,22.5,36.8,5.6,0.0,-19.9,-0.0,2485,3459,0,12,-18
1707,243.61,27690,338.01,338.43,0.43,23.8,35.8,5.6,0.0,-17.5,-0.0,2410,3396,0,11,-20
1708,243.79,27684,337.94,338.35,0.40,20.3,33.8,5.6,0.0,-19.0,-0.0,2335,3314,0,7,-18
1709,243.87,27681,337.90,338.31,0.40,20.9,33.8,5.6,0.0,-18.4,-0.0,2297,3280,0,6,-19
1710,244.04,27674,337.82,338.22,0.40,20.0,33.8,5.6,-0.0,-19.3,-0.0,2210,3193,0,4,-19
1711,244.21,27669,337.76,338.13,0.38,18.6,31.7,5.6,-0.0,-18.7,-0.0,2147,3133,0,2,-18
1712,244.30,27667,337.73,338.09,0.35,16.0,29.7,5.6,-0.0,-19.3,-0.0,2122,3111,0,1,-15
1713,244.47,27665,337.71,338.00,0.29,11.5,24.5,5.7,-0.0,-18.7,-0.0,2097,3093,0,0,-11
1714,244.64,27661,337.66,337.92,0.26,9.0,21.5,5.7,-0.0,-18.1,-0.0,2047,3048,0,0,-9
1715,244.73,27658,337.62,337.88,0.26,8.4,21.5,5.7,-0.0,-18.7,-0.0,2010,3010,0,-1,-8
1716,244.89,27654,337.57,337.79,0.22,5.7,18.4,5.7,-0.0,-18.4,-0.0,1960,2962,0,-1,-5
1717,245.06,27648,337.50,337.71,0.21,4.6,17.4,5.7,-0.0,-18.4,-0.0,1885,2883,0,-1,-4
1718,245.15,27647,337.49,337.67,0.18,1.1,15.3,5.7,-0.0,-19.9,-0.0,1872,2867,0,0,-1
1719,245.32,27645,337.46,337.58,0.12,-2.5,10.2,5.7,-0.0,-18.4,-0.0,1847,799,0,1,2
1720,245.49,27642,337.43,337.49,0.06,-8.8,5.1,5.7,-0.0,-19.6,-0.0,1810,766,0,3,8
1721,245.58,27637,337.37,337.45,0.09,-5.9,7.2,5.7,-0.0,-18.7,-0.0,1747,698,0,3,5
1722,245.75,27635,337.34,337.36,0.02,-11.0,2.0,5.7,-0.0,-18.7,-0.0,1722,679,0,5,9
1723,245.91,27632,337.30,337.28,-0.02,-13.9,-2.0,5.7,-0.0,-17.5,-0.0,1685,640,0,7,11
1724,246.00,27631,337.29,337.24,-0.05,-18.3,-4.1,5.7,-0.0,-19.9,-0.0,1672,626,0,10,15
1725,246.18,27630,337.28,337.15,-0.13,-25.2,-11.2,5.7,-0.0,-19.6,-0.0,1660,617,0,14,20
1726,246.35,27625,337.22,337.07,-0.16,-26.0,-13.3,5.7,-0.0,-18.4,-0.0,1597,558,0,17,19
1727,246.44,27626,337.23,337.02,-0.21,-31.6,-17.4,5.7,-0.0,-19.9,-0.0,1610,572,0,20,24
1728,246.61,27622,337.18,336.94,-0.24,-32.9,-20.5,5.7,-0.0,-18.1,-0.0,1560,522,0,22,23
1729,246.78,27617,337.12,336.85,-0.27,-34.7,-22.5,5.7,-0.0,-17.8,-0.0,1497,453,0,26,22
1730,246.87,27615,337.10,336.81,-0.29,-38.8,-24.5,5.7,-0.0,-19.9,-0.0,1472,424,0,30,23
1731,247.04,27611,337.05,336.72,-0.33,-41.6,-27.6,5.6,-0.0,-19.6,-0.0,1422,376,0,34,22
1732,247.21,27610,337.04,336.64,-0.40,-45.7,-33.8,5.6,-0.0,-17.5,-0.0,1410,363,0,38,23
1733,247.30,27607,337.00,336.59,-0.40,-48.1,-33.8,5.6,-0.0,-19.9,-0.0,1372,324,0,41,22
1734,247.47,27599,336.90,336.50,-0.40,-47.8,-33.8,5.6,-0.0,-19.6,-0.0,1272,220,0,44,15
1735,247.64,27597,336.88,336.42,-0.45,-50.7,-37.8,5.6,-0.0,-18.4,-0.0,1247,200,0,47,15
1736,247.73,27592,336.82,336.38,-0.44,-51.2,-36.8,5.6,-0.0,-19.9,-0.0,1185,131,0,49,10
1737,247.89,27589,336.78,336.29,-0.49,-52.9,-40.9,5.6,-0.0,-17.5,-0.0,1147,94,0,51,7
1738,248.07,27582,336.69,336.21,-0.49,-54.7,-40.9,5.5,-0.0,-19.3,-0.0,1060,4,0,53,0
1739,248.16,27579,336.66,336.16,-0.50,-57.5,-41.9,5.5,-0.0,-21.1,-0.0,1022,4061,0,56,-3
1740,248.33,27569,336.54,336.08,-0.46,-51.8,-38.9,5.5,-0.0,-18.4,-0.0,897,3928,0,49,-13
1741,248.50,27564,336.47,335.99,-0.49,-54.2,-40.9,5.5,-0.0,-18.7,-0.0,835,3867,0,49,-18
1742,248.59,27559,336.41,335.95,-0.46,-52.7,-38.9,5.5,0.0,-19.3,-0.0,772,3798,0,46,-23
1743,248.75,27553,336.34,335.86,-0.48,-51.7,-39.9,5.5,0.0,-17.2,-0.0,697,3729,0,42,-27
1744,248.92,27545,336.24,335.78,-0.46,-51.3,-38.9,5.4,0.0,-17.8,-0.0,597,3627,0,37,-33
1745,249.00,27540,336.18,335.74,-0.44,-49.8,-36.8,5.4,0.0,-18.4,-0.0,535,3564,0,33,-35
1746,249.18,27531,336.07,335.65,-0.42,-48.1,-34.8,5.4,0.0,-18.7,-0.0,422,3444,0,25,-39
1747,249.35,27521,335.95,335.57,-0.38,-45.3,-31.7,5.4,0.0,-19.0,-0.0,297,3319,0,16,-41
1748,249.44,27516,335.89,335.52,-0.37,-46.4,-30.7,5.4,0.0,-21.1,-0.0,235,3245,0,12,-43
1749,249.61,27505,335.75,335.44,-0.32,-39.3,-26.6,5.4,0.0,-18.1,-0.0,97,3111,0,2,-38
1750,249.77,27497,335.66,335.35,-0.31,-37.8,-25.6,5.4,0.0,-17.5,-0.0,4093,3016,0,-3,-36
1751,249.86,27492,335.60,335.31,-0.28,-36.9,-23.5,5.4,0.0,-18.7,-0.0,4031,2949,0,-7,-35
1752,250.03,27481,335.46,335.22,-0.23,-32.5,-19.4,5.3,0.0,-18.4,-0.0,3893,2810,0,-12,-29
1753,250.21,27467,335.29,335.14,-0.16,-26.1,-13.3,5.3,0.0,-18.1,-0.0,3718,2630,0,-16,-20
1754,250.29,27460,335.21,335.09,-0.11,-23.5,-9.2,5.3,0.0,-19.6,-0.0,3631,2536,0,-17,-15
1755,250.47,27451,335.10,335.01,-0.09,-20.3,-7.2,5.3,0.0,-18.4,-0.0,3518,2427,0,-16,-11
1756,250.63,27437,334.92,334.92,0.00,-12.5,0.0,5.3,0.0,-17.8,-0.0,3343,2250,0,-12,-4
1757,250.73,27430,334.84,334.88,0.04,-12.7,3.1,5.3,0.0,-21.1,-0.0,3256,2147,0,-12,-2
1758,250.89,27422,334.74,334.79,0.05,-8.1,4.1,5.3,0.0,-17.5,-0.0,3156,2069,0,-8,0
1759,251.07,27411,334.61,334.70,0.10,-6.1,8.2,5.3,0.0,-19.6,-0.0,3018,1925,0,-6,1
1760,251.16,27404,334.52,334.66,0.13,-3.0,11.2,5.3,0.0,-19.6,-0.0,2931,1834,0,-3,1
1761,251.33,27393,334.39,334.57,0.18,2.0,15.3,5.3,0.0,-18.7,-0.0,2793,3752,0,2,-1
1762,251.42,27390,334.35,334.53,0.18,-0.1,15.3,5.3,0.0,-20.8,-0.0,2756,1667,0,0,0
1763,251.59,27378,334.20,334.44,0.24,7.7,20.5,5.4,0.0,-18.1,-0.0,2606,3567,0,5,-5
1764,251.76,27366,334.06,334.36,0.31,12.8,25.6,5.4,0.0,-18.1,-0.0,2456,3415,0,6,-11
1765,251.85,27362,334.01,334.32,0.31,11.9,25.6,5.4,0.0,-19.0,-0.0,2406,3366,0,5,-10
1766,252.02,27352,333.89,334.23,0.34,15.6,28.6,5.4,0.0,-18.4,-0.0,2281,3245,0,4,-15
1767,252.19,27343,333.78,334.15,0.37,18.5,30.7,5.4,0.0,-17.5,-0.0,2168,3136,0,2,-18
1768,252.28,27336,333.69,334.10,0.42,20.6,34.8,5.4,0.0,-19.6,-0.0,2081,3039,0,-1,-20
1769,252.45,27327,333.58,334.01,0.43,22.8,35.8,5.4,0.0,-18.4,-0.0,1968,2935,0,-5,-22
1770,252.62,27319,333.48,333.93,0.45,25.5,37.8,5.5,0.0,-17.8,-0.0,1868,2839,0,-9,-23
1771,252.71,27316,333.45,333.89,0.44,21.8,36.8,5.5,0.0,-20.5,-0.0,1831,2797,0,-9,-19
1772,252.88,27307,333.34,333.80,0.46,26.8,38.9,5.5,0.0,-17.5,-0.0,1718,2692,0,-14,-22
1773,253.05,27300,333.25,333.71,0.46,24.8,38.9,5.5,0.0,-19.6,-0.0,1631,2607,0,-16,-18
1774,253.14,27296,333.20,333.67,0.46,25.4,38.9,5.5,0.0,-19.0,-0.0,1581,2558,0,-17,-17
1775,253.31,27288,333.11,333.59,0.48,27.9,39.9,5.5,0.0,-17.5,-0.0,1481,2462,0,-22,-16
1776,253.48,27282,333.03,333.50,0.46,26.9,38.9,5.6,0.0,-17.5,-0.0,1406,2389,0,-23,-13
1777,253.57,27280,333.01,333.46,0.45,23.8,37.8,5.6,-0.0,-19.6,-0.0,1381,2363,0,-20,-11
1778,253.74,27275,332.95,333.37,0.43,23.5,35.8,5.6,-0.0,-17.8,-0.0,1318,2306,0,-21,-9
1779,253.90,27269,332.87,333.29,0.42,22.5,34.8,5.6,-0.0,-17.8,-0.0,1243,2235,0,-21,-6
1780,254.00,27265,332.82,333.24,0.42,20.8,34.8,5.6,-0.0,-19.6,-0.0,1193,2181,0,-20,-4
1781,254.17,27258,332.74,333.16,0.42,23.2,34.8,5.6,-0.0,-17.2,-0.0,1106,2097,0,-22,-2
1782,254.34,27256,332.71,333.07,0.35,16.6,29.7,5.6,-0.0,-18.7,-0.0,1081,2070,0,-16,-1
1783,254.43,27256,332.71,333.03,0.31,11.3,25.6,5.6,-0.0,-19.9,-0.0,1081,2075,0,-11,0
1784,254.60,27254,332.69,332.94,0.24,7.4,20.5,5.7,-0.0,-18.7,-0.0,1056,2058,0,-7,0
1785,254.78,27250,332.64,332.85,0.21,4.6,17.4,5.7,-0.0,-18.4,-0.0,1006,2012,0,-4,0
1786,254.86,27250,332.64,332.81,0.17,2.2,14.3,5.7,-0.0,-17.8,-0.0,1006,2019,0,-2,0
1787,255.02,27246,332.59,332.73,0.13,-1.2,11.2,5.7,-0.0,-18.1,-0.0,956,4013,0,1,0
1788,255.18,27240,332.52,332.65,0.13,-1.8,11.2,5.7,-0.0,-18.7,-0.0,881,3930,0,2,0
1789,255.27,27238,332.50,332.61,0.11,-4.1,9.2,5.7,-0.0,-19.0,-0.0,856,3903,0,4,-1
1790,255.44,27235,332.46,332.52,0.06,-7.6,5.1,5.7,-0.0,-18.4,-0.0,818,3867,0,7,-3
1791,255.60,27234,332.45,332.44,-0.01,-13.8,-1.0,5.7,-0.0,-18.4,-0.0,806,3857,0,12,-5
1792,255.78,27231,332.41,332.35,-0.06,-17.9,-5.1,5.7,-0.0,-18.4,-0.0,768,3824,0,16,-7
1793,255.86,27231,332.41,332.31,-0.10,-21.5,-8.2,5.7,-0.0,-19.0,-0.0,768,3826,0,19,-8
1794,256.04,27224,332.32,332.22,-0.10,-21.5,-8.2,5.7,-0.0,-19.0,-0.0,681,3735,0,18,-11
1795,256.20,27222,332.30,332.14,-0.16,-25.2,-13.3,5.7,-0.0,-17.5,-0.0,656,3710,0,20,-14
1796,256.29,27221,332.29,332.10,-0.20,-30.3,-16.4,5.7,-0.0,-19.6,-0.0,643,3695,0,24,-17
1797,256.46,27217,332.24,332.01,-0.23,-32.8,-19.4,5.7,-0.0,-19.0,-0.0,593,3644,0,24,-20
1798,256.63,27216,332.23,331.93,-0.31,-37.5,-25.6,5.6,-0.0,-17.5,-0.0,581,3635,0,28,-24
1799,256.72,27216,332.23,331.88,-0.34,-43.8,-28.6,5.6,-0.0,-20.8,-0.0,581,3640,0,32,-27
1800,256.89,27210,332.15,331.80,-0.35,-42.2,-29.7,5.6,-0.0,-18.1,-0.0,506,3561,0,28,-30
1801,256.98,27207,332.12,331.75,-0.37,-45.6,-30.7,5.6,-0.0,-20.5,-0.0,468,3517,0,28,-34
1802,257.15,27203,332.07,331.66,-0.40,-46.6,-33.8,5.6,-0.0,-18.4,-0.0,418,3470,0,26,-37
1803,257.32,27201,332.04,331.58,-0.46,-50.8,-38.9,5.6,-0.0,-17.5,-0.0,393,3444,0,27,-41
1804,257.41,27196,331.98,331.53,-0.45,-53.4,-37.8,5.6,-0.0,-21.1,-0.0,331,3369,0,23,-46
1805,257.58,27190,331.91,331.45,-0.45,-50.4,-37.8,5.6,-0.0,-18.1,-0.0,256,3299,0,17,-46
1806,257.75,27183,331.82,331.36,-0.46,-52.4,-38.9,5.5,-0.0,-19.0,-0.0,168,3208,0,11,-50
1807,257.84,27178,331.76,331.32,-0.44,-51.2,-36.8,5.5,-0.0,-19.9,-0.0,106,3138,0,5,-49
1808,258.01,27173,331.70,331.24,-0.46,-50.9,-38.9,5.5,0.0,-17.5,-0.0,43,3076,0,0,-49
1809,258.17,27165,331.60,331.15,-0.45,-50.5,-37.8,5.5,0.0,-18.1,-0.0,4039,2973,0,-7,-48
1810,258.35,27160,331.54,331.07,-0.48,-53.4,-39.9,5.5,-0.0,-19.0,-0.0,3977,2912,0,-13,-50
1811,258.44,27155,331.48,331.02,-0.46,-53.0,-38.9,5.5,0.0,-19.6,-0.0,3914,2846,0,-17,-48
1812,258.61,27146,331.37,330.94,-0.44,-49.5,-36.8,5.4,0.0,-18.1,-0.0,3802,2734,0,-24,-42
1813,258.70,27141,331.31,330.89,-0.42,-50.2,-34.8,5.4,0.0,-20.8,-0.0,3739,2662,0,-29,-39
1814,258.87,27134,331.23,330.81,-0.42,-47.5,-34.8,5.4,0.0,-18.1,-0.0,3652,2583,0,-31,-34
1815,259.04,27121,331.07,330.72,-0.34,-41.7,-28.6,5.4,0.0,-18.4,-0.0,3489,2408,0,-34,-21
1816,259.13,27116,331.01,330.68,-0.33,-41.2,-27.6,5.4,0.0,-19.0,-0.0,3427,2344,0,-36,-18
1817,259.29,27107,330.90,330.59,-0.31,-37.8,-25.6,5.4,0.0,-17.5,-0.0,3314,2235,0,-35,-10
1818,259.46,27099,330.80,330.51,-0.29,-36.7,-24.5,5.4,0.0,-17.5,-0.0,3214,2136,0,-35,-5
1819,259.55,27094,330.74,330.46,-0.27,-36.8,-22.5,5.4,0.0,-19.6,-0.0,3152,2065,0,-36,-1
1820,259.72,27084,330.62,330.38,-0.23,-32.8,-19.4,5.3,0.0,-18.7,-0.0,3027,1948,0,-31,5
1821,259.89,27071,330.46,330.30,-0.16,-25.8,-13.3,5.3,0.0,-17.8,-0.0,2864,1778,0,-23,10
1822,260.06,27059,330.31,330.21,-0.10,-22.2,-8.2,5.3,0.0,-19.3,-0.0,2714,1623,0,-17,13
1823,260.15,27053,330.24,330.17,-0.07,-20.1,-6.1,5.3,0.0,-19.3,-0.0,2639,1544,0,-14,14
1824,260.32,27046,330.15,330.08,-0.07,-19.5,-6.1,5.3,0.0,-18.7,-0.0,2552,1463,0,-12,15
1825,260.41,27039,330.07,330.04,-0.02,-16.6,-2.0,5.3,0.0,-19.9,-0.0,2464,1368,0,-8,14
1826,260.58,27025,329.90,329.95,0.06,-7.7,5.1,5.3,0.0,-18.1,-0.0,2289,1198,0,-2,7
1827,260.75,27014,329.76,329.87,0.11,-3.0,9.2,5.3,0.0,-17.5,-0.0,2152,1065,0,0,3
1828,260.91,27004,329.64,329.78,0.15,-0.5,12.3,5.3,0.0,-18.1,-0.0,2027,939,0,0,1
1829,261.01,26998,329.57,329.74,0.17,-1.4,14.3,5.3,0.0,-21.1,-0.0,1952,848,0,0,1
1830,261.16,26989,329.46,329.66,0.21,4.6,17.4,5.3,0.0,-18.1,-0.0,1839,2802,0,-2,-4
1831,261.34,26978,329.32,329.57,0.26,7.2,21.5,5.4,0.0,-19.6,-0.0,1702,2660,0,-4,-6
1832,261.42,26977,329.31,329.53,0.22,4.8,18.4,5.4,0.0,-19.0,-0.0,1689,2656,0,-3,-4
1833,261.59,26964,329.15,329.44,0.29,11.2,24.5,5.4,0.0,-18.7,-0.0,1527,2491,0,-8,-7
1834,261.76,26953,329.02,329.36,0.34,16.2,28.6,5.4,0.0,-17.8,-0.0,1389,2354,0,-14,-7
1835,261.85,26950,328.98,329.32,0.34,15.0,28.6,5.4,0.0,-19.0,-0.0,1352,2317,0,-13,-6
1836,262.02,26940,328.86,329.23,0.38,19.3,31.7,5.4,0.0,-17.8,-0.0,1227,2196,0,-18,-4
1837,262.18,26932,328.76,329.15,0.39,20.3,32.7,5.4,0.0,-17.8,-0.0,1127,2096,0,-20,-1
1838,262.27,26929,328.72,329.10,0.38,17.8,31.7,5.4,0.0,-19.3,-0.0,1089,2058,0,-17,0
1839,262.45,26918,328.59,329.02,0.43,22.5,35.8,5.5,0.0,-18.7,-0.0,952,1923,0,-21,4
1840,262.61,26911,328.50,328.93,0.43,22.8,35.8,5.5,0.0,-18.4,-0.0,864,1838,0,-21,7
1841,262.70,26906,328.44,328.89,0.45,23.7,37.8,5.5,0.0,-19.6,-0.0,802,1773,0,-21,9
1842,262.87,26902,328.39,328.80,0.42,21.8,34.8,5.5,0.0,-18.4,-0.0,752,1732,0,-19,10
1843,263.05,26897,328.33,328.72,0.38,17.9,31.7,5.5,-0.0,-19.3,-0.0,689,1673,0,-15,9
1844,263.13,26893,328.28,328.67,0.39,19.2,32.7,5.5,-0.0,-19.0,-0.0,639,1625,0,-15,11
1845,263.30,26885,328.19,328.59,0.40,22.0,33.8,5.5,-0.0,-17.2,-0.0,539,1527,0,-15,15
1846,263.47,26879,328.11,328.51,0.39,20.8,32.7,5.6,-0.0,-17.5,-0.0,464,1450,0,-12,16
1847,263.55,26876,328.08,328.46,0.39,19.0,32.7,5.6,-0.0,-19.3,-0.0,427,1411,0,-10,15
1848,263.72,26872,328.03,328.38,0.35,17.7,29.7,5.6,-0.0,-17.5,-0.0,377,1365,0,-9,15
1849,263.89,26864,327.93,328.30,0.37,18.5,30.7,5.6,-0.0,-17.8,-0.0,277,1263,0,-6,17
1850,263.99,26861,327.89,328.25,0.35,14.5,29.7,5.6,-0.0,-20.8,-0.0,239,1223,0,-4,13
1851,264.16,26859,327.87,328.16,0.29,11.4,24.5,5.6,-0.0,-18.7,-0.0,214,1208,0,-3,11
1852,264.33,26854,327.81,328.08,0.27,9.7,22.5,5.6,-0.0,-18.4,-0.0,152,1146,0,-2,9
1853,264.42,26852,327.78,328.03,0.24,6.8,20.5,5.6,-0.0,-19.3,-0.0,127,1120,0,-1,6
1854,264.59,26851,327.77,327.95,0.18,2.6,15.3,5.6,-0.0,-18.4,-0.0,114,1119,0,0,2
1855,264.76,26845,327.70,327.86,0.16,1.4,13.3,5.7,-0.0,-17.5,-0.0,39,1043,0,0,1
1856,264.84,26841,327.65,327.82,0.17,0.1,14.3,5.7,-0.0,-19.9,-0.0,4085,985,0,0,0
1857,265.01,26836,327.59,327.74,0.15,1.6,12.3,5.7,-0.0,-16.3,-0.0,4023,927,0,0,2
1858,265.18,26832,327.54,327.65,0.11,-3.9,9.2,5.7,-0.0,-18.7,-0.0,3973,2920,0,-1,-4
1859,265.27,26830,327.51,327.61,0.10,-5.5,8.2,5.7,-0.0,-19.3,-0.0,3948,2891,0,-1,-5
1860,265.43,26825,327.45,327.52,0.07,-5.7,6.1,5.7,-0.0,-17.5,-0.0,3885,2833,0,-2,-5
1861,265.61,26821,327.40,327.44,0.04,-10.3,3.1,5.7,-0.0,-19.0,-0.0,3835,2786,0,-4,-9
1862,265.69,26821,327.40,327.39,-0.01,-14.4,-1.0,5.7,-0.0,-19.0,-0.0,3835,2788,0,-6,-13
1863,265.86,26819,327.38,327.31,-0.07,-18.3,-6.1,5.7,-0.0,-17.8,-0.0,3810,2767,0,-8,-16
1864,266.03,26815,327.33,327.22,-0.11,-23.8,-9.2,5.7,-0.0,-20.2,-0.0,3760,2715,0,-12,-20
1865,266.12,26814,327.32,327.18,-0.13,-24.6,-11.2,5.7,-0.0,-19.0,-0.0,3748,2707,0,-13,-20
1866,266.29,26809,327.26,327.10,-0.16,-26.1,-13.3,5.7,-0.0,-18.4,-0.0,3685,2643,0,-15,-20
1867,266.44,26803,327.19,327.02,-0.17,-26.8,-14.3,5.7,-0.0,-18.1,-0.0,3610,2560,0,-18,-18
1868,266.61,26805,327.21,326.94,-0.27,-34.1,-22.5,5.6,-0.0,-17.2,-0.0,3635,2591,0,-22,-24
1869,266.70,26802,327.17,326.89,-0.28,-37.8,-23.5,5.6,-0.0,-19.9,-0.0,3598,2553,0,-26,-26
1870,266.87,26798,327.12,326.81,-0.32,-39.4,-26.6,5.6,-0.0,-18.4,-0.0,3548,2504,0,-29,-25
1871,267.04,26793,327.06,326.72,-0.34,-41.8,-28.6,5.6,-0.0,-18.7,-0.0,3485,2440,0,-33,-23
1872,267.13,26791,327.04,326.67,-0.37,-45.3,-30.7,5.6,-0.0,-20.2,-0.0,3460,2417,0,-37,-24
1873,267.31,26785,326.97,326.59,-0.38,-45.8,-31.7,5.6,-0.0,-19.6,-0.0,3385,2330,0,-40,-19
1874,267.50,26779,326.89,326.49,-0.40,-51.7,-33.8,5.6,-0.0,-23.5,-0.0,3310,2248,0,-48,-15
1875,267.59,26777,326.87,326.45,-0.42,-49.4,-34.8,5.6,-0.0,-20.2,-0.0,3285,2229,0,-46,-13
1876,267.75,26771,326.79,326.36,-0.43,-48.7,-35.8,5.5,-0.0,-18.4,-0.0,3210,2155,0,-47,-8
1877,267.84,26768,326.76,326.32,-0.44,-50.3,-36.8,5.5,-0.0,-19.0,-0.0,3173,2115,0,-48,-5
1878,268.01,26760,326.66,326.24,-0.43,-48.4,-35.8,5.5,-0.0,-18.1,-0.0,3073,2013,0,-47,3
1879,268.18,26752,326.56,326.15,-0.42,-48.9,-34.8,5.5,-0.0,-19.6,-0.0,2973,1907,0,-46,10
1880,268.27,26748,326.51,326.11,-0.40,-47.3,-33.8,5.5,0.0,-19.0,-0.0,2923,1855,0,-44,13
1881,268.44,26740,326.42,326.02,-0.39,-46.0,-32.7,5.5,0.0,-18.7,-0.0,2823,1753,0,-40,19
1882,268.61,26732,326.32,325.94,-0.38,-43.8,-31.7,5.4,0.0,-17.5,-0.0,2723,1653,0,-35,24
1883,268.69,26730,326.29,325.89,-0.40,-47.3,-33.8,5.4,0.0,-19.0,-0.0,2698,1628,0,-37,28
1884,268.87,26723,326.21,325.81,-0.40,-47.7,-33.8,5.4,0.0,-19.3,-0.0,2610,1541,0,-33,32
1885,269.04,26711,326.06,325.72,-0.34,-42.6,-28.6,5.4,0.0,-19.3,-0.0,2460,1383,0,-22,35
1886,269.13,26705,325.99,325.67,-0.32,-41.1,-26.6,5.4,0.0,-19.9,-0.0,2385,1306,0,-17,36
1887,269.30,26697,325.89,325.59,-0.31,-38.0,-25.6,5.4,0.0,-17.8,-0.0,2285,1211,0,-10,35
1888,269.47,26690,325.81,325.50,-0.31,-39.5,-25.6,5.4,0.0,-19.3,-0.0,2198,1116,0,-5,38
1889,269.56,26683,325.72,325.46,-0.26,-36.0,-21.5,5.4,0.0,-19.9,-0.0,2110,1023,0,0,35
1890,269.73,26672,325.59,325.38,-0.21,-30.5,-17.4,5.4,0.0,-18.4,-0.0,1973,892,0,6,29
1891,269.82,26664,325.49,325.33,-0.16,-28.2,-13.3,5.4,0.0,-20.2,-0.0,1873,783,0,10,25
1892,269.99,26658,325.42,325.24,-0.17,-28.0,-14.3,5.3,0.0,-19.0,-0.0,1798,716,0,12,24
1893,270.16,26643,325.23,325.16,-0.07,-18.9,-6.1,5.3,0.0,-18.1,-0.0,1610,518,0,13,13
1894,270.32,26635,325.13,325.08,-0.06,-17.3,-5.1,5.3,0.0,-17.5,-0.0,1510,427,0,13,10
1895,270.41,26628,325.05,325.03,-0.01,-15.3,-1.0,5.3,0.0,-19.6,-0.0,1423,330,0,13,7
1896,270.59,26619,324.94,324.95,0.01,-12.7,1.0,5.3,0.0,-19.0,-0.0,1310,223,0,12,4
1897,270.76,26607,324.79,324.86,0.07,-6.4,6.1,5.3,0.0,-17.8,-0.0,1160,74,0,6,1
1898,270.85,26599,324.69,324.82,0.12,-5.2,10.2,5.3,0.0,-20.8,-0.0,1060,4059,0,5,0
1899,271.01,26587,324.55,324.74,0.18,3.5,15.3,5.4,0.0,-17.2,-0.0,910,1868,0,-3,1
1900,271.18,26581,324.48,324.65,0.17,0.7,14.3,5.4,0.0,-19.0,-0.0,835,1796,0,-1,0
1901,271.26,26577,324.43,324.61,0.18,4.1,15.3,5.4,0.0,-16.6,-0.0,785,1752,0,-4,2
1902,271.43,26566,324.29,324.53,0.23,7.3,19.4,5.4,0.0,-17.5,-0.0,648,1613,0,-6,4
1903,271.59,26558,324.19,324.44,0.24,8.3,20.5,5.4,0.0,-17.5,-0.0,548,1523,0,-6,6
1904,271.68,26554,324.15,324.40,0.26,7.2,21.5,5.4,0.0,-19.6,-0.0,498,1469,0,-4,5
1905,271.85,26546,324.05,324.32,0.27,11.3,22.5,5.4,0.0,-16.6,-0.0,398,1374,0,-6,9
1906,272.01,26537,323.94,324.23,0.29,12.7,24.5,5.4,0.0,-17.2,-0.0,285,1263,0,-4,12
1907,272.11,26531,323.86,324.19,0.33,13.1,27.6,5.4,0.0,-19.9,-0.0,210,1178,0,-3,12
1908,272.28,26526,323.80,324.10,0.29,11.8,24.5,5.4,0.0,-18.1,-0.0,148,1126,0,-2,11
1909,272.45,26518,323.71,324.02,0.31,12.3,25.6,5.4,0.0,-18.7,-0.0,48,1023,0,0,12
1910,272.54,26511,323.62,323.97,0.35,15.2,29.7,5.5,0.0,-19.9,-0.0,4056,929,0,2,15
1911,272.71,26506,323.56,323.89,0.33,14.7,27.6,5.5,0.0,-18.4,-0.0,3994,877,0,3,14
1912,272.88,26497,323.45,323.80,0.35,16.4,29.7,5.5,0.0,-18.7,-0.0,3881,762,0,6,15
1913,272.97,26491,323.38,323.76,0.38,18.5,31.7,5.5,0.0,-18.7,-0.0,3806,682,0,9,15
1914,273.14,26484,323.29,323.67,0.38,18.5,31.7,5.5,0.0,-18.7,-0.0,3719,597,0,11,14
1915,273.31,26479,323.23,323.59,0.35,16.8,29.7,5.5,0.0,-18.4,-0.0,3656,538,0,11,12
1916,273.39,26475,323.18,323.54,0.37,17.2,30.7,5.5,0.0,-19.0,-0.0,3606,487,0,12,11
1917,273.56,26470,323.12,323.46,0.34,16.6,28.6,5.5,-0.0,-17.5,-0.0,3544,434,0,13,10
1918,273.73,26466,323.07,323.38,0.31,13.0,25.6,5.6,-0.0,-18.1,-0.0,3494,389,0,10,7
1919,273.82,26461,323.01,323.33,0.32,11.6,26.6,5.6,-0.0,-20.5,-0.0,3431,321,0,10,5
1920,273.99,26455,322.94,323.24,0.31,11.5,25.6,5.6,-0.0,-19.6,-0.0,3356,246,0,10,4
1921,274.17,26449,322.86,323.16,0.29,10.5,24.5,5.6,-0.0,-19.6,-0.0,3281,171,0,10,3
1922,274.25,26449,322.86,323.11,0.24,6.4,20.5,5.6,-0.0,-19.6,-0.0,3281,177,0,6,2
1923,274.43,26444,322.80,323.03,0.22,5.3,18.4,5.6,-0.0,-18.7,-0.0,3219,115,0,5,1
1924,274.60,26437,322.72,322.94,0.22,5.9,18.4,5.6,-0.0,-18.1,-0.0,3131,25,0,6,0
1925,274.68,26436,322.71,322.90,0.20,3.6,16.4,5.6,-0.0,-18.4,-0.0,3119,19,0,3,0
1926,274.86,26431,322.64,322.81,0.17,1.5,14.3,5.6,-0.0,-18.4,-0.0,3056,4054,0,1,0
1927,275.03,26427,322.60,322.73,0.13,-2.7,11.2,5.6,-0.0,-19.6,-0.0,3006,1948,0,-3,0
1928,275.12,26422,322.53,322.68,0.15,-2.0,12.3,5.6,-0.0,-19.9,-0.0,2944,1885,0,-2,0
1929,275.28,26419,322.50,322.60,0.10,-4.0,8.2,5.6,-0.0,-17.8,-0.0,2906,1856,0,-4,1
1930,275.45,26416,322.46,322.52,0.06,-6.8,5.1,5.6,-0.0,-17.5,-0.0,2869,1821,0,-6,2
1931,275.53,26413,322.42,322.48,0.05,-8.4,4.1,5.6,-0.0,-18.1,-0.0,2831,1780,0,-7,3
1932,275.69,26408,322.36,322.39,0.02,-9.9,2.0,5.6,-0.0,-17.5,-0.0,2769,1718,0,-8,5
1933,275.86,26406,322.34,322.31,-0.04,-16.5,-3.1,5.6,-0.0,-19.0,-0.0,2744,1698,0,-14,8
1934,276.03,26402,322.29,322.22,-0.07,-19.5,-6.1,5.6,-0.0,-19.0,-0.0,2694,1647,0,-15,11
1935,276.12,26399,322.25,322.18,-0.07,-19.2,-6.1,5.6,-0.0,-18.7,-0.0,2656,1606,0,-15,12
1936,276.29,26392,322.17,322.10,-0.07,-18.0,-6.1,5.6,-0.0,-17.5,-0.0,2569,1516,0,-12,13
1937,276.45,26391,322.16,322.02,-0.15,-24.2,-12.3,5.6,-0.0,-17.5,-0.0,2556,1511,0,-16,17
1938,276.54,26390,322.14,321.97,-0.17,-28.6,-14.3,5.6,-0.0,-19.9,-0.0,2544,1494,0,-18,21
1939,276.71,26387,322.11,321.88,-0.22,-30.9,-18.4,5.6,-0.0,-18.1,-0.0,2506,1460,0,-19,24
1940,276.88,26381,322.03,321.80,-0.23,-31.4,-19.4,5.6,-0.0,-17.5,-0.0,2431,1387,0,-16,26
1941,276.97,26381,322.03,321.76,-0.28,-36.9,-23.5,5.6,-0.0,-19.0,-0.0,2431,1390,0,-19,30
1942,277.14,26375,321.96,321.67,-0.29,-38.0,-24.5,5.6,-0.0,-19.0,-0.0,2356,1308,0,-16,33
1943,277.30,26367,321.86,321.59,-0.28,-35.8,-23.5,5.6,-0.0,-17.8,-0.0,2256,1200,0,-9,33
1944,277.40,26363,321.81,321.54,-0.27,-37.2,-22.5,5.6,-0.0,-20.2,-0.0,2206,1143,0,-7,35
1945,277.56,26361,321.79,321.46,-0.33,-39.9,-27.6,5.6,-0.0,-17.8,-0.0,2181,1129,0,-6,38
1946,277.73,26360,321.78,321.38,-0.40,-45.8,-33.8,5.5,-0.0,-17.5,-0.0,2169,1118,0,-6,44
1947,277.82,26357,321.74,321.33,-0.42,-49.5,-34.8,5.5,-0.0,-20.2,-0.0,2131,1078,0,-4,48
1948,277.99,26348,321.63,321.25,-0.38,-43.7,-31.7,5.5,-0.0,-17.5,-0.0,2019,968,0,4,42
1949,278.16,26338,321.51,321.16,-0.34,-41.6,-28.6,5.5,-0.0,-18.4,-0.0,1894,834,0,12,39
1950,278.24,26336,321.48,321.12,-0.37,-44.2,-30.7,5.5,-0.0,-19.0,-0.0,1869,807,0,14,40
1951,278.41,26327,321.37,321.03,-0.34,-41.3,-28.6,5.5,0.0,-18.1,-0.0,1756,684,0,20,35
1952,278.58,26321,321.30,320.95,-0.35,-42.9,-29.7,5.5,0.0,-18.7,-0.0,1681,610,0,25,33
1953,278.67,26317,321.25,320.90,-0.34,-42.5,-28.6,5.5,0.0,-19.3,-0.0,1631,559,0,27,31
1954,278.84,26311,321.18,320.82,-0.35,-42.9,-29.7,5.4,-0.0,-18.7,-0.0,1556,491,0,30,28
1955,279.00,26306,321.12,320.74,-0.38,-43.8,-31.7,5.4,-0.0,-17.5,-0.0,1494,433,0,33,26
1956,279.17,26298,321.02,320.66,-0.37,-44.3,-30.7,5.4,-0.0,-19.0,-0.0,1394,331,0,37,21
1957,279.25,26292,320.95,320.61,-0.33,-41.2,-27.6,5.4,0.0,-19.0,-0.0,1319,250,0,37,15
1958,279.42,26280,320.80,320.53,-0.27,-34.7,-22.5,5.4,0.0,-17.5,-0.0,1169,96,0,33,5
1959,279.59,26271,320.69,320.45,-0.24,-32.6,-20.5,5.4,0.0,-17.5,-0.0,1056,4076,0,32,-1
1960,279.68,26267,320.64,320.40,-0.24,-34.7,-20.5,5.4,0.0,-19.6,-0.0,1006,4016,0,33,-4
1961,279.85,26258,320.53,320.32,-0.22,-30.6,-18.4,5.4,0.0,-17.5,-0.0,894,3909,0,28,-8
1962,280.02,26246,320.39,320.23,-0.16,-26.4,-13.3,5.4,0.0,-18.4,-0.0,744,3755,0,22,-13
1963,280.11,26244,320.36,320.19,-0.17,-29.8,-14.3,5.4,0.0,-20.8,-0.0,719,3731,0,24,-15
1964,280.28,26235,320.25,320.10,-0.15,-26.0,-12.3,5.4,0.0,-19.0,-0.0,606,3624,0,19,-17
1965,280.45,26224,320.12,320.01,-0.11,-22.6,-9.2,5.3,0.0,-18.7,-0.0,469,3484,0,13,-18
1966,280.54,26219,320.06,319.97,-0.09,-21.1,-7.2,5.3,0.0,-19.3,-0.0,406,3418,0,10,-18
1967,280.71,26210,319.95,319.89,-0.06,-18.2,-5.1,5.3,0.0,-18.4,-0.0,294,3314,0,6,-16
1968,280.88,26200,319.82,319.80,-0.02,-14.2,-2.0,5.3,0.0,-17.5,-0.0,169,3185,0,2,-14
1969,280.97,26192,319.73,319.76,0.02,-12.5,2.0,5.3,0.0,-19.9,-0.0,69,3073,0,0,-12
1970,281.14,26180,319.58,319.67,0.09,-5.0,7.2,5.3,0.0,-17.5,-0.0,4015,2929,0,-1,-5
1971,281.31,26172,319.48,319.59,0.11,-3.0,9.2,5.4,0.0,-17.5,-0.0,3915,2833,0,-1,-3
1972,281.39,26167,319.42,319.54,0.12,-4.6,10.2,5.4,0.0,-20.2,-0.0,3852,2759,0,-2,-4
1973,281.56,26155,319.27,319.46,0.18,3.2,15.3,5.4,0.0,-17.5,-0.0,3702,567,0,2,2
1974,281.74,26150,319.21,319.37,0.16,-0.4,13.3,5.4,0.0,-19.0,-0.0,3640,2562,0,0,0
1975,281.83,26141,319.10,319.33,0.22,3.9,18.4,5.4,0.0,-19.9,-0.0,3527,393,0,3,2
1976,281.99,26135,319.03,319.24,0.21,4.3,17.4,5.4,0.0,-18.4,-0.0,3452,326,0,4,2
1977,282.16,26126,318.92,319.16,0.24,6.8,20.5,5.4,0.0,-19.0,-0.0,3340,214,0,6,2
1978,282.24,26121,318.86,319.12,0.26,7.8,21.5,5.4,0.0,-19.0,-0.0,3277,153,0,7,2
1979,282.41,26108,318.70,319.03,0.33,14.6,27.6,5.4,0.0,-18.4,-0.0,3115,4076,0,14,0
1980,282.59,26103,318.64,318.95,0.31,12.9,25.6,5.4,0.0,-18.1,-0.0,3052,4024,0,12,-1
1981,282.68,26097,318.57,318.90,0.33,12.8,27.6,5.4,0.0,-20.2,-0.0,2977,3939,0,12,-3
1982,282.85,26090,318.48,318.82,0.33,15.5,27.6,5.4,0.0,-17.5,-0.0,2890,3864,0,14,-5
1983,283.02,26086,318.43,318.73,0.31,13.5,25.6,5.5,0.0,-17.5,-0.0,2840,3825,0,12,-5
1984,283.11,26079,318.35,318.69,0.34,13.9,28.6,5.5,0.0,-20.2,-0.0,2752,3730,0,11,-7
1985,283.27,26072,318.26,318.60,0.34,16.3,28.6,5.5,0.0,-17.8,-0.0,2665,3645,0,12,-10
1986,283.45,26067,318.20,318.51,0.32,13.7,26.6,5.5,-0.0,-18.4,-0.0,2602,3589,0,9,-9
1987,283.54,26061,318.13,318.47,0.34,15.1,28.6,5.5,0.0,-19.0,-0.0,2527,3507,0,9,-12
1988,283.71,26055,318.05,318.39,0.33,14.4,27.6,5.5,0.0,-18.7,-0.0,2452,3430,0,7,-12
1989,283.87,26049,317.98,318.30,0.32,14.3,26.6,5.5,0.0,-17.8,-0.0,2377,3361,0,6,-13
1990,283.96,26047,317.96,318.26,0.31,12.1,25.6,5.5,-0.0,-19.0,-0.0,2352,3338,0,5,-11
1991,284.13,26042,317.90,318.18,0.28,10.6,23.5,5.5,-0.0,-18.4,-0.0,2290,3277,0,3,-10
1992,284.30,26034,317.80,318.09,0.29,12.0,24.5,5.6,-0.0,-18.1,-0.0,2190,3179,0,2,-11
1993,284.39,26032,317.77,318.05,0.27,7.9,22.5,5.6,-0.0,-20.2,-0.0,2165,3152,0,1,-8
1994,284.56,26028,317.72,317.96,0.23,6.9,19.4,5.6,-0.0,-18.1,-0.0,2115,3109,0,0,-7
1995,284.73,26022,317.65,317.87,0.22,4.7,18.4,5.6,-0.0,-19.3,-0.0,2040,3028,0,0,-5
1996,284.81,26016,317.58,317.83,0.26,8.9,21.5,5.6,-0.0,-18.1,-0.0,1965,2951,0,-2,-9
1997,284.99,26012,317.53,317.74,0.22,4.4,18.4,5.6,-0.0,-19.6,-0.0,1915,2905,0,-1,-4
1998,285.16,26006,317.46,317.66,0.21,5.5,17.4,5.6,-0.0,-17.5,-0.0,1840,2833,0,-2,-5
1999,285.24,26004,317.43,317.62,0.18,1.6,15.3,5.6,-0.0,-19.3,-0.0,1815,2802,0,-1,-1
