Sample,Timestamp,Raw Encoder Reading,Measured Motor Steps,Target Motor Steps,Current Error,PID Control Signal,PID P Term,PID I Term,PID D Term,PID V Term,PID A Term,Measured Step Phase,Desired Step Phase,Phase Shift,Coil A Current,Coil B Current
0,0.04,33598,410.13,410.25,0.12,13.6,13.6,0.0,0.0,-0.0,-0.0,2532,3551,0,9,-10
1,0.21,33599,410.14,410.25,0.11,12.3,12.3,0.0,0.0,-0.0,-0.0,2544,3567,0,8,-9
2,0.37,33598,410.13,410.25,0.12,13.6,13.6,0.0,0.0,-0.0,-0.0,2532,3553,0,9,-10
3,0.53,33596,410.11,410.25,0.15,16.3,16.4,0.0,0.0,-0.0,-0.0,2507,3525,0,10,-12
4,0.62,33596,410.11,410.25,0.15,16.3,16.4,0.0,0.0,-0.1,-0.0,2507,3525,0,10,-12
5,0.78,33597,410.12,410.25,0.13,14.9,15.0,0.0,0.0,-0.1,-0.0,2519,3542,0,10,-11
6,0.94,33596,410.11,410.25,0.15,16.3,16.4,0.0,0.0,-0.1,-0.0,2507,3527,0,10,-12
7,1.10,33597,410.12,410.25,0.13,14.9,15.0,0.0,0.0,-0.1,-0.0,2519,3543,0,10,-11
8,1.19,33598,410.13,410.25,0.12,13.5,13.6,0.0,-0.0,-0.1,-0.0,2532,3559,0,9,-10
9,1.35,33598,410.13,410.25,0.11,12.2,12.3,0.0,-0.0,-0.1,-0.0,2532,3559,0,8,-9
10,1.52,33598,410.13,410.25,0.11,12.1,12.3,0.0,-0.0,-0.1,-0.0,2532,3559,0,8,-9
11,1.68,33598,410.13,410.25,0.11,12.1,12.3,0.0,-0.0,-0.2,-0.0,2532,3559,0,8,-9
12,1.76,33598,410.13,410.25,0.11,12.1,12.3,0.0,-0.0,-0.2,-0.0,2532,3557,0,8,-9
13,1.92,33598,410.13,410.25,0.11,12.1,12.3,0.0,-0.0,-0.2,-0.0,2532,3556,0,8,-9
14,2.09,33594,410.08,410.24,0.16,17.5,17.7,0.0,0.0,-0.2,-0.0,2482,3499,0,10,-13
15,2.25,33594,410.08,410.24,0.16,17.5,17.7,0.0,0.0,-0.2,-0.0,2482,3500,0,10,-13
16,2.33,33597,410.12,410.24,0.12,13.4,13.6,0.0,0.0,-0.2,-0.0,2519,3541,0,9,-10
17,2.50,33597,410.12,410.24,0.12,13.4,13.6,0.0,0.0,-0.2,-0.0,2519,3543,0,9,-10
18,2.66,33596,410.11,410.24,0.13,14.8,15.0,0.0,0.0,-0.2,-0.0,2507,3529,0,9,-11
19,2.82,33595,410.10,410.24,0.15,16.1,16.4,0.0,-0.0,-0.2,-0.0,2494,3521,0,10,-12
20,2.90,33595,410.10,410.24,0.15,16.1,16.4,0.0,-0.0,-0.3,-0.0,2494,3520,0,10,-12
21,3.06,33597,410.12,410.24,0.12,13.4,13.6,0.0,0.0,-0.3,-0.0,2519,3543,0,9,-10
22,3.23,33597,410.12,410.24,0.12,13.4,13.6,0.0,-0.0,-0.3,-0.0,2519,3545,0,9,-10
23,3.39,33598,410.13,410.24,0.11,12.0,12.3,0.0,-0.0,-0.3,-0.0,2532,3559,0,8,-9
24,3.47,33595,410.10,410.24,0.13,14.7,15.0,0.0,-0.0,-0.3,-0.0,2494,3518,0,9,-11
25,3.63,33596,410.11,410.23,0.12,13.3,13.6,0.0,-0.0,-0.3,-0.0,2507,3533,0,8,-10
26,3.80,33596,410.11,410.23,0.12,13.3,13.6,0.0,0.0,-0.3,-0.0,2507,3529,0,8,-10
27,3.97,33598,410.13,410.23,0.10,10.6,10.9,0.0,-0.0,-0.4,-0.0,2532,3556,0,7,-8
28,4.05,33597,410.12,410.23,0.11,11.9,12.3,0.0,0.0,-0.4,-0.0,2519,3541,0,8,-9
29,4.21,33595,410.10,410.23,0.13,14.6,15.0,0.0,0.0,-0.4,-0.0,2494,3518,0,9,-11
30,4.37,33595,410.10,410.23,0.13,14.6,15.0,0.0,0.0,-0.4,-0.0,2494,3513,0,9,-11
31,4.54,33594,410.08,410.22,0.15,15.9,16.4,0.0,0.0,-0.4,-0.0,2482,3503,0,9,-12
32,4.62,33594,410.08,410.22,0.15,15.9,16.4,0.0,0.0,-0.4,-0.0,2482,3500,0,9,-12
33,4.79,33597,410.12,410.22,0.10,10.5,10.9,0.0,-0.0,-0.4,-0.0,2519,3546,0,7,-8
34,4.95,33597,410.12,410.22,0.10,10.5,10.9,0.0,-0.0,-0.4,-0.0,2519,3546,0,7,-8
35,5.03,33598,410.13,410.22,0.09,9.1,9.5,0.0,-0.0,-0.4,-0.0,2532,3560,0,6,-6
36,5.20,33598,410.13,410.22,0.09,9.1,9.5,0.0,-0.0,-0.5,-0.0,2532,3562,0,6,-6
37,5.36,33600,410.16,410.21,0.06,6.3,6.8,0.0,-0.0,-0.5,-0.0,2557,3590,0,4,-4
38,5.53,33598,410.13,410.21,0.09,9.1,9.5,0.0,-0.0,-0.5,-0.0,2532,3557,0,6,-6
39,5.61,33596,410.11,410.21,0.10,10.3,10.9,0.0,0.0,-0.6,-0.0,2507,3529,0,6,-8
40,5.78,33598,410.13,410.21,0.07,7.7,8.2,0.0,-0.0,-0.5,-0.0,2532,3556,0,5,-5
41,5.95,33599,410.14,410.21,0.06,6.3,6.8,0.0,-0.0,-0.6,-0.0,2544,3568,0,4,-4
42,6.03,33598,410.13,410.20,0.07,7.7,8.2,0.0,0.0,-0.5,-0.0,2532,3553,0,5,-6
43,6.20,33597,410.12,410.20,0.09,9.0,9.5,0.0,0.0,-0.6,-0.0,2519,3542,0,6,-7
44,6.35,33595,410.10,410.20,0.11,11.7,12.3,0.0,0.0,-0.6,-0.0,2494,3517,0,7,-9
45,6.51,33595,410.10,410.20,0.10,10.3,10.9,0.0,0.0,-0.6,-0.0,2494,3512,0,6,-8
46,6.60,33596,410.11,410.20,0.09,8.9,9.5,0.0,0.0,-0.6,-0.0,2507,3526,0,6,-7
47,6.77,33598,410.13,410.19,0.06,6.2,6.8,0.0,-0.0,-0.6,-0.0,2532,3557,0,4,-4
48,6.93,33595,410.10,410.19,0.10,10.3,10.9,0.0,0.0,-0.6,-0.0,2494,3515,0,6,-8
49,7.09,33593,410.07,410.19,0.12,13.0,13.6,0.0,0.0,-0.7,-0.0,2469,3490,0,8,-10
50,7.18,33595,410.10,410.19,0.09,8.9,9.5,0.0,-0.0,-0.7,-0.0,2494,3518,0,5,-7
51,7.35,33593,410.07,410.18,0.11,11.6,12.3,0.0,0.0,-0.7,-0.0,2469,3485,0,7,-9
52,7.52,33592,410.06,410.18,0.12,13.0,13.6,0.0,0.0,-0.7,-0.0,2457,3472,0,7,-10
53,7.67,33595,410.10,410.18,0.09,8.9,9.5,0.0,-0.0,-0.7,-0.0,2494,3522,0,5,-7
54,7.76,33595,410.10,410.18,0.09,8.8,9.5,0.0,-0.0,-0.7,-0.0,2494,3521,0,5,-7
55,7.92,33596,410.11,410.17,0.06,6.1,6.8,0.0,-0.0,-0.7,-0.0,2507,3534,0,4,-4
56,8.09,33593,410.07,410.17,0.10,10.2,10.9,0.0,-0.0,-0.7,-0.0,2469,3495,0,6,-8
57,8.19,33592,410.06,410.17,0.11,11.4,12.3,0.0,-0.0,-0.8,-0.0,2457,3481,0,7,-9
58,8.36,33593,410.07,410.16,0.10,10.2,10.9,0.0,0.0,-0.7,-0.0,2469,3490,0,6,-8
59,8.53,33593,410.07,410.16,0.09,8.8,9.5,0.0,0.0,-0.8,-0.0,2469,3490,0,5,-7
60,8.60,33594,410.08,410.16,0.07,7.5,8.2,0.0,0.0,-0.7,-0.0,2482,3503,0,4,-6
61,8.77,33592,410.06,410.15,0.10,10.1,10.9,0.0,0.0,-0.8,-0.0,2457,3480,0,6,-8
62,8.93,33592,410.06,410.15,0.10,10.1,10.9,0.0,-0.0,-0.8,-0.0,2457,3481,0,6,-8
63,9.09,33592,410.06,410.15,0.09,8.7,9.5,0.0,0.0,-0.8,-0.0,2457,3479,0,5,-7
64,9.17,33591,410.05,410.15,0.10,10.1,10.9,0.0,0.0,-0.8,-0.0,2444,3465,0,6,-8
65,9.34,33593,410.07,410.14,0.07,7.3,8.2,0.0,0.0,-0.9,-0.0,2469,3491,0,4,-6
66,9.52,33594,410.08,410.14,0.05,4.6,5.5,0.0,-0.0,-0.9,-0.0,2482,3509,0,3,-3
67,9.61,33594,410.08,410.13,0.05,4.5,5.5,0.0,-0.0,-1.0,-0.0,2482,3509,0,3,-3
68,9.77,33594,410.08,410.13,0.05,4.6,5.5,0.0,-0.0,-0.9,-0.0,2482,3509,0,3,-3
69,9.93,33593,410.07,410.13,0.06,5.9,6.8,0.0,-0.0,-0.9,-0.0,2469,3496,0,3,-5
70,10.10,33592,410.06,410.12,0.06,5.9,6.8,0.0,0.0,-0.9,-0.0,2457,3478,0,3,-5
71,10.18,33592,410.06,410.12,0.06,5.9,6.8,0.0,0.0,-0.9,-0.0,2457,3478,0,3,-5
72,10.34,33591,410.05,410.12,0.07,7.3,8.2,0.0,0.0,-0.9,-0.0,2444,3463,0,4,-6
73,10.49,33589,410.02,410.11,0.09,8.6,9.5,0.0,0.0,-0.9,-0.0,2419,3436,0,4,-7
74,10.66,33589,410.02,410.11,0.09,8.6,9.5,0.0,0.0,-1.0,-0.0,2419,3438,0,4,-7
75,10.75,33589,410.02,410.11,0.09,8.5,9.5,0.0,0.0,-1.1,-0.0,2419,3438,0,4,-7
76,10.91,33590,410.03,410.10,0.07,7.2,8.2,0.0,0.0,-1.0,-0.0,2432,3454,0,4,-6
77,11.07,33591,410.05,410.10,0.05,4.5,5.5,0.0,-0.0,-1.0,-0.0,2444,3472,0,3,-4
78,11.24,33592,410.06,410.09,0.04,3.1,4.1,0.0,-0.0,-1.0,-0.0,2457,3482,0,2,-2
79,11.32,33591,410.05,410.09,0.05,4.4,5.5,0.0,-0.0,-1.0,-0.0,2444,3471,0,2,-4
80,11.50,33590,410.03,410.09,0.05,4.4,5.5,0.0,-0.0,-1.1,-0.0,2432,3458,0,2,-4
81,11.66,33590,410.03,410.08,0.05,4.4,5.5,0.0,-0.0,-1.0,-0.0,2432,3456,0,2,-4
82,11.75,33591,410.05,410.08,0.04,3.0,4.1,0.0,-0.0,-1.1,-0.0,2444,3468,0,2,-2
83,11.92,33591,410.05,410.07,0.02,1.6,2.7,0.0,-0.0,-1.1,-0.0,2444,3466,0,1,-1
84,12.08,33590,410.03,410.07,0.04,3.0,4.1,0.0,0.0,-1.1,-0.0,2432,3454,0,2,-2
85,12.24,33589,410.02,410.06,0.04,2.9,4.1,0.0,-0.0,-1.2,-0.0,2419,3443,0,2,-2
86,12.32,33589,410.02,410.06,0.04,3.0,4.1,0.0,-0.0,-1.1,-0.0,2419,3441,0,2,-2
87,12.49,33589,410.02,410.06,0.04,2.9,4.1,0.0,0.0,-1.2,-0.0,2419,3440,0,1,-2
88,12.66,33590,410.03,410.05,0.01,0.3,1.4,0.0,-0.0,-1.1,-0.0,2432,3456,0,0,0
89,12.75,33592,410.06,410.05,-0.01,-2.6,-1.4,0.0,-0.0,-1.3,-0.0,2457,1436,0,-2,2
90,12.92,33591,410.05,410.04,0.00,-1.2,0.0,0.0,-0.0,-1.2,-0.0,2444,1423,0,-1,1
91,13.07,33591,410.05,410.04,-0.01,-2.5,-1.4,0.0,-0.0,-1.2,-0.0,2444,1423,0,-1,2
92,13.24,33588,410.01,410.03,0.02,1.5,2.7,0.0,-0.0,-1.2,-0.0,2407,3429,0,1,-1
93,13.32,33588,410.01,410.03,0.02,1.5,2.7,0.0,0.0,-1.3,-0.0,2407,3428,0,1,-1
94,13.49,33590,410.03,410.02,-0.01,-2.6,-1.4,0.0,-0.0,-1.3,-0.0,2432,1406,0,-1,2
95,13.65,33589,410.02,410.02,0.00,-1.2,0.0,0.0,0.0,-1.2,-0.0,2419,1392,0,-1,1
96,13.75,33588,410.01,410.01,0.00,-1.4,0.0,0.0,0.0,-1.4,-0.0,2407,1378,0,-1,1
97,13.90,33588,410.01,410.01,0.00,-1.2,0.0,0.0,-0.0,-1.2,-0.0,2407,1383,0,-1,1
98,14.06,33592,410.06,410.00,-0.06,-8.0,-6.8,0.0,-0.0,-1.2,-0.0,2457,1437,0,-5,6
99,14.23,33589,410.02,410.00,-0.02,-4.1,-2.7,0.0,0.0,-1.4,-0.0,2419,1392,0,-2,3
100,14.31,33589,410.02,409.99,-0.02,-4.1,-2.7,0.0,-0.0,-1.4,-0.0,2419,1395,0,-2,3
101,14.48,33590,410.03,409.99,-0.05,-6.8,-5.5,0.0,-0.0,-1.3,-0.0,2432,1411,0,-4,5
102,14.63,33588,410.01,409.98,-0.02,-4.1,-2.7,0.0,0.0,-1.3,-0.0,2407,1380,0,-2,3
103,14.80,33590,410.03,409.98,-0.06,-8.2,-6.8,0.0,0.0,-1.4,-0.0,2432,1403,0,-4,7
104,14.89,33590,410.03,409.97,-0.06,-8.3,-6.8,0.0,-0.0,-1.5,-0.0,2432,1410,0,-5,7
105,15.05,33592,410.06,409.97,-0.09,-10.8,-9.5,0.0,-0.0,-1.3,-0.0,2457,1436,0,-6,8
106,15.22,33592,410.06,409.96,-0.10,-12.2,-10.9,0.0,-0.0,-1.3,-0.0,2457,1439,0,-7,10
107,15.38,33591,410.05,409.96,-0.09,-10.9,-9.5,0.0,-0.0,-1.4,-0.0,2444,1421,0,-6,9
108,15.46,33591,410.05,409.95,-0.10,-12.4,-10.9,0.0,-0.0,-1.4,-0.0,2444,1422,0,-7,10
109,15.63,33592,410.06,409.95,-0.11,-13.6,-12.3,0.0,-0.0,-1.4,-0.0,2457,1433,0,-8,11
110,15.80,33590,410.03,409.94,-0.10,-12.5,-10.9,0.0,0.0,-1.5,-0.0,2432,1405,0,-7,10
111,15.88,33591,410.05,409.94,-0.11,-13.6,-12.3,0.0,-0.0,-1.3,-0.0,2444,1419,0,-8,11
112,16.04,33592,410.06,409.93,-0.13,-16.5,-15.0,0.0,-0.0,-1.5,-0.0,2457,1435,0,-9,13
113,16.21,33591,410.05,409.92,-0.12,-15.0,-13.6,0.0,-0.0,-1.3,-0.0,2444,1419,0,-8,12
114,16.38,33593,410.07,409.92,-0.16,-19.3,-17.7,0.0,-0.0,-1.6,-0.0,2469,1450,0,-11,15
115,16.47,33593,410.07,409.91,-0.16,-19.4,-17.7,0.0,-0.0,-1.6,-0.0,2469,1450,0,-11,15
116,16.62,33592,410.06,409.91,-0.16,-19.2,-17.7,0.0,-0.0,-1.5,-0.0,2457,1433,0,-11,15
117,16.79,33589,410.02,409.90,-0.12,-15.3,-13.6,0.0,0.0,-1.6,-0.0,2419,1390,0,-8,13
118,16.88,33589,410.02,409.89,-0.12,-15.3,-13.6,0.0,0.0,-1.7,-0.0,2419,1392,0,-8,13
119,17.05,33588,410.01,409.89,-0.12,-15.2,-13.6,0.0,0.0,-1.6,-0.0,2407,1375,0,-8,13
120,17.22,33585,409.97,409.88,-0.10,-12.5,-10.9,0.0,0.0,-1.6,-0.0,2369,1333,0,-6,11
121,17.38,33588,410.01,409.87,-0.13,-16.6,-15.0,0.0,0.0,-1.6,-0.0,2407,1378,0,-8,14
122,17.47,33588,410.01,409.87,-0.15,-18.1,-16.4,0.0,-0.0,-1.8,-0.0,2407,1381,0,-9,15
123,17.64,33586,409.99,409.86,-0.12,-15.3,-13.6,0.0,0.0,-1.7,-0.0,2382,1353,0,-7,13
124,17.73,33584,409.96,409.86,-0.10,-12.6,-10.9,0.0,0.0,-1.7,-0.0,2357,1327,0,-5,11
125,17.90,33585,409.97,409.85,-0.12,-15.3,-13.6,0.0,-0.0,-1.6,-0.0,2369,1345,0,-7,13
126,18.08,33586,409.99,409.84,-0.15,-18.1,-16.4,0.0,-0.0,-1.7,-0.0,2382,1355,0,-9,15
127,18.17,33584,409.96,409.84,-0.12,-15.4,-13.6,0.0,0.0,-1.8,-0.0,2357,1327,0,-7,13
128,18.34,33581,409.92,409.83,-0.10,-12.5,-10.9,0.0,0.0,-1.6,-0.0,2319,1288,0,-5,11
129,18.50,33580,409.91,409.82,-0.09,-11.1,-9.5,0.0,0.0,-1.6,-0.0,2307,1277,0,-4,10
130,18.59,33580,409.91,409.82,-0.10,-12.7,-10.9,0.0,0.0,-1.8,-0.0,2307,1275,0,-5,11
131,18.75,33580,409.91,409.81,-0.10,-12.6,-10.9,0.0,0.0,-1.7,-0.0,2307,1274,0,-5,11
132,18.92,33580,409.91,409.80,-0.11,-14.0,-12.3,0.0,-0.0,-1.7,-0.0,2307,1281,0,-5,13
133,19.08,33580,409.91,409.80,-0.12,-15.3,-13.6,0.0,-0.0,-1.7,-0.0,2307,1282,0,-6,14
134,19.16,33580,409.91,409.79,-0.12,-15.4,-13.6,0.0,-0.0,-1.8,-0.0,2307,1283,0,-6,14
135,19.32,33575,409.85,409.78,-0.06,-8.5,-6.8,0.0,0.0,-1.7,-0.0,2244,1212,0,-2,8
136,19.50,33575,409.85,409.78,-0.07,-9.9,-8.2,0.0,0.0,-1.7,-0.0,2244,1213,0,-3,9
137,19.65,33573,409.83,409.77,-0.06,-8.6,-6.8,0.0,0.0,-1.8,-0.0,2219,1185,0,-2,8
138,19.74,33573,409.83,409.76,-0.06,-8.6,-6.8,0.0,0.0,-1.8,-0.0,2219,1185,0,-2,8
139,19.89,33573,409.83,409.76,-0.07,-10.0,-8.2,0.0,0.0,-1.8,-0.0,2219,1190,0,-2,9
140,20.06,33570,409.79,409.75,-0.04,-6.0,-4.1,0.0,0.0,-1.9,-0.0,2182,1150,0,-1,6
141,20.23,33570,409.79,409.74,-0.05,-7.4,-5.5,0.0,0.0,-1.9,-0.0,2182,1152,0,-1,7
142,20.31,33568,409.77,409.73,-0.04,-5.9,-4.1,0.0,0.0,-1.8,-0.0,2157,1126,0,-1,6
143,20.48,33567,409.75,409.73,-0.02,-4.6,-2.7,0.0,0.0,-1.8,-0.0,2144,1111,0,-1,4
144,20.65,33567,409.75,409.72,-0.04,-5.9,-4.1,0.0,0.0,-1.8,-0.0,2144,1113,0,-1,6
145,20.74,33567,409.75,409.71,-0.04,-6.1,-4.1,0.0,0.0,-2.0,-0.0,2144,1115,0,-1,6
146,20.89,33568,409.77,409.71,-0.06,-8.8,-6.8,0.0,-0.0,-2.0,-0.0,2157,1130,0,-1,8
147,21.05,33566,409.74,409.70,-0.05,-7.3,-5.5,0.0,-0.0,-1.9,-0.0,2132,1105,0,-1,7
148,21.22,33567,409.75,409.69,-0.06,-8.7,-6.8,0.0,-0.0,-1.9,-0.0,2144,1120,0,-1,8
149,21.30,33567,409.75,409.68,-0.07,-10.2,-8.2,0.0,-0.0,-2.0,-0.0,2144,1120,0,-1,10
150,21.48,33564,409.72,409.67,-0.04,-6.1,-4.1,0.0,0.0,-2.0,-0.0,2107,1077,0,0,6
151,21.65,33562,409.69,409.67,-0.02,-4.6,-2.7,0.0,0.0,-1.9,-0.0,2082,1052,0,0,4
152,21.74,33563,409.70,409.66,-0.05,-7.7,-5.5,0.0,0.0,-2.2,-0.0,2094,1065,0,0,7
153,21.91,33565,409.73,409.65,-0.07,-10.1,-8.2,0.0,-0.0,-2.0,-0.0,2119,1092,0,-1,10
154,22.08,33565,409.73,409.64,-0.09,-11.6,-9.5,0.0,-0.0,-2.1,-0.0,2119,1094,0,-1,11
155,22.16,33566,409.74,409.64,-0.11,-14.3,-12.3,0.0,-0.0,-2.0,-0.0,2132,1111,0,-2,14
156,22.33,33564,409.72,409.63,-0.09,-11.5,-9.5,0.0,-0.0,-2.0,-0.0,2107,1086,0,-1,11
157,22.50,33564,409.72,409.62,-0.10,-13.0,-10.9,0.0,-0.0,-2.1,-0.0,2107,1083,0,-1,13
158,22.65,33564,409.72,409.61,-0.11,-14.3,-12.3,0.0,-0.0,-2.0,-0.0,2107,1082,0,-1,14
159,22.74,33564,409.72,409.60,-0.11,-14.4,-12.3,0.0,-0.0,-2.2,-0.0,2107,1081,0,-1,14
160,22.89,33564,409.72,409.60,-0.12,-15.6,-13.6,0.0,-0.0,-2.0,-0.0,2107,1082,0,-1,15
161,23.05,33566,409.74,409.59,-0.16,-19.8,-17.7,0.0,-0.0,-2.0,-0.0,2132,1111,0,-3,19
162,23.22,33564,409.72,409.58,-0.13,-17.0,-15.0,0.0,-0.0,-2.0,-0.0,2107,1082,0,-1,16
163,23.30,33564,409.72,409.57,-0.15,-18.6,-16.4,0.0,-0.0,-2.2,-0.0,2107,1083,0,-2,18
164,23.47,33563,409.70,409.56,-0.15,-18.5,-16.4,0.0,-0.0,-2.1,-0.0,2094,1070,0,-1,18
165,23.64,33560,409.67,409.55,-0.11,-14.3,-12.3,0.0,0.0,-2.1,-0.0,2057,1024,0,0,14
166,23.73,33560,409.67,409.55,-0.12,-16.0,-13.6,0.0,0.0,-2.3,-0.0,2057,1023,0,0,15
167,23.90,33562,409.69,409.54,-0.16,-19.9,-17.7,0.0,-0.0,-2.2,-0.0,2082,1055,0,-1,19
168,24.07,33559,409.66,409.53,-0.13,-17.1,-15.0,0.0,0.0,-2.1,-0.0,2044,1014,0,0,17
169,24.16,33559,409.66,409.52,-0.13,-17.4,-15.0,0.0,0.0,-2.4,-0.0,2044,1014,0,0,17
170,24.31,33558,409.64,409.51,-0.13,-17.2,-15.0,0.0,-0.0,-2.2,-0.0,2032,1005,0,0,17
171,24.48,33558,409.64,409.50,-0.15,-18.7,-16.4,0.0,-0.0,-2.4,-0.0,2032,1003,0,1,18
172,24.65,33559,409.66,409.49,-0.16,-20.0,-17.7,0.0,0.0,-2.3,-0.0,2044,1015,0,0,19
173,24.73,33556,409.62,409.49,-0.13,-17.1,-15.0,0.0,0.0,-2.1,-0.0,2007,979,0,1,16
174,24.89,33555,409.61,409.48,-0.13,-16.9,-15.0,0.0,0.0,-1.9,-0.0,1994,965,0,1,16
175,25.05,33555,409.61,409.47,-0.13,-17.2,-15.0,0.0,0.0,-2.2,-0.0,1994,966,0,1,17
176,25.21,33553,409.58,409.46,-0.12,-15.9,-13.6,0.0,0.0,-2.2,-0.0,1969,936,0,2,15
177,25.30,33553,409.58,409.45,-0.13,-17.4,-15.0,0.0,0.0,-2.4,-0.0,1969,935,0,2,17
178,25.46,33553,409.58,409.44,-0.15,-18.6,-16.4,0.0,-0.0,-2.3,-0.0,1969,942,0,2,18
179,25.63,33551,409.56,409.43,-0.12,-15.9,-13.6,0.0,0.0,-2.3,-0.0,1944,914,0,3,15
180,25.80,33549,409.53,409.42,-0.11,-14.7,-12.3,0.0,0.0,-2.5,-0.0,1919,889,0,3,14
181,25.88,33549,409.53,409.41,-0.12,-15.9,-13.6,0.0,0.0,-2.3,-0.0,1919,889,0,3,15
182,26.05,33545,409.48,409.40,-0.09,-11.8,-9.5,0.0,0.0,-2.3,-0.0,1869,833,0,3,11
183,26.21,33545,409.48,409.39,-0.10,-13.1,-10.9,0.0,0.0,-2.1,-0.0,1869,834,0,4,12
184,26.30,33546,409.50,409.39,-0.11,-14.8,-12.3,0.0,0.0,-2.5,-0.0,1882,850,0,4,14
185,26.46,33545,409.48,409.38,-0.11,-14.7,-12.3,0.0,0.0,-2.4,-0.0,1869,839,0,4,14
186,26.63,33543,409.46,409.36,-0.10,-13.2,-10.9,0.0,0.0,-2.3,-0.0,1844,814,0,4,12
187,26.80,33541,409.44,409.35,-0.09,-12.1,-9.5,0.0,0.0,-2.5,-0.0,1819,789,0,4,11
188,26.88,33540,409.42,409.35,-0.07,-10.5,-8.2,0.0,0.0,-2.4,-0.0,1807,776,0,4,9
189,27.04,33539,409.41,409.34,-0.07,-10.5,-8.2,0.0,0.0,-2.3,-0.0,1794,760,0,4,9
190,27.21,33539,409.41,409.33,-0.09,-11.9,-9.5,0.0,0.0,-2.4,-0.0,1794,761,0,5,11
191,27.29,33539,409.41,409.32,-0.09,-12.0,-9.5,0.0,0.0,-2.5,-0.0,1794,764,0,5,11
192,27.45,33534,409.35,409.31,-0.04,-6.5,-4.1,0.0,0.0,-2.4,-0.0,1732,697,0,3,6
193,27.62,33533,409.34,409.30,-0.04,-6.5,-4.1,0.0,0.0,-2.4,-0.0,1719,685,0,3,5
194,27.79,33532,409.33,409.29,-0.04,-6.7,-4.1,0.0,0.0,-2.6,-0.0,1707,672,0,3,6
195,27.87,33532,409.33,409.28,-0.05,-7.9,-5.5,0.0,0.0,-2.5,-0.0,1707,673,0,4,7
196,28.03,33530,409.30,409.27,-0.04,-6.5,-4.1,0.0,0.0,-2.5,-0.0,1682,648,0,3,5
197,28.20,33529,409.29,409.26,-0.04,-6.6,-4.1,0.0,0.0,-2.6,-0.0,1669,638,0,4,5
198,28.29,33528,409.28,409.25,-0.02,-5.5,-2.7,0.0,0.0,-2.7,-0.0,1657,625,0,3,4
199,28.46,33532,409.33,409.24,-0.09,-12.1,-9.5,0.0,-0.0,-2.6,-0.0,1707,683,0,6,10
200,28.63,33532,409.33,409.23,-0.10,-13.5,-10.9,0.0,-0.0,-2.6,-0.0,1707,686,0,6,11
201,28.72,33532,409.33,409.22,-0.11,-15.1,-12.3,0.0,-0.0,-2.8,-0.0,1707,686,0,7,13
202,28.89,33531,409.31,409.21,-0.11,-15.0,-12.3,0.0,-0.0,-2.7,-0.0,1694,673,0,7,12
203,29.06,33529,409.29,409.20,-0.10,-13.6,-10.9,0.0,-0.0,-2.7,-0.0,1669,644,0,7,11
204,29.15,33529,409.29,409.19,-0.10,-13.8,-10.9,0.0,-0.0,-2.9,-0.0,1669,640,0,7,11
205,29.30,33531,409.31,409.18,-0.13,-17.7,-15.0,0.0,-0.0,-2.7,-0.0,1694,669,0,9,15
206,29.48,33531,409.31,409.17,-0.15,-19.1,-16.4,0.0,-0.0,-2.7,-0.0,1694,670,0,10,16
207,29.63,33531,409.31,409.15,-0.16,-20.4,-17.7,0.0,-0.0,-2.7,-0.0,1694,670,0,10,17
208,29.72,33531,409.31,409.15,-0.17,-21.9,-19.1,0.0,-0.0,-2.8,-0.0,1694,673,0,11,18
209,29.89,33531,409.31,409.13,-0.18,-23.2,-20.5,0.0,-0.0,-2.7,-0.0,1694,673,0,12,19
210,30.06,33531,409.31,409.12,-0.20,-24.5,-21.8,0.0,-0.0,-2.7,-0.0,1694,670,0,12,20
211,30.15,33531,409.31,409.11,-0.20,-24.8,-21.8,0.0,-0.0,-3.0,-0.0,1694,670,0,12,21
212,30.32,33528,409.28,409.10,-0.17,-21.8,-19.1,0.0,-0.0,-2.7,-0.0,1657,629,0,12,17
213,30.49,33528,409.28,409.09,-0.18,-23.3,-20.5,0.0,-0.0,-2.8,-0.0,1657,629,0,13,19
214,30.65,33526,409.25,409.08,-0.17,-22.0,-19.1,0.0,0.0,-2.9,-0.0,1632,600,0,13,17
215,30.74,33526,409.25,409.07,-0.18,-23.5,-20.5,0.0,0.0,-3.1,-0.0,1632,600,0,14,18
216,30.90,33525,409.24,409.06,-0.18,-22.8,-20.5,0.0,0.0,-2.4,-0.0,1619,590,0,14,17
217,31.06,33525,409.24,409.04,-0.20,-24.6,-21.8,0.0,-0.0,-2.8,-0.0,1619,591,0,15,19
218,31.15,33524,409.23,409.04,-0.20,-24.7,-21.8,0.0,-0.0,-2.9,-0.0,1607,577,0,15,19
219,31.31,33524,409.23,409.03,-0.21,-26.1,-23.2,0.0,-0.0,-2.9,-0.0,1607,580,0,16,20
220,31.48,33524,409.23,409.01,-0.22,-27.4,-24.5,0.0,-0.0,-2.8,-0.0,1607,581,0,17,21
221,31.57,33524,409.23,409.01,-0.22,-27.7,-24.5,0.0,-0.0,-3.2,-0.0,1607,581,0,17,21
222,31.73,33524,409.23,408.99,-0.23,-28.7,-25.9,0.0,-0.0,-2.8,-0.0,1607,582,0,17,22
223,31.88,33523,409.22,408.98,-0.23,-28.7,-25.9,0.0,-0.0,-2.8,-0.0,1594,569,0,18,21
224,32.05,33522,409.20,408.97,-0.23,-28.7,-25.9,0.0,-0.0,-2.8,-0.0,1582,555,0,18,21
225,32.21,33519,409.17,408.95,-0.21,-26.1,-23.2,0.0,0.0,-2.9,-0.0,1544,512,0,18,18
226,32.29,33517,409.14,408.95,-0.20,-24.9,-21.8,0.0,0.0,-3.1,-0.0,1519,484,0,18,16
227,32.46,33517,409.14,408.93,-0.21,-26.2,-23.2,0.0,0.0,-3.0,-0.0,1519,484,0,19,17
228,32.62,33515,409.12,408.92,-0.20,-24.8,-21.8,0.0,0.0,-3.0,-0.0,1494,459,0,18,16
229,32.80,33511,409.07,408.91,-0.16,-20.9,-17.7,0.0,0.0,-3.2,-0.0,1444,405,0,16,12
230,32.88,33511,409.07,408.90,-0.17,-22.5,-19.1,0.0,0.0,-3.4,-0.0,1444,407,0,18,13
231,33.05,33510,409.06,408.89,-0.17,-22.0,-19.1,0.0,0.0,-2.9,-0.0,1432,398,0,17,12
232,33.14,33510,409.06,408.88,-0.18,-23.7,-20.5,0.0,0.0,-3.2,-0.0,1432,397,0,19,13
233,33.30,33507,409.02,408.87,-0.16,-20.6,-17.7,0.0,0.0,-2.9,-0.0,1394,359,0,17,10
234,33.47,33505,409.00,408.85,-0.15,-19.3,-16.4,0.0,0.0,-3.0,-0.0,1369,336,0,16,9
235,33.64,33502,408.96,408.84,-0.12,-16.6,-13.6,0.0,0.0,-2.9,-0.0,1332,295,0,14,7
236,33.73,33498,408.91,408.83,-0.09,-12.9,-9.5,0.0,0.0,-3.3,-0.0,1282,239,0,12,4
237,33.89,33497,408.90,408.82,-0.09,-12.5,-9.5,0.0,0.0,-2.9,-0.0,1269,227,0,11,4
238,34.06,33495,408.87,408.80,-0.07,-11.2,-8.2,0.0,0.0,-3.0,-0.0,1244,205,0,10,3
239,34.15,33495,408.87,408.79,-0.09,-12.9,-9.5,0.0,0.0,-3.4,-0.0,1244,204,0,12,4
240,34.32,33492,408.84,408.78,-0.06,-9.9,-6.8,0.0,0.0,-3.1,-0.0,1207,168,0,9,2
241,34.49,33489,408.80,408.76,-0.04,-7.3,-4.1,0.0,0.0,-3.2,-0.0,1169,133,0,7,1
242,34.57,33491,408.83,408.76,-0.07,-11.5,-8.2,0.0,0.0,-3.3,-0.0,1194,161,0,11,3
243,34.75,33491,408.83,408.74,-0.09,-12.8,-9.5,0.0,-0.0,-3.2,-0.0,1194,164,0,12,3
244,34.91,33486,408.76,408.73,-0.04,-7.3,-4.1,0.0,0.0,-3.2,-0.0,1132,98,0,7,1
245,35.00,33486,408.76,408.72,-0.05,-8.8,-5.5,0.0,0.0,-3.3,-0.0,1132,99,0,8,1
246,35.16,33486,408.76,408.71,-0.06,-9.9,-6.8,0.0,-0.0,-3.1,-0.0,1132,104,0,9,2
247,35.34,33486,408.76,408.69,-0.07,-11.5,-8.2,0.0,0.0,-3.3,-0.0,1132,100,0,11,2
248,35.43,33483,408.73,408.68,-0.05,-9.0,-5.5,0.0,0.0,-3.5,-0.0,1094,57,0,9,1
249,35.59,33479,408.68,408.67,-0.01,-4.5,-1.4,0.0,0.0,-3.1,-0.0,1044,10,0,4,0
250,35.76,33480,408.69,408.65,-0.04,-7.2,-4.1,0.0,0.0,-3.1,-0.0,1057,25,0,7,0
251,35.85,33480,408.69,408.64,-0.05,-9.0,-5.5,0.0,0.0,-3.6,-0.0,1057,23,0,9,0
252,36.02,33478,408.67,408.63,-0.04,-7.4,-4.1,0.0,0.0,-3.3,-0.0,1032,4092,0,7,0
253,36.19,33479,408.68,408.61,-0.06,-10.4,-6.8,0.0,-0.0,-3.5,-0.0,1044,17,0,10,0
254,36.28,33476,408.64,408.61,-0.04,-7.5,-4.1,0.0,-0.0,-3.4,-0.0,1007,4074,0,7,0
255,36.44,33475,408.63,408.59,-0.04,-7.2,-4.1,0.0,0.0,-3.1,-0.0,994,4059,0,7,0
256,36.61,33477,408.65,408.58,-0.07,-11.7,-8.2,0.0,-0.0,-3.5,-0.0,1019,4089,0,11,0
257,36.77,33474,408.62,408.56,-0.06,-10.0,-6.8,0.0,-0.0,-3.2,-0.0,982,4048,0,10,-1
258,36.85,33474,408.62,408.55,-0.06,-10.6,-6.8,0.0,0.0,-3.8,-0.0,982,4046,0,10,-1
259,37.01,33477,408.65,408.54,-0.12,-16.9,-13.6,0.0,-0.0,-3.3,-0.0,1019,4094,0,16,0
260,37.18,33473,408.61,408.52,-0.09,-12.9,-9.5,0.0,-0.0,-3.3,-0.0,969,4035,0,12,-1
261,37.35,33472,408.59,408.51,-0.09,-13.0,-9.5,0.0,0.0,-3.4,-0.0,957,4021,0,12,-1
262,37.44,33474,408.62,408.50,-0.12,-17.4,-13.6,0.0,-0.0,-3.7,-0.0,982,4054,0,17,-1
263,37.61,33469,408.56,408.48,-0.07,-11.5,-8.2,0.0,0.0,-3.3,-0.0,919,3981,0,11,-2
264,37.78,33469,408.56,408.47,-0.09,-13.2,-9.5,0.0,0.0,-3.6,-0.0,919,3979,0,13,-2
265,37.86,33469,408.56,408.46,-0.10,-14.1,-10.9,0.0,-0.0,-3.2,-0.0,919,3986,0,13,-2
266,38.02,33469,408.56,408.44,-0.11,-15.6,-12.3,0.0,-0.0,-3.3,-0.0,919,3987,0,15,-3
267,38.19,33470,408.57,408.43,-0.15,-20.0,-16.4,0.0,-0.0,-3.6,-0.0,932,4001,0,19,-3
268,38.27,33470,408.57,408.42,-0.15,-20.1,-16.4,0.0,-0.0,-3.7,-0.0,932,4006,0,19,-3
269,38.44,33466,408.52,408.40,-0.12,-17.2,-13.6,0.0,-0.0,-3.5,-0.0,882,3949,0,16,-4
270,38.61,33465,408.51,408.39,-0.12,-17.1,-13.6,0.0,-0.0,-3.5,-0.0,869,3935,0,16,-4
271,38.70,33465,408.51,408.38,-0.13,-18.9,-15.0,0.0,-0.0,-3.9,-0.0,869,3934,0,18,-5
272,38.88,33467,408.53,408.36,-0.17,-22.8,-19.1,0.0,-0.0,-3.7,-0.0,894,3961,0,22,-5
273,39.05,33464,408.50,408.35,-0.15,-20.0,-16.4,0.0,-0.0,-3.6,-0.0,857,3923,0,19,-5
274,39.14,33463,408.48,408.34,-0.15,-20.2,-16.4,0.0,-0.0,-3.8,-0.0,844,3911,0,19,-5
275,39.29,33463,408.48,408.32,-0.16,-21.2,-17.7,0.0,-0.0,-3.4,-0.0,844,3913,0,20,-6
276,39.45,33463,408.48,408.31,-0.18,-24.0,-20.5,0.0,-0.0,-3.5,-0.0,844,3912,0,22,-6
277,39.62,33462,408.47,408.29,-0.18,-23.9,-20.5,0.0,-0.0,-3.5,-0.0,832,3900,0,22,-7
278,39.71,33462,408.47,408.28,-0.20,-25.7,-21.8,0.0,-0.0,-3.9,-0.0,832,3901,0,24,-7
279,39.88,33461,408.46,408.26,-0.20,-25.5,-21.8,0.0,-0.0,-3.7,-0.0,819,3888,0,23,-8
280,40.05,33461,408.46,408.25,-0.21,-26.8,-23.2,0.0,-0.0,-3.6,-0.0,819,3888,0,25,-8
281,40.13,33459,408.44,408.24,-0.20,-25.4,-21.8,0.0,-0.0,-3.6,-0.0,794,3860,0,23,-9
282,40.30,33457,408.41,408.22,-0.20,-25.7,-21.8,0.0,-0.0,-3.8,-0.0,769,3833,0,23,-10
283,40.47,33455,408.39,408.20,-0.18,-24.1,-20.5,0.0,0.0,-3.6,-0.0,744,3807,0,21,-10
284,40.56,33455,408.39,408.20,-0.20,-25.8,-21.8,0.0,0.0,-4.0,-0.0,744,3807,0,23,-11
285,40.73,33453,408.36,408.18,-0.18,-24.1,-20.5,0.0,0.0,-3.6,-0.0,719,3780,0,21,-11
286,40.90,33450,408.33,408.16,-0.16,-21.4,-17.7,0.0,0.0,-3.6,-0.0,682,3743,0,18,-11
287,40.98,33448,408.30,408.15,-0.15,-20.3,-16.4,0.0,0.0,-3.9,-0.0,657,3715,0,16,-11
288,41.15,33448,408.30,408.13,-0.17,-22.9,-19.1,0.0,0.0,-3.8,-0.0,657,3719,0,19,-12
289,41.32,33445,408.26,408.12,-0.15,-20.0,-16.4,0.0,0.0,-3.6,-0.0,619,3677,0,15,-12
290,41.48,33443,408.24,408.10,-0.13,-18.7,-15.0,0.0,0.0,-3.7,-0.0,594,3653,0,14,-11
291,41.57,33444,408.25,408.09,-0.16,-21.8,-17.7,0.0,0.0,-4.0,-0.0,607,3670,0,17,-13
292,41.74,33439,408.19,408.07,-0.12,-17.7,-13.6,0.0,0.0,-4.0,-0.0,544,3602,0,12,-12
293,41.91,33437,408.17,408.06,-0.11,-16.1,-12.3,0.0,0.0,-3.9,-0.0,519,3574,0,11,-11
294,42.00,33437,408.17,408.05,-0.12,-17.6,-13.6,0.0,0.0,-4.0,-0.0,519,3579,0,12,-12
295,42.17,33433,408.12,408.03,-0.09,-13.6,-9.5,0.0,0.0,-4.0,-0.0,469,3526,0,8,-10
296,42.34,33432,408.11,408.01,-0.10,-14.8,-10.9,0.0,0.0,-3.8,-0.0,457,3514,0,9,-11
297,42.41,33432,408.11,408.00,-0.10,-14.4,-10.9,0.0,0.0,-3.5,-0.0,457,3520,0,9,-11
298,42.57,33430,408.08,407.99,-0.10,-14.8,-10.9,0.0,0.0,-3.9,-0.0,432,3494,0,9,-11
299,42.76,33425,408.02,407.97,-0.05,-9.6,-5.5,0.0,0.0,-4.2,-0.0,369,3423,0,5,-8
300,42.84,33425,408.02,407.96,-0.06,-11.2,-6.8,0.0,0.0,-4.4,-0.0,369,3428,0,6,-9
301,43.01,33424,408.01,407.94,-0.07,-12.1,-8.2,0.0,0.0,-3.9,-0.0,357,3417,0,6,-10
302,43.18,33421,407.97,407.92,-0.05,-9.3,-5.5,0.0,0.0,-3.8,-0.0,319,3378,0,4,-8
303,43.27,33420,407.96,407.91,-0.05,-9.6,-5.5,0.0,0.0,-4.1,-0.0,307,3364,0,4,-8
304,43.43,33420,407.96,407.89,-0.06,-10.8,-6.8,0.0,-0.0,-4.0,-0.0,307,3371,0,5,-9
305,43.59,33417,407.92,407.88,-0.05,-9.3,-5.5,0.0,0.0,-3.8,-0.0,269,3328,0,3,-8
306,43.76,33414,407.89,407.86,-0.02,-6.5,-2.7,0.0,0.0,-3.8,-0.0,232,3293,0,2,-6
307,43.85,33414,407.89,407.85,-0.04,-8.3,-4.1,0.0,0.0,-4.2,-0.0,232,3293,0,3,-8
308,44.02,33411,407.85,407.83,-0.02,-6.9,-2.7,0.0,0.0,-4.2,-0.0,194,3252,0,2,-6
309,44.20,33411,407.85,407.81,-0.04,-8.3,-4.1,0.0,0.0,-4.2,-0.0,194,3252,0,2,-8
310,44.28,33409,407.82,407.80,-0.02,-6.9,-2.7,0.0,0.0,-4.1,-0.0,169,3229,0,2,-6
311,44.45,33407,407.80,407.78,-0.01,-5.4,-1.4,0.0,0.0,-4.0,-0.0,144,3206,0,1,-5
312,44.61,33406,407.79,407.76,-0.02,-6.9,-2.7,0.0,0.0,-4.2,-0.0,132,3193,0,1,-7
313,44.71,33407,407.80,407.75,-0.05,-9.9,-5.5,0.0,-0.0,-4.4,-0.0,144,3210,0,2,-9
314,44.88,33406,407.79,407.73,-0.05,-9.6,-5.5,0.0,-0.0,-4.1,-0.0,132,3197,0,2,-9
315,45.04,33405,407.78,407.72,-0.06,-10.9,-6.8,0.0,-0.0,-4.1,-0.0,119,3188,0,2,-10
316,45.13,33403,407.75,407.71,-0.05,-9.8,-5.5,0.0,-0.0,-4.4,-0.0,94,3160,0,1,-9
317,45.30,33401,407.73,407.69,-0.04,-8.4,-4.1,0.0,-0.0,-4.3,-0.0,69,3133,0,1,-8
318,45.47,33402,407.74,407.67,-0.07,-12.6,-8.2,0.0,-0.0,-4.4,-0.0,82,3146,0,1,-12
319,45.55,33401,407.73,407.66,-0.07,-12.6,-8.2,0.0,-0.0,-4.4,-0.0,69,3133,0,1,-12
320,45.72,33399,407.70,407.64,-0.06,-11.0,-6.8,0.0,0.0,-4.2,-0.0,44,3107,0,1,-11
321,45.89,33398,407.69,407.62,-0.07,-12.4,-8.2,0.0,-0.0,-4.2,-0.0,32,3099,0,0,-12
322,46.06,33398,407.69,407.60,-0.09,-14.0,-9.5,0.0,-0.0,-4.4,-0.0,32,3099,0,1,-14
323,46.14,33396,407.67,407.59,-0.07,-12.2,-8.2,0.0,0.0,-4.0,-0.0,7,3071,0,0,-12
324,46.30,33396,407.67,407.57,-0.10,-14.9,-10.9,0.0,-0.0,-4.0,-0.0,7,3072,0,0,-14
325,46.47,33396,407.67,407.55,-0.11,-16.5,-12.3,0.0,-0.0,-4.2,-0.0,7,3076,0,0,-16
326,46.55,33394,407.64,407.54,-0.10,-15.1,-10.9,0.0,-0.0,-4.1,-0.0,4078,3048,0,-1,-15
327,46.72,33394,407.64,407.52,-0.12,-17.8,-13.6,0.0,-0.0,-4.2,-0.0,4078,3048,0,-1,-17
328,46.88,33394,407.64,407.51,-0.13,-19.0,-15.0,0.0,-0.0,-4.0,-0.0,4078,3051,0,-1,-18
329,47.03,33391,407.60,407.49,-0.12,-17.8,-13.6,0.0,-0.0,-4.1,-0.0,4040,3009,0,-2,-17
330,47.12,33389,407.58,407.48,-0.11,-16.9,-12.3,0.0,0.0,-4.6,-0.0,4015,2980,0,-2,-16
331,47.29,33388,407.57,407.46,-0.11,-16.5,-12.3,0.0,0.0,-4.2,-0.0,4003,2970,0,-2,-16
332,47.46,33388,407.57,407.44,-0.13,-19.2,-15.0,0.0,-0.0,-4.2,-0.0,4003,2970,0,-3,-18
333,47.54,33386,407.54,407.43,-0.12,-18.3,-13.6,0.0,0.0,-4.7,-0.0,3978,2941,0,-4,-17
334,47.72,33386,407.54,407.41,-0.13,-19.4,-15.0,0.0,-0.0,-4.4,-0.0,3978,2947,0,-4,-18
335,47.89,33387,407.56,407.39,-0.17,-23.5,-19.1,0.0,-0.0,-4.4,-0.0,3990,2965,0,-4,-22
336,48.04,33384,407.52,407.37,-0.15,-20.4,-16.4,0.0,-0.0,-4.1,-0.0,3953,2923,0,-4,-19
337,48.12,33383,407.51,407.36,-0.15,-20.9,-16.4,0.0,-0.0,-4.5,-0.0,3940,2908,0,-5,-20
338,48.29,33380,407.47,407.34,-0.13,-19.2,-15.0,0.0,-0.0,-4.2,-0.0,3903,2870,0,-6,-18
339,48.45,33378,407.45,407.32,-0.13,-19.2,-15.0,0.0,0.0,-4.2,-0.0,3878,2841,0,-6,-17
340,48.62,33377,407.43,407.30,-0.13,-19.3,-15.0,0.0,0.0,-4.3,-0.0,3865,2826,0,-7,-17
341,48.71,33377,407.43,407.29,-0.15,-21.2,-16.4,0.0,0.0,-4.8,-0.0,3865,2830,0,-7,-19
342,48.88,33374,407.40,407.27,-0.13,-19.4,-15.0,0.0,-0.0,-4.4,-0.0,3828,2795,0,-8,-17
343,49.04,33370,407.35,407.25,-0.10,-15.4,-10.9,0.0,0.0,-4.4,-0.0,3778,2741,0,-7,-13
344,49.13,33370,407.35,407.23,-0.11,-17.1,-12.3,0.0,0.0,-4.8,-0.0,3778,2741,0,-8,-14
345,49.30,33369,407.34,407.21,-0.12,-18.0,-13.6,0.0,0.0,-4.4,-0.0,3765,2730,0,-9,-15
346,49.47,33366,407.30,407.19,-0.11,-16.8,-12.3,0.0,0.0,-4.5,-0.0,3728,2688,0,-9,-13
347,49.55,33366,407.30,407.18,-0.12,-18.3,-13.6,0.0,0.0,-4.7,-0.0,3728,2692,0,-10,-15
348,49.73,33365,407.29,407.16,-0.12,-18.3,-13.6,0.0,-0.0,-4.7,-0.0,3715,2683,0,-10,-15
349,49.88,33365,407.29,407.14,-0.15,-20.8,-16.4,0.0,-0.0,-4.4,-0.0,3715,2685,0,-11,-17
350,50.05,33357,407.19,407.12,-0.07,-12.6,-8.2,0.0,0.0,-4.5,-0.0,3615,2576,0,-8,-9
351,50.14,33357,407.19,407.11,-0.09,-14.8,-9.5,0.0,0.0,-5.2,-0.0,3615,2576,0,-10,-10
352,50.30,33355,407.17,407.09,-0.07,-12.7,-8.2,0.0,0.0,-4.5,-0.0,3590,2550,0,-9,-9
353,50.47,33353,407.14,407.07,-0.07,-12.8,-8.2,0.0,0.0,-4.6,-0.0,3565,2523,0,-9,-8
354,50.56,33351,407.12,407.06,-0.06,-11.6,-6.8,0.0,0.0,-4.7,-0.0,3540,2495,0,-9,-7
355,50.73,33350,407.10,407.04,-0.07,-12.6,-8.2,0.0,0.0,-4.4,-0.0,3528,2494,0,-9,-8
356,50.90,33347,407.07,407.01,-0.05,-10.0,-5.5,0.0,0.0,-4.5,-0.0,3490,2452,0,-8,-6
357,50.99,33347,407.07,407.00,-0.06,-11.8,-6.8,0.0,0.0,-5.0,-0.0,3490,2453,0,-9,-7
358,51.16,33347,407.07,406.98,-0.09,-14.3,-9.5,0.0,-0.0,-4.8,-0.0,3490,2457,0,-11,-8
359,51.32,33345,407.04,406.96,-0.09,-14.3,-9.5,0.0,-0.0,-4.7,-0.0,3465,2432,0,-11,-8
360,51.41,33345,407.04,406.95,-0.10,-15.8,-10.9,0.0,-0.0,-4.9,-0.0,3465,2433,0,-13,-9
361,51.57,33343,407.02,406.93,-0.09,-14.1,-9.5,0.0,-0.0,-4.5,-0.0,3440,2410,0,-12,-7
362,51.75,33342,407.01,406.90,-0.10,-15.9,-10.9,0.0,-0.0,-5.0,-0.0,3428,2395,0,-13,-8
363,51.90,33341,406.99,406.89,-0.11,-16.8,-12.3,0.0,-0.0,-4.6,-0.0,3415,2385,0,-14,-8
364,51.99,33341,406.99,406.87,-0.12,-18.7,-13.6,0.0,-0.0,-5.0,-0.0,3415,2385,0,-16,-9
365,52.16,33337,406.95,406.85,-0.10,-15.9,-10.9,0.0,0.0,-5.0,-0.0,3365,2330,0,-14,-6
366,52.33,33337,406.95,406.83,-0.12,-18.4,-13.6,0.0,-0.0,-4.7,-0.0,3365,2332,0,-16,-8
367,52.42,33334,406.91,406.82,-0.09,-14.6,-9.5,0.0,0.0,-5.1,-0.0,3328,2291,0,-13,-5
368,52.59,33333,406.90,406.80,-0.10,-15.9,-10.9,0.0,0.0,-5.0,-0.0,3315,2279,0,-14,-5
369,52.76,33334,406.91,406.77,-0.13,-19.6,-15.0,0.0,0.0,-4.6,-0.0,3328,2294,0,-18,-7
370,52.84,33332,406.88,406.76,-0.12,-19.1,-13.6,0.0,-0.0,-5.4,-0.0,3303,2271,0,-17,-6
371,53.01,33328,406.84,406.74,-0.10,-15.7,-10.9,0.0,0.0,-4.8,-0.0,3253,2216,0,-15,-4
372,53.18,33328,406.84,406.72,-0.12,-18.4,-13.6,0.0,-0.0,-4.7,-0.0,3253,2222,0,-17,-5
373,53.26,33328,406.84,406.71,-0.13,-20.1,-15.0,0.0,-0.0,-5.1,-0.0,3253,2221,0,-19,-5
374,53.43,33328,406.84,406.68,-0.16,-22.9,-17.7,0.0,-0.0,-5.2,-0.0,3253,2220,0,-21,-6
375,53.60,33322,406.76,406.66,-0.10,-15.6,-10.9,0.0,0.0,-4.7,-0.0,3178,2143,0,-15,-2
376,53.69,33320,406.74,406.65,-0.09,-15.0,-9.5,0.0,0.0,-5.4,-0.0,3153,2116,0,-14,-2
377,53.86,33320,406.74,406.63,-0.11,-17.1,-12.3,0.0,0.0,-4.8,-0.0,3153,2118,0,-16,-2
378,54.02,33317,406.70,406.60,-0.10,-16.1,-10.9,0.0,0.0,-5.2,-0.0,3115,2074,0,-16,-1
379,54.18,33316,406.69,406.58,-0.11,-17.1,-12.3,0.0,0.0,-4.8,-0.0,3103,2067,0,-17,0
380,54.27,33314,406.67,406.57,-0.10,-16.0,-10.9,0.0,0.0,-5.1,-0.0,3078,2042,0,-15,0
381,54.43,33314,406.67,406.55,-0.12,-18.5,-13.6,0.0,-0.0,-4.9,-0.0,3078,2045,0,-18,0
382,54.60,33310,406.62,406.53,-0.09,-14.4,-9.5,0.0,0.0,-4.9,-0.0,3028,1991,0,-14,1
383,54.69,33311,406.63,406.51,-0.11,-17.6,-12.3,0.0,-0.0,-5.4,-0.0,3040,2006,0,-17,1
384,54.86,33308,406.59,406.49,-0.10,-15.9,-10.9,0.0,0.0,-5.0,-0.0,3003,1967,0,-15,2
385,55.02,33309,406.60,406.47,-0.13,-20.0,-15.0,0.0,-0.0,-5.0,-0.0,3015,1984,0,-19,2
386,55.11,33307,406.58,406.46,-0.12,-18.9,-13.6,0.0,0.0,-5.2,-0.0,2990,1955,0,-18,3
387,55.28,33301,406.51,406.43,-0.07,-13.1,-8.2,0.0,0.0,-4.9,-0.0,2915,1878,0,-12,3
388,55.44,33301,406.51,406.41,-0.10,-15.8,-10.9,0.0,0.0,-4.9,-0.0,2915,1877,0,-15,4
389,55.61,33300,406.49,406.39,-0.11,-17.2,-12.3,0.0,0.0,-5.0,-0.0,2903,1867,0,-16,5
390,55.69,33296,406.45,406.37,-0.07,-13.6,-8.2,0.0,0.0,-5.5,-0.0,2853,1808,0,-12,5
391,55.86,33295,406.43,406.35,-0.09,-14.3,-9.5,0.0,0.0,-4.7,-0.0,2840,1805,0,-13,5
392,56.03,33292,406.40,406.33,-0.07,-13.5,-8.2,0.0,0.0,-5.3,-0.0,2803,1765,0,-12,6
393,56.12,33288,406.35,406.32,-0.04,-9.3,-4.1,0.0,0.0,-5.3,-0.0,2753,1709,0,-8,4
394,56.28,33287,406.34,406.29,-0.05,-10.4,-5.5,0.0,0.0,-4.9,-0.0,2740,1698,0,-9,5
395,56.44,33286,406.32,406.27,-0.05,-10.1,-5.5,0.0,0.0,-4.7,-0.0,2728,1691,0,-8,5
396,56.61,33281,406.26,406.25,-0.01,-6.6,-1.4,0.0,0.0,-5.2,-0.0,2665,1620,0,-5,4
397,56.70,33280,406.25,406.23,-0.01,-6.8,-1.4,0.0,0.0,-5.4,-0.0,2653,1610,0,-5,4
398,56.85,33280,406.25,406.21,-0.04,-9.3,-4.1,0.0,0.0,-5.2,-0.0,2653,1617,0,-7,6
399,57.02,33276,406.20,406.19,-0.01,-6.4,-1.4,0.0,0.0,-5.0,-0.0,2603,1563,0,-5,4
400,57.11,33276,406.20,406.18,-0.02,-8.3,-2.7,0.0,0.0,-5.6,-0.0,2603,1563,0,-6,5
401,57.27,33274,406.18,406.15,-0.02,-7.8,-2.7,0.0,-0.0,-5.1,-0.0,2578,1544,0,-5,5
402,57.44,33273,406.16,406.13,-0.04,-9.5,-4.1,0.0,-0.0,-5.4,-0.0,2565,1530,0,-6,7
403,57.60,33272,406.15,406.10,-0.05,-10.5,-5.5,0.0,-0.0,-5.1,-0.0,2553,1520,0,-7,7
404,57.69,33272,406.15,406.09,-0.06,-12.6,-6.8,0.0,-0.0,-5.7,-0.0,2553,1523,0,-8,9
405,57.86,33269,406.12,406.07,-0.05,-10.8,-5.5,0.0,-0.0,-5.3,-0.0,2515,1483,0,-7,8
406,58.03,33268,406.10,406.04,-0.06,-12.3,-6.8,0.0,-0.0,-5.5,-0.0,2503,1471,0,-8,9
407,58.12,33268,406.10,406.03,-0.07,-13.7,-8.2,0.0,-0.0,-5.5,-0.0,2503,1471,0,-8,10
408,58.28,33266,406.08,406.01,-0.07,-13.4,-8.2,0.0,-0.0,-5.2,-0.0,2478,1445,0,-8,10
409,58.45,33264,406.05,405.98,-0.07,-13.5,-8.2,0.0,0.0,-5.3,-0.0,2453,1417,0,-7,11
410,58.54,33263,406.04,405.97,-0.07,-13.8,-8.2,0.0,-0.0,-5.6,-0.0,2440,1407,0,-7,11
411,58.69,33262,406.03,405.95,-0.09,-14.8,-9.5,0.0,-0.0,-5.2,-0.0,2428,1395,0,-8,12
412,58.85,33258,405.98,405.92,-0.06,-12.1,-6.8,0.0,0.0,-5.2,-0.0,2378,1342,0,-5,10
413,59.02,33257,405.97,405.90,-0.07,-13.4,-8.2,0.0,-0.0,-5.2,-0.0,2365,1331,0,-6,12
414,59.10,33259,405.99,405.89,-0.11,-17.8,-12.3,0.0,-0.0,-5.5,-0.0,2390,1358,0,-8,15
415,59.27,33257,405.97,405.86,-0.11,-17.6,-12.3,0.0,-0.0,-5.4,-0.0,2365,1332,0,-8,15
416,59.44,33257,405.97,405.84,-0.13,-20.8,-15.0,0.0,-0.0,-5.8,-0.0,2365,1338,0,-9,18
417,59.60,33252,405.91,405.81,-0.10,-16.1,-10.9,0.0,-0.0,-5.2,-0.0,2303,1272,0,-6,15
418,59.69,33252,405.91,405.80,-0.11,-18.1,-12.3,0.0,-0.0,-5.9,-0.0,2303,1271,0,-6,16
419,59.86,33251,405.90,405.77,-0.12,-18.9,-13.6,0.0,-0.0,-5.2,-0.0,2290,1256,0,-6,17
420,60.03,33251,405.90,405.75,-0.15,-21.5,-16.4,0.0,-0.0,-5.1,-0.0,2290,1258,0,-7,19
421,60.11,33251,405.90,405.74,-0.16,-23.1,-17.7,0.0,-0.0,-5.4,-0.0,2290,1257,0,-8,21
422,60.27,33248,405.86,405.71,-0.15,-21.7,-16.4,0.0,-0.0,-5.3,-0.0,2253,1223,0,-6,20
423,60.44,33246,405.83,405.69,-0.15,-21.9,-16.4,0.0,-0.0,-5.6,-0.0,2228,1195,0,-6,21
424,60.60,33240,405.76,405.66,-0.10,-16.3,-10.9,0.0,0.0,-5.4,-0.0,2153,1112,0,-2,16
425,60.68,33240,405.76,405.65,-0.11,-18.0,-12.3,0.0,0.0,-5.8,-0.0,2153,1112,0,-2,17
426,60.85,33237,405.73,405.62,-0.10,-16.4,-10.9,0.0,0.0,-5.5,-0.0,2115,1074,0,-1,16
427,61.01,33234,405.69,405.60,-0.09,-14.7,-9.5,0.0,0.0,-5.2,-0.0,2078,1036,0,0,14
428,61.18,33234,405.69,405.57,-0.11,-17.9,-12.3,0.0,0.0,-5.6,-0.0,2078,1040,0,0,17
429,61.27,33232,405.66,405.56,-0.11,-18.4,-12.3,0.0,-0.0,-6.1,-0.0,2053,1016,0,0,18
430,61.44,33231,405.65,405.53,-0.12,-19.7,-13.6,0.0,0.0,-6.0,-0.0,2040,1002,0,1,19
431,61.53,33231,405.65,405.52,-0.13,-20.9,-15.0,0.0,-0.0,-5.9,-0.0,2040,1007,0,1,20
432,61.69,33227,405.60,405.50,-0.11,-17.8,-12.3,0.0,-0.0,-5.5,-0.0,1990,956,0,2,17
433,61.86,33224,405.57,405.47,-0.10,-16.4,-10.9,0.0,0.0,-5.5,-0.0,1953,915,0,3,16
434,62.03,33223,405.55,405.44,-0.11,-17.7,-12.3,0.0,0.0,-5.4,-0.0,1940,905,0,3,17
435,62.10,33220,405.52,405.43,-0.09,-15.0,-9.5,0.0,0.0,-5.4,-0.0,1903,863,0,4,14
436,62.27,33217,405.48,405.41,-0.07,-13.6,-8.2,0.0,0.0,-5.5,-0.0,1865,822,0,4,13
437,62.44,33216,405.47,405.38,-0.09,-15.3,-9.5,0.0,0.0,-5.8,-0.0,1853,817,0,5,14
438,62.60,33212,405.42,405.35,-0.06,-12.5,-6.8,0.0,0.0,-5.7,-0.0,1803,761,0,5,11
439,62.69,33210,405.40,405.34,-0.06,-13.1,-6.8,0.0,0.0,-6.2,-0.0,1778,733,0,5,11
440,62.85,33209,405.38,405.32,-0.07,-13.4,-8.2,0.0,-0.0,-5.2,-0.0,1765,731,0,6,12
441,63.01,33208,405.37,405.29,-0.09,-15.0,-9.5,0.0,0.0,-5.4,-0.0,1753,716,0,7,13
442,63.10,33205,405.33,405.28,-0.06,-12.9,-6.8,0.0,0.0,-6.1,-0.0,1715,673,0,6,11
443,63.26,33205,405.33,405.25,-0.09,-15.2,-9.5,0.0,-0.0,-5.6,-0.0,1715,681,0,7,13
444,63.44,33201,405.29,405.22,-0.06,-13.0,-6.8,0.0,0.0,-6.2,-0.0,1665,628,0,7,10
445,63.53,33200,405.27,405.21,-0.06,-13.0,-6.8,0.0,0.0,-6.1,-0.0,1653,615,0,7,10
446,63.69,33199,405.26,405.18,-0.07,-14.0,-8.2,0.0,0.0,-5.8,-0.0,1640,603,0,8,11
447,63.86,33196,405.22,405.15,-0.07,-14.2,-8.2,0.0,0.0,-6.0,-0.0,1603,565,0,9,10
448,64.03,33192,405.18,405.13,-0.05,-11.2,-5.5,0.0,0.0,-5.7,-0.0,1553,513,0,8,8
449,64.12,33192,405.18,405.11,-0.06,-13.1,-6.8,0.0,0.0,-6.3,-0.0,1553,515,0,9,9
450,64.28,33190,405.15,405.09,-0.06,-12.5,-6.8,0.0,0.0,-5.6,-0.0,1528,491,0,9,8
451,64.45,33186,405.10,405.06,-0.04,-9.7,-4.1,0.0,0.0,-5.7,-0.0,1478,437,0,7,6
452,64.53,33184,405.08,405.05,-0.04,-10.3,-4.1,0.0,0.0,-6.2,-0.0,1453,410,0,8,6
453,64.71,33186,405.10,405.02,-0.09,-15.5,-9.5,0.0,-0.0,-6.0,-0.0,1478,445,0,12,9
454,64.87,33186,405.10,404.99,-0.11,-18.2,-12.3,0.0,-0.0,-5.9,-0.0,1478,445,0,14,11
455,64.96,33186,405.10,404.98,-0.12,-19.8,-13.6,0.0,-0.0,-6.2,-0.0,1478,448,0,15,12
456,65.12,33182,405.05,404.95,-0.10,-16.6,-10.9,0.0,-0.0,-5.7,-0.0,1428,398,0,13,9
457,65.29,33182,405.05,404.92,-0.13,-21.2,-15.0,0.0,-0.0,-6.2,-0.0,1428,399,0,17,12
458,65.38,33182,405.05,404.91,-0.15,-22.9,-16.4,0.0,-0.0,-6.5,-0.0,1428,398,0,18,13
459,65.55,33180,405.03,404.88,-0.15,-22.3,-16.4,0.0,-0.0,-5.9,-0.0,1403,370,0,18,12
460,65.72,33178,405.00,404.85,-0.15,-22.4,-16.4,0.0,-0.0,-6.1,-0.0,1378,345,0,19,11
461,65.89,33175,404.97,404.83,-0.15,-22.4,-16.4,0.0,-0.0,-6.1,-0.0,1340,306,0,19,10
462,65.97,33175,404.97,404.81,-0.16,-24.0,-17.7,0.0,-0.0,-6.3,-0.0,1340,305,0,21,10
463,66.14,33172,404.93,404.79,-0.15,-22.2,-16.4,0.0,0.0,-5.8,-0.0,1303,265,0,20,8
464,66.30,33170,404.91,404.76,-0.15,-22.2,-16.4,0.0,-0.0,-5.8,-0.0,1278,242,0,20,8
465,66.39,33168,404.88,404.74,-0.13,-21.3,-15.0,0.0,0.0,-6.3,-0.0,1253,213,0,20,7
466,66.55,33167,404.87,404.72,-0.16,-23.7,-17.7,0.0,-0.0,-5.9,-0.0,1240,204,0,22,7
467,66.72,33166,404.86,404.69,-0.17,-24.9,-19.1,0.0,-0.0,-5.9,-0.0,1228,192,0,23,7
468,66.81,33165,404.85,404.67,-0.17,-25.5,-19.1,0.0,-0.0,-6.5,-0.0,1215,180,0,24,7
469,66.97,33165,404.85,404.65,-0.20,-27.6,-21.8,0.0,-0.0,-5.8,-0.0,1215,184,0,26,7
470,67.13,33161,404.80,404.62,-0.18,-26.5,-20.5,0.0,-0.0,-6.1,-0.0,1165,132,0,25,5
471,67.30,33161,404.80,404.59,-0.21,-29.1,-23.2,0.0,-0.0,-5.9,-0.0,1165,132,0,28,6
472,67.39,33161,404.80,404.58,-0.22,-31.0,-24.5,0.0,-0.0,-6.4,-0.0,1165,133,0,29,6
473,67.55,33157,404.75,404.55,-0.20,-27.8,-21.8,0.0,-0.0,-5.9,-0.0,1115,79,0,27,3
474,67.72,33150,404.66,404.52,-0.15,-22.4,-16.4,0.0,0.0,-6.0,-0.0,1028,4081,0,22,0
475,67.81,33151,404.68,404.50,-0.17,-26.1,-19.1,0.0,0.0,-7.1,-0.0,1040,4095,0,25,0
476,67.98,33148,404.64,404.48,-0.16,-23.7,-17.7,0.0,0.0,-6.0,-0.0,1003,4057,0,23,-1
477,68.16,33144,404.59,404.45,-0.15,-23.0,-16.4,0.0,0.0,-6.6,-0.0,953,4000,0,22,-3
478,68.24,33142,404.57,404.43,-0.13,-21.5,-15.0,0.0,0.0,-6.5,-0.0,928,3977,0,20,-4
479,68.41,33138,404.52,404.40,-0.11,-18.6,-12.3,0.0,0.0,-6.3,-0.0,878,3933,0,17,-4
480,68.58,33137,404.50,404.37,-0.13,-21.0,-15.0,0.0,0.0,-6.0,-0.0,865,3917,0,20,-6
481,68.67,33135,404.48,404.36,-0.12,-20.2,-13.6,0.0,0.0,-6.5,-0.0,840,3892,0,19,-6
482,68.84,33132,404.44,404.33,-0.11,-18.7,-12.3,0.0,0.0,-6.4,-0.0,803,3857,0,17,-7
483,69.01,33127,404.38,404.30,-0.09,-15.8,-9.5,0.0,0.0,-6.3,-0.0,740,3793,0,14,-7
484,69.09,33127,404.38,404.29,-0.10,-17.7,-10.9,0.0,0.0,-6.8,-0.0,740,3795,0,15,-8
485,69.26,33124,404.35,404.26,-0.09,-15.9,-9.5,0.0,0.0,-6.4,-0.0,703,3756,0,13,-8
486,69.43,33120,404.30,404.23,-0.07,-14.4,-8.2,0.0,0.0,-6.2,-0.0,653,3706,0,12,-8
487,69.52,33117,404.26,404.21,-0.05,-12.5,-5.5,0.0,0.0,-7.0,-0.0,615,3663,0,10,-7
488,69.69,33117,404.26,404.18,-0.07,-14.6,-8.2,0.0,0.0,-6.4,-0.0,615,3672,0,11,-9
489,69.85,33112,404.20,404.15,-0.05,-11.6,-5.5,0.0,0.0,-6.1,-0.0,553,3607,0,8,-8
490,70.02,33108,404.15,404.12,-0.02,-9.0,-2.7,0.0,0.0,-6.2,-0.0,503,3555,0,6,-6
491,70.12,33107,404.14,404.11,-0.04,-11.6,-4.1,0.0,0.0,-7.5,-0.0,490,3540,0,7,-8
492,70.28,33103,404.09,404.08,-0.01,-7.5,-1.4,0.0,0.0,-6.2,-0.0,440,3492,0,4,-6
493,70.45,33098,404.03,404.05,0.02,-3.2,2.7,0.0,0.0,-6.0,-0.0,378,3426,0,2,-3
494,70.54,33098,404.03,404.03,0.00,-7.0,0.0,0.0,0.0,-7.0,-0.0,378,3428,0,4,-6
495,70.71,33096,404.00,404.00,0.00,-6.3,0.0,0.0,0.0,-6.3,-0.0,353,3408,0,3,-5
496,70.87,33095,403.99,403.97,-0.01,-7.8,-1.4,0.0,0.0,-6.4,-0.0,340,3397,0,4,-7
497,70.96,33094,403.98,403.96,-0.02,-9.5,-2.7,0.0,-0.0,-6.8,-0.0,328,3386,0,4,-8
498,71.13,33092,403.96,403.93,-0.02,-9.3,-2.7,0.0,-0.0,-6.6,-0.0,303,3366,0,4,-8
499,71.29,33089,403.92,403.90,-0.02,-9.1,-2.7,0.0,-0.0,-6.4,-0.0,265,3325,0,3,-8
500,71.38,33087,403.89,403.88,-0.01,-8.2,-1.4,0.0,-0.0,-6.8,-0.0,240,3298,0,3,-7
501,71.54,33087,403.89,403.85,-0.04,-10.5,-4.1,0.0,-0.0,-6.4,-0.0,240,3300,0,3,-10
502,71.71,33083,403.85,403.82,-0.02,-9.3,-2.7,0.0,-0.0,-6.6,-0.0,190,3248,0,2,-9
503,71.80,33081,403.82,403.81,-0.01,-8.5,-1.4,0.0,0.0,-7.1,-0.0,165,3219,0,2,-8
504,71.97,33079,403.80,403.78,-0.01,-7.8,-1.4,0.0,0.0,-6.4,-0.0,140,3198,0,1,-7
505,72.12,33079,403.80,403.75,-0.05,-11.7,-5.5,0.0,-0.0,-6.2,-0.0,140,3201,0,2,-11
506,72.29,33073,403.72,403.72,0.00,-6.3,0.0,0.0,0.0,-6.3,-0.0,65,3121,0,0,-6
507,72.37,33074,403.74,403.71,-0.02,-9.7,-2.7,0.0,0.0,-7.0,-0.0,78,3136,0,1,-9
508,72.54,33074,403.74,403.67,-0.06,-13.4,-6.8,0.0,-0.0,-6.6,-0.0,78,3142,0,1,-13
509,72.71,33071,403.70,403.64,-0.05,-12.0,-5.5,0.0,-0.0,-6.6,-0.0,40,3100,0,1,-12
510,72.81,33069,403.67,403.63,-0.05,-13.1,-5.5,0.0,0.0,-7.7,-0.0,15,3070,0,0,-13
511,72.97,33070,403.69,403.60,-0.09,-16.0,-9.5,0.0,-0.0,-6.5,-0.0,28,3096,0,1,-16
512,73.14,33067,403.65,403.57,-0.09,-16.4,-9.5,0.0,-0.0,-6.8,-0.0,4086,3051,0,-1,-16
513,73.22,33067,403.65,403.55,-0.10,-17.9,-10.9,0.0,-0.0,-7.0,-0.0,4086,3051,0,-1,-17
514,73.39,33063,403.60,403.52,-0.09,-16.1,-9.5,0.0,-0.0,-6.5,-0.0,4036,3001,0,-2,-15
515,73.56,33063,403.60,403.49,-0.11,-18.7,-12.3,0.0,-0.0,-6.4,-0.0,4036,3003,0,-2,-18
516,73.73,33060,403.56,403.46,-0.11,-19.2,-12.3,0.0,-0.0,-6.9,-0.0,3999,2963,0,-3,-18
517,73.82,33060,403.56,403.44,-0.12,-21.0,-13.6,0.0,-0.0,-7.4,-0.0,3999,2964,0,-3,-20
518,73.99,33058,403.54,403.41,-0.13,-21.6,-15.0,0.0,-0.0,-6.6,-0.0,3974,2938,0,-4,-20
519,74.15,33055,403.50,403.38,-0.12,-20.8,-13.6,0.0,-0.0,-7.2,-0.0,3936,2899,0,-5,-19
520,74.24,33052,403.47,403.36,-0.10,-18.0,-10.9,0.0,0.0,-7.1,-0.0,3899,2858,0,-6,-16
521,74.41,33052,403.47,403.33,-0.13,-21.9,-15.0,0.0,-0.0,-6.9,-0.0,3899,2863,0,-7,-20
522,74.57,33048,403.42,403.30,-0.12,-20.3,-13.6,0.0,0.0,-6.6,-0.0,3849,2809,0,-8,-18
523,74.66,33048,403.42,403.28,-0.13,-22.3,-15.0,0.0,0.0,-7.3,-0.0,3849,2809,0,-8,-20
524,74.83,33046,403.39,403.25,-0.15,-23.5,-16.4,0.0,-0.0,-7.1,-0.0,3824,2786,0,-10,-21
525,75.00,33043,403.36,403.22,-0.13,-21.9,-15.0,0.0,-0.0,-6.9,-0.0,3786,2749,0,-10,-19
526,75.09,33039,403.31,403.21,-0.10,-18.0,-10.9,0.0,0.0,-7.1,-0.0,3736,2692,0,-10,-15
527,75.25,33038,403.30,403.17,-0.12,-20.3,-13.6,0.0,0.0,-6.7,-0.0,3724,2686,0,-11,-16
528,75.43,33034,403.25,403.14,-0.11,-19.6,-12.3,0.0,0.0,-7.3,-0.0,3674,2631,0,-12,-15
529,75.58,33035,403.26,403.11,-0.15,-23.1,-16.4,0.0,0.0,-6.7,-0.0,3686,2646,0,-14,-18
530,75.67,33032,403.22,403.10,-0.12,-21.0,-13.6,0.0,0.0,-7.3,-0.0,3649,2608,0,-13,-15
531,75.84,33031,403.21,403.06,-0.15,-23.0,-16.4,0.0,-0.0,-6.6,-0.0,3636,2600,0,-15,-17
532,76.01,33027,403.16,403.03,-0.13,-21.7,-15.0,0.0,-0.0,-6.7,-0.0,3586,2549,0,-15,-15
533,76.10,33026,403.15,403.01,-0.13,-23.2,-15.0,0.0,-0.0,-8.3,-0.0,3574,2536,0,-17,-15
534,76.28,33023,403.11,402.98,-0.13,-22.1,-15.0,0.0,0.0,-7.1,-0.0,3536,2494,0,-17,-14
535,76.44,33018,403.05,402.95,-0.10,-17.7,-10.9,0.0,0.0,-6.8,-0.0,3474,2431,0,-14,-10
536,76.53,33017,403.04,402.93,-0.11,-19.5,-12.3,0.0,0.0,-7.3,-0.0,3461,2416,0,-16,-10
537,76.69,33016,403.03,402.90,-0.12,-20.5,-13.6,0.0,0.0,-6.8,-0.0,3449,2409,0,-17,-10
538,76.86,33011,402.97,402.87,-0.10,-17.8,-10.9,0.0,0.0,-6.9,-0.0,3386,2342,0,-15,-8
539,76.95,33009,402.94,402.85,-0.09,-16.9,-9.5,0.0,0.0,-7.3,-0.0,3361,2315,0,-15,-7
540,77.12,33005,402.89,402.82,-0.07,-15.3,-8.2,0.0,0.0,-7.1,-0.0,3311,2268,0,-14,-5
541,77.29,33000,402.83,402.79,-0.05,-12.6,-5.5,0.0,0.0,-7.1,-0.0,3249,2201,0,-12,-3
542,77.38,32999,402.82,402.77,-0.05,-12.8,-5.5,0.0,0.0,-7.4,-0.0,3236,2186,0,-12,-3
543,77.54,32997,402.80,402.74,-0.06,-13.9,-6.8,0.0,0.0,-7.0,-0.0,3211,2166,0,-13,-2
544,77.71,32992,402.73,402.71,-0.02,-9.9,-2.7,0.0,0.0,-7.2,-0.0,3149,2105,0,-10,-1
545,77.80,32993,402.75,402.69,-0.06,-14.8,-6.8,0.0,0.0,-8.0,-0.0,3161,2117,0,-14,-2
546,77.97,32991,402.72,402.65,-0.07,-15.7,-8.2,0.0,-0.0,-7.5,-0.0,3136,2098,0,-15,-1
547,78.14,32988,402.69,402.62,-0.06,-14.2,-6.8,0.0,0.0,-7.4,-0.0,3099,2058,0,-14,0
548,78.22,32985,402.65,402.60,-0.05,-12.4,-5.5,0.0,0.0,-7.0,-0.0,3061,2020,0,-12,1
549,78.38,32985,402.65,402.57,-0.07,-15.1,-8.2,0.0,-0.0,-6.9,-0.0,3061,2027,0,-15,0
550,78.55,32980,402.59,402.54,-0.05,-12.6,-5.5,0.0,0.0,-7.1,-0.0,2999,1956,0,-12,2
551,78.72,32976,402.54,402.51,-0.04,-11.1,-4.1,0.0,0.0,-7.0,-0.0,2949,1906,0,-11,2
552,78.81,32973,402.50,402.49,-0.01,-9.6,-1.4,0.0,0.0,-8.2,-0.0,2911,1861,0,-9,3
553,78.98,32970,402.47,402.46,-0.01,-8.6,-1.4,0.0,0.0,-7.3,-0.0,2874,1827,0,-8,3
554,79.15,32967,402.43,402.42,-0.01,-8.4,-1.4,0.0,0.0,-7.1,-0.0,2836,1788,0,-8,3
555,79.22,32964,402.39,402.41,0.01,-5.3,1.4,0.0,0.0,-6.7,-0.0,2799,1753,0,-5,2
556,79.40,32962,402.37,402.37,0.00,-7.3,0.0,0.0,0.0,-7.3,-0.0,2774,1729,0,-6,3
557,79.57,32958,402.32,402.34,0.02,-4.1,2.7,0.0,0.0,-6.9,-0.0,2724,1683,0,-3,2
558,79.73,32957,402.31,402.31,0.00,-7.3,0.0,0.0,0.0,-7.3,-0.0,2711,1669,0,-6,4
559,79.80,32955,402.28,402.29,0.01,-5.4,1.4,0.0,0.0,-6.8,-0.0,2686,1645,0,-4,3
560,79.97,32952,402.25,402.26,0.01,-5.5,1.4,0.0,0.0,-6.9,-0.0,2649,1608,0,-4,3
561,80.13,32953,402.26,402.23,-0.04,-11.7,-4.1,0.0,-0.0,-7.6,-0.0,2661,1629,0,-9,7
562,80.22,32953,402.26,402.21,-0.05,-13.1,-5.5,0.0,-0.0,-7.6,-0.0,2661,1629,0,-10,8
563,80.38,32948,402.20,402.18,-0.02,-9.5,-2.7,0.0,-0.0,-6.8,-0.0,2599,1562,0,-7,6
564,80.54,32944,402.15,402.14,0.00,-7.2,0.0,0.0,-0.0,-7.2,-0.0,2549,1513,0,-5,5
565,80.73,32943,402.14,402.11,-0.02,-10.2,-2.7,0.0,-0.0,-7.4,-0.0,2536,1497,0,-7,7
566,80.81,32941,402.11,402.09,-0.02,-11.4,-2.7,0.0,0.0,-8.6,-0.0,2511,1466,0,-7,9
567,80.98,32937,402.06,402.06,-0.01,-8.8,-1.4,0.0,0.0,-7.5,-0.0,2461,1415,0,-5,7
568,81.15,32937,402.06,402.02,-0.04,-11.7,-4.1,0.0,-0.0,-7.6,-0.0,2461,1426,0,-7,9
569,81.23,32936,402.05,402.00,-0.05,-13.2,-5.5,0.0,-0.0,-7.7,-0.0,2449,1413,0,-7,11
570,81.40,32937,402.06,401.97,-0.10,-18.2,-10.9,0.0,-0.0,-7.3,-0.0,2461,1428,0,-10,14
571,81.57,32931,401.99,401.94,-0.05,-12.9,-5.5,0.0,-0.0,-7.4,-0.0,2386,1349,0,-6,11
572,81.66,32930,401.98,401.92,-0.06,-14.7,-6.8,0.0,-0.0,-7.9,-0.0,2374,1339,0,-7,13
573,81.83,32928,401.95,401.88,-0.07,-15.6,-8.2,0.0,-0.0,-7.4,-0.0,2349,1312,0,-6,14
574,82.00,32926,401.93,401.85,-0.09,-16.9,-9.5,0.0,-0.0,-7.3,-0.0,2324,1287,0,-6,15
575,82.09,32925,401.92,401.83,-0.09,-17.6,-9.5,0.0,0.0,-8.1,-0.0,2311,1268,0,-6,16
576,82.25,32926,401.93,401.80,-0.13,-22.3,-15.0,0.0,-0.0,-7.3,-0.0,2324,1293,0,-9,20
577,82.42,32925,401.92,401.76,-0.16,-25.1,-17.7,0.0,-0.0,-7.3,-0.0,2311,1280,0,-9,22
578,82.51,32922,401.88,401.74,-0.13,-22.8,-15.0,0.0,-0.0,-7.8,-0.0,2274,1241,0,-7,21
579,82.67,32917,401.82,401.71,-0.11,-19.9,-12.3,0.0,-0.0,-7.6,-0.0,2211,1174,0,-4,19
580,82.84,32916,401.81,401.67,-0.13,-22.5,-15.0,0.0,-0.0,-7.5,-0.0,2199,1162,0,-5,21
581,82.93,32916,401.81,401.66,-0.15,-24.1,-16.4,0.0,-0.0,-7.8,-0.0,2199,1160,0,-5,23
582,83.09,32913,401.77,401.62,-0.15,-23.8,-16.4,0.0,0.0,-7.4,-0.0,2161,1119,0,-3,23
583,83.26,32908,401.71,401.59,-0.12,-21.4,-13.6,0.0,0.0,-7.8,-0.0,2099,1054,0,-1,21
584,83.43,32908,401.71,401.55,-0.16,-25.2,-17.7,0.0,-0.0,-7.4,-0.0,2099,1063,0,-1,24
585,83.51,32905,401.67,401.53,-0.13,-22.9,-15.0,0.0,0.0,-7.9,-0.0,2061,1020,0,0,22
586,83.68,32902,401.64,401.50,-0.13,-22.3,-15.0,0.0,0.0,-7.3,-0.0,2024,981,0,1,22
587,83.84,32901,401.62,401.47,-0.16,-25.2,-17.7,0.0,-0.0,-7.5,-0.0,2011,974,0,2,24
588,83.93,32899,401.60,401.45,-0.15,-24.6,-16.4,0.0,-0.0,-8.2,-0.0,1986,947,0,3,24
589,84.09,32893,401.53,401.41,-0.11,-19.4,-12.3,0.0,0.0,-7.1,-0.0,1911,866,0,5,18
590,84.25,32891,401.50,401.38,-0.12,-21.0,-13.6,0.0,0.0,-7.4,-0.0,1886,844,0,6,20
591,84.42,32888,401.46,401.34,-0.12,-21.0,-13.6,0.0,0.0,-7.4,-0.0,1849,806,0,7,19
592,84.51,32884,401.42,401.33,-0.09,-18.1,-9.5,0.0,0.0,-8.5,-0.0,1799,747,0,7,16
593,84.68,32879,401.35,401.29,-0.06,-14.4,-6.8,0.0,0.0,-7.6,-0.0,1736,687,0,7,12
594,84.84,32877,401.33,401.26,-0.07,-15.9,-8.2,0.0,0.0,-7.7,-0.0,1711,666,0,8,13
595,84.93,32874,401.29,401.24,-0.06,-14.9,-6.8,0.0,0.0,-8.1,-0.0,1674,624,0,8,12
596,85.09,32873,401.28,401.20,-0.09,-17.0,-9.5,0.0,0.0,-7.5,-0.0,1661,616,0,10,13
597,85.26,32868,401.22,401.17,-0.05,-13.3,-5.5,0.0,0.0,-7.9,-0.0,1599,552,0,9,10
598,85.43,32866,401.20,401.13,-0.06,-14.2,-6.8,0.0,0.0,-7.4,-0.0,1574,534,0,9,10
599,85.51,32865,401.18,401.11,-0.07,-16.6,-8.2,0.0,0.0,-8.4,-0.0,1561,518,0,11,11
600,85.68,32861,401.14,401.08,-0.06,-15.0,-6.8,0.0,0.0,-8.1,-0.0,1511,467,0,11,10
601,85.85,32858,401.10,401.04,-0.06,-14.7,-6.8,0.0,0.0,-7.9,-0.0,1474,430,0,11,9
602,85.93,32858,401.10,401.02,-0.07,-16.5,-8.2,0.0,-0.0,-8.3,-0.0,1474,434,0,13,10
603,86.10,32853,401.04,400.99,-0.05,-12.9,-5.5,0.0,0.0,-7.4,-0.0,1411,369,0,11,7
604,86.26,32850,401.00,400.95,-0.05,-13.0,-5.5,0.0,0.0,-7.6,-0.0,1374,330,0,11,6
605,86.42,32848,400.98,400.92,-0.06,-14.4,-6.8,0.0,-0.0,-7.6,-0.0,1349,310,0,12,6
606,86.51,32848,400.98,400.90,-0.07,-16.8,-8.2,0.0,-0.0,-8.6,-0.0,1349,309,0,14,7
607,86.68,32844,400.93,400.86,-0.06,-14.5,-6.8,0.0,0.0,-7.7,-0.0,1299,257,0,13,5
608,86.85,32839,400.87,400.82,-0.04,-11.7,-4.1,0.0,0.0,-7.6,-0.0,1236,195,0,11,3
609,86.94,32839,400.87,400.81,-0.06,-15.2,-6.8,0.0,-0.0,-8.4,-0.0,1236,195,0,14,4
610,87.11,32836,400.83,400.77,-0.06,-15.0,-6.8,0.0,0.0,-8.2,-0.0,1199,157,0,14,3
611,87.27,32832,400.78,400.73,-0.05,-13.2,-5.5,0.0,0.0,-7.8,-0.0,1149,105,0,13,2
612,87.36,32830,400.76,400.71,-0.05,-13.8,-5.5,0.0,0.0,-8.3,-0.0,1124,78,0,13,2
613,87.51,32829,400.74,400.68,-0.06,-14.2,-6.8,0.0,-0.0,-7.4,-0.0,1111,73,0,14,2
614,87.68,32826,400.71,400.64,-0.06,-14.5,-6.8,0.0,0.0,-7.7,-0.0,1074,32,0,14,1
615,87.84,32826,400.71,400.61,-0.10,-18.9,-10.9,0.0,-0.0,-8.0,-0.0,1074,38,0,18,1
616,87.93,32823,400.67,400.59,-0.09,-18.3,-9.5,0.0,-0.0,-8.8,-0.0,1036,4093,0,18,0
617,88.10,32820,400.63,400.55,-0.09,-17.1,-9.5,0.0,-0.0,-7.6,-0.0,999,4058,0,17,-1
618,88.27,32816,400.59,400.51,-0.07,-16.7,-8.2,0.0,0.0,-8.5,-0.0,949,4000,0,16,-2
619,88.35,32815,400.57,400.50,-0.07,-16.5,-8.2,0.0,-0.0,-8.3,-0.0,936,3991,0,16,-3
620,88.52,32814,400.56,400.46,-0.10,-18.7,-10.9,0.0,0.0,-7.8,-0.0,924,3979,0,18,-3
621,88.68,32813,400.55,400.42,-0.12,-21.5,-13.6,0.0,-0.0,-7.9,-0.0,911,3973,0,21,-4
622,88.78,32810,400.51,400.40,-0.11,-21.6,-12.3,0.0,-0.0,-9.4,-0.0,874,3929,0,20,-5
623,88.95,32808,400.49,400.36,-0.12,-21.8,-13.6,0.0,-0.0,-8.2,-0.0,849,3909,0,20,-6
624,89.11,32805,400.45,400.33,-0.12,-21.5,-13.6,0.0,-0.0,-7.8,-0.0,811,3870,0,20,-7
625,89.28,32799,400.38,400.29,-0.09,-17.5,-9.5,0.0,0.0,-8.0,-0.0,736,3788,0,15,-8
626,89.37,32798,400.37,400.27,-0.10,-19.4,-10.9,0.0,0.0,-8.5,-0.0,724,3773,0,17,-9
627,89.54,32797,400.35,400.23,-0.12,-21.5,-13.6,0.0,-0.0,-7.9,-0.0,711,3767,0,18,-10
628,89.71,32793,400.31,400.19,-0.11,-20.5,-12.3,0.0,0.0,-8.3,-0.0,661,3712,0,17,-11
629,89.80,32793,400.31,400.17,-0.13,-24.1,-15.0,0.0,-0.0,-9.1,-0.0,661,3714,0,19,-13
630,89.97,32786,400.22,400.14,-0.09,-18.1,-9.5,0.0,0.0,-8.6,-0.0,574,3626,0,13,-12
631,90.14,32785,400.21,400.10,-0.11,-20.8,-12.3,0.0,-0.0,-8.6,-0.0,561,3615,0,15,-14
632,90.23,32782,400.17,400.08,-0.10,-19.5,-10.9,0.0,0.0,-8.6,-0.0,524,3573,0,13,-14
633,90.39,32780,400.15,400.04,-0.11,-20.3,-12.3,0.0,0.0,-8.1,-0.0,499,3552,0,13,-15
634,90.57,32776,400.10,400.00,-0.10,-19.2,-10.9,0.0,0.0,-8.3,-0.0,449,3497,0,11,-15
635,90.65,32773,400.06,399.98,-0.09,-18.3,-9.5,0.0,0.0,-8.8,-0.0,411,3463,0,10,-15
636,90.83,32772,400.05,399.94,-0.11,-20.5,-12.3,0.0,0.0,-8.2,-0.0,399,3452,0,11,-17
637,90.99,32772,400.05,399.91,-0.15,-24.2,-16.4,0.0,-0.0,-7.8,-0.0,399,3460,0,13,-19
638,91.07,32767,399.99,399.89,-0.10,-19.6,-10.9,0.0,0.0,-8.7,-0.0,336,3388,0,9,-17
639,91.24,32760,399.90,399.85,-0.05,-13.6,-5.5,0.0,0.0,-8.1,-0.0,249,3298,0,4,-12
640,91.41,32756,399.85,399.81,-0.05,-13.7,-5.5,0.0,0.0,-8.3,-0.0,199,3246,0,4,-13
641,91.50,32752,399.80,399.79,-0.01,-10.2,-1.4,0.0,0.0,-8.8,-0.0,149,3189,0,2,-10
642,91.66,32750,399.78,399.75,-0.02,-11.2,-2.7,0.0,0.0,-8.4,-0.0,124,3163,0,2,-11
643,91.84,32749,399.77,399.71,-0.06,-15.1,-6.8,0.0,0.0,-8.3,-0.0,111,3164,0,2,-15
644,91.93,32747,399.74,399.69,-0.05,-14.5,-5.5,0.0,0.0,-9.0,-0.0,86,3138,0,1,-14
645,92.10,32742,399.68,399.65,-0.04,-12.9,-4.1,0.0,0.0,-8.8,-0.0,24,3075,0,0,-12
646,92.26,32741,399.67,399.61,-0.06,-15.3,-6.8,0.0,-0.0,-8.5,-0.0,11,3067,0,0,-15
647,92.35,32739,399.65,399.59,-0.05,-14.5,-5.5,0.0,-0.0,-9.1,-0.0,4082,3041,0,-1,-14
648,92.52,32732,399.56,399.55,-0.01,-9.6,-1.4,0.0,0.0,-8.2,-0.0,3995,2947,0,-2,-9
649,92.69,32729,399.52,399.52,-0.01,-9.8,-1.4,0.0,0.0,-8.4,-0.0,3957,2914,0,-2,-9
650,92.78,32727,399.50,399.49,0.00,-9.8,0.0,0.0,0.0,-9.8,-0.0,3932,2883,0,-3,-9
651,92.95,32723,399.45,399.45,0.00,-8.6,0.0,0.0,0.0,-8.6,-0.0,3882,2831,0,-3,-8
652,93.11,32722,399.44,399.42,-0.02,-11.2,-2.7,0.0,0.0,-8.4,-0.0,3870,2824,0,-4,-10
653,93.20,32720,399.41,399.40,-0.02,-12.1,-2.7,0.0,-0.0,-9.4,-0.0,3845,2802,0,-5,-11
654,93.37,32712,399.32,399.36,0.04,-4.2,4.1,0.0,0.0,-8.3,-0.0,3745,2697,0,-2,-3
655,93.54,32713,399.33,399.32,-0.01,-9.6,-1.4,0.0,-0.0,-8.2,-0.0,3757,2717,0,-5,-8
656,93.63,32710,399.29,399.30,0.00,-9.2,0.0,0.0,0.0,-9.2,-0.0,3720,2676,0,-5,-7
657,93.80,32710,399.29,399.26,-0.04,-13.0,-4.1,0.0,-0.0,-8.9,-0.0,3720,2678,0,-7,-10
658,93.97,32707,399.26,399.22,-0.04,-12.5,-4.1,0.0,-0.0,-8.4,-0.0,3682,2647,0,-7,-10
659,94.06,32705,399.23,399.19,-0.04,-13.5,-4.1,0.0,-0.0,-9.4,-0.0,3657,2622,0,-8,-10
660,94.23,32701,399.18,399.16,-0.02,-11.1,-2.7,0.0,-0.0,-8.4,-0.0,3607,2566,0,-8,-8
661,94.39,32699,399.16,399.12,-0.04,-12.4,-4.1,0.0,-0.0,-8.3,-0.0,3582,2542,0,-9,-8
662,94.56,32692,399.07,399.08,0.00,-8.7,0.0,0.0,0.0,-8.7,-0.0,3495,2448,0,-7,-5
663,94.64,32692,399.07,399.06,-0.01,-10.5,-1.4,0.0,0.0,-9.1,-0.0,3495,2447,0,-8,-6
664,94.81,32691,399.06,399.02,-0.05,-14.3,-5.5,0.0,-0.0,-8.9,-0.0,3482,2441,0,-11,-8
665,94.98,32691,399.06,398.98,-0.09,-18.3,-9.5,0.0,-0.0,-8.8,-0.0,3482,2443,0,-15,-10
666,95.07,32688,399.02,398.96,-0.06,-15.9,-6.8,0.0,-0.0,-9.0,-0.0,3445,2404,0,-13,-8
667,95.23,32685,398.99,398.92,-0.07,-16.8,-8.2,0.0,-0.0,-8.6,-0.0,3407,2373,0,-14,-8
668,95.40,32685,398.99,398.88,-0.11,-20.9,-12.3,0.0,-0.0,-8.6,-0.0,3407,2373,0,-18,-10
669,95.49,32683,398.96,398.86,-0.11,-21.6,-12.3,0.0,-0.0,-9.4,-0.0,3382,2345,0,-19,-9
670,95.65,32682,398.95,398.82,-0.13,-23.5,-15.0,0.0,-0.0,-8.5,-0.0,3370,2333,0,-21,-10
671,95.83,32681,398.94,398.78,-0.16,-26.4,-17.7,0.0,-0.0,-8.7,-0.0,3357,2324,0,-23,-11
672,95.92,32679,398.91,398.75,-0.16,-27.3,-17.7,0.0,-0.0,-9.5,-0.0,3332,2298,0,-25,-10
673,96.08,32673,398.84,398.71,-0.12,-21.9,-13.6,0.0,-0.0,-8.3,-0.0,3257,2216,0,-21,-5
674,96.24,32673,398.84,398.68,-0.16,-26.0,-17.7,0.0,-0.0,-8.3,-0.0,3257,2220,0,-24,-7
675,96.41,32670,398.80,398.64,-0.17,-27.5,-19.1,0.0,-0.0,-8.5,-0.0,3220,2179,0,-26,-5
676,96.49,32670,398.80,398.62,-0.18,-29.6,-20.5,0.0,-0.0,-9.2,-0.0,3220,2179,0,-28,-6
677,96.66,32666,398.75,398.58,-0.18,-29.1,-20.5,0.0,-0.0,-8.6,-0.0,3170,2130,0,-28,-4
678,96.83,32663,398.72,398.53,-0.18,-29.1,-20.5,0.0,-0.0,-8.6,-0.0,3132,2093,0,-28,-2
679,96.91,32660,398.68,398.51,-0.17,-28.2,-19.1,0.0,-0.0,-9.1,-0.0,3095,2051,0,-27,0
680,97.08,32659,398.67,398.47,-0.20,-30.6,-21.8,0.0,-0.0,-8.8,-0.0,3082,2042,0,-30,0
681,97.25,32653,398.60,398.43,-0.16,-26.2,-17.7,0.0,0.0,-8.5,-0.0,3007,1961,0,-25,3
682,97.34,32652,398.58,398.41,-0.17,-28.9,-19.1,0.0,0.0,-9.8,-0.0,2995,1948,0,-28,4
683,97.51,32649,398.55,398.37,-0.18,-28.9,-20.5,0.0,0.0,-8.4,-0.0,2957,1914,0,-27,6
684,97.68,32646,398.51,398.33,-0.18,-29.5,-20.5,0.0,-0.0,-9.0,-0.0,2920,1877,0,-28,7
685,97.76,32644,398.49,398.31,-0.18,-29.6,-20.5,0.0,0.0,-9.2,-0.0,2895,1848,0,-27,9
686,97.93,32636,398.39,398.27,-0.12,-22.5,-13.6,0.0,0.0,-8.9,-0.0,2795,1746,0,-20,10
687,98.10,32635,398.38,398.22,-0.16,-26.9,-17.7,0.0,0.0,-9.2,-0.0,2782,1732,0,-23,12
688,98.26,32631,398.33,398.18,-0.15,-24.8,-16.4,0.0,0.0,-8.5,-0.0,2732,1685,0,-20,13
689,98.35,32629,398.30,398.16,-0.13,-24.4,-15.0,0.0,0.0,-9.4,-0.0,2707,1657,0,-19,13
690,98.52,32621,398.21,398.12,-0.09,-18.3,-9.5,0.0,0.0,-8.8,-0.0,2607,1555,0,-13,12
691,98.69,32619,398.18,398.08,-0.10,-19.7,-10.9,0.0,0.0,-8.8,-0.0,2582,1533,0,-13,14
692,98.78,32615,398.13,398.06,-0.07,-18.8,-8.2,0.0,0.0,-10.6,-0.0,2532,1473,0,-12,14
693,98.95,32612,398.10,398.01,-0.09,-19.1,-9.5,0.0,0.0,-9.6,-0.0,2495,1442,0,-11,15
694,99.12,32606,398.02,397.97,-0.05,-14.7,-5.5,0.0,0.0,-9.3,-0.0,2420,1370,0,-7,12
695,99.20,32603,397.99,397.95,-0.04,-13.5,-4.1,0.0,0.0,-9.4,-0.0,2382,1331,0,-6,12
696,99.38,32601,397.96,397.91,-0.05,-14.2,-5.5,0.0,0.0,-8.7,-0.0,2357,1308,0,-6,12
697,99.54,32595,397.89,397.87,-0.02,-11.5,-2.7,0.0,0.0,-8.7,-0.0,2282,1231,0,-3,11
698,99.63,32594,397.88,397.85,-0.02,-12.5,-2.7,0.0,0.0,-9.8,-0.0,2270,1218,0,-4,12
699,99.80,32589,397.81,397.80,-0.01,-10.7,-1.4,0.0,0.0,-9.3,-0.0,2207,1158,0,-2,10
700,99.97,32585,397.77,397.76,0.00,-9.2,0.0,0.0,0.0,-9.2,-0.0,2157,1109,0,-1,9
701,100.06,32582,397.73,397.74,0.01,-8.6,1.4,0.0,0.0,-10.0,-0.0,2120,1066,0,-1,8
702,100.22,32578,397.68,397.70,0.01,-7.4,1.4,0.0,0.0,-8.8,-0.0,2070,1022,0,0,7
703,100.39,32572,397.61,397.66,0.05,-3.5,5.5,0.0,0.0,-9.0,-0.0,1995,941,0,0,3
704,100.48,32571,397.60,397.63,0.04,-5.9,4.1,0.0,0.0,-10.0,-0.0,1982,929,0,1,6
705,100.65,32570,397.58,397.59,0.01,-7.6,1.4,0.0,0.0,-9.0,-0.0,1970,925,0,1,7
706,100.82,32567,397.55,397.55,0.00,-9.1,0.0,0.0,-0.0,-9.1,-0.0,1932,892,0,2,9
707,100.90,32562,397.49,397.53,0.04,-5.4,4.1,0.0,0.0,-9.4,-0.0,1870,822,0,2,5
708,101.07,32557,397.42,397.48,0.06,-2.0,6.8,0.0,0.0,-8.9,-0.0,1807,762,0,1,2
709,101.24,32554,397.39,397.44,0.05,-4.2,5.5,0.0,0.0,-9.6,-0.0,1770,721,0,2,4
710,101.40,32551,397.35,397.40,0.05,-4.6,5.5,0.0,0.0,-10.1,-0.0,1732,680,0,2,4
711,101.49,32550,397.34,397.38,0.04,-5.9,4.1,0.0,0.0,-10.0,-0.0,1720,669,0,3,5
712,101.66,32549,397.33,397.34,0.01,-7.9,1.4,0.0,-0.0,-9.2,-0.0,1707,671,0,4,7
713,101.83,32542,397.24,397.29,0.05,-3.9,5.5,0.0,0.0,-9.4,-0.0,1620,575,0,2,3
714,101.92,32542,397.24,397.27,0.02,-7.0,2.7,0.0,-0.0,-9.7,-0.0,1620,578,0,4,5
715,102.08,32539,397.20,397.23,0.02,-6.1,2.7,0.0,-0.0,-8.8,-0.0,1582,541,0,4,4
716,102.25,32539,397.20,397.19,-0.02,-11.7,-2.7,0.0,-0.0,-9.0,-0.0,1582,544,0,8,8
717,102.34,32536,397.17,397.16,0.00,-10.0,0.0,0.0,-0.0,-10.0,-0.0,1545,500,0,7,7
718,102.50,32533,397.13,397.12,-0.01,-10.5,-1.4,0.0,-0.0,-9.1,-0.0,1507,470,0,8,7
719,102.67,32532,397.12,397.08,-0.04,-13.1,-4.1,0.0,-0.0,-9.0,-0.0,1495,458,0,10,8
720,102.83,32531,397.11,397.04,-0.07,-17.5,-8.2,0.0,-0.0,-9.3,-0.0,1482,446,0,13,11
721,102.92,32529,397.08,397.01,-0.07,-17.8,-8.2,0.0,-0.0,-9.6,-0.0,1457,418,0,14,10
722,103.09,32526,397.05,396.97,-0.07,-17.7,-8.2,0.0,-0.0,-9.5,-0.0,1420,384,0,14,10
723,103.26,32526,397.05,396.93,-0.12,-22.7,-13.6,0.0,-0.0,-9.1,-0.0,1420,386,0,18,12
724,103.33,32526,397.05,396.91,-0.13,-24.1,-15.0,0.0,-0.0,-9.1,-0.0,1420,387,0,19,13
725,103.50,32521,396.98,396.86,-0.12,-22.7,-13.6,0.0,-0.0,-9.1,-0.0,1357,319,0,19,10
726,103.68,32517,396.94,396.82,-0.12,-23.2,-13.6,0.0,-0.0,-9.6,-0.0,1307,269,0,21,9
727,103.77,32515,396.91,396.80,-0.12,-24.0,-13.6,0.0,-0.0,-10.3,-0.0,1282,240,0,22,8
728,103.94,32516,396.92,396.75,-0.17,-28.7,-19.1,0.0,-0.0,-9.6,-0.0,1295,256,0,26,11
729,104.11,32511,396.86,396.71,-0.16,-27.6,-17.7,0.0,-0.0,-9.9,-0.0,1232,188,0,26,8
730,104.19,32509,396.84,396.68,-0.16,-27.8,-17.7,0.0,-0.0,-10.1,-0.0,1207,165,0,26,7
731,104.37,32508,396.83,396.64,-0.18,-29.9,-20.5,0.0,-0.0,-9.5,-0.0,1195,158,0,28,7
732,104.53,32506,396.80,396.60,-0.21,-32.5,-23.2,0.0,-0.0,-9.3,-0.0,1170,133,0,31,6
733,104.62,32503,396.77,396.57,-0.20,-31.9,-21.8,0.0,-0.0,-10.1,-0.0,1132,88,0,31,4
734,104.79,32500,396.73,396.53,-0.20,-32.1,-21.8,0.0,-0.0,-10.3,-0.0,1095,54,0,31,3
735,104.95,32499,396.72,396.49,-0.23,-34.8,-25.9,0.0,-0.0,-8.9,-0.0,1082,44,0,34,2
736,105.12,32494,396.66,396.44,-0.22,-34.2,-24.5,0.0,-0.0,-9.7,-0.0,1020,4071,0,33,-1
737,105.21,32493,396.64,396.42,-0.22,-34.6,-24.5,0.0,-0.0,-10.0,-0.0,1007,4059,0,33,-2
738,105.38,32489,396.59,396.37,-0.22,-35.0,-24.5,0.0,-0.0,-10.5,-0.0,957,4011,0,34,-4
739,105.47,32485,396.55,396.35,-0.20,-32.0,-21.8,0.0,0.0,-10.2,-0.0,907,3956,0,30,-7
740,105.63,32481,396.50,396.31,-0.20,-31.4,-21.8,0.0,0.0,-9.6,-0.0,857,3903,0,29,-9
741,105.81,32481,396.50,396.26,-0.23,-36.3,-25.9,0.0,-0.0,-10.4,-0.0,857,3909,0,34,-10
742,105.90,32477,396.45,396.24,-0.21,-33.6,-23.2,0.0,0.0,-10.4,-0.0,807,3854,0,30,-12
743,106.06,32470,396.36,396.19,-0.17,-28.4,-19.1,0.0,0.0,-9.3,-0.0,720,3765,0,24,-13
744,106.23,32465,396.30,396.15,-0.16,-27.0,-17.7,0.0,0.0,-9.3,-0.0,657,3706,0,22,-15
745,106.40,32462,396.26,396.10,-0.16,-27.4,-17.7,0.0,0.0,-9.6,-0.0,620,3664,0,21,-16
746,106.47,32458,396.22,396.08,-0.13,-23.9,-15.0,0.0,0.0,-8.9,-0.0,570,3610,0,17,-16
747,106.64,32453,396.15,396.04,-0.11,-21.8,-12.3,0.0,0.0,-9.5,-0.0,507,3548,0,14,-16
748,106.81,32451,396.13,395.99,-0.13,-25.0,-15.0,0.0,0.0,-10.0,-0.0,482,3529,0,16,-19
749,106.89,32448,396.09,395.97,-0.12,-23.8,-13.6,0.0,0.0,-10.2,-0.0,445,3490,0,14,-18
750,107.06,32441,396.01,395.93,-0.09,-18.9,-9.5,0.0,0.0,-9.4,-0.0,357,3399,0,9,-16
751,107.23,32436,395.95,395.88,-0.06,-16.7,-6.8,0.0,0.0,-9.9,-0.0,295,3340,0,6,-15
752,107.32,32433,395.91,395.86,-0.05,-16.5,-5.5,0.0,0.0,-11.0,-0.0,257,3296,0,5,-15
753,107.49,32424,395.80,395.81,0.01,-8.1,1.4,0.0,0.0,-9.4,-0.0,145,3179,0,1,-8
754,107.66,32422,395.78,395.77,-0.01,-11.3,-1.4,0.0,0.0,-9.9,-0.0,120,3158,0,1,-11
755,107.83,32417,395.72,395.72,0.00,-9.6,0.0,0.0,0.0,-9.6,-0.0,57,3099,0,0,-9
756,107.92,32415,395.69,395.70,0.00,-10.7,0.0,0.0,0.0,-10.7,-0.0,32,3071,0,0,-10
757,108.09,32408,395.61,395.65,0.05,-4.8,5.5,0.0,0.0,-10.3,-0.0,4041,2989,0,-1,-5
758,108.26,32403,395.54,395.60,0.06,-3.0,6.8,0.0,0.0,-9.8,-0.0,3978,2926,0,-1,-3
759,108.34,32399,395.50,395.58,0.09,-0.6,9.5,0.0,0.0,-10.1,-0.0,3928,2869,0,0,-1
760,108.51,32395,395.45,395.54,0.09,-0.1,9.5,0.0,0.0,-9.7,-0.0,3878,2822,0,0,0
761,108.67,32391,395.40,395.49,0.10,1.4,10.9,0.0,0.0,-9.5,-0.0,3828,727,0,1,1
762,108.76,32389,395.37,395.47,0.10,-0.1,10.9,0.0,0.0,-11.0,-0.0,3803,2747,0,0,0
763,108.92,32386,395.34,395.42,0.09,-0.0,9.5,0.0,0.0,-9.6,-0.0,3766,2717,0,0,0
764,109.09,32383,395.30,395.38,0.09,0.1,9.5,0.0,-0.0,-9.4,-0.0,3728,637,0,0,0
765,109.25,32374,395.19,395.33,0.15,6.0,16.4,0.0,0.0,-10.4,-0.0,3616,511,0,4,4
766,109.34,32372,395.17,395.31,0.15,5.8,16.4,0.0,0.0,-10.6,-0.0,3591,489,0,4,4
767,109.50,32371,395.15,395.27,0.11,2.5,12.3,0.0,0.0,-9.8,-0.0,3578,481,0,2,2
768,109.66,32366,395.09,395.22,0.13,5.2,15.0,0.0,0.0,-9.8,-0.0,3516,419,0,4,3
769,109.83,32364,395.07,395.18,0.11,2.6,12.3,0.0,0.0,-9.6,-0.0,3491,397,0,2,1
770,109.91,32364,395.07,395.16,0.09,-0.4,9.5,0.0,-0.0,-10.0,-0.0,3491,2452,0,0,0
771,110.08,32356,394.97,395.11,0.13,4.5,15.0,0.0,0.0,-10.5,-0.0,3391,295,0,4,2
772,110.25,32355,394.96,395.06,0.10,0.8,10.9,0.0,-0.0,-10.2,-0.0,3378,288,0,1,0
773,110.33,32353,394.93,395.04,0.11,1.9,12.3,0.0,-0.0,-10.3,-0.0,3353,261,0,2,1
774,110.50,32350,394.90,394.99,0.10,0.9,10.9,0.0,-0.0,-10.0,-0.0,3316,223,0,1,0
775,110.67,32350,394.90,394.95,0.05,-4.4,5.5,0.0,-0.0,-9.9,-0.0,3316,2277,0,-4,-1
776,110.75,32349,394.89,394.92,0.04,-6.9,4.1,0.0,-0.0,-11.0,-0.0,3303,2268,0,-6,-2
777,110.92,32344,394.82,394.88,0.05,-4.4,5.5,0.0,-0.0,-9.9,-0.0,3241,2201,0,-4,-1
778,111.09,32343,394.81,394.83,0.01,-9.0,1.4,0.0,-0.0,-10.4,-0.0,3228,2192,0,-9,-2
779,111.17,32340,394.78,394.80,0.02,-8.0,2.7,0.0,-0.0,-10.7,-0.0,3191,2151,0,-8,-1
780,111.34,32336,394.73,394.76,0.04,-5.7,4.1,0.0,-0.0,-9.8,-0.0,3141,2097,0,-5,0
781,111.50,32336,394.73,394.71,-0.01,-11.5,-1.4,0.0,-0.0,-10.1,-0.0,3141,2100,0,-11,-1
782,111.66,32336,394.73,394.67,-0.06,-17.1,-6.8,0.0,-0.0,-10.3,-0.0,3141,2106,0,-17,-1
783,111.75,32336,394.73,394.64,-0.09,-20.3,-9.5,0.0,-0.0,-10.8,-0.0,3141,2106,0,-20,-2
784,111.92,32330,394.65,394.60,-0.06,-16.8,-6.8,0.0,-0.0,-10.0,-0.0,3066,2033,0,-16,0
785,112.09,32327,394.62,394.55,-0.07,-18.8,-8.2,0.0,-0.0,-10.7,-0.0,3028,1990,0,-18,2
786,112.18,32325,394.59,394.52,-0.07,-18.9,-8.2,0.0,-0.0,-10.7,-0.0,3003,1962,0,-18,2
787,112.34,32325,394.59,394.48,-0.11,-22.3,-12.3,0.0,-0.0,-10.0,-0.0,3003,1963,0,-21,3
788,112.51,32322,394.56,394.43,-0.12,-24.0,-13.6,0.0,-0.0,-10.4,-0.0,2966,1925,0,-23,4
789,112.68,32320,394.53,394.39,-0.15,-26.4,-16.4,0.0,-0.0,-10.0,-0.0,2941,1902,0,-25,6
790,112.77,32316,394.48,394.36,-0.12,-25.0,-13.6,0.0,-0.0,-11.4,-0.0,2891,1849,0,-23,7
791,112.93,32315,394.47,394.31,-0.16,-27.6,-17.7,0.0,-0.0,-9.9,-0.0,2878,1840,0,-25,8
792,113.09,32312,394.43,394.27,-0.17,-29.0,-19.1,0.0,-0.0,-9.9,-0.0,2841,1801,0,-26,10
793,113.18,32309,394.40,394.24,-0.16,-29.0,-17.7,0.0,-0.0,-11.3,-0.0,2803,1758,0,-25,12
794,113.35,32308,394.38,394.19,-0.20,-32.4,-21.8,0.0,-0.0,-10.6,-0.0,2791,1749,0,-28,14
795,113.52,32305,394.35,394.15,-0.20,-31.6,-21.8,0.0,-0.0,-9.8,-0.0,2753,1713,0,-27,15
796,113.61,32303,394.32,394.12,-0.21,-34.5,-23.2,0.0,-0.0,-11.3,-0.0,2728,1685,0,-28,18
797,113.78,32301,394.30,394.07,-0.23,-36.6,-25.9,0.0,-0.0,-10.7,-0.0,2703,1663,0,-29,20
798,113.95,32293,394.20,394.02,-0.17,-29.1,-19.1,0.0,0.0,-10.0,-0.0,2603,1558,0,-21,19
799,114.04,32292,394.19,394.00,-0.20,-32.8,-21.8,0.0,0.0,-11.0,-0.0,2591,1542,0,-23,22
800,114.20,32285,394.10,393.95,-0.15,-26.4,-16.4,0.0,0.0,-10.0,-0.0,2503,1451,0,-16,20
801,114.37,32282,394.07,393.90,-0.16,-27.8,-17.7,0.0,0.0,-10.0,-0.0,2466,1415,0,-15,22
802,114.53,32278,394.02,393.86,-0.16,-27.9,-17.7,0.0,0.0,-10.2,-0.0,2416,1364,0,-13,23
803,114.62,32274,393.97,393.83,-0.13,-26.2,-15.0,0.0,0.0,-11.2,-0.0,2366,1312,0,-11,23
804,114.80,32267,393.88,393.78,-0.10,-22.2,-10.9,0.0,0.0,-11.3,-0.0,2278,1220,0,-6,21
805,114.96,32267,393.88,393.73,-0.15,-26.8,-16.4,0.0,0.0,-10.4,-0.0,2278,1232,0,-8,25
806,115.05,32263,393.84,393.71,-0.12,-25.1,-13.6,0.0,0.0,-11.5,-0.0,2228,1174,0,-6,24
807,115.22,32255,393.74,393.66,-0.07,-18.5,-8.2,0.0,0.0,-10.3,-0.0,2128,1071,0,-1,18
808,115.39,32248,393.65,393.61,-0.04,-14.7,-4.1,0.0,0.0,-10.6,-0.0,2041,981,0,1,14
809,115.47,32247,393.64,393.59,-0.05,-16.8,-5.5,0.0,0.0,-11.3,-0.0,2028,972,0,1,16
810,115.64,32242,393.58,393.54,-0.04,-14.6,-4.1,0.0,0.0,-10.5,-0.0,1966,905,0,3,14
811,115.81,32236,393.51,393.49,-0.01,-11.7,-1.4,0.0,0.0,-10.3,-0.0,1891,835,0,3,11
812,115.90,32233,393.47,393.46,0.00,-11.0,0.0,0.0,0.0,-11.0,-0.0,1853,795,0,4,10
813,116.07,32226,393.38,393.41,0.02,-7.6,2.7,0.0,0.0,-10.4,-0.0,1766,711,0,3,7
814,116.24,32221,393.32,393.37,0.05,-4.7,5.5,0.0,0.0,-10.2,-0.0,1703,645,0,3,4
815,116.33,32221,393.32,393.34,0.01,-10.2,1.4,0.0,0.0,-11.6,-0.0,1703,646,0,5,8
816,116.49,32215,393.25,393.29,0.04,-6.3,4.1,0.0,0.0,-10.4,-0.0,1628,574,0,4,5
817,116.67,32212,393.21,393.24,0.02,-7.7,2.7,0.0,0.0,-10.4,-0.0,1591,542,0,5,5
818,116.75,32206,393.14,393.22,0.07,-3.6,8.2,0.0,0.0,-11.8,-0.0,1516,460,0,3,2
819,116.92,32205,393.13,393.17,0.04,-6.2,4.1,0.0,-0.0,-10.2,-0.0,1503,456,0,5,4
820,117.09,32199,393.05,393.12,0.06,-4.0,6.8,0.0,0.0,-10.8,-0.0,1428,373,0,3,2
821,117.17,32196,393.02,393.09,0.07,-3.0,8.2,0.0,0.0,-11.1,-0.0,1391,338,0,2,1
822,117.34,32191,392.96,393.04,0.09,-0.7,9.5,0.0,0.0,-10.3,-0.0,1328,274,0,1,0
823,117.51,32190,392.94,392.99,0.05,-4.8,5.5,0.0,-0.0,-10.3,-0.0,1316,271,0,4,2
824,117.60,32187,392.91,392.97,0.06,-4.7,6.8,0.0,0.0,-11.5,-0.0,1278,226,0,4,2
825,117.76,32179,392.81,392.92,0.11,1.2,12.3,0.0,0.0,-11.0,-0.0,1178,2171,0,-1,0
826,117.92,32175,392.76,392.87,0.11,1.2,12.3,0.0,0.0,-11.0,-0.0,1128,2124,0,-1,0
827,118.07,32172,392.72,392.83,0.11,2.1,12.3,0.0,0.0,-10.2,-0.0,1091,2088,0,-2,0
828,118.23,32170,392.70,392.78,0.09,-1.0,9.5,0.0,0.0,-10.5,-0.0,1066,16,0,1,0
829,118.31,32170,392.70,392.76,0.06,-3.7,6.8,0.0,-0.0,-10.5,-0.0,1066,24,0,4,0
830,118.48,32165,392.64,392.71,0.07,-2.4,8.2,0.0,-0.0,-10.6,-0.0,1003,4055,0,2,0
831,118.65,32161,392.59,392.66,0.06,-5.2,6.8,0.0,-0.0,-12.0,-0.0,953,4005,0,5,-1
832,118.74,32160,392.58,392.63,0.05,-5.7,5.5,0.0,-0.0,-11.1,-0.0,941,3995,0,5,-1
833,118.90,32158,392.55,392.58,0.02,-7.9,2.7,0.0,-0.0,-10.6,-0.0,916,3970,0,7,-1
834,119.07,32157,392.54,392.53,-0.01,-12.3,-1.4,0.0,-0.0,-11.0,-0.0,903,3957,0,12,-3
835,119.24,32153,392.49,392.48,-0.01,-12.7,-1.4,0.0,-0.0,-11.3,-0.0,853,3911,0,12,-3
836,119.33,32150,392.46,392.46,0.00,-11.5,0.0,0.0,-0.0,-11.5,-0.0,816,3871,0,11,-4
837,119.49,32148,392.43,392.41,-0.02,-13.6,-2.7,0.0,-0.0,-10.8,-0.0,791,3845,0,12,-5
838,119.66,32145,392.40,392.36,-0.04,-14.8,-4.1,0.0,-0.0,-10.7,-0.0,753,3808,0,13,-6
839,119.75,32144,392.38,392.33,-0.05,-18.3,-5.5,0.0,-0.0,-12.8,-0.0,741,3791,0,16,-8
840,119.92,32142,392.36,392.28,-0.07,-18.7,-8.2,0.0,-0.0,-10.5,-0.0,716,3772,0,16,-9
841,120.08,32139,392.32,392.23,-0.09,-20.1,-9.5,0.0,-0.0,-10.5,-0.0,678,3736,0,17,-10
842,120.24,32136,392.29,392.18,-0.10,-21.6,-10.9,0.0,-0.0,-10.7,-0.0,641,3698,0,17,-12
843,120.32,32133,392.25,392.16,-0.09,-21.0,-9.5,0.0,-0.0,-11.4,-0.0,603,3656,0,16,-13
844,120.49,32130,392.21,392.11,-0.11,-23.7,-12.3,0.0,-0.0,-11.5,-0.0,566,3619,0,17,-15
845,120.66,32128,392.19,392.06,-0.13,-25.6,-15.0,0.0,-0.0,-10.6,-0.0,541,3594,0,18,-17
846,120.75,32127,392.18,392.03,-0.15,-27.5,-16.4,0.0,-0.0,-11.1,-0.0,528,3582,0,19,-19
847,120.92,32124,392.14,391.98,-0.16,-28.9,-17.7,0.0,-0.0,-11.1,-0.0,491,3545,0,19,-21
848,121.09,32121,392.10,391.93,-0.17,-30.4,-19.1,0.0,-0.0,-11.3,-0.0,453,3508,0,18,-23
849,121.18,32122,392.11,391.90,-0.22,-36.6,-24.5,0.0,-0.0,-12.1,-0.0,466,3525,0,23,-27
850,121.35,32119,392.08,391.85,-0.23,-36.6,-25.9,0.0,-0.0,-10.6,-0.0,428,3487,0,21,-28
851,121.52,32112,391.99,391.80,-0.20,-32.7,-21.8,0.0,-0.0,-10.8,-0.0,341,3392,0,15,-28
852,121.61,32112,391.99,391.77,-0.22,-36.3,-24.5,0.0,-0.0,-11.8,-0.0,341,3395,0,17,-31
853,121.78,32106,391.92,391.72,-0.21,-34.9,-23.2,0.0,-0.0,-11.8,-0.0,266,3315,0,12,-32
854,121.95,32102,391.87,391.66,-0.21,-33.9,-23.2,0.0,0.0,-10.7,-0.0,216,3263,0,9,-31
855,122.05,32097,391.81,391.64,-0.17,-31.2,-19.1,0.0,0.0,-12.2,-0.0,153,3191,0,5,-30
856,122.21,32091,391.74,391.58,-0.15,-27.1,-16.4,0.0,0.0,-10.7,-0.0,78,3121,0,2,-26
857,122.39,32084,391.65,391.53,-0.12,-25.3,-13.6,0.0,0.0,-11.6,-0.0,4087,3025,0,-2,-24
858,122.47,32082,391.63,391.51,-0.12,-25.5,-13.6,0.0,0.0,-11.8,-0.0,4062,3001,0,-3,-25
859,122.64,32078,391.58,391.45,-0.12,-24.6,-13.6,0.0,0.0,-10.9,-0.0,4012,2954,0,-4,-23
860,122.81,32072,391.50,391.40,-0.10,-22.8,-10.9,0.0,0.0,-11.9,-0.0,3937,2879,0,-6,-21
861,122.89,32071,391.49,391.38,-0.11,-22.9,-12.3,0.0,0.0,-10.6,-0.0,3924,2872,0,-7,-21
862,123.05,32066,391.43,391.33,-0.10,-22.2,-10.9,0.0,0.0,-11.3,-0.0,3862,2811,0,-8,-20
863,123.21,32060,391.36,391.28,-0.07,-19.5,-8.2,0.0,0.0,-11.4,-0.0,3787,2732,0,-9,-16
864,123.30,32057,391.32,391.25,-0.07,-20.8,-8.2,0.0,0.0,-12.6,-0.0,3749,2689,0,-11,-17
865,123.47,32050,391.24,391.20,-0.04,-15.5,-4.1,0.0,0.0,-11.4,-0.0,3662,2605,0,-10,-11
866,123.64,32044,391.16,391.15,-0.01,-12.6,-1.4,0.0,0.0,-11.2,-0.0,3587,2527,0,-9,-8
867,123.74,32041,391.13,391.12,-0.01,-13.9,-1.4,0.0,0.0,-12.5,-0.0,3549,2484,0,-11,-8
868,123.90,32037,391.08,391.06,-0.01,-12.8,-1.4,0.0,0.0,-11.4,-0.0,3499,2442,0,-10,-7
869,124.07,32030,390.99,391.01,0.02,-8.0,2.7,0.0,0.0,-10.7,-0.0,3412,2354,0,-7,-3
870,124.24,32028,390.97,390.96,0.00,-11.1,0.0,0.0,0.0,-11.1,-0.0,3387,2337,0,-10,-5
871,124.32,32026,390.94,390.94,-0.01,-13.0,-1.4,0.0,0.0,-11.6,-0.0,3362,2311,0,-12,-5
872,124.49,32017,390.83,390.88,0.05,-5.6,5.5,0.0,0.0,-11.1,-0.0,3249,2193,0,-5,-1
873,124.66,32012,390.77,390.83,0.06,-4.9,6.8,0.0,0.0,-11.7,-0.0,3187,2129,0,-5,-1
874,124.74,32010,390.75,390.80,0.06,-4.7,6.8,0.0,0.0,-11.5,-0.0,3162,2108,0,-5,0
875,124.91,32002,390.65,390.75,0.10,-0.0,10.9,0.0,0.0,-11.0,-0.0,3062,2001,0,0,0
876,125.08,32003,390.66,390.70,0.04,-7.4,4.1,0.0,0.0,-11.5,-0.0,3074,2021,0,-7,0
877,125.17,31999,390.61,390.67,0.06,-5.8,6.8,0.0,0.0,-12.6,-0.0,3024,1971,0,-6,1
878,125.35,31994,390.55,390.62,0.06,-4.9,6.8,0.0,0.0,-11.7,-0.0,2962,1911,0,-5,1
879,125.51,31990,390.50,390.56,0.06,-4.2,6.8,0.0,0.0,-11.0,-0.0,2912,1864,0,-4,1
880,125.60,31985,390.44,390.54,0.10,-1.4,10.9,0.0,0.0,-12.3,-0.0,2849,1799,0,-1,1
881,125.78,31980,390.38,390.48,0.10,-0.9,10.9,0.0,0.0,-11.8,-0.0,2787,1729,0,-1,0
882,125.94,31979,390.37,390.43,0.06,-4.4,6.8,0.0,-0.0,-11.2,-0.0,2774,1727,0,-4,2
883,126.03,31978,390.36,390.40,0.05,-6.3,5.5,0.0,-0.0,-11.8,-0.0,2762,1714,0,-5,3
884,126.20,31973,390.30,390.35,0.05,-5.6,5.5,0.0,-0.0,-11.1,-0.0,2699,1651,0,-4,3
885,126.37,31969,390.25,390.29,0.05,-6.0,5.5,0.0,-0.0,-11.5,-0.0,2649,1604,0,-5,4
886,126.45,31969,390.25,390.27,0.02,-8.9,2.7,0.0,-0.0,-11.6,-0.0,2649,1609,0,-7,5
887,126.62,31965,390.20,390.21,0.01,-9.9,1.4,0.0,-0.0,-11.3,-0.0,2599,1555,0,-7,7
888,126.80,31960,390.14,390.16,0.02,-9.5,2.7,0.0,-0.0,-12.2,-0.0,2537,1490,0,-6,7
889,126.88,31960,390.14,390.13,0.00,-12.3,0.0,0.0,-0.0,-12.3,-0.0,2537,1493,0,-8,9
890,127.05,31957,390.10,390.08,-0.02,-14.6,-2.7,0.0,-0.0,-11.9,-0.0,2499,1457,0,-9,11
891,127.23,31953,390.05,390.02,-0.02,-14.3,-2.7,0.0,-0.0,-11.5,-0.0,2449,1405,0,-8,12
892,127.31,31951,390.03,390.00,-0.04,-16.2,-4.1,0.0,-0.0,-12.1,-0.0,2424,1379,0,-8,13
893,127.48,31948,389.99,389.94,-0.05,-17.2,-5.5,0.0,-0.0,-11.8,-0.0,2387,1345,0,-8,15
894,127.64,31944,389.94,389.89,-0.05,-16.5,-5.5,0.0,-0.0,-11.0,-0.0,2337,1292,0,-6,15
895,127.73,31944,389.94,389.86,-0.07,-20.1,-8.2,0.0,-0.0,-12.0,-0.0,2337,1293,0,-8,18
896,127.90,31940,389.89,389.81,-0.09,-21.0,-9.5,0.0,-0.0,-11.4,-0.0,2287,1244,0,-7,19
897,128.06,31935,389.83,389.75,-0.07,-19.4,-8.2,0.0,-0.0,-11.2,-0.0,2224,1178,0,-4,18
898,128.15,31931,389.78,389.73,-0.06,-19.6,-6.8,0.0,-0.0,-12.8,-0.0,2174,1123,0,-3,19
899,128.32,31928,389.75,389.67,-0.07,-20.0,-8.2,0.0,-0.0,-11.8,-0.0,2137,1089,0,-2,19
900,128.49,31922,389.67,389.62,-0.06,-18.3,-6.8,0.0,0.0,-11.5,-0.0,2062,1008,0,0,18
901,128.66,31918,389.62,389.56,-0.06,-18.9,-6.8,0.0,0.0,-12.0,-0.0,2012,959,0,2,18
902,128.75,31916,389.60,389.54,-0.06,-19.2,-6.8,0.0,0.0,-12.4,-0.0,1987,934,0,3,18
903,128.92,31914,389.58,389.48,-0.10,-22.2,-10.9,0.0,-0.0,-11.3,-0.0,1962,914,0,4,21
904,129.09,31913,389.56,389.43,-0.13,-26.9,-15.0,0.0,-0.0,-11.9,-0.0,1949,910,0,5,26
905,129.18,31910,389.53,389.40,-0.13,-28.1,-15.0,0.0,-0.0,-13.1,-0.0,1912,869,0,6,26
906,129.35,31906,389.48,389.34,-0.13,-26.9,-15.0,0.0,-0.0,-11.9,-0.0,1862,820,0,8,25
907,129.44,31904,389.45,389.31,-0.15,-29.8,-16.4,0.0,-0.0,-13.5,-0.0,1837,793,0,10,27
908,129.61,31898,389.38,389.26,-0.12,-25.4,-13.6,0.0,-0.0,-11.8,-0.0,1762,715,0,11,22
909,129.78,31889,389.27,389.20,-0.07,-20.1,-8.2,0.0,0.0,-12.0,-0.0,1649,590,0,12,15
910,129.87,31890,389.28,389.17,-0.11,-25.2,-12.3,0.0,0.0,-12.9,-0.0,1662,607,0,15,20
911,130.04,31884,389.21,389.12,-0.09,-21.1,-9.5,0.0,0.0,-11.6,-0.0,1587,532,0,14,15
912,130.21,31880,389.16,389.06,-0.10,-22.3,-10.9,0.0,0.0,-11.4,-0.0,1537,484,0,16,15
913,130.30,31878,389.14,389.03,-0.10,-23.7,-10.9,0.0,0.0,-12.8,-0.0,1512,457,0,18,15
914,130.47,31871,389.05,388.98,-0.07,-19.8,-8.2,0.0,0.0,-11.6,-0.0,1424,374,0,16,10
915,130.64,31869,389.03,388.92,-0.10,-23.0,-10.9,0.0,0.0,-12.0,-0.0,1399,348,0,19,11
916,130.73,31865,388.98,388.89,-0.09,-22.2,-9.5,0.0,0.0,-12.6,-0.0,1349,296,0,19,9
917,130.90,31860,388.92,388.84,-0.07,-19.7,-8.2,0.0,0.0,-11.5,-0.0,1287,235,0,18,7
918,131.07,31855,388.85,388.78,-0.07,-20.5,-8.2,0.0,0.0,-12.3,-0.0,1224,168,0,19,5
919,131.16,31851,388.81,388.75,-0.06,-19.9,-6.8,0.0,0.0,-13.1,-0.0,1174,118,0,19,3
920,131.33,31847,388.76,388.70,-0.06,-18.7,-6.8,0.0,0.0,-11.9,-0.0,1124,68,0,18,2
921,131.49,31841,388.68,388.64,-0.05,-17.2,-5.5,0.0,0.0,-11.7,-0.0,1049,4093,0,17,0
922,131.58,31838,388.65,388.61,-0.04,-16.4,-4.1,0.0,0.0,-12.3,-0.0,1012,4051,0,16,-1
923,131.75,31834,388.60,388.56,-0.04,-16.0,-4.1,0.0,0.0,-11.9,-0.0,962,4003,0,15,-2
924,131.92,31830,388.55,388.50,-0.05,-17.2,-5.5,0.0,0.0,-11.8,-0.0,912,3956,0,16,-4
925,132.08,31824,388.48,388.45,-0.02,-14.3,-2.7,0.0,0.0,-11.6,-0.0,837,3880,0,13,-5
926,132.17,31821,388.44,388.42,-0.02,-15.3,-2.7,0.0,0.0,-12.6,-0.0,799,3840,0,14,-6
927,132.34,31816,388.38,388.36,-0.01,-14.3,-1.4,0.0,0.0,-13.0,-0.0,737,3777,0,12,-7
928,132.51,31812,388.33,388.31,-0.02,-15.1,-2.7,0.0,0.0,-12.4,-0.0,687,3730,0,12,-8
929,132.59,31810,388.31,388.28,-0.02,-15.3,-2.7,0.0,0.0,-12.6,-0.0,662,3703,0,12,-8
930,132.76,31804,388.23,388.22,-0.01,-13.8,-1.4,0.0,0.0,-12.4,-0.0,587,3629,0,10,-9
931,132.93,31799,388.17,388.17,0.00,-11.7,0.0,0.0,0.0,-11.7,-0.0,524,3568,0,8,-8
932,133.01,31796,388.13,388.14,0.00,-13.0,0.0,0.0,0.0,-13.0,-0.0,487,3527,0,8,-10
933,133.19,31791,388.07,388.08,0.01,-11.1,1.4,0.0,0.0,-12.5,-0.0,424,3464,0,6,-9
934,133.36,31785,388.00,388.03,0.02,-9.2,2.7,0.0,0.0,-11.9,-0.0,349,3389,0,4,-8
935,133.45,31784,387.99,387.99,0.01,-12.5,1.4,0.0,0.0,-13.9,-0.0,337,3376,0,5,-11
936,133.61,31779,387.93,387.94,0.01,-10.4,1.4,0.0,0.0,-11.7,-0.0,274,3318,0,4,-9
937,133.79,31774,387.87,387.88,0.01,-11.0,1.4,0.0,0.0,-12.3,-0.0,212,3256,0,3,-10
938,133.87,31773,387.85,387.85,0.00,-12.7,0.0,0.0,-0.0,-12.7,-0.0,199,3244,0,3,-12
939,134.05,31770,387.82,387.80,-0.02,-14.7,-2.7,0.0,-0.0,-12.0,-0.0,162,3213,0,3,-14
940,134.21,31762,387.72,387.74,0.02,-9.0,2.7,0.0,0.0,-11.8,-0.0,62,3106,0,0,-9
941,134.30,31760,387.70,387.71,0.01,-11.8,1.4,0.0,0.0,-13.2,-0.0,37,3079,0,0,-11
942,134.47,31756,387.65,387.65,0.00,-12.0,0.0,0.0,-0.0,-12.0,-0.0,4083,3033,0,-1,-12
943,134.64,31753,387.61,387.60,-0.01,-13.2,-1.4,0.0,0.0,-11.8,-0.0,4045,2993,0,-2,-13
944,134.73,31747,387.54,387.57,0.04,-8.9,4.1,0.0,0.0,-13.0,-0.0,3970,2910,0,-2,-8
945,134.90,31746,387.52,387.51,-0.01,-13.6,-1.4,0.0,-0.0,-12.2,-0.0,3958,2911,0,-3,-13
946,135.07,31743,387.49,387.45,-0.04,-16.9,-4.1,0.0,-0.0,-12.8,-0.0,3920,2873,0,-5,-16
947,135.15,31741,387.46,387.42,-0.04,-17.3,-4.1,0.0,-0.0,-13.3,-0.0,3895,2847,0,-6,-16
948,135.32,31734,387.38,387.36,-0.01,-13.8,-1.4,0.0,0.0,-12.5,-0.0,3808,2756,0,-6,-12
949,135.49,31730,387.33,387.31,-0.02,-14.8,-2.7,0.0,-0.0,-12.1,-0.0,3758,2709,0,-8,-12
950,135.58,31726,387.28,387.28,0.00,-12.9,0.0,0.0,0.0,-12.9,-0.0,3708,2653,0,-7,-10
951,135.74,31726,387.28,387.22,-0.06,-19.1,-6.8,0.0,-0.0,-12.3,-0.0,3708,2659,0,-11,-15
952,135.91,31717,387.17,387.17,0.00,-12.1,0.0,0.0,0.0,-12.1,-0.0,3595,2540,0,-9,-8
953,136.09,31716,387.16,387.11,-0.05,-19.0,-5.5,0.0,-0.0,-13.6,-0.0,3583,2533,0,-14,-12
954,136.17,31714,387.13,387.08,-0.06,-19.8,-6.8,0.0,-0.0,-13.0,-0.0,3558,2510,0,-15,-12
955,136.34,31709,387.07,387.02,-0.05,-18.2,-5.5,0.0,-0.0,-12.8,-0.0,3495,2446,0,-14,-10
956,136.43,31706,387.04,386.99,-0.05,-18.4,-5.5,0.0,0.0,-13.0,-0.0,3458,2404,0,-15,-9
957,136.60,31702,386.99,386.93,-0.06,-19.6,-6.8,0.0,-0.0,-12.8,-0.0,3408,2362,0,-17,-9
958,136.77,31697,386.93,386.87,-0.05,-17.9,-5.5,0.0,0.0,-12.4,-0.0,3345,2293,0,-16,-6
959,136.86,31698,386.94,386.84,-0.10,-24.7,-10.9,0.0,-0.0,-13.8,-0.0,3358,2308,0,-22,-9
960,137.02,31696,386.91,386.79,-0.12,-26.1,-13.6,0.0,-0.0,-12.4,-0.0,3333,2290,0,-24,-9
961,137.20,31689,386.83,386.73,-0.10,-24.0,-10.9,0.0,-0.0,-13.0,-0.0,3245,2197,0,-23,-5
962,137.28,31687,386.80,386.70,-0.11,-25.5,-12.3,0.0,-0.0,-13.3,-0.0,3220,2173,0,-24,-5
963,137.45,31681,386.73,386.64,-0.10,-23.6,-10.9,0.0,-0.0,-12.7,-0.0,3145,2098,0,-23,-2
964,137.62,31675,386.66,386.58,-0.07,-20.9,-8.2,0.0,0.0,-12.7,-0.0,3070,2015,0,-20,1
965,137.72,31672,386.62,386.55,-0.07,-22.1,-8.2,0.0,0.0,-13.9,-0.0,3033,1971,0,-21,3
966,137.89,31669,386.58,386.49,-0.10,-23.8,-10.9,0.0,0.0,-12.9,-0.0,2995,1941,0,-23,4
967,138.05,31665,386.54,386.43,-0.11,-24.6,-12.3,0.0,-0.0,-12.3,-0.0,2945,1894,0,-23,6
968,138.14,31664,386.52,386.40,-0.12,-27.4,-13.6,0.0,-0.0,-13.8,-0.0,2933,1882,0,-26,7
969,138.31,31659,386.46,386.34,-0.12,-26.2,-13.6,0.0,-0.0,-12.5,-0.0,2870,1823,0,-24,9
970,138.48,31653,386.39,386.28,-0.11,-25.0,-12.3,0.0,-0.0,-12.8,-0.0,2795,1747,0,-22,11
971,138.57,31651,386.36,386.25,-0.11,-25.7,-12.3,0.0,-0.0,-13.4,-0.0,2770,1718,0,-22,12
972,138.75,31644,386.28,386.19,-0.09,-23.6,-9.5,0.0,0.0,-14.0,-0.0,2683,1625,0,-18,14
973,138.92,31638,386.21,386.13,-0.07,-20.8,-8.2,0.0,0.0,-12.6,-0.0,2608,1549,0,-15,14
974,139.01,31637,386.19,386.10,-0.10,-25.0,-10.9,0.0,0.0,-14.0,-0.0,2595,1536,0,-17,17
975,139.18,31630,386.11,386.04,-0.06,-19.4,-6.8,0.0,0.0,-12.6,-0.0,2508,1451,0,-11,15
976,139.35,31623,386.02,385.99,-0.04,-16.3,-4.1,0.0,0.0,-12.2,-0.0,2420,1361,0,-8,14
977,139.43,31621,386.00,385.95,-0.05,-20.0,-5.5,0.0,0.0,-14.5,-0.0,2395,1333,0,-9,17
978,139.63,31613,385.90,385.89,-0.01,-18.4,-1.4,0.0,0.0,-17.0,-0.0,2295,1224,0,-5,17
979,139.72,31612,385.89,385.85,-0.04,-18.0,-4.1,0.0,0.0,-13.9,-0.0,2283,1221,0,-5,17
980,139.88,31606,385.82,385.80,-0.01,-14.2,-1.4,0.0,0.0,-12.9,-0.0,2208,1149,0,-3,14
981,140.04,31603,385.78,385.74,-0.04,-16.4,-4.1,0.0,0.0,-12.3,-0.0,2170,1119,0,-2,16
982,140.22,31594,385.67,385.68,0.01,-12.2,1.4,0.0,0.0,-13.5,-0.0,2058,999,0,0,12
983,140.31,31591,385.63,385.65,0.01,-12.6,1.4,0.0,0.0,-14.0,-0.0,2020,961,0,1,12
984,140.48,31588,385.60,385.59,-0.01,-14.1,-1.4,0.0,0.0,-12.7,-0.0,1983,928,0,2,14
985,140.57,31584,385.55,385.56,0.01,-12.6,1.4,0.0,0.0,-14.0,-0.0,1933,874,0,3,12
986,140.74,31578,385.47,385.50,0.02,-11.1,2.7,0.0,0.0,-13.8,-0.0,1858,796,0,4,10
987,140.91,31569,385.36,385.44,0.07,-4.0,8.2,0.0,0.0,-12.1,-0.0,1745,687,0,2,3
988,141.00,31567,385.34,385.41,0.06,-7.2,6.8,0.0,0.0,-14.0,-0.0,1720,658,0,4,6
989,141.16,31565,385.31,385.35,0.04,-8.7,4.1,0.0,0.0,-12.8,-0.0,1695,638,0,5,7
990,141.33,31557,385.22,385.29,0.07,-3.8,8.2,0.0,0.0,-12.0,-0.0,1595,539,0,2,3
991,141.50,31552,385.16,385.23,0.07,-4.4,8.2,0.0,0.0,-12.6,-0.0,1533,477,0,3,3
992,141.59,31550,385.13,385.20,0.06,-7.9,6.8,0.0,-0.0,-14.7,-0.0,1508,452,0,6,5
993,141.75,31547,385.10,385.14,0.04,-8.5,4.1,0.0,0.0,-12.6,-0.0,1470,415,0,7,5
994,141.93,31543,385.05,385.08,0.04,-9.2,4.1,0.0,-0.0,-13.3,-0.0,1420,368,0,8,5
995,142.01,31540,385.01,385.05,0.04,-9.4,4.1,0.0,-0.0,-13.5,-0.0,1383,333,0,8,4
996,142.18,31532,384.91,384.99,0.07,-4.9,8.2,0.0,0.0,-13.1,-0.0,1283,229,0,4,2
997,142.35,31530,384.89,384.93,0.04,-8.6,4.1,0.0,-0.0,-12.7,-0.0,1258,208,0,8,3
998,142.43,31527,384.85,384.90,0.05,-7.9,5.5,0.0,0.0,-13.3,-0.0,1220,166,0,7,2
999,142.60,31523,384.80,384.84,0.04,-8.4,4.1,0.0,0.0,-12.5,-0.0,1170,118,0,8,1
1000,142.78,31517,384.73,384.77,0.05,-8.5,5.5,0.0,-0.0,-14.0,-0.0,1095,41,0,8,1
1001,142.87,31517,384.73,384.74,0.01,-12.6,1.4,0.0,-0.0,-14.0,-0.0,1095,48,0,12,1
1002,143.04,31514,384.69,384.68,-0.01,-13.9,-1.4,0.0,-0.0,-12.5,-0.0,1058,12,0,13,0
1003,143.21,31511,384.66,384.62,-0.04,-17.3,-4.1,0.0,-0.0,-13.2,-0.0,1020,4071,0,17,-1
1004,143.30,31508,384.62,384.59,-0.04,-18.6,-4.1,0.0,-0.0,-14.5,-0.0,983,4031,0,18,-2
1005,143.47,31503,384.56,384.53,-0.04,-16.7,-4.1,0.0,-0.0,-12.6,-0.0,920,3973,0,16,-3
1006,143.64,31499,384.51,384.46,-0.05,-18.7,-5.5,0.0,-0.0,-13.2,-0.0,870,3917,0,17,-5
1007,143.73,31495,384.46,384.43,-0.02,-16.4,-2.7,0.0,-0.0,-13.7,-0.0,820,3863,0,15,-6
1008,143.90,31493,384.44,384.37,-0.06,-20.3,-6.8,0.0,-0.0,-13.5,-0.0,795,3840,0,18,-8
1009,143.99,31490,384.40,384.34,-0.06,-20.5,-6.8,0.0,-0.0,-13.7,-0.0,758,3803,0,18,-9
1010,144.16,31487,384.36,384.28,-0.09,-22.2,-9.5,0.0,-0.0,-12.6,-0.0,720,3770,0,19,-10
1011,144.32,31482,384.30,384.22,-0.09,-22.8,-9.5,0.0,-0.0,-13.3,-0.0,658,3705,0,18,-12
1012,144.49,31480,384.28,384.16,-0.12,-27.0,-13.6,0.0,-0.0,-13.3,-0.0,633,3684,0,21,-15
1013,144.58,31478,384.25,384.13,-0.12,-28.2,-13.6,0.0,-0.0,-14.6,-0.0,608,3655,0,21,-17
1014,144.75,31471,384.17,384.06,-0.10,-24.7,-10.9,0.0,-0.0,-13.8,-0.0,520,3566,0,16,-17
1015,144.93,31468,384.13,384.00,-0.13,-29.2,-15.0,0.0,-0.0,-14.2,-0.0,483,3528,0,18,-22
1016,145.01,31465,384.09,383.97,-0.12,-27.6,-13.6,0.0,-0.0,-14.0,-0.0,445,3491,0,16,-21
1017,145.18,31459,384.02,383.91,-0.11,-25.9,-12.3,0.0,0.0,-13.6,-0.0,370,3411,0,12,-22
1018,145.27,31457,384.00,383.88,-0.12,-28.1,-13.6,0.0,0.0,-14.5,-0.0,345,3384,0,13,-24
1019,145.44,31453,383.95,383.81,-0.13,-28.0,-15.0,0.0,-0.0,-13.0,-0.0,295,3341,0,11,-25
1020,145.61,31443,383.83,383.75,-0.07,-22.0,-8.2,0.0,0.0,-13.9,-0.0,170,3204,0,4,-21
1021,145.78,31440,383.79,383.69,-0.10,-24.1,-10.9,0.0,0.0,-13.2,-0.0,133,3173,0,4,-23
1022,145.86,31440,383.79,383.66,-0.12,-27.5,-13.6,0.0,-0.0,-13.9,-0.0,133,3176,0,4,-26
1023,146.03,31434,383.72,383.60,-0.12,-26.4,-13.6,0.0,0.0,-12.8,-0.0,58,3099,0,1,-26
1024,146.20,31426,383.62,383.54,-0.09,-22.6,-9.5,0.0,0.0,-13.0,-0.0,4054,2995,0,-3,-22
1025,146.29,31424,383.59,383.50,-0.09,-24.8,-9.5,0.0,-0.0,-15.2,-0.0,4029,2973,0,-4,-24
1026,146.46,31418,383.52,383.44,-0.07,-21.7,-8.2,0.0,0.0,-13.5,-0.0,3954,2897,0,-6,-20
1027,146.63,31412,383.45,383.38,-0.06,-19.9,-6.8,0.0,0.0,-13.1,-0.0,3879,2819,0,-7,-18
1028,146.72,31409,383.41,383.35,-0.06,-21.6,-6.8,0.0,0.0,-14.8,-0.0,3841,2777,0,-9,-19
1029,146.89,31406,383.37,383.28,-0.09,-22.4,-9.5,0.0,0.0,-12.9,-0.0,3804,2752,0,-10,-19
1030,147.06,31398,383.28,383.22,-0.05,-18.6,-5.5,0.0,0.0,-13.1,-0.0,3704,2649,0,-11,-14
1031,147.15,31396,383.25,383.19,-0.06,-21.0,-6.8,0.0,0.0,-14.2,-0.0,3679,2621,0,-13,-16
1032,147.32,31388,383.15,383.13,-0.02,-16.7,-2.7,0.0,0.0,-14.0,-0.0,3579,2519,0,-12,-11
1033,147.49,31384,383.11,383.06,-0.04,-17.0,-4.1,0.0,0.0,-12.9,-0.0,3529,2470,0,-13,-10
1034,147.57,31377,383.02,383.03,0.01,-12.2,1.4,0.0,0.0,-13.6,-0.0,3441,2374,0,-10,-6
1035,147.74,31374,382.98,382.97,-0.01,-14.8,-1.4,0.0,0.0,-13.4,-0.0,3404,2345,0,-13,-6
1036,147.91,31367,382.90,382.91,0.01,-13.1,1.4,0.0,0.0,-14.5,-0.0,3316,2252,0,-12,-4
1037,148.00,31363,382.85,382.87,0.02,-11.8,2.7,0.0,0.0,-14.5,-0.0,3266,2202,0,-11,-3
1038,148.17,31355,382.75,382.81,0.06,-6.2,6.8,0.0,0.0,-13.0,-0.0,3166,2101,0,-6,0
1039,148.34,31351,382.70,382.75,0.05,-7.6,5.5,0.0,0.0,-13.0,-0.0,3116,2059,0,-7,0
1040,148.43,31348,382.67,382.72,0.05,-9.1,5.5,0.0,0.0,-14.6,-0.0,3079,2014,0,-9,0
1041,148.60,31343,382.60,382.65,0.05,-7.6,5.5,0.0,0.0,-13.0,-0.0,3016,1958,0,-7,1
1042,148.76,31339,382.56,382.59,0.04,-8.7,4.1,0.0,-0.0,-12.8,-0.0,2966,1915,0,-8,2
1043,148.86,31335,382.51,382.56,0.05,-9.6,5.5,0.0,-0.0,-15.0,-0.0,2916,1860,0,-9,3
1044,149.03,31333,382.48,382.49,0.01,-12.1,1.4,0.0,-0.0,-13.5,-0.0,2891,1841,0,-11,4
1045,149.20,31324,382.37,382.43,0.06,-7.2,6.8,0.0,0.0,-14.0,-0.0,2779,1722,0,-6,3
1046,149.29,31320,382.32,382.40,0.07,-6.7,8.2,0.0,0.0,-14.9,-0.0,2729,1669,0,-5,4
1047,149.45,31317,382.29,382.34,0.05,-7.7,5.5,0.0,0.0,-13.1,-0.0,2691,1636,0,-6,4
1048,149.63,31312,382.23,382.27,0.05,-9.0,5.5,0.0,0.0,-14.5,-0.0,2629,1569,0,-6,6
1049,149.71,31308,382.18,382.24,0.06,-7.4,6.8,0.0,0.0,-14.2,-0.0,2579,1517,0,-5,5
1050,149.89,31304,382.13,382.17,0.05,-8.6,5.5,0.0,-0.0,-14.0,-0.0,2529,1475,0,-5,6
1051,150.05,31297,382.04,382.11,0.07,-5.0,8.2,0.0,0.0,-13.2,-0.0,2441,1389,0,-3,4
1052,150.14,31297,382.04,382.08,0.04,-10.9,4.1,0.0,-0.0,-15.0,-0.0,2441,1385,0,-6,9
1053,150.31,31290,381.96,382.01,0.06,-7.0,6.8,0.0,0.0,-13.9,-0.0,2354,1298,0,-3,6
1054,150.48,31286,381.91,381.95,0.04,-9.6,4.1,0.0,-0.0,-13.6,-0.0,2304,1251,0,-3,9
1055,150.57,31285,381.90,381.92,0.02,-12.7,2.7,0.0,-0.0,-15.4,-0.0,2291,1236,0,-4,12
1056,150.74,31281,381.85,381.85,0.00,-13.9,0.0,0.0,-0.0,-13.9,-0.0,2241,1193,0,-3,13
1057,150.91,31276,381.79,381.79,0.00,-13.5,0.0,0.0,-0.0,-13.5,-0.0,2179,1128,0,-2,13
1058,151.00,31275,381.77,381.76,-0.02,-17.8,-2.7,0.0,-0.0,-15.0,-0.0,2166,1118,0,-2,17
1059,151.16,31270,381.71,381.69,-0.02,-16.4,-2.7,0.0,-0.0,-13.7,-0.0,2104,1057,0,-1,16
1060,151.34,31264,381.64,381.63,-0.01,-15.8,-1.4,0.0,-0.0,-14.4,-0.0,2029,974,0,1,15
1061,151.43,31261,381.60,381.59,-0.01,-16.0,-1.4,0.0,-0.0,-14.6,-0.0,1991,936,0,2,15
1062,151.60,31259,381.58,381.53,-0.05,-20.1,-5.5,0.0,-0.0,-14.6,-0.0,1966,916,0,3,19
1063,151.77,31253,381.51,381.46,-0.04,-17.6,-4.1,0.0,-0.0,-13.5,-0.0,1891,838,0,5,16
1064,151.85,31250,381.47,381.43,-0.04,-18.8,-4.1,0.0,-0.0,-14.7,-0.0,1854,799,0,6,17
1065,152.02,31245,381.41,381.37,-0.04,-17.6,-4.1,0.0,-0.0,-13.6,-0.0,1791,740,0,7,15
1066,152.20,31241,381.36,381.30,-0.06,-20.4,-6.8,0.0,-0.0,-13.6,-0.0,1741,691,0,10,17
1067,152.29,31239,381.34,381.27,-0.07,-24.0,-8.2,0.0,-0.0,-15.8,-0.0,1716,659,0,12,20
1068,152.45,31234,381.27,381.20,-0.07,-22.2,-8.2,0.0,-0.0,-14.0,-0.0,1654,602,0,13,17
1069,152.62,31228,381.20,381.14,-0.06,-20.7,-6.8,0.0,-0.0,-13.8,-0.0,1579,526,0,14,14
1070,152.71,31226,381.18,381.11,-0.07,-22.7,-8.2,0.0,-0.0,-14.5,-0.0,1554,501,0,16,15
1071,152.88,31224,381.15,381.04,-0.11,-25.5,-12.3,0.0,-0.0,-13.2,-0.0,1529,482,0,18,17
1072,153.05,31218,381.08,380.98,-0.10,-24.8,-10.9,0.0,-0.0,-13.9,-0.0,1454,402,0,20,14
1073,153.13,31216,381.05,380.94,-0.11,-27.3,-12.3,0.0,-0.0,-15.0,-0.0,1429,377,0,22,14
1074,153.31,31211,380.99,380.88,-0.12,-28.0,-13.6,0.0,-0.0,-14.4,-0.0,1366,317,0,24,13
1075,153.47,31204,380.91,380.81,-0.10,-24.4,-10.9,0.0,-0.0,-13.5,-0.0,1279,227,0,22,8
1076,153.56,31203,380.90,380.78,-0.11,-26.4,-12.3,0.0,0.0,-14.1,-0.0,1266,211,0,24,8
1077,153.73,31197,380.82,380.72,-0.11,-25.8,-12.3,0.0,-0.0,-13.5,-0.0,1191,137,0,24,5
1078,153.89,31192,380.76,380.65,-0.11,-26.0,-12.3,0.0,-0.0,-13.7,-0.0,1129,77,0,25,3
1079,153.98,31190,380.74,380.62,-0.12,-29.0,-13.6,0.0,0.0,-15.3,-0.0,1104,46,0,28,2
1080,154.15,31187,380.70,380.55,-0.15,-29.9,-16.4,0.0,-0.0,-13.5,-0.0,1066,18,0,29,1
1081,154.32,31178,380.59,380.49,-0.10,-24.4,-10.9,0.0,0.0,-13.5,-0.0,954,3995,0,23,-4
1082,154.41,31174,380.54,380.45,-0.09,-24.5,-9.5,0.0,0.0,-14.9,-0.0,904,3940,0,23,-6
1083,154.58,31168,380.47,380.39,-0.09,-24.2,-9.5,0.0,0.0,-14.7,-0.0,829,3865,0,22,-8
1084,154.75,31161,380.38,380.32,-0.06,-20.6,-6.8,0.0,0.0,-13.8,-0.0,741,3776,0,18,-9
1085,154.84,31157,380.33,380.29,-0.05,-20.2,-5.5,0.0,0.0,-14.7,-0.0,691,3718,0,16,-11
1086,155.01,31153,380.29,380.22,-0.06,-20.9,-6.8,0.0,0.0,-14.1,-0.0,641,3677,0,16,-12
1087,155.18,31145,380.19,380.15,-0.04,-18.6,-4.1,0.0,0.0,-14.5,-0.0,541,3570,0,12,-13
1088,155.27,31141,380.14,380.12,-0.02,-18.2,-2.7,0.0,0.0,-15.5,-0.0,491,3520,0,11,-14
1089,155.44,31135,380.07,380.06,-0.01,-15.0,-1.4,0.0,0.0,-13.6,-0.0,416,3452,0,8,-12
1090,155.61,31131,380.02,379.99,-0.02,-17.1,-2.7,0.0,0.0,-14.3,-0.0,366,3405,0,8,-14
1091,155.70,31129,379.99,379.95,-0.04,-18.9,-4.1,0.0,0.0,-14.8,-0.0,341,3377,0,8,-16
1092,155.87,31121,379.90,379.89,-0.01,-16.0,-1.4,0.0,0.0,-14.6,-0.0,241,3277,0,5,-15
1093,156.05,31116,379.83,379.82,-0.01,-15.7,-1.4,0.0,0.0,-14.4,-0.0,179,3217,0,3,-15
1094,156.13,31111,379.77,379.78,0.01,-13.5,1.4,0.0,0.0,-14.9,-0.0,116,3152,0,2,-13
1095,156.31,31101,379.65,379.72,0.06,-6.9,6.8,0.0,0.0,-13.7,-0.0,4087,3021,0,-1,-7
1096,156.48,31096,379.59,379.65,0.06,-7.8,6.8,0.0,0.0,-14.6,-0.0,4025,2959,0,-1,-7
1097,156.57,31096,379.59,379.61,0.02,-12.9,2.7,0.0,0.0,-15.6,-0.0,4025,2962,0,-2,-12
1098,156.74,31090,379.52,379.55,0.04,-10.4,4.1,0.0,0.0,-14.4,-0.0,3950,2888,0,-3,-10
1099,156.91,31085,379.46,379.48,0.02,-12.9,2.7,0.0,-0.0,-15.6,-0.0,3887,2831,0,-5,-12
1100,156.99,31082,379.42,379.45,0.02,-12.2,2.7,0.0,-0.0,-14.9,-0.0,3850,2797,0,-5,-11
1101,157.17,31074,379.32,379.38,0.06,-7.9,6.8,0.0,0.0,-14.7,-0.0,3750,2693,0,-4,-6
1102,157.26,31067,379.24,379.34,0.11,-3.4,12.3,0.0,0.0,-15.7,-0.0,3662,2592,0,-2,-2
1103,157.42,31064,379.20,379.28,0.09,-4.3,9.5,0.0,0.0,-13.8,-0.0,3625,2565,0,-3,-3
1104,157.60,31060,379.15,379.21,0.06,-8.4,6.8,0.0,0.0,-15.2,-0.0,3575,2513,0,-6,-5
1105,157.68,31058,379.13,379.18,0.05,-9.5,5.5,0.0,0.0,-15.0,-0.0,3550,2490,0,-7,-6
1106,157.86,31051,379.04,379.11,0.06,-8.2,6.8,0.0,0.0,-15.0,-0.0,3462,2403,0,-7,-4
1107,158.03,31047,378.99,379.04,0.05,-8.6,5.5,0.0,-0.0,-14.1,-0.0,3412,2361,0,-7,-4
1108,158.20,31038,378.88,378.97,0.09,-6.0,9.5,0.0,-0.0,-15.5,-0.0,3300,2242,0,-6,-2
1109,158.29,31032,378.81,378.94,0.13,-0.8,15.0,0.0,0.0,-15.8,-0.0,3225,2157,0,-1,0
1110,158.45,31032,378.81,378.87,0.06,-7.5,6.8,0.0,0.0,-14.4,-0.0,3225,2167,0,-7,-1
1111,158.54,31031,378.80,378.84,0.04,-11.9,4.1,0.0,-0.0,-16.0,-0.0,3212,2156,0,-11,-2
1112,158.72,31026,378.74,378.77,0.04,-10.5,4.1,0.0,-0.0,-14.6,-0.0,3150,2095,0,-10,-1
1113,158.88,31023,378.70,378.70,0.00,-13.7,0.0,0.0,-0.0,-13.7,-0.0,3112,2067,0,-13,0
1114,159.04,31020,378.66,378.64,-0.02,-16.9,-2.7,0.0,-0.0,-14.2,-0.0,3075,2035,0,-16,0
1115,159.13,31017,378.63,378.61,-0.02,-17.9,-2.7,0.0,-0.0,-15.1,-0.0,3037,1990,0,-17,2
1116,159.30,31008,378.52,378.54,0.02,-12.0,2.7,0.0,-0.0,-14.7,-0.0,2925,1871,0,-11,3
1117,159.47,31005,378.48,378.47,-0.01,-15.8,-1.4,0.0,-0.0,-14.5,-0.0,2887,1835,0,-15,5
1118,159.55,31002,378.44,378.44,0.00,-13.8,0.0,0.0,0.0,-13.8,-0.0,2850,1796,0,-12,5
1119,159.72,31000,378.42,378.37,-0.05,-19.5,-5.5,0.0,-0.0,-14.0,-0.0,2825,1772,0,-17,8
1120,159.89,30996,378.37,378.30,-0.07,-23.4,-8.2,0.0,-0.0,-15.2,-0.0,2775,1726,0,-20,11
1121,159.98,30991,378.31,378.27,-0.04,-19.5,-4.1,0.0,-0.0,-15.5,-0.0,2712,1662,0,-16,11
1122,160.15,30988,378.27,378.20,-0.07,-22.2,-8.2,0.0,-0.0,-14.0,-0.0,2675,1627,0,-17,13
1123,160.31,30983,378.21,378.13,-0.09,-23.8,-9.5,0.0,-0.0,-14.3,-0.0,2612,1564,0,-17,16
1124,160.40,30980,378.17,378.10,-0.07,-23.9,-8.2,0.0,-0.0,-15.7,-0.0,2575,1520,0,-16,17
1125,160.58,30976,378.12,378.03,-0.10,-25.7,-10.9,0.0,-0.0,-14.8,-0.0,2525,1472,0,-16,19
1126,160.75,30973,378.09,377.96,-0.13,-29.8,-15.0,0.0,-0.0,-14.8,-0.0,2487,1441,0,-17,23
1127,160.83,30967,378.02,377.92,-0.10,-26.5,-10.9,0.0,-0.0,-15.5,-0.0,2412,1356,0,-12,22
1128,161.01,30962,377.95,377.85,-0.10,-25.3,-10.9,0.0,-0.0,-14.4,-0.0,2350,1296,0,-10,22
1129,161.18,30956,377.88,377.78,-0.10,-26.0,-10.9,0.0,0.0,-15.1,-0.0,2275,1217,0,-7,24
1130,161.27,30951,377.82,377.75,-0.07,-24.0,-8.2,0.0,0.0,-15.8,-0.0,2212,1149,0,-4,23
1131,161.43,30950,377.81,377.68,-0.12,-27.8,-13.6,0.0,0.0,-14.2,-0.0,2200,1144,0,-5,26
1132,161.60,30945,377.75,377.61,-0.13,-30.1,-15.0,0.0,-0.0,-15.1,-0.0,2137,1084,0,-3,29
1133,161.69,30942,377.71,377.58,-0.13,-30.1,-15.0,0.0,-0.0,-15.1,-0.0,2100,1046,0,-1,29
1134,161.87,30932,377.59,377.51,-0.09,-24.7,-9.5,0.0,0.0,-15.2,-0.0,1975,915,0,4,24
1135,162.03,30927,377.53,377.44,-0.09,-23.8,-9.5,0.0,0.0,-14.2,-0.0,1912,854,0,6,22
1136,162.12,30923,377.48,377.40,-0.07,-23.6,-8.2,0.0,0.0,-15.4,-0.0,1862,797,0,8,21
1137,162.29,30916,377.39,377.33,-0.06,-21.8,-6.8,0.0,0.0,-15.0,-0.0,1775,708,0,10,19
1138,162.45,30909,377.31,377.27,-0.04,-18.8,-4.1,0.0,0.0,-14.7,-0.0,1687,625,0,10,15
1139,162.55,30907,377.28,377.23,-0.05,-21.9,-5.5,0.0,0.0,-16.4,-0.0,1662,597,0,13,17
1140,162.72,30901,377.21,377.16,-0.05,-20.5,-5.5,0.0,0.0,-15.0,-0.0,1587,525,0,14,14
1141,162.90,30893,377.11,377.09,-0.02,-18.7,-2.7,0.0,0.0,-16.0,-0.0,1487,423,0,14,11
1142,162.98,30893,377.11,377.05,-0.06,-22.6,-6.8,0.0,0.0,-15.7,-0.0,1487,428,0,17,13
1143,163.15,30883,376.99,376.98,-0.01,-16.6,-1.4,0.0,0.0,-15.3,-0.0,1362,300,0,14,7
1144,163.33,30876,376.90,376.91,0.01,-13.4,1.4,0.0,0.0,-14.8,-0.0,1275,211,0,12,4
1145,163.41,30873,376.87,376.88,0.01,-14.7,1.4,0.0,0.0,-16.0,-0.0,1237,170,0,14,4
1146,163.59,30865,376.77,376.81,0.04,-11.5,4.1,0.0,0.0,-15.6,-0.0,1137,71,0,11,1
1147,163.75,30862,376.73,376.74,0.00,-14.6,0.0,0.0,0.0,-14.6,-0.0,1100,36,0,14,1
1148,163.83,30859,376.70,376.70,0.01,-13.7,1.4,0.0,0.0,-15.1,-0.0,1062,2,0,13,0
1149,164.00,30854,376.64,376.63,0.00,-14.6,0.0,0.0,-0.0,-14.6,-0.0,1000,4040,0,14,-1
1150,164.17,30849,376.57,376.57,-0.01,-16.0,-1.4,0.0,-0.0,-14.6,-0.0,937,3981,0,15,-3
1151,164.26,30846,376.54,376.53,-0.01,-18.2,-1.4,0.0,-0.0,-16.8,-0.0,900,3940,0,17,-4
1152,164.43,30837,376.43,376.46,0.04,-10.8,4.1,0.0,0.0,-14.9,-0.0,787,3822,0,10,-4
1153,164.60,30828,376.32,376.39,0.07,-7.0,8.2,0.0,0.0,-15.2,-0.0,675,3705,0,6,-4
1154,164.69,30826,376.29,376.35,0.06,-8.8,6.8,0.0,0.0,-15.7,-0.0,650,3679,0,7,-5
1155,164.86,30819,376.21,376.28,0.07,-6.3,8.2,0.0,0.0,-14.5,-0.0,562,3592,0,4,-4
1156,165.03,30815,376.16,376.21,0.05,-9.0,5.5,0.0,0.0,-14.5,-0.0,512,3547,0,6,-7
1157,165.11,30813,376.14,376.18,0.05,-10.7,5.5,0.0,0.0,-16.2,-0.0,487,3521,0,7,-8
1158,165.29,30805,376.04,376.11,0.07,-7.5,8.2,0.0,0.0,-15.7,-0.0,387,3424,0,4,-6
1159,165.46,30801,375.99,376.04,0.05,-10.0,5.5,0.0,-0.0,-15.5,-0.0,337,3377,0,4,-9
1160,165.55,30796,375.93,376.00,0.07,-9.0,8.2,0.0,0.0,-17.2,-0.0,275,3309,0,3,-8
1161,165.72,30790,375.85,375.93,0.07,-6.8,8.2,0.0,0.0,-15.0,-0.0,200,3236,0,2,-6
1162,165.90,30788,375.83,375.85,0.02,-12.6,2.7,0.0,-0.0,-15.3,-0.0,175,3215,0,3,-12
1163,165.98,30783,375.77,375.82,0.05,-10.3,5.5,0.0,-0.0,-15.8,-0.0,112,3151,0,1,-10
1164,166.15,30778,375.71,375.75,0.04,-10.5,4.1,0.0,-0.0,-14.6,-0.0,50,3090,0,0,-10
1165,166.24,30774,375.66,375.71,0.05,-11.8,5.5,0.0,-0.0,-17.3,-0.0,0,3036,0,-1,-11
1166,166.41,30769,375.60,375.64,0.05,-9.6,5.5,0.0,-0.0,-15.1,-0.0,4033,2979,0,-1,-9
1167,166.58,30762,375.51,375.57,0.06,-8.3,6.8,0.0,0.0,-15.1,-0.0,3946,2884,0,-2,-8
1168,166.75,30758,375.46,375.50,0.04,-10.8,4.1,0.0,-0.0,-14.9,-0.0,3896,2840,0,-4,-10
1169,166.84,30755,375.43,375.47,0.04,-11.8,4.1,0.0,0.0,-15.9,-0.0,3858,2799,0,-5,-10
1170,167.01,30750,375.37,375.39,0.02,-11.7,2.7,0.0,-0.0,-14.4,-0.0,3796,2741,0,-5,-10
1171,167.18,30747,375.33,375.32,-0.01,-17.0,-1.4,0.0,-0.0,-15.7,-0.0,3758,2707,0,-9,-14
1172,167.27,30744,375.29,375.28,-0.01,-18.0,-1.4,0.0,-0.0,-16.7,-0.0,3721,2668,0,-10,-14
1173,167.44,30739,375.23,375.21,-0.02,-17.9,-2.7,0.0,-0.0,-15.2,-0.0,3658,2607,0,-11,-13
1174,167.60,30739,375.23,375.14,-0.09,-25.2,-9.5,0.0,-0.0,-15.7,-0.0,3658,2616,0,-16,-19
1175,167.69,30734,375.17,375.11,-0.06,-22.5,-6.8,0.0,-0.0,-15.7,-0.0,3596,2548,0,-16,-15
1176,167.87,30728,375.10,375.03,-0.06,-22.8,-6.8,0.0,-0.0,-16.0,-0.0,3521,2468,0,-18,-13
1177,168.03,30721,375.01,374.96,-0.05,-20.4,-5.5,0.0,-0.0,-15.0,-0.0,3433,2379,0,-17,-10
1178,168.12,30719,374.99,374.93,-0.06,-22.8,-6.8,0.0,-0.0,-16.0,-0.0,3408,2353,0,-20,-10
1179,168.28,30717,374.96,374.86,-0.11,-27.3,-12.3,0.0,-0.0,-15.0,-0.0,3383,2327,0,-24,-11
1180,168.45,30710,374.88,374.79,-0.09,-24.8,-9.5,0.0,-0.0,-15.3,-0.0,3296,2245,0,-23,-7
1181,168.54,30706,374.83,374.75,-0.09,-26.8,-9.5,0.0,-0.0,-17.3,-0.0,3246,2185,0,-25,-5
1182,168.71,30702,374.78,374.68,-0.10,-26.5,-10.9,0.0,-0.0,-15.5,-0.0,3196,2144,0,-25,-4
1183,168.89,30697,374.72,374.60,-0.11,-28.6,-12.3,0.0,-0.0,-16.3,-0.0,3133,2075,0,-28,-1
1184,168.97,30693,374.67,374.57,-0.10,-27.2,-10.9,0.0,0.0,-16.3,-0.0,3083,2022,0,-26,1
1185,169.15,30690,374.63,374.49,-0.13,-30.8,-15.0,0.0,-0.0,-15.8,-0.0,3046,1992,0,-30,3
1186,169.31,30683,374.55,374.42,-0.12,-29.0,-13.6,0.0,-0.0,-15.4,-0.0,2958,1907,0,-27,6
1187,169.40,30679,374.50,374.39,-0.11,-28.4,-12.3,0.0,-0.0,-16.1,-0.0,2908,1849,0,-26,8
1188,169.58,30675,374.45,374.31,-0.13,-31.4,-15.0,0.0,-0.0,-16.4,-0.0,2858,1800,0,-28,11
1189,169.75,30668,374.37,374.24,-0.12,-30.0,-13.6,0.0,-0.0,-16.4,-0.0,2771,1713,0,-25,14
1190,169.84,30664,374.32,374.20,-0.12,-30.8,-13.6,0.0,0.0,-17.2,-0.0,2721,1656,0,-25,17
1191,170.01,30659,374.26,374.13,-0.12,-28.5,-13.6,0.0,0.0,-14.9,-0.0,2658,1601,0,-21,18
1192,170.10,30656,374.22,374.09,-0.13,-31.9,-15.0,0.0,-0.0,-16.9,-0.0,2621,1561,0,-23,21
1193,170.27,30651,374.16,374.02,-0.15,-32.3,-16.4,0.0,-0.0,-15.9,-0.0,2558,1499,0,-21,23
1194,170.44,30641,374.04,373.95,-0.09,-25.0,-9.5,0.0,0.0,-15.5,-0.0,2433,1370,0,-12,21
1195,170.53,30637,373.99,373.91,-0.09,-26.8,-9.5,0.0,0.0,-17.2,-0.0,2383,1316,0,-11,23
1196,170.70,30628,373.88,373.84,-0.04,-19.3,-4.1,0.0,0.0,-15.2,-0.0,2271,1203,0,-5,18
1197,170.86,30625,373.84,373.76,-0.07,-23.2,-8.2,0.0,0.0,-15.0,-0.0,2233,1166,0,-5,22
1198,170.95,30622,373.80,373.73,-0.07,-25.7,-8.2,0.0,0.0,-17.5,-0.0,2196,1124,0,-4,25
1199,171.12,30612,373.68,373.65,-0.02,-18.2,-2.7,0.0,0.0,-15.5,-0.0,2071,1005,0,1,18
1200,171.29,30606,373.61,373.58,-0.02,-19.0,-2.7,0.0,0.0,-16.3,-0.0,1996,931,0,3,18
1201,171.38,30603,373.57,373.54,-0.02,-19.3,-2.7,0.0,0.0,-16.6,-0.0,1958,895,0,4,18
1202,171.56,30589,373.40,373.47,0.06,-9.8,6.8,0.0,0.0,-16.6,-0.0,1783,704,0,4,8
1203,171.73,30586,373.36,373.40,0.04,-11.5,4.1,0.0,0.0,-15.6,-0.0,1746,679,0,6,10
1204,171.82,30582,373.32,373.35,0.04,-14.0,4.1,0.0,0.0,-18.1,-0.0,1696,622,0,8,11
1205,171.98,30572,373.19,373.28,0.09,-5.5,9.5,0.0,0.0,-15.1,-0.0,1571,500,0,4,4
1206,172.16,30565,373.11,373.21,0.10,-5.2,10.9,0.0,0.0,-16.1,-0.0,1483,410,0,4,3
1207,172.24,30562,373.07,373.18,0.11,-2.6,12.3,0.0,0.0,-14.8,-0.0,1446,384,0,2,1
1208,172.40,30554,372.97,373.10,0.13,-0.1,15.0,0.0,0.0,-15.1,-0.0,1346,277,0,0,0
1209,172.58,30549,372.91,373.03,0.11,-4.1,12.3,0.0,0.0,-16.4,-0.0,1283,219,0,4,1
1210,172.74,30542,372.83,372.96,0.13,-0.9,15.0,0.0,0.0,-15.9,-0.0,1196,134,0,1,0
1211,172.83,30540,372.80,372.92,0.12,-2.8,13.6,0.0,0.0,-16.4,-0.0,1171,108,0,3,0
1212,173.00,30534,372.73,372.84,0.11,-3.2,12.3,0.0,0.0,-15.4,-0.0,1096,37,0,3,0
1213,173.09,30528,372.66,372.81,0.15,-0.6,16.4,0.0,0.0,-17.0,-0.0,1021,4052,0,1,0
1214,173.26,30521,372.57,372.73,0.16,2.3,17.7,0.0,0.0,-15.5,-0.0,933,1917,0,-2,0
1215,173.43,30515,372.50,372.66,0.16,1.5,17.7,0.0,0.0,-16.2,-0.0,858,1842,0,-1,0
1216,173.59,30509,372.42,372.59,0.16,1.5,17.7,0.0,0.0,-16.2,-0.0,783,1761,0,-1,1
1217,173.68,30508,372.41,372.55,0.13,-1.3,15.0,0.0,0.0,-16.3,-0.0,771,3803,0,1,-1
1218,173.84,30502,372.34,372.48,0.13,-1.0,15.0,0.0,-0.0,-16.0,-0.0,696,3733,0,1,-1
1219,174.02,30499,372.30,372.40,0.10,-5.1,10.9,0.0,-0.0,-16.0,-0.0,658,3701,0,4,-3
1220,174.10,30496,372.27,372.37,0.10,-5.7,10.9,0.0,-0.0,-16.6,-0.0,621,3663,0,4,-3
1221,174.27,30489,372.18,372.30,0.12,-2.4,13.6,0.0,-0.0,-16.1,-0.0,533,3575,0,2,-2
1222,174.42,30486,372.14,372.23,0.09,-6.0,9.5,0.0,-0.0,-15.6,-0.0,496,3539,0,4,-4
1223,174.59,30479,372.06,372.15,0.10,-6.0,10.9,0.0,-0.0,-16.9,-0.0,408,3446,0,3,-5
1224,174.68,30476,372.02,372.12,0.10,-6.2,10.9,0.0,0.0,-17.1,-0.0,371,3406,0,3,-5
1225,174.84,30471,371.96,372.05,0.09,-6.6,9.5,0.0,-0.0,-16.1,-0.0,308,3348,0,3,-6
1226,175.00,30470,371.95,371.97,0.02,-13.4,2.7,0.0,-0.0,-16.1,-0.0,296,3339,0,5,-12
1227,175.09,30467,371.91,371.94,0.02,-13.7,2.7,0.0,-0.0,-16.4,-0.0,258,3301,0,5,-12
1228,175.26,30462,371.85,371.86,0.01,-14.8,1.4,0.0,-0.0,-16.2,-0.0,196,3242,0,4,-14
1229,175.43,30457,371.79,371.79,0.00,-15.9,0.0,0.0,-0.0,-15.9,-0.0,133,3181,0,3,-15
1230,175.52,30454,371.75,371.75,0.00,-17.2,0.0,0.0,-0.0,-17.2,-0.0,96,3141,0,2,-17
1231,175.69,30449,371.69,371.68,-0.01,-16.8,-1.4,0.0,-0.0,-15.4,-0.0,33,3075,0,0,-16
1232,175.86,30443,371.62,371.60,-0.02,-19.5,-2.7,0.0,-0.0,-16.7,-0.0,4054,3001,0,-2,-19
1233,175.95,30441,371.59,371.56,-0.04,-20.8,-4.1,0.0,-0.0,-16.7,-0.0,4029,2973,0,-3,-20
1234,176.12,30435,371.52,371.49,-0.04,-20.3,-4.1,0.0,-0.0,-16.2,-0.0,3954,2898,0,-5,-19
1235,176.28,30435,371.52,371.41,-0.11,-28.2,-12.3,0.0,-0.0,-16.0,-0.0,3954,2907,0,-7,-27
1236,176.45,30429,371.45,371.34,-0.11,-28.3,-12.3,0.0,-0.0,-16.0,-0.0,3879,2828,0,-10,-25
1237,176.54,30426,371.41,371.30,-0.11,-30.1,-12.3,0.0,-0.0,-17.8,-0.0,3842,2790,0,-12,-26
1238,176.71,30422,371.36,371.22,-0.13,-30.8,-15.0,0.0,-0.0,-15.8,-0.0,3792,2748,0,-14,-26
1239,176.81,30418,371.31,371.18,-0.13,-33.4,-15.0,0.0,-0.0,-18.4,-0.0,3742,2690,0,-18,-27
1240,176.98,30410,371.22,371.11,-0.11,-27.8,-12.3,0.0,0.0,-15.5,-0.0,3642,2583,0,-18,-20
1241,177.15,30407,371.18,371.03,-0.15,-32.9,-16.4,0.0,-0.0,-16.6,-0.0,3604,2548,0,-23,-22
1242,177.24,30404,371.14,370.99,-0.15,-34.0,-16.4,0.0,-0.0,-17.7,-0.0,3567,2509,0,-25,-21
1243,177.41,30400,371.09,370.92,-0.18,-36.8,-20.5,0.0,-0.0,-16.3,-0.0,3517,2461,0,-29,-21
1244,177.58,30390,370.97,370.84,-0.13,-31.4,-15.0,0.0,-0.0,-16.4,-0.0,3392,2333,0,-28,-13
1245,177.66,30387,370.94,370.80,-0.13,-31.9,-15.0,0.0,-0.0,-16.9,-0.0,3354,2295,0,-29,-11
1246,177.83,30383,370.89,370.73,-0.16,-33.6,-17.7,0.0,-0.0,-15.9,-0.0,3304,2246,0,-31,-10
1247,178.00,30376,370.80,370.65,-0.15,-32.8,-16.4,0.0,0.0,-16.4,-0.0,3217,2154,0,-31,-5
1248,178.09,30372,370.75,370.61,-0.13,-31.9,-15.0,0.0,0.0,-16.9,-0.0,3167,2100,0,-31,-2
1249,178.26,30364,370.65,370.54,-0.12,-30.1,-13.6,0.0,0.0,-16.4,-0.0,3067,2004,0,-29,2
1250,178.42,30360,370.61,370.46,-0.15,-32.5,-16.4,0.0,-0.0,-16.2,-0.0,3017,1958,0,-31,4
1251,178.51,30357,370.57,370.42,-0.15,-34.7,-16.4,0.0,0.0,-18.3,-0.0,2979,1912,0,-33,7
1252,178.68,30348,370.46,370.35,-0.11,-27.9,-12.3,0.0,0.0,-15.7,-0.0,2867,1803,0,-25,10
1253,178.84,30341,370.37,370.28,-0.10,-26.6,-10.9,0.0,0.0,-15.7,-0.0,2779,1718,0,-23,12
1254,179.01,30335,370.30,370.20,-0.10,-26.6,-10.9,0.0,0.0,-15.7,-0.0,2704,1641,0,-21,15
1255,179.10,30331,370.25,370.16,-0.09,-27.4,-9.5,0.0,0.0,-17.8,-0.0,2654,1583,0,-20,17
1256,179.27,30322,370.14,370.08,-0.06,-23.9,-6.8,0.0,0.0,-17.0,-0.0,2542,1472,0,-15,18
1257,179.44,30313,370.03,370.01,-0.02,-18.5,-2.7,0.0,0.0,-15.7,-0.0,2429,1358,0,-9,16
1258,179.53,30309,369.98,369.97,-0.01,-20.0,-1.4,0.0,0.0,-18.7,-0.0,2379,1302,0,-8,18
1259,179.70,30301,369.89,369.89,0.01,-15.2,1.4,0.0,0.0,-16.6,-0.0,2279,1205,0,-4,14
1260,179.87,30290,369.75,369.81,0.06,-9.2,6.8,0.0,0.0,-16.0,-0.0,2142,1068,0,-1,9
1261,179.96,30286,369.70,369.77,0.07,-8.9,8.2,0.0,0.0,-17.1,-0.0,2092,1013,0,0,9
1262,180.13,30282,369.65,369.70,0.05,-11.7,5.5,0.0,0.0,-17.1,-0.0,2042,971,0,1,11
1263,180.30,30271,369.52,369.62,0.10,-4.9,10.9,0.0,0.0,-15.8,-0.0,1904,831,0,1,5
1264,180.39,30268,369.48,369.58,0.10,-6.8,10.9,0.0,0.0,-17.7,-0.0,1867,792,0,2,6
1265,180.57,30262,369.41,369.50,0.10,-6.0,10.9,0.0,0.0,-16.9,-0.0,1792,726,0,3,5
1266,180.73,30253,369.30,369.43,0.12,-3.3,13.6,0.0,0.0,-16.9,-0.0,1679,609,0,2,3
1267,180.82,30249,369.25,369.39,0.13,-3.0,15.0,0.0,0.0,-18.0,-0.0,1629,553,0,2,2
1268,180.99,30243,369.18,369.31,0.13,-0.9,15.0,0.0,0.0,-15.9,-0.0,1554,491,0,1,1
1269,181.08,30238,369.12,369.27,0.15,-1.4,16.4,0.0,0.0,-17.8,-0.0,1492,421,0,1,1
1270,181.24,30230,369.02,369.20,0.18,3.8,20.5,0.0,0.0,-16.7,-0.0,1392,2368,0,-3,-2
1271,181.41,30223,368.93,369.12,0.18,4.0,20.5,0.0,0.0,-16.5,-0.0,1304,2284,0,-4,-1
1272,181.58,30221,368.91,369.04,0.13,-1.7,15.0,0.0,0.0,-16.7,-0.0,1279,215,0,2,1
1273,181.66,30214,368.82,369.01,0.18,3.4,20.5,0.0,0.0,-17.0,-0.0,1192,2172,0,-3,-1
1274,181.83,30209,368.76,368.93,0.17,2.9,19.1,0.0,0.0,-16.2,-0.0,1129,2115,0,-3,0
1275,182.00,30205,368.71,368.85,0.13,-1.0,15.0,0.0,-0.0,-16.0,-0.0,1079,28,0,1,0
1276,182.08,30205,368.71,368.81,0.10,-6.4,10.9,0.0,-0.0,-17.3,-0.0,1079,27,0,6,0
1277,182.25,30196,368.60,368.74,0.13,-2.1,15.0,0.0,0.0,-17.1,-0.0,967,4001,0,2,0
1278,182.42,30186,368.48,368.66,0.18,3.9,20.5,0.0,0.0,-16.5,-0.0,842,1826,0,-4,1
1279,182.51,30183,368.44,368.62,0.17,0.6,19.1,0.0,0.0,-18.5,-0.0,804,1786,0,-1,0
1280,182.68,30181,368.42,368.54,0.12,-2.7,13.6,0.0,-0.0,-16.3,-0.0,779,3817,0,2,-1
1281,182.84,30176,368.36,368.47,0.11,-3.5,12.3,0.0,0.0,-15.8,-0.0,717,3754,0,3,-2
1282,183.01,30169,368.27,368.39,0.12,-3.0,13.6,0.0,-0.0,-16.6,-0.0,629,3670,0,2,-2
1283,183.10,30166,368.24,368.35,0.11,-5.7,12.3,0.0,-0.0,-18.0,-0.0,592,3632,0,4,-4
1284,183.27,30159,368.15,368.27,0.12,-3.5,13.6,0.0,-0.0,-17.2,-0.0,504,3542,0,2,-3
1285,183.44,30155,368.10,368.20,0.10,-5.2,10.9,0.0,0.0,-16.1,-0.0,454,3490,0,3,-4
1286,183.52,30153,368.08,368.16,0.09,-6.8,9.5,0.0,-0.0,-16.4,-0.0,429,3468,0,4,-5
1287,183.69,30150,368.04,368.08,0.04,-12.0,4.1,0.0,-0.0,-16.1,-0.0,392,3437,0,6,-10
1288,183.85,30145,367.98,368.01,0.02,-13.4,2.7,0.0,-0.0,-16.1,-0.0,329,3376,0,6,-12
1289,183.94,30142,367.94,367.96,0.02,-15.9,2.7,0.0,-0.0,-18.6,-0.0,292,3336,0,6,-14
1290,184.12,30138,367.90,367.88,-0.01,-18.3,-1.4,0.0,-0.0,-17.0,-0.0,242,3289,0,6,-17
1291,184.29,30134,367.85,367.80,-0.04,-20.2,-4.1,0.0,-0.0,-16.2,-0.0,192,3239,0,5,-19
1292,184.38,30131,367.81,367.76,-0.05,-23.5,-5.5,0.0,-0.0,-18.1,-0.0,154,3196,0,4,-22
1293,184.55,30125,367.74,367.69,-0.05,-21.6,-5.5,0.0,-0.0,-16.2,-0.0,79,3123,0,2,-21
1294,184.71,30122,367.70,367.61,-0.09,-26.0,-9.5,0.0,-0.0,-16.5,-0.0,42,3089,0,1,-25
1295,184.80,30118,367.65,367.57,-0.09,-28.5,-9.5,0.0,-0.0,-19.0,-0.0,4088,3031,0,-2,-28
1296,184.97,30109,367.54,367.49,-0.05,-22.2,-5.5,0.0,-0.0,-16.8,-0.0,3975,2914,0,-5,-21
1297,185.14,30107,367.52,367.41,-0.11,-29.6,-12.3,0.0,-0.0,-17.3,-0.0,3950,2897,0,-8,-28
1298,185.23,30105,367.49,367.37,-0.12,-32.1,-13.6,0.0,-0.0,-18.5,-0.0,3925,2869,0,-10,-30
1299,185.40,30097,367.40,367.29,-0.11,-29.4,-12.3,0.0,-0.0,-17.1,-0.0,3825,2765,0,-13,-25
1300,185.57,30096,367.38,367.21,-0.17,-36.2,-19.1,0.0,-0.0,-17.1,-0.0,3813,2764,0,-16,-31
1301,185.65,30091,367.32,367.17,-0.15,-34.0,-16.4,0.0,-0.0,-17.7,-0.0,3750,2699,0,-18,-28
1302,185.83,30083,367.22,367.09,-0.13,-32.4,-15.0,0.0,-0.0,-17.4,-0.0,3650,2590,0,-21,-23
1303,186.00,30075,367.13,367.01,-0.11,-28.6,-12.3,0.0,-0.0,-16.3,-0.0,3550,2492,0,-22,-17
1304,186.09,30074,367.11,366.97,-0.15,-34.9,-16.4,0.0,-0.0,-18.5,-0.0,3538,2477,0,-27,-21
1305,186.26,30067,367.03,366.89,-0.13,-31.3,-15.0,0.0,0.0,-16.3,-0.0,3450,2386,0,-26,-15
1306,186.43,30060,366.94,366.81,-0.13,-32.5,-15.0,0.0,0.0,-17.5,-0.0,3363,2300,0,-29,-12
1307,186.52,30056,366.89,366.77,-0.12,-31.7,-13.6,0.0,0.0,-18.0,-0.0,3313,2248,0,-29,-9
1308,186.69,30053,366.86,366.69,-0.16,-34.1,-17.7,0.0,-0.0,-16.4,-0.0,3275,2220,0,-32,-9
1309,186.86,30039,366.69,366.61,-0.07,-26.0,-8.2,0.0,0.0,-17.8,-0.0,3100,2028,0,-25,1
1310,186.95,30036,366.65,366.57,-0.09,-27.9,-9.5,0.0,0.0,-18.3,-0.0,3063,1991,0,-27,2
1311,187.12,30032,366.60,366.49,-0.11,-29.8,-12.3,0.0,0.0,-17.5,-0.0,3013,1947,0,-29,4
1312,187.29,30020,366.46,366.41,-0.05,-22.2,-5.5,0.0,0.0,-16.7,-0.0,2863,1792,0,-20,8
1313,187.38,30018,366.43,366.37,-0.06,-25.5,-6.8,0.0,0.0,-18.7,-0.0,2838,1759,0,-22,11
1314,187.54,30013,366.37,366.29,-0.07,-25.5,-8.2,0.0,0.0,-17.3,-0.0,2775,1713,0,-21,12
1315,187.71,30005,366.27,366.21,-0.06,-23.8,-6.8,0.0,0.0,-17.0,-0.0,2675,1608,0,-18,14
1316,187.81,29998,366.19,366.17,-0.01,-21.2,-1.4,0.0,0.0,-19.8,-0.0,2588,1507,0,-14,15
1317,187.97,29990,366.09,366.09,0.00,-16.5,0.0,0.0,0.0,-16.5,-0.0,2488,1422,0,-9,13
1318,188.14,29983,366.00,366.01,0.01,-15.1,1.4,0.0,0.0,-16.5,-0.0,2400,1329,0,-7,13
1319,188.23,29979,365.95,365.97,0.01,-17.4,1.4,0.0,0.0,-18.8,-0.0,2350,1272,0,-6,16
1320,188.39,29972,365.87,365.89,0.02,-14.4,2.7,0.0,0.0,-17.1,-0.0,2263,1191,0,-4,13
1321,188.57,29965,365.78,365.81,0.02,-14.6,2.7,0.0,0.0,-17.4,-0.0,2175,1109,0,-2,14
1322,188.65,29961,365.73,365.77,0.04,-13.9,4.1,0.0,0.0,-18.0,-0.0,2125,1057,0,-1,13
1323,188.84,29952,365.62,365.68,0.06,-11.4,6.8,0.0,0.0,-18.2,-0.0,2013,942,0,1,11
1324,189.00,29946,365.55,365.60,0.05,-11.7,5.5,0.0,0.0,-17.1,-0.0,1938,872,0,3,11
1325,189.09,29940,365.48,365.56,0.09,-9.8,9.5,0.0,0.0,-19.4,-0.0,1863,788,0,3,9
1326,189.27,29932,365.38,365.48,0.10,-6.0,10.9,0.0,0.0,-16.9,-0.0,1763,693,0,3,5
1327,189.43,29923,365.27,365.40,0.13,-2.5,15.0,0.0,0.0,-17.5,-0.0,1650,579,0,2,2
1328,189.52,29919,365.22,365.36,0.13,-3.9,15.0,0.0,0.0,-18.9,-0.0,1600,524,0,3,3
1329,189.69,29913,365.15,365.28,0.13,-2.5,15.0,0.0,0.0,-17.5,-0.0,1525,453,0,2,2
1330,189.79,29909,365.10,365.23,0.13,-4.7,15.0,0.0,0.0,-19.8,-0.0,1475,400,0,4,3
1331,189.95,29899,364.98,365.16,0.18,3.8,20.5,0.0,0.0,-16.7,-0.0,1350,2328,0,-3,-2
1332,190.12,29898,364.97,365.08,0.11,-4.7,12.3,0.0,-0.0,-17.0,-0.0,1338,278,0,4,2
1333,190.29,29891,364.88,365.00,0.11,-4.4,12.3,0.0,-0.0,-16.7,-0.0,1250,193,0,4,1
1334,190.38,29886,364.82,364.95,0.13,-3.7,15.0,0.0,0.0,-18.7,-0.0,1188,122,0,3,1
1335,190.55,29882,364.77,364.87,0.10,-6.1,10.9,0.0,-0.0,-17.0,-0.0,1138,82,0,6,1
1336,190.72,29876,364.70,364.79,0.10,-5.8,10.9,0.0,-0.0,-16.7,-0.0,1063,8,0,6,0
1337,190.81,29869,364.61,364.75,0.13,-5.7,15.0,0.0,0.0,-20.7,-0.0,975,3997,0,5,-1
1338,190.99,29865,364.56,364.66,0.10,-8.4,10.9,0.0,-0.0,-19.3,-0.0,925,3956,0,8,-2
1339,191.08,29862,364.53,364.62,0.10,-8.1,10.9,0.0,-0.0,-19.0,-0.0,888,3923,0,8,-2
1340,191.23,29857,364.47,364.55,0.09,-7.5,9.5,0.0,-0.0,-17.0,-0.0,825,3861,0,7,-3
1341,191.40,29852,364.40,364.47,0.06,-10.8,6.8,0.0,-0.0,-17.6,-0.0,763,3800,0,9,-5
1342,191.57,29844,364.31,364.38,0.07,-8.6,8.2,0.0,-0.0,-16.8,-0.0,663,3702,0,7,-5
1343,191.66,29840,364.26,364.34,0.09,-9.5,9.5,0.0,-0.0,-19.1,-0.0,613,3645,0,7,-6
1344,191.83,29836,364.21,364.26,0.05,-11.7,5.5,0.0,-0.0,-17.1,-0.0,563,3602,0,8,-8
1345,192.01,29827,364.10,364.18,0.07,-9.8,8.2,0.0,0.0,-18.0,-0.0,450,3482,0,6,-8
1346,192.10,29824,364.06,364.13,0.07,-12.4,8.2,0.0,0.0,-20.6,-0.0,413,3438,0,6,-10
1347,192.27,29821,364.03,364.05,0.02,-14.1,2.7,0.0,-0.0,-16.9,-0.0,375,3415,0,7,-12
1348,192.36,29819,364.00,364.01,0.00,-18.9,0.0,0.0,-0.0,-18.9,-0.0,350,3390,0,9,-16
1349,192.53,29813,363.93,363.92,0.00,-17.2,0.0,0.0,-0.0,-17.2,-0.0,275,3315,0,6,-15
1350,192.70,29811,363.90,363.84,-0.06,-24.0,-6.8,0.0,-0.0,-17.2,-0.0,250,3299,0,8,-22
1351,192.79,29806,363.84,363.80,-0.05,-25.8,-5.5,0.0,-0.0,-20.3,-0.0,188,3230,0,6,-24
1352,192.95,29802,363.79,363.72,-0.07,-25.1,-8.2,0.0,-0.0,-16.9,-0.0,138,3183,0,4,-24
1353,193.12,29796,363.72,363.64,-0.09,-27.9,-9.5,0.0,-0.0,-18.4,-0.0,63,3106,0,1,-27
1354,193.21,29793,363.68,363.59,-0.09,-28.5,-9.5,0.0,-0.0,-19.0,-0.0,25,3066,0,0,-28
1355,193.39,29787,363.61,363.51,-0.10,-27.9,-10.9,0.0,-0.0,-17.0,-0.0,4046,2988,0,-3,-27
1356,193.55,29782,363.55,363.43,-0.12,-30.6,-13.6,0.0,-0.0,-17.0,-0.0,3984,2932,0,-6,-29
1357,193.64,29780,363.53,363.39,-0.13,-34.3,-15.0,0.0,-0.0,-19.3,-0.0,3959,2900,0,-9,-32
1358,193.81,29771,363.42,363.30,-0.11,-29.6,-12.3,0.0,-0.0,-17.3,-0.0,3846,2787,0,-12,-26
1359,193.98,29765,363.34,363.22,-0.12,-31.5,-13.6,0.0,-0.0,-17.9,-0.0,3771,2710,0,-16,-26
1360,194.07,29761,363.29,363.18,-0.11,-30.7,-12.3,0.0,-0.0,-18.5,-0.0,3721,2658,0,-18,-24
1361,194.24,29754,363.21,363.10,-0.11,-29.6,-12.3,0.0,0.0,-17.3,-0.0,3634,2570,0,-20,-21
1362,194.41,29748,363.13,363.01,-0.12,-32.1,-13.6,0.0,0.0,-18.5,-0.0,3559,2493,0,-24,-20
1363,194.50,29744,363.09,362.97,-0.11,-30.5,-12.3,0.0,0.0,-18.2,-0.0,3509,2444,0,-24,-17
1364,194.66,29738,363.01,362.89,-0.12,-31.0,-13.6,0.0,0.0,-17.4,-0.0,3434,2371,0,-26,-14
1365,194.84,29730,362.92,362.81,-0.11,-30.2,-12.3,0.0,0.0,-18.0,-0.0,3334,2268,0,-28,-10
1366,194.93,29726,362.87,362.76,-0.11,-31.4,-12.3,0.0,0.0,-19.1,-0.0,3284,2216,0,-29,-8
1367,195.10,29716,362.74,362.68,-0.06,-25.1,-6.8,0.0,0.0,-18.3,-0.0,3159,2087,0,-24,-1
1368,195.27,29708,362.65,362.60,-0.05,-23.2,-5.5,0.0,0.0,-17.7,-0.0,3059,1987,0,-22,2
1369,195.35,29705,362.61,362.55,-0.06,-25.4,-6.8,0.0,0.0,-18.6,-0.0,3021,1947,0,-24,4
1370,195.52,29700,362.55,362.47,-0.07,-26.5,-8.2,0.0,0.0,-18.3,-0.0,2959,1890,0,-25,6
1371,195.68,29691,362.44,362.39,-0.05,-22.3,-5.5,0.0,0.0,-16.9,-0.0,2846,1780,0,-20,9
1372,195.84,29683,362.34,362.31,-0.02,-19.9,-2.7,0.0,0.0,-17.2,-0.0,2746,1680,0,-16,10
1373,195.93,29676,362.26,362.27,0.01,-18.4,1.4,0.0,0.0,-19.8,-0.0,2659,1582,0,-13,12
1374,196.10,29671,362.19,362.19,0.00,-16.9,0.0,0.0,0.0,-16.9,-0.0,2596,1527,0,-11,12
1375,196.26,29666,362.13,362.11,-0.02,-20.2,-2.7,0.0,0.0,-17.5,-0.0,2534,1467,0,-12,15
1376,196.35,29661,362.07,362.07,0.00,-18.7,0.0,0.0,0.0,-18.7,-0.0,2471,1400,0,-10,15
1377,196.52,29649,361.93,361.98,0.06,-11.6,6.8,0.0,0.0,-18.4,-0.0,2321,1245,0,-4,11
1378,196.68,29644,361.87,361.90,0.04,-13.4,4.1,0.0,0.0,-17.5,-0.0,2259,1194,0,-3,13
1379,196.85,29635,361.76,361.82,0.06,-10.4,6.8,0.0,0.0,-17.3,-0.0,2146,1073,0,-1,10
1380,196.94,29630,361.69,361.78,0.09,-9.2,9.5,0.0,0.0,-18.7,-0.0,2084,1004,0,0,9
1381,197.10,29623,361.61,361.70,0.09,-8.3,9.5,0.0,0.0,-17.9,-0.0,1996,924,0,1,8
1382,197.28,29616,361.52,361.61,0.09,-9.2,9.5,0.0,0.0,-18.8,-0.0,1909,838,0,3,9
1383,197.36,29609,361.44,361.57,0.13,-4.1,15.0,0.0,0.0,-19.1,-0.0,1821,742,0,2,4
1384,197.53,29607,361.41,361.48,0.07,-9.1,8.2,0.0,0.0,-17.3,-0.0,1796,733,0,4,8
1385,197.71,29597,361.29,361.40,0.11,-6.2,12.3,0.0,0.0,-18.5,-0.0,1671,604,0,4,5
1386,197.80,29595,361.27,361.35,0.09,-10.4,9.5,0.0,0.0,-20.0,-0.0,1646,577,0,6,8
1387,197.96,29587,361.17,361.27,0.10,-7.3,10.9,0.0,0.0,-18.2,-0.0,1546,480,0,5,5
1388,198.14,29579,361.07,361.18,0.11,-6.9,12.3,0.0,0.0,-19.1,-0.0,1446,379,0,6,4
1389,198.22,29574,361.01,361.14,0.13,-3.9,15.0,0.0,0.0,-18.9,-0.0,1384,310,0,3,2
1390,198.40,29567,360.93,361.06,0.13,-3.6,15.0,0.0,0.0,-18.6,-0.0,1296,227,0,3,1
1391,198.57,29561,360.85,360.97,0.12,-5.2,13.6,0.0,0.0,-18.9,-0.0,1221,151,0,5,1
1392,198.66,29558,360.82,360.93,0.11,-7.2,12.3,0.0,0.0,-19.5,-0.0,1184,115,0,7,1
1393,198.83,29552,360.74,360.84,0.10,-7.4,10.9,0.0,-0.0,-18.3,-0.0,1109,46,0,7,1
1394,198.92,29547,360.68,360.80,0.11,-7.2,12.3,0.0,-0.0,-19.5,-0.0,1046,4076,0,7,0
1395,199.09,29543,360.63,360.71,0.07,-10.5,8.2,0.0,-0.0,-18.6,-0.0,996,4033,0,10,-1
1396,199.26,29540,360.60,360.63,0.04,-13.7,4.1,0.0,-0.0,-17.8,-0.0,959,4001,0,13,-2
1397,199.35,29534,360.52,360.58,0.06,-13.0,6.8,0.0,-0.0,-19.9,-0.0,884,3918,0,12,-3
1398,199.52,29526,360.42,360.50,0.07,-9.3,8.2,0.0,-0.0,-17.5,-0.0,784,3820,0,8,-4
1399,199.70,29521,360.36,360.41,0.05,-13.5,5.5,0.0,-0.0,-19.0,-0.0,721,3758,0,11,-7
1400,199.79,29517,360.31,360.36,0.05,-14.7,5.5,0.0,-0.0,-20.2,-0.0,671,3702,0,12,-8
1401,199.95,29511,360.24,360.28,0.04,-13.4,4.1,0.0,0.0,-17.5,-0.0,596,3628,0,10,-9
1402,200.13,29505,360.17,360.19,0.02,-17.5,2.7,0.0,-0.0,-20.2,-0.0,521,3556,0,11,-12
1403,200.21,29504,360.16,360.15,0.00,-19.0,0.0,0.0,-0.0,-19.0,-0.0,509,3548,0,12,-14
1404,200.38,29498,360.08,360.07,-0.01,-20.1,-1.4,0.0,-0.0,-18.7,-0.0,434,3472,0,11,-16
1405,200.55,29491,360.00,359.98,-0.01,-18.9,-1.4,0.0,-0.0,-17.5,-0.0,346,3387,0,9,-16
1406,200.64,29489,359.97,359.94,-0.04,-23.4,-4.1,0.0,-0.0,-19.3,-0.0,321,3359,0,10,-21
1407,200.82,29481,359.88,359.85,-0.02,-21.8,-2.7,0.0,-0.0,-19.0,-0.0,221,3257,0,6,-20
1408,200.99,29475,359.80,359.76,-0.04,-22.5,-4.1,0.0,-0.0,-18.4,-0.0,146,3178,0,4,-22
1409,201.08,29469,359.73,359.72,-0.01,-21.6,-1.4,0.0,0.0,-20.2,-0.0,71,3097,0,1,-21
1410,201.25,29468,359.72,359.63,-0.09,-27.7,-9.5,0.0,-0.0,-18.1,-0.0,59,3098,0,1,-27
1411,201.42,29460,359.62,359.55,-0.07,-25.7,-8.2,0.0,-0.0,-17.5,-0.0,4055,2994,0,-3,-25
1412,201.51,29457,359.58,359.51,-0.07,-28.1,-8.2,0.0,-0.0,-19.9,-0.0,4017,2955,0,-5,-27
1413,201.67,29447,359.46,359.42,-0.04,-22.5,-4.1,0.0,0.0,-18.4,-0.0,3892,2827,0,-8,-20
1414,201.77,29445,359.44,359.37,-0.06,-27.9,-6.8,0.0,-0.0,-21.1,-0.0,3867,2803,0,-11,-25
1415,201.94,29440,359.38,359.29,-0.09,-28.0,-9.5,0.0,0.0,-18.4,-0.0,3805,2740,0,-13,-24
1416,202.11,29433,359.29,359.20,-0.09,-29.5,-9.5,0.0,-0.0,-19.9,-0.0,3717,2651,0,-17,-23
1417,202.20,29428,359.23,359.16,-0.07,-27.2,-8.2,0.0,0.0,-19.0,-0.0,3655,2587,0,-18,-19
1418,202.37,29419,359.12,359.07,-0.05,-24.2,-5.5,0.0,-0.0,-18.7,-0.0,3542,2477,0,-19,-14
1419,202.53,29416,359.08,358.99,-0.09,-27.4,-9.5,0.0,0.0,-17.8,-0.0,3505,2442,0,-22,-15
1420,202.71,29407,358.97,358.91,-0.06,-25.2,-6.8,0.0,0.0,-18.4,-0.0,3392,2324,0,-22,-10
1421,202.80,29398,358.86,358.86,0.00,-22.0,0.0,0.0,0.0,-22.0,-0.0,3280,2195,0,-21,-5
1422,202.97,29396,358.84,358.77,-0.06,-25.0,-6.8,0.0,-0.0,-18.1,-0.0,3255,2193,0,-24,-5
1423,203.06,29392,358.79,358.73,-0.06,-27.0,-6.8,0.0,-0.0,-20.2,-0.0,3205,2138,0,-26,-4
1424,203.23,29381,358.65,358.64,-0.01,-19.5,-1.4,0.0,0.0,-18.1,-0.0,3067,1993,0,-19,2
1425,203.40,29377,358.61,358.56,-0.05,-24.2,-5.5,0.0,0.0,-18.7,-0.0,3017,1949,0,-23,4
1426,203.49,29374,358.57,358.51,-0.05,-25.4,-5.5,0.0,-0.0,-19.9,-0.0,2980,1918,0,-24,5
1427,203.65,29364,358.45,358.43,-0.01,-20.1,-1.4,0.0,0.0,-18.7,-0.0,2855,1783,0,-18,8
1428,203.83,29353,358.31,358.34,0.02,-16.0,2.7,0.0,0.0,-18.7,-0.0,2717,1642,0,-13,9
1429,203.92,29351,358.29,358.30,0.01,-18.2,1.4,0.0,0.0,-19.6,-0.0,2692,1621,0,-14,11
1430,204.09,29348,358.25,358.21,-0.04,-22.2,-4.1,0.0,0.0,-18.1,-0.0,2655,1589,0,-16,14
1431,204.25,29336,358.11,358.13,0.02,-14.8,2.7,0.0,0.0,-17.5,-0.0,2505,1434,0,-8,12
1432,204.34,29330,358.03,358.09,0.06,-12.8,6.8,0.0,0.0,-19.6,-0.0,2430,1353,0,-6,11
1433,204.51,29324,357.96,358.00,0.04,-14.3,4.1,0.0,0.0,-18.4,-0.0,2355,1288,0,-5,13
1434,204.68,29315,357.85,357.92,0.07,-9.7,8.2,0.0,0.0,-17.8,-0.0,2242,1166,0,-2,9
1435,204.78,29310,357.79,357.87,0.09,-12.5,9.5,0.0,0.0,-22.0,-0.0,2180,1090,0,-1,12
1436,204.95,29303,357.70,357.78,0.09,-8.9,9.5,0.0,0.0,-18.4,-0.0,2092,1020,0,0,9
1437,205.10,29294,357.59,357.71,0.11,-6.2,12.3,0.0,0.0,-18.4,-0.0,1980,908,0,1,6
1438,205.19,29292,357.57,357.66,0.10,-9.3,10.9,0.0,0.0,-20.2,-0.0,1955,879,0,2,9
1439,205.36,29287,357.51,357.58,0.07,-9.4,8.2,0.0,0.0,-17.5,-0.0,1892,828,0,3,9
1440,205.53,29276,357.37,357.49,0.12,-3.9,13.6,0.0,0.0,-17.5,-0.0,1755,688,0,2,3
1441,205.62,29276,357.37,357.45,0.07,-11.7,8.2,0.0,-0.0,-19.9,-0.0,1755,687,0,6,10
1442,205.79,29268,357.28,357.36,0.09,-9.2,9.5,0.0,-0.0,-18.7,-0.0,1655,592,0,5,7
1443,205.96,29260,357.18,357.28,0.10,-6.6,10.9,0.0,0.0,-17.5,-0.0,1555,487,0,5,4
1444,206.05,29257,357.14,357.23,0.09,-10.4,9.5,0.0,0.0,-19.9,-0.0,1517,446,0,8,6
1445,206.23,29251,357.07,357.14,0.07,-10.8,8.2,0.0,-0.0,-19.0,-0.0,1442,381,0,9,6
1446,206.40,29242,356.96,357.06,0.10,-7.8,10.9,0.0,0.0,-18.7,-0.0,1330,260,0,7,3
1447,206.49,29239,356.92,357.01,0.09,-10.7,9.5,0.0,0.0,-20.2,-0.0,1292,222,0,10,3
1448,206.66,29233,356.85,356.93,0.09,-8.3,9.5,0.0,-0.0,-17.8,-0.0,1217,155,0,8,2
1449,206.83,29226,356.76,356.84,0.09,-9.2,9.5,0.0,0.0,-18.7,-0.0,1130,64,0,9,1
1450,206.91,29221,356.70,356.80,0.10,-8.4,10.9,0.0,0.0,-19.3,-0.0,1067,4093,0,8,0
1451,207.09,29218,356.67,356.72,0.05,-13.3,5.5,0.0,-0.0,-18.7,-0.0,1030,4066,0,13,-1
1452,207.25,29212,356.59,356.63,0.04,-14.0,4.1,0.0,-0.0,-18.1,-0.0,955,3990,0,13,-2
1453,207.35,29209,356.56,356.59,0.04,-14.9,4.1,0.0,-0.0,-19.0,-0.0,917,3952,0,14,-3
1454,207.51,29205,356.51,356.50,0.00,-17.5,0.0,0.0,-0.0,-17.5,-0.0,867,3910,0,16,-5
1455,207.69,29196,356.40,356.41,0.01,-17.7,1.4,0.0,-0.0,-19.0,-0.0,755,3789,0,15,-8
1456,207.78,29192,356.35,356.37,0.02,-17.8,2.7,0.0,-0.0,-20.5,-0.0,705,3735,0,15,-9
1457,207.95,29188,356.30,356.28,-0.01,-19.2,-1.4,0.0,-0.0,-17.8,-0.0,655,3693,0,15,-11
1458,208.13,29182,356.23,356.20,-0.02,-22.3,-2.7,0.0,-0.0,-19.6,-0.0,580,3612,0,16,-15
1459,208.21,29177,356.16,356.15,-0.01,-20.4,-1.4,0.0,-0.0,-19.0,-0.0,517,3547,0,13,-15
1460,208.38,29172,356.10,356.07,-0.04,-22.8,-4.1,0.0,-0.0,-18.7,-0.0,455,3492,0,13,-18
1461,208.55,29168,356.05,355.98,-0.07,-26.0,-8.2,0.0,-0.0,-17.8,-0.0,405,3445,0,14,-21
1462,208.63,29162,355.98,355.94,-0.04,-23.1,-4.1,0.0,-0.0,-19.0,-0.0,330,3363,0,10,-20
1463,208.81,29154,355.88,355.85,-0.04,-23.7,-4.1,0.0,-0.0,-19.6,-0.0,230,3258,0,6,-22
1464,208.98,29148,355.81,355.77,-0.04,-22.2,-4.1,0.0,-0.0,-18.1,-0.0,155,3189,0,4,-21
1465,209.07,29145,355.77,355.72,-0.05,-25.7,-5.5,0.0,-0.0,-20.2,-0.0,117,3145,0,3,-25
1466,209.24,29140,355.71,355.64,-0.07,-26.3,-8.2,0.0,0.0,-18.1,-0.0,55,3087,0,1,-25
1467,209.40,29131,355.60,355.56,-0.05,-22.7,-5.5,0.0,-0.0,-17.2,-0.0,4038,2978,0,-3,-22
1468,209.49,29128,355.57,355.51,-0.06,-26.7,-6.8,0.0,-0.0,-19.9,-0.0,4001,2935,0,-5,-25
1469,209.65,29124,355.52,355.43,-0.09,-26.8,-9.5,0.0,-0.0,-17.2,-0.0,3951,2894,0,-7,-25
1470,209.83,29111,355.36,355.34,-0.01,-20.1,-1.4,0.0,0.0,-18.7,-0.0,3788,2715,0,-10,-17
1471,209.91,29109,355.33,355.30,-0.04,-23.4,-4.1,0.0,0.0,-19.3,-0.0,3763,2690,0,-13,-19
1472,210.09,29104,355.27,355.21,-0.06,-26.4,-6.8,0.0,-0.0,-19.6,-0.0,3701,2635,0,-16,-20
1473,210.25,29096,355.18,355.13,-0.05,-23.6,-5.5,0.0,0.0,-18.1,-0.0,3601,2534,0,-17,-16
1474,210.35,29091,355.11,355.09,-0.02,-22.9,-2.7,0.0,0.0,-20.2,-0.0,3538,2461,0,-18,-13
1475,210.51,29084,355.03,355.00,-0.02,-20.6,-2.7,0.0,-0.0,-17.8,-0.0,3451,2388,0,-17,-10
1476,210.68,29079,354.97,354.92,-0.05,-23.0,-5.5,0.0,0.0,-17.5,-0.0,3388,2321,0,-20,-9
1477,210.76,29071,354.87,354.88,0.01,-18.2,1.4,0.0,0.0,-19.6,-0.0,3288,2211,0,-17,-4
1478,210.93,29063,354.77,354.79,0.02,-15.1,2.7,0.0,0.0,-17.8,-0.0,3188,2116,0,-15,-2
1479,211.10,29058,354.71,354.71,0.00,-18.4,0.0,0.0,0.0,-18.4,-0.0,3126,2057,0,-18,0
1480,211.19,29055,354.68,354.66,-0.01,-21.9,-1.4,0.0,0.0,-20.5,-0.0,3088,2016,0,-21,1
1481,211.37,29046,354.57,354.58,0.01,-17.1,1.4,0.0,0.0,-18.4,-0.0,2976,1904,0,-16,4
1482,211.53,29037,354.46,354.49,0.04,-13.4,4.1,0.0,-0.0,-17.5,-0.0,2863,1801,0,-12,5
1483,211.62,29036,354.44,354.45,0.00,-19.9,0.0,0.0,-0.0,-19.9,-0.0,2851,1784,0,-18,8
1484,211.80,29025,354.31,354.36,0.05,-13.3,5.5,0.0,0.0,-18.7,-0.0,2713,1640,0,-10,8
1485,211.96,29017,354.21,354.28,0.06,-10.7,6.8,0.0,0.0,-17.5,-0.0,2613,1540,0,-7,7
1486,212.05,29012,354.15,354.23,0.09,-10.1,9.5,0.0,0.0,-19.6,-0.0,2551,1474,0,-6,8
1487,212.22,29006,354.08,354.15,0.07,-9.7,8.2,0.0,0.0,-17.8,-0.0,2476,1408,0,-5,8
1488,212.39,29000,354.00,354.06,0.06,-12.2,6.8,0.0,0.0,-19.0,-0.0,2401,1331,0,-5,11
1489,212.48,28995,353.94,354.02,0.07,-11.7,8.2,0.0,0.0,-19.9,-0.0,2338,1266,0,-4,11
1490,212.65,28989,353.87,353.93,0.06,-10.7,6.8,0.0,0.0,-17.5,-0.0,2263,1200,0,-3,10
1491,212.82,28982,353.78,353.85,0.06,-11.6,6.8,0.0,-0.0,-18.4,-0.0,2176,1112,0,-2,11
1492,212.90,28978,353.74,353.81,0.07,-11.4,8.2,0.0,0.0,-19.6,-0.0,2126,1058,0,-1,11
1493,213.08,28968,353.61,353.72,0.11,-6.8,12.3,0.0,0.0,-19.0,-0.0,2001,928,0,1,6
1494,213.24,28961,353.53,353.64,0.11,-5.0,12.3,0.0,0.0,-17.2,-0.0,1913,844,0,1,5
1495,213.34,28958,353.49,353.59,0.10,-9.3,10.9,0.0,0.0,-20.2,-0.0,1876,802,0,3,8
1496,213.51,28953,353.43,353.50,0.07,-9.4,8.2,0.0,0.0,-17.5,-0.0,1813,749,0,4,8
1497,213.68,28944,353.32,353.42,0.10,-8.1,10.9,0.0,0.0,-19.0,-0.0,1701,632,0,4,6
1498,213.76,28940,353.27,353.38,0.11,-6.5,12.3,0.0,0.0,-18.7,-0.0,1651,585,0,4,5
1499,213.93,28936,353.22,353.29,0.07,-9.4,8.2,0.0,-0.0,-17.5,-0.0,1601,542,0,6,7
1500,214.11,28929,353.14,353.21,0.07,-11.4,8.2,0.0,-0.0,-19.6,-0.0,1513,448,0,9,7
1501,214.19,28927,353.11,353.16,0.05,-13.6,5.5,0.0,-0.0,-19.0,-0.0,1488,424,0,10,8
1502,214.36,28920,353.03,353.08,0.05,-13.3,5.5,0.0,-0.0,-18.7,-0.0,1401,341,0,11,6
1503,214.53,28916,352.98,352.99,0.01,-16.5,1.4,0.0,-0.0,-17.8,-0.0,1351,294,0,14,7
1504,214.61,28912,352.93,352.95,0.02,-16.3,2.7,0.0,-0.0,-19.0,-0.0,1301,241,0,15,6
1505,214.79,28903,352.82,352.86,0.05,-13.9,5.5,0.0,-0.0,-19.3,-0.0,1188,124,0,13,3
1506,214.96,28896,352.73,352.78,0.05,-12.7,5.5,0.0,0.0,-18.1,-0.0,1101,36,0,12,1
1507,215.05,28894,352.71,352.73,0.02,-17.5,2.7,0.0,-0.0,-20.2,-0.0,1076,10,0,17,0
1508,215.22,28889,352.65,352.65,0.00,-18.1,0.0,0.0,-0.0,-18.1,-0.0,1013,4046,0,18,-1
1509,215.38,28885,352.60,352.57,-0.04,-21.6,-4.1,0.0,-0.0,-17.5,-0.0,963,4004,0,21,-3
1510,215.47,28883,352.58,352.52,-0.05,-25.4,-5.5,0.0,-0.0,-19.9,-0.0,938,3978,0,24,-4
1511,215.63,28879,352.53,352.44,-0.09,-26.5,-9.5,0.0,-0.0,-17.0,-0.0,888,3936,0,25,-6
1512,215.80,28869,352.40,352.36,-0.05,-25.1,-5.5,0.0,-0.0,-19.6,-0.0,763,3799,0,22,-11
1513,215.89,28865,352.36,352.31,-0.05,-25.4,-5.5,0.0,-0.0,-19.9,-0.0,713,3746,0,21,-13
1514,216.06,28859,352.28,352.23,-0.05,-23.0,-5.5,0.0,-0.0,-17.5,-0.0,638,3673,0,18,-13
1515,216.22,28854,352.22,352.15,-0.07,-25.7,-8.2,0.0,-0.0,-17.5,-0.0,576,3611,0,18,-17
1516,216.39,28847,352.14,352.06,-0.07,-27.5,-8.2,0.0,0.0,-19.3,-0.0,488,3516,0,17,-21
1517,216.48,28844,352.10,352.02,-0.09,-28.6,-9.5,0.0,-0.0,-19.0,-0.0,451,3485,0,16,-22
1518,216.65,28838,352.03,351.94,-0.09,-27.1,-9.5,0.0,-0.0,-17.5,-0.0,376,3413,0,13,-23
1519,216.82,28830,351.93,351.85,-0.09,-28.0,-9.5,0.0,-0.0,-18.4,-0.0,276,3311,0,10,-25
1520,216.90,28825,351.87,351.81,-0.06,-25.5,-6.8,0.0,0.0,-18.7,-0.0,213,3241,0,6,-24
1521,217.07,28818,351.78,351.72,-0.06,-25.5,-6.8,0.0,0.0,-18.7,-0.0,126,3154,0,3,-25
1522,217.25,28813,351.72,351.64,-0.09,-27.4,-9.5,0.0,0.0,-17.8,-0.0,63,3093,0,1,-27
1523,217.34,28808,351.66,351.59,-0.07,-28.1,-8.2,0.0,0.0,-19.9,-0.0,1,3026,0,-2,-27
1524,217.51,28798,351.54,351.50,-0.04,-21.9,-4.1,0.0,0.0,-17.8,-0.0,3972,2902,0,-5,-21
1525,217.66,28795,351.50,351.43,-0.07,-25.1,-8.2,0.0,-0.0,-17.0,-0.0,3934,2874,0,-7,-23
1526,217.76,28791,351.45,351.38,-0.07,-29.3,-8.2,0.0,-0.0,-21.1,-0.0,3884,2814,0,-11,-26
1527,217.92,28783,351.35,351.30,-0.06,-24.7,-6.8,0.0,0.0,-17.8,-0.0,3784,2717,0,-12,-20
1528,218.10,28774,351.25,351.21,-0.04,-22.2,-4.1,0.0,-0.0,-18.1,-0.0,3672,2610,0,-14,-16
1529,218.18,28771,351.21,351.17,-0.04,-23.1,-4.1,0.0,0.0,-19.0,-0.0,3634,2568,0,-16,-16
1530,218.35,28760,351.07,351.08,0.01,-16.2,1.4,0.0,0.0,-17.5,-0.0,3497,2424,0,-13,-9
1531,218.52,28752,350.98,351.00,0.02,-15.7,2.7,0.0,0.0,-18.4,-0.0,3397,2319,0,-14,-6
1532,218.61,28746,350.90,350.95,0.05,-13.6,5.5,0.0,0.0,-19.0,-0.0,3322,2242,0,-13,-4
1533,218.78,28740,350.83,350.87,0.04,-14.3,4.1,0.0,0.0,-18.4,-0.0,3247,2173,0,-14,-3
1534,218.94,28734,350.76,350.79,0.02,-14.8,2.7,0.0,0.0,-17.5,-0.0,3172,2103,0,-14,-1
1535,219.03,28729,350.70,350.74,0.05,-13.6,5.5,0.0,0.0,-19.0,-0.0,3109,2038,0,-13,0
1536,219.20,28721,350.60,350.66,0.06,-12.2,6.8,0.0,0.0,-19.0,-0.0,3009,1938,0,-12,2
1537,219.37,28715,350.52,350.57,0.05,-11.8,5.5,0.0,0.0,-17.2,-0.0,2934,1869,0,-11,3
1538,219.53,28707,350.43,350.49,0.06,-11.0,6.8,0.0,0.0,-17.8,-0.0,2834,1769,0,-10,4
1539,219.62,28702,350.37,350.45,0.09,-9.5,9.5,0.0,0.0,-19.0,-0.0,2772,1698,0,-8,5
1540,219.78,28696,350.29,350.37,0.07,-10.0,8.2,0.0,0.0,-18.1,-0.0,2697,1630,0,-8,6
1541,219.95,28690,350.22,350.28,0.06,-10.7,6.8,0.0,0.0,-17.5,-0.0,2622,1556,0,-8,7
1542,220.04,28684,350.15,350.24,0.10,-7.5,10.9,0.0,0.0,-18.4,-0.0,2547,1476,0,-5,6
1543,220.20,28677,350.06,350.16,0.10,-6.6,10.9,0.0,0.0,-17.5,-0.0,2459,1392,0,-3,5
1544,220.38,28668,349.95,350.07,0.12,-5.1,13.6,0.0,0.0,-18.7,-0.0,2347,1277,0,-2,5
1545,220.53,28660,349.85,349.99,0.13,-2.8,15.0,0.0,0.0,-17.8,-0.0,2247,1174,0,-1,3
1546,220.62,28658,349.83,349.95,0.12,-6.3,13.6,0.0,0.0,-19.9,-0.0,2222,1146,0,-1,6
1547,220.79,28653,349.77,349.86,0.10,-7.8,10.9,0.0,0.0,-18.7,-0.0,2159,1089,0,-1,8
1548,220.95,28646,349.68,349.78,0.10,-6.6,10.9,0.0,-0.0,-17.5,-0.0,2072,1011,0,0,6
1549,221.04,28644,349.66,349.74,0.09,-10.1,9.5,0.0,-0.0,-19.6,-0.0,2047,984,0,1,10
1550,221.21,28637,349.57,349.65,0.09,-9.2,9.5,0.0,-0.0,-18.7,-0.0,1959,900,0,2,9
1551,221.38,28628,349.46,349.57,0.10,-8.4,10.9,0.0,0.0,-19.3,-0.0,1847,779,0,3,8
1552,221.47,28623,349.40,349.52,0.12,-5.4,13.6,0.0,0.0,-19.0,-0.0,1784,714,0,2,5
1553,221.64,28618,349.34,349.44,0.10,-7.8,10.9,0.0,0.0,-18.7,-0.0,1722,657,0,4,6
1554,221.80,28612,349.27,349.36,0.09,-9.5,9.5,0.0,0.0,-19.0,-0.0,1647,578,0,6,7
1555,221.89,28610,349.24,349.31,0.07,-10.8,8.2,0.0,-0.0,-19.0,-0.0,1622,556,0,7,8
1556,222.06,28601,349.13,349.23,0.10,-8.4,10.9,0.0,0.0,-19.3,-0.0,1509,443,0,6,5
1557,222.23,28598,349.10,349.14,0.05,-12.7,5.5,0.0,-0.0,-18.1,-0.0,1472,416,0,10,7
1558,222.32,28595,349.06,349.10,0.04,-16.1,4.1,0.0,-0.0,-20.2,-0.0,1434,373,0,13,8
1559,222.48,28590,349.00,349.02,0.01,-15.9,1.4,0.0,-0.0,-17.2,-0.0,1372,318,0,14,7
1560,222.66,28582,348.90,348.93,0.02,-15.7,2.7,0.0,-0.0,-18.4,-0.0,1272,212,0,14,5
1561,222.75,28582,348.90,348.88,-0.02,-24.4,-2.7,0.0,-0.0,-21.7,-0.0,1272,215,0,22,8
1562,222.92,28574,348.80,348.80,0.00,-19.0,0.0,0.0,-0.0,-19.0,-0.0,1172,112,0,18,3
1563,223.09,28568,348.73,348.71,-0.02,-21.5,-2.7,0.0,-0.0,-18.7,-0.0,1097,37,0,21,1
1564,223.18,28565,348.69,348.67,-0.02,-21.8,-2.7,0.0,-0.0,-19.0,-0.0,1059,4093,0,21,0
1565,223.35,28560,348.63,348.58,-0.05,-24.8,-5.5,0.0,-0.0,-19.3,-0.0,997,4036,0,24,-2
1566,223.52,28554,348.56,348.50,-0.06,-24.4,-6.8,0.0,-0.0,-17.5,-0.0,922,3960,0,23,-5
1567,223.61,28552,348.54,348.45,-0.09,-29.5,-9.5,0.0,-0.0,-19.9,-0.0,897,3934,0,28,-7
1568,223.78,28548,348.49,348.37,-0.12,-32.1,-13.6,0.0,-0.0,-18.4,-0.0,847,3890,0,30,-10
1569,223.95,28541,348.40,348.28,-0.12,-31.2,-13.6,0.0,-0.0,-17.5,-0.0,759,3800,0,27,-13
1570,224.03,28538,348.36,348.24,-0.12,-33.2,-13.6,0.0,-0.0,-19.6,-0.0,722,3759,0,28,-16
1571,224.20,28530,348.27,348.16,-0.11,-29.8,-12.3,0.0,-0.0,-17.5,-0.0,622,3660,0,23,-18
1572,224.37,28522,348.17,348.07,-0.10,-29.9,-10.9,0.0,-0.0,-19.0,-0.0,522,3554,0,20,-21
1573,224.46,28519,348.13,348.03,-0.10,-29.9,-10.9,0.0,0.0,-19.0,-0.0,484,3511,0,18,-23
1574,224.63,28510,348.02,347.95,-0.07,-25.7,-8.2,0.0,0.0,-17.5,-0.0,372,3400,0,12,-22
1575,224.80,28505,347.96,347.86,-0.11,-31.0,-12.3,0.0,0.0,-18.7,-0.0,309,3336,0,12,-28
1576,224.89,28501,347.91,347.81,-0.10,-30.5,-10.9,0.0,0.0,-19.6,-0.0,259,3286,0,10,-28
1577,225.06,28494,347.83,347.73,-0.10,-29.6,-10.9,0.0,0.0,-18.7,-0.0,172,3203,0,6,-28
1578,225.23,28487,347.74,347.64,-0.10,-28.8,-10.9,0.0,-0.0,-17.8,-0.0,84,3117,0,2,-28
1579,225.32,28485,347.72,347.60,-0.12,-33.8,-13.6,0.0,-0.0,-20.2,-0.0,59,3091,0,1,-33
1580,225.49,28474,347.58,347.51,-0.07,-25.7,-8.2,0.0,0.0,-17.5,-0.0,4018,2951,0,-5,-24
1581,225.67,28470,347.53,347.43,-0.11,-31.0,-12.3,0.0,0.0,-18.7,-0.0,3968,2902,0,-8,-29
1582,225.75,28465,347.47,347.38,-0.09,-28.6,-9.5,0.0,0.0,-19.0,-0.0,3905,2837,0,-10,-26
1583,225.92,28458,347.39,347.30,-0.09,-28.0,-9.5,0.0,0.0,-18.4,-0.0,3818,2751,0,-13,-24
1584,226.09,28445,347.23,347.21,-0.01,-19.8,-1.4,0.0,0.0,-18.4,-0.0,3655,2579,0,-13,-14
1585,226.17,28441,347.18,347.17,-0.01,-20.1,-1.4,0.0,0.0,-18.7,-0.0,3605,2531,0,-14,-13
1586,226.35,28431,347.06,347.08,0.02,-16.3,2.7,0.0,0.0,-19.0,-0.0,3480,2396,0,-14,-8
1587,226.52,28421,346.94,347.00,0.06,-11.9,6.8,0.0,0.0,-18.7,-0.0,3355,2268,0,-11,-4
1588,226.61,28418,346.90,346.95,0.05,-14.5,5.5,0.0,0.0,-19.9,-0.0,3318,2231,0,-13,-4
1589,226.78,28412,346.83,346.87,0.04,-14.9,4.1,0.0,0.0,-19.0,-0.0,3243,2169,0,-14,-3
1590,226.95,28405,346.74,346.78,0.05,-12.7,5.5,0.0,0.0,-18.1,-0.0,3155,2086,0,-12,-1
1591,227.04,28401,346.69,346.74,0.05,-14.5,5.5,0.0,0.0,-19.9,-0.0,3105,2033,0,-14,0
1592,227.21,28390,346.56,346.65,0.10,-7.2,10.9,0.0,0.0,-18.1,-0.0,2968,1899,0,-7,2
1593,227.38,28383,346.47,346.57,0.10,-8.4,10.9,0.0,0.0,-19.3,-0.0,2880,1805,0,-8,3
1594,227.46,28379,346.42,346.53,0.10,-8.1,10.9,0.0,0.0,-19.0,-0.0,2830,1756,0,-7,3
1595,227.64,28372,346.34,346.44,0.10,-8.1,10.9,0.0,0.0,-19.0,-0.0,2743,1669,0,-7,4
1596,227.80,28365,346.25,346.36,0.11,-6.8,12.3,0.0,0.0,-19.0,-0.0,2655,1584,0,-5,4
1597,227.89,28359,346.18,346.31,0.13,-4.9,15.0,0.0,0.0,-19.9,-0.0,2580,1506,0,-3,4
1598,228.06,28353,346.11,346.23,0.12,-4.2,13.6,0.0,0.0,-17.8,-0.0,2505,1438,0,-2,3
1599,228.22,28343,345.98,346.15,0.16,-0.1,17.7,0.0,0.0,-17.8,-0.0,2380,1308,0,0,0
1600,228.38,28337,345.91,346.07,0.16,-0.1,17.7,0.0,0.0,-17.8,-0.0,2305,1236,0,0,0
1601,228.47,28333,345.86,346.02,0.16,-1.3,17.7,0.0,0.0,-19.0,-0.0,2255,1181,0,0,1
1602,228.64,28327,345.79,345.94,0.15,-1.2,16.4,0.0,0.0,-17.5,-0.0,2180,1117,0,0,1
1603,228.80,28320,345.70,345.86,0.16,0.8,17.7,0.0,0.0,-17.0,-0.0,2093,3079,0,0,-1
1604,228.89,28318,345.68,345.81,0.13,-4.6,15.0,0.0,-0.0,-19.6,-0.0,2068,1004,0,0,4
1605,229.06,28309,345.57,345.73,0.16,-0.4,17.7,0.0,0.0,-18.1,-0.0,1955,890,0,0,0
1606,229.24,28303,345.50,345.64,0.15,-3.0,16.4,0.0,0.0,-19.3,-0.0,1880,814,0,1,3
1607,229.32,28299,345.45,345.60,0.15,-2.7,16.4,0.0,0.0,-19.0,-0.0,1830,763,0,1,2
1608,229.49,28296,345.41,345.51,0.10,-8.1,10.9,0.0,-0.0,-19.0,-0.0,1793,733,0,3,7
1609,229.66,28287,345.30,345.43,0.12,-3.9,13.6,0.0,-0.0,-17.5,-0.0,1680,621,0,2,3
1610,229.75,28286,345.29,345.38,0.10,-8.7,10.9,0.0,-0.0,-19.6,-0.0,1668,608,0,5,7
1611,229.93,28280,345.21,345.30,0.09,-8.9,9.5,0.0,-0.0,-18.4,-0.0,1593,535,0,6,6
1612,230.09,28277,345.18,345.21,0.04,-14.3,4.1,0.0,-0.0,-18.4,-0.0,1555,500,0,10,10
1613,230.18,28275,345.15,345.17,0.01,-18.5,1.4,0.0,-0.0,-19.9,-0.0,1530,473,0,13,12
1614,230.35,28267,345.06,345.08,0.02,-14.8,2.7,0.0,-0.0,-17.5,-0.0,1430,378,0,12,8
1615,230.51,28262,345.00,345.00,0.00,-17.2,0.0,0.0,-0.0,-17.2,-0.0,1368,313,0,15,8
1616,230.61,28256,344.92,344.96,0.04,-15.8,4.1,0.0,-0.0,-19.9,-0.0,1293,230,0,14,5
1617,230.78,28253,344.89,344.87,-0.01,-20.4,-1.4,0.0,-0.0,-19.0,-0.0,1255,194,0,19,6
1618,230.95,28246,344.80,344.78,-0.01,-19.8,-1.4,0.0,-0.0,-18.4,-0.0,1168,107,0,19,3
1619,231.04,28244,344.78,344.74,-0.04,-23.7,-4.1,0.0,-0.0,-19.6,-0.0,1143,83,0,23,3
1620,231.21,28239,344.71,344.65,-0.06,-26.1,-6.8,0.0,-0.0,-19.3,-0.0,1080,21,0,25,1
1621,231.38,28234,344.65,344.57,-0.09,-27.7,-9.5,0.0,-0.0,-18.1,-0.0,1018,4061,0,27,-1
1622,231.47,28232,344.63,344.52,-0.11,-32.8,-12.3,0.0,-0.0,-20.5,-0.0,993,4031,0,32,-3
1623,231.64,28225,344.54,344.44,-0.11,-30.1,-12.3,0.0,-0.0,-17.8,-0.0,905,3947,0,28,-7
1624,231.81,28220,344.48,344.35,-0.13,-33.7,-15.0,0.0,-0.0,-18.7,-0.0,843,3882,0,31,-11
1625,231.90,28216,344.43,344.31,-0.12,-34.4,-13.6,0.0,-0.0,-20.8,-0.0,793,3827,0,31,-13
1626,232.07,28210,344.36,344.22,-0.13,-33.1,-15.0,0.0,-0.0,-18.1,-0.0,718,3755,0,28,-16
1627,232.16,28204,344.29,344.18,-0.11,-32.5,-12.3,0.0,0.0,-20.2,-0.0,643,3670,0,25,-19
1628,232.33,28201,344.25,344.09,-0.16,-36.2,-17.7,0.0,-0.0,-18.4,-0.0,605,3642,0,27,-22
1629,232.49,28193,344.15,344.01,-0.15,-34.5,-16.4,0.0,-0.0,-18.1,-0.0,505,3538,0,22,-25
1630,232.66,28185,344.06,343.93,-0.13,-33.4,-15.0,0.0,-0.0,-18.4,-0.0,405,3438,0,17,-27
1631,232.75,28182,344.02,343.88,-0.13,-33.7,-15.0,0.0,0.0,-18.7,-0.0,368,3398,0,16,-29
1632,232.92,28177,343.96,343.80,-0.16,-36.2,-17.7,0.0,-0.0,-18.4,-0.0,305,3338,0,14,-32
1633,233.09,28165,343.81,343.71,-0.10,-29.0,-10.9,0.0,0.0,-18.1,-0.0,155,3180,0,5,-28
1634,233.18,28161,343.76,343.67,-0.10,-31.4,-10.9,0.0,0.0,-20.5,-0.0,105,3125,0,2,-30
1635,233.35,28155,343.69,343.58,-0.11,-30.4,-12.3,0.0,0.0,-18.1,-0.0,30,3058,0,-1,-29
1636,233.52,28145,343.57,343.50,-0.07,-26.3,-8.2,0.0,0.0,-18.1,-0.0,4001,2926,0,-6,-25
1637,233.61,28142,343.53,343.45,-0.07,-28.1,-8.2,0.0,0.0,-19.9,-0.0,3964,2885,0,-8,-26
1638,233.78,28131,343.40,343.37,-0.02,-21.2,-2.7,0.0,0.0,-18.4,-0.0,3826,2752,0,-10,-18
1639,233.87,28129,343.37,343.32,-0.05,-26.3,-5.5,0.0,0.0,-20.8,-0.0,3801,2724,0,-13,-22
1640,234.04,28121,343.27,343.24,-0.04,-22.5,-4.1,0.0,0.0,-18.4,-0.0,3701,2628,0,-14,-17
1641,234.21,28112,343.16,343.15,-0.01,-19.8,-1.4,0.0,0.0,-18.4,-0.0,3589,2517,0,-14,-13
1642,234.30,28105,343.08,343.11,0.02,-16.6,2.7,0.0,0.0,-19.3,-0.0,3501,2420,0,-14,-9
1643,234.47,28098,342.99,343.02,0.02,-16.0,2.7,0.0,0.0,-18.7,-0.0,3414,2341,0,-14,-7
1644,234.64,28088,342.87,342.94,0.07,-9.4,8.2,0.0,0.0,-17.5,-0.0,3289,2211,0,-9,-2
1645,234.73,28081,342.79,342.89,0.11,-7.9,12.3,0.0,0.0,-20.2,-0.0,3201,2112,0,-8,-1
1646,234.90,28075,342.71,342.81,0.10,-7.5,10.9,0.0,0.0,-18.4,-0.0,3126,2048,0,-7,0
1647,235.07,28067,342.61,342.72,0.11,-5.3,12.3,0.0,0.0,-17.5,-0.0,3026,1956,0,-5,1
1648,235.15,28065,342.59,342.68,0.10,-7.5,10.9,0.0,0.0,-18.4,-0.0,3001,1928,0,-7,1
1649,235.32,28055,342.47,342.60,0.13,-2.5,15.0,0.0,0.0,-17.5,-0.0,2876,1806,0,-2,1
1650,235.48,28049,342.40,342.52,0.12,-3.9,13.6,0.0,0.0,-17.5,-0.0,2801,1735,0,-3,2
1651,235.65,28039,342.27,342.43,0.16,-0.7,17.7,0.0,0.0,-18.4,-0.0,2676,1603,0,-1,0
1652,235.74,28035,342.22,342.39,0.16,-1.9,17.7,0.0,0.0,-19.6,-0.0,2626,1551,0,-1,1
1653,235.92,28027,342.13,342.30,0.17,0.1,19.1,0.0,0.0,-19.0,-0.0,2526,3503,0,0,0
1654,236.01,28024,342.09,342.25,0.16,-2.5,17.7,0.0,0.0,-20.2,-0.0,2489,1416,0,-1,2
1655,236.18,28015,341.98,342.17,0.20,4.6,21.8,0.0,0.0,-17.2,-0.0,2376,3354,0,2,-4
1656,236.34,28011,341.93,342.09,0.16,0.2,17.7,0.0,0.0,-17.5,-0.0,2326,3311,0,0,0
1657,236.52,28004,341.85,342.00,0.16,-1.6,17.7,0.0,-0.0,-19.3,-0.0,2239,1174,0,0,2
1658,236.60,28000,341.80,341.96,0.16,-1.9,17.7,0.0,-0.0,-19.6,-0.0,2189,1122,0,0,2
1659,236.76,27993,341.71,341.88,0.17,1.0,19.1,0.0,0.0,-18.1,-0.0,2101,3084,0,0,-1
1660,236.92,27987,341.64,341.80,0.16,-0.7,17.7,0.0,-0.0,-18.4,-0.0,2026,965,0,0,1
1661,237.01,27984,341.60,341.75,0.15,-3.8,16.4,0.0,-0.0,-20.2,-0.0,1989,920,0,1,4
1662,237.18,27979,341.54,341.67,0.12,-4.8,13.6,0.0,-0.0,-18.4,-0.0,1926,864,0,1,5
1663,237.35,27976,341.50,341.59,0.09,-8.6,9.5,0.0,-0.0,-18.1,-0.0,1889,835,0,2,8
1664,237.43,27973,341.47,341.54,0.07,-12.0,8.2,0.0,-0.0,-20.2,-0.0,1851,794,0,4,11
1665,237.60,27962,341.33,341.46,0.12,-3.9,13.6,0.0,-0.0,-17.5,-0.0,1714,655,0,2,3
1666,237.77,27957,341.27,341.37,0.10,-7.2,10.9,0.0,-0.0,-18.1,-0.0,1651,590,0,4,6
1667,237.94,27953,341.22,341.29,0.06,-11.0,6.8,0.0,-0.0,-17.8,-0.0,1601,544,0,7,8
1668,238.03,27947,341.15,341.24,0.10,-8.7,10.9,0.0,0.0,-19.6,-0.0,1526,456,0,6,5
1669,238.20,27939,341.05,341.16,0.11,-6.2,12.3,0.0,0.0,-18.4,-0.0,1426,360,0,5,3
1670,238.36,27939,341.05,341.08,0.02,-15.1,2.7,0.0,-0.0,-17.8,-0.0,1426,373,0,12,8
1671,238.45,27937,341.03,341.03,0.00,-19.6,0.0,0.0,-0.0,-19.6,-0.0,1401,346,0,16,10
1672,238.62,27928,340.92,340.95,0.02,-14.8,2.7,0.0,-0.0,-17.5,-0.0,1289,230,0,13,5
1673,238.80,27927,340.91,340.86,-0.05,-25.1,-5.5,0.0,-0.0,-19.6,-0.0,1276,228,0,23,8
1674,238.89,27925,340.88,340.81,-0.07,-28.1,-8.2,0.0,-0.0,-19.9,-0.0,1251,205,0,26,8
1675,239.06,27919,340.81,340.73,-0.07,-26.0,-8.2,0.0,-0.0,-17.8,-0.0,1176,124,0,25,5
1676,239.22,27913,340.73,340.65,-0.09,-27.1,-9.5,0.0,-0.0,-17.5,-0.0,1101,49,0,26,2
1677,239.31,27910,340.70,340.60,-0.10,-29.9,-10.9,0.0,-0.0,-19.0,-0.0,1064,13,0,29,1
1678,239.48,27902,340.60,340.52,-0.09,-28.6,-9.5,0.0,-0.0,-19.0,-0.0,964,3998,0,27,-4
1679,239.65,27897,340.54,340.43,-0.11,-31.0,-12.3,0.0,-0.0,-18.7,-0.0,901,3937,0,29,-7
1680,239.75,27895,340.52,340.39,-0.12,-33.2,-13.6,0.0,-0.0,-19.6,-0.0,876,3910,0,31,-9
1681,239.91,27891,340.47,340.30,-0.17,-36.6,-19.1,0.0,-0.0,-17.5,-0.0,826,3867,0,33,-12
1682,240.08,27882,340.36,340.22,-0.15,-35.4,-16.4,0.0,-0.0,-19.0,-0.0,714,3748,0,30,-17
1683,240.17,27881,340.34,340.17,-0.17,-37.8,-19.1,0.0,-0.0,-18.7,-0.0,701,3742,0,31,-19
1684,240.33,27871,340.22,340.09,-0.13,-32.8,-15.0,0.0,-0.0,-17.8,-0.0,576,3611,0,23,-22
1685,240.51,27865,340.15,340.00,-0.15,-34.8,-16.4,0.0,-0.0,-18.4,-0.0,501,3533,0,22,-26
1686,240.60,27862,340.11,339.96,-0.16,-37.3,-17.7,0.0,0.0,-19.6,-0.0,464,3490,0,22,-29
1687,240.76,27854,340.01,339.88,-0.13,-32.0,-15.0,0.0,0.0,-17.0,-0.0,364,3398,0,15,-27
1688,240.93,27846,339.92,339.79,-0.12,-32.4,-13.6,0.0,0.0,-18.7,-0.0,264,3292,0,10,-30
1689,241.02,27843,339.88,339.75,-0.13,-34.3,-15.0,0.0,0.0,-19.3,-0.0,226,3255,0,9,-32
1690,241.19,27837,339.81,339.66,-0.15,-34.8,-16.4,0.0,0.0,-18.4,-0.0,151,3181,0,6,-33
1691,241.35,27828,339.70,339.58,-0.11,-30.4,-12.3,0.0,0.0,-18.1,-0.0,39,3066,0,0,-29
1692,241.45,27822,339.62,339.54,-0.09,-30.1,-9.5,0.0,0.0,-20.5,-0.0,4060,2983,0,-4,-29
1693,241.61,27814,339.53,339.45,-0.07,-26.0,-8.2,0.0,0.0,-17.8,-0.0,3960,2890,0,-7,-24
1694,241.79,27808,339.45,339.36,-0.10,-31.4,-10.9,0.0,0.0,-20.5,-0.0,3885,2814,0,-12,-28
1695,241.88,27803,339.39,339.32,-0.07,-27.2,-8.2,0.0,0.0,-19.0,-0.0,3822,2747,0,-13,-23
1696,242.05,27793,339.27,339.23,-0.04,-23.1,-4.1,0.0,0.0,-19.0,-0.0,3697,2621,0,-14,-17
1697,242.21,27785,339.17,339.15,-0.02,-20.0,-2.7,0.0,0.0,-17.2,-0.0,3597,2526,0,-14,-13
1698,242.30,27782,339.14,339.11,-0.02,-22.0,-2.7,0.0,0.0,-19.3,-0.0,3560,2487,0,-17,-13
1699,242.47,27769,338.98,339.02,0.05,-13.9,5.5,0.0,0.0,-19.3,-0.0,3397,2313,0,-12,-5
1700,242.64,27766,338.94,338.94,0.00,-18.7,0.0,0.0,0.0,-18.7,-0.0,3360,2288,0,-17,-7
1701,242.74,27762,338.89,338.89,0.00,-21.1,0.0,0.0,0.0,-21.1,-0.0,3310,2234,0,-20,-6
1702,242.91,27748,338.72,338.80,0.09,-8.6,9.5,0.0,0.0,-18.1,-0.0,3135,2058,0,-8,0
1703,243.08,27738,338.60,338.72,0.12,-5.7,13.6,0.0,0.0,-19.3,-0.0,3010,1928,0,-5,1
1704,243.17,27737,338.59,338.67,0.09,-10.4,9.5,0.0,0.0,-19.9,-0.0,2997,1923,0,-10,2
1705,243.34,27728,338.48,338.59,0.11,-6.5,12.3,0.0,0.0,-18.7,-0.0,2885,1805,0,-6,2
1706,243.49,27720,338.38,338.51,0.13,-4.0,15.0,0.0,0.0,-19.0,-0.0,2785,1706,0,-3,2
1707,243.58,27715,338.32,338.47,0.15,-2.7,16.4,0.0,0.0,-19.0,-0.0,2722,1647,0,-2,1
1708,243.75,27708,338.23,338.38,0.15,-2.4,16.4,0.0,0.0,-18.7,-0.0,2635,1565,0,-2,2
1709,243.91,27698,338.11,338.30,0.20,3.4,21.8,0.0,0.0,-18.4,-0.0,2510,3482,0,2,-3
1710,244.07,27690,338.01,338.22,0.21,4.5,23.2,0.0,0.0,-18.7,-0.0,2410,3380,0,2,-4
1711,244.15,27686,337.96,338.18,0.22,7.9,24.5,0.0,0.0,-16.6,-0.0,2360,3337,0,3,-7
1712,244.32,27680,337.89,338.10,0.21,5.3,23.2,0.0,0.0,-17.8,-0.0,2285,3261,0,1,-5
1713,244.49,27673,337.81,338.02,0.21,6.2,23.2,0.0,0.0,-17.0,-0.0,2197,3176,0,1,-6
1714,244.57,27670,337.77,337.97,0.21,3.3,23.2,0.0,0.0,-19.9,-0.0,2160,3138,0,0,-3
1715,244.74,27667,337.73,337.89,0.16,-1.3,17.7,0.0,-0.0,-19.0,-0.0,2122,1062,0,0,1
1716,244.91,27656,337.60,337.80,0.21,5.1,23.2,0.0,-0.0,-18.1,-0.0,1985,2971,0,-1,-5
1717,245.00,27652,337.55,337.76,0.21,3.9,23.2,0.0,0.0,-19.3,-0.0,1935,2916,0,-1,-4
1718,245.17,27645,337.46,337.67,0.21,5.3,23.2,0.0,0.0,-17.8,-0.0,1847,2831,0,-2,-5
1719,245.33,27636,337.35,337.59,0.23,7.5,25.9,0.0,0.0,-18.4,-0.0,1735,2711,0,-4,-6
1720,245.43,27635,337.34,337.54,0.21,2.7,23.2,0.0,0.0,-20.5,-0.0,1722,2693,0,-1,-2
1721,245.59,27629,337.27,337.46,0.20,3.4,21.8,0.0,-0.0,-18.4,-0.0,1647,2631,0,-2,-3
1722,245.76,27623,337.19,337.38,0.18,2.3,20.5,0.0,-0.0,-18.1,-0.0,1572,2556,0,-2,-2
1723,245.85,27620,337.16,337.33,0.17,-1.1,19.1,0.0,-0.0,-20.2,-0.0,1535,471,0,1,1
1724,246.02,27615,337.10,337.25,0.15,-2.1,16.4,0.0,-0.0,-18.4,-0.0,1472,417,0,2,1
1725,246.19,27608,337.01,337.16,0.15,-1.2,16.4,0.0,-0.0,-17.5,-0.0,1385,327,0,1,1
1726,246.35,27604,336.96,337.08,0.12,-4.2,13.6,0.0,-0.0,-17.8,-0.0,1335,279,0,4,2
1727,246.44,27601,336.93,337.04,0.11,-8.5,12.3,0.0,-0.0,-20.8,-0.0,1297,236,0,8,3
1728,246.61,27596,336.87,336.95,0.09,-9.5,9.5,0.0,-0.0,-19.0,-0.0,1235,179,0,9,2
1729,246.79,27590,336.79,336.86,0.07,-11.1,8.2,0.0,-0.0,-19.3,-0.0,1160,105,0,11,2
1730,246.86,27587,336.76,336.83,0.07,-8.5,8.2,0.0,-0.0,-16.6,-0.0,1122,70,0,8,1
1731,247.03,27582,336.69,336.74,0.05,-12.1,5.5,0.0,-0.0,-17.5,-0.0,1060,5,0,12,0
1732,247.20,27577,336.63,336.66,0.02,-14.8,2.7,0.0,-0.0,-17.5,-0.0,997,4038,0,14,-1
1733,247.29,27577,336.63,336.61,-0.02,-22.3,-2.7,0.0,-0.0,-19.6,-0.0,997,4039,0,22,-2
1734,247.46,27567,336.51,336.53,0.01,-17.1,1.4,0.0,-0.0,-18.4,-0.0,872,3910,0,16,-5
1735,247.63,27567,336.51,336.44,-0.07,-26.0,-8.2,0.0,-0.0,-17.8,-0.0,872,3919,0,24,-7
1736,247.72,27564,336.47,336.40,-0.07,-28.7,-8.2,0.0,-0.0,-20.5,-0.0,835,3878,0,26,-9
1737,247.89,27559,336.41,336.31,-0.10,-28.5,-10.9,0.0,-0.0,-17.5,-0.0,772,3819,0,25,-11
1738,248.06,27553,336.34,336.23,-0.11,-31.0,-12.3,0.0,-0.0,-18.7,-0.0,697,3739,0,26,-16
1739,248.15,27552,336.33,336.18,-0.15,-35.7,-16.4,0.0,-0.0,-19.3,-0.0,685,3734,0,29,-18
1740,248.32,27545,336.24,336.10,-0.15,-34.2,-16.4,0.0,-0.0,-17.8,-0.0,597,3638,0,25,-21
1741,248.49,27536,336.13,336.02,-0.12,-32.1,-13.6,0.0,-0.0,-18.4,-0.0,485,3518,0,20,-24
1742,248.57,27534,336.11,335.97,-0.13,-34.6,-15.0,0.0,-0.0,-19.6,-0.0,460,3493,0,20,-27
1743,248.75,27532,336.08,335.88,-0.20,-41.4,-21.8,0.0,-0.0,-19.6,-0.0,435,3474,0,23,-33
1744,248.92,27522,335.96,335.80,-0.16,-35.9,-17.7,0.0,0.0,-18.1,-0.0,310,3343,0,14,-32
1745,249.01,27521,335.95,335.76,-0.20,-40.8,-21.8,0.0,-0.0,-19.0,-0.0,297,3333,0,15,-36
1746,249.18,27513,335.85,335.67,-0.18,-38.0,-20.5,0.0,-0.0,-17.5,-0.0,197,3237,0,9,-36
1747,249.35,27504,335.74,335.58,-0.16,-36.8,-17.7,0.0,0.0,-19.0,-0.0,85,3113,0,2,-36
1748,249.44,27499,335.68,335.54,-0.15,-36.3,-16.4,0.0,0.0,-19.9,-0.0,22,3042,0,-2,-35
1749,249.61,27492,335.60,335.45,-0.15,-33.9,-16.4,0.0,0.0,-17.5,-0.0,4031,2965,0,-5,-32
1750,249.79,27484,335.50,335.36,-0.13,-34.3,-15.0,0.0,0.0,-19.3,-0.0,3931,2856,0,-11,-31
1751,249.87,27478,335.42,335.32,-0.10,-29.9,-10.9,0.0,0.0,-19.0,-0.0,3856,2780,0,-13,-26
1752,250.05,27470,335.33,335.24,-0.10,-29.6,-10.9,0.0,0.0,-18.7,-0.0,3756,2682,0,-16,-24
1753,250.13,27464,335.25,335.19,-0.06,-26.4,-6.8,0.0,0.0,-19.6,-0.0,3681,2603,0,-17,-19
1754,250.30,27460,335.21,335.11,-0.10,-28.5,-10.9,0.0,0.0,-17.5,-0.0,3631,2562,0,-19,-20
1755,250.46,27450,335.08,335.03,-0.06,-25.2,-6.8,0.0,0.0,-18.4,-0.0,3506,2431,0,-20,-14
1756,250.63,27441,334.97,334.94,-0.02,-20.9,-2.7,0.0,0.0,-18.1,-0.0,3393,2320,0,-18,-8
1757,250.72,27437,334.92,334.90,-0.02,-22.9,-2.7,0.0,0.0,-20.2,-0.0,3343,2265,0,-21,-7
1758,250.89,27425,334.78,334.81,0.04,-13.7,4.1,0.0,0.0,-17.8,-0.0,3193,2115,0,-13,-1
1759,251.07,27417,334.68,334.73,0.05,-13.9,5.5,0.0,0.0,-19.3,-0.0,3093,2011,0,-13,1
1760,251.15,27412,334.62,334.68,0.06,-12.2,6.8,0.0,0.0,-19.0,-0.0,3031,1950,0,-12,2
1761,251.32,27405,334.53,334.60,0.06,-12.2,6.8,0.0,0.0,-19.0,-0.0,2943,1865,0,-11,3
1762,251.49,27394,334.40,334.51,0.11,-5.6,12.3,0.0,0.0,-17.8,-0.0,2806,1732,0,-5,3
1763,251.58,27394,334.40,334.47,0.07,-10.8,8.2,0.0,0.0,-19.0,-0.0,2806,1735,0,-9,5
1764,251.75,27383,334.27,334.38,0.12,-5.1,13.6,0.0,0.0,-18.7,-0.0,2668,1593,0,-4,3
1765,251.92,27373,334.14,334.30,0.16,0.2,17.7,0.0,0.0,-17.5,-0.0,2543,3519,0,0,0
1766,252.01,27367,334.07,334.25,0.18,0.8,20.5,0.0,0.0,-19.6,-0.0,2468,3432,0,0,-1
1767,252.18,27362,334.01,334.17,0.16,-0.7,17.7,0.0,0.0,-18.4,-0.0,2406,1335,0,0,1
1768,252.35,27354,333.91,334.08,0.17,-0.2,19.1,0.0,0.0,-19.3,-0.0,2306,1229,0,0,0
1769,252.43,27350,333.86,334.04,0.18,3.8,20.5,0.0,0.0,-16.6,-0.0,2256,3235,0,1,-4
1770,252.59,27343,333.78,333.96,0.18,2.9,20.5,0.0,0.0,-17.5,-0.0,2168,3149,0,0,-3
1771,252.76,27337,333.70,333.88,0.17,1.9,19.1,0.0,0.0,-17.2,-0.0,2093,3079,0,0,-2
1772,252.85,27334,333.67,333.83,0.17,-1.1,19.1,0.0,0.0,-20.2,-0.0,2056,986,0,0,1
1773,253.02,27327,333.58,333.75,0.17,1.3,19.1,0.0,0.0,-17.8,-0.0,1968,2952,0,0,-1
1774,253.18,27319,333.48,333.67,0.18,2.6,20.5,0.0,0.0,-17.8,-0.0,1868,2852,0,-1,-2
1775,253.35,27312,333.40,333.58,0.18,2.3,20.5,0.0,0.0,-18.1,-0.0,1781,2765,0,-1,-2
1776,253.42,27309,333.36,333.55,0.18,3.8,20.5,0.0,0.0,-16.6,-0.0,1743,2728,0,-2,-3
1777,253.59,27302,333.28,333.46,0.18,2.9,20.5,0.0,0.0,-17.5,-0.0,1656,2640,0,-2,-2
1778,253.76,27298,333.23,333.38,0.15,-1.5,16.4,0.0,-0.0,-17.8,-0.0,1606,545,0,1,1
1779,253.92,27291,333.14,333.30,0.16,0.5,17.7,0.0,-0.0,-17.2,-0.0,1518,2507,0,0,0
1780,254.00,27289,333.12,333.26,0.13,-3.7,15.0,0.0,-0.0,-18.7,-0.0,1493,433,0,3,2
1781,254.17,27282,333.03,333.17,0.13,-3.7,15.0,0.0,-0.0,-18.7,-0.0,1406,345,0,3,2
1782,254.34,27278,332.98,333.09,0.11,-6.5,12.3,0.0,-0.0,-18.7,-0.0,1356,298,0,6,3
1783,254.43,27275,332.95,333.04,0.10,-9.0,10.9,0.0,-0.0,-19.9,-0.0,1318,257,0,8,3
1784,254.59,27267,332.85,332.96,0.11,-5.6,12.3,0.0,-0.0,-17.8,-0.0,1218,159,0,5,1
1785,254.76,27265,332.82,332.88,0.05,-11.8,5.5,0.0,-0.0,-17.2,-0.0,1193,141,0,11,2
1786,254.85,27261,332.78,332.83,0.06,-12.5,6.8,0.0,-0.0,-19.3,-0.0,1143,86,0,12,2
1787,255.01,27256,332.71,332.75,0.04,-13.1,4.1,0.0,-0.0,-17.2,-0.0,1081,26,0,13,1
1788,255.17,27251,332.65,332.67,0.01,-17.1,1.4,0.0,-0.0,-18.4,-0.0,1018,4058,0,17,-1
1789,255.34,27246,332.59,332.59,0.00,-18.4,0.0,0.0,-0.0,-18.4,-0.0,956,3999,0,18,-3
1790,255.43,27242,332.54,332.54,0.00,-19.6,0.0,0.0,-0.0,-19.6,-0.0,906,3941,0,18,-4
1791,255.60,27238,332.50,332.46,-0.04,-22.2,-4.1,0.0,-0.0,-18.1,-0.0,856,3898,0,21,-6
1792,255.76,27233,332.43,332.38,-0.05,-23.0,-5.5,0.0,-0.0,-17.5,-0.0,793,3835,0,21,-9
1793,255.84,27230,332.40,332.34,-0.06,-26.1,-6.8,0.0,-0.0,-19.3,-0.0,756,3795,0,23,-11
1794,256.01,27227,332.36,332.25,-0.11,-31.0,-12.3,0.0,-0.0,-18.7,-0.0,718,3761,0,26,-15
1795,256.18,27218,332.25,332.17,-0.09,-27.4,-9.5,0.0,-0.0,-17.8,-0.0,606,3646,0,20,-17
1796,256.27,27215,332.21,332.12,-0.10,-31.1,-10.9,0.0,-0.0,-20.2,-0.0,568,3602,0,22,-21
1797,256.44,27212,332.18,332.04,-0.15,-34.5,-16.4,0.0,-0.0,-18.1,-0.0,531,3573,0,23,-24
1798,256.61,27205,332.09,331.95,-0.13,-33.4,-15.0,0.0,-0.0,-18.4,-0.0,443,3479,0,19,-26
1799,256.70,27202,332.06,331.91,-0.15,-36.6,-16.4,0.0,-0.0,-20.2,-0.0,406,3438,0,19,-30
1800,256.87,27194,331.96,331.82,-0.13,-32.8,-15.0,0.0,-0.0,-17.8,-0.0,306,3344,0,13,-29
1801,257.05,27189,331.90,331.73,-0.16,-37.1,-17.7,0.0,-0.0,-19.3,-0.0,243,3276,0,11,-34
1802,257.13,27185,331.85,331.69,-0.16,-36.8,-17.7,0.0,-0.0,-19.0,-0.0,193,3224,0,8,-35
1803,257.31,27179,331.77,331.60,-0.17,-37.8,-19.1,0.0,-0.0,-18.7,-0.0,118,3152,0,4,-36
1804,257.48,27171,331.68,331.52,-0.16,-35.9,-17.7,0.0,-0.0,-18.1,-0.0,18,3051,0,-1,-35
1805,257.56,27169,331.65,331.48,-0.17,-38.1,-19.1,0.0,-0.0,-19.0,-0.0,4089,3027,0,-3,-37
1806,257.74,27160,331.54,331.39,-0.16,-37.9,-17.7,0.0,0.0,-20.2,-0.0,3977,2907,0,-9,-36
1807,257.91,27153,331.46,331.30,-0.16,-36.5,-17.7,0.0,0.0,-18.7,-0.0,3889,2822,0,-13,-33
1808,258.00,27147,331.38,331.26,-0.12,-33.6,-13.6,0.0,0.0,-19.9,-0.0,3814,2739,0,-16,-28
1809,258.16,27136,331.25,331.18,-0.07,-25.7,-8.2,0.0,0.0,-17.5,-0.0,3677,2604,0,-16,-19
1810,258.33,27128,331.15,331.09,-0.06,-24.7,-6.8,0.0,0.0,-17.8,-0.0,3577,2500,0,-18,-15
1811,258.42,27125,331.12,331.05,-0.07,-28.1,-8.2,0.0,0.0,-19.9,-0.0,3539,2459,0,-22,-16
1812,258.59,27118,331.03,330.96,-0.06,-25.2,-6.8,0.0,0.0,-18.4,-0.0,3452,2376,0,-21,-12
1813,258.76,27105,330.87,330.88,0.00,-18.7,0.0,0.0,0.0,-18.7,-0.0,3289,2212,0,-18,-5
1814,258.85,27103,330.85,330.83,-0.01,-20.4,-1.4,0.0,0.0,-19.0,-0.0,3264,2190,0,-19,-4
1815,259.02,27096,330.76,330.75,-0.01,-19.2,-1.4,0.0,0.0,-17.8,-0.0,3177,2107,0,-19,-2
1816,259.18,27087,330.65,330.67,0.01,-16.2,1.4,0.0,0.0,-17.5,-0.0,3064,1990,0,-16,1
1817,259.27,27081,330.58,330.62,0.05,-14.5,5.5,0.0,0.0,-19.9,-0.0,2989,1906,0,-14,3
1818,259.44,27071,330.46,330.54,0.07,-10.8,8.2,0.0,0.0,-19.0,-0.0,2864,1788,0,-10,4
1819,259.61,27062,330.35,330.45,0.11,-5.3,12.3,0.0,0.0,-17.5,-0.0,2752,1674,0,-4,3
1820,259.71,27057,330.29,330.41,0.12,-7.2,13.6,0.0,0.0,-20.8,-0.0,2689,1601,0,-5,4
1821,259.87,27048,330.18,330.32,0.15,-2.1,16.4,0.0,0.0,-18.4,-0.0,2577,1496,0,-1,1
1822,260.04,27042,330.10,330.24,0.13,-2.5,15.0,0.0,0.0,-17.5,-0.0,2502,1432,0,-1,2
1823,260.13,27037,330.04,330.19,0.15,-3.6,16.4,0.0,0.0,-19.9,-0.0,2439,1361,0,-2,3
1824,260.30,27028,329.93,330.11,0.18,2.6,20.5,0.0,0.0,-17.8,-0.0,2327,3303,0,1,-2
1825,260.47,27021,329.85,330.02,0.17,1.6,19.1,0.0,0.0,-17.5,-0.0,2239,3218,0,0,-1
1826,260.55,27018,329.81,329.98,0.17,0.1,19.1,0.0,0.0,-19.0,-0.0,2202,3180,0,0,0
1827,260.72,27010,329.71,329.90,0.18,3.8,20.5,0.0,0.0,-16.6,-0.0,2102,3083,0,0,-4
1828,260.89,27002,329.61,329.81,0.20,4.0,21.8,0.0,0.0,-17.8,-0.0,2002,2981,0,-1,-4
1829,260.98,26997,329.55,329.77,0.21,2.1,23.2,0.0,0.0,-21.1,-0.0,1939,2911,0,0,-2
1830,261.15,26991,329.48,329.68,0.20,3.7,21.8,0.0,0.0,-18.1,-0.0,1864,2844,0,-1,-3
1831,261.33,26983,329.38,329.60,0.21,4.2,23.2,0.0,0.0,-19.0,-0.0,1764,2742,0,-2,-4
1832,261.41,26979,329.33,329.55,0.22,4.6,24.5,0.0,0.0,-19.9,-0.0,1714,2689,0,-2,-4
1833,261.57,26974,329.27,329.47,0.20,3.7,21.8,0.0,0.0,-18.1,-0.0,1652,2635,0,-2,-3
1834,261.73,26966,329.17,329.39,0.22,5.2,24.5,0.0,0.0,-19.3,-0.0,1552,2533,0,-4,-3
1835,261.90,26959,329.09,329.31,0.22,6.1,24.5,0.0,0.0,-18.4,-0.0,1464,2444,0,-5,-3
1836,261.99,26955,329.04,329.26,0.22,4.3,24.5,0.0,0.0,-20.2,-0.0,1414,2392,0,-4,-2
1837,262.16,26949,328.97,329.18,0.21,5.6,23.2,0.0,0.0,-17.5,-0.0,1339,2320,0,-5,-2
1838,262.32,26945,328.92,329.10,0.18,2.9,20.5,0.0,-0.0,-17.5,-0.0,1289,2277,0,-3,-1
1839,262.41,26944,328.91,329.05,0.15,-3.8,16.4,0.0,-0.0,-20.2,-0.0,1277,217,0,4,1
1840,262.58,26938,328.83,328.97,0.13,-2.8,15.0,0.0,-0.0,-17.8,-0.0,1202,148,0,3,1
1841,262.75,26931,328.75,328.88,0.13,-3.7,15.0,0.0,-0.0,-18.7,-0.0,1114,60,0,4,0
1842,262.84,26928,328.71,328.84,0.12,-5.7,13.6,0.0,-0.0,-19.3,-0.0,1077,20,0,6,0
1843,263.01,26921,328.63,328.75,0.12,-5.7,13.6,0.0,-0.0,-19.3,-0.0,989,4024,0,5,-1
1844,263.18,26918,328.59,328.67,0.07,-10.8,8.2,0.0,-0.0,-19.0,-0.0,952,3989,0,10,-2
1845,263.28,26915,328.55,328.62,0.07,-12.0,8.2,0.0,-0.0,-20.2,-0.0,914,3949,0,11,-3
1846,263.45,26910,328.49,328.53,0.05,-12.7,5.5,0.0,-0.0,-18.1,-0.0,852,3894,0,12,-4
1847,263.61,26906,328.44,328.46,0.01,-16.2,1.4,0.0,-0.0,-17.5,-0.0,802,3848,0,15,-6
1848,263.70,26905,328.43,328.41,-0.02,-23.8,-2.7,0.0,-0.0,-21.1,-0.0,789,3834,0,21,-9
1849,263.87,26898,328.34,328.32,-0.02,-21.5,-2.7,0.0,-0.0,-18.7,-0.0,702,3744,0,18,-11
1850,264.04,26893,328.28,328.24,-0.05,-23.3,-5.5,0.0,-0.0,-17.8,-0.0,639,3684,0,18,-13
1851,264.13,26891,328.26,328.19,-0.06,-25.8,-6.8,0.0,-0.0,-19.0,-0.0,614,3657,0,20,-16
1852,264.30,26886,328.20,328.11,-0.09,-28.9,-9.5,0.0,-0.0,-19.3,-0.0,552,3593,0,20,-20
1853,264.47,26878,328.10,328.02,-0.07,-25.7,-8.2,0.0,-0.0,-17.5,-0.0,452,3489,0,15,-20
1854,264.55,26875,328.06,327.98,-0.09,-29.2,-9.5,0.0,-0.0,-19.6,-0.0,414,3450,0,15,-24
1855,264.73,26869,327.99,327.89,-0.10,-28.8,-10.9,0.0,-0.0,-17.8,-0.0,339,3377,0,13,-25
1856,264.89,26862,327.91,327.81,-0.10,-28.5,-10.9,0.0,-0.0,-17.5,-0.0,252,3290,0,9,-26
1857,264.98,26860,327.88,327.77,-0.11,-31.0,-12.3,0.0,-0.0,-18.7,-0.0,227,3260,0,9,-29
1858,265.15,26856,327.83,327.68,-0.15,-33.9,-16.4,0.0,-0.0,-17.5,-0.0,177,3218,0,7,-32
1859,265.32,26849,327.75,327.60,-0.15,-34.8,-16.4,0.0,-0.0,-18.4,-0.0,89,3127,0,3,-34
1860,265.41,26843,327.67,327.55,-0.12,-34.2,-13.6,0.0,-0.0,-20.5,-0.0,14,3043,0,-1,-33
1861,265.58,26839,327.62,327.47,-0.16,-35.3,-17.7,0.0,-0.0,-17.5,-0.0,4060,3004,0,-4,-34
1862,265.75,26829,327.50,327.38,-0.12,-31.2,-13.6,0.0,0.0,-17.5,-0.0,3935,2870,0,-9,-29
1863,265.83,26825,327.45,327.34,-0.11,-31.3,-12.3,0.0,0.0,-19.0,-0.0,3885,2814,0,-12,-28
1864,266.01,26818,327.37,327.25,-0.11,-31.0,-12.3,0.0,0.0,-18.7,-0.0,3798,2728,0,-15,-26
1865,266.17,26811,327.28,327.17,-0.11,-29.8,-12.3,0.0,0.0,-17.5,-0.0,3710,2645,0,-18,-23
1866,266.27,26808,327.25,327.13,-0.12,-33.0,-13.6,0.0,0.0,-19.3,-0.0,3673,2601,0,-21,-24
1867,266.43,26802,327.17,327.04,-0.13,-32.5,-15.0,0.0,-0.0,-17.5,-0.0,3598,2536,0,-23,-21
1868,266.61,26792,327.05,326.95,-0.10,-29.9,-10.9,0.0,0.0,-19.0,-0.0,3473,2403,0,-25,-15
1869,266.69,26788,327.00,326.91,-0.09,-28.3,-9.5,0.0,0.0,-18.7,-0.0,3423,2354,0,-24,-12
1870,266.86,26781,326.92,326.83,-0.09,-27.1,-9.5,0.0,0.0,-17.5,-0.0,3335,2269,0,-25,-9
1871,267.03,26769,326.77,326.74,-0.02,-22.0,-2.7,0.0,0.0,-19.3,-0.0,3185,2108,0,-21,-2
1872,267.12,26766,326.73,326.70,-0.04,-23.7,-4.1,0.0,0.0,-19.6,-0.0,3148,2068,0,-23,-1
1873,267.29,26757,326.62,326.61,-0.01,-20.1,-1.4,0.0,0.0,-18.7,-0.0,3035,1958,0,-19,3
1874,267.46,26746,326.49,326.53,0.04,-14.0,4.1,0.0,0.0,-18.1,-0.0,2898,1817,0,-13,5
1875,267.55,26743,326.45,326.48,0.04,-15.2,4.1,0.0,0.0,-19.3,-0.0,2860,1778,0,-14,6
1876,267.72,26732,326.32,326.40,0.09,-8.9,9.5,0.0,0.0,-18.4,-0.0,2723,1644,0,-7,5
1877,267.88,26725,326.23,326.32,0.09,-8.9,9.5,0.0,0.0,-18.4,-0.0,2635,1556,0,-6,6
1878,267.98,26722,326.20,326.27,0.07,-12.0,8.2,0.0,0.0,-20.2,-0.0,2598,1518,0,-8,8
1879,268.14,26718,326.15,326.19,0.04,-13.4,4.1,0.0,0.0,-17.5,-0.0,2548,1484,0,-8,10
1880,268.30,26706,326.00,326.11,0.11,-5.0,12.3,0.0,0.0,-17.2,-0.0,2398,1329,0,-2,4
1881,268.39,26704,325.98,326.06,0.09,-10.4,9.5,0.0,0.0,-19.9,-0.0,2373,1304,0,-4,9
1882,268.56,26695,325.87,325.98,0.11,-5.9,12.3,0.0,0.0,-18.1,-0.0,2260,1192,0,-1,5
1883,268.73,26685,325.74,325.89,0.15,-2.1,16.4,0.0,0.0,-18.4,-0.0,2135,1056,0,0,2
1884,268.82,26681,325.70,325.85,0.15,-3.6,16.4,0.0,0.0,-19.9,-0.0,2085,1002,0,0,3
1885,269.00,26677,325.65,325.76,0.11,-7.1,12.3,0.0,0.0,-19.3,-0.0,2035,967,0,1,7
1886,269.16,26668,325.54,325.68,0.13,-3.1,15.0,0.0,0.0,-18.1,-0.0,1923,853,0,1,3
1887,269.26,26664,325.49,325.63,0.15,-3.8,16.4,0.0,0.0,-20.2,-0.0,1873,800,0,1,4
1888,269.43,26655,325.38,325.54,0.17,1.0,19.1,0.0,0.0,-18.1,-0.0,1760,2741,0,0,-1
1889,269.60,26649,325.31,325.46,0.16,-1.0,17.7,0.0,0.0,-18.7,-0.0,1685,616,0,1,1
1890,269.75,26640,325.20,325.38,0.18,2.9,20.5,0.0,0.0,-17.5,-0.0,1573,2554,0,-2,-2
1891,269.84,26637,325.16,325.34,0.18,1.7,20.5,0.0,0.0,-18.7,-0.0,1535,2512,0,-1,-1
1892,270.00,26632,325.10,325.26,0.16,0.2,17.7,0.0,0.0,-17.5,-0.0,1473,2455,0,0,0
1893,270.17,26623,324.99,325.17,0.18,2.3,20.5,0.0,0.0,-18.1,-0.0,1360,2340,0,-2,-1
1894,270.26,26620,324.95,325.13,0.17,-0.8,19.1,0.0,0.0,-19.9,-0.0,1323,251,0,1,0
1895,270.43,26617,324.91,325.04,0.12,-3.9,13.6,0.0,-0.0,-17.5,-0.0,1285,228,0,4,1
1896,270.60,26609,324.82,324.96,0.13,-3.4,15.0,0.0,-0.0,-18.4,-0.0,1185,122,0,3,1
1897,270.69,26605,324.77,324.91,0.15,-2.7,16.4,0.0,-0.0,-19.0,-0.0,1135,70,0,3,0
1898,270.86,26600,324.71,324.83,0.12,-4.2,13.6,0.0,-0.0,-17.8,-0.0,1073,16,0,4,0
1899,271.03,26597,324.67,324.74,0.07,-10.8,8.2,0.0,-0.0,-19.0,-0.0,1035,4072,0,10,0
1900,271.11,26594,324.63,324.70,0.06,-11.9,6.8,0.0,-0.0,-18.7,-0.0,998,4035,0,11,-1
1901,271.29,26585,324.52,324.62,0.09,-8.9,9.5,0.0,-0.0,-18.4,-0.0,885,3922,0,8,-2
1902,271.44,26585,324.52,324.54,0.01,-16.5,1.4,0.0,-0.0,-17.8,-0.0,885,3932,0,15,-4
1903,271.61,26579,324.45,324.45,0.00,-17.8,0.0,0.0,-0.0,-17.8,-0.0,810,3854,0,16,-6
1904,271.69,26577,324.43,324.41,-0.01,-19.2,-1.4,0.0,-0.0,-17.8,-0.0,785,3827,0,17,-7
1905,271.86,26571,324.35,324.33,-0.02,-19.7,-2.7,0.0,-0.0,-17.0,-0.0,710,3758,0,17,-9
1906,272.03,26567,324.30,324.24,-0.06,-25.5,-6.8,0.0,-0.0,-18.7,-0.0,660,3704,0,20,-14
1907,272.12,26563,324.26,324.20,-0.06,-25.8,-6.8,0.0,-0.0,-19.0,-0.0,610,3648,0,19,-16
1908,272.28,26558,324.19,324.12,-0.07,-25.7,-8.2,0.0,-0.0,-17.5,-0.0,548,3590,0,18,-17
1909,272.45,26552,324.12,324.03,-0.09,-27.4,-9.5,0.0,-0.0,-17.8,-0.0,473,3514,0,17,-21
1910,272.54,26551,324.11,323.99,-0.12,-33.2,-13.6,0.0,-0.0,-19.6,-0.0,460,3500,0,20,-26
1911,272.71,26544,324.02,323.90,-0.12,-31.2,-13.6,0.0,-0.0,-17.5,-0.0,373,3412,0,15,-26
1912,272.88,26537,323.94,323.82,-0.12,-31.5,-13.6,0.0,-0.0,-17.8,-0.0,285,3324,0,11,-28
1913,272.97,26534,323.90,323.77,-0.13,-35.5,-15.0,0.0,-0.0,-20.5,-0.0,248,3281,0,11,-33
1914,273.14,26528,323.83,323.69,-0.15,-34.8,-16.4,0.0,-0.0,-18.4,-0.0,173,3210,0,7,-33
1915,273.31,26520,323.73,323.60,-0.13,-33.4,-15.0,0.0,0.0,-18.4,-0.0,73,3101,0,1,-32
1916,273.40,26518,323.71,323.56,-0.15,-36.0,-16.4,0.0,-0.0,-19.6,-0.0,48,3080,0,0,-35
1917,273.58,26509,323.60,323.47,-0.12,-32.4,-13.6,0.0,0.0,-18.7,-0.0,4031,2966,0,-5,-31
1918,273.75,26502,323.51,323.38,-0.12,-31.5,-13.6,0.0,0.0,-17.8,-0.0,3944,2879,0,-9,-29
1919,273.83,26496,323.44,323.34,-0.10,-29.9,-10.9,0.0,0.0,-19.0,-0.0,3869,2797,0,-12,-26
1920,274.00,26487,323.33,323.26,-0.07,-27.2,-8.2,0.0,0.0,-19.0,-0.0,3756,2682,0,-15,-22
1921,274.17,26480,323.24,323.17,-0.07,-26.0,-8.2,0.0,0.0,-17.8,-0.0,3669,2596,0,-17,-19
1922,274.26,26475,323.18,323.13,-0.05,-24.5,-5.5,0.0,0.0,-19.0,-0.0,3606,2530,0,-18,-16
1923,274.42,26469,323.11,323.05,-0.06,-24.4,-6.8,0.0,0.0,-17.5,-0.0,3531,2460,0,-19,-14
1924,274.60,26463,323.03,322.96,-0.07,-27.5,-8.2,0.0,0.0,-19.3,-0.0,3456,2387,0,-23,-13
1925,274.69,26459,322.99,322.92,-0.07,-27.8,-8.2,0.0,0.0,-19.6,-0.0,3406,2338,0,-24,-12
1926,274.85,26447,322.84,322.83,-0.01,-19.2,-1.4,0.0,0.0,-17.8,-0.0,3256,2185,0,-18,-4
1927,275.03,26440,322.75,322.74,-0.01,-18.9,-1.4,0.0,0.0,-17.5,-0.0,3169,2099,0,-18,-1
1928,275.12,26434,322.68,322.70,0.02,-16.9,2.7,0.0,0.0,-19.6,-0.0,3094,2016,0,-16,1
1929,275.29,26427,322.60,322.61,0.01,-17.1,1.4,0.0,0.0,-18.4,-0.0,3006,1930,0,-16,3
1930,275.46,26422,322.53,322.53,0.00,-17.5,0.0,0.0,0.0,-17.5,-0.0,2944,1876,0,-16,4
1931,275.55,26418,322.49,322.49,0.00,-19.0,0.0,0.0,0.0,-19.0,-0.0,2894,1826,0,-17,6
1932,275.72,26406,322.34,322.40,0.06,-10.7,6.8,0.0,0.0,-17.5,-0.0,2744,1672,0,-9,6
1933,275.89,26396,322.22,322.31,0.10,-8.1,10.9,0.0,0.0,-19.0,-0.0,2619,1543,0,-6,5
1934,275.98,26392,322.17,322.27,0.10,-8.7,10.9,0.0,0.0,-19.6,-0.0,2569,1490,0,-6,6
1935,276.14,26383,322.06,322.19,0.12,-4.2,13.6,0.0,0.0,-17.8,-0.0,2456,1377,0,-2,3
1936,276.32,26375,321.96,322.10,0.13,-3.4,15.0,0.0,0.0,-18.4,-0.0,2356,1279,0,-1,3
1937,276.41,26371,321.91,322.05,0.15,-2.7,16.4,0.0,0.0,-19.0,-0.0,2306,1229,0,-1,2
1938,276.58,26362,321.80,321.97,0.17,0.1,19.1,0.0,0.0,-19.0,-0.0,2194,3167,0,0,0
1939,276.67,26358,321.75,321.92,0.17,-0.5,19.1,0.0,0.0,-19.6,-0.0,2144,1067,0,0,1
1940,276.83,26352,321.68,321.84,0.16,-0.1,17.7,0.0,0.0,-17.8,-0.0,2069,1001,0,0,0
1941,277.00,26345,321.59,321.76,0.16,-1.3,17.7,0.0,0.0,-19.0,-0.0,1981,911,0,0,1
1942,277.17,26337,321.50,321.67,0.17,0.7,19.1,0.0,0.0,-18.4,-0.0,1881,2862,0,0,-1
1943,277.26,26335,321.47,321.63,0.16,-1.9,17.7,0.0,-0.0,-19.6,-0.0,1856,789,0,1,2
1944,277.43,26329,321.40,321.54,0.15,-1.5,16.4,0.0,-0.0,-17.8,-0.0,1781,721,0,1,1
1945,277.60,26320,321.29,321.46,0.17,-0.2,19.1,0.0,0.0,-19.3,-0.0,1669,599,0,0,0
1946,277.69,26317,321.25,321.41,0.16,-1.3,17.7,0.0,0.0,-19.0,-0.0,1631,564,0,1,1
1947,277.86,26310,321.17,321.33,0.16,-1.3,17.7,0.0,-0.0,-19.0,-0.0,1544,480,0,1,1
1948,278.03,26303,321.08,321.24,0.16,-0.1,17.7,0.0,0.0,-17.8,-0.0,1456,389,0,0,0
1949,278.11,26301,321.06,321.20,0.15,-2.4,16.4,0.0,0.0,-18.7,-0.0,1431,365,0,2,1
1950,278.29,26295,320.98,321.11,0.12,-5.7,13.6,0.0,-0.0,-19.3,-0.0,1356,294,0,5,2
1951,278.46,26294,320.97,321.03,0.06,-11.6,6.8,0.0,-0.0,-18.4,-0.0,1344,290,0,10,5
1952,278.55,26292,320.95,320.98,0.04,-15.8,4.1,0.0,-0.0,-19.9,-0.0,1319,266,0,14,6
1953,278.72,26280,320.80,320.90,0.10,-6.9,10.9,0.0,-0.0,-17.8,-0.0,1169,112,0,7,1
1954,278.81,26279,320.79,320.85,0.06,-14.0,6.8,0.0,-0.0,-20.8,-0.0,1156,96,0,13,2
1955,278.98,26274,320.73,320.77,0.04,-14.6,4.1,0.0,-0.0,-18.7,-0.0,1094,39,0,14,1
1956,279.14,26270,320.68,320.69,0.01,-17.1,1.4,0.0,-0.0,-18.4,-0.0,1044,4081,0,17,0
1957,279.32,26265,320.62,320.60,-0.02,-21.2,-2.7,0.0,-0.0,-18.4,-0.0,981,4022,0,20,-2
1958,279.40,26262,320.58,320.56,-0.02,-22.0,-2.7,0.0,-0.0,-19.3,-0.0,944,3988,0,21,-4
1959,279.58,26253,320.47,320.47,0.00,-19.3,0.0,0.0,-0.0,-19.3,-0.0,831,3866,0,18,-6
1960,279.74,26248,320.41,320.39,-0.02,-21.5,-2.7,0.0,-0.0,-18.7,-0.0,769,3805,0,19,-9
1961,279.83,26246,320.39,320.34,-0.04,-23.1,-4.1,0.0,-0.0,-19.0,-0.0,744,3779,0,20,-10
1962,280.00,26243,320.35,320.26,-0.09,-27.4,-9.5,0.0,-0.0,-17.8,-0.0,706,3747,0,23,-14
1963,280.17,26237,320.28,320.17,-0.10,-28.8,-10.9,0.0,-0.0,-17.8,-0.0,631,3675,0,22,-17
1964,280.26,26231,320.20,320.13,-0.07,-29.0,-8.2,0.0,-0.0,-20.8,-0.0,556,3591,0,20,-20
1965,280.43,26227,320.15,320.04,-0.11,-30.7,-12.3,0.0,-0.0,-18.4,-0.0,506,3547,0,20,-22
1966,280.60,26219,320.06,319.96,-0.10,-28.5,-10.9,0.0,-0.0,-17.5,-0.0,406,3441,0,15,-23
1967,280.68,26218,320.04,319.92,-0.12,-32.7,-13.6,0.0,-0.0,-19.0,-0.0,394,3428,0,16,-27
1968,280.85,26212,319.97,319.83,-0.13,-32.5,-15.0,0.0,-0.0,-17.5,-0.0,319,3356,0,13,-29
1969,281.02,26208,319.92,319.75,-0.17,-37.2,-19.1,0.0,-0.0,-18.1,-0.0,269,3310,0,13,-34
1970,281.11,26201,319.84,319.70,-0.13,-34.6,-15.0,0.0,-0.0,-19.6,-0.0,181,3212,0,7,-33
1971,281.28,26194,319.75,319.62,-0.13,-33.4,-15.0,0.0,-0.0,-18.4,-0.0,94,3129,0,3,-32
1972,281.45,26187,319.67,319.53,-0.13,-33.4,-15.0,0.0,0.0,-18.4,-0.0,6,3037,0,-2,-32
1973,281.54,26183,319.62,319.49,-0.12,-32.7,-13.6,0.0,0.0,-19.0,-0.0,4052,2984,0,-4,-31
1974,281.71,26174,319.51,319.41,-0.10,-28.5,-10.9,0.0,0.0,-17.5,-0.0,3940,2868,0,-8,-26
1975,281.88,26166,319.41,319.32,-0.10,-29.6,-10.9,0.0,0.0,-18.7,-0.0,3840,2774,0,-13,-26
1976,281.97,26162,319.36,319.27,-0.09,-28.6,-9.5,0.0,0.0,-19.0,-0.0,3790,2717,0,-14,-24
1977,282.14,26152,319.24,319.19,-0.05,-24.2,-5.5,0.0,0.0,-18.7,-0.0,3665,2589,0,-16,-17
1978,282.31,26143,319.13,319.10,-0.02,-20.3,-2.7,0.0,0.0,-17.5,-0.0,3552,2479,0,-15,-12
1979,282.40,26141,319.10,319.06,-0.05,-25.1,-5.5,0.0,0.0,-19.6,-0.0,3527,2452,0,-20,-14
1980,282.57,26130,318.97,318.97,0.00,-18.4,0.0,0.0,0.0,-18.4,-0.0,3390,2313,0,-16,-7
1981,282.74,26125,318.91,318.89,-0.02,-21.8,-2.7,0.0,0.0,-19.0,-0.0,3327,2255,0,-20,-7
1982,282.83,26121,318.86,318.84,-0.01,-20.4,-1.4,0.0,0.0,-19.0,-0.0,3277,2206,0,-19,-5
1983,283.00,26114,318.77,318.76,-0.01,-18.9,-1.4,0.0,0.0,-17.5,-0.0,3190,2126,0,-18,-2
1984,283.09,26108,318.70,318.71,0.01,-18.0,1.4,0.0,0.0,-19.3,-0.0,3115,2041,0,-17,0
1985,283.26,26098,318.58,318.63,0.05,-13.0,5.5,0.0,0.0,-18.4,-0.0,2990,1919,0,-12,2
1986,283.43,26090,318.48,318.54,0.06,-10.7,6.8,0.0,0.0,-17.5,-0.0,2890,1817,0,-10,4
1987,283.52,26086,318.43,318.50,0.07,-11.1,8.2,0.0,0.0,-19.3,-0.0,2840,1762,0,-10,5
1988,283.68,26078,318.33,318.42,0.09,-7.7,9.5,0.0,0.0,-17.2,-0.0,2740,1666,0,-6,4
1989,283.85,26069,318.23,318.33,0.11,-5.3,12.3,0.0,0.0,-17.5,-0.0,2627,1554,0,-4,4
1990,284.02,26063,318.15,318.25,0.10,-6.9,10.9,0.0,0.0,-17.8,-0.0,2552,1483,0,-4,5
1991,284.10,26059,318.10,318.21,0.10,-7.5,10.9,0.0,0.0,-18.4,-0.0,2502,1432,0,-4,6
1992,284.27,26052,318.02,318.12,0.11,-5.9,12.3,0.0,0.0,-18.1,-0.0,2415,1345,0,-3,5
1993,284.43,26044,317.92,318.04,0.12,-4.5,13.6,0.0,0.0,-18.1,-0.0,2315,1246,0,-1,4
1994,284.53,26038,317.85,317.99,0.15,-3.8,16.4,0.0,0.0,-20.2,-0.0,2240,1165,0,-1,4
1995,284.69,26033,317.79,317.92,0.13,-3.4,15.0,0.0,0.0,-18.4,-0.0,2177,1107,0,0,3
1996,284.85,26023,317.66,317.83,0.17,1.9,19.1,0.0,0.0,-17.2,-0.0,2052,3031,0,0,-2
1997,284.94,26021,317.64,317.79,0.15,-4.1,16.4,0.0,0.0,-20.5,-0.0,2027,951,0,0,4
1998,285.11,26012,317.53,317.70,0.17,1.0,19.1,0.0,0.0,-18.1,-0.0,1915,2892,0,0,-1
1999,285.28,26006,317.46,317.62,0.16,-1.0,17.7,0.0,0.0,-18.7,-0.0,1840,771,0,0,1
