Sample,Timestamp,Raw Encoder Reading,Measured Motor Steps,Target Motor Steps,Current Error,PID Control Signal,PID P Term,PID I Term,PID D Term,PID V Term,PID A Term,Measured Step Phase,Desired Step Phase,Phase Shift,Coil A Current,Coil B Current
0,0.04,33601,410.17,410.25,0.09,9.5,9.5,0.0,0.0,-0.0,-0.0,2569,3593,0,7,-6
1,0.19,33601,410.17,410.25,0.09,9.5,9.5,0.0,0.0,-0.0,-0.0,2569,3590,0,7,-6
2,0.35,33599,410.14,410.25,0.11,12.2,12.3,0.0,0.0,-0.0,-0.0,2544,3567,0,8,-9
3,0.52,33599,410.14,410.25,0.11,12.2,12.3,0.0,0.0,-0.0,-0.0,2544,3563,0,8,-9
4,0.69,33596,410.11,410.25,0.15,16.3,16.4,0.0,0.0,-0.1,-0.0,2507,3523,0,10,-12
5,0.77,33596,410.11,410.25,0.15,16.3,16.4,0.0,0.0,-0.1,-0.0,2507,3523,0,10,-12
6,0.93,33596,410.11,410.25,0.15,16.3,16.4,0.0,0.0,-0.1,-0.0,2507,3525,0,10,-12
7,1.09,33595,410.10,410.25,0.16,17.6,17.7,0.0,0.0,-0.1,-0.0,2494,3512,0,11,-13
8,1.25,33593,410.07,410.25,0.18,20.3,20.5,0.0,0.0,-0.1,-0.0,2469,3485,0,12,-16
9,1.33,33593,410.07,410.25,0.18,20.3,20.5,0.0,0.0,-0.1,-0.0,2469,3488,0,12,-16
10,1.49,33597,410.12,410.25,0.12,13.5,13.6,0.0,-0.0,-0.1,-0.0,2519,3545,0,9,-10
11,1.65,33592,410.06,410.25,0.18,20.3,20.5,0.0,0.0,-0.1,-0.0,2457,3476,0,11,-16
12,1.82,33594,410.08,410.25,0.16,17.6,17.7,0.0,-0.0,-0.2,-0.0,2482,3507,0,11,-13
13,1.90,33594,410.08,410.25,0.16,17.5,17.7,0.0,-0.0,-0.2,-0.0,2482,3508,0,11,-13
14,2.06,33595,410.10,410.24,0.15,16.2,16.4,0.0,0.0,-0.2,-0.0,2494,3518,0,10,-12
15,2.22,33595,410.10,410.24,0.15,16.2,16.4,0.0,0.0,-0.2,-0.0,2494,3518,0,10,-12
16,2.38,33596,410.11,410.24,0.13,14.8,15.0,0.0,-0.0,-0.2,-0.0,2507,3535,0,9,-11
17,2.47,33596,410.11,410.24,0.13,14.8,15.0,0.0,-0.0,-0.2,-0.0,2507,3534,0,9,-11
18,2.63,33596,410.11,410.24,0.13,14.8,15.0,0.0,-0.0,-0.2,-0.0,2507,3533,0,9,-11
19,2.79,33594,410.08,410.24,0.16,17.5,17.7,0.0,0.0,-0.2,-0.0,2482,3505,0,10,-13
20,2.95,33594,410.08,410.24,0.16,17.5,17.7,0.0,0.0,-0.3,-0.0,2482,3504,0,10,-13
21,3.11,33597,410.12,410.24,0.12,13.4,13.6,0.0,-0.0,-0.3,-0.0,2519,3545,0,9,-10
22,3.19,33597,410.12,410.24,0.12,13.3,13.6,0.0,-0.0,-0.3,-0.0,2519,3545,0,9,-10
23,3.35,33599,410.14,410.24,0.10,10.6,10.9,0.0,-0.0,-0.3,-0.0,2544,3573,0,7,-7
24,3.52,33598,410.13,410.23,0.10,10.6,10.9,0.0,-0.0,-0.3,-0.0,2532,3562,0,7,-7
25,3.68,33599,410.14,410.23,0.09,9.2,9.5,0.0,-0.0,-0.3,-0.0,2544,3573,0,6,-6
26,3.77,33599,410.14,410.23,0.09,9.2,9.5,0.0,-0.0,-0.4,-0.0,2544,3571,0,6,-6
27,3.93,33599,410.14,410.23,0.09,9.2,9.5,0.0,-0.0,-0.4,-0.0,2544,3569,0,6,-6
28,4.09,33598,410.13,410.23,0.10,10.6,10.9,0.0,0.0,-0.4,-0.0,2532,3556,0,7,-8
29,4.26,33598,410.13,410.23,0.10,10.5,10.9,0.0,0.0,-0.4,-0.0,2532,3556,0,7,-7
30,4.35,33599,410.14,410.23,0.09,9.1,9.5,0.0,0.0,-0.4,-0.0,2544,3568,0,6,-6
31,4.51,33601,410.17,410.22,0.06,6.4,6.8,0.0,-0.0,-0.4,-0.0,2569,3596,0,4,-4
32,4.69,33600,410.16,410.22,0.06,6.4,6.8,0.0,-0.0,-0.4,-0.0,2557,3582,0,4,-4
33,4.77,33600,410.16,410.22,0.06,6.3,6.8,0.0,-0.0,-0.5,-0.0,2557,3584,0,4,-4
34,4.93,33600,410.16,410.22,0.06,6.4,6.8,0.0,-0.0,-0.4,-0.0,2557,3584,0,4,-4
35,5.09,33600,410.16,410.22,0.06,6.4,6.8,0.0,-0.0,-0.5,-0.0,2557,3582,0,4,-4
36,5.25,33599,410.14,410.22,0.07,7.7,8.2,0.0,0.0,-0.5,-0.0,2544,3567,0,5,-5
37,5.33,33598,410.13,410.21,0.09,9.1,9.5,0.0,0.0,-0.5,-0.0,2532,3553,0,6,-7
38,5.50,33596,410.11,410.21,0.11,11.8,12.3,0.0,0.0,-0.5,-0.0,2507,3525,0,7,-9
39,5.66,33597,410.12,410.21,0.09,9.0,9.5,0.0,0.0,-0.5,-0.0,2519,3538,0,6,-7
40,5.75,33598,410.13,410.21,0.07,7.6,8.2,0.0,0.0,-0.6,-0.0,2532,3553,0,5,-5
41,5.92,33599,410.14,410.21,0.06,6.3,6.8,0.0,-0.0,-0.5,-0.0,2544,3568,0,4,-4
42,6.08,33599,410.14,410.20,0.06,6.3,6.8,0.0,-0.0,-0.5,-0.0,2544,3572,0,4,-4
43,6.25,33597,410.12,410.20,0.09,9.0,9.5,0.0,-0.0,-0.6,-0.0,2519,3546,0,6,-6
44,6.34,33596,410.11,410.20,0.10,10.3,10.9,0.0,0.0,-0.6,-0.0,2507,3529,0,6,-8
45,6.50,33598,410.13,410.20,0.06,6.2,6.8,0.0,-0.0,-0.6,-0.0,2532,3556,0,4,-4
46,6.67,33596,410.11,410.19,0.09,8.9,9.5,0.0,0.0,-0.6,-0.0,2507,3527,0,6,-7
47,6.76,33596,410.11,410.19,0.09,8.9,9.5,0.0,0.0,-0.7,-0.0,2507,3526,0,6,-7
48,6.93,33593,410.07,410.19,0.12,13.0,13.6,0.0,0.0,-0.6,-0.0,2469,3487,0,7,-10
49,7.10,33593,410.07,410.19,0.12,13.0,13.6,0.0,0.0,-0.6,-0.0,2469,3489,0,8,-10
50,7.19,33592,410.06,410.19,0.12,12.9,13.6,0.0,0.0,-0.7,-0.0,2457,3472,0,7,-10
51,7.36,33596,410.11,410.18,0.07,7.5,8.2,0.0,-0.0,-0.7,-0.0,2507,3531,0,5,-6
52,7.53,33594,410.08,410.18,0.10,10.2,10.9,0.0,-0.0,-0.7,-0.0,2482,3509,0,6,-8
53,7.61,33594,410.08,410.18,0.10,10.2,10.9,0.0,-0.0,-0.7,-0.0,2482,3508,0,6,-8
54,7.77,33594,410.08,410.17,0.09,8.9,9.5,0.0,-0.0,-0.7,-0.0,2482,3507,0,5,-7
55,7.94,33591,410.05,410.17,0.12,12.9,13.6,0.0,0.0,-0.7,-0.0,2444,3465,0,7,-10
56,8.11,33591,410.05,410.17,0.12,12.9,13.6,0.0,0.0,-0.8,-0.0,2444,3462,0,7,-10
57,8.18,33591,410.05,410.17,0.12,12.9,13.6,0.0,0.0,-0.7,-0.0,2444,3464,0,7,-10
58,8.35,33593,410.07,410.16,0.10,10.2,10.9,0.0,0.0,-0.8,-0.0,2469,3491,0,6,-8
59,8.52,33594,410.08,410.16,0.07,7.4,8.2,0.0,-0.0,-0.8,-0.0,2482,3506,0,4,-6
60,8.68,33592,410.06,410.16,0.10,10.1,10.9,0.0,-0.0,-0.8,-0.0,2457,3482,0,6,-8
61,8.76,33591,410.05,410.15,0.11,11.4,12.3,0.0,-0.0,-0.9,-0.0,2444,3468,0,6,-9
62,8.94,33591,410.05,410.15,0.10,10.0,10.9,0.0,-0.0,-0.9,-0.0,2444,3466,0,6,-8
63,9.09,33591,410.05,410.15,0.10,10.1,10.9,0.0,0.0,-0.8,-0.0,2444,3464,0,6,-8
64,9.17,33591,410.05,410.14,0.10,10.1,10.9,0.0,0.0,-0.8,-0.0,2444,3464,0,6,-8
65,9.34,33591,410.05,410.14,0.10,10.0,10.9,0.0,0.0,-0.9,-0.0,2444,3466,0,6,-8
66,9.51,33591,410.05,410.14,0.09,8.7,9.5,0.0,-0.0,-0.8,-0.0,2444,3467,0,5,-7
67,9.60,33590,410.03,410.13,0.10,9.9,10.9,0.0,0.0,-1.0,-0.0,2432,3454,0,5,-8
68,9.77,33590,410.03,410.13,0.10,10.1,10.9,0.0,0.0,-0.8,-0.0,2432,3455,0,5,-8
69,9.94,33589,410.02,410.13,0.11,11.4,12.3,0.0,0.0,-0.9,-0.0,2419,3440,0,6,-9
70,10.10,33590,410.03,410.12,0.09,8.6,9.5,0.0,-0.0,-0.9,-0.0,2432,3454,0,5,-7
71,10.19,33591,410.05,410.12,0.07,7.2,8.2,0.0,-0.0,-1.0,-0.0,2444,3468,0,4,-6
72,10.35,33591,410.05,410.12,0.07,7.2,8.2,0.0,-0.0,-0.9,-0.0,2444,3470,0,4,-6
73,10.52,33591,410.05,410.11,0.06,5.8,6.8,0.0,-0.0,-1.0,-0.0,2444,3471,0,3,-5
74,10.61,33591,410.05,410.11,0.06,5.8,6.8,0.0,-0.0,-1.0,-0.0,2444,3471,0,3,-5
75,10.77,33591,410.05,410.10,0.06,5.9,6.8,0.0,-0.0,-0.9,-0.0,2444,3469,0,3,-5
76,10.93,33590,410.03,410.10,0.06,5.8,6.8,0.0,-0.0,-1.0,-0.0,2432,3455,0,3,-5
77,11.09,33590,410.03,410.10,0.06,5.8,6.8,0.0,-0.0,-1.0,-0.0,2432,3455,0,3,-5
78,11.18,33591,410.05,410.09,0.05,4.4,5.5,0.0,-0.0,-1.0,-0.0,2444,3468,0,2,-4
79,11.35,33592,410.06,410.09,0.02,1.7,2.7,0.0,-0.0,-1.0,-0.0,2457,3483,0,1,-1
80,11.52,33592,410.06,410.08,0.02,1.7,2.7,0.0,-0.0,-1.0,-0.0,2457,3484,0,1,-1
81,11.60,33592,410.06,410.08,0.02,1.7,2.7,0.0,-0.0,-1.0,-0.0,2457,3484,0,1,-1
82,11.75,33589,410.02,410.08,0.06,5.8,6.8,0.0,0.0,-1.0,-0.0,2419,3442,0,3,-5
83,11.92,33590,410.03,410.07,0.04,3.0,4.1,0.0,0.0,-1.1,-0.0,2432,3453,0,2,-2
84,12.08,33589,410.02,410.07,0.05,4.4,5.5,0.0,0.0,-1.1,-0.0,2419,3438,0,2,-4
85,12.18,33589,410.02,410.06,0.04,2.8,4.1,0.0,0.0,-1.3,-0.0,2419,3438,0,1,-2
86,12.35,33591,410.05,410.06,0.01,0.3,1.4,0.0,-0.0,-1.1,-0.0,2444,3467,0,0,0
87,12.51,33592,410.06,410.05,0.00,-1.2,0.0,0.0,-0.0,-1.2,-0.0,2457,1437,0,-1,1
88,12.60,33592,410.06,410.05,-0.01,-2.6,-1.4,0.0,-0.0,-1.2,-0.0,2457,1436,0,-1,2
89,12.77,33590,410.03,410.05,0.01,0.2,1.4,0.0,-0.0,-1.1,-0.0,2432,3457,0,0,0
90,12.94,33592,410.06,410.04,-0.01,-2.5,-1.4,0.0,-0.0,-1.2,-0.0,2457,1434,0,-1,2
91,13.02,33592,410.06,410.04,-0.02,-4.0,-2.7,0.0,-0.0,-1.3,-0.0,2457,1435,0,-2,3
92,13.19,33593,410.07,410.03,-0.04,-5.3,-4.1,0.0,-0.0,-1.2,-0.0,2469,1446,0,-3,4
93,13.36,33592,410.06,410.03,-0.04,-5.3,-4.1,0.0,-0.0,-1.3,-0.0,2457,1436,0,-3,4
94,13.53,33591,410.05,410.02,-0.02,-3.9,-2.7,0.0,-0.0,-1.2,-0.0,2444,1420,0,-2,3
95,13.61,33591,410.05,410.02,-0.02,-3.9,-2.7,0.0,-0.0,-1.2,-0.0,2444,1419,0,-2,3
96,13.77,33589,410.02,410.01,-0.01,-2.6,-1.4,0.0,0.0,-1.2,-0.0,2419,1391,0,-1,2
97,13.93,33589,410.02,410.01,-0.01,-2.6,-1.4,0.0,0.0,-1.2,-0.0,2419,1388,0,-1,2
98,14.02,33591,410.05,410.00,-0.04,-5.5,-4.1,0.0,0.0,-1.4,-0.0,2444,1418,0,-3,4
99,14.20,33591,410.05,410.00,-0.05,-6.8,-5.5,0.0,-0.0,-1.4,-0.0,2444,1420,0,-4,5
100,14.36,33591,410.05,409.99,-0.05,-6.8,-5.5,0.0,0.0,-1.3,-0.0,2444,1419,0,-4,5
101,14.52,33594,410.08,409.99,-0.10,-12.2,-10.9,0.0,-0.0,-1.3,-0.0,2482,1467,0,-7,9
102,14.61,33594,410.08,409.98,-0.10,-12.3,-10.9,0.0,-0.0,-1.4,-0.0,2482,1466,0,-7,9
103,14.77,33593,410.07,409.98,-0.10,-12.2,-10.9,0.0,-0.0,-1.3,-0.0,2469,1448,0,-7,9
104,14.92,33593,410.07,409.97,-0.10,-12.2,-10.9,0.0,-0.0,-1.3,-0.0,2469,1448,0,-7,9
105,15.09,33591,410.05,409.97,-0.09,-10.9,-9.5,0.0,-0.0,-1.4,-0.0,2444,1418,0,-6,9
106,15.17,33590,410.03,409.96,-0.07,-9.6,-8.2,0.0,0.0,-1.5,-0.0,2432,1402,0,-5,8
107,15.34,33593,410.07,409.96,-0.11,-13.6,-12.3,0.0,-0.0,-1.3,-0.0,2469,1444,0,-8,11
108,15.51,33593,410.07,409.95,-0.12,-15.1,-13.6,0.0,-0.0,-1.4,-0.0,2469,1445,0,-9,12
109,15.60,33591,410.05,409.95,-0.10,-12.4,-10.9,0.0,0.0,-1.5,-0.0,2444,1417,0,-7,10
110,15.77,33591,410.05,409.94,-0.11,-13.7,-12.3,0.0,-0.0,-1.4,-0.0,2444,1420,0,-8,11
111,15.93,33591,410.05,409.93,-0.11,-13.7,-12.3,0.0,-0.0,-1.4,-0.0,2444,1421,0,-8,11
112,16.09,33589,410.02,409.93,-0.10,-12.3,-10.9,0.0,0.0,-1.4,-0.0,2419,1388,0,-6,10
113,16.17,33589,410.02,409.92,-0.10,-12.4,-10.9,0.0,0.0,-1.5,-0.0,2419,1389,0,-6,10
114,16.34,33590,410.03,409.92,-0.12,-15.1,-13.6,0.0,-0.0,-1.5,-0.0,2432,1406,0,-8,12
115,16.50,33589,410.02,409.91,-0.11,-13.8,-12.3,0.0,0.0,-1.5,-0.0,2419,1392,0,-7,11
116,16.66,33589,410.02,409.90,-0.12,-15.1,-13.6,0.0,-0.0,-1.5,-0.0,2419,1394,0,-8,12
117,16.74,33589,410.02,409.90,-0.12,-15.3,-13.6,0.0,-0.0,-1.7,-0.0,2419,1395,0,-8,12
118,16.91,33588,410.01,409.89,-0.12,-15.1,-13.6,0.0,-0.0,-1.5,-0.0,2407,1380,0,-8,13
119,17.07,33588,410.01,409.89,-0.12,-15.1,-13.6,0.0,-0.0,-1.5,-0.0,2407,1382,0,-8,13
120,17.24,33588,410.01,409.88,-0.13,-16.6,-15.0,0.0,-0.0,-1.6,-0.0,2407,1381,0,-8,14
121,17.32,33589,410.02,409.87,-0.15,-18.0,-16.4,0.0,-0.0,-1.6,-0.0,2419,1395,0,-9,15
122,17.50,33586,409.99,409.87,-0.12,-15.3,-13.6,0.0,0.0,-1.7,-0.0,2382,1353,0,-7,13
123,17.59,33586,409.99,409.86,-0.12,-15.5,-13.6,0.0,0.0,-1.8,-0.0,2382,1355,0,-7,13
124,17.75,33586,409.99,409.86,-0.13,-16.6,-15.0,0.0,-0.0,-1.6,-0.0,2382,1355,0,-8,14
125,17.91,33586,409.99,409.85,-0.13,-16.6,-15.0,0.0,0.0,-1.6,-0.0,2382,1355,0,-8,14
126,18.08,33584,409.96,409.84,-0.12,-15.2,-13.6,0.0,0.0,-1.6,-0.0,2357,1327,0,-7,13
127,18.17,33581,409.92,409.84,-0.09,-11.3,-9.5,0.0,0.0,-1.8,-0.0,2319,1287,0,-4,10
128,18.33,33583,409.95,409.83,-0.12,-15.3,-13.6,0.0,0.0,-1.6,-0.0,2344,1316,0,-6,13
129,18.50,33583,409.95,409.82,-0.12,-15.3,-13.6,0.0,0.0,-1.6,-0.0,2344,1316,0,-6,13
130,18.67,33583,409.95,409.81,-0.13,-16.7,-15.0,0.0,-0.0,-1.7,-0.0,2344,1319,0,-7,15
131,18.74,33583,409.95,409.81,-0.13,-16.6,-15.0,0.0,-0.0,-1.6,-0.0,2344,1319,0,-7,14
132,18.92,33581,409.92,409.80,-0.12,-15.5,-13.6,0.0,-0.0,-1.9,-0.0,2319,1293,0,-6,14
133,19.09,33577,409.88,409.79,-0.09,-11.2,-9.5,0.0,0.0,-1.7,-0.0,2269,1236,0,-3,10
134,19.17,33578,409.89,409.79,-0.10,-12.8,-10.9,0.0,0.0,-1.9,-0.0,2282,1250,0,-4,12
135,19.34,33576,409.86,409.78,-0.09,-11.3,-9.5,0.0,0.0,-1.7,-0.0,2257,1223,0,-3,10
136,19.51,33575,409.85,409.77,-0.07,-10.0,-8.2,0.0,0.0,-1.8,-0.0,2244,1207,0,-3,9
137,19.60,33575,409.85,409.77,-0.09,-11.4,-9.5,0.0,0.0,-1.8,-0.0,2244,1211,0,-3,11
138,19.77,33572,409.81,409.76,-0.05,-7.2,-5.5,0.0,0.0,-1.7,-0.0,2207,1176,0,-2,7
139,19.93,33572,409.81,409.75,-0.06,-8.6,-6.8,0.0,0.0,-1.7,-0.0,2207,1176,0,-2,8
140,20.09,33570,409.79,409.75,-0.05,-7.2,-5.5,0.0,0.0,-1.8,-0.0,2182,1149,0,-1,7
141,20.18,33570,409.79,409.74,-0.05,-7.4,-5.5,0.0,0.0,-1.9,-0.0,2182,1150,0,-1,7
142,20.33,33571,409.80,409.73,-0.07,-9.9,-8.2,0.0,0.0,-1.8,-0.0,2194,1164,0,-2,9
143,20.49,33571,409.80,409.72,-0.07,-10.0,-8.2,0.0,-0.0,-1.9,-0.0,2194,1168,0,-2,9
144,20.59,33568,409.77,409.72,-0.05,-7.5,-5.5,0.0,0.0,-2.1,-0.0,2157,1126,0,-1,7
145,20.75,33568,409.77,409.71,-0.05,-7.4,-5.5,0.0,0.0,-1.9,-0.0,2157,1130,0,-1,7
146,20.92,33568,409.77,409.70,-0.06,-8.9,-6.8,0.0,-0.0,-2.1,-0.0,2157,1130,0,-1,8
147,21.07,33570,409.79,409.70,-0.10,-12.8,-10.9,0.0,-0.0,-1.8,-0.0,2182,1155,0,-2,12
148,21.15,33570,409.79,409.69,-0.10,-12.9,-10.9,0.0,-0.0,-2.0,-0.0,2182,1156,0,-3,12
149,21.32,33568,409.77,409.68,-0.09,-11.4,-9.5,0.0,-0.0,-1.9,-0.0,2157,1133,0,-2,11
150,21.49,33567,409.75,409.67,-0.09,-11.6,-9.5,0.0,-0.0,-2.0,-0.0,2144,1118,0,-2,11
151,21.58,33567,409.75,409.67,-0.09,-11.7,-9.5,0.0,-0.0,-2.2,-0.0,2144,1118,0,-2,11
152,21.74,33563,409.70,409.66,-0.05,-7.5,-5.5,0.0,0.0,-2.0,-0.0,2094,1059,0,0,7
153,21.91,33564,409.72,409.65,-0.06,-8.8,-6.8,0.0,0.0,-2.0,-0.0,2107,1076,0,-1,8
154,22.08,33567,409.75,409.64,-0.11,-14.3,-12.3,0.0,-0.0,-2.0,-0.0,2144,1120,0,-2,14
155,22.15,33565,409.73,409.64,-0.10,-12.8,-10.9,0.0,-0.0,-1.9,-0.0,2119,1092,0,-1,12
156,22.32,33562,409.69,409.63,-0.06,-8.9,-6.8,0.0,0.0,-2.1,-0.0,2082,1053,0,0,9
157,22.49,33563,409.70,409.62,-0.09,-11.6,-9.5,0.0,-0.0,-2.1,-0.0,2094,1070,0,-1,11
158,22.66,33562,409.69,409.61,-0.09,-11.6,-9.5,0.0,0.0,-2.1,-0.0,2082,1051,0,0,11
159,22.75,33562,409.69,409.60,-0.09,-11.9,-9.5,0.0,0.0,-2.4,-0.0,2082,1050,0,0,12
160,22.92,33563,409.70,409.59,-0.11,-14.4,-12.3,0.0,-0.0,-2.1,-0.0,2094,1069,0,-1,14
161,23.08,33564,409.72,409.58,-0.13,-17.1,-15.0,0.0,-0.0,-2.1,-0.0,2107,1086,0,-2,16
162,23.16,33563,409.70,409.58,-0.12,-15.8,-13.6,0.0,-0.0,-2.2,-0.0,2094,1070,0,-1,15
163,23.33,33564,409.72,409.57,-0.15,-18.4,-16.4,0.0,-0.0,-2.0,-0.0,2107,1086,0,-2,18
164,23.50,33564,409.72,409.56,-0.16,-19.9,-17.7,0.0,-0.0,-2.1,-0.0,2107,1085,0,-2,19
165,23.59,33562,409.69,409.55,-0.13,-17.3,-15.0,0.0,-0.0,-2.3,-0.0,2082,1056,0,-1,17
166,23.75,33561,409.68,409.54,-0.13,-17.2,-15.0,0.0,0.0,-2.2,-0.0,2069,1041,0,0,17
167,23.91,33560,409.67,409.54,-0.13,-17.1,-15.0,0.0,0.0,-2.1,-0.0,2057,1029,0,0,17
168,24.07,33559,409.66,409.53,-0.13,-17.1,-15.0,0.0,0.0,-2.1,-0.0,2044,1013,0,0,17
169,24.16,33559,409.66,409.52,-0.13,-17.2,-15.0,0.0,0.0,-2.2,-0.0,2044,1012,0,0,17
170,24.31,33559,409.66,409.51,-0.15,-18.6,-16.4,0.0,-0.0,-2.2,-0.0,2044,1017,0,0,18
171,24.48,33560,409.67,409.50,-0.17,-21.3,-19.1,0.0,-0.0,-2.3,-0.0,2057,1031,0,0,21
172,24.65,33557,409.63,409.49,-0.15,-18.6,-16.4,0.0,-0.0,-2.2,-0.0,2019,990,0,1,18
173,24.73,33557,409.63,409.49,-0.15,-18.5,-16.4,0.0,-0.0,-2.2,-0.0,2019,992,0,1,18
174,24.89,33557,409.63,409.48,-0.16,-19.9,-17.7,0.0,-0.0,-2.2,-0.0,2019,992,0,1,19
175,25.05,33554,409.59,409.47,-0.13,-17.3,-15.0,0.0,0.0,-2.3,-0.0,1982,949,0,2,17
176,25.21,33553,409.58,409.46,-0.12,-15.9,-13.6,0.0,0.0,-2.2,-0.0,1969,938,0,2,15
177,25.30,33553,409.58,409.45,-0.13,-17.5,-15.0,0.0,0.0,-2.5,-0.0,1969,938,0,2,17
178,25.46,33552,409.57,409.44,-0.13,-17.2,-15.0,0.0,0.0,-2.2,-0.0,1957,924,0,3,16
179,25.63,33549,409.53,409.43,-0.11,-14.7,-12.3,0.0,0.0,-2.4,-0.0,1919,887,0,3,14
180,25.80,33548,409.52,409.42,-0.10,-13.4,-10.9,0.0,0.0,-2.5,-0.0,1907,874,0,3,13
181,25.89,33548,409.52,409.41,-0.11,-14.8,-12.3,0.0,0.0,-2.5,-0.0,1907,875,0,3,14
182,26.06,33544,409.47,409.40,-0.07,-10.6,-8.2,0.0,0.0,-2.4,-0.0,1857,821,0,3,10
183,26.15,33544,409.47,409.40,-0.07,-10.6,-8.2,0.0,0.0,-2.4,-0.0,1857,821,0,3,10
184,26.31,33544,409.47,409.38,-0.09,-12.0,-9.5,0.0,0.0,-2.5,-0.0,1857,825,0,3,11
185,26.47,33543,409.46,409.37,-0.09,-12.0,-9.5,0.0,0.0,-2.4,-0.0,1844,812,0,4,11
186,26.63,33542,409.45,409.36,-0.09,-12.0,-9.5,0.0,0.0,-2.5,-0.0,1832,800,0,4,11
187,26.79,33541,409.44,409.35,-0.09,-12.1,-9.5,0.0,-0.0,-2.5,-0.0,1819,790,0,4,11
188,26.88,33541,409.44,409.35,-0.09,-12.2,-9.5,0.0,0.0,-2.7,-0.0,1819,790,0,4,11
189,27.03,33539,409.41,409.34,-0.07,-10.6,-8.2,0.0,0.0,-2.4,-0.0,1794,764,0,4,9
190,27.20,33535,409.36,409.33,-0.04,-6.5,-4.1,0.0,0.0,-2.4,-0.0,1744,708,0,3,6
191,27.29,33535,409.36,409.32,-0.05,-8.2,-5.5,0.0,0.0,-2.8,-0.0,1744,708,0,4,7
192,27.46,33534,409.35,409.31,-0.05,-7.9,-5.5,0.0,0.0,-2.5,-0.0,1732,698,0,4,7
193,27.63,33534,409.35,409.30,-0.05,-7.8,-5.5,0.0,0.0,-2.3,-0.0,1732,700,0,4,7
194,27.79,33534,409.35,409.28,-0.06,-9.3,-6.8,0.0,0.0,-2.5,-0.0,1732,704,0,4,8
195,27.87,33534,409.35,409.28,-0.07,-10.7,-8.2,0.0,-0.0,-2.5,-0.0,1732,707,0,5,9
196,28.04,33533,409.34,409.27,-0.07,-10.8,-8.2,0.0,-0.0,-2.6,-0.0,1719,693,0,5,9
197,28.21,33533,409.34,409.26,-0.09,-12.1,-9.5,0.0,-0.0,-2.6,-0.0,1719,693,0,6,10
198,28.30,33533,409.34,409.25,-0.09,-12.4,-9.5,0.0,-0.0,-2.9,-0.0,1719,693,0,6,11
199,28.47,33533,409.34,409.24,-0.10,-13.4,-10.9,0.0,-0.0,-2.5,-0.0,1719,694,0,6,11
200,28.63,33535,409.36,409.23,-0.13,-17.6,-15.0,0.0,-0.0,-2.6,-0.0,1744,723,0,8,15
201,28.78,33534,409.35,409.21,-0.13,-17.5,-15.0,0.0,-0.0,-2.5,-0.0,1732,709,0,8,15
202,28.87,33534,409.35,409.21,-0.15,-18.9,-16.4,0.0,-0.0,-2.6,-0.0,1732,709,0,9,16
203,29.03,33534,409.35,409.20,-0.16,-20.3,-17.7,0.0,-0.0,-2.6,-0.0,1732,710,0,9,17
204,29.20,33535,409.36,409.18,-0.18,-23.0,-20.5,0.0,-0.0,-2.6,-0.0,1744,720,0,10,20
205,29.28,33533,409.34,409.18,-0.16,-20.6,-17.7,0.0,-0.0,-2.8,-0.0,1719,692,0,10,17
206,29.46,33534,409.35,409.17,-0.18,-23.2,-20.5,0.0,-0.0,-2.7,-0.0,1732,708,0,10,20
207,29.63,33533,409.34,409.15,-0.18,-23.3,-20.5,0.0,-0.0,-2.8,-0.0,1719,693,0,11,20
208,29.71,33533,409.34,409.15,-0.20,-24.6,-21.8,0.0,-0.0,-2.8,-0.0,1719,693,0,12,21
209,29.88,33532,409.33,409.13,-0.20,-24.5,-21.8,0.0,-0.0,-2.7,-0.0,1707,679,0,12,20
210,30.05,33532,409.33,409.12,-0.21,-26.0,-23.2,0.0,-0.0,-2.8,-0.0,1707,680,0,13,22
211,30.14,33531,409.31,409.11,-0.20,-25.0,-21.8,0.0,-0.0,-3.1,-0.0,1694,665,0,13,21
212,30.31,33529,409.29,409.10,-0.18,-23.2,-20.5,0.0,0.0,-2.7,-0.0,1669,639,0,13,19
213,30.48,33530,409.30,409.09,-0.21,-26.0,-23.2,0.0,-0.0,-2.8,-0.0,1682,655,0,14,21
214,30.57,33530,409.30,409.08,-0.22,-27.6,-24.5,0.0,-0.0,-3.0,-0.0,1682,655,0,14,23
215,30.74,33529,409.29,409.07,-0.22,-27.4,-24.5,0.0,-0.0,-2.9,-0.0,1669,641,0,15,22
216,30.90,33529,409.29,409.06,-0.23,-28.7,-25.9,0.0,-0.0,-2.8,-0.0,1669,642,0,15,23
217,31.06,33525,409.24,409.04,-0.20,-24.6,-21.8,0.0,0.0,-2.8,-0.0,1619,589,0,15,19
218,31.14,33524,409.23,409.04,-0.20,-24.8,-21.8,0.0,0.0,-3.0,-0.0,1607,574,0,15,19
219,31.30,33524,409.23,409.03,-0.21,-25.9,-23.2,0.0,0.0,-2.7,-0.0,1607,576,0,16,19
220,31.47,33526,409.25,409.01,-0.24,-30.2,-27.3,0.0,-0.0,-2.9,-0.0,1632,603,0,18,23
221,31.65,33519,409.17,409.00,-0.17,-22.0,-19.1,0.0,0.0,-2.9,-0.0,1544,510,0,15,15
222,31.73,33519,409.17,408.99,-0.17,-22.2,-19.1,0.0,0.0,-3.1,-0.0,1544,510,0,15,15
223,31.89,33519,409.17,408.98,-0.18,-23.3,-20.5,0.0,0.0,-2.9,-0.0,1544,513,0,16,16
224,32.06,33516,409.13,408.97,-0.17,-22.0,-19.1,0.0,0.0,-2.9,-0.0,1507,471,0,16,14
225,32.14,33515,409.12,408.96,-0.16,-20.7,-17.7,0.0,0.0,-3.0,-0.0,1494,453,0,15,13
226,32.32,33514,409.11,408.94,-0.16,-20.7,-17.7,0.0,0.0,-2.9,-0.0,1482,451,0,15,13
227,32.49,33512,409.08,408.93,-0.15,-19.4,-16.4,0.0,0.0,-3.0,-0.0,1457,422,0,15,11
228,32.57,33510,409.06,408.92,-0.13,-18.2,-15.0,0.0,0.0,-3.2,-0.0,1432,394,0,15,10
229,32.74,33509,409.05,408.91,-0.13,-17.6,-15.0,0.0,0.0,-2.6,-0.0,1419,386,0,14,10
230,32.91,33506,409.01,408.90,-0.11,-15.2,-12.3,0.0,0.0,-2.9,-0.0,1382,346,0,13,7
231,33.07,33503,408.97,408.88,-0.09,-12.4,-9.5,0.0,0.0,-2.9,-0.0,1344,306,0,11,5
232,33.16,33503,408.97,408.88,-0.10,-14.2,-10.9,0.0,0.0,-3.3,-0.0,1344,306,0,12,6
233,33.32,33501,408.95,408.86,-0.09,-12.5,-9.5,0.0,0.0,-2.9,-0.0,1319,283,0,11,5
234,33.49,33498,408.91,408.85,-0.06,-9.9,-6.8,0.0,0.0,-3.1,-0.0,1282,243,0,9,3
235,33.58,33498,408.91,408.84,-0.07,-11.4,-8.2,0.0,0.0,-3.2,-0.0,1282,246,0,10,4
236,33.75,33499,408.92,408.83,-0.10,-14.0,-10.9,0.0,-0.0,-3.1,-0.0,1294,264,0,12,5
237,33.92,33494,408.86,408.81,-0.05,-8.6,-5.5,0.0,0.0,-3.1,-0.0,1232,195,0,8,2
238,34.01,33494,408.86,408.80,-0.06,-10.1,-6.8,0.0,0.0,-3.3,-0.0,1232,197,0,9,3
239,34.17,33492,408.84,408.79,-0.05,-8.6,-5.5,0.0,0.0,-3.1,-0.0,1207,174,0,8,2
240,34.34,33492,408.84,408.78,-0.06,-9.8,-6.8,0.0,0.0,-3.0,-0.0,1207,174,0,9,3
241,34.43,33491,408.83,408.77,-0.06,-10.2,-6.8,0.0,0.0,-3.4,-0.0,1194,157,0,10,2
242,34.60,33488,408.79,408.75,-0.04,-7.2,-4.1,0.0,0.0,-3.1,-0.0,1157,124,0,7,1
243,34.78,33486,408.76,408.74,-0.02,-5.9,-2.7,0.0,0.0,-3.2,-0.0,1132,96,0,6,1
244,34.87,33485,408.75,408.73,-0.02,-6.1,-2.7,0.0,0.0,-3.4,-0.0,1119,84,0,6,1
245,35.02,33487,408.78,408.72,-0.06,-9.9,-6.8,0.0,0.0,-3.1,-0.0,1144,113,0,9,2
246,35.18,33483,408.73,408.70,-0.02,-5.9,-2.7,0.0,0.0,-3.1,-0.0,1094,63,0,6,1
247,35.35,33484,408.74,408.69,-0.05,-8.7,-5.5,0.0,0.0,-3.3,-0.0,1107,77,0,8,1
248,35.45,33484,408.74,408.68,-0.06,-10.4,-6.8,0.0,-0.0,-3.6,-0.0,1107,80,0,10,1
249,35.62,33484,408.74,408.66,-0.07,-11.6,-8.2,0.0,-0.0,-3.4,-0.0,1107,81,0,11,1
250,35.78,33482,408.72,408.65,-0.06,-10.0,-6.8,0.0,0.0,-3.2,-0.0,1082,51,0,10,1
251,35.86,33482,408.72,408.64,-0.07,-11.4,-8.2,0.0,-0.0,-3.2,-0.0,1082,57,0,11,1
252,36.03,33483,408.73,408.63,-0.10,-14.2,-10.9,0.0,-0.0,-3.3,-0.0,1094,69,0,14,1
253,36.19,33483,408.73,408.61,-0.11,-15.5,-12.3,0.0,-0.0,-3.2,-0.0,1094,68,0,15,2
254,36.34,33482,408.72,408.60,-0.12,-16.9,-13.6,0.0,-0.0,-3.3,-0.0,1082,58,0,16,1
255,36.43,33481,408.70,408.59,-0.11,-15.7,-12.3,0.0,-0.0,-3.4,-0.0,1069,43,0,15,1
256,36.59,33481,408.70,408.58,-0.12,-16.8,-13.6,0.0,-0.0,-3.2,-0.0,1069,42,0,16,1
257,36.76,33481,408.70,408.56,-0.15,-19.8,-16.4,0.0,-0.0,-3.4,-0.0,1069,42,0,19,1
258,36.85,33481,408.70,408.55,-0.15,-19.9,-16.4,0.0,-0.0,-3.5,-0.0,1069,42,0,19,1
259,37.01,33478,408.67,408.54,-0.13,-18.4,-15.0,0.0,-0.0,-3.4,-0.0,1032,2,0,18,0
260,37.17,33478,408.67,408.52,-0.15,-19.7,-16.4,0.0,-0.0,-3.4,-0.0,1032,3,0,19,0
261,37.35,33476,408.64,408.51,-0.13,-18.4,-15.0,0.0,0.0,-3.4,-0.0,1007,4071,0,18,-1
262,37.43,33476,408.64,408.50,-0.15,-19.9,-16.4,0.0,0.0,-3.6,-0.0,1007,4071,0,19,-1
263,37.61,33477,408.65,408.48,-0.17,-22.7,-19.1,0.0,-0.0,-3.6,-0.0,1019,4089,0,22,0
264,37.78,33477,408.65,408.47,-0.18,-24.0,-20.5,0.0,-0.0,-3.6,-0.0,1019,4091,0,23,0
265,37.85,33477,408.65,408.46,-0.20,-24.9,-21.8,0.0,-0.0,-3.1,-0.0,1019,4090,0,24,0
266,38.02,33474,408.62,408.44,-0.17,-22.5,-19.1,0.0,-0.0,-3.4,-0.0,982,4051,0,22,-2
267,38.20,33473,408.61,408.43,-0.18,-24.0,-20.5,0.0,-0.0,-3.6,-0.0,969,4035,0,23,-2
268,38.27,33472,408.59,408.42,-0.17,-22.5,-19.1,0.0,0.0,-3.4,-0.0,957,4022,0,22,-2
269,38.44,33472,408.59,408.40,-0.20,-25.1,-21.8,0.0,-0.0,-3.3,-0.0,957,4022,0,24,-3
270,38.60,33472,408.59,408.39,-0.21,-26.6,-23.2,0.0,-0.0,-3.4,-0.0,957,4025,0,26,-3
271,38.78,33469,408.56,408.37,-0.18,-23.9,-20.5,0.0,0.0,-3.5,-0.0,919,3984,0,23,-4
272,38.87,33466,408.52,408.36,-0.16,-21.6,-17.7,0.0,0.0,-3.9,-0.0,882,3943,0,20,-5
273,39.03,33465,408.51,408.35,-0.16,-21.2,-17.7,0.0,0.0,-3.5,-0.0,869,3931,0,20,-5
274,39.20,33465,408.51,408.33,-0.18,-24.1,-20.5,0.0,0.0,-3.6,-0.0,869,3931,0,23,-6
275,39.29,33462,408.47,408.32,-0.15,-20.3,-16.4,0.0,0.0,-4.0,-0.0,832,3888,0,19,-6
276,39.46,33459,408.44,408.30,-0.13,-18.5,-15.0,0.0,0.0,-3.5,-0.0,794,3852,0,17,-7
277,39.63,33455,408.39,408.29,-0.10,-14.6,-10.9,0.0,0.0,-3.7,-0.0,744,3801,0,13,-6
278,39.72,33455,408.39,408.28,-0.11,-15.9,-12.3,0.0,0.0,-3.7,-0.0,744,3801,0,14,-7
279,39.88,33454,408.37,408.26,-0.11,-15.9,-12.3,0.0,0.0,-3.6,-0.0,732,3788,0,14,-7
280,40.05,33452,408.35,408.24,-0.11,-15.8,-12.3,0.0,0.0,-3.6,-0.0,707,3767,0,13,-7
281,40.14,33451,408.34,408.24,-0.10,-14.9,-10.9,0.0,0.0,-4.0,-0.0,694,3753,0,12,-7
282,40.30,33451,408.34,408.22,-0.12,-17.2,-13.6,0.0,-0.0,-3.6,-0.0,694,3760,0,15,-8
283,40.47,33449,408.31,408.20,-0.11,-15.8,-12.3,0.0,0.0,-3.5,-0.0,669,3732,0,13,-8
284,40.63,33445,408.26,408.19,-0.07,-12.0,-8.2,0.0,0.0,-3.8,-0.0,619,3677,0,9,-7
285,40.72,33443,408.24,408.18,-0.06,-10.6,-6.8,0.0,0.0,-3.8,-0.0,594,3652,0,8,-6
286,40.88,33441,408.22,408.16,-0.05,-9.0,-5.5,0.0,0.0,-3.6,-0.0,569,3626,0,7,-6
287,41.05,33440,408.20,408.14,-0.06,-10.7,-6.8,0.0,0.0,-3.9,-0.0,557,3613,0,8,-7
288,41.14,33440,408.20,408.13,-0.07,-12.1,-8.2,0.0,0.0,-3.9,-0.0,557,3615,0,9,-8
289,41.31,33437,408.17,408.12,-0.05,-9.3,-5.5,0.0,0.0,-3.8,-0.0,519,3579,0,6,-6
290,41.49,33437,408.17,408.10,-0.07,-12.1,-8.2,0.0,-0.0,-3.9,-0.0,519,3583,0,8,-8
291,41.58,33434,408.13,408.09,-0.04,-8.2,-4.1,0.0,0.0,-4.1,-0.0,482,3543,0,5,-6
292,41.75,33432,408.11,408.07,-0.04,-8.2,-4.1,0.0,0.0,-4.2,-0.0,457,3516,0,5,-6
293,41.90,33432,408.11,408.06,-0.05,-9.1,-5.5,0.0,0.0,-3.7,-0.0,457,3520,0,6,-7
294,41.99,33433,408.12,408.05,-0.07,-12.1,-8.2,0.0,-0.0,-3.9,-0.0,469,3535,0,8,-9
295,42.15,33431,408.09,408.03,-0.06,-10.5,-6.8,0.0,0.0,-3.6,-0.0,444,3508,0,6,-8
296,42.32,33431,408.09,408.01,-0.09,-13.4,-9.5,0.0,-0.0,-3.9,-0.0,444,3513,0,8,-10
297,42.48,33428,408.06,407.99,-0.06,-10.7,-6.8,0.0,-0.0,-3.9,-0.0,407,3474,0,6,-8
298,42.57,33427,408.04,407.98,-0.06,-10.7,-6.8,0.0,-0.0,-3.9,-0.0,394,3458,0,6,-9
299,42.73,33428,408.06,407.97,-0.09,-13.5,-9.5,0.0,-0.0,-4.0,-0.0,407,3473,0,8,-11
300,42.90,33426,408.03,407.95,-0.09,-13.4,-9.5,0.0,-0.0,-3.8,-0.0,382,3447,0,7,-11
301,42.98,33426,408.03,407.94,-0.10,-15.1,-10.9,0.0,-0.0,-4.2,-0.0,382,3446,0,8,-12
302,43.15,33423,408.00,407.92,-0.07,-12.1,-8.2,0.0,-0.0,-3.9,-0.0,344,3409,0,6,-10
303,43.31,33426,408.03,407.91,-0.12,-17.8,-13.6,0.0,-0.0,-4.1,-0.0,382,3451,0,9,-14
304,43.48,33425,408.02,407.89,-0.13,-18.9,-15.0,0.0,-0.0,-3.9,-0.0,369,3440,0,10,-15
305,43.57,33425,408.02,407.88,-0.15,-20.6,-16.4,0.0,-0.0,-4.3,-0.0,369,3439,0,11,-17
306,43.74,33424,408.01,407.86,-0.15,-20.5,-16.4,0.0,-0.0,-4.1,-0.0,357,3429,0,10,-17
307,43.90,33422,407.98,407.84,-0.15,-20.2,-16.4,0.0,-0.0,-3.8,-0.0,332,3400,0,9,-17
308,43.99,33421,407.97,407.83,-0.13,-19.3,-15.0,0.0,-0.0,-4.3,-0.0,319,3383,0,9,-17
309,44.15,33418,407.93,407.81,-0.12,-17.7,-13.6,0.0,0.0,-4.1,-0.0,282,3343,0,7,-16
310,44.32,33418,407.93,407.79,-0.13,-19.2,-15.0,0.0,0.0,-4.1,-0.0,282,3345,0,8,-17
311,44.48,33418,407.93,407.78,-0.16,-21.8,-17.7,0.0,-0.0,-4.0,-0.0,282,3348,0,9,-19
312,44.56,33417,407.92,407.77,-0.16,-21.9,-17.7,0.0,-0.0,-4.2,-0.0,269,3333,0,8,-20
313,44.73,33416,407.91,407.75,-0.16,-21.8,-17.7,0.0,-0.0,-4.1,-0.0,257,3324,0,8,-20
314,44.90,33414,407.89,407.73,-0.16,-21.7,-17.7,0.0,-0.0,-3.9,-0.0,232,3298,0,7,-20
315,44.99,33414,407.89,407.72,-0.17,-23.6,-19.1,0.0,-0.0,-4.5,-0.0,232,3297,0,8,-21
316,45.15,33411,407.85,407.70,-0.15,-20.4,-16.4,0.0,0.0,-4.0,-0.0,194,3256,0,6,-19
317,45.31,33410,407.84,407.68,-0.16,-21.7,-17.7,0.0,-0.0,-4.0,-0.0,182,3245,0,6,-20
318,45.47,33407,407.80,407.67,-0.13,-19.1,-15.0,0.0,0.0,-4.1,-0.0,144,3202,0,4,-18
319,45.56,33406,407.79,407.66,-0.13,-19.3,-15.0,0.0,0.0,-4.3,-0.0,132,3191,0,3,-18
320,45.73,33407,407.80,407.64,-0.16,-21.9,-17.7,0.0,-0.0,-4.2,-0.0,144,3208,0,4,-21
321,45.89,33401,407.73,407.62,-0.11,-16.3,-12.3,0.0,0.0,-4.0,-0.0,69,3126,0,1,-16
322,45.98,33398,407.69,407.61,-0.09,-13.9,-9.5,0.0,0.0,-4.4,-0.0,32,3085,0,0,-13
323,46.15,33398,407.69,407.59,-0.10,-15.2,-10.9,0.0,0.0,-4.3,-0.0,32,3091,0,0,-15
324,46.30,33395,407.65,407.57,-0.09,-13.7,-9.5,0.0,0.0,-4.1,-0.0,4090,3050,0,0,-13
325,46.47,33393,407.63,407.55,-0.07,-12.4,-8.2,0.0,0.0,-4.2,-0.0,4065,3024,0,-1,-12
326,46.56,33389,407.58,407.54,-0.04,-8.5,-4.1,0.0,0.0,-4.4,-0.0,4015,2973,0,-1,-8
327,46.73,33389,407.58,407.52,-0.06,-11.2,-6.8,0.0,0.0,-4.4,-0.0,4015,2977,0,-2,-11
328,46.90,33388,407.57,407.50,-0.07,-12.6,-8.2,0.0,0.0,-4.4,-0.0,4003,2965,0,-2,-12
329,47.06,33386,407.54,407.48,-0.06,-11.4,-6.8,0.0,0.0,-4.5,-0.0,3978,2940,0,-2,-11
330,47.15,33385,407.53,407.47,-0.06,-11.4,-6.8,0.0,0.0,-4.6,-0.0,3965,2928,0,-2,-11
331,47.31,33384,407.52,407.45,-0.07,-12.7,-8.2,0.0,-0.0,-4.5,-0.0,3953,2921,0,-3,-12
332,47.48,33380,407.47,407.43,-0.04,-8.5,-4.1,0.0,0.0,-4.4,-0.0,3903,2865,0,-3,-8
333,47.57,33378,407.45,407.42,-0.02,-7.5,-2.7,0.0,0.0,-4.7,-0.0,3878,2838,0,-3,-7
334,47.75,33375,407.41,407.40,-0.01,-5.9,-1.4,0.0,0.0,-4.5,-0.0,3840,2799,0,-2,-5
335,47.83,33375,407.41,407.39,-0.02,-7.3,-2.7,0.0,0.0,-4.6,-0.0,3840,2801,0,-3,-6
336,48.00,33374,407.40,407.37,-0.02,-7.0,-2.7,0.0,0.0,-4.3,-0.0,3828,2790,0,-3,-6
337,48.17,33372,407.37,407.35,-0.02,-7.0,-2.7,0.0,0.0,-4.2,-0.0,3803,2768,0,-3,-6
338,48.32,33372,407.37,407.33,-0.04,-8.4,-4.1,0.0,-0.0,-4.3,-0.0,3803,2775,0,-4,-7
339,48.40,33371,407.36,407.32,-0.04,-8.4,-4.1,0.0,-0.0,-4.3,-0.0,3790,2760,0,-4,-7
340,48.56,33371,407.36,407.30,-0.06,-11.2,-6.8,0.0,-0.0,-4.4,-0.0,3790,2761,0,-5,-10
341,48.73,33367,407.31,407.28,-0.04,-8.6,-4.1,0.0,-0.0,-4.5,-0.0,3740,2707,0,-4,-7
342,48.90,33367,407.31,407.26,-0.05,-9.7,-5.5,0.0,-0.0,-4.3,-0.0,3740,2709,0,-5,-8
343,48.99,33367,407.31,407.25,-0.06,-11.6,-6.8,0.0,-0.0,-4.7,-0.0,3740,2708,0,-6,-9
344,49.15,33366,407.30,407.23,-0.07,-12.6,-8.2,0.0,-0.0,-4.5,-0.0,3728,2697,0,-7,-10
345,49.32,33365,407.29,407.21,-0.07,-12.7,-8.2,0.0,-0.0,-4.5,-0.0,3715,2685,0,-7,-10
346,49.48,33363,407.26,407.19,-0.07,-12.6,-8.2,0.0,-0.0,-4.4,-0.0,3690,2660,0,-7,-10
347,49.56,33361,407.24,407.18,-0.06,-11.5,-6.8,0.0,-0.0,-4.6,-0.0,3665,2632,0,-7,-9
348,49.73,33362,407.25,407.16,-0.10,-15.5,-10.9,0.0,-0.0,-4.6,-0.0,3678,2648,0,-9,-12
349,49.90,33362,407.25,407.14,-0.11,-17.0,-12.3,0.0,-0.0,-4.7,-0.0,3678,2649,0,-10,-13
350,49.99,33362,407.25,407.13,-0.12,-18.6,-13.6,0.0,-0.0,-5.0,-0.0,3678,2649,0,-11,-14
351,50.16,33362,407.25,407.10,-0.15,-21.0,-16.4,0.0,-0.0,-4.6,-0.0,3678,2653,0,-12,-16
352,50.34,33363,407.26,407.08,-0.18,-25.2,-20.5,0.0,-0.0,-4.7,-0.0,3690,2669,0,-14,-20
353,50.43,33363,407.26,407.07,-0.20,-26.9,-21.8,0.0,-0.0,-5.1,-0.0,3690,2668,0,-15,-21
354,50.59,33362,407.25,407.05,-0.20,-26.3,-21.8,0.0,-0.0,-4.5,-0.0,3678,2654,0,-15,-20
355,50.76,33358,407.20,407.03,-0.17,-23.8,-19.1,0.0,-0.0,-4.8,-0.0,3628,2598,0,-15,-17
356,50.85,33357,407.19,407.02,-0.17,-24.1,-19.1,0.0,-0.0,-5.0,-0.0,3615,2583,0,-16,-17
357,51.03,33355,407.17,407.00,-0.17,-23.6,-19.1,0.0,0.0,-4.5,-0.0,3590,2555,0,-16,-16
358,51.11,33355,407.17,406.98,-0.18,-25.7,-20.5,0.0,0.0,-5.2,-0.0,3590,2553,0,-18,-17
359,51.28,33354,407.15,406.96,-0.20,-26.6,-21.8,0.0,0.0,-4.8,-0.0,3578,2542,0,-19,-18
360,51.45,33352,407.13,406.94,-0.18,-25.1,-20.5,0.0,-0.0,-4.7,-0.0,3553,2520,0,-18,-16
361,51.63,33349,407.09,406.92,-0.17,-23.9,-19.1,0.0,0.0,-4.8,-0.0,3515,2480,0,-18,-14
362,51.71,33349,407.09,406.91,-0.18,-25.6,-20.5,0.0,-0.0,-5.1,-0.0,3515,2482,0,-20,-15
363,51.88,33349,407.09,406.89,-0.21,-27.7,-23.2,0.0,-0.0,-4.6,-0.0,3515,2483,0,-21,-17
364,52.05,33344,407.03,406.86,-0.17,-23.9,-19.1,0.0,0.0,-4.8,-0.0,3453,2414,0,-20,-12
365,52.14,33344,407.03,406.85,-0.18,-25.5,-20.5,0.0,0.0,-5.0,-0.0,3453,2417,0,-21,-13
366,52.30,33342,407.01,406.83,-0.17,-23.8,-19.1,0.0,0.0,-4.7,-0.0,3428,2394,0,-20,-12
367,52.47,33342,407.01,406.81,-0.20,-26.6,-21.8,0.0,0.0,-4.8,-0.0,3428,2394,0,-22,-13
368,52.55,33342,407.01,406.80,-0.21,-28.0,-23.2,0.0,0.0,-4.8,-0.0,3428,2393,0,-23,-14
369,52.71,33339,406.97,406.78,-0.20,-26.3,-21.8,0.0,-0.0,-4.5,-0.0,3390,2359,0,-23,-12
370,52.88,33336,406.93,406.76,-0.18,-25.2,-20.5,0.0,0.0,-4.8,-0.0,3353,2317,0,-22,-10
371,53.04,33332,406.88,406.73,-0.15,-21.2,-16.4,0.0,0.0,-4.8,-0.0,3303,2264,0,-19,-7
372,53.13,33330,406.86,406.72,-0.13,-20.1,-15.0,0.0,0.0,-5.1,-0.0,3278,2235,0,-19,-6
373,53.30,33324,406.79,406.70,-0.09,-14.5,-9.5,0.0,0.0,-4.9,-0.0,3203,2155,0,-14,-2
374,53.47,33322,406.76,406.68,-0.09,-14.5,-9.5,0.0,0.0,-4.9,-0.0,3178,2130,0,-14,-2
375,53.55,33321,406.75,406.67,-0.09,-14.6,-9.5,0.0,0.0,-5.1,-0.0,3165,2118,0,-14,-2
376,53.72,33317,406.70,406.64,-0.06,-11.8,-6.8,0.0,0.0,-4.9,-0.0,3115,2069,0,-11,0
377,53.88,33313,406.65,406.62,-0.04,-8.8,-4.1,0.0,0.0,-4.7,-0.0,3065,2019,0,-9,0
378,53.97,33310,406.62,406.61,-0.01,-6.6,-1.4,0.0,0.0,-5.2,-0.0,3028,1982,0,-6,1
379,54.14,33310,406.62,406.59,-0.02,-7.6,-2.7,0.0,0.0,-4.9,-0.0,3028,1986,0,-7,1
380,54.31,33305,406.56,406.56,0.01,-3.5,1.4,0.0,0.0,-4.8,-0.0,2965,1921,0,-3,1
381,54.47,33303,406.53,406.54,0.01,-3.6,1.4,0.0,0.0,-4.9,-0.0,2940,1895,0,-3,1
382,54.55,33301,406.51,406.53,0.02,-2.2,2.7,0.0,0.0,-4.9,-0.0,2915,1873,0,-2,1
383,54.72,33301,406.51,406.51,0.00,-5.0,0.0,0.0,0.0,-5.0,-0.0,2915,1877,0,-5,1
384,54.89,33297,406.46,406.48,0.02,-2.1,2.7,0.0,0.0,-4.8,-0.0,2865,1825,0,-2,1
385,54.97,33295,406.43,406.47,0.04,-1.4,4.1,0.0,0.0,-5.5,-0.0,2840,1800,0,-1,0
386,55.14,33293,406.41,406.45,0.04,-0.8,4.1,0.0,0.0,-4.9,-0.0,2815,1776,0,-1,0
387,55.31,33292,406.40,406.43,0.02,-2.4,2.7,0.0,0.0,-5.1,-0.0,2803,1765,0,-2,1
388,55.46,33290,406.37,406.40,0.04,-0.9,4.1,0.0,0.0,-4.9,-0.0,2778,1738,0,-1,0
389,55.55,33287,406.34,406.39,0.06,1.5,6.8,0.0,0.0,-5.3,-0.0,2740,3748,0,1,-1
390,55.71,33285,406.31,406.37,0.06,1.8,6.8,0.0,0.0,-5.0,-0.0,2715,3724,0,2,-1
391,55.88,33284,406.30,406.35,0.05,0.6,5.5,0.0,0.0,-4.9,-0.0,2703,3714,0,0,0
392,55.96,33282,406.27,406.34,0.06,1.6,6.8,0.0,0.0,-5.2,-0.0,2678,3686,0,1,-1
393,56.13,33281,406.26,406.31,0.05,0.6,5.5,0.0,0.0,-4.8,-0.0,2665,3676,0,0,0
394,56.30,33280,406.25,406.29,0.04,-1.1,4.1,0.0,-0.0,-5.2,-0.0,2653,1621,0,-1,1
395,56.47,33280,406.25,406.26,0.01,-3.8,1.4,0.0,-0.0,-5.1,-0.0,2653,1622,0,-3,2
396,56.55,33279,406.24,406.25,0.01,-4.0,1.4,0.0,-0.0,-5.4,-0.0,2640,1608,0,-3,2
397,56.72,33279,406.24,406.23,-0.01,-6.4,-1.4,0.0,-0.0,-5.1,-0.0,2640,1613,0,-5,4
398,56.89,33278,406.23,406.20,-0.02,-8.0,-2.7,0.0,-0.0,-5.2,-0.0,2628,1601,0,-6,5
399,56.96,33277,406.21,406.19,-0.02,-7.6,-2.7,0.0,-0.0,-4.8,-0.0,2615,1587,0,-6,5
400,57.13,33276,406.20,406.17,-0.02,-7.9,-2.7,0.0,-0.0,-5.2,-0.0,2603,1573,0,-6,5
401,57.29,33274,406.18,406.15,-0.02,-7.8,-2.7,0.0,-0.0,-5.1,-0.0,2578,1547,0,-5,5
402,57.46,33274,406.18,406.12,-0.05,-10.5,-5.5,0.0,-0.0,-5.0,-0.0,2578,1547,0,-7,7
403,57.54,33274,406.18,406.11,-0.06,-12.3,-6.8,0.0,-0.0,-5.5,-0.0,2578,1548,0,-9,8
404,57.72,33272,406.15,406.09,-0.06,-12.2,-6.8,0.0,-0.0,-5.4,-0.0,2553,1521,0,-8,9
405,57.88,33274,406.18,406.06,-0.11,-17.3,-12.3,0.0,-0.0,-5.1,-0.0,2578,1553,0,-12,12
406,57.97,33274,406.18,406.05,-0.12,-19.3,-13.6,0.0,-0.0,-5.7,-0.0,2578,1554,0,-14,13
407,58.14,33273,406.16,406.02,-0.13,-20.3,-15.0,0.0,-0.0,-5.3,-0.0,2565,1540,0,-14,14
408,58.31,33273,406.16,406.00,-0.16,-22.8,-17.7,0.0,-0.0,-5.1,-0.0,2565,1542,0,-16,16
409,58.39,33272,406.15,405.99,-0.16,-23.0,-17.7,0.0,-0.0,-5.3,-0.0,2553,1529,0,-16,16
410,58.55,33269,406.12,405.97,-0.15,-21.6,-16.4,0.0,-0.0,-5.2,-0.0,2515,1484,0,-14,16
411,58.71,33271,406.14,405.94,-0.20,-27.1,-21.8,0.0,-0.0,-5.2,-0.0,2540,1513,0,-18,19
412,58.87,33268,406.10,405.92,-0.18,-25.8,-20.5,0.0,-0.0,-5.3,-0.0,2503,1471,0,-16,19
413,58.96,33268,406.10,405.90,-0.20,-27.5,-21.8,0.0,-0.0,-5.7,-0.0,2503,1471,0,-17,21
414,59.13,33267,406.09,405.88,-0.21,-28.1,-23.2,0.0,-0.0,-4.9,-0.0,2490,1462,0,-17,21
415,59.29,33265,406.07,405.86,-0.21,-28.5,-23.2,0.0,-0.0,-5.3,-0.0,2465,1435,0,-16,22
416,59.45,33265,406.07,405.83,-0.23,-31.1,-25.9,0.0,-0.0,-5.2,-0.0,2465,1432,0,-18,24
417,59.54,33265,406.07,405.82,-0.24,-32.9,-27.3,0.0,-0.0,-5.7,-0.0,2465,1436,0,-19,26
418,59.71,33261,406.02,405.79,-0.22,-29.9,-24.5,0.0,-0.0,-5.3,-0.0,2415,1382,0,-15,25
419,59.87,33258,405.98,405.77,-0.21,-28.4,-23.2,0.0,0.0,-5.2,-0.0,2378,1342,0,-13,24
420,59.96,33256,405.96,405.76,-0.20,-27.4,-21.8,0.0,0.0,-5.6,-0.0,2353,1315,0,-11,24
421,60.13,33253,405.92,405.73,-0.20,-27.3,-21.8,0.0,0.0,-5.5,-0.0,2315,1273,0,-10,25
422,60.29,33250,405.88,405.71,-0.18,-25.8,-20.5,0.0,0.0,-5.3,-0.0,2278,1232,0,-8,24
423,60.39,33249,405.87,405.69,-0.18,-27.0,-20.5,0.0,0.0,-6.6,-0.0,2265,1220,0,-8,25
424,60.56,33245,405.82,405.67,-0.16,-23.1,-17.7,0.0,0.0,-5.4,-0.0,2215,1172,0,-5,22
425,60.73,33242,405.79,405.64,-0.15,-22.2,-16.4,0.0,0.0,-5.9,-0.0,2178,1137,0,-4,21
426,60.82,33241,405.77,405.63,-0.15,-22.2,-16.4,0.0,0.0,-5.8,-0.0,2165,1123,0,-3,21
427,60.99,33239,405.75,405.60,-0.15,-21.8,-16.4,0.0,0.0,-5.4,-0.0,2140,1101,0,-2,21
428,61.15,33234,405.69,405.58,-0.11,-17.8,-12.3,0.0,0.0,-5.5,-0.0,2078,1035,0,0,17
429,61.32,33230,405.64,405.55,-0.09,-15.2,-9.5,0.0,0.0,-5.7,-0.0,2028,986,0,1,15
430,61.39,33229,405.63,405.54,-0.09,-14.7,-9.5,0.0,0.0,-5.1,-0.0,2015,973,0,1,14
431,61.56,33225,405.58,405.51,-0.06,-12.2,-6.8,0.0,0.0,-5.4,-0.0,1965,919,0,2,12
432,61.73,33216,405.47,405.49,0.02,-3.2,2.7,0.0,0.0,-6.0,-0.0,1853,797,0,1,3
433,61.81,33215,405.46,405.47,0.01,-4.6,1.4,0.0,0.0,-6.0,-0.0,1840,786,0,2,4
434,61.98,33213,405.43,405.45,0.01,-4.3,1.4,0.0,0.0,-5.6,-0.0,1815,766,0,2,4
435,62.15,33210,405.40,405.42,0.02,-2.9,2.7,0.0,0.0,-5.6,-0.0,1778,729,0,1,3
436,62.31,33208,405.37,405.40,0.02,-3.0,2.7,0.0,0.0,-5.7,-0.0,1753,708,0,1,3
437,62.40,33206,405.35,405.38,0.04,-1.8,4.1,0.0,0.0,-5.8,-0.0,1728,689,0,1,1
438,62.56,33204,405.32,405.36,0.04,-1.2,4.1,0.0,0.0,-5.3,-0.0,1703,664,0,1,1
439,62.73,33202,405.30,405.33,0.04,-1.7,4.1,0.0,0.0,-5.8,-0.0,1678,640,0,1,1
440,62.82,33202,405.30,405.32,0.02,-3.3,2.7,0.0,0.0,-6.1,-0.0,1678,641,0,2,3
441,62.98,33198,405.25,405.29,0.04,-1.5,4.1,0.0,0.0,-5.6,-0.0,1628,589,0,1,1
442,63.15,33196,405.22,405.27,0.04,-1.5,4.1,0.0,0.0,-5.6,-0.0,1603,564,0,1,1
443,63.31,33194,405.20,405.24,0.04,-1.7,4.1,0.0,-0.0,-5.8,-0.0,1578,542,0,1,1
444,63.40,33192,405.18,405.23,0.05,-0.6,5.5,0.0,0.0,-6.0,-0.0,1553,513,0,0,0
445,63.57,33187,405.11,405.20,0.09,4.1,9.5,0.0,0.0,-5.5,-0.0,1490,2494,0,-3,-2
446,63.74,33186,405.10,405.17,0.07,2.0,8.2,0.0,0.0,-6.2,-0.0,1478,2483,0,-2,-1
447,63.83,33187,405.11,405.16,0.04,-2.1,4.1,0.0,0.0,-6.2,-0.0,1490,452,0,2,1
448,63.99,33187,405.11,405.13,0.01,-4.3,1.4,0.0,-0.0,-5.7,-0.0,1490,456,0,3,3
449,64.17,33183,405.07,405.10,0.04,-1.7,4.1,0.0,-0.0,-5.8,-0.0,1440,406,0,1,1
450,64.25,33181,405.04,405.09,0.05,-0.8,5.5,0.0,-0.0,-6.3,-0.0,1415,382,0,1,0
451,64.42,33183,405.07,405.06,0.00,-6.1,0.0,0.0,-0.0,-6.1,-0.0,1440,411,0,5,4
452,64.59,33182,405.05,405.03,-0.02,-8.7,-2.7,0.0,-0.0,-6.0,-0.0,1428,397,0,7,5
453,64.68,33182,405.05,405.02,-0.04,-10.4,-4.1,0.0,-0.0,-6.3,-0.0,1428,396,0,8,6
454,64.85,33178,405.00,404.99,-0.01,-7.1,-1.4,0.0,-0.0,-5.7,-0.0,1378,347,0,6,3
455,65.02,33180,405.03,404.97,-0.06,-12.7,-6.8,0.0,-0.0,-5.9,-0.0,1403,376,0,10,7
456,65.11,33178,405.00,404.95,-0.05,-12.0,-5.5,0.0,-0.0,-6.6,-0.0,1378,346,0,10,6
457,65.27,33177,404.99,404.92,-0.07,-14.2,-8.2,0.0,-0.0,-6.0,-0.0,1365,334,0,12,7
458,65.44,33180,405.03,404.90,-0.13,-21.1,-15.0,0.0,-0.0,-6.1,-0.0,1403,379,0,17,11
459,65.52,33181,405.04,404.88,-0.16,-24.0,-17.7,0.0,-0.0,-6.2,-0.0,1415,396,0,19,13
460,65.70,33180,405.03,404.86,-0.17,-25.1,-19.1,0.0,-0.0,-6.1,-0.0,1403,379,0,20,13
461,65.86,33177,404.99,404.83,-0.17,-24.9,-19.1,0.0,-0.0,-5.8,-0.0,1365,341,0,21,12
462,65.95,33176,404.98,404.81,-0.17,-25.5,-19.1,0.0,-0.0,-6.4,-0.0,1353,327,0,22,12
463,66.12,33175,404.97,404.79,-0.18,-26.4,-20.5,0.0,-0.0,-5.9,-0.0,1340,309,0,23,12
464,66.29,33175,404.97,404.76,-0.21,-29.3,-23.2,0.0,-0.0,-6.1,-0.0,1340,307,0,25,13
465,66.46,33180,405.03,404.73,-0.31,-40.1,-34.1,0.0,-0.0,-6.0,-0.0,1403,379,0,32,21
466,66.54,33176,404.98,404.72,-0.27,-36.3,-30.0,0.0,-0.0,-6.3,-0.0,1353,327,0,31,17
467,66.71,33174,404.96,404.69,-0.27,-35.8,-30.0,0.0,-0.0,-5.8,-0.0,1328,303,0,31,16
468,66.88,33172,404.93,404.66,-0.27,-36.3,-30.0,0.0,-0.0,-6.3,-0.0,1303,274,0,32,14
469,66.97,33172,404.93,404.64,-0.29,-39.4,-32.7,0.0,-0.0,-6.7,-0.0,1303,274,0,35,16
470,67.13,33170,404.91,404.62,-0.29,-38.8,-32.7,0.0,0.0,-6.1,-0.0,1278,239,0,35,13
471,67.30,33167,404.87,404.59,-0.28,-37.6,-31.4,0.0,-0.0,-6.2,-0.0,1240,205,0,35,11
472,67.39,33165,404.85,404.57,-0.27,-36.7,-30.0,0.0,0.0,-6.7,-0.0,1215,177,0,34,10
473,67.55,33165,404.85,404.55,-0.31,-40.1,-34.1,0.0,-0.0,-6.0,-0.0,1215,181,0,37,11
474,67.73,33158,404.76,404.52,-0.24,-33.7,-27.3,0.0,0.0,-6.4,-0.0,1128,82,0,32,4
475,67.81,33157,404.75,404.50,-0.24,-33.8,-27.3,0.0,0.0,-6.6,-0.0,1115,71,0,33,4
476,67.98,33157,404.75,404.47,-0.28,-37.5,-31.4,0.0,0.0,-6.2,-0.0,1115,76,0,36,4
477,68.15,33154,404.71,404.44,-0.27,-36.2,-30.0,0.0,0.0,-6.2,-0.0,1078,38,0,35,2
478,68.24,33151,404.68,404.43,-0.24,-34.0,-27.3,0.0,0.0,-6.7,-0.0,1040,4090,0,33,0
479,68.41,33148,404.64,404.40,-0.24,-33.8,-27.3,0.0,0.0,-6.5,-0.0,1003,4060,0,33,-2
480,68.58,33146,404.61,404.37,-0.24,-33.7,-27.3,0.0,0.0,-6.4,-0.0,978,4035,0,33,-3
481,68.67,33142,404.57,404.36,-0.21,-29.9,-23.2,0.0,0.0,-6.7,-0.0,928,3976,0,28,-5
482,68.83,33137,404.50,404.33,-0.18,-26.6,-20.5,0.0,0.0,-6.1,-0.0,865,3913,0,25,-7
483,69.00,33133,404.46,404.30,-0.16,-23.9,-17.7,0.0,0.0,-6.2,-0.0,815,3865,0,22,-8
484,69.09,33130,404.42,404.28,-0.13,-22.0,-15.0,0.0,0.0,-7.0,-0.0,778,3821,0,19,-9
485,69.26,33124,404.35,404.25,-0.09,-15.8,-9.5,0.0,0.0,-6.3,-0.0,703,3743,0,13,-8
486,69.42,33119,404.28,404.23,-0.06,-13.3,-6.8,0.0,0.0,-6.5,-0.0,640,3684,0,10,-8
487,69.59,33113,404.21,404.20,-0.01,-7.6,-1.4,0.0,0.0,-6.2,-0.0,565,3605,0,5,-5
488,69.68,33111,404.19,404.18,0.00,-6.6,0.0,0.0,0.0,-6.6,-0.0,540,3578,0,4,-5
489,69.85,33106,404.13,404.15,0.02,-3.4,2.7,0.0,0.0,-6.1,-0.0,478,3520,0,2,-3
490,70.02,33107,404.14,404.12,-0.01,-7.8,-1.4,0.0,0.0,-6.5,-0.0,490,3541,0,5,-6
491,70.11,33105,404.11,404.11,-0.01,-8.1,-1.4,0.0,0.0,-6.8,-0.0,465,3515,0,5,-6
492,70.27,33098,404.03,404.08,0.05,-0.7,5.5,0.0,0.0,-6.2,-0.0,378,3429,0,0,-1
493,70.44,33094,403.98,404.05,0.07,1.8,8.2,0.0,0.0,-6.4,-0.0,328,1330,0,-1,2
494,70.52,33091,403.94,404.03,0.09,3.4,9.5,0.0,0.0,-6.2,-0.0,290,1292,0,-1,3
495,70.69,33088,403.91,404.00,0.10,4.3,10.9,0.0,0.0,-6.6,-0.0,253,1248,0,-1,4
496,70.86,33084,403.86,403.97,0.12,7.3,13.6,0.0,0.0,-6.3,-0.0,203,1201,0,-2,7
497,70.94,33084,403.86,403.96,0.10,4.1,10.9,0.0,0.0,-6.9,-0.0,203,1205,0,-1,4
498,71.11,33083,403.85,403.93,0.09,3.2,9.5,0.0,0.0,-6.3,-0.0,190,1198,0,-1,3
499,71.27,33077,403.77,403.90,0.13,8.1,15.0,0.0,0.0,-6.9,-0.0,115,1118,0,-1,8
500,71.44,33074,403.74,403.87,0.13,8.4,15.0,0.0,0.0,-6.6,-0.0,78,1085,0,-1,8
501,71.53,33072,403.71,403.86,0.15,9.6,16.4,0.0,0.0,-6.8,-0.0,53,1058,0,0,9
502,71.69,33069,403.67,403.83,0.15,9.8,16.4,0.0,0.0,-6.6,-0.0,15,1016,0,0,9
503,71.85,33065,403.63,403.80,0.17,12.7,19.1,0.0,0.0,-6.4,-0.0,4061,967,0,1,12
504,72.01,33065,403.63,403.77,0.15,9.7,16.4,0.0,0.0,-6.6,-0.0,4061,975,0,1,9
505,72.10,33063,403.60,403.75,0.15,9.2,16.4,0.0,0.0,-7.2,-0.0,4036,946,0,1,9
506,72.26,33058,403.54,403.72,0.18,14.0,20.5,0.0,0.0,-6.4,-0.0,3974,882,0,3,13
507,72.43,33056,403.52,403.69,0.18,14.0,20.5,0.0,0.0,-6.5,-0.0,3949,862,0,3,13
508,72.51,33055,403.50,403.68,0.17,12.2,19.1,0.0,0.0,-6.9,-0.0,3936,848,0,3,11
509,72.68,33055,403.50,403.65,0.15,10.0,16.4,0.0,0.0,-6.4,-0.0,3936,850,0,3,9
510,72.85,33055,403.50,403.62,0.11,5.8,12.3,0.0,-0.0,-6.5,-0.0,3936,857,0,1,5
511,73.02,33051,403.45,403.59,0.13,8.6,15.0,0.0,-0.0,-6.4,-0.0,3886,804,0,3,8
512,73.10,33051,403.45,403.57,0.11,5.0,12.3,0.0,-0.0,-7.3,-0.0,3886,806,0,2,5
513,73.27,33052,403.47,403.54,0.07,1.4,8.2,0.0,-0.0,-6.8,-0.0,3899,822,0,0,1
514,73.44,33048,403.42,403.51,0.09,3.0,9.5,0.0,-0.0,-6.6,-0.0,3849,767,0,1,3
515,73.53,33047,403.41,403.49,0.09,2.6,9.5,0.0,-0.0,-7.0,-0.0,3836,752,0,1,2
516,73.70,33047,403.41,403.46,0.06,0.1,6.8,0.0,-0.0,-6.7,-0.0,3836,758,0,0,0
517,73.87,33046,403.39,403.43,0.04,-2.6,4.1,0.0,-0.0,-6.7,-0.0,3824,2793,0,-1,-2
518,73.95,33045,403.38,403.41,0.04,-3.2,4.1,0.0,-0.0,-7.3,-0.0,3811,2776,0,-1,-3
519,74.12,33043,403.36,403.38,0.02,-4.0,2.7,0.0,-0.0,-6.7,-0.0,3786,2755,0,-2,-3
520,74.29,33042,403.34,403.35,0.01,-5.6,1.4,0.0,-0.0,-7.0,-0.0,3774,2742,0,-3,-5
521,74.38,33042,403.34,403.33,-0.01,-9.0,-1.4,0.0,-0.0,-7.6,-0.0,3774,2742,0,-4,-8
522,74.55,33039,403.31,403.30,0.00,-6.9,0.0,0.0,-0.0,-6.9,-0.0,3736,2702,0,-4,-6
523,74.71,33041,403.33,403.27,-0.06,-13.4,-6.8,0.0,-0.0,-6.6,-0.0,3761,2734,0,-6,-11
524,74.80,33041,403.33,403.26,-0.07,-15.3,-8.2,0.0,-0.0,-7.1,-0.0,3761,2734,0,-7,-13
525,74.97,33043,403.36,403.23,-0.13,-21.7,-15.0,0.0,-0.0,-6.7,-0.0,3786,2763,0,-10,-19
526,75.13,33043,403.36,403.19,-0.16,-24.3,-17.7,0.0,-0.0,-6.6,-0.0,3786,2765,0,-11,-21
527,75.30,33044,403.37,403.16,-0.21,-29.9,-23.2,0.0,-0.0,-6.7,-0.0,3799,2781,0,-13,-26
528,75.38,33044,403.37,403.15,-0.22,-31.7,-24.5,0.0,-0.0,-7.2,-0.0,3799,2780,0,-13,-28
529,75.55,33041,403.33,403.11,-0.22,-31.6,-24.5,0.0,-0.0,-7.1,-0.0,3761,2735,0,-15,-27
530,75.73,33041,403.33,403.08,-0.26,-36.4,-28.6,0.0,-0.0,-7.8,-0.0,3761,2734,0,-17,-31
531,75.81,33041,403.33,403.07,-0.27,-37.1,-30.0,0.0,-0.0,-7.1,-0.0,3761,2734,0,-18,-31
532,75.99,33039,403.31,403.03,-0.28,-38.2,-31.4,0.0,-0.0,-6.9,-0.0,3736,2705,0,-20,-31
533,76.15,33039,403.31,403.00,-0.31,-40.9,-34.1,0.0,-0.0,-6.8,-0.0,3736,2706,0,-21,-34
534,76.24,33038,403.30,402.98,-0.32,-43.2,-35.5,0.0,-0.0,-7.7,-0.0,3724,2695,0,-23,-35
535,76.42,33035,403.26,402.95,-0.31,-41.0,-34.1,0.0,-0.0,-6.9,-0.0,3686,2653,0,-24,-32
536,76.58,33034,403.25,402.92,-0.33,-43.9,-36.8,0.0,-0.0,-7.1,-0.0,3674,2643,0,-26,-34
537,76.67,33032,403.22,402.90,-0.32,-42.8,-35.5,0.0,-0.0,-7.3,-0.0,3649,2614,0,-27,-32
538,76.84,33028,403.17,402.87,-0.31,-40.9,-34.1,0.0,0.0,-6.9,-0.0,3599,2559,0,-28,-28
539,77.00,33024,403.12,402.84,-0.28,-38.1,-31.4,0.0,0.0,-6.8,-0.0,3549,2508,0,-28,-24
540,77.09,33024,403.12,402.82,-0.31,-41.5,-34.1,0.0,0.0,-7.4,-0.0,3549,2508,0,-31,-26
541,77.25,33019,403.06,402.79,-0.27,-37.1,-30.0,0.0,0.0,-7.1,-0.0,3486,2439,0,-30,-20
542,77.42,33014,403.00,402.76,-0.24,-34.2,-27.3,0.0,0.0,-6.9,-0.0,3424,2379,0,-29,-16
543,77.59,33010,402.95,402.73,-0.23,-32.8,-25.9,0.0,0.0,-6.9,-0.0,3374,2329,0,-29,-13
544,77.67,33010,402.95,402.71,-0.24,-34.9,-27.3,0.0,0.0,-7.6,-0.0,3374,2328,0,-31,-14
545,77.84,33007,402.92,402.68,-0.24,-34.1,-27.3,0.0,0.0,-6.8,-0.0,3336,2290,0,-31,-12
546,78.01,32998,402.81,402.64,-0.16,-24.9,-17.7,0.0,0.0,-7.2,-0.0,3224,2171,0,-24,-5
547,78.10,32994,402.76,402.63,-0.13,-22.5,-15.0,0.0,0.0,-7.5,-0.0,3174,2119,0,-22,-2
548,78.26,32993,402.75,402.59,-0.16,-24.7,-17.7,0.0,0.0,-7.0,-0.0,3161,2113,0,-24,-2
549,78.43,32985,402.65,402.56,-0.09,-16.7,-9.5,0.0,0.0,-7.1,-0.0,3061,2000,0,-16,1
550,78.51,32982,402.61,402.55,-0.06,-14.1,-6.8,0.0,0.0,-7.2,-0.0,3024,1962,0,-13,2
551,78.68,32977,402.55,402.51,-0.04,-11.0,-4.1,0.0,0.0,-6.9,-0.0,2961,1907,0,-10,2
552,78.84,32972,402.49,402.48,-0.01,-8.3,-1.4,0.0,0.0,-6.9,-0.0,2899,1841,0,-8,3
553,79.01,32967,402.43,402.45,0.01,-5.4,1.4,0.0,0.0,-6.8,-0.0,2836,1779,0,-5,2
554,79.09,32962,402.37,402.43,0.06,-0.8,6.8,0.0,0.0,-7.6,-0.0,2774,1714,0,-1,0
555,79.26,32957,402.31,402.40,0.09,2.2,9.5,0.0,0.0,-7.3,-0.0,2711,3697,0,2,-1
556,79.41,32956,402.29,402.37,0.07,1.2,8.2,0.0,0.0,-7.0,-0.0,2699,3699,0,1,-1
557,79.58,32950,402.22,402.33,0.11,4.8,12.3,0.0,0.0,-7.5,-0.0,2624,3614,0,3,-3
558,79.67,32946,402.17,402.32,0.15,8.9,16.4,0.0,0.0,-7.5,-0.0,2574,3565,0,6,-6
559,79.84,32941,402.11,402.28,0.17,12.1,19.1,0.0,0.0,-7.0,-0.0,2511,3509,0,7,-9
560,80.01,32937,402.06,402.25,0.18,13.1,20.5,0.0,0.0,-7.4,-0.0,2461,3457,0,7,-11
561,80.10,32935,402.04,402.23,0.20,14.1,21.8,0.0,0.0,-7.7,-0.0,2436,3427,0,7,-12
562,80.26,32928,401.95,402.20,0.24,20.1,27.3,0.0,0.0,-7.2,-0.0,2349,3341,0,8,-18
563,80.43,32928,401.95,402.16,0.21,16.1,23.2,0.0,0.0,-7.1,-0.0,2349,3353,0,7,-14
564,80.52,32926,401.93,402.15,0.22,16.5,24.5,0.0,0.0,-8.0,-0.0,2324,3324,0,6,-15
565,80.69,32921,401.87,402.11,0.24,19.7,27.3,0.0,0.0,-7.6,-0.0,2261,3261,0,5,-18
566,80.86,32917,401.82,402.08,0.26,21.4,28.6,0.0,0.0,-7.2,-0.0,2211,3215,0,5,-20
567,80.95,32917,401.82,402.06,0.24,19.6,27.3,0.0,0.0,-7.7,-0.0,2211,3218,0,4,-18
568,81.11,32914,401.78,402.03,0.24,20.2,27.3,0.0,0.0,-7.1,-0.0,2174,3178,0,3,-19
569,81.28,32908,401.71,401.99,0.28,24.4,31.4,0.0,0.0,-7.0,-0.0,2099,3102,0,1,-24
570,81.37,32908,401.71,401.97,0.27,21.8,30.0,0.0,0.0,-8.2,-0.0,2099,3102,0,1,-21
571,81.54,32906,401.68,401.94,0.26,21.4,28.6,0.0,0.0,-7.3,-0.0,2074,3082,0,0,-21
572,81.71,32905,401.67,401.91,0.23,18.3,25.9,0.0,0.0,-7.7,-0.0,2061,3068,0,0,-18
573,81.79,32903,401.65,401.89,0.24,19.5,27.3,0.0,0.0,-7.8,-0.0,2036,3043,0,-1,-19
574,81.96,32902,401.64,401.85,0.22,17.2,24.5,0.0,-0.0,-7.3,-0.0,2024,3039,0,-1,-17
575,82.12,32902,401.64,401.82,0.18,13.0,20.5,0.0,-0.0,-7.4,-0.0,2024,3041,0,-1,-13
576,82.30,32898,401.59,401.79,0.20,14.2,21.8,0.0,-0.0,-7.6,-0.0,1974,2987,0,-2,-14
577,82.38,32897,401.57,401.77,0.20,13.5,21.8,0.0,-0.0,-8.3,-0.0,1961,2972,0,-2,-13
578,82.55,32899,401.60,401.73,0.13,7.4,15.0,0.0,-0.0,-7.6,-0.0,1986,3006,0,-1,-7
579,82.71,32899,401.60,401.70,0.10,3.8,10.9,0.0,-0.0,-7.1,-0.0,1986,3006,0,0,-4
580,82.79,32901,401.62,401.68,0.06,-0.6,6.8,0.0,-0.0,-7.4,-0.0,2011,986,0,0,1
581,82.96,32898,401.59,401.65,0.06,-0.6,6.8,0.0,-0.0,-7.4,-0.0,1974,950,0,0,1
582,83.12,32898,401.59,401.61,0.02,-4.6,2.7,0.0,-0.0,-7.3,-0.0,1974,950,0,1,4
583,83.28,32899,401.60,401.58,-0.02,-10.3,-2.7,0.0,-0.0,-7.6,-0.0,1986,962,0,1,10
584,83.37,32900,401.61,401.56,-0.05,-13.5,-5.5,0.0,-0.0,-8.1,-0.0,1999,977,0,1,13
585,83.54,32900,401.61,401.53,-0.09,-17.0,-9.5,0.0,-0.0,-7.4,-0.0,1999,976,0,1,16
586,83.70,32898,401.59,401.49,-0.10,-18.5,-10.9,0.0,-0.0,-7.6,-0.0,1974,948,0,2,18
587,83.79,32898,401.59,401.47,-0.11,-20.4,-12.3,0.0,-0.0,-8.1,-0.0,1974,950,0,2,20
588,83.95,32900,401.61,401.44,-0.17,-26.7,-19.1,0.0,-0.0,-7.6,-0.0,1999,976,0,2,26
589,84.12,32901,401.62,401.40,-0.22,-32.2,-24.5,0.0,-0.0,-7.6,-0.0,2011,988,0,2,31
590,84.29,32899,401.60,401.37,-0.23,-33.7,-25.9,0.0,-0.0,-7.8,-0.0,1986,960,0,3,32
591,84.38,32898,401.59,401.35,-0.23,-34.4,-25.9,0.0,-0.0,-8.5,-0.0,1974,950,0,4,33
592,84.55,32897,401.57,401.31,-0.26,-36.4,-28.6,0.0,-0.0,-7.8,-0.0,1961,937,0,5,35
593,84.71,32895,401.55,401.28,-0.27,-37.4,-30.0,0.0,-0.0,-7.4,-0.0,1936,903,0,7,36
594,84.80,32895,401.55,401.26,-0.29,-40.8,-32.7,0.0,-0.0,-8.1,-0.0,1936,903,0,7,39
595,84.97,32897,401.57,401.23,-0.34,-45.8,-38.2,0.0,-0.0,-7.6,-0.0,1961,934,0,6,44
596,85.13,32892,401.51,401.19,-0.32,-42.9,-35.5,0.0,-0.0,-7.5,-0.0,1899,868,0,10,40
597,85.22,32893,401.53,401.17,-0.35,-47.9,-39.6,0.0,-0.0,-8.4,-0.0,1911,881,0,10,45
598,85.38,32890,401.49,401.14,-0.35,-47.0,-39.6,0.0,-0.0,-7.5,-0.0,1874,843,0,12,44
599,85.55,32887,401.45,401.10,-0.35,-47.1,-39.6,0.0,-0.0,-7.5,-0.0,1836,798,0,15,43
600,85.64,32885,401.43,401.08,-0.34,-46.7,-38.2,0.0,0.0,-8.5,-0.0,1811,768,0,17,42
601,85.81,32882,401.39,401.05,-0.34,-45.7,-38.2,0.0,-0.0,-7.5,-0.0,1774,736,0,19,40
602,85.98,32876,401.32,401.01,-0.31,-42.0,-34.1,0.0,0.0,-7.9,-0.0,1699,654,0,22,34
603,86.07,32874,401.29,400.99,-0.31,-42.4,-34.1,0.0,0.0,-8.3,-0.0,1674,625,0,24,34
604,86.24,32873,401.28,400.95,-0.33,-44.8,-36.8,0.0,0.0,-7.9,-0.0,1661,617,0,25,35
605,86.41,32866,401.20,400.92,-0.28,-39.2,-31.4,0.0,0.0,-7.8,-0.0,1574,523,0,26,27
606,86.57,32860,401.12,400.88,-0.24,-35.1,-27.3,0.0,0.0,-7.9,-0.0,1499,446,0,26,22
607,86.66,32860,401.12,400.86,-0.26,-36.9,-28.6,0.0,0.0,-8.2,-0.0,1499,450,0,28,23
608,86.83,32853,401.04,400.83,-0.21,-30.9,-23.2,0.0,0.0,-7.7,-0.0,1411,358,0,26,16
609,86.99,32847,400.96,400.79,-0.17,-26.6,-19.1,0.0,0.0,-7.5,-0.0,1336,278,0,23,11
610,87.08,32844,400.93,400.77,-0.16,-26.1,-17.7,0.0,0.0,-8.4,-0.0,1299,241,0,24,9
611,87.25,32840,400.88,400.73,-0.15,-24.4,-16.4,0.0,0.0,-8.0,-0.0,1249,195,0,23,7
612,87.41,32832,400.78,400.70,-0.09,-17.2,-9.5,0.0,0.0,-7.7,-0.0,1149,89,0,17,2
613,87.50,32828,400.73,400.68,-0.05,-14.0,-5.5,0.0,0.0,-8.6,-0.0,1099,35,0,14,1
614,87.68,32825,400.70,400.64,-0.05,-14.1,-5.5,0.0,0.0,-8.6,-0.0,1061,2,0,14,0
615,87.84,32818,400.61,400.60,-0.01,-9.5,-1.4,0.0,0.0,-8.1,-0.0,974,4013,0,9,-1
616,87.93,32816,400.59,400.58,0.00,-8.6,0.0,0.0,0.0,-8.6,-0.0,949,3983,0,8,-1
617,88.10,32812,400.54,400.55,0.01,-6.5,1.4,0.0,0.0,-7.9,-0.0,899,3943,0,6,-1
618,88.28,32807,400.48,400.51,0.04,-4.0,4.1,0.0,0.0,-8.1,-0.0,836,3880,0,4,-1
619,88.36,32804,400.44,400.49,0.05,-3.6,5.5,0.0,0.0,-9.1,-0.0,799,3837,0,3,-1
620,88.53,32799,400.38,400.45,0.07,0.2,8.2,0.0,0.0,-8.0,-0.0,736,1733,0,0,0
621,88.69,32791,400.28,400.42,0.13,6.8,15.0,0.0,0.0,-8.2,-0.0,636,1625,0,-5,4
622,88.78,32788,400.24,400.40,0.16,9.0,17.7,0.0,0.0,-8.7,-0.0,599,1585,0,-7,6
623,88.95,32782,400.17,400.36,0.20,13.9,21.8,0.0,0.0,-7.9,-0.0,524,1512,0,-9,10
624,89.11,32780,400.15,400.32,0.17,11.3,19.1,0.0,0.0,-7.8,-0.0,499,1493,0,-7,8
625,89.20,32778,400.12,400.30,0.18,11.6,20.5,0.0,0.0,-8.9,-0.0,474,1464,0,-7,9
626,89.37,32776,400.10,400.27,0.17,11.3,19.1,0.0,0.0,-7.8,-0.0,449,1452,0,-7,9
627,89.54,32767,399.99,400.23,0.24,19.4,27.3,0.0,0.0,-7.9,-0.0,336,1334,0,-9,17
628,89.71,32767,399.99,400.19,0.21,15.5,23.2,0.0,0.0,-7.7,-0.0,336,1339,0,-7,13
629,89.79,32763,399.94,400.17,0.23,17.8,25.9,0.0,0.0,-8.1,-0.0,286,1285,0,-7,16
630,89.95,32757,399.87,400.14,0.27,22.1,30.0,0.0,0.0,-7.9,-0.0,211,1205,0,-6,21
631,90.12,32754,399.83,400.10,0.27,21.8,30.0,0.0,0.0,-8.2,-0.0,174,1171,0,-5,21
632,90.20,32753,399.82,400.08,0.26,20.1,28.6,0.0,0.0,-8.6,-0.0,161,1163,0,-4,19
633,90.38,32753,399.82,400.04,0.22,16.5,24.5,0.0,0.0,-8.1,-0.0,161,1165,0,-3,16
634,90.54,32749,399.77,400.00,0.23,17.8,25.9,0.0,-0.0,-8.1,-0.0,111,1120,0,-3,17
635,90.63,32746,399.73,399.98,0.26,19.8,28.6,0.0,-0.0,-8.9,-0.0,74,1081,0,-2,19
636,90.80,32746,399.73,399.94,0.21,15.2,23.2,0.0,-0.0,-8.0,-0.0,74,1087,0,-1,15
637,90.97,32744,399.71,399.91,0.20,13.3,21.8,0.0,-0.0,-8.5,-0.0,49,1058,0,-1,13
638,91.13,32741,399.67,399.87,0.20,13.8,21.8,0.0,-0.0,-8.0,-0.0,11,1021,0,0,13
639,91.22,32742,399.68,399.85,0.17,10.1,19.1,0.0,-0.0,-8.9,-0.0,24,1037,0,0,10
640,91.38,32739,399.65,399.81,0.17,10.9,19.1,0.0,-0.0,-8.1,-0.0,4082,1000,0,0,11
641,91.55,32737,399.62,399.77,0.15,8.3,16.4,0.0,-0.0,-8.0,-0.0,4057,976,0,1,8
642,91.64,32737,399.62,399.75,0.13,5.6,15.0,0.0,-0.0,-9.4,-0.0,4057,973,0,0,5
643,91.81,32738,399.63,399.71,0.09,1.5,9.5,0.0,-0.0,-8.1,-0.0,4070,994,0,0,1
644,91.98,32737,399.62,399.67,0.05,-3.2,5.5,0.0,-0.0,-8.6,-0.0,4057,3024,0,0,-3
645,92.07,32734,399.58,399.65,0.07,-0.7,8.2,0.0,-0.0,-8.9,-0.0,4020,2988,0,0,-1
646,92.23,32735,399.60,399.62,0.02,-5.5,2.7,0.0,-0.0,-8.2,-0.0,4032,3005,0,-1,-5
647,92.39,32734,399.58,399.58,-0.01,-9.7,-1.4,0.0,-0.0,-8.4,-0.0,4020,2990,0,-1,-9
648,92.56,32733,399.57,399.54,-0.04,-12.3,-4.1,0.0,-0.0,-8.3,-0.0,4007,2976,0,-2,-12
649,92.64,32731,399.55,399.52,-0.02,-11.5,-2.7,0.0,-0.0,-8.8,-0.0,3982,2949,0,-2,-11
650,92.82,32731,399.55,399.48,-0.06,-15.5,-6.8,0.0,-0.0,-8.7,-0.0,3982,2953,0,-3,-15
651,92.98,32733,399.57,399.44,-0.13,-23.0,-15.0,0.0,-0.0,-8.0,-0.0,4007,2980,0,-3,-22
652,93.06,32730,399.54,399.42,-0.11,-21.1,-12.3,0.0,-0.0,-8.9,-0.0,3970,2940,0,-4,-20
653,93.23,32733,399.57,399.39,-0.18,-28.8,-20.5,0.0,-0.0,-8.3,-0.0,4007,2983,0,-4,-28
654,93.39,32730,399.54,399.35,-0.20,-30.0,-21.8,0.0,-0.0,-8.2,-0.0,3970,2945,0,-6,-29
655,93.49,32731,399.55,399.33,-0.22,-34.0,-24.5,0.0,-0.0,-9.5,-0.0,3982,2958,0,-6,-32
656,93.66,32729,399.52,399.28,-0.24,-36.3,-27.3,0.0,-0.0,-9.0,-0.0,3957,2927,0,-8,-34
657,93.83,32729,399.52,399.24,-0.28,-39.8,-31.4,0.0,-0.0,-8.4,-0.0,3957,2930,0,-8,-38
658,93.92,32728,399.51,399.22,-0.29,-41.9,-32.7,0.0,-0.0,-9.2,-0.0,3945,2913,0,-10,-39
659,94.09,32728,399.51,399.18,-0.33,-45.2,-36.8,0.0,-0.0,-8.4,-0.0,3945,2918,0,-10,-43
660,94.26,32722,399.44,399.15,-0.29,-41.1,-32.7,0.0,-0.0,-8.4,-0.0,3870,2833,0,-14,-37
661,94.34,32720,399.41,399.12,-0.29,-42.3,-32.7,0.0,-0.0,-9.5,-0.0,3845,2806,0,-16,-38
662,94.51,32723,399.45,399.08,-0.37,-49.5,-40.9,0.0,-0.0,-8.6,-0.0,3882,2849,0,-16,-45
663,94.68,32717,399.38,399.05,-0.33,-45.3,-36.8,0.0,-0.0,-8.4,-0.0,3807,2767,0,-20,-39
664,94.85,32713,399.33,399.00,-0.33,-45.7,-36.8,0.0,0.0,-8.9,-0.0,3757,2712,0,-23,-38
665,94.94,32712,399.32,398.98,-0.33,-45.7,-36.8,0.0,-0.0,-8.9,-0.0,3745,2706,0,-24,-37
666,95.10,32707,399.26,398.94,-0.32,-43.8,-35.5,0.0,0.0,-8.3,-0.0,3682,2635,0,-26,-33
667,95.27,32704,399.22,398.90,-0.32,-44.0,-35.5,0.0,0.0,-8.5,-0.0,3645,2599,0,-28,-32
668,95.36,32703,399.21,398.88,-0.33,-46.5,-36.8,0.0,0.0,-9.6,-0.0,3632,2585,0,-31,-33
669,95.53,32697,399.13,398.84,-0.29,-41.2,-32.7,0.0,0.0,-8.5,-0.0,3557,2510,0,-30,-26
670,95.69,32690,399.05,398.80,-0.24,-36.7,-27.3,0.0,0.0,-9.4,-0.0,3470,2414,0,-30,-19
671,95.78,32687,399.01,398.78,-0.23,-34.9,-25.9,0.0,0.0,-9.0,-0.0,3432,2378,0,-30,-16
672,95.95,32682,398.95,398.74,-0.21,-32.0,-23.2,0.0,0.0,-8.8,-0.0,3370,2313,0,-28,-12
673,96.12,32678,398.90,398.70,-0.20,-30.7,-21.8,0.0,0.0,-8.9,-0.0,3320,2266,0,-28,-10
674,96.21,32676,398.88,398.68,-0.20,-31.0,-21.8,0.0,0.0,-9.1,-0.0,3295,2239,0,-29,-9
675,96.37,32665,398.74,398.64,-0.10,-19.7,-10.9,0.0,0.0,-8.7,-0.0,3157,2096,0,-19,-1
676,96.55,32661,398.69,398.60,-0.10,-20.1,-10.9,0.0,0.0,-9.2,-0.0,3107,2046,0,-19,0
677,96.63,32659,398.67,398.58,-0.10,-20.4,-10.9,0.0,0.0,-9.5,-0.0,3082,2022,0,-20,1
678,96.81,32650,398.56,398.54,-0.02,-11.6,-2.7,0.0,0.0,-8.9,-0.0,2970,1905,0,-11,2
679,96.97,32643,398.47,398.50,0.02,-5.8,2.7,0.0,0.0,-8.5,-0.0,2882,1820,0,-5,2
680,97.06,32642,398.46,398.47,0.01,-8.2,1.4,0.0,0.0,-9.5,-0.0,2870,1810,0,-7,3
681,97.22,32636,398.39,398.43,0.05,-3.4,5.5,0.0,0.0,-8.8,-0.0,2795,1734,0,-3,2
682,97.39,32627,398.28,398.39,0.11,3.7,12.3,0.0,0.0,-8.5,-0.0,2682,3666,0,3,-2
683,97.56,32622,398.22,398.35,0.13,6.0,15.0,0.0,0.0,-9.0,-0.0,2620,3604,0,4,-4
684,97.64,32620,398.19,398.33,0.13,6.3,15.0,0.0,0.0,-8.7,-0.0,2595,3585,0,4,-4
685,97.79,32615,398.13,398.29,0.16,9.0,17.7,0.0,0.0,-8.7,-0.0,2532,3519,0,6,-7
686,97.96,32608,398.05,398.25,0.21,14.4,23.2,0.0,0.0,-8.7,-0.0,2445,3434,0,7,-12
687,98.05,32606,398.02,398.23,0.21,13.4,23.2,0.0,0.0,-9.8,-0.0,2420,3409,0,6,-11
688,98.21,32601,397.96,398.19,0.23,17.2,25.9,0.0,0.0,-8.8,-0.0,2357,3350,0,7,-15
689,98.38,32595,397.89,398.15,0.27,21.1,30.0,0.0,0.0,-8.9,-0.0,2282,3270,0,6,-19
690,98.55,32590,397.83,398.11,0.28,22.1,31.4,0.0,0.0,-9.2,-0.0,2220,3212,0,5,-21
691,98.62,32591,397.84,398.09,0.26,20.4,28.6,0.0,0.0,-8.2,-0.0,2232,3233,0,5,-19
692,98.79,32586,397.78,398.05,0.27,21.2,30.0,0.0,0.0,-8.8,-0.0,2170,3167,0,3,-20
693,98.96,32584,397.75,398.01,0.26,19.1,28.6,0.0,0.0,-9.6,-0.0,2145,3147,0,2,-18
694,99.05,32580,397.71,397.99,0.28,21.7,31.4,0.0,0.0,-9.7,-0.0,2095,3095,0,1,-21
695,99.21,32578,397.68,397.95,0.27,20.9,30.0,0.0,-0.0,-9.1,-0.0,2070,3076,0,0,-20
696,99.38,32572,397.61,397.90,0.29,23.4,32.7,0.0,0.0,-9.3,-0.0,1995,2992,0,-3,-23
697,99.55,32568,397.56,397.86,0.31,25.2,34.1,0.0,0.0,-8.9,-0.0,1945,2946,0,-5,-24
698,99.63,32568,397.56,397.84,0.28,22.2,31.4,0.0,0.0,-9.2,-0.0,1945,2945,0,-4,-21
699,99.80,32568,397.56,397.80,0.24,18.4,27.3,0.0,-0.0,-8.9,-0.0,1945,2954,0,-3,-18
700,99.96,32566,397.53,397.76,0.22,15.3,24.5,0.0,-0.0,-9.2,-0.0,1920,2930,0,-3,-15
701,100.05,32565,397.52,397.74,0.22,14.6,24.5,0.0,-0.0,-10.0,-0.0,1907,2920,0,-3,-14
702,100.22,32561,397.47,397.70,0.22,15.8,24.5,0.0,-0.0,-8.8,-0.0,1857,2871,0,-5,-15
703,100.38,32561,397.47,397.65,0.18,11.5,20.5,0.0,-0.0,-9.0,-0.0,1857,2871,0,-3,-11
704,100.55,32562,397.49,397.61,0.12,4.8,13.6,0.0,-0.0,-8.8,-0.0,1870,2888,0,-1,-4
705,100.63,32561,397.47,397.59,0.12,4.2,13.6,0.0,-0.0,-9.4,-0.0,1857,2873,0,-1,-4
706,100.79,32559,397.45,397.55,0.10,1.9,10.9,0.0,-0.0,-9.0,-0.0,1832,2852,0,-1,-2
707,100.95,32558,397.44,397.51,0.07,-0.5,8.2,0.0,-0.0,-8.7,-0.0,1820,792,0,0,0
708,101.12,32556,397.41,397.47,0.06,-2.2,6.8,0.0,-0.0,-9.0,-0.0,1795,764,0,1,2
709,101.20,32557,397.42,397.45,0.02,-6.8,2.7,0.0,-0.0,-9.5,-0.0,1807,775,0,2,6
710,101.37,32555,397.40,397.40,0.00,-9.2,0.0,0.0,-0.0,-9.2,-0.0,1782,752,0,4,8
711,101.54,32556,397.41,397.36,-0.05,-14.4,-5.5,0.0,-0.0,-8.9,-0.0,1795,768,0,5,13
712,101.62,32557,397.42,397.34,-0.09,-18.9,-9.5,0.0,-0.0,-9.4,-0.0,1807,781,0,7,17
713,101.78,32559,397.45,397.30,-0.15,-25.6,-16.4,0.0,-0.0,-9.2,-0.0,1832,812,0,8,23
714,101.95,32557,397.42,397.26,-0.17,-28.5,-19.1,0.0,-0.0,-9.4,-0.0,1807,785,0,10,26
715,102.12,32558,397.44,397.21,-0.22,-33.7,-24.5,0.0,-0.0,-9.1,-0.0,1820,800,0,11,31
716,102.21,32558,397.44,397.19,-0.24,-37.5,-27.3,0.0,-0.0,-10.2,-0.0,1820,799,0,12,34
717,102.37,32558,397.44,397.15,-0.29,-42.0,-32.7,0.0,-0.0,-9.3,-0.0,1820,795,0,14,38
718,102.53,32556,397.41,397.11,-0.31,-42.8,-34.1,0.0,-0.0,-8.7,-0.0,1795,770,0,16,38
719,102.62,32557,397.42,397.09,-0.34,-47.9,-38.2,0.0,-0.0,-9.8,-0.0,1807,783,0,17,43
720,102.79,32553,397.38,397.04,-0.33,-46.0,-36.8,0.0,-0.0,-9.2,-0.0,1757,726,0,20,40
721,102.95,32550,397.34,397.00,-0.34,-47.2,-38.2,0.0,-0.0,-9.0,-0.0,1720,684,0,23,40
722,103.12,32547,397.30,396.96,-0.34,-47.2,-38.2,0.0,-0.0,-9.0,-0.0,1682,643,0,25,38
723,103.21,32547,397.30,396.94,-0.37,-51.0,-40.9,0.0,-0.0,-10.1,-0.0,1682,644,0,27,41
724,103.37,32549,397.33,396.89,-0.44,-58.3,-49.1,0.0,-0.0,-9.2,-0.0,1707,674,0,29,49
725,103.54,32543,397.25,396.85,-0.40,-54.2,-45.0,0.0,-0.0,-9.2,-0.0,1632,595,0,32,42
726,103.62,32541,397.23,396.83,-0.40,-54.6,-45.0,0.0,-0.0,-9.5,-0.0,1607,569,0,34,40
727,103.79,32536,397.17,396.78,-0.38,-51.5,-42.3,0.0,-0.0,-9.3,-0.0,1545,505,0,36,35
728,103.96,32531,397.11,396.74,-0.37,-50.3,-40.9,0.0,0.0,-9.4,-0.0,1482,431,0,38,30
729,104.05,32529,397.08,396.72,-0.37,-51.3,-40.9,0.0,0.0,-10.4,-0.0,1457,401,0,41,29
730,104.21,32523,397.01,396.67,-0.33,-46.1,-36.8,0.0,0.0,-9.3,-0.0,1382,329,0,39,22
731,104.38,32520,396.97,396.63,-0.34,-47.3,-38.2,0.0,0.0,-9.2,-0.0,1345,294,0,41,20
732,104.54,32511,396.86,396.59,-0.28,-40.4,-31.4,0.0,0.0,-9.0,-0.0,1232,177,0,38,10
733,104.63,32511,396.86,396.56,-0.29,-43.2,-32.7,0.0,0.0,-10.4,-0.0,1232,176,0,40,11
734,104.81,32505,396.79,396.52,-0.27,-39.3,-30.0,0.0,0.0,-9.3,-0.0,1157,102,0,38,6
735,104.98,32496,396.68,396.47,-0.21,-33.0,-23.2,0.0,0.0,-9.8,-0.0,1045,4081,0,32,-1
736,105.06,32493,396.64,396.45,-0.20,-32.0,-21.8,0.0,0.0,-10.1,-0.0,1007,4037,0,31,-3
737,105.23,32486,396.56,396.41,-0.15,-25.8,-16.4,0.0,0.0,-9.4,-0.0,920,3956,0,24,-5
738,105.40,32480,396.48,396.36,-0.12,-23.0,-13.6,0.0,0.0,-9.4,-0.0,845,3875,0,21,-7
739,105.48,32474,396.41,396.34,-0.07,-18.2,-8.2,0.0,0.0,-10.0,-0.0,770,3794,0,16,-8
740,105.65,32470,396.36,396.30,-0.06,-16.4,-6.8,0.0,0.0,-9.6,-0.0,720,3753,0,14,-8
741,105.82,32462,396.26,396.25,-0.01,-11.0,-1.4,0.0,0.0,-9.6,-0.0,620,3651,0,8,-7
742,105.91,32458,396.22,396.23,0.01,-9.2,1.4,0.0,0.0,-10.5,-0.0,570,3597,0,6,-6
743,106.08,32448,396.09,396.18,0.09,0.1,9.5,0.0,0.0,-9.5,-0.0,445,1423,0,0,0
744,106.25,32441,396.01,396.14,0.13,5.5,15.0,0.0,0.0,-9.5,-0.0,357,1335,0,-2,5
745,106.33,32437,395.96,396.12,0.16,7.0,17.7,0.0,0.0,-10.8,-0.0,307,1278,0,-3,6
746,106.50,32431,395.89,396.07,0.18,10.6,20.5,0.0,0.0,-9.8,-0.0,232,1210,0,-3,10
747,106.67,32426,395.83,396.03,0.21,13.8,23.2,0.0,0.0,-9.4,-0.0,170,1157,0,-3,13
748,106.75,32425,395.81,396.00,0.20,11.3,21.8,0.0,0.0,-10.5,-0.0,157,1144,0,-2,11
749,106.93,32420,395.75,395.96,0.21,13.8,23.2,0.0,0.0,-9.4,-0.0,95,1089,0,-1,13
750,107.09,32409,395.62,395.91,0.29,23.3,32.7,0.0,0.0,-9.4,-0.0,4053,945,0,3,22
751,107.18,32409,395.62,395.89,0.27,19.5,30.0,0.0,0.0,-10.5,-0.0,4053,946,0,2,19
752,107.35,32401,395.52,395.84,0.33,26.8,36.8,0.0,0.0,-10.1,-0.0,3953,844,0,7,25
753,107.52,32396,395.46,395.80,0.34,28.8,38.2,0.0,0.0,-9.4,-0.0,3891,782,0,10,26
754,107.61,32395,395.45,395.78,0.33,26.1,36.8,0.0,0.0,-10.7,-0.0,3878,766,0,10,23
755,107.78,32391,395.40,395.73,0.33,27.4,36.8,0.0,0.0,-9.5,-0.0,3828,731,0,12,24
756,107.95,32384,395.31,395.68,0.37,31.1,40.9,0.0,0.0,-9.8,-0.0,3741,637,0,17,25
757,108.12,32383,395.30,395.64,0.34,28.2,38.2,0.0,-0.0,-10.0,-0.0,3728,637,0,15,23
758,108.20,32382,395.29,395.62,0.33,26.5,36.8,0.0,-0.0,-10.3,-0.0,3716,623,0,15,21
759,108.36,32378,395.24,395.57,0.33,27.2,36.8,0.0,-0.0,-9.7,-0.0,3666,573,0,17,20
760,108.53,32374,395.19,395.53,0.34,28.5,38.2,0.0,0.0,-9.7,-0.0,3616,522,0,19,20
761,108.61,32373,395.18,395.50,0.33,26.5,36.8,0.0,-0.0,-10.3,-0.0,3603,514,0,18,18
762,108.78,32370,395.14,395.46,0.32,25.4,35.5,0.0,-0.0,-10.0,-0.0,3566,474,0,18,16
763,108.95,32370,395.14,395.41,0.27,20.6,30.0,0.0,-0.0,-9.4,-0.0,3566,481,0,15,13
764,109.03,32370,395.14,395.39,0.24,16.7,27.3,0.0,-0.0,-10.5,-0.0,3566,481,0,12,11
765,109.20,32370,395.14,395.34,0.21,13.0,23.2,0.0,-0.0,-10.2,-0.0,3566,488,0,9,9
766,109.37,32368,395.12,395.30,0.18,10.4,20.5,0.0,-0.0,-10.1,-0.0,3541,464,0,8,7
767,109.54,32366,395.09,395.25,0.16,8.0,17.7,0.0,-0.0,-9.8,-0.0,3516,438,0,6,5
768,109.62,32366,395.09,395.23,0.13,5.2,15.0,0.0,-0.0,-9.8,-0.0,3516,438,0,4,3
769,109.78,32366,395.09,395.19,0.10,1.3,10.9,0.0,-0.0,-9.6,-0.0,3516,438,0,1,1
770,109.94,32364,395.07,395.14,0.07,-1.8,8.2,0.0,-0.0,-10.0,-0.0,3491,2461,0,-1,-1
771,110.11,32367,395.10,395.09,-0.01,-11.2,-1.4,0.0,-0.0,-9.8,-0.0,3528,2504,0,-8,-7
772,110.19,32367,395.10,395.07,-0.04,-14.6,-4.1,0.0,-0.0,-10.5,-0.0,3528,2506,0,-11,-9
773,110.36,32365,395.08,395.03,-0.05,-15.3,-5.5,0.0,-0.0,-9.8,-0.0,3503,2478,0,-12,-9
774,110.52,32365,395.08,394.98,-0.10,-20.4,-10.9,0.0,-0.0,-9.5,-0.0,3503,2480,0,-16,-12
775,110.61,32367,395.10,394.96,-0.15,-26.9,-16.4,0.0,-0.0,-10.5,-0.0,3528,2509,0,-20,-17
776,110.78,32366,395.09,394.91,-0.18,-30.8,-20.5,0.0,-0.0,-10.4,-0.0,3516,2490,0,-23,-19
777,110.94,32366,395.09,394.86,-0.23,-35.8,-25.9,0.0,-0.0,-9.9,-0.0,3516,2492,0,-27,-22
778,111.11,32367,395.10,394.82,-0.28,-41.1,-31.4,0.0,-0.0,-9.7,-0.0,3528,2508,0,-30,-26
779,111.19,32366,395.09,394.80,-0.29,-43.3,-32.7,0.0,-0.0,-10.6,-0.0,3516,2494,0,-33,-27
780,111.36,32362,395.04,394.75,-0.29,-43.2,-32.7,0.0,-0.0,-10.4,-0.0,3466,2434,0,-35,-23
781,111.53,32362,395.04,394.70,-0.34,-48.1,-38.2,0.0,-0.0,-9.9,-0.0,3466,2436,0,-39,-26
782,111.61,32361,395.03,394.68,-0.35,-49.8,-39.6,0.0,-0.0,-10.3,-0.0,3453,2421,0,-41,-26
783,111.78,32360,395.02,394.63,-0.39,-53.4,-43.6,0.0,-0.0,-9.8,-0.0,3441,2407,0,-44,-27
784,111.95,32360,395.02,394.58,-0.44,-59.1,-49.1,0.0,-0.0,-10.0,-0.0,3441,2410,0,-49,-30
785,112.04,32358,395.00,394.56,-0.44,-60.2,-49.1,0.0,-0.0,-11.2,-0.0,3416,2386,0,-51,-29
786,112.21,32355,394.96,394.51,-0.45,-60.6,-50.5,0.0,-0.0,-10.2,-0.0,3378,2344,0,-53,-26
787,112.37,32349,394.89,394.46,-0.42,-56.4,-46.4,0.0,-0.0,-10.0,-0.0,3303,2262,0,-52,-18
788,112.46,32345,394.84,394.44,-0.39,-54.3,-43.6,0.0,0.0,-10.7,-0.0,3253,2206,0,-51,-13
789,112.63,32342,394.80,394.39,-0.40,-55.1,-45.0,0.0,0.0,-10.0,-0.0,3216,2166,0,-52,-10
790,112.79,32336,394.73,394.35,-0.38,-52.7,-42.3,0.0,0.0,-10.4,-0.0,3141,2087,0,-51,-3
791,112.97,32331,394.67,394.30,-0.37,-51.8,-40.9,0.0,0.0,-10.9,-0.0,3078,2021,0,-50,2
792,113.05,32326,394.60,394.27,-0.33,-47.6,-36.8,0.0,0.0,-10.8,-0.0,3016,1957,0,-46,6
793,113.22,32325,394.59,394.23,-0.37,-50.8,-40.9,0.0,0.0,-9.9,-0.0,3003,1951,0,-49,7
794,113.39,32312,394.43,394.18,-0.26,-38.6,-28.6,0.0,0.0,-9.9,-0.0,2841,1780,0,-34,15
795,113.48,32309,394.40,394.15,-0.24,-38.2,-27.3,0.0,0.0,-11.0,-0.0,2803,1737,0,-33,17
796,113.65,32303,394.32,394.11,-0.22,-35.2,-24.5,0.0,0.0,-10.6,-0.0,2728,1662,0,-28,19
797,113.82,32297,394.25,394.06,-0.20,-32.2,-21.8,0.0,0.0,-10.3,-0.0,2653,1588,0,-24,20
798,113.91,32293,394.20,394.03,-0.17,-30.4,-19.1,0.0,0.0,-11.3,-0.0,2603,1528,0,-21,21
799,114.08,32285,394.10,393.98,-0.12,-23.6,-13.6,0.0,0.0,-10.0,-0.0,2503,1441,0,-14,18
800,114.25,32276,393.99,393.94,-0.06,-16.8,-6.8,0.0,0.0,-10.0,-0.0,2391,1323,0,-7,15
801,114.33,32269,393.91,393.91,0.00,-11.6,0.0,0.0,0.0,-11.6,-0.0,2303,1224,0,-3,11
802,114.50,32264,393.85,393.86,0.01,-9.2,1.4,0.0,0.0,-10.6,-0.0,2241,1168,0,-2,9
803,114.68,32251,393.69,393.81,0.12,2.9,13.6,0.0,0.0,-10.7,-0.0,2078,3044,0,0,-3
804,114.77,32246,393.63,393.79,0.16,6.0,17.7,0.0,0.0,-11.8,-0.0,2016,2976,0,-1,-6
805,114.94,32241,393.57,393.74,0.17,8.7,19.1,0.0,0.0,-10.4,-0.0,1953,2926,0,-2,-8
806,115.10,32234,393.48,393.69,0.21,13.1,23.2,0.0,0.0,-10.1,-0.0,1866,2848,0,-4,-12
807,115.19,32231,393.44,393.67,0.22,13.9,24.5,0.0,0.0,-10.6,-0.0,1828,2803,0,-5,-12
808,115.35,32223,393.35,393.62,0.27,19.7,30.0,0.0,0.0,-10.3,-0.0,1728,2712,0,-10,-16
809,115.52,32217,393.27,393.57,0.29,22.6,32.7,0.0,0.0,-10.1,-0.0,1653,2635,0,-14,-17
810,115.61,32210,393.19,393.54,0.35,27.2,39.6,0.0,0.0,-12.4,-0.0,1566,2536,0,-19,-18
811,115.78,32207,393.15,393.49,0.34,28.0,38.2,0.0,0.0,-10.2,-0.0,1528,2513,0,-21,-18
812,115.94,32198,393.04,393.45,0.40,34.7,45.0,0.0,0.0,-10.3,-0.0,1416,2398,0,-29,-17
813,116.03,32197,393.03,393.42,0.39,32.4,43.6,0.0,0.0,-11.2,-0.0,1403,2386,0,-27,-16
814,116.19,32189,392.93,393.37,0.44,38.9,49.1,0.0,0.0,-10.2,-0.0,1303,2288,0,-35,-14
815,116.37,32186,392.90,393.32,0.43,37.3,47.7,0.0,0.0,-10.4,-0.0,1266,2259,0,-34,-12
816,116.53,32182,392.85,393.27,0.43,37.0,47.7,0.0,0.0,-10.7,-0.0,1216,2208,0,-35,-9
817,116.62,32179,392.81,393.25,0.44,37.5,49.1,0.0,0.0,-11.6,-0.0,1178,2172,0,-36,-7
818,116.79,32176,392.77,393.20,0.43,37.3,47.7,0.0,0.0,-10.4,-0.0,1141,2140,0,-36,-5
819,116.95,32175,392.76,393.15,0.39,33.2,43.6,0.0,-0.0,-10.4,-0.0,1128,2136,0,-32,-4
820,117.04,32172,392.72,393.13,0.40,33.7,45.0,0.0,-0.0,-11.3,-0.0,1091,2093,0,-33,-2
821,117.21,32173,392.74,393.08,0.34,27.4,38.2,0.0,-0.0,-10.8,-0.0,1103,2114,0,-26,-3
822,117.37,32169,392.69,393.03,0.34,27.9,38.2,0.0,-0.0,-10.3,-0.0,1053,2064,0,-27,-1
823,117.46,32169,392.69,393.01,0.32,24.8,35.5,0.0,-0.0,-10.6,-0.0,1053,2067,0,-24,-1
824,117.62,32167,392.66,392.96,0.29,22.1,32.7,0.0,-0.0,-10.7,-0.0,1028,2040,0,-21,0
825,117.79,32164,392.63,392.91,0.28,20.9,31.4,0.0,-0.0,-10.5,-0.0,991,2002,0,-20,1
826,117.95,32163,392.61,392.86,0.24,16.8,27.3,0.0,-0.0,-10.5,-0.0,978,1992,0,-16,1
827,118.04,32161,392.59,392.83,0.24,15.5,27.3,0.0,-0.0,-11.8,-0.0,953,1964,0,-15,2
828,118.21,32164,392.63,392.78,0.16,7.4,17.7,0.0,-0.0,-10.4,-0.0,991,2008,0,-7,0
829,118.37,32164,392.63,392.74,0.11,1.7,12.3,0.0,-0.0,-10.6,-0.0,991,2014,0,-2,0
830,118.46,32162,392.60,392.71,0.11,1.0,12.3,0.0,-0.0,-11.3,-0.0,966,1987,0,-1,0
831,118.62,32163,392.61,392.66,0.05,-4.9,5.5,0.0,-0.0,-10.4,-0.0,978,4050,0,5,0
832,118.79,32166,392.65,392.61,-0.04,-15.4,-4.1,0.0,-0.0,-11.3,-0.0,1016,4093,0,15,0
833,118.95,32166,392.65,392.56,-0.09,-19.8,-9.5,0.0,-0.0,-10.3,-0.0,1016,4089,0,19,0
834,119.04,32165,392.64,392.54,-0.10,-22.4,-10.9,0.0,-0.0,-11.5,-0.0,1003,4077,0,22,-1
835,119.21,32169,392.69,392.49,-0.20,-32.6,-21.8,0.0,-0.0,-10.8,-0.0,1053,39,0,32,2
836,119.37,32167,392.66,392.44,-0.23,-36.4,-25.9,0.0,-0.0,-10.5,-0.0,1028,5,0,35,0
837,119.46,32167,392.66,392.41,-0.26,-40.0,-28.6,0.0,-0.0,-11.4,-0.0,1028,6,0,39,0
838,119.63,32167,392.66,392.36,-0.31,-44.4,-34.1,0.0,-0.0,-10.3,-0.0,1028,5,0,43,0
839,119.79,32166,392.65,392.31,-0.34,-48.9,-38.2,0.0,-0.0,-10.7,-0.0,1016,4089,0,47,-1
840,119.88,32166,392.65,392.29,-0.37,-52.3,-40.9,0.0,-0.0,-11.4,-0.0,1016,4083,0,51,-1
841,120.05,32164,392.63,392.24,-0.39,-54.9,-43.6,0.0,-0.0,-11.2,-0.0,991,4058,0,53,-3
842,120.21,32163,392.61,392.19,-0.43,-58.3,-47.7,0.0,-0.0,-10.5,-0.0,978,4044,0,56,-4
843,120.31,32162,392.60,392.16,-0.44,-61.2,-49.1,0.0,-0.0,-12.2,-0.0,966,4030,0,59,-6
844,120.47,32160,392.58,392.11,-0.48,-64.3,-53.2,0.0,-0.0,-11.1,-0.0,941,4004,0,62,-9
845,120.64,32157,392.54,392.06,-0.49,-65.9,-54.6,0.0,-0.0,-11.3,-0.0,903,3963,0,62,-13
846,120.74,32154,392.50,392.03,-0.48,-65.8,-53.2,0.0,-0.0,-12.6,-0.0,866,3921,0,61,-17
847,120.91,32148,392.43,391.98,-0.45,-61.6,-50.5,0.0,-0.0,-11.1,-0.0,791,3841,0,55,-23
848,121.07,32144,392.38,391.93,-0.45,-61.1,-50.5,0.0,-0.0,-10.6,-0.0,741,3791,0,53,-27
849,121.16,32142,392.36,391.90,-0.46,-63.7,-51.8,0.0,0.0,-11.9,-0.0,716,3760,0,54,-30
850,121.33,32138,392.31,391.85,-0.46,-62.3,-51.8,0.0,0.0,-10.5,-0.0,666,3712,0,50,-34
851,121.49,32130,392.21,391.80,-0.42,-57.6,-46.4,0.0,0.0,-11.2,-0.0,566,3606,0,41,-38
852,121.67,32125,392.15,391.75,-0.40,-56.6,-45.0,0.0,0.0,-11.6,-0.0,503,3544,0,36,-41
853,121.75,32120,392.09,391.72,-0.37,-53.4,-40.9,0.0,0.0,-12.5,-0.0,441,3473,0,30,-42
854,121.93,32112,391.99,391.67,-0.33,-47.9,-36.8,0.0,0.0,-11.1,-0.0,341,3373,0,21,-42
855,122.09,32104,391.89,391.62,-0.28,-42.4,-31.4,0.0,0.0,-11.1,-0.0,241,3272,0,12,-39
856,122.18,32101,391.86,391.59,-0.27,-41.8,-30.0,0.0,0.0,-11.8,-0.0,203,3230,0,10,-39
857,122.35,32093,391.76,391.54,-0.22,-35.7,-24.5,0.0,0.0,-11.1,-0.0,103,3129,0,3,-34
858,122.52,32084,391.65,391.49,-0.16,-29.0,-17.7,0.0,0.0,-11.3,-0.0,4087,3015,0,-2,-28
859,122.60,32082,391.63,391.46,-0.17,-30.6,-19.1,0.0,0.0,-11.5,-0.0,4062,2993,0,-4,-29
860,122.77,32070,391.48,391.41,-0.07,-19.5,-8.2,0.0,0.0,-11.3,-0.0,3912,2838,0,-7,-18
861,122.94,32060,391.36,391.36,0.00,-10.8,0.0,0.0,0.0,-10.8,-0.0,3787,2710,0,-6,-9
862,123.03,32054,391.28,391.33,0.05,-6.4,5.5,0.0,0.0,-11.9,-0.0,3712,2627,0,-4,-5
863,123.19,32046,391.19,391.28,0.10,-0.4,10.9,0.0,0.0,-11.4,-0.0,3612,2531,0,0,0
864,123.36,32037,391.08,391.23,0.15,5.4,16.4,0.0,0.0,-11.0,-0.0,3499,368,0,4,3
865,123.45,32032,391.02,391.20,0.18,8.3,20.5,0.0,0.0,-12.1,-0.0,3437,304,0,7,4
866,123.61,32025,390.93,391.15,0.22,13.3,24.5,0.0,0.0,-11.2,-0.0,3349,225,0,12,4
867,123.78,32014,390.80,391.10,0.31,23.1,34.1,0.0,0.0,-11.0,-0.0,3212,89,0,22,3
868,123.94,32008,390.72,391.05,0.33,25.8,36.8,0.0,0.0,-11.1,-0.0,3137,14,0,25,1
869,124.03,32003,390.66,391.02,0.35,27.2,39.6,0.0,0.0,-12.4,-0.0,3074,4043,0,26,-2
870,124.20,31995,390.56,390.97,0.40,33.6,45.0,0.0,0.0,-11.4,-0.0,2974,3947,0,32,-7
871,124.37,31992,390.53,390.92,0.39,32.6,43.6,0.0,0.0,-11.1,-0.0,2937,3923,0,30,-8
872,124.45,31990,390.50,390.89,0.39,32.0,43.6,0.0,0.0,-11.7,-0.0,2912,3899,0,30,-9
873,124.61,31978,390.36,390.84,0.49,43.6,54.6,0.0,0.0,-10.9,-0.0,2762,3743,0,36,-22
874,124.78,31977,390.34,390.79,0.44,38.0,49.1,0.0,0.0,-11.1,-0.0,2749,3742,0,31,-19
875,124.95,31972,390.28,390.74,0.45,39.3,50.5,0.0,0.0,-11.1,-0.0,2687,3678,0,31,-23
876,125.03,31967,390.22,390.71,0.49,42.5,54.6,0.0,0.0,-12.1,-0.0,2624,3608,0,30,-28
877,125.20,31962,390.16,390.66,0.50,44.6,55.9,0.0,0.0,-11.4,-0.0,2562,3555,0,29,-32
878,125.37,31959,390.12,390.60,0.48,42.2,53.2,0.0,0.0,-11.0,-0.0,2524,3522,0,26,-32
879,125.46,31957,390.10,390.58,0.48,40.7,53.2,0.0,0.0,-12.5,-0.0,2499,3491,0,24,-32
880,125.62,31954,390.06,390.52,0.46,41.2,51.8,0.0,0.0,-10.6,-0.0,2462,3461,0,22,-33
881,125.79,31951,390.03,390.47,0.44,38.1,49.1,0.0,-0.0,-11.0,-0.0,2424,3431,0,19,-31
882,125.87,31951,390.03,390.45,0.42,34.4,46.4,0.0,-0.0,-12.0,-0.0,2424,3431,0,17,-28
883,126.04,31949,390.00,390.39,0.39,32.0,43.6,0.0,-0.0,-11.6,-0.0,2399,3408,0,15,-27
884,126.21,31948,389.99,390.34,0.35,28.3,39.6,0.0,-0.0,-11.3,-0.0,2387,3402,0,13,-24
885,126.37,31949,390.00,390.29,0.28,20.3,31.4,0.0,-0.0,-11.1,-0.0,2399,3419,0,10,-17
886,126.45,31949,390.00,390.26,0.26,16.6,28.6,0.0,-0.0,-12.0,-0.0,2399,3420,0,8,-14
887,126.62,31949,390.00,390.21,0.21,11.3,23.2,0.0,-0.0,-11.9,-0.0,2399,3420,0,6,-9
888,126.79,31947,389.98,390.16,0.18,8.8,20.5,0.0,-0.0,-11.7,-0.0,2374,3396,0,4,-7
889,126.87,31949,390.00,390.13,0.12,1.6,13.6,0.0,-0.0,-12.1,-0.0,2399,3425,0,1,-1
890,127.04,31949,390.00,390.08,0.07,-3.3,8.2,0.0,-0.0,-11.5,-0.0,2399,1375,0,-2,3
891,127.20,31945,389.95,390.02,0.07,-3.4,8.2,0.0,-0.0,-11.5,-0.0,2349,1319,0,-1,3
892,127.37,31945,389.95,389.97,0.01,-10.0,1.4,0.0,-0.0,-11.4,-0.0,2349,1322,0,-4,9
893,127.46,31949,390.00,389.94,-0.06,-18.9,-6.8,0.0,-0.0,-12.1,-0.0,2399,1378,0,-9,16
894,127.62,31950,390.01,389.89,-0.12,-24.8,-13.6,0.0,-0.0,-11.2,-0.0,2412,1389,0,-13,20
895,127.79,31951,390.03,389.84,-0.20,-33.2,-21.8,0.0,-0.0,-11.4,-0.0,2424,1404,0,-18,27
896,127.87,31950,390.01,389.81,-0.21,-35.3,-23.2,0.0,-0.0,-12.2,-0.0,2412,1396,0,-18,29
897,128.05,31949,390.00,389.76,-0.24,-39.1,-27.3,0.0,-0.0,-11.8,-0.0,2399,1381,0,-20,32
898,128.21,31949,390.00,389.70,-0.31,-45.3,-34.1,0.0,-0.0,-11.2,-0.0,2399,1374,0,-22,38
899,128.37,31948,389.99,389.65,-0.34,-49.8,-38.2,0.0,-0.0,-11.6,-0.0,2387,1359,0,-24,42
900,128.46,31947,389.98,389.62,-0.35,-51.6,-39.6,0.0,-0.0,-12.0,-0.0,2374,1344,0,-24,44
901,128.62,31946,389.97,389.57,-0.39,-54.9,-43.6,0.0,-0.0,-11.3,-0.0,2362,1334,0,-24,47
902,128.79,31945,389.95,389.52,-0.44,-61.2,-49.1,0.0,-0.0,-12.1,-0.0,2349,1319,0,-26,53
903,128.88,31943,389.93,389.49,-0.44,-61.3,-49.1,0.0,-0.0,-12.3,-0.0,2324,1291,0,-24,55
904,129.04,31939,389.88,389.44,-0.44,-60.6,-49.1,0.0,-0.0,-11.5,-0.0,2274,1237,0,-19,56
905,129.21,31935,389.83,389.38,-0.45,-62.2,-50.5,0.0,-0.0,-11.7,-0.0,2224,1184,0,-15,58
906,129.29,31934,389.82,389.35,-0.46,-64.3,-51.8,0.0,-0.0,-12.5,-0.0,2212,1169,0,-14,61
907,129.46,31930,389.77,389.30,-0.48,-64.6,-53.2,0.0,-0.0,-11.4,-0.0,2162,1116,0,-9,62
908,129.63,31925,389.71,389.25,-0.46,-63.0,-51.8,0.0,-0.0,-11.2,-0.0,2099,1051,0,-3,61
909,129.79,31923,389.69,389.19,-0.49,-66.3,-54.6,0.0,-0.0,-11.8,-0.0,2074,1029,0,0,64
910,129.87,31918,389.62,389.17,-0.45,-62.6,-50.5,0.0,0.0,-12.2,-0.0,2012,962,0,6,60
911,130.04,31909,389.51,389.11,-0.40,-57.0,-45.0,0.0,0.0,-12.0,-0.0,1899,840,0,15,53
912,130.21,31904,389.45,389.06,-0.39,-55.1,-43.6,0.0,0.0,-11.4,-0.0,1837,781,0,19,50
913,130.29,31900,389.40,389.03,-0.38,-54.5,-42.3,0.0,0.0,-12.2,-0.0,1787,725,0,23,47
914,130.46,31890,389.28,388.98,-0.31,-45.5,-34.1,0.0,0.0,-11.4,-0.0,1662,591,0,27,35
915,130.62,31885,389.22,388.92,-0.29,-44.2,-32.7,0.0,0.0,-11.5,-0.0,1599,534,0,29,31
916,130.78,31876,389.11,388.87,-0.24,-38.9,-27.3,0.0,0.0,-11.7,-0.0,1487,417,0,30,23
917,130.87,31870,389.04,388.84,-0.20,-34.3,-21.8,0.0,0.0,-12.5,-0.0,1412,334,0,29,16
918,131.03,31863,388.95,388.79,-0.17,-30.8,-19.1,0.0,0.0,-11.7,-0.0,1324,252,0,28,11
919,131.20,31853,388.83,388.73,-0.10,-23.0,-10.9,0.0,0.0,-12.1,-0.0,1199,120,0,22,4
920,131.37,31843,388.71,388.68,-0.02,-14.4,-2.7,0.0,0.0,-11.7,-0.0,1074,4092,0,14,0
921,131.46,31840,388.67,388.65,-0.02,-15.8,-2.7,0.0,0.0,-13.1,-0.0,1037,4051,0,15,-1
922,131.62,31830,388.55,388.59,0.05,-6.1,5.5,0.0,0.0,-11.5,-0.0,912,3932,0,6,-1
923,131.79,31820,388.43,388.54,0.11,0.3,12.3,0.0,0.0,-12.0,-0.0,787,1751,0,0,0
924,131.87,31814,388.35,388.51,0.16,5.2,17.7,0.0,0.0,-12.5,-0.0,712,1675,0,-4,3
925,132.04,31809,388.29,388.46,0.16,6.1,17.7,0.0,0.0,-11.6,-0.0,649,1624,0,-5,4
926,132.20,31801,388.20,388.40,0.21,11.6,23.2,0.0,0.0,-11.6,-0.0,549,1524,0,-8,8
927,132.37,31790,388.06,388.35,0.28,19.4,31.4,0.0,0.0,-12.0,-0.0,412,1384,0,-10,16
928,132.45,31788,388.04,388.32,0.28,19.0,31.4,0.0,0.0,-12.4,-0.0,387,1362,0,-9,16
929,132.61,31781,387.95,388.27,0.32,23.6,35.5,0.0,0.0,-11.8,-0.0,299,1277,0,-9,21
930,132.78,31771,387.83,388.21,0.38,30.0,42.3,0.0,0.0,-12.2,-0.0,174,1147,0,-5,29
931,132.87,31768,387.79,388.18,0.39,31.0,43.6,0.0,0.0,-12.6,-0.0,137,1109,0,-4,30
932,133.03,31762,387.72,388.13,0.40,33.1,45.0,0.0,0.0,-11.9,-0.0,62,1045,0,-1,32
933,133.20,31755,387.63,388.07,0.44,37.0,49.1,0.0,0.0,-12.1,-0.0,4070,955,0,4,36
934,133.29,31753,387.61,388.04,0.43,34.5,47.7,0.0,0.0,-13.3,-0.0,4045,928,0,5,33
935,133.46,31747,387.54,387.99,0.45,38.6,50.5,0.0,0.0,-11.9,-0.0,3970,863,0,9,36
936,133.62,31739,387.44,387.93,0.49,43.0,54.6,0.0,0.0,-11.5,-0.0,3870,761,0,16,38
937,133.78,31737,387.41,387.88,0.46,39.7,51.8,0.0,0.0,-12.1,-0.0,3845,740,0,16,35
938,133.87,31734,387.38,387.85,0.48,40.4,53.2,0.0,0.0,-12.7,-0.0,3808,703,0,19,35
939,134.04,31729,387.32,387.79,0.48,40.8,53.2,0.0,0.0,-12.4,-0.0,3745,643,0,22,33
940,134.20,31726,387.28,387.74,0.45,38.7,50.5,0.0,0.0,-11.8,-0.0,3708,609,0,22,30
941,134.29,31725,387.27,387.71,0.44,36.7,49.1,0.0,-0.0,-12.4,-0.0,3695,602,0,21,28
942,134.45,31722,387.23,387.65,0.42,34.6,46.4,0.0,-0.0,-11.8,-0.0,3658,565,0,22,26
943,134.62,31725,387.27,387.60,0.33,25.0,36.8,0.0,-0.0,-11.8,-0.0,3695,616,0,14,20
944,134.79,31721,387.22,387.54,0.32,22.6,35.5,0.0,-0.0,-12.8,-0.0,3645,562,0,14,17
945,134.87,31721,387.22,387.51,0.29,19.9,32.7,0.0,-0.0,-12.8,-0.0,3645,565,0,12,15
946,135.04,31718,387.18,387.46,0.27,18.0,30.0,0.0,-0.0,-12.0,-0.0,3608,530,0,12,13
947,135.20,31718,387.18,387.40,0.22,12.3,24.5,0.0,-0.0,-12.3,-0.0,3608,530,0,8,9
948,135.29,31718,387.18,387.37,0.18,7.4,20.5,0.0,-0.0,-13.1,-0.0,3608,525,0,5,5
949,135.45,31719,387.19,387.32,0.12,1.8,13.6,0.0,-0.0,-11.9,-0.0,3620,545,0,1,1
950,135.62,31716,387.16,387.26,0.10,-0.8,10.9,0.0,-0.0,-11.7,-0.0,3583,2555,0,-1,-1
951,135.78,31718,387.18,387.20,0.02,-9.4,2.7,0.0,-0.0,-12.1,-0.0,3608,2584,0,-6,-7
952,135.87,31718,387.18,387.17,-0.01,-14.3,-1.4,0.0,-0.0,-12.9,-0.0,3608,2584,0,-9,-10
953,136.04,31719,387.19,387.12,-0.07,-20.7,-8.2,0.0,-0.0,-12.5,-0.0,3620,2596,0,-13,-15
954,136.21,31721,387.22,387.06,-0.16,-29.7,-17.7,0.0,-0.0,-11.9,-0.0,3645,2628,0,-18,-22
955,136.29,31721,387.22,387.03,-0.18,-33.2,-20.5,0.0,-0.0,-12.8,-0.0,3645,2629,0,-20,-25
956,136.45,31722,387.23,386.98,-0.26,-40.6,-28.6,0.0,-0.0,-12.0,-0.0,3658,2640,0,-24,-31
957,136.62,31721,387.22,386.92,-0.31,-46.1,-34.1,0.0,-0.0,-12.0,-0.0,3645,2625,0,-28,-35
958,136.78,31720,387.21,386.86,-0.34,-50.4,-38.2,0.0,-0.0,-12.2,-0.0,3633,2608,0,-32,-37
959,136.87,31719,387.19,386.83,-0.37,-53.9,-40.9,0.0,-0.0,-13.0,-0.0,3620,2593,0,-35,-39
960,137.03,31716,387.16,386.78,-0.38,-54.5,-42.3,0.0,-0.0,-12.2,-0.0,3583,2552,0,-38,-37
961,137.20,31715,387.15,386.72,-0.43,-60.4,-47.7,0.0,-0.0,-12.6,-0.0,3570,2535,0,-43,-40
962,137.28,31715,387.15,386.69,-0.45,-63.5,-50.5,0.0,-0.0,-13.1,-0.0,3570,2537,0,-45,-42
963,137.45,31713,387.12,386.63,-0.49,-67.2,-54.6,0.0,-0.0,-12.7,-0.0,3545,2510,0,-49,-42
964,137.61,31708,387.06,386.58,-0.49,-66.2,-54.6,0.0,-0.0,-11.7,-0.0,3483,2446,0,-53,-37
965,137.78,31706,387.04,386.52,-0.51,-69.8,-57.3,0.0,-0.0,-12.5,-0.0,3458,2421,0,-57,-37
966,137.86,31705,387.02,386.49,-0.54,-72.9,-60.0,0.0,-0.0,-12.9,-0.0,3445,2406,0,-60,-37
967,138.04,31697,386.93,386.43,-0.49,-67.2,-54.6,0.0,-0.0,-12.7,-0.0,3345,2295,0,-61,-24
968,138.20,31694,386.89,386.38,-0.51,-69.6,-57.3,0.0,-0.0,-12.3,-0.0,3308,2258,0,-64,-21
969,138.29,31692,386.87,386.35,-0.51,-70.0,-57.3,0.0,-0.0,-12.7,-0.0,3283,2235,0,-65,-19
970,138.45,31683,386.76,386.29,-0.46,-64.0,-51.8,0.0,0.0,-12.1,-0.0,3170,2113,0,-62,-6
971,138.61,31679,386.71,386.23,-0.48,-65.3,-53.2,0.0,0.0,-12.2,-0.0,3120,2063,0,-63,-1
972,138.78,31669,386.58,386.17,-0.42,-59.2,-46.4,0.0,0.0,-12.8,-0.0,2995,1930,0,-56,10
973,138.87,31664,386.52,386.15,-0.38,-55.5,-42.3,0.0,0.0,-13.2,-0.0,2933,1862,0,-52,15
974,139.04,31657,386.44,386.09,-0.35,-51.5,-39.6,0.0,0.0,-12.0,-0.0,2845,1777,0,-46,20
975,139.21,31650,386.35,386.03,-0.33,-49.7,-36.8,0.0,0.0,-12.8,-0.0,2758,1688,0,-41,25
976,139.29,31644,386.28,386.00,-0.28,-44.8,-31.4,0.0,0.0,-13.5,-0.0,2683,1605,0,-34,27
977,139.46,31634,386.16,385.94,-0.22,-37.0,-24.5,0.0,0.0,-12.4,-0.0,2558,1484,0,-23,27
978,139.63,31624,386.04,385.88,-0.16,-30.8,-17.7,0.0,0.0,-13.1,-0.0,2433,1354,0,-14,26
979,139.72,31619,385.97,385.85,-0.12,-27.5,-13.6,0.0,0.0,-13.9,-0.0,2370,1285,0,-10,25
980,139.88,31609,385.85,385.79,-0.06,-19.3,-6.8,0.0,0.0,-12.5,-0.0,2245,1162,0,-4,18
981,140.05,31598,385.72,385.73,0.01,-11.3,1.4,0.0,0.0,-12.7,-0.0,2108,1022,0,0,11
982,140.14,31590,385.62,385.70,0.09,-4.2,9.5,0.0,0.0,-13.8,-0.0,2008,915,0,1,4
983,140.31,31581,385.51,385.64,0.13,1.7,15.0,0.0,0.0,-13.4,-0.0,1895,2854,0,-1,-2
984,140.48,31572,385.40,385.58,0.18,7.5,20.5,0.0,0.0,-12.9,-0.0,1783,2746,0,-3,-6
985,140.57,31567,385.34,385.55,0.21,9.6,23.2,0.0,0.0,-13.6,-0.0,1720,2679,0,-5,-8
986,140.74,31556,385.21,385.49,0.28,18.0,31.4,0.0,0.0,-13.4,-0.0,1583,2543,0,-13,-12
987,140.92,31547,385.10,385.43,0.33,23.6,36.8,0.0,0.0,-13.2,-0.0,1470,2437,0,-19,-13
988,141.00,31540,385.01,385.40,0.39,29.4,43.6,0.0,0.0,-14.2,-0.0,1383,2341,0,-26,-12
989,141.17,31532,384.91,385.34,0.43,34.9,47.7,0.0,0.0,-12.8,-0.0,1283,2249,0,-32,-10
990,141.33,31523,384.80,385.28,0.48,40.8,53.2,0.0,0.0,-12.4,-0.0,1170,2142,0,-39,-6
991,141.42,31521,384.78,385.25,0.48,39.5,53.2,0.0,0.0,-13.7,-0.0,1145,2114,0,-38,-4
992,141.59,31514,384.69,385.19,0.50,42.2,55.9,0.0,0.0,-13.7,-0.0,1058,2031,0,-41,1
993,141.76,31507,384.61,385.13,0.52,45.6,58.7,0.0,0.0,-13.1,-0.0,970,1948,0,-44,7
994,141.85,31500,384.52,385.10,0.57,50.2,64.1,0.0,0.0,-13.9,-0.0,883,1857,0,-47,14
995,142.02,31496,384.47,385.04,0.56,49.8,62.7,0.0,0.0,-12.9,-0.0,833,1818,0,-45,17
996,142.19,31492,384.42,384.98,0.55,48.7,61.4,0.0,0.0,-12.7,-0.0,783,1770,0,-43,20
997,142.35,31488,384.38,384.92,0.55,48.5,61.4,0.0,0.0,-12.9,-0.0,733,1726,0,-41,22
998,142.43,31485,384.34,384.89,0.55,48.2,61.4,0.0,0.0,-13.1,-0.0,695,1686,0,-40,25
999,142.60,31482,384.30,384.83,0.52,45.9,58.7,0.0,-0.0,-12.7,-0.0,658,1661,0,-37,25
1000,142.77,31478,384.25,384.77,0.51,44.1,57.3,0.0,-0.0,-13.2,-0.0,608,1606,0,-33,27
1001,142.86,31478,384.25,384.74,0.49,40.8,54.6,0.0,-0.0,-13.8,-0.0,608,1610,0,-31,25
1002,143.03,31475,384.22,384.68,0.46,39.3,51.8,0.0,-0.0,-12.5,-0.0,570,1575,0,-28,25
1003,143.19,31474,384.20,384.62,0.42,33.4,46.4,0.0,-0.0,-13.0,-0.0,558,1567,0,-24,22
1004,143.28,31473,384.19,384.59,0.39,29.6,43.6,0.0,-0.0,-14.1,-0.0,545,1555,0,-21,20
1005,143.45,31473,384.19,384.53,0.34,25.4,38.2,0.0,-0.0,-12.8,-0.0,545,1562,0,-18,17
1006,143.62,31473,384.19,384.47,0.28,17.3,31.4,0.0,-0.0,-14.1,-0.0,545,1566,0,-12,11
1007,143.70,31473,384.19,384.44,0.24,13.6,27.3,0.0,-0.0,-13.7,-0.0,545,1566,0,-10,9
1008,143.87,31473,384.19,384.38,0.18,7.6,20.5,0.0,-0.0,-12.8,-0.0,545,1568,0,-5,5
1009,144.04,31474,384.20,384.32,0.11,-0.8,12.3,0.0,-0.0,-13.1,-0.0,558,3631,0,1,0
1010,144.21,31474,384.20,384.26,0.05,-7.8,5.5,0.0,-0.0,-13.3,-0.0,558,3631,0,6,-5
1011,144.30,31474,384.20,384.22,0.01,-13.2,1.4,0.0,-0.0,-14.6,-0.0,558,3632,0,10,-8
1012,144.47,31476,384.23,384.16,-0.06,-20.1,-6.8,0.0,-0.0,-13.3,-0.0,583,3659,0,15,-12
1013,144.63,31476,384.23,384.10,-0.12,-26.5,-13.6,0.0,-0.0,-12.9,-0.0,583,3659,0,20,-16
1014,144.71,31476,384.23,384.07,-0.16,-31.3,-17.7,0.0,-0.0,-13.6,-0.0,583,3658,0,24,-19
1015,144.89,31478,384.25,384.01,-0.24,-40.6,-27.3,0.0,-0.0,-13.4,-0.0,608,3686,0,32,-23
1016,145.06,31476,384.23,383.95,-0.28,-44.1,-31.4,0.0,-0.0,-12.7,-0.0,583,3656,0,33,-27
1017,145.15,31476,384.23,383.92,-0.32,-49.7,-35.5,0.0,-0.0,-14.2,-0.0,583,3655,0,38,-30
1018,145.31,31476,384.23,383.86,-0.37,-53.7,-40.9,0.0,-0.0,-12.7,-0.0,583,3655,0,41,-33
1019,145.47,31474,384.20,383.80,-0.40,-58.0,-45.0,0.0,-0.0,-13.0,-0.0,558,3627,0,42,-37
1020,145.57,31474,384.20,383.76,-0.44,-63.6,-49.1,0.0,-0.0,-14.5,-0.0,558,3624,0,46,-41
1021,145.74,31471,384.17,383.70,-0.46,-65.1,-51.8,0.0,-0.0,-13.2,-0.0,520,3585,0,45,-44
1022,145.91,31469,384.14,383.64,-0.50,-69.4,-55.9,0.0,-0.0,-13.4,-0.0,495,3557,0,46,-49
1023,145.99,31469,384.14,383.61,-0.54,-74.3,-60.0,0.0,-0.0,-14.3,-0.0,495,3556,0,49,-53
1024,146.16,31464,384.08,383.55,-0.54,-73.1,-60.0,0.0,-0.0,-13.0,-0.0,433,3491,0,42,-57
1025,146.34,31458,384.01,383.48,-0.52,-71.9,-58.7,0.0,-0.0,-13.3,-0.0,358,3407,0,34,-61
1026,146.42,31455,383.97,383.45,-0.52,-72.6,-58.7,0.0,-0.0,-13.9,-0.0,320,3368,0,31,-63
1027,146.59,31451,383.92,383.39,-0.54,-72.9,-60.0,0.0,-0.0,-12.9,-0.0,270,3317,0,26,-66
1028,146.76,31443,383.83,383.33,-0.50,-69.7,-55.9,0.0,0.0,-13.7,-0.0,170,3206,0,14,-66
1029,146.84,31441,383.80,383.30,-0.50,-69.9,-55.9,0.0,0.0,-14.0,-0.0,145,3182,0,11,-67
1030,147.01,31435,383.73,383.23,-0.49,-67.9,-54.6,0.0,0.0,-13.3,-0.0,70,3108,0,4,-66
1031,147.18,31427,383.63,383.17,-0.45,-64.0,-50.5,0.0,0.0,-13.6,-0.0,4066,3003,0,-7,-62
1032,147.35,31418,383.52,383.11,-0.40,-57.9,-45.0,0.0,0.0,-12.9,-0.0,3954,2891,0,-15,-54
1033,147.43,31414,383.47,383.08,-0.39,-57.7,-43.6,0.0,0.0,-14.0,-0.0,3904,2835,0,-20,-52
1034,147.60,31403,383.34,383.02,-0.32,-48.8,-35.5,0.0,0.0,-13.4,-0.0,3766,2690,0,-26,-39
1035,147.77,31393,383.22,382.95,-0.26,-41.6,-28.6,0.0,0.0,-13.0,-0.0,3641,2563,0,-28,-29
1036,147.86,31391,383.19,382.92,-0.27,-44.5,-30.0,0.0,0.0,-14.5,-0.0,3616,2535,0,-32,-29
1037,148.03,31377,383.02,382.86,-0.16,-30.9,-17.7,0.0,0.0,-13.2,-0.0,3441,2358,0,-27,-14
1038,148.20,31366,382.89,382.80,-0.09,-22.5,-9.5,0.0,0.0,-13.0,-0.0,3304,2219,0,-21,-6
1039,148.28,31360,382.81,382.77,-0.05,-19.1,-5.5,0.0,0.0,-13.7,-0.0,3229,2141,0,-18,-3
1040,148.44,31352,382.71,382.71,-0.01,-14.2,-1.4,0.0,0.0,-12.8,-0.0,3129,2047,0,-14,0
1041,148.61,31340,382.57,382.64,0.07,-4.9,8.2,0.0,0.0,-13.0,-0.0,2979,1889,0,-5,1
1042,148.70,31336,382.52,382.61,0.09,-5.7,9.5,0.0,0.0,-15.2,-0.0,2929,1836,0,-5,2
1043,148.87,31324,382.37,382.55,0.17,5.8,19.1,0.0,0.0,-13.3,-0.0,2779,3742,0,5,-3
1044,149.03,31312,382.23,382.49,0.26,15.4,28.6,0.0,0.0,-13.3,-0.0,2629,3588,0,11,-10
1045,149.20,31306,382.15,382.42,0.27,16.2,30.0,0.0,0.0,-13.8,-0.0,2554,3519,0,10,-12
1046,149.28,31300,382.08,382.39,0.32,21.2,35.5,0.0,0.0,-14.2,-0.0,2479,3441,0,11,-17
1047,149.45,31287,381.92,382.33,0.42,32.6,46.4,0.0,0.0,-13.8,-0.0,2316,3275,0,10,-30
1048,149.61,31281,381.85,382.27,0.42,33.0,46.4,0.0,0.0,-13.3,-0.0,2241,3209,0,7,-31
1049,149.70,31277,381.80,382.24,0.44,34.8,49.1,0.0,0.0,-14.2,-0.0,2191,3161,0,5,-33
1050,149.87,31265,381.65,382.17,0.52,45.3,58.7,0.0,0.0,-13.4,-0.0,2041,3005,0,-4,-44
1051,150.04,31259,381.58,382.11,0.54,46.2,60.0,0.0,0.0,-13.8,-0.0,1966,2940,0,-9,-44
1052,150.12,31255,381.53,382.08,0.55,46.9,61.4,0.0,0.0,-14.5,-0.0,1916,2890,0,-13,-44
1053,150.29,31249,381.46,382.02,0.56,50.0,62.7,0.0,0.0,-12.7,-0.0,1841,2821,0,-18,-45
1054,150.45,31240,381.35,381.96,0.61,55.0,68.2,0.0,0.0,-13.2,-0.0,1729,2708,0,-28,-45
1055,150.61,31236,381.30,381.89,0.60,53.4,66.8,0.0,0.0,-13.4,-0.0,1679,2665,0,-30,-42
1056,150.70,31232,381.25,381.86,0.61,53.8,68.2,0.0,0.0,-14.3,-0.0,1629,2611,0,-34,-40
1057,150.87,31231,381.24,381.80,0.56,49.3,62.7,0.0,0.0,-13.5,-0.0,1616,2609,0,-31,-36
1058,151.03,31226,381.18,381.74,0.56,49.2,62.7,0.0,-0.0,-13.5,-0.0,1554,2551,0,-34,-33
1059,151.20,31222,381.13,381.67,0.55,47.7,61.4,0.0,-0.0,-13.7,-0.0,1504,2503,0,-35,-30
1060,151.28,31222,381.13,381.64,0.51,43.1,57.3,0.0,-0.0,-14.2,-0.0,1504,2507,0,-32,-27
1061,151.45,31222,381.13,381.58,0.45,37.2,50.5,0.0,-0.0,-13.3,-0.0,1504,2516,0,-27,-24
1062,151.62,31217,381.07,381.52,0.45,37.2,50.5,0.0,-0.0,-13.3,-0.0,1441,2446,0,-29,-21
1063,151.70,31215,381.04,381.48,0.44,34.9,49.1,0.0,-0.0,-14.2,-0.0,1416,2423,0,-28,-18
1064,151.87,31219,381.09,381.42,0.33,23.5,36.8,0.0,-0.0,-13.3,-0.0,1466,2486,0,-18,-14
1065,152.04,31216,381.05,381.36,0.31,20.1,34.1,0.0,-0.0,-14.0,-0.0,1429,2444,0,-16,-11
1066,152.12,31216,381.05,381.32,0.27,15.3,30.0,0.0,-0.0,-14.7,-0.0,1429,2444,0,-12,-8
1067,152.29,31218,381.08,381.26,0.18,7.1,20.5,0.0,-0.0,-13.4,-0.0,1454,2479,0,-5,-4
1068,152.45,31219,381.09,381.20,0.11,-0.9,12.3,0.0,-0.0,-13.1,-0.0,1466,448,0,1,1
1069,152.61,31219,381.09,381.14,0.05,-7.9,5.5,0.0,-0.0,-13.4,-0.0,1466,442,0,6,5
1070,152.70,31221,381.12,381.10,-0.01,-16.1,-1.4,0.0,-0.0,-14.8,-0.0,1491,475,0,12,10
1071,152.87,31221,381.12,381.04,-0.07,-22.0,-8.2,0.0,-0.0,-13.9,-0.0,1491,473,0,16,14
1072,153.03,31222,381.13,380.98,-0.15,-30.0,-16.4,0.0,-0.0,-13.6,-0.0,1504,484,0,21,20
1073,153.12,31222,381.13,380.94,-0.18,-34.8,-20.5,0.0,-0.0,-14.3,-0.0,1504,485,0,25,23
1074,153.29,31218,381.08,380.88,-0.20,-35.5,-21.8,0.0,-0.0,-13.7,-0.0,1454,429,0,27,21
1075,153.45,31221,381.12,380.82,-0.31,-47.6,-34.1,0.0,-0.0,-13.5,-0.0,1491,467,0,35,30
1076,153.62,31219,381.09,380.75,-0.34,-51.7,-38.2,0.0,-0.0,-13.5,-0.0,1466,439,0,39,31
1077,153.70,31219,381.09,380.72,-0.37,-55.3,-40.9,0.0,-0.0,-14.4,-0.0,1466,437,0,42,33
1078,153.86,31219,381.09,380.66,-0.44,-62.6,-49.1,0.0,-0.0,-13.5,-0.0,1466,445,0,47,38
1079,154.04,31218,381.08,380.59,-0.49,-68.8,-54.6,0.0,-0.0,-14.2,-0.0,1454,427,0,53,41
1080,154.12,31216,381.05,380.56,-0.50,-70.8,-55.9,0.0,-0.0,-14.9,-0.0,1429,397,0,56,39
1081,154.29,31212,381.01,380.49,-0.51,-70.6,-57.3,0.0,-0.0,-13.3,-0.0,1379,345,0,59,35
1082,154.45,31212,381.01,380.43,-0.57,-77.9,-64.1,0.0,-0.0,-13.8,-0.0,1379,345,0,65,38
1083,154.61,31208,380.96,380.37,-0.59,-79.0,-65.4,0.0,-0.0,-13.6,-0.0,1329,289,0,69,33
1084,154.71,31204,380.91,380.33,-0.57,-79.5,-64.1,0.0,-0.0,-15.4,-0.0,1279,232,0,72,27
1085,154.87,31203,380.90,380.27,-0.62,-83.4,-69.6,0.0,-0.0,-13.8,-0.0,1266,224,0,76,27
1086,155.03,31196,380.81,380.21,-0.61,-82.2,-68.2,0.0,-0.0,-14.1,-0.0,1179,131,0,78,16
1087,155.12,31192,380.76,380.17,-0.59,-80.0,-65.4,0.0,-0.0,-14.5,-0.0,1129,74,0,77,9
1088,155.29,31185,380.68,380.11,-0.57,-77.7,-64.1,0.0,0.0,-13.6,-0.0,1041,4080,0,75,-2
1089,155.45,31177,380.58,380.04,-0.54,-74.3,-60.0,0.0,0.0,-14.3,-0.0,941,3973,0,71,-14
1090,155.62,31167,380.46,379.98,-0.48,-66.8,-53.2,0.0,0.0,-13.6,-0.0,816,3837,0,60,-25
1091,155.71,31164,380.42,379.94,-0.48,-68.7,-53.2,0.0,0.0,-15.5,-0.0,779,3799,0,60,-29
1092,155.87,31154,380.30,379.88,-0.42,-60.0,-46.4,0.0,0.0,-13.7,-0.0,654,3675,0,46,-35
1093,156.04,31146,380.20,379.81,-0.39,-58.0,-43.6,0.0,0.0,-14.4,-0.0,554,3572,0,39,-40
1094,156.13,31141,380.14,379.78,-0.35,-54.9,-39.6,0.0,0.0,-15.3,-0.0,491,3506,0,33,-42
1095,156.29,31130,380.00,379.72,-0.29,-46.2,-32.7,0.0,0.0,-13.5,-0.0,354,3374,0,20,-40
1096,156.45,31119,379.87,379.65,-0.22,-38.3,-24.5,0.0,0.0,-13.7,-0.0,216,3233,0,9,-36
1097,156.62,31108,379.74,379.59,-0.15,-30.6,-16.4,0.0,0.0,-14.2,-0.0,79,3085,0,1,-30
1098,156.71,31102,379.66,379.55,-0.11,-27.2,-12.3,0.0,0.0,-14.9,-0.0,4,3007,0,-3,-26
1099,156.87,31089,379.50,379.49,-0.01,-15.1,-1.4,0.0,0.0,-13.8,-0.0,3937,2844,0,-5,-14
1100,157.03,31078,379.37,379.43,0.06,-7.2,6.8,0.0,0.0,-14.0,-0.0,3800,2706,0,-4,-6
1101,157.12,31073,379.31,379.39,0.09,-5.4,9.5,0.0,0.0,-14.9,-0.0,3737,2641,0,-3,-4
1102,157.29,31061,379.16,379.33,0.16,3.9,17.7,0.0,0.0,-13.8,-0.0,3587,447,0,3,2
1103,157.46,31048,379.00,379.26,0.26,14.6,28.6,0.0,0.0,-14.0,-0.0,3425,281,0,13,6
1104,157.54,31043,378.94,379.23,0.28,16.4,31.4,0.0,0.0,-15.0,-0.0,3362,219,0,15,5
1105,157.70,31035,378.85,379.16,0.32,22.1,35.5,0.0,0.0,-13.4,-0.0,3262,130,0,21,4
1106,157.87,31019,378.65,379.10,0.45,36.6,50.5,0.0,0.0,-13.8,-0.0,3062,4017,0,35,-4
1107,158.04,31010,378.54,379.03,0.49,40.0,54.6,0.0,0.0,-14.6,-0.0,2950,3907,0,37,-11
1108,158.12,31005,378.48,379.00,0.51,42.0,57.3,0.0,0.0,-15.3,-0.0,2887,3843,0,38,-15
1109,158.29,30999,378.41,378.93,0.52,44.8,58.7,0.0,0.0,-13.9,-0.0,2812,3778,0,38,-20
1110,158.45,30991,378.31,378.87,0.56,48.8,62.7,0.0,0.0,-13.9,-0.0,2712,3684,0,38,-28
1111,158.61,30983,378.21,378.80,0.59,51.3,65.4,0.0,0.0,-14.1,-0.0,2612,3590,0,35,-35
1112,158.70,30978,378.15,378.77,0.62,54.0,69.6,0.0,0.0,-15.6,-0.0,2550,3522,0,33,-40
1113,158.87,30971,378.06,378.70,0.63,56.3,70.9,0.0,0.0,-14.6,-0.0,2462,3442,0,29,-46
1114,159.04,30963,377.97,378.63,0.67,60.8,75.0,0.0,0.0,-14.2,-0.0,2362,3339,0,23,-54
1115,159.12,30960,377.93,378.60,0.67,60.1,75.0,0.0,0.0,-14.9,-0.0,2325,3301,0,20,-55
1116,159.29,30956,377.88,378.53,0.65,58.1,72.2,0.0,0.0,-14.2,-0.0,2275,3260,0,16,-54
1117,159.45,30953,377.84,378.47,0.62,55.3,69.6,0.0,0.0,-14.2,-0.0,2237,3229,0,13,-52
1118,159.54,30953,377.84,378.43,0.59,50.3,65.4,0.0,-0.0,-15.2,-0.0,2237,3233,0,12,-47
1119,159.70,30948,377.78,378.37,0.59,51.7,65.4,0.0,-0.0,-13.8,-0.0,2175,3178,0,8,-49
1120,159.87,30948,377.78,378.30,0.52,44.6,58.7,0.0,-0.0,-14.0,-0.0,2175,3183,0,7,-43
1121,160.04,30942,377.71,378.24,0.52,43.9,58.7,0.0,-0.0,-14.8,-0.0,2100,3107,0,2,-42
1122,160.12,30942,377.71,378.20,0.49,38.8,54.6,0.0,-0.0,-15.7,-0.0,2100,3106,0,2,-38
1123,160.30,30942,377.71,378.13,0.42,31.1,46.4,0.0,-0.0,-15.2,-0.0,2100,3110,0,2,-30
1124,160.46,30940,377.69,378.06,0.38,27.7,42.3,0.0,-0.0,-14.5,-0.0,2075,3087,0,1,-27
1125,160.55,30939,377.67,378.03,0.35,24.0,39.6,0.0,-0.0,-15.5,-0.0,2062,3072,0,0,-23
1126,160.71,30939,377.67,377.96,0.29,18.9,32.7,0.0,-0.0,-13.9,-0.0,2062,3082,0,0,-18
1127,160.89,30942,377.71,377.89,0.18,5.6,20.5,0.0,-0.0,-14.8,-0.0,2100,3124,0,0,-5
1128,160.98,30942,377.71,377.86,0.15,0.1,16.4,0.0,-0.0,-16.3,-0.0,2100,3124,0,0,0
1129,161.14,30944,377.73,377.79,0.06,-8.0,6.8,0.0,-0.0,-14.9,-0.0,2125,1107,0,-1,8
1130,161.31,30942,377.71,377.72,0.01,-13.7,1.4,0.0,-0.0,-15.1,-0.0,2100,1081,0,-1,13
1131,161.40,30942,377.71,377.69,-0.02,-18.1,-2.7,0.0,-0.0,-15.4,-0.0,2100,1081,0,-2,17
1132,161.57,30945,377.75,377.62,-0.12,-28.0,-13.6,0.0,-0.0,-14.4,-0.0,2137,1117,0,-4,27
1133,161.74,30947,377.77,377.55,-0.22,-39.7,-24.5,0.0,-0.0,-15.1,-0.0,2162,1146,0,-7,38
1134,161.83,30947,377.77,377.52,-0.26,-44.8,-28.6,0.0,-0.0,-16.1,-0.0,2162,1143,0,-8,43
1135,162.00,30943,377.72,377.45,-0.28,-46.1,-31.4,0.0,-0.0,-14.7,-0.0,2112,1089,0,-4,44
1136,162.16,30944,377.73,377.38,-0.35,-54.5,-39.6,0.0,-0.0,-14.9,-0.0,2125,1102,0,-6,52
1137,162.25,30944,377.73,377.34,-0.39,-59.6,-43.6,0.0,-0.0,-15.9,-0.0,2125,1099,0,-7,57
1138,162.42,30944,377.73,377.28,-0.46,-66.1,-51.8,0.0,-0.0,-14.2,-0.0,2125,1097,0,-7,64
1139,162.59,30945,377.75,377.21,-0.54,-74.5,-60.0,0.0,-0.0,-14.5,-0.0,2137,1113,0,-10,72
1140,162.76,30942,377.71,377.14,-0.57,-79.8,-64.1,0.0,-0.0,-15.7,-0.0,2100,1073,0,-6,77
1141,162.85,30941,377.70,377.10,-0.60,-82.3,-66.8,0.0,-0.0,-15.5,-0.0,2087,1058,0,-4,80
1142,163.01,30935,377.62,377.03,-0.59,-80.0,-65.4,0.0,-0.0,-14.5,-0.0,2012,975,0,6,77
1143,163.18,30930,377.56,376.96,-0.60,-81.9,-66.8,0.0,-0.0,-15.0,-0.0,1950,905,0,14,78
1144,163.27,30925,377.50,376.93,-0.57,-80.4,-64.1,0.0,-0.0,-16.3,-0.0,1887,831,0,23,74
1145,163.44,30922,377.47,376.86,-0.61,-82.8,-68.2,0.0,-0.0,-14.6,-0.0,1850,797,0,27,75
1146,163.60,30915,377.38,376.79,-0.59,-80.3,-65.4,0.0,0.0,-14.8,-0.0,1762,704,0,37,69
1147,163.69,30911,377.33,376.76,-0.57,-80.6,-64.1,0.0,0.0,-16.5,-0.0,1712,649,0,43,66
1148,163.86,30902,377.22,376.69,-0.54,-74.9,-60.0,0.0,0.0,-14.9,-0.0,1600,535,0,49,53
1149,164.03,30896,377.15,376.62,-0.52,-73.2,-58.7,0.0,0.0,-14.6,-0.0,1525,463,0,54,46
1150,164.11,30892,377.10,376.58,-0.51,-72.9,-57.3,0.0,0.0,-15.6,-0.0,1475,405,0,57,41
1151,164.29,30883,376.99,376.51,-0.48,-68.8,-53.2,0.0,0.0,-15.6,-0.0,1362,289,0,60,29
1152,164.46,30870,376.83,376.44,-0.39,-58.8,-43.6,0.0,0.0,-15.2,-0.0,1200,122,0,56,11
1153,164.54,30866,376.78,376.41,-0.38,-57.9,-42.3,0.0,0.0,-15.7,-0.0,1150,71,0,56,6
1154,164.71,30858,376.68,376.34,-0.34,-52.9,-38.2,0.0,0.0,-14.7,-0.0,1050,4067,0,51,-2
1155,164.88,30846,376.54,376.27,-0.27,-44.7,-30.0,0.0,0.0,-14.7,-0.0,900,3912,0,42,-12
1156,164.97,30839,376.45,376.23,-0.22,-41.2,-24.5,0.0,0.0,-16.7,-0.0,812,3812,0,36,-17
1157,165.13,30828,376.32,376.16,-0.16,-32.7,-17.7,0.0,0.0,-15.0,-0.0,675,3685,0,26,-19
1158,165.29,30818,376.20,376.10,-0.10,-25.4,-10.9,0.0,0.0,-14.5,-0.0,550,3559,0,17,-18
1159,165.46,30804,376.03,376.03,0.00,-14.5,0.0,0.0,0.0,-14.5,-0.0,375,3378,0,6,-13
1160,165.56,30796,375.93,375.99,0.06,-9.9,6.8,0.0,0.0,-16.7,-0.0,275,3265,0,3,-9
1161,165.72,30783,375.77,375.92,0.15,1.1,16.4,0.0,0.0,-15.3,-0.0,112,1061,0,0,1
1162,165.89,30773,375.65,375.85,0.21,8.6,23.2,0.0,0.0,-14.5,-0.0,4083,940,0,1,8
1163,165.98,30767,375.57,375.81,0.24,11.2,27.3,0.0,0.0,-16.0,-0.0,4008,857,0,3,11
1164,166.15,30756,375.44,375.74,0.31,19.5,34.1,0.0,0.0,-14.6,-0.0,3871,732,0,8,17
1165,166.32,30742,375.27,375.67,0.40,29.4,45.0,0.0,0.0,-15.6,-0.0,3696,551,0,19,21
1166,166.41,30737,375.21,375.64,0.43,31.7,47.7,0.0,0.0,-16.1,-0.0,3633,490,0,22,21
1167,166.57,30727,375.09,375.57,0.48,38.6,53.2,0.0,0.0,-14.6,-0.0,3508,371,0,31,20
1168,166.74,30714,374.93,375.50,0.57,48.7,64.1,0.0,0.0,-15.4,-0.0,3346,202,0,45,14
1169,166.83,30709,374.87,375.46,0.60,50.7,66.8,0.0,0.0,-16.1,-0.0,3283,138,0,48,10
1170,167.00,30701,374.77,375.39,0.62,54.7,69.6,0.0,0.0,-14.9,-0.0,3183,52,0,53,4
1171,167.16,30698,374.73,375.32,0.59,51.1,65.4,0.0,0.0,-14.4,-0.0,3146,26,0,49,2
1172,167.25,30694,374.68,375.28,0.60,51.2,66.8,0.0,0.0,-15.7,-0.0,3096,4070,0,50,-2
1173,167.41,30685,374.57,375.22,0.65,57.3,72.2,0.0,0.0,-14.9,-0.0,2983,3965,0,54,-11
1174,167.59,30676,374.46,375.14,0.68,61.2,76.4,0.0,0.0,-15.2,-0.0,2871,3850,0,55,-22
1175,167.68,30674,374.44,375.11,0.67,58.8,75.0,0.0,0.0,-16.2,-0.0,2846,3827,0,52,-23
1176,167.84,30668,374.37,375.04,0.67,59.8,75.0,0.0,0.0,-15.2,-0.0,2771,3751,0,50,-29
1177,168.01,30666,374.34,374.96,0.62,54.3,69.6,0.0,-0.0,-15.2,-0.0,2746,3738,0,45,-27
1178,168.10,30664,374.32,374.93,0.61,51.7,68.2,0.0,-0.0,-16.5,-0.0,2721,3712,0,42,-28
1179,168.27,30662,374.29,374.86,0.56,46.7,62.7,0.0,-0.0,-16.0,-0.0,2696,3699,0,37,-26
1180,168.44,30661,374.28,374.78,0.50,40.2,55.9,0.0,-0.0,-15.8,-0.0,2683,3692,0,32,-23
1181,168.53,30658,374.24,374.75,0.50,39.4,55.9,0.0,-0.0,-16.5,-0.0,2646,3654,0,30,-24
1182,168.70,30658,374.24,374.68,0.44,33.6,49.1,0.0,-0.0,-15.5,-0.0,2646,3658,0,25,-20
1183,168.87,30656,374.22,374.61,0.39,28.6,43.6,0.0,-0.0,-15.1,-0.0,2621,3636,0,21,-18
1184,168.95,30655,374.21,374.57,0.37,23.6,40.9,0.0,-0.0,-17.3,-0.0,2608,3620,0,17,-15
1185,169.12,30653,374.18,374.50,0.32,19.9,35.5,0.0,-0.0,-15.6,-0.0,2583,3595,0,14,-13
1186,169.29,30653,374.18,374.43,0.24,11.4,27.3,0.0,-0.0,-15.9,-0.0,2583,3599,0,8,-8
1187,169.45,30654,374.19,374.36,0.16,2.6,17.7,0.0,-0.0,-15.1,-0.0,2596,3616,0,2,-2
1188,169.55,30654,374.19,374.32,0.12,-2.5,13.6,0.0,-0.0,-16.1,-0.0,2596,1569,0,-2,2
1189,169.71,30655,374.21,374.25,0.04,-10.5,4.1,0.0,-0.0,-14.6,-0.0,2608,1585,0,-8,7
1190,169.88,30655,374.21,374.18,-0.02,-18.1,-2.7,0.0,-0.0,-15.4,-0.0,2608,1587,0,-13,11
1191,169.97,30656,374.22,374.14,-0.09,-26.5,-9.5,0.0,-0.0,-16.9,-0.0,2621,1602,0,-20,16
1192,170.13,30655,374.21,374.07,-0.13,-30.2,-15.0,0.0,-0.0,-15.2,-0.0,2608,1585,0,-22,19
1193,170.30,30655,374.21,374.00,-0.21,-39.1,-23.2,0.0,-0.0,-15.9,-0.0,2608,1584,0,-29,25
1194,170.39,30656,374.22,373.96,-0.26,-44.6,-28.6,0.0,-0.0,-16.0,-0.0,2621,1599,0,-33,27
1195,170.55,30656,374.22,373.89,-0.33,-52.0,-36.8,0.0,-0.0,-15.2,-0.0,2621,1598,0,-39,32
1196,170.72,30657,374.23,373.82,-0.42,-61.6,-46.4,0.0,-0.0,-15.2,-0.0,2633,1610,0,-47,37
1197,170.89,30657,374.23,373.75,-0.49,-69.8,-54.6,0.0,-0.0,-15.2,-0.0,2633,1612,0,-53,42
1198,170.98,30656,374.22,373.71,-0.51,-74.6,-57.3,0.0,-0.0,-17.3,-0.0,2621,1599,0,-56,46
1199,171.15,30651,374.16,373.64,-0.52,-74.2,-58.7,0.0,-0.0,-15.5,-0.0,2558,1527,0,-50,51
1200,171.31,30647,374.11,373.56,-0.55,-77.4,-61.4,0.0,-0.0,-16.0,-0.0,2508,1470,0,-47,58
1201,171.41,30646,374.10,373.52,-0.57,-81.9,-64.1,0.0,-0.0,-17.8,-0.0,2496,1454,0,-49,63
1202,171.57,30640,374.02,373.45,-0.57,-79.4,-64.1,0.0,-0.0,-15.3,-0.0,2421,1373,0,-39,66
1203,171.75,30636,373.97,373.38,-0.60,-83.2,-66.8,0.0,-0.0,-16.3,-0.0,2371,1321,0,-35,72
1204,171.83,30632,373.93,373.34,-0.59,-82.3,-65.4,0.0,-0.0,-16.9,-0.0,2321,1267,0,-29,74
1205,172.01,30628,373.88,373.27,-0.61,-84.3,-68.2,0.0,-0.0,-16.1,-0.0,2271,1219,0,-24,78
1206,172.09,30623,373.82,373.23,-0.59,-82.1,-65.4,0.0,-0.0,-16.6,-0.0,2208,1149,0,-15,78
1207,172.27,30614,373.71,373.15,-0.55,-78.2,-61.4,0.0,0.0,-16.9,-0.0,2096,1032,0,-1,76
1208,172.43,30603,373.57,373.08,-0.49,-70.4,-54.6,0.0,0.0,-15.9,-0.0,1958,886,0,14,67
1209,172.53,30600,373.54,373.04,-0.49,-72.2,-54.6,0.0,0.0,-17.7,-0.0,1921,845,0,19,67
1210,172.69,30592,373.44,372.97,-0.46,-67.8,-51.8,0.0,0.0,-15.9,-0.0,1821,744,0,27,60
1211,172.87,30584,373.34,372.90,-0.44,-65.0,-49.1,0.0,0.0,-15.9,-0.0,1721,644,0,35,53
1212,172.96,30576,373.24,372.85,-0.39,-61.9,-43.6,0.0,0.0,-18.2,-0.0,1621,534,0,41,44
1213,173.13,30563,373.08,372.78,-0.31,-50.1,-34.1,0.0,0.0,-16.0,-0.0,1458,376,0,41,26
1214,173.30,30554,372.97,372.71,-0.27,-45.5,-30.0,0.0,0.0,-15.5,-0.0,1346,261,0,41,17
1215,173.39,30544,372.85,372.67,-0.18,-37.7,-20.5,0.0,0.0,-17.3,-0.0,1221,122,0,36,7
1216,173.56,30536,372.75,372.60,-0.16,-33.2,-17.7,0.0,0.0,-15.5,-0.0,1121,29,0,32,1
1217,173.73,30522,372.58,372.52,-0.06,-22.8,-6.8,0.0,0.0,-16.0,-0.0,946,3950,0,22,-5
1218,173.82,30516,372.51,372.48,-0.02,-19.8,-2.7,0.0,0.0,-17.0,-0.0,871,3870,0,18,-7
1219,173.99,30499,372.30,372.41,0.11,-3.8,12.3,0.0,0.0,-16.0,-0.0,658,3650,0,3,-2
1220,174.16,30488,372.17,372.34,0.17,3.6,19.1,0.0,0.0,-15.5,-0.0,521,1474,0,-2,3
1221,174.25,30482,372.09,372.30,0.21,5.8,23.2,0.0,0.0,-17.4,-0.0,446,1385,0,-3,5
1222,174.41,30467,371.91,372.22,0.32,20.2,35.5,0.0,0.0,-15.3,-0.0,258,1205,0,-5,19
1223,174.59,30456,371.78,372.15,0.37,24.6,40.9,0.0,0.0,-16.3,-0.0,121,1068,0,-2,24
1224,174.68,30452,371.73,372.11,0.38,25.7,42.3,0.0,0.0,-16.6,-0.0,71,1023,0,0,25
1225,174.85,30440,371.58,372.04,0.45,34.9,50.5,0.0,0.0,-15.6,-0.0,4017,877,0,8,33
1226,175.02,30431,371.47,371.96,0.49,38.9,54.6,0.0,0.0,-15.6,-0.0,3904,770,0,14,35
1227,175.10,30424,371.39,371.92,0.54,43.6,60.0,0.0,0.0,-16.4,-0.0,3817,681,0,21,37
1228,175.27,30416,371.29,371.85,0.56,46.1,62.7,0.0,0.0,-16.7,-0.0,3717,584,0,28,35
1229,175.44,30407,371.18,371.78,0.60,51.2,66.8,0.0,0.0,-15.6,-0.0,3604,475,0,37,33
1230,175.53,30402,371.12,371.74,0.62,53.1,69.6,0.0,0.0,-16.4,-0.0,3542,412,0,42,30
1231,175.70,30394,371.02,371.66,0.65,56.3,72.2,0.0,0.0,-15.9,-0.0,3442,316,0,48,25
1232,175.86,30386,370.92,371.59,0.67,59.3,75.0,0.0,0.0,-15.7,-0.0,3342,218,0,54,19
1233,175.95,30383,370.89,371.55,0.66,56.1,73.6,0.0,0.0,-17.5,-0.0,3304,179,0,52,15
1234,176.12,30377,370.81,371.48,0.66,57.7,73.6,0.0,0.0,-16.0,-0.0,3229,114,0,55,10
1235,176.30,30372,370.75,371.40,0.65,55.5,72.2,0.0,0.0,-16.8,-0.0,3167,55,0,54,5
1236,176.38,30372,370.75,371.36,0.61,51.4,68.2,0.0,-0.0,-16.8,-0.0,3167,62,0,50,5
1237,176.56,30366,370.68,371.28,0.61,51.4,68.2,0.0,-0.0,-16.8,-0.0,3092,4086,0,50,-1
1238,176.72,30366,370.68,371.21,0.54,43.7,60.0,0.0,-0.0,-16.3,-0.0,3092,1,0,42,0
1239,176.81,30365,370.67,371.17,0.50,38.0,55.9,0.0,-0.0,-17.9,-0.0,3079,4084,0,37,-1
1240,176.99,30361,370.62,371.09,0.48,36.9,53.2,0.0,-0.0,-16.3,-0.0,3029,4037,0,36,-3
1241,177.16,30362,370.63,371.02,0.39,27.3,43.6,0.0,-0.0,-16.3,-0.0,3042,4059,0,26,-2
1242,177.25,30358,370.58,370.98,0.40,27.4,45.0,0.0,-0.0,-17.7,-0.0,2992,4003,0,26,-4
1243,177.42,30358,370.58,370.90,0.32,19.4,35.5,0.0,-0.0,-16.1,-0.0,2992,4005,0,19,-3
1244,177.58,30358,370.58,370.83,0.26,13.6,28.6,0.0,-0.0,-15.0,-0.0,2992,4012,0,13,-2
1245,177.67,30358,370.58,370.79,0.21,5.5,23.2,0.0,-0.0,-17.7,-0.0,2992,4011,0,5,-1
1246,177.84,30356,370.56,370.72,0.16,1.6,17.7,0.0,-0.0,-16.1,-0.0,2967,3982,0,2,0
1247,178.01,30360,370.61,370.64,0.04,-12.6,4.1,0.0,-0.0,-16.7,-0.0,3017,1998,0,-12,1
1248,178.10,30361,370.62,370.60,-0.01,-18.6,-1.4,0.0,-0.0,-17.2,-0.0,3029,2010,0,-18,1
1249,178.27,30358,370.58,370.52,-0.06,-24.3,-6.8,0.0,-0.0,-17.5,-0.0,2992,1968,0,-23,3
1250,178.44,30358,370.58,370.45,-0.13,-31.5,-15.0,0.0,-0.0,-16.4,-0.0,2992,1971,0,-30,4
1251,178.53,30358,370.58,370.41,-0.17,-37.1,-19.1,0.0,-0.0,-18.0,-0.0,2992,1971,0,-36,4
1252,178.70,30357,370.57,370.33,-0.23,-41.8,-25.9,0.0,-0.0,-15.9,-0.0,2979,1951,0,-40,6
1253,178.87,30357,370.57,370.26,-0.31,-50.6,-34.1,0.0,-0.0,-16.5,-0.0,2979,1951,0,-48,7
1254,178.96,30357,370.57,370.22,-0.35,-58.4,-39.6,0.0,-0.0,-18.9,-0.0,2979,1953,0,-56,8
1255,179.13,30354,370.53,370.14,-0.39,-59.9,-43.6,0.0,-0.0,-16.2,-0.0,2942,1912,0,-57,12
1256,179.30,30355,370.54,370.07,-0.48,-69.4,-53.2,0.0,-0.0,-16.2,-0.0,2954,1926,0,-66,13
1257,179.38,30355,370.54,370.03,-0.51,-74.3,-57.3,0.0,-0.0,-17.1,-0.0,2954,1927,0,-71,13
1258,179.55,30350,370.48,369.95,-0.54,-76.6,-60.0,0.0,-0.0,-16.5,-0.0,2892,1858,0,-71,21
1259,179.73,30350,370.48,369.87,-0.61,-85.3,-68.2,0.0,-0.0,-17.1,-0.0,2892,1859,0,-79,24
1260,179.81,30345,370.42,369.83,-0.59,-83.1,-65.4,0.0,-0.0,-17.6,-0.0,2829,1791,0,-74,31
1261,179.99,30340,370.36,369.76,-0.61,-85.1,-68.2,0.0,-0.0,-16.9,-0.0,2767,1721,0,-72,40
1262,180.16,30333,370.28,369.68,-0.60,-83.2,-66.8,0.0,-0.0,-16.3,-0.0,2679,1625,0,-64,49
1263,180.24,30331,370.25,369.64,-0.61,-84.8,-68.2,0.0,-0.0,-16.6,-0.0,2654,1602,0,-64,52
1264,180.41,30325,370.18,369.57,-0.61,-84.0,-68.2,0.0,0.0,-15.8,-0.0,2579,1520,0,-56,59
1265,180.57,30316,370.07,369.49,-0.57,-79.9,-64.1,0.0,0.0,-15.8,-0.0,2467,1404,0,-43,65
1266,180.66,30314,370.04,369.45,-0.59,-83.8,-65.4,0.0,0.0,-18.3,-0.0,2442,1375,0,-42,70
1267,180.83,30302,369.90,369.38,-0.52,-74.8,-58.7,0.0,0.0,-16.1,-0.0,2292,1223,0,-22,69
1268,181.00,30293,369.79,369.30,-0.49,-70.4,-54.6,0.0,0.0,-15.9,-0.0,2179,1105,0,-8,68
1269,181.09,30287,369.71,369.26,-0.45,-67.9,-50.5,0.0,0.0,-17.5,-0.0,2104,1021,0,0,66
1270,181.26,30277,369.59,369.18,-0.42,-62.5,-46.4,0.0,0.0,-16.2,-0.0,1979,900,0,11,59
1271,181.42,30267,369.47,369.11,-0.37,-56.8,-40.9,0.0,0.0,-15.9,-0.0,1854,770,0,21,51
1272,181.60,30252,369.29,369.03,-0.26,-46.2,-28.6,0.0,0.0,-17.5,-0.0,1667,571,0,29,34
1273,181.69,30245,369.20,368.99,-0.22,-43.2,-24.5,0.0,0.0,-18.6,-0.0,1579,476,0,31,28
1274,181.86,30233,369.06,368.91,-0.15,-33.4,-16.4,0.0,0.0,-17.0,-0.0,1429,333,0,28,16
1275,181.95,30225,368.96,368.87,-0.09,-27.7,-9.5,0.0,0.0,-18.1,-0.0,1329,223,0,25,9
1276,182.11,30213,368.81,368.79,-0.01,-17.3,-1.4,0.0,0.0,-16.0,-0.0,1179,80,0,17,2
1277,182.29,30201,368.66,368.71,0.05,-12.4,5.5,0.0,0.0,-17.9,-0.0,1029,4022,0,12,-1
1278,182.37,30194,368.58,368.68,0.10,-6.2,10.9,0.0,0.0,-17.1,-0.0,942,3938,0,6,-1
1279,182.55,30181,368.42,368.60,0.17,2.0,19.1,0.0,0.0,-17.1,-0.0,779,1725,0,-2,1
1280,182.71,30168,368.26,368.52,0.26,12.9,28.6,0.0,0.0,-15.8,-0.0,617,1571,0,-9,8
1281,182.80,30161,368.18,368.48,0.31,16.4,34.1,0.0,0.0,-17.7,-0.0,529,1473,0,-10,12
1282,182.97,30147,368.01,368.40,0.40,28.1,45.0,0.0,0.0,-16.9,-0.0,354,1298,0,-11,25
1283,183.13,30137,367.88,368.33,0.44,32.2,49.1,0.0,0.0,-16.9,-0.0,229,1178,0,-7,30
1284,183.23,30130,367.80,368.29,0.49,36.0,54.6,0.0,0.0,-18.5,-0.0,142,1083,0,-3,35
1285,183.39,30119,367.66,368.21,0.55,44.5,61.4,0.0,0.0,-16.9,-0.0,4,955,0,5,43
1286,183.56,30108,367.53,368.13,0.60,51.0,66.8,0.0,0.0,-15.8,-0.0,3963,826,0,15,47
1287,183.65,30103,367.47,368.09,0.62,50.7,69.6,0.0,0.0,-18.8,-0.0,3900,755,0,20,45
1288,183.82,30093,367.35,368.01,0.67,58.3,75.0,0.0,0.0,-16.7,-0.0,3775,639,0,31,47
1289,183.99,30085,367.25,367.93,0.68,59.2,76.4,0.0,0.0,-17.2,-0.0,3675,544,0,38,42
1290,184.08,30081,367.20,367.89,0.70,59.9,77.8,0.0,0.0,-17.8,-0.0,3625,494,0,42,40
1291,184.25,30073,367.10,367.81,0.71,61.3,79.1,0.0,0.0,-17.8,-0.0,3525,400,0,49,34
1292,184.42,30065,367.00,367.74,0.73,64.8,81.8,0.0,0.0,-17.0,-0.0,3425,303,0,56,28
1293,184.51,30063,366.98,367.69,0.71,60.2,79.1,0.0,0.0,-18.9,-0.0,3400,279,0,53,24
1294,184.68,30059,366.93,367.62,0.68,60.2,76.4,0.0,0.0,-16.2,-0.0,3350,241,0,54,21
1295,184.85,30057,366.91,367.54,0.63,54.7,70.9,0.0,-0.0,-16.2,-0.0,3325,225,0,50,18
1296,185.01,30053,366.86,367.46,0.61,51.1,68.2,0.0,-0.0,-17.0,-0.0,3275,179,0,48,13
1297,185.10,30052,366.85,367.42,0.57,46.8,64.1,0.0,-0.0,-17.3,-0.0,3263,171,0,44,12
1298,185.27,30048,366.80,367.34,0.55,43.8,61.4,0.0,-0.0,-17.6,-0.0,3213,124,0,42,8
1299,185.44,30048,366.80,367.26,0.46,34.2,51.8,0.0,-0.0,-17.6,-0.0,3213,125,0,33,6
1300,185.53,30047,366.78,367.22,0.44,30.1,49.1,0.0,-0.0,-19.0,-0.0,3200,112,0,29,5
1301,185.70,30044,366.75,367.14,0.39,27.1,43.6,0.0,-0.0,-16.6,-0.0,3163,78,0,26,3
1302,185.87,30043,366.74,367.07,0.33,20.0,36.8,0.0,-0.0,-16.9,-0.0,3150,71,0,19,2
1303,185.96,30043,366.74,367.02,0.29,14.5,32.7,0.0,-0.0,-18.2,-0.0,3150,70,0,14,2
1304,186.13,30048,366.80,366.94,0.15,-0.5,16.4,0.0,-0.0,-16.9,-0.0,3213,2189,0,0,0
1305,186.29,30045,366.76,366.87,0.11,-4.9,12.3,0.0,-0.0,-17.2,-0.0,3175,2152,0,-5,-1
1306,186.38,30045,366.76,366.83,0.07,-9.3,8.2,0.0,-0.0,-17.5,-0.0,3175,2153,0,-9,-1
1307,186.55,30045,366.76,366.75,-0.01,-19.1,-1.4,0.0,-0.0,-17.8,-0.0,3175,2154,0,-18,-3
1308,186.72,30046,366.77,366.67,-0.10,-27.8,-10.9,0.0,-0.0,-16.9,-0.0,3188,2165,0,-27,-5
1309,186.80,30046,366.77,366.63,-0.15,-34.1,-16.4,0.0,-0.0,-17.8,-0.0,3188,2161,0,-33,-6
1310,186.97,30047,366.78,366.55,-0.23,-42.9,-25.9,0.0,-0.0,-17.0,-0.0,3200,2179,0,-41,-8
1311,187.14,30047,366.78,366.47,-0.31,-51.3,-34.1,0.0,-0.0,-17.2,-0.0,3200,2179,0,-49,-10
1312,187.23,30044,366.75,366.43,-0.32,-54.4,-35.5,0.0,-0.0,-18.9,-0.0,3163,2137,0,-52,-7
1313,187.40,30046,366.77,366.35,-0.43,-65.2,-47.7,0.0,-0.0,-17.5,-0.0,3188,2164,0,-62,-11
1314,187.58,30045,366.76,366.27,-0.49,-72.7,-54.6,0.0,-0.0,-18.1,-0.0,3175,2149,0,-70,-11
1315,187.67,30044,366.75,366.23,-0.52,-76.5,-58.7,0.0,-0.0,-17.9,-0.0,3163,2134,0,-73,-10
1316,187.84,30039,366.69,366.14,-0.54,-77.6,-60.0,0.0,-0.0,-17.6,-0.0,3100,2064,0,-75,-2
1317,187.93,30039,366.69,366.10,-0.59,-84.2,-65.4,0.0,-0.0,-18.7,-0.0,3100,2068,0,-82,-3
1318,188.10,30036,366.65,366.02,-0.62,-86.1,-69.6,0.0,-0.0,-16.5,-0.0,3063,2025,0,-83,3
1319,188.27,30030,366.58,365.94,-0.63,-88.2,-70.9,0.0,-0.0,-17.3,-0.0,2988,1942,0,-84,14
1320,188.36,30028,366.55,365.90,-0.65,-90.2,-72.2,0.0,-0.0,-17.9,-0.0,2963,1915,0,-86,18
1321,188.53,30024,366.50,365.82,-0.68,-94.0,-76.4,0.0,-0.0,-17.7,-0.0,2913,1867,0,-88,25
1322,188.70,30018,366.43,365.74,-0.68,-93.5,-76.4,0.0,-0.0,-17.1,-0.0,2838,1783,0,-83,36
1323,188.86,30011,366.35,365.66,-0.68,-93.5,-76.4,0.0,-0.0,-17.1,-0.0,2750,1695,0,-78,47
1324,188.95,30008,366.31,365.62,-0.68,-95.2,-76.4,0.0,-0.0,-18.8,-0.0,2713,1654,0,-76,52
1325,189.12,29995,366.15,365.54,-0.61,-85.3,-68.2,0.0,0.0,-17.1,-0.0,2550,1480,0,-53,63
1326,189.29,29985,366.03,365.46,-0.56,-79.3,-62.7,0.0,0.0,-16.6,-0.0,2425,1348,0,-37,68
1327,189.38,29978,365.94,365.42,-0.52,-76.7,-58.7,0.0,0.0,-18.0,-0.0,2338,1253,0,-26,70
1328,189.54,29969,365.83,365.34,-0.49,-70.9,-54.6,0.0,0.0,-16.3,-0.0,2225,1142,0,-12,68
1329,189.71,29960,365.72,365.26,-0.46,-68.2,-51.8,0.0,0.0,-16.4,-0.0,2113,1030,0,-1,66
1330,189.79,29952,365.62,365.22,-0.40,-63.1,-45.0,0.0,0.0,-18.1,-0.0,2013,922,0,10,60
1331,189.96,29939,365.47,365.14,-0.32,-53.0,-35.5,0.0,0.0,-17.5,-0.0,1850,757,0,20,47
1332,190.13,29928,365.33,365.06,-0.27,-47.2,-30.0,0.0,0.0,-17.2,-0.0,1713,624,0,26,37
1333,190.22,29922,365.26,365.02,-0.24,-46.2,-27.3,0.0,0.0,-18.9,-0.0,1638,539,0,30,33
1334,190.39,29904,365.04,364.94,-0.10,-27.6,-10.9,0.0,0.0,-16.7,-0.0,1413,310,0,24,12
1335,190.56,29892,364.89,364.86,-0.04,-22.5,-4.1,0.0,0.0,-18.4,-0.0,1263,158,0,21,5
1336,190.64,29884,364.79,364.82,0.02,-15.4,2.7,0.0,0.0,-18.1,-0.0,1163,55,0,15,1
1337,190.82,29868,364.60,364.74,0.13,-2.0,15.0,0.0,0.0,-17.0,-0.0,963,3949,0,2,0
1338,190.98,29851,364.39,364.66,0.27,13.0,30.0,0.0,0.0,-17.0,-0.0,750,1686,0,-11,7
1339,191.14,29842,364.28,364.58,0.29,16.0,32.7,0.0,0.0,-16.8,-0.0,638,1582,0,-12,10
1340,191.24,29833,364.17,364.54,0.37,21.6,40.9,0.0,0.0,-19.3,-0.0,525,1453,0,-13,17
1341,191.41,29821,364.03,364.46,0.43,29.8,47.7,0.0,0.0,-17.9,-0.0,375,1318,0,-13,26
1342,191.57,29807,363.85,364.37,0.52,41.0,58.7,0.0,0.0,-17.7,-0.0,200,1144,0,-7,39
1343,191.67,29801,363.78,364.33,0.55,43.1,61.4,0.0,0.0,-18.2,-0.0,125,1072,0,-3,42
1344,191.83,29790,363.65,364.25,0.60,49.4,66.8,0.0,0.0,-17.4,-0.0,4084,937,0,6,47
1345,192.01,29778,363.50,364.17,0.67,57.0,75.0,0.0,0.0,-18.0,-0.0,3934,786,0,20,52
1346,192.09,29773,363.44,364.13,0.68,57.8,76.4,0.0,0.0,-18.6,-0.0,3871,725,0,25,50
1347,192.26,29763,363.32,364.04,0.72,62.5,80.4,0.0,0.0,-18.0,-0.0,3746,609,0,36,49
1348,192.43,29753,363.20,363.96,0.77,68.2,85.9,0.0,0.0,-17.7,-0.0,3621,487,0,48,45
1349,192.52,29751,363.17,363.92,0.74,63.7,83.2,0.0,0.0,-19.5,-0.0,3596,461,0,47,40
1350,192.69,29742,363.06,363.84,0.78,69.5,87.2,0.0,0.0,-17.8,-0.0,3484,359,0,57,35
1351,192.85,29736,362.99,363.76,0.77,69.0,85.9,0.0,0.0,-16.9,-0.0,3409,290,0,60,29
1352,192.94,29734,362.96,363.72,0.76,65.3,84.6,0.0,0.0,-19.2,-0.0,3384,265,0,58,25
1353,193.11,29725,362.85,363.64,0.78,69.8,87.2,0.0,0.0,-17.5,-0.0,3271,158,0,66,16
1354,193.28,29724,362.84,363.55,0.71,61.6,79.1,0.0,-0.0,-17.5,-0.0,3259,152,0,58,14
1355,193.37,29723,362.83,363.51,0.68,57.1,76.4,0.0,-0.0,-19.3,-0.0,3246,144,0,54,12
1356,193.54,29720,362.79,363.43,0.63,51.9,70.9,0.0,-0.0,-19.0,-0.0,3209,112,0,50,9
1357,193.71,29713,362.71,363.35,0.63,53.9,70.9,0.0,-0.0,-17.0,-0.0,3121,26,0,52,2
1358,193.80,29715,362.73,363.30,0.57,45.1,64.1,0.0,-0.0,-19.0,-0.0,3146,58,0,44,4
1359,193.97,29715,362.73,363.22,0.49,36.4,54.6,0.0,-0.0,-18.2,-0.0,3146,61,0,35,3
1360,194.14,29713,362.71,363.14,0.43,30.7,47.7,0.0,-0.0,-17.0,-0.0,3121,35,0,30,2
1361,194.23,29713,362.71,363.09,0.39,23.4,43.6,0.0,-0.0,-20.2,-0.0,3121,37,0,23,1
1362,194.40,29713,362.71,363.01,0.31,16.2,34.1,0.0,-0.0,-17.9,-0.0,3121,49,0,16,1
1363,194.57,29714,362.72,362.93,0.21,6.1,23.2,0.0,-0.0,-17.1,-0.0,3134,61,0,6,1
1364,194.65,29716,362.74,362.89,0.15,-2.2,16.4,0.0,-0.0,-18.5,-0.0,3159,2137,0,-2,0
1365,194.83,29716,362.74,362.80,0.06,-10.6,6.8,0.0,-0.0,-17.4,-0.0,3159,2139,0,-10,-1
1366,194.99,29717,362.76,362.72,-0.04,-21.2,-4.1,0.0,-0.0,-17.1,-0.0,3171,2153,0,-20,-3
1367,195.08,29720,362.79,362.68,-0.11,-31.4,-12.3,0.0,-0.0,-19.1,-0.0,3209,2196,0,-30,-7
1368,195.26,29719,362.78,362.59,-0.18,-38.2,-20.5,0.0,-0.0,-17.7,-0.0,3196,2179,0,-36,-7
1369,195.43,29719,362.78,362.51,-0.27,-48.0,-30.0,0.0,-0.0,-18.0,-0.0,3196,2176,0,-46,-9
1370,195.51,29722,362.82,362.47,-0.35,-58.2,-39.6,0.0,-0.0,-18.6,-0.0,3234,2219,0,-54,-15
1371,195.69,29723,362.83,362.38,-0.45,-68.8,-50.5,0.0,-0.0,-18.3,-0.0,3246,2231,0,-64,-18
1372,195.86,29717,362.76,362.30,-0.45,-69.1,-50.5,0.0,-0.0,-18.6,-0.0,3171,2144,0,-66,-10
1373,195.95,29718,362.77,362.25,-0.51,-76.8,-57.3,0.0,-0.0,-19.5,-0.0,3184,2158,0,-73,-12
1374,196.11,29717,362.76,362.17,-0.59,-82.7,-65.4,0.0,-0.0,-17.2,-0.0,3171,2144,0,-79,-12
1375,196.21,29717,362.76,362.13,-0.62,-89.4,-69.6,0.0,-0.0,-19.8,-0.0,3171,2139,0,-86,-12
1376,196.37,29716,362.74,362.05,-0.70,-94.9,-77.8,0.0,-0.0,-17.2,-0.0,3159,2125,0,-91,-11
1377,196.54,29712,362.70,361.97,-0.73,-100.5,-81.8,0.0,-0.0,-18.7,-0.0,3109,2077,0,-97,-4
1378,196.71,29710,362.67,361.88,-0.79,-105.9,-88.6,0.0,-0.0,-17.2,-0.0,3084,2047,0,-103,0
1379,196.80,29703,362.59,361.84,-0.74,-101.9,-83.2,0.0,-0.0,-18.7,-0.0,2996,1951,0,-98,15
1380,196.97,29698,362.52,361.76,-0.77,-103.2,-85.9,0.0,-0.0,-17.3,-0.0,2934,1884,0,-97,25
1381,197.14,29688,362.40,361.67,-0.73,-100.3,-81.8,0.0,-0.0,-18.5,-0.0,2809,1746,0,-87,43
1382,197.22,29685,362.37,361.63,-0.73,-100.3,-81.8,0.0,0.0,-18.5,-0.0,2771,1706,0,-84,49
1383,197.39,29675,362.24,361.55,-0.70,-95.3,-77.8,0.0,0.0,-17.6,-0.0,2646,1572,0,-69,62
1384,197.57,29665,362.12,361.46,-0.66,-92.4,-73.6,0.0,0.0,-18.8,-0.0,2521,1443,0,-54,72
1385,197.65,29661,362.07,361.42,-0.66,-93.1,-73.6,0.0,0.0,-19.4,-0.0,2471,1389,0,-48,76
1386,197.83,29652,361.96,361.33,-0.63,-89.4,-70.9,0.0,0.0,-18.5,-0.0,2359,1281,0,-33,80
1387,197.92,29644,361.87,361.29,-0.57,-83.8,-64.1,0.0,0.0,-19.7,-0.0,2259,1171,0,-18,79
1388,198.08,29630,361.69,361.20,-0.49,-71.9,-54.6,0.0,0.0,-17.4,-0.0,2084,998,0,3,70
1389,198.25,29618,361.55,361.12,-0.43,-66.0,-47.7,0.0,0.0,-18.3,-0.0,1934,841,0,18,61
1390,198.41,29601,361.34,361.04,-0.31,-52.4,-34.1,0.0,0.0,-18.3,-0.0,1721,613,0,30,41
1391,198.51,29593,361.24,360.99,-0.24,-47.0,-27.3,0.0,0.0,-19.8,-0.0,1621,502,0,33,32
1392,198.68,29580,361.08,360.91,-0.17,-37.4,-19.1,0.0,0.0,-18.3,-0.0,1459,351,0,31,19
1393,198.85,29562,360.86,360.83,-0.04,-21.2,-4.1,0.0,0.0,-17.1,-0.0,1234,121,0,20,4
1394,198.93,29556,360.79,360.78,-0.01,-21.2,-1.4,0.0,0.0,-19.8,-0.0,1159,37,0,20,1
1395,199.10,29544,360.64,360.70,0.05,-12.6,5.5,0.0,0.0,-18.0,-0.0,1009,3998,0,12,-2
1396,199.27,29524,360.40,360.61,0.21,5.7,23.2,0.0,0.0,-17.5,-0.0,759,1694,0,-5,3
1397,199.36,29518,360.33,360.57,0.24,7.4,27.3,0.0,0.0,-19.9,-0.0,684,1610,0,-6,4
1398,199.54,29505,360.17,360.48,0.32,15.9,35.5,0.0,0.0,-19.6,-0.0,521,1456,0,-9,12
1399,199.70,29488,359.96,360.40,0.44,31.6,49.1,0.0,0.0,-17.5,-0.0,309,1246,0,-10,29
1400,199.79,29479,359.85,360.36,0.50,36.6,55.9,0.0,0.0,-19.3,-0.0,196,1120,0,-5,35
1401,199.96,29465,359.68,360.27,0.59,46.8,65.4,0.0,0.0,-18.7,-0.0,21,957,0,5,45
1402,200.13,29452,359.52,360.18,0.66,55.2,73.6,0.0,0.0,-18.4,-0.0,3955,797,0,18,50
1403,200.22,29446,359.45,360.14,0.70,57.5,77.8,0.0,0.0,-20.2,-0.0,3880,713,0,26,50
1404,200.39,29435,359.31,360.06,0.74,65.1,83.2,0.0,0.0,-18.1,-0.0,3742,593,0,39,50
1405,200.56,29421,359.14,359.97,0.83,75.2,92.8,0.0,0.0,-17.5,-0.0,3567,426,0,58,44
1406,200.64,29416,359.08,359.93,0.84,75.1,94.1,0.0,0.0,-19.0,-0.0,3505,358,0,62,38
1407,200.82,29408,358.98,359.84,0.85,76.8,95.4,0.0,0.0,-18.7,-0.0,3405,268,0,68,30
1408,200.99,29401,358.90,359.76,0.85,77.9,95.4,0.0,0.0,-17.5,-0.0,3317,190,0,72,22
1409,201.08,29396,358.84,359.71,0.88,78.6,98.2,0.0,0.0,-19.6,-0.0,3255,122,0,75,14
1410,201.25,29391,358.78,359.63,0.85,77.3,95.4,0.0,0.0,-18.1,-0.0,3192,77,0,74,9
1411,201.42,29386,358.72,359.54,0.82,72.9,91.4,0.0,-0.0,-18.4,-0.0,3130,18,0,71,2
1412,201.50,29383,358.68,359.50,0.82,72.9,91.4,0.0,-0.0,-18.4,-0.0,3092,4079,0,71,-2
1413,201.68,29380,358.64,359.41,0.77,67.8,85.9,0.0,-0.0,-18.1,-0.0,3055,4049,0,65,-5
1414,201.85,29375,358.58,359.32,0.74,64.4,83.2,0.0,-0.0,-18.7,-0.0,2992,3989,0,62,-10
1415,201.94,29375,358.58,359.28,0.70,57.8,77.8,0.0,-0.0,-19.9,-0.0,2992,3991,0,55,-9
1416,202.11,29375,358.58,359.20,0.61,50.3,68.2,0.0,-0.0,-17.8,-0.0,2992,4000,0,48,-7
1417,202.20,29374,358.57,359.15,0.59,44.7,65.4,0.0,-0.0,-20.8,-0.0,2980,3989,0,43,-7
1418,202.37,29374,358.57,359.07,0.50,37.8,55.9,0.0,-0.0,-18.1,-0.0,2980,3995,0,36,-6
1419,202.54,29373,358.56,358.98,0.43,29.3,47.7,0.0,-0.0,-18.4,-0.0,2967,3988,0,28,-5
1420,202.63,29373,358.56,358.94,0.38,23.2,42.3,0.0,-0.0,-19.0,-0.0,2967,3988,0,22,-4
1421,202.80,29374,358.57,358.85,0.28,12.6,31.4,0.0,-0.0,-18.7,-0.0,2980,4003,0,12,-2
1422,202.97,29377,358.61,358.77,0.16,0.2,17.7,0.0,-0.0,-17.5,-0.0,3017,4045,0,0,0
1423,203.06,29376,358.59,358.72,0.12,-6.0,13.6,0.0,-0.0,-19.6,-0.0,3005,1984,0,-6,1
1424,203.22,29376,358.59,358.64,0.05,-11.8,5.5,0.0,-0.0,-17.2,-0.0,3005,1985,0,-11,1
1425,203.39,29378,358.62,358.55,-0.06,-25.2,-6.8,0.0,-0.0,-18.4,-0.0,3030,2013,0,-24,1
1426,203.48,29380,358.64,358.51,-0.13,-34.9,-15.0,0.0,-0.0,-19.9,-0.0,3055,2041,0,-34,0
1427,203.65,29379,358.63,358.42,-0.21,-41.3,-23.2,0.0,-0.0,-18.1,-0.0,3042,2021,0,-40,2
1428,203.83,29381,358.65,358.34,-0.32,-54.2,-35.5,0.0,-0.0,-18.7,-0.0,3067,2052,0,-52,0
1429,203.92,29381,358.65,358.29,-0.37,-60.8,-40.9,0.0,-0.0,-19.9,-0.0,3067,2051,0,-59,0
1430,204.08,29382,358.67,358.21,-0.46,-69.7,-51.8,0.0,-0.0,-17.8,-0.0,3080,2062,0,-67,-1
1431,204.25,29384,358.69,358.13,-0.56,-80.6,-62.7,0.0,-0.0,-17.8,-0.0,3105,2088,0,-78,-5
1432,204.41,29383,358.68,358.04,-0.63,-88.2,-70.9,0.0,-0.0,-17.2,-0.0,3092,2072,0,-85,-3
1433,204.49,29381,358.65,358.00,-0.65,-91.3,-72.2,0.0,-0.0,-19.0,-0.0,3067,2043,0,-88,1
1434,204.67,29376,358.59,357.91,-0.68,-95.4,-76.4,0.0,-0.0,-19.0,-0.0,3005,1973,0,-92,11
1435,204.85,29373,358.56,357.82,-0.73,-101.4,-81.8,0.0,-0.0,-19.6,-0.0,2967,1929,0,-97,18
1436,204.94,29369,358.51,357.78,-0.72,-99.5,-80.4,0.0,-0.0,-19.0,-0.0,2917,1870,0,-93,26
1437,205.11,29363,358.44,357.70,-0.74,-101.9,-83.2,0.0,-0.0,-18.7,-0.0,2842,1789,0,-91,38
1438,205.19,29360,358.40,357.65,-0.74,-101.9,-83.2,0.0,-0.0,-18.7,-0.0,2805,1750,0,-89,44
1439,205.36,29357,358.36,357.57,-0.79,-106.2,-88.6,0.0,-0.0,-17.5,-0.0,2767,1716,0,-90,50
1440,205.53,29348,358.25,357.49,-0.77,-105.6,-85.9,0.0,-0.0,-19.6,-0.0,2655,1591,0,-78,66
1441,205.70,29341,358.17,357.40,-0.77,-103.8,-85.9,0.0,-0.0,-17.8,-0.0,2567,1507,0,-68,74
1442,205.78,29336,358.11,357.36,-0.74,-101.9,-83.2,0.0,0.0,-18.7,-0.0,2505,1440,0,-59,79
1443,205.96,29325,357.97,357.27,-0.70,-96.8,-77.8,0.0,0.0,-19.0,-0.0,2367,1294,0,-38,86
1444,206.13,29313,357.82,357.19,-0.63,-89.6,-70.9,0.0,0.0,-18.7,-0.0,2217,1133,0,-14,86
1445,206.22,29307,357.75,357.14,-0.61,-89.0,-68.2,0.0,0.0,-20.8,-0.0,2142,1050,0,-3,86
1446,206.39,29292,357.57,357.06,-0.51,-75.4,-57.3,0.0,0.0,-18.1,-0.0,1955,860,0,18,71
1447,206.48,29284,357.47,357.01,-0.46,-72.1,-51.8,0.0,0.0,-20.2,-0.0,1855,748,0,29,64
1448,206.65,29270,357.30,356.93,-0.38,-59.8,-42.3,0.0,0.0,-17.5,-0.0,1680,579,0,37,45
1449,206.82,29255,357.12,356.84,-0.28,-49.2,-31.4,0.0,0.0,-17.8,-0.0,1492,386,0,40,27
1450,206.91,29249,357.04,356.80,-0.24,-47.5,-27.3,0.0,0.0,-20.2,-0.0,1417,300,0,41,20
1451,207.07,29233,356.85,356.71,-0.13,-33.4,-15.0,0.0,0.0,-18.4,-0.0,1217,106,0,32,5
1452,207.25,29216,356.64,356.63,-0.01,-19.2,-1.4,0.0,0.0,-17.8,-0.0,1005,3991,0,18,-3
1453,207.33,29211,356.58,356.58,0.00,-19.3,0.0,0.0,0.0,-19.3,-0.0,942,3923,0,18,-5
1454,207.50,29198,356.42,356.50,0.09,-8.3,9.5,0.0,0.0,-17.8,-0.0,780,3770,0,7,-4
1455,207.67,29178,356.18,356.42,0.24,9.1,27.3,0.0,0.0,-18.1,-0.0,530,1462,0,-6,7
1456,207.84,29163,355.99,356.33,0.34,19.5,38.2,0.0,0.0,-18.7,-0.0,342,1275,0,-7,17
1457,207.93,29155,355.90,356.29,0.39,23.7,43.6,0.0,0.0,-19.9,-0.0,242,1169,0,-5,22
1458,208.10,29143,355.75,356.20,0.45,32.9,50.5,0.0,0.0,-17.5,-0.0,92,1027,0,0,32
1459,208.19,29133,355.63,356.16,0.52,37.8,58.7,0.0,0.0,-20.8,-0.0,4063,884,0,8,36
1460,208.36,29119,355.46,356.07,0.61,50.1,68.2,0.0,0.0,-18.1,-0.0,3888,731,0,21,44
1461,208.53,29103,355.26,355.98,0.72,61.7,80.4,0.0,0.0,-18.7,-0.0,3688,527,0,41,43
1462,208.62,29097,355.19,355.94,0.76,65.5,84.6,0.0,0.0,-19.0,-0.0,3613,453,0,49,41
1463,208.79,29087,355.07,355.86,0.79,70.8,88.6,0.0,0.0,-17.8,-0.0,3488,336,0,60,34
1464,208.95,29075,354.92,355.77,0.85,77.6,95.4,0.0,0.0,-17.8,-0.0,3338,196,0,72,22
1465,209.13,29068,354.83,355.69,0.85,76.8,95.4,0.0,0.0,-18.7,-0.0,3251,114,0,73,13
1466,209.21,29063,354.77,355.64,0.87,76.9,96.8,0.0,0.0,-19.9,-0.0,3188,52,0,74,6
1467,209.38,29052,354.64,355.56,0.92,84.4,102.3,0.0,0.0,-17.8,-0.0,3051,4016,0,81,-10
1468,209.47,29050,354.61,355.51,0.90,80.1,100.9,0.0,0.0,-20.8,-0.0,3026,3989,0,77,-13
1469,209.65,29048,354.59,355.43,0.84,75.9,94.1,0.0,-0.0,-18.1,-0.0,3001,3986,0,73,-12
1470,209.82,29040,354.49,355.34,0.84,75.4,94.1,0.0,-0.0,-18.7,-0.0,2901,3884,0,69,-23
1471,209.91,29037,354.46,355.29,0.84,74.2,94.1,0.0,-0.0,-19.9,-0.0,2863,3846,0,67,-27
1472,210.08,29033,354.41,355.21,0.81,72.2,90.0,0.0,-0.0,-17.8,-0.0,2813,3810,0,63,-30
1473,210.25,29034,354.42,355.12,0.71,61.2,79.1,0.0,-0.0,-17.8,-0.0,2826,3830,0,54,-24
1474,210.34,29032,354.39,355.08,0.68,57.1,76.4,0.0,-0.0,-19.3,-0.0,2801,3801,0,50,-24
1475,210.51,29031,354.38,355.00,0.61,50.3,68.2,0.0,-0.0,-17.8,-0.0,2788,3799,0,44,-21
1476,210.68,29031,354.38,354.91,0.52,41.1,58.7,0.0,-0.0,-17.5,-0.0,2788,3808,0,36,-17
1477,210.77,29029,354.36,354.87,0.51,36.8,57.3,0.0,-0.0,-20.5,-0.0,2763,3780,0,32,-17
1478,210.94,29032,354.39,354.78,0.39,26.1,43.6,0.0,-0.0,-17.5,-0.0,2801,3822,0,23,-10
1479,211.11,29034,354.42,354.69,0.28,12.3,31.4,0.0,-0.0,-19.0,-0.0,2826,3856,0,11,-4
1480,211.20,29035,354.43,354.65,0.22,5.5,24.5,0.0,-0.0,-19.0,-0.0,2838,3868,0,5,-2
1481,211.37,29037,354.46,354.57,0.11,-6.5,12.3,0.0,-0.0,-18.7,-0.0,2863,1848,0,-6,2
1482,211.54,29037,354.46,354.48,0.02,-16.9,2.7,0.0,-0.0,-19.6,-0.0,2863,1850,0,-16,5
1483,211.63,29037,354.46,354.44,-0.02,-22.0,-2.7,0.0,-0.0,-19.3,-0.0,2863,1847,0,-20,6
1484,211.79,29040,354.49,354.35,-0.13,-33.1,-15.0,0.0,-0.0,-18.1,-0.0,2901,1886,0,-31,8
1485,211.97,29041,354.50,354.27,-0.23,-44.3,-25.9,0.0,-0.0,-18.4,-0.0,2913,1895,0,-42,10
1486,212.05,29041,354.50,354.22,-0.28,-50.7,-31.4,0.0,-0.0,-19.3,-0.0,2913,1895,0,-48,11
1487,212.22,29041,354.50,354.14,-0.37,-59.3,-40.9,0.0,-0.0,-18.4,-0.0,2913,1895,0,-56,13
1488,212.39,29041,354.50,354.06,-0.45,-68.9,-50.5,0.0,-0.0,-18.4,-0.0,2913,1893,0,-65,16
1489,212.48,29041,354.50,354.01,-0.49,-74.8,-54.6,0.0,-0.0,-20.2,-0.0,2913,1891,0,-70,17
1490,212.65,29041,354.50,353.93,-0.57,-81.6,-64.1,0.0,-0.0,-17.5,-0.0,2913,1889,0,-77,19
1491,212.81,29040,354.49,353.84,-0.65,-89.5,-72.2,0.0,-0.0,-17.2,-0.0,2901,1876,0,-84,23
1492,212.90,29040,354.49,353.80,-0.70,-97.6,-77.8,0.0,-0.0,-19.9,-0.0,2901,1875,0,-91,25
1493,213.07,29034,354.42,353.71,-0.71,-97.5,-79.1,0.0,-0.0,-18.4,-0.0,2826,1792,0,-87,36
1494,213.24,29033,354.41,353.63,-0.78,-105.1,-87.2,0.0,-0.0,-17.8,-0.0,2813,1777,0,-93,41
1495,213.33,29030,354.37,353.59,-0.78,-106.6,-87.2,0.0,-0.0,-19.3,-0.0,2776,1735,0,-92,48
1496,213.49,29025,354.31,353.50,-0.81,-108.1,-90.0,0.0,-0.0,-18.1,-0.0,2713,1667,0,-87,58
1497,213.66,29016,354.20,353.42,-0.78,-105.4,-87.2,0.0,-0.0,-18.1,-0.0,2601,1546,0,-73,71
1498,213.83,29010,354.13,353.33,-0.79,-107.4,-88.6,0.0,-0.0,-18.7,-0.0,2526,1466,0,-65,81
1499,213.92,29006,354.08,353.29,-0.79,-108.9,-88.6,0.0,-0.0,-20.2,-0.0,2476,1408,0,-59,88
1500,214.10,28995,353.94,353.20,-0.74,-101.0,-83.2,0.0,0.0,-17.8,-0.0,2338,1268,0,-36,91
1501,214.18,28989,353.87,353.16,-0.71,-99.9,-79.1,0.0,0.0,-20.8,-0.0,2263,1180,0,-23,94
1502,214.35,28977,353.72,353.07,-0.65,-90.4,-72.2,0.0,0.0,-18.1,-0.0,2113,1033,0,-1,88
1503,214.52,28967,353.60,352.99,-0.61,-86.0,-68.2,0.0,0.0,-17.8,-0.0,1988,903,0,15,82
1504,214.61,28960,353.52,352.95,-0.57,-83.1,-64.1,0.0,0.0,-19.0,-0.0,1901,807,0,26,76
1505,214.79,28943,353.31,352.86,-0.45,-68.9,-50.5,0.0,0.0,-18.4,-0.0,1688,588,0,41,52
1506,214.96,28930,353.15,352.77,-0.38,-59.8,-42.3,0.0,0.0,-17.5,-0.0,1526,429,0,46,35
1507,215.04,28923,353.06,352.73,-0.34,-57.8,-38.2,0.0,0.0,-19.6,-0.0,1438,330,0,49,27
1508,215.22,28903,352.82,352.64,-0.18,-38.3,-20.5,0.0,0.0,-17.8,-0.0,1188,74,0,37,4
1509,215.38,28892,352.69,352.56,-0.12,-31.2,-13.6,0.0,0.0,-17.5,-0.0,1051,4039,0,30,-3
1510,215.47,28884,352.59,352.52,-0.07,-27.2,-8.2,0.0,0.0,-19.0,-0.0,951,3933,0,26,-7
1511,215.64,28870,352.42,352.43,0.01,-16.8,1.4,0.0,0.0,-18.1,-0.0,776,3761,0,14,-8
1512,215.82,28852,352.20,352.34,0.15,-2.7,16.4,0.0,0.0,-19.0,-0.0,551,3530,0,2,-2
1513,215.91,28844,352.10,352.30,0.20,1.9,21.8,0.0,0.0,-19.9,-0.0,451,1382,0,-1,2
1514,216.08,28829,351.92,352.21,0.29,14.0,32.7,0.0,0.0,-18.7,-0.0,263,1194,0,-3,13
1515,216.25,28811,351.70,352.13,0.43,30.2,47.7,0.0,0.0,-17.5,-0.0,38,970,0,2,29
1516,216.34,28803,351.60,352.08,0.49,34.9,54.6,0.0,0.0,-19.6,-0.0,4034,859,0,8,33
1517,216.51,28788,351.42,352.00,0.57,45.7,64.1,0.0,0.0,-18.4,-0.0,3847,682,0,22,38
1518,216.68,28778,351.29,351.91,0.62,51.1,69.6,0.0,0.0,-18.4,-0.0,3722,565,0,32,38
1519,216.77,28772,351.22,351.87,0.65,52.1,72.2,0.0,0.0,-20.2,-0.0,3647,484,0,37,34
1520,216.94,28760,351.07,351.78,0.71,61.6,79.1,0.0,0.0,-17.5,-0.0,3497,354,0,51,31
1521,217.11,28746,350.90,351.69,0.79,69.6,88.6,0.0,0.0,-19.0,-0.0,3322,176,0,65,18
1522,217.20,28739,350.82,351.65,0.83,73.4,92.8,0.0,0.0,-19.3,-0.0,3234,87,0,70,9
1523,217.36,28731,350.72,351.57,0.85,77.9,95.4,0.0,0.0,-17.5,-0.0,3134,4092,0,75,0
1524,217.54,28722,350.61,351.48,0.87,77.8,96.8,0.0,0.0,-19.0,-0.0,3022,3980,0,74,-13
1525,217.63,28719,350.57,351.44,0.87,77.8,96.8,0.0,0.0,-19.0,-0.0,2984,3946,0,73,-17
1526,217.79,28712,350.49,351.36,0.87,79.0,96.8,0.0,0.0,-17.8,-0.0,2897,3872,0,72,-26
1527,217.96,28707,350.43,351.27,0.84,75.1,94.1,0.0,0.0,-19.0,-0.0,2834,3814,0,66,-30
1528,218.05,28704,350.39,351.22,0.83,73.4,92.8,0.0,-0.0,-19.3,-0.0,2797,3779,0,63,-33
1529,218.22,28702,350.37,351.14,0.78,68.9,87.2,0.0,-0.0,-18.4,-0.0,2772,3766,0,58,-32
1530,218.38,28694,350.27,351.06,0.79,70.5,88.6,0.0,-0.0,-18.1,-0.0,2672,3665,0,54,-42
1531,218.47,28692,350.24,351.01,0.77,65.4,85.9,0.0,-0.0,-20.5,-0.0,2647,3638,0,48,-41
1532,218.64,28693,350.26,350.93,0.67,57.5,75.0,0.0,-0.0,-17.5,-0.0,2659,3663,0,44,-34
1533,218.82,28692,350.24,350.84,0.60,47.2,66.8,0.0,-0.0,-19.6,-0.0,2647,3655,0,36,-29
1534,218.91,28692,350.24,350.80,0.55,42.3,61.4,0.0,-0.0,-19.0,-0.0,2647,3656,0,32,-26
1535,219.08,28692,350.24,350.71,0.46,33.1,51.8,0.0,-0.0,-18.7,-0.0,2647,3668,0,25,-20
1536,219.25,28693,350.26,350.63,0.37,22.8,40.9,0.0,-0.0,-18.1,-0.0,2659,3684,0,18,-13
1537,219.34,28693,350.26,350.58,0.33,17.2,36.8,0.0,-0.0,-19.6,-0.0,2659,3683,0,13,-10
1538,219.51,28693,350.26,350.49,0.24,7.7,27.3,0.0,-0.0,-19.6,-0.0,2659,3685,0,6,-4
1539,219.68,28693,350.26,350.41,0.16,-1.3,17.7,0.0,-0.0,-19.0,-0.0,2659,1635,0,-1,1
1540,219.77,28696,350.29,350.36,0.07,-12.6,8.2,0.0,-0.0,-20.8,-0.0,2697,1680,0,-10,7
1541,219.94,28698,350.32,350.28,-0.04,-22.2,-4.1,0.0,-0.0,-18.1,-0.0,2722,1705,0,-19,11
1542,220.03,28699,350.33,350.24,-0.10,-29.9,-10.9,0.0,-0.0,-19.0,-0.0,2734,1719,0,-25,14
1543,220.20,28699,350.33,350.15,-0.18,-38.9,-20.5,0.0,-0.0,-18.4,-0.0,2734,1719,0,-33,18
1544,220.36,28699,350.33,350.07,-0.26,-45.9,-28.6,0.0,-0.0,-17.2,-0.0,2734,1718,0,-39,22
1545,220.53,28700,350.34,349.99,-0.35,-58.6,-39.6,0.0,-0.0,-19.0,-0.0,2747,1726,0,-50,27
1546,220.61,28702,350.37,349.94,-0.43,-66.4,-47.7,0.0,-0.0,-18.7,-0.0,2772,1754,0,-58,28
1547,220.78,28701,350.35,349.86,-0.49,-71.8,-54.6,0.0,-0.0,-17.2,-0.0,2759,1738,0,-62,32
1548,220.95,28700,350.34,349.78,-0.56,-80.2,-62.7,0.0,-0.0,-17.5,-0.0,2747,1724,0,-68,37
1549,221.04,28698,350.32,349.73,-0.59,-85.1,-65.4,0.0,-0.0,-19.6,-0.0,2722,1696,0,-71,42
1550,221.21,28698,350.32,349.65,-0.67,-92.6,-75.0,0.0,-0.0,-17.5,-0.0,2722,1695,0,-77,46
1551,221.37,28692,350.24,349.56,-0.68,-94.2,-76.4,0.0,-0.0,-17.8,-0.0,2647,1610,0,-71,57
1552,221.47,28692,350.24,349.52,-0.73,-101.8,-81.8,0.0,-0.0,-19.9,-0.0,2647,1609,0,-77,61
1553,221.63,28687,350.18,349.43,-0.74,-101.0,-83.2,0.0,-0.0,-17.8,-0.0,2584,1541,0,-70,69
1554,221.81,28680,350.10,349.35,-0.74,-101.9,-83.2,0.0,-0.0,-18.7,-0.0,2497,1446,0,-60,79
1555,221.90,28676,350.05,349.30,-0.74,-103.4,-83.2,0.0,-0.0,-20.2,-0.0,2447,1388,0,-53,85
1556,222.07,28668,349.95,349.22,-0.73,-99.7,-81.8,0.0,-0.0,-17.8,-0.0,2347,1289,0,-38,89
1557,222.23,28660,349.85,349.13,-0.72,-98.3,-80.4,0.0,0.0,-17.8,-0.0,2247,1180,0,-23,93
1558,222.32,28654,349.78,349.09,-0.70,-97.4,-77.8,0.0,0.0,-19.6,-0.0,2172,1097,0,-11,94
1559,222.49,28646,349.68,349.00,-0.68,-93.9,-76.4,0.0,0.0,-17.5,-0.0,2072,1000,0,3,91
1560,222.66,28635,349.55,348.92,-0.62,-88.0,-69.6,0.0,0.0,-18.4,-0.0,1934,856,0,22,82
1561,222.75,28628,349.46,348.87,-0.59,-86.2,-65.4,0.0,0.0,-20.8,-0.0,1847,757,0,33,77
1562,222.92,28615,349.30,348.79,-0.51,-74.8,-57.3,0.0,0.0,-17.5,-0.0,1684,597,0,44,57
1563,223.09,28601,349.13,348.70,-0.43,-66.8,-47.7,0.0,0.0,-19.0,-0.0,1509,413,0,52,38
1564,223.18,28595,349.06,348.66,-0.40,-64.3,-45.0,0.0,0.0,-19.3,-0.0,1434,332,0,54,30
1565,223.35,28580,348.88,348.57,-0.31,-51.9,-34.1,0.0,0.0,-17.8,-0.0,1247,146,0,49,11
1566,223.53,28565,348.69,348.49,-0.21,-41.6,-23.2,0.0,0.0,-18.4,-0.0,1059,4050,0,40,-3
1567,223.62,28556,348.58,348.44,-0.15,-36.6,-16.4,0.0,0.0,-20.2,-0.0,947,3925,0,34,-9
1568,223.79,28545,348.45,348.36,-0.10,-28.8,-10.9,0.0,0.0,-17.8,-0.0,809,3802,0,25,-12
1569,223.95,28529,348.25,348.27,0.02,-14.8,2.7,0.0,0.0,-17.5,-0.0,609,3599,0,10,-10
1570,224.04,28519,348.13,348.23,0.10,-9.0,10.9,0.0,0.0,-19.9,-0.0,484,3459,0,5,-7
1571,224.20,28504,347.95,348.15,0.20,4.3,21.8,0.0,0.0,-17.5,-0.0,297,1235,0,-1,4
1572,224.37,28489,347.77,348.06,0.29,13.7,32.7,0.0,0.0,-19.0,-0.0,109,1038,0,0,13
1573,224.47,28481,347.67,348.02,0.35,19.6,39.6,0.0,0.0,-19.9,-0.0,9,930,0,3,19
1574,224.63,28467,347.50,347.94,0.44,31.9,49.1,0.0,0.0,-17.2,-0.0,3930,771,0,12,29
1575,224.79,28452,347.31,347.85,0.54,41.6,60.0,0.0,0.0,-18.4,-0.0,3743,585,0,25,31
1576,224.96,28442,347.19,347.77,0.57,45.7,64.1,0.0,0.0,-18.4,-0.0,3618,465,0,33,29
1577,225.05,28436,347.12,347.72,0.61,48.0,68.2,0.0,0.0,-20.2,-0.0,3543,384,0,39,26
1578,225.23,28423,346.96,347.64,0.68,58.8,76.4,0.0,0.0,-17.5,-0.0,3380,235,0,53,20
1579,225.32,28418,346.90,347.59,0.70,56.3,77.8,0.0,0.0,-21.4,-0.0,3318,163,0,53,14
1580,225.48,28410,346.80,347.51,0.71,61.0,79.1,0.0,0.0,-18.1,-0.0,3218,86,0,59,8
1581,225.66,28395,346.62,347.42,0.81,71.0,90.0,0.0,0.0,-19.0,-0.0,3030,3984,0,68,-12
1582,225.75,28391,346.57,347.38,0.81,69.8,90.0,0.0,0.0,-20.2,-0.0,2980,3933,0,66,-17
1583,225.92,28383,346.47,347.29,0.82,73.8,91.4,0.0,0.0,-17.5,-0.0,2880,3849,0,66,-26
1584,226.09,28377,346.40,347.21,0.81,72.5,90.0,0.0,0.0,-17.5,-0.0,2805,3774,0,62,-33
1585,226.18,28372,346.34,347.16,0.82,71.4,91.4,0.0,0.0,-19.9,-0.0,2743,3707,0,57,-39
1586,226.35,28368,346.29,347.08,0.78,69.8,87.2,0.0,-0.0,-17.5,-0.0,2693,3679,0,54,-40
1587,226.52,28364,346.24,346.99,0.76,65.8,84.6,0.0,-0.0,-18.7,-0.0,2643,3632,0,48,-42
1588,226.60,28360,346.19,346.95,0.76,65.5,84.6,0.0,-0.0,-19.0,-0.0,2593,3582,0,45,-45
1589,226.77,28359,346.18,346.86,0.68,58.8,76.4,0.0,-0.0,-17.5,-0.0,2580,3579,0,40,-41
1590,226.95,28355,346.13,346.78,0.65,53.0,72.2,0.0,-0.0,-19.3,-0.0,2530,3532,0,33,-39
1591,227.03,28355,346.13,346.73,0.60,47.8,66.8,0.0,-0.0,-19.0,-0.0,2530,3534,0,30,-35
1592,227.21,28352,346.09,346.65,0.55,42.9,61.4,0.0,-0.0,-18.4,-0.0,2493,3499,0,25,-33
1593,227.38,28353,346.11,346.56,0.45,32.6,50.5,0.0,-0.0,-17.8,-0.0,2505,3520,0,20,-24
1594,227.46,28353,346.11,346.52,0.42,27.6,46.4,0.0,-0.0,-18.7,-0.0,2505,3520,0,17,-21
1595,227.63,28355,346.13,346.43,0.31,15.1,34.1,0.0,-0.0,-19.0,-0.0,2530,3554,0,10,-11
1596,227.81,28352,346.09,346.35,0.26,10.5,28.6,0.0,-0.0,-18.1,-0.0,2493,3514,0,6,-8
1597,227.90,28352,346.09,346.30,0.21,4.5,23.2,0.0,-0.0,-18.7,-0.0,2493,3517,0,3,-3
1598,228.06,28353,346.11,346.22,0.11,-5.3,12.3,0.0,-0.0,-17.5,-0.0,2505,1481,0,-3,4
1599,228.24,28355,346.13,346.13,0.00,-19.0,0.0,0.0,-0.0,-19.0,-0.0,2530,1509,0,-12,14
1600,228.33,28355,346.13,346.09,-0.05,-25.4,-5.5,0.0,-0.0,-19.9,-0.0,2530,1506,0,-17,18
1601,228.49,28356,346.14,346.00,-0.13,-32.8,-15.0,0.0,-0.0,-17.8,-0.0,2543,1525,0,-22,23
1602,228.67,28357,346.15,345.92,-0.23,-44.9,-25.9,0.0,-0.0,-19.0,-0.0,2555,1537,0,-31,31
1603,228.75,28357,346.15,345.87,-0.28,-51.0,-31.4,0.0,-0.0,-19.6,-0.0,2555,1537,0,-35,35
1604,228.93,28357,346.15,345.79,-0.37,-59.7,-40.9,0.0,-0.0,-18.7,-0.0,2555,1534,0,-41,41
1605,229.09,28359,346.18,345.70,-0.48,-71.6,-53.2,0.0,-0.0,-18.4,-0.0,2580,1562,0,-51,47
1606,229.18,28357,346.15,345.66,-0.50,-74.9,-55.9,0.0,-0.0,-19.0,-0.0,2555,1533,0,-51,52
1607,229.35,28353,346.11,345.58,-0.52,-77.1,-58.7,0.0,-0.0,-18.4,-0.0,2505,1475,0,-48,57
1608,229.51,28352,346.09,345.49,-0.60,-84.9,-66.8,0.0,-0.0,-18.1,-0.0,2493,1462,0,-51,64
1609,229.61,28352,346.09,345.45,-0.65,-92.5,-72.2,0.0,-0.0,-20.2,-0.0,2493,1461,0,-56,70
1610,229.78,28347,346.03,345.36,-0.67,-92.9,-75.0,0.0,-0.0,-17.8,-0.0,2430,1389,0,-48,76
1611,229.95,28343,345.98,345.27,-0.71,-98.4,-79.1,0.0,-0.0,-19.3,-0.0,2380,1338,0,-44,84
1612,230.04,28340,345.95,345.23,-0.72,-99.5,-80.4,0.0,-0.0,-19.0,-0.0,2343,1299,0,-39,88
1613,230.21,28335,345.89,345.14,-0.74,-102.2,-83.2,0.0,-0.0,-19.0,-0.0,2280,1231,0,-31,94
1614,230.30,28332,345.85,345.10,-0.74,-103.4,-83.2,0.0,-0.0,-20.2,-0.0,2243,1187,0,-25,97
1615,230.47,28322,345.73,345.01,-0.71,-96.9,-79.1,0.0,-0.0,-17.8,-0.0,2118,1059,0,-5,94
1616,230.65,28314,345.63,344.93,-0.71,-97.5,-79.1,0.0,0.0,-18.4,-0.0,2018,952,0,10,94
1617,230.73,28308,345.56,344.88,-0.67,-94.9,-75.0,0.0,0.0,-19.9,-0.0,1943,869,0,22,89
1618,230.91,28296,345.41,344.80,-0.61,-86.9,-68.2,0.0,0.0,-18.7,-0.0,1793,712,0,39,75
1619,231.07,28288,345.31,344.71,-0.60,-84.7,-66.8,0.0,0.0,-17.8,-0.0,1693,613,0,48,66
1620,231.16,28282,345.24,344.67,-0.57,-83.1,-64.1,0.0,0.0,-19.0,-0.0,1618,534,0,55,59
1621,231.33,28271,345.10,344.59,-0.51,-75.7,-57.3,0.0,0.0,-18.4,-0.0,1480,392,0,60,41
1622,231.49,28252,344.87,344.50,-0.37,-59.1,-40.9,0.0,0.0,-18.1,-0.0,1243,145,0,56,13
1623,231.67,28241,344.74,344.42,-0.32,-54.2,-35.5,0.0,0.0,-18.7,-0.0,1105,5,0,52,0
1624,231.76,28234,344.65,344.37,-0.28,-51.6,-31.4,0.0,0.0,-20.2,-0.0,1018,4002,0,49,-7
1625,231.93,28218,344.46,344.29,-0.17,-38.4,-19.1,0.0,0.0,-19.3,-0.0,818,3799,0,33,-16
1626,232.01,28210,344.36,344.24,-0.12,-32.7,-13.6,0.0,0.0,-19.0,-0.0,718,3698,0,26,-18
1627,232.19,28196,344.19,344.16,-0.04,-23.1,-4.1,0.0,0.0,-19.0,-0.0,543,3531,0,14,-17
1628,232.36,28180,343.99,344.07,0.07,-9.4,8.2,0.0,0.0,-17.5,-0.0,343,3330,0,3,-8
1629,232.44,28170,343.87,344.03,0.16,-1.3,17.7,0.0,0.0,-19.0,-0.0,218,3193,0,0,-1
1630,232.62,28153,343.66,343.94,0.28,11.7,31.4,0.0,0.0,-19.6,-0.0,5,928,0,2,11
1631,232.78,28144,343.55,343.86,0.31,16.5,34.1,0.0,0.0,-17.5,-0.0,3989,835,0,5,15
1632,232.87,28135,343.44,343.81,0.37,21.6,40.9,0.0,0.0,-19.3,-0.0,3876,709,0,10,19
1633,233.04,28119,343.25,343.73,0.48,35.1,53.2,0.0,0.0,-18.1,-0.0,3676,516,0,24,24
1634,233.22,28106,343.09,343.64,0.55,41.8,61.4,0.0,0.0,-19.6,-0.0,3514,356,0,35,21
1635,233.31,28098,342.99,343.60,0.60,46.3,66.8,0.0,0.0,-20.5,-0.0,3414,252,0,42,17
1636,233.47,28088,342.87,343.51,0.65,54.2,72.2,0.0,0.0,-18.1,-0.0,3289,137,0,51,11
1637,233.65,28075,342.71,343.43,0.71,60.4,79.1,0.0,0.0,-18.7,-0.0,3126,4074,0,58,-2
1638,233.74,28069,342.64,343.38,0.74,63.3,83.2,0.0,0.0,-19.9,-0.0,3051,3997,0,61,-9
1639,233.91,28058,342.50,343.29,0.79,69.3,88.6,0.0,0.0,-19.3,-0.0,2914,3865,0,63,-23
1640,234.08,28051,342.42,343.21,0.79,70.5,88.6,0.0,0.0,-18.1,-0.0,2826,3789,0,61,-31
1641,234.17,28049,342.40,343.16,0.77,65.4,85.9,0.0,0.0,-20.5,-0.0,2801,3762,0,55,-31
1642,234.33,28039,342.27,343.08,0.81,72.5,90.0,0.0,0.0,-17.5,-0.0,2676,3650,0,54,-44
1643,234.51,28033,342.20,343.00,0.79,70.2,88.6,0.0,0.0,-18.4,-0.0,2601,3579,0,48,-48
1644,234.60,28030,342.16,342.95,0.79,67.6,88.6,0.0,0.0,-21.1,-0.0,2564,3541,0,43,-49
1645,234.77,28027,342.13,342.87,0.74,64.8,83.2,0.0,-0.0,-18.4,-0.0,2526,3515,0,39,-49
1646,234.94,28020,342.04,342.78,0.74,65.1,83.2,0.0,-0.0,-18.1,-0.0,2439,3425,0,32,-54
1647,235.02,28017,342.00,342.74,0.73,62.8,81.8,0.0,-0.0,-19.0,-0.0,2401,3392,0,29,-54
1648,235.20,28015,341.98,342.65,0.67,56.0,75.0,0.0,-0.0,-19.0,-0.0,2376,3373,0,24,-49
1649,235.37,28013,341.96,342.56,0.61,50.7,68.2,0.0,-0.0,-17.5,-0.0,2351,3353,0,21,-45
1650,235.46,28010,341.92,342.52,0.60,47.2,66.8,0.0,-0.0,-19.6,-0.0,2314,3312,0,16,-43
1651,235.63,28010,341.92,342.43,0.51,38.8,57.3,0.0,-0.0,-18.4,-0.0,2314,3323,0,14,-35
1652,235.72,28010,341.92,342.39,0.46,31.6,51.8,0.0,-0.0,-20.2,-0.0,2314,3327,0,12,-28
1653,235.89,28010,341.92,342.31,0.39,26.4,43.6,0.0,-0.0,-17.2,-0.0,2314,3331,0,10,-24
1654,236.05,28009,341.91,342.22,0.32,17.9,35.5,0.0,-0.0,-17.5,-0.0,2301,3319,0,6,-16
1655,236.21,28010,341.92,342.14,0.22,7.0,24.5,0.0,-0.0,-17.5,-0.0,2314,3338,0,3,-6
1656,236.31,28011,341.93,342.10,0.17,-1.1,19.1,0.0,-0.0,-20.2,-0.0,2326,1304,0,0,1
1657,236.47,28013,341.96,342.01,0.06,-10.7,6.8,0.0,-0.0,-17.5,-0.0,2351,1331,0,-5,9
1658,236.65,28015,341.98,341.93,-0.05,-23.0,-5.5,0.0,-0.0,-17.5,-0.0,2376,1359,0,-11,19
1659,236.74,28015,341.98,341.88,-0.10,-31.4,-10.9,0.0,-0.0,-20.5,-0.0,2376,1362,0,-15,26
1660,236.91,28016,341.99,341.80,-0.20,-39.4,-21.8,0.0,-0.0,-17.5,-0.0,2389,1373,0,-19,33
1661,237.07,28017,342.00,341.71,-0.29,-50.6,-32.7,0.0,-0.0,-17.8,-0.0,2401,1384,0,-26,42
1662,237.17,28018,342.02,341.67,-0.35,-59.5,-39.6,0.0,-0.0,-19.9,-0.0,2414,1398,0,-31,48
1663,237.34,28014,341.97,341.58,-0.39,-61.8,-43.6,0.0,-0.0,-18.1,-0.0,2364,1339,0,-28,53
1664,237.51,28016,341.99,341.50,-0.50,-74.6,-55.9,0.0,-0.0,-18.7,-0.0,2389,1367,0,-36,63
1665,237.60,28014,341.97,341.45,-0.51,-77.2,-57.3,0.0,-0.0,-19.9,-0.0,2364,1337,0,-35,66
1666,237.77,28014,341.97,341.37,-0.60,-84.4,-66.8,0.0,-0.0,-17.5,-0.0,2364,1336,0,-38,73
1667,237.94,28010,341.92,341.28,-0.63,-89.6,-70.9,0.0,-0.0,-18.7,-0.0,2314,1278,0,-33,80
1668,238.03,28008,341.89,341.24,-0.66,-92.4,-73.6,0.0,-0.0,-18.7,-0.0,2289,1256,0,-31,84
1669,238.20,28003,341.83,341.15,-0.68,-95.1,-76.4,0.0,-0.0,-18.7,-0.0,2226,1183,0,-22,89
1670,238.37,27998,341.77,341.06,-0.71,-97.5,-79.1,0.0,-0.0,-18.4,-0.0,2164,1116,0,-13,94
1671,238.46,27995,341.74,341.02,-0.72,-99.5,-80.4,0.0,-0.0,-19.0,-0.0,2126,1073,0,-7,96
1672,238.62,27988,341.65,340.94,-0.71,-97.5,-79.1,0.0,-0.0,-18.4,-0.0,2039,982,0,6,94
1673,238.79,27981,341.56,340.86,-0.71,-96.6,-79.1,0.0,-0.0,-17.5,-0.0,1951,893,0,19,92
1674,238.87,27977,341.52,340.81,-0.71,-97.8,-79.1,0.0,-0.0,-18.7,-0.0,1901,837,0,27,91
1675,239.05,27967,341.39,340.73,-0.67,-93.1,-75.0,0.0,0.0,-18.1,-0.0,1776,706,0,42,80
1676,239.21,27957,341.27,340.64,-0.62,-87.7,-69.6,0.0,0.0,-18.1,-0.0,1651,580,0,53,66
1677,239.30,27953,341.22,340.60,-0.62,-90.1,-69.6,0.0,0.0,-20.5,-0.0,1601,519,0,61,62
1678,239.47,27942,341.09,340.51,-0.57,-82.2,-64.1,0.0,0.0,-18.1,-0.0,1464,383,0,66,44
1679,239.64,27928,340.92,340.43,-0.49,-73.2,-54.6,0.0,0.0,-18.7,-0.0,1289,199,0,68,21
1680,239.73,27920,340.82,340.38,-0.44,-69.3,-49.1,0.0,0.0,-20.2,-0.0,1189,90,0,67,9
1681,239.91,27908,340.67,340.30,-0.38,-61.3,-42.3,0.0,0.0,-19.0,-0.0,1039,4038,0,59,-5
1682,240.07,27893,340.49,340.21,-0.28,-49.8,-31.4,0.0,0.0,-18.4,-0.0,851,3842,0,45,-18
1683,240.17,27886,340.41,340.17,-0.23,-46.1,-25.9,0.0,0.0,-20.2,-0.0,764,3747,0,38,-23
1684,240.33,27871,340.22,340.09,-0.13,-32.5,-15.0,0.0,0.0,-17.5,-0.0,576,3568,0,22,-23
1685,240.50,27860,340.09,340.00,-0.09,-27.1,-9.5,0.0,0.0,-17.5,-0.0,439,3440,0,14,-22
1686,240.59,27851,339.98,339.95,-0.02,-23.5,-2.7,0.0,0.0,-20.8,-0.0,326,3303,0,8,-21
1687,240.76,27835,339.78,339.87,0.09,-9.8,9.5,0.0,0.0,-19.3,-0.0,126,3109,0,1,-9
1688,240.93,27819,339.59,339.78,0.20,3.7,21.8,0.0,0.0,-18.1,-0.0,4022,866,0,1,3
1689,241.02,27812,339.50,339.74,0.23,5.7,25.9,0.0,0.0,-20.2,-0.0,3935,769,0,2,5
1690,241.19,27797,339.32,339.65,0.34,20.9,38.2,0.0,0.0,-17.2,-0.0,3747,589,0,13,16
1691,241.36,27786,339.18,339.57,0.39,25.2,43.6,0.0,0.0,-18.4,-0.0,3610,454,0,19,16
1692,241.45,27775,339.05,339.53,0.48,33.9,53.2,0.0,0.0,-19.3,-0.0,3472,307,0,29,15
1693,241.62,27762,338.89,339.44,0.55,42.6,61.4,0.0,0.0,-18.7,-0.0,3310,153,0,40,10
1694,241.79,27747,338.71,339.35,0.65,54.8,72.2,0.0,0.0,-17.5,-0.0,3122,4067,0,53,-2
1695,241.88,27740,338.62,339.31,0.68,55.6,76.4,0.0,0.0,-20.8,-0.0,3035,3965,0,53,-11
1696,242.05,27729,338.49,339.22,0.73,63.4,81.8,0.0,0.0,-18.4,-0.0,2897,3838,0,57,-24
1697,242.14,27724,338.43,339.18,0.76,64.3,84.6,0.0,0.0,-20.2,-0.0,2835,3778,0,55,-29
1698,242.31,27714,338.31,339.09,0.79,70.8,88.6,0.0,0.0,-17.8,-0.0,2710,3666,0,54,-42
1699,242.48,27703,338.17,339.01,0.84,75.7,94.1,0.0,0.0,-18.4,-0.0,2572,3532,0,48,-56
1700,242.65,27699,338.12,338.93,0.81,72.5,90.0,0.0,0.0,-17.5,-0.0,2522,3495,0,42,-56
1701,242.74,27695,338.07,338.88,0.81,69.5,90.0,0.0,0.0,-20.5,-0.0,2472,3441,0,36,-57
1702,242.91,27686,337.96,338.79,0.83,74.9,92.8,0.0,0.0,-17.8,-0.0,2360,3337,0,29,-67
1703,243.00,27682,337.92,338.75,0.83,72.8,92.8,0.0,0.0,-19.9,-0.0,2310,3283,0,22,-67
1704,243.16,27678,337.87,338.67,0.81,73.1,90.0,0.0,-0.0,-17.0,-0.0,2260,3250,0,19,-68
1705,243.33,27675,337.83,338.58,0.76,66.4,84.6,0.0,-0.0,-18.1,-0.0,2222,3211,0,14,-63
1706,243.50,27670,337.77,338.50,0.73,63.1,81.8,0.0,-0.0,-18.7,-0.0,2160,3157,0,8,-61
1707,243.59,27670,337.77,338.45,0.68,56.4,76.4,0.0,-0.0,-19.9,-0.0,2160,3158,0,7,-54
1708,243.77,27669,337.76,338.37,0.61,49.8,68.2,0.0,-0.0,-18.4,-0.0,2147,3156,0,6,-48
1709,243.86,27669,337.76,338.32,0.56,41.6,62.7,0.0,-0.0,-21.1,-0.0,2147,3156,0,5,-40
1710,244.02,27667,337.73,338.24,0.51,39.4,57.3,0.0,-0.0,-17.8,-0.0,2122,3135,0,4,-38
1711,244.20,27667,337.73,338.15,0.42,27.6,46.4,0.0,-0.0,-18.7,-0.0,2122,3142,0,3,-27
1712,244.29,27668,337.74,338.11,0.37,21.0,40.9,0.0,-0.0,-19.9,-0.0,2135,3156,0,3,-20
1713,244.46,27668,337.74,338.02,0.28,13.2,31.4,0.0,-0.0,-18.1,-0.0,2135,3158,0,2,-13
1714,244.63,27672,337.79,337.94,0.15,-1.2,16.4,0.0,-0.0,-17.5,-0.0,2185,1167,0,0,1
1715,244.71,27673,337.81,337.89,0.09,-8.9,9.5,0.0,-0.0,-18.4,-0.0,2197,1182,0,-2,8
1716,244.88,27673,337.81,337.81,0.00,-19.0,0.0,0.0,-0.0,-19.0,-0.0,2197,1182,0,-4,18
1717,245.05,27673,337.81,337.73,-0.07,-26.0,-8.2,0.0,-0.0,-17.8,-0.0,2197,1180,0,-6,24
1718,245.22,27673,337.81,337.64,-0.16,-35.6,-17.7,0.0,-0.0,-17.8,-0.0,2197,1177,0,-8,34
1719,245.30,27673,337.81,337.60,-0.21,-42.2,-23.2,0.0,-0.0,-19.0,-0.0,2197,1175,0,-9,40
1720,245.47,27675,337.83,337.52,-0.32,-53.0,-35.5,0.0,-0.0,-17.5,-0.0,2222,1201,0,-14,49
1721,245.64,27675,337.83,337.43,-0.40,-64.0,-45.0,0.0,-0.0,-19.0,-0.0,2222,1201,0,-17,60
1722,245.73,27675,337.83,337.39,-0.44,-69.3,-49.1,0.0,-0.0,-20.2,-0.0,2222,1201,0,-18,65
1723,245.89,27675,337.83,337.30,-0.52,-76.2,-58.7,0.0,-0.0,-17.5,-0.0,2222,1201,0,-20,71
1724,246.06,27673,337.81,337.22,-0.59,-83.0,-65.4,0.0,-0.0,-17.5,-0.0,2197,1172,0,-18,78
1725,246.14,27670,337.77,337.18,-0.59,-83.9,-65.4,0.0,-0.0,-18.4,-0.0,2160,1129,0,-13,80
1726,246.31,27669,337.76,337.10,-0.66,-92.4,-73.6,0.0,-0.0,-18.7,-0.0,2147,1114,0,-12,89
1727,246.47,27666,337.72,337.01,-0.71,-96.6,-79.1,0.0,-0.0,-17.5,-0.0,2110,1073,0,-7,93
1728,246.64,27662,337.67,336.93,-0.74,-100.8,-83.2,0.0,-0.0,-17.5,-0.0,2060,1017,0,1,98
1729,246.73,27657,337.61,336.88,-0.73,-102.3,-81.8,0.0,-0.0,-20.5,-0.0,1997,946,0,12,98
1730,246.91,27654,337.57,336.80,-0.78,-106.0,-87.2,0.0,-0.0,-18.7,-0.0,1960,912,0,18,101
1731,247.07,27645,337.46,336.71,-0.74,-101.0,-83.2,0.0,-0.0,-17.8,-0.0,1847,790,0,34,92
1732,247.16,27640,337.40,336.67,-0.73,-102.1,-81.8,0.0,-0.0,-20.2,-0.0,1785,719,0,45,88
1733,247.33,27634,337.33,336.59,-0.74,-101.3,-83.2,0.0,0.0,-18.1,-0.0,1710,646,0,54,82
1734,247.50,27625,337.22,336.50,-0.72,-99.2,-80.4,0.0,0.0,-18.7,-0.0,1597,526,0,66,69
1735,247.59,27618,337.13,336.46,-0.68,-96.6,-76.4,0.0,0.0,-20.2,-0.0,1510,428,0,74,57
1736,247.77,27608,337.01,336.37,-0.65,-91.6,-72.2,0.0,0.0,-19.3,-0.0,1385,304,0,79,40
1737,247.86,27602,336.94,336.32,-0.62,-90.4,-69.6,0.0,0.0,-20.8,-0.0,1310,224,0,82,29
1738,248.02,27588,336.77,336.24,-0.52,-76.8,-58.7,0.0,0.0,-18.1,-0.0,1135,45,0,74,5
1739,248.20,27576,336.62,336.15,-0.46,-69.9,-51.8,0.0,0.0,-18.1,-0.0,985,3987,0,67,-11
1740,248.28,27570,336.55,336.11,-0.44,-68.4,-49.1,0.0,0.0,-19.3,-0.0,910,3909,0,64,-19
1741,248.45,27555,336.36,336.02,-0.34,-56.9,-38.2,0.0,0.0,-18.7,-0.0,722,3715,0,46,-30
1742,248.62,27538,336.16,335.94,-0.22,-42.1,-24.5,0.0,0.0,-17.5,-0.0,510,3503,0,25,-32
1743,248.71,27530,336.06,335.90,-0.16,-36.8,-17.7,0.0,0.0,-19.0,-0.0,410,3394,0,17,-31
1744,248.88,27517,335.90,335.81,-0.09,-28.6,-9.5,0.0,0.0,-19.0,-0.0,247,3229,0,7,-27
1745,249.05,27497,335.66,335.73,0.07,-9.4,8.2,0.0,0.0,-17.5,-0.0,4093,2978,0,-1,-9
1746,249.21,27484,335.50,335.64,0.15,-2.1,16.4,0.0,0.0,-18.4,-0.0,3931,2810,0,-1,-2
1747,249.30,27476,335.40,335.60,0.20,2.5,21.8,0.0,0.0,-19.3,-0.0,3831,662,0,1,2
1748,249.47,27462,335.23,335.51,0.28,12.3,31.4,0.0,0.0,-19.0,-0.0,3656,489,0,9,8
1749,249.56,27455,335.14,335.47,0.33,16.9,36.8,0.0,0.0,-19.9,-0.0,3568,397,0,13,9
1750,249.73,27437,334.92,335.38,0.46,33.4,51.8,0.0,0.0,-18.4,-0.0,3343,183,0,31,9
1751,249.90,27422,334.74,335.30,0.56,45.2,62.7,0.0,0.0,-17.5,-0.0,3156,4094,0,44,0
1752,249.99,27415,334.66,335.25,0.60,47.2,66.8,0.0,0.0,-19.6,-0.0,3068,3997,0,45,-7
1753,250.17,27404,334.52,335.17,0.65,53.8,72.2,0.0,0.0,-18.4,-0.0,2931,3871,0,49,-18
1754,250.33,27390,334.35,335.08,0.73,64.0,81.8,0.0,0.0,-17.8,-0.0,2756,3703,0,51,-35
1755,250.43,27382,334.25,335.04,0.78,67.4,87.2,0.0,0.0,-19.9,-0.0,2656,3593,0,47,-46
1756,250.59,27373,334.14,334.95,0.81,72.5,90.0,0.0,0.0,-17.5,-0.0,2543,3499,0,43,-56
1757,250.77,27361,334.00,334.87,0.87,78.1,96.8,0.0,0.0,-18.7,-0.0,2393,3345,0,31,-69
1758,250.86,27356,333.94,334.82,0.89,79.6,99.6,0.0,0.0,-19.9,-0.0,2331,3280,0,24,-73
1759,251.03,27349,333.85,334.74,0.89,81.4,99.6,0.0,0.0,-18.1,-0.0,2243,3209,0,16,-77
1760,251.20,27345,333.80,334.65,0.85,76.8,95.4,0.0,0.0,-18.7,-0.0,2193,3167,0,11,-74
1761,251.28,27339,333.73,334.61,0.88,79.2,98.2,0.0,0.0,-19.0,-0.0,2118,3091,0,2,-77
1762,251.45,27335,333.68,334.52,0.84,75.4,94.1,0.0,-0.0,-18.7,-0.0,2068,3053,0,-2,-73
1763,251.62,27330,333.62,334.44,0.82,73.6,91.4,0.0,-0.0,-17.8,-0.0,2006,2997,0,-8,-71
1764,251.71,27329,333.61,334.40,0.79,69.6,88.6,0.0,-0.0,-19.0,-0.0,1993,2986,0,-9,-67
1765,251.88,27326,333.57,334.31,0.74,65.9,83.2,0.0,-0.0,-17.2,-0.0,1956,2954,0,-12,-63
1766,252.05,27326,333.57,334.22,0.66,54.6,73.6,0.0,-0.0,-19.0,-0.0,1956,2963,0,-9,-52
1767,252.14,27326,333.57,334.18,0.61,48.9,68.2,0.0,-0.0,-19.3,-0.0,1956,2966,0,-8,-47
1768,252.31,27324,333.54,334.09,0.55,42.9,61.4,0.0,-0.0,-18.4,-0.0,1931,2946,0,-8,-41
1769,252.48,27324,333.54,334.01,0.46,32.5,51.8,0.0,-0.0,-19.3,-0.0,1931,2950,0,-6,-31
1770,252.59,27323,333.53,333.97,0.43,29.0,47.7,0.0,-0.0,-18.7,-0.0,1918,2938,0,-6,-28
1771,252.77,27325,333.56,333.87,0.31,15.4,34.1,0.0,-0.0,-18.7,-0.0,1943,2966,0,-2,-15
1772,252.86,27325,333.56,333.82,0.27,9.8,30.0,0.0,-0.0,-20.2,-0.0,1943,2965,0,-2,-9
1773,253.02,27328,333.59,333.74,0.15,-1.2,16.4,0.0,-0.0,-17.5,-0.0,1981,962,0,0,1
1774,253.19,27331,333.63,333.66,0.02,-14.5,2.7,0.0,-0.0,-17.2,-0.0,2018,1003,0,0,14
1775,253.28,27332,333.64,333.61,-0.04,-24.6,-4.1,0.0,-0.0,-20.5,-0.0,2031,1021,0,0,24
1776,253.45,27331,333.63,333.53,-0.10,-28.5,-10.9,0.0,-0.0,-17.5,-0.0,2018,1002,0,1,28
1777,253.62,27336,333.69,333.44,-0.26,-47.4,-28.6,0.0,-0.0,-18.7,-0.0,2081,1074,0,-4,46
1778,253.71,27336,333.69,333.40,-0.29,-52.7,-32.7,0.0,-0.0,-19.9,-0.0,2081,1070,0,-4,51
1779,253.88,27336,333.69,333.31,-0.38,-60.7,-42.3,0.0,-0.0,-18.4,-0.0,2081,1064,0,-4,59
1780,254.05,27337,333.70,333.23,-0.48,-71.0,-53.2,0.0,-0.0,-17.8,-0.0,2093,1078,0,-6,69
1781,254.13,27338,333.72,333.18,-0.54,-79.1,-60.0,0.0,-0.0,-19.0,-0.0,2106,1093,0,-8,76
1782,254.30,27337,333.70,333.10,-0.61,-86.9,-68.2,0.0,-0.0,-18.7,-0.0,2093,1070,0,-6,84
1783,254.47,27333,333.65,333.02,-0.63,-88.8,-70.9,0.0,-0.0,-17.8,-0.0,2043,1015,0,1,86
1784,254.56,27332,333.64,332.97,-0.67,-95.2,-75.0,0.0,-0.0,-20.2,-0.0,2031,1001,0,3,92
1785,254.73,27329,333.61,332.88,-0.72,-98.9,-80.4,0.0,-0.0,-18.4,-0.0,1993,957,0,10,95
1786,254.91,27324,333.54,332.80,-0.74,-102.2,-83.2,0.0,-0.0,-19.0,-0.0,1931,887,0,21,97
1787,255.00,27321,333.51,332.75,-0.76,-104.5,-84.6,0.0,-0.0,-19.9,-0.0,1893,844,0,28,97
1788,255.16,27316,333.45,332.67,-0.78,-105.7,-87.2,0.0,-0.0,-18.4,-0.0,1831,782,0,37,95
1789,255.34,27309,333.36,332.58,-0.78,-107.2,-87.2,0.0,-0.0,-19.9,-0.0,1743,687,0,51,90
1790,255.42,27305,333.31,332.54,-0.77,-104.6,-85.9,0.0,-0.0,-18.7,-0.0,1693,633,0,57,84
1791,255.60,27294,333.18,332.45,-0.73,-100.6,-81.8,0.0,0.0,-18.7,-0.0,1556,487,0,71,66
1792,255.77,27288,333.11,332.36,-0.74,-101.3,-83.2,0.0,0.0,-18.1,-0.0,1481,412,0,79,58
1793,255.86,27284,333.06,332.32,-0.73,-100.9,-81.8,0.0,0.0,-19.0,-0.0,1431,359,0,83,51
1794,256.02,27272,332.91,332.24,-0.67,-93.4,-75.0,0.0,0.0,-18.4,-0.0,1281,202,0,86,28
1795,256.19,27262,332.79,332.16,-0.63,-88.2,-70.9,0.0,0.0,-17.2,-0.0,1156,80,0,85,10
1796,256.27,27257,332.73,332.11,-0.61,-86.9,-68.2,0.0,0.0,-18.7,-0.0,1093,13,0,84,2
1797,256.44,27241,332.53,332.03,-0.50,-73.4,-55.9,0.0,0.0,-17.5,-0.0,893,3897,0,68,-21
1798,256.61,27228,332.37,331.95,-0.43,-65.9,-47.7,0.0,0.0,-18.1,-0.0,731,3727,0,54,-34
1799,256.69,27220,332.28,331.90,-0.38,-61.9,-42.3,0.0,0.0,-19.6,-0.0,631,3620,0,45,-40
1800,256.86,27205,332.09,331.82,-0.27,-47.5,-30.0,0.0,0.0,-17.5,-0.0,443,3434,0,24,-39
1801,257.03,27191,331.92,331.73,-0.18,-39.2,-20.5,0.0,0.0,-18.7,-0.0,268,3251,0,10,-37
1802,257.20,27176,331.74,331.65,-0.09,-27.4,-9.5,0.0,0.0,-17.8,-0.0,81,3071,0,0,-27
1803,257.28,27169,331.65,331.61,-0.05,-23.9,-5.5,0.0,0.0,-18.4,-0.0,4089,2977,0,-3,-23
1804,257.45,27153,331.46,331.52,0.06,-10.7,6.8,0.0,0.0,-17.5,-0.0,3889,2781,0,-4,-9
1805,257.62,27135,331.24,331.44,0.20,3.4,21.8,0.0,0.0,-18.4,-0.0,3664,500,0,2,2
1806,257.71,27127,331.14,331.40,0.26,9.9,28.6,0.0,0.0,-18.7,-0.0,3564,395,0,8,5
1807,257.88,27111,330.94,331.31,0.37,22.2,40.9,0.0,0.0,-18.7,-0.0,3364,194,0,21,6
1808,258.05,27095,330.75,331.23,0.48,35.7,53.2,0.0,0.0,-17.5,-0.0,3164,4093,0,35,0
1809,258.13,27090,330.69,331.18,0.50,36.9,55.9,0.0,0.0,-19.0,-0.0,3102,4029,0,36,-4
1810,258.30,27072,330.47,331.10,0.63,52.2,70.9,0.0,0.0,-18.7,-0.0,2877,3806,0,46,-22
1811,258.47,27059,330.31,331.02,0.71,61.6,79.1,0.0,0.0,-17.5,-0.0,2714,3654,0,46,-37
1812,258.55,27052,330.22,330.97,0.74,64.2,83.2,0.0,0.0,-19.0,-0.0,2627,3560,0,42,-46
1813,258.73,27043,330.11,330.88,0.77,67.5,85.9,0.0,0.0,-18.4,-0.0,2514,3462,0,37,-54
1814,258.90,27028,329.93,330.80,0.87,77.8,96.8,0.0,0.0,-19.0,-0.0,2327,3269,0,22,-72
1815,258.99,27022,329.86,330.76,0.90,82.5,100.9,0.0,0.0,-18.4,-0.0,2252,3202,0,16,-78
1816,259.16,27015,329.77,330.67,0.90,83.4,100.9,0.0,0.0,-17.5,-0.0,2164,3126,0,7,-80
1817,259.33,27008,329.69,330.59,0.90,81.6,100.9,0.0,0.0,-19.3,-0.0,2077,3040,0,-4,-79
1818,259.41,27006,329.66,330.54,0.88,79.2,98.2,0.0,0.0,-19.0,-0.0,2052,3020,0,-6,-76
1819,259.59,26999,329.58,330.46,0.88,79.4,98.2,0.0,0.0,-18.7,-0.0,1964,2944,0,-15,-76
1820,259.76,26996,329.54,330.37,0.83,73.7,92.8,0.0,-0.0,-19.0,-0.0,1927,2919,0,-17,-69
1821,259.85,26994,329.52,330.33,0.81,71.2,90.0,0.0,-0.0,-18.7,-0.0,1902,2895,0,-19,-67
1822,260.02,26988,329.44,330.24,0.79,70.2,88.6,0.0,-0.0,-18.4,-0.0,1827,2822,0,-25,-63
1823,260.19,26985,329.41,330.16,0.74,64.8,83.2,0.0,-0.0,-18.4,-0.0,1789,2788,0,-26,-57
1824,260.28,26984,329.39,330.11,0.72,60.2,80.4,0.0,-0.0,-20.2,-0.0,1777,2777,0,-26,-52
1825,260.44,26982,329.37,330.03,0.66,56.1,73.6,0.0,-0.0,-17.5,-0.0,1752,2756,0,-25,-48
1826,260.61,26982,329.37,329.95,0.57,46.2,64.1,0.0,-0.0,-17.8,-0.0,1752,2764,0,-20,-40
1827,260.69,26982,329.37,329.90,0.54,41.0,60.0,0.0,-0.0,-19.0,-0.0,1752,2767,0,-18,-35
1828,260.86,26983,329.38,329.82,0.44,31.6,49.1,0.0,-0.0,-17.5,-0.0,1764,2785,0,-13,-28
1829,261.03,26982,329.37,329.73,0.37,22.2,40.9,0.0,-0.0,-18.7,-0.0,1752,2776,0,-9,-19
1830,261.12,26983,329.38,329.69,0.31,13.9,34.1,0.0,-0.0,-20.2,-0.0,1764,2790,0,-6,-12
1831,261.30,26988,329.44,329.60,0.16,-1.6,17.7,0.0,-0.0,-19.3,-0.0,1827,812,0,0,1
1832,261.47,26989,329.46,329.51,0.06,-11.6,6.8,0.0,-0.0,-18.4,-0.0,1839,824,0,3,11
1833,261.56,26990,329.47,329.47,0.00,-19.9,0.0,0.0,-0.0,-19.9,-0.0,1852,839,0,5,19
1834,261.73,26993,329.50,329.38,-0.12,-32.4,-13.6,0.0,-0.0,-18.7,-0.0,1889,881,0,7,31
1835,261.91,26993,329.50,329.30,-0.21,-41.3,-23.2,0.0,-0.0,-18.1,-0.0,1889,874,0,9,39
1836,261.99,26995,329.53,329.25,-0.28,-52.2,-31.4,0.0,-0.0,-20.8,-0.0,1914,901,0,9,50
1837,262.16,26996,329.54,329.17,-0.38,-60.7,-42.3,0.0,-0.0,-18.4,-0.0,1927,913,0,10,58
1838,262.33,26996,329.54,329.08,-0.45,-68.3,-50.5,0.0,-0.0,-17.8,-0.0,1927,909,0,12,65
1839,262.42,26995,329.53,329.04,-0.49,-73.6,-54.6,0.0,-0.0,-19.0,-0.0,1914,893,0,14,70
1840,262.59,27000,329.59,328.96,-0.63,-88.4,-70.9,0.0,-0.0,-17.5,-0.0,1977,963,0,8,85
1841,262.76,26994,329.52,328.87,-0.65,-90.7,-72.2,0.0,-0.0,-18.4,-0.0,1902,875,0,20,86
1842,262.85,26993,329.50,328.83,-0.68,-96.0,-76.4,0.0,-0.0,-19.6,-0.0,1889,860,0,23,90
1843,263.02,26991,329.48,328.74,-0.74,-101.6,-83.2,0.0,-0.0,-18.4,-0.0,1864,833,0,28,94
1844,263.19,26990,329.47,328.66,-0.81,-107.9,-90.0,0.0,-0.0,-17.8,-0.0,1852,819,0,32,99
1845,263.28,26986,329.42,328.61,-0.81,-111.1,-90.0,0.0,-0.0,-21.1,-0.0,1802,755,0,43,99
1846,263.45,26983,329.38,328.52,-0.85,-113.0,-95.4,0.0,-0.0,-17.5,-0.0,1764,725,0,48,98
1847,263.62,26979,329.33,328.44,-0.89,-118.0,-99.6,0.0,-0.0,-18.4,-0.0,1714,671,0,59,98
1848,263.72,26974,329.27,328.39,-0.88,-119.3,-98.2,0.0,-0.0,-21.1,-0.0,1652,600,0,70,92
1849,263.89,26961,329.11,328.31,-0.81,-108.4,-90.0,0.0,0.0,-18.4,-0.0,1489,423,0,84,63
1850,263.98,26959,329.09,328.26,-0.83,-113.6,-92.8,0.0,-0.0,-20.8,-0.0,1464,396,0,90,63
1851,264.15,26948,328.96,328.18,-0.78,-105.4,-87.2,0.0,0.0,-18.1,-0.0,1327,253,0,95,39
1852,264.32,26935,328.80,328.09,-0.71,-96.9,-79.1,0.0,0.0,-17.8,-0.0,1164,78,0,93,11
1853,264.41,26927,328.70,328.05,-0.65,-92.2,-72.2,0.0,0.0,-19.9,-0.0,1064,4062,0,89,-5
1854,264.57,26918,328.59,327.96,-0.62,-87.4,-69.6,0.0,0.0,-17.8,-0.0,952,3963,0,83,-17
1855,264.75,26905,328.43,327.88,-0.55,-79.5,-61.4,0.0,0.0,-18.1,-0.0,789,3790,0,69,-35
1856,264.83,26898,328.34,327.83,-0.51,-76.9,-57.3,0.0,0.0,-19.6,-0.0,702,3696,0,61,-43
1857,265.00,26883,328.16,327.75,-0.42,-64.2,-46.4,0.0,0.0,-17.8,-0.0,514,3512,0,39,-49
1858,265.17,26868,327.98,327.66,-0.32,-53.9,-35.5,0.0,0.0,-18.4,-0.0,327,3321,0,19,-48
1859,265.26,26860,327.88,327.62,-0.26,-48.2,-28.6,0.0,0.0,-19.6,-0.0,227,3209,0,10,-46
1860,265.43,26843,327.67,327.53,-0.13,-32.5,-15.0,0.0,0.0,-17.5,-0.0,14,2999,0,-4,-31
1861,265.60,26826,327.47,327.45,-0.01,-20.1,-1.4,0.0,0.0,-18.7,-0.0,3898,2776,0,-9,-17
1862,265.70,26816,327.34,327.40,0.06,-14.0,6.8,0.0,0.0,-20.8,-0.0,3773,2639,0,-8,-11
1863,265.86,26804,327.20,327.32,0.12,-4.2,13.6,0.0,0.0,-17.8,-0.0,3623,2509,0,-3,-3
1864,266.03,26784,326.95,327.24,0.28,12.9,31.4,0.0,0.0,-18.4,-0.0,3373,202,0,12,4
1865,266.11,26777,326.87,327.19,0.33,18.1,36.8,0.0,0.0,-18.7,-0.0,3285,114,0,17,3
1866,266.27,26761,326.67,327.11,0.44,31.6,49.1,0.0,0.0,-17.5,-0.0,3085,4016,0,30,-4
1867,266.45,26743,326.45,327.02,0.57,45.4,64.1,0.0,0.0,-18.7,-0.0,2860,3779,0,39,-21
1868,266.54,26733,326.33,326.98,0.65,52.7,72.2,0.0,0.0,-19.6,-0.0,2735,3646,0,39,-32
1869,266.71,26721,326.18,326.89,0.71,61.8,79.1,0.0,0.0,-17.2,-0.0,2585,3522,0,38,-46
1870,266.87,26708,326.03,326.81,0.78,69.8,87.2,0.0,0.0,-17.5,-0.0,2423,3359,0,29,-61
1871,266.97,26700,325.93,326.77,0.84,73.6,94.1,0.0,0.0,-20.5,-0.0,2323,3248,0,19,-69
1872,267.13,26689,325.79,326.68,0.89,81.4,99.6,0.0,0.0,-18.1,-0.0,2185,3130,0,7,-79
1873,267.31,26680,325.68,326.60,0.92,83.9,102.3,0.0,0.0,-18.4,-0.0,2073,3028,0,-5,-81
1874,267.47,26668,325.54,326.51,0.98,91.6,109.1,0.0,0.0,-17.5,-0.0,1923,2880,0,-26,-85
1875,267.56,26664,325.49,326.47,0.99,91.4,110.4,0.0,0.0,-19.0,-0.0,1873,2830,0,-32,-83
1876,267.73,26659,325.43,326.38,0.95,86.8,106.4,0.0,0.0,-19.6,-0.0,1810,2776,0,-37,-76
1877,267.90,26655,325.38,326.30,0.92,84.4,102.3,0.0,0.0,-17.8,-0.0,1760,2744,0,-39,-72
1878,267.99,26653,325.35,326.26,0.90,81.0,100.9,0.0,-0.0,-19.9,-0.0,1735,2716,0,-41,-67
1879,268.15,26646,325.27,326.17,0.90,83.4,100.9,0.0,-0.0,-17.5,-0.0,1648,2641,0,-50,-64
1880,268.31,26643,325.23,326.09,0.87,79.3,96.8,0.0,-0.0,-17.5,-0.0,1610,2607,0,-50,-58
1881,268.40,26643,325.23,326.05,0.82,71.2,91.4,0.0,-0.0,-20.2,-0.0,1610,2608,0,-45,-52
1882,268.57,26642,325.22,325.97,0.74,65.6,83.2,0.0,-0.0,-17.5,-0.0,1598,2603,0,-42,-48
1883,268.74,26642,325.22,325.88,0.66,55.2,73.6,0.0,-0.0,-18.4,-0.0,1598,2611,0,-35,-41
1884,268.83,26641,325.21,325.83,0.62,49.9,69.6,0.0,-0.0,-19.6,-0.0,1585,2601,0,-32,-36
1885,269.01,26641,325.21,325.75,0.54,41.6,60.0,0.0,-0.0,-18.4,-0.0,1585,2606,0,-26,-30
1886,269.17,26643,325.23,325.66,0.43,29.9,47.7,0.0,-0.0,-17.8,-0.0,1610,2634,0,-18,-23
1887,269.26,26642,325.22,325.62,0.40,26.0,45.0,0.0,-0.0,-19.0,-0.0,1598,2622,0,-16,-19
1888,269.43,26642,325.22,325.54,0.32,17.6,35.5,0.0,-0.0,-17.8,-0.0,1598,2622,0,-11,-13
1889,269.60,26646,325.27,325.45,0.18,1.7,20.5,0.0,-0.0,-18.7,-0.0,1648,2680,0,-1,-1
1890,269.69,26649,325.31,325.40,0.10,-9.9,10.9,0.0,-0.0,-20.8,-0.0,1685,674,0,5,8
1891,269.87,26650,325.32,325.32,0.00,-18.7,0.0,0.0,-0.0,-18.7,-0.0,1698,684,0,9,16
1892,270.03,26653,325.35,325.23,-0.12,-31.2,-13.6,0.0,-0.0,-17.5,-0.0,1735,726,0,13,27
1893,270.12,26655,325.38,325.19,-0.20,-41.4,-21.8,0.0,-0.0,-19.6,-0.0,1760,756,0,16,37
1894,270.30,26658,325.42,325.10,-0.32,-53.6,-35.5,0.0,-0.0,-18.1,-0.0,1798,791,0,18,49
1895,270.47,26661,325.45,325.02,-0.44,-67.5,-49.1,0.0,-0.0,-18.4,-0.0,1835,827,0,19,62
1896,270.56,26661,325.45,324.97,-0.48,-72.2,-53.2,0.0,-0.0,-19.0,-0.0,1835,828,0,21,67
1897,270.73,26663,325.48,324.89,-0.59,-83.6,-65.4,0.0,-0.0,-18.1,-0.0,1860,850,0,21,78
1898,270.90,26661,325.45,324.80,-0.65,-91.3,-72.2,0.0,-0.0,-19.0,-0.0,1835,819,0,27,84
1899,270.99,26661,325.45,324.76,-0.70,-97.1,-77.8,0.0,-0.0,-19.3,-0.0,1835,816,0,29,89
1900,271.15,26661,325.45,324.67,-0.78,-104.8,-87.2,0.0,-0.0,-17.5,-0.0,1835,811,0,33,96
1901,271.33,26655,325.38,324.59,-0.79,-107.7,-88.6,0.0,-0.0,-19.0,-0.0,1760,725,0,46,94
1902,271.41,26654,325.37,324.54,-0.82,-110.4,-91.4,0.0,-0.0,-19.0,-0.0,1748,710,0,50,95
1903,271.59,26652,325.34,324.46,-0.88,-116.9,-98.2,0.0,-0.0,-18.7,-0.0,1723,686,0,56,98
1904,271.68,26649,325.31,324.41,-0.89,-119.5,-99.6,0.0,-0.0,-19.9,-0.0,1685,642,0,64,96
1905,271.84,26641,325.21,324.33,-0.88,-115.8,-98.2,0.0,-0.0,-17.5,-0.0,1585,533,0,77,82
1906,272.02,26636,325.15,324.24,-0.90,-118.4,-100.9,0.0,-0.0,-17.5,-0.0,1523,472,0,86,76
1907,272.10,26632,325.10,324.20,-0.90,-120.6,-100.9,0.0,-0.0,-19.6,-0.0,1473,415,0,94,69
1908,272.27,26619,324.94,324.11,-0.83,-110.6,-92.8,0.0,0.0,-17.8,-0.0,1310,239,0,100,38
1909,272.45,26609,324.82,324.03,-0.79,-107.1,-88.6,0.0,0.0,-18.4,-0.0,1185,108,0,102,17
1910,272.54,26605,324.77,323.98,-0.78,-106.3,-87.2,0.0,0.0,-19.0,-0.0,1135,57,0,103,9
1911,272.71,26592,324.61,323.90,-0.71,-96.3,-79.1,0.0,0.0,-17.2,-0.0,973,3985,0,92,-16
1912,272.87,26580,324.46,323.82,-0.65,-89.8,-72.2,0.0,0.0,-17.5,-0.0,823,3831,0,80,-34
1913,272.96,26572,324.37,323.77,-0.60,-87.1,-66.8,0.0,0.0,-20.2,-0.0,723,3719,0,71,-46
1914,273.13,26559,324.21,323.69,-0.52,-76.2,-58.7,0.0,0.0,-17.5,-0.0,560,3561,0,50,-54
1915,273.30,26544,324.02,323.60,-0.43,-66.2,-47.7,0.0,0.0,-18.4,-0.0,373,3364,0,28,-58
1916,273.46,26529,323.84,323.52,-0.32,-53.0,-35.5,0.0,0.0,-17.5,-0.0,185,3177,0,8,-51
1917,273.55,26520,323.73,323.47,-0.26,-48.2,-28.6,0.0,0.0,-19.6,-0.0,73,3050,0,-2,-47
1918,273.73,26503,323.52,323.39,-0.13,-34.9,-15.0,0.0,0.0,-19.9,-0.0,3956,2832,0,-12,-32
1919,273.81,26493,323.40,323.34,-0.06,-26.1,-6.8,0.0,0.0,-19.3,-0.0,3831,2705,0,-14,-21
1920,273.98,26478,323.22,323.26,0.04,-14.3,4.1,0.0,0.0,-18.4,-0.0,3644,2523,0,-10,-9
1921,274.15,26464,323.05,323.18,0.13,-3.1,15.0,0.0,0.0,-18.1,-0.0,3469,2351,0,-3,-1
1922,274.32,26444,322.80,323.09,0.28,12.9,31.4,0.0,0.0,-18.4,-0.0,3219,48,0,12,1
1923,274.41,26437,322.72,323.05,0.33,17.8,36.8,0.0,0.0,-19.0,-0.0,3131,4054,0,17,-1
1924,274.58,26420,322.51,322.96,0.45,33.2,50.5,0.0,0.0,-17.2,-0.0,2919,3855,0,30,-12
1925,274.75,26403,322.30,322.88,0.57,46.0,64.1,0.0,0.0,-18.1,-0.0,2706,3629,0,34,-29
1926,274.83,26396,322.22,322.83,0.61,48.6,68.2,0.0,0.0,-19.6,-0.0,2619,3536,0,31,-36
1927,275.00,26380,322.02,322.75,0.73,64.6,81.8,0.0,0.0,-17.2,-0.0,2419,3354,0,26,-57
1928,275.17,26365,321.84,322.67,0.83,74.9,92.8,0.0,0.0,-17.8,-0.0,2231,3163,0,10,-72
1929,275.26,26360,321.78,322.62,0.84,73.3,94.1,0.0,0.0,-20.8,-0.0,2169,3094,0,2,-71
1930,275.43,26350,321.66,322.53,0.88,79.4,98.2,0.0,0.0,-18.7,-0.0,2044,2989,0,-10,-76
1931,275.61,26337,321.50,322.45,0.95,87.9,106.4,0.0,0.0,-18.4,-0.0,1881,2829,0,-31,-79
1932,275.70,26333,321.45,322.40,0.95,86.2,106.4,0.0,0.0,-20.2,-0.0,1831,2780,0,-36,-75
1933,275.87,26323,321.33,322.32,0.99,92.1,110.4,0.0,0.0,-18.4,-0.0,1706,2669,0,-52,-73
1934,275.96,26319,321.28,322.27,1.00,91.9,111.8,0.0,0.0,-19.9,-0.0,1656,2616,0,-57,-68
1935,276.12,26311,321.18,322.19,1.01,94.8,113.2,0.0,0.0,-18.4,-0.0,1556,2523,0,-68,-61
1936,276.30,26307,321.13,322.10,0.98,90.7,109.1,0.0,0.0,-18.4,-0.0,1506,2486,0,-69,-55
1937,276.38,26304,321.09,322.06,0.96,88.7,107.8,0.0,0.0,-19.0,-0.0,1469,2449,0,-70,-50
1938,276.55,26300,321.04,321.98,0.93,86.7,103.6,0.0,-0.0,-17.0,-0.0,1419,2412,0,-71,-44
1939,276.71,26298,321.02,321.89,0.87,79.0,96.8,0.0,-0.0,-17.8,-0.0,1394,2395,0,-66,-39
1940,276.88,26297,321.01,321.81,0.81,72.2,90.0,0.0,-0.0,-17.8,-0.0,1381,2387,0,-61,-35
1941,276.97,26295,320.98,321.76,0.78,67.1,87.2,0.0,-0.0,-20.2,-0.0,1356,2360,0,-58,-30
1942,277.13,26294,320.97,321.68,0.71,61.6,79.1,0.0,-0.0,-17.5,-0.0,1344,2358,0,-53,-27
1943,277.30,26296,321.00,321.60,0.60,47.8,66.8,0.0,-0.0,-19.0,-0.0,1369,2390,0,-40,-23
1944,277.39,26296,321.00,321.56,0.56,44.0,62.7,0.0,-0.0,-18.7,-0.0,1369,2390,0,-37,-21
1945,277.56,26299,321.03,321.47,0.44,31.0,49.1,0.0,-0.0,-18.1,-0.0,1406,2433,0,-25,-17
1946,277.73,26305,321.11,321.38,0.28,12.3,31.4,0.0,-0.0,-19.0,-0.0,1481,2522,0,-9,-8
1947,277.83,26305,321.11,321.34,0.23,6.3,25.9,0.0,-0.0,-19.6,-0.0,1481,2522,0,-5,-4
1948,277.99,26310,321.17,321.25,0.09,-7.7,9.5,0.0,-0.0,-17.2,-0.0,1544,539,0,5,5
1949,278.17,26310,321.17,321.17,0.00,-19.0,0.0,0.0,-0.0,-19.0,-0.0,1544,540,0,12,14
1950,278.25,26313,321.20,321.12,-0.09,-28.6,-9.5,0.0,-0.0,-19.0,-0.0,1581,578,0,17,21
1951,278.42,26316,321.24,321.04,-0.21,-41.9,-23.2,0.0,-0.0,-18.7,-0.0,1619,611,0,24,33
1952,278.60,26319,321.28,320.95,-0.33,-55.2,-36.8,0.0,-0.0,-18.4,-0.0,1656,648,0,29,45
1953,278.69,26319,321.28,320.90,-0.37,-60.5,-40.9,0.0,-0.0,-19.6,-0.0,1656,646,0,32,49
1954,278.87,26323,321.33,320.82,-0.51,-76.0,-57.3,0.0,-0.0,-18.7,-0.0,1706,701,0,35,65
1955,278.95,26323,321.33,320.77,-0.55,-80.7,-61.4,0.0,-0.0,-19.3,-0.0,1706,697,0,38,69
1956,279.12,26323,321.33,320.69,-0.63,-88.4,-70.9,0.0,-0.0,-17.5,-0.0,1706,692,0,42,75
1957,279.29,26324,321.34,320.61,-0.73,-99.9,-81.8,0.0,-0.0,-18.1,-0.0,1719,702,0,46,85
1958,279.45,26323,321.33,320.52,-0.81,-108.1,-90.0,0.0,-0.0,-18.1,-0.0,1706,685,0,52,91
1959,279.54,26324,321.34,320.48,-0.85,-115.7,-95.4,0.0,-0.0,-20.2,-0.0,1719,697,0,54,98
1960,279.71,26320,321.29,320.39,-0.89,-116.8,-99.6,0.0,-0.0,-17.2,-0.0,1669,641,0,63,94
1961,279.88,26315,321.23,320.31,-0.92,-121.6,-102.3,0.0,-0.0,-19.3,-0.0,1606,568,0,76,90
1962,279.97,26312,321.19,320.27,-0.93,-122.7,-103.6,0.0,-0.0,-19.0,-0.0,1569,527,0,82,86
1963,280.14,26308,321.14,320.18,-0.96,-126.4,-107.8,0.0,-0.0,-18.7,-0.0,1519,473,0,92,81
1964,280.31,26299,321.03,320.10,-0.94,-122.9,-105.0,0.0,-0.0,-17.8,-0.0,1406,346,0,103,60
1965,280.39,26295,320.98,320.05,-0.93,-122.7,-103.6,0.0,-0.0,-19.0,-0.0,1356,294,0,107,52
1966,280.57,26289,320.91,319.97,-0.94,-124.1,-105.0,0.0,-0.0,-19.0,-0.0,1281,217,0,114,39
1967,280.74,26276,320.75,319.88,-0.87,-115.9,-96.8,0.0,0.0,-19.0,-0.0,1119,42,0,112,7
1968,280.83,26268,320.65,319.83,-0.82,-111.6,-91.4,0.0,0.0,-20.2,-0.0,1019,4027,0,107,-11
1969,281.00,26258,320.53,319.75,-0.78,-105.4,-87.2,0.0,0.0,-18.1,-0.0,894,3907,0,98,-29
1970,281.17,26245,320.37,319.67,-0.71,-96.9,-79.1,0.0,0.0,-17.8,-0.0,731,3736,0,80,-49
1971,281.26,26238,320.29,319.62,-0.67,-94.9,-75.0,0.0,0.0,-19.9,-0.0,644,3635,0,70,-60
1972,281.42,26223,320.10,319.54,-0.57,-82.8,-64.1,0.0,0.0,-18.7,-0.0,456,3449,0,44,-67
1973,281.60,26203,319.86,319.45,-0.42,-65.1,-46.4,0.0,0.0,-18.7,-0.0,206,3189,0,11,-62
1974,281.69,26196,319.78,319.41,-0.37,-60.8,-40.9,0.0,0.0,-19.9,-0.0,119,3093,0,2,-59
1975,281.86,26179,319.57,319.32,-0.24,-46.6,-27.3,0.0,0.0,-19.3,-0.0,4002,2877,0,-13,-43
1976,281.95,26169,319.45,319.28,-0.17,-38.1,-19.1,0.0,0.0,-19.0,-0.0,3877,2749,0,-18,-32
1977,282.12,26151,319.23,319.19,-0.04,-23.1,-4.1,0.0,0.0,-19.0,-0.0,3652,2520,0,-17,-15
1978,282.29,26135,319.03,319.11,0.07,-9.4,8.2,0.0,0.0,-17.5,-0.0,3452,2333,0,-8,-4
1979,282.46,26119,318.84,319.02,0.18,1.7,20.5,0.0,0.0,-18.7,-0.0,3252,74,0,2,0
1980,282.55,26109,318.71,318.98,0.26,7.5,28.6,0.0,0.0,-21.1,-0.0,3127,4033,0,7,-1
1981,282.71,26094,318.53,318.89,0.37,24.0,40.9,0.0,0.0,-17.0,-0.0,2940,3872,0,22,-8
1982,282.88,26076,318.31,318.81,0.50,36.6,55.9,0.0,0.0,-19.3,-0.0,2715,3634,0,27,-23
1983,282.97,26069,318.23,318.76,0.54,40.4,60.0,0.0,0.0,-19.6,-0.0,2627,3548,0,26,-29
1984,283.14,26053,318.03,318.68,0.65,53.0,72.2,0.0,0.0,-19.3,-0.0,2427,3350,0,21,-47
1985,283.31,26037,317.83,318.60,0.76,66.1,84.6,0.0,0.0,-18.4,-0.0,2227,3154,0,8,-64
1986,283.39,26031,317.76,318.55,0.79,69.6,88.6,0.0,0.0,-19.0,-0.0,2152,3080,0,1,-67
1987,283.56,26019,317.61,318.47,0.85,77.3,95.4,0.0,0.0,-18.1,-0.0,2002,2943,0,-15,-73
1988,283.74,26006,317.46,318.38,0.93,84.6,103.6,0.0,0.0,-19.0,-0.0,1840,2780,0,-36,-74
1989,283.82,25999,317.37,318.34,0.96,89.0,107.8,0.0,0.0,-18.7,-0.0,1752,2694,0,-47,-72
1990,283.99,25987,317.22,318.26,1.04,98.1,115.9,0.0,0.0,-17.8,-0.0,1602,2554,0,-68,-67
1991,284.15,25977,317.10,318.18,1.07,102.8,120.0,0.0,0.0,-17.2,-0.0,1477,2432,0,-83,-55
1992,284.23,25972,317.04,318.13,1.10,104.0,122.8,0.0,0.0,-18.7,-0.0,1415,2367,0,-89,-47
1993,284.40,25966,316.97,318.05,1.09,103.6,121.4,0.0,0.0,-17.8,-0.0,1340,2305,0,-93,-39
1994,284.57,25960,316.89,317.97,1.07,101.6,120.0,0.0,0.0,-18.4,-0.0,1265,2237,0,-94,-28
1995,284.74,25957,316.86,317.88,1.03,95.2,114.6,0.0,-0.0,-19.3,-0.0,1227,2212,0,-89,-23
1996,284.83,25955,316.83,317.83,1.00,91.9,111.8,0.0,-0.0,-19.9,-0.0,1202,2191,0,-87,-19
1997,284.99,25956,316.85,317.75,0.90,83.1,100.9,0.0,-0.0,-17.8,-0.0,1215,2220,0,-78,-21
1998,285.17,25954,316.82,317.67,0.84,74.5,94.1,0.0,-0.0,-19.6,-0.0,1190,2203,0,-70,-17
1999,285.26,25954,316.82,317.62,0.81,71.2,90.0,0.0,-0.0,-18.7,-0.0,1190,2205,0,-67,-16
