Sample,Timestamp,Raw Encoder Reading,Measured Motor Steps,Target Motor Steps,Current Error,PID Control Signal,PID P Term,PID I Term,PID D Term,PID V Term,PID A Term,Measured Step Phase,Desired Step Phase,Phase Shift,Coil A Current,Coil B Current
0,0.04,33594,410.08,410.25,0.17,14.2,14.3,0.0,-0.1,-0.0,-0.0,2482,3511,0,9,-11
1,0.19,33594,410.08,410.25,0.17,14.3,14.3,0.0,0.0,-0.0,-0.0,2482,3506,0,9,-11
2,0.35,33594,410.08,410.25,0.17,14.3,14.3,0.0,0.0,-0.0,-0.0,2482,3506,0,9,-11
3,0.52,33592,410.06,410.25,0.20,16.4,16.4,0.0,0.1,-0.0,-0.0,2457,3478,0,9,-13
4,0.68,33594,410.08,410.25,0.17,14.3,14.3,0.0,0.0,-0.1,-0.0,2482,3506,0,9,-11
5,0.77,33596,410.11,410.25,0.15,12.1,12.3,0.0,-0.1,-0.1,-0.0,2507,3534,0,8,-9
6,0.93,33596,410.11,410.25,0.15,12.0,12.3,0.0,-0.2,-0.1,-0.0,2507,3537,0,8,-9
7,1.09,33597,410.12,410.25,0.13,11.1,11.2,0.0,-0.1,-0.1,-0.0,2519,3546,0,7,-8
8,1.25,33597,410.12,410.25,0.13,10.9,11.2,0.0,-0.2,-0.1,-0.0,2519,3549,0,7,-8
9,1.33,33596,410.11,410.25,0.13,11.0,11.2,0.0,-0.1,-0.1,-0.0,2507,3534,0,7,-8
10,1.49,33593,410.07,410.25,0.17,14.3,14.3,0.0,0.1,-0.1,-0.0,2469,3489,0,8,-11
11,1.66,33594,410.08,410.25,0.16,13.2,13.3,0.0,0.1,-0.2,-0.0,2482,3501,0,8,-10
12,1.82,33596,410.11,410.25,0.13,11.1,11.2,0.0,0.0,-0.2,-0.0,2507,3529,0,7,-8
13,1.91,33598,410.13,410.25,0.11,8.9,9.2,0.0,-0.1,-0.2,-0.0,2532,3558,0,6,-6
14,2.07,33598,410.13,410.24,0.11,8.8,9.2,0.0,-0.2,-0.2,-0.0,2532,3562,0,6,-6
15,2.23,33596,410.11,410.24,0.13,10.9,11.2,0.0,-0.1,-0.2,-0.0,2507,3535,0,7,-8
16,2.39,33597,410.12,410.24,0.12,9.9,10.2,0.0,-0.1,-0.2,-0.0,2519,3548,0,6,-7
17,2.48,33600,410.16,410.24,0.09,6.7,7.2,0.0,-0.2,-0.2,-0.0,2557,3587,0,5,-5
18,2.64,33596,410.11,410.24,0.13,11.1,11.2,0.0,0.1,-0.2,-0.0,2507,3528,0,7,-8
19,2.81,33597,410.12,410.24,0.12,9.9,10.2,0.0,-0.0,-0.3,-0.0,2519,3544,0,6,-7
20,2.89,33598,410.13,410.24,0.11,8.8,9.2,0.0,-0.1,-0.3,-0.0,2532,3559,0,6,-6
21,3.06,33598,410.13,410.24,0.11,8.9,9.2,0.0,-0.0,-0.3,-0.0,2532,3557,0,6,-6
22,3.21,33596,410.11,410.24,0.13,11.1,11.2,0.0,0.2,-0.3,-0.0,2507,3525,0,7,-8
23,3.38,33595,410.10,410.24,0.13,11.0,11.2,0.0,0.0,-0.3,-0.0,2494,3517,0,7,-8
24,3.54,33595,410.10,410.23,0.13,11.0,11.2,0.0,0.1,-0.3,-0.0,2494,3513,0,7,-8
25,3.62,33595,410.10,410.23,0.13,11.0,11.2,0.0,0.1,-0.3,-0.0,2494,3513,0,7,-8
26,3.78,33595,410.10,410.23,0.13,11.0,11.2,0.0,0.0,-0.3,-0.0,2494,3515,0,7,-8
27,3.94,33594,410.08,410.23,0.15,12.0,12.3,0.0,0.0,-0.4,-0.0,2482,3503,0,7,-9
28,4.10,33594,410.08,410.23,0.15,12.0,12.3,0.0,0.0,-0.3,-0.0,2482,3505,0,7,-9
29,4.18,33593,410.07,410.23,0.16,13.0,13.3,0.0,0.1,-0.4,-0.0,2469,3490,0,8,-10
30,4.36,33590,410.03,410.23,0.20,16.2,16.4,0.0,0.2,-0.4,-0.0,2432,3448,0,9,-13
31,4.52,33593,410.07,410.22,0.16,12.9,13.3,0.0,0.0,-0.4,-0.0,2469,3491,0,8,-10
32,4.61,33593,410.07,410.22,0.15,11.8,12.3,0.0,0.0,-0.4,-0.0,2469,3491,0,7,-9
33,4.78,33591,410.05,410.22,0.17,14.0,14.3,0.0,0.1,-0.4,-0.0,2444,3464,0,8,-11
34,4.94,33591,410.05,410.22,0.17,13.8,14.3,0.0,-0.1,-0.4,-0.0,2444,3469,0,8,-11
35,5.10,33591,410.05,410.22,0.17,13.8,14.3,0.0,-0.0,-0.5,-0.0,2444,3468,0,8,-11
36,5.19,33591,410.05,410.22,0.17,13.9,14.3,0.0,0.0,-0.5,-0.0,2444,3465,0,8,-11
37,5.35,33591,410.05,410.21,0.17,13.9,14.3,0.0,0.1,-0.5,-0.0,2444,3465,0,8,-11
38,5.51,33589,410.02,410.21,0.20,15.9,16.4,0.0,0.1,-0.5,-0.0,2419,3440,0,8,-13
39,5.68,33589,410.02,410.21,0.18,14.9,15.3,0.0,0.1,-0.5,-0.0,2419,3438,0,8,-12
40,5.76,33589,410.02,410.21,0.18,14.9,15.3,0.0,0.0,-0.5,-0.0,2419,3440,0,8,-12
41,5.92,33588,410.01,410.21,0.20,15.9,16.4,0.0,0.1,-0.6,-0.0,2407,3426,0,8,-13
42,6.09,33587,410.00,410.20,0.21,17.0,17.4,0.0,0.1,-0.5,-0.0,2394,3414,0,8,-14
43,6.17,33588,410.01,410.20,0.20,15.8,16.4,0.0,0.0,-0.6,-0.0,2407,3429,0,8,-13
44,6.35,33588,410.01,410.20,0.18,14.8,15.3,0.0,0.0,-0.6,-0.0,2407,3430,0,7,-12
45,6.51,33587,410.00,410.20,0.20,15.8,16.4,0.0,0.0,-0.6,-0.0,2394,3415,0,8,-13
46,6.67,33589,410.02,410.19,0.17,13.6,14.3,0.0,-0.1,-0.6,-0.0,2419,3444,0,7,-11
47,6.75,33588,410.01,410.19,0.18,14.6,15.3,0.0,-0.1,-0.6,-0.0,2407,3433,0,7,-12
48,6.92,33590,410.03,410.19,0.16,12.6,13.3,0.0,-0.1,-0.7,-0.0,2432,3458,0,7,-10
49,7.09,33592,410.06,410.19,0.12,9.3,10.2,0.0,-0.3,-0.6,-0.0,2457,3488,0,5,-7
50,7.18,33593,410.07,410.18,0.11,8.2,9.2,0.0,-0.3,-0.7,-0.0,2469,3503,0,5,-6
51,7.35,33592,410.06,410.18,0.12,9.4,10.2,0.0,-0.2,-0.7,-0.0,2457,3485,0,5,-7
52,7.52,33592,410.06,410.18,0.12,9.4,10.2,0.0,-0.2,-0.7,-0.0,2457,3485,0,5,-7
53,7.60,33592,410.06,410.18,0.12,9.4,10.2,0.0,-0.1,-0.7,-0.0,2457,3484,0,5,-7
54,7.76,33592,410.06,410.17,0.11,8.5,9.2,0.0,-0.0,-0.7,-0.0,2457,3481,0,5,-7
55,7.92,33593,410.07,410.17,0.10,7.4,8.2,0.0,-0.1,-0.7,-0.0,2469,3496,0,4,-6
56,8.08,33591,410.05,410.17,0.12,9.7,10.2,0.0,0.1,-0.7,-0.0,2444,3464,0,5,-8
57,8.17,33591,410.05,410.17,0.12,9.4,10.2,0.0,0.0,-0.8,-0.0,2444,3466,0,5,-8
58,8.33,33594,410.08,410.16,0.07,5.2,6.1,0.0,-0.2,-0.7,-0.0,2482,3509,0,3,-4
59,8.49,33594,410.08,410.16,0.07,5.2,6.1,0.0,-0.1,-0.7,-0.0,2482,3509,0,3,-4
60,8.66,33594,410.08,410.16,0.07,5.3,6.1,0.0,-0.1,-0.8,-0.0,2482,3507,0,3,-4
61,8.82,33594,410.08,410.15,0.07,5.2,6.1,0.0,-0.2,-0.8,-0.0,2482,3511,0,3,-4
62,8.90,33593,410.07,410.15,0.07,5.2,6.1,0.0,-0.1,-0.8,-0.0,2469,3493,0,3,-4
63,9.06,33592,410.06,410.15,0.09,6.4,7.2,0.0,0.0,-0.8,-0.0,2457,3478,0,4,-5
64,9.22,33594,410.08,410.14,0.06,4.3,5.1,0.0,-0.0,-0.8,-0.0,2482,3506,0,3,-3
65,9.38,33593,410.07,410.14,0.07,5.3,6.1,0.0,0.0,-0.9,-0.0,2469,3491,0,3,-4
66,9.46,33591,410.05,410.14,0.09,6.3,7.2,0.0,0.0,-0.9,-0.0,2444,3463,0,3,-5
67,9.63,33592,410.06,410.13,0.07,5.2,6.1,0.0,-0.0,-0.9,-0.0,2457,3481,0,3,-4
68,9.79,33591,410.05,410.13,0.09,6.4,7.2,0.0,0.1,-0.9,-0.0,2444,3464,0,4,-5
69,9.88,33591,410.05,410.13,0.09,6.3,7.2,0.0,0.1,-1.0,-0.0,2444,3463,0,3,-5
70,10.05,33593,410.07,410.12,0.05,3.1,4.1,0.0,-0.1,-0.9,-0.0,2469,3493,0,2,-2
71,10.22,33593,410.07,410.12,0.05,3.0,4.1,0.0,-0.1,-0.9,-0.0,2469,3496,0,2,-2
72,10.38,33591,410.05,410.11,0.07,5.2,6.1,0.0,-0.0,-0.9,-0.0,2444,3468,0,3,-4
73,10.47,33591,410.05,410.11,0.06,4.0,5.1,0.0,-0.1,-1.0,-0.0,2444,3468,0,2,-3
74,10.63,33591,410.05,410.11,0.06,4.2,5.1,0.0,-0.0,-0.9,-0.0,2444,3468,0,2,-3
75,10.79,33592,410.06,410.10,0.05,3.2,4.1,0.0,0.0,-1.0,-0.0,2457,3478,0,2,-2
76,10.96,33590,410.03,410.10,0.06,4.0,5.1,0.0,-0.0,-1.0,-0.0,2432,3454,0,2,-3
77,11.04,33591,410.05,410.10,0.05,3.0,4.1,0.0,-0.1,-1.0,-0.0,2444,3468,0,2,-2
78,11.21,33589,410.02,410.09,0.07,5.2,6.1,0.0,0.0,-1.0,-0.0,2419,3440,0,3,-4
79,11.37,33591,410.05,410.09,0.04,2.0,3.1,0.0,-0.0,-1.0,-0.0,2444,3467,0,1,-2
80,11.46,33590,410.03,410.08,0.05,3.0,4.1,0.0,0.0,-1.1,-0.0,2432,3453,0,2,-2
81,11.62,33590,410.03,410.08,0.05,3.1,4.1,0.0,-0.0,-1.0,-0.0,2432,3456,0,2,-2
82,11.78,33590,410.03,410.08,0.04,2.0,3.1,0.0,-0.0,-1.1,-0.0,2432,3455,0,1,-2
83,11.95,33590,410.03,410.07,0.04,2.0,3.1,0.0,-0.0,-1.1,-0.0,2432,3455,0,1,-2
84,12.03,33589,410.02,410.07,0.05,3.0,4.1,0.0,0.0,-1.1,-0.0,2419,3440,0,2,-2
85,12.21,33588,410.01,410.06,0.05,2.9,4.1,0.0,0.0,-1.2,-0.0,2407,3428,0,1,-2
86,12.38,33587,410.00,410.06,0.06,4.1,5.1,0.0,0.1,-1.1,-0.0,2394,3411,0,2,-3
87,12.46,33588,410.01,410.05,0.05,3.0,4.1,0.0,0.0,-1.2,-0.0,2407,3428,0,1,-2
88,12.63,33588,410.01,410.05,0.04,1.9,3.1,0.0,0.0,-1.1,-0.0,2407,3428,0,1,-2
89,12.79,33588,410.01,410.04,0.04,1.9,3.1,0.0,-0.0,-1.1,-0.0,2407,3430,0,1,-2
90,12.96,33586,409.99,410.04,0.05,2.9,4.1,0.0,0.0,-1.2,-0.0,2382,3403,0,1,-2
91,13.04,33586,409.99,410.04,0.05,2.8,4.1,0.0,-0.0,-1.2,-0.0,2382,3404,0,1,-2
92,13.20,33588,410.01,410.03,0.02,0.8,2.0,0.0,-0.0,-1.2,-0.0,2407,3431,0,0,-1
93,13.36,33588,410.01,410.03,0.01,-0.2,1.0,0.0,0.0,-1.2,-0.0,2407,1380,0,0,0
94,13.45,33588,410.01,410.02,0.01,-0.4,1.0,0.0,-0.1,-1.4,-0.0,2407,1383,0,0,0
95,13.61,33588,410.01,410.02,0.01,-0.4,1.0,0.0,-0.1,-1.3,-0.0,2407,1386,0,0,0
96,13.77,33588,410.01,410.01,0.00,-1.4,0.0,0.0,-0.1,-1.3,-0.0,2407,1383,0,-1,1
97,13.93,33586,409.99,410.01,0.02,0.8,2.0,0.0,0.0,-1.3,-0.0,2382,3403,0,0,-1
98,14.10,33587,410.00,410.00,0.00,-1.4,0.0,0.0,-0.0,-1.4,-0.0,2394,1368,0,-1,1
99,14.19,33587,410.00,410.00,0.00,-1.5,0.0,0.0,0.0,-1.5,-0.0,2394,1367,0,-1,1
100,14.34,33588,410.01,409.99,-0.02,-3.4,-2.0,0.0,-0.1,-1.3,-0.0,2407,1383,0,-2,3
101,14.51,33590,410.03,409.99,-0.05,-5.6,-4.1,0.0,-0.3,-1.3,-0.0,2432,1414,0,-3,5
102,14.60,33589,410.02,409.98,-0.04,-4.7,-3.1,0.0,-0.2,-1.4,-0.0,2419,1400,0,-2,4
103,14.76,33588,410.01,409.98,-0.04,-4.5,-3.1,0.0,-0.1,-1.3,-0.0,2407,1384,0,-2,4
104,14.94,33592,410.06,409.97,-0.09,-8.9,-7.2,0.0,-0.3,-1.4,-0.0,2457,1441,0,-5,7
105,15.03,33590,410.03,409.97,-0.07,-7.8,-6.1,0.0,-0.2,-1.5,-0.0,2432,1411,0,-4,6
106,15.19,33589,410.02,409.96,-0.06,-6.5,-5.1,0.0,-0.0,-1.3,-0.0,2419,1394,0,-3,5
107,15.37,33590,410.03,409.95,-0.09,-8.8,-7.2,0.0,-0.2,-1.4,-0.0,2432,1412,0,-5,7
108,15.45,33590,410.03,409.95,-0.09,-8.8,-7.2,0.0,-0.2,-1.5,-0.0,2432,1411,0,-5,7
109,15.61,33590,410.03,409.94,-0.09,-8.3,-7.2,0.0,0.0,-1.2,-0.0,2432,1406,0,-4,7
110,15.78,33590,410.03,409.94,-0.10,-9.6,-8.2,0.0,-0.1,-1.4,-0.0,2432,1408,0,-5,8
111,15.94,33590,410.03,409.93,-0.10,-9.8,-8.2,0.0,-0.1,-1.4,-0.0,2432,1410,0,-5,8
112,16.02,33589,410.02,409.93,-0.10,-9.7,-8.2,0.0,-0.0,-1.5,-0.0,2419,1393,0,-5,8
113,16.18,33589,410.02,409.92,-0.10,-9.7,-8.2,0.0,-0.0,-1.5,-0.0,2419,1393,0,-5,8
114,16.34,33589,410.02,409.91,-0.11,-10.7,-9.2,0.0,-0.0,-1.5,-0.0,2419,1393,0,-6,9
115,16.50,33588,410.01,409.91,-0.10,-9.7,-8.2,0.0,0.0,-1.5,-0.0,2407,1380,0,-5,8
116,16.66,33588,410.01,409.90,-0.11,-10.7,-9.2,0.0,-0.0,-1.5,-0.0,2407,1381,0,-5,9
117,16.74,33589,410.02,409.90,-0.12,-11.8,-10.2,0.0,-0.1,-1.5,-0.0,2419,1395,0,-6,10
118,16.91,33588,410.01,409.89,-0.12,-11.8,-10.2,0.0,-0.0,-1.5,-0.0,2407,1381,0,-6,10
119,17.07,33591,410.05,409.88,-0.16,-15.0,-13.3,0.0,-0.2,-1.5,-0.0,2444,1423,0,-8,12
120,17.23,33594,410.08,409.88,-0.21,-19.3,-17.4,0.0,-0.4,-1.5,-0.0,2482,1467,0,-12,15
121,17.32,33590,410.03,409.87,-0.16,-15.1,-13.3,0.0,-0.2,-1.6,-0.0,2432,1411,0,-8,12
122,17.48,33590,410.03,409.87,-0.17,-16.1,-14.3,0.0,-0.2,-1.6,-0.0,2432,1410,0,-9,13
123,17.66,33589,410.02,409.86,-0.16,-15.1,-13.3,0.0,-0.1,-1.7,-0.0,2419,1397,0,-8,12
124,17.75,33588,410.01,409.85,-0.16,-15.0,-13.3,0.0,0.0,-1.7,-0.0,2407,1378,0,-8,12
125,17.91,33587,410.00,409.85,-0.15,-13.7,-12.3,0.0,0.2,-1.7,-0.0,2394,1359,0,-7,12
126,18.09,33587,410.00,409.84,-0.16,-15.0,-13.3,0.0,0.0,-1.8,-0.0,2394,1365,0,-7,13
127,18.17,33588,410.01,409.84,-0.17,-15.9,-14.3,0.0,0.0,-1.6,-0.0,2407,1380,0,-8,13
128,18.33,33587,410.00,409.83,-0.17,-16.0,-14.3,0.0,-0.0,-1.6,-0.0,2394,1367,0,-8,13
129,18.50,33587,410.00,409.82,-0.18,-17.2,-15.3,0.0,-0.1,-1.7,-0.0,2394,1370,0,-8,14
130,18.66,33585,409.97,409.81,-0.16,-15.0,-13.3,0.0,0.0,-1.7,-0.0,2369,1342,0,-7,13
131,18.75,33585,409.97,409.81,-0.16,-15.1,-13.3,0.0,0.0,-1.8,-0.0,2369,1342,0,-7,13
132,18.90,33584,409.96,409.80,-0.16,-15.1,-13.3,0.0,0.0,-1.8,-0.0,2357,1328,0,-7,13
133,19.07,33582,409.94,409.79,-0.15,-13.9,-12.3,0.0,0.1,-1.8,-0.0,2332,1300,0,-6,12
134,19.16,33582,409.94,409.79,-0.15,-14.0,-12.3,0.0,0.1,-1.8,-0.0,2332,1300,0,-6,12
135,19.33,33581,409.92,409.78,-0.15,-14.0,-12.3,0.0,0.0,-1.8,-0.0,2319,1289,0,-5,12
136,19.49,33583,409.95,409.77,-0.17,-16.2,-14.3,0.0,-0.0,-1.9,-0.0,2344,1318,0,-7,14
137,19.66,33579,409.90,409.76,-0.13,-12.9,-11.2,0.0,0.1,-1.7,-0.0,2294,1263,0,-4,12
138,19.74,33577,409.88,409.76,-0.11,-11.0,-9.2,0.0,0.1,-1.9,-0.0,2269,1237,0,-3,10
139,19.91,33576,409.86,409.75,-0.11,-10.9,-9.2,0.0,0.1,-1.8,-0.0,2257,1226,0,-3,10
140,20.08,33576,409.86,409.74,-0.12,-11.8,-10.2,0.0,0.1,-1.7,-0.0,2257,1225,0,-3,11
141,20.17,33577,409.88,409.74,-0.13,-13.1,-11.2,0.0,0.1,-2.0,-0.0,2269,1236,0,-4,12
142,20.34,33576,409.86,409.73,-0.13,-13.2,-11.2,0.0,0.0,-1.9,-0.0,2257,1228,0,-4,12
143,20.50,33573,409.83,409.72,-0.11,-11.0,-9.2,0.0,0.0,-1.9,-0.0,2219,1189,0,-3,10
144,20.59,33573,409.83,409.72,-0.11,-11.2,-9.2,0.0,0.0,-2.0,-0.0,2219,1190,0,-3,10
145,20.75,33574,409.84,409.71,-0.13,-13.2,-11.2,0.0,-0.0,-1.9,-0.0,2232,1205,0,-4,12
146,20.92,33573,409.83,409.70,-0.12,-12.2,-10.2,0.0,0.0,-2.0,-0.0,2219,1190,0,-3,11
147,21.09,33572,409.81,409.69,-0.12,-12.2,-10.2,0.0,0.0,-2.0,-0.0,2207,1178,0,-3,11
148,21.17,33572,409.81,409.69,-0.12,-12.0,-10.2,0.0,-0.0,-1.7,-0.0,2207,1182,0,-3,11
149,21.33,33571,409.80,409.68,-0.12,-12.2,-10.2,0.0,0.0,-2.0,-0.0,2194,1165,0,-3,12
150,21.51,33572,409.81,409.67,-0.15,-14.4,-12.3,0.0,-0.0,-2.1,-0.0,2207,1180,0,-3,14
151,21.59,33569,409.78,409.67,-0.11,-11.0,-9.2,0.0,0.0,-1.8,-0.0,2169,1139,0,-2,10
152,21.75,33568,409.77,409.66,-0.11,-11.1,-9.2,0.0,0.0,-1.9,-0.0,2157,1127,0,-2,11
153,21.91,33568,409.77,409.65,-0.12,-12.2,-10.2,0.0,0.0,-2.0,-0.0,2157,1127,0,-2,12
154,22.08,33568,409.77,409.64,-0.12,-12.0,-10.2,0.0,0.1,-1.9,-0.0,2157,1127,0,-2,11
155,22.16,33568,409.77,409.63,-0.13,-13.2,-11.2,0.0,0.0,-2.0,-0.0,2157,1127,0,-2,13
156,22.34,33568,409.77,409.62,-0.15,-14.5,-12.3,0.0,-0.1,-2.1,-0.0,2157,1133,0,-2,14
157,22.51,33566,409.74,409.61,-0.12,-12.3,-10.2,0.0,-0.0,-2.0,-0.0,2132,1105,0,-1,12
158,22.59,33566,409.74,409.61,-0.13,-13.4,-11.2,0.0,-0.0,-2.1,-0.0,2132,1105,0,-2,13
159,22.75,33566,409.74,409.60,-0.15,-14.4,-12.3,0.0,-0.1,-2.0,-0.0,2132,1105,0,-2,14
160,22.92,33566,409.74,409.59,-0.15,-14.3,-12.3,0.0,-0.0,-1.9,-0.0,2132,1105,0,-2,14
161,23.08,33563,409.70,409.58,-0.12,-12.4,-10.2,0.0,0.0,-2.1,-0.0,2094,1065,0,-1,12
162,23.17,33563,409.70,409.58,-0.12,-12.5,-10.2,0.0,0.0,-2.2,-0.0,2094,1065,0,-1,12
163,23.32,33561,409.68,409.57,-0.11,-11.2,-9.2,0.0,0.1,-2.0,-0.0,2069,1038,0,0,11
164,23.49,33563,409.70,409.56,-0.15,-14.6,-12.3,0.0,0.0,-2.3,-0.0,2094,1065,0,-1,14
165,23.58,33559,409.66,409.55,-0.10,-10.3,-8.2,0.0,0.2,-2.3,-0.0,2044,1009,0,0,10
166,23.75,33559,409.66,409.54,-0.11,-11.3,-9.2,0.0,0.0,-2.2,-0.0,2044,1014,0,0,11
167,23.91,33558,409.64,409.53,-0.11,-11.4,-9.2,0.0,0.1,-2.2,-0.0,2032,1000,0,0,11
168,24.07,33557,409.63,409.52,-0.11,-11.4,-9.2,0.0,0.1,-2.3,-0.0,2019,987,0,1,11
169,24.16,33556,409.62,409.52,-0.10,-10.5,-8.2,0.0,0.2,-2.5,-0.0,2007,971,0,1,10
170,24.33,33557,409.63,409.51,-0.12,-12.4,-10.2,0.0,-0.0,-2.1,-0.0,2019,992,0,1,12
171,24.50,33555,409.61,409.50,-0.11,-11.4,-9.2,0.0,0.0,-2.2,-0.0,1994,966,0,1,11
172,24.59,33555,409.61,409.49,-0.11,-11.6,-9.2,0.0,0.0,-2.4,-0.0,1994,965,0,1,11
173,24.74,33554,409.59,409.48,-0.11,-11.5,-9.2,0.0,0.0,-2.2,-0.0,1982,954,0,1,11
174,24.91,33556,409.62,409.47,-0.15,-14.6,-12.3,0.0,-0.1,-2.2,-0.0,2007,983,0,1,14
175,25.07,33553,409.58,409.46,-0.12,-12.5,-10.2,0.0,0.0,-2.3,-0.0,1969,939,0,2,12
176,25.16,33554,409.59,409.46,-0.13,-13.8,-11.2,0.0,-0.1,-2.5,-0.0,1982,956,0,1,13
177,25.33,33554,409.59,409.45,-0.15,-14.8,-12.3,0.0,-0.1,-2.4,-0.0,1982,958,0,1,14
178,25.49,33555,409.61,409.44,-0.17,-17.0,-14.3,0.0,-0.1,-2.5,-0.0,1994,968,0,1,16
179,25.58,33552,409.57,409.43,-0.15,-14.8,-12.3,0.0,0.0,-2.5,-0.0,1957,927,0,2,14
180,25.74,33549,409.53,409.42,-0.11,-11.5,-9.2,0.0,0.0,-2.3,-0.0,1919,889,0,2,11
181,25.90,33551,409.56,409.41,-0.15,-14.7,-12.3,0.0,0.0,-2.4,-0.0,1944,915,0,2,14
182,26.06,33551,409.56,409.40,-0.16,-15.7,-13.3,0.0,0.0,-2.4,-0.0,1944,915,0,3,15
183,26.15,33549,409.53,409.39,-0.15,-14.9,-12.3,0.0,0.1,-2.7,-0.0,1919,885,0,3,14
184,26.32,33549,409.53,409.38,-0.16,-16.0,-13.3,0.0,-0.2,-2.5,-0.0,1919,895,0,3,15
185,26.49,33550,409.55,409.37,-0.17,-16.8,-14.3,0.0,-0.1,-2.4,-0.0,1932,907,0,3,16
186,26.65,33549,409.53,409.36,-0.17,-16.7,-14.3,0.0,-0.0,-2.3,-0.0,1919,892,0,3,16
187,26.73,33549,409.53,409.35,-0.18,-17.9,-15.3,0.0,-0.1,-2.4,-0.0,1919,892,0,3,17
188,26.89,33550,409.55,409.34,-0.21,-19.9,-17.4,0.0,-0.2,-2.3,-0.0,1932,909,0,3,19
189,27.06,33550,409.55,409.33,-0.22,-21.1,-18.4,0.0,-0.2,-2.5,-0.0,1932,908,0,4,20
190,27.15,33549,409.53,409.33,-0.21,-20.1,-17.4,0.0,-0.1,-2.6,-0.0,1919,893,0,4,19
191,27.31,33547,409.51,409.31,-0.20,-18.9,-16.4,0.0,-0.1,-2.4,-0.0,1894,867,0,4,18
192,27.48,33545,409.48,409.30,-0.18,-17.8,-15.3,0.0,0.0,-2.5,-0.0,1869,839,0,5,17
193,27.63,33542,409.45,409.29,-0.16,-15.6,-13.3,0.0,0.2,-2.5,-0.0,1832,796,0,5,14
194,27.72,33542,409.45,409.29,-0.16,-15.6,-13.3,0.0,0.2,-2.5,-0.0,1832,796,0,5,14
195,27.87,33541,409.44,409.28,-0.16,-15.5,-13.3,0.0,0.3,-2.5,-0.0,1819,781,0,5,14
196,28.04,33540,409.42,409.26,-0.16,-15.6,-13.3,0.0,0.1,-2.4,-0.0,1807,774,0,6,14
197,28.21,33540,409.42,409.25,-0.17,-17.0,-14.3,0.0,-0.0,-2.7,-0.0,1807,778,0,6,15
198,28.29,33538,409.40,409.25,-0.16,-15.8,-13.3,0.0,0.0,-2.5,-0.0,1782,752,0,6,14
199,28.45,33537,409.39,409.23,-0.15,-14.7,-12.3,0.0,0.1,-2.5,-0.0,1769,738,0,6,13
200,28.62,33533,409.34,409.22,-0.11,-11.6,-9.2,0.0,0.2,-2.6,-0.0,1719,685,0,6,10
201,28.78,33533,409.34,409.21,-0.12,-12.6,-10.2,0.0,0.2,-2.6,-0.0,1719,685,0,6,11
202,28.87,33534,409.35,409.20,-0.15,-15.1,-12.3,0.0,0.1,-2.9,-0.0,1732,698,0,7,13
203,29.03,33532,409.33,409.19,-0.13,-13.8,-11.2,0.0,0.0,-2.6,-0.0,1707,676,0,7,11
204,29.20,33533,409.34,409.18,-0.16,-16.1,-13.3,0.0,-0.2,-2.7,-0.0,1719,695,0,8,14
205,29.29,33531,409.31,409.17,-0.13,-14.3,-11.2,0.0,-0.1,-2.9,-0.0,1694,667,0,7,12
206,29.47,33528,409.28,409.16,-0.12,-13.1,-10.2,0.0,0.0,-2.9,-0.0,1657,625,0,7,10
207,29.62,33528,409.28,409.15,-0.12,-12.7,-10.2,0.0,0.1,-2.6,-0.0,1657,624,0,7,10
208,29.79,33530,409.30,409.14,-0.16,-16.1,-13.3,0.0,-0.1,-2.8,-0.0,1682,655,0,8,13
209,29.87,33529,409.29,409.13,-0.16,-16.1,-13.3,0.0,0.0,-2.8,-0.0,1669,639,0,9,13
210,30.04,33529,409.29,409.12,-0.17,-17.2,-14.3,0.0,-0.2,-2.6,-0.0,1669,646,0,9,14
211,30.22,33528,409.28,409.11,-0.17,-17.2,-14.3,0.0,-0.2,-2.7,-0.0,1657,633,0,9,14
212,30.30,33527,409.27,409.10,-0.17,-17.3,-14.3,0.0,-0.2,-2.8,-0.0,1644,618,0,10,14
213,30.47,33526,409.25,409.09,-0.17,-17.0,-14.3,0.0,-0.0,-2.6,-0.0,1632,602,0,10,13
214,30.64,33527,409.27,409.07,-0.20,-19.4,-16.4,0.0,-0.1,-2.9,-0.0,1644,618,0,11,15
215,30.72,33527,409.27,409.07,-0.20,-19.4,-16.4,0.0,-0.1,-2.9,-0.0,1644,617,0,11,15
216,30.88,33526,409.25,409.05,-0.20,-19.3,-16.4,0.0,-0.1,-2.8,-0.0,1632,605,0,11,15
217,31.04,33526,409.25,409.04,-0.21,-20.3,-17.4,0.0,-0.1,-2.8,-0.0,1632,607,0,12,16
218,31.20,33525,409.24,409.03,-0.21,-20.4,-17.4,0.0,-0.1,-2.8,-0.0,1619,593,0,12,16
219,31.29,33522,409.20,409.02,-0.18,-18.5,-15.3,0.0,0.0,-3.2,-0.0,1582,550,0,12,13
220,31.46,33524,409.23,409.01,-0.22,-21.2,-18.4,0.0,-0.1,-2.7,-0.0,1607,580,0,13,16
221,31.63,33522,409.20,409.00,-0.21,-20.2,-17.4,0.0,0.0,-2.8,-0.0,1582,552,0,13,15
222,31.71,33522,409.20,408.99,-0.22,-21.6,-18.4,0.0,-0.0,-3.2,-0.0,1582,552,0,14,16
223,31.88,33521,409.19,408.98,-0.22,-21.5,-18.4,0.0,-0.0,-3.0,-0.0,1569,539,0,14,15
224,32.04,33524,409.23,408.96,-0.27,-25.7,-22.5,0.0,-0.3,-2.9,-0.0,1607,586,0,15,19
225,32.20,33519,409.17,408.95,-0.22,-21.3,-18.4,0.0,0.0,-2.9,-0.0,1544,512,0,15,15
226,32.29,33519,409.17,408.94,-0.22,-21.5,-18.4,0.0,-0.0,-3.1,-0.0,1544,515,0,15,15
227,32.45,33518,409.16,408.93,-0.22,-21.3,-18.4,0.0,0.0,-2.8,-0.0,1532,502,0,15,14
228,32.62,33519,409.17,408.92,-0.26,-24.4,-21.5,0.0,-0.1,-2.9,-0.0,1544,516,0,17,17
229,32.78,33517,409.14,408.90,-0.24,-23.4,-20.5,0.0,0.0,-2.9,-0.0,1519,488,0,17,15
230,32.87,33515,409.12,408.90,-0.22,-21.6,-18.4,0.0,0.0,-3.2,-0.0,1494,464,0,16,14
231,33.03,33513,409.09,408.88,-0.21,-20.2,-17.4,0.0,0.1,-2.9,-0.0,1469,436,0,15,12
232,33.20,33512,409.08,408.87,-0.22,-21.2,-18.4,0.0,0.1,-2.9,-0.0,1457,423,0,16,12
233,33.29,33512,409.08,408.86,-0.22,-21.4,-18.4,0.0,0.1,-3.1,-0.0,1457,422,0,17,12
234,33.45,33511,409.07,408.85,-0.22,-21.2,-18.4,0.0,0.1,-2.9,-0.0,1444,411,0,17,12
235,33.62,33509,409.05,408.83,-0.21,-20.2,-17.4,0.0,0.1,-3.0,-0.0,1419,386,0,16,11
236,33.79,33508,409.03,408.82,-0.22,-21.5,-18.4,0.0,-0.0,-3.1,-0.0,1407,377,0,17,11
237,33.87,33506,409.01,408.81,-0.20,-19.7,-16.4,0.0,0.1,-3.4,-0.0,1382,348,0,16,10
238,34.04,33503,408.97,408.80,-0.17,-17.0,-14.3,0.0,0.2,-2.9,-0.0,1344,307,0,15,7
239,34.14,33503,408.97,408.79,-0.18,-18.8,-15.3,0.0,0.1,-3.6,-0.0,1344,307,0,16,8
240,34.30,33501,408.95,408.78,-0.17,-17.4,-14.3,0.0,0.1,-3.2,-0.0,1319,283,0,15,7
241,34.47,33499,408.92,408.76,-0.16,-16.2,-13.3,0.0,0.2,-3.1,-0.0,1294,257,0,14,6
242,34.64,33499,408.92,408.75,-0.17,-17.3,-14.3,0.0,0.0,-3.0,-0.0,1294,263,0,15,7
243,34.73,33500,408.94,408.74,-0.20,-19.9,-16.4,0.0,-0.1,-3.4,-0.0,1307,278,0,18,8
244,34.90,33497,408.90,408.72,-0.17,-17.3,-14.3,0.0,0.1,-3.1,-0.0,1269,236,0,16,6
245,35.07,33494,408.86,408.71,-0.16,-16.7,-13.3,0.0,0.0,-3.4,-0.0,1232,200,0,15,5
246,35.16,33494,408.86,408.70,-0.16,-16.8,-13.3,0.0,0.0,-3.5,-0.0,1232,200,0,16,5
247,35.33,33491,408.83,408.69,-0.13,-14.1,-11.2,0.0,0.1,-2.9,-0.0,1194,159,0,13,3
248,35.50,33489,408.80,408.67,-0.13,-14.5,-11.2,0.0,0.2,-3.4,-0.0,1169,131,0,14,3
249,35.58,33489,408.80,408.66,-0.13,-14.3,-11.2,0.0,0.1,-3.2,-0.0,1169,134,0,14,3
250,35.74,33489,408.80,408.65,-0.15,-15.4,-12.3,0.0,0.0,-3.2,-0.0,1169,138,0,15,3
251,35.91,33485,408.75,408.63,-0.12,-13.5,-10.2,0.0,0.1,-3.4,-0.0,1119,82,0,13,2
252,36.00,33484,408.74,408.63,-0.11,-12.6,-9.2,0.0,0.1,-3.5,-0.0,1107,72,0,12,1
253,36.18,33481,408.70,408.61,-0.10,-11.3,-8.2,0.0,0.1,-3.2,-0.0,1069,33,0,11,1
254,36.34,33480,408.69,408.60,-0.10,-11.2,-8.2,0.0,0.2,-3.2,-0.0,1057,20,0,11,0
255,36.43,33481,408.70,408.59,-0.12,-13.7,-10.2,0.0,0.1,-3.5,-0.0,1069,33,0,13,1
256,36.60,33480,408.69,408.57,-0.12,-13.6,-10.2,0.0,0.0,-3.4,-0.0,1057,26,0,13,1
257,36.76,33479,408.68,408.56,-0.12,-13.6,-10.2,0.0,-0.0,-3.3,-0.0,1044,14,0,13,0
258,36.85,33478,408.67,408.55,-0.12,-13.9,-10.2,0.0,-0.1,-3.6,-0.0,1032,3,0,14,0
259,37.02,33476,408.64,408.53,-0.11,-12.8,-9.2,0.0,-0.0,-3.5,-0.0,1007,4073,0,12,0
260,37.19,33474,408.62,408.52,-0.10,-11.5,-8.2,0.0,0.1,-3.4,-0.0,982,4042,0,11,-1
261,37.28,33476,408.64,408.51,-0.13,-14.9,-11.2,0.0,-0.0,-3.6,-0.0,1007,4073,0,14,-1
262,37.45,33473,408.61,408.49,-0.11,-12.5,-9.2,0.0,0.0,-3.3,-0.0,969,4032,0,12,-1
263,37.61,33473,408.61,408.48,-0.13,-14.6,-11.2,0.0,-0.1,-3.2,-0.0,969,4037,0,14,-1
264,37.70,33473,408.61,408.47,-0.13,-15.2,-11.2,0.0,-0.1,-3.8,-0.0,969,4036,0,15,-1
265,37.88,33470,408.57,408.45,-0.12,-13.9,-10.2,0.0,-0.1,-3.6,-0.0,932,3998,0,13,-2
266,38.05,33467,408.53,408.44,-0.10,-11.4,-8.2,0.0,0.1,-3.4,-0.0,894,3954,0,11,-2
267,38.14,33468,408.54,408.43,-0.12,-14.2,-10.2,0.0,-0.0,-3.9,-0.0,907,3971,0,13,-3
268,38.30,33467,408.53,408.41,-0.12,-13.7,-10.2,0.0,0.0,-3.5,-0.0,894,3957,0,13,-3
269,38.47,33463,408.48,408.40,-0.09,-10.4,-7.2,0.0,0.2,-3.4,-0.0,844,3902,0,10,-3
270,38.64,33465,408.51,408.38,-0.13,-15.0,-11.2,0.0,-0.2,-3.6,-0.0,869,3938,0,14,-3
271,38.73,33463,408.48,408.37,-0.11,-13.1,-9.2,0.0,-0.0,-3.9,-0.0,844,3910,0,12,-4
272,38.90,33463,408.48,408.35,-0.13,-14.7,-11.2,0.0,0.0,-3.5,-0.0,844,3907,0,14,-4
273,38.99,33460,408.45,408.35,-0.10,-11.9,-8.2,0.0,0.1,-3.8,-0.0,807,3868,0,11,-4
274,39.16,33460,408.45,408.33,-0.12,-14.0,-10.2,0.0,-0.1,-3.6,-0.0,807,3875,0,13,-5
275,39.33,33460,408.45,408.31,-0.13,-14.7,-11.2,0.0,0.0,-3.5,-0.0,807,3872,0,13,-5
276,39.41,33460,408.45,408.30,-0.15,-16.2,-12.3,0.0,-0.1,-3.8,-0.0,807,3874,0,15,-5
277,39.58,33459,408.44,408.29,-0.15,-15.8,-12.3,0.0,-0.0,-3.5,-0.0,794,3860,0,14,-5
278,39.74,33459,408.44,408.27,-0.16,-17.0,-13.3,0.0,-0.2,-3.5,-0.0,794,3865,0,15,-6
279,39.91,33459,408.44,408.25,-0.18,-19.3,-15.3,0.0,-0.2,-3.7,-0.0,794,3864,0,18,-7
280,40.00,33457,408.41,408.25,-0.17,-18.3,-14.3,0.0,-0.1,-3.8,-0.0,769,3836,0,16,-7
281,40.17,33457,408.41,408.23,-0.18,-19.0,-15.3,0.0,-0.1,-3.6,-0.0,769,3835,0,17,-7
282,40.34,33455,408.39,408.21,-0.17,-18.1,-14.3,0.0,-0.0,-3.7,-0.0,744,3810,0,16,-7
283,40.43,33455,408.39,408.20,-0.18,-19.4,-15.3,0.0,-0.1,-4.0,-0.0,744,3810,0,17,-8
284,40.59,33455,408.39,408.19,-0.20,-20.2,-16.4,0.0,-0.0,-3.7,-0.0,744,3810,0,18,-8
285,40.75,33453,408.36,408.17,-0.20,-20.0,-16.4,0.0,-0.0,-3.6,-0.0,719,3784,0,17,-9
286,40.91,33451,408.34,408.15,-0.18,-19.0,-15.3,0.0,-0.0,-3.6,-0.0,694,3760,0,16,-9
287,41.01,33451,408.34,408.14,-0.20,-20.6,-16.4,0.0,-0.1,-4.1,-0.0,694,3759,0,17,-10
288,41.17,33451,408.34,408.13,-0.21,-21.1,-17.4,0.0,-0.0,-3.7,-0.0,694,3760,0,18,-10
289,41.33,33449,408.31,408.11,-0.21,-21.2,-17.4,0.0,-0.1,-3.8,-0.0,669,3735,0,17,-11
290,41.42,33447,408.29,408.10,-0.18,-19.2,-15.3,0.0,0.0,-3.9,-0.0,644,3707,0,15,-10
291,41.58,33446,408.28,408.08,-0.20,-20.1,-16.4,0.0,-0.0,-3.7,-0.0,632,3697,0,16,-11
292,41.75,33446,408.28,408.07,-0.21,-21.3,-17.4,0.0,0.0,-3.9,-0.0,632,3696,0,17,-12
293,41.91,33444,408.25,408.05,-0.21,-21.0,-17.4,0.0,0.0,-3.7,-0.0,607,3669,0,16,-12
294,42.00,33441,408.22,408.04,-0.17,-18.2,-14.3,0.0,0.1,-4.0,-0.0,569,3628,0,13,-12
295,42.16,33441,408.22,408.02,-0.20,-20.2,-16.4,0.0,-0.0,-3.8,-0.0,569,3633,0,15,-13
296,42.33,33440,408.20,408.01,-0.20,-20.1,-16.4,0.0,0.0,-3.8,-0.0,557,3620,0,15,-13
297,42.41,33439,408.19,408.00,-0.20,-20.3,-16.4,0.0,0.0,-4.0,-0.0,544,3605,0,14,-13
298,42.58,33435,408.14,407.98,-0.16,-17.1,-13.3,0.0,0.2,-4.0,-0.0,494,3552,0,11,-12
299,42.75,33436,408.15,407.96,-0.20,-20.2,-16.4,0.0,-0.0,-3.8,-0.0,507,3572,0,14,-14
300,42.91,33432,408.11,407.94,-0.16,-16.9,-13.3,0.0,0.1,-3.7,-0.0,457,3516,0,10,-13
301,43.00,33430,408.08,407.93,-0.15,-16.1,-12.3,0.0,0.2,-4.0,-0.0,432,3489,0,9,-13
302,43.17,33429,408.07,407.92,-0.16,-17.1,-13.3,0.0,0.1,-3.9,-0.0,419,3479,0,10,-13
303,43.34,33428,408.06,407.90,-0.16,-17.3,-13.3,0.0,0.0,-4.1,-0.0,407,3468,0,10,-14
304,43.43,33428,408.06,407.89,-0.17,-18.7,-14.3,0.0,0.1,-4.5,-0.0,407,3466,0,10,-15
305,43.60,33424,408.01,407.87,-0.13,-15.2,-11.2,0.0,0.1,-4.0,-0.0,357,3417,0,7,-13
306,43.76,33422,407.98,407.85,-0.13,-15.0,-11.2,0.0,0.1,-3.8,-0.0,332,3393,0,7,-13
307,43.85,33422,407.98,407.84,-0.15,-16.4,-12.3,0.0,0.0,-4.2,-0.0,332,3393,0,8,-14
308,44.02,33418,407.93,407.82,-0.11,-12.9,-9.2,0.0,0.2,-3.9,-0.0,282,3340,0,5,-11
309,44.19,33417,407.92,407.80,-0.12,-14.0,-10.2,0.0,0.1,-3.9,-0.0,269,3328,0,5,-13
310,44.27,33415,407.90,407.80,-0.10,-12.3,-8.2,0.0,0.1,-4.2,-0.0,244,3302,0,4,-11
311,44.44,33415,407.90,407.78,-0.12,-14.3,-10.2,0.0,0.0,-4.1,-0.0,244,3306,0,5,-13
312,44.60,33413,407.87,407.76,-0.11,-13.1,-9.2,0.0,0.1,-4.0,-0.0,219,3279,0,4,-12
313,44.70,33409,407.82,407.75,-0.07,-10.5,-6.1,0.0,0.1,-4.5,-0.0,169,3227,0,2,-10
314,44.86,33408,407.81,407.73,-0.09,-11.0,-7.2,0.0,0.1,-3.9,-0.0,157,3216,0,2,-10
315,45.03,33406,407.79,407.71,-0.07,-10.0,-6.1,0.0,0.1,-4.0,-0.0,132,3191,0,2,-9
316,45.20,33403,407.75,407.69,-0.06,-9.0,-5.1,0.0,0.3,-4.2,-0.0,94,3148,0,1,-9
317,45.29,33401,407.73,407.68,-0.05,-8.2,-4.1,0.0,0.2,-4.3,-0.0,69,3123,0,1,-8
318,45.46,33400,407.71,407.66,-0.05,-8.0,-4.1,0.0,0.1,-4.1,-0.0,57,3116,0,1,-8
319,45.62,33398,407.69,407.64,-0.05,-8.1,-4.1,0.0,0.1,-4.1,-0.0,32,3091,0,0,-8
320,45.70,33398,407.69,407.63,-0.06,-8.9,-5.1,0.0,0.0,-3.9,-0.0,32,3093,0,0,-9
321,45.87,33395,407.65,407.61,-0.04,-7.1,-3.1,0.0,0.1,-4.2,-0.0,4090,3054,0,0,-7
322,46.05,33394,407.64,407.60,-0.05,-8.4,-4.1,0.0,0.0,-4.4,-0.0,4078,3043,0,0,-8
323,46.13,33394,407.64,407.58,-0.06,-9.8,-5.1,0.0,-0.0,-4.7,-0.0,4078,3044,0,0,-10
324,46.30,33394,407.64,407.57,-0.07,-10.4,-6.1,0.0,-0.1,-4.2,-0.0,4078,3048,0,0,-10
325,46.47,33389,407.58,407.55,-0.04,-7.2,-3.1,0.0,0.0,-4.2,-0.0,4015,2979,0,-1,-7
326,46.56,33388,407.57,407.54,-0.04,-7.7,-3.1,0.0,0.0,-4.6,-0.0,4003,2968,0,-1,-7
327,46.71,33389,407.58,407.52,-0.06,-9.2,-5.1,0.0,-0.0,-4.0,-0.0,4015,2984,0,-1,-9
328,46.87,33388,407.57,407.50,-0.07,-10.3,-6.1,0.0,-0.0,-4.1,-0.0,4003,2970,0,-2,-10
329,47.04,33388,407.57,407.48,-0.09,-11.4,-7.2,0.0,-0.0,-4.2,-0.0,4003,2972,0,-2,-11
330,47.13,33386,407.54,407.47,-0.07,-10.7,-6.1,0.0,-0.1,-4.4,-0.0,3978,2949,0,-2,-10
331,47.29,33386,407.54,407.45,-0.10,-12.6,-8.2,0.0,-0.2,-4.2,-0.0,3978,2951,0,-2,-12
332,47.46,33383,407.51,407.43,-0.07,-10.4,-6.1,0.0,0.0,-4.3,-0.0,3940,2907,0,-3,-10
333,47.62,33384,407.52,407.41,-0.11,-13.8,-9.2,0.0,-0.1,-4.5,-0.0,3953,2923,0,-3,-13
334,47.71,33382,407.50,407.40,-0.10,-12.9,-8.2,0.0,-0.0,-4.7,-0.0,3928,2894,0,-3,-12
335,47.89,33381,407.48,407.38,-0.11,-13.8,-9.2,0.0,-0.1,-4.5,-0.0,3915,2883,0,-4,-13
336,48.04,33380,407.47,407.36,-0.11,-13.7,-9.2,0.0,-0.1,-4.4,-0.0,3903,2875,0,-4,-13
337,48.13,33381,407.48,407.35,-0.13,-16.2,-11.2,0.0,-0.2,-4.7,-0.0,3915,2888,0,-4,-15
338,48.30,33378,407.45,407.33,-0.12,-14.7,-10.2,0.0,-0.0,-4.4,-0.0,3878,2845,0,-5,-13
339,48.46,33377,407.43,407.31,-0.12,-14.5,-10.2,0.0,-0.0,-4.2,-0.0,3865,2834,0,-5,-13
340,48.62,33376,407.42,407.29,-0.13,-15.7,-11.2,0.0,-0.1,-4.3,-0.0,3853,2823,0,-6,-14
341,48.70,33376,407.42,407.28,-0.15,-16.9,-12.3,0.0,-0.1,-4.5,-0.0,3853,2823,0,-6,-15
342,48.87,33377,407.43,407.26,-0.17,-18.8,-14.3,0.0,-0.2,-4.3,-0.0,3865,2838,0,-6,-17
343,49.04,33374,407.40,407.24,-0.16,-17.9,-13.3,0.0,-0.2,-4.4,-0.0,3828,2800,0,-7,-16
344,49.13,33375,407.41,407.23,-0.18,-20.5,-15.3,0.0,-0.2,-5.0,-0.0,3840,2813,0,-8,-18
345,49.29,33374,407.40,407.21,-0.20,-20.8,-16.4,0.0,-0.2,-4.2,-0.0,3828,2801,0,-8,-18
346,49.45,33372,407.37,407.19,-0.18,-19.8,-15.3,0.0,-0.0,-4.4,-0.0,3803,2772,0,-9,-17
347,49.62,33370,407.35,407.17,-0.18,-19.9,-15.3,0.0,-0.1,-4.4,-0.0,3778,2748,0,-9,-17
348,49.70,33370,407.35,407.16,-0.20,-20.9,-16.4,0.0,-0.1,-4.4,-0.0,3778,2748,0,-10,-18
349,49.86,33373,407.39,407.14,-0.24,-25.1,-20.5,0.0,-0.2,-4.4,-0.0,3815,2789,0,-10,-22
350,50.03,33367,407.31,407.12,-0.20,-21.0,-16.4,0.0,0.0,-4.6,-0.0,3740,2705,0,-11,-17
351,50.12,33365,407.29,407.10,-0.18,-20.2,-15.3,0.0,0.0,-4.8,-0.0,3715,2680,0,-11,-16
352,50.28,33365,407.29,407.08,-0.21,-22.0,-17.4,0.0,-0.1,-4.6,-0.0,3715,2684,0,-12,-18
353,50.45,33362,407.25,407.06,-0.18,-19.7,-15.3,0.0,0.2,-4.6,-0.0,3678,2639,0,-12,-15
354,50.54,33361,407.24,407.05,-0.18,-20.1,-15.3,0.0,0.2,-5.0,-0.0,3665,2622,0,-12,-15
355,50.70,33362,407.25,407.03,-0.22,-23.3,-18.4,0.0,-0.1,-4.8,-0.0,3678,2646,0,-14,-18
356,50.86,33362,407.25,407.01,-0.24,-25.0,-20.5,0.0,-0.2,-4.4,-0.0,3678,2650,0,-15,-19
357,51.04,33359,407.21,406.99,-0.23,-24.5,-19.4,0.0,-0.1,-5.0,-0.0,3640,2608,0,-16,-18
358,51.13,33359,407.21,406.98,-0.23,-24.7,-19.4,0.0,-0.2,-5.1,-0.0,3640,2611,0,-16,-18
359,51.28,33354,407.15,406.96,-0.20,-20.9,-16.4,0.0,0.0,-4.6,-0.0,3578,2544,0,-15,-14
360,51.45,33351,407.12,406.94,-0.18,-19.7,-15.3,0.0,0.2,-4.5,-0.0,3540,2500,0,-15,-12
361,51.61,33349,407.09,406.91,-0.18,-19.6,-15.3,0.0,0.2,-4.5,-0.0,3515,2475,0,-15,-12
362,51.69,33349,407.09,406.90,-0.18,-19.7,-15.3,0.0,0.2,-4.5,-0.0,3515,2476,0,-15,-12
363,51.86,33348,407.08,406.88,-0.20,-21.1,-16.4,0.0,0.1,-4.9,-0.0,3503,2465,0,-16,-12
364,52.03,33344,407.03,406.86,-0.17,-19.3,-14.3,0.0,0.0,-5.0,-0.0,3453,2418,0,-16,-10
365,52.11,33343,407.02,406.85,-0.17,-18.8,-14.3,0.0,0.0,-4.6,-0.0,3440,2404,0,-16,-9
366,52.27,33340,406.98,406.83,-0.16,-17.8,-13.3,0.0,0.1,-4.6,-0.0,3403,2366,0,-15,-8
367,52.45,33338,406.96,406.81,-0.15,-17.0,-12.3,0.0,0.1,-4.9,-0.0,3378,2339,0,-15,-7
368,52.62,33335,406.92,406.78,-0.13,-15.7,-11.2,0.0,0.1,-4.6,-0.0,3340,2302,0,-14,-6
369,52.70,33333,406.90,406.77,-0.12,-15.5,-10.2,0.0,0.2,-5.4,-0.0,3315,2273,0,-14,-5
370,52.87,33333,406.90,406.75,-0.15,-17.1,-12.3,0.0,0.0,-4.9,-0.0,3315,2279,0,-16,-6
371,53.03,33330,406.86,406.73,-0.13,-15.9,-11.2,0.0,0.1,-4.7,-0.0,3278,2241,0,-15,-4
372,53.12,33329,406.85,406.72,-0.13,-16.3,-11.2,0.0,0.0,-5.1,-0.0,3265,2227,0,-15,-4
373,53.29,33327,406.82,406.70,-0.13,-16.0,-11.2,0.0,0.0,-4.8,-0.0,3240,2204,0,-15,-4
374,53.44,33323,406.77,406.67,-0.10,-12.8,-8.2,0.0,0.1,-4.8,-0.0,3190,2151,0,-12,-2
375,53.61,33321,406.75,406.65,-0.10,-12.9,-8.2,0.0,0.1,-4.9,-0.0,3165,2126,0,-12,-1
376,53.69,33321,406.75,406.64,-0.11,-13.6,-9.2,0.0,0.1,-4.5,-0.0,3165,2128,0,-13,-2
377,53.85,33317,406.70,406.62,-0.09,-11.9,-7.2,0.0,0.2,-5.0,-0.0,3115,2074,0,-12,0
378,54.03,33316,406.69,406.60,-0.10,-13.4,-8.2,0.0,0.1,-5.3,-0.0,3103,2063,0,-13,0
379,54.11,33316,406.69,406.58,-0.11,-14.2,-9.2,0.0,-0.0,-5.0,-0.0,3103,2068,0,-14,0
380,54.28,33312,406.64,406.56,-0.07,-11.0,-6.1,0.0,0.1,-4.9,-0.0,3053,2016,0,-11,1
381,54.45,33310,406.62,406.54,-0.07,-11.0,-6.1,0.0,0.1,-4.9,-0.0,3028,1991,0,-11,1
382,54.62,33308,406.59,406.52,-0.07,-10.8,-6.1,0.0,0.1,-4.8,-0.0,3003,1966,0,-10,1
383,54.69,33308,406.59,406.51,-0.09,-11.9,-7.2,0.0,0.0,-4.8,-0.0,3003,1967,0,-11,1
384,54.86,33303,406.53,406.48,-0.05,-8.7,-4.1,0.0,0.1,-4.7,-0.0,2940,1902,0,-8,2
385,55.03,33302,406.52,406.46,-0.06,-10.0,-5.1,0.0,0.1,-5.0,-0.0,2928,1889,0,-9,2
386,55.12,33300,406.49,406.45,-0.05,-9.5,-4.1,0.0,0.1,-5.5,-0.0,2903,1863,0,-9,3
387,55.29,33294,406.42,406.42,0.00,-4.7,0.0,0.0,0.3,-4.9,-0.0,2828,1784,0,-4,2
388,55.45,33294,406.42,406.40,-0.02,-6.8,-2.0,0.0,0.1,-4.9,-0.0,2828,1788,0,-6,3
389,55.54,33294,406.42,406.39,-0.04,-8.4,-3.1,0.0,0.0,-5.4,-0.0,2828,1790,0,-8,3
390,55.71,33291,406.38,406.36,-0.02,-7.1,-2.0,0.0,0.1,-5.1,-0.0,2790,1750,0,-6,3
391,55.88,33291,406.38,406.34,-0.05,-9.2,-4.1,0.0,-0.1,-5.1,-0.0,2790,1757,0,-8,4
392,55.97,33290,406.37,406.33,-0.05,-9.6,-4.1,0.0,-0.2,-5.3,-0.0,2778,1748,0,-8,4
393,56.13,33287,406.34,406.31,-0.02,-7.1,-2.0,0.0,0.0,-5.1,-0.0,2740,1706,0,-6,3
394,56.30,33286,406.32,406.28,-0.04,-8.3,-3.1,0.0,-0.0,-5.2,-0.0,2728,1695,0,-7,4
395,56.46,33284,406.30,406.26,-0.04,-8.3,-3.1,0.0,0.0,-5.2,-0.0,2703,1668,0,-7,4
396,56.54,33285,406.31,406.25,-0.06,-10.6,-5.1,0.0,-0.0,-5.5,-0.0,2715,1681,0,-9,5
397,56.71,33284,406.30,406.22,-0.07,-11.5,-6.1,0.0,-0.0,-5.3,-0.0,2703,1670,0,-9,6
398,56.88,33283,406.29,406.20,-0.09,-12.6,-7.2,0.0,-0.2,-5.2,-0.0,2690,1660,0,-10,7
399,57.04,33282,406.27,406.18,-0.10,-13.6,-8.2,0.0,-0.3,-5.2,-0.0,2678,1651,0,-11,8
400,57.12,33279,406.24,406.16,-0.07,-11.9,-6.1,0.0,-0.1,-5.6,-0.0,2640,1608,0,-9,7
401,57.29,33279,406.24,406.14,-0.10,-13.6,-8.2,0.0,-0.1,-5.3,-0.0,2640,1607,0,-10,8
402,57.45,33277,406.21,406.12,-0.10,-13.4,-8.2,0.0,-0.0,-5.2,-0.0,2615,1580,0,-10,9
403,57.53,33277,406.21,406.11,-0.11,-14.7,-9.2,0.0,-0.1,-5.4,-0.0,2615,1582,0,-11,9
404,57.70,33277,406.21,406.08,-0.13,-16.5,-11.2,0.0,-0.1,-5.1,-0.0,2615,1584,0,-12,10
405,57.86,33275,406.19,406.06,-0.13,-16.6,-11.2,0.0,-0.2,-5.2,-0.0,2590,1560,0,-12,11
406,58.03,33275,406.19,406.03,-0.16,-18.9,-13.3,0.0,-0.2,-5.4,-0.0,2590,1560,0,-13,12
407,58.12,33276,406.20,406.02,-0.18,-21.0,-15.3,0.0,-0.3,-5.4,-0.0,2603,1577,0,-15,13
408,58.28,33272,406.15,406.00,-0.16,-18.5,-13.3,0.0,-0.1,-5.1,-0.0,2553,1522,0,-12,13
409,58.45,33271,406.14,405.97,-0.17,-19.9,-14.3,0.0,-0.2,-5.4,-0.0,2540,1510,0,-13,14
410,58.61,33270,406.13,405.95,-0.18,-20.8,-15.3,0.0,-0.2,-5.3,-0.0,2528,1498,0,-13,15
411,58.68,33270,406.13,405.94,-0.20,-21.7,-16.4,0.0,-0.1,-5.2,-0.0,2528,1497,0,-14,16
412,58.85,33267,406.09,405.91,-0.17,-19.4,-14.3,0.0,-0.0,-5.1,-0.0,2490,1457,0,-12,15
413,59.02,33266,406.08,405.89,-0.20,-21.7,-16.4,0.0,-0.1,-5.3,-0.0,2478,1445,0,-13,17
414,59.10,33266,406.08,405.88,-0.21,-23.2,-17.4,0.0,-0.1,-5.7,-0.0,2478,1446,0,-14,18
415,59.27,33262,406.03,405.85,-0.18,-20.6,-15.3,0.0,0.0,-5.3,-0.0,2428,1392,0,-11,17
416,59.44,33259,405.99,405.83,-0.17,-19.4,-14.3,0.0,0.1,-5.2,-0.0,2390,1350,0,-9,16
417,59.61,33261,406.02,405.80,-0.22,-24.1,-18.4,0.0,-0.1,-5.6,-0.0,2415,1383,0,-12,20
418,59.70,33261,406.02,405.79,-0.23,-25.5,-19.4,0.0,-0.1,-5.9,-0.0,2415,1383,0,-13,21
419,59.87,33255,405.94,405.76,-0.18,-20.8,-15.3,0.0,0.0,-5.5,-0.0,2340,1303,0,-8,18
420,60.03,33256,405.96,405.74,-0.22,-24.2,-18.4,0.0,-0.2,-5.5,-0.0,2353,1325,0,-10,21
421,60.12,33256,405.96,405.73,-0.23,-25.4,-19.4,0.0,-0.2,-5.7,-0.0,2353,1324,0,-11,22
422,60.29,33250,405.88,405.70,-0.18,-20.5,-15.3,0.0,0.1,-5.3,-0.0,2278,1238,0,-6,19
423,60.46,33250,405.88,405.67,-0.21,-22.8,-17.4,0.0,0.0,-5.5,-0.0,2278,1241,0,-7,21
424,60.54,33248,405.86,405.66,-0.20,-22.2,-16.4,0.0,-0.0,-5.8,-0.0,2253,1218,0,-6,21
425,60.71,33243,405.80,405.64,-0.16,-18.7,-13.3,0.0,0.2,-5.6,-0.0,2190,1147,0,-3,18
426,60.87,33240,405.76,405.61,-0.15,-17.3,-12.3,0.0,0.2,-5.2,-0.0,2153,1111,0,-2,17
427,60.96,33240,405.76,405.60,-0.16,-19.2,-13.3,0.0,0.1,-6.0,-0.0,2153,1113,0,-3,18
428,61.12,33234,405.69,405.57,-0.11,-14.2,-9.2,0.0,0.4,-5.4,-0.0,2078,1031,0,0,14
429,61.29,33232,405.66,405.55,-0.12,-15.5,-10.2,0.0,0.2,-5.5,-0.0,2053,1010,0,0,15
430,61.46,33228,405.62,405.52,-0.10,-13.4,-8.2,0.0,0.1,-5.4,-0.0,2003,962,0,1,13
431,61.55,33227,405.60,405.51,-0.10,-14.0,-8.2,0.0,0.2,-6.0,-0.0,1990,945,0,2,14
432,61.72,33225,405.58,405.48,-0.10,-13.9,-8.2,0.0,0.1,-5.8,-0.0,1965,924,0,2,13
433,61.88,33224,405.57,405.46,-0.11,-14.6,-9.2,0.0,0.1,-5.5,-0.0,1953,915,0,2,14
434,61.98,33224,405.57,405.44,-0.12,-16.3,-10.2,0.0,0.0,-6.1,-0.0,1953,916,0,3,16
435,62.15,33217,405.48,405.42,-0.06,-10.4,-5.1,0.0,0.1,-5.5,-0.0,1865,826,0,3,10
436,62.31,33213,405.43,405.39,-0.04,-8.4,-3.1,0.0,0.2,-5.5,-0.0,1815,774,0,3,8
437,62.40,33213,405.43,405.38,-0.06,-11.0,-5.1,0.0,0.1,-6.0,-0.0,1815,772,0,4,10
438,62.57,33210,405.40,405.35,-0.05,-9.5,-4.1,0.0,0.2,-5.6,-0.0,1778,734,0,4,8
439,62.73,33206,405.35,405.32,-0.02,-7.4,-2.0,0.0,0.2,-5.6,-0.0,1728,683,0,4,6
440,62.81,33206,405.35,405.31,-0.04,-8.8,-3.1,0.0,0.1,-5.8,-0.0,1728,687,0,4,7
441,62.99,33205,405.33,405.28,-0.05,-10.1,-4.1,0.0,-0.0,-6.0,-0.0,1715,679,0,5,8
442,63.16,33201,405.29,405.26,-0.02,-7.7,-2.0,0.0,0.1,-5.8,-0.0,1665,624,0,4,6
443,63.24,33199,405.26,405.24,-0.01,-7.0,-1.0,0.0,0.1,-6.1,-0.0,1640,599,0,4,5
444,63.41,33197,405.24,405.22,-0.02,-7.7,-2.0,0.0,0.0,-5.7,-0.0,1615,578,0,5,6
445,63.57,33195,405.21,405.19,-0.02,-7.8,-2.0,0.0,0.0,-5.8,-0.0,1590,551,0,5,6
446,63.74,33194,405.20,405.16,-0.04,-8.9,-3.1,0.0,0.0,-5.9,-0.0,1578,539,0,6,6
447,63.83,33192,405.18,405.15,-0.02,-8.1,-2.0,0.0,0.0,-6.1,-0.0,1553,515,0,6,6
448,63.99,33191,405.16,405.12,-0.04,-8.7,-3.1,0.0,-0.1,-5.5,-0.0,1540,507,0,6,6
449,64.15,33191,405.16,405.10,-0.06,-11.1,-5.1,0.0,-0.1,-5.8,-0.0,1540,508,0,8,8
450,64.31,33190,405.15,405.07,-0.07,-12.0,-6.1,0.0,-0.1,-5.7,-0.0,1528,497,0,8,8
451,64.40,33190,405.15,405.06,-0.10,-14.5,-8.2,0.0,-0.2,-6.1,-0.0,1528,498,0,10,10
452,64.56,33186,405.10,405.03,-0.07,-12.0,-6.1,0.0,-0.2,-5.7,-0.0,1478,447,0,9,7
453,64.73,33186,405.10,405.01,-0.10,-14.1,-8.2,0.0,-0.2,-5.8,-0.0,1478,447,0,11,9
454,64.81,33186,405.10,404.99,-0.11,-15.6,-9.2,0.0,-0.2,-6.2,-0.0,1478,446,0,12,10
455,64.98,33182,405.05,404.97,-0.09,-12.9,-7.2,0.0,-0.0,-5.7,-0.0,1428,392,0,10,7
456,65.14,33183,405.07,404.94,-0.12,-16.1,-10.2,0.0,-0.2,-5.7,-0.0,1440,410,0,13,9
457,65.32,33183,405.07,404.91,-0.16,-20.0,-13.3,0.0,-0.3,-6.4,-0.0,1440,411,0,16,11
458,65.40,33184,405.08,404.90,-0.18,-22.0,-15.3,0.0,-0.3,-6.3,-0.0,1453,426,0,17,13
459,65.57,33181,405.04,404.87,-0.17,-20.6,-14.3,0.0,-0.2,-6.0,-0.0,1415,385,0,17,11
460,65.74,33178,405.00,404.84,-0.16,-19.3,-13.3,0.0,-0.2,-5.9,-0.0,1378,347,0,16,10
461,65.83,33177,404.99,404.83,-0.17,-21.2,-14.3,0.0,-0.2,-6.7,-0.0,1365,331,0,18,10
462,66.00,33177,404.99,404.80,-0.20,-22.3,-16.4,0.0,-0.1,-5.8,-0.0,1365,332,0,19,11
463,66.17,33176,404.98,404.77,-0.21,-23.3,-17.4,0.0,-0.1,-5.8,-0.0,1353,321,0,20,11
464,66.25,33176,404.98,404.76,-0.22,-25.1,-18.4,0.0,-0.2,-6.5,-0.0,1353,321,0,21,11
465,66.42,33175,404.97,404.73,-0.24,-26.8,-20.5,0.0,-0.3,-6.0,-0.0,1340,312,0,23,12
466,66.59,33175,404.97,404.70,-0.27,-29.1,-22.5,0.0,-0.3,-6.2,-0.0,1340,313,0,25,13
467,66.67,33175,404.97,404.69,-0.28,-30.1,-23.5,0.0,-0.3,-6.2,-0.0,1340,313,0,26,13
468,66.84,33171,404.92,404.66,-0.26,-27.4,-21.5,0.0,-0.2,-5.8,-0.0,1290,259,0,25,10
469,67.01,33170,404.91,404.63,-0.28,-29.6,-23.5,0.0,-0.1,-6.0,-0.0,1278,245,0,27,11
470,67.09,33170,404.91,404.62,-0.29,-31.4,-24.5,0.0,-0.2,-6.7,-0.0,1278,246,0,28,11
471,67.26,33168,404.88,404.59,-0.29,-30.6,-24.5,0.0,-0.1,-6.0,-0.0,1253,219,0,28,10
472,67.42,33166,404.86,404.56,-0.29,-30.7,-24.5,0.0,-0.1,-6.0,-0.0,1228,194,0,28,9
473,67.59,33165,404.85,404.53,-0.32,-32.9,-26.6,0.0,-0.2,-6.1,-0.0,1215,184,0,31,9
474,67.68,33165,404.85,404.52,-0.33,-34.2,-27.6,0.0,-0.2,-6.4,-0.0,1215,183,0,32,9
475,67.84,33164,404.83,404.49,-0.34,-34.8,-28.6,0.0,-0.1,-6.1,-0.0,1203,170,0,33,9
476,68.02,33159,404.77,404.46,-0.32,-33.7,-26.6,0.0,-0.2,-6.9,-0.0,1140,106,0,32,5
477,68.11,33156,404.74,404.44,-0.29,-31.0,-24.5,0.0,0.0,-6.5,-0.0,1103,64,0,30,3
478,68.28,33156,404.74,404.42,-0.32,-32.9,-26.6,0.0,0.0,-6.3,-0.0,1103,66,0,32,3
479,68.45,33151,404.68,404.39,-0.29,-30.8,-24.5,0.0,0.2,-6.4,-0.0,1040,4091,0,30,0
480,68.54,33148,404.64,404.37,-0.27,-29.0,-22.5,0.0,0.3,-6.7,-0.0,1003,4050,0,28,-2
481,68.71,33142,404.57,404.34,-0.22,-24.4,-18.4,0.0,0.4,-6.3,-0.0,928,3975,0,23,-4
482,68.87,33141,404.55,404.31,-0.24,-26.5,-20.5,0.0,0.2,-6.2,-0.0,915,3965,0,25,-5
483,68.96,33140,404.54,404.30,-0.24,-27.0,-20.5,0.0,0.3,-6.8,-0.0,903,3950,0,25,-6
484,69.13,33137,404.50,404.27,-0.23,-25.6,-19.4,0.0,0.2,-6.4,-0.0,865,3916,0,24,-7
485,69.31,33132,404.44,404.24,-0.21,-24.0,-17.4,0.0,0.1,-6.7,-0.0,803,3855,0,22,-8
486,69.39,33130,404.42,404.22,-0.20,-23.1,-16.4,0.0,0.1,-6.8,-0.0,778,3831,0,21,-9
487,69.55,33128,404.39,404.19,-0.20,-22.2,-16.4,0.0,0.2,-6.0,-0.0,753,3807,0,19,-9
488,69.72,33119,404.28,404.17,-0.12,-16.1,-10.2,0.0,0.4,-6.2,-0.0,640,3686,0,13,-9
489,69.81,33119,404.28,404.15,-0.13,-17.8,-11.2,0.0,0.4,-6.9,-0.0,640,3683,0,14,-10
490,69.98,33116,404.25,404.12,-0.12,-16.7,-10.2,0.0,0.3,-6.8,-0.0,603,3650,0,13,-10
491,70.15,33108,404.15,404.09,-0.06,-10.8,-5.1,0.0,0.5,-6.2,-0.0,503,3546,0,7,-8
492,70.23,33107,404.14,404.08,-0.06,-11.4,-5.1,0.0,0.5,-6.8,-0.0,490,3529,0,7,-8
493,70.39,33104,404.10,404.05,-0.05,-9.9,-4.1,0.0,0.3,-6.1,-0.0,453,3504,0,6,-8
494,70.56,33101,404.06,404.02,-0.05,-10.0,-4.1,0.0,0.3,-6.2,-0.0,415,3463,0,5,-8
495,70.73,33095,403.99,403.99,0.00,-5.8,0.0,0.0,0.4,-6.2,-0.0,340,3387,0,3,-5
496,70.81,33095,403.99,403.97,-0.01,-7.6,-1.0,0.0,0.2,-6.7,-0.0,340,3392,0,3,-6
497,70.97,33092,403.96,403.95,-0.01,-7.1,-1.0,0.0,0.2,-6.2,-0.0,303,3355,0,3,-6
498,71.14,33087,403.89,403.92,0.02,-4.1,2.0,0.0,0.2,-6.3,-0.0,240,3291,0,1,-4
499,71.23,33085,403.87,403.90,0.02,-4.9,2.0,0.0,0.3,-7.2,-0.0,215,3261,0,1,-5
500,71.40,33085,403.87,403.87,0.00,-6.5,0.0,0.0,0.0,-6.5,-0.0,215,3272,0,2,-6
501,71.56,33079,403.80,403.84,0.05,-2.2,4.1,0.0,0.3,-6.6,-0.0,140,3188,0,0,-2
502,71.73,33074,403.74,403.81,0.07,-0.0,6.1,0.0,0.2,-6.4,-0.0,78,3128,0,0,0
503,71.82,33074,403.74,403.79,0.06,-1.8,5.1,0.0,0.1,-7.1,-0.0,78,3129,0,0,-2
504,72.00,33072,403.71,403.76,0.05,-2.6,4.1,0.0,0.1,-6.9,-0.0,53,3105,0,0,-3
505,72.09,33071,403.70,403.75,0.05,-2.9,4.1,0.0,0.2,-7.2,-0.0,40,3090,0,0,-3
506,72.25,33068,403.66,403.72,0.05,-2.4,4.1,0.0,0.0,-6.4,-0.0,3,3059,0,0,-2
507,72.42,33067,403.65,403.69,0.04,-3.5,3.1,0.0,-0.1,-6.5,-0.0,4086,3052,0,0,-3
508,72.58,33062,403.59,403.66,0.07,-0.2,6.1,0.0,0.1,-6.5,-0.0,4024,2983,0,0,0
509,72.67,33060,403.56,403.64,0.07,-1.2,6.1,0.0,0.1,-7.5,-0.0,3999,2955,0,0,-1
510,72.84,33060,403.56,403.61,0.05,-2.5,4.1,0.0,0.0,-6.6,-0.0,3999,2959,0,0,-2
511,73.00,33058,403.54,403.58,0.04,-3.4,3.1,0.0,0.0,-6.5,-0.0,3974,2935,0,-1,-3
512,73.09,33058,403.54,403.57,0.02,-5.3,2.0,0.0,-0.0,-7.3,-0.0,3974,2935,0,-1,-5
513,73.25,33053,403.48,403.53,0.06,-1.5,5.1,0.0,-0.0,-6.5,-0.0,3911,2874,0,0,-1
514,73.42,33053,403.48,403.50,0.02,-4.6,2.0,0.0,-0.1,-6.6,-0.0,3911,2877,0,-1,-4
515,73.58,33053,403.48,403.47,0.00,-6.8,0.0,0.0,-0.2,-6.6,-0.0,3911,2878,0,-2,-6
516,73.67,33053,403.48,403.46,-0.02,-9.3,-2.0,0.0,-0.2,-7.0,-0.0,3911,2879,0,-3,-9
517,73.83,33048,403.42,403.43,0.01,-5.8,1.0,0.0,-0.0,-6.8,-0.0,3849,2811,0,-2,-5
518,74.01,33051,403.45,403.40,-0.06,-12.5,-5.1,0.0,-0.4,-7.0,-0.0,3886,2859,0,-4,-11
519,74.09,33050,403.44,403.38,-0.06,-12.7,-5.1,0.0,-0.3,-7.3,-0.0,3874,2845,0,-4,-12
520,74.26,33046,403.39,403.35,-0.05,-10.8,-4.1,0.0,-0.2,-6.5,-0.0,3824,2790,0,-4,-9
521,74.43,33050,403.44,403.32,-0.12,-17.4,-10.2,0.0,-0.3,-6.9,-0.0,3874,2846,0,-6,-16
522,74.52,33047,403.41,403.30,-0.11,-16.8,-9.2,0.0,-0.4,-7.1,-0.0,3836,2810,0,-6,-15
523,74.69,33045,403.38,403.27,-0.11,-16.5,-9.2,0.0,-0.2,-7.1,-0.0,3811,2778,0,-7,-14
524,74.85,33042,403.34,403.24,-0.11,-16.2,-9.2,0.0,-0.3,-6.7,-0.0,3774,2744,0,-8,-14
525,74.94,33042,403.34,403.22,-0.12,-17.6,-10.2,0.0,-0.3,-7.1,-0.0,3774,2744,0,-8,-15
526,75.11,33042,403.34,403.19,-0.16,-19.9,-13.3,0.0,-0.1,-6.5,-0.0,3774,2739,0,-9,-17
527,75.28,33040,403.32,403.16,-0.16,-20.5,-13.3,0.0,-0.2,-6.9,-0.0,3749,2717,0,-10,-17
528,75.43,33037,403.28,403.13,-0.16,-20.2,-13.3,0.0,-0.1,-6.7,-0.0,3711,2677,0,-11,-16
529,75.52,33037,403.28,403.11,-0.17,-22.0,-14.3,0.0,-0.2,-7.4,-0.0,3711,2679,0,-12,-18
530,75.69,33035,403.26,403.08,-0.18,-22.5,-15.3,0.0,-0.2,-7.0,-0.0,3686,2651,0,-13,-17
531,75.86,33035,403.26,403.05,-0.21,-24.3,-17.4,0.0,-0.2,-6.8,-0.0,3686,2653,0,-14,-19
532,75.95,33033,403.23,403.03,-0.21,-25.1,-17.4,0.0,-0.2,-7.6,-0.0,3661,2626,0,-15,-19
533,76.11,33033,403.23,403.00,-0.23,-26.5,-19.4,0.0,-0.3,-6.8,-0.0,3661,2631,0,-16,-20
534,76.28,33033,403.23,402.97,-0.27,-30.0,-22.5,0.0,-0.3,-7.1,-0.0,3661,2631,0,-18,-23
535,76.36,33031,403.21,402.95,-0.26,-29.0,-21.5,0.0,-0.3,-7.3,-0.0,3636,2606,0,-18,-21
536,76.53,33027,403.16,402.92,-0.24,-27.3,-20.5,0.0,-0.1,-6.7,-0.0,3586,2551,0,-19,-18
537,76.70,33026,403.15,402.89,-0.26,-28.8,-21.5,0.0,-0.1,-7.2,-0.0,3574,2539,0,-20,-19
538,76.86,33024,403.12,402.86,-0.27,-29.8,-22.5,0.0,-0.0,-7.2,-0.0,3549,2511,0,-22,-19
539,76.95,33022,403.10,402.84,-0.26,-29.0,-21.5,0.0,0.0,-7.6,-0.0,3524,2482,0,-22,-17
540,77.12,33019,403.06,402.81,-0.26,-28.4,-21.5,0.0,0.0,-6.9,-0.0,3486,2447,0,-22,-16
541,77.30,33018,403.05,402.77,-0.28,-30.6,-23.5,0.0,-0.1,-6.9,-0.0,3474,2438,0,-24,-17
542,77.38,33017,403.04,402.76,-0.28,-31.7,-23.5,0.0,-0.1,-8.1,-0.0,3461,2422,0,-26,-17
543,77.55,33013,402.99,402.72,-0.27,-29.5,-22.5,0.0,0.0,-7.0,-0.0,3411,2371,0,-25,-14
544,77.72,33011,402.97,402.69,-0.28,-30.7,-23.5,0.0,-0.1,-7.1,-0.0,3386,2349,0,-27,-13
545,77.80,33010,402.95,402.67,-0.28,-30.9,-23.5,0.0,-0.1,-7.3,-0.0,3374,2336,0,-27,-13
546,77.97,33005,402.89,402.64,-0.26,-29.0,-21.5,0.0,0.1,-7.7,-0.0,3311,2267,0,-27,-9
547,78.14,33002,402.86,402.61,-0.24,-27.4,-20.5,0.0,0.0,-7.0,-0.0,3274,2234,0,-25,-7
548,78.23,32998,402.81,402.59,-0.22,-25.7,-18.4,0.0,0.2,-7.4,-0.0,3224,2177,0,-24,-5
549,78.39,32996,402.78,402.56,-0.22,-25.2,-18.4,0.0,0.2,-7.0,-0.0,3199,2153,0,-24,-4
550,78.56,32991,402.72,402.53,-0.20,-23.1,-16.4,0.0,0.3,-7.0,-0.0,3136,2087,0,-22,-1
551,78.72,32987,402.67,402.50,-0.18,-22.2,-15.3,0.0,0.3,-7.1,-0.0,3086,2036,0,-22,0
552,78.80,32985,402.65,402.48,-0.17,-21.1,-14.3,0.0,0.3,-7.0,-0.0,3061,2012,0,-20,1
553,78.97,32982,402.61,402.45,-0.17,-21.0,-14.3,0.0,0.1,-6.8,-0.0,3024,1981,0,-20,2
554,79.13,32976,402.54,402.42,-0.12,-16.8,-10.2,0.0,0.5,-7.1,-0.0,2949,1895,0,-16,4
555,79.29,32971,402.48,402.38,-0.10,-15.0,-8.2,0.0,0.3,-7.2,-0.0,2886,1835,0,-14,5
556,79.38,32969,402.45,402.37,-0.09,-14.5,-7.2,0.0,0.4,-7.7,-0.0,2861,1808,0,-13,5
557,79.55,32961,402.36,402.33,-0.02,-8.8,-2.0,0.0,0.5,-7.2,-0.0,2761,1704,0,-7,4
558,79.71,32958,402.32,402.30,-0.02,-8.8,-2.0,0.0,0.5,-7.2,-0.0,2724,1667,0,-7,5
559,79.80,32955,402.28,402.28,0.00,-7.1,0.0,0.0,0.5,-7.6,-0.0,2686,1630,0,-6,4
560,79.97,32951,402.23,402.25,0.01,-5.3,1.0,0.0,0.4,-6.8,-0.0,2636,1584,0,-4,3
561,80.13,32947,402.19,402.21,0.02,-4.8,2.0,0.0,0.3,-7.2,-0.0,2586,1537,0,-3,3
562,80.29,32948,402.20,402.18,-0.01,-8.3,-1.0,0.0,0.1,-7.4,-0.0,2599,1555,0,-6,6
563,80.38,32945,402.16,402.16,0.00,-7.8,0.0,0.0,0.1,-7.9,-0.0,2561,1516,0,-5,6
564,80.55,32943,402.14,402.13,0.00,-7.5,0.0,0.0,0.0,-7.5,-0.0,2536,1496,0,-5,5
565,80.71,32936,402.05,402.10,0.05,-3.2,4.1,0.0,0.0,-7.3,-0.0,2449,1407,0,-2,3
566,80.80,32934,402.03,402.08,0.05,-3.4,4.1,0.0,0.1,-7.6,-0.0,2424,1380,0,-2,3
567,80.97,32930,401.98,402.05,0.07,-0.6,6.1,0.0,0.3,-7.1,-0.0,2374,1324,0,0,1
568,81.13,32928,401.95,402.01,0.06,-1.9,5.1,0.0,0.2,-7.2,-0.0,2349,1303,0,-1,2
569,81.22,32925,401.92,402.00,0.07,-1.6,6.1,0.0,0.3,-8.0,-0.0,2311,1258,0,-1,1
570,81.39,32918,401.83,401.96,0.13,4.4,11.2,0.0,0.3,-7.1,-0.0,2224,3222,0,1,-4
571,81.56,32917,401.82,401.93,0.11,1.9,9.2,0.0,0.2,-7.5,-0.0,2211,3213,0,0,-2
572,81.65,32915,401.79,401.91,0.11,1.4,9.2,0.0,0.1,-7.9,-0.0,2186,3187,0,0,-1
573,81.82,32911,401.75,401.87,0.12,2.9,10.2,0.0,0.2,-7.5,-0.0,2136,3135,0,0,-3
574,81.97,32912,401.76,401.84,0.09,-0.0,7.2,0.0,-0.1,-7.1,-0.0,2149,1112,0,0,0
575,82.14,32910,401.73,401.81,0.07,-1.2,6.1,0.0,-0.0,-7.3,-0.0,2124,1085,0,0,1
576,82.22,32907,401.70,401.79,0.10,0.7,8.2,0.0,-0.0,-7.5,-0.0,2086,3095,0,0,-1
577,82.38,32906,401.68,401.76,0.07,-1.3,6.1,0.0,-0.2,-7.2,-0.0,2074,1040,0,0,1
578,82.54,32902,401.64,401.72,0.09,-0.3,7.2,0.0,-0.1,-7.4,-0.0,2024,986,0,0,0
579,82.71,32899,401.60,401.69,0.09,-0.2,7.2,0.0,0.0,-7.4,-0.0,1986,945,0,0,0
580,82.79,32897,401.57,401.67,0.10,0.8,8.2,0.0,0.1,-7.5,-0.0,1961,2965,0,0,-1
581,82.96,32897,401.57,401.64,0.06,-2.6,5.1,0.0,-0.1,-7.6,-0.0,1961,923,0,0,3
582,83.12,32896,401.56,401.60,0.04,-4.9,3.1,0.0,-0.3,-7.7,-0.0,1949,916,0,1,5
583,83.21,32895,401.55,401.59,0.04,-5.3,3.1,0.0,-0.2,-8.2,-0.0,1936,901,0,1,5
584,83.37,32894,401.54,401.55,0.01,-6.7,1.0,0.0,-0.3,-7.4,-0.0,1924,893,0,1,6
585,83.54,32889,401.48,401.52,0.04,-5.2,3.1,0.0,-0.2,-8.1,-0.0,1861,824,0,2,5
586,83.71,32888,401.46,401.48,0.01,-6.6,1.0,0.0,-0.2,-7.5,-0.0,1849,813,0,2,6
587,83.79,32888,401.46,401.46,0.00,-8.1,0.0,0.0,-0.1,-8.0,-0.0,1849,813,0,2,7
588,83.96,32886,401.44,401.43,-0.01,-8.3,-1.0,0.0,-0.1,-7.1,-0.0,1824,787,0,3,7
589,84.12,32884,401.42,401.40,-0.02,-9.7,-2.0,0.0,-0.2,-7.5,-0.0,1799,763,0,4,9
590,84.28,32886,401.44,401.36,-0.09,-15.4,-7.2,0.0,-0.5,-7.8,-0.0,1824,797,0,5,14
591,84.37,32887,401.45,401.34,-0.11,-17.8,-9.2,0.0,-0.5,-8.2,-0.0,1836,810,0,6,16
592,84.54,32885,401.43,401.31,-0.12,-18.2,-10.2,0.0,-0.5,-7.5,-0.0,1811,786,0,6,17
593,84.70,32885,401.43,401.27,-0.16,-21.4,-13.3,0.0,-0.5,-7.6,-0.0,1811,786,0,7,19
594,84.79,32884,401.42,401.25,-0.16,-21.9,-13.3,0.0,-0.5,-8.1,-0.0,1799,775,0,8,20
595,84.95,32884,401.42,401.22,-0.20,-24.2,-16.4,0.0,-0.4,-7.5,-0.0,1799,772,0,9,22
596,85.12,32880,401.37,401.18,-0.18,-23.1,-15.3,0.0,-0.2,-7.6,-0.0,1749,715,0,10,20
597,85.28,32877,401.33,401.15,-0.18,-23.0,-15.3,0.0,-0.2,-7.5,-0.0,1711,675,0,11,19
598,85.37,32877,401.33,401.13,-0.20,-24.8,-16.4,0.0,-0.1,-8.2,-0.0,1711,674,0,12,21
599,85.54,32877,401.33,401.10,-0.23,-27.4,-19.4,0.0,-0.2,-7.8,-0.0,1711,676,0,13,23
600,85.71,32877,401.33,401.06,-0.27,-30.5,-22.5,0.0,-0.2,-7.8,-0.0,1711,678,0,15,25
601,85.78,32876,401.32,401.04,-0.28,-31.4,-23.5,0.0,-0.4,-7.5,-0.0,1699,669,0,16,26
602,85.95,32876,401.32,401.01,-0.32,-34.6,-26.6,0.0,-0.5,-7.5,-0.0,1699,674,0,17,29
603,86.11,32874,401.29,400.97,-0.32,-34.5,-26.6,0.0,-0.4,-7.6,-0.0,1674,646,0,18,28
604,86.28,32871,401.26,400.94,-0.32,-34.7,-26.6,0.0,-0.2,-7.8,-0.0,1636,603,0,20,27
605,86.37,32868,401.22,400.92,-0.31,-34.1,-25.6,0.0,-0.1,-8.4,-0.0,1599,561,0,22,25
606,86.54,32864,401.17,400.88,-0.29,-32.7,-24.5,0.0,0.0,-8.1,-0.0,1549,507,0,23,22
607,86.70,32864,401.17,400.84,-0.33,-35.3,-27.6,0.0,0.0,-7.7,-0.0,1549,507,0,24,24
608,86.79,32862,401.15,400.82,-0.32,-34.8,-26.6,0.0,0.0,-8.3,-0.0,1524,482,0,25,23
609,86.96,32861,401.14,400.79,-0.34,-36.3,-28.6,0.0,-0.1,-7.6,-0.0,1511,473,0,26,23
610,87.12,32851,401.01,400.75,-0.26,-29.1,-21.5,0.0,0.1,-7.8,-0.0,1386,341,0,24,14
611,87.28,32851,401.01,400.72,-0.29,-32.2,-24.5,0.0,0.0,-7.7,-0.0,1386,343,0,27,16
612,87.37,32850,401.00,400.70,-0.31,-33.9,-25.6,0.0,0.1,-8.4,-0.0,1374,328,0,29,16
613,87.54,32847,400.96,400.66,-0.31,-33.4,-25.6,0.0,0.1,-7.9,-0.0,1336,291,0,29,14
614,87.71,32842,400.90,400.62,-0.28,-31.3,-23.5,0.0,0.1,-8.0,-0.0,1274,228,0,29,10
615,87.79,32838,400.85,400.61,-0.24,-28.8,-20.5,0.0,0.0,-8.4,-0.0,1224,180,0,27,8
616,87.95,32837,400.84,400.57,-0.27,-30.0,-22.5,0.0,0.1,-7.6,-0.0,1211,167,0,28,7
617,88.12,32828,400.73,400.53,-0.20,-23.6,-16.4,0.0,0.4,-7.6,-0.0,1099,47,0,23,2
618,88.28,32826,400.71,400.50,-0.21,-24.8,-17.4,0.0,0.3,-7.7,-0.0,1074,22,0,24,1
619,88.37,32823,400.67,400.48,-0.20,-24.3,-16.4,0.0,0.3,-8.3,-0.0,1036,4078,0,24,-1
620,88.54,32819,400.62,400.44,-0.18,-23.3,-15.3,0.0,0.3,-8.3,-0.0,986,4028,0,22,-2
621,88.70,32812,400.54,400.41,-0.13,-18.8,-11.2,0.0,0.4,-7.9,-0.0,899,3940,0,18,-4
622,88.79,32812,400.54,400.39,-0.15,-20.5,-12.3,0.0,0.2,-8.5,-0.0,899,3946,0,19,-5
623,88.95,32806,400.46,400.35,-0.11,-16.6,-9.2,0.0,0.4,-7.8,-0.0,824,3867,0,15,-6
624,89.12,32801,400.40,400.31,-0.09,-14.8,-7.2,0.0,0.4,-8.0,-0.0,761,3804,0,13,-6
625,89.20,32798,400.37,400.29,-0.07,-14.1,-6.1,0.0,0.4,-8.4,-0.0,724,3764,0,12,-7
626,89.37,32793,400.31,400.26,-0.05,-11.5,-4.1,0.0,0.3,-7.7,-0.0,661,3706,0,9,-6
627,89.55,32787,400.23,400.22,-0.01,-8.7,-1.0,0.0,0.5,-8.3,-0.0,586,3622,0,6,-6
628,89.63,32787,400.23,400.20,-0.04,-11.3,-3.1,0.0,0.3,-8.5,-0.0,586,3629,0,8,-7
629,89.80,32783,400.18,400.16,-0.02,-10.0,-2.0,0.0,0.2,-8.1,-0.0,536,3582,0,7,-7
630,89.97,32777,400.11,400.12,0.01,-7.3,1.0,0.0,0.2,-8.6,-0.0,461,3507,0,4,-6
631,90.06,32775,400.09,400.10,0.01,-7.7,1.0,0.0,0.2,-9.0,-0.0,436,3479,0,4,-6
632,90.22,32769,400.01,400.07,0.05,-3.6,4.1,0.0,0.2,-7.9,-0.0,361,3407,0,2,-3
633,90.39,32767,399.99,400.03,0.04,-5.2,3.1,0.0,0.2,-8.5,-0.0,336,3380,0,2,-4
634,90.55,32761,399.91,399.99,0.07,-2.0,6.1,0.0,0.2,-8.4,-0.0,261,3307,0,1,-2
635,90.71,32759,399.89,399.96,0.06,-2.7,5.1,0.0,0.2,-8.0,-0.0,236,3284,0,1,-2
636,90.79,32758,399.88,399.94,0.06,-2.9,5.1,0.0,0.1,-8.1,-0.0,224,3275,0,1,-3
637,90.95,32750,399.78,399.90,0.12,2.6,10.2,0.0,0.3,-8.0,-0.0,124,1120,0,0,2
638,91.12,32748,399.76,399.86,0.11,1.3,9.2,0.0,0.2,-8.1,-0.0,99,1099,0,0,1
639,91.28,32744,399.71,399.83,0.12,2.5,10.2,0.0,0.2,-8.0,-0.0,49,1048,0,0,2
640,91.36,32743,399.69,399.81,0.11,0.6,9.2,0.0,0.2,-8.8,-0.0,36,1034,0,0,1
641,91.53,32739,399.65,399.77,0.12,1.6,10.2,0.0,0.1,-8.7,-0.0,4082,988,0,0,2
642,91.70,32736,399.61,399.73,0.12,2.1,10.2,0.0,0.0,-8.2,-0.0,4045,954,0,0,2
643,91.78,32736,399.61,399.71,0.10,-0.1,8.2,0.0,-0.0,-8.2,-0.0,4045,3003,0,0,0
644,91.95,32733,399.57,399.67,0.10,0.2,8.2,0.0,-0.1,-7.9,-0.0,4007,919,0,0,0
645,92.11,32729,399.52,399.63,0.11,1.1,9.2,0.0,0.0,-8.1,-0.0,3957,866,0,0,1
646,92.27,32726,399.49,399.60,0.11,0.7,9.2,0.0,-0.1,-8.4,-0.0,3920,833,0,0,1
647,92.36,32724,399.46,399.58,0.11,0.5,9.2,0.0,-0.0,-8.7,-0.0,3895,804,0,0,0
648,92.53,32724,399.46,399.54,0.07,-2.1,6.1,0.0,-0.1,-8.1,-0.0,3895,2855,0,-1,-2
649,92.70,32724,399.46,399.50,0.04,-5.3,3.1,0.0,-0.2,-8.1,-0.0,3895,2859,0,-2,-5
650,92.78,32723,399.45,399.48,0.02,-6.7,2.0,0.0,-0.3,-8.4,-0.0,3882,2849,0,-2,-6
651,92.94,32719,399.40,399.44,0.04,-5.4,3.1,0.0,-0.3,-8.2,-0.0,3832,2798,0,-2,-5
652,93.11,32720,399.41,399.40,-0.01,-9.8,-1.0,0.0,-0.4,-8.3,-0.0,3845,2815,0,-4,-9
653,93.28,32714,399.34,399.36,0.02,-6.9,2.0,0.0,-0.1,-8.9,-0.0,3770,2730,0,-3,-6
654,93.36,32714,399.34,399.34,0.00,-9.0,0.0,0.0,-0.1,-8.9,-0.0,3770,2730,0,-4,-8
655,93.53,32714,399.34,399.30,-0.04,-12.0,-3.1,0.0,-0.3,-8.6,-0.0,3770,2737,0,-6,-10
656,93.70,32714,399.34,399.27,-0.07,-14.7,-6.1,0.0,-0.3,-8.2,-0.0,3770,2737,0,-7,-12
657,93.78,32712,399.32,399.25,-0.07,-15.3,-6.1,0.0,-0.2,-8.9,-0.0,3745,2709,0,-8,-13
658,93.95,32711,399.30,399.21,-0.10,-17.0,-8.2,0.0,-0.5,-8.4,-0.0,3732,2704,0,-9,-14
659,94.11,32710,399.29,399.17,-0.12,-18.9,-10.2,0.0,-0.4,-8.3,-0.0,3720,2690,0,-10,-15
660,94.20,32708,399.27,399.15,-0.12,-19.5,-10.2,0.0,-0.3,-9.0,-0.0,3695,2662,0,-11,-15
661,94.36,32708,399.27,399.11,-0.16,-21.9,-13.3,0.0,-0.3,-8.3,-0.0,3695,2662,0,-12,-17
662,94.53,32707,399.26,399.07,-0.18,-24.0,-15.3,0.0,-0.4,-8.3,-0.0,3682,2652,0,-14,-19
663,94.70,32705,399.23,399.03,-0.20,-24.9,-16.4,0.0,-0.2,-8.3,-0.0,3657,2623,0,-15,-19
664,94.78,32703,399.21,399.01,-0.20,-26.1,-16.4,0.0,-0.3,-9.4,-0.0,3632,2597,0,-17,-19
665,94.95,32704,399.22,398.97,-0.24,-29.2,-20.5,0.0,-0.4,-8.3,-0.0,3645,2615,0,-18,-22
666,95.11,32702,399.19,398.93,-0.27,-31.4,-22.5,0.0,-0.4,-8.5,-0.0,3620,2589,0,-21,-22
667,95.20,32701,399.18,398.91,-0.27,-31.6,-22.5,0.0,-0.3,-8.8,-0.0,3607,2574,0,-21,-22
668,95.35,32700,399.17,398.87,-0.29,-33.4,-24.5,0.0,-0.4,-8.5,-0.0,3595,2564,0,-23,-23
669,95.52,32699,399.16,398.83,-0.33,-36.8,-27.6,0.0,-0.4,-8.8,-0.0,3582,2550,0,-26,-25
670,95.69,32694,399.10,398.79,-0.31,-34.2,-25.6,0.0,-0.1,-8.5,-0.0,3520,2481,0,-26,-20
671,95.78,32692,399.07,398.77,-0.31,-35.4,-25.6,0.0,-0.1,-9.7,-0.0,3495,2454,0,-28,-20
672,95.95,32691,399.06,398.73,-0.33,-36.9,-27.6,0.0,-0.1,-9.1,-0.0,3482,2443,0,-29,-20
673,96.12,32687,399.01,398.69,-0.32,-35.3,-26.6,0.0,0.0,-8.7,-0.0,3432,2389,0,-30,-17
674,96.21,32684,398.97,398.67,-0.31,-34.6,-25.6,0.0,0.1,-9.2,-0.0,3395,2348,0,-30,-15
675,96.37,32683,398.96,398.63,-0.33,-36.6,-27.6,0.0,-0.1,-8.9,-0.0,3382,2342,0,-32,-15
676,96.54,32679,398.91,398.59,-0.33,-36.3,-27.6,0.0,-0.0,-8.6,-0.0,3332,2289,0,-33,-13
677,96.63,32674,398.85,398.57,-0.28,-33.1,-23.5,0.0,0.2,-9.8,-0.0,3270,2218,0,-31,-8
678,96.79,32670,398.80,398.53,-0.28,-32.3,-23.5,0.0,0.1,-8.9,-0.0,3220,2171,0,-31,-6
679,96.96,32666,398.75,398.49,-0.27,-31.0,-22.5,0.0,0.2,-8.6,-0.0,3170,2121,0,-30,-3
680,97.13,32662,398.71,398.45,-0.26,-30.0,-21.5,0.0,0.3,-8.8,-0.0,3120,2068,0,-29,-1
681,97.22,32660,398.68,398.43,-0.26,-30.9,-21.5,0.0,0.3,-9.7,-0.0,3095,2040,0,-30,0
682,97.38,32656,398.63,398.39,-0.24,-28.8,-20.5,0.0,0.2,-8.5,-0.0,3045,1995,0,-28,2
683,97.55,32648,398.54,398.34,-0.20,-25.1,-16.4,0.0,0.2,-9.0,-0.0,2945,1893,0,-24,6
684,97.64,32647,398.52,398.32,-0.20,-25.5,-16.4,0.0,0.3,-9.4,-0.0,2932,1879,0,-24,6
685,97.80,32642,398.46,398.28,-0.18,-23.7,-15.3,0.0,0.3,-8.6,-0.0,2870,1818,0,-22,8
686,97.97,32638,398.41,398.24,-0.17,-22.9,-14.3,0.0,0.3,-8.9,-0.0,2820,1768,0,-20,9
687,98.13,32633,398.35,398.20,-0.15,-20.7,-12.3,0.0,0.3,-8.8,-0.0,2757,1703,0,-17,10
688,98.21,32630,398.32,398.18,-0.13,-20.2,-11.2,0.0,0.2,-9.2,-0.0,2720,1668,0,-16,11
689,98.37,32621,398.21,398.14,-0.06,-13.1,-5.1,0.0,0.6,-8.6,-0.0,2607,1545,0,-9,9
690,98.55,32615,398.13,398.10,-0.04,-11.8,-3.1,0.0,0.5,-9.2,-0.0,2532,1471,0,-7,9
691,98.64,32611,398.08,398.08,0.00,-8.8,0.0,0.0,0.6,-9.4,-0.0,2482,1416,0,-5,7
692,98.80,32609,398.06,398.04,-0.02,-10.3,-2.0,0.0,0.5,-8.7,-0.0,2457,1399,0,-5,8
693,98.97,32607,398.03,398.00,-0.04,-11.5,-3.1,0.0,0.2,-8.7,-0.0,2432,1382,0,-6,10
694,99.05,32602,397.97,397.97,0.00,-9.4,0.0,0.0,0.2,-9.6,-0.0,2370,1316,0,-4,8
695,99.22,32598,397.92,397.93,0.01,-7.4,1.0,0.0,0.2,-8.6,-0.0,2320,1272,0,-3,7
696,99.38,32593,397.86,397.89,0.02,-6.3,2.0,0.0,0.2,-8.6,-0.0,2257,1207,0,-2,6
697,99.55,32587,397.79,397.85,0.06,-3.7,5.1,0.0,0.3,-9.2,-0.0,2182,1127,0,-1,4
698,99.62,32584,397.75,397.83,0.07,-1.7,6.1,0.0,0.4,-8.3,-0.0,2145,1089,0,0,2
699,99.79,32578,397.68,397.79,0.11,0.6,9.2,0.0,0.4,-9.1,-0.0,2070,3060,0,0,-1
700,99.96,32573,397.62,397.75,0.13,2.8,11.2,0.0,0.4,-8.9,-0.0,2007,2998,0,0,-3
701,100.12,32571,397.60,397.71,0.11,0.8,9.2,0.0,0.2,-8.6,-0.0,1982,2980,0,0,-1
702,100.20,32569,397.57,397.69,0.12,1.5,10.2,0.0,0.2,-8.9,-0.0,1957,2954,0,0,-1
703,100.36,32564,397.51,397.65,0.13,2.4,11.2,0.0,0.0,-8.8,-0.0,1895,2898,0,-1,-2
704,100.53,32563,397.50,397.60,0.11,-0.4,9.2,0.0,0.1,-9.7,-0.0,1882,834,0,0,0
705,100.69,32559,397.45,397.57,0.12,1.2,10.2,0.0,0.0,-9.0,-0.0,1832,2836,0,0,-1
706,100.77,32556,397.41,397.54,0.13,1.8,11.2,0.0,0.1,-9.6,-0.0,1795,2795,0,-1,-2
707,100.94,32550,397.34,397.50,0.16,4.3,13.3,0.0,0.0,-9.0,-0.0,1720,2722,0,-2,-4
708,101.11,32547,397.30,397.46,0.16,4.6,13.3,0.0,0.2,-8.9,-0.0,1682,2680,0,-3,-4
709,101.19,32545,397.28,397.44,0.16,4.0,13.3,0.0,0.2,-9.5,-0.0,1657,2653,0,-2,-3
710,101.36,32543,397.25,397.40,0.15,3.0,12.3,0.0,0.1,-9.3,-0.0,1632,2632,0,-2,-2
711,101.53,32541,397.23,397.35,0.12,0.7,10.2,0.0,-0.1,-9.4,-0.0,1607,2614,0,0,-1
712,101.62,32541,397.23,397.33,0.10,-1.9,8.2,0.0,-0.2,-9.8,-0.0,1607,569,0,1,1
713,101.78,32536,397.17,397.29,0.12,1.2,10.2,0.0,-0.1,-8.9,-0.0,1545,2553,0,-1,-1
714,101.94,32532,397.12,397.25,0.13,1.8,11.2,0.0,-0.1,-9.4,-0.0,1495,2502,0,-1,-1
715,102.11,32531,397.11,397.21,0.10,-1.2,8.2,0.0,-0.3,-9.1,-0.0,1482,446,0,1,1
716,102.19,32530,397.09,397.18,0.09,-2.9,7.2,0.0,-0.1,-9.9,-0.0,1470,428,0,2,2
717,102.37,32526,397.05,397.14,0.10,-1.4,8.2,0.0,-0.1,-9.4,-0.0,1420,379,0,1,1
718,102.53,32522,397.00,397.10,0.10,-0.8,8.2,0.0,-0.1,-8.8,-0.0,1370,329,0,1,0
719,102.61,32523,397.01,397.08,0.06,-5.1,5.1,0.0,-0.3,-9.9,-0.0,1382,344,0,4,2
720,102.78,32524,397.02,397.03,0.01,-8.8,1.0,0.0,-0.3,-9.5,-0.0,1395,361,0,7,4
721,102.95,32522,397.00,396.99,-0.01,-10.5,-1.0,0.0,-0.4,-9.0,-0.0,1370,339,0,9,5
722,103.12,32521,396.98,396.95,-0.04,-13.2,-3.1,0.0,-0.5,-9.7,-0.0,1357,328,0,11,6
723,103.21,32521,396.98,396.92,-0.06,-16.6,-5.1,0.0,-0.6,-10.9,-0.0,1357,331,0,14,8
724,103.38,32517,396.94,396.88,-0.06,-14.9,-5.1,0.0,-0.4,-9.4,-0.0,1307,273,0,13,6
725,103.55,32516,396.92,396.84,-0.09,-16.9,-7.2,0.0,-0.3,-9.4,-0.0,1295,261,0,15,6
726,103.63,32515,396.91,396.81,-0.10,-18.7,-8.2,0.0,-0.3,-10.2,-0.0,1282,247,0,17,7
727,103.81,32515,396.91,396.77,-0.15,-22.2,-12.3,0.0,-0.4,-9.6,-0.0,1282,249,0,20,8
728,103.97,32514,396.90,396.73,-0.17,-23.8,-14.3,0.0,-0.4,-9.1,-0.0,1270,239,0,22,8
729,104.07,32514,396.90,396.70,-0.20,-27.5,-16.4,0.0,-0.5,-10.7,-0.0,1270,241,0,25,10
730,104.23,32513,396.89,396.66,-0.23,-29.3,-19.4,0.0,-0.5,-9.3,-0.0,1257,229,0,27,10
731,104.40,32510,396.85,396.62,-0.23,-29.2,-19.4,0.0,-0.5,-9.3,-0.0,1220,192,0,27,8
732,104.49,32510,396.85,396.59,-0.26,-32.3,-21.5,0.0,-0.4,-10.4,-0.0,1220,188,0,30,9
733,104.65,32510,396.85,396.55,-0.31,-35.2,-25.6,0.0,-0.5,-9.2,-0.0,1220,190,0,33,10
734,104.82,32505,396.79,396.51,-0.28,-33.2,-23.5,0.0,-0.3,-9.4,-0.0,1157,121,0,32,6
735,104.90,32503,396.77,396.48,-0.28,-33.5,-23.5,0.0,-0.2,-9.8,-0.0,1132,93,0,32,5
736,105.08,32502,396.75,396.44,-0.32,-37.2,-26.6,0.0,-0.3,-10.3,-0.0,1120,83,0,36,5
737,105.25,32499,396.72,396.39,-0.33,-37.2,-27.6,0.0,-0.2,-9.4,-0.0,1082,42,0,36,2
738,105.34,32499,396.72,396.37,-0.35,-39.9,-29.7,0.0,-0.2,-10.0,-0.0,1082,41,0,39,2
739,105.51,32496,396.68,396.32,-0.35,-39.5,-29.7,0.0,-0.3,-9.6,-0.0,1045,8,0,38,0
740,105.67,32493,396.64,396.28,-0.37,-40.3,-30.7,0.0,-0.2,-9.4,-0.0,1007,4065,0,39,-2
741,105.76,32492,396.63,396.26,-0.38,-42.3,-31.7,0.0,-0.2,-10.4,-0.0,995,4051,0,41,-3
742,105.93,32489,396.59,396.21,-0.38,-41.5,-31.7,0.0,-0.2,-9.6,-0.0,957,4014,0,40,-5
743,106.10,32482,396.51,396.17,-0.34,-38.8,-28.6,0.0,0.1,-10.3,-0.0,870,3915,0,36,-10
744,106.18,32478,396.46,396.14,-0.32,-36.4,-26.6,0.0,0.1,-9.9,-0.0,820,3865,0,33,-12
745,106.35,32480,396.48,396.10,-0.38,-41.2,-31.7,0.0,-0.0,-9.5,-0.0,845,3898,0,38,-12
746,106.51,32470,396.36,396.06,-0.31,-34.4,-25.6,0.0,0.3,-9.2,-0.0,720,3762,0,29,-16
747,106.67,32464,396.29,396.01,-0.28,-32.7,-23.5,0.0,0.3,-9.5,-0.0,645,3685,0,26,-19
748,106.76,32463,396.28,395.99,-0.28,-33.8,-23.5,0.0,0.2,-10.5,-0.0,632,3673,0,26,-20
749,106.93,32456,396.19,395.95,-0.24,-29.4,-20.5,0.0,0.5,-9.4,-0.0,545,3582,0,20,-20
750,107.11,32452,396.14,395.90,-0.24,-30.5,-20.5,0.0,0.3,-10.4,-0.0,495,3533,0,19,-22
751,107.20,32450,396.12,395.87,-0.24,-31.2,-20.5,0.0,0.2,-11.0,-0.0,470,3509,0,19,-24
752,107.37,32444,396.04,395.83,-0.22,-27.9,-18.4,0.0,0.2,-9.7,-0.0,395,3438,0,14,-23
753,107.54,32436,395.95,395.78,-0.16,-22.9,-13.3,0.0,0.4,-10.1,-0.0,295,3329,0,9,-21
754,107.62,32432,395.90,395.76,-0.13,-21.4,-11.2,0.0,0.4,-10.6,-0.0,245,3280,0,7,-20
755,107.79,32426,395.83,395.71,-0.11,-18.7,-9.2,0.0,0.5,-9.9,-0.0,170,3204,0,4,-18
756,107.96,32421,395.76,395.67,-0.10,-17.1,-8.2,0.0,0.5,-9.5,-0.0,107,3141,0,2,-16
757,108.04,32418,395.73,395.65,-0.09,-16.8,-7.2,0.0,0.5,-10.1,-0.0,70,3103,0,1,-16
758,108.21,32411,395.64,395.60,-0.04,-12.1,-3.1,0.0,0.5,-9.5,-0.0,4078,3018,0,-1,-12
759,108.38,32406,395.58,395.56,-0.02,-11.3,-2.0,0.0,0.3,-9.5,-0.0,4016,2962,0,-2,-11
760,108.54,32396,395.46,395.51,0.05,-5.5,4.1,0.0,0.6,-10.2,-0.0,3891,2824,0,-2,-5
761,108.63,32395,395.45,395.49,0.04,-6.6,3.1,0.0,0.5,-10.2,-0.0,3878,2814,0,-2,-6
762,108.79,32389,395.37,395.44,0.07,-3.0,6.1,0.0,0.6,-9.7,-0.0,3803,2739,0,-1,-3
763,108.96,32380,395.26,395.40,0.13,2.1,11.2,0.0,0.6,-9.7,-0.0,3691,578,0,1,2
764,109.05,32377,395.23,395.37,0.15,2.5,12.3,0.0,0.6,-10.4,-0.0,3653,536,0,2,2
765,109.22,32375,395.20,395.33,0.12,0.9,10.2,0.0,0.3,-9.6,-0.0,3628,526,0,1,1
766,109.38,32371,395.15,395.28,0.13,1.8,11.2,0.0,0.3,-9.8,-0.0,3578,475,0,1,1
767,109.47,32366,395.09,395.26,0.17,4.3,14.3,0.0,0.4,-10.4,-0.0,3516,408,0,3,2
768,109.63,32361,395.03,395.21,0.18,5.7,15.3,0.0,0.2,-9.8,-0.0,3453,353,0,5,3
769,109.81,32355,394.96,395.16,0.21,7.0,17.4,0.0,0.3,-10.6,-0.0,3378,273,0,6,3
770,109.90,32351,394.91,395.14,0.23,9.1,19.4,0.0,0.4,-10.8,-0.0,3328,218,0,8,3
771,110.07,32343,394.81,395.09,0.28,13.6,23.5,0.0,0.5,-10.5,-0.0,3228,114,0,13,2
772,110.24,32341,394.79,395.05,0.26,11.6,21.5,0.0,0.3,-10.2,-0.0,3203,98,0,11,2
773,110.39,32338,394.75,395.00,0.26,11.9,21.5,0.0,0.3,-9.9,-0.0,3166,63,0,11,1
774,110.48,32338,394.75,394.98,0.23,9.0,19.4,0.0,0.1,-10.5,-0.0,3166,67,0,9,1
775,110.64,32336,394.73,394.94,0.21,7.4,17.4,0.0,-0.3,-9.7,-0.0,3141,56,0,7,1
776,110.81,32329,394.64,394.89,0.24,10.7,20.5,0.0,-0.0,-9.7,-0.0,3053,4057,0,10,-1
777,110.90,32325,394.59,394.87,0.27,12.0,22.5,0.0,0.0,-10.6,-0.0,3003,4002,0,11,-2
778,111.07,32321,394.54,394.82,0.27,11.8,22.5,0.0,0.0,-10.7,-0.0,2953,3950,0,11,-3
779,111.24,32318,394.51,394.77,0.27,12.9,22.5,0.0,0.1,-9.8,-0.0,2916,3914,0,12,-3
780,111.33,32314,394.46,394.75,0.29,13.9,24.5,0.0,0.3,-10.9,-0.0,2866,3856,0,13,-5
781,111.50,32314,394.46,394.70,0.24,10.3,20.5,0.0,0.0,-10.1,-0.0,2866,3868,0,9,-3
782,111.66,32310,394.41,394.65,0.24,10.4,20.5,0.0,-0.1,-10.0,-0.0,2816,3823,0,9,-4
783,111.82,32309,394.40,394.61,0.21,7.4,17.4,0.0,-0.1,-9.8,-0.0,2803,3810,0,7,-3
784,111.91,32308,394.38,394.58,0.20,5.6,16.4,0.0,-0.3,-10.5,-0.0,2791,3800,0,5,-2
785,112.08,32303,394.32,394.54,0.21,6.5,17.4,0.0,-0.2,-10.7,-0.0,2728,3735,0,5,-3
786,112.24,32303,394.32,394.49,0.17,4.2,14.3,0.0,-0.3,-9.8,-0.0,2728,3739,0,3,-2
787,112.33,32301,394.30,394.46,0.17,2.7,14.3,0.0,-0.3,-11.4,-0.0,2703,3712,0,2,-1
788,112.50,32295,394.23,394.42,0.20,5.8,16.4,0.0,-0.0,-10.5,-0.0,2628,3631,0,4,-4
789,112.67,32293,394.20,394.37,0.17,3.9,14.3,0.0,-0.2,-10.2,-0.0,2603,3611,0,3,-3
790,112.75,32293,394.20,394.35,0.15,1.3,12.3,0.0,-0.2,-10.7,-0.0,2603,3612,0,1,-1
791,112.93,32293,394.20,394.30,0.10,-2.5,8.2,0.0,-0.3,-10.4,-0.0,2603,1564,0,-2,2
792,113.11,32289,394.15,394.25,0.10,-3.4,8.2,0.0,-0.3,-11.3,-0.0,2553,1515,0,-2,2
793,113.19,32287,394.13,394.22,0.10,-3.8,8.2,0.0,-0.4,-11.6,-0.0,2528,1491,0,-2,3
794,113.36,32287,394.13,394.18,0.05,-6.5,4.1,0.0,-0.4,-10.1,-0.0,2528,1495,0,-4,5
795,113.53,32284,394.09,394.13,0.04,-7.7,3.1,0.0,-0.3,-10.5,-0.0,2491,1454,0,-5,6
796,113.61,32281,394.06,394.10,0.05,-6.9,4.1,0.0,-0.2,-10.8,-0.0,2453,1411,0,-4,6
797,113.78,32278,394.02,394.06,0.04,-7.5,3.1,0.0,-0.2,-10.3,-0.0,2416,1376,0,-4,6
798,113.94,32278,394.02,394.01,-0.01,-11.4,-1.0,0.0,-0.4,-10.0,-0.0,2416,1380,0,-6,9
799,114.03,32279,394.03,393.98,-0.05,-16.2,-4.1,0.0,-0.4,-11.7,-0.0,2428,1391,0,-8,13
800,114.20,32279,394.03,393.93,-0.10,-18.9,-8.2,0.0,-0.5,-10.2,-0.0,2428,1397,0,-10,15
801,114.36,32278,394.02,393.89,-0.13,-22.2,-11.2,0.0,-0.7,-10.2,-0.0,2416,1392,0,-12,18
802,114.53,32273,393.96,393.84,-0.12,-21.3,-10.2,0.0,-0.5,-10.6,-0.0,2353,1321,0,-9,19
803,114.62,32273,393.96,393.82,-0.15,-23.5,-12.3,0.0,-0.5,-10.7,-0.0,2353,1321,0,-10,20
804,114.79,32270,393.92,393.77,-0.16,-24.2,-13.3,0.0,-0.3,-10.6,-0.0,2316,1277,0,-9,22
805,114.96,32269,393.91,393.72,-0.20,-27.8,-16.4,0.0,-0.3,-11.1,-0.0,2303,1264,0,-10,25
806,115.05,32268,393.90,393.69,-0.21,-28.3,-17.4,0.0,-0.3,-10.6,-0.0,2291,1252,0,-9,26
807,115.21,32267,393.88,393.65,-0.24,-31.2,-20.5,0.0,-0.4,-10.3,-0.0,2278,1245,0,-10,28
808,115.37,32262,393.82,393.60,-0.22,-29.2,-18.4,0.0,-0.3,-10.5,-0.0,2216,1179,0,-7,27
809,115.46,32261,393.81,393.57,-0.23,-30.9,-19.4,0.0,-0.3,-11.2,-0.0,2203,1165,0,-6,29
810,115.63,32261,393.81,393.53,-0.28,-34.3,-23.5,0.0,-0.3,-10.5,-0.0,2203,1167,0,-7,32
811,115.79,32257,393.76,393.48,-0.28,-33.9,-23.5,0.0,-0.2,-10.2,-0.0,2153,1113,0,-4,33
812,115.98,32253,393.71,393.43,-0.28,-34.0,-23.5,0.0,-0.1,-10.3,-0.0,2103,1060,0,-2,33
813,116.07,32249,393.66,393.40,-0.27,-37.7,-22.5,0.0,-0.2,-15.0,-0.0,2053,1003,0,1,36
814,116.24,32247,393.64,393.35,-0.29,-35.1,-24.5,0.0,-0.1,-10.4,-0.0,2028,984,0,2,34
815,116.32,32245,393.62,393.32,-0.29,-35.7,-24.5,0.0,-0.0,-11.1,-0.0,2003,955,0,4,34
816,116.49,32242,393.58,393.27,-0.31,-36.4,-25.6,0.0,-0.1,-10.7,-0.0,1966,920,0,6,35
817,116.65,32235,393.49,393.23,-0.27,-32.7,-22.5,0.0,0.0,-10.2,-0.0,1878,829,0,9,30
818,116.74,32233,393.47,393.20,-0.27,-33.8,-22.5,0.0,0.0,-11.3,-0.0,1853,804,0,11,31
819,116.91,32227,393.40,393.15,-0.24,-31.0,-20.5,0.0,0.2,-10.8,-0.0,1778,724,0,13,27
820,117.08,32225,393.37,393.10,-0.27,-34.1,-22.5,0.0,0.0,-11.7,-0.0,1753,702,0,16,29
821,117.17,32222,393.33,393.08,-0.26,-32.6,-21.5,0.0,0.2,-11.3,-0.0,1716,661,0,17,27
822,117.34,32213,393.23,393.02,-0.20,-27.3,-16.4,0.0,0.3,-11.2,-0.0,1603,546,0,18,20
823,117.51,32210,393.19,392.98,-0.21,-27.9,-17.4,0.0,0.1,-10.7,-0.0,1566,515,0,19,19
824,117.60,32207,393.15,392.95,-0.21,-29.0,-17.4,0.0,0.1,-11.7,-0.0,1528,473,0,21,19
825,117.77,32200,393.07,392.90,-0.17,-24.8,-14.3,0.0,0.4,-10.9,-0.0,1441,380,0,20,13
826,117.94,32197,393.03,392.85,-0.18,-25.7,-15.3,0.0,0.1,-10.5,-0.0,1403,350,0,21,13
827,118.10,32189,392.93,392.80,-0.13,-22.0,-11.2,0.0,0.3,-11.1,-0.0,1303,244,0,20,8
828,118.18,32189,392.93,392.78,-0.16,-24.4,-13.3,0.0,0.2,-11.2,-0.0,1303,246,0,22,9
829,118.35,32184,392.87,392.73,-0.15,-22.3,-12.3,0.0,0.2,-10.2,-0.0,1241,188,0,21,6
830,118.52,32175,392.76,392.68,-0.09,-17.9,-7.2,0.0,0.3,-11.1,-0.0,1128,68,0,17,2
831,118.61,32172,392.72,392.65,-0.07,-17.0,-6.1,0.0,0.4,-11.3,-0.0,1091,28,0,16,1
832,118.77,32166,392.65,392.60,-0.05,-14.4,-4.1,0.0,0.3,-10.6,-0.0,1016,4055,0,14,-1
833,118.94,32159,392.57,392.55,-0.01,-11.5,-1.0,0.0,0.5,-11.0,-0.0,928,3959,0,11,-2
834,119.03,32156,392.53,392.53,0.00,-11.1,0.0,0.0,0.5,-11.7,-0.0,891,3919,0,10,-3
835,119.20,32150,392.46,392.48,0.02,-8.7,2.0,0.0,0.4,-11.2,-0.0,816,3850,0,8,-3
836,119.36,32145,392.40,392.43,0.04,-7.8,3.1,0.0,0.3,-11.2,-0.0,753,3791,0,7,-3
837,119.52,32138,392.31,392.38,0.07,-4.1,6.1,0.0,0.4,-10.7,-0.0,666,3701,0,3,-2
838,119.60,32137,392.30,392.36,0.06,-5.8,5.1,0.0,0.3,-11.2,-0.0,653,3691,0,5,-3
839,119.77,32132,392.24,392.31,0.07,-4.4,6.1,0.0,0.2,-10.7,-0.0,591,3633,0,3,-3
840,119.94,32124,392.14,392.25,0.12,-0.1,10.2,0.0,0.4,-10.7,-0.0,491,3528,0,0,0
841,120.03,32123,392.13,392.23,0.10,-3.5,8.2,0.0,0.2,-12.0,-0.0,478,3514,0,2,-3
842,120.19,32118,392.07,392.18,0.11,-1.6,9.2,0.0,0.1,-10.9,-0.0,416,3459,0,1,-1
843,120.36,32113,392.00,392.13,0.12,-0.3,10.2,0.0,0.2,-10.7,-0.0,353,3394,0,0,0
844,120.45,32109,391.96,392.10,0.15,1.1,12.3,0.0,0.3,-11.5,-0.0,303,1292,0,0,1
845,120.61,32106,391.92,392.05,0.13,0.2,11.2,0.0,0.0,-11.1,-0.0,266,1263,0,0,0
846,120.77,32104,391.89,392.01,0.11,-1.5,9.2,0.0,0.0,-10.8,-0.0,241,3288,0,0,-1
847,120.94,32101,391.86,391.95,0.10,-3.9,8.2,0.0,0.0,-12.0,-0.0,203,3249,0,1,-4
848,121.03,32098,391.82,391.93,0.11,-2.9,9.2,0.0,-0.0,-12.1,-0.0,166,3214,0,1,-3
849,121.20,32093,391.76,391.87,0.11,-1.5,9.2,0.0,-0.1,-10.6,-0.0,103,3153,0,0,-1
850,121.37,32092,391.75,391.82,0.07,-5.1,6.1,0.0,-0.2,-11.0,-0.0,91,3145,0,1,-5
851,121.45,32088,391.70,391.80,0.10,-3.4,8.2,0.0,-0.0,-11.6,-0.0,41,3089,0,0,-3
852,121.63,32081,391.61,391.75,0.13,-0.0,11.2,0.0,0.1,-11.4,-0.0,4049,2995,0,0,0
853,121.79,32078,391.58,391.70,0.12,-0.1,10.2,0.0,-0.0,-10.3,-0.0,4012,2967,0,0,0
854,121.88,32077,391.56,391.67,0.11,-2.4,9.2,0.0,0.0,-11.6,-0.0,3999,2950,0,0,-2
855,122.04,32075,391.54,391.62,0.07,-4.6,6.1,0.0,0.0,-10.7,-0.0,3974,2926,0,-1,-4
856,122.20,32073,391.52,391.57,0.05,-7.0,4.1,0.0,-0.3,-10.7,-0.0,3949,2910,0,-2,-7
857,122.37,32073,391.52,391.52,0.00,-11.3,0.0,0.0,-0.6,-10.7,-0.0,3949,2918,0,-3,-11
858,122.46,32069,391.47,391.49,0.02,-10.2,2.0,0.0,-0.4,-11.8,-0.0,3899,2861,0,-3,-9
859,122.62,32065,391.42,391.44,0.02,-8.9,2.0,0.0,-0.2,-10.8,-0.0,3849,2808,0,-3,-8
860,122.79,32061,391.37,391.39,0.02,-8.9,2.0,0.0,-0.2,-10.8,-0.0,3799,2758,0,-4,-8
861,122.87,32061,391.37,391.36,0.00,-12.1,0.0,0.0,-0.2,-11.9,-0.0,3799,2756,0,-5,-10
862,123.04,32060,391.36,391.31,-0.05,-14.9,-4.1,0.0,-0.2,-10.6,-0.0,3787,2745,0,-7,-13
863,123.21,32055,391.30,391.26,-0.04,-14.1,-3.1,0.0,-0.2,-10.8,-0.0,3724,2683,0,-8,-11
864,123.37,32052,391.26,391.21,-0.05,-15.4,-4.1,0.0,-0.3,-11.0,-0.0,3687,2647,0,-9,-12
865,123.45,32052,391.26,391.19,-0.07,-18.2,-6.1,0.0,-0.4,-11.8,-0.0,3687,2649,0,-11,-14
866,123.62,32051,391.25,391.14,-0.11,-20.4,-9.2,0.0,-0.3,-10.8,-0.0,3674,2637,0,-12,-16
867,123.78,32049,391.22,391.08,-0.13,-22.4,-11.2,0.0,-0.3,-10.9,-0.0,3649,2612,0,-14,-17
868,123.95,32045,391.17,391.03,-0.15,-23.8,-12.3,0.0,-0.5,-11.1,-0.0,3599,2565,0,-16,-16
869,124.04,32045,391.17,391.01,-0.17,-26.6,-14.3,0.0,-0.5,-11.8,-0.0,3599,2564,0,-18,-18
870,124.20,32042,391.14,390.95,-0.18,-26.8,-15.3,0.0,-0.3,-11.1,-0.0,3562,2523,0,-19,-17
871,124.37,32039,391.10,390.90,-0.20,-28.3,-16.4,0.0,-0.3,-11.6,-0.0,3524,2485,0,-22,-17
872,124.46,32038,391.09,390.87,-0.22,-31.1,-18.4,0.0,-0.3,-12.4,-0.0,3512,2470,0,-24,-18
873,124.62,32036,391.06,390.82,-0.24,-31.6,-20.5,0.0,-0.4,-10.8,-0.0,3487,2450,0,-25,-18
874,124.79,32029,390.98,390.77,-0.21,-28.7,-17.4,0.0,-0.2,-11.1,-0.0,3399,2356,0,-25,-13
875,124.87,32031,391.00,390.74,-0.26,-33.6,-21.5,0.0,-0.3,-11.9,-0.0,3424,2383,0,-28,-16
876,125.05,32029,390.98,390.69,-0.29,-37.0,-24.5,0.0,-0.4,-12.1,-0.0,3399,2359,0,-32,-16
877,125.22,32022,390.89,390.64,-0.26,-32.9,-21.5,0.0,-0.0,-11.4,-0.0,3312,2264,0,-30,-10
878,125.31,32019,390.86,390.61,-0.24,-33.1,-20.5,0.0,0.0,-12.7,-0.0,3274,2222,0,-31,-8
879,125.47,32018,390.84,390.56,-0.29,-36.2,-24.5,0.0,-0.3,-11.4,-0.0,3262,2222,0,-34,-9
880,125.64,32014,390.80,390.50,-0.29,-35.8,-24.5,0.0,-0.0,-11.2,-0.0,3212,2164,0,-34,-6
881,125.80,32006,390.70,390.45,-0.24,-31.4,-20.5,0.0,0.1,-11.0,-0.0,3112,2061,0,-30,-1
882,125.90,32006,390.70,390.42,-0.27,-35.1,-22.5,0.0,-0.0,-12.5,-0.0,3112,2062,0,-34,-1
883,126.07,32004,390.67,390.37,-0.31,-37.3,-25.6,0.0,-0.1,-11.6,-0.0,3087,2042,0,-36,0
884,126.15,32003,390.66,390.34,-0.32,-39.1,-26.6,0.0,-0.1,-12.4,-0.0,3074,2026,0,-38,1
885,126.32,31994,390.55,390.29,-0.27,-34.1,-22.5,0.0,0.1,-11.6,-0.0,2962,1908,0,-32,7
886,126.50,31987,390.47,390.23,-0.23,-31.0,-19.4,0.0,0.0,-11.7,-0.0,2874,1822,0,-28,10
887,126.59,31986,390.45,390.21,-0.24,-33.0,-20.5,0.0,0.1,-12.6,-0.0,2862,1806,0,-30,12
888,126.75,31975,390.32,390.15,-0.17,-25.1,-14.3,0.0,0.5,-11.3,-0.0,2724,1659,0,-20,14
889,126.92,31970,390.26,390.10,-0.16,-24.6,-13.3,0.0,0.4,-11.7,-0.0,2662,1598,0,-18,15
890,127.01,31966,390.21,390.07,-0.13,-23.0,-11.2,0.0,0.5,-12.3,-0.0,2612,1545,0,-16,16
891,127.18,31962,390.16,390.02,-0.15,-23.3,-12.3,0.0,0.3,-11.3,-0.0,2562,1502,0,-15,17
892,127.35,31954,390.06,389.96,-0.10,-19.3,-8.2,0.0,0.4,-11.6,-0.0,2462,1400,0,-10,16
893,127.51,31948,389.99,389.91,-0.07,-17.3,-6.1,0.0,0.4,-11.6,-0.0,2387,1325,0,-7,15
894,127.60,31944,389.94,389.88,-0.06,-16.9,-5.1,0.0,0.4,-12.1,-0.0,2337,1273,0,-6,15
895,127.77,31942,389.92,389.83,-0.09,-18.1,-7.2,0.0,0.2,-11.2,-0.0,2312,1256,0,-6,16
896,127.93,31935,389.83,389.78,-0.05,-16.2,-4.1,0.0,0.3,-12.4,-0.0,2224,1163,0,-3,15
897,128.02,31931,389.78,389.75,-0.04,-15.8,-3.1,0.0,0.2,-12.9,-0.0,2174,1112,0,-2,15
898,128.19,31924,389.70,389.69,0.00,-11.7,0.0,0.0,0.3,-12.0,-0.0,2087,1027,0,0,11
899,128.36,31917,389.61,389.64,0.02,-9.0,2.0,0.0,0.4,-11.5,-0.0,1999,937,0,1,9
900,128.44,31912,389.55,389.61,0.06,-6.6,5.1,0.0,0.5,-12.2,-0.0,1937,867,0,2,6
901,128.61,31909,389.51,389.56,0.05,-6.8,4.1,0.0,0.4,-11.3,-0.0,1899,838,0,2,6
902,128.77,31898,389.38,389.51,0.13,0.5,11.2,0.0,0.6,-11.3,-0.0,1762,2744,0,0,0
903,128.94,31894,389.33,389.46,0.12,-1.3,10.2,0.0,0.4,-11.9,-0.0,1712,648,0,1,1
904,129.03,31889,389.27,389.43,0.16,0.8,13.3,0.0,0.5,-13.0,-0.0,1649,2627,0,0,-1
905,129.19,31884,389.21,389.37,0.16,2.3,13.3,0.0,0.4,-11.3,-0.0,1587,2574,0,-2,-2
906,129.36,31876,389.11,389.32,0.21,6.4,17.4,0.0,0.4,-11.4,-0.0,1487,2474,0,-5,-4
907,129.45,31876,389.11,389.29,0.17,1.6,14.3,0.0,0.1,-12.9,-0.0,1487,2476,0,-1,-1
908,129.62,31871,389.05,389.23,0.18,3.4,15.3,0.0,0.2,-12.1,-0.0,1424,2414,0,-3,-2
909,129.79,31864,388.96,389.18,0.22,7.3,18.4,0.0,0.3,-11.4,-0.0,1337,2328,0,-6,-3
910,129.88,31862,388.94,389.15,0.21,4.4,17.4,0.0,0.2,-13.1,-0.0,1312,2301,0,-4,-2
911,130.05,31858,388.89,389.09,0.21,5.8,17.4,0.0,0.0,-11.6,-0.0,1262,2260,0,-5,-2
912,130.22,31855,388.85,389.04,0.18,3.8,15.3,0.0,0.0,-11.6,-0.0,1224,2221,0,-4,-1
913,130.30,31853,388.83,389.01,0.18,2.7,15.3,0.0,0.0,-12.6,-0.0,1199,2195,0,-3,-1
914,130.47,31848,388.77,388.96,0.18,3.6,15.3,0.0,-0.1,-11.6,-0.0,1137,2138,0,-3,0
915,130.64,31845,388.73,388.90,0.17,1.6,14.3,0.0,-0.0,-12.6,-0.0,1099,2096,0,-2,0
916,130.80,31838,388.65,388.85,0.21,5.1,17.4,0.0,0.0,-12.2,-0.0,1012,2010,0,-5,0
917,130.88,31838,388.65,388.82,0.18,4.6,15.3,0.0,0.0,-10.7,-0.0,1012,2013,0,-4,0
918,131.04,31832,388.57,388.77,0.20,5.1,16.4,0.0,0.0,-11.3,-0.0,937,1935,0,-5,1
919,131.21,31829,388.54,388.72,0.18,3.3,15.3,0.0,0.0,-12.1,-0.0,899,1895,0,-3,1
920,131.30,31826,388.50,388.69,0.18,1.9,15.3,0.0,0.0,-13.5,-0.0,862,1854,0,-2,1
921,131.47,31823,388.46,388.63,0.17,2.5,14.3,0.0,-0.1,-11.7,-0.0,824,1826,0,-2,1
922,131.63,31818,388.40,388.58,0.17,2.4,14.3,0.0,-0.1,-11.7,-0.0,762,1764,0,-2,1
923,131.79,31816,388.38,388.52,0.15,0.0,12.3,0.0,-0.1,-12.1,-0.0,737,1737,0,0,0
924,131.87,31815,388.37,388.50,0.13,0.3,11.2,0.0,-0.2,-10.8,-0.0,724,1729,0,0,0
925,132.03,31812,388.33,388.45,0.11,-2.8,9.2,0.0,-0.2,-11.8,-0.0,687,3739,0,2,-1
926,132.19,31807,388.27,388.39,0.12,-1.8,10.2,0.0,-0.2,-11.8,-0.0,624,3676,0,1,-1
927,132.36,31807,388.27,388.34,0.07,-6.0,6.1,0.0,-0.3,-11.8,-0.0,624,3679,0,5,-3
928,132.45,31807,388.27,388.31,0.04,-10.0,3.1,0.0,-0.4,-12.6,-0.0,624,3682,0,8,-6
929,132.62,31803,388.22,388.25,0.04,-10.0,3.1,0.0,-0.4,-12.6,-0.0,574,3632,0,7,-6
930,132.77,31799,388.17,388.20,0.02,-10.2,2.0,0.0,-0.4,-11.8,-0.0,524,3581,0,7,-7
931,132.86,31799,388.17,388.17,0.00,-13.3,0.0,0.0,-0.5,-12.8,-0.0,524,3583,0,9,-9
932,133.04,31795,388.12,388.11,-0.01,-13.8,-1.0,0.0,-0.3,-12.5,-0.0,474,3528,0,9,-10
933,133.20,31792,388.09,388.06,-0.02,-14.0,-2.0,0.0,-0.3,-11.7,-0.0,437,3492,0,8,-11
934,133.29,31791,388.07,388.03,-0.05,-17.9,-4.1,0.0,-0.3,-13.5,-0.0,424,3476,0,10,-14
935,133.45,31789,388.05,387.97,-0.07,-18.4,-6.1,0.0,-0.4,-11.9,-0.0,399,3457,0,10,-15
936,133.62,31789,388.05,387.92,-0.13,-23.6,-11.2,0.0,-0.5,-11.9,-0.0,399,3459,0,13,-19
937,133.79,31785,388.00,387.86,-0.15,-25.3,-12.3,0.0,-0.5,-12.5,-0.0,349,3407,0,12,-21
938,133.89,31782,387.96,387.83,-0.13,-25.2,-11.2,0.0,-0.4,-13.5,-0.0,312,3368,0,11,-22
939,134.06,31783,387.98,387.77,-0.21,-30.3,-17.4,0.0,-0.5,-12.4,-0.0,324,3386,0,14,-26
940,134.14,31781,387.95,387.74,-0.21,-31.0,-17.4,0.0,-0.5,-13.2,-0.0,299,3359,0,13,-27
941,134.31,31776,387.89,387.69,-0.21,-29.6,-17.4,0.0,-0.3,-12.0,-0.0,237,3290,0,9,-27
942,134.47,31776,387.89,387.63,-0.26,-33.9,-21.5,0.0,-0.4,-12.0,-0.0,237,3296,0,11,-31
943,134.65,31773,387.85,387.57,-0.28,-36.5,-23.5,0.0,-0.4,-12.6,-0.0,199,3256,0,10,-34
944,134.73,31771,387.83,387.54,-0.28,-36.4,-23.5,0.0,-0.3,-12.6,-0.0,174,3228,0,8,-34
945,134.90,31766,387.77,387.49,-0.28,-36.2,-23.5,0.0,-0.3,-12.4,-0.0,112,3165,0,5,-35
946,135.08,31764,387.74,387.43,-0.32,-40.0,-26.6,0.0,-0.3,-13.1,-0.0,87,3140,0,4,-39
947,135.16,31761,387.71,387.40,-0.31,-38.6,-25.6,0.0,-0.2,-12.9,-0.0,49,3098,0,1,-37
948,135.33,31755,387.63,387.34,-0.29,-36.9,-24.5,0.0,-0.0,-12.3,-0.0,4070,3020,0,-3,-36
949,135.49,31751,387.59,387.29,-0.29,-36.9,-24.5,0.0,-0.0,-12.3,-0.0,4020,2971,0,-6,-35
950,135.58,31747,387.54,387.26,-0.28,-36.8,-23.5,0.0,0.0,-13.3,-0.0,3970,2916,0,-8,-35
951,135.75,31742,387.48,387.20,-0.28,-35.5,-23.5,0.0,0.1,-12.1,-0.0,3908,2852,0,-11,-32
952,135.91,31736,387.40,387.14,-0.26,-33.0,-21.5,0.0,0.2,-11.7,-0.0,3833,2778,0,-14,-29
953,136.00,31734,387.38,387.12,-0.26,-34.5,-21.5,0.0,0.1,-13.1,-0.0,3808,2751,0,-16,-29
954,136.17,31730,387.33,387.06,-0.27,-35.0,-22.5,0.0,0.1,-12.6,-0.0,3758,2703,0,-18,-29
955,136.34,31723,387.24,387.00,-0.24,-32.9,-20.5,0.0,0.1,-12.6,-0.0,3670,2614,0,-21,-24
956,136.51,31715,387.15,386.94,-0.21,-29.3,-17.4,0.0,0.2,-12.2,-0.0,3570,2511,0,-22,-19
957,136.60,31715,387.15,386.91,-0.23,-33.6,-19.4,0.0,0.1,-14.2,-0.0,3570,2511,0,-25,-21
958,136.76,31707,387.05,386.85,-0.20,-28.6,-16.4,0.0,0.2,-12.4,-0.0,3470,2412,0,-23,-15
959,136.93,31700,386.96,386.80,-0.17,-26.3,-14.3,0.0,0.4,-12.4,-0.0,3383,2318,0,-23,-10
960,137.03,31697,386.93,386.76,-0.16,-27.5,-13.3,0.0,0.3,-14.5,-0.0,3345,2277,0,-25,-9
961,137.20,31689,386.83,386.71,-0.12,-22.2,-10.2,0.0,0.3,-12.2,-0.0,3245,2184,0,-21,-4
962,137.29,31686,386.79,386.68,-0.12,-23.7,-10.2,0.0,0.4,-13.9,-0.0,3208,2137,0,-23,-3
963,137.45,31680,386.72,386.62,-0.10,-20.3,-8.2,0.0,0.4,-12.5,-0.0,3133,2070,0,-20,-1
964,137.61,31672,386.62,386.56,-0.06,-17.2,-5.1,0.0,0.4,-12.5,-0.0,3033,1968,0,-17,2
965,137.78,31666,386.55,386.51,-0.04,-15.1,-3.1,0.0,0.5,-12.5,-0.0,2958,1892,0,-14,3
966,137.87,31662,386.50,386.48,-0.02,-14.8,-2.0,0.0,0.4,-13.1,-0.0,2908,1842,0,-14,4
967,138.03,31656,386.43,386.42,-0.01,-12.8,-1.0,0.0,0.3,-12.1,-0.0,2833,1771,0,-11,5
968,138.20,31648,386.33,386.36,0.04,-8.9,3.1,0.0,0.4,-12.3,-0.0,2733,1668,0,-7,5
969,138.28,31645,386.29,386.33,0.04,-9.7,3.1,0.0,0.4,-13.2,-0.0,2695,1629,0,-8,6
970,138.45,31636,386.18,386.27,0.10,-3.7,8.2,0.0,0.5,-12.4,-0.0,2583,1515,0,-2,3
971,138.63,31633,386.15,386.21,0.07,-5.9,6.1,0.0,0.4,-12.4,-0.0,2545,1482,0,-4,4
972,138.71,31630,386.11,386.18,0.07,-6.8,6.1,0.0,0.3,-13.2,-0.0,2508,1444,0,-4,5
973,138.88,31620,385.99,386.13,0.13,-1.0,11.2,0.0,0.4,-12.6,-0.0,2383,1318,0,0,1
974,139.04,31613,385.90,386.07,0.17,2.7,14.3,0.0,0.4,-12.0,-0.0,2295,3281,0,1,-2
975,139.22,31606,385.82,386.01,0.20,3.4,16.4,0.0,0.5,-13.5,-0.0,2208,3186,0,1,-3
976,139.31,31604,385.79,385.98,0.18,2.1,15.3,0.0,0.4,-13.7,-0.0,2183,3161,0,0,-2
977,139.47,31598,385.72,385.92,0.20,3.7,16.4,0.0,0.2,-12.9,-0.0,2108,3095,0,0,-4
978,139.63,31593,385.66,385.86,0.21,5.1,17.4,0.0,0.2,-12.5,-0.0,2045,3035,0,0,-5
979,139.72,31590,385.62,385.83,0.21,3.6,17.4,0.0,0.1,-13.9,-0.0,2008,2995,0,0,-3
980,139.88,31587,385.58,385.78,0.20,4.1,16.4,0.0,0.0,-12.3,-0.0,1970,2966,0,-1,-4
981,140.05,31579,385.49,385.72,0.23,7.1,19.4,0.0,0.1,-12.5,-0.0,1870,2861,0,-2,-7
982,140.14,31576,385.45,385.69,0.23,5.8,19.4,0.0,0.1,-13.8,-0.0,1833,2821,0,-2,-5
983,140.30,31570,385.38,385.63,0.26,9.4,21.5,0.0,0.2,-12.3,-0.0,1758,2749,0,-4,-8
984,140.47,31567,385.34,385.57,0.23,6.2,19.4,0.0,0.1,-13.4,-0.0,1720,2710,0,-3,-5
985,140.63,31565,385.31,385.51,0.20,3.6,16.4,0.0,-0.0,-12.8,-0.0,1695,2692,0,-2,-3
986,140.72,31562,385.28,385.48,0.21,4.1,17.4,0.0,-0.1,-13.2,-0.0,1658,2656,0,-2,-3
987,140.88,31555,385.19,385.43,0.23,6.6,19.4,0.0,-0.0,-12.8,-0.0,1570,2567,0,-4,-5
988,141.05,31551,385.14,385.37,0.22,5.8,18.4,0.0,-0.0,-12.6,-0.0,1520,2517,0,-4,-4
989,141.14,31548,385.11,385.34,0.23,5.8,19.4,0.0,0.0,-13.6,-0.0,1483,2477,0,-4,-3
990,141.30,31543,385.05,385.28,0.23,6.5,19.4,0.0,0.1,-13.0,-0.0,1420,2411,0,-5,-3
991,141.47,31539,385.00,385.22,0.22,5.3,18.4,0.0,-0.0,-13.0,-0.0,1370,2367,0,-5,-2
992,141.64,31538,384.99,385.16,0.17,1.1,14.3,0.0,-0.2,-13.1,-0.0,1358,2359,0,-1,0
993,141.72,31536,384.96,385.13,0.17,0.4,14.3,0.0,-0.2,-13.7,-0.0,1333,2333,0,0,0
994,141.89,31528,384.86,385.07,0.21,5.2,17.4,0.0,-0.1,-12.0,-0.0,1233,2235,0,-5,-1
995,142.06,31525,384.83,385.01,0.18,2.3,15.3,0.0,-0.1,-12.9,-0.0,1195,2195,0,-2,-1
996,142.15,31522,384.79,384.98,0.18,0.8,15.3,0.0,-0.1,-14.4,-0.0,1158,2154,0,-1,0
997,142.31,31522,384.79,384.92,0.12,-2.6,10.2,0.0,-0.2,-12.7,-0.0,1158,111,0,3,0
998,142.48,31520,384.77,384.86,0.10,-5.1,8.2,0.0,-0.4,-12.9,-0.0,1133,93,0,5,1
999,142.57,31518,384.74,384.83,0.09,-7.9,7.2,0.0,-0.4,-14.6,-0.0,1108,68,0,8,1
1000,142.74,31517,384.73,384.77,0.04,-10.4,3.1,0.0,-0.5,-12.9,-0.0,1095,59,0,10,1
1001,142.91,31509,384.63,384.71,0.07,-6.7,6.1,0.0,-0.3,-12.5,-0.0,995,4048,0,6,0
1002,143.00,31509,384.63,384.67,0.05,-10.4,4.1,0.0,-0.3,-14.2,-0.0,995,4046,0,10,-1
1003,143.17,31508,384.62,384.61,0.00,-13.1,0.0,0.0,-0.4,-12.8,-0.0,983,4038,0,13,-1
1004,143.32,31506,384.59,384.56,-0.04,-16.4,-3.1,0.0,-0.4,-13.0,-0.0,958,4014,0,16,-2
1005,143.49,31504,384.57,384.50,-0.07,-19.8,-6.1,0.0,-0.5,-13.2,-0.0,933,3991,0,19,-3
1006,143.58,31504,384.57,384.47,-0.11,-24.2,-9.2,0.0,-0.7,-14.3,-0.0,933,3997,0,23,-4
1007,143.75,31500,384.52,384.40,-0.12,-23.6,-10.2,0.0,-0.5,-12.8,-0.0,883,3942,0,22,-5
1008,143.92,31498,384.50,384.34,-0.16,-27.5,-13.3,0.0,-0.5,-13.7,-0.0,858,3916,0,26,-7
1009,144.01,31495,384.46,384.31,-0.15,-26.4,-12.3,0.0,-0.4,-13.7,-0.0,820,3875,0,24,-8
1010,144.18,31492,384.42,384.25,-0.17,-27.3,-14.3,0.0,-0.4,-12.6,-0.0,783,3838,0,24,-10
1011,144.35,31484,384.33,384.19,-0.13,-24.0,-11.2,0.0,-0.1,-12.7,-0.0,683,3729,0,20,-12
1012,144.44,31484,384.33,384.16,-0.17,-29.3,-14.3,0.0,-0.2,-14.8,-0.0,683,3729,0,24,-15
1013,144.61,31482,384.30,384.09,-0.21,-30.5,-17.4,0.0,-0.2,-12.9,-0.0,658,3707,0,24,-17
1014,144.77,31481,384.29,384.03,-0.26,-35.2,-21.5,0.0,-0.4,-13.3,-0.0,645,3699,0,28,-19
1015,144.86,31480,384.28,384.00,-0.27,-36.4,-22.5,0.0,-0.4,-13.6,-0.0,633,3687,0,29,-21
1016,145.03,31474,384.20,383.94,-0.26,-35.1,-21.5,0.0,-0.4,-13.2,-0.0,558,3616,0,25,-23
1017,145.20,31472,384.18,383.88,-0.31,-39.5,-25.6,0.0,-0.4,-13.6,-0.0,533,3587,0,27,-27
1018,145.29,31469,384.14,383.85,-0.29,-38.9,-24.5,0.0,-0.3,-14.0,-0.0,495,3547,0,25,-28
1019,145.45,31463,384.07,383.79,-0.28,-37.0,-23.5,0.0,-0.1,-13.4,-0.0,420,3465,0,20,-30
1020,145.62,31457,384.00,383.73,-0.27,-35.4,-22.5,0.0,0.0,-13.0,-0.0,345,3386,0,16,-30
1021,145.71,31453,383.95,383.69,-0.26,-36.0,-21.5,0.0,0.0,-14.5,-0.0,295,3333,0,14,-32
1022,145.87,31449,383.90,383.63,-0.27,-35.4,-22.5,0.0,0.1,-13.0,-0.0,245,3284,0,11,-32
1023,146.04,31445,383.85,383.57,-0.28,-36.2,-23.5,0.0,0.1,-12.8,-0.0,195,3235,0,9,-34
1024,146.13,31440,383.79,383.54,-0.24,-34.9,-20.5,0.0,0.1,-14.6,-0.0,133,3168,0,5,-33
1025,146.30,31437,383.75,383.48,-0.27,-36.2,-22.5,0.0,0.0,-13.7,-0.0,95,3137,0,3,-35
1026,146.46,31430,383.67,383.42,-0.24,-33.5,-20.5,0.0,0.0,-13.1,-0.0,8,3051,0,-1,-32
1027,146.62,31422,383.57,383.36,-0.21,-30.2,-17.4,0.0,0.2,-13.1,-0.0,4004,2943,0,-6,-29
1028,146.71,31419,383.53,383.33,-0.21,-31.1,-17.4,0.0,0.3,-14.0,-0.0,3966,2902,0,-8,-29
1029,146.88,31412,383.45,383.27,-0.18,-28.8,-15.3,0.0,0.3,-13.8,-0.0,3879,2815,0,-11,-26
1030,147.05,31407,383.39,383.20,-0.18,-28.3,-15.3,0.0,0.2,-13.1,-0.0,3816,2757,0,-13,-24
1031,147.14,31404,383.35,383.17,-0.18,-29.3,-15.3,0.0,0.2,-14.2,-0.0,3779,2714,0,-15,-24
1032,147.30,31394,383.23,383.11,-0.12,-22.8,-10.2,0.0,0.3,-12.9,-0.0,3654,2590,0,-15,-16
1033,147.47,31388,383.15,383.05,-0.11,-22.0,-9.2,0.0,0.3,-13.2,-0.0,3579,2514,0,-16,-14
1034,147.55,31386,383.13,383.02,-0.11,-23.2,-9.2,0.0,0.3,-14.3,-0.0,3554,2489,0,-18,-14
1035,147.73,31375,383.00,382.96,-0.04,-16.6,-3.1,0.0,0.5,-14.1,-0.0,3416,2343,0,-14,-7
1036,147.90,31366,382.89,382.89,0.00,-13.6,0.0,0.0,0.5,-14.1,-0.0,3304,2232,0,-13,-4
1037,147.99,31363,382.85,382.86,0.01,-13.0,1.0,0.0,0.5,-14.5,-0.0,3266,2193,0,-12,-3
1038,148.16,31355,382.75,382.79,0.04,-10.1,3.1,0.0,0.5,-13.7,-0.0,3166,2094,0,-10,-1
1039,148.33,31349,382.68,382.73,0.05,-8.7,4.1,0.0,0.5,-13.2,-0.0,3091,2022,0,-8,0
1040,148.42,31345,382.63,382.70,0.07,-8.0,6.1,0.0,0.4,-14.6,-0.0,3041,1970,0,-8,1
1041,148.59,31338,382.54,382.64,0.10,-5.6,8.2,0.0,0.4,-14.1,-0.0,2954,1888,0,-5,1
1042,148.74,31337,382.53,382.58,0.05,-9.1,4.1,0.0,0.1,-13.3,-0.0,2941,1885,0,-9,2
1043,148.91,31327,382.41,382.52,0.11,-3.8,9.2,0.0,0.2,-13.3,-0.0,2816,1755,0,-3,2
1044,149.00,31324,382.37,382.48,0.11,-4.7,9.2,0.0,0.2,-14.2,-0.0,2779,1716,0,-4,2
1045,149.17,31316,382.28,382.42,0.15,-1.3,12.3,0.0,0.2,-13.8,-0.0,2679,1619,0,-1,1
1046,149.33,31311,382.21,382.36,0.15,-0.5,12.3,0.0,0.4,-13.1,-0.0,2616,1552,0,0,0
1047,149.42,31306,382.15,382.32,0.17,0.1,14.3,0.0,0.4,-14.7,-0.0,2554,3529,0,0,0
1048,149.58,31300,382.08,382.27,0.18,2.5,15.3,0.0,0.3,-13.1,-0.0,2479,3464,0,1,-2
1049,149.75,31293,381.99,382.20,0.21,3.7,17.4,0.0,0.3,-14.0,-0.0,2391,3373,0,2,-3
1050,149.91,31289,381.95,382.14,0.20,2.3,16.4,0.0,0.2,-14.3,-0.0,2341,3325,0,1,-2
1051,150.00,31285,381.90,382.11,0.21,3.6,17.4,0.0,0.2,-14.1,-0.0,2291,3275,0,1,-3
1052,150.17,31281,381.85,382.04,0.20,2.7,16.4,0.0,-0.0,-13.6,-0.0,2241,3235,0,1,-3
1053,150.34,31273,381.75,381.98,0.23,5.8,19.4,0.0,0.0,-13.6,-0.0,2141,3134,0,1,-6
1054,150.43,31271,381.73,381.95,0.22,3.9,18.4,0.0,0.0,-14.5,-0.0,2116,3106,0,0,-4
1055,150.60,31267,381.68,381.88,0.21,4.0,17.4,0.0,0.0,-13.4,-0.0,2066,3059,0,0,-4
1056,150.77,31259,381.58,381.82,0.24,7.0,20.5,0.0,0.2,-13.7,-0.0,1966,2953,0,-1,-7
1057,150.85,31259,381.58,381.79,0.21,3.1,17.4,0.0,0.0,-14.4,-0.0,1966,2956,0,-1,-3
1058,151.02,31251,381.48,381.72,0.24,6.6,20.5,0.0,0.0,-13.9,-0.0,1866,2857,0,-2,-6
1059,151.19,31250,381.47,381.66,0.20,2.8,16.4,0.0,-0.0,-13.5,-0.0,1854,2850,0,-1,-3
1060,151.27,31247,381.43,381.63,0.20,2.6,16.4,0.0,-0.0,-13.7,-0.0,1816,2810,0,-1,-2
1061,151.43,31242,381.37,381.57,0.20,2.9,16.4,0.0,-0.2,-13.3,-0.0,1754,2753,0,-1,-2
1062,151.60,31238,381.32,381.50,0.18,1.0,15.3,0.0,-0.1,-14.2,-0.0,1704,2702,0,-1,-1
1063,151.77,31235,381.29,381.44,0.16,-0.4,13.3,0.0,-0.2,-13.5,-0.0,1666,618,0,0,0
1064,151.86,31232,381.25,381.41,0.16,-1.7,13.3,0.0,-0.1,-14.9,-0.0,1629,576,0,1,1
1065,152.03,31229,381.21,381.34,0.12,-5.2,10.2,0.0,-0.3,-15.1,-0.0,1591,543,0,3,4
1066,152.12,31227,381.19,381.31,0.12,-5.0,10.2,0.0,-0.3,-14.9,-0.0,1566,519,0,3,3
1067,152.29,31223,381.14,381.24,0.11,-4.6,9.2,0.0,-0.3,-13.6,-0.0,1516,471,0,3,3
1068,152.45,31217,381.07,381.18,0.11,-5.0,9.2,0.0,-0.2,-14.1,-0.0,1441,391,0,4,3
1069,152.61,31217,381.07,381.12,0.05,-9.7,4.1,0.0,-0.4,-13.4,-0.0,1441,400,0,8,5
1070,152.69,31215,381.04,381.09,0.05,-10.7,4.1,0.0,-0.3,-14.5,-0.0,1416,370,0,9,6
1071,152.86,31213,381.02,381.03,0.01,-12.8,1.0,0.0,-0.4,-13.4,-0.0,1391,349,0,11,6
1072,153.03,31206,380.93,380.96,0.02,-12.6,2.0,0.0,-0.3,-14.3,-0.0,1304,258,0,11,5
1073,153.20,31206,380.93,380.90,-0.04,-17.0,-3.1,0.0,-0.5,-13.4,-0.0,1304,264,0,15,6
1074,153.28,31203,380.90,380.86,-0.04,-18.2,-3.1,0.0,-0.3,-14.8,-0.0,1266,220,0,17,6
1075,153.45,31200,380.86,380.80,-0.06,-19.9,-5.1,0.0,-0.4,-14.4,-0.0,1229,185,0,18,5
1076,153.62,31198,380.83,380.73,-0.10,-22.3,-8.2,0.0,-0.4,-13.7,-0.0,1204,163,0,21,5
1077,153.71,31197,380.82,380.70,-0.12,-25.8,-10.2,0.0,-0.5,-15.1,-0.0,1191,153,0,24,6
1078,153.88,31192,380.76,380.63,-0.13,-26.2,-11.2,0.0,-0.4,-14.6,-0.0,1129,84,0,25,3
1079,154.05,31189,380.73,380.57,-0.16,-27.0,-13.3,0.0,-0.4,-13.3,-0.0,1091,50,0,26,2
1080,154.13,31189,380.73,380.54,-0.18,-30.7,-15.3,0.0,-0.4,-14.9,-0.0,1091,50,0,30,2
1081,154.30,31188,380.71,380.47,-0.24,-34.8,-20.5,0.0,-0.5,-13.8,-0.0,1079,41,0,34,2
1082,154.47,31183,380.65,380.41,-0.24,-34.7,-20.5,0.0,-0.4,-13.8,-0.0,1016,4070,0,34,-1
1083,154.55,31183,380.65,380.37,-0.28,-39.2,-23.5,0.0,-0.5,-15.2,-0.0,1016,4074,0,38,-1
1084,154.72,31178,380.59,380.31,-0.28,-37.8,-23.5,0.0,-0.5,-13.8,-0.0,954,4010,0,36,-5
1085,154.89,31170,380.49,380.25,-0.24,-34.2,-20.5,0.0,-0.1,-13.6,-0.0,854,3900,0,32,-10
1086,155.06,31166,380.44,380.18,-0.27,-38.3,-22.5,0.0,-0.1,-15.7,-0.0,804,3845,0,34,-14
1087,155.15,31163,380.41,380.14,-0.27,-37.3,-22.5,0.0,-0.1,-14.8,-0.0,766,3807,0,33,-16
1088,155.32,31156,380.32,380.08,-0.24,-34.6,-20.5,0.0,0.1,-14.3,-0.0,679,3714,0,28,-19
1089,155.40,31155,380.31,380.05,-0.27,-37.2,-22.5,0.0,0.0,-14.8,-0.0,666,3703,0,30,-20
1090,155.57,31153,380.29,379.98,-0.31,-40.1,-25.6,0.0,-0.2,-14.3,-0.0,641,3688,0,32,-23
1091,155.74,31145,380.19,379.91,-0.27,-37.3,-22.5,0.0,0.0,-14.8,-0.0,541,3581,0,25,-26
1092,155.91,31141,380.14,379.85,-0.29,-38.9,-24.5,0.0,-0.2,-14.1,-0.0,491,3538,0,25,-28
1093,155.99,31138,380.10,379.82,-0.28,-36.7,-23.5,0.0,-0.1,-13.0,-0.0,454,3501,0,22,-28
1094,156.16,31128,379.98,379.75,-0.23,-33.5,-19.4,0.0,0.1,-14.2,-0.0,329,3364,0,14,-29
1095,156.33,31119,379.87,379.69,-0.18,-29.1,-15.3,0.0,0.5,-14.2,-0.0,216,3242,0,7,-27
1096,156.42,31118,379.86,379.65,-0.21,-33.2,-17.4,0.0,0.2,-16.0,-0.0,204,3231,0,8,-31
1097,156.58,31115,379.82,379.58,-0.23,-33.7,-19.4,0.0,0.2,-14.4,-0.0,166,3199,0,6,-32
1098,156.75,31106,379.71,379.52,-0.20,-30.6,-16.4,0.0,0.2,-14.5,-0.0,54,3086,0,1,-30
1099,156.84,31101,379.65,379.49,-0.17,-29.0,-14.3,0.0,0.2,-14.9,-0.0,4087,3022,0,-2,-28
1100,157.02,31097,379.60,379.42,-0.18,-31.0,-15.3,0.0,0.0,-15.6,-0.0,4037,2978,0,-4,-30
1101,157.18,31089,379.50,379.35,-0.16,-26.5,-13.3,0.0,0.3,-13.6,-0.0,3937,2873,0,-8,-25
1102,157.27,31081,379.41,379.32,-0.10,-23.4,-8.2,0.0,0.5,-15.7,-0.0,3837,2759,0,-10,-20
1103,157.44,31074,379.32,379.25,-0.07,-19.5,-6.1,0.0,0.4,-13.8,-0.0,3750,2681,0,-11,-16
1104,157.60,31068,379.25,379.18,-0.06,-18.9,-5.1,0.0,0.3,-14.1,-0.0,3675,2609,0,-12,-14
1105,157.69,31066,379.22,379.15,-0.07,-20.3,-6.1,0.0,0.4,-14.5,-0.0,3650,2580,0,-13,-14
1106,157.85,31055,379.09,379.08,0.00,-13.3,0.0,0.0,0.6,-13.9,-0.0,3512,2440,0,-11,-7
1107,158.03,31044,378.96,379.02,0.06,-9.7,5.1,0.0,0.5,-15.3,-0.0,3375,2300,0,-9,-4
1108,158.12,31039,378.89,378.98,0.09,-7.8,7.2,0.0,0.6,-15.5,-0.0,3312,2233,0,-7,-2
1109,158.29,31033,378.82,378.92,0.10,-5.4,8.2,0.0,0.6,-14.1,-0.0,3237,2163,0,-5,-1
1110,158.45,31026,378.74,378.85,0.11,-4.0,9.2,0.0,0.5,-13.7,-0.0,3150,2080,0,-4,0
1111,158.54,31023,378.70,378.81,0.11,-6.2,9.2,0.0,0.4,-15.8,-0.0,3112,2037,0,-6,0
1112,158.71,31015,378.60,378.75,0.15,-2.0,12.3,0.0,0.3,-14.6,-0.0,3012,1945,0,-2,0
1113,158.87,31010,378.54,378.68,0.15,-1.4,12.3,0.0,0.2,-13.9,-0.0,2950,1889,0,-1,0
1114,159.04,31003,378.45,378.61,0.16,-0.9,13.3,0.0,0.2,-14.4,-0.0,2862,1798,0,-1,0
1115,159.13,31001,378.43,378.58,0.15,-3.0,12.3,0.0,0.1,-15.4,-0.0,2837,1774,0,-3,1
1116,159.29,30993,378.33,378.51,0.18,0.6,15.3,0.0,0.2,-14.9,-0.0,2737,3721,0,0,0
1117,159.46,30988,378.27,378.45,0.17,-0.1,14.3,0.0,0.0,-14.5,-0.0,2675,1618,0,0,0
1118,159.54,30984,378.22,378.42,0.20,2.3,16.4,0.0,0.2,-14.2,-0.0,2625,3611,0,2,-2
1119,159.70,30976,378.12,378.35,0.23,6.2,19.4,0.0,0.3,-13.5,-0.0,2525,3511,0,4,-5
1120,159.87,30971,378.06,378.29,0.22,4.5,18.4,0.0,0.1,-14.0,-0.0,2462,3451,0,2,-4
1121,160.04,30964,377.98,378.22,0.23,4.4,19.4,0.0,0.2,-15.2,-0.0,2375,3358,0,2,-4
1122,160.13,30962,377.95,378.18,0.23,3.9,19.4,0.0,0.2,-15.7,-0.0,2350,3332,0,1,-4
1123,160.30,30955,377.87,378.11,0.24,6.5,20.5,0.0,0.1,-14.1,-0.0,2262,3250,0,2,-6
1124,160.46,30950,377.81,378.05,0.24,6.4,20.5,0.0,0.0,-14.1,-0.0,2200,3193,0,1,-6
1125,160.55,30947,377.77,378.01,0.24,5.7,20.5,0.0,0.1,-14.8,-0.0,2162,3150,0,1,-6
1126,160.71,30943,377.72,377.95,0.23,5.3,19.4,0.0,0.0,-14.1,-0.0,2112,3106,0,0,-5
1127,160.87,30938,377.66,377.88,0.22,4.0,18.4,0.0,-0.0,-14.4,-0.0,2050,3043,0,0,-4
1128,161.03,30931,377.58,377.82,0.24,5.4,20.5,0.0,0.0,-15.1,-0.0,1962,2951,0,-1,-5
1129,161.12,30928,377.54,377.78,0.24,5.1,20.5,0.0,0.0,-15.3,-0.0,1925,2914,0,-1,-5
1130,161.28,30925,377.50,377.72,0.22,3.7,18.4,0.0,-0.0,-14.6,-0.0,1887,2881,0,-1,-3
1131,161.45,30919,377.43,377.65,0.22,4.0,18.4,0.0,0.0,-14.4,-0.0,1812,2803,0,-2,-4
1132,161.54,30918,377.42,377.61,0.20,-0.1,16.4,0.0,-0.1,-16.3,-0.0,1800,743,0,0,0
1133,161.70,30914,377.37,377.55,0.18,1.2,15.3,0.0,-0.2,-13.9,-0.0,1750,2750,0,-1,-1
1134,161.86,30910,377.32,377.48,0.16,-1.1,13.3,0.0,-0.2,-14.2,-0.0,1700,650,0,1,1
1135,162.04,30903,377.23,377.41,0.18,-0.5,15.3,0.0,-0.1,-15.7,-0.0,1612,558,0,0,0
1136,162.11,30901,377.21,377.38,0.17,0.6,14.3,0.0,-0.2,-13.5,-0.0,1587,2586,0,0,0
1137,162.28,30897,377.16,377.32,0.16,-1.3,13.3,0.0,-0.1,-14.5,-0.0,1537,485,0,1,1
1138,162.43,30894,377.12,377.25,0.12,-4.6,10.2,0.0,-0.1,-14.7,-0.0,1500,447,0,3,3
1139,162.60,30896,377.15,377.18,0.04,-11.8,3.1,0.0,-0.6,-14.3,-0.0,1525,489,0,8,8
1140,162.68,30892,377.10,377.15,0.05,-11.9,4.1,0.0,-0.5,-15.5,-0.0,1475,433,0,9,7
1141,162.85,30888,377.05,377.08,0.04,-12.4,3.1,0.0,-0.5,-15.0,-0.0,1425,384,0,10,7
1142,163.01,30886,377.03,377.02,-0.01,-16.5,-1.0,0.0,-0.7,-14.8,-0.0,1400,364,0,14,8
1143,163.17,30884,377.00,376.95,-0.05,-18.9,-4.1,0.0,-0.5,-14.3,-0.0,1375,333,0,16,9
1144,163.26,30882,376.98,376.91,-0.06,-21.5,-5.1,0.0,-0.4,-16.0,-0.0,1350,303,0,19,9
1145,163.43,30874,376.88,376.85,-0.04,-17.9,-3.1,0.0,-0.3,-14.6,-0.0,1250,202,0,17,5
1146,163.61,30873,376.87,376.78,-0.10,-23.7,-8.2,0.0,-0.5,-15.1,-0.0,1237,194,0,22,7
1147,163.69,30873,376.87,376.74,-0.13,-28.5,-11.2,0.0,-0.4,-16.8,-0.0,1237,192,0,26,8
1148,163.85,30865,376.77,376.67,-0.10,-22.7,-8.2,0.0,-0.2,-14.4,-0.0,1137,86,0,22,3
1149,164.03,30865,376.77,376.60,-0.17,-30.7,-14.3,0.0,-0.5,-15.9,-0.0,1137,96,0,29,4
1150,164.12,30864,376.76,376.56,-0.20,-33.0,-16.4,0.0,-0.6,-16.1,-0.0,1125,85,0,32,4
1151,164.29,30859,376.70,376.50,-0.20,-31.6,-16.4,0.0,-0.4,-14.9,-0.0,1062,18,0,31,1
1152,164.45,30856,376.66,376.43,-0.23,-34.2,-19.4,0.0,-0.4,-14.4,-0.0,1025,4077,0,33,-1
1153,164.54,30854,376.64,376.39,-0.24,-37.4,-20.5,0.0,-0.5,-16.4,-0.0,1000,4055,0,36,-2
1154,164.71,30850,376.59,376.32,-0.27,-37.6,-22.5,0.0,-0.4,-14.7,-0.0,950,4000,0,36,-5
1155,164.87,30844,376.51,376.25,-0.26,-36.2,-21.5,0.0,-0.2,-14.5,-0.0,875,3923,0,34,-9
1156,165.04,30842,376.49,376.19,-0.31,-41.3,-25.6,0.0,-0.3,-15.5,-0.0,850,3897,0,38,-12
1157,165.12,30839,376.45,376.15,-0.31,-41.6,-25.6,0.0,-0.3,-15.7,-0.0,812,3858,0,38,-14
1158,165.29,30831,376.35,376.08,-0.27,-37.5,-22.5,0.0,-0.0,-15.0,-0.0,712,3752,0,31,-18
1159,165.46,30825,376.28,376.01,-0.27,-37.1,-22.5,0.0,-0.1,-14.5,-0.0,637,3680,0,29,-21
1160,165.54,30822,376.25,375.98,-0.27,-38.5,-22.5,0.0,-0.0,-16.0,-0.0,600,3637,0,28,-24
1161,165.71,30819,376.21,375.91,-0.31,-40.8,-25.6,0.0,0.0,-15.3,-0.0,562,3600,0,29,-27
1162,165.88,30811,376.11,375.84,-0.28,-38.8,-23.5,0.0,0.0,-15.3,-0.0,462,3498,0,23,-30
1163,165.97,30811,376.11,375.80,-0.32,-43.1,-26.6,0.0,-0.2,-16.3,-0.0,462,3502,0,26,-33
1164,166.14,30802,376.00,375.73,-0.27,-37.1,-22.5,0.0,0.0,-14.6,-0.0,350,3390,0,17,-32
1165,166.31,30795,375.92,375.66,-0.26,-35.9,-21.5,0.0,0.1,-14.6,-0.0,262,3297,0,12,-33
1166,166.39,30791,375.87,375.62,-0.24,-36.3,-20.5,0.0,0.2,-16.1,-0.0,212,3240,0,9,-34
1167,166.56,30785,375.79,375.55,-0.24,-35.2,-20.5,0.0,0.1,-14.9,-0.0,137,3171,0,5,-34
1168,166.72,30774,375.66,375.49,-0.17,-28.7,-14.3,0.0,0.5,-14.9,-0.0,0,3023,0,-2,-28
1169,166.89,30768,375.59,375.41,-0.17,-29.9,-14.3,0.0,0.3,-15.9,-0.0,4021,2950,0,-5,-28
1170,166.98,30763,375.52,375.38,-0.15,-27.2,-12.3,0.0,0.4,-15.4,-0.0,3958,2886,0,-7,-25
1171,167.15,30756,375.44,375.31,-0.13,-25.5,-11.2,0.0,0.4,-14.7,-0.0,3871,2801,0,-10,-23
1172,167.32,30746,375.32,375.24,-0.09,-22.2,-7.2,0.0,0.4,-15.4,-0.0,3746,2673,0,-12,-18
1173,167.40,30741,375.26,375.20,-0.05,-19.6,-4.1,0.0,0.4,-15.9,-0.0,3683,2608,0,-12,-14
1174,167.57,30732,375.15,375.13,-0.01,-15.1,-1.0,0.0,0.6,-14.7,-0.0,3571,2496,0,-11,-9
1175,167.74,30724,375.05,375.06,0.01,-12.9,1.0,0.0,0.6,-14.5,-0.0,3471,2397,0,-11,-6
1176,167.83,30722,375.02,375.02,0.00,-16.0,0.0,0.0,0.5,-16.5,-0.0,3446,2369,0,-14,-7
1177,168.00,30713,374.91,374.95,0.04,-11.0,3.1,0.0,0.4,-14.5,-0.0,3333,2263,0,-10,-3
1178,168.17,30705,374.82,374.88,0.06,-9.3,5.1,0.0,0.4,-14.8,-0.0,3233,2165,0,-9,-2
1179,168.25,30702,374.78,374.85,0.06,-10.6,5.1,0.0,0.3,-16.0,-0.0,3196,2126,0,-10,-1
1180,168.42,30689,374.62,374.77,0.16,-1.2,13.3,0.0,0.5,-15.0,-0.0,3033,1959,0,-1,0
1181,168.59,30682,374.54,374.70,0.17,-0.6,14.3,0.0,0.6,-15.5,-0.0,2946,1866,0,-1,0
1182,168.68,30679,374.50,374.67,0.17,-1.0,14.3,0.0,0.5,-15.8,-0.0,2908,1833,0,-1,0
1183,168.84,30672,374.41,374.60,0.18,-0.0,15.3,0.0,0.5,-15.8,-0.0,2821,1747,0,0,0
1184,169.01,30664,374.32,374.53,0.21,4.0,17.4,0.0,0.4,-13.8,-0.0,2721,3702,0,3,-2
1185,169.17,30658,374.24,374.46,0.22,3.8,18.4,0.0,0.3,-14.8,-0.0,2646,3629,0,3,-2
1186,169.26,30655,374.21,374.42,0.22,2.0,18.4,0.0,0.2,-16.6,-0.0,2608,3589,0,1,-1
1187,169.43,30652,374.17,374.35,0.18,-0.2,15.3,0.0,0.0,-15.6,-0.0,2571,1511,0,0,0
1188,169.60,30638,374.00,374.28,0.28,7.5,23.5,0.0,0.3,-16.4,-0.0,2396,3373,0,3,-6
1189,169.69,30637,373.99,374.24,0.26,4.5,21.5,0.0,0.2,-17.2,-0.0,2383,3364,0,2,-4
1190,169.86,30633,373.94,374.17,0.23,4.1,19.4,0.0,0.0,-15.4,-0.0,2333,3321,0,1,-4
1191,170.03,30624,373.83,374.09,0.27,6.9,22.5,0.0,0.3,-15.9,-0.0,2221,3198,0,1,-7
1192,170.11,30621,373.79,374.06,0.27,6.4,22.5,0.0,0.3,-16.4,-0.0,2183,3159,0,1,-6
1193,170.29,30615,373.72,373.98,0.27,6.3,22.5,0.0,-0.0,-16.2,-0.0,2108,3097,0,0,-6
1194,170.45,30607,373.62,373.91,0.29,9.8,24.5,0.0,0.2,-15.0,-0.0,2008,2991,0,-1,-9
1195,170.54,30606,373.61,373.88,0.27,5.9,22.5,0.0,0.1,-16.7,-0.0,1996,2978,0,-1,-6
1196,170.71,30599,373.52,373.81,0.28,8.3,23.5,0.0,0.0,-15.2,-0.0,1908,2896,0,-2,-8
1197,170.87,30595,373.47,373.73,0.26,6.1,21.5,0.0,-0.1,-15.2,-0.0,1858,2851,0,-2,-6
1198,171.03,30588,373.39,373.67,0.28,8.6,23.5,0.0,0.1,-15.0,-0.0,1771,2758,0,-4,-7
1199,171.12,30585,373.35,373.63,0.28,6.9,23.5,0.0,-0.0,-16.5,-0.0,1733,2722,0,-3,-6
1200,171.28,30581,373.30,373.56,0.26,6.2,21.5,0.0,-0.0,-15.3,-0.0,1683,2674,0,-3,-5
1201,171.44,30579,373.28,373.49,0.21,1.3,17.4,0.0,-0.3,-15.8,-0.0,1658,2656,0,-1,-1
1202,171.61,30574,373.22,373.42,0.20,-0.8,16.4,0.0,-0.3,-16.8,-0.0,1596,543,0,0,1
1203,171.70,30571,373.18,373.38,0.20,-0.5,16.4,0.0,-0.3,-16.6,-0.0,1558,507,0,0,0
1204,171.86,30566,373.12,373.31,0.20,0.5,16.4,0.0,-0.3,-15.6,-0.0,1496,2494,0,0,0
1205,172.03,30557,373.01,373.24,0.23,3.3,19.4,0.0,-0.0,-16.1,-0.0,1383,2374,0,-3,-2
1206,172.12,30556,373.00,373.20,0.20,-1.1,16.4,0.0,-0.0,-17.4,-0.0,1371,310,0,1,0
1207,172.29,30554,372.97,373.13,0.16,-1.7,13.3,0.0,-0.1,-14.9,-0.0,1346,294,0,1,1
1208,172.46,30549,372.91,373.05,0.15,-3.0,12.3,0.0,-0.1,-15.1,-0.0,1283,231,0,3,1
1209,172.54,30549,372.91,373.02,0.11,-7.5,9.2,0.0,-0.3,-16.4,-0.0,1283,233,0,7,3
1210,172.71,30548,372.90,372.95,0.05,-12.5,4.1,0.0,-0.7,-15.9,-0.0,1271,234,0,11,4
1211,172.87,30542,372.83,372.87,0.05,-11.7,4.1,0.0,-0.4,-15.4,-0.0,1196,151,0,11,3
1212,172.96,30539,372.79,372.84,0.05,-12.3,4.1,0.0,-0.4,-15.9,-0.0,1158,111,0,12,2
1213,173.12,30539,372.79,372.77,-0.02,-18.1,-2.0,0.0,-0.6,-15.4,-0.0,1158,119,0,17,3
1214,173.29,30535,372.74,372.69,-0.05,-20.5,-4.1,0.0,-0.5,-16.0,-0.0,1108,63,0,20,2
1215,173.45,30530,372.68,372.62,-0.06,-20.7,-5.1,0.0,-0.4,-15.2,-0.0,1046,4095,0,20,0
1216,173.55,30528,372.66,372.58,-0.07,-24.4,-6.1,0.0,-0.5,-17.8,-0.0,1021,4070,0,24,-1
1217,173.71,30526,372.63,372.51,-0.12,-26.0,-10.2,0.0,-0.5,-15.2,-0.0,996,4049,0,25,-2
1218,173.88,30518,372.53,372.44,-0.10,-23.4,-8.2,0.0,-0.2,-15.0,-0.0,896,3941,0,22,-5
1219,173.96,30515,372.50,372.40,-0.10,-25.2,-8.2,0.0,-0.2,-16.8,-0.0,858,3899,0,23,-7
1220,174.13,30513,372.47,372.33,-0.15,-28.1,-12.3,0.0,-0.3,-15.5,-0.0,833,3880,0,26,-9
1221,174.30,30510,372.44,372.26,-0.18,-32.2,-15.3,0.0,-0.3,-16.6,-0.0,796,3841,0,29,-12
1222,174.38,30507,372.40,372.22,-0.18,-31.6,-15.3,0.0,-0.2,-16.1,-0.0,758,3801,0,28,-13
1223,174.55,30505,372.38,372.15,-0.23,-35.5,-19.4,0.0,-0.5,-15.6,-0.0,733,3786,0,31,-16
1224,174.72,30499,372.30,372.07,-0.23,-36.2,-19.4,0.0,-0.4,-16.4,-0.0,658,3705,0,29,-20
1225,174.81,30498,372.29,372.03,-0.26,-39.3,-21.5,0.0,-0.4,-17.4,-0.0,646,3694,0,31,-22
1226,174.97,30494,372.24,371.96,-0.28,-40.5,-23.5,0.0,-0.4,-16.7,-0.0,596,3643,0,30,-25
1227,175.15,30484,372.12,371.88,-0.23,-36.0,-19.4,0.0,-0.1,-16.4,-0.0,471,3511,0,22,-27
1228,175.23,30480,372.07,371.85,-0.22,-35.3,-18.4,0.0,0.0,-16.9,-0.0,421,3455,0,19,-28
1229,175.40,30478,372.05,371.77,-0.27,-38.0,-22.5,0.0,-0.1,-15.4,-0.0,396,3439,0,20,-31
1230,175.58,30471,371.96,371.70,-0.26,-38.1,-21.5,0.0,0.1,-16.7,-0.0,308,3340,0,15,-34
1231,175.66,30468,371.92,371.66,-0.27,-40.2,-22.5,0.0,0.0,-17.8,-0.0,271,3301,0,13,-37
1232,175.83,30460,371.83,371.59,-0.24,-36.4,-20.5,0.0,-0.0,-15.9,-0.0,171,3208,0,7,-35
1233,176.00,30454,371.75,371.51,-0.24,-35.8,-20.5,0.0,0.0,-15.4,-0.0,96,3131,0,3,-35
1234,176.09,30449,371.69,371.47,-0.22,-36.6,-18.4,0.0,0.2,-18.3,-0.0,33,3057,0,-1,-35
1235,176.26,30442,371.61,371.40,-0.21,-33.7,-17.4,0.0,0.2,-16.5,-0.0,4042,2975,0,-5,-32
1236,176.42,30434,371.51,371.32,-0.18,-30.5,-15.3,0.0,0.3,-15.5,-0.0,3942,2875,0,-9,-28
1237,176.59,30428,371.44,371.25,-0.18,-31.4,-15.3,0.0,0.2,-16.3,-0.0,3867,2800,0,-12,-28
1238,176.69,30424,371.39,371.21,-0.18,-32.7,-15.3,0.0,0.2,-17.6,-0.0,3817,2746,0,-15,-28
1239,176.85,30414,371.26,371.13,-0.13,-27.3,-11.2,0.0,0.3,-16.3,-0.0,3692,2622,0,-17,-20
1240,177.02,30408,371.19,371.06,-0.13,-27.8,-11.2,0.0,0.3,-16.8,-0.0,3617,2545,0,-19,-19
1241,177.10,30406,371.17,371.02,-0.15,-28.5,-12.3,0.0,0.1,-16.3,-0.0,3592,2526,0,-20,-18
1242,177.27,30397,371.06,370.95,-0.11,-24.8,-9.2,0.0,0.3,-15.8,-0.0,3479,2410,0,-20,-13
1243,177.44,30389,370.96,370.88,-0.09,-22.7,-7.2,0.0,0.3,-15.8,-0.0,3379,2311,0,-20,-9
1244,177.59,30382,370.87,370.81,-0.06,-20.5,-5.1,0.0,0.2,-15.6,-0.0,3292,2227,0,-19,-5
1245,177.67,30377,370.81,370.77,-0.05,-20.9,-4.1,0.0,0.3,-17.2,-0.0,3229,2155,0,-20,-3
1246,177.84,30366,370.68,370.70,0.01,-14.8,1.0,0.0,0.6,-16.4,-0.0,3092,2013,0,-14,1
1247,178.02,30358,370.58,370.62,0.04,-12.7,3.1,0.0,0.4,-16.1,-0.0,2992,1918,0,-12,2
1248,178.10,30354,370.53,370.58,0.05,-12.9,4.1,0.0,0.5,-17.5,-0.0,2942,1862,0,-12,4
1249,178.26,30345,370.42,370.51,0.09,-7.4,7.2,0.0,0.5,-15.1,-0.0,2829,1754,0,-6,3
1250,178.43,30338,370.34,370.43,0.10,-6.8,8.2,0.0,0.4,-15.4,-0.0,2742,1671,0,-6,4
1251,178.59,30330,370.24,370.36,0.12,-5.3,10.2,0.0,0.4,-15.9,-0.0,2642,1569,0,-4,3
1252,178.68,30325,370.18,370.32,0.15,-4.8,12.3,0.0,0.4,-17.5,-0.0,2579,1502,0,-3,3
1253,178.85,30317,370.08,370.25,0.17,-1.3,14.3,0.0,0.3,-16.0,-0.0,2479,1409,0,-1,1
1254,179.03,30307,369.96,370.17,0.21,0.3,17.4,0.0,0.5,-17.6,-0.0,2354,3322,0,0,0
1255,179.12,30303,369.91,370.13,0.22,0.7,18.4,0.0,0.4,-18.1,-0.0,2304,3272,0,0,-1
1256,179.28,30298,369.85,370.05,0.21,1.7,17.4,0.0,0.3,-16.0,-0.0,2242,3221,0,0,-2
1257,179.44,30287,369.71,369.98,0.27,7.7,22.5,0.0,0.4,-15.2,-0.0,2104,3081,0,0,-7
1258,179.54,30283,369.67,369.94,0.28,6.6,23.5,0.0,0.4,-17.3,-0.0,2054,3025,0,0,-6
1259,179.70,30278,369.60,369.86,0.26,5.9,21.5,0.0,0.2,-15.8,-0.0,1992,2975,0,-1,-6
1260,179.87,30273,369.54,369.79,0.24,3.9,20.5,0.0,0.0,-16.6,-0.0,1929,2915,0,-1,-4
1261,179.95,30270,369.51,369.75,0.24,5.3,20.5,0.0,0.1,-15.2,-0.0,1892,2877,0,-2,-5
1262,180.12,30261,369.40,369.68,0.28,7.5,23.5,0.0,0.0,-16.1,-0.0,1779,2765,0,-3,-6
1263,180.29,30256,369.34,369.60,0.27,5.7,22.5,0.0,0.1,-16.9,-0.0,1717,2701,0,-3,-5
1264,180.37,30251,369.27,369.56,0.28,6.5,23.5,0.0,0.1,-17.2,-0.0,1654,2636,0,-4,-5
1265,180.54,30244,369.19,369.48,0.29,8.6,24.5,0.0,0.2,-16.1,-0.0,1567,2549,0,-6,-6
1266,180.71,30238,369.12,369.41,0.29,8.5,24.5,0.0,0.1,-16.1,-0.0,1492,2477,0,-7,-5
1267,180.80,30234,369.07,369.37,0.31,8.2,25.6,0.0,0.1,-17.5,-0.0,1442,2424,0,-7,-4
1268,180.97,30232,369.04,369.29,0.24,4.0,20.5,0.0,-0.1,-16.4,-0.0,1417,2406,0,-3,-2
1269,181.14,30226,368.97,369.22,0.24,3.7,20.5,0.0,-0.0,-16.7,-0.0,1342,2330,0,-3,-2
1270,181.23,30223,368.93,369.18,0.24,3.0,20.5,0.0,-0.2,-17.2,-0.0,1304,2296,0,-3,-1
1271,181.39,30219,368.88,369.10,0.22,1.7,18.4,0.0,-0.3,-16.5,-0.0,1254,2250,0,-2,0
1272,181.56,30215,368.84,369.03,0.20,-0.1,16.4,0.0,-0.3,-16.2,-0.0,1204,154,0,0,0
1273,181.73,30207,368.74,368.95,0.21,-0.0,17.4,0.0,-0.1,-17.3,-0.0,1104,46,0,0,0
1274,181.81,30205,368.71,368.91,0.20,1.0,16.4,0.0,-0.2,-15.1,-0.0,1079,2074,0,-1,0
1275,181.97,30201,368.66,368.84,0.17,-2.5,14.3,0.0,-0.3,-16.5,-0.0,1029,4073,0,2,0
1276,182.14,30198,368.63,368.76,0.13,-5.2,11.2,0.0,-0.2,-16.2,-0.0,992,4033,0,5,0
1277,182.23,30196,368.60,368.72,0.12,-6.8,10.2,0.0,-0.3,-16.8,-0.0,967,4010,0,7,-1
1278,182.39,30188,368.51,368.65,0.15,-3.4,12.3,0.0,-0.2,-15.5,-0.0,867,3912,0,3,-1
1279,182.55,30182,368.43,368.57,0.13,-5.3,11.2,0.0,-0.3,-16.3,-0.0,792,3836,0,5,-2
1280,182.72,30177,368.37,368.50,0.12,-7.0,10.2,0.0,-0.1,-17.1,-0.0,729,3765,0,6,-3
1281,182.81,30174,368.33,368.46,0.12,-7.5,10.2,0.0,-0.0,-17.7,-0.0,692,3726,0,6,-4
1282,182.97,30172,368.31,368.38,0.07,-10.3,6.1,0.0,-0.1,-16.3,-0.0,667,3708,0,8,-6
1283,183.14,30168,368.26,368.30,0.04,-14.2,3.1,0.0,-0.4,-16.9,-0.0,617,3665,0,11,-8
1284,183.23,30168,368.26,368.26,0.00,-17.9,0.0,0.0,-0.5,-17.4,-0.0,617,3667,0,14,-11
1285,183.39,30164,368.21,368.19,-0.02,-18.7,-2.0,0.0,-0.5,-16.1,-0.0,567,3620,0,13,-12
1286,183.57,30160,368.16,368.11,-0.06,-23.3,-5.1,0.0,-0.5,-17.7,-0.0,517,3566,0,16,-16
1287,183.65,30159,368.15,368.07,-0.09,-25.2,-7.2,0.0,-0.6,-17.5,-0.0,504,3556,0,17,-18
1288,183.82,30158,368.14,367.99,-0.15,-29.9,-12.3,0.0,-0.7,-16.9,-0.0,492,3549,0,19,-22
1289,183.99,30149,368.03,367.91,-0.11,-25.7,-9.2,0.0,-0.3,-16.1,-0.0,379,3425,0,13,-21
1290,184.08,30148,368.02,367.87,-0.15,-31.0,-12.3,0.0,-0.4,-18.3,-0.0,367,3414,0,15,-26
1291,184.25,30148,368.02,367.79,-0.22,-36.5,-18.4,0.0,-0.6,-17.5,-0.0,367,3421,0,18,-30
1292,184.42,30138,367.90,367.71,-0.18,-32.6,-15.3,0.0,-0.3,-17.0,-0.0,242,3284,0,10,-30
1293,184.51,30135,367.86,367.67,-0.18,-33.3,-15.3,0.0,-0.1,-17.8,-0.0,204,3241,0,8,-31
1294,184.68,30131,367.81,367.60,-0.21,-34.5,-17.4,0.0,-0.4,-16.8,-0.0,154,3200,0,7,-33
1295,184.85,30124,367.72,367.52,-0.21,-33.9,-17.4,0.0,-0.0,-16.5,-0.0,67,3103,0,2,-33
1296,184.94,30124,367.72,367.48,-0.24,-39.5,-20.5,0.0,-0.1,-19.0,-0.0,67,3099,0,2,-38
1297,185.10,30118,367.65,367.40,-0.24,-36.4,-20.5,0.0,-0.2,-15.7,-0.0,4088,3037,0,-2,-35
1298,185.27,30113,367.59,367.32,-0.27,-39.3,-22.5,0.0,-0.3,-16.5,-0.0,4025,2973,0,-6,-38
1299,185.44,30105,367.49,367.25,-0.24,-37.6,-20.5,0.0,-0.0,-17.1,-0.0,3925,2865,0,-11,-35
1300,185.53,30101,367.44,367.20,-0.24,-40.7,-20.5,0.0,-0.1,-20.1,-0.0,3875,2811,0,-15,-36
1301,185.69,30095,367.37,367.13,-0.24,-36.7,-20.5,0.0,0.0,-16.3,-0.0,3800,2739,0,-17,-31
1302,185.86,30086,367.26,367.05,-0.21,-34.0,-17.4,0.0,0.2,-16.9,-0.0,3688,2620,0,-21,-25
1303,185.95,30083,367.22,367.01,-0.22,-35.9,-18.4,0.0,0.2,-17.7,-0.0,3650,2580,0,-24,-25
1304,186.11,30079,367.18,366.93,-0.24,-37.1,-20.5,0.0,0.0,-16.6,-0.0,3600,2539,0,-26,-25
1305,186.28,30071,367.08,366.86,-0.22,-34.4,-18.4,0.0,0.1,-16.1,-0.0,3500,2437,0,-28,-19
1306,186.36,30067,367.03,366.82,-0.21,-35.0,-17.4,0.0,0.1,-17.7,-0.0,3450,2382,0,-30,-17
1307,186.53,30056,366.89,366.74,-0.16,-29.5,-13.3,0.0,0.2,-16.4,-0.0,3313,2246,0,-27,-9
1308,186.69,30049,366.81,366.66,-0.15,-28.9,-12.3,0.0,0.3,-16.9,-0.0,3225,2154,0,-28,-5
1309,186.86,30041,366.71,366.58,-0.12,-26.5,-10.2,0.0,0.4,-16.7,-0.0,3125,2052,0,-26,0
1310,186.94,30038,366.67,366.54,-0.13,-29.0,-11.2,0.0,0.3,-18.1,-0.0,3088,2012,0,-28,2
1311,187.11,30026,366.53,366.47,-0.06,-21.1,-5.1,0.0,0.5,-16.4,-0.0,2938,1863,0,-20,6
1312,187.28,30019,366.44,366.39,-0.05,-21.0,-4.1,0.0,0.4,-17.3,-0.0,2850,1776,0,-19,8
1313,187.36,30015,366.39,366.35,-0.05,-21.6,-4.1,0.0,0.4,-17.8,-0.0,2800,1723,0,-18,10
1314,187.53,30005,366.27,366.27,0.00,-15.7,0.0,0.0,0.5,-16.2,-0.0,2675,1601,0,-12,10
1315,187.70,29998,366.19,366.19,0.00,-16.0,0.0,0.0,0.4,-16.5,-0.0,2588,1514,0,-11,11
1316,187.87,29990,366.09,366.11,0.02,-14.4,2.0,0.0,0.3,-16.8,-0.0,2488,1417,0,-8,12
1317,187.95,29985,366.03,366.07,0.05,-13.4,4.1,0.0,0.4,-17.9,-0.0,2425,1348,0,-6,11
1318,188.12,29979,365.95,365.99,0.04,-14.0,3.1,0.0,0.2,-17.3,-0.0,2350,1279,0,-5,13
1319,188.29,29970,365.84,365.91,0.07,-10.1,6.1,0.0,0.3,-16.5,-0.0,2238,1170,0,-2,10
1320,188.38,29964,365.77,365.87,0.10,-10.2,8.2,0.0,0.4,-18.8,-0.0,2163,1085,0,-1,10
1321,188.55,29955,365.66,365.79,0.13,-5.7,11.2,0.0,0.4,-17.4,-0.0,2050,974,0,0,6
1322,188.71,29947,365.56,365.71,0.15,-4.1,12.3,0.0,0.5,-16.8,-0.0,1950,874,0,1,4
1323,188.80,29944,365.53,365.67,0.15,-5.6,12.3,0.0,0.4,-18.2,-0.0,1913,834,0,2,5
1324,188.97,29934,365.41,365.59,0.18,-2.2,15.3,0.0,0.4,-18.0,-0.0,1788,709,0,1,2
1325,189.15,29926,365.31,365.51,0.20,-0.8,16.4,0.0,0.3,-17.4,-0.0,1688,615,0,0,1
1326,189.23,29922,365.26,365.47,0.21,-0.4,17.4,0.0,0.3,-18.0,-0.0,1638,564,0,0,0
1327,189.40,29917,365.20,365.39,0.20,-1.2,16.4,0.0,0.2,-17.7,-0.0,1575,506,0,1,1
1328,189.58,29908,365.09,365.30,0.22,1.7,18.4,0.0,0.2,-16.9,-0.0,1463,2443,0,-1,-1
1329,189.66,29904,365.04,365.26,0.22,0.5,18.4,0.0,0.1,-18.0,-0.0,1413,2392,0,0,0
1330,189.83,29898,364.97,365.18,0.22,1.6,18.4,0.0,0.1,-16.9,-0.0,1338,2322,0,-1,-1
1331,190.00,29896,364.94,365.10,0.16,-3.9,13.3,0.0,-0.3,-17.0,-0.0,1313,259,0,4,1
1332,190.09,29890,364.87,365.06,0.20,-2.9,16.4,0.0,0.0,-19.2,-0.0,1238,171,0,3,1
1333,190.26,29882,364.77,364.98,0.21,-0.2,17.4,0.0,-0.0,-17.5,-0.0,1138,75,0,0,0
1334,190.42,29876,364.70,364.90,0.21,0.7,17.4,0.0,0.0,-16.7,-0.0,1063,2050,0,-1,0
1335,190.51,29871,364.64,364.86,0.23,1.4,19.4,0.0,0.0,-18.1,-0.0,1000,1982,0,-1,0
1336,190.67,29868,364.60,364.79,0.18,-1.6,15.3,0.0,0.1,-17.0,-0.0,963,3994,0,2,0
1337,190.83,29859,364.49,364.71,0.22,0.8,18.4,0.0,-0.0,-17.6,-0.0,850,1836,0,-1,0
1338,191.00,29855,364.44,364.63,0.18,-1.8,15.3,0.0,-0.1,-17.0,-0.0,800,3836,0,2,-1
1339,191.09,29855,364.44,364.58,0.15,-7.6,12.3,0.0,-0.2,-19.6,-0.0,800,3837,0,7,-3
1340,191.26,29846,364.33,364.50,0.17,-2.5,14.3,0.0,-0.0,-16.8,-0.0,688,3724,0,2,-1
1341,191.43,29840,364.26,364.42,0.17,-3.5,14.3,0.0,-0.1,-17.6,-0.0,613,3651,0,3,-2
1342,191.51,29839,364.25,364.38,0.13,-7.0,11.2,0.0,-0.3,-17.9,-0.0,600,3642,0,5,-4
1343,191.68,29834,364.18,364.30,0.12,-6.5,10.2,0.0,-0.2,-16.5,-0.0,538,3581,0,4,-4
1344,191.85,29824,364.06,364.22,0.16,-3.8,13.3,0.0,0.0,-17.1,-0.0,413,3445,0,2,-3
1345,191.93,29822,364.04,364.18,0.15,-6.1,12.3,0.0,-0.1,-18.3,-0.0,388,3423,0,3,-5
1346,192.10,29821,364.03,364.10,0.07,-11.9,6.1,0.0,-0.4,-17.7,-0.0,375,3419,0,6,-10
1347,192.26,29814,363.94,364.02,0.09,-9.6,7.2,0.0,-0.1,-16.6,-0.0,288,3327,0,4,-9
1348,192.42,29808,363.87,363.95,0.09,-10.0,7.2,0.0,-0.2,-16.9,-0.0,213,3256,0,3,-9
1349,192.51,29806,363.84,363.91,0.06,-14.1,5.1,0.0,-0.4,-18.9,-0.0,188,3231,0,3,-13
1350,192.67,29805,363.83,363.83,0.00,-17.5,0.0,0.0,-0.3,-17.2,-0.0,175,3220,0,4,-17
1351,192.85,29800,363.77,363.74,-0.02,-21.1,-2.0,0.0,-0.4,-18.6,-0.0,113,3158,0,3,-20
1352,192.93,29797,363.73,363.70,-0.04,-20.7,-3.1,0.0,-0.5,-17.2,-0.0,75,3122,0,2,-20
1353,193.11,29794,363.70,363.62,-0.09,-25.6,-7.2,0.0,-0.6,-17.8,-0.0,38,3089,0,1,-25
1354,193.27,29789,363.64,363.54,-0.10,-26.5,-8.2,0.0,-0.4,-17.8,-0.0,4071,3022,0,-2,-26
1355,193.36,29785,363.59,363.49,-0.10,-26.9,-8.2,0.0,-0.4,-18.4,-0.0,4021,2967,0,-4,-26
1356,193.53,29781,363.54,363.41,-0.13,-29.8,-11.2,0.0,-0.4,-18.1,-0.0,3971,2919,0,-7,-28
1357,193.70,29776,363.48,363.33,-0.15,-30.2,-12.3,0.0,-0.4,-17.6,-0.0,3909,2859,0,-9,-28
1358,193.79,29772,363.43,363.29,-0.15,-31.2,-12.3,0.0,-0.2,-18.7,-0.0,3859,2801,0,-12,-28
1359,193.95,29767,363.37,363.21,-0.16,-30.5,-13.3,0.0,-0.2,-17.0,-0.0,3796,2741,0,-14,-26
1360,194.13,29763,363.32,363.12,-0.20,-34.9,-16.4,0.0,-0.4,-18.2,-0.0,3746,2693,0,-19,-28
1361,194.21,29757,363.24,363.08,-0.16,-32.4,-13.3,0.0,-0.1,-19.1,-0.0,3671,2609,0,-20,-24
1362,194.38,29752,363.18,363.00,-0.18,-33.4,-15.3,0.0,-0.1,-17.9,-0.0,3609,2549,0,-23,-22
1363,194.55,29748,363.13,362.92,-0.22,-36.1,-18.4,0.0,-0.4,-17.4,-0.0,3559,2508,0,-27,-23
1364,194.64,29746,363.11,362.87,-0.23,-38.5,-19.4,0.0,-0.3,-18.8,-0.0,3534,2478,0,-29,-23
1365,194.80,29738,363.01,362.79,-0.22,-35.6,-18.4,0.0,-0.1,-17.1,-0.0,3434,2374,0,-30,-17
1366,194.97,29731,362.93,362.71,-0.21,-34.6,-17.4,0.0,-0.1,-17.1,-0.0,3346,2289,0,-31,-12
1367,195.13,29726,362.87,362.63,-0.23,-37.2,-19.4,0.0,-0.1,-17.7,-0.0,3284,2224,0,-35,-10
1368,195.22,29720,362.79,362.59,-0.21,-35.9,-17.4,0.0,0.0,-18.6,-0.0,3209,2141,0,-34,-5
1369,195.39,29712,362.70,362.51,-0.20,-35.1,-16.4,0.0,0.2,-18.9,-0.0,3109,2036,0,-34,1
1370,195.56,29704,362.60,362.43,-0.17,-31.3,-14.3,0.0,0.1,-17.2,-0.0,3009,1942,0,-30,5
1371,195.64,29702,362.57,362.38,-0.20,-35.2,-16.4,0.0,0.0,-18.9,-0.0,2984,1915,0,-33,7
1372,195.81,29689,362.41,362.30,-0.11,-26.2,-9.2,0.0,0.4,-17.5,-0.0,2821,1744,0,-23,11
1373,195.98,29686,362.38,362.22,-0.16,-30.7,-13.3,0.0,0.0,-17.5,-0.0,2784,1719,0,-26,14
1374,196.13,29676,362.26,362.14,-0.11,-25.9,-9.2,0.0,0.2,-16.9,-0.0,2659,1590,0,-19,16
1375,196.22,29673,362.22,362.10,-0.12,-28.7,-10.2,0.0,0.2,-18.7,-0.0,2621,1548,0,-20,19
1376,196.38,29665,362.12,362.02,-0.10,-25.2,-8.2,0.0,0.2,-17.2,-0.0,2521,1451,0,-15,19
1377,196.55,29655,362.00,361.94,-0.06,-23.2,-5.1,0.0,0.3,-18.4,-0.0,2396,1320,0,-10,20
1378,196.64,29651,361.95,361.89,-0.06,-24.6,-5.1,0.0,0.4,-19.9,-0.0,2346,1264,0,-9,22
1379,196.81,29641,361.83,361.81,-0.02,-20.5,-2.0,0.0,0.3,-18.7,-0.0,2221,1143,0,-4,19
1380,196.99,29634,361.74,361.73,-0.01,-19.1,-1.0,0.0,0.4,-18.5,-0.0,2134,1057,0,-1,18
1381,197.07,29628,361.67,361.68,0.01,-18.2,1.0,0.0,0.4,-19.6,-0.0,2059,976,0,1,18
1382,197.23,29622,361.60,361.60,0.00,-17.1,0.0,0.0,0.2,-17.3,-0.0,1984,914,0,3,16
1383,197.41,29615,361.51,361.52,0.00,-18.6,0.0,0.0,0.2,-18.8,-0.0,1896,823,0,5,17
1384,197.50,29609,361.44,361.47,0.04,-17.0,3.1,0.0,0.2,-20.3,-0.0,1821,745,0,7,15
1385,197.66,29600,361.33,361.39,0.06,-12.8,5.1,0.0,0.3,-18.2,-0.0,1709,635,0,7,10
1386,197.83,29590,361.21,361.31,0.10,-9.6,8.2,0.0,0.2,-17.9,-0.0,1584,513,0,7,7
1387,198.00,29580,361.08,361.23,0.15,-4.8,12.3,0.0,0.5,-17.7,-0.0,1459,378,0,4,3
1388,198.09,29576,361.04,361.18,0.15,-6.9,12.3,0.0,0.5,-19.7,-0.0,1409,322,0,6,3
1389,198.25,29566,360.91,361.10,0.18,-1.9,15.3,0.0,0.5,-17.7,-0.0,1284,206,0,2,1
1390,198.42,29559,360.83,361.02,0.18,-2.0,15.3,0.0,0.4,-17.7,-0.0,1196,120,0,2,0
1391,198.51,29555,360.78,360.97,0.20,-3.6,16.4,0.0,0.4,-20.4,-0.0,1146,64,0,4,0
1392,198.68,29547,360.68,360.89,0.21,-0.4,17.4,0.0,0.2,-18.0,-0.0,1046,4070,0,0,0
1393,198.85,29538,360.57,360.80,0.23,1.1,19.4,0.0,0.3,-18.6,-0.0,934,1908,0,-1,0
1394,198.94,29534,360.52,360.76,0.23,1.0,19.4,0.0,0.2,-18.6,-0.0,884,1860,0,-1,0
1395,199.10,29529,360.46,360.68,0.22,1.1,18.4,0.0,0.1,-17.5,-0.0,821,1803,0,-1,0
1396,199.27,29520,360.35,360.59,0.24,2.9,20.5,0.0,0.2,-17.8,-0.0,709,1688,0,-2,1
1397,199.36,29518,360.33,360.55,0.22,-0.2,18.4,0.0,0.0,-18.7,-0.0,684,3712,0,0,0
1398,199.52,29512,360.25,360.47,0.21,-1.1,17.4,0.0,-0.1,-18.4,-0.0,609,3642,0,1,-1
1399,199.69,29503,360.14,360.38,0.24,2.4,20.5,0.0,0.1,-18.1,-0.0,496,1477,0,-2,2
1400,199.78,29499,360.10,360.34,0.24,0.9,20.5,0.0,0.1,-19.6,-0.0,446,1422,0,-1,1
1401,199.95,29492,360.01,360.25,0.24,2.3,20.5,0.0,0.0,-18.1,-0.0,359,1342,0,-1,2
1402,200.11,29485,359.92,360.17,0.24,3.0,20.5,0.0,0.0,-17.5,-0.0,271,1254,0,-1,3
1403,200.28,29481,359.88,360.09,0.22,0.8,18.4,0.0,-0.1,-17.5,-0.0,221,1209,0,0,1
1404,200.36,29478,359.84,360.05,0.21,-1.5,17.4,0.0,-0.1,-18.7,-0.0,184,3218,0,0,-1
1405,200.53,29470,359.74,359.96,0.22,-0.4,18.4,0.0,-0.1,-18.7,-0.0,84,3117,0,0,0
1406,200.70,29468,359.72,359.88,0.16,-4.9,13.3,0.0,-0.4,-17.8,-0.0,59,3102,0,0,-5
1407,200.79,29466,359.69,359.83,0.13,-10.3,11.2,0.0,-0.4,-21.1,-0.0,34,3074,0,0,-10
1408,200.96,29455,359.56,359.75,0.20,-2.2,16.4,0.0,-0.1,-18.4,-0.0,3992,2930,0,0,-2
1409,201.13,29450,359.50,359.66,0.17,-4.9,14.3,0.0,-0.2,-19.0,-0.0,3930,2871,0,-1,-5
1410,201.21,29448,359.47,359.62,0.15,-7.0,12.3,0.0,-0.3,-19.0,-0.0,3905,2848,0,-2,-6
1411,201.38,29444,359.42,359.54,0.11,-8.5,9.2,0.0,-0.2,-17.5,-0.0,3855,2797,0,-3,-8
1412,201.55,29437,359.34,359.45,0.11,-9.2,9.2,0.0,-0.3,-18.1,-0.0,3767,2711,0,-5,-8
1413,201.64,29436,359.33,359.41,0.09,-12.9,7.2,0.0,-0.4,-19.6,-0.0,3755,2701,0,-7,-10
1414,201.81,29431,359.27,359.32,0.06,-14.0,5.1,0.0,-0.4,-18.7,-0.0,3692,2640,0,-8,-11
1415,201.99,29425,359.19,359.24,0.05,-14.4,4.1,0.0,-0.3,-18.1,-0.0,3617,2563,0,-10,-10
1416,202.06,29422,359.16,359.20,0.04,-14.7,3.1,0.0,-0.3,-17.5,-0.0,3580,2525,0,-11,-10
1417,202.23,29419,359.12,359.11,-0.01,-19.0,-1.0,0.0,-0.4,-17.5,-0.0,3542,2493,0,-14,-12
1418,202.39,29416,359.08,359.03,-0.05,-22.0,-4.1,0.0,-0.4,-17.5,-0.0,3505,2455,0,-17,-12
1419,202.49,29413,359.05,358.99,-0.06,-25.8,-5.1,0.0,-0.5,-20.2,-0.0,3467,2413,0,-21,-13
1420,202.65,29407,358.97,358.90,-0.07,-24.4,-6.1,0.0,-0.5,-17.8,-0.0,3392,2342,0,-21,-10
1421,202.83,29401,358.90,358.81,-0.09,-26.0,-7.2,0.0,-0.5,-18.4,-0.0,3317,2266,0,-24,-8
1422,202.91,29400,358.89,358.77,-0.11,-28.6,-9.2,0.0,-0.4,-19.0,-0.0,3305,2252,0,-26,-9
1423,203.09,29395,358.83,358.68,-0.15,-32.5,-12.3,0.0,-0.4,-19.9,-0.0,3242,2185,0,-31,-7
1424,203.26,29392,358.79,358.60,-0.20,-34.7,-16.4,0.0,-0.5,-17.8,-0.0,3205,2155,0,-33,-5
1425,203.35,29389,358.75,358.55,-0.20,-36.4,-16.4,0.0,-0.4,-19.6,-0.0,3167,2115,0,-35,-4
1426,203.52,29383,358.68,358.47,-0.21,-35.7,-17.4,0.0,-0.4,-17.8,-0.0,3092,2043,0,-35,0
1427,203.69,29375,358.58,358.38,-0.20,-35.3,-16.4,0.0,-0.2,-18.7,-0.0,2992,1934,0,-34,6
1428,203.78,29373,358.56,358.34,-0.22,-38.6,-18.4,0.0,-0.3,-19.9,-0.0,2967,1908,0,-37,8
1429,203.95,29368,358.50,358.25,-0.24,-38.5,-20.5,0.0,-0.2,-17.8,-0.0,2905,1847,0,-36,11
1430,204.12,29360,358.40,358.17,-0.23,-38.9,-19.4,0.0,-0.1,-19.3,-0.0,2805,1742,0,-34,17
1431,204.21,29355,358.34,358.12,-0.21,-36.7,-17.4,0.0,0.0,-19.3,-0.0,2742,1675,0,-30,19
1432,204.38,29347,358.24,358.04,-0.21,-36.2,-17.4,0.0,-0.0,-18.7,-0.0,2642,1576,0,-26,23
1433,204.55,29342,358.18,357.95,-0.23,-37.8,-19.4,0.0,0.1,-18.4,-0.0,2580,1512,0,-25,27
1434,204.64,29339,358.14,357.91,-0.23,-38.4,-19.4,0.0,0.0,-19.0,-0.0,2542,1474,0,-24,29
1435,204.81,29329,358.02,357.82,-0.20,-35.0,-16.4,0.0,0.1,-18.7,-0.0,2417,1347,0,-16,30
1436,204.99,29327,358.00,357.74,-0.26,-40.0,-21.5,0.0,-0.1,-18.4,-0.0,2392,1331,0,-18,35
1437,205.08,29322,357.93,357.69,-0.24,-42.0,-20.5,0.0,-0.1,-21.4,-0.0,2330,1264,0,-15,38
1438,205.24,29307,357.75,357.61,-0.15,-29.8,-12.3,0.0,0.3,-17.8,-0.0,2142,1069,0,-2,29
1439,205.41,29303,357.70,357.52,-0.18,-32.8,-15.3,0.0,0.1,-17.5,-0.0,2092,1024,0,0,32
1440,205.50,29300,357.67,357.48,-0.18,-35.5,-15.3,0.0,0.0,-20.2,-0.0,2055,984,0,2,34
1441,205.67,29290,357.54,357.39,-0.15,-30.3,-12.3,0.0,0.4,-18.4,-0.0,1930,851,0,8,28
1442,205.84,29277,357.39,357.31,-0.07,-24.7,-6.1,0.0,0.5,-19.0,-0.0,1767,686,0,12,21
1443,205.93,29274,357.35,357.26,-0.09,-26.3,-7.2,0.0,0.2,-19.3,-0.0,1730,655,0,14,21
1444,206.10,29266,357.25,357.18,-0.07,-26.0,-6.1,0.0,0.4,-20.2,-0.0,1630,547,0,17,19
1445,206.27,29253,357.09,357.09,0.00,-17.8,0.0,0.0,0.7,-18.4,-0.0,1467,380,0,14,9
1446,206.36,29246,357.01,357.05,0.04,-16.5,3.1,0.0,0.7,-20.2,-0.0,1380,286,0,14,7
1447,206.53,29242,356.96,356.96,0.00,-17.6,0.0,0.0,0.3,-17.8,-0.0,1330,257,0,16,7
1448,206.70,29232,356.84,356.88,0.04,-15.2,3.1,0.0,0.4,-18.7,-0.0,1205,123,0,14,3
1449,206.79,29224,356.74,356.83,0.10,-12.0,8.2,0.0,0.6,-20.8,-0.0,1105,12,0,12,0
1450,206.96,29217,356.65,356.75,0.10,-9.6,8.2,0.0,0.4,-18.1,-0.0,1017,4037,0,9,-1
1451,207.13,29209,356.56,356.66,0.11,-9.2,9.2,0.0,0.3,-18.7,-0.0,917,3936,0,9,-2
1452,207.20,29205,356.51,356.63,0.12,-6.3,10.2,0.0,0.5,-17.0,-0.0,867,3888,0,6,-2
1453,207.37,29193,356.36,356.54,0.18,-1.7,15.3,0.0,0.5,-17.5,-0.0,717,3733,0,1,-1
1454,207.54,29188,356.30,356.46,0.16,-4.3,13.3,0.0,0.2,-17.8,-0.0,655,3680,0,3,-2
1455,207.63,29183,356.24,356.41,0.17,-5.3,14.3,0.0,0.3,-19.9,-0.0,592,3609,0,4,-4
1456,207.81,29173,356.12,356.32,0.21,-1.0,17.4,0.0,0.4,-18.7,-0.0,467,3485,0,1,-1
1457,207.97,29162,355.98,356.24,0.26,3.7,21.5,0.0,0.4,-18.1,-0.0,330,1300,0,-1,3
1458,208.06,29158,355.93,356.20,0.27,3.2,22.5,0.0,0.3,-19.6,-0.0,280,1250,0,-1,3
1459,208.22,29154,355.88,356.12,0.23,1.9,19.4,0.0,0.3,-17.8,-0.0,230,1205,0,0,2
1460,208.39,29145,355.77,356.03,0.26,2.3,21.5,0.0,0.2,-19.3,-0.0,117,1091,0,0,2
1461,208.55,29136,355.66,355.95,0.29,7.3,24.5,0.0,0.3,-17.5,-0.0,5,981,0,0,7
1462,208.63,29134,355.64,355.91,0.27,4.7,22.5,0.0,0.0,-17.8,-0.0,4076,962,0,0,5
1463,208.79,29128,355.57,355.83,0.27,4.2,22.5,0.0,0.1,-18.4,-0.0,4001,886,0,1,4
1464,208.96,29118,355.44,355.75,0.31,7.7,25.6,0.0,0.2,-18.1,-0.0,3876,756,0,3,7
1465,209.05,29117,355.43,355.71,0.27,4.1,22.5,0.0,0.0,-18.4,-0.0,3863,748,0,2,4
1466,209.22,29111,355.36,355.62,0.26,3.5,21.5,0.0,-0.1,-17.8,-0.0,3788,679,0,2,3
1467,209.38,29102,355.25,355.54,0.29,7.4,24.5,0.0,0.1,-17.2,-0.0,3676,561,0,5,5
1468,209.54,29097,355.19,355.46,0.27,4.6,22.5,0.0,-0.1,-17.8,-0.0,3613,504,0,3,3
1469,209.63,29095,355.16,355.41,0.26,2.3,21.5,0.0,-0.2,-19.0,-0.0,3588,480,0,2,1
1470,209.80,29089,355.09,355.33,0.24,1.3,20.5,0.0,-0.1,-19.0,-0.0,3513,402,0,1,1
1471,209.95,29082,355.00,355.25,0.24,1.9,20.5,0.0,-0.1,-18.4,-0.0,3426,315,0,2,1
1472,210.04,29078,354.96,355.21,0.26,1.7,21.5,0.0,-0.1,-19.6,-0.0,3376,265,0,2,1
1473,210.20,29075,354.92,355.13,0.21,-1.3,17.4,0.0,-0.2,-18.4,-0.0,3338,2280,0,-1,0
1474,210.37,29071,354.87,355.04,0.17,-4.4,14.3,0.0,-0.3,-18.4,-0.0,3288,2232,0,-4,-1
1475,210.54,29061,354.75,354.96,0.21,-0.9,17.4,0.0,-0.2,-18.1,-0.0,3163,2103,0,-1,0
1476,210.63,29061,354.75,354.91,0.17,-5.9,14.3,0.0,-0.3,-19.9,-0.0,3163,2105,0,-6,0
1477,210.79,29054,354.66,354.83,0.17,-4.3,14.3,0.0,-0.2,-18.4,-0.0,3076,2018,0,-4,0
1478,210.96,29050,354.61,354.75,0.13,-7.7,11.2,0.0,-0.2,-18.7,-0.0,3026,1967,0,-7,1
1479,211.04,29047,354.58,354.71,0.13,-7.3,11.2,0.0,-0.1,-18.4,-0.0,2988,1928,0,-7,1
1480,211.21,29045,354.55,354.62,0.07,-12.2,6.1,0.0,-0.5,-17.8,-0.0,2963,1916,0,-12,2
1481,211.37,29038,354.47,354.54,0.07,-11.5,6.1,0.0,-0.4,-17.2,-0.0,2876,1825,0,-10,4
1482,211.54,29035,354.43,354.46,0.02,-15.9,2.0,0.0,-0.4,-17.5,-0.0,2838,1788,0,-14,6
1483,211.62,29033,354.41,354.42,0.01,-19.4,1.0,0.0,-0.5,-19.9,-0.0,2813,1761,0,-17,8
1484,211.80,29027,354.33,354.33,0.00,-18.2,0.0,0.0,-0.3,-17.8,-0.0,2738,1685,0,-15,9
1485,211.96,29021,354.26,354.25,-0.01,-18.8,-1.0,0.0,-0.3,-17.5,-0.0,2663,1609,0,-14,11
1486,212.05,29019,354.24,354.20,-0.04,-23.7,-3.1,0.0,-0.4,-20.2,-0.0,2638,1583,0,-17,15
1487,212.22,29014,354.17,354.12,-0.06,-23.3,-5.1,0.0,-0.3,-17.8,-0.0,2576,1522,0,-16,16
1488,212.38,29008,354.10,354.04,-0.06,-22.9,-5.1,0.0,-0.2,-17.5,-0.0,2501,1445,0,-13,18
1489,212.47,29007,354.09,353.99,-0.10,-28.8,-8.2,0.0,-0.4,-20.2,-0.0,2488,1431,0,-16,23
1490,212.64,29005,354.06,353.91,-0.16,-32.0,-13.3,0.0,-0.5,-18.1,-0.0,2463,1416,0,-18,26
1491,212.81,28999,353.99,353.82,-0.17,-32.4,-14.3,0.0,-0.5,-17.5,-0.0,2388,1340,0,-15,28
1492,212.90,28995,353.94,353.78,-0.16,-33.3,-13.3,0.0,-0.4,-19.6,-0.0,2338,1284,0,-13,30
1493,213.08,28991,353.89,353.69,-0.21,-37.5,-17.4,0.0,-0.5,-19.6,-0.0,2288,1238,0,-12,34
1494,213.24,28984,353.81,353.61,-0.20,-34.5,-16.4,0.0,-0.3,-17.8,-0.0,2201,1147,0,-6,33
1495,213.33,28980,353.76,353.56,-0.20,-36.4,-16.4,0.0,-0.1,-19.9,-0.0,2151,1088,0,-3,35
1496,213.50,28973,353.67,353.48,-0.20,-34.3,-16.4,0.0,-0.1,-17.8,-0.0,2063,1002,0,1,33
1497,213.67,28967,353.60,353.39,-0.21,-36.2,-17.4,0.0,-0.1,-18.7,-0.0,1988,927,0,5,35
1498,213.76,28963,353.55,353.35,-0.21,-37.3,-17.4,0.0,0.0,-19.9,-0.0,1938,870,0,8,35
1499,213.93,28957,353.48,353.26,-0.22,-36.9,-18.4,0.0,-0.1,-18.4,-0.0,1863,800,0,12,34
1500,214.10,28954,353.44,353.18,-0.27,-41.2,-22.5,0.0,-0.3,-18.4,-0.0,1826,769,0,15,37
1501,214.19,28948,353.37,353.13,-0.23,-39.2,-19.4,0.0,-0.1,-19.6,-0.0,1751,688,0,19,33
1502,214.36,28941,353.28,353.05,-0.23,-38.6,-19.4,0.0,-0.1,-19.0,-0.0,1663,600,0,23,30
1503,214.53,28933,353.19,352.96,-0.22,-36.6,-18.4,0.0,-0.1,-18.1,-0.0,1563,501,0,26,25
1504,214.62,28928,353.12,352.92,-0.21,-36.7,-17.4,0.0,0.0,-19.3,-0.0,1501,432,0,28,22
1505,214.79,28917,352.99,352.83,-0.16,-30.4,-13.3,0.0,0.4,-17.5,-0.0,1363,287,0,27,13
1506,214.96,28909,352.89,352.75,-0.15,-31.0,-12.3,0.0,0.3,-19.0,-0.0,1263,186,0,29,8
1507,215.05,28905,352.84,352.70,-0.15,-31.3,-12.3,0.0,0.3,-19.3,-0.0,1213,134,0,30,6
1508,215.22,28896,352.73,352.62,-0.11,-26.3,-9.2,0.0,0.4,-17.5,-0.0,1101,25,0,26,1
1509,215.39,28885,352.60,352.53,-0.06,-24.3,-5.1,0.0,0.5,-19.6,-0.0,963,3976,0,23,-4
1510,215.47,28883,352.58,352.49,-0.09,-25.9,-7.2,0.0,0.3,-19.0,-0.0,938,3958,0,25,-5
1511,215.65,28874,352.47,352.40,-0.06,-23.5,-5.1,0.0,0.3,-18.7,-0.0,826,3845,0,21,-9
1512,215.82,28869,352.40,352.32,-0.09,-24.8,-7.2,0.0,0.2,-17.8,-0.0,763,3788,0,21,-11
1513,215.90,28863,352.33,352.28,-0.05,-22.9,-4.1,0.0,0.2,-19.0,-0.0,688,3710,0,18,-12
1514,216.08,28853,352.21,352.19,-0.02,-21.5,-2.0,0.0,0.1,-19.6,-0.0,563,3585,0,15,-15
1515,216.25,28842,352.08,352.10,0.02,-15.7,2.0,0.0,0.4,-18.1,-0.0,426,3444,0,8,-13
1516,216.34,28838,352.03,352.06,0.04,-16.8,3.1,0.0,0.4,-20.2,-0.0,376,3390,0,8,-14
1517,216.51,28830,351.93,351.97,0.05,-13.6,4.1,0.0,0.5,-18.1,-0.0,276,3292,0,4,-12
1518,216.67,28820,351.81,351.89,0.09,-9.9,7.2,0.0,0.4,-17.5,-0.0,151,3169,0,1,-10
1519,216.76,28815,351.75,351.85,0.10,-11.3,8.2,0.0,0.4,-19.9,-0.0,88,3099,0,0,-11
1520,216.92,28807,351.65,351.77,0.12,-6.4,10.2,0.0,0.4,-17.0,-0.0,4084,3012,0,-1,-6
1521,217.09,28798,351.54,351.68,0.15,-6.9,12.3,0.0,0.4,-19.6,-0.0,3972,2890,0,-2,-6
1522,217.18,28790,351.44,351.64,0.20,-3.0,16.4,0.0,0.5,-19.9,-0.0,3872,2783,0,-1,-3
1523,217.35,28785,351.38,351.55,0.17,-3.2,14.3,0.0,0.3,-17.8,-0.0,3809,2735,0,-2,-3
1524,217.51,28775,351.26,351.47,0.21,0.2,17.4,0.0,0.3,-17.5,-0.0,3684,562,0,0,0
1525,217.68,28766,351.15,351.39,0.24,3.5,20.5,0.0,0.6,-17.5,-0.0,3572,443,0,3,2
1526,217.77,28763,351.11,351.34,0.23,0.4,19.4,0.0,0.3,-19.3,-0.0,3534,407,0,0,0
1527,217.94,28752,350.98,351.26,0.28,6.4,23.5,0.0,0.4,-17.5,-0.0,3397,273,0,6,3
1528,218.11,28749,350.94,351.17,0.23,1.4,19.4,0.0,0.1,-18.1,-0.0,3359,241,0,1,1
1529,218.20,28741,350.84,351.13,0.29,5.8,24.5,0.0,0.3,-19.0,-0.0,3259,135,0,6,1
1530,218.37,28735,350.77,351.04,0.27,3.3,22.5,0.0,0.1,-19.3,-0.0,3184,64,0,3,0
1531,218.46,28733,350.74,351.00,0.26,1.4,21.5,0.0,0.1,-20.2,-0.0,3159,39,0,1,0
1532,218.63,28725,350.65,350.91,0.27,4.6,22.5,0.0,-0.0,-17.8,-0.0,3059,4045,0,4,0
1533,218.80,28716,350.54,350.83,0.29,7.2,24.5,0.0,0.2,-17.5,-0.0,2947,3925,0,7,-2
1534,218.97,28708,350.44,350.74,0.31,6.6,25.6,0.0,0.1,-19.0,-0.0,2847,3826,0,6,-3
1535,219.05,28708,350.44,350.70,0.27,5.0,22.5,0.0,0.0,-17.5,-0.0,2847,3833,0,4,-2
1536,219.22,28701,350.35,350.62,0.27,5.0,22.5,0.0,0.0,-17.5,-0.0,2759,3744,0,4,-2
1537,219.39,28696,350.29,350.54,0.24,1.9,20.5,0.0,-0.1,-18.4,-0.0,2697,3683,0,2,-1
1538,219.47,28693,350.26,350.49,0.23,0.2,19.4,0.0,-0.2,-19.0,-0.0,2659,3647,0,0,0
1539,219.64,28688,350.20,350.41,0.22,0.6,18.4,0.0,-0.3,-17.5,-0.0,2597,3592,0,0,0
1540,219.80,28679,350.09,350.33,0.24,2.9,20.5,0.0,-0.0,-17.5,-0.0,2484,3470,0,2,-2
1541,219.96,28671,349.99,350.25,0.26,3.7,21.5,0.0,0.0,-17.8,-0.0,2384,3367,0,2,-3
1542,220.05,28669,349.96,350.20,0.24,1.7,20.5,0.0,0.0,-18.7,-0.0,2359,3341,0,1,-2
1543,220.21,28666,349.93,350.12,0.20,-1.3,16.4,0.0,-0.1,-17.5,-0.0,2322,1263,0,0,1
1544,220.37,28659,349.84,350.04,0.20,-1.9,16.4,0.0,-0.1,-18.1,-0.0,2234,1174,0,0,2
1545,220.46,28659,349.84,350.00,0.16,-6.9,13.3,0.0,-0.3,-19.9,-0.0,2234,1177,0,-2,7
1546,220.63,28650,349.73,349.91,0.18,-1.9,15.3,0.0,-0.3,-17.0,-0.0,2122,1069,0,0,2
1547,220.79,28647,349.69,349.83,0.13,-6.6,11.2,0.0,-0.3,-17.5,-0.0,2084,1031,0,0,6
1548,220.96,28645,349.67,349.75,0.07,-13.3,6.1,0.0,-0.5,-19.0,-0.0,2059,1007,0,0,13
1549,221.05,28641,349.62,349.70,0.09,-12.0,7.2,0.0,-0.4,-18.7,-0.0,2009,958,0,1,12
1550,221.22,28636,349.56,349.62,0.06,-12.8,5.1,0.0,-0.4,-17.5,-0.0,1947,897,0,2,12
1551,221.38,28635,349.55,349.54,-0.01,-19.5,-1.0,0.0,-0.6,-17.8,-0.0,1934,891,0,4,18
1552,221.47,28629,349.48,349.49,0.02,-17.4,2.0,0.0,-0.4,-19.0,-0.0,1859,807,0,6,16
1553,221.64,28626,349.44,349.41,-0.02,-21.1,-2.0,0.0,-0.4,-18.7,-0.0,1822,769,0,8,19
1554,221.81,28620,349.37,349.32,-0.05,-23.2,-4.1,0.0,-0.4,-18.7,-0.0,1747,694,0,11,20
1555,221.90,28616,349.32,349.28,-0.04,-23.0,-3.1,0.0,-0.4,-19.6,-0.0,1697,642,0,12,19
1556,222.08,28611,349.26,349.19,-0.06,-23.7,-5.1,0.0,-0.2,-18.4,-0.0,1634,575,0,15,18
1557,222.25,28604,349.17,349.10,-0.07,-25.4,-6.1,0.0,-0.2,-19.0,-0.0,1547,487,0,18,17
1558,222.34,28604,349.17,349.06,-0.11,-29.4,-9.2,0.0,-0.3,-19.9,-0.0,1547,489,0,21,19
1559,222.51,28601,349.13,348.97,-0.16,-31.5,-13.3,0.0,-0.4,-17.8,-0.0,1509,458,0,23,20
1560,222.60,28598,349.10,348.93,-0.17,-35.3,-14.3,0.0,-0.5,-20.5,-0.0,1472,419,0,27,21
1561,222.77,28592,349.02,348.84,-0.18,-33.3,-15.3,0.0,-0.4,-17.5,-0.0,1397,347,0,28,16
1562,222.94,28587,348.96,348.76,-0.21,-36.9,-17.4,0.0,-0.5,-19.0,-0.0,1334,284,0,32,15
1563,223.03,28585,348.94,348.71,-0.22,-38.1,-18.4,0.0,-0.4,-19.3,-0.0,1309,256,0,34,14
1564,223.20,28575,348.82,348.63,-0.18,-33.0,-15.3,0.0,-0.1,-17.5,-0.0,1184,124,0,31,6
1565,223.36,28569,348.74,348.55,-0.20,-34.8,-16.4,0.0,-0.0,-18.4,-0.0,1109,45,0,34,2
1566,223.53,28564,348.68,348.46,-0.22,-37.0,-18.4,0.0,-0.2,-18.4,-0.0,1047,4083,0,36,-1
1567,223.62,28560,348.63,348.42,-0.22,-38.7,-18.4,0.0,-0.0,-20.2,-0.0,997,4025,0,37,-4
1568,223.79,28556,348.58,348.33,-0.24,-38.4,-20.5,0.0,-0.1,-17.8,-0.0,947,3984,0,37,-6
1569,223.96,28550,348.51,348.25,-0.26,-41.3,-21.5,0.0,-0.2,-19.6,-0.0,872,3907,0,38,-11
1570,224.04,28542,348.41,348.21,-0.21,-37.1,-17.4,0.0,-0.0,-19.6,-0.0,772,3801,0,32,-16
1571,224.21,28537,348.35,348.12,-0.23,-37.3,-19.4,0.0,-0.0,-17.8,-0.0,709,3742,0,31,-19
1572,224.38,28532,348.29,348.04,-0.26,-40.6,-21.5,0.0,-0.1,-19.0,-0.0,647,3679,0,32,-23
1573,224.47,28525,348.21,347.99,-0.21,-36.6,-17.4,0.0,0.1,-19.3,-0.0,559,3583,0,25,-25
1574,224.64,28513,348.06,347.91,-0.15,-31.2,-12.3,0.0,0.4,-19.3,-0.0,409,3424,0,16,-26
1575,224.81,28507,347.99,347.82,-0.16,-31.2,-13.3,0.0,0.2,-18.1,-0.0,334,3358,0,13,-27
1576,224.90,28502,347.92,347.78,-0.15,-32.5,-12.3,0.0,0.3,-20.5,-0.0,272,3287,0,10,-30
1577,225.07,28493,347.81,347.69,-0.12,-29.4,-10.2,0.0,0.5,-19.6,-0.0,159,3170,0,4,-28
1578,225.24,28483,347.69,347.61,-0.09,-24.9,-7.2,0.0,0.4,-18.1,-0.0,34,3054,0,-1,-24
1579,225.33,28478,347.63,347.56,-0.07,-25.8,-6.1,0.0,0.3,-19.9,-0.0,4068,2989,0,-3,-25
1580,225.50,28470,347.53,347.48,-0.06,-23.2,-5.1,0.0,0.4,-18.4,-0.0,3968,2890,0,-6,-22
1581,225.67,28459,347.40,347.39,-0.01,-19.6,-1.0,0.0,0.4,-19.0,-0.0,3830,2749,0,-9,-17
1582,225.76,28452,347.31,347.35,0.04,-15.4,3.1,0.0,0.6,-19.0,-0.0,3743,2657,0,-9,-12
1583,225.93,28444,347.22,347.26,0.05,-14.8,4.1,0.0,0.5,-19.3,-0.0,3643,2559,0,-10,-10
1584,226.03,28441,347.18,347.22,0.04,-17.0,3.1,0.0,0.4,-20.5,-0.0,3605,2521,0,-12,-11
1585,226.20,28429,347.03,347.13,0.10,-10.0,8.2,0.0,0.6,-18.7,-0.0,3455,2371,0,-9,-5
1586,226.37,28420,346.92,347.04,0.12,-7.1,10.2,0.0,0.5,-17.8,-0.0,3343,2264,0,-7,-2
1587,226.46,28415,346.86,347.00,0.13,-8.3,11.2,0.0,0.4,-19.9,-0.0,3280,2198,0,-8,-2
1588,226.63,28406,346.75,346.91,0.16,-5.6,13.3,0.0,0.4,-19.3,-0.0,3168,2087,0,-5,0
1589,226.80,28396,346.63,346.83,0.20,-1.0,16.4,0.0,0.4,-17.8,-0.0,3043,1965,0,-1,0
1590,226.89,28390,346.56,346.78,0.22,-1.4,18.4,0.0,0.4,-20.2,-0.0,2968,1882,0,-1,0
1591,227.04,28387,346.52,346.71,0.18,-1.4,15.3,0.0,0.2,-17.0,-0.0,2930,1860,0,-1,0
1592,227.21,28380,346.44,346.62,0.18,-2.4,15.3,0.0,0.1,-17.8,-0.0,2843,1775,0,-2,1
1593,227.38,28368,346.29,346.54,0.24,3.2,20.5,0.0,0.3,-17.5,-0.0,2693,3668,0,2,-2
1594,227.47,28363,346.23,346.49,0.27,3.2,22.5,0.0,0.3,-19.6,-0.0,2630,3601,0,2,-2
1595,227.63,28358,346.17,346.42,0.24,1.8,20.5,0.0,0.1,-18.7,-0.0,2568,3547,0,1,-1
1596,227.79,28348,346.04,346.33,0.29,7.1,24.5,0.0,0.4,-17.8,-0.0,2443,3414,0,3,-6
1597,227.88,28346,346.02,346.29,0.27,2.9,22.5,0.0,0.3,-19.9,-0.0,2418,3387,0,1,-2
1598,228.05,28339,345.94,346.20,0.27,4.2,22.5,0.0,0.1,-18.4,-0.0,2330,3311,0,1,-4
1599,228.23,28332,345.85,346.12,0.27,4.1,22.5,0.0,0.0,-18.4,-0.0,2243,3224,0,1,-4
1600,228.32,28327,345.79,346.07,0.28,3.4,23.5,0.0,0.1,-20.2,-0.0,2180,3154,0,0,-3
1601,228.48,28324,345.75,345.99,0.23,1.7,19.4,0.0,-0.2,-17.5,-0.0,2143,3134,0,0,-2
1602,228.65,28314,345.63,345.90,0.27,4.2,22.5,0.0,0.1,-18.4,-0.0,2018,2997,0,0,-4
1603,228.73,28310,345.58,345.86,0.28,4.5,23.5,0.0,0.0,-19.0,-0.0,1968,2947,0,-1,-4
1604,228.89,28305,345.52,345.78,0.26,3.9,21.5,0.0,-0.0,-17.5,-0.0,1905,2890,0,-1,-4
1605,229.07,28296,345.41,345.69,0.28,4.3,23.5,0.0,0.1,-19.3,-0.0,1793,2769,0,-2,-4
1606,229.24,28289,345.32,345.61,0.28,4.0,23.5,0.0,0.1,-19.6,-0.0,1705,2682,0,-2,-3
1607,229.33,28287,345.30,345.56,0.27,3.5,22.5,0.0,0.0,-19.0,-0.0,1680,2663,0,-2,-3
1608,229.50,28284,345.26,345.48,0.22,-0.5,18.4,0.0,-0.2,-18.7,-0.0,1643,584,0,0,0
1609,229.65,28276,345.17,345.40,0.23,1.5,19.4,0.0,-0.1,-17.8,-0.0,1543,2531,0,-1,-1
1610,229.74,28273,345.13,345.36,0.23,0.2,19.4,0.0,-0.2,-19.0,-0.0,1505,2493,0,0,0
1611,229.91,28270,345.09,345.27,0.18,-4.3,15.3,0.0,-0.4,-19.3,-0.0,1468,414,0,3,2
1612,230.09,28262,345.00,345.19,0.20,-2.8,16.4,0.0,-0.1,-19.0,-0.0,1368,307,0,2,1
1613,230.18,28261,344.98,345.14,0.16,-7.1,13.3,0.0,-0.2,-20.2,-0.0,1355,293,0,6,3
1614,230.35,28254,344.90,345.06,0.16,-4.8,13.3,0.0,-0.3,-17.8,-0.0,1268,213,0,4,1
1615,230.51,28248,344.82,344.97,0.15,-5.7,12.3,0.0,-0.1,-17.8,-0.0,1193,133,0,5,1
1616,230.60,28246,344.80,344.93,0.12,-10.8,10.2,0.0,-0.2,-20.8,-0.0,1168,104,0,10,2
1617,230.77,28245,344.79,344.84,0.05,-14.9,4.1,0.0,-0.5,-18.4,-0.0,1155,106,0,14,2
1618,230.94,28239,344.71,344.76,0.05,-14.1,4.1,0.0,-0.4,-17.8,-0.0,1080,29,0,14,1
1619,231.03,28238,344.70,344.71,0.01,-19.1,1.0,0.0,-0.5,-19.6,-0.0,1068,19,0,19,1
1620,231.19,28231,344.62,344.63,0.01,-17.0,1.0,0.0,-0.5,-17.5,-0.0,980,4028,0,16,-2
1621,231.36,28226,344.56,344.55,-0.01,-18.9,-1.0,0.0,-0.4,-17.5,-0.0,918,3961,0,18,-4
1622,231.45,28223,344.52,344.50,-0.01,-20.3,-1.0,0.0,-0.2,-19.0,-0.0,880,3918,0,19,-5
1623,231.62,28216,344.43,344.42,-0.01,-19.1,-1.0,0.0,-0.2,-17.8,-0.0,793,3832,0,17,-7
1624,231.79,28214,344.41,344.33,-0.07,-24.8,-6.1,0.0,-0.3,-18.4,-0.0,768,3808,0,22,-10
1625,231.88,28212,344.38,344.29,-0.10,-29.4,-8.2,0.0,-0.4,-20.8,-0.0,743,3783,0,25,-13
1626,232.04,28210,344.36,344.21,-0.16,-31.1,-13.3,0.0,-0.5,-17.2,-0.0,718,3768,0,26,-15
1627,232.22,28204,344.29,344.12,-0.17,-33.9,-14.3,0.0,-0.6,-19.0,-0.0,643,3692,0,27,-19
1628,232.31,28199,344.23,344.08,-0.15,-32.4,-12.3,0.0,-0.5,-19.6,-0.0,580,3625,0,24,-21
1629,232.48,28193,344.15,343.99,-0.16,-31.1,-13.3,0.0,-0.3,-17.5,-0.0,505,3548,0,20,-22
1630,232.64,28186,344.07,343.91,-0.16,-30.9,-13.3,0.0,-0.1,-17.5,-0.0,418,3454,0,17,-25
1631,232.73,28183,344.03,343.86,-0.17,-33.7,-14.3,0.0,-0.0,-19.3,-0.0,380,3410,0,16,-28
1632,232.90,28179,343.98,343.78,-0.21,-35.1,-17.4,0.0,-0.1,-17.5,-0.0,330,3367,0,15,-31
1633,233.07,28173,343.91,343.69,-0.22,-37.3,-18.4,0.0,-0.2,-18.7,-0.0,255,3291,0,12,-34
1634,233.17,28170,343.87,343.65,-0.23,-40.5,-19.4,0.0,-0.3,-20.8,-0.0,218,3252,0,11,-38
1635,233.33,28164,343.80,343.56,-0.23,-37.2,-19.4,0.0,-0.3,-17.5,-0.0,143,3184,0,6,-36
1636,233.51,28157,343.71,343.47,-0.24,-39.7,-20.5,0.0,-0.2,-19.0,-0.0,55,3090,0,1,-38
1637,233.59,28153,343.66,343.43,-0.23,-38.6,-19.4,0.0,-0.1,-19.0,-0.0,5,3038,0,-2,-37
1638,233.76,28145,343.57,343.35,-0.22,-37.1,-18.4,0.0,0.0,-18.7,-0.0,4001,2936,0,-7,-35
1639,233.93,28138,343.48,343.26,-0.22,-36.2,-18.4,0.0,0.0,-17.8,-0.0,3914,2849,0,-12,-33
1640,234.02,28135,343.44,343.22,-0.23,-39.7,-19.4,0.0,0.0,-20.2,-0.0,3876,2805,0,-15,-35
1641,234.19,28123,343.30,343.13,-0.17,-32.8,-14.3,0.0,0.3,-18.7,-0.0,3726,2651,0,-19,-25
1642,234.36,28112,343.16,343.05,-0.12,-28.0,-10.2,0.0,0.4,-18.1,-0.0,3589,2513,0,-21,-18
1643,234.46,28110,343.14,343.00,-0.13,-30.6,-11.2,0.0,0.3,-19.6,-0.0,3564,2485,0,-23,-18
1644,234.62,28100,343.02,342.92,-0.10,-25.3,-8.2,0.0,0.4,-17.5,-0.0,3439,2362,0,-22,-11
1645,234.80,28092,342.92,342.83,-0.09,-25.8,-7.2,0.0,0.4,-19.0,-0.0,3339,2258,0,-24,-8
1646,234.88,28092,342.92,342.79,-0.13,-30.1,-11.2,0.0,0.1,-19.0,-0.0,3339,2268,0,-28,-10
1647,235.05,28083,342.81,342.70,-0.11,-27.0,-9.2,0.0,0.0,-17.8,-0.0,3226,2161,0,-26,-5
1648,235.22,28070,342.65,342.62,-0.04,-21.2,-3.1,0.0,0.3,-18.4,-0.0,3064,1988,0,-20,2
1649,235.31,28065,342.59,342.57,-0.01,-19.4,-1.0,0.0,0.3,-18.7,-0.0,3001,1925,0,-18,4
1650,235.48,28054,342.46,342.49,0.04,-15.2,3.1,0.0,0.4,-18.7,-0.0,2864,1783,0,-14,6
1651,235.65,28045,342.35,342.40,0.06,-12.9,5.1,0.0,0.7,-18.7,-0.0,2751,1662,0,-10,7
1652,235.74,28040,342.29,342.36,0.07,-11.9,6.1,0.0,0.7,-18.7,-0.0,2689,1601,0,-9,7
1653,235.90,28033,342.20,342.28,0.07,-11.9,6.1,0.0,0.4,-18.4,-0.0,2601,1522,0,-8,8
1654,236.07,28022,342.07,342.19,0.12,-8.7,10.2,0.0,0.4,-19.3,-0.0,2464,1382,0,-4,7
1655,236.17,28017,342.00,342.14,0.13,-8.6,11.2,0.0,0.4,-20.2,-0.0,2401,1317,0,-4,8
1656,236.34,28011,341.93,342.06,0.13,-6.3,11.2,0.0,0.3,-17.8,-0.0,2326,1253,0,-2,6
1657,236.51,28001,341.81,341.97,0.16,-5.8,13.3,0.0,0.3,-19.3,-0.0,2201,1123,0,-1,6
1658,236.60,27997,341.76,341.93,0.17,-4.4,14.3,0.0,0.4,-19.0,-0.0,2151,1073,0,0,4
1659,236.77,27990,341.67,341.84,0.17,-4.5,14.3,0.0,0.2,-19.0,-0.0,2064,992,0,0,4
1660,236.94,27981,341.56,341.76,0.20,-1.3,16.4,0.0,0.2,-17.8,-0.0,1951,881,0,0,1
1661,237.03,27976,341.50,341.72,0.21,-2.3,17.4,0.0,0.3,-19.9,-0.0,1889,810,0,1,2
1662,237.20,27968,341.41,341.63,0.22,-0.1,18.4,0.0,0.2,-18.7,-0.0,1789,716,0,0,0
1663,237.36,27960,341.31,341.55,0.24,2.9,20.5,0.0,0.3,-17.8,-0.0,1689,2664,0,-2,-2
1664,237.44,27955,341.25,341.51,0.26,3.1,21.5,0.0,0.3,-18.7,-0.0,1626,2596,0,-2,-2
1665,237.61,27949,341.17,341.42,0.24,2.2,20.5,0.0,0.2,-18.4,-0.0,1551,2527,0,-2,-1
1666,237.78,27942,341.09,341.34,0.24,1.8,20.5,0.0,0.0,-18.7,-0.0,1464,2443,0,-1,-1
1667,237.94,27933,340.98,341.26,0.28,4.6,23.5,0.0,0.1,-19.0,-0.0,1351,2328,0,-4,-2
1668,238.02,27930,340.94,341.22,0.27,4.2,22.5,0.0,0.1,-18.4,-0.0,1314,2293,0,-4,-1
1669,238.19,27922,340.84,341.13,0.28,4.5,23.5,0.0,0.0,-19.0,-0.0,1214,2194,0,-4,-1
1670,238.35,27917,340.78,341.05,0.27,4.5,22.5,0.0,0.1,-18.1,-0.0,1151,2131,0,-4,-1
1671,238.45,27914,340.75,341.01,0.26,0.4,21.5,0.0,0.0,-21.1,-0.0,1114,2089,0,0,0
1672,238.61,27910,340.70,340.92,0.22,0.6,18.4,0.0,-0.2,-17.5,-0.0,1064,2055,0,-1,0
1673,238.79,27902,340.60,340.84,0.23,0.2,19.4,0.0,-0.2,-19.0,-0.0,964,1951,0,0,0
1674,238.88,27899,340.56,340.79,0.23,-1.0,19.4,0.0,-0.2,-20.2,-0.0,926,3961,0,1,0
1675,239.04,27893,340.49,340.71,0.22,1.0,18.4,0.0,-0.2,-17.2,-0.0,851,1842,0,-1,0
1676,239.21,27886,340.41,340.62,0.22,0.4,18.4,0.0,-0.2,-17.8,-0.0,764,1754,0,0,0
1677,239.30,27881,340.34,340.58,0.23,0.7,19.4,0.0,0.0,-18.7,-0.0,701,1682,0,-1,0
1678,239.47,27878,340.31,340.49,0.18,-3.6,15.3,0.0,-0.2,-18.7,-0.0,664,3700,0,3,-2
1679,239.63,27874,340.26,340.41,0.15,-5.7,12.3,0.0,-0.2,-17.8,-0.0,614,3651,0,4,-4
1680,239.72,27870,340.21,340.37,0.16,-6.0,13.3,0.0,-0.2,-19.0,-0.0,564,3601,0,4,-4
1681,239.88,27866,340.16,340.29,0.12,-8.6,10.2,0.0,-0.4,-18.4,-0.0,514,3556,0,6,-6
1682,240.05,27862,340.11,340.21,0.10,-9.6,8.2,0.0,-0.5,-17.2,-0.0,464,3513,0,6,-7
1683,240.22,27855,340.03,340.12,0.10,-10.8,8.2,0.0,-0.3,-18.7,-0.0,376,3416,0,5,-9
1684,240.31,27853,340.00,340.07,0.07,-14.4,6.1,0.0,-0.3,-20.2,-0.0,351,3388,0,6,-12
1685,240.48,27849,339.95,339.99,0.04,-16.6,3.1,0.0,-0.3,-19.3,-0.0,301,3340,0,6,-15
1686,240.65,27845,339.90,339.90,0.00,-18.6,0.0,0.0,-0.5,-18.1,-0.0,251,3298,0,6,-17
1687,240.74,27843,339.88,339.86,-0.02,-22.4,-2.0,0.0,-0.4,-19.9,-0.0,226,3268,0,6,-21
1688,240.90,27837,339.81,339.78,-0.02,-20.0,-2.0,0.0,-0.4,-17.5,-0.0,151,3198,0,4,-19
1689,241.08,27831,339.73,339.69,-0.05,-24.6,-4.1,0.0,-0.3,-20.2,-0.0,76,3114,0,2,-24
1690,241.17,27829,339.71,339.64,-0.06,-25.4,-5.1,0.0,-0.4,-19.9,-0.0,51,3091,0,1,-25
1691,241.33,27826,339.67,339.56,-0.11,-27.7,-9.2,0.0,-0.4,-18.1,-0.0,14,3059,0,-1,-27
1692,241.50,27818,339.58,339.48,-0.10,-26.0,-8.2,0.0,-0.3,-17.5,-0.0,4010,2955,0,-4,-25
1693,241.59,27814,339.53,339.43,-0.10,-27.2,-8.2,0.0,-0.3,-18.7,-0.0,3960,2902,0,-7,-25
1694,241.75,27810,339.48,339.35,-0.12,-28.6,-10.2,0.0,-0.3,-18.1,-0.0,3910,2855,0,-9,-26
1695,241.92,27806,339.43,339.27,-0.16,-31.1,-13.3,0.0,-0.2,-17.5,-0.0,3860,2804,0,-12,-28
1696,242.01,27804,339.40,339.22,-0.18,-36.1,-15.3,0.0,-0.3,-20.5,-0.0,3835,2774,0,-15,-31
1697,242.19,27797,339.32,339.13,-0.18,-34.4,-15.3,0.0,-0.3,-18.7,-0.0,3747,2692,0,-18,-28
1698,242.36,27792,339.26,339.05,-0.21,-35.3,-17.4,0.0,-0.4,-17.5,-0.0,3685,2634,0,-21,-27
1699,242.45,27787,339.20,339.00,-0.20,-37.8,-16.4,0.0,-0.3,-21.1,-0.0,3622,2560,0,-26,-26
1700,242.61,27779,339.10,338.92,-0.18,-33.9,-15.3,0.0,-0.1,-18.4,-0.0,3522,2459,0,-26,-19
1701,242.78,27775,339.05,338.84,-0.22,-36.4,-18.4,0.0,-0.1,-17.8,-0.0,3472,2412,0,-30,-19
1702,242.87,27771,339.00,338.79,-0.21,-36.5,-17.4,0.0,-0.1,-19.0,-0.0,3422,2358,0,-31,-16
1703,243.04,27762,338.89,338.71,-0.18,-33.1,-15.3,0.0,0.1,-17.8,-0.0,3310,2243,0,-31,-9
1704,243.21,27755,338.81,338.62,-0.18,-32.9,-15.3,0.0,-0.0,-17.5,-0.0,3222,2160,0,-31,-5
1705,243.30,27751,338.76,338.58,-0.18,-35.2,-15.3,0.0,0.0,-19.9,-0.0,3172,2103,0,-34,-3
1706,243.47,27746,338.70,338.49,-0.21,-34.6,-17.4,0.0,0.0,-17.2,-0.0,3110,2046,0,-34,0
1707,243.63,27736,338.57,338.41,-0.16,-31.0,-13.3,0.0,0.1,-17.8,-0.0,2985,1917,0,-29,6
1708,243.72,27733,338.54,338.37,-0.17,-34.2,-14.3,0.0,0.0,-19.9,-0.0,2947,1877,0,-32,9
1709,243.89,27725,338.44,338.28,-0.16,-31.3,-13.3,0.0,0.1,-18.1,-0.0,2847,1779,0,-28,12
1710,244.07,27714,338.31,338.19,-0.11,-28.6,-9.2,0.0,0.3,-19.6,-0.0,2710,1632,0,-22,16
1711,244.16,27707,338.22,338.15,-0.07,-25.9,-6.1,0.0,0.5,-20.2,-0.0,2622,1536,0,-18,18
1712,244.32,27702,338.16,338.07,-0.10,-25.5,-8.2,0.0,0.2,-17.5,-0.0,2560,1489,0,-16,19
1713,244.50,27691,338.02,337.98,-0.05,-21.2,-4.1,0.0,0.4,-17.5,-0.0,2422,1345,0,-10,18
1714,244.58,27686,337.96,337.94,-0.02,-21.5,-2.0,0.0,0.5,-19.9,-0.0,2360,1275,0,-8,19
1715,244.76,27677,337.85,337.85,0.00,-18.0,0.0,0.0,0.4,-18.4,-0.0,2247,1169,0,-4,17
1716,244.92,27668,337.74,337.77,0.02,-15.5,2.0,0.0,0.3,-17.8,-0.0,2135,1061,0,-1,15
1717,245.02,27663,337.68,337.72,0.04,-15.5,3.1,0.0,0.5,-19.0,-0.0,2072,989,0,1,15
1718,245.19,27655,337.59,337.64,0.05,-13.1,4.1,0.0,0.4,-17.5,-0.0,1972,898,0,2,12
1719,245.36,27648,337.50,337.55,0.05,-14.7,4.1,0.0,0.2,-19.0,-0.0,1885,811,0,5,13
1720,245.45,27642,337.43,337.51,0.07,-12.9,6.1,0.0,0.3,-19.3,-0.0,1810,732,0,5,11
1721,245.61,27632,337.30,337.42,0.12,-7.8,10.2,0.0,0.4,-18.4,-0.0,1685,608,0,5,6
1722,245.78,27621,337.17,337.34,0.17,-3.9,14.3,0.0,0.5,-18.7,-0.0,1547,464,0,3,2
1723,245.87,27615,337.10,337.29,0.20,-2.1,16.4,0.0,0.5,-19.0,-0.0,1472,387,0,2,1
1724,246.03,27608,337.01,337.21,0.20,-0.6,16.4,0.0,0.5,-17.5,-0.0,1385,304,0,1,0
1725,246.21,27601,336.93,337.13,0.20,-1.2,16.4,0.0,0.3,-17.8,-0.0,1297,222,0,1,0
1726,246.28,27598,336.89,337.09,0.20,-0.0,16.4,0.0,0.3,-16.6,-0.0,1260,190,0,0,0
1727,246.45,27591,336.80,337.01,0.20,-2.0,16.4,0.0,0.1,-18.4,-0.0,1172,102,0,2,0
1728,246.61,27583,336.71,336.92,0.22,0.3,18.4,0.0,0.0,-18.1,-0.0,1072,2054,0,0,0
1729,246.78,27575,336.61,336.84,0.23,1.6,19.4,0.0,0.0,-17.8,-0.0,972,1954,0,-2,0
1730,246.87,27569,336.54,336.79,0.26,1.8,21.5,0.0,0.2,-19.9,-0.0,897,1869,0,-2,0
1731,247.03,27563,336.46,336.71,0.26,4.0,21.5,0.0,0.4,-17.8,-0.0,822,1795,0,-4,1
1732,247.19,27555,336.36,336.63,0.27,5.4,22.5,0.0,0.1,-17.2,-0.0,722,1703,0,-5,3
1733,247.28,27555,336.36,336.59,0.22,-0.6,18.4,0.0,0.0,-19.0,-0.0,722,3750,0,1,0
1734,247.45,27546,336.25,336.50,0.24,1.8,20.5,0.0,0.0,-18.7,-0.0,610,1589,0,-1,1
1735,247.63,27542,336.21,336.42,0.21,-1.6,17.4,0.0,-0.2,-18.7,-0.0,560,3597,0,1,-1
1736,247.72,27538,336.16,336.37,0.21,-3.6,17.4,0.0,-0.2,-20.8,-0.0,510,3541,0,2,-3
1737,247.88,27531,336.07,336.29,0.22,0.1,18.4,0.0,-0.2,-18.1,-0.0,422,1411,0,0,0
1738,248.06,27524,335.99,336.20,0.21,-1.5,17.4,0.0,-0.2,-18.7,-0.0,335,3370,0,1,-1
1739,248.15,27520,335.94,336.15,0.22,-1.3,18.4,0.0,-0.1,-19.6,-0.0,285,3317,0,0,-1
1740,248.32,27513,335.85,336.07,0.22,0.6,18.4,0.0,0.0,-17.8,-0.0,197,1180,0,0,1
1741,248.49,27508,335.79,335.99,0.20,-1.3,16.4,0.0,-0.1,-17.5,-0.0,135,3170,0,0,-1
1742,248.57,27504,335.74,335.94,0.20,-3.3,16.4,0.0,-0.1,-19.6,-0.0,85,3115,0,0,-3
1743,248.75,27500,335.69,335.85,0.16,-5.9,13.3,0.0,-0.2,-19.0,-0.0,35,3071,0,0,-6
1744,248.91,27496,335.64,335.77,0.12,-7.6,10.2,0.0,-0.3,-17.5,-0.0,4081,3027,0,-1,-7
1745,249.00,27494,335.62,335.73,0.11,-10.8,9.2,0.0,-0.4,-19.6,-0.0,4056,3002,0,-1,-10
1746,249.17,27487,335.53,335.64,0.11,-8.6,9.2,0.0,-0.3,-17.5,-0.0,3968,2915,0,-2,-8
1747,249.34,27482,335.47,335.56,0.09,-11.9,7.2,0.0,-0.4,-18.7,-0.0,3906,2852,0,-4,-11
1748,249.43,27480,335.45,335.51,0.06,-14.3,5.1,0.0,-0.4,-19.0,-0.0,3881,2826,0,-5,-13
1749,249.59,27474,335.38,335.43,0.05,-13.7,4.1,0.0,-0.3,-17.5,-0.0,3806,2751,0,-6,-12
1750,249.76,27468,335.30,335.35,0.05,-14.0,4.1,0.0,-0.2,-17.8,-0.0,3731,2675,0,-8,-11
1751,249.85,27466,335.28,335.30,0.02,-17.3,2.0,0.0,-0.3,-19.0,-0.0,3706,2650,0,-10,-13
1752,250.02,27460,335.21,335.22,0.01,-19.2,1.0,0.0,-0.3,-19.9,-0.0,3631,2572,0,-13,-13
1753,250.19,27456,335.16,335.13,-0.02,-20.2,-2.0,0.0,-0.3,-17.8,-0.0,3581,2525,0,-15,-13
1754,250.28,27453,335.12,335.09,-0.02,-21.3,-2.0,0.0,-0.3,-19.0,-0.0,3543,2487,0,-16,-13
1755,250.45,27449,335.07,335.00,-0.07,-24.7,-6.1,0.0,-0.4,-18.1,-0.0,3493,2442,0,-20,-14
1756,250.62,27444,335.01,334.92,-0.10,-27.4,-8.2,0.0,-0.5,-18.7,-0.0,3431,2380,0,-23,-13
1757,250.71,27441,334.97,334.87,-0.10,-28.5,-8.2,0.0,-0.4,-19.9,-0.0,3393,2339,0,-25,-12
1758,250.88,27435,334.90,334.79,-0.11,-28.0,-9.2,0.0,-0.3,-18.4,-0.0,3318,2263,0,-26,-9
1759,251.05,27430,334.84,334.70,-0.13,-29.7,-11.2,0.0,-0.3,-18.1,-0.0,3256,2200,0,-28,-7
1760,251.13,27425,334.78,334.66,-0.12,-30.0,-10.2,0.0,-0.2,-19.6,-0.0,3193,2131,0,-29,-4
1761,251.30,27418,334.69,334.58,-0.11,-27.7,-9.2,0.0,-0.0,-18.4,-0.0,3106,2043,0,-27,0
1762,251.47,27414,334.64,334.49,-0.15,-30.3,-12.3,0.0,-0.2,-17.8,-0.0,3056,1999,0,-29,2
1763,251.56,27410,334.59,334.45,-0.15,-32.3,-12.3,0.0,-0.1,-19.9,-0.0,3006,1942,0,-31,5
1764,251.73,27406,334.55,334.36,-0.18,-33.9,-15.3,0.0,-0.2,-18.4,-0.0,2956,1897,0,-32,8
1765,251.90,27398,334.45,334.28,-0.17,-32.7,-14.3,0.0,-0.2,-18.1,-0.0,2856,1798,0,-29,12
1766,251.99,27396,334.42,334.23,-0.20,-37.2,-16.4,0.0,-0.3,-20.5,-0.0,2831,1771,0,-33,15
1767,252.16,27390,334.35,334.15,-0.21,-35.2,-17.4,0.0,-0.2,-17.5,-0.0,2756,1699,0,-29,17
1768,252.34,27381,334.24,334.06,-0.18,-35.0,-15.3,0.0,-0.0,-19.6,-0.0,2643,1577,0,-25,22
1769,252.43,27378,334.20,334.02,-0.18,-34.7,-15.3,0.0,0.0,-19.3,-0.0,2606,1539,0,-24,24
1770,252.60,27371,334.12,333.93,-0.20,-35.2,-16.4,0.0,-0.1,-18.7,-0.0,2518,1454,0,-21,27
1771,252.77,27364,334.03,333.84,-0.20,-34.5,-16.4,0.0,0.0,-18.1,-0.0,2431,1364,0,-17,29
1772,252.85,27357,333.95,333.80,-0.15,-31.1,-12.3,0.0,0.2,-19.0,-0.0,2343,1269,0,-11,28
1773,253.03,27350,333.86,333.71,-0.15,-32.1,-12.3,0.0,0.1,-19.9,-0.0,2256,1183,0,-8,30
1774,253.20,27342,333.76,333.63,-0.13,-29.5,-11.2,0.0,0.2,-18.4,-0.0,2156,1083,0,-3,28
1775,253.29,27338,333.72,333.58,-0.13,-31.2,-11.2,0.0,0.2,-20.2,-0.0,2106,1029,0,0,30
1776,253.45,27329,333.61,333.50,-0.11,-26.4,-9.2,0.0,0.3,-17.5,-0.0,1993,920,0,4,25
1777,253.63,27320,333.50,333.41,-0.09,-26.3,-7.2,0.0,0.2,-19.3,-0.0,1881,808,0,8,24
1778,253.72,27314,333.42,333.37,-0.05,-23.7,-4.1,0.0,0.4,-19.9,-0.0,1806,725,0,10,21
1779,253.88,27305,333.31,333.29,-0.02,-19.8,-2.0,0.0,0.4,-18.1,-0.0,1693,615,0,11,16
1780,254.06,27298,333.23,333.20,-0.02,-20.5,-2.0,0.0,0.3,-18.7,-0.0,1606,530,0,14,14
1781,254.15,27293,333.17,333.15,-0.01,-20.6,-1.0,0.0,0.4,-19.9,-0.0,1543,463,0,15,13
1782,254.33,27282,333.03,333.06,0.04,-16.4,3.1,0.0,0.4,-19.9,-0.0,1406,323,0,14,8
1783,254.41,27277,332.97,333.02,0.05,-14.6,4.1,0.0,0.4,-19.0,-0.0,1343,264,0,13,6
1784,254.59,27272,332.91,332.94,0.02,-16.8,2.0,0.0,0.2,-19.0,-0.0,1281,208,0,15,5
1785,254.75,27260,332.76,332.85,0.09,-10.3,7.2,0.0,0.4,-17.8,-0.0,1131,54,0,10,1
1786,254.84,27257,332.73,332.81,0.09,-11.8,7.2,0.0,0.4,-19.3,-0.0,1093,14,0,11,0
1787,255.02,27249,332.63,332.72,0.09,-12.9,7.2,0.0,0.2,-20.2,-0.0,993,4012,0,12,-2
1788,255.19,27238,332.50,332.63,0.13,-6.8,11.2,0.0,0.4,-18.4,-0.0,856,3874,0,6,-2
1789,255.28,27234,332.45,332.59,0.15,-7.5,12.3,0.0,0.4,-20.2,-0.0,806,3817,0,7,-3
1790,255.44,27226,332.35,332.51,0.16,-4.3,13.3,0.0,0.3,-17.8,-0.0,706,3730,0,4,-2
1791,255.61,27219,332.26,332.42,0.16,-5.4,13.3,0.0,0.3,-19.0,-0.0,618,3637,0,4,-3
1792,255.77,27211,332.17,332.34,0.17,-3.6,14.3,0.0,0.2,-18.1,-0.0,518,3541,0,2,-3
1793,255.86,27206,332.10,332.30,0.20,-2.4,16.4,0.0,0.2,-19.0,-0.0,456,3478,0,1,-2
1794,256.02,27199,332.02,332.22,0.20,-1.9,16.4,0.0,0.1,-18.4,-0.0,368,3394,0,1,-2
1795,256.19,27191,331.92,332.13,0.21,0.9,17.4,0.0,0.2,-16.6,-0.0,268,1249,0,0,1
1796,256.28,27187,331.87,332.09,0.22,-0.7,18.4,0.0,0.2,-19.3,-0.0,218,3239,0,0,-1
1797,256.44,27180,331.79,332.01,0.22,1.1,18.4,0.0,0.2,-17.5,-0.0,131,1111,0,0,1
1798,256.61,27174,331.71,331.92,0.21,-0.7,17.4,0.0,0.0,-18.1,-0.0,56,3087,0,0,-1
1799,256.71,27169,331.65,331.88,0.22,-1.7,18.4,0.0,0.1,-20.2,-0.0,4089,3016,0,0,-2
1800,256.87,27161,331.56,331.79,0.23,1.4,19.4,0.0,0.1,-18.1,-0.0,3989,874,0,0,1
1801,257.05,27156,331.49,331.71,0.21,-0.4,17.4,0.0,0.0,-17.8,-0.0,3927,2863,0,0,0
1802,257.13,27154,331.47,331.66,0.20,-2.8,16.4,0.0,-0.1,-19.0,-0.0,3902,2838,0,-1,-2
1803,257.30,27146,331.37,331.58,0.21,-1.3,17.4,0.0,0.0,-18.7,-0.0,3802,2736,0,-1,-1
1804,257.47,27137,331.26,331.49,0.23,1.6,19.4,0.0,0.0,-17.8,-0.0,3689,577,0,1,1
1805,257.56,27136,331.25,331.45,0.20,-2.8,16.4,0.0,-0.1,-19.0,-0.0,3677,2615,0,-2,-2
1806,257.73,27130,331.18,331.36,0.18,-2.3,15.3,0.0,-0.1,-17.5,-0.0,3602,2541,0,-2,-2
1807,257.90,27124,331.10,331.28,0.17,-4.5,14.3,0.0,-0.1,-18.7,-0.0,3527,2464,0,-4,-3
1808,257.99,27121,331.07,331.23,0.17,-5.4,14.3,0.0,-0.1,-19.6,-0.0,3489,2426,0,-4,-3
1809,258.15,27115,330.99,331.16,0.16,-4.5,13.3,0.0,-0.3,-17.5,-0.0,3414,2359,0,-4,-2
1810,258.32,27109,330.92,331.07,0.15,-7.5,12.3,0.0,-0.1,-19.6,-0.0,3339,2275,0,-7,-2
1811,258.41,27106,330.88,331.02,0.13,-8.5,11.2,0.0,-0.2,-19.6,-0.0,3302,2240,0,-8,-2
1812,258.58,27103,330.85,330.94,0.10,-9.9,8.2,0.0,-0.3,-17.8,-0.0,3264,2210,0,-9,-2
1813,258.75,27098,330.79,330.85,0.07,-12.4,6.1,0.0,-0.4,-18.1,-0.0,3202,2150,0,-12,-2
1814,258.92,27093,330.73,330.77,0.05,-14.2,4.1,0.0,-0.4,-17.8,-0.0,3139,2089,0,-14,-1
1815,258.99,27090,330.69,330.73,0.05,-13.5,4.1,0.0,-0.4,-17.2,-0.0,3102,2051,0,-13,0
1816,259.16,27082,330.59,330.65,0.06,-12.4,5.1,0.0,-0.3,-17.2,-0.0,3002,1948,0,-12,2
1817,259.32,27080,330.57,330.57,0.00,-18.1,0.0,0.0,-0.3,-17.8,-0.0,2977,1922,0,-17,3
1818,259.41,27078,330.54,330.52,-0.02,-22.3,-2.0,0.0,-0.4,-19.9,-0.0,2952,1895,0,-21,5
1819,259.58,27072,330.47,330.44,-0.04,-21.8,-3.1,0.0,-0.3,-18.4,-0.0,2877,1821,0,-20,7
1820,259.75,27069,330.43,330.35,-0.09,-25.2,-7.2,0.0,-0.5,-17.5,-0.0,2839,1792,0,-23,9
1821,259.84,27067,330.41,330.31,-0.10,-28.4,-8.2,0.0,-0.6,-19.6,-0.0,2814,1766,0,-25,12
1822,260.02,27057,330.29,330.22,-0.06,-24.7,-5.1,0.0,-0.2,-19.3,-0.0,2689,1630,0,-19,14
1823,260.18,27051,330.21,330.14,-0.07,-23.9,-6.1,0.0,-0.2,-17.5,-0.0,2614,1556,0,-17,16
1824,260.27,27050,330.20,330.09,-0.11,-28.2,-9.2,0.0,-0.3,-18.7,-0.0,2602,1545,0,-20,19
1825,260.44,27044,330.13,330.01,-0.12,-27.9,-10.2,0.0,-0.1,-17.5,-0.0,2527,1468,0,-17,21
1826,260.61,27039,330.07,329.92,-0.15,-30.9,-12.3,0.0,-0.2,-18.4,-0.0,2464,1404,0,-16,25
1827,260.70,27037,330.04,329.88,-0.16,-33.9,-13.3,0.0,-0.4,-20.2,-0.0,2439,1382,0,-17,28
1828,260.87,27029,329.94,329.79,-0.15,-31.3,-12.3,0.0,-0.3,-18.7,-0.0,2339,1282,0,-12,28
1829,261.04,27022,329.86,329.71,-0.15,-29.7,-12.3,0.0,-0.1,-17.2,-0.0,2252,1193,0,-7,28
1830,261.13,27019,329.82,329.66,-0.16,-32.5,-13.3,0.0,-0.1,-19.0,-0.0,2214,1152,0,-6,31
1831,261.30,27016,329.79,329.58,-0.21,-36.3,-17.4,0.0,-0.2,-18.7,-0.0,2177,1119,0,-5,35
1832,261.47,27009,329.70,329.50,-0.21,-35.4,-17.4,0.0,-0.1,-17.8,-0.0,2089,1029,0,0,34
1833,261.56,27006,329.66,329.45,-0.21,-37.2,-17.4,0.0,-0.2,-19.6,-0.0,2052,992,0,2,36
1834,261.72,26995,329.53,329.37,-0.16,-30.9,-13.3,0.0,-0.0,-17.5,-0.0,1914,852,0,8,29
1835,261.89,26990,329.47,329.28,-0.18,-32.9,-15.3,0.0,0.0,-17.5,-0.0,1852,788,0,11,30
1836,261.98,26984,329.39,329.24,-0.16,-33.3,-13.3,0.0,0.2,-20.2,-0.0,1777,701,0,15,28
1837,262.15,26973,329.26,329.15,-0.11,-26.4,-9.2,0.0,0.4,-17.5,-0.0,1639,564,0,17,19
1838,262.32,26968,329.20,329.07,-0.13,-28.9,-11.2,0.0,0.2,-17.8,-0.0,1577,506,0,20,20
1839,262.40,26966,329.17,329.03,-0.15,-31.8,-12.3,0.0,0.0,-19.6,-0.0,1552,482,0,23,21
1840,262.57,26956,329.05,328.94,-0.11,-26.5,-9.2,0.0,0.3,-17.5,-0.0,1427,355,0,22,13
1841,262.74,26948,328.96,328.86,-0.10,-26.9,-8.2,0.0,0.0,-18.7,-0.0,1327,259,0,24,10
1842,262.91,26938,328.83,328.77,-0.06,-23.7,-5.1,0.0,0.2,-18.7,-0.0,1202,129,0,22,5
1843,263.00,26934,328.78,328.73,-0.05,-22.8,-4.1,0.0,0.3,-19.0,-0.0,1152,76,0,22,3
1844,263.16,26926,328.69,328.65,-0.04,-20.5,-3.1,0.0,0.4,-17.8,-0.0,1052,4072,0,20,-1
1845,263.34,26917,328.58,328.56,-0.01,-19.7,-1.0,0.0,0.4,-19.0,-0.0,939,3957,0,19,-4
1846,263.42,26914,328.54,328.52,-0.02,-20.8,-2.0,0.0,0.3,-19.0,-0.0,902,3922,0,19,-5
1847,263.59,26902,328.39,328.43,0.04,-14.7,3.1,0.0,0.4,-18.1,-0.0,752,3771,0,13,-7
1848,263.76,26897,328.33,328.35,0.01,-16.6,1.0,0.0,0.2,-17.8,-0.0,689,3713,0,13,-9
1849,263.85,26889,328.23,328.30,0.07,-13.1,6.1,0.0,0.4,-19.6,-0.0,589,3603,0,9,-9
1850,264.02,26883,328.16,328.22,0.06,-12.8,5.1,0.0,0.3,-18.1,-0.0,514,3536,0,8,-9
1851,264.19,26877,328.09,328.14,0.05,-13.5,4.1,0.0,0.2,-17.8,-0.0,439,3463,0,7,-11
1852,264.28,26872,328.03,328.09,0.06,-15.6,5.1,0.0,0.1,-20.8,-0.0,377,3399,0,7,-13
1853,264.45,26862,327.91,328.00,0.10,-10.2,8.2,0.0,0.3,-18.7,-0.0,252,3272,0,3,-9
1854,264.62,26857,327.84,327.92,0.07,-12.6,6.1,0.0,0.0,-18.7,-0.0,189,3219,0,3,-12
1855,264.71,26851,327.77,327.87,0.10,-11.0,8.2,0.0,0.1,-19.3,-0.0,114,3137,0,1,-11
1856,264.88,26839,327.62,327.79,0.17,-3.7,14.3,0.0,0.4,-18.4,-0.0,4060,2981,0,0,-4
1857,265.04,26835,327.58,327.71,0.13,-5.8,11.2,0.0,0.2,-17.2,-0.0,4010,2942,0,-1,-6
1858,265.13,26831,327.53,327.66,0.13,-7.9,11.2,0.0,0.1,-19.3,-0.0,3960,2888,0,-2,-7
1859,265.30,26819,327.38,327.58,0.20,-1.9,16.4,0.0,0.4,-18.7,-0.0,3810,2729,0,-1,-2
1860,265.47,26811,327.28,327.49,0.21,-0.2,17.4,0.0,0.2,-17.8,-0.0,3710,2638,0,0,0
1861,265.55,26807,327.23,327.45,0.22,-0.4,18.4,0.0,0.2,-19.0,-0.0,3660,2587,0,0,0
1862,265.71,26803,327.19,327.37,0.18,-2.3,15.3,0.0,0.2,-17.8,-0.0,3610,2539,0,-2,-2
1863,265.88,26798,327.12,327.29,0.16,-4.8,13.3,0.0,0.0,-18.1,-0.0,3548,2482,0,-4,-3
1864,265.97,26793,327.06,327.24,0.18,-4.6,15.3,0.0,-0.0,-19.9,-0.0,3485,2419,0,-4,-2
1865,266.14,26786,326.98,327.16,0.18,-2.6,15.3,0.0,-0.1,-17.8,-0.0,3398,2338,0,-2,-1
1866,266.31,26779,326.89,327.08,0.18,-3.7,15.3,0.0,-0.0,-19.0,-0.0,3310,2246,0,-3,-1
1867,266.47,26770,326.78,326.99,0.21,-1.0,17.4,0.0,0.1,-18.4,-0.0,3198,2129,0,-1,0
1868,266.54,26767,326.75,326.96,0.21,1.2,17.4,0.0,0.2,-16.3,-0.0,3160,46,0,1,0
1869,266.72,26762,326.68,326.87,0.18,-3.2,15.3,0.0,-0.1,-18.4,-0.0,3098,2036,0,-3,0
1870,266.87,26759,326.65,326.79,0.15,-5.1,12.3,0.0,-0.1,-17.2,-0.0,3060,2000,0,-5,0
1871,267.04,26750,326.54,326.71,0.17,-3.4,14.3,0.0,-0.1,-17.5,-0.0,2948,1889,0,-3,1
1872,267.12,26750,326.54,326.67,0.13,-8.4,11.2,0.0,-0.3,-19.3,-0.0,2948,1892,0,-8,2
1873,267.29,26744,326.46,326.59,0.12,-7.3,10.2,0.0,-0.3,-17.2,-0.0,2873,1820,0,-7,2
1874,267.46,26738,326.39,326.50,0.11,-8.6,9.2,0.0,-0.2,-17.5,-0.0,2798,1742,0,-7,4
1875,267.54,26735,326.35,326.46,0.10,-10.7,8.2,0.0,-0.2,-18.7,-0.0,2760,1699,0,-9,5
1876,267.71,26731,326.31,326.37,0.07,-12.1,6.1,0.0,-0.4,-17.8,-0.0,2710,1658,0,-10,7
1877,267.88,26724,326.22,326.29,0.06,-14.1,5.1,0.0,-0.2,-19.0,-0.0,2623,1562,0,-10,9
1878,267.97,26721,326.18,326.24,0.06,-15.0,5.1,0.0,-0.2,-19.9,-0.0,2585,1524,0,-10,10
1879,268.15,26716,326.12,326.16,0.04,-15.0,3.1,0.0,-0.3,-17.8,-0.0,2523,1468,0,-9,11
1880,268.31,26710,326.05,326.07,0.02,-15.8,2.0,0.0,-0.3,-17.5,-0.0,2448,1393,0,-8,13
1881,268.40,26708,326.03,326.03,0.00,-19.0,0.0,0.0,-0.3,-18.7,-0.0,2423,1365,0,-9,16
1882,268.58,26698,325.90,325.94,0.04,-16.3,3.1,0.0,-0.1,-19.3,-0.0,2298,1234,0,-5,15
1883,268.74,26695,325.87,325.86,-0.01,-19.0,-1.0,0.0,-0.2,-17.8,-0.0,2260,1202,0,-5,18
1884,268.83,26693,325.84,325.81,-0.04,-23.2,-3.1,0.0,-0.3,-19.9,-0.0,2235,1175,0,-5,22
1885,269.00,26688,325.78,325.73,-0.05,-22.2,-4.1,0.0,-0.3,-17.8,-0.0,2173,1118,0,-3,21
1886,269.18,26683,325.72,325.64,-0.09,-26.2,-7.2,0.0,-0.3,-18.7,-0.0,2110,1055,0,-1,25
1887,269.26,26678,325.66,325.60,-0.06,-24.5,-5.1,0.0,-0.4,-19.0,-0.0,2048,994,0,1,24
1888,269.43,26672,325.59,325.51,-0.07,-23.9,-6.1,0.0,-0.2,-17.5,-0.0,1973,917,0,4,23
1889,269.60,26672,325.59,325.43,-0.16,-32.1,-13.3,0.0,-0.4,-18.4,-0.0,1973,921,0,5,31
1890,269.68,26670,325.56,325.39,-0.17,-33.8,-14.3,0.0,-0.4,-19.0,-0.0,1948,897,0,6,32
1891,269.86,26661,325.45,325.30,-0.15,-31.5,-12.3,0.0,-0.2,-19.0,-0.0,1835,777,0,11,28
1892,270.03,26653,325.35,325.21,-0.15,-32.2,-12.3,0.0,-0.3,-19.6,-0.0,1735,678,0,16,27
1893,270.13,26650,325.32,325.17,-0.15,-32.5,-12.3,0.0,-0.3,-19.9,-0.0,1698,639,0,18,26
1894,270.29,26643,325.23,325.08,-0.15,-29.8,-12.3,0.0,0.0,-17.5,-0.0,1610,546,0,19,21
1895,270.47,26636,325.15,324.99,-0.15,-30.9,-12.3,0.0,0.1,-18.7,-0.0,1523,453,0,23,19
1896,270.56,26631,325.09,324.95,-0.13,-31.1,-11.2,0.0,0.0,-19.9,-0.0,1460,389,0,25,17
1897,270.72,26626,325.02,324.87,-0.16,-30.9,-13.3,0.0,-0.0,-17.5,-0.0,1398,337,0,26,15
1898,270.90,26618,324.93,324.78,-0.15,-31.0,-12.3,0.0,0.0,-18.7,-0.0,1298,232,0,28,10
1899,270.99,26615,324.89,324.74,-0.16,-32.4,-13.3,0.0,-0.0,-19.0,-0.0,1260,194,0,30,9
1900,271.16,26606,324.78,324.65,-0.13,-29.9,-11.2,0.0,0.0,-18.7,-0.0,1148,80,0,29,4
1901,271.25,26606,324.78,324.60,-0.17,-33.8,-14.3,0.0,-0.1,-19.3,-0.0,1148,86,0,32,4
1902,271.41,26598,324.68,324.52,-0.16,-30.8,-13.3,0.0,0.0,-17.5,-0.0,1048,4081,0,30,-1
1903,271.58,26588,324.56,324.44,-0.12,-28.9,-10.2,0.0,0.1,-18.7,-0.0,923,3950,0,27,-6
1904,271.75,26580,324.46,324.35,-0.11,-27.6,-9.2,0.0,0.0,-18.4,-0.0,823,3851,0,25,-10
1905,271.84,26573,324.38,324.31,-0.07,-26.4,-6.1,0.0,0.2,-20.5,-0.0,735,3752,0,22,-13
1906,272.01,26565,324.28,324.23,-0.05,-21.8,-4.1,0.0,0.4,-18.1,-0.0,635,3654,0,16,-13
1907,272.18,26557,324.18,324.14,-0.05,-23.4,-4.1,0.0,0.3,-19.6,-0.0,535,3552,0,15,-17
1908,272.27,26554,324.15,324.09,-0.05,-23.2,-4.1,0.0,0.3,-19.3,-0.0,498,3518,0,14,-17
1909,272.44,26544,324.02,324.01,-0.01,-19.7,-1.0,0.0,0.4,-19.0,-0.0,373,3391,0,9,-17
1910,272.61,26541,323.99,323.92,-0.06,-23.0,-5.1,0.0,-0.0,-17.8,-0.0,335,3369,0,10,-20
1911,272.69,26537,323.94,323.88,-0.06,-23.3,-5.1,0.0,-0.0,-18.1,-0.0,285,3316,0,8,-21
1912,272.86,26528,323.83,323.80,-0.04,-22.6,-3.1,0.0,0.0,-19.6,-0.0,173,3199,0,4,-22
1913,273.03,26517,323.69,323.71,0.02,-15.5,2.0,0.0,0.3,-17.8,-0.0,35,3059,0,0,-15
1914,273.11,26514,323.66,323.67,0.01,-18.2,1.0,0.0,0.1,-19.3,-0.0,4094,3023,0,-1,-18
1915,273.28,26503,323.52,323.59,0.06,-12.0,5.1,0.0,0.5,-17.5,-0.0,3956,2878,0,-3,-11
1916,273.46,26493,323.40,323.50,0.10,-10.9,8.2,0.0,0.5,-19.6,-0.0,3831,2745,0,-5,-9
1917,273.55,26490,323.36,323.46,0.09,-12.3,7.2,0.0,0.4,-19.9,-0.0,3794,2709,0,-6,-10
1918,273.71,26482,323.27,323.37,0.11,-8.6,9.2,0.0,0.3,-18.1,-0.0,3694,2619,0,-5,-6
1919,273.88,26472,323.14,323.29,0.15,-4.8,12.3,0.0,0.4,-17.5,-0.0,3569,2493,0,-4,-3
1920,273.97,26468,323.10,323.24,0.15,-6.7,12.3,0.0,0.3,-19.3,-0.0,3519,2441,0,-5,-4
1921,274.14,26459,322.99,323.16,0.17,-2.7,14.3,0.0,0.3,-17.2,-0.0,3406,2335,0,-2,-1
1922,274.31,26452,322.90,323.07,0.17,-3.0,14.3,0.0,0.2,-17.5,-0.0,3319,2248,0,-3,-1
1923,274.40,26448,322.85,323.03,0.17,-5.1,14.3,0.0,0.2,-19.6,-0.0,3269,2192,0,-5,-1
1924,274.57,26440,322.75,322.94,0.18,-3.3,15.3,0.0,0.1,-18.7,-0.0,3169,2097,0,-3,0
1925,274.73,26433,322.67,322.86,0.20,-1.6,16.4,0.0,0.2,-18.1,-0.0,3081,2011,0,-2,0
1926,274.82,26427,322.60,322.82,0.22,-2.2,18.4,0.0,0.2,-20.8,-0.0,3006,1928,0,-2,0
1927,274.98,26424,322.56,322.74,0.18,-2.4,15.3,0.0,0.0,-17.8,-0.0,2969,1904,0,-2,1
1928,275.15,26415,322.45,322.65,0.21,-1.6,17.4,0.0,0.0,-19.0,-0.0,2856,1788,0,-1,1
1929,275.24,26409,322.38,322.61,0.23,-0.3,19.4,0.0,0.2,-19.9,-0.0,2781,1707,0,0,0
1930,275.41,26401,322.28,322.52,0.24,2.8,20.5,0.0,0.2,-17.8,-0.0,2681,3659,0,2,-2
1931,275.58,26395,322.20,322.44,0.23,1.6,19.4,0.0,0.0,-17.8,-0.0,2606,3588,0,1,-1
1932,275.67,26393,322.18,322.39,0.21,-2.1,17.4,0.0,0.1,-19.6,-0.0,2581,1509,0,-1,2
1933,275.84,26385,322.08,322.31,0.22,0.6,18.4,0.0,0.0,-17.8,-0.0,2481,3462,0,0,0
1934,276.01,26380,322.02,322.23,0.21,-0.2,17.4,0.0,-0.1,-17.5,-0.0,2419,1360,0,0,0
1935,276.10,26376,321.97,322.18,0.21,-3.3,17.4,0.0,-0.1,-20.5,-0.0,2369,1304,0,-1,3
1936,276.27,26372,321.92,322.10,0.17,-3.4,14.3,0.0,-0.2,-17.5,-0.0,2319,1263,0,-1,3
1937,276.44,26364,321.83,322.01,0.18,-3.8,15.3,0.0,-0.1,-19.0,-0.0,2219,1157,0,-1,4
1938,276.53,26360,321.78,321.96,0.18,-4.7,15.3,0.0,-0.1,-19.9,-0.0,2169,1105,0,-1,5
1939,276.70,26355,321.72,321.88,0.16,-5.3,13.3,0.0,-0.2,-18.4,-0.0,2106,1046,0,0,5
1940,276.86,26350,321.66,321.80,0.15,-6.3,12.3,0.0,-0.1,-18.4,-0.0,2044,984,0,0,6
1941,277.03,26345,321.59,321.71,0.12,-7.7,10.2,0.0,-0.1,-17.8,-0.0,1981,922,0,1,7
1942,277.11,26344,321.58,321.67,0.09,-11.3,7.2,0.0,-0.4,-18.1,-0.0,1969,915,0,2,11
1943,277.28,26339,321.52,321.59,0.06,-12.9,5.1,0.0,-0.5,-17.5,-0.0,1906,856,0,3,12
1944,277.45,26337,321.50,321.50,0.01,-17.0,1.0,0.0,-0.5,-17.5,-0.0,1881,832,0,5,16
1945,277.53,26333,321.45,321.46,0.01,-19.1,1.0,0.0,-0.5,-19.6,-0.0,1831,780,0,7,17
1946,277.70,26327,321.37,321.38,0.00,-18.6,0.0,0.0,-0.5,-18.1,-0.0,1756,705,0,8,16
1947,277.87,26319,321.28,321.29,0.01,-16.8,1.0,0.0,-0.2,-17.5,-0.0,1656,599,0,10,13
1948,277.96,26315,321.23,321.25,0.02,-17.1,2.0,0.0,-0.1,-19.0,-0.0,1606,545,0,11,12
1949,278.13,26313,321.20,321.16,-0.04,-22.6,-3.1,0.0,-0.2,-19.3,-0.0,1581,520,0,15,16
1950,278.30,26309,321.15,321.08,-0.07,-24.7,-6.1,0.0,-0.4,-18.1,-0.0,1531,481,0,18,16
1951,278.39,26305,321.11,321.03,-0.07,-26.6,-6.1,0.0,-0.3,-20.2,-0.0,1481,422,0,21,16
1952,278.56,26300,321.04,320.95,-0.10,-26.4,-8.2,0.0,-0.4,-17.8,-0.0,1419,368,0,22,14
1953,278.73,26297,321.01,320.86,-0.15,-31.2,-12.3,0.0,-0.5,-18.4,-0.0,1381,334,0,26,15
1954,278.82,26293,320.96,320.82,-0.15,-32.6,-12.3,0.0,-0.4,-19.9,-0.0,1331,275,0,29,13
1955,278.99,26285,320.86,320.73,-0.12,-29.1,-10.2,0.0,-0.2,-18.7,-0.0,1231,171,0,27,7
1956,279.16,26279,320.79,320.65,-0.15,-30.3,-12.3,0.0,-0.2,-17.8,-0.0,1156,99,0,29,4
1957,279.25,26277,320.76,320.60,-0.16,-33.4,-13.3,0.0,-0.2,-19.9,-0.0,1131,71,0,32,4
1958,279.42,26273,320.72,320.52,-0.20,-34.4,-16.4,0.0,-0.2,-17.8,-0.0,1081,23,0,33,1
1959,279.59,26265,320.62,320.43,-0.18,-33.1,-15.3,0.0,-0.2,-17.5,-0.0,981,4019,0,32,-4
1960,279.67,26264,320.61,320.39,-0.22,-38.4,-18.4,0.0,-0.4,-19.6,-0.0,969,4008,0,37,-5
1961,279.84,26256,320.51,320.31,-0.21,-35.4,-17.4,0.0,-0.2,-17.8,-0.0,869,3908,0,33,-10
1962,280.02,26249,320.42,320.22,-0.20,-34.2,-16.4,0.0,0.0,-17.8,-0.0,781,3814,0,30,-14
1963,280.11,26246,320.39,320.17,-0.22,-40.8,-18.4,0.0,-0.1,-22.3,-0.0,744,3768,0,35,-19
1964,280.28,26238,320.29,320.09,-0.20,-34.5,-16.4,0.0,-0.0,-18.1,-0.0,644,3677,0,27,-20
1965,280.45,26230,320.19,320.00,-0.18,-34.0,-15.3,0.0,0.1,-18.7,-0.0,544,3571,0,23,-24
1966,280.54,26228,320.17,319.96,-0.21,-36.7,-17.4,0.0,0.0,-19.3,-0.0,519,3548,0,24,-26
1967,280.71,26217,320.03,319.87,-0.16,-31.6,-13.3,0.0,0.1,-18.4,-0.0,381,3407,0,15,-27
1968,280.88,26209,319.93,319.79,-0.15,-29.5,-12.3,0.0,0.3,-17.5,-0.0,281,3305,0,10,-27
1969,280.96,26204,319.87,319.75,-0.12,-29.9,-10.2,0.0,0.3,-19.9,-0.0,219,3237,0,7,-28
1970,281.14,26197,319.79,319.66,-0.13,-28.9,-11.2,0.0,0.2,-17.8,-0.0,131,3156,0,4,-28
1971,281.31,26187,319.67,319.57,-0.09,-24.7,-7.2,0.0,0.3,-17.8,-0.0,6,3029,0,-2,-24
1972,281.39,26182,319.60,319.53,-0.07,-24.2,-6.1,0.0,0.3,-18.4,-0.0,4040,2964,0,-4,-23
1973,281.56,26176,319.53,319.45,-0.09,-24.5,-7.2,0.0,0.2,-17.5,-0.0,3965,2894,0,-6,-23
1974,281.73,26168,319.43,319.36,-0.07,-24.9,-6.1,0.0,0.3,-19.0,-0.0,3865,2788,0,-10,-22
1975,281.81,26162,319.36,319.32,-0.04,-22.0,-3.1,0.0,0.4,-19.3,-0.0,3790,2711,0,-11,-18
1976,281.99,26152,319.24,319.23,0.00,-18.1,0.0,0.0,0.3,-18.4,-0.0,3665,2589,0,-12,-13
1977,282.17,26145,319.15,319.15,-0.01,-18.7,-1.0,0.0,0.2,-17.8,-0.0,3577,2506,0,-14,-12
1978,282.25,26138,319.07,319.10,0.04,-16.1,3.1,0.0,0.4,-19.6,-0.0,3490,2407,0,-13,-8
1979,282.43,26129,318.96,319.01,0.06,-12.8,5.1,0.0,0.5,-18.4,-0.0,3377,2297,0,-12,-5
1980,282.59,26120,318.85,318.93,0.09,-10.2,7.2,0.0,0.4,-17.8,-0.0,3265,2187,0,-10,-2
1981,282.69,26114,318.77,318.89,0.11,-10.9,9.2,0.0,0.4,-20.5,-0.0,3190,2105,0,-11,-1
1982,282.85,26106,318.68,318.80,0.12,-6.8,10.2,0.0,0.5,-17.5,-0.0,3090,2012,0,-7,0
1983,283.03,26097,318.57,318.71,0.15,-7.0,12.3,0.0,0.3,-19.6,-0.0,2977,1898,0,-7,2
1984,283.12,26094,318.53,318.67,0.13,-7.8,11.2,0.0,0.3,-19.3,-0.0,2940,1862,0,-7,2
1985,283.28,26088,318.46,318.59,0.13,-6.1,11.2,0.0,0.2,-17.5,-0.0,2865,1796,0,-5,2
1986,283.44,26075,318.30,318.51,0.21,-0.7,17.4,0.0,0.4,-18.4,-0.0,2702,1625,0,-1,0
1987,283.53,26071,318.25,318.46,0.22,0.0,18.4,0.0,0.4,-18.7,-0.0,2652,3623,0,0,0
1988,283.70,26063,318.15,318.38,0.22,-0.0,18.4,0.0,0.3,-18.7,-0.0,2552,1476,0,0,0
1989,283.87,26057,318.08,318.29,0.22,0.9,18.4,0.0,0.3,-17.8,-0.0,2477,3452,0,0,-1
1990,283.96,26052,318.02,318.25,0.23,0.2,19.4,0.0,0.4,-19.6,-0.0,2415,3382,0,0,0
1991,284.13,26046,317.94,318.16,0.22,-0.3,18.4,0.0,0.0,-18.7,-0.0,2340,1273,0,0,0
1992,284.29,26035,317.81,318.08,0.27,5.2,22.5,0.0,0.2,-17.5,-0.0,2202,3179,0,1,-5
1993,284.39,26031,317.76,318.04,0.27,2.5,22.5,0.0,0.2,-20.2,-0.0,2152,3124,0,0,-2
1994,284.55,26026,317.70,317.95,0.26,3.8,21.5,0.0,0.1,-17.8,-0.0,2090,3070,0,0,-4
1995,284.72,26021,317.64,317.87,0.23,0.5,19.4,0.0,0.0,-19.0,-0.0,2027,3008,0,0,0
1996,284.81,26017,317.59,317.83,0.23,0.8,19.4,0.0,0.0,-18.7,-0.0,1977,2957,0,0,-1
1997,284.98,26010,317.50,317.74,0.23,0.3,19.4,0.0,-0.1,-19.0,-0.0,1890,2876,0,0,0
1998,285.15,26003,317.42,317.65,0.23,1.4,19.4,0.0,-0.2,-17.8,-0.0,1802,2791,0,-1,-1
1999,285.23,25999,317.37,317.61,0.24,1.7,20.5,0.0,-0.0,-18.7,-0.0,1752,2735,0,-1,-1
