Sample,Timestamp,Raw Encoder Reading,Measured Motor Steps,Target Motor Steps,Current Error,PID Control Signal,PID P Term,PID I Term,PID D Term,PID V Term,PID A Term,Measured Step Phase,Desired Step Phase,Phase Shift,Coil A Current,Coil B Current
0,0.04,33600,410.16,410.25,0.10,21.1,8.2,13.0,0.0,-0.0,-0.0,2557,3579,0,14,-15
1,0.20,33603,410.19,410.25,0.06,18.1,5.1,13.0,0.0,-0.0,-0.0,2594,3618,0,13,-12
2,0.37,33604,410.21,410.25,0.05,17.0,4.1,13.0,-0.0,-0.0,-0.0,2607,3634,0,13,-11
3,0.53,33602,410.18,410.25,0.07,19.1,6.1,13.0,-0.0,-0.0,-0.0,2582,3611,0,14,-13
4,0.61,33603,410.19,410.25,0.06,18.0,5.1,13.0,-0.0,-0.1,-0.0,2594,3624,0,13,-12
5,0.78,33603,410.19,410.25,0.06,18.0,5.1,13.0,-0.0,-0.1,-0.0,2594,3619,0,13,-12
6,0.94,33603,410.19,410.25,0.06,18.0,5.1,13.0,0.0,-0.1,-0.0,2594,3616,0,13,-12
7,1.10,33602,410.18,410.25,0.07,19.0,6.1,13.0,-0.0,-0.1,-0.0,2582,3607,0,13,-13
8,1.18,33606,410.23,410.25,0.02,14.9,2.0,13.0,-0.0,-0.1,-0.0,2632,3662,0,11,-9
9,1.35,33606,410.23,410.25,0.01,13.9,1.0,13.0,-0.0,-0.1,-0.0,2632,3660,0,11,-8
10,1.51,33606,410.23,410.25,0.01,13.9,1.0,13.0,-0.0,-0.1,-0.0,2632,3659,0,11,-8
11,1.68,33606,410.23,410.25,0.01,13.9,1.0,13.0,-0.0,-0.1,-0.0,2632,3662,0,11,-8
12,1.76,33608,410.25,410.25,-0.01,11.8,-1.0,13.0,-0.0,-0.2,-0.0,2657,3690,0,9,-7
13,1.92,33606,410.23,410.25,0.01,13.8,1.0,13.0,-0.0,-0.2,-0.0,2632,3656,0,10,-8
14,2.08,33607,410.24,410.24,0.00,12.8,0.0,13.0,0.0,-0.2,-0.0,2644,3668,0,10,-8
15,2.25,33608,410.25,410.24,-0.01,11.8,-1.0,13.0,-0.0,-0.2,-0.0,2657,3684,0,9,-7
16,2.32,33608,410.25,410.24,-0.01,11.8,-1.0,13.0,-0.0,-0.2,-0.0,2657,3684,0,9,-7
17,2.48,33607,410.24,410.24,0.00,12.8,0.0,13.0,-0.0,-0.2,-0.0,2644,3670,0,10,-8
18,2.65,33607,410.24,410.24,0.00,12.8,0.0,13.0,-0.0,-0.2,-0.0,2644,3669,0,10,-8
19,2.81,33609,410.27,410.24,-0.02,10.7,-2.0,13.0,-0.0,-0.3,-0.0,2669,3695,0,8,-6
20,2.89,33606,410.23,410.24,0.01,13.7,1.0,13.0,0.0,-0.3,-0.0,2632,3653,0,10,-8
21,3.06,33608,410.25,410.24,-0.01,11.7,-1.0,13.0,0.0,-0.3,-0.0,2657,3681,0,9,-7
22,3.22,33607,410.24,410.24,0.00,12.7,0.0,13.0,0.0,-0.3,-0.0,2644,3668,0,10,-8
23,3.39,33605,410.22,410.24,0.01,13.7,1.0,13.0,0.0,-0.3,-0.0,2619,3640,0,10,-9
24,3.47,33605,410.22,410.23,0.01,13.7,1.0,13.0,0.0,-0.3,-0.0,2619,3637,0,10,-9
25,3.63,33607,410.24,410.23,-0.01,11.6,-1.0,13.0,-0.0,-0.3,-0.0,2644,3668,0,9,-7
26,3.80,33607,410.24,410.23,-0.01,11.6,-1.0,13.0,-0.0,-0.4,-0.0,2644,3668,0,9,-7
27,3.96,33607,410.24,410.23,-0.01,11.6,-1.0,13.0,-0.0,-0.4,-0.0,2644,3671,0,9,-7
28,4.04,33607,410.24,410.23,-0.01,11.6,-1.0,13.0,-0.0,-0.4,-0.0,2644,3671,0,9,-7
29,4.20,33607,410.24,410.23,-0.01,11.6,-1.0,13.0,-0.0,-0.4,-0.0,2644,3671,0,9,-7
30,4.36,33605,410.22,410.23,0.01,13.6,1.0,13.0,0.0,-0.4,-0.0,2619,3640,0,10,-8
31,4.52,33604,410.21,410.22,0.02,14.6,2.0,13.0,0.0,-0.4,-0.0,2607,3627,0,11,-9
32,4.61,33604,410.21,410.22,0.01,13.6,1.0,13.0,0.0,-0.5,-0.0,2607,3626,0,10,-9
33,4.78,33607,410.24,410.22,-0.02,10.5,-2.0,13.0,-0.0,-0.4,-0.0,2644,3668,0,8,-6
34,4.94,33601,410.17,410.22,0.05,16.6,4.1,13.0,0.0,-0.4,-0.0,2569,3584,0,11,-11
35,5.10,33601,410.17,410.22,0.05,16.6,4.1,13.0,0.0,-0.4,-0.0,2569,3587,0,11,-11
36,5.19,33602,410.18,410.22,0.04,15.5,3.1,13.0,0.0,-0.5,-0.0,2582,3603,0,11,-10
37,5.37,33606,410.23,410.21,-0.01,11.5,-1.0,13.0,0.0,-0.5,-0.0,2632,3656,0,9,-7
38,5.53,33603,410.19,410.21,0.02,14.6,2.0,13.0,0.0,-0.5,-0.0,2594,3617,0,10,-9
39,5.61,33603,410.19,410.21,0.01,13.5,1.0,13.0,-0.0,-0.5,-0.0,2594,3621,0,10,-9
40,5.77,33602,410.18,410.21,0.02,14.5,2.0,13.0,-0.0,-0.5,-0.0,2582,3607,0,10,-10
41,5.93,33601,410.17,410.21,0.04,15.5,3.1,13.0,0.0,-0.5,-0.0,2569,3589,0,11,-11
42,6.10,33598,410.13,410.20,0.07,18.6,6.1,13.0,0.0,-0.6,-0.0,2532,3547,0,12,-13
43,6.19,33600,410.16,410.20,0.05,16.5,4.1,13.0,0.0,-0.6,-0.0,2557,3576,0,11,-11
44,6.35,33601,410.17,410.20,0.04,15.5,3.1,13.0,0.0,-0.6,-0.0,2569,3589,0,11,-11
45,6.52,33598,410.13,410.20,0.06,17.5,5.1,13.0,0.0,-0.6,-0.0,2532,3552,0,11,-13
46,6.60,33600,410.16,410.20,0.04,15.4,3.1,13.0,0.0,-0.6,-0.0,2557,3579,0,10,-11
47,6.77,33599,410.14,410.19,0.05,16.5,4.1,13.0,-0.0,-0.6,-0.0,2544,3569,0,11,-12
48,6.94,33599,410.14,410.19,0.05,16.5,4.1,13.0,0.0,-0.6,-0.0,2544,3565,0,11,-12
49,7.10,33599,410.14,410.19,0.05,16.5,4.1,13.0,-0.0,-0.6,-0.0,2544,3569,0,11,-12
50,7.18,33599,410.14,410.19,0.04,15.4,3.1,13.0,-0.0,-0.7,-0.0,2544,3570,0,10,-11
51,7.36,33599,410.14,410.18,0.04,15.4,3.1,13.0,-0.0,-0.7,-0.0,2544,3568,0,10,-11
52,7.53,33603,410.19,410.18,-0.01,11.3,-1.0,13.0,-0.0,-0.6,-0.0,2594,3624,0,8,-7
53,7.61,33601,410.17,410.18,0.01,13.3,1.0,13.0,-0.0,-0.7,-0.0,2569,3596,0,9,-9
54,7.77,33601,410.17,410.17,0.00,12.3,0.0,13.0,-0.0,-0.7,-0.0,2569,3596,0,9,-8
55,7.94,33601,410.17,410.17,0.00,12.3,0.0,13.0,-0.0,-0.7,-0.0,2569,3597,0,9,-8
56,8.10,33602,410.18,410.17,-0.01,11.2,-1.0,13.0,-0.0,-0.8,-0.0,2582,3606,0,8,-7
57,8.19,33602,410.18,410.17,-0.01,11.2,-1.0,13.0,0.0,-0.8,-0.0,2582,3604,0,8,-7
58,8.35,33602,410.18,410.16,-0.01,11.3,-1.0,13.0,-0.0,-0.7,-0.0,2582,3607,0,8,-7
59,8.51,33601,410.17,410.16,-0.01,11.2,-1.0,13.0,-0.0,-0.8,-0.0,2569,3593,0,8,-8
60,8.60,33601,410.17,410.16,-0.01,11.1,-1.0,13.0,-0.0,-0.9,-0.0,2569,3593,0,8,-8
61,8.76,33601,410.17,410.15,-0.01,11.1,-1.0,13.0,0.0,-0.9,-0.0,2569,3591,0,8,-8
62,8.92,33601,410.17,410.15,-0.01,11.2,-1.0,13.0,0.0,-0.8,-0.0,2569,3591,0,8,-8
63,9.09,33600,410.16,410.15,-0.01,11.2,-1.0,13.0,0.0,-0.8,-0.0,2557,3578,0,8,-8
64,9.17,33602,410.18,410.14,-0.04,9.0,-3.1,13.0,-0.0,-0.9,-0.0,2582,3608,0,6,-6
65,9.35,33603,410.19,410.14,-0.05,8.0,-4.1,13.0,-0.0,-0.9,-0.0,2594,3621,0,6,-5
66,9.51,33604,410.21,410.14,-0.07,6.0,-6.1,13.0,-0.0,-0.8,-0.0,2607,3634,0,4,-4
67,9.68,33604,410.21,410.13,-0.07,5.9,-6.1,13.0,-0.0,-0.9,-0.0,2607,3637,0,4,-4
68,9.75,33605,410.22,410.13,-0.09,5.0,-7.2,13.0,-0.0,-0.8,-0.0,2619,3650,0,4,-3
69,9.92,33604,410.21,410.13,-0.07,5.9,-6.1,13.0,-0.0,-0.9,-0.0,2607,3633,0,4,-4
70,10.09,33603,410.19,410.12,-0.07,5.9,-6.1,13.0,-0.0,-0.9,-0.0,2594,3618,0,4,-4
71,10.18,33604,410.21,410.12,-0.09,4.9,-7.2,13.0,-0.0,-1.0,-0.0,2607,3631,0,4,-3
72,10.35,33602,410.18,410.12,-0.06,6.9,-5.1,13.0,0.0,-1.0,-0.0,2582,3603,0,5,-5
73,10.52,33601,410.17,410.11,-0.06,6.9,-5.1,13.0,0.0,-0.9,-0.0,2569,3590,0,5,-5
74,10.60,33601,410.17,410.11,-0.06,6.9,-5.1,13.0,0.0,-1.0,-0.0,2569,3588,0,5,-5
75,10.76,33603,410.19,410.11,-0.09,4.9,-7.2,13.0,-0.0,-1.0,-0.0,2594,3618,0,3,-3
76,10.92,33599,410.14,410.10,-0.05,7.9,-4.1,13.0,0.0,-1.0,-0.0,2544,3562,0,5,-6
77,11.09,33601,410.17,410.10,-0.07,5.8,-6.1,13.0,-0.0,-1.0,-0.0,2569,3591,0,4,-4
78,11.17,33602,410.18,410.09,-0.09,4.8,-7.2,13.0,-0.0,-1.0,-0.0,2582,3608,0,3,-3
79,11.35,33599,410.14,410.09,-0.06,6.8,-5.1,13.0,0.0,-1.0,-0.0,2544,3565,0,5,-5
80,11.51,33600,410.16,410.08,-0.07,5.8,-6.1,13.0,-0.0,-1.0,-0.0,2557,3581,0,4,-4
81,11.67,33601,410.17,410.08,-0.09,4.8,-7.2,13.0,-0.0,-1.0,-0.0,2569,3594,0,3,-3
82,11.75,33598,410.13,410.08,-0.05,7.8,-4.1,13.0,0.0,-1.1,-0.0,2532,3551,0,5,-6
83,11.92,33600,410.16,410.07,-0.09,4.7,-7.2,13.0,-0.0,-1.1,-0.0,2557,3582,0,3,-3
84,12.09,33597,410.12,410.07,-0.05,7.8,-4.1,13.0,0.0,-1.1,-0.0,2519,3540,0,5,-6
85,12.18,33596,410.11,410.06,-0.05,7.7,-4.1,13.0,0.0,-1.2,-0.0,2507,3525,0,5,-6
86,12.34,33598,410.13,410.06,-0.07,5.7,-6.1,12.9,0.0,-1.1,-0.0,2532,3552,0,4,-4
87,12.52,33598,410.13,410.05,-0.07,5.6,-6.1,12.9,-0.0,-1.2,-0.0,2532,3556,0,4,-4
88,12.67,33599,410.14,410.05,-0.10,3.6,-8.2,12.9,-0.0,-1.2,-0.0,2544,3566,0,2,-3
89,12.75,33599,410.14,410.05,-0.10,3.7,-8.2,12.9,-0.0,-1.1,-0.0,2544,3571,0,2,-3
90,12.91,33594,410.08,410.04,-0.04,8.7,-3.1,12.9,0.0,-1.2,-0.0,2482,3501,0,5,-7
91,13.07,33593,410.07,410.04,-0.04,8.7,-3.1,12.9,0.0,-1.2,-0.0,2469,3485,0,5,-7
92,13.17,33594,410.08,410.03,-0.05,7.5,-4.1,12.9,0.0,-1.3,-0.0,2482,3499,0,4,-6
93,13.34,33596,410.11,410.03,-0.09,4.5,-7.2,12.9,0.0,-1.2,-0.0,2507,3526,0,3,-3
94,13.50,33597,410.12,410.02,-0.10,3.6,-8.2,12.9,-0.0,-1.1,-0.0,2519,3546,0,2,-3
95,13.59,33595,410.10,410.02,-0.07,5.5,-6.1,12.9,-0.0,-1.3,-0.0,2494,3520,0,3,-4
96,13.76,33595,410.10,410.01,-0.09,4.5,-7.2,12.9,-0.0,-1.2,-0.0,2494,3521,0,3,-3
97,13.93,33595,410.10,410.01,-0.09,4.5,-7.2,12.9,-0.0,-1.2,-0.0,2494,3518,0,3,-3
98,14.08,33594,410.08,410.00,-0.09,4.5,-7.2,12.9,0.0,-1.3,-0.0,2482,3503,0,3,-3
99,14.17,33594,410.08,410.00,-0.09,4.4,-7.2,12.9,0.0,-1.3,-0.0,2482,3501,0,3,-3
100,14.33,33596,410.11,409.99,-0.11,2.4,-9.2,12.9,-0.0,-1.3,-0.0,2507,3533,0,2,-2
101,14.49,33594,410.08,409.99,-0.10,3.4,-8.2,12.9,-0.0,-1.3,-0.0,2482,3504,0,2,-3
102,14.65,33593,410.07,409.98,-0.09,4.5,-7.2,12.9,-0.0,-1.2,-0.0,2469,3492,0,3,-4
103,14.74,33594,410.08,409.98,-0.11,2.3,-9.2,12.9,-0.0,-1.4,-0.0,2482,3506,0,1,-2
104,14.90,33594,410.08,409.97,-0.11,2.3,-9.2,12.9,-0.0,-1.4,-0.0,2482,3506,0,1,-2
105,15.07,33594,410.08,409.97,-0.12,1.3,-10.2,12.9,-0.0,-1.3,-0.0,2482,3506,0,1,-1
106,15.16,33593,410.07,409.96,-0.11,2.2,-9.2,12.9,-0.0,-1.5,-0.0,2469,3491,0,1,-2
107,15.33,33591,410.05,409.96,-0.09,4.3,-7.2,12.9,0.0,-1.5,-0.0,2444,3465,0,2,-3
108,15.49,33591,410.05,409.95,-0.10,3.4,-8.2,12.9,0.0,-1.3,-0.0,2444,3462,0,2,-3
109,15.66,33592,410.06,409.94,-0.11,2.2,-9.2,12.9,0.0,-1.5,-0.0,2457,3478,0,1,-2
110,15.75,33592,410.06,409.94,-0.12,1.0,-10.2,12.9,0.0,-1.6,-0.0,2457,3478,0,1,-1
111,15.91,33593,410.07,409.93,-0.13,0.2,-11.2,12.9,-0.0,-1.4,-0.0,2469,3496,0,0,0
112,16.08,33594,410.08,409.93,-0.16,-1.9,-13.3,12.9,-0.0,-1.4,-0.0,2482,1462,0,-1,1
113,16.24,33594,410.08,409.92,-0.16,-1.9,-13.3,12.9,-0.0,-1.5,-0.0,2482,1462,0,-1,1
114,16.32,33594,410.08,409.92,-0.17,-2.9,-14.3,12.9,-0.0,-1.4,-0.0,2482,1461,0,-2,2
115,16.48,33595,410.10,409.91,-0.18,-4.0,-15.3,12.8,-0.0,-1.5,-0.0,2494,1475,0,-2,3
116,16.66,33595,410.10,409.90,-0.20,-5.1,-16.4,12.8,-0.0,-1.5,-0.0,2494,1472,0,-3,4
117,16.75,33595,410.10,409.90,-0.20,-5.2,-16.4,12.8,-0.0,-1.7,-0.0,2494,1472,0,-3,4
118,16.90,33596,410.11,409.89,-0.22,-7.0,-18.4,12.8,-0.0,-1.4,-0.0,2507,1486,0,-4,5
119,17.08,33593,410.07,409.89,-0.18,-4.2,-15.3,12.8,0.0,-1.6,-0.0,2469,1440,0,-2,3
120,17.17,33593,410.07,409.88,-0.20,-5.3,-16.4,12.8,-0.0,-1.7,-0.0,2469,1442,0,-3,4
121,17.34,33595,410.10,409.87,-0.22,-7.3,-18.4,12.8,-0.0,-1.7,-0.0,2494,1470,0,-4,5
122,17.51,33595,410.10,409.87,-0.23,-8.3,-19.4,12.8,-0.0,-1.7,-0.0,2494,1468,0,-5,6
123,17.59,33595,410.10,409.86,-0.23,-8.2,-19.4,12.8,-0.0,-1.6,-0.0,2494,1469,0,-5,6
124,17.76,33595,410.10,409.86,-0.24,-9.5,-20.5,12.8,-0.0,-1.8,-0.0,2494,1473,0,-6,7
125,17.93,33596,410.11,409.85,-0.26,-10.3,-21.5,12.8,-0.0,-1.6,-0.0,2507,1486,0,-7,8
126,18.01,33596,410.11,409.84,-0.27,-11.5,-22.5,12.8,-0.0,-1.7,-0.0,2507,1485,0,-7,8
127,18.18,33595,410.10,409.84,-0.26,-10.5,-21.5,12.8,-0.0,-1.8,-0.0,2494,1470,0,-6,8
128,18.34,33598,410.13,409.83,-0.31,-14.5,-25.6,12.7,-0.0,-1.6,-0.0,2532,1512,0,-10,10
129,18.51,33596,410.11,409.82,-0.28,-12.6,-23.5,12.7,-0.0,-1.8,-0.0,2507,1485,0,-8,9
130,18.59,33596,410.11,409.82,-0.29,-13.4,-24.5,12.7,-0.0,-1.6,-0.0,2507,1483,0,-8,10
131,18.76,33595,410.10,409.81,-0.28,-12.5,-23.5,12.7,-0.0,-1.7,-0.0,2494,1470,0,-8,9
132,18.91,33595,410.10,409.80,-0.29,-13.5,-24.5,12.7,-0.0,-1.6,-0.0,2494,1469,0,-8,10
133,19.07,33595,410.10,409.80,-0.31,-14.6,-25.6,12.7,-0.0,-1.7,-0.0,2494,1469,0,-9,11
134,19.15,33595,410.10,409.79,-0.31,-14.7,-25.6,12.7,-0.0,-1.8,-0.0,2494,1468,0,-9,11
135,19.33,33598,410.13,409.78,-0.35,-18.8,-29.7,12.7,-0.0,-1.8,-0.0,2532,1513,0,-12,13
136,19.50,33597,410.12,409.77,-0.34,-17.8,-28.6,12.6,-0.0,-1.8,-0.0,2519,1498,0,-11,13
137,19.58,33597,410.12,409.77,-0.35,-18.9,-29.7,12.6,-0.0,-1.8,-0.0,2519,1498,0,-12,14
138,19.75,33597,410.12,409.76,-0.35,-18.8,-29.7,12.6,-0.0,-1.7,-0.0,2519,1498,0,-12,14
139,19.90,33592,410.06,409.75,-0.31,-14.7,-25.6,12.6,0.0,-1.8,-0.0,2457,1426,0,-8,12
140,20.07,33594,410.08,409.75,-0.34,-17.8,-28.6,12.6,0.0,-1.8,-0.0,2482,1452,0,-11,14
141,20.16,33592,410.06,409.74,-0.32,-16.1,-26.6,12.6,0.0,-2.1,-0.0,2457,1424,0,-9,13
142,20.33,33591,410.05,409.73,-0.32,-15.9,-26.6,12.6,0.0,-1.9,-0.0,2444,1411,0,-9,13
143,20.50,33591,410.05,409.72,-0.32,-15.6,-26.6,12.6,0.0,-1.6,-0.0,2444,1415,0,-9,12
144,20.58,33591,410.05,409.72,-0.33,-17.0,-27.6,12.6,-0.0,-2.0,-0.0,2444,1418,0,-9,14
145,20.75,33592,410.06,409.71,-0.34,-18.1,-28.6,12.5,0.0,-2.0,-0.0,2457,1430,0,-10,14
146,20.92,33592,410.06,409.70,-0.35,-19.0,-29.7,12.5,-0.0,-1.8,-0.0,2457,1434,0,-11,15
147,21.08,33589,410.02,409.69,-0.33,-17.0,-27.6,12.5,-0.0,-1.9,-0.0,2419,1392,0,-9,14
148,21.17,33588,410.01,409.69,-0.32,-16.2,-26.6,12.5,0.0,-2.1,-0.0,2407,1378,0,-8,13
149,21.34,33587,410.00,409.68,-0.32,-16.0,-26.6,12.5,0.0,-1.9,-0.0,2394,1361,0,-8,14
150,21.51,33585,409.97,409.67,-0.31,-15.1,-25.6,12.5,0.0,-2.0,-0.0,2369,1334,0,-7,13
151,21.60,33585,409.97,409.67,-0.31,-15.1,-25.6,12.5,0.0,-2.1,-0.0,2369,1334,0,-7,13
152,21.77,33581,409.92,409.66,-0.27,-12.1,-22.5,12.5,0.0,-2.1,-0.0,2319,1283,0,-5,11
153,21.93,33581,409.92,409.65,-0.28,-13.1,-23.5,12.5,0.0,-2.0,-0.0,2319,1283,0,-5,12
154,22.02,33581,409.92,409.64,-0.28,-13.2,-23.5,12.4,0.0,-2.1,-0.0,2319,1286,0,-5,12
155,22.18,33581,409.92,409.63,-0.29,-14.1,-24.5,12.4,0.0,-2.0,-0.0,2319,1289,0,-5,13
156,22.35,33578,409.89,409.63,-0.26,-11.1,-21.5,12.4,0.0,-2.0,-0.0,2282,1248,0,-4,10
157,22.44,33578,409.89,409.62,-0.27,-12.3,-22.5,12.4,0.0,-2.2,-0.0,2282,1253,0,-4,11
158,22.60,33579,409.90,409.61,-0.29,-14.1,-24.5,12.4,-0.0,-2.0,-0.0,2294,1267,0,-5,13
159,22.77,33574,409.84,409.60,-0.23,-9.0,-19.4,12.4,0.0,-2.0,-0.0,2232,1198,0,-2,8
160,22.94,33575,409.85,409.59,-0.26,-11.2,-21.5,12.4,0.0,-2.1,-0.0,2244,1214,0,-3,10
161,23.02,33575,409.85,409.59,-0.27,-12.3,-22.5,12.4,-0.0,-2.2,-0.0,2244,1215,0,-3,11
162,23.20,33574,409.84,409.58,-0.26,-11.3,-21.5,12.4,0.0,-2.2,-0.0,2232,1200,0,-3,11
163,23.37,33571,409.80,409.57,-0.23,-9.2,-19.4,12.4,0.0,-2.1,-0.0,2194,1163,0,-2,9
164,23.46,33570,409.79,409.56,-0.23,-9.5,-19.4,12.4,0.0,-2.4,-0.0,2182,1151,0,-2,9
165,23.63,33570,409.79,409.55,-0.24,-10.3,-20.5,12.3,0.0,-2.2,-0.0,2182,1151,0,-2,10
166,23.80,33569,409.78,409.54,-0.23,-9.3,-19.4,12.3,0.0,-2.2,-0.0,2169,1136,0,-2,9
167,23.87,33569,409.78,409.54,-0.24,-10.1,-20.5,12.3,0.0,-2.0,-0.0,2169,1138,0,-2,10
168,24.05,33568,409.77,409.53,-0.24,-10.3,-20.5,12.3,-0.0,-2.2,-0.0,2157,1129,0,-2,10
169,24.21,33565,409.73,409.52,-0.21,-7.2,-17.4,12.3,0.0,-2.1,-0.0,2119,1088,0,-1,7
170,24.31,33565,409.73,409.51,-0.22,-8.6,-18.4,12.3,0.0,-2.5,-0.0,2119,1087,0,-1,8
171,24.47,33565,409.73,409.50,-0.23,-9.2,-19.4,12.3,0.0,-2.0,-0.0,2119,1090,0,-1,9
172,24.64,33563,409.70,409.49,-0.21,-7.3,-17.4,12.3,0.0,-2.2,-0.0,2094,1063,0,0,7
173,24.73,33563,409.70,409.49,-0.22,-8.5,-18.4,12.3,0.0,-2.4,-0.0,2094,1062,0,0,8
174,24.90,33563,409.70,409.47,-0.23,-9.4,-19.4,12.3,-0.0,-2.3,-0.0,2094,1067,0,-1,9
175,25.07,33563,409.70,409.46,-0.24,-10.5,-20.5,12.3,-0.0,-2.3,-0.0,2094,1067,0,-1,10
176,25.15,33563,409.70,409.46,-0.24,-10.7,-20.5,12.3,-0.0,-2.5,-0.0,2094,1067,0,-1,10
177,25.31,33563,409.70,409.45,-0.26,-11.6,-21.5,12.2,-0.0,-2.4,-0.0,2094,1070,0,-1,11
178,25.47,33563,409.70,409.44,-0.27,-12.5,-22.5,12.2,-0.0,-2.2,-0.0,2094,1070,0,-1,12
179,25.64,33561,409.68,409.43,-0.26,-11.5,-21.5,12.2,-0.0,-2.3,-0.0,2069,1042,0,0,11
180,25.72,33561,409.68,409.42,-0.26,-11.7,-21.5,12.2,-0.0,-2.4,-0.0,2069,1042,0,0,11
181,25.89,33561,409.68,409.41,-0.27,-12.7,-22.5,12.2,-0.0,-2.4,-0.0,2069,1042,0,0,12
182,26.05,33561,409.68,409.40,-0.28,-13.7,-23.5,12.2,-0.0,-2.4,-0.0,2069,1042,0,0,13
183,26.22,33562,409.69,409.39,-0.31,-15.7,-25.6,12.2,-0.0,-2.3,-0.0,2082,1059,0,-1,15
184,26.31,33561,409.68,409.38,-0.29,-15.0,-24.5,12.2,-0.0,-2.6,-0.0,2069,1045,0,0,15
185,26.48,33562,409.69,409.37,-0.32,-16.9,-26.6,12.2,-0.0,-2.5,-0.0,2082,1060,0,-1,16
186,26.63,33561,409.68,409.36,-0.32,-16.9,-26.6,12.1,-0.0,-2.4,-0.0,2069,1042,0,0,16
187,26.72,33561,409.68,409.36,-0.32,-17.0,-26.6,12.1,-0.0,-2.5,-0.0,2069,1045,0,-1,16
188,26.89,33564,409.72,409.35,-0.37,-21.0,-30.7,12.1,-0.0,-2.4,-0.0,2107,1086,0,-2,20
189,27.06,33562,409.69,409.33,-0.35,-20.0,-29.7,12.1,-0.0,-2.5,-0.0,2082,1058,0,-1,19
190,27.15,33560,409.67,409.33,-0.34,-19.2,-28.6,12.1,-0.0,-2.7,-0.0,2057,1030,0,0,19
191,27.32,33556,409.62,409.32,-0.31,-16.1,-25.6,12.1,0.0,-2.6,-0.0,2007,975,0,1,16
192,27.49,33559,409.66,409.31,-0.35,-20.1,-29.7,12.1,0.0,-2.5,-0.0,2044,1014,0,0,19
193,27.57,33558,409.64,409.30,-0.34,-19.2,-28.6,12.1,0.0,-2.6,-0.0,2032,999,0,1,19
194,27.74,33556,409.62,409.29,-0.33,-18.1,-27.6,12.1,0.0,-2.5,-0.0,2007,974,0,1,17
195,27.91,33554,409.59,409.28,-0.32,-17.0,-26.6,12.0,-0.0,-2.4,-0.0,1982,955,0,2,16
196,28.08,33554,409.59,409.26,-0.33,-18.0,-27.6,12.0,0.0,-2.4,-0.0,1982,952,0,2,17
197,28.17,33552,409.57,409.26,-0.32,-17.4,-26.6,12.0,0.0,-2.8,-0.0,1957,922,0,3,17
198,28.33,33552,409.57,409.25,-0.33,-18.2,-27.6,12.0,0.0,-2.6,-0.0,1957,925,0,3,17
199,28.51,33550,409.55,409.23,-0.32,-17.3,-26.6,12.0,0.0,-2.7,-0.0,1932,900,0,3,16
200,28.59,33552,409.57,409.23,-0.34,-19.5,-28.6,12.0,-0.0,-2.8,-0.0,1957,930,0,3,19
201,28.77,33549,409.53,409.22,-0.32,-17.4,-26.6,12.0,0.0,-2.8,-0.0,1919,887,0,4,16
202,28.93,33547,409.51,409.20,-0.31,-16.2,-25.6,12.0,0.0,-2.6,-0.0,1894,863,0,4,15
203,29.02,33546,409.50,409.20,-0.31,-16.5,-25.6,12.0,0.0,-2.9,-0.0,1882,848,0,4,15
204,29.18,33543,409.46,409.19,-0.28,-14.3,-23.5,11.9,0.0,-2.7,-0.0,1844,810,0,4,13
205,29.33,33542,409.45,409.17,-0.27,-13.2,-22.5,11.9,0.0,-2.7,-0.0,1832,793,0,4,12
206,29.50,33540,409.42,409.16,-0.26,-12.1,-21.5,11.9,0.0,-2.6,-0.0,1807,771,0,4,11
207,29.59,33540,409.42,409.16,-0.27,-13.4,-22.5,11.9,0.0,-2.8,-0.0,1807,772,0,5,12
208,29.76,33540,409.42,409.14,-0.28,-14.5,-23.5,11.9,0.0,-2.8,-0.0,1807,777,0,5,13
209,29.91,33537,409.39,409.13,-0.26,-12.3,-21.5,11.9,0.0,-2.8,-0.0,1769,736,0,5,11
210,30.00,33537,409.39,409.12,-0.27,-13.6,-22.5,11.9,0.0,-2.9,-0.0,1769,737,0,6,12
211,30.17,33535,409.36,409.11,-0.26,-12.3,-21.5,11.9,0.0,-2.7,-0.0,1744,713,0,5,11
212,30.34,33535,409.36,409.10,-0.27,-13.3,-22.5,11.9,0.0,-2.7,-0.0,1744,713,0,6,11
213,30.43,33535,409.36,409.09,-0.27,-13.6,-22.5,11.9,0.0,-2.9,-0.0,1744,712,0,6,12
214,30.59,33533,409.34,409.08,-0.26,-12.3,-21.5,11.9,0.0,-2.7,-0.0,1719,689,0,6,10
215,30.77,33533,409.34,409.07,-0.27,-13.6,-22.5,11.8,0.0,-3.0,-0.0,1719,689,0,6,12
216,30.86,33532,409.33,409.06,-0.27,-13.6,-22.5,11.8,-0.0,-2.9,-0.0,1707,678,0,7,11
217,31.03,33532,409.33,409.05,-0.28,-14.6,-23.5,11.8,-0.0,-2.9,-0.0,1707,679,0,7,12
218,31.19,33531,409.31,409.03,-0.28,-14.6,-23.5,11.8,-0.0,-2.9,-0.0,1694,666,0,7,12
219,31.36,33529,409.29,409.02,-0.27,-13.5,-22.5,11.8,0.0,-2.8,-0.0,1669,639,0,7,11
220,31.45,33529,409.29,409.01,-0.28,-14.9,-23.5,11.8,-0.0,-3.2,-0.0,1669,638,0,8,12
221,31.62,33528,409.28,409.00,-0.28,-14.6,-23.5,11.8,-0.0,-2.8,-0.0,1657,627,0,8,12
222,31.78,33527,409.27,408.99,-0.28,-14.4,-23.5,11.8,-0.0,-2.6,-0.0,1644,615,0,8,11
223,31.86,33526,409.25,408.98,-0.27,-13.8,-22.5,11.8,0.0,-3.0,-0.0,1632,600,0,8,11
224,32.03,33526,409.25,408.97,-0.28,-14.7,-23.5,11.8,-0.0,-2.9,-0.0,1632,604,0,9,11
225,32.19,33527,409.27,408.95,-0.31,-16.8,-25.6,11.7,-0.0,-3.0,-0.0,1644,617,0,10,13
226,32.36,33526,409.25,408.94,-0.32,-17.8,-26.6,11.7,-0.0,-2.9,-0.0,1632,605,0,10,14
227,32.45,33524,409.23,408.93,-0.29,-16.2,-24.5,11.7,-0.0,-3.3,-0.0,1607,578,0,10,12
228,32.61,33528,409.28,408.92,-0.35,-21.0,-29.7,11.7,-0.0,-3.0,-0.0,1657,636,0,11,17
229,32.77,33524,409.23,408.91,-0.32,-17.9,-26.6,11.7,-0.0,-3.0,-0.0,1607,580,0,11,13
230,32.85,33524,409.23,408.90,-0.33,-18.9,-27.6,11.7,-0.0,-3.0,-0.0,1607,579,0,12,14
231,33.02,33526,409.25,408.89,-0.37,-22.0,-30.7,11.7,-0.0,-2.9,-0.0,1632,608,0,13,17
232,33.19,33526,409.25,408.87,-0.38,-23.2,-31.7,11.7,-0.0,-3.2,-0.0,1632,605,0,13,18
233,33.28,33526,409.25,408.86,-0.39,-24.5,-32.7,11.6,-0.0,-3.5,-0.0,1632,605,0,14,19
234,33.45,33526,409.25,408.85,-0.40,-25.1,-33.8,11.6,-0.0,-3.0,-0.0,1632,611,0,14,20
235,33.62,33527,409.27,408.84,-0.43,-27.2,-35.8,11.6,-0.0,-3.0,-0.0,1644,623,0,15,22
236,33.78,33522,409.20,408.82,-0.38,-23.3,-31.7,11.6,0.0,-3.2,-0.0,1582,550,0,15,17
237,33.87,33522,409.20,408.82,-0.39,-24.5,-32.7,11.6,-0.0,-3.4,-0.0,1582,552,0,16,18
238,34.05,33525,409.24,408.80,-0.44,-28.5,-36.8,11.6,-0.0,-3.3,-0.0,1619,593,0,17,22
239,34.13,33523,409.22,408.79,-0.43,-27.6,-35.8,11.6,-0.0,-3.4,-0.0,1594,565,0,17,20
240,34.30,33521,409.19,408.78,-0.42,-26.3,-34.8,11.5,0.0,-3.1,-0.0,1569,536,0,17,19
241,34.47,33519,409.17,408.76,-0.40,-25.3,-33.8,11.5,-0.0,-3.1,-0.0,1544,516,0,17,17
242,34.63,33521,409.19,408.75,-0.44,-28.4,-36.8,11.5,-0.0,-3.0,-0.0,1569,541,0,19,20
243,34.71,33520,409.18,408.74,-0.44,-28.6,-36.8,11.5,0.0,-3.3,-0.0,1557,525,0,19,20
244,34.87,33515,409.12,408.73,-0.39,-24.4,-32.7,11.5,0.0,-3.1,-0.0,1494,458,0,18,15
245,35.04,33514,409.11,408.71,-0.39,-24.4,-32.7,11.5,0.0,-3.2,-0.0,1482,450,0,18,15
246,35.14,33514,409.11,408.71,-0.40,-25.8,-33.8,11.5,0.0,-3.6,-0.0,1482,450,0,19,16
247,35.30,33512,409.08,408.69,-0.39,-24.1,-32.7,11.4,0.0,-2.8,-0.0,1457,421,0,19,14
248,35.46,33510,409.06,408.68,-0.38,-23.5,-31.7,11.4,0.0,-3.3,-0.0,1432,397,0,19,13
249,35.62,33510,409.06,408.66,-0.39,-24.5,-32.7,11.4,0.0,-3.1,-0.0,1432,402,0,19,14
250,35.70,33509,409.05,408.66,-0.39,-24.6,-32.7,11.4,0.0,-3.2,-0.0,1419,387,0,20,13
251,35.87,33507,409.02,408.64,-0.38,-23.7,-31.7,11.4,0.0,-3.4,-0.0,1394,359,0,20,12
252,36.04,33502,408.96,408.63,-0.33,-19.4,-27.6,11.4,0.0,-3.2,-0.0,1332,296,0,17,8
253,36.21,33501,408.95,408.61,-0.34,-20.5,-28.6,11.4,0.0,-3.2,-0.0,1319,282,0,18,8
254,36.29,33499,408.92,408.60,-0.32,-18.5,-26.6,11.4,0.0,-3.3,-0.0,1294,254,0,17,7
255,36.46,33495,408.87,408.59,-0.28,-15.6,-23.5,11.3,0.0,-3.4,-0.0,1244,203,0,14,5
256,36.63,33493,408.85,408.57,-0.28,-15.6,-23.5,11.3,0.0,-3.4,-0.0,1219,177,0,15,4
257,36.72,33492,408.84,408.56,-0.27,-14.6,-22.5,11.3,0.0,-3.4,-0.0,1207,168,0,14,4
258,36.88,33491,408.83,408.55,-0.28,-15.5,-23.5,11.3,0.0,-3.2,-0.0,1194,156,0,15,4
259,37.04,33488,408.79,408.53,-0.26,-13.4,-21.5,11.3,0.0,-3.2,-0.0,1157,123,0,13,2
260,37.13,33486,408.76,408.53,-0.24,-12.9,-20.5,11.3,0.0,-3.8,-0.0,1132,93,0,12,2
261,37.31,33486,408.76,408.51,-0.26,-13.6,-21.5,11.3,0.0,-3.4,-0.0,1132,97,0,13,2
262,37.47,33484,408.74,408.49,-0.24,-12.6,-20.5,11.3,0.0,-3.5,-0.0,1107,71,0,12,1
263,37.56,33483,408.73,408.49,-0.24,-12.9,-20.5,11.3,0.0,-3.7,-0.0,1094,57,0,12,1
264,37.72,33482,408.72,408.47,-0.24,-12.6,-20.5,11.3,0.0,-3.4,-0.0,1082,49,0,12,1
265,37.88,33481,408.70,408.46,-0.24,-12.6,-20.5,11.2,0.0,-3.4,-0.0,1069,38,0,12,1
266,38.05,33476,408.64,408.44,-0.21,-9.6,-17.4,11.2,0.0,-3.5,-0.0,1007,4066,0,9,0
267,38.14,33476,408.64,408.43,-0.21,-9.8,-17.4,11.2,0.0,-3.6,-0.0,1007,4066,0,9,0
268,38.30,33473,408.61,408.42,-0.20,-8.7,-16.4,11.2,0.0,-3.5,-0.0,969,4026,0,8,-1
269,38.47,33473,408.61,408.40,-0.21,-9.8,-17.4,11.2,0.0,-3.6,-0.0,969,4027,0,9,-1
270,38.63,33469,408.56,408.38,-0.17,-6.7,-14.3,11.2,0.0,-3.6,-0.0,919,3977,0,6,-1
271,38.72,33468,408.54,408.38,-0.17,-6.9,-14.3,11.2,0.0,-3.8,-0.0,907,3966,0,7,-1
272,38.88,33469,408.56,408.36,-0.20,-8.6,-16.4,11.2,0.0,-3.4,-0.0,919,3982,0,8,-1
273,39.06,33467,408.53,408.34,-0.20,-8.9,-16.4,11.2,0.0,-3.7,-0.0,894,3957,0,8,-2
274,39.15,33464,408.50,408.33,-0.16,-6.0,-13.3,11.2,0.0,-3.9,-0.0,857,3914,0,6,-2
275,39.32,33464,408.50,408.32,-0.18,-7.8,-15.3,11.2,-0.0,-3.6,-0.0,857,3922,0,7,-2
276,39.49,33464,408.50,408.30,-0.20,-8.8,-16.4,11.2,0.0,-3.6,-0.0,857,3922,0,8,-2
277,39.57,33464,408.50,408.29,-0.21,-10.0,-17.4,11.2,-0.0,-3.8,-0.0,857,3921,0,9,-3
278,39.74,33461,408.46,408.27,-0.18,-7.7,-15.3,11.2,0.0,-3.5,-0.0,819,3882,0,7,-2
279,39.91,33462,408.47,408.26,-0.22,-10.9,-18.4,11.1,-0.0,-3.7,-0.0,832,3901,0,10,-3
280,40.01,33461,408.46,408.25,-0.21,-10.2,-17.4,11.1,-0.0,-4.0,-0.0,819,3886,0,9,-3
281,40.18,33459,408.44,408.23,-0.21,-10.1,-17.4,11.1,-0.0,-3.9,-0.0,794,3858,0,9,-4
282,40.28,33459,408.44,408.22,-0.21,-10.5,-17.4,11.1,0.0,-4.2,-0.0,794,3858,0,10,-4
283,40.45,33460,408.45,408.20,-0.24,-13.0,-20.5,11.1,-0.0,-3.7,-0.0,807,3878,0,12,-4
284,40.62,33458,408.42,408.19,-0.23,-12.0,-19.4,11.1,-0.0,-3.7,-0.0,782,3848,0,11,-4
285,40.70,33459,408.44,408.18,-0.26,-14.1,-21.5,11.1,-0.0,-3.8,-0.0,794,3863,0,13,-5
286,40.87,33458,408.42,408.16,-0.26,-14.0,-21.5,11.1,-0.0,-3.6,-0.0,782,3853,0,13,-5
287,41.04,33458,408.42,408.14,-0.28,-16.3,-23.5,11.1,-0.0,-3.9,-0.0,782,3852,0,15,-6
288,41.13,33458,408.42,408.13,-0.29,-17.6,-24.5,11.1,-0.0,-4.2,-0.0,782,3851,0,16,-6
289,41.31,33457,408.41,408.12,-0.29,-17.3,-24.5,11.1,-0.0,-3.8,-0.0,769,3840,0,15,-6
290,41.47,33457,408.41,408.10,-0.31,-18.2,-25.6,11.0,-0.0,-3.6,-0.0,769,3838,0,16,-7
291,41.56,33457,408.41,408.09,-0.32,-19.5,-26.6,11.0,-0.0,-4.0,-0.0,769,3839,0,17,-7
292,41.73,33456,408.40,408.07,-0.33,-20.6,-27.6,11.0,-0.0,-4.0,-0.0,757,3826,0,18,-8
293,41.90,33454,408.37,408.05,-0.32,-19.4,-26.6,11.0,-0.0,-3.8,-0.0,732,3797,0,17,-8
294,41.99,33454,408.37,408.05,-0.33,-20.5,-27.6,11.0,-0.0,-3.9,-0.0,732,3799,0,18,-9
295,42.16,33455,408.39,408.03,-0.35,-22.4,-29.7,11.0,-0.0,-3.8,-0.0,744,3813,0,20,-9
296,42.32,33453,408.36,408.01,-0.35,-22.7,-29.7,11.0,-0.0,-4.0,-0.0,719,3786,0,20,-10
297,42.41,33453,408.36,408.00,-0.37,-24.0,-30.7,11.0,-0.0,-4.3,-0.0,719,3786,0,21,-11
298,42.58,33452,408.35,407.98,-0.37,-23.7,-30.7,11.0,-0.0,-4.0,-0.0,707,3776,0,20,-11
299,42.75,33452,408.35,407.97,-0.38,-25.0,-31.7,10.9,-0.0,-4.2,-0.0,707,3774,0,21,-11
300,42.90,33451,408.34,407.95,-0.39,-25.6,-32.7,10.9,-0.0,-3.8,-0.0,694,3763,0,22,-12
301,42.99,33451,408.34,407.94,-0.40,-26.9,-33.8,10.9,-0.0,-4.0,-0.0,694,3763,0,23,-13
302,43.16,33448,408.30,407.92,-0.38,-24.8,-31.7,10.9,-0.0,-4.0,-0.0,657,3723,0,20,-13
303,43.33,33446,408.28,407.90,-0.38,-24.9,-31.7,10.9,0.0,-4.1,-0.0,632,3695,0,20,-14
304,43.42,33444,408.25,407.89,-0.35,-23.2,-29.7,10.9,0.0,-4.5,-0.0,607,3666,0,18,-14
305,43.58,33444,408.25,407.87,-0.38,-24.9,-31.7,10.9,0.0,-4.0,-0.0,607,3669,0,19,-15
306,43.75,33443,408.24,407.86,-0.38,-24.8,-31.7,10.8,-0.0,-3.9,-0.0,594,3659,0,19,-15
307,43.91,33442,408.23,407.84,-0.39,-25.9,-32.7,10.8,0.0,-4.0,-0.0,582,3645,0,19,-16
308,44.00,33442,408.23,407.83,-0.40,-27.1,-33.8,10.8,-0.0,-4.2,-0.0,582,3648,0,20,-17
309,44.17,33439,408.19,407.81,-0.38,-25.1,-31.7,10.8,-0.0,-4.2,-0.0,544,3610,0,18,-17
310,44.27,33435,408.14,407.80,-0.34,-22.5,-28.6,10.8,0.0,-4.7,-0.0,494,3551,0,15,-16
311,44.44,33433,408.12,407.78,-0.34,-22.0,-28.6,10.8,0.0,-4.2,-0.0,469,3526,0,14,-16
312,44.61,33430,408.08,407.76,-0.32,-19.8,-26.6,10.8,0.0,-3.9,-0.0,432,3487,0,11,-15
313,44.77,33428,408.06,407.74,-0.32,-20.0,-26.6,10.8,0.0,-4.2,-0.0,407,3460,0,11,-16
314,44.86,33427,408.04,407.73,-0.31,-19.1,-25.6,10.7,0.0,-4.3,-0.0,394,3448,0,10,-16
315,45.03,33422,407.98,407.71,-0.27,-16.0,-22.5,10.7,0.0,-4.3,-0.0,332,3387,0,7,-14
316,45.12,33420,407.96,407.70,-0.26,-15.2,-21.5,10.7,0.0,-4.5,-0.0,307,3358,0,6,-13
317,45.29,33419,407.95,407.69,-0.26,-14.7,-21.5,10.7,0.0,-3.9,-0.0,294,3351,0,6,-13
318,45.46,33418,407.93,407.67,-0.27,-15.9,-22.5,10.7,0.0,-4.1,-0.0,282,3340,0,6,-14
319,45.55,33416,407.91,407.66,-0.26,-15.2,-21.5,10.7,0.0,-4.5,-0.0,257,3312,0,5,-14
320,45.72,33411,407.85,407.64,-0.21,-10.9,-17.4,10.7,0.0,-4.2,-0.0,194,3250,0,3,-10
321,45.89,33408,407.81,407.62,-0.20,-10.0,-16.4,10.7,0.0,-4.3,-0.0,157,3213,0,2,-9
322,45.99,33408,407.81,407.61,-0.21,-11.4,-17.4,10.7,0.0,-4.7,-0.0,157,3211,0,2,-11
323,46.15,33409,407.82,407.59,-0.24,-13.9,-20.5,10.7,0.0,-4.1,-0.0,169,3228,0,3,-13
324,46.32,33402,407.74,407.57,-0.17,-7.9,-14.3,10.7,0.0,-4.3,-0.0,82,3138,0,1,-8
325,46.41,33399,407.70,407.56,-0.15,-6.4,-12.3,10.7,0.0,-4.8,-0.0,44,3096,0,0,-6
326,46.58,33395,407.65,407.54,-0.12,-3.9,-10.2,10.6,0.0,-4.3,-0.0,4090,3047,0,0,-4
327,46.74,33393,407.63,407.52,-0.11,-2.9,-9.2,10.6,0.0,-4.3,-0.0,4065,3017,0,0,-3
328,46.91,33392,407.62,407.50,-0.12,-4.2,-10.2,10.6,0.0,-4.6,-0.0,4053,3007,0,0,-4
329,47.00,33392,407.62,407.49,-0.13,-5.0,-11.2,10.6,0.0,-4.4,-0.0,4053,3014,0,0,-5
330,47.16,33388,407.57,407.47,-0.10,-1.8,-8.2,10.6,0.0,-4.2,-0.0,4003,2966,0,0,-2
331,47.34,33386,407.54,407.45,-0.10,-1.9,-8.2,10.6,0.0,-4.4,-0.0,3978,2941,0,0,-2
332,47.42,33385,407.53,407.44,-0.10,-2.3,-8.2,10.6,0.0,-4.7,-0.0,3965,2928,0,0,-2
333,47.58,33382,407.50,407.42,-0.07,0.2,-6.1,10.6,0.0,-4.2,-0.0,3928,841,0,0,0
334,47.75,33382,407.50,407.40,-0.10,-2.0,-8.2,10.6,-0.0,-4.5,-0.0,3928,2895,0,-1,-2
335,47.84,33381,407.48,407.39,-0.10,-2.3,-8.2,10.6,0.0,-4.8,-0.0,3915,2880,0,-1,-2
336,47.99,33378,407.45,407.37,-0.07,0.3,-6.1,10.6,0.0,-4.1,-0.0,3878,794,0,0,0
337,48.15,33377,407.43,407.35,-0.09,-0.8,-7.2,10.6,-0.0,-4.3,-0.0,3865,2832,0,0,-1
338,48.31,33378,407.45,407.33,-0.11,-3.0,-9.2,10.6,-0.0,-4.4,-0.0,3878,2848,0,-1,-3
339,48.40,33376,407.42,407.32,-0.10,-2.5,-8.2,10.6,0.0,-4.9,-0.0,3853,2819,0,-1,-2
340,48.57,33372,407.37,407.30,-0.07,0.1,-6.1,10.6,0.0,-4.3,-0.0,3803,721,0,0,0
341,48.73,33373,407.39,407.28,-0.11,-2.9,-9.2,10.6,-0.0,-4.3,-0.0,3815,2784,0,-1,-3
342,48.90,33374,407.40,407.26,-0.13,-5.0,-11.2,10.6,-0.0,-4.4,-0.0,3828,2800,0,-2,-4
343,48.98,33375,407.41,407.25,-0.16,-7.4,-13.3,10.6,-0.0,-4.7,-0.0,3840,2811,0,-3,-7
344,49.15,33373,407.39,407.23,-0.16,-7.2,-13.3,10.6,-0.0,-4.5,-0.0,3815,2793,0,-3,-6
345,49.31,33373,407.39,407.21,-0.17,-8.2,-14.3,10.6,-0.0,-4.5,-0.0,3815,2791,0,-3,-7
346,49.47,33373,407.39,407.19,-0.20,-10.2,-16.4,10.6,-0.0,-4.4,-0.0,3815,2791,0,-4,-9
347,49.56,33372,407.37,407.18,-0.20,-10.5,-16.4,10.6,-0.0,-4.7,-0.0,3803,2776,0,-4,-9
348,49.72,33371,407.36,407.16,-0.21,-11.6,-17.4,10.6,-0.0,-4.7,-0.0,3790,2763,0,-5,-10
349,49.90,33374,407.40,407.14,-0.26,-15.7,-21.5,10.5,-0.0,-4.7,-0.0,3828,2806,0,-6,-14
350,49.98,33371,407.36,407.13,-0.23,-13.5,-19.4,10.5,-0.0,-4.6,-0.0,3790,2763,0,-6,-12
351,50.14,33370,407.35,407.11,-0.24,-14.5,-20.5,10.5,-0.0,-4.5,-0.0,3778,2750,0,-7,-12
352,50.31,33370,407.35,407.09,-0.27,-16.6,-22.5,10.5,-0.0,-4.6,-0.0,3778,2754,0,-8,-14
353,50.40,33370,407.35,407.07,-0.27,-17.0,-22.5,10.5,-0.0,-5.0,-0.0,3778,2752,0,-8,-15
354,50.57,33369,407.34,407.05,-0.28,-17.2,-23.5,10.5,-0.0,-4.2,-0.0,3765,2734,0,-8,-14
355,50.73,33371,407.36,407.03,-0.33,-21.7,-27.6,10.5,-0.0,-4.5,-0.0,3790,2767,0,-9,-19
356,50.90,33371,407.36,407.01,-0.35,-23.7,-29.7,10.5,-0.0,-4.5,-0.0,3790,2767,0,-10,-20
357,50.99,33371,407.36,407.00,-0.37,-25.2,-30.7,10.5,-0.0,-5.0,-0.0,3790,2768,0,-11,-22
358,51.16,33371,407.36,406.98,-0.38,-25.8,-31.7,10.5,-0.0,-4.6,-0.0,3790,2767,0,-11,-22
359,51.33,33368,407.32,406.96,-0.37,-25.2,-30.7,10.4,-0.0,-5.0,-0.0,3753,2724,0,-12,-21
360,51.41,33368,407.32,406.95,-0.38,-26.0,-31.7,10.4,-0.0,-4.7,-0.0,3753,2725,0,-13,-22
361,51.58,33369,407.34,406.92,-0.42,-29.1,-34.8,10.4,-0.0,-4.8,-0.0,3765,2738,0,-14,-25
362,51.75,33367,407.31,406.90,-0.42,-29.0,-34.8,10.4,-0.0,-4.6,-0.0,3740,2710,0,-15,-24
363,51.83,33367,407.31,406.89,-0.43,-30.3,-35.8,10.4,-0.0,-4.9,-0.0,3740,2710,0,-15,-25
364,52.01,33364,407.28,406.87,-0.40,-28.5,-33.8,10.4,-0.0,-5.1,-0.0,3703,2673,0,-16,-23
365,52.18,33363,407.26,406.85,-0.42,-29.4,-34.8,10.4,-0.0,-5.0,-0.0,3690,2657,0,-17,-23
366,52.27,33362,407.25,406.83,-0.42,-29.9,-34.8,10.3,0.0,-5.4,-0.0,3678,2642,0,-18,-23
367,52.44,33362,407.25,406.81,-0.44,-31.2,-36.8,10.3,-0.0,-4.7,-0.0,3678,2647,0,-18,-24
368,52.61,33358,407.20,406.79,-0.42,-29.2,-34.8,10.3,-0.0,-4.7,-0.0,3628,2597,0,-19,-21
369,52.70,33358,407.20,406.78,-0.43,-31.0,-35.8,10.3,-0.0,-5.5,-0.0,3628,2594,0,-20,-22
370,52.86,33359,407.21,406.76,-0.45,-32.1,-37.8,10.3,-0.0,-4.6,-0.0,3640,2610,0,-20,-24
371,53.03,33355,407.17,406.73,-0.43,-30.5,-35.8,10.3,0.0,-5.0,-0.0,3590,2555,0,-21,-21
372,53.19,33351,407.12,406.71,-0.40,-28.4,-33.8,10.2,0.0,-4.9,-0.0,3540,2502,0,-21,-18
373,53.28,33348,407.08,406.70,-0.38,-27.1,-31.7,10.2,0.0,-5.6,-0.0,3503,2462,0,-21,-16
374,53.45,33348,407.08,406.68,-0.40,-28.2,-33.8,10.2,0.0,-4.7,-0.0,3503,2463,0,-22,-16
375,53.62,33345,407.04,406.66,-0.39,-27.6,-32.7,10.2,0.0,-5.1,-0.0,3465,2424,0,-22,-15
376,53.70,33342,407.01,406.64,-0.37,-25.7,-30.7,10.2,0.0,-5.2,-0.0,3428,2384,0,-22,-12
377,53.87,33338,406.96,406.62,-0.34,-23.2,-28.6,10.2,0.0,-4.7,-0.0,3378,2336,0,-20,-10
378,54.04,33339,406.97,406.60,-0.37,-25.7,-30.7,10.2,0.0,-5.1,-0.0,3390,2352,0,-22,-11
379,54.12,33336,406.93,406.59,-0.34,-23.6,-28.6,10.2,0.0,-5.1,-0.0,3353,2311,0,-21,-9
380,54.29,33331,406.87,406.57,-0.31,-20.1,-25.6,10.1,0.0,-4.7,-0.0,3290,2246,0,-19,-6
381,54.46,33328,406.84,406.54,-0.29,-19.3,-24.5,10.1,0.0,-4.9,-0.0,3253,2214,0,-18,-5
382,54.55,33326,406.81,406.53,-0.28,-18.7,-23.5,10.1,0.0,-5.3,-0.0,3228,2185,0,-18,-4
383,54.72,33318,406.71,406.51,-0.21,-12.1,-17.4,10.1,0.0,-4.8,-0.0,3128,2074,0,-12,0
384,54.89,33316,406.69,406.48,-0.21,-12.4,-17.4,10.1,0.0,-5.1,-0.0,3103,2056,0,-12,0
385,54.98,33316,406.69,406.47,-0.22,-13.9,-18.4,10.1,0.0,-5.6,-0.0,3103,2055,0,-13,0
386,55.15,33310,406.62,406.45,-0.17,-9.1,-14.3,10.1,0.0,-4.9,-0.0,3028,1978,0,-9,1
387,55.33,33306,406.57,406.42,-0.15,-7.9,-12.3,10.1,0.0,-5.7,-0.0,2978,1928,0,-7,1
388,55.41,33305,406.56,406.41,-0.15,-7.5,-12.3,10.1,0.0,-5.3,-0.0,2965,1922,0,-7,1
389,55.58,33304,406.54,406.39,-0.16,-8.7,-13.3,10.1,0.0,-5.5,-0.0,2953,1910,0,-8,2
390,55.75,33298,406.47,406.36,-0.11,-4.2,-9.2,10.1,0.0,-5.1,-0.0,2878,1831,0,-4,1
391,55.84,33296,406.45,406.35,-0.10,-3.6,-8.2,10.1,0.0,-5.5,-0.0,2853,1807,0,-3,1
392,56.01,33295,406.43,406.33,-0.11,-4.3,-9.2,10.1,0.0,-5.2,-0.0,2840,1800,0,-4,2
393,56.17,33291,406.38,406.31,-0.07,-1.3,-6.1,10.1,0.0,-5.2,-0.0,2790,1747,0,-1,1
394,56.26,33289,406.36,406.29,-0.06,-0.4,-5.1,10.1,0.0,-5.4,-0.0,2765,1718,0,0,0
395,56.43,33287,406.34,406.27,-0.06,-0.3,-5.1,10.1,0.0,-5.3,-0.0,2740,1700,0,0,0
396,56.60,33284,406.30,406.24,-0.05,1.0,-4.1,10.1,0.0,-5.0,-0.0,2703,3710,0,1,-1
397,56.69,33282,406.27,406.23,-0.04,1.4,-3.1,10.1,0.0,-5.6,-0.0,2678,3681,0,1,-1
398,56.85,33279,406.24,406.21,-0.02,2.9,-2.0,10.1,0.0,-5.2,-0.0,2640,3646,0,2,-2
399,57.02,33277,406.21,406.18,-0.02,2.8,-2.0,10.1,0.0,-5.3,-0.0,2615,3624,0,2,-2
400,57.11,33274,406.18,406.17,0.00,4.4,0.0,10.1,0.0,-5.7,-0.0,2578,3581,0,3,-3
401,57.28,33274,406.18,406.15,-0.02,2.9,-2.0,10.0,0.0,-5.1,-0.0,2578,3588,0,2,-2
402,57.43,33275,406.19,406.13,-0.06,-0.1,-5.1,10.0,-0.0,-5.0,-0.0,2590,1556,0,0,0
403,57.59,33272,406.15,406.10,-0.05,0.9,-4.1,10.0,-0.0,-5.1,-0.0,2553,3568,0,1,-1
404,57.68,33269,406.12,406.09,-0.02,2.6,-2.0,10.0,0.0,-5.4,-0.0,2515,3527,0,2,-2
405,57.85,33268,406.10,406.07,-0.04,1.6,-3.1,10.0,-0.0,-5.3,-0.0,2503,3518,0,1,-1
406,58.02,33270,406.13,406.04,-0.09,-2.5,-7.2,10.0,-0.0,-5.3,-0.0,2528,1496,0,-2,2
407,58.11,33267,406.09,406.03,-0.06,-0.8,-5.1,10.0,0.0,-5.7,-0.0,2490,1453,0,0,1
408,58.28,33264,406.05,406.00,-0.05,0.2,-4.1,10.0,0.0,-5.7,-0.0,2453,3465,0,0,0
409,58.44,33265,406.07,405.98,-0.09,-2.6,-7.2,10.0,-0.0,-5.5,-0.0,2465,1441,0,-2,2
410,58.61,33264,406.05,405.96,-0.10,-3.3,-8.2,10.0,-0.0,-5.1,-0.0,2453,1420,0,-2,3
411,58.69,33264,406.05,405.94,-0.11,-4.8,-9.2,10.0,-0.0,-5.6,-0.0,2453,1420,0,-3,4
412,58.86,33261,406.02,405.92,-0.10,-3.4,-8.2,10.0,-0.0,-5.2,-0.0,2415,1385,0,-2,3
413,59.03,33263,406.04,405.89,-0.15,-7.5,-12.3,10.0,-0.0,-5.3,-0.0,2440,1415,0,-4,6
414,59.11,33261,406.02,405.88,-0.13,-6.6,-11.2,10.0,-0.0,-5.4,-0.0,2415,1385,0,-3,5
415,59.27,33259,405.99,405.86,-0.13,-6.4,-11.2,10.0,-0.0,-5.2,-0.0,2390,1359,0,-3,5
416,59.43,33259,405.99,405.83,-0.16,-8.6,-13.3,10.0,-0.0,-5.3,-0.0,2390,1363,0,-4,7
417,59.60,33259,405.99,405.81,-0.18,-10.7,-15.3,10.0,-0.0,-5.3,-0.0,2390,1360,0,-5,9
418,59.69,33258,405.98,405.80,-0.18,-11.5,-15.3,10.0,-0.0,-6.1,-0.0,2378,1346,0,-5,10
419,59.86,33256,405.96,405.77,-0.18,-10.7,-15.3,10.0,-0.0,-5.3,-0.0,2353,1325,0,-5,9
420,60.03,33258,405.98,405.74,-0.23,-14.8,-19.4,10.0,-0.0,-5.4,-0.0,2378,1353,0,-7,13
421,60.11,33258,405.98,405.73,-0.24,-16.1,-20.5,10.0,-0.0,-5.6,-0.0,2378,1352,0,-8,14
422,60.28,33257,405.97,405.71,-0.26,-16.9,-21.5,10.0,-0.0,-5.4,-0.0,2365,1338,0,-8,15
423,60.45,33256,405.96,405.68,-0.28,-19.2,-23.5,10.0,-0.0,-5.7,-0.0,2353,1329,0,-8,17
424,60.54,33256,405.96,405.67,-0.29,-20.5,-24.5,9.9,-0.0,-5.9,-0.0,2353,1329,0,-9,18
425,60.71,33254,405.93,405.64,-0.29,-19.9,-24.5,9.9,-0.0,-5.3,-0.0,2328,1298,0,-8,18
426,60.88,33255,405.94,405.62,-0.33,-23.4,-27.6,9.9,-0.0,-5.7,-0.0,2340,1313,0,-10,20
427,60.97,33255,405.94,405.60,-0.34,-24.6,-28.6,9.9,-0.0,-5.9,-0.0,2340,1313,0,-10,22
428,61.13,33254,405.93,405.58,-0.35,-25.2,-29.7,9.9,-0.0,-5.5,-0.0,2328,1301,0,-10,22
429,61.31,33251,405.90,405.55,-0.34,-24.7,-28.6,9.9,-0.0,-5.9,-0.0,2290,1260,0,-8,22
430,61.39,33251,405.90,405.54,-0.35,-25.7,-29.7,9.9,-0.0,-5.9,-0.0,2290,1261,0,-9,23
431,61.57,33253,405.92,405.51,-0.42,-30.8,-34.8,9.9,-0.0,-5.9,-0.0,2315,1288,0,-12,27
432,61.73,33249,405.87,405.49,-0.39,-28.5,-32.7,9.8,-0.0,-5.6,-0.0,2265,1232,0,-9,26
433,61.82,33248,405.86,405.47,-0.39,-28.8,-32.7,9.8,-0.0,-5.9,-0.0,2253,1220,0,-8,27
434,61.99,33247,405.85,405.45,-0.40,-29.7,-33.8,9.8,-0.0,-5.7,-0.0,2240,1210,0,-8,28
435,62.15,33241,405.77,405.42,-0.35,-25.8,-29.7,9.8,0.0,-5.9,-0.0,2165,1124,0,-4,25
436,62.25,33241,405.77,405.41,-0.37,-27.1,-30.7,9.8,0.0,-6.2,-0.0,2165,1122,0,-4,26
437,62.42,33240,405.76,405.38,-0.38,-27.5,-31.7,9.8,0.0,-5.6,-0.0,2153,1116,0,-4,26
438,62.59,33240,405.76,405.35,-0.42,-31.2,-34.8,9.8,-0.0,-6.1,-0.0,2153,1116,0,-4,30
439,62.68,33236,405.71,405.34,-0.38,-27.9,-31.7,9.8,0.0,-6.0,-0.0,2103,1062,0,-2,27
440,62.85,33235,405.70,405.31,-0.39,-29.0,-32.7,9.7,-0.0,-6.0,-0.0,2090,1057,0,-1,28
441,63.01,33228,405.62,405.29,-0.33,-23.4,-27.6,9.7,0.0,-5.5,-0.0,2003,961,0,2,23
442,63.10,33227,405.60,405.27,-0.33,-24.1,-27.6,9.7,0.0,-6.2,-0.0,1990,946,0,3,23
443,63.28,33224,405.57,405.24,-0.32,-23.1,-26.6,9.7,0.0,-6.2,-0.0,1953,904,0,4,22
444,63.44,33220,405.52,405.22,-0.31,-21.5,-25.6,9.7,0.0,-5.6,-0.0,1903,858,0,5,20
445,63.53,33220,405.52,405.20,-0.32,-23.1,-26.6,9.7,0.0,-6.1,-0.0,1903,856,0,6,22
446,63.70,33213,405.43,405.18,-0.26,-17.5,-21.5,9.7,0.0,-5.7,-0.0,1815,770,0,6,16
447,63.87,33212,405.42,405.15,-0.27,-19.0,-22.5,9.7,0.0,-6.2,-0.0,1803,761,0,7,17
448,64.03,33207,405.36,405.12,-0.23,-15.8,-19.4,9.6,0.0,-6.0,-0.0,1740,693,0,7,13
449,64.12,33207,405.36,405.11,-0.24,-16.9,-20.5,9.6,0.0,-6.1,-0.0,1740,696,0,8,14
450,64.29,33203,405.31,405.08,-0.23,-15.4,-19.4,9.6,0.0,-5.6,-0.0,1690,650,0,8,13
451,64.46,33201,405.29,405.06,-0.23,-15.9,-19.4,9.6,0.0,-6.1,-0.0,1665,622,0,9,13
452,64.54,33199,405.26,405.04,-0.22,-14.8,-18.4,9.6,0.0,-6.0,-0.0,1640,596,0,9,11
453,64.71,33196,405.22,405.02,-0.21,-13.5,-17.4,9.6,0.0,-5.7,-0.0,1603,563,0,8,10
454,64.88,33189,405.14,404.99,-0.15,-8.8,-12.3,9.6,0.0,-6.1,-0.0,1515,468,0,6,6
455,64.96,33186,405.10,404.97,-0.13,-7.9,-11.2,9.6,0.0,-6.3,-0.0,1478,427,0,6,5
456,65.13,33182,405.05,404.95,-0.11,-5.6,-9.2,9.6,0.0,-6.0,-0.0,1428,376,0,5,3
457,65.29,33181,405.04,404.92,-0.12,-6.3,-10.2,9.6,0.0,-5.6,-0.0,1415,370,0,5,3
458,65.38,33178,405.00,404.91,-0.10,-5.1,-8.2,9.6,0.0,-6.5,-0.0,1378,325,0,4,2
459,65.55,33177,404.99,404.88,-0.11,-5.5,-9.2,9.6,0.0,-5.8,-0.0,1365,323,0,5,3
460,65.72,33174,404.96,404.85,-0.11,-5.5,-9.2,9.6,0.0,-5.9,-0.0,1328,288,0,5,2
461,65.88,33173,404.94,404.82,-0.12,-6.4,-10.2,9.6,0.0,-5.8,-0.0,1315,278,0,6,3
462,65.97,33170,404.91,404.81,-0.10,-5.0,-8.2,9.6,0.0,-6.4,-0.0,1278,237,0,5,2
463,66.13,33170,404.91,404.78,-0.12,-6.6,-10.2,9.6,-0.0,-5.9,-0.0,1278,244,0,6,2
464,66.29,33168,404.88,404.76,-0.12,-6.1,-10.2,9.6,0.0,-5.4,-0.0,1253,218,0,6,2
465,66.46,33164,404.83,404.73,-0.11,-5.6,-9.2,9.6,0.0,-5.9,-0.0,1203,166,0,5,1
466,66.54,33164,404.83,404.71,-0.12,-6.8,-10.2,9.6,0.0,-6.1,-0.0,1203,165,0,6,2
467,66.71,33163,404.82,404.69,-0.13,-7.6,-11.2,9.5,-0.0,-5.9,-0.0,1190,156,0,7,2
468,66.88,33160,404.79,404.66,-0.12,-6.9,-10.2,9.5,-0.0,-6.3,-0.0,1153,116,0,7,1
469,66.96,33162,404.81,404.64,-0.17,-11.2,-14.3,9.5,-0.0,-6.5,-0.0,1178,145,0,11,2
470,67.13,33156,404.74,404.62,-0.12,-7.0,-10.2,9.5,-0.0,-6.3,-0.0,1103,67,0,7,1
471,67.31,33158,404.76,404.59,-0.17,-11.0,-14.3,9.5,-0.0,-6.2,-0.0,1128,97,0,11,2
472,67.40,33158,404.76,404.57,-0.20,-13.5,-16.4,9.5,-0.0,-6.6,-0.0,1128,96,0,13,2
473,67.57,33156,404.74,404.54,-0.20,-12.9,-16.4,9.5,-0.0,-6.0,-0.0,1103,73,0,12,1
474,67.72,33156,404.74,404.52,-0.22,-14.8,-18.4,9.5,-0.0,-5.9,-0.0,1103,75,0,14,2
475,67.81,33156,404.74,404.50,-0.23,-16.4,-19.4,9.5,-0.0,-6.4,-0.0,1103,79,0,16,2
476,67.98,33152,404.69,404.47,-0.22,-15.1,-18.4,9.5,-0.0,-6.2,-0.0,1053,20,0,15,0
477,68.15,33153,404.70,404.44,-0.26,-18.4,-21.5,9.5,-0.0,-6.4,-0.0,1065,36,0,18,1
478,68.25,33151,404.68,404.43,-0.24,-17.8,-20.5,9.5,-0.0,-6.8,-0.0,1040,8,0,17,0
479,68.41,33148,404.64,404.40,-0.24,-17.0,-20.5,9.5,-0.0,-6.0,-0.0,1003,4064,0,16,-1
480,68.58,33148,404.64,404.37,-0.27,-19.4,-22.5,9.5,-0.0,-6.3,-0.0,1003,4068,0,19,-1
481,68.66,33146,404.61,404.36,-0.26,-18.2,-21.5,9.4,-0.0,-6.1,-0.0,978,4041,0,18,-1
482,68.82,33146,404.61,404.33,-0.28,-20.2,-23.5,9.4,-0.0,-6.1,-0.0,978,4040,0,20,-2
483,69.00,33145,404.60,404.30,-0.31,-22.6,-25.6,9.4,-0.0,-6.5,-0.0,965,4032,0,22,-2
484,69.16,33144,404.59,404.27,-0.32,-23.6,-26.6,9.4,-0.0,-6.4,-0.0,953,4017,0,23,-3
485,69.25,33143,404.58,404.26,-0.32,-24.1,-26.6,9.4,-0.0,-6.9,-0.0,940,4004,0,23,-3
486,69.40,33142,404.57,404.23,-0.34,-25.3,-28.6,9.4,-0.0,-6.1,-0.0,928,3994,0,24,-4
487,69.58,33142,404.57,404.20,-0.37,-27.9,-30.7,9.4,-0.0,-6.6,-0.0,928,3994,0,27,-4
488,69.66,33140,404.54,404.18,-0.35,-26.9,-29.7,9.4,-0.0,-6.6,-0.0,903,3967,0,26,-5
489,69.83,33137,404.50,404.15,-0.35,-27.0,-29.7,9.4,-0.0,-6.6,-0.0,865,3926,0,25,-7
490,70.00,33133,404.46,404.12,-0.33,-24.4,-27.6,9.3,0.0,-6.1,-0.0,815,3874,0,22,-8
491,70.09,33131,404.43,404.11,-0.32,-24.1,-26.6,9.3,0.0,-6.9,-0.0,790,3845,0,22,-9
492,70.27,33129,404.41,404.08,-0.33,-25.2,-27.6,9.3,0.0,-6.9,-0.0,765,3817,0,22,-10
493,70.44,33128,404.39,404.05,-0.34,-25.5,-28.6,9.3,0.0,-6.2,-0.0,753,3810,0,22,-10
494,70.53,33127,404.38,404.03,-0.35,-27.7,-29.7,9.3,0.0,-7.3,-0.0,740,3796,0,24,-12
495,70.69,33125,404.36,404.00,-0.35,-26.8,-29.7,9.3,-0.0,-6.4,-0.0,715,3775,0,23,-12
496,70.85,33121,404.31,403.97,-0.33,-25.1,-27.6,9.3,-0.0,-6.7,-0.0,665,3725,0,20,-13
497,70.94,33120,404.30,403.96,-0.34,-26.3,-28.6,9.3,-0.0,-7.0,-0.0,653,3711,0,21,-14
498,71.11,33118,404.27,403.93,-0.34,-25.7,-28.6,9.2,0.0,-6.3,-0.0,628,3685,0,20,-15
499,71.28,33116,404.25,403.90,-0.35,-26.7,-29.7,9.2,0.0,-6.2,-0.0,603,3661,0,20,-16
500,71.45,33111,404.19,403.87,-0.32,-23.8,-26.6,9.2,0.0,-6.4,-0.0,540,3596,0,17,-16
501,71.53,33111,404.19,403.85,-0.33,-25.4,-27.6,9.2,0.0,-7.0,-0.0,540,3596,0,18,-17
502,71.70,33108,404.15,403.82,-0.33,-24.7,-27.6,9.2,0.0,-6.3,-0.0,503,3559,0,16,-18
503,71.88,33101,404.06,403.79,-0.27,-20.3,-22.5,9.2,0.0,-6.9,-0.0,415,3460,0,11,-16
504,71.96,33101,404.06,403.78,-0.29,-22.4,-24.5,9.2,0.0,-7.1,-0.0,415,3463,0,12,-18
505,72.13,33097,404.02,403.75,-0.27,-19.9,-22.5,9.2,0.0,-6.5,-0.0,365,3417,0,10,-17
506,72.30,33090,403.93,403.71,-0.22,-16.1,-18.4,9.2,0.0,-6.9,-0.0,278,3318,0,6,-15
507,72.39,33088,403.91,403.70,-0.21,-15.0,-17.4,9.1,0.0,-6.8,-0.0,253,3295,0,5,-14
508,72.56,33082,403.83,403.67,-0.16,-11.0,-13.3,9.1,0.0,-6.8,-0.0,178,3221,0,2,-10
509,72.72,33082,403.83,403.64,-0.20,-13.5,-16.4,9.1,0.0,-6.3,-0.0,178,3225,0,3,-13
510,72.80,33081,403.82,403.62,-0.20,-14.2,-16.4,9.1,0.0,-6.9,-0.0,165,3212,0,3,-13
511,72.97,33075,403.75,403.59,-0.16,-10.7,-13.3,9.1,0.0,-6.5,-0.0,90,3140,0,1,-10
512,73.14,33073,403.72,403.56,-0.16,-10.3,-13.3,9.1,0.0,-6.1,-0.0,65,3119,0,1,-10
513,73.30,33071,403.70,403.53,-0.17,-11.9,-14.3,9.1,0.0,-6.6,-0.0,40,3095,0,0,-11
514,73.38,33068,403.66,403.52,-0.15,-10.1,-12.3,9.1,0.0,-7.0,-0.0,3,3053,0,0,-10
515,73.56,33060,403.56,403.49,-0.07,-3.9,-6.1,9.1,0.0,-6.9,-0.0,3999,2952,0,-1,-4
516,73.71,33059,403.55,403.46,-0.10,-5.8,-8.2,9.1,0.0,-6.7,-0.0,3986,2941,0,-1,-5
517,73.80,33059,403.55,403.44,-0.11,-7.2,-9.2,9.1,0.0,-7.1,-0.0,3986,2940,0,-1,-7
518,73.96,33059,403.55,403.41,-0.15,-9.9,-12.3,9.1,0.0,-6.7,-0.0,3986,2944,0,-2,-9
519,74.13,33050,403.44,403.38,-0.06,-2.7,-5.1,9.1,0.0,-6.7,-0.0,3874,2833,0,-1,-2
520,74.31,33047,403.41,403.35,-0.06,-3.4,-5.1,9.1,0.0,-7.4,-0.0,3836,2789,0,-1,-3
521,74.39,33046,403.39,403.33,-0.06,-3.2,-5.1,9.1,0.0,-7.2,-0.0,3824,2780,0,-1,-3
522,74.56,33041,403.33,403.30,-0.04,-0.9,-3.1,9.1,0.0,-6.9,-0.0,3761,2710,0,0,-1
523,74.72,33040,403.32,403.27,-0.05,-1.8,-4.1,9.1,0.0,-6.8,-0.0,3749,2703,0,-1,-1
524,74.82,33039,403.31,403.25,-0.06,-3.7,-5.1,9.1,0.0,-7.7,-0.0,3736,2694,0,-2,-3
525,74.98,33036,403.27,403.22,-0.05,-1.7,-4.1,9.1,0.0,-6.7,-0.0,3699,2659,0,-1,-1
526,75.15,33034,403.25,403.19,-0.06,-2.6,-5.1,9.1,-0.0,-6.6,-0.0,3674,2636,0,-2,-2
527,75.23,33034,403.25,403.17,-0.07,-4.3,-6.1,9.1,-0.0,-7.3,-0.0,3674,2639,0,-3,-3
528,75.40,33030,403.20,403.14,-0.06,-2.8,-5.1,9.1,-0.0,-6.7,-0.0,3624,2586,0,-2,-2
529,75.57,33029,403.19,403.11,-0.07,-3.8,-6.1,9.1,-0.0,-6.7,-0.0,3611,2575,0,-3,-3
530,75.65,33028,403.17,403.09,-0.07,-4.0,-6.1,9.1,-0.0,-7.0,-0.0,3599,2563,0,-3,-3
531,75.81,33026,403.15,403.06,-0.09,-5.3,-7.2,9.1,-0.0,-7.2,-0.0,3574,2538,0,-4,-4
532,75.97,33024,403.12,403.03,-0.09,-4.5,-7.2,9.1,-0.0,-6.4,-0.0,3549,2515,0,-3,-3
533,76.13,33024,403.12,403.00,-0.12,-7.9,-10.2,9.1,-0.0,-6.7,-0.0,3549,2516,0,-6,-5
534,76.22,33024,403.12,402.99,-0.13,-9.7,-11.2,9.1,-0.0,-7.5,-0.0,3549,2517,0,-7,-6
535,76.40,33022,403.10,402.95,-0.15,-10.2,-12.3,9.0,-0.0,-6.9,-0.0,3524,2491,0,-8,-6
536,76.57,33018,403.05,402.92,-0.13,-8.9,-11.2,9.0,-0.0,-6.7,-0.0,3474,2440,0,-7,-5
537,76.65,33019,403.06,402.90,-0.16,-11.4,-13.3,9.0,-0.0,-7.2,-0.0,3486,2455,0,-9,-6
538,76.83,33019,403.06,402.87,-0.20,-14.4,-16.4,9.0,-0.0,-7.1,-0.0,3486,2455,0,-11,-8
539,76.98,33018,403.05,402.84,-0.21,-15.0,-17.4,9.0,-0.0,-6.6,-0.0,3474,2441,0,-12,-8
540,77.15,33017,403.04,402.81,-0.23,-18.0,-19.4,9.0,-0.0,-7.6,-0.0,3461,2435,0,-14,-10
541,77.24,33017,403.04,402.79,-0.24,-18.9,-20.5,9.0,-0.0,-7.5,-0.0,3461,2435,0,-15,-10
542,77.42,33017,403.04,402.76,-0.28,-21.8,-23.5,9.0,-0.0,-7.2,-0.0,3461,2434,0,-18,-12
543,77.58,33016,403.03,402.73,-0.31,-23.5,-25.6,9.0,-0.0,-6.9,-0.0,3449,2421,0,-19,-12
544,77.67,33014,403.00,402.71,-0.29,-23.0,-24.5,9.0,-0.0,-7.4,-0.0,3424,2394,0,-19,-11
545,77.84,33012,402.98,402.68,-0.31,-24.0,-25.6,9.0,-0.0,-7.4,-0.0,3399,2367,0,-21,-11
546,78.01,33019,403.06,402.64,-0.43,-34.3,-35.8,8.9,-0.0,-7.4,-0.0,3486,2464,0,-27,-20
547,78.10,33016,403.03,402.62,-0.40,-32.7,-33.8,8.9,-0.0,-7.9,-0.0,3449,2423,0,-27,-17
548,78.27,33011,402.97,402.59,-0.38,-30.1,-31.7,8.9,-0.0,-7.3,-0.0,3386,2355,0,-26,-13
549,78.36,33010,402.95,402.57,-0.38,-30.7,-31.7,8.9,-0.0,-7.9,-0.0,3374,2344,0,-27,-13
550,78.53,33008,402.93,402.54,-0.39,-31.2,-32.7,8.9,-0.0,-7.4,-0.0,3349,2319,0,-28,-12
551,78.70,33004,402.88,402.51,-0.38,-30.2,-31.7,8.9,0.0,-7.4,-0.0,3299,2253,0,-28,-9
552,78.87,33003,402.87,402.47,-0.39,-30.9,-32.7,8.9,0.0,-7.0,-0.0,3286,2246,0,-29,-9
553,78.95,33001,402.84,402.46,-0.39,-31.4,-32.7,8.9,-0.0,-7.5,-0.0,3261,2222,0,-29,-8
554,79.13,32999,402.82,402.42,-0.40,-32.7,-33.8,8.8,0.0,-7.8,-0.0,3236,2195,0,-31,-7
555,79.22,32996,402.78,402.40,-0.38,-30.4,-31.7,8.8,0.0,-7.5,-0.0,3199,2157,0,-29,-5
556,79.39,32994,402.76,402.37,-0.39,-31.4,-32.7,8.8,-0.0,-7.4,-0.0,3174,2135,0,-30,-4
557,79.56,32991,402.72,402.34,-0.39,-30.9,-32.7,8.8,0.0,-7.0,-0.0,3136,2095,0,-30,-2
558,79.65,32991,402.72,402.32,-0.40,-32.9,-33.8,8.8,-0.0,-7.9,-0.0,3136,2096,0,-32,-2
559,79.83,32986,402.66,402.28,-0.38,-30.9,-31.7,8.8,0.0,-7.9,-0.0,3074,2030,0,-30,1
560,79.99,32985,402.65,402.25,-0.40,-32.2,-33.8,8.8,-0.0,-7.3,-0.0,3061,2024,0,-31,1
561,80.08,32982,402.61,402.23,-0.38,-30.7,-31.7,8.7,0.0,-7.7,-0.0,3024,1982,0,-30,3
562,80.25,32977,402.55,402.20,-0.35,-28.2,-29.7,8.7,0.0,-7.3,-0.0,2961,1917,0,-27,5
563,80.42,32970,402.47,402.16,-0.31,-24.3,-25.6,8.7,0.0,-7.4,-0.0,2874,1823,0,-22,8
564,80.51,32967,402.43,402.15,-0.28,-22.8,-23.5,8.7,0.0,-8.0,-0.0,2836,1782,0,-20,9
565,80.68,32965,402.40,402.11,-0.29,-23.3,-24.5,8.7,0.0,-7.4,-0.0,2811,1758,0,-20,10
566,80.85,32958,402.32,402.08,-0.24,-18.9,-20.5,8.7,0.0,-7.1,-0.0,2724,1669,0,-15,10
567,80.94,32957,402.31,402.06,-0.24,-19.8,-20.5,8.7,0.0,-8.1,-0.0,2711,1655,0,-16,11
568,81.10,32954,402.27,402.03,-0.24,-18.9,-20.5,8.7,0.0,-7.1,-0.0,2674,1627,0,-15,11
569,81.27,32949,402.21,401.99,-0.22,-17.1,-18.4,8.7,0.0,-7.4,-0.0,2611,1561,0,-12,11
570,81.36,32947,402.19,401.97,-0.21,-16.7,-17.4,8.7,0.0,-8.0,-0.0,2586,1534,0,-11,11
571,81.53,32940,402.10,401.94,-0.16,-11.9,-13.3,8.6,0.0,-7.3,-0.0,2499,1449,0,-7,9
572,81.71,32934,402.03,401.90,-0.12,-9.1,-10.2,8.6,0.0,-7.5,-0.0,2424,1366,0,-4,8
573,81.80,32931,401.99,401.89,-0.11,-9.1,-9.2,8.6,0.0,-8.5,-0.0,2386,1324,0,-4,8
574,81.95,32927,401.94,401.85,-0.09,-5.8,-7.2,8.6,0.0,-7.3,-0.0,2336,1281,0,-2,5
575,82.12,32922,401.88,401.82,-0.06,-3.8,-5.1,8.6,0.0,-7.3,-0.0,2274,1218,0,-1,4
576,82.29,32920,401.86,401.78,-0.07,-4.8,-6.1,8.6,0.0,-7.3,-0.0,2249,1200,0,-1,5
577,82.38,32916,401.81,401.77,-0.04,-2.3,-3.1,8.6,0.0,-7.8,-0.0,2199,1147,0,0,2
578,82.55,32909,401.72,401.73,0.01,2.4,1.0,8.6,0.0,-7.2,-0.0,2111,3107,0,0,-2
579,82.71,32907,401.70,401.70,0.00,1.3,0.0,8.6,0.0,-7.4,-0.0,2086,3085,0,0,-1
580,82.80,32904,401.66,401.68,0.02,2.6,2.0,8.6,0.0,-8.1,-0.0,2049,3045,0,0,-2
581,82.97,32902,401.64,401.64,0.01,2.3,1.0,8.6,0.0,-7.4,-0.0,2024,3022,0,0,-2
582,83.14,32898,401.59,401.61,0.02,3.0,2.0,8.6,0.0,-7.7,-0.0,1974,2975,0,0,-3
583,83.22,32897,401.57,401.59,0.01,1.7,1.0,8.6,0.0,-7.9,-0.0,1961,2966,0,0,-2
584,83.40,32893,401.53,401.55,0.02,2.9,2.0,8.6,0.0,-7.8,-0.0,1911,2914,0,-1,-3
585,83.57,32892,401.51,401.52,0.00,0.7,0.0,8.6,0.0,-7.9,-0.0,1899,2905,0,0,-1
586,83.65,32887,401.45,401.50,0.05,4.8,4.1,8.6,0.0,-8.0,-0.0,1836,2837,0,-2,-4
587,83.83,32886,401.44,401.47,0.02,3.0,2.0,8.6,0.0,-7.7,-0.0,1824,2830,0,-1,-3
588,83.99,32883,401.40,401.43,0.02,2.7,2.0,8.6,0.0,-8.0,-0.0,1786,2791,0,-1,-2
589,84.08,32880,401.37,401.41,0.05,4.2,4.1,8.6,0.0,-8.5,-0.0,1749,2752,0,-2,-4
590,84.25,32875,401.31,401.38,0.07,7.1,6.1,8.6,0.0,-7.6,-0.0,1686,2685,0,-4,-6
591,84.41,32877,401.33,401.34,0.01,2.5,1.0,8.6,-0.0,-7.2,-0.0,1711,2723,0,-1,-2
592,84.50,32876,401.32,401.32,0.00,0.2,0.0,8.6,-0.0,-8.4,-0.0,1699,2707,0,0,0
593,84.66,32873,401.28,401.29,0.01,2.4,1.0,8.6,-0.0,-7.3,-0.0,1661,2671,0,-1,-2
594,84.83,32872,401.27,401.25,-0.01,-0.3,-1.0,8.6,-0.0,-7.9,-0.0,1649,619,0,0,0
595,84.99,32868,401.22,401.22,0.00,0.6,0.0,8.6,-0.0,-8.1,-0.0,1599,2610,0,0,0
596,85.07,32867,401.21,401.20,-0.01,0.0,-1.0,8.6,-0.0,-7.6,-0.0,1586,2595,0,0,0
597,85.23,32865,401.18,401.17,-0.01,0.0,-1.0,8.6,-0.0,-7.6,-0.0,1561,2571,0,0,0
598,85.38,32865,401.18,401.14,-0.05,-2.9,-4.1,8.6,-0.0,-7.5,-0.0,1561,525,0,2,2
599,85.55,32862,401.15,401.10,-0.05,-3.5,-4.1,8.6,-0.0,-8.0,-0.0,1524,486,0,2,2
600,85.64,32862,401.15,401.08,-0.06,-4.6,-5.1,8.6,-0.0,-8.1,-0.0,1524,490,0,3,3
601,85.81,32862,401.15,401.04,-0.10,-7.3,-8.2,8.6,-0.0,-7.8,-0.0,1524,494,0,5,5
602,85.97,32860,401.12,401.01,-0.11,-8.1,-9.2,8.6,-0.0,-7.5,-0.0,1499,468,0,6,5
603,86.14,32860,401.12,400.97,-0.15,-11.6,-12.3,8.6,-0.0,-7.9,-0.0,1499,467,0,8,7
604,86.22,32860,401.12,400.96,-0.17,-13.0,-14.3,8.6,-0.0,-7.3,-0.0,1499,472,0,9,8
605,86.40,32858,401.10,400.92,-0.18,-15.3,-15.3,8.6,-0.0,-8.6,-0.0,1474,443,0,12,9
606,86.56,32858,401.10,400.88,-0.22,-17.4,-18.4,8.6,-0.0,-7.6,-0.0,1474,446,0,13,11
607,86.65,32858,401.10,400.86,-0.23,-19.5,-19.4,8.6,-0.0,-8.6,-0.0,1474,447,0,15,12
608,86.83,32856,401.07,400.82,-0.24,-20.0,-20.5,8.6,-0.0,-8.1,-0.0,1449,419,0,16,12
609,87.00,32857,401.09,400.79,-0.29,-23.7,-24.5,8.6,-0.0,-7.8,-0.0,1461,433,0,18,14
610,87.09,32857,401.09,400.77,-0.32,-27.1,-26.6,8.6,-0.0,-9.1,-0.0,1461,435,0,21,16
611,87.26,32856,401.07,400.73,-0.34,-28.1,-28.6,8.6,-0.0,-8.0,-0.0,1449,422,0,22,16
612,87.35,32853,401.04,400.71,-0.33,-28.2,-27.6,8.5,-0.0,-9.1,-0.0,1411,379,0,23,15
613,87.52,32853,401.04,400.67,-0.37,-29.7,-30.7,8.5,-0.0,-7.5,-0.0,1411,383,0,24,16
614,87.69,32855,401.06,400.64,-0.43,-35.5,-35.8,8.5,-0.0,-8.2,-0.0,1436,409,0,28,20
615,87.78,32852,401.03,400.62,-0.40,-33.6,-33.8,8.5,-0.0,-8.4,-0.0,1399,367,0,28,17
616,87.95,32851,401.01,400.58,-0.43,-35.4,-35.8,8.5,-0.0,-8.1,-0.0,1386,355,0,29,18
617,88.11,32850,401.00,400.54,-0.45,-37.2,-37.8,8.5,-0.0,-7.9,-0.0,1374,346,0,31,18
618,88.28,32845,400.94,400.51,-0.43,-35.5,-35.8,8.4,-0.0,-8.1,-0.0,1311,272,0,31,14
619,88.36,32845,400.94,400.49,-0.45,-37.9,-37.8,8.4,-0.0,-8.5,-0.0,1311,271,0,34,15
620,88.53,32845,400.94,400.45,-0.49,-40.2,-40.9,8.4,-0.0,-7.8,-0.0,1311,278,0,36,16
621,88.70,32842,400.90,400.41,-0.49,-40.8,-40.9,8.4,-0.0,-8.3,-0.0,1274,238,0,37,14
622,88.78,32842,400.90,400.40,-0.51,-43.0,-43.0,8.4,-0.0,-8.4,-0.0,1274,238,0,39,15
623,88.96,32838,400.85,400.36,-0.50,-42.2,-41.9,8.4,-0.0,-8.6,-0.0,1224,189,0,39,12
624,89.13,32836,400.83,400.32,-0.51,-42.8,-43.0,8.3,-0.0,-8.2,-0.0,1199,162,0,40,10
625,89.22,32835,400.82,400.30,-0.52,-44.8,-44.0,8.3,-0.0,-9.1,-0.0,1186,146,0,42,10
626,89.39,32828,400.73,400.26,-0.48,-40.1,-39.9,8.3,0.0,-8.5,-0.0,1099,54,0,39,3
627,89.56,32823,400.67,400.22,-0.45,-37.7,-37.8,8.3,0.0,-8.1,-0.0,1036,4083,0,36,-1
628,89.65,32821,400.65,400.20,-0.44,-37.8,-36.8,8.3,0.0,-9.2,-0.0,1011,4055,0,36,-2
629,89.82,32817,400.60,400.17,-0.43,-35.7,-35.8,8.3,0.0,-8.1,-0.0,961,4006,0,34,-5
630,89.99,32808,400.49,400.13,-0.37,-30.9,-30.7,8.2,0.0,-8.4,-0.0,849,3889,0,28,-9
631,90.08,32807,400.48,400.11,-0.37,-31.3,-30.7,8.2,0.0,-8.8,-0.0,836,3875,0,29,-10
632,90.26,32802,400.42,400.07,-0.35,-30.2,-29.7,8.2,0.0,-8.7,-0.0,774,3814,0,27,-12
633,90.43,32797,400.35,400.03,-0.33,-27.7,-27.6,8.2,0.0,-8.3,-0.0,711,3748,0,23,-14
634,90.52,32794,400.32,400.01,-0.31,-26.5,-25.6,8.2,0.0,-9.1,-0.0,674,3710,0,21,-14
635,90.68,32792,400.29,399.97,-0.32,-26.5,-26.6,8.2,0.0,-8.1,-0.0,649,3698,0,21,-15
636,90.85,32784,400.20,399.93,-0.26,-21.3,-21.5,8.2,0.0,-8.0,-0.0,549,3591,0,15,-14
637,90.93,32782,400.17,399.91,-0.26,-22.8,-21.5,8.2,0.0,-9.5,-0.0,524,3562,0,15,-16
638,91.10,32776,400.10,399.87,-0.22,-18.5,-18.4,8.2,0.0,-8.3,-0.0,449,3490,0,11,-14
639,91.27,32770,400.02,399.84,-0.18,-15.5,-15.3,8.2,0.0,-8.3,-0.0,374,3413,0,7,-13
640,91.36,32765,399.96,399.82,-0.15,-13.0,-12.3,8.1,0.0,-8.8,-0.0,311,3341,0,5,-11
641,91.53,32757,399.87,399.78,-0.09,-7.4,-7.2,8.1,0.0,-8.4,-0.0,211,3243,0,2,-7
642,91.70,32754,399.83,399.74,-0.09,-7.2,-7.2,8.1,0.0,-8.2,-0.0,174,3211,0,1,-7
643,91.79,32749,399.77,399.72,-0.05,-5.0,-4.1,8.1,0.0,-9.0,-0.0,111,3141,0,1,-5
644,91.96,32747,399.74,399.68,-0.06,-5.4,-5.1,8.1,0.0,-8.5,-0.0,86,3124,0,0,-5
645,92.11,32739,399.65,399.64,0.00,-0.1,0.0,8.1,0.0,-8.2,-0.0,4082,3026,0,0,0
646,92.28,32734,399.58,399.60,0.02,2.1,2.0,8.1,0.0,-8.1,-0.0,4020,916,0,0,2
647,92.36,32730,399.54,399.58,0.05,3.3,4.1,8.1,0.0,-8.9,-0.0,3970,860,0,1,3
648,92.52,32727,399.50,399.55,0.05,4.3,4.1,8.1,0.0,-8.0,-0.0,3932,831,0,1,4
649,92.69,32719,399.40,399.51,0.11,8.7,9.2,8.1,0.0,-8.7,-0.0,3832,723,0,4,8
650,92.78,32719,399.40,399.49,0.09,6.5,7.2,8.1,0.0,-8.8,-0.0,3832,729,0,3,6
651,92.95,32715,399.35,399.45,0.10,7.6,8.2,8.1,0.0,-8.7,-0.0,3782,681,0,4,6
652,93.11,32709,399.28,399.41,0.13,10.8,11.2,8.2,0.0,-8.6,-0.0,3707,605,0,6,8
653,93.20,32707,399.26,399.39,0.13,10.1,11.2,8.2,0.0,-9.3,-0.0,3682,578,0,6,8
654,93.36,32701,399.18,399.35,0.17,14.2,14.3,8.2,0.0,-8.3,-0.0,3607,509,0,10,10
655,93.52,32700,399.17,399.32,0.15,12.2,12.3,8.2,0.0,-8.2,-0.0,3595,500,0,9,8
656,93.69,32696,399.12,399.28,0.16,13.4,13.3,8.2,0.0,-8.1,-0.0,3545,450,0,10,8
657,93.77,32695,399.11,399.26,0.15,11.5,12.3,8.2,0.0,-8.9,-0.0,3532,438,0,9,7
658,93.94,32690,399.05,399.22,0.17,14.3,14.3,8.2,0.0,-8.2,-0.0,3470,379,0,12,8
659,94.11,32686,399.00,399.18,0.18,15.1,15.3,8.2,0.0,-8.4,-0.0,3420,327,0,13,7
660,94.28,32680,398.93,399.14,0.21,16.6,17.4,8.2,0.0,-9.0,-0.0,3345,245,0,15,6
661,94.36,32679,398.91,399.12,0.21,16.6,17.4,8.2,0.0,-9.0,-0.0,3332,234,0,15,6
662,94.53,32678,398.90,399.08,0.17,13.4,14.3,8.2,0.0,-9.1,-0.0,3320,224,0,12,4
663,94.70,32674,398.85,399.04,0.18,15.1,15.3,8.2,0.0,-8.4,-0.0,3270,175,0,14,4
664,94.78,32674,398.85,399.02,0.17,13.5,14.3,8.2,-0.0,-9.0,-0.0,3270,179,0,13,4
665,94.95,32673,398.84,398.98,0.13,11.2,11.2,8.2,-0.0,-8.3,-0.0,3257,175,0,10,3
666,95.12,32672,398.83,398.94,0.11,8.1,9.2,8.2,-0.0,-9.3,-0.0,3245,162,0,8,2
667,95.21,32670,398.80,398.92,0.11,8.4,9.2,8.2,-0.0,-9.1,-0.0,3220,136,0,8,2
668,95.37,32669,398.79,398.88,0.09,6.6,7.2,8.2,-0.0,-8.8,-0.0,3207,128,0,6,1
669,95.54,32667,398.77,398.84,0.07,5.0,6.1,8.2,-0.0,-9.4,-0.0,3182,99,0,5,1
670,95.70,32666,398.75,398.80,0.05,3.5,4.1,8.2,-0.0,-8.8,-0.0,3170,89,0,3,0
671,95.79,32664,398.73,398.78,0.05,3.4,4.1,8.2,-0.0,-9.0,-0.0,3145,61,0,3,0
672,95.96,32661,398.69,398.74,0.05,3.2,4.1,8.2,-0.0,-9.1,-0.0,3107,23,0,3,0
673,96.13,32661,398.69,398.70,0.00,-0.2,0.0,8.2,-0.0,-8.4,-0.0,3107,2072,0,0,0
674,96.22,32659,398.67,398.68,0.01,-0.7,1.0,8.3,-0.0,-10.0,-0.0,3082,2045,0,-1,0
675,96.39,32660,398.68,398.63,-0.05,-4.7,-4.1,8.2,-0.0,-8.9,-0.0,3095,2062,0,-5,0
676,96.48,32659,398.67,398.61,-0.06,-6.6,-5.1,8.2,-0.0,-9.8,-0.0,3082,2050,0,-6,0
677,96.65,32657,398.65,398.57,-0.07,-6.4,-6.1,8.2,-0.0,-8.5,-0.0,3057,2027,0,-6,0
678,96.82,32657,398.65,398.53,-0.11,-10.0,-9.2,8.2,-0.0,-9.1,-0.0,3057,2027,0,-10,0
679,96.98,32656,398.63,398.49,-0.15,-12.5,-12.3,8.2,-0.0,-8.5,-0.0,3045,2015,0,-12,1
680,97.07,32655,398.62,398.47,-0.15,-13.6,-12.3,8.2,-0.0,-9.5,-0.0,3032,2000,0,-13,1
681,97.24,32657,398.65,398.43,-0.22,-18.7,-18.4,8.2,-0.0,-8.5,-0.0,3057,2030,0,-18,1
682,97.41,32656,398.63,398.39,-0.24,-20.9,-20.5,8.2,-0.0,-8.7,-0.0,3045,2020,0,-20,1
683,97.49,32654,398.61,398.37,-0.24,-21.2,-20.5,8.2,-0.0,-9.0,-0.0,3020,1992,0,-20,2
684,97.66,32654,398.61,398.33,-0.28,-24.3,-23.5,8.2,-0.0,-9.0,-0.0,3020,1993,0,-23,2
685,97.83,32654,398.61,398.28,-0.33,-28.7,-27.6,8.2,-0.0,-9.3,-0.0,3020,1994,0,-28,2
686,97.93,32651,398.57,398.26,-0.31,-27.1,-25.6,8.2,-0.0,-9.8,-0.0,2982,1948,0,-26,4
687,98.09,32651,398.57,398.22,-0.35,-30.2,-29.7,8.2,-0.0,-8.8,-0.0,2982,1951,0,-29,4
688,98.27,32652,398.58,398.18,-0.40,-34.7,-33.8,8.1,-0.0,-9.1,-0.0,2995,1968,0,-33,4
689,98.34,32650,398.56,398.16,-0.40,-33.8,-33.8,8.1,-0.0,-8.2,-0.0,2970,1941,0,-32,5
690,98.50,32648,398.54,398.12,-0.42,-35.4,-34.8,8.1,-0.0,-8.8,-0.0,2945,1912,0,-34,7
691,98.67,32645,398.50,398.08,-0.42,-35.5,-34.8,8.1,-0.0,-8.8,-0.0,2907,1874,0,-33,9
692,98.85,32645,398.50,398.03,-0.46,-40.5,-38.9,8.1,-0.0,-9.7,-0.0,2907,1872,0,-38,10
693,98.93,32641,398.45,398.01,-0.44,-38.2,-36.8,8.1,-0.0,-9.4,-0.0,2857,1816,0,-35,13
694,99.11,32640,398.44,397.97,-0.46,-40.2,-38.9,8.1,-0.0,-9.4,-0.0,2845,1807,0,-36,14
695,99.27,32637,398.40,397.93,-0.46,-40.0,-38.9,8.0,-0.0,-9.1,-0.0,2807,1768,0,-35,16
696,99.35,32636,398.39,397.91,-0.48,-41.5,-39.9,8.0,-0.0,-9.6,-0.0,2795,1757,0,-36,17
697,99.52,32633,398.35,397.87,-0.49,-42.5,-40.9,8.0,-0.0,-9.6,-0.0,2757,1714,0,-36,20
698,99.69,32628,398.29,397.82,-0.46,-39.9,-38.9,8.0,-0.0,-9.0,-0.0,2695,1653,0,-32,22
699,99.79,32625,398.25,397.80,-0.45,-40.0,-37.8,8.0,0.0,-10.1,-0.0,2657,1608,0,-30,24
700,99.95,32622,398.22,397.76,-0.46,-39.8,-38.9,8.0,0.0,-8.9,-0.0,2620,1575,0,-29,26
701,100.13,32617,398.16,397.72,-0.44,-38.6,-36.8,7.9,0.0,-9.7,-0.0,2557,1507,0,-25,28
702,100.22,32611,398.08,397.69,-0.39,-34.8,-32.7,7.9,0.0,-10.0,-0.0,2482,1423,0,-19,28
703,100.39,32608,398.05,397.65,-0.39,-34.2,-32.7,7.9,0.0,-9.4,-0.0,2445,1391,0,-18,28
704,100.48,32607,398.03,397.63,-0.40,-35.8,-33.8,7.9,0.0,-10.0,-0.0,2432,1380,0,-18,30
705,100.64,32600,397.95,397.59,-0.37,-31.8,-30.7,7.9,0.0,-9.0,-0.0,2345,1290,0,-12,28
706,100.81,32594,397.88,397.54,-0.33,-28.9,-27.6,7.9,0.0,-9.1,-0.0,2270,1213,0,-8,27
707,100.98,32591,397.84,397.50,-0.34,-29.6,-28.6,7.9,0.0,-8.9,-0.0,2232,1184,0,-7,28
708,101.07,32587,397.79,397.48,-0.31,-27.8,-25.6,7.9,0.0,-10.1,-0.0,2182,1124,0,-4,27
709,101.24,32580,397.71,397.44,-0.27,-24.0,-22.5,7.8,0.0,-9.3,-0.0,2095,1035,0,0,23
710,101.33,32575,397.64,397.41,-0.23,-21.7,-19.4,7.8,0.0,-10.1,-0.0,2032,968,0,2,21
711,101.51,32569,397.57,397.37,-0.21,-19.7,-17.4,7.8,0.0,-10.1,-0.0,1957,894,0,4,19
712,101.67,32559,397.45,397.33,-0.12,-11.8,-10.2,7.8,0.0,-9.4,-0.0,1832,762,0,4,11
713,101.77,32557,397.42,397.30,-0.12,-12.5,-10.2,7.8,0.0,-10.1,-0.0,1807,736,0,5,11
714,101.94,32551,397.35,397.26,-0.09,-8.6,-7.2,7.8,0.0,-9.2,-0.0,1732,667,0,4,7
715,102.10,32543,397.25,397.22,-0.04,-4.7,-3.1,7.8,0.0,-9.4,-0.0,1632,565,0,3,3
716,102.19,32540,397.22,397.19,-0.02,-4.4,-2.0,7.8,0.0,-10.2,-0.0,1595,525,0,3,3
717,102.35,32533,397.13,397.15,0.02,1.0,2.0,7.8,0.0,-8.8,-0.0,1507,2495,0,-1,-1
718,102.51,32529,397.08,397.11,0.02,0.9,2.0,7.8,0.0,-9.0,-0.0,1457,2443,0,-1,0
719,102.69,32522,397.00,397.07,0.07,4.8,6.1,7.8,0.0,-9.2,-0.0,1370,2357,0,-4,-2
720,102.77,32522,397.00,397.05,0.05,1.7,4.1,7.8,0.0,-10.2,-0.0,1370,2360,0,-1,-1
721,102.94,32519,396.96,397.00,0.04,1.9,3.1,7.8,0.0,-9.0,-0.0,1332,2330,0,-2,-1
722,103.12,32511,396.86,396.96,0.10,6.2,8.2,7.8,0.0,-9.8,-0.0,1232,2224,0,-6,-2
723,103.21,32508,396.83,396.93,0.11,6.8,9.2,7.8,0.0,-10.3,-0.0,1195,2186,0,-6,-1
724,103.37,32502,396.75,396.89,0.13,9.9,11.2,7.8,0.0,-9.2,-0.0,1120,2115,0,-10,-1
725,103.54,32496,396.68,396.85,0.17,12.3,14.3,7.8,0.0,-9.9,-0.0,1045,2029,0,-12,0
726,103.62,32495,396.67,396.83,0.16,11.7,13.3,7.8,0.0,-9.4,-0.0,1032,2021,0,-11,0
727,103.78,32493,396.64,396.79,0.15,11.2,12.3,7.8,0.0,-8.9,-0.0,1007,2005,0,-11,1
728,103.95,32487,396.57,396.74,0.17,12.6,14.3,7.9,0.0,-9.6,-0.0,932,1929,0,-12,2
729,104.04,32485,396.55,396.72,0.17,12.0,14.3,7.9,0.0,-10.2,-0.0,907,1904,0,-11,3
730,104.21,32482,396.51,396.67,0.16,12.0,13.3,7.9,-0.0,-9.1,-0.0,870,1874,0,-11,3
731,104.39,32475,396.42,396.63,0.21,15.5,17.4,7.9,0.0,-9.8,-0.0,782,1776,0,-14,6
732,104.48,32473,396.40,396.60,0.21,15.0,17.4,7.9,0.0,-10.2,-0.0,757,1750,0,-13,6
733,104.65,32472,396.39,396.56,0.17,12.6,14.3,7.9,0.0,-9.6,-0.0,745,1747,0,-11,5
734,104.81,32468,396.34,396.52,0.18,13.1,15.3,7.9,0.0,-10.1,-0.0,695,1697,0,-11,7
735,104.90,32468,396.34,396.49,0.16,11.1,13.3,7.9,0.0,-10.1,-0.0,695,1697,0,-9,5
736,105.07,32464,396.29,396.45,0.16,11.4,13.3,7.9,-0.0,-9.8,-0.0,645,1652,0,-9,6
737,105.23,32462,396.26,396.41,0.15,11.0,12.3,7.9,-0.0,-9.2,-0.0,620,1628,0,-8,6
738,105.40,32460,396.24,396.36,0.12,8.9,10.2,7.9,-0.0,-9.2,-0.0,595,1605,0,-7,5
739,105.49,32458,396.22,396.34,0.12,7.2,10.2,7.9,-0.0,-11.0,-0.0,570,1577,0,-5,5
740,105.66,32456,396.19,396.29,0.10,6.1,8.2,7.9,-0.0,-10.1,-0.0,545,1555,0,-4,4
741,105.83,32454,396.17,396.25,0.09,5.6,7.2,7.9,-0.0,-9.4,-0.0,520,1533,0,-4,4
742,105.91,32453,396.15,396.23,0.07,5.2,6.1,7.9,-0.0,-8.8,-0.0,507,1519,0,-3,4
743,106.07,32450,396.12,396.18,0.06,3.7,5.1,7.9,-0.0,-9.3,-0.0,470,1480,0,-2,3
744,106.25,32450,396.12,396.14,0.02,0.7,2.0,7.9,-0.0,-9.3,-0.0,470,1482,0,0,0
745,106.40,32450,396.12,396.10,-0.02,-3.9,-2.0,7.9,-0.0,-9.8,-0.0,470,3536,0,2,-3
746,106.49,32448,396.09,396.07,-0.02,-4.7,-2.0,7.9,-0.0,-10.6,-0.0,445,3507,0,3,-4
747,106.66,32444,396.04,396.03,-0.01,-2.5,-1.0,7.9,-0.0,-9.4,-0.0,395,3454,0,1,-2
748,106.83,32440,396.00,395.98,-0.01,-3.1,-1.0,7.9,-0.0,-10.0,-0.0,345,3402,0,1,-3
749,106.91,32440,396.00,395.96,-0.04,-4.7,-3.1,7.9,-0.0,-9.5,-0.0,345,3402,0,2,-4
750,107.09,32440,396.00,395.91,-0.09,-9.3,-7.2,7.9,-0.0,-10.0,-0.0,345,3402,0,4,-8
751,107.26,32438,395.97,395.87,-0.10,-10.0,-8.2,7.9,-0.0,-9.7,-0.0,320,3380,0,4,-9
752,107.35,32438,395.97,395.84,-0.12,-13.5,-10.2,7.9,-0.0,-11.2,-0.0,320,3382,0,6,-12
753,107.52,32438,395.97,395.80,-0.17,-16.3,-14.3,7.9,-0.0,-9.9,-0.0,320,3389,0,7,-14
754,107.68,32439,395.98,395.75,-0.23,-21.1,-19.4,7.9,-0.0,-9.6,-0.0,332,3403,0,10,-18
755,107.77,32437,395.96,395.73,-0.23,-22.1,-19.4,7.9,-0.0,-10.6,-0.0,307,3374,0,10,-19
756,107.94,32434,395.92,395.68,-0.24,-22.2,-20.5,7.9,-0.0,-9.6,-0.0,270,3336,0,8,-20
757,108.12,32433,395.91,395.64,-0.27,-25.1,-22.5,7.9,-0.0,-10.4,-0.0,257,3321,0,9,-23
758,108.20,32433,395.91,395.61,-0.29,-27.0,-24.5,7.9,-0.0,-10.3,-0.0,257,3321,0,10,-24
759,108.37,32432,395.90,395.57,-0.33,-29.8,-27.6,7.9,-0.0,-10.0,-0.0,245,3307,0,10,-27
760,108.54,32431,395.89,395.52,-0.37,-32.5,-30.7,7.8,-0.0,-9.7,-0.0,232,3300,0,11,-30
761,108.63,32428,395.85,395.50,-0.35,-32.5,-29.7,7.8,-0.0,-10.7,-0.0,195,3258,0,9,-30
762,108.80,32424,395.80,395.45,-0.35,-32.5,-29.7,7.8,-0.0,-10.7,-0.0,145,3203,0,6,-31
763,108.97,32425,395.81,395.41,-0.40,-36.0,-33.8,7.8,-0.0,-10.0,-0.0,157,3217,0,8,-34
764,109.06,32421,395.76,395.38,-0.38,-34.8,-31.7,7.8,-0.0,-10.9,-0.0,107,3162,0,5,-33
765,109.23,32420,395.75,395.34,-0.42,-36.6,-34.8,7.8,-0.0,-9.6,-0.0,95,3152,0,4,-35
766,109.39,32415,395.69,395.29,-0.40,-35.9,-33.8,7.8,-0.0,-9.9,-0.0,32,3091,0,1,-35
767,109.49,32413,395.67,395.27,-0.40,-36.9,-33.8,7.7,-0.0,-10.9,-0.0,7,3061,0,-1,-36
768,109.65,32409,395.62,395.22,-0.40,-36.0,-33.8,7.7,0.0,-9.9,-0.0,4053,3006,0,-4,-35
769,109.82,32406,395.58,395.17,-0.42,-37.3,-34.8,7.7,-0.0,-10.3,-0.0,4016,2969,0,-6,-36
770,109.91,32406,395.58,395.15,-0.43,-38.7,-35.8,7.7,-0.0,-10.6,-0.0,4016,2970,0,-6,-37
771,110.08,32401,395.52,395.10,-0.42,-37.9,-34.8,7.7,-0.0,-10.8,-0.0,3953,2907,0,-9,-36
772,110.25,32394,395.43,395.05,-0.38,-34.2,-31.7,7.7,0.0,-10.2,-0.0,3866,2817,0,-13,-31
773,110.35,32392,395.41,395.03,-0.38,-35.7,-31.7,7.7,0.0,-11.6,-0.0,3841,2789,0,-15,-31
774,110.51,32388,395.36,394.98,-0.38,-33.9,-31.7,7.6,0.0,-9.9,-0.0,3791,2741,0,-16,-29
775,110.69,32385,395.32,394.93,-0.39,-35.3,-32.7,7.6,0.0,-10.2,-0.0,3753,2701,0,-18,-29
776,110.78,32380,395.26,394.91,-0.35,-33.8,-29.7,7.6,0.0,-11.7,-0.0,3691,2632,0,-20,-26
777,110.95,32371,395.15,394.86,-0.29,-27.0,-24.5,7.6,0.0,-10.1,-0.0,3578,2521,0,-20,-17
778,111.04,32370,395.14,394.84,-0.31,-29.2,-25.6,7.6,0.0,-11.2,-0.0,3566,2507,0,-22,-18
779,111.20,32366,395.09,394.79,-0.31,-28.1,-25.6,7.6,0.0,-10.1,-0.0,3516,2460,0,-22,-16
780,111.38,32361,395.03,394.74,-0.29,-27.9,-24.5,7.6,0.0,-10.9,-0.0,3453,2392,0,-23,-14
781,111.47,32357,394.98,394.72,-0.27,-26.2,-22.5,7.6,0.0,-11.3,-0.0,3403,2342,0,-23,-11
782,111.63,32350,394.90,394.67,-0.23,-22.0,-19.4,7.6,0.0,-10.1,-0.0,3316,2262,0,-20,-7
783,111.81,32343,394.81,394.62,-0.20,-19.3,-16.4,7.5,0.0,-10.5,-0.0,3228,2167,0,-18,-3
784,111.89,32341,394.79,394.60,-0.20,-19.6,-16.4,7.5,0.0,-10.8,-0.0,3203,2141,0,-19,-3
785,112.07,32334,394.70,394.55,-0.16,-16.8,-13.3,7.5,0.0,-11.0,-0.0,3116,2050,0,-16,0
786,112.24,32326,394.60,394.50,-0.10,-10.8,-8.2,7.5,0.0,-10.2,-0.0,3016,1953,0,-10,2
787,112.33,32324,394.58,394.47,-0.11,-13.7,-9.2,7.5,0.0,-12.0,-0.0,2991,1924,0,-13,3
788,112.50,32317,394.49,394.43,-0.07,-8.6,-6.1,7.5,0.0,-10.0,-0.0,2903,1842,0,-8,3
789,112.68,32309,394.40,394.38,-0.01,-3.7,-1.0,7.5,0.0,-10.2,-0.0,2803,1736,0,-3,2
790,112.77,32306,394.36,394.35,-0.01,-5.2,-1.0,7.5,0.0,-11.7,-0.0,2766,1696,0,-4,3
791,112.93,32302,394.31,394.31,0.00,-2.9,0.0,7.5,0.0,-10.4,-0.0,2716,1657,0,-2,2
792,113.10,32297,394.25,394.26,0.01,-0.9,1.0,7.5,0.0,-9.4,-0.0,2653,1598,0,-1,1
793,113.18,32294,394.21,394.24,0.02,-1.2,2.0,7.5,0.0,-10.8,-0.0,2616,1557,0,-1,1
794,113.35,32284,394.09,394.19,0.10,5.3,8.2,7.5,0.0,-10.4,-0.0,2491,3478,0,3,-4
795,113.52,32282,394.07,394.14,0.07,3.7,6.1,7.5,0.0,-10.0,-0.0,2466,3459,0,2,-3
796,113.61,32279,394.03,394.11,0.09,3.5,7.2,7.5,0.0,-11.1,-0.0,2428,3416,0,2,-3
797,113.77,32273,393.96,394.07,0.11,6.3,9.2,7.5,0.0,-10.5,-0.0,2353,3341,0,2,-6
798,113.93,32267,393.88,394.02,0.13,9.5,11.2,7.5,0.0,-9.3,-0.0,2278,3271,0,3,-9
799,114.11,32265,393.86,393.97,0.11,6.1,9.2,7.5,0.0,-10.7,-0.0,2253,3248,0,2,-6
800,114.19,32263,393.84,393.95,0.11,6.1,9.2,7.6,0.0,-10.7,-0.0,2228,3223,0,1,-6
801,114.36,32257,393.76,393.90,0.13,8.6,11.2,7.6,0.0,-10.2,-0.0,2153,3149,0,1,-8
802,114.53,32252,393.70,393.85,0.15,9.6,12.3,7.6,0.0,-10.2,-0.0,2091,3089,0,0,-9
803,114.61,32249,393.66,393.83,0.16,10.1,13.3,7.6,0.0,-10.7,-0.0,2053,3050,0,0,-10
804,114.78,32245,393.62,393.78,0.17,11.1,14.3,7.6,0.0,-10.8,-0.0,2003,2996,0,-1,-11
805,114.94,32241,393.57,393.73,0.17,11.5,14.3,7.6,0.0,-10.4,-0.0,1953,2953,0,-2,-11
806,115.03,32241,393.57,393.71,0.13,7.2,11.2,7.6,0.0,-11.6,-0.0,1953,2951,0,-1,-7
807,115.20,32236,393.51,393.66,0.16,10.8,13.3,7.6,0.0,-10.1,-0.0,1891,2892,0,-3,-10
808,115.38,32232,393.46,393.61,0.15,8.5,12.3,7.6,0.0,-11.3,-0.0,1841,2840,0,-3,-8
809,115.46,32230,393.43,393.59,0.16,10.8,13.3,7.6,-0.0,-10.1,-0.0,1816,2819,0,-4,-10
810,115.62,32226,393.38,393.54,0.16,10.8,13.3,7.6,-0.0,-10.1,-0.0,1766,2769,0,-5,-9
811,115.80,32220,393.31,393.49,0.17,11.1,14.3,7.6,0.0,-10.8,-0.0,1691,2686,0,-6,-9
812,115.89,32216,393.26,393.46,0.20,12.8,16.4,7.6,0.0,-11.2,-0.0,1641,2634,0,-8,-10
813,116.06,32216,393.26,393.41,0.15,8.7,12.3,7.6,0.0,-11.2,-0.0,1641,2640,0,-5,-7
814,116.23,32212,393.21,393.36,0.15,9.4,12.3,7.6,0.0,-10.5,-0.0,1591,2592,0,-6,-7
815,116.39,32210,393.19,393.32,0.12,6.8,10.2,7.6,-0.0,-11.1,-0.0,1566,2568,0,-5,-5
816,116.48,32211,393.20,393.29,0.09,3.2,7.2,7.6,-0.0,-11.6,-0.0,1578,2588,0,-2,-2
817,116.65,32211,393.20,393.24,0.04,0.3,3.1,7.6,-0.0,-10.4,-0.0,1578,2595,0,0,0
818,116.80,32207,393.15,393.19,0.04,0.1,3.1,7.6,-0.0,-10.6,-0.0,1528,2541,0,0,0
819,116.88,32205,393.13,393.17,0.05,1.5,4.1,7.6,-0.0,-10.2,-0.0,1503,2517,0,-1,-1
820,117.06,32200,393.07,393.12,0.05,0.6,4.1,7.6,-0.0,-11.1,-0.0,1441,2449,0,0,0
821,117.22,32197,393.03,393.07,0.04,0.3,3.1,7.6,-0.0,-10.5,-0.0,1403,2405,0,0,0
822,117.38,32197,393.03,393.03,0.00,-3.0,0.0,7.6,-0.0,-10.6,-0.0,1403,359,0,2,2
823,117.47,32196,393.02,393.00,-0.01,-4.6,-1.0,7.6,-0.0,-11.2,-0.0,1391,350,0,4,2
824,117.63,32197,393.03,392.95,-0.07,-9.0,-6.1,7.6,-0.0,-10.5,-0.0,1403,370,0,7,5
825,117.81,32196,393.02,392.90,-0.12,-13.8,-10.2,7.6,-0.0,-11.2,-0.0,1391,362,0,11,7
826,117.88,32194,392.99,392.88,-0.11,-11.4,-9.2,7.6,-0.0,-9.8,-0.0,1366,338,0,10,5
827,118.05,32194,392.99,392.83,-0.17,-18.1,-14.3,7.6,-0.0,-11.4,-0.0,1366,337,0,15,9
828,118.22,32193,392.98,392.78,-0.21,-20.7,-17.4,7.6,-0.0,-10.9,-0.0,1353,324,0,18,10
829,118.31,32193,392.98,392.75,-0.23,-24.1,-19.4,7.6,-0.0,-12.3,-0.0,1353,322,0,21,11
830,118.48,32192,392.97,392.70,-0.27,-25.6,-22.5,7.6,-0.0,-10.7,-0.0,1341,311,0,22,11
831,118.65,32190,392.94,392.65,-0.29,-28.4,-24.5,7.6,-0.0,-11.5,-0.0,1316,286,0,25,12
832,118.75,32188,392.92,392.62,-0.29,-29.0,-24.5,7.6,-0.0,-12.0,-0.0,1291,257,0,26,11
833,118.91,32188,392.92,392.57,-0.34,-32.0,-28.6,7.6,-0.0,-11.0,-0.0,1291,260,0,29,12
834,119.08,32185,392.88,392.52,-0.37,-33.8,-30.7,7.6,-0.0,-10.6,-0.0,1253,219,0,31,11
835,119.17,32185,392.88,392.50,-0.39,-37.1,-32.7,7.5,-0.0,-11.9,-0.0,1253,218,0,34,12
836,119.35,32183,392.86,392.44,-0.42,-39.5,-34.8,7.5,-0.0,-12.2,-0.0,1228,193,0,37,11
837,119.52,32182,392.85,392.39,-0.45,-41.5,-37.8,7.5,-0.0,-11.2,-0.0,1216,185,0,39,11
838,119.61,32180,392.82,392.37,-0.45,-42.4,-37.8,7.5,-0.0,-12.1,-0.0,1191,154,0,40,10
839,119.78,32176,392.77,392.31,-0.46,-42.2,-38.9,7.5,-0.0,-10.9,-0.0,1141,104,0,40,7
840,119.95,32173,392.74,392.27,-0.48,-42.9,-39.9,7.5,-0.0,-10.5,-0.0,1103,65,0,41,4
841,120.03,32172,392.72,392.24,-0.49,-46.0,-40.9,7.4,-0.0,-12.5,-0.0,1091,49,0,44,3
842,120.20,32170,392.70,392.19,-0.51,-46.8,-43.0,7.4,-0.0,-11.3,-0.0,1066,24,0,45,2
843,120.38,32164,392.63,392.14,-0.49,-44.1,-40.9,7.4,-0.0,-10.6,-0.0,991,4043,0,43,-3
844,120.47,32162,392.60,392.11,-0.50,-46.5,-41.9,7.4,-0.0,-12.0,-0.0,966,4016,0,45,-6
845,120.64,32158,392.55,392.06,-0.50,-46.2,-41.9,7.4,-0.0,-11.7,-0.0,916,3965,0,44,-9
846,120.81,32153,392.49,392.01,-0.49,-44.2,-40.9,7.4,0.0,-10.6,-0.0,853,3898,0,41,-13
847,120.89,32151,392.47,391.98,-0.49,-45.6,-40.9,7.3,0.0,-12.0,-0.0,828,3870,0,42,-15
848,121.07,32144,392.38,391.93,-0.45,-42.0,-37.8,7.3,0.0,-11.5,-0.0,741,3783,0,36,-19
849,121.25,32133,392.25,391.87,-0.38,-35.2,-31.7,7.3,0.0,-10.8,-0.0,603,3634,0,26,-22
850,121.34,32132,392.24,391.84,-0.39,-39.0,-32.7,7.3,0.0,-13.5,-0.0,591,3618,0,28,-25
851,121.51,32129,392.20,391.79,-0.40,-37.5,-33.8,7.3,0.0,-11.0,-0.0,553,3591,0,26,-25
852,121.60,32124,392.14,391.77,-0.38,-36.7,-31.7,7.3,0.0,-12.3,-0.0,491,3520,0,23,-28
853,121.77,32115,392.03,391.71,-0.32,-30.2,-26.6,7.3,0.0,-10.9,-0.0,378,3409,0,14,-25
854,121.94,32111,391.98,391.66,-0.32,-30.2,-26.6,7.2,0.0,-10.9,-0.0,328,3369,0,13,-26
855,122.03,32106,391.92,391.64,-0.28,-28.8,-23.5,7.2,0.0,-12.5,-0.0,266,3295,0,9,-26
856,122.19,32099,391.83,391.58,-0.24,-24.5,-20.5,7.2,0.0,-11.3,-0.0,178,3206,0,5,-23
857,122.37,32092,391.75,391.53,-0.22,-22.1,-18.4,7.2,0.0,-10.9,-0.0,91,3123,0,2,-21
858,122.45,32087,391.69,391.50,-0.18,-19.8,-15.3,7.2,0.0,-11.6,-0.0,28,3058,0,0,-19
859,122.62,32077,391.56,391.45,-0.11,-13.1,-9.2,7.2,0.0,-11.1,-0.0,3999,2926,0,-3,-12
860,122.79,32073,391.52,391.40,-0.11,-12.8,-9.2,7.2,0.0,-10.8,-0.0,3949,2885,0,-4,-12
861,122.88,32069,391.47,391.37,-0.10,-13.0,-8.2,7.2,0.0,-12.1,-0.0,3899,2828,0,-5,-12
862,123.05,32059,391.35,391.32,-0.02,-6.2,-2.0,7.2,0.0,-11.3,-0.0,3774,2701,0,-3,-5
863,123.22,32051,391.25,391.27,0.02,-1.7,2.0,7.2,0.0,-11.0,-0.0,3674,2607,0,-1,-1
864,123.38,32049,391.22,391.22,0.00,-4.5,0.0,7.2,0.0,-11.7,-0.0,3649,2585,0,-3,-3
865,123.47,32044,391.16,391.19,0.04,-1.5,3.1,7.2,0.0,-11.8,-0.0,3587,2518,0,-1,-1
866,123.64,32038,391.09,391.14,0.05,-0.1,4.1,7.2,0.0,-11.4,-0.0,3512,2450,0,0,0
867,123.73,32031,391.00,391.11,0.11,3.9,9.2,7.2,0.0,-12.5,-0.0,3424,306,0,3,2
868,123.90,32024,390.92,391.06,0.15,8.6,12.3,7.2,0.0,-10.9,-0.0,3337,227,0,8,3
869,124.07,32015,390.81,391.01,0.20,12.5,16.4,7.2,0.0,-11.1,-0.0,3224,104,0,12,2
870,124.24,32013,390.78,390.95,0.17,9.5,14.3,7.2,0.0,-12.0,-0.0,3199,82,0,9,1
871,124.33,32011,390.76,390.93,0.17,9.4,14.3,7.2,0.0,-12.2,-0.0,3174,60,0,9,1
872,124.49,32004,390.67,390.88,0.21,13.1,17.4,7.2,0.0,-11.5,-0.0,3087,4077,0,13,0
873,124.66,31999,390.61,390.82,0.21,12.4,17.4,7.2,0.0,-12.2,-0.0,3024,4018,0,12,-1
874,124.74,31996,390.58,390.80,0.22,14.7,18.4,7.2,0.0,-10.9,-0.0,2987,3984,0,14,-2
875,124.91,31991,390.52,390.75,0.23,15.7,19.4,7.3,0.0,-11.0,-0.0,2924,3916,0,15,-4
876,125.08,31986,390.45,390.69,0.24,16.6,20.5,7.3,0.0,-11.2,-0.0,2862,3855,0,15,-6
877,125.16,31984,390.43,390.67,0.23,14.8,19.4,7.3,0.0,-11.9,-0.0,2837,3830,0,13,-6
878,125.34,31978,390.36,390.61,0.26,16.1,21.5,7.3,0.0,-12.7,-0.0,2762,3752,0,13,-8
879,125.51,31973,390.30,390.56,0.27,18.4,22.5,7.3,0.0,-11.4,-0.0,2699,3691,0,15,-10
880,125.60,31972,390.28,390.53,0.24,15.1,20.5,7.3,0.0,-12.7,-0.0,2687,3681,0,12,-9
881,125.77,31967,390.22,390.48,0.26,17.4,21.5,7.3,0.0,-11.4,-0.0,2624,3621,0,13,-11
882,125.94,31962,390.16,390.42,0.26,17.8,21.5,7.3,0.0,-11.0,-0.0,2562,3561,0,12,-13
883,126.03,31960,390.14,390.40,0.26,16.2,21.5,7.3,0.0,-12.6,-0.0,2537,3532,0,10,-12
884,126.19,31960,390.14,390.34,0.21,13.1,17.4,7.3,-0.0,-11.6,-0.0,2537,3542,0,8,-10
885,126.37,31955,390.08,390.29,0.21,13.7,17.4,7.3,-0.0,-11.1,-0.0,2474,3478,0,8,-11
886,126.45,31954,390.06,390.26,0.20,11.7,16.4,7.4,-0.0,-12.0,-0.0,2462,3466,0,6,-9
887,126.62,31951,390.03,390.21,0.18,12.2,15.3,7.4,-0.0,-10.5,-0.0,2424,3433,0,6,-10
888,126.78,31948,389.99,390.16,0.17,10.6,14.3,7.4,-0.0,-11.1,-0.0,2387,3394,0,5,-9
889,126.87,31945,389.95,390.13,0.17,9.2,14.3,7.4,-0.0,-12.4,-0.0,2349,3349,0,4,-8
890,127.05,31943,389.93,390.07,0.15,7.9,12.3,7.4,-0.0,-11.7,-0.0,2324,3330,0,3,-7
891,127.22,31942,389.92,390.02,0.10,3.8,8.2,7.4,-0.0,-11.7,-0.0,2312,3321,0,1,-3
892,127.31,31940,389.89,389.99,0.10,1.8,8.2,7.4,-0.0,-13.8,-0.0,2287,3292,0,1,-2
893,127.48,31936,389.84,389.93,0.09,3.0,7.2,7.4,-0.0,-11.6,-0.0,2237,3244,0,1,-3
894,127.65,31934,389.82,389.88,0.06,0.7,5.1,7.4,-0.0,-11.8,-0.0,2212,3220,0,0,-1
895,127.74,31928,389.75,389.85,0.11,4.3,9.2,7.4,-0.0,-12.3,-0.0,2137,3138,0,0,-4
896,127.91,31930,389.77,389.80,0.02,-2.0,2.0,7.4,-0.0,-11.4,-0.0,2162,1121,0,0,2
897,128.08,31926,389.72,389.74,0.02,-1.8,2.0,7.4,-0.0,-11.2,-0.0,2112,1072,0,0,2
898,128.17,31925,389.71,389.71,0.00,-5.4,0.0,7.4,-0.0,-12.8,-0.0,2099,1058,0,0,5
899,128.34,31923,389.69,389.66,-0.02,-6.7,-2.0,7.4,-0.0,-12.0,-0.0,2074,1034,0,0,6
900,128.51,31922,389.67,389.61,-0.07,-10.6,-6.1,7.4,-0.0,-11.8,-0.0,2062,1029,0,0,10
901,128.59,31922,389.67,389.58,-0.10,-13.2,-8.2,7.4,-0.0,-12.4,-0.0,2062,1026,0,0,13
902,128.76,31917,389.61,389.52,-0.09,-11.1,-7.2,7.4,-0.0,-11.3,-0.0,1999,962,0,1,11
903,128.93,31919,389.64,389.47,-0.17,-19.2,-14.3,7.4,-0.0,-12.3,-0.0,2024,991,0,1,19
904,129.02,31919,389.64,389.44,-0.20,-21.5,-16.4,7.4,-0.0,-12.5,-0.0,2024,994,0,1,21
905,129.19,31919,389.64,389.39,-0.26,-26.2,-21.5,7.4,-0.0,-12.1,-0.0,2024,995,0,1,25
906,129.36,31917,389.61,389.33,-0.28,-28.5,-23.5,7.4,-0.0,-12.3,-0.0,1999,975,0,2,28
907,129.45,31915,389.59,389.30,-0.28,-28.3,-23.5,7.3,-0.0,-12.1,-0.0,1974,947,0,3,27
908,129.62,31911,389.54,389.25,-0.29,-29.2,-24.5,7.3,-0.0,-11.9,-0.0,1924,888,0,6,28
909,129.79,31908,389.50,389.19,-0.31,-30.0,-25.6,7.3,-0.0,-11.8,-0.0,1887,847,0,8,28
910,129.88,31906,389.48,389.16,-0.32,-32.2,-26.6,7.3,-0.0,-12.9,-0.0,1862,817,0,10,30
911,130.05,31903,389.44,389.11,-0.33,-31.7,-27.6,7.3,-0.0,-11.4,-0.0,1824,780,0,11,29
912,130.23,31902,389.43,389.05,-0.38,-36.8,-31.7,7.3,-0.0,-12.4,-0.0,1812,771,0,13,33
913,130.30,31901,389.42,389.03,-0.39,-36.7,-32.7,7.3,-0.0,-11.2,-0.0,1799,761,0,14,33
914,130.47,31897,389.37,388.97,-0.40,-38.5,-33.8,7.3,-0.0,-12.0,-0.0,1749,709,0,17,33
915,130.64,31894,389.33,388.91,-0.42,-40.2,-34.8,7.2,-0.0,-12.6,-0.0,1712,674,0,20,33
916,130.73,31891,389.29,388.89,-0.40,-39.0,-33.8,7.2,-0.0,-12.4,-0.0,1674,632,0,21,31
917,130.90,31886,389.23,388.83,-0.40,-38.8,-33.8,7.2,-0.0,-12.3,-0.0,1612,564,0,24,29
918,131.07,31884,389.21,388.78,-0.44,-41.3,-36.8,7.2,-0.0,-11.7,-0.0,1587,541,0,27,30
919,131.15,31882,389.18,388.75,-0.44,-42.1,-36.8,7.2,-0.0,-12.5,-0.0,1562,515,0,29,29
920,131.33,31877,389.12,388.69,-0.44,-42.3,-36.8,7.2,-0.0,-12.7,-0.0,1499,449,0,32,26
921,131.50,31871,389.05,388.63,-0.42,-39.3,-34.8,7.2,-0.0,-11.7,-0.0,1424,376,0,32,21
922,131.59,31870,389.04,388.60,-0.44,-43.0,-36.8,7.1,-0.0,-13.3,-0.0,1412,362,0,35,22
923,131.76,31866,388.99,388.55,-0.44,-41.7,-36.8,7.1,0.0,-11.9,-0.0,1362,312,0,36,19
924,131.92,31858,388.89,388.49,-0.40,-38.0,-33.8,7.1,0.0,-11.4,-0.0,1262,207,0,35,11
925,132.01,31855,388.85,388.46,-0.39,-38.8,-32.7,7.1,0.0,-13.1,-0.0,1224,165,0,36,9
926,132.17,31847,388.76,388.41,-0.34,-32.9,-28.6,7.1,0.0,-11.4,-0.0,1124,66,0,32,3
927,132.35,31842,388.70,388.35,-0.34,-34.6,-28.6,7.1,0.0,-13.0,-0.0,1062,4089,0,33,0
928,132.43,31836,388.62,388.33,-0.29,-30.3,-24.5,7.1,0.0,-12.8,-0.0,987,4012,0,29,-4
929,132.61,31831,388.56,388.27,-0.29,-30.5,-24.5,7.1,0.0,-13.0,-0.0,924,3954,0,29,-6
930,132.77,31824,388.48,388.21,-0.27,-27.3,-22.5,7.0,0.0,-11.8,-0.0,837,3870,0,25,-9
931,132.94,31818,388.40,388.16,-0.24,-26.1,-20.5,7.0,0.0,-12.6,-0.0,762,3794,0,23,-11
932,133.03,31811,388.32,388.13,-0.20,-22.6,-16.4,7.0,0.0,-13.2,-0.0,674,3697,0,18,-13
933,133.20,31805,388.24,388.07,-0.17,-19.6,-14.3,7.0,0.0,-12.3,-0.0,599,3629,0,14,-12
934,133.37,31798,388.16,388.01,-0.15,-17.8,-12.3,7.0,0.0,-12.5,-0.0,512,3536,0,11,-13
935,133.46,31794,388.11,387.99,-0.12,-15.9,-10.2,7.0,0.0,-12.7,-0.0,462,3488,0,9,-12
936,133.63,31789,388.05,387.93,-0.12,-15.5,-10.2,7.0,0.0,-12.3,-0.0,399,3428,0,8,-13
937,133.72,31785,388.00,387.90,-0.10,-14.7,-8.2,7.0,0.0,-13.5,-0.0,349,3379,0,6,-13
938,133.89,31775,387.88,387.84,-0.04,-8.0,-3.1,7.0,0.0,-11.9,-0.0,224,3253,0,2,-7
939,134.06,31768,387.79,387.78,-0.01,-5.8,-1.0,7.0,0.0,-11.8,-0.0,137,3167,0,1,-6
940,134.14,31767,387.78,387.75,-0.02,-8.2,-2.0,7.0,0.0,-13.2,-0.0,124,3154,0,1,-8
941,134.32,31759,387.68,387.70,0.01,-4.4,1.0,7.0,0.0,-12.4,-0.0,24,3052,0,0,-4
942,134.48,31752,387.60,387.64,0.05,-0.7,4.1,7.0,0.0,-11.8,-0.0,4033,2969,0,0,-1
943,134.65,31744,387.50,387.59,0.09,2.4,7.2,7.0,0.0,-11.8,-0.0,3933,824,0,1,2
944,134.73,31740,387.45,387.56,0.11,3.4,9.2,7.0,0.0,-12.8,-0.0,3883,768,0,1,3
945,134.91,31732,387.35,387.50,0.15,6.7,12.3,7.0,0.0,-12.6,-0.0,3783,665,0,3,5
946,135.07,31731,387.34,387.44,0.10,3.2,8.2,7.0,0.0,-12.0,-0.0,3770,664,0,2,3
947,135.16,31731,387.34,387.41,0.07,0.1,6.1,7.0,0.0,-13.1,-0.0,3770,665,0,0,0
948,135.33,31721,387.22,387.36,0.13,5.2,11.2,7.0,0.0,-13.1,-0.0,3645,537,0,3,4
949,135.49,31714,387.13,387.30,0.17,9.1,14.3,7.0,0.0,-12.3,-0.0,3558,454,0,7,6
950,135.59,31710,387.08,387.27,0.18,8.7,15.3,7.0,0.0,-13.7,-0.0,3508,400,0,7,5
951,135.75,31705,387.02,387.21,0.18,10.7,15.3,7.0,0.0,-11.7,-0.0,3445,337,0,9,5
952,135.93,31700,386.96,387.15,0.20,10.3,16.4,7.1,0.0,-13.1,-0.0,3383,276,0,9,4
953,136.01,31698,386.94,387.12,0.18,9.5,15.3,7.1,0.0,-12.9,-0.0,3358,251,0,8,3
954,136.18,31694,386.89,387.07,0.17,8.4,14.3,7.1,0.0,-13.0,-0.0,3308,206,0,8,3
955,136.36,31689,386.83,387.01,0.18,10.2,15.3,7.1,0.0,-12.2,-0.0,3245,146,0,10,2
956,136.45,31687,386.80,386.98,0.17,8.0,14.3,7.1,-0.0,-13.4,-0.0,3220,120,0,8,1
957,136.62,31681,386.73,386.92,0.18,9.4,15.3,7.1,-0.0,-13.0,-0.0,3145,44,0,9,1
958,136.78,31678,386.69,386.86,0.17,9.2,14.3,7.1,0.0,-12.2,-0.0,3108,9,0,9,0
959,136.86,31675,386.66,386.83,0.17,8.6,14.3,7.1,0.0,-12.8,-0.0,3070,4065,0,8,0
960,137.03,31670,386.60,386.78,0.18,10.2,15.3,7.1,0.0,-12.2,-0.0,3008,4005,0,10,-1
961,137.20,31667,386.56,386.72,0.16,8.4,13.3,7.1,-0.0,-12.0,-0.0,2970,3969,0,8,-2
962,137.29,31665,386.54,386.69,0.16,6.7,13.3,7.1,-0.0,-13.7,-0.0,2945,3943,0,6,-2
963,137.45,31656,386.43,386.63,0.21,12.5,17.4,7.1,0.0,-12.1,-0.0,2833,3826,0,11,-5
964,137.62,31656,386.43,386.57,0.15,6.7,12.3,7.1,-0.0,-12.7,-0.0,2833,3831,0,6,-3
965,137.71,31656,386.43,386.54,0.11,2.4,9.2,7.1,-0.0,-13.9,-0.0,2833,3834,0,2,-1
966,137.89,31655,386.41,386.48,0.07,-0.1,6.1,7.1,-0.0,-13.3,-0.0,2820,1778,0,0,0
967,138.06,31650,386.35,386.42,0.07,1.2,6.1,7.1,-0.0,-12.1,-0.0,2758,3765,0,1,-1
968,138.15,31647,386.32,386.39,0.07,-0.3,6.1,7.1,-0.0,-13.6,-0.0,2720,1682,0,0,0
969,138.32,31644,386.28,386.33,0.05,-1.5,4.1,7.1,-0.0,-12.8,-0.0,2683,1642,0,-1,1
970,138.49,31642,386.25,386.28,0.02,-3.2,2.0,7.1,-0.0,-12.4,-0.0,2658,1615,0,-2,2
971,138.57,31639,386.22,386.25,0.02,-3.6,2.0,7.1,-0.0,-12.8,-0.0,2620,1572,0,-3,2
972,138.74,31636,386.18,386.19,0.01,-4.0,1.0,7.1,-0.0,-12.2,-0.0,2583,1539,0,-3,3
973,138.91,31637,386.19,386.13,-0.06,-11.2,-5.1,7.1,-0.0,-13.2,-0.0,2595,1559,0,-8,7
974,139.00,31635,386.17,386.10,-0.07,-12.4,-6.1,7.1,-0.0,-13.4,-0.0,2570,1532,0,-8,9
975,139.16,31632,386.13,386.04,-0.10,-13.9,-8.2,7.1,-0.0,-12.8,-0.0,2533,1494,0,-9,10
976,139.34,31630,386.11,385.98,-0.13,-17.2,-11.2,7.1,-0.0,-13.0,-0.0,2508,1475,0,-11,13
977,139.42,31628,386.08,385.95,-0.13,-17.8,-11.2,7.1,-0.0,-13.7,-0.0,2483,1447,0,-10,14
978,139.59,31627,386.07,385.89,-0.18,-21.1,-15.3,7.1,-0.0,-12.9,-0.0,2470,1431,0,-12,17
979,139.77,31623,386.02,385.83,-0.20,-21.7,-16.4,7.1,-0.0,-12.5,-0.0,2420,1383,0,-11,18
980,139.85,31623,386.02,385.80,-0.22,-24.8,-18.4,7.1,-0.0,-13.5,-0.0,2420,1382,0,-13,21
981,140.02,31618,385.96,385.74,-0.22,-23.6,-18.4,7.1,-0.0,-12.3,-0.0,2358,1317,0,-10,21
982,140.20,31616,385.94,385.68,-0.26,-27.7,-21.5,7.1,-0.0,-13.3,-0.0,2333,1292,0,-11,25
983,140.28,31614,385.91,385.65,-0.27,-29.0,-22.5,7.1,-0.0,-13.6,-0.0,2308,1264,0,-10,26
984,140.45,31609,385.85,385.59,-0.27,-28.4,-22.5,7.1,-0.0,-12.9,-0.0,2245,1201,0,-7,26
985,140.63,31607,385.83,385.53,-0.31,-31.5,-25.6,7.1,-0.0,-13.0,-0.0,2220,1178,0,-7,30
986,140.71,31607,385.83,385.50,-0.33,-34.0,-27.6,7.0,-0.0,-13.4,-0.0,2220,1179,0,-8,32
987,140.88,31606,385.82,385.44,-0.38,-37.9,-31.7,7.0,-0.0,-13.2,-0.0,2208,1169,0,-8,36
988,141.05,31597,385.71,385.38,-0.33,-33.2,-27.6,7.0,-0.0,-12.6,-0.0,2095,1051,0,-1,32
989,141.14,31594,385.67,385.35,-0.32,-33.2,-26.6,7.0,-0.0,-13.6,-0.0,2058,1011,0,1,32
990,141.31,31594,385.67,385.29,-0.38,-38.4,-31.7,7.0,-0.0,-13.7,-0.0,2058,1014,0,1,37
991,141.48,31588,385.60,385.23,-0.37,-36.5,-30.7,7.0,0.0,-12.8,-0.0,1983,931,0,5,35
992,141.57,31584,385.55,385.20,-0.35,-37.0,-29.7,7.0,0.0,-14.3,-0.0,1933,874,0,8,35
993,141.74,31579,385.49,385.13,-0.35,-35.6,-29.7,7.0,-0.0,-12.9,-0.0,1870,820,0,11,33
994,141.91,31575,385.44,385.07,-0.37,-37.7,-30.7,6.9,-0.0,-13.9,-0.0,1820,766,0,14,34
995,142.00,31571,385.39,385.04,-0.34,-35.2,-28.6,6.9,0.0,-13.5,-0.0,1770,711,0,16,30
996,142.17,31568,385.35,384.98,-0.37,-37.3,-30.7,6.9,0.0,-13.5,-0.0,1733,679,0,18,31
997,142.33,31565,385.31,384.93,-0.39,-38.7,-32.7,6.9,-0.0,-12.9,-0.0,1695,649,0,20,31
998,142.50,31554,385.18,384.87,-0.32,-32.4,-26.6,6.9,0.0,-12.7,-0.0,1558,499,0,23,22
999,142.59,31551,385.14,384.83,-0.31,-33.5,-25.6,6.9,0.0,-14.8,-0.0,1520,456,0,25,21
1000,142.76,31546,385.08,384.77,-0.31,-31.6,-25.6,6.9,0.0,-12.9,-0.0,1458,400,0,25,18
1001,142.85,31541,385.02,384.74,-0.28,-31.1,-23.5,6.9,0.0,-14.4,-0.0,1395,327,0,26,14
1002,143.01,31535,384.95,384.68,-0.27,-28.4,-22.5,6.9,0.0,-12.8,-0.0,1320,253,0,25,10
1003,143.18,31527,384.85,384.62,-0.23,-25.2,-19.4,6.8,0.0,-12.6,-0.0,1220,158,0,24,6
1004,143.35,31522,384.79,384.56,-0.23,-25.4,-19.4,6.8,0.0,-12.8,-0.0,1158,94,0,24,4
1005,143.44,31518,384.74,384.53,-0.21,-24.4,-17.4,6.8,0.0,-13.9,-0.0,1108,41,0,24,1
1006,143.61,31511,384.66,384.47,-0.18,-22.0,-15.3,6.8,0.0,-13.5,-0.0,1020,4051,0,21,-1
1007,143.78,31502,384.55,384.41,-0.13,-17.0,-11.2,6.8,0.0,-12.6,-0.0,908,3939,0,16,-4
1008,143.87,31498,384.50,384.38,-0.12,-17.8,-10.2,6.8,0.0,-14.3,-0.0,858,3884,0,16,-5
1009,144.04,31494,384.45,384.31,-0.13,-17.1,-11.2,6.8,0.0,-12.6,-0.0,808,3841,0,15,-6
1010,144.21,31486,384.35,384.25,-0.10,-14.9,-8.2,6.8,0.0,-13.5,-0.0,708,3736,0,12,-8
1011,144.30,31483,384.31,384.22,-0.10,-15.3,-8.2,6.8,0.0,-13.9,-0.0,670,3699,0,12,-8
1012,144.47,31474,384.20,384.16,-0.05,-11.0,-4.1,6.8,0.0,-13.7,-0.0,558,3587,0,8,-8
1013,144.63,31468,384.13,384.10,-0.04,-9.6,-3.1,6.8,0.0,-13.3,-0.0,483,3510,0,6,-7
1014,144.72,31464,384.08,384.07,-0.01,-7.8,-1.0,6.8,0.0,-13.6,-0.0,433,3460,0,4,-6
1015,144.89,31457,384.00,384.01,0.01,-5.3,1.0,6.8,0.0,-13.1,-0.0,345,3374,0,2,-5
1016,145.05,31451,383.92,383.95,0.02,-3.5,2.0,6.8,0.0,-12.3,-0.0,270,3302,0,1,-3
1017,145.14,31448,383.89,383.92,0.02,-5.6,2.0,6.8,0.0,-14.5,-0.0,233,3263,0,2,-5
1018,145.32,31441,383.80,383.85,0.05,-2.9,4.1,6.8,0.0,-13.8,-0.0,145,3176,0,0,-3
1019,145.48,31434,383.72,383.79,0.07,0.2,6.1,6.8,0.0,-12.8,-0.0,58,1045,0,0,0
1020,145.57,31432,383.69,383.76,0.07,-1.8,6.1,6.8,0.0,-14.7,-0.0,33,3065,0,0,-2
1021,145.74,31424,383.59,383.70,0.11,3.4,9.2,6.8,0.0,-12.6,-0.0,4029,920,0,1,3
1022,145.91,31418,383.52,383.64,0.11,1.9,9.2,6.8,0.0,-14.1,-0.0,3954,840,0,1,2
1023,145.99,31415,383.48,383.61,0.12,3.2,10.2,6.8,0.0,-13.9,-0.0,3916,804,0,1,3
1024,146.17,31407,383.39,383.54,0.16,6.2,13.3,6.8,0.0,-13.9,-0.0,3816,703,0,3,5
1025,146.34,31401,383.31,383.48,0.17,7.4,14.3,6.8,0.0,-13.7,-0.0,3741,627,0,4,6
1026,146.42,31400,383.30,383.45,0.15,5.4,12.3,6.8,0.0,-13.7,-0.0,3729,621,0,3,4
1027,146.60,31394,383.23,383.38,0.16,5.8,13.3,6.8,0.0,-14.4,-0.0,3654,545,0,4,4
1028,146.76,31390,383.18,383.32,0.15,6.2,12.3,6.8,0.0,-12.9,-0.0,3604,504,0,4,4
1029,146.85,31388,383.15,383.29,0.13,3.9,11.2,6.8,-0.0,-14.2,-0.0,3579,477,0,3,3
1030,147.02,31383,383.09,383.23,0.13,5.0,11.2,6.9,-0.0,-13.1,-0.0,3516,418,0,4,3
1031,147.18,31381,383.07,383.17,0.10,1.9,8.2,6.9,-0.0,-13.1,-0.0,3491,396,0,2,1
1032,147.27,31381,383.07,383.14,0.07,-2.8,6.1,6.9,-0.0,-15.8,-0.0,3491,2444,0,-2,-2
1033,147.44,31371,382.95,383.07,0.12,3.5,10.2,6.9,-0.0,-13.6,-0.0,3366,266,0,3,1
1034,147.61,31367,382.90,383.01,0.11,3.1,9.2,6.9,-0.0,-12.9,-0.0,3316,218,0,3,1
1035,147.77,31363,382.85,382.95,0.10,1.0,8.2,6.9,-0.0,-14.1,-0.0,3266,163,0,1,0
1036,147.86,31359,382.80,382.92,0.12,2.4,10.2,6.9,0.0,-14.7,-0.0,3216,109,0,2,0
1037,148.03,31356,382.76,382.86,0.10,2.1,8.2,6.9,0.0,-13.0,-0.0,3179,74,0,2,0
1038,148.20,31353,382.73,382.79,0.06,-2.1,5.1,6.9,-0.0,-14.1,-0.0,3141,2094,0,-2,0
1039,148.29,31350,382.69,382.76,0.07,-1.5,6.1,6.9,-0.0,-14.5,-0.0,3104,2053,0,-1,0
1040,148.46,31348,382.67,382.70,0.04,-3.1,3.1,6.9,-0.0,-13.0,-0.0,3079,2034,0,-3,0
1041,148.62,31346,382.64,382.64,0.00,-7.0,0.0,6.9,-0.0,-13.9,-0.0,3054,2012,0,-7,0
1042,148.71,31345,382.63,382.61,-0.02,-9.3,-2.0,6.9,-0.0,-14.1,-0.0,3041,2000,0,-9,1
1043,148.88,31343,382.60,382.54,-0.06,-12.2,-5.1,6.9,-0.0,-13.9,-0.0,3016,1977,0,-12,1
1044,149.05,31341,382.58,382.48,-0.11,-16.3,-9.2,6.9,-0.0,-14.0,-0.0,2991,1956,0,-16,2
1045,149.13,31339,382.56,382.45,-0.11,-14.8,-9.2,6.9,-0.0,-12.4,-0.0,2966,1930,0,-14,3
1046,149.29,31337,382.53,382.39,-0.15,-18.3,-12.3,6.9,-0.0,-12.9,-0.0,2941,1904,0,-17,4
1047,149.46,31332,382.47,382.33,-0.15,-18.5,-12.3,6.9,-0.0,-13.1,-0.0,2879,1838,0,-17,6
1048,149.63,31325,382.39,382.26,-0.12,-17.2,-10.2,6.9,-0.0,-13.8,-0.0,2791,1739,0,-15,8
1049,149.72,31322,382.35,382.23,-0.12,-18.5,-10.2,6.9,-0.0,-15.1,-0.0,2754,1698,0,-15,9
1050,149.89,31322,382.35,382.16,-0.18,-23.2,-15.3,6.8,-0.0,-14.7,-0.0,2754,1706,0,-19,11
1051,149.98,31321,382.34,382.13,-0.21,-24.8,-17.4,6.8,-0.0,-14.3,-0.0,2741,1693,0,-21,12
1052,150.15,31319,382.31,382.07,-0.24,-27.7,-20.5,6.8,-0.0,-14.1,-0.0,2716,1673,0,-23,15
1053,150.33,31314,382.25,382.00,-0.24,-28.2,-20.5,6.8,-0.0,-14.5,-0.0,2654,1613,0,-21,17
1054,150.41,31313,382.24,381.97,-0.27,-30.0,-22.5,6.8,-0.0,-14.3,-0.0,2641,1603,0,-23,18
1055,150.58,31308,382.18,381.90,-0.27,-30.5,-22.5,6.8,-0.0,-14.8,-0.0,2579,1533,0,-21,21
1056,150.75,31304,382.13,381.84,-0.29,-31.7,-24.5,6.8,-0.0,-13.9,-0.0,2529,1484,0,-20,23
1057,150.84,31303,382.12,381.81,-0.31,-34.0,-25.6,6.8,-0.0,-15.2,-0.0,2516,1466,0,-21,26
1058,151.01,31298,382.06,381.74,-0.32,-33.3,-26.6,6.8,-0.0,-13.5,-0.0,2454,1407,0,-18,27
1059,151.18,31297,382.04,381.68,-0.37,-37.9,-30.7,6.8,-0.0,-13.9,-0.0,2441,1398,0,-20,31
1060,151.27,31291,381.97,381.64,-0.33,-36.6,-27.6,6.8,-0.0,-15.7,-0.0,2366,1314,0,-15,32
1061,151.44,31286,381.91,381.58,-0.33,-34.6,-27.6,6.7,-0.0,-13.7,-0.0,2304,1254,0,-12,31
1062,151.61,31280,381.84,381.51,-0.32,-34.1,-26.6,6.7,0.0,-14.2,-0.0,2229,1174,0,-8,32
1063,151.77,31275,381.77,381.46,-0.32,-33.7,-26.6,6.7,0.0,-13.8,-0.0,2166,1108,0,-4,32
1064,151.85,31273,381.75,381.42,-0.33,-35.1,-27.6,6.7,0.0,-14.2,-0.0,2141,1081,0,-3,34
1065,152.02,31266,381.67,381.36,-0.31,-32.2,-25.6,6.7,0.0,-13.3,-0.0,2054,998,0,1,31
1066,152.19,31259,381.58,381.29,-0.28,-31.3,-23.5,6.7,0.0,-14.5,-0.0,1966,907,0,5,30
1067,152.28,31258,381.57,381.26,-0.31,-33.6,-25.6,6.7,0.0,-14.7,-0.0,1954,895,0,6,32
1068,152.45,31251,381.48,381.20,-0.28,-30.5,-23.5,6.7,0.0,-13.6,-0.0,1866,807,0,10,28
1069,152.62,31243,381.38,381.13,-0.26,-28.5,-21.5,6.6,0.0,-13.6,-0.0,1766,702,0,13,24
1070,152.71,31238,381.32,381.10,-0.22,-26.8,-18.4,6.6,0.0,-15.0,-0.0,1704,636,0,15,21
1071,152.88,31234,381.27,381.03,-0.24,-27.5,-20.5,6.6,0.0,-13.6,-0.0,1654,594,0,16,21
1072,153.04,31224,381.15,380.97,-0.18,-22.1,-15.3,6.6,0.0,-13.4,-0.0,1529,458,0,16,14
1073,153.13,31221,381.12,380.94,-0.17,-22.0,-14.3,6.6,0.0,-14.3,-0.0,1491,422,0,17,13
1074,153.30,31215,381.04,380.87,-0.17,-21.4,-14.3,6.6,0.0,-13.7,-0.0,1416,352,0,18,11
1075,153.46,31208,380.96,380.81,-0.15,-19.4,-12.3,6.6,0.0,-13.7,-0.0,1329,261,0,17,7
1076,153.55,31203,380.90,380.77,-0.12,-18.7,-10.2,6.6,0.0,-15.1,-0.0,1266,193,0,17,5
1077,153.73,31198,380.83,380.71,-0.12,-17.6,-10.2,6.6,0.0,-13.9,-0.0,1204,142,0,17,4
1078,153.90,31188,380.71,380.64,-0.07,-13.7,-6.1,6.6,0.0,-14.2,-0.0,1079,9,0,13,0
1079,153.98,31184,380.66,380.61,-0.05,-11.9,-4.1,6.6,0.0,-14.4,-0.0,1029,4055,0,12,-1
1080,154.15,31175,380.55,380.54,-0.01,-9.1,-1.0,6.6,0.0,-14.7,-0.0,916,3938,0,9,-2
1081,154.33,31168,380.47,380.48,0.01,-7.3,1.0,6.6,0.0,-14.9,-0.0,829,3850,0,7,-3
1082,154.42,31164,380.42,380.44,0.02,-6.1,2.0,6.6,0.0,-14.7,-0.0,779,3800,0,5,-3
1083,154.58,31157,380.33,380.38,0.05,-3.3,4.1,6.6,0.0,-14.0,-0.0,691,3718,0,3,-2
1084,154.74,31152,380.27,380.32,0.04,-4.1,3.1,6.6,0.0,-13.8,-0.0,629,3660,0,3,-2
1085,154.83,31149,380.24,380.28,0.05,-4.7,4.1,6.6,0.0,-15.4,-0.0,591,3621,0,3,-3
1086,155.00,31142,380.15,380.22,0.06,-1.9,5.1,6.6,0.0,-13.6,-0.0,504,3538,0,1,-1
1087,155.16,31137,380.09,380.15,0.06,-2.6,5.1,6.6,0.0,-14.3,-0.0,441,3476,0,1,-2
1088,155.32,31128,379.98,380.09,0.11,1.0,9.2,6.6,0.0,-14.8,-0.0,329,1313,0,0,1
1089,155.40,31126,379.96,380.06,0.11,1.5,9.2,6.6,0.0,-14.3,-0.0,304,1288,0,-1,1
1090,155.57,31123,379.92,380.00,0.07,-1.4,6.1,6.6,0.0,-14.1,-0.0,266,3306,0,0,-1
1091,155.74,31117,379.85,379.93,0.09,-0.8,7.2,6.6,0.0,-14.6,-0.0,191,3227,0,0,-1
1092,155.91,31111,379.77,379.86,0.09,-0.6,7.2,6.6,0.0,-14.4,-0.0,116,3155,0,0,-1
1093,155.99,31108,379.74,379.83,0.10,-0.0,8.2,6.6,-0.0,-14.8,-0.0,79,3120,0,0,0
1094,156.16,31099,379.63,379.76,0.13,3.3,11.2,6.6,0.0,-14.6,-0.0,4062,954,0,0,3
1095,156.34,31095,379.58,379.70,0.12,1.8,10.2,6.6,0.0,-15.1,-0.0,4012,900,0,0,2
1096,156.43,31094,379.57,379.66,0.10,-0.5,8.2,6.6,0.0,-15.3,-0.0,4000,2940,0,0,-1
1097,156.60,31090,379.52,379.59,0.07,-1.0,6.1,6.6,-0.0,-13.7,-0.0,3950,2897,0,0,-1
1098,156.69,31087,379.48,379.56,0.09,-1.8,7.2,6.6,-0.0,-15.6,-0.0,3912,2855,0,-1,-2
1099,156.86,31080,379.39,379.49,0.10,0.8,8.2,6.6,-0.0,-14.0,-0.0,3825,726,0,0,1
1100,157.03,31079,379.38,379.43,0.05,-3.3,4.1,6.6,-0.0,-14.0,-0.0,3812,2765,0,-1,-3
1101,157.20,31072,379.30,379.36,0.06,-3.4,5.1,6.6,-0.0,-15.2,-0.0,3725,2670,0,-2,-3
1102,157.28,31071,379.28,379.33,0.04,-4.5,3.1,6.6,-0.0,-14.3,-0.0,3712,2660,0,-3,-4
1103,157.45,31067,379.24,379.26,0.02,-5.6,2.0,6.6,-0.0,-14.3,-0.0,3662,2611,0,-4,-4
1104,157.61,31061,379.16,379.20,0.04,-3.4,3.1,6.7,-0.0,-13.1,-0.0,3587,2538,0,-2,-2
1105,157.70,31059,379.14,379.16,0.02,-6.3,2.0,6.7,-0.0,-15.0,-0.0,3562,2507,0,-5,-4
1106,157.86,31055,379.09,379.10,0.01,-6.4,1.0,6.7,-0.0,-14.1,-0.0,3512,2463,0,-5,-4
1107,158.02,31055,379.09,379.03,-0.05,-11.3,-4.1,6.7,-0.0,-13.9,-0.0,3512,2465,0,-9,-7
1108,158.19,31049,379.02,378.97,-0.05,-12.0,-4.1,6.6,-0.0,-14.6,-0.0,3437,2391,0,-10,-6
1109,158.27,31049,379.02,378.94,-0.09,-14.2,-7.2,6.6,-0.0,-13.6,-0.0,3437,2396,0,-12,-7
1110,158.45,31045,378.97,378.87,-0.10,-16.4,-8.2,6.6,-0.0,-14.8,-0.0,3387,2346,0,-14,-7
1111,158.61,31043,378.94,378.80,-0.15,-19.5,-12.3,6.6,-0.0,-13.9,-0.0,3362,2321,0,-17,-8
1112,158.70,31042,378.93,378.77,-0.17,-23.2,-14.3,6.6,-0.0,-15.6,-0.0,3350,2305,0,-21,-9
1113,158.87,31041,378.92,378.70,-0.22,-25.7,-18.4,6.6,-0.0,-13.9,-0.0,3337,2302,0,-23,-9
1114,159.03,31037,378.87,378.63,-0.23,-27.0,-19.4,6.6,-0.0,-14.2,-0.0,3287,2247,0,-25,-8
1115,159.12,31033,378.82,378.60,-0.22,-27.4,-18.4,6.6,-0.0,-15.6,-0.0,3237,2194,0,-26,-6
1116,159.29,31028,378.76,378.53,-0.23,-26.6,-19.4,6.6,-0.0,-13.7,-0.0,3175,2130,0,-26,-3
1117,159.45,31024,378.71,378.47,-0.24,-27.8,-20.5,6.6,-0.0,-14.0,-0.0,3125,2076,0,-27,-1
1118,159.54,31023,378.70,378.43,-0.27,-32.3,-22.5,6.6,-0.0,-16.4,-0.0,3112,2058,0,-31,0
1119,159.71,31020,378.66,378.36,-0.29,-32.2,-24.5,6.6,-0.0,-14.2,-0.0,3075,2026,0,-31,1
1120,159.87,31017,378.63,378.30,-0.33,-35.3,-27.6,6.6,-0.0,-14.3,-0.0,3037,1992,0,-34,3
1121,160.04,31014,378.59,378.23,-0.35,-37.2,-29.7,6.5,-0.0,-14.0,-0.0,3000,1960,0,-36,5
1122,160.12,31012,378.56,378.20,-0.37,-38.9,-30.7,6.5,-0.0,-14.8,-0.0,2975,1933,0,-37,7
1123,160.29,31005,378.48,378.13,-0.34,-35.9,-28.6,6.5,-0.0,-13.8,-0.0,2887,1842,0,-33,11
1124,160.46,30999,378.41,378.07,-0.34,-36.4,-28.6,6.5,-0.0,-14.3,-0.0,2812,1759,0,-32,15
1125,160.54,30996,378.37,378.03,-0.34,-37.7,-28.6,6.5,-0.0,-15.5,-0.0,2775,1718,0,-32,18
1126,160.71,30992,378.32,377.96,-0.35,-37.5,-29.7,6.5,0.0,-14.3,-0.0,2725,1669,0,-30,20
1127,160.88,30984,378.22,377.89,-0.33,-36.0,-27.6,6.5,0.0,-14.8,-0.0,2625,1562,0,-26,24
1128,160.97,30979,378.16,377.86,-0.31,-34.4,-25.6,6.5,0.0,-15.3,-0.0,2562,1498,0,-22,25
1129,161.14,30978,378.15,377.79,-0.35,-38.8,-29.7,6.4,-0.0,-15.6,-0.0,2550,1494,0,-25,28
1130,161.31,30971,378.06,377.72,-0.34,-37.6,-28.6,6.4,0.0,-15.3,-0.0,2462,1403,0,-20,30
1131,161.40,30967,378.02,377.68,-0.33,-37.5,-27.6,6.4,0.0,-16.3,-0.0,2412,1348,0,-17,32
1132,161.57,30962,377.95,377.62,-0.34,-36.9,-28.6,6.4,-0.0,-14.6,-0.0,2350,1294,0,-14,33
1133,161.74,30951,377.82,377.55,-0.27,-31.0,-22.5,6.4,0.0,-14.9,-0.0,2212,1147,0,-6,30
1134,161.83,30949,377.80,377.51,-0.28,-33.7,-23.5,6.4,0.0,-16.6,-0.0,2187,1116,0,-5,32
1135,162.00,30941,377.70,377.44,-0.26,-30.5,-21.5,6.4,0.0,-15.4,-0.0,2087,1018,0,0,30
1136,162.17,30930,377.56,377.37,-0.20,-24.9,-16.4,6.4,0.0,-14.9,-0.0,1950,873,0,6,24
1137,162.26,30924,377.49,377.34,-0.16,-23.3,-13.3,6.4,0.0,-16.4,-0.0,1875,790,0,8,21
1138,162.43,30920,377.44,377.27,-0.17,-22.0,-14.3,6.4,0.0,-14.0,-0.0,1825,759,0,8,20
1139,162.60,30908,377.29,377.20,-0.10,-16.1,-8.2,6.4,0.0,-14.3,-0.0,1675,600,0,9,12
1140,162.69,30905,377.26,377.16,-0.10,-18.0,-8.2,6.4,0.0,-16.2,-0.0,1637,556,0,11,13
1141,162.86,30897,377.16,377.10,-0.06,-13.3,-5.1,6.4,0.0,-14.5,-0.0,1537,466,0,10,8
1142,163.02,30893,377.11,377.03,-0.09,-15.1,-7.2,6.4,0.0,-14.3,-0.0,1487,420,0,12,9
1143,163.11,30888,377.05,376.99,-0.06,-14.5,-5.1,6.3,0.0,-15.8,-0.0,1425,351,0,12,7
1144,163.27,30880,376.95,376.92,-0.02,-10.5,-2.0,6.3,0.0,-14.8,-0.0,1325,260,0,9,4
1145,163.45,30872,376.86,376.85,0.00,-9.2,0.0,6.3,0.0,-15.5,-0.0,1225,156,0,9,2
1146,163.54,30869,376.82,376.82,0.00,-9.9,0.0,6.3,0.0,-16.3,-0.0,1187,118,0,9,2
1147,163.69,30858,376.68,376.75,0.07,-1.9,6.1,6.3,0.0,-14.4,-0.0,1050,4072,0,2,0
1148,163.87,30855,376.65,376.68,0.04,-5.4,3.1,6.4,0.0,-14.9,-0.0,1012,4043,0,5,0
1149,164.04,30846,376.54,376.61,0.07,-2.9,6.1,6.4,0.0,-15.4,-0.0,900,3928,0,3,-1
1150,164.13,30845,376.53,376.58,0.05,-5.9,4.1,6.4,0.0,-16.3,-0.0,887,3916,0,5,-2
1151,164.29,30833,376.38,376.51,0.13,3.4,11.2,6.4,0.0,-14.2,-0.0,737,1715,0,-3,2
1152,164.46,30829,376.33,376.44,0.11,-0.3,9.2,6.4,0.0,-15.9,-0.0,687,3719,0,0,0
1153,164.54,30825,376.28,376.40,0.12,1.9,10.2,6.4,0.0,-14.7,-0.0,637,1618,0,-1,1
1154,164.72,30819,376.21,376.33,0.12,0.4,10.2,6.4,0.0,-16.2,-0.0,562,1543,0,0,0
1155,164.89,30813,376.14,376.26,0.12,1.9,10.2,6.4,0.0,-14.7,-0.0,487,1473,0,-1,1
1156,164.97,30809,376.09,376.23,0.15,3.0,12.3,6.4,0.0,-15.7,-0.0,437,1424,0,-2,2
1157,165.15,30800,375.98,376.16,0.18,6.5,15.3,6.4,0.0,-15.2,-0.0,325,1306,0,-3,6
1158,165.32,30797,375.94,376.08,0.15,2.9,12.3,6.4,0.0,-15.7,-0.0,287,1273,0,-1,3
1159,165.41,30796,375.93,376.05,0.12,-0.3,10.2,6.4,0.0,-17.0,-0.0,275,3310,0,0,0
1160,165.57,30789,375.84,375.98,0.13,2.9,11.2,6.4,0.0,-14.8,-0.0,187,1177,0,-1,3
1161,165.74,30782,375.76,375.91,0.16,5.4,13.3,6.4,0.0,-14.3,-0.0,100,1093,0,-1,5
1162,165.83,30777,375.70,375.87,0.18,4.7,15.3,6.4,0.0,-17.0,-0.0,37,1023,0,0,5
1163,166.00,30772,375.63,375.80,0.17,5.7,14.3,6.4,0.0,-15.1,-0.0,4071,962,0,1,5
1164,166.17,30771,375.62,375.73,0.11,-0.2,9.2,6.4,-0.0,-15.8,-0.0,4058,3005,0,0,0
1165,166.26,30769,375.60,375.70,0.10,-1.5,8.2,6.4,-0.0,-16.1,-0.0,4033,2978,0,0,-1
1166,166.43,30761,375.50,375.62,0.12,0.3,10.2,6.4,-0.0,-16.3,-0.0,3933,829,0,0,0
1167,166.60,30758,375.46,375.55,0.09,-1.8,7.2,6.4,-0.0,-15.4,-0.0,3896,2848,0,-1,-2
1168,166.69,30757,375.45,375.52,0.06,-5.3,5.1,6.4,-0.0,-16.8,-0.0,3883,2835,0,-2,-5
1169,166.86,30751,375.38,375.45,0.06,-3.1,5.1,6.4,-0.0,-14.6,-0.0,3808,2756,0,-1,-3
1170,167.03,30744,375.29,375.37,0.09,-2.3,7.2,6.4,-0.0,-15.9,-0.0,3721,2663,0,-1,-2
1171,167.12,30743,375.28,375.33,0.05,-7.1,4.1,6.4,-0.0,-17.6,-0.0,3708,2654,0,-4,-6
1172,167.29,30743,375.28,375.27,-0.01,-9.5,-1.0,6.4,-0.0,-14.9,-0.0,3708,2663,0,-5,-7
1173,167.46,30737,375.21,375.19,-0.01,-10.3,-1.0,6.4,-0.0,-15.7,-0.0,3633,2583,0,-7,-7
1174,167.55,30734,375.17,375.16,-0.01,-10.5,-1.0,6.4,-0.0,-15.9,-0.0,3596,2546,0,-7,-7
1175,167.71,30730,375.12,375.09,-0.04,-11.8,-3.1,6.4,-0.0,-15.2,-0.0,3546,2502,0,-9,-7
1176,167.88,30723,375.04,375.02,-0.02,-10.8,-2.0,6.4,-0.0,-15.2,-0.0,3458,2404,0,-9,-5
1177,167.96,30722,375.02,374.98,-0.04,-12.6,-3.1,6.4,-0.0,-16.0,-0.0,3446,2390,0,-11,-6
1178,168.13,30721,375.01,374.91,-0.10,-17.2,-8.2,6.4,-0.0,-15.5,-0.0,3433,2385,0,-15,-8
1179,168.31,30719,374.99,374.84,-0.15,-21.9,-12.3,6.4,-0.0,-16.0,-0.0,3408,2364,0,-19,-10
1180,168.39,30718,374.98,374.80,-0.17,-23.4,-14.3,6.4,-0.0,-15.5,-0.0,3396,2354,0,-20,-10
1181,168.56,30712,374.90,374.73,-0.17,-22.9,-14.3,6.4,-0.0,-15.0,-0.0,3321,2281,0,-21,-8
1182,168.72,30711,374.89,374.67,-0.22,-26.3,-18.4,6.4,-0.0,-14.3,-0.0,3308,2270,0,-24,-9
1183,168.89,30706,374.83,374.59,-0.23,-28.8,-19.4,6.4,-0.0,-15.8,-0.0,3246,2200,0,-27,-6
1184,168.97,30702,374.78,374.56,-0.22,-28.3,-18.4,6.4,-0.0,-16.3,-0.0,3196,2145,0,-27,-4
1185,169.14,30703,374.79,374.49,-0.31,-34.3,-25.6,6.4,-0.0,-15.1,-0.0,3208,2166,0,-33,-6
1186,169.31,30698,374.73,374.41,-0.32,-36.6,-26.6,6.4,-0.0,-16.4,-0.0,3146,2101,0,-35,-3
1187,169.40,30696,374.71,374.38,-0.33,-38.4,-27.6,6.4,-0.0,-17.1,-0.0,3121,2073,0,-37,-1
1188,169.58,30688,374.61,374.30,-0.31,-34.8,-25.6,6.4,-0.0,-15.6,-0.0,3021,1971,0,-34,4
1189,169.75,30686,374.58,374.23,-0.35,-39.7,-29.7,6.3,-0.0,-16.4,-0.0,2996,1947,0,-38,6
1190,169.84,30683,374.55,374.19,-0.35,-39.5,-29.7,6.3,-0.0,-16.2,-0.0,2958,1904,0,-37,8
1191,170.01,30678,374.49,374.12,-0.37,-40.3,-30.7,6.3,-0.0,-15.9,-0.0,2896,1843,0,-37,12
1192,170.10,30674,374.44,374.08,-0.35,-40.3,-29.7,6.3,-0.0,-16.9,-0.0,2846,1787,0,-36,15
1193,170.27,30669,374.38,374.01,-0.37,-40.6,-30.7,6.3,-0.0,-16.2,-0.0,2783,1731,0,-35,18
1194,170.44,30663,374.30,373.93,-0.37,-40.1,-30.7,6.3,-0.0,-15.7,-0.0,2708,1651,0,-32,22
1195,170.53,30661,374.28,373.90,-0.38,-41.4,-31.7,6.3,-0.0,-16.0,-0.0,2683,1627,0,-32,24
1196,170.70,30655,374.21,373.82,-0.38,-41.4,-31.7,6.2,-0.0,-16.0,-0.0,2608,1550,0,-29,28
1197,170.87,30651,374.16,373.75,-0.40,-42.8,-33.8,6.2,-0.0,-15.2,-0.0,2558,1505,0,-28,31
1198,170.95,30647,374.11,373.72,-0.39,-42.8,-32.7,6.2,-0.0,-16.3,-0.0,2508,1450,0,-25,33
1199,171.12,30635,373.96,373.65,-0.32,-36.2,-26.6,6.2,0.0,-15.8,-0.0,2358,1292,0,-14,32
1200,171.28,30628,373.88,373.57,-0.31,-34.7,-25.6,6.2,0.0,-15.3,-0.0,2271,1202,0,-9,32
1201,171.45,30619,373.77,373.50,-0.27,-32.4,-22.5,6.2,0.0,-16.1,-0.0,2158,1083,0,-3,31
1202,171.54,30614,373.71,373.46,-0.24,-31.4,-20.5,6.2,0.0,-17.1,-0.0,2096,1012,0,1,30
1203,171.72,30609,373.65,373.39,-0.26,-32.2,-21.5,6.2,0.0,-16.8,-0.0,2033,962,0,3,31
1204,171.89,30600,373.54,373.32,-0.22,-27.8,-18.4,6.2,0.0,-15.6,-0.0,1921,852,0,7,26
1205,171.98,30599,373.52,373.28,-0.24,-31.7,-20.5,6.2,0.0,-17.4,-0.0,1908,838,0,9,29
1206,172.15,30587,373.38,373.20,-0.17,-23.8,-14.3,6.1,0.0,-15.6,-0.0,1758,688,0,11,20
1207,172.33,30576,373.24,373.13,-0.11,-20.0,-9.2,6.1,0.0,-16.9,-0.0,1621,543,0,13,14
1208,172.41,30574,373.22,373.09,-0.13,-23.0,-11.2,6.1,0.0,-17.9,-0.0,1596,515,0,16,16
1209,172.58,30565,373.11,373.02,-0.09,-16.9,-7.2,6.1,0.0,-15.9,-0.0,1483,408,0,13,10
1210,172.67,30559,373.03,372.98,-0.06,-16.4,-5.1,6.1,0.0,-17.5,-0.0,1408,320,0,14,8
1211,172.84,30547,372.89,372.91,0.01,-8.3,1.0,6.1,0.0,-15.4,-0.0,1258,178,0,8,2
1212,173.01,30538,372.78,372.83,0.05,-5.7,4.1,6.1,0.0,-15.9,-0.0,1146,67,0,6,1
1213,173.10,30535,372.74,372.79,0.05,-7.0,4.1,6.1,0.0,-17.2,-0.0,1108,22,0,7,0
1214,173.27,30526,372.63,372.72,0.09,-3.2,7.2,6.1,0.0,-16.5,-0.0,996,4009,0,3,0
1215,173.44,30518,372.53,372.64,0.11,-0.1,9.2,6.1,0.0,-15.5,-0.0,896,3918,0,0,0
1216,173.53,30516,372.51,372.61,0.10,-2.2,8.2,6.1,0.0,-16.5,-0.0,871,3896,0,2,-1
1217,173.69,30510,372.44,372.54,0.10,-0.6,8.2,6.1,0.0,-15.0,-0.0,796,3829,0,1,0
1218,173.86,30503,372.35,372.46,0.11,0.1,9.2,6.2,0.0,-15.2,-0.0,708,1691,0,0,0
1219,173.95,30497,372.28,372.42,0.15,1.6,12.3,6.2,0.0,-16.8,-0.0,633,1612,0,-1,1
1220,174.12,30489,372.18,372.35,0.17,3.9,14.3,6.2,0.0,-16.6,-0.0,533,1513,0,-3,3
1221,174.28,30480,372.07,372.28,0.21,7.2,17.4,6.2,0.0,-16.3,-0.0,421,1391,0,-4,6
1222,174.37,30476,372.02,372.24,0.22,6.2,18.4,6.2,0.0,-18.4,-0.0,371,1338,0,-3,5
1223,174.54,30468,371.92,372.17,0.24,10.6,20.5,6.2,0.0,-16.1,-0.0,271,1243,0,-3,10
1224,174.72,30464,371.88,372.09,0.22,8.0,18.4,6.2,0.0,-16.6,-0.0,221,1204,0,-2,7
1225,174.87,30454,371.75,372.02,0.27,13.4,22.5,6.2,0.0,-15.3,-0.0,96,1076,0,-1,13
1226,174.96,30452,371.73,371.98,0.26,10.8,21.5,6.2,0.0,-16.9,-0.0,71,1051,0,0,10
1227,175.13,30449,371.69,371.91,0.22,9.0,18.4,6.2,-0.0,-15.6,-0.0,33,1024,0,0,9
1228,175.31,30439,371.57,371.83,0.26,10.2,21.5,6.2,0.0,-17.5,-0.0,4004,888,0,2,10
1229,175.40,30437,371.55,371.79,0.24,9.2,20.5,6.2,0.0,-17.5,-0.0,3979,864,0,2,9
1230,175.57,30433,371.50,371.72,0.22,9.0,18.4,6.2,-0.0,-15.7,-0.0,3929,828,0,3,8
1231,175.66,30430,371.46,371.68,0.22,6.4,18.4,6.3,-0.0,-18.3,-0.0,3892,784,0,2,6
1232,175.83,30422,371.36,371.60,0.24,10.8,20.5,6.3,0.0,-15.9,-0.0,3792,682,0,5,9
1233,176.00,30420,371.34,371.53,0.18,5.1,15.3,6.3,-0.0,-16.5,-0.0,3767,667,0,3,4
1234,176.09,30417,371.30,371.49,0.18,4.1,15.3,6.3,-0.0,-17.5,-0.0,3729,626,0,2,3
1235,176.26,30406,371.17,371.41,0.24,11.0,20.5,6.3,0.0,-15.7,-0.0,3592,482,0,8,7
1236,176.43,30405,371.15,371.34,0.18,5.9,15.3,6.3,-0.0,-15.7,-0.0,3579,477,0,4,4
1237,176.52,30401,371.11,371.30,0.20,6.1,16.4,6.3,-0.0,-16.5,-0.0,3529,426,0,5,4
1238,176.69,30397,371.06,371.22,0.17,4.1,14.3,6.3,-0.0,-16.5,-0.0,3479,373,0,3,2
1239,176.84,30394,371.02,371.16,0.13,1.8,11.2,6.3,-0.0,-15.8,-0.0,3442,346,0,1,1
1240,177.02,30390,370.97,371.08,0.11,-1.8,9.2,6.3,-0.0,-17.4,-0.0,3392,2344,0,-2,-1
1241,177.10,30385,370.91,371.04,0.13,1.0,11.2,6.3,-0.0,-16.6,-0.0,3329,226,0,1,0
1242,177.28,30381,370.86,370.96,0.10,-3.1,8.2,6.3,-0.0,-17.7,-0.0,3279,2224,0,-3,-1
1243,177.45,30379,370.84,370.89,0.05,-6.5,4.1,6.3,-0.0,-16.9,-0.0,3254,2207,0,-6,-2
1244,177.53,30379,370.84,370.85,0.01,-9.5,1.0,6.3,-0.0,-16.9,-0.0,3254,2207,0,-9,-2
1245,177.71,30368,370.70,370.77,0.07,-4.7,6.1,6.3,-0.0,-17.2,-0.0,3117,2059,0,-5,0
1246,177.87,30368,370.70,370.70,0.00,-10.1,0.0,6.3,-0.0,-16.4,-0.0,3117,2071,0,-10,0
1247,177.96,30364,370.65,370.66,0.00,-11.4,0.0,6.3,-0.0,-17.7,-0.0,3067,2016,0,-11,1
1248,178.13,30360,370.61,370.58,-0.02,-11.9,-2.0,6.3,-0.0,-16.2,-0.0,3017,1966,0,-11,1
1249,178.31,30358,370.58,370.51,-0.07,-17.0,-6.1,6.3,-0.0,-17.2,-0.0,2992,1945,0,-16,3
1250,178.39,30359,370.59,370.47,-0.12,-21.7,-10.2,6.3,-0.0,-17.8,-0.0,3004,1966,0,-21,3
1251,178.56,30354,370.53,370.39,-0.13,-21.1,-11.2,6.3,-0.0,-16.2,-0.0,2942,1898,0,-20,5
1252,178.73,30350,370.48,370.32,-0.17,-24.5,-14.3,6.3,-0.0,-16.5,-0.0,2892,1849,0,-23,7
1253,178.82,30348,370.46,370.28,-0.18,-25.8,-15.3,6.3,-0.0,-16.8,-0.0,2867,1825,0,-24,8
1254,178.99,30347,370.45,370.20,-0.24,-30.1,-20.5,6.3,-0.0,-16.0,-0.0,2854,1814,0,-27,10
1255,179.15,30342,370.39,370.13,-0.26,-30.9,-21.5,6.3,-0.0,-15.7,-0.0,2792,1747,0,-27,13
1256,179.24,30339,370.35,370.09,-0.26,-33.1,-21.5,6.3,-0.0,-17.8,-0.0,2754,1706,0,-28,16
1257,179.42,30331,370.25,370.01,-0.24,-31.0,-20.5,6.3,-0.0,-16.8,-0.0,2654,1602,0,-23,19
1258,179.59,30329,370.23,369.93,-0.29,-34.3,-24.5,6.3,-0.0,-16.0,-0.0,2629,1579,0,-25,22
1259,179.68,30328,370.21,369.89,-0.33,-40.1,-27.6,6.2,-0.0,-18.7,-0.0,2617,1562,0,-29,26
1260,179.85,30320,370.12,369.81,-0.31,-35.9,-25.6,6.2,-0.0,-16.6,-0.0,2517,1461,0,-22,27
1261,179.94,30318,370.09,369.77,-0.32,-38.3,-26.6,6.2,-0.0,-17.9,-0.0,2492,1435,0,-22,30
1262,180.11,30313,370.03,369.70,-0.33,-37.5,-27.6,6.2,-0.0,-16.1,-0.0,2429,1380,0,-19,31
1263,180.28,30308,369.97,369.62,-0.35,-40.1,-29.7,6.2,-0.0,-16.6,-0.0,2367,1312,0,-17,35
1264,180.37,30306,369.95,369.58,-0.37,-41.7,-30.7,6.2,-0.0,-17.2,-0.0,2342,1285,0,-16,37
1265,180.53,30298,369.85,369.51,-0.34,-38.6,-28.6,6.2,-0.0,-16.1,-0.0,2242,1187,0,-9,36
1266,180.71,30294,369.80,369.43,-0.37,-41.7,-30.7,6.2,-0.0,-17.2,-0.0,2192,1136,0,-7,40
1267,180.88,30286,369.70,369.35,-0.35,-40.2,-29.7,6.1,-0.0,-16.7,-0.0,2092,1032,0,0,39
1268,180.96,30283,369.67,369.31,-0.35,-41.0,-29.7,6.1,0.0,-17.5,-0.0,2054,991,0,2,40
1269,181.13,30276,369.58,369.24,-0.34,-38.4,-28.6,6.1,-0.0,-15.9,-0.0,1967,909,0,7,37
1270,181.29,30266,369.46,369.16,-0.29,-34.1,-24.5,6.1,0.0,-15.6,-0.0,1842,773,0,12,31
1271,181.38,30262,369.41,369.12,-0.28,-35.8,-23.5,6.1,0.0,-18.3,-0.0,1792,716,0,16,31
1272,181.55,30256,369.34,369.05,-0.29,-34.7,-24.5,6.1,0.0,-16.2,-0.0,1717,650,0,18,28
1273,181.72,30249,369.25,368.97,-0.28,-35.0,-23.5,6.1,0.0,-17.6,-0.0,1629,558,0,22,26
1274,181.81,30245,369.20,368.93,-0.27,-33.4,-22.5,6.1,0.0,-17.0,-0.0,1579,508,0,23,23
1275,181.98,30236,369.09,368.85,-0.24,-31.2,-20.5,6.1,0.0,-16.8,-0.0,1467,399,0,25,17
1276,182.15,30224,368.95,368.77,-0.17,-24.8,-14.3,6.1,0.0,-16.5,-0.0,1317,242,0,22,9
1277,182.25,30220,368.90,368.73,-0.16,-25.1,-13.3,6.1,0.0,-17.9,-0.0,1267,186,0,23,7
1278,182.41,30211,368.79,368.65,-0.13,-21.2,-11.2,6.1,0.0,-16.0,-0.0,1154,77,0,20,2
1279,182.59,30202,368.68,368.58,-0.10,-19.5,-8.2,6.0,0.0,-17.4,-0.0,1042,4060,0,19,-1
1280,182.67,30198,368.63,368.54,-0.10,-19.8,-8.2,6.0,0.0,-17.7,-0.0,992,4006,0,19,-3
1281,182.84,30187,368.49,368.46,-0.04,-13.1,-3.1,6.0,0.0,-16.0,-0.0,854,3874,0,12,-4
1282,183.01,30179,368.40,368.38,-0.01,-12.9,-1.0,6.0,0.0,-18.0,-0.0,754,3767,0,11,-6
1283,183.09,30175,368.35,368.34,0.00,-11.4,0.0,6.0,0.0,-17.4,-0.0,704,3721,0,9,-6
1284,183.27,30169,368.27,368.26,-0.01,-13.0,-1.0,6.0,0.0,-18.0,-0.0,629,3649,0,10,-8
1285,183.44,30156,368.12,368.18,0.07,-4.2,6.1,6.0,0.0,-16.4,-0.0,467,3486,0,2,-3
1286,183.53,30151,368.05,368.15,0.09,-4.3,7.2,6.0,0.0,-17.5,-0.0,404,3422,0,2,-4
1287,183.70,30142,367.94,368.07,0.12,-0.7,10.2,6.1,0.0,-16.9,-0.0,292,3309,0,0,-1
1288,183.86,30134,367.85,367.99,0.15,1.7,12.3,6.1,0.0,-16.7,-0.0,192,1162,0,0,2
1289,183.95,30130,367.80,367.95,0.15,-0.3,12.3,6.1,0.0,-18.6,-0.0,142,3151,0,0,0
1290,184.12,30124,367.72,367.87,0.15,2.5,12.3,6.1,0.0,-15.9,-0.0,67,1046,0,0,2
1291,184.29,30115,367.61,367.80,0.18,5.8,15.3,6.1,0.0,-15.6,-0.0,4050,935,0,1,6
1292,184.37,30111,367.57,367.76,0.18,3.1,15.3,6.1,0.0,-18.4,-0.0,4000,878,0,1,3
1293,184.53,30107,367.52,367.68,0.16,3.7,13.3,6.1,0.0,-15.6,-0.0,3950,841,0,1,3
1294,184.70,30098,367.41,367.60,0.20,5.7,16.4,6.1,0.0,-16.8,-0.0,3838,722,0,2,5
1295,184.79,30095,367.37,367.56,0.20,4.3,16.4,6.1,0.0,-18.1,-0.0,3800,682,0,2,4
1296,184.96,30083,367.22,367.48,0.26,9.4,21.5,6.1,0.0,-18.1,-0.0,3650,527,0,6,7
1297,185.13,30079,367.18,367.41,0.23,8.5,19.4,6.1,0.0,-17.1,-0.0,3600,480,0,6,6
1298,185.22,30076,367.14,367.36,0.22,5.8,18.4,6.1,0.0,-18.7,-0.0,3563,441,0,4,4
1299,185.39,30070,367.07,367.29,0.22,8.0,18.4,6.1,0.0,-16.5,-0.0,3488,376,0,7,4
1300,185.56,30065,367.00,367.21,0.21,6.2,17.4,6.1,-0.0,-17.4,-0.0,3425,315,0,5,3
1301,185.72,30062,366.97,367.13,0.16,1.8,13.3,6.1,-0.0,-17.7,-0.0,3388,290,0,2,1
1302,185.81,30058,366.92,367.09,0.17,2.8,14.3,6.2,-0.0,-17.7,-0.0,3338,234,0,3,1
1303,185.98,30049,366.81,367.01,0.21,6.4,17.4,6.2,-0.0,-17.1,-0.0,3225,118,0,6,1
1304,186.15,30045,366.76,366.93,0.17,3.6,14.3,6.2,-0.0,-16.9,-0.0,3175,69,0,3,0
1305,186.25,30044,366.75,366.89,0.15,-0.7,12.3,6.2,-0.0,-19.1,-0.0,3163,2104,0,-1,0
1306,186.41,30037,366.66,366.81,0.15,2.1,12.3,6.2,-0.0,-16.3,-0.0,3075,4064,0,2,0
1307,186.58,30031,366.59,366.73,0.15,1.3,12.3,6.2,-0.0,-17.2,-0.0,3000,3992,0,1,0
1308,186.67,30030,366.58,366.69,0.11,-2.4,9.2,6.2,-0.0,-17.8,-0.0,2988,1935,0,-2,0
1309,186.83,30024,366.50,366.61,0.11,-1.0,9.2,6.2,-0.0,-16.4,-0.0,2913,1860,0,-1,0
1310,187.00,30019,366.44,366.54,0.10,-2.9,8.2,6.2,-0.0,-17.2,-0.0,2850,1794,0,-3,1
1311,187.08,30017,366.42,366.50,0.07,-4.6,6.1,6.2,-0.0,-17.0,-0.0,2825,1771,0,-4,2
1312,187.25,30013,366.37,366.42,0.05,-6.4,4.1,6.2,-0.0,-16.7,-0.0,2775,1725,0,-5,3
1313,187.42,30009,366.32,366.34,0.01,-9.5,1.0,6.2,-0.0,-16.7,-0.0,2725,1673,0,-8,5
1314,187.51,30006,366.28,366.30,0.01,-10.6,1.0,6.2,-0.0,-17.8,-0.0,2688,1636,0,-8,6
1315,187.67,30000,366.21,366.22,0.01,-9.8,1.0,6.2,-0.0,-17.0,-0.0,2613,1561,0,-7,6
1316,187.84,29996,366.16,366.14,-0.02,-12.6,-2.0,6.2,-0.0,-16.8,-0.0,2563,1510,0,-8,9
1317,187.93,29996,366.16,366.10,-0.06,-17.6,-5.1,6.2,-0.0,-18.7,-0.0,2563,1512,0,-12,13
1318,188.10,29992,366.11,366.02,-0.10,-19.0,-8.2,6.2,-0.0,-17.1,-0.0,2513,1464,0,-12,14
1319,188.28,29983,366.00,365.94,-0.06,-18.0,-5.1,6.2,-0.0,-19.0,-0.0,2400,1344,0,-8,15
1320,188.36,29984,366.02,365.90,-0.12,-22.0,-10.2,6.2,-0.0,-17.9,-0.0,2413,1365,0,-11,18
1321,188.54,29978,365.94,365.81,-0.12,-22.0,-10.2,6.2,-0.0,-17.9,-0.0,2338,1287,0,-8,20
1322,188.71,29975,365.91,365.74,-0.17,-24.7,-14.3,6.2,-0.0,-16.5,-0.0,2300,1249,0,-8,23
1323,188.79,29975,365.91,365.69,-0.21,-29.5,-17.4,6.2,-0.0,-18.2,-0.0,2300,1250,0,-10,27
1324,188.97,29968,365.82,365.61,-0.21,-29.5,-17.4,6.2,-0.0,-18.3,-0.0,2213,1166,0,-6,28
1325,189.14,29966,365.80,365.53,-0.27,-33.8,-22.5,6.2,-0.0,-17.4,-0.0,2188,1137,0,-6,32
1326,189.23,29963,365.76,365.49,-0.27,-35.2,-22.5,6.1,-0.0,-18.8,-0.0,2150,1102,0,-4,34
1327,189.40,29956,365.67,365.41,-0.27,-33.0,-22.5,6.1,-0.0,-16.6,-0.0,2063,1013,0,1,32
1328,189.57,29952,365.62,365.33,-0.29,-35.1,-24.5,6.1,-0.0,-16.6,-0.0,2013,962,0,3,34
1329,189.66,29950,365.60,365.28,-0.32,-39.7,-26.6,6.1,-0.0,-19.2,-0.0,1988,935,0,5,38
1330,189.83,29945,365.54,365.20,-0.33,-39.0,-27.6,6.1,-0.0,-17.5,-0.0,1925,870,0,9,37
1331,190.00,29937,365.44,365.12,-0.32,-38.3,-26.6,6.1,-0.0,-17.8,-0.0,1825,768,0,14,34
1332,190.09,29936,365.43,365.08,-0.35,-41.9,-29.7,6.1,-0.0,-18.4,-0.0,1813,758,0,16,37
1333,190.26,29927,365.32,365.00,-0.32,-40.0,-26.6,6.1,-0.0,-19.5,-0.0,1700,636,0,22,32
1334,190.43,29920,365.23,364.92,-0.32,-38.1,-26.6,6.1,0.0,-17.5,-0.0,1613,548,0,25,27
1335,190.52,29917,365.20,364.87,-0.33,-40.8,-27.6,6.0,0.0,-19.3,-0.0,1575,506,0,28,28
1336,190.69,29909,365.10,364.80,-0.31,-36.2,-25.6,6.0,0.0,-16.7,-0.0,1475,412,0,28,21
1337,190.86,29903,365.03,364.71,-0.32,-38.2,-26.6,6.0,0.0,-17.6,-0.0,1400,333,0,32,18
1338,190.95,29901,365.00,364.67,-0.33,-41.8,-27.6,6.0,-0.0,-20.2,-0.0,1375,307,0,36,18
1339,191.12,29891,364.88,364.59,-0.29,-36.2,-24.5,6.0,0.0,-17.6,-0.0,1250,183,0,34,10
1340,191.29,29881,364.76,364.51,-0.24,-31.5,-20.5,6.0,0.0,-17.1,-0.0,1125,55,0,30,3
1341,191.37,29878,364.72,364.47,-0.26,-33.7,-21.5,6.0,0.0,-18.2,-0.0,1088,17,0,33,1
1342,191.55,29868,364.60,364.38,-0.22,-31.5,-18.4,6.0,0.0,-19.1,-0.0,963,3980,0,30,-5
1343,191.64,29864,364.55,364.34,-0.21,-31.1,-17.4,6.0,0.0,-19.7,-0.0,913,3925,0,29,-8
1344,191.81,29857,364.47,364.26,-0.21,-28.8,-17.4,6.0,0.0,-17.4,-0.0,825,3848,0,26,-10
1345,191.98,29848,364.36,364.18,-0.18,-27.1,-15.3,5.9,0.0,-17.7,-0.0,713,3737,0,22,-14
1346,192.15,29838,364.23,364.10,-0.13,-23.0,-11.2,5.9,0.0,-17.7,-0.0,588,3610,0,16,-15
1347,192.25,29834,364.18,364.05,-0.13,-25.6,-11.2,5.9,0.0,-20.3,-0.0,538,3554,0,17,-18
1348,192.41,29824,364.06,363.97,-0.10,-20.0,-8.2,5.9,0.0,-17.7,-0.0,413,3431,0,10,-16
1349,192.50,29817,363.98,363.93,-0.05,-17.6,-4.1,5.9,0.0,-19.5,-0.0,325,3334,0,7,-16
1350,192.67,29808,363.87,363.84,-0.02,-13.9,-2.0,5.9,0.0,-17.8,-0.0,213,3227,0,3,-13
1351,192.84,29801,363.78,363.76,-0.01,-12.3,-1.0,5.9,0.0,-17.2,-0.0,125,3145,0,1,-12
1352,192.93,29796,363.72,363.72,0.00,-14.4,0.0,5.9,0.0,-20.4,-0.0,63,3071,0,0,-14
1353,193.10,29789,363.64,363.64,0.00,-11.6,0.0,5.9,0.0,-17.5,-0.0,4071,2996,0,-1,-11
1354,193.27,29777,363.49,363.55,0.06,-7.1,5.1,5.9,0.0,-18.1,-0.0,3921,2843,0,-2,-6
1355,193.36,29773,363.44,363.51,0.07,-6.3,6.1,5.9,0.0,-18.4,-0.0,3871,2794,0,-3,-6
1356,193.53,29766,363.35,363.43,0.07,-5.2,6.1,5.9,0.0,-17.3,-0.0,3784,2710,0,-3,-4
1357,193.69,29756,363.23,363.35,0.12,-0.5,10.2,5.9,0.0,-16.7,-0.0,3659,2586,0,0,0
1358,193.78,29750,363.16,363.31,0.15,-0.5,12.3,5.9,0.0,-18.7,-0.0,3584,2500,0,0,0
1359,193.95,29746,363.11,363.23,0.11,-3.3,9.2,6.0,0.0,-18.5,-0.0,3534,2463,0,-3,-2
1360,194.12,29734,362.96,363.15,0.18,4.3,15.3,6.0,0.0,-17.0,-0.0,3384,261,0,4,2
1361,194.28,29726,362.87,363.07,0.20,5.0,16.4,6.0,0.0,-17.3,-0.0,3284,162,0,5,1
1362,194.37,29720,362.79,363.02,0.23,6.9,19.4,6.0,0.0,-18.5,-0.0,3209,81,0,7,1
1363,194.53,29716,362.74,362.94,0.20,5.0,16.4,6.0,0.0,-17.3,-0.0,3159,40,0,5,0
1364,194.70,29705,362.61,362.86,0.26,9.2,21.5,6.0,0.0,-18.2,-0.0,3021,3991,0,9,-1
1365,194.79,29703,362.59,362.82,0.23,6.0,19.4,6.0,0.0,-19.4,-0.0,2996,3970,0,6,-1
1366,194.96,29696,362.50,362.73,0.23,8.3,19.4,6.0,0.0,-17.1,-0.0,2909,3891,0,8,-2
1367,195.13,29692,362.45,362.65,0.20,3.8,16.4,6.0,-0.0,-18.6,-0.0,2859,3842,0,3,-1
1368,195.23,29687,362.39,362.61,0.22,5.0,18.4,6.0,0.0,-19.4,-0.0,2796,3774,0,4,-2
1369,195.40,29684,362.35,362.52,0.17,2.3,14.3,6.0,-0.0,-18.0,-0.0,2759,3753,0,2,-1
1370,195.56,29676,362.26,362.44,0.18,2.5,15.3,6.0,-0.0,-18.9,-0.0,2659,3645,0,2,-2
1371,195.65,29674,362.23,362.40,0.17,1.2,14.3,6.0,-0.0,-19.2,-0.0,2634,3623,0,1,-1
1372,195.81,29666,362.13,362.32,0.18,3.9,15.3,6.0,-0.0,-17.5,-0.0,2534,3521,0,2,-3
1373,195.99,29659,362.05,362.23,0.18,3.6,15.3,6.1,-0.0,-17.8,-0.0,2446,3432,0,2,-3
1374,196.07,29656,362.01,362.19,0.18,2.5,15.3,6.1,0.0,-18.9,-0.0,2409,3389,0,1,-2
1375,196.25,29652,361.96,362.11,0.15,-0.6,12.3,6.1,-0.0,-19.0,-0.0,2359,1298,0,0,1
1376,196.41,29647,361.90,362.02,0.12,-2.1,10.2,6.1,-0.0,-18.4,-0.0,2296,1237,0,-1,2
1377,196.51,29643,361.85,361.98,0.12,-3.3,10.2,6.1,-0.0,-19.6,-0.0,2246,1186,0,-1,3
1378,196.67,29638,361.79,361.90,0.11,-2.0,9.2,6.1,-0.0,-17.2,-0.0,2184,1131,0,0,2
1379,196.84,29632,361.72,361.82,0.10,-3.3,8.2,6.1,-0.0,-17.6,-0.0,2109,1053,0,0,3
1380,196.93,29628,361.67,361.77,0.10,-5.3,8.2,6.1,-0.0,-19.6,-0.0,2059,997,0,0,5
1381,197.09,29626,361.65,361.69,0.05,-7.4,4.1,6.1,-0.0,-17.6,-0.0,2034,980,0,0,7
1382,197.27,29618,361.55,361.60,0.06,-7.0,5.1,6.1,-0.0,-18.2,-0.0,1934,880,0,1,7
1383,197.35,29613,361.49,361.56,0.07,-6.8,6.1,6.1,-0.0,-19.1,-0.0,1871,808,0,2,6
1384,197.53,29608,361.43,361.47,0.05,-9.2,4.1,6.1,-0.0,-19.4,-0.0,1809,748,0,4,8
1385,197.70,29607,361.41,361.39,-0.02,-14.2,-2.0,6.1,-0.0,-18.2,-0.0,1796,744,0,6,12
1386,197.79,29604,361.38,361.35,-0.04,-17.0,-3.1,6.1,-0.0,-20.0,-0.0,1759,700,0,8,14
1387,197.96,29599,361.32,361.26,-0.05,-15.1,-4.1,6.1,-0.0,-17.1,-0.0,1696,646,0,8,12
1388,198.13,29597,361.29,361.18,-0.11,-20.8,-9.2,6.1,-0.0,-17.7,-0.0,1671,627,0,12,17
1389,198.22,29597,361.29,361.13,-0.16,-27.5,-13.3,6.1,-0.0,-20.3,-0.0,1671,629,0,15,22
1390,198.39,29588,361.18,361.05,-0.13,-23.5,-11.2,6.1,-0.0,-18.3,-0.0,1559,507,0,16,16
1391,198.56,29584,361.13,360.96,-0.17,-26.5,-14.3,6.1,-0.0,-18.3,-0.0,1509,460,0,20,17
1392,198.65,29582,361.11,360.92,-0.18,-28.2,-15.3,6.1,-0.0,-18.9,-0.0,1484,434,0,21,17
1393,198.82,29578,361.06,360.84,-0.22,-30.4,-18.4,6.1,-0.0,-18.0,-0.0,1434,383,0,24,16
1394,198.99,29574,361.01,360.75,-0.26,-32.9,-21.5,6.0,-0.0,-17.5,-0.0,1384,333,0,28,16
1395,199.07,29570,360.96,360.71,-0.26,-35.0,-21.5,6.0,-0.0,-19.5,-0.0,1334,282,0,31,14
1396,199.25,29565,360.90,360.62,-0.28,-35.3,-23.5,6.0,-0.0,-17.8,-0.0,1271,220,0,32,11
1397,199.42,29559,360.83,360.54,-0.29,-36.3,-24.5,6.0,-0.0,-17.8,-0.0,1196,142,0,34,8
1398,199.51,29557,360.80,360.50,-0.31,-38.8,-25.6,6.0,-0.0,-19.3,-0.0,1171,115,0,37,7
1399,199.67,29552,360.74,360.41,-0.33,-39.1,-27.6,6.0,-0.0,-17.5,-0.0,1109,54,0,38,3
1400,199.84,29547,360.68,360.33,-0.35,-42.4,-29.7,6.0,-0.0,-18.7,-0.0,1046,4088,0,41,-1
1401,199.93,29542,360.62,360.28,-0.34,-42.9,-28.6,6.0,-0.0,-20.2,-0.0,984,4019,0,41,-5
1402,200.11,29533,360.51,360.20,-0.32,-39.1,-26.6,6.0,-0.0,-18.4,-0.0,871,3905,0,36,-11
1403,200.27,29528,360.45,360.11,-0.34,-40.8,-28.6,5.9,-0.0,-18.1,-0.0,809,3846,0,37,-15
1404,200.36,29525,360.41,360.07,-0.34,-41.7,-28.6,5.9,-0.0,-19.0,-0.0,771,3802,0,36,-18
1405,200.53,29518,360.33,359.98,-0.34,-41.4,-28.6,5.9,0.0,-18.7,-0.0,684,3713,0,33,-22
1406,200.70,29509,360.22,359.90,-0.32,-39.1,-26.6,5.9,0.0,-18.4,-0.0,571,3599,0,27,-26
1407,200.79,29502,360.13,359.85,-0.28,-37.5,-23.5,5.9,0.0,-19.9,-0.0,484,3507,0,23,-29
1408,200.96,29495,360.05,359.77,-0.28,-35.2,-23.5,5.9,0.0,-17.5,-0.0,396,3422,0,17,-29
1409,201.13,29489,359.97,359.68,-0.29,-37.7,-24.5,5.9,0.0,-19.0,-0.0,321,3345,0,15,-33
1410,201.23,29485,359.92,359.64,-0.29,-38.6,-24.5,5.9,0.0,-19.9,-0.0,271,3291,0,12,-35
1411,201.39,29475,359.80,359.55,-0.26,-33.5,-21.5,5.9,0.0,-17.8,-0.0,146,3170,0,5,-32
1412,201.56,29466,359.69,359.47,-0.22,-31.0,-18.4,5.9,0.0,-18.4,-0.0,34,3058,0,-1,-30
1413,201.65,29460,359.62,359.42,-0.20,-30.1,-16.4,5.8,0.0,-19.6,-0.0,4055,2976,0,-4,-29
1414,201.82,29449,359.48,359.34,-0.15,-25.2,-12.3,5.8,0.0,-18.7,-0.0,3917,2833,0,-9,-23
1415,201.99,29441,359.39,359.25,-0.13,-23.5,-11.2,5.8,0.0,-18.1,-0.0,3817,2736,0,-11,-20
1416,202.08,29436,359.33,359.21,-0.12,-23.4,-10.2,5.8,0.0,-19.0,-0.0,3755,2671,0,-13,-19
1417,202.25,29426,359.20,359.12,-0.09,-18.9,-7.2,5.8,0.0,-17.5,-0.0,3630,2550,0,-13,-13
1418,202.34,29420,359.13,359.08,-0.05,-18.8,-4.1,5.8,0.0,-20.5,-0.0,3555,2466,0,-15,-11
1419,202.51,29413,359.05,358.99,-0.05,-15.8,-4.1,5.8,0.0,-17.5,-0.0,3467,2393,0,-13,-8
1420,202.68,29402,358.91,358.91,0.00,-12.0,0.0,5.8,0.0,-17.8,-0.0,3330,2251,0,-11,-4
1421,202.85,29391,358.78,358.82,0.05,-9.7,4.1,5.8,0.0,-19.6,-0.0,3192,2105,0,-9,-1
1422,202.94,29386,358.72,358.78,0.06,-8.1,5.1,5.8,0.0,-19.0,-0.0,3130,2046,0,-8,0
1423,203.11,29376,358.59,358.69,0.10,-4.7,8.2,5.8,0.0,-18.7,-0.0,3005,1920,0,-4,1
1424,203.20,29371,358.53,358.65,0.11,-5.2,9.2,5.8,0.0,-20.2,-0.0,2942,1851,0,-5,1
1425,203.36,29362,358.42,358.56,0.15,0.3,12.3,5.8,0.0,-17.8,-0.0,2830,3797,0,0,0
1426,203.53,29353,358.31,358.48,0.17,1.7,14.3,5.8,0.0,-18.4,-0.0,2717,3685,0,1,-1
1427,203.69,29348,358.25,358.40,0.15,0.6,12.3,5.9,0.0,-17.5,-0.0,2655,3631,0,0,0
1428,203.77,29342,358.18,358.36,0.18,1.6,15.3,5.9,0.0,-19.6,-0.0,2580,3549,0,1,-1
1429,203.95,29334,358.08,358.27,0.20,4.7,16.4,5.9,0.0,-17.5,-0.0,2480,3456,0,3,-4
1430,204.11,29323,357.95,358.19,0.24,8.8,20.5,5.9,0.0,-17.5,-0.0,2342,3318,0,3,-8
1431,204.20,29320,357.91,358.15,0.23,5.4,19.4,5.9,0.0,-19.9,-0.0,2305,3275,0,2,-5
1432,204.36,29310,357.79,358.06,0.28,11.9,23.5,5.9,0.0,-17.5,-0.0,2180,3150,0,1,-11
1433,204.54,29304,357.71,357.98,0.27,9.4,22.5,5.9,0.0,-19.0,-0.0,2105,3076,0,0,-9
1434,204.63,29300,357.67,357.93,0.27,8.5,22.5,5.9,0.0,-19.9,-0.0,2055,3024,0,-1,-8
1435,204.80,29292,357.57,357.85,0.28,10.1,23.5,5.9,0.0,-19.3,-0.0,1955,2931,0,-2,-10
1436,204.97,29286,357.50,357.76,0.27,10.3,22.5,5.9,0.0,-18.1,-0.0,1880,2862,0,-3,-9
1437,205.06,29282,357.45,357.72,0.27,8.2,22.5,5.9,-0.0,-20.2,-0.0,1830,2809,0,-3,-7
1438,205.22,29275,357.36,357.64,0.28,12.2,23.5,5.9,0.0,-17.2,-0.0,1742,2726,0,-6,-10
1439,205.39,29269,357.29,357.55,0.27,10.6,22.5,6.0,-0.0,-17.8,-0.0,1667,2652,0,-6,-8
1440,205.48,29264,357.23,357.51,0.28,8.7,23.5,6.0,0.0,-20.8,-0.0,1605,2582,0,-6,-6
1441,205.65,29258,357.15,357.42,0.27,10.0,22.5,6.0,0.0,-18.4,-0.0,1530,2513,0,-7,-6
1442,205.82,29251,357.07,357.34,0.27,10.1,22.5,6.0,-0.0,-18.4,-0.0,1442,2426,0,-8,-5
1443,205.91,29247,357.02,357.29,0.27,8.9,22.5,6.0,-0.0,-19.6,-0.0,1392,2372,0,-8,-4
1444,206.08,29240,356.93,357.21,0.27,9.8,22.5,6.0,0.0,-18.7,-0.0,1305,2286,0,-9,-3
1445,206.25,29235,356.87,357.12,0.26,10.0,21.5,6.0,0.0,-17.5,-0.0,1242,2228,0,-9,-3
1446,206.34,29233,356.85,357.08,0.23,4.9,19.4,6.0,-0.0,-20.5,-0.0,1217,2200,0,-5,-1
1447,206.51,29229,356.80,356.99,0.20,4.9,16.4,6.0,-0.0,-17.5,-0.0,1167,2160,0,-5,-1
1448,206.67,29225,356.75,356.91,0.16,1.8,13.3,6.0,-0.0,-17.5,-0.0,1117,2117,0,-2,0
1449,206.84,29216,356.64,356.83,0.18,3.3,15.3,6.0,-0.0,-18.1,-0.0,1005,1997,0,-3,0
1450,206.92,29213,356.60,356.79,0.18,2.7,15.3,6.1,-0.0,-18.7,-0.0,967,1958,0,-3,0
1451,207.09,29211,356.58,356.70,0.12,-2.7,10.2,6.1,-0.0,-19.0,-0.0,942,3982,0,3,0
1452,207.26,29205,356.51,356.62,0.11,-3.5,9.2,6.1,-0.0,-18.7,-0.0,867,3905,0,3,-1
1453,207.35,29201,356.46,356.57,0.11,-4.7,9.2,6.1,-0.0,-19.9,-0.0,817,3850,0,4,-2
1454,207.51,29201,356.46,356.49,0.04,-9.0,3.1,6.1,-0.0,-18.1,-0.0,817,3867,0,8,-3
1455,207.62,29196,356.40,356.44,0.04,-14.9,3.1,6.1,-0.0,-24.1,-0.0,755,3795,0,13,-6
1456,207.78,29191,356.34,356.36,0.02,-9.4,2.0,6.1,-0.0,-17.5,-0.0,692,3736,0,8,-5
1457,207.96,29187,356.29,356.27,-0.01,-13.7,-1.0,6.1,-0.0,-18.7,-0.0,642,3688,0,11,-8
1458,208.12,29185,356.26,356.19,-0.07,-17.6,-6.1,6.1,-0.0,-17.5,-0.0,617,3667,0,13,-10
1459,208.22,29181,356.21,356.14,-0.07,-20.3,-6.1,6.1,-0.0,-20.2,-0.0,567,3607,0,14,-13
1460,208.39,29174,356.13,356.05,-0.07,-17.9,-6.1,6.1,-0.0,-17.8,-0.0,480,3525,0,11,-13
1461,208.47,29172,356.10,356.01,-0.10,-21.5,-8.2,6.1,-0.0,-19.3,-0.0,455,3498,0,13,-16
1462,208.64,29167,356.04,355.93,-0.12,-22.9,-10.2,6.1,-0.0,-18.7,-0.0,392,3434,0,12,-19
1463,208.81,29162,355.98,355.84,-0.13,-23.0,-11.2,6.0,-0.0,-17.8,-0.0,330,3369,0,10,-20
1464,208.98,29162,355.98,355.76,-0.23,-32.1,-19.4,6.0,-0.0,-18.7,-0.0,330,3379,0,14,-28
1465,209.07,29160,355.96,355.71,-0.24,-33.4,-20.5,6.0,-0.0,-19.0,-0.0,305,3356,0,14,-29
1466,209.23,29152,355.86,355.63,-0.23,-30.4,-19.4,6.0,-0.0,-17.0,-0.0,205,3252,0,8,-28
1467,209.40,29148,355.81,355.55,-0.27,-35.5,-22.5,6.0,-0.0,-19.0,-0.0,155,3201,0,7,-34
1468,209.49,29146,355.79,355.50,-0.28,-36.5,-23.5,6.0,-0.0,-19.0,-0.0,130,3177,0,6,-35
1469,209.66,29138,355.69,355.42,-0.27,-35.2,-22.5,6.0,-0.0,-18.7,-0.0,30,3066,0,0,-34
1470,209.83,29133,355.63,355.33,-0.29,-37.0,-24.5,6.0,-0.0,-18.4,-0.0,4063,3002,0,-4,-36
1471,209.92,29129,355.58,355.29,-0.29,-38.2,-24.5,6.0,-0.0,-19.6,-0.0,4013,2953,0,-7,-36
1472,210.09,29125,355.53,355.20,-0.33,-39.8,-27.6,6.0,-0.0,-18.1,-0.0,3963,2906,0,-10,-37
1473,210.26,29117,355.43,355.12,-0.31,-36.9,-25.6,5.9,-0.0,-17.2,-0.0,3863,2805,0,-14,-33
1474,210.35,29114,355.40,355.07,-0.32,-41.5,-26.6,5.9,-0.0,-20.8,-0.0,3826,2762,0,-18,-36
1475,210.51,29105,355.29,354.99,-0.29,-35.6,-24.5,5.9,0.0,-17.0,-0.0,3713,2651,0,-21,-28
1476,210.68,29100,355.22,354.91,-0.32,-39.4,-26.6,5.9,0.0,-18.7,-0.0,3651,2585,0,-26,-28
1477,210.76,29097,355.19,354.87,-0.32,-39.7,-26.6,5.9,0.0,-19.0,-0.0,3613,2546,0,-28,-27
1478,210.94,29090,355.10,354.78,-0.33,-41.3,-27.6,5.9,-0.0,-19.6,-0.0,3526,2460,0,-32,-24
1479,211.11,29079,354.97,354.69,-0.27,-34.8,-22.5,5.9,0.0,-18.1,-0.0,3388,2320,0,-31,-14
1480,211.20,29075,354.92,354.65,-0.27,-36.8,-22.5,5.9,0.0,-20.2,-0.0,3338,2266,0,-34,-12
1481,211.36,29066,354.81,354.57,-0.24,-32.1,-20.5,5.9,0.0,-17.5,-0.0,3226,2154,0,-31,-5
1482,211.53,29061,354.75,354.48,-0.27,-35.7,-22.5,5.9,0.0,-19.0,-0.0,3163,2088,0,-34,-2
1483,211.62,29053,354.65,354.44,-0.22,-33.4,-18.4,5.8,0.0,-20.8,-0.0,3063,1977,0,-32,4
1484,211.79,29046,354.57,354.35,-0.22,-31.0,-18.4,5.8,0.0,-18.4,-0.0,2976,1904,0,-29,7
1485,211.96,29038,354.47,354.26,-0.21,-30.3,-17.4,5.8,0.0,-18.7,-0.0,2876,1803,0,-27,11
1486,212.05,29034,354.42,354.22,-0.20,-29.9,-16.4,5.8,0.0,-19.3,-0.0,2826,1753,0,-26,13
1487,212.23,29024,354.30,354.14,-0.16,-25.9,-13.3,5.8,0.0,-18.4,-0.0,2701,1623,0,-20,15
1488,212.39,29011,354.14,354.05,-0.09,-18.9,-7.2,5.8,0.0,-17.5,-0.0,2538,1465,0,-11,14
1489,212.48,29007,354.09,354.01,-0.09,-21.0,-7.2,5.8,0.0,-19.6,-0.0,2488,1403,0,-11,17
1490,212.66,29000,354.00,353.92,-0.09,-19.8,-7.2,5.8,0.0,-18.4,-0.0,2401,1321,0,-8,17
1491,212.82,28990,353.88,353.84,-0.05,-16.1,-4.1,5.8,0.0,-17.8,-0.0,2276,1196,0,-4,15
1492,212.91,28984,353.81,353.79,-0.01,-13.9,-1.0,5.8,0.0,-18.7,-0.0,2201,1117,0,-2,13
1493,213.07,28978,353.74,353.71,-0.02,-13.8,-2.0,5.8,0.0,-17.5,-0.0,2126,1055,0,-1,13
1494,213.25,28963,353.55,353.62,0.07,-7.1,6.1,5.8,0.0,-19.0,-0.0,1938,851,0,2,7
1495,213.33,28959,353.50,353.58,0.07,-8.0,6.1,5.8,0.0,-19.9,-0.0,1888,798,0,3,7
1496,213.50,28947,353.36,353.50,0.13,-1.1,11.2,5.8,0.0,-18.1,-0.0,1738,651,0,1,1
1497,213.68,28942,353.30,353.41,0.11,-3.1,9.2,5.8,0.0,-18.1,-0.0,1676,598,0,2,2
1498,213.76,28937,353.23,353.37,0.13,-1.7,11.2,5.8,0.0,-18.7,-0.0,1613,528,0,1,1
1499,213.93,28926,353.10,353.28,0.18,2.7,15.3,5.8,0.0,-18.4,-0.0,1476,2446,0,-2,-2
1500,214.10,28919,353.02,353.20,0.18,3.6,15.3,5.8,0.0,-17.5,-0.0,1388,2364,0,-3,-2
1501,214.19,28913,352.94,353.15,0.21,4.2,17.4,5.8,0.0,-19.0,-0.0,1313,2285,0,-4,-1
1502,214.36,28904,352.83,353.07,0.23,7.4,19.4,5.9,0.0,-17.8,-0.0,1201,2170,0,-7,-1
1503,214.52,28899,352.77,352.99,0.22,6.7,18.4,5.9,0.0,-17.5,-0.0,1138,2117,0,-6,-1
1504,214.69,28892,352.69,352.90,0.22,5.6,18.4,5.9,0.0,-18.7,-0.0,1051,2027,0,-5,0
1505,214.76,28888,352.64,352.87,0.23,8.7,19.4,5.9,0.0,-16.6,-0.0,1001,1982,0,-8,1
1506,214.94,28878,352.51,352.78,0.27,9.1,22.5,5.9,0.0,-19.3,-0.0,876,1852,0,-8,3
1507,215.11,28870,352.42,352.69,0.28,11.6,23.5,5.9,0.0,-17.8,-0.0,776,1752,0,-10,5
1508,215.20,28869,352.40,352.65,0.24,5.8,20.5,5.9,0.0,-20.5,-0.0,763,1737,0,-5,3
1509,215.36,28863,352.33,352.57,0.23,7.5,19.4,5.9,0.0,-17.8,-0.0,688,1670,0,-6,4
1510,215.53,28854,352.22,352.48,0.26,9.0,21.5,5.9,0.0,-18.4,-0.0,576,1558,0,-6,6
1511,215.63,28852,352.20,352.43,0.23,4.9,19.4,5.9,-0.0,-20.5,-0.0,551,1532,0,-3,3
1512,215.79,28846,352.12,352.35,0.23,7.2,19.4,5.9,-0.0,-18.1,-0.0,476,1465,0,-4,5
1513,215.97,28838,352.03,352.26,0.24,7.7,20.5,5.9,0.0,-18.7,-0.0,376,1356,0,-4,6
1514,216.05,28834,351.98,352.22,0.24,6.8,20.5,6.0,0.0,-19.6,-0.0,326,1305,0,-3,6
1515,216.22,28829,351.92,352.14,0.22,7.1,18.4,6.0,-0.0,-17.2,-0.0,263,1252,0,-2,6
1516,216.39,28824,351.86,352.05,0.20,4.8,16.4,6.0,-0.0,-17.5,-0.0,201,1188,0,-1,5
1517,216.48,28823,351.84,352.01,0.17,0.4,14.3,6.0,-0.0,-19.9,-0.0,188,1175,0,0,0
1518,216.64,28814,351.73,351.93,0.20,5.7,16.4,6.0,-0.0,-16.6,-0.0,76,1068,0,0,6
1519,216.81,28809,351.67,351.84,0.17,2.8,14.3,6.0,-0.0,-17.5,-0.0,13,1004,0,0,3
1520,216.97,28805,351.62,351.76,0.13,-1.2,11.2,6.0,-0.0,-18.4,-0.0,4059,3003,0,0,-1
1521,217.05,28802,351.59,351.72,0.13,-1.5,11.2,6.0,-0.0,-18.7,-0.0,4022,2964,0,0,-1
1522,217.23,28795,351.50,351.64,0.13,-1.8,11.2,6.0,-0.0,-19.0,-0.0,3934,2872,0,-1,-2
1523,217.40,28789,351.43,351.55,0.12,-1.6,10.2,6.0,-0.0,-17.8,-0.0,3859,2804,0,-1,-1
1524,217.49,28786,351.39,351.51,0.11,-3.5,9.2,6.0,-0.0,-18.7,-0.0,3822,2763,0,-2,-3
1525,217.66,28782,351.34,351.42,0.07,-5.7,6.1,6.0,-0.0,-17.8,-0.0,3772,2715,0,-3,-5
1526,217.83,28777,351.28,351.33,0.05,-8.9,4.1,6.0,-0.0,-19.0,-0.0,3709,2652,0,-5,-7
1527,217.91,28774,351.25,351.29,0.05,-9.5,4.1,6.0,-0.0,-19.6,-0.0,3672,2615,0,-6,-7
1528,218.09,28771,351.21,351.20,0.00,-12.4,0.0,6.0,-0.0,-18.4,-0.0,3634,2584,0,-8,-9
1529,218.18,28770,351.20,351.16,-0.04,-17.9,-3.1,6.0,-0.0,-20.8,-0.0,3622,2572,0,-12,-12
1530,218.35,28765,351.14,351.07,-0.06,-16.6,-5.1,6.0,-0.0,-17.5,-0.0,3559,2511,0,-12,-11
1531,218.51,28758,351.05,350.99,-0.06,-16.6,-5.1,6.0,-0.0,-17.5,-0.0,3472,2421,0,-14,-9
1532,218.68,28755,351.01,350.91,-0.11,-21.0,-9.2,6.0,-0.0,-17.8,-0.0,3434,2387,0,-18,-10
1533,218.77,28755,351.01,350.86,-0.15,-25.9,-12.3,6.0,-0.0,-19.6,-0.0,3434,2385,0,-22,-12
1534,218.93,28750,350.95,350.78,-0.17,-26.5,-14.3,6.0,-0.0,-18.1,-0.0,3372,2325,0,-23,-11
1535,219.09,28743,350.87,350.70,-0.17,-26.2,-14.3,6.0,-0.0,-17.8,-0.0,3284,2232,0,-24,-7
1536,219.18,28743,350.87,350.66,-0.21,-30.4,-17.4,6.0,-0.0,-19.0,-0.0,3284,2237,0,-28,-8
1537,219.35,28742,350.85,350.57,-0.28,-35.4,-23.5,6.0,-0.0,-17.8,-0.0,3272,2229,0,-33,-9
1538,219.52,28738,350.81,350.49,-0.32,-39.3,-26.6,6.0,-0.0,-18.7,-0.0,3222,2177,0,-37,-7
1539,219.61,28732,350.73,350.44,-0.29,-39.1,-24.5,6.0,-0.0,-20.5,-0.0,3147,2093,0,-38,-3
1540,219.78,28727,350.67,350.36,-0.32,-38.8,-26.6,5.9,-0.0,-18.1,-0.0,3084,2037,0,-38,1
1541,219.95,28721,350.60,350.27,-0.33,-40.4,-27.6,5.9,-0.0,-18.7,-0.0,3009,1952,0,-39,6
1542,220.04,28718,350.56,350.23,-0.33,-41.3,-27.6,5.9,-0.0,-19.6,-0.0,2972,1911,0,-39,8
1543,220.22,28712,350.49,350.14,-0.35,-43.1,-29.7,5.9,-0.0,-19.3,-0.0,2897,1833,0,-39,14
1544,220.39,28707,350.43,350.05,-0.38,-44.2,-31.7,5.9,-0.0,-18.4,-0.0,2834,1775,0,-39,17
1545,220.48,28699,350.33,350.01,-0.32,-40.9,-26.6,5.9,0.0,-20.2,-0.0,2734,1666,0,-33,22
1546,220.65,28695,350.28,349.92,-0.35,-42.2,-29.7,5.9,-0.0,-18.4,-0.0,2684,1622,0,-32,25
1547,220.81,28688,350.20,349.84,-0.35,-41.7,-29.7,5.9,-0.0,-17.8,-0.0,2597,1534,0,-28,29
1548,220.90,28686,350.17,349.80,-0.38,-46.4,-31.7,5.8,-0.0,-20.5,-0.0,2572,1506,0,-30,33
1549,221.07,28679,350.09,349.71,-0.38,-44.0,-31.7,5.8,0.0,-18.1,-0.0,2484,1419,0,-24,35
1550,221.24,28670,349.98,349.63,-0.35,-41.7,-29.7,5.8,-0.0,-17.8,-0.0,2372,1309,0,-17,37
1551,221.33,28667,349.94,349.58,-0.35,-43.8,-29.7,5.8,0.0,-19.9,-0.0,2334,1265,0,-15,40
1552,221.50,28657,349.82,349.50,-0.32,-39.2,-26.6,5.8,0.0,-18.4,-0.0,2209,1140,0,-7,37
1553,221.67,28646,349.68,349.41,-0.27,-34.2,-22.5,5.8,0.0,-17.5,-0.0,2072,997,0,1,33
1554,221.76,28642,349.63,349.37,-0.27,-36.3,-22.5,5.8,0.0,-19.6,-0.0,2022,940,0,5,35
1555,221.93,28631,349.50,349.28,-0.22,-31.4,-18.4,5.8,0.0,-18.7,-0.0,1884,802,0,10,29
1556,222.10,28623,349.40,349.20,-0.21,-29.5,-17.4,5.8,0.0,-17.8,-0.0,1784,704,0,13,25
1557,222.18,28619,349.35,349.16,-0.20,-29.3,-16.4,5.8,0.0,-18.7,-0.0,1734,653,0,15,24
1558,222.35,28609,349.23,349.07,-0.16,-25.1,-13.3,5.8,0.0,-17.5,-0.0,1609,533,0,17,18
1559,222.53,28598,349.10,348.98,-0.11,-22.5,-9.2,5.7,0.0,-19.0,-0.0,1472,391,0,18,12
1560,222.62,28593,349.04,348.94,-0.10,-22.4,-8.2,5.7,0.0,-19.9,-0.0,1409,325,0,19,10
1561,222.79,28583,348.91,348.85,-0.06,-17.2,-5.1,5.7,0.0,-17.8,-0.0,1284,203,0,16,5
1562,222.96,28571,348.77,348.77,0.00,-11.8,0.0,5.7,0.0,-17.5,-0.0,1134,48,0,11,1
1563,223.05,28567,348.72,348.72,0.00,-13.9,0.0,5.7,0.0,-19.6,-0.0,1084,4091,0,13,0
1564,223.22,28555,348.57,348.64,0.06,-7.9,5.1,5.7,0.0,-18.7,-0.0,934,3942,0,7,-2
1565,223.39,28549,348.50,348.55,0.05,-8.0,4.1,5.7,0.0,-17.8,-0.0,859,3877,0,7,-3
1566,223.48,28546,348.46,348.51,0.05,-10.7,4.1,5.7,0.0,-20.5,-0.0,822,3834,0,10,-4
1567,223.65,28535,348.33,348.42,0.10,-3.6,8.2,5.7,0.0,-17.5,-0.0,684,3706,0,3,-2
1568,223.74,28529,348.25,348.38,0.12,-3.6,10.2,5.8,0.0,-19.6,-0.0,609,3622,0,3,-2
1569,223.90,28521,348.16,348.30,0.15,-0.4,12.3,5.8,0.0,-18.4,-0.0,509,3530,0,0,0
1570,224.05,28511,348.03,348.22,0.18,3.3,15.3,5.8,0.0,-17.8,-0.0,384,1352,0,-2,3
1571,224.23,28501,347.91,348.13,0.22,5.8,18.4,5.8,0.0,-18.4,-0.0,259,1223,0,-2,5
1572,224.32,28498,347.88,348.09,0.21,3.5,17.4,5.8,0.0,-19.6,-0.0,222,1186,0,-1,3
1573,224.49,28488,347.75,348.00,0.24,6.9,20.5,5.8,0.0,-19.3,-0.0,97,1063,0,0,7
1574,224.66,28479,347.64,347.92,0.27,10.2,22.5,5.8,0.0,-18.1,-0.0,4080,953,0,1,10
1575,224.82,28471,347.55,347.84,0.29,11.9,24.5,5.8,0.0,-18.4,-0.0,3980,857,0,3,11
1576,224.91,28469,347.52,347.79,0.27,8.4,22.5,5.8,0.0,-19.9,-0.0,3955,831,0,2,8
1577,225.07,28460,347.41,347.71,0.29,11.9,24.5,5.8,0.0,-18.4,-0.0,3843,720,0,5,10
1578,225.25,28453,347.33,347.63,0.31,14.2,25.6,5.8,0.0,-17.2,-0.0,3755,642,0,8,11
1579,225.33,28449,347.28,347.58,0.31,11.5,25.6,5.8,0.0,-19.9,-0.0,3705,584,0,7,9
1580,225.49,28441,347.18,347.50,0.32,15.2,26.6,5.9,0.0,-17.2,-0.0,3605,491,0,11,10
1581,225.66,28436,347.12,347.42,0.29,12.3,24.5,5.9,0.0,-18.1,-0.0,3543,428,0,9,7
1582,225.75,28432,347.07,347.37,0.31,12.4,25.6,5.9,0.0,-19.0,-0.0,3493,378,0,10,7
1583,225.92,28426,347.00,347.29,0.29,12.0,24.5,5.9,-0.0,-18.4,-0.0,3418,306,0,10,5
1584,226.09,28421,346.94,347.20,0.27,10.6,22.5,5.9,-0.0,-17.8,-0.0,3355,248,0,10,4
1585,226.18,28418,346.90,347.16,0.26,6.6,21.5,5.9,-0.0,-20.8,-0.0,3318,208,0,6,2
1586,226.35,28412,346.83,347.07,0.24,8.5,20.5,5.9,-0.0,-17.8,-0.0,3243,137,0,8,2
1587,226.52,28404,346.73,346.99,0.26,9.0,21.5,5.9,-0.0,-18.4,-0.0,3143,37,0,9,0
1588,226.61,28403,346.72,346.94,0.23,6.3,19.4,5.9,-0.0,-19.0,-0.0,3130,23,0,6,0
1589,226.78,28395,346.62,346.86,0.24,8.3,20.5,5.9,-0.0,-18.1,-0.0,3030,4016,0,8,-1
1590,226.95,28391,346.57,346.77,0.21,5.8,17.4,6.0,-0.0,-17.5,-0.0,2980,3970,0,6,-1
1591,227.03,28389,346.55,346.73,0.18,1.7,15.3,6.0,-0.0,-19.6,-0.0,2955,3943,0,2,0
1592,227.21,28382,346.46,346.64,0.18,3.2,15.3,6.0,-0.0,-18.1,-0.0,2868,3860,0,3,-1
1593,227.37,28380,346.44,346.56,0.12,-2.2,10.2,6.0,-0.0,-18.4,-0.0,2843,1791,0,-2,1
1594,227.46,28379,346.42,346.52,0.10,-5.8,8.2,6.0,-0.0,-19.9,-0.0,2830,1781,0,-5,2
1595,227.63,28371,346.33,346.43,0.11,-3.2,9.2,6.0,-0.0,-18.4,-0.0,2730,1677,0,-3,2
1596,227.80,28367,346.28,346.34,0.07,-6.9,6.1,6.0,-0.0,-19.0,-0.0,2680,1628,0,-5,4
1597,227.89,28363,346.23,346.30,0.07,-7.8,6.1,6.0,-0.0,-19.9,-0.0,2630,1576,0,-6,5
1598,228.06,28357,346.15,346.22,0.06,-6.7,5.1,6.0,-0.0,-17.8,-0.0,2555,1498,0,-4,5
1599,228.24,28355,346.13,346.13,0.00,-11.6,0.0,6.0,-0.0,-17.5,-0.0,2530,1478,0,-7,9
1600,228.31,28353,346.11,346.09,-0.01,-12.3,-1.0,6.0,-0.0,-17.2,-0.0,2505,1456,0,-7,9
1601,228.47,28351,346.08,346.01,-0.07,-18.0,-6.1,6.0,-0.0,-17.8,-0.0,2480,1433,0,-10,14
1602,228.64,28347,346.03,345.93,-0.11,-20.8,-9.2,6.0,-0.0,-17.5,-0.0,2430,1387,0,-11,17
1603,228.80,28339,345.94,345.85,-0.09,-18.7,-7.2,6.0,-0.0,-17.5,-0.0,2330,1282,0,-7,17
1604,228.89,28339,345.94,345.80,-0.13,-25.2,-11.2,6.0,-0.0,-19.9,-0.0,2330,1279,0,-9,23
1605,229.05,28333,345.86,345.72,-0.15,-24.4,-12.3,6.0,-0.0,-18.1,-0.0,2255,1204,0,-6,23
1606,229.23,28329,345.81,345.63,-0.18,-28.1,-15.3,6.0,-0.0,-18.7,-0.0,2205,1152,0,-5,27
1607,229.32,28327,345.79,345.59,-0.20,-30.3,-16.4,6.0,-0.0,-19.9,-0.0,2180,1124,0,-4,29
1608,229.50,28322,345.73,345.50,-0.23,-32.8,-19.4,5.9,-0.0,-19.3,-0.0,2118,1068,0,-2,32
1609,229.66,28319,345.69,345.42,-0.28,-36.0,-23.5,5.9,-0.0,-18.4,-0.0,2080,1031,0,0,35
1610,229.75,28317,345.67,345.37,-0.29,-38.8,-24.5,5.9,-0.0,-20.2,-0.0,2055,1006,0,1,38
1611,229.92,28310,345.58,345.29,-0.29,-36.5,-24.5,5.9,-0.0,-17.8,-0.0,1968,917,0,6,35
1612,230.10,28305,345.52,345.20,-0.32,-40.0,-26.6,5.9,-0.0,-19.3,-0.0,1905,851,0,10,37
1613,230.19,28302,345.48,345.15,-0.33,-41.6,-27.6,5.9,-0.0,-19.9,-0.0,1868,813,0,13,38
1614,230.35,28298,345.43,345.07,-0.37,-42.7,-30.7,5.9,-0.0,-17.8,-0.0,1818,764,0,16,38
1615,230.53,28289,345.32,344.98,-0.34,-41.5,-28.6,5.9,-0.0,-18.7,-0.0,1705,643,0,22,34
1616,230.61,28286,345.29,344.94,-0.34,-42.1,-28.6,5.9,-0.0,-19.3,-0.0,1668,607,0,24,33
1617,230.79,28280,345.21,344.85,-0.37,-44.5,-30.7,5.8,-0.0,-19.6,-0.0,1593,530,0,30,31
1618,230.87,28278,345.19,344.81,-0.38,-44.9,-31.7,5.8,-0.0,-19.0,-0.0,1568,508,0,31,31
1619,231.05,28271,345.10,344.72,-0.38,-44.9,-31.7,5.8,-0.0,-19.0,-0.0,1480,415,0,35,26
1620,231.21,28262,345.00,344.64,-0.35,-41.7,-29.7,5.8,-0.0,-17.8,-0.0,1368,306,0,36,18
1621,231.30,28260,344.97,344.60,-0.38,-45.8,-31.7,5.8,-0.0,-19.9,-0.0,1343,278,0,40,18
1622,231.48,28252,344.87,344.51,-0.37,-44.5,-30.7,5.8,0.0,-19.6,-0.0,1243,175,0,42,11
1623,231.64,28240,344.73,344.43,-0.31,-37.9,-25.6,5.8,0.0,-18.1,-0.0,1093,18,0,37,1
1624,231.73,28237,344.69,344.38,-0.31,-40.0,-25.6,5.8,0.0,-20.2,-0.0,1055,4072,0,39,-1
1625,231.90,28226,344.56,344.30,-0.26,-33.9,-21.5,5.7,0.0,-18.1,-0.0,918,3938,0,32,-8
1626,232.07,28216,344.43,344.21,-0.22,-30.8,-18.4,5.7,0.0,-18.1,-0.0,793,3804,0,27,-13
1627,232.16,28210,344.36,344.17,-0.20,-30.5,-16.4,5.7,0.0,-19.9,-0.0,718,3723,0,25,-16
1628,232.33,28202,344.26,344.08,-0.18,-28.9,-15.3,5.7,0.0,-19.3,-0.0,618,3632,0,21,-18
1629,232.50,28195,344.18,344.00,-0.18,-27.2,-15.3,5.7,0.0,-17.5,-0.0,530,3551,0,18,-20
1630,232.59,28192,344.14,343.95,-0.18,-29.0,-15.3,5.7,0.0,-19.3,-0.0,493,3513,0,18,-22
1631,232.76,28181,344.01,343.87,-0.13,-23.7,-11.2,5.7,0.0,-18.1,-0.0,355,3376,0,10,-20
1632,232.92,28170,343.87,343.79,-0.09,-19.0,-7.2,5.7,0.0,-17.5,-0.0,218,3239,0,5,-18
1633,233.09,28159,343.74,343.70,-0.04,-16.4,-3.1,5.7,0.0,-19.0,-0.0,80,3092,0,0,-16
1634,233.18,28153,343.66,343.66,-0.01,-14.4,-1.0,5.7,0.0,-19.0,-0.0,5,3013,0,-1,-14
1635,233.36,28145,343.57,343.57,0.00,-12.1,0.0,5.7,0.0,-17.8,-0.0,4001,2919,0,-3,-11
1636,233.52,28136,343.46,343.49,0.04,-10.3,3.1,5.7,0.0,-19.0,-0.0,3889,2802,0,-4,-9
1637,233.60,28129,343.37,343.45,0.07,-7.2,6.1,5.7,0.0,-19.0,-0.0,3801,2714,0,-4,-6
1638,233.77,28122,343.29,343.36,0.07,-6.6,6.1,5.7,0.0,-18.4,-0.0,3714,2635,0,-4,-5
1639,233.94,28110,343.14,343.28,0.13,-1.2,11.2,5.7,0.0,-18.1,-0.0,3564,2487,0,-1,-1
1640,234.03,28105,343.08,343.23,0.16,-0.3,13.3,5.7,0.0,-19.3,-0.0,3501,2415,0,0,0
1641,234.20,28096,342.97,343.15,0.18,3.5,15.3,5.7,0.0,-17.5,-0.0,3389,261,0,3,1
1642,234.38,28089,342.88,343.06,0.17,-0.2,14.3,5.7,0.0,-20.2,-0.0,3301,2221,0,0,0
1643,234.47,28082,342.80,343.01,0.22,4.2,18.4,5.7,0.0,-19.9,-0.0,3214,79,0,4,0
1644,234.63,28072,342.68,342.93,0.26,9.7,21.5,5.7,0.0,-17.5,-0.0,3089,4060,0,9,-1
1645,234.80,28065,342.59,342.85,0.26,8.8,21.5,5.8,0.0,-18.4,-0.0,3001,3971,0,8,-2
1646,234.89,28062,342.55,342.80,0.26,8.2,21.5,5.8,0.0,-19.0,-0.0,2964,3936,0,8,-2
1647,235.05,28054,342.46,342.72,0.27,10.1,22.5,5.8,0.0,-18.1,-0.0,2864,3836,0,9,-4
1648,235.21,28048,342.38,342.64,0.26,9.7,21.5,5.8,0.0,-17.5,-0.0,2789,3772,0,8,-4
1649,235.30,28043,342.32,342.60,0.27,8.4,22.5,5.8,0.0,-19.9,-0.0,2726,3703,0,7,-5
1650,235.47,28035,342.22,342.51,0.29,12.5,24.5,5.8,0.0,-17.8,-0.0,2626,3606,0,9,-8
1651,235.63,28030,342.16,342.43,0.27,10.8,22.5,5.8,0.0,-17.5,-0.0,2564,3547,0,7,-8
1652,235.80,28023,342.08,342.35,0.27,9.6,22.5,5.8,-0.0,-18.7,-0.0,2476,3461,0,5,-8
1653,235.89,28019,342.03,342.30,0.27,8.4,22.5,5.8,0.0,-19.9,-0.0,2426,3403,0,4,-7
1654,236.06,28010,341.92,342.22,0.29,10.8,24.5,5.8,-0.0,-19.6,-0.0,2314,3295,0,3,-10
1655,236.23,28006,341.87,342.13,0.27,10.8,22.5,5.9,0.0,-17.5,-0.0,2264,3247,0,3,-10
1656,236.31,28006,341.87,342.09,0.22,6.7,18.4,5.9,-0.0,-17.5,-0.0,2264,3254,0,2,-6
1657,236.48,27998,341.77,342.01,0.23,6.6,19.4,5.9,-0.0,-18.7,-0.0,2164,3150,0,1,-6
1658,236.65,27991,341.69,341.92,0.23,7.5,19.4,5.9,-0.0,-17.8,-0.0,2076,3068,0,0,-7
1659,236.74,27989,341.66,341.88,0.21,2.8,17.4,5.9,-0.0,-20.5,-0.0,2051,3040,0,0,-3
1660,236.91,27985,341.61,341.79,0.18,3.1,15.3,5.9,-0.0,-18.1,-0.0,2001,2994,0,0,-3
1661,237.08,27976,341.50,341.71,0.21,4.9,17.4,5.9,-0.0,-18.4,-0.0,1889,2875,0,-1,-4
1662,237.17,27974,341.48,341.66,0.18,2.8,15.3,5.9,-0.0,-18.4,-0.0,1864,2853,0,-1,-3
1663,237.34,27969,341.42,341.58,0.16,-0.4,13.3,5.9,-0.0,-19.6,-0.0,1801,743,0,0,0
1664,237.51,27965,341.37,341.49,0.12,-1.4,10.2,5.9,-0.0,-17.5,-0.0,1751,697,0,1,1
1665,237.60,27963,341.35,341.45,0.11,-4.8,9.2,5.9,-0.0,-19.9,-0.0,1726,667,0,2,4
1666,237.77,27956,341.26,341.36,0.10,-4.3,8.2,5.9,-0.0,-18.4,-0.0,1639,586,0,3,3
1667,237.94,27951,341.20,341.28,0.07,-6.1,6.1,5.9,-0.0,-18.1,-0.0,1576,522,0,4,4
1668,238.02,27951,341.20,341.24,0.04,-8.5,3.1,5.9,-0.0,-17.5,-0.0,1576,527,0,6,6
1669,238.19,27946,341.14,341.15,0.01,-10.6,1.0,5.9,-0.0,-17.5,-0.0,1514,463,0,8,7
1670,238.35,27943,341.10,341.07,-0.02,-13.7,-2.0,5.9,-0.0,-17.5,-0.0,1476,430,0,10,8
1671,238.44,27939,341.05,341.03,-0.02,-16.3,-2.0,5.9,-0.0,-20.2,-0.0,1426,374,0,13,9
1672,238.61,27936,341.02,340.94,-0.07,-18.6,-6.1,5.9,-0.0,-18.4,-0.0,1389,342,0,16,9
1673,238.78,27932,340.97,340.86,-0.11,-20.8,-9.2,5.9,-0.0,-17.5,-0.0,1339,292,0,18,9
1674,238.87,27932,340.97,340.81,-0.16,-26.7,-13.3,5.9,-0.0,-19.3,-0.0,1339,293,0,23,11
1675,239.04,27925,340.88,340.73,-0.16,-25.2,-13.3,5.9,-0.0,-17.8,-0.0,1251,201,0,23,7
1676,239.20,27922,340.84,340.65,-0.20,-28.0,-16.4,5.9,-0.0,-17.5,-0.0,1214,167,0,26,7
1677,239.38,27919,340.81,340.56,-0.24,-34.2,-20.5,5.9,-0.0,-19.6,-0.0,1176,128,0,32,6
1678,239.46,27917,340.78,340.52,-0.27,-35.9,-22.5,5.9,-0.0,-19.3,-0.0,1151,104,0,34,6
1679,239.63,27911,340.71,340.43,-0.28,-36.4,-23.5,5.9,-0.0,-18.7,-0.0,1076,28,0,35,2
1680,239.72,27910,340.70,340.39,-0.32,-40.7,-26.6,5.9,-0.0,-19.9,-0.0,1064,16,0,39,1
1681,239.89,27905,340.64,340.30,-0.33,-39.3,-27.6,5.9,-0.0,-17.5,-0.0,1001,4049,0,38,-3
1682,240.05,27897,340.54,340.22,-0.32,-39.2,-26.6,5.8,-0.0,-18.4,-0.0,901,3940,0,37,-9
1683,240.22,27895,340.52,340.14,-0.38,-43.1,-31.7,5.8,-0.0,-17.2,-0.0,876,3921,0,40,-11
1684,240.31,27890,340.45,340.09,-0.35,-43.5,-29.7,5.8,-0.0,-19.6,-0.0,814,3852,0,39,-15
1685,240.48,27884,340.38,340.01,-0.38,-44.6,-31.7,5.8,-0.0,-18.7,-0.0,739,3774,0,38,-20
1686,240.65,27877,340.30,339.92,-0.38,-45.5,-31.7,5.8,-0.0,-19.6,-0.0,651,3687,0,36,-26
1687,240.74,27876,340.28,339.88,-0.40,-46.7,-33.8,5.8,-0.0,-18.7,-0.0,639,3679,0,36,-27
1688,240.91,27866,340.16,339.79,-0.37,-43.7,-30.7,5.8,0.0,-18.7,-0.0,514,3543,0,28,-32
1689,241.08,27858,340.06,339.71,-0.35,-42.7,-29.7,5.7,0.0,-18.7,-0.0,414,3443,0,22,-35
1690,241.17,27856,340.04,339.66,-0.38,-45.9,-31.7,5.7,0.0,-19.9,-0.0,389,3417,0,22,-38
1691,241.35,27847,339.93,339.57,-0.35,-43.2,-29.7,5.7,0.0,-19.3,-0.0,276,3302,0,14,-39
1692,241.44,27842,339.87,339.53,-0.34,-42.2,-28.6,5.7,0.0,-19.3,-0.0,214,3235,0,10,-40
1693,241.61,27838,339.82,339.44,-0.38,-44.8,-31.7,5.7,-0.0,-18.7,-0.0,164,3195,0,8,-43
1694,241.78,27829,339.71,339.36,-0.35,-42.1,-29.7,5.7,0.0,-18.1,-0.0,51,3082,0,1,-41
1695,241.87,27822,339.62,339.31,-0.31,-39.5,-25.6,5.7,0.0,-19.6,-0.0,4060,2983,0,-5,-38
1696,242.03,27812,339.50,339.23,-0.27,-35.3,-22.5,5.7,0.0,-18.4,-0.0,3935,2859,0,-11,-32
1697,242.19,27802,339.38,339.15,-0.23,-30.7,-19.4,5.7,0.0,-17.0,-0.0,3810,2733,0,-15,-26
1698,242.37,27792,339.26,339.06,-0.20,-29.8,-16.4,5.6,0.0,-19.0,-0.0,3685,2600,0,-19,-22
1699,242.45,27788,339.21,339.02,-0.18,-28.7,-15.3,5.6,0.0,-19.0,-0.0,3635,2548,0,-20,-19
1700,242.62,27779,339.10,338.94,-0.16,-26.1,-13.3,5.6,0.0,-18.4,-0.0,3522,2444,0,-21,-14
1701,242.79,27767,338.95,338.85,-0.10,-20.1,-8.2,5.6,0.0,-17.5,-0.0,3372,2290,0,-18,-7
1702,242.87,27763,338.90,338.81,-0.10,-22.5,-8.2,5.6,0.0,-19.9,-0.0,3322,2235,0,-21,-6
1703,243.04,27752,338.77,338.72,-0.05,-16.0,-4.1,5.6,0.0,-17.5,-0.0,3185,2104,0,-15,-1
1704,243.22,27744,338.67,338.64,-0.04,-15.9,-3.1,5.6,0.0,-18.4,-0.0,3085,2004,0,-15,1
1705,243.31,27737,338.59,338.59,0.01,-14.8,1.0,5.6,0.0,-21.4,-0.0,2997,1901,0,-14,3
1706,243.48,27728,338.48,338.51,0.04,-9.4,3.1,5.6,0.0,-18.1,-0.0,2885,1805,0,-9,3
1707,243.65,27713,338.29,338.42,0.12,-2.9,10.2,5.6,0.0,-18.7,-0.0,2697,1609,0,-2,2
1708,243.74,27709,338.24,338.38,0.13,-2.4,11.2,5.6,0.0,-19.3,-0.0,2647,1557,0,-2,2
1709,243.90,27698,338.11,338.30,0.18,2.6,15.3,5.6,0.0,-18.4,-0.0,2510,3467,0,1,-2
1710,244.07,27691,338.02,338.21,0.18,3.5,15.3,5.6,0.0,-17.5,-0.0,2422,3387,0,2,-3
1711,244.15,27687,337.98,338.17,0.20,3.6,16.4,5.7,0.0,-18.4,-0.0,2372,3335,0,1,-3
1712,244.31,27676,337.84,338.09,0.24,10.1,20.5,5.7,0.0,-16.0,-0.0,2235,3210,0,2,-10
1713,244.48,27667,337.73,338.01,0.28,11.4,23.5,5.7,0.0,-17.8,-0.0,2122,3091,0,0,-11
1714,244.57,27662,337.67,337.96,0.29,10.3,24.5,5.7,0.0,-19.9,-0.0,2060,3025,0,-1,-10
1715,244.73,27655,337.59,337.88,0.29,12.7,24.5,5.7,0.0,-17.5,-0.0,1972,2944,0,-2,-12
1716,244.90,27648,337.50,337.80,0.29,12.7,24.5,5.7,0.0,-17.5,-0.0,1885,2859,0,-4,-12
1717,245.07,27638,337.38,337.71,0.33,14.9,27.6,5.7,0.0,-18.4,-0.0,1760,2731,0,-7,-13
1718,245.15,27634,337.33,337.67,0.34,15.3,28.6,5.7,0.0,-19.0,-0.0,1710,2683,0,-8,-12
1719,245.32,27626,337.23,337.59,0.35,16.7,29.7,5.7,0.0,-18.7,-0.0,1610,2583,0,-11,-12
1720,245.48,27620,337.16,337.50,0.34,16.9,28.6,5.8,0.0,-17.5,-0.0,1535,2516,0,-12,-11
1721,245.57,27616,337.11,337.46,0.35,15.8,29.7,5.8,0.0,-19.6,-0.0,1485,2458,0,-12,-9
1722,245.75,27611,337.05,337.37,0.33,14.4,27.6,5.8,0.0,-19.0,-0.0,1422,2405,0,-12,-7
1723,245.92,27603,336.95,337.29,0.34,15.1,28.6,5.8,-0.0,-19.3,-0.0,1322,2307,0,-13,-6
1724,246.01,27600,336.91,337.24,0.33,14.4,27.6,5.8,-0.0,-19.0,-0.0,1285,2269,0,-13,-5
1725,246.18,27594,336.84,337.16,0.32,13.4,26.6,5.8,-0.0,-19.0,-0.0,1210,2195,0,-13,-3
1726,246.35,27588,336.77,337.07,0.31,12.7,25.6,5.8,-0.0,-18.7,-0.0,1135,2122,0,-12,-1
1727,246.44,27584,336.72,337.03,0.31,11.5,25.6,5.8,-0.0,-19.9,-0.0,1085,2067,0,-11,0
1728,246.61,27578,336.65,336.94,0.29,10.8,24.5,5.8,-0.0,-19.6,-0.0,1010,1995,0,-10,1
1729,246.78,27573,336.58,336.86,0.27,9.9,22.5,5.9,-0.0,-18.4,-0.0,947,1934,0,-9,2
1730,246.87,27570,336.55,336.81,0.27,8.4,22.5,5.9,-0.0,-19.9,-0.0,910,1896,0,-8,2
1731,247.04,27567,336.51,336.73,0.22,6.4,18.4,5.9,-0.0,-17.8,-0.0,872,1866,0,-6,2
1732,247.21,27562,336.45,336.64,0.20,4.4,16.4,5.9,-0.0,-17.8,-0.0,810,1807,0,-4,2
1733,247.29,27558,336.40,336.60,0.20,2.9,16.4,5.9,-0.0,-19.3,-0.0,760,1753,0,-3,1
1734,247.46,27553,336.34,336.52,0.17,2.7,14.3,5.9,-0.0,-17.5,-0.0,697,1693,0,-2,1
1735,247.63,27547,336.27,336.43,0.17,1.5,14.3,5.9,-0.0,-18.7,-0.0,622,1612,0,-1,1
1736,247.79,27543,336.22,336.35,0.13,-1.3,11.2,5.9,-0.0,-18.4,-0.0,572,3609,0,1,-1
1737,247.87,27540,336.18,336.31,0.13,-1.9,11.2,5.9,-0.0,-19.0,-0.0,535,3573,0,1,-1
1738,248.03,27538,336.16,336.23,0.07,-5.8,6.1,5.9,-0.0,-17.8,-0.0,510,3557,0,4,-4
1739,248.20,27535,336.12,336.15,0.02,-9.6,2.0,5.9,-0.0,-17.5,-0.0,472,3522,0,6,-7
1740,248.28,27532,336.08,336.11,0.02,-9.9,2.0,5.9,-0.0,-17.8,-0.0,435,3484,0,6,-8
1741,248.45,27529,336.05,336.02,-0.02,-14.0,-2.0,5.9,-0.0,-17.8,-0.0,397,3448,0,7,-11
1742,248.61,27525,336.00,335.94,-0.06,-17.6,-5.1,5.9,-0.0,-18.4,-0.0,347,3396,0,8,-15
1743,248.78,27521,335.95,335.86,-0.10,-20.4,-8.2,5.9,-0.0,-18.1,-0.0,297,3345,0,8,-18
1744,248.87,27520,335.94,335.81,-0.12,-24.8,-10.2,5.9,-0.0,-20.5,-0.0,285,3332,0,9,-22
1745,249.04,27518,335.91,335.73,-0.18,-27.0,-15.3,5.9,-0.0,-17.5,-0.0,260,3313,0,9,-24
1746,249.21,27512,335.84,335.64,-0.20,-28.3,-16.4,5.9,-0.0,-17.8,-0.0,185,3237,0,7,-27
1747,249.30,27512,335.84,335.60,-0.24,-35.1,-20.5,5.9,-0.0,-20.5,-0.0,185,3236,0,8,-33
1748,249.46,27505,335.75,335.51,-0.24,-32.7,-20.5,5.9,-0.0,-18.1,-0.0,97,3146,0,4,-31
1749,249.63,27500,335.69,335.43,-0.27,-34.2,-22.5,5.9,-0.0,-17.5,-0.0,35,3080,0,0,-33
1750,249.72,27499,335.68,335.39,-0.29,-38.0,-24.5,5.9,-0.0,-19.3,-0.0,22,3065,0,0,-37
1751,249.89,27496,335.64,335.30,-0.34,-42.1,-28.6,5.8,-0.0,-19.3,-0.0,4081,3032,0,-3,-41
1752,250.06,27486,335.52,335.22,-0.31,-38.5,-25.6,5.8,-0.0,-18.7,-0.0,3956,2897,0,-10,-36
1753,250.15,27485,335.51,335.17,-0.34,-43.0,-28.6,5.8,-0.0,-20.2,-0.0,3943,2887,0,-12,-40
1754,250.33,27483,335.49,335.08,-0.40,-47.0,-33.8,5.8,-0.0,-19.0,-0.0,3918,2869,0,-14,-43
1755,250.50,27474,335.38,335.00,-0.38,-44.3,-31.7,5.8,-0.0,-18.4,-0.0,3806,2747,0,-21,-38
1756,250.59,27469,335.31,334.95,-0.37,-44.8,-30.7,5.8,-0.0,-19.9,-0.0,3743,2676,0,-25,-36
1757,250.75,27464,335.25,334.87,-0.38,-44.4,-31.7,5.8,-0.0,-18.4,-0.0,3681,2625,0,-27,-33
1758,250.85,27461,335.22,334.82,-0.39,-47.2,-32.7,5.8,-0.0,-20.2,-0.0,3643,2581,0,-31,-33
1759,251.01,27455,335.14,334.74,-0.40,-45.8,-33.8,5.7,0.0,-17.8,-0.0,3568,2504,0,-34,-29
1760,251.17,27446,335.03,334.66,-0.38,-43.5,-31.7,5.7,0.0,-17.5,-0.0,3456,2392,0,-36,-21
1761,251.35,27439,334.95,334.57,-0.38,-43.5,-31.7,5.7,0.0,-17.5,-0.0,3368,2304,0,-39,-16
1762,251.43,27432,334.86,334.53,-0.33,-41.5,-27.6,5.7,0.0,-19.6,-0.0,3281,2206,0,-39,-10
1763,251.60,27423,334.75,334.45,-0.31,-37.4,-25.6,5.7,0.0,-17.5,-0.0,3168,2094,0,-36,-3
1764,251.78,27413,334.63,334.36,-0.27,-35.2,-22.5,5.7,0.0,-18.4,-0.0,3043,1962,0,-34,4
1765,251.87,27410,334.59,334.31,-0.28,-38.7,-23.5,5.7,0.0,-20.8,-0.0,3006,1923,0,-37,7
1766,252.03,27404,334.52,334.23,-0.29,-37.0,-24.5,5.7,0.0,-18.1,-0.0,2931,1857,0,-34,10
1767,252.21,27393,334.39,334.14,-0.24,-33.5,-20.5,5.6,0.0,-18.7,-0.0,2793,1715,0,-28,16
1768,252.30,27389,334.34,334.10,-0.24,-34.8,-20.5,5.6,0.0,-19.9,-0.0,2743,1666,0,-28,19
1769,252.47,27379,334.22,334.01,-0.21,-30.5,-17.4,5.6,0.0,-18.7,-0.0,2618,1544,0,-21,21
1770,252.56,27374,334.16,333.97,-0.18,-29.6,-15.3,5.6,0.0,-19.9,-0.0,2556,1475,0,-18,22
1771,252.72,27361,334.00,333.88,-0.11,-22.0,-9.2,5.6,0.0,-18.4,-0.0,2393,1306,0,-9,19
1772,252.90,27346,333.81,333.80,-0.01,-14.1,-1.0,5.6,0.0,-18.7,-0.0,2206,1112,0,-2,14
1773,252.99,27345,333.80,333.75,-0.05,-18.4,-4.1,5.6,0.0,-19.9,-0.0,2193,1099,0,-2,18
1774,253.15,27336,333.69,333.67,-0.02,-14.0,-2.0,5.6,0.0,-17.5,-0.0,2081,997,0,1,14
1775,253.32,27326,333.57,333.59,0.01,-12.1,1.0,5.6,0.0,-18.7,-0.0,1956,870,0,3,11
1776,253.50,27316,333.45,333.50,0.05,-9.3,4.1,5.6,0.0,-19.0,-0.0,1831,754,0,4,8
1777,253.59,27311,333.39,333.45,0.07,-8.2,6.1,5.6,0.0,-19.9,-0.0,1768,689,0,4,7
1778,253.76,27298,333.23,333.37,0.15,0.1,12.3,5.6,0.0,-17.8,-0.0,1606,2567,0,0,0
1779,253.85,27290,333.13,333.32,0.20,0.6,16.4,5.6,0.0,-21.4,-0.0,1506,2453,0,0,0
1780,254.00,27281,333.02,333.25,0.23,7.5,19.4,5.6,0.0,-17.5,-0.0,1393,2353,0,-7,-3
1781,254.17,27273,332.92,333.16,0.24,7.4,20.5,5.6,0.0,-18.7,-0.0,1293,2252,0,-7,-2
1782,254.35,27267,332.85,333.07,0.22,5.9,18.4,5.7,0.0,-18.1,-0.0,1218,2186,0,-6,-1
1783,254.44,27264,332.81,333.03,0.22,5.0,18.4,5.7,0.0,-19.0,-0.0,1181,2153,0,-5,-1
1784,254.60,27253,332.68,332.95,0.27,10.6,22.5,5.7,0.0,-17.5,-0.0,1043,2021,0,-10,0
1785,254.78,27244,332.57,332.86,0.29,11.2,24.5,5.7,0.0,-19.0,-0.0,931,1905,0,-11,2
1786,254.86,27238,332.50,332.82,0.32,13.3,26.6,5.7,0.0,-19.0,-0.0,856,1827,0,-12,4
1787,255.03,27232,332.42,332.73,0.31,13.7,25.6,5.7,0.0,-17.5,-0.0,781,1756,0,-12,6
1788,255.20,27222,332.30,332.65,0.34,15.6,28.6,5.7,0.0,-18.7,-0.0,656,1626,0,-12,9
1789,255.29,27220,332.28,332.60,0.33,14.6,27.6,5.7,0.0,-18.7,-0.0,631,1606,0,-11,9
1790,255.45,27214,332.20,332.52,0.32,14.8,26.6,5.7,0.0,-17.5,-0.0,556,1537,0,-10,10
1791,255.63,27206,332.10,332.43,0.33,14.6,27.6,5.8,0.0,-18.7,-0.0,456,1436,0,-8,11
1792,255.72,27204,332.08,332.39,0.31,11.7,25.6,5.8,0.0,-19.6,-0.0,431,1411,0,-6,9
1793,255.89,27198,332.01,332.30,0.29,11.9,24.5,5.8,-0.0,-18.4,-0.0,356,1344,0,-5,10
1794,256.05,27188,331.88,332.22,0.33,15.0,27.6,5.8,0.0,-18.4,-0.0,231,1212,0,-4,14
1795,256.15,27187,331.87,332.17,0.31,11.1,25.6,5.8,-0.0,-20.2,-0.0,218,1199,0,-3,10
1796,256.32,27180,331.79,332.09,0.31,12.6,25.6,5.8,-0.0,-18.7,-0.0,131,1116,0,-2,12
1797,256.49,27176,331.74,332.00,0.27,9.0,22.5,5.8,-0.0,-19.3,-0.0,81,1063,0,-1,9
1798,256.58,27173,331.70,331.96,0.26,8.3,21.5,5.8,-0.0,-19.0,-0.0,43,1029,0,0,8
1799,256.75,27168,331.64,331.87,0.23,6.2,19.4,5.8,-0.0,-19.0,-0.0,4077,975,0,0,6
1800,256.84,27164,331.59,331.83,0.23,5.4,19.4,5.8,-0.0,-19.9,-0.0,4027,919,0,1,5
1801,257.00,27158,331.52,331.75,0.23,7.4,19.4,5.8,-0.0,-17.8,-0.0,3952,849,0,2,7
1802,257.18,27153,331.46,331.66,0.20,2.6,16.4,5.9,-0.0,-19.6,-0.0,3889,781,0,1,2
1803,257.27,27152,331.45,331.61,0.17,0.6,14.3,5.9,-0.0,-19.6,-0.0,3877,772,0,0,1
1804,257.44,27149,331.41,331.53,0.12,-2.6,10.2,5.9,-0.0,-18.7,-0.0,3839,2787,0,-1,-2
1805,257.61,27140,331.30,331.44,0.15,-0.3,12.3,5.9,-0.0,-18.4,-0.0,3727,2672,0,0,0
1806,257.77,27135,331.24,331.36,0.12,-1.4,10.2,5.9,-0.0,-17.5,-0.0,3664,2615,0,-1,-1
1807,257.85,27133,331.21,331.32,0.11,-3.3,9.2,5.9,-0.0,-18.4,-0.0,3639,2585,0,-2,-2
1808,258.02,27129,331.16,331.24,0.07,-5.5,6.1,5.9,-0.0,-17.5,-0.0,3589,2536,0,-4,-4
1809,258.18,27127,331.14,331.16,0.01,-11.8,1.0,5.9,-0.0,-18.7,-0.0,3564,2512,0,-9,-7
1810,258.28,27124,331.10,331.11,0.00,-15.2,0.0,5.9,-0.0,-21.1,-0.0,3527,2475,0,-12,-9
1811,258.44,27121,331.07,331.03,-0.04,-14.4,-3.1,5.9,-0.0,-17.2,-0.0,3489,2445,0,-11,-8
1812,258.60,27118,331.03,330.95,-0.09,-18.8,-7.2,5.9,-0.0,-17.5,-0.0,3452,2409,0,-16,-10
1813,258.77,27114,330.98,330.86,-0.12,-22.8,-10.2,5.9,-0.0,-18.4,-0.0,3402,2359,0,-20,-10
1814,258.86,27112,330.96,330.82,-0.13,-25.3,-11.2,5.9,-0.0,-19.9,-0.0,3377,2329,0,-22,-10
1815,259.03,27107,330.90,330.73,-0.16,-26.2,-13.3,5.9,-0.0,-18.7,-0.0,3314,2264,0,-24,-8
1816,259.13,27105,330.87,330.68,-0.18,-30.6,-15.3,5.9,-0.0,-21.1,-0.0,3289,2238,0,-28,-9
1817,259.29,27101,330.82,330.60,-0.22,-29.5,-18.4,5.9,-0.0,-17.0,-0.0,3239,2192,0,-28,-6
1818,259.46,27099,330.80,330.52,-0.28,-36.7,-23.5,5.8,-0.0,-19.0,-0.0,3214,2167,0,-35,-6
1819,259.55,27098,330.79,330.47,-0.32,-40.7,-26.6,5.8,-0.0,-19.9,-0.0,3202,2156,0,-39,-6
1820,259.72,27090,330.69,330.39,-0.31,-38.2,-25.6,5.8,-0.0,-18.4,-0.0,3102,2053,0,-37,0
1821,259.89,27083,330.60,330.30,-0.31,-37.3,-25.6,5.8,-0.0,-17.5,-0.0,3014,1962,0,-36,5
1822,259.98,27081,330.58,330.26,-0.32,-41.0,-26.6,5.8,-0.0,-20.2,-0.0,2989,1933,0,-39,7
1823,260.15,27075,330.51,330.17,-0.33,-40.6,-27.6,5.8,-0.0,-18.7,-0.0,2914,1854,0,-38,12
1824,260.32,27069,330.43,330.09,-0.34,-41.3,-28.6,5.8,-0.0,-18.4,-0.0,2839,1777,0,-37,16
1825,260.41,27066,330.40,330.04,-0.35,-42.9,-29.7,5.8,-0.0,-19.0,-0.0,2802,1742,0,-37,19
1826,260.57,27062,330.35,329.96,-0.39,-44.5,-32.7,5.8,-0.0,-17.5,-0.0,2752,1699,0,-37,22
1827,260.73,27055,330.26,329.88,-0.38,-43.8,-31.7,5.7,-0.0,-17.8,-0.0,2664,1605,0,-33,27
1828,260.91,27049,330.19,329.79,-0.39,-45.8,-32.7,5.7,-0.0,-18.7,-0.0,2589,1530,0,-31,32
1829,261.00,27044,330.13,329.75,-0.38,-45.9,-31.7,5.7,-0.0,-19.9,-0.0,2527,1463,0,-28,35
1830,261.17,27036,330.03,329.66,-0.37,-43.4,-30.7,5.7,0.0,-18.4,-0.0,2427,1362,0,-21,37
1831,261.34,27026,329.91,329.58,-0.33,-41.2,-27.6,5.7,0.0,-19.3,-0.0,2302,1225,0,-12,38
1832,261.43,27022,329.86,329.53,-0.33,-42.2,-27.6,5.7,0.0,-20.2,-0.0,2252,1175,0,-9,40
1833,261.59,27016,329.79,329.45,-0.34,-41.4,-28.6,5.7,0.0,-18.4,-0.0,2177,1105,0,-5,40
1834,261.77,27006,329.66,329.36,-0.31,-39.6,-25.6,5.6,0.0,-19.6,-0.0,2052,976,0,3,38
1835,261.86,27000,329.59,329.32,-0.27,-36.5,-22.5,5.6,0.0,-19.6,-0.0,1977,897,0,7,35
1836,262.03,26992,329.49,329.23,-0.26,-34.6,-21.5,5.6,0.0,-18.7,-0.0,1877,803,0,11,32
1837,262.12,26989,329.46,329.19,-0.27,-36.8,-22.5,5.6,0.0,-19.9,-0.0,1839,763,0,14,33
1838,262.29,26980,329.35,329.10,-0.24,-32.7,-20.5,5.6,0.0,-17.8,-0.0,1727,652,0,17,27
1839,262.46,26970,329.22,329.02,-0.21,-31.1,-17.4,5.6,0.0,-19.3,-0.0,1602,523,0,21,22
1840,262.55,26964,329.15,328.97,-0.18,-28.8,-15.3,5.6,0.0,-19.0,-0.0,1527,449,0,22,18
1841,262.72,26952,329.00,328.89,-0.12,-23.4,-10.2,5.6,0.0,-18.7,-0.0,1377,294,0,20,10
1842,262.89,26940,328.86,328.80,-0.06,-17.4,-5.1,5.6,0.0,-17.8,-0.0,1227,142,0,16,4
1843,262.98,26936,328.81,328.76,-0.05,-18.1,-4.1,5.6,0.0,-19.6,-0.0,1177,85,0,17,2
1844,263.15,26926,328.69,328.67,-0.01,-13.9,-1.0,5.6,0.0,-18.4,-0.0,1052,4059,0,13,-1
1845,263.32,26916,328.56,328.59,0.02,-11.4,2.0,5.6,0.0,-19.0,-0.0,927,3933,0,11,-3
1846,263.41,26912,328.52,328.54,0.02,-12.9,2.0,5.6,0.0,-20.5,-0.0,877,3884,0,12,-4
1847,263.58,26903,328.41,328.46,0.05,-8.2,4.1,5.6,0.0,-17.8,-0.0,764,3783,0,7,-4
1848,263.74,26891,328.26,328.38,0.12,-1.4,10.2,5.6,0.0,-17.2,-0.0,614,3631,0,1,-1
1849,263.83,26886,328.20,328.33,0.13,-3.7,11.2,5.6,0.0,-20.5,-0.0,552,3558,0,2,-3
1850,264.00,26876,328.08,328.25,0.17,1.8,14.3,5.6,0.0,-18.1,-0.0,427,1392,0,-1,1
1851,264.17,26868,327.98,328.16,0.18,2.2,15.3,5.6,0.0,-18.7,-0.0,327,1289,0,-1,2
1852,264.26,26863,327.92,328.12,0.20,1.8,16.4,5.6,0.0,-20.2,-0.0,264,1223,0,-1,2
1853,264.42,26854,327.81,328.04,0.23,5.7,19.4,5.6,0.0,-19.3,-0.0,152,1119,0,-1,5
1854,264.59,26844,327.69,327.95,0.27,10.0,22.5,5.6,0.0,-18.1,-0.0,27,999,0,0,10
1855,264.76,26839,327.62,327.87,0.24,8.6,20.5,5.6,0.0,-17.5,-0.0,4060,940,0,1,8
1856,264.85,26833,327.55,327.82,0.27,8.2,22.5,5.7,0.0,-19.9,-0.0,3985,857,0,2,8
1857,265.02,26826,327.47,327.74,0.27,10.3,22.5,5.7,0.0,-17.8,-0.0,3898,779,0,4,9
1858,265.19,26819,327.38,327.65,0.27,10.6,22.5,5.7,0.0,-17.5,-0.0,3810,696,0,5,9
1859,265.27,26817,327.36,327.61,0.26,8.1,21.5,5.7,-0.0,-19.0,-0.0,3785,672,0,4,7
1860,265.44,26805,327.21,327.53,0.32,13.3,26.6,5.7,0.0,-19.0,-0.0,3635,511,0,9,9
1861,265.62,26797,327.11,327.44,0.33,14.9,27.6,5.7,0.0,-18.4,-0.0,3535,417,0,12,9
1862,265.71,26793,327.06,327.39,0.33,13.4,27.6,5.7,0.0,-19.9,-0.0,3485,361,0,11,7
1863,265.87,26786,326.98,327.31,0.33,15.5,27.6,5.7,0.0,-17.8,-0.0,3398,279,0,14,6
1864,266.05,26779,326.89,327.22,0.33,14.6,27.6,5.7,0.0,-18.7,-0.0,3310,189,0,14,4
1865,266.14,26777,326.87,327.18,0.31,11.4,25.6,5.8,-0.0,-19.9,-0.0,3285,169,0,11,3
1866,266.31,26772,326.81,327.09,0.28,10.3,23.5,5.8,-0.0,-19.0,-0.0,3223,113,0,10,2
1867,266.47,26766,326.73,327.01,0.28,10.9,23.5,5.8,-0.0,-18.4,-0.0,3148,40,0,11,1
1868,266.55,26764,326.71,326.97,0.27,10.7,22.5,5.8,-0.0,-17.5,-0.0,3123,20,0,10,0
1869,266.71,26760,326.66,326.89,0.23,7.4,19.4,5.8,-0.0,-17.8,-0.0,3073,4069,0,7,0
1870,266.89,26751,326.55,326.80,0.26,9.4,21.5,5.8,-0.0,-17.8,-0.0,2960,3949,0,9,-2
1871,266.97,26749,326.53,326.76,0.23,6.2,19.4,5.8,-0.0,-19.0,-0.0,2935,3923,0,6,-2
1872,267.14,26746,326.49,326.68,0.20,4.0,16.4,5.8,-0.0,-18.1,-0.0,2898,3892,0,4,-1
1873,267.31,26739,326.40,326.59,0.18,1.8,15.3,5.8,-0.0,-19.3,-0.0,2810,3795,0,2,-1
1874,267.40,26735,326.35,326.55,0.20,2.0,16.4,5.8,-0.0,-20.2,-0.0,2760,3744,0,2,-1
1875,267.55,26734,326.34,326.47,0.12,-1.8,10.2,5.8,-0.0,-17.8,-0.0,2748,1699,0,-1,1
1876,267.73,26729,326.28,326.38,0.10,-4.1,8.2,5.8,-0.0,-18.1,-0.0,2685,1634,0,-3,2
1877,267.89,26722,326.20,326.30,0.10,-3.5,8.2,5.8,-0.0,-17.5,-0.0,2598,1543,0,-2,2
1878,267.98,26721,326.18,326.26,0.07,-7.6,6.1,5.8,-0.0,-19.6,-0.0,2585,1532,0,-5,5
1879,268.16,26716,326.12,326.17,0.05,-9.1,4.1,5.8,-0.0,-19.0,-0.0,2523,1470,0,-6,7
1880,268.33,26711,326.06,326.08,0.02,-10.8,2.0,5.8,-0.0,-18.7,-0.0,2460,1404,0,-6,9
1881,268.42,26710,326.05,326.04,-0.01,-15.7,-1.0,5.8,-0.0,-20.5,-0.0,2448,1393,0,-8,13
1882,268.58,26707,326.01,325.95,-0.06,-17.4,-5.1,5.8,-0.0,-18.1,-0.0,2410,1364,0,-8,15
1883,268.75,26701,325.94,325.87,-0.07,-18.4,-6.1,5.8,-0.0,-18.1,-0.0,2335,1286,0,-7,16
1884,268.85,26699,325.92,325.82,-0.09,-21.2,-7.2,5.8,-0.0,-19.9,-0.0,2310,1259,0,-7,19
1885,269.02,26696,325.88,325.74,-0.13,-23.0,-11.2,5.8,-0.0,-17.5,-0.0,2273,1228,0,-7,21
1886,269.11,26694,325.85,325.69,-0.16,-28.3,-13.3,5.8,-0.0,-20.8,-0.0,2248,1198,0,-7,26
1887,269.28,26690,325.81,325.61,-0.20,-29.6,-16.4,5.8,-0.0,-19.0,-0.0,2198,1148,0,-5,28
1888,269.45,26685,325.74,325.52,-0.22,-31.3,-18.4,5.8,-0.0,-18.7,-0.0,2135,1087,0,-3,30
1889,269.61,26681,325.70,325.44,-0.26,-33.8,-21.5,5.8,-0.0,-18.1,-0.0,2085,1039,0,-1,33
1890,269.69,26677,325.65,325.40,-0.24,-33.7,-20.5,5.8,-0.0,-19.0,-0.0,2035,982,0,2,33
1891,269.86,26672,325.59,325.32,-0.27,-34.8,-22.5,5.8,-0.0,-18.1,-0.0,1973,919,0,5,33
1892,270.03,26667,325.52,325.23,-0.29,-37.5,-24.5,5.8,-0.0,-18.7,-0.0,1910,857,0,9,35
1893,270.12,26667,325.52,325.19,-0.34,-42.8,-28.6,5.8,-0.0,-19.9,-0.0,1910,857,0,11,40
1894,270.29,26661,325.45,325.10,-0.35,-41.2,-29.7,5.8,-0.0,-17.2,-0.0,1835,783,0,14,37
1895,270.46,26654,325.37,325.02,-0.35,-41.5,-29.7,5.7,-0.0,-17.5,-0.0,1748,696,0,19,35
1896,270.55,26652,325.34,324.97,-0.37,-44.6,-30.7,5.7,-0.0,-19.6,-0.0,1723,668,0,22,37
1897,270.72,26645,325.26,324.89,-0.37,-42.8,-30.7,5.7,-0.0,-17.8,-0.0,1635,580,0,26,32
1898,270.89,26638,325.17,324.80,-0.37,-42.8,-30.7,5.7,-0.0,-17.8,-0.0,1548,488,0,30,28
1899,270.98,26634,325.12,324.76,-0.37,-44.6,-30.7,5.7,-0.0,-19.6,-0.0,1498,432,0,34,27
1900,271.15,26626,325.02,324.67,-0.35,-41.5,-29.7,5.7,0.0,-17.5,-0.0,1398,335,0,35,20
1901,271.32,26618,324.93,324.59,-0.34,-42.6,-28.6,5.7,0.0,-19.6,-0.0,1298,224,0,39,14
1902,271.41,26614,324.88,324.54,-0.33,-41.3,-27.6,5.7,0.0,-19.3,-0.0,1248,176,0,39,11
1903,271.57,26606,324.78,324.46,-0.32,-38.8,-26.6,5.6,0.0,-17.8,-0.0,1148,79,0,37,5
1904,271.75,26599,324.69,324.37,-0.32,-39.4,-26.6,5.6,0.0,-18.4,-0.0,1060,4089,0,38,0
1905,271.83,26595,324.65,324.33,-0.32,-40.3,-26.6,5.6,0.0,-19.3,-0.0,1010,4034,0,39,-4
1906,272.01,26587,324.55,324.24,-0.31,-38.7,-25.6,5.6,0.0,-18.7,-0.0,910,3935,0,36,-9
1907,272.17,26577,324.43,324.16,-0.27,-35.0,-22.5,5.6,0.0,-18.1,-0.0,785,3812,0,31,-14
1908,272.27,26574,324.39,324.11,-0.28,-38.4,-23.5,5.6,0.0,-20.5,-0.0,748,3768,0,33,-18
1909,272.43,26562,324.24,324.03,-0.21,-29.6,-17.4,5.6,0.0,-17.8,-0.0,598,3617,0,21,-19
1910,272.60,26553,324.13,323.95,-0.18,-28.2,-15.3,5.6,0.0,-18.4,-0.0,485,3499,0,17,-22
1911,272.69,26548,324.07,323.90,-0.17,-29.0,-14.3,5.6,0.0,-20.2,-0.0,423,3432,0,15,-24
1912,272.86,26541,323.99,323.82,-0.17,-26.6,-14.3,5.6,0.0,-17.8,-0.0,335,3355,0,11,-23
1913,273.03,26529,323.84,323.73,-0.11,-23.6,-9.2,5.6,0.0,-19.9,-0.0,185,3195,0,4,-22
1914,273.12,26525,323.79,323.69,-0.11,-22.7,-9.2,5.6,0.0,-19.0,-0.0,135,3151,0,3,-22
1915,273.29,26513,323.65,323.60,-0.04,-14.8,-3.1,5.6,0.0,-17.2,-0.0,4081,3002,0,-2,-14
1916,273.46,26503,323.52,323.52,0.00,-12.9,0.0,5.6,0.0,-18.4,-0.0,3956,2876,0,-4,-12
1917,273.54,26497,323.45,323.47,0.02,-11.4,2.0,5.6,0.0,-19.0,-0.0,3881,2791,0,-5,-10
1918,273.72,26486,323.32,323.39,0.07,-7.9,6.1,5.6,0.0,-19.6,-0.0,3744,2653,0,-5,-6
1919,273.89,26479,323.23,323.30,0.07,-6.4,6.1,5.6,0.0,-18.1,-0.0,3656,2577,0,-4,-5
1920,273.98,26474,323.17,323.26,0.09,-6.9,7.2,5.6,0.0,-19.6,-0.0,3594,2509,0,-5,-4
1921,274.15,26459,322.99,323.17,0.18,2.8,15.3,5.6,0.0,-18.1,-0.0,3406,271,0,2,1
1922,274.31,26454,322.92,323.09,0.17,2.1,14.3,5.6,0.0,-17.8,-0.0,3344,219,0,2,1
1923,274.39,26450,322.88,323.05,0.17,2.1,14.3,5.6,0.0,-17.8,-0.0,3294,170,0,2,1
1924,274.55,26440,322.75,322.97,0.22,6.8,18.4,5.6,0.0,-17.2,-0.0,3169,41,0,7,0
1925,274.72,26433,322.67,322.88,0.22,5.0,18.4,5.6,0.0,-19.0,-0.0,3081,4054,0,5,0
1926,274.89,26422,322.53,322.80,0.27,10.3,22.5,5.6,0.0,-17.8,-0.0,2944,3917,0,10,-3
1927,274.98,26419,322.50,322.76,0.26,8.1,21.5,5.6,0.0,-19.0,-0.0,2906,3875,0,7,-3
1928,275.14,26413,322.42,322.67,0.26,9.3,21.5,5.6,0.0,-17.8,-0.0,2831,3810,0,8,-4
1929,275.32,26407,322.35,322.59,0.23,5.1,19.4,5.6,0.0,-19.9,-0.0,2756,3732,0,4,-3
1930,275.40,26403,322.30,322.55,0.24,7.1,20.5,5.6,0.0,-19.0,-0.0,2706,3684,0,6,-4
1931,275.57,26392,322.17,322.46,0.29,12.4,24.5,5.6,0.0,-17.8,-0.0,2569,3550,0,8,-9
1932,275.75,26384,322.07,322.37,0.31,13.1,25.6,5.7,0.0,-18.1,-0.0,2469,3448,0,7,-11
1933,275.83,26381,322.03,322.33,0.29,10.6,24.5,5.7,0.0,-19.6,-0.0,2431,3405,0,5,-9
1934,276.01,26373,321.94,322.24,0.31,12.5,25.6,5.7,0.0,-18.7,-0.0,2331,3304,0,4,-11
1935,276.17,26366,321.85,322.16,0.31,13.4,25.6,5.7,0.0,-17.8,-0.0,2244,3225,0,3,-13
1936,276.27,26363,321.81,322.11,0.31,10.5,25.6,5.7,0.0,-20.8,-0.0,2206,3183,0,2,-10
1937,276.44,26358,321.75,322.03,0.27,10.7,22.5,5.7,-0.0,-17.5,-0.0,2144,3132,0,1,-10
1938,276.53,26355,321.72,321.98,0.27,8.6,22.5,5.7,-0.0,-19.6,-0.0,2106,3090,0,0,-8
1939,276.70,26350,321.66,321.90,0.24,7.8,20.5,5.7,-0.0,-18.4,-0.0,2044,3035,0,0,-7
1940,276.86,26346,321.61,321.82,0.21,5.3,17.4,5.7,-0.0,-17.8,-0.0,1994,2989,0,-1,-5
1941,277.03,26340,321.53,321.73,0.20,3.4,16.4,5.7,-0.0,-18.7,-0.0,1919,2912,0,-1,-3
1942,277.11,26337,321.50,321.69,0.20,4.6,16.4,5.8,-0.0,-17.5,-0.0,1881,2875,0,-1,-4
1943,277.28,26330,321.41,321.61,0.20,3.7,16.4,5.8,-0.0,-18.4,-0.0,1794,2784,0,-2,-3
1944,277.45,26324,321.34,321.52,0.18,3.3,15.3,5.8,-0.0,-17.8,-0.0,1719,2705,0,-2,-3
1945,277.53,26322,321.31,321.48,0.17,1.1,14.3,5.8,-0.0,-19.0,-0.0,1694,2681,0,-1,-1
1946,277.70,26319,321.28,321.40,0.12,-3.0,10.2,5.8,-0.0,-19.0,-0.0,1656,599,0,2,2
1947,277.87,26314,321.22,321.31,0.10,-4.2,8.2,5.8,-0.0,-18.1,-0.0,1594,541,0,3,3
1948,277.96,26313,321.20,321.27,0.06,-9.0,5.1,5.8,-0.0,-19.9,-0.0,1581,530,0,6,6
1949,278.13,26307,321.13,321.18,0.05,-8.3,4.1,5.8,-0.0,-18.1,-0.0,1506,457,0,6,5
1950,278.29,26303,321.08,321.10,0.02,-10.0,2.0,5.8,-0.0,-17.8,-0.0,1456,406,0,8,6
1951,278.46,26300,321.04,321.02,-0.02,-13.5,-2.0,5.8,-0.0,-17.2,-0.0,1419,375,0,11,7
1952,278.54,26300,321.04,320.98,-0.07,-19.1,-6.1,5.8,-0.0,-18.7,-0.0,1419,374,0,16,10
1953,278.71,26295,320.98,320.89,-0.09,-20.4,-7.2,5.8,-0.0,-19.0,-0.0,1356,310,0,18,9
1954,278.87,26288,320.90,320.81,-0.09,-18.9,-7.2,5.8,-0.0,-17.5,-0.0,1269,220,0,17,6
1955,278.97,26289,320.91,320.76,-0.15,-27.6,-12.3,5.8,-0.0,-21.1,-0.0,1281,233,0,25,9
1956,279.13,26285,320.86,320.68,-0.18,-27.7,-15.3,5.8,-0.0,-18.1,-0.0,1231,185,0,26,8
1957,279.31,26279,320.79,320.59,-0.20,-29.9,-16.4,5.8,-0.0,-19.3,-0.0,1156,103,0,29,5
1958,279.40,26279,320.79,320.55,-0.24,-34.0,-20.5,5.8,-0.0,-19.3,-0.0,1156,107,0,33,5
1959,279.57,26274,320.73,320.47,-0.26,-33.6,-21.5,5.7,-0.0,-17.8,-0.0,1094,50,0,32,2
1960,279.74,26267,320.64,320.38,-0.27,-35.2,-22.5,5.7,-0.0,-18.4,-0.0,1006,4046,0,34,-3
1961,279.83,26265,320.62,320.33,-0.28,-37.4,-23.5,5.7,-0.0,-19.6,-0.0,981,4022,0,36,-4
1962,280.00,26260,320.56,320.25,-0.31,-38.3,-25.6,5.7,-0.0,-18.4,-0.0,919,3963,0,36,-8
1963,280.17,26257,320.52,320.16,-0.35,-41.5,-29.7,5.7,-0.0,-17.5,-0.0,881,3923,0,39,-11
1964,280.26,26253,320.47,320.12,-0.35,-45.7,-29.7,5.7,-0.0,-21.7,-0.0,831,3867,0,42,-15
1965,280.43,26250,320.43,320.03,-0.40,-45.6,-33.8,5.7,-0.0,-17.5,-0.0,794,3842,0,41,-17
1966,280.52,26246,320.39,319.99,-0.40,-48.0,-33.8,5.7,-0.0,-19.9,-0.0,744,3786,0,41,-21
1967,280.69,26242,320.34,319.90,-0.44,-48.7,-36.8,5.6,-0.0,-17.5,-0.0,694,3741,0,40,-24
1968,280.86,26233,320.23,319.82,-0.42,-48.2,-34.8,5.6,-0.0,-19.0,-0.0,581,3617,0,35,-31
1969,280.95,26230,320.19,319.77,-0.42,-50.3,-34.8,5.6,-0.0,-21.1,-0.0,544,3578,0,34,-35
1970,281.12,26221,320.08,319.69,-0.39,-45.3,-32.7,5.6,0.0,-18.1,-0.0,431,3461,0,25,-36
1971,281.29,26213,319.98,319.60,-0.38,-43.7,-31.7,5.6,0.0,-17.5,-0.0,331,3362,0,18,-38
1972,281.38,26210,319.95,319.56,-0.39,-46.2,-32.7,5.6,0.0,-19.0,-0.0,294,3317,0,16,-42
1973,281.55,26201,319.84,319.48,-0.37,-43.6,-30.7,5.6,0.0,-18.4,-0.0,181,3206,0,9,-41
1974,281.72,26195,319.76,319.39,-0.38,-43.7,-31.7,5.5,0.0,-17.5,-0.0,106,3134,0,4,-42
1975,281.80,26190,319.70,319.34,-0.35,-43.8,-29.7,5.5,0.0,-19.6,-0.0,44,3067,0,0,-42
1976,281.98,26179,319.57,319.26,-0.31,-38.8,-25.6,5.5,0.0,-18.7,-0.0,4002,2927,0,-8,-37
1977,282.15,26171,319.47,319.17,-0.29,-36.9,-24.5,5.5,0.0,-17.8,-0.0,3902,2828,0,-13,-33
1978,282.24,26165,319.40,319.13,-0.27,-36.9,-22.5,5.5,0.0,-19.9,-0.0,3827,2746,0,-17,-31
1979,282.41,26155,319.27,319.04,-0.23,-31.5,-19.4,5.5,0.0,-17.5,-0.0,3702,2622,0,-19,-24
1980,282.58,26145,319.15,318.96,-0.20,-29.9,-16.4,5.5,0.0,-19.0,-0.0,3577,2492,0,-23,-18
1981,282.66,26140,319.09,318.92,-0.17,-27.6,-14.3,5.5,0.0,-18.7,-0.0,3515,2433,0,-22,-15
1982,282.83,26129,318.96,318.83,-0.12,-23.2,-10.2,5.5,0.0,-18.4,-0.0,3377,2291,0,-21,-8
1983,283.00,26120,318.85,318.75,-0.10,-20.5,-8.2,5.5,0.0,-17.8,-0.0,3265,2184,0,-19,-4
1984,283.16,26107,318.69,318.66,-0.02,-15.0,-2.0,5.5,0.0,-18.4,-0.0,3102,2013,0,-15,1
1985,283.26,26102,318.63,318.62,-0.01,-15.8,-1.0,5.5,0.0,-20.2,-0.0,3040,1946,0,-15,2
1986,283.43,26093,318.52,318.53,0.01,-11.3,1.0,5.5,0.0,-17.8,-0.0,2927,1844,0,-10,3
1987,283.52,26089,318.47,318.49,0.02,-12.7,2.0,5.5,0.0,-20.2,-0.0,2877,1788,0,-11,5
1988,283.69,26077,318.32,318.40,0.07,-6.5,6.1,5.5,0.0,-18.1,-0.0,2727,1641,0,-5,4
1989,283.86,26065,318.18,318.32,0.13,-2.0,11.2,5.5,0.0,-18.7,-0.0,2577,1491,0,-1,1
1990,283.95,26059,318.10,318.27,0.17,-0.1,14.3,5.5,0.0,-19.9,-0.0,2502,1411,0,0,0
1991,284.12,26050,317.99,318.19,0.20,4.3,16.4,5.5,0.0,-17.5,-0.0,2390,3354,0,2,-4
1992,284.29,26039,317.86,318.10,0.24,8.4,20.5,5.5,0.0,-17.5,-0.0,2252,3214,0,2,-8
1993,284.37,26035,317.81,318.06,0.24,6.6,20.5,5.5,0.0,-19.3,-0.0,2202,3161,0,1,-6
1994,284.54,26026,317.70,317.98,0.28,10.6,23.5,5.5,0.0,-18.4,-0.0,2090,3056,0,0,-10
1995,284.71,26018,317.60,317.89,0.29,12.2,24.5,5.5,0.0,-17.8,-0.0,1990,2960,0,-2,-12
1996,284.88,26010,317.50,317.81,0.31,13.3,25.6,5.5,0.0,-17.8,-0.0,1890,2864,0,-4,-12
1997,284.97,26006,317.46,317.76,0.31,11.2,25.6,5.5,0.0,-19.9,-0.0,1840,2811,0,-4,-10
1998,285.13,25995,317.32,317.68,0.35,16.8,29.7,5.6,0.0,-18.4,-0.0,1702,2672,0,-9,-13
1999,285.31,25988,317.24,317.59,0.35,15.6,29.7,5.6,0.0,-19.6,-0.0,1615,2587,0,-10,-11
