Sample,Timestamp,Raw Encoder Reading,Measured Motor Steps,Target Motor Steps,Current Error,PID Control Signal,PID P Term,PID I Term,PID D Term,PID V Term,PID A Term,Measured Step Phase,Desired Step Phase,Phase Shift,Coil A Current,Coil B Current
0,0.04,33600,410.16,410.25,0.10,8.3,8.2,0.0,0.1,-0.0,-0.0,2557,3578,0,6,-6
1,0.21,33598,410.13,410.25,0.12,10.3,10.2,0.0,0.0,-0.0,-0.0,2532,3554,0,7,-7
2,0.37,33597,410.12,410.25,0.13,11.3,11.2,0.0,0.1,-0.0,-0.0,2519,3540,0,7,-8
3,0.53,33597,410.12,410.25,0.13,11.2,11.2,0.0,0.0,-0.0,-0.0,2519,3542,0,7,-8
4,0.61,33597,410.12,410.25,0.13,11.3,11.2,0.0,0.1,-0.1,-0.0,2519,3540,0,7,-8
5,0.77,33596,410.11,410.25,0.15,12.4,12.3,0.0,0.2,-0.1,-0.0,2507,3525,0,8,-9
6,0.94,33595,410.10,410.25,0.16,13.4,13.3,0.0,0.1,-0.1,-0.0,2494,3514,0,8,-10
7,1.10,33596,410.11,410.25,0.15,12.2,12.3,0.0,0.0,-0.1,-0.0,2507,3529,0,8,-9
8,1.26,33596,410.11,410.25,0.15,12.2,12.3,0.0,0.0,-0.1,-0.0,2507,3529,0,8,-9
9,1.34,33595,410.10,410.25,0.15,12.2,12.3,0.0,0.0,-0.1,-0.0,2494,3515,0,7,-9
10,1.50,33595,410.10,410.25,0.15,12.1,12.3,0.0,-0.0,-0.1,-0.0,2494,3518,0,7,-9
11,1.66,33594,410.08,410.25,0.16,13.2,13.3,0.0,0.0,-0.1,-0.0,2482,3503,0,8,-10
12,1.82,33592,410.06,410.25,0.18,15.3,15.3,0.0,0.1,-0.2,-0.0,2457,3475,0,9,-12
13,1.90,33591,410.05,410.25,0.20,16.4,16.4,0.0,0.2,-0.2,-0.0,2444,3461,0,9,-13
14,2.07,33591,410.05,410.24,0.20,16.4,16.4,0.0,0.2,-0.2,-0.0,2444,3462,0,9,-13
15,2.22,33590,410.03,410.24,0.21,17.4,17.4,0.0,0.2,-0.2,-0.0,2432,3450,0,9,-14
16,2.38,33592,410.06,410.24,0.18,15.1,15.3,0.0,0.0,-0.2,-0.0,2457,3481,0,9,-12
17,2.47,33592,410.06,410.24,0.18,15.1,15.3,0.0,0.0,-0.2,-0.0,2457,3481,0,9,-12
18,2.63,33591,410.05,410.24,0.20,16.1,16.4,0.0,0.0,-0.2,-0.0,2444,3468,0,9,-13
19,2.79,33591,410.05,410.24,0.20,16.1,16.4,0.0,-0.0,-0.2,-0.0,2444,3470,0,9,-13
20,2.95,33590,410.03,410.24,0.21,17.1,17.4,0.0,0.0,-0.3,-0.0,2432,3456,0,9,-14
21,3.04,33588,410.01,410.24,0.23,19.3,19.4,0.0,0.2,-0.3,-0.0,2407,3425,0,10,-16
22,3.20,33587,410.00,410.24,0.24,20.4,20.5,0.0,0.2,-0.3,-0.0,2394,3411,0,10,-17
23,3.36,33588,410.01,410.24,0.23,19.3,19.4,0.0,0.1,-0.3,-0.0,2407,3426,0,10,-16
24,3.52,33590,410.03,410.23,0.20,16.1,16.4,0.0,0.0,-0.3,-0.0,2432,3455,0,9,-13
25,3.61,33592,410.06,410.23,0.17,13.8,14.3,0.0,-0.1,-0.3,-0.0,2457,3484,0,8,-11
26,3.77,33592,410.06,410.23,0.17,13.7,14.3,0.0,-0.3,-0.3,-0.0,2457,3489,0,8,-11
27,3.93,33592,410.06,410.23,0.17,13.7,14.3,0.0,-0.3,-0.4,-0.0,2457,3489,0,8,-11
28,4.10,33592,410.06,410.23,0.17,13.8,14.3,0.0,-0.1,-0.4,-0.0,2457,3486,0,8,-11
29,4.25,33593,410.07,410.23,0.16,12.9,13.3,0.0,-0.0,-0.4,-0.0,2469,3495,0,8,-10
30,4.34,33595,410.10,410.23,0.13,10.7,11.2,0.0,-0.1,-0.4,-0.0,2494,3523,0,7,-8
31,4.50,33595,410.10,410.22,0.13,10.7,11.2,0.0,-0.1,-0.4,-0.0,2494,3522,0,7,-8
32,4.66,33595,410.10,410.22,0.12,9.6,10.2,0.0,-0.2,-0.4,-0.0,2494,3522,0,6,-7
33,4.75,33595,410.10,410.22,0.12,9.6,10.2,0.0,-0.2,-0.5,-0.0,2494,3523,0,6,-7
34,4.91,33595,410.10,410.22,0.12,9.7,10.2,0.0,-0.1,-0.4,-0.0,2494,3521,0,6,-7
35,5.07,33594,410.08,410.22,0.13,10.8,11.2,0.0,0.0,-0.5,-0.0,2482,3504,0,6,-8
36,5.24,33593,410.07,410.22,0.15,11.8,12.3,0.0,0.0,-0.5,-0.0,2469,3490,0,7,-9
37,5.33,33594,410.08,410.21,0.13,10.8,11.2,0.0,0.0,-0.5,-0.0,2482,3504,0,6,-8
38,5.50,33598,410.13,410.21,0.09,6.5,7.2,0.0,-0.1,-0.5,-0.0,2532,3561,0,4,-5
39,5.67,33597,410.12,410.21,0.09,6.5,7.2,0.0,-0.1,-0.5,-0.0,2519,3546,0,4,-5
40,5.75,33596,410.11,410.21,0.10,7.5,8.2,0.0,-0.1,-0.6,-0.0,2507,3534,0,5,-5
41,5.92,33596,410.11,410.21,0.10,7.5,8.2,0.0,-0.2,-0.5,-0.0,2507,3535,0,5,-6
42,6.08,33596,410.11,410.20,0.10,7.6,8.2,0.0,-0.0,-0.5,-0.0,2507,3531,0,5,-6
43,6.25,33593,410.07,410.20,0.13,11.0,11.2,0.0,0.3,-0.6,-0.0,2469,3484,0,6,-9
44,6.33,33593,410.07,410.20,0.13,10.8,11.2,0.0,0.2,-0.6,-0.0,2469,3487,0,6,-8
45,6.50,33594,410.08,410.20,0.11,8.7,9.2,0.0,0.0,-0.6,-0.0,2482,3503,0,5,-7
46,6.66,33596,410.11,410.19,0.09,6.5,7.2,0.0,-0.0,-0.6,-0.0,2507,3531,0,4,-5
47,6.74,33596,410.11,410.19,0.09,6.5,7.2,0.0,-0.0,-0.6,-0.0,2507,3531,0,4,-5
48,6.90,33597,410.12,410.19,0.07,5.3,6.1,0.0,-0.2,-0.6,-0.0,2519,3549,0,3,-4
49,7.06,33592,410.06,410.19,0.13,10.7,11.2,0.0,0.1,-0.6,-0.0,2457,3478,0,6,-8
50,7.23,33594,410.08,410.18,0.10,7.5,8.2,0.0,0.0,-0.6,-0.0,2482,3505,0,5,-6
51,7.32,33594,410.08,410.18,0.10,7.5,8.2,0.0,0.0,-0.7,-0.0,2482,3503,0,4,-6
52,7.49,33592,410.06,410.18,0.12,9.7,10.2,0.0,0.1,-0.7,-0.0,2457,3475,0,5,-8
53,7.65,33593,410.07,410.18,0.11,8.6,9.2,0.0,0.0,-0.7,-0.0,2469,3490,0,5,-7
54,7.81,33594,410.08,410.17,0.09,6.4,7.2,0.0,-0.1,-0.7,-0.0,2482,3507,0,4,-5
55,7.90,33593,410.07,410.17,0.10,7.4,8.2,0.0,0.0,-0.8,-0.0,2469,3491,0,4,-6
56,8.07,33593,410.07,410.17,0.10,7.3,8.2,0.0,-0.1,-0.7,-0.0,2469,3495,0,4,-6
57,8.24,33590,410.03,410.17,0.13,10.6,11.2,0.0,0.0,-0.7,-0.0,2432,3453,0,6,-9
58,8.32,33589,410.02,410.16,0.15,11.6,12.3,0.0,0.1,-0.8,-0.0,2419,3437,0,6,-10
59,8.49,33589,410.02,410.16,0.13,10.7,11.2,0.0,0.2,-0.8,-0.0,2419,3436,0,5,-9
60,8.65,33589,410.02,410.16,0.13,10.6,11.2,0.0,0.2,-0.8,-0.0,2419,3435,0,5,-9
61,8.83,33588,410.01,410.15,0.15,11.6,12.3,0.0,0.1,-0.8,-0.0,2407,3426,0,6,-10
62,8.91,33588,410.01,410.15,0.15,11.4,12.3,0.0,0.0,-1.0,-0.0,2407,3428,0,6,-9
63,9.08,33591,410.05,410.15,0.10,7.2,8.2,0.0,-0.1,-0.8,-0.0,2444,3471,0,4,-6
64,9.17,33590,410.03,410.14,0.11,8.2,9.2,0.0,-0.1,-0.9,-0.0,2432,3458,0,4,-7
65,9.34,33589,410.02,410.14,0.12,9.3,10.2,0.0,-0.0,-0.9,-0.0,2419,3443,0,5,-8
66,9.50,33587,410.00,410.14,0.13,10.4,11.2,0.0,-0.0,-0.8,-0.0,2394,3417,0,5,-9
67,9.67,33588,410.01,410.13,0.12,9.4,10.2,0.0,0.0,-0.9,-0.0,2407,3428,0,5,-8
68,9.76,33586,409.99,410.13,0.15,11.5,12.3,0.0,0.2,-1.0,-0.0,2382,3398,0,5,-10
69,9.93,33586,409.99,410.13,0.15,11.5,12.3,0.0,0.1,-0.9,-0.0,2382,3402,0,5,-10
70,10.10,33586,409.99,410.12,0.13,10.3,11.2,0.0,-0.0,-0.9,-0.0,2382,3405,0,5,-9
71,10.18,33586,409.99,410.12,0.13,10.3,11.2,0.0,0.0,-0.9,-0.0,2382,3405,0,5,-9
72,10.33,33586,409.99,410.12,0.13,10.4,11.2,0.0,0.0,-0.9,-0.0,2382,3403,0,5,-9
73,10.49,33585,409.97,410.11,0.13,10.2,11.2,0.0,-0.1,-0.9,-0.0,2369,3393,0,5,-9
74,10.66,33585,409.97,410.11,0.13,10.2,11.2,0.0,0.0,-1.0,-0.0,2369,3391,0,5,-9
75,10.82,33585,409.97,410.10,0.13,10.3,11.2,0.0,0.0,-0.9,-0.0,2369,3391,0,5,-9
76,10.90,33585,409.97,410.10,0.13,10.2,11.2,0.0,0.0,-1.0,-0.0,2369,3391,0,5,-9
77,11.06,33585,409.97,410.10,0.12,9.2,10.2,0.0,-0.1,-1.0,-0.0,2369,3393,0,4,-8
78,11.21,33585,409.97,410.09,0.12,9.2,10.2,0.0,-0.0,-1.0,-0.0,2369,3393,0,4,-8
79,11.37,33588,410.01,410.09,0.07,4.9,6.1,0.0,-0.2,-1.0,-0.0,2407,3436,0,3,-4
80,11.47,33586,409.99,410.09,0.10,6.9,8.2,0.0,-0.1,-1.2,-0.0,2382,3408,0,3,-6
81,11.64,33585,409.97,410.08,0.11,8.1,9.2,0.0,-0.0,-1.1,-0.0,2369,3393,0,4,-7
82,11.81,33584,409.96,410.08,0.11,8.1,9.2,0.0,-0.0,-1.1,-0.0,2357,3380,0,4,-7
83,11.89,33584,409.96,410.07,0.11,8.1,9.2,0.0,-0.0,-1.0,-0.0,2357,3380,0,4,-7
84,12.05,33585,409.97,410.07,0.10,7.2,8.2,0.0,0.1,-1.1,-0.0,2369,3389,0,3,-6
85,12.22,33587,410.00,410.06,0.06,3.8,5.1,0.0,-0.1,-1.1,-0.0,2394,3420,0,2,-3
86,12.38,33587,410.00,410.06,0.06,3.8,5.1,0.0,-0.2,-1.1,-0.0,2394,3421,0,2,-3
87,12.47,33586,409.99,410.06,0.07,4.8,6.1,0.0,-0.1,-1.2,-0.0,2382,3409,0,2,-4
88,12.64,33587,410.00,410.05,0.05,2.7,4.1,0.0,-0.2,-1.1,-0.0,2394,3422,0,1,-2
89,12.82,33588,410.01,410.04,0.04,1.7,3.1,0.0,-0.2,-1.2,-0.0,2407,3435,0,1,-1
90,12.89,33586,409.99,410.04,0.06,3.9,5.1,0.0,0.0,-1.2,-0.0,2382,3404,0,2,-3
91,13.06,33588,410.01,410.04,0.02,0.8,2.0,0.0,-0.1,-1.1,-0.0,2407,3432,0,0,-1
92,13.23,33587,410.00,410.03,0.04,1.7,3.1,0.0,-0.1,-1.2,-0.0,2394,3420,0,1,-1
93,13.39,33588,410.01,410.03,0.01,-0.3,1.0,0.0,-0.1,-1.2,-0.0,2407,1383,0,0,0
94,13.48,33586,409.99,410.02,0.04,1.8,3.1,0.0,0.0,-1.3,-0.0,2382,3403,0,1,-2
95,13.64,33588,410.01,410.02,0.01,-0.2,1.0,0.0,-0.1,-1.2,-0.0,2407,1384,0,0,0
96,13.81,33586,409.99,410.01,0.02,0.7,2.0,0.0,-0.0,-1.3,-0.0,2382,3405,0,0,-1
97,13.89,33588,410.01,410.01,0.00,-1.4,0.0,0.0,-0.1,-1.2,-0.0,2407,1384,0,-1,1
98,14.06,33590,410.03,410.00,-0.04,-4.6,-3.1,0.0,-0.2,-1.3,-0.0,2432,1411,0,-2,4
99,14.24,33588,410.01,410.00,-0.01,-2.5,-1.0,0.0,-0.1,-1.4,-0.0,2407,1385,0,-1,2
100,14.32,33587,410.00,409.99,0.00,-1.4,0.0,0.0,-0.0,-1.3,-0.0,2394,1368,0,-1,1
101,14.49,33588,410.01,409.99,-0.02,-3.5,-2.0,0.0,-0.2,-1.3,-0.0,2407,1386,0,-2,3
102,14.66,33586,409.99,409.98,0.00,-1.3,0.0,0.0,0.0,-1.3,-0.0,2382,1354,0,-1,1
103,14.75,33585,409.97,409.98,0.00,-1.3,0.0,0.0,0.1,-1.4,-0.0,2369,1337,0,-1,1
104,14.90,33585,409.97,409.97,0.00,-1.2,0.0,0.0,0.0,-1.3,-0.0,2369,1341,0,-1,1
105,15.06,33587,410.00,409.97,-0.04,-4.5,-3.1,0.0,-0.1,-1.3,-0.0,2394,1370,0,-2,4
106,15.23,33585,409.97,409.96,-0.01,-2.5,-1.0,0.0,-0.0,-1.4,-0.0,2369,1343,0,-1,2
107,15.32,33585,409.97,409.96,-0.01,-2.6,-1.0,0.0,-0.0,-1.5,-0.0,2369,1343,0,-1,2
108,15.48,33588,410.01,409.95,-0.06,-6.8,-5.1,0.0,-0.2,-1.4,-0.0,2407,1388,0,-3,6
109,15.65,33589,410.02,409.94,-0.07,-7.7,-6.1,0.0,-0.2,-1.3,-0.0,2419,1399,0,-4,6
110,15.81,33588,410.01,409.94,-0.07,-7.8,-6.1,0.0,-0.2,-1.4,-0.0,2407,1386,0,-4,6
111,15.89,33588,410.01,409.93,-0.07,-7.8,-6.1,0.0,-0.2,-1.4,-0.0,2407,1387,0,-4,6
112,16.05,33588,410.01,409.93,-0.09,-8.7,-7.2,0.0,-0.1,-1.4,-0.0,2407,1384,0,-4,7
113,16.21,33589,410.02,409.92,-0.10,-9.6,-8.2,0.0,-0.1,-1.3,-0.0,2419,1395,0,-5,8
114,16.37,33587,410.00,409.91,-0.09,-8.6,-7.2,0.0,-0.0,-1.4,-0.0,2394,1369,0,-4,7
115,16.46,33583,409.95,409.91,-0.04,-4.5,-3.1,0.0,0.1,-1.6,-0.0,2344,1312,0,-2,4
116,16.63,33583,409.95,409.90,-0.05,-5.5,-4.1,0.0,0.1,-1.5,-0.0,2344,1313,0,-2,5
117,16.81,33585,409.97,409.90,-0.07,-7.7,-6.1,0.0,0.0,-1.6,-0.0,2369,1340,0,-3,7
118,16.89,33585,409.97,409.89,-0.09,-8.9,-7.2,0.0,0.0,-1.8,-0.0,2369,1338,0,-4,8
119,17.06,33587,410.00,409.89,-0.11,-10.8,-9.2,0.0,-0.1,-1.5,-0.0,2394,1370,0,-5,9
120,17.23,33586,409.99,409.88,-0.11,-11.1,-9.2,0.0,-0.3,-1.6,-0.0,2382,1364,0,-5,9
121,17.32,33586,409.99,409.87,-0.11,-11.1,-9.2,0.0,-0.2,-1.7,-0.0,2382,1363,0,-5,9
122,17.48,33587,410.00,409.87,-0.13,-13.2,-11.2,0.0,-0.2,-1.7,-0.0,2394,1373,0,-7,11
123,17.65,33585,409.97,409.86,-0.11,-10.8,-9.2,0.0,-0.0,-1.5,-0.0,2369,1344,0,-5,9
124,17.73,33583,409.95,409.86,-0.10,-9.7,-8.2,0.0,0.0,-1.6,-0.0,2344,1314,0,-4,9
125,17.89,33584,409.96,409.85,-0.11,-10.8,-9.2,0.0,0.0,-1.6,-0.0,2357,1330,0,-5,9
126,18.06,33585,409.97,409.84,-0.13,-12.9,-11.2,0.0,-0.0,-1.6,-0.0,2369,1342,0,-6,11
127,18.23,33586,409.99,409.83,-0.15,-14.1,-12.3,0.0,-0.1,-1.7,-0.0,2382,1359,0,-7,12
128,18.32,33588,410.01,409.83,-0.18,-17.3,-15.3,0.0,-0.3,-1.7,-0.0,2407,1388,0,-9,14
129,18.49,33587,410.00,409.82,-0.17,-16.2,-14.3,0.0,-0.3,-1.6,-0.0,2394,1376,0,-8,13
130,18.66,33584,409.96,409.81,-0.15,-14.0,-12.3,0.0,0.0,-1.7,-0.0,2357,1328,0,-6,12
131,18.75,33584,409.96,409.81,-0.15,-14.2,-12.3,0.0,-0.0,-1.8,-0.0,2357,1331,0,-6,12
132,18.91,33584,409.96,409.80,-0.16,-15.2,-13.3,0.0,-0.0,-1.8,-0.0,2357,1330,0,-7,13
133,19.07,33583,409.95,409.80,-0.16,-14.9,-13.3,0.0,0.1,-1.7,-0.0,2344,1313,0,-6,13
134,19.23,33584,409.96,409.79,-0.17,-16.0,-14.3,0.0,0.0,-1.7,-0.0,2357,1330,0,-7,14
135,19.32,33584,409.96,409.78,-0.18,-17.4,-15.3,0.0,-0.1,-1.9,-0.0,2357,1333,0,-8,15
136,19.49,33582,409.94,409.78,-0.16,-15.0,-13.3,0.0,0.0,-1.7,-0.0,2332,1305,0,-6,13
137,19.65,33582,409.94,409.77,-0.17,-16.1,-14.3,0.0,-0.1,-1.7,-0.0,2332,1307,0,-7,14
138,19.73,33582,409.94,409.76,-0.17,-16.2,-14.3,0.0,-0.0,-1.8,-0.0,2332,1306,0,-7,14
139,19.89,33579,409.90,409.76,-0.15,-14.0,-12.3,0.0,0.1,-1.9,-0.0,2294,1262,0,-5,13
140,20.06,33579,409.90,409.75,-0.16,-15.1,-13.3,0.0,0.0,-1.8,-0.0,2294,1265,0,-5,14
141,20.23,33579,409.90,409.74,-0.16,-15.1,-13.3,0.0,0.0,-1.8,-0.0,2294,1266,0,-5,14
142,20.31,33578,409.89,409.73,-0.16,-15.1,-13.3,0.0,0.0,-1.8,-0.0,2282,1252,0,-5,14
143,20.47,33577,409.88,409.73,-0.15,-14.1,-12.3,0.0,0.0,-1.8,-0.0,2269,1241,0,-4,13
144,20.64,33578,409.89,409.72,-0.17,-16.3,-14.3,0.0,-0.1,-1.9,-0.0,2282,1256,0,-6,15
145,20.73,33578,409.89,409.71,-0.17,-16.4,-14.3,0.0,-0.0,-2.1,-0.0,2282,1256,0,-6,15
146,20.88,33577,409.88,409.70,-0.17,-16.3,-14.3,0.0,-0.0,-1.9,-0.0,2269,1242,0,-5,15
147,21.05,33572,409.81,409.70,-0.12,-12.0,-10.2,0.0,0.1,-1.9,-0.0,2207,1176,0,-3,11
148,21.21,33572,409.81,409.69,-0.12,-12.0,-10.2,0.0,0.1,-1.9,-0.0,2207,1176,0,-3,11
149,21.37,33573,409.83,409.68,-0.15,-14.1,-12.3,0.0,0.1,-1.9,-0.0,2219,1187,0,-3,13
150,21.45,33573,409.83,409.67,-0.15,-14.1,-12.3,0.0,0.1,-1.9,-0.0,2219,1187,0,-3,13
151,21.61,33572,409.81,409.67,-0.15,-14.2,-12.3,0.0,0.0,-1.9,-0.0,2207,1179,0,-3,13
152,21.77,33573,409.83,409.66,-0.17,-16.5,-14.3,0.0,-0.2,-2.0,-0.0,2219,1197,0,-4,15
153,21.94,33571,409.80,409.65,-0.16,-15.3,-13.3,0.0,-0.0,-1.9,-0.0,2194,1167,0,-3,14
154,22.02,33570,409.79,409.64,-0.15,-14.3,-12.3,0.0,0.0,-2.0,-0.0,2182,1153,0,-3,14
155,22.18,33566,409.74,409.63,-0.11,-11.1,-9.2,0.0,0.1,-2.1,-0.0,2132,1099,0,-1,11
156,22.34,33566,409.74,409.63,-0.11,-11.0,-9.2,0.0,0.2,-2.0,-0.0,2132,1099,0,-1,11
157,22.51,33566,409.74,409.62,-0.12,-12.2,-10.2,0.0,0.1,-2.0,-0.0,2132,1100,0,-1,12
158,22.59,33564,409.72,409.61,-0.11,-11.1,-9.2,0.0,0.2,-2.0,-0.0,2107,1072,0,-1,11
159,22.76,33563,409.70,409.60,-0.10,-10.1,-8.2,0.0,0.1,-2.0,-0.0,2094,1063,0,-1,10
160,22.92,33562,409.69,409.59,-0.10,-10.1,-8.2,0.0,0.0,-2.0,-0.0,2082,1052,0,0,10
161,23.07,33560,409.67,409.58,-0.09,-9.0,-7.2,0.0,0.1,-2.0,-0.0,2057,1024,0,0,9
162,23.16,33560,409.67,409.58,-0.09,-9.2,-7.2,0.0,0.1,-2.2,-0.0,2057,1023,0,0,9
163,23.31,33560,409.67,409.57,-0.10,-10.2,-8.2,0.0,0.0,-2.0,-0.0,2057,1028,0,0,10
164,23.47,33558,409.64,409.56,-0.09,-9.1,-7.2,0.0,0.0,-2.0,-0.0,2032,1002,0,0,9
165,23.64,33557,409.63,409.55,-0.09,-9.4,-7.2,0.0,-0.0,-2.1,-0.0,2019,990,0,0,9
166,23.72,33556,409.62,409.55,-0.07,-8.3,-6.1,0.0,0.0,-2.2,-0.0,2007,977,0,1,8
167,23.89,33556,409.62,409.54,-0.09,-9.2,-7.2,0.0,0.0,-2.1,-0.0,2007,977,0,1,9
168,24.05,33555,409.61,409.53,-0.09,-9.3,-7.2,0.0,0.0,-2.1,-0.0,1994,963,0,1,9
169,24.22,33552,409.57,409.52,-0.05,-6.1,-4.1,0.0,0.1,-2.1,-0.0,1957,924,0,1,6
170,24.30,33555,409.61,409.51,-0.10,-10.5,-8.2,0.0,-0.0,-2.3,-0.0,1994,967,0,1,10
171,24.47,33555,409.61,409.50,-0.11,-11.7,-9.2,0.0,-0.1,-2.4,-0.0,1994,968,0,1,11
172,24.65,33553,409.58,409.49,-0.10,-10.6,-8.2,0.0,-0.1,-2.3,-0.0,1969,942,0,1,10
173,24.74,33553,409.58,409.49,-0.10,-10.7,-8.2,0.0,-0.0,-2.5,-0.0,1969,942,0,1,10
174,24.89,33553,409.58,409.48,-0.11,-11.6,-9.2,0.0,-0.2,-2.2,-0.0,1969,946,0,1,11
175,25.06,33553,409.58,409.46,-0.12,-12.5,-10.2,0.0,-0.1,-2.2,-0.0,1969,942,0,2,12
176,25.15,33553,409.58,409.46,-0.12,-12.8,-10.2,0.0,-0.0,-2.5,-0.0,1969,942,0,2,12
177,25.31,33550,409.55,409.45,-0.10,-10.5,-8.2,0.0,0.0,-2.3,-0.0,1932,903,0,2,10
178,25.48,33552,409.57,409.44,-0.13,-13.8,-11.2,0.0,-0.1,-2.4,-0.0,1957,931,0,2,13
179,25.65,33552,409.57,409.43,-0.15,-14.8,-12.3,0.0,-0.1,-2.4,-0.0,1957,931,0,2,14
180,25.72,33552,409.57,409.42,-0.15,-14.5,-12.3,0.0,-0.1,-2.1,-0.0,1957,932,0,2,14
181,25.88,33551,409.56,409.41,-0.15,-14.8,-12.3,0.0,-0.2,-2.3,-0.0,1944,921,0,2,14
182,26.05,33552,409.57,409.40,-0.17,-17.0,-14.3,0.0,-0.2,-2.4,-0.0,1957,935,0,2,16
183,26.21,33552,409.57,409.39,-0.18,-17.9,-15.3,0.0,-0.1,-2.4,-0.0,1957,931,0,2,17
184,26.29,33553,409.58,409.39,-0.20,-19.0,-16.4,0.0,-0.2,-2.5,-0.0,1969,947,0,2,18
185,26.47,33550,409.55,409.37,-0.17,-16.8,-14.3,0.0,-0.1,-2.4,-0.0,1932,906,0,3,16
186,26.63,33549,409.53,409.36,-0.17,-16.7,-14.3,0.0,-0.0,-2.4,-0.0,1919,891,0,3,16
187,26.72,33549,409.53,409.36,-0.17,-16.8,-14.3,0.0,0.0,-2.5,-0.0,1919,890,0,3,16
188,26.88,33549,409.53,409.35,-0.18,-17.9,-15.3,0.0,0.0,-2.5,-0.0,1919,890,0,4,17
189,27.04,33552,409.57,409.34,-0.23,-22.0,-19.4,0.0,-0.2,-2.4,-0.0,1957,934,0,3,21
190,27.21,33548,409.52,409.32,-0.20,-18.8,-16.4,0.0,-0.1,-2.4,-0.0,1907,882,0,4,18
191,27.29,33548,409.52,409.32,-0.21,-20.1,-17.4,0.0,-0.1,-2.6,-0.0,1907,881,0,4,19
192,27.46,33549,409.53,409.31,-0.23,-22.1,-19.4,0.0,-0.2,-2.5,-0.0,1919,895,0,4,21
193,27.63,33548,409.52,409.30,-0.23,-22.0,-19.4,0.0,-0.1,-2.5,-0.0,1907,880,0,5,21
194,27.72,33547,409.51,409.29,-0.22,-21.0,-18.4,0.0,0.0,-2.7,-0.0,1894,862,0,5,20
195,27.89,33544,409.47,409.28,-0.20,-19.0,-16.4,0.0,0.0,-2.6,-0.0,1857,827,0,5,18
196,28.07,33546,409.50,409.27,-0.23,-22.1,-19.4,0.0,-0.0,-2.6,-0.0,1882,854,0,6,21
197,28.15,33544,409.47,409.26,-0.22,-21.3,-18.4,0.0,0.0,-2.9,-0.0,1857,825,0,6,20
198,28.32,33543,409.46,409.25,-0.21,-19.9,-17.4,0.0,0.1,-2.6,-0.0,1844,813,0,6,18
199,28.48,33542,409.45,409.24,-0.21,-20.0,-17.4,0.0,0.0,-2.6,-0.0,1832,804,0,6,18
200,28.65,33542,409.45,409.22,-0.22,-21.2,-18.4,0.0,-0.1,-2.7,-0.0,1832,805,0,7,19
201,28.73,33540,409.42,409.22,-0.21,-19.7,-17.4,0.0,0.1,-2.4,-0.0,1807,775,0,7,18
202,28.89,33540,409.42,409.21,-0.22,-21.0,-18.4,0.0,-0.0,-2.5,-0.0,1807,779,0,7,19
203,29.05,33537,409.39,409.19,-0.20,-18.9,-16.4,0.0,0.1,-2.6,-0.0,1769,736,0,8,17
204,29.14,33532,409.33,409.19,-0.13,-13.8,-11.2,0.0,0.3,-2.9,-0.0,1707,667,0,7,11
205,29.31,33533,409.34,409.18,-0.16,-15.8,-13.3,0.0,0.2,-2.7,-0.0,1719,681,0,8,13
206,29.47,33531,409.31,409.16,-0.15,-14.8,-12.3,0.0,0.2,-2.8,-0.0,1694,656,0,8,12
207,29.64,33530,409.30,409.15,-0.15,-14.7,-12.3,0.0,0.3,-2.7,-0.0,1682,643,0,8,12
208,29.73,33530,409.30,409.15,-0.16,-16.1,-13.3,0.0,0.1,-3.0,-0.0,1682,647,0,9,13
209,29.89,33530,409.30,409.13,-0.17,-16.8,-14.3,0.0,-0.0,-2.4,-0.0,1682,654,0,9,14
210,30.06,33527,409.27,409.12,-0.15,-15.0,-12.3,0.0,0.0,-2.7,-0.0,1644,614,0,9,12
211,30.15,33527,409.27,409.11,-0.15,-15.3,-12.3,0.0,0.0,-3.0,-0.0,1644,614,0,9,12
212,30.31,33523,409.22,409.10,-0.11,-12.0,-9.2,0.0,0.1,-2.9,-0.0,1594,559,0,8,9
213,30.48,33522,409.20,409.09,-0.11,-11.6,-9.2,0.0,0.2,-2.6,-0.0,1582,547,0,8,8
214,30.57,33521,409.19,409.08,-0.11,-12.0,-9.2,0.0,0.2,-3.0,-0.0,1569,531,0,8,8
215,30.73,33521,409.19,409.07,-0.12,-12.9,-10.2,0.0,0.1,-2.7,-0.0,1569,536,0,8,9
216,30.90,33521,409.19,409.06,-0.13,-14.0,-11.2,0.0,0.1,-2.8,-0.0,1569,536,0,9,10
217,31.05,33521,409.19,409.04,-0.15,-15.2,-12.3,0.0,-0.1,-2.8,-0.0,1569,544,0,10,11
218,31.14,33522,409.20,409.04,-0.17,-17.5,-14.3,0.0,-0.2,-3.0,-0.0,1582,558,0,11,13
219,31.31,33517,409.14,409.02,-0.12,-13.1,-10.2,0.0,-0.0,-2.8,-0.0,1519,489,0,9,9
220,31.48,33519,409.17,409.01,-0.16,-16.3,-13.3,0.0,-0.1,-2.9,-0.0,1544,517,0,11,11
221,31.64,33517,409.14,409.00,-0.15,-15.2,-12.3,0.0,-0.1,-2.8,-0.0,1519,492,0,11,10
222,31.73,33517,409.14,408.99,-0.15,-15.3,-12.3,0.0,0.0,-3.1,-0.0,1519,489,0,11,10
223,31.89,33517,409.14,408.98,-0.16,-16.2,-13.3,0.0,-0.1,-2.8,-0.0,1519,492,0,11,11
224,32.07,33515,409.12,408.96,-0.16,-16.6,-13.3,0.0,-0.1,-3.2,-0.0,1494,465,0,12,11
225,32.15,33514,409.11,408.96,-0.15,-15.4,-12.3,0.0,0.0,-3.2,-0.0,1482,450,0,11,9
226,32.32,33517,409.14,408.94,-0.20,-19.5,-16.4,0.0,-0.2,-2.9,-0.0,1519,495,0,14,13
227,32.49,33517,409.14,408.93,-0.21,-20.6,-17.4,0.0,-0.2,-3.0,-0.0,1519,495,0,14,14
228,32.57,33518,409.16,408.92,-0.23,-22.8,-19.4,0.0,-0.3,-3.1,-0.0,1532,510,0,16,16
229,32.74,33514,409.11,408.91,-0.20,-19.4,-16.4,0.0,-0.1,-2.9,-0.0,1482,457,0,14,12
230,32.91,33514,409.11,408.90,-0.21,-20.5,-17.4,0.0,-0.1,-3.0,-0.0,1482,455,0,15,13
231,32.99,33514,409.11,408.89,-0.22,-21.4,-18.4,0.0,-0.1,-2.9,-0.0,1482,454,0,16,13
232,33.16,33512,409.08,408.88,-0.21,-20.4,-17.4,0.0,0.0,-3.0,-0.0,1457,426,0,16,12
233,33.33,33513,409.09,408.86,-0.23,-22.5,-19.4,0.0,-0.0,-3.1,-0.0,1469,440,0,17,14
234,33.50,33513,409.09,408.85,-0.24,-23.6,-20.5,0.0,-0.1,-3.0,-0.0,1469,444,0,18,14
235,33.58,33513,409.09,408.84,-0.26,-24.7,-21.5,0.0,-0.2,-3.0,-0.0,1469,444,0,19,15
236,33.74,33512,409.08,408.83,-0.26,-24.6,-21.5,0.0,-0.2,-2.9,-0.0,1457,433,0,19,15
237,33.91,33511,409.07,408.81,-0.26,-24.8,-21.5,0.0,0.0,-3.3,-0.0,1444,414,0,19,14
238,34.01,33508,409.03,408.80,-0.23,-22.9,-19.4,0.0,0.0,-3.5,-0.0,1407,375,0,19,12
239,34.18,33509,409.05,408.79,-0.26,-24.5,-21.5,0.0,-0.0,-3.0,-0.0,1419,389,0,20,13
240,34.35,33506,409.01,408.78,-0.23,-22.5,-19.4,0.0,0.1,-3.1,-0.0,1382,348,0,19,11
241,34.44,33505,409.00,408.77,-0.23,-22.8,-19.4,0.0,0.1,-3.4,-0.0,1369,334,0,19,11
242,34.59,33505,409.00,408.75,-0.24,-23.4,-20.5,0.0,0.0,-3.0,-0.0,1369,336,0,20,11
243,34.76,33505,409.00,408.74,-0.26,-24.8,-21.5,0.0,-0.1,-3.2,-0.0,1369,342,0,21,12
244,34.92,33503,408.97,408.73,-0.24,-23.4,-20.5,0.0,0.1,-3.1,-0.0,1344,311,0,20,10
245,35.01,33501,408.95,408.72,-0.23,-22.8,-19.4,0.0,0.0,-3.3,-0.0,1319,287,0,20,9
246,35.18,33501,408.95,408.70,-0.24,-23.6,-20.5,0.0,-0.0,-3.1,-0.0,1319,289,0,21,10
247,35.34,33498,408.91,408.69,-0.22,-21.4,-18.4,0.0,0.1,-3.1,-0.0,1282,248,0,19,8
248,35.43,33498,408.91,408.68,-0.23,-22.9,-19.4,0.0,0.1,-3.6,-0.0,1282,246,0,21,8
249,35.59,33495,408.87,408.67,-0.21,-20.4,-17.4,0.0,0.1,-3.1,-0.0,1244,209,0,19,6
250,35.76,33494,408.86,408.65,-0.21,-20.4,-17.4,0.0,0.1,-3.1,-0.0,1232,198,0,19,6
251,35.92,33494,408.86,408.64,-0.22,-21.5,-18.4,0.0,0.0,-3.1,-0.0,1232,201,0,20,6
252,36.01,33494,408.86,408.63,-0.23,-23.0,-19.4,0.0,-0.0,-3.5,-0.0,1232,202,0,21,7
253,36.18,33492,408.84,408.61,-0.22,-21.5,-18.4,0.0,0.1,-3.2,-0.0,1207,174,0,20,5
254,36.35,33486,408.76,408.60,-0.17,-17.5,-14.3,0.0,0.1,-3.3,-0.0,1132,96,0,17,2
255,36.44,33485,408.75,408.59,-0.16,-16.7,-13.3,0.0,0.2,-3.6,-0.0,1119,81,0,16,2
256,36.61,33482,408.72,408.57,-0.15,-15.4,-12.3,0.0,0.3,-3.4,-0.0,1082,40,0,15,1
257,36.78,33479,408.68,408.56,-0.12,-13.3,-10.2,0.0,0.4,-3.4,-0.0,1044,1,0,13,0
258,36.86,33478,408.67,408.55,-0.11,-12.1,-9.2,0.0,0.4,-3.3,-0.0,1032,4084,0,12,0
259,37.02,33478,408.67,408.54,-0.13,-14.5,-11.2,0.0,0.1,-3.4,-0.0,1032,4092,0,14,0
260,37.19,33475,408.63,408.52,-0.11,-12.2,-9.2,0.0,0.2,-3.2,-0.0,994,4052,0,12,-1
261,37.28,33474,408.62,408.51,-0.11,-12.8,-9.2,0.0,0.1,-3.8,-0.0,982,4041,0,12,-1
262,37.44,33474,408.62,408.50,-0.12,-13.6,-10.2,0.0,0.0,-3.4,-0.0,982,4046,0,13,-1
263,37.61,33468,408.54,408.48,-0.06,-8.4,-5.1,0.0,0.2,-3.5,-0.0,907,3963,0,8,-2
264,37.77,33466,408.52,408.47,-0.05,-7.0,-4.1,0.0,0.3,-3.3,-0.0,882,3937,0,7,-2
265,37.86,33465,408.51,408.46,-0.05,-7.5,-4.1,0.0,0.2,-3.6,-0.0,869,3925,0,7,-2
266,38.02,33463,408.48,408.44,-0.04,-6.4,-3.1,0.0,0.3,-3.6,-0.0,844,3899,0,6,-2
267,38.19,33462,408.47,408.43,-0.05,-7.6,-4.1,0.0,0.1,-3.6,-0.0,832,3892,0,7,-2
268,38.28,33463,408.48,408.42,-0.06,-8.7,-5.1,0.0,0.0,-3.6,-0.0,844,3908,0,8,-2
269,38.45,33463,408.48,408.40,-0.09,-10.9,-7.2,0.0,-0.1,-3.6,-0.0,844,3911,0,10,-3
270,38.62,33457,408.41,408.39,-0.02,-5.4,-2.0,0.0,0.1,-3.4,-0.0,769,3831,0,5,-2
271,38.71,33455,408.39,408.38,-0.01,-5.0,-1.0,0.0,0.1,-4.0,-0.0,744,3803,0,4,-2
272,38.88,33458,408.42,408.36,-0.06,-8.7,-5.1,0.0,-0.0,-3.6,-0.0,782,3848,0,8,-3
273,39.05,33456,408.40,408.34,-0.05,-7.4,-4.1,0.0,0.1,-3.4,-0.0,757,3819,0,7,-3
274,39.14,33454,408.37,408.34,-0.04,-6.8,-3.1,0.0,0.2,-3.9,-0.0,732,3790,0,6,-3
275,39.31,33456,408.40,408.32,-0.09,-10.9,-7.2,0.0,-0.2,-3.5,-0.0,757,3828,0,10,-4
276,39.47,33457,408.41,408.30,-0.11,-13.1,-9.2,0.0,-0.3,-3.6,-0.0,769,3841,0,12,-5
277,39.56,33454,408.37,408.29,-0.09,-11.0,-7.2,0.0,-0.1,-3.7,-0.0,732,3798,0,10,-5
278,39.73,33452,408.35,408.28,-0.07,-9.9,-6.1,0.0,-0.1,-3.7,-0.0,707,3773,0,8,-5
279,39.90,33453,408.36,408.26,-0.10,-12.2,-8.2,0.0,-0.2,-3.8,-0.0,719,3789,0,10,-5
280,40.00,33452,408.35,408.25,-0.10,-12.2,-8.2,0.0,-0.0,-4.0,-0.0,707,3773,0,10,-6
281,40.16,33452,408.35,408.23,-0.12,-13.8,-10.2,0.0,-0.0,-3.5,-0.0,707,3772,0,12,-6
282,40.33,33451,408.34,408.22,-0.12,-14.2,-10.2,0.0,-0.2,-3.8,-0.0,694,3765,0,12,-7
283,40.42,33451,408.34,408.21,-0.13,-15.4,-11.2,0.0,-0.2,-4.0,-0.0,694,3764,0,13,-7
284,40.59,33449,408.31,408.19,-0.12,-14.0,-10.2,0.0,-0.1,-3.7,-0.0,669,3735,0,12,-7
285,40.77,33451,408.34,408.17,-0.17,-18.4,-14.3,0.0,-0.2,-3.9,-0.0,694,3764,0,16,-9
286,40.85,33451,408.34,408.16,-0.17,-18.3,-14.3,0.0,-0.2,-3.8,-0.0,694,3765,0,16,-9
287,41.01,33451,408.34,408.15,-0.20,-20.4,-16.4,0.0,-0.3,-3.7,-0.0,694,3766,0,17,-10
288,41.18,33452,408.35,408.13,-0.22,-22.7,-18.4,0.0,-0.4,-3.9,-0.0,707,3784,0,19,-10
289,41.34,33452,408.35,408.11,-0.23,-23.4,-19.4,0.0,-0.3,-3.6,-0.0,707,3782,0,20,-10
290,41.42,33450,408.33,408.11,-0.22,-22.4,-18.4,0.0,-0.2,-3.8,-0.0,682,3752,0,19,-11
291,41.58,33450,408.33,408.09,-0.23,-23.3,-19.4,0.0,-0.2,-3.6,-0.0,682,3753,0,19,-11
292,41.75,33447,408.29,408.07,-0.22,-22.3,-18.4,0.0,-0.0,-3.8,-0.0,644,3708,0,18,-12
293,41.85,33446,408.28,408.06,-0.22,-22.6,-18.4,0.0,0.0,-4.2,-0.0,632,3694,0,18,-13
294,42.02,33445,408.26,408.04,-0.22,-22.5,-18.4,0.0,0.0,-4.1,-0.0,619,3680,0,17,-13
295,42.19,33445,408.26,408.02,-0.24,-24.2,-20.5,0.0,-0.0,-3.7,-0.0,619,3684,0,19,-14
296,42.28,33444,408.25,408.02,-0.23,-23.6,-19.4,0.0,0.0,-4.2,-0.0,607,3670,0,18,-14
297,42.45,33443,408.24,408.00,-0.24,-24.3,-20.5,0.0,-0.1,-3.8,-0.0,594,3660,0,18,-15
298,42.62,33441,408.22,407.98,-0.23,-23.5,-19.4,0.0,-0.1,-3.9,-0.0,569,3635,0,17,-15
299,42.70,33441,408.22,407.97,-0.24,-24.5,-20.5,0.0,-0.1,-4.0,-0.0,569,3635,0,18,-15
300,42.86,33439,408.19,407.95,-0.23,-23.1,-19.4,0.0,0.0,-3.7,-0.0,544,3608,0,16,-15
301,43.03,33439,408.19,407.94,-0.26,-25.5,-21.5,0.0,-0.1,-4.0,-0.0,544,3610,0,18,-17
302,43.20,33433,408.12,407.92,-0.20,-20.2,-16.4,0.0,0.2,-4.0,-0.0,469,3526,0,13,-15
303,43.29,33433,408.12,407.91,-0.21,-21.5,-17.4,0.0,0.1,-4.2,-0.0,469,3528,0,13,-16
304,43.46,33432,408.11,407.89,-0.22,-22.2,-18.4,0.0,0.1,-3.9,-0.0,457,3517,0,14,-17
305,43.55,33431,408.09,407.88,-0.22,-22.6,-18.4,0.0,0.0,-4.2,-0.0,444,3504,0,13,-17
306,43.72,33430,408.08,407.86,-0.22,-22.0,-18.4,0.0,0.1,-3.8,-0.0,432,3492,0,13,-17
307,43.88,33427,408.04,407.84,-0.21,-21.5,-17.4,0.0,-0.0,-4.0,-0.0,394,3457,0,12,-17
308,44.04,33425,408.02,407.83,-0.20,-20.2,-16.4,0.0,0.0,-3.9,-0.0,369,3431,0,10,-17
309,44.12,33423,408.00,407.82,-0.18,-19.4,-15.3,0.0,0.1,-4.2,-0.0,344,3402,0,9,-16
310,44.29,33422,407.98,407.80,-0.18,-19.2,-15.3,0.0,0.1,-4.0,-0.0,332,3390,0,9,-16
311,44.46,33418,407.93,407.78,-0.16,-17.3,-13.3,0.0,0.2,-4.2,-0.0,282,3339,0,7,-15
312,44.55,33418,407.93,407.77,-0.17,-18.7,-14.3,0.0,0.1,-4.5,-0.0,282,3339,0,7,-17
313,44.72,33416,407.91,407.75,-0.16,-17.3,-13.3,0.0,0.1,-4.2,-0.0,257,3315,0,6,-16
314,44.89,33410,407.84,407.73,-0.11,-13.3,-9.2,0.0,0.2,-4.3,-0.0,182,3235,0,3,-13
315,44.98,33408,407.81,407.72,-0.10,-12.3,-8.2,0.0,0.3,-4.4,-0.0,157,3207,0,2,-12
316,45.15,33405,407.78,407.70,-0.07,-10.1,-6.1,0.0,0.3,-4.2,-0.0,119,3172,0,1,-10
317,45.33,33403,407.75,407.68,-0.07,-10.0,-6.1,0.0,0.3,-4.2,-0.0,94,3147,0,1,-10
318,45.48,33401,407.73,407.66,-0.06,-8.9,-5.1,0.0,0.3,-4.1,-0.0,69,3122,0,1,-9
319,45.57,33401,407.73,407.65,-0.07,-10.3,-6.1,0.0,0.1,-4.3,-0.0,69,3127,0,1,-10
320,45.74,33400,407.71,407.63,-0.09,-11.3,-7.2,0.0,-0.0,-4.1,-0.0,57,3120,0,1,-11
321,45.91,33395,407.65,407.62,-0.04,-7.4,-3.1,0.0,0.1,-4.4,-0.0,4090,3052,0,0,-7
322,46.00,33395,407.65,407.60,-0.05,-8.8,-4.1,0.0,0.1,-4.8,-0.0,4090,3052,0,0,-9
323,46.16,33391,407.60,407.59,-0.02,-6.0,-2.0,0.0,0.1,-4.1,-0.0,4040,3002,0,-1,-6
324,46.33,33388,407.57,407.57,0.00,-3.7,0.0,0.0,0.3,-4.1,-0.0,4003,2960,0,-1,-4
325,46.42,33385,407.53,407.56,0.02,-2.1,2.0,0.0,0.4,-4.6,-0.0,3965,2917,0,0,-2
326,46.59,33385,407.53,407.54,0.00,-4.2,0.0,0.0,0.1,-4.3,-0.0,3965,2926,0,-1,-4
327,46.75,33388,407.57,407.52,-0.05,-8.4,-4.1,0.0,-0.0,-4.2,-0.0,4003,2972,0,-1,-8
328,46.84,33386,407.54,407.51,-0.04,-7.8,-3.1,0.0,-0.0,-4.7,-0.0,3978,2946,0,-1,-7
329,47.01,33380,407.47,407.49,0.01,-3.3,1.0,0.0,0.0,-4.3,-0.0,3903,2867,0,-1,-3
330,47.16,33378,407.45,407.47,0.02,-2.2,2.0,0.0,0.0,-4.3,-0.0,3878,2843,0,-1,-2
331,47.33,33377,407.43,407.45,0.01,-3.5,1.0,0.0,0.0,-4.6,-0.0,3865,2828,0,-1,-3
332,47.42,33375,407.41,407.44,0.02,-2.2,2.0,0.0,0.3,-4.5,-0.0,3840,2796,0,-1,-2
333,47.58,33374,407.40,407.42,0.02,-2.1,2.0,0.0,0.0,-4.2,-0.0,3828,2794,0,-1,-2
334,47.75,33375,407.41,407.40,-0.01,-5.4,-1.0,0.0,-0.1,-4.3,-0.0,3840,2809,0,-2,-5
335,47.84,33375,407.41,407.39,-0.02,-7.2,-2.0,0.0,-0.2,-5.0,-0.0,3840,2811,0,-3,-6
336,48.01,33376,407.42,407.37,-0.05,-8.4,-4.1,0.0,-0.2,-4.1,-0.0,3853,2828,0,-3,-8
337,48.17,33372,407.37,407.35,-0.02,-6.6,-2.0,0.0,-0.2,-4.3,-0.0,3803,2776,0,-3,-6
338,48.26,33371,407.36,407.34,-0.02,-7.0,-2.0,0.0,-0.2,-4.7,-0.0,3790,2761,0,-3,-6
339,48.41,33370,407.35,407.32,-0.02,-6.4,-2.0,0.0,-0.0,-4.3,-0.0,3778,2747,0,-3,-5
340,48.58,33370,407.35,407.30,-0.05,-8.5,-4.1,0.0,-0.0,-4.3,-0.0,3778,2746,0,-4,-7
341,48.74,33370,407.35,407.28,-0.07,-10.7,-6.1,0.0,-0.1,-4.4,-0.0,3778,2748,0,-5,-9
342,48.91,33371,407.36,407.26,-0.10,-13.3,-8.2,0.0,-0.3,-4.8,-0.0,3790,2766,0,-6,-11
343,49.00,33369,407.34,407.25,-0.09,-12.2,-7.2,0.0,-0.2,-4.9,-0.0,3765,2738,0,-6,-10
344,49.17,33367,407.31,407.23,-0.09,-11.7,-7.2,0.0,-0.2,-4.3,-0.0,3740,2712,0,-6,-10
345,49.34,33368,407.32,407.21,-0.12,-14.9,-10.2,0.0,-0.2,-4.4,-0.0,3753,2726,0,-7,-12
346,49.42,33370,407.35,407.20,-0.15,-17.1,-12.3,0.0,-0.3,-4.6,-0.0,3778,2754,0,-8,-15
347,49.58,33369,407.34,407.18,-0.16,-17.8,-13.3,0.0,-0.2,-4.3,-0.0,3765,2738,0,-8,-15
348,49.75,33374,407.40,407.16,-0.24,-25.7,-20.5,0.0,-0.6,-4.6,-0.0,3828,2815,0,-10,-23
349,49.84,33372,407.37,407.14,-0.23,-25.0,-19.4,0.0,-0.5,-5.0,-0.0,3803,2787,0,-10,-22
350,50.01,33370,407.35,407.12,-0.22,-23.2,-18.4,0.0,-0.4,-4.5,-0.0,3778,2757,0,-10,-20
351,50.17,33369,407.34,407.10,-0.23,-24.1,-19.4,0.0,-0.3,-4.4,-0.0,3765,2740,0,-11,-20
352,50.26,33369,407.34,407.09,-0.24,-25.4,-20.5,0.0,-0.3,-4.6,-0.0,3765,2741,0,-12,-22
353,50.43,33368,407.32,407.07,-0.26,-26.1,-21.5,0.0,-0.0,-4.6,-0.0,3753,2720,0,-13,-22
354,50.58,33368,407.32,407.05,-0.27,-27.4,-22.5,0.0,-0.1,-4.7,-0.0,3753,2724,0,-13,-23
355,50.75,33367,407.31,407.03,-0.28,-28.4,-23.5,0.0,-0.2,-4.6,-0.0,3740,2713,0,-14,-23
356,50.83,33369,407.34,407.02,-0.32,-31.5,-26.6,0.0,-0.3,-4.5,-0.0,3765,2741,0,-15,-27
357,51.01,33365,407.29,407.00,-0.29,-29.5,-24.5,0.0,-0.1,-4.9,-0.0,3715,2685,0,-16,-24
358,51.17,33362,407.25,406.98,-0.28,-28.2,-23.5,0.0,-0.1,-4.6,-0.0,3678,2645,0,-17,-22
359,51.26,33362,407.25,406.96,-0.28,-28.6,-23.5,0.0,-0.0,-5.0,-0.0,3678,2645,0,-17,-22
360,51.42,33360,407.23,406.94,-0.28,-28.1,-23.5,0.0,0.0,-4.6,-0.0,3653,2619,0,-17,-21
361,51.59,33360,407.23,406.92,-0.31,-30.2,-25.6,0.0,0.0,-4.7,-0.0,3653,2619,0,-19,-23
362,51.76,33360,407.23,406.90,-0.33,-32.4,-27.6,0.0,-0.1,-4.7,-0.0,3653,2623,0,-20,-24
363,51.84,33357,407.19,406.89,-0.31,-30.4,-25.6,0.0,-0.1,-4.8,-0.0,3615,2583,0,-20,-22
364,52.01,33356,407.18,406.87,-0.31,-30.6,-25.6,0.0,-0.0,-4.9,-0.0,3603,2570,0,-21,-21
365,52.18,33355,407.17,406.85,-0.32,-31.3,-26.6,0.0,-0.1,-4.7,-0.0,3590,2559,0,-21,-21
366,52.26,33354,407.15,406.84,-0.32,-31.4,-26.6,0.0,-0.0,-4.7,-0.0,3578,2545,0,-22,-21
367,52.43,33348,407.08,406.81,-0.27,-26.9,-22.5,0.0,0.2,-4.6,-0.0,3503,2462,0,-21,-15
368,52.60,33344,407.03,406.79,-0.24,-25.0,-20.5,0.0,0.2,-4.7,-0.0,3453,2411,0,-21,-13
369,52.69,33342,407.01,406.78,-0.23,-24.6,-19.4,0.0,0.3,-5.4,-0.0,3428,2381,0,-21,-12
370,52.85,33341,406.99,406.76,-0.23,-23.8,-19.4,0.0,0.3,-4.7,-0.0,3415,2371,0,-20,-11
371,53.02,33337,406.95,406.74,-0.21,-21.7,-17.4,0.0,0.3,-4.6,-0.0,3365,2321,0,-19,-9
372,53.18,33334,406.91,406.72,-0.20,-20.9,-16.4,0.0,0.2,-4.7,-0.0,3328,2286,0,-19,-7
373,53.27,33332,406.88,406.70,-0.18,-20.2,-15.3,0.0,0.2,-5.1,-0.0,3303,2260,0,-19,-6
374,53.44,33329,406.85,406.68,-0.17,-19.2,-14.3,0.0,0.2,-5.1,-0.0,3265,2222,0,-18,-5
375,53.61,33323,406.77,406.66,-0.12,-14.8,-10.2,0.0,0.3,-4.9,-0.0,3190,2144,0,-14,-2
376,53.70,33321,406.75,406.65,-0.11,-14.1,-9.2,0.0,0.4,-5.3,-0.0,3165,2116,0,-14,-1
377,53.86,33316,406.69,406.62,-0.06,-9.4,-5.1,0.0,0.5,-4.8,-0.0,3103,2053,0,-9,0
378,54.04,33316,406.69,406.60,-0.09,-12.0,-7.2,0.0,0.4,-5.2,-0.0,3103,2056,0,-12,0
379,54.13,33315,406.68,406.59,-0.09,-11.9,-7.2,0.0,0.3,-5.1,-0.0,3090,2045,0,-12,0
380,54.29,33307,406.58,406.57,-0.01,-5.6,-1.0,0.0,0.4,-5.0,-0.0,2990,1942,0,-5,1
381,54.46,33305,406.56,406.54,-0.01,-5.9,-1.0,0.0,0.2,-5.1,-0.0,2965,1923,0,-6,1
382,54.55,33303,406.53,406.53,0.00,-5.0,0.0,0.0,0.2,-5.2,-0.0,2940,1896,0,-5,1
383,54.71,33300,406.49,406.51,0.01,-3.6,1.0,0.0,0.4,-5.0,-0.0,2903,1855,0,-3,1
384,54.88,33297,406.46,406.48,0.02,-2.8,2.0,0.0,0.2,-5.1,-0.0,2865,1821,0,-3,1
385,54.97,33296,406.45,406.47,0.02,-3.1,2.0,0.0,0.1,-5.3,-0.0,2853,1812,0,-3,1
386,55.13,33294,406.42,406.45,0.02,-2.7,2.0,0.0,0.1,-4.8,-0.0,2828,1788,0,-2,1
387,55.30,33291,406.38,406.43,0.05,-0.5,4.1,0.0,0.2,-4.9,-0.0,2790,1749,0,0,0
388,55.47,33289,406.36,406.40,0.05,-1.1,4.1,0.0,0.1,-5.3,-0.0,2765,1727,0,-1,1
389,55.55,33287,406.34,406.39,0.06,-0.0,5.1,0.0,0.1,-5.3,-0.0,2740,1701,0,0,0
390,55.72,33283,406.29,406.37,0.09,2.4,7.2,0.0,0.3,-5.1,-0.0,2690,3695,0,2,-1
391,55.88,33282,406.27,406.35,0.07,1.1,6.1,0.0,0.1,-5.2,-0.0,2678,3687,0,1,-1
392,55.96,33280,406.25,406.33,0.09,2.3,7.2,0.0,0.1,-5.0,-0.0,2653,3661,0,2,-1
393,56.13,33279,406.24,406.31,0.07,1.2,6.1,0.0,0.1,-5.0,-0.0,2640,3649,0,1,-1
394,56.29,33278,406.23,406.29,0.06,0.1,5.1,0.0,-0.1,-4.9,-0.0,2628,3643,0,0,0
395,56.45,33275,406.19,406.27,0.07,1.1,6.1,0.0,0.0,-5.0,-0.0,2590,3602,0,1,-1
396,56.53,33275,406.19,406.25,0.06,-0.1,5.1,0.0,-0.0,-5.1,-0.0,2590,1555,0,0,0
397,56.70,33273,406.16,406.23,0.06,0.3,5.1,0.0,-0.1,-4.7,-0.0,2565,3581,0,0,0
398,56.86,33275,406.19,406.21,0.02,-3.0,2.0,0.0,-0.1,-4.9,-0.0,2590,1560,0,-2,2
399,57.03,33272,406.15,406.18,0.04,-2.3,3.1,0.0,-0.1,-5.3,-0.0,2553,1523,0,-2,2
400,57.18,33269,406.12,406.16,0.05,-1.1,4.1,0.0,-0.0,-5.2,-0.0,2515,1482,0,-1,1
401,57.27,33269,406.12,406.15,0.04,-2.4,3.1,0.0,-0.1,-5.4,-0.0,2515,1485,0,-2,2
402,57.44,33269,406.12,406.13,0.01,-4.1,1.0,0.0,-0.2,-5.0,-0.0,2515,1485,0,-3,3
403,57.61,33267,406.09,406.10,0.01,-4.5,1.0,0.0,-0.1,-5.4,-0.0,2490,1457,0,-3,3
404,57.69,33268,406.10,406.09,-0.01,-6.7,-1.0,0.0,-0.2,-5.5,-0.0,2503,1473,0,-4,5
405,57.86,33266,406.08,406.06,-0.01,-6.2,-1.0,0.0,-0.2,-5.0,-0.0,2478,1450,0,-4,5
406,58.03,33266,406.08,406.04,-0.04,-8.6,-3.1,0.0,-0.2,-5.3,-0.0,2478,1450,0,-5,7
407,58.11,33266,406.08,406.03,-0.05,-9.8,-4.1,0.0,-0.2,-5.4,-0.0,2478,1449,0,-6,8
408,58.28,33263,406.04,406.00,-0.04,-8.3,-3.1,0.0,-0.2,-5.0,-0.0,2440,1410,0,-4,7
409,58.45,33263,406.04,405.98,-0.06,-10.6,-5.1,0.0,-0.1,-5.3,-0.0,2440,1409,0,-6,8
410,58.53,33263,406.04,405.97,-0.07,-11.9,-6.1,0.0,-0.2,-5.6,-0.0,2440,1411,0,-6,10
411,58.70,33266,406.08,405.94,-0.13,-16.8,-11.2,0.0,-0.4,-5.2,-0.0,2478,1454,0,-10,13
412,58.86,33262,406.03,405.92,-0.11,-14.5,-9.2,0.0,-0.2,-5.1,-0.0,2428,1400,0,-8,12
413,59.03,33262,406.03,405.89,-0.13,-17.1,-11.2,0.0,-0.3,-5.5,-0.0,2428,1402,0,-9,14
414,59.12,33262,406.03,405.88,-0.15,-18.2,-12.3,0.0,-0.3,-5.6,-0.0,2428,1402,0,-10,15
415,59.28,33262,406.03,405.86,-0.17,-19.6,-14.3,0.0,-0.2,-5.0,-0.0,2428,1400,0,-10,16
416,59.44,33260,406.01,405.83,-0.17,-19.7,-14.3,0.0,-0.1,-5.3,-0.0,2403,1370,0,-10,16
417,59.61,33263,406.04,405.81,-0.23,-25.2,-19.4,0.0,-0.4,-5.3,-0.0,2440,1417,0,-14,20
418,59.69,33263,406.04,405.80,-0.24,-26.6,-20.5,0.0,-0.4,-5.8,-0.0,2440,1418,0,-15,21
419,59.86,33261,406.02,405.77,-0.24,-26.3,-20.5,0.0,-0.3,-5.5,-0.0,2415,1389,0,-14,22
420,60.03,33259,405.99,405.75,-0.24,-26.2,-20.5,0.0,-0.3,-5.4,-0.0,2390,1365,0,-13,22
421,60.11,33258,405.98,405.73,-0.24,-26.4,-20.5,0.0,-0.3,-5.6,-0.0,2378,1351,0,-12,22
422,60.28,33257,405.97,405.71,-0.26,-27.1,-21.5,0.0,-0.1,-5.6,-0.0,2365,1332,0,-12,23
423,60.44,33256,405.96,405.68,-0.27,-27.8,-22.5,0.0,-0.0,-5.3,-0.0,2353,1319,0,-12,24
424,60.60,33255,405.94,405.66,-0.28,-29.3,-23.5,0.0,-0.2,-5.6,-0.0,2340,1311,0,-12,26
425,60.69,33253,405.92,405.65,-0.27,-28.4,-22.5,0.0,-0.1,-5.8,-0.0,2315,1281,0,-11,25
426,60.85,33251,405.90,405.62,-0.28,-29.0,-23.5,0.0,-0.1,-5.3,-0.0,2290,1257,0,-10,26
427,61.02,33248,405.86,405.60,-0.27,-28.1,-22.5,0.0,0.0,-5.6,-0.0,2253,1215,0,-8,26
428,61.18,33250,405.88,405.57,-0.32,-32.2,-26.6,0.0,-0.1,-5.5,-0.0,2278,1245,0,-10,29
429,61.27,33247,405.85,405.56,-0.29,-30.7,-24.5,0.0,-0.0,-6.1,-0.0,2240,1203,0,-8,29
430,61.43,33241,405.77,405.53,-0.24,-25.7,-20.5,0.0,0.1,-5.4,-0.0,2165,1125,0,-4,25
431,61.60,33240,405.76,405.51,-0.26,-27.2,-21.5,0.0,0.0,-5.8,-0.0,2153,1117,0,-4,26
432,61.68,33240,405.76,405.49,-0.27,-27.7,-22.5,0.0,0.0,-5.2,-0.0,2153,1118,0,-4,27
433,61.85,33233,405.68,405.47,-0.21,-22.8,-17.4,0.0,0.4,-5.8,-0.0,2065,1015,0,0,22
434,62.02,33232,405.66,405.44,-0.22,-24.0,-18.4,0.0,0.0,-5.6,-0.0,2053,1016,0,0,23
435,62.10,33231,405.65,405.43,-0.22,-24.1,-18.4,0.0,0.1,-5.8,-0.0,2040,1001,0,1,23
436,62.27,33226,405.59,405.40,-0.18,-20.9,-15.3,0.0,0.3,-5.8,-0.0,1978,933,0,3,20
437,62.44,33219,405.51,405.38,-0.13,-16.4,-11.2,0.0,0.4,-5.6,-0.0,1890,840,0,4,15
438,62.53,33218,405.49,405.36,-0.13,-16.9,-11.2,0.0,0.3,-5.9,-0.0,1878,831,0,5,16
439,62.69,33218,405.49,405.34,-0.16,-18.7,-13.3,0.0,0.2,-5.6,-0.0,1878,834,0,5,17
440,62.85,33213,405.43,405.31,-0.12,-15.6,-10.2,0.0,0.3,-5.7,-0.0,1815,768,0,6,14
441,63.01,33209,405.38,405.29,-0.10,-13.4,-8.2,0.0,0.3,-5.5,-0.0,1765,720,0,6,12
442,63.10,33208,405.37,405.27,-0.10,-14.1,-8.2,0.0,0.1,-6.1,-0.0,1753,711,0,6,12
443,63.27,33205,405.33,405.25,-0.09,-12.9,-7.2,0.0,0.2,-6.0,-0.0,1715,670,0,6,11
444,63.43,33204,405.32,405.22,-0.10,-13.7,-8.2,0.0,0.1,-5.6,-0.0,1703,665,0,7,11
445,63.59,33195,405.21,405.19,-0.01,-6.2,-1.0,0.0,0.4,-5.6,-0.0,1590,541,0,4,4
446,63.68,33195,405.21,405.18,-0.04,-8.9,-3.1,0.0,0.2,-6.1,-0.0,1590,544,0,6,6
447,63.85,33191,405.16,405.15,-0.01,-7.0,-1.0,0.0,0.3,-6.3,-0.0,1540,490,0,5,5
448,64.02,33189,405.14,405.13,-0.01,-6.5,-1.0,0.0,0.3,-5.7,-0.0,1515,469,0,5,4
449,64.10,33189,405.14,405.11,-0.02,-7.9,-2.0,0.0,0.3,-6.1,-0.0,1515,468,0,6,5
450,64.27,33185,405.09,405.09,0.00,-6.0,0.0,0.0,0.0,-6.0,-0.0,1465,426,0,5,4
451,64.43,33182,405.05,405.06,0.01,-4.4,1.0,0.0,0.2,-5.7,-0.0,1428,385,0,4,2
452,64.60,33180,405.03,405.03,0.00,-6.0,0.0,0.0,0.0,-6.0,-0.0,1403,365,0,5,3
453,64.68,33180,405.03,405.02,-0.01,-7.2,-1.0,0.0,0.0,-6.2,-0.0,1403,365,0,6,4
454,64.85,33175,404.97,404.99,0.02,-3.6,2.0,0.0,0.1,-5.8,-0.0,1340,298,0,3,2
455,65.01,33172,404.93,404.97,0.04,-2.5,3.1,0.0,0.0,-5.6,-0.0,1303,265,0,2,1
456,65.10,33171,404.92,404.95,0.04,-3.3,3.1,0.0,0.1,-6.5,-0.0,1290,248,0,3,1
457,65.27,33169,404.90,404.92,0.02,-3.7,2.0,0.0,0.1,-5.8,-0.0,1265,225,0,3,1
458,65.43,33167,404.87,404.90,0.02,-3.5,2.0,0.0,0.2,-5.7,-0.0,1240,197,0,3,1
459,65.60,33166,404.86,404.87,0.01,-5.2,1.0,0.0,-0.0,-6.1,-0.0,1228,192,0,5,1
460,65.69,33166,404.86,404.86,0.00,-6.7,0.0,0.0,-0.1,-6.5,-0.0,1228,194,0,6,2
461,65.85,33166,404.86,404.83,-0.02,-8.1,-2.0,0.0,-0.2,-5.9,-0.0,1228,198,0,7,2
462,66.01,33163,404.82,404.80,-0.02,-8.2,-2.0,0.0,-0.2,-5.9,-0.0,1190,160,0,8,2
463,66.10,33162,404.81,404.79,-0.02,-8.6,-2.0,0.0,-0.2,-6.4,-0.0,1178,146,0,8,2
464,66.26,33161,404.80,404.76,-0.04,-9.2,-3.1,0.0,-0.2,-5.9,-0.0,1165,134,0,9,2
465,66.42,33160,404.79,404.73,-0.05,-10.2,-4.1,0.0,-0.1,-5.9,-0.0,1153,120,0,10,2
466,66.59,33160,404.79,404.71,-0.07,-12.5,-6.1,0.0,-0.2,-6.1,-0.0,1153,121,0,12,2
467,66.67,33159,404.77,404.69,-0.09,-13.7,-7.2,0.0,-0.2,-6.3,-0.0,1140,110,0,13,2
468,66.84,33160,404.79,404.66,-0.12,-16.8,-10.2,0.0,-0.4,-6.2,-0.0,1153,127,0,16,3
469,67.01,33157,404.75,404.64,-0.11,-15.3,-9.2,0.0,-0.2,-5.9,-0.0,1115,85,0,15,2
470,67.09,33156,404.74,404.62,-0.11,-16.0,-9.2,0.0,-0.2,-6.6,-0.0,1103,73,0,15,2
471,67.26,33156,404.74,404.59,-0.15,-18.8,-12.3,0.0,-0.3,-6.3,-0.0,1103,73,0,18,2
472,67.43,33158,404.76,404.57,-0.20,-22.6,-16.4,0.0,-0.4,-5.9,-0.0,1128,103,0,22,3
473,67.59,33157,404.75,404.54,-0.21,-23.6,-17.4,0.0,-0.3,-5.9,-0.0,1115,88,0,23,3
474,67.68,33156,404.74,404.52,-0.21,-24.2,-17.4,0.0,-0.4,-6.4,-0.0,1103,77,0,23,3
475,67.84,33155,404.72,404.50,-0.23,-26.0,-19.4,0.0,-0.4,-6.2,-0.0,1090,64,0,25,2
476,68.01,33153,404.70,404.47,-0.23,-25.8,-19.4,0.0,-0.2,-6.2,-0.0,1065,35,0,25,1
477,68.09,33152,404.69,404.45,-0.23,-26.0,-19.4,0.0,-0.1,-6.4,-0.0,1053,20,0,25,1
478,68.26,33148,404.64,404.43,-0.22,-24.8,-18.4,0.0,-0.0,-6.3,-0.0,1003,4061,0,24,-1
479,68.43,33149,404.65,404.40,-0.26,-27.8,-21.5,0.0,-0.2,-6.1,-0.0,1015,4078,0,27,-1
480,68.59,33145,404.60,404.37,-0.23,-25.7,-19.4,0.0,0.0,-6.3,-0.0,965,4022,0,25,-3
481,68.68,33145,404.60,404.35,-0.24,-27.0,-20.5,0.0,-0.0,-6.5,-0.0,965,4025,0,26,-3
482,68.85,33141,404.55,404.32,-0.23,-25.8,-19.4,0.0,-0.0,-6.3,-0.0,915,3973,0,25,-5
483,69.02,33141,404.55,404.30,-0.26,-28.0,-21.5,0.0,-0.0,-6.5,-0.0,915,3975,0,27,-5
484,69.10,33139,404.53,404.28,-0.24,-27.1,-20.5,0.0,0.0,-6.7,-0.0,890,3946,0,26,-6
485,69.27,33135,404.48,404.25,-0.23,-25.5,-19.4,0.0,0.0,-6.1,-0.0,840,3898,0,24,-7
486,69.44,33134,404.47,404.22,-0.24,-26.5,-20.5,0.0,0.0,-6.1,-0.0,828,3887,0,24,-8
487,69.52,33134,404.47,404.21,-0.26,-28.2,-21.5,0.0,-0.1,-6.6,-0.0,828,3889,0,26,-9
488,69.69,33130,404.42,404.18,-0.24,-26.5,-20.5,0.0,0.0,-6.1,-0.0,778,3834,0,24,-10
489,69.86,33128,404.39,404.15,-0.24,-26.7,-20.5,0.0,0.0,-6.2,-0.0,753,3812,0,23,-11
490,70.02,33127,404.38,404.12,-0.26,-27.8,-21.5,0.0,-0.1,-6.2,-0.0,740,3802,0,24,-12
491,70.11,33124,404.35,404.11,-0.24,-27.1,-20.5,0.0,0.0,-6.7,-0.0,703,3759,0,23,-13
492,70.27,33121,404.31,404.08,-0.23,-25.6,-19.4,0.0,0.1,-6.3,-0.0,665,3721,0,21,-13
493,70.44,33121,404.31,404.05,-0.26,-27.8,-21.5,0.0,0.0,-6.3,-0.0,665,3724,0,23,-15
494,70.53,33117,404.26,404.03,-0.23,-26.1,-19.4,0.0,0.0,-6.7,-0.0,615,3670,0,20,-15
495,70.69,33111,404.19,404.00,-0.18,-21.7,-15.3,0.0,0.3,-6.6,-0.0,540,3588,0,15,-15
496,70.86,33107,404.14,403.97,-0.17,-20.3,-14.3,0.0,0.2,-6.2,-0.0,490,3542,0,13,-15
497,70.95,33106,404.13,403.96,-0.17,-21.0,-14.3,0.0,0.2,-6.9,-0.0,478,3526,0,13,-16
498,71.11,33101,404.06,403.93,-0.13,-17.2,-11.2,0.0,0.5,-6.4,-0.0,415,3458,0,9,-14
499,71.29,33099,404.04,403.90,-0.15,-18.5,-12.3,0.0,0.3,-6.5,-0.0,390,3438,0,10,-15
500,71.37,33097,404.02,403.88,-0.13,-17.9,-11.2,0.0,0.2,-6.8,-0.0,365,3415,0,9,-15
501,71.54,33090,403.93,403.85,-0.07,-12.4,-6.1,0.0,0.4,-6.6,-0.0,278,3325,0,5,-11
502,71.71,33088,403.91,403.82,-0.09,-13.2,-7.2,0.0,0.2,-6.3,-0.0,253,3304,0,4,-12
503,71.87,33085,403.87,403.79,-0.07,-12.0,-6.1,0.0,0.2,-6.1,-0.0,215,3268,0,3,-11
504,71.96,33085,403.87,403.78,-0.10,-15.5,-8.2,0.0,0.2,-7.5,-0.0,215,3263,0,4,-14
505,72.13,33078,403.78,403.75,-0.04,-9.4,-3.1,0.0,0.3,-6.6,-0.0,128,3176,0,1,-9
506,72.30,33076,403.76,403.72,-0.05,-10.3,-4.1,0.0,0.1,-6.3,-0.0,103,3156,0,1,-10
507,72.38,33074,403.74,403.70,-0.04,-9.9,-3.1,0.0,0.2,-7.0,-0.0,78,3128,0,1,-10
508,72.55,33072,403.71,403.67,-0.04,-9.7,-3.1,0.0,0.1,-6.8,-0.0,53,3105,0,0,-9
509,72.72,33068,403.66,403.64,-0.02,-8.5,-2.0,0.0,0.1,-6.6,-0.0,3,3056,0,0,-8
510,72.81,33065,403.63,403.62,0.00,-7.0,0.0,0.0,0.1,-7.1,-0.0,4061,3016,0,-1,-7
511,72.98,33060,403.56,403.59,0.02,-4.3,2.0,0.0,0.3,-6.6,-0.0,3999,2952,0,-1,-4
512,73.14,33054,403.49,403.56,0.07,-0.0,6.1,0.0,0.4,-6.5,-0.0,3924,2874,0,0,0
513,73.23,33053,403.48,403.55,0.07,-0.4,6.1,0.0,0.4,-7.0,-0.0,3911,2858,0,0,0
514,73.39,33051,403.45,403.52,0.06,-0.9,5.1,0.0,0.3,-6.3,-0.0,3886,2838,0,0,-1
515,73.54,33048,403.42,403.49,0.07,0.1,6.1,0.0,0.3,-6.3,-0.0,3849,754,0,0,0
516,73.71,33047,403.41,403.46,0.05,-2.4,4.1,0.0,0.0,-6.6,-0.0,3836,2795,0,-1,-2
517,73.80,33045,403.38,403.44,0.06,-2.3,5.1,0.0,-0.0,-7.4,-0.0,3811,2772,0,-1,-2
518,73.96,33044,403.37,403.41,0.05,-2.4,4.1,0.0,-0.0,-6.5,-0.0,3799,2763,0,-1,-2
519,74.12,33037,403.28,403.38,0.10,1.7,8.2,0.0,0.0,-6.5,-0.0,3711,623,0,1,1
520,74.28,33038,403.30,403.35,0.06,-1.4,5.1,0.0,0.0,-6.5,-0.0,3724,2685,0,-1,-1
521,74.37,33038,403.30,403.34,0.04,-4.1,3.1,0.0,-0.0,-7.1,-0.0,3724,2686,0,-2,-3
522,74.55,33036,403.27,403.30,0.04,-4.1,3.1,0.0,-0.0,-7.1,-0.0,3699,2661,0,-2,-3
523,74.71,33033,403.23,403.27,0.04,-3.6,3.1,0.0,-0.1,-6.6,-0.0,3661,2626,0,-2,-3
524,74.81,33032,403.22,403.26,0.04,-4.4,3.1,0.0,-0.2,-7.2,-0.0,3649,2617,0,-3,-3
525,74.97,33030,403.20,403.22,0.02,-4.6,2.0,0.0,-0.1,-6.5,-0.0,3624,2589,0,-3,-3
526,75.13,33030,403.20,403.19,0.00,-6.8,0.0,0.0,-0.1,-6.7,-0.0,3624,2588,0,-4,-5
527,75.29,33028,403.17,403.16,-0.01,-8.4,-1.0,0.0,-0.2,-7.2,-0.0,3599,2566,0,-6,-6
528,75.38,33030,403.20,403.15,-0.05,-11.6,-4.1,0.0,-0.3,-7.2,-0.0,3624,2595,0,-7,-8
529,75.55,33028,403.17,403.11,-0.06,-12.4,-5.1,0.0,-0.4,-7.0,-0.0,3599,2572,0,-8,-9
530,75.73,33027,403.16,403.08,-0.09,-14.6,-7.2,0.0,-0.3,-7.1,-0.0,3586,2556,0,-10,-10
531,75.81,33026,403.15,403.07,-0.09,-14.8,-7.2,0.0,-0.3,-7.3,-0.0,3574,2544,0,-10,-10
532,75.97,33023,403.11,403.03,-0.07,-13.5,-6.1,0.0,-0.2,-7.1,-0.0,3536,2504,0,-10,-8
533,76.14,33022,403.10,403.00,-0.10,-15.5,-8.2,0.0,-0.1,-7.1,-0.0,3524,2489,0,-12,-9
534,76.23,33019,403.06,402.99,-0.07,-13.7,-6.1,0.0,-0.0,-7.5,-0.0,3486,2448,0,-11,-8
535,76.40,33018,403.05,402.95,-0.10,-15.0,-8.2,0.0,-0.0,-6.8,-0.0,3474,2437,0,-12,-8
536,76.56,33021,403.09,402.92,-0.16,-20.2,-13.3,0.0,-0.3,-6.6,-0.0,3511,2483,0,-15,-12
537,76.72,33023,403.11,402.89,-0.22,-25.6,-18.4,0.0,-0.5,-6.7,-0.0,3536,2513,0,-19,-16
538,76.81,33022,403.10,402.88,-0.22,-26.2,-18.4,0.0,-0.5,-7.3,-0.0,3524,2500,0,-20,-16
539,76.98,33020,403.08,402.84,-0.23,-27.0,-19.4,0.0,-0.6,-7.0,-0.0,3499,2478,0,-21,-16
540,77.14,33017,403.04,402.81,-0.23,-26.6,-19.4,0.0,-0.4,-6.8,-0.0,3461,2433,0,-21,-14
541,77.23,33017,403.04,402.79,-0.24,-28.7,-20.5,0.0,-0.3,-7.9,-0.0,3461,2430,0,-23,-15
542,77.40,33017,403.04,402.76,-0.28,-30.7,-23.5,0.0,-0.2,-6.9,-0.0,3461,2428,0,-25,-16
543,77.56,33015,403.02,402.73,-0.28,-30.3,-23.5,0.0,-0.2,-6.6,-0.0,3436,2404,0,-25,-15
544,77.65,33015,403.02,402.71,-0.31,-33.2,-25.6,0.0,-0.3,-7.4,-0.0,3436,2404,0,-28,-17
545,77.82,33011,402.97,402.68,-0.28,-30.8,-23.5,0.0,-0.2,-7.1,-0.0,3386,2353,0,-27,-13
546,77.99,33008,402.93,402.65,-0.28,-30.5,-23.5,0.0,-0.0,-7.0,-0.0,3349,2312,0,-27,-12
547,78.15,33009,402.94,402.62,-0.33,-34.9,-27.6,0.0,-0.2,-7.1,-0.0,3361,2326,0,-31,-14
548,78.23,33007,402.92,402.60,-0.32,-34.1,-26.6,0.0,-0.1,-7.3,-0.0,3336,2300,0,-31,-12
549,78.39,33004,402.88,402.57,-0.32,-33.6,-26.6,0.0,0.0,-7.0,-0.0,3299,2259,0,-31,-10
550,78.57,33001,402.84,402.53,-0.31,-32.9,-25.6,0.0,-0.1,-7.2,-0.0,3261,2226,0,-31,-9
551,78.65,33001,402.84,402.52,-0.33,-35.2,-27.6,0.0,-0.2,-7.4,-0.0,3261,2226,0,-33,-9
552,78.82,32992,402.73,402.48,-0.24,-27.3,-20.5,0.0,0.3,-7.1,-0.0,3149,2100,0,-26,-2
553,78.99,32991,402.72,402.45,-0.27,-29.4,-22.5,0.0,0.1,-7.0,-0.0,3136,2092,0,-28,-2
554,79.08,32987,402.67,402.43,-0.24,-28.1,-20.5,0.0,0.3,-7.9,-0.0,3086,2035,0,-27,1
555,79.24,32983,402.62,402.40,-0.22,-24.9,-18.4,0.0,0.3,-6.8,-0.0,3036,1987,0,-24,2
556,79.41,32979,402.58,402.37,-0.21,-23.8,-17.4,0.0,0.3,-6.7,-0.0,2986,1938,0,-23,4
557,79.57,32977,402.55,402.33,-0.22,-25.3,-18.4,0.0,0.2,-7.1,-0.0,2961,1913,0,-24,5
558,79.66,32976,402.54,402.32,-0.22,-26.0,-18.4,0.0,0.2,-7.8,-0.0,2949,1901,0,-25,6
559,79.83,32974,402.51,402.28,-0.23,-26.7,-19.4,0.0,0.0,-7.2,-0.0,2924,1883,0,-25,6
560,80.00,32966,402.42,402.25,-0.17,-21.2,-14.3,0.0,0.2,-7.0,-0.0,2824,1778,0,-19,8
561,80.09,32964,402.39,402.23,-0.16,-21.0,-13.3,0.0,0.2,-7.9,-0.0,2799,1751,0,-18,9
562,80.25,32960,402.34,402.20,-0.15,-19.0,-12.3,0.0,0.3,-7.0,-0.0,2749,1701,0,-16,9
563,80.42,32953,402.26,402.17,-0.10,-14.7,-8.2,0.0,0.5,-7.1,-0.0,2661,1604,0,-11,9
564,80.51,32951,402.23,402.15,-0.09,-14.3,-7.2,0.0,0.5,-7.7,-0.0,2636,1577,0,-10,9
565,80.68,32949,402.21,402.11,-0.10,-15.0,-8.2,0.0,0.3,-7.1,-0.0,2611,1563,0,-11,10
566,80.85,32940,402.10,402.08,-0.02,-9.4,-2.0,0.0,0.5,-7.8,-0.0,2499,1441,0,-5,7
567,80.94,32935,402.04,402.06,0.02,-5.3,2.0,0.0,0.6,-7.9,-0.0,2436,1373,0,-3,4
568,81.11,32935,402.04,402.03,-0.01,-8.2,-1.0,0.0,0.3,-7.5,-0.0,2436,1386,0,-4,7
569,81.28,32927,401.94,401.99,0.05,-3.1,4.1,0.0,0.6,-7.7,-0.0,2336,1276,0,-1,3
570,81.37,32927,401.94,401.97,0.04,-4.2,3.1,0.0,0.5,-7.7,-0.0,2336,1279,0,-2,4
571,81.53,32922,401.88,401.94,0.06,-1.5,5.1,0.0,0.3,-6.9,-0.0,2274,1225,0,0,1
572,81.70,32921,401.87,401.91,0.04,-4.4,3.1,0.0,0.1,-7.7,-0.0,2261,1216,0,-1,4
573,81.86,32914,401.78,401.87,0.09,0.2,7.2,0.0,0.3,-7.3,-0.0,2174,3171,0,0,0
574,81.94,32912,401.76,401.86,0.10,1.2,8.2,0.0,0.2,-7.2,-0.0,2149,3151,0,0,-1
575,82.10,32907,401.70,401.82,0.12,3.4,10.2,0.0,0.3,-7.2,-0.0,2086,3083,0,0,-3
576,82.27,32905,401.67,401.79,0.12,3.1,10.2,0.0,0.3,-7.5,-0.0,2061,3059,0,0,-3
577,82.43,32900,401.61,401.76,0.15,4.8,12.3,0.0,0.3,-7.7,-0.0,1999,2996,0,-1,-5
578,82.52,32899,401.60,401.74,0.13,4.0,11.2,0.0,0.2,-7.5,-0.0,1986,2987,0,0,-4
579,82.68,32896,401.56,401.70,0.15,5.3,12.3,0.0,0.2,-7.2,-0.0,1949,2950,0,-1,-5
580,82.86,32894,401.54,401.67,0.13,3.2,11.2,0.0,0.0,-8.0,-0.0,1924,2931,0,-1,-3
581,82.93,32894,401.54,401.65,0.11,2.4,9.2,0.0,-0.0,-6.8,-0.0,1924,2933,0,0,-2
582,83.10,32886,401.44,401.62,0.18,8.1,15.3,0.0,0.1,-7.4,-0.0,1824,2827,0,-3,-7
583,83.27,32886,401.44,401.58,0.15,4.5,12.3,0.0,0.0,-7.8,-0.0,1824,2831,0,-2,-4
584,83.43,32887,401.45,401.55,0.10,0.9,8.2,0.0,-0.1,-7.2,-0.0,1836,2849,0,0,-1
585,83.51,32885,401.43,401.53,0.11,1.5,9.2,0.0,-0.1,-7.6,-0.0,1811,2821,0,-1,-1
586,83.68,32879,401.35,401.50,0.15,4.4,12.3,0.0,0.0,-8.0,-0.0,1736,2741,0,-2,-4
587,83.85,32877,401.33,401.46,0.13,3.4,11.2,0.0,-0.1,-7.7,-0.0,1711,2723,0,-2,-3
588,83.93,32876,401.32,401.44,0.12,2.8,10.2,0.0,-0.1,-7.4,-0.0,1699,2708,0,-1,-2
589,84.09,32872,401.27,401.41,0.15,5.1,12.3,0.0,0.2,-7.4,-0.0,1649,2651,0,-3,-4
590,84.26,32873,401.28,401.37,0.10,0.7,8.2,0.0,-0.0,-7.4,-0.0,1661,2671,0,0,-1
591,84.42,32870,401.25,401.34,0.10,0.6,8.2,0.0,-0.2,-7.4,-0.0,1624,2638,0,0,0
592,84.52,32870,401.25,401.32,0.07,-2.5,6.1,0.0,-0.2,-8.4,-0.0,1624,589,0,2,2
593,84.69,32868,401.22,401.28,0.06,-2.5,5.1,0.0,-0.3,-7.3,-0.0,1599,568,0,2,2
594,84.86,32865,401.18,401.25,0.06,-3.2,5.1,0.0,-0.2,-8.1,-0.0,1561,526,0,2,2
595,84.95,32864,401.17,401.23,0.06,-3.4,5.1,0.0,-0.1,-8.3,-0.0,1549,511,0,2,2
596,85.11,32865,401.18,401.20,0.01,-6.8,1.0,0.0,-0.3,-7.5,-0.0,1561,530,0,4,5
597,85.28,32865,401.18,401.16,-0.02,-10.4,-2.0,0.0,-0.4,-8.0,-0.0,1561,532,0,7,7
598,85.36,32864,401.17,401.14,-0.02,-10.2,-2.0,0.0,-0.3,-7.9,-0.0,1549,519,0,7,7
599,85.52,32863,401.16,401.11,-0.05,-12.0,-4.1,0.0,-0.4,-7.5,-0.0,1536,509,0,8,8
600,85.68,32863,401.16,401.07,-0.09,-15.3,-7.2,0.0,-0.5,-7.6,-0.0,1536,510,0,10,10
601,85.86,32860,401.12,401.04,-0.09,-15.5,-7.2,0.0,-0.3,-8.0,-0.0,1499,467,0,11,10
602,85.94,32860,401.12,401.02,-0.11,-18.1,-9.2,0.0,-0.3,-8.6,-0.0,1499,467,0,13,12
603,86.11,32861,401.14,400.98,-0.16,-21.3,-13.3,0.0,-0.5,-7.6,-0.0,1511,484,0,15,14
604,86.27,32861,401.14,400.95,-0.20,-24.4,-16.4,0.0,-0.4,-7.7,-0.0,1511,481,0,18,16
605,86.36,32861,401.14,400.93,-0.21,-26.0,-17.4,0.0,-0.4,-8.2,-0.0,1511,484,0,19,17
606,86.53,32859,401.11,400.89,-0.22,-26.2,-18.4,0.0,-0.5,-7.3,-0.0,1486,461,0,19,17
607,86.69,32858,401.10,400.86,-0.24,-28.5,-20.5,0.0,-0.5,-7.6,-0.0,1474,447,0,21,17
608,86.78,32857,401.09,400.84,-0.24,-29.3,-20.5,0.0,-0.3,-8.5,-0.0,1461,431,0,22,17
609,86.95,32855,401.06,400.80,-0.27,-30.7,-22.5,0.0,-0.3,-7.9,-0.0,1436,403,0,24,17
610,87.12,32855,401.06,400.76,-0.31,-33.9,-25.6,0.0,-0.3,-8.0,-0.0,1436,403,0,27,19
611,87.29,32855,401.06,400.73,-0.34,-37.0,-28.6,0.0,-0.4,-7.9,-0.0,1436,408,0,29,21
612,87.37,32855,401.06,400.71,-0.35,-38.4,-29.7,0.0,-0.4,-8.3,-0.0,1436,407,0,30,22
613,87.54,32855,401.06,400.67,-0.39,-41.3,-32.7,0.0,-0.5,-8.1,-0.0,1436,412,0,32,24
614,87.70,32852,401.03,400.64,-0.39,-41.3,-32.7,0.0,-0.4,-8.2,-0.0,1399,370,0,34,22
615,87.79,32849,400.99,400.62,-0.38,-40.7,-31.7,0.0,-0.3,-8.7,-0.0,1361,327,0,35,19
616,87.96,32843,400.92,400.58,-0.34,-36.6,-28.6,0.0,0.0,-8.0,-0.0,1286,244,0,33,13
617,88.13,32843,400.92,400.54,-0.38,-39.8,-31.7,0.0,0.0,-8.1,-0.0,1286,242,0,36,14
618,88.21,32841,400.89,400.52,-0.37,-39.0,-30.7,0.0,0.1,-8.4,-0.0,1261,215,0,36,12
619,88.38,32839,400.87,400.49,-0.38,-39.5,-31.7,0.0,0.0,-7.9,-0.0,1236,193,0,37,11
620,88.55,32832,400.78,400.45,-0.33,-35.7,-27.6,0.0,0.0,-8.0,-0.0,1149,107,0,34,6
621,88.63,32830,400.76,400.43,-0.33,-36.1,-27.6,0.0,0.0,-8.6,-0.0,1124,80,0,35,4
622,88.80,32826,400.71,400.39,-0.32,-34.4,-26.6,0.0,0.2,-8.1,-0.0,1074,25,0,33,1
623,88.97,32822,400.66,400.35,-0.31,-33.3,-25.6,0.0,0.3,-8.1,-0.0,1024,4068,0,32,-1
624,89.14,32819,400.62,400.32,-0.31,-33.3,-25.6,0.0,0.2,-7.9,-0.0,986,4035,0,32,-3
625,89.23,32816,400.59,400.30,-0.29,-33.3,-24.5,0.0,0.1,-8.9,-0.0,949,3995,0,32,-5
626,89.39,32813,400.55,400.26,-0.29,-32.5,-24.5,0.0,0.1,-8.1,-0.0,911,3959,0,31,-7
627,89.56,32811,400.52,400.22,-0.31,-33.6,-25.6,0.0,0.0,-8.0,-0.0,886,3940,0,32,-8
628,89.65,32807,400.48,400.20,-0.27,-31.3,-22.5,0.0,0.1,-8.9,-0.0,836,3884,0,29,-10
629,89.82,32798,400.37,400.16,-0.20,-23.8,-16.4,0.0,0.4,-7.9,-0.0,724,3766,0,20,-11
630,89.99,32792,400.29,400.13,-0.17,-21.8,-14.3,0.0,0.5,-7.9,-0.0,649,3688,0,17,-12
631,90.08,32788,400.24,400.11,-0.13,-19.6,-11.2,0.0,0.6,-9.0,-0.0,599,3631,0,14,-12
632,90.25,32783,400.18,400.07,-0.11,-16.4,-9.2,0.0,0.7,-7.9,-0.0,536,3569,0,11,-11
633,90.42,32778,400.12,400.03,-0.10,-16.3,-8.2,0.0,0.4,-8.6,-0.0,474,3511,0,10,-12
634,90.51,32774,400.07,400.01,-0.06,-13.2,-5.1,0.0,0.5,-8.6,-0.0,424,3460,0,7,-11
635,90.68,32770,400.02,399.97,-0.05,-12.0,-4.1,0.0,0.4,-8.4,-0.0,374,3414,0,6,-10
636,90.85,32766,399.98,399.93,-0.05,-12.5,-4.1,0.0,0.3,-8.6,-0.0,324,3367,0,5,-11
637,90.94,32766,399.98,399.91,-0.06,-13.9,-5.1,0.0,0.2,-8.9,-0.0,324,3370,0,6,-12
638,91.11,32757,399.87,399.87,0.01,-6.7,1.0,0.0,0.4,-8.1,-0.0,211,3253,0,2,-6
639,91.28,32753,399.82,399.83,0.01,-7.0,1.0,0.0,0.2,-8.3,-0.0,161,3207,0,1,-7
640,91.36,32752,399.80,399.82,0.01,-7.4,1.0,0.0,0.2,-8.7,-0.0,149,3194,0,1,-7
641,91.52,32744,399.71,399.78,0.07,-1.4,6.1,0.0,0.5,-8.0,-0.0,49,3089,0,0,-1
642,91.69,32739,399.65,399.74,0.10,-0.1,8.2,0.0,0.6,-8.9,-0.0,4082,3020,0,0,0
643,91.78,32736,399.61,399.72,0.11,0.7,9.2,0.0,0.4,-8.9,-0.0,4045,940,0,0,1
644,91.94,32729,399.52,399.68,0.16,5.8,13.3,0.0,0.5,-8.1,-0.0,3957,850,0,1,5
645,92.11,32726,399.49,399.64,0.16,5.6,13.3,0.0,0.5,-8.2,-0.0,3920,814,0,2,5
646,92.28,32725,399.48,399.60,0.13,2.8,11.2,0.0,0.2,-8.6,-0.0,3907,809,0,1,3
647,92.38,32721,399.43,399.58,0.16,3.6,13.3,0.0,0.2,-9.9,-0.0,3857,754,0,1,3
648,92.53,32717,399.38,399.55,0.17,6.2,14.3,0.0,0.3,-8.4,-0.0,3807,707,0,3,5
649,92.70,32712,399.32,399.51,0.20,8.2,16.4,0.0,0.1,-8.3,-0.0,3745,651,0,4,7
650,92.78,32711,399.30,399.49,0.18,6.6,15.3,0.0,0.1,-8.8,-0.0,3732,637,0,4,5
651,92.95,32707,399.26,399.45,0.20,8.3,16.4,0.0,0.2,-8.3,-0.0,3682,584,0,5,6
652,93.11,32704,399.22,399.41,0.20,9.0,16.4,0.0,0.1,-7.5,-0.0,3645,553,0,6,7
653,93.20,32705,399.23,399.39,0.16,4.4,13.3,0.0,-0.0,-8.9,-0.0,3657,566,0,3,3
654,93.36,32701,399.18,399.35,0.17,5.8,14.3,0.0,-0.1,-8.5,-0.0,3607,519,0,4,4
655,93.53,32697,399.13,399.31,0.18,7.0,15.3,0.0,0.1,-8.5,-0.0,3557,464,0,5,4
656,93.70,32695,399.11,399.27,0.17,5.8,14.3,0.0,-0.1,-8.4,-0.0,3532,447,0,4,4
657,93.78,32694,399.10,399.26,0.16,4.7,13.3,0.0,-0.1,-8.5,-0.0,3520,433,0,4,3
658,93.95,32689,399.04,399.22,0.18,7.1,15.3,0.0,0.0,-8.2,-0.0,3457,366,0,6,4
659,94.11,32691,399.06,399.18,0.12,1.8,10.2,0.0,-0.1,-8.2,-0.0,3482,397,0,1,1
660,94.20,32687,399.01,399.16,0.15,3.2,12.3,0.0,-0.1,-9.0,-0.0,3432,344,0,3,2
661,94.37,32685,398.99,399.12,0.13,2.0,11.2,0.0,-0.1,-9.1,-0.0,3407,319,0,2,1
662,94.52,32682,398.95,399.08,0.13,2.7,11.2,0.0,-0.1,-8.4,-0.0,3370,285,0,2,1
663,94.69,32683,398.96,399.04,0.09,-1.6,7.2,0.0,-0.1,-8.6,-0.0,3382,2344,0,-1,-1
664,94.77,32678,398.90,399.02,0.12,1.1,10.2,0.0,0.0,-9.2,-0.0,3320,227,0,1,0
665,94.94,32676,398.88,398.98,0.11,1.1,9.2,0.0,-0.1,-8.0,-0.0,3295,209,0,1,0
666,95.11,32676,398.88,398.94,0.06,-3.8,5.1,0.0,-0.3,-8.6,-0.0,3295,2261,0,-3,-1
667,95.27,32674,398.85,398.90,0.05,-4.4,4.1,0.0,-0.2,-8.4,-0.0,3270,2233,0,-4,-1
668,95.35,32673,398.84,398.88,0.05,-5.1,4.1,0.0,-0.1,-9.1,-0.0,3257,2217,0,-5,-1
669,95.52,32672,398.83,398.84,0.01,-8.2,1.0,0.0,-0.4,-8.8,-0.0,3245,2215,0,-8,-2
670,95.69,32671,398.82,398.80,-0.01,-9.9,-1.0,0.0,-0.4,-8.5,-0.0,3232,2201,0,-9,-2
671,95.78,32671,398.82,398.78,-0.04,-12.7,-3.1,0.0,-0.4,-9.3,-0.0,3232,2200,0,-12,-3
672,95.95,32668,398.78,398.74,-0.04,-12.5,-3.1,0.0,-0.3,-9.1,-0.0,3195,2162,0,-12,-2
673,96.11,32667,398.77,398.70,-0.06,-14.0,-5.1,0.0,-0.3,-8.6,-0.0,3182,2149,0,-13,-2
674,96.20,32667,398.77,398.68,-0.09,-16.7,-7.2,0.0,-0.4,-9.1,-0.0,3182,2150,0,-16,-3
675,96.36,32666,398.75,398.64,-0.11,-18.2,-9.2,0.0,-0.4,-8.6,-0.0,3170,2139,0,-17,-2
676,96.53,32666,398.75,398.60,-0.15,-21.2,-12.3,0.0,-0.4,-8.5,-0.0,3170,2140,0,-20,-3
677,96.70,32667,398.77,398.56,-0.21,-26.8,-17.4,0.0,-0.6,-8.9,-0.0,3182,2156,0,-26,-4
678,96.78,32666,398.75,398.54,-0.22,-28.4,-18.4,0.0,-0.6,-9.4,-0.0,3170,2144,0,-27,-4
679,96.95,32663,398.72,398.50,-0.22,-27.8,-18.4,0.0,-0.4,-8.9,-0.0,3132,2102,0,-27,-2
680,97.12,32663,398.72,398.46,-0.26,-30.5,-21.5,0.0,-0.5,-8.5,-0.0,3132,2104,0,-29,-3
681,97.21,32662,398.71,398.44,-0.27,-32.5,-22.5,0.0,-0.4,-9.5,-0.0,3120,2090,0,-31,-2
682,97.38,32659,398.67,398.40,-0.27,-31.4,-22.5,0.0,-0.2,-8.7,-0.0,3082,2047,0,-30,0
683,97.54,32656,398.63,398.36,-0.28,-32.4,-23.5,0.0,-0.3,-8.6,-0.0,3045,2011,0,-31,2
684,97.63,32656,398.63,398.33,-0.29,-34.5,-24.5,0.0,-0.3,-9.7,-0.0,3045,2010,0,-33,2
685,97.80,32654,398.61,398.29,-0.32,-35.4,-26.6,0.0,-0.2,-8.6,-0.0,3020,1983,0,-34,3
686,97.97,32650,398.56,398.25,-0.31,-34.3,-25.6,0.0,-0.0,-8.7,-0.0,2970,1929,0,-33,6
687,98.06,32650,398.56,398.23,-0.33,-37.2,-27.6,0.0,-0.2,-9.3,-0.0,2970,1932,0,-35,6
688,98.22,32647,398.52,398.19,-0.33,-36.4,-27.6,0.0,-0.2,-8.6,-0.0,2932,1895,0,-34,8
689,98.39,32645,398.50,398.15,-0.35,-39.3,-29.7,0.0,-0.1,-9.5,-0.0,2907,1866,0,-37,10
690,98.48,32642,398.46,398.13,-0.33,-36.9,-27.6,0.0,-0.0,-9.2,-0.0,2870,1828,0,-34,12
691,98.65,32639,398.43,398.08,-0.34,-37.7,-28.6,0.0,-0.1,-8.9,-0.0,2832,1792,0,-34,14
692,98.82,32632,398.34,398.04,-0.29,-33.5,-24.5,0.0,0.2,-9.1,-0.0,2745,1696,0,-28,17
693,98.91,32631,398.33,398.02,-0.31,-35.3,-25.6,0.0,0.1,-9.9,-0.0,2732,1683,0,-29,18
694,99.08,32627,398.28,397.98,-0.31,-34.4,-25.6,0.0,0.2,-9.0,-0.0,2682,1632,0,-27,20
695,99.25,32622,398.22,397.94,-0.28,-32.3,-23.5,0.0,0.2,-9.0,-0.0,2620,1570,0,-23,21
696,99.34,32621,398.21,397.91,-0.29,-34.2,-24.5,0.0,0.2,-9.9,-0.0,2607,1555,0,-24,23
697,99.51,32615,398.13,397.87,-0.26,-30.1,-21.5,0.0,0.1,-8.7,-0.0,2532,1484,0,-19,22
698,99.68,32608,398.05,397.83,-0.22,-27.0,-18.4,0.0,0.3,-8.9,-0.0,2445,1391,0,-14,22
699,99.76,32605,398.01,397.81,-0.21,-26.7,-17.4,0.0,0.4,-9.6,-0.0,2407,1349,0,-12,23
700,99.93,32601,397.96,397.77,-0.20,-24.7,-16.4,0.0,0.3,-8.6,-0.0,2357,1304,0,-10,22
701,100.09,32594,397.88,397.73,-0.15,-20.5,-12.3,0.0,0.5,-8.8,-0.0,2270,1211,0,-6,19
702,100.26,32590,397.83,397.68,-0.15,-20.8,-12.3,0.0,0.4,-8.9,-0.0,2220,1164,0,-4,20
703,100.34,32586,397.78,397.66,-0.11,-18.3,-9.2,0.0,0.4,-9.5,-0.0,2170,1112,0,-2,18
704,100.52,32581,397.72,397.62,-0.10,-17.4,-8.2,0.0,0.3,-9.6,-0.0,2107,1050,0,-1,17
705,100.69,32573,397.62,397.58,-0.04,-11.7,-3.1,0.0,0.5,-9.1,-0.0,2007,946,0,1,11
706,100.77,32570,397.58,397.56,-0.02,-11.0,-2.0,0.0,0.5,-9.4,-0.0,1970,910,0,2,11
707,100.95,32563,397.50,397.51,0.01,-7.8,1.0,0.0,0.6,-9.5,-0.0,1882,817,0,2,7
708,101.11,32557,397.42,397.47,0.05,-4.3,4.1,0.0,0.6,-9.0,-0.0,1807,744,0,2,4
709,101.20,32555,397.40,397.45,0.05,-5.3,4.1,0.0,0.5,-9.9,-0.0,1782,717,0,2,5
710,101.37,32552,397.36,397.41,0.04,-5.6,3.1,0.0,0.3,-8.9,-0.0,1745,691,0,3,5
711,101.53,32545,397.28,397.36,0.09,-1.5,7.2,0.0,0.4,-9.1,-0.0,1657,601,0,1,1
712,101.62,32541,397.23,397.34,0.11,-0.6,9.2,0.0,0.4,-10.1,-0.0,1607,548,0,0,0
713,101.79,32539,397.20,397.30,0.10,-0.6,8.2,0.0,0.2,-8.9,-0.0,1582,532,0,0,0
714,101.96,32532,397.12,397.26,0.13,2.5,11.2,0.0,0.3,-9.1,-0.0,1495,2488,0,-2,-1
715,102.04,32532,397.12,397.23,0.11,-0.5,9.2,0.0,0.3,-10.0,-0.0,1495,439,0,0,0
716,102.22,32525,397.03,397.19,0.16,4.1,13.3,0.0,0.3,-9.4,-0.0,1407,2402,0,-3,-2
717,102.39,32523,397.01,397.14,0.13,2.1,11.2,0.0,0.1,-9.3,-0.0,1382,2383,0,-2,-1
718,102.47,32520,396.97,397.12,0.15,3.3,12.3,0.0,0.2,-9.1,-0.0,1345,2342,0,-3,-1
719,102.64,32516,396.92,397.08,0.16,4.1,13.3,0.0,0.1,-9.3,-0.0,1295,2296,0,-4,-1
720,102.81,32508,396.83,397.04,0.21,8.4,17.4,0.0,0.2,-9.2,-0.0,1195,2191,0,-8,-2
721,102.98,32508,396.83,396.99,0.17,5.2,14.3,0.0,0.0,-9.2,-0.0,1195,2197,0,-5,-1
722,103.06,32504,396.78,396.97,0.20,7.4,16.4,0.0,0.2,-9.2,-0.0,1145,2141,0,-7,-1
723,103.22,32500,396.73,396.93,0.21,8.6,17.4,0.0,0.2,-9.1,-0.0,1095,2093,0,-8,-1
724,103.38,32497,396.69,396.89,0.20,7.3,16.4,0.0,0.1,-9.2,-0.0,1057,2056,0,-7,0
725,103.47,32496,396.68,396.87,0.18,4.9,15.3,0.0,-0.1,-10.3,-0.0,1045,2049,0,-5,0
726,103.64,32492,396.63,396.82,0.20,7.2,16.4,0.0,0.1,-9.2,-0.0,995,1995,0,-7,1
727,103.81,32492,396.63,396.78,0.15,2.9,12.3,0.0,-0.2,-9.1,-0.0,995,2006,0,-3,0
728,103.97,32489,396.59,396.74,0.15,2.9,12.3,0.0,-0.1,-9.3,-0.0,957,1965,0,-3,0
729,104.05,32487,396.57,396.72,0.15,2.8,12.3,0.0,-0.2,-9.3,-0.0,932,1941,0,-3,0
730,104.21,32483,396.52,396.67,0.16,4.2,13.3,0.0,-0.1,-9.0,-0.0,882,1890,0,-4,1
731,104.38,32481,396.50,396.63,0.13,1.8,11.2,0.0,-0.1,-9.3,-0.0,857,1865,0,-2,0
732,104.55,32480,396.48,396.59,0.10,-1.5,8.2,0.0,-0.2,-9.5,-0.0,845,3903,0,1,0
733,104.62,32480,396.48,396.57,0.09,-1.8,7.2,0.0,-0.2,-8.7,-0.0,845,3904,0,2,-1
734,104.78,32474,396.41,396.52,0.11,-0.2,9.2,0.0,-0.2,-9.2,-0.0,770,3827,0,0,0
735,104.96,32474,396.41,396.48,0.07,-4.0,6.1,0.0,-0.3,-9.8,-0.0,770,3831,0,4,-2
736,105.04,32472,396.39,396.46,0.07,-4.2,6.1,0.0,-0.2,-10.1,-0.0,745,3803,0,4,-2
737,105.20,32470,396.36,396.41,0.05,-5.5,4.1,0.0,-0.2,-9.4,-0.0,720,3777,0,5,-2
738,105.37,32469,396.35,396.37,0.02,-7.7,2.0,0.0,-0.3,-9.4,-0.0,707,3769,0,7,-4
739,105.53,32467,396.33,396.33,0.00,-9.7,0.0,0.0,-0.3,-9.4,-0.0,682,3744,0,8,-5
740,105.62,32467,396.33,396.31,-0.02,-12.9,-2.0,0.0,-0.4,-10.5,-0.0,682,3742,0,11,-6
741,105.78,32461,396.25,396.26,0.01,-8.6,1.0,0.0,-0.2,-9.4,-0.0,607,3664,0,7,-5
742,105.95,32461,396.25,396.22,-0.04,-13.1,-3.1,0.0,-0.2,-9.8,-0.0,607,3665,0,10,-8
743,106.04,32461,396.25,396.19,-0.06,-15.5,-5.1,0.0,-0.3,-10.1,-0.0,607,3667,0,12,-9
744,106.21,32459,396.23,396.15,-0.07,-15.9,-6.1,0.0,-0.3,-9.5,-0.0,582,3642,0,12,-10
745,106.37,32456,396.19,396.10,-0.09,-17.0,-7.2,0.0,-0.2,-9.6,-0.0,545,3604,0,12,-11
746,106.54,32456,396.19,396.06,-0.13,-21.5,-11.2,0.0,-0.5,-9.8,-0.0,545,3609,0,15,-14
747,106.63,32456,396.19,396.04,-0.16,-24.2,-13.3,0.0,-0.5,-10.5,-0.0,545,3609,0,17,-16
748,106.80,32456,396.19,395.99,-0.20,-26.3,-16.4,0.0,-0.5,-9.5,-0.0,545,3611,0,19,-17
749,106.95,32454,396.17,395.95,-0.22,-28.3,-18.4,0.0,-0.5,-9.4,-0.0,520,3586,0,19,-19
750,107.04,32454,396.17,395.93,-0.24,-31.4,-20.5,0.0,-0.6,-10.3,-0.0,520,3589,0,22,-21
751,107.21,32450,396.12,395.88,-0.23,-29.8,-19.4,0.0,-0.4,-10.0,-0.0,470,3533,0,19,-22
752,107.37,32450,396.12,395.84,-0.28,-33.3,-23.5,0.0,-0.4,-9.4,-0.0,470,3533,0,21,-25
753,107.54,32450,396.12,395.79,-0.33,-37.7,-27.6,0.0,-0.5,-9.6,-0.0,470,3536,0,24,-28
754,107.63,32447,396.08,395.77,-0.31,-36.0,-25.6,0.0,-0.3,-10.1,-0.0,432,3493,0,21,-28
755,107.79,32443,396.03,395.73,-0.31,-35.2,-25.6,0.0,-0.2,-9.5,-0.0,382,3441,0,18,-29
756,107.96,32440,396.00,395.68,-0.32,-36.4,-26.6,0.0,-0.2,-9.6,-0.0,345,3402,0,17,-31
757,108.05,32437,395.96,395.65,-0.31,-36.4,-25.6,0.0,-0.1,-10.8,-0.0,307,3358,0,15,-32
758,108.22,32436,395.95,395.61,-0.34,-38.2,-28.6,0.0,-0.0,-9.5,-0.0,295,3347,0,15,-34
759,108.39,32432,395.90,395.56,-0.33,-37.1,-27.6,0.0,-0.1,-9.3,-0.0,245,3300,0,12,-34
760,108.48,32427,395.84,395.54,-0.29,-35.3,-24.5,0.0,0.0,-10.8,-0.0,182,3229,0,8,-33
761,108.65,32425,395.81,395.49,-0.32,-36.4,-26.6,0.0,0.0,-9.9,-0.0,157,3207,0,7,-35
762,108.82,32420,395.75,395.45,-0.31,-35.2,-25.6,0.0,0.1,-9.7,-0.0,95,3142,0,4,-34
763,108.91,32415,395.69,395.42,-0.27,-33.1,-22.5,0.0,0.3,-10.8,-0.0,32,3071,0,0,-32
764,109.08,32411,395.64,395.38,-0.27,-31.8,-22.5,0.0,0.2,-9.6,-0.0,4078,3025,0,-2,-31
765,109.25,32405,395.57,395.33,-0.24,-29.8,-20.5,0.0,0.2,-9.6,-0.0,4003,2949,0,-5,-28
766,109.33,32403,395.54,395.31,-0.23,-29.5,-19.4,0.0,0.3,-10.4,-0.0,3978,2920,0,-7,-28
767,109.50,32399,395.50,395.26,-0.23,-29.1,-19.4,0.0,0.3,-9.9,-0.0,3928,2873,0,-8,-27
768,109.67,32393,395.42,395.21,-0.21,-27.4,-17.4,0.0,0.3,-10.3,-0.0,3853,2797,0,-11,-24
769,109.75,32392,395.41,395.19,-0.22,-28.5,-18.4,0.0,0.2,-10.3,-0.0,3841,2788,0,-12,-25
770,109.92,32384,395.31,395.15,-0.17,-23.9,-14.3,0.0,0.3,-9.8,-0.0,3741,2687,0,-13,-19
771,110.09,32376,395.21,395.10,-0.12,-19.9,-10.2,0.0,0.5,-10.1,-0.0,3641,2577,0,-13,-14
772,110.18,32373,395.18,395.08,-0.10,-18.2,-8.2,0.0,0.5,-10.5,-0.0,3603,2539,0,-13,-12
773,110.35,32368,395.12,395.03,-0.09,-16.7,-7.2,0.0,0.4,-10.0,-0.0,3541,2481,0,-13,-10
774,110.52,32361,395.03,394.98,-0.05,-13.7,-4.1,0.0,0.6,-10.2,-0.0,3453,2388,0,-12,-7
775,110.61,32359,395.01,394.96,-0.05,-14.2,-4.1,0.0,0.4,-10.5,-0.0,3428,2366,0,-12,-6
776,110.78,32352,394.92,394.91,-0.01,-10.3,-1.0,0.0,0.4,-9.7,-0.0,3341,2283,0,-9,-4
777,110.95,32347,394.86,394.86,0.00,-10.5,0.0,0.0,0.4,-10.9,-0.0,3278,2216,0,-10,-3
778,111.04,32344,394.82,394.84,0.01,-9.5,1.0,0.0,0.4,-10.9,-0.0,3241,2179,0,-9,-2
779,111.20,32337,394.74,394.79,0.05,-5.6,4.1,0.0,0.4,-10.1,-0.0,3153,2094,0,-5,0
780,111.37,32330,394.65,394.74,0.09,-2.5,7.2,0.0,0.4,-10.1,-0.0,3066,2005,0,-2,0
781,111.54,32327,394.62,394.70,0.09,-2.5,7.2,0.0,0.3,-9.9,-0.0,3028,1972,0,-2,0
782,111.62,32323,394.57,394.67,0.11,-0.8,9.2,0.0,0.4,-10.5,-0.0,2978,1917,0,-1,0
783,111.79,32316,394.48,394.63,0.15,2.9,12.3,0.0,0.4,-9.8,-0.0,2891,3880,0,3,-1
784,111.97,32311,394.42,394.58,0.16,3.2,13.3,0.0,0.4,-10.5,-0.0,2828,3817,0,3,-1
785,112.05,32309,394.40,394.55,0.16,2.4,13.3,0.0,0.3,-11.2,-0.0,2803,3793,0,2,-1
786,112.23,32304,394.34,394.51,0.17,4.0,14.3,0.0,0.3,-10.7,-0.0,2741,3730,0,3,-2
787,112.38,32301,394.30,394.46,0.16,3.5,13.3,0.0,0.0,-9.9,-0.0,2703,3703,0,3,-2
788,112.46,32298,394.26,394.44,0.17,4.4,14.3,0.0,0.1,-10.0,-0.0,2666,3664,0,3,-3
789,112.63,32293,394.20,394.39,0.20,6.1,16.4,0.0,0.1,-10.4,-0.0,2603,3600,0,4,-4
790,112.80,32290,394.17,394.34,0.18,5.3,15.3,0.0,0.0,-10.1,-0.0,2566,3566,0,4,-4
791,112.90,32286,394.12,394.32,0.21,5.8,17.4,0.0,0.1,-11.8,-0.0,2516,3509,0,3,-4
792,113.06,32283,394.08,394.27,0.20,6.6,16.4,0.0,0.1,-9.9,-0.0,2478,3477,0,4,-5
793,113.23,32280,394.04,394.22,0.18,4.9,15.3,0.0,0.0,-10.4,-0.0,2441,3443,0,3,-4
794,113.39,32276,393.99,394.18,0.18,5.4,15.3,0.0,0.0,-9.9,-0.0,2391,3392,0,2,-5
795,113.48,32273,393.96,394.15,0.20,5.1,16.4,0.0,0.0,-11.3,-0.0,2353,3350,0,2,-5
796,113.64,32270,393.92,394.11,0.18,4.5,15.3,0.0,0.0,-10.8,-0.0,2316,3316,0,2,-4
797,113.81,32264,393.85,394.06,0.21,6.6,17.4,0.0,0.0,-10.8,-0.0,2241,3238,0,2,-6
798,113.89,32263,393.84,394.04,0.20,5.2,16.4,0.0,0.0,-11.2,-0.0,2228,3224,0,1,-5
799,114.06,32259,393.79,393.99,0.21,7.5,17.4,0.0,0.1,-10.0,-0.0,2178,3178,0,1,-7
800,114.23,32255,393.74,393.94,0.21,7.2,17.4,0.0,0.1,-10.4,-0.0,2128,3125,0,1,-7
801,114.38,32249,393.66,393.90,0.23,9.2,19.4,0.0,0.2,-10.4,-0.0,2053,3049,0,0,-9
802,114.47,32247,393.64,393.87,0.23,8.8,19.4,0.0,0.1,-10.7,-0.0,2028,3026,0,-1,-9
803,114.63,32246,393.63,393.82,0.20,6.1,16.4,0.0,0.1,-10.4,-0.0,2016,3014,0,-1,-6
804,114.81,32244,393.60,393.77,0.17,3.9,14.3,0.0,-0.2,-10.2,-0.0,1991,2997,0,0,-4
805,114.90,32242,393.58,393.75,0.17,2.7,14.3,0.0,-0.1,-11.4,-0.0,1966,2969,0,0,-3
806,115.06,32242,393.58,393.70,0.12,-0.4,10.2,0.0,-0.4,-10.3,-0.0,1966,932,0,0,0
807,115.23,32238,393.53,393.65,0.12,-1.2,10.2,0.0,-0.3,-11.1,-0.0,1916,878,0,0,1
808,115.32,32237,393.52,393.63,0.11,-2.4,9.2,0.0,-0.3,-11.3,-0.0,1903,865,0,1,2
809,115.48,32234,393.48,393.58,0.10,-2.4,8.2,0.0,-0.3,-10.3,-0.0,1866,828,0,1,2
810,115.65,32234,393.48,393.53,0.05,-7.1,4.1,0.0,-0.4,-10.8,-0.0,1866,830,0,2,7
811,115.82,32228,393.41,393.48,0.07,-4.7,6.1,0.0,-0.2,-10.7,-0.0,1791,749,0,2,4
812,115.91,32228,393.41,393.46,0.05,-8.2,4.1,0.0,-0.3,-12.1,-0.0,1791,750,0,3,7
813,116.08,32227,393.40,393.41,0.01,-9.7,1.0,0.0,-0.4,-10.4,-0.0,1778,742,0,4,9
814,116.25,32226,393.38,393.36,-0.02,-14.0,-2.0,0.0,-0.4,-11.6,-0.0,1766,729,0,6,12
815,116.34,32223,393.35,393.33,-0.01,-12.7,-1.0,0.0,-0.2,-11.4,-0.0,1728,687,0,6,11
816,116.51,32221,393.32,393.28,-0.04,-14.0,-3.1,0.0,-0.4,-10.6,-0.0,1703,669,0,7,12
817,116.67,32219,393.30,393.23,-0.06,-15.7,-5.1,0.0,-0.3,-10.2,-0.0,1678,641,0,8,13
818,116.76,32218,393.29,393.21,-0.07,-17.7,-6.1,0.0,-0.3,-11.3,-0.0,1666,628,0,10,14
819,116.93,32218,393.29,393.16,-0.12,-21.0,-10.2,0.0,-0.4,-10.4,-0.0,1666,630,0,12,17
820,117.09,32217,393.27,393.11,-0.16,-24.3,-13.3,0.0,-0.6,-10.4,-0.0,1653,623,0,14,19
821,117.17,32216,393.26,393.09,-0.17,-26.0,-14.3,0.0,-0.5,-11.1,-0.0,1641,609,0,15,20
822,117.34,32215,393.25,393.04,-0.21,-28.2,-17.4,0.0,-0.5,-10.3,-0.0,1628,598,0,17,22
823,117.51,32210,393.19,392.99,-0.20,-27.0,-16.4,0.0,-0.4,-10.3,-0.0,1566,530,0,18,19
824,117.67,32210,393.19,392.94,-0.24,-31.4,-20.5,0.0,-0.4,-10.5,-0.0,1566,532,0,21,22
825,117.76,32208,393.16,392.92,-0.24,-32.2,-20.5,0.0,-0.3,-11.4,-0.0,1541,503,0,22,22
826,117.93,32206,393.14,392.87,-0.27,-33.3,-22.5,0.0,-0.3,-10.5,-0.0,1516,479,0,24,22
827,118.09,32205,393.13,392.82,-0.31,-36.3,-25.6,0.0,-0.4,-10.4,-0.0,1503,467,0,27,23
828,118.17,32204,393.12,392.79,-0.32,-37.9,-26.6,0.0,-0.5,-10.9,-0.0,1491,458,0,28,24
829,118.34,32202,393.09,392.74,-0.34,-39.6,-28.6,0.0,-0.4,-10.6,-0.0,1466,430,0,30,23
830,118.50,32196,393.02,392.70,-0.32,-37.6,-26.6,0.0,-0.2,-10.7,-0.0,1391,352,0,31,19
831,118.67,32193,392.98,392.65,-0.34,-39.5,-28.6,0.0,-0.1,-10.8,-0.0,1353,308,0,34,17
832,118.76,32191,392.96,392.62,-0.34,-39.9,-28.6,0.0,-0.1,-11.1,-0.0,1328,283,0,35,16
833,118.93,32187,392.91,392.57,-0.34,-40.0,-28.6,0.0,0.0,-11.3,-0.0,1278,228,0,36,13
834,119.02,32187,392.91,392.54,-0.37,-42.1,-30.7,0.0,-0.1,-11.3,-0.0,1278,231,0,38,14
835,119.19,32181,392.83,392.49,-0.34,-39.2,-28.6,0.0,-0.1,-10.5,-0.0,1203,158,0,37,9
836,119.36,32176,392.77,392.44,-0.33,-38.8,-27.6,0.0,0.0,-11.2,-0.0,1141,92,0,37,5
837,119.53,32170,392.70,392.39,-0.31,-36.2,-25.6,0.0,0.1,-10.7,-0.0,1066,16,0,35,1
838,119.62,32165,392.64,392.36,-0.28,-35.4,-23.5,0.0,0.2,-12.1,-0.0,1003,4039,0,34,-3
839,119.79,32162,392.60,392.31,-0.29,-35.2,-24.5,0.0,0.2,-10.9,-0.0,966,4007,0,34,-5
840,119.88,32159,392.57,392.29,-0.28,-35.8,-23.5,0.0,0.2,-12.5,-0.0,928,3964,0,34,-7
841,120.04,32151,392.47,392.24,-0.23,-29.6,-19.4,0.0,0.4,-10.5,-0.0,828,3865,0,27,-10
842,120.21,32148,392.43,392.19,-0.24,-31.0,-20.5,0.0,0.2,-10.7,-0.0,791,3831,0,28,-12
843,120.38,32144,392.38,392.14,-0.24,-30.9,-20.5,0.0,0.1,-10.6,-0.0,741,3786,0,27,-14
844,120.47,32141,392.35,392.11,-0.23,-31.0,-19.4,0.0,0.2,-11.8,-0.0,703,3742,0,26,-16
845,120.64,32128,392.19,392.06,-0.13,-21.7,-11.2,0.0,0.5,-10.9,-0.0,541,3573,0,15,-15
846,120.81,32125,392.15,392.01,-0.15,-22.5,-12.3,0.0,0.4,-10.6,-0.0,503,3539,0,14,-16
847,120.89,32121,392.10,391.98,-0.12,-21.6,-10.2,0.0,0.4,-11.9,-0.0,453,3483,0,12,-17
848,121.06,32113,392.00,391.93,-0.07,-16.1,-6.1,0.0,0.6,-10.6,-0.0,353,3381,0,7,-14
849,121.23,32107,391.93,391.88,-0.05,-14.4,-4.1,0.0,0.5,-10.8,-0.0,278,3311,0,5,-13
850,121.31,32104,391.89,391.85,-0.04,-14.2,-3.1,0.0,0.4,-11.5,-0.0,241,3276,0,4,-13
851,121.48,32100,391.85,391.80,-0.05,-14.6,-4.1,0.0,0.4,-10.8,-0.0,191,3227,0,3,-14
852,121.64,32094,391.77,391.75,-0.02,-12.7,-2.0,0.0,0.2,-10.9,-0.0,116,3156,0,2,-12
853,121.81,32083,391.64,391.70,0.06,-5.8,5.1,0.0,0.5,-11.4,-0.0,4074,3008,0,-1,-6
854,121.90,32083,391.64,391.67,0.04,-9.1,3.1,0.0,0.3,-12.5,-0.0,4074,3010,0,-1,-9
855,122.07,32075,391.54,391.62,0.09,-3.1,7.2,0.0,0.4,-10.7,-0.0,3974,2914,0,-1,-3
856,122.23,32069,391.47,391.57,0.11,-1.0,9.2,0.0,0.5,-10.7,-0.0,3899,2836,0,0,-1
857,122.31,32064,391.41,391.55,0.15,1.1,12.3,0.0,0.6,-11.8,-0.0,3837,718,0,0,1
858,122.48,32060,391.36,391.50,0.13,0.4,11.2,0.0,0.3,-11.1,-0.0,3787,681,0,0,0
859,122.65,32054,391.28,391.45,0.16,2.5,13.3,0.0,0.4,-11.1,-0.0,3712,602,0,1,2
860,122.81,32045,391.17,391.40,0.22,7.9,18.4,0.0,0.5,-11.0,-0.0,3599,487,0,6,5
861,122.89,32043,391.15,391.37,0.22,6.8,18.4,0.0,0.4,-12.1,-0.0,3574,460,0,5,4
862,123.07,32037,391.08,391.32,0.24,9.2,20.5,0.0,0.4,-11.7,-0.0,3499,388,0,7,5
863,123.23,32035,391.05,391.27,0.21,6.6,17.4,0.0,0.2,-11.0,-0.0,3474,371,0,5,3
864,123.32,32033,391.03,391.24,0.21,5.8,17.4,0.0,0.2,-11.7,-0.0,3449,344,0,5,3
865,123.49,32026,390.94,391.19,0.24,9.4,20.5,0.0,0.1,-11.2,-0.0,3362,262,0,8,4
866,123.65,32021,390.88,391.14,0.26,10.8,21.5,0.0,0.1,-10.8,-0.0,3299,198,0,10,3
867,123.74,32019,390.86,391.11,0.26,9.6,21.5,0.0,0.0,-12.0,-0.0,3274,174,0,9,2
868,123.90,32015,390.81,391.06,0.26,10.6,21.5,0.0,0.2,-11.0,-0.0,3224,123,0,10,2
869,124.07,32010,390.75,391.01,0.26,10.0,21.5,0.0,0.1,-11.6,-0.0,3162,61,0,10,1
870,124.17,32009,390.73,390.98,0.24,8.1,20.5,0.0,0.0,-12.4,-0.0,3149,50,0,8,1
871,124.33,32010,390.75,390.93,0.18,4.2,15.3,0.0,-0.3,-10.9,-0.0,3162,74,0,4,0
872,124.50,32001,390.64,390.87,0.23,8.2,19.4,0.0,-0.1,-11.1,-0.0,3049,4050,0,8,-1
873,124.59,31999,390.61,390.85,0.23,6.9,19.4,0.0,-0.1,-12.4,-0.0,3024,4023,0,7,-1
874,124.75,31997,390.59,390.79,0.21,6.3,17.4,0.0,-0.2,-10.9,-0.0,2999,4005,0,6,-1
875,124.93,31995,390.56,390.74,0.17,2.3,14.3,0.0,-0.2,-11.9,-0.0,2974,3976,0,2,0
876,125.02,31989,390.49,390.71,0.22,6.7,18.4,0.0,0.1,-11.9,-0.0,2899,3891,0,6,-2
877,125.18,31984,390.43,390.66,0.23,8.3,19.4,0.0,0.0,-11.2,-0.0,2837,3837,0,7,-3
878,125.35,31982,390.41,390.61,0.21,6.2,17.4,0.0,0.0,-11.2,-0.0,2812,3811,0,5,-3
879,125.52,31981,390.39,390.56,0.16,1.5,13.3,0.0,-0.2,-11.6,-0.0,2799,3802,0,1,-1
880,125.61,31978,390.36,390.53,0.17,1.6,14.3,0.0,0.0,-12.7,-0.0,2762,3758,0,1,-1
881,125.77,31975,390.32,390.48,0.16,1.2,13.3,0.0,-0.4,-11.8,-0.0,2724,3734,0,1,-1
882,125.94,31972,390.28,390.42,0.13,-0.3,11.2,0.0,-0.3,-11.2,-0.0,2687,1646,0,0,0
883,126.02,31970,390.26,390.40,0.13,-0.4,11.2,0.0,-0.3,-11.4,-0.0,2662,1620,0,0,0
884,126.19,31965,390.20,390.34,0.15,0.6,12.3,0.0,-0.0,-11.6,-0.0,2599,3599,0,0,0
885,126.36,31963,390.17,390.29,0.12,-1.0,10.2,0.0,-0.2,-11.1,-0.0,2574,1531,0,-1,1
886,126.44,31963,390.17,390.27,0.10,-3.1,8.2,0.0,-0.2,-11.1,-0.0,2574,1533,0,-2,2
887,126.61,31961,390.15,390.21,0.06,-6.8,5.1,0.0,-0.3,-11.7,-0.0,2549,1508,0,-4,5
888,126.77,31961,390.15,390.16,0.01,-10.5,1.0,0.0,-0.4,-11.1,-0.0,2549,1513,0,-7,7
889,126.94,31961,390.15,390.11,-0.05,-16.7,-4.1,0.0,-0.7,-11.9,-0.0,2549,1522,0,-11,12
890,127.03,31959,390.12,390.08,-0.05,-16.8,-4.1,0.0,-0.6,-12.1,-0.0,2524,1494,0,-11,12
891,127.19,31956,390.09,390.03,-0.06,-16.8,-5.1,0.0,-0.5,-11.2,-0.0,2487,1454,0,-10,13
892,127.35,31952,390.04,389.98,-0.06,-16.8,-5.1,0.0,-0.4,-11.4,-0.0,2437,1400,0,-9,14
893,127.44,31950,390.01,389.95,-0.07,-19.3,-6.1,0.0,-0.3,-12.9,-0.0,2412,1370,0,-9,16
894,127.62,31948,389.99,389.89,-0.10,-19.9,-8.2,0.0,-0.2,-11.6,-0.0,2387,1344,0,-9,17
895,127.78,31946,389.97,389.84,-0.12,-22.2,-10.2,0.0,-0.2,-11.8,-0.0,2362,1319,0,-9,19
896,127.87,31946,389.97,389.81,-0.16,-25.8,-13.3,0.0,-0.4,-12.2,-0.0,2362,1323,0,-11,22
897,128.04,31944,389.94,389.76,-0.18,-27.0,-15.3,0.0,-0.4,-11.2,-0.0,2337,1302,0,-11,24
898,128.21,31940,389.89,389.70,-0.18,-27.3,-15.3,0.0,-0.3,-11.6,-0.0,2287,1248,0,-9,25
899,128.30,31940,389.89,389.67,-0.22,-31.8,-18.4,0.0,-0.4,-13.0,-0.0,2287,1250,0,-10,29
900,128.46,31934,389.82,389.62,-0.20,-27.9,-16.4,0.0,-0.3,-11.3,-0.0,2212,1171,0,-6,26
901,128.63,31934,389.82,389.57,-0.26,-33.5,-21.5,0.0,-0.4,-11.7,-0.0,2212,1173,0,-7,32
902,128.79,31930,389.77,389.51,-0.26,-33.0,-21.5,0.0,-0.2,-11.3,-0.0,2162,1119,0,-5,32
903,128.88,31927,389.73,389.49,-0.24,-33.1,-20.5,0.0,-0.2,-12.5,-0.0,2124,1080,0,-3,32
904,129.05,31926,389.72,389.43,-0.29,-35.7,-24.5,0.0,-0.2,-10.9,-0.0,2112,1070,0,-2,35
905,129.21,31919,389.64,389.38,-0.26,-32.9,-21.5,0.0,-0.1,-11.3,-0.0,2024,978,0,2,32
906,129.30,31916,389.60,389.35,-0.24,-33.3,-20.5,0.0,0.0,-12.9,-0.0,1987,934,0,4,32
907,129.46,31915,389.59,389.30,-0.29,-36.2,-24.5,0.0,-0.1,-11.5,-0.0,1974,928,0,5,35
908,129.63,31911,389.54,389.24,-0.29,-36.2,-24.5,0.0,-0.1,-11.6,-0.0,1924,878,0,8,34
909,129.79,31904,389.45,389.19,-0.27,-34.6,-22.5,0.0,0.0,-12.2,-0.0,1837,784,0,12,31
910,129.89,31904,389.45,389.16,-0.29,-38.2,-24.5,0.0,-0.1,-13.5,-0.0,1837,788,0,13,35
911,130.06,31899,389.39,389.11,-0.28,-35.2,-23.5,0.0,-0.0,-11.6,-0.0,1774,727,0,15,31
912,130.23,31893,389.32,389.05,-0.27,-35.2,-22.5,0.0,0.1,-12.8,-0.0,1699,642,0,19,28
913,130.32,31890,389.28,389.02,-0.26,-33.6,-21.5,0.0,0.1,-12.2,-0.0,1662,607,0,19,26
914,130.51,31881,389.17,388.96,-0.22,-30.3,-18.4,0.0,0.2,-12.0,-0.0,1549,493,0,21,20
915,130.60,31876,389.11,388.93,-0.18,-27.6,-15.3,0.0,0.4,-12.6,-0.0,1487,421,0,21,16
916,130.76,31875,389.10,388.88,-0.22,-29.9,-18.4,0.0,0.2,-11.7,-0.0,1474,417,0,23,17
917,130.93,31866,388.99,388.82,-0.17,-26.2,-14.3,0.0,0.3,-12.3,-0.0,1362,298,0,23,11
918,131.01,31863,388.95,388.79,-0.16,-25.0,-13.3,0.0,0.4,-12.1,-0.0,1324,261,0,22,9
919,131.18,31856,388.87,388.74,-0.12,-21.8,-10.2,0.0,0.4,-11.9,-0.0,1237,176,0,20,6
920,131.35,31851,388.81,388.68,-0.12,-21.8,-10.2,0.0,0.3,-11.9,-0.0,1174,112,0,21,4
921,131.51,31846,388.75,388.63,-0.11,-20.5,-9.2,0.0,0.3,-11.5,-0.0,1112,55,0,20,2
922,131.59,31845,388.73,388.60,-0.13,-23.6,-11.2,0.0,0.1,-12.5,-0.0,1099,42,0,23,1
923,131.76,31837,388.64,388.55,-0.09,-18.5,-7.2,0.0,0.2,-11.6,-0.0,999,4038,0,18,-2
924,131.93,31831,388.56,388.49,-0.07,-17.5,-6.1,0.0,0.2,-11.6,-0.0,924,3963,0,17,-3
925,132.01,31827,388.51,388.46,-0.05,-16.6,-4.1,0.0,0.3,-12.8,-0.0,874,3908,0,15,-5
926,132.19,31818,388.40,388.41,0.00,-12.2,0.0,0.0,0.4,-12.6,-0.0,762,3791,0,11,-5
927,132.36,31811,388.32,388.35,0.04,-8.4,3.1,0.0,0.5,-12.0,-0.0,674,3703,0,7,-5
928,132.45,31807,388.27,388.32,0.05,-9.0,4.1,0.0,0.5,-13.6,-0.0,624,3647,0,7,-6
929,132.61,31801,388.20,388.27,0.07,-5.4,6.1,0.0,0.5,-12.0,-0.0,549,3578,0,4,-4
930,132.77,31796,388.13,388.21,0.07,-5.4,6.1,0.0,0.3,-11.8,-0.0,487,3521,0,3,-4
931,132.94,31789,388.05,388.16,0.11,-2.5,9.2,0.0,0.4,-12.1,-0.0,399,3432,0,1,-2
932,133.03,31786,388.01,388.13,0.12,-2.1,10.2,0.0,0.3,-12.7,-0.0,362,3395,0,1,-2
933,133.18,31781,387.95,388.08,0.12,-1.5,10.2,0.0,0.2,-11.9,-0.0,299,3338,0,1,-1
934,133.35,31774,387.87,388.02,0.16,1.7,13.3,0.0,0.3,-11.9,-0.0,212,1199,0,0,2
935,133.43,31772,387.84,387.99,0.15,-0.1,12.3,0.0,0.3,-12.7,-0.0,187,3221,0,0,0
936,133.60,31768,387.79,387.94,0.15,0.3,12.3,0.0,0.1,-12.1,-0.0,137,1130,0,0,0
937,133.76,31763,387.73,387.89,0.16,1.8,13.3,0.0,0.2,-11.7,-0.0,74,1067,0,0,2
938,133.92,31758,387.67,387.83,0.16,1.6,13.3,0.0,0.0,-11.7,-0.0,12,1008,0,0,2
939,134.01,31752,387.60,387.80,0.21,5.0,17.4,0.0,0.2,-12.5,-0.0,4033,927,0,1,5
940,134.17,31749,387.56,387.75,0.18,3.1,15.3,0.0,0.1,-12.4,-0.0,3995,891,0,1,3
941,134.35,31745,387.51,387.69,0.17,1.7,14.3,0.0,0.0,-12.6,-0.0,3945,844,0,0,2
942,134.44,31743,387.49,387.66,0.17,1.0,14.3,0.0,0.0,-13.4,-0.0,3920,816,0,0,1
943,134.60,31739,387.44,387.60,0.16,1.3,13.3,0.0,0.0,-12.0,-0.0,3870,771,0,0,1
944,134.77,31735,387.39,387.55,0.16,1.6,13.3,0.0,-0.1,-11.6,-0.0,3820,726,0,1,1
945,134.93,31729,387.32,387.49,0.17,2.4,14.3,0.0,-0.1,-11.8,-0.0,3745,649,0,1,2
946,135.02,31729,387.32,387.46,0.15,-0.9,12.3,0.0,-0.1,-13.0,-0.0,3745,2696,0,0,-1
947,135.20,31721,387.22,387.40,0.18,2.6,15.3,0.0,-0.0,-12.7,-0.0,3645,546,0,2,2
948,135.29,31721,387.22,387.37,0.15,-1.4,12.3,0.0,-0.0,-13.7,-0.0,3645,2592,0,-1,-1
949,135.45,31716,387.16,387.31,0.16,1.6,13.3,0.0,0.0,-11.7,-0.0,3583,485,0,1,1
950,135.62,31714,387.13,387.26,0.12,-2.0,10.2,0.0,-0.2,-12.1,-0.0,3558,2513,0,-1,-1
951,135.79,31712,387.11,387.20,0.09,-6.0,7.2,0.0,-0.3,-12.9,-0.0,3533,2489,0,-5,-4
952,135.88,31712,387.11,387.17,0.06,-9.1,5.1,0.0,-0.4,-13.7,-0.0,3533,2494,0,-7,-6
953,136.05,31709,387.07,387.11,0.04,-9.9,3.1,0.0,-0.4,-12.5,-0.0,3495,2456,0,-8,-6
954,136.22,31708,387.06,387.06,0.00,-12.5,0.0,0.0,-0.5,-11.9,-0.0,3483,2451,0,-10,-7
955,136.30,31704,387.01,387.03,0.01,-12.1,1.0,0.0,-0.4,-12.8,-0.0,3433,2394,0,-10,-6
956,136.47,31701,386.98,386.97,-0.01,-13.6,-1.0,0.0,-0.4,-12.2,-0.0,3395,2355,0,-12,-6
957,136.63,31700,386.96,386.91,-0.05,-16.7,-4.1,0.0,-0.4,-12.2,-0.0,3383,2344,0,-15,-7
958,136.72,31699,386.95,386.88,-0.06,-18.5,-5.1,0.0,-0.4,-13.0,-0.0,3370,2330,0,-16,-8
959,136.89,31694,386.89,386.83,-0.06,-18.2,-5.1,0.0,-0.2,-12.8,-0.0,3308,2263,0,-17,-6
960,137.07,31692,386.87,386.77,-0.10,-21.8,-8.2,0.0,-0.4,-13.2,-0.0,3283,2243,0,-20,-6
961,137.15,31689,386.83,386.74,-0.10,-22.0,-8.2,0.0,-0.3,-13.5,-0.0,3245,2202,0,-21,-5
962,137.32,31687,386.80,386.68,-0.12,-23.2,-10.2,0.0,-0.3,-12.7,-0.0,3220,2177,0,-22,-4
963,137.49,31686,386.79,386.62,-0.17,-27.3,-14.3,0.0,-0.4,-12.7,-0.0,3208,2168,0,-26,-5
964,137.57,31685,386.78,386.59,-0.18,-28.9,-15.3,0.0,-0.4,-13.1,-0.0,3195,2157,0,-28,-5
965,137.74,31681,386.73,386.53,-0.20,-29.0,-16.4,0.0,-0.4,-12.3,-0.0,3145,2105,0,-28,-2
966,137.91,31679,386.71,386.48,-0.23,-32.6,-19.4,0.0,-0.4,-12.7,-0.0,3120,2081,0,-31,-2
967,138.00,31675,386.66,386.45,-0.21,-31.2,-17.4,0.0,-0.3,-13.5,-0.0,3070,2027,0,-30,1
968,138.17,31671,386.61,386.39,-0.22,-31.1,-18.4,0.0,-0.2,-12.5,-0.0,3020,1974,0,-30,3
969,138.33,31670,386.60,386.33,-0.27,-35.0,-22.5,0.0,-0.3,-12.1,-0.0,3008,1967,0,-34,4
970,138.49,31664,386.52,386.27,-0.24,-32.7,-20.5,0.0,-0.0,-12.1,-0.0,2933,1884,0,-31,8
971,138.57,31664,386.52,386.25,-0.28,-36.5,-23.5,0.0,-0.2,-12.8,-0.0,2933,1886,0,-34,9
972,138.74,31662,386.50,386.19,-0.31,-37.9,-25.6,0.0,-0.4,-12.0,-0.0,2908,1870,0,-35,10
973,138.91,31656,386.43,386.13,-0.29,-37.5,-24.5,0.0,-0.1,-12.8,-0.0,2833,1786,0,-33,14
974,139.00,31653,386.39,386.10,-0.29,-38.1,-24.5,0.0,-0.1,-13.4,-0.0,2795,1744,0,-33,17
975,139.17,31647,386.32,386.04,-0.28,-35.7,-23.5,0.0,-0.1,-12.0,-0.0,2720,1672,0,-29,19
976,139.34,31642,386.25,385.98,-0.28,-36.7,-23.5,0.0,0.1,-13.3,-0.0,2658,1600,0,-27,23
977,139.43,31642,386.25,385.95,-0.31,-39.2,-25.6,0.0,0.0,-13.7,-0.0,2658,1603,0,-30,24
978,139.60,31631,386.12,385.89,-0.23,-32.1,-19.4,0.0,0.2,-12.9,-0.0,2520,1459,0,-19,24
979,139.77,31628,386.08,385.83,-0.26,-35.2,-21.5,0.0,0.0,-13.7,-0.0,2483,1426,0,-20,28
980,139.85,31626,386.06,385.80,-0.26,-34.7,-21.5,0.0,0.1,-13.3,-0.0,2458,1402,0,-18,28
981,140.02,31618,385.96,385.74,-0.22,-30.7,-18.4,0.0,0.2,-12.5,-0.0,2358,1299,0,-12,27
982,140.19,31613,385.90,385.68,-0.22,-30.9,-18.4,0.0,0.2,-12.7,-0.0,2295,1236,0,-10,28
983,140.36,31604,385.79,385.62,-0.17,-26.6,-14.3,0.0,0.2,-12.5,-0.0,2183,1123,0,-4,25
984,140.45,31601,385.75,385.59,-0.16,-27.1,-13.3,0.0,0.4,-14.2,-0.0,2145,1077,0,-2,26
985,140.61,31589,385.61,385.53,-0.07,-18.7,-6.1,0.0,0.6,-13.2,-0.0,1995,921,0,3,18
986,140.78,31586,385.57,385.47,-0.10,-20.7,-8.2,0.0,0.5,-13.0,-0.0,1958,890,0,4,20
987,140.87,31583,385.53,385.44,-0.09,-20.7,-7.2,0.0,0.5,-14.0,-0.0,1920,848,0,5,19
988,141.04,31575,385.44,385.38,-0.05,-16.6,-4.1,0.0,0.4,-13.0,-0.0,1820,753,0,7,15
989,141.21,31566,385.33,385.32,0.00,-11.7,0.0,0.0,0.7,-12.4,-0.0,1708,636,0,6,9
990,141.29,31565,385.31,385.29,-0.02,-15.7,-2.0,0.0,0.2,-13.9,-0.0,1695,633,0,9,13
991,141.46,31557,385.22,385.24,0.02,-10.1,2.0,0.0,0.5,-12.6,-0.0,1595,529,0,7,7
992,141.62,31549,385.12,385.18,0.06,-7.3,5.1,0.0,0.5,-12.8,-0.0,1495,428,0,6,4
993,141.72,31542,385.03,385.15,0.11,-4.3,9.2,0.0,0.6,-14.1,-0.0,1408,331,0,4,2
994,141.88,31539,385.00,385.09,0.09,-5.2,7.2,0.0,0.3,-12.7,-0.0,1370,307,0,4,2
995,142.05,31533,384.92,385.03,0.10,-3.9,8.2,0.0,0.4,-12.5,-0.0,1295,229,0,4,1
996,142.13,31529,384.88,385.00,0.12,-3.4,10.2,0.0,0.4,-13.9,-0.0,1245,177,0,3,1
997,142.30,31523,384.80,384.94,0.13,-1.0,11.2,0.0,0.3,-12.5,-0.0,1170,109,0,1,0
998,142.46,31516,384.72,384.88,0.16,0.6,13.3,0.0,0.2,-12.9,-0.0,1083,2071,0,-1,0
999,142.63,31511,384.66,384.82,0.17,2.1,14.3,0.0,0.3,-12.5,-0.0,1020,2008,0,-2,0
1000,142.71,31508,384.62,384.79,0.17,1.7,14.3,0.0,0.3,-12.9,-0.0,983,1970,0,-2,0
1001,142.87,31499,384.51,384.73,0.22,5.4,18.4,0.0,0.4,-13.4,-0.0,870,1852,0,-5,2
1002,143.04,31494,384.45,384.67,0.22,5.3,18.4,0.0,0.3,-13.4,-0.0,808,1792,0,-5,2
1003,143.21,31490,384.40,384.61,0.22,6.0,18.4,0.0,0.1,-12.6,-0.0,758,1750,0,-5,3
1004,143.29,31490,384.40,384.58,0.18,1.8,15.3,0.0,0.0,-13.6,-0.0,758,1749,0,-2,1
1005,143.46,31483,384.31,384.52,0.21,4.2,17.4,0.0,0.0,-13.2,-0.0,670,1663,0,-3,2
1006,143.63,31476,384.23,384.46,0.23,6.2,19.4,0.0,0.0,-13.2,-0.0,583,1575,0,-5,4
1007,143.71,31476,384.23,384.43,0.21,4.1,17.4,0.0,-0.0,-13.2,-0.0,583,1580,0,-3,3
1008,143.88,31470,384.16,384.37,0.22,5.2,18.4,0.0,0.0,-13.3,-0.0,508,1502,0,-3,4
1009,144.05,31467,384.12,384.31,0.20,3.1,16.4,0.0,0.0,-13.3,-0.0,470,1464,0,-2,2
1010,144.14,31463,384.07,384.28,0.21,3.5,17.4,0.0,0.0,-13.9,-0.0,420,1413,0,-2,3
1011,144.31,31460,384.03,384.22,0.18,2.3,15.3,0.0,-0.2,-12.9,-0.0,383,1384,0,-1,2
1012,144.47,31454,383.96,384.16,0.20,3.5,16.4,0.0,0.0,-12.9,-0.0,308,1303,0,-1,3
1013,144.63,31451,383.92,384.10,0.17,1.1,14.3,0.0,-0.1,-13.1,-0.0,270,1269,0,0,1
1014,144.72,31451,383.92,384.07,0.15,-1.7,12.3,0.0,-0.2,-13.8,-0.0,270,3317,0,1,-2
1015,144.89,31447,383.87,384.01,0.13,-1.9,11.2,0.0,-0.3,-12.9,-0.0,220,3271,0,1,-2
1016,145.04,31442,383.81,383.95,0.13,-1.7,11.2,0.0,-0.2,-12.7,-0.0,158,3208,0,0,-2
1017,145.13,31438,383.76,383.92,0.16,-1.1,13.3,0.0,-0.1,-14.2,-0.0,108,3154,0,0,-1
1018,145.30,31434,383.72,383.86,0.15,-0.8,12.3,0.0,-0.1,-13.0,-0.0,58,3105,0,0,-1
1019,145.46,31430,383.67,383.80,0.13,-2.4,11.2,0.0,-0.0,-13.6,-0.0,8,3052,0,0,-2
1020,145.62,31428,383.64,383.74,0.10,-5.3,8.2,0.0,-0.1,-13.4,-0.0,4079,3027,0,0,-5
1021,145.70,31425,383.61,383.71,0.11,-4.8,9.2,0.0,-0.1,-13.9,-0.0,4041,2990,0,-1,-5
1022,145.87,31422,383.57,383.65,0.09,-6.3,7.2,0.0,-0.2,-13.2,-0.0,4004,2959,0,-1,-6
1023,146.04,31422,383.57,383.59,0.02,-11.8,2.0,0.0,-0.4,-13.5,-0.0,4004,2965,0,-2,-11
1024,146.13,31419,383.53,383.56,0.02,-12.5,2.0,0.0,-0.4,-14.1,-0.0,3966,2925,0,-3,-12
1025,146.30,31415,383.48,383.50,0.01,-12.1,1.0,0.0,-0.3,-12.8,-0.0,3916,2874,0,-4,-11
1026,146.46,31412,383.45,383.44,-0.01,-14.5,-1.0,0.0,-0.5,-13.1,-0.0,3879,2840,0,-5,-13
1027,146.62,31412,383.45,383.38,-0.07,-19.7,-6.1,0.0,-0.5,-13.1,-0.0,3879,2840,0,-7,-18
1028,146.71,31409,383.41,383.35,-0.06,-19.2,-5.1,0.0,-0.3,-13.7,-0.0,3841,2797,0,-8,-17
1029,146.88,31404,383.35,383.28,-0.07,-20.9,-6.1,0.0,-0.4,-14.4,-0.0,3779,2735,0,-10,-18
1030,147.05,31400,383.30,383.22,-0.09,-20.2,-7.2,0.0,-0.3,-12.7,-0.0,3729,2687,0,-11,-16
1031,147.13,31400,383.30,383.19,-0.11,-23.8,-9.2,0.0,-0.4,-14.2,-0.0,3729,2686,0,-13,-19
1032,147.30,31396,383.25,383.13,-0.12,-24.0,-10.2,0.0,-0.2,-13.6,-0.0,3679,2631,0,-15,-18
1033,147.47,31394,383.23,383.07,-0.16,-27.3,-13.3,0.0,-0.5,-13.6,-0.0,3654,2615,0,-17,-20
1034,147.63,31391,383.19,383.00,-0.18,-28.9,-15.3,0.0,-0.4,-13.2,-0.0,3616,2574,0,-19,-20
1035,147.71,31389,383.17,382.97,-0.20,-30.2,-16.4,0.0,-0.4,-13.4,-0.0,3591,2551,0,-21,-20
1036,147.88,31387,383.14,382.91,-0.23,-33.5,-19.4,0.0,-0.4,-13.6,-0.0,3566,2525,0,-24,-22
1037,148.05,31386,383.13,382.85,-0.28,-37.7,-23.5,0.0,-0.5,-13.6,-0.0,3554,2518,0,-27,-24
1038,148.14,31383,383.09,382.82,-0.28,-38.3,-23.5,0.0,-0.5,-14.3,-0.0,3516,2475,0,-29,-23
1039,148.30,31376,383.01,382.76,-0.26,-34.8,-21.5,0.0,-0.3,-13.0,-0.0,3429,2384,0,-29,-17
1040,148.47,31372,382.96,382.69,-0.27,-35.7,-22.5,0.0,-0.1,-13.0,-0.0,3379,2329,0,-31,-14
1041,148.56,31372,382.96,382.66,-0.29,-38.5,-24.5,0.0,-0.2,-13.7,-0.0,3379,2333,0,-34,-16
1042,148.72,31367,382.90,382.60,-0.29,-38.3,-24.5,0.0,-0.0,-13.7,-0.0,3316,2263,0,-35,-12
1043,148.89,31360,382.81,382.54,-0.28,-37.7,-23.5,0.0,-0.2,-13.9,-0.0,3229,2179,0,-36,-7
1044,148.99,31358,382.79,382.50,-0.28,-38.7,-23.5,0.0,-0.1,-15.1,-0.0,3204,2151,0,-37,-6
1045,149.15,31353,382.73,382.44,-0.29,-37.5,-24.5,0.0,-0.1,-12.9,-0.0,3141,2091,0,-36,-2
1046,149.33,31345,382.63,382.38,-0.26,-35.2,-21.5,0.0,0.2,-14.0,-0.0,3041,1978,0,-34,4
1047,149.41,31345,382.63,382.34,-0.28,-37.7,-23.5,0.0,0.0,-14.2,-0.0,3041,1984,0,-36,4
1048,149.58,31336,382.52,382.28,-0.24,-33.7,-20.5,0.0,0.1,-13.3,-0.0,2929,1871,0,-31,9
1049,149.75,31333,382.48,382.22,-0.27,-37.1,-22.5,0.0,0.1,-14.7,-0.0,2891,1829,0,-34,12
1050,149.84,31327,382.41,382.18,-0.23,-33.9,-19.4,0.0,0.2,-14.7,-0.0,2816,1751,0,-30,14
1051,150.01,31321,382.34,382.12,-0.22,-32.1,-18.4,0.0,0.1,-13.8,-0.0,2741,1682,0,-26,17
1052,150.18,31313,382.24,382.06,-0.18,-28.2,-15.3,0.0,0.3,-13.2,-0.0,2641,1577,0,-20,18
1053,150.35,31305,382.14,381.99,-0.15,-26.4,-12.3,0.0,0.4,-14.5,-0.0,2541,1471,0,-16,20
1054,150.43,31303,382.12,381.96,-0.16,-27.4,-13.3,0.0,0.4,-14.5,-0.0,2516,1446,0,-16,21
1055,150.60,31297,382.04,381.90,-0.15,-25.8,-12.3,0.0,0.3,-13.9,-0.0,2441,1375,0,-13,21
1056,150.77,31287,381.92,381.84,-0.09,-20.3,-7.2,0.0,0.3,-13.4,-0.0,2316,1251,0,-7,18
1057,150.85,31284,381.88,381.80,-0.09,-21.4,-7.2,0.0,0.4,-14.6,-0.0,2279,1210,0,-6,20
1058,151.02,31274,381.76,381.74,-0.02,-14.8,-2.0,0.0,0.5,-13.2,-0.0,2154,1086,0,-1,14
1059,151.19,31266,381.67,381.68,0.01,-11.6,1.0,0.0,0.6,-13.3,-0.0,2054,979,0,1,11
1060,151.27,31262,381.62,381.64,0.02,-12.4,2.0,0.0,0.6,-15.1,-0.0,2004,923,0,2,12
1061,151.44,31257,381.56,381.58,0.02,-11.3,2.0,0.0,0.4,-13.7,-0.0,1941,873,0,3,11
1062,151.61,31246,381.42,381.52,0.10,-4.6,8.2,0.0,0.5,-13.3,-0.0,1804,734,0,2,4
1063,151.69,31243,381.38,381.49,0.10,-6.0,8.2,0.0,0.5,-14.7,-0.0,1766,693,0,3,5
1064,151.86,31238,381.32,381.42,0.10,-4.6,8.2,0.0,0.3,-13.1,-0.0,1704,641,0,2,4
1065,152.02,31232,381.25,381.36,0.11,-3.8,9.2,0.0,0.4,-13.3,-0.0,1629,563,0,2,3
1066,152.19,31224,381.15,381.30,0.15,-1.0,12.3,0.0,0.3,-13.6,-0.0,1529,467,0,1,1
1067,152.28,31222,381.13,381.26,0.13,-3.3,11.2,0.0,0.1,-14.7,-0.0,1504,442,0,3,2
1068,152.45,31215,381.04,381.20,0.16,-0.3,13.3,0.0,0.2,-13.8,-0.0,1416,355,0,0,0
1069,152.61,31206,380.93,381.14,0.21,4.4,17.4,0.0,0.4,-13.4,-0.0,1304,2285,0,-4,-2
1070,152.70,31198,380.83,381.10,0.27,7.9,22.5,0.0,0.6,-15.2,-0.0,1204,2174,0,-7,-1
1071,152.87,31195,380.80,381.04,0.24,7.2,20.5,0.0,0.4,-13.6,-0.0,1166,2148,0,-7,-1
1072,153.03,31191,380.75,380.97,0.22,3.9,18.4,0.0,0.3,-14.8,-0.0,1116,2096,0,-4,0
1073,153.12,31189,380.73,380.94,0.22,4.1,18.4,0.0,0.2,-14.6,-0.0,1091,2075,0,-4,0
1074,153.28,31184,380.66,380.88,0.22,4.6,18.4,0.0,0.0,-13.9,-0.0,1029,2020,0,-4,0
1075,153.44,31175,380.55,380.82,0.27,9.1,22.5,0.0,0.0,-13.5,-0.0,916,1909,0,-9,2
1076,153.61,31173,380.53,380.76,0.22,4.2,18.4,0.0,-0.0,-14.2,-0.0,891,1884,0,-4,1
1077,153.76,31167,380.46,380.70,0.24,7.3,20.5,0.0,0.1,-13.3,-0.0,816,1808,0,-7,3
1078,153.85,31164,380.42,380.66,0.24,6.0,20.5,0.0,0.1,-14.6,-0.0,779,1766,0,-5,2
1079,154.01,31158,380.35,380.60,0.26,8.2,21.5,0.0,0.0,-13.3,-0.0,704,1699,0,-7,4
1080,154.18,31155,380.31,380.54,0.22,4.2,18.4,0.0,0.0,-14.2,-0.0,666,1658,0,-3,2
1081,154.27,31151,380.26,380.50,0.24,5.6,20.5,0.0,0.1,-14.9,-0.0,616,1605,0,-4,3
1082,154.43,31144,380.18,380.44,0.26,8.0,21.5,0.0,0.0,-13.5,-0.0,529,1520,0,-5,6
1083,154.60,31142,380.15,380.37,0.22,4.7,18.4,0.0,-0.1,-13.6,-0.0,504,1502,0,-3,3
1084,154.69,31139,380.11,380.34,0.22,3.3,18.4,0.0,-0.1,-14.9,-0.0,466,1460,0,-2,3
1085,154.86,31134,380.05,380.27,0.22,5.1,18.4,0.0,0.0,-13.4,-0.0,404,1399,0,-3,4
1086,155.03,31129,379.99,380.21,0.22,3.6,18.4,0.0,-0.1,-14.8,-0.0,341,1335,0,-2,3
1087,155.19,31127,379.97,380.14,0.17,0.2,14.3,0.0,-0.3,-13.8,-0.0,316,1318,0,0,0
1088,155.27,31127,379.97,380.11,0.15,-2.5,12.3,0.0,-0.3,-14.5,-0.0,316,3365,0,1,-2
1089,155.44,31119,379.87,380.05,0.17,-0.1,14.3,0.0,-0.1,-14.3,-0.0,216,3261,0,0,0
1090,155.61,31118,379.86,379.98,0.12,-4.0,10.2,0.0,-0.4,-13.9,-0.0,204,3257,0,1,-4
1091,155.70,31115,379.82,379.95,0.12,-6.1,10.2,0.0,-0.4,-16.0,-0.0,166,3215,0,1,-6
1092,155.86,31111,379.77,379.88,0.11,-4.9,9.2,0.0,-0.2,-13.9,-0.0,116,3165,0,1,-5
1093,156.03,31105,379.70,379.82,0.12,-4.2,10.2,0.0,-0.0,-14.4,-0.0,41,3083,0,0,-4
1094,156.12,31105,379.70,379.78,0.09,-8.2,7.2,0.0,-0.3,-15.1,-0.0,41,3091,0,0,-8
1095,156.29,31105,379.70,379.72,0.02,-12.0,2.0,0.0,-0.4,-13.7,-0.0,41,3095,0,0,-12
1096,156.45,31102,379.66,379.65,-0.01,-15.2,-1.0,0.0,-0.5,-13.7,-0.0,4,3060,0,0,-15
1097,156.61,31098,379.61,379.59,-0.02,-16.2,-2.0,0.0,-0.5,-13.7,-0.0,4050,3010,0,-1,-16
1098,156.69,31096,379.59,379.56,-0.04,-17.4,-3.1,0.0,-0.6,-13.7,-0.0,4025,2988,0,-2,-17
1099,156.86,31091,379.53,379.49,-0.04,-16.9,-3.1,0.0,-0.3,-13.5,-0.0,3962,2918,0,-4,-16
1100,157.03,31087,379.48,379.43,-0.05,-19.2,-4.1,0.0,-0.2,-14.9,-0.0,3912,2861,0,-6,-18
1101,157.12,31087,379.48,379.39,-0.09,-22.2,-7.2,0.0,-0.3,-14.7,-0.0,3912,2865,0,-7,-20
1102,157.29,31085,379.46,379.32,-0.13,-26.4,-11.2,0.0,-0.4,-14.7,-0.0,3887,2843,0,-9,-24
1103,157.46,31080,379.39,379.26,-0.13,-25.7,-11.2,0.0,-0.4,-14.0,-0.0,3825,2782,0,-11,-22
1104,157.55,31078,379.37,379.22,-0.15,-28.1,-12.3,0.0,-0.4,-15.5,-0.0,3800,2756,0,-13,-24
1105,157.72,31073,379.31,379.15,-0.16,-28.5,-13.3,0.0,-0.4,-14.8,-0.0,3737,2692,0,-15,-23
1106,157.89,31067,379.24,379.09,-0.15,-27.6,-12.3,0.0,-0.1,-15.3,-0.0,3662,2607,0,-18,-20
1107,157.98,31066,379.22,379.05,-0.17,-30.0,-14.3,0.0,-0.1,-15.5,-0.0,3650,2596,0,-19,-22
1108,158.14,31063,379.19,378.99,-0.20,-30.5,-16.4,0.0,-0.2,-13.9,-0.0,3612,2564,0,-21,-21
1109,158.31,31058,379.13,378.92,-0.21,-31.2,-17.4,0.0,-0.1,-13.6,-0.0,3550,2499,0,-23,-19
1110,158.47,31056,379.10,378.86,-0.24,-34.8,-20.5,0.0,-0.4,-13.9,-0.0,3525,2482,0,-26,-21
1111,158.56,31056,379.10,378.82,-0.28,-39.8,-23.5,0.0,-0.5,-15.8,-0.0,3525,2483,0,-30,-24
1112,158.73,31047,378.99,378.76,-0.23,-34.2,-19.4,0.0,-0.1,-14.6,-0.0,3412,2361,0,-29,-15
1113,158.90,31044,378.96,378.69,-0.27,-37.4,-22.5,0.0,-0.3,-14.6,-0.0,3375,2327,0,-33,-15
1114,158.99,31040,378.91,378.65,-0.26,-37.0,-21.5,0.0,-0.2,-15.4,-0.0,3325,2273,0,-34,-12
1115,159.15,31035,378.85,378.59,-0.26,-35.5,-21.5,0.0,-0.0,-14.0,-0.0,3262,2208,0,-33,-8
1116,159.32,31027,378.75,378.52,-0.23,-34.1,-19.4,0.0,0.2,-14.9,-0.0,3162,2097,0,-33,-2
1117,159.41,31025,378.72,378.48,-0.24,-36.4,-20.5,0.0,-0.0,-15.9,-0.0,3137,2078,0,-35,-2
1118,159.59,31022,378.69,378.42,-0.27,-37.2,-22.5,0.0,0.0,-14.7,-0.0,3100,2043,0,-36,0
1119,159.75,31016,378.61,378.35,-0.27,-36.7,-22.5,0.0,-0.2,-14.0,-0.0,3025,1974,0,-35,4
1120,159.84,31012,378.56,378.31,-0.26,-37.9,-21.5,0.0,0.0,-16.4,-0.0,2975,1914,0,-36,7
1121,160.01,31001,378.43,378.24,-0.18,-29.7,-15.3,0.0,0.2,-14.5,-0.0,2837,1776,0,-26,12
1122,160.18,30999,378.41,378.18,-0.23,-33.7,-19.4,0.0,0.0,-14.3,-0.0,2812,1754,0,-29,14
1123,160.27,30994,378.34,378.14,-0.20,-31.3,-16.4,0.0,0.3,-15.2,-0.0,2750,1683,0,-26,16
1124,160.43,30986,378.25,378.08,-0.17,-27.5,-14.3,0.0,0.4,-13.6,-0.0,2650,1585,0,-20,17
1125,160.59,30977,378.14,378.01,-0.12,-24.2,-10.2,0.0,0.3,-14.3,-0.0,2537,1472,0,-15,18
1126,160.76,30973,378.09,377.94,-0.15,-26.8,-12.3,0.0,0.3,-14.8,-0.0,2487,1420,0,-15,21
1127,160.85,30969,378.04,377.91,-0.13,-27.1,-11.2,0.0,0.4,-16.3,-0.0,2437,1364,0,-13,23
1128,161.02,30959,377.92,377.84,-0.07,-20.1,-6.1,0.0,0.4,-14.4,-0.0,2312,1243,0,-6,18
1129,161.19,30946,377.76,377.77,0.01,-13.2,1.0,0.0,0.6,-14.9,-0.0,2150,1074,0,-1,13
1130,161.27,30946,377.76,377.74,-0.02,-17.0,-2.0,0.0,0.4,-15.3,-0.0,2150,1079,0,-1,16
1131,161.44,30935,377.62,377.67,0.05,-9.3,4.1,0.0,0.7,-14.2,-0.0,2012,934,0,1,9
1132,161.61,30929,377.55,377.60,0.05,-10.3,4.1,0.0,0.5,-14.9,-0.0,1937,865,0,2,10
1133,161.70,30922,377.47,377.57,0.10,-6.8,8.2,0.0,0.6,-15.6,-0.0,1850,768,0,3,6
1134,161.86,30919,377.43,377.50,0.07,-7.6,6.1,0.0,0.2,-14.0,-0.0,1812,750,0,3,7
1135,162.03,30912,377.34,377.43,0.09,-7.5,7.2,0.0,0.3,-14.9,-0.0,1725,657,0,4,6
1136,162.11,30907,377.28,377.40,0.11,-6.2,9.2,0.0,0.2,-15.7,-0.0,1662,594,0,4,5
1137,162.28,30897,377.16,377.33,0.17,0.5,14.3,0.0,0.5,-14.2,-0.0,1537,2515,0,0,0
1138,162.44,30892,377.10,377.26,0.17,0.4,14.3,0.0,0.3,-14.2,-0.0,1475,2458,0,0,0
1139,162.60,30886,377.03,377.20,0.17,0.6,14.3,0.0,0.5,-14.3,-0.0,1400,2376,0,0,0
1140,162.69,30881,376.97,377.16,0.20,1.3,16.4,0.0,0.4,-15.5,-0.0,1337,2312,0,-1,0
1141,162.85,30875,376.89,377.10,0.21,4.1,17.4,0.0,0.2,-13.6,-0.0,1262,2248,0,-4,-1
1142,163.02,30873,376.87,377.03,0.16,-1.3,13.3,0.0,-0.0,-14.5,-0.0,1237,182,0,1,0
1143,163.19,30863,376.75,376.96,0.22,3.6,18.4,0.0,0.2,-15.0,-0.0,1112,2095,0,-3,0
1144,163.27,30860,376.71,376.93,0.22,3.3,18.4,0.0,0.2,-15.3,-0.0,1075,2059,0,-3,0
1145,163.44,30853,376.62,376.86,0.23,4.2,19.4,0.0,0.1,-15.3,-0.0,987,1974,0,-4,0
1146,163.59,30849,376.57,376.80,0.22,3.4,18.4,0.0,0.1,-15.1,-0.0,937,1924,0,-3,1
1147,163.68,30848,376.56,376.76,0.20,1.2,16.4,0.0,0.1,-15.3,-0.0,925,1910,0,-1,0
1148,163.84,30839,376.45,376.69,0.24,5.4,20.5,0.0,0.1,-15.1,-0.0,812,1799,0,-5,2
1149,164.02,30833,376.38,376.62,0.24,5.2,20.5,0.0,0.1,-15.4,-0.0,737,1724,0,-4,2
1150,164.18,30830,376.34,376.55,0.21,2.9,17.4,0.0,-0.1,-14.4,-0.0,700,1694,0,-2,1
1151,164.26,30827,376.31,376.52,0.22,3.8,18.4,0.0,0.0,-14.6,-0.0,662,1654,0,-3,2
1152,164.43,30823,376.26,376.45,0.20,1.9,16.4,0.0,-0.1,-14.4,-0.0,612,1607,0,-1,1
1153,164.59,30821,376.23,376.39,0.16,-1.4,13.3,0.0,-0.3,-14.4,-0.0,587,3636,0,1,-1
1154,164.75,30814,376.15,376.32,0.17,-0.6,14.3,0.0,-0.2,-14.7,-0.0,500,3545,0,0,0
1155,164.84,30808,376.07,376.28,0.21,0.2,17.4,0.0,0.0,-17.2,-0.0,425,1411,0,0,0
1156,165.00,30805,376.04,376.22,0.18,0.5,15.3,0.0,-0.1,-14.7,-0.0,387,1381,0,0,0
1157,165.17,30800,375.98,376.15,0.17,-0.7,14.3,0.0,-0.0,-15.0,-0.0,325,3365,0,0,-1
1158,165.25,30798,375.95,376.11,0.16,-2.4,13.3,0.0,0.0,-15.7,-0.0,300,3336,0,1,-2
1159,165.42,30794,375.90,376.04,0.15,-2.6,12.3,0.0,-0.1,-14.8,-0.0,250,3293,0,1,-2
1160,165.58,30793,375.89,375.98,0.09,-7.8,7.2,0.0,-0.5,-14.5,-0.0,237,3292,0,3,-7
1161,165.75,30787,375.82,375.91,0.09,-7.7,7.2,0.0,-0.3,-14.5,-0.0,162,3211,0,2,-7
1162,165.84,30786,375.81,375.87,0.06,-11.8,5.1,0.0,-0.4,-16.5,-0.0,150,3199,0,2,-11
1163,166.01,30782,375.76,375.80,0.05,-11.6,4.1,0.0,-0.4,-15.3,-0.0,100,3151,0,1,-11
1164,166.18,30778,375.71,375.73,0.02,-13.6,2.0,0.0,-0.4,-15.3,-0.0,50,3099,0,1,-13
1165,166.25,30778,375.71,375.70,-0.01,-15.7,-1.0,0.0,-0.4,-14.3,-0.0,50,3101,0,1,-15
1166,166.42,30774,375.66,375.63,-0.02,-17.0,-2.0,0.0,-0.4,-14.6,-0.0,0,3053,0,0,-17
1167,166.59,30769,375.60,375.56,-0.04,-18.0,-3.1,0.0,-0.3,-14.6,-0.0,4033,2987,0,-2,-17
1168,166.75,30765,375.55,375.49,-0.06,-20.4,-5.1,0.0,-0.4,-14.9,-0.0,3983,2937,0,-4,-19
1169,166.83,30764,375.54,375.46,-0.09,-23.9,-7.2,0.0,-0.4,-16.4,-0.0,3971,2924,0,-5,-23
1170,167.00,30760,375.49,375.39,-0.10,-23.4,-8.2,0.0,-0.3,-14.9,-0.0,3921,2873,0,-7,-22
1171,167.17,30755,375.43,375.32,-0.11,-25.0,-9.2,0.0,-0.4,-15.4,-0.0,3858,2811,0,-9,-22
1172,167.25,30751,375.38,375.28,-0.10,-24.1,-8.2,0.0,-0.2,-15.7,-0.0,3808,2756,0,-11,-21
1173,167.42,30749,375.35,375.21,-0.15,-27.3,-12.3,0.0,-0.3,-14.7,-0.0,3783,2736,0,-13,-23
1174,167.58,30746,375.32,375.14,-0.17,-29.0,-14.3,0.0,-0.3,-14.4,-0.0,3746,2699,0,-15,-24
1175,167.75,30744,375.29,375.08,-0.22,-33.8,-18.4,0.0,-0.4,-15.0,-0.0,3721,2676,0,-19,-27
1176,167.83,30741,375.26,375.04,-0.22,-35.3,-18.4,0.0,-0.4,-16.5,-0.0,3683,2636,0,-21,-27
1177,168.00,30736,375.20,374.97,-0.23,-35.3,-19.4,0.0,-0.4,-15.5,-0.0,3621,2574,0,-24,-25
1178,168.17,30730,375.12,374.90,-0.23,-35.4,-19.4,0.0,-0.2,-15.8,-0.0,3546,2494,0,-27,-22
1179,168.26,30724,375.05,374.86,-0.20,-33.5,-16.4,0.0,-0.1,-17.0,-0.0,3471,2411,0,-28,-17
1180,168.43,30720,375.00,374.79,-0.21,-32.1,-17.4,0.0,0.0,-14.8,-0.0,3421,2363,0,-28,-14
1181,168.60,30718,374.98,374.72,-0.26,-37.2,-21.5,0.0,-0.1,-15.5,-0.0,3396,2342,0,-32,-16
1182,168.68,30714,374.93,374.68,-0.24,-36.6,-20.5,0.0,-0.0,-16.0,-0.0,3346,2288,0,-33,-13
1183,168.86,30710,374.88,374.61,-0.27,-37.4,-22.5,0.0,-0.1,-14.8,-0.0,3296,2244,0,-35,-11
1184,169.02,30704,374.80,374.54,-0.27,-37.6,-22.5,0.0,-0.2,-14.8,-0.0,3221,2171,0,-36,-7
1185,169.11,30701,374.77,374.50,-0.27,-39.3,-22.5,0.0,-0.2,-16.6,-0.0,3183,2129,0,-38,-5
1186,169.28,30693,374.67,374.43,-0.24,-36.2,-20.5,0.0,0.0,-15.9,-0.0,3083,2021,0,-35,1
1187,169.45,30686,374.58,374.36,-0.23,-34.5,-19.4,0.0,0.1,-15.1,-0.0,2996,1934,0,-33,6
1188,169.54,30681,374.52,374.32,-0.21,-33.8,-17.4,0.0,0.2,-16.6,-0.0,2933,1864,0,-31,9
1189,169.71,30675,374.45,374.25,-0.21,-32.6,-17.4,0.0,0.2,-15.4,-0.0,2858,1792,0,-29,12
1190,169.88,30667,374.35,374.17,-0.18,-31.5,-15.3,0.0,0.3,-16.4,-0.0,2758,1688,0,-26,16
1191,169.97,30663,374.30,374.14,-0.17,-30.5,-14.3,0.0,0.3,-16.4,-0.0,2708,1638,0,-24,17
1192,170.14,30654,374.19,374.07,-0.13,-26.1,-11.2,0.0,0.4,-15.2,-0.0,2596,1526,0,-18,18
1193,170.30,30649,374.13,374.00,-0.13,-26.4,-11.2,0.0,0.3,-15.4,-0.0,2533,1466,0,-16,20
1194,170.39,30643,374.06,373.96,-0.10,-23.5,-8.2,0.0,0.4,-15.7,-0.0,2458,1386,0,-12,19
1195,170.55,30636,373.97,373.89,-0.09,-21.8,-7.2,0.0,0.4,-15.0,-0.0,2371,1302,0,-9,19
1196,170.71,30626,373.85,373.82,-0.04,-17.5,-3.1,0.0,0.6,-15.0,-0.0,2246,1171,0,-4,17
1197,170.89,30619,373.77,373.75,-0.02,-17.3,-2.0,0.0,0.5,-15.8,-0.0,2158,1082,0,-1,17
1198,170.97,30613,373.69,373.71,0.01,-15.0,1.0,0.0,0.5,-16.5,-0.0,2083,1002,0,0,14
1199,171.14,30606,373.61,373.64,0.02,-13.3,2.0,0.0,0.4,-15.8,-0.0,1996,922,0,2,13
1200,171.30,30599,373.52,373.57,0.05,-10.5,4.1,0.0,0.4,-15.0,-0.0,1908,838,0,3,10
1201,171.39,30593,373.45,373.53,0.07,-10.8,6.1,0.0,0.4,-17.3,-0.0,1833,755,0,4,10
1202,171.57,30584,373.34,373.45,0.11,-6.4,9.2,0.0,0.5,-16.1,-0.0,1721,644,0,3,5
1203,171.73,30577,373.25,373.38,0.13,-3.6,11.2,0.0,0.5,-15.3,-0.0,1633,561,0,2,3
1204,171.82,30573,373.21,373.35,0.15,-3.9,12.3,0.0,0.4,-16.6,-0.0,1583,508,0,3,3
1205,171.99,30562,373.07,373.27,0.20,1.6,16.4,0.0,0.5,-15.3,-0.0,1446,2417,0,-1,-1
1206,172.16,30553,372.96,373.20,0.24,5.1,20.5,0.0,0.5,-15.9,-0.0,1333,2305,0,-5,-2
1207,172.25,30551,372.94,373.16,0.22,1.4,18.4,0.0,0.4,-17.4,-0.0,1308,2279,0,-1,0
1208,172.42,30546,372.88,373.09,0.21,1.8,17.4,0.0,0.3,-15.9,-0.0,1246,2224,0,-2,0
1209,172.58,30541,372.81,373.02,0.21,2.4,17.4,0.0,0.2,-15.1,-0.0,1183,2168,0,-2,0
1210,172.67,30538,372.78,372.98,0.21,1.0,17.4,0.0,0.0,-16.4,-0.0,1146,2133,0,-1,0
1211,172.84,30527,372.64,372.91,0.27,5.9,22.5,0.0,0.1,-16.7,-0.0,1008,1992,0,-6,0
1212,173.01,30522,372.58,372.83,0.24,5.5,20.5,0.0,0.2,-15.2,-0.0,946,1930,0,-5,1
1213,173.10,30518,372.53,372.79,0.26,4.7,21.5,0.0,0.2,-17.0,-0.0,896,1876,0,-4,1
1214,173.26,30511,372.45,372.72,0.27,7.3,22.5,0.0,0.2,-15.5,-0.0,808,1789,0,-6,3
1215,173.43,30505,372.38,372.65,0.28,8.5,23.5,0.0,0.2,-15.2,-0.0,733,1717,0,-7,4
1216,173.60,30499,372.30,372.58,0.27,5.6,22.5,0.0,0.1,-17.0,-0.0,658,1640,0,-4,3
1217,173.69,30498,372.29,372.54,0.24,4.2,20.5,0.0,0.0,-16.3,-0.0,646,1634,0,-3,2
1218,173.86,30493,372.23,372.46,0.23,2.5,19.4,0.0,-0.1,-16.8,-0.0,583,1574,0,-2,2
1219,173.95,30489,372.18,372.43,0.24,3.6,20.5,0.0,-0.1,-16.8,-0.0,533,1523,0,-2,2
1220,174.11,30482,372.09,372.36,0.26,5.6,21.5,0.0,-0.1,-15.8,-0.0,446,1436,0,-3,4
1221,174.28,30477,372.03,372.28,0.24,4.6,20.5,0.0,-0.1,-15.8,-0.0,383,1375,0,-2,4
1222,174.44,30471,371.96,372.21,0.26,6.3,21.5,0.0,0.1,-15.3,-0.0,308,1296,0,-2,6
1223,174.53,30469,371.94,372.17,0.24,3.9,20.5,0.0,0.0,-16.6,-0.0,283,1269,0,-1,4
1224,174.69,30465,371.89,372.10,0.22,2.9,18.4,0.0,-0.2,-15.3,-0.0,233,1229,0,-1,3
1225,174.86,30458,371.80,372.03,0.23,3.0,19.4,0.0,-0.0,-16.4,-0.0,146,1136,0,0,3
1226,174.95,30456,371.78,371.99,0.21,0.3,17.4,0.0,-0.1,-16.9,-0.0,121,1112,0,0,0
1227,175.11,30456,371.78,371.92,0.13,-5.3,11.2,0.0,-0.5,-16.1,-0.0,121,3171,0,1,-5
1228,175.28,30448,371.68,371.84,0.16,-2.5,13.3,0.0,-0.2,-15.6,-0.0,21,3064,0,0,-2
1229,175.45,30442,371.61,371.77,0.16,-2.5,13.3,0.0,-0.1,-15.6,-0.0,4042,2986,0,0,-2
1230,175.54,30442,371.61,371.73,0.12,-7.1,10.2,0.0,-0.4,-17.0,-0.0,4042,2993,0,-1,-7
1231,175.70,30438,371.56,371.66,0.10,-7.5,8.2,0.0,-0.3,-15.4,-0.0,3992,2942,0,-1,-7
1232,175.87,30431,371.47,371.58,0.11,-7.4,9.2,0.0,-0.1,-16.5,-0.0,3904,2848,0,-2,-7
1233,175.96,30430,371.46,371.54,0.09,-10.6,7.2,0.0,-0.3,-17.5,-0.0,3892,2839,0,-4,-10
1234,176.13,30429,371.45,371.47,0.02,-14.4,2.0,0.0,-0.5,-16.0,-0.0,3879,2836,0,-5,-13
1235,176.30,30423,371.37,371.40,0.02,-13.5,2.0,0.0,-0.3,-15.2,-0.0,3804,2756,0,-6,-12
1236,176.39,30421,371.35,371.36,0.01,-16.6,1.0,0.0,-0.3,-17.3,-0.0,3779,2728,0,-8,-14
1237,176.55,30417,371.30,371.28,-0.01,-17.2,-1.0,0.0,-0.4,-15.8,-0.0,3729,2685,0,-9,-14
1238,176.72,30413,371.25,371.21,-0.04,-18.9,-3.1,0.0,-0.3,-15.5,-0.0,3679,2631,0,-11,-14
1239,176.81,30413,371.25,371.18,-0.07,-23.1,-6.1,0.0,-0.4,-16.6,-0.0,3679,2631,0,-14,-17
1240,176.98,30409,371.20,371.10,-0.11,-25.2,-9.2,0.0,-0.5,-15.5,-0.0,3629,2585,0,-17,-18
1241,177.14,30404,371.14,371.03,-0.12,-26.3,-10.2,0.0,-0.5,-15.5,-0.0,3567,2523,0,-19,-17
1242,177.31,30402,371.12,370.95,-0.17,-32.2,-14.3,0.0,-0.5,-17.4,-0.0,3542,2497,0,-24,-20
1243,177.40,30399,371.08,370.91,-0.17,-31.4,-14.3,0.0,-0.5,-16.6,-0.0,3504,2459,0,-25,-18
1244,177.57,30394,371.02,370.83,-0.18,-32.9,-15.3,0.0,-0.4,-17.2,-0.0,3442,2395,0,-27,-16
1245,177.66,30391,370.98,370.80,-0.18,-32.5,-15.3,0.0,-0.3,-16.9,-0.0,3404,2353,0,-28,-14
1246,177.84,30387,370.94,370.72,-0.22,-36.2,-18.4,0.0,-0.4,-17.5,-0.0,3354,2304,0,-32,-13
1247,178.01,30379,370.84,370.64,-0.20,-32.6,-16.4,0.0,-0.1,-16.1,-0.0,3254,2197,0,-31,-7
1248,178.09,30377,370.81,370.60,-0.21,-34.2,-17.4,0.0,-0.1,-16.7,-0.0,3229,2173,0,-33,-6
1249,178.26,30374,370.78,370.53,-0.24,-37.1,-20.5,0.0,-0.2,-16.4,-0.0,3192,2139,0,-36,-5
1250,178.42,30370,370.73,370.46,-0.27,-37.9,-22.5,0.0,-0.3,-15.1,-0.0,3142,2093,0,-37,-3
1251,178.59,30362,370.63,370.38,-0.24,-37.3,-20.5,0.0,-0.1,-16.7,-0.0,3042,1984,0,-36,4
1252,178.68,30360,370.61,370.34,-0.27,-40.0,-22.5,0.0,-0.3,-17.3,-0.0,3017,1963,0,-38,5
1253,178.85,30353,370.52,370.26,-0.26,-38.1,-21.5,0.0,-0.1,-16.5,-0.0,2929,1872,0,-36,10
1254,179.02,30347,370.45,370.19,-0.26,-37.2,-21.5,0.0,0.0,-15.7,-0.0,2854,1794,0,-33,14
1255,179.11,30344,370.41,370.15,-0.26,-39.0,-21.5,0.0,0.0,-17.6,-0.0,2817,1752,0,-34,17
1256,179.28,30336,370.31,370.07,-0.24,-36.7,-20.5,0.0,0.0,-16.2,-0.0,2717,1656,0,-29,20
1257,179.45,30328,370.21,370.00,-0.22,-34.8,-18.4,0.0,0.2,-16.5,-0.0,2617,1550,0,-24,23
1258,179.54,30321,370.13,369.95,-0.17,-32.7,-14.3,0.0,0.3,-18.7,-0.0,2529,1452,0,-19,25
1259,179.71,30316,370.07,369.88,-0.20,-32.4,-16.4,0.0,0.2,-16.3,-0.0,2467,1399,0,-17,26
1260,179.80,30313,370.03,369.84,-0.20,-33.5,-16.4,0.0,0.2,-17.4,-0.0,2429,1358,0,-16,28
1261,179.97,30306,369.95,369.76,-0.18,-31.4,-15.3,0.0,0.2,-16.3,-0.0,2342,1275,0,-11,28
1262,180.14,30297,369.84,369.69,-0.15,-28.1,-12.3,0.0,0.3,-16.1,-0.0,2229,1161,0,-6,27
1263,180.23,30292,369.78,369.65,-0.13,-29.6,-11.2,0.0,0.1,-18.5,-0.0,2167,1096,0,-3,29
1264,180.40,30283,369.67,369.57,-0.10,-24.5,-8.2,0.0,0.4,-16.6,-0.0,2054,982,0,2,24
1265,180.57,30275,369.57,369.49,-0.07,-21.5,-6.1,0.0,0.5,-15.8,-0.0,1954,880,0,5,20
1266,180.74,30267,369.47,369.42,-0.05,-20.2,-4.1,0.0,0.5,-16.7,-0.0,1854,776,0,7,18
1267,180.83,30263,369.42,369.38,-0.05,-22.0,-4.1,0.0,0.4,-18.3,-0.0,1804,725,0,9,19
1268,181.00,30254,369.31,369.30,-0.01,-16.5,-1.0,0.0,0.4,-15.9,-0.0,1692,620,0,9,13
1269,181.09,30251,369.27,369.26,-0.01,-18.5,-1.0,0.0,0.3,-17.8,-0.0,1654,580,0,11,14
1270,181.26,30238,369.12,369.18,0.06,-10.6,5.1,0.0,0.5,-16.2,-0.0,1492,416,0,8,6
1271,181.42,30229,369.01,369.11,0.10,-7.5,8.2,0.0,0.5,-16.2,-0.0,1379,301,0,6,3
1272,181.59,30220,368.90,369.03,0.13,-4.9,11.2,0.0,0.6,-16.7,-0.0,1267,186,0,5,1
1273,181.67,30217,368.86,368.99,0.13,-5.5,11.2,0.0,0.5,-17.3,-0.0,1229,148,0,5,1
1274,181.84,30209,368.76,368.92,0.16,-2.8,13.3,0.0,0.4,-16.5,-0.0,1129,55,0,3,0
1275,181.99,30205,368.71,368.85,0.13,-5.3,11.2,0.0,0.2,-16.8,-0.0,1079,12,0,5,0
1276,182.09,30195,368.59,368.80,0.22,0.5,18.4,0.0,0.5,-18.4,-0.0,954,1921,0,0,0
1277,182.25,30188,368.51,368.73,0.22,2.8,18.4,0.0,0.3,-16.0,-0.0,867,1844,0,-3,1
1278,182.42,30183,368.44,368.65,0.21,1.1,17.4,0.0,0.2,-16.5,-0.0,804,1783,0,-1,0
1279,182.51,30179,368.40,368.61,0.22,0.2,18.4,0.0,0.2,-18.5,-0.0,754,1728,0,0,0
1280,182.67,30169,368.27,368.54,0.26,5.6,21.5,0.0,0.4,-16.3,-0.0,629,1601,0,-4,3
1281,182.85,30164,368.21,368.46,0.24,3.4,20.5,0.0,0.1,-17.1,-0.0,567,1550,0,-2,2
1282,183.01,30156,368.12,368.38,0.27,6.7,22.5,0.0,0.2,-16.0,-0.0,467,1448,0,-4,5
1283,183.10,30153,368.08,368.34,0.27,5.0,22.5,0.0,0.2,-17.7,-0.0,429,1406,0,-3,4
1284,183.27,30146,367.99,368.26,0.27,6.3,22.5,0.0,0.1,-16.3,-0.0,342,1325,0,-3,5
1285,183.44,30141,367.93,368.19,0.26,4.0,21.5,0.0,0.0,-17.5,-0.0,279,1265,0,-1,4
1286,183.53,30137,367.88,368.14,0.26,2.7,21.5,0.0,0.0,-18.8,-0.0,229,1209,0,-1,3
1287,183.70,30130,367.80,368.07,0.27,5.8,22.5,0.0,0.0,-16.7,-0.0,142,1128,0,-1,6
1288,183.86,30123,367.71,367.99,0.28,5.5,23.5,0.0,0.0,-18.0,-0.0,54,1037,0,0,5
1289,183.95,30119,367.66,367.95,0.28,5.2,23.5,0.0,0.0,-18.3,-0.0,4,985,0,0,5
1290,184.11,30116,367.63,367.88,0.26,5.3,21.5,0.0,0.0,-16.1,-0.0,4063,955,0,1,5
1291,184.28,30111,367.57,367.80,0.23,3.1,19.4,0.0,-0.2,-16.2,-0.0,4000,898,0,1,3
1292,184.37,30107,367.52,367.76,0.24,2.3,20.5,0.0,-0.1,-18.1,-0.0,3950,841,0,1,2
1293,184.54,30102,367.46,367.68,0.22,0.9,18.4,0.0,-0.2,-17.3,-0.0,3888,784,0,0,1
1294,184.71,30092,367.33,367.60,0.27,5.4,22.5,0.0,-0.0,-17.0,-0.0,3763,654,0,3,4
1295,184.80,30089,367.30,367.56,0.27,5.0,22.5,0.0,0.0,-17.6,-0.0,3725,612,0,3,4
1296,184.95,30085,367.25,367.49,0.24,3.7,20.5,0.0,0.0,-16.8,-0.0,3675,565,0,2,3
1297,185.12,30081,367.20,367.41,0.22,2.2,18.4,0.0,0.0,-16.2,-0.0,3625,518,0,1,2
1298,185.29,30079,367.18,367.34,0.16,-4.4,13.3,0.0,-0.3,-17.3,-0.0,3600,2548,0,-3,-3
1299,185.38,30075,367.13,367.29,0.17,-4.5,14.3,0.0,-0.4,-18.5,-0.0,3550,2498,0,-3,-3
1300,185.54,30071,367.08,367.22,0.15,-5.2,12.3,0.0,-0.4,-17.1,-0.0,3500,2452,0,-4,-3
1301,185.70,30068,367.04,367.15,0.11,-7.8,9.2,0.0,-0.5,-16.6,-0.0,3463,2417,0,-6,-4
1302,185.88,30062,366.97,367.06,0.10,-10.6,8.2,0.0,-0.3,-18.5,-0.0,3388,2333,0,-9,-4
1303,185.97,30057,366.91,367.02,0.11,-9.5,9.2,0.0,-0.2,-18.5,-0.0,3325,2266,0,-9,-3
1304,186.13,30055,366.88,366.94,0.06,-11.2,5.1,0.0,-0.3,-16.0,-0.0,3300,2249,0,-10,-3
1305,186.28,30050,366.82,366.87,0.05,-12.6,4.1,0.0,-0.3,-16.3,-0.0,3238,2187,0,-12,-3
1306,186.36,30049,366.81,366.83,0.02,-14.9,2.0,0.0,-0.3,-16.6,-0.0,3225,2173,0,-14,-3
1307,186.53,30048,366.80,366.76,-0.04,-20.5,-3.1,0.0,-0.5,-16.9,-0.0,3213,2168,0,-20,-4
1308,186.70,30042,366.72,366.68,-0.05,-22.1,-4.1,0.0,-0.5,-17.5,-0.0,3138,2092,0,-21,-1
1309,186.79,30040,366.70,366.64,-0.06,-23.1,-5.1,0.0,-0.5,-17.5,-0.0,3113,2066,0,-22,-1
1310,186.96,30036,366.65,366.56,-0.10,-25.1,-8.2,0.0,-0.5,-16.4,-0.0,3063,2019,0,-24,1
1311,187.13,30034,366.63,366.48,-0.15,-30.6,-12.3,0.0,-0.5,-17.8,-0.0,3038,1991,0,-30,3
1312,187.22,30032,366.60,366.44,-0.17,-32.9,-14.3,0.0,-0.5,-18.1,-0.0,3013,1964,0,-32,4
1313,187.38,30026,366.53,366.36,-0.17,-31.2,-14.3,0.0,-0.4,-16.4,-0.0,2938,1891,0,-29,7
1314,187.55,30020,366.46,366.28,-0.17,-31.2,-14.3,0.0,-0.4,-16.5,-0.0,2863,1816,0,-28,11
1315,187.72,30018,366.43,366.20,-0.23,-36.5,-19.4,0.0,-0.4,-16.8,-0.0,2838,1788,0,-33,14
1316,187.81,30014,366.38,366.16,-0.22,-37.4,-18.4,0.0,-0.3,-18.7,-0.0,2788,1732,0,-32,17
1317,187.98,30008,366.31,366.08,-0.23,-36.2,-19.4,0.0,-0.2,-16.5,-0.0,2713,1659,0,-29,20
1318,188.15,30003,366.25,366.00,-0.26,-40.0,-21.5,0.0,-0.4,-18.2,-0.0,2650,1596,0,-30,25
1319,188.24,30001,366.22,365.96,-0.27,-40.8,-22.5,0.0,-0.4,-17.9,-0.0,2625,1572,0,-29,26
1320,188.41,29995,366.15,365.88,-0.27,-40.6,-22.5,0.0,-0.1,-17.9,-0.0,2550,1491,0,-26,30
1321,188.50,29992,366.11,365.83,-0.28,-42.5,-23.5,0.0,-0.2,-18.8,-0.0,2513,1454,0,-25,33
1322,188.66,29985,366.03,365.76,-0.27,-39.2,-22.5,0.0,-0.1,-16.5,-0.0,2425,1369,0,-19,33
1323,188.85,29977,365.93,365.67,-0.26,-39.4,-21.5,0.0,0.0,-18.0,-0.0,2325,1262,0,-14,36
1324,188.93,29975,365.91,365.63,-0.28,-41.5,-23.5,0.0,-0.0,-18.0,-0.0,2300,1237,0,-13,38
1325,189.09,29968,365.82,365.55,-0.27,-39.1,-22.5,0.0,0.0,-16.6,-0.0,2213,1151,0,-7,37
1326,189.27,29962,365.75,365.47,-0.28,-41.2,-23.5,0.0,0.0,-17.7,-0.0,2138,1074,0,-3,40
1327,189.36,29957,365.69,365.43,-0.26,-39.7,-21.5,0.0,0.0,-18.3,-0.0,2075,1008,0,1,38
1328,189.52,29949,365.59,365.35,-0.23,-36.5,-19.4,0.0,0.1,-17.2,-0.0,1975,910,0,6,35
1329,189.69,29939,365.47,365.27,-0.20,-33.6,-16.4,0.0,0.2,-17.5,-0.0,1850,780,0,12,30
1330,189.86,29929,365.34,365.19,-0.16,-29.5,-13.3,0.0,0.4,-16.7,-0.0,1725,650,0,16,24
1331,189.94,29926,365.31,365.15,-0.16,-30.9,-13.3,0.0,0.5,-18.1,-0.0,1688,608,0,18,24
1332,190.12,29918,365.21,365.07,-0.15,-30.6,-12.3,0.0,0.4,-18.7,-0.0,1588,508,0,21,21
1333,190.28,29908,365.09,364.99,-0.10,-25.0,-8.2,0.0,0.5,-17.2,-0.0,1463,386,0,20,14
1334,190.37,29903,365.03,364.95,-0.09,-26.0,-7.2,0.0,0.4,-19.2,-0.0,1400,318,0,22,12
1335,190.54,29894,364.92,364.87,-0.05,-20.7,-4.1,0.0,0.4,-17.0,-0.0,1288,214,0,19,6
1336,190.71,29883,364.78,364.79,0.00,-16.4,0.0,0.0,0.6,-17.0,-0.0,1150,68,0,16,2
1337,190.80,29879,364.73,364.74,0.01,-18.2,1.0,0.0,0.6,-19.9,-0.0,1100,11,0,18,0
1338,190.97,29870,364.62,364.66,0.04,-14.3,3.1,0.0,0.5,-17.9,-0.0,988,4004,0,14,-2
1339,191.15,29861,364.51,364.58,0.06,-12.0,5.1,0.0,0.5,-17.6,-0.0,875,3890,0,11,-4
1340,191.23,29855,364.44,364.54,0.10,-9.8,8.2,0.0,0.5,-18.5,-0.0,800,3812,0,9,-4
1341,191.40,29845,364.32,364.46,0.13,-5.9,11.2,0.0,0.5,-17.6,-0.0,675,3692,0,5,-3
1342,191.57,29837,364.22,364.37,0.16,-3.0,13.3,0.0,0.5,-16.8,-0.0,575,3593,0,2,-2
1343,191.66,29831,364.15,364.33,0.18,-2.9,15.3,0.0,0.5,-18.8,-0.0,500,3511,0,2,-2
1344,191.82,29825,364.07,364.26,0.18,-2.2,15.3,0.0,0.5,-18.0,-0.0,425,3442,0,1,-2
1345,191.99,29817,363.98,364.17,0.20,-0.7,16.4,0.0,0.3,-17.4,-0.0,325,3348,0,0,-1
1346,192.07,29813,363.93,364.13,0.21,-0.6,17.4,0.0,0.3,-18.3,-0.0,275,3297,0,0,-1
1347,192.24,29805,363.83,364.06,0.22,1.5,18.4,0.0,0.2,-17.1,-0.0,175,1152,0,0,1
1348,192.40,29796,363.72,363.98,0.26,4.4,21.5,0.0,0.3,-17.5,-0.0,63,1038,0,0,4
1349,192.57,29790,363.65,363.90,0.24,3.5,20.5,0.0,0.2,-17.2,-0.0,4084,968,0,0,3
1350,192.65,29785,363.59,363.85,0.27,4.4,22.5,0.0,0.3,-18.3,-0.0,4021,899,0,1,4
1351,192.82,29777,363.49,363.77,0.28,6.6,23.5,0.0,0.2,-17.2,-0.0,3921,802,0,2,6
1352,192.99,29770,363.40,363.69,0.29,7.5,24.5,0.0,0.2,-17.2,-0.0,3834,718,0,3,6
1353,193.07,29766,363.35,363.65,0.29,6.0,24.5,0.0,0.1,-18.7,-0.0,3784,665,0,3,5
1354,193.25,29758,363.26,363.57,0.32,8.8,26.6,0.0,0.3,-18.1,-0.0,3684,564,0,6,6
1355,193.41,29750,363.16,363.49,0.33,10.5,27.6,0.0,0.2,-17.2,-0.0,3584,467,0,8,7
1356,193.50,29746,363.11,363.45,0.34,10.5,28.6,0.0,0.2,-18.4,-0.0,3534,415,0,8,6
1357,193.66,29746,363.11,363.37,0.26,4.1,21.5,0.0,-0.1,-17.3,-0.0,3534,427,0,3,2
1358,193.84,29737,363.00,363.28,0.28,5.6,23.5,0.0,-0.1,-17.9,-0.0,3421,312,0,5,2
1359,193.93,29734,362.96,363.24,0.28,4.1,23.5,0.0,-0.1,-19.3,-0.0,3384,274,0,4,2
1360,194.09,29727,362.88,363.16,0.28,5.2,23.5,0.0,-0.2,-18.2,-0.0,3296,189,0,5,1
1361,194.26,29720,362.79,363.08,0.28,5.9,23.5,0.0,-0.0,-17.6,-0.0,3209,99,0,6,1
1362,194.35,29717,362.76,363.03,0.28,4.0,23.5,0.0,0.1,-19.6,-0.0,3171,53,0,4,0
1363,194.52,29712,362.70,362.95,0.26,4.0,21.5,0.0,-0.1,-17.3,-0.0,3109,1,0,4,0
1364,194.69,29706,362.62,362.87,0.24,2.1,20.5,0.0,-0.1,-18.2,-0.0,3034,4022,0,2,0
1365,194.78,29703,362.59,362.82,0.24,0.1,20.5,0.0,-0.1,-20.3,-0.0,2996,3980,0,0,0
1366,194.95,29696,362.50,362.74,0.24,2.6,20.5,0.0,-0.1,-17.7,-0.0,2909,3898,0,2,-1
1367,195.12,29696,362.50,362.66,0.16,-5.3,13.3,0.0,-0.3,-18.3,-0.0,2909,1855,0,-5,1
1368,195.21,29690,362.43,362.62,0.20,-3.6,16.4,0.0,-0.2,-19.7,-0.0,2834,1775,0,-3,1
1369,195.38,29686,362.38,362.53,0.16,-5.3,13.3,0.0,-0.3,-18.3,-0.0,2784,1730,0,-5,2
1370,195.55,29682,362.33,362.45,0.12,-7.4,10.2,0.0,-0.4,-17.2,-0.0,2734,1686,0,-6,4
1371,195.63,29679,362.29,362.41,0.11,-10.5,9.2,0.0,-0.5,-19.2,-0.0,2696,1645,0,-8,6
1372,195.81,29673,362.22,362.32,0.11,-8.4,9.2,0.0,-0.2,-17.5,-0.0,2621,1564,0,-6,6
1373,195.97,29668,362.16,362.24,0.09,-10.4,7.2,0.0,-0.4,-17.2,-0.0,2559,1510,0,-7,7
1374,196.14,29665,362.12,362.16,0.04,-15.7,3.1,0.0,-0.4,-18.4,-0.0,2521,1468,0,-10,12
1375,196.23,29663,362.10,362.12,0.02,-16.7,2.0,0.0,-0.4,-18.4,-0.0,2496,1443,0,-10,13
1376,196.40,29660,362.06,362.03,-0.02,-21.0,-2.0,0.0,-0.6,-18.4,-0.0,2459,1414,0,-11,17
1377,196.56,29655,362.00,361.95,-0.05,-21.8,-4.1,0.0,-0.5,-17.2,-0.0,2396,1349,0,-10,19
1378,196.66,29652,361.96,361.91,-0.05,-24.2,-4.1,0.0,-0.5,-19.6,-0.0,2359,1309,0,-10,21
1379,196.83,29648,361.91,361.82,-0.09,-24.9,-7.2,0.0,-0.4,-17.3,-0.0,2309,1261,0,-9,23
1380,196.92,29645,361.88,361.78,-0.10,-29.4,-8.2,0.0,-0.4,-20.8,-0.0,2271,1217,0,-8,27
1381,197.09,29640,361.82,361.69,-0.12,-28.8,-10.2,0.0,-0.4,-18.2,-0.0,2209,1156,0,-6,27
1382,197.25,29635,361.76,361.62,-0.13,-29.2,-11.2,0.0,-0.3,-17.6,-0.0,2146,1093,0,-3,28
1383,197.42,29631,361.71,361.53,-0.17,-33.7,-14.3,0.0,-0.3,-19.1,-0.0,2096,1041,0,-1,33
1384,197.50,29628,361.67,361.49,-0.18,-34.2,-15.3,0.0,-0.4,-18.5,-0.0,2059,1005,0,1,33
1385,197.68,29621,361.58,361.40,-0.18,-34.5,-15.3,0.0,-0.3,-18.8,-0.0,1971,916,0,6,33
1386,197.85,29614,361.50,361.32,-0.18,-33.5,-15.3,0.0,-0.2,-17.9,-0.0,1884,826,0,10,31
1387,197.93,29610,361.45,361.28,-0.17,-33.3,-14.3,0.0,-0.1,-18.8,-0.0,1834,772,0,12,30
1388,198.10,29607,361.41,361.19,-0.22,-38.0,-18.4,0.0,-0.2,-19.4,-0.0,1796,734,0,16,33
1389,198.27,29598,361.30,361.11,-0.20,-34.7,-16.4,0.0,-0.0,-18.3,-0.0,1684,620,0,20,27
1390,198.36,29597,361.29,361.07,-0.23,-39.4,-19.4,0.0,-0.2,-19.8,-0.0,1671,609,0,23,31
1391,198.53,29592,361.23,360.98,-0.24,-38.4,-20.5,0.0,-0.2,-17.7,-0.0,1609,554,0,25,28
1392,198.69,29584,361.13,360.90,-0.23,-37.3,-19.4,0.0,-0.1,-17.7,-0.0,1509,450,0,28,23
1393,198.79,29580,361.08,360.85,-0.23,-39.3,-19.4,0.0,-0.0,-19.8,-0.0,1459,392,0,31,22
1394,198.95,29571,360.97,360.77,-0.21,-35.8,-17.4,0.0,-0.0,-18.3,-0.0,1346,282,0,31,15
1395,199.13,29566,360.91,360.68,-0.23,-37.8,-19.4,0.0,0.0,-18.4,-0.0,1284,217,0,35,12
1396,199.22,29562,360.86,360.64,-0.22,-37.6,-18.4,0.0,0.1,-19.2,-0.0,1234,164,0,35,9
1397,199.39,29556,360.79,360.55,-0.23,-38.7,-19.4,0.0,0.0,-19.3,-0.0,1159,92,0,37,5
1398,199.55,29548,360.69,360.47,-0.22,-36.8,-18.4,0.0,0.0,-18.4,-0.0,1059,4090,0,36,0
1399,199.65,29545,360.66,360.43,-0.23,-39.7,-19.4,0.0,-0.1,-20.2,-0.0,1021,4051,0,38,-3
1400,199.82,29532,360.50,360.34,-0.16,-31.4,-13.3,0.0,0.3,-18.4,-0.0,859,3881,0,29,-10
1401,199.99,29521,360.36,360.26,-0.11,-26.6,-9.2,0.0,0.4,-17.8,-0.0,721,3739,0,22,-13
1402,200.08,29518,360.33,360.21,-0.12,-30.6,-10.2,0.0,0.4,-20.8,-0.0,684,3693,0,24,-17
1403,200.24,29508,360.21,360.13,-0.07,-24.0,-6.1,0.0,0.5,-18.4,-0.0,559,3572,0,16,-17
1404,200.42,29499,360.10,360.04,-0.06,-24.0,-5.1,0.0,0.5,-19.3,-0.0,446,3457,0,13,-19
1405,200.51,29495,360.05,359.99,-0.05,-23.3,-4.1,0.0,0.4,-19.6,-0.0,396,3411,0,11,-20
1406,200.68,29490,359.99,359.91,-0.07,-24.4,-6.1,0.0,0.1,-18.4,-0.0,334,3361,0,10,-21
1407,200.85,29479,359.85,359.82,-0.02,-19.6,-2.0,0.0,0.3,-17.8,-0.0,196,3218,0,4,-18
1408,200.93,29475,359.80,359.78,-0.02,-20.9,-2.0,0.0,0.2,-19.0,-0.0,146,3168,0,3,-20
1409,201.10,29462,359.64,359.70,0.05,-14.2,4.1,0.0,0.4,-18.7,-0.0,4080,3000,0,-2,-14
1410,201.27,29451,359.51,359.61,0.10,-9.3,8.2,0.0,0.6,-18.1,-0.0,3942,2857,0,-3,-9
1411,201.36,29448,359.47,359.57,0.10,-10.5,8.2,0.0,0.6,-19.3,-0.0,3905,2816,0,-4,-9
1412,201.53,29438,359.35,359.48,0.13,-7.2,11.2,0.0,0.6,-19.0,-0.0,3780,2693,0,-4,-6
1413,201.70,29427,359.22,359.40,0.18,-2.3,15.3,0.0,0.5,-18.1,-0.0,3642,2560,0,-2,-2
1414,201.79,29425,359.19,359.35,0.16,-5.3,13.3,0.0,0.4,-19.0,-0.0,3617,2537,0,-4,-4
1415,201.97,29414,359.06,359.27,0.21,-0.6,17.4,0.0,0.4,-18.4,-0.0,3480,2402,0,-1,0
1416,202.06,29409,359.00,359.22,0.22,-2.3,18.4,0.0,0.4,-21.1,-0.0,3417,2328,0,-2,-1
1417,202.23,29399,358.87,359.14,0.26,3.8,21.5,0.0,0.4,-18.1,-0.0,3292,164,0,4,1
1418,202.38,29395,358.83,359.06,0.23,0.9,19.4,0.0,0.2,-18.7,-0.0,3242,122,0,1,0
1419,202.55,29384,358.69,358.98,0.28,6.3,23.5,0.0,0.3,-17.5,-0.0,3105,4080,0,6,0
1420,202.63,29381,358.65,358.93,0.28,5.1,23.5,0.0,0.3,-18.7,-0.0,3067,4040,0,5,0
1421,202.81,29371,358.53,358.85,0.32,9.2,26.6,0.0,0.2,-17.5,-0.0,2942,3921,0,9,-2
1422,202.98,29363,358.44,358.76,0.32,8.2,26.6,0.0,0.4,-18.7,-0.0,2842,3812,0,7,-3
1423,203.07,29358,358.37,358.71,0.34,9.1,28.6,0.0,0.4,-19.9,-0.0,2780,3745,0,8,-5
1424,203.24,29355,358.34,358.63,0.29,6.8,24.5,0.0,0.0,-17.8,-0.0,2742,3725,0,6,-4
1425,203.41,29343,358.19,358.54,0.35,11.5,29.7,0.0,0.2,-18.4,-0.0,2592,3567,0,8,-8
1426,203.49,29344,358.20,358.50,0.31,6.8,25.6,0.0,-0.0,-18.7,-0.0,2605,3589,0,5,-5
1427,203.67,29335,358.09,358.42,0.32,7.9,26.6,0.0,0.0,-18.7,-0.0,2492,3474,0,4,-6
1428,203.83,29329,358.02,358.33,0.32,8.2,26.6,0.0,0.0,-18.4,-0.0,2417,3399,0,4,-7
1429,203.92,29325,357.97,358.29,0.32,6.8,26.6,0.0,0.1,-19.9,-0.0,2367,3343,0,3,-6
1430,204.09,29319,357.90,358.20,0.31,7.9,25.6,0.0,-0.2,-17.5,-0.0,2292,3282,0,2,-7
1431,204.27,29311,357.80,358.12,0.32,8.0,26.6,0.0,0.2,-18.7,-0.0,2192,3168,0,1,-8
1432,204.35,29308,357.76,358.07,0.31,5.9,25.6,0.0,-0.0,-19.6,-0.0,2155,3137,0,1,-6
1433,204.52,29304,357.71,357.99,0.27,4.5,22.5,0.0,-0.2,-17.8,-0.0,2105,3093,0,0,-4
1434,204.69,29297,357.63,357.90,0.27,3.1,22.5,0.0,-0.1,-19.3,-0.0,2017,3000,0,0,-3
1435,204.78,29296,357.62,357.86,0.24,0.9,20.5,0.0,-0.2,-19.3,-0.0,2005,2993,0,0,-1
1436,204.94,29293,357.58,357.78,0.20,-2.2,16.4,0.0,-0.5,-18.1,-0.0,1967,917,0,0,2
1437,205.12,29285,357.48,357.69,0.21,-1.7,17.4,0.0,-0.3,-18.7,-0.0,1867,811,0,1,2
1438,205.20,29281,357.43,357.65,0.21,-2.2,17.4,0.0,-0.2,-19.3,-0.0,1817,757,0,1,2
1439,205.37,29276,357.37,357.56,0.20,-3.5,16.4,0.0,-0.3,-19.6,-0.0,1755,698,0,2,3
1440,205.54,29272,357.32,357.48,0.16,-5.3,13.3,0.0,-0.1,-18.4,-0.0,1705,645,0,3,4
1441,205.63,29269,357.29,357.43,0.15,-8.1,12.3,0.0,-0.2,-20.2,-0.0,1667,604,0,5,6
1442,205.80,29263,357.21,357.35,0.13,-6.9,11.2,0.0,-0.3,-17.8,-0.0,1592,536,0,5,5
1443,205.97,29259,357.17,357.26,0.10,-11.6,8.2,0.0,-0.4,-19.3,-0.0,1542,490,0,8,8
1444,206.06,29257,357.14,357.22,0.07,-14.5,6.1,0.0,-0.4,-20.2,-0.0,1517,462,0,11,9
1445,206.22,29253,357.09,357.14,0.05,-14.1,4.1,0.0,-0.4,-17.8,-0.0,1467,416,0,11,8
1446,206.39,29249,357.04,357.05,0.01,-17.0,1.0,0.0,-0.4,-17.5,-0.0,1417,368,0,14,9
1447,206.48,29245,356.99,357.01,0.01,-18.2,1.0,0.0,-0.4,-18.7,-0.0,1367,316,0,16,8
1448,206.64,29241,356.95,356.93,-0.02,-20.0,-2.0,0.0,-0.5,-17.5,-0.0,1317,267,0,18,8
1449,206.82,29237,356.90,356.84,-0.06,-24.0,-5.1,0.0,-0.5,-18.4,-0.0,1267,216,0,22,8
1450,206.90,29236,356.88,356.80,-0.09,-28.2,-7.2,0.0,-0.5,-20.5,-0.0,1255,203,0,26,8
1451,207.08,29230,356.81,356.71,-0.10,-27.3,-8.2,0.0,-0.4,-18.7,-0.0,1180,128,0,26,5
1452,207.24,29226,356.76,356.63,-0.13,-29.6,-11.2,0.0,-0.5,-17.8,-0.0,1130,82,0,28,4
1453,207.34,29222,356.71,356.58,-0.13,-32.2,-11.2,0.0,-0.4,-20.5,-0.0,1080,25,0,31,1
1454,207.50,29217,356.65,356.50,-0.16,-31.8,-13.3,0.0,-0.4,-18.1,-0.0,1017,4060,0,31,-2
1455,207.68,29214,356.62,356.41,-0.21,-35.6,-17.4,0.0,-0.4,-17.8,-0.0,980,4025,0,34,-4
1456,207.77,29211,356.58,356.37,-0.21,-37.7,-17.4,0.0,-0.4,-19.9,-0.0,942,3984,0,36,-6
1457,207.94,29206,356.52,356.28,-0.23,-37.3,-19.4,0.0,-0.4,-17.5,-0.0,880,3924,0,35,-9
1458,208.10,29201,356.46,356.20,-0.26,-39.4,-21.5,0.0,-0.4,-17.5,-0.0,817,3861,0,36,-13
1459,208.19,29198,356.42,356.15,-0.27,-42.5,-22.5,0.0,-0.4,-19.6,-0.0,780,3822,0,38,-17
1460,208.37,29192,356.35,356.07,-0.28,-42.5,-23.5,0.0,-0.3,-18.7,-0.0,705,3744,0,35,-21
1461,208.53,29181,356.21,355.98,-0.23,-37.3,-19.4,0.0,0.0,-17.8,-0.0,567,3599,0,26,-25
1462,208.63,29177,356.16,355.94,-0.23,-40.5,-19.4,0.0,0.0,-21.1,-0.0,517,3541,0,26,-30
1463,208.80,29172,356.10,355.85,-0.26,-39.0,-21.5,0.0,0.0,-17.5,-0.0,455,3487,0,22,-30
1464,208.97,29168,356.05,355.76,-0.29,-43.3,-24.5,0.0,-0.0,-18.7,-0.0,405,3437,0,22,-36
1465,209.06,29161,355.97,355.72,-0.26,-41.3,-21.5,0.0,0.1,-19.9,-0.0,317,3340,0,16,-37
1466,209.23,29151,355.85,355.63,-0.22,-36.8,-18.4,0.0,0.0,-18.4,-0.0,192,3221,0,8,-35
1467,209.40,29144,355.76,355.55,-0.22,-35.9,-18.4,0.0,0.0,-17.5,-0.0,105,3136,0,3,-35
1468,209.49,29143,355.75,355.50,-0.24,-39.8,-20.5,0.0,0.0,-19.3,-0.0,92,3120,0,3,-38
1469,209.66,29131,355.60,355.42,-0.18,-32.5,-15.3,0.0,0.4,-17.5,-0.0,4038,2962,0,-5,-31
1470,209.83,29122,355.49,355.33,-0.16,-31.5,-13.3,0.0,0.3,-18.4,-0.0,3926,2852,0,-10,-29
1471,209.92,29117,355.43,355.29,-0.15,-31.3,-12.3,0.0,0.3,-19.3,-0.0,3863,2787,0,-13,-27
1472,210.09,29106,355.30,355.20,-0.10,-25.3,-8.2,0.0,0.4,-17.5,-0.0,3726,2649,0,-15,-20
1473,210.26,29100,355.22,355.12,-0.11,-27.5,-9.2,0.0,0.4,-18.7,-0.0,3651,2571,0,-19,-19
1474,210.35,29094,355.15,355.07,-0.07,-25.1,-6.1,0.0,0.4,-19.3,-0.0,3576,2495,0,-19,-15
1475,210.52,29087,355.07,354.99,-0.07,-24.2,-6.1,0.0,0.3,-18.4,-0.0,3488,2412,0,-20,-12
1476,210.69,29073,354.90,354.90,0.01,-16.9,1.0,0.0,0.5,-18.4,-0.0,3313,2232,0,-16,-5
1477,210.77,29069,354.85,354.86,0.01,-18.2,1.0,0.0,0.4,-19.6,-0.0,3263,2181,0,-17,-4
1478,210.94,29060,354.74,354.78,0.05,-12.9,4.1,0.0,0.6,-17.5,-0.0,3151,2070,0,-12,0
1479,211.11,29051,354.63,354.69,0.06,-13.2,5.1,0.0,0.5,-18.7,-0.0,3038,1956,0,-13,2
1480,211.20,29046,354.57,354.65,0.09,-11.3,7.2,0.0,0.6,-19.0,-0.0,2976,1889,0,-11,3
1481,211.36,29035,354.43,354.57,0.13,-5.8,11.2,0.0,0.5,-17.5,-0.0,2838,1760,0,-5,2
1482,211.52,29026,354.32,354.49,0.17,-3.0,14.3,0.0,0.6,-17.8,-0.0,2726,1645,0,-2,2
1483,211.68,29016,354.20,354.41,0.21,0.4,17.4,0.0,0.5,-17.5,-0.0,2601,3569,0,0,0
1484,211.78,29012,354.15,354.36,0.21,-2.3,17.4,0.0,0.6,-20.2,-0.0,2551,1462,0,-1,2
1485,211.94,29000,354.00,354.28,0.28,6.6,23.5,0.0,0.6,-17.5,-0.0,2401,3367,0,3,-6
1486,212.11,28993,353.92,354.19,0.28,6.1,23.5,0.0,0.5,-17.8,-0.0,2313,3283,0,2,-6
1487,212.19,28991,353.89,354.15,0.26,2.2,21.5,0.0,0.3,-19.6,-0.0,2288,3256,0,1,-2
1488,212.37,28982,353.78,354.06,0.28,4.8,23.5,0.0,0.3,-19.0,-0.0,2176,3148,0,1,-5
1489,212.54,28972,353.66,353.98,0.32,8.4,26.6,0.0,0.2,-18.4,-0.0,2051,3026,0,-1,-8
1490,212.64,28966,353.59,353.93,0.34,8.0,28.6,0.0,0.2,-20.8,-0.0,1976,2944,0,-2,-8
1491,212.80,28962,353.54,353.85,0.31,7.8,25.6,0.0,0.1,-17.8,-0.0,1926,2906,0,-2,-7
1492,212.98,28954,353.44,353.76,0.32,8.3,26.6,0.0,0.1,-18.4,-0.0,1826,2805,0,-3,-7
1493,213.06,28953,353.43,353.72,0.28,4.2,23.5,0.0,0.0,-19.3,-0.0,1813,2793,0,-2,-4
1494,213.23,28941,353.28,353.63,0.35,11.4,29.7,0.0,0.1,-18.4,-0.0,1663,2642,0,-7,-9
1495,213.40,28935,353.21,353.55,0.34,10.8,28.6,0.0,0.0,-17.8,-0.0,1588,2570,0,-7,-8
1496,213.49,28931,353.16,353.51,0.34,9.8,28.6,0.0,0.1,-19.0,-0.0,1538,2515,0,-7,-6
1497,213.65,28924,353.08,353.42,0.34,10.3,28.6,0.0,0.1,-18.4,-0.0,1451,2430,0,-8,-6
1498,213.82,28922,353.05,353.34,0.29,6.7,24.5,0.0,-0.0,-17.8,-0.0,1426,2412,0,-5,-3
1499,213.91,28919,353.02,353.29,0.28,2.4,23.5,0.0,-0.3,-20.8,-0.0,1388,2375,0,-2,-1
1500,214.08,28908,352.88,353.21,0.33,10.0,27.6,0.0,-0.0,-17.5,-0.0,1251,2237,0,-9,-3
1501,214.24,28906,352.86,353.13,0.27,4.1,22.5,0.0,-0.3,-18.1,-0.0,1226,2217,0,-4,-1
1502,214.33,28903,352.82,353.08,0.26,0.9,21.5,0.0,-0.3,-20.2,-0.0,1188,2178,0,-1,0
1503,214.50,28894,352.71,353.00,0.29,6.1,24.5,0.0,0.0,-18.4,-0.0,1076,2059,0,-6,0
1504,214.67,28888,352.64,352.91,0.28,4.5,23.5,0.0,-0.0,-19.0,-0.0,1001,1985,0,-4,0
1505,214.76,28887,352.62,352.87,0.24,1.1,20.5,0.0,-0.3,-19.0,-0.0,988,1980,0,-1,0
1506,214.93,28881,352.55,352.78,0.23,0.9,19.4,0.0,-0.1,-18.4,-0.0,913,1900,0,-1,0
1507,215.10,28874,352.47,352.70,0.23,2.6,19.4,0.0,-0.2,-16.6,-0.0,826,1819,0,-2,1
1508,215.18,28872,352.44,352.66,0.22,-0.9,18.4,0.0,-0.3,-19.0,-0.0,801,3839,0,1,0
1509,215.35,28870,352.42,352.58,0.16,-4.7,13.3,0.0,-0.5,-17.5,-0.0,776,3822,0,4,-2
1510,215.51,28862,352.32,352.49,0.17,-3.2,14.3,0.0,-0.2,-17.2,-0.0,676,3717,0,3,-2
1511,215.68,28856,352.25,352.41,0.16,-6.1,13.3,0.0,-0.4,-19.0,-0.0,601,3643,0,5,-4
1512,215.76,28853,352.21,352.37,0.16,-6.0,13.3,0.0,-0.3,-19.0,-0.0,563,3602,0,4,-4
1513,215.93,28850,352.17,352.28,0.11,-9.2,9.2,0.0,-0.3,-18.1,-0.0,526,3568,0,6,-6
1514,216.10,28847,352.14,352.20,0.06,-13.1,5.1,0.0,-0.4,-17.8,-0.0,488,3532,0,8,-10
1515,216.19,28844,352.10,352.16,0.06,-14.9,5.1,0.0,-0.4,-19.6,-0.0,451,3494,0,9,-12
1516,216.36,28841,352.06,352.07,0.01,-17.1,1.0,0.0,-0.5,-17.5,-0.0,413,3464,0,9,-14
1517,216.52,28835,351.99,351.99,0.00,-18.4,0.0,0.0,-0.5,-17.8,-0.0,338,3388,0,8,-16
1518,216.62,28833,351.97,351.94,-0.02,-23.3,-2.0,0.0,-0.5,-20.8,-0.0,313,3357,0,10,-20
1519,216.78,28829,351.92,351.86,-0.06,-24.0,-5.1,0.0,-0.4,-18.4,-0.0,263,3309,0,8,-22
1520,216.96,28826,351.88,351.77,-0.11,-28.7,-9.2,0.0,-0.5,-19.0,-0.0,226,3272,0,8,-27
1521,217.05,28823,351.84,351.72,-0.12,-30.3,-10.2,0.0,-0.5,-19.6,-0.0,188,3232,0,7,-29
1522,217.22,28816,351.76,351.64,-0.12,-28.2,-10.2,0.0,-0.4,-17.5,-0.0,101,3147,0,3,-27
1523,217.39,28811,351.70,351.55,-0.15,-30.4,-12.3,0.0,-0.3,-17.8,-0.0,38,3079,0,0,-29
1524,217.48,28808,351.66,351.51,-0.15,-32.2,-12.3,0.0,-0.3,-19.6,-0.0,1,3041,0,-1,-31
1525,217.65,28800,351.56,351.42,-0.13,-29.2,-11.2,0.0,-0.1,-17.8,-0.0,3997,2936,0,-6,-28
1526,217.82,28797,351.53,351.34,-0.18,-33.1,-15.3,0.0,-0.2,-17.5,-0.0,3959,2902,0,-8,-31
1527,217.91,28793,351.48,351.29,-0.18,-37.2,-15.3,0.0,-0.2,-21.7,-0.0,3909,2846,0,-12,-34
1528,218.08,28787,351.40,351.21,-0.20,-34.1,-16.4,0.0,-0.2,-17.5,-0.0,3834,2776,0,-14,-30
1529,218.25,28782,351.34,351.12,-0.22,-37.8,-18.4,0.0,-0.3,-19.0,-0.0,3772,2716,0,-19,-31
1530,218.34,28779,351.31,351.08,-0.23,-38.8,-19.4,0.0,-0.4,-19.0,-0.0,3734,2678,0,-21,-31
1531,218.51,28767,351.16,350.99,-0.17,-33.0,-14.3,0.0,0.0,-18.7,-0.0,3584,2516,0,-24,-21
1532,218.68,28764,351.12,350.91,-0.21,-35.9,-17.4,0.0,-0.0,-18.4,-0.0,3547,2484,0,-27,-22
1533,218.76,28761,351.09,350.87,-0.22,-37.5,-18.4,0.0,-0.1,-19.0,-0.0,3509,2445,0,-30,-21
1534,218.93,28756,351.03,350.79,-0.24,-38.1,-20.5,0.0,-0.1,-17.5,-0.0,3447,2386,0,-32,-18
1535,219.10,28744,350.88,350.70,-0.18,-33.7,-15.3,0.0,0.0,-18.4,-0.0,3297,2230,0,-31,-9
1536,219.19,28743,350.87,350.65,-0.21,-36.8,-17.4,0.0,-0.1,-19.3,-0.0,3284,2223,0,-34,-9
1537,219.36,28737,350.79,350.57,-0.22,-36.0,-18.4,0.0,-0.0,-17.5,-0.0,3209,2147,0,-34,-5
1538,219.53,28727,350.67,350.48,-0.20,-35.2,-16.4,0.0,0.1,-19.0,-0.0,3084,2011,0,-34,2
1539,219.62,28721,350.60,350.44,-0.16,-32.9,-13.3,0.0,0.3,-19.9,-0.0,3009,1930,0,-31,6
1540,219.79,28710,350.46,350.35,-0.11,-27.4,-9.2,0.0,0.3,-18.4,-0.0,2872,1798,0,-25,10
1541,219.97,28701,350.35,350.26,-0.09,-26.2,-7.2,0.0,0.5,-19.6,-0.0,2759,1672,0,-21,14
1542,220.05,28699,350.33,350.22,-0.11,-27.8,-9.2,0.0,0.4,-19.0,-0.0,2734,1653,0,-22,15
1543,220.23,28690,350.22,350.14,-0.09,-25.5,-7.2,0.0,0.4,-18.7,-0.0,2622,1543,0,-18,17
1544,220.39,28682,350.12,350.05,-0.07,-24.0,-6.1,0.0,0.3,-18.1,-0.0,2522,1449,0,-14,18
1545,220.48,28677,350.06,350.01,-0.05,-22.6,-4.1,0.0,0.2,-18.7,-0.0,2459,1386,0,-12,19
1546,220.65,28666,349.93,349.92,0.00,-18.1,0.0,0.0,0.3,-18.4,-0.0,2322,1246,0,-6,17
1547,220.82,28654,349.78,349.84,0.06,-12.4,5.1,0.0,0.6,-18.1,-0.0,2172,1088,0,-1,12
1548,220.91,28651,349.74,349.79,0.05,-16.2,4.1,0.0,0.5,-20.8,-0.0,2134,1046,0,-1,16
1549,221.09,28644,349.66,349.71,0.05,-13.6,4.1,0.0,0.4,-18.1,-0.0,2047,969,0,1,13
1550,221.17,28637,349.57,349.66,0.09,-11.4,7.2,0.0,0.5,-19.0,-0.0,1959,875,0,2,11
1551,221.34,28630,349.49,349.58,0.09,-10.1,7.2,0.0,0.3,-17.5,-0.0,1872,798,0,3,9
1552,221.52,28617,349.33,349.49,0.16,-5.4,13.3,0.0,0.4,-19.0,-0.0,1709,630,0,3,4
1553,221.60,28611,349.26,349.45,0.20,-2.4,16.4,0.0,0.5,-19.3,-0.0,1634,548,0,2,2
1554,221.77,28604,349.17,349.36,0.20,-1.8,16.4,0.0,0.5,-18.7,-0.0,1547,464,0,1,1
1555,221.95,28599,349.11,349.28,0.17,-5.0,14.3,0.0,0.3,-19.6,-0.0,1484,406,0,4,3
1556,222.03,28593,349.04,349.23,0.20,-2.3,16.4,0.0,0.4,-19.0,-0.0,1409,329,0,2,1
1557,222.20,28584,348.93,349.15,0.22,-0.1,18.4,0.0,0.2,-18.7,-0.0,1297,224,0,0,0
1558,222.37,28577,348.84,349.06,0.22,0.7,18.4,0.0,0.1,-17.8,-0.0,1209,2188,0,-1,0
1559,222.53,28568,348.73,348.98,0.26,4.0,21.5,0.0,0.3,-17.8,-0.0,1097,2072,0,-4,0
1560,222.62,28566,348.71,348.94,0.23,-0.9,19.4,0.0,0.2,-20.5,-0.0,1072,4089,0,1,0
1561,222.79,28556,348.58,348.85,0.27,4.3,22.5,0.0,0.2,-18.4,-0.0,947,1923,0,-4,1
1562,222.89,28552,348.54,348.81,0.27,1.9,22.5,0.0,0.2,-20.8,-0.0,897,1867,0,-2,0
1563,223.05,28542,348.41,348.72,0.31,7.7,25.6,0.0,0.3,-18.1,-0.0,772,1745,0,-7,3
1564,223.22,28537,348.35,348.64,0.28,5.5,23.5,0.0,0.1,-18.1,-0.0,709,1688,0,-5,3
1565,223.31,28534,348.32,348.59,0.28,3.8,23.5,0.0,0.2,-19.9,-0.0,672,1645,0,-3,2
1566,223.47,28529,348.25,348.51,0.26,3.3,21.5,0.0,-0.0,-18.1,-0.0,609,1594,0,-2,2
1567,223.64,28522,348.17,348.43,0.26,4.7,21.5,0.0,-0.1,-16.6,-0.0,522,1512,0,-3,3
1568,223.81,28515,348.08,348.35,0.27,4.8,22.5,0.0,-0.2,-17.5,-0.0,434,1425,0,-3,4
1569,223.89,28513,348.06,348.30,0.24,0.7,20.5,0.0,-0.1,-19.6,-0.0,409,1395,0,0,1
1570,224.06,28505,347.96,348.22,0.26,3.9,21.5,0.0,-0.0,-17.5,-0.0,309,1296,0,-2,3
1571,224.23,28498,347.88,348.13,0.26,2.4,21.5,0.0,-0.0,-19.0,-0.0,222,1206,0,-1,2
1572,224.32,28494,347.83,348.09,0.26,2.2,21.5,0.0,0.0,-19.3,-0.0,172,1153,0,0,2
1573,224.49,28489,347.77,348.01,0.24,2.5,20.5,0.0,-0.1,-17.8,-0.0,109,1096,0,0,2
1574,224.64,28485,347.72,347.93,0.21,-0.3,17.4,0.0,-0.1,-17.5,-0.0,59,3096,0,0,0
1575,224.81,28481,347.67,347.84,0.17,-3.5,14.3,0.0,-0.3,-17.5,-0.0,9,3050,0,0,-3
1576,224.89,28479,347.64,347.81,0.16,-4.3,13.3,0.0,-0.4,-17.2,-0.0,4080,3028,0,0,-4
1577,225.06,28472,347.56,347.72,0.16,-5.5,13.3,0.0,-0.4,-18.4,-0.0,3993,2939,0,-1,-5
1578,225.21,28467,347.50,347.64,0.15,-5.3,12.3,0.0,-0.3,-17.2,-0.0,3930,2877,0,-1,-5
1579,225.37,28462,347.44,347.56,0.12,-7.6,10.2,0.0,-0.3,-17.5,-0.0,3868,2813,0,-3,-7
1580,225.46,28461,347.42,347.52,0.10,-11.1,8.2,0.0,-0.3,-19.0,-0.0,3855,2799,0,-4,-10
1581,225.63,28454,347.34,347.44,0.10,-9.6,8.2,0.0,-0.3,-17.5,-0.0,3768,2713,0,-5,-8
1582,225.80,28450,347.29,347.35,0.06,-13.7,5.1,0.0,-0.4,-18.4,-0.0,3718,2665,0,-8,-11
1583,225.88,28446,347.24,347.31,0.07,-13.5,6.1,0.0,-0.3,-19.3,-0.0,3668,2611,0,-8,-10
1584,226.05,28441,347.18,347.22,0.05,-14.0,4.1,0.0,-0.3,-17.8,-0.0,3605,2551,0,-10,-9
1585,226.22,28440,347.17,347.14,-0.02,-21.5,-2.0,0.0,-0.4,-19.0,-0.0,3593,2541,0,-15,-14
1586,226.31,28438,347.14,347.10,-0.05,-23.7,-4.1,0.0,-0.5,-19.0,-0.0,3568,2519,0,-17,-15
1587,226.47,28430,347.05,347.01,-0.04,-21.3,-3.1,0.0,-0.4,-17.8,-0.0,3468,2415,0,-17,-11
1588,226.64,28427,347.01,346.93,-0.09,-25.2,-7.2,0.0,-0.5,-17.5,-0.0,3430,2383,0,-21,-12
1589,226.82,28421,346.94,346.84,-0.10,-27.9,-8.2,0.0,-0.4,-19.3,-0.0,3355,2300,0,-25,-10
1590,226.91,28418,346.90,346.79,-0.11,-30.6,-9.2,0.0,-0.3,-21.1,-0.0,3318,2257,0,-28,-9
1591,227.08,28414,346.85,346.71,-0.15,-30.2,-12.3,0.0,-0.4,-17.5,-0.0,3268,2217,0,-28,-8
1592,227.25,28406,346.75,346.63,-0.12,-29.5,-10.2,0.0,-0.2,-19.0,-0.0,3168,2110,0,-28,-3
1593,227.33,28406,346.75,346.58,-0.17,-33.4,-14.3,0.0,-0.3,-18.7,-0.0,3168,2113,0,-32,-3
1594,227.49,28403,346.72,346.50,-0.22,-36.4,-18.4,0.0,-0.5,-17.5,-0.0,3130,2080,0,-35,-2
1595,227.67,28395,346.62,346.42,-0.21,-36.4,-17.4,0.0,-0.3,-18.7,-0.0,3030,1974,0,-35,4
1596,227.75,28390,346.56,346.37,-0.18,-34.2,-15.3,0.0,-0.1,-18.7,-0.0,2968,1907,0,-32,7
1597,227.93,28389,346.55,346.28,-0.26,-40.4,-21.5,0.0,-0.5,-18.4,-0.0,2955,1906,0,-38,8
1598,228.09,28381,346.45,346.20,-0.24,-38.8,-20.5,0.0,-0.2,-18.1,-0.0,2855,1796,0,-35,14
1599,228.19,28377,346.40,346.16,-0.24,-40.8,-20.5,0.0,-0.1,-20.2,-0.0,2805,1739,0,-35,18
1600,228.35,28371,346.33,346.07,-0.26,-39.2,-21.5,0.0,-0.2,-17.5,-0.0,2730,1672,0,-32,21
1601,228.52,28363,346.23,345.99,-0.23,-37.0,-19.4,0.0,-0.0,-17.5,-0.0,2630,1569,0,-27,24
1602,228.61,28360,346.19,345.94,-0.24,-41.2,-20.5,0.0,0.0,-20.8,-0.0,2593,1521,0,-28,29
1603,228.77,28353,346.11,345.86,-0.24,-38.9,-20.5,0.0,0.0,-18.4,-0.0,2505,1440,0,-22,30
1604,228.94,28345,346.01,345.78,-0.23,-38.4,-19.4,0.0,0.1,-19.0,-0.0,2405,1335,0,-17,33
1605,229.03,28338,345.92,345.73,-0.20,-35.8,-16.4,0.0,0.2,-19.6,-0.0,2318,1242,0,-11,33
1606,229.21,28330,345.83,345.65,-0.18,-34.5,-15.3,0.0,0.2,-19.3,-0.0,2218,1143,0,-6,33
1607,229.37,28323,345.74,345.56,-0.18,-33.6,-15.3,0.0,0.2,-18.4,-0.0,2130,1057,0,-2,32
1608,229.46,28318,345.68,345.52,-0.16,-32.9,-13.3,0.0,0.3,-19.9,-0.0,2068,989,0,2,32
1609,229.63,28307,345.54,345.43,-0.11,-26.6,-9.2,0.0,0.4,-17.8,-0.0,1930,852,0,7,25
1610,229.81,28298,345.43,345.35,-0.09,-25.3,-7.2,0.0,0.3,-18.4,-0.0,1818,744,0,10,22
1611,229.90,28292,345.36,345.30,-0.06,-26.4,-5.1,0.0,0.4,-21.7,-0.0,1743,654,0,14,22
1612,230.07,28285,345.28,345.21,-0.06,-22.8,-5.1,0.0,0.4,-18.1,-0.0,1655,577,0,14,17
1613,230.16,28279,345.20,345.17,-0.04,-22.8,-3.1,0.0,0.4,-20.2,-0.0,1580,494,0,16,15
1614,230.32,28274,345.14,345.09,-0.05,-21.7,-4.1,0.0,0.2,-17.8,-0.0,1518,448,0,16,13
1615,230.49,28262,345.00,345.00,0.01,-16.5,1.0,0.0,0.4,-17.8,-0.0,1368,293,0,14,7
1616,230.66,28257,344.93,344.92,-0.01,-18.4,-1.0,0.0,0.2,-17.5,-0.0,1305,237,0,17,6
1617,230.75,28251,344.86,344.87,0.01,-18.9,1.0,0.0,0.3,-20.2,-0.0,1230,151,0,18,4
1618,230.93,28239,344.71,344.79,0.07,-11.8,6.1,0.0,0.4,-18.4,-0.0,1080,0,0,11,0
1619,231.10,28231,344.62,344.70,0.09,-10.9,7.2,0.0,0.4,-18.4,-0.0,980,3999,0,10,-2
1620,231.19,28224,344.53,344.65,0.12,-10.2,10.2,0.0,0.4,-20.8,-0.0,893,3903,0,9,-3
1621,231.36,28214,344.41,344.57,0.16,-4.2,13.3,0.0,0.6,-18.1,-0.0,768,3779,0,4,-2
1622,231.45,28209,344.35,344.52,0.17,-5.6,14.3,0.0,0.6,-20.5,-0.0,705,3710,0,5,-3
1623,231.62,28201,344.25,344.44,0.20,-0.7,16.4,0.0,0.4,-17.5,-0.0,605,3624,0,1,0
1624,231.79,28191,344.13,344.36,0.23,2.4,19.4,0.0,0.5,-17.5,-0.0,480,1448,0,-1,2
1625,231.88,28188,344.09,344.31,0.22,-3.2,18.4,0.0,0.4,-22.0,-0.0,443,3452,0,2,-3
1626,232.05,28179,343.98,344.22,0.24,2.3,20.5,0.0,0.3,-18.4,-0.0,330,1303,0,-1,2
1627,232.22,28168,343.85,344.14,0.29,6.8,24.5,0.0,0.4,-18.1,-0.0,193,1163,0,-1,6
1628,232.30,28165,343.81,344.10,0.28,4.8,23.5,0.0,0.3,-19.0,-0.0,155,1125,0,-1,5
1629,232.47,28161,343.76,344.01,0.26,4.0,21.5,0.0,0.1,-17.5,-0.0,105,1087,0,0,4
1630,232.64,28152,343.65,343.93,0.28,5.9,23.5,0.0,0.2,-17.8,-0.0,4089,972,0,0,6
1631,232.81,28145,343.57,343.84,0.28,4.5,23.5,0.0,0.0,-19.0,-0.0,4001,886,0,1,4
1632,232.89,28141,343.52,343.80,0.28,6.2,23.5,0.0,-0.0,-17.2,-0.0,3951,841,0,2,6
1633,233.06,28134,343.43,343.72,0.28,5.5,23.5,0.0,0.1,-18.1,-0.0,3864,746,0,2,5
1634,233.23,28124,343.31,343.63,0.32,9.3,26.6,0.0,0.2,-17.5,-0.0,3739,620,0,5,7
1635,233.32,28121,343.27,343.59,0.32,7.1,26.6,0.0,0.1,-19.6,-0.0,3701,580,0,4,5
1636,233.49,28113,343.18,343.50,0.33,9.1,27.6,0.0,0.2,-18.7,-0.0,3601,481,0,6,6
1637,233.66,28112,343.16,343.42,0.26,3.6,21.5,0.0,-0.1,-17.8,-0.0,3589,480,0,3,2
1638,233.75,28106,343.09,343.37,0.28,3.3,23.5,0.0,0.0,-20.2,-0.0,3514,397,0,3,2
1639,233.91,28101,343.03,343.29,0.26,1.9,21.5,0.0,-0.2,-19.3,-0.0,3451,343,0,2,1
1640,234.08,28095,342.96,343.21,0.26,3.2,21.5,0.0,-0.1,-18.1,-0.0,3376,269,0,3,1
1641,234.17,28091,342.91,343.16,0.26,1.3,21.5,0.0,-0.3,-19.9,-0.0,3326,219,0,1,0
1642,234.33,28087,342.86,343.08,0.22,1.3,18.4,0.0,-0.1,-17.0,-0.0,3276,170,0,1,0
1643,234.51,28081,342.79,342.99,0.21,-2.5,17.4,0.0,-0.2,-19.6,-0.0,3201,2141,0,-2,0
1644,234.59,28076,342.72,342.96,0.23,1.8,19.4,0.0,-0.1,-17.5,-0.0,3139,31,0,2,0
1645,234.76,28070,342.65,342.87,0.22,-1.0,18.4,0.0,-0.1,-19.3,-0.0,3064,2001,0,-1,0
1646,234.93,28065,342.59,342.78,0.20,-2.0,16.4,0.0,-0.2,-18.1,-0.0,3001,1945,0,-2,0
1647,235.02,28064,342.58,342.74,0.16,-6.0,13.3,0.0,-0.2,-19.0,-0.0,2989,1930,0,-6,1
1648,235.19,28058,342.50,342.65,0.15,-6.4,12.3,0.0,-0.2,-18.4,-0.0,2914,1856,0,-6,2
1649,235.35,28052,342.43,342.57,0.15,-5.4,12.3,0.0,-0.4,-17.2,-0.0,2839,1790,0,-5,2
1650,235.52,28048,342.38,342.49,0.11,-9.9,9.2,0.0,-0.4,-18.7,-0.0,2789,1736,0,-9,4
1651,235.60,28047,342.37,342.45,0.07,-13.6,6.1,0.0,-0.5,-19.3,-0.0,2776,1723,0,-12,6
1652,235.77,28046,342.36,342.37,0.01,-17.1,1.0,0.0,-0.6,-17.5,-0.0,2764,1720,0,-15,8
1653,235.93,28039,342.27,342.28,0.01,-17.4,1.0,0.0,-0.6,-17.8,-0.0,2676,1630,0,-13,10
1654,236.02,28036,342.24,342.24,0.00,-19.3,0.0,0.0,-0.6,-18.7,-0.0,2639,1590,0,-14,12
1655,236.19,28030,342.16,342.15,-0.01,-20.5,-1.0,0.0,-0.5,-19.0,-0.0,2564,1512,0,-14,15
1656,236.36,28024,342.09,342.07,-0.02,-20.8,-2.0,0.0,-0.3,-18.4,-0.0,2489,1432,0,-12,16
1657,236.45,28020,342.04,342.02,-0.01,-21.9,-1.0,0.0,-0.1,-20.8,-0.0,2439,1372,0,-11,18
1658,236.62,28017,342.00,341.94,-0.06,-23.8,-5.1,0.0,-0.3,-18.4,-0.0,2401,1345,0,-11,20
1659,236.80,28011,341.93,341.85,-0.09,-26.2,-7.2,0.0,-0.3,-18.7,-0.0,2326,1269,0,-9,24
1660,236.88,28009,341.91,341.81,-0.10,-28.7,-8.2,0.0,-0.3,-20.2,-0.0,2301,1244,0,-9,26
1661,237.05,28004,341.85,341.72,-0.12,-28.4,-10.2,0.0,-0.4,-17.8,-0.0,2239,1187,0,-7,27
1662,237.22,28000,341.80,341.64,-0.16,-31.2,-13.3,0.0,-0.4,-17.5,-0.0,2189,1137,0,-5,30
1663,237.31,27995,341.74,341.59,-0.15,-32.5,-12.3,0.0,-0.3,-19.9,-0.0,2126,1067,0,-2,31
1664,237.48,27993,341.71,341.51,-0.21,-36.6,-17.4,0.0,-0.4,-18.7,-0.0,2101,1050,0,-1,35
1665,237.65,27984,341.60,341.42,-0.18,-33.4,-15.3,0.0,-0.3,-17.8,-0.0,1989,934,0,4,32
1666,237.74,27983,341.59,341.38,-0.21,-36.7,-17.4,0.0,-0.3,-19.0,-0.0,1976,920,0,6,35
1667,237.91,27976,341.50,341.29,-0.21,-36.3,-17.4,0.0,-0.2,-18.7,-0.0,1889,829,0,10,34
1668,238.08,27970,341.43,341.21,-0.22,-37.7,-18.4,0.0,-0.2,-19.0,-0.0,1814,755,0,15,33
1669,238.17,27967,341.39,341.16,-0.23,-39.2,-19.4,0.0,-0.1,-19.6,-0.0,1776,711,0,18,34
1670,238.34,27958,341.28,341.08,-0.21,-35.3,-17.4,0.0,-0.1,-17.8,-0.0,1664,603,0,21,27
1671,238.43,27954,341.24,341.03,-0.21,-38.8,-17.4,0.0,0.0,-21.4,-0.0,1614,541,0,25,28
1672,238.60,27948,341.16,340.95,-0.21,-35.5,-17.4,0.0,0.0,-18.1,-0.0,1539,475,0,26,23
1673,238.77,27941,341.08,340.86,-0.22,-37.1,-18.4,0.0,0.0,-18.7,-0.0,1451,384,0,30,20
1674,238.94,27933,340.98,340.78,-0.20,-34.4,-16.4,0.0,0.1,-18.1,-0.0,1351,283,0,30,14
1675,239.03,27929,340.93,340.74,-0.20,-35.3,-16.4,0.0,0.0,-19.0,-0.0,1301,233,0,32,12
1676,239.19,27921,340.83,340.65,-0.18,-33.1,-15.3,0.0,0.0,-17.8,-0.0,1201,135,0,31,7
1677,239.37,27913,340.73,340.56,-0.17,-33.2,-14.3,0.0,0.1,-19.0,-0.0,1101,29,0,32,1
1678,239.45,27910,340.70,340.52,-0.17,-33.2,-14.3,0.0,0.2,-19.0,-0.0,1064,4088,0,32,0
1679,239.62,27900,340.58,340.44,-0.13,-28.9,-11.2,0.0,0.2,-17.8,-0.0,939,3964,0,27,-6
1680,239.80,27894,340.50,340.35,-0.15,-30.7,-12.3,0.0,0.3,-18.7,-0.0,864,3886,0,28,-9
1681,239.88,27887,340.42,340.31,-0.11,-28.9,-9.2,0.0,0.3,-19.9,-0.0,776,3794,0,25,-12
1682,240.06,27879,340.32,340.22,-0.10,-26.6,-8.2,0.0,0.3,-18.7,-0.0,676,3697,0,21,-15
1683,240.15,27875,340.27,340.18,-0.10,-28.1,-8.2,0.0,0.3,-20.2,-0.0,626,3642,0,21,-17
1684,240.31,27863,340.12,340.09,-0.04,-20.2,-3.1,0.0,0.4,-17.5,-0.0,476,3497,0,12,-16
1685,240.48,27857,340.05,340.01,-0.04,-21.1,-3.1,0.0,0.4,-18.4,-0.0,401,3419,0,10,-18
1686,240.65,27846,339.92,339.92,0.01,-16.7,1.0,0.0,0.4,-18.1,-0.0,264,3283,0,5,-15
1687,240.74,27841,339.86,339.88,0.02,-17.7,2.0,0.0,0.4,-20.2,-0.0,201,3212,0,4,-17
1688,240.91,27832,339.75,339.79,0.05,-13.6,4.1,0.0,0.4,-18.1,-0.0,89,3107,0,1,-13
1689,241.01,27827,339.69,339.75,0.06,-14.1,5.1,0.0,0.4,-19.6,-0.0,26,3042,0,-1,-14
1690,241.17,27817,339.56,339.66,0.10,-8.9,8.2,0.0,0.5,-17.5,-0.0,3997,2918,0,-2,-8
1691,241.35,27805,339.42,339.57,0.16,-5.2,13.3,0.0,0.5,-19.0,-0.0,3847,2762,0,-2,-4
1692,241.43,27800,339.36,339.53,0.17,-4.2,14.3,0.0,0.5,-19.0,-0.0,3785,2699,0,-2,-3
1693,241.60,27792,339.26,339.45,0.20,-0.6,16.4,0.0,0.5,-17.5,-0.0,3685,2605,0,0,0
1694,241.77,27786,339.18,339.36,0.18,-3.9,15.3,0.0,0.4,-19.6,-0.0,3610,2529,0,-3,-3
1695,241.93,27775,339.05,339.28,0.23,2.3,19.4,0.0,0.4,-17.5,-0.0,3472,349,0,2,1
1696,242.02,27768,338.96,339.24,0.27,3.3,22.5,0.0,0.4,-19.6,-0.0,3385,254,0,3,1
1697,242.20,27761,338.88,339.15,0.27,4.4,22.5,0.0,0.3,-18.4,-0.0,3297,173,0,4,1
1698,242.36,27755,338.81,339.07,0.27,5.2,22.5,0.0,0.3,-17.5,-0.0,3222,103,0,5,1
1699,242.45,27749,338.73,339.02,0.29,5.0,24.5,0.0,0.4,-19.9,-0.0,3147,15,0,5,0
1700,242.62,27740,338.62,338.94,0.32,8.5,26.6,0.0,0.3,-18.4,-0.0,3035,4007,0,8,-1
1701,242.79,27736,338.57,338.85,0.28,4.8,23.5,0.0,0.0,-18.7,-0.0,2985,3965,0,5,-1
1702,242.87,27732,338.53,338.81,0.29,7.4,24.5,0.0,0.1,-17.2,-0.0,2935,3918,0,7,-2
1703,243.03,27723,338.42,338.73,0.32,9.5,26.6,0.0,0.2,-17.2,-0.0,2822,3801,0,8,-4
1704,243.20,27716,338.33,338.65,0.32,9.1,26.6,0.0,0.0,-17.5,-0.0,2735,3720,0,7,-5
1705,243.29,27711,338.27,338.60,0.33,8.0,27.6,0.0,0.0,-19.6,-0.0,2672,3650,0,6,-5
1706,243.46,27706,338.21,338.52,0.31,8.1,25.6,0.0,0.1,-17.5,-0.0,2610,3591,0,6,-6
1707,243.63,27697,338.10,338.43,0.34,10.1,28.6,0.0,0.2,-18.7,-0.0,2497,3474,0,6,-8
1708,243.72,27694,338.06,338.39,0.33,6.9,27.6,0.0,0.0,-20.8,-0.0,2460,3436,0,4,-6
1709,243.89,27688,337.99,338.30,0.32,7.3,26.6,0.0,0.0,-19.3,-0.0,2385,3366,0,3,-6
1710,244.06,27681,337.90,338.22,0.32,8.8,26.6,0.0,0.0,-17.8,-0.0,2297,3281,0,3,-8
1711,244.15,27680,337.89,338.18,0.28,5.0,23.5,0.0,-0.1,-18.4,-0.0,2285,3271,0,1,-5
1712,244.32,27674,337.82,338.09,0.27,4.4,22.5,0.0,-0.3,-17.8,-0.0,2210,3201,0,1,-4
1713,244.47,27669,337.76,338.01,0.26,3.5,21.5,0.0,-0.2,-17.8,-0.0,2147,3137,0,0,-3
1714,244.64,27661,337.66,337.93,0.27,5.0,22.5,0.0,-0.2,-17.2,-0.0,2047,3039,0,0,-5
1715,244.73,27656,337.60,337.88,0.28,2.9,23.5,0.0,-0.1,-20.5,-0.0,1985,2967,0,0,-3
1716,244.90,27654,337.57,337.80,0.22,-0.5,18.4,0.0,-0.2,-18.7,-0.0,1960,901,0,0,1
1717,245.07,27648,337.50,337.72,0.22,1.3,18.4,0.0,-0.1,-17.0,-0.0,1885,2876,0,0,-1
1718,245.15,27647,337.49,337.67,0.18,-4.0,15.3,0.0,-0.3,-19.0,-0.0,1872,814,0,1,4
1719,245.31,27641,337.41,337.59,0.18,-1.9,15.3,0.0,-0.3,-17.0,-0.0,1797,746,0,1,2
1720,245.48,27637,337.37,337.51,0.15,-6.8,12.3,0.0,-0.4,-18.7,-0.0,1747,694,0,3,6
1721,245.57,27633,337.32,337.46,0.15,-7.0,12.3,0.0,-0.3,-19.0,-0.0,1697,640,0,4,6
1722,245.74,27629,337.27,337.38,0.11,-9.9,9.2,0.0,-0.4,-18.7,-0.0,1647,594,0,6,8
1723,245.91,27624,337.21,337.29,0.09,-12.5,7.2,0.0,-0.3,-19.3,-0.0,1585,528,0,8,9
1724,246.01,27621,337.17,337.25,0.07,-14.2,6.1,0.0,-0.4,-19.9,-0.0,1547,491,0,10,9
1725,246.17,27616,337.11,337.16,0.05,-14.1,4.1,0.0,-0.4,-17.8,-0.0,1485,431,0,11,8
1726,246.33,27613,337.07,337.08,0.01,-16.9,1.0,0.0,-0.4,-17.5,-0.0,1447,396,0,13,9
1727,246.50,27610,337.04,337.00,-0.04,-21.7,-3.1,0.0,-0.5,-18.1,-0.0,1410,362,0,18,11
1728,246.58,27610,337.04,336.96,-0.07,-25.8,-6.1,0.0,-0.6,-19.0,-0.0,1410,364,0,21,13
1729,246.75,27602,336.94,336.87,-0.06,-24.3,-5.1,0.0,-0.5,-18.7,-0.0,1310,261,0,22,9
1730,246.93,27598,336.89,336.79,-0.11,-27.9,-9.2,0.0,-0.5,-18.1,-0.0,1260,212,0,26,9
1731,247.02,27595,336.85,336.74,-0.11,-30.2,-9.2,0.0,-0.4,-20.5,-0.0,1222,169,0,28,7
1732,247.19,27590,336.79,336.66,-0.13,-30.0,-11.2,0.0,-0.4,-18.4,-0.0,1160,107,0,29,5
1733,247.36,27587,336.76,336.57,-0.18,-34.5,-15.3,0.0,-0.4,-18.7,-0.0,1122,71,0,33,4
1734,247.45,27583,336.71,336.53,-0.18,-34.8,-15.3,0.0,-0.4,-19.0,-0.0,1072,20,0,34,1
1735,247.62,27580,336.67,336.44,-0.23,-37.4,-19.4,0.0,-0.4,-17.5,-0.0,1035,4082,0,36,-1
1736,247.71,27577,336.63,336.39,-0.24,-42.1,-20.5,0.0,-0.5,-21.1,-0.0,997,4039,0,41,-4
1737,247.88,27571,336.56,336.31,-0.26,-40.9,-21.5,0.0,-0.4,-19.0,-0.0,922,3965,0,39,-8
1738,248.05,27567,336.51,336.22,-0.29,-42.8,-24.5,0.0,-0.4,-17.8,-0.0,872,3916,0,40,-11
1739,248.14,27566,336.50,336.18,-0.32,-46.4,-26.6,0.0,-0.5,-19.3,-0.0,860,3906,0,43,-13
1740,248.30,27557,336.39,336.10,-0.29,-42.6,-24.5,0.0,-0.2,-17.8,-0.0,747,3786,0,37,-19
1741,248.47,27550,336.30,336.01,-0.29,-42.2,-24.5,0.0,-0.1,-17.5,-0.0,660,3696,0,33,-24
1742,248.64,27544,336.23,335.93,-0.31,-44.4,-25.6,0.0,-0.1,-18.7,-0.0,585,3619,0,32,-29
1743,248.73,27540,336.18,335.88,-0.31,-45.5,-25.6,0.0,-0.0,-19.9,-0.0,535,3564,0,30,-32
1744,248.91,27533,336.10,335.80,-0.31,-44.6,-25.6,0.0,0.0,-19.0,-0.0,447,3476,0,25,-35
1745,249.00,27528,336.04,335.75,-0.28,-44.3,-23.5,0.0,0.0,-20.8,-0.0,385,3410,0,21,-37
1746,249.17,27521,335.95,335.67,-0.28,-41.6,-23.5,0.0,0.0,-18.1,-0.0,297,3328,0,15,-37
1747,249.34,27512,335.84,335.58,-0.26,-39.2,-21.5,0.0,0.2,-17.8,-0.0,185,3212,0,8,-37
1748,249.42,27505,335.75,335.54,-0.22,-37.1,-18.4,0.0,0.3,-19.0,-0.0,97,3116,0,2,-36
1749,249.59,27497,335.66,335.45,-0.21,-34.6,-17.4,0.0,0.4,-17.5,-0.0,4093,3018,0,-3,-33
1750,249.76,27488,335.55,335.37,-0.18,-32.6,-15.3,0.0,0.3,-17.5,-0.0,3981,2907,0,-8,-31
1751,249.85,27484,335.50,335.33,-0.17,-32.9,-14.3,0.0,0.4,-19.0,-0.0,3931,2850,0,-11,-30
1752,250.02,27477,335.41,335.24,-0.17,-33.0,-14.3,0.0,0.3,-19.0,-0.0,3843,2765,0,-15,-29
1753,250.19,27464,335.25,335.16,-0.10,-25.4,-8.2,0.0,0.4,-17.5,-0.0,3681,2606,0,-16,-19
1754,250.28,27459,335.19,335.11,-0.09,-26.6,-7.2,0.0,0.4,-19.9,-0.0,3618,2534,0,-19,-18
1755,250.45,27452,335.11,335.03,-0.09,-24.9,-7.2,0.0,0.4,-18.1,-0.0,3531,2455,0,-20,-14
1756,250.62,27442,334.99,334.94,-0.05,-22.3,-4.1,0.0,0.5,-18.7,-0.0,3406,2324,0,-20,-9
1757,250.71,27434,334.89,334.89,0.01,-18.2,1.0,0.0,0.7,-19.9,-0.0,3306,2214,0,-17,-4
1758,250.89,27426,334.79,334.81,0.01,-18.2,1.0,0.0,0.4,-19.6,-0.0,3206,2123,0,-18,-2
1759,251.05,27414,334.64,334.72,0.07,-10.9,6.1,0.0,0.5,-17.5,-0.0,3056,1975,0,-10,1
1760,251.14,27407,334.56,334.68,0.12,-8.9,10.2,0.0,0.7,-19.9,-0.0,2968,1874,0,-8,2
1761,251.32,27398,334.45,334.59,0.15,-5.5,12.3,0.0,0.7,-18.4,-0.0,2856,1768,0,-5,2
1762,251.49,27389,334.34,334.51,0.17,-3.6,14.3,0.0,0.5,-18.4,-0.0,2743,1661,0,-3,2
1763,251.58,27383,334.27,334.46,0.20,-2.3,16.4,0.0,0.7,-19.3,-0.0,2668,1578,0,-2,1
1764,251.74,27372,334.13,334.38,0.24,3.5,20.5,0.0,0.6,-17.5,-0.0,2531,3496,0,2,-3
1765,251.92,27360,333.98,334.29,0.31,7.1,25.6,0.0,0.6,-19.0,-0.0,2381,3343,0,3,-6
1766,252.01,27356,333.94,334.25,0.31,6.8,25.6,0.0,0.6,-19.3,-0.0,2331,3291,0,2,-6
1767,252.17,27348,333.84,334.16,0.33,10.7,27.6,0.0,0.6,-17.5,-0.0,2231,3198,0,2,-10
1768,252.35,27339,333.73,334.07,0.34,10.0,28.6,0.0,0.4,-19.0,-0.0,2118,3086,0,0,-10
1769,252.43,27336,333.69,334.03,0.34,10.0,28.6,0.0,0.4,-19.0,-0.0,2081,3051,0,0,-10
1770,252.60,27327,333.58,333.95,0.37,12.2,30.7,0.0,0.2,-18.7,-0.0,1968,2942,0,-2,-12
1771,252.76,27319,333.48,333.87,0.39,14.5,32.7,0.0,0.2,-18.4,-0.0,1868,2844,0,-5,-13
1772,252.85,27313,333.41,333.82,0.42,14.9,34.8,0.0,0.3,-20.2,-0.0,1793,2760,0,-7,-13
1773,253.01,27308,333.35,333.74,0.39,14.8,32.7,0.0,0.2,-18.1,-0.0,1731,2709,0,-8,-12
1774,253.18,27300,333.25,333.66,0.40,15.5,33.8,0.0,0.1,-18.4,-0.0,1631,2609,0,-10,-11
1775,253.27,27296,333.20,333.61,0.40,13.4,33.8,0.0,0.1,-20.5,-0.0,1581,2553,0,-9,-9
1776,253.44,27290,333.13,333.53,0.40,16.3,33.8,0.0,0.0,-17.5,-0.0,1506,2489,0,-12,-10
1777,253.62,27285,333.07,333.44,0.37,10.9,30.7,0.0,-0.1,-19.6,-0.0,1443,2428,0,-9,-6
1778,253.70,27282,333.03,333.40,0.37,11.3,30.7,0.0,-0.1,-19.3,-0.0,1406,2390,0,-9,-5
1779,253.88,27272,332.91,333.31,0.40,14.1,33.8,0.0,0.0,-19.6,-0.0,1281,2262,0,-13,-4
1780,254.05,27267,332.85,333.22,0.38,13.7,31.7,0.0,-0.2,-17.8,-0.0,1218,2208,0,-13,-3
1781,254.14,27264,332.81,333.18,0.37,10.6,30.7,0.0,-0.1,-19.9,-0.0,1181,2164,0,-10,-2
1782,254.31,27259,332.75,333.09,0.34,9.2,28.6,0.0,-0.1,-19.3,-0.0,1118,2102,0,-9,-1
1783,254.48,27253,332.68,333.01,0.33,9.2,27.6,0.0,-0.3,-18.1,-0.0,1043,2035,0,-9,0
1784,254.57,27251,332.65,332.96,0.31,5.0,25.6,0.0,-0.4,-20.2,-0.0,1018,2008,0,-5,0
1785,254.74,27244,332.57,332.88,0.31,7.2,25.6,0.0,-0.3,-18.1,-0.0,931,1922,0,-7,1
1786,254.91,27242,332.54,332.79,0.24,0.7,20.5,0.0,-0.4,-19.3,-0.0,906,1901,0,-1,0
1787,255.00,27240,332.52,332.75,0.23,-0.9,19.4,0.0,-0.4,-19.9,-0.0,881,3923,0,1,0
1788,255.17,27237,332.48,332.66,0.18,-3.6,15.3,0.0,-0.5,-18.4,-0.0,843,3892,0,3,-1
1789,255.34,27228,332.37,332.58,0.21,-0.5,17.4,0.0,-0.4,-17.5,-0.0,731,3775,0,0,0
1790,255.43,27228,332.37,332.53,0.16,-7.2,13.3,0.0,-0.5,-19.9,-0.0,731,3778,0,6,-3
1791,255.59,27224,332.32,332.45,0.13,-6.4,11.2,0.0,-0.4,-17.2,-0.0,681,3728,0,5,-3
1792,255.76,27217,332.24,332.37,0.13,-6.6,11.2,0.0,-0.3,-17.5,-0.0,593,3635,0,5,-4
1793,255.85,27216,332.23,332.33,0.10,-11.2,8.2,0.0,-0.3,-19.0,-0.0,581,3621,0,8,-7
1794,256.02,27213,332.19,332.24,0.05,-15.2,4.1,0.0,-0.6,-18.7,-0.0,543,3592,0,11,-10
1795,256.19,27204,332.08,332.16,0.07,-12.8,6.1,0.0,-0.2,-18.7,-0.0,431,3466,0,7,-10
1796,256.28,27202,332.06,332.11,0.05,-16.4,4.1,0.0,-0.3,-20.2,-0.0,406,3442,0,9,-13
1797,256.44,27202,332.06,332.03,-0.02,-20.2,-2.0,0.0,-0.6,-17.5,-0.0,406,3457,0,11,-16
1798,256.61,27197,331.99,331.94,-0.05,-23.6,-4.1,0.0,-0.4,-19.0,-0.0,343,3388,0,11,-20
1799,256.70,27197,331.99,331.90,-0.10,-28.6,-8.2,0.0,-0.5,-19.9,-0.0,343,3390,0,13,-25
1800,256.88,27193,331.95,331.81,-0.13,-31.3,-11.2,0.0,-0.8,-19.3,-0.0,293,3348,0,12,-28
1801,257.05,27188,331.88,331.72,-0.16,-31.5,-13.3,0.0,-0.6,-17.5,-0.0,231,3283,0,10,-29
1802,257.14,27185,331.85,331.68,-0.17,-34.8,-14.3,0.0,-0.5,-19.9,-0.0,193,3238,0,8,-33
1803,257.31,27183,331.82,331.59,-0.23,-37.9,-19.4,0.0,-0.7,-17.8,-0.0,168,3220,0,8,-36
1804,257.47,27178,331.76,331.51,-0.26,-39.8,-21.5,0.0,-0.5,-17.8,-0.0,106,3155,0,5,-38
1805,257.57,27175,331.73,331.47,-0.26,-41.8,-21.5,0.0,-0.4,-19.9,-0.0,68,3111,0,2,-40
1806,257.73,27167,331.63,331.38,-0.24,-38.3,-20.5,0.0,-0.3,-17.5,-0.0,4064,3011,0,-3,-37
1807,257.91,27163,331.58,331.29,-0.28,-43.4,-23.5,0.0,-0.3,-19.6,-0.0,4014,2955,0,-8,-41
1808,258.00,27159,331.53,331.25,-0.28,-43.3,-23.5,0.0,-0.2,-19.6,-0.0,3964,2903,0,-11,-41
1809,258.17,27152,331.45,331.17,-0.28,-42.0,-23.5,0.0,-0.1,-18.4,-0.0,3877,2815,0,-16,-38
1810,258.33,27143,331.34,331.08,-0.26,-40.0,-21.5,0.0,-0.0,-18.4,-0.0,3764,2700,0,-21,-33
1811,258.42,27140,331.30,331.04,-0.26,-41.2,-21.5,0.0,-0.0,-19.6,-0.0,3727,2661,0,-23,-32
1812,258.59,27134,331.23,330.95,-0.27,-41.2,-22.5,0.0,0.0,-18.7,-0.0,3652,2584,0,-27,-29
1813,258.76,27125,331.12,330.87,-0.24,-38.5,-20.5,0.0,0.1,-18.1,-0.0,3539,2470,0,-30,-22
1814,258.85,27121,331.07,330.82,-0.24,-39.7,-20.5,0.0,0.1,-19.3,-0.0,3489,2417,0,-32,-21
1815,259.02,27109,330.92,330.74,-0.18,-32.6,-15.3,0.0,0.3,-17.5,-0.0,3339,2268,0,-30,-10
1816,259.19,27105,330.87,330.65,-0.22,-37.2,-18.4,0.0,0.3,-19.0,-0.0,3289,2213,0,-35,-9
1817,259.28,27100,330.81,330.61,-0.21,-36.5,-17.4,0.0,0.2,-19.3,-0.0,3227,2151,0,-35,-6
1818,259.44,27095,330.75,330.53,-0.22,-35.9,-18.4,0.0,0.1,-17.5,-0.0,3164,2098,0,-35,-3
1819,259.62,27085,330.63,330.44,-0.18,-34.9,-15.3,0.0,0.1,-19.6,-0.0,3039,1969,0,-34,4
1820,259.70,27079,330.55,330.40,-0.16,-32.2,-13.3,0.0,0.1,-19.0,-0.0,2964,1894,0,-30,7
1821,259.88,27068,330.42,330.31,-0.11,-28.4,-9.2,0.0,0.4,-19.6,-0.0,2827,1745,0,-25,12
1822,260.05,27059,330.31,330.22,-0.09,-24.2,-7.2,0.0,0.4,-17.5,-0.0,2714,1637,0,-19,14
1823,260.13,27055,330.26,330.18,-0.09,-26.0,-7.2,0.0,0.5,-19.3,-0.0,2664,1579,0,-19,17
1824,260.31,27049,330.19,330.09,-0.10,-26.9,-8.2,0.0,0.3,-19.0,-0.0,2589,1511,0,-18,19
1825,260.48,27038,330.05,330.01,-0.05,-22.0,-4.1,0.0,0.3,-18.1,-0.0,2452,1378,0,-11,18
1826,260.57,27030,329.96,329.96,0.01,-18.8,1.0,0.0,0.4,-20.2,-0.0,2352,1267,0,-7,17
1827,260.74,27020,329.83,329.88,0.05,-13.3,4.1,0.0,0.5,-17.8,-0.0,2227,1148,0,-2,13
1828,260.83,27016,329.79,329.83,0.05,-15.9,4.1,0.0,0.5,-20.5,-0.0,2177,1090,0,-2,15
1829,261.00,27007,329.68,329.75,0.07,-11.1,6.1,0.0,0.6,-17.8,-0.0,2064,980,0,1,11
1830,261.17,26994,329.52,329.66,0.15,-5.1,12.3,0.0,0.7,-18.1,-0.0,1902,814,0,2,5
1831,261.34,26989,329.46,329.58,0.12,-7.3,10.2,0.0,0.3,-17.8,-0.0,1839,765,0,3,7
1832,261.43,26983,329.38,329.54,0.16,-5.9,13.3,0.0,0.4,-19.6,-0.0,1764,682,0,3,5
1833,261.60,26972,329.25,329.45,0.20,-2.8,16.4,0.0,0.5,-19.6,-0.0,1627,543,0,2,2
1834,261.76,26962,329.13,329.37,0.24,3.2,20.5,0.0,0.5,-17.8,-0.0,1502,2469,0,-2,-2
1835,261.85,26959,329.09,329.33,0.23,0.4,19.4,0.0,0.3,-19.3,-0.0,1464,2433,0,0,0
1836,262.01,26952,329.00,329.24,0.24,5.5,20.5,0.0,0.5,-15.5,-0.0,1377,2354,0,-5,-2
1837,262.18,26942,328.88,329.16,0.28,6.4,23.5,0.0,0.4,-17.5,-0.0,1252,2225,0,-6,-2
1838,262.27,26938,328.83,329.12,0.28,3.0,23.5,0.0,0.3,-20.8,-0.0,1202,2168,0,-3,-1
1839,262.43,26927,328.70,329.03,0.33,9.8,27.6,0.0,0.3,-18.1,-0.0,1064,2036,0,-9,0
1840,262.61,26918,328.59,328.94,0.35,11.6,29.7,0.0,0.4,-18.4,-0.0,952,1920,0,-11,2
1841,262.69,26916,328.56,328.90,0.34,9.4,28.6,0.0,0.4,-19.6,-0.0,927,1895,0,-9,2
1842,262.86,26911,328.50,328.82,0.32,9.5,26.6,0.0,0.1,-17.2,-0.0,864,1845,0,-9,3
1843,263.03,26903,328.41,328.73,0.33,10.1,27.6,0.0,0.0,-17.5,-0.0,764,1747,0,-9,4
1844,263.19,26897,328.33,328.65,0.32,8.9,26.6,0.0,-0.1,-17.5,-0.0,689,1677,0,-7,5
1845,263.28,26894,328.30,328.61,0.32,6.2,26.6,0.0,-0.1,-20.2,-0.0,652,1637,0,-5,4
1846,263.45,26889,328.23,328.53,0.29,6.6,24.5,0.0,-0.1,-17.8,-0.0,589,1576,0,-5,4
1847,263.62,26883,328.16,328.44,0.28,4.3,23.5,0.0,-0.2,-19.0,-0.0,514,1502,0,-3,3
1848,263.70,26878,328.10,328.40,0.29,6.6,24.5,0.0,-0.1,-17.8,-0.0,452,1440,0,-4,5
1849,263.87,26871,328.02,328.32,0.31,7.1,25.6,0.0,-0.0,-18.4,-0.0,364,1349,0,-3,6
1850,264.04,26864,327.93,328.23,0.29,5.8,24.5,0.0,0.0,-18.7,-0.0,277,1258,0,-2,5
1851,264.13,26860,327.88,328.18,0.31,6.0,25.6,0.0,0.0,-19.6,-0.0,227,1205,0,-2,6
1852,264.30,26850,327.76,328.10,0.34,9.5,28.6,0.0,0.2,-19.3,-0.0,102,1075,0,-1,9
1853,264.47,26849,327.75,328.02,0.27,4.2,22.5,0.0,-0.2,-18.1,-0.0,89,1078,0,0,4
1854,264.55,26848,327.73,327.97,0.23,-0.5,19.4,0.0,-0.3,-19.6,-0.0,77,3113,0,0,0
1855,264.73,26842,327.66,327.89,0.22,0.0,18.4,0.0,-0.3,-18.1,-0.0,2,994,0,0,0
1856,264.89,26833,327.55,327.80,0.26,4.9,21.5,0.0,-0.2,-16.3,-0.0,3985,883,0,1,5
1857,264.98,26830,327.51,327.76,0.24,0.5,20.5,0.0,-0.4,-19.6,-0.0,3948,844,0,0,0
1858,265.14,26825,327.45,327.68,0.22,0.4,18.4,0.0,-0.2,-17.8,-0.0,3885,778,0,0,0
1859,265.31,26819,327.38,327.59,0.21,-0.7,17.4,0.0,-0.2,-17.8,-0.0,3810,2752,0,0,-1
1860,265.48,26816,327.34,327.51,0.17,-5.0,14.3,0.0,-0.3,-19.0,-0.0,3773,2716,0,-3,-4
1861,265.56,26814,327.32,327.47,0.15,-6.9,12.3,0.0,-0.4,-18.7,-0.0,3748,2695,0,-4,-6
1862,265.73,26810,327.27,327.39,0.11,-8.8,9.2,0.0,-0.5,-17.5,-0.0,3698,2648,0,-5,-7
1863,265.90,26805,327.21,327.30,0.09,-13.0,7.2,0.0,-0.5,-19.6,-0.0,3635,2584,0,-9,-9
1864,265.99,26802,327.17,327.25,0.09,-12.9,7.2,0.0,-0.4,-19.6,-0.0,3598,2547,0,-9,-9
1865,266.14,26796,327.10,327.18,0.07,-11.8,6.1,0.0,-0.4,-17.5,-0.0,3523,2470,0,-9,-7
1866,266.30,26792,327.05,327.10,0.05,-13.1,4.1,0.0,-0.3,-17.0,-0.0,3473,2419,0,-11,-7
1867,266.47,26789,327.01,327.01,0.00,-18.0,0.0,0.0,-0.4,-17.5,-0.0,3435,2385,0,-15,-9
1868,266.56,26788,327.00,326.97,-0.04,-22.6,-3.1,0.0,-0.5,-19.0,-0.0,3423,2372,0,-19,-10
1869,266.73,26782,326.93,326.88,-0.05,-23.6,-4.1,0.0,-0.5,-19.0,-0.0,3348,2297,0,-21,-9
1870,266.91,26779,326.89,326.79,-0.10,-29.3,-8.2,0.0,-0.6,-20.5,-0.0,3310,2261,0,-27,-9
1871,266.99,26775,326.84,326.75,-0.09,-26.4,-7.2,0.0,-0.5,-18.7,-0.0,3260,2211,0,-25,-6
1872,267.17,26773,326.82,326.67,-0.16,-32.6,-13.3,0.0,-0.6,-18.7,-0.0,3235,2187,0,-31,-7
1873,267.26,26772,326.81,326.62,-0.18,-36.1,-15.3,0.0,-0.5,-20.2,-0.0,3223,2174,0,-34,-7
1874,267.42,26767,326.75,326.54,-0.21,-35.8,-17.4,0.0,-0.6,-17.8,-0.0,3160,2115,0,-34,-4
1875,267.59,26760,326.66,326.45,-0.21,-37.1,-17.4,0.0,-0.4,-19.3,-0.0,3073,2020,0,-36,2
1876,267.76,26756,326.61,326.37,-0.24,-39.1,-20.5,0.0,-0.5,-18.1,-0.0,3023,1974,0,-38,4
1877,267.85,26754,326.59,326.32,-0.27,-44.0,-22.5,0.0,-0.4,-21.1,-0.0,2998,1942,0,-42,7
1878,268.02,26746,326.49,326.24,-0.26,-40.1,-21.5,0.0,-0.2,-18.4,-0.0,2898,1840,0,-37,12
1879,268.11,26742,326.44,326.19,-0.24,-39.6,-20.5,0.0,-0.1,-19.0,-0.0,2848,1786,0,-35,15
1880,268.28,26738,326.39,326.11,-0.28,-42.2,-23.5,0.0,-0.3,-18.4,-0.0,2798,1742,0,-36,19
1881,268.45,26731,326.31,326.02,-0.28,-42.1,-23.5,0.0,-0.1,-18.4,-0.0,2710,1649,0,-33,23
1882,268.54,26725,326.23,325.98,-0.26,-41.3,-21.5,0.0,0.0,-19.9,-0.0,2635,1565,0,-30,27
1883,268.71,26719,326.16,325.89,-0.27,-40.7,-22.5,0.0,-0.0,-18.1,-0.0,2560,1497,0,-26,29
1884,268.89,26710,326.05,325.81,-0.24,-39.1,-20.5,0.0,0.1,-18.7,-0.0,2448,1379,0,-20,32
1885,268.97,26706,326.00,325.76,-0.23,-38.6,-19.4,0.0,0.2,-19.3,-0.0,2398,1325,0,-17,33
1886,269.14,26698,325.90,325.68,-0.22,-36.6,-18.4,0.0,0.2,-18.4,-0.0,2298,1226,0,-11,34
1887,269.31,26693,325.84,325.59,-0.24,-38.5,-20.5,0.0,0.0,-18.1,-0.0,2235,1169,0,-8,36
1888,269.40,26687,325.77,325.55,-0.22,-37.6,-18.4,0.0,0.2,-19.3,-0.0,2160,1087,0,-4,36
1889,269.57,26680,325.68,325.46,-0.22,-37.7,-18.4,0.0,0.1,-19.3,-0.0,2073,1003,0,1,36
1890,269.74,26669,325.55,325.38,-0.17,-32.6,-14.3,0.0,0.2,-18.4,-0.0,1935,864,0,8,31
1891,269.84,26665,325.50,325.33,-0.17,-35.0,-14.3,0.0,0.2,-20.8,-0.0,1885,807,0,11,32
1892,270.00,26656,325.39,325.25,-0.15,-29.5,-12.3,0.0,0.4,-17.5,-0.0,1773,698,0,14,25
1893,270.17,26645,325.26,325.17,-0.09,-24.2,-7.2,0.0,0.5,-17.5,-0.0,1635,556,0,15,18
1894,270.26,26640,325.20,325.12,-0.07,-26.7,-6.1,0.0,0.5,-21.1,-0.0,1573,482,0,19,17
1895,270.43,26632,325.10,325.03,-0.06,-22.8,-5.1,0.0,0.4,-18.1,-0.0,1473,396,0,18,13
1896,270.60,26621,324.96,324.95,-0.01,-19.2,-1.0,0.0,0.5,-18.7,-0.0,1335,251,0,17,7
1897,270.69,26617,324.91,324.90,-0.01,-19.9,-1.0,0.0,0.5,-19.3,-0.0,1285,201,0,18,6
1898,270.86,26608,324.80,324.82,0.01,-16.8,1.0,0.0,0.4,-18.1,-0.0,1173,96,0,16,2
1899,271.03,26599,324.69,324.74,0.04,-14.0,3.1,0.0,0.4,-17.5,-0.0,1060,4078,0,14,0
1900,271.11,26592,324.61,324.69,0.09,-12.2,7.2,0.0,0.5,-19.9,-0.0,973,3981,0,12,-2
1901,271.28,26585,324.52,324.61,0.09,-10.0,7.2,0.0,0.4,-17.5,-0.0,885,3906,0,9,-3
1902,271.46,26573,324.38,324.52,0.15,-6.3,12.3,0.0,0.5,-19.0,-0.0,735,3747,0,5,-3
1903,271.55,26567,324.30,324.47,0.17,-5.9,14.3,0.0,0.6,-20.8,-0.0,660,3664,0,5,-4
1904,271.71,26560,324.22,324.39,0.17,-3.3,14.3,0.0,0.5,-18.1,-0.0,573,3589,0,2,-2
1905,271.89,26550,324.10,324.30,0.21,-1.8,17.4,0.0,0.4,-19.6,-0.0,448,3461,0,1,-1
1906,271.98,26545,324.04,324.26,0.22,-0.1,18.4,0.0,0.5,-19.0,-0.0,385,3397,0,0,0
1907,272.15,26537,323.94,324.18,0.23,1.9,19.4,0.0,0.3,-17.8,-0.0,285,1258,0,-1,2
1908,272.32,26529,323.84,324.09,0.24,3.2,20.5,0.0,0.3,-17.5,-0.0,185,1161,0,-1,3
1909,272.41,26523,323.77,324.04,0.28,4.3,23.5,0.0,0.4,-19.6,-0.0,110,1077,0,0,4
1910,272.58,26518,323.71,323.96,0.26,3.8,21.5,0.0,0.2,-17.8,-0.0,48,1026,0,0,4
1911,272.73,26509,323.60,323.88,0.28,5.8,23.5,0.0,0.1,-17.8,-0.0,4031,914,0,1,6
1912,272.83,26504,323.54,323.84,0.31,5.9,25.6,0.0,0.3,-19.9,-0.0,3969,844,0,2,6
1913,272.99,26494,323.41,323.75,0.34,11.5,28.6,0.0,0.4,-17.5,-0.0,3844,722,0,5,10
1914,273.17,26487,323.33,323.66,0.34,9.8,28.6,0.0,0.2,-19.0,-0.0,3756,634,0,5,8
1915,273.25,26482,323.27,323.62,0.35,11.0,29.7,0.0,0.4,-19.0,-0.0,3694,566,0,7,8
1916,273.42,26477,323.21,323.54,0.33,9.4,27.6,0.0,0.2,-18.4,-0.0,3631,512,0,6,6
1917,273.59,26470,323.12,323.45,0.33,8.9,27.6,0.0,0.0,-18.7,-0.0,3544,429,0,7,5
1918,273.67,26466,323.07,323.41,0.34,9.6,28.6,0.0,0.0,-19.0,-0.0,3494,379,0,8,5
1919,273.85,26464,323.05,323.32,0.28,3.7,23.5,0.0,-0.2,-19.6,-0.0,3469,361,0,3,2
1920,274.01,26454,322.92,323.24,0.32,8.5,26.6,0.0,-0.2,-17.8,-0.0,3344,239,0,8,3
1921,274.11,26451,322.89,323.20,0.31,5.6,25.6,0.0,-0.1,-19.9,-0.0,3306,193,0,5,2
1922,274.28,26445,322.81,323.11,0.29,6.9,24.5,0.0,-0.1,-17.5,-0.0,3231,124,0,7,1
1923,274.45,26440,322.75,323.02,0.27,3.6,22.5,0.0,-0.2,-18.7,-0.0,3169,61,0,3,0
1924,274.61,26433,322.67,322.94,0.28,5.0,23.5,0.0,-0.0,-18.4,-0.0,3081,4066,0,5,0
1925,274.70,26427,322.60,322.90,0.31,6.2,25.6,0.0,-0.0,-19.3,-0.0,3006,3988,0,6,-1
1926,274.87,26424,322.56,322.81,0.26,1.1,21.5,0.0,-0.2,-20.2,-0.0,2969,3955,0,1,0
1927,274.96,26422,322.53,322.77,0.23,0.2,19.4,0.0,-0.2,-19.0,-0.0,2944,3933,0,0,0
1928,275.13,26416,322.46,322.68,0.22,0.1,18.4,0.0,-0.2,-18.1,-0.0,2869,3858,0,0,0
1929,275.28,26409,322.38,322.61,0.23,1.7,19.4,0.0,-0.2,-17.5,-0.0,2781,3771,0,1,-1
1930,275.46,26407,322.35,322.52,0.17,-3.6,14.3,0.0,-0.4,-17.5,-0.0,2756,1705,0,-3,2
1931,275.54,26404,322.31,322.48,0.16,-8.2,13.3,0.0,-0.4,-21.1,-0.0,2719,1661,0,-7,4
1932,275.71,26397,322.23,322.39,0.16,-5.4,13.3,0.0,-0.3,-18.4,-0.0,2631,1574,0,-4,3
1933,275.88,26394,322.19,322.31,0.12,-10.1,10.2,0.0,-0.4,-19.9,-0.0,2594,1541,0,-7,7
1934,275.96,26392,322.17,322.27,0.10,-11.3,8.2,0.0,-0.5,-19.0,-0.0,2569,1519,0,-8,8
1935,276.13,26388,322.12,322.18,0.06,-13.7,5.1,0.0,-0.4,-18.4,-0.0,2519,1467,0,-8,10
1936,276.30,26380,322.02,322.10,0.07,-12.4,6.1,0.0,-0.4,-18.1,-0.0,2419,1365,0,-6,10
1937,276.39,26376,321.97,322.05,0.09,-12.7,7.2,0.0,-0.3,-19.6,-0.0,2369,1312,0,-5,11
1938,276.56,26373,321.94,321.97,0.04,-15.7,3.1,0.0,-0.3,-18.4,-0.0,2331,1276,0,-6,14
1939,276.73,26371,321.91,321.88,-0.02,-20.8,-2.0,0.0,-0.3,-18.4,-0.0,2306,1251,0,-7,19
1940,276.83,26368,321.88,321.84,-0.04,-24.2,-3.1,0.0,-0.4,-20.8,-0.0,2269,1212,0,-7,23
1941,276.99,26365,321.84,321.75,-0.09,-26.2,-7.2,0.0,-0.6,-18.4,-0.0,2231,1185,0,-6,25
1942,277.17,26359,321.77,321.67,-0.10,-26.5,-8.2,0.0,-0.5,-17.8,-0.0,2156,1109,0,-3,26
1943,277.25,26356,321.73,321.62,-0.11,-28.8,-9.2,0.0,-0.5,-19.0,-0.0,2119,1069,0,-2,28
1944,277.43,26350,321.66,321.54,-0.12,-29.0,-10.2,0.0,-0.4,-18.4,-0.0,2044,989,0,2,28
1945,277.60,26345,321.59,321.45,-0.15,-30.2,-12.3,0.0,-0.4,-17.5,-0.0,1981,929,0,4,29
1946,277.68,26343,321.57,321.41,-0.16,-33.2,-13.3,0.0,-0.3,-19.6,-0.0,1956,898,0,6,32
1947,277.85,26336,321.48,321.32,-0.16,-31.4,-13.3,0.0,-0.2,-17.8,-0.0,1869,812,0,10,29
1948,278.02,26330,321.41,321.24,-0.17,-32.0,-14.3,0.0,-0.2,-17.5,-0.0,1794,736,0,13,28
1949,278.11,26330,321.41,321.19,-0.22,-38.7,-18.4,0.0,-0.4,-19.9,-0.0,1794,738,0,16,34
1950,278.28,26323,321.33,321.11,-0.22,-36.2,-18.4,0.0,-0.3,-17.5,-0.0,1706,651,0,19,29
1951,278.45,26316,321.24,321.02,-0.22,-37.4,-18.4,0.0,-0.2,-18.7,-0.0,1619,560,0,24,27
1952,278.54,26312,321.19,320.98,-0.21,-37.5,-17.4,0.0,-0.2,-19.9,-0.0,1569,507,0,26,25
1953,278.71,26308,321.14,320.89,-0.26,-40.5,-21.5,0.0,-0.3,-18.7,-0.0,1519,462,0,30,26
1954,278.89,26301,321.06,320.80,-0.26,-40.0,-21.5,0.0,-0.1,-18.4,-0.0,1431,370,0,33,21
1955,278.98,26296,321.00,320.76,-0.23,-39.1,-19.4,0.0,-0.0,-19.6,-0.0,1369,303,0,34,17
1956,279.15,26287,320.89,320.67,-0.21,-35.8,-17.4,0.0,0.0,-18.4,-0.0,1256,190,0,33,10
1957,279.24,26285,320.86,320.63,-0.23,-38.6,-19.4,0.0,-0.1,-19.0,-0.0,1231,167,0,36,9
1958,279.41,26276,320.75,320.55,-0.21,-35.1,-17.4,0.0,0.2,-17.8,-0.0,1119,50,0,34,3
1959,279.58,26270,320.68,320.46,-0.22,-35.8,-18.4,0.0,0.1,-17.5,-0.0,1044,4073,0,35,-1
1960,279.66,26265,320.62,320.42,-0.20,-35.6,-16.4,0.0,0.1,-19.3,-0.0,981,4005,0,34,-5
1961,279.84,26258,320.53,320.33,-0.21,-36.1,-17.4,0.0,0.0,-18.7,-0.0,894,3923,0,34,-9
1962,280.00,26247,320.40,320.25,-0.15,-29.8,-12.3,0.0,0.4,-17.8,-0.0,756,3778,0,25,-14
1963,280.17,26240,320.31,320.16,-0.15,-30.7,-12.3,0.0,0.3,-18.7,-0.0,669,3691,0,24,-17
1964,280.26,26235,320.25,320.12,-0.13,-30.3,-11.2,0.0,0.3,-19.3,-0.0,606,3624,0,22,-19
1965,280.43,26227,320.15,320.03,-0.12,-28.6,-10.2,0.0,0.4,-18.7,-0.0,506,3523,0,18,-21
1966,280.52,26222,320.09,319.99,-0.11,-28.8,-9.2,0.0,0.4,-19.9,-0.0,444,3458,0,16,-23
1967,280.69,26214,320.00,319.90,-0.09,-25.4,-7.2,0.0,0.2,-18.4,-0.0,344,3367,0,11,-22
1968,280.86,26202,319.85,319.82,-0.02,-18.8,-2.0,0.0,0.4,-17.2,-0.0,194,3214,0,4,-18
1969,281.02,26193,319.74,319.74,0.00,-16.8,0.0,0.0,0.5,-17.2,-0.0,81,3100,0,1,-16
1970,281.11,26186,319.65,319.70,0.04,-15.1,3.1,0.0,0.6,-18.7,-0.0,4090,3004,0,-2,-15
1971,281.28,26178,319.56,319.61,0.05,-13.3,4.1,0.0,0.4,-17.8,-0.0,3990,2912,0,-3,-13
1972,281.45,26170,319.46,319.52,0.06,-14.0,5.1,0.0,0.5,-19.6,-0.0,3890,2803,0,-5,-12
1973,281.54,26164,319.38,319.48,0.10,-10.4,8.2,0.0,0.5,-19.0,-0.0,3815,2732,0,-5,-9
1974,281.71,26155,319.27,319.39,0.12,-8.1,10.2,0.0,0.4,-18.7,-0.0,3702,2621,0,-5,-6
1975,281.88,26145,319.15,319.31,0.16,-4.9,13.3,0.0,0.3,-18.4,-0.0,3577,2503,0,-4,-3
1976,281.96,26141,319.10,319.27,0.16,-5.3,13.3,0.0,0.4,-19.0,-0.0,3527,2447,0,-4,-3
1977,282.12,26132,318.99,319.19,0.20,1.7,16.4,0.0,0.5,-15.2,-0.0,3415,296,0,1,1
1978,282.29,26124,318.90,319.10,0.21,0.3,17.4,0.0,0.4,-17.5,-0.0,3315,191,0,0,0
1979,282.38,26119,318.84,319.06,0.22,-0.8,18.4,0.0,0.4,-19.6,-0.0,3252,2170,0,-1,0
1980,282.55,26109,318.71,318.97,0.26,3.1,21.5,0.0,0.4,-18.7,-0.0,3127,0,0,3,0
1981,282.72,26101,318.62,318.89,0.27,4.7,22.5,0.0,0.4,-18.1,-0.0,3027,3997,0,5,-1
1982,282.81,26099,318.59,318.84,0.26,2.1,21.5,0.0,0.2,-19.6,-0.0,3002,3974,0,2,0
1983,282.98,26088,318.46,318.76,0.31,7.8,25.6,0.0,0.4,-18.1,-0.0,2865,3837,0,7,-3
1984,283.15,26081,318.37,318.67,0.31,7.4,25.6,0.0,0.2,-18.4,-0.0,2777,3752,0,6,-4
1985,283.24,26075,318.30,318.63,0.33,7.7,27.6,0.0,0.3,-20.2,-0.0,2702,3672,0,6,-4
1986,283.40,26071,318.25,318.55,0.31,8.5,25.6,0.0,0.1,-17.2,-0.0,2652,3634,0,6,-5
1987,283.56,26064,318.16,318.47,0.31,8.2,25.6,0.0,0.2,-17.5,-0.0,2565,3544,0,5,-6
1988,283.74,26055,318.05,318.38,0.33,8.9,27.6,0.0,0.0,-18.7,-0.0,2452,3433,0,5,-7
1989,283.83,26052,318.02,318.34,0.32,6.4,26.6,0.0,0.0,-20.2,-0.0,2415,3391,0,3,-5
1990,284.00,26047,317.96,318.25,0.29,6.1,24.5,0.0,-0.0,-18.4,-0.0,2352,3336,0,2,-5
1991,284.09,26041,317.88,318.20,0.32,6.1,26.6,0.0,0.0,-20.5,-0.0,2277,3253,0,2,-6
1992,284.26,26035,317.81,318.12,0.31,6.5,25.6,0.0,0.0,-19.0,-0.0,2202,3183,0,1,-6
1993,284.43,26026,317.70,318.03,0.33,8.9,27.6,0.0,0.0,-18.7,-0.0,2090,3071,0,0,-9
1994,284.52,26026,317.70,317.99,0.29,5.4,24.5,0.0,-0.1,-19.0,-0.0,2090,3075,0,0,-5
1995,284.69,26020,317.63,317.91,0.28,5.6,23.5,0.0,-0.0,-17.8,-0.0,2015,3001,0,-1,-5
1996,284.85,26013,317.54,317.82,0.28,6.1,23.5,0.0,-0.1,-17.2,-0.0,1927,2916,0,-1,-6
1997,285.02,26007,317.47,317.74,0.27,4.3,22.5,0.0,-0.3,-17.8,-0.0,1852,2845,0,-1,-4
1998,285.11,26004,317.43,317.69,0.26,1.3,21.5,0.0,-0.3,-19.9,-0.0,1815,2804,0,0,-1
1999,285.28,25997,317.35,317.61,0.27,4.7,22.5,0.0,0.0,-17.8,-0.0,1727,2712,0,-2,-4
