Sample,Timestamp,Raw Encoder Reading,Measured Motor Steps,Target Motor Steps,Current Error,PID Control Signal,PID P Term,PID I Term,PID D Term,PID V Term,PID A Term,Measured Step Phase,Desired Step Phase,Phase Shift,Coil A Current,Coil B Current
0,0.04,33591,410.05,410.25,0.21,17.4,17.4,0.0,-0.0,-0.0,-0.0,2444,3471,0,10,-14
1,0.20,33593,410.07,410.25,0.18,15.3,15.3,0.0,-0.0,-0.0,-0.0,2469,3500,0,9,-12
2,0.37,33594,410.08,410.25,0.17,14.3,14.3,0.0,-0.0,-0.0,-0.0,2482,3512,0,9,-11
3,0.53,33594,410.08,410.25,0.17,14.3,14.3,0.0,-0.0,-0.1,-0.0,2482,3515,0,9,-11
4,0.61,33594,410.08,410.25,0.17,14.3,14.3,0.0,-0.0,-0.1,-0.0,2482,3514,0,9,-11
5,0.77,33594,410.08,410.25,0.17,14.2,14.3,0.0,-0.0,-0.1,-0.0,2482,3508,0,9,-11
6,0.93,33595,410.10,410.25,0.16,13.2,13.3,0.0,-0.0,-0.1,-0.0,2494,3521,0,8,-10
7,1.09,33595,410.10,410.25,0.16,13.2,13.3,0.0,-0.0,-0.1,-0.0,2494,3519,0,8,-10
8,1.25,33597,410.12,410.25,0.13,11.1,11.2,0.0,-0.0,-0.1,-0.0,2519,3547,0,7,-8
9,1.33,33596,410.11,410.25,0.13,11.1,11.2,0.0,-0.0,-0.1,-0.0,2507,3536,0,7,-8
10,1.50,33598,410.13,410.25,0.11,9.1,9.2,0.0,-0.0,-0.1,-0.0,2532,3560,0,6,-6
11,1.66,33597,410.12,410.25,0.12,10.1,10.2,0.0,-0.0,-0.2,-0.0,2519,3546,0,6,-7
12,1.83,33597,410.12,410.25,0.12,10.1,10.2,0.0,-0.0,-0.2,-0.0,2519,3543,0,6,-7
13,1.91,33597,410.12,410.25,0.12,10.1,10.2,0.0,-0.0,-0.2,-0.0,2519,3543,0,6,-7
14,2.07,33597,410.12,410.24,0.12,10.0,10.2,0.0,0.0,-0.2,-0.0,2519,3543,0,6,-7
15,2.23,33596,410.11,410.24,0.13,11.1,11.2,0.0,0.0,-0.2,-0.0,2507,3528,0,7,-8
16,2.39,33596,410.11,410.24,0.13,11.0,11.2,0.0,0.0,-0.2,-0.0,2507,3529,0,7,-8
17,2.47,33597,410.12,410.24,0.12,10.0,10.2,0.0,0.0,-0.2,-0.0,2519,3543,0,6,-7
18,2.64,33597,410.12,410.24,0.12,10.0,10.2,0.0,0.0,-0.2,-0.0,2519,3543,0,6,-7
19,2.80,33597,410.12,410.24,0.12,10.0,10.2,0.0,-0.0,-0.3,-0.0,2519,3545,0,6,-7
20,2.96,33598,410.13,410.24,0.11,8.9,9.2,0.0,-0.0,-0.3,-0.0,2532,3559,0,6,-6
21,3.04,33598,410.13,410.24,0.11,8.9,9.2,0.0,-0.0,-0.3,-0.0,2532,3559,0,6,-6
22,3.20,33596,410.11,410.24,0.13,11.0,11.2,0.0,0.0,-0.3,-0.0,2507,3530,0,7,-8
23,3.36,33597,410.12,410.24,0.11,8.9,9.2,0.0,-0.0,-0.3,-0.0,2519,3543,0,6,-6
24,3.52,33596,410.11,410.23,0.12,9.9,10.2,0.0,0.0,-0.3,-0.0,2507,3530,0,6,-7
25,3.60,33594,410.08,410.23,0.15,11.9,12.3,0.0,0.0,-0.3,-0.0,2482,3500,0,7,-9
26,3.77,33593,410.07,410.23,0.16,13.0,13.3,0.0,0.0,-0.3,-0.0,2469,3489,0,7,-10
27,3.93,33593,410.07,410.23,0.16,12.9,13.3,0.0,0.0,-0.3,-0.0,2469,3487,0,7,-10
28,4.09,33591,410.05,410.23,0.18,15.0,15.3,0.0,0.0,-0.4,-0.0,2444,3461,0,8,-12
29,4.25,33592,410.06,410.23,0.17,13.9,14.3,0.0,0.0,-0.4,-0.0,2457,3478,0,8,-11
30,4.34,33594,410.08,410.23,0.15,11.9,12.3,0.0,-0.0,-0.4,-0.0,2482,3508,0,7,-9
31,4.51,33595,410.10,410.22,0.13,10.8,11.2,0.0,-0.0,-0.4,-0.0,2494,3521,0,7,-8
32,4.66,33594,410.08,410.22,0.13,10.8,11.2,0.0,-0.0,-0.4,-0.0,2482,3509,0,7,-8
33,4.75,33592,410.06,410.22,0.16,12.9,13.3,0.0,-0.0,-0.4,-0.0,2457,3482,0,7,-10
34,4.92,33591,410.05,410.22,0.17,13.9,14.3,0.0,0.0,-0.5,-0.0,2444,3466,0,8,-11
35,5.08,33591,410.05,410.22,0.17,13.9,14.3,0.0,0.0,-0.5,-0.0,2444,3462,0,8,-11
36,5.24,33591,410.05,410.22,0.17,13.9,14.3,0.0,0.0,-0.5,-0.0,2444,3464,0,8,-11
37,5.33,33591,410.05,410.21,0.17,13.8,14.3,0.0,0.0,-0.5,-0.0,2444,3463,0,8,-11
38,5.50,33589,410.02,410.21,0.20,15.8,16.4,0.0,0.0,-0.5,-0.0,2419,3440,0,8,-13
39,5.65,33589,410.02,410.21,0.18,14.8,15.3,0.0,0.0,-0.5,-0.0,2419,3440,0,8,-12
40,5.82,33592,410.06,410.21,0.15,11.7,12.3,0.0,-0.0,-0.5,-0.0,2457,3484,0,7,-9
41,5.91,33592,410.06,410.21,0.15,11.7,12.3,0.0,-0.0,-0.6,-0.0,2457,3483,0,7,-9
42,6.06,33589,410.02,410.20,0.18,14.8,15.3,0.0,-0.0,-0.6,-0.0,2419,3443,0,8,-12
43,6.22,33588,410.01,410.20,0.20,15.8,16.4,0.0,0.0,-0.6,-0.0,2407,3429,0,8,-13
44,6.38,33592,410.06,410.20,0.13,10.7,11.2,0.0,-0.0,-0.6,-0.0,2457,3485,0,6,-8
45,6.46,33590,410.03,410.20,0.16,12.7,13.3,0.0,0.0,-0.6,-0.0,2432,3453,0,7,-10
46,6.63,33590,410.03,410.19,0.16,12.7,13.3,0.0,-0.0,-0.6,-0.0,2432,3457,0,7,-10
47,6.79,33591,410.05,410.19,0.15,11.7,12.3,0.0,-0.0,-0.6,-0.0,2444,3472,0,7,-9
48,6.96,33588,410.01,410.19,0.18,14.7,15.3,0.0,0.0,-0.6,-0.0,2407,3430,0,7,-12
49,7.05,33588,410.01,410.19,0.18,14.7,15.3,0.0,0.0,-0.7,-0.0,2407,3425,0,7,-12
50,7.21,33589,410.02,410.18,0.16,12.6,13.3,0.0,0.0,-0.6,-0.0,2419,3442,0,7,-10
51,7.37,33593,410.07,410.18,0.11,8.5,9.2,0.0,-0.0,-0.7,-0.0,2469,3497,0,5,-7
52,7.46,33593,410.07,410.18,0.11,8.5,9.2,0.0,-0.0,-0.7,-0.0,2469,3496,0,5,-7
53,7.62,33593,410.07,410.18,0.11,8.5,9.2,0.0,-0.0,-0.7,-0.0,2469,3501,0,5,-7
54,7.78,33593,410.07,410.17,0.10,7.5,8.2,0.0,-0.0,-0.7,-0.0,2469,3499,0,4,-6
55,7.95,33591,410.05,410.17,0.12,9.5,10.2,0.0,-0.0,-0.7,-0.0,2444,3468,0,5,-8
56,8.04,33590,410.03,410.17,0.13,10.5,11.2,0.0,0.0,-0.8,-0.0,2432,3451,0,6,-8
57,8.20,33591,410.05,410.16,0.12,9.5,10.2,0.0,0.0,-0.7,-0.0,2444,3464,0,5,-8
58,8.38,33592,410.06,410.16,0.10,7.4,8.2,0.0,-0.0,-0.8,-0.0,2457,3479,0,4,-6
59,8.47,33592,410.06,410.16,0.10,7.3,8.2,0.0,0.0,-0.8,-0.0,2457,3479,0,4,-6
60,8.62,33592,410.06,410.16,0.10,7.4,8.2,0.0,-0.0,-0.8,-0.0,2457,3482,0,4,-6
61,8.79,33592,410.06,410.15,0.10,7.3,8.2,0.0,-0.0,-0.8,-0.0,2457,3484,0,4,-6
62,8.95,33591,410.05,410.15,0.10,7.4,8.2,0.0,-0.0,-0.8,-0.0,2444,3468,0,4,-6
63,9.03,33591,410.05,410.15,0.10,7.3,8.2,0.0,0.0,-0.9,-0.0,2444,3466,0,4,-6
64,9.19,33591,410.05,410.14,0.10,7.3,8.2,0.0,0.0,-0.8,-0.0,2444,3466,0,4,-6
65,9.35,33593,410.07,410.14,0.07,5.3,6.1,0.0,-0.0,-0.8,-0.0,2469,3495,0,3,-4
66,9.52,33593,410.07,410.14,0.06,4.2,5.1,0.0,-0.0,-0.9,-0.0,2469,3496,0,2,-3
67,9.59,33593,410.07,410.13,0.06,4.3,5.1,0.0,-0.0,-0.8,-0.0,2469,3496,0,3,-3
68,9.76,33593,410.07,410.13,0.06,4.3,5.1,0.0,-0.0,-0.9,-0.0,2469,3496,0,2,-3
69,9.93,33594,410.08,410.13,0.05,3.2,4.1,0.0,-0.0,-0.8,-0.0,2482,3509,0,2,-2
70,10.09,33592,410.06,410.12,0.06,4.2,5.1,0.0,0.0,-0.9,-0.0,2457,3480,0,2,-3
71,10.18,33590,410.03,410.12,0.09,6.2,7.2,0.0,0.0,-1.0,-0.0,2432,3451,0,3,-5
72,10.34,33591,410.05,410.12,0.07,5.2,6.1,0.0,0.0,-0.9,-0.0,2444,3464,0,3,-4
73,10.51,33591,410.05,410.11,0.06,4.1,5.1,0.0,0.0,-1.0,-0.0,2444,3465,0,2,-3
74,10.67,33591,410.05,410.11,0.06,4.1,5.1,0.0,0.0,-1.0,-0.0,2444,3463,0,2,-3
75,10.75,33591,410.05,410.10,0.06,4.2,5.1,0.0,0.0,-0.9,-0.0,2444,3467,0,2,-3
76,10.91,33591,410.05,410.10,0.05,3.2,4.1,0.0,-0.0,-0.9,-0.0,2444,3468,0,2,-3
77,11.07,33590,410.03,410.10,0.06,4.1,5.1,0.0,0.0,-1.0,-0.0,2432,3454,0,2,-3
78,11.23,33589,410.02,410.09,0.07,5.1,6.1,0.0,0.0,-1.0,-0.0,2419,3440,0,3,-4
79,11.31,33589,410.02,410.09,0.06,4.0,5.1,0.0,0.0,-1.1,-0.0,2419,3440,0,2,-3
80,11.49,33589,410.02,410.08,0.06,4.1,5.1,0.0,0.0,-1.0,-0.0,2419,3440,0,2,-3
81,11.64,33589,410.02,410.08,0.06,4.1,5.1,0.0,0.0,-1.0,-0.0,2419,3442,0,2,-3
82,11.80,33592,410.06,410.07,0.01,-0.1,1.0,0.0,-0.0,-1.1,-0.0,2457,1436,0,0,0
83,11.89,33591,410.05,410.07,0.02,0.9,2.0,0.0,-0.0,-1.1,-0.0,2444,3471,0,1,-1
84,12.05,33589,410.02,410.07,0.05,3.0,4.1,0.0,-0.0,-1.1,-0.0,2419,3443,0,2,-2
85,12.23,33591,410.05,410.06,0.01,-0.2,1.0,0.0,-0.0,-1.2,-0.0,2444,1423,0,0,0
86,12.31,33589,410.02,410.06,0.04,1.9,3.1,0.0,-0.0,-1.2,-0.0,2419,3443,0,1,-2
87,12.48,33589,410.02,410.05,0.04,2.0,3.1,0.0,0.0,-1.1,-0.0,2419,3439,0,1,-2
88,12.64,33587,410.00,410.05,0.05,2.9,4.1,0.0,0.0,-1.2,-0.0,2394,3414,0,1,-2
89,12.81,33587,410.00,410.04,0.05,2.9,4.1,0.0,0.0,-1.2,-0.0,2394,3414,0,1,-2
90,12.89,33588,410.01,410.04,0.04,1.9,3.1,0.0,0.0,-1.1,-0.0,2407,3427,0,1,-2
91,13.05,33589,410.02,410.04,0.01,-0.1,1.0,0.0,-0.0,-1.2,-0.0,2419,1397,0,0,0
92,13.21,33588,410.01,410.03,0.02,0.8,2.0,0.0,0.0,-1.2,-0.0,2407,3429,0,0,-1
93,13.36,33589,410.02,410.03,0.00,-1.2,0.0,0.0,-0.0,-1.2,-0.0,2419,1398,0,-1,1
94,13.52,33590,410.03,410.02,-0.01,-2.2,-1.0,0.0,-0.0,-1.2,-0.0,2432,1411,0,-1,2
95,13.60,33587,410.00,410.02,0.02,0.7,2.0,0.0,0.0,-1.3,-0.0,2394,3415,0,0,-1
96,13.77,33589,410.02,410.01,-0.01,-2.3,-1.0,0.0,-0.0,-1.3,-0.0,2419,1397,0,-1,2
97,13.94,33592,410.06,410.01,-0.05,-5.4,-4.1,0.0,-0.0,-1.3,-0.0,2457,1438,0,-3,4
98,14.10,33590,410.03,410.00,-0.04,-4.4,-3.1,0.0,-0.0,-1.3,-0.0,2432,1406,0,-2,4
99,14.19,33589,410.02,410.00,-0.02,-3.4,-2.0,0.0,-0.0,-1.4,-0.0,2419,1393,0,-2,3
100,14.35,33590,410.03,409.99,-0.05,-5.4,-4.1,0.0,-0.0,-1.3,-0.0,2432,1412,0,-3,4
101,14.52,33590,410.03,409.98,-0.05,-5.4,-4.1,0.0,0.0,-1.3,-0.0,2432,1405,0,-3,4
102,14.59,33590,410.03,409.98,-0.05,-5.3,-4.1,0.0,0.0,-1.2,-0.0,2432,1405,0,-3,4
103,14.76,33588,410.01,409.98,-0.04,-4.5,-3.1,0.0,0.0,-1.4,-0.0,2407,1380,0,-2,4
104,14.92,33590,410.03,409.97,-0.06,-6.5,-5.1,0.0,-0.0,-1.4,-0.0,2432,1408,0,-3,5
105,15.08,33591,410.05,409.96,-0.09,-8.5,-7.2,0.0,-0.0,-1.4,-0.0,2444,1422,0,-5,7
106,15.17,33590,410.03,409.96,-0.07,-7.6,-6.1,0.0,-0.0,-1.5,-0.0,2432,1408,0,-4,6
107,15.33,33588,410.01,409.95,-0.06,-6.4,-5.1,0.0,-0.0,-1.3,-0.0,2407,1383,0,-3,5
108,15.49,33591,410.05,409.95,-0.10,-9.6,-8.2,0.0,-0.0,-1.4,-0.0,2444,1422,0,-5,8
109,15.66,33592,410.06,409.94,-0.12,-11.6,-10.2,0.0,-0.0,-1.4,-0.0,2457,1436,0,-7,9
110,15.74,33589,410.02,409.94,-0.09,-8.7,-7.2,0.0,0.0,-1.5,-0.0,2419,1392,0,-5,7
111,15.91,33589,410.02,409.93,-0.09,-8.6,-7.2,0.0,-0.0,-1.5,-0.0,2419,1397,0,-5,7
112,16.09,33591,410.05,409.92,-0.12,-11.7,-10.2,0.0,-0.0,-1.5,-0.0,2444,1424,0,-7,9
113,16.17,33590,410.03,409.92,-0.11,-10.7,-9.2,0.0,-0.0,-1.5,-0.0,2432,1406,0,-6,9
114,16.33,33588,410.01,409.91,-0.10,-9.6,-8.2,0.0,0.0,-1.4,-0.0,2407,1377,0,-5,8
115,16.50,33588,410.01,409.91,-0.10,-9.6,-8.2,0.0,-0.0,-1.4,-0.0,2407,1383,0,-5,8
116,16.66,33589,410.02,409.90,-0.12,-11.7,-10.2,0.0,-0.0,-1.5,-0.0,2419,1394,0,-6,10
117,16.74,33591,410.05,409.90,-0.15,-13.9,-12.3,0.0,-0.0,-1.6,-0.0,2444,1420,0,-8,11
118,16.91,33591,410.05,409.89,-0.16,-14.8,-13.3,0.0,-0.0,-1.5,-0.0,2444,1422,0,-8,12
119,17.07,33589,410.02,409.88,-0.13,-12.7,-11.2,0.0,-0.0,-1.5,-0.0,2419,1396,0,-7,10
120,17.23,33590,410.03,409.88,-0.16,-14.8,-13.3,0.0,-0.0,-1.5,-0.0,2432,1409,0,-8,12
121,17.32,33592,410.06,409.87,-0.18,-17.0,-15.3,0.0,-0.0,-1.7,-0.0,2457,1438,0,-10,13
122,17.49,33589,410.02,409.87,-0.16,-15.0,-13.3,0.0,-0.0,-1.7,-0.0,2419,1392,0,-8,12
123,17.65,33590,410.03,409.86,-0.17,-15.9,-14.3,0.0,-0.0,-1.6,-0.0,2432,1409,0,-9,13
124,17.73,33588,410.01,409.86,-0.16,-15.0,-13.3,0.0,-0.0,-1.7,-0.0,2407,1381,0,-8,12
125,17.90,33589,410.02,409.85,-0.17,-15.9,-14.3,0.0,-0.0,-1.6,-0.0,2419,1394,0,-8,13
126,18.07,33588,410.01,409.84,-0.17,-16.0,-14.3,0.0,-0.0,-1.7,-0.0,2407,1380,0,-8,13
127,18.23,33587,410.00,409.83,-0.17,-15.9,-14.3,0.0,-0.0,-1.5,-0.0,2394,1367,0,-8,13
128,18.32,33588,410.01,409.83,-0.18,-17.1,-15.3,0.0,-0.0,-1.7,-0.0,2407,1380,0,-9,14
129,18.48,33589,410.02,409.82,-0.20,-18.0,-16.4,0.0,-0.0,-1.6,-0.0,2419,1395,0,-9,15
130,18.65,33587,410.00,409.81,-0.18,-17.0,-15.3,0.0,0.0,-1.7,-0.0,2394,1367,0,-8,14
131,18.74,33587,410.00,409.81,-0.18,-17.2,-15.3,0.0,-0.0,-1.8,-0.0,2394,1368,0,-8,14
132,18.90,33586,409.99,409.80,-0.18,-17.0,-15.3,0.0,-0.0,-1.7,-0.0,2382,1357,0,-8,14
133,19.07,33582,409.94,409.79,-0.15,-14.0,-12.3,0.0,0.0,-1.8,-0.0,2332,1299,0,-6,12
134,19.23,33582,409.94,409.79,-0.15,-14.0,-12.3,0.0,0.0,-1.7,-0.0,2332,1298,0,-6,12
135,19.31,33581,409.92,409.78,-0.15,-14.0,-12.3,0.0,0.0,-1.8,-0.0,2319,1286,0,-5,13
136,19.48,33581,409.92,409.77,-0.15,-13.9,-12.3,0.0,0.0,-1.6,-0.0,2319,1287,0,-5,12
137,19.64,33579,409.90,409.77,-0.13,-13.0,-11.2,0.0,0.0,-1.7,-0.0,2294,1263,0,-5,12
138,19.73,33579,409.90,409.76,-0.13,-13.2,-11.2,0.0,0.0,-1.9,-0.0,2294,1265,0,-5,12
139,19.89,33579,409.90,409.75,-0.15,-14.1,-12.3,0.0,0.0,-1.9,-0.0,2294,1265,0,-5,13
140,20.04,33576,409.86,409.75,-0.12,-12.0,-10.2,0.0,0.0,-1.8,-0.0,2257,1225,0,-4,11
141,20.22,33575,409.85,409.74,-0.11,-11.1,-9.2,0.0,0.0,-1.9,-0.0,2244,1211,0,-3,10
142,20.30,33575,409.85,409.73,-0.12,-12.0,-10.2,0.0,0.0,-1.8,-0.0,2244,1214,0,-3,11
143,20.46,33575,409.85,409.72,-0.12,-12.0,-10.2,0.0,0.0,-1.8,-0.0,2244,1214,0,-3,11
144,20.62,33571,409.80,409.72,-0.09,-8.8,-7.2,0.0,0.0,-1.6,-0.0,2194,1161,0,-2,8
145,20.80,33571,409.80,409.71,-0.10,-10.2,-8.2,0.0,0.0,-2.0,-0.0,2194,1164,0,-2,10
146,20.88,33570,409.79,409.70,-0.09,-9.2,-7.2,0.0,0.0,-2.0,-0.0,2182,1150,0,-2,9
147,21.05,33569,409.78,409.69,-0.09,-9.1,-7.2,0.0,0.0,-1.9,-0.0,2169,1135,0,-1,9
148,21.22,33569,409.78,409.68,-0.10,-10.2,-8.2,0.0,0.0,-2.0,-0.0,2169,1139,0,-2,10
149,21.31,33570,409.79,409.68,-0.11,-11.2,-9.2,0.0,-0.0,-2.0,-0.0,2182,1156,0,-2,11
150,21.48,33568,409.77,409.67,-0.10,-10.1,-8.2,0.0,0.0,-1.9,-0.0,2157,1129,0,-2,10
151,21.65,33568,409.77,409.66,-0.10,-10.1,-8.2,0.0,-0.0,-1.9,-0.0,2157,1132,0,-2,10
152,21.73,33568,409.77,409.66,-0.11,-11.3,-9.2,0.0,-0.0,-2.1,-0.0,2157,1131,0,-2,11
153,21.90,33565,409.73,409.65,-0.09,-9.1,-7.2,0.0,0.0,-1.9,-0.0,2119,1089,0,-1,9
154,22.07,33564,409.72,409.64,-0.07,-8.2,-6.1,0.0,0.0,-2.0,-0.0,2107,1077,0,-1,8
155,22.23,33563,409.70,409.63,-0.07,-8.2,-6.1,0.0,0.0,-2.0,-0.0,2094,1061,0,0,8
156,22.31,33563,409.70,409.63,-0.09,-9.4,-7.2,0.0,0.0,-2.2,-0.0,2094,1062,0,-1,9
157,22.48,33564,409.72,409.62,-0.10,-10.2,-8.2,0.0,-0.0,-2.0,-0.0,2107,1080,0,-1,10
158,22.65,33562,409.69,409.61,-0.09,-9.2,-7.2,0.0,-0.0,-2.0,-0.0,2082,1055,0,0,9
159,22.74,33563,409.70,409.60,-0.10,-10.4,-8.2,0.0,-0.0,-2.2,-0.0,2094,1068,0,-1,10
160,22.91,33563,409.70,409.59,-0.11,-11.2,-9.2,0.0,-0.0,-2.0,-0.0,2094,1070,0,-1,11
161,23.07,33562,409.69,409.58,-0.11,-11.2,-9.2,0.0,-0.0,-2.0,-0.0,2082,1057,0,-1,11
162,23.15,33562,409.69,409.58,-0.11,-11.3,-9.2,0.0,-0.0,-2.1,-0.0,2082,1055,0,-1,11
163,23.32,33561,409.68,409.57,-0.11,-11.3,-9.2,0.0,-0.0,-2.1,-0.0,2069,1044,0,0,11
164,23.47,33559,409.66,409.56,-0.10,-10.2,-8.2,0.0,0.0,-2.0,-0.0,2044,1013,0,0,10
165,23.64,33560,409.67,409.55,-0.12,-12.5,-10.2,0.0,-0.0,-2.3,-0.0,2057,1030,0,0,12
166,23.73,33562,409.69,409.54,-0.15,-14.5,-12.3,0.0,-0.0,-2.3,-0.0,2082,1058,0,-1,14
167,23.90,33561,409.68,409.53,-0.15,-14.5,-12.3,0.0,-0.0,-2.2,-0.0,2069,1045,0,0,14
168,24.06,33561,409.68,409.52,-0.16,-15.6,-13.3,0.0,-0.0,-2.3,-0.0,2069,1047,0,-1,15
169,24.21,33559,409.66,409.51,-0.15,-14.5,-12.3,0.0,-0.0,-2.2,-0.0,2044,1020,0,0,14
170,24.30,33559,409.66,409.51,-0.15,-14.7,-12.3,0.0,-0.0,-2.4,-0.0,2044,1018,0,0,14
171,24.45,33557,409.63,409.50,-0.13,-13.4,-11.2,0.0,0.0,-2.1,-0.0,2019,989,0,1,13
172,24.63,33556,409.62,409.49,-0.13,-13.5,-11.2,0.0,0.0,-2.3,-0.0,2007,974,0,1,13
173,24.79,33558,409.64,409.48,-0.16,-15.6,-13.3,0.0,0.0,-2.3,-0.0,2032,1003,0,0,15
174,24.87,33557,409.63,409.47,-0.16,-15.4,-13.3,0.0,-0.0,-2.1,-0.0,2019,992,0,1,15
175,25.04,33557,409.63,409.46,-0.17,-16.7,-14.3,0.0,-0.0,-2.4,-0.0,2019,992,0,1,16
176,25.21,33558,409.64,409.45,-0.20,-18.7,-16.4,0.0,-0.0,-2.3,-0.0,2032,1011,0,0,18
177,25.29,33558,409.64,409.45,-0.20,-18.8,-16.4,0.0,-0.0,-2.4,-0.0,2032,1011,0,0,18
178,25.45,33554,409.59,409.44,-0.16,-15.5,-13.3,0.0,0.0,-2.2,-0.0,1982,952,0,2,15
179,25.62,33554,409.59,409.43,-0.17,-16.6,-14.3,0.0,-0.0,-2.2,-0.0,1982,954,0,2,16
180,25.78,33555,409.61,409.42,-0.20,-18.6,-16.4,0.0,-0.0,-2.3,-0.0,1994,967,0,2,18
181,25.87,33555,409.61,409.41,-0.20,-19.0,-16.4,0.0,0.0,-2.6,-0.0,1994,965,0,2,18
182,26.03,33552,409.57,409.40,-0.17,-16.7,-14.3,0.0,-0.0,-2.4,-0.0,1957,930,0,2,16
183,26.18,33552,409.57,409.39,-0.18,-17.7,-15.3,0.0,-0.0,-2.3,-0.0,1957,931,0,2,17
184,26.35,33552,409.57,409.38,-0.20,-18.8,-16.4,0.0,0.0,-2.4,-0.0,1957,925,0,3,18
185,26.44,33552,409.57,409.37,-0.20,-19.0,-16.4,0.0,0.0,-2.6,-0.0,1957,928,0,3,18
186,26.60,33552,409.57,409.36,-0.21,-19.8,-17.4,0.0,-0.0,-2.4,-0.0,1957,931,0,3,19
187,26.76,33551,409.56,409.35,-0.21,-19.8,-17.4,0.0,-0.0,-2.4,-0.0,1944,918,0,3,19
188,26.91,33547,409.51,409.34,-0.17,-16.7,-14.3,0.0,0.0,-2.4,-0.0,1894,862,0,4,16
189,27.07,33544,409.47,409.33,-0.15,-14.6,-12.3,0.0,0.0,-2.4,-0.0,1857,821,0,4,14
190,27.16,33543,409.46,409.32,-0.13,-13.9,-11.2,0.0,0.0,-2.7,-0.0,1844,805,0,4,13
191,27.33,33543,409.46,409.31,-0.15,-14.7,-12.3,0.0,0.0,-2.4,-0.0,1844,807,0,5,13
192,27.51,33543,409.46,409.30,-0.16,-15.9,-13.3,0.0,0.0,-2.6,-0.0,1844,812,0,5,15
193,27.58,33541,409.44,409.30,-0.13,-13.6,-11.2,0.0,0.0,-2.4,-0.0,1819,787,0,5,12
194,27.75,33541,409.44,409.28,-0.15,-14.8,-12.3,0.0,0.0,-2.6,-0.0,1819,791,0,5,13
195,27.92,33539,409.41,409.27,-0.13,-13.9,-11.2,0.0,0.0,-2.6,-0.0,1794,764,0,5,12
196,28.01,33535,409.36,409.27,-0.10,-11.0,-8.2,0.0,0.0,-2.8,-0.0,1744,707,0,5,9
197,28.18,33537,409.39,409.25,-0.13,-13.7,-11.2,0.0,0.0,-2.5,-0.0,1769,736,0,6,12
198,28.35,33535,409.36,409.24,-0.12,-12.9,-10.2,0.0,0.0,-2.7,-0.0,1744,711,0,6,11
199,28.43,33533,409.34,409.24,-0.10,-11.0,-8.2,0.0,0.0,-2.8,-0.0,1719,682,0,5,9
200,28.61,33533,409.34,409.22,-0.11,-11.8,-9.2,0.0,0.0,-2.6,-0.0,1719,686,0,6,10
201,28.78,33531,409.31,409.21,-0.10,-11.0,-8.2,0.0,0.0,-2.8,-0.0,1694,664,0,6,9
202,28.86,33531,409.31,409.21,-0.11,-11.7,-9.2,0.0,0.0,-2.4,-0.0,1694,662,0,6,10
203,29.03,33530,409.30,409.19,-0.11,-12.0,-9.2,0.0,0.0,-2.8,-0.0,1682,650,0,6,10
204,29.19,33529,409.29,409.18,-0.11,-11.9,-9.2,0.0,-0.0,-2.7,-0.0,1669,640,0,6,10
205,29.35,33528,409.28,409.17,-0.11,-11.8,-9.2,0.0,-0.0,-2.6,-0.0,1657,629,0,7,9
206,29.45,33528,409.28,409.16,-0.11,-12.2,-9.2,0.0,-0.0,-3.0,-0.0,1657,628,0,7,10
207,29.61,33525,409.24,409.15,-0.09,-9.8,-7.2,0.0,0.0,-2.6,-0.0,1619,586,0,6,7
208,29.78,33525,409.24,409.14,-0.10,-10.9,-8.2,0.0,0.0,-2.7,-0.0,1619,587,0,7,8
209,29.93,33525,409.24,409.13,-0.11,-11.9,-9.2,0.0,0.0,-2.7,-0.0,1619,589,0,7,9
210,30.02,33526,409.25,409.12,-0.13,-14.1,-11.2,0.0,-0.0,-2.9,-0.0,1632,605,0,8,11
211,30.18,33527,409.27,409.11,-0.16,-16.0,-13.3,0.0,-0.0,-2.7,-0.0,1644,620,0,9,13
212,30.36,33529,409.29,409.09,-0.20,-19.4,-16.4,0.0,-0.0,-3.0,-0.0,1669,652,0,10,16
213,30.44,33529,409.29,409.09,-0.21,-20.3,-17.4,0.0,-0.0,-2.9,-0.0,1669,651,0,11,17
214,30.61,33529,409.29,409.08,-0.22,-21.2,-18.4,0.0,-0.0,-2.8,-0.0,1669,651,0,11,17
215,30.77,33527,409.27,409.06,-0.21,-20.2,-17.4,0.0,-0.0,-2.8,-0.0,1644,620,0,11,16
216,30.85,33527,409.27,409.06,-0.21,-20.3,-17.4,0.0,-0.0,-2.9,-0.0,1644,620,0,11,16
217,31.01,33526,409.25,409.04,-0.21,-20.1,-17.4,0.0,-0.0,-2.7,-0.0,1632,604,0,12,16
218,31.18,33526,409.25,409.03,-0.22,-21.2,-18.4,0.0,-0.0,-2.8,-0.0,1632,603,0,12,16
219,31.35,33526,409.25,409.02,-0.23,-22.2,-19.4,0.0,-0.0,-2.8,-0.0,1632,604,0,13,17
220,31.44,33525,409.24,409.01,-0.23,-22.5,-19.4,0.0,-0.0,-3.1,-0.0,1619,592,0,13,17
221,31.59,33527,409.27,409.00,-0.27,-25.2,-22.5,0.0,-0.0,-2.7,-0.0,1644,620,0,14,20
222,31.76,33524,409.23,408.99,-0.24,-23.3,-20.5,0.0,-0.0,-2.9,-0.0,1607,580,0,14,18
223,31.93,33524,409.23,408.97,-0.26,-24.3,-21.5,0.0,-0.0,-2.9,-0.0,1607,580,0,15,18
224,32.01,33523,409.22,408.97,-0.26,-24.5,-21.5,0.0,-0.0,-3.0,-0.0,1594,565,0,15,18
225,32.18,33523,409.22,408.95,-0.27,-25.1,-22.5,0.0,-0.0,-2.6,-0.0,1594,567,0,16,19
226,32.34,33522,409.20,408.94,-0.27,-25.4,-22.5,0.0,-0.0,-2.9,-0.0,1582,552,0,16,18
227,32.42,33522,409.20,408.93,-0.27,-25.5,-22.5,0.0,-0.0,-3.0,-0.0,1582,555,0,16,19
228,32.60,33523,409.22,408.92,-0.29,-27.6,-24.5,0.0,-0.0,-3.0,-0.0,1594,568,0,17,20
229,32.77,33519,409.17,408.90,-0.27,-25.7,-22.5,0.0,-0.0,-3.2,-0.0,1544,514,0,18,18
230,32.86,33519,409.17,408.90,-0.27,-25.7,-22.5,0.0,0.0,-3.2,-0.0,1544,514,0,18,18
231,33.01,33516,409.13,408.88,-0.24,-23.4,-20.5,0.0,0.0,-2.9,-0.0,1507,474,0,17,15
232,33.18,33514,409.11,408.87,-0.23,-22.5,-19.4,0.0,0.0,-3.1,-0.0,1482,443,0,17,14
233,33.36,33512,409.08,408.86,-0.23,-22.5,-19.4,0.0,0.0,-3.1,-0.0,1457,423,0,17,13
234,33.44,33514,409.11,408.85,-0.26,-24.4,-21.5,0.0,0.0,-2.9,-0.0,1482,451,0,18,15
235,33.60,33512,409.08,408.83,-0.24,-23.4,-20.5,0.0,0.0,-3.0,-0.0,1457,426,0,18,14
236,33.77,33510,409.06,408.82,-0.23,-22.5,-19.4,0.0,0.0,-3.0,-0.0,1432,399,0,18,12
237,33.86,33509,409.05,408.81,-0.23,-22.8,-19.4,0.0,0.0,-3.3,-0.0,1419,387,0,18,12
238,34.02,33509,409.05,408.80,-0.24,-23.6,-20.5,0.0,-0.0,-3.2,-0.0,1419,390,0,19,13
239,34.18,33506,409.01,408.79,-0.22,-21.5,-18.4,0.0,0.0,-3.1,-0.0,1382,346,0,18,11
240,34.35,33504,408.98,408.77,-0.21,-20.5,-17.4,0.0,0.0,-3.1,-0.0,1357,322,0,17,9
241,34.44,33504,408.98,408.76,-0.22,-21.8,-18.4,0.0,0.0,-3.4,-0.0,1357,323,0,19,10
242,34.61,33502,408.96,408.75,-0.21,-20.5,-17.4,0.0,0.0,-3.1,-0.0,1332,298,0,18,9
243,34.77,33499,408.92,408.74,-0.18,-18.4,-15.3,0.0,0.0,-3.1,-0.0,1294,257,0,16,7
244,34.86,33496,408.89,408.73,-0.16,-16.7,-13.3,0.0,0.0,-3.4,-0.0,1257,217,0,15,5
245,35.02,33494,408.86,408.71,-0.15,-15.4,-12.3,0.0,0.0,-3.1,-0.0,1232,194,0,14,4
246,35.18,33493,408.85,408.70,-0.15,-15.4,-12.3,0.0,0.0,-3.1,-0.0,1219,180,0,14,4
247,35.34,33492,408.84,408.68,-0.16,-16.5,-13.3,0.0,0.0,-3.2,-0.0,1207,171,0,15,4
248,35.43,33491,408.83,408.68,-0.15,-15.8,-12.3,0.0,0.0,-3.5,-0.0,1194,157,0,15,4
249,35.59,33488,408.79,408.66,-0.12,-13.6,-10.2,0.0,0.0,-3.3,-0.0,1157,124,0,13,2
250,35.75,33484,408.74,408.65,-0.10,-11.5,-8.2,0.0,0.0,-3.3,-0.0,1107,69,0,11,1
251,35.92,33483,408.73,408.63,-0.10,-11.4,-8.2,0.0,0.0,-3.2,-0.0,1094,57,0,11,1
252,36.01,33483,408.73,408.62,-0.10,-11.7,-8.2,0.0,0.0,-3.5,-0.0,1094,56,0,11,1
253,36.17,33480,408.69,408.61,-0.09,-10.4,-7.2,0.0,0.0,-3.2,-0.0,1057,18,0,10,0
254,36.33,33479,408.68,408.60,-0.09,-10.5,-7.2,0.0,0.0,-3.3,-0.0,1044,9,0,10,0
255,36.42,33479,408.68,408.59,-0.09,-10.7,-7.2,0.0,0.0,-3.6,-0.0,1044,12,0,10,0
256,36.57,33477,408.65,408.57,-0.09,-10.5,-7.2,0.0,0.0,-3.3,-0.0,1019,4082,0,10,0
257,36.74,33475,408.63,408.56,-0.07,-9.7,-6.1,0.0,0.0,-3.6,-0.0,994,4056,0,9,-1
258,36.91,33472,408.59,408.54,-0.05,-7.6,-4.1,0.0,0.0,-3.5,-0.0,957,4016,0,7,-1
259,37.01,33470,408.57,408.53,-0.04,-6.8,-3.1,0.0,0.0,-3.7,-0.0,932,3989,0,6,-1
260,37.17,33470,408.57,408.52,-0.05,-7.5,-4.1,0.0,0.0,-3.4,-0.0,932,3992,0,7,-1
261,37.33,33467,408.53,408.50,-0.02,-5.5,-2.0,0.0,0.0,-3.5,-0.0,894,3951,0,5,-1
262,37.43,33467,408.53,408.50,-0.04,-7.0,-3.1,0.0,0.0,-4.0,-0.0,894,3953,0,7,-1
263,37.59,33466,408.52,408.48,-0.04,-6.4,-3.1,0.0,0.0,-3.3,-0.0,882,3946,0,6,-1
264,37.77,33465,408.51,408.46,-0.05,-7.6,-4.1,0.0,0.0,-3.5,-0.0,869,3933,0,7,-2
265,37.85,33465,408.51,408.45,-0.05,-7.7,-4.1,0.0,0.0,-3.6,-0.0,869,3933,0,7,-2
266,38.02,33463,408.48,408.44,-0.05,-7.7,-4.1,0.0,-0.0,-3.6,-0.0,844,3910,0,7,-2
267,38.19,33462,408.47,408.42,-0.05,-7.7,-4.1,0.0,-0.0,-3.6,-0.0,832,3898,0,7,-2
268,38.27,33465,408.51,408.41,-0.10,-11.8,-8.2,0.0,-0.0,-3.6,-0.0,869,3939,0,11,-3
269,38.44,33464,408.50,408.40,-0.10,-11.7,-8.2,0.0,-0.0,-3.5,-0.0,857,3928,0,11,-3
270,38.61,33462,408.47,408.38,-0.09,-10.6,-7.2,0.0,-0.0,-3.4,-0.0,832,3900,0,10,-3
271,38.77,33463,408.48,408.37,-0.12,-13.7,-10.2,0.0,-0.0,-3.5,-0.0,844,3917,0,13,-4
272,38.86,33462,408.47,408.36,-0.11,-13.0,-9.2,0.0,-0.0,-3.8,-0.0,832,3904,0,12,-4
273,39.02,33461,408.46,408.34,-0.12,-13.7,-10.2,0.0,-0.0,-3.5,-0.0,819,3887,0,13,-4
274,39.19,33465,408.51,408.33,-0.18,-19.1,-15.3,0.0,-0.0,-3.7,-0.0,869,3946,0,18,-4
275,39.28,33463,408.48,408.32,-0.17,-18.0,-14.3,0.0,-0.0,-3.7,-0.0,844,3918,0,17,-5
276,39.44,33462,408.47,408.30,-0.17,-17.8,-14.3,0.0,-0.0,-3.5,-0.0,832,3903,0,16,-5
277,39.60,33463,408.48,408.28,-0.20,-20.0,-16.4,0.0,-0.0,-3.6,-0.0,844,3919,0,19,-5
278,39.77,33457,408.41,408.27,-0.15,-16.0,-12.3,0.0,-0.0,-3.7,-0.0,769,3833,0,14,-6
279,39.86,33457,408.41,408.26,-0.15,-16.1,-12.3,0.0,0.0,-3.8,-0.0,769,3829,0,14,-6
280,40.02,33458,408.42,408.24,-0.18,-19.0,-15.3,0.0,-0.0,-3.6,-0.0,782,3848,0,17,-7
281,40.18,33460,408.45,408.23,-0.22,-21.9,-18.4,0.0,-0.0,-3.5,-0.0,807,3876,0,20,-7
282,40.35,33458,408.42,408.21,-0.21,-21.2,-17.4,0.0,-0.0,-3.8,-0.0,782,3849,0,19,-8
283,40.43,33458,408.42,408.20,-0.22,-22.3,-18.4,0.0,-0.0,-3.9,-0.0,782,3856,0,20,-8
284,40.61,33459,408.44,408.18,-0.26,-25.3,-21.5,0.0,-0.0,-3.8,-0.0,794,3868,0,23,-8
285,40.77,33454,408.37,408.17,-0.21,-21.0,-17.4,0.0,-0.0,-3.6,-0.0,732,3797,0,18,-9
286,40.85,33453,408.36,408.16,-0.21,-21.2,-17.4,0.0,0.0,-3.8,-0.0,719,3780,0,18,-10
287,41.02,33454,408.37,408.14,-0.23,-23.2,-19.4,0.0,-0.0,-3.8,-0.0,732,3798,0,20,-10
288,41.18,33459,408.44,408.13,-0.31,-29.2,-25.6,0.0,-0.0,-3.6,-0.0,794,3866,0,27,-10
289,41.27,33456,408.40,408.12,-0.28,-27.6,-23.5,0.0,-0.0,-4.1,-0.0,757,3824,0,24,-11
290,41.44,33452,408.35,408.10,-0.26,-25.1,-21.5,0.0,-0.0,-3.6,-0.0,707,3776,0,21,-11
291,41.61,33451,408.34,408.08,-0.26,-25.4,-21.5,0.0,-0.0,-3.9,-0.0,694,3761,0,21,-12
292,41.70,33450,408.33,408.07,-0.26,-25.6,-21.5,0.0,-0.0,-4.2,-0.0,682,3748,0,21,-13
293,41.87,33447,408.29,408.05,-0.23,-23.1,-19.4,0.0,0.0,-3.7,-0.0,644,3699,0,18,-13
294,42.04,33448,408.30,408.04,-0.27,-26.4,-22.5,0.0,-0.0,-3.9,-0.0,657,3723,0,22,-14
295,42.20,33444,408.25,408.02,-0.23,-23.3,-19.4,0.0,0.0,-3.9,-0.0,607,3667,0,18,-14
296,42.29,33443,408.24,408.01,-0.23,-23.6,-19.4,0.0,0.0,-4.2,-0.0,594,3653,0,18,-14
297,42.45,33444,408.25,407.99,-0.26,-25.3,-21.5,0.0,0.0,-3.8,-0.0,607,3672,0,19,-15
298,42.61,33441,408.22,407.98,-0.24,-24.5,-20.5,0.0,0.0,-4.0,-0.0,569,3632,0,18,-15
299,42.70,33438,408.18,407.97,-0.21,-21.6,-17.4,0.0,0.0,-4.2,-0.0,532,3588,0,15,-15
300,42.87,33435,408.14,407.95,-0.20,-20.4,-16.4,0.0,0.0,-4.0,-0.0,494,3552,0,13,-15
301,43.04,33433,408.12,407.93,-0.18,-19.2,-15.3,0.0,0.0,-3.9,-0.0,469,3526,0,12,-14
302,43.13,33433,408.12,407.92,-0.20,-20.6,-16.4,0.0,0.0,-4.2,-0.0,469,3524,0,13,-15
303,43.29,33427,408.04,407.90,-0.15,-16.1,-12.3,0.0,0.0,-3.8,-0.0,394,3446,0,8,-13
304,43.46,33424,408.01,407.88,-0.12,-14.0,-10.2,0.0,0.0,-3.8,-0.0,357,3413,0,7,-12
305,43.62,33424,408.01,407.87,-0.15,-16.2,-12.3,0.0,0.0,-3.9,-0.0,357,3414,0,8,-14
306,43.71,33423,408.00,407.86,-0.13,-15.6,-11.2,0.0,0.0,-4.4,-0.0,344,3400,0,7,-13
307,43.88,33420,407.96,407.84,-0.12,-14.2,-10.2,0.0,0.0,-4.0,-0.0,307,3364,0,6,-12
308,44.04,33415,407.90,407.82,-0.07,-10.1,-6.1,0.0,0.0,-4.0,-0.0,244,3301,0,3,-9
309,44.13,33414,407.89,407.81,-0.07,-10.3,-6.1,0.0,0.0,-4.2,-0.0,232,3288,0,3,-9
310,44.29,33414,407.89,407.79,-0.10,-12.1,-8.2,0.0,0.0,-4.0,-0.0,232,3289,0,4,-11
311,44.46,33410,407.84,407.77,-0.06,-9.1,-5.1,0.0,0.0,-4.0,-0.0,182,3236,0,2,-9
312,44.62,33408,407.81,407.76,-0.06,-9.1,-5.1,0.0,0.0,-4.0,-0.0,157,3216,0,2,-9
313,44.71,33407,407.80,407.75,-0.05,-8.4,-4.1,0.0,0.0,-4.3,-0.0,144,3203,0,2,-8
314,44.87,33407,407.80,407.73,-0.07,-10.0,-6.1,0.0,0.0,-3.9,-0.0,144,3206,0,2,-9
315,45.03,33404,407.76,407.71,-0.05,-8.0,-4.1,0.0,0.0,-4.0,-0.0,107,3167,0,1,-8
316,45.19,33403,407.75,407.69,-0.06,-9.1,-5.1,0.0,0.0,-4.0,-0.0,94,3156,0,1,-9
317,45.28,33403,407.75,407.68,-0.07,-10.5,-6.1,0.0,-0.0,-4.4,-0.0,94,3158,0,1,-10
318,45.44,33396,407.67,407.66,0.00,-4.0,0.0,0.0,0.0,-4.0,-0.0,7,3063,0,0,-4
319,45.61,33395,407.65,407.64,-0.01,-5.1,-1.0,0.0,0.0,-4.1,-0.0,4090,3051,0,0,-5
320,45.70,33395,407.65,407.63,-0.02,-6.6,-2.0,0.0,0.0,-4.6,-0.0,4090,3051,0,0,-6
321,45.87,33389,407.58,407.61,0.04,-1.2,3.1,0.0,0.0,-4.2,-0.0,4015,2970,0,0,-1
322,46.04,33388,407.57,407.60,0.02,-2.1,2.0,0.0,0.0,-4.1,-0.0,4003,2962,0,0,-2
323,46.12,33388,407.57,407.59,0.01,-3.4,1.0,0.0,0.0,-4.4,-0.0,4003,2967,0,-1,-3
324,46.29,33386,407.54,407.57,0.02,-2.3,2.0,0.0,0.0,-4.3,-0.0,3978,2941,0,0,-2
325,46.46,33386,407.54,407.55,0.00,-4.2,0.0,0.0,0.0,-4.2,-0.0,3978,2944,0,-1,-4
326,46.55,33384,407.52,407.54,0.01,-3.5,1.0,0.0,-0.0,-4.5,-0.0,3953,2921,0,-1,-3
327,46.72,33384,407.52,407.52,0.00,-4.1,0.0,0.0,-0.0,-4.1,-0.0,3953,2923,0,-1,-4
328,46.88,33384,407.52,407.50,-0.02,-6.2,-2.0,0.0,-0.0,-4.1,-0.0,3953,2923,0,-1,-6
329,47.05,33383,407.51,407.48,-0.02,-6.4,-2.0,0.0,-0.0,-4.3,-0.0,3940,2911,0,-2,-6
330,47.14,33382,407.50,407.47,-0.02,-6.6,-2.0,0.0,-0.0,-4.6,-0.0,3928,2898,0,-2,-6
331,47.30,33381,407.48,407.45,-0.04,-6.9,-3.1,0.0,-0.0,-3.9,-0.0,3915,2887,0,-2,-6
332,47.46,33380,407.47,407.43,-0.04,-7.2,-3.1,0.0,-0.0,-4.2,-0.0,3903,2873,0,-2,-7
333,47.62,33380,407.47,407.41,-0.06,-9.3,-5.1,0.0,-0.0,-4.2,-0.0,3903,2873,0,-3,-9
334,47.70,33378,407.45,407.40,-0.05,-8.6,-4.1,0.0,-0.0,-4.5,-0.0,3878,2846,0,-3,-8
335,47.87,33378,407.45,407.38,-0.06,-9.2,-5.1,0.0,-0.0,-4.1,-0.0,3878,2850,0,-3,-8
336,48.04,33379,407.46,407.36,-0.10,-12.4,-8.2,0.0,-0.0,-4.2,-0.0,3890,2863,0,-4,-11
337,48.12,33378,407.45,407.35,-0.10,-12.7,-8.2,0.0,-0.0,-4.5,-0.0,3878,2851,0,-4,-12
338,48.29,33378,407.45,407.33,-0.12,-14.6,-10.2,0.0,-0.0,-4.4,-0.0,3878,2851,0,-5,-13
339,48.46,33378,407.45,407.31,-0.13,-15.7,-11.2,0.0,-0.0,-4.5,-0.0,3878,2854,0,-5,-14
340,48.62,33378,407.45,407.29,-0.16,-17.9,-13.3,0.0,-0.0,-4.6,-0.0,3878,2852,0,-6,-16
341,48.71,33378,407.45,407.28,-0.17,-18.8,-14.3,0.0,-0.0,-4.5,-0.0,3878,2852,0,-6,-17
342,48.87,33377,407.43,407.26,-0.17,-18.7,-14.3,0.0,-0.0,-4.4,-0.0,3865,2840,0,-6,-17
343,49.04,33378,407.45,407.24,-0.21,-21.8,-17.4,0.0,-0.0,-4.4,-0.0,3878,2854,0,-7,-20
344,49.13,33377,407.43,407.23,-0.21,-22.3,-17.4,0.0,-0.0,-4.9,-0.0,3865,2839,0,-8,-20
345,49.30,33377,407.43,407.21,-0.23,-24.1,-19.4,0.0,-0.0,-4.7,-0.0,3865,2839,0,-8,-22
346,49.47,33377,407.43,407.19,-0.24,-25.0,-20.5,0.0,-0.0,-4.6,-0.0,3865,2840,0,-8,-23
347,49.56,33377,407.43,407.17,-0.26,-26.6,-21.5,0.0,-0.0,-5.1,-0.0,3865,2841,0,-9,-24
348,49.73,33373,407.39,407.15,-0.23,-24.0,-19.4,0.0,-0.0,-4.6,-0.0,3815,2784,0,-10,-21
349,49.91,33375,407.41,407.13,-0.28,-28.5,-23.5,0.0,-0.0,-5.0,-0.0,3840,2813,0,-11,-25
350,50.00,33372,407.37,407.12,-0.26,-26.4,-21.5,0.0,-0.0,-4.9,-0.0,3803,2771,0,-11,-23
351,50.16,33370,407.35,407.10,-0.24,-25.1,-20.5,0.0,0.0,-4.6,-0.0,3778,2744,0,-12,-21
352,50.32,33369,407.34,407.08,-0.26,-26.0,-21.5,0.0,0.0,-4.6,-0.0,3765,2729,0,-13,-22
353,50.41,33369,407.34,407.07,-0.27,-27.5,-22.5,0.0,-0.0,-5.0,-0.0,3765,2735,0,-13,-23
354,50.58,33366,407.30,407.05,-0.26,-26.4,-21.5,0.0,0.0,-4.9,-0.0,3728,2690,0,-14,-21
355,50.75,33363,407.26,407.03,-0.24,-25.0,-20.5,0.0,0.0,-4.5,-0.0,3690,2656,0,-14,-19
356,50.84,33363,407.26,407.01,-0.24,-25.5,-20.5,0.0,0.0,-5.0,-0.0,3690,2655,0,-15,-20
357,51.01,33365,407.29,406.99,-0.29,-29.2,-24.5,0.0,-0.0,-4.7,-0.0,3715,2685,0,-16,-23
358,51.17,33360,407.23,406.97,-0.26,-26.3,-21.5,0.0,0.0,-4.8,-0.0,3653,2617,0,-16,-20
359,51.33,33358,407.20,406.95,-0.26,-26.1,-21.5,0.0,-0.0,-4.6,-0.0,3628,2595,0,-17,-19
360,51.41,33357,407.19,406.94,-0.24,-25.0,-20.5,0.0,0.0,-4.6,-0.0,3615,2582,0,-17,-18
361,51.59,33354,407.15,406.92,-0.23,-24.4,-19.4,0.0,0.0,-5.0,-0.0,3578,2536,0,-17,-16
362,51.75,33349,407.09,406.90,-0.20,-21.1,-16.4,0.0,0.0,-4.8,-0.0,3515,2471,0,-16,-12
363,51.84,33351,407.12,406.89,-0.23,-24.4,-19.4,0.0,0.0,-4.9,-0.0,3540,2502,0,-18,-15
364,52.01,33349,407.09,406.86,-0.23,-24.2,-19.4,0.0,0.0,-4.7,-0.0,3515,2478,0,-18,-14
365,52.17,33345,407.04,406.84,-0.21,-22.2,-17.4,0.0,0.0,-4.8,-0.0,3465,2425,0,-18,-12
366,52.26,33342,407.01,406.83,-0.17,-19.5,-14.3,0.0,0.0,-5.1,-0.0,3428,2385,0,-16,-9
367,52.43,33341,406.99,406.81,-0.18,-20.1,-15.3,0.0,0.0,-4.8,-0.0,3415,2379,0,-17,-9
368,52.60,33335,406.92,406.79,-0.13,-15.8,-11.2,0.0,0.0,-4.5,-0.0,3340,2293,0,-14,-6
369,52.68,33332,406.88,406.77,-0.11,-14.3,-9.2,0.0,0.0,-5.1,-0.0,3303,2252,0,-13,-4
370,52.85,33332,406.88,406.75,-0.13,-16.0,-11.2,0.0,0.0,-4.8,-0.0,3303,2260,0,-15,-5
371,53.01,33330,406.86,406.73,-0.13,-16.3,-11.2,0.0,0.0,-5.0,-0.0,3278,2237,0,-15,-5
372,53.17,33327,406.82,406.71,-0.11,-14.0,-9.2,0.0,0.0,-4.7,-0.0,3240,2199,0,-13,-3
373,53.33,33320,406.74,406.69,-0.05,-8.9,-4.1,0.0,0.0,-4.8,-0.0,3153,2111,0,-9,-1
374,53.41,33320,406.74,406.68,-0.06,-10.1,-5.1,0.0,0.0,-5.0,-0.0,3153,2108,0,-10,-1
375,53.59,33316,406.69,406.65,-0.04,-8.0,-3.1,0.0,0.0,-4.9,-0.0,3103,2055,0,-8,0
376,53.75,33315,406.68,406.63,-0.05,-8.6,-4.1,0.0,0.0,-4.6,-0.0,3090,2048,0,-8,0
377,53.84,33313,406.65,406.62,-0.04,-8.3,-3.1,0.0,0.0,-5.2,-0.0,3065,2019,0,-8,0
378,53.99,33312,406.64,406.60,-0.04,-8.0,-3.1,0.0,0.0,-4.9,-0.0,3053,2017,0,-8,0
379,54.16,33311,406.63,406.58,-0.05,-9.0,-4.1,0.0,0.0,-4.9,-0.0,3040,2005,0,-9,1
380,54.33,33307,406.58,406.55,-0.02,-6.9,-2.0,0.0,0.0,-4.8,-0.0,2990,1954,0,-7,1
381,54.41,33306,406.57,406.54,-0.02,-7.0,-2.0,0.0,0.0,-4.9,-0.0,2978,1940,0,-7,1
382,54.58,33299,406.48,406.52,0.04,-2.5,3.1,0.0,0.0,-5.5,-0.0,2890,1846,0,-2,1
383,54.75,33296,406.45,406.50,0.05,-1.1,4.1,0.0,0.0,-5.2,-0.0,2853,1803,0,-1,0
384,54.84,33296,406.45,406.48,0.04,-2.3,3.1,0.0,0.0,-5.4,-0.0,2853,1805,0,-2,1
385,55.01,33298,406.47,406.46,-0.01,-6.1,-1.0,0.0,0.0,-5.1,-0.0,2878,1841,0,-6,2
386,55.18,33293,406.41,406.44,0.02,-2.9,2.0,0.0,0.0,-4.9,-0.0,2815,1775,0,-3,1
387,55.26,33293,406.41,406.43,0.01,-4.2,1.0,0.0,-0.0,-5.2,-0.0,2815,1782,0,-4,2
388,55.43,33293,406.41,406.40,0.00,-5.3,0.0,0.0,-0.0,-5.3,-0.0,2815,1786,0,-5,2
389,55.61,33290,406.37,406.38,0.01,-3.9,1.0,0.0,-0.0,-5.0,-0.0,2778,1745,0,-3,2
390,55.69,33286,406.32,406.37,0.05,-1.4,4.1,0.0,0.0,-5.5,-0.0,2728,1685,0,-1,1
391,55.87,33285,406.31,406.34,0.04,-1.9,3.1,0.0,0.0,-5.0,-0.0,2715,1680,0,-2,1
392,56.04,33282,406.27,406.32,0.05,-1.2,4.1,0.0,0.0,-5.3,-0.0,2678,1637,0,-1,1
393,56.13,33282,406.27,406.31,0.04,-2.5,3.1,0.0,0.0,-5.6,-0.0,2678,1637,0,-2,1
394,56.29,33282,406.27,406.28,0.01,-4.0,1.0,0.0,0.0,-5.0,-0.0,2678,1643,0,-3,2
395,56.46,33282,406.27,406.26,-0.01,-6.3,-1.0,0.0,-0.0,-5.3,-0.0,2678,1649,0,-5,4
396,56.55,33280,406.25,406.25,0.00,-5.3,0.0,0.0,-0.0,-5.3,-0.0,2653,1621,0,-4,3
397,56.71,33277,406.21,406.22,0.01,-4.0,1.0,0.0,-0.0,-5.0,-0.0,2615,1584,0,-3,3
398,56.87,33278,406.23,406.20,-0.02,-7.2,-2.0,0.0,-0.0,-5.2,-0.0,2628,1598,0,-5,4
399,56.97,33278,406.23,406.19,-0.04,-8.7,-3.1,0.0,-0.0,-5.6,-0.0,2628,1598,0,-6,5
400,57.13,33275,406.19,406.16,-0.02,-7.1,-2.0,0.0,-0.0,-5.0,-0.0,2590,1556,0,-5,5
401,57.30,33277,406.21,406.14,-0.07,-11.5,-6.1,0.0,-0.0,-5.4,-0.0,2615,1591,0,-9,7
402,57.39,33277,406.21,406.13,-0.09,-12.5,-7.2,0.0,-0.0,-5.4,-0.0,2615,1591,0,-9,8
403,57.56,33277,406.21,406.10,-0.11,-14.7,-9.2,0.0,-0.0,-5.5,-0.0,2615,1589,0,-11,9
404,57.73,33274,406.18,406.08,-0.10,-13.3,-8.2,0.0,-0.0,-5.2,-0.0,2578,1551,0,-9,9
405,57.82,33271,406.14,406.06,-0.07,-12.1,-6.1,0.0,-0.0,-5.9,-0.0,2540,1509,0,-8,9
406,57.99,33271,406.14,406.04,-0.10,-13.4,-8.2,0.0,-0.0,-5.3,-0.0,2540,1507,0,-9,10
407,58.16,33272,406.15,406.02,-0.13,-16.6,-11.2,0.0,-0.0,-5.4,-0.0,2553,1522,0,-11,12
408,58.32,33271,406.14,405.99,-0.15,-17.6,-12.3,0.0,-0.0,-5.3,-0.0,2540,1510,0,-12,13
409,58.41,33269,406.12,405.98,-0.13,-17.0,-11.2,0.0,-0.0,-5.7,-0.0,2515,1483,0,-11,13
410,58.59,33269,406.12,405.95,-0.16,-19.1,-13.3,0.0,-0.0,-5.8,-0.0,2515,1488,0,-12,14
411,58.68,33271,406.14,405.94,-0.20,-22.0,-16.4,0.0,-0.0,-5.7,-0.0,2540,1516,0,-15,16
412,58.84,33270,406.13,405.92,-0.21,-22.7,-17.4,0.0,-0.0,-5.3,-0.0,2528,1501,0,-15,16
413,59.01,33270,406.13,405.89,-0.23,-24.6,-19.4,0.0,-0.0,-5.2,-0.0,2528,1503,0,-16,18
414,59.17,33267,406.09,405.87,-0.22,-23.7,-18.4,0.0,-0.0,-5.3,-0.0,2490,1463,0,-14,18
415,59.26,33268,406.10,405.85,-0.24,-26.0,-20.5,0.0,-0.0,-5.6,-0.0,2503,1477,0,-16,19
416,59.43,33264,406.05,405.83,-0.22,-23.6,-18.4,0.0,-0.0,-5.2,-0.0,2453,1422,0,-13,19
417,59.60,33266,406.08,405.80,-0.28,-29.1,-23.5,0.0,-0.0,-5.6,-0.0,2478,1443,0,-17,23
418,59.69,33264,406.05,405.79,-0.27,-28.3,-22.5,0.0,-0.0,-5.8,-0.0,2453,1420,0,-16,22
419,59.86,33262,406.03,405.76,-0.27,-28.1,-22.5,0.0,-0.0,-5.6,-0.0,2428,1397,0,-15,23
420,60.03,33260,406.01,405.74,-0.27,-27.8,-22.5,0.0,-0.0,-5.3,-0.0,2403,1371,0,-14,23
421,60.11,33260,406.01,405.73,-0.28,-29.3,-23.5,0.0,-0.0,-5.8,-0.0,2403,1373,0,-14,24
422,60.28,33256,405.96,405.70,-0.26,-26.9,-21.5,0.0,0.0,-5.4,-0.0,2353,1315,0,-11,23
423,60.45,33253,405.92,405.68,-0.24,-26.0,-20.5,0.0,0.0,-5.6,-0.0,2315,1277,0,-10,23
424,60.60,33251,405.90,405.65,-0.24,-25.7,-20.5,0.0,0.0,-5.2,-0.0,2290,1252,0,-9,23
425,60.68,33251,405.90,405.64,-0.26,-27.0,-21.5,0.0,0.0,-5.5,-0.0,2290,1252,0,-9,25
426,60.85,33249,405.87,405.61,-0.26,-26.9,-21.5,0.0,0.0,-5.4,-0.0,2265,1227,0,-8,25
427,61.02,33246,405.83,405.59,-0.24,-26.2,-20.5,0.0,0.0,-5.7,-0.0,2228,1191,0,-6,25
428,61.11,33246,405.83,405.58,-0.26,-27.6,-21.5,0.0,-0.0,-6.1,-0.0,2228,1192,0,-7,26
429,61.28,33238,405.74,405.55,-0.18,-21.4,-15.3,0.0,0.0,-6.0,-0.0,2128,1083,0,-2,21
430,61.45,33236,405.71,405.52,-0.20,-21.8,-16.4,0.0,0.0,-5.5,-0.0,2103,1057,0,-1,21
431,61.54,33234,405.69,405.51,-0.18,-21.7,-15.3,0.0,0.0,-6.3,-0.0,2078,1030,0,0,21
432,61.71,33231,405.65,405.48,-0.17,-20.2,-14.3,0.0,0.0,-5.9,-0.0,2040,993,0,1,20
433,61.88,33224,405.57,405.46,-0.11,-14.6,-9.2,0.0,0.0,-5.4,-0.0,1953,904,0,3,14
434,61.97,33223,405.55,405.44,-0.11,-15.6,-9.2,0.0,0.0,-6.4,-0.0,1940,891,0,3,15
435,62.13,33219,405.51,405.42,-0.09,-12.8,-7.2,0.0,0.0,-5.6,-0.0,1890,841,0,3,12
436,62.30,33218,405.49,405.39,-0.10,-13.6,-8.2,0.0,0.0,-5.5,-0.0,1878,833,0,4,13
437,62.39,33214,405.44,405.38,-0.06,-11.2,-5.1,0.0,0.0,-6.1,-0.0,1828,777,0,4,10
438,62.56,33213,405.43,405.35,-0.09,-13.0,-7.2,0.0,0.0,-5.9,-0.0,1815,774,0,5,12
439,62.73,33209,405.38,405.33,-0.06,-10.5,-5.1,0.0,0.0,-5.4,-0.0,1765,724,0,5,9
440,62.81,33207,405.36,405.31,-0.05,-10.4,-4.1,0.0,0.0,-6.3,-0.0,1740,697,0,5,9
441,62.97,33202,405.30,405.29,-0.01,-6.9,-1.0,0.0,0.0,-5.9,-0.0,1678,630,0,4,6
442,63.14,33202,405.30,405.26,-0.04,-8.6,-3.1,0.0,0.0,-5.5,-0.0,1678,638,0,5,7
443,63.30,33196,405.22,405.23,0.01,-5.0,1.0,0.0,0.0,-6.0,-0.0,1603,555,0,3,4
444,63.39,33196,405.22,405.22,0.00,-6.0,0.0,0.0,0.0,-6.0,-0.0,1603,559,0,4,4
445,63.56,33193,405.19,405.19,0.00,-5.9,0.0,0.0,0.0,-5.9,-0.0,1565,523,0,4,4
446,63.72,33191,405.16,405.17,0.00,-5.9,0.0,0.0,0.0,-5.9,-0.0,1540,499,0,4,4
447,63.87,33190,405.15,405.14,-0.01,-6.6,-1.0,0.0,0.0,-5.6,-0.0,1528,489,0,5,4
448,63.96,33190,405.15,405.13,-0.02,-8.6,-2.0,0.0,-0.0,-6.6,-0.0,1528,494,0,6,6
449,64.12,33186,405.10,405.10,0.00,-5.5,0.0,0.0,0.0,-5.5,-0.0,1478,442,0,4,3
450,64.29,33180,405.03,405.08,0.05,-1.6,4.1,0.0,0.0,-5.7,-0.0,1403,360,0,1,1
451,64.46,33180,405.03,405.05,0.02,-4.0,2.0,0.0,0.0,-6.0,-0.0,1403,364,0,3,2
452,64.54,33180,405.03,405.04,0.01,-4.6,1.0,0.0,0.0,-5.7,-0.0,1403,365,0,4,2
453,64.71,33177,404.99,405.01,0.01,-4.7,1.0,0.0,0.0,-5.7,-0.0,1365,324,0,4,2
454,64.88,33174,404.96,404.98,0.02,-3.8,2.0,0.0,-0.0,-5.9,-0.0,1328,292,0,3,2
455,64.97,33174,404.96,404.97,0.01,-5.2,1.0,0.0,-0.0,-6.2,-0.0,1328,295,0,4,2
456,65.14,33174,404.96,404.94,-0.01,-7.1,-1.0,0.0,-0.0,-6.1,-0.0,1328,295,0,6,3
457,65.31,33171,404.92,404.91,-0.01,-7.3,-1.0,0.0,0.0,-6.3,-0.0,1290,252,0,7,3
458,65.40,33170,404.91,404.90,-0.01,-7.2,-1.0,0.0,-0.0,-6.2,-0.0,1278,243,0,7,3
459,65.56,33171,404.92,404.87,-0.05,-10.0,-4.1,0.0,-0.0,-5.9,-0.0,1290,262,0,9,4
460,65.73,33169,404.90,404.84,-0.05,-10.1,-4.1,0.0,-0.0,-6.0,-0.0,1265,234,0,9,3
461,65.81,33166,404.86,404.83,-0.02,-8.2,-2.0,0.0,-0.0,-6.2,-0.0,1228,192,0,8,2
462,65.99,33166,404.86,404.80,-0.06,-11.4,-5.1,0.0,-0.0,-6.3,-0.0,1228,196,0,11,3
463,66.16,33167,404.87,404.77,-0.10,-14.4,-8.2,0.0,-0.0,-6.2,-0.0,1240,210,0,13,4
464,66.24,33167,404.87,404.76,-0.11,-15.4,-9.2,0.0,-0.0,-6.2,-0.0,1240,210,0,14,5
465,66.41,33166,404.86,404.73,-0.13,-17.2,-11.2,0.0,-0.0,-5.9,-0.0,1228,200,0,16,5
466,66.58,33165,404.85,404.70,-0.15,-18.3,-12.3,0.0,-0.0,-6.0,-0.0,1215,191,0,17,5
467,66.66,33165,404.85,404.69,-0.16,-20.0,-13.3,0.0,-0.0,-6.7,-0.0,1215,189,0,19,6
468,66.83,33164,404.83,404.66,-0.17,-20.5,-14.3,0.0,-0.0,-6.2,-0.0,1203,175,0,19,5
469,67.00,33163,404.82,404.63,-0.20,-22.4,-16.4,0.0,-0.0,-6.1,-0.0,1190,162,0,21,5
470,67.16,33165,404.85,404.60,-0.24,-26.5,-20.5,0.0,-0.0,-6.0,-0.0,1215,191,0,25,7
471,67.26,33164,404.83,404.59,-0.24,-27.2,-20.5,0.0,-0.0,-6.7,-0.0,1203,177,0,25,7
472,67.41,33163,404.82,404.56,-0.26,-27.6,-21.5,0.0,-0.0,-6.1,-0.0,1190,165,0,26,7
473,67.57,33160,404.79,404.53,-0.26,-27.8,-21.5,0.0,-0.0,-6.3,-0.0,1153,124,0,26,5
474,67.74,33161,404.80,404.51,-0.29,-30.8,-24.5,0.0,-0.0,-6.2,-0.0,1165,138,0,29,6
475,67.83,33161,404.80,404.49,-0.31,-32.1,-25.6,0.0,-0.0,-6.6,-0.0,1165,135,0,30,6
476,68.00,33157,404.75,404.46,-0.28,-30.0,-23.5,0.0,-0.0,-6.5,-0.0,1115,80,0,29,4
477,68.17,33155,404.72,404.43,-0.29,-30.8,-24.5,0.0,-0.0,-6.3,-0.0,1090,56,0,30,3
478,68.25,33153,404.70,404.42,-0.28,-30.1,-23.5,0.0,-0.0,-6.6,-0.0,1065,30,0,29,1
479,68.43,33149,404.65,404.39,-0.26,-27.8,-21.5,0.0,0.0,-6.3,-0.0,1015,4069,0,27,-1
480,68.60,33150,404.66,404.36,-0.31,-32.2,-25.6,0.0,-0.0,-6.6,-0.0,1028,4086,0,31,0
481,68.69,33150,404.66,404.34,-0.32,-33.3,-26.6,0.0,-0.0,-6.7,-0.0,1028,4089,0,32,0
482,68.86,33146,404.61,404.32,-0.29,-30.8,-24.5,0.0,0.0,-6.2,-0.0,978,4037,0,30,-3
483,69.02,33145,404.60,404.29,-0.32,-32.6,-26.6,0.0,-0.0,-6.0,-0.0,965,4029,0,31,-3
484,69.10,33144,404.59,404.27,-0.32,-33.2,-26.6,0.0,-0.0,-6.6,-0.0,953,4017,0,32,-4
485,69.28,33139,404.53,404.24,-0.28,-30.0,-23.5,0.0,0.0,-6.5,-0.0,890,3945,0,28,-7
486,69.44,33137,404.50,404.21,-0.29,-30.8,-24.5,0.0,0.0,-6.3,-0.0,865,3919,0,29,-8
487,69.52,33137,404.50,404.20,-0.31,-31.9,-25.6,0.0,-0.0,-6.3,-0.0,865,3924,0,30,-8
488,69.69,33130,404.42,404.17,-0.24,-26.9,-20.5,0.0,0.0,-6.4,-0.0,778,3828,0,24,-10
489,69.86,33127,404.38,404.14,-0.24,-26.9,-20.5,0.0,0.0,-6.4,-0.0,740,3791,0,23,-12
490,70.02,33125,404.36,404.11,-0.24,-26.7,-20.5,0.0,0.0,-6.2,-0.0,715,3768,0,23,-12
491,70.11,33123,404.33,404.10,-0.23,-26.1,-19.4,0.0,0.0,-6.7,-0.0,690,3740,0,22,-13
492,70.27,33120,404.30,404.07,-0.23,-25.6,-19.4,0.0,0.0,-6.2,-0.0,653,3703,0,20,-14
493,70.43,33117,404.26,404.04,-0.22,-24.7,-18.4,0.0,0.0,-6.3,-0.0,615,3672,0,19,-14
494,70.53,33112,404.20,404.03,-0.17,-21.3,-14.3,0.0,0.0,-7.0,-0.0,553,3600,0,15,-14
495,70.69,33108,404.15,404.00,-0.16,-19.6,-13.3,0.0,0.0,-6.3,-0.0,503,3550,0,13,-14
496,70.86,33101,404.06,403.97,-0.10,-14.6,-8.2,0.0,0.0,-6.4,-0.0,415,3457,0,8,-12
497,70.94,33098,404.03,403.95,-0.07,-13.0,-6.1,0.0,0.0,-6.9,-0.0,378,3416,0,6,-11
498,71.11,33093,403.97,403.92,-0.05,-10.3,-4.1,0.0,0.0,-6.2,-0.0,315,3353,0,4,-9
499,71.28,33091,403.94,403.89,-0.05,-10.3,-4.1,0.0,0.0,-6.3,-0.0,290,3333,0,4,-9
500,71.44,33085,403.87,403.86,-0.01,-7.3,-1.0,0.0,0.0,-6.3,-0.0,215,3258,0,2,-7
501,71.53,33085,403.87,403.85,-0.02,-8.9,-2.0,0.0,0.0,-6.8,-0.0,215,3262,0,2,-8
502,71.69,33078,403.78,403.82,0.04,-3.2,3.1,0.0,0.0,-6.3,-0.0,128,3175,0,0,-3
503,71.86,33074,403.74,403.79,0.05,-2.4,4.1,0.0,0.0,-6.5,-0.0,78,3122,0,0,-2
504,71.95,33074,403.74,403.77,0.04,-3.7,3.1,0.0,0.0,-6.7,-0.0,78,3124,0,0,-4
505,72.11,33071,403.70,403.74,0.05,-2.2,4.1,0.0,0.0,-6.3,-0.0,40,3092,0,0,-2
506,72.27,33069,403.67,403.71,0.04,-3.2,3.1,0.0,0.0,-6.2,-0.0,15,3070,0,0,-3
507,72.44,33066,403.64,403.68,0.05,-2.4,4.1,0.0,0.0,-6.5,-0.0,4074,3035,0,0,-2
508,72.53,33064,403.61,403.67,0.05,-2.8,4.1,0.0,0.0,-6.9,-0.0,4049,3009,0,0,-3
509,72.69,33061,403.58,403.64,0.06,-1.5,5.1,0.0,0.0,-6.6,-0.0,4011,2967,0,0,-1
510,72.86,33057,403.53,403.61,0.07,-0.6,6.1,0.0,0.0,-6.7,-0.0,3961,2917,0,0,-1
511,72.94,33052,403.47,403.59,0.12,3.4,10.2,0.0,0.0,-6.8,-0.0,3899,801,0,1,3
512,73.12,33048,403.42,403.56,0.15,5.5,12.3,0.0,0.0,-6.7,-0.0,3849,750,0,2,5
513,73.28,33048,403.42,403.53,0.11,3.0,9.2,0.0,0.0,-6.2,-0.0,3849,758,0,1,3
514,73.44,33045,403.38,403.50,0.12,3.7,10.2,0.0,0.0,-6.6,-0.0,3811,720,0,2,3
515,73.53,33045,403.38,403.48,0.10,1.3,8.2,0.0,0.0,-6.9,-0.0,3811,721,0,1,1
516,73.70,33044,403.37,403.45,0.09,0.4,7.2,0.0,-0.0,-6.8,-0.0,3799,722,0,0,0
517,73.87,33037,403.28,403.42,0.13,4.4,11.2,0.0,0.0,-6.8,-0.0,3711,618,0,3,3
518,73.96,33037,403.28,403.40,0.12,2.7,10.2,0.0,0.0,-7.5,-0.0,3711,621,0,2,2
519,74.13,33037,403.28,403.37,0.09,0.4,7.2,0.0,-0.0,-6.7,-0.0,3711,627,0,0,0
520,74.29,33036,403.27,403.34,0.07,-0.5,6.1,0.0,-0.0,-6.6,-0.0,3699,2663,0,0,0
521,74.38,33034,403.25,403.33,0.07,-0.9,6.1,0.0,-0.0,-7.1,-0.0,3674,2635,0,-1,-1
522,74.54,33032,403.22,403.30,0.07,-0.3,6.1,0.0,-0.0,-6.4,-0.0,3649,2618,0,0,0
523,74.70,33032,403.22,403.27,0.05,-2.7,4.1,0.0,-0.0,-6.8,-0.0,3649,2617,0,-2,-2
524,74.87,33030,403.20,403.24,0.04,-3.7,3.1,0.0,-0.0,-6.8,-0.0,3624,2589,0,-2,-3
525,74.95,33030,403.20,403.22,0.02,-5.2,2.0,0.0,-0.0,-7.2,-0.0,3624,2590,0,-3,-4
526,75.12,33025,403.14,403.19,0.05,-2.7,4.1,0.0,-0.0,-6.8,-0.0,3561,2526,0,-2,-2
527,75.28,33027,403.16,403.16,0.00,-6.5,0.0,0.0,-0.0,-6.5,-0.0,3586,2555,0,-4,-4
528,75.37,33026,403.15,403.14,-0.01,-8.0,-1.0,0.0,-0.0,-6.9,-0.0,3574,2541,0,-6,-5
529,75.53,33026,403.15,403.11,-0.04,-9.7,-3.1,0.0,-0.0,-6.6,-0.0,3574,2544,0,-7,-6
530,75.69,33027,403.16,403.08,-0.09,-14.1,-7.2,0.0,-0.0,-7.0,-0.0,3586,2560,0,-10,-10
531,75.86,33028,403.17,403.05,-0.12,-17.1,-10.2,0.0,-0.0,-6.9,-0.0,3599,2578,0,-11,-12
532,75.95,33026,403.15,403.03,-0.12,-17.2,-10.2,0.0,-0.0,-7.0,-0.0,3574,2548,0,-12,-12
533,76.11,33026,403.15,403.00,-0.15,-19.0,-12.3,0.0,-0.0,-6.7,-0.0,3574,2550,0,-13,-13
534,76.28,33026,403.15,402.97,-0.18,-22.2,-15.3,0.0,-0.0,-6.8,-0.0,3574,2547,0,-15,-15
535,76.36,33026,403.15,402.95,-0.20,-23.8,-16.4,0.0,-0.0,-7.4,-0.0,3574,2548,0,-17,-16
536,76.53,33024,403.12,402.92,-0.21,-24.2,-17.4,0.0,-0.0,-6.8,-0.0,3549,2519,0,-18,-16
537,76.70,33023,403.11,402.89,-0.22,-25.4,-18.4,0.0,-0.0,-7.0,-0.0,3536,2507,0,-19,-16
538,76.86,33024,403.12,402.86,-0.27,-29.5,-22.5,0.0,-0.0,-7.0,-0.0,3549,2522,0,-21,-19
539,76.94,33024,403.12,402.84,-0.28,-29.9,-23.5,0.0,-0.0,-6.4,-0.0,3549,2522,0,-22,-19
540,77.11,33022,403.10,402.81,-0.29,-31.9,-24.5,0.0,-0.0,-7.3,-0.0,3524,2494,0,-24,-20
541,77.27,33019,403.06,402.78,-0.28,-30.3,-23.5,0.0,-0.0,-6.8,-0.0,3486,2456,0,-24,-17
542,77.36,33019,403.06,402.76,-0.31,-33.2,-25.6,0.0,-0.0,-7.6,-0.0,3486,2456,0,-26,-19
543,77.53,33018,403.05,402.73,-0.32,-33.5,-26.6,0.0,-0.0,-6.9,-0.0,3474,2441,0,-27,-18
544,77.70,33016,403.03,402.70,-0.33,-34.7,-27.6,0.0,-0.0,-7.1,-0.0,3449,2413,0,-28,-18
545,77.86,33013,402.99,402.66,-0.33,-34.4,-27.6,0.0,-0.0,-6.8,-0.0,3411,2377,0,-29,-16
546,77.94,33013,402.99,402.65,-0.34,-35.6,-28.6,0.0,-0.0,-7.0,-0.0,3411,2378,0,-30,-17
547,78.11,33007,402.92,402.62,-0.31,-32.3,-25.6,0.0,0.0,-6.7,-0.0,3336,2295,0,-29,-12
548,78.28,33005,402.89,402.58,-0.32,-33.8,-26.6,0.0,0.0,-7.2,-0.0,3311,2269,0,-31,-11
549,78.37,33006,402.91,402.56,-0.34,-36.1,-28.6,0.0,-0.0,-7.5,-0.0,3324,2284,0,-33,-12
550,78.53,33003,402.87,402.53,-0.34,-35.8,-28.6,0.0,-0.0,-7.1,-0.0,3286,2247,0,-33,-10
551,78.70,33001,402.84,402.50,-0.34,-35.7,-28.6,0.0,0.0,-7.0,-0.0,3261,2222,0,-33,-9
552,78.86,32996,402.78,402.47,-0.32,-33.8,-26.6,0.0,-0.0,-7.2,-0.0,3199,2162,0,-32,-6
553,78.94,32994,402.76,402.45,-0.31,-32.2,-25.6,0.0,0.0,-6.6,-0.0,3174,2135,0,-31,-4
554,79.11,32987,402.67,402.42,-0.26,-28.5,-21.5,0.0,0.0,-7.1,-0.0,3086,2034,0,-28,1
555,79.27,32984,402.64,402.39,-0.26,-28.4,-21.5,0.0,0.0,-7.0,-0.0,3049,1997,0,-27,2
556,79.44,32982,402.61,402.35,-0.26,-28.5,-21.5,0.0,0.0,-7.0,-0.0,3024,1978,0,-27,3
557,79.52,32979,402.58,402.34,-0.24,-28.4,-20.5,0.0,0.0,-7.9,-0.0,2986,1934,0,-27,5
558,79.69,32972,402.49,402.30,-0.18,-22.7,-15.3,0.0,0.0,-7.3,-0.0,2899,1846,0,-21,7
559,79.86,32969,402.45,402.27,-0.18,-22.5,-15.3,0.0,0.0,-7.1,-0.0,2861,1815,0,-20,8
560,79.94,32967,402.43,402.25,-0.17,-21.3,-14.3,0.0,0.0,-7.0,-0.0,2836,1787,0,-19,8
561,80.10,32958,402.32,402.22,-0.10,-15.2,-8.2,0.0,0.0,-7.0,-0.0,2724,1665,0,-12,8
562,80.27,32956,402.29,402.19,-0.11,-16.5,-9.2,0.0,0.0,-7.3,-0.0,2699,1645,0,-13,9
563,80.43,32951,402.23,402.16,-0.07,-13.3,-6.1,0.0,0.0,-7.2,-0.0,2636,1585,0,-10,8
564,80.52,32947,402.19,402.14,-0.05,-12.4,-4.1,0.0,0.0,-8.3,-0.0,2586,1525,0,-8,9
565,80.69,32941,402.11,402.10,-0.01,-8.2,-1.0,0.0,0.0,-7.2,-0.0,2511,1455,0,-5,6
566,80.85,32936,402.05,402.07,0.02,-5.5,2.0,0.0,0.0,-7.6,-0.0,2449,1392,0,-3,5
567,81.00,32934,402.03,402.04,0.01,-6.2,1.0,0.0,0.0,-7.2,-0.0,2424,1370,0,-3,5
568,81.09,32932,402.00,402.02,0.02,-5.9,2.0,0.0,0.0,-8.0,-0.0,2399,1344,0,-3,5
569,81.25,32927,401.94,401.99,0.05,-3.4,4.1,0.0,0.0,-7.5,-0.0,2336,1287,0,-1,3
570,81.42,32922,401.88,401.95,0.07,-1.0,6.1,0.0,0.0,-7.1,-0.0,2274,1226,0,0,1
571,81.51,32917,401.82,401.94,0.12,2.3,10.2,0.0,0.0,-7.9,-0.0,2211,3204,0,0,-2
572,81.67,32913,401.77,401.90,0.13,4.2,11.2,0.0,0.0,-7.0,-0.0,2161,3155,0,1,-4
573,81.84,32906,401.68,401.87,0.18,8.0,15.3,0.0,0.0,-7.3,-0.0,2074,3068,0,0,-8
574,81.93,32906,401.68,401.85,0.17,6.2,14.3,0.0,0.0,-8.2,-0.0,2074,3064,0,0,-6
575,82.10,32905,401.67,401.82,0.15,4.9,12.3,0.0,0.0,-7.3,-0.0,2061,3061,0,0,-5
576,82.26,32898,401.59,401.78,0.20,9.1,16.4,0.0,0.0,-7.2,-0.0,1974,2973,0,-1,-9
577,82.43,32895,401.55,401.75,0.20,9.0,16.4,0.0,0.0,-7.4,-0.0,1936,2940,0,-2,-9
578,82.52,32895,401.55,401.73,0.18,7.0,15.3,0.0,0.0,-8.3,-0.0,1936,2942,0,-1,-7
579,82.68,32894,401.54,401.70,0.16,5.9,13.3,0.0,0.0,-7.4,-0.0,1924,2932,0,-1,-6
580,82.85,32888,401.46,401.66,0.20,8.6,16.4,0.0,0.0,-7.8,-0.0,1849,2850,0,-3,-8
581,82.94,32885,401.43,401.64,0.22,10.6,18.4,0.0,0.0,-7.8,-0.0,1811,2815,0,-4,-10
582,83.10,32884,401.42,401.61,0.20,8.7,16.4,0.0,0.0,-7.7,-0.0,1799,2807,0,-3,-8
583,83.27,32881,401.38,401.57,0.20,9.1,16.4,0.0,0.0,-7.3,-0.0,1761,2765,0,-4,-8
584,83.35,32878,401.34,401.56,0.21,9.2,17.4,0.0,0.0,-8.2,-0.0,1724,2722,0,-5,-8
585,83.52,32877,401.33,401.52,0.20,8.5,16.4,0.0,0.0,-7.8,-0.0,1711,2718,0,-4,-7
586,83.69,32875,401.31,401.49,0.18,7.9,15.3,0.0,-0.0,-7.5,-0.0,1686,2697,0,-4,-6
587,83.86,32872,401.27,401.45,0.18,7.5,15.3,0.0,0.0,-7.9,-0.0,1649,2655,0,-4,-6
588,83.95,32868,401.22,401.43,0.21,8.9,17.4,0.0,0.0,-8.5,-0.0,1599,2602,0,-6,-6
589,84.12,32870,401.25,401.40,0.15,4.5,12.3,0.0,-0.0,-7.8,-0.0,1624,2638,0,-3,-3
590,84.29,32867,401.21,401.36,0.15,4.8,12.3,0.0,-0.0,-7.5,-0.0,1586,2596,0,-3,-3
591,84.38,32867,401.21,401.34,0.13,3.0,11.2,0.0,-0.0,-8.3,-0.0,1586,2597,0,-2,-2
592,84.55,32866,401.20,401.31,0.11,1.5,9.2,0.0,-0.0,-7.7,-0.0,1574,2589,0,-1,-1
593,84.70,32864,401.17,401.27,0.10,0.5,8.2,0.0,-0.0,-7.7,-0.0,1549,2569,0,0,0
594,84.79,32861,401.14,401.25,0.12,2.3,10.2,0.0,-0.0,-7.9,-0.0,1511,2521,0,-2,-1
595,84.96,32860,401.12,401.22,0.10,0.2,8.2,0.0,-0.0,-8.0,-0.0,1499,2512,0,0,0
596,85.13,32857,401.09,401.18,0.10,0.5,8.2,0.0,-0.0,-7.7,-0.0,1461,2472,0,0,0
597,85.29,32856,401.07,401.15,0.07,-2.1,6.1,0.0,-0.0,-8.2,-0.0,1449,409,0,2,1
598,85.38,32856,401.07,401.13,0.05,-4.0,4.1,0.0,-0.0,-8.1,-0.0,1449,413,0,3,2
599,85.55,32857,401.09,401.09,0.00,-8.3,0.0,0.0,-0.0,-8.3,-0.0,1461,432,0,6,5
600,85.64,32855,401.06,401.07,0.01,-7.3,1.0,0.0,-0.0,-8.3,-0.0,1436,404,0,6,4
601,85.81,32855,401.06,401.04,-0.02,-9.7,-2.0,0.0,-0.0,-7.7,-0.0,1436,409,0,8,6
602,85.98,32853,401.04,401.00,-0.04,-11.2,-3.1,0.0,-0.0,-8.2,-0.0,1411,382,0,9,6
603,86.07,32853,401.04,400.98,-0.06,-13.3,-5.1,0.0,-0.0,-8.2,-0.0,1411,382,0,11,7
604,86.24,32855,401.06,400.94,-0.12,-18.0,-10.2,0.0,-0.0,-7.8,-0.0,1436,409,0,14,10
605,86.41,32855,401.06,400.91,-0.16,-21.3,-13.3,0.0,-0.0,-8.0,-0.0,1436,412,0,17,12
606,86.58,32853,401.04,400.87,-0.17,-22.7,-14.3,0.0,-0.0,-8.4,-0.0,1411,384,0,18,12
607,86.67,32853,401.04,400.85,-0.18,-23.7,-15.3,0.0,-0.0,-8.4,-0.0,1411,387,0,19,13
608,86.83,32857,401.09,400.82,-0.27,-30.0,-22.5,0.0,-0.0,-7.5,-0.0,1461,443,0,23,18
609,86.99,32855,401.06,400.78,-0.28,-31.2,-23.5,0.0,-0.0,-7.6,-0.0,1436,412,0,24,18
610,87.08,32853,401.04,400.76,-0.28,-31.8,-23.5,0.0,-0.0,-8.3,-0.0,1411,384,0,26,17
611,87.26,32855,401.06,400.72,-0.34,-37.5,-28.6,0.0,-0.0,-8.8,-0.0,1436,415,0,29,22
612,87.42,32849,400.99,400.69,-0.31,-33.2,-25.6,0.0,-0.0,-7.7,-0.0,1361,326,0,28,15
613,87.51,32848,400.98,400.67,-0.31,-34.6,-25.6,0.0,-0.0,-9.0,-0.0,1349,310,0,30,15
614,87.68,32847,400.96,400.63,-0.33,-35.3,-27.6,0.0,-0.0,-7.7,-0.0,1336,301,0,31,15
615,87.85,32847,400.96,400.59,-0.37,-39.0,-30.7,0.0,-0.0,-8.4,-0.0,1336,303,0,34,17
616,87.93,32847,400.96,400.57,-0.39,-41.0,-32.7,0.0,-0.0,-8.2,-0.0,1336,300,0,36,18
617,88.10,32846,400.95,400.54,-0.42,-42.8,-34.8,0.0,-0.0,-8.0,-0.0,1324,296,0,37,18
618,88.27,32843,400.92,400.50,-0.42,-42.8,-34.8,0.0,-0.0,-8.0,-0.0,1286,255,0,38,16
619,88.42,32840,400.88,400.47,-0.42,-42.8,-34.8,0.0,-0.0,-8.0,-0.0,1249,214,0,39,13
620,88.51,32838,400.85,400.45,-0.40,-42.8,-33.8,0.0,-0.0,-9.1,-0.0,1224,185,0,40,12
621,88.68,32835,400.82,400.41,-0.40,-41.8,-33.8,0.0,0.0,-8.0,-0.0,1186,144,0,40,9
622,88.85,32830,400.76,400.37,-0.38,-39.9,-31.7,0.0,0.0,-8.2,-0.0,1124,79,0,38,5
623,88.93,32830,400.76,400.35,-0.40,-42.2,-33.8,0.0,0.0,-8.5,-0.0,1124,80,0,41,5
624,89.10,32826,400.71,400.32,-0.39,-40.7,-32.7,0.0,0.0,-7.9,-0.0,1074,30,0,39,2
625,89.27,32824,400.68,400.28,-0.40,-41.5,-33.8,0.0,0.0,-7.7,-0.0,1049,7,0,40,0
626,89.35,32821,400.65,400.26,-0.39,-41.5,-32.7,0.0,0.0,-8.8,-0.0,1011,4061,0,40,-2
627,89.53,32814,400.56,400.22,-0.34,-37.2,-28.6,0.0,0.0,-8.5,-0.0,924,3971,0,35,-7
628,89.69,32812,400.54,400.18,-0.35,-37.5,-29.7,0.0,0.0,-7.9,-0.0,899,3947,0,35,-8
629,89.85,32807,400.48,400.15,-0.33,-35.6,-27.6,0.0,0.0,-8.0,-0.0,836,3881,0,33,-11
630,89.93,32803,400.43,400.13,-0.29,-32.8,-24.5,0.0,0.0,-8.3,-0.0,786,3826,0,29,-13
631,90.10,32799,400.38,400.09,-0.28,-31.4,-23.5,0.0,0.0,-7.9,-0.0,736,3782,0,27,-14
632,90.26,32794,400.32,400.06,-0.26,-29.4,-21.5,0.0,0.0,-7.9,-0.0,674,3718,0,24,-16
633,90.35,32791,400.28,400.04,-0.24,-29.1,-20.5,0.0,0.0,-8.6,-0.0,636,3675,0,22,-17
634,90.52,32781,400.16,400.00,-0.16,-21.6,-13.3,0.0,0.0,-8.3,-0.0,511,3544,0,14,-16
635,90.68,32776,400.10,399.96,-0.13,-19.3,-11.2,0.0,0.0,-8.1,-0.0,449,3484,0,11,-15
636,90.85,32769,400.01,399.92,-0.09,-15.5,-7.2,0.0,0.0,-8.4,-0.0,361,3392,0,7,-13
637,90.93,32766,399.98,399.90,-0.07,-14.7,-6.1,0.0,0.0,-8.5,-0.0,324,3353,0,6,-13
638,91.10,32759,399.89,399.87,-0.02,-10.2,-2.0,0.0,0.0,-8.1,-0.0,236,3268,0,3,-9
639,91.26,32754,399.83,399.83,0.00,-8.0,0.0,0.0,0.0,-8.0,-0.0,174,3210,0,2,-8
640,91.35,32749,399.77,399.81,0.04,-5.8,3.1,0.0,0.0,-8.8,-0.0,111,3140,0,1,-6
641,91.53,32746,399.73,399.77,0.04,-6.5,3.1,0.0,0.0,-9.5,-0.0,74,3107,0,0,-6
642,91.69,32736,399.61,399.73,0.12,2.2,10.2,0.0,0.0,-8.0,-0.0,4045,936,0,0,2
643,91.78,32733,399.57,399.71,0.13,2.0,11.2,0.0,0.0,-9.3,-0.0,4007,893,0,0,2
644,91.93,32728,399.51,399.67,0.16,5.4,13.3,0.0,0.0,-7.9,-0.0,3945,837,0,1,5
645,92.10,32724,399.46,399.64,0.17,6.2,14.3,0.0,0.0,-8.1,-0.0,3895,787,0,2,6
646,92.26,32715,399.35,399.60,0.24,12.4,20.5,0.0,0.0,-8.1,-0.0,3782,672,0,6,10
647,92.35,32714,399.34,399.58,0.24,11.4,20.5,0.0,0.0,-9.1,-0.0,3770,662,0,6,9
648,92.52,32710,399.29,399.54,0.24,11.5,20.5,0.0,0.0,-8.9,-0.0,3720,618,0,7,9
649,92.69,32707,399.26,399.50,0.24,12.0,20.5,0.0,0.0,-8.4,-0.0,3682,579,0,7,9
650,92.85,32701,399.18,399.46,0.28,15.1,23.5,0.0,0.0,-8.4,-0.0,3607,508,0,10,10
651,92.93,32700,399.17,399.44,0.27,13.7,22.5,0.0,0.0,-8.8,-0.0,3595,500,0,10,9
652,93.10,32697,399.13,399.41,0.27,14.3,22.5,0.0,0.0,-8.2,-0.0,3557,462,0,11,9
653,93.27,32693,399.08,399.37,0.28,14.8,23.5,0.0,0.0,-8.7,-0.0,3507,410,0,12,8
654,93.35,32689,399.04,399.35,0.31,16.4,25.6,0.0,0.0,-9.2,-0.0,3457,356,0,14,8
655,93.53,32685,398.99,399.31,0.32,17.7,26.6,0.0,0.0,-8.9,-0.0,3407,310,0,15,8
656,93.69,32682,398.95,399.27,0.32,18.4,26.6,0.0,0.0,-8.2,-0.0,3370,272,0,16,7
657,93.78,32680,398.93,399.25,0.32,17.2,26.6,0.0,0.0,-9.3,-0.0,3345,246,0,16,6
658,93.94,32679,398.91,399.21,0.29,16.3,24.5,0.0,0.0,-8.2,-0.0,3332,240,0,15,6
659,94.11,32676,398.88,399.17,0.29,16.3,24.5,0.0,-0.0,-8.3,-0.0,3295,210,0,15,5
660,94.27,32670,398.80,399.13,0.33,19.2,27.6,0.0,0.0,-8.4,-0.0,3220,127,0,18,4
661,94.37,32670,398.80,399.11,0.31,16.2,25.6,0.0,-0.0,-9.4,-0.0,3220,129,0,15,3
662,94.53,32668,398.78,399.07,0.29,16.2,24.5,0.0,-0.0,-8.3,-0.0,3195,107,0,16,3
663,94.63,32666,398.75,399.05,0.29,14.8,24.5,0.0,0.0,-9.7,-0.0,3170,77,0,14,2
664,94.79,32663,398.72,399.01,0.29,15.8,24.5,0.0,0.0,-8.7,-0.0,3132,41,0,15,1
665,94.96,32663,398.72,398.97,0.24,12.1,20.5,0.0,-0.0,-8.3,-0.0,3132,50,0,12,1
666,95.13,32663,398.72,398.93,0.21,8.5,17.4,0.0,-0.0,-8.9,-0.0,3132,49,0,8,1
667,95.23,32662,398.71,398.91,0.20,6.6,16.4,0.0,-0.0,-9.8,-0.0,3120,38,0,6,0
668,95.39,32662,398.71,398.87,0.16,4.9,13.3,0.0,-0.0,-8.4,-0.0,3120,44,0,5,0
669,95.56,32658,398.66,398.82,0.17,5.2,14.3,0.0,-0.0,-9.1,-0.0,3070,4086,0,5,0
670,95.65,32657,398.65,398.80,0.16,3.9,13.3,0.0,-0.0,-9.4,-0.0,3057,4072,0,4,0
671,95.81,32655,398.62,398.76,0.15,3.7,12.3,0.0,-0.0,-8.5,-0.0,3032,4045,0,4,0
672,95.97,32655,398.62,398.73,0.11,0.6,9.2,0.0,-0.0,-8.6,-0.0,3032,4046,0,1,0
673,96.06,32654,398.61,398.71,0.10,-1.0,8.2,0.0,-0.0,-9.1,-0.0,3020,1984,0,-1,0
674,96.23,32657,398.65,398.66,0.02,-6.5,2.0,0.0,-0.0,-8.6,-0.0,3057,2032,0,-6,0
675,96.40,32657,398.65,398.62,-0.02,-11.1,-2.0,0.0,-0.0,-9.0,-0.0,3057,2036,0,-11,0
676,96.49,32656,398.63,398.60,-0.02,-11.2,-2.0,0.0,-0.0,-9.2,-0.0,3045,2023,0,-11,0
677,96.65,32653,398.60,398.56,-0.04,-12.3,-3.1,0.0,-0.0,-9.2,-0.0,3007,1980,0,-12,1
678,96.81,32655,398.62,398.52,-0.10,-17.0,-8.2,0.0,-0.0,-8.8,-0.0,3032,2009,0,-16,1
679,96.98,32653,398.60,398.48,-0.11,-17.7,-9.2,0.0,-0.0,-8.5,-0.0,3007,1977,0,-17,2
680,97.06,32653,398.60,398.46,-0.13,-20.1,-11.2,0.0,-0.0,-8.8,-0.0,3007,1977,0,-19,2
681,97.24,32653,398.60,398.42,-0.17,-23.4,-14.3,0.0,-0.0,-9.1,-0.0,3007,1983,0,-23,2
682,97.41,32654,398.61,398.38,-0.23,-27.8,-19.4,0.0,-0.0,-8.4,-0.0,3020,1995,0,-27,2
683,97.50,32654,398.61,398.36,-0.26,-31.0,-21.5,0.0,-0.0,-9.6,-0.0,3020,1994,0,-30,2
684,97.66,32652,398.58,398.32,-0.27,-31.2,-22.5,0.0,-0.0,-8.7,-0.0,2995,1970,0,-30,4
685,97.83,32651,398.57,398.28,-0.29,-33.6,-24.5,0.0,-0.0,-9.0,-0.0,2982,1955,0,-32,5
686,97.92,32652,398.58,398.25,-0.33,-37.4,-27.6,0.0,-0.0,-9.8,-0.0,2995,1969,0,-36,4
687,98.09,32649,398.55,398.21,-0.33,-36.4,-27.6,0.0,-0.0,-8.8,-0.0,2957,1926,0,-35,7
688,98.25,32648,398.54,398.17,-0.37,-39.3,-30.7,0.0,-0.0,-8.6,-0.0,2945,1912,0,-37,8
689,98.34,32646,398.51,398.15,-0.35,-39.0,-29.7,0.0,-0.0,-9.4,-0.0,2920,1887,0,-37,9
690,98.51,32643,398.47,398.11,-0.37,-39.5,-30.7,0.0,-0.0,-8.8,-0.0,2882,1846,0,-36,12
691,98.67,32641,398.45,398.07,-0.38,-40.5,-31.7,0.0,-0.0,-8.8,-0.0,2857,1821,0,-37,13
692,98.84,32638,398.41,398.03,-0.39,-42.1,-32.7,0.0,-0.0,-9.4,-0.0,2820,1780,0,-37,16
693,98.93,32638,398.41,398.00,-0.40,-43.5,-33.8,0.0,-0.0,-9.7,-0.0,2820,1780,0,-39,17
694,99.10,32636,398.39,397.96,-0.43,-44.8,-35.8,0.0,-0.0,-9.0,-0.0,2795,1758,0,-39,19
695,99.26,32631,398.33,397.92,-0.40,-42.3,-33.8,0.0,-0.0,-8.6,-0.0,2732,1694,0,-35,21
696,99.35,32629,398.30,397.90,-0.40,-43.3,-33.8,0.0,-0.0,-9.6,-0.0,2707,1664,0,-35,23
697,99.52,32621,398.21,397.86,-0.34,-37.7,-28.6,0.0,0.0,-9.0,-0.0,2607,1558,0,-27,25
698,99.68,32618,398.17,397.82,-0.35,-38.4,-29.7,0.0,0.0,-8.7,-0.0,2570,1517,0,-26,27
699,99.76,32617,398.16,397.80,-0.35,-38.6,-29.7,0.0,0.0,-8.9,-0.0,2557,1505,0,-25,28
700,99.93,32611,398.08,397.76,-0.33,-36.2,-27.6,0.0,0.0,-8.6,-0.0,2482,1429,0,-20,29
701,100.09,32606,398.02,397.72,-0.31,-34.3,-25.6,0.0,0.0,-8.8,-0.0,2420,1368,0,-17,29
702,100.26,32602,397.97,397.67,-0.31,-34.7,-25.6,0.0,0.0,-9.1,-0.0,2370,1320,0,-15,30
703,100.34,32601,397.96,397.65,-0.31,-35.1,-25.6,0.0,0.0,-9.5,-0.0,2357,1306,0,-14,31
704,100.51,32592,397.85,397.61,-0.24,-29.4,-20.5,0.0,0.0,-9.0,-0.0,2245,1187,0,-7,28
705,100.68,32590,397.83,397.57,-0.26,-30.3,-21.5,0.0,0.0,-8.8,-0.0,2220,1170,0,-7,29
706,100.77,32586,397.78,397.55,-0.23,-29.2,-19.4,0.0,0.0,-9.7,-0.0,2170,1115,0,-4,28
707,100.94,32578,397.68,397.50,-0.17,-23.6,-14.3,0.0,0.0,-9.3,-0.0,2070,1010,0,0,23
708,101.10,32568,397.56,397.46,-0.10,-17.2,-8.2,0.0,0.0,-9.0,-0.0,1945,876,0,4,16
709,101.19,32566,397.53,397.44,-0.10,-17.8,-8.2,0.0,0.0,-9.6,-0.0,1920,856,0,4,17
710,101.36,32558,397.44,397.40,-0.04,-12.0,-3.1,0.0,0.0,-8.9,-0.0,1820,751,0,5,11
711,101.52,32553,397.38,397.36,-0.02,-11.4,-2.0,0.0,0.0,-9.4,-0.0,1757,691,0,5,10
712,101.68,32546,397.29,397.32,0.02,-7.3,2.0,0.0,0.0,-9.4,-0.0,1670,606,0,4,6
713,101.77,32541,397.23,397.29,0.06,-4.6,5.1,0.0,0.0,-9.7,-0.0,1607,541,0,3,3
714,101.94,32535,397.16,397.25,0.10,-1.5,8.2,0.0,0.0,-9.7,-0.0,1532,465,0,1,1
715,102.10,32530,397.09,397.21,0.11,-0.1,9.2,0.0,0.0,-9.3,-0.0,1470,409,0,0,0
716,102.19,32525,397.03,397.18,0.15,1.9,12.3,0.0,0.0,-10.3,-0.0,1407,2385,0,-2,-1
717,102.36,32519,396.96,397.14,0.18,6.2,15.3,0.0,0.0,-9.1,-0.0,1332,2317,0,-6,-2
718,102.53,32516,396.92,397.10,0.17,5.5,14.3,0.0,0.0,-8.8,-0.0,1295,2292,0,-5,-2
719,102.62,32514,396.90,397.07,0.17,3.6,14.3,0.0,0.0,-10.7,-0.0,1270,2259,0,-3,-1
720,102.79,32506,396.80,397.03,0.23,10.1,19.4,0.0,0.0,-9.3,-0.0,1170,2159,0,-10,-2
721,102.96,32502,396.75,396.99,0.23,10.2,19.4,0.0,0.0,-9.2,-0.0,1120,2115,0,-10,-1
722,103.04,32499,396.72,396.97,0.24,10.5,20.5,0.0,0.0,-10.0,-0.0,1082,2075,0,-10,0
723,103.22,32496,396.68,396.92,0.24,10.9,20.5,0.0,0.0,-9.5,-0.0,1045,2040,0,-11,0
724,103.38,32488,396.58,396.88,0.29,15.3,24.5,0.0,0.0,-9.2,-0.0,945,1939,0,-15,2
725,103.47,32486,396.56,396.86,0.29,14.4,24.5,0.0,0.0,-10.2,-0.0,920,1913,0,-14,3
726,103.64,32483,396.52,396.81,0.29,15.1,24.5,0.0,0.0,-9.4,-0.0,882,1878,0,-14,4
727,103.81,32480,396.48,396.77,0.28,14.1,23.5,0.0,0.0,-9.4,-0.0,845,1846,0,-13,4
728,103.97,32474,396.41,396.72,0.32,17.2,26.6,0.0,0.0,-9.4,-0.0,770,1767,0,-15,7
729,104.06,32473,396.40,396.70,0.31,15.7,25.6,0.0,0.0,-9.9,-0.0,757,1758,0,-14,7
730,104.22,32468,396.34,396.66,0.32,17.3,26.6,0.0,0.0,-9.3,-0.0,695,1694,0,-14,9
731,104.39,32467,396.33,396.62,0.29,15.2,24.5,0.0,0.0,-9.3,-0.0,682,1686,0,-13,8
732,104.49,32464,396.29,396.59,0.31,15.5,25.6,0.0,0.0,-10.1,-0.0,645,1644,0,-12,9
733,104.65,32461,396.25,396.55,0.29,15.1,24.5,0.0,-0.0,-9.5,-0.0,607,1612,0,-11,9
734,104.82,32456,396.19,396.51,0.32,17.1,26.6,0.0,0.0,-9.5,-0.0,545,1547,0,-12,12
735,104.91,32455,396.18,396.48,0.31,15.1,25.6,0.0,-0.0,-10.5,-0.0,532,1535,0,-10,10
736,105.07,32455,396.18,396.44,0.26,12.3,21.5,0.0,-0.0,-9.2,-0.0,532,1539,0,-8,8
737,105.24,32451,396.13,396.39,0.27,13.3,22.5,0.0,-0.0,-9.2,-0.0,482,1492,0,-8,10
738,105.40,32448,396.09,396.35,0.26,12.2,21.5,0.0,-0.0,-9.2,-0.0,445,1455,0,-7,9
739,105.50,32449,396.11,396.33,0.22,7.9,18.4,0.0,-0.0,-10.5,-0.0,457,1470,0,-5,6
740,105.66,32445,396.06,396.28,0.22,9.1,18.4,0.0,-0.0,-9.3,-0.0,407,1415,0,-5,7
741,105.83,32446,396.07,396.24,0.17,4.2,14.3,0.0,-0.0,-10.1,-0.0,420,1432,0,-2,3
742,105.93,32443,396.03,396.21,0.18,4.5,15.3,0.0,-0.0,-10.9,-0.0,382,1393,0,-2,4
743,106.09,32442,396.02,396.17,0.15,2.7,12.3,0.0,-0.0,-9.6,-0.0,370,1385,0,-1,2
744,106.18,32441,396.01,396.14,0.13,0.7,11.2,0.0,-0.0,-10.6,-0.0,357,1368,0,0,1
745,106.35,32440,396.00,396.10,0.11,-0.6,9.2,0.0,-0.0,-9.8,-0.0,345,3410,0,0,-1
746,106.53,32439,395.98,396.06,0.07,-3.7,6.1,0.0,-0.0,-9.8,-0.0,332,3394,0,2,-3
747,106.61,32438,395.97,396.03,0.06,-6.1,5.1,0.0,-0.0,-11.3,-0.0,320,3384,0,3,-5
748,106.78,32438,395.97,395.99,0.01,-8.7,1.0,0.0,-0.0,-9.7,-0.0,320,3386,0,4,-7
749,106.95,32434,395.92,395.94,0.01,-8.5,1.0,0.0,-0.0,-9.5,-0.0,270,3333,0,3,-8
750,107.11,32432,395.90,395.90,0.00,-9.4,0.0,0.0,-0.0,-9.4,-0.0,245,3306,0,3,-9
751,107.21,32432,395.90,395.87,-0.02,-12.6,-2.0,0.0,-0.0,-10.5,-0.0,245,3306,0,4,-11
752,107.37,32433,395.91,395.83,-0.09,-16.6,-7.2,0.0,-0.0,-9.4,-0.0,257,3319,0,6,-15
753,107.54,32431,395.89,395.78,-0.10,-17.3,-8.2,0.0,-0.0,-9.1,-0.0,232,3300,0,6,-16
754,107.62,32431,395.89,395.76,-0.12,-20.5,-10.2,0.0,-0.0,-10.2,-0.0,232,3299,0,7,-19
755,107.79,32428,395.85,395.71,-0.13,-21.3,-11.2,0.0,-0.0,-10.1,-0.0,195,3261,0,6,-20
756,107.97,32428,395.85,395.67,-0.18,-25.1,-15.3,0.0,-0.0,-9.8,-0.0,195,3260,0,7,-23
757,108.05,32428,395.85,395.65,-0.21,-27.0,-17.4,0.0,-0.0,-9.6,-0.0,195,3260,0,7,-25
758,108.22,32425,395.81,395.60,-0.21,-26.9,-17.4,0.0,-0.0,-9.5,-0.0,157,3221,0,6,-25
759,108.39,32423,395.79,395.55,-0.23,-29.1,-19.4,0.0,-0.0,-9.7,-0.0,132,3192,0,5,-28
760,108.48,32423,395.79,395.53,-0.26,-31.8,-21.5,0.0,-0.0,-10.3,-0.0,132,3196,0,6,-30
761,108.65,32422,395.78,395.48,-0.29,-34.4,-24.5,0.0,-0.0,-9.9,-0.0,120,3183,0,6,-33
762,108.82,32422,395.78,395.44,-0.34,-38.5,-28.6,0.0,-0.0,-9.9,-0.0,120,3183,0,6,-37
763,108.91,32420,395.75,395.41,-0.34,-39.2,-28.6,0.0,-0.0,-10.5,-0.0,95,3159,0,5,-38
764,109.07,32417,395.72,395.37,-0.34,-38.2,-28.6,0.0,-0.0,-9.6,-0.0,57,3121,0,3,-37
765,109.23,32414,395.68,395.32,-0.35,-39.2,-29.7,0.0,-0.0,-9.6,-0.0,20,3078,0,0,-38
766,109.40,32410,395.63,395.28,-0.35,-39.2,-29.7,0.0,-0.0,-9.6,-0.0,4066,3025,0,-3,-38
767,109.49,32408,395.61,395.25,-0.35,-40.2,-29.7,0.0,-0.0,-10.6,-0.0,4041,2995,0,-5,-39
768,109.65,32403,395.54,395.21,-0.34,-38.2,-28.6,0.0,-0.0,-9.6,-0.0,3978,2934,0,-8,-36
769,109.82,32401,395.52,395.16,-0.35,-39.9,-29.7,0.0,0.0,-10.3,-0.0,3953,2904,0,-10,-37
770,109.91,32399,395.50,395.14,-0.35,-40.0,-29.7,0.0,0.0,-10.3,-0.0,3928,2881,0,-11,-37
771,110.07,32394,395.43,395.09,-0.34,-38.5,-28.6,0.0,0.0,-9.8,-0.0,3866,2819,0,-14,-34
772,110.24,32390,395.39,395.05,-0.34,-38.6,-28.6,0.0,0.0,-10.0,-0.0,3816,2770,0,-17,-33
773,110.33,32390,395.39,395.02,-0.37,-41.3,-30.7,0.0,-0.0,-10.7,-0.0,3816,2772,0,-18,-36
774,110.51,32385,395.32,394.97,-0.35,-40.3,-29.7,0.0,0.0,-10.7,-0.0,3753,2704,0,-21,-33
775,110.68,32374,395.19,394.93,-0.27,-32.1,-22.5,0.0,0.0,-9.5,-0.0,3616,2562,0,-22,-22
776,110.77,32372,395.17,394.90,-0.27,-33.4,-22.5,0.0,0.0,-10.9,-0.0,3591,2533,0,-24,-22
777,110.93,32367,395.10,394.86,-0.24,-30.4,-20.5,0.0,0.0,-9.9,-0.0,3528,2471,0,-23,-18
778,111.10,32363,395.06,394.81,-0.24,-30.2,-20.5,0.0,0.0,-9.8,-0.0,3478,2417,0,-25,-16
779,111.19,32359,395.01,394.79,-0.22,-29.0,-18.4,0.0,0.0,-10.6,-0.0,3428,2364,0,-25,-13
780,111.35,32354,394.95,394.74,-0.21,-27.0,-17.4,0.0,0.0,-9.6,-0.0,3366,2314,0,-24,-10
781,111.52,32348,394.87,394.69,-0.18,-25.6,-15.3,0.0,0.0,-10.3,-0.0,3291,2233,0,-24,-7
782,111.68,32340,394.78,394.65,-0.13,-21.0,-11.2,0.0,0.0,-9.8,-0.0,3191,2131,0,-20,-3
783,111.77,32337,394.74,394.62,-0.11,-20.0,-9.2,0.0,0.0,-10.8,-0.0,3153,2088,0,-19,-1
784,111.93,32330,394.65,394.58,-0.07,-16.8,-6.1,0.0,0.0,-10.7,-0.0,3066,2003,0,-16,1
785,112.10,32323,394.57,394.53,-0.04,-13.6,-3.1,0.0,0.0,-10.5,-0.0,2978,1913,0,-13,3
786,112.19,32319,394.52,394.50,-0.01,-11.5,-1.0,0.0,0.0,-10.5,-0.0,2928,1860,0,-11,3
787,112.36,32314,394.46,394.46,0.00,-9.9,0.0,0.0,0.0,-9.9,-0.0,2866,1805,0,-9,3
788,112.54,32308,394.38,394.41,0.02,-9.3,2.0,0.0,0.0,-11.4,-0.0,2791,1727,0,-8,4
789,112.63,32305,394.35,394.38,0.04,-8.7,3.1,0.0,0.0,-11.7,-0.0,2753,1688,0,-7,4
790,112.79,32295,394.23,394.33,0.11,-1.0,9.2,0.0,0.0,-10.2,-0.0,2628,1564,0,-1,1
791,112.89,32291,394.18,394.31,0.13,-0.2,11.2,0.0,0.0,-11.4,-0.0,2578,1510,0,0,0
792,113.05,32284,394.09,394.26,0.17,4.4,14.3,0.0,0.0,-9.9,-0.0,2491,3473,0,2,-3
793,113.22,32277,394.01,394.21,0.21,6.4,17.4,0.0,0.0,-10.9,-0.0,2403,3379,0,3,-6
794,113.39,32272,393.95,394.17,0.22,8.6,18.4,0.0,0.0,-9.8,-0.0,2341,3329,0,3,-8
795,113.48,32269,393.91,394.14,0.23,8.6,19.4,0.0,0.0,-10.8,-0.0,2303,3287,0,3,-8
796,113.63,32266,393.87,394.10,0.22,8.1,18.4,0.0,0.0,-10.3,-0.0,2266,3257,0,2,-8
797,113.80,32260,393.80,394.05,0.24,10.3,20.5,0.0,0.0,-10.2,-0.0,2191,3186,0,2,-10
798,113.89,32257,393.76,394.02,0.26,10.1,21.5,0.0,0.0,-11.3,-0.0,2153,3144,0,1,-10
799,114.06,32252,393.70,393.97,0.27,12.5,22.5,0.0,0.0,-10.0,-0.0,2091,3086,0,0,-12
800,114.23,32244,393.60,393.93,0.32,15.9,26.6,0.0,0.0,-10.7,-0.0,1991,2982,0,-2,-15
801,114.33,32241,393.57,393.90,0.33,16.1,27.6,0.0,0.0,-11.6,-0.0,1953,2937,0,-3,-15
802,114.50,32239,393.54,393.85,0.31,15.5,25.6,0.0,0.0,-10.0,-0.0,1928,2923,0,-3,-15
803,114.67,32234,393.48,393.80,0.32,16.0,26.6,0.0,0.0,-10.6,-0.0,1866,2860,0,-5,-15
804,114.75,32231,393.44,393.78,0.33,16.7,27.6,0.0,0.0,-10.9,-0.0,1828,2820,0,-6,-15
805,114.92,32224,393.36,393.73,0.37,20.1,30.7,0.0,0.0,-10.6,-0.0,1741,2736,0,-10,-17
806,115.09,32223,393.35,393.68,0.33,17.2,27.6,0.0,0.0,-10.4,-0.0,1728,2726,0,-8,-14
807,115.18,32221,393.32,393.65,0.33,16.1,27.6,0.0,0.0,-11.5,-0.0,1703,2698,0,-8,-13
808,115.35,32217,393.27,393.60,0.33,17.5,27.6,0.0,0.0,-10.1,-0.0,1653,2653,0,-10,-14
809,115.53,32214,393.24,393.55,0.32,15.1,26.6,0.0,-0.0,-11.5,-0.0,1616,2618,0,-9,-11
810,115.62,32214,393.24,393.53,0.29,13.5,24.5,0.0,-0.0,-11.0,-0.0,1616,2625,0,-8,-10
811,115.78,32213,393.23,393.48,0.26,11.3,21.5,0.0,-0.0,-10.2,-0.0,1603,2613,0,-7,-8
812,115.95,32211,393.20,393.43,0.23,8.1,19.4,0.0,-0.0,-11.4,-0.0,1578,2589,0,-5,-6
813,116.03,32209,393.18,393.41,0.23,9.2,19.4,0.0,-0.0,-10.2,-0.0,1553,2566,0,-6,-6
814,116.20,32209,393.18,393.36,0.18,5.3,15.3,0.0,-0.0,-10.0,-0.0,1553,2570,0,-4,-4
815,116.37,32208,393.16,393.31,0.15,1.5,12.3,0.0,-0.0,-10.7,-0.0,1541,2557,0,-1,-1
816,116.45,32206,393.14,393.29,0.15,1.2,12.3,0.0,-0.0,-11.1,-0.0,1516,2529,0,-1,-1
817,116.62,32203,393.10,393.24,0.13,0.3,11.2,0.0,-0.0,-10.9,-0.0,1478,2490,0,0,0
818,116.79,32203,393.10,393.19,0.09,-3.6,7.2,0.0,-0.0,-10.8,-0.0,1478,445,0,3,2
819,116.96,32199,393.05,393.14,0.09,-3.3,7.2,0.0,-0.0,-10.4,-0.0,1428,391,0,3,2
820,117.03,32198,393.04,393.12,0.07,-3.6,6.1,0.0,-0.0,-9.7,-0.0,1416,378,0,3,2
821,117.20,32196,393.02,393.07,0.05,-6.2,4.1,0.0,-0.0,-10.3,-0.0,1391,354,0,5,3
822,117.35,32196,393.02,393.02,0.00,-10.8,0.0,0.0,-0.0,-10.8,-0.0,1391,356,0,9,5
823,117.53,32196,393.02,392.97,-0.05,-15.5,-4.1,0.0,-0.0,-11.4,-0.0,1391,360,0,13,8
824,117.62,32196,393.02,392.95,-0.07,-18.0,-6.1,0.0,-0.0,-11.9,-0.0,1391,362,0,15,9
825,117.79,32196,393.02,392.89,-0.12,-21.1,-10.2,0.0,-0.0,-10.9,-0.0,1391,364,0,17,11
826,117.96,32196,393.02,392.84,-0.17,-25.7,-14.3,0.0,-0.0,-11.4,-0.0,1391,367,0,21,13
827,118.05,32196,393.02,392.82,-0.20,-27.6,-16.4,0.0,-0.0,-11.2,-0.0,1391,367,0,23,14
828,118.22,32192,392.97,392.77,-0.20,-27.4,-16.4,0.0,-0.0,-11.1,-0.0,1341,311,0,24,12
829,118.39,32189,392.93,392.72,-0.22,-29.0,-18.4,0.0,-0.0,-10.6,-0.0,1303,269,0,26,11
830,118.48,32189,392.93,392.69,-0.24,-31.7,-20.5,0.0,-0.0,-11.3,-0.0,1303,268,0,28,12
831,118.65,32190,392.94,392.64,-0.31,-36.5,-25.6,0.0,-0.0,-10.9,-0.0,1316,283,0,32,15
832,118.80,32185,392.88,392.59,-0.29,-35.0,-24.5,0.0,-0.0,-10.4,-0.0,1253,218,0,32,11
833,118.89,32185,392.88,392.57,-0.32,-38.2,-26.6,0.0,-0.0,-11.7,-0.0,1253,218,0,35,12
834,119.07,32184,392.87,392.52,-0.35,-41.0,-29.7,0.0,-0.0,-11.3,-0.0,1241,209,0,38,13
835,119.24,32181,392.83,392.46,-0.37,-41.8,-30.7,0.0,-0.0,-11.2,-0.0,1203,165,0,39,10
836,119.33,32181,392.83,392.44,-0.39,-44.6,-32.7,0.0,-0.0,-11.9,-0.0,1203,165,0,42,11
837,119.50,32177,392.79,392.39,-0.40,-44.6,-33.8,0.0,-0.0,-10.8,-0.0,1153,117,0,43,8
838,119.67,32174,392.75,392.34,-0.42,-45.4,-34.8,0.0,-0.0,-10.7,-0.0,1116,76,0,44,5
839,119.76,32173,392.74,392.31,-0.43,-47.6,-35.8,0.0,-0.0,-11.8,-0.0,1103,62,0,46,4
840,119.93,32171,392.71,392.26,-0.45,-49.8,-37.8,0.0,-0.0,-11.9,-0.0,1078,38,0,48,3
841,120.10,32165,392.64,392.21,-0.43,-46.7,-35.8,0.0,-0.0,-10.9,-0.0,1003,4055,0,45,-3
842,120.19,32160,392.58,392.18,-0.40,-45.9,-33.8,0.0,0.0,-12.2,-0.0,941,3986,0,44,-7
843,120.35,32160,392.58,392.13,-0.45,-48.8,-37.8,0.0,-0.0,-10.9,-0.0,941,3993,0,47,-7
844,120.53,32153,392.49,392.08,-0.42,-46.4,-34.8,0.0,0.0,-11.6,-0.0,853,3894,0,43,-14
845,120.62,32149,392.44,392.05,-0.39,-45.5,-32.7,0.0,0.0,-12.7,-0.0,803,3838,0,41,-17
846,120.79,32143,392.37,392.00,-0.37,-41.7,-30.7,0.0,0.0,-11.0,-0.0,728,3768,0,35,-19
847,120.88,32140,392.33,391.97,-0.37,-42.9,-30.7,0.0,0.0,-12.2,-0.0,691,3731,0,35,-22
848,121.05,32131,392.22,391.92,-0.31,-36.6,-25.6,0.0,0.0,-11.0,-0.0,578,3609,0,26,-24
849,121.22,32125,392.15,391.87,-0.28,-34.2,-23.5,0.0,0.0,-10.6,-0.0,503,3536,0,22,-25
850,121.31,32122,392.11,391.84,-0.27,-35.1,-22.5,0.0,0.0,-12.6,-0.0,466,3493,0,20,-27
851,121.48,32116,392.04,391.79,-0.24,-31.7,-20.5,0.0,0.0,-11.2,-0.0,391,3423,0,16,-26
852,121.65,32108,391.94,391.74,-0.21,-28.8,-17.4,0.0,0.0,-11.4,-0.0,291,3321,0,10,-26
853,121.74,32106,391.92,391.71,-0.21,-29.5,-17.4,0.0,0.0,-12.1,-0.0,266,3299,0,10,-27
854,121.91,32099,391.83,391.66,-0.17,-25.0,-14.3,0.0,0.0,-10.7,-0.0,178,3214,0,5,-24
855,122.08,32093,391.76,391.61,-0.15,-23.0,-12.3,0.0,0.0,-10.7,-0.0,103,3137,0,2,-22
856,122.16,32088,391.70,391.58,-0.12,-22.2,-10.2,0.0,0.0,-12.0,-0.0,41,3069,0,0,-22
857,122.34,32079,391.59,391.53,-0.06,-16.4,-5.1,0.0,0.0,-11.3,-0.0,4024,2957,0,-3,-16
858,122.51,32068,391.46,391.48,0.02,-8.7,2.0,0.0,0.0,-10.8,-0.0,3887,2813,0,-3,-8
859,122.60,32063,391.39,391.45,0.05,-9.6,4.1,0.0,0.0,-13.7,-0.0,3824,2737,0,-5,-8
860,122.77,32057,391.32,391.40,0.07,-5.0,6.1,0.0,0.0,-11.1,-0.0,3749,2673,0,-3,-4
861,122.94,32049,391.22,391.34,0.12,-0.6,10.2,0.0,0.0,-10.8,-0.0,3649,2579,0,0,0
862,123.03,32046,391.19,391.32,0.13,-0.8,11.2,0.0,0.0,-12.1,-0.0,3612,2536,0,-1,-1
863,123.19,32038,391.09,391.27,0.18,4.5,15.3,0.0,0.0,-10.8,-0.0,3512,398,0,4,3
864,123.36,32031,391.00,391.21,0.21,6.6,17.4,0.0,0.0,-10.8,-0.0,3424,311,0,6,3
865,123.45,32028,390.97,391.19,0.22,6.1,18.4,0.0,0.0,-12.3,-0.0,3387,269,0,5,2
866,123.63,32024,390.92,391.13,0.21,6.0,17.4,0.0,0.0,-11.4,-0.0,3337,228,0,5,2
867,123.79,32015,390.81,391.08,0.27,11.5,22.5,0.0,0.0,-11.0,-0.0,3224,112,0,11,2
868,123.89,32013,390.78,391.05,0.27,10.0,22.5,0.0,0.0,-12.5,-0.0,3199,87,0,10,1
869,124.05,32005,390.69,391.00,0.32,15.5,26.6,0.0,0.0,-11.1,-0.0,3099,4086,0,15,0
870,124.23,32002,390.65,390.95,0.29,12.7,24.5,0.0,0.0,-11.8,-0.0,3062,4052,0,12,-1
871,124.32,31999,390.61,390.92,0.31,13.2,25.6,0.0,0.0,-12.4,-0.0,3024,4009,0,13,-2
872,124.49,31994,390.55,390.87,0.32,15.5,26.6,0.0,0.0,-11.1,-0.0,2962,3956,0,15,-3
873,124.66,31987,390.47,390.81,0.34,16.8,28.6,0.0,0.0,-11.9,-0.0,2874,3864,0,15,-6
874,124.74,31983,390.42,390.79,0.37,18.8,30.7,0.0,0.0,-11.9,-0.0,2824,3815,0,17,-8
875,124.91,31974,390.31,390.73,0.43,24.3,35.8,0.0,0.0,-11.5,-0.0,2712,3695,0,19,-14
876,125.08,31969,390.25,390.68,0.43,24.5,35.8,0.0,0.0,-11.3,-0.0,2649,3632,0,18,-15
877,125.16,31969,390.25,390.65,0.40,22.6,33.8,0.0,0.0,-11.2,-0.0,2649,3637,0,17,-14
878,125.33,31968,390.23,390.60,0.37,18.9,30.7,0.0,0.0,-11.7,-0.0,2637,3632,0,14,-12
879,125.50,31962,390.16,390.55,0.39,21.2,32.7,0.0,0.0,-11.6,-0.0,2562,3560,0,14,-15
880,125.59,31959,390.12,390.52,0.39,19.5,32.7,0.0,-0.0,-13.3,-0.0,2524,3523,0,12,-15
881,125.76,31956,390.09,390.47,0.38,20.7,31.7,0.0,-0.0,-11.0,-0.0,2487,3493,0,12,-16
882,125.93,31955,390.08,390.41,0.33,15.1,27.6,0.0,-0.0,-12.5,-0.0,2474,3476,0,8,-12
883,126.02,31953,390.05,390.38,0.33,15.6,27.6,0.0,-0.0,-12.0,-0.0,2449,3450,0,8,-13
884,126.19,31951,390.03,390.33,0.31,14.1,25.6,0.0,-0.0,-11.4,-0.0,2424,3432,0,7,-12
885,126.36,31950,390.01,390.28,0.27,11.2,22.5,0.0,-0.0,-11.3,-0.0,2412,3426,0,6,-9
886,126.44,31947,389.98,390.25,0.27,11.2,22.5,0.0,-0.0,-11.3,-0.0,2374,3385,0,5,-10
887,126.61,31944,389.94,390.20,0.26,9.2,21.5,0.0,-0.0,-12.2,-0.0,2337,3344,0,4,-8
888,126.77,31943,389.93,390.15,0.22,7.3,18.4,0.0,-0.0,-11.1,-0.0,2324,3336,0,3,-6
889,126.94,31939,389.88,390.09,0.21,5.5,17.4,0.0,-0.0,-11.9,-0.0,2274,3279,0,2,-5
890,127.01,31939,389.88,390.07,0.20,5.8,16.4,0.0,-0.0,-10.6,-0.0,2274,3283,0,2,-5
891,127.19,31933,389.81,390.02,0.21,5.9,17.4,0.0,-0.0,-11.5,-0.0,2199,3203,0,1,-6
892,127.35,31933,389.81,389.96,0.16,2.1,13.3,0.0,-0.0,-11.2,-0.0,2199,3207,0,0,-2
893,127.53,31932,389.79,389.91,0.11,-3.5,9.2,0.0,-0.0,-12.7,-0.0,2187,1148,0,-1,3
894,127.61,31932,389.79,389.88,0.09,-5.0,7.2,0.0,-0.0,-12.1,-0.0,2187,1152,0,-1,5
895,127.78,31931,389.78,389.83,0.05,-7.7,4.1,0.0,-0.0,-11.8,-0.0,2174,1143,0,-1,7
896,127.94,31929,389.76,389.77,0.01,-11.3,1.0,0.0,-0.0,-12.4,-0.0,2149,1119,0,-2,11
897,128.03,31929,389.76,389.75,-0.01,-13.2,-1.0,0.0,-0.0,-12.2,-0.0,2149,1119,0,-2,13
898,128.20,31926,389.72,389.69,-0.02,-14.2,-2.0,0.0,-0.0,-12.2,-0.0,2112,1079,0,-1,14
899,128.37,31926,389.72,389.64,-0.09,-19.0,-7.2,0.0,-0.0,-11.8,-0.0,2112,1079,0,-2,18
900,128.46,31924,389.70,389.61,-0.09,-20.0,-7.2,0.0,-0.0,-12.8,-0.0,2087,1052,0,-1,19
901,128.63,31924,389.70,389.55,-0.15,-24.9,-12.3,0.0,-0.0,-12.6,-0.0,2087,1055,0,-1,24
902,128.80,31921,389.66,389.50,-0.16,-25.4,-13.3,0.0,-0.0,-12.1,-0.0,2049,1015,0,0,25
903,128.89,31920,389.65,389.47,-0.18,-28.2,-15.3,0.0,-0.0,-12.8,-0.0,2037,1003,0,1,27
904,129.06,31918,389.62,389.42,-0.21,-28.9,-17.4,0.0,-0.0,-11.5,-0.0,2012,977,0,2,28
905,129.23,31917,389.61,389.36,-0.26,-33.4,-21.5,0.0,-0.0,-11.9,-0.0,1999,965,0,3,32
906,129.32,31915,389.59,389.33,-0.26,-34.4,-21.5,0.0,-0.0,-12.9,-0.0,1974,936,0,4,33
907,129.49,31914,389.58,389.28,-0.29,-36.7,-24.5,0.0,-0.0,-12.1,-0.0,1962,928,0,5,35
908,129.58,31911,389.54,389.25,-0.29,-38.0,-24.5,0.0,-0.0,-13.5,-0.0,1924,885,0,8,36
909,129.75,31910,389.53,389.19,-0.33,-39.2,-27.6,0.0,-0.0,-11.6,-0.0,1912,877,0,8,37
910,129.91,31902,389.43,389.14,-0.29,-35.9,-24.5,0.0,-0.0,-11.4,-0.0,1812,767,0,13,32
911,130.08,31901,389.42,389.08,-0.33,-39.0,-27.6,0.0,-0.0,-11.4,-0.0,1799,755,0,15,35
912,130.16,31900,389.40,389.06,-0.34,-41.0,-28.6,0.0,-0.0,-12.4,-0.0,1787,742,0,17,36
913,130.34,31893,389.32,389.00,-0.32,-38.0,-26.6,0.0,-0.0,-11.4,-0.0,1699,651,0,20,31
914,130.51,31893,389.32,388.95,-0.38,-43.8,-31.7,0.0,-0.0,-12.0,-0.0,1699,655,0,23,36
915,130.60,31891,389.29,388.92,-0.38,-45.3,-31.7,0.0,-0.0,-13.6,-0.0,1674,632,0,25,36
916,130.76,31883,389.20,388.86,-0.33,-39.1,-27.6,0.0,0.0,-11.5,-0.0,1574,525,0,26,27
917,130.93,31881,389.17,388.81,-0.37,-42.9,-30.7,0.0,-0.0,-12.3,-0.0,1549,501,0,30,29
918,131.02,31877,389.12,388.78,-0.34,-41.7,-28.6,0.0,-0.0,-13.1,-0.0,1499,450,0,31,26
919,131.19,31871,389.05,388.72,-0.33,-39.1,-27.6,0.0,0.0,-11.5,-0.0,1424,369,0,32,20
920,131.36,31865,388.98,388.67,-0.31,-37.1,-25.6,0.0,0.0,-11.5,-0.0,1349,295,0,32,16
921,131.45,31862,388.94,388.64,-0.31,-38.5,-25.6,0.0,0.0,-12.9,-0.0,1312,255,0,34,14
922,131.62,31857,388.88,388.58,-0.31,-37.3,-25.6,0.0,0.0,-11.7,-0.0,1249,191,0,35,10
923,131.80,31848,388.77,388.52,-0.24,-32.6,-20.5,0.0,0.0,-12.1,-0.0,1137,73,0,31,4
924,131.89,31845,388.73,388.49,-0.24,-33.0,-20.5,0.0,0.0,-12.5,-0.0,1099,36,0,32,2
925,132.06,31838,388.65,388.44,-0.21,-29.0,-17.4,0.0,0.0,-11.6,-0.0,1012,4047,0,28,-2
926,132.23,31831,388.56,388.38,-0.18,-27.7,-15.3,0.0,0.0,-12.4,-0.0,924,3953,0,26,-6
927,132.32,31829,388.54,388.35,-0.18,-28.7,-15.3,0.0,0.0,-13.4,-0.0,899,3926,0,27,-7
928,132.49,31820,388.43,388.30,-0.13,-23.1,-11.2,0.0,0.0,-11.8,-0.0,787,3819,0,20,-9
929,132.58,31816,388.38,388.26,-0.11,-23.0,-9.2,0.0,0.0,-13.8,-0.0,737,3761,0,19,-11
930,132.75,31807,388.27,388.21,-0.06,-16.8,-5.1,0.0,0.0,-11.6,-0.0,624,3653,0,13,-10
931,132.92,31799,388.17,388.15,-0.02,-14.5,-2.0,0.0,0.0,-12.5,-0.0,524,3549,0,9,-10
932,133.01,31795,388.12,388.12,0.00,-13.4,0.0,0.0,0.0,-13.4,-0.0,474,3492,0,8,-10
933,133.18,31789,388.05,388.06,0.01,-11.3,1.0,0.0,0.0,-12.3,-0.0,399,3426,0,6,-9
934,133.35,31780,387.94,388.01,0.07,-5.8,6.1,0.0,0.0,-11.9,-0.0,287,3314,0,2,-5
935,133.43,31776,387.89,387.98,0.09,-5.5,7.2,0.0,0.0,-12.7,-0.0,237,3262,0,2,-5
936,133.61,31769,387.81,387.92,0.12,-2.5,10.2,0.0,0.0,-12.7,-0.0,149,3175,0,0,-2
937,133.77,31766,387.77,387.87,0.10,-4.1,8.2,0.0,0.0,-12.3,-0.0,112,3147,0,0,-4
938,133.86,31760,387.70,387.84,0.15,-0.5,12.3,0.0,0.0,-12.7,-0.0,37,3064,0,0,0
939,134.03,31759,387.68,387.78,0.10,-3.6,8.2,0.0,0.0,-11.8,-0.0,24,3066,0,0,-3
940,134.20,31748,387.55,387.72,0.17,1.5,14.3,0.0,0.0,-12.8,-0.0,3983,873,0,0,1
941,134.29,31746,387.52,387.69,0.17,1.7,14.3,0.0,0.0,-12.6,-0.0,3958,851,0,0,2
942,134.45,31740,387.45,387.64,0.18,3.1,15.3,0.0,0.0,-12.2,-0.0,3883,773,0,1,3
943,134.63,31731,387.34,387.58,0.24,7.4,20.5,0.0,0.0,-13.0,-0.0,3770,652,0,4,6
944,134.79,31726,387.28,387.52,0.24,8.6,20.5,0.0,0.0,-11.8,-0.0,3708,596,0,5,7
945,134.88,31723,387.24,387.49,0.26,8.0,21.5,0.0,0.0,-13.4,-0.0,3670,558,0,5,6
946,135.05,31720,387.21,387.44,0.23,7.4,19.4,0.0,0.0,-12.0,-0.0,3633,526,0,5,5
947,135.22,31713,387.12,387.38,0.26,8.4,21.5,0.0,0.0,-13.1,-0.0,3545,439,0,6,5
948,135.29,31709,387.07,387.35,0.28,12.3,23.5,0.0,0.0,-11.3,-0.0,3495,393,0,10,7
949,135.46,31708,387.06,387.30,0.23,7.8,19.4,0.0,-0.0,-11.7,-0.0,3483,386,0,6,4
950,135.63,31701,386.98,387.24,0.27,9.6,22.5,0.0,0.0,-12.9,-0.0,3395,291,0,8,4
951,135.72,31696,386.91,387.21,0.29,11.0,24.5,0.0,0.0,-13.5,-0.0,3333,222,0,10,4
952,135.89,31692,386.87,387.15,0.29,11.6,24.5,0.0,0.0,-12.9,-0.0,3283,178,0,11,3
953,136.05,31688,386.82,387.10,0.28,11.6,23.5,0.0,0.0,-11.9,-0.0,3233,131,0,11,2
954,136.14,31686,386.79,387.07,0.28,10.4,23.5,0.0,0.0,-13.2,-0.0,3208,102,0,10,2
955,136.31,31683,386.76,387.01,0.26,9.5,21.5,0.0,-0.0,-12.0,-0.0,3170,73,0,9,1
956,136.48,31680,386.72,386.95,0.23,6.9,19.4,0.0,-0.0,-12.6,-0.0,3133,42,0,7,0
957,136.65,31675,386.66,386.89,0.23,6.4,19.4,0.0,-0.0,-13.0,-0.0,3070,4072,0,6,0
958,136.73,31673,386.63,386.87,0.23,7.2,19.4,0.0,-0.0,-12.2,-0.0,3045,4047,0,7,-1
959,136.91,31666,386.55,386.81,0.26,8.9,21.5,0.0,-0.0,-12.6,-0.0,2958,3956,0,8,-2
960,137.08,31662,386.50,386.75,0.24,8.0,20.5,0.0,0.0,-12.4,-0.0,2908,3902,0,7,-2
961,137.16,31662,386.50,386.72,0.22,6.4,18.4,0.0,-0.0,-12.0,-0.0,2908,3907,0,6,-2
962,137.32,31662,386.50,386.66,0.16,0.6,13.3,0.0,-0.0,-12.7,-0.0,2908,3912,0,1,0
963,137.49,31660,386.47,386.61,0.13,-0.4,11.2,0.0,-0.0,-11.7,-0.0,2883,1845,0,0,0
964,137.57,31657,386.44,386.58,0.13,-2.2,11.2,0.0,-0.0,-13.5,-0.0,2845,1807,0,-2,1
965,137.74,31651,386.36,386.52,0.16,1.0,13.3,0.0,-0.0,-12.3,-0.0,2770,3778,0,1,0
966,137.91,31648,386.33,386.46,0.13,-0.8,11.2,0.0,-0.0,-12.1,-0.0,2733,1689,0,-1,0
967,138.00,31647,386.32,386.43,0.11,-4.3,9.2,0.0,-0.0,-13.5,-0.0,2720,1672,0,-4,2
968,138.17,31646,386.30,386.37,0.07,-6.4,6.1,0.0,-0.0,-12.5,-0.0,2708,1664,0,-5,3
969,138.34,31641,386.24,386.31,0.07,-6.6,6.1,0.0,-0.0,-12.8,-0.0,2645,1603,0,-5,4
970,138.43,31639,386.22,386.28,0.06,-8.3,5.1,0.0,-0.0,-13.4,-0.0,2620,1577,0,-6,5
971,138.61,31640,386.23,386.22,-0.01,-14.6,-1.0,0.0,-0.0,-13.6,-0.0,2633,1597,0,-11,9
972,138.78,31635,386.17,386.16,-0.01,-13.6,-1.0,0.0,-0.0,-12.6,-0.0,2570,1530,0,-9,9
973,138.87,31635,386.17,386.13,-0.04,-17.1,-3.1,0.0,-0.0,-14.0,-0.0,2570,1529,0,-12,12
974,139.04,31636,386.18,386.07,-0.11,-21.8,-9.2,0.0,-0.0,-12.6,-0.0,2583,1552,0,-15,15
975,139.21,31631,386.12,386.01,-0.11,-21.6,-9.2,0.0,-0.0,-12.4,-0.0,2520,1485,0,-14,16
976,139.29,31628,386.08,385.98,-0.10,-22.7,-8.2,0.0,-0.0,-14.5,-0.0,2483,1439,0,-13,18
977,139.46,31627,386.07,385.92,-0.15,-25.1,-12.3,0.0,-0.0,-12.9,-0.0,2470,1434,0,-14,20
978,139.64,31623,386.02,385.86,-0.16,-25.8,-13.3,0.0,-0.0,-12.5,-0.0,2420,1377,0,-13,21
979,139.72,31621,386.00,385.83,-0.17,-27.6,-14.3,0.0,-0.0,-13.3,-0.0,2395,1348,0,-13,24
980,139.89,31617,385.95,385.77,-0.18,-28.5,-15.3,0.0,-0.0,-13.1,-0.0,2345,1300,0,-11,25
981,140.06,31617,385.95,385.71,-0.23,-31.7,-19.4,0.0,-0.0,-12.3,-0.0,2345,1305,0,-13,28
982,140.15,31613,385.90,385.68,-0.22,-31.8,-18.4,0.0,-0.0,-13.3,-0.0,2295,1250,0,-10,29
983,140.32,31611,385.88,385.62,-0.26,-34.0,-21.5,0.0,-0.0,-12.5,-0.0,2270,1229,0,-10,31
984,140.48,31610,385.86,385.57,-0.29,-36.9,-24.5,0.0,-0.0,-12.3,-0.0,2258,1222,0,-11,34
985,140.57,31608,385.84,385.54,-0.31,-39.6,-25.6,0.0,-0.0,-14.0,-0.0,2233,1194,0,-10,37
986,140.74,31602,385.77,385.48,-0.29,-36.9,-24.5,0.0,-0.0,-12.3,-0.0,2158,1113,0,-5,35
987,140.91,31598,385.72,385.42,-0.31,-38.6,-25.6,0.0,-0.0,-13.0,-0.0,2108,1063,0,-2,37
988,141.00,31595,385.68,385.38,-0.29,-38.8,-24.5,0.0,-0.0,-14.3,-0.0,2070,1020,0,0,38
989,141.16,31589,385.61,385.33,-0.28,-35.9,-23.5,0.0,0.0,-12.4,-0.0,1995,942,0,4,35
990,141.33,31583,385.53,385.27,-0.27,-35.8,-22.5,0.0,0.0,-13.2,-0.0,1920,864,0,8,34
991,141.50,31580,385.50,385.21,-0.29,-37.8,-24.5,0.0,0.0,-13.3,-0.0,1883,829,0,11,35
992,141.59,31576,385.45,385.17,-0.28,-38.2,-23.5,0.0,0.0,-14.7,-0.0,1833,772,0,14,34
993,141.76,31572,385.40,385.11,-0.28,-36.0,-23.5,0.0,0.0,-12.4,-0.0,1783,732,0,15,31
994,141.94,31563,385.29,385.05,-0.24,-34.6,-20.5,0.0,0.0,-14.1,-0.0,1670,608,0,20,27
995,142.02,31560,385.25,385.02,-0.23,-32.9,-19.4,0.0,0.0,-13.5,-0.0,1633,574,0,20,25
996,142.19,31553,385.17,384.96,-0.21,-30.7,-17.4,0.0,0.0,-13.3,-0.0,1545,481,0,22,20
997,142.28,31551,385.14,384.93,-0.21,-30.7,-17.4,0.0,0.0,-13.3,-0.0,1520,459,0,23,19
998,142.44,31544,385.06,384.87,-0.18,-27.8,-15.3,0.0,0.0,-12.5,-0.0,1433,370,0,23,14
999,142.62,31537,384.97,384.81,-0.16,-27.1,-13.3,0.0,0.0,-13.8,-0.0,1345,280,0,24,11
1000,142.78,31530,384.89,384.75,-0.13,-24.4,-11.2,0.0,0.0,-13.2,-0.0,1258,197,0,23,7
1001,142.87,31526,384.84,384.72,-0.12,-24.5,-10.2,0.0,0.0,-14.2,-0.0,1208,141,0,23,5
1002,143.05,31521,384.78,384.66,-0.12,-23.2,-10.2,0.0,0.0,-13.0,-0.0,1145,82,0,22,3
1003,143.21,31513,384.68,384.60,-0.09,-19.9,-7.2,0.0,0.0,-12.8,-0.0,1045,4081,0,19,0
1004,143.30,31509,384.63,384.56,-0.06,-19.8,-5.1,0.0,0.0,-14.7,-0.0,995,4021,0,19,-2
1005,143.47,31502,384.55,384.50,-0.04,-16.3,-3.1,0.0,0.0,-13.2,-0.0,908,3939,0,15,-4
1006,143.56,31498,384.50,384.47,-0.02,-17.2,-2.0,0.0,0.0,-15.2,-0.0,858,3883,0,16,-5
1007,143.73,31490,384.40,384.41,0.01,-12.4,1.0,0.0,0.0,-13.5,-0.0,758,3784,0,11,-6
1008,143.90,31480,384.28,384.35,0.07,-6.7,6.1,0.0,0.0,-12.8,-0.0,633,3659,0,5,-4
1009,143.99,31478,384.25,384.32,0.06,-9.0,5.1,0.0,0.0,-14.1,-0.0,608,3632,0,7,-6
1010,144.16,31471,384.17,384.26,0.09,-6.1,7.2,0.0,0.0,-13.3,-0.0,520,3547,0,4,-4
1011,144.32,31468,384.13,384.20,0.07,-7.4,6.1,0.0,0.0,-13.5,-0.0,483,3515,0,4,-6
1012,144.49,31461,384.05,384.14,0.10,-4.7,8.2,0.0,0.0,-12.9,-0.0,395,3433,0,2,-4
1013,144.57,31456,383.98,384.11,0.12,-4.0,10.2,0.0,0.0,-14.2,-0.0,333,3366,0,2,-3
1014,144.74,31449,383.90,384.05,0.15,-0.4,12.3,0.0,0.0,-12.7,-0.0,245,3282,0,0,0
1015,144.91,31442,383.81,383.98,0.17,1.0,14.3,0.0,0.0,-13.4,-0.0,158,1139,0,0,1
1016,145.00,31439,383.78,383.95,0.17,-0.3,14.3,0.0,0.0,-14.7,-0.0,120,3145,0,0,0
1017,145.17,31429,383.65,383.89,0.23,6.5,19.4,0.0,0.0,-13.0,-0.0,4091,973,0,0,6
1018,145.34,31424,383.59,383.83,0.23,6.7,19.4,0.0,0.0,-12.8,-0.0,4029,917,0,1,6
1019,145.43,31424,383.59,383.80,0.21,3.8,17.4,0.0,0.0,-13.6,-0.0,4029,920,0,1,4
1020,145.60,31417,383.51,383.73,0.22,5.4,18.4,0.0,0.0,-13.0,-0.0,3941,834,0,2,5
1021,145.77,31413,383.46,383.67,0.21,4.4,17.4,0.0,0.0,-13.0,-0.0,3891,787,0,2,4
1022,145.86,31412,383.45,383.64,0.20,2.1,16.4,0.0,-0.0,-14.3,-0.0,3879,780,0,1,2
1023,146.04,31405,383.36,383.57,0.21,3.5,17.4,0.0,-0.0,-13.9,-0.0,3791,691,0,2,3
1024,146.13,31401,383.31,383.54,0.23,4.7,19.4,0.0,0.0,-14.8,-0.0,3741,633,0,3,4
1025,146.30,31398,383.28,383.48,0.21,4.3,17.4,0.0,-0.0,-13.1,-0.0,3704,605,0,3,3
1026,146.46,31391,383.19,383.42,0.23,6.4,19.4,0.0,0.0,-13.1,-0.0,3616,513,0,4,4
1027,146.56,31387,383.14,383.39,0.24,5.4,20.5,0.0,0.0,-15.0,-0.0,3566,454,0,4,3
1028,146.73,31384,383.11,383.32,0.22,5.8,18.4,0.0,0.0,-12.7,-0.0,3529,428,0,4,3
1029,146.90,31380,383.06,383.26,0.21,3.6,17.4,0.0,-0.0,-13.8,-0.0,3479,380,0,3,2
1030,146.99,31380,383.06,383.23,0.17,-0.3,14.3,0.0,-0.0,-14.6,-0.0,3479,2427,0,0,0
1031,147.16,31372,382.96,383.16,0.21,4.3,17.4,0.0,-0.0,-13.1,-0.0,3379,280,0,4,2
1032,147.33,31370,382.93,383.10,0.17,0.5,14.3,0.0,-0.0,-13.8,-0.0,3354,258,0,0,0
1033,147.41,31370,382.93,383.07,0.13,-2.6,11.2,0.0,-0.0,-13.8,-0.0,3354,2309,0,-2,-1
1034,147.58,31364,382.86,383.01,0.15,-1.1,12.3,0.0,-0.0,-13.4,-0.0,3279,2231,0,-1,0
1035,147.74,31360,382.81,382.95,0.13,-1.9,11.2,0.0,-0.0,-13.2,-0.0,3229,2180,0,-2,0
1036,147.91,31358,382.79,382.89,0.10,-5.0,8.2,0.0,-0.0,-13.2,-0.0,3204,2162,0,-5,-1
1037,147.99,31357,382.78,382.86,0.09,-6.3,7.2,0.0,-0.0,-13.4,-0.0,3191,2148,0,-6,-1
1038,148.16,31352,382.71,382.80,0.09,-5.8,7.2,0.0,-0.0,-13.0,-0.0,3129,2083,0,-6,0
1039,148.33,31350,382.69,382.73,0.04,-11.0,3.1,0.0,-0.0,-14.1,-0.0,3104,2064,0,-11,0
1040,148.41,31348,382.67,382.70,0.04,-11.1,3.1,0.0,-0.0,-14.1,-0.0,3079,2036,0,-11,0
1041,148.58,31348,382.67,382.64,-0.02,-15.7,-2.0,0.0,-0.0,-13.7,-0.0,3079,2040,0,-15,0
1042,148.74,31347,382.65,382.58,-0.07,-19.6,-6.1,0.0,-0.0,-13.5,-0.0,3066,2031,0,-19,0
1043,148.91,31344,382.62,382.52,-0.10,-21.7,-8.2,0.0,-0.0,-13.5,-0.0,3029,1993,0,-21,2
1044,149.00,31340,382.57,382.48,-0.09,-22.0,-7.2,0.0,-0.0,-14.8,-0.0,2979,1939,0,-21,4
1045,149.17,31336,382.52,382.42,-0.10,-21.7,-8.2,0.0,-0.0,-13.5,-0.0,2929,1887,0,-20,5
1046,149.33,31336,382.52,382.36,-0.16,-27.1,-13.3,0.0,-0.0,-13.8,-0.0,2929,1887,0,-25,6
1047,149.42,31332,382.47,382.33,-0.15,-26.5,-12.3,0.0,-0.0,-14.2,-0.0,2879,1832,0,-24,8
1048,149.59,31325,382.39,382.26,-0.12,-25.1,-10.2,0.0,-0.0,-14.9,-0.0,2791,1737,0,-22,11
1049,149.76,31324,382.37,382.20,-0.17,-27.7,-14.3,0.0,-0.0,-13.4,-0.0,2779,1735,0,-24,12
1050,149.85,31323,382.36,382.16,-0.20,-31.3,-16.4,0.0,-0.0,-14.9,-0.0,2766,1721,0,-27,15
1051,150.02,31318,382.30,382.10,-0.20,-29.5,-16.4,0.0,-0.0,-13.2,-0.0,2704,1655,0,-24,16
1052,150.19,31314,382.25,382.04,-0.22,-32.5,-18.4,0.0,-0.0,-14.1,-0.0,2654,1609,0,-25,20
1053,150.28,31315,382.26,382.00,-0.26,-36.4,-21.5,0.0,-0.0,-15.0,-0.0,2666,1626,0,-28,21
1054,150.45,31311,382.21,381.94,-0.28,-37.4,-23.5,0.0,-0.0,-13.9,-0.0,2616,1573,0,-27,24
1055,150.63,31308,382.18,381.87,-0.31,-40.1,-25.6,0.0,-0.0,-14.6,-0.0,2579,1535,0,-27,28
1056,150.71,31304,382.13,381.84,-0.29,-38.9,-24.5,0.0,-0.0,-14.3,-0.0,2529,1484,0,-24,29
1057,150.89,31300,382.08,381.78,-0.31,-39.7,-25.6,0.0,-0.0,-14.1,-0.0,2479,1434,0,-23,31
1058,151.06,31288,381.93,381.71,-0.22,-32.1,-18.4,0.0,0.0,-13.7,-0.0,2329,1269,0,-11,29
1059,151.14,31287,381.92,381.68,-0.24,-34.8,-20.5,0.0,0.0,-14.4,-0.0,2316,1256,0,-12,32
1060,151.32,31280,381.84,381.61,-0.22,-32.4,-18.4,0.0,0.0,-14.0,-0.0,2229,1164,0,-7,31
1061,151.49,31273,381.75,381.55,-0.21,-31.4,-17.4,0.0,0.0,-14.0,-0.0,2141,1076,0,-2,30
1062,151.58,31271,381.73,381.51,-0.21,-33.2,-17.4,0.0,0.0,-15.8,-0.0,2116,1044,0,-1,32
1063,151.75,31268,381.69,381.45,-0.24,-34.0,-20.5,0.0,-0.0,-13.5,-0.0,2079,1027,0,0,33
1064,151.84,31262,381.62,381.41,-0.21,-32.5,-17.4,0.0,0.0,-15.1,-0.0,2004,941,0,4,31
1065,152.00,31255,381.53,381.35,-0.18,-28.7,-15.3,0.0,0.0,-13.3,-0.0,1916,857,0,7,27
1066,152.17,31249,381.46,381.29,-0.17,-28.3,-14.3,0.0,0.0,-14.0,-0.0,1841,782,0,10,26
1067,152.26,31245,381.41,381.25,-0.16,-28.7,-13.3,0.0,0.0,-15.4,-0.0,1791,725,0,12,25
1068,152.43,31239,381.34,381.19,-0.15,-25.9,-12.3,0.0,0.0,-13.6,-0.0,1716,650,0,14,21
1069,152.61,31229,381.21,381.12,-0.10,-23.6,-8.2,0.0,0.0,-15.4,-0.0,1591,522,0,16,16
1070,152.69,31225,381.16,381.09,-0.07,-20.7,-6.1,0.0,0.0,-14.5,-0.0,1541,472,0,15,13
1071,152.87,31219,381.09,381.02,-0.07,-20.5,-6.1,0.0,0.0,-14.3,-0.0,1466,398,0,16,11
1072,153.04,31210,380.98,380.96,-0.02,-15.9,-2.0,0.0,0.0,-13.9,-0.0,1354,285,0,14,7
1073,153.12,31205,380.92,380.93,0.00,-14.6,0.0,0.0,0.0,-14.6,-0.0,1291,216,0,13,5
1074,153.29,31201,380.87,380.86,-0.01,-15.8,-1.0,0.0,0.0,-14.8,-0.0,1241,174,0,15,4
1075,153.46,31193,380.77,380.79,0.02,-12.3,2.0,0.0,0.0,-14.4,-0.0,1141,73,0,12,1
1076,153.56,31186,380.69,380.76,0.07,-9.8,6.1,0.0,0.0,-16.0,-0.0,1054,4072,0,10,0
1077,153.72,31184,380.66,380.69,0.04,-10.6,3.1,0.0,0.0,-13.7,-0.0,1029,4064,0,10,-1
1078,153.90,31176,380.57,380.63,0.06,-10.0,5.1,0.0,0.0,-15.1,-0.0,929,3959,0,9,-2
1079,153.99,31173,380.53,380.59,0.06,-10.2,5.1,0.0,0.0,-15.3,-0.0,891,3919,0,10,-3
1080,154.16,31161,380.38,380.53,0.15,-1.9,12.3,0.0,0.0,-14.2,-0.0,741,3766,0,2,-1
1081,154.33,31157,380.33,380.46,0.12,-3.5,10.2,0.0,0.0,-13.8,-0.0,691,3725,0,3,-2
1082,154.42,31154,380.30,380.43,0.13,-4.1,11.2,0.0,0.0,-15.4,-0.0,654,3679,0,3,-2
1083,154.57,31145,380.19,380.37,0.18,1.6,15.3,0.0,0.0,-13.8,-0.0,541,1520,0,-1,1
1084,154.74,31137,380.09,380.30,0.21,3.6,17.4,0.0,0.0,-13.8,-0.0,441,1421,0,-2,3
1085,154.91,31133,380.04,380.24,0.20,1.9,16.4,0.0,0.0,-14.5,-0.0,391,1375,0,-1,2
1086,155.00,31131,380.02,380.20,0.18,-0.1,15.3,0.0,0.0,-15.4,-0.0,366,3396,0,0,0
1087,155.17,31126,379.96,380.14,0.18,1.5,15.3,0.0,0.0,-13.8,-0.0,304,1292,0,-1,1
1088,155.26,31123,379.92,380.10,0.18,-0.8,15.3,0.0,0.0,-16.2,-0.0,266,3302,0,0,-1
1089,155.43,31118,379.86,380.04,0.18,1.2,15.3,0.0,-0.0,-14.1,-0.0,204,1200,0,0,1
1090,155.59,31112,379.79,379.97,0.18,2.6,15.3,0.0,-0.0,-12.7,-0.0,129,1125,0,0,3
1091,155.76,31108,379.74,379.91,0.17,-0.0,14.3,0.0,0.0,-14.4,-0.0,79,3117,0,0,0
1092,155.84,31104,379.69,379.88,0.20,3.4,16.4,0.0,0.0,-13.0,-0.0,29,1023,0,0,3
1093,156.01,31098,379.61,379.81,0.20,2.7,16.4,0.0,0.0,-13.7,-0.0,4050,943,0,0,3
1094,156.18,31094,379.57,379.74,0.18,0.7,15.3,0.0,-0.0,-14.6,-0.0,4000,898,0,0,1
1095,156.33,31088,379.49,379.68,0.20,2.7,16.4,0.0,0.0,-13.7,-0.0,3925,819,0,1,2
1096,156.42,31086,379.47,379.65,0.18,0.2,15.3,0.0,0.0,-15.1,-0.0,3900,793,0,0,0
1097,156.60,31080,379.39,379.58,0.18,-0.5,15.3,0.0,-0.0,-15.8,-0.0,3825,2770,0,0,0
1098,156.69,31080,379.39,379.54,0.15,-3.1,12.3,0.0,-0.0,-15.4,-0.0,3825,2772,0,-1,-3
1099,156.85,31074,379.32,379.48,0.16,-0.9,13.3,0.0,-0.0,-14.2,-0.0,3750,2697,0,0,-1
1100,157.02,31074,379.32,379.41,0.09,-6.8,7.2,0.0,-0.0,-14.0,-0.0,3750,2706,0,-4,-6
1101,157.11,31072,379.30,379.38,0.09,-8.7,7.2,0.0,-0.0,-15.9,-0.0,3725,2679,0,-5,-7
1102,157.29,31064,379.20,379.31,0.11,-5.5,9.2,0.0,-0.0,-14.7,-0.0,3625,2577,0,-4,-4
1103,157.46,31061,379.16,379.24,0.07,-8.6,6.1,0.0,-0.0,-14.8,-0.0,3587,2539,0,-6,-6
1104,157.62,31061,379.16,379.18,0.01,-14.0,1.0,0.0,-0.0,-15.0,-0.0,3587,2543,0,-10,-9
1105,157.71,31057,379.11,379.14,0.02,-13.0,2.0,0.0,-0.0,-15.0,-0.0,3537,2487,0,-10,-8
1106,157.88,31054,379.08,379.08,0.00,-14.8,0.0,0.0,-0.0,-14.8,-0.0,3500,2456,0,-12,-8
1107,157.97,31053,379.06,379.04,-0.02,-17.8,-2.0,0.0,-0.0,-15.7,-0.0,3487,2445,0,-14,-10
1108,158.14,31048,379.00,378.97,-0.02,-16.4,-2.0,0.0,-0.0,-14.3,-0.0,3425,2382,0,-14,-8
1109,158.31,31046,378.98,378.91,-0.07,-20.3,-6.1,0.0,-0.0,-14.1,-0.0,3400,2355,0,-17,-9
1110,158.47,31044,378.96,378.84,-0.11,-23.1,-9.2,0.0,-0.0,-13.9,-0.0,3375,2338,0,-20,-10
1111,158.56,31042,378.93,378.81,-0.12,-25.5,-10.2,0.0,-0.0,-15.3,-0.0,3350,2307,0,-23,-10
1112,158.75,31037,378.87,378.73,-0.13,-29.2,-11.2,0.0,-0.0,-17.9,-0.0,3287,2240,0,-27,-8
1113,158.84,31036,378.86,378.70,-0.16,-28.9,-13.3,0.0,-0.0,-15.6,-0.0,3275,2233,0,-27,-8
1114,159.00,31033,378.82,378.63,-0.18,-30.2,-15.3,0.0,-0.0,-14.9,-0.0,3237,2194,0,-29,-7
1115,159.17,31029,378.77,378.56,-0.21,-31.8,-17.4,0.0,-0.0,-14.4,-0.0,3187,2142,0,-31,-4
1116,159.26,31027,378.75,378.53,-0.22,-34.0,-18.4,0.0,-0.0,-15.6,-0.0,3162,2115,0,-33,-3
1117,159.43,31025,378.72,378.46,-0.27,-38.2,-22.5,0.0,-0.0,-15.6,-0.0,3137,2094,0,-37,-3
1118,159.60,31021,378.67,378.39,-0.28,-38.2,-23.5,0.0,-0.0,-14.7,-0.0,3087,2041,0,-37,0
1119,159.69,31018,378.64,378.36,-0.28,-39.7,-23.5,0.0,-0.0,-16.1,-0.0,3050,2002,0,-38,3
1120,159.86,31014,378.59,378.29,-0.31,-40.5,-25.6,0.0,-0.0,-15.0,-0.0,3000,1954,0,-39,6
1121,160.04,31007,378.50,378.22,-0.28,-37.6,-23.5,0.0,-0.0,-14.0,-0.0,2912,1862,0,-35,10
1122,160.12,31003,378.45,378.18,-0.27,-39.2,-22.5,0.0,0.0,-16.7,-0.0,2862,1802,0,-35,14
1123,160.29,31000,378.42,378.12,-0.31,-40.3,-25.6,0.0,-0.0,-14.8,-0.0,2825,1770,0,-36,16
1124,160.47,30994,378.34,378.05,-0.29,-39.3,-24.5,0.0,-0.0,-14.8,-0.0,2750,1697,0,-33,20
1125,160.54,30991,378.31,378.01,-0.29,-38.6,-24.5,0.0,0.0,-14.1,-0.0,2712,1656,0,-31,21
1126,160.71,30987,378.26,377.95,-0.32,-41.7,-26.6,0.0,-0.0,-15.1,-0.0,2662,1608,0,-31,25
1127,160.88,30976,378.12,377.88,-0.24,-34.6,-20.5,0.0,0.0,-14.1,-0.0,2525,1465,0,-21,26
1128,160.97,30973,378.09,377.84,-0.24,-36.2,-20.5,0.0,0.0,-15.8,-0.0,2487,1420,0,-20,29
1129,161.14,30968,378.03,377.77,-0.26,-36.8,-21.5,0.0,0.0,-15.3,-0.0,2425,1361,0,-18,31
1130,161.31,30957,377.89,377.71,-0.18,-29.5,-15.3,0.0,0.0,-14.1,-0.0,2287,1219,0,-8,27
1131,161.39,30952,377.83,377.67,-0.16,-28.4,-13.3,0.0,0.0,-15.1,-0.0,2225,1148,0,-5,27
1132,161.56,30950,377.81,377.60,-0.21,-32.0,-17.4,0.0,0.0,-14.7,-0.0,2200,1138,0,-5,31
1133,161.73,30941,377.70,377.54,-0.16,-27.5,-13.3,0.0,0.0,-14.2,-0.0,2087,1020,0,0,27
1134,161.90,30931,377.58,377.47,-0.11,-23.4,-9.2,0.0,0.0,-14.2,-0.0,1962,892,0,5,22
1135,161.98,30930,377.56,377.43,-0.13,-26.7,-11.2,0.0,0.0,-15.4,-0.0,1950,884,0,6,25
1136,162.15,30919,377.43,377.37,-0.06,-19.6,-5.1,0.0,0.0,-14.5,-0.0,1812,743,0,8,17
1137,162.31,30910,377.32,377.30,-0.02,-16.8,-2.0,0.0,0.0,-14.7,-0.0,1700,621,0,9,13
1138,162.41,30906,377.27,377.26,-0.01,-17.7,-1.0,0.0,0.0,-16.7,-0.0,1650,568,0,11,13
1139,162.57,30903,377.23,377.19,-0.04,-17.6,-3.1,0.0,0.0,-14.5,-0.0,1612,548,0,11,13
1140,162.73,30892,377.10,377.13,0.02,-12.5,2.0,0.0,0.0,-14.5,-0.0,1475,402,0,10,7
1141,162.82,30885,377.01,377.09,0.07,-10.1,6.1,0.0,0.0,-16.2,-0.0,1387,308,0,9,4
1142,162.99,30878,376.93,377.02,0.10,-6.8,8.2,0.0,0.0,-15.0,-0.0,1300,228,0,6,2
1143,163.16,30869,376.82,376.95,0.13,-4.3,11.2,0.0,0.0,-15.5,-0.0,1187,109,0,4,1
1144,163.25,30866,376.78,376.92,0.13,-4.5,11.2,0.0,0.0,-15.8,-0.0,1150,68,0,4,0
1145,163.42,30859,376.70,376.85,0.16,-1.3,13.3,0.0,0.0,-14.6,-0.0,1062,4087,0,1,0
1146,163.58,30851,376.60,376.78,0.18,0.3,15.3,0.0,0.0,-15.1,-0.0,962,1940,0,0,0
1147,163.75,30846,376.54,376.72,0.18,0.2,15.3,0.0,0.0,-15.1,-0.0,900,1883,0,0,0
1148,163.82,30844,376.51,376.68,0.17,0.7,14.3,0.0,0.0,-13.6,-0.0,875,1864,0,-1,0
1149,164.00,30833,376.38,376.62,0.23,4.1,19.4,0.0,0.0,-15.4,-0.0,737,1714,0,-3,2
1150,164.16,30826,376.29,376.55,0.26,6.8,21.5,0.0,0.0,-14.6,-0.0,650,1633,0,-5,4
1151,164.25,30825,376.28,376.51,0.23,4.0,19.4,0.0,0.0,-15.4,-0.0,637,1621,0,-3,2
1152,164.42,30822,376.25,376.44,0.20,0.7,16.4,0.0,0.0,-15.6,-0.0,600,1587,0,-1,0
1153,164.58,30814,376.15,376.38,0.23,4.0,19.4,0.0,0.0,-15.4,-0.0,500,1486,0,-3,3
1154,164.74,30809,376.09,376.31,0.22,3.2,18.4,0.0,-0.0,-15.2,-0.0,437,1432,0,-2,3
1155,164.82,30804,376.03,376.28,0.26,7.0,21.5,0.0,0.0,-14.5,-0.0,375,1367,0,-3,6
1156,164.98,30798,375.95,376.21,0.26,6.8,21.5,0.0,0.0,-14.7,-0.0,300,1283,0,-3,6
1157,165.15,30791,375.87,376.14,0.27,6.8,22.5,0.0,0.0,-15.7,-0.0,212,1195,0,-2,6
1158,165.31,30788,375.83,376.07,0.24,5.0,20.5,0.0,0.0,-15.5,-0.0,175,1161,0,-1,5
1159,165.40,30783,375.77,376.03,0.27,5.3,22.5,0.0,0.0,-17.2,-0.0,112,1091,0,-1,5
1160,165.56,30783,375.77,375.97,0.20,1.6,16.4,0.0,-0.0,-14.8,-0.0,112,1109,0,0,2
1161,165.73,30773,375.65,375.90,0.26,6.7,21.5,0.0,-0.0,-14.8,-0.0,4083,980,0,0,6
1162,165.82,30773,375.65,375.86,0.22,1.6,18.4,0.0,-0.0,-16.8,-0.0,4083,981,0,0,2
1163,165.99,30768,375.59,375.79,0.21,2.8,17.4,0.0,-0.0,-14.6,-0.0,4021,920,0,0,3
1164,166.16,30761,375.50,375.72,0.22,3.6,18.4,0.0,-0.0,-14.8,-0.0,3933,829,0,1,3
1165,166.24,30757,375.45,375.69,0.23,3.1,19.4,0.0,0.0,-16.3,-0.0,3883,770,0,1,3
1166,166.40,30753,375.40,375.62,0.22,2.8,18.4,0.0,-0.0,-15.6,-0.0,3833,731,0,1,2
1167,166.57,30749,375.35,375.55,0.20,0.8,16.4,0.0,-0.0,-15.6,-0.0,3783,677,0,0,1
1168,166.74,30746,375.32,375.48,0.16,-2.8,13.3,0.0,-0.0,-16.1,-0.0,3746,2693,0,-1,-2
1169,166.83,30743,375.28,375.44,0.16,-2.6,13.3,0.0,-0.0,-15.9,-0.0,3708,2656,0,-1,-2
1170,166.99,30737,375.21,375.38,0.17,-0.6,14.3,0.0,-0.0,-14.9,-0.0,3633,2583,0,0,0
1171,167.16,30736,375.20,375.30,0.11,-6.5,9.2,0.0,-0.0,-15.7,-0.0,3621,2571,0,-4,-4
1172,167.25,30734,375.17,375.27,0.10,-8.5,8.2,0.0,-0.0,-16.7,-0.0,3596,2548,0,-6,-6
1173,167.43,30731,375.13,375.19,0.06,-11.3,5.1,0.0,-0.0,-16.4,-0.0,3558,2510,0,-8,-7
1174,167.60,30726,375.07,375.12,0.05,-11.1,4.1,0.0,-0.0,-15.2,-0.0,3496,2453,0,-9,-6
1175,167.69,30723,375.04,375.08,0.05,-12.9,4.1,0.0,-0.0,-17.0,-0.0,3458,2412,0,-11,-7
1176,167.85,30723,375.04,375.01,-0.02,-17.0,-2.0,0.0,-0.0,-15.0,-0.0,3458,2416,0,-14,-9
1177,168.03,30717,374.96,374.94,-0.02,-17.5,-2.0,0.0,-0.0,-15.5,-0.0,3383,2334,0,-15,-7
1178,168.11,30715,374.94,374.90,-0.04,-19.8,-3.1,0.0,-0.0,-16.8,-0.0,3358,2309,0,-18,-7
1179,168.28,30713,374.91,374.83,-0.09,-22.4,-7.2,0.0,-0.0,-15.3,-0.0,3333,2290,0,-20,-8
1180,168.45,30713,374.91,374.76,-0.16,-28.3,-13.3,0.0,-0.0,-15.0,-0.0,3333,2295,0,-25,-10
1181,168.53,30709,374.87,374.73,-0.13,-26.8,-11.2,0.0,-0.0,-15.5,-0.0,3283,2238,0,-25,-7
1182,168.70,30705,374.82,374.66,-0.16,-28.8,-13.3,0.0,-0.0,-15.6,-0.0,3233,2191,0,-27,-6
1183,168.87,30701,374.77,374.58,-0.18,-30.2,-15.3,0.0,-0.0,-14.8,-0.0,3183,2142,0,-29,-4
1184,168.96,30698,374.73,374.55,-0.18,-32.2,-15.3,0.0,-0.0,-16.8,-0.0,3146,2098,0,-31,-2
1185,169.13,30696,374.71,374.47,-0.23,-34.5,-19.4,0.0,-0.0,-15.1,-0.0,3121,2073,0,-33,-1
1186,169.30,30695,374.69,374.40,-0.29,-39.7,-24.5,0.0,-0.0,-15.1,-0.0,3108,2068,0,-38,-1
1187,169.38,30693,374.67,374.37,-0.31,-41.7,-25.6,0.0,-0.0,-16.1,-0.0,3083,2041,0,-40,0
1188,169.55,30684,374.56,374.29,-0.27,-38.1,-22.5,0.0,-0.0,-15.6,-0.0,2971,1922,0,-36,7
1189,169.73,30683,374.55,374.22,-0.33,-43.2,-27.6,0.0,-0.0,-15.6,-0.0,2958,1915,0,-41,8
1190,169.82,30680,374.51,374.18,-0.33,-44.8,-27.6,0.0,-0.0,-17.2,-0.0,2921,1871,0,-42,12
1191,169.99,30675,374.45,374.11,-0.34,-43.8,-28.6,0.0,-0.0,-15.2,-0.0,2858,1806,0,-40,15
1192,170.16,30665,374.33,374.04,-0.29,-39.5,-24.5,0.0,-0.0,-14.9,-0.0,2733,1677,0,-32,21
1193,170.24,30663,374.30,374.00,-0.31,-42.3,-25.6,0.0,-0.0,-16.7,-0.0,2708,1651,0,-34,23
1194,170.41,30658,374.24,373.93,-0.32,-41.5,-26.6,0.0,0.0,-14.9,-0.0,2646,1587,0,-31,26
1195,170.59,30649,374.13,373.86,-0.28,-40.0,-23.5,0.0,0.0,-16.5,-0.0,2533,1464,0,-24,30
1196,170.68,30646,374.10,373.82,-0.28,-39.8,-23.5,0.0,0.0,-16.2,-0.0,2496,1428,0,-22,31
1197,170.84,30640,374.02,373.75,-0.28,-38.5,-23.5,0.0,0.0,-15.0,-0.0,2421,1362,0,-18,32
1198,171.02,30631,373.91,373.67,-0.24,-36.7,-20.5,0.0,0.0,-16.3,-0.0,2308,1238,0,-11,34
1199,171.10,30627,373.86,373.64,-0.23,-36.0,-19.4,0.0,0.0,-16.5,-0.0,2258,1186,0,-9,34
1200,171.28,30621,373.79,373.56,-0.23,-35.2,-19.4,0.0,0.0,-15.8,-0.0,2183,1118,0,-5,34
1201,171.45,30611,373.67,373.49,-0.18,-31.1,-15.3,0.0,0.0,-15.8,-0.0,2058,987,0,2,30
1202,171.53,30608,373.63,373.45,-0.18,-31.7,-15.3,0.0,0.0,-16.3,-0.0,2021,949,0,4,30
1203,171.70,30599,373.52,373.38,-0.15,-27.6,-12.3,0.0,0.0,-15.3,-0.0,1908,838,0,8,26
1204,171.87,30591,373.43,373.31,-0.12,-26.1,-10.2,0.0,0.0,-15.8,-0.0,1808,732,0,11,23
1205,171.96,30584,373.34,373.27,-0.07,-23.0,-6.1,0.0,0.0,-16.9,-0.0,1721,639,0,12,19
1206,172.12,30575,373.23,373.20,-0.04,-18.2,-3.1,0.0,0.0,-15.1,-0.0,1608,533,0,12,13
1207,172.29,30566,373.12,373.13,0.01,-14.3,1.0,0.0,0.0,-15.4,-0.0,1496,418,0,11,8
1208,172.45,30561,373.06,373.06,0.00,-15.1,0.0,0.0,0.0,-15.1,-0.0,1433,360,0,12,8
1209,172.54,30555,372.99,373.02,0.04,-15.1,3.1,0.0,0.0,-18.2,-0.0,1358,272,0,13,6
1210,172.71,30547,372.89,372.94,0.06,-10.0,5.1,0.0,0.0,-15.1,-0.0,1258,186,0,9,3
1211,172.88,30539,372.79,372.87,0.09,-8.0,7.2,0.0,0.0,-15.2,-0.0,1158,90,0,8,1
1212,172.97,30533,372.72,372.83,0.12,-6.7,10.2,0.0,0.0,-17.0,-0.0,1083,7,0,7,0
1213,173.14,30523,372.60,372.76,0.17,-0.9,14.3,0.0,0.0,-15.2,-0.0,958,3977,0,1,0
1214,173.30,30516,372.51,372.69,0.18,0.1,15.3,0.0,0.0,-15.2,-0.0,871,1846,0,0,0
1215,173.39,30511,372.45,372.65,0.21,1.1,17.4,0.0,0.0,-16.2,-0.0,808,1777,0,-1,0
1216,173.56,30502,372.34,372.58,0.24,4.2,20.5,0.0,0.0,-16.2,-0.0,696,1664,0,-3,2
1217,173.73,30499,372.30,372.50,0.20,0.1,16.4,0.0,0.0,-16.3,-0.0,658,1638,0,0,0
1218,173.82,30496,372.27,372.46,0.20,-1.0,16.4,0.0,0.0,-17.3,-0.0,621,3650,0,1,-1
1219,173.99,30485,372.13,372.39,0.26,6.2,21.5,0.0,0.0,-15.3,-0.0,483,1464,0,-4,5
1220,174.16,30477,372.03,372.32,0.28,8.2,23.5,0.0,0.0,-15.3,-0.0,383,1365,0,-4,7
1221,174.25,30474,372.00,372.28,0.28,6.4,23.5,0.0,0.0,-17.1,-0.0,346,1326,0,-3,6
1222,174.42,30468,371.92,372.20,0.28,8.2,23.5,0.0,0.0,-15.3,-0.0,271,1252,0,-3,7
1223,174.59,30460,371.83,372.13,0.31,9.5,25.6,0.0,0.0,-16.1,-0.0,171,1149,0,-2,9
1224,174.68,30459,371.81,372.09,0.28,6.6,23.5,0.0,0.0,-16.9,-0.0,158,1142,0,-1,6
1225,174.85,30450,371.70,372.02,0.32,11.3,26.6,0.0,0.0,-15.3,-0.0,46,1032,0,0,11
1226,175.02,30448,371.68,371.94,0.26,5.1,21.5,0.0,-0.0,-16.4,-0.0,21,1012,0,0,5
1227,175.11,30445,371.64,371.90,0.26,4.6,21.5,0.0,-0.0,-16.9,-0.0,4079,972,0,0,4
1228,175.27,30436,371.53,371.83,0.29,8.4,24.5,0.0,-0.0,-16.2,-0.0,3967,860,0,2,8
1229,175.45,30429,371.45,371.75,0.31,9.1,25.6,0.0,0.0,-16.4,-0.0,3879,766,0,3,8
1230,175.53,30428,371.44,371.72,0.28,7.9,23.5,0.0,-0.0,-15.7,-0.0,3867,763,0,3,7
1231,175.69,30425,371.40,371.64,0.24,4.3,20.5,0.0,-0.0,-16.2,-0.0,3829,723,0,2,4
1232,175.87,30417,371.30,371.57,0.27,6.0,22.5,0.0,0.0,-16.5,-0.0,3729,621,0,3,5
1233,176.03,30411,371.23,371.50,0.27,6.0,22.5,0.0,-0.0,-16.5,-0.0,3654,550,0,4,4
1234,176.12,30407,371.18,371.46,0.28,6.2,23.5,0.0,-0.0,-17.3,-0.0,3604,497,0,4,4
1235,176.27,30403,371.13,371.39,0.26,6.0,21.5,0.0,-0.0,-15.5,-0.0,3554,449,0,4,4
1236,176.45,30396,371.04,371.31,0.27,5.7,22.5,0.0,-0.0,-16.8,-0.0,3467,359,0,5,3
1237,176.53,30394,371.02,371.28,0.26,4.4,21.5,0.0,-0.0,-17.1,-0.0,3442,333,0,4,2
1238,176.70,30393,371.01,371.20,0.20,-0.2,16.4,0.0,-0.0,-16.5,-0.0,3429,2378,0,0,0
1239,176.87,30389,370.96,371.13,0.17,-1.5,14.3,0.0,-0.0,-15.8,-0.0,3379,2332,0,-1,-1
1240,176.96,30385,370.91,371.09,0.18,-2.0,15.3,0.0,-0.0,-17.4,-0.0,3329,2277,0,-2,-1
1241,177.13,30382,370.87,371.01,0.13,-4.3,11.2,0.0,-0.0,-15.5,-0.0,3292,2248,0,-4,-1
1242,177.29,30377,370.81,370.94,0.13,-4.3,11.2,0.0,-0.0,-15.6,-0.0,3229,2181,0,-4,-1
1243,177.45,30370,370.73,370.87,0.15,-4.1,12.3,0.0,-0.0,-16.4,-0.0,3142,2085,0,-4,0
1244,177.54,30370,370.73,370.83,0.10,-8.4,8.2,0.0,-0.0,-16.6,-0.0,3142,2089,0,-8,-1
1245,177.71,30366,370.68,370.76,0.07,-10.0,6.1,0.0,-0.0,-16.1,-0.0,3092,2042,0,-10,0
1246,177.86,30364,370.65,370.69,0.04,-13.3,3.1,0.0,-0.0,-16.4,-0.0,3067,2018,0,-13,1
1247,177.95,30365,370.67,370.65,-0.02,-20.0,-2.0,0.0,-0.0,-18.0,-0.0,3079,2035,0,-19,0
1248,178.12,30360,370.61,370.57,-0.04,-19.5,-3.1,0.0,-0.0,-16.4,-0.0,3017,1978,0,-19,2
1249,178.29,30355,370.54,370.50,-0.05,-20.5,-4.1,0.0,-0.0,-16.4,-0.0,2954,1910,0,-19,4
1250,178.38,30355,370.54,370.46,-0.09,-24.9,-7.2,0.0,-0.0,-17.8,-0.0,2954,1912,0,-24,5
1251,178.54,30351,370.50,370.38,-0.11,-25.1,-9.2,0.0,-0.0,-15.9,-0.0,2904,1861,0,-23,7
1252,178.71,30345,370.42,370.31,-0.11,-24.9,-9.2,0.0,-0.0,-15.7,-0.0,2829,1778,0,-22,10
1253,178.87,30343,370.40,370.24,-0.16,-28.7,-13.3,0.0,-0.0,-15.4,-0.0,2804,1760,0,-25,12
1254,178.96,30340,370.36,370.20,-0.16,-30.3,-13.3,0.0,-0.0,-17.0,-0.0,2767,1720,0,-26,14
1255,179.13,30339,370.35,370.12,-0.23,-36.2,-19.4,0.0,-0.0,-16.8,-0.0,2754,1708,0,-30,17
1256,179.30,30333,370.28,370.05,-0.23,-35.4,-19.4,0.0,-0.0,-16.0,-0.0,2679,1633,0,-28,20
1257,179.39,30329,370.23,370.00,-0.22,-37.1,-18.4,0.0,-0.0,-18.7,-0.0,2629,1578,0,-27,24
1258,179.56,30324,370.17,369.93,-0.23,-36.5,-19.4,0.0,-0.0,-17.1,-0.0,2567,1514,0,-24,26
1259,179.73,30321,370.13,369.85,-0.28,-39.3,-23.5,0.0,-0.0,-15.8,-0.0,2529,1480,0,-25,29
1260,179.82,30316,370.07,369.81,-0.26,-39.4,-21.5,0.0,-0.0,-17.9,-0.0,2467,1407,0,-21,32
1261,179.99,30312,370.02,369.74,-0.28,-39.6,-23.5,0.0,-0.0,-16.1,-0.0,2417,1363,0,-19,33
1262,180.16,30306,369.95,369.66,-0.29,-40.3,-24.5,0.0,-0.0,-15.8,-0.0,2342,1291,0,-16,36
1263,180.25,30304,369.92,369.62,-0.31,-43.0,-25.6,0.0,-0.0,-17.4,-0.0,2317,1262,0,-15,39
1264,180.42,30293,369.79,369.54,-0.24,-37.3,-20.5,0.0,0.0,-16.9,-0.0,2179,1113,0,-5,36
1265,180.51,30293,369.79,369.50,-0.29,-42.8,-24.5,0.0,-0.0,-18.2,-0.0,2179,1118,0,-6,41
1266,180.69,30283,369.67,369.42,-0.24,-37.9,-20.5,0.0,0.0,-17.5,-0.0,2054,986,0,2,37
1267,180.86,30275,369.57,369.34,-0.22,-34.3,-18.4,0.0,0.0,-15.9,-0.0,1954,887,0,7,32
1268,180.94,30272,369.53,369.30,-0.23,-37.5,-19.4,0.0,0.0,-18.0,-0.0,1917,843,0,10,35
1269,181.11,30267,369.47,369.23,-0.24,-36.3,-20.5,0.0,0.0,-15.9,-0.0,1854,794,0,12,33
1270,181.28,30255,369.32,369.15,-0.17,-30.5,-14.3,0.0,0.0,-16.2,-0.0,1704,631,0,17,24
1271,181.38,30250,369.26,369.11,-0.16,-32.4,-13.3,0.0,0.0,-19.1,-0.0,1642,563,0,20,24
1272,181.54,30241,369.15,369.03,-0.12,-26.2,-10.2,0.0,0.0,-15.9,-0.0,1529,457,0,19,16
1273,181.71,30234,369.07,368.96,-0.11,-26.5,-9.2,0.0,0.0,-17.3,-0.0,1442,363,0,22,14
1274,181.80,30231,369.03,368.92,-0.11,-26.5,-9.2,0.0,0.0,-17.3,-0.0,1404,325,0,23,12
1275,181.97,30223,368.93,368.84,-0.10,-24.1,-8.2,0.0,0.0,-16.0,-0.0,1304,235,0,22,8
1276,182.14,30212,368.80,368.76,-0.04,-19.0,-3.1,0.0,0.0,-16.0,-0.0,1167,95,0,18,3
1277,182.23,30208,368.75,368.72,-0.02,-19.9,-2.0,0.0,0.0,-17.9,-0.0,1117,41,0,19,1
1278,182.40,30200,368.65,368.64,-0.01,-17.8,-1.0,0.0,0.0,-16.8,-0.0,1017,4039,0,17,-2
1279,182.57,30192,368.55,368.56,0.01,-16.6,1.0,0.0,0.0,-17.6,-0.0,917,3934,0,16,-4
1280,182.66,30188,368.51,368.52,0.01,-17.2,1.0,0.0,0.0,-18.2,-0.0,867,3884,0,16,-5
1281,182.83,30179,368.40,368.45,0.05,-11.9,4.1,0.0,0.0,-16.0,-0.0,754,3780,0,10,-5
1282,183.00,30168,368.26,368.37,0.11,-8.2,9.2,0.0,0.0,-17.4,-0.0,617,3633,0,6,-5
1283,183.09,30161,368.18,368.33,0.15,-5.1,12.3,0.0,0.0,-17.4,-0.0,529,3542,0,3,-4
1284,183.26,30157,368.13,368.25,0.12,-6.1,10.2,0.0,0.0,-16.3,-0.0,479,3501,0,4,-5
1285,183.42,30147,368.01,368.17,0.17,-2.9,14.3,0.0,0.0,-17.2,-0.0,354,3371,0,1,-2
1286,183.51,30142,367.94,368.13,0.18,-2.7,15.3,0.0,0.0,-18.0,-0.0,292,3306,0,1,-2
1287,183.67,30134,367.85,368.06,0.22,1.5,18.4,0.0,0.0,-16.9,-0.0,192,1165,0,0,1
1288,183.84,30126,367.75,367.98,0.23,3.0,19.4,0.0,0.0,-16.4,-0.0,92,1070,0,0,3
1289,184.01,30119,367.66,367.91,0.24,4.3,20.5,0.0,0.0,-16.1,-0.0,4,982,0,0,4
1290,184.10,30116,367.63,367.86,0.23,0.5,19.4,0.0,0.0,-18.9,-0.0,4063,939,0,0,1
1291,184.27,30104,367.48,367.79,0.31,8.9,25.6,0.0,0.0,-16.7,-0.0,3913,791,0,3,8
1292,184.44,30099,367.42,367.71,0.29,7.0,24.5,0.0,0.0,-17.5,-0.0,3850,731,0,3,6
1293,184.53,30098,367.41,367.67,0.26,3.1,21.5,0.0,0.0,-18.4,-0.0,3838,722,0,1,3
1294,184.70,30087,367.27,367.59,0.32,8.7,26.6,0.0,0.0,-17.8,-0.0,3700,579,0,5,7
1295,184.87,30082,367.21,367.51,0.29,7.5,24.5,0.0,0.0,-17.0,-0.0,3638,522,0,5,5
1296,184.96,30079,367.18,367.47,0.29,5.8,24.5,0.0,-0.0,-18.7,-0.0,3600,488,0,4,4
1297,185.13,30071,367.08,367.39,0.32,10.1,26.6,0.0,0.0,-16.5,-0.0,3500,388,0,8,5
1298,185.30,30066,367.02,367.31,0.29,7.5,24.5,0.0,0.0,-17.1,-0.0,3438,327,0,6,3
1299,185.39,30063,366.98,367.27,0.29,5.3,24.5,0.0,-0.0,-19.3,-0.0,3400,288,0,5,2
1300,185.56,30056,366.89,367.19,0.29,6.6,24.5,0.0,0.0,-17.9,-0.0,3313,201,0,6,2
1301,185.72,30051,366.83,367.11,0.28,5.6,23.5,0.0,-0.0,-18.0,-0.0,3250,140,0,5,1
1302,185.80,30047,366.78,367.08,0.29,6.9,24.5,0.0,-0.0,-17.7,-0.0,3200,91,0,7,1
1303,185.97,30040,366.70,367.00,0.29,8.0,24.5,0.0,0.0,-16.6,-0.0,3113,3,0,8,0
1304,186.14,30038,366.67,366.92,0.24,3.6,20.5,0.0,-0.0,-16.9,-0.0,3088,4081,0,3,0
1305,186.23,30035,366.64,366.88,0.24,2.5,20.5,0.0,-0.0,-18.0,-0.0,3050,4041,0,2,0
1306,186.40,30029,366.56,366.80,0.23,2.8,19.4,0.0,-0.0,-16.6,-0.0,2975,3967,0,3,-1
1307,186.57,30026,366.53,366.72,0.20,-0.8,16.4,0.0,-0.0,-17.2,-0.0,2938,1887,0,-1,0
1308,186.65,30022,366.48,366.68,0.20,-1.1,16.4,0.0,-0.0,-17.5,-0.0,2888,1837,0,-1,0
1309,186.81,30015,366.39,366.61,0.21,0.2,17.4,0.0,-0.0,-17.2,-0.0,2800,3789,0,0,0
1310,186.98,30012,366.36,366.53,0.17,-3.2,14.3,0.0,-0.0,-17.5,-0.0,2763,1709,0,-3,2
1311,187.15,30004,366.26,366.45,0.20,0.8,16.4,0.0,-0.0,-15.6,-0.0,2663,3654,0,1,0
1312,187.23,30004,366.26,366.41,0.15,-5.5,12.3,0.0,-0.0,-17.8,-0.0,2663,1604,0,-4,3
1313,187.40,30001,366.22,366.33,0.11,-8.1,9.2,0.0,-0.0,-17.3,-0.0,2625,1576,0,-6,5
1314,187.57,29999,366.20,366.25,0.05,-14.0,4.1,0.0,-0.0,-18.1,-0.0,2600,1553,0,-10,9
1315,187.67,29997,366.17,366.21,0.04,-15.9,3.1,0.0,-0.0,-19.0,-0.0,2575,1527,0,-11,11
1316,187.84,29990,366.09,366.12,0.04,-14.2,3.1,0.0,-0.0,-17.3,-0.0,2488,1444,0,-8,11
1317,188.00,29986,366.04,366.05,0.01,-15.2,1.0,0.0,-0.0,-16.2,-0.0,2438,1389,0,-8,12
1318,188.09,29982,365.99,366.00,0.01,-18.3,1.0,0.0,-0.0,-19.3,-0.0,2388,1333,0,-8,16
1319,188.26,29982,365.99,365.93,-0.06,-22.5,-5.1,0.0,-0.0,-17.4,-0.0,2388,1339,0,-10,19
1320,188.44,29975,365.91,365.84,-0.06,-23.0,-5.1,0.0,-0.0,-17.9,-0.0,2300,1247,0,-7,21
1321,188.53,29974,365.89,365.80,-0.10,-27.0,-8.2,0.0,-0.0,-18.8,-0.0,2288,1239,0,-8,25
1322,188.70,29971,365.86,365.72,-0.13,-29.5,-11.2,0.0,-0.0,-18.2,-0.0,2250,1203,0,-8,27
1323,188.79,29970,365.84,365.68,-0.17,-32.3,-14.3,0.0,-0.0,-18.0,-0.0,2238,1196,0,-8,30
1324,188.96,29964,365.77,365.60,-0.17,-32.3,-14.3,0.0,-0.0,-18.0,-0.0,2163,1112,0,-4,31
1325,189.13,29956,365.67,365.52,-0.16,-29.9,-13.3,0.0,-0.0,-16.6,-0.0,2063,1013,0,0,29
1326,189.29,29954,365.65,365.44,-0.21,-34.0,-17.4,0.0,-0.0,-16.6,-0.0,2038,987,0,2,33
1327,189.38,29950,365.60,365.40,-0.21,-37.4,-17.4,0.0,-0.0,-20.0,-0.0,1988,928,0,5,36
1328,189.55,29941,365.49,365.32,-0.17,-32.3,-14.3,0.0,0.0,-18.0,-0.0,1875,808,0,10,30
1329,189.65,29939,365.47,365.27,-0.20,-35.5,-16.4,0.0,-0.0,-19.2,-0.0,1850,786,0,12,32
1330,189.81,29936,365.43,365.19,-0.23,-36.1,-19.4,0.0,-0.0,-16.7,-0.0,1813,761,0,14,32
1331,189.98,29930,365.36,365.11,-0.24,-37.1,-20.5,0.0,-0.0,-16.7,-0.0,1738,681,0,18,31
1332,190.15,29924,365.28,365.03,-0.24,-37.7,-20.5,0.0,-0.0,-17.2,-0.0,1663,607,0,22,29
1333,190.24,29920,365.23,364.99,-0.24,-39.1,-20.5,0.0,-0.0,-18.7,-0.0,1613,556,0,25,29
1334,190.41,29913,365.15,364.91,-0.24,-38.3,-20.5,0.0,-0.0,-17.8,-0.0,1525,466,0,28,24
1335,190.50,29911,365.12,364.87,-0.26,-39.9,-21.5,0.0,-0.0,-18.4,-0.0,1500,437,0,30,24
1336,190.68,29902,365.01,364.78,-0.23,-38.2,-19.4,0.0,0.0,-18.7,-0.0,1388,321,0,33,17
1337,190.85,29896,364.94,364.70,-0.24,-37.8,-20.5,0.0,0.0,-17.3,-0.0,1313,249,0,34,14
1338,190.94,29891,364.88,364.66,-0.22,-38.0,-18.4,0.0,0.0,-19.6,-0.0,1250,180,0,35,10
1339,191.11,29884,364.79,364.58,-0.22,-35.5,-18.4,0.0,0.0,-17.0,-0.0,1163,98,0,34,5
1340,191.28,29876,364.70,364.50,-0.21,-34.8,-17.4,0.0,0.0,-17.3,-0.0,1063,4090,0,34,0
1341,191.37,29871,364.64,364.45,-0.18,-35.0,-15.3,0.0,0.0,-19.6,-0.0,1000,4021,0,34,-4
1342,191.53,29862,364.53,364.37,-0.16,-30.1,-13.3,0.0,0.0,-16.8,-0.0,888,3912,0,28,-8
1343,191.70,29854,364.43,364.29,-0.13,-29.8,-11.2,0.0,0.0,-18.5,-0.0,788,3810,0,26,-12
1344,191.79,29850,364.38,364.25,-0.13,-29.5,-11.2,0.0,0.0,-18.2,-0.0,738,3758,0,25,-14
1345,191.96,29841,364.27,364.17,-0.10,-25.9,-8.2,0.0,0.0,-17.7,-0.0,625,3645,0,19,-16
1346,192.13,29832,364.16,364.09,-0.07,-23.3,-6.1,0.0,0.0,-17.1,-0.0,513,3533,0,15,-17
1347,192.21,29825,364.07,364.05,-0.02,-20.6,-2.0,0.0,0.0,-18.6,-0.0,425,3440,0,11,-17
1348,192.39,29819,364.00,363.96,-0.04,-20.8,-3.1,0.0,0.0,-17.7,-0.0,350,3370,0,9,-18
1349,192.56,29809,363.88,363.88,0.00,-18.6,0.0,0.0,0.0,-18.6,-0.0,225,3240,0,5,-17
1350,192.65,29806,363.84,363.84,-0.01,-19.6,-1.0,0.0,0.0,-18.6,-0.0,188,3206,0,4,-19
1351,192.81,29796,363.72,363.76,0.04,-13.8,3.1,0.0,0.0,-16.9,-0.0,63,3085,0,0,-13
1352,192.99,29785,363.59,363.67,0.09,-11.2,7.2,0.0,0.0,-18.4,-0.0,4021,2942,0,-2,-11
1353,193.07,29782,363.55,363.63,0.09,-11.2,7.2,0.0,0.0,-18.4,-0.0,3984,2904,0,-3,-11
1354,193.25,29773,363.44,363.55,0.11,-8.9,9.2,0.0,0.0,-18.1,-0.0,3871,2793,0,-4,-8
1355,193.41,29763,363.32,363.47,0.15,-5.0,12.3,0.0,0.0,-17.2,-0.0,3746,2665,0,-3,-4
1356,193.51,29759,363.27,363.42,0.16,-5.7,13.3,0.0,0.0,-19.0,-0.0,3696,2614,0,-4,-4
1357,193.68,29748,363.13,363.34,0.21,-0.8,17.4,0.0,0.0,-18.1,-0.0,3559,2480,0,-1,0
1358,193.85,29740,363.04,363.26,0.22,0.5,18.4,0.0,0.0,-17.9,-0.0,3459,331,0,0,0
1359,193.94,29737,363.00,363.22,0.22,0.2,18.4,0.0,0.0,-18.2,-0.0,3421,296,0,0,0
1360,194.10,29727,362.88,363.14,0.26,3.0,21.5,0.0,0.0,-18.5,-0.0,3296,169,0,3,1
1361,194.26,29721,362.81,363.06,0.26,4.1,21.5,0.0,0.0,-17.3,-0.0,3221,102,0,4,1
1362,194.35,29716,362.74,363.01,0.27,3.1,22.5,0.0,0.0,-19.4,-0.0,3159,35,0,3,0
1363,194.52,29708,362.65,362.93,0.28,6.2,23.5,0.0,0.0,-17.4,-0.0,3059,4036,0,6,-1
1364,194.69,29701,362.56,362.85,0.28,5.3,23.5,0.0,0.0,-18.2,-0.0,2971,3945,0,5,-1
1365,194.85,29694,362.48,362.77,0.29,7.2,24.5,0.0,0.0,-17.4,-0.0,2884,3864,0,7,-2
1366,194.93,29689,362.41,362.73,0.32,8.9,26.6,0.0,0.0,-17.7,-0.0,2821,3798,0,8,-4
1367,195.10,29686,362.38,362.65,0.27,5.1,22.5,0.0,0.0,-17.4,-0.0,2784,3770,0,4,-2
1368,195.27,29679,362.29,362.57,0.28,6.1,23.5,0.0,-0.0,-17.4,-0.0,2696,3683,0,5,-4
1369,195.36,29674,362.23,362.52,0.29,4.2,24.5,0.0,0.0,-20.3,-0.0,2634,3612,0,3,-3
1370,195.52,29670,362.18,362.44,0.26,4.0,21.5,0.0,-0.0,-17.4,-0.0,2584,3573,0,3,-3
1371,195.69,29661,362.07,362.36,0.28,4.9,23.5,0.0,-0.0,-18.6,-0.0,2471,3454,0,3,-4
1372,195.78,29655,362.00,362.32,0.32,8.0,26.6,0.0,0.0,-18.6,-0.0,2396,3372,0,3,-7
1373,195.94,29653,361.98,362.24,0.26,4.0,21.5,0.0,-0.0,-17.5,-0.0,2371,3358,0,2,-4
1374,196.10,29651,361.95,362.16,0.21,-0.1,17.4,0.0,-0.0,-17.5,-0.0,2346,1290,0,0,0
1375,196.27,29643,361.85,362.08,0.22,0.6,18.4,0.0,-0.0,-17.8,-0.0,2246,3234,0,0,-1
1376,196.43,29636,361.77,362.00,0.23,1.0,19.4,0.0,-0.0,-18.4,-0.0,2159,3153,0,0,-1
1377,196.52,29633,361.73,361.95,0.22,-2.0,18.4,0.0,-0.0,-20.5,-0.0,2121,1059,0,0,2
1378,196.69,29628,361.67,361.87,0.20,-1.8,16.4,0.0,-0.0,-18.1,-0.0,2059,1000,0,0,2
1379,196.77,29623,361.61,361.83,0.22,-0.3,18.4,0.0,0.0,-18.7,-0.0,1996,929,0,0,0
1380,196.95,29619,361.56,361.74,0.18,-3.1,15.3,0.0,-0.0,-18.5,-0.0,1946,886,0,1,3
1381,197.11,29616,361.52,361.66,0.13,-6.6,11.2,0.0,-0.0,-17.9,-0.0,1909,856,0,2,6
1382,197.20,29611,361.46,361.62,0.16,-6.1,13.3,0.0,-0.0,-19.3,-0.0,1846,787,0,2,5
1383,197.37,29608,361.43,361.53,0.11,-8.4,9.2,0.0,-0.0,-17.6,-0.0,1809,756,0,3,7
1384,197.53,29604,361.38,361.45,0.07,-11.2,6.1,0.0,-0.0,-17.3,-0.0,1759,711,0,5,10
1385,197.70,29597,361.29,361.37,0.09,-11.4,7.2,0.0,-0.0,-18.5,-0.0,1671,616,0,6,9
1386,197.78,29595,361.27,361.33,0.06,-13.7,5.1,0.0,-0.0,-18.8,-0.0,1646,589,0,8,10
1387,197.96,29591,361.22,361.24,0.02,-16.5,2.0,0.0,-0.0,-18.5,-0.0,1596,546,0,11,12
1388,198.12,29587,361.17,361.16,-0.01,-18.4,-1.0,0.0,-0.0,-17.4,-0.0,1546,495,0,13,12
1389,198.21,29585,361.15,361.12,-0.02,-21.5,-2.0,0.0,-0.0,-19.5,-0.0,1521,467,0,16,14
1390,198.38,29582,361.11,361.03,-0.07,-24.4,-6.1,0.0,-0.0,-18.3,-0.0,1484,438,0,19,15
1391,198.56,29578,361.06,360.95,-0.11,-27.5,-9.2,0.0,-0.0,-18.3,-0.0,1434,388,0,22,15
1392,198.64,29575,361.02,360.90,-0.12,-30.0,-10.2,0.0,-0.0,-19.8,-0.0,1396,347,0,25,15
1393,198.81,29570,360.96,360.82,-0.13,-28.7,-11.2,0.0,-0.0,-17.4,-0.0,1334,286,0,25,12
1394,198.98,29565,360.90,360.74,-0.16,-31.9,-13.3,0.0,-0.0,-18.6,-0.0,1271,221,0,29,10
1395,199.06,29563,360.88,360.70,-0.18,-34.3,-15.3,0.0,-0.0,-18.9,-0.0,1246,193,0,32,10
1396,199.23,29558,360.82,360.61,-0.21,-34.9,-17.4,0.0,-0.0,-17.5,-0.0,1184,132,0,33,7
1397,199.40,29552,360.74,360.53,-0.21,-35.2,-17.4,0.0,-0.0,-17.8,-0.0,1109,53,0,34,3
1398,199.56,29550,360.72,360.45,-0.27,-40.9,-22.5,0.0,-0.0,-18.4,-0.0,1084,34,0,40,2
1399,199.66,29547,360.68,360.40,-0.28,-43.7,-23.5,0.0,-0.0,-20.2,-0.0,1046,4089,0,42,0
1400,199.82,29538,360.57,360.32,-0.26,-39.3,-21.5,0.0,-0.0,-17.8,-0.0,934,3973,0,37,-7
1401,199.91,29534,360.52,360.27,-0.26,-41.1,-21.5,0.0,-0.0,-19.6,-0.0,884,3918,0,38,-11
1402,200.08,29529,360.46,360.19,-0.28,-42.2,-23.5,0.0,-0.0,-18.7,-0.0,821,3859,0,38,-15
1403,200.25,29522,360.38,360.10,-0.27,-40.0,-22.5,0.0,0.0,-17.5,-0.0,734,3767,0,34,-19
1404,200.42,29516,360.30,360.02,-0.28,-42.6,-23.5,0.0,0.0,-19.0,-0.0,659,3689,0,33,-24
1405,200.51,29513,360.27,359.97,-0.29,-44.5,-24.5,0.0,-0.0,-19.9,-0.0,621,3653,0,34,-27
1406,200.67,29504,360.16,359.89,-0.27,-40.0,-22.5,0.0,-0.0,-17.5,-0.0,509,3543,0,26,-29
1407,200.84,29499,360.10,359.81,-0.28,-41.1,-23.5,0.0,0.0,-17.5,-0.0,446,3479,0,23,-32
1408,200.92,29494,360.03,359.77,-0.27,-40.9,-22.5,0.0,0.0,-18.4,-0.0,384,3414,0,20,-34
1409,201.09,29485,359.92,359.68,-0.24,-39.2,-20.5,0.0,0.0,-18.7,-0.0,271,3296,0,13,-36
1410,201.26,29476,359.81,359.60,-0.22,-35.9,-18.4,0.0,0.0,-17.5,-0.0,159,3183,0,6,-34
1411,201.35,29471,359.75,359.55,-0.20,-36.3,-16.4,0.0,0.0,-19.9,-0.0,96,3115,0,2,-35
1412,201.52,29462,359.64,359.47,-0.17,-33.7,-14.3,0.0,0.0,-19.3,-0.0,4080,2999,0,-4,-32
1413,201.69,29454,359.55,359.38,-0.16,-32.0,-13.3,0.0,0.0,-18.7,-0.0,3980,2904,0,-8,-30
1414,201.78,29449,359.48,359.34,-0.15,-31.3,-12.3,0.0,0.0,-19.0,-0.0,3917,2838,0,-11,-28
1415,201.95,29435,359.31,359.25,-0.06,-24.4,-5.1,0.0,0.0,-19.3,-0.0,3742,2656,0,-14,-19
1416,202.12,29426,359.20,359.17,-0.04,-21.8,-3.1,0.0,0.0,-18.7,-0.0,3630,2547,0,-15,-15
1417,202.21,29422,359.16,359.12,-0.04,-23.3,-3.1,0.0,0.0,-20.2,-0.0,3580,2492,0,-18,-14
1418,202.38,29413,359.05,359.04,-0.01,-19.2,-1.0,0.0,0.0,-18.1,-0.0,3467,2384,0,-16,-9
1419,202.56,29402,358.91,358.95,0.04,-15.4,3.1,0.0,0.0,-18.4,-0.0,3330,2247,0,-14,-4
1420,202.65,29395,358.83,358.90,0.07,-14.7,6.1,0.0,0.0,-20.8,-0.0,3242,2152,0,-14,-2
1421,202.81,29384,358.69,358.82,0.13,-7.2,11.2,0.0,0.0,-18.4,-0.0,3105,2020,0,-7,0
1422,202.98,29379,358.63,358.74,0.11,-8.3,9.2,0.0,0.0,-17.5,-0.0,3042,1962,0,-8,1
1423,203.07,29373,358.56,358.69,0.13,-7.8,11.2,0.0,0.0,-19.0,-0.0,2967,1882,0,-7,2
1424,203.24,29363,358.44,358.61,0.17,-4.1,14.3,0.0,0.0,-18.4,-0.0,2842,1761,0,-4,2
1425,203.41,29354,358.33,358.52,0.20,-1.2,16.4,0.0,0.0,-17.5,-0.0,2730,1656,0,-1,1
1426,203.50,29350,358.28,358.48,0.21,-2.2,17.4,0.0,0.0,-19.6,-0.0,2680,1602,0,-2,1
1427,203.67,29340,358.15,358.39,0.23,1.6,19.4,0.0,0.0,-17.8,-0.0,2555,3524,0,1,-1
1428,203.84,29331,358.04,358.31,0.27,4.7,22.5,0.0,0.0,-17.8,-0.0,2442,3415,0,2,-4
1429,203.93,29324,357.96,358.27,0.31,7.1,25.6,0.0,0.0,-18.4,-0.0,2355,3321,0,3,-6
1430,204.09,29318,357.89,358.18,0.29,7.0,24.5,0.0,0.0,-17.5,-0.0,2280,3253,0,2,-7
1431,204.26,29305,357.73,358.10,0.37,12.2,30.7,0.0,0.0,-18.4,-0.0,2117,3081,0,0,-12
1432,204.35,29301,357.68,358.05,0.38,11.5,31.7,0.0,0.0,-20.2,-0.0,2067,3028,0,-1,-11
1433,204.52,29294,357.59,357.97,0.38,13.9,31.7,0.0,0.0,-17.8,-0.0,1980,2951,0,-2,-13
1434,204.69,29288,357.52,357.88,0.37,13.1,30.7,0.0,0.0,-17.5,-0.0,1905,2881,0,-4,-12
1435,204.77,29282,357.45,357.84,0.39,13.7,32.7,0.0,0.0,-19.0,-0.0,1830,2799,0,-5,-12
1436,204.95,29276,357.37,357.76,0.38,13.0,31.7,0.0,0.0,-18.7,-0.0,1755,2735,0,-6,-11
1437,205.11,29268,357.28,357.67,0.39,14.9,32.7,0.0,0.0,-17.8,-0.0,1655,2635,0,-9,-11
1438,205.21,29264,357.23,357.63,0.40,14.7,33.8,0.0,0.0,-19.0,-0.0,1605,2583,0,-10,-10
1439,205.37,29259,357.17,357.54,0.38,14.2,31.7,0.0,0.0,-17.5,-0.0,1542,2525,0,-10,-9
1440,205.54,29248,357.03,357.46,0.43,18.6,35.8,0.0,0.0,-17.2,-0.0,1405,2386,0,-16,-9
1441,205.63,29247,357.02,357.41,0.39,12.5,32.7,0.0,0.0,-20.2,-0.0,1392,2369,0,-11,-6
1442,205.79,29243,356.97,357.33,0.37,13.1,30.7,0.0,-0.0,-17.5,-0.0,1342,2331,0,-12,-5
1443,205.97,29237,356.90,357.24,0.34,9.6,28.6,0.0,-0.0,-19.0,-0.0,1267,2255,0,-9,-3
1444,206.06,29235,356.87,357.20,0.33,8.0,27.6,0.0,-0.0,-19.6,-0.0,1242,2228,0,-7,-2
1445,206.23,29229,356.80,357.11,0.32,7.6,26.6,0.0,-0.0,-19.0,-0.0,1167,2162,0,-7,-1
1446,206.39,29223,356.73,357.03,0.31,8.3,25.6,0.0,-0.0,-17.2,-0.0,1092,2085,0,-8,0
1447,206.48,29222,356.71,356.99,0.27,3.5,22.5,0.0,-0.0,-19.0,-0.0,1080,2072,0,-3,0
1448,206.66,29217,356.65,356.90,0.24,2.0,20.5,0.0,-0.0,-18.4,-0.0,1017,2012,0,-2,0
1449,206.81,29211,356.58,356.82,0.24,2.9,20.5,0.0,-0.0,-17.5,-0.0,942,1934,0,-3,0
1450,206.98,29207,356.53,356.74,0.21,-1.6,17.4,0.0,-0.0,-19.0,-0.0,892,3936,0,2,0
1451,207.07,29204,356.49,356.69,0.20,-3.6,16.4,0.0,-0.0,-19.9,-0.0,855,3896,0,3,-1
1452,207.24,29197,356.41,356.61,0.20,-1.5,16.4,0.0,-0.0,-17.8,-0.0,767,3807,0,1,-1
1453,207.41,29196,356.40,356.52,0.12,-7.3,10.2,0.0,-0.0,-17.5,-0.0,755,3803,0,6,-3
1454,207.50,29194,356.37,356.48,0.11,-10.4,9.2,0.0,-0.0,-19.6,-0.0,730,3775,0,9,-5
1455,207.67,29188,356.30,356.39,0.10,-9.7,8.2,0.0,-0.0,-17.8,-0.0,655,3700,0,8,-5
1456,207.84,29184,356.25,356.31,0.06,-12.7,5.1,0.0,-0.0,-17.8,-0.0,605,3652,0,10,-8
1457,207.92,29180,356.20,356.27,0.06,-13.3,5.1,0.0,-0.0,-18.4,-0.0,555,3602,0,9,-9
1458,208.09,29177,356.16,356.18,0.01,-16.5,1.0,0.0,-0.0,-17.5,-0.0,517,3562,0,11,-12
1459,208.26,29175,356.14,356.10,-0.05,-22.5,-4.1,0.0,-0.0,-18.4,-0.0,492,3538,0,14,-16
1460,208.35,29173,356.12,356.05,-0.06,-25.3,-5.1,0.0,-0.0,-20.2,-0.0,467,3515,0,15,-19
1461,208.53,29166,356.03,355.97,-0.06,-23.2,-5.1,0.0,-0.0,-18.1,-0.0,380,3426,0,12,-19
1462,208.61,29163,355.99,355.92,-0.07,-27.0,-6.1,0.0,-0.0,-20.8,-0.0,342,3386,0,12,-23
1463,208.78,29161,355.97,355.84,-0.13,-29.4,-11.2,0.0,-0.0,-18.1,-0.0,317,3366,0,12,-26
1464,208.95,29154,355.88,355.75,-0.13,-29.1,-11.2,0.0,-0.0,-17.8,-0.0,230,3272,0,9,-27
1465,209.12,29151,355.85,355.67,-0.18,-33.2,-15.3,0.0,-0.0,-17.8,-0.0,192,3237,0,8,-31
1466,209.21,29147,355.80,355.63,-0.17,-33.3,-14.3,0.0,-0.0,-19.0,-0.0,142,3185,0,6,-32
1467,209.37,29144,355.76,355.54,-0.22,-35.9,-18.4,0.0,-0.0,-17.5,-0.0,105,3150,0,4,-35
1468,209.54,29139,355.70,355.46,-0.24,-37.7,-20.5,0.0,-0.0,-17.2,-0.0,42,3086,0,1,-37
1469,209.63,29134,355.64,355.41,-0.23,-39.9,-19.4,0.0,-0.0,-20.5,-0.0,4076,3019,0,-3,-39
1470,209.79,29129,355.58,355.33,-0.24,-38.3,-20.5,0.0,-0.0,-17.8,-0.0,4013,2957,0,-7,-37
1471,209.97,29125,355.53,355.25,-0.28,-42.6,-23.5,0.0,-0.0,-19.0,-0.0,3963,2909,0,-10,-40
1472,210.05,29122,355.49,355.20,-0.29,-44.2,-24.5,0.0,-0.0,-19.6,-0.0,3926,2867,0,-13,-41
1473,210.23,29116,355.42,355.12,-0.31,-44.6,-25.6,0.0,-0.0,-19.0,-0.0,3851,2792,0,-18,-39
1474,210.39,29105,355.29,355.03,-0.26,-39.6,-21.5,0.0,-0.0,-18.1,-0.0,3713,2650,0,-23,-31
1475,210.49,29102,355.25,354.99,-0.27,-42.1,-22.5,0.0,-0.0,-19.6,-0.0,3676,2610,0,-27,-31
1476,210.66,29096,355.18,354.90,-0.28,-42.0,-23.5,0.0,0.0,-18.4,-0.0,3601,2535,0,-30,-28
1477,210.83,29088,355.08,354.81,-0.27,-41.2,-22.5,0.0,0.0,-18.7,-0.0,3501,2432,0,-33,-22
1478,210.92,29084,355.03,354.77,-0.26,-41.4,-21.5,0.0,0.0,-19.9,-0.0,3451,2377,0,-35,-19
1479,211.09,29074,354.91,354.68,-0.22,-37.1,-18.4,0.0,0.0,-18.7,-0.0,3326,2256,0,-34,-11
1480,211.25,29064,354.79,354.60,-0.18,-32.6,-15.3,0.0,0.0,-17.2,-0.0,3201,2128,0,-31,-4
1481,211.34,29059,354.72,354.56,-0.17,-34.2,-14.3,0.0,0.0,-19.9,-0.0,3138,2055,0,-33,0
1482,211.51,29052,354.64,354.47,-0.17,-33.3,-14.3,0.0,0.0,-19.0,-0.0,3051,1972,0,-32,4
1483,211.69,29041,354.50,354.39,-0.12,-28.1,-10.2,0.0,0.0,-17.8,-0.0,2913,1835,0,-26,9
1484,211.77,29036,354.44,354.34,-0.10,-27.8,-8.2,0.0,0.0,-19.6,-0.0,2851,1768,0,-24,11
1485,211.95,29027,354.33,354.25,-0.09,-27.1,-7.2,0.0,0.0,-19.9,-0.0,2738,1656,0,-22,15
1486,212.12,29017,354.21,354.17,-0.04,-21.2,-3.1,0.0,0.0,-18.1,-0.0,2613,1538,0,-15,14
1487,212.21,29013,354.16,354.12,-0.04,-23.3,-3.1,0.0,0.0,-20.2,-0.0,2563,1477,0,-14,17
1488,212.38,29004,354.05,354.04,-0.01,-18.9,-1.0,0.0,0.0,-17.8,-0.0,2451,1375,0,-9,16
1489,212.54,28995,353.94,353.96,0.01,-16.2,1.0,0.0,0.0,-17.2,-0.0,2338,1263,0,-6,15
1490,212.63,28991,353.89,353.91,0.01,-19.8,1.0,0.0,0.0,-20.8,-0.0,2288,1204,0,-5,18
1491,212.80,28980,353.76,353.83,0.07,-12.3,6.1,0.0,0.0,-18.4,-0.0,2151,1073,0,-1,12
1492,212.97,28970,353.64,353.74,0.11,-8.3,9.2,0.0,0.0,-17.5,-0.0,2026,946,0,1,8
1493,213.06,28965,353.58,353.70,0.12,-8.8,10.2,0.0,0.0,-19.0,-0.0,1963,879,0,2,8
1494,213.22,28954,353.44,353.62,0.17,-3.5,14.3,0.0,0.0,-17.8,-0.0,1826,743,0,1,3
1495,213.39,28945,353.33,353.53,0.20,-1.2,16.4,0.0,0.0,-17.5,-0.0,1713,631,0,1,1
1496,213.48,28939,353.26,353.49,0.23,-0.2,19.4,0.0,0.0,-19.6,-0.0,1638,549,0,0,0
1497,213.64,28929,353.14,353.41,0.27,7.3,22.5,0.0,0.0,-15.2,-0.0,1513,2486,0,-6,-4
1498,213.81,28922,353.05,353.32,0.27,3.5,22.5,0.0,0.0,-19.0,-0.0,1426,2394,0,-3,-2
1499,213.91,28918,353.00,353.27,0.27,2.0,22.5,0.0,0.0,-20.5,-0.0,1376,2341,0,-2,-1
1500,214.08,28910,352.91,353.19,0.28,4.5,23.5,0.0,0.0,-19.0,-0.0,1276,2247,0,-4,-1
1501,214.25,28903,352.82,353.10,0.28,5.1,23.5,0.0,0.0,-18.4,-0.0,1188,2167,0,-5,-1
1502,214.34,28899,352.77,353.06,0.28,4.2,23.5,0.0,0.0,-19.3,-0.0,1138,2116,0,-4,0
1503,214.51,28889,352.65,352.97,0.32,7.6,26.6,0.0,0.0,-19.0,-0.0,1013,1988,0,-7,1
1504,214.68,28881,352.55,352.89,0.34,10.8,28.6,0.0,0.0,-17.8,-0.0,913,1888,0,-10,3
1505,214.76,28880,352.54,352.85,0.31,6.5,25.6,0.0,0.0,-19.0,-0.0,901,1879,0,-6,2
1506,214.94,28870,352.42,352.76,0.34,9.9,28.6,0.0,0.0,-18.7,-0.0,776,1750,0,-9,4
1507,215.10,28863,352.33,352.68,0.34,10.8,28.6,0.0,0.0,-17.8,-0.0,688,1669,0,-9,6
1508,215.19,28859,352.28,352.63,0.35,10.6,29.7,0.0,0.0,-19.0,-0.0,638,1616,0,-8,6
1509,215.36,28852,352.20,352.55,0.35,12.1,29.7,0.0,0.0,-17.5,-0.0,551,1534,0,-8,8
1510,215.54,28844,352.10,352.46,0.35,9.7,29.7,0.0,0.0,-19.9,-0.0,451,1426,0,-5,8
1511,215.62,28842,352.08,352.42,0.34,9.6,28.6,0.0,0.0,-19.0,-0.0,426,1408,0,-5,8
1512,215.79,28836,352.00,352.33,0.33,9.8,27.6,0.0,-0.0,-17.8,-0.0,351,1337,0,-4,8
1513,215.96,28832,351.95,352.25,0.29,4.6,24.5,0.0,-0.0,-19.9,-0.0,301,1288,0,-2,4
1514,216.05,28829,351.92,352.20,0.29,5.5,24.5,0.0,-0.0,-19.0,-0.0,263,1252,0,-2,5
1515,216.22,28820,351.81,352.12,0.32,8.2,26.6,0.0,-0.0,-18.4,-0.0,151,1139,0,-1,8
1516,216.39,28814,351.73,352.03,0.31,7.4,25.6,0.0,-0.0,-18.1,-0.0,76,1064,0,0,7
1517,216.48,28811,351.70,351.99,0.29,4.6,24.5,0.0,-0.0,-19.9,-0.0,38,1023,0,0,4
1518,216.66,28807,351.65,351.90,0.24,2.0,20.5,0.0,-0.0,-18.4,-0.0,4084,976,0,0,2
1519,216.83,28799,351.55,351.81,0.27,4.1,22.5,0.0,-0.0,-18.4,-0.0,3984,873,0,1,4
1520,216.92,28796,351.51,351.77,0.26,1.6,21.5,0.0,-0.0,-19.9,-0.0,3947,838,0,0,1
1521,217.08,28790,351.44,351.69,0.24,2.6,20.5,0.0,-0.0,-17.8,-0.0,3872,766,0,1,2
1522,217.25,28787,351.40,351.60,0.20,-1.2,16.4,0.0,-0.0,-17.5,-0.0,3834,2776,0,0,-1
1523,217.34,28784,351.37,351.56,0.20,-3.6,16.4,0.0,-0.0,-19.9,-0.0,3797,2736,0,-2,-3
1524,217.51,28779,351.31,351.48,0.17,-3.8,14.3,0.0,-0.0,-18.1,-0.0,3734,2681,0,-2,-3
1525,217.68,28773,351.23,351.39,0.16,-4.5,13.3,0.0,-0.0,-17.8,-0.0,3659,2606,0,-3,-3
1526,217.77,28772,351.22,351.34,0.12,-9.7,10.2,0.0,-0.0,-19.9,-0.0,3647,2594,0,-6,-7
1527,217.93,28769,351.18,351.26,0.07,-11.1,6.1,0.0,-0.0,-17.2,-0.0,3609,2560,0,-8,-8
1528,218.10,28763,351.11,351.18,0.06,-12.7,5.1,0.0,-0.0,-17.8,-0.0,3534,2481,0,-10,-8
1529,218.19,28758,351.05,351.13,0.09,-12.2,7.2,0.0,-0.0,-19.3,-0.0,3472,2416,0,-10,-6
1530,218.36,28753,350.99,351.05,0.06,-13.9,5.1,0.0,-0.0,-19.0,-0.0,3409,2355,0,-12,-6
1531,218.52,28751,350.96,350.97,0.00,-18.4,0.0,0.0,-0.0,-18.4,-0.0,3384,2331,0,-16,-8
1532,218.61,28749,350.94,350.92,-0.01,-20.9,-1.0,0.0,-0.0,-19.9,-0.0,3359,2303,0,-19,-8
1533,218.77,28745,350.89,350.84,-0.05,-21.6,-4.1,0.0,-0.0,-17.5,-0.0,3309,2259,0,-20,-7
1534,218.95,28740,350.83,350.75,-0.07,-25.5,-6.1,0.0,-0.0,-19.3,-0.0,3247,2199,0,-24,-6
1535,219.03,28740,350.83,350.71,-0.12,-29.2,-10.2,0.0,-0.0,-19.0,-0.0,3247,2203,0,-28,-7
1536,219.20,28737,350.79,350.63,-0.16,-30.8,-13.3,0.0,-0.0,-17.5,-0.0,3209,2165,0,-29,-5
1537,219.37,28731,350.72,350.54,-0.18,-33.2,-15.3,0.0,-0.0,-17.8,-0.0,3134,2087,0,-32,-2
1538,219.46,28726,350.66,350.50,-0.16,-32.9,-13.3,0.0,-0.0,-19.6,-0.0,3072,2018,0,-32,1
1539,219.63,28723,350.62,350.41,-0.21,-34.9,-17.4,0.0,-0.0,-17.5,-0.0,3034,1986,0,-34,3
1540,219.80,28715,350.52,350.33,-0.20,-34.8,-16.4,0.0,-0.0,-18.4,-0.0,2934,1875,0,-33,9
1541,219.89,28714,350.51,350.28,-0.23,-38.5,-19.4,0.0,-0.0,-19.0,-0.0,2922,1863,0,-36,10
1542,220.06,28708,350.44,350.20,-0.24,-38.0,-20.5,0.0,-0.0,-17.5,-0.0,2847,1791,0,-34,14
1543,220.23,28701,350.35,350.11,-0.24,-39.5,-20.5,0.0,-0.0,-19.0,-0.0,2759,1698,0,-33,20
1544,220.32,28699,350.33,350.07,-0.26,-41.4,-21.5,0.0,-0.0,-19.9,-0.0,2734,1672,0,-34,22
1545,220.49,28693,350.26,349.98,-0.27,-40.3,-22.5,0.0,-0.0,-17.8,-0.0,2659,1604,0,-30,25
1546,220.66,28686,350.17,349.90,-0.27,-40.9,-22.5,0.0,0.0,-18.4,-0.0,2572,1507,0,-27,29
1547,220.75,28682,350.12,349.85,-0.27,-41.5,-22.5,0.0,-0.0,-19.0,-0.0,2522,1459,0,-25,32
1548,220.92,28677,350.06,349.77,-0.29,-43.6,-24.5,0.0,-0.0,-19.0,-0.0,2459,1399,0,-23,35
1549,221.09,28669,349.96,349.69,-0.28,-41.1,-23.5,0.0,0.0,-17.5,-0.0,2359,1295,0,-16,36
1550,221.17,28667,349.94,349.64,-0.29,-43.6,-24.5,0.0,-0.0,-19.0,-0.0,2334,1270,0,-16,39
1551,221.34,28656,349.80,349.56,-0.24,-38.9,-20.5,0.0,0.0,-18.4,-0.0,2197,1128,0,-6,37
1552,221.51,28647,349.69,349.48,-0.22,-36.8,-18.4,0.0,0.0,-18.4,-0.0,2084,1012,0,1,36
1553,221.60,28645,349.67,349.43,-0.24,-41.6,-20.5,0.0,0.0,-21.1,-0.0,2059,980,0,3,40
1554,221.76,28636,349.56,349.35,-0.22,-35.9,-18.4,0.0,0.0,-17.5,-0.0,1947,876,0,8,34
1555,221.94,28626,349.44,349.26,-0.18,-35.0,-15.3,0.0,0.0,-19.6,-0.0,1822,745,0,14,31
1556,222.03,28622,349.39,349.21,-0.17,-33.9,-14.3,0.0,0.0,-19.6,-0.0,1772,695,0,16,29
1557,222.20,28612,349.27,349.13,-0.15,-31.0,-12.3,0.0,0.0,-18.7,-0.0,1647,572,0,19,23
1558,222.37,28602,349.15,349.04,-0.11,-27.3,-9.2,0.0,0.0,-18.1,-0.0,1522,442,0,21,17
1559,222.46,28598,349.10,349.00,-0.10,-27.8,-8.2,0.0,0.0,-19.6,-0.0,1472,389,0,22,15
1560,222.64,28586,348.95,348.91,-0.04,-21.5,-3.1,0.0,0.0,-18.4,-0.0,1322,240,0,19,7
1561,222.80,28579,348.86,348.83,-0.04,-21.8,-3.1,0.0,0.0,-18.7,-0.0,1234,153,0,21,5
1562,222.89,28576,348.83,348.78,-0.05,-24.0,-4.1,0.0,0.0,-19.9,-0.0,1197,116,0,23,4
1563,223.06,28563,348.67,348.70,0.02,-15.5,2.0,0.0,0.0,-17.5,-0.0,1034,4052,0,15,-1
1564,223.23,28553,348.55,348.61,0.06,-13.0,5.1,0.0,0.0,-18.1,-0.0,909,3924,0,12,-3
1565,223.32,28548,348.49,348.57,0.09,-12.5,7.2,0.0,0.0,-19.6,-0.0,847,3859,0,11,-4
1566,223.49,28537,348.35,348.48,0.13,-7.2,11.2,0.0,0.0,-18.4,-0.0,709,3719,0,6,-4
1567,223.66,28529,348.25,348.40,0.15,-5.6,12.3,0.0,0.0,-17.8,-0.0,609,3623,0,4,-4
1568,223.75,28523,348.18,348.35,0.17,-4.7,14.3,0.0,0.0,-19.0,-0.0,534,3545,0,3,-3
1569,223.92,28513,348.06,348.27,0.21,-2.5,17.4,0.0,0.0,-19.9,-0.0,409,3418,0,1,-2
1570,224.09,28504,347.95,348.18,0.23,1.3,19.4,0.0,0.0,-18.1,-0.0,297,1266,0,0,1
1571,224.18,28499,347.89,348.14,0.24,0.2,20.5,0.0,0.0,-20.2,-0.0,234,1197,0,0,0
1572,224.35,28490,347.78,348.05,0.27,4.7,22.5,0.0,0.0,-17.8,-0.0,122,1091,0,0,4
1573,224.52,28479,347.64,347.97,0.33,8.9,27.6,0.0,0.0,-18.7,-0.0,4080,950,0,1,9
1574,224.61,28475,347.60,347.92,0.33,6.8,27.6,0.0,0.0,-20.8,-0.0,4030,895,0,1,6
1575,224.78,28467,347.50,347.84,0.34,10.2,28.6,0.0,0.0,-18.4,-0.0,3930,804,0,3,9
1576,224.96,28459,347.40,347.75,0.35,10.9,29.7,0.0,0.0,-18.7,-0.0,3830,706,0,5,9
1577,225.04,28454,347.34,347.71,0.37,11.1,30.7,0.0,0.0,-19.6,-0.0,3768,640,0,6,9
1578,225.22,28447,347.25,347.62,0.37,11.1,30.7,0.0,0.0,-19.6,-0.0,3680,559,0,7,8
1579,225.31,28440,347.17,347.57,0.40,13.8,33.8,0.0,0.0,-19.9,-0.0,3593,466,0,10,9
1580,225.48,28431,347.06,347.49,0.43,17.7,35.8,0.0,0.0,-18.1,-0.0,3480,356,0,15,9
1581,225.65,28429,347.03,347.40,0.37,12.8,30.7,0.0,0.0,-17.8,-0.0,3455,341,0,11,6
1582,225.81,28427,347.01,347.32,0.32,8.8,26.6,0.0,-0.0,-17.8,-0.0,3430,324,0,7,4
1583,225.90,28424,346.97,347.28,0.31,6.5,25.6,0.0,-0.0,-19.0,-0.0,3393,286,0,6,3
1584,226.07,28417,346.89,347.19,0.31,8.3,25.6,0.0,-0.0,-17.2,-0.0,3305,209,0,8,3
1585,226.24,28405,346.74,347.11,0.37,12.0,30.7,0.0,-0.0,-18.7,-0.0,3155,46,0,12,1
1586,226.33,28404,346.73,347.06,0.33,7.7,27.6,0.0,-0.0,-19.9,-0.0,3143,31,0,7,0
1587,226.50,28398,346.66,346.98,0.33,10.1,27.6,0.0,0.0,-17.5,-0.0,3068,4051,0,10,-1
1588,226.59,28394,346.61,346.93,0.33,5.6,27.6,0.0,0.0,-22.0,-0.0,3018,3990,0,5,-1
1589,226.76,28390,346.56,346.85,0.29,6.4,24.5,0.0,-0.0,-18.1,-0.0,2968,3953,0,6,-1
1590,226.92,28389,346.55,346.77,0.22,0.3,18.4,0.0,-0.0,-18.1,-0.0,2955,3956,0,0,0
1591,227.08,28382,346.46,346.69,0.23,2.2,19.4,0.0,-0.0,-17.2,-0.0,2868,3864,0,2,-1
1592,227.18,28379,346.42,346.64,0.22,-1.8,18.4,0.0,-0.0,-20.2,-0.0,2830,1775,0,-2,1
1593,227.35,28373,346.35,346.55,0.21,-0.2,17.4,0.0,-0.0,-17.5,-0.0,2755,1704,0,0,0
1594,227.52,28370,346.31,346.47,0.16,-6.3,13.3,0.0,-0.0,-19.6,-0.0,2718,1664,0,-5,3
1595,227.60,28366,346.26,346.43,0.16,-5.4,13.3,0.0,-0.0,-18.7,-0.0,2668,1610,0,-4,3
1596,227.77,28363,346.23,346.34,0.11,-9.2,9.2,0.0,-0.0,-18.4,-0.0,2630,1578,0,-7,6
1597,227.94,28358,346.17,346.26,0.09,-11.6,7.2,0.0,-0.0,-18.7,-0.0,2568,1518,0,-8,8
1598,228.03,28354,346.12,346.21,0.10,-11.1,8.2,0.0,-0.0,-19.3,-0.0,2518,1464,0,-7,8
1599,228.20,28350,346.07,346.13,0.06,-13.6,5.1,0.0,-0.0,-18.7,-0.0,2468,1414,0,-7,11
1600,228.37,28346,346.02,346.04,0.02,-16.1,2.0,0.0,-0.0,-18.1,-0.0,2418,1365,0,-8,14
1601,228.45,28344,346.00,346.00,0.00,-19.0,0.0,0.0,-0.0,-19.0,-0.0,2393,1340,0,-9,16
1602,228.62,28340,345.95,345.92,-0.04,-21.5,-3.1,0.0,-0.0,-18.4,-0.0,2343,1292,0,-8,19
1603,228.79,28337,345.91,345.83,-0.07,-23.4,-6.1,0.0,-0.0,-17.2,-0.0,2305,1260,0,-8,21
1604,228.96,28333,345.86,345.75,-0.11,-28.2,-9.2,0.0,-0.0,-19.0,-0.0,2255,1209,0,-8,26
1605,229.05,28328,345.80,345.70,-0.10,-28.4,-8.2,0.0,-0.0,-20.2,-0.0,2193,1140,0,-5,27
1606,229.21,28326,345.78,345.62,-0.16,-30.5,-13.3,0.0,-0.0,-17.2,-0.0,2168,1119,0,-4,29
1607,229.38,28322,345.73,345.54,-0.20,-33.9,-16.4,0.0,-0.0,-17.5,-0.0,2118,1073,0,-2,33
1608,229.47,28322,345.73,345.49,-0.23,-39.1,-19.4,0.0,-0.0,-19.6,-0.0,2118,1070,0,-3,38
1609,229.64,28315,345.64,345.41,-0.23,-37.3,-19.4,0.0,-0.0,-17.8,-0.0,2030,980,0,2,36
1610,229.73,28315,345.64,345.36,-0.28,-43.2,-23.5,0.0,-0.0,-19.6,-0.0,2030,986,0,2,42
1611,229.91,28304,345.51,345.28,-0.23,-39.1,-19.4,0.0,-0.0,-19.6,-0.0,1893,835,0,11,36
1612,230.07,28297,345.42,345.19,-0.23,-37.6,-19.4,0.0,-0.0,-18.1,-0.0,1805,745,0,15,33
1613,230.17,28295,345.40,345.15,-0.26,-41.7,-21.5,0.0,-0.0,-20.2,-0.0,1780,713,0,19,36
1614,230.33,28289,345.32,345.06,-0.27,-40.3,-22.5,0.0,-0.0,-17.8,-0.0,1705,644,0,22,33
1615,230.51,28284,345.26,344.98,-0.28,-41.1,-23.5,0.0,-0.0,-17.5,-0.0,1643,584,0,25,31
1616,230.59,28281,345.23,344.93,-0.29,-45.9,-24.5,0.0,-0.0,-21.4,-0.0,1605,542,0,30,33
1617,230.76,28273,345.13,344.85,-0.28,-42.2,-23.5,0.0,-0.0,-18.7,-0.0,1505,445,0,32,26
1618,230.93,28264,345.02,344.76,-0.26,-39.3,-21.5,0.0,0.0,-17.8,-0.0,1393,329,0,33,18
1619,231.02,28258,344.95,344.72,-0.23,-39.3,-19.4,0.0,0.0,-19.9,-0.0,1318,245,0,35,14
1620,231.19,28253,344.89,344.63,-0.26,-39.6,-21.5,0.0,0.0,-18.1,-0.0,1255,186,0,37,11
1621,231.35,28245,344.79,344.55,-0.23,-37.3,-19.4,0.0,0.0,-17.8,-0.0,1155,85,0,36,5
1622,231.53,28239,344.71,344.46,-0.26,-41.4,-21.5,0.0,0.0,-19.9,-0.0,1080,8,0,40,0
1623,231.62,28234,344.65,344.42,-0.23,-38.8,-19.4,0.0,0.0,-19.3,-0.0,1018,4044,0,37,-3
1624,231.78,28225,344.54,344.34,-0.21,-35.2,-17.4,0.0,0.0,-17.8,-0.0,905,3929,0,33,-9
1625,231.95,28214,344.41,344.25,-0.16,-32.6,-13.3,0.0,0.0,-19.3,-0.0,768,3790,0,28,-14
1626,232.04,28210,344.36,344.21,-0.15,-31.3,-12.3,0.0,0.0,-19.0,-0.0,718,3736,0,26,-16
1627,232.21,28202,344.26,344.12,-0.13,-29.7,-11.2,0.0,0.0,-18.4,-0.0,618,3635,0,22,-19
1628,232.38,28192,344.14,344.04,-0.10,-26.3,-8.2,0.0,0.0,-18.1,-0.0,493,3509,0,16,-20
1629,232.47,28188,344.09,344.00,-0.10,-27.2,-8.2,0.0,0.0,-19.0,-0.0,443,3459,0,15,-22
1630,232.64,28180,343.99,343.91,-0.09,-24.7,-7.2,0.0,0.0,-17.5,-0.0,343,3368,0,10,-22
1631,232.73,28173,343.91,343.86,-0.05,-23.4,-4.1,0.0,0.0,-19.3,-0.0,255,3270,0,7,-22
1632,232.90,28161,343.76,343.78,0.01,-17.1,1.0,0.0,0.0,-18.1,-0.0,105,3118,0,1,-17
1633,233.07,28150,343.63,343.69,0.06,-12.7,5.1,0.0,0.0,-17.8,-0.0,4064,2980,0,-2,-12
1634,233.24,28142,343.53,343.61,0.07,-13.2,6.1,0.0,0.0,-19.3,-0.0,3964,2870,0,-4,-12
1635,233.32,28137,343.47,343.57,0.10,-10.8,8.2,0.0,0.0,-19.0,-0.0,3901,2812,0,-4,-10
1636,233.50,28127,343.35,343.48,0.13,-7.5,11.2,0.0,0.0,-18.7,-0.0,3776,2693,0,-4,-6
1637,233.59,28122,343.29,343.44,0.15,-7.6,12.3,0.0,0.0,-19.9,-0.0,3714,2628,0,-5,-6
1638,233.75,28112,343.16,343.35,0.18,-2.2,15.3,0.0,0.0,-17.5,-0.0,3589,2512,0,-2,-1
1639,233.92,28101,343.03,343.27,0.23,1.0,19.4,0.0,0.0,-18.4,-0.0,3451,318,0,1,0
1640,234.09,28092,342.92,343.18,0.27,4.4,22.5,0.0,0.0,-18.1,-0.0,3339,207,0,4,1
1641,234.18,28087,342.86,343.14,0.28,3.9,23.5,0.0,0.0,-19.6,-0.0,3276,141,0,4,1
1642,234.33,28079,342.76,343.06,0.31,7.7,25.6,0.0,0.0,-17.8,-0.0,3176,49,0,7,1
1643,234.50,28072,342.68,342.98,0.31,8.0,25.6,0.0,0.0,-17.5,-0.0,3089,4062,0,8,0
1644,234.59,28067,342.61,342.93,0.32,6.1,26.6,0.0,0.0,-20.5,-0.0,3026,3993,0,6,-1
1645,234.76,28056,342.48,342.85,0.37,12.2,30.7,0.0,0.0,-18.4,-0.0,2889,3859,0,11,-4
1646,234.93,28051,342.42,342.76,0.34,10.8,28.6,0.0,0.0,-17.8,-0.0,2826,3804,0,9,-5
1647,235.02,28050,342.41,342.72,0.32,6.7,26.6,0.0,0.0,-19.9,-0.0,2814,3792,0,6,-3
1648,235.20,28039,342.27,342.63,0.35,10.0,29.7,0.0,0.0,-19.6,-0.0,2676,3649,0,8,-6
1649,235.36,28030,342.16,342.55,0.38,13.3,31.7,0.0,0.0,-18.4,-0.0,2564,3543,0,9,-10
1650,235.44,28028,342.14,342.51,0.37,14.3,30.7,0.0,0.0,-16.3,-0.0,2539,3526,0,9,-11
1651,235.61,28022,342.07,342.42,0.35,10.9,29.7,0.0,0.0,-18.7,-0.0,2464,3444,0,6,-9
1652,235.78,28013,341.96,342.34,0.39,14.6,32.7,0.0,0.0,-18.1,-0.0,2351,3327,0,5,-13
1653,235.87,28013,341.96,342.29,0.34,7.8,28.6,0.0,-0.0,-20.8,-0.0,2351,3331,0,3,-7
1654,236.04,28006,341.87,342.21,0.34,10.5,28.6,0.0,-0.0,-18.1,-0.0,2264,3253,0,3,-10
1655,236.21,28002,341.82,342.12,0.31,6.8,25.6,0.0,-0.0,-18.7,-0.0,2214,3204,0,1,-6
1656,236.30,28000,341.80,342.08,0.28,4.2,23.5,0.0,-0.0,-19.3,-0.0,2189,3179,0,1,-4
1657,236.47,27997,341.76,341.99,0.23,0.7,19.4,0.0,-0.0,-18.7,-0.0,2151,3151,0,0,-1
1658,236.64,27987,341.64,341.91,0.27,5.0,22.5,0.0,-0.0,-17.5,-0.0,2026,3016,0,0,-5
1659,236.73,27982,341.58,341.86,0.29,4.6,24.5,0.0,-0.0,-19.9,-0.0,1964,2950,0,-1,-4
1660,236.90,27978,341.53,341.78,0.26,3.9,21.5,0.0,-0.0,-17.5,-0.0,1914,2904,0,-1,-4
1661,237.06,27972,341.46,341.70,0.24,2.0,20.5,0.0,-0.0,-18.4,-0.0,1839,2824,0,-1,-2
1662,237.23,27964,341.36,341.61,0.26,3.0,21.5,0.0,0.0,-18.4,-0.0,1739,2719,0,-2,-3
1663,237.31,27963,341.35,341.57,0.23,1.3,19.4,0.0,-0.0,-18.1,-0.0,1726,2715,0,-1,-1
1664,237.48,27963,341.35,341.49,0.15,-5.3,12.3,0.0,-0.0,-17.5,-0.0,1726,677,0,3,4
1665,237.65,27958,341.28,341.40,0.12,-7.6,10.2,0.0,-0.0,-17.8,-0.0,1664,615,0,4,6
1666,237.73,27956,341.26,341.36,0.10,-10.8,8.2,0.0,-0.0,-19.0,-0.0,1639,590,0,6,8
1667,237.90,27955,341.25,341.28,0.02,-17.0,2.0,0.0,-0.0,-19.0,-0.0,1626,588,0,10,13
1668,238.07,27946,341.14,341.19,0.06,-13.0,5.1,0.0,-0.0,-18.1,-0.0,1514,465,0,10,8
1669,238.16,27945,341.13,341.15,0.02,-17.9,2.0,0.0,-0.0,-19.9,-0.0,1501,448,0,13,11
1670,238.33,27941,341.08,341.06,-0.01,-19.2,-1.0,0.0,-0.0,-18.1,-0.0,1451,402,0,15,11
1671,238.51,27936,341.02,340.97,-0.05,-24.3,-4.1,0.0,-0.0,-20.2,-0.0,1389,333,0,21,12
1672,238.60,27934,340.99,340.93,-0.06,-24.1,-5.1,0.0,-0.0,-19.0,-0.0,1364,309,0,21,11
1673,238.77,27927,340.91,340.84,-0.06,-24.1,-5.1,0.0,-0.0,-19.0,-0.0,1276,224,0,22,8
1674,238.86,27924,340.87,340.80,-0.07,-26.1,-6.1,0.0,-0.0,-19.9,-0.0,1239,182,0,24,7
1675,239.03,27924,340.87,340.71,-0.16,-31.7,-13.3,0.0,-0.0,-18.4,-0.0,1239,190,0,29,9
1676,239.20,27920,340.82,340.63,-0.20,-35.1,-16.4,0.0,-0.0,-18.7,-0.0,1189,141,0,33,7
1677,239.37,27911,340.71,340.54,-0.17,-32.8,-14.3,0.0,-0.0,-18.4,-0.0,1076,22,0,32,1
1678,239.46,27909,340.69,340.50,-0.18,-35.6,-15.3,0.0,-0.0,-20.2,-0.0,1051,4094,0,34,0
1679,239.63,27908,340.67,340.41,-0.26,-39.3,-21.5,0.0,-0.0,-17.8,-0.0,1039,4088,0,38,0
1680,239.79,27902,340.60,340.33,-0.27,-40.3,-22.5,0.0,-0.0,-17.8,-0.0,964,4008,0,39,-5
1681,239.89,27899,340.56,340.29,-0.28,-44.0,-23.5,0.0,-0.0,-20.5,-0.0,926,3963,0,42,-9
1682,240.05,27893,340.49,340.20,-0.29,-42.7,-24.5,0.0,-0.0,-18.1,-0.0,851,3897,0,39,-12
1683,240.23,27888,340.43,340.12,-0.32,-45.0,-26.6,0.0,-0.0,-18.4,-0.0,789,3831,0,40,-17
1684,240.31,27886,340.41,340.07,-0.33,-47.2,-27.6,0.0,-0.0,-19.6,-0.0,764,3801,0,41,-20
1685,240.49,27878,340.31,339.98,-0.33,-46.9,-27.6,0.0,-0.0,-19.3,-0.0,664,3699,0,37,-26
1686,240.58,27875,340.27,339.94,-0.33,-47.5,-27.6,0.0,-0.0,-19.9,-0.0,626,3660,0,36,-29
1687,240.75,27869,340.20,339.85,-0.34,-48.0,-28.6,0.0,-0.0,-19.3,-0.0,551,3587,0,33,-33
1688,240.92,27857,340.05,339.77,-0.28,-41.4,-23.5,0.0,0.0,-17.8,-0.0,401,3429,0,21,-34
1689,241.01,27852,339.99,339.72,-0.27,-42.7,-22.5,0.0,0.0,-20.2,-0.0,339,3357,0,18,-37
1690,241.18,27846,339.92,339.64,-0.28,-43.2,-23.5,0.0,0.0,-19.6,-0.0,264,3287,0,14,-40
1691,241.35,27835,339.78,339.55,-0.23,-37.6,-19.4,0.0,0.0,-18.1,-0.0,126,3143,0,4,-36
1692,241.44,27832,339.75,339.51,-0.24,-40.7,-20.5,0.0,0.0,-20.2,-0.0,89,3102,0,2,-39
1693,241.61,27820,339.60,339.42,-0.17,-32.2,-14.3,0.0,0.0,-17.8,-0.0,4035,2959,0,-5,-31
1694,241.78,27811,339.49,339.34,-0.15,-30.7,-12.3,0.0,0.0,-18.4,-0.0,3922,2840,0,-10,-28
1695,241.87,27808,339.45,339.29,-0.16,-33.8,-13.3,0.0,0.0,-20.5,-0.0,3885,2799,0,-13,-30
1696,242.03,27800,339.36,339.21,-0.15,-30.4,-12.3,0.0,0.0,-18.1,-0.0,3785,2710,0,-16,-25
1697,242.21,27789,339.22,339.12,-0.10,-26.6,-8.2,0.0,0.0,-18.4,-0.0,3647,2568,0,-18,-18
1698,242.29,27784,339.16,339.08,-0.09,-26.5,-7.2,0.0,0.0,-19.3,-0.0,3585,2506,0,-20,-17
1699,242.48,27774,339.04,338.99,-0.05,-23.7,-4.1,0.0,0.0,-19.6,-0.0,3460,2379,0,-20,-11
1700,242.64,27764,338.92,338.91,-0.01,-19.2,-1.0,0.0,0.0,-18.1,-0.0,3335,2252,0,-18,-6
1701,242.74,27758,338.84,338.86,0.01,-19.5,1.0,0.0,0.0,-20.5,-0.0,3260,2169,0,-19,-3
1702,242.90,27749,338.73,338.78,0.05,-13.7,4.1,0.0,0.0,-17.8,-0.0,3147,2067,0,-13,0
1703,243.08,27739,338.61,338.69,0.09,-11.0,7.2,0.0,0.0,-18.1,-0.0,3022,1939,0,-10,2
1704,243.17,27733,338.54,338.65,0.11,-11.3,9.2,0.0,0.0,-20.5,-0.0,2947,1856,0,-10,3
1705,243.33,27723,338.42,338.56,0.15,-6.2,12.3,0.0,0.0,-18.4,-0.0,2822,1738,0,-5,3
1706,243.50,27713,338.29,338.48,0.18,-1.6,15.3,0.0,0.0,-17.0,-0.0,2697,1618,0,-1,1
1707,243.59,27709,338.24,338.43,0.20,-3.3,16.4,0.0,0.0,-19.6,-0.0,2647,1560,0,-2,2
1708,243.76,27698,338.11,338.35,0.23,0.4,19.4,0.0,0.0,-19.0,-0.0,2510,3472,0,0,0
1709,243.93,27688,337.99,338.26,0.27,4.7,22.5,0.0,0.0,-17.8,-0.0,2385,3353,0,2,-4
1710,244.02,27682,337.92,338.22,0.31,5.9,25.6,0.0,0.0,-19.6,-0.0,2310,3270,0,2,-6
1711,244.19,27674,337.82,338.13,0.32,8.2,26.6,0.0,0.0,-18.4,-0.0,2210,3177,0,1,-8
1712,244.36,27663,337.68,338.05,0.37,13.1,30.7,0.0,0.0,-17.5,-0.0,2072,3038,0,-1,-13
1713,244.45,27659,337.63,338.00,0.37,9.9,30.7,0.0,0.0,-20.8,-0.0,2022,2982,0,-1,-9
1714,244.61,27653,337.56,337.92,0.35,12.1,29.7,0.0,0.0,-17.5,-0.0,1947,2922,0,-3,-11
1715,244.79,27643,337.44,337.84,0.39,14.0,32.7,0.0,0.0,-18.7,-0.0,1822,2796,0,-6,-12
1716,244.87,27640,337.40,337.79,0.39,13.4,32.7,0.0,0.0,-19.3,-0.0,1785,2756,0,-6,-11
1717,245.05,27635,337.34,337.71,0.37,12.2,30.7,0.0,0.0,-18.4,-0.0,1722,2705,0,-6,-10
1718,245.21,27629,337.27,337.62,0.35,12.1,29.7,0.0,-0.0,-17.5,-0.0,1647,2633,0,-7,-9
1719,245.30,27625,337.22,337.58,0.35,10.6,29.7,0.0,0.0,-19.0,-0.0,1597,2578,0,-7,-7
1720,245.47,27616,337.11,337.49,0.38,12.4,31.7,0.0,-0.0,-19.3,-0.0,1485,2467,0,-10,-7
1721,245.64,27608,337.01,337.41,0.39,14.3,32.7,0.0,0.0,-18.4,-0.0,1385,2364,0,-12,-6
1722,245.73,27605,336.98,337.36,0.39,13.7,32.7,0.0,0.0,-19.0,-0.0,1347,2325,0,-12,-5
1723,245.90,27601,336.93,337.28,0.35,11.5,29.7,0.0,0.0,-18.1,-0.0,1297,2280,0,-10,-4
1724,246.06,27592,336.82,337.20,0.38,14.2,31.7,0.0,0.0,-17.5,-0.0,1185,2168,0,-13,-3
1725,246.15,27591,336.80,337.15,0.35,9.7,29.7,0.0,-0.0,-19.9,-0.0,1172,2156,0,-9,-2
1726,246.32,27587,336.76,337.07,0.32,8.8,26.6,0.0,-0.0,-17.8,-0.0,1122,2116,0,-8,-1
1727,246.49,27583,336.71,336.98,0.28,6.0,23.5,0.0,-0.0,-17.5,-0.0,1072,2069,0,-6,0
1728,246.57,27577,336.63,336.94,0.31,5.7,25.6,0.0,-0.0,-19.9,-0.0,997,1982,0,-5,1
1729,246.74,27572,336.57,336.86,0.29,7.3,24.5,0.0,-0.0,-17.2,-0.0,935,1931,0,-7,1
1730,246.91,27568,336.52,336.77,0.26,2.5,21.5,0.0,-0.0,-19.0,-0.0,885,1876,0,-2,1
1731,247.07,27562,336.45,336.69,0.24,2.9,20.5,0.0,-0.0,-17.5,-0.0,810,1801,0,-3,1
1732,247.16,27557,336.39,336.65,0.26,1.3,21.5,0.0,-0.0,-20.2,-0.0,747,1728,0,-1,1
1733,247.33,27555,336.36,336.57,0.20,-1.2,16.4,0.0,-0.0,-17.5,-0.0,722,3768,0,1,-1
1734,247.50,27553,336.34,336.48,0.13,-7.5,11.2,0.0,-0.0,-18.7,-0.0,697,3743,0,6,-4
1735,247.59,27548,336.28,336.43,0.16,-6.6,13.3,0.0,-0.0,-19.9,-0.0,635,3675,0,5,-4
1736,247.77,27545,336.24,336.35,0.10,-11.1,8.2,0.0,-0.0,-19.3,-0.0,597,3643,0,8,-7
1737,247.85,27542,336.21,336.30,0.10,-11.1,8.2,0.0,-0.0,-19.3,-0.0,560,3609,0,8,-7
1738,248.01,27537,336.15,336.22,0.07,-12.3,6.1,0.0,-0.0,-18.4,-0.0,497,3542,0,8,-9
1739,248.18,27534,336.11,336.14,0.02,-16.4,2.0,0.0,-0.0,-18.4,-0.0,460,3504,0,10,-13
1740,248.35,27529,336.05,336.05,0.00,-17.8,0.0,0.0,-0.0,-17.8,-0.0,397,3446,0,9,-15
1741,248.44,27529,336.05,336.01,-0.04,-23.9,-3.1,0.0,-0.0,-20.8,-0.0,397,3442,0,12,-20
1742,248.61,27524,335.99,335.92,-0.06,-23.5,-5.1,0.0,-0.0,-18.4,-0.0,335,3385,0,11,-20
1743,248.78,27521,335.95,335.84,-0.11,-27.0,-9.2,0.0,-0.0,-17.8,-0.0,297,3349,0,11,-24
1744,248.87,27516,335.89,335.79,-0.10,-27.2,-8.2,0.0,-0.0,-19.0,-0.0,235,3280,0,8,-25
1745,249.04,27511,335.83,335.71,-0.12,-28.7,-10.2,0.0,-0.0,-18.4,-0.0,172,3218,0,6,-27
1746,249.21,27508,335.79,335.62,-0.17,-32.2,-14.3,0.0,-0.0,-17.8,-0.0,135,3180,0,5,-31
1747,249.30,27505,335.75,335.58,-0.17,-33.9,-14.3,0.0,-0.0,-19.6,-0.0,97,3139,0,3,-33
1748,249.47,27501,335.71,335.49,-0.21,-35.5,-17.4,0.0,-0.0,-18.1,-0.0,47,3090,0,1,-34
1749,249.64,27496,335.64,335.41,-0.23,-38.5,-19.4,0.0,-0.0,-19.0,-0.0,4081,3031,0,-2,-37
1750,249.73,27492,335.60,335.36,-0.23,-38.5,-19.4,0.0,-0.0,-19.0,-0.0,4031,2978,0,-5,-37
1751,249.90,27486,335.52,335.28,-0.24,-38.3,-20.5,0.0,-0.0,-17.8,-0.0,3956,2901,0,-10,-36
1752,250.07,27479,335.44,335.19,-0.24,-39.5,-20.5,0.0,-0.0,-19.0,-0.0,3868,2809,0,-15,-35
1753,250.16,27476,335.40,335.15,-0.26,-41.4,-21.5,0.0,-0.0,-19.9,-0.0,3831,2768,0,-18,-36
1754,250.33,27471,335.34,335.06,-0.28,-42.0,-23.5,0.0,-0.0,-18.4,-0.0,3768,2707,0,-22,-34
1755,250.42,27469,335.31,335.02,-0.29,-45.3,-24.5,0.0,-0.0,-20.8,-0.0,3743,2681,0,-25,-36
1756,250.59,27459,335.19,334.93,-0.26,-39.9,-21.5,0.0,-0.0,-18.4,-0.0,3618,2555,0,-28,-27
1757,250.77,27453,335.12,334.85,-0.27,-40.3,-22.5,0.0,-0.0,-17.8,-0.0,3543,2482,0,-31,-24
1758,250.85,27449,335.07,334.80,-0.27,-42.1,-22.5,0.0,-0.0,-19.6,-0.0,3493,2427,0,-34,-22
1759,251.02,27441,334.97,334.72,-0.26,-39.3,-21.5,0.0,0.0,-17.8,-0.0,3393,2326,0,-35,-16
1760,251.19,27432,334.86,334.63,-0.23,-37.0,-19.4,0.0,0.0,-17.5,-0.0,3281,2210,0,-35,-9
1761,251.28,27429,334.83,334.59,-0.23,-39.1,-19.4,0.0,0.0,-19.6,-0.0,3243,2172,0,-37,-7
1762,251.45,27420,334.72,334.50,-0.21,-35.2,-17.4,0.0,0.0,-17.8,-0.0,3131,2060,0,-34,-1
1763,251.62,27411,334.61,334.42,-0.18,-33.2,-15.3,0.0,0.0,-17.8,-0.0,3018,1945,0,-32,5
1764,251.71,27406,334.55,334.37,-0.17,-35.1,-14.3,0.0,0.0,-20.8,-0.0,2956,1874,0,-33,9
1765,251.88,27401,334.48,334.29,-0.20,-34.2,-16.4,0.0,0.0,-17.8,-0.0,2893,1825,0,-31,11
1766,252.05,27387,334.31,334.20,-0.11,-28.2,-9.2,0.0,0.0,-19.0,-0.0,2718,1635,0,-22,16
1767,252.14,27383,334.27,334.16,-0.11,-29.1,-9.2,0.0,0.0,-19.9,-0.0,2668,1586,0,-21,18
1768,252.31,27373,334.14,334.07,-0.07,-24.0,-6.1,0.0,0.0,-17.8,-0.0,2543,1465,0,-15,18
1769,252.48,27365,334.05,333.99,-0.05,-22.5,-4.1,0.0,0.0,-18.4,-0.0,2443,1359,0,-11,19
1770,252.56,27359,333.97,333.95,-0.02,-21.7,-2.0,0.0,0.0,-19.6,-0.0,2368,1278,0,-8,19
1771,252.72,27350,333.86,333.87,0.00,-17.5,0.0,0.0,0.0,-17.5,-0.0,2256,1179,0,-4,17
1772,252.89,27338,333.72,333.78,0.06,-12.7,5.1,0.0,0.0,-17.8,-0.0,2106,1023,0,0,12
1773,253.06,27331,333.63,333.70,0.07,-11.1,6.1,0.0,0.0,-17.2,-0.0,2018,940,0,1,11
1774,253.15,27326,333.57,333.65,0.09,-12.8,7.2,0.0,0.0,-19.9,-0.0,1956,869,0,3,12
1775,253.31,27315,333.44,333.57,0.13,-6.9,11.2,0.0,0.0,-18.1,-0.0,1818,737,0,3,6
1776,253.49,27303,333.29,333.49,0.20,-1.2,16.4,0.0,0.0,-17.5,-0.0,1668,585,0,1,1
1777,253.58,27298,333.23,333.44,0.21,-3.1,17.4,0.0,0.0,-20.5,-0.0,1606,516,0,2,2
1778,253.75,27290,333.13,333.35,0.22,-0.9,18.4,0.0,0.0,-19.3,-0.0,1506,419,0,1,1
1779,253.91,27281,333.02,333.28,0.26,3.9,21.5,0.0,0.0,-17.5,-0.0,1393,2361,0,-3,-2
1780,253.99,27274,332.93,333.23,0.29,4.9,24.5,0.0,0.0,-19.6,-0.0,1306,2265,0,-5,-2
1781,254.17,27267,332.85,333.14,0.29,5.8,24.5,0.0,0.0,-18.7,-0.0,1218,2188,0,-6,-1
1782,254.32,27260,332.76,333.07,0.31,7.7,25.6,0.0,0.0,-17.8,-0.0,1131,2105,0,-7,-1
1783,254.49,27252,332.67,332.99,0.32,8.2,26.6,0.0,0.0,-18.4,-0.0,1031,2003,0,-8,1
1784,254.57,27247,332.60,332.94,0.34,9.0,28.6,0.0,0.0,-19.6,-0.0,968,1937,0,-9,1
1785,254.75,27240,332.52,332.85,0.33,8.6,27.6,0.0,0.0,-19.0,-0.0,881,1859,0,-8,2
1786,254.90,27229,332.39,332.78,0.39,14.9,32.7,0.0,0.0,-17.8,-0.0,743,1714,0,-13,7
1787,254.99,27227,332.36,332.73,0.37,10.8,30.7,0.0,0.0,-19.9,-0.0,718,1688,0,-9,5
1788,255.16,27224,332.32,332.65,0.32,9.1,26.6,0.0,0.0,-17.5,-0.0,681,1665,0,-7,5
1789,255.33,27216,332.23,332.56,0.33,8.9,27.6,0.0,-0.0,-18.7,-0.0,581,1564,0,-6,6
1790,255.42,27212,332.18,332.52,0.34,8.7,28.6,0.0,0.0,-19.9,-0.0,531,1510,0,-6,6
1791,255.58,27204,332.08,332.44,0.35,11.2,29.7,0.0,-0.0,-18.4,-0.0,431,1418,0,-6,9
1792,255.76,27197,331.99,332.35,0.35,10.0,29.7,0.0,0.0,-19.6,-0.0,343,1322,0,-4,9
1793,255.85,27193,331.95,332.31,0.37,11.7,30.7,0.0,0.0,-19.0,-0.0,293,1269,0,-4,11
1794,256.02,27188,331.88,332.22,0.33,8.9,27.6,0.0,0.0,-18.7,-0.0,231,1213,0,-2,8
1795,256.19,27183,331.82,332.13,0.31,7.4,25.6,0.0,-0.0,-18.1,-0.0,168,1157,0,-1,7
1796,256.27,27180,331.79,332.09,0.31,6.5,25.6,0.0,-0.0,-19.0,-0.0,131,1119,0,-1,6
1797,256.45,27175,331.73,332.00,0.28,5.1,23.5,0.0,-0.0,-18.4,-0.0,68,1060,0,0,5
1798,256.61,27170,331.67,331.92,0.26,3.6,21.5,0.0,-0.0,-17.8,-0.0,6,1001,0,0,4
1799,256.70,27163,331.58,331.88,0.31,6.2,25.6,0.0,-0.0,-19.3,-0.0,4014,903,0,1,6
1800,256.87,27160,331.54,331.79,0.26,3.9,21.5,0.0,-0.0,-17.5,-0.0,3977,872,0,1,4
1801,257.04,27152,331.45,331.71,0.26,1.9,21.5,0.0,-0.0,-19.6,-0.0,3877,764,0,1,2
1802,257.19,27150,331.42,331.63,0.21,-0.4,17.4,0.0,-0.0,-17.8,-0.0,3852,2794,0,0,0
1803,257.28,27147,331.38,331.59,0.21,-1.3,17.4,0.0,-0.0,-18.7,-0.0,3814,2755,0,-1,-1
1804,257.45,27142,331.32,331.50,0.18,-3.7,15.3,0.0,-0.0,-19.0,-0.0,3752,2698,0,-2,-3
1805,257.61,27132,331.20,331.42,0.22,0.9,18.4,0.0,-0.0,-17.5,-0.0,3627,520,0,1,1
1806,257.70,27132,331.20,331.38,0.18,-4.6,15.3,0.0,-0.0,-19.9,-0.0,3627,2570,0,-3,-3
1807,257.87,27128,331.15,331.29,0.15,-5.0,12.3,0.0,-0.0,-17.2,-0.0,3577,2522,0,-4,-3
1808,258.04,27125,331.12,331.21,0.10,-10.2,8.2,0.0,-0.0,-18.4,-0.0,3539,2486,0,-8,-6
1809,258.13,27122,331.08,331.16,0.09,-13.1,7.2,0.0,-0.0,-20.2,-0.0,3502,2445,0,-10,-7
1810,258.30,27118,331.03,331.08,0.05,-14.6,4.1,0.0,-0.0,-18.7,-0.0,3452,2407,0,-12,-7
1811,258.47,27114,330.98,330.99,0.01,-17.7,1.0,0.0,-0.0,-18.7,-0.0,3402,2351,0,-15,-8
1812,258.55,27112,330.96,330.95,-0.01,-20.6,-1.0,0.0,-0.0,-19.6,-0.0,3377,2328,0,-18,-8
1813,258.73,27106,330.88,330.86,-0.02,-20.8,-2.0,0.0,-0.0,-18.7,-0.0,3302,2250,0,-19,-6
1814,258.89,27106,330.88,330.78,-0.11,-27.0,-9.2,0.0,-0.0,-17.8,-0.0,3302,2258,0,-25,-8
1815,258.99,27105,330.87,330.74,-0.13,-30.9,-11.2,0.0,-0.0,-19.6,-0.0,3289,2245,0,-29,-9
1816,259.16,27097,330.77,330.65,-0.12,-27.8,-10.2,0.0,-0.0,-17.5,-0.0,3189,2141,0,-27,-4
1817,259.33,27092,330.71,330.56,-0.15,-31.0,-12.3,0.0,-0.0,-18.7,-0.0,3127,2076,0,-30,-1
1818,259.42,27090,330.69,330.52,-0.17,-33.7,-14.3,0.0,-0.0,-19.3,-0.0,3102,2053,0,-33,0
1819,259.59,27085,330.63,330.44,-0.20,-34.8,-16.4,0.0,-0.0,-18.4,-0.0,3039,1984,0,-34,3
1820,259.76,27082,330.59,330.35,-0.24,-39.8,-20.5,0.0,-0.0,-19.3,-0.0,3002,1947,0,-38,6
1821,259.85,27079,330.55,330.31,-0.24,-40.1,-20.5,0.0,-0.0,-19.6,-0.0,2964,1912,0,-38,8
1822,260.02,27072,330.47,330.22,-0.24,-39.2,-20.5,0.0,-0.0,-18.7,-0.0,2877,1823,0,-36,13
1823,260.19,27064,330.37,330.13,-0.23,-37.3,-19.4,0.0,-0.0,-17.8,-0.0,2777,1719,0,-32,17
1824,260.28,27061,330.33,330.09,-0.24,-40.4,-20.5,0.0,-0.0,-19.9,-0.0,2739,1677,0,-33,21
1825,260.45,27056,330.27,330.00,-0.27,-40.9,-22.5,0.0,-0.0,-18.4,-0.0,2677,1615,0,-31,24
1826,260.61,27049,330.19,329.92,-0.27,-40.6,-22.5,0.0,-0.0,-18.1,-0.0,2589,1528,0,-27,28
1827,260.70,27045,330.14,329.88,-0.26,-40.5,-21.5,0.0,-0.0,-19.0,-0.0,2539,1474,0,-25,30
1828,260.87,27038,330.05,329.79,-0.26,-39.0,-21.5,0.0,-0.0,-17.5,-0.0,2452,1391,0,-20,32
1829,261.05,27028,329.93,329.70,-0.23,-39.1,-19.4,0.0,0.0,-19.6,-0.0,2327,1256,0,-13,35
1830,261.14,27024,329.88,329.66,-0.22,-38.0,-18.4,0.0,0.0,-19.6,-0.0,2277,1203,0,-10,35
1831,261.30,27019,329.82,329.58,-0.24,-38.9,-20.5,0.0,0.0,-18.4,-0.0,2214,1146,0,-7,37
1832,261.48,27010,329.71,329.49,-0.22,-35.9,-18.4,0.0,0.0,-17.5,-0.0,2102,1032,0,0,35
1833,261.57,27005,329.65,329.44,-0.21,-38.2,-17.4,0.0,0.0,-20.8,-0.0,2039,961,0,4,37
1834,261.73,26998,329.57,329.36,-0.21,-35.2,-17.4,0.0,0.0,-17.8,-0.0,1952,885,0,7,33
1835,261.90,26988,329.44,329.28,-0.17,-31.9,-14.3,0.0,0.0,-17.5,-0.0,1827,755,0,12,28
1836,261.99,26985,329.41,329.23,-0.17,-33.9,-14.3,0.0,0.0,-19.6,-0.0,1789,712,0,15,29
1837,262.16,26973,329.26,329.15,-0.11,-28.2,-9.2,0.0,0.0,-19.0,-0.0,1639,559,0,18,21
1838,262.33,26963,329.14,329.06,-0.07,-23.7,-6.1,0.0,0.0,-17.5,-0.0,1514,437,0,18,14
1839,262.42,26958,329.08,329.02,-0.06,-26.2,-5.1,0.0,0.0,-21.1,-0.0,1452,361,0,22,13
1840,262.59,26948,328.96,328.93,-0.02,-20.5,-2.0,0.0,0.0,-18.4,-0.0,1327,245,0,18,7
1841,262.76,26936,328.81,328.85,0.04,-14.5,3.1,0.0,0.0,-17.5,-0.0,1177,90,0,14,2
1842,262.85,26934,328.78,328.80,0.02,-17.0,2.0,0.0,0.0,-19.0,-0.0,1152,69,0,16,2
1843,263.02,26925,328.67,328.72,0.05,-13.4,4.1,0.0,0.0,-17.5,-0.0,1039,4058,0,13,-1
1844,263.19,26918,328.59,328.63,0.05,-13.4,4.1,0.0,0.0,-17.5,-0.0,952,3974,0,13,-2
1845,263.28,26913,328.53,328.59,0.06,-14.5,5.1,0.0,0.0,-19.6,-0.0,889,3906,0,13,-4
1846,263.45,26903,328.41,328.50,0.10,-10.0,8.2,0.0,0.0,-18.1,-0.0,764,3788,0,9,-4
1847,263.61,26892,328.27,328.42,0.15,-5.6,12.3,0.0,0.0,-17.8,-0.0,627,3643,0,4,-3
1848,263.70,26887,328.21,328.38,0.17,-5.6,14.3,0.0,0.0,-19.9,-0.0,564,3576,0,4,-4
1849,263.87,26878,328.10,328.29,0.20,-1.5,16.4,0.0,0.0,-17.8,-0.0,452,3467,0,1,-1
1850,264.04,26867,327.97,328.21,0.24,1.7,20.5,0.0,0.0,-18.7,-0.0,314,1277,0,-1,2
1851,264.13,26864,327.93,328.16,0.23,-0.5,19.4,0.0,0.0,-19.9,-0.0,277,3287,0,0,0
1852,264.30,26856,327.83,328.08,0.24,2.9,20.5,0.0,0.0,-17.5,-0.0,177,1151,0,-1,3
1853,264.46,26849,327.75,328.00,0.24,2.0,20.5,0.0,0.0,-18.4,-0.0,89,1064,0,0,2
1854,264.55,26846,327.71,327.95,0.24,0.8,20.5,0.0,0.0,-19.6,-0.0,52,1026,0,0,1
1855,264.71,26837,327.60,327.87,0.27,5.3,22.5,0.0,0.0,-17.2,-0.0,4035,921,0,1,5
1856,264.89,26826,327.47,327.78,0.32,8.2,26.6,0.0,0.0,-18.4,-0.0,3898,773,0,3,7
1857,264.97,26820,327.39,327.74,0.35,10.6,29.7,0.0,0.0,-19.0,-0.0,3823,695,0,5,9
1858,265.14,26814,327.32,327.66,0.34,10.5,28.6,0.0,0.0,-18.1,-0.0,3748,624,0,6,8
1859,265.31,26808,327.25,327.57,0.33,9.5,27.6,0.0,0.0,-18.1,-0.0,3673,551,0,6,7
1860,265.40,26805,327.21,327.53,0.32,6.1,26.6,0.0,0.0,-20.5,-0.0,3635,510,0,4,4
1861,265.56,26799,327.14,327.45,0.31,8.0,25.6,0.0,-0.0,-17.5,-0.0,3560,450,0,6,5
1862,265.74,26795,327.09,327.36,0.27,2.9,22.5,0.0,-0.0,-19.6,-0.0,3510,406,0,2,2
1863,265.91,26784,326.95,327.27,0.32,8.2,26.6,0.0,-0.0,-18.4,-0.0,3373,261,0,7,3
1864,266.00,26784,326.95,327.23,0.28,3.6,23.5,0.0,-0.0,-19.9,-0.0,3373,263,0,3,1
1865,266.17,26778,326.88,327.14,0.27,4.4,22.5,0.0,-0.0,-18.1,-0.0,3298,188,0,4,1
1866,266.25,26771,326.79,327.10,0.31,5.9,25.6,0.0,0.0,-19.6,-0.0,3210,95,0,6,1
1867,266.43,26762,326.68,327.01,0.33,8.6,27.6,0.0,0.0,-19.0,-0.0,3098,4072,0,8,0
1868,266.60,26758,326.64,326.93,0.29,5.5,24.5,0.0,-0.0,-19.0,-0.0,3048,4033,0,5,-1
1869,266.69,26755,326.60,326.88,0.28,3.3,23.5,0.0,0.0,-20.2,-0.0,3010,3988,0,3,-1
1870,266.85,26751,326.55,326.80,0.26,3.6,21.5,0.0,-0.0,-17.8,-0.0,2960,3946,0,3,-1
1871,267.02,26747,326.50,326.72,0.22,1.5,18.4,0.0,-0.0,-17.0,-0.0,2910,3908,0,1,0
1872,267.18,26743,326.45,326.64,0.18,-2.2,15.3,0.0,-0.0,-17.5,-0.0,2860,1810,0,-2,1
1873,267.27,26738,326.39,326.59,0.20,-3.3,16.4,0.0,-0.0,-19.6,-0.0,2798,1742,0,-3,1
1874,267.45,26732,326.32,326.50,0.18,-3.1,15.3,0.0,-0.0,-18.4,-0.0,2723,1668,0,-2,2
1875,267.61,26729,326.28,326.42,0.13,-6.6,11.2,0.0,-0.0,-17.8,-0.0,2685,1635,0,-5,4
1876,267.71,26725,326.23,326.37,0.15,-8.8,12.3,0.0,-0.0,-21.1,-0.0,2635,1574,0,-6,6
1877,267.88,26722,326.20,326.29,0.10,-9.4,8.2,0.0,-0.0,-17.5,-0.0,2598,1545,0,-6,6
1878,267.97,26719,326.16,326.24,0.09,-12.5,7.2,0.0,-0.0,-19.6,-0.0,2560,1507,0,-8,9
1879,268.14,26711,326.06,326.16,0.10,-10.8,8.2,0.0,-0.0,-19.0,-0.0,2460,1405,0,-6,9
1880,268.31,26705,325.99,326.07,0.09,-11.3,7.2,0.0,-0.0,-18.4,-0.0,2385,1326,0,-5,10
1881,268.40,26703,325.96,326.03,0.06,-14.8,5.1,0.0,-0.0,-19.9,-0.0,2360,1301,0,-6,13
1882,268.57,26699,325.92,325.94,0.02,-16.4,2.0,0.0,-0.0,-18.4,-0.0,2310,1252,0,-5,15
1883,268.74,26698,325.90,325.86,-0.05,-23.1,-4.1,0.0,-0.0,-19.0,-0.0,2298,1248,0,-8,21
1884,268.83,26698,325.90,325.82,-0.09,-26.2,-7.2,0.0,-0.0,-19.0,-0.0,2298,1254,0,-9,24
1885,269.00,26690,325.81,325.73,-0.07,-23.7,-6.1,0.0,-0.0,-17.5,-0.0,2198,1153,0,-5,22
1886,269.17,26687,325.77,325.65,-0.12,-27.8,-10.2,0.0,-0.0,-17.5,-0.0,2160,1116,0,-4,27
1887,269.25,26683,325.72,325.60,-0.12,-29.8,-10.2,0.0,-0.0,-19.6,-0.0,2110,1061,0,-2,29
1888,269.43,26677,325.65,325.52,-0.13,-29.4,-11.2,0.0,-0.0,-18.1,-0.0,2035,981,0,2,28
1889,269.59,26671,325.57,325.43,-0.15,-30.1,-12.3,0.0,-0.0,-17.8,-0.0,1960,901,0,5,29
1890,269.69,26669,325.55,325.39,-0.16,-33.8,-13.3,0.0,-0.0,-20.5,-0.0,1935,877,0,7,32
1891,269.86,26663,325.48,325.30,-0.17,-31.9,-14.3,0.0,-0.0,-17.5,-0.0,1860,803,0,10,29
1892,270.03,26659,325.43,325.21,-0.21,-36.1,-17.4,0.0,-0.0,-18.7,-0.0,1810,755,0,14,32
1893,270.12,26657,325.40,325.17,-0.23,-39.3,-19.4,0.0,-0.0,-19.9,-0.0,1785,729,0,17,34
1894,270.28,26649,325.31,325.09,-0.22,-35.9,-18.4,0.0,-0.0,-17.5,-0.0,1685,630,0,20,29
1895,270.45,26643,325.23,325.00,-0.23,-37.9,-19.4,0.0,-0.0,-18.4,-0.0,1610,551,0,24,27
1896,270.53,26639,325.18,324.96,-0.22,-37.4,-18.4,0.0,-0.0,-19.0,-0.0,1560,499,0,26,25
1897,270.70,26632,325.10,324.88,-0.22,-36.8,-18.4,0.0,-0.0,-18.4,-0.0,1473,409,0,29,21
1898,270.87,26629,325.06,324.79,-0.27,-40.3,-22.5,0.0,-0.0,-17.8,-0.0,1435,376,0,33,21
1899,270.97,26627,325.04,324.75,-0.29,-44.8,-24.5,0.0,-0.0,-20.2,-0.0,1410,350,0,37,22
1900,271.13,26617,324.91,324.66,-0.26,-39.0,-21.5,0.0,-0.0,-17.5,-0.0,1285,225,0,36,13
1901,271.31,26608,324.80,324.57,-0.23,-38.2,-19.4,0.0,-0.0,-18.7,-0.0,1173,109,0,36,6
1902,271.39,26605,324.77,324.53,-0.23,-38.2,-19.4,0.0,-0.0,-18.7,-0.0,1135,71,0,37,4
1903,271.56,26597,324.67,324.45,-0.22,-37.8,-18.4,0.0,0.0,-19.3,-0.0,1035,4058,0,36,-2
1904,271.74,26587,324.55,324.36,-0.18,-34.7,-15.3,0.0,0.0,-19.3,-0.0,910,3927,0,32,-9
1905,271.82,26581,324.48,324.32,-0.16,-32.6,-13.3,0.0,0.0,-19.3,-0.0,835,3852,0,29,-12
1906,271.99,26574,324.39,324.23,-0.16,-32.3,-13.3,0.0,0.0,-19.0,-0.0,748,3769,0,27,-15
1907,272.16,26566,324.29,324.15,-0.15,-30.4,-12.3,0.0,0.0,-18.1,-0.0,648,3672,0,23,-18
1908,272.25,26562,324.24,324.10,-0.13,-30.3,-11.2,0.0,0.0,-19.0,-0.0,598,3617,0,22,-20
1909,272.43,26551,324.11,324.01,-0.10,-26.6,-8.2,0.0,0.0,-18.4,-0.0,460,3480,0,15,-21
1910,272.60,26544,324.02,323.93,-0.10,-26.6,-8.2,0.0,0.0,-18.4,-0.0,373,3397,0,12,-23
1911,272.69,26539,323.96,323.88,-0.07,-26.4,-6.1,0.0,0.0,-20.2,-0.0,310,3326,0,10,-24
1912,272.86,26529,323.84,323.80,-0.04,-20.9,-3.1,0.0,0.0,-17.8,-0.0,185,3205,0,4,-20
1913,273.03,26520,323.73,323.71,-0.02,-21.7,-2.0,0.0,0.0,-19.6,-0.0,73,3091,0,1,-21
1914,273.12,26515,323.67,323.67,0.00,-19.0,0.0,0.0,0.0,-19.0,-0.0,10,3028,0,-1,-18
1915,273.29,26504,323.54,323.58,0.05,-14.6,4.1,0.0,0.0,-18.7,-0.0,3969,2886,0,-4,-14
1916,273.46,26495,323.43,323.50,0.07,-11.7,6.1,0.0,0.0,-17.8,-0.0,3856,2778,0,-5,-10
1917,273.55,26489,323.35,323.46,0.10,-11.1,8.2,0.0,0.0,-19.3,-0.0,3781,2695,0,-6,-9
1918,273.72,26479,323.23,323.37,0.13,-8.4,11.2,0.0,0.0,-19.6,-0.0,3656,2568,0,-6,-6
1919,273.89,26464,323.05,323.28,0.23,1.0,19.4,0.0,0.0,-18.4,-0.0,3469,329,0,1,0
1920,273.98,26460,323.00,323.24,0.24,0.5,20.5,0.0,0.0,-19.9,-0.0,3419,277,0,0,0
1921,274.15,26454,322.92,323.16,0.23,2.2,19.4,0.0,0.0,-17.2,-0.0,3344,216,0,2,1
1922,274.32,26445,322.81,323.07,0.26,2.2,21.5,0.0,0.0,-19.3,-0.0,3231,100,0,2,0
1923,274.41,26438,322.73,323.03,0.29,4.9,24.5,0.0,0.0,-19.6,-0.0,3144,7,0,5,0
1924,274.58,26434,322.68,322.94,0.26,2.2,21.5,0.0,0.0,-19.3,-0.0,3094,4072,0,2,0
1925,274.74,26423,322.55,322.86,0.32,7.6,26.6,0.0,0.0,-19.0,-0.0,2956,3927,0,7,-2
1926,274.82,26420,322.51,322.82,0.31,6.5,25.6,0.0,0.0,-19.0,-0.0,2919,3891,0,6,-2
1927,274.99,26413,322.42,322.73,0.31,7.7,25.6,0.0,0.0,-17.8,-0.0,2831,3808,0,7,-3
1928,275.15,26405,322.33,322.65,0.32,9.1,26.6,0.0,0.0,-17.5,-0.0,2731,3707,0,7,-5
1929,275.24,26402,322.29,322.61,0.32,7.0,26.6,0.0,0.0,-19.6,-0.0,2694,3666,0,5,-4
1930,275.42,26396,322.22,322.52,0.31,7.1,25.6,0.0,-0.0,-18.4,-0.0,2619,3603,0,5,-5
1931,275.59,26384,322.07,322.43,0.37,11.4,30.7,0.0,0.0,-19.3,-0.0,2469,3442,0,6,-9
1932,275.68,26381,322.03,322.39,0.35,9.7,29.7,0.0,0.0,-19.9,-0.0,2431,3404,0,5,-8
1933,275.84,26380,322.02,322.31,0.28,6.0,23.5,0.0,-0.0,-17.5,-0.0,2419,3408,0,3,-5
1934,276.01,26370,321.90,322.22,0.32,7.6,26.6,0.0,0.0,-19.0,-0.0,2294,3273,0,2,-7
1935,276.10,26366,321.85,322.18,0.33,7.7,27.6,0.0,0.0,-19.9,-0.0,2244,3220,0,2,-7
1936,276.25,26363,321.81,322.10,0.28,5.7,23.5,0.0,-0.0,-17.8,-0.0,2206,3199,0,1,-5
1937,276.43,26357,321.74,322.01,0.27,5.0,22.5,0.0,-0.0,-17.5,-0.0,2131,3120,0,0,-5
1938,276.60,26350,321.66,321.93,0.27,3.5,22.5,0.0,-0.0,-19.0,-0.0,2044,3031,0,0,-3
1939,276.69,26346,321.61,321.88,0.28,4.5,23.5,0.0,-0.0,-19.0,-0.0,1994,2981,0,-1,-4
1940,276.85,26343,321.57,321.80,0.23,1.9,19.4,0.0,-0.0,-17.5,-0.0,1956,2950,0,0,-2
1941,277.03,26335,321.47,321.71,0.24,1.1,20.5,0.0,-0.0,-19.3,-0.0,1856,2841,0,0,-1
1942,277.11,26333,321.45,321.67,0.22,-0.6,18.4,0.0,-0.0,-19.0,-0.0,1831,771,0,0,1
1943,277.28,26325,321.35,321.59,0.23,0.4,19.4,0.0,-0.0,-19.0,-0.0,1731,2717,0,0,0
1944,277.45,26321,321.30,321.50,0.20,-1.8,16.4,0.0,-0.0,-18.1,-0.0,1681,625,0,1,1
1945,277.54,26318,321.26,321.46,0.20,-2.1,16.4,0.0,-0.0,-18.4,-0.0,1644,583,0,1,2
1946,277.71,26313,321.20,321.37,0.17,-4.1,14.3,0.0,-0.0,-18.4,-0.0,1581,524,0,3,3
1947,277.87,26311,321.18,321.29,0.11,-10.1,9.2,0.0,-0.0,-19.3,-0.0,1556,505,0,7,7
1948,277.97,26308,321.14,321.25,0.10,-11.7,8.2,0.0,-0.0,-19.9,-0.0,1519,468,0,9,7
1949,278.13,26305,321.11,321.16,0.06,-12.1,5.1,0.0,-0.0,-17.2,-0.0,1481,435,0,9,7
1950,278.29,26299,321.03,321.08,0.05,-14.3,4.1,0.0,-0.0,-18.4,-0.0,1406,358,0,12,7
1951,278.38,26296,321.00,321.04,0.04,-16.8,3.1,0.0,-0.0,-19.9,-0.0,1369,318,0,14,8
1952,278.55,26292,320.95,320.95,0.00,-17.8,0.0,0.0,-0.0,-17.8,-0.0,1319,267,0,16,7
1953,278.72,26290,320.92,320.87,-0.05,-22.8,-4.1,0.0,-0.0,-18.7,-0.0,1294,247,0,21,8
1954,278.89,26284,320.85,320.79,-0.06,-22.7,-5.1,0.0,-0.0,-17.5,-0.0,1219,169,0,21,6
1955,278.97,26282,320.83,320.74,-0.09,-25.9,-7.2,0.0,-0.0,-18.7,-0.0,1194,144,0,24,5
1956,279.14,26279,320.79,320.66,-0.13,-28.8,-11.2,0.0,-0.0,-17.5,-0.0,1156,109,0,28,5
1957,279.31,26276,320.75,320.57,-0.18,-34.4,-15.3,0.0,-0.0,-19.0,-0.0,1119,72,0,33,4
1958,279.40,26274,320.73,320.53,-0.20,-36.3,-16.4,0.0,-0.0,-19.9,-0.0,1094,44,0,35,2
1959,279.57,26269,320.67,320.44,-0.22,-37.1,-18.4,0.0,-0.0,-18.7,-0.0,1031,4081,0,36,-1
1960,279.74,26264,320.61,320.36,-0.24,-38.9,-20.5,0.0,-0.0,-18.4,-0.0,969,4017,0,37,-5
1961,279.83,26262,320.58,320.31,-0.27,-42.1,-22.5,0.0,-0.0,-19.6,-0.0,944,3990,0,40,-7
1962,280.00,26258,320.53,320.23,-0.31,-44.3,-25.6,0.0,-0.0,-18.7,-0.0,894,3939,0,42,-10
1963,280.09,26255,320.50,320.18,-0.32,-45.9,-26.6,0.0,-0.0,-19.3,-0.0,856,3899,0,42,-13
1964,280.26,26248,320.41,320.10,-0.31,-43.1,-25.6,0.0,-0.0,-17.5,-0.0,769,3812,0,38,-18
1965,280.43,26243,320.35,320.01,-0.33,-45.2,-27.6,0.0,-0.0,-17.5,-0.0,706,3748,0,38,-22
1966,280.52,26236,320.26,319.97,-0.29,-45.3,-24.5,0.0,-0.0,-20.8,-0.0,619,3648,0,34,-28
1967,280.69,26231,320.20,319.88,-0.32,-45.0,-26.6,0.0,-0.0,-18.4,-0.0,556,3588,0,31,-31
1968,280.86,26224,320.12,319.80,-0.32,-44.4,-26.6,0.0,-0.0,-17.8,-0.0,469,3502,0,26,-34
1969,281.03,26217,320.03,319.71,-0.32,-45.0,-26.6,0.0,0.0,-18.4,-0.0,381,3411,0,22,-38
1970,281.11,26213,319.98,319.67,-0.31,-44.3,-25.6,0.0,0.0,-18.7,-0.0,331,3358,0,18,-39
1971,281.28,26203,319.86,319.59,-0.28,-42.8,-23.5,0.0,0.0,-19.3,-0.0,206,3229,0,10,-40
1972,281.46,26198,319.80,319.50,-0.31,-44.0,-25.6,0.0,0.0,-18.4,-0.0,144,3171,0,6,-42
1973,281.54,26191,319.71,319.46,-0.26,-40.8,-21.5,0.0,0.0,-19.3,-0.0,56,3077,0,0,-40
1974,281.71,26181,319.59,319.37,-0.22,-36.8,-18.4,0.0,0.0,-18.4,-0.0,4027,2950,0,-7,-35
1975,281.88,26173,319.49,319.29,-0.21,-35.2,-17.4,0.0,0.0,-17.8,-0.0,3927,2853,0,-11,-32
1976,281.97,26167,319.42,319.24,-0.18,-35.6,-15.3,0.0,0.0,-20.2,-0.0,3852,2770,0,-15,-31
1977,282.14,26158,319.31,319.16,-0.16,-31.4,-13.3,0.0,0.0,-18.1,-0.0,3740,2658,0,-18,-25
1978,282.31,26147,319.18,319.07,-0.11,-28.5,-9.2,0.0,0.0,-19.3,-0.0,3602,2519,0,-21,-18
1979,282.40,26144,319.14,319.03,-0.11,-28.2,-9.2,0.0,0.0,-19.0,-0.0,3565,2485,0,-21,-17
1980,282.58,26133,319.01,318.94,-0.06,-25.0,-5.1,0.0,0.0,-19.9,-0.0,3427,2340,0,-22,-11
1981,282.66,26128,318.95,318.90,-0.05,-23.1,-4.1,0.0,0.0,-19.0,-0.0,3365,2282,0,-21,-8
1982,282.83,26117,318.81,318.81,0.00,-18.7,0.0,0.0,0.0,-18.7,-0.0,3227,2142,0,-18,-3
1983,283.01,26108,318.70,318.72,0.02,-16.4,2.0,0.0,0.0,-18.4,-0.0,3115,2034,0,-16,0
1984,283.09,26102,318.63,318.68,0.05,-14.9,4.1,0.0,0.0,-19.0,-0.0,3040,1953,0,-14,2
1985,283.27,26089,318.47,318.60,0.12,-8.5,10.2,0.0,0.0,-18.7,-0.0,2877,1788,0,-8,3
1986,283.43,26079,318.35,318.51,0.16,-5.1,13.3,0.0,0.0,-18.4,-0.0,2752,1663,0,-4,3
1987,283.52,26074,318.29,318.47,0.18,-4.3,15.3,0.0,0.0,-19.6,-0.0,2690,1599,0,-3,3
1988,283.70,26061,318.13,318.38,0.26,3.3,21.5,0.0,0.0,-18.1,-0.0,2527,3483,0,2,-3
1989,283.87,26056,318.07,318.29,0.23,0.7,19.4,0.0,0.0,-18.7,-0.0,2465,3431,0,0,-1
1990,283.96,26050,317.99,318.25,0.26,1.6,21.5,0.0,0.0,-19.9,-0.0,2390,3353,0,1,-1
1991,284.13,26041,317.88,318.17,0.28,6.0,23.5,0.0,0.0,-17.5,-0.0,2277,3248,0,2,-6
1992,284.30,26031,317.76,318.08,0.32,7.3,26.6,0.0,0.0,-19.3,-0.0,2152,3119,0,1,-7
1993,284.38,26026,317.70,318.04,0.34,9.9,28.6,0.0,0.0,-18.7,-0.0,2090,3062,0,0,-10
1994,284.56,26015,317.57,317.95,0.38,12.1,31.7,0.0,0.0,-19.6,-0.0,1952,2912,0,-3,-11
1995,284.73,26006,317.46,317.86,0.40,15.3,33.8,0.0,0.0,-18.4,-0.0,1840,2806,0,-6,-14
1996,284.81,26003,317.42,317.82,0.40,14.7,33.8,0.0,0.0,-19.0,-0.0,1802,2768,0,-6,-13
1997,284.99,25994,317.31,317.74,0.43,17.4,35.8,0.0,0.0,-18.4,-0.0,1690,2660,0,-10,-14
1998,285.15,25987,317.22,317.65,0.43,17.4,35.8,0.0,0.0,-18.4,-0.0,1602,2574,0,-12,-12
1999,285.24,25981,317.15,317.61,0.45,17.6,37.8,0.0,0.0,-20.2,-0.0,1527,2496,0,-13,-11
