Sample,Timestamp,Raw Encoder Reading,Measured Motor Steps,Target Motor Steps,Current Error,PID Control Signal,PID P Term,PID I Term,PID D Term,PID V Term,PID A Term,Measured Step Phase,Desired Step Phase,Phase Shift,Coil A Current,Coil B Current
0,0.04,33574,409.84,410.25,0.42,12.5,12.5,0.0,-0.0,-0.0,-0.0,2232,3258,0,3,-12
1,0.19,33573,409.83,410.25,0.43,12.8,12.8,0.0,0.0,-0.0,-0.0,2219,3241,0,3,-12
2,0.35,33571,409.80,410.25,0.45,13.5,13.5,0.0,0.0,-0.0,-0.0,2194,3213,0,3,-13
3,0.52,33571,409.80,410.25,0.45,13.5,13.5,0.0,0.0,-0.0,-0.0,2194,3214,0,3,-13
4,0.68,33572,409.81,410.25,0.44,13.2,13.2,0.0,0.0,-0.0,-0.0,2207,3228,0,3,-12
5,0.76,33575,409.85,410.25,0.40,12.1,12.1,0.0,-0.0,-0.0,-0.0,2244,3273,0,4,-11
6,0.93,33574,409.84,410.25,0.42,12.5,12.5,0.0,-0.0,-0.0,-0.0,2232,3259,0,3,-12
7,1.09,33575,409.85,410.25,0.40,12.1,12.1,0.0,-0.0,-0.0,-0.0,2244,3274,0,4,-11
8,1.18,33576,409.86,410.25,0.39,11.7,11.7,0.0,-0.0,-0.0,-0.0,2257,3289,0,4,-11
9,1.34,33572,409.81,410.25,0.43,12.8,12.8,0.0,-0.0,-0.0,-0.0,2207,3231,0,3,-12
10,1.50,33571,409.80,410.25,0.44,13.2,13.2,0.0,0.0,-0.0,-0.0,2194,3212,0,3,-12
11,1.66,33571,409.80,410.25,0.44,13.2,13.2,0.0,0.0,-0.0,-0.0,2194,3213,0,3,-12
12,1.82,33574,409.84,410.25,0.40,12.1,12.1,0.0,0.0,-0.0,-0.0,2232,3253,0,3,-11
13,1.91,33573,409.83,410.25,0.42,12.5,12.5,0.0,0.0,-0.0,-0.0,2219,3241,0,3,-12
14,2.07,33573,409.83,410.24,0.42,12.5,12.5,0.0,-0.0,-0.0,-0.0,2219,3245,0,3,-12
15,2.23,33572,409.81,410.24,0.43,12.8,12.8,0.0,-0.0,-0.0,-0.0,2207,3232,0,3,-12
16,2.39,33573,409.83,410.24,0.42,12.5,12.5,0.0,0.0,-0.0,-0.0,2219,3243,0,3,-12
17,2.47,33573,409.83,410.24,0.42,12.5,12.5,0.0,0.0,-0.0,-0.0,2219,3242,0,3,-12
18,2.63,33571,409.80,410.24,0.44,13.2,13.2,0.0,0.0,-0.0,-0.0,2194,3215,0,3,-12
19,2.79,33571,409.80,410.24,0.44,13.2,13.2,0.0,0.0,-0.0,-0.0,2194,3215,0,3,-12
20,2.95,33571,409.80,410.24,0.44,13.2,13.2,0.0,0.0,-0.0,-0.0,2194,3216,0,3,-12
21,3.11,33571,409.80,410.24,0.44,13.2,13.2,0.0,0.0,-0.0,-0.0,2194,3215,0,3,-12
22,3.19,33571,409.80,410.24,0.44,13.2,13.2,0.0,0.0,-0.0,-0.0,2194,3218,0,3,-12
23,3.35,33572,409.81,410.24,0.43,12.8,12.8,0.0,-0.0,-0.0,-0.0,2207,3233,0,3,-12
24,3.51,33573,409.83,410.23,0.40,12.1,12.1,0.0,-0.0,-0.0,-0.0,2219,3246,0,3,-11
25,3.67,33575,409.85,410.23,0.38,11.4,11.4,0.0,-0.0,-0.0,-0.0,2244,3274,0,3,-10
26,3.75,33573,409.83,410.23,0.40,12.1,12.1,0.0,-0.0,-0.0,-0.0,2219,3246,0,3,-11
27,3.91,33572,409.81,410.23,0.42,12.5,12.5,0.0,-0.0,-0.0,-0.0,2207,3232,0,3,-12
28,4.07,33572,409.81,410.23,0.42,12.5,12.5,0.0,0.0,-0.0,-0.0,2207,3229,0,3,-12
29,4.25,33572,409.81,410.23,0.42,12.5,12.5,0.0,0.0,-0.0,-0.0,2207,3225,0,3,-12
30,4.33,33572,409.81,410.23,0.42,12.5,12.5,0.0,0.0,-0.0,-0.0,2207,3226,0,3,-12
31,4.50,33572,409.81,410.22,0.42,12.5,12.5,0.0,0.0,-0.0,-0.0,2207,3231,0,3,-12
32,4.66,33572,409.81,410.22,0.40,12.1,12.1,0.0,-0.0,-0.0,-0.0,2207,3231,0,3,-11
33,4.75,33571,409.80,410.22,0.42,12.5,12.5,0.0,0.0,-0.0,-0.0,2194,3216,0,3,-12
34,4.92,33571,409.80,410.22,0.42,12.5,12.5,0.0,0.0,-0.0,-0.0,2194,3217,0,3,-12
35,5.07,33573,409.83,410.22,0.39,11.7,11.7,0.0,-0.0,-0.0,-0.0,2219,3244,0,3,-11
36,5.24,33570,409.79,410.22,0.43,12.8,12.8,0.0,0.0,-0.0,-0.0,2182,3203,0,2,-12
37,5.33,33572,409.81,410.21,0.40,12.1,12.1,0.0,0.0,-0.0,-0.0,2207,3231,0,3,-11
38,5.49,33569,409.78,410.21,0.44,13.2,13.2,0.0,0.0,-0.0,-0.0,2169,3190,0,2,-13
39,5.67,33571,409.80,410.21,0.40,12.1,12.1,0.0,-0.0,-0.0,-0.0,2194,3218,0,3,-11
40,5.75,33572,409.81,410.21,0.39,11.7,11.7,0.0,0.0,-0.0,-0.0,2207,3229,0,3,-11
41,5.92,33573,409.83,410.21,0.38,11.4,11.4,0.0,-0.0,-0.0,-0.0,2219,3248,0,3,-11
42,6.07,33571,409.80,410.20,0.40,12.1,12.1,0.0,0.0,-0.0,-0.0,2194,3217,0,3,-11
43,6.23,33571,409.80,410.20,0.40,12.1,12.1,0.0,-0.0,-0.0,-0.0,2194,3221,0,3,-11
44,6.39,33573,409.83,410.20,0.37,11.0,11.0,0.0,-0.0,-0.0,-0.0,2219,3244,0,3,-10
45,6.47,33572,409.81,410.20,0.38,11.4,11.4,0.0,0.0,-0.0,-0.0,2207,3229,0,3,-11
46,6.65,33571,409.80,410.19,0.39,11.7,11.7,0.0,-0.0,-0.0,-0.0,2194,3218,0,3,-11
47,6.82,33571,409.80,410.19,0.39,11.7,11.7,0.0,-0.0,-0.0,-0.0,2194,3218,0,3,-11
48,6.89,33570,409.79,410.19,0.40,12.1,12.1,0.0,0.0,-0.0,-0.0,2182,3205,0,2,-11
49,7.06,33570,409.79,410.19,0.40,12.1,12.1,0.0,0.0,-0.0,-0.0,2182,3202,0,2,-11
50,7.22,33570,409.79,410.18,0.39,11.7,11.7,0.0,0.0,-0.0,-0.0,2182,3205,0,2,-11
51,7.38,33574,409.84,410.18,0.34,10.2,10.2,0.0,-0.0,-0.0,-0.0,2232,3261,0,3,-10
52,7.47,33575,409.85,410.18,0.33,9.9,9.9,0.0,-0.0,-0.0,-0.0,2244,3274,0,3,-9
53,7.64,33573,409.83,410.18,0.35,10.6,10.6,0.0,-0.0,-0.0,-0.0,2219,3247,0,3,-10
54,7.80,33573,409.83,410.17,0.34,10.2,10.2,0.0,-0.0,-0.0,-0.0,2219,3248,0,3,-10
55,7.96,33573,409.83,410.17,0.34,10.2,10.2,0.0,-0.0,-0.0,-0.0,2219,3244,0,3,-10
56,8.04,33573,409.83,410.17,0.34,10.2,10.2,0.0,0.0,-0.0,-0.0,2219,3241,0,3,-10
57,8.20,33568,409.77,410.17,0.40,12.1,12.1,0.0,0.0,-0.0,-0.0,2157,3173,0,2,-12
58,8.37,33569,409.78,410.16,0.38,11.4,11.4,0.0,0.0,-0.0,-0.0,2169,3187,0,2,-11
59,8.53,33571,409.80,410.16,0.35,10.6,10.6,0.0,0.0,-0.0,-0.0,2194,3215,0,2,-10
60,8.61,33571,409.80,410.16,0.35,10.6,10.6,0.0,0.0,-0.0,-0.0,2194,3215,0,2,-10
61,8.77,33571,409.80,410.15,0.35,10.6,10.6,0.0,-0.0,-0.0,-0.0,2194,3221,0,2,-10
62,8.93,33572,409.81,410.15,0.33,9.9,9.9,0.0,-0.0,-0.0,-0.0,2207,3236,0,2,-9
63,9.10,33569,409.78,410.15,0.37,11.0,11.0,0.0,0.0,-0.0,-0.0,2169,3192,0,2,-10
64,9.18,33569,409.78,410.14,0.37,11.0,11.0,0.0,0.0,-0.0,-0.0,2169,3190,0,2,-10
65,9.34,33570,409.79,410.14,0.35,10.6,10.6,0.0,0.0,-0.0,-0.0,2182,3203,0,2,-10
66,9.51,33571,409.80,410.14,0.33,9.9,9.9,0.0,-0.0,-0.0,-0.0,2194,3216,0,2,-9
67,9.60,33570,409.79,410.13,0.34,10.2,10.2,0.0,0.0,-0.0,-0.0,2182,3203,0,2,-10
68,9.77,33571,409.80,410.13,0.33,9.9,9.9,0.0,-0.0,-0.0,-0.0,2194,3221,0,2,-9
69,9.94,33572,409.81,410.13,0.32,9.5,9.5,0.0,-0.0,-0.0,-0.0,2207,3234,0,2,-9
70,10.10,33570,409.79,410.12,0.33,9.9,9.9,0.0,-0.0,-0.0,-0.0,2182,3206,0,2,-9
71,10.19,33569,409.78,410.12,0.34,10.2,10.2,0.0,0.0,-0.0,-0.0,2169,3190,0,2,-10
72,10.36,33571,409.80,410.12,0.32,9.5,9.5,0.0,-0.0,-0.0,-0.0,2194,3221,0,2,-9
73,10.52,33571,409.80,410.11,0.31,9.2,9.2,0.0,-0.0,-0.0,-0.0,2194,3218,0,2,-9
74,10.61,33570,409.79,410.11,0.32,9.5,9.5,0.0,0.0,-0.0,-0.0,2182,3203,0,2,-9
75,10.77,33570,409.79,410.10,0.32,9.5,9.5,0.0,-0.0,-0.0,-0.0,2182,3206,0,2,-9
76,10.93,33571,409.80,410.10,0.29,8.8,8.8,0.0,-0.0,-0.0,-0.0,2194,3220,0,2,-8
77,11.09,33570,409.79,410.10,0.31,9.2,9.2,0.0,0.0,-0.0,-0.0,2182,3204,0,2,-9
78,11.18,33568,409.77,410.09,0.33,9.9,9.9,0.0,0.0,-0.0,-0.0,2157,3176,0,2,-9
79,11.34,33570,409.79,410.09,0.29,8.8,8.8,0.0,-0.0,-0.0,-0.0,2182,3206,0,2,-8
80,11.51,33570,409.79,410.08,0.29,8.8,8.8,0.0,-0.0,-0.0,-0.0,2182,3206,0,2,-8
81,11.67,33566,409.74,410.08,0.34,10.2,10.2,0.0,0.0,-0.0,-0.0,2132,3147,0,1,-10
82,11.76,33568,409.77,410.08,0.31,9.2,9.2,0.0,0.0,-0.0,-0.0,2157,3178,0,1,-9
83,11.92,33570,409.79,410.07,0.28,8.4,8.4,0.0,-0.0,-0.0,-0.0,2182,3209,0,2,-8
84,12.09,33569,409.78,410.07,0.29,8.8,8.8,0.0,0.0,-0.0,-0.0,2169,3192,0,2,-8
85,12.17,33569,409.78,410.06,0.28,8.4,8.4,0.0,-0.0,-0.0,-0.0,2169,3191,0,1,-8
86,12.34,33569,409.78,410.06,0.28,8.4,8.4,0.0,-0.0,-0.0,-0.0,2169,3198,0,2,-8
87,12.51,33568,409.77,410.05,0.29,8.8,8.8,0.0,0.0,-0.0,-0.0,2157,3178,0,1,-8
88,12.59,33568,409.77,410.05,0.28,8.4,8.4,0.0,0.0,-0.0,-0.0,2157,3178,0,1,-8
89,12.75,33569,409.78,410.05,0.27,8.1,8.1,0.0,-0.0,-0.0,-0.0,2169,3193,0,1,-8
90,12.91,33568,409.77,410.04,0.28,8.4,8.4,0.0,0.0,-0.0,-0.0,2157,3179,0,1,-8
91,13.08,33569,409.78,410.04,0.26,7.7,7.7,0.0,-0.0,-0.0,-0.0,2169,3193,0,1,-7
92,13.17,33569,409.78,410.03,0.26,7.7,7.7,0.0,-0.0,-0.0,-0.0,2169,3195,0,1,-7
93,13.32,33569,409.78,410.03,0.24,7.3,7.3,0.0,-0.0,-0.0,-0.0,2169,3193,0,1,-7
94,13.48,33569,409.78,410.02,0.24,7.3,7.3,0.0,-0.0,-0.0,-0.0,2169,3193,0,1,-7
95,13.65,33569,409.78,410.02,0.24,7.3,7.3,0.0,-0.0,-0.0,-0.0,2169,3195,0,1,-7
96,13.81,33567,409.75,410.01,0.26,7.7,7.7,0.0,0.0,-0.0,-0.0,2144,3165,0,1,-7
97,13.88,33567,409.75,410.01,0.26,7.7,7.7,0.0,0.0,-0.0,-0.0,2144,3165,0,1,-7
98,14.04,33567,409.75,410.00,0.24,7.3,7.3,0.0,0.0,-0.0,-0.0,2144,3165,0,1,-7
99,14.20,33567,409.75,410.00,0.24,7.3,7.3,0.0,0.0,-0.0,-0.0,2144,3165,0,1,-7
100,14.36,33568,409.77,409.99,0.22,6.6,6.6,0.0,-0.0,-0.0,-0.0,2157,3183,0,1,-6
101,14.52,33568,409.77,409.99,0.22,6.6,6.6,0.0,-0.0,-0.0,-0.0,2157,3183,0,1,-6
102,14.60,33568,409.77,409.98,0.22,6.6,6.6,0.0,-0.0,-0.0,-0.0,2157,3181,0,1,-6
103,14.77,33568,409.77,409.98,0.21,6.2,6.2,0.0,-0.0,-0.0,-0.0,2157,3183,0,1,-6
104,14.92,33569,409.78,409.97,0.20,5.9,5.9,0.0,-0.0,-0.0,-0.0,2169,3193,0,1,-6
105,15.08,33567,409.75,409.96,0.21,6.2,6.2,0.0,-0.0,-0.0,-0.0,2144,3166,0,1,-6
106,15.17,33567,409.75,409.96,0.21,6.2,6.2,0.0,-0.0,-0.0,-0.0,2144,3166,0,1,-6
107,15.33,33568,409.77,409.96,0.20,5.9,5.9,0.0,-0.0,-0.0,-0.0,2157,3181,0,1,-6
108,15.48,33566,409.74,409.95,0.21,6.2,6.2,0.0,0.0,-0.0,-0.0,2132,3153,0,1,-6
109,15.64,33566,409.74,409.94,0.21,6.2,6.2,0.0,0.0,-0.0,-0.0,2132,3153,0,1,-6
110,15.80,33566,409.74,409.94,0.20,5.9,5.9,0.0,-0.0,-0.0,-0.0,2132,3155,0,1,-6
111,15.88,33566,409.74,409.93,0.20,5.9,5.9,0.0,0.0,-0.0,-0.0,2132,3153,0,1,-6
112,16.05,33567,409.75,409.93,0.17,5.1,5.1,0.0,-0.0,-0.0,-0.0,2144,3170,0,1,-5
113,16.21,33564,409.72,409.92,0.21,6.2,6.2,0.0,0.0,-0.0,-0.0,2107,3128,0,1,-6
114,16.38,33566,409.74,409.91,0.17,5.1,5.1,0.0,-0.0,-0.0,-0.0,2132,3156,0,1,-5
115,16.46,33566,409.74,409.91,0.17,5.1,5.1,0.0,-0.0,-0.0,-0.0,2132,3156,0,1,-5
116,16.62,33566,409.74,409.90,0.16,4.8,4.8,0.0,-0.0,-0.0,-0.0,2132,3156,0,1,-5
117,16.78,33565,409.73,409.90,0.17,5.1,5.1,0.0,-0.0,-0.0,-0.0,2119,3143,0,1,-5
118,16.93,33565,409.73,409.89,0.16,4.8,4.8,0.0,-0.0,-0.0,-0.0,2119,3143,0,1,-5
119,17.01,33566,409.74,409.89,0.15,4.4,4.4,0.0,-0.0,-0.0,-0.0,2132,3156,0,1,-4
120,17.19,33565,409.73,409.88,0.15,4.4,4.4,0.0,-0.0,-0.0,-0.0,2119,3141,0,0,-4
121,17.35,33567,409.75,409.87,0.12,3.7,3.7,0.0,-0.0,-0.0,-0.0,2144,3171,0,1,-4
122,17.52,33567,409.75,409.87,0.11,3.3,3.3,0.0,-0.0,-0.0,-0.0,2144,3171,0,0,-3
123,17.60,33564,409.72,409.86,0.15,4.4,4.4,0.0,-0.0,-0.0,-0.0,2107,3130,0,0,-4
124,17.77,33564,409.72,409.85,0.13,4.0,4.0,0.0,-0.0,-0.0,-0.0,2107,3130,0,0,-4
125,17.93,33567,409.75,409.85,0.10,2.9,2.9,0.0,-0.0,-0.0,-0.0,2144,3171,0,0,-3
126,18.09,33565,409.73,409.84,0.11,3.3,3.3,0.0,0.0,-0.0,-0.0,2119,3140,0,0,-3
127,18.17,33561,409.68,409.84,0.16,4.8,4.8,0.0,0.0,-0.0,-0.0,2069,3084,0,0,-5
128,18.34,33565,409.73,409.83,0.10,2.9,2.9,0.0,-0.0,-0.0,-0.0,2119,3145,0,0,-3
129,18.50,33564,409.72,409.82,0.11,3.3,3.3,0.0,0.0,-0.0,-0.0,2107,3128,0,0,-3
130,18.66,33565,409.73,409.81,0.09,2.6,2.6,0.0,-0.0,-0.0,-0.0,2119,3142,0,0,-2
131,18.75,33565,409.73,409.81,0.09,2.6,2.6,0.0,-0.0,-0.0,-0.0,2119,3143,0,0,-2
132,18.91,33565,409.73,409.80,0.07,2.2,2.2,0.0,-0.0,-0.0,-0.0,2119,3146,0,0,-2
133,19.07,33564,409.72,409.79,0.07,2.2,2.2,0.0,-0.0,-0.0,-0.0,2107,3130,0,0,-2
134,19.23,33563,409.70,409.79,0.09,2.6,2.6,0.0,-0.0,-0.0,-0.0,2094,3117,0,0,-2
135,19.31,33564,409.72,409.78,0.06,1.8,1.8,0.0,-0.0,-0.0,-0.0,2107,3129,0,0,-2
136,19.47,33565,409.73,409.78,0.05,1.5,1.5,0.0,-0.0,-0.0,-0.0,2119,3143,0,0,-1
137,19.63,33566,409.74,409.77,0.02,0.7,0.7,0.0,-0.0,-0.0,-0.0,2132,3158,0,0,-1
138,19.79,33566,409.74,409.76,0.01,0.4,0.4,0.0,-0.0,-0.0,-0.0,2132,3161,0,0,0
139,19.88,33566,409.74,409.75,0.01,0.4,0.4,0.0,-0.0,-0.0,-0.0,2132,3161,0,0,0
140,20.04,33566,409.74,409.75,0.00,0.0,0.0,0.0,-0.0,-0.0,-0.0,2132,3159,0,0,0
141,20.21,33563,409.70,409.74,0.04,1.1,1.1,0.0,0.0,-0.0,-0.0,2094,3113,0,0,-1
142,20.37,33564,409.72,409.73,0.01,0.4,0.4,0.0,-0.0,-0.0,-0.0,2107,3128,0,0,0
143,20.46,33565,409.73,409.73,0.00,0.0,0.0,0.0,-0.0,-0.0,-0.0,2119,3141,0,0,0
144,20.62,33563,409.70,409.72,0.01,0.4,0.4,0.0,0.0,-0.0,-0.0,2094,3113,0,0,0
145,20.78,33566,409.74,409.71,-0.04,-1.1,-1.1,0.0,-0.0,-0.0,-0.0,2132,1111,0,0,1
146,20.87,33566,409.74,409.70,-0.04,-1.1,-1.1,0.0,-0.0,-0.0,-0.0,2132,1113,0,0,1
147,21.03,33566,409.74,409.70,-0.05,-1.5,-1.5,0.0,-0.0,-0.0,-0.0,2132,1111,0,0,1
148,21.19,33566,409.74,409.69,-0.05,-1.5,-1.5,0.0,-0.0,-0.0,-0.0,2132,1112,0,0,1
149,21.35,33566,409.74,409.68,-0.06,-1.8,-1.8,0.0,-0.0,-0.0,-0.0,2132,1110,0,0,2
150,21.51,33567,409.75,409.67,-0.09,-2.6,-2.6,0.0,-0.0,-0.0,-0.0,2144,1122,0,0,2
151,21.59,33567,409.75,409.67,-0.09,-2.6,-2.6,0.0,-0.0,-0.0,-0.0,2144,1121,0,0,2
152,21.75,33567,409.75,409.66,-0.10,-2.9,-2.9,0.0,-0.0,-0.0,-0.0,2144,1122,0,0,3
153,21.90,33567,409.75,409.65,-0.11,-3.3,-3.3,0.0,-0.0,-0.0,-0.0,2144,1122,0,0,3
154,22.07,33568,409.77,409.64,-0.12,-3.7,-3.7,0.0,-0.0,-0.0,-0.0,2157,1135,0,-1,3
155,22.23,33566,409.74,409.63,-0.11,-3.3,-3.3,0.0,-0.0,-0.0,-0.0,2132,1106,0,0,3
156,22.31,33566,409.74,409.63,-0.11,-3.3,-3.3,0.0,-0.0,-0.0,-0.0,2132,1106,0,0,3
157,22.47,33566,409.74,409.62,-0.12,-3.7,-3.7,0.0,-0.0,-0.0,-0.0,2132,1106,0,0,4
158,22.62,33566,409.74,409.61,-0.13,-4.0,-4.0,0.0,-0.0,-0.0,-0.0,2132,1105,0,0,4
159,22.79,33566,409.74,409.60,-0.15,-4.4,-4.4,0.0,-0.0,-0.0,-0.0,2132,1108,0,-1,4
160,22.87,33565,409.73,409.59,-0.13,-4.0,-4.0,0.0,-0.0,-0.0,-0.0,2119,1093,0,0,4
161,23.04,33564,409.72,409.58,-0.13,-4.0,-4.0,0.0,-0.0,-0.0,-0.0,2107,1080,0,0,4
162,23.20,33564,409.72,409.58,-0.15,-4.4,-4.4,0.0,-0.0,-0.0,-0.0,2107,1080,0,0,4
163,23.36,33564,409.72,409.57,-0.15,-4.4,-4.4,0.0,-0.0,-0.0,-0.0,2107,1080,0,0,4
164,23.44,33564,409.72,409.56,-0.16,-4.8,-4.8,0.0,-0.0,-0.0,-0.0,2107,1080,0,0,5
165,23.60,33567,409.75,409.55,-0.20,-5.9,-5.9,0.0,-0.0,-0.0,-0.0,2144,1124,0,-1,6
166,23.77,33566,409.74,409.54,-0.20,-5.9,-5.9,0.0,-0.0,-0.0,-0.0,2132,1111,0,-1,6
167,23.93,33564,409.72,409.53,-0.18,-5.5,-5.5,0.0,-0.0,-0.0,-0.0,2107,1083,0,0,5
168,24.02,33564,409.72,409.53,-0.18,-5.5,-5.5,0.0,-0.0,-0.0,-0.0,2107,1083,0,0,5
169,24.17,33566,409.74,409.52,-0.22,-6.6,-6.6,0.0,-0.0,-0.0,-0.0,2132,1110,0,-1,6
170,24.34,33564,409.72,409.51,-0.21,-6.2,-6.2,0.0,0.0,-0.0,-0.0,2107,1078,0,0,6
171,24.51,33564,409.72,409.50,-0.22,-6.6,-6.6,0.0,-0.0,-0.0,-0.0,2107,1083,0,-1,6
172,24.59,33564,409.72,409.49,-0.22,-6.6,-6.6,0.0,-0.0,-0.0,-0.0,2107,1083,0,-1,6
173,24.75,33567,409.75,409.48,-0.27,-8.1,-8.1,0.0,-0.0,-0.0,-0.0,2144,1124,0,-1,8
174,24.93,33567,409.75,409.47,-0.28,-8.4,-8.4,0.0,-0.0,-0.0,-0.0,2144,1122,0,-1,8
175,25.08,33566,409.74,409.46,-0.28,-8.4,-8.4,0.0,-0.0,-0.0,-0.0,2132,1111,0,-1,8
176,25.17,33566,409.74,409.46,-0.28,-8.4,-8.4,0.0,-0.0,-0.0,-0.0,2132,1111,0,-1,8
177,25.33,33566,409.74,409.45,-0.29,-8.8,-8.8,0.0,-0.0,-0.0,-0.0,2132,1109,0,-1,8
178,25.49,33565,409.73,409.44,-0.29,-8.8,-8.8,0.0,-0.0,-0.0,-0.0,2119,1092,0,-1,8
179,25.65,33567,409.75,409.43,-0.33,-9.9,-9.9,0.0,-0.0,-0.0,-0.0,2144,1123,0,-1,9
180,25.73,33564,409.72,409.42,-0.29,-8.8,-8.8,0.0,-0.0,-0.0,-0.0,2107,1080,0,-1,8
181,25.89,33564,409.72,409.41,-0.31,-9.2,-9.2,0.0,-0.0,-0.0,-0.0,2107,1080,0,-1,9
182,26.05,33566,409.74,409.40,-0.34,-10.2,-10.2,0.0,-0.0,-0.0,-0.0,2132,1110,0,-1,10
183,26.21,33566,409.74,409.39,-0.35,-10.6,-10.6,0.0,-0.0,-0.0,-0.0,2132,1106,0,-1,10
184,26.30,33567,409.75,409.38,-0.37,-11.0,-11.0,0.0,-0.0,-0.0,-0.0,2144,1120,0,-2,11
185,26.47,33566,409.74,409.37,-0.37,-11.0,-11.0,0.0,-0.0,-0.0,-0.0,2132,1111,0,-1,11
186,26.63,33564,409.72,409.36,-0.35,-10.6,-10.6,0.0,-0.0,-0.0,-0.0,2107,1082,0,-1,10
187,26.80,33563,409.70,409.35,-0.35,-10.6,-10.6,0.0,-0.0,-0.0,-0.0,2094,1065,0,-1,10
188,26.89,33564,409.72,409.34,-0.37,-11.0,-11.0,0.0,-0.0,-0.0,-0.0,2107,1080,0,-1,11
189,27.05,33563,409.70,409.33,-0.37,-11.0,-11.0,0.0,0.0,-0.0,-0.0,2094,1066,0,-1,11
190,27.21,33562,409.69,409.32,-0.37,-11.0,-11.0,0.0,0.0,-0.0,-0.0,2082,1054,0,0,11
191,27.30,33562,409.69,409.32,-0.38,-11.4,-11.4,0.0,-0.0,-0.0,-0.0,2082,1055,0,-1,11
192,27.47,33564,409.72,409.31,-0.42,-12.5,-12.5,0.0,-0.0,-0.0,-0.0,2107,1084,0,-1,12
193,27.63,33565,409.73,409.29,-0.44,-13.2,-13.2,0.0,-0.0,-0.0,-0.0,2119,1096,0,-1,13
194,27.71,33564,409.72,409.29,-0.43,-12.8,-12.8,0.0,-0.0,-0.0,-0.0,2107,1085,0,-1,12
195,27.88,33563,409.70,409.28,-0.43,-12.8,-12.8,0.0,-0.0,-0.0,-0.0,2094,1071,0,-1,12
196,28.04,33564,409.72,409.27,-0.45,-13.5,-13.5,0.0,-0.0,-0.0,-0.0,2107,1083,0,-1,13
197,28.20,33562,409.69,409.25,-0.44,-13.2,-13.2,0.0,-0.0,-0.0,-0.0,2082,1055,0,-1,13
198,28.29,33562,409.69,409.25,-0.44,-13.2,-13.2,0.0,0.0,-0.0,-0.0,2082,1053,0,-1,13
199,28.45,33562,409.69,409.24,-0.45,-13.5,-13.5,0.0,-0.0,-0.0,-0.0,2082,1057,0,-1,13
200,28.61,33560,409.67,409.23,-0.44,-13.2,-13.2,0.0,-0.0,-0.0,-0.0,2057,1028,0,0,13
201,28.78,33558,409.64,409.21,-0.43,-12.8,-12.8,0.0,0.0,-0.0,-0.0,2032,1002,0,0,12
202,28.93,33560,409.67,409.20,-0.46,-13.9,-13.9,0.0,-0.0,-0.0,-0.0,2057,1030,0,0,13
203,29.01,33560,409.67,409.20,-0.48,-14.3,-14.3,0.0,-0.0,-0.0,-0.0,2057,1030,0,0,14
204,29.18,33557,409.63,409.18,-0.45,-13.5,-13.5,0.0,0.0,-0.0,-0.0,2019,989,0,1,13
205,29.34,33557,409.63,409.17,-0.46,-13.9,-13.9,0.0,-0.0,-0.0,-0.0,2019,994,0,1,13
206,29.43,33558,409.64,409.17,-0.48,-14.3,-14.3,0.0,-0.0,-0.0,-0.0,2032,1008,0,0,14
207,29.59,33560,409.67,409.15,-0.51,-15.4,-15.4,0.0,-0.0,-0.0,-0.0,2057,1033,0,0,15
208,29.75,33558,409.64,409.14,-0.50,-15.0,-15.0,0.0,-0.0,-0.0,-0.0,2032,1005,0,0,15
209,29.92,33556,409.62,409.13,-0.49,-14.6,-14.6,0.0,-0.0,-0.0,-0.0,2007,982,0,1,14
210,30.00,33557,409.63,409.12,-0.51,-15.4,-15.4,0.0,-0.0,-0.0,-0.0,2019,995,0,1,15
211,30.16,33556,409.62,409.11,-0.51,-15.4,-15.4,0.0,-0.0,-0.0,-0.0,2007,978,0,1,15
212,30.32,33553,409.58,409.10,-0.49,-14.6,-14.6,0.0,0.0,-0.0,-0.0,1969,937,0,2,14
213,30.48,33555,409.61,409.09,-0.52,-15.8,-15.8,0.0,-0.0,-0.0,-0.0,1994,968,0,1,15
214,30.57,33552,409.57,409.08,-0.49,-14.6,-14.6,0.0,0.0,-0.0,-0.0,1957,927,0,2,14
215,30.74,33552,409.57,409.07,-0.50,-15.0,-15.0,0.0,0.0,-0.0,-0.0,1957,925,0,2,14
216,30.90,33551,409.56,409.05,-0.50,-15.0,-15.0,0.0,-0.0,-0.0,-0.0,1944,917,0,2,14
217,31.06,33551,409.56,409.04,-0.51,-15.4,-15.4,0.0,-0.0,-0.0,-0.0,1944,917,0,2,15
218,31.22,33547,409.51,409.03,-0.48,-14.3,-14.3,0.0,0.0,-0.0,-0.0,1894,862,0,3,13
219,31.31,33547,409.51,409.02,-0.49,-14.6,-14.6,0.0,0.0,-0.0,-0.0,1894,862,0,3,14
220,31.47,33550,409.55,409.01,-0.54,-16.1,-16.1,0.0,-0.0,-0.0,-0.0,1932,905,0,3,15
221,31.63,33545,409.48,409.00,-0.49,-14.6,-14.6,0.0,0.0,-0.0,-0.0,1869,836,0,4,14
222,31.72,33544,409.47,408.99,-0.48,-14.3,-14.3,0.0,0.0,-0.0,-0.0,1857,822,0,4,13
223,31.89,33542,409.45,408.98,-0.48,-14.3,-14.3,0.0,0.0,-0.0,-0.0,1832,800,0,5,13
224,32.05,33542,409.45,408.96,-0.49,-14.6,-14.6,0.0,0.0,-0.0,-0.0,1832,798,0,5,13
225,32.21,33541,409.44,408.95,-0.49,-14.6,-14.6,0.0,0.0,-0.0,-0.0,1819,785,0,5,13
226,32.29,33541,409.44,408.94,-0.49,-14.6,-14.6,0.0,0.0,-0.0,-0.0,1819,789,0,5,13
227,32.45,33542,409.45,408.93,-0.51,-15.4,-15.4,0.0,-0.0,-0.0,-0.0,1832,808,0,5,14
228,32.60,33537,409.39,408.92,-0.46,-13.9,-13.9,0.0,0.0,-0.0,-0.0,1769,737,0,6,12
229,32.77,33537,409.39,408.91,-0.48,-14.3,-14.3,0.0,0.0,-0.0,-0.0,1769,739,0,6,13
230,32.93,33535,409.36,408.89,-0.46,-13.9,-13.9,0.0,0.0,-0.0,-0.0,1744,711,0,6,12
231,33.01,33535,409.36,408.89,-0.48,-14.3,-14.3,0.0,0.0,-0.0,-0.0,1744,709,0,6,12
232,33.17,33533,409.34,408.87,-0.46,-13.9,-13.9,0.0,0.0,-0.0,-0.0,1719,686,0,7,12
233,33.34,33533,409.34,408.86,-0.48,-14.3,-14.3,0.0,0.0,-0.0,-0.0,1719,689,0,7,12
234,33.49,33534,409.35,408.85,-0.50,-15.0,-15.0,0.0,-0.0,-0.0,-0.0,1732,704,0,7,13
235,33.58,33534,409.35,408.84,-0.51,-15.4,-15.4,0.0,-0.0,-0.0,-0.0,1732,706,0,7,13
236,33.74,33531,409.31,408.83,-0.49,-14.6,-14.6,0.0,0.0,-0.0,-0.0,1694,664,0,7,12
237,33.90,33529,409.29,408.81,-0.48,-14.3,-14.3,0.0,0.0,-0.0,-0.0,1669,639,0,8,11
238,34.07,33530,409.30,408.80,-0.50,-15.0,-15.0,0.0,-0.0,-0.0,-0.0,1682,654,0,8,12
239,34.15,33529,409.29,408.79,-0.50,-15.0,-15.0,0.0,0.0,-0.0,-0.0,1669,637,0,8,12
240,34.31,33529,409.29,408.78,-0.51,-15.4,-15.4,0.0,-0.0,-0.0,-0.0,1669,642,0,8,12
241,34.46,33527,409.27,408.76,-0.50,-15.0,-15.0,0.0,-0.0,-0.0,-0.0,1644,616,0,9,12
242,34.63,33527,409.27,408.75,-0.51,-15.4,-15.4,0.0,-0.0,-0.0,-0.0,1644,617,0,9,12
243,34.71,33526,409.25,408.74,-0.51,-15.4,-15.4,0.0,-0.0,-0.0,-0.0,1632,602,0,9,12
244,34.88,33525,409.24,408.73,-0.51,-15.4,-15.4,0.0,-0.0,-0.0,-0.0,1619,589,0,9,12
245,35.05,33527,409.27,408.71,-0.55,-16.5,-16.5,0.0,-0.0,-0.0,-0.0,1644,617,0,9,13
246,35.14,33527,409.27,408.70,-0.56,-16.8,-16.8,0.0,-0.0,-0.0,-0.0,1644,620,0,9,13
247,35.29,33528,409.28,408.69,-0.59,-17.6,-17.6,0.0,-0.0,-0.0,-0.0,1657,635,0,10,14
248,35.47,33526,409.25,408.68,-0.57,-17.2,-17.2,0.0,-0.0,-0.0,-0.0,1632,610,0,10,13
249,35.62,33528,409.28,408.66,-0.61,-18.3,-18.3,0.0,-0.0,-0.0,-0.0,1657,637,0,10,15
250,35.71,33526,409.25,408.65,-0.60,-17.9,-17.9,0.0,-0.0,-0.0,-0.0,1632,606,0,10,14
251,35.87,33525,409.24,408.64,-0.60,-17.9,-17.9,0.0,-0.0,-0.0,-0.0,1619,592,0,11,14
252,36.03,33525,409.24,408.63,-0.61,-18.3,-18.3,0.0,-0.0,-0.0,-0.0,1619,593,0,11,14
253,36.19,33523,409.22,408.61,-0.61,-18.3,-18.3,0.0,-0.0,-0.0,-0.0,1594,564,0,12,14
254,36.35,33522,409.20,408.60,-0.61,-18.3,-18.3,0.0,-0.0,-0.0,-0.0,1582,552,0,12,13
255,36.44,33524,409.23,408.59,-0.63,-19.0,-19.0,0.0,-0.0,-0.0,-0.0,1607,581,0,12,14
256,36.61,33527,409.27,408.57,-0.70,-20.9,-20.9,0.0,-0.0,-0.0,-0.0,1644,623,0,12,17
257,36.78,33523,409.22,408.56,-0.66,-19.8,-19.8,0.0,-0.0,-0.0,-0.0,1594,568,0,12,15
258,36.85,33525,409.24,408.55,-0.70,-20.9,-20.9,0.0,-0.0,-0.0,-0.0,1619,598,0,12,16
259,37.03,33522,409.20,408.53,-0.67,-20.1,-20.1,0.0,-0.0,-0.0,-0.0,1582,558,0,13,15
260,37.19,33523,409.22,408.52,-0.70,-20.9,-20.9,0.0,-0.0,-0.0,-0.0,1594,566,0,13,15
261,37.35,33520,409.18,408.50,-0.67,-20.1,-20.1,0.0,0.0,-0.0,-0.0,1557,526,0,13,14
262,37.44,33519,409.17,408.50,-0.67,-20.1,-20.1,0.0,-0.0,-0.0,-0.0,1544,514,0,14,14
263,37.60,33521,409.19,408.48,-0.71,-21.2,-21.2,0.0,-0.0,-0.0,-0.0,1569,539,0,14,15
264,37.76,33522,409.20,408.47,-0.74,-22.3,-22.3,0.0,-0.0,-0.0,-0.0,1582,558,0,14,16
265,37.92,33520,409.18,408.45,-0.73,-22.0,-22.0,0.0,-0.0,-0.0,-0.0,1557,530,0,15,15
266,38.00,33521,409.19,408.44,-0.74,-22.3,-22.3,0.0,-0.0,-0.0,-0.0,1569,547,0,14,16
267,38.18,33520,409.18,408.43,-0.76,-22.7,-22.7,0.0,-0.0,-0.0,-0.0,1557,531,0,15,16
268,38.35,33517,409.14,408.41,-0.73,-22.0,-22.0,0.0,-0.0,-0.0,-0.0,1519,489,0,16,15
269,38.44,33516,409.13,408.40,-0.73,-22.0,-22.0,0.0,0.0,-0.0,-0.0,1507,473,0,16,14
270,38.61,33516,409.13,408.38,-0.74,-22.3,-22.3,0.0,-0.0,-0.0,-0.0,1507,477,0,16,14
271,38.76,33516,409.13,408.37,-0.76,-22.7,-22.7,0.0,0.0,-0.0,-0.0,1507,475,0,16,15
272,38.92,33515,409.12,408.35,-0.77,-23.1,-23.1,0.0,-0.0,-0.0,-0.0,1494,464,0,17,15
273,39.00,33514,409.11,408.35,-0.76,-22.7,-22.7,0.0,-0.0,-0.0,-0.0,1482,453,0,17,14
274,39.17,33512,409.08,408.33,-0.76,-22.7,-22.7,0.0,-0.0,-0.0,-0.0,1457,427,0,17,13
275,39.34,33512,409.08,408.31,-0.77,-23.1,-23.1,0.0,-0.0,-0.0,-0.0,1457,427,0,18,14
276,39.43,33512,409.08,408.30,-0.78,-23.4,-23.4,0.0,-0.0,-0.0,-0.0,1457,427,0,18,14
277,39.59,33512,409.08,408.29,-0.79,-23.8,-23.8,0.0,-0.0,-0.0,-0.0,1457,429,0,18,14
278,39.75,33508,409.03,408.27,-0.76,-22.7,-22.7,0.0,0.0,-0.0,-0.0,1407,375,0,18,12
279,39.90,33508,409.03,408.26,-0.78,-23.4,-23.4,0.0,-0.0,-0.0,-0.0,1407,377,0,19,12
280,40.07,33506,409.01,408.24,-0.77,-23.1,-23.1,0.0,0.0,-0.0,-0.0,1382,348,0,19,11
281,40.15,33506,409.01,408.23,-0.78,-23.4,-23.4,0.0,0.0,-0.0,-0.0,1382,349,0,20,12
282,40.31,33503,408.97,408.22,-0.76,-22.7,-22.7,0.0,0.0,-0.0,-0.0,1344,313,0,20,10
283,40.48,33499,408.92,408.20,-0.72,-21.6,-21.6,0.0,0.0,-0.0,-0.0,1294,256,0,19,8
284,40.57,33498,408.91,408.19,-0.72,-21.6,-21.6,0.0,0.0,-0.0,-0.0,1282,242,0,20,8
285,40.73,33496,408.89,408.17,-0.71,-21.2,-21.2,0.0,0.0,-0.0,-0.0,1257,218,0,19,7
286,40.90,33496,408.89,408.16,-0.73,-22.0,-22.0,0.0,0.0,-0.0,-0.0,1257,218,0,20,7
287,40.98,33495,408.87,408.15,-0.73,-22.0,-22.0,0.0,0.0,-0.0,-0.0,1244,208,0,20,7
288,41.14,33495,408.87,408.13,-0.74,-22.3,-22.3,0.0,-0.0,-0.0,-0.0,1244,214,0,20,7
289,41.31,33493,408.85,408.11,-0.73,-22.0,-22.0,0.0,0.0,-0.0,-0.0,1219,187,0,20,6
290,41.47,33491,408.83,408.10,-0.73,-22.0,-22.0,0.0,-0.0,-0.0,-0.0,1194,163,0,21,5
291,41.56,33491,408.83,408.09,-0.73,-22.0,-22.0,0.0,0.0,-0.0,-0.0,1194,162,0,21,5
292,41.72,33487,408.78,408.07,-0.71,-21.2,-21.2,0.0,0.0,-0.0,-0.0,1144,108,0,20,3
293,41.90,33484,408.74,408.05,-0.68,-20.5,-20.5,0.0,0.0,-0.0,-0.0,1107,68,0,20,2
294,42.05,33483,408.73,408.04,-0.70,-20.9,-20.9,0.0,0.0,-0.0,-0.0,1094,56,0,20,2
295,42.13,33483,408.73,408.03,-0.70,-20.9,-20.9,0.0,0.0,-0.0,-0.0,1094,58,0,20,2
296,42.29,33481,408.70,408.01,-0.70,-20.9,-20.9,0.0,0.0,-0.0,-0.0,1069,31,0,20,1
297,42.45,33478,408.67,408.00,-0.67,-20.1,-20.1,0.0,0.0,-0.0,-0.0,1032,4093,0,20,0
298,42.61,33474,408.62,407.98,-0.63,-19.0,-19.0,0.0,0.0,-0.0,-0.0,982,4039,0,18,-2
299,42.70,33474,408.62,407.97,-0.65,-19.4,-19.4,0.0,0.0,-0.0,-0.0,982,4039,0,19,-2
300,42.87,33473,408.61,407.95,-0.66,-19.8,-19.8,0.0,0.0,-0.0,-0.0,969,4031,0,19,-2
301,43.03,33467,408.53,407.93,-0.60,-17.9,-17.9,0.0,0.0,-0.0,-0.0,894,3947,0,17,-4
302,43.19,33467,408.53,407.92,-0.62,-18.7,-18.7,0.0,0.0,-0.0,-0.0,894,3952,0,18,-4
303,43.29,33464,408.50,407.91,-0.59,-17.6,-17.6,0.0,0.0,-0.0,-0.0,857,3913,0,16,-5
304,43.46,33462,408.47,407.89,-0.59,-17.6,-17.6,0.0,0.0,-0.0,-0.0,832,3887,0,16,-5
305,43.61,33458,408.42,407.87,-0.55,-16.5,-16.5,0.0,0.0,-0.0,-0.0,782,3834,0,15,-6
306,43.70,33458,408.42,407.86,-0.56,-16.8,-16.8,0.0,0.0,-0.0,-0.0,782,3840,0,15,-6
307,43.86,33458,408.42,407.84,-0.57,-17.2,-17.2,0.0,0.0,-0.0,-0.0,782,3841,0,15,-6
308,44.02,33453,408.36,407.83,-0.54,-16.1,-16.1,0.0,0.0,-0.0,-0.0,719,3775,0,14,-7
309,44.19,33449,408.31,407.81,-0.51,-15.4,-15.4,0.0,0.0,-0.0,-0.0,669,3724,0,13,-8
310,44.28,33450,408.33,407.80,-0.52,-15.8,-15.8,0.0,0.0,-0.0,-0.0,682,3742,0,13,-8
311,44.44,33448,408.30,407.78,-0.52,-15.8,-15.8,0.0,0.0,-0.0,-0.0,657,3714,0,13,-8
312,44.61,33445,408.26,407.76,-0.50,-15.0,-15.0,0.0,0.0,-0.0,-0.0,619,3675,0,12,-9
313,44.77,33443,408.24,407.74,-0.50,-15.0,-15.0,0.0,0.0,-0.0,-0.0,594,3657,0,11,-9
314,44.85,33442,408.23,407.73,-0.49,-14.6,-14.6,0.0,0.0,-0.0,-0.0,582,3644,0,11,-9
315,45.00,33438,408.18,407.72,-0.46,-13.9,-13.9,0.0,0.0,-0.0,-0.0,532,3589,0,10,-9
316,45.16,33438,408.18,407.70,-0.48,-14.3,-14.3,0.0,0.0,-0.0,-0.0,532,3591,0,10,-10
317,45.32,33436,408.15,407.68,-0.48,-14.3,-14.3,0.0,0.0,-0.0,-0.0,507,3568,0,10,-10
318,45.47,33431,408.09,407.66,-0.43,-12.8,-12.8,0.0,0.0,-0.0,-0.0,444,3499,0,8,-10
319,45.56,33431,408.09,407.65,-0.44,-13.2,-13.2,0.0,0.0,-0.0,-0.0,444,3503,0,8,-10
320,45.72,33431,408.09,407.63,-0.46,-13.9,-13.9,0.0,0.0,-0.0,-0.0,444,3505,0,8,-11
321,45.89,33425,408.02,407.61,-0.40,-12.1,-12.1,0.0,0.0,-0.0,-0.0,369,3421,0,6,-10
322,45.98,33425,408.02,407.60,-0.42,-12.5,-12.5,0.0,0.0,-0.0,-0.0,369,3423,0,6,-10
323,46.13,33426,408.03,407.59,-0.44,-13.2,-13.2,0.0,-0.0,-0.0,-0.0,382,3447,0,7,-11
324,46.30,33421,407.97,407.57,-0.40,-12.1,-12.1,0.0,0.0,-0.0,-0.0,319,3376,0,5,-10
325,46.46,33420,407.96,407.55,-0.42,-12.5,-12.5,0.0,0.0,-0.0,-0.0,307,3367,0,5,-11
326,46.62,33419,407.95,407.53,-0.42,-12.5,-12.5,0.0,0.0,-0.0,-0.0,294,3357,0,5,-11
327,46.71,33417,407.92,407.52,-0.40,-12.1,-12.1,0.0,0.0,-0.0,-0.0,269,3327,0,4,-11
328,46.87,33416,407.91,407.50,-0.42,-12.5,-12.5,0.0,0.0,-0.0,-0.0,257,3318,0,4,-11
329,47.03,33415,407.90,407.48,-0.42,-12.5,-12.5,0.0,-0.0,-0.0,-0.0,244,3308,0,4,-11
330,47.12,33415,407.90,407.47,-0.43,-12.8,-12.8,0.0,-0.0,-0.0,-0.0,244,3308,0,4,-12
331,47.29,33411,407.85,407.45,-0.39,-11.7,-11.7,0.0,0.0,-0.0,-0.0,194,3254,0,3,-11
332,47.46,33411,407.85,407.43,-0.42,-12.5,-12.5,0.0,-0.0,-0.0,-0.0,194,3258,0,3,-12
333,47.55,33411,407.85,407.42,-0.43,-12.8,-12.8,0.0,-0.0,-0.0,-0.0,194,3258,0,3,-12
334,47.71,33411,407.85,407.40,-0.45,-13.5,-13.5,0.0,-0.0,-0.0,-0.0,194,3260,0,4,-13
335,47.88,33406,407.79,407.38,-0.40,-12.1,-12.1,0.0,0.0,-0.0,-0.0,132,3193,0,2,-12
336,48.05,33401,407.73,407.36,-0.37,-11.0,-11.0,0.0,0.0,-0.0,-0.0,69,3126,0,1,-11
337,48.13,33401,407.73,407.35,-0.38,-11.4,-11.4,0.0,0.0,-0.0,-0.0,69,3127,0,1,-11
338,48.29,33401,407.73,407.33,-0.39,-11.7,-11.7,0.0,0.0,-0.0,-0.0,69,3126,0,1,-11
339,48.45,33400,407.71,407.31,-0.40,-12.1,-12.1,0.0,0.0,-0.0,-0.0,57,3115,0,1,-12
340,48.62,33401,407.73,407.29,-0.44,-13.2,-13.2,0.0,-0.0,-0.0,-0.0,69,3138,0,1,-13
341,48.71,33399,407.70,407.28,-0.42,-12.5,-12.5,0.0,-0.0,-0.0,-0.0,44,3113,0,1,-12
342,48.87,33397,407.68,407.26,-0.42,-12.5,-12.5,0.0,-0.0,-0.0,-0.0,19,3085,0,0,-12
343,49.03,33397,407.68,407.24,-0.44,-13.2,-13.2,0.0,-0.0,-0.0,-0.0,19,3087,0,0,-13
344,49.12,33395,407.65,407.23,-0.43,-12.8,-12.8,0.0,-0.0,-0.0,-0.0,4090,3058,0,0,-12
345,49.29,33392,407.62,407.21,-0.40,-12.1,-12.1,0.0,0.0,-0.0,-0.0,4053,3015,0,-1,-12
346,49.45,33392,407.62,407.19,-0.43,-12.8,-12.8,0.0,-0.0,-0.0,-0.0,4053,3020,0,-1,-12
347,49.60,33392,407.62,407.17,-0.45,-13.5,-13.5,0.0,-0.0,-0.0,-0.0,4053,3021,0,-1,-13
348,49.68,33392,407.62,407.16,-0.45,-13.5,-13.5,0.0,-0.0,-0.0,-0.0,4053,3021,0,-1,-13
349,49.84,33389,407.58,407.14,-0.44,-13.2,-13.2,0.0,-0.0,-0.0,-0.0,4015,2985,0,-2,-13
350,50.01,33387,407.56,407.12,-0.44,-13.2,-13.2,0.0,-0.0,-0.0,-0.0,3990,2958,0,-2,-13
351,50.17,33389,407.58,407.10,-0.48,-14.3,-14.3,0.0,-0.0,-0.0,-0.0,4015,2987,0,-2,-14
352,50.26,33387,407.56,407.09,-0.46,-13.9,-13.9,0.0,-0.0,-0.0,-0.0,3990,2958,0,-2,-13
353,50.43,33385,407.53,407.07,-0.46,-13.9,-13.9,0.0,-0.0,-0.0,-0.0,3965,2932,0,-3,-13
354,50.59,33383,407.51,407.05,-0.46,-13.9,-13.9,0.0,-0.0,-0.0,-0.0,3940,2910,0,-3,-13
355,50.75,33383,407.51,407.03,-0.48,-14.3,-14.3,0.0,-0.0,-0.0,-0.0,3940,2910,0,-3,-13
356,50.91,33380,407.47,407.01,-0.46,-13.9,-13.9,0.0,0.0,-0.0,-0.0,3903,2868,0,-4,-13
357,50.99,33380,407.47,407.00,-0.48,-14.3,-14.3,0.0,-0.0,-0.0,-0.0,3903,2870,0,-4,-13
358,51.15,33379,407.46,406.98,-0.48,-14.3,-14.3,0.0,-0.0,-0.0,-0.0,3890,2860,0,-4,-13
359,51.32,33377,407.43,406.96,-0.48,-14.3,-14.3,0.0,-0.0,-0.0,-0.0,3865,2832,0,-5,-13
360,51.47,33377,407.43,406.94,-0.50,-15.0,-15.0,0.0,-0.0,-0.0,-0.0,3865,2834,0,-5,-14
361,51.56,33375,407.41,406.92,-0.49,-14.6,-14.6,0.0,-0.0,-0.0,-0.0,3840,2808,0,-6,-13
362,51.72,33371,407.36,406.90,-0.45,-13.5,-13.5,0.0,0.0,-0.0,-0.0,3790,2753,0,-6,-12
363,51.88,33372,407.37,406.88,-0.49,-14.6,-14.6,0.0,-0.0,-0.0,-0.0,3803,2772,0,-6,-13
364,51.97,33372,407.37,406.87,-0.50,-15.0,-15.0,0.0,-0.0,-0.0,-0.0,3803,2771,0,-6,-13
365,52.14,33368,407.32,406.85,-0.48,-14.3,-14.3,0.0,0.0,-0.0,-0.0,3753,2716,0,-7,-12
366,52.30,33368,407.32,406.83,-0.50,-15.0,-15.0,0.0,-0.0,-0.0,-0.0,3753,2725,0,-7,-13
367,52.47,33368,407.32,406.81,-0.51,-15.4,-15.4,0.0,-0.0,-0.0,-0.0,3753,2725,0,-8,-13
368,52.55,33368,407.32,406.80,-0.52,-15.8,-15.8,0.0,-0.0,-0.0,-0.0,3753,2723,0,-8,-13
369,52.71,33368,407.32,406.77,-0.55,-16.5,-16.5,0.0,-0.0,-0.0,-0.0,3753,2725,0,-8,-14
370,52.87,33365,407.29,406.75,-0.54,-16.1,-16.1,0.0,-0.0,-0.0,-0.0,3715,2686,0,-9,-13
371,53.04,33365,407.29,406.73,-0.56,-16.8,-16.8,0.0,-0.0,-0.0,-0.0,3715,2687,0,-9,-14
372,53.13,33363,407.26,406.72,-0.55,-16.5,-16.5,0.0,-0.0,-0.0,-0.0,3690,2658,0,-9,-13
373,53.30,33362,407.25,406.70,-0.55,-16.5,-16.5,0.0,-0.0,-0.0,-0.0,3678,2645,0,-10,-13
374,53.45,33359,407.21,406.68,-0.54,-16.1,-16.1,0.0,0.0,-0.0,-0.0,3640,2604,0,-10,-12
375,53.61,33359,407.21,406.65,-0.56,-16.8,-16.8,0.0,-0.0,-0.0,-0.0,3640,2607,0,-11,-12
376,53.69,33359,407.21,406.64,-0.57,-17.2,-17.2,0.0,-0.0,-0.0,-0.0,3640,2606,0,-11,-13
377,53.86,33358,407.20,406.62,-0.59,-17.6,-17.6,0.0,-0.0,-0.0,-0.0,3628,2597,0,-11,-13
378,54.02,33355,407.17,406.60,-0.56,-16.8,-16.8,0.0,-0.0,-0.0,-0.0,3590,2559,0,-12,-12
379,54.19,33354,407.15,406.58,-0.57,-17.2,-17.2,0.0,-0.0,-0.0,-0.0,3578,2546,0,-12,-12
380,54.27,33354,407.15,406.57,-0.59,-17.6,-17.6,0.0,-0.0,-0.0,-0.0,3578,2546,0,-12,-12
381,54.43,33351,407.12,406.54,-0.57,-17.2,-17.2,0.0,0.0,-0.0,-0.0,3540,2504,0,-13,-11
382,54.60,33351,407.12,406.52,-0.60,-17.9,-17.9,0.0,-0.0,-0.0,-0.0,3540,2509,0,-13,-11
383,54.68,33348,407.08,406.51,-0.57,-17.2,-17.2,0.0,-0.0,-0.0,-0.0,3503,2468,0,-13,-10
384,54.85,33348,407.08,406.49,-0.60,-17.9,-17.9,0.0,-0.0,-0.0,-0.0,3503,2470,0,-14,-10
385,55.02,33348,407.08,406.46,-0.62,-18.7,-18.7,0.0,-0.0,-0.0,-0.0,3503,2470,0,-14,-11
386,55.17,33347,407.07,406.44,-0.62,-18.7,-18.7,0.0,-0.0,-0.0,-0.0,3490,2459,0,-15,-11
387,55.26,33346,407.06,406.43,-0.62,-18.7,-18.7,0.0,-0.0,-0.0,-0.0,3478,2446,0,-15,-10
388,55.43,33344,407.03,406.41,-0.62,-18.7,-18.7,0.0,-0.0,-0.0,-0.0,3453,2425,0,-15,-10
389,55.58,33342,407.01,406.39,-0.62,-18.7,-18.7,0.0,-0.0,-0.0,-0.0,3428,2395,0,-16,-9
390,55.75,33342,407.01,406.36,-0.65,-19.4,-19.4,0.0,-0.0,-0.0,-0.0,3428,2395,0,-16,-10
391,55.84,33342,407.01,406.35,-0.66,-19.8,-19.8,0.0,-0.0,-0.0,-0.0,3428,2396,0,-16,-10
392,56.00,33344,407.03,406.33,-0.71,-21.2,-21.2,0.0,-0.0,-0.0,-0.0,3453,2428,0,-17,-11
393,56.16,33340,406.98,406.30,-0.68,-20.5,-20.5,0.0,-0.0,-0.0,-0.0,3403,2374,0,-17,-10
394,56.33,33335,406.92,406.28,-0.63,-19.0,-19.0,0.0,0.0,-0.0,-0.0,3340,2306,0,-17,-7
395,56.41,33335,406.92,406.27,-0.65,-19.4,-19.4,0.0,0.0,-0.0,-0.0,3340,2305,0,-17,-7
396,56.57,33335,406.92,406.25,-0.67,-20.1,-20.1,0.0,0.0,-0.0,-0.0,3340,2303,0,-18,-7
397,56.73,33334,406.91,406.22,-0.68,-20.5,-20.5,0.0,0.0,-0.0,-0.0,3328,2293,0,-18,-7
398,56.89,33333,406.90,406.20,-0.70,-20.9,-20.9,0.0,-0.0,-0.0,-0.0,3315,2285,0,-19,-7
399,56.97,33333,406.90,406.19,-0.71,-21.2,-21.2,0.0,-0.0,-0.0,-0.0,3315,2288,0,-19,-7
400,57.13,33331,406.87,406.17,-0.71,-21.2,-21.2,0.0,-0.0,-0.0,-0.0,3290,2260,0,-19,-7
401,57.30,33328,406.84,406.14,-0.70,-20.9,-20.9,0.0,-0.0,-0.0,-0.0,3253,2220,0,-20,-5
402,57.47,33323,406.77,406.12,-0.66,-19.8,-19.8,0.0,0.0,-0.0,-0.0,3190,2150,0,-19,-3
403,57.55,33323,406.77,406.11,-0.67,-20.1,-20.1,0.0,0.0,-0.0,-0.0,3190,2151,0,-19,-3
404,57.70,33323,406.77,406.08,-0.70,-20.9,-20.9,0.0,0.0,-0.0,-0.0,3190,2151,0,-20,-3
405,57.87,33322,406.76,406.06,-0.71,-21.2,-21.2,0.0,0.0,-0.0,-0.0,3178,2142,0,-20,-3
406,58.03,33316,406.69,406.04,-0.65,-19.4,-19.4,0.0,0.0,-0.0,-0.0,3103,2067,0,-19,-1
407,58.12,33316,406.69,406.02,-0.67,-20.1,-20.1,0.0,-0.0,-0.0,-0.0,3103,2067,0,-20,-1
408,58.29,33314,406.67,406.00,-0.67,-20.1,-20.1,0.0,0.0,-0.0,-0.0,3078,2039,0,-20,0
409,58.46,33311,406.63,405.97,-0.66,-19.8,-19.8,0.0,0.0,-0.0,-0.0,3040,1998,0,-19,1
410,58.54,33312,406.64,405.96,-0.67,-20.1,-20.1,0.0,0.0,-0.0,-0.0,3053,2015,0,-19,1
411,58.70,33312,406.64,405.94,-0.70,-20.9,-20.9,0.0,-0.0,-0.0,-0.0,3053,2023,0,-20,1
412,58.87,33311,406.63,405.91,-0.71,-21.2,-21.2,0.0,-0.0,-0.0,-0.0,3040,2009,0,-21,1
413,59.03,33308,406.59,405.89,-0.70,-20.9,-20.9,0.0,-0.0,-0.0,-0.0,3003,1975,0,-20,2
414,59.12,33302,406.52,405.88,-0.63,-19.0,-19.0,0.0,0.0,-0.0,-0.0,2928,1889,0,-18,4
415,59.29,33301,406.51,405.85,-0.66,-19.8,-19.8,0.0,0.0,-0.0,-0.0,2915,1876,0,-18,5
416,59.46,33297,406.46,405.83,-0.63,-19.0,-19.0,0.0,0.0,-0.0,-0.0,2865,1818,0,-17,6
417,59.55,33296,406.45,405.81,-0.63,-19.0,-19.0,0.0,0.0,-0.0,-0.0,2853,1805,0,-17,7
418,59.72,33295,406.43,405.79,-0.65,-19.4,-19.4,0.0,0.0,-0.0,-0.0,2840,1797,0,-17,7
419,59.88,33292,406.40,405.76,-0.63,-19.0,-19.0,0.0,0.0,-0.0,-0.0,2803,1765,0,-17,8
420,59.97,33292,406.40,405.75,-0.65,-19.4,-19.4,0.0,0.0,-0.0,-0.0,2803,1765,0,-17,8
421,60.14,33286,406.32,405.73,-0.60,-17.9,-17.9,0.0,0.0,-0.0,-0.0,2728,1688,0,-15,9
422,60.30,33283,406.29,405.70,-0.59,-17.6,-17.6,0.0,0.0,-0.0,-0.0,2690,1647,0,-14,10
423,60.39,33280,406.25,405.69,-0.56,-16.8,-16.8,0.0,0.0,-0.0,-0.0,2653,1605,0,-13,10
424,60.55,33278,406.23,405.66,-0.56,-16.8,-16.8,0.0,0.0,-0.0,-0.0,2628,1584,0,-12,11
425,60.72,33273,406.16,405.64,-0.52,-15.8,-15.8,0.0,0.0,-0.0,-0.0,2565,1517,0,-10,11
426,60.89,33273,406.16,405.61,-0.55,-16.5,-16.5,0.0,0.0,-0.0,-0.0,2565,1523,0,-11,12
427,60.98,33271,406.14,405.60,-0.54,-16.1,-16.1,0.0,0.0,-0.0,-0.0,2540,1498,0,-10,12
428,61.14,33269,406.12,405.57,-0.54,-16.1,-16.1,0.0,0.0,-0.0,-0.0,2515,1478,0,-10,12
429,61.30,33268,406.10,405.55,-0.55,-16.5,-16.5,0.0,0.0,-0.0,-0.0,2503,1467,0,-10,12
430,61.47,33266,406.08,405.52,-0.55,-16.5,-16.5,0.0,0.0,-0.0,-0.0,2478,1442,0,-10,13
431,61.54,33263,406.04,405.51,-0.52,-15.8,-15.8,0.0,0.0,-0.0,-0.0,2440,1402,0,-8,13
432,61.71,33260,406.01,405.49,-0.52,-15.8,-15.8,0.0,0.0,-0.0,-0.0,2403,1364,0,-8,13
433,61.87,33258,405.98,405.46,-0.52,-15.8,-15.8,0.0,0.0,-0.0,-0.0,2378,1338,0,-7,14
434,61.96,33256,405.96,405.45,-0.51,-15.4,-15.4,0.0,0.0,-0.0,-0.0,2353,1310,0,-6,13
435,62.13,33251,405.90,405.42,-0.48,-14.3,-14.3,0.0,0.0,-0.0,-0.0,2290,1242,0,-5,13
436,62.29,33249,405.87,405.40,-0.48,-14.3,-14.3,0.0,0.0,-0.0,-0.0,2265,1224,0,-4,13
437,62.44,33248,405.86,405.37,-0.49,-14.6,-14.6,0.0,0.0,-0.0,-0.0,2253,1214,0,-4,14
438,62.53,33246,405.83,405.36,-0.48,-14.3,-14.3,0.0,0.0,-0.0,-0.0,2228,1185,0,-3,13
439,62.69,33242,405.79,405.33,-0.45,-13.5,-13.5,0.0,0.0,-0.0,-0.0,2178,1137,0,-2,13
440,62.86,33240,405.76,405.31,-0.45,-13.5,-13.5,0.0,0.0,-0.0,-0.0,2153,1114,0,-2,13
441,63.01,33239,405.75,405.28,-0.46,-13.9,-13.9,0.0,0.0,-0.0,-0.0,2140,1101,0,-2,13
442,63.17,33235,405.70,405.26,-0.44,-13.2,-13.2,0.0,0.0,-0.0,-0.0,2090,1048,0,0,13
443,63.26,33232,405.66,405.24,-0.42,-12.5,-12.5,0.0,0.0,-0.0,-0.0,2053,1013,0,0,12
444,63.43,33232,405.66,405.22,-0.45,-13.5,-13.5,0.0,0.0,-0.0,-0.0,2053,1014,0,0,13
445,63.59,33229,405.63,405.19,-0.44,-13.2,-13.2,0.0,0.0,-0.0,-0.0,2015,975,0,1,13
446,63.67,33225,405.58,405.18,-0.40,-12.1,-12.1,0.0,0.0,-0.0,-0.0,1965,919,0,2,12
447,63.84,33223,405.55,405.15,-0.40,-12.1,-12.1,0.0,0.0,-0.0,-0.0,1940,898,0,2,11
448,64.00,33219,405.51,405.13,-0.38,-11.4,-11.4,0.0,0.0,-0.0,-0.0,1890,847,0,3,11
449,64.16,33217,405.48,405.10,-0.38,-11.4,-11.4,0.0,0.0,-0.0,-0.0,1865,820,0,3,10
450,64.25,33217,405.48,405.09,-0.39,-11.7,-11.7,0.0,0.0,-0.0,-0.0,1865,822,0,3,11
451,64.42,33215,405.46,405.06,-0.40,-12.1,-12.1,0.0,0.0,-0.0,-0.0,1840,803,0,4,11
452,64.58,33213,405.43,405.03,-0.40,-12.1,-12.1,0.0,-0.0,-0.0,-0.0,1815,779,0,4,11
453,64.67,33213,405.43,405.02,-0.42,-12.5,-12.5,0.0,-0.0,-0.0,-0.0,1815,782,0,4,11
454,64.83,33211,405.41,404.99,-0.42,-12.5,-12.5,0.0,-0.0,-0.0,-0.0,1790,757,0,5,11
455,64.99,33208,405.37,404.97,-0.40,-12.1,-12.1,0.0,0.0,-0.0,-0.0,1753,715,0,5,10
456,65.16,33205,405.33,404.94,-0.39,-11.7,-11.7,0.0,0.0,-0.0,-0.0,1715,676,0,6,10
457,65.24,33204,405.32,404.93,-0.39,-11.7,-11.7,0.0,0.0,-0.0,-0.0,1703,666,0,6,10
458,65.40,33201,405.29,404.90,-0.39,-11.7,-11.7,0.0,0.0,-0.0,-0.0,1665,625,0,7,9
459,65.57,33201,405.29,404.87,-0.42,-12.5,-12.5,0.0,-0.0,-0.0,-0.0,1665,629,0,7,10
460,65.73,33200,405.27,404.85,-0.43,-12.8,-12.8,0.0,-0.0,-0.0,-0.0,1653,618,0,7,10
461,65.81,33198,405.25,404.83,-0.42,-12.5,-12.5,0.0,-0.0,-0.0,-0.0,1628,594,0,7,10
462,65.97,33197,405.24,404.81,-0.43,-12.8,-12.8,0.0,-0.0,-0.0,-0.0,1615,582,0,8,10
463,66.14,33196,405.22,404.78,-0.45,-13.5,-13.5,0.0,-0.0,-0.0,-0.0,1603,572,0,8,10
464,66.31,33193,405.19,404.75,-0.44,-13.2,-13.2,0.0,-0.0,-0.0,-0.0,1565,531,0,9,9
465,66.39,33194,405.20,404.74,-0.46,-13.9,-13.9,0.0,-0.0,-0.0,-0.0,1578,545,0,9,10
466,66.55,33194,405.20,404.71,-0.49,-14.6,-14.6,0.0,-0.0,-0.0,-0.0,1578,550,0,9,11
467,66.73,33193,405.19,404.68,-0.51,-15.4,-15.4,0.0,-0.0,-0.0,-0.0,1565,533,0,10,11
468,66.81,33191,405.16,404.67,-0.50,-15.0,-15.0,0.0,-0.0,-0.0,-0.0,1540,508,0,10,10
469,66.98,33190,405.15,404.64,-0.51,-15.4,-15.4,0.0,-0.0,-0.0,-0.0,1528,499,0,11,10
470,67.15,33186,405.10,404.61,-0.49,-14.6,-14.6,0.0,-0.0,-0.0,-0.0,1478,442,0,11,9
471,67.24,33186,405.10,404.60,-0.51,-15.4,-15.4,0.0,-0.0,-0.0,-0.0,1478,442,0,12,9
472,67.41,33187,405.11,404.57,-0.55,-16.5,-16.5,0.0,-0.0,-0.0,-0.0,1490,457,0,12,10
473,67.56,33185,405.09,404.54,-0.55,-16.5,-16.5,0.0,-0.0,-0.0,-0.0,1465,434,0,13,10
474,67.73,33184,405.08,404.51,-0.56,-16.8,-16.8,0.0,-0.0,-0.0,-0.0,1453,424,0,13,10
475,67.81,33184,405.08,404.50,-0.57,-17.2,-17.2,0.0,-0.0,-0.0,-0.0,1453,426,0,13,10
476,67.97,33183,405.07,404.47,-0.60,-17.9,-17.9,0.0,-0.0,-0.0,-0.0,1440,411,0,14,10
477,68.13,33182,405.05,404.44,-0.61,-18.3,-18.3,0.0,-0.0,-0.0,-0.0,1428,396,0,15,10
478,68.30,33183,405.07,404.41,-0.65,-19.4,-19.4,0.0,-0.0,-0.0,-0.0,1440,414,0,15,11
479,68.39,33182,405.05,404.40,-0.66,-19.8,-19.8,0.0,-0.0,-0.0,-0.0,1428,401,0,16,11
480,68.55,33182,405.05,404.37,-0.68,-20.5,-20.5,0.0,-0.0,-0.0,-0.0,1428,403,0,16,12
481,68.72,33180,405.03,404.34,-0.68,-20.5,-20.5,0.0,-0.0,-0.0,-0.0,1403,376,0,17,11
482,68.81,33180,405.03,404.33,-0.70,-20.9,-20.9,0.0,-0.0,-0.0,-0.0,1403,376,0,17,11
483,68.96,33177,404.99,404.30,-0.70,-20.9,-20.9,0.0,-0.0,-0.0,-0.0,1365,332,0,18,10
484,69.13,33175,404.97,404.27,-0.70,-20.9,-20.9,0.0,-0.0,-0.0,-0.0,1340,307,0,18,9
485,69.29,33176,404.98,404.25,-0.73,-22.0,-22.0,0.0,-0.0,-0.0,-0.0,1353,320,0,19,10
486,69.37,33176,404.98,404.23,-0.74,-22.3,-22.3,0.0,-0.0,-0.0,-0.0,1353,322,0,19,10
487,69.54,33175,404.97,404.20,-0.77,-23.1,-23.1,0.0,-0.0,-0.0,-0.0,1340,308,0,20,10
488,69.70,33172,404.93,404.17,-0.76,-22.7,-22.7,0.0,-0.0,-0.0,-0.0,1303,274,0,20,9
489,69.87,33172,404.93,404.14,-0.78,-23.4,-23.4,0.0,-0.0,-0.0,-0.0,1303,274,0,21,9
490,69.95,33173,404.94,404.13,-0.82,-24.5,-24.5,0.0,-0.0,-0.0,-0.0,1315,286,0,22,10
491,70.12,33170,404.91,404.10,-0.81,-24.2,-24.2,0.0,-0.0,-0.0,-0.0,1278,247,0,22,9
492,70.29,33168,404.88,404.07,-0.82,-24.5,-24.5,0.0,-0.0,-0.0,-0.0,1253,220,0,22,8
493,70.44,33169,404.90,404.04,-0.85,-25.6,-25.6,0.0,-0.0,-0.0,-0.0,1265,237,0,23,9
494,70.53,33170,404.91,404.03,-0.88,-26.4,-26.4,0.0,-0.0,-0.0,-0.0,1278,251,0,24,10
495,70.69,33167,404.87,404.00,-0.87,-26.0,-26.0,0.0,-0.0,-0.0,-0.0,1240,209,0,24,8
496,70.86,33165,404.85,403.97,-0.88,-26.4,-26.4,0.0,-0.0,-0.0,-0.0,1215,185,0,25,7
497,70.94,33163,404.82,403.95,-0.87,-26.0,-26.0,0.0,-0.0,-0.0,-0.0,1190,158,0,24,6
498,71.11,33163,404.82,403.93,-0.89,-26.7,-26.7,0.0,-0.0,-0.0,-0.0,1190,157,0,25,6
499,71.27,33158,404.76,403.90,-0.87,-26.0,-26.0,0.0,0.0,-0.0,-0.0,1128,88,0,25,3
500,71.44,33158,404.76,403.87,-0.89,-26.7,-26.7,0.0,-0.0,-0.0,-0.0,1128,94,0,26,4
501,71.53,33156,404.74,403.85,-0.89,-26.7,-26.7,0.0,-0.0,-0.0,-0.0,1103,64,0,26,3
502,71.69,33156,404.74,403.82,-0.92,-27.5,-27.5,0.0,-0.0,-0.0,-0.0,1103,69,0,26,3
503,71.86,33153,404.70,403.79,-0.90,-27.1,-27.1,0.0,-0.0,-0.0,-0.0,1065,31,0,26,1
504,71.95,33153,404.70,403.78,-0.93,-27.8,-27.8,0.0,-0.0,-0.0,-0.0,1065,33,0,27,1
505,72.12,33145,404.60,403.75,-0.85,-25.6,-25.6,0.0,0.0,-0.0,-0.0,965,4018,0,25,-3
506,72.29,33145,404.60,403.71,-0.89,-26.7,-26.7,0.0,0.0,-0.0,-0.0,965,4021,0,26,-3
507,72.38,33143,404.58,403.70,-0.88,-26.4,-26.4,0.0,0.0,-0.0,-0.0,940,3992,0,25,-4
508,72.54,33140,404.54,403.67,-0.88,-26.4,-26.4,0.0,0.0,-0.0,-0.0,903,3957,0,25,-5
509,72.71,33139,404.53,403.64,-0.89,-26.7,-26.7,0.0,0.0,-0.0,-0.0,890,3947,0,25,-6
510,72.87,33135,404.48,403.61,-0.87,-26.0,-26.0,0.0,0.0,-0.0,-0.0,840,3897,0,24,-8
511,72.96,33133,404.46,403.59,-0.87,-26.0,-26.0,0.0,0.0,-0.0,-0.0,815,3868,0,24,-9
512,73.13,33131,404.43,403.56,-0.87,-26.0,-26.0,0.0,0.0,-0.0,-0.0,790,3846,0,23,-9
513,73.30,33127,404.38,403.53,-0.85,-25.6,-25.6,0.0,0.0,-0.0,-0.0,740,3793,0,22,-11
514,73.39,33126,404.37,403.51,-0.85,-25.6,-25.6,0.0,0.0,-0.0,-0.0,728,3780,0,22,-12
515,73.56,33123,404.33,403.48,-0.85,-25.6,-25.6,0.0,0.0,-0.0,-0.0,690,3745,0,21,-13
516,73.73,33119,404.28,403.45,-0.83,-24.9,-24.9,0.0,0.0,-0.0,-0.0,640,3692,0,20,-14
517,73.80,33117,404.26,403.44,-0.82,-24.5,-24.5,0.0,0.0,-0.0,-0.0,615,3668,0,19,-15
518,73.97,33112,404.20,403.41,-0.79,-23.8,-23.8,0.0,0.0,-0.0,-0.0,553,3603,0,17,-16
519,74.14,33108,404.15,403.38,-0.77,-23.1,-23.1,0.0,0.0,-0.0,-0.0,503,3550,0,15,-17
520,74.22,33106,404.13,403.36,-0.77,-23.1,-23.1,0.0,0.0,-0.0,-0.0,478,3523,0,14,-17
521,74.39,33101,404.06,403.33,-0.73,-22.0,-22.0,0.0,0.0,-0.0,-0.0,415,3460,0,12,-18
522,74.55,33099,404.04,403.30,-0.74,-22.3,-22.3,0.0,0.0,-0.0,-0.0,390,3439,0,12,-18
523,74.71,33095,403.99,403.27,-0.72,-21.6,-21.6,0.0,0.0,-0.0,-0.0,340,3387,0,10,-19
524,74.81,33094,403.98,403.25,-0.73,-22.0,-22.0,0.0,0.0,-0.0,-0.0,328,3376,0,10,-19
525,74.97,33090,403.93,403.22,-0.71,-21.2,-21.2,0.0,0.0,-0.0,-0.0,278,3329,0,8,-19
526,75.13,33087,403.89,403.19,-0.71,-21.2,-21.2,0.0,0.0,-0.0,-0.0,240,3292,0,7,-19
527,75.29,33081,403.82,403.16,-0.66,-19.8,-19.8,0.0,0.0,-0.0,-0.0,165,3214,0,4,-19
528,75.38,33079,403.80,403.14,-0.65,-19.4,-19.4,0.0,0.0,-0.0,-0.0,140,3187,0,3,-19
529,75.55,33073,403.72,403.11,-0.61,-18.3,-18.3,0.0,0.0,-0.0,-0.0,65,3107,0,1,-18
530,75.71,33068,403.66,403.08,-0.59,-17.6,-17.6,0.0,0.0,-0.0,-0.0,3,3045,0,-1,-17
531,75.80,33066,403.64,403.06,-0.57,-17.2,-17.2,0.0,0.0,-0.0,-0.0,4074,3016,0,-1,-17
532,75.96,33063,403.60,403.03,-0.57,-17.2,-17.2,0.0,0.0,-0.0,-0.0,4036,2984,0,-2,-17
533,76.14,33058,403.54,403.00,-0.54,-16.1,-16.1,0.0,0.0,-0.0,-0.0,3974,2923,0,-4,-15
534,76.23,33056,403.52,402.98,-0.54,-16.1,-16.1,0.0,0.0,-0.0,-0.0,3949,2897,0,-4,-15
535,76.39,33053,403.48,402.95,-0.52,-15.8,-15.8,0.0,0.0,-0.0,-0.0,3911,2864,0,-5,-14
536,76.55,33048,403.42,402.92,-0.50,-15.0,-15.0,0.0,0.0,-0.0,-0.0,3849,2799,0,-6,-13
537,76.72,33044,403.37,402.89,-0.48,-14.3,-14.3,0.0,0.0,-0.0,-0.0,3799,2751,0,-7,-12
538,76.81,33041,403.33,402.87,-0.46,-13.9,-13.9,0.0,0.0,-0.0,-0.0,3761,2711,0,-7,-11
539,76.98,33034,403.25,402.84,-0.40,-12.1,-12.1,0.0,0.0,-0.0,-0.0,3674,2619,0,-7,-9
540,77.15,33034,403.25,402.81,-0.44,-13.2,-13.2,0.0,0.0,-0.0,-0.0,3674,2625,0,-8,-10
541,77.22,33030,403.20,402.79,-0.40,-12.1,-12.1,0.0,0.0,-0.0,-0.0,3624,2575,0,-8,-8
542,77.39,33024,403.12,402.76,-0.37,-11.0,-11.0,0.0,0.0,-0.0,-0.0,3549,2496,0,-8,-7
543,77.56,33021,403.09,402.73,-0.37,-11.0,-11.0,0.0,0.0,-0.0,-0.0,3511,2460,0,-9,-6
544,77.65,33020,403.08,402.71,-0.37,-11.0,-11.0,0.0,0.0,-0.0,-0.0,3499,2454,0,-9,-6
545,77.81,33012,402.98,402.68,-0.31,-9.2,-9.2,0.0,0.0,-0.0,-0.0,3399,2342,0,-8,-4
546,77.98,33010,402.95,402.65,-0.31,-9.2,-9.2,0.0,0.0,-0.0,-0.0,3374,2324,0,-8,-4
547,78.15,33008,402.93,402.61,-0.32,-9.5,-9.5,0.0,0.0,-0.0,-0.0,3349,2306,0,-9,-4
548,78.22,33006,402.91,402.60,-0.31,-9.2,-9.2,0.0,0.0,-0.0,-0.0,3324,2278,0,-8,-3
549,78.39,33003,402.87,402.56,-0.31,-9.2,-9.2,0.0,0.0,-0.0,-0.0,3286,2241,0,-8,-3
550,78.56,32996,402.78,402.53,-0.26,-7.7,-7.7,0.0,0.0,-0.0,-0.0,3199,2154,0,-7,-1
551,78.72,32997,402.80,402.50,-0.29,-8.8,-8.8,0.0,0.0,-0.0,-0.0,3211,2168,0,-8,-2
552,78.81,32994,402.76,402.48,-0.28,-8.4,-8.4,0.0,0.0,-0.0,-0.0,3174,2128,0,-8,-1
553,78.98,32989,402.70,402.45,-0.26,-7.7,-7.7,0.0,0.0,-0.0,-0.0,3111,2064,0,-7,0
554,79.14,32989,402.70,402.42,-0.28,-8.4,-8.4,0.0,-0.0,-0.0,-0.0,3111,2073,0,-8,0
555,79.23,32986,402.66,402.40,-0.26,-7.7,-7.7,0.0,0.0,-0.0,-0.0,3074,2035,0,-7,0
556,79.39,32985,402.65,402.37,-0.28,-8.4,-8.4,0.0,0.0,-0.0,-0.0,3061,2020,0,-8,0
557,79.56,32981,402.60,402.33,-0.27,-8.1,-8.1,0.0,-0.0,-0.0,-0.0,3011,1973,0,-8,1
558,79.72,32978,402.56,402.30,-0.26,-7.7,-7.7,0.0,0.0,-0.0,-0.0,2974,1934,0,-7,1
559,79.80,32976,402.54,402.29,-0.26,-7.7,-7.7,0.0,0.0,-0.0,-0.0,2949,1906,0,-7,2
560,79.97,32976,402.54,402.25,-0.29,-8.8,-8.8,0.0,-0.0,-0.0,-0.0,2949,1910,0,-8,2
561,80.13,32971,402.48,402.22,-0.26,-7.7,-7.7,0.0,0.0,-0.0,-0.0,2886,1845,0,-7,2
562,80.22,32969,402.45,402.20,-0.26,-7.7,-7.7,0.0,0.0,-0.0,-0.0,2861,1817,0,-7,3
563,80.38,32966,402.42,402.17,-0.24,-7.3,-7.3,0.0,0.0,-0.0,-0.0,2824,1782,0,-7,3
564,80.55,32961,402.36,402.13,-0.22,-6.6,-6.6,0.0,0.0,-0.0,-0.0,2761,1715,0,-6,3
565,80.71,32960,402.34,402.10,-0.24,-7.3,-7.3,0.0,0.0,-0.0,-0.0,2749,1703,0,-6,4
566,80.81,32960,402.34,402.08,-0.26,-7.7,-7.7,0.0,0.0,-0.0,-0.0,2749,1708,0,-6,4
567,80.96,32956,402.29,402.05,-0.24,-7.3,-7.3,0.0,-0.0,-0.0,-0.0,2699,1661,0,-6,4
568,81.12,32954,402.27,402.02,-0.26,-7.7,-7.7,0.0,-0.0,-0.0,-0.0,2674,1636,0,-6,4
569,81.29,32955,402.28,401.99,-0.29,-8.8,-8.8,0.0,-0.0,-0.0,-0.0,2686,1654,0,-7,5
570,81.37,32953,402.26,401.97,-0.29,-8.8,-8.8,0.0,-0.0,-0.0,-0.0,2661,1625,0,-7,5
571,81.53,32950,402.22,401.94,-0.28,-8.4,-8.4,0.0,-0.0,-0.0,-0.0,2624,1588,0,-6,5
572,81.69,32948,402.20,401.90,-0.29,-8.8,-8.8,0.0,-0.0,-0.0,-0.0,2599,1563,0,-6,6
573,81.86,32947,402.19,401.87,-0.32,-9.5,-9.5,0.0,-0.0,-0.0,-0.0,2586,1552,0,-7,6
574,81.94,32946,402.17,401.85,-0.32,-9.5,-9.5,0.0,-0.0,-0.0,-0.0,2574,1536,0,-7,7
575,82.11,32942,402.12,401.82,-0.31,-9.2,-9.2,0.0,-0.0,-0.0,-0.0,2524,1485,0,-6,7
576,82.27,32942,402.12,401.78,-0.34,-10.2,-10.2,0.0,-0.0,-0.0,-0.0,2524,1488,0,-6,8
577,82.36,32942,402.12,401.77,-0.35,-10.6,-10.6,0.0,-0.0,-0.0,-0.0,2524,1490,0,-7,8
578,82.53,32939,402.09,401.73,-0.35,-10.6,-10.6,0.0,-0.0,-0.0,-0.0,2486,1450,0,-6,8
579,82.69,32937,402.06,401.70,-0.37,-11.0,-11.0,0.0,-0.0,-0.0,-0.0,2461,1428,0,-6,9
580,82.85,32937,402.06,401.66,-0.40,-12.1,-12.1,0.0,-0.0,-0.0,-0.0,2461,1430,0,-7,10
581,82.94,32937,402.06,401.65,-0.42,-12.5,-12.5,0.0,-0.0,-0.0,-0.0,2461,1429,0,-7,10
582,83.10,32931,401.99,401.61,-0.38,-11.4,-11.4,0.0,-0.0,-0.0,-0.0,2386,1349,0,-5,10
583,83.27,32934,402.03,401.58,-0.45,-13.5,-13.5,0.0,-0.0,-0.0,-0.0,2424,1394,0,-7,11
584,83.36,32932,402.00,401.56,-0.44,-13.2,-13.2,0.0,-0.0,-0.0,-0.0,2399,1367,0,-6,11
585,83.52,32929,401.97,401.52,-0.44,-13.2,-13.2,0.0,-0.0,-0.0,-0.0,2361,1325,0,-6,11
586,83.68,32928,401.95,401.49,-0.46,-13.9,-13.9,0.0,-0.0,-0.0,-0.0,2349,1317,0,-6,12
587,83.84,32928,401.95,401.46,-0.50,-15.0,-15.0,0.0,-0.0,-0.0,-0.0,2349,1321,0,-6,13
588,83.93,32926,401.93,401.44,-0.49,-14.6,-14.6,0.0,-0.0,-0.0,-0.0,2324,1287,0,-6,13
589,84.09,32925,401.92,401.41,-0.51,-15.4,-15.4,0.0,-0.0,-0.0,-0.0,2311,1278,0,-6,14
590,84.25,32925,401.92,401.37,-0.55,-16.5,-16.5,0.0,-0.0,-0.0,-0.0,2311,1282,0,-6,15
591,84.42,32927,401.94,401.34,-0.60,-17.9,-17.9,0.0,-0.0,-0.0,-0.0,2336,1311,0,-7,16
592,84.50,32925,401.92,401.32,-0.60,-17.9,-17.9,0.0,-0.0,-0.0,-0.0,2311,1282,0,-7,16
593,84.66,32924,401.90,401.29,-0.62,-18.7,-18.7,0.0,-0.0,-0.0,-0.0,2299,1272,0,-7,17
594,84.83,32924,401.90,401.25,-0.66,-19.8,-19.8,0.0,-0.0,-0.0,-0.0,2299,1273,0,-7,18
595,85.00,32920,401.86,401.21,-0.65,-19.4,-19.4,0.0,-0.0,-0.0,-0.0,2249,1215,0,-5,18
596,85.09,32920,401.86,401.20,-0.66,-19.8,-19.8,0.0,-0.0,-0.0,-0.0,2249,1214,0,-6,18
597,85.26,32917,401.82,401.16,-0.66,-19.8,-19.8,0.0,-0.0,-0.0,-0.0,2211,1177,0,-4,19
598,85.43,32916,401.81,401.12,-0.68,-20.5,-20.5,0.0,-0.0,-0.0,-0.0,2199,1163,0,-4,19
599,85.52,32916,401.81,401.10,-0.71,-21.2,-21.2,0.0,-0.0,-0.0,-0.0,2199,1162,0,-4,20
600,85.68,32912,401.76,401.07,-0.70,-20.9,-20.9,0.0,-0.0,-0.0,-0.0,2149,1114,0,-3,20
601,85.85,32905,401.67,401.03,-0.63,-19.0,-19.0,0.0,0.0,-0.0,-0.0,2061,1020,0,0,18
602,85.93,32906,401.68,401.01,-0.67,-20.1,-20.1,0.0,-0.0,-0.0,-0.0,2074,1033,0,0,20
603,86.10,32906,401.68,400.98,-0.71,-21.2,-21.2,0.0,-0.0,-0.0,-0.0,2074,1035,0,0,21
604,86.27,32904,401.66,400.94,-0.72,-21.6,-21.6,0.0,-0.0,-0.0,-0.0,2049,1012,0,0,21
605,86.36,32902,401.64,400.92,-0.71,-21.2,-21.2,0.0,-0.0,-0.0,-0.0,2024,984,0,1,21
606,86.52,32902,401.64,400.89,-0.74,-22.3,-22.3,0.0,-0.0,-0.0,-0.0,2024,996,0,1,22
607,86.69,32900,401.61,400.85,-0.76,-22.7,-22.7,0.0,-0.0,-0.0,-0.0,1999,965,0,2,22
608,86.78,32898,401.59,400.83,-0.76,-22.7,-22.7,0.0,-0.0,-0.0,-0.0,1974,938,0,3,22
609,86.95,32896,401.56,400.80,-0.77,-23.1,-23.1,0.0,-0.0,-0.0,-0.0,1949,913,0,4,22
610,87.11,32895,401.55,400.76,-0.79,-23.8,-23.8,0.0,-0.0,-0.0,-0.0,1936,903,0,4,23
611,87.28,32889,401.48,400.72,-0.76,-22.7,-22.7,0.0,0.0,-0.0,-0.0,1861,818,0,7,21
612,87.37,32886,401.44,400.70,-0.73,-22.0,-22.0,0.0,0.0,-0.0,-0.0,1824,777,0,8,20
613,87.54,32883,401.40,400.67,-0.73,-22.0,-22.0,0.0,0.0,-0.0,-0.0,1786,744,0,9,19
614,87.69,32880,401.37,400.63,-0.73,-22.0,-22.0,0.0,0.0,-0.0,-0.0,1749,702,0,10,19
615,87.78,32880,401.37,400.61,-0.76,-22.7,-22.7,0.0,0.0,-0.0,-0.0,1749,702,0,10,19
616,87.94,32877,401.33,400.58,-0.76,-22.7,-22.7,0.0,0.0,-0.0,-0.0,1711,670,0,11,19
617,88.11,32874,401.29,400.54,-0.76,-22.7,-22.7,0.0,-0.0,-0.0,-0.0,1674,635,0,12,18
618,88.27,32870,401.25,400.51,-0.74,-22.3,-22.3,0.0,-0.0,-0.0,-0.0,1624,585,0,13,17
619,88.43,32871,401.26,400.47,-0.78,-23.4,-23.4,0.0,-0.0,-0.0,-0.0,1636,598,0,14,18
620,88.51,32867,401.21,400.45,-0.76,-22.7,-22.7,0.0,0.0,-0.0,-0.0,1586,543,0,15,16
621,88.67,32864,401.17,400.42,-0.76,-22.7,-22.7,0.0,-0.0,-0.0,-0.0,1549,508,0,16,15
622,88.84,32862,401.15,400.38,-0.77,-23.1,-23.1,0.0,-0.0,-0.0,-0.0,1524,485,0,16,15
623,89.00,32861,401.14,400.34,-0.79,-23.8,-23.8,0.0,-0.0,-0.0,-0.0,1511,472,0,17,15
624,89.08,32858,401.10,400.33,-0.77,-23.1,-23.1,0.0,0.0,-0.0,-0.0,1474,430,0,18,14
625,89.24,32853,401.04,400.29,-0.74,-22.3,-22.3,0.0,0.0,-0.0,-0.0,1411,368,0,18,12
626,89.41,32849,400.99,400.25,-0.73,-22.0,-22.0,0.0,0.0,-0.0,-0.0,1361,316,0,19,10
627,89.50,32848,400.98,400.23,-0.74,-22.3,-22.3,0.0,0.0,-0.0,-0.0,1349,303,0,19,10
628,89.66,32842,400.90,400.20,-0.71,-21.2,-21.2,0.0,0.0,-0.0,-0.0,1274,222,0,19,7
629,89.82,32839,400.87,400.16,-0.71,-21.2,-21.2,0.0,0.0,-0.0,-0.0,1236,186,0,20,6
630,89.99,32839,400.87,400.12,-0.74,-22.3,-22.3,0.0,-0.0,-0.0,-0.0,1236,195,0,21,6
631,90.08,32837,400.84,400.10,-0.74,-22.3,-22.3,0.0,-0.0,-0.0,-0.0,1211,168,0,21,6
632,90.24,32830,400.76,400.06,-0.70,-20.9,-20.9,0.0,0.0,-0.0,-0.0,1124,77,0,20,2
633,90.41,32826,400.71,400.03,-0.68,-20.5,-20.5,0.0,0.0,-0.0,-0.0,1074,29,0,20,1
634,90.50,32822,400.66,400.01,-0.65,-19.4,-19.4,0.0,0.0,-0.0,-0.0,1024,4070,0,19,-1
635,90.67,32820,400.63,399.97,-0.67,-20.1,-20.1,0.0,0.0,-0.0,-0.0,999,4043,0,19,-2
636,90.84,32819,400.62,399.93,-0.70,-20.9,-20.9,0.0,0.0,-0.0,-0.0,986,4039,0,20,-2
637,90.93,32817,400.60,399.91,-0.68,-20.5,-20.5,0.0,0.0,-0.0,-0.0,961,4012,0,20,-3
638,91.09,32810,400.51,399.87,-0.63,-19.0,-19.0,0.0,0.0,-0.0,-0.0,874,3923,0,18,-5
639,91.27,32808,400.49,399.83,-0.66,-19.8,-19.8,0.0,0.0,-0.0,-0.0,849,3900,0,18,-6
640,91.36,32804,400.44,399.81,-0.62,-18.7,-18.7,0.0,0.0,-0.0,-0.0,799,3844,0,17,-7
641,91.53,32799,400.38,399.77,-0.61,-18.3,-18.3,0.0,0.0,-0.0,-0.0,736,3779,0,16,-8
642,91.70,32793,400.31,399.73,-0.57,-17.2,-17.2,0.0,0.0,-0.0,-0.0,661,3703,0,14,-9
643,91.78,32791,400.28,399.71,-0.56,-16.8,-16.8,0.0,0.0,-0.0,-0.0,636,3678,0,13,-10
644,91.95,32788,400.24,399.68,-0.57,-17.2,-17.2,0.0,0.0,-0.0,-0.0,599,3644,0,13,-11
645,92.12,32785,400.21,399.64,-0.57,-17.2,-17.2,0.0,0.0,-0.0,-0.0,561,3607,0,12,-11
646,92.20,32783,400.18,399.62,-0.56,-16.8,-16.8,0.0,0.0,-0.0,-0.0,536,3583,0,12,-12
647,92.37,32779,400.13,399.58,-0.56,-16.8,-16.8,0.0,0.0,-0.0,-0.0,486,3538,0,11,-12
648,92.54,32777,400.11,399.54,-0.57,-17.2,-17.2,0.0,0.0,-0.0,-0.0,461,3514,0,10,-13
649,92.71,32770,400.02,399.50,-0.52,-15.8,-15.8,0.0,0.0,-0.0,-0.0,374,3421,0,8,-13
650,92.79,32767,399.99,399.48,-0.50,-15.0,-15.0,0.0,0.0,-0.0,-0.0,336,3380,0,7,-13
651,92.96,32764,399.95,399.44,-0.51,-15.4,-15.4,0.0,0.0,-0.0,-0.0,299,3347,0,6,-14
652,93.13,32760,399.90,399.40,-0.50,-15.0,-15.0,0.0,0.0,-0.0,-0.0,249,3291,0,5,-14
653,93.20,32759,399.89,399.39,-0.50,-15.0,-15.0,0.0,0.0,-0.0,-0.0,236,3283,0,5,-14
654,93.37,32757,399.87,399.35,-0.51,-15.4,-15.4,0.0,0.0,-0.0,-0.0,211,3263,0,4,-14
655,93.53,32752,399.80,399.31,-0.50,-15.0,-15.0,0.0,-0.0,-0.0,-0.0,149,3202,0,3,-14
656,93.69,32746,399.73,399.27,-0.46,-13.9,-13.9,0.0,0.0,-0.0,-0.0,74,3122,0,1,-13
657,93.77,32745,399.72,399.25,-0.46,-13.9,-13.9,0.0,0.0,-0.0,-0.0,61,3109,0,1,-13
658,93.93,32741,399.67,399.22,-0.45,-13.5,-13.5,0.0,0.0,-0.0,-0.0,11,3059,0,0,-13
659,94.10,32734,399.58,399.18,-0.40,-12.1,-12.1,0.0,0.0,-0.0,-0.0,4020,2964,0,-2,-12
660,94.27,32732,399.56,399.14,-0.43,-12.8,-12.8,0.0,0.0,-0.0,-0.0,3995,2945,0,-2,-12
661,94.35,32731,399.55,399.12,-0.43,-12.8,-12.8,0.0,0.0,-0.0,-0.0,3982,2934,0,-3,-12
662,94.52,32724,399.46,399.08,-0.39,-11.7,-11.7,0.0,0.0,-0.0,-0.0,3895,2844,0,-4,-11
663,94.69,32722,399.44,399.04,-0.40,-12.1,-12.1,0.0,0.0,-0.0,-0.0,3870,2825,0,-4,-11
664,94.77,32720,399.41,399.02,-0.40,-12.1,-12.1,0.0,0.0,-0.0,-0.0,3845,2799,0,-5,-11
665,94.94,32717,399.38,398.98,-0.40,-12.1,-12.1,0.0,0.0,-0.0,-0.0,3807,2762,0,-5,-10
666,95.10,32711,399.30,398.94,-0.37,-11.0,-11.0,0.0,0.0,-0.0,-0.0,3732,2685,0,-6,-9
667,95.28,32711,399.30,398.90,-0.40,-12.1,-12.1,0.0,-0.0,-0.0,-0.0,3732,2691,0,-6,-10
668,95.36,32711,399.30,398.88,-0.43,-12.8,-12.8,0.0,-0.0,-0.0,-0.0,3732,2690,0,-7,-10
669,95.54,32706,399.24,398.84,-0.40,-12.1,-12.1,0.0,0.0,-0.0,-0.0,3670,2627,0,-7,-9
670,95.70,32701,399.18,398.80,-0.39,-11.7,-11.7,0.0,0.0,-0.0,-0.0,3607,2563,0,-8,-8
671,95.79,32700,399.17,398.78,-0.39,-11.7,-11.7,0.0,-0.0,-0.0,-0.0,3595,2554,0,-8,-8
672,95.95,32697,399.13,398.74,-0.40,-12.1,-12.1,0.0,0.0,-0.0,-0.0,3557,2512,0,-9,-8
673,96.12,32694,399.10,398.70,-0.40,-12.1,-12.1,0.0,0.0,-0.0,-0.0,3520,2475,0,-9,-7
674,96.20,32694,399.10,398.68,-0.42,-12.5,-12.5,0.0,-0.0,-0.0,-0.0,3520,2479,0,-10,-7
675,96.37,32691,399.06,398.64,-0.43,-12.8,-12.8,0.0,-0.0,-0.0,-0.0,3482,2444,0,-10,-7
676,96.53,32688,399.02,398.60,-0.43,-12.8,-12.8,0.0,-0.0,-0.0,-0.0,3445,2406,0,-11,-6
677,96.69,32688,399.02,398.56,-0.46,-13.9,-13.9,0.0,-0.0,-0.0,-0.0,3445,2411,0,-11,-7
678,96.78,32685,398.99,398.54,-0.45,-13.5,-13.5,0.0,-0.0,-0.0,-0.0,3407,2369,0,-12,-6
679,96.95,32682,398.95,398.49,-0.45,-13.5,-13.5,0.0,-0.0,-0.0,-0.0,3370,2330,0,-12,-6
680,97.12,32679,398.91,398.45,-0.46,-13.9,-13.9,0.0,-0.0,-0.0,-0.0,3332,2290,0,-13,-5
681,97.21,32678,398.90,398.43,-0.46,-13.9,-13.9,0.0,-0.0,-0.0,-0.0,3320,2281,0,-13,-5
682,97.37,32677,398.89,398.39,-0.50,-15.0,-15.0,0.0,-0.0,-0.0,-0.0,3307,2267,0,-14,-5
683,97.54,32673,398.84,398.35,-0.49,-14.6,-14.6,0.0,-0.0,-0.0,-0.0,3257,2220,0,-14,-4
684,97.70,32671,398.82,398.31,-0.50,-15.0,-15.0,0.0,-0.0,-0.0,-0.0,3232,2193,0,-14,-3
685,97.78,32670,398.80,398.29,-0.51,-15.4,-15.4,0.0,-0.0,-0.0,-0.0,3220,2182,0,-15,-3
686,97.95,32668,398.78,398.25,-0.52,-15.8,-15.8,0.0,-0.0,-0.0,-0.0,3195,2156,0,-15,-3
687,98.12,32667,398.77,398.21,-0.56,-16.8,-16.8,0.0,-0.0,-0.0,-0.0,3182,2142,0,-16,-2
688,98.21,32664,398.73,398.19,-0.54,-16.1,-16.1,0.0,-0.0,-0.0,-0.0,3145,2107,0,-16,-1
689,98.37,32662,398.71,398.15,-0.56,-16.8,-16.8,0.0,-0.0,-0.0,-0.0,3120,2083,0,-16,-1
690,98.54,32661,398.69,398.11,-0.59,-17.6,-17.6,0.0,-0.0,-0.0,-0.0,3107,2073,0,-17,-1
691,98.62,32659,398.67,398.09,-0.59,-17.6,-17.6,0.0,-0.0,-0.0,-0.0,3082,2044,0,-17,0
692,98.78,32654,398.61,398.05,-0.56,-16.8,-16.8,0.0,0.0,-0.0,-0.0,3020,1978,0,-16,2
693,98.96,32655,398.62,398.00,-0.62,-18.7,-18.7,0.0,-0.0,-0.0,-0.0,3032,1996,0,-18,1
694,99.12,32647,398.52,397.96,-0.56,-16.8,-16.8,0.0,0.0,-0.0,-0.0,2932,1886,0,-16,4
695,99.21,32647,398.52,397.94,-0.59,-17.6,-17.6,0.0,0.0,-0.0,-0.0,2932,1886,0,-17,4
696,99.38,32647,398.52,397.90,-0.62,-18.7,-18.7,0.0,-0.0,-0.0,-0.0,2932,1895,0,-18,4
697,99.55,32646,398.51,397.86,-0.65,-19.4,-19.4,0.0,-0.0,-0.0,-0.0,2920,1885,0,-18,5
698,99.64,32646,398.51,397.83,-0.67,-20.1,-20.1,0.0,-0.0,-0.0,-0.0,2920,1881,0,-19,5
699,99.80,32641,398.45,397.79,-0.66,-19.8,-19.8,0.0,-0.0,-0.0,-0.0,2857,1824,0,-18,6
700,99.97,32638,398.41,397.75,-0.66,-19.8,-19.8,0.0,-0.0,-0.0,-0.0,2820,1783,0,-18,8
701,100.06,32637,398.40,397.73,-0.67,-20.1,-20.1,0.0,-0.0,-0.0,-0.0,2807,1767,0,-18,8
702,100.22,32635,398.38,397.69,-0.68,-20.5,-20.5,0.0,-0.0,-0.0,-0.0,2782,1742,0,-18,9
703,100.39,32628,398.29,397.65,-0.65,-19.4,-19.4,0.0,0.0,-0.0,-0.0,2695,1648,0,-15,11
704,100.55,32628,398.29,397.61,-0.68,-20.5,-20.5,0.0,-0.0,-0.0,-0.0,2695,1654,0,-16,11
705,100.63,32625,398.25,397.59,-0.67,-20.1,-20.1,0.0,-0.0,-0.0,-0.0,2657,1615,0,-15,12
706,100.80,32624,398.24,397.54,-0.70,-20.9,-20.9,0.0,0.0,-0.0,-0.0,2645,1600,0,-16,13
707,100.97,32619,398.18,397.50,-0.68,-20.5,-20.5,0.0,-0.0,-0.0,-0.0,2582,1539,0,-14,14
708,101.06,32619,398.18,397.48,-0.71,-21.2,-21.2,0.0,-0.0,-0.0,-0.0,2582,1544,0,-15,14
709,101.23,32617,398.16,397.44,-0.72,-21.6,-21.6,0.0,-0.0,-0.0,-0.0,2557,1517,0,-14,15
710,101.39,32615,398.13,397.39,-0.73,-22.0,-22.0,0.0,-0.0,-0.0,-0.0,2532,1495,0,-14,16
711,101.47,32610,398.07,397.37,-0.70,-20.9,-20.9,0.0,0.0,-0.0,-0.0,2470,1424,0,-12,17
712,101.64,32607,398.03,397.33,-0.71,-21.2,-21.2,0.0,-0.0,-0.0,-0.0,2432,1390,0,-11,17
713,101.81,32605,398.01,397.29,-0.72,-21.6,-21.6,0.0,-0.0,-0.0,-0.0,2407,1363,0,-10,18
714,101.98,32598,397.92,397.24,-0.68,-20.5,-20.5,0.0,0.0,-0.0,-0.0,2320,1268,0,-7,18
715,102.06,32597,397.91,397.22,-0.70,-20.9,-20.9,0.0,0.0,-0.0,-0.0,2307,1255,0,-7,19
716,102.24,32595,397.89,397.18,-0.71,-21.2,-21.2,0.0,-0.0,-0.0,-0.0,2282,1241,0,-7,19
717,102.39,32593,397.86,397.14,-0.72,-21.6,-21.6,0.0,0.0,-0.0,-0.0,2257,1212,0,-6,20
718,102.47,32592,397.85,397.12,-0.73,-22.0,-22.0,0.0,-0.0,-0.0,-0.0,2245,1202,0,-6,20
719,102.64,32588,397.80,397.08,-0.72,-21.6,-21.6,0.0,-0.0,-0.0,-0.0,2195,1156,0,-4,21
720,102.81,32586,397.78,397.03,-0.74,-22.3,-22.3,0.0,-0.0,-0.0,-0.0,2170,1129,0,-3,21
721,102.98,32580,397.71,396.99,-0.72,-21.6,-21.6,0.0,-0.0,-0.0,-0.0,2095,1051,0,-1,21
722,103.06,32579,397.69,396.97,-0.72,-21.6,-21.6,0.0,0.0,-0.0,-0.0,2082,1036,0,0,21
723,103.23,32571,397.60,396.92,-0.67,-20.1,-20.1,0.0,0.0,-0.0,-0.0,1982,933,0,3,19
724,103.40,32567,397.55,396.88,-0.67,-20.1,-20.1,0.0,0.0,-0.0,-0.0,1932,876,0,4,19
725,103.48,32565,397.52,396.86,-0.66,-19.8,-19.8,0.0,0.0,-0.0,-0.0,1907,852,0,5,18
726,103.65,32563,397.50,396.82,-0.68,-20.5,-20.5,0.0,0.0,-0.0,-0.0,1882,832,0,6,19
727,103.81,32557,397.42,396.77,-0.65,-19.4,-19.4,0.0,0.0,-0.0,-0.0,1807,755,0,8,17
728,103.90,32556,397.41,396.75,-0.66,-19.8,-19.8,0.0,0.0,-0.0,-0.0,1795,748,0,8,17
729,104.06,32551,397.35,396.71,-0.65,-19.4,-19.4,0.0,0.0,-0.0,-0.0,1732,685,0,9,16
730,104.23,32547,397.30,396.66,-0.63,-19.0,-19.0,0.0,0.0,-0.0,-0.0,1682,630,0,10,15
731,104.40,32545,397.28,396.62,-0.66,-19.8,-19.8,0.0,0.0,-0.0,-0.0,1657,611,0,11,15
732,104.48,32544,397.27,396.60,-0.67,-20.1,-20.1,0.0,-0.0,-0.0,-0.0,1645,602,0,12,16
733,104.64,32538,397.19,396.56,-0.63,-19.0,-19.0,0.0,0.0,-0.0,-0.0,1570,522,0,13,13
734,104.81,32535,397.16,396.51,-0.65,-19.4,-19.4,0.0,-0.0,-0.0,-0.0,1532,488,0,14,13
735,104.90,32532,397.12,396.49,-0.63,-19.0,-19.0,0.0,0.0,-0.0,-0.0,1495,447,0,14,12
736,105.07,32527,397.06,396.44,-0.61,-18.3,-18.3,0.0,0.0,-0.0,-0.0,1432,382,0,15,10
737,105.23,32523,397.01,396.40,-0.61,-18.3,-18.3,0.0,0.0,-0.0,-0.0,1382,332,0,15,9
738,105.39,32521,396.98,396.36,-0.62,-18.7,-18.7,0.0,0.0,-0.0,-0.0,1357,310,0,16,8
739,105.48,32516,396.92,396.34,-0.59,-17.6,-17.6,0.0,0.0,-0.0,-0.0,1295,241,0,16,6
740,105.64,32513,396.89,396.29,-0.60,-17.9,-17.9,0.0,0.0,-0.0,-0.0,1257,212,0,16,6
741,105.80,32509,396.84,396.25,-0.59,-17.6,-17.6,0.0,0.0,-0.0,-0.0,1207,159,0,17,4
742,105.97,32506,396.80,396.21,-0.60,-17.9,-17.9,0.0,0.0,-0.0,-0.0,1170,120,0,17,3
743,106.06,32503,396.77,396.18,-0.59,-17.6,-17.6,0.0,0.0,-0.0,-0.0,1132,79,0,17,2
744,106.23,32501,396.74,396.14,-0.60,-17.9,-17.9,0.0,-0.0,-0.0,-0.0,1107,65,0,17,2
745,106.38,32493,396.64,396.10,-0.55,-16.5,-16.5,0.0,0.0,-0.0,-0.0,1007,4054,0,16,-1
746,106.47,32493,396.64,396.08,-0.57,-17.2,-17.2,0.0,0.0,-0.0,-0.0,1007,4054,0,17,-1
747,106.64,32490,396.61,396.03,-0.57,-17.2,-17.2,0.0,0.0,-0.0,-0.0,970,4017,0,17,-2
748,106.81,32486,396.56,395.98,-0.57,-17.2,-17.2,0.0,0.0,-0.0,-0.0,920,3970,0,16,-3
749,106.97,32477,396.45,395.94,-0.50,-15.0,-15.0,0.0,0.0,-0.0,-0.0,807,3848,0,14,-5
750,107.05,32477,396.45,395.92,-0.52,-15.8,-15.8,0.0,0.0,-0.0,-0.0,807,3854,0,14,-6
751,107.22,32474,396.41,395.87,-0.54,-16.1,-16.1,0.0,0.0,-0.0,-0.0,770,3814,0,14,-7
752,107.39,32468,396.34,395.83,-0.51,-15.4,-15.4,0.0,0.0,-0.0,-0.0,695,3739,0,13,-8
753,107.48,32466,396.31,395.80,-0.51,-15.4,-15.4,0.0,0.0,-0.0,-0.0,670,3709,0,12,-8
754,107.65,32461,396.25,395.76,-0.49,-14.6,-14.6,0.0,0.0,-0.0,-0.0,607,3655,0,11,-9
755,107.82,32458,396.22,395.71,-0.50,-15.0,-15.0,0.0,0.0,-0.0,-0.0,570,3614,0,11,-10
756,107.90,32457,396.20,395.69,-0.51,-15.4,-15.4,0.0,0.0,-0.0,-0.0,557,3603,0,11,-10
757,108.07,32451,396.13,395.65,-0.49,-14.6,-14.6,0.0,0.0,-0.0,-0.0,482,3528,0,9,-11
758,108.23,32449,396.11,395.60,-0.50,-15.0,-15.0,0.0,0.0,-0.0,-0.0,457,3509,0,9,-11
759,108.39,32444,396.04,395.56,-0.49,-14.6,-14.6,0.0,0.0,-0.0,-0.0,395,3441,0,8,-12
760,108.48,32444,396.04,395.53,-0.51,-15.4,-15.4,0.0,-0.0,-0.0,-0.0,395,3446,0,8,-13
761,108.64,32438,395.97,395.49,-0.48,-14.3,-14.3,0.0,0.0,-0.0,-0.0,320,3368,0,6,-12
762,108.81,32434,395.92,395.44,-0.48,-14.3,-14.3,0.0,0.0,-0.0,-0.0,270,3320,0,5,-13
763,108.90,32432,395.90,395.42,-0.48,-14.3,-14.3,0.0,0.0,-0.0,-0.0,245,3289,0,5,-13
764,109.06,32428,395.85,395.38,-0.48,-14.3,-14.3,0.0,0.0,-0.0,-0.0,195,3243,0,4,-13
765,109.22,32423,395.79,395.33,-0.45,-13.5,-13.5,0.0,0.0,-0.0,-0.0,132,3176,0,2,-13
766,109.38,32420,395.75,395.29,-0.46,-13.9,-13.9,0.0,0.0,-0.0,-0.0,95,3144,0,1,-13
767,109.47,32418,395.73,395.27,-0.46,-13.9,-13.9,0.0,0.0,-0.0,-0.0,70,3117,0,1,-13
768,109.63,32413,395.67,395.22,-0.45,-13.5,-13.5,0.0,0.0,-0.0,-0.0,7,3055,0,0,-13
769,109.79,32410,395.63,395.18,-0.45,-13.5,-13.5,0.0,-0.0,-0.0,-0.0,4066,3022,0,-1,-13
770,109.95,32408,395.61,395.13,-0.48,-14.3,-14.3,0.0,-0.0,-0.0,-0.0,4041,2997,0,-2,-14
771,110.04,32406,395.58,395.11,-0.48,-14.3,-14.3,0.0,-0.0,-0.0,-0.0,4016,2969,0,-2,-14
772,110.20,32400,395.51,395.06,-0.44,-13.2,-13.2,0.0,0.0,-0.0,-0.0,3941,2894,0,-3,-12
773,110.36,32397,395.47,395.02,-0.45,-13.5,-13.5,0.0,0.0,-0.0,-0.0,3903,2854,0,-4,-12
774,110.53,32393,395.42,394.97,-0.45,-13.5,-13.5,0.0,0.0,-0.0,-0.0,3853,2803,0,-5,-12
775,110.69,32392,395.41,394.93,-0.48,-14.3,-14.3,0.0,0.0,-0.0,-0.0,3841,2795,0,-6,-13
776,110.78,32388,395.36,394.90,-0.45,-13.5,-13.5,0.0,-0.0,-0.0,-0.0,3791,2744,0,-6,-11
777,110.95,32386,395.34,394.86,-0.48,-14.3,-14.3,0.0,-0.0,-0.0,-0.0,3766,2723,0,-7,-12
778,111.03,32380,395.26,394.83,-0.43,-12.8,-12.8,0.0,0.0,-0.0,-0.0,3691,2639,0,-8,-10
779,111.20,32380,395.26,394.79,-0.48,-14.3,-14.3,0.0,-0.0,-0.0,-0.0,3691,2648,0,-8,-11
780,111.38,32372,395.17,394.74,-0.43,-12.8,-12.8,0.0,0.0,-0.0,-0.0,3591,2537,0,-9,-8
781,111.46,32370,395.14,394.71,-0.43,-12.8,-12.8,0.0,0.0,-0.0,-0.0,3566,2515,0,-9,-8
782,111.63,32367,395.10,394.67,-0.44,-13.2,-13.2,0.0,0.0,-0.0,-0.0,3528,2476,0,-10,-8
783,111.79,32367,395.10,394.62,-0.49,-14.6,-14.6,0.0,-0.0,-0.0,-0.0,3528,2484,0,-11,-9
784,111.96,32359,395.01,394.58,-0.43,-12.8,-12.8,0.0,0.0,-0.0,-0.0,3428,2378,0,-11,-6
785,112.05,32358,395.00,394.55,-0.44,-13.2,-13.2,0.0,-0.0,-0.0,-0.0,3416,2369,0,-11,-6
786,112.20,32356,394.97,394.51,-0.46,-13.9,-13.9,0.0,-0.0,-0.0,-0.0,3391,2348,0,-12,-6
787,112.38,32354,394.95,394.46,-0.49,-14.6,-14.6,0.0,-0.0,-0.0,-0.0,3366,2322,0,-13,-6
788,112.54,32350,394.90,394.41,-0.49,-14.6,-14.6,0.0,-0.0,-0.0,-0.0,3316,2273,0,-13,-5
789,112.62,32348,394.87,394.39,-0.49,-14.6,-14.6,0.0,-0.0,-0.0,-0.0,3291,2252,0,-14,-4
790,112.79,32345,394.84,394.34,-0.50,-15.0,-15.0,0.0,-0.0,-0.0,-0.0,3253,2212,0,-14,-4
791,112.95,32344,394.82,394.30,-0.52,-15.8,-15.8,0.0,-0.0,-0.0,-0.0,3241,2199,0,-15,-4
792,113.10,32340,394.78,394.25,-0.52,-15.8,-15.8,0.0,-0.0,-0.0,-0.0,3191,2150,0,-15,-2
793,113.19,32340,394.78,394.23,-0.55,-16.5,-16.5,0.0,-0.0,-0.0,-0.0,3191,2151,0,-16,-3
794,113.37,32336,394.73,394.18,-0.55,-16.5,-16.5,0.0,-0.0,-0.0,-0.0,3141,2101,0,-16,-1
795,113.53,32333,394.69,394.13,-0.56,-16.8,-16.8,0.0,-0.0,-0.0,-0.0,3103,2060,0,-16,0
796,113.62,32329,394.64,394.11,-0.54,-16.1,-16.1,0.0,-0.0,-0.0,-0.0,3053,2005,0,-16,1
797,113.79,32328,394.63,394.06,-0.57,-17.2,-17.2,0.0,-0.0,-0.0,-0.0,3041,2000,0,-17,1
798,113.96,32322,394.56,394.01,-0.55,-16.5,-16.5,0.0,0.0,-0.0,-0.0,2966,1918,0,-16,3
799,114.05,32322,394.56,393.99,-0.57,-17.2,-17.2,0.0,-0.0,-0.0,-0.0,2966,1921,0,-16,3
800,114.20,32319,394.52,393.94,-0.57,-17.2,-17.2,0.0,-0.0,-0.0,-0.0,2928,1884,0,-16,4
801,114.38,32316,394.48,393.89,-0.60,-17.9,-17.9,0.0,-0.0,-0.0,-0.0,2891,1849,0,-17,5
802,114.47,32316,394.48,393.87,-0.62,-18.7,-18.7,0.0,-0.0,-0.0,-0.0,2891,1849,0,-17,5
803,114.62,32313,394.45,393.82,-0.62,-18.7,-18.7,0.0,-0.0,-0.0,-0.0,2853,1816,0,-17,6
804,114.78,32309,394.40,393.78,-0.62,-18.7,-18.7,0.0,-0.0,-0.0,-0.0,2803,1762,0,-16,8
805,114.96,32306,394.36,393.73,-0.63,-19.0,-19.0,0.0,-0.0,-0.0,-0.0,2766,1725,0,-16,9
806,115.03,32304,394.34,393.70,-0.63,-19.0,-19.0,0.0,-0.0,-0.0,-0.0,2741,1699,0,-16,9
807,115.19,32297,394.25,393.66,-0.60,-17.9,-17.9,0.0,0.0,-0.0,-0.0,2653,1603,0,-13,11
808,115.36,32293,394.20,393.61,-0.60,-17.9,-17.9,0.0,0.0,-0.0,-0.0,2603,1548,0,-13,12
809,115.52,32293,394.20,393.56,-0.63,-19.0,-19.0,0.0,-0.0,-0.0,-0.0,2603,1560,0,-14,13
810,115.61,32290,394.17,393.54,-0.62,-18.7,-18.7,0.0,0.0,-0.0,-0.0,2566,1517,0,-12,13
811,115.78,32288,394.14,393.49,-0.65,-19.4,-19.4,0.0,-0.0,-0.0,-0.0,2541,1498,0,-12,14
812,115.94,32283,394.08,393.44,-0.63,-19.0,-19.0,0.0,-0.0,-0.0,-0.0,2478,1436,0,-11,15
813,116.03,32282,394.07,393.41,-0.65,-19.4,-19.4,0.0,-0.0,-0.0,-0.0,2466,1424,0,-11,15
814,116.19,32277,394.01,393.37,-0.63,-19.0,-19.0,0.0,0.0,-0.0,-0.0,2403,1355,0,-9,16
815,116.36,32273,393.96,393.32,-0.63,-19.0,-19.0,0.0,0.0,-0.0,-0.0,2353,1304,0,-8,17
816,116.52,32271,393.93,393.27,-0.66,-19.8,-19.8,0.0,-0.0,-0.0,-0.0,2328,1283,0,-7,18
817,116.61,32268,393.90,393.25,-0.65,-19.4,-19.4,0.0,-0.0,-0.0,-0.0,2291,1244,0,-6,18
818,116.78,32264,393.85,393.20,-0.65,-19.4,-19.4,0.0,0.0,-0.0,-0.0,2241,1193,0,-5,18
819,116.94,32261,393.81,393.15,-0.66,-19.8,-19.8,0.0,-0.0,-0.0,-0.0,2203,1161,0,-4,19
820,117.03,32259,393.79,393.12,-0.66,-19.8,-19.8,0.0,-0.0,-0.0,-0.0,2178,1131,0,-3,19
821,117.20,32253,393.71,393.07,-0.63,-19.0,-19.0,0.0,0.0,-0.0,-0.0,2103,1052,0,-1,18
822,117.37,32248,393.65,393.02,-0.63,-19.0,-19.0,0.0,0.0,-0.0,-0.0,2041,990,0,1,18
823,117.46,32245,393.62,393.00,-0.62,-18.7,-18.7,0.0,0.0,-0.0,-0.0,2003,949,0,2,18
824,117.63,32242,393.58,392.95,-0.63,-19.0,-19.0,0.0,0.0,-0.0,-0.0,1966,915,0,3,18
825,117.79,32241,393.57,392.90,-0.67,-20.1,-20.1,0.0,-0.0,-0.0,-0.0,1953,908,0,3,19
826,117.96,32234,393.48,392.85,-0.63,-19.0,-19.0,0.0,0.0,-0.0,-0.0,1866,817,0,6,18
827,118.05,32232,393.46,392.82,-0.63,-19.0,-19.0,0.0,0.0,-0.0,-0.0,1841,790,0,6,17
828,118.21,32224,393.36,392.78,-0.59,-17.6,-17.6,0.0,0.0,-0.0,-0.0,1741,691,0,8,15
829,118.39,32220,393.31,392.72,-0.59,-17.6,-17.6,0.0,0.0,-0.0,-0.0,1691,632,0,10,14
830,118.47,32216,393.26,392.70,-0.56,-16.8,-16.8,0.0,0.0,-0.0,-0.0,1641,579,0,10,13
831,118.65,32213,393.23,392.65,-0.57,-17.2,-17.2,0.0,0.0,-0.0,-0.0,1603,547,0,11,12
832,118.81,32212,393.21,392.60,-0.61,-18.3,-18.3,0.0,0.0,-0.0,-0.0,1591,544,0,12,13
833,118.91,32211,393.20,392.57,-0.63,-19.0,-19.0,0.0,-0.0,-0.0,-0.0,1578,533,0,13,13
834,119.07,32207,393.15,392.52,-0.63,-19.0,-19.0,0.0,-0.0,-0.0,-0.0,1528,486,0,14,13
835,119.24,32198,393.04,392.47,-0.57,-17.2,-17.2,0.0,0.0,-0.0,-0.0,1416,367,0,14,9
836,119.33,32198,393.04,392.44,-0.60,-17.9,-17.9,0.0,-0.0,-0.0,-0.0,1416,367,0,15,9
837,119.51,32195,393.01,392.39,-0.61,-18.3,-18.3,0.0,0.0,-0.0,-0.0,1378,329,0,16,9
838,119.59,32191,392.96,392.36,-0.59,-17.6,-17.6,0.0,0.0,-0.0,-0.0,1328,272,0,16,7
839,119.76,32188,392.92,392.32,-0.61,-18.3,-18.3,0.0,0.0,-0.0,-0.0,1291,239,0,17,6
840,119.93,32184,392.87,392.27,-0.61,-18.3,-18.3,0.0,-0.0,-0.0,-0.0,1241,197,0,17,5
841,120.10,32176,392.77,392.21,-0.56,-16.8,-16.8,0.0,0.0,-0.0,-0.0,1141,85,0,16,2
842,120.19,32176,392.77,392.19,-0.59,-17.6,-17.6,0.0,0.0,-0.0,-0.0,1141,87,0,17,2
843,120.35,32175,392.76,392.14,-0.62,-18.7,-18.7,0.0,-0.0,-0.0,-0.0,1128,85,0,18,2
844,120.52,32169,392.69,392.09,-0.60,-17.9,-17.9,0.0,0.0,-0.0,-0.0,1053,4,0,17,0
845,120.61,32165,392.64,392.06,-0.57,-17.2,-17.2,0.0,0.0,-0.0,-0.0,1003,4045,0,17,-1
846,120.78,32164,392.63,392.01,-0.62,-18.7,-18.7,0.0,-0.0,-0.0,-0.0,991,4045,0,18,-1
847,120.95,32157,392.54,391.96,-0.59,-17.6,-17.6,0.0,0.0,-0.0,-0.0,903,3949,0,17,-4
848,121.04,32154,392.50,391.93,-0.57,-17.2,-17.2,0.0,0.0,-0.0,-0.0,866,3903,0,16,-5
849,121.20,32150,392.46,391.88,-0.57,-17.2,-17.2,0.0,0.0,-0.0,-0.0,816,3861,0,16,-6
850,121.38,32143,392.37,391.83,-0.55,-16.5,-16.5,0.0,0.0,-0.0,-0.0,728,3771,0,14,-8
851,121.46,32141,392.35,391.80,-0.55,-16.5,-16.5,0.0,0.0,-0.0,-0.0,703,3740,0,14,-8
852,121.63,32140,392.33,391.75,-0.59,-17.6,-17.6,0.0,0.0,-0.0,-0.0,691,3739,0,15,-9
853,121.80,32133,392.25,391.70,-0.55,-16.5,-16.5,0.0,0.0,-0.0,-0.0,603,3647,0,12,-10
854,121.89,32131,392.22,391.67,-0.55,-16.5,-16.5,0.0,0.0,-0.0,-0.0,578,3621,0,12,-11
855,122.05,32125,392.15,391.62,-0.52,-15.8,-15.8,0.0,0.0,-0.0,-0.0,503,3551,0,10,-11
856,122.21,32124,392.14,391.57,-0.56,-16.8,-16.8,0.0,0.0,-0.0,-0.0,491,3540,0,11,-12
857,122.31,32121,392.10,391.55,-0.56,-16.8,-16.8,0.0,0.0,-0.0,-0.0,453,3495,0,10,-13
858,122.48,32113,392.00,391.49,-0.51,-15.4,-15.4,0.0,0.0,-0.0,-0.0,353,3396,0,7,-13
859,122.65,32111,391.98,391.44,-0.54,-16.1,-16.1,0.0,0.0,-0.0,-0.0,328,3373,0,7,-14
860,122.81,32109,391.96,391.39,-0.56,-16.8,-16.8,0.0,-0.0,-0.0,-0.0,303,3351,0,7,-15
861,122.88,32104,391.89,391.37,-0.52,-15.8,-15.8,0.0,0.0,-0.0,-0.0,241,3286,0,5,-14
862,123.05,32101,391.86,391.31,-0.55,-16.5,-16.5,0.0,-0.0,-0.0,-0.0,203,3249,0,4,-15
863,123.22,32099,391.83,391.26,-0.57,-17.2,-17.2,0.0,-0.0,-0.0,-0.0,178,3230,0,4,-16
864,123.32,32095,391.78,391.23,-0.55,-16.5,-16.5,0.0,-0.0,-0.0,-0.0,128,3172,0,2,-16
865,123.48,32092,391.75,391.18,-0.56,-16.8,-16.8,0.0,0.0,-0.0,-0.0,91,3139,0,2,-16
866,123.65,32087,391.69,391.13,-0.55,-16.5,-16.5,0.0,-0.0,-0.0,-0.0,28,3079,0,0,-16
867,123.74,32082,391.63,391.10,-0.52,-15.8,-15.8,0.0,0.0,-0.0,-0.0,4062,3007,0,-2,-15
868,123.92,32079,391.59,391.05,-0.54,-16.1,-16.1,0.0,0.0,-0.0,-0.0,4024,2968,0,-2,-15
869,124.07,32074,391.53,391.00,-0.52,-15.8,-15.8,0.0,0.0,-0.0,-0.0,3962,2908,0,-4,-15
870,124.16,32070,391.48,390.97,-0.50,-15.0,-15.0,0.0,0.0,-0.0,-0.0,3912,2855,0,-5,-14
871,124.33,32067,391.44,390.92,-0.52,-15.8,-15.8,0.0,0.0,-0.0,-0.0,3874,2822,0,-6,-14
872,124.52,32061,391.37,390.87,-0.50,-15.0,-15.0,0.0,0.0,-0.0,-0.0,3799,2748,0,-7,-13
873,124.61,32060,391.36,390.83,-0.52,-15.8,-15.8,0.0,0.0,-0.0,-0.0,3787,2724,0,-8,-13
874,124.78,32058,391.33,390.78,-0.55,-16.5,-16.5,0.0,-0.0,-0.0,-0.0,3762,2716,0,-8,-14
875,124.95,32054,391.28,390.73,-0.56,-16.8,-16.8,0.0,-0.0,-0.0,-0.0,3712,2669,0,-9,-13
876,125.04,32048,391.21,390.70,-0.51,-15.4,-15.4,0.0,0.0,-0.0,-0.0,3637,2584,0,-10,-11
877,125.20,32042,391.14,390.65,-0.49,-14.6,-14.6,0.0,0.0,-0.0,-0.0,3562,2513,0,-11,-9
878,125.37,32038,391.09,390.59,-0.50,-15.0,-15.0,0.0,0.0,-0.0,-0.0,3512,2459,0,-12,-9
879,125.46,32037,391.08,390.57,-0.51,-15.4,-15.4,0.0,0.0,-0.0,-0.0,3499,2442,0,-12,-8
880,125.63,32033,391.03,390.51,-0.51,-15.4,-15.4,0.0,0.0,-0.0,-0.0,3449,2395,0,-13,-8
881,125.79,32031,391.00,390.46,-0.54,-16.1,-16.1,0.0,-0.0,-0.0,-0.0,3424,2381,0,-14,-8
882,125.87,32028,390.97,390.44,-0.52,-15.8,-15.8,0.0,-0.0,-0.0,-0.0,3387,2342,0,-14,-7
883,126.04,32023,390.91,390.38,-0.52,-15.8,-15.8,0.0,-0.0,-0.0,-0.0,3324,2278,0,-14,-5
884,126.22,32017,390.83,390.33,-0.50,-15.0,-15.0,0.0,0.0,-0.0,-0.0,3249,2197,0,-14,-3
885,126.30,32015,390.81,390.30,-0.50,-15.0,-15.0,0.0,0.0,-0.0,-0.0,3224,2172,0,-14,-3
886,126.47,32012,390.77,390.25,-0.52,-15.8,-15.8,0.0,0.0,-0.0,-0.0,3187,2133,0,-15,-2
887,126.64,32010,390.75,390.20,-0.55,-16.5,-16.5,0.0,-0.0,-0.0,-0.0,3162,2117,0,-16,-2
888,126.72,32010,390.75,390.17,-0.57,-17.2,-17.2,0.0,-0.0,-0.0,-0.0,3162,2118,0,-17,-2
889,126.89,32003,390.66,390.12,-0.55,-16.5,-16.5,0.0,-0.0,-0.0,-0.0,3074,2030,0,-16,0
890,127.06,32003,390.66,390.06,-0.60,-17.9,-17.9,0.0,-0.0,-0.0,-0.0,3074,2033,0,-17,0
891,127.21,31997,390.59,390.01,-0.57,-17.2,-17.2,0.0,-0.0,-0.0,-0.0,2999,1956,0,-17,2
892,127.30,31993,390.54,389.99,-0.55,-16.5,-16.5,0.0,0.0,-0.0,-0.0,2949,1898,0,-16,4
893,127.47,31991,390.52,389.93,-0.59,-17.6,-17.6,0.0,-0.0,-0.0,-0.0,2924,1878,0,-16,4
894,127.63,31986,390.45,389.88,-0.57,-17.2,-17.2,0.0,0.0,-0.0,-0.0,2862,1811,0,-16,6
895,127.80,31979,390.37,389.83,-0.54,-16.1,-16.1,0.0,0.0,-0.0,-0.0,2774,1719,0,-14,8
896,127.89,31977,390.34,389.80,-0.55,-16.5,-16.5,0.0,0.0,-0.0,-0.0,2749,1694,0,-14,8
897,128.05,31972,390.28,389.75,-0.54,-16.1,-16.1,0.0,0.0,-0.0,-0.0,2687,1635,0,-13,9
898,128.21,31968,390.23,389.70,-0.54,-16.1,-16.1,0.0,0.0,-0.0,-0.0,2637,1580,0,-12,10
899,128.30,31965,390.20,389.67,-0.52,-15.8,-15.8,0.0,0.0,-0.0,-0.0,2599,1540,0,-11,11
900,128.46,31965,390.20,389.61,-0.59,-17.6,-17.6,0.0,-0.0,-0.0,-0.0,2599,1555,0,-12,12
901,128.63,31959,390.12,389.56,-0.56,-16.8,-16.8,0.0,-0.0,-0.0,-0.0,2524,1477,0,-10,13
902,128.79,31956,390.09,389.51,-0.59,-17.6,-17.6,0.0,-0.0,-0.0,-0.0,2487,1442,0,-10,14
903,128.88,31954,390.06,389.48,-0.59,-17.6,-17.6,0.0,-0.0,-0.0,-0.0,2462,1416,0,-10,14
904,129.04,31950,390.01,389.43,-0.59,-17.6,-17.6,0.0,-0.0,-0.0,-0.0,2412,1366,0,-9,15
905,129.21,31946,389.97,389.37,-0.59,-17.6,-17.6,0.0,-0.0,-0.0,-0.0,2362,1316,0,-7,15
906,129.30,31943,389.93,389.34,-0.59,-17.6,-17.6,0.0,-0.0,-0.0,-0.0,2324,1273,0,-6,16
907,129.47,31940,389.89,389.29,-0.60,-17.9,-17.9,0.0,-0.0,-0.0,-0.0,2287,1239,0,-6,16
908,129.64,31935,389.83,389.23,-0.60,-17.9,-17.9,0.0,-0.0,-0.0,-0.0,2224,1176,0,-4,17
909,129.73,31933,389.81,389.21,-0.60,-17.9,-17.9,0.0,-0.0,-0.0,-0.0,2199,1149,0,-3,17
910,129.89,31929,389.76,389.15,-0.61,-18.3,-18.3,0.0,-0.0,-0.0,-0.0,2149,1101,0,-2,18
911,130.05,31923,389.69,389.10,-0.59,-17.6,-17.6,0.0,-0.0,-0.0,-0.0,2074,1026,0,0,17
912,130.22,31921,389.66,389.04,-0.61,-18.3,-18.3,0.0,-0.0,-0.0,-0.0,2049,1000,0,1,18
913,130.31,31916,389.60,389.02,-0.59,-17.6,-17.6,0.0,0.0,-0.0,-0.0,1987,932,0,2,17
914,130.48,31913,389.56,388.96,-0.60,-17.9,-17.9,0.0,0.0,-0.0,-0.0,1949,898,0,3,17
915,130.65,31911,389.54,388.91,-0.63,-19.0,-19.0,0.0,-0.0,-0.0,-0.0,1924,880,0,4,18
916,130.74,31908,389.50,388.88,-0.62,-18.7,-18.7,0.0,-0.0,-0.0,-0.0,1887,840,0,5,17
917,130.91,31901,389.42,388.82,-0.60,-17.9,-17.9,0.0,0.0,-0.0,-0.0,1799,745,0,7,16
918,131.08,31896,389.36,388.77,-0.59,-17.6,-17.6,0.0,-0.0,-0.0,-0.0,1737,688,0,8,15
919,131.16,31893,389.32,388.74,-0.57,-17.2,-17.2,0.0,0.0,-0.0,-0.0,1699,646,0,9,14
920,131.33,31888,389.26,388.68,-0.57,-17.2,-17.2,0.0,0.0,-0.0,-0.0,1637,579,0,11,13
921,131.49,31883,389.20,388.63,-0.56,-16.8,-16.8,0.0,0.0,-0.0,-0.0,1574,524,0,11,12
922,131.66,31881,389.17,388.58,-0.60,-17.9,-17.9,0.0,-0.0,-0.0,-0.0,1549,498,0,13,12
923,131.74,31878,389.14,388.55,-0.59,-17.6,-17.6,0.0,0.0,-0.0,-0.0,1512,460,0,13,11
924,131.92,31871,389.05,388.49,-0.56,-16.8,-16.8,0.0,0.0,-0.0,-0.0,1424,368,0,14,9
925,132.08,31866,388.99,388.44,-0.55,-16.5,-16.5,0.0,0.0,-0.0,-0.0,1362,310,0,14,7
926,132.17,31862,388.94,388.41,-0.54,-16.1,-16.1,0.0,0.0,-0.0,-0.0,1312,254,0,14,6
927,132.35,31859,388.90,388.35,-0.55,-16.5,-16.5,0.0,0.0,-0.0,-0.0,1274,218,0,15,5
928,132.51,31856,388.87,388.29,-0.57,-17.2,-17.2,0.0,0.0,-0.0,-0.0,1237,186,0,16,5
929,132.61,31855,388.85,388.26,-0.59,-17.6,-17.6,0.0,-0.0,-0.0,-0.0,1224,174,0,16,4
930,132.77,31851,388.81,388.21,-0.60,-17.9,-17.9,0.0,-0.0,-0.0,-0.0,1174,128,0,17,3
931,132.86,31849,388.78,388.18,-0.61,-18.3,-18.3,0.0,-0.0,-0.0,-0.0,1149,104,0,18,3
932,133.03,31843,388.71,388.12,-0.59,-17.6,-17.6,0.0,-0.0,-0.0,-0.0,1074,27,0,17,1
933,133.20,31838,388.65,388.06,-0.59,-17.6,-17.6,0.0,-0.0,-0.0,-0.0,1012,4058,0,17,-1
934,133.29,31837,388.64,388.03,-0.60,-17.9,-17.9,0.0,-0.0,-0.0,-0.0,999,4041,0,17,-1
935,133.45,31834,388.60,387.98,-0.61,-18.3,-18.3,0.0,-0.0,-0.0,-0.0,962,4010,0,18,-2
936,133.61,31828,388.53,387.93,-0.60,-17.9,-17.9,0.0,0.0,-0.0,-0.0,887,3931,0,17,-4
937,133.78,31820,388.43,387.87,-0.56,-16.8,-16.8,0.0,0.0,-0.0,-0.0,787,3829,0,15,-6
938,133.87,31820,388.43,387.84,-0.59,-17.6,-17.6,0.0,0.0,-0.0,-0.0,787,3832,0,16,-7
939,134.03,31818,388.40,387.79,-0.62,-18.7,-18.7,0.0,-0.0,-0.0,-0.0,762,3811,0,16,-8
940,134.20,31812,388.33,387.73,-0.60,-17.9,-17.9,0.0,0.0,-0.0,-0.0,687,3729,0,15,-9
941,134.37,31810,388.31,387.67,-0.63,-19.0,-19.0,0.0,-0.0,-0.0,-0.0,662,3714,0,15,-10
942,134.45,31810,388.31,387.65,-0.66,-19.8,-19.8,0.0,-0.0,-0.0,-0.0,662,3718,0,16,-10
943,134.63,31802,388.21,387.59,-0.62,-18.7,-18.7,0.0,-0.0,-0.0,-0.0,562,3606,0,13,-12
944,134.79,31797,388.15,387.53,-0.61,-18.3,-18.3,0.0,-0.0,-0.0,-0.0,499,3546,0,12,-13
945,134.87,31795,388.12,387.51,-0.62,-18.7,-18.7,0.0,-0.0,-0.0,-0.0,474,3523,0,12,-14
946,135.04,31787,388.02,387.45,-0.57,-17.2,-17.2,0.0,0.0,-0.0,-0.0,374,3411,0,8,-14
947,135.21,31785,388.00,387.39,-0.61,-18.3,-18.3,0.0,0.0,-0.0,-0.0,349,3388,0,8,-16
948,135.30,31785,388.00,387.36,-0.65,-19.4,-19.4,0.0,-0.0,-0.0,-0.0,349,3392,0,9,-17
949,135.47,31777,387.90,387.30,-0.60,-17.9,-17.9,0.0,0.0,-0.0,-0.0,249,3291,0,6,-16
950,135.64,31773,387.85,387.24,-0.61,-18.3,-18.3,0.0,-0.0,-0.0,-0.0,199,3247,0,5,-17
951,135.73,31769,387.81,387.21,-0.59,-17.6,-17.6,0.0,-0.0,-0.0,-0.0,149,3193,0,3,-17
952,135.89,31766,387.77,387.16,-0.61,-18.3,-18.3,0.0,0.0,-0.0,-0.0,112,3157,0,2,-18
953,136.06,31761,387.71,387.10,-0.61,-18.3,-18.3,0.0,0.0,-0.0,-0.0,49,3092,0,1,-18
954,136.15,31758,387.67,387.07,-0.60,-17.9,-17.9,0.0,0.0,-0.0,-0.0,12,3054,0,0,-17
955,136.32,31752,387.60,387.01,-0.59,-17.6,-17.6,0.0,0.0,-0.0,-0.0,4033,2979,0,-2,-17
956,136.48,31749,387.56,386.96,-0.60,-17.9,-17.9,0.0,0.0,-0.0,-0.0,3995,2943,0,-3,-17
957,136.65,31741,387.46,386.90,-0.56,-16.8,-16.8,0.0,0.0,-0.0,-0.0,3895,2837,0,-6,-15
958,136.73,31741,387.46,386.87,-0.59,-17.6,-17.6,0.0,0.0,-0.0,-0.0,3895,2839,0,-6,-16
959,136.90,31733,387.37,386.81,-0.55,-16.5,-16.5,0.0,0.0,-0.0,-0.0,3795,2739,0,-8,-14
960,137.07,31732,387.35,386.76,-0.60,-17.9,-17.9,0.0,0.0,-0.0,-0.0,3783,2731,0,-9,-15
961,137.16,31730,387.33,386.73,-0.60,-17.9,-17.9,0.0,0.0,-0.0,-0.0,3758,2705,0,-9,-15
962,137.31,31726,387.28,386.67,-0.61,-18.3,-18.3,0.0,-0.0,-0.0,-0.0,3708,2663,0,-10,-14
963,137.47,31720,387.21,386.62,-0.59,-17.6,-17.6,0.0,0.0,-0.0,-0.0,3633,2583,0,-12,-12
964,137.65,31715,387.15,386.56,-0.59,-17.6,-17.6,0.0,-0.0,-0.0,-0.0,3570,2518,0,-13,-11
965,137.73,31714,387.13,386.53,-0.61,-18.3,-18.3,0.0,-0.0,-0.0,-0.0,3558,2506,0,-14,-11
966,137.90,31708,387.06,386.47,-0.59,-17.6,-17.6,0.0,0.0,-0.0,-0.0,3483,2432,0,-14,-9
967,138.07,31699,386.95,386.41,-0.54,-16.1,-16.1,0.0,0.0,-0.0,-0.0,3370,2313,0,-14,-6
968,138.16,31698,386.94,386.38,-0.56,-16.8,-16.8,0.0,0.0,-0.0,-0.0,3358,2299,0,-15,-6
969,138.32,31694,386.89,386.33,-0.56,-16.8,-16.8,0.0,0.0,-0.0,-0.0,3308,2256,0,-15,-5
970,138.49,31688,386.82,386.27,-0.55,-16.5,-16.5,0.0,0.0,-0.0,-0.0,3233,2176,0,-16,-3
971,138.57,31685,386.78,386.24,-0.54,-16.1,-16.1,0.0,0.0,-0.0,-0.0,3195,2136,0,-15,-2
972,138.73,31682,386.74,386.18,-0.56,-16.8,-16.8,0.0,-0.0,-0.0,-0.0,3158,2108,0,-16,-1
973,138.90,31676,386.67,386.13,-0.55,-16.5,-16.5,0.0,0.0,-0.0,-0.0,3083,2029,0,-16,0
974,139.06,31672,386.62,386.07,-0.55,-16.5,-16.5,0.0,0.0,-0.0,-0.0,3033,1974,0,-16,2
975,139.15,31670,386.60,386.04,-0.56,-16.8,-16.8,0.0,-0.0,-0.0,-0.0,3008,1954,0,-16,2
976,139.31,31669,386.58,385.98,-0.60,-17.9,-17.9,0.0,-0.0,-0.0,-0.0,2995,1947,0,-17,3
977,139.47,31661,386.49,385.93,-0.56,-16.8,-16.8,0.0,-0.0,-0.0,-0.0,2895,1845,0,-16,5
978,139.64,31656,386.43,385.87,-0.56,-16.8,-16.8,0.0,-0.0,-0.0,-0.0,2833,1783,0,-15,6
979,139.73,31653,386.39,385.84,-0.55,-16.5,-16.5,0.0,0.0,-0.0,-0.0,2795,1740,0,-14,7
980,139.89,31650,386.35,385.78,-0.57,-17.2,-17.2,0.0,0.0,-0.0,-0.0,2758,1705,0,-14,8
981,140.06,31646,386.30,385.72,-0.59,-17.6,-17.6,0.0,0.0,-0.0,-0.0,2708,1656,0,-14,10
982,140.14,31643,386.27,385.69,-0.57,-17.2,-17.2,0.0,-0.0,-0.0,-0.0,2670,1618,0,-13,10
983,140.32,31640,386.23,385.63,-0.60,-17.9,-17.9,0.0,-0.0,-0.0,-0.0,2633,1584,0,-13,11
984,140.47,31636,386.18,385.58,-0.61,-18.3,-18.3,0.0,-0.0,-0.0,-0.0,2583,1536,0,-13,13
985,140.65,31629,386.10,385.52,-0.59,-17.6,-17.6,0.0,-0.0,-0.0,-0.0,2495,1442,0,-10,14
986,140.73,31623,386.02,385.49,-0.54,-16.1,-16.1,0.0,0.0,-0.0,-0.0,2420,1361,0,-8,14
987,140.90,31622,386.01,385.43,-0.59,-17.6,-17.6,0.0,-0.0,-0.0,-0.0,2408,1358,0,-8,15
988,141.07,31620,385.99,385.37,-0.62,-18.7,-18.7,0.0,-0.0,-0.0,-0.0,2383,1334,0,-8,16
989,141.15,31614,385.91,385.34,-0.57,-17.2,-17.2,0.0,0.0,-0.0,-0.0,2308,1250,0,-6,16
990,141.32,31610,385.86,385.28,-0.59,-17.6,-17.6,0.0,0.0,-0.0,-0.0,2258,1206,0,-5,16
991,141.48,31608,385.84,385.22,-0.62,-18.7,-18.7,0.0,-0.0,-0.0,-0.0,2233,1189,0,-5,18
992,141.57,31602,385.77,385.19,-0.57,-17.2,-17.2,0.0,0.0,-0.0,-0.0,2158,1102,0,-2,17
993,141.74,31597,385.71,385.13,-0.57,-17.2,-17.2,0.0,0.0,-0.0,-0.0,2095,1036,0,0,17
994,141.91,31590,385.62,385.07,-0.55,-16.5,-16.5,0.0,0.0,-0.0,-0.0,2008,956,0,2,16
995,142.00,31590,385.62,385.04,-0.59,-17.6,-17.6,0.0,0.0,-0.0,-0.0,2008,952,0,2,17
996,142.17,31583,385.53,384.98,-0.56,-16.8,-16.8,0.0,0.0,-0.0,-0.0,1920,859,0,4,16
997,142.34,31578,385.47,384.92,-0.56,-16.8,-16.8,0.0,0.0,-0.0,-0.0,1858,801,0,5,15
998,142.42,31573,385.41,384.89,-0.52,-15.8,-15.8,0.0,0.0,-0.0,-0.0,1795,736,0,7,14
999,142.59,31571,385.39,384.83,-0.56,-16.8,-16.8,0.0,-0.0,-0.0,-0.0,1770,719,0,7,15
1000,142.75,31563,385.29,384.77,-0.52,-15.8,-15.8,0.0,0.0,-0.0,-0.0,1670,611,0,9,12
1001,142.92,31557,385.22,384.71,-0.51,-15.4,-15.4,0.0,0.0,-0.0,-0.0,1595,536,0,10,11
1002,143.01,31554,385.18,384.68,-0.50,-15.0,-15.0,0.0,0.0,-0.0,-0.0,1558,496,0,11,10
1003,143.17,31552,385.16,384.62,-0.54,-16.1,-16.1,0.0,0.0,-0.0,-0.0,1533,480,0,12,10
1004,143.34,31546,385.08,384.56,-0.52,-15.8,-15.8,0.0,0.0,-0.0,-0.0,1458,403,0,12,9
1005,143.43,31544,385.06,384.53,-0.52,-15.8,-15.8,0.0,0.0,-0.0,-0.0,1433,380,0,13,8
1006,143.59,31541,385.02,384.47,-0.55,-16.5,-16.5,0.0,-0.0,-0.0,-0.0,1395,348,0,14,8
1007,143.76,31536,384.96,384.41,-0.55,-16.5,-16.5,0.0,-0.0,-0.0,-0.0,1333,282,0,14,7
1008,143.92,31530,384.89,384.35,-0.54,-16.1,-16.1,0.0,0.0,-0.0,-0.0,1258,205,0,15,5
1009,144.01,31527,384.85,384.32,-0.54,-16.1,-16.1,0.0,-0.0,-0.0,-0.0,1220,165,0,15,4
1010,144.17,31526,384.84,384.26,-0.57,-17.2,-17.2,0.0,-0.0,-0.0,-0.0,1208,162,0,16,4
1011,144.34,31520,384.77,384.20,-0.56,-16.8,-16.8,0.0,-0.0,-0.0,-0.0,1133,79,0,16,2
1012,144.43,31515,384.70,384.17,-0.54,-16.1,-16.1,0.0,0.0,-0.0,-0.0,1070,13,0,16,0
1013,144.59,31513,384.68,384.11,-0.57,-17.2,-17.2,0.0,-0.0,-0.0,-0.0,1045,4093,0,17,0
1014,144.75,31505,384.58,384.05,-0.54,-16.1,-16.1,0.0,0.0,-0.0,-0.0,945,3986,0,15,-3
1015,144.93,31500,384.52,383.99,-0.54,-16.1,-16.1,0.0,0.0,-0.0,-0.0,883,3916,0,15,-4
1016,145.01,31496,384.47,383.96,-0.51,-15.4,-15.4,0.0,0.0,-0.0,-0.0,833,3867,0,14,-5
1017,145.18,31493,384.44,383.90,-0.54,-16.1,-16.1,0.0,0.0,-0.0,-0.0,795,3835,0,14,-6
1018,145.34,31489,384.39,383.84,-0.55,-16.5,-16.5,0.0,0.0,-0.0,-0.0,745,3788,0,14,-7
1019,145.42,31488,384.38,383.81,-0.56,-16.8,-16.8,0.0,-0.0,-0.0,-0.0,733,3779,0,14,-8
1020,145.59,31487,384.36,383.75,-0.61,-18.3,-18.3,0.0,-0.0,-0.0,-0.0,720,3773,0,16,-8
1021,145.76,31483,384.31,383.68,-0.63,-19.0,-19.0,0.0,-0.0,-0.0,-0.0,670,3725,0,16,-10
1022,145.85,31478,384.25,383.65,-0.60,-17.9,-17.9,0.0,-0.0,-0.0,-0.0,608,3656,0,14,-11
1023,146.01,31469,384.14,383.59,-0.55,-16.5,-16.5,0.0,0.0,-0.0,-0.0,495,3537,0,10,-12
1024,146.18,31467,384.12,383.53,-0.59,-17.6,-17.6,0.0,0.0,-0.0,-0.0,470,3511,0,11,-13
1025,146.35,31461,384.05,383.47,-0.57,-17.2,-17.2,0.0,0.0,-0.0,-0.0,395,3432,0,9,-14
1026,146.43,31459,384.02,383.44,-0.59,-17.6,-17.6,0.0,0.0,-0.0,-0.0,370,3405,0,8,-15
1027,146.60,31456,383.98,383.38,-0.61,-18.3,-18.3,0.0,-0.0,-0.0,-0.0,333,3382,0,8,-16
1028,146.76,31450,383.91,383.32,-0.60,-17.9,-17.9,0.0,-0.0,-0.0,-0.0,258,3303,0,6,-16
1029,146.85,31449,383.90,383.29,-0.61,-18.3,-18.3,0.0,-0.0,-0.0,-0.0,245,3289,0,6,-17
1030,147.02,31443,383.83,383.22,-0.60,-17.9,-17.9,0.0,-0.0,-0.0,-0.0,170,3215,0,4,-17
1031,147.19,31438,383.76,383.16,-0.60,-17.9,-17.9,0.0,0.0,-0.0,-0.0,108,3149,0,2,-17
1032,147.27,31435,383.73,383.13,-0.60,-17.9,-17.9,0.0,0.0,-0.0,-0.0,70,3110,0,1,-17
1033,147.45,31431,383.68,383.07,-0.61,-18.3,-18.3,0.0,-0.0,-0.0,-0.0,20,3064,0,0,-18
1034,147.61,31425,383.61,383.00,-0.60,-17.9,-17.9,0.0,0.0,-0.0,-0.0,4041,2984,0,-2,-17
1035,147.70,31422,383.57,382.97,-0.60,-17.9,-17.9,0.0,0.0,-0.0,-0.0,4004,2946,0,-3,-17
1036,147.87,31416,383.50,382.91,-0.59,-17.6,-17.6,0.0,0.0,-0.0,-0.0,3929,2872,0,-5,-16
1037,148.05,31413,383.46,382.84,-0.61,-18.3,-18.3,0.0,0.0,-0.0,-0.0,3891,2839,0,-6,-17
1038,148.13,31410,383.42,382.81,-0.61,-18.3,-18.3,0.0,0.0,-0.0,-0.0,3854,2798,0,-7,-16
1039,148.30,31405,383.36,382.75,-0.61,-18.3,-18.3,0.0,-0.0,-0.0,-0.0,3791,2739,0,-9,-15
1040,148.47,31399,383.29,382.69,-0.60,-17.9,-17.9,0.0,0.0,-0.0,-0.0,3716,2662,0,-10,-14
1041,148.56,31396,383.25,382.65,-0.60,-17.9,-17.9,0.0,-0.0,-0.0,-0.0,3679,2624,0,-11,-13
1042,148.73,31388,383.15,382.59,-0.56,-16.8,-16.8,0.0,0.0,-0.0,-0.0,3579,2520,0,-12,-11
1043,148.90,31382,383.08,382.53,-0.55,-16.5,-16.5,0.0,0.0,-0.0,-0.0,3504,2441,0,-13,-9
1044,148.99,31380,383.06,382.49,-0.56,-16.8,-16.8,0.0,0.0,-0.0,-0.0,3479,2416,0,-14,-9
1045,149.16,31379,383.04,382.43,-0.61,-18.3,-18.3,0.0,-0.0,-0.0,-0.0,3466,2413,0,-15,-9
1046,149.32,31371,382.95,382.37,-0.57,-17.2,-17.2,0.0,0.0,-0.0,-0.0,3366,2311,0,-15,-7
1047,149.41,31370,382.93,382.34,-0.60,-17.9,-17.9,0.0,-0.0,-0.0,-0.0,3354,2301,0,-16,-7
1048,149.58,31363,382.85,382.28,-0.57,-17.2,-17.2,0.0,-0.0,-0.0,-0.0,3266,2214,0,-16,-4
1049,149.75,31361,382.82,382.21,-0.61,-18.3,-18.3,0.0,-0.0,-0.0,-0.0,3241,2189,0,-17,-4
1050,149.91,31357,382.78,382.15,-0.62,-18.7,-18.7,0.0,-0.0,-0.0,-0.0,3191,2139,0,-18,-3
1051,149.98,31356,382.76,382.12,-0.65,-19.4,-19.4,0.0,-0.0,-0.0,-0.0,3179,2133,0,-19,-2
1052,150.15,31350,382.69,382.06,-0.63,-19.0,-19.0,0.0,-0.0,-0.0,-0.0,3104,2055,0,-18,0
1053,150.33,31343,382.60,381.99,-0.61,-18.3,-18.3,0.0,-0.0,-0.0,-0.0,3016,1962,0,-18,2
1054,150.41,31341,382.58,381.96,-0.62,-18.7,-18.7,0.0,-0.0,-0.0,-0.0,2991,1935,0,-18,3
1055,150.58,31336,382.52,381.90,-0.62,-18.7,-18.7,0.0,0.0,-0.0,-0.0,2929,1875,0,-17,5
1056,150.75,31331,382.46,381.83,-0.62,-18.7,-18.7,0.0,0.0,-0.0,-0.0,2866,1812,0,-17,6
1057,150.83,31327,382.41,381.80,-0.61,-18.3,-18.3,0.0,0.0,-0.0,-0.0,2816,1758,0,-16,8
1058,151.00,31323,382.36,381.74,-0.62,-18.7,-18.7,0.0,-0.0,-0.0,-0.0,2766,1715,0,-16,9
1059,151.17,31320,382.32,381.68,-0.65,-19.4,-19.4,0.0,0.0,-0.0,-0.0,2729,1674,0,-16,10
1060,151.34,31314,382.25,381.61,-0.63,-19.0,-19.0,0.0,-0.0,-0.0,-0.0,2654,1600,0,-14,12
1061,151.43,31311,382.21,381.58,-0.63,-19.0,-19.0,0.0,-0.0,-0.0,-0.0,2616,1561,0,-14,13
1062,151.60,31306,382.15,381.51,-0.63,-19.0,-19.0,0.0,-0.0,-0.0,-0.0,2554,1501,0,-12,14
1063,151.77,31299,382.07,381.45,-0.62,-18.7,-18.7,0.0,0.0,-0.0,-0.0,2466,1410,0,-10,15
1064,151.86,31295,382.02,381.42,-0.60,-17.9,-17.9,0.0,0.0,-0.0,-0.0,2416,1353,0,-8,15
1065,152.03,31291,381.97,381.35,-0.62,-18.7,-18.7,0.0,0.0,-0.0,-0.0,2366,1308,0,-8,16
1066,152.19,31284,381.88,381.29,-0.60,-17.9,-17.9,0.0,0.0,-0.0,-0.0,2279,1218,0,-5,17
1067,152.29,31281,381.85,381.25,-0.60,-17.9,-17.9,0.0,0.0,-0.0,-0.0,2241,1177,0,-4,17
1068,152.45,31276,381.79,381.19,-0.60,-17.9,-17.9,0.0,0.0,-0.0,-0.0,2179,1122,0,-3,17
1069,152.63,31275,381.77,381.12,-0.65,-19.4,-19.4,0.0,-0.0,-0.0,-0.0,2166,1114,0,-3,19
1070,152.71,31270,381.71,381.09,-0.62,-18.7,-18.7,0.0,0.0,-0.0,-0.0,2104,1047,0,-1,18
1071,152.88,31265,381.65,381.03,-0.62,-18.7,-18.7,0.0,-0.0,-0.0,-0.0,2041,990,0,1,18
1072,153.05,31259,381.58,380.96,-0.62,-18.7,-18.7,0.0,-0.0,-0.0,-0.0,1966,913,0,3,18
1073,153.14,31257,381.56,380.93,-0.62,-18.7,-18.7,0.0,-0.0,-0.0,-0.0,1941,888,0,4,18
1074,153.31,31248,381.45,380.86,-0.59,-17.6,-17.6,0.0,0.0,-0.0,-0.0,1829,766,0,7,16
1075,153.47,31242,381.37,380.80,-0.57,-17.2,-17.2,0.0,0.0,-0.0,-0.0,1754,694,0,8,15
1076,153.56,31240,381.35,380.76,-0.59,-17.6,-17.6,0.0,0.0,-0.0,-0.0,1729,666,0,9,15
1077,153.73,31233,381.26,380.70,-0.56,-16.8,-16.8,0.0,0.0,-0.0,-0.0,1641,577,0,10,13
1078,153.90,31228,381.20,380.63,-0.56,-16.8,-16.8,0.0,0.0,-0.0,-0.0,1579,521,0,11,12
1079,153.98,31226,381.18,380.60,-0.57,-17.2,-17.2,0.0,0.0,-0.0,-0.0,1554,499,0,12,12
1080,154.15,31223,381.14,380.54,-0.60,-17.9,-17.9,0.0,-0.0,-0.0,-0.0,1516,465,0,13,11
1081,154.31,31213,381.02,380.48,-0.54,-16.1,-16.1,0.0,0.0,-0.0,-0.0,1391,331,0,14,8
1082,154.40,31211,380.99,380.44,-0.55,-16.5,-16.5,0.0,0.0,-0.0,-0.0,1366,305,0,14,7
1083,154.57,31206,380.93,380.38,-0.56,-16.8,-16.8,0.0,0.0,-0.0,-0.0,1304,248,0,15,6
1084,154.74,31199,380.85,380.31,-0.54,-16.1,-16.1,0.0,0.0,-0.0,-0.0,1216,154,0,15,4
1085,154.90,31197,380.82,380.25,-0.57,-17.2,-17.2,0.0,0.0,-0.0,-0.0,1191,136,0,16,3
1086,154.99,31196,380.81,380.21,-0.60,-17.9,-17.9,0.0,-0.0,-0.0,-0.0,1179,128,0,17,3
1087,155.16,31187,380.70,380.15,-0.55,-16.5,-16.5,0.0,0.0,-0.0,-0.0,1066,8,0,16,0
1088,155.33,31181,380.63,380.08,-0.55,-16.5,-16.5,0.0,-0.0,-0.0,-0.0,991,4035,0,16,-1
1089,155.42,31180,380.62,380.05,-0.56,-16.8,-16.8,0.0,-0.0,-0.0,-0.0,979,4019,0,16,-2
1090,155.58,31175,380.55,379.98,-0.57,-17.2,-17.2,0.0,0.0,-0.0,-0.0,916,3956,0,16,-4
1091,155.76,31168,380.47,379.92,-0.55,-16.5,-16.5,0.0,0.0,-0.0,-0.0,829,3867,0,15,-5
1092,155.84,31163,380.41,379.88,-0.52,-15.8,-15.8,0.0,0.0,-0.0,-0.0,766,3801,0,14,-7
1093,156.01,31158,380.35,379.82,-0.54,-16.1,-16.1,0.0,0.0,-0.0,-0.0,704,3741,0,13,-8
1094,156.18,31155,380.31,379.75,-0.56,-16.8,-16.8,0.0,0.0,-0.0,-0.0,666,3702,0,13,-9
1095,156.26,31151,380.26,379.72,-0.54,-16.1,-16.1,0.0,0.0,-0.0,-0.0,616,3656,0,12,-10
1096,156.43,31142,380.15,379.65,-0.50,-15.0,-15.0,0.0,0.0,-0.0,-0.0,504,3537,0,10,-11
1097,156.60,31142,380.15,379.59,-0.56,-16.8,-16.8,0.0,-0.0,-0.0,-0.0,504,3550,0,11,-12
1098,156.69,31138,380.10,379.55,-0.55,-16.5,-16.5,0.0,-0.0,-0.0,-0.0,454,3492,0,10,-13
1099,156.86,31131,380.02,379.48,-0.54,-16.1,-16.1,0.0,0.0,-0.0,-0.0,366,3402,0,8,-14
1100,157.03,31127,379.97,379.42,-0.55,-16.5,-16.5,0.0,-0.0,-0.0,-0.0,316,3358,0,7,-14
1101,157.19,31120,379.88,379.36,-0.52,-15.8,-15.8,0.0,0.0,-0.0,-0.0,229,3269,0,5,-15
1102,157.29,31117,379.85,379.32,-0.52,-15.8,-15.8,0.0,0.0,-0.0,-0.0,191,3221,0,3,-15
1103,157.45,31115,379.82,379.25,-0.57,-17.2,-17.2,0.0,-0.0,-0.0,-0.0,166,3209,0,3,-16
1104,157.54,31109,379.75,379.22,-0.54,-16.1,-16.1,0.0,0.0,-0.0,-0.0,91,3129,0,1,-16
1105,157.72,31104,379.69,379.15,-0.54,-16.1,-16.1,0.0,0.0,-0.0,-0.0,29,3067,0,0,-16
1106,157.88,31098,379.61,379.08,-0.54,-16.1,-16.1,0.0,-0.0,-0.0,-0.0,4050,2995,0,-2,-16
1107,158.05,31093,379.55,379.02,-0.54,-16.1,-16.1,0.0,0.0,-0.0,-0.0,3987,2930,0,-3,-15
1108,158.13,31089,379.50,378.98,-0.52,-15.8,-15.8,0.0,0.0,-0.0,-0.0,3937,2873,0,-5,-15
1109,158.31,31087,379.48,378.91,-0.56,-16.8,-16.8,0.0,-0.0,-0.0,-0.0,3912,2857,0,-5,-15
1110,158.46,31080,379.39,378.85,-0.54,-16.1,-16.1,0.0,0.0,-0.0,-0.0,3825,2769,0,-7,-14
1111,158.55,31077,379.36,378.82,-0.54,-16.1,-16.1,0.0,0.0,-0.0,-0.0,3787,2730,0,-8,-14
1112,158.72,31070,379.27,378.75,-0.52,-15.8,-15.8,0.0,0.0,-0.0,-0.0,3700,2641,0,-9,-12
1113,158.88,31064,379.20,378.69,-0.51,-15.4,-15.4,0.0,0.0,-0.0,-0.0,3625,2565,0,-10,-11
1114,159.04,31060,379.15,378.62,-0.52,-15.8,-15.8,0.0,0.0,-0.0,-0.0,3575,2511,0,-12,-10
1115,159.13,31057,379.11,378.59,-0.52,-15.8,-15.8,0.0,0.0,-0.0,-0.0,3537,2477,0,-12,-9
1116,159.30,31053,379.06,378.52,-0.55,-16.5,-16.5,0.0,-0.0,-0.0,-0.0,3487,2434,0,-13,-9
1117,159.47,31048,379.00,378.45,-0.55,-16.5,-16.5,0.0,-0.0,-0.0,-0.0,3425,2375,0,-14,-8
1118,159.56,31046,378.98,378.42,-0.56,-16.8,-16.8,0.0,-0.0,-0.0,-0.0,3400,2348,0,-15,-7
1119,159.73,31038,378.88,378.35,-0.54,-16.1,-16.1,0.0,-0.0,-0.0,-0.0,3300,2243,0,-15,-5
1120,159.90,31031,378.80,378.28,-0.51,-15.4,-15.4,0.0,0.0,-0.0,-0.0,3212,2152,0,-15,-2
1121,159.98,31029,378.77,378.25,-0.52,-15.8,-15.8,0.0,0.0,-0.0,-0.0,3187,2127,0,-15,-2
1122,160.14,31026,378.74,378.18,-0.55,-16.5,-16.5,0.0,0.0,-0.0,-0.0,3150,2094,0,-16,-1
1123,160.31,31021,378.67,378.12,-0.56,-16.8,-16.8,0.0,-0.0,-0.0,-0.0,3087,2031,0,-16,0
1124,160.47,31019,378.65,378.05,-0.60,-17.9,-17.9,0.0,-0.0,-0.0,-0.0,3062,2013,0,-17,1
1125,160.56,31016,378.61,378.02,-0.60,-17.9,-17.9,0.0,-0.0,-0.0,-0.0,3025,1977,0,-17,2
1126,160.73,31011,378.55,377.95,-0.60,-17.9,-17.9,0.0,-0.0,-0.0,-0.0,2962,1911,0,-17,4
1127,160.89,31006,378.49,377.88,-0.61,-18.3,-18.3,0.0,-0.0,-0.0,-0.0,2900,1851,0,-17,5
1128,160.97,31002,378.44,377.85,-0.59,-17.6,-17.6,0.0,-0.0,-0.0,-0.0,2850,1800,0,-16,6
1129,161.14,30993,378.33,377.78,-0.55,-16.5,-16.5,0.0,0.0,-0.0,-0.0,2737,1675,0,-13,9
1130,161.31,30989,378.28,377.71,-0.57,-17.2,-17.2,0.0,0.0,-0.0,-0.0,2687,1625,0,-13,10
1131,161.39,30989,378.28,377.68,-0.60,-17.9,-17.9,0.0,0.0,-0.0,-0.0,2687,1629,0,-14,10
1132,161.56,30988,378.27,377.61,-0.66,-19.8,-19.8,0.0,-0.0,-0.0,-0.0,2675,1625,0,-15,12
1133,161.73,30976,378.12,377.55,-0.57,-17.2,-17.2,0.0,-0.0,-0.0,-0.0,2525,1469,0,-11,13
1134,161.90,30973,378.09,377.48,-0.61,-18.3,-18.3,0.0,-0.0,-0.0,-0.0,2487,1437,0,-11,14
1135,161.99,30970,378.05,377.44,-0.61,-18.3,-18.3,0.0,-0.0,-0.0,-0.0,2450,1397,0,-10,15
1136,162.15,30964,377.98,377.37,-0.61,-18.3,-18.3,0.0,0.0,-0.0,-0.0,2375,1317,0,-8,16
1137,162.32,30957,377.89,377.31,-0.59,-17.6,-17.6,0.0,0.0,-0.0,-0.0,2287,1229,0,-5,16
1138,162.41,30955,377.87,377.27,-0.60,-17.9,-17.9,0.0,-0.0,-0.0,-0.0,2262,1204,0,-5,17
1139,162.57,30951,377.82,377.20,-0.62,-18.7,-18.7,0.0,-0.0,-0.0,-0.0,2212,1156,0,-4,18
1140,162.74,30948,377.78,377.13,-0.65,-19.4,-19.4,0.0,-0.0,-0.0,-0.0,2175,1122,0,-3,19
1141,162.83,30943,377.72,377.10,-0.62,-18.7,-18.7,0.0,-0.0,-0.0,-0.0,2112,1056,0,-1,18
1142,163.00,30935,377.62,377.03,-0.60,-17.9,-17.9,0.0,-0.0,-0.0,-0.0,2012,955,0,2,17
1143,163.16,30928,377.54,376.96,-0.57,-17.2,-17.2,0.0,0.0,-0.0,-0.0,1925,865,0,4,16
1144,163.25,30927,377.53,376.93,-0.60,-17.9,-17.9,0.0,0.0,-0.0,-0.0,1912,851,0,5,17
1145,163.43,30921,377.45,376.85,-0.60,-17.9,-17.9,0.0,0.0,-0.0,-0.0,1837,772,0,7,16
1146,163.61,30915,377.38,376.78,-0.60,-17.9,-17.9,0.0,0.0,-0.0,-0.0,1762,703,0,8,15
1147,163.68,30912,377.34,376.75,-0.60,-17.9,-17.9,0.0,0.0,-0.0,-0.0,1725,671,0,9,15
1148,163.85,30907,377.28,376.68,-0.60,-17.9,-17.9,0.0,-0.0,-0.0,-0.0,1662,609,0,10,14
1149,164.02,30903,377.23,376.61,-0.62,-18.7,-18.7,0.0,0.0,-0.0,-0.0,1612,551,0,12,14
1150,164.18,30894,377.12,376.55,-0.57,-17.2,-17.2,0.0,0.0,-0.0,-0.0,1500,443,0,13,10
1151,164.27,30892,377.10,376.51,-0.59,-17.6,-17.6,0.0,0.0,-0.0,-0.0,1475,414,0,14,10
1152,164.44,30890,377.08,376.44,-0.63,-19.0,-19.0,0.0,-0.0,-0.0,-0.0,1450,397,0,15,11
1153,164.61,30880,376.95,376.37,-0.59,-17.6,-17.6,0.0,0.0,-0.0,-0.0,1325,259,0,16,7
1154,164.69,30877,376.92,376.33,-0.59,-17.6,-17.6,0.0,0.0,-0.0,-0.0,1287,219,0,16,6
1155,164.86,30877,376.92,376.27,-0.65,-19.4,-19.4,0.0,-0.0,-0.0,-0.0,1287,238,0,18,7
1156,165.04,30870,376.83,376.19,-0.63,-19.0,-19.0,0.0,0.0,-0.0,-0.0,1200,141,0,18,4
1157,165.12,30865,376.77,376.16,-0.61,-18.3,-18.3,0.0,0.0,-0.0,-0.0,1137,75,0,18,2
1158,165.30,30861,376.72,376.09,-0.63,-19.0,-19.0,0.0,-0.0,-0.0,-0.0,1087,35,0,18,1
1159,165.46,30855,376.65,376.02,-0.62,-18.7,-18.7,0.0,-0.0,-0.0,-0.0,1012,4051,0,18,-1
1160,165.54,30851,376.60,375.99,-0.61,-18.3,-18.3,0.0,0.0,-0.0,-0.0,962,3994,0,18,-3
1161,165.71,30847,376.55,375.91,-0.63,-19.0,-19.0,0.0,0.0,-0.0,-0.0,912,3950,0,18,-4
1162,165.87,30840,376.46,375.85,-0.61,-18.3,-18.3,0.0,0.0,-0.0,-0.0,825,3864,0,17,-6
1163,165.96,30837,376.43,375.81,-0.61,-18.3,-18.3,0.0,0.0,-0.0,-0.0,787,3819,0,16,-7
1164,166.13,30831,376.35,375.74,-0.61,-18.3,-18.3,0.0,0.0,-0.0,-0.0,712,3750,0,15,-9
1165,166.31,30824,376.27,375.67,-0.60,-17.9,-17.9,0.0,0.0,-0.0,-0.0,625,3656,0,14,-11
1166,166.39,30821,376.23,375.63,-0.60,-17.9,-17.9,0.0,0.0,-0.0,-0.0,587,3619,0,13,-12
1167,166.57,30817,376.18,375.56,-0.62,-18.7,-18.7,0.0,-0.0,-0.0,-0.0,537,3575,0,13,-13
1168,166.73,30812,376.12,375.49,-0.63,-19.0,-19.0,0.0,-0.0,-0.0,-0.0,475,3514,0,12,-14
1169,166.89,30805,376.04,375.42,-0.61,-18.3,-18.3,0.0,0.0,-0.0,-0.0,387,3426,0,9,-15
1170,166.98,30800,375.98,375.39,-0.59,-17.6,-17.6,0.0,0.0,-0.0,-0.0,325,3360,0,7,-15
1171,167.15,30794,375.90,375.32,-0.59,-17.6,-17.6,0.0,0.0,-0.0,-0.0,250,3286,0,5,-16
1172,167.32,30790,375.85,375.25,-0.61,-18.3,-18.3,0.0,0.0,-0.0,-0.0,200,3236,0,4,-17
1173,167.41,30786,375.81,375.21,-0.60,-17.9,-17.9,0.0,0.0,-0.0,-0.0,150,3180,0,3,-17
1174,167.57,30783,375.77,375.14,-0.63,-19.0,-19.0,0.0,-0.0,-0.0,-0.0,112,3151,0,2,-18
1175,167.75,30775,375.67,375.07,-0.61,-18.3,-18.3,0.0,-0.0,-0.0,-0.0,12,3052,0,-1,-18
1176,167.83,30772,375.63,375.03,-0.61,-18.3,-18.3,0.0,-0.0,-0.0,-0.0,4071,3013,0,-2,-18
1177,168.00,30764,375.54,374.96,-0.57,-17.2,-17.2,0.0,0.0,-0.0,-0.0,3971,2911,0,-4,-16
1178,168.17,30759,375.48,374.89,-0.59,-17.6,-17.6,0.0,0.0,-0.0,-0.0,3908,2849,0,-6,-16
1179,168.26,30755,375.43,374.85,-0.57,-17.2,-17.2,0.0,0.0,-0.0,-0.0,3858,2789,0,-7,-15
1180,168.43,30750,375.37,374.78,-0.59,-17.6,-17.6,0.0,0.0,-0.0,-0.0,3796,2735,0,-8,-15
1181,168.59,30744,375.29,374.71,-0.59,-17.6,-17.6,0.0,0.0,-0.0,-0.0,3721,2662,0,-10,-14
1182,168.67,30742,375.27,374.68,-0.59,-17.6,-17.6,0.0,-0.0,-0.0,-0.0,3696,2638,0,-11,-13
1183,168.84,30736,375.20,374.61,-0.59,-17.6,-17.6,0.0,0.0,-0.0,-0.0,3621,2564,0,-12,-12
1184,169.01,30731,375.13,374.53,-0.60,-17.9,-17.9,0.0,-0.0,-0.0,-0.0,3558,2499,0,-13,-11
1185,169.17,30726,375.07,374.47,-0.61,-18.3,-18.3,0.0,-0.0,-0.0,-0.0,3496,2440,0,-15,-10
1186,169.26,30721,375.01,374.43,-0.59,-17.6,-17.6,0.0,0.0,-0.0,-0.0,3433,2373,0,-15,-8
1187,169.43,30715,374.94,374.36,-0.59,-17.6,-17.6,0.0,-0.0,-0.0,-0.0,3358,2298,0,-16,-6
1188,169.59,30709,374.87,374.29,-0.57,-17.2,-17.2,0.0,0.0,-0.0,-0.0,3283,2225,0,-16,-4
1189,169.69,30704,374.80,374.25,-0.56,-16.8,-16.8,0.0,0.0,-0.0,-0.0,3221,2153,0,-16,-3
1190,169.86,30698,374.73,374.18,-0.55,-16.5,-16.5,0.0,0.0,-0.0,-0.0,3146,2082,0,-16,-1
1191,170.02,30692,374.66,374.11,-0.55,-16.5,-16.5,0.0,0.0,-0.0,-0.0,3071,2011,0,-16,1
1192,170.11,30689,374.62,374.07,-0.55,-16.5,-16.5,0.0,0.0,-0.0,-0.0,3033,1969,0,-16,2
1193,170.27,30682,374.54,374.00,-0.54,-16.1,-16.1,0.0,0.0,-0.0,-0.0,2946,1884,0,-15,4
1194,170.44,30677,374.48,373.93,-0.55,-16.5,-16.5,0.0,0.0,-0.0,-0.0,2883,1821,0,-15,5
1195,170.53,30672,374.41,373.89,-0.52,-15.8,-15.8,0.0,0.0,-0.0,-0.0,2821,1756,0,-14,7
1196,170.70,30668,374.37,373.82,-0.55,-16.5,-16.5,0.0,0.0,-0.0,-0.0,2771,1710,0,-14,8
1197,170.87,30665,374.33,373.74,-0.59,-17.6,-17.6,0.0,-0.0,-0.0,-0.0,2733,1679,0,-14,9
1198,171.03,30662,374.29,373.68,-0.61,-18.3,-18.3,0.0,-0.0,-0.0,-0.0,2696,1642,0,-14,10
1199,171.12,30655,374.21,373.64,-0.57,-17.2,-17.2,0.0,-0.0,-0.0,-0.0,2608,1549,0,-12,12
1200,171.29,30651,374.16,373.57,-0.59,-17.6,-17.6,0.0,-0.0,-0.0,-0.0,2558,1508,0,-12,13
1201,171.38,30646,374.10,373.53,-0.57,-17.2,-17.2,0.0,-0.0,-0.0,-0.0,2496,1433,0,-10,13
1202,171.55,30639,374.01,373.45,-0.56,-16.8,-16.8,0.0,0.0,-0.0,-0.0,2408,1346,0,-8,14
1203,171.72,30630,373.90,373.38,-0.52,-15.8,-15.8,0.0,0.0,-0.0,-0.0,2296,1225,0,-5,15
1204,171.81,30628,373.88,373.34,-0.54,-16.1,-16.1,0.0,0.0,-0.0,-0.0,2271,1206,0,-4,15
1205,171.99,30624,373.83,373.27,-0.56,-16.8,-16.8,0.0,0.0,-0.0,-0.0,2221,1158,0,-3,16
1206,172.15,30616,373.73,373.19,-0.54,-16.1,-16.1,0.0,0.0,-0.0,-0.0,2121,1061,0,-1,16
1207,172.24,30614,373.71,373.16,-0.55,-16.5,-16.5,0.0,0.0,-0.0,-0.0,2096,1033,0,0,16
1208,172.41,30608,373.63,373.08,-0.55,-16.5,-16.5,0.0,-0.0,-0.0,-0.0,2021,968,0,1,16
1209,172.58,30605,373.60,373.01,-0.59,-17.6,-17.6,0.0,-0.0,-0.0,-0.0,1983,928,0,2,17
1210,172.67,30601,373.55,372.97,-0.57,-17.2,-17.2,0.0,-0.0,-0.0,-0.0,1933,874,0,4,16
1211,172.84,30592,373.44,372.90,-0.54,-16.1,-16.1,0.0,0.0,-0.0,-0.0,1821,763,0,6,14
1212,173.01,30584,373.34,372.82,-0.51,-15.4,-15.4,0.0,0.0,-0.0,-0.0,1721,654,0,8,13
1213,173.10,30582,373.32,372.79,-0.52,-15.8,-15.8,0.0,0.0,-0.0,-0.0,1696,632,0,9,13
1214,173.27,30576,373.24,372.72,-0.52,-15.8,-15.8,0.0,0.0,-0.0,-0.0,1621,556,0,10,11
1215,173.43,30573,373.21,372.64,-0.56,-16.8,-16.8,0.0,-0.0,-0.0,-0.0,1583,525,0,11,12
1216,173.60,30565,373.11,372.57,-0.54,-16.1,-16.1,0.0,-0.0,-0.0,-0.0,1483,424,0,12,9
1217,173.69,30562,373.07,372.53,-0.54,-16.1,-16.1,0.0,-0.0,-0.0,-0.0,1446,387,0,13,9
1218,173.86,30558,373.02,372.46,-0.56,-16.8,-16.8,0.0,-0.0,-0.0,-0.0,1396,343,0,14,8
1219,173.95,30551,372.94,372.42,-0.52,-15.8,-15.8,0.0,0.0,-0.0,-0.0,1308,244,0,14,6
1220,174.12,30547,372.89,372.34,-0.55,-16.5,-16.5,0.0,0.0,-0.0,-0.0,1258,198,0,15,5
1221,174.30,30546,372.88,372.27,-0.61,-18.3,-18.3,0.0,-0.0,-0.0,-0.0,1246,192,0,17,5
1222,174.38,30541,372.81,372.23,-0.59,-17.6,-17.6,0.0,-0.0,-0.0,-0.0,1183,127,0,17,3
1223,174.55,30533,372.72,372.16,-0.56,-16.8,-16.8,0.0,0.0,-0.0,-0.0,1083,22,0,16,1
1224,174.73,30527,372.64,372.08,-0.56,-16.8,-16.8,0.0,-0.0,-0.0,-0.0,1008,4048,0,16,-1
1225,174.81,30524,372.61,372.04,-0.56,-16.8,-16.8,0.0,-0.0,-0.0,-0.0,971,4008,0,16,-2
1226,174.99,30517,372.52,371.97,-0.56,-16.8,-16.8,0.0,0.0,-0.0,-0.0,883,3912,0,16,-5
1227,175.15,30511,372.45,371.89,-0.56,-16.8,-16.8,0.0,0.0,-0.0,-0.0,808,3843,0,15,-6
1228,175.31,30508,372.41,371.82,-0.59,-17.6,-17.6,0.0,-0.0,-0.0,-0.0,771,3811,0,15,-7
1229,175.40,30504,372.36,371.78,-0.57,-17.2,-17.2,0.0,-0.0,-0.0,-0.0,721,3755,0,14,-8
1230,175.57,30498,372.29,371.71,-0.59,-17.6,-17.6,0.0,-0.0,-0.0,-0.0,646,3685,0,14,-10
1231,175.66,30495,372.25,371.67,-0.59,-17.6,-17.6,0.0,-0.0,-0.0,-0.0,608,3644,0,13,-11
1232,175.83,30490,372.19,371.59,-0.60,-17.9,-17.9,0.0,-0.0,-0.0,-0.0,546,3587,0,12,-12
1233,176.00,30483,372.11,371.52,-0.59,-17.6,-17.6,0.0,0.0,-0.0,-0.0,458,3493,0,10,-14
1234,176.16,30479,372.06,371.45,-0.61,-18.3,-18.3,0.0,-0.0,-0.0,-0.0,408,3450,0,10,-15
1235,176.25,30475,372.01,371.41,-0.60,-17.9,-17.9,0.0,-0.0,-0.0,-0.0,358,3395,0,8,-15
1236,176.42,30468,371.92,371.33,-0.59,-17.6,-17.6,0.0,-0.0,-0.0,-0.0,271,3310,0,6,-16
1237,176.59,30464,371.88,371.26,-0.61,-18.3,-18.3,0.0,-0.0,-0.0,-0.0,221,3259,0,5,-17
1238,176.67,30458,371.80,371.22,-0.57,-17.2,-17.2,0.0,0.0,-0.0,-0.0,146,3181,0,3,-16
1239,176.84,30453,371.74,371.15,-0.59,-17.6,-17.6,0.0,0.0,-0.0,-0.0,83,3118,0,1,-17
1240,177.00,30449,371.69,371.08,-0.61,-18.3,-18.3,0.0,-0.0,-0.0,-0.0,33,3075,0,0,-18
1241,177.09,30444,371.63,371.04,-0.60,-17.9,-17.9,0.0,-0.0,-0.0,-0.0,4067,3003,0,-2,-17
1242,177.26,30439,371.57,370.96,-0.61,-18.3,-18.3,0.0,0.0,-0.0,-0.0,4004,2943,0,-3,-17
1243,177.43,30430,371.46,370.89,-0.57,-17.2,-17.2,0.0,0.0,-0.0,-0.0,3892,2829,0,-6,-16
1244,177.59,30426,371.41,370.82,-0.60,-17.9,-17.9,0.0,0.0,-0.0,-0.0,3842,2781,0,-8,-16
1245,177.67,30423,371.37,370.78,-0.60,-17.9,-17.9,0.0,0.0,-0.0,-0.0,3804,2740,0,-8,-15
1246,177.85,30416,371.29,370.70,-0.59,-17.6,-17.6,0.0,0.0,-0.0,-0.0,3717,2653,0,-10,-14
1247,178.01,30411,371.23,370.63,-0.60,-17.9,-17.9,0.0,-0.0,-0.0,-0.0,3654,2597,0,-12,-13
1248,178.10,30411,371.23,370.59,-0.63,-19.0,-19.0,0.0,-0.0,-0.0,-0.0,3654,2600,0,-12,-14
1249,178.26,30404,371.14,370.52,-0.62,-18.7,-18.7,0.0,-0.0,-0.0,-0.0,3567,2512,0,-14,-12
1250,178.43,30397,371.06,370.45,-0.61,-18.3,-18.3,0.0,0.0,-0.0,-0.0,3479,2419,0,-15,-10
1251,178.52,30391,370.98,370.40,-0.57,-17.2,-17.2,0.0,0.0,-0.0,-0.0,3404,2339,0,-15,-7
1252,178.69,30390,370.97,370.33,-0.65,-19.4,-19.4,0.0,-0.0,-0.0,-0.0,3392,2338,0,-17,-8
1253,178.85,30384,370.90,370.25,-0.65,-19.4,-19.4,0.0,-0.0,-0.0,-0.0,3317,2258,0,-18,-6
1254,178.94,30381,370.86,370.21,-0.65,-19.4,-19.4,0.0,-0.0,-0.0,-0.0,3279,2219,0,-18,-5
1255,179.11,30374,370.78,370.14,-0.63,-19.0,-19.0,0.0,-0.0,-0.0,-0.0,3192,2134,0,-18,-2
1256,179.29,30367,370.69,370.06,-0.63,-19.0,-19.0,0.0,-0.0,-0.0,-0.0,3104,2046,0,-18,0
1257,179.38,30362,370.63,370.02,-0.61,-18.3,-18.3,0.0,0.0,-0.0,-0.0,3042,1970,0,-18,2
1258,179.55,30356,370.56,369.94,-0.61,-18.3,-18.3,0.0,0.0,-0.0,-0.0,2967,1902,0,-17,4
1259,179.72,30350,370.48,369.86,-0.62,-18.7,-18.7,0.0,0.0,-0.0,-0.0,2892,1829,0,-17,6
1260,179.81,30347,370.45,369.83,-0.62,-18.7,-18.7,0.0,0.0,-0.0,-0.0,2854,1789,0,-17,7
1261,179.98,30341,370.37,369.75,-0.62,-18.7,-18.7,0.0,0.0,-0.0,-0.0,2779,1718,0,-16,9
1262,180.15,30337,370.32,369.67,-0.65,-19.4,-19.4,0.0,-0.0,-0.0,-0.0,2729,1674,0,-16,10
1263,180.23,30334,370.29,369.64,-0.65,-19.4,-19.4,0.0,-0.0,-0.0,-0.0,2692,1636,0,-15,11
1264,180.40,30328,370.21,369.56,-0.66,-19.8,-19.8,0.0,-0.0,-0.0,-0.0,2617,1559,0,-14,13
1265,180.56,30320,370.12,369.49,-0.63,-19.0,-19.0,0.0,-0.0,-0.0,-0.0,2517,1458,0,-11,15
1266,180.65,30315,370.06,369.45,-0.61,-18.3,-18.3,0.0,0.0,-0.0,-0.0,2454,1386,0,-9,15
1267,180.82,30312,370.02,369.37,-0.65,-19.4,-19.4,0.0,0.0,-0.0,-0.0,2417,1357,0,-9,16
1268,180.99,30304,369.92,369.30,-0.62,-18.7,-18.7,0.0,0.0,-0.0,-0.0,2317,1256,0,-6,17
1269,181.15,30299,369.86,369.22,-0.65,-19.4,-19.4,0.0,0.0,-0.0,-0.0,2254,1194,0,-5,18
1270,181.24,30296,369.82,369.18,-0.65,-19.4,-19.4,0.0,-0.0,-0.0,-0.0,2217,1156,0,-4,18
1271,181.43,30291,369.76,369.10,-0.67,-20.1,-20.1,0.0,-0.0,-0.0,-0.0,2154,1093,0,-2,19
1272,181.51,30286,369.70,369.06,-0.65,-19.4,-19.4,0.0,0.0,-0.0,-0.0,2092,1029,0,0,19
1273,181.68,30279,369.62,368.98,-0.63,-19.0,-19.0,0.0,-0.0,-0.0,-0.0,2004,944,0,2,18
1274,181.85,30272,369.53,368.90,-0.63,-19.0,-19.0,0.0,0.0,-0.0,-0.0,1917,854,0,5,18
1275,181.94,30268,369.48,368.86,-0.62,-18.7,-18.7,0.0,0.0,-0.0,-0.0,1867,800,0,6,17
1276,182.11,30259,369.37,368.78,-0.59,-17.6,-17.6,0.0,0.0,-0.0,-0.0,1754,685,0,8,15
1277,182.29,30255,369.32,368.70,-0.62,-18.7,-18.7,0.0,0.0,-0.0,-0.0,1704,633,0,10,15
1278,182.37,30251,369.27,368.66,-0.61,-18.3,-18.3,0.0,0.0,-0.0,-0.0,1654,587,0,11,14
1279,182.54,30244,369.19,368.59,-0.60,-17.9,-17.9,0.0,0.0,-0.0,-0.0,1567,503,0,12,12
1280,182.72,30237,369.10,368.51,-0.60,-17.9,-17.9,0.0,0.0,-0.0,-0.0,1479,414,0,14,10
1281,182.80,30234,369.07,368.47,-0.60,-17.9,-17.9,0.0,-0.0,-0.0,-0.0,1442,380,0,15,10
1282,182.98,30228,368.99,368.39,-0.61,-18.3,-18.3,0.0,0.0,-0.0,-0.0,1367,303,0,16,8
1283,183.14,30220,368.90,368.31,-0.59,-17.6,-17.6,0.0,0.0,-0.0,-0.0,1267,205,0,16,5
1284,183.23,30217,368.86,368.27,-0.59,-17.6,-17.6,0.0,0.0,-0.0,-0.0,1229,162,0,17,4
1285,183.40,30209,368.76,368.19,-0.57,-17.2,-17.2,0.0,0.0,-0.0,-0.0,1129,60,0,17,2
1286,183.57,30203,368.69,368.12,-0.57,-17.2,-17.2,0.0,0.0,-0.0,-0.0,1054,4088,0,17,0
1287,183.66,30200,368.65,368.08,-0.57,-17.2,-17.2,0.0,0.0,-0.0,-0.0,1017,4044,0,17,-1
1288,183.83,30194,368.58,368.00,-0.59,-17.6,-17.6,0.0,0.0,-0.0,-0.0,942,3977,0,17,-3
1289,184.01,30188,368.51,367.92,-0.59,-17.6,-17.6,0.0,-0.0,-0.0,-0.0,867,3900,0,16,-5
1290,184.09,30186,368.48,367.88,-0.61,-18.3,-18.3,0.0,-0.0,-0.0,-0.0,842,3878,0,17,-6
1291,184.27,30175,368.35,367.80,-0.55,-16.5,-16.5,0.0,0.0,-0.0,-0.0,704,3735,0,14,-8
1292,184.44,30171,368.30,367.72,-0.59,-17.6,-17.6,0.0,0.0,-0.0,-0.0,654,3688,0,14,-10
1293,184.53,30168,368.26,367.68,-0.59,-17.6,-17.6,0.0,0.0,-0.0,-0.0,617,3650,0,13,-11
1294,184.69,30163,368.20,367.60,-0.60,-17.9,-17.9,0.0,-0.0,-0.0,-0.0,554,3593,0,12,-12
1295,184.85,30155,368.10,367.52,-0.57,-17.2,-17.2,0.0,0.0,-0.0,-0.0,454,3488,0,10,-13
1296,184.94,30150,368.04,367.48,-0.56,-16.8,-16.8,0.0,-0.0,-0.0,-0.0,392,3425,0,8,-14
1297,185.11,30140,367.92,367.41,-0.51,-15.4,-15.4,0.0,0.0,-0.0,-0.0,267,3295,0,5,-14
1298,185.29,30137,367.88,367.33,-0.55,-16.5,-16.5,0.0,0.0,-0.0,-0.0,229,3259,0,5,-15
1299,185.38,30134,367.85,367.28,-0.56,-16.8,-16.8,0.0,0.0,-0.0,-0.0,192,3214,0,4,-16
1300,185.55,30125,367.74,367.21,-0.54,-16.1,-16.1,0.0,0.0,-0.0,-0.0,79,3108,0,1,-16
1301,185.72,30120,367.68,367.12,-0.55,-16.5,-16.5,0.0,-0.0,-0.0,-0.0,17,3052,0,0,-16
1302,185.79,30119,367.66,367.09,-0.57,-17.2,-17.2,0.0,-0.0,-0.0,-0.0,4,3048,0,-1,-17
1303,185.96,30110,367.55,367.01,-0.54,-16.1,-16.1,0.0,0.0,-0.0,-0.0,3988,2926,0,-3,-15
1304,186.13,30101,367.44,366.93,-0.51,-15.4,-15.4,0.0,0.0,-0.0,-0.0,3875,2809,0,-6,-14
1305,186.22,30097,367.40,366.89,-0.50,-15.0,-15.0,0.0,0.0,-0.0,-0.0,3825,2756,0,-7,-13
1306,186.40,30089,367.30,366.81,-0.49,-14.6,-14.6,0.0,0.0,-0.0,-0.0,3725,2655,0,-8,-11
1307,186.56,30086,367.26,366.73,-0.52,-15.8,-15.8,0.0,0.0,-0.0,-0.0,3688,2622,0,-10,-12
1308,186.66,30084,367.24,366.69,-0.55,-16.5,-16.5,0.0,-0.0,-0.0,-0.0,3663,2594,0,-11,-12
1309,186.83,30076,367.14,366.61,-0.52,-15.8,-15.8,0.0,-0.0,-0.0,-0.0,3563,2505,0,-12,-10
1310,187.00,30071,367.08,366.53,-0.55,-16.5,-16.5,0.0,-0.0,-0.0,-0.0,3500,2443,0,-13,-9
1311,187.07,30069,367.05,366.49,-0.56,-16.8,-16.8,0.0,-0.0,-0.0,-0.0,3475,2424,0,-14,-9
1312,187.24,30063,366.98,366.41,-0.56,-16.8,-16.8,0.0,-0.0,-0.0,-0.0,3400,2343,0,-15,-7
1313,187.42,30054,366.87,366.33,-0.54,-16.1,-16.1,0.0,0.0,-0.0,-0.0,3288,2225,0,-15,-4
1314,187.51,30049,366.81,366.29,-0.51,-15.4,-15.4,0.0,0.0,-0.0,-0.0,3225,2158,0,-15,-3
1315,187.68,30043,366.74,366.21,-0.52,-15.8,-15.8,0.0,0.0,-0.0,-0.0,3150,2084,0,-15,-1
1316,187.85,30037,366.66,366.13,-0.54,-16.1,-16.1,0.0,0.0,-0.0,-0.0,3075,2008,0,-16,1
1317,187.93,30033,366.61,366.09,-0.52,-15.8,-15.8,0.0,0.0,-0.0,-0.0,3025,1956,0,-15,2
1318,188.10,30028,366.55,366.01,-0.54,-16.1,-16.1,0.0,0.0,-0.0,-0.0,2963,1902,0,-15,3
1319,188.26,30025,366.52,365.94,-0.57,-17.2,-17.2,0.0,-0.0,-0.0,-0.0,2925,1871,0,-16,4
1320,188.43,30018,366.43,365.86,-0.57,-17.2,-17.2,0.0,-0.0,-0.0,-0.0,2838,1780,0,-15,7
1321,188.52,30012,366.36,365.82,-0.54,-16.1,-16.1,0.0,0.0,-0.0,-0.0,2763,1699,0,-13,8
1322,188.69,30004,366.26,365.73,-0.52,-15.8,-15.8,0.0,0.0,-0.0,-0.0,2663,1600,0,-12,10
1323,188.86,29999,366.20,365.66,-0.54,-16.1,-16.1,0.0,0.0,-0.0,-0.0,2600,1539,0,-11,11
1324,188.94,29996,366.16,365.61,-0.55,-16.5,-16.5,0.0,0.0,-0.0,-0.0,2563,1494,0,-11,12
1325,189.12,29990,366.09,365.53,-0.56,-16.8,-16.8,0.0,0.0,-0.0,-0.0,2488,1423,0,-9,13
1326,189.27,29986,366.04,365.46,-0.59,-17.6,-17.6,0.0,-0.0,-0.0,-0.0,2438,1381,0,-9,15
1327,189.37,29982,365.99,365.41,-0.57,-17.2,-17.2,0.0,-0.0,-0.0,-0.0,2388,1326,0,-7,15
1328,189.54,29977,365.93,365.33,-0.60,-17.9,-17.9,0.0,-0.0,-0.0,-0.0,2325,1269,0,-6,16
1329,189.71,29970,365.84,365.25,-0.60,-17.9,-17.9,0.0,-0.0,-0.0,-0.0,2238,1181,0,-4,17
1330,189.80,29967,365.81,365.21,-0.60,-17.9,-17.9,0.0,-0.0,-0.0,-0.0,2200,1140,0,-3,17
1331,189.97,29960,365.72,365.13,-0.60,-17.9,-17.9,0.0,-0.0,-0.0,-0.0,2113,1053,0,-1,17
1332,190.13,29955,365.66,365.05,-0.61,-18.3,-18.3,0.0,-0.0,-0.0,-0.0,2050,991,0,1,18
1333,190.21,29952,365.62,365.01,-0.61,-18.3,-18.3,0.0,-0.0,-0.0,-0.0,2013,951,0,2,18
1334,190.38,29946,365.55,364.93,-0.62,-18.7,-18.7,0.0,-0.0,-0.0,-0.0,1938,879,0,4,18
1335,190.55,29940,365.48,364.85,-0.62,-18.7,-18.7,0.0,-0.0,-0.0,-0.0,1863,807,0,6,17
1336,190.72,29934,365.41,364.77,-0.63,-19.0,-19.0,0.0,-0.0,-0.0,-0.0,1788,727,0,8,17
1337,190.81,29929,365.34,364.73,-0.61,-18.3,-18.3,0.0,0.0,-0.0,-0.0,1725,661,0,9,15
1338,190.98,29923,365.27,364.65,-0.62,-18.7,-18.7,0.0,0.0,-0.0,-0.0,1650,586,0,11,14
1339,191.14,29917,365.20,364.57,-0.62,-18.7,-18.7,0.0,0.0,-0.0,-0.0,1575,512,0,13,13
1340,191.22,29913,365.15,364.53,-0.62,-18.7,-18.7,0.0,0.0,-0.0,-0.0,1525,458,0,14,12
1341,191.40,29906,365.06,364.45,-0.62,-18.7,-18.7,0.0,0.0,-0.0,-0.0,1438,369,0,15,10
1342,191.57,29899,364.98,364.37,-0.61,-18.3,-18.3,0.0,0.0,-0.0,-0.0,1350,287,0,16,8
1343,191.64,29896,364.94,364.33,-0.61,-18.3,-18.3,0.0,0.0,-0.0,-0.0,1313,252,0,16,7
1344,191.82,29888,364.84,364.25,-0.60,-17.9,-17.9,0.0,0.0,-0.0,-0.0,1213,146,0,17,4
1345,191.99,29883,364.78,364.17,-0.61,-18.3,-18.3,0.0,0.0,-0.0,-0.0,1150,88,0,18,2
1346,192.08,29880,364.75,364.12,-0.62,-18.7,-18.7,0.0,0.0,-0.0,-0.0,1113,45,0,18,1
1347,192.24,29876,364.70,364.04,-0.66,-19.8,-19.8,0.0,-0.0,-0.0,-0.0,1063,5,0,19,0
1348,192.42,29867,364.59,363.96,-0.63,-19.0,-19.0,0.0,-0.0,-0.0,-0.0,950,3987,0,18,-3
1349,192.50,29864,364.55,363.92,-0.63,-19.0,-19.0,0.0,-0.0,-0.0,-0.0,913,3948,0,18,-4
1350,192.68,29856,364.45,363.83,-0.62,-18.7,-18.7,0.0,-0.0,-0.0,-0.0,813,3844,0,17,-7
1351,192.84,29852,364.40,363.75,-0.65,-19.4,-19.4,0.0,-0.0,-0.0,-0.0,763,3800,0,17,-8
1352,192.93,29847,364.34,363.71,-0.63,-19.0,-19.0,0.0,0.0,-0.0,-0.0,700,3728,0,16,-10
1353,193.10,29839,364.25,363.63,-0.62,-18.7,-18.7,0.0,0.0,-0.0,-0.0,600,3631,0,14,-12
1354,193.27,29834,364.18,363.55,-0.63,-19.0,-19.0,0.0,-0.0,-0.0,-0.0,538,3573,0,13,-13
1355,193.43,29828,364.11,363.47,-0.65,-19.4,-19.4,0.0,0.0,-0.0,-0.0,463,3494,0,11,-15
1356,193.52,29824,364.06,363.43,-0.63,-19.0,-19.0,0.0,0.0,-0.0,-0.0,413,3440,0,10,-16
1357,193.69,29820,364.01,363.34,-0.67,-20.1,-20.1,0.0,-0.0,-0.0,-0.0,363,3400,0,9,-17
1358,193.78,29817,363.98,363.30,-0.67,-20.1,-20.1,0.0,-0.0,-0.0,-0.0,325,3362,0,8,-18
1359,193.95,29809,363.88,363.22,-0.66,-19.8,-19.8,0.0,-0.0,-0.0,-0.0,225,3262,0,6,-18
1360,194.11,29801,363.78,363.14,-0.65,-19.4,-19.4,0.0,0.0,-0.0,-0.0,125,3157,0,2,-19
1361,194.28,29797,363.73,363.06,-0.67,-20.1,-20.1,0.0,-0.0,-0.0,-0.0,75,3113,0,1,-19
1362,194.37,29796,363.72,363.01,-0.71,-21.2,-21.2,0.0,-0.0,-0.0,-0.0,63,3094,0,1,-21
1363,194.54,29784,363.57,362.93,-0.65,-19.4,-19.4,0.0,0.0,-0.0,-0.0,4009,2942,0,-4,-18
1364,194.71,29776,363.48,362.85,-0.62,-18.7,-18.7,0.0,0.0,-0.0,-0.0,3909,2844,0,-6,-17
1365,194.79,29774,363.45,362.81,-0.65,-19.4,-19.4,0.0,0.0,-0.0,-0.0,3884,2817,0,-7,-17
1366,194.96,29766,363.35,362.73,-0.62,-18.7,-18.7,0.0,0.0,-0.0,-0.0,3784,2715,0,-9,-15
1367,195.13,29759,363.27,362.64,-0.62,-18.7,-18.7,0.0,0.0,-0.0,-0.0,3696,2630,0,-11,-14
1368,195.21,29757,363.24,362.60,-0.65,-19.4,-19.4,0.0,0.0,-0.0,-0.0,3671,2607,0,-12,-14
1369,195.39,29750,363.16,362.52,-0.63,-19.0,-19.0,0.0,-0.0,-0.0,-0.0,3584,2520,0,-14,-12
1370,195.56,29742,363.06,362.43,-0.62,-18.7,-18.7,0.0,0.0,-0.0,-0.0,3484,2418,0,-15,-10
1371,195.65,29739,363.02,362.39,-0.63,-19.0,-19.0,0.0,-0.0,-0.0,-0.0,3446,2379,0,-16,-9
1372,195.82,29732,362.94,362.31,-0.63,-19.0,-19.0,0.0,-0.0,-0.0,-0.0,3359,2297,0,-17,-7
1373,195.99,29726,362.87,362.23,-0.63,-19.0,-19.0,0.0,0.0,-0.0,-0.0,3284,2222,0,-18,-5
1374,196.08,29720,362.79,362.18,-0.61,-18.3,-18.3,0.0,0.0,-0.0,-0.0,3209,2135,0,-18,-2
1375,196.24,29711,362.68,362.10,-0.59,-17.6,-17.6,0.0,0.0,-0.0,-0.0,3096,2026,0,-17,1
1376,196.42,29704,362.60,362.01,-0.59,-17.6,-17.6,0.0,0.0,-0.0,-0.0,3009,1938,0,-17,3
1377,196.51,29702,362.57,361.97,-0.60,-17.9,-17.9,0.0,0.0,-0.0,-0.0,2984,1915,0,-17,4
1378,196.68,29697,362.51,361.89,-0.62,-18.7,-18.7,0.0,0.0,-0.0,-0.0,2921,1856,0,-17,5
1379,196.85,29686,362.38,361.80,-0.57,-17.2,-17.2,0.0,0.0,-0.0,-0.0,2784,1719,0,-15,8
1380,196.93,29683,362.34,361.76,-0.59,-17.6,-17.6,0.0,0.0,-0.0,-0.0,2746,1678,0,-14,9
1381,197.10,29680,362.30,361.68,-0.62,-18.7,-18.7,0.0,-0.0,-0.0,-0.0,2709,1651,0,-15,10
1382,197.27,29674,362.23,361.59,-0.63,-19.0,-19.0,0.0,-0.0,-0.0,-0.0,2634,1573,0,-14,12
1383,197.37,29668,362.16,361.55,-0.61,-18.3,-18.3,0.0,0.0,-0.0,-0.0,2559,1487,0,-12,13
1384,197.53,29661,362.07,361.46,-0.61,-18.3,-18.3,0.0,-0.0,-0.0,-0.0,2471,1412,0,-10,15
1385,197.71,29653,361.98,361.38,-0.60,-17.9,-17.9,0.0,0.0,-0.0,-0.0,2371,1306,0,-7,16
1386,197.80,29649,361.93,361.33,-0.60,-17.9,-17.9,0.0,0.0,-0.0,-0.0,2321,1247,0,-6,16
1387,197.97,29644,361.87,361.25,-0.61,-18.3,-18.3,0.0,0.0,-0.0,-0.0,2259,1191,0,-4,17
1388,198.13,29634,361.74,361.17,-0.57,-17.2,-17.2,0.0,0.0,-0.0,-0.0,2134,1062,0,-1,17
1389,198.22,29632,361.72,361.12,-0.60,-17.9,-17.9,0.0,0.0,-0.0,-0.0,2109,1041,0,0,17
1390,198.39,29626,361.65,361.04,-0.60,-17.9,-17.9,0.0,0.0,-0.0,-0.0,2034,971,0,1,17
1391,198.56,29621,361.58,360.96,-0.62,-18.7,-18.7,0.0,-0.0,-0.0,-0.0,1971,910,0,3,18
1392,198.65,29615,361.51,360.91,-0.60,-17.9,-17.9,0.0,0.0,-0.0,-0.0,1896,827,0,5,17
1393,198.82,29608,361.43,360.83,-0.60,-17.9,-17.9,0.0,-0.0,-0.0,-0.0,1809,748,0,7,16
1394,198.99,29597,361.29,360.74,-0.55,-16.5,-16.5,0.0,0.0,-0.0,-0.0,1671,597,0,10,13
1395,199.07,29595,361.27,360.70,-0.56,-16.8,-16.8,0.0,0.0,-0.0,-0.0,1646,576,0,10,13
1396,199.23,29588,361.18,360.62,-0.56,-16.8,-16.8,0.0,0.0,-0.0,-0.0,1559,488,0,12,11
1397,199.39,29579,361.07,360.54,-0.52,-15.8,-15.8,0.0,0.0,-0.0,-0.0,1446,377,0,13,8
1398,199.49,29577,361.05,360.50,-0.55,-16.5,-16.5,0.0,0.0,-0.0,-0.0,1421,345,0,14,8
1399,199.65,29571,360.97,360.41,-0.56,-16.8,-16.8,0.0,-0.0,-0.0,-0.0,1346,283,0,15,7
1400,199.83,29567,360.93,360.33,-0.60,-17.9,-17.9,0.0,-0.0,-0.0,-0.0,1296,233,0,16,6
1401,199.91,29562,360.86,360.28,-0.59,-17.6,-17.6,0.0,-0.0,-0.0,-0.0,1234,170,0,16,4
1402,200.09,29555,360.78,360.19,-0.59,-17.6,-17.6,0.0,-0.0,-0.0,-0.0,1146,85,0,17,2
1403,200.26,29548,360.69,360.11,-0.59,-17.6,-17.6,0.0,-0.0,-0.0,-0.0,1059,4094,0,17,0
1404,200.35,29542,360.62,360.06,-0.56,-16.8,-16.8,0.0,0.0,-0.0,-0.0,984,4008,0,16,-2
1405,200.52,29535,360.53,359.98,-0.56,-16.8,-16.8,0.0,0.0,-0.0,-0.0,896,3924,0,16,-4
1406,200.70,29529,360.46,359.89,-0.57,-17.2,-17.2,0.0,-0.0,-0.0,-0.0,821,3855,0,16,-6
1407,200.79,29525,360.41,359.85,-0.56,-16.8,-16.8,0.0,0.0,-0.0,-0.0,771,3794,0,15,-7
1408,200.95,29518,360.33,359.76,-0.56,-16.8,-16.8,0.0,0.0,-0.0,-0.0,684,3713,0,14,-9
1409,201.12,29510,360.23,359.68,-0.55,-16.5,-16.5,0.0,0.0,-0.0,-0.0,584,3615,0,12,-11
1410,201.21,29509,360.22,359.63,-0.59,-17.6,-17.6,0.0,-0.0,-0.0,-0.0,571,3604,0,12,-12
1411,201.38,29499,360.10,359.55,-0.55,-16.5,-16.5,0.0,0.0,-0.0,-0.0,446,3475,0,9,-13
1412,201.55,29493,360.02,359.46,-0.56,-16.8,-16.8,0.0,0.0,-0.0,-0.0,371,3402,0,8,-14
1413,201.63,29490,359.99,359.42,-0.56,-16.8,-16.8,0.0,0.0,-0.0,-0.0,334,3362,0,7,-15
1414,201.81,29482,359.89,359.33,-0.55,-16.5,-16.5,0.0,0.0,-0.0,-0.0,234,3265,0,5,-15
1415,201.98,29474,359.79,359.25,-0.54,-16.1,-16.1,0.0,0.0,-0.0,-0.0,134,3161,0,2,-15
1416,202.07,29472,359.77,359.21,-0.56,-16.8,-16.8,0.0,-0.0,-0.0,-0.0,109,3140,0,2,-16
1417,202.23,29464,359.67,359.12,-0.55,-16.5,-16.5,0.0,0.0,-0.0,-0.0,9,3040,0,-1,-16
1418,202.40,29455,359.56,359.04,-0.51,-15.4,-15.4,0.0,0.0,-0.0,-0.0,3992,2921,0,-3,-15
1419,202.49,29452,359.52,358.99,-0.52,-15.8,-15.8,0.0,0.0,-0.0,-0.0,3955,2882,0,-4,-15
1420,202.65,29447,359.46,358.91,-0.55,-16.5,-16.5,0.0,-0.0,-0.0,-0.0,3892,2829,0,-6,-15
1421,202.83,29436,359.33,358.83,-0.50,-15.0,-15.0,0.0,0.0,-0.0,-0.0,3755,2684,0,-8,-12
1422,202.91,29436,359.33,358.78,-0.55,-16.5,-16.5,0.0,0.0,-0.0,-0.0,3755,2687,0,-9,-13
1423,203.08,29428,359.23,358.70,-0.54,-16.1,-16.1,0.0,-0.0,-0.0,-0.0,3655,2594,0,-10,-12
1424,203.25,29420,359.13,358.61,-0.51,-15.4,-15.4,0.0,0.0,-0.0,-0.0,3555,2490,0,-12,-9
1425,203.35,29416,359.08,358.57,-0.51,-15.4,-15.4,0.0,0.0,-0.0,-0.0,3505,2430,0,-12,-8
1426,203.52,29410,359.01,358.48,-0.52,-15.8,-15.8,0.0,-0.0,-0.0,-0.0,3430,2369,0,-13,-7
1427,203.69,29404,358.94,358.40,-0.54,-16.1,-16.1,0.0,0.0,-0.0,-0.0,3355,2287,0,-15,-6
1428,203.78,29399,358.87,358.35,-0.52,-15.8,-15.8,0.0,0.0,-0.0,-0.0,3292,2222,0,-15,-4
1429,203.94,29395,358.83,358.27,-0.56,-16.8,-16.8,0.0,-0.0,-0.0,-0.0,3242,2182,0,-16,-3
1430,204.12,29388,358.74,358.18,-0.56,-16.8,-16.8,0.0,-0.0,-0.0,-0.0,3155,2095,0,-16,-1
1431,204.20,29383,358.68,358.14,-0.54,-16.1,-16.1,0.0,-0.0,-0.0,-0.0,3092,2027,0,-16,1
1432,204.37,29375,358.58,358.05,-0.52,-15.8,-15.8,0.0,0.0,-0.0,-0.0,2992,1926,0,-15,3
1433,204.54,29369,358.51,357.97,-0.54,-16.1,-16.1,0.0,0.0,-0.0,-0.0,2917,1853,0,-15,5
1434,204.63,29365,358.46,357.92,-0.54,-16.1,-16.1,0.0,0.0,-0.0,-0.0,2867,1795,0,-14,6
1435,204.80,29356,358.35,357.84,-0.51,-15.4,-15.4,0.0,0.0,-0.0,-0.0,2755,1684,0,-13,8
1436,204.96,29353,358.31,357.76,-0.56,-16.8,-16.8,0.0,0.0,-0.0,-0.0,2717,1652,0,-13,9
1437,205.12,29348,358.25,357.68,-0.57,-17.2,-17.2,0.0,-0.0,-0.0,-0.0,2655,1594,0,-13,11
1438,205.21,29345,358.22,357.63,-0.59,-17.6,-17.6,0.0,-0.0,-0.0,-0.0,2617,1556,0,-12,12
1439,205.38,29338,358.13,357.55,-0.59,-17.6,-17.6,0.0,-0.0,-0.0,-0.0,2530,1474,0,-11,13
1440,205.55,29333,358.07,357.46,-0.61,-18.3,-18.3,0.0,-0.0,-0.0,-0.0,2467,1413,0,-10,15
1441,205.64,29327,358.00,357.42,-0.57,-17.2,-17.2,0.0,-0.0,-0.0,-0.0,2392,1327,0,-7,15
1442,205.81,29320,357.91,357.33,-0.57,-17.2,-17.2,0.0,0.0,-0.0,-0.0,2305,1239,0,-5,16
1443,205.98,29313,357.82,357.25,-0.57,-17.2,-17.2,0.0,0.0,-0.0,-0.0,2217,1152,0,-3,16
1444,206.06,29310,357.79,357.21,-0.59,-17.6,-17.6,0.0,0.0,-0.0,-0.0,2180,1113,0,-2,17
1445,206.23,29301,357.68,357.12,-0.56,-16.8,-16.8,0.0,0.0,-0.0,-0.0,2067,998,0,1,16
1446,206.40,29299,357.65,357.04,-0.61,-18.3,-18.3,0.0,-0.0,-0.0,-0.0,2042,982,0,1,18
1447,206.49,29293,357.58,356.99,-0.59,-17.6,-17.6,0.0,-0.0,-0.0,-0.0,1967,899,0,3,17
1448,206.66,29285,357.48,356.91,-0.57,-17.2,-17.2,0.0,0.0,-0.0,-0.0,1867,803,0,6,16
1449,206.82,29280,357.42,356.83,-0.60,-17.9,-17.9,0.0,-0.0,-0.0,-0.0,1805,742,0,7,16
1450,206.91,29276,357.37,356.79,-0.59,-17.6,-17.6,0.0,-0.0,-0.0,-0.0,1755,693,0,8,15
1451,207.08,29270,357.30,356.70,-0.60,-17.9,-17.9,0.0,0.0,-0.0,-0.0,1680,611,0,10,14
1452,207.24,29264,357.23,356.62,-0.61,-18.3,-18.3,0.0,-0.0,-0.0,-0.0,1605,548,0,12,13
1453,207.41,29257,357.14,356.53,-0.61,-18.3,-18.3,0.0,-0.0,-0.0,-0.0,1517,456,0,14,11
1454,207.50,29255,357.12,356.49,-0.62,-18.7,-18.7,0.0,-0.0,-0.0,-0.0,1492,428,0,14,11
1455,207.66,29247,357.02,356.41,-0.61,-18.3,-18.3,0.0,-0.0,-0.0,-0.0,1392,331,0,16,9
1456,207.83,29237,356.90,356.33,-0.57,-17.2,-17.2,0.0,0.0,-0.0,-0.0,1267,197,0,16,5
1457,207.92,29234,356.86,356.28,-0.59,-17.6,-17.6,0.0,0.0,-0.0,-0.0,1230,157,0,17,4
1458,208.08,29229,356.80,356.20,-0.60,-17.9,-17.9,0.0,0.0,-0.0,-0.0,1167,103,0,17,3
1459,208.25,29221,356.70,356.11,-0.59,-17.6,-17.6,0.0,0.0,-0.0,-0.0,1067,4095,0,17,0
1460,208.34,29217,356.65,356.07,-0.59,-17.6,-17.6,0.0,0.0,-0.0,-0.0,1017,4041,0,17,-1
1461,208.51,29211,356.58,355.98,-0.60,-17.9,-17.9,0.0,-0.0,-0.0,-0.0,942,3976,0,17,-3
1462,208.68,29208,356.54,355.90,-0.65,-19.4,-19.4,0.0,-0.0,-0.0,-0.0,905,3942,0,18,-4
1463,208.77,29205,356.51,355.85,-0.65,-19.4,-19.4,0.0,-0.0,-0.0,-0.0,867,3899,0,18,-6
1464,208.94,29195,356.38,355.77,-0.61,-18.3,-18.3,0.0,-0.0,-0.0,-0.0,742,3777,0,16,-8
1465,209.11,29190,356.32,355.68,-0.65,-19.4,-19.4,0.0,-0.0,-0.0,-0.0,680,3714,0,16,-10
1466,209.20,29185,356.26,355.64,-0.62,-18.7,-18.7,0.0,-0.0,-0.0,-0.0,617,3651,0,14,-11
1467,209.37,29175,356.14,355.55,-0.59,-17.6,-17.6,0.0,0.0,-0.0,-0.0,492,3513,0,11,-13
1468,209.54,29168,356.05,355.47,-0.59,-17.6,-17.6,0.0,0.0,-0.0,-0.0,405,3432,0,9,-14
1469,209.63,29168,356.05,355.42,-0.63,-19.0,-19.0,0.0,-0.0,-0.0,-0.0,405,3434,0,10,-16
1470,209.80,29160,355.96,355.34,-0.62,-18.7,-18.7,0.0,0.0,-0.0,-0.0,305,3333,0,7,-17
1471,209.97,29151,355.85,355.25,-0.60,-17.9,-17.9,0.0,0.0,-0.0,-0.0,192,3222,0,4,-17
1472,210.06,29147,355.80,355.21,-0.59,-17.6,-17.6,0.0,0.0,-0.0,-0.0,142,3172,0,3,-17
1473,210.23,29146,355.79,355.12,-0.66,-19.8,-19.8,0.0,-0.0,-0.0,-0.0,130,3171,0,3,-19
1474,210.39,29136,355.66,355.04,-0.62,-18.7,-18.7,0.0,0.0,-0.0,-0.0,5,3035,0,-1,-18
1475,210.48,29132,355.62,355.00,-0.62,-18.7,-18.7,0.0,0.0,-0.0,-0.0,4051,2981,0,-3,-18
1476,210.65,29124,355.52,354.91,-0.61,-18.3,-18.3,0.0,-0.0,-0.0,-0.0,3951,2889,0,-5,-17
1477,210.83,29118,355.44,354.83,-0.62,-18.7,-18.7,0.0,0.0,-0.0,-0.0,3876,2810,0,-7,-17
1478,210.91,29114,355.40,354.78,-0.61,-18.3,-18.3,0.0,0.0,-0.0,-0.0,3826,2753,0,-8,-16
1479,211.09,29104,355.27,354.70,-0.57,-17.2,-17.2,0.0,0.0,-0.0,-0.0,3701,2629,0,-10,-13
1480,211.26,29098,355.20,354.61,-0.59,-17.6,-17.6,0.0,0.0,-0.0,-0.0,3626,2557,0,-12,-12
1481,211.34,29094,355.15,354.57,-0.59,-17.6,-17.6,0.0,0.0,-0.0,-0.0,3576,2505,0,-13,-11
1482,211.51,29089,355.09,354.48,-0.61,-18.3,-18.3,0.0,0.0,-0.0,-0.0,3513,2445,0,-15,-10
1483,211.68,29084,355.03,354.40,-0.63,-19.0,-19.0,0.0,-0.0,-0.0,-0.0,3451,2390,0,-16,-9
1484,211.77,29080,354.98,354.36,-0.62,-18.7,-18.7,0.0,-0.0,-0.0,-0.0,3401,2339,0,-16,-8
1485,211.94,29070,354.86,354.27,-0.59,-17.6,-17.6,0.0,0.0,-0.0,-0.0,3276,2211,0,-16,-4
1486,212.10,29066,354.81,354.19,-0.62,-18.7,-18.7,0.0,-0.0,-0.0,-0.0,3226,2167,0,-18,-3
1487,212.19,29062,354.76,354.14,-0.62,-18.7,-18.7,0.0,-0.0,-0.0,-0.0,3176,2110,0,-18,-2
1488,212.35,29050,354.61,354.06,-0.55,-16.5,-16.5,0.0,0.0,-0.0,-0.0,3026,1953,0,-16,2
1489,212.52,29044,354.54,353.98,-0.56,-16.8,-16.8,0.0,0.0,-0.0,-0.0,2951,1878,0,-16,4
1490,212.68,29038,354.47,353.90,-0.57,-17.2,-17.2,0.0,0.0,-0.0,-0.0,2876,1807,0,-16,6
1491,212.76,29033,354.41,353.86,-0.55,-16.5,-16.5,0.0,0.0,-0.0,-0.0,2813,1738,0,-14,7
1492,212.93,29025,354.31,353.77,-0.54,-16.1,-16.1,0.0,0.0,-0.0,-0.0,2713,1644,0,-13,9
1493,213.10,29022,354.27,353.69,-0.59,-17.6,-17.6,0.0,-0.0,-0.0,-0.0,2676,1614,0,-13,11
1494,213.19,29018,354.22,353.64,-0.59,-17.6,-17.6,0.0,-0.0,-0.0,-0.0,2626,1560,0,-12,12
1495,213.36,29012,354.15,353.56,-0.59,-17.6,-17.6,0.0,-0.0,-0.0,-0.0,2551,1488,0,-11,13
1496,213.53,29008,354.10,353.47,-0.63,-19.0,-19.0,0.0,-0.0,-0.0,-0.0,2501,1446,0,-11,15
1497,213.62,29004,354.05,353.43,-0.62,-18.7,-18.7,0.0,-0.0,-0.0,-0.0,2451,1396,0,-10,15
1498,213.79,28991,353.89,353.34,-0.55,-16.5,-16.5,0.0,0.0,-0.0,-0.0,2288,1217,0,-5,15
1499,213.96,28986,353.83,353.26,-0.57,-17.2,-17.2,0.0,0.0,-0.0,-0.0,2226,1161,0,-3,16
1500,214.05,28982,353.78,353.21,-0.57,-17.2,-17.2,0.0,0.0,-0.0,-0.0,2176,1104,0,-2,17
1501,214.22,28972,353.66,353.13,-0.54,-16.1,-16.1,0.0,0.0,-0.0,-0.0,2051,977,0,1,16
1502,214.39,28968,353.61,353.05,-0.57,-17.2,-17.2,0.0,-0.0,-0.0,-0.0,2001,938,0,2,17
1503,214.48,28964,353.56,353.00,-0.56,-16.8,-16.8,0.0,-0.0,-0.0,-0.0,1951,884,0,3,16
1504,214.64,28955,353.45,352.92,-0.54,-16.1,-16.1,0.0,0.0,-0.0,-0.0,1838,770,0,6,14
1505,214.82,28950,353.39,352.83,-0.56,-16.8,-16.8,0.0,0.0,-0.0,-0.0,1776,709,0,8,14
1506,214.91,28946,353.34,352.79,-0.56,-16.8,-16.8,0.0,-0.0,-0.0,-0.0,1726,663,0,9,14
1507,215.08,28939,353.26,352.70,-0.56,-16.8,-16.8,0.0,0.0,-0.0,-0.0,1638,571,0,10,13
1508,215.25,28934,353.20,352.62,-0.59,-17.6,-17.6,0.0,-0.0,-0.0,-0.0,1576,519,0,12,12
1509,215.33,28928,353.12,352.57,-0.55,-16.5,-16.5,0.0,-0.0,-0.0,-0.0,1501,434,0,13,10
1510,215.50,28921,353.04,352.49,-0.55,-16.5,-16.5,0.0,0.0,-0.0,-0.0,1413,346,0,14,8
1511,215.67,28913,352.94,352.40,-0.54,-16.1,-16.1,0.0,0.0,-0.0,-0.0,1313,246,0,15,6
1512,215.76,28908,352.88,352.36,-0.52,-15.8,-15.8,0.0,0.0,-0.0,-0.0,1251,177,0,15,4
1513,215.93,28903,352.82,352.27,-0.55,-16.5,-16.5,0.0,0.0,-0.0,-0.0,1188,119,0,16,3
1514,216.09,28897,352.75,352.19,-0.55,-16.5,-16.5,0.0,0.0,-0.0,-0.0,1113,50,0,16,1
1515,216.18,28894,352.71,352.15,-0.56,-16.8,-16.8,0.0,-0.0,-0.0,-0.0,1076,9,0,16,0
1516,216.35,28886,352.61,352.06,-0.55,-16.5,-16.5,0.0,-0.0,-0.0,-0.0,976,4008,0,16,-2
1517,216.52,28881,352.55,351.98,-0.57,-17.2,-17.2,0.0,-0.0,-0.0,-0.0,913,3950,0,16,-4
1518,216.61,28874,352.47,351.93,-0.54,-16.1,-16.1,0.0,0.0,-0.0,-0.0,826,3851,0,15,-6
1519,216.77,28872,352.44,351.85,-0.59,-17.6,-17.6,0.0,-0.0,-0.0,-0.0,801,3838,0,16,-7
1520,216.94,28864,352.34,351.77,-0.57,-17.2,-17.2,0.0,0.0,-0.0,-0.0,701,3734,0,14,-9
1521,217.11,28855,352.23,351.68,-0.55,-16.5,-16.5,0.0,-0.0,-0.0,-0.0,588,3618,0,12,-11
1522,217.19,28852,352.20,351.64,-0.56,-16.8,-16.8,0.0,0.0,-0.0,-0.0,551,3578,0,11,-12
1523,217.38,28844,352.10,351.55,-0.55,-16.5,-16.5,0.0,0.0,-0.0,-0.0,451,3481,0,9,-13
1524,217.47,28840,352.05,351.51,-0.55,-16.5,-16.5,0.0,0.0,-0.0,-0.0,401,3420,0,8,-14
1525,217.63,28831,351.94,351.42,-0.52,-15.8,-15.8,0.0,0.0,-0.0,-0.0,288,3313,0,6,-14
1526,217.81,28825,351.87,351.33,-0.54,-16.1,-16.1,0.0,0.0,-0.0,-0.0,213,3241,0,4,-15
1527,217.89,28821,351.82,351.29,-0.52,-15.8,-15.8,0.0,0.0,-0.0,-0.0,163,3188,0,3,-15
1528,218.07,28818,351.78,351.21,-0.57,-17.2,-17.2,0.0,-0.0,-0.0,-0.0,126,3158,0,2,-17
1529,218.23,28809,351.67,351.12,-0.55,-16.5,-16.5,0.0,-0.0,-0.0,-0.0,13,3047,0,-1,-16
1530,218.32,28807,351.65,351.08,-0.57,-17.2,-17.2,0.0,-0.0,-0.0,-0.0,4084,3024,0,-1,-17
1531,218.49,28799,351.55,350.99,-0.56,-16.8,-16.8,0.0,-0.0,-0.0,-0.0,3984,2921,0,-4,-16
1532,218.66,28795,351.50,350.91,-0.59,-17.6,-17.6,0.0,-0.0,-0.0,-0.0,3934,2874,0,-5,-16
1533,218.82,28785,351.38,350.83,-0.55,-16.5,-16.5,0.0,0.0,-0.0,-0.0,3809,2744,0,-8,-14
1534,218.91,28783,351.35,350.78,-0.57,-17.2,-17.2,0.0,-0.0,-0.0,-0.0,3784,2720,0,-9,-14
1535,219.08,28773,351.23,350.70,-0.54,-16.1,-16.1,0.0,0.0,-0.0,-0.0,3659,2589,0,-11,-12
1536,219.25,28771,351.21,350.62,-0.60,-17.9,-17.9,0.0,0.0,-0.0,-0.0,3634,2570,0,-12,-12
1537,219.34,28765,351.14,350.57,-0.56,-16.8,-16.8,0.0,0.0,-0.0,-0.0,3559,2486,0,-13,-10
1538,219.51,28753,350.99,350.48,-0.51,-15.4,-15.4,0.0,0.0,-0.0,-0.0,3409,2339,0,-13,-6
1539,219.60,28749,350.94,350.44,-0.50,-15.0,-15.0,0.0,0.0,-0.0,-0.0,3359,2282,0,-14,-5
1540,219.77,28744,350.88,350.35,-0.52,-15.8,-15.8,0.0,0.0,-0.0,-0.0,3297,2232,0,-15,-4
1541,219.94,28739,350.82,350.27,-0.55,-16.5,-16.5,0.0,0.0,-0.0,-0.0,3234,2165,0,-16,-3
1542,220.11,28733,350.74,350.18,-0.56,-16.8,-16.8,0.0,-0.0,-0.0,-0.0,3159,2094,0,-16,-1
1543,220.19,28730,350.71,350.14,-0.56,-16.8,-16.8,0.0,-0.0,-0.0,-0.0,3122,2063,0,-16,0
1544,220.37,28722,350.61,350.05,-0.56,-16.8,-16.8,0.0,-0.0,-0.0,-0.0,3022,1958,0,-16,2
1545,220.46,28719,350.57,350.01,-0.56,-16.8,-16.8,0.0,-0.0,-0.0,-0.0,2984,1921,0,-16,3
1546,220.63,28711,350.48,349.92,-0.55,-16.5,-16.5,0.0,0.0,-0.0,-0.0,2884,1821,0,-15,5
1547,220.81,28705,350.40,349.83,-0.57,-17.2,-17.2,0.0,-0.0,-0.0,-0.0,2809,1743,0,-15,8
1548,220.89,28701,350.35,349.79,-0.56,-16.8,-16.8,0.0,0.0,-0.0,-0.0,2759,1692,0,-14,8
1549,221.07,28694,350.27,349.71,-0.56,-16.8,-16.8,0.0,0.0,-0.0,-0.0,2672,1606,0,-13,10
1550,221.23,28689,350.21,349.62,-0.59,-17.6,-17.6,0.0,-0.0,-0.0,-0.0,2609,1548,0,-12,12
1551,221.31,28685,350.16,349.58,-0.57,-17.2,-17.2,0.0,-0.0,-0.0,-0.0,2559,1496,0,-11,12
1552,221.49,28677,350.06,349.50,-0.56,-16.8,-16.8,0.0,0.0,-0.0,-0.0,2459,1392,0,-9,14
1553,221.65,28671,349.99,349.41,-0.57,-17.2,-17.2,0.0,0.0,-0.0,-0.0,2384,1320,0,-7,15
1554,221.74,28667,349.94,349.37,-0.57,-17.2,-17.2,0.0,-0.0,-0.0,-0.0,2334,1267,0,-6,16
1555,221.91,28661,349.87,349.28,-0.59,-17.6,-17.6,0.0,0.0,-0.0,-0.0,2259,1194,0,-4,16
1556,222.08,28655,349.79,349.20,-0.60,-17.9,-17.9,0.0,-0.0,-0.0,-0.0,2184,1125,0,-3,17
1557,222.25,28648,349.71,349.12,-0.59,-17.6,-17.6,0.0,-0.0,-0.0,-0.0,2097,1036,0,0,17
1558,222.34,28642,349.63,349.07,-0.56,-16.8,-16.8,0.0,0.0,-0.0,-0.0,2022,950,0,2,16
1559,222.51,28639,349.60,348.98,-0.61,-18.3,-18.3,0.0,-0.0,-0.0,-0.0,1984,925,0,3,18
1560,222.60,28635,349.55,348.94,-0.61,-18.3,-18.3,0.0,-0.0,-0.0,-0.0,1934,869,0,4,17
1561,222.77,28627,349.45,348.85,-0.60,-17.9,-17.9,0.0,0.0,-0.0,-0.0,1834,767,0,7,16
1562,222.94,28621,349.38,348.77,-0.61,-18.3,-18.3,0.0,-0.0,-0.0,-0.0,1759,696,0,9,16
1563,223.03,28616,349.32,348.72,-0.60,-17.9,-17.9,0.0,-0.0,-0.0,-0.0,1697,631,0,10,14
1564,223.20,28610,349.24,348.64,-0.60,-17.9,-17.9,0.0,0.0,-0.0,-0.0,1622,557,0,11,13
1565,223.37,28601,349.13,348.55,-0.57,-17.2,-17.2,0.0,0.0,-0.0,-0.0,1509,439,0,13,10
1566,223.46,28596,349.07,348.51,-0.56,-16.8,-16.8,0.0,0.0,-0.0,-0.0,1447,371,0,14,9
1567,223.63,28592,349.02,348.42,-0.60,-17.9,-17.9,0.0,0.0,-0.0,-0.0,1397,331,0,15,8
1568,223.80,28588,348.97,348.34,-0.63,-19.0,-19.0,0.0,-0.0,-0.0,-0.0,1347,286,0,17,8
1569,223.89,28583,348.91,348.29,-0.62,-18.7,-18.7,0.0,-0.0,-0.0,-0.0,1284,219,0,17,6
1570,224.06,28576,348.83,348.21,-0.62,-18.7,-18.7,0.0,-0.0,-0.0,-0.0,1197,136,0,18,4
1571,224.23,28567,348.72,348.13,-0.60,-17.9,-17.9,0.0,-0.0,-0.0,-0.0,1084,23,0,17,1
1572,224.31,28564,348.68,348.08,-0.60,-17.9,-17.9,0.0,0.0,-0.0,-0.0,1047,4076,0,17,-1
1573,224.48,28557,348.60,348.00,-0.60,-17.9,-17.9,0.0,0.0,-0.0,-0.0,959,3984,0,17,-3
1574,224.66,28549,348.50,347.91,-0.59,-17.6,-17.6,0.0,0.0,-0.0,-0.0,859,3887,0,16,-5
1575,224.82,28547,348.47,347.83,-0.65,-19.4,-19.4,0.0,-0.0,-0.0,-0.0,834,3870,0,18,-6
1576,224.90,28543,348.43,347.79,-0.63,-19.0,-19.0,0.0,-0.0,-0.0,-0.0,784,3819,0,17,-8
1577,225.07,28535,348.33,347.70,-0.62,-18.7,-18.7,0.0,-0.0,-0.0,-0.0,684,3717,0,15,-10
1578,225.24,28528,348.24,347.62,-0.62,-18.7,-18.7,0.0,-0.0,-0.0,-0.0,597,3633,0,14,-12
1579,225.33,28525,348.21,347.57,-0.63,-19.0,-19.0,0.0,-0.0,-0.0,-0.0,559,3592,0,13,-13
1580,225.50,28518,348.12,347.49,-0.63,-19.0,-19.0,0.0,0.0,-0.0,-0.0,472,3502,0,11,-15
1581,225.67,28512,348.05,347.40,-0.65,-19.4,-19.4,0.0,0.0,-0.0,-0.0,397,3429,0,10,-16
1582,225.76,28508,348.00,347.36,-0.63,-19.0,-19.0,0.0,-0.0,-0.0,-0.0,347,3375,0,8,-16
1583,225.93,28502,347.92,347.27,-0.65,-19.4,-19.4,0.0,-0.0,-0.0,-0.0,272,3307,0,7,-18
1584,226.10,28492,347.80,347.19,-0.61,-18.3,-18.3,0.0,0.0,-0.0,-0.0,147,3172,0,3,-18
1585,226.19,28488,347.75,347.14,-0.61,-18.3,-18.3,0.0,0.0,-0.0,-0.0,97,3123,0,1,-18
1586,226.36,28482,347.68,347.06,-0.62,-18.7,-18.7,0.0,0.0,-0.0,-0.0,22,3048,0,-1,-18
1587,226.45,28479,347.64,347.01,-0.63,-19.0,-19.0,0.0,0.0,-0.0,-0.0,4080,3012,0,-2,-18
1588,226.62,28473,347.57,346.93,-0.63,-19.0,-19.0,0.0,0.0,-0.0,-0.0,4005,2938,0,-4,-18
1589,226.79,28465,347.47,346.84,-0.63,-19.0,-19.0,0.0,-0.0,-0.0,-0.0,3905,2839,0,-6,-17
1590,226.95,28456,347.36,346.76,-0.60,-17.9,-17.9,0.0,0.0,-0.0,-0.0,3793,2727,0,-9,-15
1591,227.05,28452,347.31,346.72,-0.60,-17.9,-17.9,0.0,0.0,-0.0,-0.0,3743,2671,0,-10,-14
1592,227.22,28445,347.23,346.63,-0.60,-17.9,-17.9,0.0,0.0,-0.0,-0.0,3655,2586,0,-12,-13
1593,227.39,28438,347.14,346.55,-0.60,-17.9,-17.9,0.0,0.0,-0.0,-0.0,3568,2495,0,-13,-11
1594,227.48,28433,347.08,346.50,-0.59,-17.6,-17.6,0.0,0.0,-0.0,-0.0,3505,2430,0,-14,-9
1595,227.64,28427,347.01,346.42,-0.60,-17.9,-17.9,0.0,0.0,-0.0,-0.0,3430,2364,0,-15,-8
1596,227.73,28426,347.00,346.37,-0.62,-18.7,-18.7,0.0,-0.0,-0.0,-0.0,3418,2353,0,-16,-8
1597,227.90,28416,346.88,346.29,-0.59,-17.6,-17.6,0.0,0.0,-0.0,-0.0,3293,2227,0,-16,-5
1598,228.07,28409,346.79,346.20,-0.59,-17.6,-17.6,0.0,0.0,-0.0,-0.0,3205,2141,0,-17,-2
1599,228.24,28401,346.69,346.12,-0.57,-17.2,-17.2,0.0,0.0,-0.0,-0.0,3105,2040,0,-17,0
1600,228.33,28399,346.67,346.07,-0.60,-17.9,-17.9,0.0,0.0,-0.0,-0.0,3080,2010,0,-17,1
1601,228.50,28390,346.56,345.99,-0.57,-17.2,-17.2,0.0,0.0,-0.0,-0.0,2968,1897,0,-16,4
1602,228.67,28384,346.48,345.90,-0.59,-17.6,-17.6,0.0,0.0,-0.0,-0.0,2893,1824,0,-16,6
1603,228.77,28380,346.44,345.86,-0.57,-17.2,-17.2,0.0,0.0,-0.0,-0.0,2843,1771,0,-15,7
1604,228.93,28372,346.34,345.77,-0.56,-16.8,-16.8,0.0,0.0,-0.0,-0.0,2743,1677,0,-14,9
1605,229.02,28368,346.29,345.73,-0.56,-16.8,-16.8,0.0,0.0,-0.0,-0.0,2693,1620,0,-13,10
1606,229.19,28362,346.22,345.64,-0.57,-17.2,-17.2,0.0,0.0,-0.0,-0.0,2618,1554,0,-12,11
1607,229.37,28355,346.13,345.56,-0.57,-17.2,-17.2,0.0,0.0,-0.0,-0.0,2530,1463,0,-10,13
1608,229.46,28351,346.08,345.51,-0.57,-17.2,-17.2,0.0,0.0,-0.0,-0.0,2480,1408,0,-9,14
1609,229.63,28346,346.02,345.43,-0.60,-17.9,-17.9,0.0,-0.0,-0.0,-0.0,2418,1357,0,-8,15
1610,229.80,28336,345.90,345.34,-0.56,-16.8,-16.8,0.0,0.0,-0.0,-0.0,2293,1226,0,-5,16
1611,229.89,28333,345.86,345.30,-0.56,-16.8,-16.8,0.0,0.0,-0.0,-0.0,2255,1187,0,-4,16
1612,230.05,28323,345.74,345.21,-0.52,-15.8,-15.8,0.0,0.0,-0.0,-0.0,2130,1061,0,-1,15
1613,230.22,28318,345.68,345.13,-0.55,-16.5,-16.5,0.0,0.0,-0.0,-0.0,2068,999,0,1,16
1614,230.30,28315,345.64,345.09,-0.55,-16.5,-16.5,0.0,0.0,-0.0,-0.0,2030,960,0,2,16
1615,230.47,28306,345.53,345.00,-0.52,-15.8,-15.8,0.0,0.0,-0.0,-0.0,1918,848,0,4,15
1616,230.64,28304,345.51,344.92,-0.59,-17.6,-17.6,0.0,-0.0,-0.0,-0.0,1893,834,0,5,16
1617,230.80,28294,345.39,344.84,-0.55,-16.5,-16.5,0.0,0.0,-0.0,-0.0,1768,702,0,8,14
1618,230.89,28289,345.32,344.79,-0.52,-15.8,-15.8,0.0,0.0,-0.0,-0.0,1705,636,0,9,13
1619,231.06,28283,345.25,344.71,-0.55,-16.5,-16.5,0.0,0.0,-0.0,-0.0,1630,562,0,10,12
1620,231.23,28274,345.14,344.62,-0.51,-15.4,-15.4,0.0,0.0,-0.0,-0.0,1518,449,0,12,9
1621,231.32,28272,345.12,344.58,-0.54,-16.1,-16.1,0.0,0.0,-0.0,-0.0,1493,420,0,12,9
1622,231.48,28266,345.04,344.50,-0.55,-16.5,-16.5,0.0,0.0,-0.0,-0.0,1418,350,0,14,8
1623,231.65,28258,344.95,344.41,-0.54,-16.1,-16.1,0.0,0.0,-0.0,-0.0,1318,252,0,14,6
1624,231.74,28253,344.89,344.37,-0.51,-15.4,-15.4,0.0,0.0,-0.0,-0.0,1255,183,0,14,4
1625,231.91,28251,344.86,344.28,-0.57,-17.2,-17.2,0.0,-0.0,-0.0,-0.0,1230,173,0,16,4
1626,232.09,28240,344.73,344.20,-0.54,-16.1,-16.1,0.0,0.0,-0.0,-0.0,1093,24,0,16,1
1627,232.17,28237,344.69,344.15,-0.54,-16.1,-16.1,0.0,0.0,-0.0,-0.0,1055,4083,0,16,0
1628,232.35,28232,344.63,344.06,-0.56,-16.8,-16.8,0.0,-0.0,-0.0,-0.0,993,4024,0,16,-2
1629,232.52,28223,344.52,343.98,-0.54,-16.1,-16.1,0.0,0.0,-0.0,-0.0,880,3910,0,15,-4
1630,232.61,28219,344.47,343.94,-0.54,-16.1,-16.1,0.0,0.0,-0.0,-0.0,830,3852,0,15,-6
1631,232.77,28215,344.42,343.85,-0.57,-17.2,-17.2,0.0,-0.0,-0.0,-0.0,780,3817,0,15,-7
1632,232.93,28207,344.32,343.77,-0.55,-16.5,-16.5,0.0,0.0,-0.0,-0.0,680,3711,0,13,-9
1633,233.02,28203,344.27,343.73,-0.55,-16.5,-16.5,0.0,0.0,-0.0,-0.0,630,3656,0,12,-10
1634,233.19,28197,344.20,343.64,-0.56,-16.8,-16.8,0.0,-0.0,-0.0,-0.0,555,3589,0,12,-11
1635,233.37,28191,344.13,343.56,-0.57,-17.2,-17.2,0.0,-0.0,-0.0,-0.0,480,3512,0,10,-13
1636,233.46,28186,344.07,343.51,-0.56,-16.8,-16.8,0.0,0.0,-0.0,-0.0,418,3442,0,9,-14
1637,233.62,28181,344.01,343.43,-0.57,-17.2,-17.2,0.0,-0.0,-0.0,-0.0,355,3389,0,8,-15
1638,233.80,28172,343.90,343.34,-0.56,-16.8,-16.8,0.0,-0.0,-0.0,-0.0,243,3278,0,5,-16
1639,233.88,28168,343.85,343.30,-0.55,-16.5,-16.5,0.0,0.0,-0.0,-0.0,193,3221,0,4,-16
1640,234.05,28163,343.79,343.21,-0.57,-17.2,-17.2,0.0,0.0,-0.0,-0.0,130,3162,0,2,-17
1641,234.22,28153,343.66,343.13,-0.54,-16.1,-16.1,0.0,0.0,-0.0,-0.0,5,3036,0,-1,-16
1642,234.31,28151,343.64,343.08,-0.56,-16.8,-16.8,0.0,0.0,-0.0,-0.0,4076,3006,0,-2,-16
1643,234.48,28146,343.58,343.00,-0.59,-17.6,-17.6,0.0,-0.0,-0.0,-0.0,4014,2951,0,-3,-17
1644,234.65,28141,343.52,342.91,-0.61,-18.3,-18.3,0.0,-0.0,-0.0,-0.0,3951,2891,0,-5,-17
1645,234.74,28136,343.46,342.87,-0.59,-17.6,-17.6,0.0,-0.0,-0.0,-0.0,3889,2823,0,-6,-16
1646,234.91,28128,343.36,342.79,-0.57,-17.2,-17.2,0.0,-0.0,-0.0,-0.0,3789,2730,0,-8,-14
1647,235.08,28118,343.24,342.70,-0.54,-16.1,-16.1,0.0,0.0,-0.0,-0.0,3664,2596,0,-10,-12
1648,235.17,28115,343.20,342.65,-0.55,-16.5,-16.5,0.0,0.0,-0.0,-0.0,3626,2553,0,-11,-11
1649,235.34,28108,343.12,342.57,-0.55,-16.5,-16.5,0.0,0.0,-0.0,-0.0,3539,2464,0,-13,-10
1650,235.51,28100,343.02,342.48,-0.54,-16.1,-16.1,0.0,0.0,-0.0,-0.0,3439,2372,0,-14,-7
1651,235.60,28097,342.98,342.44,-0.54,-16.1,-16.1,0.0,0.0,-0.0,-0.0,3401,2329,0,-14,-7
1652,235.76,28092,342.92,342.36,-0.56,-16.8,-16.8,0.0,-0.0,-0.0,-0.0,3339,2276,0,-15,-6
1653,235.91,28085,342.83,342.28,-0.55,-16.5,-16.5,0.0,0.0,-0.0,-0.0,3251,2186,0,-16,-3
1654,236.09,28078,342.75,342.19,-0.56,-16.8,-16.8,0.0,-0.0,-0.0,-0.0,3164,2100,0,-16,-1
1655,236.18,28075,342.71,342.15,-0.56,-16.8,-16.8,0.0,-0.0,-0.0,-0.0,3126,2062,0,-16,0
1656,236.36,28069,342.64,342.06,-0.57,-17.2,-17.2,0.0,-0.0,-0.0,-0.0,3051,1987,0,-17,2
1657,236.44,28066,342.60,342.02,-0.59,-17.6,-17.6,0.0,-0.0,-0.0,-0.0,3014,1950,0,-17,3
1658,236.61,28059,342.52,341.94,-0.59,-17.6,-17.6,0.0,-0.0,-0.0,-0.0,2926,1866,0,-16,5
1659,236.78,28051,342.42,341.85,-0.57,-17.2,-17.2,0.0,-0.0,-0.0,-0.0,2826,1761,0,-15,7
1660,236.95,28049,342.40,341.77,-0.63,-19.0,-19.0,0.0,-0.0,-0.0,-0.0,2801,1743,0,-16,8
1661,237.04,28042,342.31,341.72,-0.59,-17.6,-17.6,0.0,-0.0,-0.0,-0.0,2714,1646,0,-14,10
1662,237.20,28035,342.22,341.64,-0.59,-17.6,-17.6,0.0,0.0,-0.0,-0.0,2626,1562,0,-13,12
1663,237.29,28033,342.20,341.59,-0.61,-18.3,-18.3,0.0,-0.0,-0.0,-0.0,2601,1536,0,-13,13
1664,237.47,28024,342.09,341.50,-0.59,-17.6,-17.6,0.0,-0.0,-0.0,-0.0,2489,1425,0,-10,14
1665,237.64,28016,341.99,341.42,-0.57,-17.2,-17.2,0.0,0.0,-0.0,-0.0,2389,1318,0,-7,15
1666,237.73,28012,341.94,341.37,-0.57,-17.2,-17.2,0.0,0.0,-0.0,-0.0,2339,1267,0,-6,16
1667,237.90,28005,341.86,341.29,-0.57,-17.2,-17.2,0.0,0.0,-0.0,-0.0,2251,1184,0,-4,16
1668,238.07,27999,341.78,341.20,-0.59,-17.6,-17.6,0.0,-0.0,-0.0,-0.0,2176,1113,0,-2,17
1669,238.15,27997,341.76,341.16,-0.60,-17.9,-17.9,0.0,-0.0,-0.0,-0.0,2151,1086,0,-2,17
1670,238.31,27992,341.70,341.08,-0.62,-18.7,-18.7,0.0,-0.0,-0.0,-0.0,2089,1031,0,0,18
1671,238.49,27986,341.63,341.00,-0.63,-19.0,-19.0,0.0,-0.0,-0.0,-0.0,2014,954,0,2,18
1672,238.65,27979,341.54,340.91,-0.63,-19.0,-19.0,0.0,-0.0,-0.0,-0.0,1926,867,0,4,18
1673,238.75,27970,341.43,340.87,-0.56,-16.8,-16.8,0.0,0.0,-0.0,-0.0,1814,743,0,7,15
1674,238.91,27961,341.32,340.78,-0.54,-16.1,-16.1,0.0,0.0,-0.0,-0.0,1701,629,0,9,13
1675,239.08,27957,341.27,340.70,-0.57,-17.2,-17.2,0.0,0.0,-0.0,-0.0,1651,580,0,10,13
1676,239.16,27956,341.26,340.66,-0.60,-17.9,-17.9,0.0,0.0,-0.0,-0.0,1639,574,0,11,13
1677,239.32,27950,341.19,340.58,-0.61,-18.3,-18.3,0.0,0.0,-0.0,-0.0,1564,497,0,13,12
1678,239.50,27942,341.09,340.49,-0.60,-17.9,-17.9,0.0,-0.0,-0.0,-0.0,1464,409,0,14,10
1679,239.59,27940,341.06,340.45,-0.62,-18.7,-18.7,0.0,-0.0,-0.0,-0.0,1439,382,0,15,10
1680,239.76,27933,340.98,340.36,-0.62,-18.7,-18.7,0.0,-0.0,-0.0,-0.0,1351,291,0,16,8
1681,239.93,27927,340.91,340.28,-0.63,-19.0,-19.0,0.0,-0.0,-0.0,-0.0,1276,215,0,17,6
1682,240.02,27923,340.86,340.23,-0.62,-18.7,-18.7,0.0,-0.0,-0.0,-0.0,1226,160,0,18,4
1683,240.19,27917,340.78,340.15,-0.63,-19.0,-19.0,0.0,-0.0,-0.0,-0.0,1151,92,0,18,3
1684,240.35,27910,340.70,340.06,-0.63,-19.0,-19.0,0.0,-0.0,-0.0,-0.0,1064,0,0,18,0
1685,240.44,27904,340.62,340.02,-0.61,-18.3,-18.3,0.0,0.0,-0.0,-0.0,989,4014,0,18,-2
1686,240.61,27899,340.56,339.93,-0.63,-19.0,-19.0,0.0,0.0,-0.0,-0.0,926,3957,0,18,-4
1687,240.78,27890,340.45,339.85,-0.61,-18.3,-18.3,0.0,0.0,-0.0,-0.0,814,3840,0,16,-7
1688,240.86,27885,340.39,339.81,-0.59,-17.6,-17.6,0.0,0.0,-0.0,-0.0,751,3775,0,15,-8
1689,241.04,27881,340.34,339.72,-0.62,-18.7,-18.7,0.0,0.0,-0.0,-0.0,701,3729,0,15,-10
1690,241.20,27874,340.26,339.64,-0.62,-18.7,-18.7,0.0,-0.0,-0.0,-0.0,614,3648,0,14,-11
1691,241.38,27866,340.16,339.55,-0.61,-18.3,-18.3,0.0,0.0,-0.0,-0.0,514,3538,0,12,-13
1692,241.47,27863,340.12,339.50,-0.62,-18.7,-18.7,0.0,-0.0,-0.0,-0.0,476,3504,0,11,-14
1693,241.64,27857,340.05,339.42,-0.63,-19.0,-19.0,0.0,-0.0,-0.0,-0.0,401,3434,0,10,-16
1694,241.73,27852,339.99,339.38,-0.61,-18.3,-18.3,0.0,0.0,-0.0,-0.0,339,3365,0,8,-16
1695,241.90,27845,339.90,339.29,-0.61,-18.3,-18.3,0.0,0.0,-0.0,-0.0,251,3282,0,6,-17
1696,242.06,27840,339.84,339.21,-0.63,-19.0,-19.0,0.0,-0.0,-0.0,-0.0,189,3225,0,4,-18
1697,242.15,27836,339.79,339.16,-0.63,-19.0,-19.0,0.0,-0.0,-0.0,-0.0,139,3168,0,3,-18
1698,242.31,27831,339.73,339.08,-0.65,-19.4,-19.4,0.0,-0.0,-0.0,-0.0,76,3112,0,1,-19
1699,242.49,27823,339.64,339.00,-0.63,-19.0,-19.0,0.0,-0.0,-0.0,-0.0,4072,3011,0,-2,-18
1700,242.57,27819,339.59,338.95,-0.63,-19.0,-19.0,0.0,-0.0,-0.0,-0.0,4022,2957,0,-3,-18
1701,242.75,27810,339.48,338.86,-0.61,-18.3,-18.3,0.0,0.0,-0.0,-0.0,3910,2839,0,-6,-17
1702,242.92,27801,339.37,338.78,-0.59,-17.6,-17.6,0.0,0.0,-0.0,-0.0,3797,2726,0,-9,-15
1703,243.01,27798,339.33,338.73,-0.60,-17.9,-17.9,0.0,0.0,-0.0,-0.0,3760,2684,0,-10,-14
1704,243.18,27792,339.26,338.65,-0.61,-18.3,-18.3,0.0,0.0,-0.0,-0.0,3685,2617,0,-11,-14
1705,243.34,27787,339.20,338.57,-0.63,-19.0,-19.0,0.0,0.0,-0.0,-0.0,3622,2556,0,-13,-13
1706,243.43,27781,339.12,338.52,-0.60,-17.9,-17.9,0.0,0.0,-0.0,-0.0,3547,2475,0,-14,-11
1707,243.60,27772,339.01,338.44,-0.57,-17.2,-17.2,0.0,0.0,-0.0,-0.0,3435,2369,0,-15,-8
1708,243.78,27769,338.98,338.35,-0.62,-18.7,-18.7,0.0,-0.0,-0.0,-0.0,3397,2335,0,-16,-8
1709,243.86,27767,338.95,338.31,-0.65,-19.4,-19.4,0.0,-0.0,-0.0,-0.0,3372,2309,0,-17,-7
1710,244.04,27753,338.78,338.22,-0.56,-16.8,-16.8,0.0,0.0,-0.0,-0.0,3197,2120,0,-16,-2
1711,244.20,27747,338.71,338.14,-0.57,-17.2,-17.2,0.0,0.0,-0.0,-0.0,3122,2057,0,-17,0
1712,244.30,27743,338.66,338.09,-0.57,-17.2,-17.2,0.0,0.0,-0.0,-0.0,3072,2001,0,-17,1
1713,244.47,27738,338.60,338.01,-0.60,-17.9,-17.9,0.0,0.0,-0.0,-0.0,3010,1943,0,-17,3
1714,244.64,27729,338.49,337.92,-0.56,-16.8,-16.8,0.0,0.0,-0.0,-0.0,2897,1827,0,-15,5
1715,244.72,27726,338.45,337.88,-0.57,-17.2,-17.2,0.0,-0.0,-0.0,-0.0,2860,1794,0,-15,6
1716,244.89,27719,338.37,337.79,-0.57,-17.2,-17.2,0.0,0.0,-0.0,-0.0,2772,1709,0,-14,8
1717,245.06,27713,338.29,337.71,-0.59,-17.6,-17.6,0.0,0.0,-0.0,-0.0,2697,1628,0,-14,10
1718,245.15,27709,338.24,337.66,-0.59,-17.6,-17.6,0.0,0.0,-0.0,-0.0,2647,1579,0,-13,11
1719,245.31,27700,338.13,337.58,-0.55,-16.5,-16.5,0.0,0.0,-0.0,-0.0,2535,1471,0,-10,12
1720,245.49,27696,338.09,337.50,-0.59,-17.6,-17.6,0.0,0.0,-0.0,-0.0,2485,1421,0,-10,14
1721,245.57,27690,338.01,337.45,-0.56,-16.8,-16.8,0.0,0.0,-0.0,-0.0,2410,1341,0,-8,14
1722,245.75,27683,337.93,337.36,-0.56,-16.8,-16.8,0.0,0.0,-0.0,-0.0,2322,1253,0,-6,15
1723,245.90,27677,337.85,337.29,-0.56,-16.8,-16.8,0.0,0.0,-0.0,-0.0,2247,1182,0,-4,16
1724,246.07,27671,337.78,337.20,-0.59,-17.6,-17.6,0.0,-0.0,-0.0,-0.0,2172,1106,0,-2,17
1725,246.16,27667,337.73,337.16,-0.57,-17.2,-17.2,0.0,0.0,-0.0,-0.0,2122,1053,0,-1,17
1726,246.34,27658,337.62,337.07,-0.55,-16.5,-16.5,0.0,0.0,-0.0,-0.0,2010,941,0,2,16
1727,246.42,27653,337.56,337.03,-0.54,-16.1,-16.1,0.0,0.0,-0.0,-0.0,1947,877,0,3,15
1728,246.59,27647,337.49,336.94,-0.55,-16.5,-16.5,0.0,0.0,-0.0,-0.0,1872,806,0,5,15
1729,246.77,27641,337.41,336.86,-0.56,-16.8,-16.8,0.0,0.0,-0.0,-0.0,1797,727,0,7,15
1730,246.85,27637,337.37,336.81,-0.55,-16.5,-16.5,0.0,0.0,-0.0,-0.0,1747,678,0,8,14
1731,247.02,27628,337.26,336.73,-0.52,-15.8,-15.8,0.0,0.0,-0.0,-0.0,1635,566,0,10,12
1732,247.20,27622,337.18,336.64,-0.54,-16.1,-16.1,0.0,-0.0,-0.0,-0.0,1560,499,0,11,11
1733,247.29,27619,337.15,336.60,-0.55,-16.5,-16.5,0.0,0.0,-0.0,-0.0,1522,456,0,12,10
1734,247.46,27610,337.04,336.51,-0.52,-15.8,-15.8,0.0,0.0,-0.0,-0.0,1410,340,0,13,8
1735,247.63,27605,336.98,336.42,-0.55,-16.5,-16.5,0.0,-0.0,-0.0,-0.0,1347,285,0,14,7
1736,247.79,27602,336.94,336.35,-0.60,-17.9,-17.9,0.0,-0.0,-0.0,-0.0,1310,249,0,16,6
1737,247.88,27594,336.84,336.30,-0.54,-16.1,-16.1,0.0,0.0,-0.0,-0.0,1210,140,0,15,3
1738,248.04,27591,336.80,336.22,-0.59,-17.6,-17.6,0.0,-0.0,-0.0,-0.0,1172,113,0,17,3
1739,248.21,27581,336.68,336.13,-0.55,-16.5,-16.5,0.0,-0.0,-0.0,-0.0,1047,4083,0,16,0
1740,248.30,27575,336.61,336.09,-0.52,-15.8,-15.8,0.0,0.0,-0.0,-0.0,972,3995,0,15,-2
1741,248.47,27568,336.52,336.00,-0.52,-15.8,-15.8,0.0,0.0,-0.0,-0.0,885,3909,0,15,-4
1742,248.64,27564,336.47,335.92,-0.56,-16.8,-16.8,0.0,-0.0,-0.0,-0.0,835,3866,0,15,-6
1743,248.73,27561,336.44,335.87,-0.56,-16.8,-16.8,0.0,0.0,-0.0,-0.0,797,3823,0,15,-7
1744,248.89,27551,336.32,335.79,-0.52,-15.8,-15.8,0.0,0.0,-0.0,-0.0,672,3703,0,13,-9
1745,249.07,27549,336.29,335.70,-0.59,-17.6,-17.6,0.0,-0.0,-0.0,-0.0,647,3686,0,14,-10
1746,249.15,27548,336.28,335.66,-0.61,-18.3,-18.3,0.0,-0.0,-0.0,-0.0,635,3677,0,14,-11
1747,249.31,27538,336.16,335.58,-0.57,-17.2,-17.2,0.0,-0.0,-0.0,-0.0,510,3545,0,11,-12
1748,249.49,27532,336.08,335.50,-0.59,-17.6,-17.6,0.0,-0.0,-0.0,-0.0,435,3472,0,10,-14
1749,249.57,27527,336.02,335.45,-0.57,-17.2,-17.2,0.0,-0.0,-0.0,-0.0,372,3406,0,8,-15
1750,249.74,27520,335.94,335.37,-0.57,-17.2,-17.2,0.0,0.0,-0.0,-0.0,285,3313,0,6,-16
1751,249.91,27514,335.86,335.28,-0.59,-17.6,-17.6,0.0,-0.0,-0.0,-0.0,210,3242,0,4,-16
1752,250.00,27509,335.80,335.24,-0.56,-16.8,-16.8,0.0,0.0,-0.0,-0.0,147,3175,0,3,-16
1753,250.17,27502,335.72,335.15,-0.56,-16.8,-16.8,0.0,0.0,-0.0,-0.0,60,3090,0,0,-16
1754,250.35,27495,335.63,335.07,-0.56,-16.8,-16.8,0.0,0.0,-0.0,-0.0,4068,3000,0,-2,-16
1755,250.43,27494,335.62,335.02,-0.60,-17.9,-17.9,0.0,-0.0,-0.0,-0.0,4056,2993,0,-2,-17
1756,250.60,27485,335.51,334.94,-0.57,-17.2,-17.2,0.0,0.0,-0.0,-0.0,3943,2875,0,-5,-16
1757,250.78,27479,335.44,334.85,-0.59,-17.6,-17.6,0.0,-0.0,-0.0,-0.0,3868,2802,0,-7,-16
1758,250.86,27474,335.38,334.81,-0.57,-17.2,-17.2,0.0,-0.0,-0.0,-0.0,3806,2740,0,-8,-15
1759,251.04,27469,335.31,334.72,-0.60,-17.9,-17.9,0.0,-0.0,-0.0,-0.0,3743,2680,0,-10,-14
1760,251.20,27461,335.22,334.64,-0.59,-17.6,-17.6,0.0,-0.0,-0.0,-0.0,3643,2580,0,-12,-12
1761,251.29,27458,335.18,334.59,-0.59,-17.6,-17.6,0.0,-0.0,-0.0,-0.0,3606,2539,0,-12,-12
1762,251.46,27452,335.11,334.51,-0.60,-17.9,-17.9,0.0,-0.0,-0.0,-0.0,3531,2467,0,-14,-10
1763,251.62,27441,334.97,334.43,-0.55,-16.5,-16.5,0.0,0.0,-0.0,-0.0,3393,2323,0,-15,-7
1764,251.71,27437,334.92,334.38,-0.54,-16.1,-16.1,0.0,0.0,-0.0,-0.0,3343,2267,0,-15,-5
1765,251.88,27432,334.86,334.30,-0.56,-16.8,-16.8,0.0,0.0,-0.0,-0.0,3281,2215,0,-16,-4
1766,252.05,27424,334.77,334.21,-0.55,-16.5,-16.5,0.0,0.0,-0.0,-0.0,3181,2112,0,-16,-2
1767,252.14,27421,334.73,334.17,-0.56,-16.8,-16.8,0.0,0.0,-0.0,-0.0,3143,2070,0,-16,-1
1768,252.30,27416,334.67,334.09,-0.59,-17.6,-17.6,0.0,-0.0,-0.0,-0.0,3081,2021,0,-17,1
1769,252.47,27407,334.56,334.00,-0.56,-16.8,-16.8,0.0,-0.0,-0.0,-0.0,2968,1904,0,-16,4
1770,252.56,27405,334.53,333.96,-0.57,-17.2,-17.2,0.0,-0.0,-0.0,-0.0,2943,1878,0,-16,4
1771,252.72,27397,334.44,333.88,-0.55,-16.5,-16.5,0.0,0.0,-0.0,-0.0,2843,1780,0,-15,6
1772,252.88,27393,334.39,333.80,-0.59,-17.6,-17.6,0.0,-0.0,-0.0,-0.0,2793,1731,0,-15,8
1773,253.06,27384,334.28,333.71,-0.56,-16.8,-16.8,0.0,0.0,-0.0,-0.0,2681,1614,0,-13,10
1774,253.14,27383,334.27,333.67,-0.60,-17.9,-17.9,0.0,-0.0,-0.0,-0.0,2668,1607,0,-14,11
1775,253.31,27374,334.16,333.59,-0.57,-17.2,-17.2,0.0,0.0,-0.0,-0.0,2556,1492,0,-11,13
1776,253.48,27367,334.07,333.50,-0.57,-17.2,-17.2,0.0,-0.0,-0.0,-0.0,2468,1403,0,-9,14
1777,253.56,27365,334.05,333.46,-0.59,-17.6,-17.6,0.0,0.0,-0.0,-0.0,2443,1376,0,-9,15
1778,253.73,27356,333.94,333.37,-0.56,-16.8,-16.8,0.0,0.0,-0.0,-0.0,2331,1266,0,-6,15
1779,253.90,27348,333.84,333.29,-0.55,-16.5,-16.5,0.0,0.0,-0.0,-0.0,2231,1163,0,-3,16
1780,253.99,27345,333.80,333.24,-0.56,-16.8,-16.8,0.0,0.0,-0.0,-0.0,2193,1125,0,-3,16
1781,254.15,27342,333.76,333.16,-0.60,-17.9,-17.9,0.0,-0.0,-0.0,-0.0,2156,1095,0,-2,17
1782,254.31,27331,333.63,333.08,-0.55,-16.5,-16.5,0.0,0.0,-0.0,-0.0,2018,951,0,2,16
1783,254.49,27331,333.63,333.00,-0.63,-19.0,-19.0,0.0,-0.0,-0.0,-0.0,2018,963,0,2,18
1784,254.58,27326,333.57,332.95,-0.62,-18.7,-18.7,0.0,-0.0,-0.0,-0.0,1956,896,0,4,18
1785,254.75,27315,333.44,332.86,-0.57,-17.2,-17.2,0.0,0.0,-0.0,-0.0,1818,746,0,7,15
1786,254.92,27308,333.35,332.78,-0.57,-17.2,-17.2,0.0,-0.0,-0.0,-0.0,1731,668,0,9,14
1787,255.01,27306,333.33,332.73,-0.59,-17.6,-17.6,0.0,-0.0,-0.0,-0.0,1706,642,0,9,14
1788,255.16,27302,333.28,332.66,-0.62,-18.7,-18.7,0.0,0.0,-0.0,-0.0,1656,591,0,11,14
1789,255.34,27291,333.14,332.57,-0.57,-17.2,-17.2,0.0,0.0,-0.0,-0.0,1518,450,0,13,11
1790,255.43,27289,333.12,332.52,-0.60,-17.9,-17.9,0.0,-0.0,-0.0,-0.0,1493,425,0,14,11
1791,255.60,27282,333.03,332.44,-0.60,-17.9,-17.9,0.0,-0.0,-0.0,-0.0,1406,343,0,15,9
1792,255.77,27276,332.96,332.35,-0.61,-18.3,-18.3,0.0,-0.0,-0.0,-0.0,1331,268,0,16,7
1793,255.86,27272,332.91,332.31,-0.60,-17.9,-17.9,0.0,0.0,-0.0,-0.0,1281,211,0,16,6
1794,256.02,27263,332.80,332.23,-0.57,-17.2,-17.2,0.0,0.0,-0.0,-0.0,1168,103,0,16,3
1795,256.19,27259,332.75,332.14,-0.61,-18.3,-18.3,0.0,-0.0,-0.0,-0.0,1118,56,0,18,2
1796,256.29,27255,332.70,332.10,-0.61,-18.3,-18.3,0.0,-0.0,-0.0,-0.0,1068,2,0,18,0
1797,256.45,27249,332.63,332.01,-0.62,-18.7,-18.7,0.0,-0.0,-0.0,-0.0,993,4027,0,18,-2
1798,256.62,27243,332.56,331.93,-0.63,-19.0,-19.0,0.0,-0.0,-0.0,-0.0,918,3956,0,18,-4
1799,256.71,27237,332.48,331.89,-0.60,-17.9,-17.9,0.0,-0.0,-0.0,-0.0,843,3876,0,16,-6
1800,256.87,27229,332.39,331.80,-0.59,-17.6,-17.6,0.0,0.0,-0.0,-0.0,743,3773,0,15,-8
1801,257.05,27221,332.29,331.71,-0.57,-17.2,-17.2,0.0,0.0,-0.0,-0.0,643,3667,0,13,-10
1802,257.13,27219,332.26,331.67,-0.59,-17.6,-17.6,0.0,0.0,-0.0,-0.0,618,3644,0,13,-11
1803,257.30,27214,332.20,331.59,-0.61,-18.3,-18.3,0.0,0.0,-0.0,-0.0,556,3586,0,13,-13
1804,257.48,27207,332.12,331.50,-0.62,-18.7,-18.7,0.0,-0.0,-0.0,-0.0,468,3501,0,11,-14
1805,257.57,27202,332.06,331.46,-0.60,-17.9,-17.9,0.0,-0.0,-0.0,-0.0,406,3437,0,9,-15
1806,257.74,27195,331.97,331.37,-0.60,-17.9,-17.9,0.0,-0.0,-0.0,-0.0,318,3351,0,7,-16
1807,257.91,27188,331.88,331.29,-0.60,-17.9,-17.9,0.0,0.0,-0.0,-0.0,231,3262,0,5,-17
1808,258.00,27187,331.87,331.24,-0.63,-19.0,-19.0,0.0,-0.0,-0.0,-0.0,218,3247,0,5,-18
1809,258.17,27175,331.73,331.16,-0.57,-17.2,-17.2,0.0,0.0,-0.0,-0.0,68,3095,0,1,-17
1810,258.34,27171,331.68,331.07,-0.61,-18.3,-18.3,0.0,-0.0,-0.0,-0.0,18,3048,0,-1,-18
1811,258.43,27168,331.64,331.02,-0.62,-18.7,-18.7,0.0,-0.0,-0.0,-0.0,4077,3012,0,-2,-18
1812,258.60,27161,331.56,330.94,-0.62,-18.7,-18.7,0.0,-0.0,-0.0,-0.0,3989,2925,0,-4,-18
1813,258.69,27158,331.52,330.89,-0.62,-18.7,-18.7,0.0,0.0,-0.0,-0.0,3952,2881,0,-5,-17
1814,258.86,27149,331.41,330.81,-0.60,-17.9,-17.9,0.0,-0.0,-0.0,-0.0,3839,2779,0,-8,-16
1815,259.03,27141,331.31,330.72,-0.59,-17.6,-17.6,0.0,0.0,-0.0,-0.0,3739,2670,0,-10,-14
1816,259.12,27139,331.29,330.68,-0.61,-18.3,-18.3,0.0,0.0,-0.0,-0.0,3714,2646,0,-11,-14
1817,259.29,27132,331.20,330.59,-0.61,-18.3,-18.3,0.0,0.0,-0.0,-0.0,3627,2561,0,-13,-13
1818,259.46,27124,331.10,330.51,-0.60,-17.9,-17.9,0.0,0.0,-0.0,-0.0,3527,2462,0,-14,-10
1819,259.55,27115,330.99,330.46,-0.52,-15.8,-15.8,0.0,0.0,-0.0,-0.0,3414,2338,0,-14,-7
1820,259.72,27112,330.96,330.38,-0.57,-17.2,-17.2,0.0,0.0,-0.0,-0.0,3377,2310,0,-15,-7
1821,259.88,27106,330.88,330.30,-0.59,-17.6,-17.6,0.0,0.0,-0.0,-0.0,3302,2233,0,-16,-5
1822,260.04,27100,330.81,330.22,-0.60,-17.9,-17.9,0.0,0.0,-0.0,-0.0,3227,2161,0,-17,-3
1823,260.13,27095,330.75,330.17,-0.57,-17.2,-17.2,0.0,0.0,-0.0,-0.0,3164,2095,0,-17,-1
1824,260.30,27090,330.69,330.09,-0.60,-17.9,-17.9,0.0,-0.0,-0.0,-0.0,3102,2039,0,-17,0
1825,260.46,27083,330.60,330.01,-0.60,-17.9,-17.9,0.0,-0.0,-0.0,-0.0,3014,1949,0,-17,3
1826,260.62,27075,330.51,329.93,-0.57,-17.2,-17.2,0.0,0.0,-0.0,-0.0,2914,1849,0,-16,5
1827,260.72,27072,330.47,329.88,-0.59,-17.6,-17.6,0.0,0.0,-0.0,-0.0,2877,1806,0,-16,6
1828,260.89,27065,330.38,329.80,-0.59,-17.6,-17.6,0.0,0.0,-0.0,-0.0,2789,1725,0,-15,8
1829,260.98,27059,330.31,329.75,-0.56,-16.8,-16.8,0.0,0.0,-0.0,-0.0,2714,1639,0,-13,10
1830,261.14,27051,330.21,329.67,-0.55,-16.5,-16.5,0.0,0.0,-0.0,-0.0,2614,1542,0,-11,11
1831,261.31,27048,330.18,329.58,-0.59,-17.6,-17.6,0.0,-0.0,-0.0,-0.0,2577,1515,0,-12,12
1832,261.47,27041,330.09,329.50,-0.59,-17.6,-17.6,0.0,0.0,-0.0,-0.0,2489,1421,0,-10,14
1833,261.56,27035,330.02,329.46,-0.56,-16.8,-16.8,0.0,0.0,-0.0,-0.0,2414,1342,0,-8,14
1834,261.73,27031,329.97,329.37,-0.60,-17.9,-17.9,0.0,-0.0,-0.0,-0.0,2364,1303,0,-7,16
1835,261.90,27023,329.87,329.29,-0.59,-17.6,-17.6,0.0,-0.0,-0.0,-0.0,2264,1200,0,-5,16
1836,261.99,27018,329.81,329.24,-0.56,-16.8,-16.8,0.0,0.0,-0.0,-0.0,2202,1131,0,-3,16
1837,262.16,27007,329.68,329.16,-0.51,-15.4,-15.4,0.0,0.0,-0.0,-0.0,2064,992,0,1,15
1838,262.34,27003,329.63,329.07,-0.56,-16.8,-16.8,0.0,0.0,-0.0,-0.0,2014,943,0,2,16
1839,262.42,26999,329.58,329.03,-0.55,-16.5,-16.5,0.0,0.0,-0.0,-0.0,1964,891,0,3,16
1840,262.59,26995,329.53,328.94,-0.59,-17.6,-17.6,0.0,0.0,-0.0,-0.0,1914,850,0,4,16
1841,262.76,26986,329.42,328.86,-0.56,-16.8,-16.8,0.0,-0.0,-0.0,-0.0,1802,741,0,7,15
1842,262.85,26983,329.38,328.81,-0.57,-17.2,-17.2,0.0,-0.0,-0.0,-0.0,1764,704,0,8,15
1843,263.02,26975,329.28,328.73,-0.56,-16.8,-16.8,0.0,0.0,-0.0,-0.0,1664,598,0,10,13
1844,263.19,26966,329.17,328.64,-0.54,-16.1,-16.1,0.0,0.0,-0.0,-0.0,1552,481,0,12,11
1845,263.28,26962,329.13,328.60,-0.52,-15.8,-15.8,0.0,0.0,-0.0,-0.0,1502,428,0,12,9
1846,263.45,26956,329.05,328.52,-0.54,-16.1,-16.1,0.0,0.0,-0.0,-0.0,1427,359,0,13,8
1847,263.62,26948,328.96,328.43,-0.52,-15.8,-15.8,0.0,0.0,-0.0,-0.0,1327,256,0,14,6
1848,263.70,26945,328.92,328.39,-0.54,-16.1,-16.1,0.0,0.0,-0.0,-0.0,1289,219,0,15,5
1849,263.87,26936,328.81,328.30,-0.50,-15.0,-15.0,0.0,0.0,-0.0,-0.0,1177,109,0,14,2
1850,264.04,26931,328.75,328.22,-0.52,-15.8,-15.8,0.0,0.0,-0.0,-0.0,1114,48,0,15,1
1851,264.13,26928,328.71,328.17,-0.54,-16.1,-16.1,0.0,0.0,-0.0,-0.0,1077,8,0,16,0
1852,264.31,26921,328.63,328.09,-0.54,-16.1,-16.1,0.0,-0.0,-0.0,-0.0,989,4019,0,16,-2
1853,264.48,26916,328.56,328.00,-0.56,-16.8,-16.8,0.0,-0.0,-0.0,-0.0,927,3962,0,16,-3
1854,264.56,26912,328.52,327.96,-0.56,-16.8,-16.8,0.0,-0.0,-0.0,-0.0,877,3912,0,16,-5
1855,264.73,26906,328.44,327.87,-0.57,-17.2,-17.2,0.0,-0.0,-0.0,-0.0,802,3836,0,15,-6
1856,264.90,26899,328.36,327.79,-0.57,-17.2,-17.2,0.0,-0.0,-0.0,-0.0,714,3751,0,14,-8
1857,264.99,26896,328.32,327.74,-0.57,-17.2,-17.2,0.0,-0.0,-0.0,-0.0,677,3709,0,14,-9
1858,265.17,26889,328.23,327.66,-0.57,-17.2,-17.2,0.0,-0.0,-0.0,-0.0,589,3621,0,12,-11
1859,265.26,26886,328.20,327.61,-0.59,-17.6,-17.6,0.0,-0.0,-0.0,-0.0,552,3581,0,12,-12
1860,265.43,26878,328.10,327.52,-0.57,-17.2,-17.2,0.0,0.0,-0.0,-0.0,452,3484,0,10,-13
1861,265.60,26869,327.99,327.44,-0.55,-16.5,-16.5,0.0,0.0,-0.0,-0.0,339,3366,0,7,-14
1862,265.69,26866,327.95,327.39,-0.56,-16.8,-16.8,0.0,0.0,-0.0,-0.0,302,3328,0,6,-15
1863,265.86,26858,327.86,327.31,-0.55,-16.5,-16.5,0.0,0.0,-0.0,-0.0,202,3228,0,4,-16
1864,266.03,26850,327.76,327.22,-0.54,-16.1,-16.1,0.0,0.0,-0.0,-0.0,102,3129,0,1,-16
1865,266.12,26847,327.72,327.18,-0.54,-16.1,-16.1,0.0,0.0,-0.0,-0.0,64,3088,0,0,-16
1866,266.29,26840,327.64,327.10,-0.54,-16.1,-16.1,0.0,0.0,-0.0,-0.0,4073,3010,0,-1,-16
1867,266.46,26836,327.59,327.01,-0.57,-17.2,-17.2,0.0,-0.0,-0.0,-0.0,4023,2960,0,-3,-16
1868,266.54,26833,327.55,326.97,-0.59,-17.6,-17.6,0.0,-0.0,-0.0,-0.0,3985,2923,0,-4,-17
1869,266.71,26826,327.47,326.88,-0.59,-17.6,-17.6,0.0,-0.0,-0.0,-0.0,3898,2840,0,-6,-16
1870,266.88,26818,327.37,326.80,-0.57,-17.2,-17.2,0.0,-0.0,-0.0,-0.0,3798,2732,0,-8,-14
1871,266.97,26814,327.32,326.75,-0.56,-16.8,-16.8,0.0,-0.0,-0.0,-0.0,3748,2683,0,-9,-13
1872,267.14,26805,327.21,326.67,-0.54,-16.1,-16.1,0.0,0.0,-0.0,-0.0,3635,2566,0,-11,-11
1873,267.31,26799,327.14,326.58,-0.55,-16.5,-16.5,0.0,0.0,-0.0,-0.0,3560,2491,0,-12,-10
1874,267.47,26795,327.09,326.50,-0.59,-17.6,-17.6,0.0,-0.0,-0.0,-0.0,3510,2447,0,-14,-10
1875,267.56,26789,327.01,326.46,-0.55,-16.5,-16.5,0.0,0.0,-0.0,-0.0,3435,2366,0,-14,-7
1876,267.73,26784,326.95,326.37,-0.57,-17.2,-17.2,0.0,-0.0,-0.0,-0.0,3373,2309,0,-15,-6
1877,267.89,26777,326.87,326.30,-0.57,-17.2,-17.2,0.0,-0.0,-0.0,-0.0,3285,2225,0,-16,-4
1878,267.97,26772,326.81,326.25,-0.55,-16.5,-16.5,0.0,0.0,-0.0,-0.0,3223,2156,0,-16,-3
1879,268.14,26768,326.76,326.17,-0.59,-17.6,-17.6,0.0,0.0,-0.0,-0.0,3173,2108,0,-17,-2
1880,268.30,26761,326.67,326.09,-0.59,-17.6,-17.6,0.0,-0.0,-0.0,-0.0,3085,2023,0,-17,1
1881,268.46,26757,326.62,326.01,-0.61,-18.3,-18.3,0.0,-0.0,-0.0,-0.0,3035,1979,0,-18,2
1882,268.55,26753,326.57,325.96,-0.61,-18.3,-18.3,0.0,-0.0,-0.0,-0.0,2985,1922,0,-17,3
1883,268.71,26744,326.46,325.88,-0.59,-17.6,-17.6,0.0,-0.0,-0.0,-0.0,2873,1810,0,-16,6
1884,268.89,26738,326.39,325.80,-0.60,-17.9,-17.9,0.0,-0.0,-0.0,-0.0,2798,1734,0,-15,8
1885,268.97,26733,326.33,325.75,-0.57,-17.2,-17.2,0.0,0.0,-0.0,-0.0,2735,1667,0,-14,9
1886,269.14,26725,326.23,325.67,-0.56,-16.8,-16.8,0.0,0.0,-0.0,-0.0,2635,1566,0,-12,11
1887,269.31,26719,326.16,325.58,-0.57,-17.2,-17.2,0.0,0.0,-0.0,-0.0,2560,1493,0,-11,13
1888,269.39,26717,326.14,325.54,-0.60,-17.9,-17.9,0.0,-0.0,-0.0,-0.0,2535,1470,0,-11,13
1889,269.56,26707,326.01,325.46,-0.56,-16.8,-16.8,0.0,0.0,-0.0,-0.0,2410,1338,0,-8,14
1890,269.73,26702,325.95,325.37,-0.57,-17.2,-17.2,0.0,-0.0,-0.0,-0.0,2348,1286,0,-7,15
1891,269.89,26694,325.85,325.29,-0.56,-16.8,-16.8,0.0,0.0,-0.0,-0.0,2248,1178,0,-4,16
1892,269.98,26693,325.84,325.25,-0.60,-17.9,-17.9,0.0,-0.0,-0.0,-0.0,2235,1170,0,-4,17
1893,270.14,26683,325.72,325.17,-0.55,-16.5,-16.5,0.0,0.0,-0.0,-0.0,2110,1041,0,0,16
1894,270.31,26678,325.66,325.08,-0.57,-17.2,-17.2,0.0,-0.0,-0.0,-0.0,2048,987,0,1,17
1895,270.40,26674,325.61,325.04,-0.57,-17.2,-17.2,0.0,0.0,-0.0,-0.0,1998,928,0,2,16
1896,270.57,26670,325.56,324.95,-0.61,-18.3,-18.3,0.0,-0.0,-0.0,-0.0,1948,888,0,4,17
1897,270.73,26661,325.45,324.87,-0.57,-17.2,-17.2,0.0,0.0,-0.0,-0.0,1835,771,0,6,15
1898,270.82,26657,325.40,324.83,-0.57,-17.2,-17.2,0.0,-0.0,-0.0,-0.0,1785,721,0,7,15
1899,270.99,26651,325.33,324.74,-0.59,-17.6,-17.6,0.0,-0.0,-0.0,-0.0,1710,647,0,9,14
1900,271.16,26645,325.26,324.66,-0.60,-17.9,-17.9,0.0,-0.0,-0.0,-0.0,1635,573,0,11,13
1901,271.25,26640,325.20,324.62,-0.59,-17.6,-17.6,0.0,0.0,-0.0,-0.0,1573,501,0,12,12
1902,271.41,26633,325.11,324.53,-0.57,-17.2,-17.2,0.0,0.0,-0.0,-0.0,1485,422,0,13,10
1903,271.58,26627,325.04,324.45,-0.59,-17.6,-17.6,0.0,-0.0,-0.0,-0.0,1410,346,0,15,9
1904,271.75,26619,324.94,324.36,-0.57,-17.2,-17.2,0.0,0.0,-0.0,-0.0,1310,242,0,16,6
1905,271.84,26618,324.93,324.32,-0.61,-18.3,-18.3,0.0,-0.0,-0.0,-0.0,1298,232,0,17,6
1906,272.01,26613,324.87,324.23,-0.63,-19.0,-19.0,0.0,-0.0,-0.0,-0.0,1235,180,0,18,5
1907,272.18,26603,324.74,324.15,-0.60,-17.9,-17.9,0.0,0.0,-0.0,-0.0,1110,43,0,17,1
1908,272.28,26601,324.72,324.10,-0.62,-18.7,-18.7,0.0,-0.0,-0.0,-0.0,1085,20,0,18,1
1909,272.44,26594,324.63,324.02,-0.61,-18.3,-18.3,0.0,-0.0,-0.0,-0.0,998,4035,0,18,-2
1910,272.61,26585,324.52,323.93,-0.59,-17.6,-17.6,0.0,0.0,-0.0,-0.0,885,3912,0,16,-5
1911,272.69,26581,324.48,323.89,-0.59,-17.6,-17.6,0.0,0.0,-0.0,-0.0,835,3858,0,16,-6
1912,272.85,26578,324.44,323.81,-0.62,-18.7,-18.7,0.0,-0.0,-0.0,-0.0,798,3834,0,17,-7
1913,273.02,26569,324.33,323.73,-0.60,-17.9,-17.9,0.0,0.0,-0.0,-0.0,685,3715,0,14,-10
1914,273.11,26564,324.27,323.68,-0.59,-17.6,-17.6,0.0,0.0,-0.0,-0.0,623,3648,0,13,-11
1915,273.28,26558,324.19,323.60,-0.60,-17.9,-17.9,0.0,-0.0,-0.0,-0.0,548,3580,0,12,-12
1916,273.43,26552,324.12,323.52,-0.60,-17.9,-17.9,0.0,-0.0,-0.0,-0.0,473,3507,0,11,-14
1917,273.60,26547,324.06,323.44,-0.62,-18.7,-18.7,0.0,0.0,-0.0,-0.0,410,3437,0,10,-15
1918,273.68,26542,324.00,323.40,-0.60,-17.9,-17.9,0.0,0.0,-0.0,-0.0,348,3382,0,8,-15
1919,273.85,26539,323.96,323.31,-0.65,-19.4,-19.4,0.0,-0.0,-0.0,-0.0,310,3350,0,8,-17
1920,274.01,26531,323.86,323.23,-0.63,-19.0,-19.0,0.0,-0.0,-0.0,-0.0,210,3246,0,5,-18
1921,274.18,26524,323.78,323.15,-0.63,-19.0,-19.0,0.0,-0.0,-0.0,-0.0,123,3156,0,2,-18
1922,274.27,26520,323.73,323.10,-0.62,-18.7,-18.7,0.0,0.0,-0.0,-0.0,73,3101,0,1,-18
1923,274.44,26512,323.63,323.02,-0.61,-18.3,-18.3,0.0,0.0,-0.0,-0.0,4069,3005,0,-2,-18
1924,274.53,26509,323.60,322.97,-0.62,-18.7,-18.7,0.0,0.0,-0.0,-0.0,4031,2962,0,-3,-18
1925,274.70,26500,323.49,322.89,-0.60,-17.9,-17.9,0.0,0.0,-0.0,-0.0,3919,2851,0,-6,-16
1926,274.87,26496,323.44,322.80,-0.63,-19.0,-19.0,0.0,0.0,-0.0,-0.0,3869,2803,0,-7,-17
1927,274.96,26492,323.39,322.76,-0.62,-18.7,-18.7,0.0,0.0,-0.0,-0.0,3819,2753,0,-9,-16
1928,275.12,26485,323.30,322.68,-0.62,-18.7,-18.7,0.0,-0.0,-0.0,-0.0,3731,2668,0,-11,-15
1929,275.30,26474,323.17,322.59,-0.57,-17.2,-17.2,0.0,0.0,-0.0,-0.0,3594,2526,0,-12,-11
1930,275.39,26473,323.16,322.55,-0.61,-18.3,-18.3,0.0,-0.0,-0.0,-0.0,3581,2515,0,-13,-12
1931,275.56,26465,323.06,322.46,-0.60,-17.9,-17.9,0.0,0.0,-0.0,-0.0,3481,2414,0,-15,-9
1932,275.72,26458,322.97,322.38,-0.60,-17.9,-17.9,0.0,0.0,-0.0,-0.0,3394,2324,0,-16,-7
1933,275.90,26451,322.89,322.29,-0.60,-17.9,-17.9,0.0,0.0,-0.0,-0.0,3306,2238,0,-17,-5
1934,275.98,26445,322.81,322.25,-0.56,-16.8,-16.8,0.0,0.0,-0.0,-0.0,3231,2163,0,-16,-3
1935,276.15,26439,322.74,322.16,-0.59,-17.6,-17.6,0.0,0.0,-0.0,-0.0,3156,2084,0,-17,-1
1936,276.24,26436,322.71,322.12,-0.59,-17.6,-17.6,0.0,0.0,-0.0,-0.0,3119,2050,0,-17,0
1937,276.41,26430,322.63,322.03,-0.60,-17.9,-17.9,0.0,0.0,-0.0,-0.0,3044,1980,0,-17,2
1938,276.59,26423,322.55,321.95,-0.60,-17.9,-17.9,0.0,0.0,-0.0,-0.0,2956,1890,0,-17,4
1939,276.67,26419,322.50,321.90,-0.60,-17.9,-17.9,0.0,-0.0,-0.0,-0.0,2906,1843,0,-17,5
1940,276.84,26412,322.41,321.82,-0.60,-17.9,-17.9,0.0,-0.0,-0.0,-0.0,2819,1755,0,-16,8
1941,277.01,26408,322.36,321.73,-0.63,-19.0,-19.0,0.0,-0.0,-0.0,-0.0,2769,1710,0,-16,9
1942,277.18,26395,322.20,321.65,-0.56,-16.8,-16.8,0.0,0.0,-0.0,-0.0,2606,1531,0,-11,12
1943,277.27,26391,322.16,321.60,-0.55,-16.5,-16.5,0.0,0.0,-0.0,-0.0,2556,1481,0,-10,12
1944,277.44,26388,322.12,321.52,-0.60,-17.9,-17.9,0.0,0.0,-0.0,-0.0,2519,1453,0,-11,14
1945,277.53,26383,322.06,321.47,-0.59,-17.6,-17.6,0.0,0.0,-0.0,-0.0,2456,1385,0,-9,14
1946,277.70,26371,321.91,321.39,-0.52,-15.8,-15.8,0.0,0.0,-0.0,-0.0,2306,1230,0,-5,14
1947,277.88,26368,321.88,321.30,-0.57,-17.2,-17.2,0.0,-0.0,-0.0,-0.0,2269,1203,0,-5,16
1948,277.96,26366,321.85,321.26,-0.60,-17.9,-17.9,0.0,-0.0,-0.0,-0.0,2244,1181,0,-4,17
1949,278.14,26358,321.75,321.17,-0.59,-17.6,-17.6,0.0,0.0,-0.0,-0.0,2144,1076,0,-1,17
1950,278.31,26352,321.68,321.08,-0.60,-17.9,-17.9,0.0,-0.0,-0.0,-0.0,2069,1009,0,0,17
1951,278.39,26350,321.66,321.05,-0.61,-18.3,-18.3,0.0,-0.0,-0.0,-0.0,2044,992,0,1,18
1952,278.56,26339,321.52,320.96,-0.56,-16.8,-16.8,0.0,0.0,-0.0,-0.0,1906,837,0,5,16
1953,278.72,26329,321.40,320.88,-0.52,-15.8,-15.8,0.0,0.0,-0.0,-0.0,1781,712,0,7,14
1954,278.89,26324,321.34,320.79,-0.55,-16.5,-16.5,0.0,0.0,-0.0,-0.0,1719,647,0,9,13
1955,278.97,26321,321.30,320.75,-0.55,-16.5,-16.5,0.0,0.0,-0.0,-0.0,1681,608,0,10,13
1956,279.14,26311,321.18,320.67,-0.51,-15.4,-15.4,0.0,0.0,-0.0,-0.0,1556,482,0,11,10
1957,279.31,26303,321.08,320.58,-0.50,-15.0,-15.0,0.0,0.0,-0.0,-0.0,1456,388,0,12,8
1958,279.40,26303,321.08,320.54,-0.54,-16.1,-16.1,0.0,-0.0,-0.0,-0.0,1456,391,0,13,9
1959,279.57,26295,320.98,320.45,-0.52,-15.8,-15.8,0.0,0.0,-0.0,-0.0,1356,288,0,14,7
1960,279.74,26286,320.87,320.37,-0.50,-15.0,-15.0,0.0,0.0,-0.0,-0.0,1244,180,0,14,4
1961,279.83,26282,320.83,320.32,-0.50,-15.0,-15.0,0.0,0.0,-0.0,-0.0,1194,124,0,14,3
1962,280.00,26280,320.80,320.24,-0.56,-16.8,-16.8,0.0,-0.0,-0.0,-0.0,1169,113,0,16,3
1963,280.17,26272,320.70,320.15,-0.55,-16.5,-16.5,0.0,0.0,-0.0,-0.0,1069,2,0,16,0
1964,280.26,26269,320.67,320.11,-0.56,-16.8,-16.8,0.0,-0.0,-0.0,-0.0,1031,4061,0,16,-1
1965,280.43,26262,320.58,320.02,-0.56,-16.8,-16.8,0.0,-0.0,-0.0,-0.0,944,3981,0,16,-3
1966,280.60,26258,320.53,319.94,-0.60,-17.9,-17.9,0.0,-0.0,-0.0,-0.0,894,3933,0,17,-4
1967,280.69,26253,320.47,319.90,-0.57,-17.2,-17.2,0.0,-0.0,-0.0,-0.0,831,3862,0,16,-6
1968,280.86,26247,320.40,319.81,-0.59,-17.6,-17.6,0.0,-0.0,-0.0,-0.0,756,3791,0,15,-8
1969,280.95,26243,320.35,319.76,-0.59,-17.6,-17.6,0.0,-0.0,-0.0,-0.0,706,3737,0,15,-9
1970,281.12,26236,320.26,319.68,-0.59,-17.6,-17.6,0.0,-0.0,-0.0,-0.0,619,3653,0,13,-11
1971,281.29,26225,320.13,319.59,-0.54,-16.1,-16.1,0.0,0.0,-0.0,-0.0,481,3505,0,10,-12
1972,281.38,26221,320.08,319.55,-0.54,-16.1,-16.1,0.0,0.0,-0.0,-0.0,431,3454,0,9,-13
1973,281.55,26220,320.07,319.46,-0.61,-18.3,-18.3,0.0,-0.0,-0.0,-0.0,419,3452,0,10,-15
1974,281.72,26212,319.97,319.38,-0.59,-17.6,-17.6,0.0,-0.0,-0.0,-0.0,319,3353,0,7,-15
1975,281.89,26205,319.89,319.29,-0.59,-17.6,-17.6,0.0,-0.0,-0.0,-0.0,231,3264,0,5,-16
1976,281.98,26199,319.81,319.25,-0.56,-16.8,-16.8,0.0,-0.0,-0.0,-0.0,156,3187,0,3,-16
1977,282.15,26195,319.76,319.16,-0.60,-17.9,-17.9,0.0,-0.0,-0.0,-0.0,106,3139,0,2,-17
1978,282.31,26187,319.67,319.08,-0.59,-17.6,-17.6,0.0,0.0,-0.0,-0.0,6,3032,0,-1,-17
1979,282.40,26184,319.63,319.04,-0.59,-17.6,-17.6,0.0,0.0,-0.0,-0.0,4065,2997,0,-2,-17
1980,282.57,26175,319.52,318.95,-0.56,-16.8,-16.8,0.0,0.0,-0.0,-0.0,3952,2883,0,-5,-16
1981,282.74,26173,319.49,318.87,-0.62,-18.7,-18.7,0.0,-0.0,-0.0,-0.0,3927,2869,0,-6,-17
1982,282.83,26167,319.42,318.82,-0.60,-17.9,-17.9,0.0,0.0,-0.0,-0.0,3852,2783,0,-7,-16
1983,283.00,26161,319.35,318.74,-0.61,-18.3,-18.3,0.0,-0.0,-0.0,-0.0,3777,2716,0,-9,-15
1984,283.17,26153,319.25,318.65,-0.60,-17.9,-17.9,0.0,-0.0,-0.0,-0.0,3677,2611,0,-11,-13
1985,283.27,26149,319.20,318.61,-0.60,-17.9,-17.9,0.0,-0.0,-0.0,-0.0,3627,2561,0,-12,-12
1986,283.43,26140,319.09,318.52,-0.57,-17.2,-17.2,0.0,0.0,-0.0,-0.0,3515,2443,0,-14,-9
1987,283.53,26134,319.02,318.48,-0.54,-16.1,-16.1,0.0,0.0,-0.0,-0.0,3440,2364,0,-14,-7
1988,283.69,26129,318.96,318.39,-0.56,-16.8,-16.8,0.0,0.0,-0.0,-0.0,3377,2307,0,-15,-6
1989,283.87,26122,318.87,318.31,-0.56,-16.8,-16.8,0.0,0.0,-0.0,-0.0,3290,2218,0,-16,-4
1990,283.95,26117,318.81,318.26,-0.55,-16.5,-16.5,0.0,0.0,-0.0,-0.0,3227,2153,0,-16,-3
1991,284.13,26112,318.75,318.18,-0.57,-17.2,-17.2,0.0,0.0,-0.0,-0.0,3165,2100,0,-17,-1
1992,284.30,26104,318.65,318.09,-0.56,-16.8,-16.8,0.0,0.0,-0.0,-0.0,3065,1999,0,-16,1
1993,284.37,26102,318.63,318.05,-0.57,-17.2,-17.2,0.0,-0.0,-0.0,-0.0,3040,1980,0,-17,2
1994,284.55,26099,318.59,317.96,-0.62,-18.7,-18.7,0.0,-0.0,-0.0,-0.0,3002,1942,0,-18,3
1995,284.71,26091,318.49,317.88,-0.61,-18.3,-18.3,0.0,-0.0,-0.0,-0.0,2902,1841,0,-17,6
1996,284.88,26082,318.38,317.80,-0.59,-17.6,-17.6,0.0,-0.0,-0.0,-0.0,2790,1730,0,-15,8
1997,284.96,26082,318.38,317.76,-0.62,-18.7,-18.7,0.0,-0.0,-0.0,-0.0,2790,1731,0,-16,8
1998,285.14,26070,318.24,317.67,-0.56,-16.8,-16.8,0.0,0.0,-0.0,-0.0,2640,1567,0,-12,11
1999,285.30,26066,318.19,317.59,-0.60,-17.9,-17.9,0.0,0.0,-0.0,-0.0,2590,1525,0,-12,12
