Sample,Timestamp,Raw Encoder Reading,Measured Motor Steps,Target Motor Steps,Current Error,PID Control Signal,PID P Term,PID I Term,PID D Term,PID V Term,PID A Term,Measured Step Phase,Desired Step Phase,Phase Shift,Coil A Current,Coil B Current
0,0.04,33597,410.12,410.25,0.13,18.8,18.8,0.0,0.0,-0.0,-0.0,2519,3536,0,12,-14
1,0.20,33600,410.16,410.25,0.10,13.6,13.6,0.0,-0.0,-0.0,-0.0,2557,3582,0,9,-9
2,0.37,33597,410.12,410.25,0.13,18.7,18.8,0.0,0.0,-0.0,-0.0,2519,3537,0,12,-14
3,0.53,33598,410.13,410.25,0.12,17.0,17.0,0.0,0.0,-0.1,-0.0,2532,3549,0,11,-12
4,0.62,33598,410.13,410.25,0.12,17.0,17.0,0.0,0.0,-0.1,-0.0,2532,3554,0,11,-12
5,0.78,33598,410.13,410.25,0.12,17.0,17.0,0.0,0.0,-0.1,-0.0,2532,3556,0,11,-12
6,0.94,33595,410.10,410.25,0.16,22.1,22.2,0.0,0.0,-0.1,-0.0,2494,3512,0,13,-17
7,1.10,33599,410.14,410.25,0.11,15.2,15.3,0.0,-0.0,-0.1,-0.0,2544,3571,0,10,-11
8,1.19,33597,410.12,410.25,0.13,18.6,18.8,0.0,0.0,-0.1,-0.0,2519,3541,0,12,-14
9,1.35,33596,410.11,410.25,0.13,18.6,18.8,0.0,0.0,-0.1,-0.0,2507,3528,0,12,-14
10,1.52,33599,410.14,410.25,0.10,13.5,13.6,0.0,-0.0,-0.1,-0.0,2544,3571,0,9,-9
11,1.68,33598,410.13,410.25,0.11,15.2,15.3,0.0,-0.0,-0.2,-0.0,2532,3559,0,10,-11
12,1.76,33598,410.13,410.25,0.11,15.2,15.3,0.0,0.0,-0.2,-0.0,2532,3555,0,10,-11
13,1.92,33598,410.13,410.25,0.11,15.2,15.3,0.0,-0.0,-0.2,-0.0,2532,3559,0,10,-11
14,2.08,33599,410.14,410.24,0.10,13.5,13.6,0.0,-0.0,-0.2,-0.0,2544,3569,0,9,-9
15,2.24,33600,410.16,410.24,0.09,11.7,11.9,0.0,-0.0,-0.2,-0.0,2557,3584,0,8,-8
16,2.32,33599,410.14,410.24,0.10,13.4,13.6,0.0,-0.0,-0.2,-0.0,2544,3570,0,9,-9
17,2.49,33599,410.14,410.24,0.10,13.4,13.6,0.0,-0.0,-0.2,-0.0,2544,3570,0,9,-9
18,2.64,33601,410.17,410.24,0.07,10.0,10.2,0.0,-0.0,-0.2,-0.0,2569,3596,0,7,-7
19,2.81,33597,410.12,410.24,0.12,16.8,17.0,0.0,0.0,-0.2,-0.0,2519,3539,0,11,-12
20,2.89,33598,410.13,410.24,0.11,15.1,15.3,0.0,0.0,-0.3,-0.0,2532,3553,0,10,-11
21,3.06,33600,410.16,410.24,0.09,11.7,11.9,0.0,-0.0,-0.3,-0.0,2557,3582,0,8,-8
22,3.22,33600,410.16,410.24,0.09,11.6,11.9,0.0,0.0,-0.3,-0.0,2557,3581,0,8,-8
23,3.38,33601,410.17,410.24,0.06,8.2,8.5,0.0,-0.0,-0.3,-0.0,2569,3596,0,6,-6
24,3.47,33602,410.18,410.23,0.05,6.5,6.8,0.0,-0.0,-0.3,-0.0,2582,3614,0,5,-4
25,3.64,33602,410.18,410.23,0.05,6.5,6.8,0.0,-0.0,-0.3,-0.0,2582,3608,0,5,-4
26,3.80,33604,410.21,410.23,0.02,3.1,3.4,0.0,-0.0,-0.3,-0.0,2607,3637,0,2,-2
27,3.96,33604,410.21,410.23,0.02,3.1,3.4,0.0,-0.0,-0.4,-0.0,2607,3637,0,2,-2
28,4.05,33600,410.16,410.23,0.07,9.8,10.2,0.0,0.0,-0.4,-0.0,2557,3579,0,7,-7
29,4.21,33601,410.17,410.23,0.06,8.1,8.5,0.0,0.0,-0.4,-0.0,2569,3592,0,6,-6
30,4.38,33602,410.18,410.23,0.05,6.4,6.8,0.0,0.0,-0.4,-0.0,2582,3606,0,5,-4
31,4.46,33603,410.19,410.22,0.04,4.7,5.1,0.0,0.0,-0.4,-0.0,2594,3617,0,3,-3
32,4.64,33602,410.18,410.22,0.04,4.7,5.1,0.0,0.0,-0.4,-0.0,2582,3603,0,3,-3
33,4.81,33601,410.17,410.22,0.05,6.4,6.8,0.0,-0.0,-0.5,-0.0,2569,3595,0,4,-4
34,4.96,33599,410.14,410.22,0.07,9.8,10.2,0.0,0.0,-0.4,-0.0,2544,3564,0,7,-7
35,5.05,33599,410.14,410.22,0.07,9.7,10.2,0.0,0.0,-0.5,-0.0,2544,3563,0,6,-7
36,5.21,33599,410.14,410.22,0.07,9.8,10.2,0.0,0.0,-0.5,-0.0,2544,3563,0,6,-7
37,5.38,33600,410.16,410.21,0.06,8.0,8.5,0.0,0.0,-0.5,-0.0,2557,3579,0,5,-6
38,5.47,33600,410.16,410.21,0.06,8.0,8.5,0.0,0.0,-0.6,-0.0,2557,3579,0,5,-5
39,5.63,33598,410.13,410.21,0.07,9.8,10.2,0.0,0.0,-0.5,-0.0,2532,3555,0,6,-7
40,5.79,33600,410.16,410.21,0.05,6.3,6.8,0.0,-0.0,-0.5,-0.0,2557,3582,0,4,-4
41,5.95,33598,410.13,410.21,0.07,9.7,10.2,0.0,0.0,-0.5,-0.0,2532,3555,0,6,-7
42,6.04,33598,410.13,410.20,0.07,9.6,10.2,0.0,0.0,-0.6,-0.0,2532,3553,0,6,-7
43,6.20,33598,410.13,410.20,0.07,9.7,10.2,0.0,0.0,-0.6,-0.0,2532,3556,0,6,-7
44,6.37,33597,410.12,410.20,0.07,9.6,10.2,0.0,0.0,-0.6,-0.0,2519,3538,0,6,-7
45,6.54,33598,410.13,410.20,0.06,7.9,8.5,0.0,0.0,-0.6,-0.0,2532,3554,0,5,-6
46,6.62,33594,410.08,410.19,0.11,14.8,15.3,0.0,0.0,-0.5,-0.0,2482,3501,0,9,-11
47,6.78,33594,410.08,410.19,0.11,14.8,15.3,0.0,0.0,-0.6,-0.0,2482,3500,0,9,-11
48,6.95,33596,410.11,410.19,0.09,11.2,11.9,0.0,0.0,-0.7,-0.0,2507,3529,0,7,-8
49,7.04,33595,410.10,410.19,0.10,12.9,13.6,0.0,0.0,-0.7,-0.0,2494,3515,0,8,-10
50,7.20,33593,410.07,410.18,0.11,14.7,15.3,0.0,0.0,-0.6,-0.0,2469,3486,0,8,-11
51,7.36,33596,410.11,410.18,0.07,9.6,10.2,0.0,-0.0,-0.7,-0.0,2507,3534,0,6,-7
52,7.53,33593,410.07,410.18,0.11,14.7,15.3,0.0,0.0,-0.7,-0.0,2469,3492,0,9,-11
53,7.62,33593,410.07,410.18,0.11,14.5,15.3,0.0,0.0,-0.8,-0.0,2469,3488,0,8,-11
54,7.79,33596,410.11,410.17,0.06,7.8,8.5,0.0,-0.0,-0.7,-0.0,2507,3535,0,5,-6
55,7.95,33594,410.08,410.17,0.09,11.2,11.9,0.0,0.0,-0.7,-0.0,2482,3505,0,7,-9
56,8.04,33593,410.07,410.17,0.10,12.8,13.6,0.0,0.0,-0.8,-0.0,2469,3488,0,7,-10
57,8.21,33593,410.07,410.16,0.10,12.9,13.6,0.0,-0.0,-0.7,-0.0,2469,3493,0,8,-10
58,8.38,33592,410.06,410.16,0.10,12.9,13.6,0.0,0.0,-0.8,-0.0,2457,3476,0,7,-10
59,8.47,33590,410.03,410.16,0.12,16.2,17.0,0.0,0.0,-0.8,-0.0,2432,3447,0,9,-13
60,8.64,33591,410.05,410.16,0.11,14.5,15.3,0.0,0.0,-0.8,-0.0,2444,3464,0,8,-12
61,8.81,33595,410.10,410.15,0.06,7.7,8.5,0.0,-0.0,-0.8,-0.0,2494,3521,0,5,-6
62,8.88,33595,410.10,410.15,0.06,7.8,8.5,0.0,-0.0,-0.7,-0.0,2494,3521,0,5,-6
63,9.04,33595,410.10,410.15,0.05,6.0,6.8,0.0,-0.0,-0.8,-0.0,2494,3522,0,4,-4
64,9.20,33594,410.08,410.14,0.06,7.7,8.5,0.0,-0.0,-0.8,-0.0,2482,3514,0,5,-6
65,9.37,33595,410.10,410.14,0.05,6.0,6.8,0.0,-0.0,-0.8,-0.0,2494,3518,0,4,-4
66,9.46,33595,410.10,410.14,0.04,4.2,5.1,0.0,-0.0,-0.9,-0.0,2494,3518,0,3,-3
67,9.62,33597,410.12,410.13,0.01,0.9,1.7,0.0,-0.0,-0.8,-0.0,2519,3546,0,1,-1
68,9.79,33597,410.12,410.13,0.01,0.8,1.7,0.0,-0.0,-0.9,-0.0,2519,3546,0,1,-1
69,9.95,33595,410.10,410.13,0.02,2.5,3.4,0.0,-0.0,-0.9,-0.0,2494,3519,0,2,-2
70,10.03,33594,410.08,410.12,0.04,4.2,5.1,0.0,-0.0,-0.9,-0.0,2482,3504,0,2,-3
71,10.20,33595,410.10,410.12,0.02,2.5,3.4,0.0,-0.0,-0.9,-0.0,2494,3518,0,2,-2
72,10.36,33595,410.10,410.11,0.02,2.5,3.4,0.0,0.0,-0.9,-0.0,2494,3515,0,2,-2
73,10.53,33596,410.11,410.11,0.00,-1.0,0.0,0.0,-0.0,-1.0,-0.0,2507,1483,0,-1,1
74,10.61,33593,410.07,410.11,0.04,4.2,5.1,0.0,0.0,-0.9,-0.0,2469,3490,0,2,-3
75,10.77,33593,410.07,410.10,0.04,4.2,5.1,0.0,0.0,-0.9,-0.0,2469,3492,0,2,-3
76,10.94,33593,410.07,410.10,0.02,2.4,3.4,0.0,0.0,-1.0,-0.0,2469,3490,0,1,-2
77,11.02,33596,410.11,410.10,-0.01,-2.8,-1.7,0.0,-0.0,-1.1,-0.0,2507,1485,0,-2,2
78,11.19,33595,410.10,410.09,0.00,-1.0,0.0,0.0,0.0,-1.0,-0.0,2494,1469,0,-1,1
79,11.35,33596,410.11,410.09,-0.02,-4.4,-3.4,0.0,-0.0,-1.0,-0.0,2507,1488,0,-3,3
80,11.51,33596,410.11,410.08,-0.02,-4.5,-3.4,0.0,-0.0,-1.1,-0.0,2507,1488,0,-3,3
81,11.61,33596,410.11,410.08,-0.02,-4.6,-3.4,0.0,-0.0,-1.2,-0.0,2507,1488,0,-3,3
82,11.76,33596,410.11,410.08,-0.04,-6.1,-5.1,0.0,-0.0,-1.0,-0.0,2507,1484,0,-4,5
83,11.93,33596,410.11,410.07,-0.04,-6.0,-5.1,0.0,-0.0,-0.9,-0.0,2507,1484,0,-4,4
84,12.10,33594,410.08,410.07,-0.01,-2.8,-1.7,0.0,0.0,-1.1,-0.0,2482,1454,0,-2,2
85,12.18,33594,410.08,410.06,-0.02,-4.5,-3.4,0.0,0.0,-1.1,-0.0,2482,1455,0,-3,3
86,12.34,33596,410.11,410.06,-0.05,-7.9,-6.8,0.0,-0.0,-1.1,-0.0,2507,1483,0,-5,6
87,12.51,33594,410.08,410.05,-0.02,-4.6,-3.4,0.0,0.0,-1.2,-0.0,2482,1455,0,-3,3
88,12.60,33594,410.08,410.05,-0.04,-6.3,-5.1,0.0,0.0,-1.2,-0.0,2482,1455,0,-4,5
89,12.76,33593,410.07,410.05,-0.02,-4.6,-3.4,0.0,-0.0,-1.1,-0.0,2469,1444,0,-3,4
90,12.93,33591,410.05,410.04,-0.01,-2.9,-1.7,0.0,0.0,-1.2,-0.0,2444,1413,0,-2,2
91,13.09,33593,410.07,410.03,-0.04,-6.3,-5.1,0.0,-0.0,-1.2,-0.0,2469,1443,0,-4,5
92,13.17,33596,410.11,410.03,-0.07,-11.5,-10.2,0.0,-0.0,-1.3,-0.0,2507,1486,0,-7,8
93,13.34,33594,410.08,410.03,-0.06,-9.7,-8.5,0.0,-0.0,-1.2,-0.0,2482,1458,0,-6,7
94,13.51,33597,410.12,410.02,-0.10,-14.9,-13.6,0.0,-0.0,-1.2,-0.0,2519,1503,0,-10,11
95,13.60,33596,410.11,410.02,-0.09,-13.2,-11.9,0.0,-0.0,-1.3,-0.0,2507,1491,0,-8,10
96,13.76,33595,410.10,410.01,-0.09,-13.1,-11.9,0.0,-0.0,-1.1,-0.0,2494,1473,0,-8,10
97,13.92,33595,410.10,410.01,-0.09,-13.2,-11.9,0.0,0.0,-1.2,-0.0,2494,1467,0,-8,10
98,14.08,33595,410.10,410.00,-0.10,-14.9,-13.6,0.0,-0.0,-1.3,-0.0,2494,1470,0,-9,11
99,14.16,33594,410.08,410.00,-0.09,-13.2,-11.9,0.0,0.0,-1.3,-0.0,2482,1454,0,-8,10
100,14.33,33593,410.07,409.99,-0.07,-11.6,-10.2,0.0,0.0,-1.4,-0.0,2469,1442,0,-7,9
101,14.50,33591,410.05,409.99,-0.06,-9.8,-8.5,0.0,0.0,-1.3,-0.0,2444,1414,0,-5,8
102,14.67,33591,410.05,409.98,-0.06,-9.8,-8.5,0.0,0.0,-1.3,-0.0,2444,1414,0,-5,8
103,14.75,33593,410.07,409.98,-0.10,-15.0,-13.6,0.0,0.0,-1.3,-0.0,2469,1442,0,-9,12
104,14.91,33593,410.07,409.97,-0.10,-14.9,-13.6,0.0,-0.0,-1.3,-0.0,2469,1444,0,-9,12
105,15.07,33592,410.06,409.96,-0.10,-15.0,-13.6,0.0,-0.0,-1.4,-0.0,2457,1433,0,-9,12
106,15.17,33592,410.06,409.96,-0.10,-15.2,-13.6,0.0,-0.0,-1.6,-0.0,2457,1435,0,-9,12
107,15.33,33592,410.06,409.96,-0.10,-15.0,-13.6,0.0,-0.0,-1.4,-0.0,2457,1434,0,-9,12
108,15.49,33589,410.02,409.95,-0.07,-11.7,-10.2,0.0,0.0,-1.4,-0.0,2419,1389,0,-6,10
109,15.65,33589,410.02,409.94,-0.09,-13.3,-11.9,0.0,0.0,-1.4,-0.0,2419,1391,0,-7,11
110,15.74,33589,410.02,409.94,-0.09,-13.5,-11.9,0.0,0.0,-1.6,-0.0,2419,1390,0,-7,11
111,15.90,33589,410.02,409.93,-0.09,-13.5,-11.9,0.0,0.0,-1.5,-0.0,2419,1390,0,-7,11
112,16.07,33590,410.03,409.93,-0.11,-16.8,-15.3,0.0,-0.0,-1.5,-0.0,2432,1406,0,-9,14
113,16.16,33589,410.02,409.92,-0.10,-15.2,-13.6,0.0,-0.0,-1.6,-0.0,2419,1395,0,-8,12
114,16.33,33587,410.00,409.92,-0.09,-13.4,-11.9,0.0,0.0,-1.4,-0.0,2394,1367,0,-7,11
115,16.50,33587,410.00,409.91,-0.09,-13.5,-11.9,0.0,-0.0,-1.5,-0.0,2394,1370,0,-7,11
116,16.65,33588,410.01,409.90,-0.11,-16.8,-15.3,0.0,0.0,-1.5,-0.0,2407,1379,0,-8,14
117,16.73,33587,410.00,409.90,-0.10,-15.1,-13.6,0.0,0.0,-1.5,-0.0,2394,1366,0,-7,13
118,16.90,33587,410.00,409.89,-0.11,-16.9,-15.3,0.0,-0.0,-1.6,-0.0,2394,1367,0,-8,14
119,17.07,33584,409.96,409.88,-0.07,-11.8,-10.2,0.0,0.0,-1.6,-0.0,2357,1328,0,-5,10
120,17.22,33583,409.95,409.88,-0.07,-11.8,-10.2,0.0,0.0,-1.6,-0.0,2344,1312,0,-5,10
121,17.31,33583,409.95,409.87,-0.07,-11.9,-10.2,0.0,0.0,-1.7,-0.0,2344,1312,0,-5,10
122,17.47,33582,409.94,409.87,-0.07,-11.9,-10.2,0.0,0.0,-1.6,-0.0,2332,1300,0,-5,10
123,17.63,33582,409.94,409.86,-0.07,-11.8,-10.2,0.0,0.0,-1.6,-0.0,2332,1305,0,-5,10
124,17.79,33581,409.92,409.85,-0.07,-11.8,-10.2,0.0,0.0,-1.6,-0.0,2319,1289,0,-5,10
125,17.88,33581,409.92,409.85,-0.07,-12.0,-10.2,0.0,0.0,-1.8,-0.0,2319,1292,0,-5,11
126,18.04,33581,409.92,409.84,-0.09,-13.6,-11.9,0.0,-0.0,-1.6,-0.0,2319,1292,0,-5,12
127,18.21,33578,409.89,409.83,-0.05,-8.4,-6.8,0.0,0.0,-1.6,-0.0,2282,1252,0,-3,8
128,18.38,33576,409.86,409.83,-0.04,-6.8,-5.1,0.0,0.0,-1.7,-0.0,2257,1224,0,-2,6
129,18.47,33576,409.86,409.82,-0.04,-7.0,-5.1,0.0,0.0,-1.9,-0.0,2257,1225,0,-2,6
130,18.63,33577,409.88,409.81,-0.06,-10.2,-8.5,0.0,0.0,-1.6,-0.0,2269,1239,0,-3,9
131,18.79,33579,409.90,409.81,-0.10,-15.3,-13.6,0.0,-0.0,-1.7,-0.0,2294,1268,0,-5,14
132,18.88,33577,409.88,409.80,-0.07,-12.1,-10.2,0.0,-0.0,-1.9,-0.0,2269,1243,0,-4,11
133,19.05,33575,409.85,409.79,-0.06,-10.3,-8.5,0.0,-0.0,-1.8,-0.0,2244,1219,0,-3,10
134,19.21,33572,409.81,409.79,-0.02,-5.2,-3.4,0.0,0.0,-1.8,-0.0,2207,1177,0,-1,5
135,19.30,33572,409.81,409.78,-0.04,-6.9,-5.1,0.0,0.0,-1.8,-0.0,2207,1175,0,-2,7
136,19.46,33574,409.84,409.77,-0.06,-10.3,-8.5,0.0,0.0,-1.8,-0.0,2232,1200,0,-3,10
137,19.63,33574,409.84,409.77,-0.07,-12.0,-10.2,0.0,-0.0,-1.8,-0.0,2232,1205,0,-3,11
138,19.80,33572,409.81,409.76,-0.06,-10.3,-8.5,0.0,-0.0,-1.8,-0.0,2207,1182,0,-2,10
139,19.89,33573,409.83,409.75,-0.07,-12.2,-10.2,0.0,-0.0,-2.0,-0.0,2219,1197,0,-3,11
140,20.05,33573,409.83,409.75,-0.09,-13.8,-11.9,0.0,-0.0,-1.9,-0.0,2219,1192,0,-3,13
141,20.23,33572,409.81,409.74,-0.07,-12.1,-10.2,0.0,-0.0,-1.9,-0.0,2207,1182,0,-3,11
142,20.32,33571,409.80,409.73,-0.07,-12.3,-10.2,0.0,0.0,-2.1,-0.0,2194,1165,0,-3,12
143,20.49,33571,409.80,409.72,-0.07,-12.0,-10.2,0.0,-0.0,-1.7,-0.0,2194,1169,0,-3,11
144,20.66,33572,409.81,409.71,-0.10,-15.5,-13.6,0.0,0.0,-1.8,-0.0,2207,1179,0,-4,15
145,20.74,33572,409.81,409.71,-0.11,-17.3,-15.3,0.0,-0.0,-1.9,-0.0,2207,1182,0,-4,16
146,20.91,33571,409.80,409.70,-0.10,-15.5,-13.6,0.0,-0.0,-1.9,-0.0,2194,1169,0,-3,15
147,21.08,33570,409.79,409.69,-0.10,-15.6,-13.6,0.0,-0.0,-1.9,-0.0,2182,1157,0,-3,15
148,21.16,33570,409.79,409.69,-0.10,-15.6,-13.6,0.0,-0.0,-2.0,-0.0,2182,1156,0,-3,15
149,21.31,33565,409.73,409.68,-0.05,-8.7,-6.8,0.0,0.0,-1.9,-0.0,2119,1085,0,-1,8
150,21.48,33567,409.75,409.67,-0.09,-13.8,-11.9,0.0,0.0,-1.9,-0.0,2144,1111,0,-2,13
151,21.65,33567,409.75,409.66,-0.09,-13.8,-11.9,0.0,0.0,-1.9,-0.0,2144,1116,0,-2,13
152,21.73,33567,409.75,409.66,-0.10,-15.7,-13.6,0.0,0.0,-2.1,-0.0,2144,1115,0,-2,15
153,21.90,33564,409.72,409.65,-0.07,-12.3,-10.2,0.0,0.0,-2.1,-0.0,2107,1077,0,-1,12
154,22.07,33564,409.72,409.64,-0.07,-12.3,-10.2,0.0,-0.0,-2.0,-0.0,2107,1081,0,-1,12
155,22.16,33563,409.70,409.63,-0.07,-12.4,-10.2,0.0,0.0,-2.2,-0.0,2094,1064,0,-1,12
156,22.31,33563,409.70,409.63,-0.07,-12.3,-10.2,0.0,0.0,-2.0,-0.0,2094,1064,0,-1,12
157,22.48,33563,409.70,409.62,-0.09,-14.0,-11.9,0.0,-0.0,-2.0,-0.0,2094,1068,0,-1,14
158,22.64,33561,409.68,409.61,-0.07,-12.2,-10.2,0.0,0.0,-2.0,-0.0,2069,1039,0,0,12
159,22.72,33562,409.69,409.60,-0.09,-14.1,-11.9,0.0,-0.0,-2.2,-0.0,2082,1055,0,-1,14
160,22.89,33562,409.69,409.59,-0.10,-15.8,-13.6,0.0,-0.0,-2.1,-0.0,2082,1056,0,-1,15
161,23.05,33561,409.68,409.58,-0.10,-15.7,-13.6,0.0,-0.0,-2.1,-0.0,2069,1042,0,0,15
162,23.22,33559,409.66,409.57,-0.09,-14.1,-11.9,0.0,0.0,-2.2,-0.0,2044,1014,0,0,14
163,23.30,33559,409.66,409.57,-0.09,-14.2,-11.9,0.0,-0.0,-2.2,-0.0,2044,1017,0,0,14
164,23.47,33557,409.63,409.56,-0.07,-12.4,-10.2,0.0,0.0,-2.2,-0.0,2019,987,0,1,12
165,23.63,33557,409.63,409.55,-0.09,-14.1,-11.9,0.0,0.0,-2.1,-0.0,2019,987,0,1,14
166,23.81,33555,409.61,409.54,-0.07,-12.5,-10.2,0.0,0.0,-2.2,-0.0,1994,964,0,1,12
167,23.88,33554,409.59,409.53,-0.06,-10.7,-8.5,0.0,0.0,-2.1,-0.0,1982,951,0,1,10
168,24.05,33554,409.59,409.52,-0.07,-12.5,-10.2,0.0,0.0,-2.3,-0.0,1982,953,0,1,12
169,24.22,33554,409.59,409.51,-0.09,-14.0,-11.9,0.0,0.0,-2.1,-0.0,1982,952,0,1,14
170,24.31,33553,409.58,409.51,-0.07,-12.7,-10.2,0.0,0.0,-2.4,-0.0,1969,939,0,2,12
171,24.48,33551,409.56,409.50,-0.06,-10.7,-8.5,0.0,0.0,-2.2,-0.0,1944,914,0,2,10
172,24.65,33553,409.58,409.49,-0.10,-15.9,-13.6,0.0,-0.0,-2.2,-0.0,1969,944,0,2,15
173,24.74,33553,409.58,409.48,-0.10,-16.1,-13.6,0.0,-0.0,-2.4,-0.0,1969,943,0,2,15
174,24.89,33551,409.56,409.47,-0.09,-14.2,-11.9,0.0,0.0,-2.3,-0.0,1944,916,0,2,14
175,25.07,33550,409.55,409.46,-0.09,-14.3,-11.9,0.0,0.0,-2.4,-0.0,1932,902,0,3,14
176,25.16,33550,409.55,409.46,-0.09,-14.5,-11.9,0.0,-0.0,-2.6,-0.0,1932,906,0,3,14
177,25.31,33549,409.53,409.45,-0.09,-14.2,-11.9,0.0,0.0,-2.3,-0.0,1919,889,0,3,13
178,25.47,33547,409.51,409.44,-0.07,-12.6,-10.2,0.0,0.0,-2.4,-0.0,1894,864,0,3,12
179,25.63,33547,409.51,409.43,-0.09,-14.2,-11.9,0.0,0.0,-2.3,-0.0,1894,864,0,3,13
180,25.72,33546,409.50,409.42,-0.07,-12.7,-10.2,0.0,0.0,-2.5,-0.0,1882,852,0,3,12
181,25.89,33544,409.47,409.41,-0.06,-11.0,-8.5,0.0,0.0,-2.4,-0.0,1857,825,0,3,10
182,26.06,33543,409.46,409.40,-0.06,-10.9,-8.5,0.0,0.0,-2.4,-0.0,1844,814,0,3,10
183,26.22,33545,409.48,409.39,-0.10,-16.1,-13.6,0.0,-0.0,-2.4,-0.0,1869,842,0,4,15
184,26.30,33545,409.48,409.38,-0.10,-16.1,-13.6,0.0,-0.0,-2.5,-0.0,1869,842,0,4,15
185,26.48,33545,409.48,409.37,-0.11,-17.9,-15.3,0.0,-0.0,-2.6,-0.0,1869,843,0,5,17
186,26.63,33543,409.46,409.36,-0.10,-16.1,-13.6,0.0,-0.0,-2.4,-0.0,1844,820,0,5,15
187,26.72,33543,409.46,409.36,-0.11,-17.8,-15.3,0.0,-0.0,-2.5,-0.0,1844,820,0,5,16
188,26.89,33541,409.44,409.34,-0.10,-16.1,-13.6,0.0,0.0,-2.5,-0.0,1819,789,0,6,15
189,27.06,33541,409.44,409.33,-0.10,-16.0,-13.6,0.0,0.0,-2.4,-0.0,1819,789,0,5,15
190,27.23,33540,409.42,409.32,-0.10,-16.2,-13.6,0.0,0.0,-2.5,-0.0,1807,775,0,6,15
191,27.31,33540,409.42,409.32,-0.11,-17.8,-15.3,0.0,-0.0,-2.5,-0.0,1807,779,0,6,16
192,27.47,33541,409.44,409.30,-0.13,-21.3,-18.8,0.0,-0.0,-2.6,-0.0,1819,792,0,7,19
193,27.64,33537,409.39,409.29,-0.10,-16.1,-13.6,0.0,0.0,-2.4,-0.0,1769,739,0,7,14
194,27.73,33537,409.39,409.29,-0.10,-16.3,-13.6,0.0,0.0,-2.6,-0.0,1769,739,0,7,14
195,27.89,33535,409.36,409.28,-0.09,-14.5,-11.9,0.0,0.0,-2.6,-0.0,1744,712,0,6,13
196,28.06,33533,409.34,409.26,-0.07,-12.8,-10.2,0.0,0.0,-2.6,-0.0,1719,683,0,6,11
197,28.14,33533,409.34,409.26,-0.09,-14.6,-11.9,0.0,0.0,-2.7,-0.0,1719,683,0,7,12
198,28.31,33535,409.36,409.25,-0.12,-19.8,-17.0,0.0,-0.0,-2.7,-0.0,1744,717,0,9,17
199,28.49,33532,409.33,409.23,-0.10,-16.1,-13.6,0.0,-0.0,-2.5,-0.0,1707,679,0,8,13
200,28.57,33533,409.34,409.23,-0.11,-18.4,-15.3,0.0,-0.0,-3.0,-0.0,1719,692,0,9,16
201,28.74,33534,409.35,409.21,-0.13,-21.4,-18.8,0.0,-0.0,-2.7,-0.0,1732,709,0,10,18
202,28.91,33532,409.33,409.20,-0.12,-19.6,-17.0,0.0,-0.0,-2.6,-0.0,1707,682,0,10,16
203,29.08,33530,409.30,409.19,-0.11,-17.9,-15.3,0.0,0.0,-2.6,-0.0,1682,651,0,9,15
204,29.17,33530,409.30,409.18,-0.12,-19.9,-17.0,0.0,-0.0,-2.9,-0.0,1682,655,0,10,16
205,29.33,33528,409.28,409.17,-0.11,-18.0,-15.3,0.0,0.0,-2.6,-0.0,1657,626,0,10,14
206,29.50,33528,409.28,409.16,-0.12,-19.7,-17.0,0.0,0.0,-2.7,-0.0,1657,624,0,11,16
207,29.59,33527,409.27,409.15,-0.11,-18.3,-15.3,0.0,0.0,-3.0,-0.0,1644,612,0,10,14
208,29.77,33528,409.28,409.14,-0.13,-21.5,-18.8,0.0,-0.0,-2.8,-0.0,1657,630,0,12,17
209,29.92,33526,409.25,409.13,-0.12,-19.7,-17.0,0.0,-0.0,-2.7,-0.0,1632,605,0,11,15
210,30.00,33526,409.25,409.12,-0.13,-21.4,-18.8,0.0,-0.0,-2.7,-0.0,1632,605,0,12,17
211,30.17,33522,409.20,409.11,-0.10,-16.3,-13.6,0.0,0.0,-2.6,-0.0,1582,549,0,11,12
212,30.34,33522,409.20,409.10,-0.11,-18.0,-15.3,0.0,0.0,-2.6,-0.0,1582,549,0,12,13
213,30.44,33522,409.20,409.09,-0.11,-18.4,-15.3,0.0,0.0,-3.1,-0.0,1582,548,0,12,13
214,30.59,33522,409.20,409.08,-0.12,-19.8,-17.0,0.0,0.0,-2.7,-0.0,1582,552,0,13,14
215,30.76,33520,409.18,409.06,-0.11,-18.2,-15.3,0.0,0.0,-2.8,-0.0,1557,527,0,12,13
216,30.93,33520,409.18,409.05,-0.13,-21.6,-18.8,0.0,-0.0,-2.8,-0.0,1557,530,0,14,15
217,31.02,33520,409.18,409.04,-0.13,-21.8,-18.8,0.0,-0.0,-3.0,-0.0,1557,530,0,15,15
218,31.18,33518,409.16,409.03,-0.12,-19.8,-17.0,0.0,0.0,-2.7,-0.0,1532,502,0,14,13
219,31.34,33516,409.13,409.02,-0.11,-18.0,-15.3,0.0,0.0,-2.7,-0.0,1507,475,0,13,12
220,31.43,33515,409.12,409.01,-0.11,-18.3,-15.3,0.0,0.0,-3.0,-0.0,1494,462,0,13,12
221,31.59,33514,409.11,409.00,-0.11,-18.2,-15.3,0.0,0.0,-2.9,-0.0,1482,449,0,14,11
222,31.75,33514,409.11,408.99,-0.12,-19.8,-17.0,0.0,0.0,-2.7,-0.0,1482,451,0,15,12
223,31.92,33512,409.08,408.97,-0.11,-18.2,-15.3,0.0,0.0,-2.9,-0.0,1457,427,0,14,11
224,32.00,33512,409.08,408.97,-0.11,-18.3,-15.3,0.0,0.0,-3.0,-0.0,1457,427,0,14,11
225,32.16,33509,409.05,408.95,-0.09,-14.8,-11.9,0.0,0.0,-2.9,-0.0,1419,386,0,12,8
226,32.33,33512,409.08,408.94,-0.15,-23.3,-20.5,0.0,-0.0,-2.9,-0.0,1457,430,0,18,14
227,32.50,33510,409.06,408.93,-0.13,-21.7,-18.8,0.0,-0.0,-2.9,-0.0,1432,402,0,17,12
228,32.58,33510,409.06,408.92,-0.13,-21.9,-18.8,0.0,-0.0,-3.2,-0.0,1432,405,0,17,12
229,32.75,33506,409.01,408.91,-0.10,-16.7,-13.6,0.0,0.0,-3.1,-0.0,1382,352,0,14,8
230,32.92,33505,409.00,408.89,-0.11,-18.3,-15.3,0.0,-0.0,-3.0,-0.0,1369,339,0,15,9
231,33.00,33502,408.96,408.89,-0.07,-13.2,-10.2,0.0,0.0,-2.9,-0.0,1332,293,0,11,6
232,33.16,33501,408.95,408.87,-0.07,-13.1,-10.2,0.0,0.0,-2.9,-0.0,1319,282,0,12,5
233,33.32,33502,408.96,408.86,-0.10,-16.6,-13.6,0.0,0.0,-3.0,-0.0,1332,299,0,14,7
234,33.48,33501,408.95,408.85,-0.10,-16.7,-13.6,0.0,0.0,-3.1,-0.0,1319,287,0,15,7
235,33.57,33500,408.94,408.84,-0.10,-16.8,-13.6,0.0,0.0,-3.2,-0.0,1307,275,0,15,7
236,33.73,33500,408.94,408.82,-0.11,-18.4,-15.3,0.0,-0.0,-3.1,-0.0,1307,281,0,16,7
237,33.89,33498,408.91,408.81,-0.10,-16.7,-13.6,0.0,0.0,-3.1,-0.0,1282,252,0,15,6
238,34.05,33497,408.90,408.80,-0.10,-16.6,-13.6,0.0,0.0,-3.0,-0.0,1269,238,0,15,6
239,34.14,33497,408.90,408.79,-0.11,-18.8,-15.3,0.0,-0.0,-3.5,-0.0,1269,238,0,17,7
240,34.32,33494,408.86,408.77,-0.09,-15.1,-11.9,0.0,0.0,-3.2,-0.0,1232,199,0,14,4
241,34.49,33491,408.83,408.76,-0.06,-11.7,-8.5,0.0,0.0,-3.2,-0.0,1194,160,0,11,3
242,34.56,33491,408.83,408.75,-0.07,-13.1,-10.2,0.0,0.0,-2.9,-0.0,1194,160,0,12,3
243,34.73,33490,408.81,408.74,-0.07,-13.3,-10.2,0.0,0.0,-3.0,-0.0,1182,148,0,13,3
244,34.90,33490,408.81,408.72,-0.09,-15.2,-11.9,0.0,0.0,-3.2,-0.0,1182,150,0,14,3
245,35.05,33491,408.83,408.71,-0.11,-18.5,-15.3,0.0,-0.0,-3.1,-0.0,1194,170,0,17,5
246,35.14,33491,408.83,408.70,-0.12,-20.5,-17.0,0.0,-0.0,-3.5,-0.0,1194,170,0,19,5
247,35.31,33489,408.80,408.69,-0.11,-18.4,-15.3,0.0,-0.0,-3.1,-0.0,1169,141,0,17,4
248,35.48,33488,408.79,408.67,-0.11,-18.5,-15.3,0.0,-0.0,-3.2,-0.0,1157,130,0,18,4
249,35.64,33486,408.76,408.66,-0.11,-18.6,-15.3,0.0,-0.0,-3.2,-0.0,1132,102,0,18,3
250,35.73,33486,408.76,408.65,-0.11,-19.0,-15.3,0.0,0.0,-3.6,-0.0,1132,100,0,18,3
251,35.89,33484,408.74,408.64,-0.10,-17.0,-13.6,0.0,0.0,-3.3,-0.0,1107,72,0,16,2
252,36.05,33484,408.74,408.62,-0.12,-20.4,-17.0,0.0,-0.0,-3.4,-0.0,1107,77,0,20,2
253,36.14,33484,408.74,408.61,-0.12,-20.5,-17.0,0.0,-0.0,-3.5,-0.0,1107,77,0,20,2
254,36.30,33482,408.72,408.60,-0.11,-18.6,-15.3,0.0,0.0,-3.2,-0.0,1082,52,0,18,1
255,36.47,33481,408.70,408.58,-0.12,-20.7,-17.0,0.0,-0.0,-3.7,-0.0,1069,40,0,20,1
256,36.64,33477,408.65,408.57,-0.09,-15.1,-11.9,0.0,0.0,-3.2,-0.0,1019,4081,0,15,0
257,36.72,33477,408.65,408.56,-0.10,-17.1,-13.6,0.0,0.0,-3.5,-0.0,1019,4080,0,17,0
258,36.89,33476,408.64,408.55,-0.10,-17.1,-13.6,0.0,0.0,-3.5,-0.0,1007,4070,0,17,-1
259,37.07,33476,408.64,408.53,-0.11,-18.8,-15.3,0.0,0.0,-3.4,-0.0,1007,4070,0,18,-1
260,37.14,33476,408.64,408.52,-0.12,-20.2,-17.0,0.0,0.0,-3.2,-0.0,1007,4072,0,20,-1
261,37.31,33469,408.56,408.51,-0.05,-10.0,-6.8,0.0,0.0,-3.2,-0.0,919,3980,0,10,-2
262,37.47,33469,408.56,408.49,-0.06,-12.0,-8.5,0.0,0.0,-3.5,-0.0,919,3979,0,11,-2
263,37.56,33470,408.57,408.48,-0.09,-15.5,-11.9,0.0,0.0,-3.6,-0.0,932,3995,0,15,-2
264,37.73,33467,408.53,408.47,-0.06,-12.1,-8.5,0.0,0.0,-3.6,-0.0,894,3952,0,11,-3
265,37.90,33466,408.52,408.45,-0.07,-13.6,-10.2,0.0,0.0,-3.4,-0.0,882,3945,0,13,-3
266,38.06,33465,408.51,408.44,-0.07,-13.7,-10.2,0.0,-0.0,-3.5,-0.0,869,3935,0,13,-3
267,38.14,33464,408.50,408.43,-0.07,-13.6,-10.2,0.0,-0.0,-3.4,-0.0,857,3922,0,13,-3
268,38.31,33461,408.46,408.41,-0.05,-10.2,-6.8,0.0,0.0,-3.4,-0.0,819,3879,0,9,-3
269,38.48,33462,408.47,408.40,-0.07,-13.7,-10.2,0.0,-0.0,-3.4,-0.0,832,3898,0,13,-4
270,38.56,33460,408.45,408.39,-0.06,-12.0,-8.5,0.0,0.0,-3.5,-0.0,807,3870,0,11,-4
271,38.72,33455,408.39,408.37,-0.01,-5.1,-1.7,0.0,0.0,-3.4,-0.0,744,3801,0,4,-2
272,38.89,33457,408.41,408.36,-0.05,-10.5,-6.8,0.0,-0.0,-3.6,-0.0,769,3835,0,9,-4
273,39.06,33454,408.37,408.34,-0.04,-8.7,-5.1,0.0,0.0,-3.6,-0.0,732,3792,0,8,-4
274,39.15,33452,408.35,408.33,-0.02,-7.1,-3.4,0.0,0.0,-3.7,-0.0,707,3764,0,6,-3
275,39.32,33453,408.36,408.31,-0.05,-10.6,-6.8,0.0,0.0,-3.7,-0.0,719,3783,0,9,-5
276,39.49,33454,408.37,408.30,-0.07,-13.7,-10.2,0.0,-0.0,-3.5,-0.0,732,3803,0,12,-6
277,39.57,33454,408.37,408.29,-0.09,-15.6,-11.9,0.0,-0.0,-3.7,-0.0,732,3799,0,14,-7
278,39.74,33450,408.33,408.27,-0.05,-10.4,-6.8,0.0,-0.0,-3.6,-0.0,682,3748,0,9,-5
279,39.91,33451,408.34,408.26,-0.09,-15.4,-11.9,0.0,-0.0,-3.5,-0.0,694,3765,0,13,-7
280,40.00,33450,408.33,408.25,-0.07,-14.1,-10.2,0.0,-0.0,-3.9,-0.0,682,3749,0,12,-7
281,40.16,33451,408.34,408.23,-0.11,-18.8,-15.3,0.0,-0.0,-3.5,-0.0,694,3762,0,16,-9
282,40.33,33448,408.30,408.21,-0.09,-15.5,-11.9,0.0,-0.0,-3.6,-0.0,657,3723,0,13,-8
283,40.49,33449,408.31,408.20,-0.12,-20.8,-17.0,0.0,-0.0,-3.7,-0.0,669,3741,0,17,-10
284,40.58,33449,408.31,408.19,-0.12,-21.1,-17.0,0.0,-0.0,-4.0,-0.0,669,3738,0,17,-11
285,40.75,33448,408.30,408.17,-0.13,-22.5,-18.8,0.0,-0.0,-3.7,-0.0,657,3726,0,18,-12
286,40.91,33447,408.29,408.15,-0.13,-22.5,-18.8,0.0,-0.0,-3.7,-0.0,644,3713,0,18,-12
287,41.01,33447,408.29,408.14,-0.15,-24.5,-20.5,0.0,-0.0,-4.1,-0.0,644,3714,0,20,-13
288,41.18,33446,408.28,408.13,-0.15,-24.4,-20.5,0.0,-0.0,-3.9,-0.0,632,3699,0,19,-14
289,41.35,33443,408.24,408.11,-0.13,-22.6,-18.8,0.0,0.0,-3.9,-0.0,594,3657,0,17,-14
290,41.44,33442,408.23,408.10,-0.12,-21.2,-17.0,0.0,0.0,-4.1,-0.0,582,3645,0,16,-13
291,41.61,33442,408.23,408.08,-0.15,-24.2,-20.5,0.0,-0.0,-3.7,-0.0,582,3647,0,18,-15
292,41.70,33437,408.17,408.07,-0.10,-17.8,-13.6,0.0,0.0,-4.2,-0.0,519,3575,0,12,-12
293,41.87,33437,408.17,408.05,-0.11,-19.1,-15.3,0.0,0.0,-3.8,-0.0,519,3578,0,13,-13
294,42.04,33434,408.13,408.04,-0.10,-17.5,-13.6,0.0,0.0,-3.9,-0.0,482,3541,0,11,-13
295,42.13,33434,408.13,408.03,-0.10,-17.9,-13.6,0.0,0.0,-4.3,-0.0,482,3541,0,11,-13
296,42.29,33433,408.12,408.01,-0.11,-19.2,-15.3,0.0,0.0,-3.8,-0.0,469,3528,0,12,-14
297,42.46,33433,408.12,407.99,-0.12,-21.3,-17.0,0.0,-0.0,-4.2,-0.0,469,3533,0,13,-16
298,42.62,33433,408.12,407.98,-0.15,-24.2,-20.5,0.0,-0.0,-3.7,-0.0,469,3537,0,15,-18
299,42.71,33430,408.08,407.97,-0.11,-19.5,-15.3,0.0,-0.0,-4.2,-0.0,432,3498,0,12,-15
300,42.88,33428,408.06,407.95,-0.11,-19.2,-15.3,0.0,0.0,-3.8,-0.0,407,3470,0,11,-15
301,43.05,33425,408.02,407.93,-0.09,-16.0,-11.9,0.0,0.0,-4.0,-0.0,369,3429,0,8,-13
302,43.14,33424,408.01,407.92,-0.09,-15.9,-11.9,0.0,0.0,-4.0,-0.0,357,3416,0,8,-13
303,43.30,33422,407.98,407.90,-0.09,-15.6,-11.9,0.0,0.0,-3.7,-0.0,332,3389,0,7,-13
304,43.47,33419,407.95,407.88,-0.06,-12.6,-8.5,0.0,0.0,-4.1,-0.0,294,3352,0,5,-11
305,43.55,33419,407.95,407.87,-0.07,-14.5,-10.2,0.0,0.0,-4.3,-0.0,294,3352,0,6,-13
306,43.72,33419,407.95,407.86,-0.09,-16.0,-11.9,0.0,0.0,-4.1,-0.0,294,3357,0,7,-14
307,43.89,33413,407.87,407.84,-0.04,-9.0,-5.1,0.0,0.0,-3.9,-0.0,219,3275,0,3,-8
308,44.06,33411,407.85,407.82,-0.02,-7.4,-3.4,0.0,0.0,-4.0,-0.0,194,3251,0,2,-7
309,44.15,33410,407.84,407.81,-0.02,-7.8,-3.4,0.0,0.0,-4.4,-0.0,182,3240,0,2,-7
310,44.30,33407,407.80,407.79,-0.01,-5.9,-1.7,0.0,0.0,-4.2,-0.0,144,3197,0,1,-6
311,44.48,33407,407.80,407.77,-0.02,-7.6,-3.4,0.0,0.0,-4.2,-0.0,144,3202,0,1,-7
312,44.56,33409,407.82,407.76,-0.06,-12.9,-8.5,0.0,-0.0,-4.4,-0.0,169,3235,0,3,-12
313,44.73,33403,407.75,407.74,-0.01,-5.8,-1.7,0.0,0.0,-4.1,-0.0,94,3154,0,1,-6
314,44.90,33403,407.75,407.73,-0.02,-7.4,-3.4,0.0,0.0,-3.9,-0.0,94,3156,0,1,-7
315,44.98,33403,407.75,407.72,-0.04,-9.4,-5.1,0.0,-0.0,-4.3,-0.0,94,3160,0,1,-9
316,45.15,33403,407.75,407.70,-0.05,-11.1,-6.8,0.0,-0.0,-4.3,-0.0,94,3160,0,1,-11
317,45.31,33399,407.70,407.68,-0.02,-7.4,-3.4,0.0,0.0,-4.0,-0.0,44,3104,0,0,-7
318,45.48,33398,407.69,407.66,-0.02,-7.4,-3.4,0.0,-0.0,-4.0,-0.0,32,3097,0,0,-7
319,45.57,33396,407.67,407.65,-0.01,-6.1,-1.7,0.0,0.0,-4.4,-0.0,7,3068,0,0,-6
320,45.74,33394,407.64,407.63,-0.01,-5.9,-1.7,0.0,0.0,-4.2,-0.0,4078,3040,0,0,-6
321,45.91,33393,407.63,407.61,-0.01,-6.0,-1.7,0.0,0.0,-4.3,-0.0,4065,3029,0,0,-6
322,45.99,33393,407.63,407.60,-0.02,-7.2,-3.4,0.0,0.0,-3.8,-0.0,4065,3033,0,0,-7
323,46.15,33389,407.58,407.58,0.00,-4.3,0.0,0.0,0.0,-4.3,-0.0,4015,2978,0,-1,-4
324,46.33,33389,407.58,407.56,-0.01,-6.0,-1.7,0.0,-0.0,-4.3,-0.0,4015,2983,0,-1,-6
325,46.49,33388,407.57,407.54,-0.02,-7.8,-3.4,0.0,-0.0,-4.4,-0.0,4003,2971,0,-1,-7
326,46.57,33388,407.57,407.53,-0.04,-9.7,-5.1,0.0,-0.0,-4.6,-0.0,4003,2971,0,-1,-9
327,46.74,33391,407.60,407.52,-0.09,-16.2,-11.9,0.0,-0.0,-4.2,-0.0,4040,3016,0,-1,-16
328,46.90,33391,407.60,407.50,-0.11,-19.7,-15.3,0.0,-0.0,-4.3,-0.0,4040,3019,0,-2,-19
329,46.98,33391,407.60,407.49,-0.12,-21.6,-17.0,0.0,-0.0,-4.5,-0.0,4040,3019,0,-2,-21
330,47.16,33387,407.56,407.47,-0.09,-16.4,-11.9,0.0,-0.0,-4.4,-0.0,3990,2964,0,-3,-16
331,47.32,33386,407.54,407.45,-0.10,-17.9,-13.6,0.0,-0.0,-4.3,-0.0,3978,2947,0,-3,-17
332,47.48,33385,407.53,407.43,-0.10,-17.8,-13.6,0.0,0.0,-4.2,-0.0,3965,2932,0,-4,-17
333,47.56,33385,407.53,407.42,-0.11,-19.9,-15.3,0.0,0.0,-4.5,-0.0,3965,2932,0,-4,-19
334,47.73,33384,407.52,407.40,-0.12,-21.3,-17.0,0.0,-0.0,-4.3,-0.0,3953,2923,0,-5,-20
335,47.90,33385,407.53,407.38,-0.16,-26.3,-22.2,0.0,-0.0,-4.1,-0.0,3965,2938,0,-5,-25
336,47.99,33384,407.52,407.37,-0.15,-25.2,-20.5,0.0,-0.0,-4.7,-0.0,3953,2926,0,-5,-24
337,48.16,33380,407.47,407.35,-0.12,-21.5,-17.0,0.0,-0.0,-4.4,-0.0,3903,2872,0,-6,-20
338,48.33,33378,407.45,407.33,-0.12,-21.4,-17.0,0.0,-0.0,-4.4,-0.0,3878,2845,0,-7,-20
339,48.42,33378,407.45,407.32,-0.13,-23.6,-18.8,0.0,-0.0,-4.8,-0.0,3878,2844,0,-8,-21
340,48.59,33375,407.41,407.29,-0.11,-19.8,-15.3,0.0,0.0,-4.4,-0.0,3840,2802,0,-8,-18
341,48.76,33373,407.39,407.27,-0.11,-19.8,-15.3,0.0,0.0,-4.5,-0.0,3815,2775,0,-8,-17
342,48.85,33373,407.39,407.26,-0.12,-21.8,-17.0,0.0,0.0,-4.7,-0.0,3815,2780,0,-9,-19
343,49.02,33370,407.35,407.24,-0.11,-19.8,-15.3,0.0,0.0,-4.4,-0.0,3778,2743,0,-9,-17
344,49.19,33368,407.32,407.22,-0.10,-18.2,-13.6,0.0,0.0,-4.6,-0.0,3753,2718,0,-9,-15
345,49.27,33368,407.32,407.21,-0.11,-19.7,-15.3,0.0,0.0,-4.4,-0.0,3753,2719,0,-10,-16
346,49.44,33368,407.32,407.19,-0.13,-23.1,-18.8,0.0,-0.0,-4.3,-0.0,3753,2722,0,-11,-19
347,49.61,33364,407.28,407.17,-0.11,-19.9,-15.3,0.0,0.0,-4.6,-0.0,3703,2667,0,-11,-16
348,49.77,33361,407.24,407.15,-0.09,-16.6,-11.9,0.0,0.0,-4.7,-0.0,3665,2630,0,-10,-13
349,49.86,33361,407.24,407.14,-0.10,-18.7,-13.6,0.0,0.0,-5.0,-0.0,3665,2629,0,-11,-14
350,50.03,33359,407.21,407.12,-0.10,-18.2,-13.6,0.0,0.0,-4.6,-0.0,3640,2602,0,-12,-13
351,50.11,33359,407.21,407.11,-0.11,-20.3,-15.3,0.0,0.0,-4.9,-0.0,3640,2602,0,-13,-15
352,50.28,33357,407.19,407.09,-0.11,-20.0,-15.3,0.0,0.0,-4.6,-0.0,3615,2581,0,-13,-14
353,50.47,33354,407.15,407.06,-0.09,-17.3,-11.9,0.0,0.0,-5.3,-0.0,3578,2542,0,-12,-11
354,50.62,33352,407.13,407.04,-0.09,-16.5,-11.9,0.0,0.0,-4.5,-0.0,3553,2516,0,-12,-10
355,50.71,33348,407.08,407.03,-0.05,-11.6,-6.8,0.0,0.0,-4.8,-0.0,3503,2462,0,-9,-7
356,50.87,33348,407.08,407.01,-0.07,-14.8,-10.2,0.0,0.0,-4.5,-0.0,3503,2466,0,-11,-9
357,51.05,33345,407.04,406.99,-0.06,-13.3,-8.5,0.0,0.0,-4.8,-0.0,3465,2426,0,-11,-7
358,51.13,33344,407.03,406.98,-0.05,-11.6,-6.8,0.0,0.0,-4.8,-0.0,3453,2414,0,-10,-6
359,51.30,33343,407.02,406.96,-0.06,-13.0,-8.5,0.0,0.0,-4.5,-0.0,3440,2403,0,-11,-7
360,51.47,33343,407.02,406.93,-0.09,-16.7,-11.9,0.0,-0.0,-4.7,-0.0,3440,2408,0,-14,-8
361,51.55,33340,406.98,406.92,-0.06,-13.7,-8.5,0.0,0.0,-5.1,-0.0,3403,2366,0,-12,-6
362,51.72,33336,406.93,406.90,-0.04,-9.7,-5.1,0.0,0.0,-4.6,-0.0,3353,2316,0,-9,-4
363,51.88,33337,406.95,406.88,-0.06,-13.2,-8.5,0.0,-0.0,-4.7,-0.0,3365,2332,0,-12,-5
364,51.97,33335,406.92,406.87,-0.05,-11.8,-6.8,0.0,0.0,-4.9,-0.0,3340,2304,0,-11,-4
365,52.14,33333,406.90,406.85,-0.05,-11.5,-6.8,0.0,0.0,-4.7,-0.0,3315,2276,0,-11,-4
366,52.30,33331,406.87,406.83,-0.05,-11.4,-6.8,0.0,0.0,-4.6,-0.0,3290,2254,0,-11,-3
367,52.47,33330,406.86,406.80,-0.06,-13.4,-8.5,0.0,-0.0,-4.9,-0.0,3278,2245,0,-12,-4
368,52.55,33330,406.86,406.79,-0.07,-15.2,-10.2,0.0,-0.0,-5.0,-0.0,3278,2243,0,-14,-4
369,52.72,33326,406.81,406.77,-0.04,-9.8,-5.1,0.0,0.0,-4.7,-0.0,3228,2194,0,-9,-2
370,52.89,33326,406.81,406.75,-0.06,-13.4,-8.5,0.0,-0.0,-4.9,-0.0,3228,2195,0,-13,-3
371,52.98,33327,406.82,406.74,-0.09,-17.1,-11.9,0.0,-0.0,-5.2,-0.0,3240,2210,0,-16,-4
372,53.15,33323,406.77,406.71,-0.06,-13.5,-8.5,0.0,0.0,-5.0,-0.0,3190,2155,0,-13,-2
373,53.32,33323,406.77,406.69,-0.09,-16.8,-11.9,0.0,-0.0,-4.9,-0.0,3190,2157,0,-16,-3
374,53.40,33322,406.76,406.68,-0.09,-17.0,-11.9,0.0,-0.0,-5.1,-0.0,3178,2148,0,-16,-3
375,53.57,33322,406.76,406.66,-0.11,-20.3,-15.3,0.0,-0.0,-4.9,-0.0,3178,2148,0,-19,-3
376,53.73,33321,406.75,406.64,-0.11,-20.1,-15.3,0.0,-0.0,-4.8,-0.0,3165,2137,0,-19,-3
377,53.90,33318,406.71,406.61,-0.10,-18.4,-13.6,0.0,-0.0,-4.7,-0.0,3128,2097,0,-18,-1
378,53.98,33318,406.71,406.60,-0.11,-20.5,-15.3,0.0,-0.0,-5.1,-0.0,3128,2096,0,-20,-1
379,54.15,33315,406.68,406.58,-0.10,-18.4,-13.6,0.0,0.0,-4.8,-0.0,3090,2056,0,-18,0
380,54.32,33315,406.68,406.56,-0.12,-22.1,-17.0,0.0,-0.0,-5.1,-0.0,3090,2057,0,-21,0
381,54.41,33313,406.65,406.55,-0.11,-20.5,-15.3,0.0,0.0,-5.2,-0.0,3065,2029,0,-20,1
382,54.57,33309,406.60,406.52,-0.09,-16.8,-11.9,0.0,0.0,-4.9,-0.0,3015,1978,0,-16,2
383,54.74,33308,406.59,406.50,-0.10,-18.7,-13.6,0.0,0.0,-5.0,-0.0,3003,1967,0,-18,2
384,54.89,33305,406.56,406.48,-0.07,-15.3,-10.2,0.0,0.0,-5.1,-0.0,2965,1926,0,-15,3
385,54.98,33305,406.56,406.47,-0.09,-17.3,-11.9,0.0,0.0,-5.4,-0.0,2965,1925,0,-16,3
386,55.15,33302,406.52,406.44,-0.07,-15.5,-10.2,0.0,0.0,-5.2,-0.0,2928,1893,0,-15,4
387,55.32,33301,406.51,406.42,-0.09,-17.0,-11.9,0.0,0.0,-5.0,-0.0,2915,1879,0,-16,4
388,55.39,33299,406.48,406.41,-0.07,-14.9,-10.2,0.0,0.0,-4.7,-0.0,2890,1853,0,-14,4
389,55.56,33297,406.46,406.39,-0.07,-15.1,-10.2,0.0,0.0,-4.9,-0.0,2865,1829,0,-14,5
390,55.73,33294,406.42,406.36,-0.06,-13.5,-8.5,0.0,0.0,-5.0,-0.0,2828,1791,0,-12,5
391,55.89,33291,406.38,406.34,-0.05,-11.7,-6.8,0.0,0.0,-4.9,-0.0,2790,1750,0,-10,5
392,55.98,33291,406.38,406.33,-0.06,-14.0,-8.5,0.0,0.0,-5.5,-0.0,2790,1750,0,-12,6
393,56.15,33287,406.34,406.30,-0.04,-10.1,-5.1,0.0,0.0,-5.0,-0.0,2740,1700,0,-8,5
394,56.32,33287,406.34,406.28,-0.06,-13.5,-8.5,0.0,0.0,-5.0,-0.0,2740,1701,0,-11,7
395,56.41,33285,406.31,406.27,-0.04,-10.5,-5.1,0.0,0.0,-5.4,-0.0,2715,1677,0,-9,5
396,56.57,33282,406.27,406.24,-0.02,-8.6,-3.4,0.0,0.0,-5.2,-0.0,2678,1641,0,-7,5
397,56.73,33281,406.26,406.22,-0.04,-10.3,-5.1,0.0,0.0,-5.1,-0.0,2665,1631,0,-8,6
398,56.82,33280,406.25,406.21,-0.04,-10.5,-5.1,0.0,0.0,-5.4,-0.0,2653,1618,0,-8,6
399,56.98,33275,406.19,406.19,0.00,-5.2,0.0,0.0,0.0,-5.2,-0.0,2590,1548,0,-4,3
400,57.15,33274,406.18,406.16,-0.01,-7.1,-1.7,0.0,0.0,-5.4,-0.0,2578,1542,0,-5,5
401,57.32,33273,406.16,406.14,-0.02,-8.7,-3.4,0.0,0.0,-5.3,-0.0,2565,1527,0,-6,6
402,57.39,33273,406.16,406.13,-0.04,-9.9,-5.1,0.0,0.0,-4.8,-0.0,2565,1530,0,-7,7
403,57.56,33272,406.15,406.10,-0.05,-12.0,-6.8,0.0,-0.0,-5.1,-0.0,2553,1520,0,-8,8
404,57.73,33268,406.10,406.08,-0.02,-8.5,-3.4,0.0,-0.0,-5.1,-0.0,2503,1470,0,-5,6
405,57.82,33268,406.10,406.07,-0.04,-11.0,-5.1,0.0,-0.0,-5.9,-0.0,2503,1469,0,-7,8
406,57.99,33268,406.10,406.04,-0.06,-13.8,-8.5,0.0,-0.0,-5.3,-0.0,2503,1472,0,-8,10
407,58.15,33267,406.09,406.02,-0.07,-15.7,-10.2,0.0,-0.0,-5.4,-0.0,2490,1458,0,-9,12
408,58.32,33264,406.05,405.99,-0.06,-13.8,-8.5,0.0,-0.0,-5.3,-0.0,2453,1420,0,-8,11
409,58.41,33264,406.05,405.98,-0.07,-15.8,-10.2,0.0,-0.0,-5.6,-0.0,2453,1423,0,-9,13
410,58.58,33264,406.05,405.96,-0.10,-19.0,-13.6,0.0,-0.0,-5.3,-0.0,2453,1425,0,-11,15
411,58.74,33260,406.01,405.93,-0.07,-15.6,-10.2,0.0,0.0,-5.3,-0.0,2403,1366,0,-8,13
412,58.83,33260,406.01,405.92,-0.09,-17.5,-11.9,0.0,-0.0,-5.6,-0.0,2403,1368,0,-9,15
413,59.00,33257,405.97,405.89,-0.07,-15.5,-10.2,0.0,-0.0,-5.3,-0.0,2365,1331,0,-7,13
414,59.17,33257,405.97,405.87,-0.10,-19.3,-13.6,0.0,-0.0,-5.6,-0.0,2365,1330,0,-8,17
415,59.25,33257,405.97,405.86,-0.11,-20.9,-15.3,0.0,-0.0,-5.6,-0.0,2365,1330,0,-9,18
416,59.42,33256,405.96,405.83,-0.12,-22.1,-17.0,0.0,-0.0,-5.0,-0.0,2353,1323,0,-9,19
417,59.59,33253,405.92,405.81,-0.11,-20.8,-15.3,0.0,-0.0,-5.4,-0.0,2315,1285,0,-8,19
418,59.68,33253,405.92,405.79,-0.12,-22.9,-17.0,0.0,-0.0,-5.9,-0.0,2315,1285,0,-9,20
419,59.85,33250,405.88,405.77,-0.12,-22.5,-17.0,0.0,-0.0,-5.4,-0.0,2278,1244,0,-7,21
420,60.02,33246,405.83,405.74,-0.10,-19.1,-13.6,0.0,0.0,-5.4,-0.0,2228,1189,0,-5,18
421,60.17,33245,405.82,405.72,-0.11,-20.9,-15.3,0.0,0.0,-5.5,-0.0,2215,1176,0,-5,20
422,60.26,33245,405.82,405.71,-0.12,-22.8,-17.0,0.0,-0.0,-5.7,-0.0,2215,1179,0,-5,21
423,60.43,33241,405.77,405.68,-0.10,-19.3,-13.6,0.0,0.0,-5.7,-0.0,2165,1125,0,-3,18
424,60.60,33238,405.74,405.65,-0.09,-17.2,-11.9,0.0,0.0,-5.3,-0.0,2128,1091,0,-2,17
425,60.69,33238,405.74,405.64,-0.10,-19.6,-13.6,0.0,0.0,-6.0,-0.0,2128,1091,0,-2,19
426,60.86,33239,405.75,405.61,-0.13,-24.3,-18.8,0.0,-0.0,-5.5,-0.0,2140,1107,0,-3,23
427,61.03,33232,405.66,405.59,-0.07,-15.9,-10.2,0.0,0.0,-5.6,-0.0,2053,1013,0,0,15
428,61.11,33230,405.64,405.58,-0.06,-14.2,-8.5,0.0,0.0,-5.6,-0.0,2028,988,0,1,14
429,61.27,33230,405.64,405.55,-0.09,-17.1,-11.9,0.0,0.0,-5.2,-0.0,2028,993,0,1,17
430,61.44,33225,405.58,405.53,-0.05,-12.3,-6.8,0.0,0.0,-5.5,-0.0,1965,920,0,2,12
431,61.60,33224,405.57,405.50,-0.06,-14.0,-8.5,0.0,0.0,-5.5,-0.0,1953,913,0,2,13
432,61.69,33222,405.54,405.49,-0.06,-14.8,-8.5,0.0,0.0,-6.2,-0.0,1928,887,0,3,14
433,61.86,33222,405.54,405.46,-0.09,-17.5,-11.9,0.0,0.0,-5.5,-0.0,1928,891,0,3,17
434,62.02,33217,405.48,405.44,-0.05,-12.6,-6.8,0.0,0.0,-5.8,-0.0,1865,826,0,4,12
435,62.11,33216,405.47,405.42,-0.05,-12.9,-6.8,0.0,0.0,-6.1,-0.0,1853,815,0,4,12
436,62.27,33212,405.42,405.40,-0.02,-8.9,-3.4,0.0,0.0,-5.5,-0.0,1803,762,0,3,8
437,62.43,33210,405.40,405.37,-0.02,-8.9,-3.4,0.0,0.0,-5.5,-0.0,1778,739,0,4,8
438,62.60,33207,405.36,405.35,-0.01,-7.2,-1.7,0.0,0.0,-5.5,-0.0,1740,694,0,3,6
439,62.69,33207,405.36,405.33,-0.02,-9.5,-3.4,0.0,0.0,-6.1,-0.0,1740,700,0,4,8
440,62.86,33205,405.33,405.31,-0.02,-9.0,-3.4,0.0,0.0,-5.6,-0.0,1715,679,0,4,8
441,63.02,33203,405.31,405.28,-0.04,-10.6,-5.1,0.0,-0.0,-5.5,-0.0,1690,656,0,6,9
442,63.11,33202,405.30,405.27,-0.04,-11.2,-5.1,0.0,-0.0,-6.1,-0.0,1678,642,0,6,9
443,63.27,33199,405.26,405.24,-0.02,-9.4,-3.4,0.0,-0.0,-6.0,-0.0,1640,604,0,5,7
444,63.44,33197,405.24,405.21,-0.02,-9.0,-3.4,0.0,-0.0,-5.6,-0.0,1615,579,0,5,7
445,63.53,33197,405.24,405.20,-0.04,-11.6,-5.1,0.0,-0.0,-6.5,-0.0,1615,578,0,7,9
446,63.70,33194,405.20,405.17,-0.02,-9.0,-3.4,0.0,0.0,-5.6,-0.0,1578,541,0,6,6
447,63.87,33195,405.21,405.15,-0.06,-14.1,-8.5,0.0,-0.0,-5.6,-0.0,1590,557,0,9,10
448,63.95,33195,405.21,405.13,-0.09,-18.1,-11.9,0.0,-0.0,-6.2,-0.0,1590,560,0,11,13
449,64.12,33190,405.15,405.11,-0.05,-12.5,-6.8,0.0,-0.0,-5.7,-0.0,1528,494,0,9,8
450,64.28,33189,405.14,405.08,-0.06,-14.2,-8.5,0.0,-0.0,-5.6,-0.0,1515,482,0,10,9
451,64.46,33189,405.14,405.05,-0.09,-18.3,-11.9,0.0,-0.0,-6.3,-0.0,1515,483,0,13,12
452,64.55,33187,405.11,405.04,-0.07,-16.6,-10.2,0.0,-0.0,-6.3,-0.0,1490,453,0,12,10
453,64.72,33185,405.09,405.01,-0.09,-17.9,-11.9,0.0,-0.0,-6.0,-0.0,1465,432,0,14,11
454,64.88,33183,405.07,404.98,-0.09,-17.7,-11.9,0.0,-0.0,-5.8,-0.0,1440,404,0,14,10
455,64.97,33183,405.07,404.97,-0.10,-20.1,-13.6,0.0,-0.0,-6.5,-0.0,1440,406,0,16,11
456,65.14,33185,405.09,404.94,-0.15,-26.6,-20.5,0.0,-0.0,-6.1,-0.0,1465,435,0,20,16
457,65.31,33183,405.07,404.91,-0.16,-28.2,-22.2,0.0,-0.0,-6.0,-0.0,1440,413,0,22,16
458,65.40,33181,405.04,404.90,-0.15,-26.6,-20.5,0.0,-0.0,-6.1,-0.0,1415,385,0,21,14
459,65.56,33181,405.04,404.87,-0.17,-29.7,-23.9,0.0,-0.0,-5.9,-0.0,1415,388,0,24,16
460,65.74,33177,404.99,404.84,-0.15,-26.7,-20.5,0.0,-0.0,-6.3,-0.0,1365,332,0,23,13
461,65.82,33174,404.96,404.83,-0.12,-23.7,-17.0,0.0,0.0,-6.7,-0.0,1328,286,0,21,10
462,65.99,33174,404.96,404.80,-0.16,-28.2,-22.2,0.0,0.0,-6.1,-0.0,1328,291,0,25,12
463,66.16,33174,404.96,404.77,-0.18,-31.5,-25.6,0.0,-0.0,-5.9,-0.0,1328,294,0,27,13
464,66.25,33173,404.94,404.76,-0.18,-32.2,-25.6,0.0,-0.0,-6.6,-0.0,1315,278,0,28,13
465,66.43,33170,404.91,404.73,-0.18,-32.3,-25.6,0.0,-0.0,-6.7,-0.0,1278,243,0,29,11
466,66.60,33169,404.90,404.70,-0.20,-33.6,-27.3,0.0,-0.0,-6.3,-0.0,1265,233,0,31,11
467,66.69,33169,404.90,404.69,-0.21,-35.4,-29.0,0.0,-0.0,-6.4,-0.0,1265,233,0,32,12
468,66.85,33166,404.86,404.66,-0.20,-33.2,-27.3,0.0,-0.0,-6.0,-0.0,1228,193,0,31,9
469,67.02,33160,404.79,404.63,-0.16,-28.3,-22.2,0.0,0.0,-6.2,-0.0,1153,113,0,27,5
470,67.11,33157,404.75,404.61,-0.13,-25.3,-18.8,0.0,0.0,-6.6,-0.0,1115,71,0,24,3
471,67.27,33156,404.74,404.59,-0.15,-26.5,-20.5,0.0,0.0,-6.0,-0.0,1103,60,0,26,2
472,67.44,33153,404.70,404.56,-0.13,-24.7,-18.8,0.0,0.0,-5.9,-0.0,1065,19,0,24,1
473,67.53,33151,404.68,404.54,-0.13,-25.5,-18.8,0.0,0.0,-6.7,-0.0,1040,4088,0,25,0
474,67.69,33149,404.65,404.52,-0.13,-24.8,-18.8,0.0,0.0,-6.0,-0.0,1015,4071,0,24,-1
475,67.86,33148,404.64,404.49,-0.15,-26.4,-20.5,0.0,-0.0,-6.0,-0.0,1003,4064,0,26,-1
476,67.95,33144,404.59,404.47,-0.12,-23.8,-17.0,0.0,0.0,-6.8,-0.0,953,4006,0,23,-3
477,68.12,33141,404.55,404.44,-0.11,-21.6,-15.3,0.0,0.0,-6.3,-0.0,915,3969,0,21,-4
478,68.27,33136,404.49,404.42,-0.07,-15.9,-10.2,0.0,0.0,-5.7,-0.0,853,3907,0,15,-4
479,68.44,33131,404.43,404.39,-0.04,-11.3,-5.1,0.0,0.0,-6.2,-0.0,790,3833,0,10,-4
480,68.53,33131,404.43,404.37,-0.06,-15.4,-8.5,0.0,0.0,-6.8,-0.0,790,3834,0,14,-6
481,68.69,33130,404.42,404.35,-0.07,-16.4,-10.2,0.0,0.0,-6.1,-0.0,778,3832,0,15,-6
482,68.86,33124,404.35,404.32,-0.02,-9.6,-3.4,0.0,0.0,-6.1,-0.0,703,3754,0,8,-5
483,69.02,33121,404.31,404.29,-0.02,-9.6,-3.4,0.0,0.0,-6.2,-0.0,665,3719,0,8,-5
484,69.11,33119,404.28,404.27,-0.01,-8.7,-1.7,0.0,0.0,-7.0,-0.0,640,3692,0,7,-5
485,69.28,33115,404.24,404.24,0.01,-4.5,1.7,0.0,0.0,-6.2,-0.0,590,3640,0,3,-3
486,69.45,33108,404.15,404.22,0.06,2.1,8.5,0.0,0.0,-6.4,-0.0,503,1497,0,-1,2
487,69.54,33107,404.14,404.20,0.06,1.7,8.5,0.0,0.0,-6.8,-0.0,490,1487,0,-1,1
488,69.71,33106,404.13,404.17,0.05,0.3,6.8,0.0,0.0,-6.5,-0.0,478,1479,0,0,0
489,69.86,33104,404.10,404.14,0.04,-1.1,5.1,0.0,0.0,-6.2,-0.0,453,3504,0,1,-1
490,69.95,33103,404.09,404.13,0.04,-1.6,5.1,0.0,0.0,-6.8,-0.0,440,3493,0,1,-1
491,70.11,33100,404.05,404.10,0.05,0.7,6.8,0.0,-0.0,-6.2,-0.0,403,1415,0,0,1
492,70.27,33097,404.02,404.07,0.05,0.7,6.8,0.0,0.0,-6.2,-0.0,365,1374,0,0,1
493,70.44,33095,403.99,404.04,0.05,0.1,6.8,0.0,0.0,-6.7,-0.0,340,1347,0,0,0
494,70.53,33093,403.97,404.03,0.06,1.6,8.5,0.0,0.0,-6.9,-0.0,315,1321,0,-1,1
495,70.70,33092,403.96,404.00,0.04,-1.3,5.1,0.0,-0.0,-6.4,-0.0,303,3363,0,1,-1
496,70.87,33091,403.94,403.97,0.02,-3.0,3.4,0.0,-0.0,-6.4,-0.0,290,3349,0,1,-3
497,70.94,33089,403.92,403.95,0.04,-0.9,5.1,0.0,-0.0,-6.0,-0.0,265,3326,0,0,-1
498,71.11,33086,403.88,403.92,0.04,-1.5,5.1,0.0,-0.0,-6.7,-0.0,228,3286,0,0,-1
499,71.28,33085,403.87,403.89,0.02,-2.8,3.4,0.0,-0.0,-6.3,-0.0,215,3277,0,1,-3
500,71.44,33082,403.83,403.86,0.04,-1.3,5.1,0.0,0.0,-6.4,-0.0,178,3235,0,0,-1
501,71.52,33082,403.83,403.85,0.01,-4.6,1.7,0.0,-0.0,-6.3,-0.0,178,3237,0,1,-4
502,71.68,33081,403.82,403.82,0.00,-6.3,0.0,0.0,-0.0,-6.3,-0.0,165,3230,0,1,-6
503,71.85,33081,403.82,403.79,-0.04,-11.3,-5.1,0.0,-0.0,-6.2,-0.0,165,3230,0,3,-11
504,72.02,33079,403.80,403.76,-0.04,-11.8,-5.1,0.0,-0.0,-6.6,-0.0,140,3206,0,2,-11
505,72.11,33078,403.78,403.74,-0.04,-12.0,-5.1,0.0,-0.0,-6.9,-0.0,128,3194,0,2,-11
506,72.27,33077,403.77,403.71,-0.06,-15.0,-8.5,0.0,-0.0,-6.4,-0.0,115,3180,0,2,-14
507,72.44,33073,403.72,403.68,-0.04,-12.0,-5.1,0.0,-0.0,-6.9,-0.0,65,3124,0,1,-12
508,72.53,33073,403.72,403.67,-0.05,-13.9,-6.8,0.0,-0.0,-7.1,-0.0,65,3124,0,1,-13
509,72.70,33073,403.72,403.64,-0.09,-18.5,-11.9,0.0,-0.0,-6.6,-0.0,65,3128,0,2,-18
510,72.86,33072,403.71,403.61,-0.10,-20.0,-13.6,0.0,-0.0,-6.4,-0.0,53,3116,0,1,-19
511,72.95,33072,403.71,403.59,-0.12,-24.0,-17.0,0.0,-0.0,-6.9,-0.0,53,3117,0,2,-23
512,73.12,33071,403.70,403.56,-0.13,-25.7,-18.8,0.0,-0.0,-7.0,-0.0,40,3109,0,1,-25
513,73.29,33069,403.67,403.53,-0.15,-27.1,-20.5,0.0,-0.0,-6.6,-0.0,15,3081,0,0,-26
514,73.37,33069,403.67,403.51,-0.16,-29.1,-22.2,0.0,-0.0,-7.0,-0.0,15,3081,0,0,-28
515,73.55,33063,403.60,403.48,-0.12,-24.3,-17.0,0.0,-0.0,-7.2,-0.0,4036,2998,0,-3,-23
516,73.72,33063,403.60,403.45,-0.15,-27.4,-20.5,0.0,-0.0,-6.9,-0.0,4036,2999,0,-3,-26
517,73.81,33062,403.59,403.43,-0.16,-29.3,-22.2,0.0,-0.0,-7.1,-0.0,4024,2986,0,-4,-28
518,73.97,33062,403.59,403.40,-0.18,-32.0,-25.6,0.0,-0.0,-6.4,-0.0,4024,2990,0,-4,-31
519,74.14,33059,403.55,403.37,-0.18,-32.4,-25.6,0.0,-0.0,-6.8,-0.0,3986,2952,0,-6,-31
520,74.31,33059,403.55,403.34,-0.21,-35.6,-29.0,0.0,-0.0,-6.6,-0.0,3986,2956,0,-6,-34
521,74.40,33057,403.53,403.32,-0.21,-36.9,-29.0,0.0,-0.0,-8.0,-0.0,3961,2927,0,-8,-35
522,74.56,33053,403.48,403.29,-0.18,-32.2,-25.6,0.0,-0.0,-6.7,-0.0,3911,2874,0,-9,-30
523,74.73,33051,403.45,403.26,-0.20,-33.9,-27.3,0.0,0.0,-6.7,-0.0,3886,2846,0,-11,-31
524,74.82,33048,403.42,403.25,-0.17,-31.1,-23.9,0.0,0.0,-7.2,-0.0,3849,2808,0,-12,-28
525,74.98,33044,403.37,403.22,-0.16,-28.7,-22.2,0.0,0.0,-6.6,-0.0,3799,2754,0,-13,-25
526,75.15,33040,403.32,403.18,-0.13,-25.5,-18.8,0.0,0.0,-6.7,-0.0,3749,2703,0,-13,-21
527,75.23,33036,403.27,403.17,-0.10,-20.6,-13.6,0.0,0.0,-6.9,-0.0,3699,2649,0,-12,-16
528,75.39,33033,403.23,403.14,-0.10,-20.2,-13.6,0.0,0.0,-6.6,-0.0,3661,2611,0,-13,-15
529,75.56,33028,403.17,403.11,-0.07,-17.3,-10.2,0.0,0.0,-7.1,-0.0,3599,2549,0,-12,-12
530,75.72,33024,403.12,403.08,-0.05,-13.8,-6.8,0.0,0.0,-7.0,-0.0,3549,2497,0,-10,-8
531,75.79,33024,403.12,403.06,-0.06,-14.8,-8.5,0.0,0.0,-6.3,-0.0,3549,2503,0,-11,-9
532,75.96,33016,403.03,403.03,0.00,-6.7,0.0,0.0,0.0,-6.7,-0.0,3449,2398,0,-6,-3
533,76.13,33013,402.99,403.00,0.01,-5.0,1.7,0.0,0.0,-6.7,-0.0,3411,2362,0,-4,-2
534,76.29,33013,402.99,402.97,-0.02,-10.1,-3.4,0.0,0.0,-6.7,-0.0,3411,2369,0,-9,-5
535,76.38,33012,402.98,402.95,-0.02,-10.9,-3.4,0.0,0.0,-7.5,-0.0,3399,2356,0,-9,-5
536,76.54,33004,402.88,402.92,0.04,-2.1,5.1,0.0,0.0,-7.2,-0.0,3299,2249,0,-2,-1
537,76.70,33004,402.88,402.89,0.01,-5.0,1.7,0.0,0.0,-6.7,-0.0,3299,2257,0,-5,-2
538,76.79,33002,402.86,402.87,0.01,-5.9,1.7,0.0,0.0,-7.7,-0.0,3274,2232,0,-6,-2
539,76.96,33000,402.83,402.84,0.01,-5.5,1.7,0.0,0.0,-7.2,-0.0,3249,2205,0,-5,-1
540,77.13,32993,402.75,402.81,0.06,1.6,8.5,0.0,0.0,-6.9,-0.0,3161,66,0,2,0
541,77.29,32991,402.72,402.77,0.05,0.3,6.8,0.0,0.0,-6.6,-0.0,3136,47,0,0,0
542,77.38,32989,402.70,402.76,0.06,1.2,8.5,0.0,0.0,-7.4,-0.0,3111,16,0,1,0
543,77.54,32986,402.66,402.73,0.06,2.0,8.5,0.0,0.0,-6.6,-0.0,3074,4078,0,2,0
544,77.72,32983,402.62,402.69,0.07,2.6,10.2,0.0,0.0,-7.6,-0.0,3036,4037,0,3,0
545,77.79,32983,402.62,402.68,0.05,0.3,6.8,0.0,-0.0,-6.5,-0.0,3036,4046,0,0,0
546,77.96,32979,402.58,402.65,0.07,3.5,10.2,0.0,0.0,-6.7,-0.0,2986,3993,0,3,-1
547,78.12,32977,402.55,402.61,0.06,1.7,8.5,0.0,0.0,-6.9,-0.0,2961,3969,0,2,0
548,78.29,32977,402.55,402.58,0.04,-1.9,5.1,0.0,-0.0,-7.0,-0.0,2961,1927,0,-2,0
549,78.37,32977,402.55,402.57,0.01,-5.2,1.7,0.0,-0.0,-6.9,-0.0,2961,1928,0,-5,1
550,78.53,32975,402.53,402.53,0.01,-5.4,1.7,0.0,-0.0,-7.1,-0.0,2936,1900,0,-5,1
551,78.70,32974,402.51,402.50,-0.01,-8.8,-1.7,0.0,-0.0,-7.1,-0.0,2924,1895,0,-8,2
552,78.87,32967,402.43,402.47,0.04,-2.0,5.1,0.0,0.0,-7.2,-0.0,2836,1796,0,-2,1
553,78.95,32967,402.43,402.45,0.02,-4.1,3.4,0.0,-0.0,-7.5,-0.0,2836,1796,0,-4,1
554,79.12,32965,402.40,402.42,0.01,-5.5,1.7,0.0,-0.0,-7.2,-0.0,2811,1772,0,-5,2
555,79.28,32963,402.38,402.39,0.00,-6.7,0.0,0.0,0.0,-6.7,-0.0,2786,1747,0,-6,3
556,79.37,32962,402.37,402.37,0.00,-7.6,0.0,0.0,0.0,-7.6,-0.0,2774,1731,0,-6,3
557,79.54,32960,402.34,402.34,-0.01,-9.2,-1.7,0.0,-0.0,-7.5,-0.0,2749,1714,0,-8,4
558,79.71,32961,402.36,402.30,-0.05,-14.3,-6.8,0.0,-0.0,-7.5,-0.0,2761,1728,0,-12,7
559,79.79,32959,402.33,402.28,-0.05,-14.6,-6.8,0.0,-0.0,-7.8,-0.0,2736,1702,0,-12,7
560,79.95,32959,402.33,402.25,-0.09,-19.1,-11.9,0.0,-0.0,-7.1,-0.0,2736,1706,0,-16,9
561,80.12,32956,402.29,402.22,-0.07,-17.2,-10.2,0.0,-0.0,-7.0,-0.0,2699,1669,0,-14,9
562,80.29,32956,402.29,402.19,-0.11,-22.4,-15.3,0.0,-0.0,-7.0,-0.0,2699,1669,0,-18,12
563,80.37,32954,402.27,402.17,-0.10,-21.6,-13.6,0.0,-0.0,-8.0,-0.0,2674,1639,0,-17,12
564,80.55,32953,402.26,402.13,-0.12,-24.1,-17.0,0.0,-0.0,-7.1,-0.0,2661,1628,0,-19,14
565,80.72,32950,402.22,402.10,-0.12,-24.5,-17.0,0.0,-0.0,-7.4,-0.0,2624,1590,0,-18,15
566,80.80,32950,402.22,402.08,-0.15,-28.4,-20.5,0.0,-0.0,-7.9,-0.0,2624,1591,0,-21,18
567,80.98,32948,402.20,402.05,-0.15,-27.9,-20.5,0.0,-0.0,-7.5,-0.0,2599,1563,0,-20,18
568,81.14,32948,402.20,402.01,-0.18,-32.9,-25.6,0.0,-0.0,-7.4,-0.0,2599,1568,0,-24,21
569,81.22,32945,402.16,402.00,-0.16,-29.4,-22.2,0.0,-0.0,-7.2,-0.0,2561,1525,0,-20,20
570,81.39,32943,402.14,401.96,-0.17,-31.0,-23.9,0.0,-0.0,-7.1,-0.0,2536,1502,0,-20,22
571,81.56,32942,402.12,401.93,-0.20,-34.7,-27.3,0.0,-0.0,-7.4,-0.0,2524,1492,0,-22,25
572,81.64,32940,402.10,401.91,-0.18,-33.5,-25.6,0.0,-0.0,-7.9,-0.0,2499,1462,0,-20,25
573,81.81,32938,402.08,401.88,-0.20,-34.7,-27.3,0.0,-0.0,-7.4,-0.0,2474,1435,0,-20,27
574,81.98,32935,402.04,401.84,-0.20,-34.8,-27.3,0.0,-0.0,-7.6,-0.0,2436,1400,0,-18,28
575,82.14,32929,401.97,401.81,-0.16,-29.5,-22.2,0.0,0.0,-7.3,-0.0,2361,1315,0,-12,26
576,82.23,32926,401.93,401.79,-0.13,-26.5,-18.8,0.0,0.0,-7.7,-0.0,2324,1275,0,-10,24
577,82.40,32925,401.92,401.76,-0.16,-29.6,-22.2,0.0,0.0,-7.5,-0.0,2311,1268,0,-10,27
578,82.56,32917,401.82,401.72,-0.10,-20.9,-13.6,0.0,0.0,-7.2,-0.0,2211,1158,0,-4,20
579,82.65,32914,401.78,401.70,-0.07,-18.2,-10.2,0.0,0.0,-8.0,-0.0,2174,1117,0,-3,17
580,82.82,32912,401.76,401.67,-0.09,-19.6,-11.9,0.0,0.0,-7.6,-0.0,2149,1100,0,-2,19
581,82.99,32906,401.68,401.63,-0.05,-14.6,-6.8,0.0,0.0,-7.8,-0.0,2074,1021,0,0,14
582,83.07,32903,401.65,401.62,-0.04,-12.9,-5.1,0.0,0.0,-7.8,-0.0,2036,979,0,1,12
583,83.24,32899,401.60,401.58,-0.01,-9.0,-1.7,0.0,0.0,-7.3,-0.0,1986,936,0,1,9
584,83.40,32894,401.54,401.55,0.01,-5.6,1.7,0.0,0.0,-7.3,-0.0,1924,874,0,1,5
585,83.56,32890,401.49,401.51,0.02,-3.9,3.4,0.0,0.0,-7.3,-0.0,1874,821,0,1,4
586,83.65,32889,401.48,401.50,0.02,-4.4,3.4,0.0,0.0,-7.8,-0.0,1861,810,0,1,4
587,83.81,32887,401.45,401.46,0.01,-5.8,1.7,0.0,0.0,-7.5,-0.0,1836,792,0,2,5
588,83.97,32884,401.42,401.43,0.01,-5.9,1.7,0.0,0.0,-7.6,-0.0,1799,757,0,2,5
589,84.14,32877,401.33,401.39,0.06,0.6,8.5,0.0,0.0,-7.9,-0.0,1711,2713,0,0,-1
590,84.23,32877,401.33,401.38,0.05,-1.1,6.8,0.0,0.0,-7.9,-0.0,1711,667,0,1,1
591,84.39,32871,401.26,401.34,0.09,4.4,11.9,0.0,0.0,-7.5,-0.0,1636,2634,0,-3,-3
592,84.56,32867,401.21,401.30,0.10,6.1,13.6,0.0,0.0,-7.5,-0.0,1586,2581,0,-4,-4
593,84.64,32867,401.21,401.29,0.07,2.2,10.2,0.0,0.0,-8.1,-0.0,1586,2584,0,-1,-2
594,84.81,32866,401.20,401.25,0.05,-1.0,6.8,0.0,-0.0,-7.8,-0.0,1574,533,0,1,1
595,84.98,32863,401.16,401.22,0.06,0.8,8.5,0.0,0.0,-7.7,-0.0,1536,2544,0,-1,-1
596,85.07,32863,401.16,401.20,0.04,-3.0,5.1,0.0,-0.0,-8.1,-0.0,1536,500,0,2,2
597,85.23,32860,401.12,401.16,0.04,-2.4,5.1,0.0,-0.0,-7.5,-0.0,1499,465,0,2,1
598,85.39,32853,401.04,401.13,0.09,4.4,11.9,0.0,0.0,-7.5,-0.0,1411,2416,0,-4,-2
599,85.56,32851,401.01,401.09,0.07,2.6,10.2,0.0,0.0,-7.6,-0.0,1386,2389,0,-2,-1
600,85.65,32851,401.01,401.07,0.06,0.4,8.5,0.0,0.0,-8.1,-0.0,1386,2391,0,0,0
601,85.81,32851,401.01,401.04,0.02,-4.2,3.4,0.0,0.0,-7.7,-0.0,1386,344,0,4,2
602,85.98,32845,400.94,401.00,0.06,0.9,8.5,0.0,0.0,-7.7,-0.0,1311,2317,0,-1,0
603,86.07,32846,400.95,400.98,0.02,-5.2,3.4,0.0,-0.0,-8.6,-0.0,1324,289,0,5,2
604,86.24,32845,400.94,400.95,0.01,-5.9,1.7,0.0,-0.0,-7.6,-0.0,1311,278,0,5,2
605,86.41,32844,400.93,400.91,-0.01,-9.3,-1.7,0.0,-0.0,-7.6,-0.0,1299,265,0,8,4
606,86.57,32841,400.89,400.87,-0.01,-9.4,-1.7,0.0,-0.0,-7.7,-0.0,1261,225,0,9,3
607,86.65,32841,400.89,400.86,-0.04,-12.8,-5.1,0.0,-0.0,-7.7,-0.0,1261,231,0,12,4
608,86.82,32839,400.87,400.82,-0.05,-14.8,-6.8,0.0,-0.0,-8.0,-0.0,1236,200,0,14,4
609,86.99,32839,400.87,400.78,-0.09,-19.7,-11.9,0.0,-0.0,-7.8,-0.0,1236,205,0,18,6
610,87.07,32838,400.85,400.76,-0.09,-20.0,-11.9,0.0,-0.0,-8.0,-0.0,1224,191,0,19,6
611,87.24,32836,400.83,400.73,-0.10,-21.3,-13.6,0.0,-0.0,-7.7,-0.0,1199,168,0,20,5
612,87.40,32836,400.83,400.69,-0.13,-26.4,-18.8,0.0,-0.0,-7.7,-0.0,1199,168,0,25,7
613,87.57,32834,400.81,400.66,-0.15,-28.7,-20.5,0.0,-0.0,-8.2,-0.0,1174,142,0,27,6
614,87.66,32834,400.81,400.64,-0.17,-32.6,-23.9,0.0,-0.0,-8.7,-0.0,1174,142,0,31,7
615,87.83,32833,400.79,400.60,-0.20,-35.0,-27.3,0.0,-0.0,-7.7,-0.0,1161,133,0,33,7
616,87.99,32830,400.76,400.56,-0.20,-35.1,-27.3,0.0,-0.0,-7.9,-0.0,1124,91,0,34,5
617,88.08,32831,400.77,400.54,-0.22,-39.2,-30.7,0.0,-0.0,-8.5,-0.0,1136,104,0,37,6
618,88.25,32827,400.72,400.51,-0.21,-36.8,-29.0,0.0,-0.0,-7.9,-0.0,1086,52,0,36,3
619,88.41,32825,400.70,400.47,-0.22,-38.7,-30.7,0.0,-0.0,-8.0,-0.0,1061,25,0,37,1
620,88.51,32823,400.67,400.45,-0.22,-39.9,-30.7,0.0,-0.0,-9.2,-0.0,1036,4091,0,39,0
621,88.67,32822,400.66,400.41,-0.24,-42.0,-34.1,0.0,-0.0,-7.9,-0.0,1024,4085,0,41,-1
622,88.84,32816,400.59,400.38,-0.21,-37.0,-29.0,0.0,0.0,-8.1,-0.0,949,4000,0,35,-5
623,88.93,32815,400.57,400.36,-0.22,-39.2,-30.7,0.0,-0.0,-8.5,-0.0,936,3990,0,37,-6
624,89.10,32813,400.55,400.32,-0.23,-40.8,-32.4,0.0,-0.0,-8.3,-0.0,911,3965,0,39,-8
625,89.27,32807,400.48,400.28,-0.20,-35.5,-27.3,0.0,0.0,-8.2,-0.0,836,3884,0,33,-11
626,89.35,32806,400.46,400.26,-0.21,-37.9,-29.0,0.0,0.0,-8.9,-0.0,824,3870,0,35,-12
627,89.52,32801,400.40,400.22,-0.18,-33.8,-25.6,0.0,0.0,-8.2,-0.0,761,3811,0,30,-14
628,89.70,32797,400.35,400.18,-0.17,-32.7,-23.9,0.0,0.0,-8.8,-0.0,711,3755,0,27,-16
629,89.79,32792,400.29,400.16,-0.13,-27.4,-18.8,0.0,0.0,-8.7,-0.0,649,3689,0,22,-16
630,89.95,32787,400.23,400.13,-0.11,-23.5,-15.3,0.0,0.0,-8.2,-0.0,586,3629,0,17,-15
631,90.12,32781,400.16,400.09,-0.07,-18.5,-10.2,0.0,0.0,-8.3,-0.0,511,3551,0,12,-13
632,90.21,32779,400.13,400.07,-0.06,-17.1,-8.5,0.0,0.0,-8.6,-0.0,486,3525,0,11,-13
633,90.38,32776,400.10,400.03,-0.06,-16.7,-8.5,0.0,0.0,-8.2,-0.0,449,3490,0,10,-13
634,90.55,32771,400.04,399.99,-0.05,-14.8,-6.8,0.0,0.0,-7.9,-0.0,386,3434,0,8,-12
635,90.64,32767,399.99,399.97,-0.01,-10.6,-1.7,0.0,0.0,-8.9,-0.0,336,3376,0,5,-9
636,90.81,32761,399.91,399.93,0.02,-4.8,3.4,0.0,0.0,-8.2,-0.0,261,3304,0,2,-4
637,90.97,32755,399.84,399.90,0.06,0.5,8.5,0.0,0.0,-8.0,-0.0,186,1176,0,0,1
638,91.13,32749,399.77,399.86,0.10,5.5,13.6,0.0,0.0,-8.1,-0.0,111,1098,0,-1,5
639,91.22,32749,399.77,399.84,0.07,1.8,10.2,0.0,0.0,-8.4,-0.0,111,1102,0,0,2
640,91.38,32748,399.76,399.80,0.05,-1.2,6.8,0.0,0.0,-8.0,-0.0,99,3146,0,0,-1
641,91.55,32738,399.63,399.76,0.13,10.7,18.8,0.0,0.0,-8.0,-0.0,4070,969,0,1,10
642,91.64,32738,399.63,399.74,0.11,6.3,15.3,0.0,0.0,-9.0,-0.0,4070,971,0,0,6
643,91.81,32731,399.55,399.71,0.16,14.1,22.2,0.0,0.0,-8.1,-0.0,3982,884,0,3,13
644,91.98,32729,399.52,399.67,0.15,12.2,20.5,0.0,0.0,-8.2,-0.0,3957,858,0,3,11
645,92.06,32725,399.48,399.65,0.17,15.2,23.9,0.0,0.0,-8.6,-0.0,3907,800,0,5,14
646,92.23,32721,399.43,399.61,0.18,17.5,25.6,0.0,0.0,-8.1,-0.0,3857,761,0,7,16
647,92.40,32716,399.37,399.57,0.21,19.9,29.0,0.0,0.0,-9.1,-0.0,3795,689,0,9,17
648,92.49,32715,399.35,399.55,0.20,18.8,27.3,0.0,0.0,-8.5,-0.0,3782,686,0,9,16
649,92.65,32713,399.33,399.51,0.18,17.3,25.6,0.0,0.0,-8.3,-0.0,3757,662,0,9,14
650,92.82,32709,399.28,399.47,0.20,18.9,27.3,0.0,0.0,-8.4,-0.0,3707,617,0,11,15
651,92.99,32706,399.24,399.43,0.20,19.1,27.3,0.0,0.0,-8.2,-0.0,3670,579,0,12,14
652,93.07,32706,399.24,399.41,0.17,14.6,23.9,0.0,-0.0,-9.3,-0.0,3670,582,0,9,11
653,93.23,32704,399.22,399.38,0.16,14.3,22.2,0.0,-0.0,-7.9,-0.0,3645,558,0,9,10
654,93.40,32701,399.18,399.34,0.16,14.0,22.2,0.0,-0.0,-8.2,-0.0,3607,523,0,9,10
655,93.49,32701,399.18,399.32,0.13,9.7,18.8,0.0,-0.0,-9.0,-0.0,3607,522,0,7,7
656,93.66,32700,399.17,399.28,0.11,7.0,15.3,0.0,-0.0,-8.4,-0.0,3595,514,0,5,5
657,93.82,32698,399.15,399.24,0.10,5.1,13.6,0.0,-0.0,-8.5,-0.0,3570,487,0,4,3
658,93.99,32697,399.13,399.20,0.06,-0.3,8.5,0.0,-0.0,-8.8,-0.0,3557,2525,0,0,0
659,94.07,32695,399.11,399.18,0.07,1.3,10.2,0.0,-0.0,-9.0,-0.0,3532,451,0,1,1
660,94.24,32695,399.11,399.14,0.04,-3.2,5.1,0.0,-0.0,-8.3,-0.0,3532,2501,0,-2,-2
661,94.41,32694,399.10,399.10,0.00,-9.3,0.0,0.0,-0.0,-9.3,-0.0,3520,2486,0,-7,-6
662,94.50,32694,399.10,399.08,-0.01,-10.7,-1.7,0.0,-0.0,-9.0,-0.0,3520,2490,0,-8,-7
663,94.66,32694,399.10,399.04,-0.06,-17.0,-8.5,0.0,-0.0,-8.4,-0.0,3520,2492,0,-13,-10
664,94.83,32692,399.07,399.00,-0.07,-19.0,-10.2,0.0,-0.0,-8.7,-0.0,3495,2467,0,-15,-11
665,94.92,32691,399.06,398.98,-0.09,-20.8,-11.9,0.0,-0.0,-8.9,-0.0,3482,2452,0,-16,-12
666,95.09,32692,399.07,398.94,-0.13,-27.4,-18.8,0.0,-0.0,-8.6,-0.0,3495,2468,0,-21,-16
667,95.25,32690,399.05,398.90,-0.15,-28.7,-20.5,0.0,-0.0,-8.2,-0.0,3470,2440,0,-23,-16
668,95.42,32690,399.05,398.86,-0.18,-34.5,-25.6,0.0,-0.0,-8.9,-0.0,3470,2440,0,-28,-19
669,95.51,32690,399.05,398.84,-0.21,-38.5,-29.0,0.0,-0.0,-9.5,-0.0,3470,2443,0,-31,-21
670,95.68,32688,399.02,398.80,-0.22,-39.5,-30.7,0.0,-0.0,-8.8,-0.0,3445,2415,0,-32,-20
671,95.84,32685,398.99,398.76,-0.23,-40.8,-32.4,0.0,-0.0,-8.4,-0.0,3407,2376,0,-35,-19
672,95.93,32685,398.99,398.74,-0.24,-43.5,-34.1,0.0,-0.0,-9.4,-0.0,3407,2375,0,-37,-20
673,96.09,32682,398.95,398.70,-0.26,-44.4,-35.8,0.0,-0.0,-8.6,-0.0,3370,2334,0,-39,-18
674,96.26,32679,398.91,398.66,-0.26,-44.2,-35.8,0.0,-0.0,-8.4,-0.0,3332,2292,0,-40,-16
675,96.35,32679,398.91,398.64,-0.28,-48.1,-39.2,0.0,-0.0,-8.9,-0.0,3332,2294,0,-43,-17
676,96.52,32676,398.88,398.60,-0.28,-48.1,-39.2,0.0,-0.0,-8.9,-0.0,3295,2258,0,-44,-15
677,96.69,32672,398.83,398.56,-0.27,-46.4,-37.5,0.0,-0.0,-8.9,-0.0,3245,2203,0,-44,-11
678,96.84,32668,398.78,398.52,-0.26,-44.6,-35.8,0.0,0.0,-8.8,-0.0,3195,2150,0,-43,-7
679,96.93,32667,398.77,398.50,-0.27,-46.7,-37.5,0.0,-0.0,-9.2,-0.0,3182,2139,0,-45,-6
680,97.09,32663,398.72,398.46,-0.26,-44.5,-35.8,0.0,0.0,-8.7,-0.0,3132,2084,0,-43,-2
681,97.25,32658,398.66,398.42,-0.24,-42.3,-34.1,0.0,0.0,-8.2,-0.0,3070,2025,0,-41,1
682,97.34,32655,398.62,398.40,-0.22,-39.9,-30.7,0.0,0.0,-9.3,-0.0,3032,1981,0,-38,4
683,97.51,32647,398.52,398.35,-0.17,-33.9,-23.9,0.0,0.0,-10.0,-0.0,2932,1873,0,-32,9
684,97.68,32641,398.45,398.31,-0.13,-27.3,-18.8,0.0,0.0,-8.6,-0.0,2857,1800,0,-25,10
685,97.77,32640,398.44,398.29,-0.15,-30.2,-20.5,0.0,0.0,-9.7,-0.0,2845,1784,0,-27,12
686,97.94,32638,398.41,398.25,-0.16,-31.2,-22.2,0.0,0.0,-9.0,-0.0,2820,1767,0,-27,13
687,98.11,32631,398.33,398.21,-0.12,-25.7,-17.0,0.0,0.0,-8.6,-0.0,2732,1680,0,-21,13
688,98.19,32623,398.23,398.19,-0.04,-14.5,-5.1,0.0,0.0,-9.3,-0.0,2632,1571,0,-10,9
689,98.37,32618,398.17,398.15,-0.02,-12.9,-3.4,0.0,0.0,-9.5,-0.0,2570,1510,0,-8,9
690,98.54,32613,398.11,398.10,0.00,-9.5,0.0,0.0,0.0,-9.5,-0.0,2507,1441,0,-6,7
691,98.63,32609,398.06,398.08,0.02,-6.6,3.4,0.0,0.0,-10.0,-0.0,2457,1387,0,-3,5
692,98.80,32601,397.96,398.04,0.07,1.4,10.2,0.0,0.0,-8.8,-0.0,2357,3339,0,1,-1
693,98.97,32598,397.92,398.00,0.07,1.5,10.2,0.0,0.0,-8.7,-0.0,2320,3317,0,1,-1
694,99.06,32596,397.90,397.97,0.07,-0.1,10.2,0.0,0.0,-10.3,-0.0,2295,1235,0,0,0
695,99.23,32589,397.81,397.93,0.12,7.8,17.0,0.0,0.0,-9.3,-0.0,2207,3195,0,1,-7
696,99.40,32584,397.75,397.89,0.13,10.0,18.8,0.0,0.0,-8.7,-0.0,2145,3139,0,1,-10
697,99.48,32579,397.69,397.87,0.18,16.5,25.6,0.0,0.0,-9.0,-0.0,2082,3074,0,0,-16
698,99.65,32573,397.62,397.83,0.21,19.8,29.0,0.0,0.0,-9.2,-0.0,2007,2994,0,-2,-19
699,99.81,32569,397.57,397.79,0.22,21.9,30.7,0.0,0.0,-8.8,-0.0,1957,2948,0,-4,-21
700,99.90,32567,397.55,397.76,0.22,20.9,30.7,0.0,0.0,-9.8,-0.0,1932,2921,0,-5,-20
701,100.07,32562,397.49,397.72,0.23,23.5,32.4,0.0,0.0,-8.9,-0.0,1870,2862,0,-7,-22
702,100.25,32561,397.47,397.68,0.21,19.7,29.0,0.0,0.0,-9.2,-0.0,1857,2859,0,-6,-18
703,100.42,32555,397.40,397.64,0.23,22.8,32.4,0.0,0.0,-9.6,-0.0,1782,2781,0,-10,-20
704,100.50,32553,397.38,397.61,0.24,24.1,34.1,0.0,0.0,-10.0,-0.0,1757,2756,0,-11,-21
705,100.68,32552,397.36,397.57,0.21,19.7,29.0,0.0,-0.0,-9.3,-0.0,1745,2750,0,-9,-17
706,100.77,32549,397.33,397.55,0.22,20.5,30.7,0.0,-0.0,-10.2,-0.0,1707,2710,0,-10,-17
707,100.94,32545,397.28,397.51,0.23,23.5,32.4,0.0,0.0,-8.9,-0.0,1657,2659,0,-13,-18
708,101.10,32544,397.27,397.46,0.20,18.4,27.3,0.0,-0.0,-8.9,-0.0,1645,2654,0,-11,-14
709,101.19,32543,397.25,397.44,0.18,15.9,25.6,0.0,-0.0,-9.6,-0.0,1632,2641,0,-9,-12
710,101.36,32539,397.20,397.40,0.20,18.1,27.3,0.0,-0.0,-9.2,-0.0,1582,2587,0,-12,-13
711,101.53,32541,397.23,397.35,0.12,7.7,17.0,0.0,-0.0,-9.4,-0.0,1607,2619,0,-5,-6
712,101.62,32541,397.23,397.33,0.11,5.7,15.3,0.0,-0.0,-9.7,-0.0,1607,2625,0,-3,-4
713,101.79,32537,397.18,397.29,0.11,6.4,15.3,0.0,-0.0,-8.9,-0.0,1557,2571,0,-4,-4
714,101.96,32538,397.19,397.25,0.05,-2.7,6.8,0.0,-0.0,-9.6,-0.0,1570,544,0,2,2
715,102.05,32538,397.19,397.22,0.04,-4.8,5.1,0.0,-0.0,-9.9,-0.0,1570,544,0,3,3
716,102.22,32538,397.19,397.18,-0.01,-11.1,-1.7,0.0,-0.0,-9.4,-0.0,1570,542,0,7,8
717,102.39,32536,397.17,397.14,-0.04,-14.6,-5.1,0.0,-0.0,-9.4,-0.0,1545,517,0,10,10
718,102.48,32536,397.17,397.11,-0.05,-16.9,-6.8,0.0,-0.0,-10.1,-0.0,1545,519,0,11,12
719,102.64,32534,397.14,397.07,-0.07,-19.5,-10.2,0.0,-0.0,-9.3,-0.0,1520,490,0,14,13
720,102.82,32534,397.14,397.03,-0.12,-26.8,-17.0,0.0,-0.0,-9.8,-0.0,1520,490,0,19,18
721,102.90,32534,397.14,397.00,-0.13,-28.7,-18.8,0.0,-0.0,-9.9,-0.0,1520,490,0,20,19
722,103.07,32535,397.16,396.96,-0.20,-36.8,-27.3,0.0,-0.0,-9.5,-0.0,1532,507,0,25,25
723,103.24,32535,397.16,396.92,-0.23,-41.9,-32.4,0.0,-0.0,-9.5,-0.0,1532,507,0,29,28
724,103.33,32534,397.14,396.89,-0.24,-44.5,-34.1,0.0,-0.0,-10.4,-0.0,1520,496,0,31,30
725,103.49,32530,397.09,396.85,-0.24,-43.0,-34.1,0.0,-0.0,-8.9,-0.0,1470,440,0,33,26
726,103.66,32529,397.08,396.81,-0.27,-46.8,-37.5,0.0,-0.0,-9.2,-0.0,1457,426,0,36,28
727,103.82,32524,397.02,396.77,-0.26,-44.9,-35.8,0.0,-0.0,-9.1,-0.0,1395,355,0,37,23
728,103.91,32525,397.03,396.74,-0.29,-51.1,-40.9,0.0,-0.0,-10.2,-0.0,1407,367,0,42,26
729,104.08,32525,397.03,396.70,-0.33,-55.2,-46.0,0.0,-0.0,-9.1,-0.0,1407,370,0,45,29
730,104.25,32521,396.98,396.66,-0.33,-55.3,-46.0,0.0,-0.0,-9.3,-0.0,1357,320,0,47,25
731,104.34,32518,396.95,396.63,-0.32,-55.0,-44.3,0.0,-0.0,-10.7,-0.0,1320,278,0,49,22
732,104.52,32515,396.91,396.59,-0.33,-56.3,-46.0,0.0,-0.0,-10.3,-0.0,1282,244,0,51,20
733,104.69,32510,396.85,396.54,-0.31,-52.3,-42.6,0.0,0.0,-9.6,-0.0,1220,172,0,49,13
734,104.78,32508,396.83,396.52,-0.31,-52.8,-42.6,0.0,0.0,-10.1,-0.0,1195,145,0,50,11
735,104.95,32503,396.77,396.47,-0.29,-50.8,-40.9,0.0,0.0,-9.8,-0.0,1132,81,0,49,6
736,105.04,32501,396.74,396.45,-0.29,-51.8,-40.9,0.0,0.0,-10.9,-0.0,1107,55,0,50,4
737,105.21,32494,396.66,396.40,-0.26,-45.5,-35.8,0.0,0.0,-9.7,-0.0,1020,4061,0,44,-2
738,105.38,32489,396.59,396.36,-0.23,-42.1,-32.4,0.0,0.0,-9.7,-0.0,957,3998,0,40,-6
739,105.47,32486,396.56,396.34,-0.22,-41.2,-30.7,0.0,0.0,-10.5,-0.0,920,3957,0,39,-8
740,105.64,32478,396.46,396.29,-0.17,-33.1,-23.9,0.0,0.0,-9.3,-0.0,820,3857,0,30,-12
741,105.81,32470,396.36,396.25,-0.11,-24.6,-15.3,0.0,0.0,-9.3,-0.0,720,3753,0,21,-12
742,105.98,32461,396.25,396.20,-0.05,-16.9,-6.8,0.0,0.0,-10.1,-0.0,607,3633,0,12,-11
743,106.07,32458,396.22,396.18,-0.04,-15.4,-5.1,0.0,0.0,-10.2,-0.0,570,3594,0,11,-10
744,106.23,32453,396.15,396.13,-0.02,-12.7,-3.4,0.0,0.0,-9.3,-0.0,507,3536,0,8,-9
745,106.40,32446,396.07,396.09,0.02,-6.6,3.4,0.0,0.0,-10.0,-0.0,420,3449,0,3,-5
746,106.48,32442,396.02,396.07,0.05,-3.3,6.8,0.0,0.0,-10.1,-0.0,370,3399,0,2,-3
747,106.65,32435,395.94,396.02,0.09,2.4,11.9,0.0,0.0,-9.5,-0.0,282,1268,0,-1,2
748,106.82,32428,395.85,395.98,0.12,7.2,17.0,0.0,0.0,-9.9,-0.0,195,1175,0,-2,7
749,106.91,32425,395.81,395.95,0.13,8.4,18.8,0.0,0.0,-10.3,-0.0,157,1137,0,-1,8
750,107.08,32418,395.73,395.91,0.18,16.2,25.6,0.0,0.0,-9.4,-0.0,70,1055,0,-1,16
751,107.25,32411,395.64,395.86,0.22,20.6,30.7,0.0,0.0,-10.0,-0.0,4078,964,0,2,20
752,107.34,32409,395.62,395.84,0.22,20.3,30.7,0.0,0.0,-10.4,-0.0,4053,941,0,2,20
753,107.51,32406,395.58,395.79,0.21,19.1,29.0,0.0,0.0,-9.9,-0.0,4016,912,0,3,18
754,107.68,32395,395.45,395.75,0.31,32.1,42.6,0.0,0.0,-10.6,-0.0,3878,765,0,12,29
755,107.76,32395,395.45,395.72,0.28,29.0,39.2,0.0,0.0,-10.3,-0.0,3878,771,0,11,26
756,107.93,32390,395.39,395.68,0.29,30.8,40.9,0.0,0.0,-10.1,-0.0,3816,712,0,14,26
757,108.10,32385,395.32,395.63,0.31,33.1,42.6,0.0,0.0,-9.5,-0.0,3753,648,0,18,27
758,108.19,32385,395.32,395.61,0.28,28.6,39.2,0.0,0.0,-10.6,-0.0,3753,648,0,15,23
759,108.36,32383,395.30,395.56,0.27,27.0,37.5,0.0,-0.0,-10.5,-0.0,3728,637,0,15,22
760,108.53,32377,395.23,395.52,0.29,30.4,40.9,0.0,0.0,-10.5,-0.0,3653,556,0,19,22
761,108.62,32375,395.20,395.49,0.29,30.1,40.9,0.0,0.0,-10.8,-0.0,3628,532,0,20,21
762,108.79,32374,395.19,395.45,0.26,25.9,35.8,0.0,-0.0,-9.9,-0.0,3616,528,0,17,18
763,108.96,32373,395.18,395.40,0.22,20.6,30.7,0.0,-0.0,-10.0,-0.0,3603,513,0,14,14
764,109.05,32370,395.14,395.37,0.23,21.5,32.4,0.0,-0.0,-10.9,-0.0,3566,474,0,16,14
765,109.22,32369,395.13,395.33,0.20,17.5,27.3,0.0,-0.0,-9.7,-0.0,3553,470,0,13,11
766,109.39,32366,395.09,395.28,0.20,17.5,27.3,0.0,-0.0,-9.8,-0.0,3516,432,0,13,10
767,109.48,32366,395.09,395.26,0.17,13.1,23.9,0.0,-0.0,-10.7,-0.0,3516,431,0,10,8
768,109.65,32368,395.12,395.21,0.10,3.2,13.6,0.0,-0.0,-10.4,-0.0,3541,461,0,2,2
769,109.81,32367,395.10,395.17,0.06,-1.1,8.5,0.0,-0.0,-9.6,-0.0,3528,2503,0,-1,-1
770,109.90,32366,395.09,395.14,0.05,-3.8,6.8,0.0,-0.0,-10.6,-0.0,3516,2487,0,-3,-2
771,110.08,32365,395.08,395.09,0.01,-8.6,1.7,0.0,-0.0,-10.3,-0.0,3503,2478,0,-7,-5
772,110.24,32367,395.10,395.05,-0.06,-18.4,-8.5,0.0,-0.0,-9.8,-0.0,3528,2504,0,-14,-11
773,110.33,32367,395.10,395.02,-0.09,-22.6,-11.9,0.0,-0.0,-10.7,-0.0,3528,2502,0,-17,-14
774,110.50,32366,395.09,394.98,-0.11,-25.2,-15.3,0.0,-0.0,-9.9,-0.0,3516,2491,0,-19,-15
775,110.66,32366,395.09,394.93,-0.16,-31.9,-22.2,0.0,-0.0,-9.7,-0.0,3516,2493,0,-24,-19
776,110.75,32366,395.09,394.91,-0.18,-36.8,-25.6,0.0,-0.0,-11.2,-0.0,3516,2494,0,-28,-23
777,110.93,32365,395.08,394.86,-0.22,-40.8,-30.7,0.0,-0.0,-10.1,-0.0,3503,2476,0,-31,-24
778,111.09,32363,395.06,394.81,-0.24,-43.8,-34.1,0.0,-0.0,-9.8,-0.0,3478,2450,0,-35,-25
779,111.18,32363,395.06,394.79,-0.27,-48.4,-37.5,0.0,-0.0,-10.9,-0.0,3478,2449,0,-38,-27
780,111.35,32362,395.04,394.74,-0.31,-52.7,-42.6,0.0,-0.0,-10.1,-0.0,3466,2436,0,-42,-29
781,111.52,32360,395.02,394.69,-0.33,-57.0,-46.0,0.0,-0.0,-10.9,-0.0,3441,2406,0,-47,-29
782,111.61,32360,395.02,394.67,-0.35,-60.1,-49.4,0.0,-0.0,-10.6,-0.0,3441,2409,0,-49,-31
783,111.78,32358,395.00,394.62,-0.38,-62.8,-52.8,0.0,-0.0,-10.0,-0.0,3416,2385,0,-53,-30
784,111.95,32352,394.92,394.57,-0.35,-59.9,-49.4,0.0,-0.0,-10.5,-0.0,3341,2299,0,-54,-22
785,112.04,32351,394.91,394.55,-0.37,-61.8,-51.2,0.0,-0.0,-10.7,-0.0,3328,2287,0,-56,-21
786,112.21,32348,394.87,394.50,-0.38,-63.2,-52.8,0.0,-0.0,-10.3,-0.0,3291,2249,0,-58,-19
787,112.39,32340,394.78,394.45,-0.33,-56.4,-46.0,0.0,0.0,-10.4,-0.0,3191,2137,0,-54,-7
788,112.48,32337,394.74,394.43,-0.32,-55.7,-44.3,0.0,0.0,-11.4,-0.0,3153,2096,0,-54,-4
789,112.65,32334,394.70,394.38,-0.33,-56.6,-46.0,0.0,0.0,-10.6,-0.0,3116,2065,0,-55,-1
790,112.82,32328,394.63,394.33,-0.31,-52.8,-42.6,0.0,0.0,-10.2,-0.0,3041,1985,0,-51,5
791,112.91,32323,394.57,394.30,-0.27,-48.6,-37.5,0.0,0.0,-11.1,-0.0,2978,1915,0,-46,10
792,113.07,32320,394.53,394.26,-0.27,-47.4,-37.5,0.0,0.0,-9.9,-0.0,2941,1889,0,-45,11
793,113.23,32308,394.38,394.21,-0.17,-33.6,-23.9,0.0,0.0,-9.8,-0.0,2791,1728,0,-29,15
794,113.32,32304,394.34,394.19,-0.15,-31.2,-20.5,0.0,0.0,-10.8,-0.0,2741,1670,0,-25,17
795,113.49,32296,394.24,394.14,-0.10,-23.4,-13.6,0.0,0.0,-9.8,-0.0,2641,1572,0,-17,15
796,113.65,32287,394.13,394.09,-0.04,-15.1,-5.1,0.0,0.0,-10.0,-0.0,2528,1456,0,-9,12
797,113.74,32281,394.06,394.07,0.01,-9.6,1.7,0.0,0.0,-11.3,-0.0,2453,1366,0,-5,8
798,113.91,32277,394.01,394.02,0.01,-8.6,1.7,0.0,0.0,-10.3,-0.0,2403,1333,0,-4,7
799,114.09,32267,393.88,393.97,0.09,1.2,11.9,0.0,0.0,-10.7,-0.0,2278,3250,0,0,-1
800,114.17,32262,393.82,393.94,0.12,5.7,17.0,0.0,0.0,-11.4,-0.0,2216,3186,0,1,-5
801,114.35,32255,393.74,393.90,0.16,11.1,22.2,0.0,0.0,-11.1,-0.0,2128,3103,0,1,-11
802,114.52,32249,393.66,393.85,0.18,14.7,25.6,0.0,0.0,-10.9,-0.0,2053,3032,0,-1,-14
803,114.61,32243,393.59,393.82,0.23,20.8,32.4,0.0,0.0,-11.6,-0.0,1978,2948,0,-4,-20
804,114.78,32236,393.51,393.77,0.27,27.6,37.5,0.0,0.0,-9.9,-0.0,1891,2873,0,-8,-26
805,114.95,32228,393.41,393.72,0.32,34.1,44.3,0.0,0.0,-10.3,-0.0,1791,2771,0,-15,-30
806,115.04,32226,393.38,393.70,0.32,32.3,44.3,0.0,0.0,-12.0,-0.0,1766,2742,0,-15,-27
807,115.21,32221,393.32,393.65,0.33,35.4,46.0,0.0,0.0,-10.6,-0.0,1703,2686,0,-19,-28
808,115.38,32217,393.27,393.60,0.33,35.9,46.0,0.0,0.0,-10.1,-0.0,1653,2643,0,-21,-28
809,115.46,32215,393.25,393.58,0.33,35.7,46.0,0.0,0.0,-10.3,-0.0,1628,2622,0,-22,-27
810,115.63,32209,393.18,393.53,0.35,38.8,49.4,0.0,0.0,-10.7,-0.0,1553,2549,0,-27,-26
811,115.80,32203,393.10,393.48,0.38,42.7,52.8,0.0,0.0,-10.2,-0.0,1478,2472,0,-33,-25
812,115.89,32202,393.09,393.45,0.37,39.8,51.2,0.0,0.0,-11.4,-0.0,1466,2460,0,-31,-23
813,116.06,32198,393.04,393.40,0.37,40.8,51.2,0.0,0.0,-10.4,-0.0,1416,2413,0,-33,-21
814,116.22,32197,393.03,393.35,0.33,35.7,46.0,0.0,-0.0,-10.4,-0.0,1403,2407,0,-29,-18
815,116.39,32194,392.99,393.31,0.32,33.2,44.3,0.0,-0.0,-11.1,-0.0,1366,2373,0,-28,-15
816,116.48,32192,392.97,393.28,0.32,33.2,44.3,0.0,-0.0,-11.1,-0.0,1341,2348,0,-29,-14
817,116.64,32191,392.96,393.23,0.28,28.8,39.2,0.0,-0.0,-10.4,-0.0,1328,2336,0,-25,-12
818,116.82,32191,392.96,393.18,0.22,19.9,30.7,0.0,-0.0,-10.8,-0.0,1328,2343,0,-17,-8
819,116.90,32191,392.96,393.16,0.20,16.0,27.3,0.0,-0.0,-11.3,-0.0,1328,2343,0,-14,-7
820,117.07,32192,392.97,393.11,0.13,8.0,18.8,0.0,-0.0,-10.8,-0.0,1341,2362,0,-7,-4
821,117.24,32188,392.92,393.06,0.13,8.1,18.8,0.0,-0.0,-10.6,-0.0,1291,2311,0,-7,-3
822,117.33,32188,392.92,393.03,0.11,3.5,15.3,0.0,-0.0,-11.9,-0.0,1291,2310,0,-3,-1
823,117.49,32191,392.96,392.98,0.02,-6.7,3.4,0.0,-0.0,-10.1,-0.0,1328,304,0,6,3
824,117.65,32191,392.96,392.94,-0.02,-13.6,-3.4,0.0,-0.0,-10.1,-0.0,1328,304,0,12,6
825,117.74,32191,392.96,392.91,-0.05,-18.5,-6.8,0.0,-0.0,-11.7,-0.0,1328,302,0,16,8
826,117.91,32192,392.97,392.86,-0.11,-26.0,-15.3,0.0,-0.0,-10.7,-0.0,1341,323,0,22,12
827,118.08,32195,393.01,392.81,-0.20,-38.2,-27.3,0.0,-0.0,-10.9,-0.0,1378,362,0,31,19
828,118.17,32194,392.99,392.78,-0.21,-40.2,-29.0,0.0,-0.0,-11.2,-0.0,1366,347,0,34,20
829,118.34,32191,392.96,392.73,-0.22,-42.1,-30.7,0.0,-0.0,-11.4,-0.0,1328,304,0,36,18
830,118.52,32190,392.94,392.68,-0.27,-49.1,-37.5,0.0,-0.0,-11.6,-0.0,1316,289,0,43,20
831,118.61,32190,392.94,392.65,-0.29,-52.9,-40.9,0.0,-0.0,-12.0,-0.0,1316,289,0,46,22
832,118.78,32189,392.93,392.60,-0.33,-56.8,-46.0,0.0,-0.0,-10.8,-0.0,1303,270,0,50,22
833,118.95,32187,392.91,392.55,-0.35,-60.4,-49.4,0.0,-0.0,-11.0,-0.0,1278,244,0,54,21
834,119.04,32187,392.91,392.53,-0.38,-65.2,-52.8,0.0,-0.0,-12.4,-0.0,1278,247,0,59,23
835,119.21,32185,392.88,392.48,-0.40,-67.2,-56.2,0.0,-0.0,-11.0,-0.0,1253,222,0,61,22
836,119.38,32184,392.87,392.42,-0.45,-73.6,-63.1,0.0,-0.0,-10.5,-0.0,1241,209,0,68,22
837,119.47,32182,392.85,392.40,-0.45,-75.3,-63.1,0.0,-0.0,-12.3,-0.0,1216,181,0,70,20
838,119.64,32175,392.76,392.35,-0.42,-68.4,-58.0,0.0,-0.0,-10.5,-0.0,1128,87,0,66,9
839,119.81,32172,392.72,392.30,-0.43,-70.4,-59.7,0.0,-0.0,-10.7,-0.0,1091,47,0,68,5
840,119.89,32166,392.65,392.27,-0.38,-64.6,-52.8,0.0,0.0,-11.8,-0.0,1016,4058,0,62,-4
841,120.07,32162,392.60,392.22,-0.38,-63.6,-52.8,0.0,0.0,-10.7,-0.0,966,4007,0,61,-8
842,120.23,32155,392.52,392.17,-0.34,-58.3,-47.7,0.0,0.0,-10.5,-0.0,878,3917,0,54,-15
843,120.32,32152,392.48,392.15,-0.33,-57.1,-46.0,0.0,0.0,-11.1,-0.0,841,3879,0,52,-18
844,120.48,32144,392.38,392.09,-0.29,-51.5,-40.9,0.0,0.0,-10.6,-0.0,741,3773,0,44,-24
845,120.65,32139,392.32,392.04,-0.28,-50.0,-39.2,0.0,0.0,-10.8,-0.0,678,3713,0,40,-27
846,120.74,32133,392.25,392.02,-0.23,-44.4,-32.4,0.0,0.0,-12.0,-0.0,603,3628,0,32,-28
847,120.91,32126,392.16,391.97,-0.20,-38.2,-27.3,0.0,0.0,-11.0,-0.0,516,3546,0,25,-28
848,121.08,32119,392.08,391.91,-0.16,-32.8,-22.2,0.0,0.0,-10.6,-0.0,428,3459,0,18,-26
849,121.17,32115,392.03,391.89,-0.15,-32.3,-20.5,0.0,0.0,-11.9,-0.0,378,3405,0,15,-27
850,121.34,32102,391.87,391.83,-0.04,-16.5,-5.1,0.0,0.0,-11.4,-0.0,216,3233,0,4,-15
851,121.51,32094,391.77,391.78,0.01,-9.5,1.7,0.0,0.0,-11.2,-0.0,116,3141,0,1,-9
852,121.61,32089,391.71,391.76,0.05,-5.5,6.8,0.0,0.0,-12.3,-0.0,53,3066,0,0,-5
853,121.77,32078,391.58,391.70,0.12,6.4,17.0,0.0,0.0,-10.7,-0.0,4012,883,0,1,6
854,121.95,32068,391.46,391.65,0.20,15.7,27.3,0.0,0.0,-11.6,-0.0,3887,754,0,6,14
855,122.04,32063,391.39,391.62,0.23,20.4,32.4,0.0,0.0,-12.0,-0.0,3824,691,0,10,17
856,122.20,32055,391.30,391.57,0.28,27.9,39.2,0.0,0.0,-11.3,-0.0,3724,595,0,17,21
857,122.38,32047,391.20,391.52,0.32,32.8,44.3,0.0,0.0,-11.5,-0.0,3624,498,0,23,22
858,122.47,32043,391.15,391.49,0.34,35.3,47.7,0.0,0.0,-12.4,-0.0,3574,446,0,27,22
859,122.64,32036,391.06,391.44,0.38,41.3,52.8,0.0,0.0,-11.5,-0.0,3487,368,0,34,21
860,122.81,32030,390.99,391.39,0.39,43.6,54.6,0.0,0.0,-11.0,-0.0,3412,300,0,38,19
861,122.89,32026,390.94,391.36,0.42,46.2,58.0,0.0,0.0,-11.7,-0.0,3362,246,0,42,17
862,123.06,32021,390.88,391.31,0.43,48.3,59.7,0.0,0.0,-11.3,-0.0,3299,189,0,45,13
863,123.22,32013,390.78,391.26,0.48,56.0,66.5,0.0,0.0,-10.4,-0.0,3199,89,0,54,7
864,123.31,32013,390.78,391.23,0.45,51.3,63.1,0.0,0.0,-11.7,-0.0,3199,91,0,49,7
865,123.48,32010,390.75,391.18,0.43,48.7,59.7,0.0,0.0,-11.0,-0.0,3162,61,0,47,4
866,123.65,32007,390.71,391.13,0.42,47.1,58.0,0.0,0.0,-10.8,-0.0,3124,28,0,46,2
867,123.73,32006,390.70,391.10,0.40,43.9,56.2,0.0,-0.0,-12.3,-0.0,3112,16,0,43,1
868,123.90,32003,390.66,391.05,0.39,43.3,54.6,0.0,-0.0,-11.2,-0.0,3074,4083,0,42,-1
869,124.07,31999,390.61,391.00,0.38,41.8,52.8,0.0,-0.0,-11.1,-0.0,3024,4029,0,40,-4
870,124.16,31996,390.58,390.97,0.39,42.4,54.6,0.0,-0.0,-12.2,-0.0,2987,3989,0,40,-7
871,124.34,31996,390.58,390.92,0.34,35.7,47.7,0.0,-0.0,-12.0,-0.0,2987,3994,0,34,-5
872,124.51,31998,390.60,390.86,0.26,24.0,35.8,0.0,-0.0,-11.9,-0.0,3012,4028,0,23,-2
873,124.60,31999,390.61,390.83,0.22,18.1,30.7,0.0,-0.0,-12.6,-0.0,3024,4042,0,17,-1
874,124.77,31997,390.59,390.78,0.20,16.1,27.3,0.0,-0.0,-11.1,-0.0,2999,4020,0,16,-2
875,124.94,31999,390.61,390.73,0.11,4.4,15.3,0.0,-0.0,-11.0,-0.0,3024,4052,0,4,0
876,125.03,31998,390.60,390.70,0.10,0.8,13.6,0.0,-0.0,-12.8,-0.0,3012,4039,0,1,0
877,125.19,31998,390.60,390.65,0.05,-4.7,6.8,0.0,-0.0,-11.5,-0.0,3012,1988,0,-5,0
878,125.36,32003,390.66,390.59,-0.07,-21.2,-10.2,0.0,-0.0,-11.0,-0.0,3074,2059,0,-21,0
879,125.45,32003,390.66,390.57,-0.10,-26.1,-13.6,0.0,-0.0,-12.5,-0.0,3074,2060,0,-25,0
880,125.62,32002,390.65,390.51,-0.13,-30.5,-18.8,0.0,-0.0,-11.8,-0.0,3062,2042,0,-30,0
881,125.79,32001,390.64,390.46,-0.18,-36.6,-25.6,0.0,-0.0,-11.0,-0.0,3049,2029,0,-35,1
882,125.88,32001,390.64,390.43,-0.21,-41.3,-29.0,0.0,-0.0,-12.4,-0.0,3049,2030,0,-40,1
883,126.05,32002,390.65,390.38,-0.27,-49.3,-37.5,0.0,-0.0,-11.8,-0.0,3062,2037,0,-48,1
884,126.22,32002,390.65,390.32,-0.33,-57.3,-46.0,0.0,-0.0,-11.3,-0.0,3062,2038,0,-55,1
885,126.31,32002,390.65,390.30,-0.35,-61.7,-49.4,0.0,-0.0,-12.2,-0.0,3062,2038,0,-60,1
886,126.48,32002,390.65,390.24,-0.40,-67.4,-56.2,0.0,-0.0,-11.1,-0.0,3062,2039,0,-65,1
887,126.64,32002,390.65,390.19,-0.46,-76.1,-64.8,0.0,-0.0,-11.3,-0.0,3062,2039,0,-74,1
888,126.73,32000,390.62,390.16,-0.46,-77.6,-64.8,0.0,-0.0,-12.8,-0.0,3037,2010,0,-75,4
889,126.91,31996,390.58,390.11,-0.46,-76.3,-64.8,0.0,-0.0,-11.5,-0.0,2987,1954,0,-73,11
890,127.07,31991,390.52,390.05,-0.46,-75.9,-64.8,0.0,-0.0,-11.1,-0.0,2924,1884,0,-71,18
891,127.16,31989,390.49,390.03,-0.46,-77.2,-64.8,0.0,-0.0,-12.5,-0.0,2899,1855,0,-72,22
892,127.34,31985,390.44,389.97,-0.48,-78.4,-66.5,0.0,-0.0,-11.9,-0.0,2849,1800,0,-71,28
893,127.51,31977,390.34,389.92,-0.43,-71.6,-59.7,0.0,0.0,-11.9,-0.0,2749,1695,0,-59,36
894,127.60,31975,390.32,389.89,-0.43,-71.8,-59.7,0.0,0.0,-12.1,-0.0,2724,1668,0,-58,38
895,127.76,31967,390.22,389.83,-0.39,-65.8,-54.6,0.0,0.0,-11.2,-0.0,2624,1567,0,-47,43
896,127.94,31959,390.12,389.78,-0.34,-59.7,-47.7,0.0,0.0,-12.0,-0.0,2524,1458,0,-36,45
897,128.02,31957,390.10,389.75,-0.35,-61.6,-49.4,0.0,0.0,-12.2,-0.0,2499,1432,0,-35,48
898,128.19,31951,390.03,389.70,-0.33,-57.3,-46.0,0.0,0.0,-11.2,-0.0,2424,1363,0,-28,48
899,128.36,31937,389.86,389.64,-0.22,-42.5,-30.7,0.0,0.0,-11.8,-0.0,2249,1173,0,-9,40
900,128.45,31932,389.79,389.61,-0.18,-37.8,-25.6,0.0,0.0,-12.2,-0.0,2187,1110,0,-5,36
901,128.63,31923,389.69,389.56,-0.12,-29.1,-17.0,0.0,0.0,-12.0,-0.0,2074,996,0,1,28
902,128.79,31914,389.58,389.50,-0.07,-21.7,-10.2,0.0,0.0,-11.5,-0.0,1962,882,0,5,21
903,128.89,31909,389.51,389.47,-0.04,-18.1,-5.1,0.0,0.0,-13.0,-0.0,1899,808,0,6,17
904,129.05,31899,389.39,389.42,0.02,-8.5,3.4,0.0,0.0,-11.9,-0.0,1774,694,0,4,7
905,129.22,31886,389.23,389.37,0.13,6.8,18.8,0.0,0.0,-11.9,-0.0,1612,2575,0,-5,-5
906,129.31,31883,389.20,389.34,0.15,7.4,20.5,0.0,0.0,-13.1,-0.0,1574,2533,0,-5,-5
907,129.47,31873,389.07,389.29,0.21,16.7,29.0,0.0,0.0,-12.3,-0.0,1449,2410,0,-14,-9
908,129.63,31863,388.95,389.23,0.28,28.2,39.2,0.0,0.0,-11.0,-0.0,1324,2291,0,-25,-10
909,129.72,31857,388.88,389.20,0.33,33.1,46.0,0.0,0.0,-12.9,-0.0,1249,2205,0,-31,-8
910,129.89,31849,388.78,389.15,0.37,39.4,51.2,0.0,0.0,-11.8,-0.0,1149,2118,0,-38,-4
911,130.06,31840,388.67,389.09,0.42,46.0,58.0,0.0,0.0,-12.0,-0.0,1037,2002,0,-44,3
912,130.23,31832,388.57,389.04,0.46,53.2,64.8,0.0,0.0,-11.6,-0.0,937,1907,0,-50,11
913,130.32,31828,388.53,389.01,0.49,54.6,68.2,0.0,0.0,-13.6,-0.0,887,1853,0,-51,16
914,130.49,31823,388.46,388.95,0.49,56.9,68.2,0.0,0.0,-11.2,-0.0,824,1806,0,-51,20
915,130.66,31817,388.39,388.90,0.51,59.3,71.6,0.0,0.0,-12.2,-0.0,749,1732,0,-51,27
916,130.75,31811,388.32,388.87,0.55,63.7,76.7,0.0,0.0,-13.0,-0.0,674,1652,0,-51,35
917,130.92,31812,388.33,388.82,0.49,56.7,68.2,0.0,0.0,-11.5,-0.0,687,1683,0,-47,29
918,131.01,31808,388.28,388.78,0.50,56.2,69.9,0.0,0.0,-13.6,-0.0,637,1628,0,-44,33
919,131.17,31803,388.22,388.73,0.51,59.5,71.6,0.0,0.0,-12.1,-0.0,574,1569,0,-43,39
920,131.34,31802,388.21,388.67,0.46,53.2,64.8,0.0,-0.0,-11.5,-0.0,562,1565,0,-38,35
921,131.44,31801,388.20,388.64,0.45,50.0,63.1,0.0,-0.0,-13.1,-0.0,549,1557,0,-35,33
922,131.61,31801,388.20,388.59,0.39,42.4,54.6,0.0,-0.0,-12.1,-0.0,549,1557,0,-30,28
923,131.77,31798,388.16,388.53,0.38,41.3,52.8,0.0,-0.0,-11.6,-0.0,512,1528,0,-28,29
924,131.86,31797,388.15,388.50,0.35,36.5,49.4,0.0,-0.0,-12.9,-0.0,499,1514,0,-24,26
925,132.04,31798,388.16,388.45,0.28,26.8,39.2,0.0,-0.0,-12.4,-0.0,512,1530,0,-18,19
926,132.21,31798,388.16,388.39,0.23,20.6,32.4,0.0,-0.0,-11.8,-0.0,512,1532,0,-14,14
927,132.29,31801,388.20,388.36,0.17,11.5,23.9,0.0,-0.0,-12.4,-0.0,549,1573,0,-8,7
928,132.47,31799,388.17,388.30,0.13,6.1,18.8,0.0,-0.0,-12.6,-0.0,524,1550,0,-4,4
929,132.62,31801,388.20,388.25,0.06,-3.5,8.5,0.0,-0.0,-12.0,-0.0,549,3627,0,3,-2
930,132.79,31805,388.24,388.19,-0.05,-19.3,-6.8,0.0,-0.0,-12.4,-0.0,599,3682,0,15,-11
931,132.88,31804,388.23,388.17,-0.06,-21.2,-8.5,0.0,-0.0,-12.6,-0.0,587,3668,0,16,-13
932,133.05,31804,388.23,388.11,-0.12,-29.3,-17.0,0.0,-0.0,-12.3,-0.0,587,3664,0,22,-17
933,133.21,31808,388.28,388.06,-0.23,-44.7,-32.4,0.0,-0.0,-12.3,-0.0,637,3722,0,36,-23
934,133.31,31810,388.31,388.03,-0.28,-52.7,-39.2,0.0,-0.0,-13.5,-0.0,662,3749,0,44,-26
935,133.48,31808,388.28,387.97,-0.32,-56.4,-44.3,0.0,-0.0,-12.1,-0.0,637,3713,0,45,-30
936,133.65,31808,388.28,387.91,-0.37,-64.2,-51.2,0.0,-0.0,-13.1,-0.0,637,3715,0,52,-34
937,133.73,31808,388.28,387.88,-0.40,-69.2,-56.2,0.0,-0.0,-12.9,-0.0,637,3715,0,56,-37
938,133.91,31807,388.27,387.82,-0.44,-73.9,-61.4,0.0,-0.0,-12.5,-0.0,624,3695,0,58,-41
939,134.08,31804,388.23,387.77,-0.46,-77.1,-64.8,0.0,-0.0,-12.4,-0.0,587,3653,0,58,-47
940,134.16,31803,388.22,387.74,-0.48,-79.4,-66.5,0.0,-0.0,-13.0,-0.0,574,3638,0,59,-50
941,134.34,31798,388.16,387.68,-0.48,-79.4,-66.5,0.0,-0.0,-13.0,-0.0,512,3569,0,53,-56
942,134.51,31793,388.10,387.62,-0.48,-79.9,-66.5,0.0,-0.0,-13.4,-0.0,449,3499,0,47,-61
943,134.60,31791,388.07,387.59,-0.49,-81.6,-68.2,0.0,-0.0,-13.4,-0.0,424,3471,0,45,-65
944,134.77,31787,388.02,387.53,-0.49,-80.4,-68.2,0.0,-0.0,-12.2,-0.0,374,3422,0,40,-67
945,134.94,31785,388.00,387.48,-0.52,-85.9,-73.3,0.0,-0.0,-12.6,-0.0,349,3399,0,40,-73
946,135.03,31780,387.94,387.45,-0.49,-81.6,-68.2,0.0,-0.0,-13.5,-0.0,287,3331,0,31,-73
947,135.20,31772,387.84,387.39,-0.45,-75.6,-63.1,0.0,0.0,-12.5,-0.0,187,3228,0,17,-71
948,135.29,31768,387.79,387.36,-0.44,-75.1,-61.4,0.0,0.0,-13.7,-0.0,137,3172,0,11,-72
949,135.45,31761,387.71,387.30,-0.40,-68.1,-56.2,0.0,0.0,-11.9,-0.0,49,3084,0,1,-66
950,135.62,31752,387.60,387.25,-0.35,-61.5,-49.4,0.0,0.0,-12.1,-0.0,4033,2962,0,-10,-59
951,135.79,31739,387.44,387.19,-0.26,-47.9,-35.8,0.0,0.0,-12.1,-0.0,3870,2791,0,-19,-42
952,135.88,31734,387.38,387.16,-0.22,-43.8,-30.7,0.0,0.0,-13.1,-0.0,3808,2725,0,-22,-37
953,136.05,31725,387.27,387.10,-0.17,-35.8,-23.9,0.0,0.0,-11.9,-0.0,3695,2614,0,-22,-26
954,136.22,31712,387.11,387.04,-0.06,-21.3,-8.5,0.0,0.0,-12.8,-0.0,3533,2442,0,-17,-12
955,136.32,31708,387.06,387.01,-0.05,-21.2,-6.8,0.0,0.0,-14.4,-0.0,3483,2385,0,-18,-10
956,136.48,31700,386.96,386.95,-0.01,-14.1,-1.7,0.0,0.0,-12.4,-0.0,3383,2303,0,-13,-5
957,136.57,31693,386.88,386.92,0.05,-7.0,6.8,0.0,0.0,-13.8,-0.0,3295,2206,0,-7,-2
958,136.74,31681,386.73,386.86,0.13,6.6,18.8,0.0,0.0,-12.2,-0.0,3145,11,0,6,0
959,136.91,31671,386.61,386.81,0.20,15.1,27.3,0.0,0.0,-12.2,-0.0,3020,3986,0,14,-2
960,137.00,31665,386.54,386.78,0.24,20.5,34.1,0.0,0.0,-13.6,-0.0,2945,3901,0,19,-6
961,137.16,31649,386.34,386.72,0.38,40.6,52.8,0.0,0.0,-12.2,-0.0,2745,3696,0,32,-23
962,137.33,31643,386.27,386.66,0.39,41.7,54.6,0.0,0.0,-12.9,-0.0,2670,3628,0,30,-27
963,137.51,31636,386.18,386.60,0.42,45.3,58.0,0.0,0.0,-12.7,-0.0,2583,3547,0,29,-33
964,137.60,31629,386.10,386.57,0.48,53.2,66.5,0.0,0.0,-13.3,-0.0,2495,3454,0,28,-43
965,137.76,31622,386.01,386.51,0.50,57.6,69.9,0.0,0.0,-12.3,-0.0,2408,3383,0,26,-50
966,137.93,31614,385.91,386.46,0.55,64.2,76.7,0.0,0.0,-12.5,-0.0,2308,3285,0,20,-59
967,138.02,31610,385.86,386.43,0.56,64.4,78.4,0.0,0.0,-14.0,-0.0,2258,3229,0,15,-61
968,138.18,31605,385.80,386.37,0.56,66.3,78.4,0.0,0.0,-12.1,-0.0,2195,3175,0,10,-63
969,138.36,31601,385.75,386.31,0.55,63.8,76.7,0.0,0.0,-13.0,-0.0,2145,3134,0,6,-61
970,138.45,31598,385.72,386.28,0.56,65.2,78.4,0.0,0.0,-13.2,-0.0,2108,3096,0,2,-63
971,138.62,31594,385.67,386.22,0.55,64.1,76.7,0.0,0.0,-12.6,-0.0,2058,3053,0,-2,-62
972,138.71,31590,385.62,386.19,0.56,64.4,78.4,0.0,0.0,-14.0,-0.0,2008,3000,0,-7,-62
973,138.88,31588,385.60,386.13,0.54,62.8,75.0,0.0,-0.0,-12.2,-0.0,1983,2984,0,-8,-60
974,139.05,31587,385.58,386.07,0.49,55.4,68.2,0.0,-0.0,-12.8,-0.0,1970,2973,0,-8,-53
975,139.21,31586,385.57,386.01,0.44,48.5,61.4,0.0,-0.0,-12.8,-0.0,1958,2967,0,-8,-46
976,139.30,31586,385.57,385.98,0.42,43.9,58.0,0.0,-0.0,-14.1,-0.0,1958,2969,0,-7,-42
977,139.48,31589,385.61,385.92,0.32,30.6,44.3,0.0,-0.0,-13.7,-0.0,1995,3021,0,-2,-30
978,139.57,31589,385.61,385.89,0.28,25.3,39.2,0.0,-0.0,-13.9,-0.0,1995,3021,0,-2,-24
979,139.74,31589,385.61,385.83,0.22,18.4,30.7,0.0,-0.0,-12.3,-0.0,1995,3022,0,-1,-18
980,139.91,31587,385.58,385.77,0.18,12.5,25.6,0.0,-0.0,-13.1,-0.0,1970,2995,0,-1,-12
981,139.99,31587,385.58,385.74,0.16,9.0,22.2,0.0,-0.0,-13.1,-0.0,1970,2995,0,-1,-9
982,140.16,31589,385.61,385.68,0.07,-2.1,10.2,0.0,-0.0,-12.3,-0.0,1995,971,0,0,2
983,140.33,31589,385.61,385.62,0.01,-11.9,1.7,0.0,-0.0,-13.6,-0.0,1995,971,0,1,11
984,140.51,31593,385.66,385.56,-0.10,-27.2,-13.6,0.0,-0.0,-13.6,-0.0,2045,1030,0,0,26
985,140.60,31595,385.68,385.53,-0.16,-36.4,-22.2,0.0,-0.0,-14.2,-0.0,2070,1059,0,-2,35
986,140.77,31600,385.74,385.47,-0.27,-50.3,-37.5,0.0,-0.0,-12.8,-0.0,2133,1128,0,-8,48
987,140.86,31598,385.72,385.44,-0.28,-53.2,-39.2,0.0,-0.0,-14.0,-0.0,2108,1098,0,-6,51
988,141.03,31600,385.74,385.37,-0.37,-64.4,-51.2,0.0,-0.0,-13.2,-0.0,2133,1125,0,-10,62
989,141.20,31601,385.75,385.32,-0.44,-74.6,-61.4,0.0,-0.0,-13.2,-0.0,2145,1133,0,-12,71
990,141.29,31597,385.71,385.28,-0.43,-73.8,-59.7,0.0,-0.0,-14.1,-0.0,2095,1074,0,-5,71
991,141.46,31598,385.72,385.22,-0.49,-81.0,-68.2,0.0,-0.0,-12.8,-0.0,2108,1081,0,-7,78
992,141.63,31598,385.72,385.16,-0.55,-88.9,-76.7,0.0,-0.0,-12.2,-0.0,2108,1081,0,-8,86
993,141.72,31596,385.69,385.13,-0.56,-92.6,-78.4,0.0,-0.0,-14.1,-0.0,2083,1053,0,-4,90
994,141.88,31591,385.63,385.07,-0.56,-91.3,-78.4,0.0,-0.0,-12.9,-0.0,2020,981,0,6,88
995,142.05,31589,385.61,385.01,-0.60,-96.2,-83.5,0.0,-0.0,-12.7,-0.0,1995,959,0,9,93
996,142.14,31586,385.57,384.98,-0.59,-95.4,-81.8,0.0,-0.0,-13.5,-0.0,1958,916,0,15,91
997,142.31,31582,385.52,384.92,-0.60,-97.5,-83.5,0.0,-0.0,-14.0,-0.0,1908,859,0,24,91
998,142.48,31570,385.38,384.86,-0.51,-84.3,-71.6,0.0,0.0,-12.7,-0.0,1758,699,0,39,72
999,142.56,31568,385.35,384.83,-0.52,-87.1,-73.3,0.0,0.0,-13.8,-0.0,1733,673,0,43,72
1000,142.74,31562,385.28,384.77,-0.51,-84.9,-71.6,0.0,0.0,-13.4,-0.0,1658,594,0,50,65
1001,142.91,31554,385.18,384.71,-0.48,-79.7,-66.5,0.0,0.0,-13.2,-0.0,1558,493,0,56,53
1002,143.00,31549,385.12,384.68,-0.44,-76.2,-61.4,0.0,0.0,-14.9,-0.0,1495,416,0,59,44
1003,143.17,31540,385.01,384.62,-0.39,-67.6,-54.6,0.0,0.0,-13.0,-0.0,1383,316,0,58,30
1004,143.34,31527,384.85,384.56,-0.29,-53.5,-40.9,0.0,0.0,-12.6,-0.0,1220,141,0,51,11
1005,143.43,31525,384.83,384.52,-0.31,-56.2,-42.6,0.0,0.0,-13.6,-0.0,1195,115,0,54,10
1006,143.60,31511,384.66,384.46,-0.20,-41.4,-27.3,0.0,0.0,-14.1,-0.0,1020,4026,0,40,-4
1007,143.77,31498,384.50,384.40,-0.10,-26.2,-13.6,0.0,0.0,-12.6,-0.0,858,3867,0,24,-9
1008,143.86,31490,384.40,384.37,-0.04,-19.2,-5.1,0.0,0.0,-14.1,-0.0,758,3753,0,16,-9
1009,144.03,31479,384.27,384.31,0.04,-7.7,5.1,0.0,0.0,-12.9,-0.0,620,3625,0,6,-5
1010,144.20,31469,384.14,384.24,0.10,0.8,13.6,0.0,0.0,-12.9,-0.0,495,1452,0,0,1
1011,144.29,31462,384.06,384.21,0.16,8.4,22.2,0.0,0.0,-13.7,-0.0,408,1357,0,-4,7
1012,144.46,31449,383.90,384.15,0.26,23.1,35.8,0.0,0.0,-12.7,-0.0,245,1200,0,-6,22
1013,144.63,31440,383.79,384.09,0.31,29.1,42.6,0.0,0.0,-13.5,-0.0,133,1091,0,-3,28
1014,144.72,31433,383.70,384.06,0.35,35.0,49.4,0.0,0.0,-14.4,-0.0,45,996,0,1,34
1015,144.89,31420,383.54,384.00,0.45,50.4,63.1,0.0,0.0,-12.7,-0.0,3979,838,0,14,47
1016,145.06,31412,383.45,383.93,0.49,55.7,68.2,0.0,0.0,-12.5,-0.0,3879,748,0,22,49
1017,145.15,31405,383.36,383.90,0.54,60.8,75.0,0.0,0.0,-14.2,-0.0,3791,651,0,32,49
1018,145.32,31399,383.29,383.84,0.55,64.0,76.7,0.0,0.0,-12.8,-0.0,3716,587,0,38,49
1019,145.48,31393,383.22,383.78,0.56,65.6,78.4,0.0,0.0,-12.8,-0.0,3641,521,0,44,46
1020,145.58,31387,383.14,383.75,0.61,70.5,85.2,0.0,0.0,-14.7,-0.0,3566,441,0,53,43
1021,145.74,31379,383.04,383.69,0.63,76.1,88.6,0.0,0.0,-12.6,-0.0,3466,349,0,63,38
1022,145.92,31371,382.95,383.62,0.67,79.9,93.8,0.0,0.0,-13.9,-0.0,3366,248,0,72,29
1023,146.00,31367,382.90,383.59,0.70,83.7,97.2,0.0,0.0,-13.5,-0.0,3316,197,0,77,24
1024,146.17,31365,382.87,383.53,0.66,79.0,92.1,0.0,0.0,-13.0,-0.0,3291,179,0,74,21
1025,146.34,31365,382.87,383.47,0.60,69.2,83.5,0.0,-0.0,-14.4,-0.0,3291,192,0,64,19
1026,146.43,31363,382.85,383.43,0.59,67.7,81.8,0.0,-0.0,-14.1,-0.0,3266,169,0,63,17
1027,146.60,31362,382.84,383.37,0.54,61.3,75.0,0.0,-0.0,-13.7,-0.0,3254,169,0,57,15
1028,146.77,31362,382.84,383.31,0.48,53.4,66.5,0.0,-0.0,-13.1,-0.0,3254,178,0,50,14
1029,146.86,31362,382.84,383.28,0.44,47.4,61.4,0.0,-0.0,-14.0,-0.0,3254,177,0,44,12
1030,147.04,31361,382.82,383.21,0.39,40.8,54.6,0.0,-0.0,-13.8,-0.0,3241,163,0,38,10
1031,147.21,31361,382.82,383.15,0.33,32.2,46.0,0.0,-0.0,-13.8,-0.0,3241,168,0,30,8
1032,147.30,31362,382.84,383.12,0.28,24.5,39.2,0.0,-0.0,-14.7,-0.0,3254,182,0,23,7
1033,147.47,31366,382.89,383.05,0.17,10.3,23.9,0.0,-0.0,-13.6,-0.0,3304,238,0,9,4
1034,147.63,31367,382.90,382.99,0.10,0.7,13.6,0.0,-0.0,-13.0,-0.0,3316,254,0,1,0
1035,147.72,31370,382.93,382.96,0.02,-11.3,3.4,0.0,-0.0,-14.7,-0.0,3354,2344,0,-10,-5
1036,147.89,31373,382.97,382.90,-0.07,-23.6,-10.2,0.0,-0.0,-13.4,-0.0,3391,2385,0,-20,-11
1037,148.06,31376,383.01,382.84,-0.17,-36.8,-23.9,0.0,-0.0,-13.0,-0.0,3429,2422,0,-30,-19
1038,148.15,31375,383.00,382.80,-0.20,-42.0,-27.3,0.0,-0.0,-14.8,-0.0,3416,2406,0,-35,-21
1039,148.31,31380,383.06,382.74,-0.32,-57.1,-44.3,0.0,-0.0,-12.8,-0.0,3479,2473,0,-44,-34
1040,148.48,31379,383.04,382.68,-0.37,-64.2,-51.2,0.0,-0.0,-13.0,-0.0,3466,2453,0,-51,-36
1041,148.56,31380,383.06,382.65,-0.42,-72.1,-58.0,0.0,-0.0,-14.1,-0.0,3479,2466,0,-56,-42
1042,148.74,31382,383.08,382.58,-0.50,-83.8,-69.9,0.0,-0.0,-13.9,-0.0,3504,2489,0,-63,-51
1043,148.91,31383,383.09,382.52,-0.57,-93.6,-80.1,0.0,-0.0,-13.5,-0.0,3516,2501,0,-70,-58
1044,149.00,31381,383.07,382.49,-0.59,-97.3,-81.8,0.0,-0.0,-15.5,-0.0,3491,2469,0,-75,-57
1045,149.17,31377,383.02,382.42,-0.60,-97.1,-83.5,0.0,-0.0,-13.5,-0.0,3441,2414,0,-80,-50
1046,149.34,31376,383.01,382.36,-0.65,-103.7,-90.4,0.0,-0.0,-13.3,-0.0,3429,2396,0,-86,-51
1047,149.43,31373,382.97,382.33,-0.65,-105.4,-90.4,0.0,-0.0,-15.1,-0.0,3391,2353,0,-91,-46
1048,149.60,31369,382.92,382.26,-0.66,-105.4,-92.1,0.0,-0.0,-13.3,-0.0,3341,2297,0,-95,-38
1049,149.69,31365,382.87,382.23,-0.65,-106.1,-90.4,0.0,-0.0,-15.8,-0.0,3291,2240,0,-98,-30
1050,149.86,31357,382.78,382.16,-0.61,-98.8,-85.2,0.0,-0.0,-13.6,-0.0,3191,2138,0,-95,-13
1051,150.03,31352,382.71,382.10,-0.61,-99.1,-85.2,0.0,0.0,-13.8,-0.0,3129,2070,0,-96,-3
1052,150.20,31344,382.62,382.04,-0.59,-95.0,-81.8,0.0,0.0,-13.2,-0.0,3029,1965,0,-91,12
1053,150.29,31338,382.54,382.00,-0.54,-90.0,-75.0,0.0,0.0,-15.0,-0.0,2954,1881,0,-84,22
1054,150.46,31333,382.48,381.94,-0.55,-90.4,-76.7,0.0,0.0,-13.6,-0.0,2891,1825,0,-82,29
1055,150.55,31326,382.40,381.90,-0.49,-83.4,-68.2,0.0,0.0,-15.2,-0.0,2804,1730,0,-71,38
1056,150.73,31312,382.23,381.84,-0.39,-68.7,-54.6,0.0,0.0,-14.1,-0.0,2629,1546,0,-48,46
1057,150.89,31303,382.12,381.78,-0.34,-61.0,-47.7,0.0,0.0,-13.2,-0.0,2516,1435,0,-35,48
1058,151.06,31287,381.92,381.71,-0.21,-42.9,-29.0,0.0,0.0,-13.9,-0.0,2316,1219,0,-12,40
1059,151.14,31282,381.86,381.68,-0.18,-39.9,-25.6,0.0,0.0,-14.4,-0.0,2254,1152,0,-8,38
1060,151.30,31270,381.71,381.62,-0.10,-26.9,-13.6,0.0,0.0,-13.3,-0.0,2104,1007,0,1,26
1061,151.48,31252,381.49,381.55,0.06,-6.1,8.5,0.0,0.0,-14.6,-0.0,1879,766,0,2,5
1062,151.57,31247,381.43,381.52,0.09,-2.5,11.9,0.0,0.0,-14.4,-0.0,1816,706,0,1,2
1063,151.74,31235,381.29,381.46,0.17,10.6,23.9,0.0,0.0,-13.3,-0.0,1666,2617,0,-7,-8
1064,151.91,31220,381.10,381.39,0.29,26.7,40.9,0.0,0.0,-14.2,-0.0,1479,2419,0,-22,-14
1065,152.00,31213,381.02,381.36,0.34,32.6,47.7,0.0,0.0,-15.1,-0.0,1391,2326,0,-29,-13
1066,152.17,31204,380.91,381.29,0.38,38.8,52.8,0.0,0.0,-14.0,-0.0,1279,2233,0,-36,-11
1067,152.35,31189,380.73,381.22,0.50,54.9,69.9,0.0,0.0,-15.0,-0.0,1091,2035,0,-53,1
1068,152.44,31183,380.65,381.19,0.54,60.1,75.0,0.0,0.0,-15.0,-0.0,1016,1960,0,-58,8
1069,152.61,31173,380.53,381.12,0.60,69.2,83.5,0.0,0.0,-14.3,-0.0,891,1846,0,-64,20
1070,152.70,31169,380.48,381.09,0.61,70.2,85.2,0.0,0.0,-15.0,-0.0,841,1797,0,-63,26
1071,152.87,31158,380.35,381.03,0.68,81.4,95.4,0.0,0.0,-14.1,-0.0,704,1661,0,-65,44
1072,153.04,31149,380.24,380.96,0.72,86.2,100.6,0.0,0.0,-14.3,-0.0,591,1556,0,-61,57
1073,153.12,31145,380.19,380.93,0.74,89.6,104.0,0.0,0.0,-14.3,-0.0,541,1508,0,-59,64
1074,153.30,31138,380.10,380.86,0.76,91.3,105.7,0.0,0.0,-14.4,-0.0,454,1426,0,-51,72
1075,153.47,31134,380.05,380.80,0.74,89.8,104.0,0.0,0.0,-14.1,-0.0,404,1385,0,-46,74
1076,153.55,31129,379.99,380.76,0.77,92.8,107.4,0.0,0.0,-14.6,-0.0,341,1321,0,-40,81
1077,153.72,31127,379.97,380.70,0.73,88.1,102.3,0.0,0.0,-14.2,-0.0,316,1307,0,-36,77
1078,153.88,31123,379.92,380.64,0.72,86.6,100.6,0.0,-0.0,-14.0,-0.0,266,1262,0,-30,78
1079,153.98,31123,379.92,380.60,0.68,79.7,95.4,0.0,-0.0,-15.8,-0.0,266,1265,0,-28,72
1080,154.14,31123,379.92,380.54,0.62,72.9,86.9,0.0,-0.0,-14.0,-0.0,266,1274,0,-26,66
1081,154.31,31121,379.90,380.47,0.57,66.4,80.1,0.0,-0.0,-13.8,-0.0,241,1256,0,-22,60
1082,154.48,31123,379.92,380.41,0.49,54.6,68.2,0.0,-0.0,-13.5,-0.0,266,1289,0,-21,49
1083,154.56,31125,379.94,380.37,0.43,44.7,59.7,0.0,-0.0,-14.9,-0.0,291,1318,0,-19,39
1084,154.73,31126,379.96,380.31,0.35,34.7,49.4,0.0,-0.0,-14.7,-0.0,304,1333,0,-15,30
1085,154.91,31127,379.97,380.24,0.27,23.7,37.5,0.0,-0.0,-13.8,-0.0,316,1346,0,-11,20
1086,155.00,31131,380.02,380.21,0.18,9.4,25.6,0.0,-0.0,-16.1,-0.0,366,1407,0,-5,8
1087,155.16,31134,380.05,380.14,0.09,-2.1,11.9,0.0,-0.0,-14.1,-0.0,404,3492,0,1,-2
1088,155.33,31138,380.10,380.07,-0.02,-17.5,-3.4,0.0,-0.0,-14.1,-0.0,454,3542,0,11,-13
1089,155.42,31140,380.13,380.04,-0.09,-26.7,-11.9,0.0,-0.0,-14.8,-0.0,479,3572,0,18,-19
1090,155.60,31144,380.18,379.97,-0.20,-41.6,-27.3,0.0,-0.0,-14.3,-0.0,529,3626,0,30,-27
1091,155.76,31147,380.21,379.91,-0.31,-56.5,-42.6,0.0,-0.0,-13.9,-0.0,566,3658,0,43,-34
1092,155.85,31149,380.24,379.87,-0.37,-66.4,-51.2,0.0,-0.0,-15.3,-0.0,591,3686,0,52,-38
1093,156.02,31150,380.25,379.81,-0.44,-75.3,-61.4,0.0,-0.0,-13.9,-0.0,604,3693,0,59,-42
1094,156.19,31148,380.22,379.74,-0.49,-82.8,-68.2,0.0,-0.0,-14.6,-0.0,579,3660,0,63,-50
1095,156.29,31147,380.21,379.70,-0.51,-87.6,-71.6,0.0,-0.0,-16.0,-0.0,566,3643,0,65,-54
1096,156.46,31149,380.24,379.64,-0.60,-97.5,-83.5,0.0,-0.0,-14.0,-0.0,591,3666,0,75,-58
1097,156.55,31151,380.26,379.60,-0.66,-108.1,-92.1,0.0,-0.0,-16.1,-0.0,616,3691,0,85,-61
1098,156.72,31151,380.26,379.53,-0.73,-116.9,-102.3,0.0,-0.0,-14.7,-0.0,616,3689,0,92,-66
1099,156.89,31146,380.20,379.47,-0.73,-116.1,-102.3,0.0,-0.0,-13.8,-0.0,554,3623,0,84,-75
1100,156.98,31146,380.20,379.43,-0.77,-123.2,-107.4,0.0,-0.0,-15.9,-0.0,554,3624,0,89,-79
1101,157.14,31140,380.13,379.37,-0.76,-119.5,-105.7,0.0,-0.0,-13.8,-0.0,479,3538,0,76,-87
1102,157.31,31131,380.02,379.30,-0.72,-115.6,-100.6,0.0,-0.0,-15.0,-0.0,366,3407,0,55,-97
1103,157.40,31128,379.98,379.27,-0.72,-116.0,-100.6,0.0,0.0,-15.4,-0.0,329,3365,0,49,-101
1104,157.57,31122,379.91,379.20,-0.71,-112.9,-98.9,0.0,0.0,-14.1,-0.0,254,3292,0,36,-103
1105,157.74,31110,379.76,379.13,-0.62,-100.8,-86.9,0.0,0.0,-13.8,-0.0,104,3129,0,9,-97
1106,157.83,31103,379.68,379.10,-0.57,-95.4,-80.1,0.0,0.0,-15.2,-0.0,16,3031,0,-6,-92
1107,158.00,31095,379.58,379.03,-0.55,-90.6,-76.7,0.0,0.0,-13.9,-0.0,4012,2937,0,-18,-86
1108,158.16,31081,379.41,378.97,-0.44,-75.2,-61.4,0.0,0.0,-13.9,-0.0,3837,2750,0,-35,-64
1109,158.34,31069,379.26,378.90,-0.37,-66.2,-51.2,0.0,0.0,-15.1,-0.0,3687,2589,0,-43,-47
1110,158.43,31063,379.19,378.86,-0.33,-61.6,-46.0,0.0,0.0,-15.5,-0.0,3612,2514,0,-45,-39
1111,158.60,31049,379.02,378.79,-0.22,-45.5,-30.7,0.0,0.0,-14.9,-0.0,3437,2338,0,-40,-19
1112,158.69,31041,378.92,378.76,-0.16,-38.0,-22.2,0.0,0.0,-15.8,-0.0,3337,2228,0,-35,-10
1113,158.86,31027,378.75,378.69,-0.06,-22.5,-8.5,0.0,0.0,-13.9,-0.0,3162,2063,0,-22,-1
1114,159.03,31012,378.56,378.62,0.06,-6.4,8.5,0.0,0.0,-14.9,-0.0,2975,1867,0,-6,2
1115,159.11,31003,378.45,378.59,0.13,3.6,18.8,0.0,0.0,-15.1,-0.0,2862,3795,0,3,-2
1116,159.29,30989,378.28,378.52,0.23,17.5,32.4,0.0,0.0,-14.9,-0.0,2687,3621,0,13,-11
1117,159.46,30976,378.12,378.45,0.33,30.6,46.0,0.0,0.0,-15.4,-0.0,2525,3463,0,17,-24
1118,159.55,30968,378.03,378.42,0.39,39.4,54.6,0.0,0.0,-15.2,-0.0,2425,3360,0,16,-34
1119,159.72,30954,377.86,378.35,0.49,54.2,68.2,0.0,0.0,-14.0,-0.0,2250,3193,0,10,-52
1120,159.89,30942,377.71,378.28,0.57,65.9,80.1,0.0,0.0,-14.3,-0.0,2100,3047,0,-2,-64
1121,159.98,30934,377.61,378.24,0.63,72.2,88.6,0.0,0.0,-16.4,-0.0,2000,2934,0,-15,-68
1122,160.15,30924,377.49,378.18,0.68,81.2,95.4,0.0,0.0,-14.3,-0.0,1875,2824,0,-29,-73
1123,160.32,30913,377.36,378.11,0.76,90.2,105.7,0.0,0.0,-15.5,-0.0,1737,2688,0,-49,-73
1124,160.41,30907,377.28,378.07,0.79,95.1,110.8,0.0,0.0,-15.7,-0.0,1662,2612,0,-60,-70
1125,160.57,30897,377.16,378.01,0.84,103.3,117.6,0.0,0.0,-14.3,-0.0,1537,2497,0,-77,-64
1126,160.74,30891,377.09,377.94,0.85,104.5,119.3,0.0,0.0,-14.8,-0.0,1462,2431,0,-84,-56
1127,160.83,30890,377.08,377.90,0.83,100.4,115.9,0.0,0.0,-15.5,-0.0,1450,2421,0,-82,-53
1128,161.00,30887,377.04,377.84,0.79,95.9,110.8,0.0,0.0,-14.8,-0.0,1412,2397,0,-80,-47
1129,161.16,30881,376.97,377.77,0.81,98.4,112.5,0.0,-0.0,-14.1,-0.0,1337,2332,0,-86,-40
1130,161.32,30878,376.93,377.70,0.78,94.9,109.1,0.0,-0.0,-14.1,-0.0,1300,2301,0,-85,-35
1131,161.41,30877,376.92,377.67,0.76,89.4,105.7,0.0,-0.0,-16.3,-0.0,1287,2288,0,-81,-31
1132,161.59,30876,376.90,377.60,0.70,81.6,97.2,0.0,-0.0,-15.6,-0.0,1275,2280,0,-74,-28
1133,161.68,30876,376.90,377.56,0.66,75.9,92.1,0.0,-0.0,-16.1,-0.0,1275,2281,0,-69,-26
1134,161.85,30877,376.92,377.49,0.57,65.4,80.1,0.0,-0.0,-14.7,-0.0,1287,2305,0,-59,-24
1135,162.01,30878,376.93,377.42,0.50,55.7,69.9,0.0,-0.0,-14.2,-0.0,1300,2324,0,-49,-22
1136,162.19,30882,376.98,377.36,0.38,37.7,52.8,0.0,-0.0,-15.2,-0.0,1350,2383,0,-32,-18
1137,162.27,30884,377.00,377.32,0.32,28.9,44.3,0.0,-0.0,-15.4,-0.0,1375,2411,0,-24,-15
1138,162.45,30885,377.01,377.25,0.23,17.7,32.4,0.0,-0.0,-14.7,-0.0,1387,2423,0,-14,-9
1139,162.62,30892,377.10,377.18,0.09,-3.3,11.9,0.0,-0.0,-15.2,-0.0,1475,474,0,2,2
1140,162.71,30894,377.12,377.14,0.02,-12.8,3.4,0.0,-0.0,-16.2,-0.0,1500,501,0,9,9
1141,162.88,30898,377.17,377.07,-0.10,-28.4,-13.6,0.0,-0.0,-14.8,-0.0,1550,549,0,18,21
1142,162.97,30900,377.20,377.04,-0.16,-39.1,-22.2,0.0,-0.0,-17.0,-0.0,1575,577,0,24,29
1143,163.14,30902,377.22,376.97,-0.26,-50.8,-35.8,0.0,-0.0,-15.0,-0.0,1600,601,0,30,39
1144,163.31,30904,377.25,376.90,-0.34,-62.3,-47.7,0.0,-0.0,-14.6,-0.0,1625,618,0,35,49
1145,163.40,30908,377.29,376.86,-0.43,-75.7,-59.7,0.0,-0.0,-16.0,-0.0,1675,673,0,38,63
1146,163.57,30912,377.34,376.79,-0.55,-91.1,-76.7,0.0,-0.0,-14.3,-0.0,1725,721,0,40,79
1147,163.73,30913,377.36,376.72,-0.63,-103.0,-88.6,0.0,-0.0,-14.4,-0.0,1737,730,0,43,90
1148,163.82,30915,377.38,376.69,-0.70,-113.2,-97.2,0.0,-0.0,-16.1,-0.0,1762,758,0,44,101
1149,164.00,30916,377.39,376.62,-0.78,-124.4,-109.1,0.0,-0.0,-15.4,-0.0,1775,769,0,46,111
1150,164.16,30914,377.37,376.55,-0.82,-128.9,-114.2,0.0,-0.0,-14.6,-0.0,1750,730,0,54,112
1151,164.26,30911,377.33,376.51,-0.82,-131.1,-114.2,0.0,-0.0,-16.8,-0.0,1712,686,0,63,110
1152,164.43,30909,377.31,376.44,-0.87,-135.5,-121.1,0.0,-0.0,-14.4,-0.0,1687,657,0,70,111
1153,164.60,30906,377.27,376.37,-0.90,-141.6,-126.1,0.0,-0.0,-15.4,-0.0,1650,613,0,81,111
1154,164.69,30903,377.23,376.33,-0.90,-142.5,-126.1,0.0,-0.0,-16.4,-0.0,1612,568,0,89,106
1155,164.86,30895,377.14,376.26,-0.88,-137.5,-122.8,0.0,-0.0,-14.7,-0.0,1512,461,0,101,87
1156,165.03,30888,377.05,376.19,-0.85,-133.8,-119.3,0.0,-0.0,-14.5,-0.0,1425,370,0,109,70
1157,165.11,30885,377.01,376.16,-0.85,-134.8,-119.3,0.0,0.0,-15.5,-0.0,1387,327,0,114,63
1158,165.28,30870,376.83,376.09,-0.74,-119.5,-104.0,0.0,0.0,-15.5,-0.0,1200,122,0,114,22
1159,165.45,30856,376.66,376.02,-0.65,-105.1,-90.4,0.0,0.0,-14.8,-0.0,1025,4033,0,101,-10
1160,165.54,30850,376.59,375.98,-0.61,-101.5,-85.2,0.0,0.0,-16.2,-0.0,950,3951,0,96,-22
1161,165.71,30837,376.43,375.91,-0.51,-86.1,-71.6,0.0,0.0,-14.5,-0.0,787,3787,0,74,-38
1162,165.88,30822,376.25,375.84,-0.40,-71.8,-56.2,0.0,0.0,-15.5,-0.0,600,3590,0,50,-49
1163,165.97,30812,376.12,375.80,-0.32,-60.8,-44.3,0.0,0.0,-16.5,-0.0,475,3455,0,33,-49
1164,166.14,30796,375.93,375.73,-0.20,-42.1,-27.3,0.0,0.0,-14.8,-0.0,275,3262,0,12,-39
1165,166.32,30781,375.74,375.66,-0.09,-27.3,-11.9,0.0,0.0,-15.3,-0.0,87,3068,0,0,-26
1166,166.40,30772,375.63,375.62,-0.01,-18.0,-1.7,0.0,0.0,-16.3,-0.0,4071,2946,0,-3,-17
1167,166.57,30755,375.43,375.55,0.12,2.2,17.0,0.0,0.0,-14.9,-0.0,3858,690,0,1,2
1168,166.74,30740,375.24,375.48,0.23,16.5,32.4,0.0,0.0,-15.9,-0.0,3671,503,0,11,11
1169,166.83,30732,375.15,375.44,0.29,24.8,40.9,0.0,0.0,-16.1,-0.0,3571,401,0,20,14
1170,167.00,30714,374.93,375.37,0.45,47.7,63.1,0.0,0.0,-15.4,-0.0,3346,175,0,45,12
1171,167.16,30701,374.77,375.31,0.54,59.8,75.0,0.0,0.0,-15.2,-0.0,3183,21,0,58,2
1172,167.25,30692,374.66,375.27,0.61,68.3,85.2,0.0,0.0,-16.9,-0.0,3071,3993,0,65,-10
1173,167.42,30679,374.50,375.20,0.70,82.5,97.2,0.0,0.0,-14.7,-0.0,2908,3846,0,74,-30
1174,167.60,30666,374.34,375.12,0.78,92.6,109.1,0.0,0.0,-16.5,-0.0,2746,3683,0,72,-53
1175,167.69,30657,374.23,375.08,0.85,103.1,119.3,0.0,0.0,-16.2,-0.0,2633,3570,0,69,-72
1176,167.86,30647,374.11,375.01,0.90,110.4,126.1,0.0,0.0,-15.7,-0.0,2508,3453,0,59,-89
1177,168.03,30641,374.04,374.94,0.90,111.7,126.1,0.0,0.0,-14.5,-0.0,2433,3398,0,52,-95
1178,168.11,30636,373.97,374.91,0.93,113.6,129.5,0.0,0.0,-16.0,-0.0,2371,3330,0,42,-102
1179,168.29,30629,373.89,374.83,0.94,115.0,131.2,0.0,0.0,-16.3,-0.0,2283,3250,0,30,-107
1180,168.46,30623,373.82,374.76,0.95,117.2,133.0,0.0,0.0,-15.8,-0.0,2208,3191,0,21,-112
1181,168.55,30624,373.83,374.72,0.89,106.9,124.4,0.0,-0.0,-17.5,-0.0,2221,3207,0,21,-101
1182,168.72,30615,373.72,374.65,0.93,114.2,129.5,0.0,0.0,-15.3,-0.0,2108,3095,0,4,-111
1183,168.89,30612,373.68,374.58,0.89,108.1,124.4,0.0,-0.0,-16.3,-0.0,2071,3064,0,-1,-105
1184,168.98,30611,373.67,374.54,0.87,104.4,121.1,0.0,-0.0,-16.6,-0.0,2058,3054,0,-3,-101
1185,169.15,30612,373.68,374.47,0.79,95.2,110.8,0.0,-0.0,-15.6,-0.0,2071,3079,0,1,-92
1186,169.24,30611,373.67,374.43,0.76,88.6,105.7,0.0,-0.0,-17.1,-0.0,2058,3061,0,-1,-86
1187,169.41,30615,373.72,374.36,0.65,75.5,90.4,0.0,-0.0,-14.9,-0.0,2108,3132,0,7,-73
1188,169.57,30618,373.75,374.29,0.54,59.1,75.0,0.0,-0.0,-15.9,-0.0,2146,3179,0,9,-57
1189,169.74,30623,373.82,374.22,0.40,41.4,56.2,0.0,-0.0,-14.9,-0.0,2208,3249,0,11,-39
1190,169.83,30625,373.84,374.18,0.34,31.1,47.7,0.0,-0.0,-16.7,-0.0,2233,3278,0,9,-29
1191,170.00,30632,373.93,374.11,0.18,9.9,25.6,0.0,-0.0,-15.7,-0.0,2321,3375,0,4,-9
1192,170.17,30635,373.96,374.04,0.07,-5.2,10.2,0.0,-0.0,-15.4,-0.0,2358,1360,0,-2,4
1193,170.26,30638,374.00,374.00,0.00,-17.2,0.0,0.0,-0.0,-17.2,-0.0,2396,1404,0,-9,14
1194,170.43,30646,374.10,373.93,-0.17,-38.8,-23.9,0.0,-0.0,-15.0,-0.0,2496,1504,0,-25,28
1195,170.60,30648,374.12,373.85,-0.27,-53.8,-37.5,0.0,-0.0,-16.2,-0.0,2521,1525,0,-36,37
1196,170.69,30651,374.16,373.82,-0.34,-64.5,-47.7,0.0,-0.0,-16.8,-0.0,2558,1564,0,-46,42
1197,170.86,30656,374.22,373.74,-0.48,-81.5,-66.5,0.0,-0.0,-15.0,-0.0,2621,1626,0,-63,48
1198,171.03,30662,374.29,373.67,-0.62,-101.9,-86.9,0.0,-0.0,-15.0,-0.0,2696,1699,0,-85,50
1199,171.12,30663,374.30,373.63,-0.67,-110.3,-93.8,0.0,-0.0,-16.5,-0.0,2708,1710,0,-93,53
1200,171.29,30664,374.32,373.56,-0.76,-121.0,-105.7,0.0,-0.0,-15.3,-0.0,2721,1720,0,-103,57
1201,171.45,30664,374.32,373.49,-0.83,-131.0,-115.9,0.0,-0.0,-15.0,-0.0,2721,1713,0,-110,62
1202,171.55,30664,374.32,373.45,-0.87,-138.6,-121.1,0.0,-0.0,-17.6,-0.0,2721,1710,0,-117,67
1203,171.72,30660,374.27,373.38,-0.89,-139.5,-124.4,0.0,-0.0,-15.1,-0.0,2671,1644,0,-110,78
1204,171.89,30655,374.21,373.30,-0.90,-142.2,-126.1,0.0,-0.0,-16.1,-0.0,2608,1570,0,-102,92
1205,171.98,30651,374.16,373.26,-0.89,-141.1,-124.4,0.0,-0.0,-16.6,-0.0,2558,1514,0,-93,100
1206,172.14,30645,374.08,373.19,-0.89,-139.8,-124.4,0.0,-0.0,-15.4,-0.0,2483,1432,0,-79,110
1207,172.32,30642,374.05,373.12,-0.93,-145.5,-129.5,0.0,-0.0,-15.9,-0.0,2446,1392,0,-75,119
1208,172.40,30638,374.00,373.08,-0.92,-144.5,-127.9,0.0,-0.0,-16.7,-0.0,2396,1338,0,-65,124
1209,172.57,30623,373.82,373.01,-0.81,-127.9,-112.5,0.0,0.0,-15.4,-0.0,2208,1138,0,-22,122
1210,172.74,30612,373.68,372.94,-0.74,-120.4,-104.0,0.0,0.0,-16.4,-0.0,2071,993,0,6,117
1211,172.83,30606,373.61,372.90,-0.71,-115.6,-98.9,0.0,0.0,-16.7,-0.0,1996,912,0,19,110
1212,172.99,30595,373.47,372.83,-0.65,-106.3,-90.4,0.0,0.0,-15.9,-0.0,1858,764,0,40,95
1213,173.16,30580,373.29,372.76,-0.54,-90.7,-75.0,0.0,0.0,-15.7,-0.0,1671,572,0,56,68
1214,173.25,30570,373.17,372.72,-0.45,-80.9,-63.1,0.0,0.0,-17.8,-0.0,1546,435,0,62,48
1215,173.42,30556,373.00,372.64,-0.35,-65.4,-49.4,0.0,0.0,-16.0,-0.0,1371,264,0,58,25
1216,173.59,30540,372.80,372.57,-0.23,-47.9,-32.4,0.0,0.0,-15.5,-0.0,1171,61,0,46,4
1217,173.67,30529,372.67,372.53,-0.13,-35.5,-18.8,0.0,0.0,-16.8,-0.0,1033,4003,0,34,-5
1218,173.84,30513,372.47,372.46,-0.01,-17.5,-1.7,0.0,0.0,-15.8,-0.0,833,3808,0,15,-7
1219,174.01,30495,372.25,372.38,0.13,2.5,18.8,0.0,0.0,-16.3,-0.0,608,1529,0,-2,2
1220,174.10,30486,372.14,372.34,0.20,9.9,27.3,0.0,0.0,-17.3,-0.0,496,1409,0,-5,8
1221,174.28,30471,371.96,372.27,0.31,25.5,42.6,0.0,0.0,-17.1,-0.0,308,1225,0,-8,24
1222,174.45,30454,371.75,372.19,0.44,45.0,61.4,0.0,0.0,-16.3,-0.0,96,1022,0,0,44
1223,174.54,30442,371.61,372.15,0.55,58.6,76.7,0.0,0.0,-18.2,-0.0,4042,855,0,15,55
1224,174.71,30428,371.44,372.08,0.65,74.8,90.4,0.0,0.0,-15.6,-0.0,3867,701,0,34,64
1225,174.89,30417,371.30,372.00,0.70,80.2,97.2,0.0,0.0,-16.9,-0.0,3729,565,0,50,59
1226,174.97,30409,371.20,371.96,0.76,88.5,105.7,0.0,0.0,-17.2,-0.0,3629,461,0,65,56
1227,175.14,30393,371.01,371.89,0.88,106.6,122.8,0.0,0.0,-16.1,-0.0,3429,268,0,95,41
1228,175.23,30387,370.94,371.85,0.92,110.1,127.9,0.0,0.0,-17.7,-0.0,3354,194,0,102,31
1229,175.40,30381,370.86,371.78,0.92,112.2,127.9,0.0,0.0,-15.6,-0.0,3279,140,0,106,23
1230,175.56,30371,370.74,371.71,0.96,119.0,134.6,0.0,0.0,-15.7,-0.0,3154,16,0,115,3
1231,175.73,30365,370.67,371.63,0.96,119.2,134.6,0.0,0.0,-15.4,-0.0,3079,4052,0,115,-8
1232,175.82,30361,370.62,371.59,0.98,119.1,136.4,0.0,0.0,-17.2,-0.0,3029,4002,0,114,-17
1233,175.99,30353,370.52,371.52,1.00,123.6,139.8,0.0,0.0,-16.2,-0.0,2929,3907,0,115,-34
1234,176.16,30352,370.51,371.44,0.94,115.0,131.2,0.0,0.0,-16.2,-0.0,2917,3902,0,107,-33
1235,176.25,30350,370.48,371.41,0.93,113.3,129.5,0.0,-0.0,-16.2,-0.0,2892,3885,0,104,-35
1236,176.41,30352,370.51,371.33,0.82,98.5,114.2,0.0,-0.0,-15.7,-0.0,2917,3922,0,92,-25
1237,176.59,30348,370.46,371.25,0.79,94.5,110.8,0.0,-0.0,-16.3,-0.0,2867,3879,0,87,-30
1238,176.68,30350,370.48,371.21,0.73,84.4,102.3,0.0,-0.0,-17.9,-0.0,2892,3911,0,79,-23
1239,176.85,30350,370.48,371.14,0.66,76.6,92.1,0.0,-0.0,-15.5,-0.0,2892,3913,0,71,-21
1240,177.02,30353,370.52,371.07,0.55,61.4,76.7,0.0,-0.0,-15.3,-0.0,2929,3957,0,58,-13
1241,177.11,30355,370.54,371.03,0.48,49.1,66.5,0.0,-0.0,-17.4,-0.0,2954,3983,0,47,-8
1242,177.28,30359,370.59,370.95,0.35,33.9,49.4,0.0,-0.0,-15.5,-0.0,3004,4043,0,33,-3
1243,177.44,30362,370.63,370.88,0.24,18.5,34.1,0.0,-0.0,-15.6,-0.0,3042,4082,0,18,0
1244,177.54,30365,370.67,370.84,0.17,5.7,23.9,0.0,-0.0,-18.2,-0.0,3079,31,0,5,0
1245,177.71,30370,370.73,370.76,0.04,-10.2,5.1,0.0,-0.0,-15.3,-0.0,3142,2141,0,-10,-1
1246,177.88,30378,370.83,370.68,-0.15,-37.1,-20.5,0.0,-0.0,-16.7,-0.0,3242,2251,0,-34,-11
1247,177.96,30381,370.86,370.64,-0.22,-47.9,-30.7,0.0,-0.0,-17.2,-0.0,3279,2289,0,-43,-17
1248,178.13,30386,370.92,370.57,-0.35,-66.1,-49.4,0.0,-0.0,-16.7,-0.0,3342,2353,0,-57,-29
1249,178.30,30393,371.01,370.49,-0.51,-88.1,-71.6,0.0,-0.0,-16.4,-0.0,3429,2442,0,-70,-48
1250,178.39,30394,371.02,370.46,-0.56,-95.6,-78.4,0.0,-0.0,-17.2,-0.0,3442,2455,0,-75,-54
1251,178.55,30396,371.04,370.38,-0.66,-107.7,-92.1,0.0,-0.0,-15.7,-0.0,3467,2469,0,-83,-63
1252,178.73,30397,371.06,370.30,-0.76,-122.4,-105.7,0.0,-0.0,-16.7,-0.0,3479,2478,0,-94,-73
1253,178.81,30397,371.06,370.27,-0.79,-128.1,-110.8,0.0,-0.0,-17.3,-0.0,3479,2472,0,-99,-75
1254,178.98,30400,371.09,370.19,-0.90,-142.6,-126.1,0.0,-0.0,-16.5,-0.0,3517,2503,0,-106,-89
1255,179.15,30397,371.06,370.12,-0.94,-147.5,-131.2,0.0,-0.0,-16.2,-0.0,3479,2458,0,-116,-84
1256,179.24,30396,371.04,370.08,-0.96,-153.0,-134.6,0.0,-0.0,-18.4,-0.0,3467,2443,0,-122,-84
1257,179.40,30389,370.96,370.00,-0.95,-148.8,-133.0,0.0,-0.0,-15.7,-0.0,3379,2344,0,-129,-63
1258,179.58,30383,370.89,369.92,-0.96,-152.2,-134.6,0.0,-0.0,-17.6,-0.0,3304,2258,0,-140,-47
1259,179.66,30378,370.83,369.88,-0.94,-148.6,-131.2,0.0,-0.0,-17.4,-0.0,3242,2184,0,-141,-30
1260,179.84,30370,370.73,369.81,-0.92,-144.8,-127.9,0.0,0.0,-16.8,-0.0,3142,2078,0,-140,-6
1261,180.00,30363,370.64,369.73,-0.90,-141.6,-126.1,0.0,0.0,-15.5,-0.0,3054,1990,0,-137,12
1262,180.09,30357,370.57,369.69,-0.88,-139.9,-122.8,0.0,0.0,-17.1,-0.0,2979,1906,0,-132,29
1263,180.26,30346,370.43,369.62,-0.82,-131.6,-114.2,0.0,0.0,-17.4,-0.0,2842,1760,0,-115,55
1264,180.43,30334,370.29,369.54,-0.74,-121.1,-104.0,0.0,0.0,-17.2,-0.0,2692,1608,0,-92,73
1265,180.52,30325,370.18,369.50,-0.68,-114.2,-95.4,0.0,0.0,-18.8,-0.0,2579,1480,0,-71,85
1266,180.69,30308,369.97,369.42,-0.55,-93.1,-76.7,0.0,0.0,-16.4,-0.0,2367,1264,0,-32,84
1267,180.86,30294,369.80,369.35,-0.45,-79.8,-63.1,0.0,0.0,-16.7,-0.0,2192,1085,0,-7,77
1268,180.95,30285,369.69,369.30,-0.39,-72.6,-54.6,0.0,0.0,-18.0,-0.0,2079,959,0,7,70
1269,181.12,30266,369.46,369.23,-0.23,-49.1,-32.4,0.0,0.0,-16.7,-0.0,1842,718,0,22,42
1270,181.29,30250,369.26,369.15,-0.11,-31.5,-15.3,0.0,0.0,-16.2,-0.0,1642,524,0,21,22
1271,181.37,30241,369.15,369.11,-0.04,-22.4,-5.1,0.0,0.0,-17.2,-0.0,1529,402,0,18,13
1272,181.54,30224,368.95,369.04,0.09,-5.1,11.9,0.0,0.0,-17.0,-0.0,1317,188,0,5,1
1273,181.71,30205,368.71,368.96,0.24,18.2,34.1,0.0,0.0,-15.9,-0.0,1079,2002,0,-18,1
1274,181.80,30199,368.64,368.92,0.28,21.6,39.2,0.0,0.0,-17.6,-0.0,1004,1924,0,-21,4
1275,181.97,30180,368.41,368.84,0.44,45.1,61.4,0.0,0.0,-16.2,-0.0,767,1691,0,-37,23
1276,182.14,30162,368.19,368.77,0.57,63.3,80.1,0.0,0.0,-16.8,-0.0,542,1462,0,-38,48
1277,182.23,30154,368.09,368.72,0.63,69.7,88.6,0.0,0.0,-19.0,-0.0,442,1350,0,-32,59
1278,182.40,30140,367.92,368.65,0.72,84.1,100.6,0.0,0.0,-16.5,-0.0,267,1197,0,-21,79
1279,182.57,30122,367.70,368.57,0.87,103.9,121.1,0.0,0.0,-17.1,-0.0,42,965,0,9,100
1280,182.66,30117,367.64,368.53,0.89,106.2,124.4,0.0,0.0,-18.2,-0.0,4075,903,0,19,101
1281,182.83,30108,367.53,368.45,0.93,113.5,129.5,0.0,0.0,-16.0,-0.0,3963,815,0,35,104
1282,183.00,30097,367.40,368.37,0.98,120.3,136.4,0.0,0.0,-16.0,-0.0,3825,681,0,59,101
1283,183.08,30091,367.32,368.33,1.01,123.5,141.5,0.0,0.0,-18.0,-0.0,3750,601,0,72,95
1284,183.26,30084,367.24,368.26,1.01,125.4,141.5,0.0,0.0,-16.1,-0.0,3663,538,0,82,89
1285,183.43,30076,367.14,368.18,1.04,128.0,144.9,0.0,0.0,-16.9,-0.0,3563,436,0,97,77
1286,183.52,30075,367.13,368.13,1.00,120.7,139.8,0.0,0.0,-19.1,-0.0,3550,424,0,93,71
1287,183.69,30072,367.09,368.06,0.96,118.3,134.6,0.0,-0.0,-16.4,-0.0,3513,406,0,93,67
1288,183.86,30069,367.05,367.98,0.93,112.3,129.5,0.0,-0.0,-17.2,-0.0,3475,376,0,91,59
1289,183.95,30067,367.03,367.93,0.90,107.8,126.1,0.0,-0.0,-18.3,-0.0,3450,351,0,90,54
1290,184.12,30067,367.03,367.86,0.83,99.5,115.9,0.0,-0.0,-16.4,-0.0,3450,365,0,82,51
1291,184.29,30067,367.03,367.78,0.76,88.7,105.7,0.0,-0.0,-17.0,-0.0,3450,366,0,73,46
1292,184.37,30067,367.03,367.74,0.71,81.1,98.9,0.0,-0.0,-17.8,-0.0,3450,370,0,66,42
1293,184.55,30072,367.09,367.66,0.57,62.8,80.1,0.0,-0.0,-17.3,-0.0,3513,445,0,47,38
1294,184.72,30075,367.13,367.58,0.45,46.3,63.1,0.0,-0.0,-16.8,-0.0,3550,490,0,33,31
1295,184.80,30078,367.16,367.54,0.38,35.2,52.8,0.0,-0.0,-17.6,-0.0,3588,533,0,23,25
1296,184.98,30087,367.27,367.46,0.20,11.0,27.3,0.0,-0.0,-16.2,-0.0,3700,656,0,6,9
1297,185.15,30092,367.33,367.38,0.05,-10.8,6.8,0.0,-0.0,-17.6,-0.0,3763,2772,0,-5,-9
1298,185.23,30095,367.37,367.34,-0.02,-21.0,-3.4,0.0,-0.0,-17.6,-0.0,3800,2811,0,-8,-19
1299,185.40,30100,367.43,367.27,-0.17,-40.1,-23.9,0.0,-0.0,-16.3,-0.0,3863,2874,0,-12,-37
1300,185.58,30104,367.48,367.19,-0.29,-59.1,-40.9,0.0,-0.0,-18.2,-0.0,3913,2924,0,-13,-56
1301,185.66,30106,367.50,367.15,-0.35,-67.1,-49.4,0.0,-0.0,-17.7,-0.0,3938,2943,0,-13,-64
1302,185.83,30114,367.60,367.07,-0.54,-92.4,-75.0,0.0,-0.0,-17.4,-0.0,4038,3047,0,-3,-89
1303,186.00,30116,367.63,366.99,-0.63,-104.9,-88.6,0.0,-0.0,-16.3,-0.0,4063,3065,0,-1,-102
1304,186.09,30120,367.68,366.95,-0.73,-120.8,-102.3,0.0,-0.0,-18.5,-0.0,17,3121,0,9,-117
1305,186.26,30124,367.72,366.87,-0.85,-136.8,-119.3,0.0,-0.0,-17.5,-0.0,67,3169,0,20,-131
1306,186.43,30124,367.72,366.79,-0.94,-148.5,-131.2,0.0,-0.0,-17.2,-0.0,67,3160,0,19,-143
1307,186.52,30122,367.70,366.74,-0.95,-152.4,-133.0,0.0,-0.0,-19.4,-0.0,42,3127,0,12,-147
1308,186.69,30120,367.68,366.67,-1.01,-158.1,-141.5,0.0,-0.0,-16.7,-0.0,17,3095,0,5,-153
1309,186.86,30116,367.63,366.59,-1.04,-161.2,-144.9,0.0,-0.0,-16.4,-0.0,4063,3029,0,-10,-156
1310,186.95,30112,367.58,366.55,-1.04,-163.2,-144.9,0.0,-0.0,-18.3,-0.0,4013,2970,0,-25,-156
1311,187.12,30107,367.52,366.47,-1.05,-163.9,-146.6,0.0,-0.0,-17.2,-0.0,3950,2901,0,-41,-153
1312,187.29,30099,367.42,366.39,-1.04,-161.6,-144.9,0.0,-0.0,-16.7,-0.0,3850,2793,0,-65,-142
1313,187.37,30095,367.37,366.35,-1.03,-161.0,-143.2,0.0,-0.0,-17.8,-0.0,3800,2738,0,-76,-136
1314,187.55,30084,367.24,366.26,-0.98,-155.6,-136.4,0.0,0.0,-19.2,-0.0,3663,2587,0,-102,-111
1315,187.72,30074,367.11,366.19,-0.93,-146.6,-129.5,0.0,0.0,-17.0,-0.0,3538,2462,0,-114,-84
1316,187.81,30066,367.02,366.14,-0.88,-141.8,-122.8,0.0,0.0,-19.0,-0.0,3438,2348,0,-123,-61
1317,187.98,30051,366.83,366.06,-0.77,-124.8,-107.4,0.0,0.0,-17.3,-0.0,3250,2156,0,-119,-20
1318,188.14,30036,366.65,365.99,-0.66,-108.8,-92.1,0.0,0.0,-16.8,-0.0,3063,1963,0,-105,14
1319,188.23,30026,366.53,365.94,-0.59,-100.6,-81.8,0.0,0.0,-18.8,-0.0,2938,1821,0,-92,33
1320,188.40,30009,366.32,365.87,-0.45,-79.6,-63.1,0.0,0.0,-16.5,-0.0,2725,1609,0,-60,48
1321,188.57,29991,366.10,365.79,-0.32,-62.0,-44.3,0.0,0.0,-17.7,-0.0,2500,1373,0,-31,52
1322,188.66,29983,366.00,365.74,-0.26,-54.9,-35.8,0.0,0.0,-19.1,-0.0,2400,1266,0,-19,50
1323,188.83,29965,365.78,365.66,-0.12,-35.3,-17.0,0.0,0.0,-18.2,-0.0,2175,1042,0,-1,34
1324,189.00,29948,365.58,365.58,0.00,-16.6,0.0,0.0,0.0,-16.6,-0.0,1963,843,0,4,15
1325,189.09,29939,365.47,365.54,0.07,-8.3,10.2,0.0,0.0,-18.5,-0.0,1850,717,0,4,7
1326,189.26,29922,365.26,365.46,0.20,10.1,27.3,0.0,0.0,-17.2,-0.0,1638,2563,0,-7,-7
1327,189.43,29901,365.00,365.38,0.38,35.4,52.8,0.0,0.0,-17.5,-0.0,1375,2291,0,-32,-12
1328,189.52,29892,364.89,365.34,0.44,43.1,61.4,0.0,0.0,-18.3,-0.0,1263,2174,0,-41,-8
1329,189.69,29875,364.69,365.26,0.57,63.5,80.1,0.0,0.0,-16.6,-0.0,1050,1972,0,-61,7
1330,189.86,29858,364.48,365.18,0.70,79.4,97.2,0.0,0.0,-17.8,-0.0,838,1753,0,-69,34
1331,189.95,29850,364.38,365.13,0.76,87.3,105.7,0.0,0.0,-18.4,-0.0,738,1650,0,-69,49
1332,190.11,29838,364.23,365.06,0.82,97.2,114.2,0.0,0.0,-17.0,-0.0,588,1522,0,-65,68
1333,190.28,29821,364.03,364.97,0.95,116.2,133.0,0.0,0.0,-16.7,-0.0,375,1311,0,-48,102
1334,190.37,29816,363.96,364.93,0.96,115.7,134.6,0.0,0.0,-19.0,-0.0,313,1243,0,-37,106
1335,190.55,29804,363.82,364.85,1.03,125.6,143.2,0.0,0.0,-17.6,-0.0,163,1108,0,-16,121
1336,190.71,29796,363.72,364.77,1.05,129.9,146.6,0.0,0.0,-16.7,-0.0,63,1021,0,1,126
1337,190.81,29792,363.67,364.73,1.05,127.9,146.6,0.0,0.0,-18.7,-0.0,13,966,0,11,123
1338,190.98,29787,363.61,364.64,1.04,128.1,144.9,0.0,0.0,-16.8,-0.0,4046,927,0,18,123
1339,191.15,29777,363.49,364.56,1.07,132.1,150.0,0.0,0.0,-17.9,-0.0,3921,798,0,43,120
1340,191.23,29775,363.46,364.52,1.05,128.4,146.6,0.0,0.0,-18.2,-0.0,3896,780,0,45,116
1341,191.41,29777,363.49,364.44,0.95,115.1,133.0,0.0,-0.0,-17.9,-0.0,3921,821,0,34,106
1342,191.57,29777,363.49,364.36,0.87,103.4,121.1,0.0,-0.0,-17.7,-0.0,3921,833,0,29,96
1343,191.66,29776,363.48,364.32,0.84,99.7,117.6,0.0,-0.0,-18.0,-0.0,3909,820,0,30,92
1344,191.83,29775,363.46,364.23,0.77,89.1,107.4,0.0,-0.0,-18.2,-0.0,3896,821,0,26,82
1345,192.00,29780,363.53,364.15,0.62,70.1,86.9,0.0,-0.0,-16.8,-0.0,3959,893,0,14,67
1346,192.09,29780,363.53,364.11,0.59,62.7,81.8,0.0,-0.0,-19.1,-0.0,3959,892,0,12,59
1347,192.26,29781,363.54,364.03,0.49,50.5,68.2,0.0,-0.0,-17.7,-0.0,3971,905,0,9,48
1348,192.43,29787,363.61,363.95,0.34,30.3,47.7,0.0,-0.0,-17.5,-0.0,4046,992,0,1,29
1349,192.52,29790,363.65,363.90,0.26,16.0,35.8,0.0,-0.0,-19.8,-0.0,4084,1037,0,0,16
1350,192.69,29796,363.72,363.82,0.10,-3.6,13.6,0.0,-0.0,-17.2,-0.0,63,3158,0,0,-3
1351,192.86,29801,363.78,363.74,-0.05,-25.8,-6.8,0.0,-0.0,-18.9,-0.0,125,3228,0,6,-24
1352,192.95,29803,363.81,363.70,-0.11,-33.7,-15.3,0.0,-0.0,-18.4,-0.0,150,3255,0,9,-31
1353,193.12,29809,363.88,363.61,-0.27,-55.9,-37.5,0.0,-0.0,-18.4,-0.0,225,3330,0,21,-50
1354,193.21,29812,363.92,363.57,-0.34,-66.4,-47.7,0.0,-0.0,-18.7,-0.0,263,3369,0,28,-58
1355,193.37,29817,363.98,363.49,-0.49,-85.1,-68.2,0.0,-0.0,-17.0,-0.0,325,3426,0,43,-71
1356,193.55,29818,363.99,363.40,-0.59,-99.9,-81.8,0.0,-0.0,-18.1,-0.0,338,3435,0,51,-82
1357,193.64,29819,364.00,363.36,-0.63,-106.8,-88.6,0.0,-0.0,-18.1,-0.0,350,3446,0,56,-87
1358,193.81,29822,364.04,363.28,-0.76,-123.9,-105.7,0.0,-0.0,-18.2,-0.0,388,3479,0,70,-97
1359,193.98,29825,364.07,363.20,-0.88,-140.0,-122.8,0.0,-0.0,-17.3,-0.0,425,3513,0,85,-106
1360,194.07,29825,364.07,363.15,-0.92,-147.5,-127.9,0.0,-0.0,-19.6,-0.0,425,3510,0,89,-112
1361,194.24,29822,364.04,363.07,-0.96,-152.6,-134.6,0.0,-0.0,-17.9,-0.0,388,3466,0,84,-122
1362,194.40,29817,363.98,362.99,-0.99,-156.0,-138.1,0.0,-0.0,-17.9,-0.0,325,3387,0,70,-134
1363,194.57,29814,363.94,362.91,-1.03,-161.4,-143.2,0.0,-0.0,-18.2,-0.0,288,3348,0,64,-143
1364,194.66,29809,363.88,362.87,-1.01,-161.1,-141.5,0.0,-0.0,-19.7,-0.0,225,3271,0,47,-149
1365,194.84,29798,363.75,362.78,-0.96,-153.5,-134.6,0.0,-0.0,-18.8,-0.0,88,3123,0,12,-148
1366,194.92,29796,363.72,362.74,-0.98,-154.9,-136.4,0.0,-0.0,-18.5,-0.0,63,3095,0,5,-150
1367,195.09,29787,363.61,362.66,-0.95,-151.2,-133.0,0.0,0.0,-18.3,-0.0,4046,2977,0,-21,-145
1368,195.26,29776,363.48,362.57,-0.90,-143.2,-126.1,0.0,0.0,-17.1,-0.0,3909,2832,0,-50,-129
1369,195.35,29768,363.38,362.53,-0.85,-138.8,-119.3,0.0,0.0,-19.5,-0.0,3809,2720,0,-69,-115
1370,195.53,29753,363.20,362.44,-0.76,-125.8,-105.7,0.0,0.0,-20.1,-0.0,3621,2524,0,-91,-81
1371,195.70,29737,363.00,362.36,-0.63,-106.4,-88.6,0.0,0.0,-17.8,-0.0,3421,2317,0,-94,-41
1372,195.79,29730,362.92,362.32,-0.60,-103.3,-83.5,0.0,0.0,-19.8,-0.0,3334,2219,0,-97,-26
1373,195.95,29712,362.70,362.24,-0.46,-82.2,-64.8,0.0,0.0,-17.5,-0.0,3109,1995,0,-79,6
1374,196.12,29694,362.48,362.15,-0.32,-62.4,-44.3,0.0,0.0,-18.1,-0.0,2884,1758,0,-55,26
1375,196.21,29684,362.35,362.11,-0.24,-54.5,-34.1,0.0,0.0,-20.4,-0.0,2759,1620,0,-42,32
1376,196.38,29668,362.16,362.02,-0.13,-36.6,-18.8,0.0,0.0,-17.8,-0.0,2559,1435,0,-21,29
1377,196.56,29648,361.91,361.94,0.02,-15.0,3.4,0.0,0.0,-18.4,-0.0,2309,1177,0,-3,14
1378,196.65,29639,361.80,361.89,0.09,-7.1,11.9,0.0,0.0,-19.0,-0.0,2196,1061,0,0,7
1379,196.81,29624,361.62,361.81,0.20,10.3,27.3,0.0,0.0,-17.0,-0.0,2009,2937,0,-2,-10
1380,196.98,29608,361.43,361.73,0.31,25.3,42.6,0.0,0.0,-17.3,-0.0,1809,2735,0,-12,-21
1381,197.06,29598,361.30,361.69,0.39,36.4,54.6,0.0,0.0,-18.2,-0.0,1684,2604,0,-23,-27
1382,197.23,29581,361.10,361.61,0.51,53.1,71.6,0.0,0.0,-18.5,-0.0,1471,2392,0,-44,-26
1383,197.40,29564,360.89,361.52,0.63,70.1,88.6,0.0,0.0,-18.5,-0.0,1259,2177,0,-67,-13
1384,197.49,29554,360.77,361.48,0.71,79.2,98.9,0.0,0.0,-19.7,-0.0,1134,2046,0,-77,0
1385,197.66,29540,360.60,361.40,0.81,95.2,112.5,0.0,0.0,-17.3,-0.0,959,1887,0,-89,23
1386,197.83,29526,360.42,361.31,0.89,105.3,124.4,0.0,0.0,-19.1,-0.0,784,1711,0,-89,50
1387,197.92,29521,360.36,361.27,0.90,106.4,126.1,0.0,0.0,-19.7,-0.0,721,1650,0,-84,59
1388,198.09,29508,360.21,361.18,0.98,118.4,136.4,0.0,0.0,-18.0,-0.0,559,1502,0,-77,85
1389,198.26,29495,360.05,361.10,1.05,128.6,146.6,0.0,0.0,-18.0,-0.0,396,1345,0,-59,110
1390,198.35,29492,360.01,361.05,1.04,125.4,144.9,0.0,0.0,-19.5,-0.0,359,1309,0,-51,110
1391,198.53,29485,359.92,360.97,1.04,125.7,144.9,0.0,0.0,-19.2,-0.0,271,1233,0,-38,116
1392,198.69,29477,359.83,360.88,1.06,130.9,148.2,0.0,0.0,-17.4,-0.0,171,1143,0,-23,125
1393,198.78,29474,359.79,360.84,1.05,126.8,146.6,0.0,0.0,-19.8,-0.0,134,1105,0,-15,122
1394,198.95,29474,359.79,360.76,0.96,117.2,134.6,0.0,-0.0,-17.5,-0.0,134,1129,0,-18,112
1395,199.13,29473,359.78,360.67,0.89,105.5,124.4,0.0,-0.0,-19.0,-0.0,121,1119,0,-15,101
1396,199.21,29473,359.78,360.63,0.84,98.7,117.6,0.0,-0.0,-19.0,-0.0,121,1127,0,-15,94
1397,199.38,29474,359.79,360.54,0.76,87.3,105.7,0.0,-0.0,-18.4,-0.0,134,1154,0,-17,83
1398,199.55,29480,359.86,360.46,0.60,64.8,83.5,0.0,-0.0,-18.7,-0.0,209,1242,0,-21,59
1399,199.63,29478,359.84,360.41,0.57,61.1,80.1,0.0,-0.0,-19.0,-0.0,184,1214,0,-17,57
1400,199.81,29479,359.85,360.33,0.48,47.5,66.5,0.0,-0.0,-19.0,-0.0,196,1229,0,-14,44
1401,199.98,29483,359.90,360.25,0.34,29.9,47.7,0.0,-0.0,-17.8,-0.0,246,1284,0,-11,27
1402,200.07,29487,359.95,360.20,0.24,13.3,34.1,0.0,-0.0,-20.8,-0.0,296,1342,0,-6,11
1403,200.24,29491,360.00,360.11,0.11,-2.8,15.3,0.0,-0.0,-18.1,-0.0,346,3434,0,1,-2
1404,200.41,29496,360.06,360.03,-0.04,-23.8,-5.1,0.0,-0.0,-18.7,-0.0,409,3506,0,14,-18
1405,200.51,29498,360.08,359.98,-0.11,-36.2,-15.3,0.0,-0.0,-20.8,-0.0,434,3537,0,23,-26
1406,200.68,29504,360.16,359.89,-0.26,-54.2,-35.8,0.0,-0.0,-18.4,-0.0,509,3611,0,39,-36
1407,200.85,29505,360.17,359.81,-0.37,-70.4,-51.2,0.0,-0.0,-19.3,-0.0,521,3618,0,51,-46
1408,200.93,29509,360.22,359.77,-0.45,-82.1,-63.1,0.0,-0.0,-19.0,-0.0,571,3670,0,63,-48
1409,201.11,29513,360.27,359.68,-0.59,-100.6,-81.8,0.0,-0.0,-18.7,-0.0,621,3718,0,81,-53
1410,201.27,29516,360.30,359.59,-0.71,-116.7,-98.9,0.0,-0.0,-17.8,-0.0,659,3752,0,98,-57
1411,201.36,29515,360.29,359.55,-0.74,-123.0,-104.0,0.0,-0.0,-19.0,-0.0,646,3735,0,101,-63
1412,201.54,29517,360.31,359.46,-0.85,-138.4,-119.3,0.0,-0.0,-19.0,-0.0,671,3761,0,117,-66
1413,201.70,29513,360.27,359.38,-0.89,-142.6,-124.4,0.0,-0.0,-18.1,-0.0,621,3693,0,113,-80
1414,201.79,29513,360.27,359.33,-0.93,-150.1,-129.5,0.0,-0.0,-20.5,-0.0,621,3693,0,118,-84
1415,201.96,29510,360.23,359.25,-0.98,-154.5,-136.4,0.0,-0.0,-18.1,-0.0,584,3647,0,116,-95
1416,202.13,29506,360.18,359.17,-1.01,-159.0,-141.5,0.0,-0.0,-17.5,-0.0,534,3590,0,110,-108
1417,202.22,29502,360.13,359.12,-1.01,-161.8,-141.5,0.0,-0.0,-20.2,-0.0,484,3532,0,102,-119
1418,202.38,29495,360.05,359.04,-1.00,-157.9,-139.8,0.0,-0.0,-18.1,-0.0,396,3442,0,82,-129
1419,202.56,29487,359.95,358.95,-1.00,-158.9,-139.8,0.0,-0.0,-19.0,-0.0,296,3331,0,60,-142
1420,202.65,29478,359.84,358.91,-0.93,-148.9,-129.5,0.0,0.0,-19.3,-0.0,184,3207,0,30,-141
1421,202.82,29463,359.66,358.82,-0.83,-135.5,-115.9,0.0,0.0,-19.6,-0.0,4092,3002,0,-14,-131
1422,202.99,29449,359.48,358.74,-0.74,-122.4,-104.0,0.0,0.0,-18.4,-0.0,3917,2821,0,-45,-110
1423,203.08,29443,359.41,358.69,-0.72,-121.1,-100.6,0.0,0.0,-20.5,-0.0,3842,2734,0,-58,-102
1424,203.25,29427,359.22,358.61,-0.61,-103.7,-85.2,0.0,0.0,-18.4,-0.0,3642,2530,0,-74,-68
1425,203.34,29418,359.11,358.56,-0.54,-94.1,-75.0,0.0,0.0,-19.0,-0.0,3530,2415,0,-77,-49
1426,203.52,29400,358.89,358.47,-0.42,-78.2,-58.0,0.0,0.0,-20.2,-0.0,3305,2181,0,-74,-15
1427,203.68,29384,358.69,358.39,-0.31,-61.1,-42.6,0.0,0.0,-18.4,-0.0,3105,1987,0,-59,6
1428,203.78,29374,358.57,358.34,-0.22,-50.9,-30.7,0.0,0.0,-20.2,-0.0,2980,1846,0,-47,15
1429,203.94,29356,358.35,358.26,-0.09,-29.8,-11.9,0.0,0.0,-17.8,-0.0,2755,1631,0,-23,17
1430,204.11,29339,358.14,358.18,0.04,-13.3,5.1,0.0,0.0,-18.4,-0.0,2542,1413,0,-7,11
1431,204.20,29329,358.02,358.13,0.11,-4.9,15.3,0.0,0.0,-20.2,-0.0,2417,1278,0,-2,4
1432,204.37,29313,357.82,358.05,0.22,12.2,30.7,0.0,0.0,-18.4,-0.0,2217,3136,0,1,-12
1433,204.55,29294,357.59,357.96,0.37,31.8,51.2,0.0,0.0,-19.3,-0.0,1980,2897,0,-8,-30
1434,204.63,29286,357.50,357.92,0.42,38.3,58.0,0.0,0.0,-19.6,-0.0,1880,2795,0,-15,-34
1435,204.80,29271,357.31,357.83,0.51,53.5,71.6,0.0,0.0,-18.1,-0.0,1692,2618,0,-33,-40
1436,204.97,29254,357.10,357.75,0.65,72.8,90.4,0.0,0.0,-17.5,-0.0,1480,2409,0,-60,-37
1437,205.05,29247,357.02,357.71,0.68,77.1,95.4,0.0,0.0,-18.4,-0.0,1392,2318,0,-68,-30
1438,205.22,29231,356.82,357.62,0.79,91.8,110.8,0.0,0.0,-19.0,-0.0,1192,2119,0,-88,-10
1439,205.39,29222,356.71,357.54,0.83,98.4,115.9,0.0,0.0,-17.5,-0.0,1080,2023,0,-95,4
1440,205.55,29211,356.58,357.45,0.88,105.2,122.8,0.0,0.0,-17.5,-0.0,942,1893,0,-99,24
1441,205.64,29205,356.51,357.41,0.90,107.1,126.1,0.0,0.0,-19.0,-0.0,867,1815,0,-97,36
1442,205.81,29196,356.40,357.33,0.93,110.6,129.5,0.0,0.0,-19.0,-0.0,755,1711,0,-93,53
1443,205.99,29187,356.29,357.24,0.95,114.6,133.0,0.0,0.0,-18.4,-0.0,642,1611,0,-87,69
1444,206.08,29185,356.26,357.20,0.93,110.6,129.5,0.0,0.0,-19.0,-0.0,617,1585,0,-81,70
1445,206.25,29178,356.18,357.11,0.93,111.4,129.5,0.0,0.0,-18.1,-0.0,530,1507,0,-73,80
1446,206.33,29175,356.14,357.06,0.93,109.9,129.5,0.0,0.0,-19.6,-0.0,492,1470,0,-67,83
1447,206.51,29173,356.12,356.98,0.85,100.0,119.3,0.0,-0.0,-19.3,-0.0,467,1456,0,-60,76
1448,206.68,29169,356.07,356.89,0.83,97.8,115.9,0.0,-0.0,-18.1,-0.0,417,1415,0,-53,78
1449,206.77,29169,356.07,356.85,0.78,89.2,109.1,0.0,-0.0,-19.9,-0.0,417,1416,0,-49,71
1450,206.94,29170,356.08,356.76,0.68,77.9,95.4,0.0,-0.0,-17.5,-0.0,430,1443,0,-45,60
1451,207.11,29172,356.10,356.68,0.57,61.4,80.1,0.0,-0.0,-18.7,-0.0,455,1475,0,-38,46
1452,207.20,29170,356.08,356.63,0.55,57.4,76.7,0.0,-0.0,-19.3,-0.0,430,1449,0,-34,44
1453,207.36,29172,356.10,356.55,0.45,45.5,63.1,0.0,-0.0,-17.5,-0.0,455,1483,0,-29,34
1454,207.53,29174,356.13,356.46,0.34,28.4,47.7,0.0,-0.0,-19.3,-0.0,480,1512,0,-19,20
1455,207.62,29176,356.15,356.42,0.27,18.5,37.5,0.0,-0.0,-19.0,-0.0,505,1538,0,-13,13
1456,207.79,29179,356.19,356.33,0.15,1.1,20.5,0.0,-0.0,-19.3,-0.0,542,1577,0,-1,1
1457,207.96,29185,356.26,356.25,-0.01,-19.5,-1.7,0.0,-0.0,-17.8,-0.0,617,3709,0,16,-11
1458,208.05,29188,356.30,356.21,-0.09,-31.0,-11.9,0.0,-0.0,-19.0,-0.0,655,3751,0,26,-15
1459,208.22,29191,356.34,356.12,-0.22,-49.1,-30.7,0.0,-0.0,-18.4,-0.0,692,3789,0,42,-22
1460,208.39,29192,356.35,356.03,-0.32,-63.3,-44.3,0.0,-0.0,-19.0,-0.0,705,3800,0,55,-27
1461,208.49,29194,356.37,355.99,-0.39,-75.4,-54.6,0.0,-0.0,-20.8,-0.0,730,3827,0,67,-29
1462,208.66,29200,356.45,355.90,-0.55,-95.4,-76.7,0.0,-0.0,-18.7,-0.0,805,3899,0,88,-28
1463,208.84,29203,356.48,355.81,-0.67,-113.1,-93.8,0.0,-0.0,-19.3,-0.0,842,3935,0,106,-27
1464,208.92,29202,356.47,355.77,-0.70,-116.2,-97.2,0.0,-0.0,-19.0,-0.0,830,3918,0,108,-30
1465,209.09,29202,356.47,355.68,-0.78,-127.8,-109.1,0.0,-0.0,-18.7,-0.0,830,3917,0,119,-34
1466,209.26,29198,356.42,355.60,-0.82,-132.6,-114.2,0.0,-0.0,-18.4,-0.0,780,3852,0,120,-47
1467,209.35,29198,356.42,355.56,-0.87,-140.0,-121.1,0.0,-0.0,-19.0,-0.0,780,3849,0,126,-50
1468,209.52,29192,356.35,355.47,-0.88,-142.4,-122.8,0.0,-0.0,-19.6,-0.0,705,3760,0,120,-68
1469,209.69,29189,356.31,355.39,-0.93,-148.0,-129.5,0.0,-0.0,-18.4,-0.0,667,3720,0,120,-78
1470,209.78,29185,356.26,355.34,-0.92,-148.1,-127.9,0.0,-0.0,-20.2,-0.0,617,3662,0,113,-89
1471,209.95,29178,356.18,355.26,-0.92,-145.4,-127.9,0.0,-0.0,-17.5,-0.0,530,3574,0,98,-101
1472,210.11,29166,356.03,355.18,-0.85,-136.6,-119.3,0.0,0.0,-17.2,-0.0,380,3412,0,66,-115
1473,210.20,29161,355.97,355.13,-0.84,-137.9,-117.6,0.0,0.0,-20.2,-0.0,317,3338,0,53,-123
1474,210.37,29148,355.81,355.05,-0.77,-125.8,-107.4,0.0,0.0,-18.4,-0.0,155,3166,0,18,-121
1475,210.55,29135,355.65,354.96,-0.70,-116.2,-97.2,0.0,0.0,-19.0,-0.0,4088,2994,0,-13,-112
1476,210.64,29127,355.55,354.91,-0.63,-107.9,-88.6,0.0,0.0,-19.3,-0.0,3988,2886,0,-29,-100
1477,210.81,29111,355.36,354.83,-0.52,-92.6,-73.3,0.0,0.0,-19.3,-0.0,3788,2680,0,-51,-74
1478,210.97,29097,355.19,354.74,-0.44,-79.8,-61.4,0.0,0.0,-18.4,-0.0,3613,2505,0,-59,-50
1479,211.07,29085,355.04,354.70,-0.34,-67.9,-47.7,0.0,0.0,-20.2,-0.0,3463,2339,0,-59,-28
1480,211.24,29070,354.86,354.61,-0.24,-52.8,-34.1,0.0,0.0,-18.7,-0.0,3276,2155,0,-50,-8
1481,211.33,29061,354.75,354.57,-0.18,-45.5,-25.6,0.0,0.0,-19.9,-0.0,3163,2035,0,-44,1
1482,211.50,29043,354.53,354.48,-0.05,-25.5,-6.8,0.0,0.0,-18.7,-0.0,2938,1813,0,-23,9
1483,211.66,29028,354.35,354.40,0.06,-9.0,8.5,0.0,0.0,-17.5,-0.0,2751,1630,0,-7,5
1484,211.83,29008,354.10,354.31,0.21,10.0,29.0,0.0,0.0,-19.0,-0.0,2501,3420,0,5,-8
1485,211.92,28999,353.99,354.27,0.28,19.3,39.2,0.0,0.0,-19.9,-0.0,2388,3299,0,6,-18
1486,212.09,28981,353.77,354.19,0.42,39.5,58.0,0.0,0.0,-18.4,-0.0,2163,3084,0,1,-38
1487,212.26,28965,353.58,354.10,0.52,55.2,73.3,0.0,0.0,-18.1,-0.0,1963,2883,0,-15,-51
1488,212.35,28957,353.48,354.06,0.57,60.5,80.1,0.0,0.0,-19.6,-0.0,1863,2776,0,-26,-53
1489,212.53,28939,353.26,353.97,0.71,79.6,98.9,0.0,0.0,-19.3,-0.0,1638,2557,0,-55,-54
1490,212.61,28931,353.16,353.92,0.77,88.1,107.4,0.0,0.0,-19.3,-0.0,1538,2458,0,-69,-50
1491,212.78,28918,353.00,353.84,0.84,100.7,117.6,0.0,0.0,-17.0,-0.0,1376,2315,0,-89,-39
1492,212.94,28907,352.87,353.76,0.89,106.9,124.4,0.0,0.0,-17.5,-0.0,1238,2180,0,-101,-21
1493,213.11,28897,352.75,353.68,0.93,112.0,129.5,0.0,0.0,-17.5,-0.0,1113,2063,0,-108,-2
1494,213.20,28891,352.67,353.63,0.96,114.4,134.6,0.0,0.0,-20.2,-0.0,1038,1982,0,-110,11
1495,213.37,28882,352.56,353.55,0.99,119.4,138.1,0.0,0.0,-18.7,-0.0,926,1887,0,-112,28
1496,213.53,28878,352.51,353.46,0.95,113.6,133.0,0.0,0.0,-19.3,-0.0,876,1848,0,-105,33
1497,213.62,28875,352.48,353.42,0.94,112.6,131.2,0.0,0.0,-18.7,-0.0,838,1813,0,-102,38
1498,213.79,28868,352.39,353.34,0.94,112.2,131.2,0.0,0.0,-19.0,-0.0,751,1731,0,-96,51
1499,213.96,28866,352.37,353.25,0.88,104.9,122.8,0.0,-0.0,-17.8,-0.0,726,1720,0,-89,49
1500,214.05,28865,352.36,353.21,0.85,99.1,119.3,0.0,-0.0,-20.2,-0.0,713,1709,0,-83,48
1501,214.22,28863,352.33,353.12,0.79,92.7,110.8,0.0,-0.0,-18.1,-0.0,688,1690,0,-77,47
1502,214.40,28866,352.37,353.03,0.67,75.0,93.8,0.0,-0.0,-18.7,-0.0,726,1746,0,-65,32
1503,214.49,28866,352.37,352.99,0.62,66.1,86.9,0.0,-0.0,-20.8,-0.0,726,1747,0,-57,29
1504,214.66,28863,352.33,352.90,0.57,62.0,80.1,0.0,-0.0,-18.1,-0.0,688,1708,0,-52,30
1505,214.83,28866,352.37,352.82,0.45,43.5,63.1,0.0,-0.0,-19.6,-0.0,726,1755,0,-38,18
1506,214.92,28868,352.39,352.77,0.38,34.1,52.8,0.0,-0.0,-18.7,-0.0,751,1782,0,-30,13
1507,215.09,28874,352.47,352.69,0.22,12.0,30.7,0.0,-0.0,-18.7,-0.0,826,1862,0,-11,3
1508,215.18,28874,352.47,352.64,0.17,3.9,23.9,0.0,-0.0,-19.9,-0.0,826,1863,0,-4,1
1509,215.34,28876,352.49,352.56,0.07,-7.3,10.2,0.0,-0.0,-17.5,-0.0,851,3941,0,7,-2
1510,215.52,28880,352.54,352.47,-0.06,-27.8,-8.5,0.0,-0.0,-19.3,-0.0,901,3995,0,27,-4
1511,215.69,28885,352.60,352.39,-0.21,-47.1,-29.0,0.0,-0.0,-18.1,-0.0,963,4054,0,46,-3
1512,215.78,28888,352.64,352.34,-0.29,-61.4,-40.9,0.0,-0.0,-20.5,-0.0,1001,0,0,60,0
1513,215.95,28888,352.64,352.26,-0.38,-70.7,-52.8,0.0,-0.0,-17.8,-0.0,1001,4093,0,68,0
1514,216.11,28890,352.66,352.18,-0.49,-85.4,-68.2,0.0,-0.0,-17.2,-0.0,1026,16,0,83,2
1515,216.20,28893,352.70,352.13,-0.56,-98.6,-78.4,0.0,-0.0,-20.2,-0.0,1063,60,0,95,9
1516,216.37,28894,352.71,352.05,-0.66,-110.5,-92.1,0.0,-0.0,-18.4,-0.0,1076,65,0,107,11
1517,216.55,28895,352.72,351.96,-0.77,-127.3,-107.4,0.0,-0.0,-19.9,-0.0,1088,75,0,123,14
1518,216.63,28894,352.71,351.92,-0.79,-130.1,-110.8,0.0,-0.0,-19.3,-0.0,1076,61,0,126,12
1519,216.81,28891,352.67,351.83,-0.84,-137.2,-117.6,0.0,-0.0,-19.6,-0.0,1038,16,0,133,3
1520,216.89,28889,352.65,351.79,-0.87,-140.0,-121.1,0.0,-0.0,-19.0,-0.0,1013,4079,0,136,-4
1521,217.07,28884,352.59,351.70,-0.89,-143.5,-124.4,0.0,-0.0,-19.0,-0.0,951,4008,0,138,-19
1522,217.23,28881,352.55,351.62,-0.94,-149.1,-131.2,0.0,-0.0,-17.8,-0.0,913,3965,0,142,-29
1523,217.40,28873,352.45,351.53,-0.92,-146.2,-127.9,0.0,-0.0,-18.4,-0.0,813,3855,0,132,-51
1524,217.49,28870,352.42,351.49,-0.93,-149.1,-129.5,0.0,-0.0,-19.6,-0.0,776,3815,0,131,-60
1525,217.65,28860,352.29,351.41,-0.89,-142.0,-124.4,0.0,-0.0,-17.5,-0.0,651,3686,0,111,-81
1526,217.83,28847,352.14,351.32,-0.82,-133.2,-114.2,0.0,0.0,-19.0,-0.0,488,3508,0,80,-101
1527,217.91,28841,352.06,351.28,-0.78,-128.1,-109.1,0.0,0.0,-19.0,-0.0,413,3424,0,64,-106
1528,218.09,28827,351.89,351.19,-0.71,-118.5,-98.9,0.0,0.0,-19.6,-0.0,238,3238,0,29,-111
1529,218.18,28819,351.79,351.14,-0.65,-110.2,-90.4,0.0,0.0,-19.9,-0.0,138,3129,0,9,-106
1530,218.34,28805,351.62,351.06,-0.56,-96.9,-78.4,0.0,0.0,-18.4,-0.0,4059,2955,0,-17,-92
1531,218.52,28788,351.42,350.97,-0.44,-81.0,-61.4,0.0,0.0,-19.6,-0.0,3847,2732,0,-39,-68
1532,218.61,28781,351.33,350.93,-0.40,-75.6,-56.2,0.0,0.0,-19.3,-0.0,3759,2644,0,-45,-58
1533,218.78,28764,351.12,350.84,-0.28,-58.8,-39.2,0.0,0.0,-19.6,-0.0,3547,2426,0,-48,-31
1534,218.95,28743,350.87,350.76,-0.11,-33.8,-15.3,0.0,0.0,-18.4,-0.0,3284,2159,0,-32,-6
1535,219.04,28731,350.72,350.71,-0.01,-21.9,-1.7,0.0,0.0,-20.2,-0.0,3134,1993,0,-21,2
1536,219.21,28715,350.52,350.63,0.10,-4.8,13.6,0.0,0.0,-18.4,-0.0,2934,1803,0,-4,2
1537,219.38,28697,350.31,350.54,0.24,16.2,34.1,0.0,0.0,-17.8,-0.0,2709,3622,0,12,-10
1538,219.47,28689,350.21,350.50,0.29,19.2,40.9,0.0,0.0,-21.7,-0.0,2609,3503,0,11,-15
1539,219.64,28670,349.98,350.41,0.44,43.2,61.4,0.0,0.0,-18.1,-0.0,2372,3291,0,14,-40
1540,219.81,28655,349.79,350.33,0.54,57.2,75.0,0.0,0.0,-17.8,-0.0,2184,3109,0,3,-55
1541,219.89,28647,349.69,350.28,0.59,62.8,81.8,0.0,0.0,-19.0,-0.0,2084,3005,0,-6,-61
1542,220.07,28632,349.51,350.20,0.68,77.9,95.4,0.0,0.0,-17.5,-0.0,1897,2830,0,-27,-70
1543,220.24,28613,349.28,350.11,0.83,98.4,115.9,0.0,0.0,-17.5,-0.0,1659,2589,0,-64,-70
1544,220.32,28606,349.19,350.07,0.88,103.1,122.8,0.0,0.0,-19.6,-0.0,1572,2495,0,-77,-63
1545,220.49,28596,349.07,349.99,0.92,110.9,127.9,0.0,0.0,-17.0,-0.0,1447,2391,0,-93,-54
1546,220.66,28584,348.93,349.90,0.98,118.2,136.4,0.0,0.0,-18.1,-0.0,1297,2239,0,-110,-33
1547,220.75,28580,348.88,349.86,0.98,117.6,136.4,0.0,0.0,-18.7,-0.0,1247,2193,0,-111,-25
1548,220.91,28568,348.73,349.78,1.05,129.1,146.6,0.0,0.0,-17.5,-0.0,1097,2057,0,-125,-2
1549,221.09,28562,348.66,349.69,1.03,123.9,143.2,0.0,0.0,-19.3,-0.0,1022,1986,0,-119,11
1550,221.17,28558,348.61,349.65,1.04,125.9,144.9,0.0,0.0,-19.0,-0.0,972,1938,0,-120,20
1551,221.35,28554,348.56,349.56,1.00,121.4,139.8,0.0,0.0,-18.4,-0.0,922,1902,0,-115,26
1552,221.52,28552,348.54,349.47,0.94,112.8,131.2,0.0,-0.0,-18.4,-0.0,897,1889,0,-106,26
1553,221.61,28552,348.54,349.43,0.89,104.8,124.4,0.0,-0.0,-19.6,-0.0,897,1896,0,-99,23
1554,221.78,28552,348.54,349.34,0.81,95.0,112.5,0.0,-0.0,-17.5,-0.0,897,1907,0,-90,20
1555,221.95,28551,348.52,349.26,0.73,84.4,102.3,0.0,-0.0,-17.8,-0.0,884,1901,0,-80,18
1556,222.04,28551,348.52,349.21,0.70,78.1,97.2,0.0,-0.0,-19.0,-0.0,884,1903,0,-74,17
1557,222.21,28552,348.54,349.13,0.59,63.7,81.8,0.0,-0.0,-18.1,-0.0,897,1921,0,-61,12
1558,222.38,28554,348.56,349.04,0.48,47.8,66.5,0.0,-0.0,-18.7,-0.0,922,1949,0,-46,7
1559,222.48,28556,348.58,348.99,0.42,37.2,58.0,0.0,-0.0,-20.8,-0.0,947,1978,0,-36,4
1560,222.64,28560,348.63,348.91,0.28,21.7,39.2,0.0,-0.0,-17.5,-0.0,997,2034,0,-21,0
1561,222.81,28566,348.71,348.83,0.12,-1.4,17.0,0.0,-0.0,-18.4,-0.0,1072,72,0,1,0
1562,222.92,28570,348.75,348.78,0.02,-15.3,3.4,0.0,-0.0,-18.7,-0.0,1122,125,0,15,3
1563,223.10,28574,348.80,348.68,-0.12,-35.8,-17.0,0.0,-0.0,-18.7,-0.0,1172,177,0,33,9
1564,223.19,28576,348.83,348.64,-0.20,-47.2,-27.3,0.0,-0.0,-19.9,-0.0,1197,204,0,43,14
1565,223.35,28580,348.88,348.55,-0.32,-62.8,-44.3,0.0,-0.0,-18.4,-0.0,1247,251,0,56,23
1566,223.54,28585,348.94,348.47,-0.48,-85.5,-66.5,0.0,-0.0,-19.0,-0.0,1309,313,0,73,38
1567,223.62,28588,348.97,348.42,-0.55,-97.8,-76.7,0.0,-0.0,-21.1,-0.0,1347,352,0,81,49
1568,223.79,28589,348.99,348.34,-0.65,-108.8,-90.4,0.0,-0.0,-18.4,-0.0,1359,357,0,90,55
1569,223.88,28589,348.99,348.29,-0.70,-117.1,-97.2,0.0,-0.0,-19.9,-0.0,1359,355,0,97,59
1570,224.05,28592,349.02,348.21,-0.82,-132.6,-114.2,0.0,-0.0,-18.4,-0.0,1397,390,0,106,72
1571,224.22,28592,349.02,348.12,-0.90,-144.6,-126.1,0.0,-0.0,-18.4,-0.0,1397,383,0,117,78
1572,224.31,28590,349.00,348.08,-0.93,-150.4,-129.5,0.0,-0.0,-20.8,-0.0,1372,351,0,125,75
1573,224.47,28586,348.95,347.99,-0.95,-150.8,-133.0,0.0,-0.0,-17.8,-0.0,1322,294,0,131,64
1574,224.64,28581,348.89,347.91,-0.98,-154.2,-136.4,0.0,-0.0,-17.8,-0.0,1259,222,0,141,50
1575,224.81,28576,348.83,347.83,-1.00,-157.4,-139.8,0.0,-0.0,-17.5,-0.0,1197,150,0,148,35
1576,224.90,28572,348.78,347.78,-1.00,-159.1,-139.8,0.0,-0.0,-19.3,-0.0,1147,92,0,153,22
1577,225.07,28564,348.68,347.70,-0.99,-155.9,-138.1,0.0,-0.0,-17.8,-0.0,1047,4086,0,151,-2
1578,225.24,28553,348.55,347.61,-0.94,-150.0,-131.2,0.0,0.0,-18.7,-0.0,909,3936,0,141,-35
1579,225.33,28548,348.49,347.57,-0.92,-146.9,-127.9,0.0,0.0,-19.0,-0.0,847,3869,0,134,-49
1580,225.49,28532,348.29,347.49,-0.81,-130.0,-112.5,0.0,0.0,-17.5,-0.0,647,3657,0,98,-79
1581,225.66,28520,348.14,347.40,-0.74,-122.4,-104.0,0.0,0.0,-18.4,-0.0,497,3498,0,72,-94
1582,225.74,28512,348.05,347.36,-0.68,-114.2,-95.4,0.0,0.0,-18.7,-0.0,397,3390,0,52,-98
1583,225.90,28496,347.85,347.28,-0.57,-97.7,-80.1,0.0,0.0,-17.5,-0.0,197,3187,0,17,-93
1584,226.08,28482,347.68,347.19,-0.49,-86.6,-68.2,0.0,0.0,-18.4,-0.0,22,3006,0,-8,-83
1585,226.24,28465,347.47,347.11,-0.37,-69.2,-51.2,0.0,0.0,-18.1,-0.0,3905,2790,0,-28,-61
1586,226.33,28455,347.35,347.07,-0.28,-59.1,-39.2,0.0,0.0,-19.9,-0.0,3780,2651,0,-34,-46
1587,226.50,28437,347.13,346.98,-0.15,-39.5,-20.5,0.0,0.0,-19.0,-0.0,3555,2428,0,-32,-21
1588,226.59,28428,347.02,346.93,-0.09,-32.2,-11.9,0.0,0.0,-20.2,-0.0,3443,2310,0,-29,-12
1589,226.76,28408,346.78,346.85,0.07,-7.9,10.2,0.0,0.0,-18.1,-0.0,3193,2062,0,-8,0
1590,226.94,28387,346.52,346.76,0.24,14.5,34.1,0.0,0.0,-19.6,-0.0,2930,3833,0,13,-6
1591,227.02,28379,346.42,346.72,0.29,21.9,40.9,0.0,0.0,-19.0,-0.0,2830,3739,0,18,-11
1592,227.20,28365,346.25,346.63,0.38,33.8,52.8,0.0,0.0,-19.0,-0.0,2655,3571,0,23,-24
1593,227.36,28347,346.03,346.55,0.51,54.1,71.6,0.0,0.0,-17.5,-0.0,2430,3353,0,22,-48
1594,227.45,28337,345.91,346.51,0.60,63.9,83.5,0.0,0.0,-19.6,-0.0,2305,3217,0,14,-60
1595,227.63,28322,345.73,346.42,0.70,77.9,97.2,0.0,0.0,-19.3,-0.0,2118,3042,0,-3,-75
1596,227.79,28303,345.50,346.34,0.84,99.5,117.6,0.0,0.0,-18.1,-0.0,1880,2802,0,-39,-88
1597,227.88,28296,345.41,346.29,0.88,102.5,122.8,0.0,0.0,-20.2,-0.0,1793,2706,0,-53,-84
1598,228.05,28283,345.25,346.20,0.95,114.2,133.0,0.0,0.0,-18.7,-0.0,1630,2559,0,-78,-78
1599,228.23,28274,345.14,346.12,0.98,117.9,136.4,0.0,0.0,-18.4,-0.0,1518,2460,0,-92,-67
1600,228.32,28268,345.07,346.07,1.00,119.2,139.8,0.0,0.0,-20.5,-0.0,1443,2379,0,-101,-56
1601,228.48,28260,344.97,345.99,1.03,125.6,143.2,0.0,0.0,-17.5,-0.0,1343,2307,0,-112,-47
1602,228.65,28254,344.90,345.91,1.01,123.1,141.5,0.0,0.0,-18.4,-0.0,1268,2242,0,-114,-35
1603,228.74,28249,344.84,345.86,1.03,123.0,143.2,0.0,0.0,-20.2,-0.0,1205,2174,0,-117,-23
1604,228.91,28245,344.79,345.78,0.99,120.2,138.1,0.0,0.0,-17.8,-0.0,1155,2138,0,-115,-16
1605,229.07,28245,344.79,345.70,0.90,108.6,126.1,0.0,-0.0,-17.5,-0.0,1155,2152,0,-104,-17
1606,229.16,28243,344.76,345.65,0.89,104.8,124.4,0.0,-0.0,-19.6,-0.0,1130,2127,0,-101,-12
1607,229.34,28239,344.71,345.56,0.85,100.9,119.3,0.0,-0.0,-18.4,-0.0,1080,2082,0,-98,-5
1608,229.51,28240,344.73,345.48,0.76,86.9,105.7,0.0,-0.0,-18.7,-0.0,1093,2109,0,-84,-8
1609,229.60,28240,344.73,345.43,0.71,78.1,98.9,0.0,-0.0,-20.8,-0.0,1093,2109,0,-75,-7
1610,229.77,28243,344.76,345.35,0.59,63.7,81.8,0.0,-0.0,-18.1,-0.0,1130,2151,0,-61,-10
1611,229.93,28245,344.79,345.26,0.48,48.7,66.5,0.0,-0.0,-17.8,-0.0,1155,2185,0,-46,-10
1612,230.02,28248,344.82,345.22,0.39,35.2,54.6,0.0,-0.0,-19.3,-0.0,1193,2231,0,-33,-9
1613,230.19,28253,344.89,345.14,0.26,17.7,35.8,0.0,-0.0,-18.1,-0.0,1255,2298,0,-16,-6
1614,230.36,28258,344.95,345.05,0.11,-2.5,15.3,0.0,-0.0,-17.8,-0.0,1318,319,0,2,1
1615,230.46,28260,344.97,345.01,0.04,-15.1,5.1,0.0,-0.0,-20.2,-0.0,1343,346,0,13,7
1616,230.63,28267,345.06,344.92,-0.13,-37.2,-18.8,0.0,-0.0,-18.4,-0.0,1430,438,0,28,22
1617,230.80,28271,345.10,344.83,-0.27,-55.0,-37.5,0.0,-0.0,-17.5,-0.0,1480,484,0,39,36
1618,230.88,28274,345.14,344.79,-0.35,-67.9,-49.4,0.0,-0.0,-18.4,-0.0,1518,525,0,46,47
1619,231.05,28278,345.19,344.71,-0.48,-84.0,-66.5,0.0,-0.0,-17.5,-0.0,1568,572,0,52,63
1620,231.21,28281,345.23,344.63,-0.60,-101.1,-83.5,0.0,-0.0,-17.5,-0.0,1605,609,0,58,79
1621,231.38,28283,345.25,344.54,-0.71,-116.7,-98.9,0.0,-0.0,-17.8,-0.0,1630,624,0,65,92
1622,231.47,28283,345.25,344.50,-0.76,-125.3,-105.7,0.0,-0.0,-19.6,-0.0,1630,625,0,70,99
1623,231.63,28283,345.25,344.41,-0.84,-135.5,-117.6,0.0,-0.0,-17.8,-0.0,1630,615,0,77,106
1624,231.80,28281,345.23,344.33,-0.89,-142.9,-124.4,0.0,-0.0,-18.4,-0.0,1605,583,0,87,108
1625,231.89,28282,345.24,344.29,-0.95,-153.1,-133.0,0.0,-0.0,-20.2,-0.0,1618,596,0,91,118
1626,232.06,28280,345.21,344.20,-1.01,-159.9,-141.5,0.0,-0.0,-18.4,-0.0,1593,565,0,100,118
1627,232.24,28271,345.10,344.12,-0.99,-157.4,-138.1,0.0,-0.0,-19.3,-0.0,1480,437,0,119,95
1628,232.32,28269,345.08,344.07,-1.01,-161.4,-141.5,0.0,-0.0,-19.9,-0.0,1455,409,0,127,92
1629,232.49,28263,345.01,343.99,-1.01,-158.8,-141.5,0.0,-0.0,-17.2,-0.0,1380,331,0,134,75
1630,232.66,28251,344.86,343.90,-0.96,-153.8,-134.6,0.0,0.0,-19.0,-0.0,1230,160,0,144,36
1631,232.75,28244,344.78,343.86,-0.92,-147.1,-127.9,0.0,0.0,-19.3,-0.0,1143,64,0,142,14
1632,232.92,28234,344.65,343.77,-0.88,-142.1,-122.8,0.0,0.0,-19.3,-0.0,1018,4033,0,137,-13
1633,233.09,28222,344.51,343.69,-0.82,-132.6,-114.2,0.0,0.0,-18.4,-0.0,868,3874,0,121,-43
1634,233.18,28213,344.40,343.64,-0.76,-125.9,-105.7,0.0,0.0,-20.2,-0.0,755,3747,0,105,-62
1635,233.35,28196,344.19,343.56,-0.63,-107.1,-88.6,0.0,0.0,-18.4,-0.0,543,3534,0,68,-79
1636,233.52,28179,343.98,343.47,-0.51,-89.4,-71.6,0.0,0.0,-17.8,-0.0,330,3316,0,32,-81
1637,233.61,28171,343.88,343.43,-0.45,-83.3,-63.1,0.0,0.0,-20.2,-0.0,230,3200,0,16,-79
1638,233.77,28152,343.65,343.35,-0.31,-61.1,-42.6,0.0,0.0,-18.4,-0.0,4089,2962,0,-10,-58
1639,233.95,28135,343.44,343.26,-0.18,-44.3,-25.6,0.0,0.0,-18.7,-0.0,3876,2749,0,-20,-38
1640,234.03,28127,343.35,343.22,-0.13,-37.8,-18.8,0.0,0.0,-19.0,-0.0,3776,2647,0,-22,-29
1641,234.21,28108,343.12,343.13,0.01,-17.6,1.7,0.0,0.0,-19.3,-0.0,3539,2406,0,-15,-9
1642,234.37,28092,342.92,343.04,0.12,-2.0,17.0,0.0,0.0,-19.0,-0.0,3339,2209,0,-2,0
1643,234.47,28083,342.81,343.00,0.18,4.8,25.6,0.0,0.0,-20.8,-0.0,3226,41,0,5,0
1644,234.64,28066,342.60,342.91,0.31,24.8,42.6,0.0,0.0,-17.8,-0.0,3014,3941,0,23,-6
1645,234.72,28054,342.46,342.87,0.42,38.9,58.0,0.0,0.0,-19.0,-0.0,2864,3778,0,33,-18
1646,234.90,28039,342.27,342.78,0.51,52.3,71.6,0.0,0.0,-19.3,-0.0,2676,3594,0,36,-35
1647,235.06,28023,342.08,342.70,0.62,68.2,86.9,0.0,0.0,-18.7,-0.0,2476,3397,0,32,-58
1648,235.15,28015,341.98,342.65,0.67,73.8,93.8,0.0,0.0,-19.9,-0.0,2376,3292,0,24,-67
1649,235.32,28000,341.80,342.57,0.77,89.9,107.4,0.0,0.0,-17.5,-0.0,2189,3120,0,6,-87
1650,235.49,27987,341.64,342.49,0.85,100.9,119.3,0.0,0.0,-18.4,-0.0,2026,2963,0,-16,-96
1651,235.58,27980,341.55,342.44,0.89,104.5,124.4,0.0,0.0,-19.9,-0.0,1939,2869,0,-31,-96
1652,235.75,27970,341.43,342.36,0.93,111.4,129.5,0.0,0.0,-18.1,-0.0,1814,2761,0,-50,-96
1653,235.92,27959,341.30,342.27,0.98,117.6,136.4,0.0,0.0,-18.7,-0.0,1676,2626,0,-72,-88
1654,236.01,27954,341.24,342.23,0.99,118.2,138.1,0.0,0.0,-19.9,-0.0,1614,2565,0,-80,-82
1655,236.18,27947,341.15,342.15,1.00,122.6,139.8,0.0,0.0,-17.2,-0.0,1526,2495,0,-92,-75
1656,236.34,27944,341.11,342.06,0.95,115.4,133.0,0.0,0.0,-17.5,-0.0,1489,2469,0,-89,-67
1657,236.52,27935,341.00,341.97,0.96,115.4,134.6,0.0,0.0,-19.3,-0.0,1376,2355,0,-100,-51
1658,236.61,27932,340.97,341.93,0.96,114.4,134.6,0.0,-0.0,-20.2,-0.0,1339,2320,0,-101,-45
1659,236.78,27933,340.98,341.84,0.87,102.6,121.1,0.0,-0.0,-18.4,-0.0,1351,2348,0,-89,-44
1660,236.87,27933,340.98,341.80,0.82,93.4,114.2,0.0,-0.0,-20.8,-0.0,1351,2352,0,-81,-41
1661,237.04,27933,340.98,341.71,0.73,84.1,102.3,0.0,-0.0,-18.1,-0.0,1351,2359,0,-72,-37
1662,237.21,27933,340.98,341.63,0.65,72.5,90.4,0.0,-0.0,-17.8,-0.0,1351,2372,0,-62,-33
1663,237.29,27936,341.02,341.58,0.57,61.1,80.1,0.0,-0.0,-19.0,-0.0,1389,2419,0,-50,-32
1664,237.47,27938,341.04,341.50,0.46,46.3,64.8,0.0,-0.0,-18.4,-0.0,1414,2445,0,-37,-26
1665,237.63,27945,341.13,341.41,0.29,23.1,40.9,0.0,-0.0,-17.8,-0.0,1501,2542,0,-16,-15
1666,237.72,27946,341.14,341.37,0.23,13.1,32.4,0.0,-0.0,-19.3,-0.0,1514,2558,0,-9,-9
1667,237.90,27949,341.17,341.28,0.11,-3.4,15.3,0.0,-0.0,-18.7,-0.0,1551,551,0,2,2
1668,238.06,27954,341.24,341.20,-0.04,-23.0,-5.1,0.0,-0.0,-17.8,-0.0,1614,614,0,13,18
1669,238.23,27957,341.27,341.12,-0.16,-40.9,-22.2,0.0,-0.0,-18.7,-0.0,1651,650,0,21,33
1670,238.32,27959,341.30,341.07,-0.22,-50.0,-30.7,0.0,-0.0,-19.3,-0.0,1676,674,0,25,42
1671,238.48,27961,341.32,340.99,-0.33,-63.6,-46.0,0.0,-0.0,-17.5,-0.0,1701,697,0,30,54
1672,238.66,27967,341.39,340.90,-0.49,-86.6,-68.2,0.0,-0.0,-18.4,-0.0,1776,774,0,31,78
1673,238.74,27970,341.43,340.86,-0.57,-99.4,-80.1,0.0,-0.0,-19.3,-0.0,1814,815,0,30,91
1674,238.92,27971,341.44,340.77,-0.67,-111.3,-93.8,0.0,-0.0,-17.5,-0.0,1826,822,0,33,103
1675,239.00,27972,341.46,340.73,-0.72,-120.2,-100.6,0.0,-0.0,-19.6,-0.0,1839,835,0,33,112
1676,239.18,27975,341.49,340.64,-0.85,-138.0,-119.3,0.0,-0.0,-18.7,-0.0,1876,873,0,31,130
1677,239.35,27974,341.48,340.56,-0.93,-147.4,-129.5,0.0,-0.0,-17.8,-0.0,1864,850,0,38,138
1678,239.45,27970,341.43,340.51,-0.92,-147.5,-127.9,0.0,-0.0,-19.6,-0.0,1814,790,0,50,134
1679,239.61,27967,341.39,340.42,-0.96,-152.2,-134.6,0.0,-0.0,-17.5,-0.0,1776,747,0,61,134
1680,239.79,27962,341.33,340.34,-0.99,-156.8,-138.1,0.0,-0.0,-18.7,-0.0,1714,674,0,78,131
1681,239.87,27959,341.30,340.30,-1.00,-158.9,-139.8,0.0,-0.0,-19.0,-0.0,1676,628,0,88,126
1682,240.04,27951,341.20,340.21,-0.99,-155.6,-138.1,0.0,-0.0,-17.5,-0.0,1576,520,0,105,108
1683,240.21,27944,341.11,340.13,-0.99,-156.8,-138.1,0.0,-0.0,-18.7,-0.0,1489,429,0,120,93
1684,240.30,27939,341.05,340.08,-0.96,-153.8,-134.6,0.0,0.0,-19.0,-0.0,1426,359,0,127,78
1685,240.47,27926,340.89,340.00,-0.90,-145.8,-126.1,0.0,0.0,-19.6,-0.0,1264,184,0,136,39
1686,240.64,27912,340.72,339.91,-0.82,-132.0,-114.2,0.0,0.0,-17.8,-0.0,1089,3,0,128,1
1687,240.73,27905,340.64,339.87,-0.77,-127.3,-107.4,0.0,0.0,-19.9,-0.0,1001,4001,0,122,-18
1688,240.90,27890,340.45,339.78,-0.67,-111.0,-93.8,0.0,0.0,-17.2,-0.0,814,3812,0,97,-45
1689,241.08,27872,340.23,339.69,-0.54,-94.1,-75.0,0.0,0.0,-19.0,-0.0,589,3569,0,63,-66
1690,241.16,27863,340.12,339.65,-0.48,-85.5,-66.5,0.0,0.0,-19.0,-0.0,476,3453,0,46,-69
1691,241.33,27847,339.93,339.57,-0.37,-69.6,-51.2,0.0,0.0,-18.4,-0.0,276,3253,0,18,-65
1692,241.51,27827,339.69,339.48,-0.21,-49.2,-29.0,0.0,0.0,-20.2,-0.0,26,2985,0,-6,-47
1693,241.60,27819,339.59,339.43,-0.16,-41.2,-22.2,0.0,0.0,-19.0,-0.0,4022,2892,0,-11,-38
1694,241.77,27799,339.34,339.35,0.00,-18.7,0.0,0.0,0.0,-18.7,-0.0,3772,2640,0,-11,-14
1695,241.94,27782,339.14,339.26,0.12,-1.4,17.0,0.0,0.0,-18.4,-0.0,3560,2429,0,-1,-1
1696,242.02,27772,339.01,339.22,0.21,10.0,29.0,0.0,0.0,-19.0,-0.0,3435,250,0,9,4
1697,242.20,27757,338.83,339.13,0.31,23.6,42.6,0.0,0.0,-19.0,-0.0,3247,69,0,23,2
1698,242.37,27740,338.62,339.05,0.43,41.5,59.7,0.0,0.0,-18.1,-0.0,3035,3958,0,39,-8
1699,242.46,27731,338.51,339.00,0.49,48.0,68.2,0.0,0.0,-20.2,-0.0,2922,3836,0,43,-18
1700,242.63,27713,338.29,338.92,0.62,69.1,86.9,0.0,0.0,-17.8,-0.0,2697,3623,0,50,-44
1701,242.71,27706,338.21,338.87,0.67,74.8,93.8,0.0,0.0,-19.0,-0.0,2610,3534,0,47,-55
1702,242.88,27689,338.00,338.79,0.79,93.2,110.8,0.0,0.0,-17.5,-0.0,2397,3325,0,34,-84
1703,243.04,27677,337.85,338.71,0.85,102.1,119.3,0.0,0.0,-17.2,-0.0,2247,3183,0,17,-97
1704,243.21,27664,337.70,338.63,0.93,110.8,129.5,0.0,0.0,-18.7,-0.0,2085,3021,0,-8,-107
1705,243.30,27661,337.66,338.58,0.93,110.6,129.5,0.0,0.0,-19.0,-0.0,2047,2990,0,-13,-106
1706,243.47,27650,337.52,338.50,0.98,116.8,136.4,0.0,0.0,-19.6,-0.0,1910,2859,0,-36,-107
1707,243.64,27641,337.41,338.41,1.00,121.9,139.8,0.0,0.0,-17.8,-0.0,1797,2760,0,-54,-105
1708,243.72,27639,337.39,338.37,0.98,117.4,136.4,0.0,0.0,-19.0,-0.0,1772,2738,0,-56,-99
1709,243.89,27636,337.35,338.28,0.93,112.0,129.5,0.0,0.0,-17.5,-0.0,1735,2720,0,-56,-93
1710,244.07,27628,337.26,338.20,0.94,112.6,131.2,0.0,0.0,-18.7,-0.0,1635,2617,0,-70,-84
1711,244.16,27626,337.23,338.15,0.92,107.1,127.9,0.0,-0.0,-20.8,-0.0,1610,2594,0,-69,-77
1712,244.33,27625,337.22,338.07,0.85,101.2,119.3,0.0,-0.0,-18.1,-0.0,1597,2598,0,-65,-73
1713,244.51,27623,337.19,337.98,0.78,89.8,109.1,0.0,-0.0,-19.3,-0.0,1572,2571,0,-60,-63
1714,244.59,27623,337.19,337.94,0.74,84.7,104.0,0.0,-0.0,-19.3,-0.0,1572,2576,0,-57,-59
1715,244.76,27623,337.19,337.85,0.66,73.6,92.1,0.0,-0.0,-18.4,-0.0,1572,2589,0,-48,-53
1716,244.85,27626,337.23,337.81,0.57,60.2,80.1,0.0,-0.0,-19.9,-0.0,1610,2634,0,-36,-46
1717,245.02,27630,337.28,337.72,0.44,42.9,61.4,0.0,-0.0,-18.4,-0.0,1660,2691,0,-23,-35
1718,245.19,27631,337.29,337.63,0.34,29.3,47.7,0.0,-0.0,-18.4,-0.0,1672,2708,0,-15,-24
1719,245.36,27637,337.37,337.55,0.18,7.7,25.6,0.0,-0.0,-17.8,-0.0,1747,2791,0,-3,-7
1720,245.45,27639,337.39,337.51,0.12,-2.3,17.0,0.0,-0.0,-19.3,-0.0,1772,773,0,1,2
1721,245.61,27641,337.41,337.42,0.01,-15.8,1.7,0.0,-0.0,-17.5,-0.0,1797,793,0,5,14
1722,245.79,27644,337.45,337.34,-0.11,-34.4,-15.3,0.0,-0.0,-19.0,-0.0,1835,831,0,10,32
1723,245.87,27647,337.49,337.29,-0.20,-46.3,-27.3,0.0,-0.0,-19.0,-0.0,1872,873,0,10,44
1724,246.04,27654,337.57,337.21,-0.35,-67.0,-49.4,0.0,-0.0,-17.5,-0.0,1960,960,0,6,65
1725,246.21,27655,337.59,337.13,-0.46,-83.8,-64.8,0.0,-0.0,-19.0,-0.0,1972,971,0,7,81
1726,246.30,27659,337.63,337.08,-0.55,-96.3,-76.7,0.0,-0.0,-19.6,-0.0,2022,1026,0,0,93
1727,246.47,27660,337.65,337.00,-0.65,-110.0,-90.4,0.0,-0.0,-19.6,-0.0,2035,1036,0,-2,107
1728,246.65,27665,337.71,336.91,-0.79,-130.1,-110.8,0.0,-0.0,-19.3,-0.0,2097,1093,0,-13,125
1729,246.73,27665,337.71,336.87,-0.84,-137.0,-117.6,0.0,-0.0,-19.3,-0.0,2097,1090,0,-13,132
1730,246.90,27665,337.71,336.78,-0.93,-148.2,-129.5,0.0,-0.0,-18.7,-0.0,2097,1088,0,-14,143
1731,246.99,27665,337.71,336.73,-0.98,-156.6,-136.4,0.0,-0.0,-20.2,-0.0,2097,1083,0,-14,151
1732,247.16,27660,337.65,336.65,-1.00,-158.2,-139.8,0.0,-0.0,-18.4,-0.0,2035,1011,0,3,153
1733,247.34,27654,337.57,336.56,-1.01,-160.2,-141.5,0.0,-0.0,-18.7,-0.0,1960,920,0,25,153
1734,247.42,27650,337.52,336.52,-1.00,-158.9,-139.8,0.0,-0.0,-19.0,-0.0,1910,863,0,38,149
1735,247.60,27644,337.45,336.43,-1.01,-160.2,-141.5,0.0,-0.0,-18.7,-0.0,1835,780,0,57,144
1736,247.77,27637,337.37,336.35,-1.01,-159.9,-141.5,0.0,-0.0,-18.4,-0.0,1747,686,0,77,135
1737,247.85,27633,337.32,336.31,-1.01,-160.9,-141.5,0.0,-0.0,-19.3,-0.0,1697,632,0,88,128
1738,248.02,27618,337.13,336.22,-0.92,-146.2,-127.9,0.0,0.0,-18.4,-0.0,1510,433,0,112,87
1739,248.19,27608,337.01,336.14,-0.87,-139.1,-121.1,0.0,0.0,-18.1,-0.0,1385,303,0,121,60
1740,248.36,27592,336.82,336.05,-0.77,-126.1,-107.4,0.0,0.0,-18.7,-0.0,1185,93,0,121,17
1741,248.45,27585,336.73,336.01,-0.72,-119.9,-100.6,0.0,0.0,-19.3,-0.0,1097,4088,0,116,-1
1742,248.62,27566,336.50,335.92,-0.57,-99.4,-80.1,0.0,0.0,-19.3,-0.0,860,3843,0,89,-36
1743,248.71,27557,336.39,335.88,-0.51,-90.6,-71.6,0.0,0.0,-19.0,-0.0,747,3727,0,74,-47
1744,248.88,27541,336.19,335.79,-0.40,-75.0,-56.2,0.0,0.0,-18.7,-0.0,547,3520,0,46,-56
1745,249.05,27523,335.97,335.71,-0.27,-55.0,-37.5,0.0,0.0,-17.5,-0.0,322,3298,0,18,-50
1746,249.14,27512,335.84,335.66,-0.18,-45.8,-25.6,0.0,0.0,-20.2,-0.0,185,3140,0,5,-44
1747,249.31,27495,335.63,335.57,-0.06,-28.1,-8.5,0.0,0.0,-19.6,-0.0,4068,2934,0,-6,-27
1748,249.48,27477,335.41,335.49,0.09,-5.6,11.9,0.0,0.0,-17.5,-0.0,3843,2719,0,-3,-5
1749,249.57,27470,335.33,335.45,0.12,-2.0,17.0,0.0,0.0,-19.0,-0.0,3756,2624,0,-1,-1
1750,249.74,27448,335.06,335.36,0.31,25.1,42.6,0.0,0.0,-17.5,-0.0,3481,304,0,22,11
1751,249.91,27429,334.83,335.28,0.45,44.7,63.1,0.0,0.0,-18.4,-0.0,3243,60,0,43,4
1752,250.00,27420,334.72,335.23,0.51,51.1,71.6,0.0,0.0,-20.5,-0.0,3131,4032,0,49,-5
1753,250.17,27404,334.52,335.15,0.62,68.8,86.9,0.0,0.0,-18.1,-0.0,2931,3849,0,62,-25
1754,250.34,27389,334.34,335.06,0.72,82.1,100.6,0.0,0.0,-18.4,-0.0,2743,3664,0,63,-49
1755,250.43,27383,334.27,335.02,0.76,86.4,105.7,0.0,0.0,-19.3,-0.0,2668,3592,0,60,-58
1756,250.60,27366,334.06,334.93,0.87,101.7,121.1,0.0,0.0,-19.3,-0.0,2456,3384,0,45,-87
1757,250.77,27355,333.92,334.85,0.93,111.1,129.5,0.0,0.0,-18.4,-0.0,2318,3258,0,30,-103
1758,250.86,27348,333.84,334.80,0.96,114.4,134.6,0.0,0.0,-20.2,-0.0,2231,3166,0,16,-110
1759,251.03,27339,333.73,334.72,0.99,120.6,138.1,0.0,0.0,-17.5,-0.0,2118,3072,0,0,-117
1760,251.20,27329,333.61,334.63,1.03,125.6,143.2,0.0,0.0,-17.5,-0.0,1993,2952,0,-22,-120
1761,251.29,27325,333.56,334.59,1.03,122.4,143.2,0.0,0.0,-20.8,-0.0,1943,2899,0,-31,-114
1762,251.46,27322,333.52,334.50,0.99,119.6,138.1,0.0,0.0,-18.4,-0.0,1906,2881,0,-33,-111
1763,251.63,27317,333.46,334.42,0.95,115.1,133.0,0.0,-0.0,-17.8,-0.0,1843,2831,0,-40,-104
1764,251.72,27313,333.41,334.37,0.96,114.4,134.6,0.0,-0.0,-20.2,-0.0,1793,2776,0,-49,-100
1765,251.89,27312,333.40,334.29,0.89,106.0,124.4,0.0,-0.0,-18.4,-0.0,1781,2780,0,-44,-93
1766,252.06,27309,333.36,334.20,0.84,100.1,117.6,0.0,-0.0,-17.5,-0.0,1743,2745,0,-47,-85
1767,252.15,27308,333.35,334.16,0.81,92.9,112.5,0.0,-0.0,-19.6,-0.0,1731,2733,0,-45,-78
1768,252.32,27308,333.35,334.07,0.72,81.9,100.6,0.0,-0.0,-18.7,-0.0,1731,2742,0,-38,-69
1769,252.49,27313,333.41,333.99,0.57,62.9,80.1,0.0,-0.0,-17.2,-0.0,1793,2818,0,-23,-56
1770,252.58,27313,333.41,333.94,0.52,52.5,73.3,0.0,-0.0,-20.8,-0.0,1793,2819,0,-19,-47
1771,252.75,27315,333.44,333.86,0.43,41.5,59.7,0.0,-0.0,-18.1,-0.0,1818,2851,0,-13,-38
1772,252.92,27318,333.47,333.77,0.31,24.8,42.6,0.0,-0.0,-17.8,-0.0,1856,2894,0,-6,-23
1773,253.01,27323,333.53,333.73,0.20,8.2,27.3,0.0,-0.0,-19.0,-0.0,1918,2965,0,-1,-8
1774,253.18,27329,333.61,333.65,0.04,-12.4,5.1,0.0,-0.0,-17.5,-0.0,1993,992,0,1,12
1775,253.34,27335,333.68,333.56,-0.12,-34.6,-17.0,0.0,-0.0,-17.5,-0.0,2068,1074,0,-3,33
1776,253.43,27336,333.69,333.52,-0.17,-43.5,-23.9,0.0,-0.0,-19.6,-0.0,2081,1090,0,-4,42
1777,253.61,27340,333.74,333.43,-0.32,-62.5,-44.3,0.0,-0.0,-18.1,-0.0,2131,1139,0,-11,60
1778,253.77,27344,333.79,333.34,-0.44,-79.8,-61.4,0.0,-0.0,-18.4,-0.0,2181,1182,0,-19,75
1779,253.86,27346,333.81,333.30,-0.51,-91.2,-71.6,0.0,-0.0,-19.6,-0.0,2206,1208,0,-25,85
1780,254.03,27348,333.84,333.22,-0.62,-105.1,-86.9,0.0,-0.0,-18.1,-0.0,2231,1226,0,-31,97
1781,254.21,27350,333.86,333.13,-0.73,-121.0,-102.3,0.0,-0.0,-18.7,-0.0,2256,1249,0,-40,110
1782,254.29,27351,333.87,333.08,-0.79,-130.8,-110.8,0.0,-0.0,-19.9,-0.0,2268,1261,0,-45,118
1783,254.47,27351,333.87,333.00,-0.88,-141.5,-122.8,0.0,-0.0,-18.7,-0.0,2268,1254,0,-47,129
1784,254.63,27350,333.86,332.92,-0.95,-151.4,-133.0,0.0,-0.0,-18.4,-0.0,2256,1235,0,-47,139
1785,254.72,27349,333.85,332.87,-0.98,-155.1,-136.4,0.0,-0.0,-18.7,-0.0,2243,1220,0,-44,144
1786,254.89,27343,333.78,332.79,-0.99,-156.8,-138.1,0.0,-0.0,-18.7,-0.0,2168,1134,0,-26,150
1787,255.05,27339,333.73,332.70,-1.03,-160.8,-143.2,0.0,-0.0,-17.5,-0.0,2118,1077,0,-13,155
1788,255.14,27338,333.72,332.66,-1.05,-166.5,-146.6,0.0,-0.0,-19.9,-0.0,2106,1061,0,-9,161
1789,255.31,27329,333.61,332.57,-1.04,-162.5,-144.9,0.0,-0.0,-17.5,-0.0,1993,939,0,20,156
1790,255.49,27318,333.47,332.49,-0.99,-157.8,-138.1,0.0,0.0,-19.6,-0.0,1856,787,0,54,143
1791,255.58,27311,333.39,332.44,-0.94,-150.6,-131.2,0.0,0.0,-19.3,-0.0,1768,695,0,71,128
1792,255.74,27299,333.24,332.36,-0.88,-140.2,-122.8,0.0,0.0,-17.5,-0.0,1618,538,0,92,100
1793,255.92,27286,333.08,332.27,-0.81,-131.9,-112.5,0.0,0.0,-19.3,-0.0,1456,357,0,109,66
1794,256.00,27278,332.98,332.23,-0.76,-125.0,-105.7,0.0,0.0,-19.3,-0.0,1356,254,0,112,46
1795,256.18,27262,332.79,332.14,-0.65,-109.1,-90.4,0.0,0.0,-18.7,-0.0,1156,48,0,105,8
1796,256.27,27254,332.69,332.10,-0.59,-102.1,-81.8,0.0,0.0,-20.2,-0.0,1056,4036,0,98,-9
1797,256.44,27236,332.47,332.02,-0.45,-80.6,-63.1,0.0,0.0,-17.5,-0.0,831,3815,0,71,-33
1798,256.61,27218,332.25,331.93,-0.33,-64.8,-46.0,0.0,0.0,-18.7,-0.0,606,3578,0,44,-45
1799,256.70,27209,332.14,331.88,-0.26,-54.8,-35.8,0.0,0.0,-19.0,-0.0,493,3462,0,30,-44
1800,256.87,27195,331.97,331.80,-0.17,-42.6,-23.9,0.0,0.0,-18.7,-0.0,318,3291,0,14,-39
1801,257.04,27174,331.71,331.71,0.00,-17.8,0.0,0.0,0.0,-17.8,-0.0,56,3026,0,-1,-17
1802,257.13,27166,331.62,331.67,0.05,-13.4,6.8,0.0,0.0,-20.2,-0.0,4052,2916,0,-3,-13
1803,257.29,27149,331.41,331.58,0.17,5.4,23.9,0.0,0.0,-18.4,-0.0,3839,665,0,3,4
1804,257.46,27129,331.16,331.50,0.33,26.7,46.0,0.0,0.0,-19.3,-0.0,3589,402,0,21,15
1805,257.56,27118,331.03,331.45,0.43,39.4,59.7,0.0,0.0,-20.2,-0.0,3452,256,0,35,15
1806,257.72,27102,330.83,331.37,0.54,57.2,75.0,0.0,0.0,-17.8,-0.0,3252,78,0,55,7
1807,257.90,27086,330.64,331.28,0.65,70.4,90.4,0.0,0.0,-19.9,-0.0,3052,3962,0,67,-14
1808,257.99,27077,330.53,331.24,0.71,79.9,98.9,0.0,0.0,-19.0,-0.0,2939,3855,0,72,-28
1809,258.16,27061,330.33,331.15,0.82,95.5,114.2,0.0,0.0,-18.7,-0.0,2739,3663,0,73,-57
1810,258.33,27047,330.16,331.07,0.90,108.3,126.1,0.0,0.0,-17.8,-0.0,2564,3501,0,64,-83
1811,258.42,27041,330.09,331.02,0.93,110.2,129.5,0.0,0.0,-19.3,-0.0,2489,3420,0,54,-92
1812,258.59,27027,329.92,330.94,1.01,122.8,141.5,0.0,0.0,-18.7,-0.0,2314,3250,0,32,-115
1813,258.76,27019,329.82,330.85,1.03,124.4,143.2,0.0,0.0,-18.7,-0.0,2214,3163,0,17,-119
1814,258.85,27013,329.75,330.81,1.06,128.4,148.2,0.0,0.0,-19.9,-0.0,2139,3087,0,3,-124
1815,259.01,27007,329.68,330.72,1.05,129.1,146.6,0.0,0.0,-17.5,-0.0,2064,3032,0,-8,-125
1816,259.18,27002,329.61,330.64,1.03,125.4,143.2,0.0,0.0,-17.8,-0.0,2002,2980,0,-17,-120
1817,259.27,27000,329.59,330.60,1.00,119.9,139.8,0.0,-0.0,-19.9,-0.0,1977,2958,0,-20,-114
1818,259.44,26998,329.57,330.51,0.95,114.8,133.0,0.0,-0.0,-18.1,-0.0,1952,2945,0,-22,-109
1819,259.61,26997,329.55,330.42,0.87,103.2,121.1,0.0,-0.0,-17.8,-0.0,1939,2944,0,-20,-98
1820,259.70,26997,329.55,330.38,0.83,96.9,115.9,0.0,-0.0,-19.0,-0.0,1939,2948,0,-18,-92
1821,259.88,26994,329.52,330.29,0.77,87.2,107.4,0.0,-0.0,-20.2,-0.0,1902,2913,0,-20,-82
1822,260.05,26997,329.55,330.21,0.66,73.9,92.1,0.0,-0.0,-18.1,-0.0,1939,2959,0,-12,-71
1823,260.14,26997,329.55,330.16,0.61,65.0,85.2,0.0,-0.0,-20.2,-0.0,1939,2961,0,-11,-62
1824,260.31,27002,329.61,330.08,0.46,46.7,64.8,0.0,-0.0,-18.1,-0.0,2002,3033,0,-3,-45
1825,260.48,27004,329.64,329.99,0.35,31.9,49.4,0.0,-0.0,-17.5,-0.0,2027,3061,0,-1,-31
1826,260.57,27006,329.66,329.95,0.28,18.4,39.2,0.0,-0.0,-20.8,-0.0,2052,3096,0,1,-18
1827,260.74,27012,329.74,329.86,0.12,-1.4,17.0,0.0,-0.0,-18.4,-0.0,2127,1125,0,0,1
1828,260.91,27016,329.79,329.78,-0.01,-19.5,-1.7,0.0,-0.0,-17.8,-0.0,2177,1176,0,-4,18
1829,260.99,27018,329.81,329.74,-0.07,-29.2,-10.2,0.0,-0.0,-19.0,-0.0,2202,1202,0,-8,27
1830,261.17,27024,329.88,329.65,-0.23,-52.0,-32.4,0.0,-0.0,-19.6,-0.0,2277,1284,0,-20,46
1831,261.33,27027,329.92,329.56,-0.35,-67.0,-49.4,0.0,-0.0,-17.5,-0.0,2314,1314,0,-28,59
1832,261.43,27030,329.96,329.52,-0.44,-81.3,-61.4,0.0,-0.0,-19.9,-0.0,2352,1357,0,-38,69
1833,261.60,27037,330.04,329.43,-0.61,-103.7,-85.2,0.0,-0.0,-18.4,-0.0,2439,1446,0,-61,80
1834,261.77,27039,330.07,329.35,-0.72,-118.7,-100.6,0.0,-0.0,-18.1,-0.0,2464,1467,0,-72,89
1835,261.86,27040,330.08,329.30,-0.77,-127.3,-107.4,0.0,-0.0,-19.9,-0.0,2477,1478,0,-79,95
1836,262.02,27040,330.08,329.22,-0.85,-136.9,-119.3,0.0,-0.0,-17.5,-0.0,2477,1471,0,-84,103
1837,262.19,27037,330.04,329.14,-0.90,-144.6,-126.1,0.0,-0.0,-18.4,-0.0,2439,1421,0,-80,115
1838,262.28,27035,330.02,329.09,-0.93,-150.1,-129.5,0.0,-0.0,-20.5,-0.0,2414,1387,0,-77,123
1839,262.46,27034,330.00,329.01,-1.00,-157.4,-139.8,0.0,-0.0,-17.5,-0.0,2402,1371,0,-77,131
1840,262.55,27032,329.98,328.96,-1.03,-164.9,-143.2,0.0,-0.0,-21.7,-0.0,2377,1339,0,-74,141
1841,262.71,27026,329.91,328.88,-1.04,-163.0,-144.9,0.0,-0.0,-18.1,-0.0,2302,1258,0,-55,148
1842,262.88,27016,329.79,328.79,-1.00,-157.9,-139.8,0.0,-0.0,-18.1,-0.0,2177,1123,0,-23,151
1843,263.05,27007,329.68,328.71,-0.96,-152.5,-134.6,0.0,-0.0,-17.8,-0.0,2064,1001,0,5,148
1844,263.14,27000,329.59,328.66,-0.93,-149.1,-129.5,0.0,0.0,-19.6,-0.0,1977,900,0,27,142
1845,263.31,26988,329.44,328.58,-0.87,-138.6,-121.1,0.0,0.0,-17.5,-0.0,1827,746,0,56,122
1846,263.49,26974,329.27,328.49,-0.78,-129.0,-109.1,0.0,0.0,-19.9,-0.0,1652,550,0,83,93
1847,263.57,26967,329.19,328.45,-0.74,-123.3,-104.0,0.0,0.0,-19.3,-0.0,1564,465,0,90,78
1848,263.74,26954,329.03,328.36,-0.67,-112.5,-93.8,0.0,0.0,-18.7,-0.0,1402,300,0,98,48
1849,263.83,26944,328.91,328.32,-0.59,-100.9,-81.8,0.0,0.0,-19.0,-0.0,1277,169,0,94,25
1850,264.00,26928,328.71,328.23,-0.48,-84.6,-66.5,0.0,0.0,-18.1,-0.0,1077,4063,0,82,-4
1851,264.17,26913,328.53,328.15,-0.38,-71.6,-52.8,0.0,0.0,-18.7,-0.0,889,3870,0,65,-24
1852,264.26,26905,328.43,328.10,-0.33,-65.9,-46.0,0.0,0.0,-19.9,-0.0,789,3763,0,56,-31
1853,264.43,26885,328.19,328.02,-0.17,-42.3,-23.9,0.0,0.0,-18.4,-0.0,539,3510,0,26,-32
1854,264.60,26863,327.92,327.93,0.01,-15.8,1.7,0.0,0.0,-17.5,-0.0,264,3234,0,4,-15
1855,264.69,26855,327.82,327.89,0.06,-11.1,8.5,0.0,0.0,-19.6,-0.0,164,3123,0,1,-11
1856,264.86,26838,327.61,327.80,0.18,7.7,25.6,0.0,0.0,-17.8,-0.0,4048,870,0,2,7
1857,265.03,26819,327.38,327.72,0.33,28.2,46.0,0.0,0.0,-17.8,-0.0,3810,628,0,16,22
1858,265.12,26810,327.27,327.67,0.40,37.2,56.2,0.0,0.0,-19.0,-0.0,3698,512,0,26,26
1859,265.29,26794,327.08,327.59,0.51,54.1,71.6,0.0,0.0,-17.5,-0.0,3498,329,0,46,25
1860,265.47,26778,326.88,327.50,0.62,67.6,86.9,0.0,0.0,-19.3,-0.0,3298,122,0,64,12
1861,265.55,26770,326.78,327.46,0.67,74.4,93.8,0.0,0.0,-19.3,-0.0,3198,21,0,72,2
1862,265.72,26755,326.60,327.37,0.77,88.9,107.4,0.0,0.0,-18.4,-0.0,3010,3940,0,84,-20
1863,265.89,26742,326.44,327.29,0.84,99.2,117.6,0.0,0.0,-18.4,-0.0,2848,3784,0,85,-44
1864,265.98,26734,326.34,327.24,0.90,106.8,126.1,0.0,0.0,-19.3,-0.0,2748,3680,0,83,-62
1865,266.15,26719,326.16,327.16,1.00,121.1,139.8,0.0,0.0,-18.7,-0.0,2560,3496,0,71,-93
1866,266.32,26710,326.05,327.07,1.03,125.1,143.2,0.0,0.0,-18.1,-0.0,2448,3398,0,58,-106
1867,266.41,26706,326.00,327.03,1.03,124.2,143.2,0.0,0.0,-19.0,-0.0,2398,3348,0,49,-110
1868,266.57,26696,325.88,326.94,1.06,129.6,148.2,0.0,0.0,-18.7,-0.0,2273,3228,0,30,-122
1869,266.73,26694,325.85,326.86,1.01,124.2,141.5,0.0,0.0,-17.2,-0.0,2248,3227,0,28,-117
1870,266.91,26693,325.84,326.78,0.94,112.6,131.2,0.0,-0.0,-18.7,-0.0,2235,3228,0,26,-106
1871,267.00,26690,325.81,326.73,0.93,109.3,129.5,0.0,-0.0,-20.2,-0.0,2198,3189,0,19,-104
1872,267.16,26687,325.77,326.65,0.88,105.2,122.8,0.0,-0.0,-17.5,-0.0,2160,3164,0,14,-101
1873,267.25,26685,325.74,326.61,0.87,101.4,121.1,0.0,-0.0,-19.6,-0.0,2135,3142,0,11,-98
1874,267.42,26685,325.74,326.52,0.78,90.7,109.1,0.0,-0.0,-18.4,-0.0,2135,3146,0,10,-87
1875,267.59,26685,325.74,326.43,0.70,79.3,97.2,0.0,-0.0,-17.8,-0.0,2135,3148,0,9,-76
1876,267.68,26687,325.77,326.39,0.62,67.3,86.9,0.0,-0.0,-19.6,-0.0,2160,3179,0,11,-64
1877,267.86,26694,325.85,326.30,0.45,43.5,63.1,0.0,-0.0,-19.6,-0.0,2248,3283,0,13,-40
1878,268.03,26696,325.88,326.22,0.34,29.6,47.7,0.0,-0.0,-18.1,-0.0,2273,3310,0,10,-27
1879,268.12,26699,325.92,326.17,0.26,15.6,35.8,0.0,-0.0,-20.2,-0.0,2310,3356,0,6,-14
1880,268.29,26705,325.99,326.09,0.10,-4.5,13.6,0.0,-0.0,-18.1,-0.0,2385,1390,0,-2,4
1881,268.46,26705,325.99,326.01,0.01,-15.8,1.7,0.0,-0.0,-17.5,-0.0,2385,1381,0,-8,13
1882,268.55,26709,326.04,325.96,-0.09,-33.3,-11.9,0.0,-0.0,-21.4,-0.0,2435,1436,0,-19,26
1883,268.71,26716,326.12,325.87,-0.24,-52.5,-34.1,0.0,-0.0,-18.4,-0.0,2523,1528,0,-36,36
1884,268.88,26718,326.15,325.79,-0.35,-67.2,-49.4,0.0,-0.0,-17.8,-0.0,2548,1546,0,-47,45
1885,268.97,26719,326.16,325.75,-0.42,-77.6,-58.0,0.0,-0.0,-19.6,-0.0,2560,1558,0,-55,51
1886,269.14,26725,326.23,325.66,-0.57,-99.1,-80.1,0.0,-0.0,-19.0,-0.0,2635,1641,0,-78,56
1887,269.31,26727,326.26,325.58,-0.68,-113.0,-95.4,0.0,-0.0,-17.5,-0.0,2660,1657,0,-90,62
1888,269.40,26726,326.25,325.53,-0.71,-118.5,-98.9,0.0,-0.0,-19.6,-0.0,2648,1640,0,-93,67
1889,269.58,26728,326.27,325.44,-0.83,-134.6,-115.9,0.0,-0.0,-18.7,-0.0,2673,1664,0,-108,72
1890,269.75,26729,326.28,325.36,-0.93,-147.1,-129.5,0.0,-0.0,-17.5,-0.0,2685,1671,0,-119,78
1891,269.84,26725,326.23,325.31,-0.93,-151.0,-129.5,0.0,-0.0,-21.4,-0.0,2635,1611,0,-115,91
1892,270.01,26720,326.17,325.23,-0.94,-149.4,-131.2,0.0,-0.0,-18.1,-0.0,2573,1539,0,-103,102
1893,270.18,26715,326.11,325.14,-0.98,-154.8,-136.4,0.0,-0.0,-18.4,-0.0,2510,1470,0,-95,116
1894,270.27,26711,326.06,325.10,-0.96,-154.0,-134.6,0.0,-0.0,-19.3,-0.0,2460,1410,0,-83,124
1895,270.45,26702,325.95,325.01,-0.94,-149.1,-131.2,0.0,-0.0,-17.8,-0.0,2348,1286,0,-57,133
1896,270.54,26699,325.92,324.96,-0.95,-154.4,-133.0,0.0,-0.0,-21.4,-0.0,2310,1242,0,-49,141
1897,270.70,26689,325.79,324.88,-0.92,-146.2,-127.9,0.0,0.0,-18.4,-0.0,2185,1116,0,-20,140
1898,270.87,26675,325.62,324.79,-0.83,-133.8,-115.9,0.0,0.0,-17.8,-0.0,2010,929,0,19,128
1899,271.04,26662,325.46,324.71,-0.76,-123.2,-105.7,0.0,0.0,-17.5,-0.0,1848,762,0,47,110
1900,271.13,26657,325.40,324.67,-0.73,-123.4,-102.3,0.0,0.0,-21.1,-0.0,1785,686,0,59,104
1901,271.30,26642,325.22,324.58,-0.63,-106.2,-88.6,0.0,0.0,-17.5,-0.0,1598,501,0,74,72
1902,271.39,26631,325.09,324.54,-0.55,-96.3,-76.7,0.0,0.0,-19.6,-0.0,1460,345,0,81,47
1903,271.56,26613,324.87,324.45,-0.42,-75.8,-58.0,0.0,0.0,-17.8,-0.0,1235,123,0,72,14
1904,271.73,26598,324.68,324.37,-0.32,-63.1,-44.3,0.0,0.0,-18.7,-0.0,1048,4026,0,61,-7
1905,271.82,26586,324.54,324.32,-0.22,-50.6,-30.7,0.0,0.0,-19.9,-0.0,898,3858,0,46,-18
1906,271.99,26570,324.34,324.24,-0.10,-31.5,-13.6,0.0,0.0,-17.8,-0.0,698,3668,0,24,-19
1907,272.16,26550,324.10,324.15,0.06,-9.9,8.5,0.0,0.0,-18.4,-0.0,448,3415,0,5,-8
1908,272.25,26541,323.99,324.11,0.12,-3.2,17.0,0.0,0.0,-20.2,-0.0,335,3291,0,1,-3
1909,272.43,26522,323.75,324.02,0.27,19.1,37.5,0.0,0.0,-18.4,-0.0,98,1010,0,0,18
1910,272.59,26508,323.58,323.94,0.35,31.9,49.4,0.0,0.0,-17.5,-0.0,4019,849,0,8,30
1911,272.68,26498,323.46,323.89,0.43,40.0,59.7,0.0,0.0,-19.6,-0.0,3894,710,0,18,34
1912,272.85,26477,323.21,323.81,0.60,66.0,83.5,0.0,0.0,-17.5,-0.0,3631,458,0,49,41
1913,273.02,26461,323.01,323.72,0.71,81.1,98.9,0.0,0.0,-17.8,-0.0,3431,259,0,72,30
1914,273.11,26455,322.94,323.68,0.74,84.7,104.0,0.0,0.0,-19.3,-0.0,3356,181,0,79,22
1915,273.28,26439,322.74,323.59,0.85,101.8,119.3,0.0,0.0,-17.5,-0.0,3156,4083,0,99,-2
1916,273.45,26425,322.57,323.51,0.94,112.2,131.2,0.0,0.0,-19.0,-0.0,2981,3911,0,104,-30
1917,273.54,26420,322.51,323.46,0.95,113.1,133.0,0.0,0.0,-19.9,-0.0,2919,3853,0,102,-40
1918,273.71,26411,322.40,323.38,0.98,117.9,136.4,0.0,0.0,-18.4,-0.0,2806,3757,0,99,-57
1919,273.88,26401,322.28,323.29,1.01,122.8,141.5,0.0,0.0,-18.7,-0.0,2681,3634,0,90,-77
1920,273.96,26395,322.20,323.25,1.05,127.3,146.6,0.0,0.0,-19.3,-0.0,2606,3562,0,84,-90
1921,274.13,26391,322.16,323.16,1.01,122.4,141.5,0.0,0.0,-19.0,-0.0,2556,3528,0,76,-91
1922,274.30,26385,322.08,323.08,1.00,121.6,139.8,0.0,0.0,-18.1,-0.0,2481,3461,0,66,-97
1923,274.39,26383,322.06,323.04,0.98,117.6,136.4,0.0,0.0,-18.7,-0.0,2456,3438,0,61,-96
1924,274.56,26377,321.98,322.95,0.96,116.8,134.6,0.0,-0.0,-17.8,-0.0,2381,3371,0,50,-101
1925,274.72,26377,321.98,322.87,0.89,107.2,124.4,0.0,-0.0,-17.2,-0.0,2381,3381,0,47,-92
1926,274.89,26378,322.00,322.79,0.79,92.1,110.8,0.0,-0.0,-18.7,-0.0,2394,3403,0,43,-78
1927,274.98,26379,322.01,322.74,0.73,82.9,102.3,0.0,-0.0,-19.3,-0.0,2406,3421,0,41,-69
1928,275.15,26382,322.05,322.65,0.61,65.9,85.2,0.0,-0.0,-19.3,-0.0,2444,3474,0,37,-52
1929,275.32,26383,322.06,322.57,0.51,53.5,71.6,0.0,-0.0,-18.1,-0.0,2456,3489,0,31,-42
1930,275.41,26384,322.07,322.53,0.45,42.8,63.1,0.0,-0.0,-20.2,-0.0,2469,3504,0,26,-33
1931,275.58,26390,322.14,322.44,0.31,25.1,42.6,0.0,-0.0,-17.5,-0.0,2544,3585,0,17,-17
1932,275.75,26394,322.19,322.36,0.17,6.3,23.9,0.0,-0.0,-17.5,-0.0,2594,3636,0,5,-4
1933,275.84,26394,322.19,322.31,0.12,-3.8,17.0,0.0,-0.0,-20.8,-0.0,2594,1590,0,-3,2
1934,276.01,26402,322.29,322.23,-0.06,-26.7,-8.5,0.0,-0.0,-18.1,-0.0,2694,1697,0,-22,13
1935,276.10,26405,322.33,322.18,-0.15,-40.4,-20.5,0.0,-0.0,-19.9,-0.0,2731,1740,0,-35,18
1936,276.27,26409,322.38,322.10,-0.28,-57.3,-39.2,0.0,-0.0,-18.1,-0.0,2781,1784,0,-51,22
1937,276.44,26413,322.42,322.02,-0.42,-75.5,-58.0,0.0,-0.0,-17.5,-0.0,2831,1834,0,-69,24
1938,276.53,26414,322.44,321.97,-0.46,-85.6,-64.8,0.0,-0.0,-20.8,-0.0,2844,1853,0,-79,24
1939,276.69,26418,322.49,321.88,-0.60,-101.9,-83.5,0.0,-0.0,-18.4,-0.0,2894,1894,0,-96,23
1940,276.87,26418,322.49,321.80,-0.68,-114.2,-95.4,0.0,-0.0,-18.7,-0.0,2894,1887,0,-107,27
1941,276.96,26419,322.50,321.75,-0.74,-123.9,-104.0,0.0,-0.0,-19.9,-0.0,2906,1898,0,-117,27
1942,277.13,26421,322.52,321.67,-0.85,-138.6,-119.3,0.0,-0.0,-19.3,-0.0,2931,1919,0,-132,26
1943,277.30,26420,322.51,321.58,-0.93,-148.0,-129.5,0.0,-0.0,-18.4,-0.0,2919,1902,0,-140,32
1944,277.39,26418,322.49,321.54,-0.95,-152.9,-133.0,0.0,-0.0,-19.9,-0.0,2894,1870,0,-143,40
1945,277.55,26415,322.45,321.45,-0.99,-155.6,-138.1,0.0,-0.0,-17.5,-0.0,2856,1828,0,-142,50
1946,277.73,26412,322.41,321.37,-1.05,-166.2,-146.6,0.0,-0.0,-19.6,-0.0,2819,1781,0,-148,64
1947,277.82,26407,322.35,321.32,-1.03,-163.8,-143.2,0.0,-0.0,-20.5,-0.0,2756,1709,0,-138,79
1948,277.99,26396,322.22,321.24,-0.98,-154.8,-136.4,0.0,-0.0,-18.4,-0.0,2619,1560,0,-110,102
1949,278.16,26387,322.11,321.15,-0.95,-151.8,-133.0,0.0,0.0,-18.7,-0.0,2506,1440,0,-88,118
1950,278.25,26382,322.05,321.11,-0.94,-150.6,-131.2,0.0,0.0,-19.3,-0.0,2444,1370,0,-74,126
1951,278.41,26369,321.89,321.03,-0.87,-138.2,-121.1,0.0,0.0,-17.2,-0.0,2281,1198,0,-35,129
1952,278.58,26355,321.72,320.94,-0.78,-126.6,-109.1,0.0,0.0,-17.5,-0.0,2106,1017,0,1,123
1953,278.67,26347,321.62,320.90,-0.72,-120.5,-100.6,0.0,0.0,-19.9,-0.0,2006,904,0,21,115
1954,278.84,26333,321.45,320.81,-0.63,-106.5,-88.6,0.0,0.0,-17.8,-0.0,1831,730,0,45,93
1955,279.02,26315,321.23,320.73,-0.50,-87.8,-69.9,0.0,0.0,-17.8,-0.0,1606,494,0,62,58
1956,279.10,26304,321.09,320.68,-0.42,-78.2,-58.0,0.0,0.0,-20.2,-0.0,1469,340,0,66,38
1957,279.26,26287,320.89,320.60,-0.29,-58.4,-40.9,0.0,0.0,-17.5,-0.0,1256,136,0,55,12
1958,279.44,26270,320.68,320.51,-0.17,-42.9,-23.9,0.0,0.0,-19.0,-0.0,1044,4011,0,41,-5
1959,279.53,26262,320.58,320.47,-0.11,-35.2,-15.3,0.0,0.0,-19.9,-0.0,944,3903,0,33,-10
1960,279.69,26242,320.34,320.39,0.05,-11.0,6.8,0.0,0.0,-17.8,-0.0,694,3661,0,8,-7
1961,279.86,26224,320.12,320.30,0.18,7.4,25.6,0.0,0.0,-18.1,-0.0,469,1387,0,-4,6
1962,279.95,26215,320.01,320.26,0.24,14.5,34.1,0.0,0.0,-19.6,-0.0,356,1267,0,-5,13
1963,280.13,26199,319.81,320.17,0.35,31.0,49.4,0.0,0.0,-18.4,-0.0,156,1076,0,-2,30
1964,280.29,26181,319.59,320.08,0.49,49.8,68.2,0.0,0.0,-18.4,-0.0,4027,852,0,13,47
1965,280.38,26169,319.45,320.04,0.60,63.6,83.5,0.0,0.0,-19.9,-0.0,3877,690,0,30,54
1966,280.55,26157,319.30,319.95,0.66,74.5,92.1,0.0,0.0,-17.5,-0.0,3727,562,0,47,55
1967,280.73,26142,319.12,319.87,0.76,86.9,105.7,0.0,0.0,-18.7,-0.0,3540,371,0,71,45
1968,280.81,26134,319.02,319.82,0.81,93.2,112.5,0.0,0.0,-19.3,-0.0,3440,268,0,83,36
1969,280.99,26121,318.86,319.74,0.88,104.3,122.8,0.0,0.0,-18.4,-0.0,3277,118,0,99,18
1970,281.16,26107,318.69,319.65,0.96,116.8,134.6,0.0,0.0,-17.8,-0.0,3102,4048,0,113,-8
1971,281.25,26103,318.64,319.61,0.96,115.4,134.6,0.0,0.0,-19.3,-0.0,3052,3994,0,110,-17
1972,281.42,26092,318.51,319.52,1.01,123.6,141.5,0.0,0.0,-17.8,-0.0,2915,3868,0,113,-41
1973,281.59,26085,318.42,319.44,1.01,123.4,141.5,0.0,0.0,-18.1,-0.0,2827,3790,0,107,-54
1974,281.68,26082,318.38,319.39,1.01,122.4,141.5,0.0,0.0,-19.0,-0.0,2790,3755,0,103,-59
1975,281.85,26079,318.35,319.31,0.96,116.8,134.6,0.0,0.0,-17.8,-0.0,2752,3736,0,96,-59
1976,282.02,26073,318.27,319.22,0.95,113.9,133.0,0.0,-0.0,-19.0,-0.0,2677,3661,0,87,-68
1977,282.11,26073,318.27,319.18,0.90,106.2,126.1,0.0,-0.0,-19.9,-0.0,2677,3671,0,82,-62
1978,282.28,26071,318.25,319.09,0.84,100.1,117.6,0.0,-0.0,-17.5,-0.0,2652,3656,0,76,-61
1979,282.45,26069,318.23,319.01,0.78,90.7,109.1,0.0,-0.0,-18.4,-0.0,2627,3635,0,67,-57
1980,282.54,26070,318.24,318.96,0.72,81.2,100.6,0.0,-0.0,-19.3,-0.0,2640,3650,0,61,-50
1981,282.71,26072,318.26,318.88,0.61,66.5,85.2,0.0,-0.0,-18.7,-0.0,2665,3688,0,52,-38
1982,282.88,26072,318.26,318.79,0.52,55.5,73.3,0.0,-0.0,-17.8,-0.0,2665,3688,0,44,-31
1983,282.96,26074,318.29,318.75,0.46,46.1,64.8,0.0,-0.0,-18.7,-0.0,2690,3718,0,37,-24
1984,283.13,26080,318.36,318.67,0.31,24.8,42.6,0.0,-0.0,-17.8,-0.0,2765,3805,0,22,-10
1985,283.30,26081,318.37,318.58,0.21,10.5,29.0,0.0,-0.0,-18.4,-0.0,2777,3816,0,9,-4
1986,283.39,26085,318.42,318.54,0.12,-3.2,17.0,0.0,-0.0,-20.2,-0.0,2827,1824,0,-3,1
1987,283.55,26089,318.47,318.45,-0.01,-19.5,-1.7,0.0,-0.0,-17.8,-0.0,2877,1878,0,-18,5
1988,283.73,26093,318.52,318.37,-0.15,-39.8,-20.5,0.0,-0.0,-19.3,-0.0,2927,1928,0,-38,7
1989,283.81,26094,318.53,318.32,-0.21,-48.6,-29.0,0.0,-0.0,-19.6,-0.0,2940,1938,0,-46,8
1990,283.99,26097,318.57,318.24,-0.33,-64.8,-46.0,0.0,-0.0,-18.7,-0.0,2977,1977,0,-62,7
1991,284.16,26104,318.65,318.15,-0.50,-88.0,-69.9,0.0,-0.0,-18.1,-0.0,3065,2066,0,-85,-2
1992,284.24,26104,318.65,318.11,-0.54,-94.1,-75.0,0.0,-0.0,-19.0,-0.0,3065,2064,0,-91,-2
1993,284.42,26107,318.69,318.02,-0.67,-113.4,-93.8,0.0,-0.0,-19.6,-0.0,3102,2100,0,-109,-9
1994,284.59,26107,318.69,317.94,-0.76,-124.4,-105.7,0.0,-0.0,-18.7,-0.0,3102,2096,0,-120,-9
1995,284.68,26109,318.71,317.89,-0.82,-134.1,-114.2,0.0,-0.0,-19.9,-0.0,3127,2122,0,-129,-15
1996,284.85,26108,318.70,317.81,-0.89,-142.2,-124.4,0.0,-0.0,-17.8,-0.0,3115,2097,0,-137,-10
1997,285.01,26104,318.65,317.73,-0.93,-148.0,-129.5,0.0,-0.0,-18.4,-0.0,3065,2040,0,-143,2
1998,285.10,26101,318.62,317.68,-0.94,-151.1,-131.2,0.0,-0.0,-19.9,-0.0,3027,1993,0,-146,12
1999,285.27,26095,318.54,317.60,-0.94,-149.4,-131.2,0.0,-0.0,-18.1,-0.0,2952,1910,0,-141,30
