Sample,Timestamp,Raw Encoder Reading,Measured Motor Steps,Target Motor Steps,Current Error,PID Control Signal,PID P Term,PID I Term,PID D Term,PID V Term,PID A Term,Measured Step Phase,Desired Step Phase,Phase Shift,Coil A Current,Coil B Current
0,0.04,33573,409.83,410.25,0.43,12.8,12.8,0.0,0.0,-0.0,-0.0,2219,3243,0,3,-12
1,0.19,33572,409.81,410.25,0.44,13.2,13.2,0.0,0.0,-0.0,-0.0,2207,3228,0,3,-12
2,0.35,33572,409.81,410.25,0.44,13.2,13.2,0.0,0.0,-0.0,-0.0,2207,3228,0,3,-12
3,0.51,33572,409.81,410.25,0.44,13.2,13.2,0.0,0.0,-0.0,-0.0,2207,3229,0,3,-12
4,0.67,33573,409.83,410.25,0.43,12.8,12.8,0.0,0.0,-0.0,-0.0,2219,3243,0,3,-12
5,0.75,33573,409.83,410.25,0.43,12.8,12.8,0.0,-0.0,-0.0,-0.0,2219,3245,0,3,-12
6,0.91,33571,409.80,410.25,0.45,13.5,13.5,0.0,0.0,-0.0,-0.0,2194,3217,0,3,-13
7,1.07,33571,409.80,410.25,0.45,13.5,13.5,0.0,0.0,-0.0,-0.0,2194,3216,0,3,-13
8,1.23,33572,409.81,410.25,0.44,13.2,13.2,0.0,0.0,-0.0,-0.0,2207,3230,0,3,-12
9,1.39,33572,409.81,410.25,0.43,12.8,12.8,0.0,0.0,-0.0,-0.0,2207,3229,0,3,-12
10,1.47,33573,409.83,410.25,0.42,12.5,12.5,0.0,-0.0,-0.0,-0.0,2219,3246,0,3,-12
11,1.63,33573,409.83,410.25,0.42,12.5,12.5,0.0,-0.0,-0.0,-0.0,2219,3246,0,3,-12
12,1.79,33573,409.83,410.25,0.42,12.5,12.5,0.0,-0.0,-0.0,-0.0,2219,3245,0,3,-12
13,1.95,33571,409.80,410.25,0.44,13.2,13.2,0.0,0.0,-0.0,-0.0,2194,3216,0,3,-12
14,2.03,33571,409.80,410.24,0.44,13.2,13.2,0.0,0.0,-0.0,-0.0,2194,3216,0,3,-12
15,2.19,33573,409.83,410.24,0.42,12.5,12.5,0.0,0.0,-0.0,-0.0,2219,3243,0,3,-12
16,2.35,33573,409.83,410.24,0.42,12.5,12.5,0.0,0.0,-0.0,-0.0,2219,3243,0,3,-12
17,2.51,33574,409.84,410.24,0.40,12.1,12.1,0.0,-0.0,-0.0,-0.0,2232,3261,0,3,-11
18,2.67,33573,409.83,410.24,0.42,12.5,12.5,0.0,-0.0,-0.0,-0.0,2219,3246,0,3,-12
19,2.76,33572,409.81,410.24,0.43,12.8,12.8,0.0,0.0,-0.0,-0.0,2207,3229,0,3,-12
20,2.92,33571,409.80,410.24,0.44,13.2,13.2,0.0,0.0,-0.0,-0.0,2194,3215,0,3,-12
21,3.08,33571,409.80,410.24,0.44,13.2,13.2,0.0,0.0,-0.0,-0.0,2194,3215,0,3,-12
22,3.24,33573,409.83,410.24,0.42,12.5,12.5,0.0,0.0,-0.0,-0.0,2219,3243,0,3,-12
23,3.40,33573,409.83,410.24,0.40,12.1,12.1,0.0,-0.0,-0.0,-0.0,2219,3245,0,3,-11
24,3.48,33573,409.83,410.23,0.40,12.1,12.1,0.0,-0.0,-0.0,-0.0,2219,3246,0,3,-11
25,3.64,33573,409.83,410.23,0.40,12.1,12.1,0.0,-0.0,-0.0,-0.0,2219,3246,0,3,-11
26,3.80,33574,409.84,410.23,0.39,11.7,11.7,0.0,-0.0,-0.0,-0.0,2232,3259,0,3,-11
27,3.96,33571,409.80,410.23,0.43,12.8,12.8,0.0,0.0,-0.0,-0.0,2194,3215,0,3,-12
28,4.04,33570,409.79,410.23,0.44,13.2,13.2,0.0,0.0,-0.0,-0.0,2182,3202,0,3,-13
29,4.21,33570,409.79,410.23,0.44,13.2,13.2,0.0,0.0,-0.0,-0.0,2182,3202,0,3,-13
30,4.37,33570,409.79,410.23,0.44,13.2,13.2,0.0,0.0,-0.0,-0.0,2182,3200,0,2,-13
31,4.53,33574,409.84,410.22,0.39,11.7,11.7,0.0,-0.0,-0.0,-0.0,2232,3260,0,3,-11
32,4.62,33574,409.84,410.22,0.38,11.4,11.4,0.0,-0.0,-0.0,-0.0,2232,3261,0,3,-11
33,4.78,33572,409.81,410.22,0.40,12.1,12.1,0.0,-0.0,-0.0,-0.0,2207,3234,0,3,-11
34,4.94,33572,409.81,410.22,0.40,12.1,12.1,0.0,-0.0,-0.0,-0.0,2207,3234,0,3,-11
35,5.10,33572,409.81,410.22,0.40,12.1,12.1,0.0,-0.0,-0.0,-0.0,2207,3231,0,3,-11
36,5.18,33572,409.81,410.22,0.40,12.1,12.1,0.0,0.0,-0.0,-0.0,2207,3228,0,3,-11
37,5.34,33573,409.83,410.21,0.39,11.7,11.7,0.0,-0.0,-0.0,-0.0,2219,3244,0,3,-11
38,5.50,33574,409.84,410.21,0.38,11.4,11.4,0.0,-0.0,-0.0,-0.0,2232,3259,0,3,-11
39,5.66,33571,409.80,410.21,0.40,12.1,12.1,0.0,0.0,-0.0,-0.0,2194,3216,0,3,-11
40,5.82,33573,409.83,410.21,0.38,11.4,11.4,0.0,-0.0,-0.0,-0.0,2219,3245,0,3,-11
41,5.91,33573,409.83,410.21,0.38,11.4,11.4,0.0,-0.0,-0.0,-0.0,2219,3245,0,3,-11
42,6.06,33571,409.80,410.20,0.40,12.1,12.1,0.0,0.0,-0.0,-0.0,2194,3215,0,3,-11
43,6.22,33571,409.80,410.20,0.40,12.1,12.1,0.0,0.0,-0.0,-0.0,2194,3215,0,3,-11
44,6.38,33572,409.81,410.20,0.38,11.4,11.4,0.0,-0.0,-0.0,-0.0,2207,3234,0,3,-11
45,6.46,33576,409.86,410.20,0.33,9.9,9.9,0.0,-0.0,-0.0,-0.0,2257,3286,0,3,-9
46,6.63,33574,409.84,410.19,0.35,10.6,10.6,0.0,-0.0,-0.0,-0.0,2232,3257,0,3,-10
47,6.80,33572,409.81,410.19,0.38,11.4,11.4,0.0,-0.0,-0.0,-0.0,2207,3233,0,3,-11
48,6.96,33573,409.83,410.19,0.37,11.0,11.0,0.0,-0.0,-0.0,-0.0,2219,3246,0,3,-10
49,7.04,33573,409.83,410.19,0.37,11.0,11.0,0.0,-0.0,-0.0,-0.0,2219,3245,0,3,-10
50,7.21,33573,409.83,410.18,0.35,10.6,10.6,0.0,0.0,-0.0,-0.0,2219,3240,0,3,-10
51,7.37,33571,409.80,410.18,0.38,11.4,11.4,0.0,0.0,-0.0,-0.0,2194,3215,0,2,-11
52,7.46,33570,409.79,410.18,0.39,11.7,11.7,0.0,0.0,-0.0,-0.0,2182,3203,0,2,-11
53,7.61,33572,409.81,410.18,0.37,11.0,11.0,0.0,0.0,-0.0,-0.0,2207,3230,0,3,-10
54,7.78,33570,409.79,410.17,0.38,11.4,11.4,0.0,0.0,-0.0,-0.0,2182,3202,0,2,-11
55,7.95,33569,409.78,410.17,0.39,11.7,11.7,0.0,0.0,-0.0,-0.0,2169,3187,0,2,-11
56,8.03,33569,409.78,410.17,0.39,11.7,11.7,0.0,0.0,-0.0,-0.0,2169,3190,0,2,-11
57,8.19,33569,409.78,410.17,0.39,11.7,11.7,0.0,0.0,-0.0,-0.0,2169,3190,0,2,-11
58,8.35,33570,409.79,410.16,0.37,11.0,11.0,0.0,0.0,-0.0,-0.0,2182,3203,0,2,-10
59,8.51,33569,409.78,410.16,0.38,11.4,11.4,0.0,-0.0,-0.0,-0.0,2169,3193,0,2,-11
60,8.60,33569,409.78,410.16,0.38,11.4,11.4,0.0,-0.0,-0.0,-0.0,2169,3193,0,2,-11
61,8.76,33569,409.78,410.15,0.38,11.4,11.4,0.0,-0.0,-0.0,-0.0,2169,3193,0,2,-11
62,8.93,33571,409.80,410.15,0.34,10.2,10.2,0.0,-0.0,-0.0,-0.0,2194,3221,0,2,-10
63,9.08,33570,409.79,410.15,0.35,10.6,10.6,0.0,-0.0,-0.0,-0.0,2182,3206,0,2,-10
64,9.25,33571,409.80,410.14,0.34,10.2,10.2,0.0,-0.0,-0.0,-0.0,2194,3221,0,2,-10
65,9.32,33572,409.81,410.14,0.33,9.9,9.9,0.0,-0.0,-0.0,-0.0,2207,3235,0,2,-9
66,9.49,33569,409.78,410.14,0.35,10.6,10.6,0.0,0.0,-0.0,-0.0,2169,3190,0,2,-10
67,9.65,33568,409.77,410.13,0.37,11.0,11.0,0.0,0.0,-0.0,-0.0,2157,3176,0,2,-11
68,9.82,33567,409.75,410.13,0.38,11.4,11.4,0.0,0.0,-0.0,-0.0,2144,3163,0,2,-11
69,9.90,33568,409.77,410.13,0.37,11.0,11.0,0.0,0.0,-0.0,-0.0,2157,3176,0,2,-11
70,10.06,33567,409.75,410.12,0.37,11.0,11.0,0.0,0.0,-0.0,-0.0,2144,3162,0,1,-11
71,10.23,33567,409.75,410.12,0.37,11.0,11.0,0.0,0.0,-0.0,-0.0,2144,3166,0,2,-11
72,10.39,33569,409.78,410.11,0.34,10.2,10.2,0.0,-0.0,-0.0,-0.0,2169,3196,0,2,-10
73,10.47,33569,409.78,410.11,0.33,9.9,9.9,0.0,-0.0,-0.0,-0.0,2169,3196,0,2,-9
74,10.63,33570,409.79,410.11,0.32,9.5,9.5,0.0,-0.0,-0.0,-0.0,2182,3207,0,2,-9
75,10.79,33569,409.78,410.10,0.33,9.9,9.9,0.0,-0.0,-0.0,-0.0,2169,3196,0,2,-9
76,10.95,33569,409.78,410.10,0.32,9.5,9.5,0.0,-0.0,-0.0,-0.0,2169,3193,0,2,-9
77,11.03,33571,409.80,410.10,0.29,8.8,8.8,0.0,-0.0,-0.0,-0.0,2194,3221,0,2,-8
78,11.19,33571,409.80,410.09,0.29,8.8,8.8,0.0,-0.0,-0.0,-0.0,2194,3219,0,2,-8
79,11.36,33570,409.79,410.09,0.29,8.8,8.8,0.0,-0.0,-0.0,-0.0,2182,3208,0,2,-8
80,11.53,33570,409.79,410.08,0.29,8.8,8.8,0.0,-0.0,-0.0,-0.0,2182,3208,0,2,-8
81,11.61,33570,409.79,410.08,0.29,8.8,8.8,0.0,-0.0,-0.0,-0.0,2182,3208,0,2,-8
82,11.76,33567,409.75,410.08,0.32,9.5,9.5,0.0,0.0,-0.0,-0.0,2144,3162,0,1,-9
83,11.93,33567,409.75,410.07,0.32,9.5,9.5,0.0,0.0,-0.0,-0.0,2144,3165,0,1,-9
84,12.09,33569,409.78,410.07,0.29,8.8,8.8,0.0,0.0,-0.0,-0.0,2169,3192,0,2,-8
85,12.17,33569,409.78,410.06,0.28,8.4,8.4,0.0,-0.0,-0.0,-0.0,2169,3191,0,1,-8
86,12.34,33568,409.77,410.06,0.29,8.8,8.8,0.0,-0.0,-0.0,-0.0,2157,3180,0,1,-8
87,12.50,33567,409.75,410.05,0.31,9.2,9.2,0.0,-0.0,-0.0,-0.0,2144,3169,0,1,-9
88,12.67,33569,409.78,410.05,0.27,8.1,8.1,0.0,-0.0,-0.0,-0.0,2169,3191,0,1,-8
89,12.74,33569,409.78,410.05,0.27,8.1,8.1,0.0,-0.0,-0.0,-0.0,2169,3193,0,1,-8
90,12.91,33568,409.77,410.04,0.28,8.4,8.4,0.0,0.0,-0.0,-0.0,2157,3179,0,1,-8
91,13.06,33569,409.78,410.04,0.26,7.7,7.7,0.0,-0.0,-0.0,-0.0,2169,3196,0,1,-7
92,13.22,33568,409.77,410.03,0.27,8.1,8.1,0.0,0.0,-0.0,-0.0,2157,3179,0,1,-8
93,13.31,33566,409.74,410.03,0.28,8.4,8.4,0.0,0.0,-0.0,-0.0,2132,3151,0,1,-8
94,13.47,33567,409.75,410.02,0.27,8.1,8.1,0.0,0.0,-0.0,-0.0,2144,3165,0,1,-8
95,13.63,33569,409.78,410.02,0.24,7.3,7.3,0.0,-0.0,-0.0,-0.0,2169,3195,0,1,-7
96,13.79,33569,409.78,410.01,0.23,7.0,7.0,0.0,-0.0,-0.0,-0.0,2169,3192,0,1,-7
97,13.88,33569,409.78,410.01,0.23,7.0,7.0,0.0,-0.0,-0.0,-0.0,2169,3195,0,1,-7
98,14.03,33569,409.78,410.00,0.22,6.6,6.6,0.0,-0.0,-0.0,-0.0,2169,3196,0,1,-6
99,14.20,33569,409.78,410.00,0.22,6.6,6.6,0.0,-0.0,-0.0,-0.0,2169,3194,0,1,-6
100,14.36,33567,409.75,409.99,0.23,7.0,7.0,0.0,0.0,-0.0,-0.0,2144,3165,0,1,-7
101,14.52,33570,409.79,409.99,0.20,5.9,5.9,0.0,-0.0,-0.0,-0.0,2182,3208,0,1,-6
102,14.60,33569,409.78,409.98,0.21,6.2,6.2,0.0,-0.0,-0.0,-0.0,2169,3193,0,1,-6
103,14.76,33568,409.77,409.98,0.21,6.2,6.2,0.0,-0.0,-0.0,-0.0,2157,3179,0,1,-6
104,14.93,33569,409.78,409.97,0.20,5.9,5.9,0.0,-0.0,-0.0,-0.0,2169,3196,0,1,-6
105,15.08,33569,409.78,409.96,0.18,5.5,5.5,0.0,-0.0,-0.0,-0.0,2169,3195,0,1,-5
106,15.16,33569,409.78,409.96,0.18,5.5,5.5,0.0,-0.0,-0.0,-0.0,2169,3191,0,1,-5
107,15.33,33567,409.75,409.96,0.21,6.2,6.2,0.0,-0.0,-0.0,-0.0,2144,3166,0,1,-6
108,15.48,33567,409.75,409.95,0.20,5.9,5.9,0.0,0.0,-0.0,-0.0,2144,3165,0,1,-6
109,15.64,33568,409.77,409.94,0.18,5.5,5.5,0.0,-0.0,-0.0,-0.0,2157,3179,0,1,-5
110,15.73,33569,409.78,409.94,0.16,4.8,4.8,0.0,-0.0,-0.0,-0.0,2169,3193,0,1,-5
111,15.89,33566,409.74,409.93,0.20,5.9,5.9,0.0,0.0,-0.0,-0.0,2132,3153,0,1,-6
112,16.06,33566,409.74,409.93,0.18,5.5,5.5,0.0,-0.0,-0.0,-0.0,2132,3154,0,1,-5
113,16.22,33565,409.73,409.92,0.20,5.9,5.9,0.0,0.0,-0.0,-0.0,2119,3140,0,1,-6
114,16.38,33565,409.73,409.91,0.18,5.5,5.5,0.0,0.0,-0.0,-0.0,2119,3137,0,1,-5
115,16.46,33565,409.73,409.91,0.18,5.5,5.5,0.0,0.0,-0.0,-0.0,2119,3140,0,1,-5
116,16.62,33568,409.77,409.90,0.13,4.0,4.0,0.0,-0.0,-0.0,-0.0,2157,3184,0,1,-4
117,16.79,33566,409.74,409.90,0.16,4.8,4.8,0.0,-0.0,-0.0,-0.0,2132,3157,0,1,-5
118,16.87,33567,409.75,409.89,0.13,4.0,4.0,0.0,-0.0,-0.0,-0.0,2144,3171,0,1,-4
119,17.04,33568,409.77,409.89,0.12,3.7,3.7,0.0,-0.0,-0.0,-0.0,2157,3185,0,1,-3
120,17.20,33567,409.75,409.88,0.12,3.7,3.7,0.0,-0.0,-0.0,-0.0,2144,3170,0,1,-4
121,17.37,33567,409.75,409.87,0.12,3.7,3.7,0.0,-0.0,-0.0,-0.0,2144,3170,0,1,-4
122,17.46,33567,409.75,409.87,0.11,3.3,3.3,0.0,-0.0,-0.0,-0.0,2144,3170,0,0,-3
123,17.64,33563,409.70,409.86,0.16,4.8,4.8,0.0,0.0,-0.0,-0.0,2094,3110,0,0,-5
124,17.81,33565,409.73,409.85,0.12,3.7,3.7,0.0,0.0,-0.0,-0.0,2119,3139,0,0,-4
125,17.88,33565,409.73,409.85,0.12,3.7,3.7,0.0,0.0,-0.0,-0.0,2119,3140,0,0,-4
126,18.04,33564,409.72,409.84,0.12,3.7,3.7,0.0,0.0,-0.0,-0.0,2107,3127,0,0,-4
127,18.21,33564,409.72,409.83,0.12,3.7,3.7,0.0,-0.0,-0.0,-0.0,2107,3131,0,0,-4
128,18.36,33566,409.74,409.83,0.09,2.6,2.6,0.0,-0.0,-0.0,-0.0,2132,3159,0,0,-2
129,18.45,33564,409.72,409.82,0.11,3.3,3.3,0.0,-0.0,-0.0,-0.0,2107,3129,0,0,-3
130,18.61,33564,409.72,409.82,0.10,2.9,2.9,0.0,-0.0,-0.0,-0.0,2107,3131,0,0,-3
131,18.77,33563,409.70,409.81,0.10,2.9,2.9,0.0,-0.0,-0.0,-0.0,2094,3117,0,0,-3
132,18.94,33564,409.72,409.80,0.09,2.6,2.6,0.0,-0.0,-0.0,-0.0,2107,3130,0,0,-2
133,19.02,33564,409.72,409.80,0.09,2.6,2.6,0.0,0.0,-0.0,-0.0,2107,3128,0,0,-2
134,19.18,33564,409.72,409.79,0.07,2.2,2.2,0.0,-0.0,-0.0,-0.0,2107,3131,0,0,-2
135,19.34,33564,409.72,409.78,0.06,1.8,1.8,0.0,-0.0,-0.0,-0.0,2107,3133,0,0,-2
136,19.50,33564,409.72,409.77,0.06,1.8,1.8,0.0,-0.0,-0.0,-0.0,2107,3131,0,0,-2
137,19.66,33565,409.73,409.77,0.04,1.1,1.1,0.0,-0.0,-0.0,-0.0,2119,3145,0,0,-1
138,19.74,33565,409.73,409.76,0.04,1.1,1.1,0.0,-0.0,-0.0,-0.0,2119,3145,0,0,-1
139,19.91,33564,409.72,409.75,0.04,1.1,1.1,0.0,-0.0,-0.0,-0.0,2107,3131,0,0,-1
140,20.06,33563,409.70,409.75,0.04,1.1,1.1,0.0,-0.0,-0.0,-0.0,2094,3117,0,0,-1
141,20.23,33564,409.72,409.74,0.02,0.7,0.7,0.0,-0.0,-0.0,-0.0,2107,3131,0,0,-1
142,20.31,33564,409.72,409.73,0.01,0.4,0.4,0.0,-0.0,-0.0,-0.0,2107,3130,0,0,0
143,20.48,33564,409.72,409.72,0.01,0.4,0.4,0.0,-0.0,-0.0,-0.0,2107,3131,0,0,0
144,20.64,33563,409.70,409.72,0.01,0.4,0.4,0.0,-0.0,-0.0,-0.0,2094,3118,0,0,0
145,20.79,33564,409.72,409.71,-0.01,-0.4,-0.4,0.0,-0.0,-0.0,-0.0,2107,1085,0,0,0
146,20.87,33565,409.73,409.70,-0.02,-0.7,-0.7,0.0,-0.0,-0.0,-0.0,2119,1097,0,0,1
147,21.04,33565,409.73,409.69,-0.04,-1.1,-1.1,0.0,-0.0,-0.0,-0.0,2119,1097,0,0,1
148,21.20,33565,409.73,409.69,-0.04,-1.1,-1.1,0.0,-0.0,-0.0,-0.0,2119,1096,0,0,1
149,21.36,33563,409.70,409.68,-0.02,-0.7,-0.7,0.0,-0.0,-0.0,-0.0,2094,1070,0,0,1
150,21.44,33564,409.72,409.67,-0.05,-1.5,-1.5,0.0,-0.0,-0.0,-0.0,2107,1083,0,0,1
151,21.60,33565,409.73,409.67,-0.06,-1.8,-1.8,0.0,-0.0,-0.0,-0.0,2119,1095,0,0,2
152,21.75,33564,409.72,409.66,-0.06,-1.8,-1.8,0.0,-0.0,-0.0,-0.0,2107,1081,0,0,2
153,21.92,33564,409.72,409.65,-0.07,-2.2,-2.2,0.0,-0.0,-0.0,-0.0,2107,1085,0,0,2
154,22.07,33564,409.72,409.64,-0.07,-2.2,-2.2,0.0,-0.0,-0.0,-0.0,2107,1083,0,0,2
155,22.15,33564,409.72,409.63,-0.09,-2.6,-2.6,0.0,-0.0,-0.0,-0.0,2107,1081,0,0,2
156,22.32,33565,409.73,409.63,-0.11,-3.3,-3.3,0.0,-0.0,-0.0,-0.0,2119,1097,0,0,3
157,22.48,33565,409.73,409.62,-0.11,-3.3,-3.3,0.0,-0.0,-0.0,-0.0,2119,1096,0,0,3
158,22.64,33565,409.73,409.61,-0.12,-3.7,-3.7,0.0,-0.0,-0.0,-0.0,2119,1097,0,0,4
159,22.80,33565,409.73,409.60,-0.13,-4.0,-4.0,0.0,-0.0,-0.0,-0.0,2119,1097,0,0,4
160,22.89,33565,409.73,409.59,-0.13,-4.0,-4.0,0.0,-0.0,-0.0,-0.0,2119,1095,0,0,4
161,23.05,33566,409.74,409.58,-0.16,-4.8,-4.8,0.0,-0.0,-0.0,-0.0,2132,1110,0,-1,5
162,23.21,33563,409.70,409.57,-0.13,-4.0,-4.0,0.0,-0.0,-0.0,-0.0,2094,1067,0,0,4
163,23.29,33564,409.72,409.57,-0.15,-4.4,-4.4,0.0,-0.0,-0.0,-0.0,2107,1081,0,0,4
164,23.46,33564,409.72,409.56,-0.16,-4.8,-4.8,0.0,-0.0,-0.0,-0.0,2107,1081,0,0,5
165,23.62,33565,409.73,409.55,-0.18,-5.5,-5.5,0.0,-0.0,-0.0,-0.0,2119,1094,0,-1,5
166,23.79,33565,409.73,409.54,-0.18,-5.5,-5.5,0.0,-0.0,-0.0,-0.0,2119,1097,0,-1,5
167,23.87,33567,409.75,409.54,-0.22,-6.6,-6.6,0.0,-0.0,-0.0,-0.0,2144,1126,0,-1,6
168,24.03,33566,409.74,409.53,-0.22,-6.6,-6.6,0.0,-0.0,-0.0,-0.0,2132,1111,0,-1,6
169,24.20,33565,409.73,409.52,-0.21,-6.2,-6.2,0.0,-0.0,-0.0,-0.0,2119,1096,0,-1,6
170,24.35,33564,409.72,409.51,-0.21,-6.2,-6.2,0.0,-0.0,-0.0,-0.0,2107,1082,0,-1,6
171,24.51,33564,409.72,409.50,-0.22,-6.6,-6.6,0.0,0.0,-0.0,-0.0,2107,1078,0,-1,6
172,24.59,33564,409.72,409.49,-0.22,-6.6,-6.6,0.0,0.0,-0.0,-0.0,2107,1078,0,-1,6
173,24.75,33565,409.73,409.48,-0.24,-7.3,-7.3,0.0,-0.0,-0.0,-0.0,2119,1093,0,-1,7
174,24.91,33563,409.70,409.47,-0.23,-7.0,-7.0,0.0,-0.0,-0.0,-0.0,2094,1068,0,0,7
175,25.08,33566,409.74,409.46,-0.28,-8.4,-8.4,0.0,-0.0,-0.0,-0.0,2132,1110,0,-1,8
176,25.17,33566,409.74,409.46,-0.28,-8.4,-8.4,0.0,-0.0,-0.0,-0.0,2132,1111,0,-1,8
177,25.33,33566,409.74,409.45,-0.29,-8.8,-8.8,0.0,-0.0,-0.0,-0.0,2132,1111,0,-1,8
178,25.49,33564,409.72,409.44,-0.28,-8.4,-8.4,0.0,-0.0,-0.0,-0.0,2107,1083,0,-1,8
179,25.65,33563,409.70,409.43,-0.28,-8.4,-8.4,0.0,-0.0,-0.0,-0.0,2094,1070,0,-1,8
180,25.73,33563,409.70,409.42,-0.28,-8.4,-8.4,0.0,0.0,-0.0,-0.0,2094,1066,0,-1,8
181,25.89,33563,409.70,409.41,-0.29,-8.8,-8.8,0.0,0.0,-0.0,-0.0,2094,1065,0,-1,8
182,26.05,33563,409.70,409.40,-0.31,-9.2,-9.2,0.0,-0.0,-0.0,-0.0,2094,1067,0,-1,9
183,26.21,33564,409.72,409.39,-0.33,-9.9,-9.9,0.0,-0.0,-0.0,-0.0,2107,1085,0,-1,10
184,26.29,33564,409.72,409.38,-0.33,-9.9,-9.9,0.0,-0.0,-0.0,-0.0,2107,1085,0,-1,10
185,26.45,33564,409.72,409.37,-0.34,-10.2,-10.2,0.0,-0.0,-0.0,-0.0,2107,1085,0,-1,10
186,26.62,33565,409.73,409.36,-0.37,-11.0,-11.0,0.0,-0.0,-0.0,-0.0,2119,1098,0,-1,11
187,26.78,33565,409.73,409.35,-0.38,-11.4,-11.4,0.0,-0.0,-0.0,-0.0,2119,1096,0,-1,11
188,26.94,33565,409.73,409.34,-0.39,-11.7,-11.7,0.0,-0.0,-0.0,-0.0,2119,1097,0,-1,11
189,27.01,33565,409.73,409.34,-0.39,-11.7,-11.7,0.0,-0.0,-0.0,-0.0,2119,1096,0,-1,11
190,27.17,33565,409.73,409.32,-0.40,-12.1,-12.1,0.0,-0.0,-0.0,-0.0,2119,1095,0,-1,12
191,27.34,33563,409.70,409.31,-0.39,-11.7,-11.7,0.0,-0.0,-0.0,-0.0,2094,1067,0,-1,11
192,27.51,33565,409.73,409.30,-0.43,-12.8,-12.8,0.0,-0.0,-0.0,-0.0,2119,1095,0,-1,12
193,27.59,33565,409.73,409.30,-0.43,-12.8,-12.8,0.0,-0.0,-0.0,-0.0,2119,1095,0,-1,12
194,27.74,33564,409.72,409.29,-0.43,-12.8,-12.8,0.0,-0.0,-0.0,-0.0,2107,1082,0,-1,12
195,27.90,33561,409.68,409.27,-0.40,-12.1,-12.1,0.0,0.0,-0.0,-0.0,2069,1039,0,0,12
196,28.07,33561,409.68,409.26,-0.42,-12.5,-12.5,0.0,-0.0,-0.0,-0.0,2069,1042,0,0,12
197,28.15,33561,409.68,409.26,-0.43,-12.8,-12.8,0.0,0.0,-0.0,-0.0,2069,1039,0,0,12
198,28.31,33559,409.66,409.25,-0.42,-12.5,-12.5,0.0,0.0,-0.0,-0.0,2044,1013,0,0,12
199,28.46,33560,409.67,409.23,-0.43,-12.8,-12.8,0.0,0.0,-0.0,-0.0,2057,1029,0,0,12
200,28.63,33560,409.67,409.22,-0.44,-13.2,-13.2,0.0,-0.0,-0.0,-0.0,2057,1033,0,0,13
201,28.79,33560,409.67,409.21,-0.45,-13.5,-13.5,0.0,-0.0,-0.0,-0.0,2057,1031,0,0,13
202,28.87,33559,409.66,409.21,-0.45,-13.5,-13.5,0.0,-0.0,-0.0,-0.0,2044,1020,0,0,13
203,29.02,33559,409.66,409.19,-0.46,-13.9,-13.9,0.0,-0.0,-0.0,-0.0,2044,1020,0,0,13
204,29.19,33560,409.67,409.18,-0.49,-14.6,-14.6,0.0,-0.0,-0.0,-0.0,2057,1033,0,0,14
205,29.35,33560,409.67,409.17,-0.50,-15.0,-15.0,0.0,-0.0,-0.0,-0.0,2057,1033,0,0,15
206,29.44,33560,409.67,409.16,-0.50,-15.0,-15.0,0.0,-0.0,-0.0,-0.0,2057,1033,0,0,15
207,29.60,33556,409.62,409.15,-0.46,-13.9,-13.9,0.0,-0.0,-0.0,-0.0,2007,980,0,1,13
208,29.77,33554,409.59,409.14,-0.45,-13.5,-13.5,0.0,0.0,-0.0,-0.0,1982,948,0,2,13
209,29.93,33555,409.61,409.13,-0.48,-14.3,-14.3,0.0,0.0,-0.0,-0.0,1994,963,0,1,14
210,30.02,33556,409.62,409.12,-0.50,-15.0,-15.0,0.0,0.0,-0.0,-0.0,2007,976,0,1,15
211,30.19,33555,409.61,409.11,-0.50,-15.0,-15.0,0.0,-0.0,-0.0,-0.0,1994,966,0,1,14
212,30.35,33553,409.58,409.10,-0.49,-14.6,-14.6,0.0,-0.0,-0.0,-0.0,1969,941,0,2,14
213,30.44,33554,409.59,409.09,-0.50,-15.0,-15.0,0.0,-0.0,-0.0,-0.0,1982,958,0,1,14
214,30.61,33552,409.57,409.08,-0.49,-14.6,-14.6,0.0,-0.0,-0.0,-0.0,1957,928,0,2,14
215,30.77,33550,409.55,409.06,-0.49,-14.6,-14.6,0.0,0.0,-0.0,-0.0,1932,898,0,3,14
216,30.85,33550,409.55,409.06,-0.49,-14.6,-14.6,0.0,0.0,-0.0,-0.0,1932,901,0,3,14
217,31.02,33549,409.53,409.05,-0.49,-14.6,-14.6,0.0,0.0,-0.0,-0.0,1919,889,0,3,14
218,31.18,33549,409.53,409.03,-0.50,-15.0,-15.0,0.0,0.0,-0.0,-0.0,1919,886,0,3,14
219,31.33,33550,409.55,409.02,-0.52,-15.8,-15.8,0.0,-0.0,-0.0,-0.0,1932,908,0,3,15
220,31.50,33546,409.50,409.01,-0.49,-14.6,-14.6,0.0,0.0,-0.0,-0.0,1882,852,0,4,14
221,31.58,33547,409.51,409.00,-0.51,-15.4,-15.4,0.0,-0.0,-0.0,-0.0,1894,867,0,4,14
222,31.73,33544,409.47,408.99,-0.49,-14.6,-14.6,0.0,0.0,-0.0,-0.0,1857,825,0,4,14
223,31.89,33544,409.47,408.98,-0.50,-15.0,-15.0,0.0,0.0,-0.0,-0.0,1857,822,0,4,14
224,32.05,33542,409.45,408.96,-0.49,-14.6,-14.6,0.0,0.0,-0.0,-0.0,1832,802,0,5,13
225,32.14,33541,409.44,408.96,-0.48,-14.3,-14.3,0.0,0.0,-0.0,-0.0,1819,787,0,5,13
226,32.30,33540,409.42,408.94,-0.48,-14.3,-14.3,0.0,0.0,-0.0,-0.0,1807,775,0,5,13
227,32.45,33538,409.40,408.93,-0.46,-13.9,-13.9,0.0,0.0,-0.0,-0.0,1782,749,0,6,12
228,32.63,33535,409.36,408.92,-0.45,-13.5,-13.5,0.0,0.0,-0.0,-0.0,1744,705,0,6,12
229,32.71,33535,409.36,408.91,-0.45,-13.5,-13.5,0.0,0.0,-0.0,-0.0,1744,709,0,6,12
230,32.88,33535,409.36,408.90,-0.46,-13.9,-13.9,0.0,0.0,-0.0,-0.0,1744,711,0,6,12
231,33.03,33534,409.35,408.88,-0.46,-13.9,-13.9,0.0,0.0,-0.0,-0.0,1732,701,0,6,12
232,33.20,33532,409.33,408.87,-0.45,-13.5,-13.5,0.0,0.0,-0.0,-0.0,1707,674,0,7,11
233,33.29,33532,409.33,408.86,-0.46,-13.9,-13.9,0.0,-0.0,-0.0,-0.0,1707,678,0,7,12
234,33.45,33533,409.34,408.85,-0.49,-14.6,-14.6,0.0,-0.0,-0.0,-0.0,1719,692,0,7,12
235,33.61,33532,409.33,408.84,-0.49,-14.6,-14.6,0.0,-0.0,-0.0,-0.0,1707,679,0,7,12
236,33.76,33530,409.30,408.82,-0.48,-14.3,-14.3,0.0,-0.0,-0.0,-0.0,1682,653,0,7,12
237,33.85,33530,409.30,408.81,-0.49,-14.6,-14.6,0.0,-0.0,-0.0,-0.0,1682,655,0,8,12
238,34.02,33529,409.29,408.80,-0.49,-14.6,-14.6,0.0,0.0,-0.0,-0.0,1669,639,0,8,12
239,34.18,33528,409.28,408.79,-0.49,-14.6,-14.6,0.0,-0.0,-0.0,-0.0,1657,628,0,8,12
240,34.34,33529,409.29,408.77,-0.51,-15.4,-15.4,0.0,-0.0,-0.0,-0.0,1669,640,0,8,12
241,34.49,33529,409.29,408.76,-0.52,-15.8,-15.8,0.0,-0.0,-0.0,-0.0,1669,644,0,8,13
242,34.58,33526,409.25,408.75,-0.50,-15.0,-15.0,0.0,-0.0,-0.0,-0.0,1632,602,0,9,12
243,34.75,33528,409.28,408.74,-0.54,-16.1,-16.1,0.0,-0.0,-0.0,-0.0,1657,633,0,9,13
244,34.92,33527,409.27,408.72,-0.54,-16.1,-16.1,0.0,-0.0,-0.0,-0.0,1644,618,0,9,13
245,34.99,33527,409.27,408.72,-0.55,-16.5,-16.5,0.0,-0.0,-0.0,-0.0,1644,617,0,9,13
246,35.15,33526,409.25,408.70,-0.55,-16.5,-16.5,0.0,-0.0,-0.0,-0.0,1632,604,0,10,13
247,35.32,33527,409.27,408.69,-0.57,-17.2,-17.2,0.0,-0.0,-0.0,-0.0,1644,620,0,10,14
248,35.48,33527,409.27,408.67,-0.59,-17.6,-17.6,0.0,-0.0,-0.0,-0.0,1644,619,0,10,14
249,35.64,33527,409.27,408.66,-0.61,-18.3,-18.3,0.0,-0.0,-0.0,-0.0,1644,620,0,10,14
250,35.72,33527,409.27,408.65,-0.61,-18.3,-18.3,0.0,-0.0,-0.0,-0.0,1644,620,0,10,14
251,35.87,33527,409.27,408.64,-0.62,-18.7,-18.7,0.0,-0.0,-0.0,-0.0,1644,621,0,10,15
252,36.04,33527,409.27,408.62,-0.65,-19.4,-19.4,0.0,-0.0,-0.0,-0.0,1644,618,0,11,15
253,36.20,33526,409.25,408.61,-0.65,-19.4,-19.4,0.0,-0.0,-0.0,-0.0,1632,606,0,11,15
254,36.28,33526,409.25,408.60,-0.65,-19.4,-19.4,0.0,-0.0,-0.0,-0.0,1632,607,0,11,15
255,36.43,33526,409.25,408.59,-0.66,-19.8,-19.8,0.0,-0.0,-0.0,-0.0,1632,608,0,11,15
256,36.60,33524,409.23,408.57,-0.66,-19.8,-19.8,0.0,-0.0,-0.0,-0.0,1607,579,0,12,15
257,36.77,33522,409.20,408.56,-0.65,-19.4,-19.4,0.0,0.0,-0.0,-0.0,1582,550,0,12,14
258,36.85,33522,409.20,408.55,-0.66,-19.8,-19.8,0.0,-0.0,-0.0,-0.0,1582,551,0,13,14
259,37.03,33520,409.18,408.53,-0.65,-19.4,-19.4,0.0,0.0,-0.0,-0.0,1557,523,0,13,14
260,37.19,33523,409.22,408.52,-0.70,-20.9,-20.9,0.0,-0.0,-0.0,-0.0,1594,569,0,13,15
261,37.28,33525,409.24,408.51,-0.73,-22.0,-22.0,0.0,-0.0,-0.0,-0.0,1619,597,0,13,17
262,37.45,33521,409.19,408.49,-0.70,-20.9,-20.9,0.0,-0.0,-0.0,-0.0,1569,544,0,14,15
263,37.60,33522,409.20,408.48,-0.72,-21.6,-21.6,0.0,-0.0,-0.0,-0.0,1582,561,0,14,16
264,37.76,33522,409.20,408.46,-0.74,-22.3,-22.3,0.0,-0.0,-0.0,-0.0,1582,561,0,14,16
265,37.92,33518,409.16,408.45,-0.71,-21.2,-21.2,0.0,0.0,-0.0,-0.0,1532,497,0,15,14
266,38.01,33517,409.14,408.44,-0.70,-20.9,-20.9,0.0,0.0,-0.0,-0.0,1519,487,0,15,14
267,38.17,33519,409.17,408.43,-0.74,-22.3,-22.3,0.0,-0.0,-0.0,-0.0,1544,515,0,15,15
268,38.32,33517,409.14,408.41,-0.73,-22.0,-22.0,0.0,0.0,-0.0,-0.0,1519,488,0,16,14
269,38.49,33516,409.13,408.40,-0.73,-22.0,-22.0,0.0,-0.0,-0.0,-0.0,1507,477,0,16,14
270,38.57,33519,409.17,408.39,-0.78,-23.4,-23.4,0.0,-0.0,-0.0,-0.0,1544,521,0,16,16
271,38.73,33516,409.13,408.37,-0.76,-22.7,-22.7,0.0,-0.0,-0.0,-0.0,1507,480,0,16,15
272,38.91,33514,409.11,408.36,-0.76,-22.7,-22.7,0.0,-0.0,-0.0,-0.0,1482,450,0,17,14
273,39.06,33512,409.08,408.34,-0.74,-22.3,-22.3,0.0,-0.0,-0.0,-0.0,1457,427,0,17,13
274,39.14,33512,409.08,408.33,-0.74,-22.3,-22.3,0.0,-0.0,-0.0,-0.0,1457,427,0,17,13
275,39.30,33512,409.08,408.32,-0.77,-23.1,-23.1,0.0,0.0,-0.0,-0.0,1457,424,0,18,14
276,39.47,33509,409.05,408.30,-0.74,-22.3,-22.3,0.0,0.0,-0.0,-0.0,1419,387,0,18,12
277,39.57,33508,409.03,408.29,-0.74,-22.3,-22.3,0.0,0.0,-0.0,-0.0,1407,373,0,18,12
278,39.73,33507,409.02,408.27,-0.74,-22.3,-22.3,0.0,0.0,-0.0,-0.0,1394,363,0,18,11
279,39.89,33502,408.96,408.26,-0.71,-21.2,-21.2,0.0,0.0,-0.0,-0.0,1332,293,0,19,9
280,40.06,33503,408.97,408.24,-0.73,-22.0,-22.0,0.0,0.0,-0.0,-0.0,1344,308,0,19,10
281,40.15,33502,408.96,408.23,-0.73,-22.0,-22.0,0.0,0.0,-0.0,-0.0,1332,297,0,19,9
282,40.31,33501,408.95,408.22,-0.73,-22.0,-22.0,0.0,0.0,-0.0,-0.0,1319,285,0,19,9
283,40.47,33501,408.95,408.20,-0.74,-22.3,-22.3,0.0,-0.0,-0.0,-0.0,1319,289,0,20,9
284,40.64,33499,408.92,408.18,-0.74,-22.3,-22.3,0.0,-0.0,-0.0,-0.0,1294,265,0,20,9
285,40.71,33498,408.91,408.18,-0.73,-22.0,-22.0,0.0,0.0,-0.0,-0.0,1282,251,0,20,8
286,40.88,33498,408.91,408.16,-0.76,-22.7,-22.7,0.0,-0.0,-0.0,-0.0,1282,252,0,20,8
287,41.03,33494,408.86,408.14,-0.72,-21.6,-21.6,0.0,0.0,-0.0,-0.0,1232,197,0,20,6
288,41.20,33494,408.86,408.12,-0.73,-22.0,-22.0,0.0,0.0,-0.0,-0.0,1232,199,0,20,6
289,41.29,33493,408.85,408.12,-0.73,-22.0,-22.0,0.0,0.0,-0.0,-0.0,1219,186,0,20,6
290,41.44,33489,408.80,408.10,-0.70,-20.9,-20.9,0.0,0.0,-0.0,-0.0,1169,132,0,20,4
291,41.61,33486,408.76,408.08,-0.68,-20.5,-20.5,0.0,0.0,-0.0,-0.0,1132,93,0,20,3
292,41.78,33486,408.76,408.06,-0.70,-20.9,-20.9,0.0,0.0,-0.0,-0.0,1132,95,0,20,3
293,41.85,33484,408.74,408.06,-0.68,-20.5,-20.5,0.0,0.0,-0.0,-0.0,1107,69,0,20,2
294,42.02,33483,408.73,408.04,-0.68,-20.5,-20.5,0.0,0.0,-0.0,-0.0,1094,56,0,20,2
295,42.18,33480,408.69,408.02,-0.67,-20.1,-20.1,0.0,0.0,-0.0,-0.0,1057,21,0,20,1
296,42.35,33478,408.67,408.00,-0.66,-19.8,-19.8,0.0,0.0,-0.0,-0.0,1032,4092,0,19,0
297,42.43,33478,408.67,408.00,-0.67,-20.1,-20.1,0.0,0.0,-0.0,-0.0,1032,4091,0,20,0
298,42.60,33476,408.64,407.98,-0.66,-19.8,-19.8,0.0,0.0,-0.0,-0.0,1007,4069,0,19,-1
299,42.76,33474,408.62,407.96,-0.66,-19.8,-19.8,0.0,0.0,-0.0,-0.0,982,4042,0,19,-2
300,42.84,33472,408.59,407.95,-0.65,-19.4,-19.4,0.0,0.0,-0.0,-0.0,957,4016,0,19,-2
301,43.00,33472,408.59,407.93,-0.66,-19.8,-19.8,0.0,0.0,-0.0,-0.0,957,4020,0,19,-2
302,43.16,33467,408.53,407.92,-0.61,-18.3,-18.3,0.0,0.0,-0.0,-0.0,894,3952,0,17,-4
303,43.33,33463,408.48,407.90,-0.59,-17.6,-17.6,0.0,0.0,-0.0,-0.0,844,3896,0,16,-5
304,43.42,33460,408.45,407.89,-0.56,-16.8,-16.8,0.0,0.0,-0.0,-0.0,807,3857,0,15,-6
305,43.59,33459,408.44,407.87,-0.56,-16.8,-16.8,0.0,0.0,-0.0,-0.0,794,3848,0,15,-6
306,43.74,33458,408.42,407.85,-0.57,-17.2,-17.2,0.0,0.0,-0.0,-0.0,782,3839,0,15,-6
307,43.91,33458,408.42,407.84,-0.59,-17.6,-17.6,0.0,0.0,-0.0,-0.0,782,3842,0,16,-6
308,43.99,33457,408.41,407.83,-0.59,-17.6,-17.6,0.0,0.0,-0.0,-0.0,769,3831,0,16,-7
309,44.17,33454,408.37,407.81,-0.56,-16.8,-16.8,0.0,-0.0,-0.0,-0.0,732,3796,0,15,-7
310,44.32,33447,408.29,407.79,-0.50,-15.0,-15.0,0.0,0.0,-0.0,-0.0,644,3696,0,12,-8
311,44.41,33446,408.28,407.78,-0.50,-15.0,-15.0,0.0,0.0,-0.0,-0.0,632,3685,0,12,-9
312,44.57,33445,408.26,407.76,-0.50,-15.0,-15.0,0.0,0.0,-0.0,-0.0,619,3671,0,12,-9
313,44.75,33444,408.25,407.74,-0.51,-15.4,-15.4,0.0,0.0,-0.0,-0.0,607,3663,0,12,-9
314,44.92,33440,408.20,407.72,-0.48,-14.3,-14.3,0.0,0.0,-0.0,-0.0,557,3613,0,10,-9
315,44.99,33440,408.20,407.72,-0.49,-14.6,-14.6,0.0,0.0,-0.0,-0.0,557,3619,0,11,-9
316,45.16,33437,408.17,407.70,-0.46,-13.9,-13.9,0.0,0.0,-0.0,-0.0,519,3580,0,9,-10
317,45.32,33434,408.13,407.68,-0.45,-13.5,-13.5,0.0,0.0,-0.0,-0.0,482,3539,0,9,-10
318,45.48,33434,408.13,407.66,-0.46,-13.9,-13.9,0.0,0.0,-0.0,-0.0,482,3543,0,9,-10
319,45.57,33433,408.12,407.65,-0.46,-13.9,-13.9,0.0,0.0,-0.0,-0.0,469,3531,0,9,-10
320,45.72,33430,408.08,407.63,-0.45,-13.5,-13.5,0.0,0.0,-0.0,-0.0,432,3490,0,8,-11
321,45.89,33427,408.04,407.61,-0.43,-12.8,-12.8,0.0,0.0,-0.0,-0.0,394,3452,0,7,-10
322,46.05,33427,408.04,407.60,-0.45,-13.5,-13.5,0.0,0.0,-0.0,-0.0,394,3455,0,7,-11
323,46.13,33426,408.03,407.59,-0.45,-13.5,-13.5,0.0,0.0,-0.0,-0.0,382,3441,0,7,-11
324,46.29,33425,408.02,407.57,-0.45,-13.5,-13.5,0.0,0.0,-0.0,-0.0,369,3431,0,7,-11
325,46.44,33419,407.95,407.55,-0.40,-12.1,-12.1,0.0,0.0,-0.0,-0.0,294,3352,0,5,-11
326,46.61,33419,407.95,407.53,-0.42,-12.5,-12.5,0.0,0.0,-0.0,-0.0,294,3354,0,5,-11
327,46.69,33418,407.93,407.52,-0.42,-12.5,-12.5,0.0,0.0,-0.0,-0.0,282,3339,0,5,-11
328,46.85,33415,407.90,407.50,-0.39,-11.7,-11.7,0.0,0.0,-0.0,-0.0,244,3299,0,4,-11
329,47.01,33414,407.89,407.48,-0.40,-12.1,-12.1,0.0,0.0,-0.0,-0.0,232,3292,0,4,-11
330,47.17,33415,407.90,407.46,-0.43,-12.8,-12.8,0.0,-0.0,-0.0,-0.0,244,3310,0,4,-12
331,47.34,33413,407.87,407.44,-0.43,-12.8,-12.8,0.0,-0.0,-0.0,-0.0,219,3283,0,4,-12
332,47.43,33412,407.86,407.43,-0.43,-12.8,-12.8,0.0,-0.0,-0.0,-0.0,207,3272,0,4,-12
333,47.59,33406,407.79,407.42,-0.37,-11.0,-11.0,0.0,0.0,-0.0,-0.0,132,3189,0,2,-10
334,47.75,33407,407.80,407.40,-0.40,-12.1,-12.1,0.0,0.0,-0.0,-0.0,144,3207,0,2,-11
335,47.84,33409,407.82,407.39,-0.44,-13.2,-13.2,0.0,-0.0,-0.0,-0.0,169,3231,0,3,-12
336,48.00,33404,407.76,407.37,-0.40,-12.1,-12.1,0.0,0.0,-0.0,-0.0,107,3166,0,2,-12
337,48.17,33405,407.78,407.35,-0.43,-12.8,-12.8,0.0,-0.0,-0.0,-0.0,119,3184,0,2,-12
338,48.32,33402,407.74,407.33,-0.42,-12.5,-12.5,0.0,-0.0,-0.0,-0.0,82,3151,0,1,-12
339,48.41,33401,407.73,407.32,-0.42,-12.5,-12.5,0.0,-0.0,-0.0,-0.0,69,3131,0,1,-12
340,48.57,33402,407.74,407.30,-0.44,-13.2,-13.2,0.0,-0.0,-0.0,-0.0,82,3146,0,1,-13
341,48.75,33399,407.70,407.28,-0.43,-12.8,-12.8,0.0,-0.0,-0.0,-0.0,44,3107,0,1,-12
342,48.91,33399,407.70,407.26,-0.45,-13.5,-13.5,0.0,-0.0,-0.0,-0.0,44,3109,0,1,-13
343,48.98,33399,407.70,407.25,-0.45,-13.5,-13.5,0.0,-0.0,-0.0,-0.0,44,3112,0,1,-13
344,49.14,33397,407.68,407.23,-0.45,-13.5,-13.5,0.0,-0.0,-0.0,-0.0,19,3085,0,0,-13
345,49.31,33395,407.65,407.21,-0.45,-13.5,-13.5,0.0,-0.0,-0.0,-0.0,4090,3060,0,0,-13
346,49.47,33394,407.64,407.19,-0.45,-13.5,-13.5,0.0,0.0,-0.0,-0.0,4078,3045,0,-1,-13
347,49.56,33394,407.64,407.18,-0.46,-13.9,-13.9,0.0,-0.0,-0.0,-0.0,4078,3046,0,-1,-13
348,49.72,33392,407.62,407.16,-0.46,-13.9,-13.9,0.0,0.0,-0.0,-0.0,4053,3019,0,-1,-13
349,49.88,33389,407.58,407.14,-0.44,-13.2,-13.2,0.0,0.0,-0.0,-0.0,4015,2982,0,-2,-13
350,50.05,33386,407.54,407.12,-0.43,-12.8,-12.8,0.0,0.0,-0.0,-0.0,3978,2941,0,-2,-12
351,50.13,33386,407.54,407.10,-0.44,-13.2,-13.2,0.0,0.0,-0.0,-0.0,3978,2941,0,-3,-13
352,50.30,33386,407.54,407.08,-0.46,-13.9,-13.9,0.0,0.0,-0.0,-0.0,3978,2943,0,-3,-13
353,50.46,33382,407.50,407.06,-0.43,-12.8,-12.8,0.0,0.0,-0.0,-0.0,3928,2890,0,-3,-12
354,50.55,33382,407.50,407.05,-0.44,-13.2,-13.2,0.0,0.0,-0.0,-0.0,3928,2893,0,-3,-12
355,50.71,33380,407.47,407.03,-0.44,-13.2,-13.2,0.0,-0.0,-0.0,-0.0,3903,2870,0,-4,-12
356,50.87,33380,407.47,407.01,-0.46,-13.9,-13.9,0.0,-0.0,-0.0,-0.0,3903,2870,0,-4,-13
357,51.03,33377,407.43,406.99,-0.44,-13.2,-13.2,0.0,0.0,-0.0,-0.0,3865,2829,0,-5,-12
358,51.12,33377,407.43,406.98,-0.45,-13.5,-13.5,0.0,-0.0,-0.0,-0.0,3865,2833,0,-5,-12
359,51.28,33376,407.42,406.96,-0.46,-13.9,-13.9,0.0,-0.0,-0.0,-0.0,3853,2823,0,-5,-13
360,51.44,33376,407.42,406.94,-0.49,-14.6,-14.6,0.0,-0.0,-0.0,-0.0,3853,2823,0,-5,-13
361,51.60,33374,407.40,406.92,-0.48,-14.3,-14.3,0.0,-0.0,-0.0,-0.0,3828,2795,0,-6,-13
362,51.69,33372,407.37,406.91,-0.46,-13.9,-13.9,0.0,-0.0,-0.0,-0.0,3803,2771,0,-6,-12
363,51.86,33375,407.41,406.88,-0.52,-15.8,-15.8,0.0,-0.0,-0.0,-0.0,3840,2813,0,-6,-14
364,52.03,33369,407.34,406.86,-0.48,-14.3,-14.3,0.0,0.0,-0.0,-0.0,3765,2730,0,-7,-12
365,52.11,33365,407.29,406.85,-0.44,-13.2,-13.2,0.0,0.0,-0.0,-0.0,3715,2674,0,-7,-10
366,52.28,33365,407.29,406.83,-0.46,-13.9,-13.9,0.0,0.0,-0.0,-0.0,3715,2678,0,-8,-11
367,52.44,33366,407.30,406.81,-0.49,-14.6,-14.6,0.0,-0.0,-0.0,-0.0,3728,2695,0,-8,-12
368,52.60,33365,407.29,406.79,-0.50,-15.0,-15.0,0.0,0.0,-0.0,-0.0,3715,2681,0,-8,-12
369,52.68,33365,407.29,406.78,-0.51,-15.4,-15.4,0.0,-0.0,-0.0,-0.0,3715,2685,0,-8,-12
370,52.84,33364,407.28,406.76,-0.52,-15.8,-15.8,0.0,-0.0,-0.0,-0.0,3703,2677,0,-9,-13
371,53.00,33364,407.28,406.73,-0.54,-16.1,-16.1,0.0,-0.0,-0.0,-0.0,3703,2676,0,-9,-13
372,53.16,33362,407.25,406.71,-0.54,-16.1,-16.1,0.0,-0.0,-0.0,-0.0,3678,2648,0,-9,-12
373,53.32,33361,407.24,406.69,-0.55,-16.5,-16.5,0.0,-0.0,-0.0,-0.0,3665,2635,0,-10,-13
374,53.41,33362,407.25,406.68,-0.57,-17.2,-17.2,0.0,-0.0,-0.0,-0.0,3678,2652,0,-10,-13
375,53.57,33360,407.23,406.66,-0.56,-16.8,-16.8,0.0,-0.0,-0.0,-0.0,3653,2621,0,-10,-13
376,53.74,33358,407.20,406.64,-0.56,-16.8,-16.8,0.0,-0.0,-0.0,-0.0,3628,2598,0,-11,-12
377,53.90,33356,407.18,406.61,-0.56,-16.8,-16.8,0.0,-0.0,-0.0,-0.0,3603,2572,0,-11,-12
378,53.98,33355,407.17,406.60,-0.56,-16.8,-16.8,0.0,-0.0,-0.0,-0.0,3590,2557,0,-12,-11
379,54.14,33355,407.17,406.58,-0.59,-17.6,-17.6,0.0,0.0,-0.0,-0.0,3590,2556,0,-12,-12
380,54.31,33356,407.18,406.56,-0.62,-18.7,-18.7,0.0,-0.0,-0.0,-0.0,3603,2576,0,-12,-13
381,54.47,33353,407.14,406.54,-0.61,-18.3,-18.3,0.0,-0.0,-0.0,-0.0,3565,2533,0,-13,-12
382,54.55,33353,407.14,406.53,-0.61,-18.3,-18.3,0.0,-0.0,-0.0,-0.0,3565,2537,0,-13,-12
383,54.71,33353,407.14,406.50,-0.63,-19.0,-19.0,0.0,-0.0,-0.0,-0.0,3565,2538,0,-13,-13
384,54.88,33349,407.09,406.48,-0.61,-18.3,-18.3,0.0,0.0,-0.0,-0.0,3515,2480,0,-14,-11
385,54.97,33348,407.08,406.47,-0.61,-18.3,-18.3,0.0,0.0,-0.0,-0.0,3503,2466,0,-14,-11
386,55.13,33348,407.08,406.45,-0.63,-19.0,-19.0,0.0,-0.0,-0.0,-0.0,3503,2471,0,-15,-11
387,55.30,33348,407.08,406.42,-0.66,-19.8,-19.8,0.0,-0.0,-0.0,-0.0,3503,2472,0,-15,-12
388,55.46,33346,407.06,406.40,-0.66,-19.8,-19.8,0.0,-0.0,-0.0,-0.0,3478,2447,0,-16,-11
389,55.56,33347,407.07,406.39,-0.68,-20.5,-20.5,0.0,-0.0,-0.0,-0.0,3490,2463,0,-16,-12
390,55.72,33346,407.06,406.36,-0.70,-20.9,-20.9,0.0,-0.0,-0.0,-0.0,3478,2451,0,-16,-12
391,55.89,33342,407.01,406.34,-0.67,-20.1,-20.1,0.0,-0.0,-0.0,-0.0,3428,2395,0,-17,-10
392,55.98,33342,407.01,406.33,-0.68,-20.5,-20.5,0.0,-0.0,-0.0,-0.0,3428,2395,0,-17,-10
393,56.14,33342,407.01,406.31,-0.70,-20.9,-20.9,0.0,-0.0,-0.0,-0.0,3428,2398,0,-17,-10
394,56.31,33341,406.99,406.28,-0.71,-21.2,-21.2,0.0,0.0,-0.0,-0.0,3415,2380,0,-18,-10
395,56.47,33340,406.98,406.26,-0.72,-21.6,-21.6,0.0,-0.0,-0.0,-0.0,3403,2373,0,-18,-10
396,56.56,33339,406.97,406.25,-0.72,-21.6,-21.6,0.0,-0.0,-0.0,-0.0,3390,2361,0,-19,-10
397,56.73,33336,406.93,406.22,-0.71,-21.2,-21.2,0.0,-0.0,-0.0,-0.0,3353,2320,0,-19,-8
398,56.90,33336,406.93,406.20,-0.73,-22.0,-22.0,0.0,-0.0,-0.0,-0.0,3353,2320,0,-19,-9
399,56.98,33336,406.93,406.19,-0.74,-22.3,-22.3,0.0,-0.0,-0.0,-0.0,3353,2321,0,-20,-9
400,57.15,33334,406.91,406.16,-0.74,-22.3,-22.3,0.0,-0.0,-0.0,-0.0,3328,2295,0,-20,-8
401,57.31,33333,406.90,406.14,-0.76,-22.7,-22.7,0.0,-0.0,-0.0,-0.0,3315,2285,0,-21,-8
402,57.40,33332,406.88,406.13,-0.76,-22.7,-22.7,0.0,-0.0,-0.0,-0.0,3303,2272,0,-21,-7
403,57.57,33331,406.87,406.10,-0.77,-23.1,-23.1,0.0,-0.0,-0.0,-0.0,3290,2259,0,-21,-7
404,57.74,33327,406.82,406.08,-0.74,-22.3,-22.3,0.0,-0.0,-0.0,-0.0,3240,2206,0,-21,-5
405,57.82,33327,406.82,406.07,-0.76,-22.7,-22.7,0.0,-0.0,-0.0,-0.0,3240,2205,0,-21,-5
406,57.98,33322,406.76,406.04,-0.72,-21.6,-21.6,0.0,0.0,-0.0,-0.0,3178,2138,0,-21,-3
407,58.14,33322,406.76,406.02,-0.74,-22.3,-22.3,0.0,0.0,-0.0,-0.0,3178,2140,0,-21,-3
408,58.30,33321,406.75,406.00,-0.76,-22.7,-22.7,0.0,-0.0,-0.0,-0.0,3165,2130,0,-22,-3
409,58.39,33321,406.75,405.98,-0.77,-23.1,-23.1,0.0,-0.0,-0.0,-0.0,3165,2131,0,-22,-3
410,58.56,33318,406.71,405.96,-0.76,-22.7,-22.7,0.0,0.0,-0.0,-0.0,3128,2091,0,-22,-1
411,58.71,33313,406.65,405.94,-0.72,-21.6,-21.6,0.0,0.0,-0.0,-0.0,3065,2028,0,-21,1
412,58.88,33311,406.63,405.91,-0.72,-21.6,-21.6,0.0,0.0,-0.0,-0.0,3040,2002,0,-21,1
413,58.97,33311,406.63,405.90,-0.73,-22.0,-22.0,0.0,0.0,-0.0,-0.0,3040,2000,0,-21,2
414,59.14,33307,406.58,405.87,-0.71,-21.2,-21.2,0.0,0.0,-0.0,-0.0,2990,1950,0,-20,3
415,59.31,33303,406.53,405.85,-0.68,-20.5,-20.5,0.0,0.0,-0.0,-0.0,2940,1897,0,-19,5
416,59.39,33302,406.52,405.84,-0.68,-20.5,-20.5,0.0,0.0,-0.0,-0.0,2928,1887,0,-19,5
417,59.56,33301,406.51,405.81,-0.70,-20.9,-20.9,0.0,0.0,-0.0,-0.0,2915,1876,0,-20,5
418,59.71,33296,406.45,405.79,-0.66,-19.8,-19.8,0.0,0.0,-0.0,-0.0,2853,1806,0,-18,7
419,59.88,33295,406.43,405.76,-0.67,-20.1,-20.1,0.0,0.0,-0.0,-0.0,2840,1802,0,-18,7
420,59.96,33295,406.43,405.75,-0.68,-20.5,-20.5,0.0,0.0,-0.0,-0.0,2840,1804,0,-18,7
421,60.13,33290,406.37,405.73,-0.65,-19.4,-19.4,0.0,0.0,-0.0,-0.0,2778,1735,0,-17,9
422,60.29,33287,406.34,405.70,-0.63,-19.0,-19.0,0.0,0.0,-0.0,-0.0,2740,1699,0,-16,9
423,60.45,33284,406.30,405.68,-0.62,-18.7,-18.7,0.0,0.0,-0.0,-0.0,2703,1662,0,-15,10
424,60.53,33284,406.30,405.67,-0.63,-19.0,-19.0,0.0,0.0,-0.0,-0.0,2703,1662,0,-15,10
425,60.69,33281,406.26,405.64,-0.62,-18.7,-18.7,0.0,0.0,-0.0,-0.0,2665,1621,0,-14,11
426,60.86,33276,406.20,405.62,-0.59,-17.6,-17.6,0.0,0.0,-0.0,-0.0,2603,1560,0,-12,12
427,61.03,33273,406.16,405.59,-0.57,-17.2,-17.2,0.0,0.0,-0.0,-0.0,2565,1524,0,-12,12
428,61.11,33270,406.13,405.58,-0.55,-16.5,-16.5,0.0,0.0,-0.0,-0.0,2528,1482,0,-10,12
429,61.28,33269,406.12,405.55,-0.56,-16.8,-16.8,0.0,0.0,-0.0,-0.0,2515,1470,0,-10,13
430,61.44,33264,406.05,405.53,-0.52,-15.8,-15.8,0.0,0.0,-0.0,-0.0,2453,1414,0,-9,13
431,61.53,33264,406.05,405.51,-0.54,-16.1,-16.1,0.0,0.0,-0.0,-0.0,2453,1409,0,-9,13
432,61.69,33263,406.04,405.49,-0.55,-16.5,-16.5,0.0,0.0,-0.0,-0.0,2440,1402,0,-9,13
433,61.85,33260,406.01,405.46,-0.54,-16.1,-16.1,0.0,0.0,-0.0,-0.0,2403,1364,0,-8,14
434,62.02,33254,405.93,405.44,-0.50,-15.0,-15.0,0.0,0.0,-0.0,-0.0,2328,1283,0,-6,13
435,62.11,33253,405.92,405.42,-0.50,-15.0,-15.0,0.0,0.0,-0.0,-0.0,2315,1273,0,-5,13
436,62.28,33251,405.90,405.40,-0.50,-15.0,-15.0,0.0,0.0,-0.0,-0.0,2290,1245,0,-5,14
437,62.45,33246,405.83,405.37,-0.46,-13.9,-13.9,0.0,0.0,-0.0,-0.0,2228,1183,0,-3,13
438,62.55,33243,405.80,405.36,-0.44,-13.2,-13.2,0.0,0.0,-0.0,-0.0,2190,1139,0,-2,13
439,62.72,33240,405.76,405.33,-0.44,-13.2,-13.2,0.0,0.0,-0.0,-0.0,2153,1109,0,-2,13
440,62.87,33238,405.74,405.30,-0.43,-12.8,-12.8,0.0,0.0,-0.0,-0.0,2128,1083,0,-1,12
441,62.95,33238,405.74,405.29,-0.45,-13.5,-13.5,0.0,0.0,-0.0,-0.0,2128,1084,0,-1,13
442,63.12,33232,405.66,405.26,-0.40,-12.1,-12.1,0.0,0.0,-0.0,-0.0,2053,1009,0,0,12
443,63.29,33231,405.65,405.24,-0.42,-12.5,-12.5,0.0,0.0,-0.0,-0.0,2040,999,0,0,12
444,63.44,33229,405.63,405.21,-0.42,-12.5,-12.5,0.0,0.0,-0.0,-0.0,2015,975,0,1,12
445,63.52,33228,405.62,405.20,-0.42,-12.5,-12.5,0.0,0.0,-0.0,-0.0,2003,964,0,1,12
446,63.69,33223,405.55,405.17,-0.38,-11.4,-11.4,0.0,0.0,-0.0,-0.0,1940,896,0,2,11
447,63.85,33222,405.54,405.15,-0.39,-11.7,-11.7,0.0,0.0,-0.0,-0.0,1928,889,0,2,11
448,64.02,33219,405.51,405.12,-0.38,-11.4,-11.4,0.0,0.0,-0.0,-0.0,1890,851,0,3,11
449,64.10,33217,405.48,405.11,-0.38,-11.4,-11.4,0.0,0.0,-0.0,-0.0,1865,822,0,3,10
450,64.27,33214,405.44,405.08,-0.37,-11.0,-11.0,0.0,0.0,-0.0,-0.0,1828,790,0,4,10
451,64.43,33214,405.44,405.06,-0.39,-11.7,-11.7,0.0,0.0,-0.0,-0.0,1828,790,0,4,11
452,64.59,33210,405.40,405.03,-0.37,-11.0,-11.0,0.0,0.0,-0.0,-0.0,1778,741,0,4,10
453,64.68,33210,405.40,405.02,-0.38,-11.4,-11.4,0.0,0.0,-0.0,-0.0,1778,739,0,5,10
454,64.86,33207,405.36,404.99,-0.37,-11.0,-11.0,0.0,0.0,-0.0,-0.0,1740,704,0,5,9
455,65.01,33204,405.32,404.96,-0.37,-11.0,-11.0,0.0,0.0,-0.0,-0.0,1703,664,0,6,9
456,65.10,33202,405.30,404.95,-0.35,-10.6,-10.6,0.0,0.0,-0.0,-0.0,1678,636,0,6,9
457,65.27,33200,405.27,404.92,-0.35,-10.6,-10.6,0.0,0.0,-0.0,-0.0,1653,614,0,6,8
458,65.42,33197,405.24,404.90,-0.34,-10.2,-10.2,0.0,0.0,-0.0,-0.0,1615,576,0,6,8
459,65.59,33197,405.24,404.87,-0.37,-11.0,-11.0,0.0,0.0,-0.0,-0.0,1615,577,0,7,8
460,65.74,33196,405.22,404.84,-0.38,-11.4,-11.4,0.0,-0.0,-0.0,-0.0,1603,570,0,7,8
461,65.83,33196,405.22,404.83,-0.40,-12.1,-12.1,0.0,-0.0,-0.0,-0.0,1603,571,0,7,9
462,66.00,33193,405.19,404.80,-0.39,-11.7,-11.7,0.0,-0.0,-0.0,-0.0,1565,533,0,8,8
463,66.16,33193,405.19,404.77,-0.42,-12.5,-12.5,0.0,-0.0,-0.0,-0.0,1565,535,0,8,9
464,66.24,33192,405.18,404.76,-0.42,-12.5,-12.5,0.0,-0.0,-0.0,-0.0,1553,522,0,8,9
465,66.40,33191,405.16,404.73,-0.43,-12.8,-12.8,0.0,-0.0,-0.0,-0.0,1540,508,0,9,9
466,66.56,33187,405.11,404.71,-0.40,-12.1,-12.1,0.0,-0.0,-0.0,-0.0,1490,455,0,9,8
467,66.72,33187,405.11,404.68,-0.44,-13.2,-13.2,0.0,-0.0,-0.0,-0.0,1490,456,0,10,8
468,66.81,33186,405.10,404.67,-0.44,-13.2,-13.2,0.0,-0.0,-0.0,-0.0,1478,443,0,10,8
469,66.98,33184,405.08,404.64,-0.44,-13.2,-13.2,0.0,-0.0,-0.0,-0.0,1453,417,0,10,8
470,67.14,33185,405.09,404.61,-0.48,-14.3,-14.3,0.0,-0.0,-0.0,-0.0,1465,435,0,11,9
471,67.31,33184,405.08,404.58,-0.50,-15.0,-15.0,0.0,-0.0,-0.0,-0.0,1453,425,0,12,9
472,67.40,33184,405.08,404.57,-0.51,-15.4,-15.4,0.0,-0.0,-0.0,-0.0,1453,424,0,12,9
473,67.56,33183,405.07,404.54,-0.52,-15.8,-15.8,0.0,-0.0,-0.0,-0.0,1440,416,0,12,9
474,67.72,33181,405.04,404.51,-0.52,-15.8,-15.8,0.0,-0.0,-0.0,-0.0,1415,385,0,13,8
475,67.81,33181,405.04,404.50,-0.55,-16.5,-16.5,0.0,-0.0,-0.0,-0.0,1415,385,0,13,9
476,67.98,33183,405.07,404.47,-0.60,-17.9,-17.9,0.0,-0.0,-0.0,-0.0,1440,414,0,14,10
477,68.15,33177,404.99,404.44,-0.55,-16.5,-16.5,0.0,-0.0,-0.0,-0.0,1365,329,0,14,8
478,68.23,33176,404.98,404.42,-0.56,-16.8,-16.8,0.0,-0.0,-0.0,-0.0,1353,318,0,14,8
479,68.40,33178,405.00,404.40,-0.61,-18.3,-18.3,0.0,-0.0,-0.0,-0.0,1378,349,0,15,9
480,68.57,33178,405.00,404.37,-0.63,-19.0,-19.0,0.0,-0.0,-0.0,-0.0,1378,349,0,16,9
481,68.73,33180,405.03,404.34,-0.68,-20.5,-20.5,0.0,-0.0,-0.0,-0.0,1403,376,0,17,11
482,68.81,33180,405.03,404.33,-0.71,-21.2,-21.2,0.0,-0.0,-0.0,-0.0,1403,384,0,17,11
483,68.97,33178,405.00,404.30,-0.71,-21.2,-21.2,0.0,-0.0,-0.0,-0.0,1378,355,0,18,11
484,69.14,33177,404.99,404.27,-0.72,-21.6,-21.6,0.0,-0.0,-0.0,-0.0,1365,340,0,18,10
485,69.31,33177,404.99,404.24,-0.76,-22.7,-22.7,0.0,-0.0,-0.0,-0.0,1365,336,0,19,11
486,69.40,33177,404.99,404.22,-0.77,-23.1,-23.1,0.0,-0.0,-0.0,-0.0,1365,336,0,19,11
487,69.56,33176,404.98,404.20,-0.78,-23.4,-23.4,0.0,-0.0,-0.0,-0.0,1353,323,0,20,11
488,69.71,33176,404.98,404.17,-0.81,-24.2,-24.2,0.0,-0.0,-0.0,-0.0,1353,326,0,21,11
489,69.89,33174,404.96,404.14,-0.82,-24.5,-24.5,0.0,-0.0,-0.0,-0.0,1328,299,0,21,11
490,69.96,33174,404.96,404.13,-0.83,-24.9,-24.9,0.0,-0.0,-0.0,-0.0,1328,300,0,22,11
491,70.14,33172,404.93,404.10,-0.83,-24.9,-24.9,0.0,-0.0,-0.0,-0.0,1303,271,0,22,10
492,70.30,33170,404.91,404.07,-0.84,-25.3,-25.3,0.0,-0.0,-0.0,-0.0,1278,245,0,23,9
493,70.39,33168,404.88,404.05,-0.83,-24.9,-24.9,0.0,-0.0,-0.0,-0.0,1253,216,0,23,8
494,70.56,33167,404.87,404.02,-0.85,-25.6,-25.6,0.0,-0.0,-0.0,-0.0,1240,206,0,24,8
495,70.73,33167,404.87,403.99,-0.88,-26.4,-26.4,0.0,-0.0,-0.0,-0.0,1240,207,0,24,8
496,70.81,33164,404.83,403.98,-0.85,-25.6,-25.6,0.0,-0.0,-0.0,-0.0,1203,167,0,24,6
497,70.98,33167,404.87,403.95,-0.93,-27.8,-27.8,0.0,-0.0,-0.0,-0.0,1240,212,0,26,9
498,71.14,33164,404.83,403.92,-0.92,-27.5,-27.5,0.0,-0.0,-0.0,-0.0,1203,174,0,26,7
499,71.23,33163,404.82,403.90,-0.92,-27.5,-27.5,0.0,-0.0,-0.0,-0.0,1190,160,0,26,6
500,71.40,33161,404.80,403.87,-0.93,-27.8,-27.8,0.0,-0.0,-0.0,-0.0,1165,132,0,26,5
501,71.56,33159,404.77,403.84,-0.93,-27.8,-27.8,0.0,-0.0,-0.0,-0.0,1140,107,0,27,4
502,71.74,33156,404.74,403.81,-0.93,-27.8,-27.8,0.0,-0.0,-0.0,-0.0,1103,65,0,27,3
503,71.83,33153,404.70,403.79,-0.90,-27.1,-27.1,0.0,0.0,-0.0,-0.0,1065,23,0,26,1
504,72.00,33153,404.70,403.76,-0.94,-28.2,-28.2,0.0,-0.0,-0.0,-0.0,1065,29,0,27,1
505,72.16,33151,404.68,403.74,-0.94,-28.2,-28.2,0.0,-0.0,-0.0,-0.0,1040,5,0,27,0
506,72.25,33148,404.64,403.72,-0.92,-27.5,-27.5,0.0,0.0,-0.0,-0.0,1003,4058,0,27,-2
507,72.41,33147,404.63,403.69,-0.94,-28.2,-28.2,0.0,-0.0,-0.0,-0.0,990,4049,0,27,-2
508,72.59,33144,404.59,403.66,-0.93,-27.8,-27.8,0.0,-0.0,-0.0,-0.0,953,4011,0,27,-4
509,72.67,33139,404.53,403.64,-0.89,-26.7,-26.7,0.0,0.0,-0.0,-0.0,890,3940,0,25,-6
510,72.84,33137,404.50,403.61,-0.89,-26.7,-26.7,0.0,0.0,-0.0,-0.0,865,3916,0,25,-7
511,73.00,33139,404.53,403.58,-0.94,-28.2,-28.2,0.0,-0.0,-0.0,-0.0,890,3950,0,27,-6
512,73.09,33137,404.50,403.57,-0.94,-28.2,-28.2,0.0,0.0,-0.0,-0.0,865,3922,0,26,-7
513,73.26,33131,404.43,403.54,-0.89,-26.7,-26.7,0.0,0.0,-0.0,-0.0,790,3842,0,24,-10
514,73.42,33129,404.41,403.51,-0.90,-27.1,-27.1,0.0,-0.0,-0.0,-0.0,765,3825,0,24,-11
515,73.58,33125,404.36,403.48,-0.88,-26.4,-26.4,0.0,0.0,-0.0,-0.0,715,3768,0,22,-12
516,73.67,33122,404.32,403.46,-0.87,-26.0,-26.0,0.0,0.0,-0.0,-0.0,678,3721,0,21,-14
517,73.83,33121,404.31,403.43,-0.88,-26.4,-26.4,0.0,0.0,-0.0,-0.0,665,3721,0,21,-14
518,73.99,33118,404.27,403.40,-0.87,-26.0,-26.0,0.0,0.0,-0.0,-0.0,628,3686,0,20,-15
519,74.16,33115,404.24,403.37,-0.87,-26.0,-26.0,0.0,0.0,-0.0,-0.0,590,3644,0,19,-16
520,74.25,33111,404.19,403.35,-0.83,-24.9,-24.9,0.0,0.0,-0.0,-0.0,540,3590,0,17,-17
521,74.42,33106,404.13,403.32,-0.81,-24.2,-24.2,0.0,0.0,-0.0,-0.0,478,3528,0,15,-18
522,74.60,33098,404.03,403.29,-0.74,-22.3,-22.3,0.0,0.0,-0.0,-0.0,378,3415,0,11,-19
523,74.68,33098,404.03,403.27,-0.76,-22.7,-22.7,0.0,0.0,-0.0,-0.0,378,3419,0,11,-19
524,74.84,33091,403.94,403.24,-0.70,-20.9,-20.9,0.0,0.0,-0.0,-0.0,290,3328,0,8,-19
525,75.02,33089,403.92,403.21,-0.71,-21.2,-21.2,0.0,0.0,-0.0,-0.0,265,3307,0,7,-19
526,75.10,33089,403.92,403.19,-0.72,-21.6,-21.6,0.0,0.0,-0.0,-0.0,265,3313,0,8,-20
527,75.26,33084,403.86,403.16,-0.70,-20.9,-20.9,0.0,0.0,-0.0,-0.0,203,3255,0,6,-19
528,75.44,33081,403.82,403.13,-0.70,-20.9,-20.9,0.0,0.0,-0.0,-0.0,165,3214,0,4,-20
529,75.52,33080,403.81,403.11,-0.70,-20.9,-20.9,0.0,0.0,-0.0,-0.0,153,3208,0,4,-20
530,75.69,33073,403.72,403.08,-0.63,-19.0,-19.0,0.0,0.0,-0.0,-0.0,65,3112,0,1,-18
531,75.86,33069,403.67,403.05,-0.62,-18.7,-18.7,0.0,0.0,-0.0,-0.0,15,3060,0,0,-18
532,76.02,33064,403.61,403.02,-0.60,-17.9,-17.9,0.0,0.0,-0.0,-0.0,4049,2997,0,-2,-17
533,76.09,33062,403.59,403.01,-0.59,-17.6,-17.6,0.0,0.0,-0.0,-0.0,4024,2974,0,-3,-17
534,76.27,33056,403.52,402.97,-0.54,-16.1,-16.1,0.0,0.0,-0.0,-0.0,3949,2893,0,-4,-15
535,76.43,33053,403.48,402.94,-0.54,-16.1,-16.1,0.0,0.0,-0.0,-0.0,3911,2861,0,-5,-15
536,76.52,33051,403.45,402.92,-0.52,-15.8,-15.8,0.0,0.0,-0.0,-0.0,3886,2834,0,-5,-14
537,76.69,33044,403.37,402.89,-0.48,-14.3,-14.3,0.0,0.0,-0.0,-0.0,3799,2746,0,-7,-12
538,76.86,33037,403.28,402.86,-0.43,-12.8,-12.8,0.0,0.0,-0.0,-0.0,3711,2657,0,-7,-10
539,76.95,33034,403.25,402.84,-0.40,-12.1,-12.1,0.0,0.0,-0.0,-0.0,3674,2616,0,-8,-9
540,77.12,33032,403.22,402.81,-0.42,-12.5,-12.5,0.0,0.0,-0.0,-0.0,3649,2594,0,-8,-9
541,77.29,33026,403.15,402.78,-0.38,-11.4,-11.4,0.0,0.0,-0.0,-0.0,3574,2518,0,-8,-7
542,77.38,33026,403.15,402.76,-0.39,-11.7,-11.7,0.0,0.0,-0.0,-0.0,3574,2521,0,-8,-8
543,77.55,33022,403.10,402.73,-0.38,-11.4,-11.4,0.0,0.0,-0.0,-0.0,3524,2478,0,-9,-7
544,77.72,33013,402.99,402.69,-0.29,-8.8,-8.8,0.0,0.0,-0.0,-0.0,3411,2359,0,-8,-4
545,77.81,33012,402.98,402.68,-0.31,-9.2,-9.2,0.0,0.0,-0.0,-0.0,3399,2345,0,-8,-4
546,77.97,33007,402.92,402.64,-0.27,-8.1,-8.1,0.0,0.0,-0.0,-0.0,3336,2285,0,-7,-3
547,78.14,33003,402.87,402.61,-0.26,-7.7,-7.7,0.0,0.0,-0.0,-0.0,3286,2231,0,-7,-2
548,78.22,33001,402.84,402.60,-0.24,-7.3,-7.3,0.0,0.0,-0.0,-0.0,3261,2206,0,-7,-2
549,78.38,33001,402.84,402.56,-0.28,-8.4,-8.4,0.0,0.0,-0.0,-0.0,3261,2218,0,-8,-2
550,78.55,32995,402.77,402.53,-0.24,-7.3,-7.3,0.0,0.0,-0.0,-0.0,3186,2138,0,-7,-1
551,78.71,32993,402.75,402.50,-0.24,-7.3,-7.3,0.0,0.0,-0.0,-0.0,3161,2119,0,-7,-1
552,78.87,32991,402.72,402.47,-0.26,-7.7,-7.7,0.0,-0.0,-0.0,-0.0,3136,2097,0,-7,-1
553,78.95,32989,402.70,402.45,-0.24,-7.3,-7.3,0.0,0.0,-0.0,-0.0,3111,2068,0,-7,0
554,79.12,32988,402.69,402.42,-0.27,-8.1,-8.1,0.0,-0.0,-0.0,-0.0,3099,2060,0,-8,0
555,79.29,32986,402.66,402.39,-0.28,-8.4,-8.4,0.0,-0.0,-0.0,-0.0,3074,2039,0,-8,0
556,79.36,32981,402.60,402.37,-0.23,-7.0,-7.0,0.0,0.0,-0.0,-0.0,3011,1970,0,-7,1
557,79.54,32978,402.56,402.34,-0.23,-7.0,-7.0,0.0,0.0,-0.0,-0.0,2974,1929,0,-7,1
558,79.71,32973,402.50,402.30,-0.20,-5.9,-5.9,0.0,0.0,-0.0,-0.0,2911,1864,0,-5,2
559,79.80,32972,402.49,402.28,-0.21,-6.2,-6.2,0.0,0.0,-0.0,-0.0,2899,1850,0,-6,2
560,79.97,32970,402.47,402.25,-0.22,-6.6,-6.6,0.0,0.0,-0.0,-0.0,2874,1826,0,-6,2
561,80.14,32967,402.43,402.22,-0.21,-6.2,-6.2,0.0,-0.0,-0.0,-0.0,2836,1798,0,-6,2
562,80.22,32966,402.42,402.20,-0.22,-6.6,-6.6,0.0,0.0,-0.0,-0.0,2824,1782,0,-6,3
563,80.38,32966,402.42,402.17,-0.26,-7.7,-7.7,0.0,-0.0,-0.0,-0.0,2824,1791,0,-7,3
564,80.55,32960,402.34,402.13,-0.21,-6.2,-6.2,0.0,-0.0,-0.0,-0.0,2749,1710,0,-5,3
565,80.72,32958,402.32,402.10,-0.22,-6.6,-6.6,0.0,0.0,-0.0,-0.0,2724,1683,0,-5,3
566,80.81,32958,402.32,402.08,-0.24,-7.3,-7.3,0.0,-0.0,-0.0,-0.0,2724,1686,0,-6,4
567,80.99,32954,402.27,402.05,-0.22,-6.6,-6.6,0.0,0.0,-0.0,-0.0,2674,1632,0,-5,4
568,81.07,32951,402.23,402.03,-0.21,-6.2,-6.2,0.0,0.0,-0.0,-0.0,2636,1588,0,-5,4
569,81.24,32951,402.23,401.99,-0.24,-7.3,-7.3,0.0,-0.0,-0.0,-0.0,2636,1599,0,-5,5
570,81.41,32949,402.21,401.96,-0.26,-7.7,-7.7,0.0,-0.0,-0.0,-0.0,2611,1574,0,-6,5
571,81.57,32948,402.20,401.93,-0.27,-8.1,-8.1,0.0,-0.0,-0.0,-0.0,2599,1562,0,-6,5
572,81.66,32947,402.19,401.91,-0.28,-8.4,-8.4,0.0,-0.0,-0.0,-0.0,2586,1550,0,-6,6
573,81.83,32944,402.15,401.87,-0.27,-8.1,-8.1,0.0,-0.0,-0.0,-0.0,2549,1515,0,-5,6
574,81.98,32943,402.14,401.84,-0.29,-8.8,-8.8,0.0,-0.0,-0.0,-0.0,2536,1500,0,-6,6
575,82.07,32941,402.11,401.82,-0.29,-8.8,-8.8,0.0,-0.0,-0.0,-0.0,2511,1474,0,-5,7
576,82.24,32941,402.11,401.79,-0.32,-9.5,-9.5,0.0,-0.0,-0.0,-0.0,2511,1477,0,-6,7
577,82.39,32939,402.09,401.76,-0.33,-9.9,-9.9,0.0,-0.0,-0.0,-0.0,2486,1453,0,-6,8
578,82.57,32938,402.08,401.72,-0.35,-10.6,-10.6,0.0,-0.0,-0.0,-0.0,2474,1441,0,-6,8
579,82.73,32938,402.08,401.69,-0.39,-11.7,-11.7,0.0,-0.0,-0.0,-0.0,2474,1445,0,-7,9
580,82.81,32938,402.08,401.67,-0.40,-12.1,-12.1,0.0,-0.0,-0.0,-0.0,2474,1445,0,-7,9
581,82.98,32936,402.05,401.64,-0.42,-12.5,-12.5,0.0,-0.0,-0.0,-0.0,2449,1420,0,-7,10
582,83.07,32934,402.03,401.62,-0.42,-12.5,-12.5,0.0,-0.0,-0.0,-0.0,2424,1391,0,-6,10
583,83.25,32933,402.01,401.58,-0.44,-13.2,-13.2,0.0,-0.0,-0.0,-0.0,2411,1379,0,-7,11
584,83.41,32932,402.00,401.55,-0.45,-13.5,-13.5,0.0,-0.0,-0.0,-0.0,2399,1367,0,-7,11
585,83.58,32931,401.99,401.51,-0.48,-14.3,-14.3,0.0,-0.0,-0.0,-0.0,2386,1353,0,-7,12
586,83.65,32930,401.98,401.50,-0.48,-14.3,-14.3,0.0,-0.0,-0.0,-0.0,2374,1342,0,-6,12
587,83.82,32930,401.98,401.46,-0.51,-15.4,-15.4,0.0,-0.0,-0.0,-0.0,2374,1346,0,-7,13
588,83.98,32927,401.94,401.43,-0.51,-15.4,-15.4,0.0,-0.0,-0.0,-0.0,2336,1301,0,-6,14
589,84.07,32927,401.94,401.41,-0.54,-16.1,-16.1,0.0,-0.0,-0.0,-0.0,2336,1304,0,-7,14
590,84.24,32927,401.94,401.37,-0.56,-16.8,-16.8,0.0,-0.0,-0.0,-0.0,2336,1306,0,-7,15
591,84.40,32924,401.90,401.34,-0.56,-16.8,-16.8,0.0,-0.0,-0.0,-0.0,2299,1266,0,-6,15
592,84.57,32921,401.87,401.30,-0.56,-16.8,-16.8,0.0,-0.0,-0.0,-0.0,2261,1228,0,-5,16
593,84.65,32923,401.89,401.29,-0.61,-18.3,-18.3,0.0,-0.0,-0.0,-0.0,2286,1256,0,-6,17
594,84.82,32923,401.89,401.25,-0.65,-19.4,-19.4,0.0,-0.0,-0.0,-0.0,2286,1256,0,-7,18
595,84.99,32917,401.82,401.21,-0.61,-18.3,-18.3,0.0,-0.0,-0.0,-0.0,2211,1175,0,-4,17
596,85.08,32916,401.81,401.20,-0.61,-18.3,-18.3,0.0,-0.0,-0.0,-0.0,2199,1162,0,-4,17
597,85.24,32916,401.81,401.16,-0.65,-19.4,-19.4,0.0,-0.0,-0.0,-0.0,2199,1168,0,-4,18
598,85.40,32916,401.81,401.13,-0.68,-20.5,-20.5,0.0,-0.0,-0.0,-0.0,2199,1161,0,-4,19
599,85.56,32913,401.77,401.09,-0.67,-20.1,-20.1,0.0,-0.0,-0.0,-0.0,2161,1125,0,-3,19
600,85.72,32911,401.75,401.06,-0.68,-20.5,-20.5,0.0,-0.0,-0.0,-0.0,2136,1104,0,-2,20
601,85.80,32909,401.72,401.04,-0.68,-20.5,-20.5,0.0,-0.0,-0.0,-0.0,2111,1076,0,-2,20
602,85.97,32907,401.70,401.00,-0.70,-20.9,-20.9,0.0,-0.0,-0.0,-0.0,2086,1048,0,-1,20
603,86.14,32908,401.71,400.97,-0.74,-22.3,-22.3,0.0,-0.0,-0.0,-0.0,2099,1066,0,-1,22
604,86.23,32906,401.68,400.95,-0.73,-22.0,-22.0,0.0,-0.0,-0.0,-0.0,2074,1039,0,0,21
605,86.40,32906,401.68,400.91,-0.77,-23.1,-23.1,0.0,-0.0,-0.0,-0.0,2074,1042,0,-1,22
606,86.57,32903,401.65,400.87,-0.77,-23.1,-23.1,0.0,-0.0,-0.0,-0.0,2036,1006,0,1,22
607,86.66,32901,401.62,400.85,-0.77,-23.1,-23.1,0.0,-0.0,-0.0,-0.0,2011,978,0,2,22
608,86.83,32897,401.57,400.82,-0.76,-22.7,-22.7,0.0,-0.0,-0.0,-0.0,1961,922,0,3,22
609,86.99,32894,401.54,400.78,-0.76,-22.7,-22.7,0.0,-0.0,-0.0,-0.0,1924,884,0,5,21
610,87.09,32892,401.51,400.76,-0.74,-22.3,-22.3,0.0,0.0,-0.0,-0.0,1899,853,0,6,21
611,87.25,32891,401.50,400.73,-0.77,-23.1,-23.1,0.0,0.0,-0.0,-0.0,1886,845,0,6,22
612,87.43,32888,401.46,400.69,-0.78,-23.4,-23.4,0.0,-0.0,-0.0,-0.0,1849,811,0,7,22
613,87.50,32888,401.46,400.67,-0.79,-23.8,-23.8,0.0,-0.0,-0.0,-0.0,1849,813,0,7,22
614,87.66,32883,401.40,400.64,-0.77,-23.1,-23.1,0.0,-0.0,-0.0,-0.0,1786,745,0,9,20
615,87.82,32879,401.35,400.60,-0.76,-22.7,-22.7,0.0,0.0,-0.0,-0.0,1736,693,0,11,19
616,87.99,32877,401.33,400.57,-0.77,-23.1,-23.1,0.0,0.0,-0.0,-0.0,1711,667,0,12,19
617,88.08,32873,401.28,400.55,-0.73,-22.0,-22.0,0.0,0.0,-0.0,-0.0,1661,612,0,13,17
618,88.25,32872,401.27,400.51,-0.76,-22.7,-22.7,0.0,0.0,-0.0,-0.0,1649,607,0,13,18
619,88.42,32873,401.28,400.47,-0.81,-24.2,-24.2,0.0,-0.0,-0.0,-0.0,1661,626,0,13,19
620,88.50,32871,401.26,400.45,-0.81,-24.2,-24.2,0.0,-0.0,-0.0,-0.0,1636,601,0,14,19
621,88.66,32863,401.16,400.42,-0.74,-22.3,-22.3,0.0,0.0,-0.0,-0.0,1536,491,0,16,15
622,88.83,32861,401.14,400.38,-0.76,-22.7,-22.7,0.0,-0.0,-0.0,-0.0,1511,472,0,16,15
623,88.99,32856,401.07,400.34,-0.73,-22.0,-22.0,0.0,0.0,-0.0,-0.0,1449,400,0,17,12
624,89.08,32852,401.03,400.32,-0.71,-21.2,-21.2,0.0,0.0,-0.0,-0.0,1399,339,0,18,10
625,89.25,32850,401.00,400.29,-0.72,-21.6,-21.6,0.0,0.0,-0.0,-0.0,1374,325,0,18,10
626,89.41,32850,401.00,400.25,-0.76,-22.7,-22.7,0.0,0.0,-0.0,-0.0,1374,330,0,19,11
627,89.51,32845,400.94,400.23,-0.71,-21.2,-21.2,0.0,0.0,-0.0,-0.0,1311,260,0,19,8
628,89.68,32845,400.94,400.19,-0.74,-22.3,-22.3,0.0,-0.0,-0.0,-0.0,1311,271,0,20,9
629,89.85,32840,400.88,400.15,-0.73,-22.0,-22.0,0.0,-0.0,-0.0,-0.0,1249,211,0,20,7
630,89.93,32838,400.85,400.13,-0.72,-21.6,-21.6,0.0,0.0,-0.0,-0.0,1224,182,0,20,6
631,90.11,32831,400.77,400.09,-0.67,-20.1,-20.1,0.0,0.0,-0.0,-0.0,1136,84,0,19,3
632,90.27,32831,400.77,400.06,-0.71,-21.2,-21.2,0.0,0.0,-0.0,-0.0,1136,92,0,20,3
633,90.36,32829,400.74,400.04,-0.71,-21.2,-21.2,0.0,0.0,-0.0,-0.0,1111,64,0,20,2
634,90.52,32823,400.67,400.00,-0.67,-20.1,-20.1,0.0,0.0,-0.0,-0.0,1036,4084,0,20,0
635,90.70,32820,400.63,399.96,-0.67,-20.1,-20.1,0.0,0.0,-0.0,-0.0,999,4049,0,19,-1
636,90.78,32820,400.63,399.94,-0.70,-20.9,-20.9,0.0,-0.0,-0.0,-0.0,999,4054,0,20,-1
637,90.95,32814,400.56,399.90,-0.66,-19.8,-19.8,0.0,0.0,-0.0,-0.0,924,3971,0,19,-4
638,91.12,32811,400.52,399.87,-0.66,-19.8,-19.8,0.0,0.0,-0.0,-0.0,886,3936,0,19,-5
639,91.20,32807,400.48,399.85,-0.63,-19.0,-19.0,0.0,0.0,-0.0,-0.0,836,3883,0,17,-6
640,91.37,32806,400.46,399.81,-0.66,-19.8,-19.8,0.0,0.0,-0.0,-0.0,824,3876,0,18,-6
641,91.54,32800,400.39,399.77,-0.62,-18.7,-18.7,0.0,0.0,-0.0,-0.0,749,3794,0,16,-8
642,91.70,32800,400.39,399.73,-0.66,-19.8,-19.8,0.0,0.0,-0.0,-0.0,749,3802,0,17,-8
643,91.78,32796,400.34,399.71,-0.63,-19.0,-19.0,0.0,0.0,-0.0,-0.0,699,3748,0,16,-9
644,91.95,32794,400.32,399.67,-0.65,-19.4,-19.4,0.0,-0.0,-0.0,-0.0,674,3728,0,16,-10
645,92.13,32786,400.22,399.63,-0.59,-17.6,-17.6,0.0,0.0,-0.0,-0.0,574,3621,0,13,-11
646,92.21,32786,400.22,399.61,-0.61,-18.3,-18.3,0.0,0.0,-0.0,-0.0,574,3624,0,13,-12
647,92.39,32778,400.12,399.57,-0.55,-16.5,-16.5,0.0,0.0,-0.0,-0.0,474,3512,0,10,-12
648,92.56,32774,400.07,399.53,-0.54,-16.1,-16.1,0.0,0.0,-0.0,-0.0,424,3467,0,9,-13
649,92.65,32772,400.05,399.51,-0.54,-16.1,-16.1,0.0,0.0,-0.0,-0.0,399,3436,0,8,-13
650,92.81,32768,400.00,399.47,-0.52,-15.8,-15.8,0.0,0.0,-0.0,-0.0,349,3394,0,7,-13
651,92.99,32766,399.98,399.43,-0.54,-16.1,-16.1,0.0,0.0,-0.0,-0.0,324,3373,0,7,-14
652,93.08,32764,399.95,399.41,-0.54,-16.1,-16.1,0.0,0.0,-0.0,-0.0,299,3348,0,6,-14
653,93.25,32761,399.91,399.37,-0.54,-16.1,-16.1,0.0,0.0,-0.0,-0.0,261,3314,0,6,-15
654,93.42,32757,399.87,399.33,-0.54,-16.1,-16.1,0.0,-0.0,-0.0,-0.0,211,3264,0,5,-15
655,93.51,32751,399.79,399.31,-0.48,-14.3,-14.3,0.0,0.0,-0.0,-0.0,136,3182,0,2,-14
656,93.68,32751,399.79,399.27,-0.52,-15.8,-15.8,0.0,0.0,-0.0,-0.0,136,3185,0,3,-15
657,93.84,32747,399.74,399.24,-0.51,-15.4,-15.4,0.0,0.0,-0.0,-0.0,86,3137,0,1,-15
658,93.92,32744,399.71,399.22,-0.49,-14.6,-14.6,0.0,0.0,-0.0,-0.0,49,3095,0,1,-14
659,94.08,32741,399.67,399.18,-0.49,-14.6,-14.6,0.0,0.0,-0.0,-0.0,11,3060,0,0,-14
660,94.25,32735,399.60,399.14,-0.46,-13.9,-13.9,0.0,0.0,-0.0,-0.0,4032,2981,0,-2,-13
661,94.43,32730,399.54,399.10,-0.44,-13.2,-13.2,0.0,0.0,-0.0,-0.0,3970,2918,0,-3,-12
662,94.50,32726,399.49,399.08,-0.40,-12.1,-12.1,0.0,0.0,-0.0,-0.0,3920,2866,0,-4,-11
663,94.67,32723,399.45,399.04,-0.42,-12.5,-12.5,0.0,0.0,-0.0,-0.0,3882,2830,0,-4,-11
664,94.84,32720,399.41,399.00,-0.42,-12.5,-12.5,0.0,0.0,-0.0,-0.0,3845,2793,0,-5,-11
665,94.92,32718,399.39,398.98,-0.40,-12.1,-12.1,0.0,0.0,-0.0,-0.0,3820,2773,0,-5,-10
666,95.09,32714,399.34,398.94,-0.40,-12.1,-12.1,0.0,0.0,-0.0,-0.0,3770,2722,0,-6,-10
667,95.25,32710,399.29,398.90,-0.39,-11.7,-11.7,0.0,0.0,-0.0,-0.0,3720,2675,0,-6,-9
668,95.42,32707,399.26,398.86,-0.39,-11.7,-11.7,0.0,0.0,-0.0,-0.0,3682,2637,0,-7,-9
669,95.49,32706,399.24,398.84,-0.40,-12.1,-12.1,0.0,0.0,-0.0,-0.0,3670,2626,0,-7,-9
670,95.66,32704,399.22,398.80,-0.42,-12.5,-12.5,0.0,-0.0,-0.0,-0.0,3645,2602,0,-8,-9
671,95.82,32698,399.15,398.77,-0.38,-11.4,-11.4,0.0,0.0,-0.0,-0.0,3570,2524,0,-8,-7
672,95.99,32696,399.12,398.72,-0.39,-11.7,-11.7,0.0,0.0,-0.0,-0.0,3545,2503,0,-9,-7
673,96.06,32696,399.12,398.71,-0.42,-12.5,-12.5,0.0,-0.0,-0.0,-0.0,3545,2506,0,-9,-8
674,96.23,32690,399.05,398.67,-0.38,-11.4,-11.4,0.0,0.0,-0.0,-0.0,3470,2424,0,-9,-6
675,96.41,32689,399.04,398.62,-0.42,-12.5,-12.5,0.0,-0.0,-0.0,-0.0,3457,2414,0,-10,-6
676,96.49,32687,399.01,398.60,-0.40,-12.1,-12.1,0.0,-0.0,-0.0,-0.0,3432,2392,0,-10,-6
677,96.65,32684,398.97,398.56,-0.42,-12.5,-12.5,0.0,-0.0,-0.0,-0.0,3395,2353,0,-11,-5
678,96.82,32680,398.93,398.52,-0.40,-12.1,-12.1,0.0,0.0,-0.0,-0.0,3345,2304,0,-11,-4
679,97.00,32677,398.89,398.48,-0.40,-12.1,-12.1,0.0,-0.0,-0.0,-0.0,3307,2264,0,-11,-4
680,97.07,32677,398.89,398.46,-0.43,-12.8,-12.8,0.0,-0.0,-0.0,-0.0,3307,2266,0,-12,-4
681,97.23,32676,398.88,398.42,-0.45,-13.5,-13.5,0.0,-0.0,-0.0,-0.0,3295,2259,0,-12,-4
682,97.40,32671,398.82,398.38,-0.43,-12.8,-12.8,0.0,-0.0,-0.0,-0.0,3232,2191,0,-12,-3
683,97.49,32670,398.80,398.36,-0.44,-13.2,-13.2,0.0,-0.0,-0.0,-0.0,3220,2179,0,-13,-3
684,97.65,32669,398.79,398.32,-0.46,-13.9,-13.9,0.0,-0.0,-0.0,-0.0,3207,2173,0,-13,-3
685,97.81,32666,398.75,398.28,-0.48,-14.3,-14.3,0.0,-0.0,-0.0,-0.0,3170,2131,0,-14,-2
686,97.98,32662,398.71,398.24,-0.46,-13.9,-13.9,0.0,0.0,-0.0,-0.0,3120,2076,0,-13,-1
687,98.06,32660,398.68,398.22,-0.46,-13.9,-13.9,0.0,-0.0,-0.0,-0.0,3095,2054,0,-13,0
688,98.23,32660,398.68,398.18,-0.50,-15.0,-15.0,0.0,-0.0,-0.0,-0.0,3095,2056,0,-15,0
689,98.41,32655,398.62,398.14,-0.49,-14.6,-14.6,0.0,-0.0,-0.0,-0.0,3032,1989,0,-14,1
690,98.49,32655,398.62,398.12,-0.50,-15.0,-15.0,0.0,-0.0,-0.0,-0.0,3032,1992,0,-14,1
691,98.65,32654,398.61,398.08,-0.54,-16.1,-16.1,0.0,-0.0,-0.0,-0.0,3020,1984,0,-16,2
692,98.82,32648,398.54,398.03,-0.50,-15.0,-15.0,0.0,-0.0,-0.0,-0.0,2945,1904,0,-14,3
693,98.99,32650,398.56,397.99,-0.56,-16.8,-16.8,0.0,-0.0,-0.0,-0.0,2970,1936,0,-16,3
694,99.06,32648,398.54,397.98,-0.56,-16.8,-16.8,0.0,-0.0,-0.0,-0.0,2945,1911,0,-16,3
695,99.22,32648,398.54,397.94,-0.60,-17.9,-17.9,0.0,-0.0,-0.0,-0.0,2945,1909,0,-17,4
696,99.38,32642,398.46,397.90,-0.56,-16.8,-16.8,0.0,-0.0,-0.0,-0.0,2870,1833,0,-15,5
697,99.56,32641,398.45,397.85,-0.60,-17.9,-17.9,0.0,-0.0,-0.0,-0.0,2857,1819,0,-16,6
698,99.64,32640,398.44,397.83,-0.61,-18.3,-18.3,0.0,-0.0,-0.0,-0.0,2845,1806,0,-17,6
699,99.81,32641,398.45,397.79,-0.66,-19.8,-19.8,0.0,-0.0,-0.0,-0.0,2857,1823,0,-18,6
700,99.98,32634,398.36,397.75,-0.62,-18.7,-18.7,0.0,-0.0,-0.0,-0.0,2770,1729,0,-16,9
701,100.07,32632,398.34,397.72,-0.61,-18.3,-18.3,0.0,-0.0,-0.0,-0.0,2745,1705,0,-15,9
702,100.24,32631,398.33,397.68,-0.65,-19.4,-19.4,0.0,-0.0,-0.0,-0.0,2732,1694,0,-16,10
703,100.41,32631,398.33,397.64,-0.68,-20.5,-20.5,0.0,-0.0,-0.0,-0.0,2732,1694,0,-17,10
704,100.49,32628,398.29,397.62,-0.67,-20.1,-20.1,0.0,-0.0,-0.0,-0.0,2695,1653,0,-16,11
705,100.66,32623,398.23,397.58,-0.66,-19.8,-19.8,0.0,-0.0,-0.0,-0.0,2632,1592,0,-15,12
706,100.83,32621,398.21,397.53,-0.67,-20.1,-20.1,0.0,-0.0,-0.0,-0.0,2607,1567,0,-14,13
707,100.91,32621,398.21,397.51,-0.70,-20.9,-20.9,0.0,-0.0,-0.0,-0.0,2607,1569,0,-15,14
708,101.09,32617,398.16,397.47,-0.68,-20.5,-20.5,0.0,0.0,-0.0,-0.0,2557,1511,0,-13,15
709,101.25,32614,398.12,397.43,-0.70,-20.9,-20.9,0.0,-0.0,-0.0,-0.0,2520,1481,0,-13,15
710,101.34,32614,398.12,397.40,-0.72,-21.6,-21.6,0.0,-0.0,-0.0,-0.0,2520,1482,0,-14,16
711,101.51,32614,398.12,397.36,-0.76,-22.7,-22.7,0.0,-0.0,-0.0,-0.0,2520,1485,0,-14,17
712,101.69,32607,398.03,397.32,-0.72,-21.6,-21.6,0.0,-0.0,-0.0,-0.0,2432,1390,0,-11,18
713,101.77,32607,398.03,397.29,-0.74,-22.3,-22.3,0.0,-0.0,-0.0,-0.0,2432,1391,0,-12,18
714,101.94,32602,397.97,397.25,-0.72,-21.6,-21.6,0.0,-0.0,-0.0,-0.0,2370,1329,0,-9,19
715,102.11,32598,397.92,397.21,-0.72,-21.6,-21.6,0.0,0.0,-0.0,-0.0,2320,1273,0,-8,19
716,102.20,32594,397.88,397.19,-0.70,-20.9,-20.9,0.0,0.0,-0.0,-0.0,2270,1215,0,-6,19
717,102.37,32592,397.85,397.14,-0.71,-21.2,-21.2,0.0,0.0,-0.0,-0.0,2245,1198,0,-5,20
718,102.55,32590,397.83,397.10,-0.73,-22.0,-22.0,0.0,0.0,-0.0,-0.0,2220,1175,0,-5,21
719,102.63,32589,397.81,397.08,-0.74,-22.3,-22.3,0.0,-0.0,-0.0,-0.0,2207,1163,0,-5,21
720,102.80,32583,397.74,397.03,-0.71,-21.2,-21.2,0.0,0.0,-0.0,-0.0,2132,1087,0,-2,20
721,102.97,32582,397.73,396.99,-0.74,-22.3,-22.3,0.0,-0.0,-0.0,-0.0,2120,1079,0,-2,22
722,103.05,32582,397.73,396.97,-0.76,-22.7,-22.7,0.0,-0.0,-0.0,-0.0,2120,1081,0,-2,22
723,103.21,32575,397.64,396.93,-0.72,-21.6,-21.6,0.0,0.0,-0.0,-0.0,2032,986,0,1,21
724,103.37,32573,397.62,396.88,-0.73,-22.0,-22.0,0.0,-0.0,-0.0,-0.0,2007,967,0,2,21
725,103.54,32570,397.58,396.84,-0.74,-22.3,-22.3,0.0,-0.0,-0.0,-0.0,1970,927,0,3,21
726,103.62,32568,397.56,396.82,-0.73,-22.0,-22.0,0.0,0.0,-0.0,-0.0,1945,901,0,4,21
727,103.79,32560,397.46,396.78,-0.68,-20.5,-20.5,0.0,0.0,-0.0,-0.0,1845,792,0,7,19
728,103.95,32555,397.40,396.73,-0.67,-20.1,-20.1,0.0,0.0,-0.0,-0.0,1782,732,0,8,18
729,104.12,32553,397.38,396.69,-0.68,-20.5,-20.5,0.0,0.0,-0.0,-0.0,1757,705,0,9,18
730,104.20,32550,397.34,396.67,-0.67,-20.1,-20.1,0.0,0.0,-0.0,-0.0,1720,668,0,10,17
731,104.37,32549,397.33,396.63,-0.70,-20.9,-20.9,0.0,0.0,-0.0,-0.0,1707,660,0,11,17
732,104.53,32543,397.25,396.58,-0.67,-20.1,-20.1,0.0,0.0,-0.0,-0.0,1632,587,0,12,15
733,104.61,32542,397.24,396.56,-0.68,-20.5,-20.5,0.0,-0.0,-0.0,-0.0,1620,575,0,13,15
734,104.78,32536,397.17,396.52,-0.65,-19.4,-19.4,0.0,0.0,-0.0,-0.0,1545,496,0,14,13
735,104.94,32533,397.13,396.48,-0.66,-19.8,-19.8,0.0,0.0,-0.0,-0.0,1507,461,0,15,12
736,105.12,32527,397.06,396.43,-0.63,-19.0,-19.0,0.0,0.0,-0.0,-0.0,1432,376,0,15,10
737,105.20,32526,397.05,396.41,-0.63,-19.0,-19.0,0.0,0.0,-0.0,-0.0,1420,370,0,16,10
738,105.38,32522,397.00,396.36,-0.63,-19.0,-19.0,0.0,0.0,-0.0,-0.0,1370,320,0,16,9
739,105.53,32517,396.94,396.32,-0.61,-18.3,-18.3,0.0,0.0,-0.0,-0.0,1307,257,0,16,7
740,105.62,32514,396.90,396.30,-0.60,-17.9,-17.9,0.0,0.0,-0.0,-0.0,1270,216,0,16,6
741,105.80,32511,396.86,396.25,-0.61,-18.3,-18.3,0.0,0.0,-0.0,-0.0,1232,184,0,17,5
742,105.95,32506,396.80,396.21,-0.60,-17.9,-17.9,0.0,0.0,-0.0,-0.0,1170,120,0,17,3
743,106.04,32503,396.77,396.19,-0.57,-17.2,-17.2,0.0,0.0,-0.0,-0.0,1132,78,0,17,2
744,106.21,32500,396.73,396.14,-0.59,-17.6,-17.6,0.0,0.0,-0.0,-0.0,1095,46,0,17,1
745,106.38,32496,396.68,396.09,-0.59,-17.6,-17.6,0.0,0.0,-0.0,-0.0,1045,4094,0,17,0
746,106.47,32493,396.64,396.07,-0.57,-17.2,-17.2,0.0,0.0,-0.0,-0.0,1007,4050,0,17,-1
747,106.64,32491,396.62,396.03,-0.60,-17.9,-17.9,0.0,0.0,-0.0,-0.0,982,4031,0,17,-2
748,106.80,32490,396.61,395.98,-0.62,-18.7,-18.7,0.0,-0.0,-0.0,-0.0,970,4026,0,18,-2
749,106.97,32481,396.50,395.94,-0.56,-16.8,-16.8,0.0,0.0,-0.0,-0.0,857,3904,0,16,-5
750,107.06,32480,396.48,395.92,-0.57,-17.2,-17.2,0.0,0.0,-0.0,-0.0,845,3891,0,16,-5
751,107.21,32474,396.41,395.87,-0.54,-16.1,-16.1,0.0,0.0,-0.0,-0.0,770,3816,0,14,-7
752,107.38,32468,396.34,395.83,-0.51,-15.4,-15.4,0.0,0.0,-0.0,-0.0,695,3730,0,13,-8
753,107.47,32466,396.31,395.80,-0.51,-15.4,-15.4,0.0,0.0,-0.0,-0.0,670,3702,0,12,-8
754,107.64,32462,396.26,395.76,-0.51,-15.4,-15.4,0.0,0.0,-0.0,-0.0,620,3663,0,12,-9
755,107.80,32459,396.23,395.72,-0.51,-15.4,-15.4,0.0,0.0,-0.0,-0.0,582,3632,0,11,-10
756,107.96,32455,396.18,395.67,-0.51,-15.4,-15.4,0.0,0.0,-0.0,-0.0,532,3581,0,10,-11
757,108.05,32452,396.14,395.65,-0.49,-14.6,-14.6,0.0,0.0,-0.0,-0.0,495,3542,0,9,-11
758,108.21,32449,396.11,395.60,-0.50,-15.0,-15.0,0.0,0.0,-0.0,-0.0,457,3508,0,9,-11
759,108.37,32446,396.07,395.56,-0.51,-15.4,-15.4,0.0,0.0,-0.0,-0.0,420,3467,0,8,-12
760,108.46,32445,396.06,395.54,-0.52,-15.8,-15.8,0.0,-0.0,-0.0,-0.0,407,3455,0,8,-13
761,108.63,32437,395.96,395.49,-0.46,-13.9,-13.9,0.0,0.0,-0.0,-0.0,307,3352,0,6,-12
762,108.80,32437,395.96,395.44,-0.51,-15.4,-15.4,0.0,-0.0,-0.0,-0.0,307,3358,0,6,-13
763,108.97,32431,395.89,395.40,-0.49,-14.6,-14.6,0.0,0.0,-0.0,-0.0,232,3277,0,4,-13
764,109.06,32427,395.84,395.37,-0.46,-13.9,-13.9,0.0,0.0,-0.0,-0.0,182,3224,0,3,-13
765,109.22,32424,395.80,395.33,-0.48,-14.3,-14.3,0.0,0.0,-0.0,-0.0,145,3191,0,3,-14
766,109.40,32422,395.78,395.28,-0.50,-15.0,-15.0,0.0,-0.0,-0.0,-0.0,120,3168,0,2,-14
767,109.48,32418,395.73,395.26,-0.46,-13.9,-13.9,0.0,0.0,-0.0,-0.0,70,3113,0,1,-13
768,109.65,32413,395.67,395.21,-0.45,-13.5,-13.5,0.0,0.0,-0.0,-0.0,7,3053,0,0,-13
769,109.82,32411,395.64,395.17,-0.48,-14.3,-14.3,0.0,-0.0,-0.0,-0.0,4078,3035,0,-1,-14
770,109.90,32409,395.62,395.14,-0.48,-14.3,-14.3,0.0,0.0,-0.0,-0.0,4053,3006,0,-1,-14
771,110.06,32402,395.53,395.10,-0.43,-12.8,-12.8,0.0,0.0,-0.0,-0.0,3966,2913,0,-3,-12
772,110.23,32399,395.50,395.05,-0.44,-13.2,-13.2,0.0,0.0,-0.0,-0.0,3928,2882,0,-4,-12
773,110.40,32397,395.47,395.01,-0.46,-13.9,-13.9,0.0,0.0,-0.0,-0.0,3903,2853,0,-4,-13
774,110.49,32395,395.45,394.98,-0.46,-13.9,-13.9,0.0,0.0,-0.0,-0.0,3878,2828,0,-5,-13
775,110.66,32391,395.40,394.93,-0.46,-13.9,-13.9,0.0,-0.0,-0.0,-0.0,3828,2783,0,-6,-12
776,110.82,32389,395.37,394.89,-0.49,-14.6,-14.6,0.0,-0.0,-0.0,-0.0,3803,2763,0,-6,-13
777,110.91,32386,395.34,394.87,-0.48,-14.3,-14.3,0.0,-0.0,-0.0,-0.0,3766,2722,0,-7,-12
778,111.07,32383,395.30,394.82,-0.48,-14.3,-14.3,0.0,-0.0,-0.0,-0.0,3728,2684,0,-8,-11
779,111.24,32379,395.25,394.77,-0.48,-14.3,-14.3,0.0,-0.0,-0.0,-0.0,3678,2635,0,-9,-11
780,111.33,32377,395.23,394.75,-0.48,-14.3,-14.3,0.0,-0.0,-0.0,-0.0,3653,2607,0,-9,-10
781,111.50,32371,395.15,394.70,-0.45,-13.5,-13.5,0.0,0.0,-0.0,-0.0,3578,2528,0,-10,-9
782,111.66,32366,395.09,394.65,-0.44,-13.2,-13.2,0.0,0.0,-0.0,-0.0,3516,2464,0,-10,-8
783,111.75,32366,395.09,394.63,-0.46,-13.9,-13.9,0.0,0.0,-0.0,-0.0,3516,2467,0,-11,-8
784,111.91,32362,395.04,394.58,-0.46,-13.9,-13.9,0.0,0.0,-0.0,-0.0,3466,2417,0,-11,-7
785,112.08,32362,395.04,394.54,-0.50,-15.0,-15.0,0.0,-0.0,-0.0,-0.0,3466,2423,0,-12,-8
786,112.24,32355,394.96,394.49,-0.46,-13.9,-13.9,0.0,-0.0,-0.0,-0.0,3378,2333,0,-12,-6
787,112.33,32352,394.92,394.47,-0.45,-13.5,-13.5,0.0,-0.0,-0.0,-0.0,3341,2295,0,-12,-5
788,112.49,32350,394.90,394.42,-0.48,-14.3,-14.3,0.0,-0.0,-0.0,-0.0,3316,2271,0,-13,-5
789,112.66,32349,394.89,394.37,-0.51,-15.4,-15.4,0.0,-0.0,-0.0,-0.0,3303,2259,0,-14,-5
790,112.75,32345,394.84,394.35,-0.49,-14.6,-14.6,0.0,0.0,-0.0,-0.0,3253,2201,0,-14,-3
791,112.92,32344,394.82,394.30,-0.52,-15.8,-15.8,0.0,-0.0,-0.0,-0.0,3241,2202,0,-15,-4
792,113.09,32341,394.79,394.25,-0.54,-16.1,-16.1,0.0,-0.0,-0.0,-0.0,3203,2166,0,-15,-3
793,113.25,32337,394.74,394.21,-0.52,-15.8,-15.8,0.0,-0.0,-0.0,-0.0,3153,2111,0,-15,-1
794,113.33,32336,394.73,394.19,-0.54,-16.1,-16.1,0.0,-0.0,-0.0,-0.0,3141,2097,0,-16,-1
795,113.50,32331,394.67,394.14,-0.52,-15.8,-15.8,0.0,-0.0,-0.0,-0.0,3078,2034,0,-15,0
796,113.67,32329,394.64,394.09,-0.55,-16.5,-16.5,0.0,-0.0,-0.0,-0.0,3053,2009,0,-16,1
797,113.75,32327,394.62,394.07,-0.55,-16.5,-16.5,0.0,-0.0,-0.0,-0.0,3028,1982,0,-16,2
798,113.92,32324,394.58,394.02,-0.56,-16.8,-16.8,0.0,-0.0,-0.0,-0.0,2991,1948,0,-16,2
799,114.09,32321,394.54,393.97,-0.57,-17.2,-17.2,0.0,-0.0,-0.0,-0.0,2953,1909,0,-16,4
800,114.18,32319,394.52,393.95,-0.57,-17.2,-17.2,0.0,-0.0,-0.0,-0.0,2928,1885,0,-16,4
801,114.33,32317,394.49,393.90,-0.60,-17.9,-17.9,0.0,-0.0,-0.0,-0.0,2903,1862,0,-17,5
802,114.49,32312,394.43,393.86,-0.57,-17.2,-17.2,0.0,-0.0,-0.0,-0.0,2841,1798,0,-15,6
803,114.66,32309,394.40,393.81,-0.59,-17.6,-17.6,0.0,-0.0,-0.0,-0.0,2803,1760,0,-15,7
804,114.82,32306,394.36,393.76,-0.60,-17.9,-17.9,0.0,-0.0,-0.0,-0.0,2766,1722,0,-15,8
805,114.91,32302,394.31,393.74,-0.57,-17.2,-17.2,0.0,0.0,-0.0,-0.0,2716,1663,0,-14,9
806,115.08,32300,394.29,393.69,-0.60,-17.9,-17.9,0.0,-0.0,-0.0,-0.0,2691,1646,0,-14,10
807,115.24,32294,394.21,393.64,-0.57,-17.2,-17.2,0.0,0.0,-0.0,-0.0,2616,1569,0,-12,11
808,115.32,32291,394.18,393.62,-0.56,-16.8,-16.8,0.0,0.0,-0.0,-0.0,2578,1526,0,-11,12
809,115.49,32289,394.15,393.57,-0.59,-17.6,-17.6,0.0,0.0,-0.0,-0.0,2553,1504,0,-11,13
810,115.67,32290,394.17,393.52,-0.65,-19.4,-19.4,0.0,-0.0,-0.0,-0.0,2566,1527,0,-13,13
811,115.75,32287,394.13,393.49,-0.63,-19.0,-19.0,0.0,-0.0,-0.0,-0.0,2528,1485,0,-12,14
812,115.92,32282,394.07,393.44,-0.62,-18.7,-18.7,0.0,-0.0,-0.0,-0.0,2466,1425,0,-10,15
813,116.08,32280,394.04,393.40,-0.65,-19.4,-19.4,0.0,-0.0,-0.0,-0.0,2441,1404,0,-10,16
814,116.17,32277,394.01,393.37,-0.63,-19.0,-19.0,0.0,-0.0,-0.0,-0.0,2403,1360,0,-9,16
815,116.34,32275,393.98,393.32,-0.66,-19.8,-19.8,0.0,-0.0,-0.0,-0.0,2378,1332,0,-9,17
816,116.50,32270,393.92,393.27,-0.65,-19.4,-19.4,0.0,0.0,-0.0,-0.0,2316,1268,0,-7,18
817,116.66,32268,393.90,393.23,-0.67,-20.1,-20.1,0.0,-0.0,-0.0,-0.0,2291,1250,0,-7,18
818,116.75,32263,393.84,393.20,-0.63,-19.0,-19.0,0.0,0.0,-0.0,-0.0,2228,1177,0,-4,18
819,116.92,32259,393.79,393.15,-0.63,-19.0,-19.0,0.0,0.0,-0.0,-0.0,2178,1128,0,-3,18
820,117.09,32254,393.73,393.10,-0.62,-18.7,-18.7,0.0,0.0,-0.0,-0.0,2116,1065,0,-1,18
821,117.17,32254,393.73,393.08,-0.65,-19.4,-19.4,0.0,0.0,-0.0,-0.0,2116,1068,0,-1,19
822,117.34,32249,393.66,393.03,-0.63,-19.0,-19.0,0.0,0.0,-0.0,-0.0,2053,1001,0,1,18
823,117.50,32244,393.60,392.98,-0.62,-18.7,-18.7,0.0,0.0,-0.0,-0.0,1991,943,0,2,18
824,117.67,32242,393.58,392.93,-0.65,-19.4,-19.4,0.0,-0.0,-0.0,-0.0,1966,923,0,3,19
825,117.75,32241,393.57,392.91,-0.66,-19.8,-19.8,0.0,-0.0,-0.0,-0.0,1953,909,0,3,19
826,117.91,32236,393.51,392.86,-0.65,-19.4,-19.4,0.0,0.0,-0.0,-0.0,1891,843,0,5,18
827,118.08,32230,393.43,392.81,-0.62,-18.7,-18.7,0.0,0.0,-0.0,-0.0,1816,767,0,7,17
828,118.17,32228,393.41,392.79,-0.62,-18.7,-18.7,0.0,0.0,-0.0,-0.0,1791,740,0,8,16
829,118.34,32224,393.36,392.74,-0.62,-18.7,-18.7,0.0,0.0,-0.0,-0.0,1741,691,0,9,16
830,118.51,32218,393.29,392.69,-0.60,-17.9,-17.9,0.0,0.0,-0.0,-0.0,1666,612,0,10,14
831,118.59,32215,393.25,392.66,-0.59,-17.6,-17.6,0.0,0.0,-0.0,-0.0,1628,572,0,11,13
832,118.77,32213,393.23,392.61,-0.62,-18.7,-18.7,0.0,0.0,-0.0,-0.0,1603,552,0,12,14
833,118.93,32210,393.19,392.56,-0.63,-19.0,-19.0,0.0,-0.0,-0.0,-0.0,1566,519,0,13,13
834,119.10,32204,393.12,392.51,-0.61,-18.3,-18.3,0.0,0.0,-0.0,-0.0,1491,440,0,14,11
835,119.19,32203,393.10,392.48,-0.62,-18.7,-18.7,0.0,-0.0,-0.0,-0.0,1478,430,0,14,11
836,119.34,32197,393.03,392.44,-0.60,-17.9,-17.9,0.0,0.0,-0.0,-0.0,1403,355,0,15,9
837,119.51,32192,392.97,392.39,-0.59,-17.6,-17.6,0.0,0.0,-0.0,-0.0,1341,284,0,15,7
838,119.60,32192,392.97,392.36,-0.61,-18.3,-18.3,0.0,0.0,-0.0,-0.0,1341,290,0,16,8
839,119.76,32189,392.93,392.31,-0.62,-18.7,-18.7,0.0,-0.0,-0.0,-0.0,1303,258,0,17,7
840,119.93,32182,392.85,392.26,-0.59,-17.6,-17.6,0.0,0.0,-0.0,-0.0,1216,167,0,16,4
841,120.10,32182,392.85,392.21,-0.63,-19.0,-19.0,0.0,-0.0,-0.0,-0.0,1216,173,0,18,5
842,120.19,32178,392.80,392.18,-0.61,-18.3,-18.3,0.0,-0.0,-0.0,-0.0,1166,120,0,17,3
843,120.36,32172,392.72,392.13,-0.60,-17.9,-17.9,0.0,0.0,-0.0,-0.0,1091,40,0,17,1
844,120.45,32169,392.69,392.11,-0.59,-17.6,-17.6,0.0,0.0,-0.0,-0.0,1053,4094,0,17,0
845,120.62,32167,392.66,392.05,-0.61,-18.3,-18.3,0.0,-0.0,-0.0,-0.0,1028,4078,0,18,0
846,120.79,32160,392.58,392.00,-0.57,-17.2,-17.2,0.0,0.0,-0.0,-0.0,941,3980,0,16,-3
847,120.88,32160,392.58,391.98,-0.60,-17.9,-17.9,0.0,0.0,-0.0,-0.0,941,3986,0,17,-3
848,121.05,32161,392.59,391.93,-0.66,-19.8,-19.8,0.0,-0.0,-0.0,-0.0,953,4009,0,19,-3
849,121.22,32153,392.49,391.87,-0.62,-18.7,-18.7,0.0,-0.0,-0.0,-0.0,853,3905,0,17,-5
850,121.31,32149,392.44,391.85,-0.60,-17.9,-17.9,0.0,0.0,-0.0,-0.0,803,3847,0,16,-6
851,121.48,32143,392.37,391.79,-0.57,-17.2,-17.2,0.0,0.0,-0.0,-0.0,728,3776,0,15,-8
852,121.64,32138,392.31,391.74,-0.56,-16.8,-16.8,0.0,0.0,-0.0,-0.0,666,3704,0,13,-9
853,121.74,32138,392.31,391.72,-0.60,-17.9,-17.9,0.0,0.0,-0.0,-0.0,666,3702,0,14,-10
854,121.91,32130,392.21,391.66,-0.55,-16.5,-16.5,0.0,0.0,-0.0,-0.0,566,3606,0,12,-11
855,122.07,32130,392.21,391.61,-0.60,-17.9,-17.9,0.0,-0.0,-0.0,-0.0,566,3615,0,13,-12
856,122.16,32128,392.19,391.59,-0.60,-17.9,-17.9,0.0,-0.0,-0.0,-0.0,541,3589,0,12,-12
857,122.33,32124,392.14,391.54,-0.60,-17.9,-17.9,0.0,-0.0,-0.0,-0.0,491,3543,0,11,-13
858,122.49,32116,392.04,391.48,-0.56,-16.8,-16.8,0.0,0.0,-0.0,-0.0,391,3436,0,9,-14
859,122.66,32113,392.00,391.43,-0.57,-17.2,-17.2,0.0,-0.0,-0.0,-0.0,353,3403,0,8,-15
860,122.75,32110,391.97,391.41,-0.56,-16.8,-16.8,0.0,0.0,-0.0,-0.0,316,3357,0,7,-15
861,122.92,32108,391.94,391.35,-0.59,-17.6,-17.6,0.0,-0.0,-0.0,-0.0,291,3340,0,7,-16
862,123.09,32104,391.89,391.30,-0.59,-17.6,-17.6,0.0,-0.0,-0.0,-0.0,241,3289,0,6,-16
863,123.17,32099,391.83,391.28,-0.56,-16.8,-16.8,0.0,0.0,-0.0,-0.0,178,3223,0,4,-16
864,123.34,32096,391.80,391.22,-0.57,-17.2,-17.2,0.0,0.0,-0.0,-0.0,141,3188,0,3,-16
865,123.50,32091,391.74,391.17,-0.56,-16.8,-16.8,0.0,0.0,-0.0,-0.0,78,3123,0,1,-16
866,123.59,32089,391.71,391.15,-0.56,-16.8,-16.8,0.0,0.0,-0.0,-0.0,53,3095,0,1,-16
867,123.75,32084,391.65,391.10,-0.55,-16.5,-16.5,0.0,0.0,-0.0,-0.0,4087,3034,0,-1,-16
868,123.91,32081,391.61,391.05,-0.56,-16.8,-16.8,0.0,0.0,-0.0,-0.0,4049,3002,0,-2,-16
869,124.08,32077,391.56,391.00,-0.57,-17.2,-17.2,0.0,0.0,-0.0,-0.0,3999,2947,0,-3,-16
870,124.17,32075,391.54,390.97,-0.57,-17.2,-17.2,0.0,-0.0,-0.0,-0.0,3974,2924,0,-4,-16
871,124.34,32066,391.43,390.92,-0.51,-15.4,-15.4,0.0,0.0,-0.0,-0.0,3862,2806,0,-6,-14
872,124.51,32064,391.41,390.86,-0.55,-16.5,-16.5,0.0,-0.0,-0.0,-0.0,3837,2787,0,-7,-14
873,124.59,32064,391.41,390.84,-0.57,-17.2,-17.2,0.0,-0.0,-0.0,-0.0,3837,2787,0,-7,-15
874,124.76,32060,391.36,390.78,-0.57,-17.2,-17.2,0.0,0.0,-0.0,-0.0,3787,2738,0,-8,-15
875,124.93,32052,391.26,390.73,-0.52,-15.8,-15.8,0.0,0.0,-0.0,-0.0,3687,2633,0,-10,-12
876,125.02,32048,391.21,390.70,-0.51,-15.4,-15.4,0.0,0.0,-0.0,-0.0,3637,2584,0,-10,-11
877,125.19,32046,391.19,390.65,-0.54,-16.1,-16.1,0.0,0.0,-0.0,-0.0,3612,2561,0,-11,-11
878,125.36,32038,391.09,390.60,-0.49,-14.6,-14.6,0.0,0.0,-0.0,-0.0,3512,2450,0,-12,-8
879,125.45,32036,391.06,390.57,-0.50,-15.0,-15.0,0.0,0.0,-0.0,-0.0,3487,2424,0,-12,-8
880,125.60,32036,391.06,390.52,-0.55,-16.5,-16.5,0.0,-0.0,-0.0,-0.0,3487,2440,0,-13,-9
881,125.77,32031,391.00,390.47,-0.54,-16.1,-16.1,0.0,0.0,-0.0,-0.0,3424,2373,0,-14,-7
882,125.94,32026,390.94,390.41,-0.52,-15.8,-15.8,0.0,-0.0,-0.0,-0.0,3362,2314,0,-14,-6
883,126.02,32025,390.93,390.39,-0.55,-16.5,-16.5,0.0,-0.0,-0.0,-0.0,3349,2305,0,-15,-6
884,126.19,32022,390.89,390.33,-0.56,-16.8,-16.8,0.0,-0.0,-0.0,-0.0,3312,2268,0,-15,-5
885,126.36,32015,390.81,390.28,-0.52,-15.8,-15.8,0.0,0.0,-0.0,-0.0,3224,2174,0,-15,-3
886,126.44,32013,390.78,390.26,-0.52,-15.8,-15.8,0.0,0.0,-0.0,-0.0,3199,2149,0,-15,-2
887,126.61,32011,390.76,390.20,-0.56,-16.8,-16.8,0.0,-0.0,-0.0,-0.0,3174,2128,0,-16,-2
888,126.77,32004,390.67,390.15,-0.52,-15.8,-15.8,0.0,0.0,-0.0,-0.0,3087,2032,0,-15,0
889,126.95,32001,390.64,390.10,-0.54,-16.1,-16.1,0.0,-0.0,-0.0,-0.0,3049,2001,0,-16,1
890,127.03,32001,390.64,390.07,-0.57,-17.2,-17.2,0.0,-0.0,-0.0,-0.0,3049,2003,0,-17,1
891,127.20,31995,390.56,390.01,-0.55,-16.5,-16.5,0.0,0.0,-0.0,-0.0,2974,1924,0,-16,3
892,127.37,31991,390.52,389.96,-0.55,-16.5,-16.5,0.0,0.0,-0.0,-0.0,2924,1874,0,-15,4
893,127.46,31988,390.48,389.93,-0.55,-16.5,-16.5,0.0,-0.0,-0.0,-0.0,2887,1839,0,-15,5
894,127.63,31984,390.43,389.88,-0.55,-16.5,-16.5,0.0,-0.0,-0.0,-0.0,2837,1788,0,-15,6
895,127.80,31978,390.36,389.82,-0.54,-16.1,-16.1,0.0,0.0,-0.0,-0.0,2762,1708,0,-14,8
896,127.89,31977,390.34,389.80,-0.55,-16.5,-16.5,0.0,0.0,-0.0,-0.0,2749,1697,0,-14,8
897,128.05,31973,390.30,389.74,-0.55,-16.5,-16.5,0.0,0.0,-0.0,-0.0,2699,1649,0,-13,9
898,128.22,31967,390.22,389.69,-0.54,-16.1,-16.1,0.0,0.0,-0.0,-0.0,2624,1571,0,-12,10
899,128.30,31967,390.22,389.66,-0.56,-16.8,-16.8,0.0,-0.0,-0.0,-0.0,2624,1573,0,-12,11
900,128.47,31960,390.14,389.61,-0.52,-15.8,-15.8,0.0,0.0,-0.0,-0.0,2537,1485,0,-10,12
901,128.65,31957,390.10,389.55,-0.55,-16.5,-16.5,0.0,-0.0,-0.0,-0.0,2499,1449,0,-10,13
902,128.74,31956,390.09,389.52,-0.56,-16.8,-16.8,0.0,-0.0,-0.0,-0.0,2487,1436,0,-10,13
903,128.89,31951,390.03,389.47,-0.55,-16.5,-16.5,0.0,-0.0,-0.0,-0.0,2424,1377,0,-8,14
904,129.06,31946,389.97,389.42,-0.55,-16.5,-16.5,0.0,0.0,-0.0,-0.0,2362,1311,0,-7,14
905,129.22,31942,389.92,389.37,-0.55,-16.5,-16.5,0.0,-0.0,-0.0,-0.0,2312,1265,0,-6,15
906,129.30,31941,389.90,389.34,-0.56,-16.8,-16.8,0.0,-0.0,-0.0,-0.0,2299,1251,0,-6,15
907,129.46,31934,389.82,389.29,-0.52,-15.8,-15.8,0.0,0.0,-0.0,-0.0,2212,1158,0,-3,15
908,129.63,31933,389.81,389.23,-0.57,-17.2,-17.2,0.0,-0.0,-0.0,-0.0,2199,1154,0,-3,16
909,129.79,31928,389.75,389.18,-0.56,-16.8,-16.8,0.0,-0.0,-0.0,-0.0,2137,1090,0,-2,16
910,129.88,31924,389.70,389.15,-0.54,-16.1,-16.1,0.0,0.0,-0.0,-0.0,2087,1035,0,0,16
911,130.04,31923,389.69,389.10,-0.59,-17.6,-17.6,0.0,-0.0,-0.0,-0.0,2074,1030,0,0,17
912,130.20,31918,389.62,389.05,-0.57,-17.2,-17.2,0.0,-0.0,-0.0,-0.0,2012,966,0,1,17
913,130.29,31913,389.56,389.02,-0.55,-16.5,-16.5,0.0,0.0,-0.0,-0.0,1949,892,0,3,16
914,130.47,31910,389.53,388.96,-0.56,-16.8,-16.8,0.0,0.0,-0.0,-0.0,1912,860,0,4,16
915,130.64,31904,389.45,388.91,-0.55,-16.5,-16.5,0.0,0.0,-0.0,-0.0,1837,782,0,6,15
916,130.73,31900,389.40,388.88,-0.52,-15.8,-15.8,0.0,0.0,-0.0,-0.0,1787,726,0,7,14
917,130.89,31895,389.34,388.82,-0.52,-15.8,-15.8,0.0,0.0,-0.0,-0.0,1724,667,0,8,13
918,131.06,31892,389.31,388.77,-0.54,-16.1,-16.1,0.0,0.0,-0.0,-0.0,1687,637,0,9,13
919,131.15,31890,389.28,388.74,-0.55,-16.5,-16.5,0.0,0.0,-0.0,-0.0,1662,605,0,10,13
920,131.32,31888,389.26,388.68,-0.57,-17.2,-17.2,0.0,-0.0,-0.0,-0.0,1637,590,0,10,13
921,131.49,31879,389.15,388.63,-0.52,-15.8,-15.8,0.0,-0.0,-0.0,-0.0,1524,474,0,11,10
922,131.65,31876,389.11,388.57,-0.54,-16.1,-16.1,0.0,-0.0,-0.0,-0.0,1487,438,0,12,10
923,131.74,31874,389.09,388.55,-0.54,-16.1,-16.1,0.0,0.0,-0.0,-0.0,1462,411,0,13,9
924,131.91,31867,389.00,388.49,-0.51,-15.4,-15.4,0.0,0.0,-0.0,-0.0,1374,318,0,13,7
925,132.07,31864,388.96,388.44,-0.52,-15.8,-15.8,0.0,0.0,-0.0,-0.0,1337,285,0,14,6
926,132.16,31864,388.96,388.41,-0.56,-16.8,-16.8,0.0,-0.0,-0.0,-0.0,1337,289,0,15,7
927,132.32,31860,388.92,388.35,-0.56,-16.8,-16.8,0.0,-0.0,-0.0,-0.0,1287,241,0,15,6
928,132.49,31858,388.89,388.30,-0.60,-17.9,-17.9,0.0,-0.0,-0.0,-0.0,1262,221,0,16,6
929,132.58,31855,388.85,388.27,-0.59,-17.6,-17.6,0.0,-0.0,-0.0,-0.0,1224,182,0,16,5
930,132.74,31851,388.81,388.21,-0.60,-17.9,-17.9,0.0,-0.0,-0.0,-0.0,1174,132,0,17,3
931,132.91,31849,388.78,388.16,-0.62,-18.7,-18.7,0.0,-0.0,-0.0,-0.0,1149,102,0,18,3
932,133.08,31844,388.72,388.10,-0.62,-18.7,-18.7,0.0,-0.0,-0.0,-0.0,1087,41,0,18,1
933,133.17,31842,388.70,388.07,-0.62,-18.7,-18.7,0.0,-0.0,-0.0,-0.0,1062,12,0,18,0
934,133.34,31837,388.64,388.01,-0.62,-18.7,-18.7,0.0,-0.0,-0.0,-0.0,999,4046,0,18,-1
935,133.43,31834,388.60,387.98,-0.61,-18.3,-18.3,0.0,-0.0,-0.0,-0.0,962,4007,0,18,-2
936,133.59,31828,388.53,387.93,-0.60,-17.9,-17.9,0.0,0.0,-0.0,-0.0,887,3929,0,17,-4
937,133.76,31825,388.49,387.87,-0.61,-18.3,-18.3,0.0,0.0,-0.0,-0.0,849,3892,0,17,-5
938,133.92,31820,388.43,387.82,-0.61,-18.3,-18.3,0.0,0.0,-0.0,-0.0,787,3828,0,16,-7
939,134.01,31815,388.37,387.79,-0.57,-17.2,-17.2,0.0,0.0,-0.0,-0.0,724,3762,0,15,-8
940,134.18,31812,388.33,387.73,-0.60,-17.9,-17.9,0.0,0.0,-0.0,-0.0,687,3727,0,15,-9
941,134.34,31807,388.27,387.68,-0.59,-17.6,-17.6,0.0,0.0,-0.0,-0.0,624,3665,0,13,-10
942,134.43,31804,388.23,387.65,-0.59,-17.6,-17.6,0.0,0.0,-0.0,-0.0,587,3625,0,13,-11
943,134.60,31805,388.24,387.59,-0.65,-19.4,-19.4,0.0,-0.0,-0.0,-0.0,599,3650,0,15,-12
944,134.76,31799,388.17,387.54,-0.63,-19.0,-19.0,0.0,-0.0,-0.0,-0.0,524,3575,0,13,-13
945,134.93,31792,388.09,387.48,-0.60,-17.9,-17.9,0.0,0.0,-0.0,-0.0,437,3478,0,10,-14
946,135.01,31790,388.06,387.45,-0.61,-18.3,-18.3,0.0,-0.0,-0.0,-0.0,412,3458,0,10,-15
947,135.19,31786,388.01,387.39,-0.62,-18.7,-18.7,0.0,0.0,-0.0,-0.0,362,3402,0,9,-16
948,135.36,31783,387.98,387.34,-0.63,-19.0,-19.0,0.0,0.0,-0.0,-0.0,324,3370,0,8,-17
949,135.45,31781,387.95,387.31,-0.65,-19.4,-19.4,0.0,-0.0,-0.0,-0.0,299,3343,0,8,-17
950,135.60,31778,387.92,387.25,-0.66,-19.8,-19.8,0.0,-0.0,-0.0,-0.0,262,3314,0,7,-18
951,135.77,31773,387.85,387.20,-0.66,-19.8,-19.8,0.0,-0.0,-0.0,-0.0,199,3248,0,5,-18
952,135.86,31768,387.79,387.17,-0.62,-18.7,-18.7,0.0,0.0,-0.0,-0.0,137,3179,0,3,-18
953,136.03,31764,387.74,387.11,-0.63,-19.0,-19.0,0.0,0.0,-0.0,-0.0,87,3131,0,2,-18
954,136.19,31761,387.71,387.06,-0.65,-19.4,-19.4,0.0,-0.0,-0.0,-0.0,49,3095,0,1,-19
955,136.36,31758,387.67,387.00,-0.67,-20.1,-20.1,0.0,-0.0,-0.0,-0.0,12,3058,0,0,-20
956,136.45,31754,387.62,386.97,-0.66,-19.8,-19.8,0.0,0.0,-0.0,-0.0,4058,3003,0,-2,-19
957,136.62,31749,387.56,386.91,-0.66,-19.8,-19.8,0.0,-0.0,-0.0,-0.0,3995,2946,0,-4,-19
958,136.79,31744,387.50,386.85,-0.65,-19.4,-19.4,0.0,-0.0,-0.0,-0.0,3933,2882,0,-5,-18
959,136.87,31742,387.48,386.82,-0.65,-19.4,-19.4,0.0,0.0,-0.0,-0.0,3908,2859,0,-6,-18
960,137.03,31736,387.40,386.77,-0.63,-19.0,-19.0,0.0,0.0,-0.0,-0.0,3833,2777,0,-8,-17
961,137.21,31731,387.34,386.71,-0.63,-19.0,-19.0,0.0,0.0,-0.0,-0.0,3770,2717,0,-10,-16
962,137.29,31729,387.32,386.68,-0.63,-19.0,-19.0,0.0,0.0,-0.0,-0.0,3745,2690,0,-10,-15
963,137.46,31727,387.29,386.62,-0.67,-20.1,-20.1,0.0,-0.0,-0.0,-0.0,3720,2670,0,-11,-16
964,137.62,31719,387.19,386.57,-0.63,-19.0,-19.0,0.0,0.0,-0.0,-0.0,3620,2565,0,-13,-13
965,137.79,31715,387.15,386.51,-0.63,-19.0,-19.0,0.0,0.0,-0.0,-0.0,3570,2517,0,-14,-12
966,137.88,31711,387.10,386.48,-0.62,-18.7,-18.7,0.0,0.0,-0.0,-0.0,3520,2463,0,-15,-11
967,138.04,31707,387.05,386.42,-0.63,-19.0,-19.0,0.0,0.0,-0.0,-0.0,3470,2414,0,-16,-10
968,138.22,31703,387.00,386.36,-0.63,-19.0,-19.0,0.0,0.0,-0.0,-0.0,3420,2365,0,-16,-9
969,138.29,31701,386.98,386.33,-0.65,-19.4,-19.4,0.0,-0.0,-0.0,-0.0,3395,2347,0,-17,-8
970,138.46,31696,386.91,386.27,-0.63,-19.0,-19.0,0.0,0.0,-0.0,-0.0,3333,2281,0,-17,-6
971,138.63,31690,386.84,386.21,-0.62,-18.7,-18.7,0.0,0.0,-0.0,-0.0,3258,2203,0,-18,-4
972,138.72,31687,386.80,386.18,-0.62,-18.7,-18.7,0.0,0.0,-0.0,-0.0,3220,2165,0,-18,-3
973,138.89,31682,386.74,386.12,-0.62,-18.7,-18.7,0.0,0.0,-0.0,-0.0,3158,2102,0,-18,-1
974,139.07,31677,386.68,386.06,-0.62,-18.7,-18.7,0.0,0.0,-0.0,-0.0,3095,2040,0,-18,0
975,139.16,31675,386.66,386.03,-0.62,-18.7,-18.7,0.0,0.0,-0.0,-0.0,3070,2011,0,-18,1
976,139.33,31671,386.61,385.97,-0.63,-19.0,-19.0,0.0,-0.0,-0.0,-0.0,3020,1969,0,-18,2
977,139.49,31665,386.54,385.92,-0.62,-18.7,-18.7,0.0,-0.0,-0.0,-0.0,2945,1894,0,-18,4
978,139.59,31663,386.51,385.88,-0.62,-18.7,-18.7,0.0,0.0,-0.0,-0.0,2920,1865,0,-17,5
979,139.76,31656,386.43,385.82,-0.60,-17.9,-17.9,0.0,0.0,-0.0,-0.0,2833,1778,0,-16,7
980,139.85,31650,386.35,385.79,-0.56,-16.8,-16.8,0.0,0.0,-0.0,-0.0,2758,1693,0,-14,8
981,140.01,31647,386.32,385.73,-0.59,-17.6,-17.6,0.0,0.0,-0.0,-0.0,2720,1663,0,-14,9
982,140.18,31644,386.28,385.68,-0.60,-17.9,-17.9,0.0,0.0,-0.0,-0.0,2683,1628,0,-14,10
983,140.34,31640,386.23,385.62,-0.61,-18.3,-18.3,0.0,0.0,-0.0,-0.0,2633,1578,0,-13,12
984,140.43,31637,386.19,385.59,-0.61,-18.3,-18.3,0.0,-0.0,-0.0,-0.0,2595,1539,0,-13,12
985,140.58,31631,386.12,385.53,-0.59,-17.6,-17.6,0.0,-0.0,-0.0,-0.0,2520,1469,0,-11,13
986,140.75,31626,386.06,385.48,-0.59,-17.6,-17.6,0.0,0.0,-0.0,-0.0,2458,1405,0,-9,14
987,140.91,31622,386.01,385.42,-0.60,-17.9,-17.9,0.0,0.0,-0.0,-0.0,2408,1355,0,-8,15
988,141.00,31619,385.97,385.39,-0.59,-17.6,-17.6,0.0,0.0,-0.0,-0.0,2370,1311,0,-7,15
989,141.18,31615,385.93,385.32,-0.60,-17.9,-17.9,0.0,0.0,-0.0,-0.0,2320,1266,0,-6,16
990,141.34,31608,385.84,385.27,-0.57,-17.2,-17.2,0.0,0.0,-0.0,-0.0,2233,1180,0,-4,16
991,141.43,31604,385.79,385.23,-0.56,-16.8,-16.8,0.0,0.0,-0.0,-0.0,2183,1124,0,-2,16
992,141.60,31601,385.75,385.17,-0.59,-17.6,-17.6,0.0,0.0,-0.0,-0.0,2145,1091,0,-2,17
993,141.77,31593,385.66,385.12,-0.54,-16.1,-16.1,0.0,0.0,-0.0,-0.0,2045,987,0,1,16
994,141.87,31590,385.62,385.08,-0.54,-16.1,-16.1,0.0,0.0,-0.0,-0.0,2008,943,0,2,15
995,142.03,31584,385.55,385.02,-0.52,-15.8,-15.8,0.0,0.0,-0.0,-0.0,1933,874,0,3,15
996,142.19,31581,385.51,384.97,-0.55,-16.5,-16.5,0.0,0.0,-0.0,-0.0,1895,841,0,4,15
997,142.35,31575,385.44,384.91,-0.52,-15.8,-15.8,0.0,0.0,-0.0,-0.0,1820,763,0,6,14
998,142.44,31573,385.41,384.88,-0.54,-16.1,-16.1,0.0,0.0,-0.0,-0.0,1795,738,0,7,14
999,142.61,31566,385.33,384.82,-0.51,-15.4,-15.4,0.0,0.0,-0.0,-0.0,1708,652,0,8,13
1000,142.78,31562,385.28,384.75,-0.52,-15.8,-15.8,0.0,0.0,-0.0,-0.0,1658,604,0,9,12
1001,142.87,31558,385.23,384.72,-0.50,-15.0,-15.0,0.0,0.0,-0.0,-0.0,1608,547,0,10,11
1002,143.04,31549,385.12,384.66,-0.45,-13.5,-13.5,0.0,0.0,-0.0,-0.0,1495,434,0,10,8
1003,143.21,31546,385.08,384.60,-0.48,-14.3,-14.3,0.0,0.0,-0.0,-0.0,1458,398,0,11,8
1004,143.29,31544,385.06,384.57,-0.49,-14.6,-14.6,0.0,0.0,-0.0,-0.0,1433,377,0,12,8
1005,143.46,31542,385.03,384.51,-0.52,-15.8,-15.8,0.0,0.0,-0.0,-0.0,1408,355,0,13,8
1006,143.63,31533,384.92,384.45,-0.48,-14.3,-14.3,0.0,-0.0,-0.0,-0.0,1295,242,0,13,5
1007,143.72,31532,384.91,384.42,-0.49,-14.6,-14.6,0.0,-0.0,-0.0,-0.0,1283,233,0,13,5
1008,143.88,31528,384.86,384.36,-0.50,-15.0,-15.0,0.0,-0.0,-0.0,-0.0,1233,181,0,14,4
1009,144.05,31522,384.79,384.30,-0.49,-14.6,-14.6,0.0,0.0,-0.0,-0.0,1158,105,0,14,2
1010,144.14,31519,384.75,384.27,-0.49,-14.6,-14.6,0.0,0.0,-0.0,-0.0,1120,59,0,14,1
1011,144.31,31516,384.72,384.21,-0.51,-15.4,-15.4,0.0,-0.0,-0.0,-0.0,1083,35,0,15,1
1012,144.48,31509,384.63,384.15,-0.49,-14.6,-14.6,0.0,0.0,-0.0,-0.0,995,4033,0,14,-1
1013,144.57,31507,384.61,384.11,-0.50,-15.0,-15.0,0.0,0.0,-0.0,-0.0,970,4007,0,14,-2
1014,144.74,31504,384.57,384.05,-0.52,-15.8,-15.8,0.0,-0.0,-0.0,-0.0,933,3979,0,15,-3
1015,144.91,31499,384.51,383.99,-0.51,-15.4,-15.4,0.0,-0.0,-0.0,-0.0,870,3917,0,14,-4
1016,144.99,31498,384.50,383.96,-0.54,-16.1,-16.1,0.0,-0.0,-0.0,-0.0,858,3902,0,15,-5
1017,145.16,31493,384.44,383.90,-0.54,-16.1,-16.1,0.0,-0.0,-0.0,-0.0,795,3843,0,14,-6
1018,145.33,31485,384.34,383.84,-0.50,-15.0,-15.0,0.0,0.0,-0.0,-0.0,695,3737,0,12,-8
1019,145.42,31483,384.31,383.81,-0.51,-15.4,-15.4,0.0,0.0,-0.0,-0.0,670,3709,0,12,-8
1020,145.58,31480,384.28,383.75,-0.54,-16.1,-16.1,0.0,-0.0,-0.0,-0.0,633,3674,0,12,-9
1021,145.75,31478,384.25,383.68,-0.57,-17.2,-17.2,0.0,-0.0,-0.0,-0.0,608,3651,0,13,-11
1022,145.92,31470,384.16,383.62,-0.54,-16.1,-16.1,0.0,-0.0,-0.0,-0.0,508,3552,0,10,-12
1023,146.00,31470,384.16,383.59,-0.56,-16.8,-16.8,0.0,-0.0,-0.0,-0.0,508,3557,0,11,-12
1024,146.17,31466,384.11,383.53,-0.57,-17.2,-17.2,0.0,-0.0,-0.0,-0.0,458,3506,0,10,-13
1025,146.34,31460,384.03,383.47,-0.56,-16.8,-16.8,0.0,-0.0,-0.0,-0.0,383,3426,0,8,-14
1026,146.42,31455,383.97,383.44,-0.54,-16.1,-16.1,0.0,0.0,-0.0,-0.0,320,3356,0,7,-14
1027,146.59,31454,383.96,383.38,-0.59,-17.6,-17.6,0.0,-0.0,-0.0,-0.0,308,3357,0,7,-15
1028,146.75,31450,383.91,383.32,-0.60,-17.9,-17.9,0.0,-0.0,-0.0,-0.0,258,3305,0,6,-16
1029,146.92,31445,383.85,383.26,-0.60,-17.9,-17.9,0.0,-0.0,-0.0,-0.0,195,3238,0,4,-17
1030,147.01,31442,383.81,383.22,-0.59,-17.6,-17.6,0.0,-0.0,-0.0,-0.0,158,3202,0,3,-17
1031,147.17,31437,383.75,383.16,-0.59,-17.6,-17.6,0.0,-0.0,-0.0,-0.0,95,3141,0,2,-17
1032,147.33,31432,383.69,383.10,-0.59,-17.6,-17.6,0.0,0.0,-0.0,-0.0,33,3076,0,0,-17
1033,147.42,31429,383.65,383.07,-0.59,-17.6,-17.6,0.0,0.0,-0.0,-0.0,4091,3034,0,-1,-17
1034,147.59,31425,383.61,383.01,-0.60,-17.9,-17.9,0.0,0.0,-0.0,-0.0,4041,2985,0,-2,-17
1035,147.74,31421,383.56,382.95,-0.61,-18.3,-18.3,0.0,-0.0,-0.0,-0.0,3991,2940,0,-4,-17
1036,147.91,31417,383.51,382.89,-0.61,-18.3,-18.3,0.0,-0.0,-0.0,-0.0,3941,2895,0,-5,-17
1037,147.99,31413,383.46,382.86,-0.60,-17.9,-17.9,0.0,-0.0,-0.0,-0.0,3891,2837,0,-6,-16
1038,148.15,31406,383.37,382.80,-0.57,-17.2,-17.2,0.0,0.0,-0.0,-0.0,3804,2749,0,-8,-15
1039,148.32,31404,383.35,382.74,-0.61,-18.3,-18.3,0.0,0.0,-0.0,-0.0,3779,2723,0,-9,-15
1040,148.41,31401,383.31,382.71,-0.61,-18.3,-18.3,0.0,0.0,-0.0,-0.0,3741,2684,0,-10,-15
1041,148.58,31398,383.28,382.64,-0.63,-19.0,-19.0,0.0,-0.0,-0.0,-0.0,3704,2653,0,-11,-15
1042,148.75,31395,383.24,382.58,-0.66,-19.8,-19.8,0.0,-0.0,-0.0,-0.0,3666,2622,0,-12,-15
1043,148.92,31389,383.17,382.52,-0.65,-19.4,-19.4,0.0,-0.0,-0.0,-0.0,3591,2541,0,-14,-13
1044,149.01,31384,383.11,382.48,-0.62,-18.7,-18.7,0.0,-0.0,-0.0,-0.0,3529,2475,0,-14,-11
1045,149.18,31376,383.01,382.42,-0.59,-17.6,-17.6,0.0,0.0,-0.0,-0.0,3429,2370,0,-15,-8
1046,149.27,31376,383.01,382.39,-0.62,-18.7,-18.7,0.0,0.0,-0.0,-0.0,3429,2370,0,-16,-9
1047,149.44,31373,382.97,382.32,-0.65,-19.4,-19.4,0.0,0.0,-0.0,-0.0,3391,2335,0,-17,-8
1048,149.62,31368,382.91,382.26,-0.66,-19.8,-19.8,0.0,-0.0,-0.0,-0.0,3329,2273,0,-18,-6
1049,149.70,31365,382.87,382.22,-0.65,-19.4,-19.4,0.0,-0.0,-0.0,-0.0,3291,2238,0,-18,-5
1050,149.87,31361,382.82,382.16,-0.66,-19.8,-19.8,0.0,-0.0,-0.0,-0.0,3241,2196,0,-19,-4
1051,150.04,31355,382.75,382.10,-0.65,-19.4,-19.4,0.0,0.0,-0.0,-0.0,3166,2114,0,-19,-2
1052,150.13,31355,382.75,382.06,-0.68,-20.5,-20.5,0.0,-0.0,-0.0,-0.0,3166,2113,0,-20,-2
1053,150.30,31347,382.65,382.00,-0.66,-19.8,-19.8,0.0,0.0,-0.0,-0.0,3066,2011,0,-19,1
1054,150.47,31344,382.62,381.94,-0.68,-20.5,-20.5,0.0,-0.0,-0.0,-0.0,3029,1978,0,-20,2
1055,150.56,31341,382.58,381.90,-0.68,-20.5,-20.5,0.0,-0.0,-0.0,-0.0,2991,1934,0,-20,3
1056,150.73,31337,382.53,381.84,-0.70,-20.9,-20.9,0.0,-0.0,-0.0,-0.0,2941,1891,0,-20,5
1057,150.90,31330,382.45,381.77,-0.67,-20.1,-20.1,0.0,0.0,-0.0,-0.0,2854,1797,0,-18,7
1058,150.99,31327,382.41,381.74,-0.67,-20.1,-20.1,0.0,-0.0,-0.0,-0.0,2816,1762,0,-18,8
1059,151.16,31324,382.37,381.68,-0.70,-20.9,-20.9,0.0,-0.0,-0.0,-0.0,2779,1726,0,-18,10
1060,151.33,31315,382.26,381.61,-0.65,-19.4,-19.4,0.0,0.0,-0.0,-0.0,2666,1607,0,-15,12
1061,151.42,31315,382.26,381.58,-0.68,-20.5,-20.5,0.0,0.0,-0.0,-0.0,2666,1608,0,-16,12
1062,151.59,31309,382.19,381.51,-0.67,-20.1,-20.1,0.0,0.0,-0.0,-0.0,2591,1536,0,-14,14
1063,151.76,31306,382.15,381.45,-0.71,-21.2,-21.2,0.0,-0.0,-0.0,-0.0,2554,1500,0,-14,15
1064,151.85,31301,382.09,381.42,-0.67,-20.1,-20.1,0.0,0.0,-0.0,-0.0,2491,1432,0,-11,16
1065,152.01,31295,382.02,381.35,-0.67,-20.1,-20.1,0.0,-0.0,-0.0,-0.0,2416,1364,0,-10,17
1066,152.18,31290,381.96,381.29,-0.67,-20.1,-20.1,0.0,0.0,-0.0,-0.0,2354,1295,0,-8,18
1067,152.27,31286,381.91,381.25,-0.66,-19.8,-19.8,0.0,0.0,-0.0,-0.0,2304,1243,0,-6,18
1068,152.44,31279,381.82,381.19,-0.63,-19.0,-19.0,0.0,0.0,-0.0,-0.0,2216,1154,0,-4,18
1069,152.62,31274,381.76,381.12,-0.63,-19.0,-19.0,0.0,0.0,-0.0,-0.0,2154,1093,0,-2,18
1070,152.70,31271,381.73,381.09,-0.63,-19.0,-19.0,0.0,0.0,-0.0,-0.0,2116,1056,0,-1,18
1071,152.88,31267,381.68,381.02,-0.66,-19.8,-19.8,0.0,0.0,-0.0,-0.0,2066,1008,0,0,19
1072,153.03,31262,381.62,380.96,-0.65,-19.4,-19.4,0.0,0.0,-0.0,-0.0,2004,950,0,2,19
1073,153.21,31258,381.57,380.90,-0.67,-20.1,-20.1,0.0,-0.0,-0.0,-0.0,1954,901,0,4,19
1074,153.29,31252,381.49,380.86,-0.63,-19.0,-19.0,0.0,0.0,-0.0,-0.0,1879,820,0,6,18
1075,153.46,31245,381.41,380.80,-0.61,-18.3,-18.3,0.0,0.0,-0.0,-0.0,1791,731,0,8,16
1076,153.56,31242,381.37,380.76,-0.61,-18.3,-18.3,0.0,0.0,-0.0,-0.0,1754,688,0,9,15
1077,153.72,31238,381.32,380.70,-0.62,-18.7,-18.7,0.0,0.0,-0.0,-0.0,1704,647,0,10,15
1078,153.89,31230,381.23,380.63,-0.59,-17.6,-17.6,0.0,0.0,-0.0,-0.0,1604,539,0,12,13
1079,153.98,31227,381.19,380.60,-0.59,-17.6,-17.6,0.0,0.0,-0.0,-0.0,1566,502,0,12,12
1080,154.15,31222,381.13,380.54,-0.59,-17.6,-17.6,0.0,0.0,-0.0,-0.0,1504,446,0,13,11
1081,154.31,31213,381.02,380.47,-0.54,-16.1,-16.1,0.0,0.0,-0.0,-0.0,1391,324,0,14,7
1082,154.47,31206,380.93,380.41,-0.52,-15.8,-15.8,0.0,0.0,-0.0,-0.0,1304,237,0,14,5
1083,154.57,31206,380.93,380.37,-0.56,-16.8,-16.8,0.0,0.0,-0.0,-0.0,1304,238,0,15,6
1084,154.74,31201,380.87,380.31,-0.56,-16.8,-16.8,0.0,0.0,-0.0,-0.0,1241,183,0,16,5
1085,154.91,31192,380.76,380.24,-0.52,-15.8,-15.8,0.0,0.0,-0.0,-0.0,1129,63,0,15,1
1086,155.00,31190,380.74,380.21,-0.52,-15.8,-15.8,0.0,0.0,-0.0,-0.0,1104,45,0,15,1
1087,155.16,31188,380.71,380.15,-0.56,-16.8,-16.8,0.0,-0.0,-0.0,-0.0,1079,29,0,16,1
1088,155.32,31181,380.63,380.08,-0.55,-16.5,-16.5,0.0,0.0,-0.0,-0.0,991,4027,0,16,-2
1089,155.40,31179,380.60,380.05,-0.55,-16.5,-16.5,0.0,0.0,-0.0,-0.0,966,4003,0,16,-2
1090,155.58,31173,380.53,379.98,-0.55,-16.5,-16.5,0.0,-0.0,-0.0,-0.0,891,3932,0,15,-4
1091,155.74,31167,380.46,379.92,-0.54,-16.1,-16.1,0.0,0.0,-0.0,-0.0,816,3853,0,15,-6
1092,155.83,31163,380.41,379.88,-0.52,-15.8,-15.8,0.0,0.0,-0.0,-0.0,766,3799,0,14,-7
1093,156.00,31157,380.33,379.82,-0.51,-15.4,-15.4,0.0,0.0,-0.0,-0.0,691,3729,0,13,-8
1094,156.16,31152,380.27,379.76,-0.51,-15.4,-15.4,0.0,0.0,-0.0,-0.0,629,3664,0,12,-9
1095,156.32,31146,380.20,379.69,-0.51,-15.4,-15.4,0.0,0.0,-0.0,-0.0,554,3586,0,11,-11
1096,156.41,31145,380.19,379.66,-0.52,-15.8,-15.8,0.0,0.0,-0.0,-0.0,541,3576,0,11,-11
1097,156.57,31139,380.11,379.59,-0.52,-15.8,-15.8,0.0,0.0,-0.0,-0.0,466,3502,0,9,-12
1098,156.74,31130,380.00,379.53,-0.48,-14.3,-14.3,0.0,0.0,-0.0,-0.0,354,3390,0,6,-12
1099,156.83,31129,379.99,379.49,-0.50,-15.0,-15.0,0.0,0.0,-0.0,-0.0,341,3375,0,7,-13
1100,157.00,31122,379.91,379.43,-0.48,-14.3,-14.3,0.0,0.0,-0.0,-0.0,254,3292,0,5,-13
1101,157.17,31117,379.85,379.36,-0.49,-14.6,-14.6,0.0,0.0,-0.0,-0.0,191,3223,0,3,-14
1102,157.25,31115,379.82,379.33,-0.50,-15.0,-15.0,0.0,0.0,-0.0,-0.0,166,3198,0,3,-14
1103,157.41,31113,379.80,379.26,-0.54,-16.1,-16.1,0.0,-0.0,-0.0,-0.0,141,3188,0,3,-15
1104,157.59,31109,379.75,379.19,-0.55,-16.5,-16.5,0.0,-0.0,-0.0,-0.0,91,3135,0,2,-16
1105,157.76,31101,379.65,379.13,-0.52,-15.8,-15.8,0.0,-0.0,-0.0,-0.0,4087,3036,0,-1,-15
1106,157.85,31096,379.59,379.09,-0.50,-15.0,-15.0,0.0,-0.0,-0.0,-0.0,4025,2969,0,-2,-14
1107,158.01,31094,379.57,379.03,-0.54,-16.1,-16.1,0.0,-0.0,-0.0,-0.0,4000,2949,0,-3,-15
1108,158.17,31087,379.48,378.96,-0.51,-15.4,-15.4,0.0,0.0,-0.0,-0.0,3912,2852,0,-5,-14
1109,158.26,31084,379.44,378.93,-0.51,-15.4,-15.4,0.0,0.0,-0.0,-0.0,3875,2811,0,-6,-14
1110,158.44,31078,379.37,378.86,-0.51,-15.4,-15.4,0.0,0.0,-0.0,-0.0,3800,2742,0,-7,-13
1111,158.59,31074,379.32,378.80,-0.52,-15.8,-15.8,0.0,-0.0,-0.0,-0.0,3750,2696,0,-8,-13
1112,158.75,31066,379.22,378.73,-0.49,-14.6,-14.6,0.0,0.0,-0.0,-0.0,3650,2590,0,-10,-10
1113,158.84,31063,379.19,378.70,-0.49,-14.6,-14.6,0.0,0.0,-0.0,-0.0,3612,2550,0,-10,-10
1114,159.00,31057,379.11,378.63,-0.48,-14.3,-14.3,0.0,0.0,-0.0,-0.0,3537,2477,0,-11,-8
1115,159.17,31052,379.05,378.57,-0.49,-14.6,-14.6,0.0,0.0,-0.0,-0.0,3475,2418,0,-12,-8
1116,159.26,31050,379.03,378.53,-0.50,-15.0,-15.0,0.0,0.0,-0.0,-0.0,3450,2386,0,-13,-7
1117,159.43,31046,378.98,378.47,-0.51,-15.4,-15.4,0.0,-0.0,-0.0,-0.0,3400,2347,0,-13,-7
1118,159.59,31039,378.89,378.40,-0.50,-15.0,-15.0,0.0,-0.0,-0.0,-0.0,3312,2257,0,-14,-5
1119,159.68,31037,378.87,378.36,-0.50,-15.0,-15.0,0.0,-0.0,-0.0,-0.0,3287,2231,0,-14,-4
1120,159.85,31035,378.85,378.30,-0.55,-16.5,-16.5,0.0,-0.0,-0.0,-0.0,3262,2214,0,-15,-4
1121,160.01,31025,378.72,378.23,-0.49,-14.6,-14.6,0.0,0.0,-0.0,-0.0,3137,2078,0,-14,-1
1122,160.17,31022,378.69,378.17,-0.52,-15.8,-15.8,0.0,-0.0,-0.0,-0.0,3100,2045,0,-15,0
1123,160.26,31020,378.66,378.13,-0.52,-15.8,-15.8,0.0,-0.0,-0.0,-0.0,3075,2021,0,-15,1
1124,160.43,31017,378.63,378.07,-0.56,-16.8,-16.8,0.0,-0.0,-0.0,-0.0,3037,1983,0,-16,2
1125,160.59,31012,378.56,378.00,-0.56,-16.8,-16.8,0.0,-0.0,-0.0,-0.0,2975,1924,0,-16,3
1126,160.75,31006,378.49,377.94,-0.55,-16.5,-16.5,0.0,-0.0,-0.0,-0.0,2900,1850,0,-15,5
1127,160.83,31003,378.45,377.90,-0.55,-16.5,-16.5,0.0,-0.0,-0.0,-0.0,2862,1808,0,-15,6
1128,161.00,30999,378.41,377.83,-0.57,-17.2,-17.2,0.0,-0.0,-0.0,-0.0,2812,1759,0,-15,7
1129,161.18,30991,378.31,377.77,-0.54,-16.1,-16.1,0.0,0.0,-0.0,-0.0,2712,1654,0,-13,9
1130,161.27,30988,378.27,377.73,-0.55,-16.5,-16.5,0.0,0.0,-0.0,-0.0,2675,1610,0,-12,10
1131,161.43,30984,378.22,377.66,-0.56,-16.8,-16.8,0.0,-0.0,-0.0,-0.0,2625,1569,0,-12,11
1132,161.61,30981,378.19,377.59,-0.60,-17.9,-17.9,0.0,-0.0,-0.0,-0.0,2587,1533,0,-12,12
1133,161.69,30974,378.10,377.56,-0.54,-16.1,-16.1,0.0,0.0,-0.0,-0.0,2500,1440,0,-9,13
1134,161.86,30971,378.06,377.49,-0.57,-17.2,-17.2,0.0,-0.0,-0.0,-0.0,2462,1409,0,-9,14
1135,162.03,30967,378.02,377.42,-0.60,-17.9,-17.9,0.0,-0.0,-0.0,-0.0,2412,1359,0,-9,15
1136,162.12,30962,377.95,377.38,-0.57,-17.2,-17.2,0.0,-0.0,-0.0,-0.0,2350,1291,0,-7,15
1137,162.29,30956,377.88,377.32,-0.56,-16.8,-16.8,0.0,0.0,-0.0,-0.0,2275,1216,0,-5,16
1138,162.45,30955,377.87,377.25,-0.62,-18.7,-18.7,0.0,-0.0,-0.0,-0.0,2262,1215,0,-5,17
1139,162.55,30953,377.84,377.21,-0.63,-19.0,-19.0,0.0,-0.0,-0.0,-0.0,2237,1186,0,-5,18
1140,162.71,30947,377.77,377.14,-0.63,-19.0,-19.0,0.0,-0.0,-0.0,-0.0,2162,1110,0,-2,18
1141,162.88,30943,377.72,377.08,-0.65,-19.4,-19.4,0.0,-0.0,-0.0,-0.0,2112,1065,0,-1,19
1142,162.97,30939,377.67,377.04,-0.63,-19.0,-19.0,0.0,-0.0,-0.0,-0.0,2062,1011,0,0,18
1143,163.14,30934,377.61,376.97,-0.65,-19.4,-19.4,0.0,-0.0,-0.0,-0.0,2000,944,0,2,19
1144,163.32,30926,377.51,376.90,-0.62,-18.7,-18.7,0.0,0.0,-0.0,-0.0,1900,842,0,5,17
1145,163.40,30923,377.48,376.86,-0.62,-18.7,-18.7,0.0,0.0,-0.0,-0.0,1862,802,0,6,17
1146,163.58,30916,377.39,376.79,-0.60,-17.9,-17.9,0.0,0.0,-0.0,-0.0,1775,710,0,8,15
1147,163.75,30913,377.36,376.72,-0.63,-19.0,-19.0,0.0,0.0,-0.0,-0.0,1737,677,0,9,16
1148,163.83,30910,377.32,376.69,-0.63,-19.0,-19.0,0.0,0.0,-0.0,-0.0,1700,640,0,10,15
1149,164.00,30903,377.23,376.62,-0.62,-18.7,-18.7,0.0,0.0,-0.0,-0.0,1612,554,0,12,14
1150,164.16,30900,377.20,376.55,-0.65,-19.4,-19.4,0.0,-0.0,-0.0,-0.0,1575,522,0,13,13
1151,164.33,30897,377.16,376.48,-0.68,-20.5,-20.5,0.0,-0.0,-0.0,-0.0,1537,483,0,15,13
1152,164.42,30892,377.10,376.44,-0.66,-19.8,-19.8,0.0,-0.0,-0.0,-0.0,1475,417,0,15,11
1153,164.59,30886,377.03,376.38,-0.65,-19.4,-19.4,0.0,-0.0,-0.0,-0.0,1400,346,0,16,10
1154,164.67,30882,376.98,376.34,-0.63,-19.0,-19.0,0.0,-0.0,-0.0,-0.0,1350,292,0,17,8
1155,164.84,30878,376.93,376.27,-0.66,-19.8,-19.8,0.0,-0.0,-0.0,-0.0,1300,244,0,18,7
1156,165.01,30870,376.83,376.20,-0.63,-19.0,-19.0,0.0,0.0,-0.0,-0.0,1200,137,0,18,4
1157,165.18,30868,376.81,376.13,-0.67,-20.1,-20.1,0.0,-0.0,-0.0,-0.0,1175,119,0,19,4
1158,165.28,30866,376.78,376.09,-0.70,-20.9,-20.9,0.0,-0.0,-0.0,-0.0,1150,92,0,20,3
1159,165.44,30860,376.71,376.02,-0.68,-20.5,-20.5,0.0,-0.0,-0.0,-0.0,1075,20,0,20,1
1160,165.54,30859,376.70,375.99,-0.71,-21.2,-21.2,0.0,-0.0,-0.0,-0.0,1062,9,0,21,0
1161,165.71,30849,376.57,375.91,-0.66,-19.8,-19.8,0.0,-0.0,-0.0,-0.0,937,3979,0,19,-3
1162,165.88,30843,376.50,375.84,-0.66,-19.8,-19.8,0.0,0.0,-0.0,-0.0,862,3899,0,18,-6
1163,165.97,30841,376.48,375.81,-0.67,-20.1,-20.1,0.0,0.0,-0.0,-0.0,837,3868,0,18,-7
1164,166.13,30835,376.40,375.74,-0.67,-20.1,-20.1,0.0,0.0,-0.0,-0.0,762,3798,0,18,-9
1165,166.31,30827,376.31,375.66,-0.65,-19.4,-19.4,0.0,0.0,-0.0,-0.0,662,3692,0,15,-11
1166,166.39,30823,376.26,375.63,-0.63,-19.0,-19.0,0.0,0.0,-0.0,-0.0,612,3643,0,14,-12
1167,166.57,30819,376.21,375.56,-0.65,-19.4,-19.4,0.0,0.0,-0.0,-0.0,562,3599,0,14,-13
1168,166.73,30813,376.14,375.49,-0.65,-19.4,-19.4,0.0,0.0,-0.0,-0.0,487,3523,0,12,-14
1169,166.89,30810,376.10,375.42,-0.68,-20.5,-20.5,0.0,-0.0,-0.0,-0.0,450,3490,0,12,-16
1170,166.98,30807,376.06,375.38,-0.68,-20.5,-20.5,0.0,-0.0,-0.0,-0.0,412,3451,0,11,-17
1171,167.15,30803,376.01,375.31,-0.70,-20.9,-20.9,0.0,-0.0,-0.0,-0.0,362,3407,0,10,-18
1172,167.32,30791,375.87,375.24,-0.62,-18.7,-18.7,0.0,0.0,-0.0,-0.0,212,3247,0,5,-17
1173,167.41,30790,375.85,375.20,-0.65,-19.4,-19.4,0.0,0.0,-0.0,-0.0,200,3236,0,5,-18
1174,167.58,30783,375.77,375.13,-0.63,-19.0,-19.0,0.0,0.0,-0.0,-0.0,112,3143,0,2,-18
1175,167.67,30778,375.71,375.09,-0.61,-18.3,-18.3,0.0,0.0,-0.0,-0.0,50,3075,0,0,-18
1176,167.84,30773,375.65,375.02,-0.62,-18.7,-18.7,0.0,0.0,-0.0,-0.0,4083,3016,0,-2,-18
1177,168.01,30767,375.57,374.95,-0.62,-18.7,-18.7,0.0,0.0,-0.0,-0.0,4008,2951,0,-3,-18
1178,168.18,30759,375.48,374.88,-0.60,-17.9,-17.9,0.0,0.0,-0.0,-0.0,3908,2842,0,-6,-16
1179,168.27,30758,375.46,374.84,-0.62,-18.7,-18.7,0.0,0.0,-0.0,-0.0,3896,2833,0,-6,-17
1180,168.44,30751,375.38,374.77,-0.61,-18.3,-18.3,0.0,0.0,-0.0,-0.0,3808,2748,0,-8,-16
1181,168.60,30748,375.34,374.70,-0.63,-19.0,-19.0,0.0,-0.0,-0.0,-0.0,3771,2713,0,-10,-16
1182,168.69,30745,375.31,374.67,-0.63,-19.0,-19.0,0.0,-0.0,-0.0,-0.0,3733,2675,0,-11,-15
1183,168.85,30738,375.22,374.60,-0.62,-18.7,-18.7,0.0,-0.0,-0.0,-0.0,3646,2591,0,-12,-13
1184,169.03,30730,375.12,374.52,-0.60,-17.9,-17.9,0.0,0.0,-0.0,-0.0,3546,2487,0,-14,-11
1185,169.11,30728,375.10,374.49,-0.61,-18.3,-18.3,0.0,0.0,-0.0,-0.0,3521,2461,0,-14,-11
1186,169.28,30719,374.99,374.42,-0.57,-17.2,-17.2,0.0,0.0,-0.0,-0.0,3408,2339,0,-15,-7
1187,169.45,30714,374.93,374.35,-0.59,-17.6,-17.6,0.0,0.0,-0.0,-0.0,3346,2281,0,-16,-6
1188,169.54,30711,374.89,374.31,-0.59,-17.6,-17.6,0.0,0.0,-0.0,-0.0,3308,2240,0,-16,-5
1189,169.71,30710,374.88,374.23,-0.65,-19.4,-19.4,0.0,-0.0,-0.0,-0.0,3296,2243,0,-18,-6
1190,169.89,30700,374.76,374.16,-0.60,-17.9,-17.9,0.0,0.0,-0.0,-0.0,3171,2113,0,-17,-2
1191,169.97,30696,374.71,374.12,-0.59,-17.6,-17.6,0.0,-0.0,-0.0,-0.0,3121,2059,0,-17,0
1192,170.14,30689,374.62,374.05,-0.57,-17.2,-17.2,0.0,0.0,-0.0,-0.0,3033,1973,0,-17,2
1193,170.31,30682,374.54,373.98,-0.56,-16.8,-16.8,0.0,0.0,-0.0,-0.0,2946,1880,0,-16,4
1194,170.40,30679,374.50,373.94,-0.56,-16.8,-16.8,0.0,0.0,-0.0,-0.0,2908,1837,0,-15,5
1195,170.57,30672,374.41,373.87,-0.55,-16.5,-16.5,0.0,0.0,-0.0,-0.0,2821,1752,0,-14,7
1196,170.74,30668,374.37,373.80,-0.57,-17.2,-17.2,0.0,-0.0,-0.0,-0.0,2771,1715,0,-15,8
1197,170.83,30666,374.34,373.76,-0.59,-17.6,-17.6,0.0,-0.0,-0.0,-0.0,2746,1686,0,-14,9
1198,171.00,30662,374.29,373.68,-0.61,-18.3,-18.3,0.0,-0.0,-0.0,-0.0,2696,1644,0,-14,10
1199,171.17,30651,374.16,373.61,-0.55,-16.5,-16.5,0.0,0.0,-0.0,-0.0,2558,1497,0,-11,12
1200,171.26,30651,374.16,373.58,-0.59,-17.6,-17.6,0.0,-0.0,-0.0,-0.0,2558,1503,0,-11,13
1201,171.43,30641,374.04,373.50,-0.54,-16.1,-16.1,0.0,0.0,-0.0,-0.0,2433,1370,0,-8,13
1202,171.59,30637,373.99,373.43,-0.55,-16.5,-16.5,0.0,0.0,-0.0,-0.0,2383,1323,0,-7,14
1203,171.68,30633,373.94,373.39,-0.55,-16.5,-16.5,0.0,0.0,-0.0,-0.0,2333,1261,0,-6,15
1204,171.85,30626,373.85,373.32,-0.54,-16.1,-16.1,0.0,0.0,-0.0,-0.0,2246,1185,0,-4,15
1205,172.01,30620,373.78,373.25,-0.52,-15.8,-15.8,0.0,0.0,-0.0,-0.0,2171,1105,0,-2,15
1206,172.10,30618,373.75,373.21,-0.54,-16.1,-16.1,0.0,0.0,-0.0,-0.0,2146,1086,0,-1,16
1207,172.27,30612,373.68,373.14,-0.54,-16.1,-16.1,0.0,0.0,-0.0,-0.0,2071,1010,0,0,16
1208,172.43,30606,373.61,373.07,-0.54,-16.1,-16.1,0.0,-0.0,-0.0,-0.0,1996,940,0,2,15
1209,172.61,30598,373.51,373.00,-0.51,-15.4,-15.4,0.0,0.0,-0.0,-0.0,1896,832,0,4,14
1210,172.68,30597,373.50,372.96,-0.54,-16.1,-16.1,0.0,-0.0,-0.0,-0.0,1883,826,0,5,15
1211,172.85,30590,373.41,372.89,-0.52,-15.8,-15.8,0.0,0.0,-0.0,-0.0,1796,733,0,7,14
1212,173.02,30582,373.32,372.82,-0.50,-15.0,-15.0,0.0,0.0,-0.0,-0.0,1696,633,0,8,12
1213,173.09,30580,373.29,372.78,-0.51,-15.4,-15.4,0.0,0.0,-0.0,-0.0,1671,611,0,9,12
1214,173.26,30578,373.27,372.71,-0.55,-16.5,-16.5,0.0,-0.0,-0.0,-0.0,1646,593,0,10,13
1215,173.42,30567,373.13,372.64,-0.49,-14.6,-14.6,0.0,0.0,-0.0,-0.0,1508,446,0,11,9
1216,173.59,30562,373.07,372.57,-0.50,-15.0,-15.0,0.0,-0.0,-0.0,-0.0,1446,388,0,12,8
1217,173.68,30559,373.03,372.53,-0.50,-15.0,-15.0,0.0,0.0,-0.0,-0.0,1408,345,0,13,7
1218,173.85,30554,372.97,372.46,-0.51,-15.4,-15.4,0.0,0.0,-0.0,-0.0,1346,288,0,13,6
1219,174.01,30547,372.89,372.39,-0.50,-15.0,-15.0,0.0,0.0,-0.0,-0.0,1258,196,0,14,4
1220,174.10,30543,372.84,372.35,-0.49,-14.6,-14.6,0.0,0.0,-0.0,-0.0,1208,147,0,14,3
1221,174.27,30537,372.77,372.27,-0.49,-14.6,-14.6,0.0,0.0,-0.0,-0.0,1133,71,0,14,2
1222,174.44,30536,372.75,372.20,-0.55,-16.5,-16.5,0.0,-0.0,-0.0,-0.0,1121,67,0,16,2
1223,174.52,30533,372.72,372.16,-0.55,-16.5,-16.5,0.0,-0.0,-0.0,-0.0,1083,27,0,16,1
1224,174.70,30528,372.66,372.09,-0.57,-17.2,-17.2,0.0,-0.0,-0.0,-0.0,1021,4066,0,17,-1
1225,174.87,30521,372.57,372.01,-0.56,-16.8,-16.8,0.0,-0.0,-0.0,-0.0,933,3973,0,16,-3
1226,174.96,30517,372.52,371.97,-0.55,-16.5,-16.5,0.0,-0.0,-0.0,-0.0,883,3924,0,15,-4
1227,175.13,30510,372.44,371.90,-0.54,-16.1,-16.1,0.0,0.0,-0.0,-0.0,796,3832,0,14,-6
1228,175.30,30506,372.39,371.82,-0.56,-16.8,-16.8,0.0,-0.0,-0.0,-0.0,746,3784,0,14,-8
1229,175.39,30500,372.31,371.79,-0.52,-15.8,-15.8,0.0,0.0,-0.0,-0.0,671,3700,0,13,-9
1230,175.56,30495,372.25,371.71,-0.55,-16.5,-16.5,0.0,0.0,-0.0,-0.0,608,3641,0,12,-10
1231,175.73,30491,372.20,371.63,-0.57,-17.2,-17.2,0.0,-0.0,-0.0,-0.0,558,3598,0,12,-12
1232,175.82,30489,372.18,371.60,-0.59,-17.6,-17.6,0.0,-0.0,-0.0,-0.0,533,3574,0,12,-12
1233,175.98,30481,372.08,371.52,-0.56,-16.8,-16.8,0.0,0.0,-0.0,-0.0,433,3466,0,9,-13
1234,176.15,30475,372.01,371.45,-0.56,-16.8,-16.8,0.0,-0.0,-0.0,-0.0,358,3402,0,8,-14
1235,176.31,30469,371.94,371.38,-0.56,-16.8,-16.8,0.0,0.0,-0.0,-0.0,283,3316,0,6,-15
1236,176.40,30466,371.90,371.34,-0.56,-16.8,-16.8,0.0,0.0,-0.0,-0.0,246,3279,0,5,-16
1237,176.57,30464,371.88,371.26,-0.61,-18.3,-18.3,0.0,-0.0,-0.0,-0.0,221,3258,0,5,-17
1238,176.66,30462,371.85,371.22,-0.62,-18.7,-18.7,0.0,-0.0,-0.0,-0.0,196,3237,0,5,-18
1239,176.82,30454,371.75,371.15,-0.60,-17.9,-17.9,0.0,-0.0,-0.0,-0.0,96,3138,0,2,-17
1240,177.00,30447,371.67,371.08,-0.60,-17.9,-17.9,0.0,-0.0,-0.0,-0.0,8,3048,0,-1,-17
1241,177.09,30445,371.64,371.04,-0.61,-18.3,-18.3,0.0,-0.0,-0.0,-0.0,4079,3022,0,-1,-18
1242,177.25,30439,371.57,370.96,-0.61,-18.3,-18.3,0.0,0.0,-0.0,-0.0,4004,2945,0,-3,-17
1243,177.42,30432,371.48,370.89,-0.60,-17.9,-17.9,0.0,0.0,-0.0,-0.0,3917,2852,0,-6,-16
1244,177.59,30426,371.41,370.81,-0.60,-17.9,-17.9,0.0,-0.0,-0.0,-0.0,3842,2785,0,-7,-16
1245,177.68,30423,371.37,370.77,-0.60,-17.9,-17.9,0.0,0.0,-0.0,-0.0,3804,2743,0,-8,-15
1246,177.85,30417,371.30,370.70,-0.60,-17.9,-17.9,0.0,0.0,-0.0,-0.0,3729,2669,0,-10,-14
1247,178.01,30415,371.28,370.62,-0.65,-19.4,-19.4,0.0,-0.0,-0.0,-0.0,3704,2650,0,-11,-15
1248,178.09,30412,371.24,370.59,-0.65,-19.4,-19.4,0.0,-0.0,-0.0,-0.0,3667,2614,0,-12,-14
1249,178.26,30403,371.13,370.52,-0.61,-18.3,-18.3,0.0,-0.0,-0.0,-0.0,3554,2496,0,-14,-11
1250,178.43,30397,371.06,370.44,-0.62,-18.7,-18.7,0.0,-0.0,-0.0,-0.0,3479,2422,0,-15,-10
1251,178.52,30394,371.02,370.40,-0.62,-18.7,-18.7,0.0,-0.0,-0.0,-0.0,3442,2382,0,-16,-9
1252,178.68,30389,370.96,370.33,-0.63,-19.0,-19.0,0.0,0.0,-0.0,-0.0,3379,2315,0,-17,-7
1253,178.85,30382,370.87,370.25,-0.62,-18.7,-18.7,0.0,0.0,-0.0,-0.0,3292,2231,0,-17,-5
1254,178.94,30382,370.87,370.21,-0.66,-19.8,-19.8,0.0,-0.0,-0.0,-0.0,3292,2235,0,-18,-5
1255,179.11,30376,370.80,370.14,-0.66,-19.8,-19.8,0.0,-0.0,-0.0,-0.0,3217,2163,0,-19,-3
1256,179.27,30371,370.74,370.06,-0.67,-20.1,-20.1,0.0,-0.0,-0.0,-0.0,3154,2101,0,-19,-2
1257,179.43,30364,370.65,369.99,-0.66,-19.8,-19.8,0.0,-0.0,-0.0,-0.0,3067,2014,0,-19,1
1258,179.51,30360,370.61,369.95,-0.65,-19.4,-19.4,0.0,-0.0,-0.0,-0.0,3017,1958,0,-19,3
1259,179.68,30355,370.54,369.88,-0.66,-19.8,-19.8,0.0,0.0,-0.0,-0.0,2954,1892,0,-19,5
1260,179.85,30351,370.50,369.80,-0.70,-20.9,-20.9,0.0,-0.0,-0.0,-0.0,2904,1847,0,-19,6
1261,180.02,30345,370.42,369.73,-0.70,-20.9,-20.9,0.0,-0.0,-0.0,-0.0,2829,1773,0,-18,8
1262,180.10,30338,370.34,369.69,-0.65,-19.4,-19.4,0.0,0.0,-0.0,-0.0,2742,1678,0,-16,10
1263,180.27,30332,370.26,369.61,-0.65,-19.4,-19.4,0.0,0.0,-0.0,-0.0,2667,1605,0,-15,12
1264,180.45,30328,370.21,369.53,-0.68,-20.5,-20.5,0.0,-0.0,-0.0,-0.0,2617,1558,0,-15,14
1265,180.54,30323,370.15,369.50,-0.66,-19.8,-19.8,0.0,0.0,-0.0,-0.0,2554,1487,0,-12,15
1266,180.71,30315,370.06,369.42,-0.63,-19.0,-19.0,0.0,0.0,-0.0,-0.0,2454,1388,0,-10,16
1267,180.80,30315,370.06,369.38,-0.68,-20.5,-20.5,0.0,-0.0,-0.0,-0.0,2454,1394,0,-11,17
1268,180.97,30310,370.00,369.30,-0.70,-20.9,-20.9,0.0,-0.0,-0.0,-0.0,2392,1337,0,-9,18
1269,181.14,30300,369.87,369.22,-0.65,-19.4,-19.4,0.0,0.0,-0.0,-0.0,2267,1202,0,-5,18
1270,181.23,30300,369.87,369.18,-0.70,-20.9,-20.9,0.0,-0.0,-0.0,-0.0,2267,1209,0,-6,19
1271,181.40,30290,369.75,369.10,-0.65,-19.4,-19.4,0.0,-0.0,-0.0,-0.0,2142,1083,0,-2,19
1272,181.58,30287,369.71,369.02,-0.70,-20.9,-20.9,0.0,0.0,-0.0,-0.0,2104,1039,0,0,20
1273,181.67,30284,369.68,368.98,-0.70,-20.9,-20.9,0.0,0.0,-0.0,-0.0,2067,1002,0,1,20
1274,181.83,30277,369.59,368.91,-0.68,-20.5,-20.5,0.0,-0.0,-0.0,-0.0,1979,921,0,3,20
1275,182.01,30268,369.48,368.83,-0.66,-19.8,-19.8,0.0,0.0,-0.0,-0.0,1867,799,0,6,18
1276,182.09,30264,369.43,368.79,-0.65,-19.4,-19.4,0.0,0.0,-0.0,-0.0,1817,754,0,8,17
1277,182.27,30257,369.35,368.71,-0.63,-19.0,-19.0,0.0,0.0,-0.0,-0.0,1729,660,0,10,16
1278,182.43,30249,369.25,368.63,-0.62,-18.7,-18.7,0.0,0.0,-0.0,-0.0,1629,558,0,12,14
1279,182.52,30248,369.24,368.59,-0.65,-19.4,-19.4,0.0,0.0,-0.0,-0.0,1617,549,0,13,14
1280,182.69,30241,369.15,368.52,-0.63,-19.0,-19.0,0.0,0.0,-0.0,-0.0,1529,465,0,14,12
1281,182.85,30236,369.09,368.44,-0.65,-19.4,-19.4,0.0,-0.0,-0.0,-0.0,1467,408,0,15,11
1282,183.02,30229,369.01,368.37,-0.63,-19.0,-19.0,0.0,0.0,-0.0,-0.0,1379,317,0,16,9
1283,183.11,30226,368.97,368.33,-0.65,-19.4,-19.4,0.0,-0.0,-0.0,-0.0,1342,281,0,17,8
1284,183.27,30219,368.88,368.25,-0.63,-19.0,-19.0,0.0,0.0,-0.0,-0.0,1254,192,0,18,5
1285,183.44,30212,368.80,368.17,-0.62,-18.7,-18.7,0.0,0.0,-0.0,-0.0,1167,107,0,18,3
1286,183.53,30207,368.74,368.13,-0.61,-18.3,-18.3,0.0,0.0,-0.0,-0.0,1104,33,0,18,1
1287,183.70,30200,368.65,368.05,-0.60,-17.9,-17.9,0.0,0.0,-0.0,-0.0,1017,4048,0,17,-1
1288,183.79,30198,368.63,368.01,-0.62,-18.7,-18.7,0.0,0.0,-0.0,-0.0,992,4019,0,18,-2
1289,183.97,30190,368.53,367.93,-0.60,-17.9,-17.9,0.0,0.0,-0.0,-0.0,892,3918,0,17,-5
1290,184.14,30184,368.46,367.85,-0.61,-18.3,-18.3,0.0,0.0,-0.0,-0.0,817,3849,0,16,-7
1291,184.23,30180,368.41,367.81,-0.60,-17.9,-17.9,0.0,0.0,-0.0,-0.0,767,3797,0,16,-8
1292,184.40,30177,368.37,367.73,-0.63,-19.0,-19.0,0.0,-0.0,-0.0,-0.0,729,3769,0,16,-9
1293,184.57,30167,368.25,367.65,-0.60,-17.9,-17.9,0.0,0.0,-0.0,-0.0,604,3636,0,13,-11
1294,184.66,30164,368.21,367.61,-0.60,-17.9,-17.9,0.0,0.0,-0.0,-0.0,567,3595,0,12,-12
1295,184.83,30154,368.09,367.53,-0.56,-16.8,-16.8,0.0,0.0,-0.0,-0.0,442,3470,0,9,-13
1296,185.00,30152,368.07,367.45,-0.61,-18.3,-18.3,0.0,-0.0,-0.0,-0.0,417,3453,0,10,-15
1297,185.09,30148,368.02,367.41,-0.60,-17.9,-17.9,0.0,0.0,-0.0,-0.0,367,3395,0,8,-15
1298,185.25,30141,367.93,367.34,-0.60,-17.9,-17.9,0.0,0.0,-0.0,-0.0,279,3314,0,6,-16
1299,185.42,30132,367.82,367.26,-0.56,-16.8,-16.8,0.0,0.0,-0.0,-0.0,167,3200,0,3,-16
1300,185.51,30128,367.77,367.22,-0.55,-16.5,-16.5,0.0,0.0,-0.0,-0.0,117,3148,0,2,-16
1301,185.67,30121,367.69,367.14,-0.55,-16.5,-16.5,0.0,0.0,-0.0,-0.0,29,3053,0,0,-16
1302,185.83,30114,367.60,367.07,-0.54,-16.1,-16.1,0.0,0.0,-0.0,-0.0,4038,2970,0,-2,-15
1303,186.00,30107,367.52,366.99,-0.52,-15.8,-15.8,0.0,0.0,-0.0,-0.0,3950,2880,0,-4,-15
1304,186.08,30105,367.49,366.95,-0.54,-16.1,-16.1,0.0,0.0,-0.0,-0.0,3925,2861,0,-5,-15
1305,186.24,30100,367.43,366.88,-0.55,-16.5,-16.5,0.0,-0.0,-0.0,-0.0,3863,2806,0,-6,-15
1306,186.41,30090,367.31,366.80,-0.51,-15.4,-15.4,0.0,0.0,-0.0,-0.0,3738,2672,0,-9,-12
1307,186.59,30083,367.22,366.72,-0.51,-15.4,-15.4,0.0,0.0,-0.0,-0.0,3650,2585,0,-10,-11
1308,186.67,30081,367.20,366.68,-0.52,-15.8,-15.8,0.0,0.0,-0.0,-0.0,3625,2560,0,-11,-11
1309,186.87,30072,367.09,366.59,-0.50,-15.0,-15.0,0.0,0.0,-0.0,-0.0,3513,2444,0,-12,-8
1310,186.96,30070,367.07,366.54,-0.52,-15.8,-15.8,0.0,0.0,-0.0,-0.0,3488,2417,0,-13,-8
1311,187.12,30064,366.99,366.47,-0.52,-15.8,-15.8,0.0,-0.0,-0.0,-0.0,3413,2354,0,-14,-7
1312,187.29,30056,366.89,366.39,-0.51,-15.4,-15.4,0.0,0.0,-0.0,-0.0,3313,2250,0,-14,-5
1313,187.37,30052,366.85,366.35,-0.50,-15.0,-15.0,0.0,0.0,-0.0,-0.0,3263,2201,0,-14,-3
1314,187.54,30046,366.77,366.27,-0.50,-15.0,-15.0,0.0,0.0,-0.0,-0.0,3188,2126,0,-14,-2
1315,187.69,30041,366.71,366.20,-0.51,-15.4,-15.4,0.0,0.0,-0.0,-0.0,3125,2060,0,-15,0
1316,187.86,30037,366.66,366.12,-0.55,-16.5,-16.5,0.0,-0.0,-0.0,-0.0,3075,2015,0,-16,1
1317,187.95,30031,366.59,366.08,-0.51,-15.4,-15.4,0.0,0.0,-0.0,-0.0,3000,1936,0,-15,3
1318,188.11,30025,366.52,366.00,-0.51,-15.4,-15.4,0.0,-0.0,-0.0,-0.0,2925,1868,0,-14,4
1319,188.28,30018,366.43,365.92,-0.51,-15.4,-15.4,0.0,0.0,-0.0,-0.0,2838,1777,0,-14,6
1320,188.37,30016,366.41,365.88,-0.52,-15.8,-15.8,0.0,-0.0,-0.0,-0.0,2813,1749,0,-14,7
1321,188.55,30010,366.33,365.80,-0.54,-16.1,-16.1,0.0,0.0,-0.0,-0.0,2738,1673,0,-13,8
1322,188.70,30004,366.26,365.72,-0.54,-16.1,-16.1,0.0,-0.0,-0.0,-0.0,2663,1602,0,-12,10
1323,188.87,29998,366.19,365.65,-0.54,-16.1,-16.1,0.0,-0.0,-0.0,-0.0,2588,1529,0,-11,11
1324,188.95,29994,366.14,365.61,-0.52,-15.8,-15.8,0.0,-0.0,-0.0,-0.0,2538,1479,0,-10,12
1325,189.11,29989,366.08,365.53,-0.55,-16.5,-16.5,0.0,-0.0,-0.0,-0.0,2475,1416,0,-9,13
1326,189.28,29983,366.00,365.45,-0.55,-16.5,-16.5,0.0,-0.0,-0.0,-0.0,2400,1341,0,-7,14
1327,189.37,29981,365.98,365.41,-0.57,-17.2,-17.2,0.0,-0.0,-0.0,-0.0,2375,1314,0,-7,15
1328,189.54,29971,365.86,365.33,-0.52,-15.8,-15.8,0.0,0.0,-0.0,-0.0,2250,1185,0,-4,15
1329,189.70,29967,365.81,365.25,-0.56,-16.8,-16.8,0.0,-0.0,-0.0,-0.0,2200,1141,0,-3,16
1330,189.79,29964,365.77,365.21,-0.56,-16.8,-16.8,0.0,-0.0,-0.0,-0.0,2163,1099,0,-2,16
1331,189.96,29958,365.70,365.13,-0.57,-17.2,-17.2,0.0,-0.0,-0.0,-0.0,2088,1028,0,0,17
1332,190.14,29953,365.64,365.05,-0.60,-17.9,-17.9,0.0,-0.0,-0.0,-0.0,2025,963,0,2,17
1333,190.22,29950,365.60,365.00,-0.60,-17.9,-17.9,0.0,-0.0,-0.0,-0.0,1988,932,0,2,17
1334,190.38,29942,365.50,364.93,-0.57,-17.2,-17.2,0.0,-0.0,-0.0,-0.0,1888,827,0,5,16
1335,190.56,29935,365.42,364.85,-0.57,-17.2,-17.2,0.0,-0.0,-0.0,-0.0,1800,740,0,7,15
1336,190.64,29931,365.37,364.80,-0.56,-16.8,-16.8,0.0,0.0,-0.0,-0.0,1750,682,0,8,14
1337,190.82,29924,365.28,364.72,-0.56,-16.8,-16.8,0.0,0.0,-0.0,-0.0,1663,594,0,10,13
1338,190.98,29919,365.22,364.64,-0.59,-17.6,-17.6,0.0,0.0,-0.0,-0.0,1600,536,0,12,12
1339,191.07,29914,365.16,364.60,-0.56,-16.8,-16.8,0.0,0.0,-0.0,-0.0,1538,469,0,12,11
1340,191.25,29910,365.11,364.52,-0.60,-17.9,-17.9,0.0,-0.0,-0.0,-0.0,1488,427,0,14,11
1341,191.42,29905,365.05,364.44,-0.61,-18.3,-18.3,0.0,-0.0,-0.0,-0.0,1425,370,0,15,10
1342,191.51,29902,365.01,364.39,-0.62,-18.7,-18.7,0.0,-0.0,-0.0,-0.0,1388,328,0,16,9
1343,191.67,29893,364.90,364.31,-0.60,-17.9,-17.9,0.0,-0.0,-0.0,-0.0,1275,215,0,16,6
1344,191.84,29888,364.84,364.23,-0.61,-18.3,-18.3,0.0,-0.0,-0.0,-0.0,1213,152,0,17,4
1345,191.93,29883,364.78,364.19,-0.60,-17.9,-17.9,0.0,0.0,-0.0,-0.0,1150,83,0,17,2
1346,192.10,29879,364.73,364.11,-0.62,-18.7,-18.7,0.0,-0.0,-0.0,-0.0,1100,39,0,18,1
1347,192.26,29870,364.62,364.03,-0.60,-17.9,-17.9,0.0,-0.0,-0.0,-0.0,988,4021,0,17,-2
1348,192.43,29863,364.54,363.95,-0.59,-17.6,-17.6,0.0,0.0,-0.0,-0.0,900,3930,0,16,-4
1349,192.52,29861,364.51,363.90,-0.61,-18.3,-18.3,0.0,0.0,-0.0,-0.0,875,3903,0,17,-5
1350,192.69,29856,364.45,363.82,-0.63,-19.0,-19.0,0.0,-0.0,-0.0,-0.0,813,3850,0,17,-7
1351,192.78,29856,364.45,363.78,-0.67,-20.1,-20.1,0.0,-0.0,-0.0,-0.0,813,3849,0,18,-7
1352,192.95,29848,364.36,363.70,-0.66,-19.8,-19.8,0.0,-0.0,-0.0,-0.0,713,3754,0,17,-10
1353,193.12,29841,364.27,363.61,-0.66,-19.8,-19.8,0.0,-0.0,-0.0,-0.0,625,3664,0,15,-12
1354,193.21,29836,364.21,363.57,-0.63,-19.0,-19.0,0.0,-0.0,-0.0,-0.0,563,3596,0,13,-13
1355,193.38,29830,364.14,363.49,-0.65,-19.4,-19.4,0.0,-0.0,-0.0,-0.0,488,3522,0,12,-14
1356,193.55,29824,364.06,363.41,-0.66,-19.8,-19.8,0.0,0.0,-0.0,-0.0,413,3441,0,10,-16
1357,193.63,29820,364.01,363.37,-0.65,-19.4,-19.4,0.0,0.0,-0.0,-0.0,363,3391,0,9,-17
1358,193.81,29815,363.95,363.28,-0.67,-20.1,-20.1,0.0,-0.0,-0.0,-0.0,300,3333,0,8,-18
1359,193.97,29807,363.85,363.20,-0.66,-19.8,-19.8,0.0,0.0,-0.0,-0.0,200,3233,0,5,-19
1360,194.14,29804,363.82,363.12,-0.70,-20.9,-20.9,0.0,-0.0,-0.0,-0.0,163,3203,0,4,-20
1361,194.23,29799,363.76,363.08,-0.67,-20.1,-20.1,0.0,-0.0,-0.0,-0.0,100,3134,0,2,-19
1362,194.39,29793,363.68,363.00,-0.68,-20.5,-20.5,0.0,-0.0,-0.0,-0.0,25,3061,0,0,-20
1363,194.57,29785,363.59,362.91,-0.67,-20.1,-20.1,0.0,-0.0,-0.0,-0.0,4021,2955,0,-3,-19
1364,194.66,29783,363.56,362.87,-0.70,-20.9,-20.9,0.0,-0.0,-0.0,-0.0,3996,2935,0,-4,-20
1365,194.83,29776,363.48,362.79,-0.68,-20.5,-20.5,0.0,0.0,-0.0,-0.0,3909,2842,0,-7,-19
1366,194.99,29769,363.39,362.71,-0.68,-20.5,-20.5,0.0,0.0,-0.0,-0.0,3821,2757,0,-9,-18
1367,195.09,29765,363.34,362.66,-0.68,-20.5,-20.5,0.0,0.0,-0.0,-0.0,3771,2702,0,-11,-17
1368,195.25,29759,363.27,362.58,-0.70,-20.9,-20.9,0.0,-0.0,-0.0,-0.0,3696,2635,0,-13,-16
1369,195.43,29751,363.17,362.50,-0.67,-20.1,-20.1,0.0,0.0,-0.0,-0.0,3596,2530,0,-14,-13
1370,195.51,29749,363.15,362.45,-0.70,-20.9,-20.9,0.0,-0.0,-0.0,-0.0,3571,2502,0,-16,-13
1371,195.68,29742,363.06,362.37,-0.68,-20.5,-20.5,0.0,0.0,-0.0,-0.0,3484,2422,0,-17,-11
1372,195.85,29734,362.96,362.29,-0.67,-20.1,-20.1,0.0,0.0,-0.0,-0.0,3384,2316,0,-18,-8
1373,195.93,29730,362.92,362.25,-0.67,-20.1,-20.1,0.0,0.0,-0.0,-0.0,3334,2266,0,-18,-6
1374,196.11,29725,362.85,362.16,-0.70,-20.9,-20.9,0.0,-0.0,-0.0,-0.0,3271,2210,0,-20,-5
1375,196.28,29714,362.72,362.08,-0.65,-19.4,-19.4,0.0,0.0,-0.0,-0.0,3134,2063,0,-19,0
1376,196.36,29708,362.65,362.04,-0.61,-18.3,-18.3,0.0,0.0,-0.0,-0.0,3059,1982,0,-18,2
1377,196.54,29706,362.62,361.95,-0.67,-20.1,-20.1,0.0,0.0,-0.0,-0.0,3034,1969,0,-19,2
1378,196.70,29701,362.56,361.87,-0.68,-20.5,-20.5,0.0,0.0,-0.0,-0.0,2971,1908,0,-19,4
1379,196.79,29698,362.52,361.83,-0.70,-20.9,-20.9,0.0,0.0,-0.0,-0.0,2934,1869,0,-19,5
1380,196.95,29688,362.40,361.75,-0.66,-19.8,-19.8,0.0,-0.0,-0.0,-0.0,2809,1748,0,-17,9
1381,197.13,29679,362.29,361.66,-0.63,-19.0,-19.0,0.0,0.0,-0.0,-0.0,2696,1628,0,-15,11
1382,197.21,29675,362.24,361.62,-0.62,-18.7,-18.7,0.0,0.0,-0.0,-0.0,2646,1572,0,-13,12
1383,197.38,29671,362.19,361.53,-0.66,-19.8,-19.8,0.0,0.0,-0.0,-0.0,2596,1530,0,-13,14
1384,197.56,29662,362.08,361.45,-0.63,-19.0,-19.0,0.0,0.0,-0.0,-0.0,2484,1417,0,-10,15
1385,197.65,29659,362.05,361.40,-0.65,-19.4,-19.4,0.0,0.0,-0.0,-0.0,2446,1376,0,-10,16
1386,197.82,29654,361.99,361.32,-0.67,-20.1,-20.1,0.0,-0.0,-0.0,-0.0,2384,1323,0,-9,17
1387,197.98,29647,361.90,361.24,-0.66,-19.8,-19.8,0.0,0.0,-0.0,-0.0,2296,1232,0,-6,18
1388,198.06,29642,361.84,361.20,-0.65,-19.4,-19.4,0.0,0.0,-0.0,-0.0,2234,1165,0,-4,18
1389,198.23,29636,361.77,361.11,-0.65,-19.4,-19.4,0.0,-0.0,-0.0,-0.0,2159,1096,0,-2,19
1390,198.40,29628,361.67,361.03,-0.63,-19.0,-19.0,0.0,0.0,-0.0,-0.0,2059,991,0,1,18
1391,198.49,29622,361.60,360.99,-0.61,-18.3,-18.3,0.0,0.0,-0.0,-0.0,1984,908,0,3,17
1392,198.66,29614,361.50,360.90,-0.60,-17.9,-17.9,0.0,0.0,-0.0,-0.0,1884,813,0,6,16
1393,198.83,29608,361.43,360.82,-0.61,-18.3,-18.3,0.0,0.0,-0.0,-0.0,1809,743,0,7,16
1394,198.99,29600,361.33,360.74,-0.59,-17.6,-17.6,0.0,0.0,-0.0,-0.0,1709,639,0,9,14
1395,199.08,29596,361.28,360.69,-0.59,-17.6,-17.6,0.0,0.0,-0.0,-0.0,1659,586,0,11,13
1396,199.25,29590,361.21,360.61,-0.60,-17.9,-17.9,0.0,-0.0,-0.0,-0.0,1584,522,0,12,12
1397,199.42,29580,361.08,360.53,-0.56,-16.8,-16.8,0.0,0.0,-0.0,-0.0,1459,390,0,13,9
1398,199.50,29578,361.06,360.48,-0.57,-17.2,-17.2,0.0,0.0,-0.0,-0.0,1434,363,0,14,9
1399,199.67,29570,360.96,360.40,-0.56,-16.8,-16.8,0.0,0.0,-0.0,-0.0,1334,267,0,15,6
1400,199.83,29565,360.90,360.32,-0.59,-17.6,-17.6,0.0,0.0,-0.0,-0.0,1271,203,0,16,5
1401,199.93,29557,360.80,360.27,-0.54,-16.1,-16.1,0.0,0.0,-0.0,-0.0,1171,92,0,15,2
1402,200.10,29552,360.74,360.19,-0.56,-16.8,-16.8,0.0,0.0,-0.0,-0.0,1109,42,0,16,1
1403,200.26,29550,360.72,360.10,-0.61,-18.3,-18.3,0.0,-0.0,-0.0,-0.0,1084,24,0,18,1
1404,200.35,29542,360.62,360.06,-0.56,-16.8,-16.8,0.0,0.0,-0.0,-0.0,984,4013,0,16,-2
1405,200.52,29533,360.51,359.98,-0.54,-16.1,-16.1,0.0,0.0,-0.0,-0.0,871,3896,0,15,-5
1406,200.69,29527,360.44,359.89,-0.55,-16.5,-16.5,0.0,-0.0,-0.0,-0.0,796,3829,0,15,-6
1407,200.78,29523,360.39,359.85,-0.54,-16.1,-16.1,0.0,0.0,-0.0,-0.0,746,3777,0,14,-7
1408,200.94,29516,360.30,359.76,-0.54,-16.1,-16.1,0.0,0.0,-0.0,-0.0,659,3683,0,13,-9
1409,201.12,29507,360.19,359.67,-0.51,-15.4,-15.4,0.0,0.0,-0.0,-0.0,546,3575,0,10,-11
1410,201.20,29503,360.14,359.63,-0.51,-15.4,-15.4,0.0,0.0,-0.0,-0.0,496,3522,0,9,-11
1411,201.37,29497,360.07,359.55,-0.52,-15.8,-15.8,0.0,0.0,-0.0,-0.0,421,3450,0,8,-13
1412,201.54,29489,359.97,359.47,-0.51,-15.4,-15.4,0.0,0.0,-0.0,-0.0,321,3346,0,6,-14
1413,201.63,29485,359.92,359.42,-0.50,-15.0,-15.0,0.0,0.0,-0.0,-0.0,271,3294,0,5,-14
1414,201.80,29480,359.86,359.33,-0.52,-15.8,-15.8,0.0,-0.0,-0.0,-0.0,209,3240,0,4,-15
1415,201.96,29472,359.77,359.25,-0.51,-15.4,-15.4,0.0,0.0,-0.0,-0.0,109,3141,0,2,-15
1416,202.13,29464,359.67,359.17,-0.50,-15.0,-15.0,0.0,0.0,-0.0,-0.0,9,3038,0,-1,-15
1417,202.22,29459,359.61,359.12,-0.49,-14.6,-14.6,0.0,0.0,-0.0,-0.0,4042,2968,0,-2,-14
1418,202.39,29451,359.51,359.04,-0.48,-14.3,-14.3,0.0,0.0,-0.0,-0.0,3942,2870,0,-4,-13
1419,202.57,29446,359.45,358.95,-0.50,-15.0,-15.0,0.0,0.0,-0.0,-0.0,3880,2809,0,-6,-13
1420,202.65,29443,359.41,358.91,-0.50,-15.0,-15.0,0.0,0.0,-0.0,-0.0,3842,2772,0,-6,-13
1421,202.82,29433,359.29,358.83,-0.46,-13.9,-13.9,0.0,0.0,-0.0,-0.0,3717,2649,0,-8,-11
1422,202.98,29429,359.24,358.74,-0.50,-15.0,-15.0,0.0,-0.0,-0.0,-0.0,3667,2606,0,-10,-11
1423,203.07,29425,359.19,358.70,-0.49,-14.6,-14.6,0.0,-0.0,-0.0,-0.0,3617,2554,0,-10,-10
1424,203.24,29417,359.09,358.62,-0.48,-14.3,-14.3,0.0,0.0,-0.0,-0.0,3517,2448,0,-11,-8
1425,203.41,29413,359.05,358.53,-0.51,-15.4,-15.4,0.0,0.0,-0.0,-0.0,3467,2402,0,-13,-8
1426,203.49,29409,359.00,358.49,-0.51,-15.4,-15.4,0.0,-0.0,-0.0,-0.0,3417,2356,0,-13,-7
1427,203.66,29399,358.87,358.40,-0.48,-14.3,-14.3,0.0,0.0,-0.0,-0.0,3292,2226,0,-13,-4
1428,203.84,29394,358.81,358.32,-0.50,-15.0,-15.0,0.0,0.0,-0.0,-0.0,3230,2163,0,-14,-3
1429,203.91,29394,358.81,358.28,-0.54,-16.1,-16.1,0.0,-0.0,-0.0,-0.0,3230,2175,0,-15,-3
1430,204.08,29387,358.73,358.19,-0.54,-16.1,-16.1,0.0,-0.0,-0.0,-0.0,3142,2080,0,-16,-1
1431,204.25,29376,358.59,358.11,-0.49,-14.6,-14.6,0.0,-0.0,-0.0,-0.0,3005,1938,0,-14,2
1432,204.41,29374,358.57,358.03,-0.54,-16.1,-16.1,0.0,-0.0,-0.0,-0.0,2980,1924,0,-15,3
1433,204.49,29370,358.52,357.99,-0.54,-16.1,-16.1,0.0,-0.0,-0.0,-0.0,2930,1868,0,-15,4
1434,204.67,29361,358.41,357.90,-0.51,-15.4,-15.4,0.0,0.0,-0.0,-0.0,2817,1745,0,-13,7
1435,204.83,29355,358.34,357.82,-0.52,-15.8,-15.8,0.0,-0.0,-0.0,-0.0,2742,1684,0,-13,8
1436,204.92,29352,358.30,357.77,-0.52,-15.8,-15.8,0.0,-0.0,-0.0,-0.0,2705,1643,0,-12,9
1437,205.08,29345,358.22,357.69,-0.52,-15.8,-15.8,0.0,0.0,-0.0,-0.0,2617,1552,0,-11,11
1438,205.26,29340,358.15,357.60,-0.55,-16.5,-16.5,0.0,-0.0,-0.0,-0.0,2555,1493,0,-11,12
1439,205.34,29337,358.12,357.56,-0.56,-16.8,-16.8,0.0,-0.0,-0.0,-0.0,2517,1456,0,-10,13
1440,205.51,29329,358.02,357.48,-0.54,-16.1,-16.1,0.0,-0.0,-0.0,-0.0,2417,1357,0,-8,14
1441,205.68,29323,357.95,357.40,-0.55,-16.5,-16.5,0.0,-0.0,-0.0,-0.0,2342,1282,0,-6,15
1442,205.76,29319,357.90,357.35,-0.55,-16.5,-16.5,0.0,-0.0,-0.0,-0.0,2292,1228,0,-5,15
1443,205.94,29315,357.85,357.27,-0.59,-17.6,-17.6,0.0,-0.0,-0.0,-0.0,2242,1180,0,-4,17
1444,206.10,29306,357.74,357.18,-0.55,-16.5,-16.5,0.0,0.0,-0.0,-0.0,2130,1067,0,-1,16
1445,206.19,29303,357.70,357.14,-0.56,-16.8,-16.8,0.0,-0.0,-0.0,-0.0,2092,1025,0,0,16
1446,206.36,29297,357.63,357.05,-0.57,-17.2,-17.2,0.0,-0.0,-0.0,-0.0,2017,954,0,2,17
1447,206.54,29290,357.54,356.97,-0.57,-17.2,-17.2,0.0,-0.0,-0.0,-0.0,1930,866,0,4,16
1448,206.63,29287,357.51,356.92,-0.59,-17.6,-17.6,0.0,0.0,-0.0,-0.0,1892,823,0,5,16
1449,206.80,29279,357.41,356.84,-0.57,-17.2,-17.2,0.0,-0.0,-0.0,-0.0,1792,730,0,7,15
1450,206.97,29274,357.35,356.75,-0.60,-17.9,-17.9,0.0,0.0,-0.0,-0.0,1730,667,0,9,15
1451,207.06,29270,357.30,356.71,-0.60,-17.9,-17.9,0.0,-0.0,-0.0,-0.0,1680,614,0,10,14
1452,207.23,29264,357.23,356.62,-0.61,-18.3,-18.3,0.0,-0.0,-0.0,-0.0,1605,544,0,12,13
1453,207.40,29256,357.13,356.53,-0.60,-17.9,-17.9,0.0,-0.0,-0.0,-0.0,1505,441,0,14,11
1454,207.49,29252,357.08,356.49,-0.59,-17.6,-17.6,0.0,-0.0,-0.0,-0.0,1455,390,0,14,10
1455,207.66,29247,357.02,356.40,-0.61,-18.3,-18.3,0.0,-0.0,-0.0,-0.0,1392,331,0,16,9
1456,207.83,29239,356.92,356.32,-0.61,-18.3,-18.3,0.0,-0.0,-0.0,-0.0,1292,226,0,17,6
1457,207.92,29238,356.91,356.27,-0.63,-19.0,-19.0,0.0,-0.0,-0.0,-0.0,1280,215,0,17,6
1458,208.08,29233,356.85,356.20,-0.65,-19.4,-19.4,0.0,-0.0,-0.0,-0.0,1217,160,0,18,5
1459,208.25,29226,356.76,356.11,-0.66,-19.8,-19.8,0.0,-0.0,-0.0,-0.0,1130,70,0,19,2
1460,208.34,29222,356.71,356.06,-0.65,-19.4,-19.4,0.0,-0.0,-0.0,-0.0,1080,18,0,19,1
1461,208.51,29215,356.63,355.98,-0.65,-19.4,-19.4,0.0,-0.0,-0.0,-0.0,992,4028,0,19,-2
1462,208.67,29209,356.56,355.90,-0.66,-19.8,-19.8,0.0,0.0,-0.0,-0.0,917,3947,0,19,-4
1463,208.76,29207,356.53,355.85,-0.68,-20.5,-20.5,0.0,-0.0,-0.0,-0.0,892,3922,0,19,-5
1464,208.93,29200,356.45,355.77,-0.67,-20.1,-20.1,0.0,-0.0,-0.0,-0.0,805,3838,0,18,-8
1465,209.10,29193,356.36,355.68,-0.67,-20.1,-20.1,0.0,-0.0,-0.0,-0.0,717,3751,0,17,-10
1466,209.19,29190,356.32,355.64,-0.68,-20.5,-20.5,0.0,-0.0,-0.0,-0.0,680,3712,0,17,-11
1467,209.35,29186,356.27,355.56,-0.72,-21.6,-21.6,0.0,-0.0,-0.0,-0.0,630,3670,0,17,-13
1468,209.52,29176,356.15,355.47,-0.68,-20.5,-20.5,0.0,0.0,-0.0,-0.0,505,3537,0,13,-15
1469,209.61,29173,356.12,355.43,-0.68,-20.5,-20.5,0.0,-0.0,-0.0,-0.0,467,3494,0,12,-16
1470,209.78,29164,356.01,355.34,-0.66,-19.8,-19.8,0.0,0.0,-0.0,-0.0,355,3384,0,9,-17
1471,209.95,29158,355.93,355.26,-0.67,-20.1,-20.1,0.0,0.0,-0.0,-0.0,280,3309,0,7,-18
1472,210.12,29150,355.83,355.17,-0.66,-19.8,-19.8,0.0,0.0,-0.0,-0.0,180,3207,0,4,-19
1473,210.22,29148,355.81,355.13,-0.68,-20.5,-20.5,0.0,0.0,-0.0,-0.0,155,3181,0,3,-20
1474,210.38,29143,355.75,355.04,-0.71,-21.2,-21.2,0.0,-0.0,-0.0,-0.0,92,3129,0,2,-20
1475,210.47,29139,355.70,355.00,-0.71,-21.2,-21.2,0.0,-0.0,-0.0,-0.0,42,3075,0,0,-21
1476,210.65,29133,355.63,354.91,-0.72,-21.6,-21.6,0.0,-0.0,-0.0,-0.0,4063,3002,0,-2,-21
1477,210.82,29124,355.52,354.83,-0.70,-20.9,-20.9,0.0,-0.0,-0.0,-0.0,3951,2891,0,-6,-19
1478,210.91,29121,355.48,354.78,-0.70,-20.9,-20.9,0.0,-0.0,-0.0,-0.0,3913,2845,0,-7,-19
1479,211.08,29110,355.35,354.70,-0.65,-19.4,-19.4,0.0,0.0,-0.0,-0.0,3776,2704,0,-10,-16
1480,211.25,29103,355.26,354.61,-0.65,-19.4,-19.4,0.0,0.0,-0.0,-0.0,3688,2618,0,-12,-14
1481,211.34,29101,355.24,354.57,-0.67,-20.1,-20.1,0.0,0.0,-0.0,-0.0,3663,2591,0,-13,-14
1482,211.51,29093,355.14,354.48,-0.66,-19.8,-19.8,0.0,0.0,-0.0,-0.0,3563,2494,0,-15,-12
1483,211.67,29088,355.08,354.40,-0.68,-20.5,-20.5,0.0,-0.0,-0.0,-0.0,3501,2438,0,-16,-11
1484,211.83,29082,355.00,354.32,-0.68,-20.5,-20.5,0.0,-0.0,-0.0,-0.0,3426,2365,0,-18,-9
1485,211.91,29076,354.93,354.28,-0.66,-19.8,-19.8,0.0,-0.0,-0.0,-0.0,3351,2285,0,-18,-7
1486,212.08,29070,354.86,354.19,-0.67,-20.1,-20.1,0.0,-0.0,-0.0,-0.0,3276,2213,0,-19,-5
1487,212.26,29060,354.74,354.10,-0.63,-19.0,-19.0,0.0,0.0,-0.0,-0.0,3151,2082,0,-18,-1
1488,212.35,29057,354.70,354.06,-0.63,-19.0,-19.0,0.0,0.0,-0.0,-0.0,3113,2041,0,-18,0
1489,212.52,29049,354.60,353.98,-0.62,-18.7,-18.7,0.0,0.0,-0.0,-0.0,3013,1941,0,-18,3
1490,212.61,29047,354.58,353.93,-0.65,-19.4,-19.4,0.0,0.0,-0.0,-0.0,2988,1916,0,-18,4
1491,212.78,29039,354.48,353.85,-0.63,-19.0,-19.0,0.0,0.0,-0.0,-0.0,2888,1821,0,-17,6
1492,212.94,29032,354.39,353.76,-0.63,-19.0,-19.0,0.0,0.0,-0.0,-0.0,2801,1736,0,-16,8
1493,213.11,29026,354.32,353.68,-0.65,-19.4,-19.4,0.0,-0.0,-0.0,-0.0,2726,1661,0,-16,11
1494,213.20,29021,354.26,353.63,-0.62,-18.7,-18.7,0.0,0.0,-0.0,-0.0,2663,1594,0,-14,12
1495,213.37,29011,354.14,353.55,-0.59,-17.6,-17.6,0.0,0.0,-0.0,-0.0,2538,1465,0,-11,13
1496,213.55,29006,354.08,353.46,-0.62,-18.7,-18.7,0.0,0.0,-0.0,-0.0,2476,1404,0,-10,15
1497,213.64,29001,354.02,353.42,-0.60,-17.9,-17.9,0.0,0.0,-0.0,-0.0,2413,1341,0,-8,15
1498,213.81,28994,353.93,353.33,-0.60,-17.9,-17.9,0.0,0.0,-0.0,-0.0,2326,1255,0,-6,16
1499,213.96,28989,353.87,353.25,-0.61,-18.3,-18.3,0.0,-0.0,-0.0,-0.0,2263,1202,0,-5,17
1500,214.04,28985,353.82,353.21,-0.61,-18.3,-18.3,0.0,-0.0,-0.0,-0.0,2213,1152,0,-3,17
1501,214.22,28974,353.69,353.13,-0.56,-16.8,-16.8,0.0,0.0,-0.0,-0.0,2076,1001,0,1,16
1502,214.38,28970,353.64,353.04,-0.60,-17.9,-17.9,0.0,-0.0,-0.0,-0.0,2026,962,0,2,17
1503,214.47,28966,353.59,353.00,-0.59,-17.6,-17.6,0.0,0.0,-0.0,-0.0,1976,906,0,3,17
1504,214.65,28956,353.47,352.91,-0.56,-16.8,-16.8,0.0,0.0,-0.0,-0.0,1851,778,0,6,15
1505,214.82,28950,353.39,352.83,-0.57,-17.2,-17.2,0.0,0.0,-0.0,-0.0,1776,709,0,8,15
1506,214.91,28944,353.32,352.78,-0.54,-16.1,-16.1,0.0,0.0,-0.0,-0.0,1701,628,0,9,13
1507,215.08,28938,353.25,352.69,-0.55,-16.5,-16.5,0.0,0.0,-0.0,-0.0,1626,556,0,11,12
1508,215.25,28928,353.12,352.61,-0.51,-15.4,-15.4,0.0,0.0,-0.0,-0.0,1501,429,0,12,9
1509,215.34,28926,353.10,352.57,-0.54,-16.1,-16.1,0.0,0.0,-0.0,-0.0,1476,407,0,13,9
1510,215.51,28920,353.03,352.48,-0.55,-16.5,-16.5,0.0,0.0,-0.0,-0.0,1401,335,0,14,8
1511,215.67,28910,352.91,352.40,-0.51,-15.4,-15.4,0.0,0.0,-0.0,-0.0,1276,211,0,14,5
1512,215.76,28909,352.89,352.36,-0.54,-16.1,-16.1,0.0,0.0,-0.0,-0.0,1263,194,0,15,5
1513,215.92,28902,352.81,352.27,-0.54,-16.1,-16.1,0.0,-0.0,-0.0,-0.0,1176,115,0,15,3
1514,216.09,28894,352.71,352.19,-0.52,-15.8,-15.8,0.0,0.0,-0.0,-0.0,1076,10,0,15,0
1515,216.18,28890,352.66,352.15,-0.51,-15.4,-15.4,0.0,0.0,-0.0,-0.0,1026,4049,0,15,-1
1516,216.35,28883,352.58,352.06,-0.51,-15.4,-15.4,0.0,0.0,-0.0,-0.0,938,3972,0,15,-3
1517,216.52,28876,352.49,351.97,-0.51,-15.4,-15.4,0.0,0.0,-0.0,-0.0,851,3877,0,14,-5
1518,216.61,28873,352.45,351.93,-0.52,-15.8,-15.8,0.0,0.0,-0.0,-0.0,813,3837,0,14,-6
1519,216.78,28865,352.36,351.84,-0.51,-15.4,-15.4,0.0,0.0,-0.0,-0.0,713,3743,0,13,-8
1520,216.95,28858,352.27,351.76,-0.51,-15.4,-15.4,0.0,0.0,-0.0,-0.0,626,3659,0,12,-9
1521,217.04,28853,352.21,351.71,-0.50,-15.0,-15.0,0.0,0.0,-0.0,-0.0,563,3590,0,10,-10
1522,217.21,28848,352.15,351.63,-0.52,-15.8,-15.8,0.0,-0.0,-0.0,-0.0,501,3534,0,10,-12
1523,217.38,28841,352.06,351.54,-0.51,-15.4,-15.4,0.0,0.0,-0.0,-0.0,413,3445,0,8,-13
1524,217.47,28836,352.00,351.50,-0.50,-15.0,-15.0,0.0,0.0,-0.0,-0.0,351,3378,0,7,-13
1525,217.64,28832,351.95,351.41,-0.54,-16.1,-16.1,0.0,-0.0,-0.0,-0.0,301,3335,0,6,-14
1526,217.81,28823,351.84,351.33,-0.51,-15.4,-15.4,0.0,-0.0,-0.0,-0.0,188,3220,0,3,-15
1527,217.89,28819,351.79,351.29,-0.51,-15.4,-15.4,0.0,0.0,-0.0,-0.0,138,3167,0,2,-15
1528,218.06,28814,351.73,351.20,-0.52,-15.8,-15.8,0.0,-0.0,-0.0,-0.0,76,3110,0,1,-15
1529,218.23,28807,351.65,351.12,-0.52,-15.8,-15.8,0.0,0.0,-0.0,-0.0,4084,3018,0,-1,-15
1530,218.32,28803,351.60,351.07,-0.52,-15.8,-15.8,0.0,0.0,-0.0,-0.0,4034,2965,0,-2,-15
1531,218.49,28797,351.53,350.99,-0.54,-16.1,-16.1,0.0,-0.0,-0.0,-0.0,3959,2896,0,-4,-15
1532,218.67,28791,351.45,350.90,-0.55,-16.5,-16.5,0.0,-0.0,-0.0,-0.0,3884,2824,0,-6,-15
1533,218.75,28784,351.37,350.86,-0.51,-15.4,-15.4,0.0,0.0,-0.0,-0.0,3797,2728,0,-8,-13
1534,218.92,28777,351.28,350.77,-0.51,-15.4,-15.4,0.0,0.0,-0.0,-0.0,3709,2641,0,-9,-12
1535,219.08,28767,351.16,350.69,-0.46,-13.9,-13.9,0.0,0.0,-0.0,-0.0,3584,2517,0,-10,-9
1536,219.25,28761,351.09,350.61,-0.48,-14.3,-14.3,0.0,0.0,-0.0,-0.0,3509,2439,0,-11,-8
1537,219.34,28760,351.07,350.57,-0.51,-15.4,-15.4,0.0,0.0,-0.0,-0.0,3497,2424,0,-12,-8
1538,219.50,28754,351.00,350.48,-0.51,-15.4,-15.4,0.0,-0.0,-0.0,-0.0,3422,2363,0,-13,-7
1539,219.67,28746,350.90,350.40,-0.50,-15.0,-15.0,0.0,0.0,-0.0,-0.0,3322,2258,0,-14,-5
1540,219.75,28743,350.87,350.36,-0.51,-15.4,-15.4,0.0,-0.0,-0.0,-0.0,3284,2223,0,-14,-4
1541,219.92,28739,350.82,350.27,-0.55,-16.5,-16.5,0.0,-0.0,-0.0,-0.0,3234,2177,0,-16,-3
1542,220.09,28730,350.71,350.19,-0.52,-15.8,-15.8,0.0,0.0,-0.0,-0.0,3122,2056,0,-15,0
1543,220.17,28728,350.68,350.15,-0.54,-16.1,-16.1,0.0,-0.0,-0.0,-0.0,3097,2034,0,-16,0
1544,220.35,28720,350.59,350.06,-0.52,-15.8,-15.8,0.0,-0.0,-0.0,-0.0,2997,1936,0,-15,3
1545,220.52,28712,350.49,349.98,-0.51,-15.4,-15.4,0.0,0.0,-0.0,-0.0,2897,1828,0,-14,5
1546,220.61,28708,350.44,349.93,-0.51,-15.4,-15.4,0.0,0.0,-0.0,-0.0,2847,1771,0,-14,6
1547,220.78,28704,350.39,349.85,-0.55,-16.5,-16.5,0.0,-0.0,-0.0,-0.0,2797,1737,0,-14,7
1548,220.94,28698,350.32,349.76,-0.55,-16.5,-16.5,0.0,-0.0,-0.0,-0.0,2722,1659,0,-13,9
1549,221.11,28691,350.23,349.68,-0.55,-16.5,-16.5,0.0,-0.0,-0.0,-0.0,2634,1572,0,-12,11
1550,221.20,28689,350.21,349.64,-0.57,-17.2,-17.2,0.0,-0.0,-0.0,-0.0,2609,1548,0,-12,12
1551,221.36,28683,350.13,349.55,-0.59,-17.6,-17.6,0.0,-0.0,-0.0,-0.0,2534,1476,0,-11,13
1552,221.54,28674,350.02,349.47,-0.56,-16.8,-16.8,0.0,0.0,-0.0,-0.0,2422,1352,0,-8,14
1553,221.63,28670,349.98,349.42,-0.55,-16.5,-16.5,0.0,0.0,-0.0,-0.0,2372,1304,0,-7,15
1554,221.80,28667,349.94,349.33,-0.61,-18.3,-18.3,0.0,-0.0,-0.0,-0.0,2334,1274,0,-7,16
1555,221.96,28659,349.84,349.26,-0.59,-17.6,-17.6,0.0,0.0,-0.0,-0.0,2234,1168,0,-4,17
1556,222.04,28657,349.82,349.21,-0.60,-17.9,-17.9,0.0,-0.0,-0.0,-0.0,2209,1145,0,-3,17
1557,222.21,28649,349.72,349.13,-0.60,-17.9,-17.9,0.0,-0.0,-0.0,-0.0,2109,1046,0,-1,17
1558,222.38,28644,349.66,349.04,-0.61,-18.3,-18.3,0.0,-0.0,-0.0,-0.0,2047,984,0,1,18
1559,222.47,28639,349.60,349.00,-0.60,-17.9,-17.9,0.0,0.0,-0.0,-0.0,1984,914,0,3,17
1560,222.65,28632,349.51,348.91,-0.60,-17.9,-17.9,0.0,-0.0,-0.0,-0.0,1897,833,0,5,17
1561,222.83,28626,349.44,348.82,-0.62,-18.7,-18.7,0.0,-0.0,-0.0,-0.0,1822,758,0,7,17
1562,222.91,28623,349.40,348.78,-0.62,-18.7,-18.7,0.0,-0.0,-0.0,-0.0,1784,719,0,8,16
1563,223.08,28616,349.32,348.69,-0.62,-18.7,-18.7,0.0,-0.0,-0.0,-0.0,1697,632,0,10,15
1564,223.17,28612,349.27,348.65,-0.62,-18.7,-18.7,0.0,-0.0,-0.0,-0.0,1647,581,0,11,14
1565,223.34,28605,349.18,348.56,-0.62,-18.7,-18.7,0.0,-0.0,-0.0,-0.0,1559,496,0,13,12
1566,223.50,28603,349.16,348.48,-0.67,-20.1,-20.1,0.0,-0.0,-0.0,-0.0,1534,478,0,14,13
1567,223.67,28594,349.05,348.40,-0.65,-19.4,-19.4,0.0,-0.0,-0.0,-0.0,1422,362,0,16,10
1568,223.75,28592,349.02,348.36,-0.67,-20.1,-20.1,0.0,-0.0,-0.0,-0.0,1397,336,0,17,10
1569,223.92,28582,348.90,348.28,-0.62,-18.7,-18.7,0.0,-0.0,-0.0,-0.0,1272,210,0,17,6
1570,224.09,28575,348.82,348.19,-0.62,-18.7,-18.7,0.0,0.0,-0.0,-0.0,1184,119,0,18,3
1571,224.17,28572,348.78,348.15,-0.63,-19.0,-19.0,0.0,0.0,-0.0,-0.0,1147,75,0,18,2
1572,224.34,28570,348.75,348.06,-0.70,-20.9,-20.9,0.0,-0.0,-0.0,-0.0,1122,64,0,20,2
1573,224.51,28561,348.65,347.98,-0.67,-20.1,-20.1,0.0,-0.0,-0.0,-0.0,1009,4041,0,19,-2
1574,224.60,28559,348.62,347.94,-0.68,-20.5,-20.5,0.0,-0.0,-0.0,-0.0,984,4021,0,20,-2
1575,224.77,28551,348.52,347.85,-0.67,-20.1,-20.1,0.0,-0.0,-0.0,-0.0,884,3920,0,19,-5
1576,224.94,28545,348.45,347.76,-0.68,-20.5,-20.5,0.0,-0.0,-0.0,-0.0,809,3845,0,18,-7
1577,225.03,28539,348.38,347.72,-0.66,-19.8,-19.8,0.0,0.0,-0.0,-0.0,734,3757,0,17,-10
1578,225.20,28532,348.29,347.63,-0.66,-19.8,-19.8,0.0,0.0,-0.0,-0.0,647,3678,0,15,-11
1579,225.37,28529,348.25,347.55,-0.71,-21.2,-21.2,0.0,-0.0,-0.0,-0.0,609,3646,0,16,-13
1580,225.45,28526,348.22,347.51,-0.71,-21.2,-21.2,0.0,-0.0,-0.0,-0.0,572,3606,0,15,-14
1581,225.63,28514,348.07,347.42,-0.65,-19.4,-19.4,0.0,0.0,-0.0,-0.0,422,3448,0,10,-16
1582,225.80,28508,348.00,347.33,-0.66,-19.8,-19.8,0.0,-0.0,-0.0,-0.0,347,3381,0,9,-17
1583,225.89,28505,347.96,347.29,-0.67,-20.1,-20.1,0.0,-0.0,-0.0,-0.0,309,3339,0,8,-18
1584,226.06,28496,347.85,347.20,-0.65,-19.4,-19.4,0.0,0.0,-0.0,-0.0,197,3221,0,4,-18
1585,226.23,28487,347.74,347.12,-0.62,-18.7,-18.7,0.0,0.0,-0.0,-0.0,84,3108,0,1,-18
1586,226.32,28487,347.74,347.07,-0.67,-20.1,-20.1,0.0,-0.0,-0.0,-0.0,84,3116,0,1,-19
1587,226.49,28483,347.69,346.99,-0.71,-21.2,-21.2,0.0,-0.0,-0.0,-0.0,34,3068,0,0,-21
1588,226.67,28476,347.61,346.90,-0.71,-21.2,-21.2,0.0,-0.0,-0.0,-0.0,4043,2984,0,-3,-20
1589,226.75,28470,347.53,346.86,-0.67,-20.1,-20.1,0.0,-0.0,-0.0,-0.0,3968,2904,0,-5,-19
1590,226.92,28462,347.44,346.77,-0.66,-19.8,-19.8,0.0,-0.0,-0.0,-0.0,3868,2807,0,-8,-18
1591,227.08,28454,347.34,346.69,-0.65,-19.4,-19.4,0.0,0.0,-0.0,-0.0,3768,2701,0,-10,-16
1592,227.17,28450,347.29,346.65,-0.63,-19.0,-19.0,0.0,0.0,-0.0,-0.0,3718,2643,0,-11,-15
1593,227.34,28446,347.24,346.57,-0.67,-20.1,-20.1,0.0,0.0,-0.0,-0.0,3668,2600,0,-13,-15
1594,227.50,28440,347.17,346.48,-0.68,-20.5,-20.5,0.0,-0.0,-0.0,-0.0,3593,2534,0,-15,-13
1595,227.67,28430,347.05,346.40,-0.65,-19.4,-19.4,0.0,0.0,-0.0,-0.0,3468,2401,0,-16,-10
1596,227.75,28426,347.00,346.36,-0.63,-19.0,-19.0,0.0,0.0,-0.0,-0.0,3418,2351,0,-16,-8
1597,227.93,28417,346.89,346.27,-0.61,-18.3,-18.3,0.0,0.0,-0.0,-0.0,3305,2233,0,-17,-5
1598,228.09,28411,346.81,346.19,-0.62,-18.7,-18.7,0.0,0.0,-0.0,-0.0,3230,2158,0,-18,-3
1599,228.18,28407,346.77,346.15,-0.62,-18.7,-18.7,0.0,0.0,-0.0,-0.0,3180,2104,0,-18,-2
1600,228.34,28398,346.66,346.06,-0.60,-17.9,-17.9,0.0,0.0,-0.0,-0.0,3068,1999,0,-17,1
1601,228.51,28393,346.59,345.98,-0.62,-18.7,-18.7,0.0,-0.0,-0.0,-0.0,3005,1941,0,-18,3
1602,228.60,28390,346.56,345.93,-0.62,-18.7,-18.7,0.0,-0.0,-0.0,-0.0,2968,1903,0,-18,4
1603,228.77,28382,346.46,345.85,-0.61,-18.3,-18.3,0.0,0.0,-0.0,-0.0,2868,1800,0,-16,7
1604,228.94,28375,346.37,345.76,-0.61,-18.3,-18.3,0.0,-0.0,-0.0,-0.0,2780,1718,0,-16,9
1605,229.03,28373,346.35,345.72,-0.63,-19.0,-19.0,0.0,-0.0,-0.0,-0.0,2755,1692,0,-16,10
1606,229.20,28362,346.22,345.63,-0.59,-17.6,-17.6,0.0,0.0,-0.0,-0.0,2618,1549,0,-12,12
1607,229.37,28352,346.09,345.55,-0.55,-16.5,-16.5,0.0,0.0,-0.0,-0.0,2493,1421,0,-9,13
1608,229.46,28349,346.06,345.50,-0.55,-16.5,-16.5,0.0,0.0,-0.0,-0.0,2455,1378,0,-8,14
1609,229.64,28342,345.97,345.42,-0.56,-16.8,-16.8,0.0,0.0,-0.0,-0.0,2368,1296,0,-7,15
1610,229.81,28337,345.91,345.33,-0.59,-17.6,-17.6,0.0,0.0,-0.0,-0.0,2305,1235,0,-5,16
1611,229.90,28331,345.84,345.28,-0.55,-16.5,-16.5,0.0,0.0,-0.0,-0.0,2230,1157,0,-3,16
1612,230.06,28327,345.79,345.20,-0.59,-17.6,-17.6,0.0,-0.0,-0.0,-0.0,2180,1121,0,-3,17
1613,230.23,28317,345.67,345.12,-0.55,-16.5,-16.5,0.0,0.0,-0.0,-0.0,2055,988,0,1,16
1614,230.32,28316,345.65,345.07,-0.59,-17.6,-17.6,0.0,-0.0,-0.0,-0.0,2043,979,0,1,17
1615,230.49,28305,345.52,344.99,-0.54,-16.1,-16.1,0.0,0.0,-0.0,-0.0,1905,833,0,5,15
1616,230.67,28297,345.42,344.90,-0.52,-15.8,-15.8,0.0,0.0,-0.0,-0.0,1805,736,0,7,14
1617,230.75,28293,345.37,344.86,-0.51,-15.4,-15.4,0.0,0.0,-0.0,-0.0,1755,679,0,8,13
1618,230.92,28286,345.29,344.77,-0.51,-15.4,-15.4,0.0,0.0,-0.0,-0.0,1668,601,0,9,12
1619,231.10,28281,345.23,344.69,-0.54,-16.1,-16.1,0.0,0.0,-0.0,-0.0,1605,536,0,11,11
1620,231.18,28276,345.17,344.64,-0.52,-15.8,-15.8,0.0,0.0,-0.0,-0.0,1543,475,0,11,10
1621,231.35,28267,345.06,344.56,-0.50,-15.0,-15.0,0.0,0.0,-0.0,-0.0,1430,363,0,12,8
1622,231.53,28260,344.97,344.47,-0.50,-15.0,-15.0,0.0,-0.0,-0.0,-0.0,1343,276,0,13,6
1623,231.62,28260,344.97,344.42,-0.55,-16.5,-16.5,0.0,-0.0,-0.0,-0.0,1343,278,0,15,7
1624,231.79,28251,344.86,344.34,-0.52,-15.8,-15.8,0.0,0.0,-0.0,-0.0,1230,162,0,15,4
1625,231.88,28248,344.82,344.30,-0.52,-15.8,-15.8,0.0,0.0,-0.0,-0.0,1193,126,0,15,3
1626,232.04,28240,344.73,344.21,-0.51,-15.4,-15.4,0.0,-0.0,-0.0,-0.0,1093,31,0,15,1
1627,232.22,28232,344.63,344.13,-0.50,-15.0,-15.0,0.0,0.0,-0.0,-0.0,993,4021,0,14,-2
1628,232.30,28227,344.57,344.08,-0.49,-14.6,-14.6,0.0,0.0,-0.0,-0.0,930,3952,0,14,-3
1629,232.47,28220,344.48,344.00,-0.49,-14.6,-14.6,0.0,0.0,-0.0,-0.0,843,3869,0,13,-5
1630,232.65,28214,344.41,343.91,-0.50,-15.0,-15.0,0.0,0.0,-0.0,-0.0,768,3793,0,13,-7
1631,232.74,28213,344.40,343.87,-0.54,-16.1,-16.1,0.0,-0.0,-0.0,-0.0,755,3785,0,14,-7
1632,232.90,28207,344.32,343.78,-0.54,-16.1,-16.1,0.0,-0.0,-0.0,-0.0,680,3715,0,13,-9
1633,233.07,28199,344.23,343.70,-0.52,-15.8,-15.8,0.0,-0.0,-0.0,-0.0,580,3616,0,11,-10
1634,233.16,28195,344.18,343.65,-0.52,-15.8,-15.8,0.0,-0.0,-0.0,-0.0,530,3563,0,10,-11
1635,233.33,28190,344.12,343.57,-0.55,-16.5,-16.5,0.0,-0.0,-0.0,-0.0,468,3504,0,10,-13
1636,233.50,28181,344.01,343.49,-0.52,-15.8,-15.8,0.0,0.0,-0.0,-0.0,355,3381,0,7,-14
1637,233.58,28177,343.96,343.44,-0.51,-15.4,-15.4,0.0,0.0,-0.0,-0.0,305,3331,0,6,-14
1638,233.75,28168,343.85,343.36,-0.49,-14.6,-14.6,0.0,0.0,-0.0,-0.0,193,3221,0,3,-14
1639,233.91,28165,343.81,343.28,-0.54,-16.1,-16.1,0.0,-0.0,-0.0,-0.0,155,3188,0,3,-15
1640,234.08,28157,343.71,343.19,-0.52,-15.8,-15.8,0.0,-0.0,-0.0,-0.0,55,3086,0,0,-15
1641,234.17,28156,343.70,343.15,-0.55,-16.5,-16.5,0.0,-0.0,-0.0,-0.0,43,3076,0,0,-16
1642,234.34,28148,343.60,343.06,-0.54,-16.1,-16.1,0.0,-0.0,-0.0,-0.0,4039,2977,0,-2,-15
1643,234.51,28137,343.47,342.98,-0.49,-14.6,-14.6,0.0,0.0,-0.0,-0.0,3901,2833,0,-5,-13
1644,234.59,28134,343.43,342.94,-0.50,-15.0,-15.0,0.0,0.0,-0.0,-0.0,3864,2793,0,-6,-13
1645,234.76,28129,343.37,342.85,-0.51,-15.4,-15.4,0.0,0.0,-0.0,-0.0,3801,2735,0,-7,-13
1646,234.92,28120,343.26,342.77,-0.49,-14.6,-14.6,0.0,0.0,-0.0,-0.0,3689,2619,0,-9,-11
1647,235.09,28115,343.20,342.69,-0.51,-15.4,-15.4,0.0,-0.0,-0.0,-0.0,3626,2562,0,-11,-11
1648,235.18,28111,343.15,342.64,-0.51,-15.4,-15.4,0.0,-0.0,-0.0,-0.0,3576,2510,0,-11,-10
1649,235.35,28105,343.08,342.56,-0.51,-15.4,-15.4,0.0,0.0,-0.0,-0.0,3501,2437,0,-12,-8
1650,235.51,28100,343.02,342.48,-0.54,-16.1,-16.1,0.0,-0.0,-0.0,-0.0,3439,2379,0,-14,-8
1651,235.60,28098,342.99,342.44,-0.56,-16.8,-16.8,0.0,-0.0,-0.0,-0.0,3414,2357,0,-15,-7
1652,235.77,28092,342.92,342.35,-0.57,-17.2,-17.2,0.0,-0.0,-0.0,-0.0,3339,2281,0,-16,-6
1653,235.93,28084,342.82,342.27,-0.56,-16.8,-16.8,0.0,-0.0,-0.0,-0.0,3239,2180,0,-16,-3
1654,236.03,28080,342.77,342.22,-0.55,-16.5,-16.5,0.0,-0.0,-0.0,-0.0,3189,2123,0,-16,-2
1655,236.20,28075,342.71,342.14,-0.57,-17.2,-17.2,0.0,-0.0,-0.0,-0.0,3126,2066,0,-17,0
1656,236.37,28068,342.63,342.05,-0.57,-17.2,-17.2,0.0,0.0,-0.0,-0.0,3039,1973,0,-17,2
1657,236.46,28064,342.58,342.00,-0.57,-17.2,-17.2,0.0,0.0,-0.0,-0.0,2989,1922,0,-16,3
1658,236.63,28058,342.50,341.92,-0.59,-17.6,-17.6,0.0,-0.0,-0.0,-0.0,2914,1850,0,-16,5
1659,236.72,28054,342.46,341.87,-0.59,-17.6,-17.6,0.0,-0.0,-0.0,-0.0,2864,1797,0,-16,6
1660,236.89,28048,342.38,341.79,-0.60,-17.9,-17.9,0.0,-0.0,-0.0,-0.0,2789,1726,0,-15,8
1661,237.06,28042,342.31,341.70,-0.61,-18.3,-18.3,0.0,-0.0,-0.0,-0.0,2714,1653,0,-15,10
1662,237.15,28038,342.26,341.66,-0.60,-17.9,-17.9,0.0,-0.0,-0.0,-0.0,2664,1600,0,-13,11
1663,237.32,28030,342.16,341.57,-0.59,-17.6,-17.6,0.0,0.0,-0.0,-0.0,2564,1499,0,-11,13
1664,237.49,28024,342.09,341.49,-0.60,-17.9,-17.9,0.0,-0.0,-0.0,-0.0,2489,1427,0,-10,14
1665,237.58,28020,342.04,341.44,-0.60,-17.9,-17.9,0.0,0.0,-0.0,-0.0,2439,1369,0,-9,15
1666,237.75,28015,341.98,341.36,-0.62,-18.7,-18.7,0.0,-0.0,-0.0,-0.0,2376,1312,0,-8,16
1667,237.91,28011,341.93,341.28,-0.66,-19.8,-19.8,0.0,-0.0,-0.0,-0.0,2326,1270,0,-7,18
1668,238.08,28003,341.83,341.19,-0.63,-19.0,-19.0,0.0,-0.0,-0.0,-0.0,2226,1165,0,-4,18
1669,238.17,27998,341.77,341.15,-0.62,-18.7,-18.7,0.0,-0.0,-0.0,-0.0,2164,1100,0,-2,18
1670,238.34,27991,341.69,341.07,-0.62,-18.7,-18.7,0.0,-0.0,-0.0,-0.0,2076,1013,0,0,18
1671,238.51,27986,341.63,340.98,-0.65,-19.4,-19.4,0.0,-0.0,-0.0,-0.0,2014,951,0,2,19
1672,238.59,27981,341.56,340.94,-0.62,-18.7,-18.7,0.0,0.0,-0.0,-0.0,1951,882,0,4,18
1673,238.76,27974,341.48,340.85,-0.62,-18.7,-18.7,0.0,0.0,-0.0,-0.0,1864,799,0,6,17
1674,238.92,27968,341.41,340.77,-0.63,-19.0,-19.0,0.0,-0.0,-0.0,-0.0,1789,727,0,8,17
1675,239.00,27964,341.36,340.73,-0.62,-18.7,-18.7,0.0,0.0,-0.0,-0.0,1739,673,0,9,16
1676,239.17,27958,341.28,340.65,-0.63,-19.0,-19.0,0.0,0.0,-0.0,-0.0,1664,600,0,11,15
1677,239.34,27952,341.21,340.57,-0.65,-19.4,-19.4,0.0,-0.0,-0.0,-0.0,1589,530,0,13,14
1678,239.50,27946,341.14,340.48,-0.66,-19.8,-19.8,0.0,-0.0,-0.0,-0.0,1514,452,0,15,12
1679,239.59,27943,341.10,340.44,-0.66,-19.8,-19.8,0.0,-0.0,-0.0,-0.0,1476,413,0,15,11
1680,239.76,27935,341.00,340.35,-0.65,-19.4,-19.4,0.0,-0.0,-0.0,-0.0,1376,314,0,17,9
1681,239.93,27931,340.95,340.27,-0.68,-20.5,-20.5,0.0,-0.0,-0.0,-0.0,1326,268,0,18,8
1682,240.02,27928,340.92,340.22,-0.70,-20.9,-20.9,0.0,-0.0,-0.0,-0.0,1289,225,0,19,7
1683,240.19,27916,340.77,340.14,-0.63,-19.0,-19.0,0.0,0.0,-0.0,-0.0,1139,72,0,18,2
1684,240.36,27913,340.73,340.05,-0.68,-20.5,-20.5,0.0,-0.0,-0.0,-0.0,1101,39,0,20,1
1685,240.45,27910,340.70,340.01,-0.68,-20.5,-20.5,0.0,-0.0,-0.0,-0.0,1064,2,0,20,0
1686,240.62,27902,340.60,339.92,-0.67,-20.1,-20.1,0.0,0.0,-0.0,-0.0,964,3994,0,19,-3
1687,240.79,27895,340.52,339.84,-0.67,-20.1,-20.1,0.0,-0.0,-0.0,-0.0,876,3911,0,19,-5
1688,240.88,27892,340.48,339.79,-0.68,-20.5,-20.5,0.0,-0.0,-0.0,-0.0,839,3873,0,19,-7
1689,241.05,27885,340.39,339.71,-0.68,-20.5,-20.5,0.0,0.0,-0.0,-0.0,751,3782,0,18,-9
1690,241.22,27878,340.31,339.63,-0.68,-20.5,-20.5,0.0,0.0,-0.0,-0.0,664,3695,0,16,-11
1691,241.30,27876,340.28,339.58,-0.70,-20.9,-20.9,0.0,-0.0,-0.0,-0.0,639,3673,0,16,-12
1692,241.47,27868,340.19,339.50,-0.68,-20.5,-20.5,0.0,-0.0,-0.0,-0.0,539,3573,0,14,-14
1693,241.65,27858,340.06,339.41,-0.65,-19.4,-19.4,0.0,0.0,-0.0,-0.0,414,3438,0,10,-16
1694,241.73,27858,340.06,339.37,-0.70,-20.9,-20.9,0.0,-0.0,-0.0,-0.0,414,3445,0,11,-17
1695,241.90,27850,339.97,339.28,-0.68,-20.5,-20.5,0.0,0.0,-0.0,-0.0,314,3345,0,8,-18
1696,242.07,27842,339.87,339.20,-0.67,-20.1,-20.1,0.0,0.0,-0.0,-0.0,214,3241,0,5,-19
1697,242.16,27838,339.82,339.15,-0.66,-19.8,-19.8,0.0,0.0,-0.0,-0.0,164,3191,0,3,-19
1698,242.33,27830,339.72,339.07,-0.65,-19.4,-19.4,0.0,0.0,-0.0,-0.0,64,3095,0,1,-19
1699,242.50,27823,339.64,338.98,-0.65,-19.4,-19.4,0.0,0.0,-0.0,-0.0,4072,3003,0,-2,-19
1700,242.59,27819,339.59,338.94,-0.65,-19.4,-19.4,0.0,0.0,-0.0,-0.0,4022,2951,0,-3,-18
1701,242.75,27811,339.49,338.86,-0.63,-19.0,-19.0,0.0,0.0,-0.0,-0.0,3922,2852,0,-6,-17
1702,242.91,27805,339.42,338.78,-0.63,-19.0,-19.0,0.0,0.0,-0.0,-0.0,3847,2782,0,-8,-17
1703,243.00,27801,339.37,338.73,-0.63,-19.0,-19.0,0.0,0.0,-0.0,-0.0,3797,2728,0,-9,-16
1704,243.17,27795,339.29,338.65,-0.65,-19.4,-19.4,0.0,0.0,-0.0,-0.0,3722,2657,0,-11,-15
1705,243.33,27786,339.18,338.57,-0.62,-18.7,-18.7,0.0,0.0,-0.0,-0.0,3610,2544,0,-13,-12
1706,243.50,27782,339.14,338.48,-0.65,-19.4,-19.4,0.0,-0.0,-0.0,-0.0,3560,2500,0,-14,-12
1707,243.58,27780,339.11,338.44,-0.67,-20.1,-20.1,0.0,-0.0,-0.0,-0.0,3535,2474,0,-15,-12
1708,243.75,27768,338.96,338.36,-0.61,-18.3,-18.3,0.0,0.0,-0.0,-0.0,3385,2312,0,-16,-7
1709,243.92,27762,338.89,338.27,-0.62,-18.7,-18.7,0.0,0.0,-0.0,-0.0,3310,2245,0,-17,-5
1710,244.00,27758,338.84,338.23,-0.61,-18.3,-18.3,0.0,0.0,-0.0,-0.0,3260,2194,0,-17,-4
1711,244.17,27749,338.73,338.15,-0.59,-17.6,-17.6,0.0,0.0,-0.0,-0.0,3147,2075,0,-17,-1
1712,244.34,27740,338.62,338.06,-0.56,-16.8,-16.8,0.0,0.0,-0.0,-0.0,3035,1959,0,-16,2
1713,244.43,27738,338.60,338.02,-0.59,-17.6,-17.6,0.0,0.0,-0.0,-0.0,3010,1938,0,-17,3
1714,244.61,27729,338.49,337.93,-0.56,-16.8,-16.8,0.0,0.0,-0.0,-0.0,2897,1826,0,-15,5
1715,244.77,27723,338.42,337.85,-0.57,-17.2,-17.2,0.0,0.0,-0.0,-0.0,2822,1756,0,-15,7
1716,244.86,27720,338.38,337.80,-0.57,-17.2,-17.2,0.0,0.0,-0.0,-0.0,2785,1716,0,-15,8
1717,245.03,27712,338.28,337.72,-0.56,-16.8,-16.8,0.0,0.0,-0.0,-0.0,2685,1622,0,-13,10
1718,245.20,27706,338.21,337.63,-0.57,-17.2,-17.2,0.0,0.0,-0.0,-0.0,2610,1543,0,-12,12
1719,245.30,27703,338.17,337.59,-0.59,-17.6,-17.6,0.0,-0.0,-0.0,-0.0,2572,1507,0,-11,13
1720,245.46,27694,338.06,337.50,-0.56,-16.8,-16.8,0.0,0.0,-0.0,-0.0,2460,1396,0,-9,14
1721,245.64,27683,337.93,337.41,-0.51,-15.4,-15.4,0.0,0.0,-0.0,-0.0,2322,1246,0,-5,14
1722,245.73,27679,337.88,337.37,-0.51,-15.4,-15.4,0.0,0.0,-0.0,-0.0,2272,1198,0,-4,14
1723,245.89,27674,337.82,337.29,-0.52,-15.8,-15.8,0.0,0.0,-0.0,-0.0,2210,1141,0,-3,15
1724,246.06,27666,337.72,337.20,-0.51,-15.4,-15.4,0.0,0.0,-0.0,-0.0,2110,1041,0,0,15
1725,246.15,27663,337.68,337.16,-0.52,-15.8,-15.8,0.0,0.0,-0.0,-0.0,2072,1000,0,1,15
1726,246.32,27656,337.60,337.07,-0.52,-15.8,-15.8,0.0,-0.0,-0.0,-0.0,1985,920,0,2,15
1727,246.49,27647,337.49,336.99,-0.50,-15.0,-15.0,0.0,0.0,-0.0,-0.0,1872,804,0,5,14
1728,246.59,27643,337.44,336.94,-0.50,-15.0,-15.0,0.0,0.0,-0.0,-0.0,1822,747,0,6,13
1729,246.76,27637,337.37,336.85,-0.51,-15.4,-15.4,0.0,0.0,-0.0,-0.0,1747,682,0,7,13
1730,246.92,27631,337.29,336.77,-0.51,-15.4,-15.4,0.0,0.0,-0.0,-0.0,1672,606,0,9,12
1731,247.01,27628,337.26,336.73,-0.52,-15.8,-15.8,0.0,0.0,-0.0,-0.0,1635,567,0,10,12
1732,247.18,27618,337.13,336.65,-0.49,-14.6,-14.6,0.0,0.0,-0.0,-0.0,1510,445,0,11,9
1733,247.35,27611,337.05,336.56,-0.49,-14.6,-14.6,0.0,0.0,-0.0,-0.0,1422,352,0,12,7
1734,247.44,27608,337.01,336.51,-0.50,-15.0,-15.0,0.0,0.0,-0.0,-0.0,1385,317,0,13,7
1735,247.61,27600,336.91,336.43,-0.49,-14.6,-14.6,0.0,0.0,-0.0,-0.0,1285,213,0,13,5
1736,247.78,27596,336.87,336.34,-0.52,-15.8,-15.8,0.0,0.0,-0.0,-0.0,1235,171,0,15,4
1737,247.87,27592,336.82,336.30,-0.51,-15.4,-15.4,0.0,-0.0,-0.0,-0.0,1185,122,0,15,3
1738,248.04,27584,336.72,336.21,-0.50,-15.0,-15.0,0.0,-0.0,-0.0,-0.0,1085,18,0,15,0
1739,248.21,27580,336.67,336.13,-0.54,-16.1,-16.1,0.0,-0.0,-0.0,-0.0,1035,4071,0,16,-1
1740,248.30,27576,336.62,336.09,-0.54,-16.1,-16.1,0.0,-0.0,-0.0,-0.0,985,4019,0,16,-2
1741,248.47,27569,336.54,336.00,-0.54,-16.1,-16.1,0.0,-0.0,-0.0,-0.0,897,3930,0,15,-4
1742,248.64,27563,336.46,335.91,-0.55,-16.5,-16.5,0.0,-0.0,-0.0,-0.0,822,3855,0,15,-6
1743,248.73,27559,336.41,335.87,-0.55,-16.5,-16.5,0.0,-0.0,-0.0,-0.0,772,3805,0,14,-7
1744,248.90,27548,336.28,335.78,-0.50,-15.0,-15.0,0.0,0.0,-0.0,-0.0,635,3660,0,11,-9
1745,248.99,27547,336.27,335.74,-0.52,-15.8,-15.8,0.0,0.0,-0.0,-0.0,622,3648,0,12,-10
1746,249.16,27540,336.18,335.66,-0.52,-15.8,-15.8,0.0,0.0,-0.0,-0.0,535,3566,0,10,-11
1747,249.32,27530,336.06,335.57,-0.49,-14.6,-14.6,0.0,0.0,-0.0,-0.0,410,3435,0,7,-12
1748,249.49,27528,336.04,335.49,-0.55,-16.5,-16.5,0.0,-0.0,-0.0,-0.0,385,3421,0,8,-14
1749,249.58,27524,335.99,335.44,-0.54,-16.1,-16.1,0.0,-0.0,-0.0,-0.0,335,3367,0,7,-14
1750,249.75,27518,335.91,335.36,-0.55,-16.5,-16.5,0.0,-0.0,-0.0,-0.0,260,3294,0,5,-15
1751,249.92,27510,335.82,335.27,-0.54,-16.1,-16.1,0.0,-0.0,-0.0,-0.0,160,3197,0,3,-15
1752,250.01,27506,335.77,335.23,-0.54,-16.1,-16.1,0.0,-0.0,-0.0,-0.0,110,3142,0,2,-16
1753,250.18,27500,335.69,335.14,-0.55,-16.5,-16.5,0.0,0.0,-0.0,-0.0,35,3066,0,0,-16
1754,250.34,27495,335.63,335.06,-0.57,-17.2,-17.2,0.0,-0.0,-0.0,-0.0,4068,3006,0,-2,-17
1755,250.43,27493,335.61,335.02,-0.59,-17.6,-17.6,0.0,-0.0,-0.0,-0.0,4043,2978,0,-2,-17
1756,250.59,27485,335.51,334.94,-0.57,-17.2,-17.2,0.0,-0.0,-0.0,-0.0,3943,2881,0,-5,-16
1757,250.76,27480,335.45,334.85,-0.60,-17.9,-17.9,0.0,-0.0,-0.0,-0.0,3881,2825,0,-6,-16
1758,250.85,27478,335.42,334.81,-0.61,-18.3,-18.3,0.0,-0.0,-0.0,-0.0,3856,2798,0,-7,-16
1759,251.02,27469,335.31,334.73,-0.59,-17.6,-17.6,0.0,-0.0,-0.0,-0.0,3743,2681,0,-10,-14
1760,251.19,27461,335.22,334.64,-0.57,-17.2,-17.2,0.0,0.0,-0.0,-0.0,3643,2576,0,-11,-12
1761,251.28,27456,335.16,334.60,-0.56,-16.8,-16.8,0.0,0.0,-0.0,-0.0,3581,2513,0,-12,-11
1762,251.45,27449,335.07,334.51,-0.56,-16.8,-16.8,0.0,0.0,-0.0,-0.0,3493,2426,0,-14,-9
1763,251.63,27444,335.01,334.42,-0.59,-17.6,-17.6,0.0,0.0,-0.0,-0.0,3431,2360,0,-15,-8
1764,251.71,27441,334.97,334.38,-0.60,-17.9,-17.9,0.0,-0.0,-0.0,-0.0,3393,2326,0,-16,-7
1765,251.88,27434,334.89,334.29,-0.60,-17.9,-17.9,0.0,-0.0,-0.0,-0.0,3306,2244,0,-17,-5
1766,252.05,27427,334.80,334.21,-0.60,-17.9,-17.9,0.0,-0.0,-0.0,-0.0,3218,2154,0,-17,-3
1767,252.14,27425,334.78,334.16,-0.61,-18.3,-18.3,0.0,-0.0,-0.0,-0.0,3193,2132,0,-18,-2
1768,252.31,27416,334.67,334.08,-0.59,-17.6,-17.6,0.0,0.0,-0.0,-0.0,3081,2015,0,-17,1
1769,252.48,27408,334.57,333.99,-0.57,-17.2,-17.2,0.0,0.0,-0.0,-0.0,2981,1913,0,-16,3
1770,252.57,27405,334.53,333.95,-0.59,-17.6,-17.6,0.0,0.0,-0.0,-0.0,2943,1874,0,-16,4
1771,252.74,27397,334.44,333.86,-0.57,-17.2,-17.2,0.0,0.0,-0.0,-0.0,2843,1774,0,-15,7
1772,252.90,27392,334.38,333.78,-0.59,-17.6,-17.6,0.0,0.0,-0.0,-0.0,2781,1718,0,-15,8
1773,253.07,27387,334.31,333.70,-0.61,-18.3,-18.3,0.0,-0.0,-0.0,-0.0,2718,1655,0,-15,10
1774,253.16,27383,334.27,333.65,-0.61,-18.3,-18.3,0.0,-0.0,-0.0,-0.0,2668,1604,0,-14,11
1775,253.32,27377,334.19,333.57,-0.62,-18.7,-18.7,0.0,-0.0,-0.0,-0.0,2593,1534,0,-13,13
1776,253.49,27370,334.11,333.49,-0.62,-18.7,-18.7,0.0,-0.0,-0.0,-0.0,2506,1450,0,-11,14
1777,253.57,27367,334.07,333.45,-0.62,-18.7,-18.7,0.0,-0.0,-0.0,-0.0,2468,1406,0,-10,15
1778,253.74,27360,333.98,333.36,-0.62,-18.7,-18.7,0.0,-0.0,-0.0,-0.0,2381,1315,0,-8,16
1779,253.91,27352,333.89,333.28,-0.61,-18.3,-18.3,0.0,0.0,-0.0,-0.0,2281,1213,0,-5,17
1780,254.01,27349,333.85,333.23,-0.62,-18.7,-18.7,0.0,0.0,-0.0,-0.0,2243,1172,0,-4,18
1781,254.17,27345,333.80,333.15,-0.66,-19.8,-19.8,0.0,-0.0,-0.0,-0.0,2193,1133,0,-3,19
1782,254.35,27338,333.72,333.06,-0.66,-19.8,-19.8,0.0,-0.0,-0.0,-0.0,2106,1042,0,-1,19
1783,254.43,27334,333.67,333.02,-0.65,-19.4,-19.4,0.0,-0.0,-0.0,-0.0,2056,992,0,1,19
1784,254.61,27325,333.56,332.93,-0.62,-18.7,-18.7,0.0,-0.0,-0.0,-0.0,1943,881,0,4,18
1785,254.77,27316,333.45,332.85,-0.60,-17.9,-17.9,0.0,0.0,-0.0,-0.0,1831,762,0,7,16
1786,254.86,27313,333.41,332.80,-0.61,-18.3,-18.3,0.0,0.0,-0.0,-0.0,1793,718,0,8,16
1787,255.03,27307,333.34,332.72,-0.62,-18.7,-18.7,0.0,0.0,-0.0,-0.0,1718,651,0,10,15
1788,255.20,27300,333.25,332.64,-0.62,-18.7,-18.7,0.0,0.0,-0.0,-0.0,1631,564,0,12,14
1789,255.29,27294,333.18,332.59,-0.59,-17.6,-17.6,0.0,0.0,-0.0,-0.0,1556,479,0,13,11
1790,255.46,27292,333.15,332.50,-0.65,-19.4,-19.4,0.0,-0.0,-0.0,-0.0,1531,473,0,14,12
1791,255.64,27283,333.04,332.41,-0.63,-19.0,-19.0,0.0,-0.0,-0.0,-0.0,1418,356,0,16,10
1792,255.73,27278,332.98,332.37,-0.61,-18.3,-18.3,0.0,0.0,-0.0,-0.0,1356,287,0,16,8
1793,255.89,27273,332.92,332.29,-0.63,-19.0,-19.0,0.0,-0.0,-0.0,-0.0,1293,230,0,17,6
1794,256.06,27265,332.82,332.20,-0.62,-18.7,-18.7,0.0,-0.0,-0.0,-0.0,1193,128,0,18,4
1795,256.15,27262,332.79,332.16,-0.63,-19.0,-19.0,0.0,0.0,-0.0,-0.0,1156,87,0,18,2
1796,256.32,27255,332.70,332.07,-0.62,-18.7,-18.7,0.0,0.0,-0.0,-0.0,1068,3,0,18,0
1797,256.41,27251,332.65,332.03,-0.62,-18.7,-18.7,0.0,-0.0,-0.0,-0.0,1018,4046,0,18,-1
1798,256.58,27247,332.60,331.94,-0.66,-19.8,-19.8,0.0,-0.0,-0.0,-0.0,968,4002,0,19,-3
1799,256.75,27236,332.47,331.86,-0.61,-18.3,-18.3,0.0,0.0,-0.0,-0.0,831,3862,0,17,-6
1800,256.84,27234,332.45,331.81,-0.63,-19.0,-19.0,0.0,0.0,-0.0,-0.0,806,3835,0,17,-7
1801,257.01,27226,332.35,331.73,-0.62,-18.7,-18.7,0.0,0.0,-0.0,-0.0,706,3738,0,15,-9
1802,257.17,27218,332.25,331.65,-0.61,-18.3,-18.3,0.0,0.0,-0.0,-0.0,606,3632,0,13,-12
1803,257.35,27215,332.21,331.56,-0.66,-19.8,-19.8,0.0,-0.0,-0.0,-0.0,568,3599,0,14,-13
1804,257.44,27210,332.15,331.52,-0.63,-19.0,-19.0,0.0,-0.0,-0.0,-0.0,506,3538,0,12,-14
1805,257.61,27200,332.03,331.43,-0.60,-17.9,-17.9,0.0,0.0,-0.0,-0.0,381,3406,0,9,-15
1806,257.70,27199,332.02,331.38,-0.63,-19.0,-19.0,0.0,-0.0,-0.0,-0.0,368,3399,0,9,-16
1807,257.87,27194,331.96,331.30,-0.66,-19.8,-19.8,0.0,-0.0,-0.0,-0.0,306,3343,0,8,-18
1808,258.04,27186,331.86,331.21,-0.65,-19.4,-19.4,0.0,0.0,-0.0,-0.0,206,3235,0,5,-18
1809,258.13,27184,331.84,331.17,-0.66,-19.8,-19.8,0.0,-0.0,-0.0,-0.0,181,3213,0,4,-19
1810,258.30,27175,331.73,331.09,-0.63,-19.0,-19.0,0.0,-0.0,-0.0,-0.0,68,3103,0,1,-18
1811,258.47,27166,331.62,331.00,-0.61,-18.3,-18.3,0.0,0.0,-0.0,-0.0,4052,2983,0,-2,-18
1812,258.56,27163,331.58,330.96,-0.62,-18.7,-18.7,0.0,0.0,-0.0,-0.0,4014,2943,0,-4,-18
1813,258.72,27154,331.47,330.87,-0.60,-17.9,-17.9,0.0,0.0,-0.0,-0.0,3902,2832,0,-6,-16
1814,258.88,27149,331.41,330.79,-0.62,-18.7,-18.7,0.0,0.0,-0.0,-0.0,3839,2772,0,-8,-16
1815,259.05,27142,331.32,330.71,-0.61,-18.3,-18.3,0.0,0.0,-0.0,-0.0,3752,2685,0,-10,-15
1816,259.14,27140,331.30,330.66,-0.63,-19.0,-19.0,0.0,-0.0,-0.0,-0.0,3727,2661,0,-11,-15
1817,259.32,27126,331.13,330.58,-0.55,-16.5,-16.5,0.0,0.0,-0.0,-0.0,3552,2475,0,-13,-10
1818,259.48,27122,331.08,330.49,-0.59,-17.6,-17.6,0.0,0.0,-0.0,-0.0,3502,2434,0,-14,-10
1819,259.56,27118,331.03,330.45,-0.57,-17.2,-17.2,0.0,0.0,-0.0,-0.0,3452,2386,0,-14,-8
1820,259.73,27113,330.97,330.37,-0.60,-17.9,-17.9,0.0,0.0,-0.0,-0.0,3389,2323,0,-16,-7
1821,259.91,27105,330.87,330.28,-0.59,-17.6,-17.6,0.0,0.0,-0.0,-0.0,3289,2223,0,-16,-5
1822,259.99,27103,330.85,330.24,-0.61,-18.3,-18.3,0.0,-0.0,-0.0,-0.0,3264,2207,0,-17,-4
1823,260.15,27097,330.77,330.16,-0.62,-18.7,-18.7,0.0,-0.0,-0.0,-0.0,3189,2129,0,-18,-2
1824,260.33,27087,330.65,330.07,-0.59,-17.6,-17.6,0.0,0.0,-0.0,-0.0,3064,1996,0,-17,1
1825,260.42,27081,330.58,330.03,-0.55,-16.5,-16.5,0.0,0.0,-0.0,-0.0,2989,1912,0,-16,3
1826,260.59,27075,330.51,329.94,-0.56,-16.8,-16.8,0.0,0.0,-0.0,-0.0,2914,1847,0,-16,5
1827,260.75,27070,330.44,329.86,-0.59,-17.6,-17.6,0.0,0.0,-0.0,-0.0,2852,1787,0,-16,7
1828,260.84,27067,330.41,329.81,-0.60,-17.9,-17.9,0.0,0.0,-0.0,-0.0,2814,1743,0,-16,8
1829,261.01,27058,330.30,329.73,-0.57,-17.2,-17.2,0.0,0.0,-0.0,-0.0,2702,1637,0,-13,10
1830,261.18,27050,330.20,329.65,-0.55,-16.5,-16.5,0.0,0.0,-0.0,-0.0,2602,1536,0,-11,11
1831,261.27,27046,330.15,329.60,-0.55,-16.5,-16.5,0.0,0.0,-0.0,-0.0,2552,1479,0,-10,12
1832,261.44,27040,330.08,329.51,-0.56,-16.8,-16.8,0.0,0.0,-0.0,-0.0,2477,1410,0,-9,14
1833,261.62,27030,329.96,329.43,-0.52,-15.8,-15.8,0.0,0.0,-0.0,-0.0,2352,1278,0,-6,14
1834,261.71,27028,329.93,329.38,-0.55,-16.5,-16.5,0.0,0.0,-0.0,-0.0,2327,1255,0,-6,15
1835,261.88,27021,329.85,329.30,-0.55,-16.5,-16.5,0.0,0.0,-0.0,-0.0,2239,1173,0,-4,16
1836,262.05,27012,329.74,329.21,-0.52,-15.8,-15.8,0.0,0.0,-0.0,-0.0,2127,1058,0,-1,15
1837,262.14,27010,329.71,329.17,-0.55,-16.5,-16.5,0.0,0.0,-0.0,-0.0,2102,1031,0,0,16
1838,262.31,27005,329.65,329.08,-0.57,-17.2,-17.2,0.0,-0.0,-0.0,-0.0,2039,978,0,1,17
1839,262.48,26994,329.52,329.00,-0.52,-15.8,-15.8,0.0,0.0,-0.0,-0.0,1902,839,0,4,15
1840,262.57,26991,329.48,328.95,-0.52,-15.8,-15.8,0.0,0.0,-0.0,-0.0,1864,794,0,5,14
1841,262.74,26984,329.39,328.86,-0.52,-15.8,-15.8,0.0,0.0,-0.0,-0.0,1777,714,0,7,14
1842,262.90,26976,329.30,328.78,-0.51,-15.4,-15.4,0.0,0.0,-0.0,-0.0,1677,608,0,9,12
1843,262.99,26972,329.25,328.74,-0.51,-15.4,-15.4,0.0,0.0,-0.0,-0.0,1627,549,0,10,11
1844,263.15,26969,329.21,328.66,-0.55,-16.5,-16.5,0.0,-0.0,-0.0,-0.0,1589,529,0,11,12
1845,263.33,26955,329.04,328.57,-0.48,-14.3,-14.3,0.0,0.0,-0.0,-0.0,1414,340,0,12,7
1846,263.41,26951,328.99,328.53,-0.46,-13.9,-13.9,0.0,0.0,-0.0,-0.0,1364,290,0,12,6
1847,263.59,26947,328.94,328.44,-0.50,-15.0,-15.0,0.0,0.0,-0.0,-0.0,1314,244,0,14,5
1848,263.76,26937,328.82,328.36,-0.46,-13.9,-13.9,0.0,0.0,-0.0,-0.0,1189,118,0,13,2
1849,263.84,26936,328.81,328.31,-0.50,-15.0,-15.0,0.0,0.0,-0.0,-0.0,1177,103,0,14,2
1850,264.02,26930,328.74,328.23,-0.51,-15.4,-15.4,0.0,-0.0,-0.0,-0.0,1102,40,0,15,1
1851,264.18,26926,328.69,328.14,-0.55,-16.5,-16.5,0.0,-0.0,-0.0,-0.0,1052,4089,0,16,0
1852,264.27,26923,328.65,328.10,-0.55,-16.5,-16.5,0.0,-0.0,-0.0,-0.0,1014,4048,0,16,-1
1853,264.44,26914,328.54,328.01,-0.52,-15.8,-15.8,0.0,-0.0,-0.0,-0.0,902,3941,0,15,-4
1854,264.61,26909,328.48,327.93,-0.55,-16.5,-16.5,0.0,-0.0,-0.0,-0.0,839,3877,0,15,-5
1855,264.70,26905,328.43,327.88,-0.55,-16.5,-16.5,0.0,-0.0,-0.0,-0.0,789,3821,0,15,-7
1856,264.86,26899,328.36,327.80,-0.55,-16.5,-16.5,0.0,0.0,-0.0,-0.0,714,3748,0,14,-8
1857,265.03,26893,328.28,327.72,-0.56,-16.8,-16.8,0.0,-0.0,-0.0,-0.0,639,3674,0,13,-10
1858,265.11,26889,328.23,327.68,-0.56,-16.8,-16.8,0.0,-0.0,-0.0,-0.0,589,3622,0,12,-11
1859,265.28,26881,328.14,327.59,-0.55,-16.5,-16.5,0.0,0.0,-0.0,-0.0,489,3520,0,10,-12
1860,265.45,26875,328.06,327.51,-0.55,-16.5,-16.5,0.0,0.0,-0.0,-0.0,414,3447,0,9,-13
1861,265.62,26867,327.97,327.42,-0.54,-16.1,-16.1,0.0,0.0,-0.0,-0.0,314,3339,0,6,-14
1862,265.71,26864,327.93,327.38,-0.55,-16.5,-16.5,0.0,0.0,-0.0,-0.0,277,3302,0,6,-15
1863,265.88,26859,327.87,327.29,-0.57,-17.2,-17.2,0.0,-0.0,-0.0,-0.0,214,3250,0,4,-16
1864,265.98,26855,327.82,327.25,-0.57,-17.2,-17.2,0.0,-0.0,-0.0,-0.0,164,3193,0,3,-16
1865,266.14,26847,327.72,327.16,-0.56,-16.8,-16.8,0.0,-0.0,-0.0,-0.0,64,3095,0,1,-16
1866,266.30,26841,327.65,327.08,-0.56,-16.8,-16.8,0.0,-0.0,-0.0,-0.0,4085,3022,0,-1,-16
1867,266.47,26834,327.56,327.00,-0.56,-16.8,-16.8,0.0,0.0,-0.0,-0.0,3998,2934,0,-3,-16
1868,266.56,26831,327.53,326.96,-0.57,-17.2,-17.2,0.0,0.0,-0.0,-0.0,3960,2893,0,-5,-16
1869,266.73,26824,327.44,326.87,-0.57,-17.2,-17.2,0.0,-0.0,-0.0,-0.0,3873,2815,0,-6,-15
1870,266.91,26816,327.34,326.78,-0.56,-16.8,-16.8,0.0,0.0,-0.0,-0.0,3773,2706,0,-9,-14
1871,266.99,26814,327.32,326.74,-0.59,-17.6,-17.6,0.0,-0.0,-0.0,-0.0,3748,2683,0,-10,-14
1872,267.16,26805,327.21,326.66,-0.55,-16.5,-16.5,0.0,0.0,-0.0,-0.0,3635,2570,0,-11,-11
1873,267.33,26801,327.16,326.57,-0.59,-17.6,-17.6,0.0,-0.0,-0.0,-0.0,3585,2520,0,-13,-11
1874,267.41,26795,327.09,326.53,-0.56,-16.8,-16.8,0.0,0.0,-0.0,-0.0,3510,2442,0,-13,-9
1875,267.59,26790,327.03,326.44,-0.59,-17.6,-17.6,0.0,-0.0,-0.0,-0.0,3448,2383,0,-15,-8
1876,267.68,26787,326.99,326.39,-0.60,-17.9,-17.9,0.0,-0.0,-0.0,-0.0,3410,2343,0,-16,-8
1877,267.85,26782,326.93,326.31,-0.62,-18.7,-18.7,0.0,-0.0,-0.0,-0.0,3348,2291,0,-17,-7
1878,268.02,26772,326.81,326.23,-0.59,-17.6,-17.6,0.0,0.0,-0.0,-0.0,3223,2156,0,-17,-3
1879,268.19,26764,326.71,326.14,-0.57,-17.2,-17.2,0.0,-0.0,-0.0,-0.0,3123,2060,0,-17,0
1880,268.28,26762,326.68,326.10,-0.59,-17.6,-17.6,0.0,0.0,-0.0,-0.0,3098,2029,0,-17,0
1881,268.43,26758,326.64,326.02,-0.62,-18.7,-18.7,0.0,-0.0,-0.0,-0.0,3048,1985,0,-18,2
1882,268.60,26748,326.51,325.93,-0.57,-17.2,-17.2,0.0,0.0,-0.0,-0.0,2923,1856,0,-16,5
1883,268.69,26747,326.50,325.89,-0.61,-18.3,-18.3,0.0,-0.0,-0.0,-0.0,2910,1845,0,-17,5
1884,268.85,26744,326.46,325.81,-0.66,-19.8,-19.8,0.0,-0.0,-0.0,-0.0,2873,1819,0,-18,7
1885,269.03,26732,326.32,325.72,-0.60,-17.9,-17.9,0.0,0.0,-0.0,-0.0,2723,1656,0,-14,10
1886,269.11,26727,326.26,325.68,-0.57,-17.2,-17.2,0.0,0.0,-0.0,-0.0,2660,1588,0,-13,11
1887,269.28,26720,326.17,325.60,-0.57,-17.2,-17.2,0.0,0.0,-0.0,-0.0,2573,1510,0,-11,12
1888,269.45,26717,326.14,325.51,-0.62,-18.7,-18.7,0.0,0.0,-0.0,-0.0,2535,1468,0,-11,14
1889,269.62,26709,326.04,325.42,-0.61,-18.3,-18.3,0.0,0.0,-0.0,-0.0,2435,1365,0,-9,15
1890,269.71,26707,326.01,325.38,-0.63,-19.0,-19.0,0.0,-0.0,-0.0,-0.0,2410,1348,0,-9,16
1891,269.88,26698,325.90,325.30,-0.61,-18.3,-18.3,0.0,-0.0,-0.0,-0.0,2298,1236,0,-6,17
1892,269.97,26695,325.87,325.25,-0.62,-18.7,-18.7,0.0,-0.0,-0.0,-0.0,2260,1194,0,-5,17
1893,270.14,26688,325.78,325.16,-0.62,-18.7,-18.7,0.0,0.0,-0.0,-0.0,2173,1106,0,-2,18
1894,270.31,26680,325.68,325.08,-0.61,-18.3,-18.3,0.0,0.0,-0.0,-0.0,2073,1007,0,0,18
1895,270.40,26676,325.63,325.03,-0.60,-17.9,-17.9,0.0,0.0,-0.0,-0.0,2023,951,0,2,17
1896,270.58,26671,325.57,324.95,-0.62,-18.7,-18.7,0.0,-0.0,-0.0,-0.0,1960,895,0,4,18
1897,270.75,26665,325.50,324.86,-0.63,-19.0,-19.0,0.0,-0.0,-0.0,-0.0,1885,823,0,6,18
1898,270.83,26660,325.44,324.82,-0.62,-18.7,-18.7,0.0,0.0,-0.0,-0.0,1823,755,0,7,17
1899,271.01,26653,325.35,324.73,-0.62,-18.7,-18.7,0.0,-0.0,-0.0,-0.0,1735,672,0,9,16
1900,271.16,26649,325.31,324.65,-0.65,-19.4,-19.4,0.0,-0.0,-0.0,-0.0,1685,625,0,11,15
1901,271.25,26644,325.24,324.61,-0.63,-19.0,-19.0,0.0,-0.0,-0.0,-0.0,1623,555,0,12,14
1902,271.42,26635,325.13,324.52,-0.61,-18.3,-18.3,0.0,0.0,-0.0,-0.0,1510,443,0,14,11
1903,271.60,26629,325.06,324.44,-0.62,-18.7,-18.7,0.0,0.0,-0.0,-0.0,1435,367,0,15,10
1904,271.75,26620,324.95,324.36,-0.60,-17.9,-17.9,0.0,0.0,-0.0,-0.0,1323,252,0,16,7
1905,271.84,26617,324.91,324.32,-0.60,-17.9,-17.9,0.0,0.0,-0.0,-0.0,1285,212,0,16,6
1906,272.01,26612,324.85,324.23,-0.62,-18.7,-18.7,0.0,-0.0,-0.0,-0.0,1223,158,0,18,4
1907,272.17,26608,324.80,324.15,-0.66,-19.8,-19.8,0.0,-0.0,-0.0,-0.0,1173,116,0,19,3
1908,272.26,26603,324.74,324.10,-0.63,-19.0,-19.0,0.0,-0.0,-0.0,-0.0,1110,43,0,18,1
1909,272.43,26592,324.61,324.02,-0.59,-17.6,-17.6,0.0,0.0,-0.0,-0.0,973,4005,0,17,-2
1910,272.60,26589,324.57,323.93,-0.63,-19.0,-19.0,0.0,-0.0,-0.0,-0.0,935,3972,0,18,-3
1911,272.68,26586,324.54,323.90,-0.63,-19.0,-19.0,0.0,-0.0,-0.0,-0.0,898,3933,0,18,-5
1912,272.84,26578,324.44,323.81,-0.62,-18.7,-18.7,0.0,0.0,-0.0,-0.0,798,3828,0,17,-7
1913,273.00,26572,324.37,323.73,-0.63,-19.0,-19.0,0.0,0.0,-0.0,-0.0,723,3755,0,16,-9
1914,273.17,26569,324.33,323.65,-0.68,-20.5,-20.5,0.0,-0.0,-0.0,-0.0,685,3724,0,17,-11
1915,273.26,26566,324.29,323.60,-0.68,-20.5,-20.5,0.0,-0.0,-0.0,-0.0,648,3684,0,16,-12
1916,273.43,26556,324.17,323.52,-0.65,-19.4,-19.4,0.0,-0.0,-0.0,-0.0,523,3558,0,13,-14
1917,273.59,26547,324.06,323.44,-0.62,-18.7,-18.7,0.0,0.0,-0.0,-0.0,410,3440,0,10,-15
1918,273.68,26543,324.01,323.39,-0.62,-18.7,-18.7,0.0,0.0,-0.0,-0.0,360,3385,0,8,-16
1919,273.85,26536,323.93,323.31,-0.62,-18.7,-18.7,0.0,0.0,-0.0,-0.0,273,3295,0,6,-17
1920,274.03,26528,323.83,323.22,-0.61,-18.3,-18.3,0.0,0.0,-0.0,-0.0,173,3200,0,3,-17
1921,274.12,26525,323.79,323.18,-0.61,-18.3,-18.3,0.0,0.0,-0.0,-0.0,135,3159,0,2,-18
1922,274.29,26518,323.71,323.09,-0.62,-18.7,-18.7,0.0,0.0,-0.0,-0.0,48,3078,0,0,-18
1923,274.46,26512,323.63,323.00,-0.63,-19.0,-19.0,0.0,-0.0,-0.0,-0.0,4069,3004,0,-2,-18
1924,274.55,26510,323.61,322.96,-0.65,-19.4,-19.4,0.0,-0.0,-0.0,-0.0,4044,2981,0,-3,-19
1925,274.72,26500,323.49,322.87,-0.61,-18.3,-18.3,0.0,0.0,-0.0,-0.0,3919,2856,0,-6,-17
1926,274.89,26493,323.40,322.79,-0.61,-18.3,-18.3,0.0,0.0,-0.0,-0.0,3831,2764,0,-8,-16
1927,274.98,26491,323.38,322.74,-0.63,-19.0,-19.0,0.0,-0.0,-0.0,-0.0,3806,2740,0,-9,-16
1928,275.15,26480,323.24,322.66,-0.59,-17.6,-17.6,0.0,0.0,-0.0,-0.0,3669,2600,0,-11,-13
1929,275.32,26473,323.16,322.57,-0.59,-17.6,-17.6,0.0,0.0,-0.0,-0.0,3581,2511,0,-13,-11
1930,275.40,26469,323.11,322.53,-0.57,-17.2,-17.2,0.0,0.0,-0.0,-0.0,3531,2460,0,-13,-10
1931,275.58,26462,323.02,322.44,-0.57,-17.2,-17.2,0.0,0.0,-0.0,-0.0,3444,2371,0,-15,-8
1932,275.75,26455,322.94,322.36,-0.57,-17.2,-17.2,0.0,0.0,-0.0,-0.0,3356,2288,0,-16,-6
1933,275.83,26453,322.91,322.32,-0.60,-17.9,-17.9,0.0,-0.0,-0.0,-0.0,3331,2267,0,-16,-6
1934,276.00,26444,322.80,322.23,-0.57,-17.2,-17.2,0.0,0.0,-0.0,-0.0,3219,2151,0,-16,-3
1935,276.17,26435,322.69,322.15,-0.54,-16.1,-16.1,0.0,0.0,-0.0,-0.0,3106,2036,0,-16,0
1936,276.25,26433,322.67,322.11,-0.56,-16.8,-16.8,0.0,0.0,-0.0,-0.0,3081,2011,0,-16,1
1937,276.43,26428,322.61,322.02,-0.59,-17.6,-17.6,0.0,-0.0,-0.0,-0.0,3019,1956,0,-17,2
1938,276.59,26419,322.50,321.94,-0.56,-16.8,-16.8,0.0,0.0,-0.0,-0.0,2906,1841,0,-16,5
1939,276.68,26416,322.46,321.89,-0.56,-16.8,-16.8,0.0,0.0,-0.0,-0.0,2869,1800,0,-15,6
1940,276.84,26409,322.38,321.81,-0.56,-16.8,-16.8,0.0,-0.0,-0.0,-0.0,2781,1721,0,-14,8
1941,277.01,26404,322.31,321.73,-0.59,-17.6,-17.6,0.0,0.0,-0.0,-0.0,2719,1652,0,-14,10
1942,277.10,26398,322.24,321.68,-0.56,-16.8,-16.8,0.0,0.0,-0.0,-0.0,2644,1572,0,-12,11
1943,277.28,26389,322.13,321.59,-0.54,-16.1,-16.1,0.0,0.0,-0.0,-0.0,2531,1460,0,-10,12
1944,277.45,26380,322.02,321.51,-0.51,-15.4,-15.4,0.0,0.0,-0.0,-0.0,2419,1346,0,-7,13
1945,277.54,26377,321.98,321.47,-0.52,-15.8,-15.8,0.0,0.0,-0.0,-0.0,2381,1306,0,-6,14
1946,277.71,26372,321.92,321.38,-0.54,-16.1,-16.1,0.0,0.0,-0.0,-0.0,2319,1251,0,-5,15
1947,277.88,26364,321.83,321.30,-0.52,-15.8,-15.8,0.0,0.0,-0.0,-0.0,2219,1151,0,-3,15
1948,277.97,26358,321.75,321.25,-0.50,-15.0,-15.0,0.0,0.0,-0.0,-0.0,2144,1069,0,-1,15
1949,278.13,26350,321.66,321.17,-0.49,-14.6,-14.6,0.0,0.0,-0.0,-0.0,2044,977,0,1,14
1950,278.31,26344,321.58,321.08,-0.50,-15.0,-15.0,0.0,0.0,-0.0,-0.0,1969,900,0,3,14
1951,278.39,26340,321.53,321.04,-0.50,-15.0,-15.0,0.0,0.0,-0.0,-0.0,1919,846,0,4,14
1952,278.57,26334,321.46,320.95,-0.50,-15.0,-15.0,0.0,0.0,-0.0,-0.0,1844,777,0,5,14
1953,278.73,26328,321.39,320.87,-0.52,-15.8,-15.8,0.0,-0.0,-0.0,-0.0,1769,708,0,7,13
1954,278.82,26324,321.34,320.82,-0.51,-15.4,-15.4,0.0,-0.0,-0.0,-0.0,1719,654,0,8,13
1955,278.99,26318,321.26,320.74,-0.52,-15.8,-15.8,0.0,-0.0,-0.0,-0.0,1644,583,0,10,12
1956,279.17,26308,321.14,320.65,-0.49,-14.6,-14.6,0.0,0.0,-0.0,-0.0,1519,453,0,11,9
1957,279.25,26304,321.09,320.61,-0.49,-14.6,-14.6,0.0,0.0,-0.0,-0.0,1469,398,0,12,8
1958,279.42,26300,321.04,320.52,-0.52,-15.8,-15.8,0.0,0.0,-0.0,-0.0,1419,355,0,13,8
1959,279.58,26294,320.97,320.44,-0.52,-15.8,-15.8,0.0,0.0,-0.0,-0.0,1344,282,0,14,6
1960,279.67,26290,320.92,320.40,-0.52,-15.8,-15.8,0.0,0.0,-0.0,-0.0,1294,224,0,14,5
1961,279.84,26287,320.89,320.31,-0.57,-17.2,-17.2,0.0,-0.0,-0.0,-0.0,1256,202,0,16,5
1962,280.01,26278,320.78,320.23,-0.55,-16.5,-16.5,0.0,-0.0,-0.0,-0.0,1144,81,0,16,2
1963,280.09,26273,320.72,320.19,-0.52,-15.8,-15.8,0.0,0.0,-0.0,-0.0,1081,15,0,15,0
1964,280.26,26268,320.65,320.10,-0.55,-16.5,-16.5,0.0,-0.0,-0.0,-0.0,1019,4053,0,16,-1
1965,280.42,26260,320.56,320.02,-0.54,-16.1,-16.1,0.0,0.0,-0.0,-0.0,919,3949,0,15,-3
1966,280.59,26251,320.45,319.94,-0.51,-15.4,-15.4,0.0,0.0,-0.0,-0.0,806,3830,0,14,-6
1967,280.68,26248,320.41,319.89,-0.51,-15.4,-15.4,0.0,0.0,-0.0,-0.0,769,3792,0,13,-7
1968,280.85,26242,320.34,319.81,-0.52,-15.8,-15.8,0.0,0.0,-0.0,-0.0,694,3724,0,13,-8
1969,281.02,26239,320.30,319.72,-0.57,-17.2,-17.2,0.0,-0.0,-0.0,-0.0,656,3691,0,14,-10
1970,281.10,26234,320.24,319.68,-0.56,-16.8,-16.8,0.0,-0.0,-0.0,-0.0,594,3627,0,12,-11
1971,281.27,26230,320.19,319.60,-0.59,-17.6,-17.6,0.0,-0.0,-0.0,-0.0,544,3588,0,12,-12
1972,281.43,26220,320.07,319.52,-0.55,-16.5,-16.5,0.0,-0.0,-0.0,-0.0,419,3453,0,9,-13
1973,281.52,26217,320.03,319.47,-0.56,-16.8,-16.8,0.0,-0.0,-0.0,-0.0,381,3414,0,8,-14
1974,281.70,26209,319.93,319.38,-0.55,-16.5,-16.5,0.0,0.0,-0.0,-0.0,281,3309,0,6,-15
1975,281.85,26207,319.91,319.31,-0.60,-17.9,-17.9,0.0,-0.0,-0.0,-0.0,256,3293,0,6,-16
1976,282.02,26201,319.84,319.22,-0.61,-18.3,-18.3,0.0,-0.0,-0.0,-0.0,181,3215,0,4,-17
1977,282.11,26197,319.79,319.18,-0.61,-18.3,-18.3,0.0,-0.0,-0.0,-0.0,131,3168,0,3,-18
1978,282.28,26189,319.69,319.10,-0.60,-17.9,-17.9,0.0,-0.0,-0.0,-0.0,31,3068,0,0,-17
1979,282.43,26183,319.62,319.02,-0.60,-17.9,-17.9,0.0,-0.0,-0.0,-0.0,4052,2989,0,-2,-17
1980,282.52,26179,319.57,318.97,-0.60,-17.9,-17.9,0.0,0.0,-0.0,-0.0,4002,2932,0,-4,-17
1981,282.69,26173,319.49,318.89,-0.61,-18.3,-18.3,0.0,0.0,-0.0,-0.0,3927,2862,0,-6,-17
1982,282.86,26170,319.46,318.81,-0.65,-19.4,-19.4,0.0,-0.0,-0.0,-0.0,3890,2835,0,-7,-18
1983,282.95,26165,319.40,318.76,-0.63,-19.0,-19.0,0.0,-0.0,-0.0,-0.0,3827,2763,0,-8,-16
1984,283.12,26159,319.32,318.68,-0.65,-19.4,-19.4,0.0,-0.0,-0.0,-0.0,3752,2694,0,-10,-16
1985,283.28,26152,319.24,318.59,-0.65,-19.4,-19.4,0.0,-0.0,-0.0,-0.0,3665,2603,0,-12,-14
1986,283.45,26144,319.14,318.51,-0.63,-19.0,-19.0,0.0,0.0,-0.0,-0.0,3565,2499,0,-14,-12
1987,283.55,26139,319.08,318.46,-0.61,-18.3,-18.3,0.0,0.0,-0.0,-0.0,3502,2429,0,-15,-10
1988,283.71,26133,319.01,318.38,-0.62,-18.7,-18.7,0.0,0.0,-0.0,-0.0,3427,2361,0,-16,-8
1989,283.88,26127,318.93,318.29,-0.63,-19.0,-19.0,0.0,-0.0,-0.0,-0.0,3352,2288,0,-17,-7
1990,283.97,26123,318.88,318.25,-0.63,-19.0,-19.0,0.0,0.0,-0.0,-0.0,3302,2230,0,-18,-5
1991,284.14,26117,318.81,318.16,-0.65,-19.4,-19.4,0.0,-0.0,-0.0,-0.0,3227,2164,0,-19,-3
1992,284.23,26115,318.79,318.12,-0.67,-20.1,-20.1,0.0,-0.0,-0.0,-0.0,3202,2140,0,-19,-3
1993,284.39,26108,318.70,318.04,-0.66,-19.8,-19.8,0.0,-0.0,-0.0,-0.0,3115,2054,0,-19,0
1994,284.56,26101,318.62,317.96,-0.66,-19.8,-19.8,0.0,-0.0,-0.0,-0.0,3027,1965,0,-19,2
1995,284.73,26093,318.52,317.87,-0.65,-19.4,-19.4,0.0,0.0,-0.0,-0.0,2927,1864,0,-18,5
1996,284.82,26089,318.47,317.82,-0.65,-19.4,-19.4,0.0,0.0,-0.0,-0.0,2877,1809,0,-18,7
1997,284.99,26080,318.36,317.74,-0.62,-18.7,-18.7,0.0,0.0,-0.0,-0.0,2765,1695,0,-16,9
1998,285.15,26076,318.31,317.66,-0.66,-19.8,-19.8,0.0,0.0,-0.0,-0.0,2715,1650,0,-16,11
1999,285.25,26072,318.26,317.61,-0.65,-19.4,-19.4,0.0,0.0,-0.0,-0.0,2665,1593,0,-14,12
