Sample,Timestamp,Raw Encoder Reading,Measured Motor Steps,Target Motor Steps,Current Error,PID Control Signal,PID P Term,PID I Term,PID D Term,PID V Term,PID A Term,Measured Step Phase,Desired Step Phase,Phase Shift,Coil A Current,Coil B Current
0,0.04,33598,410.13,410.25,0.12,13.6,13.6,0.0,-0.0,-0.0,-0.0,2532,3558,0,9,-10
1,0.20,33596,410.11,410.25,0.15,16.4,16.4,0.0,0.0,-0.0,-0.0,2507,3531,0,10,-12
2,0.36,33598,410.13,410.25,0.12,13.6,13.6,0.0,0.0,-0.0,-0.0,2532,3556,0,9,-10
3,0.53,33599,410.14,410.25,0.11,12.3,12.3,0.0,-0.0,-0.0,-0.0,2544,3570,0,8,-9
4,0.69,33599,410.14,410.25,0.11,12.3,12.3,0.0,-0.0,-0.0,-0.0,2544,3570,0,8,-9
5,0.77,33599,410.14,410.25,0.11,12.3,12.3,0.0,-0.0,-0.0,-0.0,2544,3570,0,8,-9
6,0.93,33599,410.14,410.25,0.11,12.3,12.3,0.0,-0.0,-0.0,-0.0,2544,3573,0,8,-9
7,1.09,33601,410.17,410.25,0.09,9.5,9.5,0.0,-0.0,-0.0,-0.0,2569,3596,0,7,-6
8,1.25,33601,410.17,410.25,0.09,9.5,9.5,0.0,-0.0,-0.0,-0.0,2569,3596,0,7,-6
9,1.33,33601,410.17,410.25,0.09,9.5,9.5,0.0,-0.0,-0.0,-0.0,2569,3596,0,7,-6
10,1.49,33600,410.16,410.25,0.09,9.5,9.5,0.0,-0.0,-0.0,-0.0,2557,3583,0,7,-7
11,1.65,33600,410.16,410.25,0.09,9.5,9.5,0.0,0.0,-0.0,-0.0,2557,3579,0,6,-7
12,1.81,33600,410.16,410.25,0.09,9.5,9.5,0.0,0.0,-0.0,-0.0,2557,3580,0,6,-7
13,1.97,33600,410.16,410.25,0.09,9.5,9.5,0.0,0.0,-0.0,-0.0,2557,3579,0,6,-7
14,2.05,33599,410.14,410.24,0.10,10.9,10.9,0.0,0.0,-0.0,-0.0,2544,3566,0,7,-8
15,2.22,33599,410.14,410.24,0.10,10.9,10.9,0.0,0.0,-0.0,-0.0,2544,3567,0,7,-8
16,2.38,33597,410.12,410.24,0.12,13.6,13.6,0.0,0.0,-0.0,-0.0,2519,3539,0,9,-10
17,2.47,33597,410.12,410.24,0.12,13.6,13.6,0.0,0.0,-0.0,-0.0,2519,3538,0,9,-10
18,2.63,33596,410.11,410.24,0.13,15.0,15.0,0.0,0.0,-0.0,-0.0,2507,3525,0,9,-11
19,2.79,33596,410.11,410.24,0.13,15.0,15.0,0.0,0.0,-0.0,-0.0,2507,3527,0,9,-11
20,2.95,33596,410.11,410.24,0.13,15.0,15.0,0.0,0.0,-0.0,-0.0,2507,3528,0,9,-11
21,3.03,33597,410.12,410.24,0.12,13.6,13.6,0.0,0.0,-0.0,-0.0,2519,3543,0,9,-10
22,3.20,33597,410.12,410.24,0.12,13.6,13.6,0.0,0.0,-0.0,-0.0,2519,3543,0,9,-10
23,3.36,33598,410.13,410.24,0.11,12.3,12.3,0.0,-0.0,-0.0,-0.0,2532,3559,0,8,-9
24,3.52,33599,410.14,410.23,0.09,9.5,9.5,0.0,-0.0,-0.0,-0.0,2544,3572,0,6,-7
25,3.68,33593,410.07,410.23,0.16,17.7,17.7,0.0,0.0,-0.0,-0.0,2469,3487,0,10,-14
26,3.76,33593,410.07,410.23,0.16,17.7,17.7,0.0,0.0,-0.0,-0.0,2469,3487,0,10,-14
27,3.92,33594,410.08,410.23,0.15,16.4,16.4,0.0,0.0,-0.0,-0.0,2482,3502,0,10,-13
28,4.08,33594,410.08,410.23,0.15,16.4,16.4,0.0,0.0,-0.0,-0.0,2482,3498,0,10,-13
29,4.24,33594,410.08,410.23,0.15,16.4,16.4,0.0,0.0,-0.0,-0.0,2482,3505,0,10,-12
30,4.33,33594,410.08,410.23,0.15,16.4,16.4,0.0,-0.0,-0.0,-0.0,2482,3508,0,10,-12
31,4.49,33594,410.08,410.22,0.15,16.4,16.4,0.0,0.0,-0.0,-0.0,2482,3506,0,10,-12
32,4.65,33595,410.10,410.22,0.12,13.6,13.6,0.0,-0.0,-0.0,-0.0,2494,3520,0,8,-10
33,4.82,33596,410.11,410.22,0.11,12.3,12.3,0.0,-0.0,-0.0,-0.0,2507,3535,0,8,-9
34,4.91,33596,410.11,410.22,0.11,12.3,12.3,0.0,-0.0,-0.0,-0.0,2507,3534,0,8,-9
35,5.06,33595,410.10,410.22,0.12,13.6,13.6,0.0,-0.0,-0.0,-0.0,2494,3519,0,8,-10
36,5.23,33596,410.11,410.22,0.11,12.3,12.3,0.0,-0.0,-0.0,-0.0,2507,3534,0,8,-9
37,5.40,33594,410.08,410.21,0.13,15.0,15.0,0.0,0.0,-0.0,-0.0,2482,3503,0,9,-11
38,5.47,33594,410.08,410.21,0.13,15.0,15.0,0.0,0.0,-0.0,-0.0,2482,3503,0,9,-11
39,5.64,33594,410.08,410.21,0.12,13.6,13.6,0.0,0.0,-0.0,-0.0,2482,3503,0,8,-10
40,5.82,33594,410.08,410.21,0.12,13.6,13.6,0.0,0.0,-0.0,-0.0,2482,3504,0,8,-10
41,5.89,33594,410.08,410.21,0.12,13.6,13.6,0.0,0.0,-0.0,-0.0,2482,3503,0,8,-10
42,6.05,33596,410.11,410.20,0.10,10.9,10.9,0.0,-0.0,-0.0,-0.0,2507,3534,0,7,-8
43,6.22,33595,410.10,410.20,0.11,12.3,12.3,0.0,-0.0,-0.0,-0.0,2494,3519,0,8,-9
44,6.31,33595,410.10,410.20,0.11,12.3,12.3,0.0,-0.0,-0.0,-0.0,2494,3520,0,8,-9
45,6.47,33595,410.10,410.20,0.10,10.9,10.9,0.0,-0.0,-0.0,-0.0,2494,3520,0,7,-8
46,6.64,33597,410.12,410.20,0.07,8.2,8.2,0.0,-0.0,-0.0,-0.0,2519,3546,0,5,-6
47,6.80,33596,410.11,410.19,0.09,9.5,9.5,0.0,0.0,-0.0,-0.0,2507,3529,0,6,-7
48,6.89,33596,410.11,410.19,0.09,9.5,9.5,0.0,-0.0,-0.0,-0.0,2507,3533,0,6,-7
49,7.06,33595,410.10,410.19,0.10,10.9,10.9,0.0,-0.0,-0.0,-0.0,2494,3518,0,7,-8
50,7.22,33597,410.12,410.19,0.06,6.8,6.8,0.0,-0.0,-0.0,-0.0,2519,3544,0,4,-5
51,7.39,33594,410.08,410.18,0.10,10.9,10.9,0.0,0.0,-0.0,-0.0,2482,3502,0,6,-8
52,7.48,33594,410.08,410.18,0.10,10.9,10.9,0.0,0.0,-0.0,-0.0,2482,3503,0,6,-8
53,7.63,33594,410.08,410.18,0.10,10.9,10.9,0.0,0.0,-0.0,-0.0,2482,3505,0,7,-8
54,7.80,33594,410.08,410.17,0.09,9.5,9.5,0.0,0.0,-0.0,-0.0,2482,3503,0,6,-7
55,7.89,33594,410.08,410.17,0.09,9.5,9.5,0.0,0.0,-0.0,-0.0,2482,3501,0,6,-7
56,8.05,33594,410.08,410.17,0.09,9.5,9.5,0.0,-0.0,-0.0,-0.0,2482,3506,0,6,-7
57,8.20,33594,410.08,410.17,0.09,9.5,9.5,0.0,-0.0,-0.0,-0.0,2482,3506,0,6,-7
58,8.37,33598,410.13,410.16,0.04,4.1,4.1,0.0,-0.0,-0.0,-0.0,2532,3559,0,3,-3
59,8.46,33597,410.12,410.16,0.04,4.1,4.1,0.0,-0.0,-0.0,-0.0,2519,3548,0,3,-3
60,8.62,33593,410.07,410.16,0.09,9.5,9.5,0.0,0.0,-0.0,-0.0,2469,3492,0,6,-7
61,8.78,33596,410.11,410.15,0.05,5.5,5.5,0.0,-0.0,-0.0,-0.0,2507,3534,0,3,-4
62,8.96,33594,410.08,410.15,0.06,6.8,6.8,0.0,0.0,-0.0,-0.0,2482,3503,0,4,-5
63,9.05,33593,410.07,410.15,0.07,8.2,8.2,0.0,0.0,-0.0,-0.0,2469,3485,0,5,-6
64,9.21,33593,410.07,410.14,0.07,8.2,8.2,0.0,-0.0,-0.0,-0.0,2469,3493,0,5,-6
65,9.37,33593,410.07,410.14,0.07,8.2,8.2,0.0,0.0,-0.0,-0.0,2469,3490,0,5,-6
66,9.53,33593,410.07,410.14,0.06,6.8,6.8,0.0,0.0,-0.0,-0.0,2469,3489,0,4,-5
67,9.61,33593,410.07,410.13,0.06,6.8,6.8,0.0,0.0,-0.0,-0.0,2469,3491,0,4,-5
68,9.77,33593,410.07,410.13,0.06,6.8,6.8,0.0,-0.0,-0.0,-0.0,2469,3493,0,4,-5
69,9.94,33593,410.07,410.13,0.06,6.8,6.8,0.0,-0.0,-0.0,-0.0,2469,3493,0,4,-5
70,10.10,33590,410.03,410.12,0.09,9.5,9.5,0.0,0.0,-0.0,-0.0,2432,3452,0,5,-8
71,10.19,33591,410.05,410.12,0.07,8.2,8.2,0.0,0.0,-0.0,-0.0,2444,3465,0,4,-7
72,10.35,33591,410.05,410.12,0.07,8.2,8.2,0.0,0.0,-0.0,-0.0,2444,3465,0,4,-7
73,10.52,33592,410.06,410.11,0.05,5.5,5.5,0.0,-0.0,-0.0,-0.0,2457,3479,0,3,-4
74,10.61,33590,410.03,410.11,0.07,8.2,8.2,0.0,0.0,-0.0,-0.0,2432,3451,0,4,-7
75,10.78,33590,410.03,410.10,0.07,8.2,8.2,0.0,-0.0,-0.0,-0.0,2432,3456,0,4,-7
76,10.94,33592,410.06,410.10,0.04,4.1,4.1,0.0,-0.0,-0.0,-0.0,2457,3483,0,2,-3
77,11.10,33592,410.06,410.10,0.04,4.1,4.1,0.0,-0.0,-0.0,-0.0,2457,3482,0,2,-3
78,11.18,33591,410.05,410.09,0.05,5.5,5.5,0.0,0.0,-0.0,-0.0,2444,3466,0,3,-4
79,11.35,33591,410.05,410.09,0.05,5.5,5.5,0.0,-0.0,-0.0,-0.0,2444,3470,0,3,-4
80,11.51,33591,410.05,410.08,0.04,4.1,4.1,0.0,-0.0,-0.0,-0.0,2444,3468,0,2,-3
81,11.67,33591,410.05,410.08,0.04,4.1,4.1,0.0,0.0,-0.0,-0.0,2444,3466,0,2,-3
82,11.75,33591,410.05,410.08,0.04,4.1,4.1,0.0,0.0,-0.0,-0.0,2444,3467,0,2,-3
83,11.91,33591,410.05,410.07,0.02,2.7,2.7,0.0,-0.0,-0.0,-0.0,2444,3468,0,2,-2
84,12.08,33589,410.02,410.07,0.05,5.5,5.5,0.0,0.0,-0.0,-0.0,2419,3440,0,3,-4
85,12.18,33589,410.02,410.07,0.05,5.5,5.5,0.0,0.0,-0.0,-0.0,2419,3440,0,3,-4
86,12.33,33589,410.02,410.06,0.04,4.1,4.1,0.0,0.0,-0.0,-0.0,2419,3440,0,2,-3
87,12.50,33591,410.05,410.06,0.01,1.4,1.4,0.0,-0.0,-0.0,-0.0,2444,3469,0,1,-1
88,12.66,33589,410.02,410.05,0.02,2.7,2.7,0.0,-0.0,-0.0,-0.0,2419,3442,0,1,-2
89,12.74,33590,410.03,410.05,0.01,1.4,1.4,0.0,-0.0,-0.0,-0.0,2432,3457,0,1,-1
90,12.91,33591,410.05,410.04,0.00,0.0,0.0,0.0,-0.0,-0.0,-0.0,2444,3471,0,0,0
91,13.07,33589,410.02,410.04,0.01,1.4,1.4,0.0,-0.0,-0.0,-0.0,2419,3442,0,1,-1
92,13.23,33588,410.01,410.03,0.02,2.7,2.7,0.0,0.0,-0.0,-0.0,2407,3430,0,1,-2
93,13.32,33588,410.01,410.03,0.02,2.7,2.7,0.0,0.0,-0.0,-0.0,2407,3429,0,1,-2
94,13.49,33589,410.02,410.02,0.00,0.0,0.0,0.0,-0.0,-0.0,-0.0,2419,3441,0,0,0
95,13.64,33589,410.02,410.02,0.00,0.0,0.0,0.0,0.0,-0.0,-0.0,2419,3441,0,0,0
96,13.80,33590,410.03,410.01,-0.02,-2.7,-2.7,0.0,-0.0,-0.0,-0.0,2432,1410,0,-1,2
97,13.89,33591,410.05,410.01,-0.04,-4.1,-4.1,0.0,-0.0,-0.0,-0.0,2444,1425,0,-2,3
98,14.06,33589,410.02,410.00,-0.02,-2.7,-2.7,0.0,-0.0,-0.0,-0.0,2419,1395,0,-1,2
99,14.23,33587,410.00,410.00,0.00,0.0,0.0,0.0,0.0,-0.0,-0.0,2394,3415,0,0,0
100,14.31,33587,410.00,409.99,0.00,0.0,0.0,0.0,0.0,-0.0,-0.0,2394,3415,0,0,0
101,14.48,33587,410.00,409.99,-0.01,-1.4,-1.4,0.0,0.0,-0.0,-0.0,2394,1365,0,-1,1
102,14.64,33590,410.03,409.98,-0.05,-5.5,-5.5,0.0,-0.0,-0.0,-0.0,2432,1406,0,-3,4
103,14.81,33589,410.02,409.98,-0.05,-5.5,-5.5,0.0,-0.0,-0.0,-0.0,2419,1398,0,-3,4
104,14.89,33589,410.02,409.97,-0.05,-5.5,-5.5,0.0,-0.0,-0.0,-0.0,2419,1398,0,-3,4
105,15.06,33589,410.02,409.97,-0.06,-6.8,-6.8,0.0,-0.0,-0.0,-0.0,2419,1398,0,-4,6
106,15.23,33590,410.03,409.96,-0.07,-8.2,-8.2,0.0,-0.0,-0.0,-0.0,2432,1411,0,-4,7
107,15.32,33589,410.02,409.96,-0.06,-6.8,-6.8,0.0,-0.0,-0.0,-0.0,2419,1393,0,-4,6
108,15.50,33586,409.99,409.95,-0.04,-4.1,-4.1,0.0,0.0,-0.0,-0.0,2382,1353,0,-2,3
109,15.59,33586,409.99,409.95,-0.04,-4.1,-4.1,0.0,0.0,-0.0,-0.0,2382,1353,0,-2,3
110,15.75,33591,410.05,409.94,-0.11,-12.3,-12.3,0.0,-0.0,-0.0,-0.0,2444,1423,0,-7,10
111,15.93,33589,410.02,409.93,-0.09,-9.5,-9.5,0.0,-0.0,-0.0,-0.0,2419,1394,0,-5,8
112,16.09,33590,410.03,409.93,-0.11,-12.3,-12.3,0.0,-0.0,-0.0,-0.0,2432,1411,0,-7,10
113,16.18,33591,410.05,409.92,-0.12,-13.6,-13.6,0.0,-0.0,-0.0,-0.0,2444,1428,0,-8,11
114,16.35,33591,410.05,409.92,-0.13,-15.0,-15.0,0.0,-0.0,-0.0,-0.0,2444,1424,0,-8,12
115,16.52,33589,410.02,409.91,-0.11,-12.3,-12.3,0.0,-0.0,-0.0,-0.0,2419,1393,0,-6,10
116,16.59,33589,410.02,409.91,-0.11,-12.3,-12.3,0.0,-0.0,-0.0,-0.0,2419,1395,0,-6,10
117,16.76,33593,410.07,409.90,-0.17,-19.1,-19.1,0.0,-0.0,-0.0,-0.0,2469,1449,0,-11,15
118,16.93,33590,410.03,409.89,-0.15,-16.4,-16.4,0.0,-0.0,-0.0,-0.0,2432,1406,0,-9,13
119,17.09,33589,410.02,409.89,-0.13,-15.0,-15.0,0.0,-0.0,-0.0,-0.0,2419,1395,0,-8,12
120,17.17,33590,410.03,409.88,-0.15,-16.4,-16.4,0.0,-0.0,-0.0,-0.0,2432,1410,0,-9,13
121,17.34,33587,410.00,409.87,-0.12,-13.6,-13.6,0.0,0.0,-0.0,-0.0,2394,1362,0,-7,11
122,17.50,33589,410.02,409.87,-0.16,-17.7,-17.7,0.0,0.0,-0.0,-0.0,2419,1391,0,-9,15
123,17.59,33588,410.01,409.86,-0.15,-16.4,-16.4,0.0,0.0,-0.0,-0.0,2407,1380,0,-8,14
124,17.75,33588,410.01,409.86,-0.16,-17.7,-17.7,0.0,-0.0,-0.0,-0.0,2407,1382,0,-9,15
125,17.92,33588,410.01,409.85,-0.16,-17.7,-17.7,0.0,-0.0,-0.0,-0.0,2407,1383,0,-9,15
126,18.08,33589,410.02,409.84,-0.18,-20.5,-20.5,0.0,-0.0,-0.0,-0.0,2419,1398,0,-11,17
127,18.18,33588,410.01,409.84,-0.17,-19.1,-19.1,0.0,-0.0,-0.0,-0.0,2407,1381,0,-10,16
128,18.35,33586,409.99,409.83,-0.16,-17.7,-17.7,0.0,-0.0,-0.0,-0.0,2382,1355,0,-8,15
129,18.52,33585,409.97,409.82,-0.15,-16.4,-16.4,0.0,0.0,-0.0,-0.0,2369,1340,0,-7,14
130,18.60,33583,409.95,409.82,-0.13,-15.0,-15.0,0.0,0.0,-0.0,-0.0,2344,1312,0,-6,13
131,18.78,33582,409.94,409.81,-0.12,-13.6,-13.6,0.0,0.0,-0.0,-0.0,2332,1298,0,-5,12
132,18.93,33581,409.92,409.80,-0.12,-13.6,-13.6,0.0,0.0,-0.0,-0.0,2319,1286,0,-5,12
133,19.02,33580,409.91,409.80,-0.11,-12.3,-12.3,0.0,0.0,-0.0,-0.0,2307,1274,0,-4,11
134,19.18,33580,409.91,409.79,-0.12,-13.6,-13.6,0.0,0.0,-0.0,-0.0,2307,1276,0,-5,12
135,19.35,33579,409.90,409.78,-0.12,-13.6,-13.6,0.0,0.0,-0.0,-0.0,2294,1265,0,-5,12
136,19.51,33576,409.86,409.77,-0.09,-9.5,-9.5,0.0,0.0,-0.0,-0.0,2257,1224,0,-3,9
137,19.60,33575,409.85,409.77,-0.09,-9.5,-9.5,0.0,0.0,-0.0,-0.0,2244,1210,0,-3,9
138,19.76,33575,409.85,409.76,-0.09,-9.5,-9.5,0.0,0.0,-0.0,-0.0,2244,1212,0,-3,9
139,19.92,33573,409.83,409.75,-0.07,-8.2,-8.2,0.0,0.0,-0.0,-0.0,2219,1184,0,-2,8
140,20.09,33572,409.81,409.75,-0.07,-8.2,-8.2,0.0,0.0,-0.0,-0.0,2207,1176,0,-2,8
141,20.17,33572,409.81,409.74,-0.07,-8.2,-8.2,0.0,0.0,-0.0,-0.0,2207,1177,0,-2,8
142,20.33,33571,409.80,409.73,-0.07,-8.2,-8.2,0.0,0.0,-0.0,-0.0,2194,1164,0,-2,8
143,20.49,33571,409.80,409.73,-0.07,-8.2,-8.2,0.0,0.0,-0.0,-0.0,2194,1166,0,-2,8
144,20.65,33571,409.80,409.72,-0.09,-9.5,-9.5,0.0,-0.0,-0.0,-0.0,2194,1167,0,-2,9
145,20.74,33570,409.79,409.71,-0.07,-8.2,-8.2,0.0,0.0,-0.0,-0.0,2182,1155,0,-2,8
146,20.91,33566,409.74,409.70,-0.04,-4.1,-4.1,0.0,0.0,-0.0,-0.0,2132,1099,0,0,4
147,21.07,33565,409.73,409.70,-0.04,-4.1,-4.1,0.0,0.0,-0.0,-0.0,2119,1086,0,0,4
148,21.16,33566,409.74,409.69,-0.05,-5.5,-5.5,0.0,0.0,-0.0,-0.0,2132,1100,0,-1,5
149,21.33,33566,409.74,409.68,-0.06,-6.8,-6.8,0.0,0.0,-0.0,-0.0,2132,1101,0,-1,7
150,21.50,33566,409.74,409.67,-0.07,-8.2,-8.2,0.0,-0.0,-0.0,-0.0,2132,1105,0,-1,8
151,21.59,33567,409.75,409.67,-0.09,-9.5,-9.5,0.0,-0.0,-0.0,-0.0,2144,1122,0,-1,9
152,21.76,33568,409.77,409.66,-0.11,-12.3,-12.3,0.0,-0.0,-0.0,-0.0,2157,1137,0,-2,12
153,21.92,33569,409.78,409.65,-0.12,-13.6,-13.6,0.0,-0.0,-0.0,-0.0,2169,1148,0,-2,13
154,22.01,33569,409.78,409.65,-0.13,-15.0,-15.0,0.0,-0.0,-0.0,-0.0,2169,1150,0,-3,14
155,22.19,33566,409.74,409.64,-0.11,-12.3,-12.3,0.0,-0.0,-0.0,-0.0,2132,1108,0,-2,12
156,22.35,33563,409.70,409.63,-0.07,-8.2,-8.2,0.0,0.0,-0.0,-0.0,2094,1064,0,0,8
157,22.51,33563,409.70,409.62,-0.09,-9.5,-9.5,0.0,0.0,-0.0,-0.0,2094,1061,0,-1,9
158,22.60,33562,409.69,409.61,-0.09,-9.5,-9.5,0.0,0.0,-0.0,-0.0,2082,1047,0,0,9
159,22.77,33562,409.69,409.60,-0.09,-9.5,-9.5,0.0,0.0,-0.0,-0.0,2082,1048,0,0,9
160,22.93,33562,409.69,409.59,-0.10,-10.9,-10.9,0.0,-0.0,-0.0,-0.0,2082,1057,0,-1,11
161,23.01,33564,409.72,409.59,-0.13,-15.0,-15.0,0.0,-0.0,-0.0,-0.0,2107,1085,0,-1,14
162,23.18,33563,409.70,409.58,-0.12,-13.6,-13.6,0.0,-0.0,-0.0,-0.0,2094,1070,0,-1,13
163,23.35,33563,409.70,409.57,-0.13,-15.0,-15.0,0.0,-0.0,-0.0,-0.0,2094,1071,0,-1,14
164,23.51,33562,409.69,409.56,-0.13,-15.0,-15.0,0.0,-0.0,-0.0,-0.0,2082,1060,0,-1,15
165,23.60,33561,409.68,409.55,-0.12,-13.6,-13.6,0.0,-0.0,-0.0,-0.0,2069,1043,0,0,13
166,23.77,33561,409.68,409.54,-0.13,-15.0,-15.0,0.0,0.0,-0.0,-0.0,2069,1041,0,0,15
167,23.92,33561,409.68,409.54,-0.15,-16.4,-16.4,0.0,-0.0,-0.0,-0.0,2069,1042,0,0,16
168,24.01,33561,409.68,409.53,-0.15,-16.4,-16.4,0.0,-0.0,-0.0,-0.0,2069,1042,0,0,16
169,24.17,33560,409.67,409.52,-0.15,-16.4,-16.4,0.0,-0.0,-0.0,-0.0,2057,1030,0,0,16
170,24.34,33563,409.70,409.51,-0.20,-21.8,-21.8,0.0,-0.0,-0.0,-0.0,2094,1073,0,-2,21
171,24.51,33560,409.67,409.50,-0.17,-19.1,-19.1,0.0,-0.0,-0.0,-0.0,2057,1032,0,0,18
172,24.60,33559,409.66,409.49,-0.16,-17.7,-17.7,0.0,-0.0,-0.0,-0.0,2044,1017,0,0,17
173,24.77,33558,409.64,409.48,-0.16,-17.7,-17.7,0.0,0.0,-0.0,-0.0,2032,1004,0,1,17
174,24.94,33555,409.61,409.47,-0.13,-15.0,-15.0,0.0,0.0,-0.0,-0.0,1994,962,0,1,14
175,25.03,33555,409.61,409.47,-0.13,-15.0,-15.0,0.0,0.0,-0.0,-0.0,1994,958,0,1,14
176,25.19,33555,409.61,409.46,-0.15,-16.4,-16.4,0.0,0.0,-0.0,-0.0,1994,963,0,1,16
177,25.36,33553,409.58,409.45,-0.13,-15.0,-15.0,0.0,0.0,-0.0,-0.0,1969,939,0,2,14
178,25.44,33554,409.59,409.44,-0.16,-17.7,-17.7,0.0,0.0,-0.0,-0.0,1982,952,0,2,17
179,25.61,33553,409.58,409.43,-0.15,-16.4,-16.4,0.0,-0.0,-0.0,-0.0,1969,942,0,2,16
180,25.77,33550,409.55,409.42,-0.12,-13.6,-13.6,0.0,0.0,-0.0,-0.0,1932,900,0,2,13
181,25.86,33550,409.55,409.41,-0.13,-15.0,-15.0,0.0,0.0,-0.0,-0.0,1932,900,0,3,14
182,26.03,33551,409.56,409.40,-0.16,-17.7,-17.7,0.0,-0.0,-0.0,-0.0,1944,917,0,3,17
183,26.20,33551,409.56,409.39,-0.17,-19.1,-19.1,0.0,-0.0,-0.0,-0.0,1944,917,0,3,18
184,26.29,33548,409.52,409.39,-0.13,-15.0,-15.0,0.0,0.0,-0.0,-0.0,1907,875,0,3,14
185,26.46,33547,409.51,409.38,-0.13,-15.0,-15.0,0.0,-0.0,-0.0,-0.0,1894,865,0,4,14
186,26.62,33546,409.50,409.36,-0.13,-15.0,-15.0,0.0,0.0,-0.0,-0.0,1882,849,0,4,14
187,26.79,33546,409.50,409.35,-0.15,-16.4,-16.4,0.0,0.0,-0.0,-0.0,1882,851,0,4,15
188,26.88,33546,409.50,409.35,-0.15,-16.4,-16.4,0.0,0.0,-0.0,-0.0,1882,850,0,4,15
189,27.03,33540,409.42,409.34,-0.09,-9.5,-9.5,0.0,0.0,-0.0,-0.0,1807,772,0,3,9
190,27.20,33542,409.45,409.33,-0.12,-13.6,-13.6,0.0,0.0,-0.0,-0.0,1832,800,0,4,12
191,27.37,33539,409.41,409.31,-0.10,-10.9,-10.9,0.0,0.0,-0.0,-0.0,1794,759,0,4,10
192,27.46,33539,409.41,409.31,-0.10,-10.9,-10.9,0.0,0.0,-0.0,-0.0,1794,759,0,4,10
193,27.62,33540,409.42,409.30,-0.12,-13.6,-13.6,0.0,-0.0,-0.0,-0.0,1807,781,0,5,12
194,27.79,33540,409.42,409.29,-0.13,-15.0,-15.0,0.0,-0.0,-0.0,-0.0,1807,781,0,5,14
195,27.86,33538,409.40,409.28,-0.12,-13.6,-13.6,0.0,0.0,-0.0,-0.0,1782,752,0,5,12
196,28.03,33533,409.34,409.27,-0.07,-8.2,-8.2,0.0,0.0,-0.0,-0.0,1719,686,0,4,7
197,28.20,33535,409.36,409.26,-0.11,-12.3,-12.3,0.0,0.0,-0.0,-0.0,1744,712,0,5,11
198,28.29,33535,409.36,409.25,-0.11,-12.3,-12.3,0.0,0.0,-0.0,-0.0,1744,712,0,5,11
199,28.44,33532,409.33,409.24,-0.09,-9.5,-9.5,0.0,0.0,-0.0,-0.0,1707,671,0,5,8
200,28.61,33531,409.31,409.23,-0.09,-9.5,-9.5,0.0,-0.0,-0.0,-0.0,1694,667,0,5,8
201,28.77,33532,409.33,409.22,-0.11,-12.3,-12.3,0.0,-0.0,-0.0,-0.0,1707,678,0,6,10
202,28.86,33532,409.33,409.21,-0.12,-13.6,-13.6,0.0,-0.0,-0.0,-0.0,1707,679,0,7,11
203,29.03,33529,409.29,409.20,-0.10,-10.9,-10.9,0.0,0.0,-0.0,-0.0,1669,638,0,6,9
204,29.19,33529,409.29,409.19,-0.10,-10.9,-10.9,0.0,-0.0,-0.0,-0.0,1669,642,0,6,9
205,29.35,33530,409.30,409.17,-0.12,-13.6,-13.6,0.0,-0.0,-0.0,-0.0,1682,655,0,7,11
206,29.43,33530,409.30,409.17,-0.13,-15.0,-15.0,0.0,-0.0,-0.0,-0.0,1682,655,0,8,12
207,29.59,33527,409.27,409.16,-0.11,-12.3,-12.3,0.0,-0.0,-0.0,-0.0,1644,616,0,7,10
208,29.76,33528,409.28,409.14,-0.13,-15.0,-15.0,0.0,-0.0,-0.0,-0.0,1657,632,0,8,12
209,29.92,33528,409.28,409.13,-0.15,-16.4,-16.4,0.0,-0.0,-0.0,-0.0,1657,630,0,9,13
210,30.01,33528,409.28,409.12,-0.15,-16.4,-16.4,0.0,-0.0,-0.0,-0.0,1657,630,0,9,13
211,30.18,33527,409.27,409.11,-0.16,-17.7,-17.7,0.0,-0.0,-0.0,-0.0,1644,620,0,10,14
212,30.34,33527,409.27,409.10,-0.17,-19.1,-19.1,0.0,-0.0,-0.0,-0.0,1644,619,0,11,15
213,30.43,33527,409.27,409.09,-0.17,-19.1,-19.1,0.0,-0.0,-0.0,-0.0,1644,618,0,11,15
214,30.59,33530,409.30,409.08,-0.22,-24.5,-24.5,0.0,-0.0,-0.0,-0.0,1682,661,0,13,20
215,30.76,33528,409.28,409.07,-0.21,-23.2,-23.2,0.0,-0.0,-0.0,-0.0,1657,632,0,13,19
216,30.93,33529,409.29,409.06,-0.23,-25.9,-25.9,0.0,-0.0,-0.0,-0.0,1669,648,0,14,21
217,31.01,33530,409.30,409.05,-0.26,-28.6,-28.6,0.0,-0.0,-0.0,-0.0,1682,663,0,15,24
218,31.18,33530,409.30,409.04,-0.27,-30.0,-30.0,0.0,-0.0,-0.0,-0.0,1682,659,0,15,25
219,31.35,33529,409.29,409.02,-0.27,-30.0,-30.0,0.0,-0.0,-0.0,-0.0,1669,644,0,16,24
220,31.43,33528,409.28,409.02,-0.26,-28.6,-28.6,0.0,-0.0,-0.0,-0.0,1657,633,0,16,23
221,31.60,33526,409.25,409.00,-0.24,-27.3,-27.3,0.0,-0.0,-0.0,-0.0,1632,604,0,16,21
222,31.76,33526,409.25,408.99,-0.27,-30.0,-30.0,0.0,-0.0,-0.0,-0.0,1632,602,0,18,23
223,31.93,33523,409.22,408.98,-0.24,-27.3,-27.3,0.0,0.0,-0.0,-0.0,1594,561,0,17,20
224,32.02,33524,409.23,408.97,-0.26,-28.6,-28.6,0.0,0.0,-0.0,-0.0,1607,575,0,18,21
225,32.18,33520,409.18,408.96,-0.22,-24.5,-24.5,0.0,0.0,-0.0,-0.0,1557,523,0,17,17
226,32.35,33520,409.18,408.94,-0.23,-25.9,-25.9,0.0,0.0,-0.0,-0.0,1557,524,0,17,18
227,32.43,33520,409.18,408.94,-0.24,-27.3,-27.3,0.0,0.0,-0.0,-0.0,1557,524,0,18,19
228,32.59,33519,409.17,408.92,-0.24,-27.3,-27.3,0.0,0.0,-0.0,-0.0,1544,514,0,19,19
229,32.76,33517,409.14,408.91,-0.23,-25.9,-25.9,0.0,0.0,-0.0,-0.0,1519,489,0,18,17
230,32.93,33515,409.12,408.90,-0.22,-24.5,-24.5,0.0,0.0,-0.0,-0.0,1494,463,0,18,16
231,33.01,33514,409.11,408.89,-0.22,-24.5,-24.5,0.0,0.0,-0.0,-0.0,1482,448,0,18,15
232,33.18,33512,409.08,408.87,-0.21,-23.2,-23.2,0.0,0.0,-0.0,-0.0,1457,421,0,18,14
233,33.34,33509,409.05,408.86,-0.18,-20.5,-20.5,0.0,0.0,-0.0,-0.0,1419,381,0,17,11
234,33.43,33507,409.02,408.85,-0.17,-19.1,-19.1,0.0,0.0,-0.0,-0.0,1394,354,0,16,10
235,33.60,33506,409.01,408.84,-0.17,-19.1,-19.1,0.0,0.0,-0.0,-0.0,1382,346,0,16,9
236,33.76,33504,408.98,408.83,-0.16,-17.7,-17.7,0.0,0.0,-0.0,-0.0,1357,319,0,15,8
237,33.85,33501,408.95,408.82,-0.13,-15.0,-15.0,0.0,0.0,-0.0,-0.0,1319,277,0,13,6
238,34.02,33499,408.92,408.80,-0.12,-13.6,-13.6,0.0,0.0,-0.0,-0.0,1294,256,0,12,5
239,34.18,33498,408.91,408.79,-0.12,-13.6,-13.6,0.0,0.0,-0.0,-0.0,1282,245,0,12,5
240,34.34,33496,408.89,408.78,-0.11,-12.3,-12.3,0.0,0.0,-0.0,-0.0,1257,217,0,11,4
241,34.43,33493,408.85,408.77,-0.09,-9.5,-9.5,0.0,0.0,-0.0,-0.0,1219,178,0,9,2
242,34.59,33493,408.85,408.75,-0.10,-10.9,-10.9,0.0,0.0,-0.0,-0.0,1219,186,0,10,3
243,34.76,33490,408.81,408.74,-0.07,-8.2,-8.2,0.0,0.0,-0.0,-0.0,1182,145,0,8,2
244,34.85,33490,408.81,408.73,-0.09,-9.5,-9.5,0.0,0.0,-0.0,-0.0,1182,145,0,9,2
245,35.01,33487,408.78,408.72,-0.06,-6.8,-6.8,0.0,0.0,-0.0,-0.0,1144,107,0,7,1
246,35.17,33486,408.76,408.70,-0.06,-6.8,-6.8,0.0,0.0,-0.0,-0.0,1132,98,0,7,1
247,35.34,33485,408.75,408.69,-0.06,-6.8,-6.8,0.0,0.0,-0.0,-0.0,1119,83,0,7,1
248,35.43,33484,408.74,408.68,-0.06,-6.8,-6.8,0.0,0.0,-0.0,-0.0,1107,73,0,7,1
249,35.60,33485,408.75,408.67,-0.09,-9.5,-9.5,0.0,-0.0,-0.0,-0.0,1119,89,0,9,1
250,35.76,33483,408.73,408.65,-0.07,-8.2,-8.2,0.0,-0.0,-0.0,-0.0,1094,66,0,8,1
251,35.85,33482,408.72,408.64,-0.07,-8.2,-8.2,0.0,-0.0,-0.0,-0.0,1082,52,0,8,1
252,36.01,33479,408.68,408.63,-0.05,-5.5,-5.5,0.0,0.0,-0.0,-0.0,1044,11,0,5,0
253,36.17,33479,408.68,408.62,-0.06,-6.8,-6.8,0.0,0.0,-0.0,-0.0,1044,11,0,7,0
254,36.33,33479,408.68,408.60,-0.07,-8.2,-8.2,0.0,0.0,-0.0,-0.0,1044,11,0,8,0
255,36.49,33478,408.67,408.59,-0.09,-9.5,-9.5,0.0,-0.0,-0.0,-0.0,1032,2,0,9,0
256,36.57,33477,408.65,408.58,-0.07,-8.2,-8.2,0.0,-0.0,-0.0,-0.0,1019,4086,0,8,0
257,36.74,33475,408.63,408.56,-0.07,-8.2,-8.2,0.0,-0.0,-0.0,-0.0,994,4060,0,8,0
258,36.92,33477,408.65,408.55,-0.11,-12.3,-12.3,0.0,-0.0,-0.0,-0.0,1019,4088,0,12,0
259,37.00,33477,408.65,408.54,-0.11,-12.3,-12.3,0.0,-0.0,-0.0,-0.0,1019,4088,0,12,0
260,37.16,33476,408.64,408.52,-0.12,-13.6,-13.6,0.0,-0.0,-0.0,-0.0,1007,4076,0,13,0
261,37.32,33476,408.64,408.51,-0.13,-15.0,-15.0,0.0,-0.0,-0.0,-0.0,1007,4080,0,15,0
262,37.50,33473,408.61,408.49,-0.11,-12.3,-12.3,0.0,-0.0,-0.0,-0.0,969,4035,0,12,-1
263,37.59,33473,408.61,408.48,-0.12,-13.6,-13.6,0.0,-0.0,-0.0,-0.0,969,4034,0,13,-1
264,37.75,33472,408.59,408.47,-0.12,-13.6,-13.6,0.0,0.0,-0.0,-0.0,957,4022,0,13,-1
265,37.92,33476,408.64,408.45,-0.20,-21.8,-21.8,0.0,-0.0,-0.0,-0.0,1007,4079,0,21,-1
266,38.01,33474,408.62,408.44,-0.17,-19.1,-19.1,0.0,-0.0,-0.0,-0.0,982,4051,0,18,-1
267,38.19,33473,408.61,408.43,-0.18,-20.5,-20.5,0.0,-0.0,-0.0,-0.0,969,4041,0,20,-2
268,38.35,33472,408.59,408.41,-0.18,-20.5,-20.5,0.0,-0.0,-0.0,-0.0,957,4029,0,20,-2
269,38.44,33470,408.57,408.40,-0.17,-19.1,-19.1,0.0,-0.0,-0.0,-0.0,932,4001,0,18,-3
270,38.60,33469,408.56,408.39,-0.17,-19.1,-19.1,0.0,0.0,-0.0,-0.0,919,3981,0,18,-3
271,38.77,33470,408.57,408.37,-0.20,-21.8,-21.8,0.0,-0.0,-0.0,-0.0,932,4000,0,21,-3
272,38.85,33469,408.56,408.36,-0.20,-21.8,-21.8,0.0,-0.0,-0.0,-0.0,919,3985,0,21,-4
273,39.02,33468,408.54,408.35,-0.20,-21.8,-21.8,0.0,-0.0,-0.0,-0.0,907,3973,0,21,-4
274,39.18,33468,408.54,408.33,-0.21,-23.2,-23.2,0.0,-0.0,-0.0,-0.0,907,3978,0,22,-4
275,39.34,33465,408.51,408.32,-0.20,-21.8,-21.8,0.0,0.0,-0.0,-0.0,869,3933,0,20,-5
276,39.43,33464,408.50,408.31,-0.18,-20.5,-20.5,0.0,0.0,-0.0,-0.0,857,3919,0,19,-5
277,39.60,33464,408.50,408.29,-0.21,-23.2,-23.2,0.0,-0.0,-0.0,-0.0,857,3922,0,22,-6
278,39.76,33462,408.47,408.27,-0.20,-21.8,-21.8,0.0,0.0,-0.0,-0.0,832,3895,0,20,-6
279,39.85,33462,408.47,408.27,-0.21,-23.2,-23.2,0.0,0.0,-0.0,-0.0,832,3895,0,21,-7
280,40.02,33461,408.46,408.25,-0.21,-23.2,-23.2,0.0,-0.0,-0.0,-0.0,819,3885,0,21,-7
281,40.18,33459,408.44,408.23,-0.21,-23.2,-23.2,0.0,-0.0,-0.0,-0.0,794,3858,0,21,-8
282,40.27,33458,408.42,408.22,-0.20,-21.8,-21.8,0.0,0.0,-0.0,-0.0,782,3845,0,20,-8
283,40.43,33457,408.41,408.21,-0.21,-23.2,-23.2,0.0,-0.0,-0.0,-0.0,769,3834,0,21,-9
284,40.60,33458,408.42,408.19,-0.23,-25.9,-25.9,0.0,-0.0,-0.0,-0.0,782,3848,0,23,-9
285,40.77,33454,408.37,408.17,-0.20,-21.8,-21.8,0.0,0.0,-0.0,-0.0,732,3797,0,19,-9
286,40.86,33452,408.35,408.16,-0.18,-20.5,-20.5,0.0,0.0,-0.0,-0.0,707,3768,0,17,-10
287,41.02,33450,408.33,408.15,-0.18,-20.5,-20.5,0.0,0.0,-0.0,-0.0,682,3742,0,17,-10
288,41.18,33447,408.29,408.13,-0.16,-17.7,-17.7,0.0,0.0,-0.0,-0.0,644,3702,0,14,-10
289,41.27,33447,408.29,408.12,-0.17,-19.1,-19.1,0.0,0.0,-0.0,-0.0,644,3699,0,15,-11
290,41.44,33446,408.28,408.10,-0.17,-19.1,-19.1,0.0,0.0,-0.0,-0.0,632,3692,0,15,-11
291,41.59,33446,408.28,408.09,-0.18,-20.5,-20.5,0.0,0.0,-0.0,-0.0,632,3695,0,16,-11
292,41.75,33441,408.22,408.07,-0.15,-16.4,-16.4,0.0,0.0,-0.0,-0.0,569,3632,0,12,-10
293,41.92,33441,408.22,408.05,-0.16,-17.7,-17.7,0.0,0.0,-0.0,-0.0,569,3631,0,13,-11
294,42.01,33439,408.19,408.05,-0.15,-16.4,-16.4,0.0,0.0,-0.0,-0.0,544,3603,0,12,-11
295,42.18,33435,408.14,408.03,-0.11,-12.3,-12.3,0.0,0.0,-0.0,-0.0,494,3549,0,8,-9
296,42.33,33434,408.13,408.01,-0.12,-13.6,-13.6,0.0,0.0,-0.0,-0.0,482,3539,0,9,-10
297,42.42,33432,408.11,408.00,-0.10,-10.9,-10.9,0.0,0.0,-0.0,-0.0,457,3515,0,7,-8
298,42.58,33431,408.09,407.98,-0.11,-12.3,-12.3,0.0,0.0,-0.0,-0.0,444,3501,0,7,-9
299,42.75,33430,408.08,407.97,-0.11,-12.3,-12.3,0.0,0.0,-0.0,-0.0,432,3496,0,7,-9
300,42.84,33428,408.06,407.96,-0.10,-10.9,-10.9,0.0,0.0,-0.0,-0.0,407,3468,0,6,-9
301,43.01,33425,408.02,407.94,-0.09,-9.5,-9.5,0.0,0.0,-0.0,-0.0,369,3427,0,5,-8
302,43.18,33425,408.02,407.92,-0.10,-10.9,-10.9,0.0,0.0,-0.0,-0.0,369,3432,0,6,-9
303,43.27,33423,408.00,407.91,-0.09,-9.5,-9.5,0.0,0.0,-0.0,-0.0,344,3403,0,4,-8
304,43.44,33420,407.96,407.89,-0.06,-6.8,-6.8,0.0,0.0,-0.0,-0.0,307,3365,0,3,-6
305,43.61,33420,407.96,407.87,-0.09,-9.5,-9.5,0.0,-0.0,-0.0,-0.0,307,3371,0,4,-8
306,43.77,33418,407.93,407.86,-0.07,-8.2,-8.2,0.0,0.0,-0.0,-0.0,282,3344,0,3,-7
307,43.86,33417,407.92,407.85,-0.07,-8.2,-8.2,0.0,0.0,-0.0,-0.0,269,3328,0,3,-7
308,44.01,33415,407.90,407.83,-0.07,-8.2,-8.2,0.0,0.0,-0.0,-0.0,244,3307,0,3,-7
309,44.18,33414,407.89,407.81,-0.07,-8.2,-8.2,0.0,0.0,-0.0,-0.0,232,3295,0,3,-7
310,44.27,33414,407.89,407.80,-0.09,-9.5,-9.5,0.0,0.0,-0.0,-0.0,232,3294,0,3,-9
311,44.44,33415,407.90,407.78,-0.11,-12.3,-12.3,0.0,-0.0,-0.0,-0.0,244,3312,0,4,-11
312,44.60,33411,407.85,407.76,-0.09,-9.5,-9.5,0.0,-0.0,-0.0,-0.0,194,3260,0,3,-9
313,44.77,33410,407.84,407.75,-0.09,-9.5,-9.5,0.0,-0.0,-0.0,-0.0,182,3247,0,2,-9
314,44.85,33410,407.84,407.74,-0.10,-10.9,-10.9,0.0,-0.0,-0.0,-0.0,182,3248,0,3,-10
315,45.02,33410,407.84,407.72,-0.12,-13.6,-13.6,0.0,-0.0,-0.0,-0.0,182,3247,0,4,-13
316,45.18,33409,407.82,407.70,-0.12,-13.6,-13.6,0.0,-0.0,-0.0,-0.0,169,3234,0,3,-13
317,45.27,33409,407.82,407.69,-0.13,-15.0,-15.0,0.0,-0.0,-0.0,-0.0,169,3238,0,4,-14
318,45.44,33411,407.85,407.67,-0.18,-20.5,-20.5,0.0,-0.0,-0.0,-0.0,194,3267,0,6,-19
319,45.61,33405,407.78,407.65,-0.12,-13.6,-13.6,0.0,0.0,-0.0,-0.0,119,3180,0,2,-13
320,45.69,33405,407.78,407.64,-0.13,-15.0,-15.0,0.0,-0.0,-0.0,-0.0,119,3183,0,2,-14
321,45.86,33405,407.78,407.62,-0.16,-17.7,-17.7,0.0,-0.0,-0.0,-0.0,119,3185,0,3,-17
322,46.03,33405,407.78,407.60,-0.17,-19.1,-19.1,0.0,-0.0,-0.0,-0.0,119,3184,0,3,-18
323,46.20,33403,407.75,407.58,-0.17,-19.1,-19.1,0.0,-0.0,-0.0,-0.0,94,3159,0,2,-18
324,46.29,33401,407.73,407.57,-0.16,-17.7,-17.7,0.0,-0.0,-0.0,-0.0,69,3135,0,2,-17
325,46.46,33400,407.71,407.55,-0.16,-17.7,-17.7,0.0,-0.0,-0.0,-0.0,57,3122,0,1,-17
326,46.55,33400,407.71,407.54,-0.17,-19.1,-19.1,0.0,-0.0,-0.0,-0.0,57,3121,0,1,-18
327,46.71,33399,407.70,407.52,-0.18,-20.5,-20.5,0.0,-0.0,-0.0,-0.0,44,3108,0,1,-20
328,46.88,33396,407.67,407.50,-0.16,-17.7,-17.7,0.0,0.0,-0.0,-0.0,7,3069,0,0,-17
329,47.05,33395,407.65,407.48,-0.17,-19.1,-19.1,0.0,-0.0,-0.0,-0.0,4090,3059,0,0,-18
330,47.14,33393,407.63,407.47,-0.16,-17.7,-17.7,0.0,0.0,-0.0,-0.0,4065,3030,0,-1,-17
331,47.31,33389,407.58,407.45,-0.12,-13.6,-13.6,0.0,0.0,-0.0,-0.0,4015,2976,0,-2,-13
332,47.49,33389,407.58,407.43,-0.15,-16.4,-16.4,0.0,0.0,-0.0,-0.0,4015,2975,0,-2,-16
333,47.58,33391,407.60,407.42,-0.18,-20.5,-20.5,0.0,-0.0,-0.0,-0.0,4040,3008,0,-2,-20
334,47.74,33389,407.58,407.40,-0.18,-20.5,-20.5,0.0,-0.0,-0.0,-0.0,4015,2983,0,-3,-20
335,47.83,33388,407.57,407.39,-0.18,-20.5,-20.5,0.0,-0.0,-0.0,-0.0,4003,2971,0,-3,-20
336,47.99,33382,407.50,407.37,-0.12,-13.6,-13.6,0.0,0.0,-0.0,-0.0,3928,2894,0,-4,-13
337,48.16,33380,407.47,407.35,-0.12,-13.6,-13.6,0.0,0.0,-0.0,-0.0,3903,2866,0,-4,-13
338,48.33,33380,407.47,407.33,-0.13,-15.0,-15.0,0.0,0.0,-0.0,-0.0,3903,2865,0,-5,-14
339,48.42,33378,407.45,407.32,-0.12,-13.6,-13.6,0.0,0.0,-0.0,-0.0,3878,2838,0,-5,-12
340,48.58,33374,407.40,407.30,-0.10,-10.9,-10.9,0.0,0.0,-0.0,-0.0,3828,2788,0,-4,-10
341,48.75,33375,407.41,407.28,-0.13,-15.0,-15.0,0.0,0.0,-0.0,-0.0,3840,2806,0,-6,-13
342,48.84,33376,407.42,407.27,-0.15,-16.4,-16.4,0.0,-0.0,-0.0,-0.0,3853,2823,0,-6,-15
343,49.01,33371,407.36,407.25,-0.11,-12.3,-12.3,0.0,0.0,-0.0,-0.0,3790,2752,0,-6,-10
344,49.18,33368,407.32,407.23,-0.10,-10.9,-10.9,0.0,0.0,-0.0,-0.0,3753,2718,0,-5,-9
345,49.26,33368,407.32,407.22,-0.11,-12.3,-12.3,0.0,-0.0,-0.0,-0.0,3753,2720,0,-6,-10
346,49.43,33366,407.30,407.20,-0.10,-10.9,-10.9,0.0,0.0,-0.0,-0.0,3728,2692,0,-6,-9
347,49.60,33366,407.30,407.18,-0.12,-13.6,-13.6,0.0,0.0,-0.0,-0.0,3728,2689,0,-7,-11
348,49.68,33365,407.29,407.17,-0.12,-13.6,-13.6,0.0,-0.0,-0.0,-0.0,3715,2681,0,-7,-11
349,49.85,33364,407.28,407.14,-0.13,-15.0,-15.0,0.0,-0.0,-0.0,-0.0,3703,2673,0,-8,-12
350,50.02,33360,407.23,407.12,-0.10,-10.9,-10.9,0.0,0.0,-0.0,-0.0,3653,2618,0,-7,-8
351,50.19,33356,407.18,407.10,-0.07,-8.2,-8.2,0.0,0.0,-0.0,-0.0,3603,2564,0,-6,-6
352,50.29,33355,407.17,407.09,-0.07,-8.2,-8.2,0.0,0.0,-0.0,-0.0,3590,2548,0,-6,-6
353,50.44,33356,407.18,407.07,-0.11,-12.3,-12.3,0.0,0.0,-0.0,-0.0,3603,2568,0,-8,-9
354,50.60,33356,407.18,407.05,-0.12,-13.6,-13.6,0.0,0.0,-0.0,-0.0,3603,2569,0,-9,-9
355,50.69,33355,407.17,407.04,-0.12,-13.6,-13.6,0.0,-0.0,-0.0,-0.0,3590,2558,0,-9,-9
356,50.86,33351,407.12,407.02,-0.10,-10.9,-10.9,0.0,-0.0,-0.0,-0.0,3540,2509,0,-8,-7
357,51.03,33353,407.14,407.00,-0.15,-16.4,-16.4,0.0,-0.0,-0.0,-0.0,3565,2537,0,-12,-11
358,51.19,33349,407.09,406.98,-0.12,-13.6,-13.6,0.0,0.0,-0.0,-0.0,3515,2479,0,-10,-8
359,51.28,33350,407.10,406.96,-0.15,-16.4,-16.4,0.0,-0.0,-0.0,-0.0,3528,2494,0,-12,-10
360,51.46,33348,407.08,406.94,-0.13,-15.0,-15.0,0.0,-0.0,-0.0,-0.0,3503,2471,0,-12,-9
361,51.55,33349,407.09,406.93,-0.16,-17.7,-17.7,0.0,-0.0,-0.0,-0.0,3515,2488,0,-13,-11
362,51.71,33350,407.10,406.91,-0.20,-21.8,-21.8,0.0,-0.0,-0.0,-0.0,3528,2500,0,-16,-14
363,51.88,33345,407.04,406.89,-0.16,-17.7,-17.7,0.0,-0.0,-0.0,-0.0,3465,2435,0,-14,-10
364,52.04,33345,407.04,406.87,-0.18,-20.5,-20.5,0.0,-0.0,-0.0,-0.0,3465,2438,0,-16,-11
365,52.13,33347,407.07,406.85,-0.21,-23.2,-23.2,0.0,-0.0,-0.0,-0.0,3490,2464,0,-18,-13
366,52.29,33345,407.04,406.83,-0.21,-23.2,-23.2,0.0,-0.0,-0.0,-0.0,3465,2434,0,-19,-13
367,52.47,33345,407.04,406.81,-0.23,-25.9,-25.9,0.0,-0.0,-0.0,-0.0,3465,2438,0,-21,-14
368,52.55,33342,407.01,406.80,-0.21,-23.2,-23.2,0.0,-0.0,-0.0,-0.0,3428,2399,0,-19,-12
369,52.72,33340,406.98,406.78,-0.21,-23.2,-23.2,0.0,-0.0,-0.0,-0.0,3403,2372,0,-20,-11
370,52.89,33341,406.99,406.75,-0.24,-27.3,-27.3,0.0,-0.0,-0.0,-0.0,3415,2382,0,-23,-13
371,52.97,33339,406.97,406.74,-0.23,-25.9,-25.9,0.0,-0.0,-0.0,-0.0,3390,2357,0,-22,-11
372,53.14,33339,406.97,406.72,-0.24,-27.3,-27.3,0.0,-0.0,-0.0,-0.0,3390,2358,0,-23,-12
373,53.30,33338,406.96,406.70,-0.26,-28.6,-28.6,0.0,-0.0,-0.0,-0.0,3378,2350,0,-25,-12
374,53.48,33336,406.93,406.68,-0.26,-28.6,-28.6,0.0,-0.0,-0.0,-0.0,3353,2323,0,-25,-11
375,53.56,33332,406.88,406.67,-0.22,-24.5,-24.5,0.0,0.0,-0.0,-0.0,3303,2265,0,-22,-8
376,53.72,33332,406.88,406.64,-0.24,-27.3,-27.3,0.0,-0.0,-0.0,-0.0,3303,2270,0,-25,-9
377,53.89,33329,406.85,406.62,-0.23,-25.9,-25.9,0.0,0.0,-0.0,-0.0,3265,2227,0,-24,-7
378,53.98,33327,406.82,406.61,-0.22,-24.5,-24.5,0.0,0.0,-0.0,-0.0,3240,2199,0,-23,-5
379,54.14,33323,406.77,406.59,-0.18,-20.5,-20.5,0.0,0.0,-0.0,-0.0,3190,2147,0,-20,-3
380,54.31,33324,406.79,406.56,-0.22,-24.5,-24.5,0.0,0.0,-0.0,-0.0,3203,2167,0,-23,-4
381,54.40,33320,406.74,406.55,-0.18,-20.5,-20.5,0.0,0.0,-0.0,-0.0,3153,2110,0,-20,-2
382,54.57,33317,406.70,406.53,-0.17,-19.1,-19.1,0.0,0.0,-0.0,-0.0,3115,2073,0,-18,-1
383,54.74,33314,406.67,406.51,-0.16,-17.7,-17.7,0.0,0.0,-0.0,-0.0,3078,2039,0,-17,0
384,54.82,33314,406.67,406.49,-0.17,-19.1,-19.1,0.0,0.0,-0.0,-0.0,3078,2040,0,-18,0
385,55.00,33309,406.60,406.47,-0.13,-15.0,-15.0,0.0,0.0,-0.0,-0.0,3015,1968,0,-14,2
386,55.16,33304,406.54,406.45,-0.10,-10.9,-10.9,0.0,0.0,-0.0,-0.0,2953,1910,0,-10,2
387,55.25,33302,406.52,406.44,-0.09,-9.5,-9.5,0.0,0.0,-0.0,-0.0,2928,1880,0,-9,2
388,55.43,33299,406.48,406.41,-0.07,-8.2,-8.2,0.0,0.0,-0.0,-0.0,2890,1844,0,-8,2
389,55.59,33298,406.47,406.39,-0.09,-9.5,-9.5,0.0,0.0,-0.0,-0.0,2878,1834,0,-9,3
390,55.74,33297,406.46,406.37,-0.09,-9.5,-9.5,0.0,0.0,-0.0,-0.0,2865,1828,0,-9,3
391,55.82,33295,406.43,406.36,-0.07,-8.2,-8.2,0.0,0.0,-0.0,-0.0,2840,1803,0,-7,3
392,55.99,33294,406.42,406.33,-0.09,-9.5,-9.5,0.0,-0.0,-0.0,-0.0,2828,1795,0,-9,3
393,56.16,33289,406.36,406.31,-0.05,-5.5,-5.5,0.0,0.0,-0.0,-0.0,2765,1726,0,-5,3
394,56.33,33286,406.32,406.28,-0.04,-4.1,-4.1,0.0,0.0,-0.0,-0.0,2728,1685,0,-3,2
395,56.42,33284,406.30,406.27,-0.02,-2.7,-2.7,0.0,0.0,-0.0,-0.0,2703,1659,0,-2,1
396,56.59,33281,406.26,406.25,-0.01,-1.4,-1.4,0.0,0.0,-0.0,-0.0,2665,1622,0,-1,1
397,56.75,33280,406.25,406.23,-0.02,-2.7,-2.7,0.0,0.0,-0.0,-0.0,2653,1611,0,-2,2
398,56.83,33280,406.25,406.21,-0.04,-4.1,-4.1,0.0,0.0,-0.0,-0.0,2653,1615,0,-3,2
399,57.00,33277,406.21,406.19,-0.02,-2.7,-2.7,0.0,0.0,-0.0,-0.0,2615,1577,0,-2,2
400,57.16,33275,406.19,406.17,-0.02,-2.7,-2.7,0.0,-0.0,-0.0,-0.0,2590,1555,0,-2,2
401,57.32,33275,406.19,406.14,-0.05,-5.5,-5.5,0.0,-0.0,-0.0,-0.0,2590,1559,0,-4,4
402,57.41,33275,406.19,406.13,-0.06,-6.8,-6.8,0.0,-0.0,-0.0,-0.0,2590,1558,0,-5,5
403,57.58,33270,406.13,406.11,-0.02,-2.7,-2.7,0.0,0.0,-0.0,-0.0,2528,1492,0,-2,2
404,57.75,33271,406.14,406.08,-0.06,-6.8,-6.8,0.0,-0.0,-0.0,-0.0,2540,1509,0,-4,5
405,57.84,33270,406.13,406.07,-0.06,-6.8,-6.8,0.0,-0.0,-0.0,-0.0,2528,1496,0,-4,5
406,57.99,33265,406.07,406.05,-0.02,-2.7,-2.7,0.0,0.0,-0.0,-0.0,2465,1426,0,-2,2
407,58.16,33265,406.07,406.02,-0.05,-5.5,-5.5,0.0,-0.0,-0.0,-0.0,2465,1431,0,-3,4
408,58.32,33265,406.07,406.00,-0.06,-6.8,-6.8,0.0,-0.0,-0.0,-0.0,2465,1434,0,-4,5
409,58.40,33265,406.07,405.99,-0.07,-8.2,-8.2,0.0,-0.0,-0.0,-0.0,2465,1432,0,-5,6
410,58.57,33262,406.03,405.96,-0.06,-6.8,-6.8,0.0,-0.0,-0.0,-0.0,2428,1397,0,-4,6
411,58.73,33262,406.03,405.94,-0.09,-9.5,-9.5,0.0,-0.0,-0.0,-0.0,2428,1399,0,-5,8
412,58.82,33262,406.03,405.93,-0.10,-10.9,-10.9,0.0,-0.0,-0.0,-0.0,2428,1399,0,-6,9
413,58.99,33263,406.04,405.90,-0.13,-15.0,-15.0,0.0,-0.0,-0.0,-0.0,2440,1413,0,-8,12
414,59.16,33261,406.02,405.88,-0.15,-16.4,-16.4,0.0,-0.0,-0.0,-0.0,2415,1389,0,-8,13
415,59.24,33261,406.02,405.86,-0.16,-17.7,-17.7,0.0,-0.0,-0.0,-0.0,2415,1389,0,-9,15
416,59.42,33261,406.02,405.84,-0.18,-20.5,-20.5,0.0,-0.0,-0.0,-0.0,2415,1389,0,-11,17
417,59.58,33258,405.98,405.81,-0.17,-19.1,-19.1,0.0,-0.0,-0.0,-0.0,2378,1348,0,-9,16
418,59.67,33258,405.98,405.80,-0.18,-20.5,-20.5,0.0,-0.0,-0.0,-0.0,2378,1346,0,-9,17
419,59.84,33256,405.96,405.78,-0.18,-20.5,-20.5,0.0,-0.0,-0.0,-0.0,2353,1322,0,-9,18
420,60.01,33255,405.94,405.75,-0.20,-21.8,-21.8,0.0,-0.0,-0.0,-0.0,2340,1307,0,-9,19
421,60.17,33254,405.93,405.73,-0.21,-23.2,-23.2,0.0,-0.0,-0.0,-0.0,2328,1298,0,-9,21
422,60.26,33252,405.91,405.71,-0.20,-21.8,-21.8,0.0,-0.0,-0.0,-0.0,2303,1270,0,-8,20
423,60.43,33251,405.90,405.69,-0.21,-23.2,-23.2,0.0,-0.0,-0.0,-0.0,2290,1259,0,-8,21
424,60.59,33250,405.88,405.66,-0.22,-24.5,-24.5,0.0,-0.0,-0.0,-0.0,2278,1247,0,-8,22
425,60.75,33249,405.87,405.64,-0.23,-25.9,-25.9,0.0,-0.0,-0.0,-0.0,2265,1232,0,-8,24
426,60.82,33246,405.83,405.63,-0.21,-23.2,-23.2,0.0,0.0,-0.0,-0.0,2228,1193,0,-6,22
427,60.99,33245,405.82,405.60,-0.22,-24.5,-24.5,0.0,-0.0,-0.0,-0.0,2215,1180,0,-6,23
428,61.15,33245,405.82,405.58,-0.24,-27.3,-27.3,0.0,-0.0,-0.0,-0.0,2215,1182,0,-6,26
429,61.24,33245,405.82,405.56,-0.26,-28.6,-28.6,0.0,-0.0,-0.0,-0.0,2215,1183,0,-7,27
430,61.41,33239,405.75,405.54,-0.21,-23.2,-23.2,0.0,0.0,-0.0,-0.0,2140,1101,0,-3,22
431,61.58,33236,405.71,405.51,-0.21,-23.2,-23.2,0.0,0.0,-0.0,-0.0,2103,1066,0,-1,22
432,61.75,33232,405.66,405.49,-0.18,-20.5,-20.5,0.0,0.0,-0.0,-0.0,2053,1009,0,0,20
433,61.83,33229,405.63,405.47,-0.16,-17.7,-17.7,0.0,0.0,-0.0,-0.0,2015,967,0,1,17
434,62.00,33229,405.63,405.45,-0.18,-20.5,-20.5,0.0,0.0,-0.0,-0.0,2015,972,0,2,20
435,62.16,33227,405.60,405.42,-0.18,-20.5,-20.5,0.0,0.0,-0.0,-0.0,1990,950,0,2,20
436,62.25,33222,405.54,405.41,-0.13,-15.0,-15.0,0.0,0.0,-0.0,-0.0,1928,881,0,3,14
437,62.42,33220,405.52,405.38,-0.13,-15.0,-15.0,0.0,0.0,-0.0,-0.0,1903,860,0,4,14
438,62.59,33220,405.52,405.35,-0.16,-17.7,-17.7,0.0,0.0,-0.0,-0.0,1903,865,0,4,17
439,62.68,33217,405.48,405.34,-0.15,-16.4,-16.4,0.0,0.0,-0.0,-0.0,1865,822,0,5,15
440,62.85,33210,405.40,405.31,-0.09,-9.5,-9.5,0.0,0.0,-0.0,-0.0,1778,730,0,4,8
441,63.01,33211,405.41,405.29,-0.12,-13.6,-13.6,0.0,0.0,-0.0,-0.0,1790,753,0,5,12
442,63.10,33208,405.37,405.27,-0.10,-10.9,-10.9,0.0,0.0,-0.0,-0.0,1753,710,0,5,9
443,63.26,33206,405.35,405.25,-0.10,-10.9,-10.9,0.0,0.0,-0.0,-0.0,1728,684,0,5,9
444,63.43,33204,405.32,405.22,-0.10,-10.9,-10.9,0.0,0.0,-0.0,-0.0,1703,666,0,6,9
445,63.60,33201,405.29,405.19,-0.09,-9.5,-9.5,0.0,0.0,-0.0,-0.0,1665,626,0,5,8
446,63.68,33198,405.25,405.18,-0.06,-6.8,-6.8,0.0,0.0,-0.0,-0.0,1628,585,0,4,5
447,63.85,33196,405.22,405.16,-0.07,-8.2,-8.2,0.0,0.0,-0.0,-0.0,1603,562,0,5,6
448,64.01,33194,405.20,405.13,-0.07,-8.2,-8.2,0.0,0.0,-0.0,-0.0,1578,539,0,5,6
449,64.17,33195,405.21,405.10,-0.11,-12.3,-12.3,0.0,-0.0,-0.0,-0.0,1590,556,0,8,9
450,64.25,33193,405.19,405.09,-0.10,-10.9,-10.9,0.0,-0.0,-0.0,-0.0,1565,528,0,7,8
451,64.43,33190,405.15,405.06,-0.09,-9.5,-9.5,0.0,-0.0,-0.0,-0.0,1528,493,0,7,6
452,64.58,33187,405.11,405.04,-0.07,-8.2,-8.2,0.0,0.0,-0.0,-0.0,1490,454,0,6,5
453,64.67,33189,405.14,405.02,-0.11,-12.3,-12.3,0.0,-0.0,-0.0,-0.0,1515,483,0,9,8
454,64.84,33190,405.15,405.00,-0.16,-17.7,-17.7,0.0,-0.0,-0.0,-0.0,1528,497,0,12,12
455,65.00,33184,405.08,404.97,-0.11,-12.3,-12.3,0.0,-0.0,-0.0,-0.0,1453,419,0,10,7
456,65.17,33183,405.07,404.94,-0.12,-13.6,-13.6,0.0,-0.0,-0.0,-0.0,1440,410,0,11,8
457,65.25,33183,405.07,404.93,-0.13,-15.0,-15.0,0.0,-0.0,-0.0,-0.0,1440,410,0,12,9
458,65.42,33181,405.04,404.90,-0.13,-15.0,-15.0,0.0,0.0,-0.0,-0.0,1415,377,0,12,8
459,65.59,33178,405.00,404.87,-0.13,-15.0,-15.0,0.0,0.0,-0.0,-0.0,1378,341,0,13,7
460,65.68,33177,404.99,404.86,-0.13,-15.0,-15.0,0.0,-0.0,-0.0,-0.0,1365,329,0,13,7
461,65.83,33177,404.99,404.83,-0.16,-17.7,-17.7,0.0,-0.0,-0.0,-0.0,1365,332,0,15,8
462,66.00,33175,404.97,404.81,-0.16,-17.7,-17.7,0.0,-0.0,-0.0,-0.0,1340,311,0,15,8
463,66.17,33176,404.98,404.78,-0.21,-23.2,-23.2,0.0,-0.0,-0.0,-0.0,1353,319,0,20,11
464,66.26,33174,404.96,404.76,-0.20,-21.8,-21.8,0.0,-0.0,-0.0,-0.0,1328,298,0,19,9
465,66.43,33169,404.90,404.74,-0.16,-17.7,-17.7,0.0,-0.0,-0.0,-0.0,1265,229,0,16,6
466,66.61,33168,404.88,404.70,-0.18,-20.5,-20.5,0.0,-0.0,-0.0,-0.0,1253,216,0,19,6
467,66.70,33166,404.86,404.69,-0.17,-19.1,-19.1,0.0,-0.0,-0.0,-0.0,1228,191,0,18,5
468,66.87,33167,404.87,404.66,-0.21,-23.2,-23.2,0.0,0.0,-0.0,-0.0,1240,203,0,21,7
469,66.96,33169,404.90,404.65,-0.24,-27.3,-27.3,0.0,-0.0,-0.0,-0.0,1265,234,0,25,9
470,67.12,33168,404.88,404.62,-0.27,-30.0,-30.0,0.0,-0.0,-0.0,-0.0,1253,228,0,27,10
471,67.29,33167,404.87,404.59,-0.28,-31.4,-31.4,0.0,-0.0,-0.0,-0.0,1240,214,0,29,10
472,67.38,33166,404.86,404.58,-0.28,-31.4,-31.4,0.0,-0.0,-0.0,-0.0,1228,204,0,29,9
473,67.55,33162,404.81,404.55,-0.26,-28.6,-28.6,0.0,-0.0,-0.0,-0.0,1178,147,0,27,6
474,67.71,33158,404.76,404.52,-0.24,-27.3,-27.3,0.0,0.0,-0.0,-0.0,1128,89,0,26,4
475,67.88,33157,404.75,404.49,-0.26,-28.6,-28.6,0.0,0.0,-0.0,-0.0,1115,76,0,28,3
476,67.97,33156,404.74,404.48,-0.26,-28.6,-28.6,0.0,0.0,-0.0,-0.0,1103,61,0,28,3
477,68.13,33155,404.72,404.45,-0.27,-30.0,-30.0,0.0,-0.0,-0.0,-0.0,1090,54,0,29,2
478,68.29,33152,404.69,404.42,-0.27,-30.0,-30.0,0.0,-0.0,-0.0,-0.0,1053,17,0,29,1
479,68.39,33150,404.66,404.41,-0.26,-28.6,-28.6,0.0,-0.0,-0.0,-0.0,1028,4087,0,28,0
480,68.56,33147,404.63,404.38,-0.24,-27.3,-27.3,0.0,0.0,-0.0,-0.0,990,4047,0,26,-2
481,68.72,33145,404.60,404.35,-0.26,-28.6,-28.6,0.0,0.0,-0.0,-0.0,965,4023,0,28,-3
482,68.80,33145,404.60,404.33,-0.27,-30.0,-30.0,0.0,0.0,-0.0,-0.0,965,4023,0,29,-3
483,68.97,33141,404.55,404.31,-0.24,-27.3,-27.3,0.0,0.0,-0.0,-0.0,915,3972,0,26,-5
484,69.13,33137,404.50,404.28,-0.23,-25.9,-25.9,0.0,0.0,-0.0,-0.0,865,3918,0,24,-7
485,69.30,33135,404.48,404.25,-0.23,-25.9,-25.9,0.0,0.0,-0.0,-0.0,840,3895,0,24,-8
486,69.39,33132,404.44,404.23,-0.21,-23.2,-23.2,0.0,0.0,-0.0,-0.0,803,3854,0,21,-8
487,69.55,33128,404.39,404.20,-0.20,-21.8,-21.8,0.0,0.0,-0.0,-0.0,753,3803,0,19,-9
488,69.72,33125,404.36,404.18,-0.18,-20.5,-20.5,0.0,0.0,-0.0,-0.0,715,3766,0,17,-10
489,69.81,33125,404.36,404.16,-0.20,-21.8,-21.8,0.0,0.0,-0.0,-0.0,715,3768,0,19,-10
490,69.97,33119,404.28,404.13,-0.16,-17.7,-17.7,0.0,0.0,-0.0,-0.0,640,3688,0,14,-10
491,70.14,33113,404.21,404.10,-0.11,-12.3,-12.3,0.0,0.0,-0.0,-0.0,565,3614,0,9,-8
492,70.31,33109,404.16,404.07,-0.09,-9.5,-9.5,0.0,0.0,-0.0,-0.0,515,3560,0,6,-7
493,70.39,33108,404.15,404.06,-0.09,-9.5,-9.5,0.0,0.0,-0.0,-0.0,503,3552,0,6,-7
494,70.55,33105,404.11,404.03,-0.09,-9.5,-9.5,0.0,0.0,-0.0,-0.0,465,3513,0,6,-7
495,70.70,33100,404.05,404.00,-0.05,-5.5,-5.5,0.0,0.0,-0.0,-0.0,403,3449,0,3,-4
496,70.87,33097,404.02,403.97,-0.04,-4.1,-4.1,0.0,0.0,-0.0,-0.0,365,3417,0,2,-3
497,70.95,33097,404.02,403.96,-0.06,-6.8,-6.8,0.0,0.0,-0.0,-0.0,365,3420,0,3,-6
498,71.11,33091,403.94,403.93,-0.01,-1.4,-1.4,0.0,0.0,-0.0,-0.0,290,3339,0,1,-1
499,71.28,33087,403.89,403.90,0.01,1.4,1.4,0.0,0.0,-0.0,-0.0,240,1237,0,0,1
500,71.44,33087,403.89,403.87,-0.02,-2.7,-2.7,0.0,0.0,-0.0,-0.0,240,3296,0,1,-2
501,71.52,33085,403.87,403.86,-0.01,-1.4,-1.4,0.0,0.0,-0.0,-0.0,215,3268,0,0,-1
502,71.69,33082,403.83,403.83,0.00,0.0,0.0,0.0,0.0,-0.0,-0.0,178,1183,0,0,0
503,71.85,33082,403.83,403.80,-0.04,-4.1,-4.1,0.0,-0.0,-0.0,-0.0,178,3241,0,1,-4
504,72.01,33076,403.76,403.77,0.01,1.4,1.4,0.0,0.0,-0.0,-0.0,103,1110,0,0,1
505,72.10,33074,403.74,403.75,0.02,2.7,2.7,0.0,0.0,-0.0,-0.0,78,1081,0,0,3
506,72.27,33071,403.70,403.72,0.02,2.7,2.7,0.0,0.0,-0.0,-0.0,40,1046,0,0,3
507,72.43,33070,403.69,403.69,0.01,1.4,1.4,0.0,0.0,-0.0,-0.0,28,1033,0,0,1
508,72.58,33069,403.67,403.67,-0.01,-1.4,-1.4,0.0,0.0,-0.0,-0.0,15,3072,0,0,-1
509,72.67,33068,403.66,403.65,-0.01,-1.4,-1.4,0.0,-0.0,-0.0,-0.0,3,3062,0,0,-1
510,72.83,33069,403.67,403.62,-0.05,-5.5,-5.5,0.0,-0.0,-0.0,-0.0,15,3082,0,0,-5
511,73.00,33066,403.64,403.59,-0.05,-5.5,-5.5,0.0,-0.0,-0.0,-0.0,4074,3043,0,0,-5
512,73.09,33064,403.61,403.57,-0.04,-4.1,-4.1,0.0,-0.0,-0.0,-0.0,4049,3015,0,0,-4
513,73.26,33063,403.60,403.54,-0.06,-6.8,-6.8,0.0,-0.0,-0.0,-0.0,4036,3003,0,-1,-7
514,73.43,33063,403.60,403.51,-0.09,-9.5,-9.5,0.0,-0.0,-0.0,-0.0,4036,3005,0,-1,-9
515,73.51,33061,403.58,403.50,-0.09,-9.5,-9.5,0.0,-0.0,-0.0,-0.0,4011,2974,0,-1,-9
516,73.67,33059,403.55,403.47,-0.09,-9.5,-9.5,0.0,-0.0,-0.0,-0.0,3986,2951,0,-2,-9
517,73.83,33059,403.55,403.44,-0.11,-12.3,-12.3,0.0,-0.0,-0.0,-0.0,3986,2956,0,-2,-12
518,73.99,33059,403.55,403.41,-0.15,-16.4,-16.4,0.0,-0.0,-0.0,-0.0,3986,2956,0,-3,-16
519,74.16,33056,403.52,403.38,-0.13,-15.0,-15.0,0.0,-0.0,-0.0,-0.0,3949,2917,0,-3,-14
520,74.25,33053,403.48,403.36,-0.12,-13.6,-13.6,0.0,-0.0,-0.0,-0.0,3911,2875,0,-4,-13
521,74.42,33051,403.45,403.33,-0.12,-13.6,-13.6,0.0,-0.0,-0.0,-0.0,3886,2850,0,-4,-12
522,74.59,33052,403.47,403.30,-0.17,-19.1,-19.1,0.0,-0.0,-0.0,-0.0,3899,2864,0,-6,-18
523,74.68,33052,403.47,403.28,-0.18,-20.5,-20.5,0.0,-0.0,-0.0,-0.0,3899,2864,0,-6,-19
524,74.85,33051,403.45,403.25,-0.21,-23.2,-23.2,0.0,-0.0,-0.0,-0.0,3886,2855,0,-7,-21
525,75.00,33047,403.41,403.22,-0.18,-20.5,-20.5,0.0,-0.0,-0.0,-0.0,3836,2803,0,-8,-18
526,75.08,33047,403.41,403.20,-0.20,-21.8,-21.8,0.0,-0.0,-0.0,-0.0,3836,2806,0,-8,-19
527,75.25,33046,403.39,403.17,-0.22,-24.5,-24.5,0.0,-0.0,-0.0,-0.0,3824,2791,0,-10,-22
528,75.42,33044,403.37,403.14,-0.23,-25.9,-25.9,0.0,-0.0,-0.0,-0.0,3799,2763,0,-11,-22
529,75.51,33042,403.34,403.12,-0.22,-24.5,-24.5,0.0,-0.0,-0.0,-0.0,3774,2735,0,-12,-21
530,75.68,33042,403.34,403.09,-0.26,-28.6,-28.6,0.0,-0.0,-0.0,-0.0,3774,2742,0,-13,-24
531,75.84,33040,403.32,403.06,-0.26,-28.6,-28.6,0.0,-0.0,-0.0,-0.0,3749,2716,0,-14,-24
532,76.01,33039,403.31,403.03,-0.28,-31.4,-31.4,0.0,-0.0,-0.0,-0.0,3736,2703,0,-16,-26
533,76.09,33039,403.31,403.01,-0.29,-32.7,-32.7,0.0,-0.0,-0.0,-0.0,3736,2704,0,-17,-27
534,76.26,33037,403.28,402.98,-0.31,-34.1,-34.1,0.0,-0.0,-0.0,-0.0,3711,2680,0,-19,-27
535,76.43,33034,403.25,402.95,-0.29,-32.7,-32.7,0.0,-0.0,-0.0,-0.0,3674,2640,0,-20,-25
536,76.51,33034,403.25,402.93,-0.32,-35.5,-35.5,0.0,-0.0,-0.0,-0.0,3674,2641,0,-21,-27
537,76.68,33025,403.14,402.90,-0.23,-25.9,-25.9,0.0,0.0,-0.0,-0.0,3561,2516,0,-19,-17
538,76.85,33023,403.11,402.87,-0.24,-27.3,-27.3,0.0,0.0,-0.0,-0.0,3536,2490,0,-21,-17
539,76.93,33022,403.10,402.85,-0.24,-27.3,-27.3,0.0,0.0,-0.0,-0.0,3524,2477,0,-21,-16
540,77.10,33016,403.03,402.82,-0.21,-23.2,-23.2,0.0,0.0,-0.0,-0.0,3449,2399,0,-19,-12
541,77.27,33018,403.05,402.79,-0.27,-30.0,-30.0,0.0,0.0,-0.0,-0.0,3474,2434,0,-24,-16
542,77.44,33014,403.00,402.76,-0.24,-27.3,-27.3,0.0,-0.0,-0.0,-0.0,3424,2387,0,-23,-13
543,77.52,33010,402.95,402.74,-0.22,-24.5,-24.5,0.0,0.0,-0.0,-0.0,3374,2330,0,-22,-10
544,77.69,33004,402.88,402.71,-0.17,-19.1,-19.1,0.0,0.0,-0.0,-0.0,3299,2252,0,-18,-6
545,77.86,33004,402.88,402.67,-0.21,-23.2,-23.2,0.0,0.0,-0.0,-0.0,3299,2258,0,-21,-7
546,77.95,33001,402.84,402.66,-0.18,-20.5,-20.5,0.0,0.0,-0.0,-0.0,3261,2208,0,-19,-5
547,78.12,32996,402.78,402.62,-0.16,-17.7,-17.7,0.0,0.0,-0.0,-0.0,3199,2150,0,-17,-3
548,78.29,32994,402.76,402.59,-0.17,-19.1,-19.1,0.0,0.0,-0.0,-0.0,3174,2133,0,-18,-2
549,78.37,32994,402.76,402.57,-0.18,-20.5,-20.5,0.0,-0.0,-0.0,-0.0,3174,2135,0,-20,-3
550,78.55,32988,402.69,402.54,-0.15,-16.4,-16.4,0.0,0.0,-0.0,-0.0,3099,2052,0,-16,0
551,78.70,32981,402.60,402.51,-0.09,-9.5,-9.5,0.0,0.0,-0.0,-0.0,3011,1962,0,-9,1
552,78.79,32981,402.60,402.49,-0.11,-12.3,-12.3,0.0,0.0,-0.0,-0.0,3011,1964,0,-12,2
553,78.95,32978,402.56,402.46,-0.11,-12.3,-12.3,0.0,0.0,-0.0,-0.0,2974,1927,0,-12,2
554,79.12,32972,402.49,402.43,-0.06,-6.8,-6.8,0.0,0.0,-0.0,-0.0,2899,1848,0,-6,2
555,79.29,32967,402.43,402.39,-0.04,-4.1,-4.1,0.0,0.0,-0.0,-0.0,2836,1789,0,-4,2
556,79.37,32965,402.40,402.38,-0.02,-2.7,-2.7,0.0,0.0,-0.0,-0.0,2811,1762,0,-2,1
557,79.54,32959,402.33,402.34,0.01,1.4,1.4,0.0,0.0,-0.0,-0.0,2736,3727,0,1,-1
558,79.72,32958,402.32,402.31,-0.01,-1.4,-1.4,0.0,0.0,-0.0,-0.0,2724,1676,0,-1,1
559,79.80,32955,402.28,402.29,0.01,1.4,1.4,0.0,0.0,-0.0,-0.0,2686,3684,0,1,-1
560,79.97,32952,402.25,402.26,0.01,1.4,1.4,0.0,0.0,-0.0,-0.0,2649,3653,0,1,-1
561,80.13,32948,402.20,402.23,0.02,2.7,2.7,0.0,0.0,-0.0,-0.0,2599,3604,0,2,-2
562,80.29,32946,402.17,402.19,0.02,2.7,2.7,0.0,0.0,-0.0,-0.0,2574,3580,0,2,-2
563,80.38,32946,402.17,402.18,0.00,0.0,0.0,0.0,0.0,-0.0,-0.0,2574,3579,0,0,0
564,80.55,32942,402.12,402.14,0.01,1.4,1.4,0.0,0.0,-0.0,-0.0,2524,3532,0,1,-1
565,80.71,32939,402.09,402.11,0.02,2.7,2.7,0.0,-0.0,-0.0,-0.0,2486,3495,0,2,-2
566,80.79,32938,402.08,402.09,0.01,1.4,1.4,0.0,-0.0,-0.0,-0.0,2474,3483,0,1,-1
567,80.96,32936,402.05,402.06,0.01,1.4,1.4,0.0,-0.0,-0.0,-0.0,2449,3458,0,1,-1
568,81.13,32932,402.00,402.02,0.02,2.7,2.7,0.0,-0.0,-0.0,-0.0,2399,3408,0,1,-2
569,81.21,32932,402.00,402.01,0.00,0.0,0.0,0.0,-0.0,-0.0,-0.0,2399,3407,0,0,0
570,81.39,32929,401.97,401.97,0.01,1.4,1.4,0.0,-0.0,-0.0,-0.0,2361,3370,0,1,-1
571,81.56,32926,401.93,401.94,0.01,1.4,1.4,0.0,-0.0,-0.0,-0.0,2324,3333,0,1,-1
572,81.64,32926,401.93,401.92,-0.01,-1.4,-1.4,0.0,-0.0,-0.0,-0.0,2324,1285,0,-1,1
573,81.81,32921,401.87,401.89,0.01,1.4,1.4,0.0,-0.0,-0.0,-0.0,2261,3269,0,0,-1
574,81.97,32918,401.83,401.85,0.02,2.7,2.7,0.0,0.0,-0.0,-0.0,2224,3229,0,1,-3
575,82.14,32917,401.82,401.82,0.00,0.0,0.0,0.0,-0.0,-0.0,-0.0,2211,3222,0,0,0
576,82.22,32916,401.81,401.80,0.00,0.0,0.0,0.0,-0.0,-0.0,-0.0,2199,3207,0,0,0
577,82.38,32916,401.81,401.77,-0.04,-4.1,-4.1,0.0,-0.0,-0.0,-0.0,2199,1164,0,-1,4
578,82.55,32916,401.81,401.73,-0.07,-8.2,-8.2,0.0,-0.0,-0.0,-0.0,2199,1172,0,-2,8
579,82.65,32917,401.82,401.71,-0.11,-12.3,-12.3,0.0,-0.0,-0.0,-0.0,2211,1185,0,-3,12
580,82.81,32914,401.78,401.68,-0.10,-10.9,-10.9,0.0,-0.0,-0.0,-0.0,2174,1146,0,-2,10
581,82.98,32912,401.76,401.64,-0.11,-12.3,-12.3,0.0,-0.0,-0.0,-0.0,2149,1119,0,-2,12
582,83.14,32911,401.75,401.61,-0.13,-15.0,-15.0,0.0,-0.0,-0.0,-0.0,2136,1105,0,-2,14
583,83.23,32910,401.73,401.59,-0.13,-15.0,-15.0,0.0,-0.0,-0.0,-0.0,2124,1091,0,-1,14
584,83.40,32906,401.68,401.56,-0.12,-13.6,-13.6,0.0,0.0,-0.0,-0.0,2074,1033,0,0,13
585,83.56,32905,401.67,401.52,-0.15,-16.4,-16.4,0.0,-0.0,-0.0,-0.0,2061,1025,0,0,16
586,83.65,32905,401.67,401.51,-0.17,-19.1,-19.1,0.0,-0.0,-0.0,-0.0,2061,1026,0,0,18
587,83.81,32902,401.64,401.47,-0.17,-19.1,-19.1,0.0,-0.0,-0.0,-0.0,2024,987,0,1,18
588,83.99,32902,401.64,401.44,-0.20,-21.8,-21.8,0.0,-0.0,-0.0,-0.0,2024,991,0,1,21
589,84.07,32902,401.64,401.42,-0.22,-24.5,-24.5,0.0,-0.0,-0.0,-0.0,2024,994,0,1,24
590,84.24,32898,401.59,401.38,-0.21,-23.2,-23.2,0.0,-0.0,-0.0,-0.0,1974,940,0,3,22
591,84.41,32897,401.57,401.35,-0.23,-25.9,-25.9,0.0,-0.0,-0.0,-0.0,1961,926,0,4,25
592,84.50,32897,401.57,401.33,-0.24,-27.3,-27.3,0.0,-0.0,-0.0,-0.0,1961,929,0,4,26
593,84.66,32897,401.57,401.29,-0.28,-31.4,-31.4,0.0,-0.0,-0.0,-0.0,1961,930,0,4,30
594,84.83,32892,401.51,401.26,-0.26,-28.6,-28.6,0.0,-0.0,-0.0,-0.0,1899,862,0,7,27
595,85.00,32892,401.51,401.22,-0.29,-32.7,-32.7,0.0,-0.0,-0.0,-0.0,1899,867,0,8,31
596,85.08,32889,401.48,401.20,-0.27,-30.0,-30.0,0.0,-0.0,-0.0,-0.0,1861,825,0,9,28
597,85.25,32887,401.45,401.17,-0.28,-31.4,-31.4,0.0,-0.0,-0.0,-0.0,1836,797,0,10,29
598,85.41,32881,401.38,401.13,-0.24,-27.3,-27.3,0.0,0.0,-0.0,-0.0,1761,715,0,12,24
599,85.50,32881,401.38,401.11,-0.27,-30.0,-30.0,0.0,-0.0,-0.0,-0.0,1761,719,0,13,26
600,85.67,32879,401.35,401.08,-0.28,-31.4,-31.4,0.0,0.0,-0.0,-0.0,1736,693,0,15,27
601,85.83,32875,401.31,401.04,-0.27,-30.0,-30.0,0.0,0.0,-0.0,-0.0,1686,643,0,16,24
602,86.00,32870,401.25,401.01,-0.24,-27.3,-27.3,0.0,0.0,-0.0,-0.0,1624,580,0,17,21
603,86.09,32870,401.25,400.99,-0.26,-28.6,-28.6,0.0,-0.0,-0.0,-0.0,1624,583,0,17,22
604,86.25,32866,401.20,400.95,-0.24,-27.3,-27.3,0.0,0.0,-0.0,-0.0,1574,528,0,18,19
605,86.42,32864,401.17,400.92,-0.26,-28.6,-28.6,0.0,0.0,-0.0,-0.0,1549,504,0,20,19
606,86.51,32861,401.14,400.90,-0.24,-27.3,-27.3,0.0,0.0,-0.0,-0.0,1511,464,0,20,17
607,86.69,32857,401.09,400.86,-0.23,-25.9,-25.9,0.0,0.0,-0.0,-0.0,1461,417,0,20,15
608,86.86,32852,401.03,400.82,-0.21,-23.2,-23.2,0.0,0.0,-0.0,-0.0,1399,353,0,19,12
609,86.94,32849,400.99,400.80,-0.18,-20.5,-20.5,0.0,0.0,-0.0,-0.0,1361,312,0,18,9
610,87.11,32843,400.92,400.77,-0.15,-16.4,-16.4,0.0,0.0,-0.0,-0.0,1286,233,0,15,6
611,87.28,32837,400.84,400.73,-0.11,-12.3,-12.3,0.0,0.0,-0.0,-0.0,1211,157,0,12,3
612,87.37,32835,400.82,400.71,-0.11,-12.3,-12.3,0.0,0.0,-0.0,-0.0,1186,126,0,12,2
613,87.54,32832,400.78,400.67,-0.11,-12.3,-12.3,0.0,0.0,-0.0,-0.0,1149,96,0,12,2
614,87.71,32829,400.74,400.64,-0.11,-12.3,-12.3,0.0,0.0,-0.0,-0.0,1111,62,0,12,1
615,87.79,32828,400.73,400.62,-0.11,-12.3,-12.3,0.0,0.0,-0.0,-0.0,1099,52,0,12,1
616,87.96,32825,400.70,400.58,-0.11,-12.3,-12.3,0.0,0.0,-0.0,-0.0,1061,20,0,12,0
617,88.13,32818,400.61,400.54,-0.06,-6.8,-6.8,0.0,0.0,-0.0,-0.0,974,4023,0,7,-1
618,88.22,32816,400.59,400.52,-0.06,-6.8,-6.8,0.0,0.0,-0.0,-0.0,949,3995,0,7,-1
619,88.38,32815,400.57,400.49,-0.09,-9.5,-9.5,0.0,0.0,-0.0,-0.0,936,3987,0,9,-2
620,88.54,32810,400.51,400.45,-0.06,-6.8,-6.8,0.0,0.0,-0.0,-0.0,874,3923,0,6,-2
621,88.71,32805,400.45,400.41,-0.04,-4.1,-4.1,0.0,0.0,-0.0,-0.0,811,3855,0,4,-1
622,88.80,32803,400.43,400.40,-0.04,-4.1,-4.1,0.0,0.0,-0.0,-0.0,786,3835,0,4,-2
623,88.97,32803,400.43,400.36,-0.07,-8.2,-8.2,0.0,0.0,-0.0,-0.0,786,3839,0,7,-3
624,89.13,32796,400.34,400.32,-0.02,-2.7,-2.7,0.0,0.0,-0.0,-0.0,699,3749,0,2,-1
625,89.22,32795,400.33,400.30,-0.02,-2.7,-2.7,0.0,0.0,-0.0,-0.0,686,3734,0,2,-1
626,89.39,32796,400.34,400.26,-0.07,-8.2,-8.2,0.0,-0.0,-0.0,-0.0,699,3757,0,7,-4
627,89.56,32792,400.29,400.23,-0.07,-8.2,-8.2,0.0,-0.0,-0.0,-0.0,649,3704,0,7,-4
628,89.65,32790,400.27,400.21,-0.06,-6.8,-6.8,0.0,0.0,-0.0,-0.0,624,3676,0,5,-4
629,89.81,32787,400.23,400.17,-0.06,-6.8,-6.8,0.0,-0.0,-0.0,-0.0,586,3644,0,5,-4
630,89.99,32781,400.16,400.13,-0.02,-2.7,-2.7,0.0,0.0,-0.0,-0.0,511,3559,0,2,-2
631,90.08,32780,400.15,400.11,-0.04,-4.1,-4.1,0.0,0.0,-0.0,-0.0,499,3546,0,3,-3
632,90.25,32779,400.13,400.07,-0.06,-6.8,-6.8,0.0,0.0,-0.0,-0.0,486,3539,0,4,-5
633,90.41,32777,400.11,400.04,-0.07,-8.2,-8.2,0.0,-0.0,-0.0,-0.0,461,3518,0,5,-6
634,90.49,32777,400.11,400.02,-0.10,-10.9,-10.9,0.0,-0.0,-0.0,-0.0,461,3517,0,7,-8
635,90.66,32775,400.09,399.98,-0.11,-12.3,-12.3,0.0,-0.0,-0.0,-0.0,436,3499,0,7,-9
636,90.83,32771,400.04,399.94,-0.10,-10.9,-10.9,0.0,-0.0,-0.0,-0.0,386,3445,0,6,-9
637,90.92,32771,400.04,399.92,-0.12,-13.6,-13.6,0.0,-0.0,-0.0,-0.0,386,3445,0,7,-11
638,91.08,32766,399.98,399.88,-0.10,-10.9,-10.9,0.0,-0.0,-0.0,-0.0,324,3380,0,5,-9
639,91.25,32764,399.95,399.84,-0.11,-12.3,-12.3,0.0,0.0,-0.0,-0.0,299,3351,0,5,-11
640,91.42,32766,399.98,399.80,-0.17,-19.1,-19.1,0.0,-0.0,-0.0,-0.0,324,3388,0,9,-16
641,91.51,32766,399.98,399.79,-0.20,-21.8,-21.8,0.0,-0.0,-0.0,-0.0,324,3388,0,10,-19
642,91.67,32765,399.96,399.75,-0.22,-24.5,-24.5,0.0,-0.0,-0.0,-0.0,311,3377,0,11,-21
643,91.84,32760,399.90,399.71,-0.20,-21.8,-21.8,0.0,-0.0,-0.0,-0.0,249,3315,0,8,-20
644,91.93,32760,399.90,399.69,-0.22,-24.5,-24.5,0.0,-0.0,-0.0,-0.0,249,3315,0,9,-22
645,92.10,32753,399.82,399.65,-0.17,-19.1,-19.1,0.0,0.0,-0.0,-0.0,161,3214,0,4,-18
646,92.27,32753,399.82,399.61,-0.21,-23.2,-23.2,0.0,-0.0,-0.0,-0.0,161,3214,0,5,-22
647,92.36,32751,399.79,399.59,-0.21,-23.2,-23.2,0.0,0.0,-0.0,-0.0,136,3186,0,4,-22
648,92.53,32750,399.78,399.55,-0.23,-25.9,-25.9,0.0,-0.0,-0.0,-0.0,124,3181,0,4,-25
649,92.69,32748,399.76,399.51,-0.24,-27.3,-27.3,0.0,-0.0,-0.0,-0.0,99,3158,0,3,-26
650,92.77,32746,399.73,399.49,-0.24,-27.3,-27.3,0.0,-0.0,-0.0,-0.0,74,3135,0,3,-26
651,92.93,32744,399.71,399.46,-0.26,-28.6,-28.6,0.0,-0.0,-0.0,-0.0,49,3108,0,2,-28
652,93.11,32739,399.65,399.42,-0.23,-25.9,-25.9,0.0,-0.0,-0.0,-0.0,4082,3041,0,-1,-25
653,93.27,32736,399.61,399.38,-0.23,-25.9,-25.9,0.0,0.0,-0.0,-0.0,4045,3002,0,-3,-25
654,93.36,32735,399.60,399.36,-0.24,-27.3,-27.3,0.0,0.0,-0.0,-0.0,4032,2987,0,-3,-26
655,93.54,32731,399.55,399.32,-0.23,-25.9,-25.9,0.0,0.0,-0.0,-0.0,3982,2937,0,-5,-25
656,93.70,32727,399.50,399.28,-0.22,-24.5,-24.5,0.0,-0.0,-0.0,-0.0,3932,2891,0,-7,-23
657,93.79,32725,399.48,399.26,-0.22,-24.5,-24.5,0.0,0.0,-0.0,-0.0,3907,2862,0,-8,-23
658,93.97,32722,399.44,399.22,-0.22,-24.5,-24.5,0.0,0.0,-0.0,-0.0,3870,2825,0,-9,-22
659,94.13,32720,399.41,399.18,-0.23,-25.9,-25.9,0.0,0.0,-0.0,-0.0,3845,2801,0,-10,-23
660,94.22,32717,399.38,399.16,-0.22,-24.5,-24.5,0.0,0.0,-0.0,-0.0,3807,2761,0,-11,-21
661,94.39,32714,399.34,399.12,-0.22,-24.5,-24.5,0.0,0.0,-0.0,-0.0,3770,2728,0,-12,-21
662,94.55,32707,399.26,399.08,-0.18,-20.5,-20.5,0.0,0.0,-0.0,-0.0,3682,2636,0,-12,-16
663,94.64,32705,399.23,399.06,-0.17,-19.1,-19.1,0.0,0.0,-0.0,-0.0,3657,2607,0,-12,-14
664,94.81,32701,399.18,399.02,-0.17,-19.1,-19.1,0.0,0.0,-0.0,-0.0,3607,2556,0,-13,-13
665,94.98,32697,399.13,398.98,-0.16,-17.7,-17.7,0.0,0.0,-0.0,-0.0,3557,2505,0,-13,-11
666,95.07,32694,399.10,398.95,-0.15,-16.4,-16.4,0.0,0.0,-0.0,-0.0,3520,2464,0,-13,-9
667,95.24,32688,399.02,398.91,-0.11,-12.3,-12.3,0.0,0.0,-0.0,-0.0,3445,2393,0,-10,-6
668,95.40,32685,398.99,398.88,-0.11,-12.3,-12.3,0.0,0.0,-0.0,-0.0,3407,2358,0,-11,-5
669,95.48,32685,398.99,398.86,-0.13,-15.0,-15.0,0.0,0.0,-0.0,-0.0,3407,2358,0,-13,-7
670,95.65,32680,398.93,398.82,-0.11,-12.3,-12.3,0.0,0.0,-0.0,-0.0,3345,2297,0,-11,-4
671,95.82,32676,398.88,398.78,-0.10,-10.9,-10.9,0.0,0.0,-0.0,-0.0,3295,2251,0,-10,-3
672,95.91,32674,398.85,398.75,-0.10,-10.9,-10.9,0.0,0.0,-0.0,-0.0,3270,2223,0,-10,-3
673,96.07,32672,398.83,398.72,-0.11,-12.3,-12.3,0.0,0.0,-0.0,-0.0,3245,2201,0,-12,-3
674,96.23,32671,398.82,398.68,-0.13,-15.0,-15.0,0.0,0.0,-0.0,-0.0,3232,2188,0,-14,-3
675,96.40,32666,398.75,398.64,-0.12,-13.6,-13.6,0.0,-0.0,-0.0,-0.0,3170,2131,0,-13,-2
676,96.49,32660,398.68,398.61,-0.07,-8.2,-8.2,0.0,0.0,-0.0,-0.0,3095,2045,0,-8,0
677,96.66,32659,398.67,398.57,-0.10,-10.9,-10.9,0.0,0.0,-0.0,-0.0,3082,2038,0,-11,0
678,96.82,32654,398.61,398.53,-0.07,-8.2,-8.2,0.0,0.0,-0.0,-0.0,3020,1972,0,-8,1
679,96.91,32653,398.60,398.51,-0.09,-9.5,-9.5,0.0,0.0,-0.0,-0.0,3007,1955,0,-9,1
680,97.08,32651,398.57,398.47,-0.10,-10.9,-10.9,0.0,0.0,-0.0,-0.0,2982,1937,0,-10,2
681,97.25,32647,398.52,398.43,-0.10,-10.9,-10.9,0.0,-0.0,-0.0,-0.0,2932,1891,0,-10,3
682,97.34,32646,398.51,398.41,-0.10,-10.9,-10.9,0.0,0.0,-0.0,-0.0,2920,1874,0,-10,3
683,97.50,32643,398.47,398.37,-0.11,-12.3,-12.3,0.0,-0.0,-0.0,-0.0,2882,1842,0,-11,4
684,97.66,32641,398.45,398.33,-0.12,-13.6,-13.6,0.0,-0.0,-0.0,-0.0,2857,1816,0,-12,5
685,97.83,32639,398.43,398.29,-0.13,-15.0,-15.0,0.0,-0.0,-0.0,-0.0,2832,1793,0,-13,6
686,97.92,32636,398.39,398.27,-0.12,-13.6,-13.6,0.0,-0.0,-0.0,-0.0,2795,1753,0,-12,6
687,98.09,32632,398.34,398.23,-0.11,-12.3,-12.3,0.0,0.0,-0.0,-0.0,2745,1702,0,-10,6
688,98.25,32628,398.29,398.18,-0.11,-12.3,-12.3,0.0,0.0,-0.0,-0.0,2695,1650,0,-10,7
689,98.34,32625,398.25,398.16,-0.09,-9.5,-9.5,0.0,0.0,-0.0,-0.0,2657,1608,0,-7,6
690,98.51,32624,398.24,398.12,-0.12,-13.6,-13.6,0.0,0.0,-0.0,-0.0,2645,1599,0,-10,8
691,98.69,32623,398.23,398.08,-0.15,-16.4,-16.4,0.0,-0.0,-0.0,-0.0,2632,1591,0,-12,10
692,98.84,32621,398.21,398.04,-0.17,-19.1,-19.1,0.0,-0.0,-0.0,-0.0,2607,1570,0,-14,12
693,98.93,32620,398.19,398.02,-0.17,-19.1,-19.1,0.0,-0.0,-0.0,-0.0,2595,1559,0,-14,13
694,99.09,32617,398.16,397.98,-0.18,-20.5,-20.5,0.0,-0.0,-0.0,-0.0,2557,1523,0,-14,14
695,99.26,32612,398.10,397.94,-0.16,-17.7,-17.7,0.0,-0.0,-0.0,-0.0,2495,1453,0,-11,14
696,99.35,32610,398.07,397.91,-0.16,-17.7,-17.7,0.0,-0.0,-0.0,-0.0,2470,1425,0,-10,14
697,99.52,32606,398.02,397.87,-0.15,-16.4,-16.4,0.0,0.0,-0.0,-0.0,2420,1375,0,-8,14
698,99.68,32606,398.02,397.83,-0.20,-21.8,-21.8,0.0,-0.0,-0.0,-0.0,2420,1379,0,-11,18
699,99.78,32605,398.01,397.81,-0.21,-23.2,-23.2,0.0,-0.0,-0.0,-0.0,2407,1363,0,-11,19
700,99.94,32600,397.95,397.77,-0.18,-20.5,-20.5,0.0,-0.0,-0.0,-0.0,2345,1304,0,-8,18
701,100.11,32599,397.94,397.73,-0.21,-23.2,-23.2,0.0,-0.0,-0.0,-0.0,2332,1295,0,-9,21
702,100.19,32598,397.92,397.70,-0.22,-24.5,-24.5,0.0,-0.0,-0.0,-0.0,2320,1284,0,-9,22
703,100.36,32596,397.90,397.66,-0.23,-25.9,-25.9,0.0,-0.0,-0.0,-0.0,2295,1256,0,-9,24
704,100.52,32591,397.84,397.62,-0.22,-24.5,-24.5,0.0,-0.0,-0.0,-0.0,2232,1189,0,-6,23
705,100.69,32590,397.83,397.58,-0.24,-27.3,-27.3,0.0,-0.0,-0.0,-0.0,2220,1182,0,-6,26
706,100.78,32587,397.79,397.56,-0.23,-25.9,-25.9,0.0,-0.0,-0.0,-0.0,2182,1139,0,-4,25
707,100.95,32582,397.73,397.51,-0.22,-24.5,-24.5,0.0,0.0,-0.0,-0.0,2120,1075,0,-2,24
708,101.11,32578,397.68,397.47,-0.21,-23.2,-23.2,0.0,0.0,-0.0,-0.0,2070,1023,0,0,22
709,101.20,32575,397.64,397.45,-0.20,-21.8,-21.8,0.0,0.0,-0.0,-0.0,2032,983,0,1,21
710,101.36,32569,397.57,397.41,-0.16,-17.7,-17.7,0.0,0.0,-0.0,-0.0,1957,903,0,3,17
711,101.54,32566,397.53,397.37,-0.17,-19.1,-19.1,0.0,0.0,-0.0,-0.0,1920,867,0,4,18
712,101.62,32564,397.51,397.34,-0.17,-19.1,-19.1,0.0,0.0,-0.0,-0.0,1895,843,0,5,18
713,101.79,32564,397.51,397.30,-0.21,-23.2,-23.2,0.0,0.0,-0.0,-0.0,1895,850,0,6,22
714,101.95,32557,397.42,397.26,-0.17,-19.1,-19.1,0.0,0.0,-0.0,-0.0,1807,761,0,7,17
715,102.11,32552,397.36,397.22,-0.15,-16.4,-16.4,0.0,0.0,-0.0,-0.0,1745,698,0,8,14
716,102.20,32552,397.36,397.20,-0.17,-19.1,-19.1,0.0,0.0,-0.0,-0.0,1745,699,0,9,16
717,102.36,32548,397.31,397.15,-0.16,-17.7,-17.7,0.0,0.0,-0.0,-0.0,1695,648,0,9,14
718,102.54,32543,397.25,397.11,-0.15,-16.4,-16.4,0.0,0.0,-0.0,-0.0,1632,583,0,10,12
719,102.63,32537,397.18,397.09,-0.10,-10.9,-10.9,0.0,0.0,-0.0,-0.0,1557,501,0,8,7
720,102.79,32535,397.16,397.04,-0.11,-12.3,-12.3,0.0,0.0,-0.0,-0.0,1532,483,0,9,8
721,102.96,32532,397.12,397.00,-0.12,-13.6,-13.6,0.0,0.0,-0.0,-0.0,1495,444,0,10,8
722,103.04,32532,397.12,396.98,-0.13,-15.0,-15.0,0.0,0.0,-0.0,-0.0,1495,446,0,11,9
723,103.21,32527,397.06,396.94,-0.12,-13.6,-13.6,0.0,0.0,-0.0,-0.0,1432,385,0,11,7
724,103.39,32523,397.01,396.89,-0.12,-13.6,-13.6,0.0,-0.0,-0.0,-0.0,1382,341,0,11,7
725,103.47,32521,396.98,396.87,-0.11,-12.3,-12.3,0.0,0.0,-0.0,-0.0,1357,311,0,11,5
726,103.64,32517,396.94,396.83,-0.11,-12.3,-12.3,0.0,0.0,-0.0,-0.0,1307,262,0,11,5
727,103.81,32511,396.86,396.78,-0.09,-9.5,-9.5,0.0,0.0,-0.0,-0.0,1232,184,0,9,3
728,103.97,32507,396.81,396.74,-0.07,-8.2,-8.2,0.0,0.0,-0.0,-0.0,1182,130,0,8,2
729,104.06,32507,396.81,396.72,-0.10,-10.9,-10.9,0.0,0.0,-0.0,-0.0,1182,131,0,10,2
730,104.22,32504,396.78,396.67,-0.10,-10.9,-10.9,0.0,0.0,-0.0,-0.0,1145,99,0,10,2
731,104.40,32501,396.74,396.63,-0.11,-12.3,-12.3,0.0,-0.0,-0.0,-0.0,1107,65,0,12,1
732,104.49,32501,396.74,396.61,-0.13,-15.0,-15.0,0.0,-0.0,-0.0,-0.0,1107,67,0,14,1
733,104.66,32499,396.72,396.56,-0.16,-17.7,-17.7,0.0,-0.0,-0.0,-0.0,1082,46,0,17,1
734,104.83,32495,396.67,396.52,-0.15,-16.4,-16.4,0.0,-0.0,-0.0,-0.0,1032,4087,0,16,0
735,104.91,32493,396.64,396.49,-0.15,-16.4,-16.4,0.0,-0.0,-0.0,-0.0,1007,4062,0,16,-1
736,105.09,32488,396.58,396.45,-0.13,-15.0,-15.0,0.0,-0.0,-0.0,-0.0,945,3999,0,14,-2
737,105.25,32487,396.57,396.40,-0.17,-19.1,-19.1,0.0,-0.0,-0.0,-0.0,932,3983,0,18,-3
738,105.34,32486,396.56,396.38,-0.17,-19.1,-19.1,0.0,-0.0,-0.0,-0.0,920,3972,0,18,-3
739,105.51,32481,396.50,396.34,-0.16,-17.7,-17.7,0.0,-0.0,-0.0,-0.0,857,3908,0,16,-5
740,105.67,32475,396.42,396.29,-0.13,-15.0,-15.0,0.0,0.0,-0.0,-0.0,782,3830,0,13,-6
741,105.76,32474,396.41,396.27,-0.15,-16.4,-16.4,0.0,-0.0,-0.0,-0.0,770,3820,0,14,-7
742,105.93,32467,396.33,396.22,-0.10,-10.9,-10.9,0.0,0.0,-0.0,-0.0,682,3725,0,9,-6
743,106.11,32466,396.31,396.18,-0.13,-15.0,-15.0,0.0,0.0,-0.0,-0.0,670,3715,0,12,-8
744,106.19,32465,396.30,396.16,-0.15,-16.4,-16.4,0.0,0.0,-0.0,-0.0,657,3705,0,13,-9
745,106.36,32463,396.28,396.11,-0.17,-19.1,-19.1,0.0,-0.0,-0.0,-0.0,632,3686,0,15,-11
746,106.53,32462,396.26,396.07,-0.20,-21.8,-21.8,0.0,-0.0,-0.0,-0.0,620,3680,0,17,-13
747,106.62,32461,396.25,396.04,-0.21,-23.2,-23.2,0.0,-0.0,-0.0,-0.0,607,3670,0,18,-14
748,106.79,32455,396.18,396.00,-0.18,-20.5,-20.5,0.0,-0.0,-0.0,-0.0,532,3587,0,14,-14
749,106.95,32450,396.12,395.95,-0.16,-17.7,-17.7,0.0,0.0,-0.0,-0.0,470,3522,0,11,-13
750,107.04,32450,396.12,395.93,-0.18,-20.5,-20.5,0.0,-0.0,-0.0,-0.0,470,3521,0,13,-15
751,107.21,32446,396.07,395.89,-0.18,-20.5,-20.5,0.0,0.0,-0.0,-0.0,420,3469,0,11,-16
752,107.38,32443,396.03,395.84,-0.20,-21.8,-21.8,0.0,0.0,-0.0,-0.0,382,3432,0,11,-18
753,107.47,32441,396.01,395.82,-0.20,-21.8,-21.8,0.0,-0.0,-0.0,-0.0,357,3406,0,10,-18
754,107.63,32438,395.97,395.77,-0.20,-21.8,-21.8,0.0,-0.0,-0.0,-0.0,320,3375,0,9,-19
755,107.81,32435,395.94,395.73,-0.21,-23.2,-23.2,0.0,-0.0,-0.0,-0.0,282,3334,0,9,-21
756,107.97,32426,395.83,395.68,-0.15,-16.4,-16.4,0.0,0.0,-0.0,-0.0,170,3215,0,3,-15
757,108.06,32425,395.81,395.66,-0.16,-17.7,-17.7,0.0,0.0,-0.0,-0.0,157,3201,0,3,-17
758,108.23,32421,395.76,395.61,-0.16,-17.7,-17.7,0.0,0.0,-0.0,-0.0,107,3151,0,2,-17
759,108.40,32420,395.75,395.56,-0.18,-20.5,-20.5,0.0,0.0,-0.0,-0.0,95,3144,0,2,-20
760,108.48,32420,395.75,395.54,-0.21,-23.2,-23.2,0.0,0.0,-0.0,-0.0,95,3146,0,3,-22
761,108.65,32417,395.72,395.50,-0.22,-24.5,-24.5,0.0,-0.0,-0.0,-0.0,57,3116,0,2,-24
762,108.82,32407,395.59,395.45,-0.15,-16.4,-16.4,0.0,0.0,-0.0,-0.0,4028,2981,0,-2,-16
763,108.91,32404,395.56,395.43,-0.13,-15.0,-15.0,0.0,0.0,-0.0,-0.0,3991,2940,0,-3,-14
764,109.08,32403,395.54,395.38,-0.17,-19.1,-19.1,0.0,0.0,-0.0,-0.0,3978,2928,0,-4,-18
765,109.25,32396,395.46,395.33,-0.12,-13.6,-13.6,0.0,0.0,-0.0,-0.0,3891,2833,0,-5,-12
766,109.34,32396,395.46,395.31,-0.15,-16.4,-16.4,0.0,0.0,-0.0,-0.0,3891,2835,0,-6,-15
767,109.51,32391,395.40,395.26,-0.13,-15.0,-15.0,0.0,0.0,-0.0,-0.0,3828,2781,0,-6,-13
768,109.68,32390,395.39,395.22,-0.17,-19.1,-19.1,0.0,-0.0,-0.0,-0.0,3816,2773,0,-8,-17
769,109.77,32386,395.34,395.19,-0.15,-16.4,-16.4,0.0,0.0,-0.0,-0.0,3766,2715,0,-8,-14
770,109.94,32378,395.24,395.15,-0.10,-10.9,-10.9,0.0,0.0,-0.0,-0.0,3666,2616,0,-7,-8
771,110.10,32374,395.19,395.10,-0.09,-9.5,-9.5,0.0,0.0,-0.0,-0.0,3616,2563,0,-7,-7
772,110.19,32372,395.17,395.08,-0.09,-9.5,-9.5,0.0,0.0,-0.0,-0.0,3591,2538,0,-7,-6
773,110.35,32371,395.15,395.03,-0.12,-13.6,-13.6,0.0,0.0,-0.0,-0.0,3578,2527,0,-10,-9
774,110.52,32364,395.07,394.98,-0.09,-9.5,-9.5,0.0,0.0,-0.0,-0.0,3491,2439,0,-8,-5
775,110.61,32364,395.07,394.96,-0.11,-12.3,-12.3,0.0,-0.0,-0.0,-0.0,3491,2445,0,-10,-7
776,110.78,32361,395.03,394.91,-0.12,-13.6,-13.6,0.0,-0.0,-0.0,-0.0,3453,2409,0,-11,-7
777,110.95,32355,394.96,394.87,-0.10,-10.9,-10.9,0.0,0.0,-0.0,-0.0,3378,2330,0,-10,-4
778,111.04,32353,394.93,394.84,-0.10,-10.9,-10.9,0.0,0.0,-0.0,-0.0,3353,2300,0,-10,-4
779,111.19,32348,394.87,394.80,-0.07,-8.2,-8.2,0.0,0.0,-0.0,-0.0,3291,2244,0,-8,-2
780,111.36,32347,394.86,394.75,-0.11,-12.3,-12.3,0.0,0.0,-0.0,-0.0,3278,2228,0,-11,-3
781,111.53,32343,394.81,394.70,-0.11,-12.3,-12.3,0.0,0.0,-0.0,-0.0,3228,2181,0,-12,-2
782,111.62,32342,394.80,394.68,-0.12,-13.6,-13.6,0.0,-0.0,-0.0,-0.0,3216,2172,0,-13,-2
783,111.79,32340,394.78,394.63,-0.15,-16.4,-16.4,0.0,-0.0,-0.0,-0.0,3191,2151,0,-16,-2
784,111.95,32335,394.71,394.59,-0.13,-15.0,-15.0,0.0,-0.0,-0.0,-0.0,3128,2088,0,-15,-1
785,112.04,32334,394.70,394.56,-0.15,-16.4,-16.4,0.0,-0.0,-0.0,-0.0,3116,2071,0,-16,-1
786,112.21,32331,394.67,394.51,-0.15,-16.4,-16.4,0.0,-0.0,-0.0,-0.0,3078,2037,0,-16,0
787,112.39,32327,394.62,394.46,-0.15,-16.4,-16.4,0.0,0.0,-0.0,-0.0,3028,1981,0,-16,2
788,112.47,32325,394.59,394.44,-0.16,-17.7,-17.7,0.0,-0.0,-0.0,-0.0,3003,1955,0,-17,2
789,112.65,32322,394.56,394.39,-0.17,-19.1,-19.1,0.0,-0.0,-0.0,-0.0,2966,1923,0,-18,4
790,112.81,32316,394.48,394.34,-0.13,-15.0,-15.0,0.0,0.0,-0.0,-0.0,2891,1840,0,-14,5
791,112.90,32314,394.46,394.32,-0.13,-15.0,-15.0,0.0,0.0,-0.0,-0.0,2866,1816,0,-14,5
792,113.07,32311,394.42,394.27,-0.15,-16.4,-16.4,0.0,0.0,-0.0,-0.0,2828,1780,0,-15,6
793,113.22,32311,394.42,394.23,-0.20,-21.8,-21.8,0.0,-0.0,-0.0,-0.0,2828,1788,0,-19,8
794,113.40,32304,394.34,394.18,-0.16,-17.7,-17.7,0.0,0.0,-0.0,-0.0,2741,1693,0,-15,9
795,113.49,32302,394.31,394.15,-0.16,-17.7,-17.7,0.0,-0.0,-0.0,-0.0,2716,1668,0,-14,9
796,113.65,32297,394.25,394.11,-0.15,-16.4,-16.4,0.0,0.0,-0.0,-0.0,2653,1605,0,-12,10
797,113.75,32292,394.19,394.08,-0.11,-12.3,-12.3,0.0,0.0,-0.0,-0.0,2591,1536,0,-8,8
798,113.92,32290,394.17,394.03,-0.13,-15.0,-15.0,0.0,0.0,-0.0,-0.0,2566,1512,0,-10,11
799,114.08,32289,394.15,393.98,-0.17,-19.1,-19.1,0.0,-0.0,-0.0,-0.0,2553,1508,0,-13,14
800,114.17,32286,394.12,393.96,-0.16,-17.7,-17.7,0.0,0.0,-0.0,-0.0,2516,1466,0,-11,13
801,114.33,32281,394.06,393.91,-0.15,-16.4,-16.4,0.0,0.0,-0.0,-0.0,2453,1407,0,-9,13
802,114.51,32279,394.03,393.86,-0.17,-19.1,-19.1,0.0,-0.0,-0.0,-0.0,2428,1387,0,-10,16
803,114.67,32276,393.99,393.81,-0.18,-20.5,-20.5,0.0,-0.0,-0.0,-0.0,2391,1344,0,-9,17
804,114.76,32272,393.95,393.79,-0.16,-17.7,-17.7,0.0,0.0,-0.0,-0.0,2341,1291,0,-7,16
805,114.93,32269,393.91,393.74,-0.17,-19.1,-19.1,0.0,-0.0,-0.0,-0.0,2303,1257,0,-6,17
806,115.10,32266,393.87,393.69,-0.18,-20.5,-20.5,0.0,-0.0,-0.0,-0.0,2266,1221,0,-6,19
807,115.19,32263,393.84,393.67,-0.17,-19.1,-19.1,0.0,0.0,-0.0,-0.0,2228,1179,0,-4,18
808,115.35,32259,393.79,393.62,-0.17,-19.1,-19.1,0.0,0.0,-0.0,-0.0,2178,1130,0,-3,18
809,115.52,32255,393.74,393.57,-0.17,-19.1,-19.1,0.0,-0.0,-0.0,-0.0,2128,1083,0,-2,18
810,115.60,32255,393.74,393.55,-0.20,-21.8,-21.8,0.0,-0.0,-0.0,-0.0,2128,1084,0,-2,21
811,115.77,32246,393.63,393.50,-0.12,-13.6,-13.6,0.0,0.0,-0.0,-0.0,2016,964,0,1,13
812,115.94,32242,393.58,393.45,-0.13,-15.0,-15.0,0.0,0.0,-0.0,-0.0,1966,913,0,2,14
813,116.09,32240,393.55,393.41,-0.15,-16.4,-16.4,0.0,0.0,-0.0,-0.0,1941,892,0,3,16
814,116.18,32235,393.49,393.38,-0.11,-12.3,-12.3,0.0,0.0,-0.0,-0.0,1878,821,0,4,11
815,116.35,32233,393.47,393.33,-0.13,-15.0,-15.0,0.0,0.0,-0.0,-0.0,1853,802,0,5,14
816,116.52,32228,393.41,393.28,-0.12,-13.6,-13.6,0.0,0.0,-0.0,-0.0,1791,743,0,6,12
817,116.60,32226,393.38,393.26,-0.12,-13.6,-13.6,0.0,0.0,-0.0,-0.0,1766,716,0,6,12
818,116.76,32223,393.35,393.21,-0.13,-15.0,-15.0,0.0,0.0,-0.0,-0.0,1728,680,0,7,13
819,116.93,32220,393.31,393.16,-0.15,-16.4,-16.4,0.0,-0.0,-0.0,-0.0,1691,647,0,9,13
820,117.10,32212,393.21,393.11,-0.10,-10.9,-10.9,0.0,0.0,-0.0,-0.0,1591,538,0,7,8
821,117.19,32210,393.19,393.09,-0.10,-10.9,-10.9,0.0,0.0,-0.0,-0.0,1566,514,0,7,7
822,117.35,32206,393.14,393.04,-0.10,-10.9,-10.9,0.0,0.0,-0.0,-0.0,1516,465,0,8,7
823,117.52,32206,393.14,392.99,-0.15,-16.4,-16.4,0.0,0.0,-0.0,-0.0,1516,468,0,12,10
824,117.61,32204,393.12,392.96,-0.15,-16.4,-16.4,0.0,0.0,-0.0,-0.0,1491,443,0,12,10
825,117.77,32199,393.05,392.92,-0.13,-15.0,-15.0,0.0,-0.0,-0.0,-0.0,1428,385,0,12,8
826,117.94,32196,393.02,392.87,-0.15,-16.4,-16.4,0.0,-0.0,-0.0,-0.0,1391,351,0,14,8
827,118.02,32194,392.99,392.84,-0.15,-16.4,-16.4,0.0,-0.0,-0.0,-0.0,1366,323,0,14,8
828,118.18,32188,392.92,392.79,-0.12,-13.6,-13.6,0.0,0.0,-0.0,-0.0,1291,242,0,12,5
829,118.35,32187,392.91,392.75,-0.16,-17.7,-17.7,0.0,-0.0,-0.0,-0.0,1278,235,0,16,6
830,118.51,32183,392.86,392.70,-0.16,-17.7,-17.7,0.0,-0.0,-0.0,-0.0,1228,182,0,17,5
831,118.60,32180,392.82,392.67,-0.15,-16.4,-16.4,0.0,0.0,-0.0,-0.0,1191,140,0,15,3
832,118.77,32177,392.79,392.62,-0.17,-19.1,-19.1,0.0,-0.0,-0.0,-0.0,1153,107,0,18,3
833,118.94,32175,392.76,392.57,-0.20,-21.8,-21.8,0.0,-0.0,-0.0,-0.0,1128,85,0,21,3
834,119.02,32174,392.75,392.54,-0.21,-23.2,-23.2,0.0,-0.0,-0.0,-0.0,1116,71,0,22,2
835,119.19,32172,392.72,392.50,-0.23,-25.9,-25.9,0.0,-0.0,-0.0,-0.0,1091,52,0,25,2
836,119.36,32169,392.69,392.44,-0.24,-27.3,-27.3,0.0,-0.0,-0.0,-0.0,1053,17,0,26,1
837,119.45,32163,392.61,392.42,-0.20,-21.8,-21.8,0.0,-0.0,-0.0,-0.0,978,4028,0,21,-2
838,119.62,32160,392.58,392.37,-0.21,-23.2,-23.2,0.0,-0.0,-0.0,-0.0,941,3992,0,22,-4
839,119.79,32154,392.50,392.32,-0.20,-21.8,-21.8,0.0,0.0,-0.0,-0.0,866,3911,0,20,-6
840,119.96,32149,392.44,392.27,-0.18,-20.5,-20.5,0.0,0.0,-0.0,-0.0,803,3842,0,18,-8
841,120.05,32147,392.42,392.24,-0.18,-20.5,-20.5,0.0,0.0,-0.0,-0.0,778,3816,0,18,-8
842,120.21,32144,392.38,392.19,-0.20,-21.8,-21.8,0.0,0.0,-0.0,-0.0,741,3786,0,19,-10
843,120.38,32143,392.37,392.14,-0.23,-25.9,-25.9,0.0,-0.0,-0.0,-0.0,728,3779,0,22,-12
844,120.47,32140,392.33,392.11,-0.22,-24.5,-24.5,0.0,-0.0,-0.0,-0.0,691,3739,0,20,-12
845,120.63,32137,392.30,392.06,-0.23,-25.9,-25.9,0.0,-0.0,-0.0,-0.0,653,3708,0,21,-14
846,120.81,32133,392.25,392.01,-0.24,-27.3,-27.3,0.0,-0.0,-0.0,-0.0,603,3654,0,21,-17
847,120.89,32127,392.18,391.98,-0.20,-21.8,-21.8,0.0,0.0,-0.0,-0.0,528,3574,0,15,-15
848,121.07,32123,392.13,391.93,-0.20,-21.8,-21.8,0.0,0.0,-0.0,-0.0,478,3519,0,13,-16
849,121.24,32118,392.07,391.88,-0.18,-20.5,-20.5,0.0,0.0,-0.0,-0.0,416,3459,0,11,-16
850,121.33,32114,392.02,391.85,-0.16,-17.7,-17.7,0.0,0.0,-0.0,-0.0,366,3402,0,8,-15
851,121.50,32111,391.98,391.80,-0.18,-20.5,-20.5,0.0,0.0,-0.0,-0.0,328,3366,0,9,-18
852,121.67,32107,391.93,391.75,-0.18,-20.5,-20.5,0.0,-0.0,-0.0,-0.0,278,3327,0,8,-18
853,121.76,32105,391.91,391.72,-0.18,-20.5,-20.5,0.0,0.0,-0.0,-0.0,253,3297,0,7,-19
854,121.93,32099,391.83,391.67,-0.16,-17.7,-17.7,0.0,0.0,-0.0,-0.0,178,3222,0,4,-17
855,122.02,32096,391.80,391.64,-0.16,-17.7,-17.7,0.0,0.0,-0.0,-0.0,141,3185,0,3,-17
856,122.19,32092,391.75,391.59,-0.16,-17.7,-17.7,0.0,0.0,-0.0,-0.0,91,3135,0,2,-17
857,122.35,32085,391.66,391.54,-0.12,-13.6,-13.6,0.0,0.0,-0.0,-0.0,3,3043,0,-1,-13
858,122.52,32081,391.61,391.49,-0.12,-13.6,-13.6,0.0,0.0,-0.0,-0.0,4049,2994,0,-2,-13
859,122.61,32078,391.58,391.46,-0.12,-13.6,-13.6,0.0,0.0,-0.0,-0.0,4012,2954,0,-2,-13
860,122.77,32072,391.50,391.41,-0.09,-9.5,-9.5,0.0,0.0,-0.0,-0.0,3937,2879,0,-3,-9
861,122.94,32068,391.46,391.36,-0.10,-10.9,-10.9,0.0,0.0,-0.0,-0.0,3887,2834,0,-4,-10
862,123.02,32067,391.44,391.33,-0.11,-12.3,-12.3,0.0,0.0,-0.0,-0.0,3874,2822,0,-4,-11
863,123.20,32059,391.35,391.28,-0.06,-6.8,-6.8,0.0,0.0,-0.0,-0.0,3774,2716,0,-3,-6
864,123.36,32058,391.33,391.23,-0.10,-10.9,-10.9,0.0,0.0,-0.0,-0.0,3762,2712,0,-6,-9
865,123.45,32055,391.30,391.20,-0.10,-10.9,-10.9,0.0,-0.0,-0.0,-0.0,3724,2673,0,-6,-9
866,123.61,32048,391.21,391.15,-0.06,-6.8,-6.8,0.0,0.0,-0.0,-0.0,3637,2583,0,-5,-5
867,123.77,32045,391.17,391.10,-0.07,-8.2,-8.2,0.0,0.0,-0.0,-0.0,3599,2545,0,-6,-5
868,123.94,32039,391.10,391.05,-0.05,-5.5,-5.5,0.0,0.0,-0.0,-0.0,3524,2475,0,-4,-3
869,124.03,32039,391.10,391.02,-0.07,-8.2,-8.2,0.0,0.0,-0.0,-0.0,3524,2470,0,-6,-5
870,124.20,32035,391.05,390.97,-0.09,-9.5,-9.5,0.0,-0.0,-0.0,-0.0,3474,2427,0,-8,-5
871,124.37,32029,390.98,390.92,-0.06,-6.8,-6.8,0.0,0.0,-0.0,-0.0,3399,2351,0,-6,-3
872,124.46,32027,390.95,390.89,-0.06,-6.8,-6.8,0.0,0.0,-0.0,-0.0,3374,2321,0,-6,-3
873,124.62,32025,390.93,390.84,-0.09,-9.5,-9.5,0.0,-0.0,-0.0,-0.0,3349,2305,0,-9,-4
874,124.79,32017,390.83,390.79,-0.05,-5.5,-5.5,0.0,0.0,-0.0,-0.0,3249,2198,0,-5,-1
875,124.88,32017,390.83,390.76,-0.07,-8.2,-8.2,0.0,0.0,-0.0,-0.0,3249,2196,0,-8,-2
876,125.04,32017,390.83,390.71,-0.12,-13.6,-13.6,0.0,-0.0,-0.0,-0.0,3249,2208,0,-13,-3
877,125.21,32016,390.82,390.66,-0.17,-19.1,-19.1,0.0,-0.0,-0.0,-0.0,3237,2196,0,-18,-4
878,125.30,32013,390.78,390.63,-0.16,-17.7,-17.7,0.0,-0.0,-0.0,-0.0,3199,2155,0,-17,-3
879,125.47,32011,390.76,390.57,-0.18,-20.5,-20.5,0.0,-0.0,-0.0,-0.0,3174,2141,0,-20,-3
880,125.63,32006,390.70,390.52,-0.17,-19.1,-19.1,0.0,-0.0,-0.0,-0.0,3112,2071,0,-18,-1
881,125.80,32000,390.62,390.47,-0.16,-17.7,-17.7,0.0,-0.0,-0.0,-0.0,3037,1989,0,-17,2
882,125.89,32000,390.62,390.44,-0.18,-20.5,-20.5,0.0,-0.0,-0.0,-0.0,3037,1987,0,-20,2
883,126.06,31996,390.58,390.39,-0.18,-20.5,-20.5,0.0,-0.0,-0.0,-0.0,2987,1939,0,-20,3
884,126.23,31991,390.52,390.34,-0.18,-20.5,-20.5,0.0,0.0,-0.0,-0.0,2924,1873,0,-19,5
885,126.31,31991,390.52,390.31,-0.21,-23.2,-23.2,0.0,-0.0,-0.0,-0.0,2924,1879,0,-22,6
886,126.48,31985,390.44,390.26,-0.18,-20.5,-20.5,0.0,-0.0,-0.0,-0.0,2849,1803,0,-18,7
887,126.65,31984,390.43,390.20,-0.23,-25.9,-25.9,0.0,-0.0,-0.0,-0.0,2837,1791,0,-23,10
888,126.73,31981,390.39,390.18,-0.22,-24.5,-24.5,0.0,-0.0,-0.0,-0.0,2799,1752,0,-21,10
889,126.90,31977,390.34,390.12,-0.22,-24.5,-24.5,0.0,-0.0,-0.0,-0.0,2749,1704,0,-21,12
890,127.07,31975,390.32,390.07,-0.24,-27.3,-27.3,0.0,-0.0,-0.0,-0.0,2724,1681,0,-22,14
891,127.16,31972,390.28,390.04,-0.24,-27.3,-27.3,0.0,-0.0,-0.0,-0.0,2687,1642,0,-21,15
892,127.33,31965,390.20,389.99,-0.21,-23.2,-23.2,0.0,0.0,-0.0,-0.0,2599,1548,0,-16,16
893,127.51,31958,390.11,389.93,-0.18,-20.5,-20.5,0.0,0.0,-0.0,-0.0,2512,1459,0,-12,16
894,127.59,31956,390.09,389.90,-0.18,-20.5,-20.5,0.0,0.0,-0.0,-0.0,2487,1432,0,-12,16
895,127.77,31952,390.04,389.85,-0.20,-21.8,-21.8,0.0,0.0,-0.0,-0.0,2437,1379,0,-11,18
896,127.93,31949,390.00,389.79,-0.21,-23.2,-23.2,0.0,0.0,-0.0,-0.0,2399,1348,0,-11,20
897,128.02,31949,390.00,389.77,-0.23,-25.9,-25.9,0.0,-0.0,-0.0,-0.0,2399,1350,0,-12,22
898,128.20,31942,389.92,389.71,-0.21,-23.2,-23.2,0.0,-0.0,-0.0,-0.0,2312,1263,0,-8,21
899,128.36,31939,389.88,389.66,-0.22,-24.5,-24.5,0.0,-0.0,-0.0,-0.0,2274,1230,0,-7,23
900,128.46,31935,389.83,389.63,-0.21,-23.2,-23.2,0.0,-0.0,-0.0,-0.0,2224,1172,0,-5,22
901,128.62,31928,389.75,389.57,-0.17,-19.1,-19.1,0.0,0.0,-0.0,-0.0,2137,1084,0,-2,18
902,128.80,31923,389.69,389.52,-0.17,-19.1,-19.1,0.0,0.0,-0.0,-0.0,2074,1019,0,0,18
903,128.89,31922,389.67,389.49,-0.18,-20.5,-20.5,0.0,0.0,-0.0,-0.0,2062,1004,0,1,20
904,129.05,31916,389.60,389.43,-0.16,-17.7,-17.7,0.0,0.0,-0.0,-0.0,1987,930,0,2,17
905,129.23,31910,389.53,389.38,-0.15,-16.4,-16.4,0.0,0.0,-0.0,-0.0,1912,856,0,4,15
906,129.30,31907,389.49,389.35,-0.13,-15.0,-15.0,0.0,0.0,-0.0,-0.0,1874,822,0,4,14
907,129.47,31899,389.39,389.30,-0.10,-10.9,-10.9,0.0,0.0,-0.0,-0.0,1774,713,0,5,9
908,129.64,31896,389.36,389.24,-0.11,-12.3,-12.3,0.0,0.0,-0.0,-0.0,1737,678,0,6,10
909,129.73,31892,389.31,389.22,-0.09,-9.5,-9.5,0.0,0.0,-0.0,-0.0,1687,627,0,5,8
910,129.90,31886,389.23,389.16,-0.07,-8.2,-8.2,0.0,0.0,-0.0,-0.0,1612,553,0,5,6
911,130.07,31882,389.18,389.10,-0.09,-9.5,-9.5,0.0,0.0,-0.0,-0.0,1562,510,0,7,7
912,130.16,31879,389.15,389.08,-0.07,-8.2,-8.2,0.0,0.0,-0.0,-0.0,1524,470,0,6,5
913,130.33,31875,389.10,389.02,-0.07,-8.2,-8.2,0.0,0.0,-0.0,-0.0,1474,420,0,6,5
914,130.50,31869,389.03,388.97,-0.06,-6.8,-6.8,0.0,0.0,-0.0,-0.0,1399,346,0,6,3
915,130.58,31866,388.99,388.94,-0.05,-5.5,-5.5,0.0,0.0,-0.0,-0.0,1362,308,0,5,2
916,130.74,31864,388.96,388.89,-0.07,-8.2,-8.2,0.0,0.0,-0.0,-0.0,1337,287,0,7,3
917,130.91,31861,388.93,388.83,-0.10,-10.9,-10.9,0.0,-0.0,-0.0,-0.0,1299,251,0,10,4
918,131.08,31854,388.84,388.78,-0.06,-6.8,-6.8,0.0,-0.0,-0.0,-0.0,1212,165,0,6,2
919,131.17,31850,388.79,388.75,-0.05,-5.5,-5.5,0.0,0.0,-0.0,-0.0,1162,107,0,5,1
920,131.34,31848,388.77,388.69,-0.07,-8.2,-8.2,0.0,-0.0,-0.0,-0.0,1137,88,0,8,1
921,131.50,31844,388.72,388.64,-0.09,-9.5,-9.5,0.0,-0.0,-0.0,-0.0,1087,38,0,9,1
922,131.59,31840,388.67,388.61,-0.06,-6.8,-6.8,0.0,0.0,-0.0,-0.0,1037,4077,0,7,0
923,131.75,31837,388.64,388.55,-0.09,-9.5,-9.5,0.0,-0.0,-0.0,-0.0,999,4046,0,9,-1
924,131.93,31836,388.62,388.50,-0.12,-13.6,-13.6,0.0,-0.0,-0.0,-0.0,987,4038,0,13,-1
925,132.09,31830,388.55,388.45,-0.11,-12.3,-12.3,0.0,-0.0,-0.0,-0.0,912,3960,0,12,-2
926,132.17,31830,388.55,388.42,-0.13,-15.0,-15.0,0.0,-0.0,-0.0,-0.0,912,3962,0,14,-3
927,132.34,31827,388.51,388.36,-0.15,-16.4,-16.4,0.0,-0.0,-0.0,-0.0,874,3930,0,15,-4
928,132.51,31822,388.45,388.30,-0.15,-16.4,-16.4,0.0,-0.0,-0.0,-0.0,812,3859,0,15,-6
929,132.60,31821,388.44,388.27,-0.17,-19.1,-19.1,0.0,-0.0,-0.0,-0.0,799,3847,0,17,-7
930,132.77,31818,388.40,388.22,-0.18,-20.5,-20.5,0.0,-0.0,-0.0,-0.0,762,3817,0,18,-8
931,132.94,31815,388.37,388.16,-0.21,-23.2,-23.2,0.0,-0.0,-0.0,-0.0,724,3774,0,20,-11
932,133.02,31812,388.33,388.13,-0.20,-21.8,-21.8,0.0,-0.0,-0.0,-0.0,687,3736,0,18,-11
933,133.19,31809,388.29,388.08,-0.22,-24.5,-24.5,0.0,-0.0,-0.0,-0.0,649,3702,0,20,-14
934,133.37,31803,388.22,388.02,-0.20,-21.8,-21.8,0.0,-0.0,-0.0,-0.0,574,3623,0,16,-14
935,133.45,31802,388.21,387.99,-0.22,-24.5,-24.5,0.0,-0.0,-0.0,-0.0,562,3609,0,17,-16
936,133.63,31797,388.15,387.93,-0.22,-24.5,-24.5,0.0,-0.0,-0.0,-0.0,499,3546,0,16,-18
937,133.72,31797,388.15,387.90,-0.24,-27.3,-27.3,0.0,-0.0,-0.0,-0.0,499,3548,0,18,-20
938,133.89,31793,388.10,387.85,-0.26,-28.6,-28.6,0.0,-0.0,-0.0,-0.0,449,3499,0,17,-22
939,134.05,31792,388.09,387.79,-0.29,-32.7,-32.7,0.0,-0.0,-0.0,-0.0,437,3494,0,19,-25
940,134.23,31785,388.00,387.73,-0.27,-30.0,-30.0,0.0,-0.0,-0.0,-0.0,349,3399,0,14,-25
941,134.31,31782,387.96,387.70,-0.26,-28.6,-28.6,0.0,-0.0,-0.0,-0.0,312,3362,0,12,-25
942,134.49,31775,387.88,387.64,-0.23,-25.9,-25.9,0.0,0.0,-0.0,-0.0,224,3264,0,7,-24
943,134.58,31772,387.84,387.61,-0.23,-25.9,-25.9,0.0,0.0,-0.0,-0.0,187,3226,0,6,-24
944,134.75,31766,387.77,387.56,-0.21,-23.2,-23.2,0.0,0.0,-0.0,-0.0,112,3148,0,3,-22
945,134.93,31763,387.73,387.50,-0.23,-25.9,-25.9,0.0,0.0,-0.0,-0.0,74,3113,0,2,-25
946,135.01,31760,387.70,387.47,-0.23,-25.9,-25.9,0.0,0.0,-0.0,-0.0,37,3079,0,0,-25
947,135.17,31755,387.63,387.41,-0.22,-24.5,-24.5,0.0,0.0,-0.0,-0.0,4070,3017,0,-2,-24
948,135.35,31749,387.56,387.35,-0.21,-23.2,-23.2,0.0,0.0,-0.0,-0.0,3995,2937,0,-5,-22
949,135.44,31744,387.50,387.32,-0.17,-19.1,-19.1,0.0,0.0,-0.0,-0.0,3933,2874,0,-6,-18
950,135.60,31740,387.45,387.27,-0.18,-20.5,-20.5,0.0,0.0,-0.0,-0.0,3883,2825,0,-7,-18
951,135.77,31738,387.43,387.21,-0.22,-24.5,-24.5,0.0,0.0,-0.0,-0.0,3858,2804,0,-10,-22
952,135.86,31733,387.37,387.18,-0.18,-20.5,-20.5,0.0,0.0,-0.0,-0.0,3795,2736,0,-10,-17
953,136.03,31725,387.27,387.12,-0.15,-16.4,-16.4,0.0,0.0,-0.0,-0.0,3695,2637,0,-10,-12
954,136.19,31721,387.22,387.07,-0.15,-16.4,-16.4,0.0,0.0,-0.0,-0.0,3645,2594,0,-11,-12
955,136.36,31716,387.16,387.01,-0.15,-16.4,-16.4,0.0,0.0,-0.0,-0.0,3583,2524,0,-12,-11
956,136.44,31712,387.11,386.98,-0.12,-13.6,-13.6,0.0,0.0,-0.0,-0.0,3533,2470,0,-11,-8
957,136.61,31705,387.02,386.92,-0.10,-10.9,-10.9,0.0,0.0,-0.0,-0.0,3445,2383,0,-9,-5
958,136.78,31701,386.98,386.87,-0.11,-12.3,-12.3,0.0,0.0,-0.0,-0.0,3395,2335,0,-11,-5
959,136.87,31699,386.95,386.84,-0.11,-12.3,-12.3,0.0,0.0,-0.0,-0.0,3370,2312,0,-11,-5
960,137.03,31694,386.89,386.78,-0.11,-12.3,-12.3,0.0,0.0,-0.0,-0.0,3308,2252,0,-11,-4
961,137.20,31689,386.83,386.72,-0.11,-12.3,-12.3,0.0,0.0,-0.0,-0.0,3245,2192,0,-12,-3
962,137.29,31686,386.79,386.69,-0.10,-10.9,-10.9,0.0,0.0,-0.0,-0.0,3208,2153,0,-10,-2
963,137.46,31680,386.72,386.63,-0.09,-9.5,-9.5,0.0,0.0,-0.0,-0.0,3133,2078,0,-9,0
964,137.63,31675,386.66,386.58,-0.09,-9.5,-9.5,0.0,0.0,-0.0,-0.0,3070,2016,0,-9,0
965,137.72,31669,386.58,386.54,-0.04,-4.1,-4.1,0.0,0.0,-0.0,-0.0,2995,1932,0,-4,1
966,137.89,31665,386.54,386.49,-0.05,-5.5,-5.5,0.0,0.0,-0.0,-0.0,2945,1887,0,-5,1
967,138.06,31664,386.52,386.43,-0.10,-10.9,-10.9,0.0,0.0,-0.0,-0.0,2933,1881,0,-10,3
968,138.15,31662,386.50,386.40,-0.10,-10.9,-10.9,0.0,-0.0,-0.0,-0.0,2908,1857,0,-10,3
969,138.31,31656,386.43,386.34,-0.09,-9.5,-9.5,0.0,0.0,-0.0,-0.0,2833,1781,0,-8,4
970,138.48,31650,386.35,386.28,-0.07,-8.2,-8.2,0.0,-0.0,-0.0,-0.0,2758,1711,0,-7,4
971,138.57,31648,386.33,386.25,-0.07,-8.2,-8.2,0.0,-0.0,-0.0,-0.0,2733,1681,0,-7,4
972,138.73,31643,386.27,386.20,-0.07,-8.2,-8.2,0.0,0.0,-0.0,-0.0,2670,1615,0,-6,5
973,138.90,31637,386.19,386.14,-0.05,-5.5,-5.5,0.0,0.0,-0.0,-0.0,2595,1534,0,-4,4
974,139.06,31634,386.16,386.08,-0.07,-8.2,-8.2,0.0,-0.0,-0.0,-0.0,2558,1509,0,-5,6
975,139.15,31634,386.16,386.05,-0.11,-12.3,-12.3,0.0,-0.0,-0.0,-0.0,2558,1508,0,-8,9
976,139.31,31628,386.08,385.99,-0.09,-9.5,-9.5,0.0,-0.0,-0.0,-0.0,2483,1436,0,-5,7
977,139.49,31626,386.06,385.93,-0.12,-13.6,-13.6,0.0,-0.0,-0.0,-0.0,2458,1413,0,-7,11
978,139.58,31623,386.02,385.90,-0.12,-13.6,-13.6,0.0,-0.0,-0.0,-0.0,2420,1373,0,-7,11
979,139.73,31619,385.97,385.85,-0.12,-13.6,-13.6,0.0,-0.0,-0.0,-0.0,2370,1325,0,-6,12
980,139.91,31615,385.93,385.79,-0.13,-15.0,-15.0,0.0,-0.0,-0.0,-0.0,2320,1270,0,-5,14
981,140.07,31609,385.85,385.73,-0.12,-13.6,-13.6,0.0,0.0,-0.0,-0.0,2245,1193,0,-3,13
982,140.16,31607,385.83,385.70,-0.13,-15.0,-15.0,0.0,-0.0,-0.0,-0.0,2220,1165,0,-3,14
983,140.33,31605,385.80,385.64,-0.17,-19.1,-19.1,0.0,-0.0,-0.0,-0.0,2195,1146,0,-3,18
984,140.42,31604,385.79,385.61,-0.18,-20.5,-20.5,0.0,-0.0,-0.0,-0.0,2183,1136,0,-3,20
985,140.59,31598,385.72,385.55,-0.17,-19.1,-19.1,0.0,-0.0,-0.0,-0.0,2108,1060,0,-1,18
986,140.76,31593,385.66,385.49,-0.17,-19.1,-19.1,0.0,-0.0,-0.0,-0.0,2045,997,0,1,18
987,140.86,31590,385.62,385.45,-0.17,-19.1,-19.1,0.0,-0.0,-0.0,-0.0,2008,956,0,2,18
988,141.02,31586,385.57,385.39,-0.18,-20.5,-20.5,0.0,-0.0,-0.0,-0.0,1958,907,0,4,19
989,141.20,31583,385.53,385.33,-0.21,-23.2,-23.2,0.0,-0.0,-0.0,-0.0,1920,868,0,5,22
990,141.29,31580,385.50,385.30,-0.20,-21.8,-21.8,0.0,-0.0,-0.0,-0.0,1883,830,0,6,20
991,141.46,31578,385.47,385.24,-0.23,-25.9,-25.9,0.0,-0.0,-0.0,-0.0,1858,812,0,8,24
992,141.62,31572,385.40,385.18,-0.22,-24.5,-24.5,0.0,-0.0,-0.0,-0.0,1783,735,0,10,21
993,141.71,31572,385.40,385.15,-0.24,-27.3,-27.3,0.0,-0.0,-0.0,-0.0,1783,738,0,11,24
994,141.87,31568,385.35,385.09,-0.26,-28.6,-28.6,0.0,-0.0,-0.0,-0.0,1733,688,0,14,24
995,142.04,31558,385.23,385.03,-0.20,-21.8,-21.8,0.0,0.0,-0.0,-0.0,1608,554,0,14,16
996,142.21,31554,385.18,384.97,-0.21,-23.2,-23.2,0.0,0.0,-0.0,-0.0,1558,500,0,16,16
997,142.29,31551,385.14,384.95,-0.20,-21.8,-21.8,0.0,0.0,-0.0,-0.0,1520,467,0,16,14
998,142.46,31548,385.11,384.88,-0.22,-24.5,-24.5,0.0,0.0,-0.0,-0.0,1483,426,0,19,14
999,142.63,31541,385.02,384.82,-0.20,-21.8,-21.8,0.0,0.0,-0.0,-0.0,1395,334,0,18,10
1000,142.72,31539,385.00,384.79,-0.21,-23.2,-23.2,0.0,-0.0,-0.0,-0.0,1370,315,0,20,10
1001,142.89,31535,384.95,384.73,-0.22,-24.5,-24.5,0.0,-0.0,-0.0,-0.0,1320,270,0,22,10
1002,143.06,31531,384.90,384.67,-0.23,-25.9,-25.9,0.0,-0.0,-0.0,-0.0,1270,219,0,24,8
1003,143.15,31528,384.86,384.64,-0.22,-24.5,-24.5,0.0,0.0,-0.0,-0.0,1233,178,0,23,6
1004,143.32,31523,384.80,384.58,-0.22,-24.5,-24.5,0.0,-0.0,-0.0,-0.0,1170,119,0,23,4
1005,143.49,31517,384.73,384.52,-0.21,-23.2,-23.2,0.0,0.0,-0.0,-0.0,1095,42,0,22,1
1006,143.59,31512,384.67,384.48,-0.18,-20.5,-20.5,0.0,0.0,-0.0,-0.0,1033,4067,0,20,-1
1007,143.75,31506,384.59,384.42,-0.17,-19.1,-19.1,0.0,0.0,-0.0,-0.0,958,3994,0,18,-3
1008,143.85,31505,384.58,384.39,-0.20,-21.8,-21.8,0.0,0.0,-0.0,-0.0,945,3980,0,21,-4
1009,144.01,31496,384.47,384.33,-0.15,-16.4,-16.4,0.0,0.0,-0.0,-0.0,833,3867,0,15,-5
1010,144.18,31490,384.40,384.27,-0.13,-15.0,-15.0,0.0,0.0,-0.0,-0.0,758,3792,0,13,-7
1011,144.27,31488,384.38,384.23,-0.13,-15.0,-15.0,0.0,0.0,-0.0,-0.0,733,3765,0,13,-7
1012,144.43,31486,384.35,384.18,-0.17,-19.1,-19.1,0.0,0.0,-0.0,-0.0,708,3751,0,16,-9
1013,144.61,31478,384.25,384.11,-0.13,-15.0,-15.0,0.0,0.0,-0.0,-0.0,608,3644,0,11,-9
1014,144.77,31471,384.17,384.05,-0.11,-12.3,-12.3,0.0,0.0,-0.0,-0.0,520,3559,0,8,-9
1015,144.86,31470,384.16,384.02,-0.13,-15.0,-15.0,0.0,0.0,-0.0,-0.0,508,3549,0,10,-11
1016,145.03,31466,384.11,383.96,-0.15,-16.4,-16.4,0.0,0.0,-0.0,-0.0,458,3501,0,10,-13
1017,145.21,31456,383.98,383.90,-0.09,-9.5,-9.5,0.0,0.0,-0.0,-0.0,333,3362,0,4,-8
1018,145.29,31455,383.97,383.87,-0.11,-12.3,-12.3,0.0,0.0,-0.0,-0.0,320,3356,0,5,-11
1019,145.47,31451,383.92,383.80,-0.12,-13.6,-13.6,0.0,-0.0,-0.0,-0.0,270,3313,0,5,-12
1020,145.63,31446,383.86,383.74,-0.12,-13.6,-13.6,0.0,0.0,-0.0,-0.0,208,3246,0,3,-13
1021,145.72,31442,383.81,383.71,-0.10,-10.9,-10.9,0.0,0.0,-0.0,-0.0,158,3194,0,2,-10
1022,145.89,31439,383.78,383.65,-0.12,-13.6,-13.6,0.0,-0.0,-0.0,-0.0,120,3167,0,2,-13
1023,146.05,31434,383.72,383.59,-0.12,-13.6,-13.6,0.0,0.0,-0.0,-0.0,58,3101,0,1,-13
1024,146.14,31429,383.65,383.56,-0.10,-10.9,-10.9,0.0,0.0,-0.0,-0.0,4091,3033,0,-1,-11
1025,146.31,31425,383.61,383.50,-0.11,-12.3,-12.3,0.0,0.0,-0.0,-0.0,4041,2986,0,-2,-12
1026,146.48,31417,383.51,383.43,-0.07,-8.2,-8.2,0.0,0.0,-0.0,-0.0,3941,2881,0,-2,-8
1027,146.57,31413,383.46,383.40,-0.06,-6.8,-6.8,0.0,0.0,-0.0,-0.0,3891,2825,0,-2,-6
1028,146.74,31412,383.45,383.34,-0.11,-12.3,-12.3,0.0,0.0,-0.0,-0.0,3879,2824,0,-4,-11
1029,146.90,31407,383.39,383.28,-0.11,-12.3,-12.3,0.0,0.0,-0.0,-0.0,3816,2762,0,-5,-11
1030,146.99,31403,383.34,383.25,-0.10,-10.9,-10.9,0.0,0.0,-0.0,-0.0,3766,2706,0,-6,-9
1031,147.16,31395,383.24,383.18,-0.06,-6.8,-6.8,0.0,0.0,-0.0,-0.0,3666,2610,0,-4,-5
1032,147.33,31394,383.23,383.12,-0.11,-12.3,-12.3,0.0,-0.0,-0.0,-0.0,3654,2603,0,-8,-9
1033,147.42,31392,383.20,383.09,-0.12,-13.6,-13.6,0.0,-0.0,-0.0,-0.0,3629,2573,0,-9,-10
1034,147.60,31385,383.12,383.02,-0.10,-10.9,-10.9,0.0,0.0,-0.0,-0.0,3541,2484,0,-8,-7
1035,147.76,31381,383.07,382.96,-0.11,-12.3,-12.3,0.0,-0.0,-0.0,-0.0,3491,2441,0,-10,-7
1036,147.85,31380,383.06,382.93,-0.13,-15.0,-15.0,0.0,-0.0,-0.0,-0.0,3479,2431,0,-12,-8
1037,148.02,31376,383.01,382.87,-0.15,-16.4,-16.4,0.0,-0.0,-0.0,-0.0,3429,2379,0,-14,-8
1038,148.19,31371,382.95,382.80,-0.15,-16.4,-16.4,0.0,-0.0,-0.0,-0.0,3366,2316,0,-15,-6
1039,148.28,31371,382.95,382.77,-0.18,-20.5,-20.5,0.0,-0.0,-0.0,-0.0,3366,2318,0,-18,-8
1040,148.45,31366,382.89,382.71,-0.18,-20.5,-20.5,0.0,-0.0,-0.0,-0.0,3304,2259,0,-19,-6
1041,148.62,31357,382.78,382.64,-0.13,-15.0,-15.0,0.0,0.0,-0.0,-0.0,3191,2133,0,-14,-2
1042,148.71,31356,382.76,382.61,-0.16,-17.7,-17.7,0.0,-0.0,-0.0,-0.0,3179,2123,0,-17,-2
1043,148.88,31356,382.76,382.55,-0.22,-24.5,-24.5,0.0,-0.0,-0.0,-0.0,3179,2134,0,-24,-3
1044,149.05,31349,382.68,382.48,-0.20,-21.8,-21.8,0.0,-0.0,-0.0,-0.0,3091,2038,0,-21,0
1045,149.14,31346,382.64,382.45,-0.20,-21.8,-21.8,0.0,-0.0,-0.0,-0.0,3054,1999,0,-21,2
1046,149.31,31345,382.63,382.39,-0.24,-27.3,-27.3,0.0,-0.0,-0.0,-0.0,3041,1999,0,-26,2
1047,149.48,31342,382.59,382.32,-0.27,-30.0,-30.0,0.0,-0.0,-0.0,-0.0,3004,1958,0,-29,4
1048,149.57,31338,382.54,382.29,-0.26,-28.6,-28.6,0.0,-0.0,-0.0,-0.0,2954,1902,0,-27,6
1049,149.74,31331,382.46,382.22,-0.23,-25.9,-25.9,0.0,-0.0,-0.0,-0.0,2866,1817,0,-24,9
1050,149.92,31324,382.37,382.16,-0.21,-23.2,-23.2,0.0,0.0,-0.0,-0.0,2779,1722,0,-20,11
1051,150.00,31324,382.37,382.13,-0.24,-27.3,-27.3,0.0,0.0,-0.0,-0.0,2779,1723,0,-23,13
1052,150.17,31317,382.29,382.07,-0.22,-24.5,-24.5,0.0,0.0,-0.0,-0.0,2691,1632,0,-19,14
1053,150.33,31313,382.24,382.00,-0.23,-25.9,-25.9,0.0,0.0,-0.0,-0.0,2641,1585,0,-19,16
1054,150.42,31312,382.23,381.97,-0.26,-28.6,-28.6,0.0,-0.0,-0.0,-0.0,2629,1575,0,-21,18
1055,150.60,31303,382.12,381.90,-0.21,-23.2,-23.2,0.0,0.0,-0.0,-0.0,2516,1460,0,-14,18
1056,150.77,31298,382.06,381.84,-0.22,-24.5,-24.5,0.0,0.0,-0.0,-0.0,2454,1399,0,-13,20
1057,150.85,31294,382.01,381.81,-0.20,-21.8,-21.8,0.0,0.0,-0.0,-0.0,2404,1344,0,-10,19
1058,151.02,31288,381.93,381.74,-0.20,-21.8,-21.8,0.0,0.0,-0.0,-0.0,2329,1266,0,-8,20
1059,151.19,31284,381.88,381.68,-0.21,-23.2,-23.2,0.0,0.0,-0.0,-0.0,2279,1220,0,-7,21
1060,151.28,31281,381.85,381.65,-0.20,-21.8,-21.8,0.0,0.0,-0.0,-0.0,2241,1182,0,-5,21
1061,151.45,31274,381.76,381.58,-0.18,-20.5,-20.5,0.0,0.0,-0.0,-0.0,2154,1094,0,-2,20
1062,151.63,31269,381.70,381.51,-0.18,-20.5,-20.5,0.0,0.0,-0.0,-0.0,2091,1033,0,0,20
1063,151.72,31265,381.65,381.48,-0.17,-19.1,-19.1,0.0,0.0,-0.0,-0.0,2041,983,0,1,18
1064,151.89,31256,381.54,381.42,-0.12,-13.6,-13.6,0.0,0.0,-0.0,-0.0,1929,863,0,3,13
1065,151.98,31254,381.52,381.38,-0.13,-15.0,-15.0,0.0,0.0,-0.0,-0.0,1904,839,0,4,14
1066,152.15,31248,381.45,381.32,-0.12,-13.6,-13.6,0.0,0.0,-0.0,-0.0,1829,768,0,5,12
1067,152.32,31243,381.38,381.25,-0.13,-15.0,-15.0,0.0,0.0,-0.0,-0.0,1766,702,0,7,13
1068,152.49,31234,381.27,381.19,-0.09,-9.5,-9.5,0.0,0.0,-0.0,-0.0,1654,588,0,6,7
1069,152.58,31231,381.24,381.15,-0.09,-9.5,-9.5,0.0,0.0,-0.0,-0.0,1616,553,0,6,7
1070,152.74,31230,381.23,381.09,-0.13,-15.0,-15.0,0.0,0.0,-0.0,-0.0,1604,549,0,10,11
1071,152.90,31220,381.10,381.03,-0.07,-8.2,-8.2,0.0,0.0,-0.0,-0.0,1479,416,0,6,5
1072,152.99,31217,381.07,380.99,-0.07,-8.2,-8.2,0.0,0.0,-0.0,-0.0,1441,373,0,7,4
1073,153.16,31212,381.01,380.93,-0.07,-8.2,-8.2,0.0,0.0,-0.0,-0.0,1379,322,0,7,4
1074,153.34,31206,380.93,380.86,-0.07,-8.2,-8.2,0.0,0.0,-0.0,-0.0,1304,244,0,7,3
1075,153.43,31202,380.88,380.83,-0.05,-5.5,-5.5,0.0,0.0,-0.0,-0.0,1254,185,0,5,1
1076,153.60,31197,380.82,380.76,-0.06,-6.8,-6.8,0.0,0.0,-0.0,-0.0,1191,134,0,6,1
1077,153.77,31192,380.76,380.70,-0.06,-6.8,-6.8,0.0,0.0,-0.0,-0.0,1129,71,0,7,1
1078,153.85,31190,380.74,380.67,-0.07,-8.2,-8.2,0.0,0.0,-0.0,-0.0,1104,47,0,8,1
1079,154.02,31186,380.69,380.60,-0.09,-9.5,-9.5,0.0,-0.0,-0.0,-0.0,1054,2,0,9,0
1080,154.20,31182,380.64,380.53,-0.11,-12.3,-12.3,0.0,-0.0,-0.0,-0.0,1004,4049,0,12,-1
1081,154.28,31181,380.63,380.50,-0.12,-13.6,-13.6,0.0,-0.0,-0.0,-0.0,991,4039,0,13,-1
1082,154.45,31174,380.54,380.44,-0.11,-12.3,-12.3,0.0,-0.0,-0.0,-0.0,904,3950,0,12,-3
1083,154.61,31169,380.48,380.37,-0.11,-12.3,-12.3,0.0,-0.0,-0.0,-0.0,841,3886,0,11,-4
1084,154.71,31163,380.41,380.34,-0.07,-8.2,-8.2,0.0,0.0,-0.0,-0.0,766,3801,0,7,-3
1085,154.87,31160,380.37,380.27,-0.10,-10.9,-10.9,0.0,0.0,-0.0,-0.0,729,3769,0,9,-5
1086,155.05,31155,380.31,380.20,-0.11,-12.3,-12.3,0.0,0.0,-0.0,-0.0,666,3706,0,10,-7
1087,155.14,31153,380.29,380.17,-0.12,-13.6,-13.6,0.0,-0.0,-0.0,-0.0,641,3680,0,11,-8
1088,155.31,31150,380.25,380.10,-0.15,-16.4,-16.4,0.0,-0.0,-0.0,-0.0,604,3648,0,12,-10
1089,155.48,31150,380.25,380.04,-0.21,-23.2,-23.2,0.0,-0.0,-0.0,-0.0,604,3657,0,18,-14
1090,155.57,31144,380.18,380.00,-0.17,-19.1,-19.1,0.0,-0.0,-0.0,-0.0,529,3577,0,13,-13
1091,155.74,31138,380.10,379.94,-0.17,-19.1,-19.1,0.0,-0.0,-0.0,-0.0,454,3502,0,11,-15
1092,155.91,31136,380.08,379.87,-0.21,-23.2,-23.2,0.0,-0.0,-0.0,-0.0,429,3481,0,13,-18
1093,155.99,31134,380.05,379.84,-0.22,-24.5,-24.5,0.0,-0.0,-0.0,-0.0,404,3451,0,13,-20
1094,156.16,31126,379.96,379.77,-0.18,-20.5,-20.5,0.0,0.0,-0.0,-0.0,304,3340,0,8,-18
1095,156.33,31125,379.94,379.70,-0.24,-27.3,-27.3,0.0,-0.0,-0.0,-0.0,291,3343,0,11,-24
1096,156.42,31124,379.93,379.67,-0.27,-30.0,-30.0,0.0,-0.0,-0.0,-0.0,279,3329,0,11,-27
1097,156.60,31117,379.85,379.60,-0.24,-27.3,-27.3,0.0,-0.0,-0.0,-0.0,191,3234,0,6,-26
1098,156.77,31109,379.75,379.53,-0.22,-24.5,-24.5,0.0,-0.0,-0.0,-0.0,91,3131,0,2,-24
1099,156.85,31108,379.74,379.50,-0.23,-25.9,-25.9,0.0,-0.0,-0.0,-0.0,79,3123,0,2,-25
1100,157.02,31104,379.69,379.43,-0.26,-28.6,-28.6,0.0,-0.0,-0.0,-0.0,29,3069,0,0,-28
1101,157.19,31098,379.61,379.37,-0.24,-27.3,-27.3,0.0,0.0,-0.0,-0.0,4050,2992,0,-3,-26
1102,157.28,31094,379.57,379.33,-0.23,-25.9,-25.9,0.0,0.0,-0.0,-0.0,4000,2939,0,-5,-25
1103,157.46,31090,379.52,379.26,-0.26,-28.6,-28.6,0.0,-0.0,-0.0,-0.0,3950,2898,0,-7,-27
1104,157.54,31088,379.49,379.23,-0.27,-30.0,-30.0,0.0,-0.0,-0.0,-0.0,3925,2871,0,-9,-28
1105,157.71,31078,379.37,379.16,-0.21,-23.2,-23.2,0.0,0.0,-0.0,-0.0,3800,2739,0,-11,-20
1106,157.87,31073,379.31,379.10,-0.21,-23.2,-23.2,0.0,0.0,-0.0,-0.0,3737,2677,0,-13,-18
1107,158.05,31070,379.27,379.03,-0.24,-27.3,-27.3,0.0,0.0,-0.0,-0.0,3700,2640,0,-16,-21
1108,158.13,31064,379.20,379.00,-0.21,-23.2,-23.2,0.0,0.0,-0.0,-0.0,3625,2560,0,-16,-16
1109,158.31,31056,379.10,378.93,-0.17,-19.1,-19.1,0.0,0.0,-0.0,-0.0,3525,2461,0,-15,-11
1110,158.48,31053,379.06,378.86,-0.21,-23.2,-23.2,0.0,0.0,-0.0,-0.0,3487,2427,0,-19,-12
1111,158.57,31050,379.03,378.82,-0.21,-23.2,-23.2,0.0,0.0,-0.0,-0.0,3450,2390,0,-19,-11
1112,158.73,31041,378.92,378.76,-0.16,-17.7,-17.7,0.0,0.0,-0.0,-0.0,3337,2272,0,-16,-6
1113,158.91,31037,378.87,378.69,-0.18,-20.5,-20.5,0.0,0.0,-0.0,-0.0,3287,2231,0,-19,-5
1114,159.00,31033,378.82,378.65,-0.17,-19.1,-19.1,0.0,0.0,-0.0,-0.0,3237,2175,0,-18,-4
1115,159.16,31029,378.77,378.59,-0.18,-20.5,-20.5,0.0,0.0,-0.0,-0.0,3187,2128,0,-20,-2
1116,159.25,31025,378.72,378.55,-0.17,-19.1,-19.1,0.0,0.0,-0.0,-0.0,3137,2073,0,-18,-1
1117,159.43,31018,378.64,378.48,-0.16,-17.7,-17.7,0.0,0.0,-0.0,-0.0,3050,1992,0,-17,1
1118,159.59,31010,378.54,378.42,-0.12,-13.6,-13.6,0.0,0.0,-0.0,-0.0,2950,1887,0,-13,3
1119,159.76,31005,378.48,378.35,-0.13,-15.0,-15.0,0.0,0.0,-0.0,-0.0,2887,1826,0,-14,5
1120,159.84,31002,378.44,378.32,-0.12,-13.6,-13.6,0.0,0.0,-0.0,-0.0,2850,1786,0,-12,5
1121,160.01,30994,378.34,378.25,-0.10,-10.9,-10.9,0.0,0.0,-0.0,-0.0,2750,1684,0,-9,6
1122,160.18,30989,378.28,378.18,-0.10,-10.9,-10.9,0.0,0.0,-0.0,-0.0,2687,1625,0,-8,6
1123,160.27,30983,378.21,378.14,-0.06,-6.8,-6.8,0.0,0.0,-0.0,-0.0,2612,1542,0,-5,5
1124,160.44,30978,378.15,378.08,-0.07,-8.2,-8.2,0.0,0.0,-0.0,-0.0,2550,1489,0,-5,6
1125,160.60,30973,378.09,378.01,-0.07,-8.2,-8.2,0.0,0.0,-0.0,-0.0,2487,1426,0,-5,6
1126,160.68,30971,378.06,377.98,-0.09,-9.5,-9.5,0.0,0.0,-0.0,-0.0,2462,1403,0,-5,8
1127,160.85,30964,377.98,377.91,-0.06,-6.8,-6.8,0.0,0.0,-0.0,-0.0,2375,1317,0,-3,6
1128,161.02,30960,377.93,377.84,-0.09,-9.5,-9.5,0.0,-0.0,-0.0,-0.0,2325,1268,0,-3,9
1129,161.11,30956,377.88,377.81,-0.07,-8.2,-8.2,0.0,0.0,-0.0,-0.0,2275,1217,0,-2,8
1130,161.28,30951,377.82,377.74,-0.09,-9.5,-9.5,0.0,-0.0,-0.0,-0.0,2212,1155,0,-2,9
1131,161.45,30942,377.71,377.67,-0.04,-4.1,-4.1,0.0,0.0,-0.0,-0.0,2100,1037,0,0,4
1132,161.54,30941,377.70,377.63,-0.06,-6.8,-6.8,0.0,0.0,-0.0,-0.0,2087,1028,0,0,7
1133,161.71,30935,377.62,377.57,-0.06,-6.8,-6.8,0.0,0.0,-0.0,-0.0,2012,951,0,1,7
1134,161.87,30929,377.55,377.50,-0.05,-5.5,-5.5,0.0,0.0,-0.0,-0.0,1937,879,0,1,5
1135,162.04,30927,377.53,377.43,-0.10,-10.9,-10.9,0.0,-0.0,-0.0,-0.0,1912,857,0,3,10
1136,162.12,30926,377.51,377.40,-0.11,-12.3,-12.3,0.0,-0.0,-0.0,-0.0,1900,851,0,3,11
1137,162.29,30921,377.45,377.33,-0.12,-13.6,-13.6,0.0,-0.0,-0.0,-0.0,1837,787,0,5,12
1138,162.45,30914,377.37,377.26,-0.10,-10.9,-10.9,0.0,-0.0,-0.0,-0.0,1750,700,0,5,9
1139,162.54,30910,377.32,377.23,-0.09,-9.5,-9.5,0.0,-0.0,-0.0,-0.0,1700,646,0,5,8
1140,162.71,30905,377.26,377.16,-0.10,-10.9,-10.9,0.0,0.0,-0.0,-0.0,1637,581,0,7,8
1141,162.88,30901,377.21,377.09,-0.12,-13.6,-13.6,0.0,-0.0,-0.0,-0.0,1587,531,0,9,10
1142,163.04,30896,377.15,377.03,-0.12,-13.6,-13.6,0.0,0.0,-0.0,-0.0,1525,469,0,10,9
1143,163.13,30896,377.15,376.99,-0.16,-17.7,-17.7,0.0,-0.0,-0.0,-0.0,1525,473,0,13,11
1144,163.29,30895,377.14,376.92,-0.21,-23.2,-23.2,0.0,-0.0,-0.0,-0.0,1512,471,0,17,15
1145,163.47,30886,377.03,376.85,-0.17,-19.1,-19.1,0.0,-0.0,-0.0,-0.0,1400,350,0,16,9
1146,163.56,30884,377.00,376.82,-0.18,-20.5,-20.5,0.0,-0.0,-0.0,-0.0,1375,324,0,17,9
1147,163.73,30878,376.93,376.75,-0.18,-20.5,-20.5,0.0,-0.0,-0.0,-0.0,1300,250,0,18,7
1148,163.89,30875,376.89,376.68,-0.21,-23.2,-23.2,0.0,-0.0,-0.0,-0.0,1262,208,0,21,7
1149,163.98,30870,376.83,376.64,-0.20,-21.8,-21.8,0.0,0.0,-0.0,-0.0,1200,135,0,21,4
1150,164.15,30865,376.77,376.57,-0.20,-21.8,-21.8,0.0,-0.0,-0.0,-0.0,1137,83,0,21,3
1151,164.32,30861,376.72,376.50,-0.22,-24.5,-24.5,0.0,-0.0,-0.0,-0.0,1087,30,0,24,1
1152,164.41,30860,376.71,376.47,-0.24,-27.3,-27.3,0.0,-0.0,-0.0,-0.0,1075,24,0,26,1
1153,164.59,30855,376.65,376.39,-0.26,-28.6,-28.6,0.0,-0.0,-0.0,-0.0,1012,4054,0,28,-2
1154,164.75,30853,376.62,376.33,-0.29,-32.7,-32.7,0.0,-0.0,-0.0,-0.0,987,4041,0,32,-3
1155,164.83,30848,376.56,376.29,-0.27,-30.0,-30.0,0.0,-0.0,-0.0,-0.0,925,3971,0,29,-6
1156,165.01,30844,376.51,376.22,-0.29,-32.7,-32.7,0.0,-0.0,-0.0,-0.0,875,3921,0,31,-8
1157,165.18,30836,376.42,376.15,-0.27,-30.0,-30.0,0.0,-0.0,-0.0,-0.0,775,3813,0,26,-12
1158,165.27,30835,376.40,376.11,-0.29,-32.7,-32.7,0.0,-0.0,-0.0,-0.0,762,3802,0,29,-14
1159,165.44,30831,376.35,376.04,-0.32,-35.5,-35.5,0.0,-0.0,-0.0,-0.0,712,3754,0,30,-17
1160,165.61,30825,376.28,375.97,-0.31,-34.1,-34.1,0.0,-0.0,-0.0,-0.0,637,3678,0,26,-20
1161,165.70,30822,376.25,375.93,-0.31,-34.1,-34.1,0.0,-0.0,-0.0,-0.0,600,3637,0,25,-21
1162,165.86,30814,376.15,375.87,-0.28,-31.4,-31.4,0.0,-0.0,-0.0,-0.0,500,3540,0,20,-23
1163,166.04,30808,376.07,375.79,-0.28,-31.4,-31.4,0.0,0.0,-0.0,-0.0,425,3459,0,17,-25
1164,166.12,30801,375.99,375.76,-0.23,-25.9,-25.9,0.0,0.0,-0.0,-0.0,337,3363,0,11,-23
1165,166.29,30799,375.96,375.69,-0.28,-31.4,-31.4,0.0,0.0,-0.0,-0.0,312,3347,0,12,-28
1166,166.46,30791,375.87,375.62,-0.24,-27.3,-27.3,0.0,0.0,-0.0,-0.0,212,3244,0,7,-26
1167,166.55,30789,375.84,375.58,-0.26,-28.6,-28.6,0.0,0.0,-0.0,-0.0,187,3220,0,6,-27
1168,166.72,30780,375.73,375.51,-0.22,-24.5,-24.5,0.0,0.0,-0.0,-0.0,75,3108,0,1,-24
1169,166.88,30772,375.63,375.44,-0.20,-21.8,-21.8,0.0,0.0,-0.0,-0.0,4071,3006,0,-2,-21
1170,166.96,30768,375.59,375.41,-0.18,-20.5,-20.5,0.0,0.0,-0.0,-0.0,4021,2951,0,-4,-19
1171,167.13,30761,375.50,375.34,-0.16,-17.7,-17.7,0.0,0.0,-0.0,-0.0,3933,2865,0,-5,-16
1172,167.31,30752,375.39,375.26,-0.12,-13.6,-13.6,0.0,0.0,-0.0,-0.0,3821,2748,0,-6,-12
1173,167.40,30747,375.33,375.23,-0.10,-10.9,-10.9,0.0,0.0,-0.0,-0.0,3758,2681,0,-6,-9
1174,167.57,30741,375.26,375.15,-0.10,-10.9,-10.9,0.0,0.0,-0.0,-0.0,3683,2614,0,-7,-8
1175,167.74,30737,375.21,375.08,-0.12,-13.6,-13.6,0.0,0.0,-0.0,-0.0,3633,2571,0,-9,-9
1176,167.83,30731,375.13,375.05,-0.09,-9.5,-9.5,0.0,0.0,-0.0,-0.0,3558,2488,0,-7,-6
1177,168.00,30720,375.00,374.97,-0.02,-2.7,-2.7,0.0,0.0,-0.0,-0.0,3421,2353,0,-2,-1
1178,168.16,30714,374.93,374.91,-0.02,-2.7,-2.7,0.0,0.0,-0.0,-0.0,3346,2278,0,-2,-1
1179,168.25,30712,374.90,374.87,-0.04,-4.1,-4.1,0.0,0.0,-0.0,-0.0,3321,2253,0,-4,-1
1180,168.42,30703,374.79,374.80,0.00,0.0,0.0,0.0,0.0,-0.0,-0.0,3208,86,0,0,0
1181,168.58,30700,374.76,374.73,-0.02,-2.7,-2.7,0.0,0.0,-0.0,-0.0,3171,2112,0,-3,0
1182,168.73,30693,374.67,374.67,0.00,0.0,0.0,0.0,0.0,-0.0,-0.0,3083,4078,0,0,0
1183,168.82,30690,374.63,374.63,0.00,0.0,0.0,0.0,0.0,-0.0,-0.0,3046,4032,0,0,0
1184,168.98,30685,374.57,374.56,-0.01,-1.4,-1.4,0.0,-0.0,-0.0,-0.0,2983,1928,0,-1,0
1185,169.15,30678,374.49,374.49,0.00,0.0,0.0,0.0,0.0,-0.0,-0.0,2896,3881,0,0,0
1186,169.31,30675,374.45,374.42,-0.02,-2.7,-2.7,0.0,0.0,-0.0,-0.0,2858,1801,0,-2,1
1187,169.41,30670,374.39,374.38,-0.01,-1.4,-1.4,0.0,-0.0,-0.0,-0.0,2796,1734,0,-1,1
1188,169.57,30665,374.33,374.31,-0.02,-2.7,-2.7,0.0,-0.0,-0.0,-0.0,2733,1678,0,-2,1
1189,169.67,30665,374.33,374.27,-0.06,-6.8,-6.8,0.0,-0.0,-0.0,-0.0,2733,1676,0,-6,4
1190,169.83,30657,374.23,374.20,-0.04,-4.1,-4.1,0.0,-0.0,-0.0,-0.0,2633,1579,0,-3,3
1191,170.01,30651,374.16,374.13,-0.04,-4.1,-4.1,0.0,-0.0,-0.0,-0.0,2558,1500,0,-3,3
1192,170.17,30648,374.12,374.06,-0.06,-6.8,-6.8,0.0,-0.0,-0.0,-0.0,2521,1471,0,-4,5
1193,170.25,30645,374.08,374.02,-0.06,-6.8,-6.8,0.0,-0.0,-0.0,-0.0,2483,1430,0,-4,5
1194,170.42,30638,374.00,373.95,-0.05,-5.5,-5.5,0.0,0.0,-0.0,-0.0,2396,1335,0,-2,5
1195,170.58,30632,373.93,373.88,-0.05,-5.5,-5.5,0.0,-0.0,-0.0,-0.0,2321,1265,0,-2,5
1196,170.67,30632,373.93,373.84,-0.09,-9.5,-9.5,0.0,-0.0,-0.0,-0.0,2321,1266,0,-3,9
1197,170.84,30625,373.84,373.77,-0.07,-8.2,-8.2,0.0,-0.0,-0.0,-0.0,2233,1174,0,-2,8
1198,171.02,30623,373.82,373.70,-0.12,-13.6,-13.6,0.0,-0.0,-0.0,-0.0,2208,1156,0,-3,13
1199,171.10,30618,373.75,373.66,-0.10,-10.9,-10.9,0.0,-0.0,-0.0,-0.0,2146,1092,0,-1,11
1200,171.28,30618,373.75,373.58,-0.17,-19.1,-19.1,0.0,-0.0,-0.0,-0.0,2146,1101,0,-2,18
1201,171.44,30607,373.62,373.51,-0.11,-12.3,-12.3,0.0,-0.0,-0.0,-0.0,2008,952,0,1,12
1202,171.53,30606,373.61,373.48,-0.13,-15.0,-15.0,0.0,-0.0,-0.0,-0.0,1996,943,0,2,14
1203,171.70,30603,373.57,373.40,-0.17,-19.1,-19.1,0.0,-0.0,-0.0,-0.0,1958,903,0,3,18
1204,171.87,30603,373.57,373.33,-0.24,-27.3,-27.3,0.0,-0.0,-0.0,-0.0,1958,912,0,5,26
1205,171.96,30598,373.51,373.29,-0.22,-24.5,-24.5,0.0,-0.0,-0.0,-0.0,1896,840,0,7,23
1206,172.13,30593,373.45,373.22,-0.23,-25.9,-25.9,0.0,-0.0,-0.0,-0.0,1833,789,0,9,23
1207,172.30,30589,373.40,373.15,-0.26,-28.6,-28.6,0.0,-0.0,-0.0,-0.0,1783,733,0,12,25
1208,172.39,30586,373.36,373.11,-0.26,-28.6,-28.6,0.0,-0.0,-0.0,-0.0,1746,693,0,13,24
1209,172.56,30581,373.30,373.03,-0.27,-30.0,-30.0,0.0,-0.0,-0.0,-0.0,1683,627,0,17,24
1210,172.73,30575,373.23,372.96,-0.27,-30.0,-30.0,0.0,-0.0,-0.0,-0.0,1608,556,0,19,22
1211,172.81,30572,373.19,372.92,-0.27,-30.0,-30.0,0.0,-0.0,-0.0,-0.0,1571,515,0,20,21
1212,172.98,30565,373.11,372.85,-0.26,-28.6,-28.6,0.0,0.0,-0.0,-0.0,1483,425,0,22,17
1213,173.15,30559,373.03,372.78,-0.26,-28.6,-28.6,0.0,0.0,-0.0,-0.0,1408,347,0,24,14
1214,173.24,30559,373.03,372.74,-0.29,-32.7,-32.7,0.0,-0.0,-0.0,-0.0,1408,349,0,27,16
1215,173.42,30553,372.96,372.66,-0.29,-32.7,-32.7,0.0,-0.0,-0.0,-0.0,1333,275,0,29,13
1216,173.58,30549,372.91,372.59,-0.32,-35.5,-35.5,0.0,-0.0,-0.0,-0.0,1283,232,0,32,12
1217,173.67,30547,372.89,372.55,-0.34,-38.2,-38.2,0.0,-0.0,-0.0,-0.0,1258,206,0,35,11
1218,173.84,30537,372.77,372.48,-0.29,-32.7,-32.7,0.0,-0.0,-0.0,-0.0,1133,78,0,31,4
1219,174.01,30532,372.71,372.40,-0.31,-34.1,-34.1,0.0,0.0,-0.0,-0.0,1071,8,0,33,0
1220,174.10,30528,372.66,372.37,-0.29,-32.7,-32.7,0.0,0.0,-0.0,-0.0,1021,4055,0,32,-2
1221,174.27,30519,372.55,372.29,-0.26,-28.6,-28.6,0.0,0.0,-0.0,-0.0,908,3935,0,27,-7
1222,174.43,30514,372.49,372.22,-0.27,-30.0,-30.0,0.0,0.0,-0.0,-0.0,846,3877,0,27,-10
1223,174.60,30506,372.39,372.15,-0.24,-27.3,-27.3,0.0,0.0,-0.0,-0.0,746,3781,0,23,-12
1224,174.69,30503,372.35,372.11,-0.24,-27.3,-27.3,0.0,0.0,-0.0,-0.0,708,3732,0,22,-14
1225,174.86,30496,372.27,372.03,-0.23,-25.9,-25.9,0.0,0.0,-0.0,-0.0,621,3653,0,20,-16
1226,175.03,30489,372.18,371.96,-0.22,-24.5,-24.5,0.0,0.0,-0.0,-0.0,533,3567,0,16,-17
1227,175.11,30484,372.12,371.92,-0.20,-21.8,-21.8,0.0,0.0,-0.0,-0.0,471,3493,0,13,-17
1228,175.28,30475,372.01,371.85,-0.16,-17.7,-17.7,0.0,0.0,-0.0,-0.0,358,3385,0,8,-15
1229,175.46,30468,371.92,371.77,-0.15,-16.4,-16.4,0.0,0.0,-0.0,-0.0,271,3296,0,5,-15
1230,175.55,30464,371.88,371.73,-0.15,-16.4,-16.4,0.0,0.0,-0.0,-0.0,221,3243,0,4,-15
1231,175.72,30455,371.77,371.66,-0.11,-12.3,-12.3,0.0,0.0,-0.0,-0.0,108,3128,0,1,-12
1232,175.81,30454,371.75,371.62,-0.13,-15.0,-15.0,0.0,0.0,-0.0,-0.0,96,3123,0,1,-14
1233,175.98,30444,371.63,371.54,-0.09,-9.5,-9.5,0.0,0.0,-0.0,-0.0,4067,2997,0,-1,-9
1234,176.15,30437,371.55,371.47,-0.07,-8.2,-8.2,0.0,0.0,-0.0,-0.0,3979,2911,0,-2,-8
1235,176.31,30430,371.46,371.40,-0.06,-6.8,-6.8,0.0,0.0,-0.0,-0.0,3892,2826,0,-2,-6
1236,176.40,30426,371.41,371.36,-0.05,-5.5,-5.5,0.0,0.0,-0.0,-0.0,3842,2769,0,-2,-5
1237,176.57,30416,371.29,371.28,0.00,0.0,0.0,0.0,0.0,-0.0,-0.0,3717,592,0,0,0
1238,176.66,30411,371.23,371.24,0.01,1.4,1.4,0.0,0.0,-0.0,-0.0,3654,528,0,1,1
1239,176.83,30406,371.17,371.17,0.00,0.0,0.0,0.0,0.0,-0.0,-0.0,3592,475,0,0,0
1240,176.99,30401,371.11,371.10,0.00,0.0,0.0,0.0,0.0,-0.0,-0.0,3529,415,0,0,0
1241,177.14,30395,371.03,371.03,0.00,0.0,0.0,0.0,0.0,-0.0,-0.0,3454,341,0,0,0
1242,177.23,30392,371.00,370.99,0.00,0.0,0.0,0.0,0.0,-0.0,-0.0,3417,307,0,0,0
1243,177.39,30386,370.92,370.92,0.00,0.0,0.0,0.0,0.0,-0.0,-0.0,3342,236,0,0,0
1244,177.57,30382,370.87,370.84,-0.04,-4.1,-4.1,0.0,-0.0,-0.0,-0.0,3292,2236,0,-4,-1
1245,177.73,30377,370.81,370.77,-0.05,-5.5,-5.5,0.0,-0.0,-0.0,-0.0,3229,2172,0,-5,-1
1246,177.82,30374,370.78,370.73,-0.05,-5.5,-5.5,0.0,-0.0,-0.0,-0.0,3192,2136,0,-5,-1
1247,177.99,30366,370.68,370.65,-0.02,-2.7,-2.7,0.0,-0.0,-0.0,-0.0,3092,2034,0,-3,0
1248,178.16,30363,370.64,370.58,-0.06,-6.8,-6.8,0.0,-0.0,-0.0,-0.0,3054,2000,0,-7,0
1249,178.24,30359,370.59,370.54,-0.05,-5.5,-5.5,0.0,-0.0,-0.0,-0.0,3004,1945,0,-5,1
1250,178.42,30354,370.53,370.46,-0.07,-8.2,-8.2,0.0,-0.0,-0.0,-0.0,2942,1881,0,-8,2
1251,178.59,30347,370.45,370.39,-0.06,-6.8,-6.8,0.0,-0.0,-0.0,-0.0,2854,1797,0,-6,2
1252,178.68,30343,370.40,370.35,-0.05,-5.5,-5.5,0.0,-0.0,-0.0,-0.0,2804,1743,0,-5,2
1253,178.84,30340,370.36,370.27,-0.09,-9.5,-9.5,0.0,-0.0,-0.0,-0.0,2767,1711,0,-8,5
1254,179.01,30336,370.31,370.20,-0.12,-13.6,-13.6,0.0,-0.0,-0.0,-0.0,2717,1661,0,-11,7
1255,179.10,30333,370.28,370.16,-0.12,-13.6,-13.6,0.0,-0.0,-0.0,-0.0,2679,1621,0,-10,8
1256,179.27,30328,370.21,370.08,-0.13,-15.0,-15.0,0.0,-0.0,-0.0,-0.0,2617,1565,0,-11,10
1257,179.44,30323,370.15,370.01,-0.15,-16.4,-16.4,0.0,-0.0,-0.0,-0.0,2554,1503,0,-11,12
1258,179.53,30321,370.13,369.97,-0.16,-17.7,-17.7,0.0,-0.0,-0.0,-0.0,2529,1475,0,-11,13
1259,179.69,30318,370.09,369.89,-0.20,-21.8,-21.8,0.0,-0.0,-0.0,-0.0,2492,1443,0,-13,17
1260,179.86,30311,370.01,369.82,-0.20,-21.8,-21.8,0.0,-0.0,-0.0,-0.0,2404,1352,0,-10,19
1261,179.95,30307,369.96,369.78,-0.18,-20.5,-20.5,0.0,-0.0,-0.0,-0.0,2354,1297,0,-8,18
1262,180.12,30303,369.91,369.70,-0.21,-23.2,-23.2,0.0,-0.0,-0.0,-0.0,2304,1251,0,-8,21
1263,180.29,30299,369.86,369.62,-0.23,-25.9,-25.9,0.0,-0.0,-0.0,-0.0,2254,1198,0,-7,24
1264,180.38,30297,369.84,369.58,-0.26,-28.6,-28.6,0.0,-0.0,-0.0,-0.0,2229,1172,0,-6,27
1265,180.55,30292,369.78,369.51,-0.27,-30.0,-30.0,0.0,-0.0,-0.0,-0.0,2167,1116,0,-4,29
1266,180.72,30286,369.70,369.43,-0.27,-30.0,-30.0,0.0,-0.0,-0.0,-0.0,2092,1039,0,-1,29
1267,180.81,30285,369.69,369.39,-0.29,-32.7,-32.7,0.0,-0.0,-0.0,-0.0,2079,1027,0,0,32
1268,180.97,30279,369.62,369.32,-0.31,-34.1,-34.1,0.0,-0.0,-0.0,-0.0,2004,952,0,4,33
1269,181.14,30272,369.53,369.24,-0.29,-32.7,-32.7,0.0,-0.0,-0.0,-0.0,1917,860,0,8,31
1270,181.23,30270,369.51,369.20,-0.31,-34.1,-34.1,0.0,-0.0,-0.0,-0.0,1892,832,0,10,32
1271,181.41,30262,369.41,369.12,-0.29,-32.7,-32.7,0.0,-0.0,-0.0,-0.0,1792,733,0,14,29
1272,181.58,30257,369.35,369.04,-0.31,-34.1,-34.1,0.0,0.0,-0.0,-0.0,1729,668,0,17,28
1273,181.67,30254,369.31,369.00,-0.31,-34.1,-34.1,0.0,0.0,-0.0,-0.0,1692,631,0,19,27
1274,181.84,30245,369.20,368.92,-0.28,-31.4,-31.4,0.0,0.0,-0.0,-0.0,1579,518,0,21,22
1275,182.01,30239,369.13,368.84,-0.28,-31.4,-31.4,0.0,0.0,-0.0,-0.0,1504,439,0,24,19
1276,182.10,30236,369.09,368.80,-0.28,-31.4,-31.4,0.0,0.0,-0.0,-0.0,1467,404,0,25,18
1277,182.27,30228,368.99,368.73,-0.27,-30.0,-30.0,0.0,0.0,-0.0,-0.0,1367,301,0,26,13
1278,182.44,30222,368.92,368.65,-0.27,-30.0,-30.0,0.0,0.0,-0.0,-0.0,1292,230,0,27,10
1279,182.52,30216,368.85,368.61,-0.23,-25.9,-25.9,0.0,0.0,-0.0,-0.0,1217,148,0,24,6
1280,182.68,30208,368.75,368.54,-0.21,-23.2,-23.2,0.0,0.0,-0.0,-0.0,1117,49,0,22,2
1281,182.85,30202,368.68,368.46,-0.22,-24.5,-24.5,0.0,0.0,-0.0,-0.0,1042,4068,0,24,-1
1282,182.94,30197,368.62,368.42,-0.20,-21.8,-21.8,0.0,0.0,-0.0,-0.0,979,4003,0,21,-3
1283,183.11,30187,368.49,368.34,-0.15,-16.4,-16.4,0.0,0.0,-0.0,-0.0,854,3873,0,15,-5
1284,183.27,30179,368.40,368.27,-0.13,-15.0,-15.0,0.0,0.0,-0.0,-0.0,754,3778,0,13,-7
1285,183.36,30177,368.37,368.23,-0.15,-16.4,-16.4,0.0,0.0,-0.0,-0.0,729,3752,0,14,-8
1286,183.54,30172,368.31,368.15,-0.17,-19.1,-19.1,0.0,0.0,-0.0,-0.0,667,3696,0,15,-11
1287,183.71,30163,368.20,368.06,-0.13,-15.0,-15.0,0.0,0.0,-0.0,-0.0,554,3581,0,10,-10
1288,183.80,30158,368.14,368.03,-0.11,-12.3,-12.3,0.0,0.0,-0.0,-0.0,492,3521,0,8,-9
1289,183.97,30151,368.05,367.95,-0.11,-12.3,-12.3,0.0,0.0,-0.0,-0.0,404,3434,0,6,-10
1290,184.14,30144,367.97,367.87,-0.10,-10.9,-10.9,0.0,0.0,-0.0,-0.0,317,3347,0,4,-10
1291,184.23,30139,367.91,367.83,-0.07,-8.2,-8.2,0.0,0.0,-0.0,-0.0,254,3276,0,2,-8
1292,184.40,30129,367.79,367.75,-0.04,-4.1,-4.1,0.0,0.0,-0.0,-0.0,129,3147,0,0,-4
1293,184.57,30123,367.71,367.67,-0.04,-4.1,-4.1,0.0,0.0,-0.0,-0.0,54,3081,0,0,-4
1294,184.65,30117,367.64,367.63,-0.01,-1.4,-1.4,0.0,0.0,-0.0,-0.0,4075,2997,0,0,-1
1295,184.82,30112,367.58,367.56,-0.02,-2.7,-2.7,0.0,0.0,-0.0,-0.0,4013,2945,0,-1,-3
1296,184.99,30105,367.49,367.48,-0.01,-1.4,-1.4,0.0,0.0,-0.0,-0.0,3925,2859,0,0,-1
1297,185.09,30104,367.48,367.43,-0.05,-5.5,-5.5,0.0,-0.0,-0.0,-0.0,3913,2847,0,-2,-5
1298,185.25,30098,367.41,367.36,-0.05,-5.5,-5.5,0.0,-0.0,-0.0,-0.0,3838,2778,0,-2,-5
1299,185.43,30090,367.31,367.27,-0.04,-4.1,-4.1,0.0,-0.0,-0.0,-0.0,3738,2677,0,-2,-3
1300,185.52,30086,367.26,367.23,-0.02,-2.7,-2.7,0.0,0.0,-0.0,-0.0,3688,2624,0,-2,-2
1301,185.68,30081,367.20,367.16,-0.05,-5.5,-5.5,0.0,-0.0,-0.0,-0.0,3625,2568,0,-4,-4
1302,185.85,30073,367.10,367.08,-0.02,-2.7,-2.7,0.0,0.0,-0.0,-0.0,3525,2460,0,-2,-2
1303,185.94,30069,367.05,367.04,-0.01,-1.4,-1.4,0.0,0.0,-0.0,-0.0,3475,2405,0,-1,-1
1304,186.11,30063,366.98,366.96,-0.02,-2.7,-2.7,0.0,0.0,-0.0,-0.0,3400,2338,0,-2,-1
1305,186.27,30059,366.93,366.88,-0.05,-5.5,-5.5,0.0,-0.0,-0.0,-0.0,3350,2292,0,-5,-2
1306,186.44,30055,366.88,366.81,-0.07,-8.2,-8.2,0.0,-0.0,-0.0,-0.0,3300,2244,0,-8,-2
1307,186.52,30052,366.85,366.77,-0.09,-9.5,-9.5,0.0,-0.0,-0.0,-0.0,3263,2206,0,-9,-2
1308,186.69,30049,366.81,366.69,-0.12,-13.6,-13.6,0.0,-0.0,-0.0,-0.0,3225,2175,0,-13,-3
1309,186.86,30047,366.78,366.61,-0.17,-19.1,-19.1,0.0,-0.0,-0.0,-0.0,3200,2155,0,-18,-3
1310,186.95,30043,366.74,366.57,-0.17,-19.1,-19.1,0.0,-0.0,-0.0,-0.0,3150,2101,0,-18,-2
1311,187.12,30034,366.63,366.49,-0.13,-15.0,-15.0,0.0,-0.0,-0.0,-0.0,3038,1983,0,-14,1
1312,187.28,30029,366.56,366.41,-0.16,-17.7,-17.7,0.0,-0.0,-0.0,-0.0,2975,1920,0,-17,3
1313,187.37,30027,366.54,366.37,-0.17,-19.1,-19.1,0.0,-0.0,-0.0,-0.0,2950,1891,0,-18,4
1314,187.55,30020,366.46,366.29,-0.17,-19.1,-19.1,0.0,0.0,-0.0,-0.0,2863,1800,0,-17,7
1315,187.72,30015,366.39,366.21,-0.18,-20.5,-20.5,0.0,-0.0,-0.0,-0.0,2800,1742,0,-18,9
1316,187.81,30015,366.39,366.17,-0.23,-25.9,-25.9,0.0,-0.0,-0.0,-0.0,2800,1747,0,-22,11
1317,187.98,30009,366.32,366.08,-0.23,-25.9,-25.9,0.0,-0.0,-0.0,-0.0,2725,1671,0,-21,14
1318,188.15,30001,366.22,366.01,-0.22,-24.5,-24.5,0.0,-0.0,-0.0,-0.0,2625,1570,0,-18,16
1319,188.23,30000,366.21,365.97,-0.24,-27.3,-27.3,0.0,-0.0,-0.0,-0.0,2613,1559,0,-19,18
1320,188.41,29995,366.15,365.88,-0.27,-30.0,-30.0,0.0,-0.0,-0.0,-0.0,2550,1494,0,-19,22
1321,188.50,29991,366.10,365.84,-0.26,-28.6,-28.6,0.0,-0.0,-0.0,-0.0,2500,1440,0,-17,22
1322,188.67,29984,366.02,365.76,-0.26,-28.6,-28.6,0.0,-0.0,-0.0,-0.0,2413,1352,0,-13,24
1323,188.84,29975,365.91,365.68,-0.23,-25.9,-25.9,0.0,-0.0,-0.0,-0.0,2300,1240,0,-8,24
1324,188.93,29973,365.88,365.64,-0.24,-27.3,-27.3,0.0,0.0,-0.0,-0.0,2275,1209,0,-7,25
1325,189.10,29969,365.83,365.56,-0.28,-31.4,-31.4,0.0,-0.0,-0.0,-0.0,2225,1161,0,-6,30
1326,189.27,29965,365.78,365.48,-0.31,-34.1,-34.1,0.0,-0.0,-0.0,-0.0,2175,1119,0,-5,33
1327,189.36,29961,365.73,365.43,-0.31,-34.1,-34.1,0.0,-0.0,-0.0,-0.0,2125,1064,0,-2,33
1328,189.52,29954,365.65,365.36,-0.29,-32.7,-32.7,0.0,-0.0,-0.0,-0.0,2038,983,0,2,32
1329,189.69,29944,365.53,365.28,-0.24,-27.3,-27.3,0.0,0.0,-0.0,-0.0,1913,852,0,7,26
1330,189.85,29939,365.47,365.20,-0.27,-30.0,-30.0,0.0,0.0,-0.0,-0.0,1850,783,0,11,27
1331,189.94,29935,365.42,365.16,-0.26,-28.6,-28.6,0.0,0.0,-0.0,-0.0,1800,728,0,12,25
1332,190.11,29927,365.32,365.08,-0.24,-27.3,-27.3,0.0,0.0,-0.0,-0.0,1700,632,0,15,22
1333,190.28,29918,365.21,365.00,-0.21,-23.2,-23.2,0.0,0.0,-0.0,-0.0,1588,521,0,16,16
1334,190.36,29915,365.17,364.96,-0.22,-24.5,-24.5,0.0,0.0,-0.0,-0.0,1550,482,0,18,16
1335,190.53,29907,365.08,364.88,-0.20,-21.8,-21.8,0.0,0.0,-0.0,-0.0,1450,380,0,18,12
1336,190.69,29901,365.00,364.80,-0.21,-23.2,-23.2,0.0,0.0,-0.0,-0.0,1375,307,0,20,10
1337,190.79,29897,364.95,364.76,-0.20,-21.8,-21.8,0.0,0.0,-0.0,-0.0,1325,252,0,20,8
1338,190.95,29888,364.84,364.68,-0.17,-19.1,-19.1,0.0,0.0,-0.0,-0.0,1213,144,0,18,4
1339,191.13,29881,364.76,364.59,-0.16,-17.7,-17.7,0.0,0.0,-0.0,-0.0,1125,56,0,17,1
1340,191.21,29878,364.72,364.55,-0.17,-19.1,-19.1,0.0,0.0,-0.0,-0.0,1088,18,0,18,1
1341,191.38,29869,364.61,364.47,-0.13,-15.0,-15.0,0.0,0.0,-0.0,-0.0,975,4000,0,14,-2
1342,191.55,29860,364.50,364.39,-0.11,-12.3,-12.3,0.0,0.0,-0.0,-0.0,863,3887,0,11,-4
1343,191.64,29856,364.45,364.35,-0.11,-12.3,-12.3,0.0,0.0,-0.0,-0.0,813,3837,0,11,-5
1344,191.81,29848,364.36,364.27,-0.09,-9.5,-9.5,0.0,0.0,-0.0,-0.0,713,3739,0,8,-5
1345,191.98,29838,364.23,364.18,-0.05,-5.5,-5.5,0.0,0.0,-0.0,-0.0,588,3605,0,4,-4
1346,192.07,29833,364.17,364.14,-0.04,-4.1,-4.1,0.0,0.0,-0.0,-0.0,525,3543,0,3,-3
1347,192.24,29829,364.12,364.06,-0.06,-6.8,-6.8,0.0,0.0,-0.0,-0.0,475,3502,0,4,-5
1348,192.42,29821,364.03,363.97,-0.05,-5.5,-5.5,0.0,0.0,-0.0,-0.0,375,3396,0,3,-5
1349,192.50,29816,363.96,363.93,-0.04,-4.1,-4.1,0.0,0.0,-0.0,-0.0,313,3337,0,2,-4
1350,192.68,29810,363.89,363.85,-0.04,-4.1,-4.1,0.0,0.0,-0.0,-0.0,238,3269,0,1,-4
1351,192.83,29805,363.83,363.77,-0.06,-6.8,-6.8,0.0,-0.0,-0.0,-0.0,175,3209,0,1,-6
1352,193.00,29798,363.75,363.69,-0.05,-5.5,-5.5,0.0,0.0,-0.0,-0.0,88,3117,0,0,-5
1353,193.09,29795,363.71,363.65,-0.06,-6.8,-6.8,0.0,-0.0,-0.0,-0.0,50,3080,0,0,-7
1354,193.26,29790,363.65,363.57,-0.09,-9.5,-9.5,0.0,-0.0,-0.0,-0.0,4084,3026,0,-1,-9
1355,193.35,29785,363.59,363.52,-0.06,-6.8,-6.8,0.0,-0.0,-0.0,-0.0,4021,2956,0,-1,-7
1356,193.52,29779,363.51,363.44,-0.07,-8.2,-8.2,0.0,-0.0,-0.0,-0.0,3946,2885,0,-2,-8
1357,193.69,29770,363.40,363.36,-0.04,-4.1,-4.1,0.0,0.0,-0.0,-0.0,3834,2771,0,-2,-4
1358,193.85,29766,363.35,363.28,-0.07,-8.2,-8.2,0.0,0.0,-0.0,-0.0,3784,2719,0,-4,-7
1359,193.93,29762,363.31,363.24,-0.06,-6.8,-6.8,0.0,0.0,-0.0,-0.0,3734,2666,0,-4,-5
1360,194.11,29755,363.22,363.16,-0.06,-6.8,-6.8,0.0,0.0,-0.0,-0.0,3646,2578,0,-5,-5
1361,194.27,29751,363.17,363.08,-0.10,-10.9,-10.9,0.0,-0.0,-0.0,-0.0,3596,2539,0,-8,-7
1362,194.36,29747,363.12,363.04,-0.09,-9.5,-9.5,0.0,-0.0,-0.0,-0.0,3546,2487,0,-7,-6
1363,194.52,29741,363.05,362.96,-0.10,-10.9,-10.9,0.0,-0.0,-0.0,-0.0,3471,2410,0,-9,-6
1364,194.68,29736,362.99,362.88,-0.11,-12.3,-12.3,0.0,-0.0,-0.0,-0.0,3409,2351,0,-11,-5
1365,194.85,29730,362.92,362.80,-0.12,-13.6,-13.6,0.0,-0.0,-0.0,-0.0,3334,2278,0,-12,-5
1366,194.94,29728,362.89,362.75,-0.13,-15.0,-15.0,0.0,-0.0,-0.0,-0.0,3309,2248,0,-14,-4
1367,195.10,29724,362.84,362.68,-0.17,-19.1,-19.1,0.0,-0.0,-0.0,-0.0,3259,2205,0,-18,-4
1368,195.26,29719,362.78,362.60,-0.18,-20.5,-20.5,0.0,-0.0,-0.0,-0.0,3196,2143,0,-20,-3
1369,195.35,29716,362.74,362.55,-0.20,-21.8,-21.8,0.0,-0.0,-0.0,-0.0,3159,2103,0,-21,-2
1370,195.52,29712,362.70,362.47,-0.22,-24.5,-24.5,0.0,-0.0,-0.0,-0.0,3109,2058,0,-24,0
1371,195.69,29706,362.62,362.39,-0.23,-25.9,-25.9,0.0,-0.0,-0.0,-0.0,3034,1979,0,-25,3
1372,195.85,29699,362.54,362.31,-0.23,-25.9,-25.9,0.0,-0.0,-0.0,-0.0,2946,1889,0,-24,6
1373,195.94,29696,362.50,362.26,-0.23,-25.9,-25.9,0.0,-0.0,-0.0,-0.0,2909,1849,0,-24,8
1374,196.11,29691,362.44,362.18,-0.26,-28.6,-28.6,0.0,-0.0,-0.0,-0.0,2846,1787,0,-26,11
1375,196.28,29683,362.34,362.10,-0.24,-27.3,-27.3,0.0,-0.0,-0.0,-0.0,2746,1682,0,-22,14
1376,196.37,29681,362.32,362.05,-0.27,-30.0,-30.0,0.0,-0.0,-0.0,-0.0,2721,1657,0,-24,16
1377,196.54,29676,362.26,361.97,-0.29,-32.7,-32.7,0.0,-0.0,-0.0,-0.0,2659,1602,0,-25,20
1378,196.71,29670,362.18,361.88,-0.29,-32.7,-32.7,0.0,-0.0,-0.0,-0.0,2584,1525,0,-22,23
1379,196.80,29667,362.15,361.84,-0.31,-34.1,-34.1,0.0,-0.0,-0.0,-0.0,2546,1484,0,-21,25
1380,196.97,29660,362.06,361.76,-0.31,-34.1,-34.1,0.0,-0.0,-0.0,-0.0,2459,1401,0,-18,28
1381,197.06,29655,362.00,361.71,-0.29,-32.7,-32.7,0.0,-0.0,-0.0,-0.0,2396,1329,0,-14,28
1382,197.23,29648,361.91,361.63,-0.28,-31.4,-31.4,0.0,0.0,-0.0,-0.0,2309,1245,0,-10,29
1383,197.41,29643,361.85,361.55,-0.31,-34.1,-34.1,0.0,-0.0,-0.0,-0.0,2246,1184,0,-8,32
1384,197.49,29639,361.80,361.50,-0.31,-34.1,-34.1,0.0,0.0,-0.0,-0.0,2196,1127,0,-5,33
1385,197.66,29630,361.69,361.42,-0.27,-30.0,-30.0,0.0,0.0,-0.0,-0.0,2084,1018,0,0,29
1386,197.83,29625,361.63,361.33,-0.31,-34.1,-34.1,0.0,-0.0,-0.0,-0.0,2021,962,0,3,33
1387,197.92,29618,361.55,361.29,-0.26,-28.6,-28.6,0.0,0.0,-0.0,-0.0,1934,863,0,7,27
1388,198.09,29609,361.44,361.20,-0.23,-25.9,-25.9,0.0,0.0,-0.0,-0.0,1821,746,0,10,23
1389,198.26,29602,361.35,361.12,-0.23,-25.9,-25.9,0.0,0.0,-0.0,-0.0,1734,666,0,13,21
1390,198.35,29598,361.30,361.08,-0.23,-25.9,-25.9,0.0,0.0,-0.0,-0.0,1684,610,0,15,20
1391,198.51,29589,361.19,360.99,-0.20,-21.8,-21.8,0.0,0.0,-0.0,-0.0,1571,495,0,15,15
1392,198.68,29577,361.05,360.91,-0.13,-15.0,-15.0,0.0,0.0,-0.0,-0.0,1421,344,0,13,7
1393,198.77,29575,361.02,360.87,-0.16,-17.7,-17.7,0.0,0.0,-0.0,-0.0,1396,317,0,15,8
1394,198.95,29568,360.94,360.78,-0.16,-17.7,-17.7,0.0,0.0,-0.0,-0.0,1309,234,0,16,6
1395,199.11,29558,360.82,360.70,-0.12,-13.6,-13.6,0.0,0.0,-0.0,-0.0,1184,107,0,13,2
1396,199.28,29552,360.74,360.61,-0.12,-13.6,-13.6,0.0,0.0,-0.0,-0.0,1109,39,0,13,1
1397,199.35,29548,360.69,360.58,-0.11,-12.3,-12.3,0.0,0.0,-0.0,-0.0,1059,4092,0,12,0
1398,199.53,29539,360.58,360.49,-0.10,-10.9,-10.9,0.0,0.0,-0.0,-0.0,946,3968,0,10,-2
1399,199.70,29530,360.47,360.41,-0.06,-6.8,-6.8,0.0,0.0,-0.0,-0.0,834,3854,0,6,-2
1400,199.79,29525,360.41,360.36,-0.05,-5.5,-5.5,0.0,0.0,-0.0,-0.0,771,3787,0,5,-2
1401,199.95,29518,360.33,360.28,-0.05,-5.5,-5.5,0.0,0.0,-0.0,-0.0,684,3706,0,4,-3
1402,200.13,29510,360.23,360.19,-0.04,-4.1,-4.1,0.0,0.0,-0.0,-0.0,584,3602,0,3,-3
1403,200.20,29508,360.21,360.15,-0.05,-5.5,-5.5,0.0,0.0,-0.0,-0.0,559,3589,0,4,-4
1404,200.37,29501,360.12,360.07,-0.05,-5.5,-5.5,0.0,0.0,-0.0,-0.0,471,3502,0,3,-4
1405,200.53,29495,360.05,359.99,-0.06,-6.8,-6.8,0.0,0.0,-0.0,-0.0,396,3427,0,3,-6
1406,200.70,29488,359.96,359.91,-0.05,-5.5,-5.5,0.0,-0.0,-0.0,-0.0,309,3342,0,2,-5
1407,200.77,29483,359.90,359.87,-0.04,-4.1,-4.1,0.0,0.0,-0.0,-0.0,246,3280,0,1,-4
1408,200.95,29475,359.80,359.78,-0.02,-2.7,-2.7,0.0,0.0,-0.0,-0.0,146,3173,0,0,-3
1409,201.11,29467,359.70,359.70,0.00,0.0,0.0,0.0,0.0,-0.0,-0.0,46,1024,0,0,0
1410,201.28,29463,359.66,359.62,-0.04,-4.1,-4.1,0.0,0.0,-0.0,-0.0,4092,3025,0,0,-4
1411,201.35,29459,359.61,359.58,-0.02,-2.7,-2.7,0.0,0.0,-0.0,-0.0,4042,2978,0,0,-3
1412,201.53,29451,359.51,359.49,-0.01,-1.4,-1.4,0.0,-0.0,-0.0,-0.0,3942,2880,0,0,-1
1413,201.69,29447,359.46,359.41,-0.05,-5.5,-5.5,0.0,-0.0,-0.0,-0.0,3892,2835,0,-2,-5
1414,201.78,29447,359.46,359.37,-0.10,-10.9,-10.9,0.0,-0.0,-0.0,-0.0,3892,2836,0,-4,-10
1415,201.94,29442,359.40,359.29,-0.11,-12.3,-12.3,0.0,-0.0,-0.0,-0.0,3830,2776,0,-5,-11
1416,202.10,29434,359.30,359.20,-0.10,-10.9,-10.9,0.0,-0.0,-0.0,-0.0,3730,2674,0,-6,-9
1417,202.26,29431,359.27,359.12,-0.15,-16.4,-16.4,0.0,-0.0,-0.0,-0.0,3692,2643,0,-10,-13
1418,202.35,29427,359.22,359.08,-0.13,-15.0,-15.0,0.0,-0.0,-0.0,-0.0,3642,2583,0,-10,-11
1419,202.52,29416,359.08,358.99,-0.09,-9.5,-9.5,0.0,0.0,-0.0,-0.0,3505,2437,0,-8,-5
1420,202.69,29410,359.01,358.91,-0.10,-10.9,-10.9,0.0,0.0,-0.0,-0.0,3430,2366,0,-9,-5
1421,202.78,29407,358.97,358.87,-0.11,-12.3,-12.3,0.0,-0.0,-0.0,-0.0,3392,2324,0,-11,-5
1422,202.94,29403,358.92,358.78,-0.13,-15.0,-15.0,0.0,0.0,-0.0,-0.0,3342,2278,0,-14,-5
1423,203.11,29398,358.86,358.70,-0.16,-17.7,-17.7,0.0,-0.0,-0.0,-0.0,3280,2221,0,-17,-5
1424,203.27,29395,358.83,358.62,-0.21,-23.2,-23.2,0.0,-0.0,-0.0,-0.0,3242,2192,0,-22,-5
1425,203.36,29392,358.79,358.57,-0.22,-24.5,-24.5,0.0,-0.0,-0.0,-0.0,3205,2152,0,-23,-4
1426,203.54,29387,358.73,358.49,-0.24,-27.3,-27.3,0.0,-0.0,-0.0,-0.0,3142,2092,0,-26,-2
1427,203.70,29382,358.67,358.41,-0.26,-28.6,-28.6,0.0,-0.0,-0.0,-0.0,3080,2029,0,-28,1
1428,203.79,29378,358.62,358.36,-0.26,-28.6,-28.6,0.0,-0.0,-0.0,-0.0,3030,1974,0,-28,3
1429,203.96,29371,358.53,358.28,-0.26,-28.6,-28.6,0.0,-0.0,-0.0,-0.0,2942,1883,0,-27,7
1430,204.13,29366,358.47,358.19,-0.28,-31.4,-31.4,0.0,-0.0,-0.0,-0.0,2880,1823,0,-29,10
1431,204.22,29363,358.44,358.15,-0.29,-32.7,-32.7,0.0,-0.0,-0.0,-0.0,2842,1781,0,-29,13
1432,204.39,29355,358.34,358.06,-0.28,-31.4,-31.4,0.0,-0.0,-0.0,-0.0,2742,1677,0,-26,16
1433,204.48,29353,358.31,358.01,-0.29,-32.7,-32.7,0.0,-0.0,-0.0,-0.0,2717,1654,0,-26,18
1434,204.65,29346,358.23,357.93,-0.31,-34.1,-34.1,0.0,-0.0,-0.0,-0.0,2630,1569,0,-25,22
1435,204.82,29339,358.14,357.85,-0.29,-32.7,-32.7,0.0,-0.0,-0.0,-0.0,2542,1480,0,-20,24
1436,204.91,29333,358.07,357.80,-0.27,-30.0,-30.0,0.0,0.0,-0.0,-0.0,2467,1396,0,-16,24
1437,205.08,29331,358.04,357.71,-0.33,-36.8,-36.8,0.0,-0.0,-0.0,-0.0,2442,1381,0,-19,30
1438,205.25,29322,357.93,357.63,-0.31,-34.1,-34.1,0.0,-0.0,-0.0,-0.0,2330,1266,0,-12,31
1439,205.34,29317,357.87,357.59,-0.29,-32.7,-32.7,0.0,0.0,-0.0,-0.0,2267,1197,0,-8,31
1440,205.51,29308,357.76,357.50,-0.27,-30.0,-30.0,0.0,0.0,-0.0,-0.0,2155,1085,0,-3,29
1441,205.69,29302,357.69,357.41,-0.28,-31.4,-31.4,0.0,0.0,-0.0,-0.0,2080,1014,0,0,30
1442,205.78,29296,357.62,357.37,-0.26,-28.6,-28.6,0.0,0.0,-0.0,-0.0,2005,925,0,4,27
1443,205.94,29288,357.52,357.28,-0.23,-25.9,-25.9,0.0,0.0,-0.0,-0.0,1905,832,0,7,24
1444,206.12,29281,357.43,357.20,-0.24,-27.3,-27.3,0.0,0.0,-0.0,-0.0,1817,748,0,11,24
1445,206.21,29275,357.36,357.15,-0.21,-23.2,-23.2,0.0,0.0,-0.0,-0.0,1742,667,0,12,19
1446,206.37,29267,357.26,357.07,-0.20,-21.8,-21.8,0.0,0.0,-0.0,-0.0,1642,570,0,14,16
1447,206.54,29258,357.15,356.98,-0.17,-19.1,-19.1,0.0,0.0,-0.0,-0.0,1530,458,0,14,12
1448,206.63,29253,357.09,356.94,-0.16,-17.7,-17.7,0.0,0.0,-0.0,-0.0,1467,387,0,14,10
1449,206.80,29243,356.97,356.85,-0.11,-12.3,-12.3,0.0,0.0,-0.0,-0.0,1342,264,0,11,5
1450,206.97,29237,356.90,356.77,-0.12,-13.6,-13.6,0.0,0.0,-0.0,-0.0,1267,195,0,13,4
1451,207.05,29232,356.84,356.73,-0.11,-12.3,-12.3,0.0,0.0,-0.0,-0.0,1205,127,0,12,2
1452,207.22,29225,356.75,356.65,-0.11,-12.3,-12.3,0.0,0.0,-0.0,-0.0,1117,45,0,12,1
1453,207.39,29215,356.63,356.56,-0.07,-8.2,-8.2,0.0,0.0,-0.0,-0.0,992,4013,0,8,-1
1454,207.48,29211,356.58,356.51,-0.06,-6.8,-6.8,0.0,0.0,-0.0,-0.0,942,3963,0,6,-1
1455,207.65,29204,356.49,356.43,-0.06,-6.8,-6.8,0.0,0.0,-0.0,-0.0,855,3880,0,6,-2
1456,207.82,29195,356.38,356.34,-0.04,-4.1,-4.1,0.0,0.0,-0.0,-0.0,742,3766,0,3,-2
1457,207.91,29191,356.34,356.30,-0.04,-4.1,-4.1,0.0,0.0,-0.0,-0.0,692,3712,0,3,-2
1458,208.07,29185,356.26,356.22,-0.04,-4.1,-4.1,0.0,0.0,-0.0,-0.0,617,3644,0,3,-3
1459,208.24,29178,356.18,356.14,-0.04,-4.1,-4.1,0.0,0.0,-0.0,-0.0,530,3558,0,3,-3
1460,208.41,29168,356.05,356.05,-0.01,-1.4,-1.4,0.0,0.0,-0.0,-0.0,405,3425,0,1,-1
1461,208.50,29166,356.03,356.00,-0.02,-2.7,-2.7,0.0,0.0,-0.0,-0.0,380,3407,0,1,-2
1462,208.67,29156,355.91,355.92,0.01,1.4,1.4,0.0,0.0,-0.0,-0.0,255,1229,0,0,1
1463,208.76,29155,355.90,355.87,-0.02,-2.7,-2.7,0.0,0.0,-0.0,-0.0,242,3267,0,1,-3
1464,208.93,29148,355.81,355.79,-0.02,-2.7,-2.7,0.0,0.0,-0.0,-0.0,155,3185,0,0,-3
1465,209.11,29141,355.73,355.70,-0.02,-2.7,-2.7,0.0,-0.0,-0.0,-0.0,67,3098,0,0,-3
1466,209.19,29138,355.69,355.66,-0.04,-4.1,-4.1,0.0,-0.0,-0.0,-0.0,30,3060,0,0,-4
1467,209.37,29130,355.59,355.57,-0.02,-2.7,-2.7,0.0,-0.0,-0.0,-0.0,4026,2963,0,0,-3
1468,209.53,29125,355.53,355.49,-0.04,-4.1,-4.1,0.0,0.0,-0.0,-0.0,3963,2895,0,-1,-4
1469,209.69,29117,355.43,355.41,-0.02,-2.7,-2.7,0.0,-0.0,-0.0,-0.0,3863,2801,0,-1,-2
1470,209.78,29115,355.41,355.37,-0.04,-4.1,-4.1,0.0,-0.0,-0.0,-0.0,3838,2770,0,-2,-4
1471,209.95,29108,355.32,355.28,-0.04,-4.1,-4.1,0.0,-0.0,-0.0,-0.0,3751,2688,0,-2,-3
1472,210.10,29101,355.24,355.20,-0.04,-4.1,-4.1,0.0,0.0,-0.0,-0.0,3663,2598,0,-3,-3
1473,210.19,29099,355.21,355.16,-0.05,-5.5,-5.5,0.0,-0.0,-0.0,-0.0,3638,2571,0,-4,-4
1474,210.37,29096,355.18,355.07,-0.11,-12.3,-12.3,0.0,-0.0,-0.0,-0.0,3601,2544,0,-9,-8
1475,210.54,29091,355.11,354.99,-0.13,-15.0,-15.0,0.0,-0.0,-0.0,-0.0,3538,2486,0,-11,-9
1476,210.63,29088,355.08,354.94,-0.13,-15.0,-15.0,0.0,-0.0,-0.0,-0.0,3501,2445,0,-12,-8
1477,210.80,29081,354.99,354.86,-0.13,-15.0,-15.0,0.0,-0.0,-0.0,-0.0,3413,2361,0,-13,-7
1478,210.97,29076,354.93,354.77,-0.16,-17.7,-17.7,0.0,-0.0,-0.0,-0.0,3351,2299,0,-16,-6
1479,211.05,29073,354.90,354.73,-0.17,-19.1,-19.1,0.0,-0.0,-0.0,-0.0,3313,2254,0,-18,-6
1480,211.22,29069,354.85,354.65,-0.20,-21.8,-21.8,0.0,-0.0,-0.0,-0.0,3263,2208,0,-21,-5
1481,211.39,29063,354.77,354.56,-0.21,-23.2,-23.2,0.0,-0.0,-0.0,-0.0,3188,2130,0,-22,-3
1482,211.48,29058,354.71,354.51,-0.20,-21.8,-21.8,0.0,-0.0,-0.0,-0.0,3126,2064,0,-21,-1
1483,211.65,29053,354.65,354.43,-0.22,-24.5,-24.5,0.0,-0.0,-0.0,-0.0,3063,2007,0,-24,1
1484,211.82,29050,354.61,354.35,-0.27,-30.0,-30.0,0.0,-0.0,-0.0,-0.0,3026,1974,0,-29,3
1485,211.91,29047,354.58,354.30,-0.28,-31.4,-31.4,0.0,-0.0,-0.0,-0.0,2988,1928,0,-30,6
1486,212.08,29038,354.47,354.21,-0.26,-28.6,-28.6,0.0,-0.0,-0.0,-0.0,2876,1815,0,-26,10
1487,212.25,29033,354.41,354.13,-0.28,-31.4,-31.4,0.0,-0.0,-0.0,-0.0,2813,1757,0,-27,13
1488,212.34,29030,354.37,354.09,-0.28,-31.4,-31.4,0.0,-0.0,-0.0,-0.0,2776,1717,0,-27,15
1489,212.51,29026,354.32,354.00,-0.32,-35.5,-35.5,0.0,-0.0,-0.0,-0.0,2726,1667,0,-29,19
1490,212.67,29019,354.24,353.92,-0.32,-35.5,-35.5,0.0,-0.0,-0.0,-0.0,2638,1579,0,-26,23
1491,212.77,29016,354.20,353.87,-0.33,-36.8,-36.8,0.0,-0.0,-0.0,-0.0,2601,1541,0,-25,25
1492,212.94,29009,354.11,353.79,-0.33,-36.8,-36.8,0.0,-0.0,-0.0,-0.0,2513,1453,0,-22,28
1493,213.11,29000,354.00,353.70,-0.31,-34.1,-34.1,0.0,0.0,-0.0,-0.0,2401,1333,0,-15,29
1494,213.20,28997,353.97,353.66,-0.31,-34.1,-34.1,0.0,0.0,-0.0,-0.0,2363,1296,0,-13,30
1495,213.37,28991,353.89,353.57,-0.33,-36.8,-36.8,0.0,-0.0,-0.0,-0.0,2288,1222,0,-11,34
1496,213.54,28985,353.82,353.48,-0.34,-38.2,-38.2,0.0,-0.0,-0.0,-0.0,2213,1148,0,-7,36
1497,213.63,28980,353.76,353.44,-0.32,-35.5,-35.5,0.0,0.0,-0.0,-0.0,2151,1083,0,-3,34
1498,213.80,28968,353.61,353.36,-0.26,-28.6,-28.6,0.0,0.0,-0.0,-0.0,2001,928,0,4,27
1499,213.96,28962,353.54,353.27,-0.27,-30.0,-30.0,0.0,0.0,-0.0,-0.0,1926,855,0,7,28
1500,214.05,28958,353.49,353.23,-0.27,-30.0,-30.0,0.0,0.0,-0.0,-0.0,1876,800,0,10,27
1501,214.23,28949,353.38,353.14,-0.24,-27.3,-27.3,0.0,0.0,-0.0,-0.0,1763,687,0,13,23
1502,214.40,28939,353.26,353.06,-0.20,-21.8,-21.8,0.0,0.0,-0.0,-0.0,1638,565,0,14,16
1503,214.49,28934,353.20,353.01,-0.18,-20.5,-20.5,0.0,0.0,-0.0,-0.0,1576,496,0,14,14
1504,214.65,28928,353.12,352.93,-0.20,-21.8,-21.8,0.0,0.0,-0.0,-0.0,1501,427,0,17,13
1505,214.83,28918,353.00,352.84,-0.16,-17.7,-17.7,0.0,0.0,-0.0,-0.0,1376,299,0,15,8
1506,214.91,28912,352.93,352.80,-0.13,-15.0,-15.0,0.0,0.0,-0.0,-0.0,1301,220,0,14,5
1507,215.09,28903,352.82,352.71,-0.11,-12.3,-12.3,0.0,0.0,-0.0,-0.0,1188,108,0,12,2
1508,215.25,28896,352.73,352.63,-0.11,-12.3,-12.3,0.0,0.0,-0.0,-0.0,1101,25,0,12,0
1509,215.35,28890,352.66,352.58,-0.07,-8.2,-8.2,0.0,0.0,-0.0,-0.0,1026,4038,0,8,-1
1510,215.51,28886,352.61,352.50,-0.11,-12.3,-12.3,0.0,0.0,-0.0,-0.0,976,4002,0,12,-2
1511,215.69,28876,352.49,352.41,-0.07,-8.2,-8.2,0.0,0.0,-0.0,-0.0,851,3877,0,7,-3
1512,215.78,28868,352.39,352.36,-0.02,-2.7,-2.7,0.0,0.0,-0.0,-0.0,751,3765,0,2,-1
1513,215.95,28864,352.34,352.28,-0.06,-6.8,-6.8,0.0,0.0,-0.0,-0.0,701,3727,0,6,-4
1514,216.04,28857,352.26,352.24,-0.02,-2.7,-2.7,0.0,0.0,-0.0,-0.0,613,3633,0,2,-2
1515,216.21,28848,352.15,352.15,0.00,0.0,0.0,0.0,0.0,-0.0,-0.0,501,1471,0,0,0
1516,216.38,28840,352.05,352.07,0.01,1.4,1.4,0.0,0.0,-0.0,-0.0,401,1370,0,-1,1
1517,216.54,28834,351.98,351.99,0.01,1.4,1.4,0.0,0.0,-0.0,-0.0,326,1304,0,-1,1
1518,216.62,28830,351.93,351.94,0.01,1.4,1.4,0.0,0.0,-0.0,-0.0,276,1249,0,0,1
1519,216.79,28825,351.87,351.86,-0.01,-1.4,-1.4,0.0,-0.0,-0.0,-0.0,213,3247,0,0,-1
1520,216.94,28817,351.77,351.78,0.01,1.4,1.4,0.0,0.0,-0.0,-0.0,113,1102,0,0,1
1521,217.11,28810,351.68,351.70,0.01,1.4,1.4,0.0,0.0,-0.0,-0.0,26,1007,0,0,1
1522,217.20,28807,351.65,351.65,0.01,1.4,1.4,0.0,0.0,-0.0,-0.0,4084,969,0,0,1
1523,217.36,28802,351.59,351.58,-0.01,-1.4,-1.4,0.0,0.0,-0.0,-0.0,4022,2958,0,0,-1
1524,217.53,28796,351.51,351.49,-0.02,-2.7,-2.7,0.0,-0.0,-0.0,-0.0,3947,2882,0,-1,-3
1525,217.61,28791,351.45,351.45,0.00,0.0,0.0,0.0,-0.0,-0.0,-0.0,3884,771,0,0,0
1526,217.77,28785,351.38,351.37,-0.01,-1.4,-1.4,0.0,-0.0,-0.0,-0.0,3809,2750,0,-1,-1
1527,217.94,28781,351.33,351.29,-0.05,-5.5,-5.5,0.0,-0.0,-0.0,-0.0,3759,2702,0,-3,-4
1528,218.11,28772,351.22,351.20,-0.02,-2.7,-2.7,0.0,-0.0,-0.0,-0.0,3647,2587,0,-2,-2
1529,218.18,28769,351.18,351.16,-0.02,-2.7,-2.7,0.0,0.0,-0.0,-0.0,3609,2548,0,-2,-2
1530,218.35,28764,351.12,351.08,-0.04,-4.1,-4.1,0.0,-0.0,-0.0,-0.0,3547,2487,0,-3,-2
1531,218.51,28761,351.09,351.00,-0.09,-9.5,-9.5,0.0,-0.0,-0.0,-0.0,3509,2449,0,-8,-5
1532,218.68,28755,351.01,350.91,-0.10,-10.9,-10.9,0.0,-0.0,-0.0,-0.0,3434,2378,0,-9,-5
1533,218.77,28751,350.96,350.87,-0.10,-10.9,-10.9,0.0,-0.0,-0.0,-0.0,3384,2325,0,-10,-4
1534,218.94,28747,350.92,350.79,-0.13,-15.0,-15.0,0.0,-0.0,-0.0,-0.0,3334,2282,0,-14,-5
1535,219.11,28743,350.87,350.70,-0.17,-19.1,-19.1,0.0,-0.0,-0.0,-0.0,3284,2230,0,-18,-5
1536,219.20,28741,350.84,350.66,-0.18,-20.5,-20.5,0.0,-0.0,-0.0,-0.0,3259,2205,0,-19,-5
1537,219.37,28736,350.78,350.57,-0.21,-23.2,-23.2,0.0,-0.0,-0.0,-0.0,3197,2145,0,-22,-3
1538,219.46,28731,350.72,350.52,-0.20,-21.8,-21.8,0.0,-0.0,-0.0,-0.0,3134,2077,0,-21,-1
1539,219.63,28726,350.66,350.44,-0.22,-24.5,-24.5,0.0,-0.0,-0.0,-0.0,3072,2018,0,-24,1
1540,219.80,28724,350.63,350.35,-0.28,-31.4,-31.4,0.0,-0.0,-0.0,-0.0,3047,1995,0,-30,2
1541,219.89,28717,350.55,350.31,-0.23,-25.9,-25.9,0.0,-0.0,-0.0,-0.0,2959,1898,0,-24,6
1542,220.06,28712,350.49,350.22,-0.27,-30.0,-30.0,0.0,-0.0,-0.0,-0.0,2897,1837,0,-28,9
1543,220.23,28707,350.43,350.14,-0.29,-32.7,-32.7,0.0,-0.0,-0.0,-0.0,2834,1778,0,-29,13
1544,220.32,28703,350.38,350.10,-0.28,-31.4,-31.4,0.0,-0.0,-0.0,-0.0,2784,1726,0,-27,14
1545,220.49,28695,350.28,350.01,-0.27,-30.0,-30.0,0.0,0.0,-0.0,-0.0,2684,1620,0,-23,18
1546,220.67,28692,350.24,349.92,-0.32,-35.5,-35.5,0.0,-0.0,-0.0,-0.0,2647,1590,0,-26,22
1547,220.76,28688,350.20,349.88,-0.32,-35.5,-35.5,0.0,-0.0,-0.0,-0.0,2597,1536,0,-24,24
1548,220.92,28682,350.12,349.79,-0.33,-36.8,-36.8,0.0,-0.0,-0.0,-0.0,2522,1463,0,-22,28
1549,221.09,28675,350.04,349.71,-0.33,-36.8,-36.8,0.0,-0.0,-0.0,-0.0,2434,1371,0,-18,31
1550,221.18,28669,349.96,349.66,-0.29,-32.7,-32.7,0.0,-0.0,-0.0,-0.0,2359,1296,0,-13,29
1551,221.35,28661,349.87,349.58,-0.29,-32.7,-32.7,0.0,0.0,-0.0,-0.0,2259,1189,0,-8,31
1552,221.52,28656,349.80,349.50,-0.31,-34.1,-34.1,0.0,0.0,-0.0,-0.0,2197,1131,0,-5,33
1553,221.60,28651,349.74,349.45,-0.29,-32.7,-32.7,0.0,0.0,-0.0,-0.0,2134,1063,0,-2,32
1554,221.78,28646,349.68,349.37,-0.32,-35.5,-35.5,0.0,0.0,-0.0,-0.0,2072,1003,0,1,34
1555,221.94,28635,349.55,349.28,-0.27,-30.0,-30.0,0.0,0.0,-0.0,-0.0,1934,863,0,7,28
1556,222.03,28632,349.51,349.24,-0.27,-30.0,-30.0,0.0,0.0,-0.0,-0.0,1897,827,0,9,28
1557,222.20,28621,349.38,349.15,-0.22,-24.5,-24.5,0.0,0.0,-0.0,-0.0,1759,685,0,12,21
1558,222.37,28613,349.28,349.07,-0.21,-23.2,-23.2,0.0,0.0,-0.0,-0.0,1659,583,0,14,18
1559,222.46,28610,349.24,349.02,-0.22,-24.5,-24.5,0.0,0.0,-0.0,-0.0,1622,538,0,16,17
1560,222.63,28600,349.12,348.94,-0.18,-20.5,-20.5,0.0,0.0,-0.0,-0.0,1497,422,0,16,12
1561,222.80,28591,349.01,348.85,-0.16,-17.7,-17.7,0.0,0.0,-0.0,-0.0,1384,308,0,15,8
1562,222.89,28586,348.95,348.81,-0.13,-15.0,-15.0,0.0,0.0,-0.0,-0.0,1322,245,0,14,5
1563,223.06,28578,348.85,348.73,-0.12,-13.6,-13.6,0.0,0.0,-0.0,-0.0,1222,147,0,13,3
1564,223.22,28570,348.75,348.64,-0.11,-12.3,-12.3,0.0,0.0,-0.0,-0.0,1122,52,0,12,1
1565,223.40,28561,348.65,348.56,-0.09,-9.5,-9.5,0.0,0.0,-0.0,-0.0,1009,4028,0,9,-1
1566,223.48,28556,348.58,348.51,-0.07,-8.2,-8.2,0.0,0.0,-0.0,-0.0,947,3963,0,8,-2
1567,223.65,28552,348.54,348.43,-0.11,-12.3,-12.3,0.0,0.0,-0.0,-0.0,897,3923,0,11,-3
1568,223.74,28546,348.46,348.38,-0.07,-8.2,-8.2,0.0,0.0,-0.0,-0.0,822,3841,0,7,-3
1569,223.91,28539,348.38,348.30,-0.07,-8.2,-8.2,0.0,0.0,-0.0,-0.0,734,3761,0,7,-4
1570,224.08,28529,348.25,348.21,-0.04,-4.1,-4.1,0.0,0.0,-0.0,-0.0,609,3634,0,3,-3
1571,224.17,28524,348.19,348.17,-0.02,-2.7,-2.7,0.0,0.0,-0.0,-0.0,547,3570,0,2,-2
1572,224.34,28517,348.11,348.09,-0.02,-2.7,-2.7,0.0,0.0,-0.0,-0.0,459,3480,0,2,-2
1573,224.51,28509,348.01,348.00,-0.01,-1.4,-1.4,0.0,0.0,-0.0,-0.0,359,3385,0,1,-1
1574,224.67,28502,347.92,347.92,0.00,0.0,0.0,0.0,0.0,-0.0,-0.0,272,1249,0,0,0
1575,224.75,28499,347.89,347.88,-0.01,-1.4,-1.4,0.0,0.0,-0.0,-0.0,234,3262,0,0,-1
1576,224.92,28492,347.80,347.80,-0.01,-1.4,-1.4,0.0,-0.0,-0.0,-0.0,147,3180,0,0,-1
1577,225.09,28487,347.74,347.71,-0.04,-4.1,-4.1,0.0,-0.0,-0.0,-0.0,84,3116,0,0,-4
1578,225.18,28482,347.68,347.67,-0.01,-1.4,-1.4,0.0,0.0,-0.0,-0.0,22,3052,0,0,-1
1579,225.35,28474,347.58,347.58,0.00,0.0,0.0,0.0,0.0,-0.0,-0.0,4018,903,0,0,0
1580,225.52,28469,347.52,347.50,-0.02,-2.7,-2.7,0.0,0.0,-0.0,-0.0,3955,2891,0,-1,-3
1581,225.60,28466,347.49,347.45,-0.04,-4.1,-4.1,0.0,-0.0,-0.0,-0.0,3918,2855,0,-1,-4
1582,225.78,28459,347.40,347.37,-0.04,-4.1,-4.1,0.0,0.0,-0.0,-0.0,3830,2761,0,-2,-4
1583,225.94,28455,347.35,347.28,-0.07,-8.2,-8.2,0.0,-0.0,-0.0,-0.0,3780,2725,0,-4,-7
1584,226.03,28451,347.30,347.24,-0.06,-6.8,-6.8,0.0,-0.0,-0.0,-0.0,3730,2670,0,-4,-5
1585,226.20,28446,347.24,347.15,-0.09,-9.5,-9.5,0.0,-0.0,-0.0,-0.0,3668,2611,0,-6,-7
1586,226.38,28437,347.13,347.07,-0.06,-6.8,-6.8,0.0,-0.0,-0.0,-0.0,3555,2495,0,-5,-4
1587,226.47,28434,347.09,347.02,-0.07,-8.2,-8.2,0.0,-0.0,-0.0,-0.0,3518,2453,0,-6,-5
1588,226.63,28428,347.02,346.94,-0.09,-9.5,-9.5,0.0,-0.0,-0.0,-0.0,3443,2380,0,-8,-5
1589,226.80,28425,346.98,346.85,-0.13,-15.0,-15.0,0.0,-0.0,-0.0,-0.0,3405,2349,0,-13,-6
1590,226.89,28421,346.94,346.81,-0.12,-13.6,-13.6,0.0,-0.0,-0.0,-0.0,3355,2293,0,-12,-5
1591,227.05,28415,346.86,346.73,-0.13,-15.0,-15.0,0.0,-0.0,-0.0,-0.0,3280,2225,0,-14,-4
1592,227.22,28410,346.80,346.64,-0.16,-17.7,-17.7,0.0,-0.0,-0.0,-0.0,3218,2165,0,-17,-3
1593,227.31,28407,346.77,346.60,-0.17,-19.1,-19.1,0.0,-0.0,-0.0,-0.0,3180,2123,0,-18,-2
1594,227.49,28402,346.70,346.51,-0.20,-21.8,-21.8,0.0,-0.0,-0.0,-0.0,3118,2059,0,-21,0
1595,227.65,28399,346.67,346.43,-0.24,-27.3,-27.3,0.0,-0.0,-0.0,-0.0,3080,2028,0,-26,1
1596,227.75,28394,346.61,346.38,-0.22,-24.5,-24.5,0.0,-0.0,-0.0,-0.0,3018,1959,0,-24,3
1597,227.91,28391,346.57,346.30,-0.27,-30.0,-30.0,0.0,-0.0,-0.0,-0.0,2980,1928,0,-29,5
1598,228.09,28383,346.47,346.21,-0.26,-28.6,-28.6,0.0,-0.0,-0.0,-0.0,2880,1825,0,-26,9
1599,228.17,28380,346.44,346.17,-0.27,-30.0,-30.0,0.0,-0.0,-0.0,-0.0,2843,1786,0,-27,11
1600,228.35,28376,346.39,346.08,-0.31,-34.1,-34.1,0.0,-0.0,-0.0,-0.0,2793,1736,0,-29,15
1601,228.52,28370,346.31,346.00,-0.32,-35.5,-35.5,0.0,-0.0,-0.0,-0.0,2718,1663,0,-29,19
1602,228.60,28366,346.26,345.95,-0.32,-35.5,-35.5,0.0,-0.0,-0.0,-0.0,2668,1606,0,-27,22
1603,228.77,28361,346.20,345.87,-0.34,-38.2,-38.2,0.0,-0.0,-0.0,-0.0,2605,1548,0,-27,26
1604,228.94,28351,346.08,345.78,-0.29,-32.7,-32.7,0.0,0.0,-0.0,-0.0,2480,1417,0,-18,26
1605,229.03,28350,346.07,345.74,-0.33,-36.8,-36.8,0.0,-0.0,-0.0,-0.0,2468,1402,0,-20,30
1606,229.20,28342,345.97,345.65,-0.32,-35.5,-35.5,0.0,0.0,-0.0,-0.0,2368,1305,0,-14,31
1607,229.38,28334,345.87,345.57,-0.31,-34.1,-34.1,0.0,0.0,-0.0,-0.0,2268,1198,0,-9,32
1608,229.46,28331,345.84,345.52,-0.32,-35.5,-35.5,0.0,0.0,-0.0,-0.0,2230,1158,0,-7,34
1609,229.63,28322,345.73,345.44,-0.29,-32.7,-32.7,0.0,0.0,-0.0,-0.0,2118,1053,0,-1,32
1610,229.80,28314,345.63,345.36,-0.27,-30.0,-30.0,0.0,0.0,-0.0,-0.0,2018,943,0,4,29
1611,229.88,28309,345.57,345.31,-0.26,-28.6,-28.6,0.0,0.0,-0.0,-0.0,1955,881,0,6,27
1612,230.05,28299,345.45,345.23,-0.22,-24.5,-24.5,0.0,0.0,-0.0,-0.0,1830,754,0,10,22
1613,230.22,28292,345.36,345.14,-0.22,-24.5,-24.5,0.0,0.0,-0.0,-0.0,1743,668,0,12,20
1614,230.31,28287,345.30,345.10,-0.21,-23.2,-23.2,0.0,0.0,-0.0,-0.0,1680,600,0,14,18
1615,230.48,28279,345.20,345.01,-0.20,-21.8,-21.8,0.0,0.0,-0.0,-0.0,1580,502,0,15,15
1616,230.65,28274,345.14,344.93,-0.21,-23.2,-23.2,0.0,0.0,-0.0,-0.0,1518,449,0,17,14
1617,230.74,28269,345.08,344.88,-0.20,-21.8,-21.8,0.0,0.0,-0.0,-0.0,1455,383,0,18,12
1618,230.91,28260,344.97,344.80,-0.17,-19.1,-19.1,0.0,0.0,-0.0,-0.0,1343,274,0,17,8
1619,231.08,28250,344.85,344.71,-0.13,-15.0,-15.0,0.0,0.0,-0.0,-0.0,1218,141,0,14,3
1620,231.17,28245,344.79,344.67,-0.12,-13.6,-13.6,0.0,0.0,-0.0,-0.0,1155,79,0,13,2
1621,231.34,28236,344.68,344.58,-0.10,-10.9,-10.9,0.0,0.0,-0.0,-0.0,1043,4059,0,11,-1
1622,231.51,28227,344.57,344.50,-0.07,-8.2,-8.2,0.0,0.0,-0.0,-0.0,930,3948,0,8,-2
1623,231.60,28223,344.52,344.46,-0.06,-6.8,-6.8,0.0,0.0,-0.0,-0.0,880,3894,0,6,-2
1624,231.77,28215,344.42,344.37,-0.05,-5.5,-5.5,0.0,0.0,-0.0,-0.0,780,3798,0,5,-2
1625,231.92,28213,344.40,344.29,-0.11,-12.3,-12.3,0.0,-0.0,-0.0,-0.0,755,3788,0,11,-5
1626,232.10,28199,344.23,344.21,-0.02,-2.7,-2.7,0.0,0.0,-0.0,-0.0,580,3602,0,2,-2
1627,232.19,28195,344.18,344.16,-0.01,-1.4,-1.4,0.0,0.0,-0.0,-0.0,530,3551,0,1,-1
1628,232.36,28188,344.09,344.08,-0.01,-1.4,-1.4,0.0,0.0,-0.0,-0.0,443,3472,0,1,-1
1629,232.52,28181,344.01,343.99,-0.01,-1.4,-1.4,0.0,0.0,-0.0,-0.0,355,3380,0,1,-1
1630,232.60,28177,343.96,343.95,0.00,0.0,0.0,0.0,0.0,-0.0,-0.0,305,1278,0,0,0
1631,232.76,28170,343.87,343.87,0.00,0.0,0.0,0.0,0.0,-0.0,-0.0,218,1200,0,0,0
1632,232.94,28164,343.80,343.79,-0.01,-1.4,-1.4,0.0,0.0,-0.0,-0.0,143,3172,0,0,-1
1633,233.10,28157,343.71,343.71,-0.01,-1.4,-1.4,0.0,0.0,-0.0,-0.0,55,3084,0,0,-1
1634,233.18,28154,343.68,343.66,-0.01,-1.4,-1.4,0.0,0.0,-0.0,-0.0,18,3047,0,0,-1
1635,233.34,28147,343.59,343.58,-0.01,-1.4,-1.4,0.0,0.0,-0.0,-0.0,4026,2963,0,0,-1
1636,233.52,28142,343.53,343.50,-0.04,-4.1,-4.1,0.0,-0.0,-0.0,-0.0,3964,2902,0,-1,-4
1637,233.60,28140,343.51,343.45,-0.05,-5.5,-5.5,0.0,-0.0,-0.0,-0.0,3939,2878,0,-2,-5
1638,233.78,28132,343.41,343.36,-0.05,-5.5,-5.5,0.0,-0.0,-0.0,-0.0,3839,2778,0,-2,-5
1639,233.87,28129,343.37,343.32,-0.05,-5.5,-5.5,0.0,-0.0,-0.0,-0.0,3801,2738,0,-3,-5
1640,234.04,28124,343.31,343.23,-0.07,-8.2,-8.2,0.0,-0.0,-0.0,-0.0,3739,2681,0,-4,-7
1641,234.21,28114,343.19,343.15,-0.04,-4.1,-4.1,0.0,0.0,-0.0,-0.0,3614,2550,0,-3,-3
1642,234.30,28113,343.18,343.11,-0.07,-8.2,-8.2,0.0,-0.0,-0.0,-0.0,3601,2536,0,-6,-5
1643,234.47,28106,343.09,343.02,-0.07,-8.2,-8.2,0.0,-0.0,-0.0,-0.0,3514,2450,0,-6,-5
1644,234.63,28100,343.02,342.94,-0.09,-9.5,-9.5,0.0,-0.0,-0.0,-0.0,3439,2376,0,-8,-4
1645,234.72,28098,342.99,342.89,-0.10,-10.9,-10.9,0.0,-0.0,-0.0,-0.0,3414,2349,0,-9,-5
1646,234.89,28094,342.94,342.81,-0.13,-15.0,-15.0,0.0,-0.0,-0.0,-0.0,3364,2311,0,-13,-6
1647,235.06,28089,342.88,342.72,-0.16,-17.7,-17.7,0.0,-0.0,-0.0,-0.0,3301,2242,0,-16,-5
1648,235.23,28083,342.81,342.64,-0.17,-19.1,-19.1,0.0,-0.0,-0.0,-0.0,3226,2176,0,-18,-4
1649,235.32,28081,342.79,342.59,-0.20,-21.8,-21.8,0.0,-0.0,-0.0,-0.0,3201,2146,0,-21,-3
1650,235.49,28076,342.72,342.51,-0.22,-24.5,-24.5,0.0,-0.0,-0.0,-0.0,3139,2085,0,-24,-1
1651,235.66,28071,342.66,342.43,-0.23,-25.9,-25.9,0.0,-0.0,-0.0,-0.0,3076,2022,0,-25,1
1652,235.75,28068,342.63,342.38,-0.24,-27.3,-27.3,0.0,-0.0,-0.0,-0.0,3039,1981,0,-26,3
1653,235.92,28067,342.61,342.30,-0.32,-35.5,-35.5,0.0,-0.0,-0.0,-0.0,3026,1979,0,-34,4
1654,236.01,28060,342.53,342.25,-0.28,-31.4,-31.4,0.0,-0.0,-0.0,-0.0,2939,1881,0,-29,8
1655,236.18,28053,342.44,342.17,-0.28,-31.4,-31.4,0.0,-0.0,-0.0,-0.0,2851,1794,0,-28,12
1656,236.35,28047,342.37,342.08,-0.29,-32.7,-32.7,0.0,-0.0,-0.0,-0.0,2776,1718,0,-28,15
1657,236.51,28041,342.30,342.00,-0.29,-32.7,-32.7,0.0,0.0,-0.0,-0.0,2701,1638,0,-26,19
1658,236.59,28038,342.26,341.96,-0.31,-34.1,-34.1,0.0,0.0,-0.0,-0.0,2664,1597,0,-25,21
1659,236.76,28032,342.19,341.87,-0.32,-35.5,-35.5,0.0,-0.0,-0.0,-0.0,2589,1528,0,-24,25
1660,236.93,28026,342.11,341.79,-0.33,-36.8,-36.8,0.0,-0.0,-0.0,-0.0,2514,1452,0,-22,28
1661,237.03,28021,342.05,341.74,-0.31,-34.1,-34.1,0.0,-0.0,-0.0,-0.0,2451,1384,0,-17,28
1662,237.19,28014,341.97,341.66,-0.31,-34.1,-34.1,0.0,-0.0,-0.0,-0.0,2364,1302,0,-14,30
1663,237.37,28005,341.86,341.57,-0.28,-31.4,-31.4,0.0,0.0,-0.0,-0.0,2251,1181,0,-7,30
1664,237.46,28003,341.83,341.53,-0.31,-34.1,-34.1,0.0,0.0,-0.0,-0.0,2226,1157,0,-7,32
1665,237.63,27992,341.70,341.44,-0.26,-28.6,-28.6,0.0,0.0,-0.0,-0.0,2089,1016,0,0,28
1666,237.80,27985,341.61,341.36,-0.26,-28.6,-28.6,0.0,0.0,-0.0,-0.0,2001,930,0,4,27
1667,237.88,27981,341.56,341.31,-0.26,-28.6,-28.6,0.0,0.0,-0.0,-0.0,1951,877,0,6,27
1668,238.05,27971,341.44,341.23,-0.22,-24.5,-24.5,0.0,0.0,-0.0,-0.0,1826,752,0,10,22
1669,238.23,27962,341.33,341.14,-0.20,-21.8,-21.8,0.0,0.0,-0.0,-0.0,1714,637,0,12,18
1670,238.32,27959,341.30,341.10,-0.20,-21.8,-21.8,0.0,0.0,-0.0,-0.0,1676,602,0,13,17
1671,238.49,27952,341.21,341.01,-0.20,-21.8,-21.8,0.0,0.0,-0.0,-0.0,1589,517,0,15,15
1672,238.58,27950,341.19,340.97,-0.22,-24.5,-24.5,0.0,0.0,-0.0,-0.0,1564,492,0,17,16
1673,238.75,27940,341.06,340.88,-0.18,-20.5,-20.5,0.0,0.0,-0.0,-0.0,1439,370,0,17,11
1674,238.91,27930,340.94,340.80,-0.15,-16.4,-16.4,0.0,0.0,-0.0,-0.0,1314,245,0,15,6
1675,239.09,27921,340.83,340.71,-0.12,-13.6,-13.6,0.0,0.0,-0.0,-0.0,1201,123,0,13,2
1676,239.17,27918,340.80,340.67,-0.12,-13.6,-13.6,0.0,0.0,-0.0,-0.0,1164,88,0,13,2
1677,239.34,27911,340.71,340.58,-0.12,-13.6,-13.6,0.0,0.0,-0.0,-0.0,1076,4094,0,13,0
1678,239.43,27908,340.67,340.54,-0.13,-15.0,-15.0,0.0,0.0,-0.0,-0.0,1039,4060,0,15,-1
1679,239.60,27899,340.56,340.45,-0.11,-12.3,-12.3,0.0,0.0,-0.0,-0.0,926,3952,0,12,-3
1680,239.77,27890,340.45,340.37,-0.09,-9.5,-9.5,0.0,0.0,-0.0,-0.0,814,3840,0,9,-4
1681,239.94,27884,340.38,340.28,-0.10,-10.9,-10.9,0.0,0.0,-0.0,-0.0,739,3767,0,9,-5
1682,240.03,27876,340.28,340.24,-0.05,-5.5,-5.5,0.0,0.0,-0.0,-0.0,639,3656,0,4,-3
1683,240.20,27868,340.19,340.15,-0.04,-4.1,-4.1,0.0,0.0,-0.0,-0.0,539,3562,0,3,-3
1684,240.37,27861,340.10,340.07,-0.02,-2.7,-2.7,0.0,0.0,-0.0,-0.0,451,3473,0,2,-2
1685,240.44,27857,340.05,340.03,-0.02,-2.7,-2.7,0.0,0.0,-0.0,-0.0,401,3426,0,1,-2
1686,240.61,27847,339.93,339.95,0.02,2.7,2.7,0.0,0.0,-0.0,-0.0,276,1248,0,-1,2
1687,240.77,27844,339.89,339.87,-0.02,-2.7,-2.7,0.0,0.0,-0.0,-0.0,239,3271,0,1,-3
1688,240.87,27840,339.84,339.82,-0.02,-2.7,-2.7,0.0,0.0,-0.0,-0.0,189,3214,0,1,-3
1689,241.02,27831,339.73,339.74,0.01,1.4,1.4,0.0,0.0,-0.0,-0.0,76,1053,0,0,1
1690,241.19,27826,339.67,339.66,-0.01,-1.4,-1.4,0.0,-0.0,-0.0,-0.0,14,3048,0,0,-1
1691,241.36,27819,339.59,339.57,-0.01,-1.4,-1.4,0.0,0.0,-0.0,-0.0,4022,2956,0,0,-1
1692,241.45,27815,339.54,339.53,-0.01,-1.4,-1.4,0.0,0.0,-0.0,-0.0,3972,2903,0,0,-1
1693,241.61,27807,339.44,339.45,0.01,1.4,1.4,0.0,0.0,-0.0,-0.0,3872,754,0,1,1
1694,241.77,27800,339.36,339.37,0.01,1.4,1.4,0.0,0.0,-0.0,-0.0,3785,675,0,1,1
1695,241.86,27798,339.33,339.32,-0.01,-1.4,-1.4,0.0,0.0,-0.0,-0.0,3760,2691,0,-1,-1
1696,242.03,27795,339.29,339.24,-0.05,-5.5,-5.5,0.0,-0.0,-0.0,-0.0,3722,2662,0,-3,-4
1697,242.20,27789,339.22,339.15,-0.07,-8.2,-8.2,0.0,-0.0,-0.0,-0.0,3647,2587,0,-5,-6
1698,242.29,27784,339.16,339.11,-0.05,-5.5,-5.5,0.0,-0.0,-0.0,-0.0,3585,2525,0,-4,-4
1699,242.47,27779,339.10,339.02,-0.07,-8.2,-8.2,0.0,-0.0,-0.0,-0.0,3522,2467,0,-6,-5
1700,242.64,27775,339.05,338.94,-0.11,-12.3,-12.3,0.0,-0.0,-0.0,-0.0,3472,2416,0,-10,-6
1701,242.73,27772,339.01,338.89,-0.12,-13.6,-13.6,0.0,-0.0,-0.0,-0.0,3435,2376,0,-12,-6
1702,242.89,27765,338.93,338.81,-0.12,-13.6,-13.6,0.0,-0.0,-0.0,-0.0,3347,2290,0,-12,-5
1703,243.06,27759,338.85,338.72,-0.13,-15.0,-15.0,0.0,-0.0,-0.0,-0.0,3272,2214,0,-14,-4
1704,243.15,27755,338.81,338.68,-0.12,-13.6,-13.6,0.0,-0.0,-0.0,-0.0,3222,2161,0,-13,-2
1705,243.32,27753,338.78,338.59,-0.18,-20.5,-20.5,0.0,-0.0,-0.0,-0.0,3197,2140,0,-20,-3
1706,243.49,27747,338.71,338.51,-0.20,-21.8,-21.8,0.0,-0.0,-0.0,-0.0,3122,2065,0,-21,-1
1707,243.58,27744,338.67,338.46,-0.21,-23.2,-23.2,0.0,-0.0,-0.0,-0.0,3085,2029,0,-22,1
1708,243.76,27737,338.59,338.38,-0.21,-23.2,-23.2,0.0,-0.0,-0.0,-0.0,2997,1941,0,-22,4
1709,243.93,27735,338.56,338.29,-0.27,-30.0,-30.0,0.0,-0.0,-0.0,-0.0,2972,1922,0,-29,6
1710,244.02,27733,338.54,338.25,-0.29,-32.7,-32.7,0.0,-0.0,-0.0,-0.0,2947,1892,0,-31,8
1711,244.19,27724,338.43,338.16,-0.27,-30.0,-30.0,0.0,-0.0,-0.0,-0.0,2835,1778,0,-27,12
1712,244.35,27718,338.35,338.08,-0.28,-31.4,-31.4,0.0,-0.0,-0.0,-0.0,2760,1703,0,-26,15
1713,244.44,27715,338.32,338.04,-0.28,-31.4,-31.4,0.0,-0.0,-0.0,-0.0,2722,1665,0,-25,17
1714,244.60,27708,338.23,337.95,-0.28,-31.4,-31.4,0.0,-0.0,-0.0,-0.0,2635,1573,0,-23,20
1715,244.77,27703,338.17,337.87,-0.31,-34.1,-34.1,0.0,-0.0,-0.0,-0.0,2572,1510,0,-22,24
1716,244.86,27702,338.16,337.83,-0.33,-36.8,-36.8,0.0,-0.0,-0.0,-0.0,2560,1500,0,-24,27
1717,245.02,27693,338.05,337.74,-0.31,-34.1,-34.1,0.0,-0.0,-0.0,-0.0,2447,1387,0,-17,28
1718,245.19,27684,337.94,337.66,-0.28,-31.4,-31.4,0.0,0.0,-0.0,-0.0,2335,1272,0,-11,28
1719,245.36,27679,337.88,337.57,-0.31,-34.1,-34.1,0.0,-0.0,-0.0,-0.0,2272,1206,0,-9,32
1720,245.46,27675,337.83,337.53,-0.31,-34.1,-34.1,0.0,0.0,-0.0,-0.0,2222,1152,0,-6,32
1721,245.63,27664,337.70,337.44,-0.26,-28.6,-28.6,0.0,0.0,-0.0,-0.0,2085,1011,0,1,28
1722,245.72,27660,337.65,337.40,-0.24,-27.3,-27.3,0.0,0.0,-0.0,-0.0,2035,956,0,3,26
1723,245.88,27653,337.56,337.31,-0.24,-27.3,-27.3,0.0,0.0,-0.0,-0.0,1947,878,0,6,26
1724,246.06,27644,337.45,337.23,-0.22,-24.5,-24.5,0.0,0.0,-0.0,-0.0,1835,759,0,9,22
1725,246.15,27639,337.39,337.18,-0.21,-23.2,-23.2,0.0,0.0,-0.0,-0.0,1772,693,0,11,20
1726,246.31,27635,337.34,337.10,-0.24,-27.3,-27.3,0.0,0.0,-0.0,-0.0,1722,658,0,14,22
1727,246.48,27626,337.23,337.01,-0.22,-24.5,-24.5,0.0,0.0,-0.0,-0.0,1610,541,0,16,18
1728,246.57,27620,337.16,336.97,-0.20,-21.8,-21.8,0.0,0.0,-0.0,-0.0,1535,459,0,16,14
1729,246.75,27613,337.07,336.88,-0.20,-21.8,-21.8,0.0,0.0,-0.0,-0.0,1447,378,0,18,12
1730,246.91,27604,336.96,336.80,-0.16,-17.7,-17.7,0.0,0.0,-0.0,-0.0,1335,262,0,16,7
1731,247.00,27599,336.90,336.76,-0.15,-16.4,-16.4,0.0,0.0,-0.0,-0.0,1272,193,0,15,5
1732,247.17,27589,336.78,336.67,-0.11,-12.3,-12.3,0.0,0.0,-0.0,-0.0,1147,71,0,12,1
1733,247.34,27580,336.67,336.58,-0.09,-9.5,-9.5,0.0,0.0,-0.0,-0.0,1035,4048,0,9,-1
1734,247.43,27578,336.65,336.54,-0.11,-12.3,-12.3,0.0,0.0,-0.0,-0.0,1010,4028,0,12,-1
1735,247.59,27571,336.56,336.46,-0.10,-10.9,-10.9,0.0,0.0,-0.0,-0.0,922,3947,0,10,-2
1736,247.76,27565,336.49,336.37,-0.11,-12.3,-12.3,0.0,0.0,-0.0,-0.0,847,3876,0,11,-4
1737,247.93,27555,336.36,336.29,-0.07,-8.2,-8.2,0.0,0.0,-0.0,-0.0,722,3746,0,7,-4
1738,248.02,27551,336.32,336.25,-0.07,-8.2,-8.2,0.0,0.0,-0.0,-0.0,672,3698,0,6,-5
1739,248.19,27543,336.22,336.16,-0.06,-6.8,-6.8,0.0,0.0,-0.0,-0.0,572,3593,0,5,-5
1740,248.28,27539,336.17,336.12,-0.05,-5.5,-5.5,0.0,0.0,-0.0,-0.0,522,3543,0,3,-4
1741,248.45,27533,336.10,336.03,-0.07,-8.2,-8.2,0.0,0.0,-0.0,-0.0,447,3472,0,5,-6
1742,248.63,27524,335.99,335.94,-0.05,-5.5,-5.5,0.0,0.0,-0.0,-0.0,335,3361,0,2,-5
1743,248.71,27522,335.96,335.90,-0.06,-6.8,-6.8,0.0,0.0,-0.0,-0.0,310,3338,0,3,-6
1744,248.88,27513,335.85,335.81,-0.04,-4.1,-4.1,0.0,0.0,-0.0,-0.0,197,3225,0,1,-4
1745,249.06,27507,335.78,335.72,-0.05,-5.5,-5.5,0.0,0.0,-0.0,-0.0,122,3149,0,1,-5
1746,249.14,27503,335.73,335.68,-0.05,-5.5,-5.5,0.0,0.0,-0.0,-0.0,72,3099,0,0,-5
1747,249.31,27495,335.63,335.60,-0.04,-4.1,-4.1,0.0,0.0,-0.0,-0.0,4068,3003,0,0,-4
1748,249.49,27485,335.51,335.51,0.00,0.0,0.0,0.0,0.0,-0.0,-0.0,3943,819,0,0,0
1749,249.57,27481,335.46,335.47,0.01,1.4,1.4,0.0,0.0,-0.0,-0.0,3893,773,0,0,1
1750,249.74,27477,335.41,335.38,-0.02,-2.7,-2.7,0.0,0.0,-0.0,-0.0,3843,2774,0,-1,-2
1751,249.91,27473,335.36,335.30,-0.06,-6.8,-6.8,0.0,-0.0,-0.0,-0.0,3793,2731,0,-3,-6
1752,250.07,27468,335.30,335.22,-0.09,-9.5,-9.5,0.0,-0.0,-0.0,-0.0,3731,2672,0,-5,-8
1753,250.16,27465,335.27,335.18,-0.09,-9.5,-9.5,0.0,-0.0,-0.0,-0.0,3693,2636,0,-6,-7
1754,250.32,27456,335.16,335.09,-0.06,-6.8,-6.8,0.0,-0.0,-0.0,-0.0,3581,2523,0,-5,-4
1755,250.49,27453,335.12,335.01,-0.11,-12.3,-12.3,0.0,-0.0,-0.0,-0.0,3543,2486,0,-9,-7
1756,250.58,27451,335.10,334.96,-0.13,-15.0,-15.0,0.0,-0.0,-0.0,-0.0,3518,2459,0,-12,-9
1757,250.75,27443,335.00,334.88,-0.12,-13.6,-13.6,0.0,-0.0,-0.0,-0.0,3418,2359,0,-12,-6
1758,250.92,27437,334.92,334.79,-0.13,-15.0,-15.0,0.0,-0.0,-0.0,-0.0,3343,2281,0,-14,-5
1759,251.01,27434,334.89,334.75,-0.13,-15.0,-15.0,0.0,-0.0,-0.0,-0.0,3306,2248,0,-14,-4
1760,251.17,27431,334.85,334.67,-0.18,-20.5,-20.5,0.0,-0.0,-0.0,-0.0,3268,2213,0,-19,-5
1761,251.35,27424,334.77,334.58,-0.18,-20.5,-20.5,0.0,-0.0,-0.0,-0.0,3181,2120,0,-20,-2
1762,251.43,27423,334.75,334.54,-0.22,-24.5,-24.5,0.0,-0.0,-0.0,-0.0,3168,2114,0,-24,-2
1763,251.60,27416,334.67,334.46,-0.21,-23.2,-23.2,0.0,-0.0,-0.0,-0.0,3081,2027,0,-22,1
1764,251.77,27408,334.57,334.37,-0.20,-21.8,-21.8,0.0,-0.0,-0.0,-0.0,2981,1922,0,-21,4
1765,251.86,27406,334.55,334.33,-0.22,-24.5,-24.5,0.0,-0.0,-0.0,-0.0,2956,1892,0,-23,6
1766,252.03,27403,334.51,334.24,-0.27,-30.0,-30.0,0.0,-0.0,-0.0,-0.0,2918,1863,0,-28,8
1767,252.20,27392,334.38,334.15,-0.22,-24.5,-24.5,0.0,-0.0,-0.0,-0.0,2781,1718,0,-21,12
1768,252.30,27391,334.36,334.11,-0.26,-28.6,-28.6,0.0,-0.0,-0.0,-0.0,2768,1705,0,-24,14
1769,252.47,27384,334.28,334.02,-0.26,-28.6,-28.6,0.0,-0.0,-0.0,-0.0,2681,1622,0,-22,17
1770,252.56,27381,334.24,333.98,-0.27,-30.0,-30.0,0.0,-0.0,-0.0,-0.0,2643,1580,0,-22,19
1771,252.73,27371,334.12,333.89,-0.23,-25.9,-25.9,0.0,0.0,-0.0,-0.0,2518,1449,0,-15,20
1772,252.90,27366,334.06,333.81,-0.26,-28.6,-28.6,0.0,-0.0,-0.0,-0.0,2456,1395,0,-15,23
1773,253.06,27362,334.01,333.72,-0.28,-31.4,-31.4,0.0,-0.0,-0.0,-0.0,2406,1343,0,-14,27
1774,253.15,27359,333.97,333.68,-0.29,-32.7,-32.7,0.0,-0.0,-0.0,-0.0,2368,1306,0,-13,29
1775,253.32,27351,333.87,333.59,-0.28,-31.4,-31.4,0.0,-0.0,-0.0,-0.0,2268,1205,0,-8,29
1776,253.49,27341,333.75,333.51,-0.24,-27.3,-27.3,0.0,-0.0,-0.0,-0.0,2143,1078,0,-2,26
1777,253.58,27337,333.70,333.47,-0.23,-25.9,-25.9,0.0,0.0,-0.0,-0.0,2093,1025,0,0,25
1778,253.74,27329,333.61,333.38,-0.22,-24.5,-24.5,0.0,0.0,-0.0,-0.0,1993,920,0,4,23
1779,253.91,27323,333.53,333.30,-0.23,-25.9,-25.9,0.0,0.0,-0.0,-0.0,1918,847,0,7,24
1780,254.00,27317,333.46,333.25,-0.21,-23.2,-23.2,0.0,0.0,-0.0,-0.0,1843,765,0,9,21
1781,254.17,27310,333.37,333.17,-0.21,-23.2,-23.2,0.0,0.0,-0.0,-0.0,1756,687,0,11,20
1782,254.35,27304,333.30,333.08,-0.22,-24.5,-24.5,0.0,0.0,-0.0,-0.0,1681,612,0,14,19
1783,254.43,27304,333.30,333.04,-0.27,-30.0,-30.0,0.0,-0.0,-0.0,-0.0,1681,619,0,17,24
1784,254.60,27290,333.13,332.95,-0.17,-19.1,-19.1,0.0,0.0,-0.0,-0.0,1506,434,0,15,11
1785,254.77,27285,333.07,332.87,-0.20,-21.8,-21.8,0.0,0.0,-0.0,-0.0,1443,378,0,18,12
1786,254.86,27281,333.02,332.83,-0.20,-21.8,-21.8,0.0,0.0,-0.0,-0.0,1393,324,0,19,10
1787,255.03,27272,332.91,332.74,-0.17,-19.1,-19.1,0.0,0.0,-0.0,-0.0,1281,207,0,18,6
1788,255.20,27264,332.81,332.65,-0.16,-17.7,-17.7,0.0,0.0,-0.0,-0.0,1181,108,0,17,3
1789,255.29,27259,332.75,332.61,-0.15,-16.4,-16.4,0.0,0.0,-0.0,-0.0,1118,45,0,16,1
1790,255.47,27251,332.65,332.52,-0.13,-15.0,-15.0,0.0,0.0,-0.0,-0.0,1018,4041,0,14,-1
1791,255.55,27247,332.60,332.48,-0.12,-13.6,-13.6,0.0,0.0,-0.0,-0.0,968,3987,0,13,-2
1792,255.72,27239,332.51,332.39,-0.11,-12.3,-12.3,0.0,0.0,-0.0,-0.0,868,3890,0,11,-4
1793,255.89,27233,332.43,332.31,-0.12,-13.6,-13.6,0.0,0.0,-0.0,-0.0,793,3820,0,12,-5
1794,255.98,27230,332.40,332.26,-0.13,-15.0,-15.0,0.0,0.0,-0.0,-0.0,756,3781,0,13,-7
1795,256.15,27219,332.26,332.18,-0.09,-9.5,-9.5,0.0,0.0,-0.0,-0.0,618,3644,0,7,-6
1796,256.31,27211,332.17,332.10,-0.07,-8.2,-8.2,0.0,0.0,-0.0,-0.0,518,3545,0,5,-6
1797,256.49,27203,332.07,332.01,-0.06,-6.8,-6.8,0.0,0.0,-0.0,-0.0,418,3442,0,4,-6
1798,256.57,27198,332.01,331.97,-0.04,-4.1,-4.1,0.0,0.0,-0.0,-0.0,356,3373,0,2,-4
1799,256.75,27191,331.92,331.88,-0.04,-4.1,-4.1,0.0,0.0,-0.0,-0.0,268,3294,0,1,-4
1800,256.91,27186,331.86,331.80,-0.06,-6.8,-6.8,0.0,0.0,-0.0,-0.0,206,3238,0,2,-6
1801,257.00,27182,331.81,331.75,-0.06,-6.8,-6.8,0.0,0.0,-0.0,-0.0,156,3179,0,1,-7
1802,257.17,27177,331.75,331.67,-0.07,-8.2,-8.2,0.0,-0.0,-0.0,-0.0,93,3127,0,1,-8
1803,257.34,27170,331.67,331.59,-0.07,-8.2,-8.2,0.0,-0.0,-0.0,-0.0,6,3043,0,0,-8
1804,257.43,27165,331.60,331.54,-0.06,-6.8,-6.8,0.0,-0.0,-0.0,-0.0,4039,2972,0,-1,-7
1805,257.60,27158,331.52,331.46,-0.06,-6.8,-6.8,0.0,0.0,-0.0,-0.0,3952,2888,0,-2,-6
1806,257.77,27150,331.42,331.37,-0.05,-5.5,-5.5,0.0,0.0,-0.0,-0.0,3852,2787,0,-2,-5
1807,257.86,27145,331.36,331.33,-0.04,-4.1,-4.1,0.0,0.0,-0.0,-0.0,3789,2716,0,-2,-3
1808,258.03,27140,331.30,331.24,-0.06,-6.8,-6.8,0.0,0.0,-0.0,-0.0,3727,2659,0,-4,-5
1809,258.20,27135,331.24,331.16,-0.09,-9.5,-9.5,0.0,-0.0,-0.0,-0.0,3664,2602,0,-6,-7
1810,258.28,27133,331.21,331.11,-0.10,-10.9,-10.9,0.0,-0.0,-0.0,-0.0,3639,2577,0,-7,-8
1811,258.46,27124,331.10,331.03,-0.07,-8.2,-8.2,0.0,-0.0,-0.0,-0.0,3527,2465,0,-6,-5
1812,258.63,27122,331.08,330.94,-0.13,-15.0,-15.0,0.0,-0.0,-0.0,-0.0,3502,2446,0,-12,-8
1813,258.72,27120,331.05,330.90,-0.16,-17.7,-17.7,0.0,-0.0,-0.0,-0.0,3477,2421,0,-14,-9
1814,258.88,27114,330.98,330.81,-0.17,-19.1,-19.1,0.0,-0.0,-0.0,-0.0,3402,2348,0,-17,-8
1815,258.98,27108,330.91,330.77,-0.15,-16.4,-16.4,0.0,-0.0,-0.0,-0.0,3327,2262,0,-15,-5
1816,259.15,27104,330.86,330.68,-0.18,-20.5,-20.5,0.0,-0.0,-0.0,-0.0,3277,2225,0,-19,-5
1817,259.32,27098,330.79,330.59,-0.20,-21.8,-21.8,0.0,-0.0,-0.0,-0.0,3202,2142,0,-21,-3
1818,259.41,27096,330.76,330.55,-0.21,-23.2,-23.2,0.0,-0.0,-0.0,-0.0,3177,2115,0,-22,-2
1819,259.58,27089,330.68,330.47,-0.21,-23.2,-23.2,0.0,-0.0,-0.0,-0.0,3089,2030,0,-22,1
1820,259.74,27080,330.57,330.38,-0.18,-20.5,-20.5,0.0,-0.0,-0.0,-0.0,2977,1914,0,-19,4
1821,259.83,27076,330.52,330.34,-0.18,-20.5,-20.5,0.0,0.0,-0.0,-0.0,2927,1859,0,-19,6
1822,260.00,27075,330.51,330.25,-0.26,-28.6,-28.6,0.0,-0.0,-0.0,-0.0,2914,1857,0,-27,8
1823,260.16,27066,330.40,330.17,-0.22,-24.5,-24.5,0.0,0.0,-0.0,-0.0,2802,1739,0,-21,11
1824,260.33,27061,330.33,330.09,-0.24,-27.3,-27.3,0.0,-0.0,-0.0,-0.0,2739,1682,0,-22,14
1825,260.42,27058,330.30,330.05,-0.26,-28.6,-28.6,0.0,-0.0,-0.0,-0.0,2702,1642,0,-23,16
1826,260.59,27053,330.24,329.96,-0.28,-31.4,-31.4,0.0,-0.0,-0.0,-0.0,2639,1581,0,-23,20
1827,260.76,27044,330.13,329.88,-0.26,-28.6,-28.6,0.0,0.0,-0.0,-0.0,2527,1462,0,-17,22
1828,260.85,27042,330.10,329.83,-0.27,-30.0,-30.0,0.0,-0.0,-0.0,-0.0,2502,1441,0,-17,23
1829,261.01,27033,329.99,329.75,-0.24,-27.3,-27.3,0.0,0.0,-0.0,-0.0,2389,1325,0,-12,24
1830,261.18,27028,329.93,329.66,-0.27,-30.0,-30.0,0.0,0.0,-0.0,-0.0,2327,1261,0,-10,27
1831,261.27,27026,329.91,329.62,-0.29,-32.7,-32.7,0.0,-0.0,-0.0,-0.0,2302,1234,0,-10,30
1832,261.45,27016,329.79,329.53,-0.26,-28.6,-28.6,0.0,0.0,-0.0,-0.0,2177,1112,0,-4,27
1833,261.62,27010,329.71,329.45,-0.27,-30.0,-30.0,0.0,0.0,-0.0,-0.0,2102,1037,0,-1,29
1834,261.70,27007,329.68,329.40,-0.27,-30.0,-30.0,0.0,-0.0,-0.0,-0.0,2064,1000,0,1,29
1835,261.88,26996,329.54,329.32,-0.22,-24.5,-24.5,0.0,0.0,-0.0,-0.0,1927,855,0,6,23
1836,262.04,26986,329.42,329.23,-0.18,-20.5,-20.5,0.0,0.0,-0.0,-0.0,1802,728,0,9,18
1837,262.14,26982,329.37,329.19,-0.18,-20.5,-20.5,0.0,0.0,-0.0,-0.0,1752,674,0,10,17
1838,262.31,26973,329.26,329.10,-0.16,-17.7,-17.7,0.0,0.0,-0.0,-0.0,1639,563,0,11,13
1839,262.48,26964,329.15,329.01,-0.13,-15.0,-15.0,0.0,0.0,-0.0,-0.0,1527,445,0,11,9
1840,262.57,26961,329.11,328.97,-0.15,-16.4,-16.4,0.0,0.0,-0.0,-0.0,1489,412,0,13,9
1841,262.73,26954,329.03,328.89,-0.13,-15.0,-15.0,0.0,0.0,-0.0,-0.0,1402,333,0,13,7
1842,262.91,26949,328.97,328.80,-0.17,-19.1,-19.1,0.0,0.0,-0.0,-0.0,1339,273,0,17,8
1843,262.99,26942,328.88,328.76,-0.12,-13.6,-13.6,0.0,0.0,-0.0,-0.0,1252,182,0,13,4
1844,263.17,26933,328.77,328.67,-0.10,-10.9,-10.9,0.0,0.0,-0.0,-0.0,1139,68,0,11,1
1845,263.34,26930,328.74,328.58,-0.15,-16.4,-16.4,0.0,-0.0,-0.0,-0.0,1102,39,0,16,1
1846,263.43,26925,328.67,328.54,-0.13,-15.0,-15.0,0.0,0.0,-0.0,-0.0,1039,4067,0,15,-1
1847,263.60,26915,328.55,328.46,-0.10,-10.9,-10.9,0.0,0.0,-0.0,-0.0,914,3935,0,10,-3
1848,263.76,26909,328.48,328.37,-0.11,-12.3,-12.3,0.0,0.0,-0.0,-0.0,839,3870,0,11,-4
1849,263.85,26905,328.43,328.33,-0.10,-10.9,-10.9,0.0,0.0,-0.0,-0.0,789,3816,0,10,-4
1850,264.02,26899,328.36,328.24,-0.11,-12.3,-12.3,0.0,0.0,-0.0,-0.0,714,3741,0,10,-6
1851,264.19,26889,328.23,328.16,-0.07,-8.2,-8.2,0.0,0.0,-0.0,-0.0,589,3617,0,6,-5
1852,264.27,26889,328.23,328.12,-0.12,-13.6,-13.6,0.0,-0.0,-0.0,-0.0,589,3621,0,10,-9
1853,264.44,26881,328.14,328.04,-0.10,-10.9,-10.9,0.0,0.0,-0.0,-0.0,489,3522,0,7,-8
1854,264.61,26870,328.00,327.95,-0.05,-5.5,-5.5,0.0,0.0,-0.0,-0.0,352,3375,0,2,-5
1855,264.69,26868,327.98,327.91,-0.07,-8.2,-8.2,0.0,0.0,-0.0,-0.0,327,3351,0,3,-7
1856,264.87,26863,327.92,327.82,-0.10,-10.9,-10.9,0.0,-0.0,-0.0,-0.0,264,3295,0,4,-10
1857,265.03,26852,327.78,327.74,-0.05,-5.5,-5.5,0.0,0.0,-0.0,-0.0,127,3149,0,1,-5
1858,265.11,26851,327.77,327.70,-0.07,-8.2,-8.2,0.0,0.0,-0.0,-0.0,114,3141,0,1,-8
1859,265.29,26847,327.72,327.61,-0.11,-12.3,-12.3,0.0,-0.0,-0.0,-0.0,64,3101,0,1,-12
1860,265.47,26841,327.65,327.52,-0.12,-13.6,-13.6,0.0,-0.0,-0.0,-0.0,4085,3022,0,-1,-13
1861,265.56,26837,327.60,327.48,-0.12,-13.6,-13.6,0.0,-0.0,-0.0,-0.0,4035,2968,0,-2,-13
1862,265.72,26828,327.49,327.39,-0.10,-10.9,-10.9,0.0,-0.0,-0.0,-0.0,3923,2865,0,-3,-10
1863,265.90,26822,327.42,327.31,-0.11,-12.3,-12.3,0.0,-0.0,-0.0,-0.0,3848,2785,0,-5,-11
1864,265.98,26817,327.36,327.26,-0.10,-10.9,-10.9,0.0,0.0,-0.0,-0.0,3785,2715,0,-6,-9
1865,266.15,26812,327.29,327.18,-0.11,-12.3,-12.3,0.0,0.0,-0.0,-0.0,3723,2659,0,-7,-10
1866,266.31,26807,327.23,327.10,-0.13,-15.0,-15.0,0.0,0.0,-0.0,-0.0,3660,2595,0,-10,-11
1867,266.48,26804,327.20,327.02,-0.18,-20.5,-20.5,0.0,-0.0,-0.0,-0.0,3623,2567,0,-14,-14
1868,266.56,26802,327.17,326.97,-0.20,-21.8,-21.8,0.0,-0.0,-0.0,-0.0,3598,2543,0,-15,-15
1869,266.73,26794,327.08,326.89,-0.18,-20.5,-20.5,0.0,-0.0,-0.0,-0.0,3498,2443,0,-16,-11
1870,266.90,26785,326.97,326.80,-0.16,-17.7,-17.7,0.0,-0.0,-0.0,-0.0,3385,2323,0,-16,-7
1871,266.99,26782,326.93,326.76,-0.17,-19.1,-19.1,0.0,-0.0,-0.0,-0.0,3348,2286,0,-17,-7
1872,267.16,26778,326.88,326.67,-0.21,-23.2,-23.2,0.0,-0.0,-0.0,-0.0,3298,2234,0,-22,-6
1873,267.33,26769,326.77,326.59,-0.18,-20.5,-20.5,0.0,-0.0,-0.0,-0.0,3185,2121,0,-20,-2
1874,267.42,26764,326.71,326.54,-0.16,-17.7,-17.7,0.0,0.0,-0.0,-0.0,3123,2051,0,-17,0
1875,267.59,26762,326.68,326.46,-0.23,-25.9,-25.9,0.0,-0.0,-0.0,-0.0,3098,2039,0,-25,0
1876,267.76,26755,326.60,326.38,-0.22,-24.5,-24.5,0.0,-0.0,-0.0,-0.0,3010,1949,0,-24,4
1877,267.85,26750,326.54,326.33,-0.21,-23.2,-23.2,0.0,0.0,-0.0,-0.0,2948,1880,0,-22,6
1878,268.02,26746,326.49,326.25,-0.24,-27.3,-27.3,0.0,-0.0,-0.0,-0.0,2898,1841,0,-25,8
1879,268.18,26737,326.38,326.16,-0.22,-24.5,-24.5,0.0,-0.0,-0.0,-0.0,2785,1722,0,-21,11
1880,268.27,26731,326.31,326.12,-0.18,-20.5,-20.5,0.0,0.0,-0.0,-0.0,2710,1637,0,-16,12
1881,268.44,26727,326.26,326.04,-0.22,-24.5,-24.5,0.0,0.0,-0.0,-0.0,2660,1596,0,-18,15
1882,268.61,26720,326.17,325.95,-0.22,-24.5,-24.5,0.0,-0.0,-0.0,-0.0,2573,1509,0,-16,17
1883,268.69,26716,326.12,325.91,-0.22,-24.5,-24.5,0.0,0.0,-0.0,-0.0,2523,1452,0,-15,19
1884,268.86,26708,326.03,325.83,-0.20,-21.8,-21.8,0.0,0.0,-0.0,-0.0,2423,1358,0,-10,18
1885,269.02,26700,325.93,325.74,-0.18,-20.5,-20.5,0.0,0.0,-0.0,-0.0,2323,1259,0,-7,19
1886,269.11,26700,325.93,325.70,-0.23,-25.9,-25.9,0.0,-0.0,-0.0,-0.0,2323,1256,0,-9,24
1887,269.28,26692,325.83,325.61,-0.22,-24.5,-24.5,0.0,0.0,-0.0,-0.0,2223,1159,0,-5,23
1888,269.46,26681,325.70,325.53,-0.17,-19.1,-19.1,0.0,0.0,-0.0,-0.0,2085,1010,0,0,18
1889,269.55,26679,325.67,325.48,-0.20,-21.8,-21.8,0.0,0.0,-0.0,-0.0,2060,990,0,1,21
1890,269.71,26673,325.60,325.40,-0.20,-21.8,-21.8,0.0,-0.0,-0.0,-0.0,1985,923,0,3,21
1891,269.88,26666,325.51,325.31,-0.20,-21.8,-21.8,0.0,0.0,-0.0,-0.0,1898,826,0,6,20
1892,269.97,26660,325.44,325.27,-0.17,-19.1,-19.1,0.0,0.0,-0.0,-0.0,1823,748,0,8,17
1893,270.15,26652,325.34,325.18,-0.16,-17.7,-17.7,0.0,0.0,-0.0,-0.0,1723,656,0,9,15
1894,270.32,26644,325.24,325.10,-0.15,-16.4,-16.4,0.0,0.0,-0.0,-0.0,1623,552,0,11,12
1895,270.41,26638,325.17,325.05,-0.12,-13.6,-13.6,0.0,0.0,-0.0,-0.0,1548,470,0,10,9
1896,270.58,26630,325.07,324.96,-0.11,-12.3,-12.3,0.0,0.0,-0.0,-0.0,1448,373,0,10,6
1897,270.75,26626,325.02,324.88,-0.15,-16.4,-16.4,0.0,0.0,-0.0,-0.0,1398,335,0,14,8
1898,270.84,26622,324.98,324.84,-0.13,-15.0,-15.0,0.0,0.0,-0.0,-0.0,1348,278,0,13,6
1899,271.01,26616,324.90,324.75,-0.15,-16.4,-16.4,0.0,0.0,-0.0,-0.0,1273,210,0,15,5
1900,271.18,26608,324.80,324.67,-0.13,-15.0,-15.0,0.0,-0.0,-0.0,-0.0,1173,111,0,14,2
1901,271.27,26603,324.74,324.62,-0.12,-13.6,-13.6,0.0,-0.0,-0.0,-0.0,1110,44,0,13,1
1902,271.43,26598,324.68,324.54,-0.15,-16.4,-16.4,0.0,0.0,-0.0,-0.0,1048,4080,0,16,0
1903,271.60,26587,324.55,324.45,-0.10,-10.9,-10.9,0.0,0.0,-0.0,-0.0,910,3939,0,10,-3
1904,271.69,26583,324.50,324.41,-0.09,-9.5,-9.5,0.0,0.0,-0.0,-0.0,860,3880,0,9,-3
1905,271.86,26573,324.38,324.32,-0.05,-5.5,-5.5,0.0,0.0,-0.0,-0.0,735,3755,0,5,-3
1906,272.03,26569,324.33,324.24,-0.09,-9.5,-9.5,0.0,0.0,-0.0,-0.0,685,3709,0,8,-5
1907,272.12,26569,324.33,324.20,-0.13,-15.0,-15.0,0.0,0.0,-0.0,-0.0,685,3713,0,12,-8
1908,272.28,26563,324.26,324.11,-0.15,-16.4,-16.4,0.0,-0.0,-0.0,-0.0,610,3648,0,12,-10
1909,272.45,26554,324.15,324.03,-0.11,-12.3,-12.3,0.0,-0.0,-0.0,-0.0,498,3536,0,8,-9
1910,272.53,26551,324.11,323.99,-0.12,-13.6,-13.6,0.0,-0.0,-0.0,-0.0,460,3498,0,8,-10
1911,272.70,26546,324.05,323.90,-0.15,-16.4,-16.4,0.0,-0.0,-0.0,-0.0,398,3437,0,8,-13
1912,272.88,26537,323.94,323.82,-0.12,-13.6,-13.6,0.0,0.0,-0.0,-0.0,285,3312,0,5,-12
1913,272.96,26536,323.93,323.77,-0.15,-16.4,-16.4,0.0,0.0,-0.0,-0.0,273,3304,0,6,-15
1914,273.13,26531,323.86,323.69,-0.18,-20.5,-20.5,0.0,-0.0,-0.0,-0.0,210,3247,0,5,-19
1915,273.30,26524,323.78,323.60,-0.17,-19.1,-19.1,0.0,-0.0,-0.0,-0.0,123,3158,0,2,-18
1916,273.47,26515,323.67,323.52,-0.15,-16.4,-16.4,0.0,-0.0,-0.0,-0.0,10,3043,0,-1,-16
1917,273.56,26512,323.63,323.47,-0.16,-17.7,-17.7,0.0,-0.0,-0.0,-0.0,4069,3003,0,-2,-17
1918,273.73,26504,323.54,323.39,-0.15,-16.4,-16.4,0.0,0.0,-0.0,-0.0,3969,2901,0,-4,-15
1919,273.82,26500,323.49,323.34,-0.15,-16.4,-16.4,0.0,0.0,-0.0,-0.0,3919,2846,0,-5,-15
1920,273.99,26492,323.39,323.26,-0.13,-15.0,-15.0,0.0,0.0,-0.0,-0.0,3819,2750,0,-7,-13
1921,274.16,26488,323.34,323.18,-0.16,-17.7,-17.7,0.0,-0.0,-0.0,-0.0,3769,2707,0,-9,-15
1922,274.25,26485,323.30,323.13,-0.17,-19.1,-19.1,0.0,-0.0,-0.0,-0.0,3731,2663,0,-11,-15
1923,274.42,26479,323.23,323.04,-0.18,-20.5,-20.5,0.0,-0.0,-0.0,-0.0,3656,2594,0,-13,-15
1924,274.59,26470,323.12,322.96,-0.16,-17.7,-17.7,0.0,-0.0,-0.0,-0.0,3544,2479,0,-14,-11
1925,274.68,26464,323.05,322.91,-0.13,-15.0,-15.0,0.0,0.0,-0.0,-0.0,3469,2401,0,-12,-7
1926,274.85,26462,323.02,322.83,-0.20,-21.8,-21.8,0.0,-0.0,-0.0,-0.0,3444,2384,0,-18,-10
1927,275.01,26454,322.92,322.75,-0.18,-20.5,-20.5,0.0,-0.0,-0.0,-0.0,3344,2282,0,-19,-7
1928,275.10,26451,322.89,322.70,-0.18,-20.5,-20.5,0.0,0.0,-0.0,-0.0,3306,2238,0,-19,-6
1929,275.28,26444,322.80,322.62,-0.18,-20.5,-20.5,0.0,-0.0,-0.0,-0.0,3219,2157,0,-20,-3
1930,275.44,26437,322.72,322.53,-0.18,-20.5,-20.5,0.0,-0.0,-0.0,-0.0,3131,2071,0,-20,-1
1931,275.53,26432,322.66,322.49,-0.17,-19.1,-19.1,0.0,0.0,-0.0,-0.0,3069,2000,0,-18,1
1932,275.70,26424,322.56,322.41,-0.15,-16.4,-16.4,0.0,0.0,-0.0,-0.0,2969,1903,0,-15,3
1933,275.87,26418,322.49,322.32,-0.16,-17.7,-17.7,0.0,0.0,-0.0,-0.0,2894,1828,0,-16,6
1934,275.96,26416,322.46,322.28,-0.18,-20.5,-20.5,0.0,0.0,-0.0,-0.0,2869,1799,0,-18,7
1935,276.13,26407,322.35,322.19,-0.16,-17.7,-17.7,0.0,0.0,-0.0,-0.0,2756,1687,0,-15,9
1936,276.30,26402,322.29,322.10,-0.18,-20.5,-20.5,0.0,-0.0,-0.0,-0.0,2694,1635,0,-16,12
1937,276.39,26399,322.25,322.06,-0.20,-21.8,-21.8,0.0,-0.0,-0.0,-0.0,2656,1593,0,-16,14
1938,276.57,26388,322.12,321.97,-0.15,-16.4,-16.4,0.0,0.0,-0.0,-0.0,2519,1452,0,-10,13
1939,276.73,26383,322.06,321.89,-0.17,-19.1,-19.1,0.0,-0.0,-0.0,-0.0,2456,1393,0,-10,16
1940,276.82,26379,322.01,321.84,-0.17,-19.1,-19.1,0.0,-0.0,-0.0,-0.0,2406,1339,0,-9,16
1941,276.99,26372,321.92,321.76,-0.17,-19.1,-19.1,0.0,0.0,-0.0,-0.0,2319,1253,0,-6,17
1942,277.17,26364,321.83,321.67,-0.16,-17.7,-17.7,0.0,0.0,-0.0,-0.0,2219,1149,0,-3,17
1943,277.26,26360,321.78,321.62,-0.16,-17.7,-17.7,0.0,-0.0,-0.0,-0.0,2169,1100,0,-2,17
1944,277.43,26351,321.67,321.54,-0.12,-13.6,-13.6,0.0,0.0,-0.0,-0.0,2056,987,0,1,13
1945,277.60,26347,321.62,321.45,-0.16,-17.7,-17.7,0.0,-0.0,-0.0,-0.0,2006,943,0,2,17
1946,277.69,26342,321.56,321.41,-0.15,-16.4,-16.4,0.0,0.0,-0.0,-0.0,1944,873,0,4,15
1947,277.86,26337,321.50,321.32,-0.17,-19.1,-19.1,0.0,-0.0,-0.0,-0.0,1881,820,0,6,18
1948,278.03,26330,321.41,321.24,-0.17,-19.1,-19.1,0.0,-0.0,-0.0,-0.0,1794,732,0,8,17
1949,278.12,26324,321.34,321.19,-0.15,-16.4,-16.4,0.0,-0.0,-0.0,-0.0,1719,654,0,9,13
1950,278.29,26316,321.24,321.11,-0.13,-15.0,-15.0,0.0,0.0,-0.0,-0.0,1619,551,0,10,11
1951,278.47,26308,321.14,321.02,-0.12,-13.6,-13.6,0.0,0.0,-0.0,-0.0,1519,443,0,10,8
1952,278.55,26304,321.09,320.98,-0.11,-12.3,-12.3,0.0,0.0,-0.0,-0.0,1469,394,0,10,7
1953,278.72,26296,321.00,320.89,-0.10,-10.9,-10.9,0.0,0.0,-0.0,-0.0,1369,294,0,10,5
1954,278.81,26291,320.94,320.85,-0.09,-9.5,-9.5,0.0,0.0,-0.0,-0.0,1306,232,0,9,3
1955,278.98,26286,320.87,320.77,-0.11,-12.3,-12.3,0.0,0.0,-0.0,-0.0,1244,175,0,11,3
1956,279.15,26281,320.81,320.68,-0.13,-15.0,-15.0,0.0,-0.0,-0.0,-0.0,1181,117,0,14,3
1957,279.31,26277,320.76,320.60,-0.17,-19.1,-19.1,0.0,-0.0,-0.0,-0.0,1131,75,0,18,2
1958,279.40,26272,320.70,320.56,-0.15,-16.4,-16.4,0.0,-0.0,-0.0,-0.0,1069,8,0,16,0
1959,279.57,26264,320.61,320.47,-0.13,-15.0,-15.0,0.0,-0.0,-0.0,-0.0,969,4005,0,14,-2
1960,279.74,26258,320.53,320.38,-0.15,-16.4,-16.4,0.0,-0.0,-0.0,-0.0,894,3929,0,15,-4
1961,279.83,26254,320.48,320.34,-0.15,-16.4,-16.4,0.0,-0.0,-0.0,-0.0,844,3873,0,15,-5
1962,280.00,26247,320.40,320.26,-0.15,-16.4,-16.4,0.0,0.0,-0.0,-0.0,756,3785,0,14,-7
1963,280.17,26240,320.31,320.17,-0.15,-16.4,-16.4,0.0,0.0,-0.0,-0.0,669,3697,0,13,-9
1964,280.26,26239,320.30,320.13,-0.17,-19.1,-19.1,0.0,-0.0,-0.0,-0.0,656,3689,0,15,-11
1965,280.43,26233,320.23,320.04,-0.18,-20.5,-20.5,0.0,-0.0,-0.0,-0.0,581,3616,0,15,-13
1966,280.59,26226,320.14,319.96,-0.18,-20.5,-20.5,0.0,-0.0,-0.0,-0.0,494,3530,0,13,-15
1967,280.67,26224,320.12,319.92,-0.20,-21.8,-21.8,0.0,-0.0,-0.0,-0.0,469,3506,0,13,-17
1968,280.84,26218,320.04,319.83,-0.21,-23.2,-23.2,0.0,-0.0,-0.0,-0.0,394,3432,0,12,-19
1969,281.01,26207,319.91,319.75,-0.16,-17.7,-17.7,0.0,0.0,-0.0,-0.0,256,3285,0,6,-16
1970,281.11,26202,319.85,319.70,-0.15,-16.4,-16.4,0.0,0.0,-0.0,-0.0,194,3213,0,3,-15
1971,281.27,26198,319.80,319.62,-0.18,-20.5,-20.5,0.0,0.0,-0.0,-0.0,144,3175,0,3,-20
1972,281.44,26191,319.71,319.53,-0.18,-20.5,-20.5,0.0,0.0,-0.0,-0.0,56,3084,0,0,-20
1973,281.53,26187,319.67,319.49,-0.17,-19.1,-19.1,0.0,0.0,-0.0,-0.0,6,3031,0,-1,-18
1974,281.69,26180,319.58,319.41,-0.17,-19.1,-19.1,0.0,-0.0,-0.0,-0.0,4015,2953,0,-3,-18
1975,281.85,26173,319.49,319.33,-0.17,-19.1,-19.1,0.0,0.0,-0.0,-0.0,3927,2859,0,-6,-18
1976,282.02,26168,319.43,319.24,-0.20,-21.8,-21.8,0.0,-0.0,-0.0,-0.0,3865,2801,0,-9,-19
1977,282.11,26164,319.38,319.20,-0.18,-20.5,-20.5,0.0,0.0,-0.0,-0.0,3815,2748,0,-9,-17
1978,282.28,26157,319.30,319.11,-0.18,-20.5,-20.5,0.0,-0.0,-0.0,-0.0,3727,2665,0,-12,-16
1979,282.46,26149,319.20,319.03,-0.17,-19.1,-19.1,0.0,0.0,-0.0,-0.0,3627,2556,0,-13,-13
1980,282.54,26146,319.17,318.98,-0.18,-20.5,-20.5,0.0,-0.0,-0.0,-0.0,3590,2526,0,-15,-13
1981,282.72,26136,319.04,318.90,-0.15,-16.4,-16.4,0.0,0.0,-0.0,-0.0,3465,2393,0,-14,-8
1982,282.80,26133,319.01,318.85,-0.16,-17.7,-17.7,0.0,0.0,-0.0,-0.0,3427,2354,0,-15,-8
1983,282.97,26127,318.93,318.77,-0.16,-17.7,-17.7,0.0,0.0,-0.0,-0.0,3352,2286,0,-16,-6
1984,283.15,26121,318.86,318.68,-0.18,-20.5,-20.5,0.0,-0.0,-0.0,-0.0,3277,2211,0,-19,-5
1985,283.23,26119,318.84,318.64,-0.20,-21.8,-21.8,0.0,-0.0,-0.0,-0.0,3252,2188,0,-21,-5
1986,283.41,26109,318.71,318.55,-0.16,-17.7,-17.7,0.0,-0.0,-0.0,-0.0,3127,2063,0,-17,0
1987,283.58,26101,318.62,318.47,-0.15,-16.4,-16.4,0.0,0.0,-0.0,-0.0,3027,1962,0,-16,2
1988,283.67,26097,318.57,318.42,-0.15,-16.4,-16.4,0.0,0.0,-0.0,-0.0,2977,1907,0,-15,3
1989,283.84,26089,318.47,318.33,-0.13,-15.0,-15.0,0.0,0.0,-0.0,-0.0,2877,1808,0,-14,5
1990,284.01,26080,318.36,318.25,-0.11,-12.3,-12.3,0.0,0.0,-0.0,-0.0,2765,1692,0,-10,6
1991,284.10,26077,318.32,318.20,-0.12,-13.6,-13.6,0.0,0.0,-0.0,-0.0,2727,1653,0,-11,8
1992,284.27,26069,318.23,318.12,-0.11,-12.3,-12.3,0.0,0.0,-0.0,-0.0,2627,1559,0,-9,8
1993,284.44,26065,318.18,318.04,-0.13,-15.0,-15.0,0.0,0.0,-0.0,-0.0,2577,1512,0,-10,11
1994,284.52,26063,318.15,317.99,-0.16,-17.7,-17.7,0.0,-0.0,-0.0,-0.0,2552,1487,0,-11,13
1995,284.69,26053,318.03,317.91,-0.12,-13.6,-13.6,0.0,-0.0,-0.0,-0.0,2427,1364,0,-7,11
1996,284.85,26049,317.98,317.83,-0.15,-16.4,-16.4,0.0,-0.0,-0.0,-0.0,2377,1316,0,-7,14
1997,285.02,26040,317.87,317.75,-0.12,-13.6,-13.6,0.0,-0.0,-0.0,-0.0,2265,1203,0,-4,13
1998,285.11,26035,317.81,317.70,-0.11,-12.3,-12.3,0.0,0.0,-0.0,-0.0,2202,1127,0,-2,12
1999,285.28,26029,317.74,317.62,-0.12,-13.6,-13.6,0.0,0.0,-0.0,-0.0,2127,1063,0,-1,13
