Sample,Timestamp,Raw Encoder Reading,Measured Motor Steps,Target Motor Steps,Current Error,PID Control Signal,PID P Term,PID I Term,PID D Term,PID V Term,PID A Term,Measured Step Phase,Desired Step Phase,Phase Shift,Coil A Current,Coil B Current
0,0.04,33597,410.12,410.25,0.13,11.2,11.2,0.0,-0.0,-0.0,-0.0,2519,3544,0,7,-8
1,0.20,33595,410.10,410.25,0.16,13.3,13.3,0.0,-0.0,-0.0,-0.0,2494,3521,0,8,-10
2,0.36,33594,410.08,410.25,0.17,14.3,14.3,0.0,-0.0,-0.0,-0.0,2482,3507,0,9,-11
3,0.52,33595,410.10,410.25,0.16,13.2,13.3,0.0,-0.0,-0.0,-0.0,2494,3521,0,8,-10
4,0.61,33595,410.10,410.25,0.16,13.2,13.3,0.0,0.0,-0.1,-0.0,2494,3516,0,8,-10
5,0.77,33595,410.10,410.25,0.16,13.2,13.3,0.0,0.0,-0.1,-0.0,2494,3518,0,8,-10
6,0.93,33595,410.10,410.25,0.16,13.2,13.3,0.0,-0.0,-0.1,-0.0,2494,3519,0,8,-10
7,1.09,33596,410.11,410.25,0.15,12.2,12.3,0.0,-0.0,-0.1,-0.0,2507,3534,0,8,-9
8,1.25,33597,410.12,410.25,0.13,11.1,11.2,0.0,-0.0,-0.1,-0.0,2519,3546,0,7,-8
9,1.33,33597,410.12,410.25,0.13,11.1,11.2,0.0,-0.0,-0.1,-0.0,2519,3546,0,7,-8
10,1.49,33597,410.12,410.25,0.12,10.1,10.2,0.0,-0.0,-0.1,-0.0,2519,3546,0,6,-7
11,1.65,33597,410.12,410.25,0.12,10.1,10.2,0.0,-0.0,-0.2,-0.0,2519,3545,0,6,-7
12,1.81,33597,410.12,410.25,0.12,10.0,10.2,0.0,-0.0,-0.2,-0.0,2519,3545,0,6,-7
13,1.89,33597,410.12,410.25,0.12,10.0,10.2,0.0,-0.0,-0.2,-0.0,2519,3543,0,6,-7
14,2.05,33597,410.12,410.24,0.12,10.0,10.2,0.0,0.0,-0.2,-0.0,2519,3543,0,6,-7
15,2.21,33598,410.13,410.24,0.11,9.0,9.2,0.0,-0.0,-0.2,-0.0,2532,3557,0,6,-6
16,2.38,33598,410.13,410.24,0.11,9.0,9.2,0.0,-0.0,-0.2,-0.0,2532,3558,0,6,-6
17,2.54,33595,410.10,410.24,0.15,12.0,12.3,0.0,0.0,-0.3,-0.0,2494,3515,0,7,-9
18,2.62,33595,410.10,410.24,0.15,12.0,12.3,0.0,0.0,-0.3,-0.0,2494,3515,0,7,-9
19,2.78,33594,410.08,410.24,0.16,13.0,13.3,0.0,0.0,-0.3,-0.0,2482,3502,0,8,-10
20,2.95,33592,410.06,410.24,0.18,15.0,15.3,0.0,0.0,-0.3,-0.0,2457,3472,0,8,-12
21,3.03,33595,410.10,410.24,0.15,12.0,12.3,0.0,0.0,-0.3,-0.0,2494,3513,0,7,-9
22,3.20,33595,410.10,410.24,0.15,12.0,12.3,0.0,0.0,-0.3,-0.0,2494,3518,0,7,-9
23,3.36,33593,410.07,410.24,0.17,14.0,14.3,0.0,0.0,-0.3,-0.0,2469,3490,0,8,-11
24,3.52,33593,410.07,410.23,0.16,13.0,13.3,0.0,0.0,-0.3,-0.0,2469,3492,0,8,-10
25,3.69,33594,410.08,410.23,0.15,11.9,12.3,0.0,0.0,-0.4,-0.0,2482,3504,0,7,-9
26,3.76,33594,410.08,410.23,0.15,11.9,12.3,0.0,0.0,-0.4,-0.0,2482,3505,0,7,-9
27,3.92,33593,410.07,410.23,0.16,12.9,13.3,0.0,0.0,-0.4,-0.0,2469,3491,0,7,-10
28,4.08,33592,410.06,410.23,0.17,13.9,14.3,0.0,0.0,-0.4,-0.0,2457,3479,0,8,-11
29,4.25,33591,410.05,410.23,0.18,14.9,15.3,0.0,0.0,-0.4,-0.0,2444,3463,0,8,-12
30,4.33,33589,410.02,410.23,0.21,17.0,17.4,0.0,0.0,-0.4,-0.0,2419,3435,0,9,-14
31,4.49,33587,410.00,410.22,0.23,19.0,19.4,0.0,0.0,-0.4,-0.0,2394,3409,0,9,-16
32,4.66,33587,410.00,410.22,0.22,18.0,18.4,0.0,0.0,-0.5,-0.0,2394,3409,0,9,-15
33,4.75,33587,410.00,410.22,0.22,17.9,18.4,0.0,0.0,-0.5,-0.0,2394,3410,0,9,-15
34,4.91,33588,410.01,410.22,0.21,16.9,17.4,0.0,0.0,-0.5,-0.0,2407,3427,0,8,-14
35,5.07,33590,410.03,410.22,0.18,14.9,15.3,0.0,-0.0,-0.5,-0.0,2432,3457,0,8,-12
36,5.24,33590,410.03,410.22,0.18,14.8,15.3,0.0,-0.0,-0.5,-0.0,2432,3461,0,8,-12
37,5.40,33590,410.03,410.21,0.18,14.8,15.3,0.0,-0.0,-0.6,-0.0,2432,3461,0,8,-12
38,5.47,33591,410.05,410.21,0.17,13.8,14.3,0.0,-0.0,-0.5,-0.0,2444,3474,0,8,-11
39,5.64,33592,410.06,410.21,0.15,11.7,12.3,0.0,-0.0,-0.6,-0.0,2457,3486,0,7,-9
40,5.80,33592,410.06,410.21,0.15,11.7,12.3,0.0,-0.0,-0.6,-0.0,2457,3484,0,7,-9
41,5.97,33592,410.06,410.21,0.15,11.6,12.3,0.0,-0.0,-0.6,-0.0,2457,3484,0,7,-9
42,6.04,33592,410.06,410.20,0.15,11.7,12.3,0.0,-0.0,-0.6,-0.0,2457,3484,0,7,-9
43,6.21,33593,410.07,410.20,0.13,10.7,11.2,0.0,-0.0,-0.6,-0.0,2469,3494,0,6,-8
44,6.38,33593,410.07,410.20,0.13,10.6,11.2,0.0,-0.0,-0.7,-0.0,2469,3495,0,6,-8
45,6.54,33590,410.03,410.20,0.16,12.6,13.3,0.0,0.0,-0.7,-0.0,2432,3453,0,7,-10
46,6.63,33590,410.03,410.20,0.16,12.6,13.3,0.0,0.0,-0.7,-0.0,2432,3453,0,7,-10
47,6.78,33591,410.05,410.19,0.15,11.6,12.3,0.0,0.0,-0.7,-0.0,2444,3467,0,6,-9
48,6.95,33594,410.08,410.19,0.11,8.5,9.2,0.0,-0.0,-0.7,-0.0,2482,3507,0,5,-6
49,7.03,33594,410.08,410.19,0.11,8.5,9.2,0.0,-0.0,-0.8,-0.0,2482,3508,0,5,-6
50,7.19,33594,410.08,410.19,0.10,7.5,8.2,0.0,-0.0,-0.7,-0.0,2482,3512,0,5,-6
51,7.35,33595,410.10,410.18,0.09,6.4,7.2,0.0,-0.0,-0.8,-0.0,2494,3524,0,4,-5
52,7.53,33594,410.08,410.18,0.10,7.4,8.2,0.0,-0.0,-0.8,-0.0,2482,3508,0,4,-6
53,7.60,33594,410.08,410.18,0.10,7.5,8.2,0.0,-0.0,-0.7,-0.0,2482,3506,0,4,-6
54,7.76,33593,410.07,410.17,0.11,8.4,9.2,0.0,0.0,-0.8,-0.0,2469,3491,0,5,-7
55,7.93,33594,410.08,410.17,0.09,6.4,7.2,0.0,-0.0,-0.8,-0.0,2482,3506,0,4,-5
56,8.09,33592,410.06,410.17,0.11,8.4,9.2,0.0,0.0,-0.8,-0.0,2457,3478,0,5,-7
57,8.24,33593,410.07,410.17,0.10,7.3,8.2,0.0,0.0,-0.8,-0.0,2469,3491,0,4,-6
58,8.33,33593,410.07,410.16,0.10,7.3,8.2,0.0,-0.0,-0.9,-0.0,2469,3493,0,4,-6
59,8.49,33593,410.07,410.16,0.09,6.3,7.2,0.0,0.0,-0.8,-0.0,2469,3492,0,4,-5
60,8.66,33592,410.06,410.16,0.10,7.3,8.2,0.0,-0.0,-0.9,-0.0,2457,3481,0,4,-6
61,8.75,33592,410.06,410.15,0.10,7.2,8.2,0.0,-0.0,-1.0,-0.0,2457,3481,0,4,-6
62,8.91,33592,410.06,410.15,0.10,7.3,8.2,0.0,0.0,-0.9,-0.0,2457,3480,0,4,-6
63,9.07,33591,410.05,410.15,0.10,7.3,8.2,0.0,0.0,-0.9,-0.0,2444,3466,0,4,-6
64,9.23,33594,410.08,410.14,0.06,4.2,5.1,0.0,-0.0,-0.9,-0.0,2482,3506,0,3,-3
65,9.31,33592,410.06,410.14,0.09,6.2,7.2,0.0,-0.0,-1.0,-0.0,2457,3481,0,4,-5
66,9.49,33590,410.03,410.14,0.10,7.2,8.2,0.0,0.0,-1.0,-0.0,2432,3453,0,4,-6
67,9.65,33589,410.02,410.13,0.11,8.3,9.2,0.0,0.0,-1.0,-0.0,2419,3440,0,4,-7
68,9.82,33591,410.05,410.13,0.09,6.1,7.2,0.0,0.0,-1.0,-0.0,2444,3466,0,3,-5
69,9.91,33591,410.05,410.13,0.09,6.1,7.2,0.0,0.0,-1.1,-0.0,2444,3463,0,3,-5
70,10.06,33590,410.03,410.12,0.09,6.2,7.2,0.0,0.0,-1.0,-0.0,2432,3453,0,3,-5
71,10.23,33587,410.00,410.12,0.12,9.1,10.2,0.0,0.0,-1.1,-0.0,2394,3416,0,4,-8
72,10.31,33587,410.00,410.12,0.12,9.2,10.2,0.0,0.0,-1.0,-0.0,2394,3415,0,4,-8
73,10.47,33586,409.99,410.11,0.12,9.2,10.2,0.0,0.0,-1.0,-0.0,2382,3399,0,4,-8
74,10.64,33589,410.02,410.11,0.09,6.1,7.2,0.0,-0.0,-1.1,-0.0,2419,3441,0,3,-5
75,10.80,33586,409.99,410.10,0.12,9.1,10.2,0.0,0.0,-1.1,-0.0,2382,3405,0,4,-8
76,10.89,33586,409.99,410.10,0.12,9.0,10.2,0.0,0.0,-1.2,-0.0,2382,3404,0,4,-8
77,11.05,33588,410.01,410.10,0.09,6.1,7.2,0.0,-0.0,-1.1,-0.0,2407,3434,0,3,-5
78,11.22,33589,410.02,410.09,0.07,5.0,6.1,0.0,-0.0,-1.1,-0.0,2419,3446,0,3,-4
79,11.38,33590,410.03,410.09,0.05,3.0,4.1,0.0,-0.0,-1.1,-0.0,2432,3460,0,2,-2
80,11.47,33587,410.00,410.09,0.09,5.9,7.2,0.0,-0.0,-1.2,-0.0,2394,3420,0,3,-5
81,11.64,33587,410.00,410.08,0.09,6.0,7.2,0.0,-0.0,-1.1,-0.0,2394,3419,0,3,-5
82,11.81,33584,409.96,410.08,0.11,7.9,9.2,0.0,0.0,-1.3,-0.0,2357,3375,0,3,-7
83,11.90,33583,409.95,410.07,0.12,8.9,10.2,0.0,0.0,-1.3,-0.0,2344,3358,0,4,-8
84,12.07,33584,409.96,410.07,0.11,8.0,9.2,0.0,0.0,-1.3,-0.0,2357,3372,0,3,-7
85,12.23,33587,410.00,410.06,0.06,3.8,5.1,0.0,-0.0,-1.3,-0.0,2394,3420,0,2,-3
86,12.32,33585,409.97,410.06,0.09,5.9,7.2,0.0,0.0,-1.3,-0.0,2369,3390,0,3,-5
87,12.49,33587,410.00,410.06,0.06,3.8,5.1,0.0,-0.0,-1.3,-0.0,2394,3423,0,2,-3
88,12.66,33589,410.02,410.05,0.02,0.8,2.0,0.0,-0.0,-1.2,-0.0,2419,3450,0,0,-1
89,12.75,33588,410.01,410.05,0.04,1.6,3.1,0.0,-0.0,-1.5,-0.0,2407,3438,0,1,-1
90,12.92,33585,409.97,410.04,0.07,4.8,6.1,0.0,0.0,-1.4,-0.0,2369,3390,0,2,-4
91,13.08,33586,409.99,410.04,0.05,2.8,4.1,0.0,-0.0,-1.3,-0.0,2382,3406,0,1,-2
92,13.17,33589,410.02,410.03,0.01,-0.4,1.0,0.0,-0.0,-1.4,-0.0,2419,1398,0,0,0
93,13.34,33589,410.02,410.03,0.00,-1.3,0.0,0.0,-0.0,-1.3,-0.0,2419,1395,0,-1,1
94,13.51,33588,410.01,410.02,0.01,-0.4,1.0,0.0,-0.0,-1.4,-0.0,2407,1388,0,0,0
95,13.60,33588,410.01,410.02,0.01,-0.5,1.0,0.0,-0.0,-1.6,-0.0,2407,1388,0,0,0
96,13.76,33587,410.00,410.01,0.01,-0.4,1.0,0.0,-0.0,-1.4,-0.0,2394,1372,0,0,0
97,13.92,33587,410.00,410.01,0.01,-0.4,1.0,0.0,0.0,-1.4,-0.0,2394,1367,0,0,0
98,14.09,33587,410.00,410.00,0.00,-1.4,0.0,0.0,-0.0,-1.4,-0.0,2394,1370,0,-1,1
99,14.18,33586,409.99,410.00,0.01,-0.7,1.0,0.0,0.0,-1.7,-0.0,2382,1355,0,0,1
100,14.35,33588,410.01,409.99,-0.01,-2.4,-1.0,0.0,-0.0,-1.4,-0.0,2407,1384,0,-1,2
101,14.52,33588,410.01,409.99,-0.02,-3.5,-2.0,0.0,-0.0,-1.5,-0.0,2407,1384,0,-2,3
102,14.60,33588,410.01,409.98,-0.02,-3.6,-2.0,0.0,-0.0,-1.5,-0.0,2407,1384,0,-2,3
103,14.76,33588,410.01,409.98,-0.04,-4.6,-3.1,0.0,-0.0,-1.6,-0.0,2407,1385,0,-2,4
104,14.93,33586,409.99,409.97,-0.01,-2.5,-1.0,0.0,-0.0,-1.4,-0.0,2382,1358,0,-1,2
105,15.09,33590,410.03,409.97,-0.07,-7.6,-6.1,0.0,-0.0,-1.5,-0.0,2432,1411,0,-4,6
106,15.18,33590,410.03,409.96,-0.07,-7.8,-6.1,0.0,-0.0,-1.6,-0.0,2432,1411,0,-4,6
107,15.33,33590,410.03,409.96,-0.07,-7.7,-6.1,0.0,-0.0,-1.6,-0.0,2432,1411,0,-4,6
108,15.50,33590,410.03,409.95,-0.09,-8.7,-7.2,0.0,-0.0,-1.6,-0.0,2432,1414,0,-5,7
109,15.66,33589,410.02,409.94,-0.07,-7.7,-6.1,0.0,-0.0,-1.6,-0.0,2419,1397,0,-4,6
110,15.73,33588,410.01,409.94,-0.07,-7.7,-6.1,0.0,0.0,-1.6,-0.0,2407,1380,0,-4,6
111,15.89,33587,410.00,409.93,-0.06,-6.7,-5.1,0.0,0.0,-1.6,-0.0,2394,1366,0,-3,6
112,16.06,33588,410.01,409.93,-0.09,-8.7,-7.2,0.0,0.0,-1.6,-0.0,2407,1380,0,-4,7
113,16.23,33586,409.99,409.92,-0.06,-6.9,-5.1,0.0,0.0,-1.7,-0.0,2382,1353,0,-3,6
114,16.31,33586,409.99,409.92,-0.07,-7.9,-6.1,0.0,0.0,-1.7,-0.0,2382,1353,0,-4,7
115,16.48,33588,410.01,409.91,-0.10,-9.8,-8.2,0.0,-0.0,-1.7,-0.0,2407,1384,0,-5,8
116,16.65,33589,410.02,409.90,-0.12,-11.9,-10.2,0.0,-0.0,-1.7,-0.0,2419,1398,0,-6,10
117,16.74,33589,410.02,409.90,-0.12,-12.1,-10.2,0.0,-0.0,-1.9,-0.0,2419,1397,0,-6,10
118,16.89,33588,410.01,409.89,-0.12,-11.9,-10.2,0.0,-0.0,-1.7,-0.0,2407,1386,0,-6,10
119,17.06,33587,410.00,409.89,-0.11,-11.0,-9.2,0.0,-0.0,-1.8,-0.0,2394,1370,0,-5,9
120,17.23,33588,410.01,409.88,-0.13,-13.0,-11.2,0.0,-0.0,-1.7,-0.0,2407,1383,0,-7,11
121,17.32,33587,410.00,409.88,-0.12,-12.1,-10.2,0.0,0.0,-1.9,-0.0,2394,1367,0,-6,10
122,17.49,33587,410.00,409.87,-0.13,-13.0,-11.2,0.0,-0.0,-1.8,-0.0,2394,1369,0,-6,11
123,17.66,33588,410.01,409.86,-0.15,-14.2,-12.3,0.0,-0.0,-1.9,-0.0,2407,1383,0,-7,12
124,17.75,33588,410.01,409.86,-0.16,-15.3,-13.3,0.0,-0.0,-2.0,-0.0,2407,1385,0,-8,13
125,17.91,33589,410.02,409.85,-0.17,-16.1,-14.3,0.0,-0.0,-1.8,-0.0,2419,1396,0,-8,13
126,18.09,33587,410.00,409.84,-0.16,-15.3,-13.3,0.0,-0.0,-2.0,-0.0,2394,1370,0,-7,13
127,18.18,33586,409.99,409.84,-0.15,-14.3,-12.3,0.0,-0.0,-2.0,-0.0,2382,1356,0,-7,12
128,18.35,33588,410.01,409.83,-0.18,-17.2,-15.3,0.0,-0.0,-1.8,-0.0,2407,1383,0,-9,14
129,18.51,33587,410.00,409.82,-0.17,-16.2,-14.3,0.0,0.0,-1.9,-0.0,2394,1367,0,-8,14
130,18.59,33586,409.99,409.82,-0.17,-16.2,-14.3,0.0,0.0,-1.9,-0.0,2382,1354,0,-8,14
131,18.76,33583,409.95,409.81,-0.13,-13.2,-11.2,0.0,0.0,-1.9,-0.0,2344,1314,0,-6,12
132,18.92,33586,409.99,409.80,-0.18,-17.2,-15.3,0.0,-0.0,-1.9,-0.0,2382,1358,0,-8,15
133,19.09,33585,409.97,409.79,-0.18,-17.3,-15.3,0.0,-0.0,-2.0,-0.0,2369,1342,0,-8,15
134,19.18,33585,409.97,409.79,-0.18,-17.4,-15.3,0.0,-0.0,-2.1,-0.0,2369,1342,0,-8,15
135,19.34,33584,409.96,409.78,-0.18,-17.4,-15.3,0.0,-0.0,-2.0,-0.0,2357,1335,0,-8,15
136,19.50,33584,409.96,409.78,-0.18,-17.4,-15.3,0.0,-0.0,-2.0,-0.0,2357,1333,0,-8,15
137,19.65,33583,409.95,409.77,-0.18,-17.3,-15.3,0.0,-0.0,-2.0,-0.0,2344,1317,0,-7,15
138,19.74,33581,409.92,409.76,-0.16,-15.4,-13.3,0.0,0.0,-2.1,-0.0,2319,1288,0,-6,14
139,19.91,33578,409.89,409.76,-0.13,-13.2,-11.2,0.0,0.0,-2.0,-0.0,2282,1247,0,-4,12
140,20.07,33580,409.91,409.75,-0.17,-16.2,-14.3,0.0,0.0,-1.9,-0.0,2307,1277,0,-6,15
141,20.16,33578,409.89,409.74,-0.15,-14.5,-12.3,0.0,0.0,-2.3,-0.0,2282,1248,0,-5,13
142,20.32,33577,409.88,409.73,-0.15,-14.3,-12.3,0.0,0.0,-2.0,-0.0,2269,1236,0,-4,13
143,20.49,33577,409.88,409.73,-0.15,-14.3,-12.3,0.0,-0.0,-2.0,-0.0,2269,1244,0,-5,13
144,20.65,33575,409.85,409.72,-0.13,-13.4,-11.2,0.0,0.0,-2.1,-0.0,2244,1215,0,-4,12
145,20.74,33572,409.81,409.71,-0.10,-10.4,-8.2,0.0,0.0,-2.3,-0.0,2207,1170,0,-2,10
146,20.90,33571,409.80,409.70,-0.10,-10.2,-8.2,0.0,0.0,-2.1,-0.0,2194,1161,0,-2,10
147,21.06,33570,409.79,409.70,-0.10,-10.3,-8.2,0.0,0.0,-2.1,-0.0,2182,1147,0,-2,10
148,21.23,33568,409.77,409.69,-0.07,-8.4,-6.1,0.0,0.0,-2.3,-0.0,2157,1119,0,-1,8
149,21.30,33568,409.77,409.68,-0.09,-9.2,-7.2,0.0,0.0,-2.0,-0.0,2157,1123,0,-1,9
150,21.48,33568,409.77,409.67,-0.10,-10.6,-8.2,0.0,0.0,-2.4,-0.0,2157,1128,0,-2,10
151,21.63,33565,409.73,409.67,-0.06,-7.2,-5.1,0.0,0.0,-2.1,-0.0,2119,1086,0,-1,7
152,21.80,33565,409.73,409.66,-0.07,-8.3,-6.1,0.0,0.0,-2.2,-0.0,2119,1091,0,-1,8
153,21.88,33566,409.74,409.65,-0.09,-9.4,-7.2,0.0,-0.0,-2.2,-0.0,2132,1105,0,-1,9
154,22.04,33565,409.73,409.64,-0.09,-9.4,-7.2,0.0,0.0,-2.2,-0.0,2119,1089,0,-1,9
155,22.21,33564,409.72,409.63,-0.09,-9.5,-7.2,0.0,-0.0,-2.3,-0.0,2107,1080,0,-1,9
156,22.29,33564,409.72,409.63,-0.09,-9.5,-7.2,0.0,-0.0,-2.4,-0.0,2107,1081,0,-1,9
157,22.45,33566,409.74,409.62,-0.12,-12.5,-10.2,0.0,-0.0,-2.3,-0.0,2132,1109,0,-2,12
158,22.62,33562,409.69,409.61,-0.09,-9.4,-7.2,0.0,0.0,-2.3,-0.0,2082,1054,0,0,9
159,22.79,33561,409.68,409.60,-0.07,-8.2,-6.1,0.0,0.0,-2.1,-0.0,2069,1041,0,0,8
160,22.88,33561,409.68,409.60,-0.09,-9.8,-7.2,0.0,0.0,-2.7,-0.0,2069,1040,0,0,10
161,23.04,33559,409.66,409.59,-0.07,-8.5,-6.1,0.0,0.0,-2.3,-0.0,2044,1013,0,0,8
162,23.22,33559,409.66,409.58,-0.07,-8.7,-6.1,0.0,0.0,-2.5,-0.0,2044,1011,0,0,8
163,23.37,33559,409.66,409.57,-0.09,-9.5,-7.2,0.0,-0.0,-2.3,-0.0,2044,1017,0,0,9
164,23.46,33562,409.69,409.56,-0.13,-13.8,-11.2,0.0,-0.0,-2.5,-0.0,2082,1060,0,-1,13
165,23.62,33560,409.67,409.55,-0.11,-11.5,-9.2,0.0,-0.0,-2.2,-0.0,2057,1032,0,0,11
166,23.79,33559,409.66,409.54,-0.11,-11.6,-9.2,0.0,-0.0,-2.4,-0.0,2044,1020,0,0,11
167,23.88,33559,409.66,409.54,-0.12,-12.9,-10.2,0.0,-0.0,-2.6,-0.0,2044,1020,0,0,12
168,24.05,33559,409.66,409.53,-0.12,-12.6,-10.2,0.0,-0.0,-2.4,-0.0,2044,1020,0,0,12
169,24.22,33557,409.63,409.52,-0.11,-11.8,-9.2,0.0,0.0,-2.6,-0.0,2019,989,0,1,11
170,24.30,33555,409.61,409.51,-0.10,-10.8,-8.2,0.0,0.0,-2.6,-0.0,1994,962,0,1,10
171,24.47,33555,409.61,409.50,-0.11,-11.8,-9.2,0.0,0.0,-2.6,-0.0,1994,964,0,1,11
172,24.63,33556,409.62,409.49,-0.12,-12.7,-10.2,0.0,0.0,-2.4,-0.0,2007,979,0,1,12
173,24.72,33556,409.62,409.49,-0.13,-13.9,-11.2,0.0,-0.0,-2.6,-0.0,2007,978,0,1,13
174,24.89,33557,409.63,409.48,-0.16,-15.8,-13.3,0.0,-0.0,-2.5,-0.0,2019,995,0,1,15
175,25.05,33557,409.63,409.47,-0.17,-16.8,-14.3,0.0,-0.0,-2.5,-0.0,2019,998,0,1,16
176,25.22,33558,409.64,409.46,-0.18,-17.9,-15.3,0.0,-0.0,-2.5,-0.0,2032,1012,0,0,17
177,25.31,33559,409.66,409.45,-0.21,-20.2,-17.4,0.0,-0.0,-2.8,-0.0,2044,1025,0,0,20
178,25.47,33557,409.63,409.44,-0.20,-18.9,-16.4,0.0,-0.0,-2.5,-0.0,2019,995,0,1,18
179,25.64,33555,409.61,409.43,-0.18,-17.9,-15.3,0.0,-0.0,-2.5,-0.0,1994,967,0,2,17
180,25.73,33557,409.63,409.42,-0.21,-20.1,-17.4,0.0,-0.0,-2.7,-0.0,2019,995,0,1,19
181,25.90,33557,409.63,409.41,-0.22,-21.1,-18.4,0.0,-0.0,-2.7,-0.0,2019,994,0,1,20
182,26.06,33555,409.61,409.40,-0.21,-20.0,-17.4,0.0,0.0,-2.6,-0.0,1994,964,0,2,19
183,26.15,33555,409.61,409.40,-0.21,-20.2,-17.4,0.0,-0.0,-2.8,-0.0,1994,967,0,2,19
184,26.31,33555,409.61,409.39,-0.22,-21.0,-18.4,0.0,-0.0,-2.6,-0.0,1994,970,0,2,20
185,26.47,33556,409.62,409.38,-0.24,-23.1,-20.5,0.0,-0.0,-2.6,-0.0,2007,980,0,2,22
186,26.63,33552,409.57,409.36,-0.21,-19.9,-17.4,0.0,0.0,-2.5,-0.0,1957,927,0,3,19
187,26.72,33550,409.55,409.36,-0.18,-18.2,-15.3,0.0,0.0,-2.9,-0.0,1932,900,0,3,17
188,26.89,33550,409.55,409.35,-0.20,-19.1,-16.4,0.0,0.0,-2.7,-0.0,1932,901,0,3,18
189,27.06,33551,409.56,409.34,-0.22,-21.2,-18.4,0.0,0.0,-2.8,-0.0,1944,913,0,3,20
190,27.15,33550,409.55,409.33,-0.22,-21.5,-18.4,0.0,0.0,-3.1,-0.0,1932,898,0,4,20
191,27.32,33545,409.48,409.32,-0.17,-17.0,-14.3,0.0,0.0,-2.7,-0.0,1869,835,0,5,16
192,27.48,33545,409.48,409.31,-0.18,-18.0,-15.3,0.0,0.0,-2.6,-0.0,1869,837,0,5,17
193,27.65,33545,409.48,409.30,-0.20,-19.1,-16.4,0.0,0.0,-2.8,-0.0,1869,838,0,5,18
194,27.73,33545,409.48,409.29,-0.20,-19.2,-16.4,0.0,0.0,-2.9,-0.0,1869,836,0,5,18
195,27.90,33539,409.41,409.28,-0.13,-14.2,-11.2,0.0,0.0,-2.9,-0.0,1794,758,0,5,13
196,28.06,33539,409.41,409.27,-0.15,-15.1,-12.3,0.0,0.0,-2.8,-0.0,1794,761,0,6,13
197,28.15,33540,409.42,409.26,-0.16,-16.2,-13.3,0.0,0.0,-2.9,-0.0,1807,775,0,6,15
198,28.31,33541,409.44,409.25,-0.18,-18.1,-15.3,0.0,0.0,-2.8,-0.0,1819,789,0,6,16
199,28.47,33539,409.41,409.24,-0.17,-17.1,-14.3,0.0,0.0,-2.8,-0.0,1794,764,0,6,15
200,28.64,33537,409.39,409.23,-0.16,-16.2,-13.3,0.0,-0.0,-2.9,-0.0,1769,742,0,7,14
201,28.72,33534,409.35,409.22,-0.13,-14.1,-11.2,0.0,0.0,-2.9,-0.0,1732,701,0,7,12
202,28.88,33530,409.30,409.21,-0.10,-11.1,-8.2,0.0,0.0,-2.9,-0.0,1682,642,0,6,9
203,29.05,33529,409.29,409.20,-0.10,-11.1,-8.2,0.0,0.0,-2.9,-0.0,1669,630,0,6,9
204,29.21,33529,409.29,409.18,-0.11,-12.1,-9.2,0.0,0.0,-2.9,-0.0,1669,633,0,7,10
205,29.29,33529,409.29,409.18,-0.11,-12.3,-9.2,0.0,0.0,-3.1,-0.0,1669,632,0,7,10
206,29.46,33531,409.31,409.17,-0.15,-15.3,-12.3,0.0,-0.0,-3.1,-0.0,1694,667,0,8,13
207,29.62,33527,409.27,409.15,-0.11,-12.1,-9.2,0.0,-0.0,-2.9,-0.0,1644,616,0,7,10
208,29.79,33525,409.24,409.14,-0.10,-11.2,-8.2,0.0,0.0,-3.0,-0.0,1619,589,0,7,9
209,29.88,33523,409.22,409.13,-0.09,-10.5,-7.2,0.0,0.0,-3.3,-0.0,1594,560,0,7,8
210,30.05,33523,409.22,409.12,-0.10,-11.2,-8.2,0.0,0.0,-3.0,-0.0,1594,560,0,7,8
211,30.21,33521,409.19,409.11,-0.09,-10.2,-7.2,0.0,0.0,-3.0,-0.0,1569,535,0,7,7
212,30.30,33521,409.19,409.10,-0.09,-10.4,-7.2,0.0,0.0,-3.2,-0.0,1569,536,0,7,7
213,30.45,33521,409.19,409.09,-0.10,-11.2,-8.2,0.0,0.0,-3.1,-0.0,1569,539,0,7,8
214,30.62,33521,409.19,409.08,-0.11,-12.3,-9.2,0.0,-0.0,-3.1,-0.0,1569,542,0,8,9
215,30.79,33519,409.17,409.07,-0.10,-11.4,-8.2,0.0,-0.0,-3.2,-0.0,1544,517,0,8,8
216,30.87,33519,409.17,409.06,-0.11,-12.6,-9.2,0.0,-0.0,-3.4,-0.0,1544,517,0,9,9
217,31.04,33519,409.17,409.05,-0.12,-13.4,-10.2,0.0,-0.0,-3.2,-0.0,1544,515,0,9,9
218,31.21,33519,409.17,409.03,-0.13,-14.5,-11.2,0.0,-0.0,-3.3,-0.0,1544,517,0,10,10
219,31.30,33519,409.17,409.03,-0.15,-15.8,-12.3,0.0,-0.0,-3.5,-0.0,1544,517,0,11,11
220,31.47,33519,409.17,409.01,-0.16,-16.2,-13.3,0.0,-0.0,-2.9,-0.0,1544,520,0,11,11
221,31.62,33522,409.20,409.00,-0.21,-20.6,-17.4,0.0,-0.0,-3.2,-0.0,1582,562,0,13,15
222,31.71,33520,409.18,408.99,-0.18,-18.8,-15.3,0.0,-0.0,-3.4,-0.0,1557,535,0,12,13
223,31.88,33520,409.18,408.98,-0.20,-19.7,-16.4,0.0,-0.0,-3.3,-0.0,1557,535,0,13,14
224,32.03,33522,409.20,408.97,-0.23,-22.7,-19.4,0.0,-0.0,-3.3,-0.0,1582,563,0,14,17
225,32.20,33523,409.22,408.95,-0.26,-24.8,-21.5,0.0,-0.0,-3.3,-0.0,1594,575,0,15,19
226,32.28,33522,409.20,408.95,-0.26,-24.8,-21.5,0.0,-0.0,-3.3,-0.0,1582,558,0,16,18
227,32.45,33519,409.17,408.93,-0.23,-22.6,-19.4,0.0,-0.0,-3.1,-0.0,1544,519,0,15,16
228,32.62,33521,409.19,408.92,-0.27,-25.9,-22.5,0.0,-0.0,-3.4,-0.0,1569,547,0,17,19
229,32.71,33520,409.18,408.91,-0.27,-26.3,-22.5,0.0,-0.0,-3.8,-0.0,1557,530,0,17,18
230,32.87,33520,409.18,408.90,-0.28,-26.9,-23.5,0.0,-0.0,-3.4,-0.0,1557,529,0,18,19
231,33.04,33520,409.18,408.89,-0.29,-27.9,-24.5,0.0,-0.0,-3.4,-0.0,1557,534,0,18,20
232,33.21,33518,409.16,408.87,-0.28,-26.9,-23.5,0.0,-0.0,-3.3,-0.0,1532,505,0,19,18
233,33.29,33516,409.13,408.87,-0.27,-26.1,-22.5,0.0,0.0,-3.6,-0.0,1507,475,0,19,17
234,33.45,33518,409.16,408.85,-0.31,-28.8,-25.6,0.0,-0.0,-3.2,-0.0,1532,505,0,20,20
235,33.62,33513,409.09,408.84,-0.26,-24.9,-21.5,0.0,0.0,-3.4,-0.0,1469,435,0,19,15
236,33.71,33513,409.09,408.83,-0.27,-26.2,-22.5,0.0,0.0,-3.7,-0.0,1469,434,0,20,16
237,33.88,33513,409.09,408.82,-0.28,-26.8,-23.5,0.0,0.0,-3.3,-0.0,1469,438,0,20,16
238,34.04,33511,409.07,408.80,-0.27,-25.9,-22.5,0.0,0.0,-3.4,-0.0,1444,410,0,20,15
239,34.20,33510,409.06,408.79,-0.27,-25.9,-22.5,0.0,-0.0,-3.4,-0.0,1432,402,0,20,15
240,34.28,33509,409.05,408.78,-0.27,-25.9,-22.5,0.0,-0.0,-3.4,-0.0,1419,389,0,21,14
241,34.44,33508,409.03,408.77,-0.27,-25.9,-22.5,0.0,0.0,-3.4,-0.0,1407,376,0,21,14
242,34.61,33505,409.00,408.75,-0.24,-23.9,-20.5,0.0,0.0,-3.5,-0.0,1369,335,0,20,11
243,34.71,33503,408.97,408.75,-0.23,-23.5,-19.4,0.0,0.0,-4.1,-0.0,1344,306,0,20,10
244,34.87,33500,408.94,408.73,-0.21,-20.9,-17.4,0.0,0.0,-3.6,-0.0,1307,268,0,19,8
245,35.03,33500,408.94,408.72,-0.22,-21.9,-18.4,0.0,0.0,-3.5,-0.0,1307,271,0,19,9
246,35.21,33497,408.90,408.70,-0.20,-20.1,-16.4,0.0,0.0,-3.7,-0.0,1269,230,0,18,7
247,35.30,33496,408.89,408.69,-0.20,-20.3,-16.4,0.0,0.0,-3.9,-0.0,1257,219,0,19,6
248,35.46,33493,408.85,408.68,-0.17,-17.8,-14.3,0.0,0.0,-3.4,-0.0,1219,184,0,17,5
249,35.63,33493,408.85,408.66,-0.18,-18.9,-15.3,0.0,0.0,-3.6,-0.0,1219,185,0,18,5
250,35.71,33494,408.86,408.66,-0.21,-21.3,-17.4,0.0,0.0,-3.9,-0.0,1232,199,0,20,6
251,35.88,33488,408.79,408.64,-0.15,-15.9,-12.3,0.0,0.0,-3.6,-0.0,1157,120,0,15,3
252,36.05,33485,408.75,408.63,-0.12,-14.0,-10.2,0.0,0.0,-3.7,-0.0,1119,79,0,13,2
253,36.14,33485,408.75,408.62,-0.13,-15.2,-11.2,0.0,0.0,-3.9,-0.0,1119,83,0,15,2
254,36.31,33484,408.74,408.60,-0.13,-15.1,-11.2,0.0,0.0,-3.9,-0.0,1107,69,0,15,2
255,36.47,33479,408.68,408.59,-0.09,-11.0,-7.2,0.0,0.0,-3.8,-0.0,1044,2,0,11,0
256,36.64,33478,408.67,408.57,-0.10,-11.8,-8.2,0.0,0.0,-3.6,-0.0,1032,4091,0,11,0
257,36.72,33476,408.64,408.57,-0.07,-10.1,-6.1,0.0,0.0,-4.0,-0.0,1007,4065,0,10,0
258,36.89,33474,408.62,408.55,-0.07,-9.8,-6.1,0.0,0.0,-3.6,-0.0,982,4040,0,9,-1
259,37.06,33472,408.59,408.53,-0.06,-8.9,-5.1,0.0,0.0,-3.8,-0.0,957,4013,0,9,-1
260,37.14,33472,408.59,408.53,-0.06,-8.8,-5.1,0.0,0.0,-3.7,-0.0,957,4019,0,9,-1
261,37.30,33469,408.56,408.51,-0.05,-7.8,-4.1,0.0,0.0,-3.7,-0.0,919,3978,0,7,-1
262,37.47,33466,408.52,408.50,-0.02,-5.8,-2.0,0.0,0.0,-3.8,-0.0,882,3939,0,5,-1
263,37.63,33465,408.51,408.48,-0.02,-5.9,-2.0,0.0,0.0,-3.8,-0.0,869,3929,0,6,-1
264,37.72,33466,408.52,408.47,-0.05,-8.3,-4.1,0.0,0.0,-4.2,-0.0,882,3944,0,8,-2
265,37.89,33462,408.47,408.46,-0.01,-4.9,-1.0,0.0,0.0,-3.9,-0.0,832,3889,0,4,-1
266,38.05,33460,408.45,408.44,0.00,-3.6,0.0,0.0,0.0,-3.6,-0.0,807,3871,0,3,-1
267,38.14,33460,408.45,408.43,-0.01,-5.2,-1.0,0.0,0.0,-4.1,-0.0,807,3870,0,5,-2
268,38.30,33460,408.45,408.42,-0.02,-5.8,-2.0,0.0,0.0,-3.7,-0.0,807,3872,0,5,-2
269,38.47,33457,408.41,408.40,-0.01,-4.7,-1.0,0.0,0.0,-3.7,-0.0,769,3833,0,4,-2
270,38.64,33458,408.42,408.39,-0.04,-7.1,-3.1,0.0,-0.0,-4.0,-0.0,782,3851,0,6,-3
271,38.72,33457,408.41,408.38,-0.04,-7.3,-3.1,0.0,-0.0,-4.2,-0.0,769,3836,0,6,-3
272,38.88,33455,408.39,408.36,-0.02,-5.9,-2.0,0.0,0.0,-3.9,-0.0,744,3809,0,5,-2
273,39.05,33454,408.37,408.35,-0.02,-6.2,-2.0,0.0,-0.0,-4.1,-0.0,732,3798,0,5,-3
274,39.20,33454,408.37,408.33,-0.05,-8.0,-4.1,0.0,-0.0,-3.9,-0.0,732,3798,0,7,-3
275,39.28,33453,408.36,408.32,-0.04,-7.2,-3.1,0.0,0.0,-4.1,-0.0,719,3783,0,6,-3
276,39.45,33453,408.36,408.31,-0.06,-9.0,-5.1,0.0,-0.0,-3.9,-0.0,719,3787,0,8,-4
277,39.61,33454,408.37,408.29,-0.09,-11.0,-7.2,0.0,-0.0,-3.8,-0.0,732,3804,0,10,-5
278,39.71,33452,408.35,408.28,-0.07,-10.7,-6.1,0.0,-0.0,-4.6,-0.0,707,3776,0,9,-5
279,39.88,33451,408.34,408.26,-0.07,-10.1,-6.1,0.0,-0.0,-4.0,-0.0,694,3762,0,9,-5
280,40.05,33451,408.34,408.25,-0.09,-11.3,-7.2,0.0,-0.0,-4.2,-0.0,694,3763,0,10,-5
281,40.14,33451,408.34,408.24,-0.10,-12.5,-8.2,0.0,-0.0,-4.4,-0.0,694,3763,0,11,-6
282,40.30,33449,408.31,408.22,-0.10,-12.2,-8.2,0.0,-0.0,-4.0,-0.0,669,3734,0,10,-6
283,40.47,33452,408.35,408.20,-0.15,-16.3,-12.3,0.0,-0.0,-4.0,-0.0,707,3782,0,14,-7
284,40.56,33451,408.34,408.20,-0.15,-16.8,-12.3,0.0,-0.0,-4.5,-0.0,694,3766,0,14,-8
285,40.73,33454,408.37,408.18,-0.20,-20.5,-16.4,0.0,-0.0,-4.2,-0.0,732,3808,0,18,-8
286,40.90,33454,408.37,408.16,-0.21,-21.4,-17.4,0.0,-0.0,-4.0,-0.0,732,3811,0,19,-9
287,41.06,33454,408.37,408.14,-0.23,-23.7,-19.4,0.0,-0.0,-4.3,-0.0,732,3808,0,21,-10
288,41.15,33452,408.35,408.13,-0.22,-23.0,-18.4,0.0,-0.0,-4.5,-0.0,707,3779,0,20,-10
289,41.32,33451,408.34,408.12,-0.22,-22.7,-18.4,0.0,-0.0,-4.3,-0.0,694,3763,0,19,-11
290,41.50,33451,408.34,408.10,-0.24,-25.0,-20.5,0.0,-0.0,-4.5,-0.0,694,3761,0,21,-12
291,41.58,33453,408.36,408.09,-0.27,-27.0,-22.5,0.0,-0.0,-4.4,-0.0,719,3789,0,23,-12
292,41.76,33454,408.37,408.07,-0.31,-30.1,-25.6,0.0,-0.0,-4.5,-0.0,732,3804,0,26,-13
293,41.84,33454,408.37,408.06,-0.32,-31.1,-26.6,0.0,-0.0,-4.5,-0.0,732,3807,0,27,-13
294,42.02,33450,408.33,408.04,-0.28,-27.9,-23.5,0.0,-0.0,-4.4,-0.0,682,3753,0,23,-14
295,42.18,33449,408.31,408.03,-0.28,-27.8,-23.5,0.0,-0.0,-4.3,-0.0,669,3738,0,23,-14
296,42.34,33447,408.29,408.01,-0.28,-27.8,-23.5,0.0,0.0,-4.2,-0.0,644,3706,0,22,-15
297,42.43,33445,408.26,408.00,-0.27,-27.0,-22.5,0.0,0.0,-4.5,-0.0,619,3677,0,21,-16
298,42.60,33445,408.26,407.98,-0.28,-27.9,-23.5,0.0,0.0,-4.4,-0.0,619,3679,0,22,-16
299,42.78,33445,408.26,407.96,-0.31,-30.4,-25.6,0.0,-0.0,-4.8,-0.0,619,3685,0,24,-17
300,42.87,33443,408.24,407.95,-0.28,-28.2,-23.5,0.0,0.0,-4.7,-0.0,594,3657,0,21,-17
301,43.03,33440,408.20,407.94,-0.27,-26.8,-22.5,0.0,0.0,-4.3,-0.0,557,3619,0,19,-17
302,43.20,33439,408.19,407.92,-0.27,-27.0,-22.5,0.0,-0.0,-4.5,-0.0,544,3609,0,19,-18
303,43.29,33437,408.17,407.91,-0.26,-26.3,-21.5,0.0,0.0,-4.8,-0.0,519,3578,0,18,-18
304,43.46,33433,408.12,407.89,-0.23,-23.7,-19.4,0.0,0.0,-4.3,-0.0,469,3524,0,15,-18
305,43.63,33432,408.11,407.87,-0.23,-24.1,-19.4,0.0,0.0,-4.7,-0.0,457,3514,0,15,-18
306,43.71,33430,408.08,407.86,-0.22,-22.7,-18.4,0.0,0.0,-4.2,-0.0,432,3490,0,13,-18
307,43.88,33429,408.07,407.84,-0.22,-22.8,-18.4,0.0,0.0,-4.4,-0.0,419,3477,0,13,-18
308,44.05,33428,408.06,407.83,-0.23,-23.9,-19.4,0.0,0.0,-4.4,-0.0,407,3469,0,13,-19
309,44.13,33426,408.03,407.82,-0.22,-22.8,-18.4,0.0,0.0,-4.4,-0.0,382,3444,0,12,-19
310,44.29,33422,407.98,407.80,-0.18,-19.6,-15.3,0.0,0.0,-4.3,-0.0,332,3390,0,9,-17
311,44.45,33416,407.91,407.78,-0.13,-15.6,-11.2,0.0,0.0,-4.4,-0.0,257,3310,0,5,-14
312,44.62,33414,407.89,407.76,-0.12,-14.6,-10.2,0.0,0.0,-4.3,-0.0,232,3284,0,5,-13
313,44.72,33412,407.86,407.75,-0.11,-14.6,-9.2,0.0,0.0,-5.4,-0.0,207,3251,0,4,-14
314,44.88,33408,407.81,407.73,-0.07,-10.6,-6.1,0.0,0.0,-4.5,-0.0,157,3206,0,2,-10
315,45.04,33406,407.79,407.71,-0.07,-11.0,-6.1,0.0,0.0,-4.8,-0.0,132,3184,0,2,-10
316,45.13,33403,407.75,407.71,-0.05,-9.0,-4.1,0.0,0.0,-4.9,-0.0,94,3146,0,1,-9
317,45.30,33401,407.73,407.69,-0.04,-7.5,-3.1,0.0,0.0,-4.5,-0.0,69,3123,0,1,-7
318,45.47,33398,407.69,407.67,-0.02,-6.8,-2.0,0.0,0.0,-4.8,-0.0,32,3089,0,0,-7
319,45.55,33397,407.68,407.66,-0.02,-6.6,-2.0,0.0,0.0,-4.6,-0.0,19,3075,0,0,-6
320,45.72,33395,407.65,407.64,-0.01,-5.9,-1.0,0.0,0.0,-4.9,-0.0,4090,3049,0,0,-6
321,45.89,33391,407.60,407.62,0.01,-3.7,1.0,0.0,0.0,-4.7,-0.0,4040,3000,0,0,-4
322,46.06,33388,407.57,407.60,0.04,-1.7,3.1,0.0,0.0,-4.8,-0.0,4003,2962,0,0,-2
323,46.15,33388,407.57,407.59,0.02,-3.3,2.0,0.0,0.0,-5.3,-0.0,4003,2962,0,-1,-3
324,46.31,33386,407.54,407.57,0.02,-2.7,2.0,0.0,0.0,-4.7,-0.0,3978,2938,0,-1,-3
325,46.48,33381,407.48,407.55,0.07,1.2,6.1,0.0,0.0,-4.9,-0.0,3915,825,0,0,1
326,46.57,33381,407.48,407.54,0.06,-0.1,5.1,0.0,0.0,-5.2,-0.0,3915,2875,0,0,0
327,46.73,33377,407.43,407.52,0.09,2.9,7.2,0.0,0.0,-4.3,-0.0,3865,778,0,1,3
328,46.90,33373,407.39,407.50,0.12,5.6,10.2,0.0,0.0,-4.6,-0.0,3815,723,0,2,5
329,46.99,33373,407.39,407.49,0.11,4.0,9.2,0.0,0.0,-5.2,-0.0,3815,722,0,2,3
330,47.16,33373,407.39,407.47,0.09,2.4,7.2,0.0,0.0,-4.7,-0.0,3815,732,0,1,2
331,47.32,33371,407.36,407.45,0.09,2.6,7.2,0.0,0.0,-4.6,-0.0,3790,705,0,1,2
332,47.41,33372,407.37,407.44,0.07,1.4,6.1,0.0,-0.0,-4.8,-0.0,3803,724,0,1,1
333,47.57,33370,407.35,407.42,0.07,1.4,6.1,0.0,-0.0,-4.7,-0.0,3778,702,0,1,1
334,47.75,33369,407.34,407.40,0.06,-0.1,5.1,0.0,-0.0,-5.2,-0.0,3765,2735,0,0,0
335,47.84,33369,407.34,407.39,0.05,-1.1,4.1,0.0,-0.0,-5.2,-0.0,3765,2735,0,-1,-1
336,48.00,33368,407.32,407.37,0.05,-0.6,4.1,0.0,-0.0,-4.7,-0.0,3753,2725,0,0,-1
337,48.16,33367,407.31,407.35,0.04,-1.7,3.1,0.0,-0.0,-4.8,-0.0,3740,2707,0,-1,-1
338,48.32,33368,407.32,407.33,0.01,-3.7,1.0,0.0,-0.0,-4.8,-0.0,3753,2728,0,-2,-3
339,48.41,33367,407.31,407.32,0.01,-4.0,1.0,0.0,-0.0,-5.0,-0.0,3740,2713,0,-2,-3
340,48.56,33367,407.31,407.30,-0.01,-6.1,-1.0,0.0,-0.0,-5.1,-0.0,3740,2713,0,-3,-5
341,48.73,33365,407.29,407.28,0.00,-4.7,0.0,0.0,-0.0,-4.7,-0.0,3715,2688,0,-3,-4
342,48.90,33364,407.28,407.26,-0.01,-6.3,-1.0,0.0,-0.0,-5.2,-0.0,3703,2673,0,-3,-5
343,48.99,33364,407.28,407.25,-0.02,-7.3,-2.0,0.0,-0.0,-5.2,-0.0,3703,2673,0,-4,-6
344,49.16,33364,407.28,407.23,-0.05,-9.2,-4.1,0.0,-0.0,-5.1,-0.0,3703,2675,0,-5,-7
345,49.31,33364,407.28,407.21,-0.06,-10.1,-5.1,0.0,-0.0,-4.9,-0.0,3703,2675,0,-6,-8
346,49.48,33364,407.28,407.19,-0.09,-12.5,-7.2,0.0,-0.0,-5.3,-0.0,3703,2679,0,-7,-10
347,49.57,33366,407.30,407.18,-0.12,-15.5,-10.2,0.0,-0.0,-5.3,-0.0,3728,2707,0,-8,-13
348,49.74,33366,407.30,407.16,-0.15,-17.7,-12.3,0.0,-0.0,-5.4,-0.0,3728,2707,0,-9,-15
349,49.83,33366,407.30,407.15,-0.15,-17.7,-12.3,0.0,-0.0,-5.4,-0.0,3728,2707,0,-9,-15
350,49.99,33369,407.34,407.13,-0.21,-22.3,-17.4,0.0,-0.0,-4.9,-0.0,3765,2748,0,-10,-19
351,50.16,33366,407.30,407.11,-0.20,-21.7,-16.4,0.0,-0.0,-5.4,-0.0,3728,2707,0,-11,-18
352,50.32,33370,407.35,407.09,-0.27,-27.5,-22.5,0.0,-0.0,-5.0,-0.0,3778,2760,0,-12,-24
353,50.41,33369,407.34,407.08,-0.26,-27.0,-21.5,0.0,-0.0,-5.5,-0.0,3765,2746,0,-13,-23
354,50.58,33366,407.30,407.05,-0.24,-25.7,-20.5,0.0,-0.0,-5.2,-0.0,3728,2702,0,-13,-21
355,50.75,33366,407.30,407.03,-0.27,-27.8,-22.5,0.0,-0.0,-5.3,-0.0,3728,2699,0,-15,-23
356,50.84,33368,407.32,407.02,-0.31,-31.3,-25.6,0.0,-0.0,-5.8,-0.0,3753,2732,0,-15,-26
357,51.00,33364,407.28,407.00,-0.28,-28.8,-23.5,0.0,-0.0,-5.3,-0.0,3703,2670,0,-16,-23
358,51.18,33367,407.31,406.98,-0.33,-32.9,-27.6,0.0,-0.0,-5.3,-0.0,3740,2713,0,-17,-27
359,51.26,33367,407.31,406.97,-0.34,-34.1,-28.6,0.0,-0.0,-5.5,-0.0,3740,2718,0,-17,-28
360,51.44,33364,407.28,406.94,-0.33,-33.4,-27.6,0.0,-0.0,-5.8,-0.0,3703,2676,0,-18,-27
361,51.59,33360,407.23,406.92,-0.31,-30.8,-25.6,0.0,-0.0,-5.2,-0.0,3653,2620,0,-19,-23
362,51.76,33360,407.23,406.90,-0.33,-33.2,-27.6,0.0,-0.0,-5.6,-0.0,3653,2623,0,-20,-25
363,51.84,33360,407.23,406.89,-0.33,-32.5,-27.6,0.0,0.0,-4.9,-0.0,3653,2619,0,-20,-24
364,52.01,33359,407.21,406.87,-0.34,-33.8,-28.6,0.0,-0.0,-5.1,-0.0,3640,2607,0,-21,-25
365,52.17,33358,407.20,406.85,-0.35,-35.2,-29.7,0.0,-0.0,-5.5,-0.0,3628,2599,0,-23,-25
366,52.25,33356,407.18,406.84,-0.34,-34.2,-28.6,0.0,-0.0,-5.5,-0.0,3603,2573,0,-23,-24
367,52.42,33351,407.12,406.82,-0.31,-30.7,-25.6,0.0,0.0,-5.2,-0.0,3540,2503,0,-23,-19
368,52.58,33350,407.10,406.80,-0.31,-30.8,-25.6,0.0,0.0,-5.3,-0.0,3528,2489,0,-23,-19
369,52.75,33347,407.07,406.77,-0.29,-30.1,-24.5,0.0,0.0,-5.6,-0.0,3490,2449,0,-24,-17
370,52.84,33345,407.04,406.76,-0.28,-29.4,-23.5,0.0,0.0,-5.9,-0.0,3465,2420,0,-24,-15
371,53.01,33341,406.99,406.74,-0.26,-27.0,-21.5,0.0,0.0,-5.5,-0.0,3415,2373,0,-23,-12
372,53.18,33338,406.96,406.72,-0.24,-26.1,-20.5,0.0,0.0,-5.6,-0.0,3378,2334,0,-23,-11
373,53.25,33336,406.93,406.71,-0.23,-24.4,-19.4,0.0,0.0,-5.0,-0.0,3353,2310,0,-22,-9
374,53.42,33334,406.91,406.68,-0.22,-23.8,-18.4,0.0,0.0,-5.4,-0.0,3328,2285,0,-22,-8
375,53.59,33330,406.86,406.66,-0.20,-21.7,-16.4,0.0,0.0,-5.3,-0.0,3278,2237,0,-20,-6
376,53.76,33324,406.79,406.64,-0.15,-17.9,-12.3,0.0,0.0,-5.7,-0.0,3203,2156,0,-17,-3
377,53.85,33322,406.76,406.63,-0.13,-17.3,-11.2,0.0,0.0,-6.0,-0.0,3178,2128,0,-17,-2
378,54.02,33318,406.71,406.60,-0.11,-14.7,-9.2,0.0,0.0,-5.5,-0.0,3128,2079,0,-14,-1
379,54.19,33315,406.68,406.58,-0.10,-13.6,-8.2,0.0,0.0,-5.4,-0.0,3090,2041,0,-13,0
380,54.27,33315,406.68,406.57,-0.11,-14.7,-9.2,0.0,0.0,-5.5,-0.0,3090,2044,0,-14,0
381,54.43,33311,406.63,406.55,-0.09,-12.7,-7.2,0.0,0.0,-5.6,-0.0,3040,1997,0,-12,1
382,54.60,33309,406.60,406.53,-0.07,-11.7,-6.1,0.0,0.0,-5.6,-0.0,3015,1975,0,-11,1
383,54.69,33305,406.56,406.51,-0.04,-9.0,-3.1,0.0,0.0,-5.9,-0.0,2965,1920,0,-9,2
384,54.85,33298,406.47,406.49,0.02,-3.5,2.0,0.0,0.0,-5.5,-0.0,2878,1829,0,-3,1
385,55.02,33293,406.41,406.47,0.06,-0.4,5.1,0.0,0.0,-5.5,-0.0,2815,1760,0,0,0
386,55.18,33291,406.38,406.45,0.06,-0.3,5.1,0.0,0.0,-5.4,-0.0,2790,1739,0,0,0
387,55.27,33290,406.37,406.43,0.06,-1.2,5.1,0.0,0.0,-6.3,-0.0,2778,1723,0,-1,1
388,55.44,33287,406.34,406.41,0.07,0.7,6.1,0.0,0.0,-5.5,-0.0,2740,3744,0,1,0
389,55.61,33284,406.30,406.39,0.09,1.7,7.2,0.0,0.0,-5.5,-0.0,2703,3710,0,1,-1
390,55.70,33280,406.25,406.37,0.12,4.2,10.2,0.0,0.0,-6.1,-0.0,2653,3657,0,3,-3
391,55.87,33280,406.25,406.35,0.10,2.6,8.2,0.0,0.0,-5.6,-0.0,2653,3661,0,2,-2
392,56.03,33278,406.23,406.33,0.10,2.7,8.2,0.0,0.0,-5.5,-0.0,2628,3635,0,2,-2
393,56.11,33276,406.20,406.32,0.11,3.7,9.2,0.0,0.0,-5.5,-0.0,2603,3611,0,3,-2
394,56.27,33274,406.18,406.29,0.12,4.7,10.2,0.0,0.0,-5.6,-0.0,2578,3588,0,3,-3
395,56.43,33269,406.12,406.27,0.16,7.7,13.3,0.0,0.0,-5.6,-0.0,2515,3523,0,5,-6
396,56.60,33267,406.09,406.25,0.16,7.3,13.3,0.0,0.0,-6.0,-0.0,2490,3495,0,4,-6
397,56.68,33265,406.07,406.24,0.17,8.9,14.3,0.0,0.0,-5.4,-0.0,2465,3470,0,5,-7
398,56.86,33263,406.04,406.21,0.17,8.6,14.3,0.0,0.0,-5.7,-0.0,2440,3448,0,5,-7
399,57.03,33261,406.02,406.19,0.17,8.5,14.3,0.0,0.0,-5.8,-0.0,2415,3423,0,4,-7
400,57.11,33262,406.03,406.17,0.15,6.1,12.3,0.0,-0.0,-6.2,-0.0,2428,3441,0,3,-5
401,57.28,33260,406.01,406.15,0.15,6.5,12.3,0.0,-0.0,-5.7,-0.0,2403,3417,0,3,-5
402,57.44,33258,405.98,406.13,0.15,6.5,12.3,0.0,-0.0,-5.8,-0.0,2378,3392,0,3,-6
403,57.62,33254,405.93,406.10,0.17,8.2,14.3,0.0,-0.0,-6.2,-0.0,2328,3341,0,3,-7
404,57.71,33255,405.94,406.09,0.15,5.6,12.3,0.0,-0.0,-6.7,-0.0,2340,3354,0,2,-5
405,57.87,33252,405.91,406.06,0.16,7.6,13.3,0.0,0.0,-5.7,-0.0,2303,3316,0,3,-7
406,57.96,33252,405.91,406.05,0.15,6.0,12.3,0.0,0.0,-6.3,-0.0,2303,3315,0,2,-5
407,58.13,33249,405.87,406.03,0.16,7.1,13.3,0.0,0.0,-6.2,-0.0,2265,3275,0,2,-7
408,58.29,33248,405.86,406.00,0.15,6.4,12.3,0.0,-0.0,-5.8,-0.0,2253,3268,0,2,-6
409,58.46,33249,405.87,405.98,0.11,3.3,9.2,0.0,-0.0,-5.9,-0.0,2265,3282,0,1,-3
410,58.54,33249,405.87,405.97,0.10,1.9,8.2,0.0,-0.0,-6.3,-0.0,2265,3284,0,1,-2
411,58.72,33248,405.86,405.94,0.09,0.7,7.2,0.0,-0.0,-6.5,-0.0,2253,3275,0,0,-1
412,58.89,33248,405.86,405.92,0.06,-0.7,5.1,0.0,-0.0,-5.8,-0.0,2253,1229,0,0,1
413,58.97,33247,405.85,405.90,0.06,-1.2,5.1,0.0,-0.0,-6.3,-0.0,2240,1214,0,0,1
414,59.13,33245,405.82,405.88,0.06,-0.7,5.1,0.0,-0.0,-5.8,-0.0,2215,1185,0,0,1
415,59.30,33242,405.79,405.86,0.07,0.2,6.1,0.0,-0.0,-5.9,-0.0,2178,3193,0,0,0
416,59.40,33242,405.79,405.84,0.06,-1.7,5.1,0.0,-0.0,-6.9,-0.0,2178,1144,0,0,2
417,59.56,33241,405.77,405.82,0.05,-1.8,4.1,0.0,-0.0,-5.9,-0.0,2165,1131,0,0,2
418,59.73,33241,405.77,405.79,0.02,-3.7,2.0,0.0,-0.0,-5.8,-0.0,2165,1135,0,-1,4
419,59.89,33240,405.76,405.77,0.01,-4.9,1.0,0.0,-0.0,-5.9,-0.0,2153,1122,0,-1,5
420,59.97,33240,405.76,405.76,0.00,-6.4,0.0,0.0,-0.0,-6.4,-0.0,2153,1126,0,-1,6
421,60.14,33241,405.77,405.73,-0.05,-10.5,-4.1,0.0,-0.0,-6.4,-0.0,2165,1139,0,-2,10
422,60.30,33237,405.73,405.71,-0.02,-8.1,-2.0,0.0,-0.0,-6.1,-0.0,2115,1085,0,-1,8
423,60.39,33237,405.73,405.69,-0.04,-9.5,-3.1,0.0,-0.0,-6.5,-0.0,2115,1085,0,-1,9
424,60.56,33239,405.75,405.67,-0.09,-13.5,-7.2,0.0,-0.0,-6.4,-0.0,2140,1114,0,-2,13
425,60.73,33238,405.74,405.64,-0.10,-14.1,-8.2,0.0,-0.0,-5.9,-0.0,2128,1100,0,-2,14
426,60.89,33238,405.74,405.62,-0.12,-16.3,-10.2,0.0,-0.0,-6.1,-0.0,2128,1103,0,-2,16
427,60.97,33240,405.76,405.61,-0.16,-19.8,-13.3,0.0,-0.0,-6.5,-0.0,2153,1134,0,-3,19
428,61.14,33241,405.77,405.58,-0.20,-22.4,-16.4,0.0,-0.0,-6.0,-0.0,2165,1145,0,-4,21
429,61.30,33239,405.75,405.55,-0.20,-22.5,-16.4,0.0,-0.0,-6.1,-0.0,2140,1116,0,-3,22
430,61.39,33240,405.76,405.54,-0.22,-24.8,-18.4,0.0,-0.0,-6.4,-0.0,2153,1132,0,-4,24
431,61.56,33236,405.71,405.52,-0.20,-22.3,-16.4,0.0,-0.0,-6.0,-0.0,2103,1076,0,-2,22
432,61.72,33237,405.73,405.49,-0.23,-25.5,-19.4,0.0,-0.0,-6.1,-0.0,2115,1084,0,-2,25
433,61.81,33235,405.70,405.48,-0.22,-25.3,-18.4,0.0,-0.0,-6.9,-0.0,2090,1056,0,-1,25
434,61.98,33233,405.68,405.45,-0.23,-25.5,-19.4,0.0,-0.0,-6.1,-0.0,2065,1032,0,0,25
435,62.15,33233,405.68,405.42,-0.26,-28.1,-21.5,0.0,-0.0,-6.6,-0.0,2065,1033,0,0,27
436,62.31,33234,405.69,405.40,-0.29,-30.6,-24.5,0.0,-0.0,-6.0,-0.0,2078,1051,0,-1,30
437,62.39,33233,405.68,405.39,-0.29,-31.2,-24.5,0.0,-0.0,-6.7,-0.0,2065,1035,0,-1,30
438,62.55,33231,405.65,405.36,-0.29,-30.8,-24.5,0.0,-0.0,-6.3,-0.0,2040,1013,0,1,30
439,62.73,33229,405.63,405.33,-0.29,-30.8,-24.5,0.0,-0.0,-6.3,-0.0,2015,985,0,2,30
440,62.88,33224,405.57,405.31,-0.26,-27.8,-21.5,0.0,0.0,-6.3,-0.0,1953,915,0,4,27
441,62.97,33224,405.57,405.30,-0.27,-29.1,-22.5,0.0,0.0,-6.6,-0.0,1953,913,0,5,28
442,63.14,33222,405.54,405.27,-0.27,-28.8,-22.5,0.0,0.0,-6.3,-0.0,1928,891,0,6,27
443,63.31,33219,405.51,405.24,-0.27,-29.1,-22.5,0.0,0.0,-6.6,-0.0,1890,851,0,7,27
444,63.40,33218,405.49,405.23,-0.27,-29.3,-22.5,0.0,0.0,-6.8,-0.0,1878,837,0,8,27
445,63.56,33217,405.48,405.20,-0.28,-29.8,-23.5,0.0,-0.0,-6.3,-0.0,1865,831,0,8,28
446,63.73,33215,405.46,405.18,-0.28,-29.8,-23.5,0.0,0.0,-6.3,-0.0,1840,803,0,10,27
447,63.81,33211,405.41,405.16,-0.24,-27.3,-20.5,0.0,0.0,-6.8,-0.0,1790,749,0,11,24
448,63.98,33210,405.40,405.14,-0.26,-28.0,-21.5,0.0,0.0,-6.5,-0.0,1778,741,0,11,25
449,64.15,33205,405.33,405.11,-0.23,-26.3,-19.4,0.0,0.0,-6.9,-0.0,1715,672,0,13,22
450,64.32,33202,405.30,405.08,-0.22,-25.1,-18.4,0.0,0.0,-6.7,-0.0,1678,631,0,14,20
451,64.40,33200,405.27,405.07,-0.21,-24.3,-17.4,0.0,0.0,-6.9,-0.0,1653,606,0,14,19
452,64.57,33196,405.22,405.04,-0.18,-21.7,-15.3,0.0,0.0,-6.4,-0.0,1603,557,0,14,16
453,64.74,33188,405.13,405.01,-0.11,-15.5,-9.2,0.0,0.0,-6.3,-0.0,1503,451,0,12,10
454,64.82,33188,405.13,405.00,-0.12,-17.7,-10.2,0.0,0.0,-7.5,-0.0,1503,451,0,13,11
455,64.99,33184,405.08,404.97,-0.11,-15.8,-9.2,0.0,0.0,-6.6,-0.0,1453,402,0,13,9
456,65.16,33182,405.05,404.95,-0.11,-15.7,-9.2,0.0,0.0,-6.5,-0.0,1428,382,0,13,8
457,65.24,33181,405.04,404.93,-0.11,-16.2,-9.2,0.0,0.0,-7.0,-0.0,1415,368,0,13,8
458,65.41,33177,404.99,404.90,-0.09,-13.7,-7.2,0.0,0.0,-6.6,-0.0,1365,325,0,12,6
459,65.58,33170,404.91,404.88,-0.02,-8.7,-2.0,0.0,0.0,-6.7,-0.0,1278,229,0,8,3
460,65.67,33169,404.90,404.86,-0.04,-10.3,-3.1,0.0,0.0,-7.2,-0.0,1265,217,0,9,3
461,65.83,33167,404.87,404.83,-0.04,-9.5,-3.1,0.0,0.0,-6.4,-0.0,1240,195,0,9,3
462,65.99,33163,404.82,404.81,-0.01,-7.5,-1.0,0.0,0.0,-6.5,-0.0,1190,142,0,7,2
463,66.16,33159,404.77,404.78,0.01,-5.9,1.0,0.0,0.0,-7.0,-0.0,1140,93,0,6,1
464,66.24,33159,404.77,404.77,-0.01,-8.0,-1.0,0.0,0.0,-7.0,-0.0,1140,99,0,8,1
465,66.41,33155,404.72,404.74,0.01,-5.6,1.0,0.0,0.0,-6.7,-0.0,1090,48,0,5,0
466,66.58,33152,404.69,404.71,0.02,-5.0,2.0,0.0,0.0,-7.0,-0.0,1053,9,0,5,0
467,66.67,33150,404.66,404.70,0.04,-4.5,3.1,0.0,0.0,-7.6,-0.0,1028,4079,0,4,0
468,66.84,33150,404.66,404.67,0.00,-7.2,0.0,0.0,-0.0,-7.2,-0.0,1028,4086,0,7,0
469,67.01,33147,404.63,404.64,0.01,-6.0,1.0,0.0,0.0,-7.1,-0.0,990,4047,0,6,0
470,67.10,33145,404.60,404.62,0.02,-5.2,2.0,0.0,0.0,-7.3,-0.0,965,4022,0,5,-1
471,67.26,33142,404.57,404.60,0.04,-3.6,3.1,0.0,0.0,-6.6,-0.0,928,3986,0,3,-1
472,67.44,33140,404.54,404.57,0.02,-5.6,2.0,0.0,0.0,-7.7,-0.0,903,3959,0,5,-1
473,67.53,33140,404.54,404.55,0.01,-6.3,1.0,0.0,0.0,-7.3,-0.0,903,3960,0,6,-1
474,67.69,33139,404.53,404.52,0.00,-6.9,0.0,0.0,-0.0,-6.9,-0.0,890,3950,0,7,-1
475,67.86,33137,404.50,404.50,-0.01,-7.7,-1.0,0.0,-0.0,-6.7,-0.0,865,3926,0,7,-2
476,68.02,33137,404.50,404.47,-0.04,-10.0,-3.1,0.0,-0.0,-6.9,-0.0,865,3933,0,9,-2
477,68.11,33136,404.49,404.45,-0.04,-10.8,-3.1,0.0,-0.0,-7.7,-0.0,853,3918,0,10,-3
478,68.27,33132,404.44,404.43,-0.02,-8.9,-2.0,0.0,-0.0,-6.8,-0.0,803,3862,0,8,-3
479,68.44,33129,404.41,404.40,-0.01,-7.9,-1.0,0.0,-0.0,-6.9,-0.0,765,3825,0,7,-3
480,68.53,33127,404.38,404.38,0.00,-7.7,0.0,0.0,0.0,-7.7,-0.0,740,3796,0,7,-3
481,68.69,33125,404.36,404.35,0.00,-6.8,0.0,0.0,0.0,-6.8,-0.0,715,3770,0,6,-3
482,68.86,33125,404.36,404.33,-0.04,-10.0,-3.1,0.0,0.0,-6.9,-0.0,715,3772,0,8,-5
483,69.02,33127,404.38,404.30,-0.09,-14.4,-7.2,0.0,-0.0,-7.3,-0.0,740,3806,0,13,-6
484,69.11,33127,404.38,404.28,-0.10,-15.5,-8.2,0.0,-0.0,-7.3,-0.0,740,3809,0,14,-6
485,69.28,33127,404.38,404.25,-0.13,-18.5,-11.2,0.0,-0.0,-7.3,-0.0,740,3812,0,16,-8
486,69.45,33129,404.41,404.22,-0.18,-22.9,-15.3,0.0,-0.0,-7.5,-0.0,765,3843,0,21,-8
487,69.53,33127,404.38,404.21,-0.17,-21.9,-14.3,0.0,-0.0,-7.6,-0.0,740,3815,0,19,-9
488,69.70,33123,404.33,404.18,-0.16,-20.8,-13.3,0.0,-0.0,-7.5,-0.0,690,3756,0,17,-10
489,69.87,33123,404.33,404.15,-0.18,-22.5,-15.3,0.0,-0.0,-7.1,-0.0,690,3758,0,19,-11
490,69.96,33121,404.31,404.13,-0.17,-21.8,-14.3,0.0,-0.0,-7.5,-0.0,665,3728,0,18,-11
491,70.12,33118,404.27,404.11,-0.17,-21.1,-14.3,0.0,0.0,-6.8,-0.0,628,3685,0,17,-12
492,70.28,33120,404.30,404.08,-0.22,-25.3,-18.4,0.0,-0.0,-6.9,-0.0,653,3719,0,21,-13
493,70.45,33115,404.24,404.05,-0.18,-22.4,-15.3,0.0,-0.0,-7.1,-0.0,590,3650,0,17,-14
494,70.54,33115,404.24,404.03,-0.21,-24.9,-17.4,0.0,-0.0,-7.5,-0.0,590,3649,0,19,-15
495,70.71,33115,404.24,404.00,-0.23,-26.8,-19.4,0.0,-0.0,-7.3,-0.0,590,3657,0,20,-16
496,70.87,33113,404.21,403.97,-0.23,-26.7,-19.4,0.0,-0.0,-7.2,-0.0,565,3627,0,19,-17
497,70.95,33111,404.19,403.96,-0.23,-26.5,-19.4,0.0,-0.0,-7.1,-0.0,540,3599,0,19,-18
498,71.12,33108,404.15,403.93,-0.22,-25.7,-18.4,0.0,-0.0,-7.3,-0.0,503,3565,0,17,-18
499,71.29,33107,404.14,403.90,-0.24,-27.6,-20.5,0.0,-0.0,-7.2,-0.0,490,3549,0,18,-20
500,71.38,33105,404.11,403.88,-0.23,-27.7,-19.4,0.0,0.0,-8.2,-0.0,465,3520,0,17,-21
501,71.54,33103,404.09,403.85,-0.23,-26.6,-19.4,0.0,0.0,-7.2,-0.0,440,3497,0,16,-20
502,71.71,33100,404.05,403.82,-0.23,-27.2,-19.4,0.0,0.0,-7.8,-0.0,403,3459,0,15,-22
503,71.87,33098,404.03,403.79,-0.23,-26.5,-19.4,0.0,0.0,-7.1,-0.0,378,3434,0,14,-22
504,71.96,33098,404.03,403.78,-0.24,-28.6,-20.5,0.0,0.0,-8.2,-0.0,378,3435,0,15,-24
505,72.13,33096,404.00,403.75,-0.26,-28.4,-21.5,0.0,-0.0,-6.9,-0.0,353,3414,0,14,-24
506,72.29,33090,403.93,403.72,-0.21,-24.6,-17.4,0.0,0.0,-7.2,-0.0,278,3332,0,9,-22
507,72.37,33088,403.91,403.70,-0.21,-25.1,-17.4,0.0,0.0,-7.7,-0.0,253,3306,0,9,-23
508,72.54,33085,403.87,403.67,-0.20,-23.5,-16.4,0.0,0.0,-7.2,-0.0,215,3268,0,7,-22
509,72.70,33083,403.85,403.65,-0.20,-23.5,-16.4,0.0,0.0,-7.2,-0.0,190,3243,0,6,-22
510,72.87,33077,403.77,403.61,-0.16,-20.6,-13.3,0.0,0.0,-7.3,-0.0,115,3163,0,3,-20
511,72.96,33076,403.76,403.60,-0.16,-21.1,-13.3,0.0,0.0,-7.8,-0.0,103,3153,0,3,-20
512,73.11,33074,403.74,403.57,-0.17,-21.7,-14.3,0.0,0.0,-7.3,-0.0,78,3132,0,2,-21
513,73.29,33067,403.65,403.54,-0.11,-16.8,-9.2,0.0,0.0,-7.6,-0.0,4086,3035,0,-1,-16
514,73.37,33064,403.61,403.52,-0.09,-14.8,-7.2,0.0,0.0,-7.6,-0.0,4049,2996,0,-2,-14
515,73.54,33062,403.59,403.49,-0.10,-15.7,-8.2,0.0,0.0,-7.5,-0.0,4024,2978,0,-2,-15
516,73.71,33058,403.54,403.46,-0.09,-15.0,-7.2,0.0,0.0,-7.9,-0.0,3974,2922,0,-3,-14
517,73.80,33056,403.52,403.44,-0.07,-14.2,-6.1,0.0,0.0,-8.0,-0.0,3949,2897,0,-4,-13
518,73.97,33054,403.49,403.41,-0.07,-13.8,-6.1,0.0,0.0,-7.7,-0.0,3924,2881,0,-4,-13
519,74.13,33048,403.42,403.38,-0.04,-10.4,-3.1,0.0,0.0,-7.3,-0.0,3849,2802,0,-4,-9
520,74.29,33043,403.36,403.35,0.00,-7.3,0.0,0.0,0.0,-7.3,-0.0,3786,2739,0,-3,-6
521,74.37,33042,403.34,403.34,-0.01,-8.6,-1.0,0.0,0.0,-7.6,-0.0,3774,2726,0,-4,-7
522,74.54,33036,403.27,403.31,0.04,-4.3,3.1,0.0,0.0,-7.4,-0.0,3699,2646,0,-3,-3
523,74.71,33034,403.25,403.28,0.02,-5.7,2.0,0.0,0.0,-7.7,-0.0,3674,2622,0,-4,-4
524,74.87,33030,403.20,403.25,0.05,-3.3,4.1,0.0,0.0,-7.4,-0.0,3624,2581,0,-2,-2
525,74.96,33030,403.20,403.23,0.04,-5.0,3.1,0.0,0.0,-8.0,-0.0,3624,2580,0,-3,-3
526,75.13,33024,403.12,403.20,0.07,-1.4,6.1,0.0,0.0,-7.5,-0.0,3549,2504,0,-1,-1
527,75.29,33023,403.11,403.17,0.05,-3.5,4.1,0.0,0.0,-7.6,-0.0,3536,2493,0,-3,-2
528,75.37,33023,403.11,403.15,0.04,-4.6,3.1,0.0,0.0,-7.7,-0.0,3536,2496,0,-3,-3
529,75.55,33018,403.05,403.12,0.06,-2.5,5.1,0.0,0.0,-7.6,-0.0,3474,2433,0,-2,-1
530,75.72,33014,403.00,403.09,0.09,-0.9,7.2,0.0,0.0,-8.1,-0.0,3424,2380,0,-1,0
531,75.87,33010,402.95,403.06,0.10,0.6,8.2,0.0,0.0,-7.6,-0.0,3374,283,0,1,0
532,75.95,33010,402.95,403.04,0.09,-0.6,7.2,0.0,0.0,-7.7,-0.0,3374,2330,0,-1,0
533,76.13,33008,402.93,403.01,0.07,-2.3,6.1,0.0,0.0,-8.4,-0.0,3349,2304,0,-2,-1
534,76.29,33005,402.89,402.98,0.09,-0.4,7.2,0.0,0.0,-7.5,-0.0,3311,2272,0,0,0
535,76.38,33003,402.87,402.96,0.10,0.0,8.2,0.0,0.0,-8.2,-0.0,3286,197,0,0,0
536,76.54,33004,402.88,402.93,0.05,-3.6,4.1,0.0,-0.0,-7.7,-0.0,3299,2266,0,-3,-1
537,76.71,33003,402.87,402.90,0.02,-6.0,2.0,0.0,-0.0,-8.1,-0.0,3286,2253,0,-6,-2
538,76.87,33000,402.83,402.87,0.04,-4.6,3.1,0.0,-0.0,-7.7,-0.0,3249,2215,0,-4,-1
539,76.95,32999,402.82,402.85,0.04,-5.2,3.1,0.0,-0.0,-8.2,-0.0,3236,2203,0,-5,-1
540,77.12,32996,402.78,402.82,0.04,-4.5,3.1,0.0,-0.0,-7.6,-0.0,3199,2165,0,-4,-1
541,77.29,32995,402.77,402.79,0.01,-6.7,1.0,0.0,-0.0,-7.8,-0.0,3186,2147,0,-6,-1
542,77.37,32995,402.77,402.77,0.00,-7.8,0.0,0.0,-0.0,-7.8,-0.0,3186,2150,0,-7,-1
543,77.53,32993,402.75,402.74,-0.01,-8.9,-1.0,0.0,-0.0,-7.9,-0.0,3161,2127,0,-9,-1
544,77.70,32990,402.71,402.71,0.00,-8.2,0.0,0.0,-0.0,-8.2,-0.0,3124,2086,0,-8,0
545,77.87,32992,402.73,402.67,-0.06,-13.1,-5.1,0.0,-0.0,-7.9,-0.0,3149,2121,0,-13,-1
546,77.95,32991,402.72,402.66,-0.06,-13.5,-5.1,0.0,-0.0,-8.3,-0.0,3136,2106,0,-13,-1
547,78.12,32992,402.73,402.62,-0.11,-17.4,-9.2,0.0,-0.0,-8.2,-0.0,3149,2120,0,-17,-2
548,78.29,32986,402.66,402.59,-0.07,-14.0,-6.1,0.0,-0.0,-7.9,-0.0,3074,2044,0,-14,0
549,78.38,32985,402.65,402.57,-0.07,-14.8,-6.1,0.0,-0.0,-8.6,-0.0,3061,2029,0,-14,0
550,78.53,32984,402.64,402.54,-0.10,-16.2,-8.2,0.0,-0.0,-8.0,-0.0,3049,2013,0,-16,1
551,78.70,32984,402.64,402.51,-0.12,-18.5,-10.2,0.0,-0.0,-8.3,-0.0,3049,2014,0,-18,1
552,78.87,32986,402.66,402.48,-0.18,-23.4,-15.3,0.0,-0.0,-8.0,-0.0,3074,2044,0,-23,0
553,78.95,32984,402.64,402.46,-0.17,-22.6,-14.3,0.0,-0.0,-8.3,-0.0,3049,2022,0,-22,1
554,79.12,32983,402.62,402.43,-0.20,-24.2,-16.4,0.0,-0.0,-7.8,-0.0,3036,2009,0,-23,1
555,79.29,32980,402.59,402.39,-0.20,-24.6,-16.4,0.0,-0.0,-8.2,-0.0,2999,1969,0,-24,3
556,79.38,32979,402.58,402.38,-0.20,-25.1,-16.4,0.0,-0.0,-8.8,-0.0,2986,1954,0,-24,3
557,79.54,32976,402.54,402.34,-0.20,-24.6,-16.4,0.0,-0.0,-8.2,-0.0,2949,1910,0,-23,5
558,79.71,32976,402.54,402.31,-0.23,-27.8,-19.4,0.0,-0.0,-8.4,-0.0,2949,1913,0,-26,6
559,79.80,32974,402.51,402.29,-0.22,-27.1,-18.4,0.0,-0.0,-8.7,-0.0,2924,1886,0,-25,6
560,79.97,32972,402.49,402.26,-0.23,-27.7,-19.4,0.0,-0.0,-8.3,-0.0,2899,1863,0,-26,8
561,80.13,32967,402.43,402.23,-0.21,-25.4,-17.4,0.0,0.0,-8.0,-0.0,2836,1796,0,-23,9
562,80.22,32966,402.42,402.21,-0.21,-26.2,-17.4,0.0,-0.0,-8.9,-0.0,2824,1784,0,-23,10
563,80.39,32962,402.37,402.17,-0.20,-25.0,-16.4,0.0,0.0,-8.6,-0.0,2774,1729,0,-21,11
564,80.56,32960,402.34,402.14,-0.21,-26.0,-17.4,0.0,0.0,-8.6,-0.0,2749,1707,0,-22,13
565,80.64,32957,402.31,402.12,-0.18,-23.7,-15.3,0.0,0.0,-8.4,-0.0,2711,1665,0,-19,13
566,80.81,32954,402.27,402.09,-0.18,-23.5,-15.3,0.0,0.0,-8.1,-0.0,2674,1631,0,-18,14
567,80.97,32951,402.23,402.06,-0.18,-23.6,-15.3,0.0,0.0,-8.3,-0.0,2636,1590,0,-17,15
568,81.14,32951,402.23,402.02,-0.21,-25.8,-17.4,0.0,-0.0,-8.4,-0.0,2636,1598,0,-19,16
569,81.22,32950,402.22,402.01,-0.22,-26.0,-18.4,0.0,-0.0,-7.6,-0.0,2624,1586,0,-19,16
570,81.38,32943,402.14,401.97,-0.16,-21.5,-13.3,0.0,0.0,-8.2,-0.0,2536,1492,0,-14,16
571,81.54,32939,402.09,401.94,-0.15,-20.6,-12.3,0.0,0.0,-8.3,-0.0,2486,1442,0,-12,16
572,81.72,32934,402.03,401.91,-0.12,-18.8,-10.2,0.0,0.0,-8.6,-0.0,2424,1373,0,-9,16
573,81.80,32933,402.01,401.89,-0.12,-19.0,-10.2,0.0,0.0,-8.8,-0.0,2411,1359,0,-9,16
574,81.97,32928,401.95,401.85,-0.10,-16.8,-8.2,0.0,0.0,-8.6,-0.0,2349,1297,0,-7,15
575,82.13,32927,401.94,401.82,-0.12,-18.1,-10.2,0.0,0.0,-7.8,-0.0,2336,1293,0,-7,16
576,82.29,32921,401.87,401.79,-0.09,-15.6,-7.2,0.0,0.0,-8.4,-0.0,2261,1213,0,-4,14
577,82.38,32917,401.82,401.77,-0.05,-12.9,-4.1,0.0,0.0,-8.8,-0.0,2211,1160,0,-3,12
578,82.55,32915,401.79,401.73,-0.06,-13.8,-5.1,0.0,0.0,-8.7,-0.0,2186,1134,0,-2,13
579,82.71,32912,401.76,401.70,-0.06,-13.7,-5.1,0.0,0.0,-8.6,-0.0,2149,1102,0,-2,13
580,82.79,32912,401.76,401.68,-0.07,-14.3,-6.1,0.0,0.0,-8.2,-0.0,2149,1103,0,-2,14
581,82.97,32905,401.67,401.65,-0.02,-10.6,-2.0,0.0,0.0,-8.6,-0.0,2061,1013,0,0,10
582,83.14,32903,401.65,401.61,-0.04,-11.7,-3.1,0.0,0.0,-8.6,-0.0,2036,991,0,1,11
583,83.23,32897,401.57,401.59,0.02,-6.9,2.0,0.0,0.0,-8.9,-0.0,1961,909,0,1,7
584,83.39,32893,401.53,401.56,0.04,-5.2,3.1,0.0,0.0,-8.2,-0.0,1911,860,0,1,5
585,83.56,32892,401.51,401.52,0.01,-7.4,1.0,0.0,0.0,-8.4,-0.0,1899,852,0,2,7
586,83.65,32891,401.50,401.51,0.00,-9.1,0.0,0.0,0.0,-9.1,-0.0,1886,840,0,2,8
587,83.81,32882,401.39,401.47,0.09,-1.4,7.2,0.0,0.0,-8.5,-0.0,1774,719,0,1,1
588,83.98,32882,401.39,401.44,0.05,-4.1,4.1,0.0,0.0,-8.1,-0.0,1774,733,0,2,4
589,84.13,32878,401.34,401.40,0.06,-3.3,5.1,0.0,0.0,-8.4,-0.0,1724,678,0,2,3
590,84.22,32877,401.33,401.39,0.06,-3.5,5.1,0.0,0.0,-8.6,-0.0,1711,664,0,2,3
591,84.38,32874,401.29,401.35,0.06,-3.3,5.1,0.0,0.0,-8.5,-0.0,1674,629,0,2,3
592,84.54,32871,401.26,401.32,0.06,-3.4,5.1,0.0,0.0,-8.5,-0.0,1636,595,0,2,3
593,84.71,32869,401.23,401.28,0.05,-4.7,4.1,0.0,-0.0,-8.8,-0.0,1611,571,0,3,3
594,84.79,32867,401.21,401.27,0.06,-4.0,5.1,0.0,0.0,-9.1,-0.0,1586,544,0,3,3
595,84.95,32867,401.21,401.23,0.02,-6.8,2.0,0.0,-0.0,-8.8,-0.0,1586,548,0,4,5
596,85.12,32862,401.15,401.20,0.05,-4.7,4.1,0.0,-0.0,-8.8,-0.0,1524,485,0,3,3
597,85.29,32859,401.11,401.16,0.05,-4.8,4.1,0.0,-0.0,-8.8,-0.0,1486,447,0,4,3
598,85.37,32859,401.11,401.14,0.04,-5.2,3.1,0.0,-0.0,-8.3,-0.0,1486,448,0,4,3
599,85.52,32858,401.10,401.11,0.01,-7.6,1.0,0.0,-0.0,-8.6,-0.0,1474,437,0,6,5
600,85.69,32855,401.06,401.07,0.01,-7.7,1.0,0.0,-0.0,-8.7,-0.0,1436,398,0,6,4
601,85.85,32855,401.06,401.04,-0.02,-10.9,-2.0,0.0,-0.0,-8.9,-0.0,1436,404,0,9,6
602,85.94,32855,401.06,401.02,-0.04,-12.4,-3.1,0.0,-0.0,-9.3,-0.0,1436,405,0,10,7
603,86.10,32853,401.04,400.99,-0.05,-12.4,-4.1,0.0,-0.0,-8.4,-0.0,1411,378,0,10,7
604,86.27,32851,401.01,400.95,-0.06,-13.6,-5.1,0.0,-0.0,-8.5,-0.0,1386,356,0,11,7
605,86.36,32849,400.99,400.93,-0.06,-14.5,-5.1,0.0,-0.0,-9.4,-0.0,1361,328,0,12,7
606,86.53,32847,400.96,400.89,-0.07,-14.7,-6.1,0.0,-0.0,-8.5,-0.0,1336,301,0,13,6
607,86.70,32845,400.94,400.86,-0.09,-15.6,-7.2,0.0,-0.0,-8.4,-0.0,1311,276,0,14,6
608,86.78,32843,400.92,400.84,-0.07,-15.9,-6.1,0.0,-0.0,-9.7,-0.0,1286,246,0,14,6
609,86.94,32843,400.92,400.80,-0.11,-17.8,-9.2,0.0,-0.0,-8.6,-0.0,1286,251,0,16,6
610,87.11,32845,400.94,400.77,-0.17,-23.6,-14.3,0.0,-0.0,-9.3,-0.0,1311,284,0,21,10
611,87.29,32844,400.93,400.73,-0.20,-25.9,-16.4,0.0,-0.0,-9.5,-0.0,1299,273,0,23,10
612,87.37,32842,400.90,400.71,-0.20,-25.9,-16.4,0.0,-0.0,-9.5,-0.0,1274,245,0,23,9
613,87.54,32843,400.92,400.67,-0.24,-29.8,-20.5,0.0,-0.0,-9.4,-0.0,1286,264,0,27,11
614,87.72,32839,400.87,400.64,-0.23,-28.8,-19.4,0.0,-0.0,-9.4,-0.0,1236,203,0,27,9
615,87.80,32839,400.87,400.62,-0.26,-30.9,-21.5,0.0,-0.0,-9.4,-0.0,1236,203,0,28,9
616,87.96,32837,400.84,400.58,-0.26,-29.9,-21.5,0.0,-0.0,-8.4,-0.0,1211,177,0,28,8
617,88.13,32835,400.82,400.54,-0.27,-31.0,-22.5,0.0,-0.0,-8.5,-0.0,1186,156,0,29,7
618,88.21,32834,400.81,400.53,-0.28,-33.0,-23.5,0.0,-0.0,-9.4,-0.0,1174,136,0,31,7
619,88.38,32834,400.81,400.49,-0.32,-35.3,-26.6,0.0,-0.0,-8.7,-0.0,1174,143,0,33,7
620,88.55,32832,400.78,400.45,-0.33,-36.9,-27.6,0.0,-0.0,-9.3,-0.0,1149,114,0,35,6
621,88.71,32827,400.72,400.41,-0.31,-34.9,-25.6,0.0,-0.0,-9.3,-0.0,1086,47,0,34,2
622,88.80,32829,400.74,400.40,-0.35,-39.2,-29.7,0.0,-0.0,-9.5,-0.0,1111,78,0,38,5
623,88.97,32823,400.67,400.36,-0.32,-35.4,-26.6,0.0,-0.0,-8.8,-0.0,1036,4092,0,34,0
624,89.14,32823,400.67,400.32,-0.35,-39.1,-29.7,0.0,-0.0,-9.4,-0.0,1036,4091,0,38,0
625,89.23,32819,400.62,400.30,-0.32,-36.6,-26.6,0.0,0.0,-10.0,-0.0,986,4037,0,35,-3
626,89.40,32816,400.59,400.26,-0.32,-35.4,-26.6,0.0,-0.0,-8.8,-0.0,949,4006,0,34,-5
627,89.57,32811,400.52,400.22,-0.31,-34.8,-25.6,0.0,0.0,-9.3,-0.0,886,3936,0,33,-8
628,89.66,32809,400.50,400.20,-0.29,-34.3,-24.5,0.0,0.0,-9.7,-0.0,861,3911,0,32,-9
629,89.83,32803,400.43,400.17,-0.26,-30.8,-21.5,0.0,0.0,-9.3,-0.0,786,3829,0,27,-12
630,90.00,32800,400.39,400.13,-0.27,-32.1,-22.5,0.0,0.0,-9.6,-0.0,749,3793,0,28,-14
631,90.08,32801,400.40,400.11,-0.29,-34.2,-24.5,0.0,0.0,-9.6,-0.0,761,3810,0,30,-14
632,90.25,32792,400.29,400.07,-0.22,-27.5,-18.4,0.0,0.0,-9.1,-0.0,649,3694,0,22,-15
633,90.42,32790,400.27,400.03,-0.23,-28.4,-19.4,0.0,0.0,-8.9,-0.0,624,3672,0,22,-17
634,90.50,32785,400.21,400.01,-0.20,-26.0,-16.4,0.0,0.0,-9.7,-0.0,561,3605,0,18,-17
635,90.67,32780,400.15,399.98,-0.17,-24.0,-14.3,0.0,0.0,-9.7,-0.0,499,3540,0,15,-18
636,90.84,32775,400.09,399.94,-0.15,-21.4,-12.3,0.0,0.0,-9.1,-0.0,436,3476,0,12,-17
637,90.93,32770,400.02,399.92,-0.11,-18.9,-9.2,0.0,0.0,-9.7,-0.0,374,3412,0,9,-16
638,91.10,32766,399.98,399.88,-0.10,-17.6,-8.2,0.0,0.0,-9.4,-0.0,324,3361,0,7,-15
639,91.27,32762,399.93,399.84,-0.09,-17.5,-7.2,0.0,0.0,-10.4,-0.0,274,3315,0,6,-16
640,91.36,32758,399.88,399.82,-0.06,-15.0,-5.1,0.0,0.0,-9.9,-0.0,224,3262,0,4,-14
641,91.53,32751,399.79,399.78,-0.01,-10.5,-1.0,0.0,0.0,-9.5,-0.0,136,3173,0,2,-10
642,91.70,32746,399.73,399.74,0.01,-8.5,1.0,0.0,0.0,-9.5,-0.0,74,3113,0,1,-8
643,91.79,32743,399.69,399.72,0.02,-8.2,2.0,0.0,0.0,-10.3,-0.0,36,3071,0,0,-8
644,91.95,32737,399.62,399.68,0.06,-4.0,5.1,0.0,0.0,-9.1,-0.0,4057,2997,0,0,-4
645,92.11,32731,399.55,399.65,0.10,-0.9,8.2,0.0,0.0,-9.1,-0.0,3982,2925,0,0,-1
646,92.20,32727,399.50,399.63,0.12,0.1,10.2,0.0,0.0,-10.2,-0.0,3932,822,0,0,0
647,92.37,32724,399.46,399.59,0.12,0.3,10.2,0.0,0.0,-9.9,-0.0,3895,789,0,0,0
648,92.53,32721,399.43,399.55,0.12,0.5,10.2,0.0,0.0,-9.8,-0.0,3857,754,0,0,0
649,92.69,32712,399.32,399.51,0.20,7.1,16.4,0.0,0.0,-9.3,-0.0,3745,640,0,4,6
650,92.78,32712,399.32,399.49,0.17,3.9,14.3,0.0,0.0,-10.4,-0.0,3745,642,0,2,3
651,92.95,32707,399.26,399.45,0.20,6.6,16.4,0.0,0.0,-9.8,-0.0,3682,581,0,4,5
652,93.11,32703,399.21,399.42,0.21,7.7,17.4,0.0,0.0,-9.6,-0.0,3632,528,0,5,5
653,93.27,32703,399.21,399.38,0.17,5.1,14.3,0.0,0.0,-9.2,-0.0,3632,541,0,3,4
654,93.36,32702,399.19,399.36,0.16,3.2,13.3,0.0,-0.0,-10.1,-0.0,3620,532,0,2,2
655,93.52,32696,399.12,399.32,0.20,6.8,16.4,0.0,0.0,-9.5,-0.0,3545,453,0,5,4
656,93.69,32693,399.08,399.28,0.20,6.7,16.4,0.0,-0.0,-9.7,-0.0,3507,417,0,5,4
657,93.84,32689,399.04,399.25,0.21,8.1,17.4,0.0,0.0,-9.3,-0.0,3457,364,0,7,4
658,93.93,32687,399.01,399.22,0.21,6.6,17.4,0.0,0.0,-10.8,-0.0,3432,333,0,6,3
659,94.10,32684,398.97,399.19,0.21,8.4,17.4,0.0,0.0,-9.0,-0.0,3395,303,0,7,4
660,94.26,32684,398.97,399.15,0.17,4.9,14.3,0.0,-0.0,-9.5,-0.0,3395,305,0,4,2
661,94.34,32682,398.95,399.13,0.17,4.2,14.3,0.0,-0.0,-10.1,-0.0,3370,281,0,4,2
662,94.50,32677,398.89,399.09,0.20,6.9,16.4,0.0,-0.0,-9.5,-0.0,3307,217,0,6,2
663,94.68,32676,398.88,399.05,0.17,4.7,14.3,0.0,-0.0,-9.7,-0.0,3295,209,0,4,1
664,94.85,32673,398.84,399.01,0.17,4.6,14.3,0.0,-0.0,-9.7,-0.0,3257,169,0,4,1
665,94.93,32671,398.82,398.99,0.17,4.5,14.3,0.0,0.0,-9.8,-0.0,3232,140,0,4,1
666,95.08,32669,398.79,398.95,0.16,3.9,13.3,0.0,-0.0,-9.4,-0.0,3207,119,0,4,1
667,95.25,32666,398.75,398.91,0.16,3.1,13.3,0.0,-0.0,-10.2,-0.0,3170,82,0,3,0
668,95.34,32662,398.71,398.89,0.18,4.3,15.3,0.0,0.0,-11.0,-0.0,3120,24,0,4,0
669,95.51,32660,398.68,398.85,0.17,4.6,14.3,0.0,0.0,-9.7,-0.0,3095,3,0,4,0
670,95.68,32662,398.71,398.81,0.11,-0.6,9.2,0.0,-0.0,-9.8,-0.0,3120,2083,0,-1,0
671,95.77,32662,398.71,398.79,0.09,-3.9,7.2,0.0,-0.0,-11.0,-0.0,3120,2085,0,-4,0
672,95.94,32659,398.67,398.75,0.07,-3.8,6.1,0.0,-0.0,-9.9,-0.0,3082,2048,0,-4,0
673,96.10,32660,398.68,398.71,0.02,-7.4,2.0,0.0,-0.0,-9.5,-0.0,3095,2071,0,-7,0
674,96.27,32657,398.65,398.67,0.02,-7.5,2.0,0.0,-0.0,-9.5,-0.0,3057,2027,0,-7,0
675,96.36,32655,398.62,398.65,0.02,-8.4,2.0,0.0,-0.0,-10.5,-0.0,3032,1997,0,-8,1
676,96.53,32653,398.60,398.61,0.01,-9.1,1.0,0.0,-0.0,-10.2,-0.0,3007,1972,0,-9,1
677,96.70,32651,398.57,398.57,-0.01,-10.7,-1.0,0.0,-0.0,-9.7,-0.0,2982,1946,0,-10,2
678,96.78,32650,398.56,398.54,-0.01,-11.9,-1.0,0.0,-0.0,-10.8,-0.0,2970,1930,0,-11,2
679,96.95,32648,398.54,398.50,-0.04,-12.5,-3.1,0.0,-0.0,-9.4,-0.0,2945,1909,0,-12,3
680,97.12,32647,398.52,398.46,-0.06,-14.9,-5.1,0.0,-0.0,-9.7,-0.0,2932,1896,0,-14,3
681,97.20,32647,398.52,398.44,-0.07,-15.9,-6.1,0.0,-0.0,-9.8,-0.0,2932,1899,0,-15,3
682,97.37,32647,398.52,398.40,-0.12,-20.0,-10.2,0.0,-0.0,-9.8,-0.0,2932,1902,0,-19,4
683,97.53,32647,398.52,398.36,-0.16,-22.9,-13.3,0.0,-0.0,-9.6,-0.0,2932,1907,0,-22,5
684,97.71,32647,398.52,398.32,-0.21,-27.8,-17.4,0.0,-0.0,-10.5,-0.0,2932,1906,0,-26,6
685,97.79,32644,398.49,398.30,-0.18,-25.8,-15.3,0.0,-0.0,-10.5,-0.0,2895,1866,0,-24,7
686,97.96,32643,398.47,398.26,-0.22,-28.7,-18.4,0.0,-0.0,-10.3,-0.0,2882,1852,0,-27,8
687,98.13,32641,398.45,398.22,-0.23,-29.6,-19.4,0.0,-0.0,-10.2,-0.0,2857,1824,0,-27,10
688,98.21,32640,398.44,398.20,-0.24,-31.0,-20.5,0.0,-0.0,-10.5,-0.0,2845,1810,0,-28,11
689,98.38,32639,398.43,398.15,-0.27,-32.4,-22.5,0.0,-0.0,-9.9,-0.0,2832,1796,0,-29,12
690,98.55,32635,398.38,398.11,-0.26,-31.2,-21.5,0.0,-0.0,-9.7,-0.0,2782,1746,0,-27,14
691,98.63,32634,398.36,398.09,-0.27,-33.9,-22.5,0.0,-0.0,-11.4,-0.0,2770,1731,0,-29,15
692,98.80,32633,398.35,398.05,-0.31,-35.3,-25.6,0.0,-0.0,-9.8,-0.0,2757,1721,0,-30,16
693,98.96,32631,398.33,398.01,-0.32,-36.8,-26.6,0.0,-0.0,-10.3,-0.0,2732,1696,0,-31,18
694,99.13,32624,398.24,397.97,-0.27,-32.8,-22.5,0.0,0.0,-10.3,-0.0,2645,1598,0,-24,20
695,99.22,32624,398.24,397.95,-0.29,-35.0,-24.5,0.0,-0.0,-10.5,-0.0,2645,1604,0,-26,21
696,99.38,32620,398.19,397.91,-0.29,-34.5,-24.5,0.0,0.0,-10.0,-0.0,2595,1550,0,-24,23
697,99.55,32618,398.17,397.87,-0.31,-35.6,-25.6,0.0,-0.0,-10.0,-0.0,2570,1527,0,-24,25
698,99.64,32614,398.12,397.84,-0.28,-34.5,-23.5,0.0,0.0,-11.0,-0.0,2520,1469,0,-21,26
699,99.81,32611,398.08,397.80,-0.28,-33.5,-23.5,0.0,-0.0,-10.0,-0.0,2482,1439,0,-19,26
700,99.98,32607,398.03,397.76,-0.28,-33.9,-23.5,0.0,0.0,-10.4,-0.0,2432,1385,0,-17,28
701,100.06,32603,397.99,397.74,-0.24,-31.2,-20.5,0.0,0.0,-10.7,-0.0,2382,1332,0,-14,27
702,100.22,32599,397.94,397.70,-0.24,-30.3,-20.5,0.0,0.0,-9.9,-0.0,2332,1281,0,-11,27
703,100.39,32594,397.88,397.65,-0.22,-29.0,-18.4,0.0,0.0,-10.6,-0.0,2270,1221,0,-8,27
704,100.48,32590,397.83,397.63,-0.20,-27.0,-16.4,0.0,0.0,-10.6,-0.0,2220,1164,0,-6,26
705,100.65,32586,397.78,397.59,-0.18,-26.1,-15.3,0.0,0.0,-10.8,-0.0,2170,1113,0,-3,25
706,100.81,32580,397.71,397.55,-0.16,-23.2,-13.3,0.0,0.0,-9.9,-0.0,2095,1041,0,-1,23
707,100.98,32578,397.68,397.51,-0.17,-25.0,-14.3,0.0,0.0,-10.6,-0.0,2070,1017,0,0,24
708,101.05,32574,397.63,397.49,-0.15,-21.7,-12.3,0.0,0.0,-9.5,-0.0,2020,968,0,2,21
709,101.23,32564,397.51,397.45,-0.06,-15.1,-5.1,0.0,0.0,-10.0,-0.0,1895,839,0,4,14
710,101.39,32561,397.47,397.40,-0.07,-16.1,-6.1,0.0,0.0,-10.0,-0.0,1857,798,0,5,15
711,101.54,32554,397.39,397.36,-0.02,-12.1,-2.0,0.0,0.0,-10.0,-0.0,1770,711,0,5,10
712,101.63,32551,397.35,397.34,-0.01,-11.9,-1.0,0.0,0.0,-10.9,-0.0,1732,665,0,6,10
713,101.80,32544,397.27,397.30,0.04,-7.1,3.1,0.0,0.0,-10.2,-0.0,1645,584,0,4,5
714,101.98,32539,397.20,397.25,0.05,-6.5,4.1,0.0,0.0,-10.6,-0.0,1582,523,0,4,5
715,102.06,32535,397.16,397.23,0.07,-4.8,6.1,0.0,0.0,-10.9,-0.0,1532,468,0,3,3
716,102.23,32531,397.11,397.19,0.09,-3.3,7.2,0.0,0.0,-10.4,-0.0,1482,425,0,3,2
717,102.39,32526,397.05,397.15,0.10,-2.3,8.2,0.0,0.0,-10.4,-0.0,1420,363,0,2,1
718,102.48,32524,397.02,397.13,0.11,-1.8,9.2,0.0,0.0,-11.0,-0.0,1395,340,0,1,1
719,102.65,32522,397.00,397.08,0.09,-3.8,7.2,0.0,0.0,-11.0,-0.0,1370,320,0,3,2
720,102.81,32517,396.94,397.04,0.11,-1.1,9.2,0.0,0.0,-10.3,-0.0,1307,259,0,1,0
721,102.98,32513,396.89,397.00,0.11,-1.6,9.2,0.0,0.0,-10.9,-0.0,1257,212,0,2,1
722,103.07,32509,396.84,396.97,0.13,0.0,11.2,0.0,0.0,-11.2,-0.0,1207,2204,0,0,0
723,103.23,32504,396.78,396.93,0.16,3.1,13.3,0.0,0.0,-10.2,-0.0,1145,2142,0,-3,0
724,103.40,32500,396.73,396.89,0.16,2.9,13.3,0.0,0.0,-10.4,-0.0,1095,2089,0,-3,0
725,103.49,32498,396.70,396.86,0.16,1.7,13.3,0.0,0.0,-11.6,-0.0,1070,2064,0,-2,0
726,103.66,32493,396.64,396.82,0.18,4.8,15.3,0.0,0.0,-10.6,-0.0,1007,2002,0,-5,0
727,103.83,32491,396.62,396.78,0.16,2.4,13.3,0.0,0.0,-10.9,-0.0,982,1985,0,-2,0
728,103.92,32490,396.61,396.75,0.15,1.3,12.3,0.0,-0.0,-10.9,-0.0,970,1973,0,-1,0
729,104.08,32487,396.57,396.71,0.15,2.0,12.3,0.0,-0.0,-10.3,-0.0,932,1938,0,-2,0
730,104.25,32482,396.51,396.67,0.16,3.0,13.3,0.0,-0.0,-10.3,-0.0,870,1877,0,-3,1
731,104.33,32478,396.46,396.65,0.18,4.2,15.3,0.0,0.0,-11.2,-0.0,820,1821,0,-4,1
732,104.51,32477,396.45,396.60,0.16,2.3,13.3,0.0,0.0,-11.0,-0.0,807,1810,0,-2,1
733,104.67,32472,396.39,396.56,0.17,3.8,14.3,0.0,0.0,-10.5,-0.0,745,1747,0,-3,2
734,104.75,32470,396.36,396.54,0.17,2.6,14.3,0.0,0.0,-11.7,-0.0,720,1716,0,-2,1
735,104.92,32470,396.36,396.49,0.13,0.9,11.2,0.0,-0.0,-10.4,-0.0,720,1727,0,-1,0
736,105.09,32466,396.31,396.45,0.13,0.9,11.2,0.0,-0.0,-10.4,-0.0,670,1678,0,-1,0
737,105.26,32464,396.29,396.40,0.11,-1.4,9.2,0.0,-0.0,-10.6,-0.0,645,3701,0,1,-1
738,105.34,32464,396.29,396.38,0.10,-3.4,8.2,0.0,-0.0,-11.6,-0.0,645,3704,0,3,-2
739,105.51,32462,396.26,396.34,0.07,-4.4,6.1,0.0,-0.0,-10.6,-0.0,620,3680,0,3,-3
740,105.68,32458,396.22,396.29,0.07,-4.5,6.1,0.0,-0.0,-10.6,-0.0,570,3627,0,3,-3
741,105.77,32458,396.22,396.27,0.05,-7.8,4.1,0.0,-0.0,-11.9,-0.0,570,3629,0,6,-5
742,105.94,32459,396.23,396.22,0.00,-11.3,0.0,0.0,-0.0,-11.3,-0.0,582,3646,0,8,-7
743,106.10,32459,396.23,396.18,-0.05,-15.3,-4.1,0.0,-0.0,-11.2,-0.0,582,3648,0,11,-9
744,106.19,32457,396.20,396.16,-0.05,-15.8,-4.1,0.0,-0.0,-11.7,-0.0,557,3621,0,11,-10
745,106.36,32454,396.17,396.11,-0.05,-14.8,-4.1,0.0,-0.0,-10.7,-0.0,520,3586,0,10,-10
746,106.52,32454,396.17,396.07,-0.10,-18.9,-8.2,0.0,-0.0,-10.7,-0.0,520,3583,0,13,-13
747,106.61,32453,396.15,396.05,-0.11,-21.5,-9.2,0.0,-0.0,-12.3,-0.0,507,3569,0,14,-15
748,106.78,32448,396.09,396.00,-0.10,-19.8,-8.2,0.0,-0.0,-11.6,-0.0,445,3500,0,12,-15
749,106.95,32448,396.09,395.96,-0.13,-21.8,-11.2,0.0,-0.0,-10.5,-0.0,445,3508,0,13,-17
750,107.11,32448,396.09,395.91,-0.18,-25.9,-15.3,0.0,-0.0,-10.6,-0.0,445,3508,0,16,-20
751,107.21,32448,396.09,395.89,-0.21,-29.0,-17.4,0.0,-0.0,-11.6,-0.0,445,3508,0,17,-22
752,107.37,32442,396.02,395.84,-0.18,-25.9,-15.3,0.0,-0.0,-10.6,-0.0,370,3429,0,13,-21
753,107.54,32443,396.03,395.80,-0.23,-30.6,-19.4,0.0,-0.0,-11.1,-0.0,382,3447,0,16,-25
754,107.62,32441,396.01,395.78,-0.23,-29.5,-19.4,0.0,-0.0,-10.1,-0.0,357,3419,0,15,-25
755,107.79,32439,395.98,395.73,-0.26,-32.3,-21.5,0.0,-0.0,-10.8,-0.0,332,3391,0,15,-28
756,107.95,32434,395.92,395.69,-0.23,-30.8,-19.4,0.0,-0.0,-11.4,-0.0,270,3328,0,11,-28
757,108.04,32434,395.92,395.66,-0.26,-33.0,-21.5,0.0,-0.0,-11.6,-0.0,270,3329,0,12,-30
758,108.20,32428,395.85,395.62,-0.23,-30.3,-19.4,0.0,0.0,-10.9,-0.0,195,3245,0,8,-28
759,108.37,32426,395.83,395.57,-0.26,-32.5,-21.5,0.0,-0.0,-11.1,-0.0,170,3221,0,7,-31
760,108.54,32422,395.78,395.53,-0.24,-31.5,-20.5,0.0,0.0,-11.1,-0.0,120,3170,0,5,-30
761,108.61,32421,395.76,395.51,-0.26,-32.2,-21.5,0.0,-0.0,-10.7,-0.0,107,3160,0,4,-31
762,108.78,32418,395.73,395.46,-0.27,-33.8,-22.5,0.0,0.0,-11.3,-0.0,70,3118,0,2,-33
763,108.95,32415,395.69,395.42,-0.27,-33.2,-22.5,0.0,-0.0,-10.8,-0.0,32,3087,0,1,-32
764,109.11,32412,395.65,395.37,-0.28,-34.8,-23.5,0.0,-0.0,-11.3,-0.0,4091,3050,0,-1,-34
765,109.20,32409,395.62,395.35,-0.27,-34.2,-22.5,0.0,-0.0,-11.7,-0.0,4053,3009,0,-3,-33
766,109.37,32406,395.58,395.30,-0.28,-34.1,-23.5,0.0,-0.0,-10.6,-0.0,4016,2972,0,-5,-33
767,109.54,32396,395.46,395.25,-0.21,-28.8,-17.4,0.0,0.0,-11.4,-0.0,3891,2837,0,-10,-26
768,109.63,32393,395.42,395.23,-0.20,-28.3,-16.4,0.0,0.0,-11.9,-0.0,3853,2795,0,-11,-25
769,109.80,32389,395.37,395.18,-0.20,-28.1,-16.4,0.0,0.0,-11.8,-0.0,3803,2744,0,-13,-24
770,109.97,32385,395.32,395.14,-0.18,-27.1,-15.3,0.0,0.0,-11.8,-0.0,3753,2697,0,-14,-22
771,110.06,32383,395.30,395.11,-0.18,-27.1,-15.3,0.0,0.0,-11.8,-0.0,3728,2669,0,-15,-21
772,110.23,32379,395.25,395.07,-0.18,-26.2,-15.3,0.0,0.0,-10.9,-0.0,3678,2630,0,-16,-20
773,110.38,32372,395.17,395.02,-0.15,-23.3,-12.3,0.0,0.0,-11.1,-0.0,3591,2539,0,-17,-15
774,110.47,32368,395.12,395.00,-0.12,-22.2,-10.2,0.0,0.0,-12.0,-0.0,3541,2484,0,-17,-13
775,110.64,32364,395.07,394.95,-0.12,-22.1,-10.2,0.0,0.0,-11.8,-0.0,3491,2434,0,-18,-12
776,110.81,32356,394.97,394.91,-0.06,-16.0,-5.1,0.0,0.0,-10.9,-0.0,3391,2332,0,-14,-7
777,110.89,32352,394.92,394.88,-0.04,-15.3,-3.1,0.0,0.0,-12.2,-0.0,3341,2274,0,-14,-5
778,111.06,32346,394.85,394.83,-0.01,-12.2,-1.0,0.0,0.0,-11.1,-0.0,3266,2205,0,-11,-3
779,111.24,32340,394.78,394.79,0.01,-11.4,1.0,0.0,0.0,-12.5,-0.0,3191,2124,0,-11,-1
780,111.33,32338,394.75,394.76,0.01,-11.3,1.0,0.0,0.0,-12.3,-0.0,3166,2101,0,-11,-1
781,111.49,32334,394.70,394.72,0.01,-10.7,1.0,0.0,0.0,-11.7,-0.0,3116,2059,0,-10,0
782,111.66,32329,394.64,394.67,0.02,-9.2,2.0,0.0,0.0,-11.2,-0.0,3053,2001,0,-9,1
783,111.82,32321,394.54,394.62,0.09,-4.1,7.2,0.0,0.0,-11.2,-0.0,2953,1895,0,-4,1
784,111.90,32317,394.49,394.60,0.11,-3.3,9.2,0.0,0.0,-12.5,-0.0,2903,1841,0,-3,1
785,112.07,32312,394.43,394.55,0.12,-1.0,10.2,0.0,0.0,-11.2,-0.0,2841,1779,0,-1,0
786,112.23,32309,394.40,394.51,0.11,-2.4,9.2,0.0,0.0,-11.6,-0.0,2803,1746,0,-2,1
787,112.38,32303,394.32,394.47,0.15,1.4,12.3,0.0,0.0,-10.9,-0.0,2728,3720,0,1,-1
788,112.47,32297,394.25,394.44,0.20,4.3,16.4,0.0,0.0,-12.0,-0.0,2653,3639,0,3,-3
789,112.64,32298,394.26,394.39,0.13,-0.8,11.2,0.0,0.0,-12.1,-0.0,2666,1616,0,-1,0
790,112.80,32291,394.18,394.35,0.17,3.2,14.3,0.0,0.0,-11.1,-0.0,2578,3573,0,2,-2
791,112.89,32288,394.14,394.32,0.18,3.1,15.3,0.0,0.0,-12.3,-0.0,2541,3531,0,2,-2
792,113.05,32287,394.13,394.28,0.15,0.4,12.3,0.0,0.0,-11.9,-0.0,2528,3528,0,0,0
793,113.23,32281,394.06,394.23,0.17,2.4,14.3,0.0,0.0,-11.9,-0.0,2453,3451,0,1,-2
794,113.31,32277,394.01,394.20,0.20,3.3,16.4,0.0,0.0,-13.1,-0.0,2403,3392,0,2,-3
795,113.48,32274,393.97,394.16,0.18,3.6,15.3,0.0,0.0,-11.8,-0.0,2366,3365,0,2,-3
796,113.64,32271,393.93,394.11,0.17,3.3,14.3,0.0,0.0,-11.0,-0.0,2328,3330,0,1,-3
797,113.81,32269,393.91,394.06,0.16,1.7,13.3,0.0,0.0,-11.6,-0.0,2303,3303,0,1,-2
798,113.90,32267,393.88,394.04,0.15,-0.5,12.3,0.0,-0.0,-12.8,-0.0,2278,1231,0,0,0
799,114.07,32260,393.80,393.99,0.20,5.1,16.4,0.0,0.0,-11.2,-0.0,2191,3193,0,1,-5
800,114.24,32259,393.79,393.94,0.16,1.8,13.3,0.0,-0.0,-11.5,-0.0,2178,3182,0,0,-2
801,114.32,32256,393.75,393.92,0.17,2.1,14.3,0.0,0.0,-12.2,-0.0,2141,3142,0,0,-2
802,114.48,32253,393.71,393.87,0.16,1.8,13.3,0.0,0.0,-11.5,-0.0,2103,3104,0,0,-2
803,114.65,32248,393.65,393.82,0.17,2.6,14.3,0.0,0.0,-11.7,-0.0,2041,3041,0,0,-3
804,114.75,32245,393.62,393.80,0.18,2.7,15.3,0.0,-0.0,-12.7,-0.0,2003,3003,0,0,-3
805,114.90,32243,393.59,393.75,0.16,1.6,13.3,0.0,0.0,-11.7,-0.0,1978,2978,0,0,-2
806,115.07,32243,393.59,393.70,0.11,-2.3,9.2,0.0,-0.0,-11.5,-0.0,1978,939,0,0,2
807,115.24,32240,393.55,393.65,0.10,-3.8,8.2,0.0,-0.0,-11.9,-0.0,1941,897,0,1,4
808,115.39,32235,393.49,393.61,0.11,-2.6,9.2,0.0,-0.0,-11.8,-0.0,1878,839,0,1,2
809,115.48,32235,393.49,393.59,0.09,-5.0,7.2,0.0,-0.0,-12.2,-0.0,1878,841,0,1,5
810,115.64,32234,393.48,393.54,0.06,-6.3,5.1,0.0,-0.0,-11.4,-0.0,1866,829,0,2,6
811,115.82,32230,393.43,393.49,0.05,-7.5,4.1,0.0,-0.0,-11.6,-0.0,1816,773,0,3,7
812,115.90,32228,393.41,393.46,0.05,-8.1,4.1,0.0,-0.0,-12.2,-0.0,1791,748,0,3,7
813,116.05,32228,393.41,393.42,0.01,-10.6,1.0,0.0,-0.0,-11.6,-0.0,1791,757,0,4,9
814,116.22,32225,393.37,393.37,0.00,-11.7,0.0,0.0,-0.0,-11.7,-0.0,1753,714,0,5,10
815,116.38,32224,393.36,393.32,-0.04,-14.5,-3.1,0.0,-0.0,-11.5,-0.0,1741,707,0,7,12
816,116.47,32221,393.32,393.30,-0.02,-14.7,-2.0,0.0,-0.0,-12.7,-0.0,1703,664,0,7,12
817,116.63,32220,393.31,393.25,-0.06,-17.8,-5.1,0.0,-0.0,-12.7,-0.0,1691,654,0,9,15
818,116.79,32219,393.30,393.20,-0.10,-19.9,-8.2,0.0,-0.0,-11.7,-0.0,1678,644,0,11,16
819,116.96,32218,393.29,393.15,-0.13,-23.6,-11.2,0.0,-0.0,-12.3,-0.0,1666,631,0,13,19
820,117.05,32217,393.27,393.13,-0.15,-25.2,-12.3,0.0,-0.0,-12.9,-0.0,1653,618,0,14,20
821,117.22,32215,393.25,393.08,-0.17,-25.9,-14.3,0.0,-0.0,-11.6,-0.0,1628,597,0,15,20
822,117.38,32215,393.25,393.03,-0.22,-30.0,-18.4,0.0,-0.0,-11.6,-0.0,1628,598,0,18,23
823,117.47,32214,393.24,393.00,-0.23,-32.0,-19.4,0.0,-0.0,-12.6,-0.0,1616,584,0,19,24
824,117.64,32212,393.21,392.95,-0.26,-33.3,-21.5,0.0,-0.0,-11.8,-0.0,1591,558,0,21,24
825,117.80,32206,393.14,392.91,-0.23,-31.2,-19.4,0.0,-0.0,-11.8,-0.0,1516,479,0,22,20
826,117.89,32205,393.13,392.88,-0.24,-33.3,-20.5,0.0,-0.0,-12.8,-0.0,1503,463,0,24,21
827,118.05,32199,393.05,392.83,-0.22,-29.9,-18.4,0.0,0.0,-11.4,-0.0,1428,381,0,24,16
828,118.22,32197,393.03,392.78,-0.24,-32.1,-20.5,0.0,-0.0,-11.7,-0.0,1403,357,0,27,16
829,118.31,32197,393.03,392.76,-0.27,-35.8,-22.5,0.0,-0.0,-13.3,-0.0,1403,355,0,30,18
830,118.48,32196,393.02,392.71,-0.31,-37.7,-25.6,0.0,-0.0,-12.1,-0.0,1391,352,0,31,19
831,118.65,32191,392.96,392.66,-0.31,-38.1,-25.6,0.0,-0.0,-12.5,-0.0,1328,283,0,33,16
832,118.74,32189,392.93,392.63,-0.31,-38.3,-25.6,0.0,-0.0,-12.7,-0.0,1303,264,0,34,15
833,118.90,32185,392.88,392.58,-0.31,-37.3,-25.6,0.0,-0.0,-11.7,-0.0,1253,212,0,34,12
834,119.07,32183,392.86,392.53,-0.33,-39.8,-27.6,0.0,-0.0,-12.1,-0.0,1228,185,0,37,11
835,119.23,32177,392.79,392.48,-0.31,-37.3,-25.6,0.0,0.0,-11.8,-0.0,1153,105,0,36,6
836,119.32,32174,392.75,392.46,-0.29,-37.5,-24.5,0.0,0.0,-13.0,-0.0,1116,65,0,36,4
837,119.48,32170,392.70,392.41,-0.29,-36.1,-24.5,0.0,0.0,-11.6,-0.0,1066,18,0,35,1
838,119.65,32165,392.64,392.36,-0.28,-35.3,-23.5,0.0,0.0,-11.8,-0.0,1003,4049,0,34,-2
839,119.81,32157,392.54,392.31,-0.23,-31.5,-19.4,0.0,0.0,-12.0,-0.0,903,3942,0,30,-7
840,119.90,32156,392.53,392.28,-0.24,-34.1,-20.5,0.0,0.0,-13.6,-0.0,891,3928,0,32,-8
841,120.07,32153,392.49,392.23,-0.26,-33.3,-21.5,0.0,0.0,-11.8,-0.0,853,3896,0,31,-10
842,120.23,32144,392.38,392.18,-0.20,-28.2,-16.4,0.0,0.0,-11.9,-0.0,741,3781,0,24,-13
843,120.32,32140,392.33,392.16,-0.17,-27.2,-14.3,0.0,0.0,-12.9,-0.0,691,3724,0,22,-14
844,120.49,32137,392.30,392.11,-0.20,-28.2,-16.4,0.0,0.0,-11.9,-0.0,653,3697,0,22,-16
845,120.65,32127,392.18,392.06,-0.12,-21.7,-10.2,0.0,0.0,-11.5,-0.0,528,3562,0,14,-15
846,120.81,32121,392.10,392.01,-0.10,-20.3,-8.2,0.0,0.0,-12.1,-0.0,453,3486,0,12,-16
847,120.90,32121,392.10,391.98,-0.12,-23.0,-10.2,0.0,0.0,-12.7,-0.0,453,3489,0,13,-18
848,121.07,32114,392.02,391.93,-0.09,-19.7,-7.2,0.0,0.0,-12.5,-0.0,366,3401,0,9,-17
849,121.23,32106,391.92,391.88,-0.04,-15.2,-3.1,0.0,0.0,-12.2,-0.0,266,3300,0,5,-14
850,121.32,32104,391.89,391.86,-0.04,-16.2,-3.1,0.0,0.0,-13.2,-0.0,241,3277,0,5,-15
851,121.49,32097,391.81,391.80,0.00,-12.6,0.0,0.0,0.0,-12.6,-0.0,153,3189,0,2,-12
852,121.65,32091,391.74,391.76,0.02,-10.2,2.0,0.0,0.0,-12.2,-0.0,78,3110,0,1,-10
853,121.74,32087,391.69,391.73,0.04,-10.8,3.1,0.0,0.0,-13.8,-0.0,28,3056,0,0,-10
854,121.91,32080,391.60,391.68,0.07,-5.7,6.1,0.0,0.0,-11.8,-0.0,4037,2977,0,-1,-5
855,122.07,32075,391.54,391.63,0.09,-4.9,7.2,0.0,0.0,-12.0,-0.0,3974,2914,0,-1,-5
856,122.16,32070,391.48,391.60,0.12,-3.3,10.2,0.0,0.0,-13.5,-0.0,3912,2845,0,-1,-3
857,122.33,32064,391.41,391.55,0.15,-0.4,12.3,0.0,0.0,-12.7,-0.0,3837,2773,0,0,0
858,122.49,32059,391.35,391.50,0.15,-0.0,12.3,0.0,0.0,-12.3,-0.0,3774,2718,0,0,0
859,122.66,32050,391.24,391.45,0.21,4.9,17.4,0.0,0.0,-12.5,-0.0,3662,548,0,3,4
860,122.75,32047,391.20,391.42,0.22,4.5,18.4,0.0,0.0,-14.0,-0.0,3624,506,0,3,3
861,122.92,32043,391.15,391.37,0.22,6.5,18.4,0.0,0.0,-11.9,-0.0,3574,468,0,5,4
862,123.08,32041,391.13,391.32,0.20,4.0,16.4,0.0,0.0,-12.4,-0.0,3549,448,0,3,2
863,123.17,32037,391.08,391.29,0.22,5.4,18.4,0.0,0.0,-13.0,-0.0,3499,393,0,4,3
864,123.34,32033,391.03,391.24,0.21,5.2,17.4,0.0,0.0,-12.2,-0.0,3449,353,0,4,3
865,123.50,32027,390.95,391.19,0.23,7.2,19.4,0.0,0.0,-12.2,-0.0,3374,276,0,6,3
866,123.59,32026,390.94,391.16,0.22,4.8,18.4,0.0,0.0,-13.6,-0.0,3362,263,0,4,2
867,123.76,32022,390.89,391.11,0.22,5.6,18.4,0.0,0.0,-12.8,-0.0,3312,212,0,5,2
868,123.93,32015,390.81,391.05,0.24,7.4,20.5,0.0,0.0,-13.1,-0.0,3224,123,0,7,1
869,124.02,32013,390.78,391.03,0.24,7.2,20.5,0.0,0.0,-13.3,-0.0,3199,96,0,7,1
870,124.19,32014,390.80,390.98,0.18,2.3,15.3,0.0,-0.0,-13.1,-0.0,3212,121,0,2,0
871,124.35,32008,390.72,390.92,0.21,5.1,17.4,0.0,0.0,-12.3,-0.0,3137,41,0,5,0
872,124.53,32005,390.69,390.87,0.18,2.2,15.3,0.0,-0.0,-13.1,-0.0,3099,7,0,2,0
873,124.61,32002,390.65,390.84,0.20,1.8,16.4,0.0,-0.0,-14.6,-0.0,3062,4064,0,2,0
874,124.77,31998,390.60,390.79,0.20,3.8,16.4,0.0,-0.0,-12.5,-0.0,3012,4014,0,4,0
875,124.94,31992,390.53,390.74,0.22,5.7,18.4,0.0,0.0,-12.7,-0.0,2937,3931,0,5,-1
876,125.01,31991,390.52,390.72,0.21,5.7,17.4,0.0,0.0,-11.7,-0.0,2924,3925,0,5,-1
877,125.18,31989,390.49,390.67,0.17,1.3,14.3,0.0,-0.0,-13.0,-0.0,2899,3898,0,1,0
878,125.35,31985,390.44,390.61,0.17,2.0,14.3,0.0,0.0,-12.4,-0.0,2849,3848,0,2,-1
879,125.51,31985,390.44,390.56,0.12,-1.9,10.2,0.0,-0.0,-12.2,-0.0,2849,1812,0,-2,1
880,125.59,31982,390.41,390.54,0.13,-2.0,11.2,0.0,-0.0,-13.2,-0.0,2812,1772,0,-2,1
881,125.75,31980,390.38,390.49,0.11,-3.8,9.2,0.0,-0.0,-13.0,-0.0,2787,1749,0,-3,2
882,125.92,31978,390.36,390.43,0.07,-7.6,6.1,0.0,-0.0,-13.7,-0.0,2762,1727,0,-6,3
883,126.09,31977,390.34,390.38,0.04,-10.0,3.1,0.0,-0.0,-13.1,-0.0,2749,1711,0,-8,5
884,126.18,31973,390.30,390.35,0.06,-9.0,5.1,0.0,-0.0,-14.1,-0.0,2699,1655,0,-7,5
885,126.35,31969,390.25,390.30,0.05,-7.7,4.1,0.0,-0.0,-11.8,-0.0,2649,1610,0,-6,5
886,126.52,31968,390.23,390.25,0.01,-11.7,1.0,0.0,-0.0,-12.7,-0.0,2637,1596,0,-9,7
887,126.59,31966,390.21,390.22,0.01,-11.5,1.0,0.0,-0.0,-12.5,-0.0,2612,1571,0,-8,7
888,126.76,31962,390.16,390.17,0.01,-12.3,1.0,0.0,-0.0,-13.4,-0.0,2562,1515,0,-8,9
889,126.93,31961,390.15,390.12,-0.04,-16.2,-3.1,0.0,-0.0,-13.2,-0.0,2549,1511,0,-11,12
890,127.02,31960,390.14,390.09,-0.05,-18.5,-4.1,0.0,-0.0,-14.4,-0.0,2537,1498,0,-12,13
891,127.19,31959,390.12,390.03,-0.09,-19.7,-7.2,0.0,-0.0,-12.5,-0.0,2524,1487,0,-12,14
892,127.34,31956,390.09,389.98,-0.11,-22.2,-9.2,0.0,-0.0,-13.0,-0.0,2487,1451,0,-13,17
893,127.51,31953,390.05,389.93,-0.12,-23.7,-10.2,0.0,-0.0,-13.4,-0.0,2449,1413,0,-13,19
894,127.60,31953,390.05,389.90,-0.15,-25.7,-12.3,0.0,-0.0,-13.4,-0.0,2449,1413,0,-14,21
895,127.77,31950,390.01,389.85,-0.17,-28.2,-14.3,0.0,-0.0,-13.9,-0.0,2412,1374,0,-14,23
896,127.94,31950,390.01,389.79,-0.22,-32.1,-18.4,0.0,-0.0,-13.7,-0.0,2412,1376,0,-16,27
897,128.02,31947,389.98,389.77,-0.21,-31.1,-17.4,0.0,-0.0,-13.7,-0.0,2374,1336,0,-14,27
898,128.19,31940,389.89,389.71,-0.18,-28.2,-15.3,0.0,-0.0,-12.9,-0.0,2287,1244,0,-9,26
899,128.37,31939,389.88,389.66,-0.22,-31.7,-18.4,0.0,-0.0,-13.3,-0.0,2274,1232,0,-10,29
900,128.45,31939,389.88,389.63,-0.26,-35.2,-21.5,0.0,-0.0,-13.7,-0.0,2274,1233,0,-11,32
901,128.63,31933,389.81,389.57,-0.23,-33.2,-19.4,0.0,-0.0,-13.8,-0.0,2199,1149,0,-6,32
902,128.79,31931,389.78,389.52,-0.27,-35.4,-22.5,0.0,-0.0,-12.9,-0.0,2174,1131,0,-6,34
903,128.87,31930,389.77,389.49,-0.28,-36.2,-23.5,0.0,-0.0,-12.7,-0.0,2162,1124,0,-5,35
904,129.04,31924,389.70,389.44,-0.26,-34.7,-21.5,0.0,-0.0,-13.2,-0.0,2087,1041,0,-1,34
905,129.21,31918,389.62,389.39,-0.24,-33.4,-20.5,0.0,0.0,-13.0,-0.0,2012,957,0,3,32
906,129.30,31916,389.60,389.36,-0.24,-35.2,-20.5,0.0,-0.0,-14.7,-0.0,1987,935,0,5,34
907,129.47,31911,389.54,389.30,-0.23,-33.1,-19.4,0.0,0.0,-13.6,-0.0,1924,870,0,7,31
908,129.63,31907,389.49,389.25,-0.24,-33.5,-20.5,0.0,0.0,-13.0,-0.0,1874,821,0,10,31
909,129.80,31901,389.42,389.19,-0.22,-32.1,-18.4,0.0,0.0,-13.7,-0.0,1799,744,0,13,28
910,129.89,31899,389.39,389.16,-0.23,-34.2,-19.4,0.0,0.0,-14.8,-0.0,1774,719,0,15,30
911,130.06,31893,389.32,389.11,-0.21,-30.2,-17.4,0.0,0.0,-12.8,-0.0,1699,645,0,16,24
912,130.22,31886,389.23,389.06,-0.18,-28.2,-15.3,0.0,0.0,-12.8,-0.0,1612,557,0,18,21
913,130.31,31883,389.20,389.03,-0.17,-28.3,-14.3,0.0,0.0,-13.9,-0.0,1574,513,0,19,19
914,130.48,31876,389.11,388.97,-0.13,-25.2,-11.2,0.0,0.0,-14.0,-0.0,1487,425,0,19,15
915,130.65,31873,389.07,388.92,-0.16,-27.1,-13.3,0.0,0.0,-13.8,-0.0,1449,390,0,22,15
916,130.73,31869,389.03,388.89,-0.13,-24.8,-11.2,0.0,0.0,-13.6,-0.0,1399,339,0,21,12
917,130.90,31862,388.94,388.84,-0.11,-22.6,-9.2,0.0,0.0,-13.4,-0.0,1312,253,0,20,8
918,131.07,31855,388.85,388.78,-0.07,-19.5,-6.1,0.0,0.0,-13.4,-0.0,1224,165,0,18,5
919,131.15,31851,388.81,388.75,-0.05,-18.1,-4.1,0.0,0.0,-14.0,-0.0,1174,111,0,17,3
920,131.32,31843,388.71,388.70,-0.01,-14.4,-1.0,0.0,0.0,-13.4,-0.0,1074,6,0,14,0
921,131.48,31837,388.64,388.65,0.01,-11.7,1.0,0.0,0.0,-12.8,-0.0,999,4030,0,11,-1
922,131.64,31835,388.61,388.59,-0.02,-15.0,-2.0,0.0,0.0,-13.0,-0.0,974,4011,0,14,-2
923,131.73,31832,388.57,388.56,-0.01,-14.9,-1.0,0.0,0.0,-13.9,-0.0,937,3973,0,14,-3
924,131.90,31826,388.50,388.51,0.01,-12.0,1.0,0.0,0.0,-13.0,-0.0,862,3903,0,11,-3
925,132.06,31817,388.39,388.45,0.06,-7.7,5.1,0.0,0.0,-12.8,-0.0,749,3788,0,7,-3
926,132.15,31815,388.37,388.42,0.06,-9.5,5.1,0.0,0.0,-14.6,-0.0,724,3761,0,8,-5
927,132.32,31811,388.32,388.37,0.05,-9.0,4.1,0.0,0.0,-13.1,-0.0,674,3712,0,7,-5
928,132.48,31800,388.18,388.31,0.13,-1.8,11.2,0.0,0.0,-13.1,-0.0,537,3567,0,1,-1
929,132.65,31796,388.13,388.26,0.12,-3.1,10.2,0.0,0.0,-13.3,-0.0,487,3522,0,2,-2
930,132.73,31796,388.13,388.23,0.10,-6.0,8.2,0.0,0.0,-14.2,-0.0,487,3526,0,4,-4
931,132.90,31789,388.05,388.18,0.12,-2.9,10.2,0.0,0.0,-13.1,-0.0,399,3435,0,1,-2
932,133.07,31782,387.96,388.12,0.16,-0.3,13.3,0.0,0.0,-13.6,-0.0,312,3350,0,0,0
933,133.15,31779,387.93,388.09,0.16,-1.0,13.3,0.0,0.0,-14.2,-0.0,274,3313,0,0,-1
934,133.32,31774,387.87,388.04,0.17,0.9,14.3,0.0,0.0,-13.4,-0.0,212,1204,0,0,1
935,133.48,31768,387.79,387.98,0.20,3.4,16.4,0.0,0.0,-12.9,-0.0,137,1122,0,0,3
936,133.64,31768,387.79,387.93,0.13,-2.2,11.2,0.0,-0.0,-13.4,-0.0,137,3185,0,0,-2
937,133.73,31765,387.76,387.90,0.15,-1.6,12.3,0.0,-0.0,-13.9,-0.0,99,3145,0,0,-2
938,133.90,31759,387.68,387.84,0.16,-1.5,13.3,0.0,-0.0,-14.8,-0.0,24,3068,0,0,-1
939,134.06,31754,387.62,387.79,0.17,1.1,14.3,0.0,-0.0,-13.2,-0.0,4058,963,0,0,1
940,134.15,31751,387.59,387.76,0.17,-0.5,14.3,0.0,-0.0,-14.8,-0.0,4020,2969,0,0,0
941,134.31,31747,387.54,387.70,0.17,1.1,14.3,0.0,0.0,-13.2,-0.0,3970,868,0,0,1
942,134.47,31744,387.50,387.65,0.15,-1.0,12.3,0.0,-0.0,-13.3,-0.0,3933,2884,0,0,-1
943,134.64,31739,387.44,387.59,0.16,0.2,13.3,0.0,-0.0,-13.1,-0.0,3870,774,0,0,0
944,134.73,31737,387.41,387.57,0.15,-1.9,12.3,0.0,-0.0,-14.2,-0.0,3845,2795,0,-1,-2
945,134.89,31737,387.41,387.51,0.10,-5.1,8.2,0.0,-0.0,-13.3,-0.0,3845,2805,0,-2,-5
946,135.06,31731,387.34,387.45,0.11,-5.0,9.2,0.0,-0.0,-14.2,-0.0,3770,2724,0,-2,-4
947,135.22,31730,387.33,387.40,0.07,-7.4,6.1,0.0,-0.0,-13.6,-0.0,3758,2714,0,-4,-6
948,135.30,31728,387.30,387.37,0.06,-10.3,5.1,0.0,-0.0,-15.4,-0.0,3733,2691,0,-5,-8
949,135.47,31727,387.29,387.31,0.02,-11.8,2.0,0.0,-0.0,-13.8,-0.0,3720,2681,0,-6,-9
950,135.64,31723,387.24,387.26,0.01,-12.8,1.0,0.0,-0.0,-13.8,-0.0,3670,2631,0,-8,-10
951,135.72,31719,387.19,387.23,0.04,-11.5,3.1,0.0,-0.0,-14.5,-0.0,3620,2577,0,-8,-8
952,135.89,31715,387.15,387.17,0.02,-12.0,2.0,0.0,-0.0,-14.1,-0.0,3570,2524,0,-9,-8
953,136.06,31714,387.13,387.11,-0.02,-15.5,-2.0,0.0,-0.0,-13.4,-0.0,3558,2515,0,-11,-10
954,136.22,31712,387.11,387.06,-0.05,-17.5,-4.1,0.0,-0.0,-13.4,-0.0,3533,2490,0,-13,-11
955,136.30,31712,387.11,387.03,-0.07,-20.7,-6.1,0.0,-0.0,-14.6,-0.0,3533,2492,0,-16,-13
956,136.47,31709,387.07,386.97,-0.10,-22.3,-8.2,0.0,-0.0,-14.1,-0.0,3495,2463,0,-17,-13
957,136.64,31707,387.05,386.92,-0.13,-25.0,-11.2,0.0,-0.0,-13.7,-0.0,3470,2434,0,-20,-13
958,136.73,31703,387.00,386.89,-0.11,-23.8,-9.2,0.0,-0.0,-14.6,-0.0,3420,2379,0,-20,-11
959,136.89,31704,387.01,386.83,-0.18,-29.1,-15.3,0.0,-0.0,-13.7,-0.0,3433,2397,0,-24,-14
960,137.06,31699,386.95,386.77,-0.18,-29.3,-15.3,0.0,-0.0,-14.0,-0.0,3370,2327,0,-26,-12
961,137.15,31699,386.95,386.74,-0.21,-32.1,-17.4,0.0,-0.0,-14.7,-0.0,3370,2331,0,-28,-13
962,137.32,31694,386.89,386.68,-0.21,-31.2,-17.4,0.0,-0.0,-13.8,-0.0,3308,2265,0,-29,-10
963,137.48,31694,386.89,386.63,-0.26,-34.8,-21.5,0.0,-0.0,-13.3,-0.0,3308,2270,0,-32,-11
964,137.65,31690,386.84,386.57,-0.27,-36.8,-22.5,0.0,-0.0,-14.3,-0.0,3258,2219,0,-34,-9
965,137.73,31689,386.83,386.54,-0.28,-38.0,-23.5,0.0,-0.0,-14.5,-0.0,3245,2206,0,-36,-9
966,137.90,31683,386.76,386.48,-0.27,-37.7,-22.5,0.0,-0.0,-15.2,-0.0,3170,2123,0,-36,-4
967,138.07,31678,386.69,386.43,-0.27,-36.1,-22.5,0.0,-0.0,-13.6,-0.0,3108,2061,0,-35,-1
968,138.15,31675,386.66,386.40,-0.26,-36.7,-21.5,0.0,0.0,-15.2,-0.0,3070,2016,0,-36,2
969,138.32,31670,386.60,386.34,-0.26,-35.1,-21.5,0.0,0.0,-13.6,-0.0,3008,1956,0,-34,5
970,138.49,31664,386.52,386.28,-0.24,-34.1,-20.5,0.0,0.0,-13.7,-0.0,2933,1879,0,-32,8
971,138.57,31662,386.50,386.25,-0.24,-34.6,-20.5,0.0,0.0,-14.1,-0.0,2908,1853,0,-32,10
972,138.74,31657,386.44,386.19,-0.24,-34.8,-20.5,0.0,0.0,-14.4,-0.0,2845,1789,0,-31,13
973,138.91,31649,386.34,386.13,-0.21,-31.6,-17.4,0.0,0.0,-14.2,-0.0,2745,1685,0,-26,16
974,139.00,31648,386.33,386.10,-0.22,-33.5,-18.4,0.0,0.0,-15.1,-0.0,2733,1675,0,-27,18
975,139.17,31642,386.25,386.04,-0.21,-31.1,-17.4,0.0,0.0,-13.7,-0.0,2658,1603,0,-23,19
976,139.34,31636,386.18,385.99,-0.20,-30.1,-16.4,0.0,0.0,-13.7,-0.0,2583,1524,0,-20,21
977,139.50,31628,386.08,385.93,-0.16,-27.1,-13.3,0.0,0.0,-13.8,-0.0,2483,1426,0,-15,21
978,139.59,31628,386.08,385.90,-0.18,-30.3,-15.3,0.0,0.0,-14.9,-0.0,2483,1427,0,-17,24
979,139.76,31622,386.01,385.84,-0.17,-29.5,-14.3,0.0,0.0,-15.2,-0.0,2408,1348,0,-14,25
980,139.93,31616,385.94,385.78,-0.16,-28.3,-13.3,0.0,0.0,-15.0,-0.0,2333,1274,0,-10,25
981,140.02,31613,385.90,385.75,-0.16,-28.0,-13.3,0.0,0.0,-14.8,-0.0,2295,1236,0,-9,26
982,140.18,31604,385.79,385.69,-0.10,-21.5,-8.2,0.0,0.0,-13.4,-0.0,2183,1126,0,-3,21
983,140.35,31596,385.69,385.63,-0.06,-19.0,-5.1,0.0,0.0,-13.8,-0.0,2083,1016,0,0,18
984,140.44,31593,385.66,385.60,-0.06,-21.1,-5.1,0.0,0.0,-16.0,-0.0,2045,973,0,2,20
985,140.61,31583,385.53,385.54,0.00,-15.3,0.0,0.0,0.0,-15.3,-0.0,1920,845,0,4,14
986,140.78,31575,385.44,385.48,0.04,-12.2,3.1,0.0,0.0,-15.3,-0.0,1820,748,0,5,11
987,140.87,31572,385.40,385.45,0.05,-11.5,4.1,0.0,0.0,-15.5,-0.0,1783,709,0,5,10
988,141.04,31569,385.36,385.39,0.02,-11.9,2.0,0.0,0.0,-13.9,-0.0,1745,684,0,6,10
989,141.21,31556,385.21,385.33,0.12,-3.9,10.2,0.0,0.0,-14.2,-0.0,1583,513,0,3,3
990,141.30,31553,385.17,385.30,0.13,-4.6,11.2,0.0,0.0,-15.8,-0.0,1545,473,0,3,3
991,141.45,31548,385.11,385.24,0.13,-2.7,11.2,0.0,0.0,-14.0,-0.0,1483,420,0,2,2
992,141.62,31541,385.02,385.18,0.16,-1.4,13.3,0.0,0.0,-14.7,-0.0,1395,327,0,1,1
993,141.72,31536,384.96,385.15,0.18,-1.0,15.3,0.0,0.0,-16.3,-0.0,1333,254,0,1,0
994,141.89,31531,384.90,385.09,0.18,-0.3,15.3,0.0,0.0,-15.7,-0.0,1270,207,0,0,0
995,142.04,31526,384.84,385.03,0.20,2.1,16.4,0.0,0.0,-14.2,-0.0,1208,2198,0,-2,0
996,142.21,31520,384.77,384.97,0.21,2.6,17.4,0.0,0.0,-14.7,-0.0,1133,2119,0,-3,0
997,142.30,31516,384.72,384.94,0.23,4.4,19.4,0.0,0.0,-15.0,-0.0,1083,2069,0,-4,0
998,142.46,31512,384.67,384.88,0.22,4.4,18.4,0.0,0.0,-14.1,-0.0,1033,2025,0,-4,0
999,142.62,31504,384.57,384.83,0.26,6.2,21.5,0.0,0.0,-15.3,-0.0,933,1919,0,-6,1
1000,142.71,31502,384.55,384.80,0.24,4.9,20.5,0.0,0.0,-15.5,-0.0,908,1894,0,-5,1
1001,142.88,31497,384.48,384.73,0.24,5.6,20.5,0.0,0.0,-14.8,-0.0,845,1834,0,-5,2
1002,143.05,31493,384.44,384.68,0.24,6.3,20.5,0.0,0.0,-14.1,-0.0,795,1790,0,-6,2
1003,143.13,31489,384.39,384.64,0.26,5.9,21.5,0.0,0.0,-15.6,-0.0,745,1733,0,-5,3
1004,143.30,31486,384.35,384.59,0.23,5.1,19.4,0.0,-0.0,-14.4,-0.0,708,1706,0,-4,2
1005,143.46,31482,384.30,384.53,0.23,5.0,19.4,0.0,-0.0,-14.4,-0.0,658,1655,0,-4,3
1006,143.62,31472,384.18,384.47,0.29,10.1,24.5,0.0,0.0,-14.4,-0.0,533,1523,0,-7,7
1007,143.71,31472,384.18,384.44,0.26,5.4,21.5,0.0,0.0,-16.1,-0.0,533,1522,0,-4,4
1008,143.88,31468,384.13,384.38,0.24,5.5,20.5,0.0,0.0,-14.9,-0.0,483,1477,0,-3,4
1009,144.06,31465,384.09,384.31,0.22,3.2,18.4,0.0,-0.0,-15.2,-0.0,445,1440,0,-2,3
1010,144.15,31463,384.07,384.28,0.21,1.0,17.4,0.0,-0.0,-16.4,-0.0,420,1413,0,-1,1
1011,144.31,31460,384.03,384.22,0.18,0.9,15.3,0.0,-0.0,-14.5,-0.0,383,1390,0,0,1
1012,144.48,31453,383.95,384.16,0.22,4.2,18.4,0.0,-0.0,-14.2,-0.0,295,1295,0,-2,4
1013,144.56,31453,383.95,384.13,0.18,-0.1,15.3,0.0,-0.0,-15.5,-0.0,295,3344,0,0,0
1014,144.73,31447,383.87,384.07,0.20,2.6,16.4,0.0,-0.0,-13.8,-0.0,220,1219,0,-1,2
1015,144.89,31442,383.81,384.01,0.20,1.8,16.4,0.0,-0.0,-14.5,-0.0,158,1155,0,0,2
1016,145.06,31440,383.79,383.95,0.16,-1.5,13.3,0.0,-0.0,-14.8,-0.0,133,3178,0,0,-1
1017,145.15,31440,383.79,383.92,0.13,-5.0,11.2,0.0,-0.0,-16.3,-0.0,133,3184,0,1,-5
1018,145.31,31440,383.79,383.86,0.07,-8.2,6.1,0.0,-0.0,-14.3,-0.0,133,3189,0,1,-8
1019,145.48,31433,383.70,383.80,0.10,-6.9,8.2,0.0,-0.0,-15.1,-0.0,45,3102,0,0,-7
1020,145.57,31432,383.69,383.77,0.07,-9.4,6.1,0.0,-0.0,-15.6,-0.0,33,3090,0,0,-9
1021,145.73,31429,383.65,383.71,0.05,-10.0,4.1,0.0,-0.0,-14.1,-0.0,4091,3051,0,0,-10
1022,145.90,31424,383.59,383.65,0.05,-10.3,4.1,0.0,-0.0,-14.4,-0.0,4029,2982,0,-1,-10
1023,145.99,31423,383.58,383.61,0.04,-13.0,3.1,0.0,-0.0,-16.1,-0.0,4016,2965,0,-2,-12
1024,146.15,31423,383.58,383.55,-0.02,-17.2,-2.0,0.0,-0.0,-15.1,-0.0,4016,2977,0,-2,-16
1025,146.32,31422,383.57,383.49,-0.07,-20.6,-6.1,0.0,-0.0,-14.4,-0.0,4004,2966,0,-3,-20
1026,146.49,31417,383.51,383.43,-0.07,-20.8,-6.1,0.0,-0.0,-14.7,-0.0,3941,2904,0,-5,-20
1027,146.57,31416,383.50,383.40,-0.10,-23.6,-8.2,0.0,-0.0,-15.4,-0.0,3929,2893,0,-6,-22
1028,146.74,31415,383.48,383.34,-0.15,-27.2,-12.3,0.0,-0.0,-15.0,-0.0,3916,2880,0,-8,-25
1029,146.91,31407,383.39,383.27,-0.11,-24.2,-9.2,0.0,-0.0,-15.0,-0.0,3816,2770,0,-10,-21
1030,147.00,31406,383.37,383.24,-0.13,-27.5,-11.2,0.0,-0.0,-16.2,-0.0,3804,2755,0,-12,-24
1031,147.17,31402,383.33,383.18,-0.15,-26.8,-12.3,0.0,-0.0,-14.5,-0.0,3754,2709,0,-14,-22
1032,147.33,31398,383.28,383.12,-0.16,-27.6,-13.3,0.0,-0.0,-14.3,-0.0,3704,2655,0,-16,-21
1033,147.42,31397,383.26,383.09,-0.17,-29.8,-14.3,0.0,-0.0,-15.5,-0.0,3691,2640,0,-18,-23
1034,147.58,31394,383.23,383.03,-0.20,-30.9,-16.4,0.0,-0.0,-14.6,-0.0,3654,2611,0,-19,-23
1035,147.75,31392,383.20,382.97,-0.23,-34.8,-19.4,0.0,-0.0,-15.3,-0.0,3629,2587,0,-23,-25
1036,147.92,31384,383.11,382.90,-0.21,-33.0,-17.4,0.0,-0.0,-15.6,-0.0,3529,2480,0,-25,-20
1037,148.01,31384,383.11,382.87,-0.23,-35.3,-19.4,0.0,-0.0,-15.8,-0.0,3529,2483,0,-27,-21
1038,148.18,31380,383.06,382.81,-0.24,-36.3,-20.5,0.0,-0.0,-15.9,-0.0,3479,2432,0,-29,-20
1039,148.27,31377,383.02,382.77,-0.24,-37.1,-20.5,0.0,-0.0,-16.6,-0.0,3441,2390,0,-31,-18
1040,148.44,31373,382.97,382.71,-0.26,-36.6,-21.5,0.0,-0.0,-15.1,-0.0,3391,2340,0,-32,-15
1041,148.61,31367,382.90,382.65,-0.24,-36.6,-20.5,0.0,-0.0,-16.2,-0.0,3316,2266,0,-33,-12
1042,148.70,31366,382.89,382.62,-0.27,-38.4,-22.5,0.0,-0.0,-15.9,-0.0,3304,2253,0,-35,-12
1043,148.87,31363,382.85,382.55,-0.29,-40.0,-24.5,0.0,-0.0,-15.4,-0.0,3266,2217,0,-37,-10
1044,149.04,31352,382.71,382.49,-0.22,-33.4,-18.4,0.0,0.0,-15.0,-0.0,3129,2072,0,-32,-1
1045,149.20,31346,382.64,382.43,-0.21,-32.1,-17.4,0.0,0.0,-14.7,-0.0,3054,1996,0,-31,2
1046,149.29,31344,382.62,382.39,-0.22,-35.1,-18.4,0.0,0.0,-16.7,-0.0,3029,1968,0,-34,4
1047,149.45,31339,382.56,382.33,-0.22,-33.2,-18.4,0.0,0.0,-14.7,-0.0,2966,1906,0,-31,7
1048,149.62,31331,382.46,382.27,-0.18,-30.9,-15.3,0.0,0.0,-15.5,-0.0,2866,1802,0,-28,11
1049,149.71,31325,382.39,382.24,-0.15,-29.0,-12.3,0.0,0.0,-16.8,-0.0,2791,1723,0,-25,13
1050,149.89,31318,382.30,382.17,-0.12,-26.0,-10.2,0.0,0.0,-15.8,-0.0,2704,1638,0,-20,15
1051,150.05,31314,382.25,382.11,-0.15,-27.1,-12.3,0.0,0.0,-14.8,-0.0,2654,1592,0,-20,17
1052,150.14,31309,382.19,382.08,-0.11,-26.0,-9.2,0.0,0.0,-16.8,-0.0,2591,1519,0,-17,18
1053,150.31,31305,382.14,382.01,-0.12,-25.1,-10.2,0.0,0.0,-14.8,-0.0,2541,1481,0,-16,19
1054,150.48,31295,382.02,381.95,-0.07,-21.2,-6.1,0.0,0.0,-15.1,-0.0,2416,1352,0,-10,18
1055,150.57,31288,381.93,381.91,-0.02,-20.4,-2.0,0.0,0.0,-18.4,-0.0,2329,1253,0,-7,19
1056,150.74,31281,381.85,381.85,0.00,-15.6,0.0,0.0,0.0,-15.6,-0.0,2241,1169,0,-3,15
1057,150.91,31276,381.79,381.79,0.00,-15.1,0.0,0.0,0.0,-15.1,-0.0,2179,1114,0,-2,15
1058,151.00,31271,381.73,381.75,0.02,-14.1,2.0,0.0,0.0,-16.2,-0.0,2116,1041,0,0,14
1059,151.16,31259,381.58,381.69,0.11,-5.7,9.2,0.0,0.0,-14.9,-0.0,1966,892,0,1,5
1060,151.33,31257,381.56,381.63,0.07,-8.8,6.1,0.0,0.0,-14.9,-0.0,1941,877,0,2,8
1061,151.41,31254,381.52,381.60,0.07,-10.1,6.1,0.0,0.0,-16.2,-0.0,1904,838,0,3,9
1062,151.58,31244,381.40,381.53,0.13,-4.5,11.2,0.0,0.0,-15.7,-0.0,1779,707,0,2,4
1063,151.75,31238,381.32,381.47,0.15,-3.5,12.3,0.0,0.0,-15.7,-0.0,1704,641,0,2,3
1064,151.85,31234,381.27,381.43,0.16,-4.0,13.3,0.0,0.0,-17.3,-0.0,1654,589,0,2,3
1065,152.00,31225,381.16,381.37,0.21,2.1,17.4,0.0,0.0,-15.2,-0.0,1541,2519,0,-2,-1
1066,152.17,31219,381.09,381.31,0.22,2.6,18.4,0.0,0.0,-15.8,-0.0,1466,2446,0,-2,-1
1067,152.34,31210,380.98,381.25,0.27,7.0,22.5,0.0,0.0,-15.5,-0.0,1354,2331,0,-6,-3
1068,152.42,31208,380.96,381.21,0.26,5.2,21.5,0.0,0.0,-16.3,-0.0,1329,2307,0,-5,-2
1069,152.60,31200,380.86,381.15,0.28,7.2,23.5,0.0,0.0,-16.3,-0.0,1229,2207,0,-7,-2
1070,152.77,31198,380.83,381.08,0.24,4.1,20.5,0.0,0.0,-16.3,-0.0,1204,2193,0,-4,-1
1071,152.86,31194,380.79,381.05,0.26,4.9,21.5,0.0,0.0,-16.6,-0.0,1154,2140,0,-5,-1
1072,153.03,31189,380.73,380.98,0.26,5.4,21.5,0.0,-0.0,-16.1,-0.0,1091,2084,0,-5,0
1073,153.20,31179,380.60,380.92,0.32,11.5,26.6,0.0,0.0,-15.1,-0.0,966,1953,0,-11,2
1074,153.29,31178,380.59,380.88,0.29,6.6,24.5,0.0,0.0,-17.9,-0.0,954,1941,0,-6,1
1075,153.45,31173,380.53,380.82,0.29,8.6,24.5,0.0,0.0,-15.9,-0.0,891,1878,0,-8,2
1076,153.61,31170,380.49,380.76,0.27,6.8,22.5,0.0,0.0,-15.7,-0.0,854,1844,0,-6,2
1077,153.70,31167,380.46,380.73,0.27,5.8,22.5,0.0,0.0,-16.7,-0.0,816,1805,0,-5,2
1078,153.87,31162,380.40,380.66,0.27,7.1,22.5,0.0,-0.0,-15.4,-0.0,754,1753,0,-6,3
1079,154.04,31153,380.29,380.60,0.31,10.4,25.6,0.0,0.0,-15.2,-0.0,641,1633,0,-8,6
1080,154.13,31153,380.29,380.56,0.28,6.3,23.5,0.0,-0.0,-17.3,-0.0,641,1632,0,-5,4
1081,154.29,31148,380.22,380.50,0.27,7.3,22.5,0.0,0.0,-15.2,-0.0,579,1572,0,-5,5
1082,154.46,31142,380.15,380.43,0.28,7.0,23.5,0.0,0.0,-16.5,-0.0,504,1494,0,-4,5
1083,154.55,31138,380.10,380.40,0.29,7.0,24.5,0.0,0.0,-17.6,-0.0,454,1439,0,-4,5
1084,154.71,31137,380.09,380.34,0.24,4.2,20.5,0.0,-0.0,-16.3,-0.0,441,1441,0,-2,3
1085,154.88,31131,380.02,380.27,0.26,5.4,21.5,0.0,-0.0,-16.1,-0.0,366,1360,0,-3,5
1086,155.04,31130,380.00,380.21,0.21,2.1,17.4,0.0,-0.0,-15.3,-0.0,354,1355,0,-1,2
1087,155.13,31128,379.98,380.17,0.20,-0.2,16.4,0.0,-0.0,-16.6,-0.0,329,3379,0,0,0
1088,155.30,31122,379.91,380.11,0.20,0.5,16.4,0.0,-0.0,-15.8,-0.0,254,1256,0,0,0
1089,155.47,31118,379.86,380.04,0.18,-1.3,15.3,0.0,-0.0,-16.6,-0.0,204,3247,0,0,-1
1090,155.56,31118,379.86,380.01,0.15,-4.4,12.3,0.0,-0.0,-16.6,-0.0,204,3256,0,1,-4
1091,155.73,31115,379.82,379.94,0.12,-5.9,10.2,0.0,-0.0,-16.1,-0.0,166,3216,0,1,-6
1092,155.89,31111,379.77,379.88,0.11,-5.4,9.2,0.0,-0.0,-14.6,-0.0,116,3170,0,1,-5
1093,155.97,31108,379.74,379.84,0.11,-7.5,9.2,0.0,-0.0,-16.7,-0.0,79,3129,0,1,-7
1094,156.14,31107,379.72,379.78,0.05,-12.6,4.1,0.0,-0.0,-16.7,-0.0,66,3121,0,1,-12
1095,156.31,31102,379.66,379.71,0.05,-11.9,4.1,0.0,-0.0,-15.9,-0.0,4,3054,0,0,-11
1096,156.40,31100,379.64,379.68,0.04,-13.7,3.1,0.0,-0.0,-16.7,-0.0,4075,3028,0,-1,-13
1097,156.57,31097,379.60,379.61,0.01,-15.7,1.0,0.0,-0.0,-16.8,-0.0,4037,2992,0,-2,-15
1098,156.75,31094,379.57,379.54,-0.02,-19.1,-2.0,0.0,-0.0,-17.0,-0.0,4000,2954,0,-3,-18
1099,156.83,31093,379.55,379.51,-0.05,-20.9,-4.1,0.0,-0.0,-16.8,-0.0,3987,2942,0,-4,-20
1100,157.00,31090,379.52,379.44,-0.07,-21.9,-6.1,0.0,-0.0,-15.8,-0.0,3950,2909,0,-5,-21
1101,157.17,31088,379.49,379.38,-0.11,-25.5,-9.2,0.0,-0.0,-16.3,-0.0,3925,2885,0,-7,-24
1102,157.25,31087,379.48,379.34,-0.13,-29.4,-11.2,0.0,-0.0,-18.1,-0.0,3912,2872,0,-9,-27
1103,157.42,31081,379.41,379.28,-0.13,-27.6,-11.2,0.0,-0.0,-16.3,-0.0,3837,2794,0,-11,-24
1104,157.59,31077,379.36,379.21,-0.15,-27.8,-12.3,0.0,-0.0,-15.5,-0.0,3787,2743,0,-13,-24
1105,157.76,31074,379.32,379.15,-0.17,-30.7,-14.3,0.0,-0.0,-16.4,-0.0,3750,2705,0,-16,-25
1106,157.85,31074,379.32,379.11,-0.21,-34.3,-17.4,0.0,-0.0,-16.9,-0.0,3750,2705,0,-18,-28
1107,158.01,31071,379.28,379.05,-0.24,-36.0,-20.5,0.0,-0.0,-15.6,-0.0,3712,2668,0,-20,-28
1108,158.18,31064,379.20,378.98,-0.22,-34.8,-18.4,0.0,-0.0,-16.4,-0.0,3625,2583,0,-23,-25
1109,158.27,31060,379.15,378.94,-0.21,-34.8,-17.4,0.0,-0.0,-17.5,-0.0,3575,2524,0,-25,-23
1110,158.44,31060,379.15,378.88,-0.27,-38.4,-22.5,0.0,-0.0,-15.9,-0.0,3575,2531,0,-27,-25
1111,158.61,31051,379.04,378.81,-0.23,-35.3,-19.4,0.0,0.0,-15.9,-0.0,3462,2406,0,-29,-18
1112,158.70,31050,379.03,378.77,-0.26,-38.7,-21.5,0.0,-0.0,-17.2,-0.0,3450,2393,0,-32,-19
1113,158.87,31044,378.96,378.70,-0.24,-37.2,-20.5,0.0,-0.0,-16.7,-0.0,3375,2321,0,-33,-15
1114,159.04,31040,378.91,378.64,-0.27,-38.5,-22.5,0.0,-0.0,-16.0,-0.0,3325,2274,0,-35,-13
1115,159.13,31036,378.86,378.60,-0.26,-39.3,-21.5,0.0,0.0,-17.8,-0.0,3275,2213,0,-37,-10
1116,159.29,31030,378.78,378.54,-0.24,-36.4,-20.5,0.0,-0.0,-16.0,-0.0,3200,2146,0,-35,-5
1117,159.45,31023,378.70,378.47,-0.22,-33.6,-18.4,0.0,0.0,-15.2,-0.0,3112,2056,0,-33,0
1118,159.54,31021,378.67,378.44,-0.23,-36.5,-19.4,0.0,0.0,-17.1,-0.0,3087,2027,0,-35,1
1119,159.71,31016,378.61,378.37,-0.24,-37.3,-20.5,0.0,0.0,-16.8,-0.0,3025,1964,0,-36,5
1120,159.88,31007,378.50,378.30,-0.20,-32.9,-16.4,0.0,0.0,-16.6,-0.0,2912,1848,0,-30,10
1121,160.04,31002,378.44,378.24,-0.21,-33.2,-17.4,0.0,0.0,-15.8,-0.0,2850,1790,0,-30,12
1122,160.13,30996,378.37,378.20,-0.17,-31.7,-14.3,0.0,0.0,-17.4,-0.0,2775,1709,0,-27,15
1123,160.30,30988,378.27,378.14,-0.13,-27.3,-11.2,0.0,0.0,-16.1,-0.0,2675,1607,0,-21,17
1124,160.47,30979,378.16,378.07,-0.10,-24.8,-8.2,0.0,0.0,-16.6,-0.0,2562,1488,0,-16,18
1125,160.56,30974,378.10,378.03,-0.07,-24.4,-6.1,0.0,0.0,-18.2,-0.0,2500,1422,0,-14,19
1126,160.72,30970,378.05,377.97,-0.09,-23.3,-7.2,0.0,0.0,-16.1,-0.0,2450,1380,0,-12,19
1127,160.89,30958,377.91,377.90,0.00,-15.9,0.0,0.0,0.0,-15.9,-0.0,2300,1229,0,-5,15
1128,160.97,30956,377.88,377.86,-0.01,-18.2,-1.0,0.0,0.0,-17.2,-0.0,2275,1202,0,-5,17
1129,161.15,30951,377.82,377.80,-0.02,-18.8,-2.0,0.0,0.0,-16.7,-0.0,2212,1146,0,-3,18
1130,161.31,30942,377.71,377.73,0.01,-14.6,1.0,0.0,0.0,-15.6,-0.0,2100,1035,0,0,14
1131,161.40,30935,377.62,377.69,0.06,-12.7,5.1,0.0,0.0,-17.8,-0.0,2012,933,0,2,12
1132,161.57,30929,377.55,377.63,0.07,-9.8,6.1,0.0,0.0,-15.9,-0.0,1937,872,0,2,9
1133,161.73,30924,377.49,377.56,0.07,-9.5,6.1,0.0,0.0,-15.7,-0.0,1875,806,0,3,9
1134,161.89,30909,377.31,377.49,0.18,-2.5,15.3,0.0,0.0,-17.9,-0.0,1687,601,0,1,2
1135,161.98,30908,377.29,377.46,0.16,-3.8,13.3,0.0,0.0,-17.1,-0.0,1675,599,0,2,3
1136,162.15,30901,377.21,377.39,0.18,-1.2,15.3,0.0,0.0,-16.5,-0.0,1587,517,0,1,1
1137,162.32,30891,377.09,377.32,0.23,3.4,19.4,0.0,0.0,-16.0,-0.0,1462,2437,0,-3,-2
1138,162.40,30887,377.04,377.29,0.24,3.1,20.5,0.0,0.0,-17.4,-0.0,1412,2379,0,-3,-1
1139,162.57,30883,376.99,377.22,0.23,2.0,19.4,0.0,0.0,-17.4,-0.0,1362,2346,0,-2,-1
1140,162.74,30876,376.90,377.15,0.24,3.0,20.5,0.0,0.0,-17.4,-0.0,1275,2252,0,-3,-1
1141,162.83,30873,376.87,377.11,0.24,2.5,20.5,0.0,0.0,-18.0,-0.0,1237,2217,0,-2,-1
1142,162.99,30867,376.79,377.05,0.26,5.1,21.5,0.0,0.0,-16.4,-0.0,1162,2151,0,-5,-1
1143,163.17,30860,376.71,376.97,0.27,4.8,22.5,0.0,0.0,-17.7,-0.0,1075,2060,0,-5,0
1144,163.26,30857,376.67,376.94,0.27,4.8,22.5,0.0,0.0,-17.8,-0.0,1037,2021,0,-5,0
1145,163.41,30849,376.57,376.87,0.31,9.4,25.6,0.0,0.0,-16.1,-0.0,937,1923,0,-9,2
1146,163.58,30848,376.56,376.81,0.24,4.3,20.5,0.0,0.0,-16.1,-0.0,925,1913,0,-4,1
1147,163.75,30842,376.49,376.74,0.24,3.5,20.5,0.0,-0.0,-17.0,-0.0,850,1842,0,-3,1
1148,163.85,30837,376.43,376.70,0.27,2.5,22.5,0.0,0.0,-20.0,-0.0,787,1771,0,-2,1
1149,164.01,30828,376.32,376.63,0.31,9.4,25.6,0.0,0.0,-16.2,-0.0,675,1665,0,-8,5
1150,164.18,30824,376.27,376.56,0.29,7.8,24.5,0.0,0.0,-16.8,-0.0,625,1613,0,-6,5
1151,164.27,30821,376.23,376.52,0.29,7.0,24.5,0.0,0.0,-17.6,-0.0,587,1570,0,-5,5
1152,164.43,30816,376.17,376.46,0.28,7.3,23.5,0.0,0.0,-16.2,-0.0,525,1512,0,-5,5
1153,164.59,30814,376.15,376.39,0.24,4.5,20.5,0.0,-0.0,-16.0,-0.0,500,1498,0,-3,3
1154,164.68,30811,376.11,376.36,0.24,2.8,20.5,0.0,-0.0,-17.6,-0.0,462,1459,0,-2,2
1155,164.85,30804,376.03,376.29,0.26,4.9,21.5,0.0,-0.0,-16.5,-0.0,375,1370,0,-2,4
1156,165.01,30799,375.96,376.22,0.26,4.6,21.5,0.0,-0.0,-16.8,-0.0,312,1305,0,-2,4
1157,165.18,30798,375.95,376.15,0.20,0.1,16.4,0.0,-0.0,-16.3,-0.0,300,1301,0,0,0
1158,165.27,30792,375.88,376.11,0.23,1.5,19.4,0.0,-0.0,-18.0,-0.0,225,1215,0,0,1
1159,165.43,30791,375.87,376.04,0.18,-1.8,15.3,0.0,-0.0,-17.2,-0.0,212,3258,0,0,-2
1160,165.61,30786,375.81,375.97,0.17,-2.8,14.3,0.0,-0.0,-17.2,-0.0,150,3199,0,1,-3
1161,165.70,30783,375.77,375.94,0.17,-3.4,14.3,0.0,-0.0,-17.7,-0.0,112,3159,0,0,-3
1162,165.87,30775,375.67,375.86,0.20,-1.4,16.4,0.0,0.0,-17.8,-0.0,12,3049,0,0,-1
1163,165.96,30775,375.67,375.83,0.16,-4.5,13.3,0.0,-0.0,-17.8,-0.0,12,3058,0,0,-4
1164,166.13,30772,375.63,375.76,0.12,-6.4,10.2,0.0,-0.0,-16.7,-0.0,4071,3020,0,0,-6
1165,166.29,30769,375.60,375.69,0.09,-9.5,7.2,0.0,-0.0,-16.7,-0.0,4033,2985,0,-1,-9
1166,166.46,30766,375.56,375.62,0.06,-11.3,5.1,0.0,-0.0,-16.4,-0.0,3996,2953,0,-2,-11
1167,166.54,30765,375.55,375.59,0.04,-13.6,3.1,0.0,-0.0,-16.7,-0.0,3983,2944,0,-3,-13
1168,166.71,30759,375.48,375.52,0.04,-14.2,3.1,0.0,-0.0,-17.3,-0.0,3908,2860,0,-4,-13
1169,166.88,30756,375.44,375.45,0.00,-16.5,0.0,0.0,-0.0,-16.5,-0.0,3871,2828,0,-6,-15
1170,166.97,30754,375.42,375.41,-0.01,-19.7,-1.0,0.0,-0.0,-18.7,-0.0,3846,2798,0,-8,-17
1171,167.13,30749,375.35,375.34,-0.01,-17.8,-1.0,0.0,-0.0,-16.8,-0.0,3783,2734,0,-9,-15
1172,167.30,30749,375.35,375.27,-0.09,-23.7,-7.2,0.0,-0.0,-16.5,-0.0,3783,2738,0,-11,-20
1173,167.39,30747,375.33,375.23,-0.10,-27.2,-8.2,0.0,-0.0,-19.0,-0.0,3758,2715,0,-14,-23
1174,167.56,30740,375.24,375.16,-0.09,-24.5,-7.2,0.0,-0.0,-17.4,-0.0,3671,2623,0,-15,-18
1175,167.73,30737,375.21,375.09,-0.12,-27.1,-10.2,0.0,-0.0,-16.8,-0.0,3633,2589,0,-18,-19
1176,167.82,30738,375.22,375.05,-0.17,-33.7,-14.3,0.0,-0.0,-19.4,-0.0,3646,2604,0,-21,-25
1177,167.99,30730,375.12,374.98,-0.15,-28.8,-12.3,0.0,-0.0,-16.6,-0.0,3546,2495,0,-22,-18
1178,168.15,30729,375.11,374.91,-0.20,-33.5,-16.4,0.0,-0.0,-17.2,-0.0,3533,2487,0,-25,-20
1179,168.24,30729,375.11,374.87,-0.23,-38.0,-19.4,0.0,-0.0,-18.6,-0.0,3533,2492,0,-29,-23
1180,168.41,30724,375.05,374.80,-0.24,-37.3,-20.5,0.0,-0.0,-16.9,-0.0,3471,2428,0,-30,-20
1181,168.58,30715,374.94,374.73,-0.21,-34.6,-17.4,0.0,-0.0,-17.2,-0.0,3358,2303,0,-31,-13
1182,168.75,30710,374.88,374.66,-0.22,-36.8,-18.4,0.0,-0.0,-18.3,-0.0,3296,2244,0,-34,-11
1183,168.83,30708,374.85,374.62,-0.23,-37.5,-19.4,0.0,-0.0,-18.1,-0.0,3271,2215,0,-35,-9
1184,169.00,30705,374.82,374.55,-0.27,-39.5,-22.5,0.0,-0.0,-17.0,-0.0,3233,2178,0,-37,-8
1185,169.16,30698,374.73,374.48,-0.24,-37.4,-20.5,0.0,0.0,-17.0,-0.0,3146,2088,0,-36,-2
1186,169.25,30694,374.68,374.45,-0.23,-37.8,-19.4,0.0,-0.0,-18.4,-0.0,3096,2039,0,-37,1
1187,169.42,30690,374.63,374.38,-0.26,-39.0,-21.5,0.0,-0.0,-17.6,-0.0,3046,1992,0,-38,3
1188,169.59,30682,374.54,374.30,-0.23,-37.0,-19.4,0.0,0.0,-17.6,-0.0,2946,1886,0,-35,9
1189,169.68,30679,374.50,374.27,-0.23,-37.6,-19.4,0.0,0.0,-18.2,-0.0,2908,1844,0,-35,11
1190,169.85,30670,374.39,374.19,-0.20,-32.8,-16.4,0.0,0.0,-16.5,-0.0,2796,1733,0,-28,15
1191,170.01,30668,374.37,374.12,-0.24,-37.2,-20.5,0.0,0.0,-16.8,-0.0,2771,1712,0,-31,18
1192,170.10,30664,374.32,374.09,-0.23,-38.2,-19.4,0.0,0.0,-18.8,-0.0,2721,1656,0,-31,21
1193,170.27,30655,374.21,374.01,-0.20,-34.0,-16.4,0.0,0.0,-17.7,-0.0,2608,1544,0,-24,23
1194,170.44,30647,374.11,373.94,-0.17,-31.4,-14.3,0.0,0.0,-17.1,-0.0,2508,1446,0,-18,24
1195,170.53,30639,374.01,373.90,-0.11,-28.9,-9.2,0.0,0.0,-19.7,-0.0,2408,1333,0,-13,25
1196,170.70,30637,373.99,373.83,-0.16,-30.7,-13.3,0.0,0.0,-17.4,-0.0,2383,1314,0,-13,27
1197,170.87,30627,373.86,373.76,-0.10,-25.0,-8.2,0.0,0.0,-16.9,-0.0,2258,1188,0,-6,23
1198,170.95,30621,373.79,373.72,-0.07,-25.3,-6.1,0.0,0.0,-19.2,-0.0,2183,1105,0,-3,24
1199,171.12,30609,373.65,373.65,0.01,-16.1,1.0,0.0,0.0,-17.2,-0.0,2033,955,0,2,16
1200,171.29,30608,373.63,373.58,-0.05,-21.0,-4.1,0.0,0.0,-16.9,-0.0,2021,956,0,2,20
1201,171.45,30596,373.49,373.51,0.02,-15.2,2.0,0.0,0.0,-17.2,-0.0,1871,792,0,5,14
1202,171.54,30590,373.41,373.47,0.06,-14.1,5.1,0.0,0.0,-19.2,-0.0,1796,712,0,6,12
1203,171.71,30583,373.33,373.40,0.07,-11.7,6.1,0.0,0.0,-17.8,-0.0,1708,639,0,6,9
1204,171.89,30572,373.19,373.32,0.13,-6.9,11.2,0.0,0.0,-18.1,-0.0,1571,493,0,5,5
1205,171.97,30569,373.16,373.29,0.13,-7.2,11.2,0.0,0.0,-18.4,-0.0,1533,450,0,5,4
1206,172.14,30561,373.06,373.21,0.16,-4.0,13.3,0.0,0.0,-17.3,-0.0,1433,360,0,3,2
1207,172.31,30552,372.95,373.14,0.20,-0.9,16.4,0.0,0.0,-17.3,-0.0,1321,247,0,1,0
1208,172.39,30550,372.92,373.11,0.18,-3.1,15.3,0.0,0.0,-18.5,-0.0,1296,222,0,3,1
1209,172.57,30543,372.84,373.03,0.20,-2.1,16.4,0.0,0.0,-18.5,-0.0,1208,139,0,2,0
1210,172.73,30532,372.71,372.96,0.26,4.7,21.5,0.0,0.0,-16.8,-0.0,1071,2047,0,-5,0
1211,172.81,30528,372.66,372.93,0.27,4.3,22.5,0.0,0.0,-18.2,-0.0,1021,1995,0,-4,0
1212,172.98,30525,372.62,372.85,0.23,1.2,19.4,0.0,0.0,-18.2,-0.0,983,1966,0,-1,0
1213,173.15,30518,372.53,372.78,0.24,3.1,20.5,0.0,0.0,-17.4,-0.0,896,1882,0,-3,1
1214,173.24,30514,372.49,372.74,0.26,2.1,21.5,0.0,0.0,-19.4,-0.0,846,1823,0,-2,1
1215,173.40,30505,372.38,372.67,0.29,7.4,24.5,0.0,0.0,-17.1,-0.0,733,1718,0,-6,3
1216,173.56,30500,372.31,372.60,0.28,6.4,23.5,0.0,0.0,-17.1,-0.0,671,1658,0,-5,3
1217,173.73,30493,372.23,372.53,0.29,7.1,24.5,0.0,0.0,-17.4,-0.0,583,1564,0,-5,5
1218,173.82,30487,372.16,372.49,0.33,7.3,27.6,0.0,0.0,-20.3,-0.0,508,1480,0,-5,5
1219,173.97,30480,372.07,372.42,0.35,12.5,29.7,0.0,0.0,-17.2,-0.0,421,1401,0,-7,10
1220,174.14,30478,372.05,372.35,0.31,8.4,25.6,0.0,0.0,-17.2,-0.0,396,1386,0,-4,7
1221,174.31,30471,371.96,372.28,0.32,8.8,26.6,0.0,0.0,-17.8,-0.0,308,1291,0,-3,8
1222,174.40,30469,371.94,372.24,0.31,6.0,25.6,0.0,0.0,-19.5,-0.0,283,1268,0,-2,5
1223,174.57,30464,371.88,372.16,0.29,7.0,24.5,0.0,-0.0,-17.5,-0.0,221,1219,0,-2,7
1224,174.73,30458,371.80,372.09,0.29,7.6,24.5,0.0,-0.0,-17.0,-0.0,146,1139,0,-1,7
1225,174.81,30455,371.77,372.06,0.29,5.8,24.5,0.0,-0.0,-18.7,-0.0,108,1096,0,-1,6
1226,174.98,30449,371.69,371.98,0.29,6.1,24.5,0.0,-0.0,-18.4,-0.0,33,1024,0,0,6
1227,175.15,30445,371.64,371.91,0.27,4.3,22.5,0.0,-0.0,-18.2,-0.0,4079,975,0,0,4
1228,175.31,30438,371.56,371.84,0.28,5.9,23.5,0.0,0.0,-17.6,-0.0,3992,883,0,1,6
1229,175.39,30438,371.56,371.80,0.24,1.7,20.5,0.0,-0.0,-18.8,-0.0,3992,889,0,0,2
1230,175.56,30432,371.48,371.73,0.24,2.8,20.5,0.0,-0.0,-17.6,-0.0,3917,817,0,1,3
1231,175.73,30428,371.44,371.65,0.22,0.8,18.4,0.0,-0.0,-17.6,-0.0,3867,767,0,0,1
1232,175.82,30426,371.41,371.62,0.21,-2.3,17.4,0.0,-0.0,-19.7,-0.0,3842,2787,0,-1,-2
1233,175.98,30423,371.37,371.54,0.17,-3.6,14.3,0.0,-0.0,-18.0,-0.0,3804,2758,0,-2,-3
1234,176.15,30416,371.29,371.47,0.18,-2.9,15.3,0.0,-0.0,-18.3,-0.0,3717,2662,0,-2,-2
1235,176.24,30414,371.26,371.43,0.17,-4.8,14.3,0.0,-0.0,-19.2,-0.0,3692,2640,0,-3,-4
1236,176.41,30412,371.24,371.35,0.11,-9.1,9.2,0.0,-0.0,-18.3,-0.0,3667,2619,0,-6,-7
1237,176.57,30409,371.20,371.28,0.09,-10.3,7.2,0.0,-0.0,-17.4,-0.0,3629,2585,0,-7,-7
1238,176.73,30403,371.13,371.21,0.09,-10.0,7.2,0.0,-0.0,-17.1,-0.0,3554,2506,0,-7,-6
1239,176.81,30402,371.12,371.18,0.06,-13.8,5.1,0.0,-0.0,-18.9,-0.0,3542,2496,0,-10,-8
1240,176.98,30398,371.07,371.10,0.04,-14.4,3.1,0.0,-0.0,-17.5,-0.0,3492,2444,0,-11,-8
1241,177.14,30394,371.02,371.03,0.01,-16.8,1.0,0.0,-0.0,-17.8,-0.0,3442,2392,0,-14,-8
1242,177.23,30389,370.96,370.99,0.04,-17.1,3.1,0.0,-0.0,-20.2,-0.0,3379,2322,0,-15,-7
1243,177.40,30389,370.96,370.92,-0.04,-21.2,-3.1,0.0,-0.0,-18.1,-0.0,3379,2334,0,-19,-9
1244,177.57,30386,370.92,370.84,-0.09,-25.9,-7.2,0.0,-0.0,-18.7,-0.0,3342,2298,0,-23,-9
1245,177.66,30385,370.91,370.80,-0.11,-29.1,-9.2,0.0,-0.0,-19.9,-0.0,3329,2284,0,-26,-10
1246,177.83,30383,370.89,370.73,-0.16,-31.4,-13.3,0.0,-0.0,-18.1,-0.0,3304,2264,0,-29,-10
1247,177.99,30380,370.85,370.65,-0.20,-33.9,-16.4,0.0,-0.0,-17.6,-0.0,3267,2232,0,-32,-9
1248,178.17,30374,370.78,370.58,-0.20,-34.8,-16.4,0.0,-0.0,-18.5,-0.0,3192,2147,0,-33,-5
1249,178.25,30372,370.75,370.54,-0.22,-37.8,-18.4,0.0,-0.0,-19.4,-0.0,3167,2121,0,-36,-4
1250,178.42,30366,370.68,370.46,-0.22,-36.3,-18.4,0.0,-0.0,-17.9,-0.0,3092,2042,0,-35,0
1251,178.58,30362,370.63,370.39,-0.24,-38.7,-20.5,0.0,-0.0,-18.2,-0.0,3042,1991,0,-37,3
1252,178.67,30359,370.59,370.35,-0.24,-39.0,-20.5,0.0,-0.0,-18.5,-0.0,3004,1949,0,-37,6
1253,178.84,30358,370.58,370.28,-0.31,-43.2,-25.6,0.0,-0.0,-17.6,-0.0,2992,1945,0,-41,7
1254,179.00,30350,370.48,370.21,-0.28,-41.5,-23.5,0.0,-0.0,-18.0,-0.0,2892,1840,0,-38,13
1255,179.16,30344,370.41,370.13,-0.28,-41.5,-23.5,0.0,-0.0,-18.0,-0.0,2817,1763,0,-36,17
1256,179.25,30341,370.37,370.09,-0.28,-43.0,-23.5,0.0,-0.0,-19.5,-0.0,2779,1722,0,-37,20
1257,179.42,30333,370.28,370.02,-0.26,-40.1,-21.5,0.0,0.0,-18.6,-0.0,2679,1617,0,-31,24
1258,179.58,30331,370.25,369.94,-0.31,-43.6,-25.6,0.0,-0.0,-18.0,-0.0,2654,1596,0,-32,27
1259,179.67,30329,370.23,369.91,-0.32,-45.5,-26.6,0.0,-0.0,-18.9,-0.0,2629,1573,0,-33,29
1260,179.84,30321,370.13,369.83,-0.31,-43.9,-25.6,0.0,-0.0,-18.3,-0.0,2529,1471,0,-27,33
1261,180.01,30311,370.01,369.75,-0.26,-39.2,-21.5,0.0,0.0,-17.8,-0.0,2404,1341,0,-18,34
1262,180.09,30306,369.95,369.71,-0.23,-39.3,-19.4,0.0,0.0,-19.9,-0.0,2342,1275,0,-14,35
1263,180.26,30300,369.87,369.64,-0.23,-37.8,-19.4,0.0,0.0,-18.4,-0.0,2267,1198,0,-10,35
1264,180.43,30293,369.79,369.56,-0.23,-37.2,-19.4,0.0,0.0,-17.8,-0.0,2179,1106,0,-5,36
1265,180.52,30286,369.70,369.52,-0.18,-36.2,-15.3,0.0,0.0,-20.8,-0.0,2092,1010,0,1,35
1266,180.69,30277,369.59,369.44,-0.15,-31.0,-12.3,0.0,0.0,-18.7,-0.0,1979,905,0,5,30
1267,180.86,30270,369.51,369.37,-0.13,-29.4,-11.2,0.0,0.0,-18.1,-0.0,1892,820,0,9,27
1268,180.95,30265,369.45,369.33,-0.12,-29.6,-10.2,0.0,0.0,-19.4,-0.0,1829,751,0,12,26
1269,181.12,30256,369.34,369.25,-0.09,-25.0,-7.2,0.0,0.0,-17.9,-0.0,1717,641,0,13,20
1270,181.28,30249,369.25,369.18,-0.07,-24.0,-6.1,0.0,0.0,-17.9,-0.0,1629,558,0,15,18
1271,181.37,30244,369.19,369.14,-0.05,-24.1,-4.1,0.0,0.0,-20.0,-0.0,1567,491,0,17,16
1272,181.54,30232,369.04,369.06,0.02,-16.8,2.0,0.0,0.0,-18.8,-0.0,1417,336,0,14,8
1273,181.70,30225,368.96,368.99,0.02,-16.8,2.0,0.0,0.0,-18.8,-0.0,1329,249,0,15,6
1274,181.88,30213,368.81,368.91,0.10,-11.6,8.2,0.0,0.0,-19.8,-0.0,1179,94,0,11,2
1275,181.96,30212,368.80,368.87,0.07,-13.0,6.1,0.0,0.0,-19.2,-0.0,1167,87,0,13,2
1276,182.13,30201,368.66,368.79,0.12,-8.7,10.2,0.0,0.0,-18.9,-0.0,1029,4046,0,8,-1
1277,182.30,30190,368.53,368.72,0.18,-2.9,15.3,0.0,0.0,-18.3,-0.0,892,3908,0,3,-1
1278,182.39,30186,368.48,368.67,0.20,-3.8,16.4,0.0,0.0,-20.1,-0.0,842,3853,0,3,-1
1279,182.54,30177,368.37,368.60,0.23,-0.1,19.4,0.0,0.0,-19.5,-0.0,729,3745,0,0,0
1280,182.71,30170,368.29,368.53,0.24,1.2,20.5,0.0,0.0,-19.2,-0.0,642,1609,0,-1,1
1281,182.86,30162,368.19,368.46,0.27,4.5,22.5,0.0,0.0,-18.0,-0.0,542,1515,0,-3,3
1282,182.95,30158,368.14,368.42,0.28,3.9,23.5,0.0,0.0,-19.6,-0.0,492,1465,0,-2,3
1283,183.12,30150,368.04,368.34,0.29,5.3,24.5,0.0,0.0,-19.3,-0.0,392,1366,0,-3,4
1284,183.29,30143,367.96,368.26,0.31,7.5,25.6,0.0,0.0,-18.1,-0.0,304,1283,0,-3,7
1285,183.37,30138,367.90,368.22,0.33,7.4,27.6,0.0,0.0,-20.2,-0.0,242,1214,0,-2,7
1286,183.54,30132,367.82,368.15,0.32,8.5,26.6,0.0,0.0,-18.1,-0.0,167,1149,0,-2,8
1287,183.71,30124,367.72,368.07,0.34,9.6,28.6,0.0,0.0,-19.0,-0.0,67,1050,0,0,9
1288,183.81,30119,367.66,368.02,0.35,7.2,29.7,0.0,0.0,-22.4,-0.0,4,975,0,1,7
1289,183.98,30110,367.55,367.95,0.39,14.6,32.7,0.0,0.0,-18.2,-0.0,3988,870,0,3,14
1290,184.15,30106,367.50,367.87,0.37,11.9,30.7,0.0,0.0,-18.8,-0.0,3938,825,0,3,11
1291,184.23,30104,367.48,367.83,0.35,9.9,29.7,0.0,0.0,-19.7,-0.0,3913,799,0,3,9
1292,184.40,30094,367.36,367.75,0.39,14.5,32.7,0.0,0.0,-18.2,-0.0,3788,674,0,7,12
1293,184.56,30090,367.31,367.68,0.37,12.8,30.7,0.0,-0.0,-17.9,-0.0,3738,633,0,7,10
1294,184.72,30082,367.21,367.60,0.39,14.5,32.7,0.0,-0.0,-18.2,-0.0,3638,531,0,10,10
1295,184.81,30079,367.18,367.56,0.39,13.0,32.7,0.0,0.0,-19.8,-0.0,3600,486,0,9,9
1296,184.98,30073,367.10,367.48,0.38,11.9,31.7,0.0,0.0,-19.8,-0.0,3525,412,0,9,7
1297,185.14,30068,367.04,367.41,0.37,12.4,30.7,0.0,0.0,-18.3,-0.0,3463,353,0,10,6
1298,185.23,30067,367.03,367.37,0.34,8.5,28.6,0.0,-0.0,-20.1,-0.0,3450,342,0,7,4
1299,185.40,30062,366.97,367.29,0.32,7.4,26.6,0.0,-0.0,-19.2,-0.0,3388,286,0,6,3
1300,185.57,30058,366.92,367.21,0.29,5.0,24.5,0.0,-0.0,-19.5,-0.0,3338,240,0,5,2
1301,185.66,30054,366.87,367.17,0.31,4.8,25.6,0.0,-0.0,-20.8,-0.0,3288,185,0,4,1
1302,185.84,30049,366.81,367.09,0.28,3.6,23.5,0.0,-0.0,-19.9,-0.0,3225,125,0,3,1
1303,186.02,30041,366.71,367.00,0.29,2.5,24.5,0.0,-0.0,-22.1,-0.0,3125,17,0,2,0
1304,186.10,30037,366.66,366.96,0.29,3.7,24.5,0.0,-0.0,-20.8,-0.0,3075,4060,0,4,0
1305,186.27,30036,366.65,366.88,0.23,1.1,19.4,0.0,-0.0,-18.4,-0.0,3063,4057,0,1,0
1306,186.44,30031,366.59,366.81,0.22,-0.3,18.4,0.0,-0.0,-18.7,-0.0,3000,1948,0,0,0
1307,186.52,30027,366.54,366.77,0.23,-0.5,19.4,0.0,-0.0,-20.0,-0.0,2950,1893,0,0,0
1308,186.69,30027,366.54,366.69,0.15,-7.7,12.3,0.0,-0.0,-20.0,-0.0,2950,1904,0,-7,2
1309,186.86,30021,366.47,366.61,0.15,-6.8,12.3,0.0,-0.0,-19.1,-0.0,2875,1829,0,-6,2
1310,186.95,30020,366.46,366.57,0.11,-11.4,9.2,0.0,-0.0,-20.6,-0.0,2863,1814,0,-10,4
1311,187.12,30018,366.43,366.49,0.06,-14.3,5.1,0.0,-0.0,-19.4,-0.0,2838,1795,0,-13,5
1312,187.28,30013,366.37,366.42,0.05,-14.7,4.1,0.0,-0.0,-18.8,-0.0,2775,1731,0,-13,7
1313,187.37,30009,366.32,366.37,0.05,-17.5,4.1,0.0,-0.0,-21.6,-0.0,2725,1671,0,-14,9
1314,187.53,30006,366.28,366.29,0.01,-18.1,1.0,0.0,-0.0,-19.1,-0.0,2688,1642,0,-14,10
1315,187.69,30003,366.25,366.22,-0.02,-20.9,-2.0,0.0,-0.0,-18.8,-0.0,2650,1600,0,-16,13
1316,187.85,29998,366.19,366.14,-0.04,-22.5,-3.1,0.0,-0.0,-19.5,-0.0,2588,1536,0,-15,15
1317,187.95,29998,366.19,366.10,-0.09,-27.6,-7.2,0.0,-0.0,-20.4,-0.0,2588,1540,0,-19,19
1318,188.11,29993,366.13,366.02,-0.10,-26.4,-8.2,0.0,-0.0,-18.2,-0.0,2525,1480,0,-16,20
1319,188.28,29989,366.08,365.94,-0.13,-29.8,-11.2,0.0,-0.0,-18.6,-0.0,2475,1428,0,-17,24
1320,188.36,29984,366.02,365.90,-0.11,-29.4,-9.2,0.0,-0.0,-20.2,-0.0,2413,1360,0,-14,25
1321,188.53,29983,366.00,365.83,-0.18,-33.9,-15.3,0.0,-0.0,-18.6,-0.0,2400,1355,0,-16,29
1322,188.71,29976,365.92,365.74,-0.17,-35.5,-14.3,0.0,-0.0,-21.1,-0.0,2313,1257,0,-12,32
1323,188.79,29976,365.92,365.70,-0.22,-38.6,-18.4,0.0,-0.0,-20.2,-0.0,2313,1263,0,-13,35
1324,188.96,29970,365.84,365.62,-0.22,-38.0,-18.4,0.0,-0.0,-19.6,-0.0,2238,1186,0,-9,36
1325,189.13,29967,365.81,365.54,-0.27,-40.8,-22.5,0.0,-0.0,-18.3,-0.0,2200,1154,0,-8,39
1326,189.21,29963,365.76,365.50,-0.26,-41.7,-21.5,0.0,-0.0,-20.2,-0.0,2150,1095,0,-4,40
1327,189.38,29956,365.67,365.42,-0.26,-40.8,-21.5,0.0,-0.0,-19.3,-0.0,2063,1010,0,1,40
1328,189.55,29952,365.62,365.34,-0.28,-43.5,-23.5,0.0,-0.0,-20.0,-0.0,2013,957,0,4,42
1329,189.64,29950,365.60,365.30,-0.31,-46.5,-25.6,0.0,-0.0,-20.9,-0.0,1988,932,0,6,45
1330,189.81,29941,365.49,365.22,-0.27,-41.2,-22.5,0.0,0.0,-18.7,-0.0,1875,814,0,13,38
1331,189.98,29939,365.47,365.14,-0.33,-46.7,-27.6,0.0,-0.0,-19.1,-0.0,1850,799,0,15,43
1332,190.14,29928,365.33,365.06,-0.27,-41.6,-22.5,0.0,-0.0,-19.1,-0.0,1713,653,0,22,34
1333,190.22,29922,365.26,365.02,-0.23,-39.5,-19.4,0.0,0.0,-20.0,-0.0,1638,568,0,25,29
1334,190.39,29915,365.17,364.94,-0.23,-38.8,-19.4,0.0,0.0,-19.4,-0.0,1550,480,0,28,25
1335,190.56,29908,365.09,364.86,-0.22,-38.5,-18.4,0.0,0.0,-20.1,-0.0,1463,389,0,31,21
1336,190.65,29901,365.00,364.82,-0.18,-35.4,-15.3,0.0,0.0,-20.1,-0.0,1375,293,0,31,15
1337,190.81,29895,364.93,364.74,-0.18,-34.2,-15.3,0.0,0.0,-18.8,-0.0,1300,229,0,31,11
1338,190.98,29889,364.86,364.66,-0.20,-35.5,-16.4,0.0,0.0,-19.2,-0.0,1225,161,0,33,8
1339,191.15,29877,364.71,364.58,-0.12,-29.4,-10.2,0.0,0.0,-19.2,-0.0,1075,4094,0,28,0
1340,191.23,29875,364.69,364.54,-0.15,-32.8,-12.3,0.0,0.0,-20.5,-0.0,1050,4071,0,32,-1
1341,191.39,29865,364.56,364.47,-0.10,-27.4,-8.2,0.0,0.0,-19.2,-0.0,925,3950,0,26,-6
1342,191.56,29854,364.43,364.39,-0.04,-22.9,-3.1,0.0,0.0,-19.9,-0.0,788,3802,0,20,-10
1343,191.65,29849,364.37,364.34,-0.02,-23.5,-2.0,0.0,0.0,-21.5,-0.0,725,3732,0,19,-12
1344,191.82,29840,364.26,364.26,0.00,-18.9,0.0,0.0,0.0,-18.9,-0.0,613,3632,0,14,-12
1345,191.99,29830,364.14,364.18,0.05,-14.5,4.1,0.0,0.0,-18.6,-0.0,488,3504,0,9,-11
1346,192.07,29829,364.12,364.14,0.01,-20.2,1.0,0.0,0.0,-21.2,-0.0,475,3490,0,12,-16
1347,192.23,29816,363.96,364.06,0.10,-10.8,8.2,0.0,0.0,-19.0,-0.0,313,3331,0,4,-10
1348,192.40,29807,363.85,363.98,0.13,-7.7,11.2,0.0,0.0,-19.0,-0.0,200,3220,0,2,-7
1349,192.57,29798,363.75,363.90,0.16,-7.3,13.3,0.0,0.0,-20.6,-0.0,88,3102,0,0,-7
1350,192.66,29795,363.71,363.86,0.15,-8.7,12.3,0.0,0.0,-20.9,-0.0,50,3067,0,0,-8
1351,192.83,29784,363.57,363.78,0.21,-2.0,17.4,0.0,0.0,-19.3,-0.0,4009,2928,0,0,-2
1352,193.00,29774,363.45,363.70,0.24,0.4,20.5,0.0,0.0,-20.0,-0.0,3884,757,0,0,0
1353,193.08,29770,363.40,363.66,0.26,0.8,21.5,0.0,0.0,-20.7,-0.0,3834,705,0,0,1
1354,193.26,29760,363.28,363.57,0.29,5.2,24.5,0.0,0.0,-19.4,-0.0,3709,582,0,3,4
1355,193.42,29754,363.21,363.49,0.28,4.4,23.5,0.0,0.0,-19.1,-0.0,3634,511,0,3,3
1356,193.51,29750,363.16,363.45,0.29,3.5,24.5,0.0,0.0,-21.0,-0.0,3584,459,0,3,2
1357,193.68,29742,363.06,363.37,0.31,5.8,25.6,0.0,0.0,-19.8,-0.0,3484,365,0,5,3
1358,193.85,29735,362.98,363.29,0.31,6.4,25.6,0.0,0.0,-19.1,-0.0,3396,279,0,6,3
1359,193.93,29731,362.93,363.24,0.32,5.8,26.6,0.0,0.0,-20.8,-0.0,3346,230,0,5,2
1360,194.10,29721,362.81,363.16,0.35,10.2,29.7,0.0,0.0,-19.5,-0.0,3221,102,0,10,2
1361,194.27,29713,362.71,363.08,0.37,10.5,30.7,0.0,0.0,-20.1,-0.0,3121,0,0,10,0
1362,194.36,29710,362.67,363.04,0.37,9.9,30.7,0.0,0.0,-20.8,-0.0,3084,4059,0,10,-1
1363,194.53,29707,362.63,362.96,0.32,6.1,26.6,0.0,0.0,-20.5,-0.0,3046,4028,0,6,-1
1364,194.69,29696,362.50,362.88,0.38,14.8,31.7,0.0,0.0,-16.9,-0.0,2909,3894,0,14,-4
1365,194.78,29693,362.46,362.83,0.37,8.9,30.7,0.0,0.0,-21.8,-0.0,2871,3850,0,8,-3
1366,194.95,29689,362.41,362.75,0.34,8.4,28.6,0.0,-0.0,-20.2,-0.0,2821,3809,0,7,-3
1367,195.10,29680,362.30,362.68,0.37,11.4,30.7,0.0,0.0,-19.2,-0.0,2709,3689,0,9,-6
1368,195.28,29677,362.27,362.59,0.32,4.7,26.6,0.0,-0.0,-21.9,-0.0,2671,3654,0,4,-3
1369,195.37,29675,362.24,362.55,0.31,4.0,25.6,0.0,-0.0,-21.6,-0.0,2646,3637,0,3,-3
1370,195.53,29670,362.18,362.46,0.28,3.6,23.5,0.0,-0.0,-19.9,-0.0,2584,3575,0,2,-2
1371,195.70,29661,362.07,362.38,0.31,5.3,25.6,0.0,-0.0,-20.3,-0.0,2471,3459,0,3,-4
1372,195.78,29660,362.06,362.34,0.28,5.2,23.5,0.0,-0.0,-18.3,-0.0,2459,3456,0,3,-4
1373,195.94,29651,361.95,362.27,0.32,6.3,26.6,0.0,0.0,-20.3,-0.0,2346,3330,0,2,-6
1374,196.10,29647,361.90,362.18,0.28,4.2,23.5,0.0,-0.0,-19.3,-0.0,2296,3283,0,1,-4
1375,196.27,29644,361.87,362.10,0.24,1.1,20.5,0.0,-0.0,-19.4,-0.0,2259,3253,0,0,-1
1376,196.36,29641,361.83,362.06,0.23,-2.2,19.4,0.0,-0.0,-21.7,-0.0,2221,1164,0,0,2
1377,196.52,29636,361.77,361.98,0.21,-2.0,17.4,0.0,-0.0,-19.4,-0.0,2159,1106,0,0,2
1378,196.69,29631,361.71,361.90,0.20,-3.7,16.4,0.0,-0.0,-20.1,-0.0,2096,1045,0,0,4
1379,196.77,29630,361.69,361.86,0.16,-8.4,13.3,0.0,-0.0,-21.7,-0.0,2084,1033,0,0,8
1380,196.95,29622,361.60,361.77,0.17,-6.1,14.3,0.0,-0.0,-20.4,-0.0,1984,927,0,1,6
1381,197.11,29619,361.56,361.69,0.12,-9.2,10.2,0.0,-0.0,-19.5,-0.0,1946,895,0,2,9
1382,197.28,29611,361.46,361.61,0.15,-8.5,12.3,0.0,-0.0,-20.8,-0.0,1846,788,0,3,8
1383,197.36,29609,361.44,361.56,0.12,-11.6,10.2,0.0,-0.0,-21.8,-0.0,1821,762,0,4,10
1384,197.53,29605,361.39,361.48,0.10,-12.0,8.2,0.0,-0.0,-20.1,-0.0,1771,716,0,5,10
1385,197.70,29602,361.35,361.40,0.05,-17.1,4.1,0.0,-0.0,-21.2,-0.0,1734,680,0,8,14
1386,197.79,29600,361.33,361.36,0.02,-19.1,2.0,0.0,-0.0,-21.2,-0.0,1709,656,0,10,16
1387,197.95,29596,361.28,361.27,0.00,-19.2,0.0,0.0,-0.0,-19.2,-0.0,1659,614,0,11,15
1388,198.11,29593,361.24,361.19,-0.05,-24.0,-4.1,0.0,-0.0,-19.9,-0.0,1621,573,0,15,18
1389,198.28,29590,361.21,361.11,-0.10,-28.1,-8.2,0.0,-0.0,-19.9,-0.0,1584,539,0,18,20
1390,198.37,29586,361.16,361.07,-0.09,-28.4,-7.2,0.0,-0.0,-21.2,-0.0,1534,485,0,20,19
1391,198.53,29581,361.10,360.99,-0.11,-29.8,-9.2,0.0,-0.0,-20.6,-0.0,1471,422,0,23,17
1392,198.70,29577,361.05,360.91,-0.15,-32.2,-12.3,0.0,-0.0,-19.9,-0.0,1421,372,0,26,17
1393,198.79,29574,361.01,360.86,-0.15,-34.5,-12.3,0.0,-0.0,-22.3,-0.0,1384,329,0,29,16
1394,198.95,29568,360.94,360.78,-0.16,-32.9,-13.3,0.0,-0.0,-19.6,-0.0,1309,254,0,30,12
1395,199.12,29563,360.88,360.69,-0.18,-36.7,-15.3,0.0,-0.0,-21.3,-0.0,1246,189,0,34,10
1396,199.22,29562,360.86,360.65,-0.22,-41.4,-18.4,0.0,-0.0,-23.0,-0.0,1234,179,0,39,11
1397,199.39,29560,360.84,360.56,-0.28,-43.2,-23.5,0.0,-0.0,-19.7,-0.0,1209,161,0,41,10
1398,199.55,29548,360.69,360.48,-0.22,-38.8,-18.4,0.0,-0.0,-20.4,-0.0,1059,1,0,38,0
1399,199.64,29547,360.68,360.43,-0.24,-42.5,-20.5,0.0,-0.0,-22.0,-0.0,1046,4085,0,41,-1
1400,199.81,29542,360.62,360.35,-0.27,-43.2,-22.5,0.0,-0.0,-20.7,-0.0,984,4025,0,42,-5
1401,199.98,29536,360.55,360.27,-0.28,-45.2,-23.5,0.0,-0.0,-21.7,-0.0,909,3940,0,43,-10
1402,200.07,29534,360.52,360.22,-0.31,-46.7,-25.6,0.0,-0.0,-21.1,-0.0,884,3917,0,43,-12
1403,200.23,29524,360.40,360.14,-0.26,-41.2,-21.5,0.0,-0.0,-19.7,-0.0,759,3797,0,36,-18
1404,200.41,29517,360.31,360.05,-0.27,-43.6,-22.5,0.0,0.0,-21.1,-0.0,671,3698,0,35,-24
1405,200.49,29512,360.25,360.01,-0.24,-41.9,-20.5,0.0,0.0,-21.4,-0.0,609,3635,0,31,-26
1406,200.67,29506,360.18,359.92,-0.26,-41.9,-21.5,0.0,0.0,-20.4,-0.0,534,3563,0,28,-30
1407,200.84,29491,360.00,359.84,-0.16,-34.0,-13.3,0.0,0.0,-20.7,-0.0,346,3363,0,14,-30
1408,200.93,29488,359.96,359.79,-0.17,-35.7,-14.3,0.0,0.0,-21.4,-0.0,309,3327,0,13,-32
1409,201.09,29483,359.90,359.71,-0.20,-36.4,-16.4,0.0,0.0,-20.1,-0.0,246,3269,0,11,-34
1410,201.26,29475,359.80,359.63,-0.17,-34.1,-14.3,0.0,0.0,-19.7,-0.0,146,3170,0,5,-33
1411,201.35,29469,359.73,359.58,-0.15,-34.0,-12.3,0.0,0.0,-21.7,-0.0,71,3085,0,1,-33
1412,201.51,29460,359.62,359.50,-0.12,-30.6,-10.2,0.0,0.0,-20.4,-0.0,4055,2985,0,-4,-29
1413,201.68,29451,359.51,359.42,-0.10,-28.2,-8.2,0.0,0.0,-20.1,-0.0,3942,2870,0,-8,-26
1414,201.77,29445,359.44,359.37,-0.06,-28.2,-5.1,0.0,0.0,-23.1,-0.0,3867,2780,0,-12,-25
1415,201.93,29434,359.30,359.29,-0.01,-20.4,-1.0,0.0,0.0,-19.4,-0.0,3730,2649,0,-12,-16
1416,202.10,29426,359.20,359.21,0.00,-19.7,0.0,0.0,0.0,-19.7,-0.0,3630,2551,0,-14,-13
1417,202.27,29416,359.08,359.12,0.04,-17.0,3.1,0.0,0.0,-20.1,-0.0,3505,2423,0,-14,-9
1418,202.36,29410,359.01,359.08,0.07,-16.6,6.1,0.0,0.0,-22.8,-0.0,3430,2339,0,-15,-7
1419,202.53,29398,358.86,358.99,0.13,-8.5,11.2,0.0,0.0,-19.7,-0.0,3280,2196,0,-8,-2
1420,202.70,29389,358.75,358.91,0.16,-6.4,13.3,0.0,0.0,-19.7,-0.0,3167,2087,0,-6,0
1421,202.79,29384,358.69,358.86,0.17,-7.8,14.3,0.0,0.0,-22.1,-0.0,3105,2015,0,-8,0
1422,202.95,29373,358.56,358.78,0.22,-2.3,18.4,0.0,0.0,-20.7,-0.0,2967,1880,0,-2,1
1423,203.12,29364,358.45,358.70,0.24,0.7,20.5,0.0,0.0,-19.7,-0.0,2855,3821,0,1,0
1424,203.21,29360,358.40,358.65,0.26,-1.9,21.5,0.0,0.0,-23.4,-0.0,2805,1718,0,-2,1
1425,203.39,29352,358.30,358.56,0.26,0.1,21.5,0.0,0.0,-21.4,-0.0,2705,3673,0,0,0
1426,203.55,29344,358.20,358.48,0.28,3.8,23.5,0.0,0.0,-19.7,-0.0,2605,3580,0,3,-3
1427,203.64,29338,358.13,358.44,0.31,4.2,25.6,0.0,0.0,-21.4,-0.0,2530,3501,0,2,-3
1428,203.81,29329,358.02,358.35,0.33,6.5,27.6,0.0,0.0,-21.1,-0.0,2417,3389,0,3,-6
1429,203.97,29321,357.92,358.27,0.34,7.2,28.6,0.0,0.0,-21.4,-0.0,2317,3285,0,2,-7
1430,204.06,29316,357.86,358.23,0.37,9.6,30.7,0.0,0.0,-21.1,-0.0,2255,3224,0,2,-9
1431,204.23,29305,357.73,358.14,0.42,14.7,34.8,0.0,0.0,-20.1,-0.0,2117,3085,0,0,-14
1432,204.40,29297,357.63,358.06,0.43,15.1,35.8,0.0,0.0,-20.7,-0.0,2017,2989,0,-2,-14
1433,204.48,29292,357.57,358.01,0.45,16.4,37.8,0.0,0.0,-21.4,-0.0,1955,2922,0,-4,-16
1434,204.65,29289,357.53,357.93,0.40,13.7,33.8,0.0,0.0,-20.1,-0.0,1917,2895,0,-4,-13
1435,204.82,29283,357.46,357.85,0.39,13.0,32.7,0.0,0.0,-19.7,-0.0,1842,2827,0,-5,-12
1436,204.91,29277,357.39,357.80,0.42,13.4,34.8,0.0,0.0,-21.4,-0.0,1767,2748,0,-6,-11
1437,205.08,29271,357.31,357.72,0.40,12.0,33.8,0.0,-0.0,-21.7,-0.0,1692,2676,0,-7,-10
1438,205.25,29265,357.24,357.63,0.39,12.0,32.7,0.0,-0.0,-20.7,-0.0,1617,2604,0,-8,-9
1439,205.33,29263,357.21,357.59,0.38,10.0,31.7,0.0,-0.0,-21.7,-0.0,1592,2576,0,-7,-7
1440,205.50,29256,357.13,357.51,0.38,11.3,31.7,0.0,-0.0,-20.4,-0.0,1505,2490,0,-9,-7
1441,205.67,29252,357.08,357.42,0.34,8.9,28.6,0.0,-0.0,-19.7,-0.0,1455,2451,0,-7,-5
1442,205.84,29243,356.97,357.34,0.37,11.0,30.7,0.0,-0.0,-19.7,-0.0,1342,2329,0,-10,-4
1443,205.92,29240,356.93,357.29,0.37,9.3,30.7,0.0,-0.0,-21.4,-0.0,1305,2290,0,-8,-3
1444,206.09,29238,356.91,357.21,0.31,5.8,25.6,0.0,-0.0,-19.7,-0.0,1280,2272,0,-5,-2
1445,206.26,29229,356.80,357.13,0.33,7.6,27.6,0.0,-0.0,-20.1,-0.0,1167,2155,0,-7,-1
1446,206.34,29226,356.76,357.08,0.32,5.2,26.6,0.0,-0.0,-21.4,-0.0,1130,2114,0,-5,-1
1447,206.51,29219,356.68,357.00,0.33,7.9,27.6,0.0,-0.0,-19.7,-0.0,1042,2032,0,-8,0
1448,206.68,29214,356.62,356.92,0.31,5.5,25.6,0.0,-0.0,-20.1,-0.0,980,1966,0,-5,1
1449,206.76,29213,356.60,356.87,0.27,-0.6,22.5,0.0,-0.0,-23.1,-0.0,967,3997,0,1,0
1450,206.93,29211,356.58,356.79,0.21,-1.7,17.4,0.0,-0.0,-19.1,-0.0,942,3989,0,2,0
1451,207.09,29204,356.49,356.71,0.22,-1.7,18.4,0.0,-0.0,-20.1,-0.0,855,3901,0,2,0
1452,207.25,29200,356.45,356.63,0.18,-3.7,15.3,0.0,-0.0,-19.1,-0.0,805,3853,0,3,-1
1453,207.34,29199,356.43,356.59,0.16,-7.1,13.3,0.0,-0.0,-20.4,-0.0,792,3842,0,6,-3
1454,207.50,29193,356.36,356.51,0.15,-7.5,12.3,0.0,-0.0,-19.7,-0.0,717,3762,0,6,-4
1455,207.67,29188,356.30,356.42,0.12,-9.8,10.2,0.0,-0.0,-20.1,-0.0,655,3694,0,8,-6
1456,207.76,29189,356.31,356.38,0.06,-18.3,5.1,0.0,-0.0,-23.4,-0.0,667,3713,0,15,-10
1457,207.93,29188,356.30,356.29,-0.01,-21.1,-1.0,0.0,-0.0,-20.1,-0.0,655,3710,0,17,-11
1458,208.09,29180,356.20,356.21,0.01,-18.7,1.0,0.0,-0.0,-19.7,-0.0,555,3604,0,13,-12
1459,208.26,29178,356.18,356.12,-0.05,-23.8,-4.1,0.0,-0.0,-19.7,-0.0,530,3588,0,16,-16
1460,208.35,29174,356.13,356.08,-0.05,-26.2,-4.1,0.0,-0.0,-22.1,-0.0,480,3530,0,16,-19
1461,208.52,29168,356.05,356.00,-0.06,-25.2,-5.1,0.0,-0.0,-20.1,-0.0,405,3448,0,13,-20
1462,208.69,29161,355.97,355.91,-0.06,-24.8,-5.1,0.0,-0.0,-19.7,-0.0,317,3355,0,10,-22
1463,208.78,29160,355.96,355.87,-0.09,-29.9,-7.2,0.0,-0.0,-22.8,-0.0,305,3345,0,12,-26
1464,208.95,29157,355.92,355.78,-0.13,-31.7,-11.2,0.0,-0.0,-20.4,-0.0,267,3309,0,11,-29
1465,209.11,29156,355.91,355.70,-0.21,-37.1,-17.4,0.0,-0.0,-19.7,-0.0,255,3307,0,13,-34
1466,209.21,29153,355.87,355.65,-0.22,-40.8,-18.4,0.0,-0.0,-22.4,-0.0,217,3265,0,12,-38
1467,209.37,29146,355.79,355.57,-0.22,-38.2,-18.4,0.0,-0.0,-19.7,-0.0,130,3181,0,6,-36
1468,209.54,29141,355.73,355.49,-0.24,-40.2,-20.5,0.0,-0.0,-19.7,-0.0,67,3113,0,2,-39
1469,209.63,29139,355.70,355.44,-0.26,-42.9,-21.5,0.0,-0.0,-21.4,-0.0,42,3086,0,1,-42
1470,209.79,29130,355.59,355.36,-0.23,-39.8,-19.4,0.0,-0.0,-20.4,-0.0,4026,2964,0,-6,-38
1471,209.96,29124,355.52,355.27,-0.24,-41.9,-20.5,0.0,-0.0,-21.4,-0.0,3951,2890,0,-11,-39
1472,210.05,29122,355.49,355.23,-0.26,-42.6,-21.5,0.0,-0.0,-21.1,-0.0,3926,2866,0,-13,-39
1473,210.22,29114,355.40,355.15,-0.24,-40.8,-20.5,0.0,0.0,-20.4,-0.0,3826,2763,0,-18,-35
1474,210.38,29108,355.32,355.06,-0.26,-41.5,-21.5,0.0,-0.0,-20.1,-0.0,3751,2689,0,-22,-33
1475,210.48,29102,355.25,355.02,-0.23,-42.2,-19.4,0.0,0.0,-22.8,-0.0,3676,2606,0,-27,-31
1476,210.65,29093,355.14,354.93,-0.21,-37.5,-17.4,0.0,0.0,-20.1,-0.0,3563,2495,0,-28,-23
1477,210.82,29084,355.03,354.85,-0.18,-35.8,-15.3,0.0,0.0,-20.4,-0.0,3451,2376,0,-30,-17
1478,210.91,29082,355.00,354.80,-0.21,-39.1,-17.4,0.0,0.0,-21.7,-0.0,3426,2353,0,-34,-17
1479,211.08,29072,354.88,354.72,-0.17,-34.4,-14.3,0.0,0.0,-20.1,-0.0,3301,2226,0,-32,-9
1480,211.24,29063,354.77,354.63,-0.13,-31.0,-11.2,0.0,0.0,-19.7,-0.0,3188,2115,0,-30,-3
1481,211.33,29057,354.70,354.59,-0.11,-31.6,-9.2,0.0,0.0,-22.4,-0.0,3113,2031,0,-31,1
1482,211.50,29052,354.64,354.51,-0.13,-32.0,-11.2,0.0,0.0,-20.7,-0.0,3051,1979,0,-31,3
1483,211.67,29042,354.52,354.42,-0.10,-28.2,-8.2,0.0,0.0,-20.1,-0.0,2926,1849,0,-26,8
1484,211.83,29036,354.44,354.34,-0.10,-27.9,-8.2,0.0,0.0,-19.7,-0.0,2851,1782,0,-25,11
1485,211.91,29029,354.36,354.30,-0.06,-25.8,-5.1,0.0,0.0,-20.7,-0.0,2763,1688,0,-21,13
1486,212.08,29018,354.22,354.22,-0.01,-21.1,-1.0,0.0,0.0,-20.1,-0.0,2626,1549,0,-15,14
1487,212.25,29010,354.13,354.13,0.00,-20.7,0.0,0.0,0.0,-20.7,-0.0,2526,1448,0,-12,16
1488,212.34,29005,354.06,354.09,0.02,-19.4,2.0,0.0,0.0,-21.4,-0.0,2463,1382,0,-10,16
1489,212.51,28991,353.89,354.00,0.11,-12.5,9.2,0.0,0.0,-21.7,-0.0,2288,1194,0,-3,12
1490,212.68,28986,353.83,353.92,0.09,-12.9,7.2,0.0,0.0,-20.1,-0.0,2226,1150,0,-2,12
1491,212.76,28982,353.78,353.87,0.09,-15.2,7.2,0.0,0.0,-22.4,-0.0,2176,1095,0,-2,15
1492,212.93,28969,353.63,353.79,0.16,-7.1,13.3,0.0,0.0,-20.4,-0.0,2013,929,0,1,7
1493,213.10,28958,353.49,353.70,0.21,-3.7,17.4,0.0,0.0,-21.1,-0.0,1876,792,0,1,3
1494,213.19,28954,353.44,353.66,0.22,-3.0,18.4,0.0,0.0,-21.4,-0.0,1826,745,0,1,3
1495,213.35,28946,353.34,353.58,0.24,1.4,20.5,0.0,0.0,-19.1,-0.0,1726,2695,0,-1,-1
1496,213.51,28937,353.23,353.50,0.27,2.4,22.5,0.0,0.0,-20.1,-0.0,1613,2581,0,-2,-2
1497,213.68,28929,353.14,353.42,0.28,2.8,23.5,0.0,0.0,-20.7,-0.0,1513,2483,0,-2,-2
1498,213.77,28923,353.06,353.37,0.31,2.8,25.6,0.0,0.0,-22.8,-0.0,1438,2404,0,-2,-1
1499,213.94,28917,352.99,353.29,0.29,2.8,24.5,0.0,0.0,-21.7,-0.0,1363,2335,0,-2,-1
1500,214.11,28907,352.87,353.20,0.33,6.9,27.6,0.0,0.0,-20.7,-0.0,1238,2211,0,-6,-2
1501,214.18,28903,352.82,353.16,0.34,9.9,28.6,0.0,0.0,-18.7,-0.0,1188,2166,0,-9,-2
1502,214.35,28896,352.73,353.08,0.34,8.9,28.6,0.0,0.0,-19.7,-0.0,1101,2078,0,-9,0
1503,214.53,28888,352.64,352.99,0.35,7.9,29.7,0.0,0.0,-21.7,-0.0,1001,1973,0,-8,1
1504,214.61,28884,352.59,352.95,0.37,7.9,30.7,0.0,0.0,-22.8,-0.0,951,1921,0,-8,1
1505,214.78,28877,352.50,352.87,0.37,9.6,30.7,0.0,0.0,-21.1,-0.0,863,1841,0,-9,3
1506,214.94,28870,352.42,352.79,0.37,10.6,30.7,0.0,0.0,-20.1,-0.0,776,1756,0,-9,4
1507,215.10,28864,352.34,352.71,0.37,10.6,30.7,0.0,0.0,-20.1,-0.0,701,1684,0,-9,5
1508,215.19,28860,352.29,352.66,0.37,9.3,30.7,0.0,0.0,-21.4,-0.0,651,1631,0,-7,5
1509,215.36,28853,352.21,352.58,0.37,10.6,30.7,0.0,0.0,-20.1,-0.0,563,1546,0,-7,7
1510,215.53,28847,352.14,352.49,0.35,9.9,29.7,0.0,-0.0,-19.7,-0.0,488,1474,0,-6,7
1511,215.61,28844,352.10,352.45,0.35,8.3,29.7,0.0,-0.0,-21.4,-0.0,451,1435,0,-5,6
1512,215.78,28838,352.03,352.36,0.34,8.2,28.6,0.0,-0.0,-20.4,-0.0,376,1362,0,-4,7
1513,215.95,28833,351.97,352.28,0.32,5.2,26.6,0.0,-0.0,-21.4,-0.0,313,1300,0,-2,5
1514,216.04,28829,351.92,352.24,0.32,5.5,26.6,0.0,-0.0,-21.1,-0.0,263,1251,0,-2,5
1515,216.20,28821,351.82,352.16,0.34,9.2,28.6,0.0,-0.0,-19.4,-0.0,163,1150,0,-2,9
1516,216.37,28814,351.73,352.07,0.34,7.9,28.6,0.0,0.0,-20.7,-0.0,76,1059,0,0,8
1517,216.55,28808,351.66,351.98,0.33,5.9,27.6,0.0,-0.0,-21.7,-0.0,1,984,0,0,6
1518,216.62,28806,351.64,351.94,0.31,5.8,25.6,0.0,-0.0,-19.7,-0.0,4072,961,0,1,6
1519,216.79,28802,351.59,351.86,0.27,2.8,22.5,0.0,-0.0,-19.7,-0.0,4022,918,0,0,3
1520,216.96,28792,351.46,351.78,0.32,6.5,26.6,0.0,-0.0,-20.1,-0.0,3897,787,0,2,6
1521,217.05,28789,351.43,351.73,0.31,3.2,25.6,0.0,-0.0,-22.4,-0.0,3859,747,0,1,3
1522,217.22,28788,351.42,351.65,0.23,-0.3,19.4,0.0,-0.0,-19.7,-0.0,3847,2794,0,0,0
1523,217.37,28784,351.37,351.57,0.21,-2.0,17.4,0.0,-0.0,-19.4,-0.0,3797,2744,0,-1,-2
1524,217.53,28777,351.28,351.49,0.21,-2.3,17.4,0.0,-0.0,-19.7,-0.0,3709,2654,0,-1,-2
1525,217.61,28775,351.26,351.45,0.20,-5.7,16.4,0.0,-0.0,-22.1,-0.0,3684,2632,0,-3,-4
1526,217.78,28773,351.23,351.36,0.13,-8.8,11.2,0.0,-0.0,-20.1,-0.0,3659,2611,0,-6,-6
1527,217.96,28770,351.20,351.28,0.09,-13.9,7.2,0.0,-0.0,-21.1,-0.0,3622,2572,0,-9,-10
1528,218.04,28764,351.12,351.24,0.11,-12.2,9.2,0.0,-0.0,-21.4,-0.0,3547,2492,0,-9,-7
1529,218.21,28760,351.07,351.15,0.07,-13.6,6.1,0.0,-0.0,-19.7,-0.0,3497,2449,0,-11,-8
1530,218.38,28756,351.03,351.07,0.04,-18.0,3.1,0.0,-0.0,-21.1,-0.0,3447,2394,0,-15,-9
1531,218.47,28754,351.00,351.02,0.02,-20.0,2.0,0.0,-0.0,-22.1,-0.0,3422,2368,0,-17,-9
1532,218.64,28749,350.94,350.93,-0.01,-21.4,-1.0,0.0,-0.0,-20.4,-0.0,3359,2305,0,-19,-8
1533,218.81,28746,350.90,350.85,-0.05,-23.8,-4.1,0.0,-0.0,-19.7,-0.0,3322,2278,0,-22,-8
1534,218.89,28743,350.87,350.81,-0.06,-26.5,-5.1,0.0,-0.0,-21.4,-0.0,3284,2234,0,-25,-7
1535,219.06,28740,350.83,350.73,-0.10,-28.2,-8.2,0.0,-0.0,-20.1,-0.0,3247,2200,0,-27,-6
1536,219.23,28738,350.81,350.64,-0.16,-33.0,-13.3,0.0,-0.0,-19.7,-0.0,3222,2176,0,-31,-6
1537,219.39,28732,350.73,350.56,-0.17,-34.4,-14.3,0.0,-0.0,-20.1,-0.0,3147,2102,0,-33,-3
1538,219.47,28730,350.71,350.52,-0.18,-36.8,-15.3,0.0,-0.0,-21.4,-0.0,3122,2073,0,-36,-1
1539,219.64,28723,350.62,350.44,-0.18,-35.4,-15.3,0.0,-0.0,-20.1,-0.0,3034,1983,0,-34,3
1540,219.81,28720,350.59,350.35,-0.23,-40.5,-19.4,0.0,-0.0,-21.1,-0.0,2997,1945,0,-39,6
1541,219.89,28717,350.55,350.31,-0.24,-41.9,-20.5,0.0,-0.0,-21.4,-0.0,2959,1902,0,-40,9
1542,220.06,28711,350.48,350.23,-0.24,-40.2,-20.5,0.0,-0.0,-19.7,-0.0,2884,1830,0,-37,13
1543,220.23,28705,350.40,350.14,-0.26,-42.2,-21.5,0.0,-0.0,-20.7,-0.0,2809,1753,0,-37,18
1544,220.32,28701,350.35,350.10,-0.26,-42.9,-21.5,0.0,-0.0,-21.4,-0.0,2759,1701,0,-36,21
1545,220.48,28696,350.29,350.01,-0.28,-43.2,-23.5,0.0,-0.0,-19.7,-0.0,2697,1639,0,-34,25
1546,220.65,28690,350.22,349.93,-0.29,-44.6,-24.5,0.0,-0.0,-20.1,-0.0,2622,1565,0,-32,29
1547,220.74,28686,350.17,349.88,-0.29,-46.6,-24.5,0.0,-0.0,-22.1,-0.0,2572,1509,0,-31,33
1548,220.91,28677,350.06,349.80,-0.26,-42.2,-21.5,0.0,0.0,-20.7,-0.0,2459,1393,0,-22,35
1549,221.08,28671,349.99,349.72,-0.27,-42.2,-22.5,0.0,0.0,-19.7,-0.0,2384,1320,0,-18,37
1550,221.25,28662,349.88,349.63,-0.24,-41.5,-20.5,0.0,0.0,-21.1,-0.0,2272,1201,0,-11,39
1551,221.33,28657,349.82,349.59,-0.23,-40.8,-19.4,0.0,0.0,-21.4,-0.0,2209,1134,0,-7,39
1552,221.50,28649,349.72,349.51,-0.22,-38.2,-18.4,0.0,0.0,-19.7,-0.0,2109,1039,0,-1,37
1553,221.67,28642,349.63,349.42,-0.21,-37.5,-17.4,0.0,0.0,-20.1,-0.0,2022,951,0,4,36
1554,221.76,28637,349.57,349.38,-0.20,-38.8,-16.4,0.0,0.0,-22.4,-0.0,1959,881,0,8,37
1555,221.93,28624,349.41,349.29,-0.12,-31.3,-10.2,0.0,0.0,-21.1,-0.0,1797,716,0,14,27
1556,222.10,28616,349.32,349.21,-0.11,-29.6,-9.2,0.0,0.0,-20.4,-0.0,1697,616,0,17,23
1557,222.18,28611,349.26,349.16,-0.09,-27.9,-7.2,0.0,0.0,-20.7,-0.0,1634,554,0,18,20
1558,222.35,28599,349.11,349.08,-0.02,-23.1,-2.0,0.0,0.0,-21.1,-0.0,1484,396,0,18,13
1559,222.52,28592,349.02,349.00,-0.02,-22.1,-2.0,0.0,0.0,-20.1,-0.0,1397,317,0,19,10
1560,222.61,28587,348.96,348.95,-0.01,-24.8,-1.0,0.0,0.0,-23.8,-0.0,1334,247,0,22,9
1561,222.78,28575,348.82,348.86,0.05,-17.6,4.1,0.0,0.0,-21.7,-0.0,1184,96,0,17,3
1562,222.95,28568,348.73,348.78,0.05,-16.3,4.1,0.0,0.0,-20.4,-0.0,1097,19,0,16,0
1563,223.04,28561,348.65,348.73,0.09,-15.6,7.2,0.0,0.0,-22.8,-0.0,1009,4020,0,15,-2
1564,223.21,28549,348.50,348.65,0.16,-6.4,13.3,0.0,0.0,-19.7,-0.0,859,3871,0,6,-2
1565,223.38,28541,348.40,348.57,0.17,-5.7,14.3,0.0,0.0,-20.1,-0.0,759,3771,0,5,-3
1566,223.46,28536,348.34,348.52,0.18,-6.7,15.3,0.0,0.0,-22.1,-0.0,697,3708,0,5,-4
1567,223.63,28525,348.21,348.44,0.23,-1.3,19.4,0.0,0.0,-20.7,-0.0,559,3567,0,1,-1
1568,223.80,28515,348.08,348.35,0.27,1.4,22.5,0.0,0.0,-21.1,-0.0,434,1398,0,-1,1
1569,223.88,28515,348.08,348.32,0.23,-0.3,19.4,0.0,0.0,-19.7,-0.0,434,3457,0,0,0
1570,224.05,28505,347.96,348.23,0.27,2.8,22.5,0.0,0.0,-19.7,-0.0,309,1281,0,-1,2
1571,224.21,28496,347.85,348.15,0.29,4.8,24.5,0.0,0.0,-19.7,-0.0,197,1170,0,-1,5
1572,224.38,28486,347.73,348.07,0.34,8.9,28.6,0.0,0.0,-19.7,-0.0,72,1048,0,0,9
1573,224.47,28482,347.68,348.02,0.34,6.9,28.6,0.0,0.0,-21.7,-0.0,22,993,0,0,7
1574,224.64,28474,347.58,347.94,0.35,9.9,29.7,0.0,0.0,-19.7,-0.0,4018,894,0,2,9
1575,224.80,28465,347.47,347.86,0.38,11.6,31.7,0.0,0.0,-20.1,-0.0,3905,780,0,4,10
1576,224.89,28462,347.44,347.81,0.38,10.3,31.7,0.0,0.0,-21.4,-0.0,3868,743,0,4,9
1577,225.05,28454,347.34,347.73,0.39,13.0,32.7,0.0,0.0,-19.7,-0.0,3768,651,0,7,11
1578,225.23,28443,347.20,347.64,0.44,15.4,36.8,0.0,0.0,-21.4,-0.0,3630,505,0,11,10
1579,225.31,28441,347.18,347.60,0.42,13.4,34.8,0.0,0.0,-21.4,-0.0,3605,482,0,10,9
1580,225.48,28435,347.11,347.52,0.42,15.0,34.8,0.0,0.0,-19.7,-0.0,3530,415,0,12,9
1581,225.65,28427,347.01,347.43,0.42,13.0,34.8,0.0,0.0,-21.7,-0.0,3430,311,0,11,6
1582,225.74,28424,346.97,347.39,0.42,12.4,34.8,0.0,0.0,-22.4,-0.0,3393,273,0,11,5
1583,225.91,28419,346.91,347.30,0.39,11.0,32.7,0.0,-0.0,-21.7,-0.0,3330,221,0,10,4
1584,226.07,28416,346.88,347.22,0.34,8.6,28.6,0.0,-0.0,-20.1,-0.0,3293,189,0,8,2
1585,226.24,28407,346.77,347.14,0.37,11.0,30.7,0.0,-0.0,-19.7,-0.0,3180,75,0,11,1
1586,226.32,28405,346.74,347.09,0.35,8.3,29.7,0.0,-0.0,-21.4,-0.0,3155,49,0,8,1
1587,226.50,28402,346.70,347.01,0.31,4.5,25.6,0.0,-0.0,-21.1,-0.0,3118,15,0,4,0
1588,226.65,28395,346.62,346.93,0.31,4.8,25.6,0.0,-0.0,-20.7,-0.0,3030,4022,0,5,-1
1589,226.74,28390,346.56,346.88,0.33,4.9,27.6,0.0,-0.0,-22.8,-0.0,2968,3949,0,5,-1
1590,226.91,28386,346.51,346.80,0.29,3.1,24.5,0.0,-0.0,-21.4,-0.0,2918,3910,0,3,-1
1591,227.08,28380,346.44,346.72,0.28,3.1,23.5,0.0,-0.0,-20.4,-0.0,2843,3830,0,3,-1
1592,227.17,28378,346.41,346.67,0.26,0.1,21.5,0.0,-0.0,-21.4,-0.0,2818,3805,0,0,0
1593,227.34,28375,346.37,346.59,0.21,-2.3,17.4,0.0,-0.0,-19.7,-0.0,2780,1728,0,-2,1
1594,227.51,28370,346.31,346.50,0.18,-6.1,15.3,0.0,-0.0,-21.4,-0.0,2718,1667,0,-5,3
1595,227.67,28366,346.26,346.42,0.16,-6.4,13.3,0.0,-0.0,-19.7,-0.0,2668,1619,0,-5,4
1596,227.76,28362,346.22,346.38,0.16,-10.4,13.3,0.0,-0.0,-23.8,-0.0,2618,1563,0,-7,7
1597,227.93,28356,346.14,346.29,0.15,-8.8,12.3,0.0,-0.0,-21.1,-0.0,2543,1490,0,-6,6
1598,228.02,28354,346.12,346.25,0.12,-11.2,10.2,0.0,-0.0,-21.4,-0.0,2518,1462,0,-7,8
1599,228.19,28350,346.07,346.16,0.09,-13.9,7.2,0.0,-0.0,-21.1,-0.0,2468,1414,0,-8,11
1600,228.36,28345,346.01,346.08,0.06,-15.3,5.1,0.0,-0.0,-20.4,-0.0,2405,1351,0,-7,13
1601,228.45,28343,345.98,346.03,0.05,-17.3,4.1,0.0,-0.0,-21.4,-0.0,2380,1327,0,-8,15
1602,228.61,28340,345.95,345.95,0.00,-20.7,0.0,0.0,-0.0,-20.7,-0.0,2343,1295,0,-8,18
1603,228.79,28334,345.87,345.86,-0.01,-21.4,-1.0,0.0,-0.0,-20.4,-0.0,2268,1218,0,-6,20
1604,228.88,28331,345.84,345.82,-0.02,-24.8,-2.0,0.0,-0.0,-22.8,-0.0,2230,1175,0,-6,23
1605,229.05,28330,345.83,345.73,-0.10,-28.6,-8.2,0.0,-0.0,-20.4,-0.0,2218,1172,0,-6,27
1606,229.22,28325,345.76,345.65,-0.12,-32.3,-10.2,0.0,-0.0,-22.1,-0.0,2155,1105,0,-4,31
1607,229.30,28320,345.70,345.60,-0.10,-29.6,-8.2,0.0,-0.0,-21.4,-0.0,2093,1039,0,-1,29
1608,229.48,28315,345.64,345.52,-0.12,-31.6,-10.2,0.0,-0.0,-21.4,-0.0,2030,977,0,2,31
1609,229.64,28314,345.63,345.43,-0.20,-36.1,-16.4,0.0,-0.0,-19.7,-0.0,2018,971,0,3,35
1610,229.81,28309,345.57,345.35,-0.22,-38.5,-18.4,0.0,-0.0,-20.1,-0.0,1955,902,0,7,37
1611,229.90,28305,345.52,345.31,-0.22,-41.8,-18.4,0.0,-0.0,-23.4,-0.0,1905,847,0,11,39
1612,230.07,28299,345.45,345.22,-0.22,-39.2,-18.4,0.0,-0.0,-20.7,-0.0,1830,779,0,14,35
1613,230.24,28294,345.39,345.14,-0.24,-40.8,-20.5,0.0,-0.0,-20.4,-0.0,1768,713,0,18,35
1614,230.32,28290,345.34,345.09,-0.24,-41.9,-20.5,0.0,-0.0,-21.4,-0.0,1718,657,0,22,34
1615,230.49,28285,345.28,345.01,-0.27,-43.2,-22.5,0.0,-0.0,-20.7,-0.0,1655,596,0,26,33
1616,230.67,28278,345.19,344.92,-0.27,-42.9,-22.5,0.0,-0.0,-20.4,-0.0,1568,507,0,30,29
1617,230.75,28274,345.14,344.88,-0.27,-45.6,-22.5,0.0,-0.0,-23.1,-0.0,1518,453,0,34,28
1618,230.93,28267,345.06,344.79,-0.27,-43.2,-22.5,0.0,-0.0,-20.7,-0.0,1430,366,0,35,22
1619,231.01,28262,345.00,344.75,-0.24,-42.2,-20.5,0.0,0.0,-21.7,-0.0,1368,301,0,37,18
1620,231.18,28255,344.91,344.67,-0.24,-39.5,-20.5,0.0,0.0,-19.1,-0.0,1280,215,0,36,12
1621,231.34,28247,344.81,344.58,-0.23,-39.2,-19.4,0.0,0.0,-19.7,-0.0,1180,112,0,37,6
1622,231.51,28239,344.71,344.50,-0.21,-37.1,-17.4,0.0,0.0,-19.7,-0.0,1080,10,0,36,1
1623,231.60,28234,344.65,344.46,-0.20,-38.8,-16.4,0.0,0.0,-22.4,-0.0,1018,4036,0,37,-3
1624,231.77,28225,344.54,344.37,-0.17,-35.1,-14.3,0.0,0.0,-20.7,-0.0,905,3927,0,33,-9
1625,231.94,28216,344.43,344.29,-0.15,-32.0,-12.3,0.0,0.0,-19.7,-0.0,793,3815,0,28,-13
1626,232.03,28211,344.37,344.24,-0.13,-33.3,-11.2,0.0,0.0,-22.1,-0.0,730,3745,0,28,-17
1627,232.20,28201,344.25,344.16,-0.10,-28.9,-8.2,0.0,0.0,-20.7,-0.0,605,3622,0,21,-19
1628,232.37,28192,344.14,344.07,-0.07,-26.9,-6.1,0.0,0.0,-20.7,-0.0,493,3509,0,16,-20
1629,232.46,28186,344.07,344.03,-0.04,-24.5,-3.1,0.0,0.0,-21.4,-0.0,418,3431,0,12,-20
1630,232.63,28182,344.02,343.94,-0.09,-27.6,-7.2,0.0,0.0,-20.4,-0.0,368,3391,0,13,-24
1631,232.80,28167,343.84,343.86,0.02,-18.0,2.0,0.0,0.0,-20.1,-0.0,180,3194,0,3,-17
1632,232.89,28165,343.81,343.81,0.00,-22.4,0.0,0.0,0.0,-22.4,-0.0,155,3170,0,3,-21
1633,233.06,28155,343.69,343.73,0.04,-17.0,3.1,0.0,0.0,-20.1,-0.0,30,3049,0,-1,-16
1634,233.23,28145,343.57,343.64,0.07,-14.6,6.1,0.0,0.0,-20.7,-0.0,4001,2920,0,-3,-14
1635,233.31,28138,343.48,343.60,0.12,-11.2,10.2,0.0,0.0,-21.4,-0.0,3914,2822,0,-4,-10
1636,233.48,28128,343.36,343.51,0.16,-8.1,13.3,0.0,0.0,-21.4,-0.0,3789,2706,0,-4,-7
1637,233.65,28118,343.24,343.43,0.20,-3.7,16.4,0.0,0.0,-20.1,-0.0,3664,2579,0,-2,-3
1638,233.74,28114,343.19,343.39,0.20,-6.0,16.4,0.0,0.0,-22.4,-0.0,3614,2525,0,-4,-4
1639,233.91,28103,343.05,343.30,0.24,0.4,20.5,0.0,0.0,-20.1,-0.0,3476,344,0,0,0
1640,234.09,28098,342.99,343.21,0.22,-2.7,18.4,0.0,0.0,-21.1,-0.0,3414,2339,0,-2,-1
1641,234.17,28092,342.92,343.17,0.24,-0.9,20.5,0.0,0.0,-21.4,-0.0,3339,2260,0,-1,0
1642,234.34,28082,342.80,343.09,0.29,4.1,24.5,0.0,0.0,-20.4,-0.0,3214,90,0,4,1
1643,234.51,28071,342.66,343.00,0.34,6.9,28.6,0.0,0.0,-21.7,-0.0,3076,4042,0,7,-1
1644,234.60,28067,342.61,342.96,0.34,7.2,28.6,0.0,0.0,-21.4,-0.0,3026,3995,0,7,-1
1645,234.76,28058,342.50,342.88,0.37,9.3,30.7,0.0,0.0,-21.4,-0.0,2914,3876,0,8,-3
1646,234.93,28050,342.41,342.79,0.38,11.0,31.7,0.0,0.0,-20.7,-0.0,2814,3783,0,9,-5
1647,235.02,28047,342.37,342.75,0.38,10.0,31.7,0.0,0.0,-21.7,-0.0,2776,3746,0,8,-5
1648,235.19,28038,342.26,342.66,0.40,13.0,33.8,0.0,0.0,-20.7,-0.0,2664,3639,0,10,-8
1649,235.36,28030,342.16,342.58,0.42,14.0,34.8,0.0,0.0,-20.7,-0.0,2564,3538,0,9,-10
1650,235.45,28028,342.14,342.53,0.39,10.0,32.7,0.0,0.0,-22.8,-0.0,2539,3515,0,6,-8
1651,235.62,28022,342.07,342.44,0.38,11.0,31.7,0.0,0.0,-20.7,-0.0,2464,3447,0,6,-9
1652,235.79,28014,341.97,342.36,0.39,13.7,32.7,0.0,0.0,-19.1,-0.0,2364,3347,0,5,-12
1653,235.88,28010,341.92,342.32,0.40,11.0,33.8,0.0,0.0,-22.8,-0.0,2314,3293,0,4,-10
1654,236.05,28005,341.86,342.23,0.38,11.3,31.7,0.0,-0.0,-20.4,-0.0,2251,3239,0,3,-11
1655,236.21,27998,341.77,342.15,0.38,12.3,31.7,0.0,0.0,-19.4,-0.0,2164,3150,0,1,-12
1656,236.30,27995,341.74,342.11,0.37,9.3,30.7,0.0,-0.0,-21.4,-0.0,2126,3108,0,0,-9
1657,236.47,27987,341.64,342.02,0.38,9.6,31.7,0.0,-0.0,-22.1,-0.0,2026,3008,0,-1,-9
1658,236.64,27984,341.60,341.94,0.34,8.6,28.6,0.0,-0.0,-20.1,-0.0,1989,2978,0,-1,-8
1659,236.72,27982,341.58,341.90,0.32,5.5,26.6,0.0,-0.0,-21.1,-0.0,1964,2953,0,-1,-5
1660,236.89,27973,341.47,341.81,0.34,8.2,28.6,0.0,-0.0,-20.4,-0.0,1851,2839,0,-3,-7
1661,237.07,27969,341.42,341.72,0.31,4.5,25.6,0.0,-0.0,-21.1,-0.0,1801,2793,0,-2,-4
1662,237.15,27965,341.37,341.68,0.31,3.2,25.6,0.0,-0.0,-22.4,-0.0,1751,2740,0,-1,-3
1663,237.32,27960,341.31,341.60,0.29,4.8,24.5,0.0,-0.0,-19.7,-0.0,1689,2679,0,-3,-4
1664,237.49,27954,341.24,341.51,0.28,2.5,23.5,0.0,-0.0,-21.1,-0.0,1614,2603,0,-2,-2
1665,237.58,27953,341.22,341.47,0.24,-2.0,20.5,0.0,-0.0,-22.4,-0.0,1601,545,0,1,1
1666,237.75,27950,341.19,341.38,0.20,-6.0,16.4,0.0,-0.0,-22.4,-0.0,1564,510,0,4,4
1667,237.92,27944,341.11,341.30,0.18,-4.4,15.3,0.0,-0.0,-19.7,-0.0,1489,441,0,3,3
1668,238.01,27942,341.09,341.25,0.16,-8.8,13.3,0.0,-0.0,-22.1,-0.0,1464,412,0,7,5
1669,238.18,27942,341.09,341.17,0.07,-14.3,6.1,0.0,-0.0,-20.4,-0.0,1464,423,0,11,8
1670,238.35,27935,341.00,341.08,0.07,-13.9,6.1,0.0,-0.0,-20.1,-0.0,1376,328,0,12,7
1671,238.51,27928,340.92,341.00,0.09,-13.6,7.2,0.0,-0.0,-20.7,-0.0,1289,235,0,12,5
1672,238.59,27927,340.91,340.96,0.06,-14.3,5.1,0.0,-0.0,-19.4,-0.0,1276,228,0,13,5
1673,238.76,27925,340.88,340.88,0.00,-21.7,0.0,0.0,-0.0,-21.7,-0.0,1251,200,0,20,6
1674,238.93,27921,340.83,340.79,-0.04,-23.8,-3.1,0.0,-0.0,-20.7,-0.0,1201,150,0,22,5
1675,239.02,27919,340.81,340.75,-0.06,-26.9,-5.1,0.0,-0.0,-21.7,-0.0,1176,127,0,26,5
1676,239.19,27912,340.72,340.66,-0.06,-24.8,-5.1,0.0,-0.0,-19.7,-0.0,1089,42,0,24,2
1677,239.36,27909,340.69,340.57,-0.11,-30.6,-9.2,0.0,-0.0,-21.4,-0.0,1051,0,0,30,0
1678,239.45,27908,340.67,340.53,-0.15,-33.7,-12.3,0.0,-0.0,-21.4,-0.0,1039,4085,0,33,-1
1679,239.62,27907,340.66,340.45,-0.22,-38.2,-18.4,0.0,-0.0,-19.7,-0.0,1026,4078,0,37,-1
1680,239.79,27899,340.56,340.36,-0.21,-39.5,-17.4,0.0,-0.0,-22.1,-0.0,926,3971,0,38,-7
1681,239.87,27897,340.54,340.32,-0.22,-39.8,-18.4,0.0,-0.0,-21.4,-0.0,901,3950,0,38,-9
1682,240.05,27891,340.47,340.23,-0.23,-40.8,-19.4,0.0,-0.0,-21.4,-0.0,826,3871,0,37,-13
1683,240.21,27886,340.41,340.15,-0.26,-41.2,-21.5,0.0,-0.0,-19.7,-0.0,764,3805,0,36,-17
1684,240.30,27881,340.34,340.11,-0.24,-42.5,-20.5,0.0,-0.0,-22.1,-0.0,701,3732,0,35,-22
1685,240.47,27877,340.30,340.02,-0.28,-45.2,-23.5,0.0,-0.0,-21.7,-0.0,651,3689,0,36,-26
1686,240.64,27870,340.21,339.93,-0.28,-44.9,-23.5,0.0,-0.0,-21.4,-0.0,564,3599,0,31,-30
1687,240.74,27864,340.14,339.89,-0.24,-43.9,-20.5,0.0,-0.0,-23.4,-0.0,489,3516,0,27,-33
1688,240.91,27859,340.08,339.80,-0.27,-42.9,-22.5,0.0,-0.0,-20.4,-0.0,426,3459,0,23,-34
1689,241.07,27851,339.98,339.72,-0.26,-41.2,-21.5,0.0,-0.0,-19.7,-0.0,326,3360,0,17,-36
1690,241.16,27847,339.93,339.67,-0.26,-43.9,-21.5,0.0,0.0,-22.4,-0.0,276,3301,0,15,-40
1691,241.33,27836,339.79,339.59,-0.21,-38.1,-17.4,0.0,0.0,-20.7,-0.0,139,3161,0,5,-37
1692,241.50,27831,339.73,339.51,-0.23,-39.5,-19.4,0.0,0.0,-20.1,-0.0,76,3102,0,2,-38
1693,241.59,27828,339.70,339.46,-0.23,-40.8,-19.4,0.0,0.0,-21.4,-0.0,39,3064,0,0,-40
1694,241.76,27816,339.55,339.37,-0.17,-37.1,-14.3,0.0,0.0,-22.8,-0.0,3985,2905,0,-9,-35
1695,241.93,27811,339.49,339.29,-0.20,-37.1,-16.4,0.0,0.0,-20.7,-0.0,3922,2854,0,-12,-34
1696,242.02,27805,339.42,339.25,-0.17,-36.7,-14.3,0.0,0.0,-22.4,-0.0,3847,2774,0,-16,-32
1697,242.19,27797,339.32,339.16,-0.16,-33.7,-13.3,0.0,0.0,-20.4,-0.0,3747,2674,0,-19,-27
1698,242.36,27786,339.18,339.08,-0.11,-29.3,-9.2,0.0,0.0,-20.1,-0.0,3610,2534,0,-21,-19
1699,242.45,27782,339.14,339.03,-0.10,-31.6,-8.2,0.0,0.0,-23.4,-0.0,3560,2479,0,-24,-19
1700,242.61,27769,338.98,338.95,-0.02,-22.5,-2.0,0.0,0.0,-20.4,-0.0,3397,2312,0,-20,-9
1701,242.79,27757,338.83,338.86,0.02,-19.0,2.0,0.0,0.0,-21.1,-0.0,3247,2157,0,-18,-3
1702,242.88,27752,338.77,338.82,0.05,-17.6,4.1,0.0,0.0,-21.7,-0.0,3185,2092,0,-17,-1
1703,243.05,27744,338.67,338.73,0.06,-15.0,5.1,0.0,0.0,-20.1,-0.0,3085,2002,0,-14,1
1704,243.22,27735,338.56,338.65,0.09,-12.6,7.2,0.0,0.0,-19.7,-0.0,2972,1890,0,-12,3
1705,243.31,27728,338.48,338.60,0.12,-12.2,10.2,0.0,0.0,-22.4,-0.0,2885,1796,0,-11,4
1706,243.48,27719,338.37,338.52,0.15,-7.5,12.3,0.0,0.0,-19.7,-0.0,2772,1695,0,-6,4
1707,243.64,27707,338.22,338.43,0.22,-2.3,18.4,0.0,0.0,-20.7,-0.0,2622,1537,0,-2,2
1708,243.73,27704,338.18,338.39,0.21,-4.0,17.4,0.0,0.0,-21.4,-0.0,2585,1500,0,-3,3
1709,243.90,27694,338.06,338.31,0.24,0.7,20.5,0.0,0.0,-19.7,-0.0,2460,3426,0,0,-1
1710,244.07,27684,337.94,338.22,0.28,2.1,23.5,0.0,0.0,-21.4,-0.0,2335,3302,0,1,-2
1711,244.14,27680,337.89,338.18,0.29,5.8,24.5,0.0,0.0,-18.7,-0.0,2285,3256,0,2,-5
1712,244.31,27671,337.78,338.10,0.32,6.9,26.6,0.0,0.0,-19.7,-0.0,2172,3144,0,1,-7
1713,244.49,27660,337.65,338.01,0.37,10.3,30.7,0.0,0.0,-20.4,-0.0,2035,2998,0,-1,-10
1714,244.57,27659,337.63,337.97,0.33,5.5,27.6,0.0,0.0,-22.1,-0.0,2022,2990,0,-1,-5
1715,244.75,27649,337.51,337.88,0.37,8.9,30.7,0.0,0.0,-21.7,-0.0,1897,2866,0,-3,-8
1716,244.92,27641,337.41,337.80,0.38,12.0,31.7,0.0,0.0,-19.7,-0.0,1797,2775,0,-5,-10
1717,245.00,27638,337.38,337.76,0.38,10.3,31.7,0.0,0.0,-21.4,-0.0,1760,2734,0,-5,-9
1718,245.17,27630,337.28,337.67,0.39,13.0,32.7,0.0,0.0,-19.7,-0.0,1660,2642,0,-8,-10
1719,245.35,27618,337.13,337.58,0.45,16.4,37.8,0.0,0.0,-21.4,-0.0,1510,2478,0,-13,-10
1720,245.43,27615,337.10,337.54,0.44,14.4,36.8,0.0,0.0,-22.4,-0.0,1472,2442,0,-11,-8
1721,245.60,27612,337.06,337.46,0.39,13.0,32.7,0.0,0.0,-19.7,-0.0,1435,2418,0,-11,-7
1722,245.78,27604,336.96,337.36,0.40,12.0,33.8,0.0,0.0,-21.7,-0.0,1335,2311,0,-11,-5
1723,245.87,27602,336.94,337.32,0.38,10.6,31.7,0.0,-0.0,-21.1,-0.0,1310,2293,0,-10,-4
1724,246.04,27593,336.83,337.24,0.40,12.4,33.8,0.0,-0.0,-21.4,-0.0,1197,2183,0,-12,-2
1725,246.21,27591,336.80,337.15,0.34,8.6,28.6,0.0,-0.0,-20.1,-0.0,1172,2162,0,-8,-1
1726,246.30,27587,336.76,337.11,0.35,7.6,29.7,0.0,-0.0,-22.1,-0.0,1122,2107,0,-7,-1
1727,246.47,27580,336.67,337.02,0.35,9.9,29.7,0.0,-0.0,-19.7,-0.0,1035,2026,0,-10,0
1728,246.64,27573,336.58,336.93,0.35,8.6,29.7,0.0,-0.0,-21.1,-0.0,947,1935,0,-8,1
1729,246.73,27574,336.60,336.89,0.29,3.5,24.5,0.0,-0.0,-21.1,-0.0,960,1956,0,-3,0
1730,246.90,27567,336.51,336.81,0.29,4.1,24.5,0.0,-0.0,-20.4,-0.0,872,1861,0,-4,1
1731,247.06,27561,336.44,336.73,0.29,4.8,24.5,0.0,-0.0,-19.7,-0.0,797,1789,0,-4,2
1732,247.15,27560,336.43,336.68,0.26,0.1,21.5,0.0,-0.0,-21.4,-0.0,785,1778,0,0,0
1733,247.31,27555,336.36,336.60,0.23,-1.3,19.4,0.0,-0.0,-20.7,-0.0,722,3767,0,1,-1
1734,247.49,27550,336.30,336.51,0.21,-2.7,17.4,0.0,-0.0,-20.1,-0.0,660,3703,0,2,-1
1735,247.57,27547,336.27,336.47,0.21,-4.0,17.4,0.0,-0.0,-21.4,-0.0,622,3663,0,3,-2
1736,247.75,27545,336.24,336.38,0.15,-10.5,12.3,0.0,-0.0,-22.8,-0.0,597,3643,0,8,-6
1737,247.91,27541,336.19,336.30,0.11,-11.2,9.2,0.0,-0.0,-20.4,-0.0,547,3594,0,8,-8
1738,248.00,27537,336.15,336.25,0.11,-13.5,9.2,0.0,-0.0,-22.8,-0.0,497,3540,0,9,-10
1739,248.17,27533,336.10,336.17,0.07,-14.9,6.1,0.0,-0.0,-21.1,-0.0,447,3494,0,9,-12
1740,248.34,27525,336.00,336.09,0.09,-13.6,7.2,0.0,-0.0,-20.7,-0.0,347,3386,0,6,-12
1741,248.43,27524,335.99,336.04,0.06,-17.3,5.1,0.0,-0.0,-22.4,-0.0,335,3373,0,7,-15
1742,248.59,27521,335.95,335.96,0.01,-19.4,1.0,0.0,-0.0,-20.4,-0.0,297,3340,0,8,-17
1743,248.77,27519,335.93,335.87,-0.05,-25.8,-4.1,0.0,-0.0,-21.7,-0.0,272,3321,0,9,-23
1744,248.85,27515,335.88,335.83,-0.05,-25.8,-4.1,0.0,-0.0,-21.7,-0.0,222,3266,0,7,-24
1745,249.02,27512,335.84,335.75,-0.10,-27.9,-8.2,0.0,-0.0,-19.7,-0.0,185,3239,0,7,-26
1746,249.18,27506,335.77,335.66,-0.10,-27.9,-8.2,0.0,-0.0,-19.7,-0.0,110,3159,0,4,-27
1747,249.35,27499,335.68,335.58,-0.10,-29.2,-8.2,0.0,-0.0,-21.1,-0.0,22,3060,0,-1,-28
1748,249.44,27498,335.67,335.54,-0.13,-33.0,-11.2,0.0,-0.0,-21.7,-0.0,10,3049,0,-1,-32
1749,249.61,27493,335.61,335.45,-0.16,-33.4,-13.3,0.0,-0.0,-20.1,-0.0,4043,2990,0,-4,-32
1750,249.71,27490,335.57,335.40,-0.17,-38.7,-14.3,0.0,-0.0,-24.4,-0.0,4006,2944,0,-7,-37
1751,249.87,27485,335.51,335.32,-0.20,-37.1,-16.4,0.0,-0.0,-20.7,-0.0,3943,2888,0,-10,-35
1752,250.04,27484,335.50,335.24,-0.27,-41.9,-22.5,0.0,-0.0,-19.4,-0.0,3931,2886,0,-11,-39
1753,250.21,27474,335.38,335.15,-0.22,-38.2,-18.4,0.0,-0.0,-19.7,-0.0,3806,2752,0,-17,-33
1754,250.29,27471,335.34,335.11,-0.23,-40.8,-19.4,0.0,-0.0,-21.4,-0.0,3768,2710,0,-21,-34
1755,250.47,27466,335.28,335.02,-0.26,-42.2,-21.5,0.0,-0.0,-20.7,-0.0,3706,2649,0,-25,-33
1756,250.64,27457,335.17,334.94,-0.23,-40.5,-19.4,0.0,-0.0,-21.1,-0.0,3593,2528,0,-29,-26
1757,250.73,27451,335.10,334.89,-0.21,-40.8,-17.4,0.0,0.0,-23.4,-0.0,3518,2439,0,-33,-22
1758,250.90,27445,335.02,334.81,-0.22,-38.2,-18.4,0.0,0.0,-19.7,-0.0,3443,2379,0,-32,-18
1759,250.99,27442,334.99,334.76,-0.22,-41.8,-18.4,0.0,0.0,-23.4,-0.0,3406,2335,0,-37,-17
1760,251.16,27434,334.89,334.68,-0.21,-37.1,-17.4,0.0,0.0,-19.7,-0.0,3306,2238,0,-34,-10
1761,251.33,27427,334.80,334.59,-0.21,-38.5,-17.4,0.0,0.0,-21.1,-0.0,3218,2150,0,-37,-6
1762,251.42,27425,334.78,334.55,-0.23,-40.8,-19.4,0.0,-0.0,-21.4,-0.0,3193,2130,0,-39,-5
1763,251.58,27414,334.64,334.46,-0.18,-35.1,-15.3,0.0,0.0,-19.7,-0.0,3056,1989,0,-34,3
1764,251.75,27405,334.53,334.38,-0.16,-34.0,-13.3,0.0,0.0,-20.7,-0.0,2943,1868,0,-32,9
1765,251.92,27396,334.42,334.30,-0.13,-32.0,-11.2,0.0,0.0,-20.7,-0.0,2831,1758,0,-28,13
1766,252.01,27390,334.35,334.25,-0.10,-31.3,-8.2,0.0,0.0,-23.1,-0.0,2756,1671,0,-25,17
1767,252.18,27381,334.24,334.17,-0.07,-26.9,-6.1,0.0,0.0,-20.7,-0.0,2643,1562,0,-19,18
1768,252.36,27371,334.12,334.08,-0.04,-24.8,-3.1,0.0,0.0,-21.7,-0.0,2518,1437,0,-14,19
1769,252.44,27366,334.06,334.04,-0.02,-24.1,-2.0,0.0,0.0,-22.1,-0.0,2456,1371,0,-12,20
1770,252.61,27356,333.94,333.95,0.01,-20.0,1.0,0.0,0.0,-21.1,-0.0,2331,1248,0,-7,18
1771,252.71,27351,333.87,333.90,0.02,-21.4,2.0,0.0,0.0,-23.4,-0.0,2268,1180,0,-5,20
1772,252.87,27343,333.78,333.82,0.04,-17.0,3.1,0.0,0.0,-20.1,-0.0,2168,1090,0,-2,16
1773,253.05,27333,333.65,333.73,0.07,-14.6,6.1,0.0,0.0,-20.7,-0.0,2043,964,0,1,14
1774,253.13,27329,333.61,333.69,0.09,-14.2,7.2,0.0,0.0,-21.4,-0.0,1993,914,0,2,14
1775,253.31,27319,333.48,333.60,0.12,-10.8,10.2,0.0,0.0,-21.1,-0.0,1868,789,0,4,10
1776,253.48,27306,333.33,333.52,0.20,-3.7,16.4,0.0,0.0,-20.1,-0.0,1706,623,0,2,3
1777,253.57,27300,333.25,333.47,0.22,-4.0,18.4,0.0,0.0,-22.4,-0.0,1631,539,0,3,3
1778,253.73,27294,333.18,333.39,0.21,-2.3,17.4,0.0,0.0,-19.7,-0.0,1556,477,0,2,2
1779,253.90,27285,333.07,333.31,0.24,0.7,20.5,0.0,0.0,-19.7,-0.0,1443,2413,0,-1,0
1780,253.98,27281,333.02,333.26,0.24,-2.0,20.5,0.0,0.0,-22.4,-0.0,1393,308,0,2,1
1781,254.15,27272,332.91,333.18,0.27,2.4,22.5,0.0,0.0,-20.1,-0.0,1281,2256,0,-2,-1
1782,254.32,27264,332.81,333.10,0.28,3.8,23.5,0.0,0.0,-19.7,-0.0,1181,2160,0,-4,-1
1783,254.49,27254,332.69,333.01,0.32,6.9,26.6,0.0,0.0,-19.7,-0.0,1056,2029,0,-7,0
1784,254.58,27251,332.65,332.97,0.32,4.5,26.6,0.0,0.0,-22.1,-0.0,1018,1988,0,-4,0
1785,254.75,27244,332.57,332.88,0.31,3.2,25.6,0.0,0.0,-22.4,-0.0,931,1904,0,-3,1
1786,254.84,27237,332.48,332.83,0.35,7.9,29.7,0.0,0.0,-21.7,-0.0,843,1813,0,-7,3
1787,255.01,27231,332.41,332.75,0.34,6.9,28.6,0.0,0.0,-21.7,-0.0,768,1742,0,-6,3
1788,255.18,27224,332.32,332.67,0.34,8.2,28.6,0.0,0.0,-20.4,-0.0,681,1662,0,-7,4
1789,255.27,27220,332.28,332.62,0.34,5.6,28.6,0.0,0.0,-23.1,-0.0,631,1605,0,-4,3
1790,255.44,27213,332.19,332.54,0.34,7.9,28.6,0.0,0.0,-20.7,-0.0,543,1521,0,-5,6
1791,255.61,27207,332.12,332.45,0.34,8.6,28.6,0.0,0.0,-20.1,-0.0,468,1452,0,-5,7
1792,255.70,27203,332.07,332.40,0.34,3.9,28.6,0.0,0.0,-24.8,-0.0,418,1393,0,-2,3
1793,255.87,27200,332.03,332.32,0.29,4.1,24.5,0.0,-0.0,-20.4,-0.0,381,1370,0,-2,3
1794,256.05,27190,331.91,332.23,0.32,5.2,26.6,0.0,-0.0,-21.4,-0.0,256,1244,0,-2,5
1795,256.13,27184,331.84,332.19,0.35,7.6,29.7,0.0,0.0,-22.1,-0.0,181,1160,0,-2,7
1796,256.30,27178,331.76,332.11,0.34,8.9,28.6,0.0,0.0,-19.7,-0.0,106,1090,0,-1,9
1797,256.47,27174,331.71,332.02,0.31,5.8,25.6,0.0,-0.0,-19.7,-0.0,56,1042,0,0,6
1798,256.56,27171,331.68,331.98,0.31,3.5,25.6,0.0,0.0,-22.1,-0.0,18,997,0,0,3
1799,256.72,27167,331.63,331.89,0.27,3.1,22.5,0.0,-0.0,-19.4,-0.0,4064,960,0,0,3
1800,256.89,27163,331.58,331.81,0.23,-1.0,19.4,0.0,-0.0,-20.4,-0.0,4014,2962,0,0,-1
1801,257.06,27156,331.49,331.73,0.23,-1.3,19.4,0.0,-0.0,-20.7,-0.0,3927,2871,0,0,-1
1802,257.14,27154,331.47,331.68,0.21,-4.0,17.4,0.0,-0.0,-21.4,-0.0,3902,2847,0,-1,-4
1803,257.32,27148,331.40,331.60,0.20,-5.0,16.4,0.0,-0.0,-21.4,-0.0,3827,2772,0,-2,-4
1804,257.49,27141,331.31,331.51,0.21,-2.7,17.4,0.0,-0.0,-20.1,-0.0,3739,2680,0,-1,-2
1805,257.57,27138,331.27,331.47,0.20,-5.0,16.4,0.0,-0.0,-21.4,-0.0,3702,2640,0,-3,-4
1806,257.75,27133,331.21,331.38,0.17,-6.8,14.3,0.0,-0.0,-21.1,-0.0,3639,2581,0,-4,-5
1807,257.84,27133,331.21,331.34,0.12,-11.8,10.2,0.0,-0.0,-22.1,-0.0,3639,2582,0,-8,-8
1808,258.01,27129,331.16,331.25,0.09,-12.9,7.2,0.0,-0.0,-20.1,-0.0,3589,2538,0,-9,-9
1809,258.17,27123,331.09,331.17,0.07,-14.9,6.1,0.0,-0.0,-21.1,-0.0,3514,2463,0,-12,-9
1810,258.35,27117,331.02,331.08,0.06,-16.6,5.1,0.0,-0.0,-21.7,-0.0,3439,2387,0,-14,-8
1811,258.43,27114,330.98,331.04,0.06,-16.3,5.1,0.0,-0.0,-21.4,-0.0,3402,2349,0,-14,-7
1812,258.61,27110,330.93,330.95,0.02,-19.4,2.0,0.0,-0.0,-21.4,-0.0,3352,2294,0,-17,-7
1813,258.70,27108,330.91,330.91,0.00,-22.1,0.0,0.0,-0.0,-22.1,-0.0,3327,2270,0,-20,-7
1814,258.87,27105,330.87,330.82,-0.05,-24.2,-4.1,0.0,-0.0,-20.1,-0.0,3289,2240,0,-22,-7
1815,259.04,27100,330.81,330.73,-0.07,-27.2,-6.1,0.0,-0.0,-21.1,-0.0,3227,2178,0,-26,-5
1816,259.13,27099,330.80,330.69,-0.11,-30.6,-9.2,0.0,-0.0,-21.4,-0.0,3214,2168,0,-29,-5
1817,259.30,27095,330.75,330.61,-0.15,-33.3,-12.3,0.0,-0.0,-21.1,-0.0,3164,2118,0,-32,-3
1818,259.47,27087,330.65,330.52,-0.13,-31.3,-11.2,0.0,-0.0,-20.1,-0.0,3064,2011,0,-30,2
1819,259.56,27085,330.63,330.48,-0.15,-34.3,-12.3,0.0,-0.0,-22.1,-0.0,3039,1984,0,-33,3
1820,259.72,27082,330.59,330.39,-0.20,-35.8,-16.4,0.0,-0.0,-19.4,-0.0,3002,1953,0,-34,5
1821,259.89,27076,330.52,330.31,-0.21,-37.1,-17.4,0.0,-0.0,-19.7,-0.0,2927,1874,0,-35,9
1822,259.98,27074,330.49,330.27,-0.22,-40.5,-18.4,0.0,-0.0,-22.1,-0.0,2902,1845,0,-37,12
1823,260.15,27064,330.37,330.18,-0.18,-35.4,-15.3,0.0,-0.0,-20.1,-0.0,2777,1720,0,-30,17
1824,260.32,27059,330.31,330.10,-0.22,-40.5,-18.4,0.0,-0.0,-22.1,-0.0,2714,1650,0,-32,22
1825,260.41,27054,330.25,330.05,-0.20,-38.4,-16.4,0.0,0.0,-22.1,-0.0,2652,1584,0,-28,24
1826,260.58,27049,330.19,329.97,-0.22,-39.5,-18.4,0.0,-0.0,-21.1,-0.0,2589,1525,0,-27,27
1827,260.75,27041,330.09,329.88,-0.21,-38.8,-17.4,0.0,0.0,-21.4,-0.0,2489,1423,0,-22,31
1828,260.84,27038,330.05,329.84,-0.22,-39.8,-18.4,0.0,-0.0,-21.4,-0.0,2452,1389,0,-20,33
1829,261.01,27028,329.93,329.75,-0.18,-37.1,-15.3,0.0,0.0,-21.7,-0.0,2327,1256,0,-13,34
1830,261.18,27023,329.87,329.67,-0.21,-38.1,-17.4,0.0,0.0,-20.7,-0.0,2264,1197,0,-10,36
1831,261.27,27017,329.80,329.62,-0.17,-37.1,-14.3,0.0,0.0,-22.8,-0.0,2189,1114,0,-5,36
1832,261.44,27008,329.69,329.54,-0.15,-32.0,-12.3,0.0,0.0,-19.7,-0.0,2077,1006,0,1,31
1833,261.61,27005,329.65,329.45,-0.20,-38.8,-16.4,0.0,0.0,-22.4,-0.0,2039,971,0,3,37
1834,261.70,26998,329.57,329.40,-0.16,-36.4,-13.3,0.0,0.0,-23.1,-0.0,1952,879,0,8,34
1835,261.87,26988,329.44,329.32,-0.12,-30.6,-10.2,0.0,0.0,-20.4,-0.0,1827,753,0,12,27
1836,262.05,26982,329.37,329.23,-0.13,-32.0,-11.2,0.0,0.0,-20.7,-0.0,1752,685,0,15,27
1837,262.13,26978,329.32,329.19,-0.13,-32.7,-11.2,0.0,0.0,-21.4,-0.0,1702,633,0,18,26
1838,262.30,26966,329.17,329.11,-0.07,-25.9,-6.1,0.0,0.0,-19.7,-0.0,1552,473,0,19,17
1839,262.47,26958,329.08,329.02,-0.06,-24.8,-5.1,0.0,0.0,-19.7,-0.0,1452,377,0,20,13
1840,262.55,26952,329.00,328.98,-0.02,-24.1,-2.0,0.0,0.0,-22.1,-0.0,1377,297,0,21,10
1841,262.72,26941,328.87,328.89,0.02,-18.0,2.0,0.0,0.0,-20.1,-0.0,1239,156,0,17,4
1842,262.89,26931,328.75,328.81,0.06,-15.0,5.1,0.0,0.0,-20.1,-0.0,1114,31,0,14,1
1843,262.99,26927,328.70,328.76,0.06,-18.3,5.1,0.0,0.0,-23.4,-0.0,1064,4072,0,18,-1
1844,263.15,26916,328.56,328.68,0.11,-11.2,9.2,0.0,0.0,-20.4,-0.0,927,3938,0,11,-3
1845,263.33,26908,328.47,328.59,0.12,-10.2,10.2,0.0,0.0,-20.4,-0.0,827,3847,0,9,-4
1846,263.41,26903,328.41,328.55,0.15,-9.1,12.3,0.0,0.0,-21.4,-0.0,764,3778,0,8,-4
1847,263.58,26894,328.30,328.47,0.17,-5.4,14.3,0.0,0.0,-19.7,-0.0,652,3672,0,4,-3
1848,263.75,26885,328.19,328.38,0.20,-4.7,16.4,0.0,0.0,-21.1,-0.0,539,3557,0,3,-3
1849,263.84,26882,328.15,328.34,0.18,-6.7,15.3,0.0,0.0,-22.1,-0.0,502,3521,0,4,-5
1850,264.01,26872,328.03,328.25,0.22,-2.3,18.4,0.0,0.0,-20.7,-0.0,377,3396,0,1,-2
1851,264.18,26862,327.91,328.17,0.26,1.4,21.5,0.0,0.0,-20.1,-0.0,252,1226,0,0,1
1852,264.27,26856,327.83,328.12,0.29,1.1,24.5,0.0,0.0,-23.4,-0.0,177,1139,0,0,1
1853,264.43,26849,327.75,328.04,0.29,4.1,24.5,0.0,0.0,-20.4,-0.0,89,1060,0,0,4
1854,264.60,26839,327.62,327.96,0.33,7.2,27.6,0.0,0.0,-20.4,-0.0,4060,930,0,1,7
1855,264.69,26835,327.58,327.91,0.34,6.6,28.6,0.0,0.0,-22.1,-0.0,4010,879,0,1,6
1856,264.86,26829,327.50,327.83,0.32,6.5,26.6,0.0,0.0,-20.1,-0.0,3935,816,0,2,6
1857,265.03,26821,327.40,327.74,0.34,8.2,28.6,0.0,0.0,-20.4,-0.0,3835,716,0,4,7
1858,265.11,26817,327.36,327.70,0.34,7.2,28.6,0.0,0.0,-21.4,-0.0,3785,664,0,4,6
1859,265.28,26808,327.25,327.61,0.37,9.3,30.7,0.0,0.0,-21.4,-0.0,3673,554,0,6,7
1860,265.45,26801,327.16,327.53,0.37,11.0,30.7,0.0,0.0,-19.7,-0.0,3585,469,0,8,7
1861,265.54,26797,327.11,327.49,0.38,9.3,31.7,0.0,0.0,-22.4,-0.0,3535,412,0,7,5
1862,265.71,26794,327.08,327.40,0.32,6.5,26.6,0.0,-0.0,-20.1,-0.0,3498,388,0,5,4
1863,265.88,26786,326.98,327.32,0.34,8.6,28.6,0.0,-0.0,-20.1,-0.0,3398,287,0,8,4
1864,265.97,26785,326.97,327.27,0.31,2.8,25.6,0.0,-0.0,-22.8,-0.0,3385,276,0,2,1
1865,266.13,26777,326.87,327.19,0.32,6.5,26.6,0.0,-0.0,-20.1,-0.0,3285,179,0,6,2
1866,266.31,26772,326.81,327.10,0.29,2.8,24.5,0.0,-0.0,-21.7,-0.0,3223,116,0,3,0
1867,266.48,26764,326.71,327.02,0.31,4.5,25.6,0.0,-0.0,-21.1,-0.0,3123,12,0,4,0
1868,266.55,26763,326.70,326.98,0.28,4.8,23.5,0.0,-0.0,-18.7,-0.0,3110,7,0,5,0
1869,266.72,26760,326.66,326.90,0.23,-0.3,19.4,0.0,-0.0,-19.7,-0.0,3073,2019,0,0,0
1870,266.89,26753,326.57,326.81,0.24,1.7,20.5,0.0,-0.0,-18.7,-0.0,2985,3977,0,2,0
1871,266.98,26750,326.54,326.77,0.23,-4.0,19.4,0.0,-0.0,-23.4,-0.0,2948,1887,0,-4,1
1872,267.14,26741,326.43,326.68,0.26,0.7,21.5,0.0,-0.0,-20.7,-0.0,2835,3824,0,1,0
1873,267.32,26736,326.37,326.60,0.23,-1.6,19.4,0.0,-0.0,-21.1,-0.0,2773,1710,0,-1,1
1874,267.40,26734,326.34,326.55,0.21,-4.0,17.4,0.0,-0.0,-21.4,-0.0,2748,1684,0,-3,2
1875,267.58,26728,326.27,326.47,0.20,-3.4,16.4,0.0,-0.0,-19.7,-0.0,2673,1614,0,-3,2
1876,267.75,26725,326.23,326.38,0.15,-8.1,12.3,0.0,-0.0,-20.4,-0.0,2635,1581,0,-6,5
1877,267.84,26723,326.21,326.34,0.13,-11.2,11.2,0.0,-0.0,-22.4,-0.0,2610,1558,0,-8,7
1878,268.01,26716,326.12,326.25,0.13,-8.8,11.2,0.0,-0.0,-20.1,-0.0,2523,1471,0,-5,7
1879,268.17,26709,326.04,326.17,0.13,-8.5,11.2,0.0,-0.0,-19.7,-0.0,2435,1380,0,-4,7
1880,268.25,26709,326.04,326.13,0.10,-11.5,8.2,0.0,-0.0,-19.7,-0.0,2435,1384,0,-6,10
1881,268.42,26705,325.99,326.05,0.06,-14.6,5.1,0.0,-0.0,-19.7,-0.0,2385,1332,0,-6,13
1882,268.59,26702,325.95,325.96,0.01,-20.0,1.0,0.0,-0.0,-21.1,-0.0,2348,1296,0,-8,18
1883,268.69,26698,325.90,325.91,0.01,-21.4,1.0,0.0,-0.0,-22.4,-0.0,2298,1245,0,-7,20
1884,268.86,26694,325.85,325.83,-0.02,-23.1,-2.0,0.0,-0.0,-21.1,-0.0,2248,1202,0,-6,22
1885,269.03,26691,325.82,325.74,-0.07,-25.9,-6.1,0.0,-0.0,-19.7,-0.0,2210,1164,0,-5,24
1886,269.11,26689,325.79,325.70,-0.09,-27.6,-7.2,0.0,-0.0,-20.4,-0.0,2185,1138,0,-5,26
1887,269.28,26683,325.72,325.62,-0.10,-29.6,-8.2,0.0,-0.0,-21.4,-0.0,2110,1057,0,-1,29
1888,269.44,26679,325.67,325.53,-0.13,-31.0,-11.2,0.0,-0.0,-19.7,-0.0,2060,1012,0,1,30
1889,269.62,26673,325.60,325.45,-0.16,-35.4,-13.3,0.0,-0.0,-22.1,-0.0,1985,932,0,5,34
1890,269.71,26671,325.57,325.40,-0.17,-36.7,-14.3,0.0,-0.0,-22.4,-0.0,1960,904,0,7,35
1891,269.88,26663,325.48,325.31,-0.16,-34.4,-13.3,0.0,-0.0,-21.1,-0.0,1860,803,0,11,31
1892,269.97,26660,325.44,325.27,-0.17,-35.1,-14.3,0.0,-0.0,-20.7,-0.0,1823,765,0,13,31
1893,270.13,26654,325.37,325.19,-0.18,-36.1,-15.3,0.0,-0.0,-20.7,-0.0,1748,688,0,17,30
1894,270.31,26649,325.31,325.10,-0.21,-39.1,-17.4,0.0,-0.0,-21.7,-0.0,1685,624,0,22,31
1895,270.39,26643,325.23,325.06,-0.17,-36.1,-14.3,0.0,0.0,-21.7,-0.0,1610,543,0,23,26
1896,270.57,26640,325.20,324.97,-0.22,-39.5,-18.4,0.0,-0.0,-21.1,-0.0,1573,514,0,27,27
1897,270.74,26633,325.11,324.89,-0.22,-39.5,-18.4,0.0,-0.0,-21.1,-0.0,1485,428,0,30,23
1898,270.83,26629,325.06,324.84,-0.22,-40.2,-18.4,0.0,-0.0,-21.7,-0.0,1435,373,0,33,21
1899,270.99,26622,324.98,324.76,-0.22,-39.2,-18.4,0.0,-0.0,-20.7,-0.0,1348,284,0,34,16
1900,271.15,26618,324.93,324.68,-0.24,-39.8,-20.5,0.0,-0.0,-19.4,-0.0,1298,240,0,36,14
1901,271.32,26609,324.82,324.59,-0.22,-39.8,-18.4,0.0,0.0,-21.4,-0.0,1185,117,0,38,7
1902,271.41,26604,324.76,324.55,-0.21,-40.1,-17.4,0.0,0.0,-22.8,-0.0,1123,52,0,39,3
1903,271.58,26596,324.66,324.47,-0.20,-36.1,-16.4,0.0,0.0,-19.7,-0.0,1023,4054,0,35,-2
1904,271.75,26587,324.55,324.38,-0.17,-35.1,-14.3,0.0,0.0,-20.7,-0.0,910,3933,0,33,-8
1905,271.84,26584,324.51,324.34,-0.17,-36.4,-14.3,0.0,0.0,-22.1,-0.0,873,3892,0,34,-11
1906,272.01,26572,324.37,324.25,-0.11,-29.3,-9.2,0.0,0.0,-20.1,-0.0,723,3742,0,24,-15
1907,272.18,26565,324.28,324.17,-0.11,-29.3,-9.2,0.0,0.0,-20.1,-0.0,635,3658,0,22,-18
1908,272.28,26560,324.22,324.12,-0.10,-31.6,-8.2,0.0,0.0,-23.4,-0.0,573,3586,0,22,-22
1909,272.44,26552,324.12,324.03,-0.09,-27.6,-7.2,0.0,0.0,-20.4,-0.0,473,3495,0,16,-21
1910,272.53,26546,324.05,323.99,-0.06,-27.9,-5.1,0.0,0.0,-22.8,-0.0,398,3409,0,13,-23
1911,272.71,26538,323.95,323.90,-0.05,-25.5,-4.1,0.0,0.0,-21.4,-0.0,298,3319,0,9,-23
1912,272.88,26529,323.84,323.82,-0.02,-21.8,-2.0,0.0,0.0,-19.7,-0.0,185,3207,0,4,-21
1913,272.97,26523,323.77,323.77,0.01,-22.4,1.0,0.0,0.0,-23.4,-0.0,110,3121,0,2,-22
1914,273.13,26510,323.61,323.69,0.09,-13.6,7.2,0.0,0.0,-20.7,-0.0,4044,2959,0,-2,-13
1915,273.30,26502,323.51,323.60,0.10,-11.5,8.2,0.0,0.0,-19.7,-0.0,3944,2866,0,-3,-11
1916,273.39,26497,323.45,323.56,0.11,-13.2,9.2,0.0,0.0,-22.4,-0.0,3881,2792,0,-5,-12
1917,273.56,26487,323.33,323.48,0.15,-7.5,12.3,0.0,0.0,-19.7,-0.0,3756,2673,0,-4,-6
1918,273.72,26480,323.24,323.39,0.15,-7.5,12.3,0.0,0.0,-19.7,-0.0,3669,2594,0,-5,-5
1919,273.89,26468,323.10,323.31,0.22,-1.0,18.4,0.0,0.0,-19.4,-0.0,3519,2441,0,-1,-1
1920,273.98,26465,323.06,323.27,0.21,-5.4,17.4,0.0,0.0,-22.8,-0.0,3481,2396,0,-4,-3
1921,274.15,26453,322.91,323.18,0.27,1.4,22.5,0.0,0.0,-21.1,-0.0,3331,201,0,1,0
1922,274.32,26447,322.84,323.10,0.26,0.1,21.5,0.0,0.0,-21.4,-0.0,3256,129,0,0,0
1923,274.40,26443,322.79,323.06,0.27,2.4,22.5,0.0,0.0,-20.1,-0.0,3206,81,0,2,0
1924,274.56,26433,322.67,322.97,0.31,6.2,25.6,0.0,0.0,-19.4,-0.0,3081,4056,0,6,0
1925,274.74,26424,322.56,322.89,0.33,5.9,27.6,0.0,0.0,-21.7,-0.0,2969,3937,0,6,-1
1926,274.83,26420,322.51,322.84,0.33,5.5,27.6,0.0,0.0,-22.1,-0.0,2919,3891,0,5,-2
1927,275.00,26411,322.40,322.76,0.35,9.9,29.7,0.0,0.0,-19.7,-0.0,2806,3779,0,9,-4
1928,275.17,26404,322.31,322.67,0.35,8.6,29.7,0.0,0.0,-21.1,-0.0,2719,3694,0,7,-5
1929,275.25,26400,322.27,322.63,0.37,11.6,30.7,0.0,0.0,-19.1,-0.0,2669,3648,0,9,-7
1930,275.42,26391,322.16,322.55,0.39,13.0,32.7,0.0,0.0,-19.7,-0.0,2556,3533,0,8,-10
1931,275.59,26383,322.06,322.46,0.40,12.0,33.8,0.0,0.0,-21.7,-0.0,2456,3428,0,6,-10
1932,275.68,26380,322.02,322.42,0.39,11.3,32.7,0.0,0.0,-21.4,-0.0,2419,3395,0,5,-10
1933,275.85,26375,321.96,322.33,0.37,9.3,30.7,0.0,0.0,-21.4,-0.0,2356,3336,0,4,-8
1934,276.01,26370,321.90,322.25,0.35,9.9,29.7,0.0,-0.0,-19.7,-0.0,2294,3282,0,3,-9
1935,276.18,26364,321.83,322.17,0.34,8.6,28.6,0.0,-0.0,-20.1,-0.0,2219,3209,0,2,-8
1936,276.27,26363,321.81,322.12,0.31,2.5,25.6,0.0,-0.0,-23.1,-0.0,2206,3197,0,0,-2
1937,276.44,26355,321.72,322.04,0.32,5.2,26.6,0.0,-0.0,-21.4,-0.0,2106,3094,0,0,-5
1938,276.53,26351,321.67,321.99,0.33,5.2,27.6,0.0,-0.0,-22.4,-0.0,2056,3041,0,0,-5
1939,276.69,26344,321.58,321.91,0.33,6.9,27.6,0.0,-0.0,-20.7,-0.0,1969,2954,0,-1,-7
1940,276.86,26340,321.53,321.83,0.29,3.8,24.5,0.0,-0.0,-20.7,-0.0,1919,2907,0,-1,-4
1941,277.01,26333,321.45,321.75,0.31,5.2,25.6,0.0,-0.0,-20.4,-0.0,1831,2816,0,-2,-5
1942,277.10,26331,321.42,321.71,0.28,2.1,23.5,0.0,-0.0,-21.4,-0.0,1806,2792,0,-1,-2
1943,277.27,26327,321.37,321.62,0.24,-0.6,20.5,0.0,-0.0,-21.1,-0.0,1756,700,0,0,1
1944,277.43,26322,321.31,321.54,0.23,-1.6,19.4,0.0,-0.0,-21.1,-0.0,1694,639,0,1,1
1945,277.53,26318,321.26,321.49,0.23,-3.6,19.4,0.0,-0.0,-23.1,-0.0,1644,583,0,2,3
1946,277.70,26316,321.24,321.41,0.17,-5.4,14.3,0.0,-0.0,-19.7,-0.0,1619,571,0,3,4
1947,277.87,26311,321.18,321.32,0.15,-8.8,12.3,0.0,-0.0,-21.1,-0.0,1556,503,0,6,6
1948,277.95,26307,321.13,321.28,0.15,-9.1,12.3,0.0,-0.0,-21.4,-0.0,1506,451,0,7,6
1949,278.12,26304,321.09,321.20,0.10,-11.5,8.2,0.0,-0.0,-19.7,-0.0,1469,420,0,9,7
1950,278.28,26300,321.04,321.12,0.07,-14.6,6.1,0.0,-0.0,-20.7,-0.0,1419,369,0,12,8
1951,278.45,26297,321.01,321.03,0.02,-18.4,2.0,0.0,-0.0,-20.4,-0.0,1381,332,0,16,9
1952,278.54,26292,320.95,320.99,0.04,-19.3,3.1,0.0,-0.0,-22.4,-0.0,1319,264,0,17,7
1953,278.71,26288,320.90,320.90,0.00,-21.4,0.0,0.0,-0.0,-21.4,-0.0,1269,217,0,20,7
1954,278.89,26284,320.85,320.81,-0.04,-25.1,-3.1,0.0,-0.0,-22.1,-0.0,1219,166,0,24,6
1955,278.98,26283,320.84,320.77,-0.07,-27.5,-6.1,0.0,-0.0,-21.4,-0.0,1206,157,0,26,6
1956,279.15,26279,320.79,320.68,-0.11,-30.6,-9.2,0.0,-0.0,-21.4,-0.0,1156,105,0,29,5
1957,279.23,26276,320.75,320.64,-0.11,-30.6,-9.2,0.0,-0.0,-21.4,-0.0,1119,71,0,29,3
1958,279.41,26273,320.72,320.55,-0.16,-34.4,-13.3,0.0,-0.0,-21.1,-0.0,1081,35,0,33,2
1959,279.58,26267,320.64,320.46,-0.18,-37.1,-15.3,0.0,-0.0,-21.7,-0.0,1006,4052,0,36,-2
1960,279.67,26265,320.62,320.42,-0.20,-37.8,-16.4,0.0,-0.0,-21.4,-0.0,981,4026,0,36,-4
1961,279.85,26262,320.58,320.33,-0.24,-41.5,-20.5,0.0,-0.0,-21.1,-0.0,944,3991,0,40,-6
1962,280.01,26253,320.47,320.25,-0.22,-39.2,-18.4,0.0,-0.0,-20.7,-0.0,831,3869,0,36,-13
1963,280.10,26249,320.42,320.21,-0.22,-39.8,-18.4,0.0,-0.0,-21.4,-0.0,781,3817,0,35,-16
1964,280.27,26246,320.39,320.12,-0.27,-43.6,-22.5,0.0,-0.0,-21.1,-0.0,744,3785,0,37,-19
1965,280.44,26238,320.29,320.04,-0.26,-42.2,-21.5,0.0,-0.0,-20.7,-0.0,644,3680,0,33,-24
1966,280.53,26234,320.24,319.99,-0.24,-42.9,-20.5,0.0,0.0,-22.4,-0.0,594,3621,0,31,-28
1967,280.70,26227,320.15,319.90,-0.24,-41.9,-20.5,0.0,-0.0,-21.4,-0.0,506,3539,0,27,-31
1968,280.87,26222,320.09,319.82,-0.27,-41.6,-22.5,0.0,-0.0,-19.1,-0.0,444,3480,0,24,-33
1969,280.95,26216,320.02,319.78,-0.24,-42.9,-20.5,0.0,0.0,-22.4,-0.0,369,3393,0,20,-37
1970,281.11,26212,319.97,319.70,-0.27,-41.9,-22.5,0.0,-0.0,-19.4,-0.0,319,3355,0,17,-37
1971,281.29,26203,319.86,319.61,-0.24,-41.5,-20.5,0.0,-0.0,-21.1,-0.0,206,3238,0,10,-39
1972,281.45,26194,319.75,319.53,-0.22,-39.2,-18.4,0.0,0.0,-20.7,-0.0,94,3119,0,3,-38
1973,281.55,26188,319.68,319.48,-0.20,-40.1,-16.4,0.0,0.0,-23.8,-0.0,19,3033,0,-2,-39
1974,281.71,26184,319.63,319.40,-0.23,-39.5,-19.4,0.0,0.0,-20.1,-0.0,4065,2999,0,-4,-38
1975,281.88,26173,319.49,319.31,-0.18,-37.1,-15.3,0.0,0.0,-21.7,-0.0,3927,2849,0,-12,-34
1976,281.97,26168,319.43,319.27,-0.16,-34.7,-13.3,0.0,0.0,-21.4,-0.0,3865,2788,0,-14,-30
1977,282.14,26158,319.31,319.19,-0.12,-31.3,-10.2,0.0,0.0,-21.1,-0.0,3740,2662,0,-18,-25
1978,282.23,26151,319.23,319.14,-0.09,-30.6,-7.2,0.0,0.0,-23.4,-0.0,3652,2566,0,-21,-21
1979,282.40,26143,319.13,319.06,-0.07,-26.5,-6.1,0.0,0.0,-20.4,-0.0,3552,2469,0,-21,-15
1980,282.57,26134,319.02,318.97,-0.05,-24.8,-4.1,0.0,0.0,-20.7,-0.0,3440,2359,0,-21,-11
1981,282.67,26129,318.96,318.93,-0.04,-24.8,-3.1,0.0,0.0,-21.7,-0.0,3377,2293,0,-22,-9
1982,282.84,26120,318.85,318.84,-0.01,-22.1,-1.0,0.0,0.0,-21.1,-0.0,3265,2185,0,-21,-4
1983,283.00,26108,318.70,318.75,0.05,-15.6,4.1,0.0,0.0,-19.7,-0.0,3115,2036,0,-15,0
1984,283.09,26100,318.60,318.71,0.11,-13.2,9.2,0.0,0.0,-22.4,-0.0,3015,1923,0,-13,2
1985,283.27,26092,318.51,318.62,0.12,-10.5,10.2,0.0,0.0,-20.7,-0.0,2915,1830,0,-10,3
1986,283.43,26080,318.36,318.54,0.18,-4.7,15.3,0.0,0.0,-20.1,-0.0,2765,1679,0,-4,2
1987,283.52,26075,318.30,318.50,0.20,-4.7,16.4,0.0,0.0,-21.1,-0.0,2702,1610,0,-4,3
1988,283.69,26068,318.21,318.41,0.20,-3.4,16.4,0.0,0.0,-19.7,-0.0,2615,1535,0,-2,2
1989,283.86,26057,318.08,318.32,0.24,-0.9,20.5,0.0,0.0,-21.4,-0.0,2477,1391,0,0,1
1990,283.95,26053,318.03,318.28,0.26,0.1,21.5,0.0,0.0,-21.4,-0.0,2427,3391,0,0,0
1991,284.12,26042,317.90,318.20,0.31,4.8,25.6,0.0,0.0,-20.7,-0.0,2290,3258,0,1,-4
1992,284.29,26032,317.77,318.11,0.34,8.2,28.6,0.0,0.0,-20.4,-0.0,2165,3131,0,1,-8
1993,284.38,26028,317.72,318.07,0.34,6.9,28.6,0.0,0.0,-21.7,-0.0,2115,3078,0,0,-7
1994,284.55,26020,317.63,317.98,0.35,8.9,29.7,0.0,0.0,-20.7,-0.0,2015,2985,0,-1,-9
1995,284.72,26012,317.53,317.90,0.37,9.9,30.7,0.0,0.0,-20.7,-0.0,1915,2888,0,-3,-9
1996,284.81,26008,317.48,317.85,0.37,9.3,30.7,0.0,0.0,-21.4,-0.0,1865,2838,0,-3,-8
1997,284.98,25996,317.33,317.77,0.43,16.1,35.8,0.0,0.0,-19.7,-0.0,1715,2689,0,-9,-13
1998,285.15,25990,317.26,317.68,0.42,13.7,34.8,0.0,0.0,-21.1,-0.0,1640,2612,0,-9,-10
1999,285.24,25984,317.19,317.64,0.45,16.4,37.8,0.0,0.0,-21.4,-0.0,1565,2534,0,-12,-11
