Sample,X,Y,Z
0,-0.7229,0.4329,1.6011
1,-0.4282,0.1748,1.2034
2,-0.2339,-0.2410,0.8157
3,0.0217,-0.4963,0.4084
4,0.3577,-0.7085,0.2407
5,0.6333,-0.6968,0.2573
6,0.9343,-0.3601,0.3525
7,1.0681,0.0225,0.6790
8,0.8357,0.5425,0.9915
9,0.3215,0.8647,1.2620
10,-0.3345,0.8481,1.5071
11,-0.9231,0.5828,1.4790
12,-1.1724,0.2410,1.4221
13,-1.0933,-0.1873,1.2747
14,-0.7610,-0.5884,0.9712
15,-0.2571,-0.8843,0.7202
16,0.2390,-0.8704,0.6194
17,0.5815,-0.6040,0.6387
18,0.8513,-0.1360,0.6731
19,0.9126,0.2571,0.8296
20,0.8005,0.6538,0.9065
21,0.5728,0.8630,1.0200
22,0.1401,0.7966,1.1348
23,-0.3479,0.5154,1.1411
24,-0.7104,0.0581,1.0833
25,-0.9312,-0.4172,1.0662
26,-0.8176,-0.5854,1.0210
27,-0.5112,-0.6135,1.0042
28,-0.1353,-0.4688,0.9399
29,0.1990,-0.2920,0.8821
30,0.3257,-0.0564,0.8569
31,0.3804,0.2507,0.8921
32,0.4414,0.4058,0.9211
33,0.4653,0.5125,0.8804
34,0.5010,0.3481,0.9309
35,0.5408,0.1948,0.9641
36,0.3291,-0.0410,0.9807
37,-0.0254,-0.2620,1.0520
38,-0.5034,-0.4001,1.0383
39,-0.8638,-0.2825,1.0178
40,-0.9319,-0.0894,1.1177
41,-0.7485,0.1528,1.0305
42,-0.3066,0.2227,0.9690
43,0.1990,0.0754,0.9211
44,0.5710,0.0647,0.7698
45,0.7749,-0.1145,0.8560
46,0.7312,-0.1042,0.8684
47,0.4636,-0.0156,0.8518
48,0.1907,-0.0413,0.9907
49,-0.0479,0.0310,1.0042
50,-0.2209,0.0654,1.0190
51,-0.3276,0.0623,1.1399
52,-0.3977,0.1560,1.1108
53,-0.3823,0.1851,1.1135
54,-0.2852,0.0786,1.1245
55,-0.1003,-0.0706,0.9612
56,0.0640,-0.2847,0.9048
57,0.1621,-0.3005,0.8167
58,0.1277,-0.1594,0.7346
59,0.0867,-0.1050,0.8196
60,0.1223,0.0833,0.8110
61,0.2024,0.2065,0.8784
62,0.2954,0.2136,1.0474
63,0.3684,0.2666,1.0442
64,0.1777,0.1716,1.1187
65,-0.1299,0.0759,1.2151
66,-0.3921,0.0029,1.1663
67,-0.5366,-0.1013,1.1321
68,-0.4124,-0.2395,1.0862
69,-0.1196,-0.2844,0.9045
70,0.1528,-0.2163,0.7915
71,0.3013,-0.1006,0.7874
72,0.2573,0.0684,0.7327
73,0.1543,0.1184,0.7808
74,0.0928,0.1331,0.9185
75,0.0811,0.1553,0.9758
76,0.0925,0.1577,1.0793
77,0.0603,0.0632,1.1379
78,-0.0693,0.0220,1.1206
79,-0.2078,-0.0615,1.1274
80,-0.2712,-0.0327,1.0981
81,-0.2146,-0.0835,1.0608
82,-0.0337,-0.0664,0.9758
83,0.1509,-0.0447,0.9175
84,0.2183,-0.0229,0.8589
85,0.1826,0.0220,0.8267
86,0.0498,-0.0554,0.8596
87,-0.0522,-0.0312,0.8577
88,-0.0315,-0.0198,0.9250
89,0.0164,0.0632,0.9868
90,0.1018,0.1448,1.0015
91,0.0710,0.0164,1.0923
92,-0.0444,0.0293,1.0718
93,-0.1560,0.0117,1.0688
94,-0.1584,-0.0264,1.1211
95,-0.0876,-0.0027,1.0122
96,0.0347,-0.0432,0.9819
97,0.1411,-0.1108,0.9771
98,0.0947,-0.0715,0.8831
99,0.0342,-0.0032,0.8596
100,0.0183,-0.0298,0.9233
101,0.0530,0.0200,0.8843
102,-0.3989,0.1091,0.9573
103,-1.9980,-0.0774,1.2563
104,-1.9980,0.0898,1.3013
105,-1.9980,-0.2563,1.6060
106,-1.9980,-0.1531,1.1333
107,-1.9980,-0.5659,0.9419
108,-1.9980,-0.7153,0.8110
109,0.0593,-0.1763,0.4500
110,1.9998,0.9529,0.2485
111,1.9998,0.3760,0.5671
112,1.9998,0.6099,-0.0806
113,1.9998,-0.3860,0.8279
114,1.9998,-0.8022,1.7007
115,0.0149,-0.2585,1.5513
116,-1.9978,0.1016,1.9998
117,-1.9980,0.5232,1.8911
118,-1.9980,1.0066,0.9907
119,-1.9978,0.4331,0.9573
120,-0.9644,0.6001,0.6331
121,0.3989,0.6189,-0.0554
122,-1.0212,-0.5566,0.1228
123,-1.9978,-1.2952,-0.0010
124,-1.9980,-1.2075,0.0754
125,-1.9978,-1.1458,1.3274
126,-1.9978,-0.4680,1.7815
127,0.7654,-0.0559,1.9980
128,1.9998,0.3826,1.9998
129,1.9998,1.2458,1.9998
130,1.9998,1.8149,1.4827
131,1.4597,1.6772,0.5693
132,-1.1099,0.8960,-0.5034
133,-1.9980,-0.2710,-1.1912
134,-1.9978,-1.2551,-0.9263
135,-1.3489,-2.0000,-0.0305
136,0.0098,-2.0000,0.7988
137,0.5688,-1.8286,1.8923
138,0.1924,-0.6582,1.9998
139,-0.7834,1.0759,1.9998
140,-1.5669,1.9739,1.9998
141,-1.5034,1.9983,1.8938
142,-0.2903,1.9980,0.8696
143,1.6282,1.4304,-0.2156
144,1.9998,0.1865,-1.1736
145,1.9998,-1.2544,-1.5623
146,1.9998,-2.0000,-1.1147
147,1.9998,-2.0000,-0.1653
148,-0.0310,-2.0000,1.1714
149,-1.9978,-0.8411,1.9998
150,-1.9980,0.6550,1.9998
151,-1.9980,1.8877,1.9998
152,-1.9978,1.9983,1.9998
153,-1.2795,1.9980,1.9663
154,0.2239,1.7065,0.7795
155,1.1772,0.1230,-0.4031
156,1.2153,-1.6687,-1.0769
157,1.0942,-2.0000,-1.4910
158,1.1284,-2.0000,-1.1169
159,1.2319,-2.0000,-0.0879
160,1.3657,-1.0073,1.0757
161,1.1746,0.8599,1.9258
162,0.4373,1.9983,1.9998
163,-0.8804,1.9983,1.9998
164,-1.8525,1.9980,1.9998
165,-1.9978,1.5767,1.9661
166,-1.9978,0.2893,0.9241
167,-1.7483,-1.1821,-0.0540
168,-0.4753,-2.0000,-0.5972
169,0.9373,-2.0000,-0.8374
170,1.8877,-2.0000,-0.5864
171,1.9998,-1.1987,0.2568
172,1.9998,0.2854,0.9624
173,1.5581,1.7207,1.5835
174,0.5391,1.9983,1.9998
175,-0.4106,1.9983,1.9998
176,-0.8970,1.9536,1.9426
177,-1.0454,0.5278,1.6262
178,-0.9309,-1.0698,0.8872
179,-0.7483,-1.9666,0.2627
180,-0.6799,-2.0000,0.1313
181,-0.5581,-2.0000,0.0684
182,-0.3872,-1.3020,0.1067
183,-0.0686,-0.0188,0.7417
184,0.6003,1.2954,1.1545
185,1.1401,1.9854,1.3901
186,1.4741,1.9980,1.6128
187,1.5581,1.6433,1.5649
188,0.9429,0.7146,1.3091
189,0.0854,-0.3950,1.0327
190,-0.7603,-1.3899,0.8088
191,-1.2729,-1.7673,0.5452
192,-1.3108,-1.4409,0.5894
193,-1.0056,-0.9517,0.8101
194,-0.5588,0.0129,0.7759
195,-0.2642,0.5630,1.0305
196,0.0569,1.0671,1.1870
197,0.3318,1.2124,1.1946
198,0.5474,0.9314,1.2495
199,0.8140,0.2871,1.1860
200,1.0288,-0.2754,0.9692
201,0.8835,-0.6790,0.8469
202,0.5815,-0.7349,0.7739
203,0.0920,-0.6685,0.7524
204,-0.5083,-0.2351,0.7864
205,-0.9038,0.1455,0.9778
206,-1.0393,0.4011,1.0356
207,-0.8879,0.6160,1.0151
208,-0.5032,0.3660,1.1284
209,-0.0540,0.2014,1.0540
210,0.3564,-0.1765,1.0540
211,0.6450,-0.4048,1.0679
212,0.7019,-0.4744,0.9241
213,0.6794,-0.3386,0.8801
214,0.4998,-0.1157,0.8684
215,0.2305,0.1963,0.8635
216,0.0059,0.2795,1.0103
217,-0.1675,0.4468,1.0754
218,-0.3228,0.3882,1.0891
219,-0.3296,0.1460,1.1223
220,-0.2903,-0.1006,0.9849
221,-0.2988,-0.3293,0.8792
222,-0.2537,-0.4446,0.8733
223,-0.1870,-0.4329,0.8167
224,0.0142,-0.1191,0.8374
225,0.3040,0.0408,1.0159
226,0.5212,0.3340,1.0012
227,0.5916,0.4966,1.0706
228,0.4099,0.3521,1.1975
229,0.0364,0.1746,1.1021
230,-0.2878,0.0117,1.0659
231,-0.4211,-0.2476,1.1128
232,-0.3286,-0.2268,0.8479
233,-0.0845,-0.2341,0.8000
234,0.1025,-0.3315,0.8032
235,0.2285,-0.1731,0.6663
236,0.2014,-0.1519,0.8472
237,0.0952,0.0522,1.0286
238,-0.0042,0.2478,1.0884
239,-0.1626,0.3735,1.1965
240,-0.2600,0.3933,1.2485
241,-0.3152,0.1775,1.1265
242,-0.2651,0.0498,1.0210
243,-0.0283,-0.1199,0.9807
244,0.2590,-0.1538,0.8713
245,0.4978,-0.1499,0.7620
246,0.6296,-0.2048,0.8167
247,0.4802,-0.2085,0.8245
248,0.1633,-0.1274,0.8657
249,-0.1812,-0.1067,1.0457
250,-0.5149,0.0464,1.0835
251,-0.5872,0.1760,1.0991
252,-0.5171,0.1575,1.1653
253,-0.3452,0.2266,1.0520
254,-0.0789,0.1707,0.9612
255,0.1545,0.0352,0.9614
256,0.3188,0.0330,0.8091
257,0.4624,-0.0571,0.8628
258,0.5515,-0.1589,0.8918
259,0.4858,-0.1248,0.8179
260,0.3076,-0.1782,0.9683
261,0.0740,-0.1802,1.0522
262,-0.2307,-0.0225,1.0688
263,-0.4612,0.0686,1.1431
264,-0.5579,0.1543,1.1587
265,-0.5122,0.2534,1.0110
266,-0.3335,0.2654,0.9846
267,-0.0750,0.1260,0.9319
268,0.1650,0.0662,0.7610
269,0.3511,-0.0039,0.7964
270,0.4758,-0.1482,0.8538
271,0.4937,-0.2153,0.8193
272,0.3269,-0.2747,0.9446
273,0.1165,-0.2668,1.0686
274,-0.0088,-0.0752,1.0737
275,-0.1797,0.0996,1.1577
276,-0.3020,0.1589,1.1868
277,-0.2749,0.3066,1.0588
278,-0.2637,0.2905,0.9846
279,-0.2422,0.1829,0.9185
280,-0.1548,0.0522,0.7747
281,-0.0398,-0.1094,0.7700
282,0.0959,-0.2573,0.8062
283,0.2756,-0.3020,0.8499
284,0.3499,-0.2168,0.9429
285,0.3140,-0.0522,1.0708
286,0.1912,0.1172,1.1497
287,0.0361,0.2314,1.1477
288,-0.1152,0.2231,1.1340
289,-0.1475,0.1760,1.0454
290,-0.1470,0.1724,0.8997
291,-0.1411,0.0718,0.8726
292,-0.1040,-0.1321,0.8293
293,-0.0459,-0.1946,0.7756
294,-0.0232,-0.3459,0.9006
295,0.0244,-0.2229,0.9016
296,0.0679,-0.0273,0.9897
297,0.0728,0.0991,1.0728
298,0.0427,0.2439,1.0581
299,0.0605,0.1589,1.0757
300,0.0652,0.1216,1.0024
301,0.0396,-0.0686,0.9536
302,0.0391,-0.0474,0.8853
303,-0.0154,-0.0298,0.8547
304,-0.0652,0.0461,0.8899
305,-0.1270,-0.0554,0.9282
306,-0.1404,-0.0320,0.9380
307,-0.1055,-0.0071,1.0334
308,-0.0195,0.0881,1.0784
309,0.1292,0.1895,1.0393
310,0.1641,0.1228,1.0452
311,0.0967,0.0151,1.0293
312,-0.0007,-0.0342,0.9067
313,-0.0718,-0.1736,0.9153
314,-0.1409,-0.3074,0.8589
315,-0.0630,-0.1445,0.8264
316,0.0532,-0.0278,0.9243
317,0.1094,0.1963,0.9458
318,0.1067,0.2051,0.9749
319,-0.0002,0.1255,1.0090
320,-0.0928,0.0559,1.0530
321,-0.1035,0.0571,1.0483
322,-0.0762,0.0308,1.0508
323,-0.0415,-0.0642,1.0012
324,0.0315,-0.1235,0.9524
325,0.1128,-0.1440,0.9712
326,0.1892,-0.0732,0.9106
327,0.1526,-0.0576,0.9263
328,0.0903,0.0178,0.9067
329,0.0608,0.1890,0.8860
330,-0.1106,0.1404,1.0024
331,-0.1733,0.2080,0.9514
332,-0.1836,-0.0017,1.0149
333,-0.1836,-0.0618,1.0269
334,-0.0720,-0.1038,1.0237
335,0.0425,-0.0686,1.0181
336,0.1011,-0.0652,0.9897
337,0.0928,-0.0537,0.9612
338,0.0815,0.0042,0.9290
339,0.1326,-0.0730,0.9377
340,0.1174,-0.0674,0.9163
341,0.1121,0.0786,0.8997
342,0.0691,0.1118,0.9963
343,-0.0479,0.1167,1.0061
344,-0.1379,0.1506,0.9690
345,-0.1802,-0.0122,1.0725
346,-0.1909,-0.0889,1.0110
347,-0.0752,0.0422,0.9124
348,-0.0027,-0.0796,1.0464
349,0.0640,-0.0171,0.9214
350,0.1387,0.0366,0.8557
351,0.1587,-0.1282,1.0405
352,0.1509,-0.1069,0.9106
353,0.0667,-0.1025,0.9185
354,0.0107,-0.0093,1.0706
355,-0.0447,0.1331,0.9856
356,-0.0876,0.1973,0.9856
357,-0.1060,0.0713,1.1047
358,-0.0977,0.0234,0.9399
359,-0.0471,0.0090,0.9270
360,0.0420,-0.0623,1.0269
361,0.0769,0.0386,0.8616
362,0.0093,-0.0195,0.9302
363,0.0093,-0.1797,1.0229
364,0.0449,-0.1626,0.8706
365,-0.0310,-0.2300,1.0015
366,0.0571,-0.0691,1.0444
367,0.0801,0.1709,0.9641
368,-0.0085,0.3259,1.0220
369,-0.0857,0.2869,1.0767
370,-0.1423,0.2224,0.9524
371,-0.1189,0.1228,0.9282
372,-0.0283,-0.1887,1.0002
373,0.1123,-0.1489,0.8267
374,0.2078,-0.2424,0.8899
375,0.1890,-0.2769,1.0552
376,0.0913,-0.1082,0.9124
377,-0.0098,-0.0312,1.0347
378,-0.1531,-0.0884,1.1294
379,-0.1240,0.2637,0.9231
380,-0.0703,0.2451,1.0845
381,-0.0513,0.2473,1.0461
382,0.0271,0.2588,0.8755
383,0.0525,-0.0271,0.9602
384,0.0183,-0.1062,0.8909
385,0.0730,-0.2837,0.8647
386,0.1196,-0.2031,0.9253
387,0.0857,-0.1331,0.9573
388,0.1377,-0.0156,0.9937
389,0.0925,0.0796,1.0569
390,0.0879,0.1084,1.0891
391,-0.0034,0.0022,1.0854
392,-0.1162,0.0869,0.9634
393,-0.1584,0.0620,0.9917
394,-0.2324,0.0803,0.9016
395,-0.2451,0.0691,0.8765
396,-0.0806,-0.0718,0.9319
397,0.0159,-0.0530,0.8528
398,0.1670,-0.0789,0.9106
399,0.3142,-0.0486,0.9905
400,0.2537,0.0349,0.9690
401,0.1816,0.0212,1.0842
402,0.0793,-0.0293,1.0923
403,-0.0674,0.0007,1.0151
404,-0.1438,-0.0784,1.0669
405,-0.1428,-0.0378,0.9731
406,-0.1904,0.0105,0.8774
407,-0.1931,0.0374,0.9456
408,-0.1475,0.1316,0.8765
409,-0.0566,0.1265,0.8850
410,0.0718,0.0535,0.9683
411,0.1921,0.0273,0.9299
412,0.2898,0.0129,0.9670
413,0.2961,-0.0757,1.0237
414,0.1968,-0.0608,0.9741
415,0.1003,-0.1450,1.0454
416,-0.0225,-0.1343,1.0278
417,-0.0667,-0.0474,0.9377
418,-0.1138,-0.1086,1.0002
419,-0.0959,0.0918,0.8804
420,-0.1111,0.1680,0.9202
421,-0.1179,0.1101,0.9944
422,-0.0664,0.0632,0.8958
423,-0.0549,-0.0618,0.9475
424,0.0459,-0.0742,1.0100
425,0.1924,0.0208,0.9380
426,0.1860,-0.0002,1.0151
427,0.1553,-0.0002,1.0317
428,0.1492,0.0459,0.9812
429,0.0281,-0.0312,1.0129
430,-0.0498,0.0354,0.9758
431,-0.0728,-0.0139,0.9163
432,-0.1501,0.0542,0.8945
433,-0.2244,0.0022,0.9133
434,-0.1721,-0.0220,0.9214
435,-0.1714,-0.0615,0.9526
436,-0.0398,-0.0159,0.9888
437,0.1084,-0.0503,1.0305
438,0.2419,0.0532,0.9719
439,0.3040,0.0781,1.0354
440,0.2791,0.0542,1.0422
441,0.1899,0.1191,0.9614
442,0.0593,-0.0566,0.9780
443,-0.0464,-0.1404,0.9038
444,-0.1155,-0.1797,0.8472
445,-0.1606,-0.1099,0.8801
446,-0.1997,-0.0278,0.9084
447,-0.1621,0.0400,0.9465
448,-0.0327,0.1345,0.9944
449,0.0662,0.1609,1.0452
450,0.1533,0.1279,1.0588
451,0.2275,0.1636,1.0266
452,0.1521,-0.0032,1.0676
453,0.0864,-0.0208,0.9897
454,0.0161,-0.1350,0.9592
455,0.0273,-0.2024,0.9231
456,0.0603,-0.1599,0.8638
457,0.0381,-0.1655,0.8833
458,0.0295,0.0308,0.8457
459,-0.0896,0.0334,0.9185
460,-0.1719,0.1355,1.0022
461,-0.2048,0.1624,1.0129
462,-0.1331,0.1736,1.0640
463,-0.0149,0.0591,1.0549
464,0.1611,0.0588,0.9829
465,0.2312,-0.0862,1.0305
466,0.1877,-0.0649,1.0015
467,0.1765,-0.0569,0.9280
468,0.1057,-0.1194,0.9456
469,-0.0068,-0.0671,0.8782
470,-0.0107,-0.0037,0.8567
471,-0.0750,-0.0054,0.9351
472,-0.1194,0.0723,0.8999
473,-0.0928,0.0520,0.9729
474,-0.0413,-0.0229,1.0620
475,0.0510,0.0400,0.9839
476,0.1221,-0.0129,1.0952
477,0.1528,0.0369,1.0503
478,0.0969,0.1204,1.0024
479,0.0525,0.0664,1.0559
480,0.0237,0.0718,0.9683
481,-0.0132,-0.0664,0.9104
482,0.0276,-0.1541,0.8782
483,0.0176,-0.1470,0.8198
484,-0.0383,-0.1580,0.8450
485,-0.0967,-0.1128,0.8911
486,-0.1270,-0.0117,0.9573
487,-0.1047,0.0999,1.0732
488,-0.0017,0.2505,1.0950
489,0.0833,0.2400,1.1333
490,0.1870,0.2300,1.0950
491,0.1104,0.0938,1.0549
492,0.1277,-0.0308,0.9895
493,0.1082,-0.1951,0.9475
494,0.0066,-0.2639,0.8325
495,0.0112,-0.2466,0.8408
496,-0.0159,-0.1997,0.8208
497,-0.0979,0.0308,0.7896
498,-0.1057,-0.0076,0.9888
499,-0.0986,0.1562,1.0286
500,-0.0579,0.2869,1.0376
501,0.0435,0.2019,1.2212
502,0.0833,0.1208,1.0823
503,0.1033,0.0818,1.0159
504,0.0867,-0.1494,1.0991
505,0.0413,-0.1304,0.9380
506,0.0874,-0.2114,0.8635
507,0.1025,-0.1814,0.9067
508,0.0881,-0.1216,0.8022
509,0.1008,0.0327,0.8176
510,-0.0569,0.0339,0.9556
511,-0.1794,0.1538,0.9211
512,-0.1948,0.0718,1.0540
513,-0.1482,0.1130,1.0930
514,-0.0444,0.0593,1.0757
515,0.1418,0.0271,1.1167
516,0.1931,0.0359,1.0266
517,0.1672,0.0449,0.9993
518,0.1284,-0.0789,1.0149
519,0.0801,-0.0244,0.8713
520,0.0625,-0.1145,0.9019
521,0.0730,-0.1023,0.8743
522,0.0476,-0.0254,0.7776
523,-0.0569,-0.1274,0.9165
524,-0.1267,-0.0273,0.9458
525,-0.1379,0.0374,0.9800
526,-0.1250,0.0500,1.1001
527,-0.0754,0.1267,1.0884
528,0.0256,0.1831,1.0471
529,0.0229,0.1111,1.1001
530,0.0420,0.0056,1.0071
531,0.0735,-0.0144,0.9495
532,0.1150,-0.1238,0.9875
533,0.2122,-0.0647,0.8694
534,0.1702,-0.1750,0.8411
535,0.1008,-0.0974,0.8647
536,-0.1138,-0.0891,0.8850
537,-0.2393,0.0928,0.9321
538,-0.2766,0.1035,1.0659
539,-0.2236,0.1846,1.0745
540,-0.0505,0.2156,1.0571
541,0.1069,0.1042,1.0833
542,0.1821,0.0190,1.0054
543,0.2351,-0.0469,0.9377
544,0.1890,-0.2402,1.0220
545,0.1926,-0.2163,0.8901
546,0.1116,-0.1350,0.8518
547,0.0486,-0.0996,0.9426
548,-0.0415,0.0156,0.8557
549,-0.1455,0.1418,0.8831
550,-0.1826,0.1155,1.0862
551,-0.2112,0.1953,0.9712
552,-0.1492,0.2253,1.0200
553,-0.0559,-0.0537,1.1255
554,0.0481,0.0298,0.9067
555,0.1101,-0.1255,0.9868
556,0.1619,-0.1392,1.0354
557,0.1482,-0.1311,0.8967
558,0.1567,-0.0532,0.9507
559,0.0957,-0.1248,1.0325
560,0.0837,0.0972,0.8342
561,0.0012,0.1260,0.9407
562,-0.1196,0.1116,0.9807
563,-0.1897,0.1128,0.9019
564,-0.2273,0.0659,0.9885
565,-0.2004,0.0154,1.0452
566,-0.0879,0.0154,0.9302
567,-0.0010,-0.0417,0.9761
568,0.0757,-0.1299,1.0168
569,0.1902,-0.0842,0.9553
570,0.2263,-0.1370,1.0239
571,0.2373,-0.0652,1.0110
572,0.2007,-0.0042,0.9263
573,0.0994,0.0520,0.9468
574,-0.0798,0.0649,0.9153
575,-0.1980,0.1150,0.8677
576,-0.2366,0.0391,0.9634
577,-0.2021,0.0437,0.9263
578,-0.0723,0.0581,0.9429
579,0.0415,0.0029,1.0276
580,0.1038,0.0530,0.9761
581,0.0920,-0.0227,1.0393
582,0.0457,-0.0552,1.0864
583,0.0513,-0.0151,1.0083
584,0.0947,-0.0901,1.0237
585,0.1208,-0.0967,0.9768
586,0.1406,-0.0029,0.8430
587,0.0740,-0.0068,0.8938
588,-0.1045,0.0317,0.9016
589,-0.1997,0.1455,0.8264
590,-0.2112,0.0325,1.0034
591,-0.1616,0.0393,0.9631
592,0.0049,0.1570,0.9106
593,0.0852,-0.0388,1.1196
594,0.1074,-0.0415,1.0149
595,0.0886,-0.0447,1.0139
596,0.0247,-0.1724,1.1460
597,-0.0244,-0.0342,0.9485
598,-0.0139,-0.0242,0.9304
599,0.0129,0.0337,0.9592
600,0.0552,0.0994,0.8169
601,0.0574,0.0933,0.8596
602,0.0334,0.0176,0.9495
603,0.0146,0.0950,0.8931
604,-0.0334,0.0337,0.9751
605,-0.0266,-0.0144,1.0247
606,-0.0229,-0.0347,0.9722
607,-0.0425,-0.0815,1.0708
608,-0.0415,-0.0769,1.1294
609,-0.0574,0.0259,1.0022
610,-0.0259,0.0427,1.0718
611,0.0547,0.0007,0.9731
612,0.0837,0.0881,0.7983
613,0.0723,-0.0576,0.9124
614,0.0811,0.0366,0.8286
615,0.0029,-0.0161,0.8394
616,-0.0078,-0.0525,0.9631
617,-0.0085,-0.0886,0.9565
618,0.0115,0.0042,0.9575
619,-0.0208,0.0281,1.1089
620,-0.0498,0.0728,1.0728
621,-0.0796,0.0339,1.0884
622,-0.0732,0.0249,1.1108
623,-0.0413,0.0732,0.9866
624,0.0425,0.0713,0.9360
625,0.0681,-0.0159,0.8792
626,0.0405,-0.0305,0.7573
627,0.0188,-0.1396,0.8706
628,-0.0017,-0.1401,0.8755
629,0.0071,0.0193,0.8801
630,0.0227,-0.0774,1.0637
631,0.0242,0.1057,1.0120
632,-0.0542,0.1223,1.0796
633,-0.0916,0.0920,1.1907
634,-0.0564,0.1365,1.0513
635,0.0156,-0.0393,1.0334
636,0.0991,-0.0459,1.0208
637,0.1760,-0.0093,0.8523
638,0.1716,-0.0259,0.8557
639,0.0701,-0.0913,0.8589
640,-0.0354,0.0000,0.8030
641,-0.0981,-0.0503,0.9465
642,-0.0879,-0.0286,0.9868
643,-0.0505,0.0857,0.9810
644,-0.0259,0.0557,1.0872
645,0.0732,0.1248,1.0415
646,0.0264,0.0081,1.0706
647,-0.0276,-0.0254,1.0591
648,-0.0393,-0.0974,1.0129
649,-0.0388,-0.0994,0.9836
650,0.0007,0.0405,0.9067
651,0.0293,0.0349,0.8970
652,0.0479,0.0776,0.9192
653,0.0303,0.1125,0.8706
654,0.0461,0.0991,0.9348
655,0.0464,-0.0786,0.9954
656,0.0564,-0.0227,0.8813
657,0.0671,-0.1023,0.9866
658,0.0254,-0.1396,1.0354
659,-0.0464,-0.0188,0.9729
660,-0.0981,-0.0051,1.0862
661,-0.1458,-0.0112,1.1147
662,-0.1223,0.0815,0.9749
663,-0.0789,0.0603,1.0168
664,-0.0242,0.0815,0.9553
665,0.0249,0.1223,0.8696
666,0.0364,0.0410,0.9282
667,0.0664,-0.0544,0.8928
668,0.0767,-0.1067,0.8735
669,0.1567,-0.1392,0.9175
670,0.1672,-0.0901,0.9543
671,0.0913,-0.0271,0.9976
672,0.0542,0.0750,1.0688
673,-0.0056,0.0806,1.0952
674,-0.0872,0.0635,1.0854
675,-0.0991,0.0933,1.0315
676,-0.1208,0.0322,1.0122
677,-0.1045,0.0586,0.8948
678,-0.0986,0.0144,0.8792
679,-0.0408,-0.0737,0.8784
680,0.0745,-0.0276,0.8599
681,0.1523,-0.1072,0.9409
682,0.2556,0.0054,0.9143
683,0.2476,-0.0391,0.9741
684,0.1555,-0.0085,1.0330
685,-0.0020,0.0466,1.0403
686,-0.1187,0.0620,1.0942
687,-0.1685,-0.0137,1.0669
688,-0.1731,0.0220,0.9800
689,-0.1042,-0.0417,0.9680
690,-0.0610,-0.0093,0.9133
691,-0.0742,0.0227,0.8801
692,-0.0190,0.0601,0.9250
693,0.0408,0.0806,0.9192
694,0.1489,0.0767,0.9517
695,0.2202,0.0405,0.9878
696,0.2363,-0.0146,0.9487
697,0.1685,-0.1121,1.0054
698,0.0635,-0.1335,1.0151
699,-0.0479,-0.0720,1.0061
700,-0.1528,-0.0935,1.0549
701,-0.1768,-0.0212,0.9810
702,-0.1721,0.0220,0.9409
703,-0.1670,0.0840,0.9526
704,-0.0696,0.1353,0.9387
705,0.0225,0.1111,0.9419
706,0.1125,0.0701,0.9514
707,0.2058,-0.0332,0.9553
708,0.2446,-0.0649,0.9321
709,0.2700,-0.0684,0.9497
710,0.1501,-0.1284,1.0354
711,0.0557,0.0393,0.9478
712,-0.1040,-0.0134,1.0491
713,-0.1575,0.0129,1.0386
714,-0.2097,0.0378,0.9282
715,-0.1929,0.0388,0.9807
716,-0.1772,0.0085,0.9749
717,-0.1055,0.1455,0.8794
718,-0.0164,-0.0168,0.9702
719,0.0662,-0.0791,0.9595
720,0.2175,-0.0911,0.8997
721,0.3201,-0.0505,0.9797
722,0.2732,-0.0452,1.0115
723,0.1863,0.1069,0.9456
724,0.0469,0.0903,1.0364
725,-0.0613,-0.0488,1.0308
726,-0.1262,-0.0415,0.9165
727,-0.1335,-0.0520,0.9836
728,-0.1372,0.0378,0.9622
729,-0.1494,0.0950,0.8596
730,-0.1492,-0.0078,0.9575
731,-0.0955,-0.1006,0.9741
732,0.0002,-0.0015,0.9565
733,0.1873,0.0381,1.0610
734,0.2820,0.1201,1.0071
735,0.2524,0.1362,0.9377
736,0.1978,-0.0596,1.0444
737,0.0762,-0.1201,0.9348
738,-0.0176,-0.0889,0.9106
739,-0.0493,-0.1711,1.0005
740,-0.0872,0.0183,0.8401
741,-0.1257,0.0522,0.9124
742,-0.1238,0.0720,1.0317
743,-0.1074,0.1387,0.9065
744,-0.0566,0.1194,1.0435
745,0.0034,-0.0146,1.0942
746,0.0723,0.0935,0.9409
747,0.1309,-0.0286,1.0610
748,0.0732,-0.0010,1.0178
749,0.0498,-0.0212,0.8889
750,0.0432,-0.2175,0.9670
751,0.0334,-0.1892,0.8899
752,0.0750,-0.1353,0.8762
753,0.1460,0.0615,0.9387
754,0.0444,0.1414,0.9595
755,-0.0684,0.2158,0.9514
756,-0.1372,0.1506,1.0159
757,-0.1934,0.0261,1.0510
758,-0.0786,0.0566,1.0254
759,0.0369,-0.0303,1.0220
760,0.1130,-0.0542,0.9836
761,0.1558,-0.0576,0.9214
762,0.1213,-0.0808,0.9670
763,0.0598,-0.0898,0.9504
764,0.0029,-0.1218,0.9026
765,0.0212,-0.0425,0.9409
766,0.0146,0.0278,0.9526
767,0.0251,0.2024,0.9409
768,-0.0083,0.1155,1.0149
769,-0.0906,0.0247,0.9858
770,-0.1106,0.0022,0.9612
771,-0.1140,-0.0818,1.0354
772,-0.0247,-0.0300,1.0100
773,0.1023,0.1091,0.9250
774,0.1775,0.0266,1.0383
775,0.2112,-0.0503,0.9368
776,0.1597,-0.0767,0.9028
777,0.0825,-0.1885,1.0298
778,0.0076,0.0029,0.9263
779,-0.1040,0.0513,0.9075
780,-0.1758,0.0249,0.9922
781,-0.2229,0.0327,0.9214
782,-0.1372,0.0789,0.9436
783,0.0032,0.0046,1.0803
784,0.1294,0.0986,0.9927
785,0.2256,0.1404,0.9563
786,0.1943,0.0515,1.0530
787,0.1287,-0.0085,0.9204
788,0.0535,-0.0457,0.9224
789,-0.0137,-0.2727,1.0549
790,-0.0051,-0.1565,0.8713
791,0.0022,-0.1243,0.9182
792,-0.0349,-0.0625,0.9993
793,-0.1309,0.1519,0.8782
794,-0.2415,0.1504,1.0054
795,-0.2307,0.1316,1.0454
796,-0.1411,0.1550,0.9458
797,0.0525,0.0737,1.0513
798,0.2317,0.0020,1.0305
799,0.3472,0.0244,0.9390
800,0.2766,-0.1018,1.0100
801,0.1865,-0.0986,0.9641
802,0.0354,-0.1890,0.9370
803,-0.0076,-0.1055,0.9233
804,0.0071,-0.0378,0.9468
805,0.0125,0.0457,0.8950
806,-0.0576,0.1677,0.8940
807,-0.1035,0.0811,1.0315
808,-0.1155,0.1125,0.9954
809,-0.1106,0.1213,1.0122
810,-0.0308,-0.0588,1.0774
811,0.1003,-0.0239,0.9478
812,0.0999,-0.0784,0.9895
813,0.0288,-0.0669,1.0413
814,-0.0037,0.0012,0.9214
815,-0.0269,-0.1560,0.9670
816,-0.0037,-0.1069,0.9194
817,0.0183,-0.0098,0.8821
818,0.1199,0.0776,0.9221
819,0.0659,0.1038,0.9253
820,-0.0464,0.1426,0.9426
821,-0.0916,0.0833,1.0325
822,-0.1165,0.0256,1.0679
823,-0.0161,-0.0049,1.0288
824,0.1011,-0.0171,1.0190
825,0.1169,-0.0320,1.0227
826,0.1108,0.0198,0.9670
827,0.0603,-0.0234,0.9788
828,-0.0571,-0.1167,0.9634
829,-0.0728,-0.0833,0.8716
830,-0.0320,-0.0884,0.9019
831,-0.0166,-0.0125,0.9124
832,-0.0330,0.0793,0.8606
833,0.0361,0.0518,0.9917
834,0.0630,0.0435,1.0315
835,0.0972,0.1575,1.0071
836,0.1089,0.0652,1.1001
837,0.0828,0.0667,1.0190
838,0.0249,0.0232,0.9397
839,-0.0393,-0.1353,1.0366
840,-0.0425,-0.1323,0.9319
841,0.0308,-0.1316,0.9036
842,0.0564,-0.1663,0.9768
843,0.0842,-0.0090,0.8401
844,0.0032,0.0410,0.9104
845,-0.1467,0.0579,0.9956
846,-0.1873,0.1677,0.9399
847,-0.1709,0.1011,1.0293
848,-0.0703,0.0649,1.0706
849,0.1301,0.0884,0.9778
850,0.2078,0.0085,1.0227
851,0.2036,-0.0278,1.0034
852,0.1116,0.0032,0.9104
853,0.0215,-0.0662,0.9817
854,-0.0276,-0.1150,0.9885
855,-0.0598,-0.0996,0.8784
856,0.0344,-0.0405,0.9146
857,0.0063,-0.0278,0.9475
858,-0.0684,0.1172,0.8669
859,-0.0979,0.0500,1.0217
860,-0.1084,-0.0132,1.0315
861,-0.0786,0.1091,0.9702
862,0.0610,0.0488,1.0715
863,0.1211,0.0664,1.0278
864,0.1016,0.0396,0.9368
865,0.0830,-0.0508,1.0249
866,0.0791,-0.1340,0.9553
867,0.0750,-0.0659,0.8645
868,0.0625,-0.1201,0.9915
869,0.0491,-0.0061,0.9077
870,-0.0366,0.1079,0.8489
871,-0.1331,0.0383,1.0298
872,-0.1665,0.0571,0.9426
873,-0.1150,0.0796,0.9719
874,-0.0347,-0.0288,1.1167
875,0.0715,0.1323,0.9749
876,0.1082,0.0278,0.9934
877,0.0408,-0.0107,1.0454
878,-0.0215,-0.0547,0.9153
879,-0.0266,-0.1392,0.9409
880,0.0278,-0.1338,0.9761
881,0.1011,-0.0215,0.8628
882,0.1443,0.0012,0.8918
883,0.0759,-0.0376,0.9475
884,-0.0261,0.0710,0.8843
885,-0.0986,0.1047,1.0042
886,-0.1121,0.0818,1.0833
887,-0.1321,0.1267,0.9858
888,-0.0803,0.0095,1.0278
889,-0.0103,-0.0186,1.0393
890,-0.0073,0.0393,0.9446
891,0.0564,-0.0461,1.0164
892,0.0889,-0.1216,0.9729
893,0.0793,-0.1113,0.8618
894,0.0986,-0.0620,0.9526
895,0.0994,-0.0527,0.9282
896,-0.0098,0.0698,0.8479
897,-0.0889,0.0388,0.9722
898,-0.1594,0.0559,1.0220
899,-0.1526,0.1133,0.9565
900,-0.1079,0.0562,1.0667
901,0.0203,0.0266,1.0176
902,0.1067,0.0410,0.9309
903,0.0837,-0.0276,1.0344
904,0.1011,-0.0515,0.9927
905,0.0930,-0.0269,0.9341
906,0.1223,-0.0732,0.9976
907,0.1096,-0.0730,0.9358
908,0.0745,0.0408,0.8442
909,-0.0134,-0.0215,0.9641
910,-0.1011,0.0247,0.9290
911,-0.1284,0.0596,0.9106
912,-0.1104,0.0120,1.0356
913,-0.0359,0.0068,0.9849
914,0.0198,0.0146,0.9504
915,-0.0271,-0.0222,1.0491
916,-0.0247,0.0007,1.0090
917,0.0027,0.0696,0.9817
918,-0.0095,-0.0264,1.0815
919,0.0457,0.0300,0.9780
920,0.1543,0.0127,0.9253
921,0.1045,-0.0212,0.9446
922,0.0027,0.0317,0.8557
923,-0.0935,0.0115,0.8901
924,-0.1133,0.0093,0.9133
925,-0.0903,-0.0486,0.9456
926,-0.0183,0.0027,0.9602
927,0.0850,0.0115,1.0044
928,0.0806,-0.0425,1.0337
929,0.0322,-0.0159,1.0403
930,0.0112,0.0051,1.0483
931,-0.0679,-0.0383,1.0745
932,-0.0691,0.0396,0.9575
933,0.0571,0.0850,0.9250
934,0.0688,0.0125,0.9546
935,0.1040,0.0911,0.8169
936,0.0979,-0.0686,0.9321
937,0.0447,-0.0100,0.9128
938,0.0076,-0.0149,0.9143
939,0.0242,-0.0583,1.0259
940,-0.0244,0.0154,0.9670
941,-0.0642,-0.0078,1.0239
942,-0.0696,-0.0439,1.0796
943,-0.0789,0.0249,1.0005
944,-0.0271,-0.0305,1.0474
945,0.0667,-0.0078,1.0142
946,0.1284,0.0940,0.8987
947,0.0522,0.0188,0.9045
948,0.0239,0.0183,0.8940
949,-0.0283,-0.0435,0.8696
950,-0.0129,0.0200,0.9211
951,0.0107,-0.0601,1.0139
952,0.0996,0.0425,0.9104
953,0.0552,0.0195,1.0071
954,-0.0481,-0.0383,1.0581
955,-0.1243,0.1199,1.0024
956,-0.1743,-0.0417,1.0837
957,-0.1497,-0.0015,1.0376
958,-0.0422,-0.0603,0.9700
959,0.1001,0.0122,0.9446
960,0.1726,-0.0413,0.9202
961,0.1838,-0.0364,0.8665
962,0.1130,0.0015,0.8979
963,-0.0122,-0.0457,0.9690
964,-0.0737,0.0635,0.9270
965,-0.0952,0.0989,0.9812
966,-0.0737,0.0723,1.0220
967,-0.0234,0.0371,1.0015
968,0.0725,0.0171,1.0093
969,0.1108,-0.0894,1.0610
970,0.1406,-0.1033,0.9863
971,0.1523,-0.0332,0.9807
972,0.0383,0.0159,0.9565
973,-0.0593,0.0674,0.9272
974,-0.1279,-0.0132,0.9211
975,-0.1050,0.0315,0.8889
976,-0.1123,-0.1233,0.9856
977,0.0588,0.0737,0.8909
978,0.1213,0.0554,0.9866
979,0.1301,0.0093,0.9888
980,0.0649,-0.0059,0.9573
981,-0.0061,-0.0793,1.0247
982,-0.0681,-0.0171,1.0522
983,-0.0396,0.0020,1.0100
984,0.0295,0.0732,1.0366
985,0.0569,0.0183,0.9700
986,0.0518,0.0686,0.9290
987,-0.0200,-0.0732,0.9771
988,-0.0598,0.0901,0.8823
989,-0.0723,-0.0642,0.9719
990,0.0498,0.0601,0.9202
991,0.1235,-0.0271,0.8892
992,0.1621,-0.1096,0.9700
993,0.1035,-0.0754,0.9543
994,-0.0198,0.0100,0.9858
995,-0.1003,-0.0664,1.0989
996,-0.1079,-0.0176,1.0168
997,-0.0823,0.0234,0.9878
998,0.0042,0.0422,1.0530
999,0.0208,0.1292,0.9185
1000,0.0244,0.1367,0.9231
1001,0.0439,-0.0352,0.9858
1002,0.0300,0.0337,0.8450
1003,0.0808,-0.0273,0.9211
1004,0.1428,-0.0481,0.9915
1005,0.1230,-0.0168,0.8674
1006,0.0833,-0.0498,0.9985
1007,0.0115,-0.1580,1.0901
1008,-0.0452,-0.0183,0.9507
1009,-0.1167,-0.0679,1.1301
1010,-0.1265,0.0823,1.0396
1011,-0.1421,0.2290,0.9241
1012,-0.1396,0.1360,1.0386
1013,-0.1006,0.1431,0.9250
1014,0.0237,-0.0276,0.8635
1015,0.1221,-0.1338,0.9299
1016,0.2468,-0.0818,0.8713
1017,0.2749,-0.0732,0.8853
1018,0.1802,-0.0781,0.9878
1019,0.0315,-0.0417,0.9946
1020,-0.0823,-0.0447,1.0054
1021,-0.1294,-0.0710,1.0911
1022,-0.1138,0.0449,1.0413
1023,-0.0586,0.1631,1.0210
1024,-0.0222,0.1870,1.0315
1025,-0.0356,0.1299,0.9124
1026,-0.0803,-0.0042,0.8843
1027,-0.0479,-0.1702,0.9185
1028,0.0190,-0.1042,0.8843
1029,0.1440,-0.0793,0.9153
1030,0.2893,-0.0515,0.9475
1031,0.2666,-0.0574,0.9351
1032,0.1914,-0.0017,1.0188
1033,0.0598,0.0098,1.0784
1034,-0.1182,0.0698,1.0393
1035,-0.1726,0.0715,1.0464
1036,-0.1895,0.1089,0.9817
1037,-0.1992,0.0305,0.9429
1038,-0.1191,0.0122,0.9287
1039,-0.0400,-0.0361,0.8870
1040,0.0476,-0.0295,0.9399
1041,0.1560,-0.1228,0.9231
1042,0.2197,0.0369,0.9153
1043,0.1724,-0.0264,1.0024
1044,0.0918,0.1333,0.9700
1045,0.0088,-0.0093,1.0327
1046,-0.0393,-0.0015,1.0181
1047,-0.1350,-0.0613,0.9507
1048,-0.0784,-0.1057,1.0002
1049,-0.0334,-0.0330,0.9097
1050,-0.0818,0.0710,0.9077
1051,-0.0891,-0.0137,1.0129
1052,-0.0591,0.1040,0.9016
1053,-0.0137,-0.0103,1.0081
1054,0.1099,-0.0020,1.0640
1055,0.2642,0.1492,0.9370
1056,0.2102,0.0273,1.0376
1057,0.1167,0.0515,0.9868
1058,-0.0537,-0.0730,0.9114
1059,-0.1145,-0.1997,0.9585
1060,-0.1218,-0.2190,0.9377
1061,0.0073,-0.0574,0.8450
1062,0.1013,0.0347,0.9631
1063,0.0745,0.1104,0.9602
1064,-0.0161,0.2322,0.9712
1065,-0.1128,0.0825,1.0735
1066,-0.0867,0.0569,1.0227
1067,0.0073,0.0249,0.9946
1068,0.1326,0.0281,1.0161
1069,0.2302,-0.0298,0.9800
1070,0.2244,-0.0669,0.9075
1071,0.0713,-0.1094,0.9399
1072,-0.0300,-0.1160,0.9250
1073,-0.1379,-0.1079,0.8931
1074,-0.1750,0.0139,0.9194
1075,-0.1084,-0.0120,0.9636
1076,-0.1067,0.0964,0.9380
1077,-0.0718,0.0996,1.0188
1078,-0.0378,0.0957,1.0833
1079,0.0007,0.1377,1.0317
1080,0.0813,0.0117,1.0774
1081,0.1753,0.0371,0.9741
1082,0.1763,-0.0247,0.9282
1083,0.1013,-0.0884,0.9377
1084,0.1023,-0.1008,0.8694
1085,0.0322,-0.2153,0.9016
1086,-0.0640,-0.1145,0.9045
1087,-0.0457,-0.0474,0.9475
1088,-0.0486,0.0935,0.9622
1089,-0.1624,0.1438,0.9995
1090,-0.1206,0.1650,1.0510
1091,-0.0908,0.1663,1.0542
1092,-0.0063,0.1328,1.0374
1093,0.1367,-0.0149,1.0327
1094,0.2368,-0.0439,0.9292
1095,0.2041,-0.0608,0.9290
1096,0.1941,-0.1057,0.9338
1097,0.1331,-0.1582,0.8813
1098,0.0369,-0.1550,0.8950
1099,0.0117,-0.1411,0.9517
1100,-0.1172,-0.0037,0.9487
1101,-0.1523,0.1462,0.9624
1102,-0.2175,0.0786,1.0669
1103,-0.2422,0.1741,0.9907
1104,-0.1738,0.0806,1.0500
1105,-0.0330,0.0518,1.0532
1106,0.0984,0.0085,0.9719
1107,0.2495,-0.0347,0.9438
1108,0.2236,-0.0613,0.9692
1109,0.1460,0.0083,0.8774
1110,0.1023,-0.0615,0.9497
1111,0.0352,-0.1455,0.9438
1112,0.0176,-0.0334,0.8911
1113,-0.0083,-0.0369,0.9827
1114,-0.0210,0.1279,0.9644
1115,-0.1614,0.0903,0.9658
1116,-0.1929,0.0884,1.0149
1117,-0.1089,0.0259,1.0500
1118,-0.0254,0.0374,0.9924
1119,0.1250,-0.0005,1.0618
1120,0.2339,0.0212,0.9741
1121,0.1582,0.0437,0.9573
1122,0.1172,-0.1011,0.9976
1123,0.0476,-0.0842,0.8860
1124,-0.0461,-0.0742,0.9458
1125,0.0112,-0.0247,0.9653
1126,0.0330,0.0886,0.8723
1127,-0.0164,-0.0308,0.9399
1128,-0.0840,0.0142,0.9526
1129,-0.1338,0.0664,0.9543
1130,-0.0928,0.0366,1.0686
1131,-0.0491,0.0789,1.0249
1132,0.0061,0.0278,1.0247
1133,0.1577,-0.0049,1.0366
1134,0.1179,-0.0032,0.9634
1135,0.1362,-0.0217,0.9761
1136,0.1375,-0.0991,0.9790
1137,0.0386,-0.0322,0.8862
1138,0.0205,-0.0210,0.9380
1139,-0.0159,0.0178,0.8970
1140,-0.1357,0.0439,0.8755
1141,-0.2200,-0.0049,0.9604
1142,-0.1892,0.0598,0.9858
1143,-0.1079,0.0496,1.0227
1144,0.0254,0.0417,1.0754
1145,0.1829,0.0579,1.0317
1146,0.2322,0.0276,0.9895
1147,0.1396,-0.0498,1.0266
1148,0.0300,-0.0645,0.9387
1149,-0.0435,-0.0864,0.9670
1150,0.0020,-0.0886,0.9563
1151,0.0835,0.0203,0.8684
1152,0.0630,-0.0437,0.9077
1153,0.0066,0.0503,0.8831
1154,-0.0669,0.0310,0.9094
1155,-0.1597,-0.0181,1.0142
1156,-0.1853,0.0918,0.9858
1157,-0.1243,0.0769,1.0757
1158,0.0203,0.1062,1.0825
1159,0.1304,0.0916,0.9829
1160,0.1353,-0.0549,1.0371
1161,0.1423,-0.0376,0.9993
1162,0.0859,-0.0259,0.9309
1163,-0.0171,-0.0847,0.9653
1164,-0.0044,-0.0784,0.8677
1165,-0.0405,-0.0527,0.8257
1166,-0.0828,-0.0034,0.9143
1167,-0.0449,0.0381,0.9263
1168,-0.0381,0.0635,0.9700
1169,-0.0337,0.0422,1.0598
1170,0.0303,0.0935,1.0471
1171,0.0571,0.0354,1.0327
1172,0.0493,0.0195,1.0239
1173,-0.0051,-0.0627,1.0161
1174,0.0374,0.0686,0.9680
1175,0.0620,-0.0544,1.0178
1176,0.0706,-0.0325,0.9417
1177,0.0920,-0.0740,0.8579
1178,0.0796,-0.0144,0.8743
1179,-0.0107,-0.0696,0.8752
1180,-0.1130,0.0527,0.8774
1181,-0.1951,-0.0237,0.9722
1182,-0.1716,-0.0005,1.0452
1183,-0.0798,0.0579,1.0022
1184,0.0740,0.0803,1.0569
1185,0.1355,0.0452,1.0920
1186,0.1345,0.1392,0.9885
1187,0.0652,0.0405,1.0393
1188,0.0332,-0.0723,1.0103
1189,0.0229,-0.0100,0.8557
1190,0.0430,-0.0168,0.9075
1191,0.0422,-0.0906,0.9006
1192,0.0051,-0.0312,0.7649
1193,-0.0679,-0.0801,0.9485
1194,-0.1045,-0.0874,1.0083
1195,-0.0337,0.1155,0.9417
1196,-0.0164,0.0471,1.1187
1197,0.0520,0.1794,1.0571
1198,0.0190,0.0938,1.0161
1199,-0.0100,0.0654,1.0591
1200,-0.0039,-0.0771,1.0142
1201,0.0071,-0.0439,0.9312
1202,0.0498,-0.0977,0.9221
1203,0.1597,-0.0728,0.8853
1204,0.0930,-0.1245,0.8169
1205,-0.0181,0.0198,0.8296
1206,-0.1279,-0.0662,1.0071
1207,-0.1792,0.1499,0.9338
1208,-0.1421,0.1516,1.0374
1209,-0.0361,0.0632,1.1313
1210,0.0432,0.1038,0.9622
1211,0.0928,0.0591,1.0422
1212,0.0903,-0.1226,1.0874
1213,0.0447,-0.0469,0.9084
1214,0.0298,-0.1423,1.0112
1215,0.0461,-0.0515,0.9612
1216,0.0557,-0.0095,0.8076
1217,0.0398,-0.0020,0.8950
1218,-0.0229,0.0073,0.9016
1219,-0.0679,0.0752,0.9019
1220,-0.0537,0.0933,0.9973
1221,-0.0393,0.0322,1.0295
1222,0.0486,0.0410,0.9995
1223,0.1060,0.0134,1.0347
1224,0.0830,0.0049,1.0376
1225,0.0120,-0.0850,1.0227
1226,-0.0496,-0.0347,0.9907
1227,-0.0649,-0.0156,1.0168
1228,0.0032,0.0081,0.9397
1229,0.0620,0.0596,0.8577
1230,0.0740,-0.0361,0.9065
1231,0.0161,-0.0076,0.8701
1232,-0.0403,0.0134,0.8765
1233,-0.0872,-0.0464,1.0278
1234,-0.0913,0.0366,0.9839
1235,0.0061,0.0361,0.9807
1236,0.0808,-0.0264,1.0754
1237,0.0120,0.0515,1.0142
1238,0.0334,0.1194,1.0503
1239,0.0347,0.0334,1.1067
1240,0.0576,0.0862,0.9653
1241,0.0852,-0.0403,0.9612
1242,0.1006,-0.0583,0.8948
1243,0.0583,-0.0671,0.8030
1244,-0.0615,-0.1384,0.8665
1245,-0.1238,-0.1091,0.9036
1246,-0.1392,-0.0317,0.9377
1247,-0.0520,0.0532,1.0200
1248,0.0381,0.0759,1.0559
1249,0.1448,0.1592,1.0002
1250,0.1116,0.0276,1.1116
1251,0.0562,0.0664,1.0432
1252,0.0210,0.0361,1.0112
1253,-0.0088,-0.0579,1.0249
1254,0.0081,-0.0259,0.9087
1255,0.0806,-0.0510,0.8313
1256,-0.0183,-0.1350,0.8743
1257,-0.0500,-0.1006,0.8442
1258,-0.0244,0.0085,0.9143
1259,-0.0515,0.0288,1.0334
1260,0.0588,0.1636,1.0081
1261,0.1067,0.1082,1.0200
1262,0.0620,0.0244,1.0698
1263,-0.0356,-0.0334,1.0061
1264,-0.1414,-0.0869,1.0249
1265,-0.1804,-0.0125,1.0435
1266,-0.1130,-0.0029,0.9709
1267,0.0461,-0.0012,0.9329
1268,0.1892,-0.0352,0.8889
1269,0.1812,0.0178,0.8647
1270,0.1323,0.0596,0.9038
1271,0.0632,-0.0244,0.9504
1272,-0.0527,0.0166,0.9663
1273,-0.0669,-0.0579,1.0071
1274,0.0227,0.0479,1.0178
1275,0.0176,-0.0154,1.0239
1276,-0.0154,0.0659,1.0220
1277,-0.0164,0.0042,1.0288
1278,-0.0103,-0.0320,1.0452
1279,0.0068,0.0171,0.9426
1280,0.1008,0.0103,0.9517
1281,0.1096,-0.0493,0.9231
1282,0.0242,0.0762,0.8215
1283,-0.0317,-0.0349,0.9690
1284,-0.0461,-0.0176,0.9380
1285,-0.0723,-0.0210,0.9243
1286,0.0381,-0.0623,1.0210
1287,0.0828,-0.0022,1.0012
1288,0.0569,0.0815,0.9758
1289,-0.0020,0.0486,1.0813
1290,-0.0508,0.0281,1.0129
1291,-0.0454,0.0107,0.9683
1292,0.0146,-0.1309,1.0444
1293,0.1021,-0.0183,0.9133
1294,0.1284,0.0244,0.8813
1295,0.0361,-0.0393,0.9670
1296,0.0022,0.0474,0.8762
1297,-0.0554,0.0410,0.9478
1298,-0.0237,0.0247,1.0129
1299,0.0557,0.0154,0.9468
1300,0.1321,0.0417,0.9224
1301,0.0605,-0.0481,1.0317
1302,-0.0164,0.0129,0.9683
1303,-0.1101,0.0063,1.0220
1304,-0.1128,-0.0605,1.0686
1305,-0.0903,-0.0547,0.9709
1306,-0.0015,-0.0083,0.9507
1307,0.0239,-0.0139,0.9956
1308,-0.0137,0.0522,0.8823
1309,-0.0164,0.0120,0.9292
1310,-0.0352,-0.0046,0.9875
1311,0.0447,0.0986,0.9231
1312,0.1265,-0.0220,0.9827
1313,0.1794,0.0762,0.9321
1314,0.1235,-0.0447,0.9692
1315,0.1455,0.0105,0.9819
1316,0.0488,-0.0925,1.0188
1317,-0.0625,-0.1030,1.0093
1318,-0.0876,-0.0552,1.0068
1319,-0.1421,-0.0229,0.9739
1320,-0.1587,0.0522,0.9634
1321,-0.1465,0.1074,0.9575
1322,-0.0854,0.1914,0.9709
1323,0.0249,0.0901,0.9771
1324,0.1680,0.0603,0.9116
1325,0.2427,-0.1331,0.9282
1326,0.2297,-0.1140,0.8821
1327,0.0894,-0.1255,0.9321
1328,-0.0095,-0.0427,1.0054
1329,-0.1687,0.0486,0.9897
1330,-0.1809,-0.0276,1.0454
1331,-0.0605,-0.0132,1.0286
1332,0.0176,-0.0051,0.9565
1333,0.0205,0.0312,0.9836
1334,0.0288,0.0632,0.9653
1335,0.0103,0.1096,0.9292
1336,0.0144,-0.0405,0.9758
1337,0.0854,-0.0518,0.9250
1338,0.1655,-0.0864,0.9312
1339,0.1802,-0.0232,0.9585
1340,0.1147,0.0378,0.9592
1341,0.0227,0.0259,1.0168
1342,-0.0825,0.0879,0.9954
1343,-0.1355,0.0068,1.0110
1344,-0.1060,-0.0337,1.0168
1345,-0.0427,0.0554,0.8921
1346,0.0127,-0.0073,0.9563
1347,0.0405,-0.0444,1.0005
1348,-0.0125,0.0757,0.8687
1349,-0.0015,-0.0469,1.0354
1350,0.0283,-0.1267,0.9888
1351,0.1196,0.0728,0.8413
1352,0.1426,-0.1680,1.0728
1353,0.1277,0.0798,0.9514
1354,0.0559,0.0637,0.9146
1355,-0.0635,-0.0027,1.0942
1356,-0.1194,-0.0061,0.9487
1357,-0.0967,0.0208,0.9231
1358,-0.0566,-0.0422,1.0237
1359,-0.0510,0.0576,0.9172
1360,-0.0303,0.0559,0.9172
1361,-0.0405,-0.0457,1.0598
1362,-0.0076,-0.0295,0.9407
1363,0.0515,-0.0576,0.9360
1364,0.1340,-0.0374,1.0237
1365,0.1514,0.0273,0.9214
1366,0.1082,0.0703,0.9302
1367,0.0566,0.0042,1.0356
1368,0.0027,0.0012,0.9319
1369,-0.0535,-0.0269,0.9683
1370,-0.0146,-0.0237,1.0181
1371,-0.0193,0.0325,0.9204
1372,-0.1101,0.0271,0.9729
1373,-0.1086,0.0381,0.9868
1374,-0.1165,0.0515,0.9565
1375,-0.0552,-0.0864,1.0024
1376,0.0447,0.0735,0.9683
1377,0.1846,-0.0461,0.9487
1378,0.3091,-0.0083,0.9741
1379,0.2397,-0.1177,0.9419
1380,0.1458,0.0322,0.9456
1381,0.0291,-0.0811,1.0295
1382,-0.1121,0.0164,0.9465
1383,-0.1877,-0.0740,0.9438
1384,-0.1794,0.0073,1.0061
1385,-0.1560,0.1079,0.9338
1386,-0.0149,0.1924,0.9741
1387,0.0486,0.0198,1.0422
1388,0.0933,0.0039,0.9146
1389,0.1707,-0.0657,0.9788
1390,0.1118,-0.0491,1.0044
1391,0.0122,0.1113,0.9106
1392,-0.0347,-0.0144,1.0190
1393,-0.0618,-0.0417,0.9944
1394,-0.0513,-0.1138,0.9243
1395,-0.0010,-0.1401,1.0073
1396,0.1082,-0.0027,0.9309
1397,0.0369,0.0491,0.9202
1398,0.0105,0.0554,0.9602
1399,-0.0784,0.0325,0.9739
1400,-0.1196,0.0608,0.9417
1401,-0.0750,0.0132,1.0522
1402,-0.0007,0.0461,0.9927
1403,0.1011,0.1008,0.9624
1404,0.1304,-0.0283,1.0376
1405,0.1462,-0.0254,0.9526
1406,0.0261,-0.1523,0.9329
1407,0.0054,-0.1851,0.9712
1408,-0.0225,-0.1101,0.9534
1409,0.0186,0.0710,0.8872
1410,-0.0029,0.0786,1.0317
1411,-0.0530,0.1174,0.9387
1412,-0.1187,0.1353,0.9329
1413,-0.1609,-0.0881,1.0774
1414,-0.0972,0.1289,0.9387
1415,0.0449,0.0120,1.0044
1416,0.1733,0.0276,1.0308
1417,0.1941,0.0083,0.9036
1418,0.2085,-0.1179,0.9653
1419,0.1799,-0.1704,0.9761
1420,0.0591,-0.1089,0.9036
1421,-0.0266,-0.0447,0.9673
1422,-0.1008,0.0637,0.9895
1423,-0.1909,0.1440,0.9331
1424,-0.2593,0.0825,1.0081
1425,-0.1660,0.1038,1.0032
1426,-0.0669,0.0227,0.9963
1427,0.0681,0.0217,1.0120
1428,0.2410,0.0166,0.9680
1429,0.2314,-0.0813,0.9338
1430,0.1765,-0.0408,0.9446
1431,0.0662,-0.1279,0.9585
1432,-0.0305,-0.0540,0.9233
1433,-0.0168,-0.1433,1.0090
1434,0.0417,0.0183,0.9790
1435,0.0220,0.1123,0.9392
1436,0.0166,0.1191,0.9897
1437,-0.1436,0.0649,0.9507
1438,-0.2583,0.0439,0.9221
1439,-0.2209,0.0127,1.0420
1440,-0.1267,0.0298,0.9963
1441,0.0796,0.1597,0.9426
1442,0.2371,-0.0510,1.0413
1443,0.2849,-0.0564,0.9338
1444,0.2334,-0.1174,0.9153
1445,0.1836,-0.1750,1.0344
1446,0.0613,-0.0837,0.9312
1447,-0.0156,0.0708,0.9146
1448,-0.0911,-0.0364,1.0298
1449,-0.1877,0.0945,0.8608
1450,-0.2698,0.0420,0.9341
1451,-0.2234,0.0300,1.0757
1452,-0.1130,0.1572,0.9543
1453,-0.0129,0.1401,1.0320
1454,0.1216,0.0364,1.0854
1455,0.1606,0.0625,0.9136
1456,0.0894,-0.0942,0.9810
1457,0.1274,-0.1519,1.0054
1458,0.1172,-0.0850,0.8896
1459,0.0967,-0.1521,0.9612
1460,0.1470,-0.0974,0.9292
1461,0.0430,-0.0029,0.8479
1462,-0.1440,0.0747,0.9377
1463,-0.2095,0.1487,0.9583
1464,-0.1812,0.1091,0.9827
1465,-0.1353,0.0952,1.0422
1466,0.0627,0.0994,1.0249
1467,0.1387,-0.0439,1.0481
1468,0.1575,0.0579,0.9429
1469,0.0686,-0.1194,1.0266
1470,0.0566,-0.1296,0.9702
1471,0.0151,-0.0796,0.9380
1472,0.0183,-0.0869,0.9800
1473,0.0691,0.0129,0.9165
1474,0.0161,0.0789,0.8911
1475,-0.0515,0.1013,0.9292
1476,-0.1089,0.0190,0.9272
1477,-0.1001,0.0349,0.9329
1478,-0.0825,-0.0071,1.0247
1479,0.0383,0.0315,1.0073
1480,0.0955,0.0164,1.0083
1481,0.1130,0.0034,1.0249
1482,0.0457,-0.0112,1.0327
1483,0.0066,-0.0298,0.9729
1484,0.0242,-0.0703,0.9858
1485,0.0298,-0.0935,0.9504
1486,0.0693,0.0154,0.8774
1487,0.0286,0.0024,0.8843
1488,-0.0400,0.0747,0.9006
1489,-0.1436,-0.0015,0.9465
1490,-0.1772,0.1323,0.9475
1491,-0.1274,0.0349,1.0747
1492,-0.0447,0.0791,1.0090
1493,0.0259,0.0759,0.9976
1494,0.1040,-0.0698,1.0522
1495,0.1401,-0.0366,0.9956
1496,0.1187,-0.0688,0.9673
1497,0.1318,-0.0422,1.0139
1498,0.0742,-0.0906,0.9075
1499,0.0688,-0.0034,0.8528
1500,-0.0264,-0.0796,0.9214
1501,-0.1045,0.0732,0.8665
1502,-0.1577,0.0696,0.9436
1503,-0.1633,0.0889,1.0415
1504,-0.1123,0.1208,1.0198
1505,0.0547,0.0312,1.0442
1506,0.1538,0.0815,1.0371
1507,0.1633,0.0171,1.0024
1508,0.1265,-0.0281,0.9863
1509,0.1140,-0.0574,0.9397
1510,0.0442,-0.2161,0.9722
1511,0.1062,-0.0837,0.8704
1512,0.0745,-0.0144,0.9026
1513,-0.0469,0.0125,0.9175
1514,-0.0957,0.0793,0.8772
1515,-0.1931,-0.0146,0.9985
1516,-0.2156,0.0691,0.9907
1517,-0.1047,0.0859,1.0461
1518,0.0256,0.1160,1.0669
1519,0.0864,0.1570,1.0034
1520,0.1279,-0.0352,1.0347
1521,0.1064,-0.0884,0.9810
1522,0.0771,-0.0952,0.9419
1523,0.0671,-0.1235,0.9993
1524,0.0564,-0.0381,0.9084
1525,0.0090,-0.0276,0.8755
1526,-0.0549,-0.0088,0.9241
1527,-0.1230,0.0469,0.8860
1528,-0.1082,0.0774,0.9390
1529,-0.0310,0.0469,1.0239
1530,0.0481,0.0884,1.0044
1531,0.0852,0.0740,0.9897
1532,0.0637,0.0198,1.0515
1533,-0.0093,-0.0496,0.9968
1534,-0.1003,-0.0889,0.9810
1535,-0.0190,-0.1924,1.0640
1536,0.0439,-0.0352,0.9468
1537,0.1772,0.0454,0.9026
1538,0.2349,0.0110,0.9712
1539,0.0681,0.1196,0.8315
1540,-0.1140,0.0698,0.9243
1541,-0.1968,0.0042,0.9819
1542,-0.2209,0.0742,0.9087
1543,-0.0789,-0.0823,1.0803
1544,0.1001,0.0364,0.9810
1545,0.1411,-0.0107,0.9966
1546,0.1296,-0.0935,1.0647
1547,0.0554,0.0081,0.9651
1548,-0.0115,-0.0681,1.0520
1549,0.0566,0.0034,0.9966
1550,0.0718,0.0613,0.9133
1551,0.0603,0.0413,0.9026
1552,-0.0176,0.0554,0.9065
1553,-0.1443,0.0281,0.8687
1554,-0.1445,-0.0156,0.9475
1555,-0.0969,-0.0681,0.9800
1556,0.0256,0.0164,0.9644
1557,0.1580,0.0352,1.0298
1558,0.1648,0.0688,1.0159
1559,0.0530,-0.0005,1.0393
1560,0.0415,-0.0232,1.0210
1561,-0.0229,-0.0532,1.0386
1562,-0.0493,-0.0186,0.9819
1563,-0.0039,0.0325,0.9495
1564,-0.0234,-0.0051,0.9016
1565,-0.0522,-0.0110,0.8733
1566,-0.0645,-0.0547,0.9204
1567,-0.0076,0.0884,0.9036
1568,0.0828,0.0203,1.0139
1569,0.1489,0.0730,0.9634
1570,0.1528,0.0542,0.9644
1571,0.0466,-0.1167,1.0786
1572,-0.0378,0.0491,0.9846
1573,-0.1077,0.0051,1.0461
1574,-0.1204,-0.0806,1.0747
1575,0.0200,-0.0066,0.9417
1576,0.1096,-0.0469,0.9241
1577,0.1450,-0.0151,0.9116
1578,0.0908,-0.0591,0.8491
1579,-0.0164,0.0857,0.8618
1580,-0.0991,0.0186,0.9934
1581,-0.0923,0.0518,0.9614
1582,-0.0881,0.0239,0.9946
1583,0.0413,0.0862,1.0298
1584,0.0581,-0.0198,1.0657
1585,0.0283,0.0505,1.0020
1586,0.0410,-0.0244,1.0723
1587,-0.0254,-0.1323,1.0425
1588,0.0657,0.0317,0.8813
1589,0.0437,-0.0964,0.9995
1590,0.0464,0.0762,0.8335
1591,0.0532,-0.0073,0.8433
1592,0.0261,-0.0923,0.9417
1593,0.0027,0.0193,0.9019
1594,0.0144,-0.0347,0.9954
1595,0.0415,0.0957,1.0422
1596,0.0127,0.0608,0.9907
1597,-0.0642,0.0479,1.0247
1598,-0.0981,-0.0476,1.0659
1599,-0.0349,0.0420,1.0068
1600,-0.0461,-0.0461,1.0286
1601,0.0557,0.0503,0.9612
1602,0.0710,-0.0156,0.9124
1603,0.0681,0.0024,0.8918
1604,0.0613,-0.0085,0.9055
1605,0.0398,-0.0049,0.8831
1606,0.0571,-0.0403,0.9543
1607,0.1323,-0.0325,0.9790
1608,0.0974,0.0381,0.9631
1609,0.0708,0.0364,1.0256
1610,-0.0298,0.0181,1.0227
1611,-0.1594,0.0381,1.0103
1612,-0.2034,-0.0366,1.0454
1613,-0.1353,-0.0469,1.0256
1614,-0.0474,-0.0305,0.9700
1615,0.0908,0.0884,0.9153
1616,0.0869,-0.0764,0.9602
1617,0.0779,0.0454,0.8579
1618,-0.0100,0.0037,0.9377
1619,-0.0110,0.0088,0.9985
1620,0.0730,0.0381,0.9104
1621,0.1104,0.0034,0.9438
1622,0.2332,-0.0447,1.0188
1623,0.1384,0.0164,0.9380
1624,0.0159,0.0320,1.0002
1625,-0.0771,-0.1130,1.1155
1626,-0.1277,0.0361,0.9075
1627,-0.1382,-0.0359,1.0295
1628,-0.0198,0.0027,1.0149
1629,-0.0232,0.1050,0.8638
1630,0.0190,0.0559,0.9622
1631,0.0425,-0.0583,1.0032
1632,0.0671,0.0735,0.8726
1633,0.0847,0.0356,1.0024
1634,0.1155,0.0278,0.9944
1635,0.1006,0.0293,0.8628
1636,-0.0139,-0.1240,1.0103
1637,0.0203,-0.0767,0.9800
1638,-0.0405,-0.1196,0.9751
1639,-0.0422,-0.0833,1.0256
1640,0.0293,0.0481,1.0002
1641,0.0466,0.0769,0.9399
1642,-0.0132,0.0647,1.0032
1643,-0.0186,0.1162,0.9233
1644,-0.0767,0.0156,0.9497
1645,-0.0212,0.0129,0.9702
1646,0.0137,-0.0100,0.9465
1647,0.0776,0.0105,0.9175
1648,0.1211,-0.0750,0.9631
1649,0.0449,-0.0376,0.9602
1650,-0.0542,0.0081,0.9458
1651,-0.0203,-0.0671,1.0725
1652,-0.1101,-0.0503,0.9810
1653,-0.0493,0.0898,0.9368
1654,0.0178,-0.0530,1.0793
1655,-0.0471,0.1274,0.8765
1656,-0.0464,0.0593,0.9702
1657,-0.0044,-0.0784,1.0435
1658,0.0515,0.0872,0.8616
1659,0.1538,-0.0464,0.9995
1660,0.2288,0.0374,0.9631
1661,0.1768,0.0791,0.8960
1662,0.0476,-0.0640,1.0288
1663,-0.0496,0.0107,0.9546
1664,-0.1504,-0.1272,0.9722
1665,-0.1533,-0.0493,1.0190
1666,0.0032,0.0093,0.9624
1667,0.0063,-0.0122,0.9709
1668,-0.0095,0.0691,0.9595
1669,-0.0203,0.0273,0.9644
1670,-0.1040,-0.0376,0.9514
1671,0.0088,-0.0212,0.9712
1672,0.1682,0.0042,0.9585
1673,0.2434,0.0488,0.9319
1674,0.2593,-0.0293,0.9761
1675,0.1653,0.0405,0.9270
1676,-0.0266,-0.0645,1.0112
1677,-0.1023,-0.0332,1.0151
1678,-0.2185,0.0227,0.9819
1679,-0.1438,0.0728,1.0022
1680,-0.1250,0.0364,0.9797
1681,-0.1106,0.0811,0.9175
1682,0.0322,0.0098,1.0034
1683,0.0393,-0.0059,0.9692
1684,0.0674,0.0129,0.9602
1685,0.1040,-0.0437,0.9983
1686,0.1292,0.0186,0.8950
1687,0.0610,-0.1047,0.9670
1688,0.0361,-0.0276,0.9573
1689,-0.0356,-0.0686,0.9446
1690,-0.0476,-0.0986,0.9827
1691,-0.0798,-0.1042,0.9858
1692,-0.0303,0.0896,0.9185
1693,-0.0605,0.0791,1.0457
1694,-0.0994,0.1853,0.9751
1695,-0.0603,0.1643,0.9651
1696,-0.0374,-0.0574,1.0442
1697,0.0986,0.0635,0.9270
1698,0.2185,-0.0515,0.9622
1699,0.2498,-0.0210,0.9602
1700,0.1282,-0.1130,0.8970
1701,0.0486,-0.1169,0.9407
1702,-0.0710,-0.1621,0.9937
1703,-0.1230,0.0215,0.9360
1704,-0.0725,-0.0032,1.0266
1705,-0.0037,0.1013,0.9761
1706,0.0068,0.1272,0.9651
1707,-0.0186,0.0720,1.0181
1708,-0.0090,0.0972,0.9858
1709,-0.0840,-0.0212,1.0139
1710,-0.0225,0.0525,0.9517
1711,0.0652,-0.0640,0.9946
1712,0.0845,0.0266,0.9243
1713,0.0833,-0.0117,0.9282
1714,0.0464,-0.0867,0.9644
1715,-0.0369,-0.1304,0.9194
1716,-0.0461,-0.0527,0.9468
1717,-0.0242,-0.0583,1.0063
1718,-0.0020,0.0474,0.9163
1719,-0.0352,0.0383,0.9631
1720,-0.1116,-0.0400,1.0537
1721,-0.0486,0.1572,0.9368
1722,-0.0254,-0.0002,1.0933
1723,0.0596,0.1558,1.0376
1724,0.1414,0.1284,0.8948
1725,0.1755,0.0012,1.0247
1726,0.0952,-0.0366,0.9038
1727,0.0308,-0.0630,0.8774
1728,-0.0298,-0.2649,1.0051
1729,-0.0359,-0.0967,0.8628
1730,0.0125,-0.1052,0.9585
1731,-0.0100,0.0000,1.0042
1732,-0.0417,0.1992,0.9319
1733,-0.1375,0.0559,1.0991
1734,-0.1873,0.1487,0.9927
1735,-0.1101,0.1008,1.0334
1736,-0.0374,-0.0601,1.0608
1737,0.1670,0.1523,0.8599
1738,0.2363,-0.1575,0.9944
1739,0.2126,-0.0513,0.8772
1740,0.1829,-0.1250,0.8538
1741,0.0654,-0.1904,0.9944
1742,-0.0071,-0.0435,0.9314
1743,-0.0488,-0.0229,0.9399
1744,-0.1479,0.0486,1.0063
1745,-0.1699,0.0938,1.0100
1746,-0.1997,0.2329,0.9866
1747,-0.1733,0.1199,1.0852
1748,-0.0186,0.0796,1.0513
1749,0.0437,0.0601,0.9155
1750,0.1719,-0.0188,0.9966
1751,0.2124,-0.0818,0.9302
1752,0.0850,-0.0398,0.8235
1753,0.0576,-0.2219,0.9944
1754,0.0569,-0.1521,0.9272
1755,0.0496,-0.0112,0.9133
1756,0.1165,0.0117,1.0366
1757,0.0464,0.0942,0.9458
1758,-0.0947,0.0447,0.9573
1759,-0.2036,0.0486,1.0549
1760,-0.2449,0.1086,0.9937
1761,-0.1565,0.0403,1.0298
1762,0.0256,0.0862,0.9993
1763,0.1582,0.0483,0.9360
1764,0.2043,-0.0503,0.9556
1765,0.2012,-0.0627,0.9182
1766,0.0996,-0.1060,0.9390
1767,0.0283,-0.1267,0.9807
1768,-0.0183,-0.0349,0.9409
1769,-0.0149,0.0029,0.9224
1770,-0.0112,-0.0576,0.9790
1771,-0.0659,0.1204,0.9055
1772,-0.1296,0.0608,0.9995
1773,-0.1152,0.0471,1.0745
1774,-0.0667,0.1135,0.9463
1775,0.0366,0.0205,1.0562
1776,0.1833,0.0349,0.9836
1777,0.1155,0.0073,0.9211
1778,0.0984,-0.0862,0.9939
1779,0.0720,-0.1145,0.9221
1780,-0.0022,-0.0933,0.9458
1781,-0.0337,-0.0938,0.9709
1782,-0.0115,0.1421,0.8645
1783,-0.0981,-0.0540,0.9653
1784,-0.1567,0.0779,0.9468
1785,-0.1553,0.1199,0.9331
1786,-0.1125,0.0505,1.1011
1787,-0.0117,0.1331,1.0005
1788,0.0286,0.0186,1.0088
1789,0.1626,0.0159,1.0063
1790,0.1978,-0.0718,0.9536
1791,0.1553,-0.0903,0.9644
1792,0.1230,-0.1106,0.9612
1793,0.0979,-0.0710,0.9448
1794,0.0562,-0.0776,0.9282
1795,0.0269,0.0105,0.8726
1796,-0.0872,-0.0034,0.9143
1797,-0.1687,0.0195,0.9673
1798,-0.1772,0.1602,0.9729
1799,-0.1499,0.1116,1.0803
1800,-0.0020,0.0938,1.0669
1801,0.0769,0.1069,0.9653
1802,0.1794,0.0081,1.0364
1803,0.0920,-0.0923,0.9612
1804,0.0537,-0.0193,0.8975
1805,0.0481,-0.2083,1.0256
1806,0.0618,-0.0713,0.8684
1807,0.0867,-0.0977,0.9065
1808,0.0969,0.0195,0.9314
1809,0.0005,0.0732,0.8794
1810,-0.1365,0.0125,0.9790
1811,-0.1821,0.1094,0.9788
1812,-0.2405,0.0583,1.0737
1813,-0.1387,0.1013,1.0256
1814,0.0081,0.1472,0.9995
1815,0.0850,-0.0322,1.0396
1816,0.0972,0.0286,0.9263
1817,0.1057,-0.1223,0.9836
1818,0.0850,-0.1284,0.9897
1819,0.1321,-0.0864,0.8889
1820,0.1157,-0.1230,0.9260
1821,0.1179,0.0264,0.8906
1822,-0.0095,0.0144,0.9182
1823,-0.1531,0.0891,0.9526
1824,-0.1938,0.0479,0.9963
1825,-0.1370,0.0820,1.0481
1826,-0.0068,0.1182,1.0139
1827,0.1179,0.0664,1.0100
1828,0.1350,0.0203,1.0112
1829,0.0430,-0.0161,0.9778
1830,-0.0540,-0.0830,0.9761
1831,-0.0161,-0.1587,0.9771
1832,0.0396,-0.0771,0.9221
1833,0.1113,-0.0325,0.9185
1834,0.1838,0.0317,0.8989
1835,0.0791,0.0247,0.9055
1836,-0.0959,0.0276,0.9722
1837,-0.1140,0.1079,0.9878
1838,-0.1526,0.0989,1.0269
1839,-0.0862,0.0491,1.0249
1840,0.0208,0.0327,0.9602
1841,0.0129,-0.0598,0.9973
1842,0.0188,-0.0369,1.0217
1843,0.0085,-0.0405,0.9810
1844,0.0334,-0.0364,1.0002
1845,0.1140,-0.1165,0.9944
1846,0.1946,0.0322,0.8433
1847,0.1521,-0.0544,0.9211
1848,0.0017,-0.0369,0.9194
1849,-0.1240,0.1082,0.8677
1850,-0.2034,0.0330,1.0491
1851,-0.2297,0.0457,1.0161
1852,-0.0671,0.1179,0.9507
1853,0.0500,0.0090,1.0510
1854,0.0928,0.0283,0.9956
1855,0.1287,-0.0469,0.9739
1856,0.1143,-0.0471,1.0374
1857,0.1433,-0.0706,1.0129
1858,0.1362,-0.0745,0.9192
1859,0.1238,0.0100,0.9233
1860,-0.0051,-0.0444,0.9231
1861,-0.1174,0.0723,0.8569
1862,-0.1589,-0.0264,0.9614
1863,-0.1467,0.0745,0.9634
1864,-0.0449,0.0227,0.9729
1865,0.0833,0.0527,0.9885
1866,0.1335,0.0603,0.9927
1867,0.0483,-0.0557,1.0200
1868,0.0244,0.0149,1.0005
1869,-0.0168,-0.0737,1.0901
1870,-0.0002,0.0293,0.9995
1871,0.0776,-0.0535,0.9888
1872,0.1021,-0.0361,0.9233
1873,0.0376,0.0288,0.8596
1874,-0.0793,-0.1057,0.9329
1875,-0.0901,0.0840,0.8625
1876,-0.0981,-0.0005,0.9573
1877,0.0110,0.0503,0.9927
1878,0.1169,0.0796,0.9407
1879,0.1426,0.0554,0.9954
1880,0.0642,-0.0540,1.0522
1881,-0.0359,-0.0012,0.9905
1882,-0.0840,-0.0476,1.0803
1883,-0.0251,-0.0322,1.0696
1884,-0.0063,0.0112,0.9370
1885,0.0566,0.0146,0.9143
1886,0.0325,-0.0007,0.9202
1887,-0.0422,0.0176,0.8560
1888,-0.1130,0.0344,0.8967
1889,-0.0161,-0.0066,0.9875
1890,0.0540,0.0071,0.9426
1891,0.1565,0.0027,0.9341
1892,0.1782,-0.0952,1.0405
1893,0.0786,-0.0237,0.9758
1894,-0.0068,-0.0176,1.0627
1895,-0.0063,0.0449,1.1057
1896,-0.0205,0.0701,1.0142
1897,0.0818,0.0361,0.9983
1898,0.1648,0.0767,0.8850
1899,0.0598,-0.0063,0.8616
1900,0.0002,-0.1030,0.8743
1901,-0.0317,-0.0134,0.8694
1902,-0.1050,-0.0352,0.9651
1903,-0.0715,-0.0168,0.9927
1904,-0.0212,0.0627,0.9478
1905,-0.0059,0.0432,1.0425
1906,-0.0583,-0.0684,1.0747
1907,-0.0608,0.0996,0.9897
1908,-0.0645,-0.0093,1.1050
1909,0.0198,0.0134,1.0288
1910,0.0696,0.0054,0.8821
1911,0.1316,-0.0181,0.9260
1912,0.1191,-0.0496,0.8801
1913,0.0393,0.0117,0.8450
1914,-0.0066,-0.0278,0.9534
1915,-0.0076,0.0110,0.9731
1916,-0.0098,-0.0381,0.9553
1917,0.0723,0.0461,1.0000
1918,0.0615,0.0234,1.0122
1919,-0.0095,0.0425,1.0452
1920,-0.0417,0.0493,1.0366
1921,-0.0325,0.0415,1.0513
1922,-0.0100,-0.0386,1.0198
1923,0.0632,0.0020,0.9077
1924,0.0798,-0.0486,0.9045
1925,0.0679,-0.0811,0.8889
1926,0.0371,-0.0564,0.8489
1927,0.0913,-0.0276,0.9634
1928,0.0754,0.0154,0.9810
1929,0.0461,0.1372,0.9426
1930,0.0251,0.0139,1.0298
1931,-0.0588,0.0823,0.9722
1932,-0.1570,-0.0332,1.0024
1933,-0.0835,0.0032,1.0640
1934,-0.0554,-0.0454,1.0190
1935,0.0579,-0.0664,0.9807
1936,0.1631,-0.0613,0.9768
1937,0.1072,-0.0083,0.9043
1938,0.0090,0.0925,0.9231
1939,-0.0762,0.0513,0.9563
1940,-0.0972,0.1177,0.9250
1941,-0.0413,-0.0073,0.9612
1942,0.1096,0.0786,0.9407
1943,0.1423,-0.0627,0.9602
1944,0.1199,0.0034,0.9290
1945,-0.0027,-0.1519,0.9958
1946,-0.1265,-0.1116,1.0042
1947,-0.1584,-0.0479,1.0247
1948,-0.1553,-0.0203,1.0715
1949,-0.0647,0.1096,0.9858
1950,0.0520,0.1223,0.9692
1951,0.0632,0.0630,0.9661
1952,0.0786,0.0657,0.9097
1953,0.0640,0.0015,0.9397
1954,0.0210,-0.0056,0.9377
1955,0.0752,-0.0488,0.9126
1956,0.0977,-0.0374,0.8870
1957,0.0535,-0.0579,0.9651
1958,0.0388,0.0237,0.9778
1959,-0.0200,-0.0078,1.0071
1960,-0.0549,-0.0867,1.0757
1961,-0.0071,-0.0791,1.0110
1962,0.0120,-0.0339,0.9856
1963,0.0151,0.0615,1.0288
1964,-0.0774,0.1375,0.9595
1965,-0.1147,0.1606,0.9250
1966,-0.0840,-0.0420,1.0024
1967,0.0271,0.0046,0.8743
1968,0.2053,-0.0015,0.9084
1969,0.2461,-0.0288,0.9485
1970,0.2029,0.0793,0.8792
1971,0.0525,-0.1074,1.0149
1972,-0.1194,-0.0334,0.9976
1973,-0.2520,-0.1204,1.0393
1974,-0.2395,-0.0339,1.0288
1975,-0.1443,0.0522,0.9976
1976,-0.0579,0.0298,0.9849
1977,0.0422,0.1492,0.9543
1978,0.0989,0.0652,0.9895
1979,0.1304,0.0984,0.9458
1980,0.1287,-0.0320,0.9309
1981,0.1790,-0.0286,0.9182
1982,0.1274,-0.0320,0.9045
1983,0.0691,-0.0713,0.9631
1984,0.0488,-0.0103,0.9421
1985,-0.0190,-0.0674,1.0161
1986,-0.0715,-0.0830,1.0374
1987,-0.0684,-0.0117,0.9758
1988,-0.0840,0.0129,1.0217
1989,-0.1125,0.1096,0.9812
1990,-0.0889,0.1262,0.9653
1991,-0.0432,0.0574,1.0093
1992,0.0645,0.0742,0.9495
1993,0.1533,-0.0757,0.9556
1994,0.2207,-0.0710,0.9141
1995,0.1758,-0.0903,0.8979
1996,0.0686,-0.0710,0.9380
1997,-0.0215,0.0127,0.9553
1998,-0.1228,0.0127,0.9917
1999,-0.1680,-0.0051,1.0149
2000,-0.1672,-0.0310,0.9946
2001,-0.1184,0.0872,0.9790
2002,-0.1189,0.0374,1.0181
2003,-0.0811,0.0752,0.9722
2004,-0.0437,-0.0520,0.9719
2005,0.1013,-0.0815,0.9897
2006,0.2080,-0.0820,0.9497
2007,0.2898,0.0239,0.8982
2008,0.2654,0.0454,0.9827
2009,0.1248,0.0703,0.9475
2010,0.0159,0.0767,0.9126
2011,-0.0630,-0.0867,1.0149
2012,-0.0928,-0.0303,0.9661
2013,-0.0891,-0.0222,0.9338
2014,-0.0933,0.0745,0.9993
2015,-0.1663,0.0425,1.0190
2016,-0.2268,0.0496,0.9614
2017,-0.1040,0.0063,1.0327
2018,0.0049,-0.0496,1.0259
2019,0.1245,-0.0007,0.9194
2020,0.3118,0.0254,0.9622
2021,0.2800,-0.0366,0.9592
2022,0.1423,-0.0393,0.8977
2023,0.0645,-0.0159,0.9465
2024,-0.0518,-0.0869,1.0032
2025,-0.0850,-0.0596,0.9282
2026,0.0046,0.0513,0.9241
2027,-0.0059,0.0222,1.0464
2028,-0.0374,0.1301,0.9358
2029,-0.0676,0.0989,1.0002
2030,-0.1360,-0.0210,1.0542
2031,-0.1682,0.0217,0.9827
2032,1.3977,-0.0076,1.0054
2033,1.9998,0.1284,0.9690
2034,1.9998,0.5154,0.9028
2035,1.9998,0.4214,1.0325
2036,1.9998,0.3730,0.4836
2037,1.9998,0.0051,0.3196
2038,1.9998,-0.5522,0.6216
2039,1.9998,0.1462,0.5356
2040,-0.2373,-0.0085,1.1711
2041,-1.9980,-0.2607,1.3657
2042,-1.9980,-0.2544,0.9224
2043,-1.9978,-0.3242,1.3079
2044,-1.9978,0.5596,1.2815
2045,-1.9980,-0.2466,1.7603
2046,-1.9978,0.5483,1.1458
2047,-1.9980,0.2275,1.1289
2048,-0.1238,-0.0371,1.0129
2049,1.9998,0.5173,0.4365
2050,1.9998,0.1323,0.6387
2051,1.9998,-0.6003,0.9602
2052,1.9998,-0.1802,0.6128
2053,1.9998,-0.0098,1.1401
2054,1.9998,0.0361,1.3713
2055,1.8130,-0.1155,0.5688
2056,1.6704,-0.2241,0.5083
2057,1.9998,-0.6812,0.6196
2058,1.9998,-0.0496,0.1257
2059,1.3579,0.1001,0.6479
2060,-0.5630,0.0750,1.2063
2061,-1.9980,-0.1479,1.1333
2062,-1.9980,-0.2671,1.6064
2063,-1.9980,-0.1492,1.9998
2064,-1.4075,0.4626,1.9370
2065,1.0649,0.8455,1.8354
2066,1.9998,0.9197,1.5093
2067,1.9998,0.8000,0.6011
2068,1.9998,0.3416,-0.1086
2069,1.6597,-0.1560,-0.5349
2070,0.2100,-0.4675,-0.9185
2071,-0.8618,-1.0608,-0.5220
2072,-1.5139,-1.2007,0.2812
2073,-1.8157,-1.0669,1.2651
2074,-1.9744,-0.4954,1.9998
2075,-1.9978,0.1738,1.9998
2076,-1.9978,1.0317,1.9998
2077,-1.9978,1.3491,1.9998
2078,-1.9905,1.5134,1.9321
2079,-1.2769,0.7112,1.1584
2080,-0.0042,0.0000,-0.1760
2081,1.2749,-0.7241,-1.0608
2082,1.9998,-1.2874,-1.2896
2083,1.9998,-1.4282,-1.2136
2084,1.9998,-1.2905,-0.4187
2085,1.4478,-0.8374,0.9019
2086,0.4824,0.3105,1.8154
2087,-0.2534,1.3071,1.9998
2088,-0.9172,1.5750,1.9998
2089,-1.1597,1.6763,1.9998
2090,-1.1880,1.0981,1.9998
2091,-1.0276,0.2644,1.3999
2092,-0.7795,-0.6357,0.3279
2093,-0.3899,-1.4175,-0.2727
2094,0.2280,-1.7495,-0.7263
2095,1.0806,-1.6021,-0.7000
2096,1.8218,-1.0405,-0.1287
2097,1.9998,0.0278,0.5217
2098,1.8748,0.8975,1.2346
2099,1.1675,1.4255,1.8638
2100,0.1521,1.4907,1.9998
2101,-0.7952,1.3582,1.9998
2102,-1.4272,0.8140,1.9192
2103,-1.5845,0.0706,1.4758
2104,-1.5366,-0.5852,0.8215
2105,-1.3450,-1.2300,0.4507
2106,-0.9485,-1.3901,0.2339
2107,-0.4937,-1.1555,0.1262
2108,0.1709,-0.6899,0.3960
2109,0.9468,-0.0281,0.6265
2110,1.4646,0.6284,0.8088
2111,1.6687,0.9077,1.1624
2112,1.2908,1.1079,1.3372
2113,0.5454,0.9949,1.4448
2114,-0.1697,0.5532,1.4387
2115,-0.7805,0.0286,1.2192
2116,-1.1370,-0.5234,1.0288
2117,-1.1284,-0.7180,0.8772
2118,-1.0542,-0.8596,0.8430
2119,-0.8501,-0.6560,0.7239
2120,-0.4749,-0.3809,0.7988
2121,-0.0105,-0.0754,0.9270
2122,0.4558,0.2227,0.8665
2123,0.9695,0.4111,0.9397
2124,1.2644,0.4653,0.9700
2125,1.2651,0.4465,0.9771
2126,0.9536,0.4949,1.0542
2127,0.4292,0.1670,1.1011
2128,-0.0732,-0.0312,0.9670
2129,-0.5698,-0.2209,0.9387
2130,-0.9348,-0.3872,0.9966
2131,-1.0493,-0.2874,0.9045
2132,-0.9885,-0.1646,0.9712
2133,-0.7651,-0.0686,1.0188
2134,-0.2798,0.0020,0.9592
2135,0.1963,-0.0540,1.0024
2136,0.6843,0.0012,0.9729
2137,1.0591,0.0388,0.9731
2138,1.0916,0.1074,0.9690
2139,0.9207,0.1514,0.9514
2140,0.5752,0.0073,1.0161
2141,0.0640,0.1201,0.9292
2142,-0.3840,0.0769,0.9751
2143,-0.7593,0.0100,1.0051
2144,-0.9583,0.1282,0.8677
2145,-0.9028,0.0552,0.9885
2146,-0.6487,0.0322,0.9790
2147,-0.3528,0.0193,0.9399
2148,0.0354,-0.1113,0.9592
2149,0.3950,-0.2085,0.9556
2150,0.5876,-0.2148,0.9192
2151,0.6970,-0.0442,0.9749
2152,0.5867,-0.0510,1.0588
2153,0.4644,0.0520,1.0044
2154,0.2683,-0.0527,1.0657
2155,0.0686,-0.0156,1.0259
2156,-0.1304,0.0337,0.9954
2157,-0.3118,0.0930,0.9624
2158,-0.4253,0.1011,0.9104
2159,-0.4290,-0.0405,0.8784
2160,-0.2993,-0.0623,0.8206
2161,-0.2380,-0.1084,0.8677
2162,-0.0867,-0.0405,0.9309
2163,0.0012,0.1096,0.9993
2164,0.0652,0.3376,1.0728
2165,0.1394,0.2827,1.1370
2166,0.2908,0.2170,1.1011
2167,0.4021,-0.0332,1.0403
2168,0.4360,-0.2124,0.9575
2169,0.3779,-0.3667,0.8970
2170,0.2456,-0.1782,0.8042
2171,-0.0342,-0.2148,0.8860
2172,-0.2493,-0.0791,0.8477
2173,-0.3633,0.0142,0.8853
2174,-0.4241,0.0544,1.0522
2175,-0.3484,0.2322,1.0337
2176,-0.2893,0.2336,1.1023
2177,-0.1582,0.2356,1.1538
2178,0.0703,0.1592,1.0598
2179,0.2324,0.0530,0.9563
2180,0.4158,-0.0991,0.9524
2181,0.4751,-0.1975,0.8325
2182,0.4373,-0.1814,0.7786
2183,0.2961,-0.2686,0.8872
2184,0.0786,-0.0999,0.8413
2185,-0.1204,-0.0327,0.9458
2186,-0.2715,0.0776,1.0891
2187,-0.3403,0.2153,1.0627
2188,-0.3438,0.1399,1.1614
2189,-0.2441,0.1182,1.1235
2190,-0.1409,0.1257,1.0044
2191,0.0493,0.0254,0.9788
2192,0.2114,-0.0547,0.8862
2193,0.3013,-0.0884,0.7759
2194,0.3843,-0.2134,0.8403
2195,0.2593,-0.2085,0.8384
2196,0.0935,-0.0811,0.8479
2197,-0.0559,-0.1057,1.0432
2198,-0.1838,0.0459,1.0168
2199,-0.2524,0.1108,1.0999
2200,-0.2373,0.1255,1.1555
2201,-0.1924,0.2351,1.0618
2202,-0.0659,0.1331,1.0793
2203,0.0422,0.2439,0.9800
2204,0.1631,0.1145,0.9253
2205,0.2415,0.0386,0.8528
2206,0.2339,-0.1348,0.7915
2207,0.1826,-0.2915,0.8296
2208,0.0525,-0.3086,0.8540
2209,-0.0466,-0.1501,0.9143
2210,-0.1484,-0.1475,1.0220
2211,-0.1621,-0.0347,1.0354
2212,-0.1052,0.0603,1.0952
2213,-0.0281,0.1689,1.0881
2214,0.0742,0.1868,1.0930
2215,0.0981,0.2390,1.0425
2216,0.0977,0.2212,0.9934
2217,0.1729,-0.0164,0.9543
2218,0.1331,-0.1338,0.8462
2219,0.0825,-0.1416,0.8354
2220,0.0100,-0.1821,0.9077
2221,-0.1609,-0.1199,0.8579
2222,-0.1831,-0.0112,0.9397
2223,-0.2124,0.0437,1.0608
2224,-0.1687,0.1562,0.9875
2225,-0.0032,0.1892,1.0171
2226,0.0759,0.1106,1.0637
2227,0.1428,0.0652,0.9775
2228,0.2212,-0.0188,0.9722
2229,0.2224,-0.1650,0.9885
2230,0.2390,-0.1497,0.9573
2231,0.1826,-0.1704,0.9253
2232,0.0837,-0.0784,0.9788
2233,-0.0300,-0.0730,0.9934
2234,-0.1963,0.1235,0.9075
2235,-0.3298,0.0750,0.9995
2236,-0.2898,0.1648,0.9604
2237,-0.2454,0.1477,0.9370
2238,-0.1099,0.1401,0.9768
2239,0.0369,0.0591,0.9377
2240,0.0752,-0.0449,0.9612
2241,0.1284,-0.0957,0.9731
2242,0.1343,-0.0847,0.9810
2243,0.2063,-0.1443,1.0520
2244,0.2529,-0.0017,0.9927
2245,0.2761,-0.0295,1.0022
2246,0.2104,-0.0667,1.0269
2247,0.0371,0.0293,0.9055
2248,-0.1753,-0.0247,0.9690
2249,-0.3003,-0.0242,0.9368
2250,-0.2739,0.0684,0.8743
2251,-0.2227,-0.0278,0.9583
2252,-0.0549,0.0635,0.9380
2253,0.0325,0.0356,0.9937
2254,0.0715,0.1589,0.9888
2255,0.1284,0.0142,1.0405
2256,0.1765,-0.0056,1.0063
2257,0.1670,0.0239,0.9922
2258,0.1323,-0.0752,1.0708
2259,0.0747,-0.0396,0.9067
2260,-0.0618,-0.0776,0.9155
2261,-0.1045,-0.0967,0.9453
2262,-0.1709,0.0056,0.8792
2263,-0.1709,0.1121,0.9038
2264,-0.1311,0.0642,0.9995
2265,-0.1211,0.0901,0.9497
2266,-0.0571,0.0623,0.9788
2267,0.0864,-0.0017,1.0806
2268,0.1470,-0.0422,1.0229
2269,0.2100,-0.0986,1.0337
2270,0.2092,-0.1677,1.0630
2271,0.1343,-0.1006,0.9561
2272,0.0608,-0.0903,0.9810
2273,-0.0496,0.0718,0.9211
2274,-0.0681,0.1660,0.8579
2275,-0.0676,0.1204,0.9370
2276,-0.0745,0.1812,0.8342
2277,-0.1123,0.0867,0.8889
2278,-0.0955,-0.0874,0.9868
2279,-0.1328,-0.0486,0.9475
2280,-0.0742,-0.0776,1.0452
2281,0.1025,-0.1040,1.1438
2282,0.2583,-0.0229,1.0503
2283,0.3110,0.0247,1.0884
2284,0.2930,-0.0422,1.0698
2285,0.1260,0.0679,0.8928
2286,-0.0747,0.0112,0.9045
2287,-0.1504,-0.0288,0.8694
2288,-0.2219,-0.0317,0.7786
2289,-0.1750,-0.0447,0.8440
2290,-0.1216,0.0022,0.9263
2291,-0.1003,0.0461,0.9565
2292,-0.0405,0.1460,1.0579
2293,-0.0110,0.0840,1.1265
2294,0.0984,0.0581,1.0872
2295,0.1685,0.0308,1.1094
2296,0.2395,0.0254,1.0415
2297,0.1887,-0.0945,0.9709
2298,0.0190,-0.1587,0.8823
2299,-0.1440,-0.1218,0.8557
2300,-0.1982,-0.1301,0.8450
2301,-0.1304,-0.0007,0.8352
2302,-0.0491,0.0400,0.8723
2303,0.0181,0.0532,0.9319
2304,0.0928,0.0972,0.9800
2305,0.0869,0.1704,1.0364
2306,0.0044,0.0923,1.1331
2307,0.0669,0.0706,1.0903
2308,0.0452,-0.0107,1.0786
2309,0.0923,-0.0603,1.0405
2310,0.1499,-0.1150,0.9692
2311,0.0913,-0.0986,0.9009
2312,0.0278,-0.0256,0.8979
2313,-0.0334,-0.0337,0.8606
2314,-0.1216,0.0034,0.8284
2315,-0.1074,-0.0337,0.9016
2316,-0.0708,0.0518,0.9055
2317,-0.0471,0.0754,0.9722
2318,-0.0112,0.1138,1.0581
2319,0.0193,0.1294,1.0598
2320,0.0925,0.0486,1.1086
2321,0.1670,-0.0330,1.0571
2322,0.1279,-0.0857,0.9771
2323,0.0867,-0.1489,0.9778
2324,-0.0271,-0.1260,0.9028
2325,-0.1201,-0.0127,0.8533
2326,-0.1697,-0.0593,0.9280
2327,-0.1387,0.0369,0.8591
2328,-0.0825,0.0146,0.9185
2329,-0.0159,0.0811,0.9976
2330,0.0061,0.1104,0.9937
2331,0.0505,0.1750,1.0483
2332,0.0647,0.0530,1.0872
2333,0.0796,0.0605,1.0269
2334,0.1257,-0.0356,1.0168
2335,0.1182,-0.0769,0.9788
2336,0.1108,-0.1121,0.8850
2337,0.0593,-0.0715,0.9026
2338,-0.0327,-0.0154,0.8950
2339,-0.0513,-0.0044,0.9124
2340,-0.0793,-0.0811,0.9253
2341,-0.0913,-0.0281,0.9045
2342,-0.0479,-0.0669,1.0188
2343,-0.0376,0.0828,1.0295
2344,-0.0076,0.1960,1.0229
2345,0.0154,0.0264,1.1077
2346,0.1199,0.0842,0.9861
2347,0.1123,-0.0271,1.0139
2348,0.0608,-0.0283,0.9946
2349,0.0435,-0.0449,0.8840
2350,-0.0618,-0.1028,0.9260
2351,-0.0833,0.0066,0.8726
2352,-0.0813,-0.0789,0.9358
2353,-0.0481,-0.0085,0.8860
2354,0.0059,0.0095,0.9329
2355,0.0337,0.0215,0.9995
2356,-0.0178,0.1685,0.9800
2357,-0.0127,0.1177,1.0579
2358,0.0317,0.0420,1.0659
2359,0.0288,0.0100,1.0044
2360,0.0701,-0.0759,1.0188
2361,0.0249,-0.1497,0.9924
2362,-0.0266,-0.1680,0.9204
2363,-0.0876,-0.1074,0.9380
2364,-0.0547,-0.0137,0.9309
2365,0.0334,0.0559,0.9348
2366,0.0471,0.1052,0.8940
2367,0.0830,0.1082,0.9487
2368,0.0823,0.1016,0.9495
2369,0.0376,0.1848,0.9485
2370,-0.0217,0.0242,1.0552
2371,-0.0015,0.0388,0.9778
2372,-0.0269,-0.1013,1.0295
2373,0.0073,-0.0894,1.0044
2374,0.0447,-0.1145,0.9768
2375,0.0220,-0.1335,1.0100
2376,0.0134,0.0881,0.9534
2377,-0.0339,0.0662,0.9761
2378,-0.0774,0.0320,0.9585
2379,-0.0474,-0.0142,0.8899
2380,0.0088,-0.1135,0.9319
2381,0.0659,-0.0691,0.9341
2382,0.0913,0.0759,0.9312
2383,0.0120,0.0508,1.0093
2384,0.0305,0.0432,1.0168
2385,0.0122,-0.0669,0.9946
2386,0.0288,-0.0188,1.0151
2387,0.0552,0.0024,1.0217
2388,0.0159,0.0737,0.9709
2389,-0.0105,0.0537,0.9888
2390,0.0095,-0.1030,0.9592
2391,0.0171,-0.0984,0.9055
2392,0.0225,0.0559,0.9106
2393,0.0142,0.0879,0.9504
2394,-0.0469,0.0823,0.9507
2395,-0.1355,0.1333,0.9468
2396,-0.1423,0.0935,1.0317
2397,-0.0632,0.0422,1.0356
2398,-0.0044,0.0049,0.9614
2399,0.1091,-0.1108,1.0278
2400,0.1631,-0.2114,1.0122
2401,0.1001,-0.0476,0.8843
2402,0.0042,-0.1628,1.0376
2403,-0.0303,-0.0125,0.9429
2404,-0.0256,0.0344,0.9065
2405,-0.0061,-0.0344,1.0002
2406,0.0923,0.0767,0.8794
2407,0.0996,0.0554,0.9424
2408,0.0449,0.1479,1.0022
2409,0.0559,0.1450,0.9722
2410,-0.0105,-0.0459,1.0347
2411,-0.0532,0.0037,0.9700
2412,-0.0317,-0.0613,0.9993
2413,-0.0476,-0.0950,1.0188
2414,0.0083,0.0659,0.9436
2415,-0.0095,-0.0920,1.0100
2416,0.0190,-0.0205,0.9409
2417,0.0386,-0.0349,0.9055
2418,0.0247,0.0286,0.9446
2419,-0.0015,0.0571,0.9241
2420,-0.0293,0.1028,0.9351
2421,-0.1326,0.0337,0.9827
2422,-0.0535,0.1045,0.9700
2423,-0.0054,-0.0239,1.0229
2424,0.1069,0.0625,0.9963
2425,0.1807,-0.0569,1.0110
2426,0.1970,-0.0466,0.9768
2427,0.0620,-0.1111,0.9983
2428,-0.0193,-0.0576,0.9644
2429,-0.1011,-0.1287,0.9700
2430,-0.0652,0.0046,0.9458
2431,-0.0127,0.0325,0.9312
2432,-0.0271,0.0637,0.9412
2433,-0.0247,0.1257,0.9429
2434,-0.0859,0.1008,0.9709
2435,-0.0996,0.1470,0.9827
2436,-0.0623,-0.0063,1.0139
2437,0.0186,0.0208,0.9341
2438,0.1116,-0.1616,0.9751
2439,0.1504,-0.1504,0.9612
2440,0.1472,-0.1204,0.9465
2441,0.1082,-0.0349,1.0002
2442,0.0422,-0.0063,0.9888
2443,-0.0017,0.0383,0.9556
2444,-0.0327,0.0525,0.9487
2445,-0.0071,0.0879,0.9895
2446,-0.0110,0.1392,0.9602
2447,0.0032,0.2358,0.9446
2448,0.0154,-0.0630,1.0315
2449,0.0845,0.0117,0.9302
2450,0.0706,-0.0967,0.9534
2451,0.0601,-0.1458,0.9836
2452,0.0510,-0.1069,0.9253
2453,-0.0117,-0.0999,0.9651
2454,-0.0667,-0.0366,1.0139
2455,-0.0469,0.0046,0.9885
2456,-0.0430,0.1460,0.9795
2457,-0.0542,0.1184,1.0024
2458,0.0100,0.1660,0.9495
2459,-0.0120,0.0564,0.9485
2460,0.0366,0.0730,0.9504
2461,0.0623,-0.0261,0.9690
2462,0.0537,-0.0486,0.9302
2463,0.0854,-0.1174,0.9573
2464,0.0564,-0.1299,0.9702
2465,-0.0178,-0.0278,0.9468
2466,-0.0093,0.0176,1.0100
2467,-0.0269,-0.0261,1.0178
2468,0.0203,0.0640,0.9448
2469,0.0613,-0.0142,0.9846
2470,0.0747,0.0378,0.9360
2471,0.0337,-0.0217,0.9272
2472,-0.0784,0.0005,0.9556
2473,-0.1250,0.0659,0.9573
2474,-0.0161,0.0542,1.0120
2475,0.0576,0.0798,0.9946
2476,0.1575,0.0481,0.9866
2477,0.1956,-0.0310,0.9980
2478,0.0891,0.0005,0.9790
2479,-0.0530,-0.0137,0.9751
2480,-0.1353,-0.0229,0.9768
2481,-0.1792,-0.1077,0.9192
2482,-0.1062,-0.0542,0.9202
2483,-0.0293,-0.0750,0.9321
2484,0.0720,0.0393,0.9138
2485,0.0762,0.0056,0.9954
2486,0.0837,0.0872,0.9729
2487,0.1045,0.1155,1.0151
2488,0.0649,0.0100,1.0337
2489,0.0486,0.0886,0.9646
2490,-0.0056,-0.1030,1.0171
2491,-0.0200,0.0352,0.9553
2492,-0.0225,-0.0452,0.9749
2493,-0.0623,-0.0410,0.9785
2494,0.0015,-0.0034,0.9087
2495,0.0203,-0.0933,0.9399
2496,-0.0269,-0.0002,0.9221
2497,-0.0239,0.0247,0.9299
2498,-0.0032,0.0535,0.9849
2499,0.0183,0.0020,0.9976
2500,0.1282,0.0547,1.0073
2501,0.1123,-0.0237,1.0413
2502,0.1350,0.0452,0.9709
2503,0.0955,-0.0525,1.0085
2504,-0.0811,-0.0269,0.9417
2505,-0.0984,-0.0061,0.9631
2506,-0.1392,-0.0356,0.9954
2507,-0.0862,0.1355,0.8921
2508,-0.0293,-0.0212,0.9983
2509,0.0605,0.0344,0.8901
2510,0.0613,0.0347,0.9338
2511,0.0146,-0.0659,1.0435
2512,0.0037,0.0647,0.9338
2513,0.0278,-0.0464,1.0229
2514,0.0913,-0.0564,1.0415
2515,0.1489,0.0430,0.9094
2516,0.1655,-0.0903,1.0288
2517,0.0742,-0.0308,0.9739
2518,0.0093,0.1255,0.8921
2519,-0.1499,-0.0349,1.0452
2520,-0.1687,0.0757,0.9312
2521,-0.2063,0.0024,0.9133
2522,-0.0774,-0.0066,1.0061
2523,0.0090,0.0154,0.9702
2524,0.0713,0.1208,0.9263
2525,0.1360,0.0461,1.0764
2526,0.2029,0.0100,0.9963
2527,0.2087,0.0083,0.9299
2528,0.1970,-0.1670,1.0178
2529,0.1265,-0.0476,0.9094
2530,-0.0474,-0.1208,0.9202
2531,-0.1780,-0.0154,0.9751
2532,-0.2854,-0.0652,0.9624
2533,-0.2686,0.0662,0.9370
2534,-0.1360,0.1130,0.9927
2535,-0.0339,0.0625,0.9907
2536,0.0837,0.1372,0.9368
2537,0.1443,0.0779,1.0161
2538,0.1760,0.0364,1.0083
2539,0.2429,-0.1160,0.9683
2540,0.2173,-0.1130,0.9712
2541,0.1982,-0.1707,0.9866
2542,0.1050,-0.0994,0.9390
2543,-0.0686,-0.0015,0.9553
2544,-0.2070,0.0410,1.0142
2545,-0.3137,0.1492,0.9360
2546,-0.3208,0.1262,0.9661
2547,-0.1899,0.0974,0.9888
2548,-0.0906,0.0347,0.8918
2549,0.0469,-0.0325,0.9448
2550,0.1331,-0.0798,1.0071
2551,0.1680,0.0090,0.9631
2552,0.2417,-0.0483,1.0483
2553,0.2251,-0.1360,1.0288
2554,0.2000,-0.0261,0.9280
2555,0.0911,-0.0620,1.0132
2556,0.0208,0.1589,0.9727
2557,-0.1362,0.0303,0.9348
2558,-0.1982,0.0576,0.9221
2559,-0.2180,-0.0840,0.9146
2560,-0.1448,0.0237,0.8931
2561,-0.0815,-0.0181,0.9741
2562,-0.0303,0.0608,0.9722
2563,0.0000,0.0269,1.0132
2564,0.1169,0.0154,1.0520
2565,0.2253,0.0090,1.0676
2566,0.3245,0.0044,1.0120
2567,0.3689,-0.0408,0.9758
2568,0.1636,-0.0569,0.9438
2569,-0.0054,0.0110,0.8735
2570,-0.2317,-0.0417,0.9277
2571,-0.3413,-0.0349,0.9114
2572,-0.2593,0.0513,0.8850
2573,-0.1675,0.0293,0.9517
2574,-0.0125,0.0442,0.9888
2575,0.1182,0.0869,0.9819
2576,0.1077,0.0220,1.0752
2577,0.1765,0.0295,1.0930
2578,0.1597,-0.0100,1.0142
2579,0.0764,-0.0125,0.9993
2580,0.0566,-0.1414,0.9819
2581,-0.0188,-0.1064,0.8462
2582,-0.0420,-0.0530,0.8833
2583,-0.0161,-0.0569,0.9124
2584,-0.0115,0.0845,0.8481
2585,-0.0300,0.0974,0.9280
2586,-0.1008,0.0879,0.9878
2587,-0.1416,0.0171,0.9790
2588,-0.1951,0.0752,1.0513
2589,-0.1025,0.0596,1.1001
2590,0.0884,0.0496,1.1089
2591,0.2368,0.0002,1.0190
2592,0.3530,-0.0332,1.0181
2593,0.2710,-0.1729,0.9399
2594,0.1106,-0.0383,0.8303
2595,-0.0564,-0.0916,0.8784
2596,-0.2034,-0.0847,0.8411
2597,-0.1943,0.0022,0.8267
2598,-0.1316,-0.0164,0.9558
2599,0.0005,0.1121,0.9514
2600,0.1204,0.0486,1.0415
2601,0.0852,0.1223,1.0835
2602,0.0825,0.1277,1.0862
2603,0.0012,0.0212,1.1262
2604,0.0281,0.0911,1.0247
2605,-0.0366,-0.0769,1.0112
2606,0.0283,-0.1287,0.9019
2607,0.0547,-0.1328,0.8489
2608,-0.0110,-0.1440,0.8364
2609,-0.0181,-0.0483,0.8462
2610,-0.0391,-0.0073,0.8948
2611,-0.0935,0.1111,0.9409
2612,-0.0618,0.0518,0.9810
2613,-0.0383,0.0811,1.0386
2614,-0.0293,0.1133,1.0618
2615,0.0386,0.1311,1.1040
2616,0.1077,-0.0034,1.0706
2617,0.1252,-0.1311,1.0090
2618,0.0740,-0.1541,0.9478
2619,0.0369,-0.1130,0.9556
2620,-0.0554,0.0251,0.9028
2621,-0.1399,0.0916,0.8694
2622,-0.0830,-0.0286,0.9231
2623,-0.0266,0.0464,0.8794
2624,0.0154,0.0464,0.9111
2625,0.1431,0.0769,1.0171
2626,0.0447,0.0059,0.9739
2627,0.0093,0.0864,0.9614
2628,0.0391,-0.1567,1.1538
2629,0.0688,0.0413,1.0210
2630,0.1528,0.1377,1.0002
2631,0.1697,-0.1057,1.1135
2632,0.1375,0.0068,0.8459
2633,-0.0354,-0.1211,0.8970
2634,-0.2034,-0.0903,0.9692
2635,-0.1738,-0.0085,0.8354
2636,-0.2539,0.0024,0.8967
2637,-0.1973,0.0354,0.9934
2638,-0.0129,0.0322,0.9304
2639,0.0251,0.1211,1.0022
2640,0.1309,0.1040,1.0884
2641,0.2859,0.1174,1.0168
2642,0.2344,0.0056,1.0422
2643,0.2395,-0.0215,1.0015
2644,0.1360,-0.2378,0.9526
2645,-0.0063,-0.1909,0.8801
2646,-0.0762,-0.0879,0.9026
2647,-0.2227,-0.0576,0.9397
2648,-0.1633,0.0979,0.8911
2649,-0.1626,0.0532,0.9749
2650,-0.1370,0.1375,0.9653
2651,-0.0002,0.1045,0.9924
2652,-0.0510,0.1252,1.0347
2653,-0.0234,0.0769,1.0286
2654,0.1016,0.0186,1.0552
2655,0.1208,-0.0957,1.0090
2656,0.2476,-0.0630,0.9846
2657,0.2664,-0.2275,0.9702
2658,0.1521,-0.0647,0.8684
2659,0.0183,-0.0142,0.9163
2660,-0.1550,0.0642,0.9507
2661,-0.2051,0.1108,0.9009
2662,-0.2122,0.0586,0.9517
2663,-0.1382,0.0134,0.9495
2664,-0.0203,-0.0039,0.9924
2665,0.0735,0.1011,0.9895
2666,0.1262,0.0176,1.0474
2667,0.1323,-0.0967,1.0435
2668,0.1077,-0.0645,0.9888
2669,0.1487,-0.1079,1.0229
2670,0.1221,-0.0735,0.9868
2671,0.0872,-0.0020,0.8889
2672,0.0583,0.0425,0.9543
2673,-0.0249,0.0347,0.9028
2674,-0.0730,0.0764,0.8889
2675,-0.1731,-0.0107,0.9614
2676,-0.2114,0.0601,0.9124
2677,-0.2356,-0.0627,0.9614
2678,-0.1860,0.0623,1.0139
2679,0.0110,0.0159,1.0386
2680,0.1704,0.0205,1.0649
2681,0.2261,-0.0283,1.0718
2682,0.2925,0.0544,0.9866
2683,0.1401,-0.0664,1.0383
2684,0.0281,0.0776,0.9290
2685,-0.0586,0.0691,0.8977
2686,-0.1008,-0.1069,0.9409
2687,-0.0205,-0.0293,0.7925
2688,-0.0286,-0.1523,0.9009
2689,0.0701,0.0037,0.9397
2690,0.0393,0.0605,0.9468
2691,-0.0400,0.1335,1.0171
2692,-0.0601,0.0632,1.0842
2693,-0.0930,0.0127,1.0757
2694,-0.0400,0.0537,1.0471
2695,0.0801,-0.0129,1.0520
2696,0.1204,-0.1292,0.9585
2697,0.1633,-0.0518,0.8743
2698,0.0764,-0.1177,0.9478
2699,0.0479,-0.0234,0.8694
2700,-0.0161,-0.0076,0.8655
2701,-0.0869,0.0205,0.9253
2702,-0.0920,0.0149,0.9272
2703,-0.0347,0.0588,0.9761
2704,-0.0039,0.1099,1.0627
2705,0.0488,0.1418,1.0620
2706,0.0847,0.0510,1.0803
2707,0.0566,-0.0369,1.0229
2708,-0.0071,-0.1111,0.9954
2709,-0.0515,-0.1545,0.9719
2710,-0.0488,0.0383,0.8967
2711,-0.0466,-0.0444,0.9536
2712,0.0471,-0.0015,0.8569
2713,0.0740,-0.0481,0.8645
2714,0.0847,-0.0466,0.9380
2715,0.0989,0.1211,0.9126
2716,0.0308,0.0701,0.9897
2717,-0.0781,0.1118,1.0542
2718,-0.1050,0.0413,1.0393
2719,-0.0793,0.0417,1.0608
2720,0.0129,-0.0840,1.0569
2721,0.1018,-0.0427,0.9465
2722,0.1213,-0.0696,0.9888
2723,0.0764,-0.0073,0.9653
2724,0.0098,0.0371,0.8696
2725,-0.0393,-0.0747,0.9504
2726,-0.0420,-0.0308,0.9019
2727,0.0081,0.0488,0.8433
2728,0.0020,-0.0574,1.0081
2729,0.0281,0.0579,0.9417
2730,-0.0085,0.0525,0.9797
2731,0.0220,0.0051,1.1147
2732,0.0339,0.0083,1.0227
2733,0.0056,0.0928,0.9849
2734,-0.0137,-0.0493,1.1038
2735,0.0063,0.0613,0.9399
2736,-0.0322,0.0010,0.9192
2737,0.0327,-0.0583,0.9944
2738,0.0828,-0.0349,0.8557
2739,0.0918,-0.0593,0.8674
2740,0.1069,-0.0789,0.9438
2741,0.0024,-0.0349,0.8821
2742,-0.0518,0.1238,0.9575
2743,-0.0952,0.1077,1.0901
2744,-0.0916,0.1394,0.9839
2745,0.0032,-0.0276,1.0325
2746,0.1226,-0.1062,1.0454
2747,0.1357,-0.0015,0.9399
2748,0.1484,-0.0312,1.0229
2749,0.0356,0.0110,0.9836
2750,-0.1243,-0.0303,0.8901
2751,-0.1475,-0.0596,0.9829
2752,-0.1094,0.0066,0.8967
2753,-0.0308,0.0676,0.8674
2754,0.0776,-0.0693,0.9829
2755,0.1394,0.0908,0.8899
2756,0.0659,-0.0068,0.9917
2757,0.0735,0.0273,1.0667
2758,-0.0427,0.0244,1.0112
2759,-0.0637,0.0305,1.0034
2760,-0.0203,-0.0779,1.0706
2761,-0.0515,-0.0444,0.9604
2762,-0.0173,0.0737,0.9341
2763,0.0068,-0.0244,1.0464
2764,0.0229,0.0352,0.8782
2765,0.0002,0.0059,0.8901
2766,0.0120,-0.0315,0.9565
2767,-0.0017,0.0242,0.8879
2768,0.0522,0.0876,0.9143
2769,0.0542,-0.0557,1.0454
2770,0.1323,-0.0081,0.9614
2771,0.1340,-0.0210,1.0022
2772,0.0312,-0.0144,1.0862
2773,-0.0588,-0.0193,1.0181
2774,-0.1479,0.0913,0.9670
2775,-0.2080,-0.0212,1.0491
2776,-0.0967,-0.0034,0.9302
2777,-0.0071,-0.0515,0.8772
2778,0.0579,-0.0142,0.9397
2779,0.1152,-0.0244,0.8877
2780,0.0613,0.0442,0.8599
2781,0.0603,0.0068,0.9934
2782,0.0020,0.0442,1.0083
2783,0.0720,0.1226,0.9778
2784,0.1440,0.0125,1.1235
2785,0.1448,0.0020,0.9993
2786,0.1077,-0.0208,0.9663
2787,-0.0552,-0.1309,1.0569
2788,-0.1711,0.0042,0.9077
2789,-0.2114,-0.0481,0.9397
2790,-0.1743,-0.0449,0.9622
2791,-0.0229,0.0144,0.8491
2792,0.1357,0.0015,0.9253
2793,0.1584,0.0569,0.9836
2794,0.1323,0.1763,0.9282
2795,0.0625,0.0608,1.0620
2796,0.0125,0.0066,1.0337
2797,-0.0425,-0.0471,0.9702
2798,-0.0020,-0.1318,1.0142
2799,0.0522,-0.0903,0.9751
2800,0.0237,-0.0669,0.9458
2801,0.0212,0.0569,0.9985
2802,-0.0159,0.0562,0.9634
2803,-0.0845,0.1128,0.9075
2804,-0.0649,-0.0513,0.9602
2805,-0.0730,-0.0642,0.9290
2806,-0.0703,0.0188,0.9104
2807,0.0376,0.0112,1.0532
2808,0.1108,0.0776,0.9683
2809,0.1731,0.0659,0.9897
2810,0.1714,-0.0317,1.0522
2811,0.1697,0.0735,0.9446
2812,0.0144,-0.0488,0.9602
2813,-0.0854,-0.0132,0.9749
2814,-0.1868,-0.0908,0.9348
2815,-0.1680,0.0564,0.9348
2816,-0.1392,-0.0823,1.0178
2817,0.0056,0.0229,0.8801
2818,0.0454,-0.0789,0.9524
2819,0.0720,0.0288,1.0366
2820,0.1011,0.1248,0.9341
2821,0.1086,0.0574,1.0500
2822,0.1118,-0.0110,1.0181
2823,0.1064,0.0479,0.9116
2824,0.0972,-0.0686,1.0112
2825,0.0713,-0.0161,0.9807
2826,-0.0752,0.0076,0.8774
2827,-0.1052,-0.0266,0.9983
2828,-0.1646,-0.0569,0.9612
2829,-0.1738,0.0466,0.8713
2830,-0.1216,-0.0647,1.0139
2831,-0.0396,-0.0071,0.9641
2832,0.0244,0.0596,0.9331
2833,0.1389,0.0859,1.0630
2834,0.1780,0.0249,1.0266
2835,0.2476,0.0815,0.9644
2836,0.2141,0.0261,1.0471
2837,0.1245,-0.0327,0.9751
2838,0.0410,-0.0439,0.8911
2839,-0.1021,-0.1370,0.9673
2840,-0.1343,-0.0200,0.8918
2841,-0.1582,-0.0747,0.9114
2842,-0.1487,0.0276,0.9446
2843,-0.1213,-0.0229,0.9368
2844,-0.0818,0.0627,0.9819
2845,-0.0696,0.0989,1.0405
2846,0.0864,0.2151,1.0151
2847,0.1726,0.0337,1.0715
2848,0.2844,0.1338,0.9846
2849,0.3013,-0.0437,1.0024
2850,0.1904,-0.1116,0.9712
2851,0.0237,-0.1238,0.8716
2852,-0.1985,-0.1890,0.9351
2853,-0.2944,-0.0439,0.8909
2854,-0.2629,0.0559,0.9150
2855,-0.1787,0.0500,1.0015
2856,-0.0315,0.1111,0.9419
2857,0.0542,0.0044,0.9875
2858,0.0891,0.0251,1.0503
2859,0.1316,0.1169,0.9846
2860,0.1394,0.0002,1.0754
2861,0.2031,-0.0271,0.9995
2862,0.2556,-0.0149,0.9133
2863,0.1790,-0.1292,0.9966
2864,0.1003,0.0349,0.9019
2865,-0.0718,0.0269,0.8948
2866,-0.2393,-0.0366,0.9458
2867,-0.2993,-0.0347,0.8811
2868,-0.2917,-0.0300,0.9133
2869,-0.2029,-0.0142,1.0305
2870,-0.0620,-0.0132,0.9846
2871,0.0974,0.0994,1.0188
2872,0.2585,0.0327,1.1116
2873,0.2742,0.1138,1.0266
2874,0.2944,0.0759,1.0161
2875,0.2102,0.0222,1.0227
2876,0.0476,-0.0396,0.8892
2877,-0.0249,-0.1074,0.8950
2878,-0.1130,-0.0388,0.8706
2879,-0.2280,-0.0667,0.8713
2880,-0.1704,0.0208,0.8918
2881,-0.1450,-0.0552,0.9504
2882,-0.0913,0.0503,0.9563
2883,0.0146,0.0352,1.0627
2884,0.0122,0.1118,1.0530
2885,0.0928,0.1260,1.0649
2886,0.1577,-0.0220,1.1313
2887,0.1943,0.0564,0.9866
2888,0.2397,-0.0527,0.9800
2889,0.1333,-0.1946,0.9543
2890,-0.0083,-0.0027,0.7983
2891,-0.1431,-0.0935,0.8997
2892,-0.1829,0.0486,0.8892
2893,-0.2141,0.0039,0.8589
2894,-0.1455,0.0759,0.9185
2895,-0.1250,-0.0542,1.0200
2896,-0.0344,0.1033,0.9829
2897,0.0176,0.0659,1.0930
2898,0.0869,0.0361,1.1311
2899,0.2439,-0.0029,1.0327
2900,0.2654,-0.0303,1.0618
2901,0.2534,-0.0115,0.9995
2902,0.1838,-0.0483,0.9243
2903,0.0422,-0.0251,0.8315
2904,-0.1497,-0.0381,0.8723
2905,-0.2229,-0.0505,0.8345
2906,-0.1785,0.0774,0.8530
2907,-0.1528,-0.0073,0.9758
2908,-0.0952,0.0740,0.9631
2909,-0.0388,0.0281,1.0269
2910,-0.0127,-0.0308,1.1106
2911,0.0012,0.0259,1.0647
2912,0.1328,-0.0012,1.1018
2913,0.1750,0.0886,1.0522
2914,0.1895,0.0493,0.9749
2915,0.1558,-0.0828,0.9595
2916,0.0063,-0.0103,0.8345
2917,-0.0623,-0.0737,0.8735
2918,-0.0959,-0.0613,0.8687
2919,-0.1926,0.0166,0.8293
2920,-0.1721,-0.0547,0.9478
2921,-0.1216,-0.0093,0.9888
2922,-0.0425,0.0566,1.0095
2923,0.0708,0.1013,1.0940
2924,0.1836,0.0754,1.1248
2925,0.2749,0.1091,1.0425
2926,0.2761,0.0361,1.0286
2927,0.1821,-0.1414,1.0034
2928,0.0044,-0.1343,0.8457
2929,-0.1733,-0.0918,0.8596
2930,-0.1948,-0.1340,0.9075
2931,-0.1938,-0.0364,0.8293
2932,-0.0430,0.1025,0.8618
2933,0.0425,0.0278,1.0452
2934,0.0637,0.1284,0.9282
2935,-0.0039,0.1326,1.0286
2936,-0.0476,0.0286,1.1577
2937,-0.0154,0.0759,1.0210
2938,0.0623,-0.0039,1.0669
2939,0.1450,-0.0588,1.0835
2940,0.2231,-0.0740,0.9067
2941,0.1643,-0.0732,0.9104
2942,0.0391,-0.0481,0.9099
2943,-0.0874,0.0076,0.8335
2944,-0.1807,-0.0176,0.8870
2945,-0.1946,0.1047,0.9224
2946,-0.1333,0.0874,0.9163
2947,-0.0261,-0.0122,1.0051
2948,0.0256,-0.0178,0.9954
2949,0.0942,-0.0229,1.0347
2950,0.1880,-0.0164,1.1470
2951,0.1809,0.0662,1.0396
2952,0.1663,0.0386,1.0288
2953,0.1428,-0.1062,1.0383
2954,0.0320,-0.0103,0.8345
2955,-0.0840,-0.0527,0.9067
2956,-0.0989,-0.0532,0.9019
2957,-0.1587,0.0410,0.7913
2958,-0.1755,-0.0256,0.9321
2959,-0.0989,0.0247,0.9585
2960,-0.0491,0.0869,0.9270
2961,-0.0088,0.0876,1.0933
2962,0.0627,0.0823,1.0757
2963,0.1035,0.0366,1.0549
2964,0.1252,-0.0637,1.0959
2965,0.1633,-0.0251,1.0056
2966,0.1304,-0.1396,0.9673
2967,0.0632,-0.0371,0.9097
2968,0.0071,-0.0322,0.8818
2969,-0.0530,-0.0017,0.8813
2970,-0.0647,-0.0076,0.8667
2971,-0.0667,0.0112,0.8970
2972,-0.0608,0.0300,0.9409
2973,-0.0935,0.0762,0.9875
2974,-0.0696,0.1292,1.0366
2975,-0.0210,0.0686,1.0813
2976,0.0808,0.0662,1.0640
2977,0.2153,-0.0337,1.0825
2978,0.2639,-0.0681,0.9846
2979,0.2085,-0.1279,0.9370
2980,0.0901,-0.1470,0.9075
2981,-0.1294,-0.0396,0.8401
2982,-0.2373,-0.0649,0.9282
2983,-0.2036,0.0156,0.9065
2984,-0.1489,0.1257,0.8833
2985,-0.0264,0.0535,1.0376
2986,0.0527,0.1243,0.9778
2987,0.0754,0.1287,1.0015
2988,0.0728,-0.0520,1.1350
2989,0.0869,0.0481,0.9915
2990,0.0735,-0.0615,1.0444
2991,0.0532,-0.1184,1.0344
2992,0.0034,-0.1118,0.8628
2993,0.0254,-0.0769,0.9189
2994,0.0020,-0.0164,0.9456
2995,0.0027,0.1287,0.8508
2996,-0.0483,-0.0205,0.9507
2997,-0.0803,0.0378,0.9033
2998,-0.1079,0.0081,0.9329
2999,-0.0676,0.0791,1.0288
3000,0.0002,0.1104,1.0256
3001,0.1086,0.0593,1.0415
3002,0.1724,-0.0715,1.0823
3003,0.1829,-0.0242,0.9849
3004,0.1323,-0.1340,1.0054
3005,-0.0024,-0.1008,0.9597
3006,-0.0769,-0.0107,0.8862
3007,-0.1819,-0.0283,0.9380
3008,-0.1260,0.0916,0.9009
3009,-0.0535,0.0444,0.9282
3010,-0.0061,0.1189,0.9253
3011,-0.0049,0.0164,1.0005
3012,0.0171,0.0869,0.9829
3013,-0.0359,0.0247,1.0151
3014,0.0181,0.0015,1.0715
3015,0.1155,-0.0715,1.0208
3016,0.1782,-0.0156,0.9761
3017,0.1567,-0.1558,1.0249
3018,0.1514,-0.1060,0.9175
3019,-0.0054,-0.0293,0.9116
3020,-0.1060,0.0305,0.9761
3021,-0.1169,0.0994,0.9019
3022,-0.1047,0.0662,0.8823
3023,-0.0339,-0.0474,0.9504
3024,-0.0068,-0.0264,0.9348
3025,0.0237,0.1067,0.9553
3026,0.0066,0.0283,1.0715
3027,-0.0481,0.0195,1.0093
3028,-0.0203,-0.0315,1.0198
3029,0.0264,-0.0212,1.0679
3030,0.0818,-0.0200,1.0005
3031,0.1472,0.0273,0.9280
3032,0.1060,-0.0977,0.9741
3033,0.0859,-0.0054,0.8645
3034,0.0583,-0.0608,0.8948
3035,-0.0225,0.0002,0.9448
3036,-0.0271,0.0430,0.8804
3037,-0.0447,0.0479,0.9905
3038,-0.1072,0.0808,1.0054
3039,-0.0957,0.1658,0.9976
3040,-0.0381,-0.0535,1.0999
3041,0.0439,0.0024,1.0081
3042,0.1499,-0.0791,0.9819
3043,0.1682,-0.0864,1.0396
3044,0.1199,-0.0488,0.9094
3045,-0.0127,-0.0029,0.9077
3046,-0.0999,-0.0889,0.9771
3047,-0.0923,0.0137,0.8655
3048,-0.0547,0.0244,0.9048
3049,0.0247,0.0178,0.9802
3050,0.0688,0.0830,0.9055
3051,0.0530,0.0994,1.0081
3052,0.0437,0.0747,1.0618
3053,0.0037,0.0354,0.9924
3054,-0.0454,-0.0356,1.0354
3055,-0.0247,-0.0803,1.0149
3056,-0.0059,-0.1335,0.9524
3057,0.0601,-0.0691,0.9788
3058,0.0417,-0.0388,0.9529
3059,0.0586,0.0737,0.9331
3060,0.0588,0.0476,0.9771
3061,-0.0251,0.1265,0.8892
3062,-0.0913,0.0574,0.9719
3063,-0.1128,-0.0039,0.9673
3064,-0.1179,0.1191,0.8909
3065,-0.0913,-0.0959,1.0627
3066,0.0696,0.0215,0.9670
3067,0.0859,-0.0442,0.9680
3068,0.1541,-0.0681,1.0676
3069,0.1199,-0.0649,0.9622
3070,-0.0308,0.0281,0.9465
3071,-0.0452,0.0474,1.0220
3072,-0.0439,-0.0020,0.9204
3073,-0.0088,0.0066,0.9028
3074,0.1450,-0.0046,0.9604
3075,0.1223,0.0129,0.9351
3076,0.0879,0.0623,0.9058
3077,-0.0337,0.0042,0.9983
3078,-0.1243,-0.0188,0.9866
3079,-0.0881,0.0559,0.9993
3080,-0.0652,-0.0190,1.0598
3081,0.0532,-0.0347,0.9729
3082,0.1274,-0.0645,0.9641
3083,0.0286,-0.0898,1.0103
3084,-0.0042,0.0530,0.9360
3085,-0.0239,-0.0808,0.9829
3086,-0.0061,0.0481,0.9133
3087,0.0618,0.0405,0.9124
3088,0.1072,0.0078,0.9690
3089,0.1196,0.1375,0.8909
3090,0.0378,0.0415,0.9978
3091,-0.0103,0.0835,0.9983
3092,-0.0625,-0.0044,0.9915
3093,-0.0364,-0.0393,1.0308
3094,-0.0210,-0.1143,0.9875
3095,-0.0361,-0.0906,0.9465
3096,-0.0422,-0.0703,1.0229
3097,-0.0344,0.0190,0.9553
3098,-0.0364,0.0518,0.9595
3099,0.0066,-0.0210,0.9709
3100,0.0801,0.1604,0.9006
3101,0.1055,0.0117,0.9722
3102,0.1140,0.0906,0.9436
3103,0.0640,0.0068,0.9292
3104,0.0347,0.0159,1.0061
3105,-0.0007,-0.0532,0.9878
3106,-0.0166,-0.0049,0.9858
3107,-0.0339,-0.1348,1.0317
3108,-0.0610,-0.0415,0.9182
3109,-0.0991,-0.0459,1.0032
3110,-0.0386,0.0071,1.0227
3111,0.0327,0.1201,0.8987
3112,0.0698,0.0132,1.0344
3113,0.1294,0.0317,0.9155
3114,0.1199,0.0520,0.8782
3115,0.0625,-0.0847,1.0493
3116,0.0637,0.1240,0.8792
3117,-0.0083,-0.0068,0.9800
3118,0.0190,-0.0710,1.0552
3119,0.0056,0.0078,0.8755
3120,-0.0332,-0.1150,1.0227
3121,-0.0413,-0.0466,1.0237
3122,-0.1121,0.0945,0.8838
3123,-0.1316,-0.0007,1.0920
3124,-0.0205,0.0493,0.9653
3125,0.0161,0.0381,0.9316
3126,0.1030,-0.0447,1.0200
3127,0.1450,0.0154,0.9192
3128,0.0229,0.0269,0.9348
3129,-0.0112,0.1050,0.9690
3130,-0.1052,-0.0408,1.0129
3131,-0.0581,0.0408,0.9045
3132,0.0474,-0.0186,0.9927
3133,0.0129,-0.1028,0.9888
3134,0.0430,0.0933,0.8782
3135,0.0122,-0.1140,1.0417
3136,-0.0210,-0.0317,0.9856
3137,-0.0342,-0.0447,0.9016
3138,-0.0239,-0.0393,1.0530
3139,0.0417,0.0054,0.9875
3140,0.0439,0.1343,0.9155
3141,-0.0029,0.0681,1.0588
3142,0.0479,0.0806,0.9546
3143,0.0593,0.0786,0.9006
3144,0.0706,-0.0601,1.0171
3145,0.1196,-0.0488,0.8970
3146,0.0979,-0.0117,0.9204
3147,0.0500,-0.0828,1.0344
3148,0.0222,-0.0063,0.9338
3149,-0.0637,-0.0293,0.9795
3150,-0.0854,-0.0154,1.0803
3151,-0.1111,0.0649,0.9487
3152,-0.0935,0.0640,0.9885
3153,-0.0310,0.0022,1.0181
3154,-0.0056,0.0703,0.8899
3155,0.0474,0.0510,0.9644
3156,0.1606,-0.0127,0.9956
3157,0.1709,-0.0171,0.8755
3158,0.1492,-0.0408,0.9475
3159,0.0952,-0.1206,0.9976
3160,-0.0330,-0.0205,0.9272
3161,-0.1182,-0.0225,1.0073
3162,-0.1919,0.0103,1.0432
3163,-0.1382,0.0640,0.9573
3164,-0.0466,0.0664,1.0120
3165,-0.0291,0.0430,1.0002
3166,0.0156,0.0608,0.8909
3167,-0.0750,-0.0168,0.9905
3168,-0.0505,0.0056,0.9243
3169,0.1191,-0.0403,0.9126
3170,0.1770,-0.1624,1.0168
3171,0.2319,0.0564,0.9224
3172,0.2329,-0.0146,0.9976
3173,0.1116,0.0242,1.0532
3174,-0.0991,0.0557,0.9553
3175,-0.2031,0.1094,1.0266
3176,-0.2583,-0.0461,1.0676
3177,-0.1743,0.1113,0.8350
3178,-0.0894,-0.0974,1.0051
3179,0.0269,-0.0505,0.9275
3180,0.1433,0.0125,0.8235
3181,0.1509,-0.1348,1.0435
3182,0.1736,0.0137,0.9329
3183,0.1470,0.0542,0.9233
3184,0.0981,-0.0146,1.1060
3185,0.0825,0.0430,0.9634
3186,0.0159,0.0884,0.9624
3187,-0.0698,0.0354,1.1021
3188,-0.1089,0.1260,0.9211
3189,-0.1855,0.0093,0.9487
3190,-0.2239,-0.0889,0.9697
3191,-0.1460,-0.1008,0.8352
3192,-0.0527,-0.0989,0.9221
3193,0.0840,-0.0359,0.9438
3194,0.2034,-0.0461,0.9612
3195,0.2930,0.0029,1.0032
3196,0.2698,0.0779,1.0640
3197,0.1570,0.0281,1.0540
3198,0.0105,0.1414,0.9905
3199,-0.1802,0.0208,1.0530
3200,-0.2034,0.0757,0.9419
3201,-0.1936,-0.0254,0.9165
3202,-0.0984,-0.0471,0.9426
3203,-0.0559,-0.0344,0.8560
3204,-0.0339,-0.0701,0.8755
3205,-0.0684,-0.1216,0.9575
3206,-0.0415,0.0361,0.9075
3207,0.0706,-0.0098,1.0247
3208,0.2166,-0.0012,1.1116
3209,0.3530,0.1133,1.0005
3210,0.3450,0.0852,1.0862
3211,0.2122,0.0237,1.0552
3212,0.0071,0.0938,0.8960
3213,-0.2075,-0.0144,0.9761
3214,-0.2783,-0.0679,0.9019
3215,-0.2427,-0.0195,0.8013
3216,-0.1399,-0.0535,0.9224
3217,-0.0059,-0.0701,0.9233
3218,0.0500,-0.0002,0.8892
3219,0.0276,-0.0618,1.0413
3220,0.0959,0.0337,1.0874
3221,0.0815,0.0466,1.0522
3222,0.1206,0.1609,1.1001
3223,0.1140,-0.0662,1.0989
3224,0.1580,0.0911,0.8938
3225,0.0046,-0.0359,0.9614
3226,-0.0186,0.0222,0.9194
3227,-0.0847,-0.0139,0.8235
3228,-0.1572,-0.0520,0.8635
3229,-0.1389,-0.1216,0.9106
3230,-0.1426,-0.0691,0.8403
3231,-0.1189,0.0107,0.9761
3232,0.0259,0.0249,1.0835
3233,0.0938,0.1077,1.0442
3234,0.1809,0.0947,1.1389
3235,0.2927,0.0732,1.0803
3236,0.2295,0.0090,1.0100
3237,0.1570,0.0327,0.9856
3238,0.0176,0.0264,0.9026
3239,-0.0569,-0.0356,0.8647
3240,-0.0903,-0.1460,0.8655
3241,-0.1272,-0.0427,0.8069
3242,-0.0955,-0.1458,0.9309
3243,0.0098,-0.0366,0.9673
3244,-0.0303,0.1423,0.9565
3245,0.0449,0.1458,1.1353
3246,0.0740,0.0630,1.1135
3247,0.0383,0.1875,0.9944
3248,0.0037,-0.0627,1.1487
3249,0.0647,-0.1038,0.9709
3250,0.0129,-0.1079,0.8550
3251,0.0085,-0.1108,0.9312
3252,-0.0298,-0.1167,0.8735
3253,-0.0537,-0.0071,0.8167
3254,-0.0557,0.0696,0.9438
3255,-0.1165,0.0300,0.9624
3256,-0.0808,0.1252,0.9048
3257,-0.0281,0.0693,1.0618
3258,0.0789,0.0771,1.0911
3259,0.1868,0.0908,1.0286
3260,0.2070,0.0215,1.0842
3261,0.1428,-0.1162,1.0286
3262,0.0657,-0.0381,0.9241
3263,-0.0801,-0.1204,0.9963
3264,-0.1257,0.0237,0.8794
3265,-0.1245,-0.0386,0.8569
3266,-0.0984,0.0066,0.9282
3267,0.0203,0.1128,0.8420
3268,0.0232,0.0029,0.9868
3269,-0.0017,0.0093,0.9739
3270,0.0076,0.0857,0.9612
3271,0.0090,-0.0620,1.1128
3272,0.0659,0.0483,1.0571
3273,0.1675,0.0300,1.0327
3274,0.1899,-0.0422,1.0825
3275,0.1663,-0.1067,0.9299
3276,0.0979,-0.0176,0.8950
3277,-0.0669,-0.1082,0.9592
3278,-0.1152,0.0222,0.8384
3279,-0.1614,-0.0562,0.8779
3280,-0.1606,0.0601,0.9302
3281,-0.1079,0.0386,0.8918
3282,-0.0540,0.0522,1.0073
3283,-0.0159,0.0369,1.0229
3284,0.0525,0.1113,1.0168
3285,0.0918,-0.0066,1.1479
3286,0.2314,0.1619,1.0161
3287,0.1880,-0.0503,1.0337
3288,0.1235,-0.0828,1.0015
3289,0.0518,-0.0588,0.8530
3290,-0.1067,-0.0576,0.9185
3291,-0.1670,-0.1296,0.9292
3292,-0.1279,0.0474,0.8049
3293,-0.1597,-0.0725,0.9602
3294,-0.0723,0.0032,0.9592
3295,-0.0439,0.0837,0.9260
3296,-0.0264,0.0718,1.0803
3297,0.1174,0.1631,1.0667
3298,0.1387,0.0557,1.0659
3299,0.2202,0.1384,1.0405
3300,0.2163,-0.1350,1.0295
3301,0.1392,-0.1289,0.8940
3302,0.0664,-0.0630,0.8577
3303,-0.0154,-0.1340,0.9419
3304,-0.1060,-0.0549,0.8586
3305,-0.0969,0.0889,0.8374
3306,-0.1321,-0.0156,1.0474
3307,-0.0708,0.1362,0.9104
3308,-0.0452,0.1414,0.9780
3309,-0.0862,-0.0383,1.1526
3310,-0.0049,0.0129,0.9888
3311,0.0652,-0.0283,1.0549
3312,0.1316,-0.0352,1.1106
3313,0.1772,-0.0181,0.9341
3314,0.1348,-0.0864,0.9524
3315,-0.0134,-0.0732,0.9280
3316,-0.1187,0.0356,0.8313
3317,-0.1702,-0.0376,0.9243
3318,-0.1650,0.0847,0.8770
3319,-0.1228,-0.0078,0.9302
3320,0.0178,0.0769,0.9546
3321,0.0828,0.0806,0.9839
3322,0.1223,0.0540,1.0657
3323,0.1870,0.0559,1.0659
3324,0.1182,-0.0427,1.0718
3325,0.1096,-0.0364,1.0159
3326,0.0825,-0.0972,0.9985
3327,0.0366,-0.0403,0.9360
3328,0.0061,0.0393,0.8987
3329,-0.0049,-0.0195,0.9526
3330,-0.0576,0.0747,0.8530
3331,-0.0339,0.0859,0.8872
3332,-0.0681,-0.0200,0.9644
3333,-0.0859,0.0483,0.8794
3334,-0.0730,-0.0496,1.0081
3335,-0.0540,-0.0203,1.0444
3336,0.0449,0.0156,1.0305
3337,0.1501,0.0046,1.0911
3338,0.1658,0.0051,1.0588
3339,0.1267,-0.0327,0.9875
3340,-0.0083,-0.0439,0.9575
3341,-0.1172,-0.1077,0.9348
3342,-0.0801,-0.0334,0.8726
3343,-0.0674,-0.0122,0.9026
3344,0.0547,0.0342,0.9241
3345,0.1367,0.0417,0.8586
3346,0.0906,0.0012,0.9768
3347,0.0288,0.0881,1.0012
3348,-0.0667,0.1863,0.9956
3349,-0.0942,0.0066,1.1487
3350,-0.0515,-0.0005,0.9917
3351,0.0125,-0.1006,0.9739
3352,0.1255,-0.1909,1.0552
3353,0.1462,-0.0603,0.8860
3354,0.0874,0.0308,0.8994
3355,0.0054,-0.0850,0.9937
3356,-0.0593,0.0430,0.8247
3357,-0.0813,0.0295,0.9146
3358,-0.0657,0.0068,1.0132
3359,-0.0498,0.1575,0.9153
3360,-0.0703,0.1938,1.0366
3361,-0.0515,0.0588,1.0913
3362,-0.0471,-0.0891,0.9946
3363,-0.0168,-0.1035,0.9927
3364,0.0466,-0.1145,1.0315
3365,0.1013,-0.0645,0.9448
3366,0.0796,0.0176,0.9163
3367,0.0762,-0.0139,0.9644
3368,0.0828,-0.0564,0.9192
3369,0.0776,0.0334,0.8735
3370,0.0613,0.0618,0.9839
3371,0.0142,0.0569,0.9565
3372,-0.0569,0.1035,0.9272
3373,-0.0728,0.0486,1.0396
3374,-0.0981,-0.0334,1.0344
3375,-0.0034,0.0181,0.9680
3376,0.0786,-0.0508,1.0571
3377,0.0828,-0.0339,0.9749
3378,0.0732,-0.0168,0.9417
3379,-0.0095,-0.0486,1.0051
3380,-0.1035,0.0059,0.9153
3381,-0.0967,-0.0181,0.9495
3382,-0.0283,-0.0186,0.9800
3383,0.0256,0.0825,0.8870
3384,0.1135,0.0381,0.9878
3385,0.0940,0.0173,0.9814
3386,0.0747,0.1692,0.8618
3387,0.0344,-0.0562,1.1079
3388,-0.0386,-0.0537,0.9768
3389,-0.0334,0.0598,0.9065
3390,-0.0227,-0.2385,1.1282
3391,0.0117,0.0081,0.8899
3392,0.0422,-0.0244,0.9556
3393,0.0601,-0.0449,1.0854
3394,0.0374,0.0610,0.9006
3395,0.0554,0.1118,0.9084
3396,-0.0056,-0.0120,1.0186
3397,-0.0420,0.0227,0.8716
3398,-0.0625,0.1775,0.8892
3399,-0.0850,0.0098,1.0981
3400,-0.0120,0.0510,0.9221
3401,0.0642,0.0032,0.9094
3402,0.0867,-0.2544,1.1350
3403,0.1282,-0.2207,0.8960
3404,0.0732,-0.0344,0.9309
3405,-0.0891,-0.1133,1.1597
3406,-0.0994,0.1943,0.8772
3407,-0.1187,0.1125,1.0002
3408,-0.0649,0.0754,1.0835
3409,0.0234,0.1941,0.8237
3410,0.0620,0.0378,0.9846
3411,0.1047,0.0591,0.9478
3412,0.0715,0.0647,0.8479
3413,0.0078,-0.1633,1.0354
3414,-0.0090,-0.1287,0.9192
3415,-0.0371,-0.2615,0.9329
3416,-0.0378,-0.1721,1.0374
3417,-0.0378,0.0532,0.9661
3418,-0.0088,0.1277,1.0588
3419,0.0002,0.1169,1.0559
3420,0.0703,0.1846,0.9517
3421,0.1062,0.1199,1.0063
3422,0.0801,0.0090,0.9358
3423,0.0356,0.0293,0.8452
3424,-0.0552,-0.1169,0.9524
3425,-0.0447,-0.0613,0.8989
3426,0.0256,-0.0374,0.9231
3427,0.0332,-0.0806,1.0315
3428,0.1218,-0.0332,0.9514
3429,0.0803,-0.0847,1.0139
3430,-0.0808,0.0432,1.0383
3431,-0.1243,0.1353,1.0024
3432,-0.1167,0.0205,1.0610
3433,-0.0408,0.0837,0.9456
3434,0.0989,0.0415,0.9585
3435,0.1851,-0.0205,0.9663
3436,0.1851,0.0750,0.8687
3437,0.0540,-0.0300,0.9758
3438,-0.0525,-0.0063,0.9536
3439,-0.1179,-0.0054,0.9456
3440,-0.1421,-0.0200,0.9810
3441,-0.0322,-0.0984,0.9695
3442,0.0500,-0.1858,0.9739
3443,0.0618,-0.0125,0.9575
3444,0.0652,0.0222,1.0549
3445,0.0491,0.0891,0.9866
3446,-0.0510,0.1541,0.9575
3447,-0.0627,0.0361,1.0286
3448,0.0000,0.0383,0.9272
3449,0.0269,0.0312,0.9241
3450,0.0344,-0.0234,0.9856
3451,0.0498,0.0181,0.9094
3452,0.0105,-0.0730,0.9514
3453,-0.0288,-0.0662,0.9700
3454,-0.0352,-0.1443,0.9407
3455,-0.0193,-0.0742,0.9319
3456,-0.0259,-0.0273,1.0334
3457,0.0354,0.0771,1.0054
3458,0.0911,0.1775,0.9927
3459,0.0637,0.0344,1.0884
3460,0.0601,0.1543,0.9329
3461,0.0020,0.0381,0.9612
3462,-0.0898,-0.0723,1.0100
3463,-0.0488,0.0574,0.8130
3464,-0.0388,-0.1479,0.9849
3465,0.0757,-0.0977,0.9495
3466,0.1958,0.0005,0.8481
3467,0.2061,-0.0776,1.0405
3468,0.1282,-0.0620,0.9819
3469,0.0073,0.0842,0.9253
3470,-0.1804,0.0012,1.1304
3471,-0.1992,0.1147,1.0042
3472,-0.1604,0.0671,0.9722
3473,-0.1116,-0.0120,1.0601
3474,0.0439,0.0325,0.8911
3475,0.1104,-0.0637,0.9263
3476,0.1255,0.0422,0.9409
3477,0.1467,-0.0237,0.9036
3478,0.1235,-0.0271,0.9312
3479,0.0291,-0.0339,0.9485
3480,0.0547,-0.0061,0.9604
3481,0.0320,-0.0459,0.9995
3482,-0.0339,0.0183,1.0220
3483,-0.0286,0.0144,1.0295
3484,-0.0803,0.0273,1.0210
3485,-0.1626,0.0476,1.0081
3486,-0.1658,0.1118,0.9622
3487,-0.1487,0.0032,0.9800
3488,-0.1123,0.0376,0.9104
3489,0.0142,0.0447,0.8921
3490,0.2075,-0.0642,0.9878
3491,0.3120,-0.0435,0.9106
3492,0.3833,0.0093,0.9321
3493,0.2861,-0.1506,1.0393
3494,0.0754,-0.0039,0.9106
3495,-0.1306,-0.0022,1.0210
3496,-0.2554,0.0261,1.0776
3497,-0.2380,0.0774,0.9243
3498,-0.1580,0.0535,1.0093
3499,-0.0801,0.0615,0.9810
3500,0.0217,0.0583,0.9077
3501,0.0134,-0.0200,0.9602
3502,-0.0098,-0.0310,0.9143
3503,0.0571,-0.1445,0.9309
3504,0.1482,-0.1248,0.9631
3505,0.2197,-0.0054,0.9534
3506,0.2896,-0.0405,1.0181
3507,0.1602,-0.0310,1.0159
3508,0.0198,0.1367,0.9614
3509,-0.1230,0.0461,1.0579
3510,-0.2656,0.0784,0.9573
3511,-0.2974,0.0903,0.9163
3512,-0.1895,0.0393,0.9905
3513,-0.1179,-0.0186,0.9270
3514,0.0254,0.0322,0.8716
3515,0.1199,-0.0701,1.0100
3516,0.1809,-0.0906,0.9680
3517,0.2373,0.0056,0.9304
3518,0.1633,-0.0925,1.0845
3519,0.1194,-0.0317,0.9817
3520,0.0452,0.0623,0.9583
3521,-0.0549,0.0713,1.0959
3522,-0.0786,0.1201,0.9290
3523,-0.1104,0.0676,0.9136
3524,-0.0957,-0.0386,0.9788
3525,-0.0647,0.0425,0.8616
3526,-0.0962,-0.0789,0.9387
3527,-0.0593,-0.0647,0.9573
3528,-0.0232,-0.0874,0.9158
3529,0.1042,-0.0840,1.0220
3530,0.1970,-0.0139,1.0247
3531,0.2666,0.0691,1.0278
3532,0.2390,0.0085,1.0706
3533,0.0413,0.0955,0.9722
3534,-0.1106,0.0989,0.9478
3535,-0.2004,-0.0300,0.9758
3536,-0.2104,-0.0071,0.8879
3537,-0.1255,0.0435,0.8606
3538,-0.0266,-0.0474,1.0022
3539,0.0105,-0.0256,0.8752
3540,0.0491,0.0366,0.9038
3541,0.0476,-0.1467,1.1157
3542,0.0886,0.0061,0.9573
3543,0.1416,0.0806,1.0432
3544,0.1851,0.0425,1.1333
3545,0.1702,0.0564,0.9517
3546,0.0562,0.0488,0.9644
3547,-0.0513,-0.0139,0.9993
3548,-0.1226,-0.0518,0.8745
3549,-0.1306,0.0020,0.8625
3550,-0.1362,-0.0237,0.9543
3551,-0.0747,-0.0051,0.8743
3552,-0.0168,-0.0281,0.9368
3553,0.0154,-0.0117,0.9915
3554,0.0742,-0.0117,0.9995
3555,0.1406,-0.0310,1.0718
3556,0.1802,0.0913,1.0376
3557,0.1511,0.0151,1.0735
3558,0.0659,-0.0054,1.0120
3559,-0.0410,0.0437,0.9136
3560,-0.1545,-0.0630,0.9956
3561,-0.1338,0.0088,0.8635
3562,-0.1155,-0.0134,0.8530
3563,-0.0337,-0.0264,0.9468
3564,0.0212,-0.0249,0.8813
3565,-0.0225,0.0322,0.9397
3566,-0.0708,0.0027,1.0500
3567,-0.0293,0.0430,0.9963
3568,0.0793,-0.0378,1.0776
3569,0.2190,0.0239,1.0718
3570,0.2612,0.0527,1.0249
3571,0.2292,-0.0293,1.0286
3572,0.1099,-0.0005,0.9253
3573,-0.0706,-0.0291,0.9048
3574,-0.2083,-0.0173,0.9358
3575,-0.2334,0.0608,0.8354
3576,-0.1978,0.0183,0.9177
3577,-0.0835,-0.0781,0.9250
3578,0.0293,0.0386,0.9045
3579,0.0308,-0.0903,1.0493
3580,0.1138,0.0898,0.9946
3581,0.1250,-0.0881,1.0952
3582,0.1509,0.0769,1.0376
3583,0.0916,0.0273,1.0374
3584,0.1033,-0.0308,1.0298
3585,0.0461,0.0625,0.8792
3586,0.0051,-0.0461,0.9407
3587,-0.0066,-0.0642,0.9214
3588,-0.0063,0.0583,0.8091
3589,-0.0525,-0.0239,0.9563
3590,-0.1079,-0.0283,0.9426
3591,-0.1335,0.0645,0.8999
3592,-0.1243,0.0356,1.0950
3593,-0.0198,0.0552,1.0823
3594,0.1116,0.1155,0.9995
3595,0.1948,0.0039,1.1187
3596,0.2161,-0.0615,1.0210
3597,0.2019,-0.0107,0.9077
3598,0.0725,-0.1304,1.0210
3599,-0.0303,0.0007,0.8569
3600,-0.0779,0.0212,0.8691
3601,-0.1223,-0.0195,0.9243
3602,-0.1179,-0.0176,0.8584
3603,-0.0603,-0.0540,0.9270
3604,0.0029,0.0640,0.9700
3605,0.0300,0.0400,1.0308
3606,0.1045,0.0720,1.0432
3607,0.0845,0.0002,1.0920
3608,0.1204,0.0264,1.0266
3609,0.0657,-0.0481,1.0249
3610,0.0083,-0.0637,0.9827
3611,0.0259,0.0305,0.9028
3612,-0.0574,-0.0781,0.9329
3613,-0.0398,0.0137,0.8635
3614,-0.0249,-0.0105,0.8784
3615,-0.0962,0.0886,0.9211
3616,-0.1248,0.0332,0.9534
3617,-0.0918,0.1011,0.9709
3618,-0.0884,-0.0007,1.0103
3619,0.0671,-0.0271,1.0715
3620,0.1438,-0.0737,1.0503
3621,0.2153,0.0371,1.0239
3622,0.2302,-0.1338,1.0735
3623,0.1184,-0.0151,0.9067
3624,-0.0422,-0.0073,0.9573
3625,-0.1577,-0.0032,0.9810
3626,-0.1880,0.1357,0.8196
3627,-0.1589,-0.0115,0.9397
3628,-0.0784,-0.0012,0.8960
3629,0.0012,-0.0129,0.8823
3630,0.0654,-0.0161,1.0034
3631,0.1250,-0.0144,1.0110
3632,0.1775,0.0068,1.0051
3633,0.1477,0.0308,1.1145
3634,0.1318,0.0720,1.0522
3635,0.1045,0.0459,1.0166
3636,-0.0205,-0.0684,1.0139
3637,-0.0515,0.0176,0.8560
3638,-0.0481,-0.1335,0.9360
3639,-0.0764,-0.1079,0.8843
3640,-0.0505,0.0764,0.7720
3641,-0.0854,-0.1248,1.0295
3642,-0.1006,0.0654,0.8831
3643,-0.0525,0.1382,0.9348
3644,-0.0779,0.0127,1.2239
3645,0.0154,0.2314,0.9749
3646,0.0498,0.0798,1.0969
3647,0.0603,-0.0889,1.1467
3648,0.1128,-0.0322,0.8521
3649,0.0737,-0.1414,0.9907
3650,0.0608,-0.0808,0.9358
3651,0.0779,-0.0071,0.7925
3652,0.0171,-0.0603,0.9045
3653,0.0164,0.0833,0.8687
3654,0.0222,0.0063,0.9028
3655,0.0049,0.0486,1.0129
3656,-0.0652,0.1133,0.9856
3657,-0.0664,0.0942,1.0754
3658,-0.1035,-0.0073,1.1174
3659,-0.0483,0.1042,0.9595
3660,-0.0078,-0.1729,1.1099
3661,0.0674,-0.1917,0.9612
3662,0.0894,-0.0349,0.8323
3663,0.0430,-0.1248,1.0071
3664,0.0432,0.0449,0.8645
3665,0.0286,0.0176,0.8713
3666,-0.0076,0.0439,0.9907
3667,0.0190,0.0657,0.9224
3668,0.0195,0.0723,0.9653
3669,0.0120,0.1235,1.0581
3670,0.0410,0.1125,1.0256
3671,-0.0151,0.0217,1.0393
3672,0.0134,0.0127,0.9866
3673,0.0066,-0.1482,0.9993
3674,-0.0564,-0.1519,0.9419
3675,-0.0430,-0.0491,0.9036
3676,-0.0261,-0.0669,0.9749
3677,0.0125,0.0588,0.9231
3678,0.0625,0.0479,0.9380
3679,0.0842,0.0552,0.9915
3680,0.0728,0.0530,0.9407
3681,0.0208,0.1296,0.9526
3682,-0.1016,0.0344,1.0337
3683,-0.0935,0.0713,0.9827
3684,-0.0449,-0.0325,0.9846
3685,0.0366,-0.0789,1.0149
3686,0.1401,-0.1133,0.9448
3687,0.1758,-0.1294,0.9446
3688,0.1067,-0.0981,0.9810
3689,0.0437,0.0288,0.9241
3690,-0.0767,-0.0010,0.9663
3691,-0.1431,0.0593,0.9846
3692,-0.0994,0.0867,0.9321
3693,-0.0234,0.0918,1.0061
3694,0.0764,0.0942,0.9800
3695,0.1111,0.1694,0.9514
3696,0.1326,-0.0027,1.0500
3697,0.1091,-0.0540,0.9758
3698,0.0547,-0.1074,0.9321
3699,-0.0249,-0.1426,1.0247
3700,-0.0947,-0.1167,0.9319
3701,-0.1670,-0.0044,0.9094
3702,-0.2112,-0.0781,1.0405
3703,-0.1487,0.0894,0.9163
3704,-0.0410,0.1091,0.9487
3705,0.0388,0.0859,1.0393
3706,0.0813,0.1135,0.9124
3707,0.0642,0.1008,0.9565
3708,0.0452,-0.0032,1.0022
3709,0.0237,-0.0627,0.9475
3710,0.0642,-0.0845,0.9456
3711,0.1279,-0.1550,1.0344
3712,0.1589,-0.0974,0.9614
3713,0.1301,0.0300,0.9575
3714,0.0056,-0.0251,1.0696
3715,-0.0332,0.1121,0.9321
3716,-0.0913,0.0850,0.9478
3717,-0.0879,0.0669,1.0269
3718,0.0281,0.0725,0.8853
3719,0.0491,0.0278,0.9270
3720,0.0759,0.0107,1.0051
3721,0.0791,0.0125,0.9097
3722,0.0732,-0.0635,0.9836
3723,0.0532,-0.1069,1.0237
3724,0.0193,-0.0364,0.9338
3725,-0.0076,-0.1196,1.0444
3726,-0.0796,-0.0095,0.9546
3727,-0.1909,0.0393,0.9553
3728,-0.2131,0.0256,1.0054
3729,-0.1760,0.0615,0.9478
3730,-0.0276,0.0842,0.9553
3731,0.1023,0.0664,0.9836
3732,0.1550,0.0068,0.9163
3733,0.2146,-0.0105,0.9231
3734,0.1147,-0.0974,0.9878
3735,0.0430,-0.0271,0.9888
3736,0.0105,-0.0117,0.9858
3737,-0.0564,-0.0173,1.0129
3738,-0.0261,-0.0208,0.9797
3739,-0.0081,0.0056,0.9788
3740,-0.0198,0.0374,0.9807
3741,0.0684,0.0657,0.9712
3742,-0.0076,-0.0078,0.9446
3743,-0.0193,0.0681,0.9036
3744,0.0073,-0.0403,1.0129
3745,0.0000,0.0864,0.9192
3746,0.0876,0.1189,0.9604
3747,0.1421,-0.0322,1.0698
3748,0.1711,0.0442,0.9202
3749,0.1675,-0.0273,1.0005
3750,0.0669,-0.1587,1.0471
3751,-0.0601,-0.0710,0.8596
3752,-0.1938,-0.0798,0.9768
3753,-0.2708,-0.0791,0.9956
3754,-0.1628,0.1201,0.8596
3755,-0.0500,0.0149,1.0413
3756,0.1035,0.1064,0.9700
3757,0.2112,0.0591,0.9270
3758,0.1841,0.0732,1.0415
3759,0.0449,0.0593,0.9888
3760,-0.0215,0.0408,0.9302
3761,-0.0801,-0.1292,1.0549
3762,-0.0701,-0.0933,0.9380
3763,0.0227,-0.0142,0.9214
3764,0.0193,-0.1624,1.0452
3765,0.0381,0.1177,0.8606
3766,0.0046,-0.0244,0.9810
3767,-0.0327,0.0337,1.0142
3768,-0.0493,0.0415,0.9155
3769,-0.0571,0.1260,0.9749
3770,-0.0435,-0.0090,1.0581
3771,0.0166,0.0520,0.8950
3772,0.0286,0.0496,0.9670
3773,0.0798,-0.1147,1.0737
3774,0.1541,0.0188,0.8831
3775,0.0947,-0.0476,0.9604
3776,0.0396,-0.0896,1.0386
3777,-0.0330,-0.0403,0.8606
3778,-0.0923,0.0078,0.9136
3779,-0.1194,-0.0610,1.0659
3780,-0.0664,0.0459,0.8928
3781,0.0225,0.1355,0.9810
3782,0.0583,-0.0173,1.1292
3783,0.0898,0.1318,0.8940
3784,0.0383,0.0193,0.9692
3785,-0.0312,-0.0483,1.0764
3786,-0.0063,0.0730,0.8489
3787,0.0332,-0.0266,0.9937
3788,0.0793,-0.1436,1.0061
3789,0.1592,-0.0571,0.8071
3790,0.0891,-0.1362,0.9839
3791,-0.0081,-0.0137,0.9983
3792,-0.0908,0.1077,0.8928
3793,-0.1299,0.0540,1.0774
3794,-0.1091,0.0525,0.9946
3795,0.0093,0.1504,0.9377
3796,0.0437,-0.0386,1.0950
3797,0.0801,0.1169,0.9058
3798,0.0420,-0.0176,0.9487
3799,0.0076,-0.0552,1.0178
3800,-0.0032,-0.0444,0.8889
3801,0.0344,-0.0574,0.9351
3802,0.0728,-0.1841,0.9976
3803,0.1069,-0.0781,0.8706
3804,0.1157,0.0159,0.9690
3805,0.0598,0.0737,1.0864
3806,0.0200,0.1724,0.9358
3807,-0.0259,0.1235,1.0159
3808,-0.1228,0.0093,1.0610
3809,-0.1240,0.1299,0.8782
3810,-0.1138,-0.0452,1.0110
3811,-0.0610,-0.0923,0.9463
3812,0.0422,-0.0325,0.8411
3813,0.0806,-0.2156,1.0354
3814,0.1643,-0.0403,0.9214
3815,0.1089,-0.0342,0.9165
3816,0.0215,0.0205,1.0842
3817,0.0005,0.1487,0.9409
3818,-0.0488,0.1804,1.0073
3819,-0.1011,0.0068,1.1077
3820,-0.0669,0.0859,0.8704
3821,-0.0977,-0.1064,0.9973
3822,-0.0474,-0.0818,0.9983
3823,-0.0088,0.0312,0.8459
3824,-0.0010,-0.0198,0.9915
3825,0.1289,-0.0400,1.0083
3826,0.2317,-0.0012,0.8599
3827,0.2373,0.0022,1.0518
3828,0.2107,-0.0242,1.0354
3829,0.0715,0.1045,0.8801
3830,-0.1675,-0.0088,1.0610
3831,-0.2607,-0.0137,0.9927
3832,-0.2876,0.0437,0.9143
3833,-0.2217,0.0212,1.0376
3834,0.0454,-0.0225,0.9309
3835,0.1589,-0.0449,0.8684
3836,0.1858,-0.0061,0.9526
3837,0.2280,0.0339,0.9644
3838,0.2141,-0.0300,0.9827
3839,0.1575,0.0015,0.9456
3840,0.0559,-0.0828,1.0083
3841,-0.0012,-0.0574,1.0178
3842,-0.0603,0.0718,0.9426
3843,-0.1553,-0.0264,1.0396
3844,-0.1953,0.0044,0.9585
3845,-0.1887,0.0559,0.8901
3846,-0.1868,0.0366,1.0405
3847,-0.1360,0.0593,0.9185
3848,-0.0781,0.0767,0.9055
3849,0.0393,-0.0720,1.0276
3850,0.2075,0.0583,0.9263
3851,0.3228,-0.0789,1.0259
3852,0.3787,-0.0222,1.0354
3853,0.2991,-0.0464,0.9624
3854,0.1604,-0.0645,0.9934
3855,-0.0459,-0.0339,0.9829
3856,-0.2297,0.0764,0.9077
3857,-0.3044,0.0708,0.9985
3858,-0.2251,0.0679,0.9641
3859,-0.1111,0.0986,0.8843
3860,-0.0569,-0.0088,1.0081
3861,0.0212,-0.0479,0.9387
3862,0.0276,-0.0686,0.9114
3863,0.0542,-0.1223,1.0178
3864,0.1145,-0.0925,1.0015
3865,0.2048,0.0105,0.9612
3866,0.2314,0.0403,1.0571
3867,0.1904,0.0332,1.0042
3868,0.0662,0.1509,0.8997
3869,-0.0679,0.0615,1.0061
3870,-0.1631,0.0598,0.9448
3871,-0.2114,0.0093,0.8655
3872,-0.1768,-0.0759,1.0022
3873,-0.1348,-0.1233,0.9563
3874,-0.0552,0.0688,0.8843
3875,0.0562,-0.0840,1.0667
3876,0.1245,-0.0237,1.0034
3877,0.1843,0.0667,0.9377
3878,0.2332,0.0530,1.1506
3879,0.2224,0.1099,0.9817
3880,0.1272,0.0784,0.9026
3881,-0.0569,-0.0996,1.0229
3882,-0.1050,0.0132,0.8491
3883,-0.1123,-0.0237,0.9089
3884,-0.0757,-0.0452,0.9651
3885,-0.0173,-0.0522,0.8674
3886,-0.0059,-0.0735,0.9543
3887,-0.0510,0.0144,0.9944
3888,-0.0652,0.0227,1.0024
3889,-0.0452,0.0066,1.0562
3890,0.0239,0.0129,1.0278
3891,0.1458,0.0403,1.0200
3892,0.1787,-0.0239,1.0227
3893,0.1375,-0.0112,0.9456
3894,0.0886,-0.0149,0.9026
3895,-0.0117,-0.0056,0.9534
3896,-0.1138,0.0291,0.8792
3897,-0.1379,0.0706,0.9185
3898,-0.1670,-0.0405,0.9839
3899,-0.0825,0.0481,0.9033
3900,-0.0723,-0.0271,1.0120
3901,0.0308,0.0513,1.0154
3902,0.1155,-0.0042,1.0168
3903,0.1113,-0.0684,1.0386
3904,0.2168,-0.0103,0.9937
3905,0.1482,-0.1104,0.9937
3906,0.0781,0.0708,0.9380
3907,-0.0056,-0.0327,0.9905
3908,-0.0325,0.1487,0.8743
3909,-0.1150,0.0093,0.9653
3910,-0.0471,0.0786,0.9370
3911,-0.0317,0.0481,0.9104
3912,-0.0437,-0.0828,0.9817
3913,-0.0054,-0.0525,0.9380
3914,-0.0144,-0.0588,0.9485
3915,0.0073,-0.0310,1.0610
3916,0.0701,0.0366,1.0188
3917,0.1104,0.0417,0.9827
3918,0.0974,-0.0603,1.0657
3919,0.0469,-0.0610,0.9387
3920,0.0051,0.0164,0.9517
3921,-0.0281,-0.0608,1.0110
3922,-0.0500,0.1270,0.8804
3923,-0.0676,0.0352,0.9673
3924,0.0066,0.0144,0.9534
3925,-0.0427,-0.0286,0.9136
3926,0.0190,0.0671,0.9563
3927,0.0256,0.0657,1.0188
3928,-0.0146,0.0061,1.0071
3929,0.0972,0.1042,0.9751
3930,0.0635,-0.1379,1.0474
3931,0.0161,-0.0747,0.9565
3932,0.0723,-0.0393,0.9065
3933,0.0005,-0.1018,1.0149
3934,-0.0190,-0.0520,0.9329
3935,0.0291,0.0801,0.8853
3936,-0.0547,0.0088,1.0188
3937,-0.0239,0.0791,0.9290
3938,-0.0500,0.0305,0.9302
3939,-0.1184,0.0503,1.0356
3940,-0.0247,0.0630,0.9907
3941,0.0593,0.0583,0.9807
3942,0.1194,-0.0349,1.0481
3943,0.1851,-0.0840,0.9622
3944,0.1799,-0.1108,0.9543
3945,0.1077,-0.0669,0.9761
3946,-0.0227,0.0601,0.8950
3947,-0.1072,0.0237,0.9641
3948,-0.1216,0.0588,0.9419
3949,-0.1147,0.0620,0.9026
3950,-0.0542,-0.0132,1.0051
3951,0.0100,-0.0305,0.9399
3952,-0.0176,-0.0017,0.9358
3953,-0.0061,-0.0999,1.0754
3954,0.0442,0.0000,0.9905
3955,0.0671,0.0161,0.9817
3956,0.1062,-0.0449,1.0454
3957,0.1150,-0.0667,0.9758
3958,0.0977,0.1135,0.9106
3959,-0.0190,0.0442,1.0286
3960,-0.0762,0.0669,0.9543
3961,-0.0916,0.1433,0.8501
3962,-0.1709,-0.1147,1.0156
3963,-0.0884,-0.0627,0.8840
3964,0.0542,-0.0754,0.8811
3965,-0.7400,-0.0835,1.1118
3966,-1.9978,-0.1528,1.1819
3967,-1.9980,-0.0322,1.3257
3968,-1.9978,-0.2078,1.6204
3969,-1.9980,0.4265,1.0264
3970,-1.9978,0.1091,0.9485
3971,-1.9980,-0.3071,0.7671
3972,1.0684,-0.1484,0.3069
3973,1.9998,0.2585,0.1467
3974,1.9998,0.1035,0.4888
3975,1.9998,0.0952,0.1436
3976,1.9998,0.1135,0.9192
3977,1.7546,-0.5813,1.9998
3978,-1.9978,-0.1826,1.6897
3979,-1.9980,-0.1626,1.9187
3980,-1.9980,0.2942,1.7593
3981,-1.9980,0.5818,0.9497
3982,-1.9980,0.2732,0.9995
3983,-0.2976,0.5649,0.4260
3984,0.0361,0.4487,-0.2524
3985,-1.3994,-0.7124,0.0063
3986,-1.9980,-0.8911,-0.1682
3987,-1.9978,-1.0842,0.3347
3988,-1.9973,-1.0132,1.4204
3989,0.5522,-0.5933,1.8726
3990,1.9998,-0.0229,1.9998
3991,1.9998,0.9919,1.9998
3992,1.9998,1.7612,1.9998
3993,1.9998,1.7605,1.2573
3994,0.1438,1.1638,0.0505
3995,-1.8835,0.3179,-0.8833
3996,-1.9978,-0.5774,-1.1470
3997,-1.6458,-1.4116,-0.7341
3998,-0.1318,-1.8970,0.2285
3999,0.8464,-1.9075,1.2415
4000,0.3501,-1.4341,1.9998
4001,-1.0364,-0.3521,1.9998
4002,-1.9978,1.0005,1.9998
4003,-1.9978,1.9534,1.9998
4004,-1.9978,1.9983,1.7473
4005,-0.5112,1.7749,0.6780
4006,1.7415,0.7888,-0.6804
4007,1.9998,-0.5630,-1.5593
4008,1.9998,-1.7939,-1.4888
4009,1.9998,-2.0000,-0.9331
4010,1.2664,-2.0000,0.1550
4011,-1.3723,-1.6997,1.7009
4012,-1.9978,-0.1511,1.9998
4013,-1.9980,1.2507,1.9998
4014,-1.9980,1.9521,1.9998
4015,-1.1636,1.9983,1.9998
4016,0.1965,1.9976,1.7571
4017,0.9604,1.0183,0.4810
4018,1.1121,-0.5500,-0.7827
4019,0.8093,-1.9111,-1.3579
4020,0.5134,-2.0000,-1.3208
4021,0.6199,-2.0000,-0.9585
4022,0.9363,-1.7131,0.3123
4023,1.1716,-0.2305,1.6458
4024,1.0681,1.6809,1.9998
4025,0.1794,1.9980,1.9998
4026,-0.9739,1.9980,1.9998
4027,-1.6409,1.9980,1.9998
4028,-1.9526,0.9614,1.6917
4029,-1.7271,-0.6467,0.4917
4030,-0.7407,-1.9092,-0.5151
4031,0.4976,-2.0000,-0.6741
4032,1.4929,-2.0000,-0.7153
4033,1.8972,-1.6975,-0.2954
4034,1.6646,-0.2896,0.7729
4035,0.9165,1.2556,1.3159
4036,0.1121,1.9983,1.8730
4037,-0.6465,1.9983,1.9998
4038,-0.9778,1.9980,1.9998
4039,-0.9553,1.1677,1.7329
4040,-0.7620,-0.3940,1.1919
4041,-0.5198,-1.7202,0.4810
4042,-0.3113,-2.0000,0.1062
4043,-0.1157,-2.0000,0.0344
4044,0.1160,-1.7717,0.1277
4045,0.3589,-0.5581,0.5513
4046,0.5242,0.8862,1.0217
4047,0.7205,1.9026,1.3674
4048,0.7778,1.9980,1.6108
4049,0.7273,1.9409,1.5920
4050,0.4934,1.0964,1.4067
4051,0.0696,-0.1558,1.1343
4052,-0.4099,-1.3062,0.7544
4053,-0.8452,-1.9570,0.5022
4054,-1.0940,-1.9282,0.5317
4055,-1.0120,-1.2456,0.6440
4056,-0.7202,-0.3018,0.8381
4057,-0.1931,0.6548,1.0920
4058,0.3286,1.2322,1.2583
4059,0.7771,1.4819,1.2825
4060,1.0112,1.1462,1.3101
4061,0.9907,0.5530,1.1021
4062,0.7856,-0.1978,0.8872
4063,0.4260,-0.8618,0.7925
4064,0.0295,-1.0374,0.6204
4065,-0.3684,-0.9614,0.6460
4066,-0.7649,-0.5171,0.7896
4067,-1.0308,0.1157,0.9543
4068,-1.0503,0.6733,1.2180
4069,-0.7827,0.8618,1.2971
4070,-0.1970,0.7954,1.1956
4071,0.4517,0.3101,1.1753
4072,0.9832,-0.1125,1.0110
4073,1.1931,-0.5227,0.8459
4074,0.9204,-0.7476,0.7710
4075,0.4194,-0.6836,0.6567
4076,-0.0752,-0.3618,0.7190
4077,-0.4065,0.0808,0.8696
4078,-0.4917,0.5044,1.0071
4079,-0.4888,0.6567,1.1624
4080,-0.4426,0.7019,1.2759
4081,-0.4143,0.3738,1.3013
4082,-0.3374,0.0366,1.1311
4083,-0.1904,-0.4521,0.9731
4084,0.0845,-0.7261,0.8198
4085,0.4302,-0.6372,0.6655
4086,0.6863,-0.3816,0.7004
4087,0.7126,-0.0127,0.7483
4088,0.4744,0.2871,0.8215
4089,0.1226,0.5159,1.0112
4090,-0.2263,0.5515,1.1821
4091,-0.4592,0.5032,1.1987
4092,-0.5220,0.2417,1.2317
4093,-0.4026,-0.1069,1.2007
4094,-0.1877,-0.3013,0.9956
4095,-0.0032,-0.5295,0.9807
4096,0.1567,-0.5269,0.8403
4097,0.2827,-0.2803,0.6997
4098,0.3406,-0.0959,0.8479
4099,0.3708,0.2671,0.8020
4100,0.2087,0.3589,0.9143
4101,-0.0403,0.3296,1.0120
4102,-0.2905,0.2563,1.0022
4103,-0.4500,0.0532,1.0581
4104,-0.3738,0.0002,1.0444
4105,-0.1108,-0.2073,1.0393
4106,0.2568,-0.1997,0.9966
4107,0.5173,-0.1909,1.0012
4108,0.4888,-0.1494,1.0415
4109,0.2024,0.0381,0.9875
4110,-0.1941,0.1011,1.0217
4111,-0.4224,0.1985,1.0149
4112,-0.4778,0.1880,0.9458
4113,-0.2405,0.1316,0.9058
4114,0.1284,-0.0273,0.8752
4115,0.3486,-0.1179,0.8098
4116,0.3933,-0.0862,0.7893
4117,0.2534,-0.2231,0.9312
4118,0.0259,-0.1482,0.9124
4119,-0.0764,-0.0286,1.0024
4120,-0.1196,-0.0012,1.2004
4121,-0.1201,0.2385,1.1245
4122,-0.1216,0.2463,1.1692
4123,-0.1809,0.1538,1.1714
4124,-0.2473,0.0801,0.9761
4125,-0.1260,0.0195,0.9019
4126,0.0852,-0.1643,0.8616
4127,0.3357,-0.1448,0.6960
4128,0.5027,-0.2180,0.7581
4129,0.4167,-0.2317,0.8606
4130,0.1697,-0.0718,0.8586
4131,-0.1526,0.0093,1.0610
4132,-0.3665,0.2058,1.1226
4133,-0.3928,0.2908,1.1353
4134,-0.2627,0.2825,1.1809
4135,-0.0999,0.1873,1.1040
4136,0.0232,-0.0059,1.0200
4137,0.0803,-0.1392,0.9233
4138,0.1194,-0.2329,0.8608
4139,0.1841,-0.2568,0.8110
4140,0.2666,-0.1880,0.8267
4141,0.3015,-0.0920,0.8821
4142,0.2434,0.0994,0.9253
4143,0.0793,0.1528,1.0100
4144,-0.1438,0.2166,1.0444
4145,-0.3352,0.1460,1.0503
4146,-0.3779,0.1140,1.0627
4147,-0.2837,0.0447,1.0188
4148,-0.0911,-0.0334,0.9683
4149,0.1057,-0.1641,0.9507
4150,0.1584,-0.2688,0.9202
4151,0.1885,-0.2192,0.9155
4152,0.1450,-0.1521,0.9790
4153,0.0977,0.1194,0.9485
4154,0.1450,0.2112,1.0112
4155,0.2244,0.2402,1.0110
4156,0.2078,0.2244,0.9641
4157,0.1296,0.0935,1.0139
4158,-0.0776,0.0103,0.9448
4159,-0.3362,-0.0601,0.9106
4160,-0.4563,-0.1350,0.9644
4161,-0.4263,-0.1045,0.8977
4162,-0.1921,-0.1577,0.9429
4163,0.1365,-0.1340,0.9797
4164,0.3657,-0.0659,0.9673
4165,0.4177,0.0269,1.0442
4166,0.3181,0.1721,1.0247
4167,0.1140,0.1548,1.0256
4168,-0.0376,0.0964,0.9788
4169,-0.0518,-0.0200,0.9292
4170,-0.0071,-0.1472,0.9214
4171,0.0481,-0.0767,0.8784
4172,0.0063,-0.0557,0.9456
4173,-0.1567,0.0366,0.9719
4174,-0.3091,0.1123,0.9829
4175,-0.3118,0.0947,1.0415
4176,-0.1584,0.0710,1.0132
4177,0.1057,0.0203,0.9983
4178,0.3679,0.0186,1.0051
4179,0.4197,0.0068,0.9651
4180,0.2866,-0.0078,0.9302
4181,0.0713,-0.0847,0.9163
4182,-0.1345,-0.1384,0.8977
4183,-0.1733,-0.1421,0.9067
4184,-0.1165,-0.0815,0.9478
4185,-0.0005,0.0115,0.9888
4186,0.0642,0.0903,1.0374
4187,0.0200,0.1316,1.0464
4188,-0.0652,0.1353,1.0530
4189,-0.1106,0.0818,1.0100
4190,-0.0989,0.0332,0.9634
4191,0.0088,-0.0464,0.9351
4192,0.0981,-0.0713,0.9038
4193,0.1292,-0.0676,0.9009
4194,0.1482,-0.0569,0.9192
4195,0.0886,-0.0508,0.9290
4196,0.0471,-0.0227,0.9585
4197,0.0500,0.0356,0.9973
4198,0.0349,0.0867,1.0122
4199,0.0215,0.1074,1.0422
4200,-0.0405,0.0632,1.0247
4201,-0.1204,0.0188,0.9946
4202,-0.1938,-0.0503,0.9807
4203,-0.1646,-0.0667,0.9446
4204,-0.0112,-0.0708,0.9380
4205,0.1167,-0.0547,0.9507
4206,0.2241,-0.0176,0.9292
4207,0.2207,-0.0481,0.9521
4208,0.0947,-0.0125,0.9524
4209,-0.0171,0.0615,0.9517
4210,-0.0776,0.0620,1.0015
4211,-0.0527,0.0674,0.9602
4212,0.0605,0.0728,0.9653
4213,0.0781,-0.0139,1.0266
4214,0.0620,0.0410,0.9612
4215,-0.0349,-0.0366,0.9963
4216,-0.2129,-0.0513,1.0081
4217,-0.2346,-0.0054,0.9351
4218,-0.1470,-0.0559,0.9905
4219,0.0422,-0.0039,0.9534
4220,0.2329,-0.0200,0.9458
4221,0.3328,-0.0146,0.9680
4222,0.2739,0.0386,0.9534
4223,0.1179,0.0300,0.9680
4224,-0.0107,0.0745,0.9604
4225,-0.1255,-0.0020,0.9895
4226,-0.1465,0.0371,0.9524
4227,-0.1003,-0.0259,0.9736
4228,-0.0605,-0.0581,0.9810
4229,-0.0750,-0.0146,0.9563
4230,-0.0791,-0.0310,1.0034
4231,-0.0764,-0.0103,0.9905
4232,-0.0220,-0.0183,0.9534
4233,0.0964,-0.0251,0.9800
4234,0.1836,-0.0129,0.9683
4235,0.2402,0.0747,0.9417
4236,0.1978,0.0608,0.9976
4237,0.0955,0.1011,0.9465
4238,-0.0256,0.0420,0.9644
4239,-0.1301,-0.0352,0.9829
4240,-0.1685,-0.0317,0.9192
4241,-0.1277,-0.0876,0.9709
4242,-0.0579,-0.0186,0.9741
4243,0.0281,0.0349,0.9690
4244,0.0674,-0.0115,1.0327
4245,0.0383,-0.0115,0.9758
4246,0.0271,-0.0364,0.9768
4247,0.0261,-0.0378,1.0093
4248,0.0598,0.0610,0.9377
4249,0.0889,0.0544,0.9780
4250,0.0581,0.0461,0.9478
4251,0.0229,0.0286,0.9165
4252,-0.0303,-0.0479,0.9565
4253,-0.0549,-0.0190,0.9495
4254,-0.0122,-0.0115,0.9631
4255,0.0146,0.0081,0.9983
4256,0.0132,0.0256,0.9927
4257,0.0178,0.0063,0.9927
4258,-0.0635,-0.0073,1.0044
4259,-0.0808,-0.0037,0.9722
4260,-0.0325,-0.0112,0.9634
4261,0.0286,-0.0544,0.9526
4262,0.1306,-0.0007,0.9329
4263,0.1794,-0.0144,0.9495
4264,0.1597,0.0071,0.9634
4265,0.0679,0.0156,0.9634
4266,-0.0720,0.0256,1.0042
4267,-0.1909,0.0432,1.0071
4268,-0.1897,0.0752,0.9927
4269,-0.1213,0.0557,0.9985
4270,0.0188,0.0154,0.9731
4271,0.1582,-0.0317,0.9409
4272,0.1680,-0.1062,0.9299
4273,0.0701,-0.0906,0.9172
4274,-0.0090,-0.0613,0.9272
4275,-0.0833,-0.0176,0.9692
4276,-0.0452,0.0398,0.9780
4277,0.0405,0.0237,1.0139
4278,0.0708,0.0430,1.0090
4279,0.1257,0.0735,0.9973
4280,0.0359,0.0220,1.0354
4281,-0.0352,0.0925,0.9602
4282,-0.0708,0.0139,0.9836
4283,-0.0850,-0.0393,0.9485
4284,-0.0281,-0.0537,0.8882
4285,0.0566,-0.1062,0.9504
4286,0.0776,-0.0276,0.9248
4287,0.0786,0.0293,0.9563
4288,0.0186,0.0396,0.9966
4289,-0.0591,0.0400,0.9673
4290,-0.0911,-0.0024,0.9954
4291,-0.0476,0.0371,0.9932
4292,0.0408,0.0129,1.0051
4293,0.0886,-0.0042,0.9778
4294,0.1157,-0.0210,0.9497
4295,0.0552,-0.0820,0.9680
4296,-0.0010,-0.0144,0.9241
4297,-0.0510,-0.0610,0.9810
4298,-0.0708,0.0027,0.9575
4299,-0.0393,0.0618,0.9583
4300,-0.0032,0.0557,1.0132
4301,0.0391,0.1074,0.9761
4302,0.0581,0.0498,0.9863
4303,0.0640,-0.0286,0.9946
4304,0.0359,-0.0383,0.9094
4305,0.0244,-0.0427,0.9407
4306,-0.0054,-0.0657,0.9722
4307,-0.0208,-0.0039,0.9224
4308,-0.0620,-0.0015,0.9807
4309,-0.0593,0.0271,0.9878
4310,-0.0178,0.0237,0.9807
4311,0.0303,0.0220,1.0054
4312,0.1013,0.0442,1.0071
4313,0.1187,0.0156,0.9985
4314,0.0908,0.0442,0.9348
4315,-0.0286,-0.0413,0.9641
4316,-0.0720,-0.0691,0.9458
4317,-0.1191,-0.0464,0.9126
4318,-0.0803,-0.0388,0.9663
4319,0.0386,-0.0234,0.9626
4320,0.0908,0.0374,0.9280
4321,0.1069,0.0410,1.0071
4322,0.0745,0.0337,1.0208
4323,-0.0359,0.0552,0.9709
4324,-0.0676,0.0439,1.0208
4325,-0.0718,-0.0002,1.0171
4326,-0.0073,0.0483,0.9399
4327,0.0793,-0.0208,0.9731
4328,0.1089,-0.0571,0.9399
4329,0.1079,-0.0063,0.8716
4330,0.0408,-0.0479,0.9653
4331,-0.0459,-0.0234,0.9622
4332,-0.0981,0.0408,0.9341
4333,-0.0986,-0.0203,1.0286
4334,-0.0454,0.0083,0.9680
4335,0.0132,-0.0115,0.9690
4336,0.0647,-0.0371,1.0442
4337,0.0713,0.0005,0.9741
4338,0.0432,0.0288,0.9897
4339,0.0203,0.0356,1.0032
4340,0.0073,0.0264,0.9241
4341,0.0422,0.0098,0.9390
4342,0.0491,-0.0396,0.9585
4343,0.0493,0.0200,0.9104
4344,0.0063,0.0229,0.9524
4345,-0.0745,-0.0073,0.9956
4346,-0.1033,0.0256,0.9604
4347,-0.0835,-0.0005,1.0042
4348,-0.0154,0.0100,1.0054
4349,0.0801,-0.0039,0.9761
4350,0.1279,-0.0264,1.0032
4351,0.1106,0.0054,0.9758
4352,0.0779,0.0088,0.9692
4353,0.0088,0.0234,0.9524
4354,-0.0391,-0.0020,0.9202
4355,-0.0312,-0.0327,0.9338
4356,-0.0320,-0.0710,0.9407
4357,-0.0127,-0.0386,0.9614
4358,-0.0076,-0.0259,0.9749
4359,-0.0452,-0.0022,0.9976
4360,-0.0110,0.0696,0.9944
4361,0.0020,0.0667,1.0063
4362,0.0171,0.0801,1.0044
4363,0.0693,0.0288,0.9907
4364,0.0491,0.0442,0.9692
4365,0.0159,0.0356,0.9651
4366,0.0110,-0.0159,0.9534
4367,-0.0391,-0.0625,0.9175
4368,-0.0002,-0.1133,0.9390
4369,0.0461,-0.1006,0.9458
4370,0.0527,-0.0381,0.9595
4371,0.1111,0.0698,0.9895
4372,0.0427,0.0166,1.0295
4373,-0.0183,0.0754,0.9758
4374,-0.0867,0.0032,1.0142
4375,-0.1462,0.0073,1.0005
4376,-0.1145,0.0757,0.9331
4377,0.0042,0.0076,0.9963
4378,0.1040,0.0107,0.9360
4379,0.1548,-0.0154,0.9028
4380,0.1328,-0.0896,0.9683
4381,0.0515,-0.0293,0.9358
4382,-0.0122,0.0266,0.9407
4383,-0.0513,0.0186,1.0161
4384,-0.0613,0.0103,0.9866
4385,-0.0237,0.0112,0.9819
4386,0.0115,-0.0281,1.0278
4387,-0.0132,0.0168,0.9836
4388,0.0371,0.0728,0.9709
4389,0.0032,-0.0635,1.0188
4390,-0.0051,0.0298,0.9026
4391,-0.0022,-0.0020,0.9543
4392,0.0200,0.0083,0.9807
4393,0.0525,0.0491,0.9065
4394,0.0520,-0.0520,0.9758
4395,0.0488,-0.0432,0.9751
4396,0.0278,-0.0308,0.9507
4397,0.0134,0.0330,1.0005
4398,0.0146,0.0337,1.0142
4399,0.0105,0.0542,0.9702
4400,-0.0012,0.0278,0.9807
4401,-0.0422,-0.0188,0.9761
4402,-0.0867,0.0247,0.9338
4403,-0.0833,-0.0154,0.9634
4404,-0.0244,-0.0225,0.9670
4405,0.0476,-0.0454,0.9409
4406,0.1042,-0.0398,0.9714
4407,0.1147,-0.0547,0.9868
4408,0.0640,0.0190,0.9614
4409,-0.0215,0.0254,0.9973
4410,-0.0212,0.0884,0.9976
4411,0.0137,0.0688,0.9912
4412,0.0391,0.0488,0.9722
4413,0.0889,0.0215,0.9641
4414,0.0371,-0.0437,0.9536
4415,-0.0161,0.0339,0.9351
4416,-0.1074,-0.0688,0.9810
4417,-0.1313,-0.0012,0.9465
4418,-0.0933,-0.0732,0.9663
4419,0.0056,-0.0630,0.9749
4420,0.0913,-0.0422,0.9468
4421,0.1704,0.0112,0.9839
4422,0.1714,0.0598,0.9907
4423,0.1047,0.0850,0.9614
4424,0.0134,0.0383,0.9810
4425,-0.0864,-0.0334,0.9846
4426,-0.1162,0.0374,0.9487
4427,-0.0850,0.0015,0.9963
4428,0.0103,0.0168,0.9729
4429,0.0317,-0.0322,0.9517
4430,0.0659,-0.0127,0.9722
4431,0.0471,-0.0459,0.9827
4432,-0.0103,0.0200,0.9272
4433,-0.0129,0.0322,0.9641
4434,0.0020,-0.0315,0.9846
4435,0.0527,0.0264,0.9380
4436,0.0801,-0.0164,1.0032
4437,0.0549,0.0098,0.9995
4438,-0.0032,0.0244,0.9507
4439,-0.0417,-0.0217,1.0032
4440,-0.0503,-0.0007,0.9731
4441,-0.0015,0.0278,0.9392
4442,0.0417,0.0085,0.9846
4443,0.0679,0.0403,0.9282
4444,0.0479,-0.0420,0.9612
4445,-0.0186,-0.0081,0.9517
4446,-0.0681,-0.0325,0.9641
4447,-0.0564,-0.0142,0.9985
4448,-0.0032,0.0063,0.9653
4449,0.0393,-0.0247,1.0022
4450,0.1001,0.0010,0.9878
4451,0.0886,0.0220,0.9641
4452,0.0593,0.0559,0.9827
4453,0.0227,0.0254,0.9661
4454,-0.0410,0.0400,0.9282
4455,-0.0420,0.0151,0.9719
4456,-0.0212,-0.0100,0.9839
4457,-0.0134,-0.0229,0.9485
4458,0.0078,-0.0408,0.9810
4459,0.0208,-0.0510,0.9902
4460,0.0369,0.0251,0.9573
4461,0.0515,0.0039,0.9905
4462,0.0212,0.0073,0.9592
4463,0.0198,0.0176,0.9517
4464,0.0017,-0.0032,0.9683
4465,-0.0034,0.0237,0.9739
4466,0.0071,-0.0134,0.9849
4467,0.0134,0.0059,0.9556
4468,0.0168,-0.0332,0.9868
4469,0.0405,-0.0010,0.9583
4470,0.0491,0.0422,0.9448
4471,0.0281,0.0010,0.9946
4472,0.0044,0.0229,0.9351
4473,-0.0251,-0.0078,0.9534
4474,-0.0632,-0.0239,0.9937
4475,-0.0481,0.0342,0.9534
4476,0.0059,-0.0037,0.9807
4477,0.0525,-0.0244,1.0168
4478,0.0850,0.0437,0.9595
4479,0.0784,0.0286,0.9858
4480,0.0293,-0.0227,0.9973
4481,0.0122,0.0347,0.9136
4482,-0.0154,0.0188,0.9741
4483,-0.0359,-0.0356,0.9944
4484,0.0054,-0.0149,0.8889
4485,-0.0205,-0.1042,0.9690
4486,-0.0039,-0.0364,0.9641
4487,0.0281,-0.0156,0.9622
4488,0.0291,0.0474,1.0129
4489,0.0339,0.0488,0.9985
4490,0.0405,0.0315,0.9846
4491,-0.0027,0.0544,0.9719
4492,0.0088,0.0271,0.9788
4493,0.0007,-0.0037,0.9758
4494,-0.0012,0.0630,0.9221
4495,0.0061,-0.0237,0.9817
4496,-0.0063,-0.0593,0.9465
4497,0.0115,-0.0315,0.9331
4498,0.0225,-0.0491,1.0129
4499,0.0557,0.0405,0.9438
4500,0.0820,0.0051,0.9878
4501,0.0476,0.0234,1.0029
4502,0.0161,0.0569,0.9490
4503,-0.0342,-0.0623,1.0110
4504,-0.1138,-0.0244,0.9602
4505,-0.0681,-0.0271,0.9622
4506,-0.0535,-0.0249,0.9917
4507,0.0063,0.0293,0.9377
4508,0.1458,0.0129,0.9624
4509,0.1509,-0.0039,0.9722
4510,0.0996,0.0684,0.9309
4511,0.0398,0.0193,1.0024
4512,-0.0366,0.0664,0.9583
4513,-0.0715,0.0117,0.9641
4514,-0.0630,-0.0630,1.0161
4515,-0.0259,-0.0293,0.9419
4516,0.0347,-0.0613,0.9788
4517,0.0339,-0.0312,0.9856
4518,0.0349,0.0247,0.9409
4519,0.0208,0.0457,0.9907
4520,0.0229,0.0554,0.9634
4521,0.0127,0.0178,0.9514
4522,0.0220,-0.0032,0.9797
4523,0.0142,0.0134,0.9651
4524,-0.0310,-0.0305,0.9849
4525,-0.0122,-0.0188,0.9563
4526,-0.0020,-0.0605,0.9661
4527,0.0312,-0.0286,0.9800
4528,0.0608,0.0366,0.9719
4529,0.0698,0.0701,0.9719
4530,0.0181,0.0332,0.9878
4531,-0.0325,0.0266,0.9497
4532,-0.0588,-0.0117,0.9692
4533,-0.0737,-0.0481,0.9797
4534,-0.0068,-0.0071,0.9351
4535,0.0562,-0.0337,1.0063
4536,0.0801,0.0161,0.9702
4537,0.1045,0.0229,0.9543
4538,0.0527,-0.0483,0.9954
4539,-0.0056,0.0347,0.9409
4540,-0.0154,0.0415,0.9846
4541,-0.0283,0.0408,0.9966
4542,-0.0137,0.0498,0.9446
4543,0.0129,-0.0344,0.9741
4544,0.0342,-0.0188,0.9661
4545,0.0056,-0.0439,0.9614
4546,-0.0239,-0.0037,0.9761
4547,-0.0522,-0.0261,0.9612
4548,-0.0303,-0.0239,0.9692
4549,0.0215,-0.0083,0.9817
4550,0.0537,0.0203,0.9868
4551,0.0820,0.0410,0.9709
4552,0.0984,0.0635,0.9778
4553,0.0369,0.0623,0.9731
4554,0.0068,0.0212,0.9788
4555,-0.0337,-0.0627,0.9524
4556,-0.0581,-0.0598,0.9338
4557,-0.0254,-0.0225,0.9651
4558,-0.0020,-0.0071,0.9673
4559,0.0388,0.0215,0.9543
4560,0.0405,-0.0195,0.9902
4561,0.0400,0.0190,0.9624
4562,0.0251,0.0444,0.9749
4563,-0.0076,-0.0024,1.0132
4564,-0.0203,0.0415,0.9595
4565,-0.0212,0.0054,0.9800
4566,-0.0107,0.0139,0.9849
4567,0.0461,0.0144,0.9436
4568,0.0574,-0.0442,0.9426
4569,0.0225,-0.0608,0.9495
4570,0.0073,-0.0330,0.9321
4571,0.0105,0.0471,0.9624
4572,-0.0066,0.0012,1.0178
4573,0.0098,0.0493,0.9583
4574,0.0115,-0.0244,1.0005
4575,-0.0073,-0.0105,0.9976
4576,-0.0286,0.0256,0.9546
4577,-0.0200,0.0161,1.0022
4578,0.0054,0.0276,0.9585
4579,0.0381,-0.0049,0.9399
4580,0.0579,-0.0522,0.9690
4581,0.0498,-0.0010,0.9292
4582,0.0405,-0.0056,0.9663
4583,0.0276,0.0256,0.9670
4584,0.0134,0.0168,0.9797
4585,0.0164,0.0425,0.9907
4586,-0.0176,0.0493,0.9778
4587,-0.0210,-0.0537,1.0002
4588,-0.0222,0.0127,0.9397
4589,-0.0469,-0.0129,0.9856
4590,-0.0066,0.0322,0.9761
4591,-0.0054,-0.0193,0.9231
4592,0.0144,-0.0696,0.9456
4593,0.0579,-0.0505,0.9768
4594,0.0342,-0.0029,0.9595
4595,0.0737,0.0918,0.9817
4596,0.0437,-0.0459,1.0220
4597,0.0151,0.0481,0.9263
4598,-0.0098,0.0081,1.0081
4599,-0.0305,0.0095,1.0139
4600,-0.0393,0.0813,0.9172
4601,-0.0249,-0.0273,0.9927
4602,0.0051,0.0203,0.9497
4603,0.0386,0.0027,0.9272
4604,0.0691,-0.0303,0.9836
4605,0.0203,-0.0588,0.9495
4606,-0.0139,-0.0068,0.9526
4607,-0.0034,0.0371,0.9985
4608,-0.0005,0.0083,0.9966
4609,0.0386,0.0208,0.9438
4610,0.0481,-0.0376,0.9878
4611,0.0237,-0.0049,0.9751
4612,0.0144,0.0515,0.9556
4613,-0.0305,0.0474,0.9761
4614,-0.0400,0.0342,0.9741
4615,-0.0156,-0.0400,0.9507
4616,-0.0083,-0.0330,0.9456
4617,-0.0137,-0.0708,0.9849
4618,0.0112,-0.0195,0.9565
4619,0.0320,0.0239,0.9729
4620,0.0664,0.0168,1.0120
4621,0.0779,0.0403,0.9604
4622,0.0286,0.0427,0.9690
4623,0.0032,0.0266,1.0090
4624,-0.0510,0.0522,0.9458
4625,-0.0740,0.0115,0.9719
4626,-0.0349,-0.0420,0.9448
4627,0.0413,-0.0723,0.9436
4628,0.0857,-0.0352,0.9580
4629,0.0864,0.0305,0.9663
4630,0.0383,-0.0315,0.9934
4631,-0.0083,0.0378,0.9468
4632,-0.0684,-0.0005,1.0015
4633,-0.0652,0.0190,1.0198
4634,-0.0117,0.0562,0.9429
4635,0.0000,-0.0017,0.9888
4636,0.0537,-0.0146,0.9556
4637,0.0542,-0.0212,0.9319
4638,0.0571,-0.0208,0.9702
4639,0.0461,-0.0020,0.9888
4640,-0.0161,0.0186,0.9319
4641,-0.0381,0.0334,0.9661
4642,-0.0476,-0.0806,1.0210
4643,-0.0305,0.0242,0.9253
4644,0.0447,0.0308,1.0256
4645,0.0808,0.0176,1.0149
4646,0.0510,0.0874,0.9143
4647,0.0166,-0.0261,1.0012
4648,-0.0601,-0.0173,0.9673
4649,-0.0608,0.0049,0.9153
4650,-0.0193,-0.0032,0.9885
4651,0.0376,-0.0310,0.9634
4652,0.1038,-0.0159,0.9116
4653,0.0847,-0.0747,1.0042
4654,0.0308,0.0103,0.9771
4655,-0.0249,0.0684,0.9468
4656,-0.0720,0.0229,1.0220
4657,-0.0359,0.0220,0.9758
4658,-0.0078,0.0125,0.9495
4659,0.0498,-0.0037,1.0044
4660,0.0544,-0.0413,0.9436
4661,0.0415,0.0276,0.9153
4662,0.0032,-0.0620,1.0254
4663,-0.0322,0.0254,0.9319
4664,-0.0486,-0.0010,0.9585
4665,-0.0303,-0.0012,1.0259
4666,-0.0039,0.0542,0.9504
4667,0.0403,0.0574,0.9866
4668,0.0918,0.0156,1.0276
4669,0.0657,0.0088,0.9224
4670,0.0762,-0.0178,0.9553
4671,0.0217,-0.0801,0.9934
4672,-0.0112,0.0063,0.9058
4673,-0.0295,-0.0542,0.9790
4674,-0.0667,-0.0454,0.9751
4675,-0.0601,0.0249,0.9368
4676,0.0088,0.0071,1.0042
4677,0.0278,0.0100,0.9917
4678,0.0391,0.0757,0.9468
4679,0.0579,0.0251,1.0168
4680,0.0239,0.0300,0.9878
4681,-0.0051,0.0361,0.9253
4682,0.0125,-0.0190,0.9946
4683,-0.0217,-0.0676,0.9575
4684,0.0229,0.0366,0.8948
4685,0.0493,-0.0674,1.0269
4686,0.0278,-0.0266,0.9407
4687,0.0063,0.0254,0.9377
4688,-0.0034,-0.0354,1.0640
4689,-0.0410,0.0811,0.9553
4690,-0.0249,0.0420,0.9653
4691,-0.0173,-0.0298,1.0317
4692,0.0261,0.0137,0.9136
4693,0.0806,0.0205,0.9612
4694,0.0356,-0.0391,1.0063
4695,0.0481,0.0085,0.9028
4696,0.0083,-0.0549,0.9614
4697,-0.0352,-0.0205,0.9946
4698,-0.0068,0.0159,0.9565
4699,0.0059,0.0073,0.9771
4700,0.0081,0.0259,0.9946
4701,0.0579,0.0386,0.9663
4702,0.0549,0.0891,0.9692
4703,0.0273,0.0095,1.0012
4704,0.0068,-0.0215,0.9331
4705,-0.0183,-0.0410,0.9358
4706,-0.0459,-0.0757,1.0024
4707,-0.0273,-0.0215,0.9504
4708,-0.0122,0.0015,0.9646
4709,-0.0071,-0.0273,1.0051
4710,0.0383,0.0344,0.9448
4711,0.0305,0.0286,0.9888
4712,0.0647,0.0723,0.9944
4713,0.0620,0.0225,0.9692
4714,0.0452,0.0479,0.9478
4715,0.0320,-0.0391,1.0002
4716,0.0110,-0.0286,0.9338
4717,-0.0122,0.0032,0.9602
4718,-0.0344,-0.0715,1.0042
4719,-0.0562,0.0271,0.9133
4720,-0.0664,-0.0581,0.9729
4721,-0.0100,0.0029,0.9800
4722,0.0322,0.0388,0.9526
4723,0.0862,0.0515,1.0012
4724,0.0952,0.0320,0.9829
4725,0.0557,0.0020,0.9622
4726,0.0266,-0.0012,0.9617
4727,0.0042,-0.0466,0.9866
4728,-0.0166,0.0105,0.9487
4729,0.0049,-0.0007,0.9800
4730,-0.0046,-0.0298,0.9749
4731,-0.0322,0.0056,0.9233
4732,-0.0396,-0.0044,0.9888
4733,-0.0281,0.0176,0.9739
4734,0.0093,0.0571,0.9614
4735,0.0342,0.0039,1.0149
4736,0.0813,0.0225,0.9741
4737,0.0718,0.0071,0.9731
4738,0.0457,0.0178,0.9761
4739,0.0237,-0.0227,0.9565
4740,-0.0349,-0.0715,0.9417
4741,-0.0344,-0.0415,0.9341
4742,-0.0083,-0.0410,0.9739
4743,0.0217,0.0244,0.9670
4744,0.0527,0.0586,0.9673
4745,0.0225,-0.0085,0.9963
4746,-0.0093,0.0095,0.9614
4747,-0.0144,0.0239,0.9778
4748,-0.0142,0.0491,1.0093
4749,0.0093,0.0198,0.9790
4750,0.0200,0.0225,0.9321
4751,0.0383,-0.0562,0.9692
4752,0.0471,-0.0295,0.9563
4753,0.0447,0.0283,0.9182
4754,0.0500,-0.0383,1.0229
4755,0.0037,0.0012,0.9419
4756,-0.0479,0.0264,0.9329
4757,-0.0312,-0.0176,1.0471
4758,-0.0432,0.0107,0.9585
4759,0.0354,0.0562,0.9495
4760,0.0691,-0.0642,1.0598
4761,0.0303,0.0276,0.9270
4762,0.0283,0.0601,0.9436
4763,-0.0464,-0.0840,1.0435
4764,-0.0637,0.0317,0.8813
4765,0.0107,-0.0303,0.9624
4766,0.0532,-0.0371,1.0200
4767,0.0859,0.0544,0.9028
4768,0.1091,-0.0032,0.9846
4769,0.0410,-0.0110,1.0081
4770,-0.0054,0.0479,0.9126
4771,-0.0088,0.0117,1.0171
4772,-0.0513,-0.0168,1.0015
4773,-0.0437,0.0347,0.9270
4774,-0.0173,-0.0183,1.0161
4775,-0.0222,-0.0056,0.9534
4776,0.0361,0.0078,0.9270
4777,0.0608,-0.0300,0.9985
4778,0.0452,0.0088,0.9475
4779,0.0557,-0.0081,0.9517
4780,0.0164,-0.0195,0.9924
4781,-0.0420,0.0027,0.9712
4782,0.0015,0.0251,0.9602
4783,-0.0151,-0.0076,1.0112
4784,0.0261,0.0417,0.9592
4785,0.0730,0.0271,0.9758
4786,0.0408,-0.0251,0.9849
4787,0.0342,0.0271,0.9292
4788,-0.0176,-0.0347,0.9624
4789,-0.0537,-0.0198,0.9631
4790,-0.0437,-0.0107,0.9465
4791,-0.0132,-0.0293,0.9868
4792,0.0090,0.0024,0.9749
4793,0.0435,0.0027,0.9692
4794,0.0952,0.0654,0.9817
4795,0.0928,0.0293,0.9934
4796,0.0398,0.0386,0.9641
4797,0.0017,0.0322,0.9622
4798,-0.0564,-0.0386,0.9878
4799,-0.0537,0.0176,0.9243
4800,-0.0364,-0.0430,0.9768
4801,0.0024,-0.0425,0.9651
4802,0.0503,0.0005,0.9292
4803,0.0618,-0.0369,0.9966
4804,0.0591,0.0151,0.9858
4805,0.0142,-0.0056,0.9756
4806,-0.0149,0.0476,0.9917
4807,-0.0327,-0.0076,0.9963
4808,-0.0452,0.0608,0.9407
4809,-0.0039,0.0229,0.9897
4810,0.0469,-0.0386,0.9839
4811,0.0657,0.0339,0.9009
4812,0.0828,-0.0400,0.9927
4813,0.0378,-0.0144,0.9641
4814,0.0137,0.0364,0.9185
4815,-0.0364,-0.0330,1.0210
4816,-0.0461,-0.0027,0.9573
4817,-0.0059,-0.0037,0.9612
4818,0.0229,0.0071,1.0278
4819,0.0640,0.0566,0.9739
4820,0.0620,0.0486,0.9575
4821,-0.0225,-0.0122,0.9800
4822,-0.0452,-0.0327,0.9417
4823,-0.0747,-0.0730,0.9446
4824,-0.0486,-0.0151,0.9731
4825,0.0747,0.0042,0.9641
4826,0.1003,0.0066,0.9700
4827,0.1348,0.0378,0.9680
4828,0.0632,-0.0139,0.9983
4829,-0.0562,0.0513,0.9624
4830,-0.0542,0.0347,1.0032
4831,-0.1040,0.0156,0.9846
4832,-0.0627,0.0286,0.9468
4833,0.0620,-0.0571,0.9934
4834,0.0581,-0.0327,0.9290
4835,0.1133,0.0156,0.9282
4836,0.1047,-0.0806,0.9917
4837,0.0049,0.0071,0.9241
4838,-0.0154,0.0083,0.9888
4839,-0.0886,-0.0002,1.0229
4840,-0.0962,0.0774,0.9526
4841,-0.0110,0.0139,1.0190
4842,0.0439,0.0298,0.9858
4843,0.1257,0.0332,0.9397
4844,0.1482,-0.0088,0.9731
4845,0.0681,-0.0068,0.9341
4846,-0.0134,-0.0425,0.9351
4847,-0.1047,-0.0500,0.9458
4848,-0.1499,-0.0432,0.9739
4849,-0.0891,-0.0129,0.9702
4850,0.0046,0.0071,0.9915
4851,0.0603,-0.0007,1.0198
4852,0.1335,0.0862,0.9875
4853,0.1079,0.0427,1.0132
4854,0.0566,0.0662,0.9690
4855,-0.0122,0.0259,0.9497
4856,-0.0188,-0.0156,0.9487
4857,-0.0229,-0.0417,0.9270
4858,-0.0112,-0.0532,0.9360
4859,0.0190,-0.0356,0.9602
4860,0.0188,-0.0432,0.9622
4861,0.0005,0.0005,0.9849
4862,-0.0312,-0.0020,1.0081
4863,-0.0071,0.0522,0.9856
4864,-0.0010,0.0293,0.9963
4865,0.0388,0.0935,0.9739
4866,0.0664,0.0151,0.9780
4867,0.0654,-0.0032,0.9526
4868,0.0291,-0.0188,0.9407
4869,-0.0132,-0.0449,0.9624
4870,-0.0593,-0.0327,0.9338
4871,-0.0613,-0.0452,0.9683
4872,-0.0425,-0.0308,0.9800
4873,0.0012,0.0159,0.9507
4874,0.0457,0.0354,1.0063
4875,0.1013,0.0771,0.9878
4876,0.1274,0.0850,0.9771
4877,0.0425,-0.0127,0.9895
4878,-0.0134,0.0225,0.9448
4879,-0.1011,-0.0745,0.9915
4880,-0.0947,0.0015,0.9553
4881,-0.0471,-0.0737,0.9622
4882,0.0325,-0.0540,0.9624
4883,0.0962,0.0012,0.9221
4884,0.1067,-0.0022,1.0032
4885,0.0557,0.0823,0.9595
4886,0.0259,0.1106,0.9622
4887,-0.0266,0.0200,1.0334
4888,-0.0322,0.0525,0.9456
4889,-0.0344,-0.0166,0.9663
4890,-0.0315,-0.0833,0.9963
4891,0.0085,-0.0303,0.9097
4892,0.0222,-0.0339,0.9563
4893,0.0361,-0.0359,0.9905
4894,0.0266,-0.0144,0.9348
4895,0.0059,0.0310,0.9595
4896,-0.0115,-0.0234,1.0354
4897,0.0012,0.0618,0.9480
4898,-0.0261,0.0676,0.9875
4899,0.0115,0.0190,1.0308
4900,0.0569,0.0300,0.9282
4901,0.0552,-0.0134,0.9692
4902,0.0547,-0.0212,0.9846
4903,0.0237,-0.0193,0.9436
4904,0.0034,0.0254,0.9407
4905,-0.0310,-0.0183,0.9937
4906,-0.0493,-0.0144,0.9321
4907,-0.0376,-0.0269,0.9614
4908,-0.0239,-0.0537,1.0002
4909,0.0029,0.0342,0.9497
4910,0.0310,0.0239,1.0103
4911,0.0693,0.0483,0.9963
4912,0.0742,0.0083,0.9673
4913,0.0530,0.0083,0.9631
4914,0.0139,0.0037,0.9739
4915,-0.0132,0.0291,0.9417
4916,-0.0374,0.0291,0.9407
4917,-0.0300,-0.0586,0.9712
4918,-0.0193,-0.0498,0.9380
4919,-0.0203,-0.0393,0.9602
4920,0.0244,-0.0176,0.9973
4921,0.0244,0.0105,0.9829
4922,0.0276,0.0732,0.9868
4923,0.0576,0.0615,1.0200
4924,0.0269,0.0513,0.9758
4925,0.0156,0.0342,0.9524
4926,0.0073,-0.0457,0.9644
4927,-0.0391,-0.0391,0.9458
4928,-0.0005,-0.0098,0.9380
4929,-0.0061,-0.0615,0.9729
4930,0.0132,-0.0154,0.9360
4931,0.0623,-0.0266,0.9570
4932,0.0310,0.0085,0.9829
4933,0.0569,0.0637,0.9778
4934,-0.0002,0.0312,1.0093
4935,-0.0430,0.0869,0.9670
4936,-0.0483,-0.0327,1.0120
4937,-0.0371,-0.0271,0.9495
4938,-0.0034,-0.0205,0.9468
4939,0.0415,-0.0381,0.9917
4940,0.0552,0.0505,0.9175
4941,0.0718,0.0007,0.9683
4942,0.0249,-0.0400,0.9885
4943,0.0061,0.0234,0.9270
4944,-0.0015,-0.0027,1.0083
4945,-0.0317,0.0627,0.9751
4946,0.0017,0.0457,0.9651
4947,-0.0015,-0.0554,1.0090
4948,0.0088,-0.0063,0.9487
4949,0.0352,-0.0391,0.9849
4950,0.0125,0.0000,0.9729
4951,0.0195,0.0215,0.9409
4952,0.0173,-0.0459,0.9788
4953,-0.0220,0.0010,0.9573
4954,-0.0049,0.0303,0.9565
4955,0.0168,0.0032,1.0015
4956,0.0046,0.0403,0.9473
4957,0.0444,0.0176,0.9670
4958,0.0464,-0.0283,0.9888
4959,0.0493,0.0225,0.9341
4960,0.0212,-0.0305,0.9761
4961,-0.0239,-0.0112,0.9731
4962,-0.0408,0.0164,0.9563
4963,-0.0266,0.0310,0.9761
4964,-0.0342,-0.0361,1.0024
4965,0.0254,0.0413,0.9351
4966,0.0425,-0.0183,0.9937
4967,0.0422,0.0178,0.9944
4968,0.0466,0.0532,0.9329
4969,0.0337,-0.0188,1.0015
4970,-0.0022,-0.0205,0.9517
4971,-0.0198,-0.0291,0.9309
4972,0.0071,-0.0112,0.9897
4973,0.0105,-0.0205,0.9849
4974,0.0344,0.0701,0.9380
4975,0.0249,-0.0039,1.0100
4976,0.0076,0.0129,0.9614
4977,-0.0024,0.0007,0.9380
4978,-0.0452,-0.0396,1.0161
4979,-0.0251,0.0527,0.9468
4980,0.0237,0.0039,0.9651
4981,0.0322,-0.0425,0.9829
4982,0.0698,-0.0298,0.9253
4983,0.0720,-0.0288,0.9771
4984,0.0151,0.0217,0.9885
4985,0.0146,0.0828,0.9543
4986,-0.0369,0.0154,0.9961
4987,-0.0347,0.0344,0.9836
4988,-0.0176,-0.0156,0.9634
4989,-0.0178,-0.0002,0.9634
4990,0.0210,-0.0222,0.9849
4991,0.0283,-0.0166,0.9517
Rate 1607, overflows 0
