Sample,X,Y,Z
0,0.1104,-0.0100,1.1555
1,0.1863,-0.0208,1.1194
2,0.2112,0.0203,1.0308
3,0.0815,0.0400,0.9700
4,-0.0557,-0.0374,0.9075
5,-0.2029,-0.0625,0.8762
6,-0.2476,-0.0676,0.8267
7,-0.1687,-0.0410,0.8196
8,-0.0503,-0.0195,0.8450
9,0.1130,0.0391,0.9102
10,0.1873,0.0684,0.9749
11,0.1125,0.1035,1.0845
12,0.0513,0.0652,1.1174
13,-0.0449,-0.0139,1.1323
14,-0.0957,-0.0630,1.1008
15,-0.0105,-0.1233,1.0298
16,0.0149,-0.1560,0.9819
17,0.0667,-0.0947,0.9194
18,0.0925,-0.0054,0.8674
19,-0.0176,0.0659,0.8547
20,-0.0894,0.1414,0.8528
21,-0.1443,0.1362,0.8792
22,-0.1787,0.1306,0.9495
23,-0.1047,0.0332,0.9663
24,0.0029,-0.0186,1.0620
25,0.1216,-0.0483,1.0842
26,0.1875,-0.1418,1.0676
27,0.1687,-0.1001,1.0754
28,0.0845,-0.1187,0.9944
29,-0.0820,-0.0212,0.9563
30,-0.1785,-0.0088,0.8997
31,-0.2371,0.0349,0.9016
32,-0.1702,0.0889,0.8740
33,-0.0842,0.0747,0.8813
34,0.0688,0.0818,0.9583
35,0.1287,-0.0400,0.9663
36,0.0828,-0.0476,1.0415
37,0.0461,-0.1077,1.0649
38,-0.0723,-0.0828,1.0461
39,-0.1052,-0.0168,1.0256
40,-0.0349,0.0286,0.9771
41,-0.0193,0.0549,0.9446
42,0.0381,0.0715,0.8918
43,0.0435,0.1042,0.8704
44,-0.0674,0.0525,0.8833
45,-0.0632,-0.0132,0.9143
46,-0.0972,-0.0393,0.9819
47,-0.1055,0.0164,0.9778
48,-0.0225,-0.0459,1.0071
49,-0.0562,-0.1255,1.0640
50,-0.0137,-0.1152,1.0354
51,0.0273,-0.0273,1.0364
52,0.0237,0.0513,0.9954
53,0.0952,0.0317,0.9250
54,0.0649,0.0129,0.9185
55,0.0029,0.0249,0.8650
56,-0.0579,0.0188,0.8274
57,-0.2053,0.0063,0.9075
58,-0.1790,-0.1042,0.9321
59,-0.1641,-0.0920,1.0063
60,-0.0425,0.0991,1.0103
61,0.0986,0.0483,0.9846
62,0.1843,-0.0066,1.0649
63,0.1592,-0.0510,1.0151
64,0.0696,0.0784,1.0286
65,-0.0413,0.0266,0.9712
66,-0.1360,-0.0493,0.9360
67,-0.1746,-0.0261,0.9270
68,-0.1140,-0.0173,0.8674
69,-0.0806,-0.0361,0.8716
70,-0.0071,0.0068,0.9058
71,0.0908,0.0188,0.9299
72,0.0632,-0.0276,0.9661
73,0.0493,0.0781,0.9946
74,-0.0205,0.0149,0.9888
75,-0.1301,-0.0310,1.0227
76,-0.1614,-0.0432,1.0200
77,-0.0715,-0.0393,1.0549
78,0.0085,-0.0708,1.0149
79,0.0759,-0.0669,0.9739
80,0.1470,0.0217,0.9612
81,0.0164,-0.0161,0.8687
82,-0.0984,0.0781,0.8733
83,-0.1284,0.0271,0.8462
84,-0.2019,0.0505,0.9221
85,-0.1050,0.0625,0.9319
86,0.0085,0.0046,0.9927
87,0.0540,0.0085,1.0415
88,0.0942,-0.0557,1.0188
89,0.0583,-0.0422,1.0940
90,-0.0134,-0.1250,1.0354
91,-0.0361,-0.0396,1.0093
92,-0.0852,0.0337,0.9673
93,-0.0544,0.0488,0.9009
94,-0.0647,0.0200,0.8901
95,-0.0376,0.0767,0.8979
96,-0.0093,0.0725,0.9055
97,0.0054,-0.0164,0.9233
98,0.0312,-0.0303,0.9807
99,-0.0356,-0.1143,0.9875
100,-0.0349,-0.1030,1.0344
101,-0.1125,-0.0952,1.0471
102,0.3276,-0.0049,1.1409
103,1.9978,0.1670,1.3215
104,1.9980,0.4355,1.2388
105,1.9980,1.2222,1.0981
106,1.9980,1.5171,0.8765
107,1.9980,1.2300,0.5024
108,1.9980,0.2349,0.4849
109,-1.9998,-1.5735,0.8987
110,-1.9998,-1.9983,1.5002
111,-1.9998,-1.9980,1.4956
112,-1.9998,0.6956,1.3489
113,-1.9998,1.9824,0.7424
114,0.0872,1.9998,0.5842
115,1.9980,1.2798,0.3835
116,1.9978,0.5686,0.3557
117,1.9980,0.7280,0.5806
118,1.9980,0.2209,0.9380
119,-1.3467,-1.1548,1.3391
120,-1.9998,-1.9980,1.5034
121,-1.9998,-1.9983,1.8713
122,-1.9998,-1.9983,1.4368
123,0.2192,-1.3201,1.7241
124,1.9980,0.4937,1.3169
125,1.9980,1.8113,0.6694
126,1.9980,1.9998,0.5679
127,1.8940,1.9998,-0.2339
128,-0.5796,1.2456,-0.1257
129,-1.8521,-0.1614,0.1099
130,-0.9089,-0.8794,0.6448
131,0.4690,-0.7566,1.5718
132,1.3784,-1.0952,1.9512
133,0.6799,-1.0525,1.9998
134,-1.1248,-0.6304,1.9998
135,-1.9998,0.1519,1.5815
136,-1.9714,0.7805,0.9270
137,-0.5081,0.6611,0.3293
138,1.5410,0.1545,0.1250
139,1.9980,-0.1589,0.1089
140,1.8843,-0.3369,0.1902
141,-0.1289,-0.5491,0.3218
142,-1.9998,-0.3655,0.5325
143,-1.9998,0.0369,0.9084
144,-1.9998,0.4023,1.2856
145,-1.5193,0.6438,1.5208
146,1.1858,0.7681,1.8677
147,1.9980,0.4771,1.8989
148,1.9978,-0.1006,1.6458
149,1.7131,-0.3125,1.3540
150,-0.2278,-0.6562,0.8264
151,-1.8577,-0.7644,0.5054
152,-1.9998,-0.5271,0.2998
153,-1.4653,-0.1875,0.2056
154,0.0459,0.1504,0.2971
155,1.2759,0.1755,0.4622
156,1.6021,0.4392,0.8284
157,0.9651,0.5190,0.9946
158,0.0737,0.3264,1.3176
159,-0.6089,-0.0022,1.6182
160,-0.6646,-0.3552,1.6987
161,-0.1167,-0.4490,1.7476
162,0.7036,-0.5171,1.4514
163,1.1860,-0.1909,1.1467
164,0.9905,0.2192,0.7144
165,0.3284,0.5220,0.4136
166,-0.5613,0.5481,0.3379
167,-1.2280,0.3599,0.3086
168,-1.3162,0.2822,0.4397
169,-0.8445,-0.0073,0.6135
170,-0.1084,-0.4067,0.9634
171,0.5806,-0.5430,1.2874
172,0.8684,-0.4099,1.5190
173,0.7368,-0.2219,1.6038
174,0.3962,-0.1621,1.5491
175,-0.0024,0.1431,1.3784
176,-0.1709,0.3069,1.0002
177,-0.2007,0.2798,0.7622
178,-0.1724,0.2495,0.5454
179,-0.2629,0.1260,0.4077
180,-0.5339,-0.0107,0.4485
181,-0.8015,-0.1189,0.5823
182,-0.7437,-0.0288,0.7993
183,-0.4229,-0.0430,0.9761
184,0.2954,0.0823,1.2532
185,0.9563,0.0642,1.3901
186,1.2026,-0.0491,1.4827
187,1.0474,-0.1477,1.4290
188,0.4663,-0.2935,1.2815
189,-0.3291,-0.4343,1.0200
190,-0.8904,-0.3735,0.7141
191,-1.0583,-0.0615,0.5237
192,-0.9321,0.0542,0.3843
193,-0.4290,0.2563,0.5093
194,0.0713,0.4241,0.6594
195,0.5273,0.5637,0.8860
196,0.7805,0.5630,1.0845
197,0.7378,0.3516,1.2952
198,0.4473,-0.0496,1.4683
199,0.0488,-0.5295,1.4858
200,-0.2290,-0.6296,1.4458
201,-0.4060,-0.6196,1.1692
202,-0.2830,-0.5679,0.8772
203,-0.0725,-0.3013,0.6067
204,-0.0249,0.2847,0.3901
205,0.0754,0.6995,0.2893
206,-0.0588,0.6516,0.4153
207,-0.1802,0.5977,0.7651
208,-0.0410,0.3313,1.0227
209,0.1423,0.0059,1.3586
210,0.2520,-0.4028,1.5520
211,0.3235,-0.6882,1.5874
212,0.1177,-0.7605,1.4917
213,-0.1306,-0.4976,1.1907
214,-0.3149,-0.1160,0.9331
215,-0.3123,0.2595,0.6477
216,-0.0764,0.5415,0.4155
217,0.1064,0.7368,0.3970
218,0.2705,0.6011,0.4497
219,0.1624,0.2629,0.6763
220,-0.1121,-0.0610,0.9866
221,-0.1675,-0.4265,1.2271
222,-0.2681,-0.6074,1.4133
223,-0.1831,-0.5447,1.4771
224,0.0874,-0.4097,1.3987
225,0.1167,-0.2759,1.2551
226,0.1064,0.1428,1.0510
227,0.1536,0.3945,0.7817
228,0.1433,0.5198,0.6663
229,0.0884,0.5093,0.5269
230,0.1045,0.3159,0.5933
231,-0.0913,-0.0833,0.6917
232,-0.2378,-0.3018,0.8618
233,-0.2827,-0.3044,1.0527
234,-0.1995,-0.3503,1.1421
235,0.0083,-0.1323,1.2532
236,0.2385,0.0396,1.2280
237,0.3496,0.0688,1.1938
238,0.2993,0.1550,1.1057
239,0.1465,0.1851,1.0103
240,-0.0356,0.0137,0.9370
241,-0.0889,-0.1394,0.8811
242,-0.0811,0.0322,0.8237
243,-0.0798,-0.0229,0.7192
244,-0.1062,-0.0962,0.7883
245,-0.1826,0.0098,0.8350
246,-0.1721,0.0991,0.8638
247,0.0437,0.1865,0.9897
248,0.1370,0.1777,1.0532
249,0.2739,0.0867,1.1458
250,0.2415,-0.2087,1.1763
251,0.0010,-0.2515,1.2004
252,-0.2183,-0.2915,1.1653
253,-0.3354,-0.3572,1.0923
254,-0.2241,-0.1455,1.0139
255,-0.0237,0.0212,0.8049
256,0.1309,0.1758,0.7485
257,0.1609,0.2764,0.6577
258,0.0764,0.3013,0.6682
259,-0.0059,0.2888,0.8176
260,-0.0422,0.1548,0.9028
261,0.0466,0.1868,1.1516
262,0.1494,-0.0366,1.1672
263,0.1707,-0.3413,1.2903
264,-0.0190,-0.5295,1.3130
265,-0.1545,-0.4019,1.1809
266,-0.2192,-0.1501,1.0171
267,-0.2075,-0.0425,0.8550
268,-0.0569,0.2139,0.7563
269,0.0830,0.3958,0.6184
270,0.1226,0.4856,0.6516
271,0.1262,0.3188,0.7261
272,0.0796,0.1106,0.9270
273,0.1079,-0.1094,1.0818
274,0.1938,-0.3337,1.2017
275,0.1201,-0.4128,1.2700
276,0.0923,-0.3682,1.2454
277,-0.1411,-0.2964,1.1526
278,-0.3513,-0.0420,1.0559
279,-0.3540,0.1997,0.8999
280,-0.2563,0.3159,0.7808
281,-0.0105,0.3159,0.7290
282,0.2358,0.2327,0.7014
283,0.2522,0.1162,0.7847
284,0.1958,-0.0454,0.8486
285,0.0518,-0.1538,1.0325
286,-0.0217,-0.2209,1.1467
287,-0.0432,-0.2175,1.1760
288,-0.0012,-0.0422,1.2083
289,-0.0688,-0.0530,1.0930
290,-0.1472,-0.0308,1.0620
291,-0.1687,0.1074,0.9817
292,-0.1611,0.1240,0.8596
293,0.0100,0.0786,0.8521
294,0.2524,0.0281,0.7786
295,0.2229,-0.0232,0.8003
296,0.0452,-0.0015,0.8303
297,-0.0671,-0.0032,0.8772
298,-0.2310,0.0347,0.9956
299,-0.2104,0.0090,1.0598
300,0.0444,0.0879,1.1646
301,0.1709,0.0110,1.1077
302,0.2314,-0.1191,1.1370
303,0.1033,-0.2146,1.0942
304,-0.0981,-0.1714,0.9985
305,-0.1770,-0.0894,0.9487
306,-0.1572,-0.0342,0.8342
307,-0.0986,0.0381,0.7896
308,-0.0232,0.1528,0.7463
309,-0.0239,0.2546,0.7688
310,-0.0601,0.2593,0.8608
311,-0.0408,0.1223,0.9485
312,0.0076,0.0515,1.0991
313,0.1089,-0.0005,1.1313
314,0.2219,-0.2061,1.2161
315,0.1345,-0.3481,1.1819
316,-0.0217,-0.2471,1.1206
317,-0.1433,-0.1816,1.0090
318,-0.2537,-0.1375,0.8889
319,-0.2471,0.0959,0.8108
320,-0.1418,0.2268,0.7241
321,-0.0715,0.2427,0.7290
322,-0.0688,0.2200,0.7717
323,-0.0122,0.1094,0.8716
324,0.0693,-0.0554,0.9854
325,0.2668,-0.0188,1.1157
326,0.3384,-0.0972,1.1741
327,0.2710,-0.1963,1.2297
328,0.0254,-0.1802,1.1907
329,-0.2310,-0.0332,1.0923
330,-0.4575,-0.0120,0.9429
331,-0.3940,0.0505,0.8857
332,-0.2163,0.1091,0.7971
333,0.0583,0.1357,0.7368
334,0.2629,0.0225,0.7593
335,0.2903,0.0435,0.8208
336,0.1943,-0.0247,0.9055
337,0.1033,-0.1133,1.0210
338,0.0300,-0.0840,1.1135
339,-0.0005,0.0408,1.1392
340,-0.0144,-0.0156,1.1255
341,-0.1360,-0.0918,1.1431
342,-0.2258,-0.0281,1.0569
343,-0.2756,0.0281,0.9553
344,-0.1799,0.0859,0.8862
345,-0.0190,-0.0205,0.8228
346,0.0459,0.0002,0.8362
347,0.0820,0.0266,0.8057
348,0.0591,0.1084,0.8174
349,-0.0671,0.1125,0.8911
350,-0.0393,-0.0251,0.9749
351,0.0703,-0.0195,1.1040
352,0.0374,-0.0564,1.1323
353,0.1011,-0.0525,1.1333
354,0.0054,-0.2139,1.1272
355,-0.1743,-0.1218,1.0923
356,-0.1611,-0.0408,0.9595
357,-0.0957,0.0120,0.9143
358,0.0364,0.1387,0.8521
359,0.1316,0.1489,0.7815
360,0.0435,0.1528,0.8354
361,-0.0791,0.0403,0.8303
362,-0.1443,0.0547,0.9309
363,-0.1187,-0.0303,0.9751
364,0.0862,-0.1504,1.0757
365,0.2651,-0.2058,1.1672
366,0.3093,-0.1580,1.1196
367,0.1956,-0.0654,1.0718
368,-0.0454,-0.0454,1.0073
369,-0.2747,0.0000,0.9712
370,-0.3296,0.2002,0.8979
371,-0.2551,0.2405,0.8440
372,-0.1523,0.1348,0.8723
373,-0.0283,0.0635,0.8462
374,-0.0244,0.0266,0.9006
375,0.0327,-0.0845,0.9573
376,0.1069,-0.1870,1.0120
377,0.2114,-0.1597,1.0881
378,0.2593,-0.1521,1.0901
379,0.1731,-0.0908,1.0737
380,-0.0422,-0.0330,1.0374
381,-0.2764,0.0371,0.9839
382,-0.3833,0.0703,0.9341
383,-0.3201,0.2102,0.9026
384,-0.1399,0.1594,0.8740
385,0.0701,0.0227,0.8979
386,0.1213,-0.0405,0.8921
387,0.0964,0.0139,0.9155
388,0.0706,-0.0991,0.9478
389,0.0779,-0.1455,1.0159
390,0.1274,0.0476,1.0637
391,0.1262,0.0957,1.0405
392,0.0842,-0.0610,1.0610
393,-0.0720,-0.1511,1.0425
394,-0.1992,0.0574,1.0142
395,-0.1372,0.0583,0.9165
396,-0.0981,-0.0105,0.9185
397,-0.0066,0.0500,0.9370
398,0.0986,-0.0417,0.8765
399,0.0173,-0.0420,0.8899
400,-0.0361,-0.0039,0.8813
401,-0.0349,0.0085,0.9338
402,-0.0161,-0.0122,0.9807
403,0.0876,0.0237,1.0696
404,0.1160,0.0100,1.0884
405,0.0496,-0.1287,1.0669
406,-0.0491,-0.0881,1.0688
407,-0.1343,-0.1123,1.0042
408,-0.1375,-0.0496,0.9690
409,-0.0750,0.1072,0.8840
410,0.0515,0.1665,0.8501
411,0.0254,0.1301,0.8215
412,-0.0681,0.1392,0.8538
413,-0.0984,0.1289,0.8938
414,-0.1375,-0.0593,0.9495
415,-0.0146,-0.0361,1.0649
416,0.1086,-0.1082,1.0679
417,0.1716,-0.1733,1.1340
418,0.0715,-0.1843,1.0698
419,-0.0691,-0.0435,1.0588
420,-0.1973,-0.0481,0.9546
421,-0.1765,-0.0181,0.9055
422,-0.0615,0.1721,0.9036
423,0.0698,0.1479,0.8208
424,0.0815,0.0835,0.8499
425,0.0239,-0.0261,0.8938
426,-0.0845,0.0178,0.9390
427,-0.0312,-0.0010,0.9583
428,0.0400,-0.0574,1.0435
429,0.1829,-0.0200,1.1255
430,0.2200,-0.1116,1.0669
431,0.0781,-0.1052,1.0864
432,-0.1497,-0.1030,1.0266
433,-0.2761,-0.0156,0.9719
434,-0.2727,0.0181,0.8989
435,-0.0981,0.0750,0.8748
436,0.0486,0.0972,0.8774
437,0.1550,0.0393,0.8364
438,0.1060,0.0466,0.9016
439,-0.0618,0.0710,0.9075
440,-0.0840,0.0010,0.9543
441,-0.0779,0.0159,1.0520
442,-0.0012,0.0059,1.0588
443,0.0947,-0.1030,1.0803
444,0.0732,-0.1313,1.0823
445,-0.0193,-0.0923,1.0532
446,-0.0352,-0.0520,0.9692
447,-0.0444,-0.0708,0.9319
448,-0.1169,0.0063,0.8972
449,-0.0723,0.1023,0.8518
450,-0.0886,0.0525,0.8430
451,-0.1619,0.0513,0.8938
452,0.0139,0.0828,0.9368
453,0.0706,0.0007,0.9771
454,0.2136,0.0100,1.0659
455,0.2280,-0.1079,1.0374
456,0.0696,-0.0808,1.1128
457,-0.1182,-0.0906,1.0220
458,-0.2810,-0.0103,1.0051
459,-0.2378,0.1038,0.9800
460,-0.0352,-0.0068,0.8618
461,0.1621,0.1499,0.9331
462,0.2769,0.0715,0.7981
463,0.1936,-0.0183,0.9045
464,-0.0659,-0.0725,0.9341
465,-0.1897,-0.0576,0.9534
466,-0.1433,-0.0476,1.0295
467,-0.0388,-0.1384,1.0256
468,0.1204,0.0144,1.0894
469,0.1941,-0.0044,1.0237
470,-0.0720,0.0193,1.0188
471,-0.1821,0.0627,0.9644
472,-0.2615,0.0229,0.9485
473,-0.2131,0.1646,0.9604
474,0.0669,-0.0332,0.8479
475,0.2708,-0.0217,0.9712
476,0.2673,-0.0725,0.8870
477,0.2048,-0.0615,0.9309
478,0.0398,-0.0413,0.9934
479,-0.0930,-0.0388,0.9741
480,-0.1714,-0.0347,1.0278
481,-0.1726,-0.0747,1.0295
482,-0.1619,-0.0598,1.0393
483,-0.1663,-0.0308,1.0200
484,-0.0854,0.0010,0.9888
485,-0.0027,-0.0203,0.9749
486,0.1301,0.1272,0.9399
487,0.1919,0.1438,0.8542
488,0.1313,0.1062,0.8987
489,0.0107,0.0144,0.8892
490,-0.0569,0.0686,0.9448
491,-0.0518,-0.0039,0.9546
492,0.0496,-0.0496,1.0061
493,0.1069,-0.0298,1.0396
494,0.1152,-0.1685,1.0266
495,-0.1047,-0.1748,1.0815
496,-0.2500,-0.0659,1.0151
497,-0.2744,-0.0393,0.9839
498,-0.1194,-0.0159,0.9624
499,0.1841,0.0454,0.8882
500,0.3901,0.1672,0.8909
501,0.3289,0.0850,0.8755
502,0.1584,0.0461,0.9126
503,-0.1699,0.0737,0.9634
504,-0.3120,-0.0054,0.9858
505,-0.2156,-0.0613,1.0149
506,-0.0769,-0.0957,1.0598
507,0.1467,-0.0574,1.0444
508,0.1416,-0.1296,1.0317
509,0.0520,-0.0171,1.0005
510,-0.0239,-0.0007,0.9290
511,-0.1433,0.0066,0.9241
512,-0.0591,0.0791,0.8823
513,-0.0178,0.0581,0.8745
514,0.0383,0.0312,0.9211
515,0.0513,-0.0696,0.9124
516,-0.0090,0.0415,1.0178
517,0.1074,-0.0078,1.0093
518,0.0852,-0.0173,1.0171
519,-0.0242,0.0603,1.0481
520,-0.0325,-0.0657,0.9878
521,-0.2107,-0.0542,0.9944
522,-0.2690,0.0928,0.9438
523,-0.1316,0.0208,0.9214
524,0.0920,-0.0439,0.9700
525,0.2874,0.0115,0.8960
526,0.3306,0.0862,0.9377
527,0.2747,-0.1294,0.9243
528,0.0425,-0.1646,0.9749
529,-0.1240,0.0564,1.0081
530,-0.1301,-0.0049,0.9446
531,-0.0723,-0.0066,1.0520
532,-0.0007,0.0205,1.0171
533,0.0532,-0.0066,0.9885
534,-0.0894,-0.0608,1.0034
535,-0.1633,-0.0332,0.9634
536,-0.1433,0.0266,0.9553
537,-0.0356,-0.0029,0.8933
538,0.1130,0.0544,0.9192
539,0.1587,0.0952,0.9106
540,0.1592,0.0088,0.9087
541,-0.0625,0.0398,0.9644
542,-0.1418,0.0181,0.9827
543,-0.0469,-0.1313,1.0190
544,0.0405,-0.0679,1.0500
545,0.1721,0.0039,1.0178
546,0.1445,-0.1360,1.0083
547,-0.0837,-0.1165,1.0122
548,-0.2642,0.0149,0.9438
549,-0.3149,0.0117,0.8950
550,-0.2046,0.0989,0.9094
551,-0.0251,0.1257,0.8579
552,0.1609,0.0684,0.8940
553,0.2266,0.0291,0.9280
554,0.1482,0.0657,0.9739
555,0.1799,-0.0137,1.0276
556,0.1760,-0.1711,1.0454
557,0.1492,-0.0354,1.0972
558,0.1501,-0.0068,0.9946
559,-0.0088,-0.1406,1.0259
560,-0.2495,-0.0725,0.9963
561,-0.3767,-0.0156,0.9202
562,-0.3728,0.0476,0.9143
563,-0.2341,0.0691,0.8469
564,0.0229,0.1650,0.8948
565,0.2151,0.0503,0.8752
566,0.2629,-0.0283,0.9292
567,0.2327,-0.0005,1.0063
568,0.2041,-0.0317,0.9983
569,0.1604,-0.0300,1.0396
570,0.1018,0.0269,1.0347
571,0.0146,0.0046,1.0513
572,-0.1963,-0.0730,0.9907
573,-0.3760,-0.0840,0.9819
574,-0.4548,-0.0999,0.9602
575,-0.3320,-0.0540,0.9270
576,-0.0720,0.0171,0.8850
577,0.1841,0.0088,0.8938
578,0.3730,0.0425,0.9087
579,0.2808,0.0916,0.9202
580,0.1379,0.1621,0.9556
581,0.0288,0.0491,0.9819
582,-0.0596,0.0662,1.0613
583,-0.0298,-0.0286,1.0422
584,-0.0557,-0.1548,1.0706
585,-0.0994,-0.1816,1.0657
586,-0.2263,-0.1919,0.9915
587,-0.2617,-0.0515,0.9702
588,-0.1379,0.0063,0.8853
589,0.0508,0.0515,0.8499
590,0.2646,0.1882,0.8586
591,0.3479,0.2117,0.8394
592,0.1880,0.0547,0.8977
593,-0.0054,-0.0093,1.0103
594,-0.0891,0.0000,1.0481
595,-0.0681,-0.1265,1.0708
596,0.0286,-0.1248,1.1362
597,0.1455,-0.1726,1.0491
598,-0.0710,-0.1438,1.0364
599,-0.2668,0.0186,1.0044
600,-0.3525,0.0151,0.8743
601,-0.2769,0.2026,0.8091
602,-0.0825,0.2046,0.8159
603,0.1787,0.1416,0.8782
604,0.2688,-0.0676,0.9565
605,0.1892,-0.0671,0.9536
606,0.0955,-0.0254,1.0054
607,0.0005,-0.1270,1.0776
608,-0.0610,-0.1216,1.1145
609,-0.0042,-0.1030,1.0493
610,-0.0142,-0.0232,1.0405
611,-0.0579,0.0498,0.9973
612,-0.1675,0.0076,0.9263
613,-0.2314,0.0283,0.9358
614,-0.1550,0.0476,0.8816
615,-0.0537,0.0981,0.8774
616,0.0608,0.0701,0.8606
617,0.1489,0.0071,0.8940
618,0.0703,-0.0383,0.9741
619,0.0359,0.0349,1.0044
620,0.0869,-0.0339,1.0012
621,0.1646,0.0039,1.1038
622,0.2114,0.0059,1.0461
623,0.1829,-0.0527,1.0474
624,-0.0496,-0.0996,1.0129
625,-0.2986,-0.1047,0.9670
626,-0.3220,-0.0339,0.9514
627,-0.2847,-0.0122,0.8735
628,-0.1062,0.1545,0.8967
629,0.0850,0.0894,0.8403
630,0.0972,-0.0034,0.9250
631,0.0063,0.0547,0.9351
632,0.0229,0.0520,0.9299
633,-0.0046,0.0208,1.0569
634,0.1833,-0.0283,1.0608
635,0.2620,-0.0664,1.1001
636,0.1921,-0.0830,1.0813
637,0.0044,-0.1570,1.0044
638,-0.2932,-0.1074,1.0100
639,-0.4255,-0.1326,0.9182
640,-0.3562,-0.0139,0.9143
641,-0.1553,0.1675,0.8560
642,0.0784,0.1726,0.8254
643,0.2322,0.0862,0.8899
644,0.1929,0.0142,0.9075
645,0.1211,0.1287,1.0168
646,0.0461,0.0120,1.0142
647,0.0784,-0.1018,1.0757
648,0.0725,-0.0876,1.1497
649,0.0996,-0.1362,1.0354
650,-0.0674,-0.1746,1.0298
651,-0.1770,0.0088,1.0090
652,-0.2771,-0.0295,0.8547
653,-0.2505,0.0627,0.8843
654,-0.0923,0.1404,0.8374
655,0.0425,0.1951,0.8557
656,0.0430,0.0662,0.8608
657,0.0100,-0.0127,0.9536
658,-0.0342,-0.0291,1.0161
659,0.0342,-0.1331,1.0601
660,0.2131,-0.0938,1.1440
661,0.3323,-0.0923,1.0942
662,0.3003,-0.0601,1.0481
663,0.0903,-0.0488,1.0034
664,-0.1897,0.0603,0.9417
665,-0.4204,0.0156,0.8589
666,-0.4158,0.1116,0.8987
667,-0.3113,0.0828,0.8215
668,-0.1445,0.1062,0.8997
669,0.0588,0.0337,0.8882
670,0.1082,-0.1309,0.9302
671,0.1292,-0.0352,1.0637
672,0.2446,-0.0342,0.9797
673,0.3391,-0.0063,1.0981
674,0.2654,-0.0239,1.0891
675,0.1514,-0.0271,1.0266
676,-0.1960,-0.0308,1.0051
677,-0.4939,-0.0591,0.9543
678,-0.5718,-0.0667,0.9360
679,-0.4067,-0.0178,0.9263
680,-0.0457,0.1389,0.8831
681,0.2434,0.1064,0.8364
682,0.3928,0.1360,0.8911
683,0.2905,0.0850,0.8708
684,0.1282,0.0786,0.9661
685,0.0720,-0.0461,1.0132
686,0.0308,-0.0532,1.0962
687,0.0208,-0.0828,1.1196
688,0.0320,-0.2297,1.0813
689,-0.1223,-0.2261,1.0559
690,-0.3044,-0.1265,0.9644
691,-0.2507,0.0149,0.9290
692,-0.2388,0.0071,0.8706
693,-0.0967,0.2241,0.9019
694,0.1104,0.2058,0.8064
695,0.1460,0.1003,0.8169
696,0.1184,0.1067,0.9368
697,0.1125,0.0110,0.9434
698,0.0557,-0.0715,1.0676
699,0.0664,-0.1194,1.1431
700,0.0288,-0.1526,1.1479
701,-0.0698,-0.1570,1.0942
702,-0.2065,-0.1267,0.9856
703,-0.2898,-0.0266,0.9563
704,-0.2354,-0.0110,0.8716
705,-0.0991,0.1982,0.8677
706,0.0879,0.2073,0.8440
707,0.2002,0.0422,0.8479
708,0.1841,0.0376,0.9094
709,0.0317,-0.0100,0.9165
710,-0.0730,-0.0332,0.9985
711,-0.0569,-0.1584,1.0610
712,0.0288,-0.0366,1.1340
713,0.0718,-0.0254,1.0881
714,0.1030,-0.0723,1.0347
715,-0.0190,-0.0510,0.9983
716,-0.1345,0.0176,0.9543
717,-0.0913,0.0493,0.8774
718,-0.0518,0.0591,0.8821
719,0.0142,0.1462,0.8804
720,0.0801,0.0393,0.8333
721,-0.0544,0.0283,0.9028
722,-0.0913,0.0046,0.9341
723,-0.0007,-0.0486,0.9829
724,0.0469,-0.0801,1.0737
725,0.1631,-0.0129,1.1147
726,0.2234,-0.0757,1.0864
727,0.0813,-0.1560,1.0454
728,-0.0635,-0.0093,1.0181
729,-0.1597,0.0200,0.9250
730,-0.2175,-0.0386,0.9153
731,-0.2034,0.0952,0.9094
732,-0.0415,0.1963,0.8411
733,-0.0479,0.0803,0.8235
734,-0.1101,0.0295,0.9114
735,-0.0879,0.0066,0.9504
736,-0.0566,-0.0823,0.9946
737,0.0364,-0.0417,1.0764
738,0.2217,-0.1738,1.0813
739,0.2329,-0.1934,1.1428
740,0.1228,-0.0657,1.0132
741,-0.0847,0.0327,1.0000
742,-0.2593,-0.0049,0.9536
743,-0.2625,-0.0034,0.9143
744,-0.0991,0.1802,0.9243
745,0.0549,0.1582,0.8030
746,0.1406,0.1011,0.8577
747,0.0820,0.0154,0.9016
748,-0.0020,-0.0173,0.9331
749,-0.0222,-0.0112,1.0042
750,0.0925,-0.0076,1.0815
751,0.1707,-0.1099,1.1099
752,0.1682,-0.1460,1.0923
753,0.0366,-0.1375,1.0474
754,-0.1206,-0.0869,1.0093
755,-0.2036,-0.0161,0.9321
756,-0.1763,0.0435,0.9224
757,-0.0884,0.0818,0.8716
758,0.0261,0.1106,0.8706
759,0.0742,0.1165,0.8599
760,-0.0491,0.0225,0.8811
761,-0.0386,-0.0015,0.9768
762,0.0376,-0.0061,0.9905
763,0.0845,0.0049,1.0542
764,0.1465,-0.0195,1.1077
765,0.1350,-0.1277,1.0552
766,-0.0874,-0.0852,1.0601
767,-0.2139,-0.0288,0.9780
768,-0.2732,-0.1072,0.9504
769,-0.2021,-0.0186,0.9438
770,-0.0405,0.0698,0.8804
771,0.0435,0.1150,0.8333
772,0.0454,0.0471,0.8606
773,0.0190,0.0439,0.9238
774,0.0281,0.0264,0.9319
775,0.0203,-0.0085,1.0093
776,0.1130,0.0859,1.0735
777,0.1663,-0.1077,1.0522
778,0.1128,-0.1804,1.0854
779,-0.0046,-0.0696,1.0588
780,-0.0942,-0.0208,0.9712
781,-0.1633,-0.0554,0.9448
782,-0.0657,0.0532,0.9565
783,0.0117,0.0664,0.8384
784,0.0427,0.1331,0.8401
785,0.0630,0.1248,0.8647
786,0.0146,-0.0222,0.8892
787,-0.0369,-0.0042,0.9670
788,0.0854,0.0449,1.0315
789,0.1653,-0.0288,1.0569
790,0.0999,-0.0820,1.0901
791,-0.0664,-0.1426,1.0901
792,-0.2954,-0.1602,1.0366
793,-0.3823,-0.0752,0.9897
794,-0.2397,0.0059,0.9370
795,0.0134,0.0574,0.8958
796,0.2388,0.1228,0.8782
797,0.3503,0.1477,0.8420
798,0.2434,0.1021,0.8569
799,0.0242,0.0444,0.8909
800,-0.0325,0.0010,0.9722
801,-0.0994,-0.0913,1.0403
802,-0.1138,-0.1438,1.0774
803,-0.0830,-0.1543,1.1125
804,-0.1577,-0.1484,1.0610
805,-0.1887,-0.1116,1.0229
806,-0.1226,0.0342,0.9712
807,0.0212,0.1399,0.9036
808,0.2004,0.1809,0.8723
809,0.2959,0.1621,0.8635
810,0.1755,0.0261,0.8843
811,0.0125,-0.0254,0.9019
812,-0.1741,-0.0413,0.9302
813,-0.1772,-0.0664,0.9995
814,-0.0842,-0.1572,1.0422
815,-0.0173,-0.0491,1.0920
816,0.1611,0.0059,1.0232
817,0.0818,-0.0942,1.0063
818,0.0210,0.0381,0.9937
819,-0.0552,0.0139,0.9224
820,-0.0908,0.0205,0.9136
821,-0.0117,0.0198,0.9253
822,0.0906,0.0579,0.9172
823,0.0820,-0.0129,0.8801
824,0.0239,0.0076,0.9407
825,-0.0752,0.0535,0.9661
826,-0.0608,0.0186,0.9485
827,0.0183,0.0188,1.0188
828,0.0833,0.0068,1.0393
829,0.1221,-0.0862,1.0247
830,-0.0691,-0.1833,1.0122
831,-0.1277,-0.0579,1.0247
832,-0.1782,-0.1082,0.9390
833,-0.1501,-0.0095,0.9487
834,-0.0088,0.1057,0.9026
835,0.0750,0.1018,0.8801
836,0.0513,0.0620,0.8638
837,0.0422,0.0967,0.9146
838,0.0435,0.0906,0.9417
839,0.0942,0.0315,0.9885
840,0.1931,-0.0129,1.0540
841,0.2087,-0.1074,1.0815
842,0.0415,-0.1782,1.0564
843,-0.1401,-0.1182,1.0383
844,-0.3503,-0.0471,1.0100
845,-0.3083,-0.0425,0.9133
846,-0.0679,0.0398,0.9165
847,0.1047,0.1868,0.8694
848,0.3091,0.0864,0.8264
849,0.2422,-0.0437,0.8931
850,0.0720,0.0271,0.9514
851,-0.0796,-0.0281,0.9106
852,-0.0793,0.0159,1.0325
853,-0.0388,-0.0886,1.0793
854,0.0239,-0.0757,1.0962
855,0.0002,-0.0898,1.0803
856,-0.0664,-0.0884,1.0247
857,-0.1780,-0.0334,0.9849
858,-0.1509,0.0867,0.9019
859,-0.0906,0.0613,0.8870
860,0.0413,0.1118,0.8821
861,0.1692,0.0427,0.8528
862,0.1626,0.0554,0.8918
863,0.0806,-0.0022,0.9165
864,0.0183,-0.0942,0.9946
865,-0.0017,-0.0715,1.0474
866,0.0103,0.0010,1.0461
867,0.0020,-0.0205,1.0618
868,-0.0098,-0.0764,1.0513
869,-0.1470,-0.0732,1.0210
870,-0.1907,0.0115,0.9565
871,-0.1399,-0.0146,0.9270
872,-0.0613,0.0598,0.9270
873,0.0796,0.0833,0.8879
874,0.1497,0.0339,0.8755
875,0.0718,0.0188,0.9104
876,0.0339,-0.0452,0.9426
877,0.0220,0.0212,0.9966
878,0.0837,-0.0073,0.9868
879,0.1599,0.0012,1.0474
880,0.1497,-0.0063,1.0474
881,0.0601,-0.0818,1.0063
882,-0.1677,-0.0745,0.9946
883,-0.3267,-0.0266,1.0005
884,-0.2778,-0.1348,0.9331
885,-0.1328,-0.0066,0.9456
886,0.0427,0.1570,0.9087
887,0.1519,0.0552,0.8625
888,0.1184,0.0381,0.9243
889,0.0989,0.0645,0.9517
890,0.1160,0.0120,0.9487
891,0.1147,0.0391,1.0288
892,0.1313,-0.0481,1.0610
893,0.1128,-0.1694,1.0627
894,-0.1543,-0.1504,1.0454
895,-0.3093,-0.0195,0.9817
896,-0.4304,-0.0452,0.9290
897,-0.4155,0.0203,0.9253
898,-0.1721,0.0493,0.9028
899,0.0642,0.2263,0.8901
900,0.2749,0.0725,0.8352
901,0.3618,0.0176,0.9553
902,0.2415,0.0608,0.9692
903,0.2219,-0.0808,0.9673
904,0.1028,0.0227,1.0991
905,-0.0122,0.0103,1.0637
906,-0.0527,-0.1880,1.0500
907,-0.2319,-0.1704,1.0854
908,-0.2610,-0.0574,1.0083
909,-0.2720,-0.0828,0.8804
910,-0.1890,-0.0049,0.9067
911,0.0388,0.1138,0.8794
912,0.1145,0.1582,0.8252
913,0.1914,0.1953,0.8667
914,0.1643,-0.0120,0.8833
915,0.1223,0.0300,1.0210
916,0.2310,-0.0513,0.9895
917,0.2214,-0.0239,1.0923
918,0.1279,-0.0173,1.1528
919,0.0203,-0.2336,1.0715
920,-0.2693,-0.1506,1.0774
921,-0.4812,-0.0554,0.9622
922,-0.4558,0.0037,0.8853
923,-0.3054,0.1125,0.8655
924,-0.0054,0.0881,0.8499
925,0.2803,0.1179,0.8647
926,0.3010,0.0896,0.8511
927,0.2615,0.0479,0.9312
928,0.0784,-0.0227,0.9810
929,-0.0498,-0.0745,1.0396
930,-0.0688,-0.0840,1.0698
931,-0.0146,-0.0615,1.1067
932,-0.0193,-0.0710,1.0725
933,-0.1067,-0.0334,1.0413
934,-0.1787,-0.0464,0.9976
935,-0.2468,-0.0542,0.9290
936,-0.1375,0.1038,0.9185
937,0.0110,0.0847,0.8110
938,0.1604,0.0442,0.8235
939,0.1614,0.0649,0.8901
940,0.1379,0.0520,0.8853
941,0.0378,0.0151,0.9751
942,-0.0068,0.0239,1.0569
943,0.0825,-0.1213,1.0393
944,0.1536,-0.1436,1.1243
945,0.1235,-0.0354,1.0745
946,-0.0425,-0.1213,0.9905
947,-0.2749,-0.0383,1.0190
948,-0.3037,-0.0432,0.9165
949,-0.2344,0.1279,0.8779
950,-0.0906,0.1948,0.8374
951,0.0562,0.0713,0.8469
952,0.1318,0.0879,0.9019
953,0.0359,0.0574,0.8958
954,-0.0029,-0.0081,0.9924
955,0.0249,-0.0916,1.0835
956,0.1260,-0.0906,1.1245
957,0.1145,-0.1472,1.1011
958,0.0913,-0.1230,1.0862
959,-0.0820,-0.1528,1.0100
960,-0.2957,-0.0100,0.9370
961,-0.2712,0.0999,0.8840
962,-0.2212,0.0811,0.8130
963,-0.1113,0.1956,0.8674
964,0.0483,0.0713,0.8540
965,0.0671,0.0662,0.8813
966,0.0063,-0.0510,0.9214
967,0.0112,-0.0674,1.0266
968,0.0557,-0.0576,1.0774
969,0.1609,0.0132,1.1323
970,0.2312,-0.0347,1.0942
971,0.1379,-0.1067,1.0962
972,-0.0168,-0.0349,1.0200
973,-0.2146,-0.0242,0.8928
974,-0.2791,0.0120,0.9084
975,-0.2056,0.0144,0.8530
976,-0.1436,0.0483,0.8433
977,0.0317,0.0764,0.8411
978,0.0747,-0.0593,0.8657
979,0.0300,0.0454,0.9592
980,0.0359,-0.0544,0.9585
981,0.1477,-0.0154,1.0989
982,0.2258,0.0034,1.1099
983,0.2739,-0.0281,1.1262
984,0.1436,-0.0103,1.0833
985,-0.0317,-0.0867,0.9902
986,-0.2732,-0.0413,0.9778
987,-0.3391,0.0486,0.8928
988,-0.2935,0.0193,0.8267
989,-0.1816,0.0344,0.8755
990,0.0051,0.0044,0.8499
991,-0.0249,0.0649,0.8472
992,0.0000,0.1243,0.8940
993,0.0664,-0.0610,0.9602
994,0.2031,0.0579,1.0891
995,0.2910,0.0173,1.0725
996,0.2163,-0.0461,1.1489
997,0.0737,-0.1389,1.1106
998,-0.2268,-0.1655,1.0510
999,-0.4197,-0.0081,0.9651
1000,-0.3530,-0.1245,0.8813
1001,-0.1851,0.0793,0.9163
1002,0.0828,0.1567,0.7932
1003,0.2324,0.1357,0.8042
1004,0.1406,0.0715,0.8452
1005,0.0349,-0.0710,0.9243
1006,-0.0474,0.0256,0.9878
1007,-0.0342,-0.0469,1.0286
1008,0.0793,-0.0759,1.1907
1009,0.1687,-0.1653,1.1360
1010,0.1719,-0.1526,1.0952
1011,-0.0125,-0.0349,1.0376
1012,-0.1562,0.0652,0.9202
1013,-0.2417,0.0791,0.8813
1014,-0.2417,0.1865,0.8647
1015,-0.1716,0.1294,0.8315
1016,-0.0259,0.0286,0.8606
1017,0.0144,-0.0020,0.8833
1018,0.0664,-0.0386,0.9338
1019,0.1814,-0.0442,0.9985
1020,0.2925,-0.0903,1.0403
1021,0.2607,-0.0156,1.1313
1022,0.1875,-0.0039,1.1096
1023,-0.0305,-0.0483,1.0295
1024,-0.3328,-0.0615,0.9949
1025,-0.3618,-0.0100,0.9517
1026,-0.2947,-0.0535,0.8684
1027,-0.1018,0.0715,0.8853
1028,0.0854,0.0442,0.8977
1029,0.1506,-0.0215,0.8706
1030,0.0208,0.0056,0.8960
1031,-0.0054,0.1406,0.9272
1032,-0.0303,-0.0200,0.9331
1033,0.0120,0.0259,1.0718
1034,0.1594,0.0347,1.0952
1035,0.1306,-0.0498,1.0862
1036,0.0164,-0.0547,1.0659
1037,-0.1299,-0.1509,1.0669
1038,-0.2419,-0.1011,0.9553
1039,-0.1807,-0.0676,0.8845
1040,-0.0386,0.0679,0.8921
1041,0.0864,0.0876,0.8206
1042,0.1985,0.0334,0.8286
1043,0.0984,0.0681,0.8979
1044,0.0154,0.1143,0.8853
1045,-0.0010,0.0376,0.9614
1046,-0.0461,0.0581,1.0823
1047,0.0371,0.0020,1.1145
1048,-0.0137,-0.1926,1.1235
1049,-0.0801,-0.1709,1.1252
1050,-0.0720,-0.1228,1.0425
1051,-0.0583,-0.0339,0.9385
1052,0.0474,0.0464,0.8918
1053,0.1414,0.1208,0.8726
1054,0.0813,0.1670,0.8147
1055,-0.0139,-0.0029,0.7993
1056,-0.1812,0.0142,0.8989
1057,-0.2717,0.0273,0.9360
1058,-0.1479,-0.0259,0.9475
1059,0.0134,-0.0229,1.1011
1060,0.1731,-0.0808,1.1138
1061,0.2021,-0.2256,1.1099
1062,0.0688,-0.0864,1.0950
1063,-0.0552,-0.0063,1.0159
1064,-0.1343,0.0488,0.9204
1065,-0.2085,0.1211,0.9058
1066,-0.0837,0.1677,0.8958
1067,0.0068,0.0671,0.8013
1068,0.0110,-0.0181,0.8723
1069,-0.0156,0.0273,0.9309
1070,-0.0298,-0.0432,0.9194
1071,-0.0073,-0.0979,0.9897
1072,0.1436,-0.0044,1.0920
1073,0.2134,-0.0569,1.0540
1074,0.1929,-0.0991,1.0208
1075,0.0151,-0.0247,1.0981
1076,-0.1648,-0.0300,0.9807
1077,-0.2378,-0.0508,0.9487
1078,-0.1392,0.0657,0.9478
1079,-0.0095,0.0437,0.9241
1080,0.0640,0.0691,0.8345
1081,-0.0552,0.0156,0.8823
1082,-0.1111,0.1064,0.9241
1083,-0.1038,0.0110,0.8765
1084,0.0105,0.0227,1.0276
1085,0.1897,-0.0115,1.0327
1086,0.2808,-0.0891,1.0754
1087,0.2473,-0.1331,1.0728
1088,0.0288,-0.2107,1.0806
1089,-0.1873,-0.0427,1.0073
1090,-0.2573,-0.1143,0.9045
1091,-0.2278,0.1150,0.9663
1092,-0.0823,0.1567,0.8188
1093,0.1506,0.1382,0.8481
1094,0.0918,0.1450,0.8921
1095,0.0657,0.1223,0.8865
1096,0.0388,-0.0198,0.9224
1097,-0.0334,-0.0242,1.0503
1098,0.0105,-0.0374,1.0725
1099,0.0569,-0.2068,1.0698
1100,0.0266,-0.1108,1.1262
1101,0.0090,-0.1250,1.0278
1102,0.0149,-0.0681,1.0015
1103,0.0193,0.0139,0.9272
1104,0.0159,0.0588,0.8931
1105,-0.0852,0.0564,0.8704
1106,-0.1357,0.0474,0.8474
1107,-0.1589,0.0354,0.8716
1108,-0.1113,0.0081,0.9097
1109,0.0820,0.0129,0.9634
1110,0.2434,0.0762,1.0181
1111,0.2112,0.1245,1.0386
1112,0.1206,0.0132,1.0823
1113,-0.1101,-0.2017,1.0667
1114,-0.3311,-0.0950,1.0676
1115,-0.2617,-0.0496,0.9556
1116,-0.1211,-0.0601,0.9729
1117,0.0793,-0.0283,0.9370
1118,0.2612,0.0312,0.8782
1119,0.2251,0.0444,0.8489
1120,0.0752,0.0747,0.8647
1121,-0.0344,0.0793,0.9016
1122,-0.1274,0.0391,0.9241
1123,-0.1050,0.0303,0.9968
1124,-0.0586,-0.0027,1.0747
1125,-0.0283,-0.1389,1.0569
1126,-0.0540,-0.2175,1.0852
1127,-0.0862,-0.1121,1.0737
1128,-0.0383,-0.0334,0.9846
1129,0.0239,0.0427,0.9299
1130,0.1228,0.1343,0.9458
1131,0.2119,0.1199,0.8511
1132,0.1211,0.0798,0.8479
1133,-0.0461,0.1306,0.8987
1134,-0.0745,0.0251,0.8928
1135,-0.0872,-0.0784,0.9456
1136,0.0095,-0.0015,1.0374
1137,0.1099,-0.0925,1.0347
1138,-0.0029,-0.1826,1.0510
1139,-0.1287,-0.1091,1.0884
1140,-0.1675,-0.0530,0.9680
1141,-0.2104,-0.0312,0.9771
1142,0.0261,0.0723,0.9817
1143,0.2043,0.0830,0.8843
1144,0.2207,0.1575,0.9065
1145,0.1855,0.1235,0.8870
1146,-0.0466,0.0154,0.8928
1147,-0.1934,0.0186,0.9497
1148,-0.1348,-0.1353,0.9641
1149,-0.0388,-0.1145,1.0591
1150,0.0530,-0.1025,1.0542
1151,0.1289,-0.1152,1.0269
1152,-0.0320,-0.1416,1.0139
1153,-0.1606,0.0435,0.9866
1154,-0.1565,0.0691,0.8840
1155,-0.0815,0.1206,0.9360
1156,0.0403,0.1016,0.8911
1157,0.1870,0.0974,0.8958
1158,0.1909,0.0737,0.9202
1159,0.0557,0.0081,0.9514
1160,-0.0242,-0.0649,0.9778
1161,-0.0242,-0.1003,1.0132
1162,-0.0505,-0.0244,1.0532
1163,0.0283,-0.0657,1.0071
1164,-0.0471,-0.0972,1.0500
1165,-0.1138,0.0032,1.0190
1166,-0.0793,-0.0469,0.8928
1167,-0.0417,0.0100,0.9407
1168,-0.0022,0.0405,0.9419
1169,0.1016,-0.0227,0.9006
1170,0.1328,-0.0173,0.9019
1171,0.0627,0.0537,0.9497
1172,-0.0203,0.0320,0.9058
1173,-0.0073,0.0557,0.9651
1174,0.0286,0.0657,0.9937
1175,0.0603,0.0486,1.0413
1176,0.0134,-0.0354,1.0610
1177,-0.1157,-0.1565,1.0503
1178,-0.2341,-0.1018,1.0525
1179,-0.2288,-0.1528,0.9221
1180,-0.1482,-0.0356,0.9631
1181,0.0417,0.0591,0.8931
1182,0.2234,0.0876,0.8560
1183,0.2180,0.1643,0.8735
1184,0.1270,0.0752,0.8772
1185,0.0112,0.0698,0.9302
1186,-0.0491,-0.0349,0.9556
1187,-0.0217,-0.0522,1.0305
1188,-0.0208,-0.0544,1.0747
1189,0.0000,-0.1809,1.1099
1190,-0.1006,-0.1887,1.0757
1191,-0.2607,-0.0432,1.0200
1192,-0.2415,0.0505,0.9399
1193,-0.1882,0.0327,0.9250
1194,0.0503,0.1477,0.9211
1195,0.2346,0.1101,0.8313
1196,0.2490,0.1799,0.8665
1197,0.1897,0.0056,0.9067
1198,0.0872,-0.0498,0.9712
1199,0.0171,-0.0784,0.9680
1200,0.0498,-0.1335,1.0559
1201,0.1057,-0.1421,1.0862
1202,0.0413,-0.1538,1.0669
1203,-0.1016,-0.0381,1.0012
1204,-0.2087,-0.0056,0.9475
1205,-0.2534,0.1270,0.9263
1206,-0.2146,0.1917,0.8723
1207,0.0027,0.1147,0.8628
1208,0.0793,0.0532,0.9253
1209,0.1230,0.0798,0.9719
1210,0.1040,-0.0525,0.9055
1211,0.0430,-0.1260,1.0247
1212,0.0884,-0.0867,1.0608
1213,0.1040,-0.1292,1.0063
1214,0.1028,0.0383,1.0513
1215,-0.0134,-0.0261,1.0217
1216,-0.2786,-0.0581,0.9993
1217,-0.4575,0.0049,0.9468
1218,-0.3931,0.0164,0.8882
1219,-0.2041,-0.0635,0.8733
1220,0.1438,0.0469,0.9458
1221,0.3879,0.0020,0.9048
1222,0.3713,0.0039,0.9065
1223,0.2385,0.0952,0.9731
1224,0.0100,0.0981,0.9722
1225,-0.1294,0.0476,1.0132
1226,-0.1023,0.0166,1.0471
1227,-0.0693,0.0059,1.0833
1228,-0.0273,-0.1091,1.0415
1229,-0.0366,-0.1404,1.0005
1230,-0.1196,-0.0530,0.9846
1231,-0.1138,-0.0649,0.8987
1232,-0.1230,-0.0154,0.8892
1233,-0.1262,0.0818,0.8765
1234,0.0068,0.0183,0.8479
1235,0.0254,0.0481,0.9006
1236,0.1555,0.1521,0.9077
1237,0.1931,0.0310,0.9446
1238,0.2573,0.0229,1.0728
1239,0.2209,-0.0605,1.0942
1240,0.0496,-0.0864,1.1362
1241,-0.1873,-0.1958,1.0881
1242,-0.3943,-0.1621,1.0784
1243,-0.4929,-0.0669,0.9690
1244,-0.3640,-0.0293,0.8528
1245,-0.1133,0.1294,0.8901
1246,0.2126,0.2517,0.8186
1247,0.3835,0.2058,0.8098
1248,0.3264,0.1157,0.8804
1249,0.2261,-0.0806,0.9377
1250,0.0200,-0.1235,0.9817
1251,-0.0742,-0.0923,1.0728
1252,-0.1077,-0.1750,1.0854
1253,-0.1895,-0.1619,1.1284
1254,-0.1821,-0.1272,1.0981
1255,-0.2847,-0.0134,0.9946
1256,-0.2466,0.1294,0.9106
1257,-0.0815,0.1228,0.8782
1258,0.1570,0.2078,0.8547
1259,0.2864,0.1431,0.8281
1260,0.3013,0.2097,0.8967
1261,0.0872,-0.1077,0.9048
1262,-0.0791,-0.1863,1.0171
1263,-0.1860,-0.1599,1.0415
1264,-0.0750,-0.0881,1.0708
1265,0.0720,-0.0586,1.0803
1266,0.1245,-0.0806,1.0491
1267,0.0962,0.0293,1.0500
1268,-0.0723,0.0486,0.9214
1269,-0.1902,0.0586,0.8938
1270,-0.1685,0.0901,0.8831
1271,-0.1169,0.0210,0.8508
1272,-0.0107,0.0916,0.8987
1273,0.0559,-0.0566,0.9106
1274,0.0215,-0.0476,0.9858
1275,-0.0879,-0.0630,0.9778
1276,-0.0757,-0.0708,1.0200
1277,0.0579,0.0352,1.0591
1278,0.1052,0.0320,1.0588
1279,0.2495,0.0415,1.0588
1280,0.1555,-0.0645,0.9771
1281,-0.0725,0.0042,0.9661
1282,-0.2212,-0.0364,0.9387
1283,-0.3650,-0.0889,0.8967
1284,-0.2847,0.0037,0.8872
1285,-0.0901,0.0361,0.8755
1286,-0.0090,0.0483,0.9094
1287,0.1421,0.0393,0.9084
1288,0.1353,-0.0061,0.9641
1289,0.1741,0.0569,1.0513
1290,0.2817,-0.0129,1.0383
1291,0.3032,-0.0190,1.0999
1292,0.2114,-0.0527,1.0891
1293,-0.0186,-0.1433,1.0229
1294,-0.3188,-0.0845,0.9888
1295,-0.4314,-0.0029,0.9172
1296,-0.4451,0.0171,0.8513
1297,-0.2742,0.0596,0.8528
1298,-0.0557,0.0771,0.8557
1299,0.1326,0.0925,0.8684
1300,0.2075,0.0242,0.8821
1301,0.2681,0.0344,0.9836
1302,0.2202,-0.0552,1.0227
1303,0.2126,-0.0361,1.0923
1304,0.1340,0.0078,1.1567
1305,0.0222,0.0005,1.0962
1306,-0.1685,-0.1877,1.0308
1307,-0.3315,-0.0488,1.0317
1308,-0.3618,-0.0186,0.8735
1309,-0.1958,0.0591,0.8345
1310,-0.0740,0.0798,0.8528
1311,0.0708,0.0632,0.8606
1312,0.1272,0.0083,0.8176
1313,0.0398,0.0005,0.9277
1314,0.0120,-0.0032,0.9653
1315,0.0774,-0.0962,1.0149
1316,0.1531,0.0122,1.1477
1317,0.3491,-0.0408,1.1262
1318,0.2595,-0.0857,1.1067
1319,-0.0171,0.0405,1.0464
1320,-0.2505,-0.0818,0.9004
1321,-0.5078,-0.0261,0.9204
1322,-0.4431,0.1423,0.8909
1323,-0.2307,0.0852,0.8130
1324,-0.0017,0.0425,0.8613
1325,0.2190,-0.0073,0.9146
1326,0.2871,-0.0242,0.8921
1327,0.2664,-0.0183,0.9426
1328,0.2603,-0.0164,1.0374
1329,0.1958,-0.0122,1.1116
1330,0.1243,-0.0115,1.0872
1331,0.0061,0.0212,1.0767
1332,-0.2200,0.0015,1.0288
1333,-0.3979,-0.1814,0.9478
1334,-0.3872,-0.0415,0.9448
1335,-0.2773,0.0322,0.8687
1336,-0.1240,0.0403,0.8665
1337,0.1045,0.0549,0.8999
1338,0.2236,0.0261,0.8423
1339,0.2229,0.0847,0.8928
1340,0.1926,0.0818,0.9331
1341,0.1550,-0.0156,1.0190
1342,0.0732,-0.0286,1.1155
1343,0.0476,-0.0930,1.1528
1344,-0.0408,-0.0894,1.1118
1345,-0.2148,-0.1675,1.0364
1346,-0.2974,-0.1453,1.0024
1347,-0.2566,-0.0999,0.9036
1348,-0.1216,0.1377,0.8794
1349,0.0339,0.1421,0.8081
1350,0.1526,0.1531,0.8599
1351,0.0918,0.0693,0.8271
1352,0.0449,0.1106,0.8674
1353,-0.0286,0.0371,0.9319
1354,0.0330,-0.0369,1.0493
1355,0.0791,-0.0632,1.1431
1356,0.0515,-0.0815,1.1890
1357,0.0503,-0.2019,1.0933
1358,-0.0315,-0.1594,1.0667
1359,-0.0789,-0.0581,0.9631
1360,0.0105,-0.0574,0.8511
1361,-0.0017,0.1206,0.8628
1362,-0.0046,0.1912,0.8208
1363,-0.0068,0.1626,0.8237
1364,-0.1470,0.0156,0.8501
1365,-0.0994,0.0281,0.9143
1366,-0.0718,-0.0234,0.9741
1367,0.0542,0.0103,1.0852
1368,0.2434,-0.1343,1.1255
1369,0.2844,-0.1018,1.1829
1370,0.2222,-0.0796,1.1057
1371,0.0349,-0.1213,0.9946
1372,-0.1685,0.0154,0.9907
1373,-0.2891,0.0044,0.8298
1374,-0.2869,0.0710,0.8606
1375,-0.1868,0.1370,0.8538
1376,-0.1306,0.0222,0.8196
1377,-0.0359,0.0042,0.8411
1378,0.0386,-0.0317,0.9419
1379,0.1318,0.0581,0.9722
1380,0.2112,-0.0564,1.0024
1381,0.2363,0.0305,1.1799
1382,0.1709,-0.0142,1.0913
1383,-0.0210,-0.0349,1.0513
1384,-0.1853,-0.0105,1.0334
1385,-0.2585,-0.0835,0.9924
1386,-0.1868,-0.0723,0.9280
1387,-0.0222,0.0066,0.9250
1388,0.0894,0.1338,0.8215
1389,0.0764,0.0117,0.8352
1390,0.0525,-0.0500,0.8918
1391,-0.0305,0.0525,0.8745
1392,-0.0022,0.0466,0.8948
1393,0.0796,0.0378,1.0813
1394,0.2048,-0.0081,1.0950
1395,0.2295,-0.1143,1.0842
1396,0.0649,-0.0415,1.1379
1397,-0.1179,-0.0471,1.0627
1398,-0.2947,-0.1345,0.9651
1399,-0.2627,-0.0142,0.9497
1400,-0.1414,-0.0198,0.8958
1401,0.0393,0.0986,0.8606
1402,0.1399,0.0471,0.7983
1403,0.0962,0.0593,0.8489
1404,0.0083,0.0383,0.8813
1405,0.0486,0.0647,0.9465
1406,0.0308,0.0332,1.0229
1407,0.0354,-0.0291,1.1223
1408,0.0522,-0.1499,1.1272
1409,0.0286,-0.1394,1.0891
1410,-0.0891,-0.0603,0.9956
1411,-0.1868,-0.0669,0.9885
1412,-0.1953,-0.0586,0.9329
1413,-0.1863,0.0603,0.8989
1414,-0.1648,0.1506,0.8450
1415,-0.0610,0.0776,0.8127
1416,0.0000,0.0950,0.8784
1417,0.1182,0.0901,0.8811
1418,0.2651,0.0559,0.9797
1419,0.2505,0.0667,1.0872
1420,0.1943,-0.1726,1.0835
1421,0.0789,-0.2107,1.1633
1422,-0.1360,-0.1899,1.0891
1423,-0.1750,-0.1589,0.9995
1424,-0.0903,-0.0510,0.9312
1425,-0.0039,0.0171,0.9182
1426,0.1001,0.1699,0.8613
1427,0.1211,0.2183,0.8042
1428,-0.0125,0.1331,0.8152
1429,-0.1987,0.0493,0.8745
1430,-0.1650,0.0181,0.9150
1431,-0.0393,-0.0422,1.0159
1432,0.1646,-0.0122,1.0876
1433,0.2791,-0.1362,1.1128
1434,0.1177,-0.1138,1.1497
1435,-0.1184,-0.0820,1.0471
1436,-0.2898,-0.0437,0.9944
1437,-0.3477,-0.0110,0.9263
1438,-0.1792,-0.0310,0.9458
1439,0.1099,0.0183,0.8960
1440,0.3081,0.0103,0.8342
1441,0.2417,0.1094,0.8562
1442,0.1157,0.0994,0.8625
1443,-0.0432,0.0151,0.9172
1444,-0.1538,0.0808,0.9790
1445,-0.1450,0.0559,1.1008
1446,-0.0242,-0.0513,1.0779
1447,0.0056,-0.1636,1.0464
1448,-0.0161,-0.0542,1.1194
1449,-0.0891,-0.1545,0.9897
1450,-0.0381,-0.1184,0.9788
1451,0.0327,-0.0288,0.9329
1452,0.0674,0.0549,0.9016
1453,0.1428,0.0820,0.7930
1454,0.0674,0.0288,0.8462
1455,-0.0510,0.1582,0.9009
1456,-0.0403,0.0637,0.8628
1457,-0.0100,0.0378,1.0288
1458,0.0291,-0.0073,1.1106
1459,0.1287,-0.0742,1.0493
1460,-0.0007,-0.1343,1.1106
1461,-0.1094,-0.1287,1.1079
1462,-0.0898,-0.0371,0.9924
1463,-0.0696,-0.0920,0.9038
1464,0.0583,0.0945,0.9231
1465,0.0708,0.1116,0.8726
1466,0.1458,0.0554,0.8479
1467,-0.0061,0.0676,0.8635
1468,0.0027,0.0696,0.8706
1469,-0.0085,-0.0308,0.8889
1470,-0.0979,0.0269,1.1086
1471,0.0327,-0.0891,1.0503
1472,-0.0312,-0.1792,1.0686
1473,-0.1350,-0.1140,1.1018
1474,-0.2256,-0.1550,1.0103
1475,-0.2551,-0.0813,1.0071
1476,-0.0146,0.0232,0.9299
1477,0.1641,0.1931,0.8713
1478,0.2781,0.2852,0.8511
1479,0.2476,0.1145,0.8655
1480,0.0691,0.0430,0.8860
1481,-0.1206,-0.0623,0.8589
1482,-0.2830,0.0183,1.0276
1483,-0.1704,-0.0701,1.0386
1484,-0.0366,-0.1306,1.0159
1485,-0.0496,-0.0715,1.1545
1486,0.1333,-0.1272,1.0737
1487,0.0837,-0.0496,0.9292
1488,-0.0684,0.0432,1.0227
1489,0.1245,-0.0796,0.9143
1490,0.0947,0.0164,0.8657
1491,0.1443,0.1992,0.9368
1492,0.1560,-0.0134,0.8655
1493,-0.0591,-0.0244,0.8879
1494,-0.1921,0.0286,0.9387
1495,-0.1506,0.0757,1.0015
1496,-0.0615,0.0559,0.9719
1497,0.1240,0.0938,1.0059
1498,0.0964,-0.0454,1.1106
1499,0.1294,-0.1570,1.0510
1500,-0.0291,-0.1638,0.9941
1501,-0.1143,-0.1206,0.9827
1502,-0.1008,-0.1040,0.9690
1503,-0.1621,0.0278,0.9094
1504,-0.0239,0.0586,0.8743
1505,-0.0129,0.1296,0.8313
1506,-0.1626,0.1487,0.9319
1507,0.0688,-0.0247,0.8997
1508,0.1021,-0.0483,0.9749
1509,0.1228,0.0818,1.0881
1510,0.1221,-0.0198,1.0266
1511,-0.0854,-0.0447,1.0356
1512,-0.3140,-0.1707,1.0972
1513,-0.2498,-0.0969,0.9709
1514,-0.2654,0.0112,0.9534
1515,0.0857,0.0676,0.9741
1516,0.2993,0.1543,0.8196
1517,0.1846,0.0750,0.9280
1518,0.2622,0.0374,0.8743
1519,-0.0427,0.0210,0.8667
1520,-0.0618,-0.0044,0.9209
1521,-0.0496,-0.0730,1.0298
1522,0.0095,-0.0564,1.1311
1523,0.1863,-0.1018,0.9702
1524,0.0017,-0.1245,1.0793
1525,-0.1545,-0.0686,1.1028
1526,-0.3083,-0.1226,0.8889
1527,-0.2283,0.0513,0.9299
1528,-0.1938,0.1528,0.9136
1529,0.0107,0.1509,0.9692
1530,0.3540,0.0034,0.8235
1531,0.2642,0.2178,0.9280
1532,0.2227,0.1165,0.8723
1533,0.0791,-0.0820,0.9282
1534,-0.1104,-0.0950,1.1187
1535,-0.0615,-0.1433,1.0854
1536,-0.0886,-0.0288,1.0139
1537,-0.1626,-0.2043,1.0854
1538,-0.1589,-0.1646,0.9846
1539,-0.3516,-0.0452,0.9644
1540,-0.1362,-0.0737,0.8870
1541,-0.1072,0.1709,0.9036
1542,-0.0352,0.1194,0.9192
1543,0.2756,0.1279,0.7993
1544,0.0571,0.2192,0.9351
1545,0.1023,0.0815,0.9438
1546,0.2097,-0.0071,0.8870
1547,0.0703,-0.0046,1.1682
1548,0.2698,-0.0420,1.0688
1549,0.0781,-0.0918,1.0491
1550,-0.1394,-0.3003,1.1770
1551,-0.1992,-0.1731,0.9524
1552,-0.5476,-0.1187,0.9241
1553,-0.3606,-0.0872,0.9438
1554,-0.0654,0.1584,0.7708
1555,-0.0012,0.2678,0.8860
1556,0.3293,0.0850,0.8872
1557,0.3623,0.1599,0.8635
1558,0.2095,0.0044,0.9719
1559,0.3088,-0.0105,0.9565
1560,0.0400,0.1021,1.0715
1561,0.0020,-0.2351,1.1812
1562,0.0732,-0.1533,1.0679
1563,-0.2466,0.0129,1.1069
1564,-0.3308,-0.2195,1.0012
1565,-0.2888,0.0327,0.8586
1566,-0.4470,0.1055,0.9241
1567,-0.1130,-0.0701,0.8577
1568,0.1943,0.1946,0.7981
1569,0.1760,0.1548,0.8713
1570,0.2271,-0.1255,0.9456
1571,0.1841,-0.0198,0.9338
1572,0.0698,-0.0149,1.0054
1573,0.0151,-0.1128,1.1111
1574,-0.0037,-0.0098,1.0591
1575,-0.1687,-0.0183,1.1450
1576,-0.2656,-0.0608,1.0581
1577,-0.2881,-0.0173,0.9331
1578,-0.0913,0.0928,0.8960
1579,-0.0144,-0.0264,0.9009
1580,0.1145,0.0303,0.9729
1581,0.3325,0.1067,0.7874
1582,0.3167,0.1343,0.7935
1583,-0.0664,-0.0159,1.0002
1584,-0.2046,-0.1248,1.0298
1585,-0.0100,-0.1123,0.9126
1586,0.1924,0.1858,0.9729
1587,0.0547,0.0813,1.2131
1588,0.0327,-0.2100,1.1692
1589,0.0259,-0.2993,1.0110
1590,0.0120,0.0674,0.8735
1591,-0.2305,0.1289,0.9565
1592,-0.4138,-0.2249,0.9827
1593,-0.1965,-0.0864,0.9065
1594,0.1375,0.2009,0.7141
1595,0.2578,0.5327,0.8101
1596,-0.0386,0.0208,0.9985
1597,-0.1497,-0.1816,1.0415
1598,-0.0667,-0.0212,0.9407
1599,0.2693,0.0522,0.9629
1600,0.2900,0.1011,1.1216
1601,-0.0876,-0.4470,1.2769
1602,-0.2749,-0.4875,1.0913
1603,-0.3291,-0.0171,0.9397
1604,-0.1260,0.1152,0.8372
1605,0.0276,0.1614,0.7688
1606,-0.1646,0.1082,1.0015
1607,-0.2046,0.1331,0.8538
1608,-0.0510,0.3638,0.7183
1609,0.1956,0.2427,0.8911
1610,0.4131,-0.0537,0.9041
1611,0.3208,-0.1958,1.1633
1612,0.0581,-0.2290,1.2161
1613,-0.0037,-0.0791,1.1143
1614,0.0232,-0.1863,1.0930
1615,0.0425,-0.1965,1.0171
1616,-0.1377,0.0085,1.0618
1617,-0.3113,-0.0791,0.8601
1618,-0.2732,0.1682,0.8284
1619,-0.0974,0.2200,0.7717
1620,0.0234,0.1765,0.7739
1621,0.0032,0.0435,0.9563
1622,-0.0728,-0.1326,0.8887
1623,0.0413,0.0305,0.9458
1624,0.1741,-0.0007,1.0864
1625,0.3569,-0.1033,1.1711
1626,0.3914,-0.0945,1.0835
1627,0.1106,-0.0686,1.1021
1628,-0.1555,0.0459,1.0764
1629,-0.4224,-0.1416,0.9087
1630,-0.4675,0.0325,0.9651
1631,-0.2898,0.0430,0.8274
1632,-0.0808,0.0527,0.8320
1633,0.0796,0.1370,0.8381
1634,0.1982,0.0042,0.8333
1635,0.1633,-0.0234,0.9302
1636,0.1260,0.0056,0.9683
1637,0.0557,-0.0020,1.0229
1638,0.0610,0.0186,1.1138
1639,0.0432,-0.0498,1.1243
1640,-0.0283,-0.0620,1.1174
1641,-0.1216,-0.0781,1.0298
1642,-0.2114,-0.1406,0.9817
1643,-0.1848,-0.0366,0.9438
1644,-0.0547,0.0366,0.8596
1645,0.0210,0.1899,0.8540
1646,0.1133,0.2026,0.8071
1647,0.0732,0.0032,0.8293
1648,-0.0293,0.0000,0.9211
1649,0.0305,-0.0129,0.9585
1650,0.1174,-0.0369,1.0337
1651,0.2053,-0.1001,1.1284
1652,0.2488,-0.1526,1.1709
1653,0.1064,-0.2019,1.1421
1654,-0.1499,-0.0969,1.0435
1655,-0.3528,-0.0066,0.8850
1656,-0.3787,0.0872,0.8821
1657,-0.2395,0.1992,0.8813
1658,-0.0073,0.2280,0.7808
1659,0.1353,0.1589,0.8401
1660,0.2151,0.1279,0.8823
1661,0.1157,-0.0730,0.8955
1662,0.0698,-0.0693,1.0393
1663,0.0930,-0.2678,1.0610
1664,0.1111,-0.1521,1.1997
1665,0.0513,-0.1099,1.1460
1666,-0.0513,-0.2036,1.0647
1667,-0.2544,0.0007,1.0200
1668,-0.3228,0.0474,0.8745
1669,-0.2234,0.1453,0.8469
1670,-0.1165,0.1318,0.8245
1671,0.0369,0.1475,0.8618
1672,0.1221,0.1460,0.8433
1673,0.1135,-0.0115,0.8528
1674,0.0532,-0.0281,0.9875
1675,0.0642,-0.0566,0.9934
1676,0.1565,-0.0752,1.0811
1677,0.2051,-0.0017,1.1528
1678,0.1135,-0.0994,1.1255
1679,0.0247,-0.0752,1.0864
1680,-0.1155,-0.1418,1.0024
1681,-0.1743,-0.0210,0.9780
1682,-0.1086,0.0129,0.8245
1683,-0.0125,0.0317,0.8608
1684,0.0598,0.0791,0.8687
1685,0.0947,0.0801,0.8228
1686,-0.0310,0.0962,0.8413
1687,-0.0649,0.0305,0.9194
1688,0.0022,0.0659,0.9927
1689,0.0469,0.0339,1.0559
1690,0.1733,-0.0679,1.1370
1691,0.1375,-0.1248,1.1978
1692,0.0190,-0.1465,1.0930
1693,-0.1084,-0.1562,1.0217
1694,-0.2197,-0.0525,0.9712
1695,-0.2085,-0.0312,0.8550
1696,-0.1631,0.0737,0.8433
1697,-0.0876,0.2017,0.8137
1698,-0.0061,0.0967,0.7747
1699,-0.0237,-0.0344,0.8501
1700,0.0391,0.0388,0.9292
1701,0.1414,0.0068,0.9692
1702,0.1145,-0.0068,1.0845
1703,0.1279,-0.1025,1.1643
1704,0.0662,-0.1514,1.1870
1705,-0.1125,-0.1208,1.0779
1706,-0.1326,-0.0525,1.0249
1707,-0.0774,0.0088,0.9429
1708,-0.0049,0.1523,0.8850
1709,0.1392,0.2456,0.8342
1710,0.1042,0.1294,0.8101
1711,-0.0122,0.0300,0.8538
1712,-0.1272,-0.1367,0.8586
1713,-0.1355,-0.0732,0.9690
1714,-0.0278,-0.0745,0.9885
1715,0.1262,-0.1492,1.0767
1716,0.1729,-0.0632,1.1448
1717,0.1526,-0.0718,1.0952
1718,0.0090,0.0193,1.0337
1719,-0.1187,0.0845,0.9907
1720,-0.1597,0.0637,0.9487
1721,-0.0327,0.0090,0.8665
1722,0.0310,0.1006,0.8970
1723,0.0679,0.1777,0.8726
1724,0.0105,-0.1704,0.8372
1725,-0.1433,-0.0996,0.9915
1726,-0.1733,-0.0002,0.9243
1727,-0.0698,-0.0278,0.9380
1728,0.0525,0.0315,1.0864
1729,0.1997,-0.0122,1.0735
1730,0.1626,-0.1147,1.0510
1731,0.0576,-0.0730,1.0444
1732,-0.0845,-0.1082,1.0161
1733,-0.2046,-0.0376,0.9595
1734,-0.1477,0.0105,0.9148
1735,-0.1316,0.0784,0.9065
1736,-0.0696,0.0649,0.8442
1737,0.0203,0.1174,0.8567
1738,-0.0251,0.1560,0.8743
1739,0.0889,0.1157,0.9309
1740,0.1887,-0.0051,1.0083
1741,0.1802,-0.0359,1.1067
1742,0.1948,-0.1143,1.0901
1743,0.0295,-0.2537,1.0640
1744,-0.1470,-0.1580,1.1155
1745,-0.1558,-0.1443,0.9595
1746,-0.1995,-0.1040,0.9270
1747,-0.0518,0.1331,0.9133
1748,0.0830,0.1204,0.8059
1749,0.1067,0.2046,0.8154
1750,0.0605,0.1245,0.8335
1751,0.0337,0.0520,0.9009
1752,0.0259,0.0156,0.9670
1753,0.0977,0.0146,1.0845
1754,0.0381,-0.0227,1.0979
1755,-0.0112,-0.2285,1.1223
1756,-0.1582,-0.1609,1.1392
1757,-0.2632,-0.0486,1.0200
1758,-0.2009,0.0042,0.9407
1759,-0.0120,-0.0007,0.9250
1760,0.1821,0.1306,0.8831
1761,0.2375,0.1787,0.7952
1762,0.1606,0.0657,0.8059
1763,-0.0442,-0.1257,0.8726
1764,-0.1675,-0.0955,0.9526
1765,-0.2004,-0.1372,0.9573
1766,-0.1450,-0.0647,1.1138
1767,-0.0312,0.0383,1.0774
1768,0.0417,-0.0115,1.0610
1769,-0.0413,0.0259,1.0669
1770,-0.0693,0.0100,0.9885
1771,-0.0366,0.0410,0.9536
1772,0.0459,0.0632,0.9329
1773,0.2041,0.0459,0.9360
1774,0.2092,0.0327,0.8862
1775,0.1082,-0.0623,0.8989
1776,-0.0642,-0.0925,0.9194
1777,-0.1445,-0.0300,0.9214
1778,-0.1077,0.0659,0.9243
1779,0.0132,0.0852,1.0122
1780,0.1558,0.0010,1.0256
1781,0.0857,-0.0479,1.0510
1782,-0.0391,-0.0745,1.0540
1783,-0.1343,-0.1580,0.9761
1784,-0.1694,-0.0964,1.0024
1785,-0.0200,-0.0125,0.9507
1786,0.1936,0.0125,0.9087
1787,0.1877,0.1492,0.9312
1788,0.1851,0.1370,0.8752
1789,-0.0422,0.0420,0.8767
1790,-0.2126,0.1458,0.9680
1791,-0.1714,-0.0359,0.9338
1792,-0.1167,-0.1013,1.0229
1793,-0.0493,-0.0957,1.0901
1794,0.0503,-0.1848,1.0552
1795,-0.0237,-0.1736,1.0347
1796,-0.0442,-0.0667,1.0015
1797,-0.0413,-0.0374,0.8909
1798,-0.0398,0.1252,0.9138
1799,0.0781,0.2170,0.8596
1800,0.0610,0.0930,0.8660
1801,0.0251,0.0964,0.9348
1802,0.0190,0.0356,0.9370
1803,-0.0635,0.0381,0.9905
1804,0.0144,-0.0808,1.0266
1805,0.0664,-0.0852,1.1021
1806,0.0022,-0.1001,1.0737
1807,-0.0186,-0.1187,1.0344
1808,-0.1348,-0.0786,1.0149
1809,-0.2004,-0.0024,0.9277
1810,-0.0427,0.0112,0.8713
1811,0.0859,0.0754,0.8821
1812,0.2083,0.1733,0.9048
1813,0.1812,-0.0112,0.8606
1814,0.0764,-0.0864,0.9338
1815,-0.0225,0.0142,0.9858
1816,-0.0752,-0.0693,0.9485
1817,-0.0090,-0.0334,1.0688
1818,0.0815,0.0464,1.0852
1819,0.0391,0.0396,1.0327
1820,-0.0515,-0.0481,1.0288
1821,-0.1562,-0.0752,1.0181
1822,-0.2581,-0.0151,0.9309
1823,-0.1619,0.0237,0.8987
1824,-0.0520,-0.0173,0.9036
1825,0.0593,0.0403,0.9233
1826,0.1433,0.0137,0.8735
1827,0.1392,0.0110,0.9058
1828,0.0127,0.0271,0.9377
1829,-0.0652,-0.0671,0.9761
1830,-0.0867,-0.0642,1.0513
1831,-0.0989,0.0488,1.0679
1832,-0.0835,0.0610,1.0374
1833,-0.0999,-0.1279,1.0405
1834,-0.1045,-0.0876,1.0188
1835,-0.0471,0.0649,0.9260
1836,0.0457,0.0237,0.8958
1837,0.1177,0.0310,0.9202
1838,0.1528,0.0793,0.9221
1839,0.0737,0.0847,0.8831
1840,0.0435,-0.0144,0.9109
1841,-0.0427,-0.0891,0.9854
1842,-0.0107,-0.0701,1.0112
1843,0.1045,-0.0454,1.0139
1844,0.1440,-0.0037,1.0471
1845,0.1223,-0.0315,1.0618
1846,0.0750,-0.1389,1.0112
1847,-0.1587,-0.0364,0.9995
1848,-0.2222,0.0291,0.9204
1849,-0.1829,0.0039,0.8833
1850,-0.1917,0.0615,0.9058
1851,-0.0454,0.1558,0.8938
1852,0.0750,0.1067,0.8772
1853,0.0640,0.0872,0.9604
1854,0.0369,-0.0178,0.9827
1855,0.0840,-0.1013,1.0093
1856,0.1226,-0.0535,1.0471
1857,0.1438,-0.0029,1.0601
1858,0.1018,-0.1450,1.0286
1859,-0.0593,-0.2141,1.0425
1860,-0.3052,-0.0242,1.0063
1861,-0.4041,-0.0271,0.8577
1862,-0.3315,-0.0168,0.8970
1863,-0.1692,0.1194,0.8960
1864,0.1021,0.1086,0.8569
1865,0.2834,0.1328,0.8989
1866,0.2808,0.1907,0.9524
1867,0.2427,0.0752,0.9651
1868,0.1321,-0.1077,1.0229
1869,0.0242,-0.0520,1.1099
1870,-0.0374,-0.0791,1.0383
1871,-0.1321,-0.1990,1.0688
1872,-0.1985,-0.1509,1.0667
1873,-0.2524,-0.0671,0.9673
1874,-0.2036,0.0134,0.8784
1875,-0.0425,0.0618,0.8821
1876,0.0742,0.0728,0.8547
1877,0.1448,0.1238,0.8420
1878,0.1497,0.0889,0.8987
1879,0.0786,0.0571,0.9436
1880,0.0002,-0.0422,0.9771
1881,0.0459,0.0444,1.0764
1882,0.1018,0.0271,1.0698
1883,0.0710,-0.0820,1.0767
1884,-0.0273,-0.1208,1.0950
1885,-0.1431,-0.1790,1.0190
1886,-0.2778,-0.1006,0.9653
1887,-0.2568,0.0349,0.9231
1888,-0.1025,0.0215,0.8325
1889,0.0325,0.0925,0.8645
1890,0.1414,0.2029,0.8596
1891,0.1240,0.0823,0.8538
1892,0.0483,0.0110,0.9568
1893,-0.0151,-0.0198,1.0208
1894,-0.0356,-0.0986,1.0493
1895,0.0220,-0.0405,1.0903
1896,-0.0090,-0.1235,1.0999
1897,-0.0623,-0.0935,1.0842
1898,-0.1099,-0.1057,0.9878
1899,-0.1719,0.0139,0.9536
1900,-0.1321,0.0935,0.9006
1901,0.0017,0.0464,0.8550
1902,0.0698,0.1316,0.8801
1903,0.1570,0.2161,0.8472
1904,0.0688,0.0911,0.8557
1905,0.0042,-0.0081,0.9807
1906,0.0029,-0.2700,1.0032
1907,0.0344,-0.1189,1.1196
1908,0.1187,0.0142,1.0728
1909,0.1353,-0.0981,1.0520
1910,0.0276,-0.0715,1.0903
1911,-0.1604,-0.1064,0.9524
1912,-0.2886,0.0378,0.9312
1913,-0.1960,0.1028,0.8733
1914,-0.0808,-0.0205,0.8638
1915,0.0547,0.2009,0.9348
1916,0.1265,0.1301,0.8125
1917,0.0256,0.0669,0.9253
1918,-0.0796,-0.0688,0.9924
1919,-0.1001,-0.2061,1.0229
1920,0.0503,0.0012,1.0620
1921,0.1890,0.0088,1.0540
1922,0.2935,-0.0354,1.1047
1923,0.1604,-0.1357,1.0435
1924,-0.0986,-0.0405,0.9741
1925,-0.2976,-0.0266,0.8938
1926,-0.3918,-0.0266,0.9133
1927,-0.2893,-0.0605,0.8870
1928,-0.0706,0.0496,0.8960
1929,0.0930,0.1965,0.8538
1930,0.1721,0.2119,0.8892
1931,0.1304,0.0330,0.9104
1932,0.0969,-0.0212,1.0415
1933,0.0686,0.0461,1.0754
1934,0.1155,-0.0505,1.0620
1935,0.1292,-0.1011,1.1392
1936,0.0791,-0.2368,1.0618
1937,-0.0193,-0.1980,1.0112
1938,-0.1152,-0.0422,0.9270
1939,-0.2283,-0.0171,0.8811
1940,-0.1726,0.1074,0.8606
1941,-0.1709,0.1113,0.8130
1942,-0.1624,0.2437,0.8628
1943,-0.0894,0.0801,0.8342
1944,0.0422,-0.0413,0.9614
1945,0.1494,-0.0620,1.0491
1946,0.4009,-0.0830,1.0940
1947,0.4946,-0.0439,1.1282
1948,0.3733,-0.0408,1.1567
1949,0.1584,-0.0627,1.0444
1950,-0.2786,-0.1643,0.9700
1951,-0.5750,0.0425,0.9495
1952,-0.5378,0.0483,0.8401
1953,-0.4246,-0.0125,0.8352
1954,-0.1699,0.0840,0.8774
1955,0.0757,0.0554,0.8420
1956,0.1790,0.0718,0.8511
1957,0.2253,-0.0388,0.9497
1958,0.2268,-0.0566,1.0444
1959,0.2471,-0.0591,1.0642
1960,0.2690,0.0037,1.1350
1961,0.1594,-0.0056,1.1401
1962,-0.0176,-0.0466,1.0664
1963,-0.2900,-0.1060,0.9604
1964,-0.4326,0.0054,0.9673
1965,-0.3965,0.1069,0.8608
1966,-0.2349,0.0728,0.8567
1967,-0.0288,0.1270,0.8821
1968,0.1914,-0.0244,0.8335
1969,0.2856,0.0508,0.8762
1970,0.3108,-0.0439,0.8823
1971,0.2776,-0.1055,1.0239
1972,0.1660,-0.0859,1.1003
1973,0.0701,-0.0625,1.1213
1974,-0.0786,0.0120,1.1492
1975,-0.1814,-0.0293,1.0256
1976,-0.2095,-0.1121,0.9868
1977,-0.2114,-0.0146,0.9741
1978,-0.0610,0.0205,0.8633
1979,0.0249,0.0823,0.8745
1980,0.0027,0.1323,0.8804
1981,0.0398,0.0527,0.8315
1982,-0.0403,0.0649,0.8557
1983,-0.0449,0.0554,0.9243
1984,0.0613,-0.0935,0.9976
1985,0.1523,-0.0171,1.0950
1986,0.1638,0.0479,1.1323
1987,0.1350,-0.1074,1.0959
1988,-0.0723,-0.1941,1.0708
1989,-0.2874,-0.1733,1.0168
1990,-0.2996,-0.1079,0.9309
1991,-0.2107,0.0398,0.8792
1992,-0.0798,0.1553,0.8745
1993,0.0522,0.1809,0.8381
1994,0.0808,0.1736,0.8286
1995,0.0518,0.0825,0.8599
1996,-0.0630,0.0149,0.9370
1997,-0.0342,-0.0361,1.0061
1998,0.0986,-0.1179,1.1187
1999,0.2407,-0.0999,1.1770
2000,0.2935,-0.1260,1.1262
2001,0.1931,-0.1458,1.0640
2002,0.0193,-0.1658,0.9741
2003,-0.1401,0.0134,0.8892
2004,-0.2478,0.1335,0.8469
2005,-0.1792,0.1687,0.8433
2006,-0.1265,0.1079,0.8608
2007,0.0085,0.1650,0.8599
2008,0.0427,-0.0701,0.8354
2009,0.1023,-0.0234,0.9924
2010,0.1750,-0.0171,1.0356
2011,0.1675,-0.0571,1.0747
2012,0.1165,-0.0693,1.1841
2013,0.0745,-0.0920,1.1350
2014,-0.0942,-0.1467,1.0269
2015,-0.1450,-0.0571,0.9810
2016,-0.1619,-0.0002,0.9221
2017,-0.0916,0.1245,0.8574
2018,-0.0852,0.1023,0.8333
2019,-0.1541,0.0938,0.8879
2020,-0.1174,-0.0417,0.8022
2021,-0.1646,-0.0200,0.9077
2022,-0.0596,0.1270,0.9827
2023,0.2107,-0.1125,0.9360
2024,0.2952,-0.0410,1.1499
2025,0.3010,0.0508,1.1206
2026,0.1475,-0.0967,1.0835
2027,-0.1179,-0.1018,1.0559
2028,-0.3462,-0.0525,0.9917
2029,-0.3081,0.0356,0.9146
2030,-0.1592,-0.0737,0.8879
2031,0.1628,0.1177,0.9458
2032,-0.3682,-0.0491,0.8042
2033,-1.9998,0.0583,1.0315
2034,-1.9998,0.1699,0.9465
2035,-1.9998,-1.1511,0.6963
2036,-1.9998,-0.6399,0.9380
2037,-1.9998,-0.7583,0.3838
2038,-1.9998,-0.3413,0.7415
2039,-1.1614,0.5005,0.6431
2040,1.9978,0.8909,0.5334
2041,1.9980,1.5776,1.2144
2042,1.9980,0.6401,0.6929
2043,1.9980,-0.2678,1.4795
2044,1.9978,-1.1514,1.5676
2045,1.9980,-1.6003,1.4536
2046,1.9980,1.0308,1.9614
2047,-0.2561,1.0315,0.9875
2048,-1.9998,-0.0305,1.2319
2049,-1.9998,-1.0916,1.3931
2050,-1.9998,-1.5369,0.7612
2051,-1.9998,-0.9126,0.3389
2052,-1.9998,-0.1721,0.0234
2053,0.7852,1.0559,0.1606
2054,1.9980,1.6655,-0.0012
2055,1.9978,1.8254,0.3289
2056,0.8806,1.5696,0.9026
2057,-1.7832,-0.0977,1.0608
2058,-1.9998,-1.1802,1.8135
2059,-1.9998,-1.0730,1.9998
2060,-1.9998,-1.0222,1.9673
2061,-1.9331,-0.4314,1.9009
2062,-0.0635,-0.1792,1.2747
2063,1.6018,-0.2551,0.6489
2064,1.9084,0.1113,0.1538
2065,1.4399,0.3469,-0.3521
2066,0.3918,0.4395,-0.3416
2067,-0.3425,0.2942,-0.1848
2068,-0.6118,0.3813,0.3677
2069,-0.5466,0.4773,1.0383
2070,-0.0391,0.0271,1.6125
2071,0.3457,-0.0974,1.9998
2072,0.7729,-0.2742,1.9998
2073,1.1790,-0.3857,1.9998
2074,1.4436,-0.2512,1.7593
2075,1.8296,-0.5771,1.1047
2076,1.9338,-0.5232,0.7056
2077,1.6831,-0.2866,0.1736
2078,1.0913,0.1184,-0.1614
2079,0.0127,0.5073,-0.2122
2080,-0.9958,0.6614,-0.0657
2081,-1.6238,0.6213,0.3621
2082,-1.7546,0.5774,0.9563
2083,-1.1519,0.1755,1.4927
2084,-0.1624,-0.3425,1.9158
2085,0.8069,-0.5735,1.9998
2086,1.3997,-0.6794,1.9712
2087,1.3843,-0.6079,1.7288
2088,0.8489,-0.4304,1.2563
2089,0.0007,-0.1082,0.6838
2090,-0.8289,0.3406,0.2385
2091,-1.3804,0.7163,-0.0444
2092,-1.4194,0.8110,-0.0833
2093,-1.2017,0.7349,0.1260
2094,-0.8484,0.3660,0.4211
2095,-0.5181,-0.1624,0.8862
2096,-0.2944,-0.4963,1.3931
2097,0.0127,-0.8257,1.7239
2098,0.5220,-0.8394,1.9280
2099,0.8499,-0.6970,1.8882
2100,1.1331,-0.1511,1.6431
2101,1.1548,0.1350,1.1487
2102,0.7024,0.5503,0.8887
2103,0.0212,0.6956,0.4338
2104,-0.6616,0.6157,0.2480
2105,-1.1860,0.5146,0.2300
2106,-1.2720,0.0601,0.2915
2107,-0.8901,-0.2185,0.5845
2108,-0.2803,-0.4106,0.8596
2109,0.3711,-0.3674,1.1985
2110,0.9302,-0.3091,1.4358
2111,1.1614,-0.2542,1.6060
2112,1.0754,-0.0210,1.6255
2113,0.8362,0.1189,1.4683
2114,0.4133,0.1670,1.2417
2115,0.0195,0.0730,0.9673
2116,-0.4026,-0.0569,0.7131
2117,-0.6404,-0.0996,0.4807
2118,-0.8074,-0.0332,0.3738
2119,-0.8611,0.1499,0.4299
2120,-0.6987,0.1558,0.5415
2121,-0.4436,0.1675,0.8140
2122,-0.1077,0.3076,1.1069
2123,0.3899,0.1812,1.2661
2124,0.7776,-0.0142,1.5054
2125,0.8823,-0.2373,1.5852
2126,0.8062,-0.3403,1.4836
2127,0.4280,-0.4739,1.2495
2128,-0.0815,-0.4851,1.0146
2129,-0.4719,-0.3433,0.7063
2130,-0.7117,-0.0278,0.4426
2131,-0.6970,0.4045,0.3665
2132,-0.5452,0.5454,0.4077
2133,-0.3784,0.6934,0.6392
2134,-0.1704,0.5757,0.8315
2135,-0.0493,0.2363,1.1548
2136,0.1106,-0.1040,1.4399
2137,0.3481,-0.5171,1.5344
2138,0.4819,-0.6421,1.5745
2139,0.5901,-0.5789,1.4302
2140,0.5920,-0.5784,1.1558
2141,0.3743,-0.3325,0.9104
2142,0.0969,0.0437,0.5952
2143,-0.1692,0.4353,0.3713
2144,-0.4463,0.7563,0.3433
2145,-0.5798,0.6975,0.4578
2146,-0.6072,0.4817,0.7034
2147,-0.5535,0.1362,1.0071
2148,-0.2712,-0.1992,1.2883
2149,0.0469,-0.5525,1.4565
2150,0.3557,-0.5134,1.5386
2151,0.5708,-0.3315,1.4348
2152,0.6294,-0.1929,1.2590
2153,0.5317,-0.0928,1.0667
2154,0.2883,0.0679,0.8296
2155,0.0303,0.2329,0.5825
2156,-0.1851,0.3618,0.4888
2157,-0.3923,0.3689,0.4856
2158,-0.5613,0.2058,0.6067
2159,-0.5913,0.0229,0.8037
2160,-0.5408,-0.1040,1.0168
2161,-0.3523,-0.1470,1.2024
2162,0.0999,-0.2610,1.3140
2163,0.4387,-0.2949,1.4185
2164,0.6333,-0.0933,1.3411
2165,0.6389,-0.0247,1.1860
2166,0.3789,-0.0088,1.0549
2167,0.0654,-0.0125,0.8977
2168,-0.1636,0.0522,0.7222
2169,-0.2725,0.1416,0.5923
2170,-0.2810,0.2190,0.6243
2171,-0.2634,0.1394,0.6575
2172,-0.2488,-0.0938,0.7776
2173,-0.2937,-0.0325,0.9739
2174,-0.1870,-0.0544,1.0552
2175,-0.0227,-0.1162,1.1858
2176,0.1228,-0.0273,1.2786
2177,0.2358,0.1135,1.2512
2178,0.3188,0.0940,1.1763
2179,0.2693,-0.0828,1.1252
2180,0.2085,-0.1270,1.0542
2181,0.1548,-0.1306,0.8428
2182,0.0469,-0.0054,0.7581
2183,-0.0598,0.0667,0.6790
2184,-0.2356,-0.0291,0.7073
2185,-0.4519,0.0701,0.7688
2186,-0.5835,0.1157,0.8257
2187,-0.3826,0.1658,0.9563
2188,-0.1533,0.0254,1.0305
2189,0.1868,0.0132,1.1851
2190,0.4414,-0.0215,1.2239
2191,0.4312,-0.1370,1.2200
2192,0.3313,-0.2239,1.1987
2193,0.1562,-0.2659,1.1030
2194,0.0447,-0.1357,0.9272
2195,-0.0198,0.0488,0.7961
2196,-0.1099,0.2031,0.7300
2197,-0.2214,0.1765,0.6760
2198,-0.3140,0.2739,0.7573
2199,-0.4575,0.1604,0.8013
2200,-0.3816,0.0667,0.9382
2201,-0.1145,-0.0903,1.0483
2202,0.1311,-0.1191,1.1509
2203,0.3489,-0.1370,1.1899
2204,0.4761,-0.2256,1.1702
2205,0.3567,-0.1936,1.2026
2206,0.2207,-0.2136,1.0552
2207,0.0659,-0.1938,0.9597
2208,-0.0459,0.1245,0.8706
2209,-0.1897,0.2805,0.7727
2210,-0.3071,0.2954,0.7300
2211,-0.4204,0.1482,0.7915
2212,-0.4634,0.0955,0.8716
2213,-0.3196,-0.0325,0.9058
2214,-0.0227,-0.0491,1.0286
2215,0.1633,-0.0652,1.0874
2216,0.3989,-0.0293,1.1321
2217,0.4216,-0.1128,1.1204
2218,0.3320,-0.0935,1.1350
2219,0.1782,-0.1089,1.0491
2220,0.0413,-0.0708,0.9458
2221,-0.1040,0.0630,0.9016
2222,-0.1978,0.0898,0.8228
2223,-0.3003,0.1360,0.8198
2224,-0.3308,0.1250,0.8274
2225,-0.2847,0.0266,0.8743
2226,-0.1675,0.0129,0.9377
2227,0.0791,0.0083,0.9917
2228,0.1816,-0.0779,1.0522
2229,0.2854,-0.1423,1.1108
2230,0.2473,-0.1873,1.1138
2231,0.1416,-0.0815,1.0962
2232,0.1208,-0.0557,0.9810
2233,0.0586,-0.0369,0.9800
2234,0.0056,0.0513,0.9114
2235,-0.0623,0.0571,0.8499
2236,-0.2083,0.1133,0.8635
2237,-0.3228,-0.0156,0.8706
2238,-0.3530,-0.0203,0.9185
2239,-0.2324,-0.0366,0.9497
2240,0.0474,0.0159,0.9827
2241,0.2495,0.0234,1.0120
2242,0.2993,0.1174,1.0872
2243,0.2502,0.0239,1.0278
2244,0.1072,-0.1091,1.0608
2245,-0.0132,-0.0610,1.0581
2246,-0.0237,-0.0818,0.9595
2247,-0.0288,-0.0637,0.9302
2248,-0.0630,-0.0356,0.9250
2249,-0.0525,0.0498,0.8706
2250,-0.1340,0.0491,0.8401
2251,-0.2363,0.1094,0.9231
2252,-0.1960,0.0610,0.9211
2253,-0.1299,0.0730,0.9758
2254,-0.0686,0.0427,1.0032
2255,0.0522,0.0083,1.0667
2256,0.1526,-0.1526,1.0728
2257,0.2131,-0.2234,1.0767
2258,0.2798,-0.0688,1.0559
2259,0.2219,-0.0486,0.9419
2260,0.1165,-0.0090,0.9465
2261,-0.0337,0.0522,0.8960
2262,-0.1868,0.1213,0.8499
2263,-0.3716,0.0989,0.8481
2264,-0.3611,0.0564,0.9084
2265,-0.2183,0.0122,0.9409
2266,-0.0173,0.0452,0.9897
2267,0.1709,0.0479,1.0432
2268,0.2495,-0.0645,1.0491
2269,0.2285,-0.1592,1.1047
2270,0.1699,-0.2173,1.0344
2271,0.1106,-0.1509,1.0317
2272,0.0930,-0.0354,0.9683
2273,0.0291,0.0005,0.9048
2274,-0.0154,0.1460,0.9067
2275,-0.1318,0.1187,0.8499
2276,-0.2605,0.1423,0.8958
2277,-0.2866,0.0500,0.8862
2278,-0.1860,0.0125,0.9622
2279,-0.0730,0.0105,0.9846
2280,0.0977,0.0220,1.0032
2281,0.1597,0.0593,1.0627
2282,0.1724,-0.1177,1.0198
2283,0.1555,-0.2090,1.0647
2284,0.0771,-0.0703,1.0532
2285,0.0884,-0.0195,0.9260
2286,0.0168,-0.0356,0.9575
2287,-0.0398,0.0439,0.9478
2288,-0.0806,0.0134,0.8511
2289,-0.1965,0.0764,0.9016
2290,-0.2148,0.0181,0.8784
2291,-0.0889,-0.0210,0.9290
2292,-0.0342,-0.0403,0.9456
2293,0.1082,0.1541,1.0129
2294,0.1721,0.0894,0.9702
2295,0.1404,-0.0791,1.0679
2296,0.0815,-0.0862,1.0942
2297,0.0142,-0.0815,1.0139
2298,0.0107,-0.0308,1.0217
2299,-0.0115,-0.0737,0.9722
2300,0.0049,-0.0464,0.9534
2301,-0.0547,-0.0503,0.9146
2302,-0.1218,0.0474,0.8831
2303,-0.1440,0.0010,0.8579
2304,-0.1047,-0.0134,0.9155
2305,0.0276,0.0950,0.9165
2306,0.0801,0.1887,0.9456
2307,0.1321,0.1404,0.9917
2308,0.1118,-0.1042,1.0295
2309,0.0247,-0.0806,1.0901
2310,0.0125,-0.0637,1.0500
2311,0.0181,-0.0815,1.0276
2312,-0.0059,-0.1038,1.0454
2313,-0.0676,-0.0928,0.9778
2314,-0.1335,-0.0615,0.8840
2315,-0.1436,0.0576,0.8765
2316,-0.1362,0.1064,0.8442
2317,-0.0596,0.0693,0.8442
2318,0.0237,0.1260,0.9116
2319,0.0872,0.1558,0.9194
2320,0.0552,0.0249,1.0034
2321,0.0120,-0.0796,1.0581
2322,-0.0149,-0.1338,1.0881
2323,-0.0051,-0.0955,1.0718
2324,0.0305,-0.1545,1.0356
2325,0.0300,-0.0464,1.0493
2326,0.0425,-0.0066,0.9419
2327,-0.0393,-0.0488,0.8928
2328,-0.0913,0.1199,0.9067
2329,-0.1152,0.0481,0.8049
2330,-0.0481,0.1143,0.8940
2331,-0.0115,0.0347,0.8970
2332,0.0847,0.0498,0.9634
2333,0.0632,-0.0820,0.9963
2334,0.0332,-0.1365,1.0559
2335,0.0234,-0.0796,1.0786
2336,0.0107,-0.0574,1.0247
2337,-0.0083,0.0322,1.0383
2338,0.0146,-0.0361,0.9797
2339,-0.0544,-0.0017,0.9827
2340,-0.0642,0.0522,0.9133
2341,-0.0957,0.0337,0.8840
2342,-0.0520,0.0625,0.9312
2343,0.0237,0.0002,0.8792
2344,0.0513,0.0552,0.9277
2345,0.0447,0.0295,0.9729
2346,0.0571,-0.0122,0.9751
2347,0.0115,-0.0750,0.9966
2348,0.0320,-0.0996,1.0542
2349,0.0352,-0.0698,1.0071
2350,-0.0056,-0.0312,0.9817
2351,-0.0728,0.0393,1.0122
2352,-0.1470,0.0071,0.9661
2353,-0.1780,-0.0261,0.9290
2354,-0.1047,0.0281,0.9517
2355,0.0740,0.0730,0.8989
2356,0.1763,0.0374,0.8782
2357,0.1812,0.0518,0.9768
2358,0.1204,-0.0413,0.9517
2359,0.0120,-0.0535,1.0032
2360,-0.1672,-0.0811,1.0259
2361,-0.1516,0.0090,1.0210
2362,-0.0842,-0.0322,0.9868
2363,0.0339,-0.0159,1.0190
2364,0.0911,-0.0103,1.0024
2365,0.0461,-0.0020,0.9399
2366,-0.0437,-0.0022,0.9292
2367,-0.1057,-0.0007,0.9331
2368,-0.0688,0.0930,0.8928
2369,0.0205,-0.0012,0.8674
2370,0.1062,0.0754,1.0178
2371,0.1675,0.0090,0.9202
2372,0.1289,-0.0056,0.9895
2373,0.0002,-0.0552,1.0706
2374,-0.0464,-0.1338,1.0178
2375,-0.1453,-0.0637,1.0383
2376,-0.1672,-0.0374,1.0288
2377,-0.1707,-0.0679,0.9856
2378,-0.1211,-0.0081,0.9583
2379,-0.0510,0.0618,0.9270
2380,0.0366,0.1018,0.8977
2381,0.1289,0.1028,0.8765
2382,0.1187,0.1526,0.9045
2383,0.0955,0.0686,0.9233
2384,0.0637,-0.0664,1.0005
2385,-0.0547,-0.0974,1.0347
2386,-0.0208,-0.1711,1.0229
2387,0.0159,-0.0803,1.0474
2388,0.0061,-0.1003,0.9934
2389,-0.0005,0.0020,1.0249
2390,-0.0679,-0.0002,0.9631
2391,-0.1055,0.0862,0.9546
2392,-0.1414,0.0125,0.9104
2393,-0.0688,-0.0420,0.9243
2394,0.0854,0.0493,0.8921
2395,0.1409,0.0964,0.9028
2396,0.1846,0.0479,0.9624
2397,0.1611,-0.0923,1.0205
2398,-0.0034,-0.0632,1.0396
2399,-0.0508,-0.0054,1.0103
2400,-0.0496,0.0554,0.9944
2401,-0.0938,-0.0596,0.9956
2402,-0.0801,-0.0190,1.0137
2403,-0.0571,-0.0071,0.9565
2404,-0.1331,-0.0044,0.9651
2405,-0.1506,-0.0513,0.9426
2406,-0.0645,0.0142,0.9260
2407,0.0557,0.0183,0.8850
2408,0.1646,0.0396,0.9143
2409,0.2227,0.0957,0.9739
2410,0.1743,0.0300,0.9583
2411,-0.0244,-0.0420,1.0444
2412,-0.1372,-0.0720,1.0464
2413,-0.1711,-0.1072,1.0061
2414,-0.1504,-0.0356,1.0178
2415,-0.0674,-0.0286,0.9797
2416,0.0054,0.0405,0.9634
2417,-0.0247,-0.0408,0.9407
2418,-0.0535,0.0100,0.9495
2419,-0.0266,0.0706,0.8782
2420,0.0354,0.0442,0.8735
2421,0.0237,0.0693,0.9417
2422,0.1357,-0.0178,0.9487
2423,0.1780,-0.0759,1.0239
2424,0.0962,-0.0684,1.0579
2425,0.0542,-0.0366,1.0493
2426,-0.0037,-0.0527,1.0129
2427,-0.1306,-0.0393,1.0032
2428,-0.1946,-0.0251,0.9839
2429,-0.1875,-0.0081,0.9497
2430,-0.2029,0.0103,0.9312
2431,-0.1311,0.0674,0.9153
2432,0.0515,0.0728,0.8787
2433,0.1479,0.0859,0.8752
2434,0.2109,0.0808,0.9329
2435,0.2129,-0.0161,0.9583
2436,0.0947,-0.0679,1.0286
2437,-0.0640,-0.1072,1.0347
2438,-0.0955,-0.0459,1.0540
2439,-0.0989,-0.0308,0.9924
2440,-0.1228,0.0305,1.0042
2441,-0.1140,0.0659,0.9927
2442,-0.1301,-0.0088,0.9407
2443,-0.2410,-0.0193,0.9456
2444,-0.1750,-0.0388,0.9185
2445,0.0015,-0.0159,0.8984
2446,0.1494,-0.0205,0.8831
2447,0.3042,0.0647,0.9592
2448,0.3616,0.0415,0.9263
2449,0.1946,0.0820,1.0361
2450,0.0300,-0.0088,1.0103
2451,-0.1162,-0.1511,1.0278
2452,-0.2136,-0.0217,1.0598
2453,-0.1960,-0.0923,0.9397
2454,-0.0964,0.0320,1.0579
2455,-0.1033,-0.0742,0.9436
2456,-0.0867,-0.0889,0.9380
2457,-0.0681,0.0115,0.9436
2458,0.0154,-0.0139,0.8635
2459,0.1138,0.1865,0.8928
2460,0.1689,0.1191,0.8831
2461,0.1917,0.0813,0.9761
2462,0.1072,-0.0576,1.0071
2463,-0.0298,-0.0874,1.0444
2464,-0.0891,-0.0784,1.0520
2465,-0.1399,-0.1150,1.0393
2466,-0.1345,-0.0369,1.0344
2467,-0.1016,-0.0632,0.9768
2468,-0.0957,0.0000,0.9470
2469,-0.1211,0.0315,0.9143
2470,-0.0891,0.0679,0.8755
2471,-0.0181,0.0459,0.8735
2472,0.0706,0.0786,0.9048
2473,0.1636,0.0935,0.9368
2474,0.1699,0.0757,0.9905
2475,0.0652,-0.0015,1.0344
2476,0.0144,-0.0938,1.0674
2477,-0.0276,-0.1218,1.0444
2478,-0.0061,-0.0752,1.0090
2479,-0.0173,-0.0701,0.9973
2480,-0.0090,-0.0549,0.9800
2481,-0.1411,-0.0906,0.9429
2482,-0.2424,0.0620,0.9263
2483,-0.2087,0.0327,0.8479
2484,-0.1165,0.1277,0.8940
2485,0.0496,0.1050,0.8823
2486,0.2234,0.0210,0.9377
2487,0.3130,0.0073,1.0393
2488,0.2827,-0.0613,1.0227
2489,0.1555,-0.1082,1.0513
2490,-0.0247,-0.0884,1.0923
2491,-0.1316,-0.0757,1.0061
2492,-0.2290,0.0144,0.9868
2493,-0.2832,0.0906,0.9612
2494,-0.2222,0.0332,0.8911
2495,-0.2012,-0.0237,0.9390
2496,-0.0618,-0.0168,0.8979
2497,0.0542,-0.0168,0.8586
2498,0.1245,0.1167,0.9192
2499,0.1941,-0.0002,0.9231
2500,0.2087,0.0586,1.0366
2501,0.1355,0.0234,1.0044
2502,0.1641,-0.0522,1.0549
2503,0.1567,-0.0781,1.0667
2504,0.0820,-0.0913,1.0256
2505,-0.0227,0.0024,1.0308
2506,-0.2332,-0.1196,0.9636
2507,-0.3884,-0.0283,1.0002
2508,-0.4832,-0.0354,0.8733
2509,-0.3286,0.0405,0.8667
2510,-0.0688,0.1533,0.8608
2511,0.1973,0.1091,0.8323
2512,0.4253,0.1030,0.9836
2513,0.4163,0.0137,0.9751
2514,0.2063,0.0234,1.0415
2515,0.0913,-0.1418,1.0510
2516,-0.0229,-0.1738,1.1018
2517,-0.1096,-0.0247,1.0510
2518,-0.1296,-0.1055,0.9905
2519,-0.1570,-0.0449,1.0334
2520,-0.2661,-0.0042,0.9048
2521,-0.3179,0.0171,0.8853
2522,-0.2205,-0.0681,0.9006
2523,-0.0356,0.0198,0.8735
2524,0.1521,0.1606,0.8550
2525,0.3179,0.1003,0.9250
2526,0.3301,0.0034,1.0249
2527,0.2881,-0.0520,1.0266
2528,0.1760,-0.0386,1.0559
2529,0.0361,0.0510,1.0803
2530,-0.0366,-0.0535,0.9966
2531,-0.2166,-0.0483,1.0667
2532,-0.2661,-0.0022,0.9927
2533,-0.3455,-0.0652,0.8899
2534,-0.3335,-0.0154,0.9536
2535,-0.1296,-0.0190,0.8557
2536,0.0298,0.0864,0.8296
2537,0.1975,0.0967,0.8931
2538,0.3225,0.0938,0.9526
2539,0.1936,0.0430,0.9612
2540,0.0723,-0.0422,1.0520
2541,0.0217,-0.1006,1.0696
2542,-0.0549,-0.1213,1.0679
2543,0.0017,-0.0388,1.0588
2544,-0.0356,-0.1433,1.0220
2545,-0.0989,0.0186,1.0103
2546,-0.2156,-0.0266,0.8782
2547,-0.2930,0.0488,0.8936
2548,-0.2251,-0.0022,0.8462
2549,-0.0576,0.0896,0.8440
2550,0.1113,0.1841,0.8950
2551,0.2620,0.0989,0.9478
2552,0.2888,-0.0276,1.0073
2553,0.2769,-0.0808,1.0637
2554,0.2021,-0.0825,1.0774
2555,0.0818,-0.0989,1.0728
2556,-0.0630,-0.0823,1.0728
2557,-0.2058,-0.0835,1.0032
2558,-0.3396,-0.0593,0.9788
2559,-0.4070,-0.0105,0.8970
2560,-0.2957,0.0356,0.8743
2561,-0.0732,0.1345,0.8313
2562,0.1926,0.1199,0.8247
2563,0.3528,0.1299,0.8960
2564,0.3833,0.0220,0.9319
2565,0.2139,-0.0020,1.0366
2566,-0.0657,-0.1023,1.0308
2567,-0.1733,-0.1431,1.1096
2568,-0.2183,-0.0933,1.0933
2569,-0.1440,-0.1267,1.0288
2570,-0.0073,-0.0237,1.0872
2571,0.0310,0.0095,0.9270
2572,-0.0574,-0.0105,0.9065
2573,-0.0867,0.0850,0.8977
2574,-0.1084,0.0186,0.7983
2575,-0.1082,0.1687,0.8420
2576,0.0159,0.1028,0.8713
2577,0.1147,0.0872,0.9592
2578,0.1311,-0.0022,1.0034
2579,0.1511,-0.1021,1.0657
2580,0.1702,-0.0188,1.1196
2581,0.0449,-0.1682,1.0161
2582,0.0029,-0.0066,1.1086
2583,-0.1526,-0.1865,0.9807
2584,-0.1606,-0.1602,0.9995
2585,-0.1865,-0.0671,0.9446
2586,-0.0920,0.0095,0.8352
2587,0.0312,0.1289,0.8459
2588,0.0969,0.1328,0.8228
2589,0.1045,0.2595,0.8655
2590,0.0283,0.1350,0.8977
2591,-0.0903,0.0278,1.0295
2592,-0.0847,-0.0884,1.0657
2593,0.0244,-0.0930,1.1096
2594,0.1348,-0.1807,1.1067
2595,0.1917,-0.1870,1.0901
2596,0.1584,-0.0510,1.0503
2597,0.0559,-0.0056,0.9263
2598,-0.1357,0.0254,0.9194
2599,-0.2603,0.1323,0.8530
2600,-0.2209,0.0662,0.7629
2601,-0.1973,0.1030,0.8782
2602,-0.0674,0.0659,0.8911
2603,0.0996,0.0168,0.9368
2604,0.0681,-0.0608,1.0571
2605,0.1604,-0.0925,1.0776
2606,0.2014,-0.0864,1.0630
2607,0.0923,-0.0503,1.1069
2608,0.1152,-0.0439,1.0620
2609,0.0063,-0.0391,0.9924
2610,-0.1267,-0.0051,0.9875
2611,-0.1711,-0.0339,0.9172
2612,-0.1582,0.0469,0.8804
2613,-0.1470,0.1001,0.8120
2614,-0.0566,0.1721,0.8274
2615,-0.0134,0.0339,0.8733
2616,0.0339,-0.0166,0.9565
2617,0.0129,-0.0835,0.9944
2618,0.0845,-0.0581,1.0833
2619,0.1838,-0.0823,1.0874
2620,0.1836,-0.1396,1.0571
2621,0.1404,-0.0242,1.1038
2622,0.0242,-0.0200,0.9836
2623,-0.1997,-0.0066,0.9585
2624,-0.3391,-0.0288,0.9595
2625,-0.2544,0.0266,0.8784
2626,-0.1160,0.1101,0.8245
2627,0.0598,0.1511,0.8625
2628,0.2576,0.1013,0.8999
2629,0.2161,-0.0205,0.9136
2630,0.0938,-0.0398,1.0286
2631,0.0386,-0.0779,1.0452
2632,0.0115,-0.0957,1.0667
2633,-0.0144,-0.1067,1.0959
2634,0.0642,-0.0823,1.0559
2635,-0.0583,-0.0659,1.0151
2636,-0.1538,-0.0234,0.9761
2637,-0.2522,-0.0393,0.9126
2638,-0.2505,0.1191,0.8647
2639,-0.0977,0.1094,0.8218
2640,0.0964,0.1682,0.8635
2641,0.2656,0.0903,0.8726
2642,0.2747,0.1025,0.9399
2643,0.2053,0.0815,0.9858
2644,0.0596,-0.1306,1.0337
2645,-0.0972,-0.1694,1.1389
2646,-0.1453,-0.2668,1.0923
2647,-0.1589,-0.1655,1.0989
2648,-0.1743,-0.0718,1.0405
2649,-0.1155,-0.0613,0.9221
2650,-0.0525,0.0635,0.9204
2651,0.0410,0.1968,0.8218
2652,0.1042,0.2314,0.7749
2653,0.0906,0.1702,0.8762
2654,0.1387,0.0417,0.8911
2655,0.0469,-0.0413,0.9800
2656,-0.0381,-0.0742,1.0461
2657,-0.0554,-0.1738,1.0483
2658,-0.0903,-0.0896,1.1216
2659,-0.0710,-0.1301,1.0676
2660,-0.0637,-0.0669,1.0718
2661,-0.0886,-0.0039,1.0081
2662,-0.0798,-0.0457,0.9155
2663,0.0210,0.0791,0.9155
2664,0.1326,0.1184,0.8323
2665,0.1877,0.1597,0.8130
2666,0.1531,0.0547,0.8794
2667,0.0408,0.0806,0.9438
2668,-0.0920,-0.0166,0.9438
2669,-0.2122,-0.0798,1.0610
2670,-0.2080,-0.1316,1.0728
2671,-0.1316,-0.1389,1.0422
2672,0.0022,-0.0464,1.0793
2673,0.0688,-0.0303,1.0383
2674,0.0818,0.0259,0.9902
2675,0.0342,-0.0327,0.9358
2676,0.0447,0.0701,0.9231
2677,0.0928,0.0784,0.8167
2678,0.1169,0.0808,0.8625
2679,0.0654,0.0991,0.9260
2680,0.0396,0.0034,0.9094
2681,-0.0981,-0.0710,1.0122
2682,-0.2046,-0.1392,1.0444
2683,-0.2388,-0.1504,1.0327
2684,-0.1348,-0.0784,1.0325
2685,-0.0222,0.0032,1.0413
2686,0.1340,0.0750,1.0149
2687,0.1487,-0.0327,0.9836
2688,0.1064,0.0369,0.9758
2689,0.0232,0.0295,0.8606
2690,-0.0969,0.0718,0.8696
2691,-0.0725,0.0493,0.8843
2692,-0.0347,-0.0142,0.9094
2693,0.0103,0.0339,0.9934
2694,0.0635,-0.0435,0.9771
2695,0.0383,0.0364,1.0396
2696,-0.0256,-0.0356,1.0071
2697,-0.0347,-0.0803,1.0256
2698,-0.1150,-0.0627,1.0520
2699,-0.0645,-0.0625,1.0012
2700,-0.0161,-0.0615,1.0022
2701,0.0830,-0.0383,0.9602
2702,0.1465,0.0945,0.8821
2703,0.1499,0.1277,0.8450
2704,0.0481,0.0923,0.8647
2705,-0.0508,0.1501,0.9263
2706,-0.2109,-0.0156,0.9126
2707,-0.2222,-0.0476,1.0483
2708,-0.1677,-0.1333,1.0396
2709,0.0276,-0.1013,1.0247
2710,0.1936,-0.0820,1.0542
2711,0.2117,-0.0496,1.0640
2712,0.0825,-0.0032,1.0129
2713,-0.1377,-0.1267,0.9670
2714,-0.2788,0.0159,0.9976
2715,-0.2249,0.0205,0.8384
2716,-0.0784,0.1274,0.8550
2717,0.1494,0.0957,0.8840
2718,0.3110,0.0852,0.9114
2719,0.2686,0.0435,0.9475
2720,0.0996,-0.0649,1.0110
2721,-0.0686,0.0000,1.0474
2722,-0.1611,-0.1057,0.9751
2723,-0.1902,-0.0571,1.0823
2724,-0.1279,-0.0674,1.0393
2725,-0.0386,-0.0439,1.0005
2726,-0.0310,0.0271,0.9780
2727,-0.0076,-0.0144,0.9299
2728,0.0303,0.0962,0.9172
2729,-0.0002,0.0361,0.8384
2730,0.0610,0.1372,0.9426
2731,0.1221,0.0007,0.9019
2732,0.0420,-0.0544,0.9758
2733,0.0137,-0.0073,1.0247
2734,-0.0164,-0.1396,0.9729
2735,-0.0398,-0.0342,1.0579
2736,-0.0510,-0.0359,0.9995
2737,-0.0730,-0.0178,0.9993
2738,-0.1365,-0.0659,1.0491
2739,-0.1323,-0.0781,0.9673
2740,-0.1965,-0.0217,0.9260
2741,0.0056,0.0808,0.9019
2742,0.1033,0.0398,0.8540
2743,0.2083,0.1042,0.9280
2744,0.3035,0.0901,0.9485
2745,0.1716,0.0896,0.9651
2746,-0.0188,-0.0417,1.0181
2747,-0.0891,-0.0640,1.0422
2748,-0.1890,-0.1045,0.9995
2749,-0.1902,-0.1035,1.0364
2750,-0.1340,-0.0515,1.0276
2751,-0.1550,-0.0513,0.9641
2752,-0.0974,0.0093,0.9690
2753,-0.0244,0.0300,0.9006
2754,0.1013,0.1562,0.8755
2755,0.1833,0.1016,0.8440
2756,0.2236,0.0627,0.9329
2757,0.2100,-0.0007,0.9526
2758,0.1272,-0.0420,1.0132
2759,-0.0139,-0.0757,1.0627
2760,-0.0879,-0.1726,1.0288
2761,-0.1760,-0.0581,1.0708
2762,-0.2468,-0.0120,0.9749
2763,-0.2097,0.0569,1.0061
2764,-0.1921,-0.0239,0.9895
2765,-0.1086,-0.0400,0.9487
2766,-0.0107,0.0056,0.9084
2767,0.1306,0.1155,0.8694
2768,0.2832,0.1018,0.8430
2769,0.2864,0.0994,0.9248
2770,0.2075,0.0190,0.9524
2771,0.0742,-0.0645,1.0120
2772,-0.0723,-0.1250,1.0415
2773,-0.2100,-0.1089,1.0513
2774,-0.2117,-0.0508,1.0247
2775,-0.2061,-0.0940,1.0044
2776,-0.2327,0.0286,1.0315
2777,-0.1404,-0.0327,0.9124
2778,-0.0701,0.0122,0.9446
2779,0.0530,0.1230,0.9194
2780,0.2493,0.0825,0.8237
2781,0.3464,0.1060,0.9429
2782,0.3276,-0.0027,0.9397
2783,0.2222,0.0293,0.9778
2784,-0.0256,-0.1533,1.0120
2785,-0.1931,-0.1279,1.0823
2786,-0.2534,-0.0215,1.0044
2787,-0.2520,-0.0898,0.9875
2788,-0.1377,-0.0234,1.0913
2789,-0.0740,-0.0466,0.9438
2790,-0.0562,0.0088,0.9363
2791,-0.0471,-0.0020,0.9507
2792,0.0354,0.0388,0.8733
2793,0.0776,0.1267,0.8530
2794,0.1238,0.1711,0.9036
2795,0.1707,0.0540,0.9329
2796,0.0647,-0.0164,1.0171
2797,-0.0144,-0.0312,1.0334
2798,-0.0605,-0.1404,1.0337
2799,-0.0718,-0.1204,1.0786
2800,-0.0291,-0.1184,0.9868
2801,0.0037,0.0134,1.0083
2802,-0.0344,0.0178,0.9604
2803,-0.1152,-0.0171,0.9380
2804,-0.2173,0.0388,0.9028
2805,-0.1199,0.0164,0.8582
2806,-0.0300,0.1282,0.8899
2807,0.1018,0.0869,0.8755
2808,0.1965,0.0376,0.9692
2809,0.1843,-0.0444,1.0347
2810,0.1204,-0.1055,1.0405
2811,-0.0129,-0.0464,1.0696
2812,0.0037,-0.0271,1.0239
2813,-0.0535,-0.0964,0.9819
2814,-0.0916,0.0283,1.0491
2815,-0.1138,-0.1216,0.9458
2816,-0.2007,-0.0015,0.9565
2817,-0.1848,-0.0051,0.9077
2818,-0.0430,0.0732,0.8577
2819,0.0066,0.0168,0.8618
2820,0.1323,0.0876,0.9231
2821,0.2466,0.1797,0.9133
2822,0.2263,0.0713,0.9834
2823,0.1938,0.0051,1.0891
2824,0.0620,-0.1467,1.0540
2825,-0.0337,-0.1194,1.0474
2826,-0.1094,-0.0454,1.0364
2827,-0.1860,-0.0430,0.9946
2828,-0.2925,-0.0452,0.9976
2829,-0.2959,-0.0574,0.9446
2830,-0.2295,0.0508,0.9019
2831,-0.0959,0.0454,0.8267
2832,0.1284,0.0740,0.8655
2833,0.2434,0.1113,0.8813
2834,0.2776,0.0251,0.9331
2835,0.1345,-0.0547,1.0510
2836,0.0259,-0.1011,1.0647
2837,-0.0276,-0.1599,1.0557
2838,-0.0347,0.0161,1.0757
2839,-0.0203,-0.0254,0.9963
2840,-0.0012,0.0112,1.0178
2841,-0.0906,-0.0286,1.0012
2842,-0.1899,0.0259,0.9146
2843,-0.2690,-0.0139,0.8853
2844,-0.1682,0.0054,0.8843
2845,-0.0347,0.0776,0.8335
2846,0.1277,0.1450,0.8723
2847,0.2261,0.1038,0.9592
2848,0.2585,-0.0540,1.0112
2849,0.1631,-0.1411,1.0754
2850,0.0786,-0.0603,1.0891
2851,0.0037,-0.0959,0.9924
2852,-0.0840,-0.0361,1.0593
2853,-0.1243,-0.0396,1.0044
2854,-0.1526,-0.0168,0.9407
2855,-0.2092,0.0481,0.9570
2856,-0.2297,0.0076,0.8843
2857,-0.1367,0.0588,0.8743
2858,-0.0886,0.0225,0.8733
2859,0.0537,0.1267,0.9290
2860,0.1697,0.0205,0.9399
2861,0.1929,-0.0398,1.0562
2862,0.2231,-0.0796,1.0676
2863,0.2007,-0.0884,1.0188
2864,0.1333,-0.0591,1.0735
2865,0.0569,-0.0308,0.9790
2866,-0.1675,0.0181,0.9595
2867,-0.3523,-0.0024,0.9827
2868,-0.3945,-0.0701,0.9180
2869,-0.3335,0.0598,0.9028
2870,-0.0334,0.1174,0.8713
2871,0.1941,0.0417,0.8625
2872,0.3904,0.0159,0.9370
2873,0.3901,0.0120,0.9670
2874,0.1782,0.0237,0.9905
2875,-0.0571,-0.0371,1.0588
2876,-0.2175,-0.0554,1.0862
2877,-0.2451,-0.1184,1.0210
2878,-0.1211,-0.0476,1.0513
2879,-0.0278,-0.0134,0.9758
2880,0.0654,-0.0459,0.9563
2881,-0.0315,-0.0833,0.9448
2882,-0.0581,0.0154,0.8958
2883,-0.0479,0.1035,0.8267
2884,-0.0142,0.1792,0.8547
2885,0.0847,0.0256,0.9116
2886,0.1499,0.0215,0.9868
2887,0.1318,-0.0286,1.0149
2888,0.0859,-0.0483,1.0620
2889,-0.0046,-0.0425,1.0991
2890,-0.0398,-0.1467,1.0229
2891,-0.1355,-0.0310,1.0754
2892,-0.1653,0.0122,0.9670
2893,-0.1611,-0.0310,0.9065
2894,-0.1230,0.0464,0.9543
2895,0.0012,0.0256,0.8394
2896,0.1392,0.1343,0.8501
2897,0.1519,0.0596,0.8899
2898,0.1497,0.0176,0.9243
2899,0.0361,-0.0818,0.9709
2900,-0.0652,-0.0432,1.0483
2901,-0.0776,-0.0808,1.0396
2902,0.0156,-0.0928,1.0503
2903,0.0952,-0.0510,1.0667
2904,0.0813,-0.0369,1.0103
2905,0.0325,0.0093,0.9836
2906,-0.1577,0.0098,0.9585
2907,-0.2405,0.0166,0.8931
2908,-0.1914,-0.0049,0.8950
2909,-0.1042,0.0134,0.8977
2910,0.1147,0.0991,0.9045
2911,0.2034,0.0872,0.8970
2912,0.1899,0.0618,1.0034
2913,0.1165,-0.1172,0.9993
2914,-0.0623,-0.0762,1.0815
2915,-0.1213,0.0537,1.0383
2916,-0.0737,-0.0696,0.9548
2917,-0.0032,-0.0291,1.0894
2918,0.0579,-0.0977,0.9426
2919,0.0161,-0.0061,0.9309
2920,-0.1042,-0.0129,0.9465
2921,-0.1208,-0.0051,0.8879
2922,-0.0903,0.0742,0.8804
2923,-0.0930,0.0500,0.8967
2924,0.0195,0.1235,0.9612
2925,0.0488,0.0256,0.9331
2926,0.0486,0.0200,1.0288
2927,0.1157,-0.0063,1.0520
2928,0.1707,-0.0398,1.0315
2929,0.1221,-0.1123,1.0491
2930,0.0327,-0.0740,1.0295
2931,-0.0789,-0.0698,0.9644
2932,-0.1885,-0.0947,0.9553
2933,-0.2268,-0.0308,0.9282
2934,-0.1306,0.0295,0.8645
2935,-0.0439,0.0610,0.8645
2936,0.0859,0.1619,0.9067
2937,0.0886,0.0942,0.8909
2938,0.0564,0.0271,0.9836
2939,-0.0076,-0.0610,1.0483
2940,0.0215,-0.0349,1.0356
2941,0.1409,-0.0964,1.0796
2942,0.1626,-0.1389,1.0862
2943,0.1924,0.0085,1.0161
2944,0.0461,-0.0217,0.9299
2945,-0.1960,-0.0266,0.9595
2946,-0.3416,-0.0173,0.9058
2947,-0.3027,0.0112,0.8340
2948,-0.1606,0.0796,0.9126
2949,0.0657,0.1172,0.8911
2950,0.2122,0.0701,0.9224
2951,0.2747,-0.0234,1.0093
2952,0.1646,-0.1013,1.0364
2953,-0.0085,0.0259,1.0327
2954,0.0024,-0.0527,1.0081
2955,-0.0820,-0.0532,1.0894
2956,-0.0811,0.0273,1.0042
2957,-0.0703,-0.0952,0.9143
2958,-0.2097,0.0276,1.0071
2959,-0.1951,-0.0088,0.8801
2960,-0.0813,0.0061,0.8687
2961,-0.0242,-0.0073,0.9407
2962,0.1160,0.0334,0.8892
2963,0.1580,0.0918,0.9250
2964,0.0896,-0.0356,1.0090
2965,0.0435,-0.0154,1.0344
2966,-0.0042,-0.0403,1.0090
2967,-0.0139,-0.0198,1.0413
2968,0.0068,-0.0383,1.0376
2969,-0.0798,-0.0071,1.0078
2970,-0.1543,-0.0552,0.9514
2971,-0.2224,-0.0588,0.9768
2972,-0.1040,0.0410,0.9263
2973,0.0754,0.0234,0.8521
2974,0.2253,0.0759,0.9204
2975,0.3259,0.0630,0.9233
2976,0.1875,0.0525,0.9116
2977,-0.0334,0.0049,0.9895
2978,-0.2400,-0.1001,1.0139
2979,-0.3208,0.0190,1.0239
2980,-0.1746,-0.0244,0.9905
2981,0.0537,-0.0776,1.0708
2982,0.2285,-0.1536,1.0474
2983,0.2107,-0.1023,0.9563
2984,0.0913,0.0112,0.9761
2985,-0.0276,-0.0962,0.9036
2986,-0.2246,0.0762,0.9194
2987,-0.2559,0.2568,0.8550
2988,-0.1753,0.1208,0.8667
2989,-0.0591,0.0872,1.0198
2990,0.1257,-0.0432,0.9556
2991,0.1868,-0.0234,1.0317
2992,0.2317,-0.0415,1.0698
2993,0.1677,-0.1589,1.0249
2994,-0.0295,-0.0823,1.0464
2995,-0.1445,-0.1426,0.9885
2996,-0.2419,-0.0493,0.9670
2997,-0.1863,0.0469,0.9097
2998,-0.0002,0.0620,0.8979
2999,0.1536,0.1431,0.8892
3000,0.2402,0.0974,0.8567
3001,0.1147,0.0823,0.9680
3002,-0.0073,-0.0083,0.9573
3003,-0.1616,-0.1379,0.9985
3004,-0.1738,0.0110,1.0754
3005,-0.0146,-0.1167,0.9729
3006,0.0447,-0.0164,1.0698
3007,0.1387,-0.1011,1.0110
3008,0.0813,-0.0913,0.9966
3009,-0.1060,0.0291,0.9946
3010,-0.1248,-0.0212,0.8950
3011,-0.1553,0.1431,0.9253
3012,-0.0522,0.1123,0.8574
3013,0.1201,0.0933,0.8999
3014,0.1016,0.0381,0.9504
3015,0.1477,-0.0667,0.9771
3016,-0.0339,-0.1570,1.0210
3017,-0.0781,-0.0703,1.0522
3018,-0.0579,-0.0408,1.0024
3019,-0.1240,-0.0039,0.9985
3020,-0.0688,0.0132,1.0571
3021,-0.0503,0.0066,0.9612
3022,-0.1233,0.0178,0.9429
3023,-0.1184,0.0024,0.9585
3024,-0.0308,0.0793,0.8723
3025,0.0439,-0.0249,0.8638
3026,0.1880,0.0120,0.9680
3027,0.2522,0.0439,0.9243
3028,0.1155,0.0032,0.9360
3029,-0.0032,-0.0269,1.0676
3030,-0.1306,-0.0889,0.9875
3031,-0.1743,0.0493,0.9927
3032,-0.1616,0.0166,0.9976
3033,-0.0742,-0.0669,1.0435
3034,-0.0142,-0.1199,1.0142
3035,-0.0242,-0.0129,0.9712
3036,0.0312,0.0471,0.9641
3037,0.1101,-0.0684,0.8843
3038,0.0430,0.0530,0.9407
3039,0.1511,0.0920,0.8706
3040,0.1116,0.0671,0.8928
3041,-0.0229,0.1177,1.0071
3042,-0.0103,-0.0066,0.9282
3043,-0.0657,-0.0527,1.0178
3044,-0.1255,-0.0269,1.0676
3045,-0.0193,-0.1113,0.9741
3046,-0.0901,-0.1345,1.0688
3047,-0.0686,-0.0813,1.0627
3048,-0.0654,-0.1108,0.9084
3049,-0.0581,-0.0205,0.9907
3050,0.0537,0.1150,0.9006
3051,0.1050,0.1941,0.7952
3052,0.1101,0.1238,0.9302
3053,0.1167,0.0322,0.9651
3054,0.0107,0.0181,0.9312
3055,-0.0496,-0.0181,1.0012
3056,-0.0303,-0.0037,1.0610
3057,-0.0566,-0.1062,0.9595
3058,-0.0591,-0.1624,1.0503
3059,-0.1030,-0.0930,1.0776
3060,-0.1289,-0.0337,0.9180
3061,-0.1440,0.0122,0.9888
3062,-0.0535,0.0029,0.9612
3063,0.0239,0.0654,0.8569
3064,0.0493,0.1409,0.8743
3065,0.1758,0.0549,0.9524
3066,0.1746,0.0542,0.9497
3067,0.0977,0.1094,0.9722
3068,0.0522,-0.0403,1.0256
3069,-0.0198,-0.2239,1.0237
3070,-0.0566,-0.2117,1.0588
3071,-0.1255,-0.0569,0.9954
3072,-0.1560,-0.0017,0.9897
3073,-0.1726,-0.0515,1.0012
3074,-0.1528,-0.0071,0.9614
3075,-0.0300,0.1223,0.8616
3076,0.1438,0.1287,0.8433
3077,0.2219,0.1570,0.9065
3078,0.2815,0.0674,0.8804
3079,0.1787,-0.0090,0.9976
3080,-0.0103,-0.0659,1.0249
3081,-0.1189,-0.1509,1.0227
3082,-0.2542,-0.0732,1.0471
3083,-0.2134,-0.0640,1.0178
3084,-0.2031,-0.0281,1.0054
3085,-0.1460,0.0120,1.0151
3086,-0.1125,-0.0342,0.9800
3087,-0.0994,0.0234,0.9436
3088,0.1230,0.0305,0.9106
3089,0.2229,0.0547,0.8608
3090,0.2952,0.0996,0.8833
3091,0.3159,0.0667,0.9165
3092,0.0940,0.0710,0.9875
3093,-0.0854,-0.0398,0.9897
3094,-0.1899,-0.1138,1.0256
3095,-0.2034,-0.1218,1.0522
3096,-0.1812,-0.1079,0.9995
3097,-0.1016,-0.0005,1.0425
3098,-0.0408,-0.0430,0.9849
3099,-0.0945,-0.0154,0.9692
3100,0.0007,0.0464,0.9595
3101,0.0571,0.0042,0.8755
3102,0.1208,0.1584,0.9028
3103,0.2065,-0.0156,0.8401
3104,0.2144,0.0618,0.9954
3105,0.1311,-0.0051,0.9624
3106,-0.0215,-0.0803,0.9807
3107,-0.1287,-0.0208,1.1047
3108,-0.0698,-0.1245,0.9680
3109,-0.1423,0.0457,1.0256
3110,-0.0508,-0.0793,1.0081
3111,-0.0833,-0.0808,1.0027
3112,-0.1907,-0.0020,0.9761
3113,-0.1475,-0.0276,0.9312
3114,-0.0806,0.0476,0.9441
3115,0.0413,0.0845,0.8538
3116,0.1711,0.1938,0.8813
3117,0.1689,0.1514,0.9524
3118,0.1025,-0.0337,0.9517
3119,0.0349,-0.0952,1.0454
3120,0.0193,-0.1541,1.0266
3121,-0.0261,-0.0818,1.0266
3122,-0.0188,-0.0986,1.0100
3123,-0.0471,-0.1641,1.0256
3124,-0.1479,0.0310,1.0054
3125,-0.2351,0.0481,0.8948
3126,-0.2893,0.0884,0.9468
3127,-0.1477,0.0642,0.8997
3128,0.0740,0.1169,0.8225
3129,0.2415,0.1787,0.9360
3130,0.3804,0.0239,0.9468
3131,0.2773,-0.0518,1.0295
3132,0.0886,-0.2271,1.0356
3133,-0.0637,-0.2104,1.0813
3134,-0.2329,-0.0281,1.0132
3135,-0.2402,-0.0815,0.9526
3136,-0.2703,0.0159,1.0764
3137,-0.1917,0.0066,0.8999
3138,-0.0962,0.1348,0.9204
3139,0.0305,0.1919,0.9502
3140,0.1577,0.0054,0.8313
3141,0.1743,0.0513,0.8958
3142,0.2236,0.0435,0.9321
3143,0.1907,-0.0107,0.9429
3144,0.0417,0.0378,1.0588
3145,0.0369,-0.2229,1.0308
3146,-0.0305,-0.1011,1.0764
3147,0.0110,-0.0029,1.0247
3148,-0.0261,-0.0190,0.9487
3149,-0.1321,-0.0166,1.0286
3150,-0.2202,-0.0530,0.9722
3151,-0.2534,0.0471,0.9136
3152,-0.2783,0.0251,0.9211
3153,-0.0693,0.0786,0.8892
3154,0.0864,0.0364,0.8342
3155,0.1682,0.0310,0.9546
3156,0.3091,0.0564,0.9915
3157,0.2061,-0.0461,0.9797
3158,0.0908,-0.0342,1.1233
3159,0.1006,-0.1763,1.0354
3160,0.0107,-0.1277,1.0249
3161,-0.0583,-0.0229,1.0295
3162,-0.0667,-0.0710,0.9380
3163,-0.2542,-0.0188,0.9836
3164,-0.3601,0.0254,0.9407
3165,-0.3083,0.1350,0.8469
3166,-0.1064,0.1616,0.8464
3167,0.1160,0.1111,0.8716
3168,0.3958,0.1196,0.9087
3169,0.4465,-0.0156,0.9546
3170,0.2834,-0.0488,1.0728
3171,0.1343,-0.2007,1.0588
3172,-0.0808,-0.1289,1.0920
3173,-0.2449,-0.1162,1.0588
3174,-0.2234,-0.1096,0.9915
3175,-0.2490,0.0044,1.0149
3176,-0.2175,0.0522,0.9260
3177,-0.2148,0.0789,0.8860
3178,-0.1345,0.0996,0.9172
3179,0.0916,0.1240,0.8325
3180,0.1685,0.1257,0.8254
3181,0.2744,0.0886,0.9602
3182,0.2893,-0.0869,0.9644
3183,0.0503,-0.1108,1.0422
3184,-0.0193,-0.1338,1.1040
3185,-0.0938,-0.2485,1.0784
3186,-0.0840,-0.0413,1.0862
3187,0.0120,-0.0144,0.9517
3188,-0.0442,0.1021,0.9966
3189,-0.1609,0.0000,0.9250
3190,-0.2307,0.0688,0.8765
3191,-0.2371,0.1938,0.8733
3192,-0.0605,0.0129,0.8032
3193,0.0503,0.0759,0.9446
3194,0.2375,0.0159,0.9185
3195,0.2773,-0.0466,1.0042
3196,0.1692,-0.1121,1.0649
3197,0.1013,-0.1660,1.0640
3198,0.0193,0.0193,1.0649
3199,-0.1606,-0.0918,1.0034
3200,-0.1472,-0.0061,1.0544
3201,-0.1926,-0.0591,0.9348
3202,-0.1855,0.1321,0.9536
3203,-0.1538,0.0203,0.8765
3204,-0.0276,-0.0115,0.9036
3205,0.1050,0.0581,0.8606
3206,0.1648,0.1414,0.8462
3207,0.1780,0.0481,0.9614
3208,0.1040,-0.0977,1.0237
3209,-0.0103,-0.0901,1.0344
3210,-0.0090,-0.0139,1.0493
3211,0.0103,-0.0352,1.0757
3212,-0.0042,-0.0981,1.0249
3213,-0.0171,-0.0701,1.0366
3214,-0.0889,-0.0149,0.9985
3215,-0.1836,-0.0278,0.9116
3216,-0.2017,0.0273,0.9399
3217,-0.1333,0.0286,0.8521
3218,-0.0120,0.1182,0.8352
3219,0.1035,0.1382,0.8530
3220,0.2153,0.1125,0.9358
3221,0.1345,0.0662,0.9583
3222,0.0862,-0.0498,1.0386
3223,0.0593,-0.1511,1.1226
3224,-0.0259,-0.1763,1.0862
3225,-0.0212,-0.1008,1.0562
3226,-0.0627,-0.1060,1.0220
3227,-0.0833,-0.0872,1.0090
3228,-0.1567,0.0068,0.9312
3229,-0.1086,0.1528,0.8901
3230,-0.0522,0.0918,0.8208
3231,0.0710,0.2151,0.8547
3232,0.1504,0.0647,0.8206
3233,0.0989,0.0603,0.9585
3234,-0.0112,-0.0454,1.0012
3235,-0.0081,-0.2246,1.0559
3236,-0.0715,-0.1448,1.1489
3237,0.0059,-0.1230,1.0317
3238,0.1113,-0.0437,1.0474
3239,0.0525,-0.0486,1.0396
3240,0.0332,0.0684,0.9526
3241,-0.1150,0.0908,0.8794
3242,-0.2090,0.1416,0.9233
3243,-0.1401,0.0718,0.8315
3244,-0.1187,0.0151,0.8452
3245,-0.0437,0.0544,0.9456
3246,0.0325,-0.0449,0.9221
3247,0.0515,-0.0034,1.0054
3248,0.1392,-0.1099,1.0620
3249,0.1338,0.0042,1.0884
3250,0.1558,0.0093,1.0081
3251,0.1343,-0.1460,1.0188
3252,0.0232,0.0359,1.0552
3253,-0.0850,-0.0737,0.8899
3254,-0.2595,-0.0295,0.9729
3255,-0.2856,-0.0007,0.9468
3256,-0.1965,-0.0078,0.8042
3257,-0.0901,0.0913,0.9163
3258,0.1233,0.1060,0.9058
3259,0.1582,0.0674,0.8989
3260,0.1555,-0.0195,1.0347
3261,0.1743,-0.1418,1.0579
3262,0.1045,0.0098,1.0540
3263,0.0842,-0.0547,1.0181
3264,-0.0132,-0.1311,1.0813
3265,-0.1174,-0.0688,1.0178
3266,-0.1912,-0.0369,0.9368
3267,-0.2559,0.0918,0.9631
3268,-0.1677,0.0610,0.8743
3269,-0.0725,0.1338,0.8245
3270,0.0664,0.1069,0.8745
3271,0.1643,0.0720,0.8879
3272,0.1604,0.0264,0.9592
3273,0.1187,-0.1868,1.0435
3274,0.0132,-0.1365,1.1099
3275,0.0142,-0.0979,1.0461
3276,0.0139,-0.0742,1.0471
3277,-0.0061,-0.0227,1.0706
3278,-0.0474,-0.0090,0.9448
3279,-0.1211,0.0891,0.9465
3280,-0.2197,0.1204,0.9065
3281,-0.1492,0.1089,0.8508
3282,-0.0571,0.0256,0.8645
3283,0.0718,0.0349,0.8987
3284,0.1179,0.0254,0.8999
3285,0.1079,-0.0835,0.9827
3286,0.0740,-0.1855,1.0784
3287,0.0308,-0.1226,1.0784
3288,0.1140,0.0156,1.0425
3289,0.0740,-0.0085,1.0393
3290,-0.0493,0.0076,1.0120
3291,-0.1011,-0.0186,0.9670
3292,-0.2485,0.0925,0.9644
3293,-0.2996,0.0732,0.8928
3294,-0.1599,-0.0447,0.8967
3295,0.0095,-0.0491,0.9124
3296,0.2158,0.0146,0.8674
3297,0.3196,0.0901,0.9053
3298,0.2024,-0.0950,0.9868
3299,0.1016,-0.0466,1.0308
3300,0.0046,0.0583,1.0093
3301,-0.0881,0.0413,1.0208
3302,-0.1038,0.0371,1.0403
3303,-0.1208,-0.0225,0.9934
3304,-0.1685,-0.0398,1.0073
3305,-0.2000,-0.0837,0.9907
3306,-0.1602,-0.0249,0.9480
3307,0.0156,-0.0588,0.9019
3308,0.1121,-0.0627,0.9077
3309,0.2058,0.0725,0.8987
3310,0.2717,0.1047,0.8794
3311,0.0828,0.0630,0.9526
3312,-0.0188,0.0449,1.0034
3313,-0.1633,-0.0398,0.9963
3314,-0.2239,0.0684,1.0708
3315,-0.1621,-0.0808,1.0120
3316,-0.0837,-0.0830,1.0725
3317,-0.0615,-0.1516,1.0356
3318,-0.0144,-0.0874,0.9670
3319,0.0583,0.0020,0.9407
3320,0.0850,0.0012,0.8762
3321,0.1067,0.1487,0.8667
3322,0.0698,0.1255,0.8403
3323,-0.0032,0.1338,0.9282
3324,-0.0640,-0.0100,0.9517
3325,-0.0334,-0.0813,1.0181
3326,-0.0332,-0.0422,1.0999
3327,0.0337,-0.1089,1.0149
3328,0.0312,-0.2009,1.0640
3329,-0.0237,-0.1267,1.0737
3330,-0.0642,0.0432,0.9409
3331,-0.1362,0.0713,0.9077
3332,-0.0547,0.0737,0.9634
3333,0.0327,0.0459,0.8303
3334,0.0737,0.1631,0.8499
3335,0.1841,0.0950,0.9426
3336,0.1133,-0.0820,0.9585
3337,-0.0300,-0.0376,1.0344
3338,-0.0994,-0.1309,1.0276
3339,-0.1335,-0.0403,1.0767
3340,-0.1208,-0.1028,1.0042
3341,-0.0283,-0.1064,1.0474
3342,0.0349,0.0342,1.0288
3343,-0.0305,0.0159,0.9006
3344,-0.0320,0.1182,0.9614
3345,-0.0557,0.0122,0.8491
3346,-0.0410,0.1223,0.8645
3347,0.0723,0.0283,0.8469
3348,0.1333,-0.0581,0.9475
3349,0.1255,0.0789,1.0071
3350,0.1187,-0.1194,0.9368
3351,-0.0374,-0.0996,1.1382
3352,-0.0815,-0.0471,1.0308
3353,-0.0906,0.0005,0.9534
3354,-0.1443,0.0999,1.0774
3355,-0.0801,-0.0408,0.9819
3356,-0.1011,0.0110,0.9624
3357,-0.0730,0.0459,0.9602
3358,0.0342,-0.0386,0.8794
3359,0.0483,-0.0444,0.8831
3360,0.1294,-0.0200,0.8987
3361,0.1326,0.0527,0.8911
3362,-0.0127,0.0874,0.9448
3363,-0.0378,-0.0491,1.0122
3364,-0.0896,-0.0383,1.0540
3365,-0.0210,-0.0002,1.0022
3366,0.0415,0.0417,1.0327
3367,0.0491,-0.0085,1.0317
3368,0.0085,-0.1375,1.0227
3369,-0.0667,-0.0444,1.0063
3370,-0.1521,-0.0820,0.9221
3371,-0.1177,0.0593,0.9194
3372,-0.0288,0.1089,0.8491
3373,0.0959,0.0093,0.8618
3374,0.1360,0.0659,0.9631
3375,0.1062,0.0015,0.9436
3376,0.0269,0.0581,1.0093
3377,0.0073,-0.0508,1.0266
3378,0.0076,-0.0654,1.0464
3379,-0.0176,-0.0503,1.0090
3380,-0.0056,-0.0398,1.0276
3381,-0.0962,-0.0117,1.0210
3382,-0.1958,-0.0911,0.9517
3383,-0.2063,-0.0850,0.9651
3384,-0.1243,0.0464,0.8921
3385,0.0847,0.0671,0.8345
3386,0.2180,0.0261,0.9214
3387,0.2434,0.0552,0.9517
3388,0.1638,0.0186,0.9351
3389,-0.0020,0.0305,1.0381
3390,-0.0974,-0.0601,1.0432
3391,-0.1372,-0.0618,0.9966
3392,-0.1536,-0.0684,1.0295
3393,-0.0498,-0.0283,1.0110
3394,-0.0686,0.0032,0.9641
3395,-0.1401,-0.0283,0.9722
3396,-0.0903,-0.0059,0.9585
3397,-0.0137,0.0618,0.8625
3398,0.0518,0.1387,0.8596
3399,0.2354,0.0525,0.9182
3400,0.2581,-0.0093,0.9575
3401,0.1841,-0.0237,0.9956
3402,0.0688,-0.0593,1.0415
3403,-0.1040,-0.0557,1.0269
3404,-0.1401,-0.0181,1.0129
3405,-0.1411,-0.0476,0.9927
3406,-0.1885,0.0291,1.0181
3407,-0.1890,-0.0078,0.9409
3408,-0.2439,-0.0444,0.9641
3409,-0.1877,-0.0449,0.9507
3410,0.0630,-0.0061,0.8628
3411,0.1807,0.0955,0.8879
3412,0.3274,0.0356,0.9165
3413,0.3706,0.0173,0.9866
3414,0.2393,0.0471,0.9946
3415,0.0437,0.0288,1.0122
3416,-0.0818,0.0049,1.0376
3417,-0.1736,-0.1064,1.0208
3418,-0.2910,-0.0825,1.0110
3419,-0.2305,-0.0432,0.9924
3420,-0.2043,-0.0989,0.9888
3421,-0.1741,-0.0940,0.9641
3422,-0.0039,-0.0208,0.8914
3423,0.1687,0.0906,0.8713
3424,0.2261,0.1379,0.8655
3425,0.2952,0.1316,0.8784
3426,0.2065,0.0425,0.9739
3427,-0.0283,0.0039,1.0093
3428,-0.1182,0.0127,1.0181
3429,-0.2451,-0.1006,1.0435
3430,-0.1763,-0.0693,1.0854
3431,-0.0688,-0.1628,0.9927
3432,0.0322,-0.0608,1.0549
3433,0.0325,-0.1218,0.9827
3434,0.0759,-0.0198,0.8948
3435,-0.0278,0.0688,0.9172
3436,-0.0115,0.1091,0.8389
3437,-0.0056,0.0972,0.8618
3438,-0.0166,0.1226,0.9387
3439,0.0576,0.1008,0.9622
3440,0.0566,-0.0181,1.0122
3441,0.0493,-0.0515,1.0852
3442,0.1633,-0.1150,1.0256
3443,0.1199,-0.0837,1.0217
3444,-0.0300,-0.0452,1.0227
3445,-0.1631,-0.0562,0.9722
3446,-0.3696,-0.0679,0.9790
3447,-0.4165,-0.0479,0.9487
3448,-0.2292,0.0391,0.9045
3449,0.0286,0.0586,0.8521
3450,0.2722,0.1533,0.8931
3451,0.4260,0.0432,0.8882
3452,0.3125,-0.0339,1.0054
3453,0.1450,-0.0667,1.0530
3454,-0.0334,-0.0479,1.0364
3455,-0.1228,0.0090,1.0151
3456,-0.1487,-0.1157,0.9915
3457,-0.1289,0.0142,1.0239
3458,-0.1294,-0.0342,0.9409
3459,-0.1511,-0.0474,0.9915
3460,-0.1184,-0.0613,0.9614
3461,-0.0393,-0.0530,0.8882
3462,0.0281,0.1738,0.8940
3463,0.1458,0.1414,0.8472
3464,0.1448,0.1428,0.9224
3465,0.1047,0.0320,0.9998
3466,0.0342,-0.0588,1.0266
3467,-0.0149,0.0081,1.0601
3468,0.0515,-0.0808,1.0413
3469,0.0193,-0.1372,1.0452
3470,0.0239,-0.0564,1.0286
3471,-0.0413,-0.0786,0.9578
3472,-0.2114,-0.0598,0.9780
3473,-0.2693,-0.0220,0.9543
3474,-0.2361,0.0981,0.8499
3475,-0.1497,0.1267,0.8401
3476,0.0884,0.0667,0.8909
3477,0.2383,0.0352,0.9250
3478,0.2493,0.1035,0.9771
3479,0.1958,0.0039,1.0178
3480,0.0588,-0.1401,1.0903
3481,0.0361,-0.0879,1.0618
3482,-0.0593,-0.0759,0.9731
3483,-0.0742,-0.0806,1.0269
3484,-0.1548,-0.1313,1.0171
3485,-0.1958,-0.0193,0.9331
3486,-0.1931,0.0098,0.9263
3487,-0.1689,0.0615,0.9407
3488,0.0264,0.0818,0.8481
3489,0.0740,0.0742,0.8833
3490,0.0981,0.1792,0.9556
3491,0.1765,-0.0662,0.9155
3492,0.1082,0.0076,1.0981
3493,0.2219,-0.0142,1.0491
3494,0.2607,-0.0928,1.0034
3495,0.1003,-0.0894,1.0823
3496,-0.0081,-0.1360,0.9690
3497,-0.2573,-0.0642,0.9702
3498,-0.5229,-0.1482,0.9868
3499,-0.4788,-0.0522,0.9526
3500,-0.2795,0.0979,0.8772
3501,-0.0061,0.1997,0.8325
3502,0.3022,0.2747,0.8879
3503,0.4612,0.1494,0.8872
3504,0.3752,0.0083,0.9829
3505,0.2095,-0.0122,1.0530
3506,-0.0337,-0.1165,1.0103
3507,-0.1531,-0.1721,1.0833
3508,-0.1611,-0.1472,1.0308
3509,-0.1794,-0.0144,0.9790
3510,-0.1736,-0.0269,0.9885
3511,-0.1748,-0.0696,0.9614
3512,-0.1833,0.0391,0.9182
3513,-0.0811,0.0803,0.8823
3514,0.0166,0.0950,0.8645
3515,0.1333,0.0479,0.8909
3516,0.2354,-0.0051,0.9438
3517,0.1912,0.0625,1.0073
3518,0.1487,-0.0112,1.0093
3519,0.1277,-0.0415,1.0825
3520,0.0247,-0.1497,1.0620
3521,-0.0237,-0.0874,1.0227
3522,-0.1121,-0.0408,1.0188
3523,-0.2866,-0.1006,0.9712
3524,-0.2563,-0.0847,0.9565
3525,-0.2065,-0.0417,0.9185
3526,-0.0427,0.0950,0.8845
3527,0.1892,0.1804,0.8176
3528,0.2620,0.2446,0.8774
3529,0.2681,0.1455,0.9329
3530,0.1216,0.0007,0.9448
3531,-0.0872,-0.0559,1.1028
3532,-0.1331,-0.1628,1.0474
3533,-0.0964,-0.1506,1.0491
3534,-0.0881,-0.1729,1.0757
3535,0.0044,-0.1108,1.0220
3536,-0.0647,-0.0266,0.9849
3537,-0.1389,0.0618,0.9204
3538,-0.1367,0.0815,0.9016
3539,-0.0811,0.1323,0.8550
3540,0.0154,0.2104,0.8433
3541,0.0549,0.1462,0.8743
3542,0.0823,-0.0361,0.9573
3543,0.0273,-0.1062,1.0317
3544,0.0134,-0.1506,1.0491
3545,0.1045,-0.1729,1.0999
3546,0.0820,-0.1953,1.0767
3547,0.1301,-0.0403,1.0334
3548,0.0571,-0.0811,0.9436
3549,-0.1274,0.0923,0.9966
3550,-0.2869,0.0879,0.8582
3551,-0.2925,0.1099,0.8667
3552,-0.1182,0.1536,0.9163
3553,0.0669,0.1130,0.8040
3554,0.2219,0.1450,0.9253
3555,0.2563,-0.0869,0.9768
3556,0.1365,-0.1335,1.0464
3557,0.0159,-0.1531,1.0688
3558,-0.0488,-0.1472,1.0715
3559,-0.0264,-0.0640,1.0786
3560,0.0566,-0.0217,0.9651
3561,0.0415,0.0784,1.0100
3562,-0.0518,0.0300,0.9458
3563,-0.1882,0.0112,0.8997
3564,-0.2356,0.0322,0.9253
3565,-0.1638,0.0339,0.8538
3566,-0.0742,0.0449,0.8752
3567,0.0222,0.0571,0.9312
3568,0.1262,0.0188,0.9417
3569,0.0488,-0.0381,1.0071
3570,0.0286,-0.0115,1.0354
3571,0.1011,-0.0378,1.0249
3572,0.0879,0.0249,1.0562
3573,0.1794,-0.0640,1.0178
3574,0.0618,-0.0703,1.0200
3575,-0.0691,-0.0798,0.9895
3576,-0.1931,-0.1106,0.9495
3577,-0.2913,-0.0020,0.9282
3578,-0.1987,0.0859,0.8264
3579,-0.0930,0.1250,0.8440
3580,0.0337,0.1067,0.9280
3581,0.2368,0.0569,0.9031
3582,0.1584,0.0581,0.9907
3583,0.1855,-0.0198,1.0481
3584,0.1533,-0.1682,1.0415
3585,-0.0093,-0.0598,1.0969
3586,-0.0566,-0.0007,1.0132
3587,-0.1665,-0.1409,0.9849
3588,-0.1899,-0.1165,1.0537
3589,-0.1140,-0.0786,0.9084
3590,-0.0464,0.1726,0.8323
3591,0.0212,0.2896,0.8745
3592,0.0713,0.0078,1.0083
3593,0.0566,0.0796,0.7729
3594,-0.0166,0.1147,0.9351
3595,-0.0300,-0.0552,1.0862
3596,-0.0105,-0.2498,1.0425
3597,0.1147,-0.1848,1.1008
3598,0.2090,-0.0964,1.0823
3599,0.0833,-0.0247,0.9661
3600,-0.0842,-0.0598,1.0396
3601,-0.2310,-0.0449,0.9800
3602,-0.4001,0.1067,0.8323
3603,-0.2397,0.2261,0.8882
3604,-0.0657,0.1147,0.8591
3605,0.1189,0.0413,0.8745
3606,0.2681,0.0466,0.9192
3607,0.1892,-0.0076,0.9836
3608,-0.0027,-0.1362,1.0344
3609,-0.0039,-0.1936,1.0950
3610,-0.1121,-0.0752,1.0872
3611,-0.0391,-0.0535,0.9954
3612,-0.0024,-0.0540,1.0337
3613,-0.0508,-0.0127,0.9712
3614,-0.1499,-0.0273,0.9185
3615,-0.0745,0.1785,0.9368
3616,-0.0144,0.0889,0.8325
3617,0.1333,0.1685,0.9026
3618,0.2083,0.0596,0.8469
3619,0.1531,0.0288,0.9380
3620,-0.0273,-0.0061,0.9778
3621,-0.1648,-0.1128,1.0188
3622,-0.1719,-0.1140,1.0903
3623,-0.1143,-0.1553,1.0366
3624,0.0320,-0.0208,1.0618
3625,0.1238,-0.0698,1.0156
3626,0.1067,-0.0320,1.0073
3627,0.0002,-0.0039,0.9478
3628,-0.0203,0.1101,0.9099
3629,-0.0310,0.0974,0.8694
3630,0.0205,0.0833,0.8589
3631,0.0229,0.0789,0.8879
3632,0.0208,0.0613,0.9429
3633,-0.0425,-0.0811,0.9829
3634,-0.1174,-0.1401,1.0442
3635,-0.0793,-0.0234,1.0454
3636,-0.0244,-0.0576,1.0112
3637,-0.0356,-0.0447,1.0317
3638,0.0142,0.0110,1.0022
3639,-0.0144,-0.0188,0.9604
3640,-0.0723,0.0029,0.9536
3641,0.0088,0.0938,0.9282
3642,0.0491,0.0618,0.8684
3643,0.0391,0.0054,0.8987
3644,0.0459,0.0291,0.9438
3645,-0.0396,-0.0349,0.9441
3646,-0.1875,-0.1067,1.0032
3647,-0.1138,-0.0571,1.0322
3648,-0.0112,-0.0183,1.0112
3649,0.0903,-0.0110,1.0081
3650,0.1714,-0.0427,1.0061
3651,0.1003,0.0205,1.0266
3652,-0.0247,-0.0068,0.9575
3653,-0.1050,0.0305,0.9585
3654,-0.1326,-0.0017,0.9263
3655,0.0200,0.0776,0.8931
3656,0.1189,0.0305,0.8706
3657,0.1497,0.0667,0.9507
3658,0.0938,-0.0308,0.9614
3659,-0.0830,-0.1265,0.9963
3660,-0.1392,-0.0159,1.0396
3661,-0.0806,0.0034,0.9788
3662,-0.0264,-0.0132,0.9944
3663,0.0112,-0.0249,1.0107
3664,0.0515,0.0520,0.9995
3665,-0.0637,-0.0278,0.9653
3666,-0.1301,0.0330,0.9624
3667,-0.0996,0.0574,0.9153
3668,-0.0474,0.0322,0.8765
3669,-0.0068,-0.0183,0.8931
3670,0.0747,0.1140,0.9709
3671,0.0505,-0.0388,0.9331
3672,0.0393,-0.0859,1.0405
3673,0.1121,-0.0925,1.0112
3674,0.1296,-0.0725,1.0159
3675,0.0940,0.0000,1.0161
3676,0.0474,-0.1558,0.9897
3677,-0.1458,-0.0588,1.0725
3678,-0.2676,-0.0076,0.9321
3679,-0.2747,0.0916,0.9407
3680,-0.1562,0.0876,0.9006
3681,0.1062,0.0540,0.8579
3682,0.1956,0.1230,0.8901
3683,0.2495,0.1174,0.9143
3684,0.1333,0.0137,0.9797
3685,-0.0129,-0.0945,1.0181
3686,-0.0801,-0.0830,1.0278
3687,-0.1230,-0.0405,1.0132
3688,-0.0781,-0.0901,0.9976
3689,0.0115,-0.0427,1.0356
3690,-0.0342,-0.0320,0.9895
3691,-0.0015,-0.0349,0.9758
3692,-0.0735,-0.0244,0.9487
3693,0.0125,0.1201,0.9067
3694,0.0610,0.0742,0.8452
3695,0.0137,0.0535,0.9224
3696,0.0708,-0.0015,0.9612
3697,0.0552,-0.0493,1.0054
3698,-0.0110,0.0293,1.0259
3699,0.0171,-0.0312,0.9807
3700,-0.0315,-0.0649,1.0374
3701,-0.1130,-0.0583,1.0168
3702,-0.1528,-0.0276,1.0044
3703,-0.2444,-0.0156,1.0200
3704,-0.2153,-0.0518,0.9536
3705,-0.0583,-0.0115,0.9358
3706,0.1335,0.0625,0.8706
3707,0.3020,0.1250,0.8438
3708,0.3206,0.0645,0.9009
3709,0.2236,-0.0427,0.9761
3710,-0.0168,-0.0469,1.0081
3711,-0.1763,-0.0862,1.0356
3712,-0.1843,-0.1091,1.0354
3713,-0.1079,-0.0320,1.0024
3714,-0.0415,0.0486,0.9878
3715,0.0129,-0.0076,0.9963
3716,-0.0549,-0.0017,1.0178
3717,-0.1348,0.0854,0.9456
3718,-0.1326,0.1216,0.9182
3719,-0.0129,0.0159,0.8774
3720,0.1218,-0.0090,0.9094
3721,0.1951,-0.0161,0.9202
3722,0.2427,-0.0181,0.9797
3723,0.1340,-0.1228,0.9995
3724,0.0112,-0.1389,1.0344
3725,-0.0283,-0.0864,1.0161
3726,-0.1519,-0.0159,0.9888
3727,-0.1912,0.1057,0.9885
3728,-0.2419,0.0288,0.9514
3729,-0.3145,0.0515,0.9897
3730,-0.1897,0.0503,0.9456
3731,-0.0854,0.0618,0.9126
3732,0.1079,0.0823,0.9175
3733,0.2703,0.0200,0.8733
3734,0.2876,0.0457,0.9622
3735,0.2793,-0.0330,0.9739
3736,0.1201,-0.1162,0.9976
3737,-0.0054,-0.0762,1.0432
3738,-0.1001,-0.0459,0.9875
3739,-0.1699,0.0195,0.9849
3740,-0.1775,-0.0588,0.9797
3741,-0.1997,-0.0408,1.0112
3742,-0.1653,0.0535,0.9680
3743,-0.0562,-0.0059,0.9163
3744,0.0068,0.0437,0.9792
3745,0.1697,-0.0134,0.8862
3746,0.2515,-0.0283,0.9026
3747,0.1995,0.0854,0.9956
3748,0.0969,0.0002,0.9114
3749,-0.0737,-0.1055,1.0393
3750,-0.1606,-0.0684,1.0649
3751,-0.0735,0.0427,0.9536
3752,-0.0554,0.0627,0.9963
3753,-0.0166,-0.0874,1.0227
3754,-0.0283,-0.0127,0.9771
3755,-0.1072,-0.0022,0.9231
3756,-0.1826,0.0330,0.9692
3757,-0.0657,-0.0200,0.9019
3758,0.0569,0.0576,0.8857
3759,0.1501,0.0627,0.8992
3760,0.2537,0.0615,0.9556
3761,0.1475,-0.0488,1.0178
3762,0.0020,-0.0503,1.0325
3763,-0.1304,0.0115,1.0220
3764,-0.1724,-0.0276,1.0110
3765,-0.1487,-0.0554,0.9993
3766,-0.0598,-0.0896,1.0432
3767,-0.0522,0.0029,0.9692
3768,0.0203,-0.0259,0.8840
3769,0.1362,0.0305,1.0005
3770,0.0718,-0.0415,0.9094
3771,-0.0698,0.0925,0.8528
3772,-0.1863,0.1189,0.8508
3773,-0.1433,0.0767,0.9377
3774,-0.0466,0.0361,0.9065
3775,0.1155,0.0090,1.0969
3776,0.2932,-0.1792,1.1125
3777,0.3081,-0.1851,0.9709
3778,0.1443,-0.0991,1.0823
3779,-0.1062,-0.1064,1.0374
3780,-0.3745,-0.0996,0.9868
3781,-0.5134,-0.0056,0.9553
3782,-0.3418,0.2002,0.8940
3783,0.0105,0.2603,0.8254
3784,0.2849,0.0896,0.8667
3785,0.3967,0.0933,0.9204
3786,0.3442,0.0461,0.9124
3787,0.0920,-0.1045,1.0474
3788,-0.1416,-0.2280,1.0862
3789,-0.1409,-0.2200,1.0454
3790,-0.0532,-0.1042,1.0630
3791,0.0581,-0.0068,1.0044
3792,0.1675,0.0972,0.9465
3793,0.0491,0.0830,0.9495
3794,-0.1802,0.1089,0.9331
3795,-0.3357,0.1230,0.8479
3796,-0.3669,0.1511,0.8899
3797,-0.2778,-0.0293,0.8745
3798,0.0005,-0.0674,0.9524
3799,0.2517,-0.0469,1.0259
3800,0.3494,-0.0994,1.0061
3801,0.3735,-0.0728,1.0481
3802,0.2788,-0.1301,1.0325
3803,0.0098,0.0527,1.0161
3804,-0.1375,0.0789,0.9417
3805,-0.2153,0.0469,0.9985
3806,-0.3489,-0.0525,0.9446
3807,-0.3159,0.0161,0.9419
3808,-0.2146,-0.0066,0.9407
3809,-0.0623,-0.0801,0.9211
3810,0.1714,-0.0588,0.9055
3811,0.3379,0.0088,0.9185
3812,0.2993,0.0422,0.9788
3813,0.2434,0.0303,0.9849
3814,0.1067,0.0227,1.0327
3815,-0.0664,0.0645,1.0061
3816,-0.1335,0.0576,0.9534
3817,-0.1289,0.0164,1.0200
3818,-0.1646,-0.0503,1.0103
3819,-0.1582,-0.0708,0.9709
3820,-0.2034,-0.1099,1.0220
3821,-0.1648,-0.1304,0.9661
3822,-0.0317,-0.0283,0.8716
3823,0.0457,0.1267,0.8650
3824,0.1968,0.0686,0.8911
3825,0.1929,0.0708,0.9651
3826,0.1128,0.0723,0.9702
3827,0.0815,0.0244,1.0591
3828,-0.0129,-0.1223,1.0542
3829,-0.0393,-0.0981,1.0168
3830,-0.0510,-0.0830,0.9917
3831,-0.1130,-0.0752,1.0198
3832,-0.1426,-0.0583,0.9875
3833,-0.1863,-0.0811,0.9653
3834,-0.1890,0.0999,0.9106
3835,-0.0554,0.1233,0.8303
3836,0.0745,0.0776,0.8916
3837,0.1560,0.0186,0.8999
3838,0.2063,0.0598,1.0005
3839,0.1179,-0.0493,1.0139
3840,0.0481,-0.0930,1.0513
3841,0.0376,0.0137,1.0579
3842,0.0061,-0.0217,0.9612
3843,0.0054,-0.0298,0.9954
3844,-0.0896,0.0049,0.9644
3845,-0.2253,0.0486,0.9377
3846,-0.3054,-0.0500,0.9260
3847,-0.1941,0.0347,0.9563
3848,-0.0640,0.0527,0.8716
3849,0.1216,0.0188,0.8850
3850,0.2983,0.0193,0.9954
3851,0.2258,-0.0208,0.9829
3852,0.1165,-0.0544,1.0298
3853,-0.0049,-0.1306,1.0571
3854,-0.0261,-0.0330,1.0513
3855,0.0271,0.0220,0.9448
3856,0.0305,0.0959,0.9749
3857,0.0212,0.0061,0.9768
3858,-0.1296,-0.0857,0.9407
3859,-0.2236,0.0496,0.9778
3860,-0.2146,0.0120,0.8928
3861,-0.1206,-0.0378,0.9292
3862,0.0054,-0.0410,0.9165
3863,0.1316,0.0378,0.9436
3864,0.1143,0.0854,0.9868
3865,0.0232,-0.0107,0.9709
3866,-0.0002,0.0989,1.0520
3867,0.0132,-0.0234,0.9575
3868,0.0312,0.0403,1.0217
3869,0.0710,-0.0405,0.9702
3870,0.0090,-0.1658,1.0071
3871,-0.0933,-0.0776,1.0024
3872,-0.1785,-0.1326,0.9282
3873,-0.1355,-0.0259,0.9524
3874,-0.1306,-0.0112,0.8586
3875,-0.0107,0.1555,0.9255
3876,0.0459,0.0830,0.9038
3877,-0.0024,0.0630,0.9800
3878,0.0923,0.0618,1.0103
3879,0.1348,-0.0122,1.0347
3880,0.1843,-0.0232,1.0247
3881,0.2466,-0.0933,1.0110
3882,0.1602,-0.1282,1.0452
3883,-0.0488,-0.1497,0.9966
3884,-0.2241,-0.0022,0.9771
3885,-0.3640,0.0315,0.9270
3886,-0.2839,0.0422,0.8625
3887,-0.1165,0.1577,0.8472
3888,0.0984,0.2456,0.8657
3889,0.1707,0.1138,0.8970
3890,0.1855,0.0398,1.0315
3891,0.0696,-0.0557,1.0315
3892,0.0208,-0.1973,1.0532
3893,0.0247,-0.1458,1.0676
3894,0.0200,-0.1462,1.0178
3895,-0.0461,-0.1165,0.9985
3896,-0.0908,-0.0671,0.9888
3897,-0.1538,0.0220,0.9661
3898,-0.2173,0.0928,0.9026
3899,-0.1382,0.1194,0.8889
3900,-0.0786,0.0469,0.8696
3901,0.0205,0.0681,0.9028
3902,0.1167,0.0742,0.9397
3903,0.1282,-0.0005,1.0142
3904,0.1389,-0.1311,1.0347
3905,0.1582,-0.0466,1.0747
3906,0.1069,0.0134,0.9954
3907,0.0017,-0.0759,0.9895
3908,-0.0496,-0.0420,1.0012
3909,-0.2166,-0.0149,0.9456
3910,-0.3030,0.0864,0.9507
3911,-0.2568,-0.0251,0.8977
3912,-0.0938,-0.0010,0.9329
3913,0.0862,0.0215,0.8853
3914,0.2363,0.0271,0.9202
3915,0.2344,0.0449,0.9907
3916,0.1396,-0.0435,0.9739
3917,0.0415,-0.0557,1.0471
3918,-0.0242,-0.0017,1.0110
3919,0.0056,0.0796,1.0151
3920,-0.0093,-0.0288,0.9807
3921,-0.0322,-0.0974,1.0315
3922,-0.1030,-0.0645,0.9966
3923,-0.1948,-0.0178,0.9438
3924,-0.2222,0.0227,0.9419
3925,-0.1313,-0.0046,0.8882
3926,-0.0549,-0.0205,0.8970
3927,0.0852,0.1279,0.9194
3928,0.2112,0.1738,0.9299
3929,0.2153,-0.0122,0.9858
3930,0.1687,-0.0557,1.0491
3931,0.1382,-0.0686,1.0325
3932,0.0027,-0.0977,1.0071
3933,-0.1636,-0.1194,1.0122
3934,-0.2446,-0.1438,1.0151
3935,-0.2920,-0.0613,1.0120
3936,-0.2820,0.0442,0.9192
3937,-0.0459,0.1472,0.9243
3938,0.1372,0.0784,0.8694
3939,0.2517,0.0771,0.8743
3940,0.2800,0.1260,0.8960
3941,0.1306,0.0630,0.9458
3942,-0.1206,-0.0947,1.0076
3943,-0.1487,-0.1001,1.0588
3944,-0.1428,-0.1099,1.0442
3945,-0.0305,-0.0959,1.0139
3946,0.1125,-0.0398,1.0259
3947,0.1335,0.0386,1.0015
3948,-0.0107,-0.0310,0.9575
3949,-0.1130,0.0435,0.9622
3950,-0.1582,0.1143,0.8918
3951,-0.0955,0.0562,0.8716
3952,0.0610,0.0369,0.8948
3953,0.1499,0.0867,0.9329
3954,0.1477,0.0527,0.9604
3955,0.0325,-0.1228,0.9956
3956,-0.0784,-0.1526,1.0757
3957,-0.1506,-0.0671,1.0229
3958,-0.1489,-0.0078,0.9741
3959,-0.0798,0.0056,1.0100
3960,0.0112,-0.0698,0.9836
3961,0.0378,-0.0176,0.9954
3962,-0.0317,0.0767,0.9165
3963,0.0583,0.1177,0.9133
3964,-0.0305,-0.0503,0.8889
3965,-0.1858,-0.0017,0.9875
3966,1.2834,0.0913,1.0815
3967,1.9980,0.1267,1.2827
3968,1.9978,0.6052,1.3215
3969,1.9978,0.9182,1.0608
3970,1.9978,0.9036,1.0208
3971,1.9978,0.1113,0.1721
3972,-0.0015,-0.8203,0.8069
3973,-1.9998,-1.7959,1.2905
3974,-1.9998,-1.9983,1.3352
3975,-1.9998,-1.8413,1.4446
3976,-1.9998,-0.4028,1.1467
3977,-1.8901,1.5833,0.5610
3978,1.9980,1.9998,0.3110
3979,1.9978,1.9998,0.2539
3980,1.9978,1.9998,0.4895
3981,1.9980,0.5740,0.5605
3982,1.7417,-1.4233,1.5549
3983,-1.9998,-1.9983,1.3889
3984,-1.9998,-1.9390,1.8164
3985,-1.9998,-0.9048,1.5520
3986,-1.9998,-0.6653,1.5718
3987,0.2864,-0.2651,1.8499
3988,1.9978,0.3977,0.9680
3989,1.9980,1.6284,0.6030
3990,1.9978,1.9338,-0.0117
3991,1.6567,1.5764,-0.3057
3992,-1.3896,0.3320,-0.2456
3993,-1.9998,-1.0239,0.2078
3994,-1.9998,-1.8792,1.0608
3995,-1.7173,-1.7185,1.8660
3996,-0.2007,-0.4558,1.9998
3997,0.6584,0.1929,1.9998
3998,0.5796,0.5715,1.9426
3999,0.3147,0.9082,1.4194
4000,0.4631,1.3804,0.8726
4001,0.8596,0.5034,0.3081
4002,1.1255,-0.4185,0.2708
4003,0.8442,-0.6587,0.2383
4004,-0.0686,-0.6616,0.1580
4005,-1.3513,-0.5171,0.3259
4006,-1.9998,-0.0364,0.6223
4007,-1.8374,0.4673,0.8931
4008,-0.5327,0.6694,1.2329
4009,1.2378,0.6858,1.6682
4010,1.9978,0.4236,1.9075
4011,1.9456,-0.1780,1.8716
4012,0.9014,-0.6694,1.7229
4013,-0.6428,-1.1021,1.3167
4014,-1.7410,-1.0132,0.8489
4015,-1.7849,-0.4399,0.3499
4016,-0.8767,0.2546,0.0579
4017,0.3362,0.7803,0.0007
4018,1.0481,1.0239,0.1221
4019,1.0679,1.1340,0.4729
4020,0.4414,0.7729,0.8198
4021,-0.4548,0.1450,1.2739
4022,-1.0212,-0.5884,1.6633
4023,-0.9792,-1.1226,1.9414
4024,-0.3235,-1.1912,1.9888
4025,0.6616,-0.8887,1.7668
4026,1.4341,-0.3828,1.3108
4027,1.5139,0.2080,0.7319
4028,0.8521,0.8528,0.2795
4029,-0.3020,1.0530,0.0076
4030,-1.3660,0.8235,0.0393
4031,-1.9517,0.4019,0.2854
4032,-1.6411,-0.0100,0.6284
4033,-0.7251,-0.4426,0.9907
4034,0.4697,-0.6294,1.3860
4035,1.4143,-0.5925,1.6421
4036,1.7310,-0.3120,1.7610
4037,1.3665,-0.0537,1.6597
4038,0.6274,0.1553,1.4329
4039,-0.3101,0.3052,1.0864
4040,-0.9761,0.3491,0.7251
4041,-1.1899,0.1431,0.4858
4042,-1.0142,-0.0828,0.3706
4043,-0.4763,-0.2253,0.3533
4044,0.0032,-0.2856,0.5002
4045,0.3196,-0.1504,0.6968
4046,0.4604,-0.0105,0.9319
4047,0.3672,0.2737,1.1897
4048,0.2446,0.4827,1.3616
4049,0.1746,0.4175,1.5015
4050,0.1355,0.1711,1.5327
4051,0.1689,-0.1433,1.4536
4052,0.1064,-0.4595,1.2405
4053,0.0076,-0.6616,0.9456
4054,-0.1372,-0.6392,0.6497
4055,-0.3062,-0.3767,0.4185
4056,-0.4431,0.0483,0.2903
4057,-0.4546,0.4531,0.3633
4058,-0.3376,0.7258,0.5872
4059,-0.1401,0.7864,0.8635
4060,0.1838,0.6499,1.2202
4061,0.4963,0.2375,1.4897
4062,0.6145,-0.2439,1.6733
4063,0.5591,-0.6528,1.6555
4064,0.3074,-0.9216,1.5044
4065,-0.1201,-0.8972,1.1685
4066,-0.4407,-0.5754,0.7358
4067,-0.5378,0.0105,0.4124
4068,-0.4353,0.4929,0.1663
4069,-0.1819,0.8108,0.1802
4070,0.0596,0.9214,0.4038
4071,0.1550,0.7476,0.7637
4072,0.1099,0.3567,1.1936
4073,-0.0186,-0.1973,1.5481
4074,-0.0798,-0.6890,1.7620
4075,-0.0378,-0.9868,1.7209
4076,0.1226,-0.8726,1.5266
4077,0.3276,-0.4702,1.1575
4078,0.3733,-0.0757,0.7661
4079,0.2844,0.4526,0.4819
4080,0.0151,0.8120,0.2549
4081,-0.2952,0.9368,0.2708
4082,-0.5232,0.6301,0.4133
4083,-0.5684,0.1565,0.7590
4084,-0.3665,-0.2959,1.1038
4085,-0.0867,-0.6404,1.3960
4086,0.2058,-0.6843,1.5815
4087,0.4272,-0.6030,1.5559
4088,0.4702,-0.3018,1.4548
4089,0.3860,0.0327,1.1772
4090,0.2258,0.3740,0.9165
4091,-0.0850,0.5591,0.6616
4092,-0.2866,0.5386,0.5042
4093,-0.4119,0.3479,0.4954
4094,-0.3735,0.0112,0.5796
4095,-0.1982,-0.2351,0.7915
4096,0.0393,-0.4138,0.9556
4097,0.1748,-0.4832,1.1323
4098,0.1804,-0.3552,1.2222
4099,0.1086,-0.0535,1.2588
4100,0.0044,0.2378,1.2222
4101,-0.0486,0.3840,1.1399
4102,0.0112,0.4143,1.0930
4103,0.0569,0.1577,0.9731
4104,0.1543,0.0618,0.9143
4105,0.1509,-0.1794,0.8159
4106,0.0459,-0.3591,0.8784
4107,-0.0703,-0.3811,0.7739
4108,-0.2632,-0.2229,0.7358
4109,-0.3479,-0.0154,0.8176
4110,-0.2727,0.1404,0.8713
4111,-0.1121,0.3074,0.9465
4112,0.0811,0.3289,1.0188
4113,0.2556,0.3120,1.1489
4114,0.3176,0.1365,1.2153
4115,0.2876,-0.1313,1.2317
4116,0.1538,-0.3423,1.2249
4117,-0.0483,-0.4070,1.1147
4118,-0.1970,-0.3901,0.9641
4119,-0.2751,-0.1919,0.8264
4120,-0.2412,0.0596,0.6802
4121,-0.1042,0.2651,0.6401
4122,0.0244,0.3689,0.6672
4123,0.1064,0.4146,0.7915
4124,0.1262,0.3000,0.9172
4125,0.0420,0.0840,1.0891
4126,-0.0437,-0.1538,1.2385
4127,-0.0564,-0.3677,1.3157
4128,-0.0234,-0.4023,1.2903
4129,0.0286,-0.3406,1.1594
4130,0.1052,-0.2410,1.0259
4131,0.1311,-0.0344,0.8589
4132,0.0386,0.2507,0.7268
4133,-0.0388,0.4680,0.6462
4134,-0.1663,0.3940,0.6726
4135,-0.2231,0.2603,0.7925
4136,-0.1838,0.0942,0.9019
4137,-0.0806,-0.0894,1.0464
4138,0.0503,-0.3232,1.1682
4139,0.1641,-0.4331,1.2297
4140,0.2002,-0.3354,1.2317
4141,0.1716,-0.1555,1.1213
4142,0.1008,-0.0239,1.0278
4143,-0.0151,0.1304,0.9241
4144,-0.1123,0.2815,0.8049
4145,-0.1914,0.3433,0.7412
4146,-0.1890,0.2466,0.7456
4147,-0.1292,0.0867,0.8159
4148,-0.0317,-0.0544,0.9087
4149,0.0496,-0.1875,1.0327
4150,0.0659,-0.2915,1.1255
4151,0.0508,-0.2253,1.1616
4152,0.0537,-0.0859,1.1353
4153,0.0422,-0.0144,1.0737
4154,0.0632,0.0330,1.0161
4155,0.0786,0.0964,0.9436
4156,0.0818,0.2083,0.8623
4157,-0.0334,0.1838,0.8010
4158,-0.1104,0.1094,0.8264
4159,-0.1506,-0.0293,0.8579
4160,-0.2048,-0.0969,0.9270
4161,-0.1726,-0.1289,0.9749
4162,-0.0815,-0.1670,1.0393
4163,0.0083,-0.1736,1.0981
4164,0.1138,-0.0642,1.0930
4165,0.2014,0.0647,1.0784
4166,0.1934,0.1406,1.0225
4167,0.1760,0.1140,0.9761
4168,0.0244,0.0583,0.9290
4169,-0.1372,0.0325,0.8735
4170,-0.2288,-0.0342,0.8469
4171,-0.2454,-0.0735,0.8494
4172,-0.1851,-0.0334,0.8784
4173,-0.0015,0.0046,0.9097
4174,0.0881,-0.0312,0.9810
4175,0.1484,-0.0034,1.0474
4176,0.1431,0.0186,1.0715
4177,0.0315,0.0410,1.0903
4178,-0.0405,0.0068,1.0657
4179,-0.0510,-0.0454,1.0491
4180,-0.0664,-0.0564,0.9976
4181,0.0034,-0.0332,0.9319
4182,0.0396,-0.0293,0.8940
4183,0.0156,-0.0291,0.8606
4184,0.0125,0.0215,0.8521
4185,-0.0359,0.0508,0.8501
4186,-0.0938,0.0610,0.8801
4187,-0.0945,0.0264,0.9417
4188,-0.0642,0.0361,1.0256
4189,-0.0515,-0.0125,1.0562
4190,0.0115,-0.0281,1.1235
4191,0.0786,-0.0610,1.1282
4192,0.1096,-0.1008,1.0894
4193,0.1431,-0.0437,1.0208
4194,0.0669,-0.0461,0.9241
4195,-0.0527,-0.0422,0.8735
4196,-0.1208,0.0095,0.8303
4197,-0.1875,0.0579,0.8118
4198,-0.1589,0.1274,0.8247
4199,-0.0393,0.1443,0.8879
4200,0.0642,0.0886,0.9663
4201,0.1086,-0.0073,1.0295
4202,0.0901,-0.0391,1.1099
4203,0.0469,-0.1487,1.1226
4204,-0.0657,-0.1802,1.1233
4205,-0.1016,-0.0791,1.0686
4206,-0.0442,-0.1094,0.9929
4207,-0.0176,-0.0515,0.9487
4208,0.0647,0.0662,0.8423
4209,0.0874,0.1746,0.8411
4210,-0.0110,0.1418,0.7961
4211,-0.0469,0.1228,0.8589
4212,-0.1011,0.0842,0.9260
4213,-0.1541,-0.0312,0.9700
4214,-0.0618,-0.0752,1.0532
4215,-0.0076,-0.1582,1.0930
4216,0.0554,-0.1655,1.1165
4217,0.0867,-0.1411,1.0813
4218,0.1060,-0.0146,1.0627
4219,0.0874,0.0142,0.9553
4220,0.0442,0.1028,0.9026
4221,-0.0129,0.1365,0.8538
4222,-0.0969,0.1006,0.8347
4223,-0.1545,0.1091,0.8611
4224,-0.1555,0.1101,0.8901
4225,-0.1299,-0.0413,0.9602
4226,-0.0127,-0.1555,1.0364
4227,0.0708,-0.1526,1.0557
4228,0.1558,-0.1099,1.0549
4229,0.1843,-0.0925,1.0425
4230,0.0886,-0.0667,1.0383
4231,-0.0063,-0.0134,1.0005
4232,-0.1160,0.0964,0.9475
4233,-0.1665,0.1470,0.8901
4234,-0.1267,0.1157,0.8696
4235,-0.0549,0.0417,0.8977
4236,0.0149,0.0188,0.9260
4237,0.0496,-0.0164,0.9573
4238,0.0918,-0.0518,0.9917
4239,0.0315,-0.0854,0.9956
4240,-0.0139,-0.0994,1.0132
4241,-0.0225,-0.1113,1.0159
4242,-0.0938,-0.0095,1.0210
4243,-0.0498,0.0840,0.9839
4244,0.0115,0.0596,0.9709
4245,0.0415,0.0352,0.9568
4246,0.0879,0.0483,0.9282
4247,0.0537,0.0405,0.9402
4248,-0.0149,-0.0066,0.9319
4249,-0.1091,-0.0537,0.9329
4250,-0.1357,-0.0354,0.9719
4251,-0.1074,-0.0483,0.9509
4252,-0.0637,-0.0398,0.9788
4253,0.0708,0.0110,0.9924
4254,0.1147,0.0017,0.9839
4255,0.1018,0.0295,1.0093
4256,0.0759,-0.0271,1.0002
4257,-0.0232,0.0029,1.0149
4258,-0.1025,0.0229,0.9563
4259,-0.0752,-0.0020,0.9514
4260,-0.0952,-0.0818,0.9446
4261,-0.0132,-0.0576,0.9250
4262,0.0400,0.0693,0.9329
4263,-0.0103,0.0950,0.9026
4264,0.0137,0.0481,0.9448
4265,-0.0378,-0.0300,0.9846
4266,-0.0042,0.0535,1.0015
4267,0.0491,0.0176,0.9907
4268,-0.0010,-0.0681,1.0376
4269,0.0293,-0.1245,1.0510
4270,-0.0129,-0.1348,1.0239
4271,-0.0171,-0.0015,0.9885
4272,-0.0149,-0.0229,0.9045
4273,-0.0381,-0.0208,0.9058
4274,-0.0342,0.0317,0.8782
4275,-0.0308,0.1338,0.8840
4276,-0.0693,0.1494,0.9204
4277,0.0020,0.0637,0.9546
4278,0.0103,-0.0081,1.0210
4279,0.0398,-0.0271,1.0317
4280,0.0371,-0.0911,1.0383
4281,0.0364,-0.1470,1.0659
4282,-0.0132,-0.1667,1.0347
4283,-0.0222,-0.0374,1.0051
4284,-0.0330,0.0012,0.9377
4285,-0.0237,0.0327,0.9045
4286,-0.0095,0.0955,0.8745
4287,-0.0127,0.1614,0.8430
4288,-0.0500,0.0947,0.8694
4289,-0.0483,0.0454,0.9458
4290,-0.0491,0.0095,0.9934
4291,-0.0474,-0.0535,1.0425
4292,0.0398,-0.1040,1.0637
4293,0.0618,-0.1414,1.0745
4294,0.0625,-0.1038,1.0376
4295,0.0591,-0.0706,1.0032
4296,-0.0068,-0.0100,0.9670
4297,-0.0432,0.0203,0.9087
4298,-0.0571,0.1040,0.8970
4299,-0.0867,0.1077,0.8518
4300,-0.0554,0.0808,0.8853
4301,-0.0432,0.0144,0.9165
4302,-0.0088,0.0222,0.9683
4303,0.0161,-0.0603,0.9976
4304,0.0703,-0.0886,1.0513
4305,0.0474,-0.1023,1.0442
4306,0.0244,-0.0542,1.0396
4307,0.0269,-0.0117,1.0122
4308,-0.0735,0.0037,0.9856
4309,0.0012,0.0586,0.9526
4310,-0.0222,0.0317,0.9124
4311,-0.0583,0.0620,0.9065
4312,-0.0039,0.0115,0.8979
4313,-0.0684,-0.0007,0.9243
4314,-0.0474,-0.0071,0.9309
4315,0.0266,-0.0308,0.9575
4316,-0.0049,-0.0090,0.9907
4317,0.0520,0.0061,0.9829
4318,0.0293,-0.0374,1.0210
4319,-0.0024,-0.0496,1.0383
4320,-0.0459,-0.0305,1.0188
4321,-0.0293,-0.0095,1.0149
4322,-0.0093,-0.0181,0.9614
4323,0.0100,-0.0405,0.9233
4324,0.0322,0.0342,0.9338
4325,0.0027,-0.0007,0.8821
4326,-0.0527,0.0388,0.9329
4327,-0.0676,0.0698,0.9270
4328,-0.0740,0.0081,0.9370
4329,0.0029,0.0396,0.9788
4330,0.0442,0.0415,0.9771
4331,0.0623,-0.0271,1.0208
4332,0.0615,-0.0962,1.0374
4333,-0.0198,-0.0659,1.0479
4334,-0.0657,-0.0430,1.0022
4335,-0.0632,-0.0627,0.9731
4336,-0.0269,-0.0359,0.9575
4337,0.0244,0.0010,0.9077
4338,0.0554,0.0710,0.8958
4339,0.0112,0.0535,0.8816
4340,-0.0293,0.0569,0.9302
4341,-0.0876,0.0481,0.9497
4342,-0.0608,0.0461,0.9761
4343,-0.0188,-0.0125,1.0061
4344,0.0439,-0.0706,1.0315
4345,0.0586,-0.0957,1.0435
4346,0.0571,-0.0642,1.0178
4347,-0.0059,-0.0706,1.0042
4348,-0.0242,-0.0654,0.9878
4349,-0.0735,-0.0154,0.9312
4350,-0.0210,0.1282,0.9104
4351,-0.0251,0.0908,0.8689
4352,0.0310,0.0371,0.9133
4353,0.0188,0.0356,0.9514
4354,0.0029,0.0562,0.9514
4355,-0.0305,0.0142,0.9788
4356,-0.0559,-0.0652,1.0081
4357,-0.0935,-0.1155,1.0374
4358,-0.0417,-0.0879,1.0305
4359,0.0295,-0.0112,1.0171
4360,0.0996,-0.0054,0.9729
4361,0.1296,-0.0278,0.9622
4362,0.0945,0.0139,0.9456
4363,0.0171,0.0618,0.9343
4364,-0.1077,0.0518,0.9133
4365,-0.1462,-0.0012,0.9163
4366,-0.1873,-0.0588,0.9504
4367,-0.1270,-0.0095,0.9641
4368,0.0044,0.0371,0.9722
4369,0.0774,0.0254,0.9888
4370,0.2056,0.0007,1.0100
4371,0.1689,-0.0449,1.0103
4372,0.0708,0.0232,1.0061
4373,-0.0222,-0.0083,0.9797
4374,-0.1624,-0.0701,0.9790
4375,-0.1785,-0.0757,0.9651
4376,-0.0923,-0.0222,0.9478
4377,-0.0366,0.0288,0.9321
4378,0.0854,0.0044,0.9036
4379,0.1191,0.0208,0.9458
4380,0.0508,0.0740,0.9399
4381,-0.0386,0.0903,0.9468
4382,-0.0535,0.0088,0.9778
4383,-0.0674,-0.0591,1.0063
4384,-0.0081,-0.0347,1.0178
4385,0.0571,-0.0554,1.0161
4386,0.0503,-0.0847,1.0159
4387,0.0374,-0.0833,0.9927
4388,-0.0076,-0.0195,0.9602
4389,-0.0881,0.0439,0.9214
4390,-0.0527,0.0500,0.9143
4391,-0.0420,0.0193,0.9111
4392,-0.0276,0.0435,0.9348
4393,0.0161,0.1040,0.9468
4394,0.0366,0.0054,0.9468
4395,0.0210,-0.0342,1.0171
4396,0.0305,-0.0459,0.9993
4397,-0.0132,-0.0605,1.0295
4398,-0.0540,-0.0664,1.0132
4399,0.0112,-0.0190,1.0051
4400,-0.0164,-0.0430,0.9670
4401,0.0015,0.0195,0.9507
4402,0.0156,0.0432,0.9302
4403,-0.0139,0.0220,0.9282
4404,-0.0344,0.0068,0.9224
4405,-0.0156,0.0405,0.9465
4406,-0.0447,0.0151,0.9546
4407,-0.0347,-0.0205,0.9648
4408,-0.0005,-0.0195,0.9995
4409,0.0142,-0.0232,1.0032
4410,-0.0127,-0.0461,0.9944
4411,0.0361,-0.0205,1.0159
4412,-0.0027,-0.0544,0.9856
4413,-0.0105,0.0076,0.9749
4414,0.0317,0.0225,0.9407
4415,-0.0222,-0.0056,0.9397
4416,-0.0212,0.0310,0.9280
4417,-0.0374,0.0305,0.9417
4418,-0.0806,0.0312,0.9487
4419,-0.0530,-0.0251,0.9387
4420,0.0042,0.0173,0.9839
4421,0.0183,-0.0120,0.9670
4422,0.0723,0.0093,1.0044
4423,0.0662,-0.0244,1.0139
4424,-0.0085,-0.0479,1.0151
4425,-0.0608,-0.0354,0.9797
4426,-0.0635,-0.0288,0.9731
4427,-0.0439,-0.0115,0.9417
4428,0.0103,-0.0068,0.9194
4429,0.0273,0.0310,0.9495
4430,0.0273,-0.0168,0.9407
4431,-0.0149,0.0393,0.9631
4432,-0.0347,0.0813,0.9429
4433,-0.0720,-0.0166,0.9622
4434,-0.0581,-0.0586,0.9866
4435,-0.0137,-0.0229,0.9976
4436,0.0359,0.0193,0.9988
4437,0.0542,-0.0244,0.9895
4438,0.0547,-0.0127,1.0051
4439,0.0088,-0.0415,0.9731
4440,-0.0229,-0.0305,0.9536
4441,-0.0352,0.0271,0.9504
4442,-0.0745,0.0015,0.9331
4443,-0.0562,0.0098,0.9387
4444,-0.0317,-0.0154,0.9419
4445,-0.0034,0.0337,0.9614
4446,0.0251,0.0491,0.9456
4447,0.0454,0.0461,0.9690
4448,-0.0002,-0.0305,0.9956
4449,-0.0234,-0.0652,1.0220
4450,-0.0120,-0.0459,1.0083
4451,-0.0393,-0.0376,0.9741
4452,-0.0229,-0.0259,0.9771
4453,-0.0020,-0.0356,0.9497
4454,0.0051,-0.0061,0.9631
4455,-0.0090,0.0183,0.9429
4456,0.0142,0.0459,0.9409
4457,-0.0071,0.0464,0.9497
4458,-0.0320,0.0239,0.9302
4459,-0.0249,0.0042,0.9497
4460,-0.0491,-0.0303,0.9780
4461,-0.0374,-0.0027,1.0063
4462,0.0002,-0.0310,1.0002
4463,0.0208,-0.0283,1.0168
4464,0.0769,-0.0498,0.9993
4465,0.0500,-0.0388,0.9810
4466,0.0063,0.0261,0.9341
4467,-0.0657,0.0437,0.9272
4468,-0.1235,0.0254,0.9534
4469,-0.0908,-0.0259,0.9517
4470,-0.0200,0.0159,0.9631
4471,0.0493,0.0227,0.9429
4472,0.1050,-0.0325,0.9583
4473,0.0774,-0.0322,0.9729
4474,-0.0081,-0.0193,0.9749
4475,-0.0386,-0.0300,0.9927
4476,-0.1418,-0.0278,1.0078
4477,-0.1265,0.0339,0.9924
4478,-0.0220,0.0146,0.9751
4479,-0.0044,-0.0110,0.9507
4480,0.1094,0.0042,0.9543
4481,0.1248,0.0037,0.9553
4482,0.0378,0.0171,0.9448
4483,0.0183,0.0015,0.9526
4484,-0.0786,-0.0488,0.9797
4485,-0.1506,-0.0215,0.9690
4486,-0.1313,-0.0037,0.9575
4487,-0.0564,0.0176,0.9915
4488,0.0298,-0.0374,0.9663
4489,0.0969,-0.0012,0.9846
4490,0.1453,0.0867,0.9866
4491,0.0503,-0.0398,0.9495
4492,-0.0242,-0.0146,1.0005
4493,-0.0950,-0.0127,0.9534
4494,-0.1418,-0.0183,0.9573
4495,-0.0596,-0.0388,0.9546
4496,0.0181,-0.0518,0.9700
4497,0.0293,-0.0068,0.9565
4498,0.0884,0.0571,0.9495
4499,0.0264,0.0308,0.9692
4500,-0.0505,0.0037,0.9602
4501,-0.0576,0.0344,0.9719
4502,-0.0935,-0.0020,0.9719
4503,-0.0422,-0.0151,0.9956
4504,0.0237,-0.0508,0.9714
4505,0.1091,-0.0403,1.0002
4506,0.0938,-0.0591,0.9634
4507,0.0447,0.0125,0.9700
4508,-0.0623,0.0051,0.9456
4509,-0.1587,0.0171,0.9553
4510,-0.1428,0.0471,0.9524
4511,-0.0657,0.0178,0.9329
4512,0.0352,0.0469,0.9719
4513,0.1313,-0.0317,0.9543
4514,0.0918,-0.0059,1.0044
4515,0.0178,-0.0442,0.9797
4516,-0.0588,-0.0220,1.0024
4517,-0.1338,-0.1047,0.9690
4518,-0.0857,-0.0452,0.9985
4519,0.0369,0.0493,0.9468
4520,0.0801,0.0305,0.9341
4521,0.1130,0.0298,0.9661
4522,0.0435,-0.0002,0.9507
4523,-0.0840,0.0598,0.9673
4524,-0.1660,0.0354,0.9409
4525,-0.1382,-0.0017,0.9827
4526,-0.0923,-0.0740,0.9731
4527,0.0493,-0.0652,0.9866
4528,0.1470,-0.0063,1.0022
4529,0.1416,-0.0574,0.9604
4530,0.1216,0.0293,0.9993
4531,-0.0425,-0.0139,0.9426
4532,-0.1604,0.0181,0.9690
4533,-0.1777,0.0056,0.9458
4534,-0.1313,0.0381,0.9526
4535,-0.0107,0.0625,0.9458
4536,0.0889,-0.0559,0.9436
4537,0.1704,-0.0183,1.0159
4538,0.1086,-0.0266,0.9495
4539,0.0063,0.0188,0.9885
4540,-0.0933,-0.0137,0.9712
4541,-0.1672,-0.0913,0.9731
4542,-0.1487,-0.0103,0.9915
4543,-0.0623,0.0405,0.9526
4544,0.0659,0.0554,0.9878
4545,0.1262,-0.0322,0.9385
4546,0.1821,0.0037,0.9797
4547,0.0681,-0.0051,0.9368
4548,-0.0830,0.0046,0.9526
4549,-0.1360,0.0259,0.9888
4550,-0.2107,-0.0630,0.9592
4551,-0.1172,-0.0249,0.9954
4552,0.0381,-0.0068,0.9651
4553,0.0996,0.0457,0.9810
4554,0.1433,-0.0029,0.9380
4555,0.0793,-0.0017,0.9771
4556,-0.0129,-0.0156,0.9700
4557,-0.0703,0.0178,0.9595
4558,-0.1084,0.0615,0.9712
4559,-0.0720,-0.0767,0.9565
4560,-0.0330,-0.0681,1.0054
4561,0.0198,-0.0044,0.9536
4562,0.0264,0.0095,0.9614
4563,-0.0005,-0.0054,0.9724
4564,0.0068,-0.0261,0.9641
4565,-0.0225,0.0122,0.9692
4566,-0.0151,0.0457,0.9387
4567,0.0056,0.0571,0.9614
4568,-0.0483,-0.0034,0.9751
4569,0.0198,-0.0249,0.9927
4570,0.0107,-0.0601,0.9780
4571,0.0151,-0.0234,0.9954
4572,0.0176,-0.0359,0.9675
4573,-0.0400,-0.0459,0.9595
4574,-0.0723,0.0134,0.9641
4575,-0.0527,0.0322,0.9465
4576,-0.0227,0.0078,0.9712
4577,0.0256,0.0510,0.9563
4578,0.0381,0.0608,0.9514
4579,0.0513,-0.0076,0.9592
4580,0.0105,-0.0857,0.9761
4581,-0.0129,-0.0457,1.0022
4582,-0.0386,0.0024,0.9758
4583,-0.0750,-0.0366,0.9712
4584,-0.0461,-0.0232,0.9856
4585,-0.0332,-0.0242,0.9661
4586,-0.0073,0.0571,0.9683
4587,0.0791,0.0564,0.9338
4588,0.0493,0.0137,0.9622
4589,0.0469,0.0000,0.9612
4590,-0.0327,-0.0205,0.9556
4591,-0.0955,-0.0088,0.9739
4592,-0.0688,-0.0198,0.9702
4593,-0.0562,-0.0371,0.9907
4594,-0.0027,-0.0559,0.9858
4595,0.0483,-0.0139,0.9751
4596,0.0430,0.0398,0.9683
4597,0.0488,0.0068,0.9438
4598,0.0100,0.0037,0.9722
4599,0.0059,0.0181,0.9661
4600,-0.0479,0.0222,0.9468
4601,-0.0532,0.0122,0.9568
4602,-0.0588,-0.0437,0.9731
4603,-0.0554,-0.0334,0.9963
4604,0.0054,-0.0225,0.9526
4605,0.0435,-0.0127,0.9563
4606,0.0337,-0.0183,0.9709
4607,0.0339,-0.0029,0.9768
4608,-0.0093,0.0459,0.9829
4609,-0.0227,0.0210,0.9556
4610,-0.0269,-0.0127,0.9709
4611,-0.0269,-0.0266,0.9661
4612,-0.0122,0.0142,0.9512
4613,-0.0151,-0.0044,0.9585
4614,-0.0071,-0.0261,0.9790
4615,0.0056,-0.0466,0.9800
4616,0.0144,0.0032,0.9790
4617,0.0198,0.0291,0.9397
4618,-0.0129,0.0261,0.9534
4619,-0.0261,-0.0288,0.9680
4620,-0.0557,-0.0454,0.9819
4621,-0.0305,0.0518,0.9739
4622,-0.0176,0.0359,0.9475
4623,0.0125,-0.0188,0.9761
4624,0.0278,-0.0557,0.9888
4625,0.0234,-0.0273,0.9751
4626,0.0278,0.0254,0.9683
4627,-0.0208,-0.0103,0.9575
4628,-0.0476,-0.0479,0.9768
4629,-0.0479,-0.0239,0.9622
4630,-0.0315,0.0525,0.9561
4631,-0.0068,0.0208,0.9368
4632,0.0122,-0.0039,0.9595
4633,0.0215,0.0271,0.9895
4634,0.0151,0.0056,0.9602
4635,-0.0017,-0.0037,0.9868
4636,0.0151,-0.0037,0.9849
4637,-0.0601,-0.0737,0.9690
4638,-0.0522,-0.0459,0.9827
4639,-0.0212,-0.0098,0.9646
4640,-0.0017,0.0005,0.9604
4641,0.0415,0.0232,0.9631
4642,0.0530,0.0249,0.9604
4643,0.0078,0.0330,0.9446
4644,-0.0303,0.0364,0.9438
4645,-0.0862,0.0293,0.9709
4646,-0.0906,-0.0227,0.9739
4647,-0.0388,-0.0715,1.0044
4648,0.0811,-0.0449,0.9934
4649,0.1030,-0.0356,0.9543
4650,0.0991,-0.0066,0.9739
4651,0.0159,-0.0120,0.9683
4652,-0.1384,-0.0049,0.9641
4653,-0.1479,0.0745,0.9546
4654,-0.0596,0.0288,0.9368
4655,-0.0095,-0.0190,0.9729
4656,0.0732,0.0068,0.9517
4657,0.0933,-0.0044,0.9817
4658,0.0566,-0.0200,0.9829
4659,-0.0271,-0.0432,0.9680
4660,-0.0581,-0.0061,0.9966
4661,-0.0879,-0.0508,0.9661
4662,-0.0942,-0.0127,0.9817
4663,0.0012,0.0288,0.9612
4664,0.0452,-0.0139,0.9565
4665,0.0732,0.0054,0.9602
4666,0.0891,0.0100,0.9517
4667,-0.0022,0.0374,0.9565
4668,-0.0181,0.0020,0.9478
4669,-0.0925,-0.0369,0.9849
4670,-0.1272,-0.0227,0.9817
4671,-0.0789,-0.0137,0.9778
4672,-0.0303,0.0046,0.9702
4673,0.0603,-0.0476,0.9663
4674,0.1277,-0.0107,0.9780
4675,0.0972,0.0271,0.9534
4676,0.0630,0.0369,0.9612
4677,-0.0779,-0.0007,0.9631
4678,-0.1143,0.0232,0.9866
4679,-0.1433,-0.0298,0.9573
4680,-0.0779,-0.0276,0.9690
4681,0.0315,-0.0334,0.9722
4682,0.1018,-0.0403,0.9592
4683,0.1062,0.0007,0.9729
4684,0.0640,-0.0122,0.9543
4685,-0.0417,-0.0002,0.9875
4686,-0.1091,0.0476,0.9592
4687,-0.1274,0.0503,0.9536
4688,-0.0520,0.0122,0.9604
4689,0.0188,-0.0359,0.9641
4690,0.0803,-0.0159,1.0005
4691,0.1025,-0.0173,0.9907
4692,0.0457,-0.0508,0.9829
4693,-0.0168,-0.0488,0.9709
4694,-0.0703,-0.0271,0.9595
4695,-0.1052,0.0188,0.9436
4696,-0.0916,0.0352,0.9390
4697,-0.0229,0.0691,0.9661
4698,0.0146,0.0315,0.9543
4699,0.0825,0.0039,0.9790
4700,0.0757,0.0090,0.9827
4701,0.0522,-0.0337,0.9670
4702,-0.0222,-0.0908,0.9905
4703,-0.0933,-0.0591,0.9937
4704,-0.1030,-0.0291,0.9741
4705,-0.0859,0.0032,0.9604
4706,0.0063,0.0396,0.9436
4707,0.1169,0.0378,0.9341
4708,0.0989,0.0256,0.9565
4709,0.0698,0.0554,0.9641
4710,-0.0303,0.0190,0.9868
4711,-0.1794,-0.0559,0.9807
4712,-0.1479,-0.0681,0.9700
4713,-0.0898,-0.0723,0.9856
4714,0.0469,0.0193,0.9661
4715,0.1418,0.0022,0.9644
4716,0.1575,-0.0166,0.9966
4717,0.0781,0.0037,0.9683
4718,-0.0669,0.0728,0.9534
4719,-0.1143,0.0793,0.9446
4720,-0.1787,-0.0454,0.9407
4721,-0.1145,-0.0540,0.9802
4722,0.0171,-0.0146,0.9780
4723,0.0764,-0.0054,0.9663
4724,0.1331,-0.0198,0.9829
4725,0.1309,-0.0574,0.9866
4726,0.0134,-0.0242,0.9790
4727,-0.0642,0.0525,0.9475
4728,-0.1228,0.0151,0.9553
4729,-0.1492,-0.0115,0.9622
4730,-0.0681,0.0286,0.9719
4731,-0.0044,0.0132,0.9771
4732,0.0977,-0.0110,0.9680
4733,0.1118,-0.0383,0.9788
4734,0.0635,-0.0325,0.9622
4735,-0.0093,-0.0127,0.9653
4736,-0.0923,0.0051,0.9614
4737,-0.1128,-0.0039,0.9653
4738,-0.0667,-0.0154,0.9810
4739,-0.0193,0.0513,0.9634
4740,0.0730,0.0479,0.9485
4741,0.0884,-0.0491,0.9697
4742,0.0520,-0.0303,0.9790
4743,-0.0388,0.0200,0.9885
4744,-0.0659,-0.0149,0.9700
4745,-0.0979,-0.0691,0.9653
4746,-0.0735,-0.0190,0.9692
4747,0.0073,0.0239,0.9478
4748,0.0630,0.0200,0.9631
4749,0.0635,0.0046,0.9614
4750,0.0830,0.0176,0.9800
4751,0.0034,-0.0137,0.9680
4752,-0.0811,0.0293,0.9575
4753,-0.0940,0.0042,0.9722
4754,-0.0977,-0.0625,0.9751
4755,-0.0676,-0.0308,0.9829
4756,0.0273,-0.0073,0.9849
4757,0.0505,-0.0164,0.9749
4758,0.1226,0.0059,0.9497
4759,0.0920,0.0186,0.9436
4760,-0.0105,-0.0146,0.9553
4761,-0.0625,0.0105,0.9761
4762,-0.1484,0.0444,0.9683
4763,-0.1528,0.0012,0.9624
4764,-0.0464,-0.0388,0.9780
4765,0.0156,-0.0200,0.9761
4766,0.1350,-0.0183,0.9653
4767,0.1462,0.0068,0.9768
4768,0.0769,0.0032,0.9709
4769,-0.0112,-0.0044,0.9673
4770,-0.1169,-0.0112,0.9700
4771,-0.1724,-0.0115,0.9624
4772,-0.1277,-0.0315,0.9563
4773,-0.0308,0.0168,0.9680
4774,0.0413,-0.0088,0.9409
4775,0.1055,-0.0020,0.9817
4776,0.1152,0.0046,0.9810
4777,0.0696,0.0203,0.9683
4778,-0.0222,0.0239,0.9719
4779,-0.0813,-0.0247,0.9670
4780,-0.1240,-0.0862,0.9819
4781,-0.0950,-0.0217,0.9817
4782,-0.0269,0.0535,0.9575
4783,-0.0105,0.0117,0.9475
4784,0.0515,-0.0476,0.9771
4785,0.0552,0.0034,0.9729
4786,0.0134,0.0933,0.9458
4787,0.0120,0.0288,0.9478
4788,-0.0132,-0.0659,0.9827
4789,-0.0356,-0.0881,0.9868
4790,-0.0266,-0.0002,0.9644
4791,-0.0334,0.0254,0.9592
4792,-0.0322,-0.0269,0.9846
4793,-0.0237,-0.0320,0.9819
4794,-0.0161,0.0159,0.9634
4795,0.0103,0.0474,0.9592
4796,0.0234,0.0090,0.9543
4797,0.0181,0.0166,0.9700
4798,0.0115,-0.0215,0.9517
4799,-0.0405,-0.0305,0.9819
4800,-0.0200,0.0078,0.9653
4801,-0.0349,-0.0439,0.9624
4802,-0.0486,0.0032,0.9749
4803,0.0059,-0.0344,0.9514
4804,-0.0137,0.0039,0.9924
4805,0.0051,0.0215,0.9553
4806,0.0286,0.0195,0.9741
4807,-0.0171,0.0186,0.9673
4808,0.0186,0.0002,0.9614
4809,0.0273,-0.0242,0.9683
4810,-0.0356,-0.0298,0.9641
4811,-0.0110,-0.0039,0.9702
4812,-0.0508,-0.0144,0.9780
4813,-0.0764,-0.0020,0.9810
4814,-0.0383,-0.0347,0.9573
4815,-0.0100,0.0127,0.9680
4816,0.0210,0.0259,0.9409
4817,0.0415,-0.0095,0.9546
4818,0.0383,0.0178,0.9829
4819,0.0217,-0.0107,0.9595
4820,-0.0088,-0.0320,0.9878
4821,-0.0090,-0.0117,0.9680
4822,-0.0505,-0.0188,0.9595
4823,-0.0764,-0.0027,0.9829
4824,-0.0637,-0.0359,0.9607
4825,-0.0776,-0.0132,0.9817
4826,0.0161,0.0298,0.9634
4827,0.0657,0.0212,0.9526
4828,0.0757,0.0581,0.9585
4829,0.0920,0.0125,0.9517
4830,0.0173,-0.0342,0.9849
4831,-0.0698,-0.0403,0.9819
4832,-0.1008,0.0063,0.9771
4833,-0.1252,-0.0342,0.9800
4834,-0.0952,-0.0706,0.9653
4835,0.0027,-0.0271,0.9702
4836,0.0579,0.0137,0.9644
4837,0.0767,0.0681,0.9417
4838,0.0789,0.0552,0.9575
4839,0.0388,-0.0125,0.9651
4840,-0.0110,0.0039,0.9807
4841,-0.0662,-0.0166,0.9690
4842,-0.0935,-0.0200,0.9800
4843,-0.0852,-0.0662,0.9651
4844,-0.0503,-0.0505,0.9934
4845,-0.0015,-0.0112,0.9661
4846,0.0613,0.0466,0.9690
4847,0.0818,0.0566,0.9644
4848,0.0552,-0.0276,0.9556
4849,0.0000,-0.0010,0.9788
4850,-0.0576,0.0237,0.9368
4851,-0.1050,0.0217,0.9565
4852,-0.0696,-0.0154,0.9622
4853,-0.0425,-0.0894,0.9866
4854,0.0386,-0.0054,1.0110
4855,0.0806,0.0483,0.9546
4856,0.0564,0.0107,0.9768
4857,0.0371,-0.0723,0.9651
4858,-0.0764,-0.0203,0.9719
4859,-0.1191,0.0386,0.9507
4860,-0.0789,0.0044,0.9563
4861,-0.0464,0.0039,0.9731
4862,0.0728,-0.0393,0.9631
4863,0.1384,-0.0088,0.9819
4864,0.0388,0.0237,0.9653
4865,0.0391,0.0059,0.9631
4866,-0.1082,-0.0759,0.9807
4867,-0.1628,-0.0173,0.9731
4868,-0.1157,0.0513,0.9478
4869,-0.0442,0.0591,0.9634
4870,0.1177,-0.0039,0.9758
4871,0.1597,-0.0688,0.9846
4872,0.0979,0.0327,0.9937
4873,0.0129,0.0078,0.9390
4874,-0.1479,-0.0427,0.9741
4875,-0.1414,-0.0576,0.9729
4876,-0.1155,-0.0552,0.9546
4877,0.0225,0.0420,0.9709
4878,0.1079,0.0457,0.9485
4879,0.0923,0.0447,0.9790
4880,0.0303,0.0122,0.9592
4881,-0.0378,-0.0117,0.9673
4882,-0.0879,0.0156,0.9741
4883,-0.1045,-0.0107,0.9575
4884,-0.0295,-0.0632,0.9907
4885,0.0330,-0.0786,1.0012
4886,0.0706,-0.0037,0.9768
4887,0.0962,0.0181,0.9565
4888,-0.0002,0.0261,0.9553
4889,-0.0337,-0.0178,0.9497
4890,-0.0974,-0.0039,0.9612
4891,-0.1284,0.0701,0.9592
4892,-0.0369,0.0251,0.9448
4893,0.0149,-0.0615,0.9993
4894,0.0898,-0.0166,0.9875
4895,0.1008,0.0144,0.9456
4896,0.0491,0.0007,0.9834
4897,-0.0376,-0.0303,0.9634
4898,-0.1211,-0.0310,0.9778
4899,-0.1243,0.0259,0.9661
4900,-0.0449,0.0085,0.9465
4901,0.0530,-0.0227,0.9673
4902,0.1091,-0.0117,0.9604
4903,0.0823,-0.0107,0.9631
4904,0.0044,0.0195,0.9702
4905,-0.0608,0.0022,0.9604
4906,-0.0920,-0.0139,0.9778
4907,-0.0847,-0.0229,0.9575
4908,-0.0398,-0.0151,0.9761
4909,0.0024,0.0332,0.9800
4910,0.0339,-0.0024,0.9614
4911,0.0598,-0.0139,0.9839
4912,0.0642,-0.0469,0.9565
4913,0.0193,0.0002,0.9797
4914,-0.0239,0.0469,0.9478
4915,-0.0845,-0.0142,0.9585
4916,-0.0945,-0.0386,0.9802
4917,-0.0576,-0.0371,0.9592
4918,-0.0105,0.0469,0.9653
4919,0.0300,0.0410,0.9456
4920,0.0706,-0.0222,0.9758
4921,0.0876,-0.0610,0.9905
4922,0.0305,0.0073,0.9751
4923,-0.0288,0.0674,0.9690
4924,-0.0967,-0.0286,0.9583
4925,-0.1099,-0.0430,0.9817
4926,-0.0583,-0.0281,0.9543
4927,0.0220,0.0259,0.9678
4928,0.0632,0.0005,0.9595
4929,0.1094,0.0007,0.9846
4930,0.0061,-0.0305,0.9602
4931,-0.0266,-0.0164,0.9468
4932,-0.0825,0.0222,0.9573
4933,-0.0979,-0.0032,0.9534
4934,-0.0708,-0.0183,0.9819
4935,0.0066,-0.0393,0.9771
4936,0.1033,0.0493,0.9963
4937,0.0793,0.0159,0.9456
4938,0.0447,-0.0205,0.9741
4939,-0.0037,-0.0464,0.9751
4940,-0.1230,-0.0210,0.9612
4941,-0.1021,0.0830,0.9702
4942,-0.0693,0.0020,0.9553
4943,-0.0044,-0.0449,0.9868
4944,0.0715,-0.0552,0.9504
4945,0.0813,0.0500,0.9797
4946,0.0366,0.0378,0.9250
4947,-0.0208,-0.0469,0.9731
4948,-0.0498,-0.0432,1.0002
4949,-0.0583,-0.0156,0.9563
4950,-0.0254,0.0552,0.9751
4951,0.0020,-0.0002,0.9563
4952,-0.0168,-0.0598,0.9907
4953,0.0027,-0.0210,0.9692
4954,-0.0012,0.0491,0.9583
4955,0.0247,0.0159,0.9556
4956,0.0449,-0.0457,0.9595
4957,-0.0027,0.0293,0.9885
4958,-0.0503,0.0474,0.9429
4959,-0.0342,-0.0374,0.9631
4960,-0.0808,-0.0503,0.9924
4961,-0.0134,-0.0254,0.9595
4962,0.0295,-0.0188,0.9758
4963,0.0283,-0.0120,0.9573
4964,0.0583,0.0164,0.9631
4965,-0.0024,-0.0002,0.9651
4966,-0.0461,0.0225,0.9692
4967,-0.0293,0.0098,0.9683
4968,-0.0461,-0.0081,0.9761
4969,-0.0078,-0.0088,0.9641
4970,0.0120,0.0010,0.9641
4971,0.0334,-0.0227,0.9651
4972,-0.0200,-0.0295,0.9641
4973,-0.0051,0.0073,0.9722
4974,-0.0452,0.0107,0.9731
4975,-0.0525,0.0085,0.9683
4976,0.0203,-0.0356,0.9739
4977,0.0044,-0.0586,0.9731
4978,0.0254,0.0339,0.9683
4979,0.0322,0.0303,0.9456
4980,-0.0293,-0.0315,0.9641
4981,-0.0081,-0.0330,0.9739
4982,-0.0354,0.0376,0.9702
4983,-0.0295,0.0430,0.9592
4984,-0.0176,-0.0103,0.9651
4985,-0.0164,-0.0200,0.9907
4986,0.0129,-0.0173,0.9644
4987,0.0100,-0.0100,0.9612
4988,0.0054,0.0266,0.9722
4989,0.0042,-0.0479,0.9624
4990,-0.0352,-0.0435,0.9905
4991,-0.0015,0.0137,0.9514
Rate 1608, overflows 0
