Sample,X,Y,Z
0,0.0522,-0.0249,0.9612
1,0.0027,-0.0122,0.9885
2,-0.0059,0.0203,1.0032
3,-0.0549,-0.0525,0.9683
4,-0.0879,-0.0173,0.9944
5,-0.0137,-0.0120,0.9749
6,0.0015,-0.0415,0.9624
7,0.0601,0.0203,0.9915
8,0.0884,-0.0012,0.9583
9,0.0288,0.0068,0.9836
10,-0.0146,0.0291,0.9888
11,-0.0500,-0.0249,0.9653
12,-0.1028,-0.0095,0.9922
13,-0.0149,0.0039,0.9768
14,-0.0120,-0.0532,0.9788
15,0.0396,0.0044,0.9944
16,0.0537,-0.0432,0.9758
17,0.0227,0.0415,0.9895
18,-0.0237,-0.0476,0.9565
19,0.0012,0.0176,0.9966
20,-0.0525,0.0088,0.9729
21,-0.0168,0.0154,0.9700
22,-0.0173,-0.0603,0.9565
23,0.0015,0.0564,1.0110
24,0.0205,-0.0579,0.9673
25,0.0273,-0.0146,0.9839
26,0.0071,-0.0134,0.9846
27,-0.0010,-0.0122,0.9768
28,-0.0193,-0.0210,0.9800
29,-0.0378,0.0112,0.9758
30,-0.0242,-0.0049,0.9868
31,-0.0129,0.0046,0.9653
32,-0.0051,-0.0198,0.9739
33,0.0168,0.0503,0.9866
34,0.0396,-0.0613,0.9602
35,0.0342,0.0212,1.0015
36,-0.0168,-0.0251,0.9856
37,-0.0273,-0.0210,0.9797
38,-0.0845,-0.0276,0.9692
39,-0.0425,0.0156,0.9944
40,0.0017,-0.0376,0.9565
41,0.0571,0.0273,0.9924
42,0.0586,0.0020,0.9583
43,0.0679,-0.0059,0.9812
44,0.0188,0.0039,0.9829
45,-0.0469,-0.0110,0.9895
46,-0.0774,-0.0063,0.9641
47,-0.1011,-0.0581,0.9751
48,-0.0776,0.0195,1.0002
49,-0.0276,-0.0525,0.9636
50,0.0840,0.0386,0.9934
51,0.1018,-0.0198,0.9604
52,0.1316,0.0066,0.9993
53,0.0442,-0.0042,0.9702
54,-0.0415,0.0078,0.9817
55,-0.1240,-0.0332,0.9612
56,-0.1184,-0.0093,0.9915
57,-0.0935,-0.0215,0.9771
58,0.0178,-0.0095,0.9702
59,0.0674,-0.0024,0.9788
60,0.0952,0.0225,0.9956
61,0.0781,-0.0225,0.9778
62,0.0022,0.0107,0.9797
63,-0.0635,-0.0127,0.9888
64,-0.0630,-0.0342,0.9788
65,-0.0867,-0.0312,0.9836
66,-0.0237,0.0132,0.9612
67,0.0278,-0.0667,0.9448
68,0.0496,0.0684,1.0073
69,0.0710,-0.0347,0.9565
70,0.0518,0.0361,0.9966
71,-0.0212,0.0212,0.9817
72,-0.0239,-0.0237,0.9827
73,-0.1121,-0.0305,0.9973
74,-0.0603,-0.0022,0.9839
75,0.0027,-0.0830,0.9448
76,0.0408,0.0181,1.0005
77,0.0725,-0.0222,0.9624
78,0.0513,-0.0249,0.9680
79,-0.0005,0.0750,0.9868
80,-0.0459,-0.0098,0.9631
81,-0.0742,-0.0029,0.9849
82,-0.0454,0.0122,1.0022
83,-0.0029,-0.0408,0.9780
84,0.0388,-0.0244,0.9871
85,0.0581,-0.0186,1.0005
86,0.0291,-0.0464,0.9592
87,-0.0059,-0.0112,0.9907
88,-0.0120,0.0203,0.9512
89,-0.0647,-0.0247,0.9639
90,-0.0530,0.0891,1.0073
91,-0.0483,-0.0654,0.9377
92,0.0115,0.0542,1.0178
93,0.0090,-0.0125,0.9731
94,0.0820,-0.0540,0.9954
95,0.0442,-0.0432,0.9829
96,0.0264,-0.0076,0.9934
97,-0.0142,-0.0618,0.9458
98,-0.0750,0.0085,0.9924
99,-0.0508,0.0405,0.9683
100,-0.0713,-0.0403,0.9536
101,-0.0107,0.1038,0.9983
102,-0.0029,-0.0403,0.9846
103,-0.1050,-0.0117,1.1001
104,-0.1160,-0.0396,0.9622
105,-0.0686,0.2625,0.9436
106,-0.0217,0.9114,0.8186
107,0.1279,1.1782,0.7466
108,0.2251,1.6526,0.9055
109,0.1143,1.4211,0.9192
110,0.1353,1.1799,1.0520
111,0.0461,0.7876,1.0640
112,0.0161,0.6362,1.1323
113,0.0146,0.7561,1.1106
114,0.0188,1.1086,1.0481
115,-0.0933,1.2827,0.9116
116,-0.1680,1.5288,0.9048
117,-0.3657,1.3994,0.8638
118,-0.4949,1.2820,0.6995
119,-0.5105,0.8958,0.9270
120,-0.2864,0.4602,0.8440
121,0.0381,0.4714,1.0071
122,0.3115,0.8401,0.9275
123,0.4819,0.9172,1.0461
124,0.3640,0.2305,1.1438
125,0.0476,-0.4683,1.4143
126,-0.2280,-1.1453,1.3003
127,-0.2463,-1.4097,1.1389
128,-0.1121,-1.3901,0.9758
129,0.1233,-1.2449,0.8423
130,0.3140,-0.8286,0.8196
131,0.2795,-0.1541,0.6470
132,0.0786,0.0457,0.5237
133,-0.2366,0.1277,0.6685
134,-0.4666,-0.3096,0.8616
135,-0.4353,-0.6187,1.0627
136,-0.2649,-0.6384,1.1685
137,0.0193,-0.2947,1.2593
138,0.3127,-0.0217,1.2329
139,0.3804,0.5325,1.2561
140,0.2571,0.8696,1.1030
141,0.0757,1.1389,0.9788
142,-0.0291,1.1333,0.8843
143,-0.0774,0.9204,0.8560
144,-0.0183,0.7395,0.8958
145,0.0947,0.5667,0.8206
146,0.1135,0.2830,0.8440
147,-0.0295,0.2534,0.9663
148,-0.1792,-0.0066,0.9653
149,-0.2341,-0.0696,1.0403
150,-0.2764,-0.2036,1.0413
151,-0.1194,-0.2651,1.0764
152,0.0464,-0.2390,1.0881
153,0.1931,-0.0381,1.0737
154,0.1511,-0.2322,0.9536
155,0.0801,-0.2600,0.9858
156,0.0098,-0.3386,0.9546
157,-0.0149,-0.4529,0.8940
158,0.0347,-0.4480,0.9028
159,0.1277,-0.3816,0.9409
160,0.1560,-0.3669,0.9360
161,0.0203,-0.3706,0.9270
162,-0.1125,-0.1577,0.9722
163,-0.3015,-0.0918,0.9817
164,-0.2925,-0.0146,0.9849
165,-0.1917,0.0090,0.9995
166,0.0237,0.1575,1.0491
167,0.1929,0.0823,0.9680
168,0.2729,0.2439,1.0452
169,0.1565,0.1855,1.0042
170,0.1072,0.0889,1.0015
171,-0.0056,0.0603,1.0044
172,-0.0449,0.0264,0.9749
173,-0.0376,-0.0151,0.9446
174,-0.0859,0.0181,0.9624
175,-0.1218,0.0393,0.9807
176,-0.1765,0.0737,0.9250
177,-0.1519,0.1284,0.9438
178,-0.0681,0.0759,0.9192
179,0.0664,-0.0801,0.9683
180,0.1863,0.1597,1.0688
181,0.2090,0.0735,0.9729
182,0.1125,0.0320,0.9937
183,-0.0188,-0.0356,1.0347
184,-0.1094,-0.0603,1.0403
185,-0.1240,-0.1328,0.9700
186,0.0171,-0.0251,0.9585
187,0.0896,-0.0420,0.9548
188,0.0854,0.0957,0.9729
189,0.0110,0.0200,0.8987
190,-0.1399,-0.0923,0.9243
191,-0.2058,-0.1382,0.9719
192,-0.1418,-0.1938,0.9866
193,0.0093,0.0381,0.9973
194,0.1692,0.1611,0.9614
195,0.2329,0.1211,0.9749
196,0.0950,0.0588,1.0359
197,-0.0642,0.0007,1.0425
198,-0.1804,-0.1357,0.9702
199,-0.1284,-0.0566,0.9993
200,0.0061,-0.0317,0.9729
201,0.1865,0.1145,0.9758
202,0.1921,0.1865,0.9146
203,0.0994,0.1152,0.9482
204,-0.1050,0.0232,1.0122
205,-0.2791,-0.2280,0.9983
206,-0.2266,-0.1887,1.0227
207,-0.1121,-0.1521,0.9622
208,0.0977,0.0037,0.9817
209,0.2444,0.0488,0.9507
210,0.2104,0.1873,0.9817
211,-0.0007,0.2151,0.9514
212,-0.1736,0.0994,0.9417
213,-0.2314,-0.1687,0.9495
214,-0.1394,-0.2815,1.0364
215,0.0691,-0.1707,1.0415
216,0.2395,-0.0234,0.9526
217,0.2424,0.1616,0.9604
218,0.0332,0.1550,0.9836
219,-0.1628,0.0530,0.9827
220,-0.2983,-0.0710,0.9885
221,-0.1997,-0.1814,0.9663
222,0.0386,-0.2651,0.9973
223,0.2241,-0.0903,1.0325
224,0.2632,-0.0964,0.9553
225,0.1455,0.1426,0.9624
226,-0.1204,0.2019,0.9250
227,-0.2388,0.1533,0.9185
228,-0.2310,-0.0317,0.9136
229,-0.0410,-0.0657,0.9807
230,0.1472,-0.0769,0.9917
231,0.2246,0.0159,1.0042
232,0.0994,-0.0737,0.9915
233,-0.0481,0.0491,1.0452
234,-0.2109,0.0291,0.9905
235,-0.1614,0.0156,0.9868
236,-0.0173,-0.0435,0.9817
237,0.1843,0.0391,1.0435
238,0.1873,0.0818,0.9875
239,0.0916,0.1621,0.9526
240,-0.0916,0.1323,0.9185
241,-0.2449,0.0935,0.9700
242,-0.2144,0.0439,0.9507
243,-0.0388,-0.1169,0.9272
244,0.1638,-0.0288,1.0002
245,0.2725,-0.1621,0.9585
246,0.1826,-0.0774,1.0295
247,-0.0684,-0.0173,0.9888
248,-0.2251,-0.0115,0.9595
249,-0.2917,0.0569,1.0012
250,-0.1196,0.0637,0.9771
251,0.1155,-0.0593,0.9624
252,0.2710,-0.0273,0.9875
253,0.2397,-0.1372,0.9758
254,0.0825,-0.1055,0.9895
255,-0.1172,-0.0510,0.9661
256,-0.2019,0.0439,0.9817
257,-0.1516,0.0701,0.9507
258,-0.0176,0.0391,0.9553
259,0.1094,0.0149,0.9866
260,0.0952,-0.0830,0.9768
261,-0.0210,-0.1472,1.0181
262,-0.0874,-0.1582,0.9924
263,-0.1191,-0.2080,0.9885
264,-0.0759,-0.0103,1.0032
265,0.0854,0.0681,0.9497
266,0.1509,0.1467,0.9333
267,0.1172,0.1567,0.9409
268,0.0105,0.1382,0.9995
269,-0.1304,0.0115,0.9634
270,-0.1309,-0.0547,0.9946
271,-0.0056,-0.0615,1.0325
272,0.1172,-0.0764,0.9995
273,0.1777,0.0098,1.0229
274,0.0554,0.0884,0.9661
275,-0.1443,0.1501,0.9612
276,-0.2798,0.1401,0.9390
277,-0.2690,-0.1287,0.9077
278,-0.0845,-0.2180,0.9946
279,0.1956,-0.0964,1.0063
280,0.3303,0.0322,0.9468
281,0.3140,0.3162,0.9465
282,0.0305,0.3665,0.9651
283,-0.2170,0.2085,0.9993
284,-0.3159,-0.0356,0.9927
285,-0.2144,-0.1975,1.0435
286,0.0393,-0.2834,1.0249
287,0.2793,-0.2559,1.0286
288,0.2534,-0.1067,0.9846
289,0.0493,0.1067,0.9617
290,-0.1726,0.3291,0.9146
291,-0.3469,0.1892,0.8618
292,-0.2671,0.0867,0.9624
293,-0.0552,-0.2527,0.9810
294,0.2563,-0.2170,1.0706
295,0.3472,-0.2622,0.9846
296,0.2493,-0.1204,1.0327
297,-0.0073,-0.0120,1.0110
298,-0.1990,0.0886,0.9915
299,-0.2729,0.0952,0.9321
300,-0.1218,0.0586,0.9534
301,0.0938,0.0469,0.9800
302,0.2166,0.0276,0.9800
303,0.1765,0.0144,0.9565
304,-0.0244,-0.1921,0.9741
305,-0.1926,-0.1895,1.0295
306,-0.2578,-0.2571,0.9858
307,-0.1472,0.0747,1.0002
308,0.0464,0.1262,0.9153
309,0.2249,0.1929,0.9722
310,0.2195,0.1257,0.9895
311,0.0986,0.0798,0.9817
312,-0.0562,-0.0369,0.9417
313,-0.1494,-0.0422,0.9788
314,-0.1035,-0.0662,1.0042
315,-0.0435,-0.0632,0.9995
316,0.1045,-0.0293,0.9858
317,0.0862,0.0066,0.9819
318,-0.0308,0.0403,1.0110
319,-0.1567,-0.0569,0.9429
320,-0.1802,-0.1753,0.9526
321,-0.1555,-0.0337,1.0098
322,0.0398,0.0649,0.9438
323,0.1892,0.2437,0.9351
324,0.1895,0.2454,0.9507
325,0.1084,0.1099,0.9905
326,-0.0515,-0.0942,1.0249
327,-0.1663,-0.2146,1.0188
328,-0.1274,-0.3689,1.0083
329,0.0171,-0.1873,1.0706
330,0.1550,-0.0552,0.9836
331,0.2102,0.0645,0.9370
332,0.0928,0.2710,0.9282
333,-0.1509,0.1787,0.8989
334,-0.2534,0.0488,0.9331
335,-0.3003,-0.1484,0.9478
336,-0.1467,-0.1482,1.0405
337,0.1023,-0.0789,1.0120
338,0.2522,-0.0229,0.9976
339,0.2292,0.0757,1.0139
340,0.1191,0.0964,0.9983
341,-0.0044,0.0667,0.9683
342,-0.1284,-0.0164,0.9553
343,-0.0566,-0.0210,1.0071
344,0.0215,-0.0559,0.9680
345,0.1025,0.1194,0.9800
346,0.0574,0.0647,0.9155
347,-0.0664,-0.0081,0.9507
348,-0.2063,-0.1067,0.9917
349,-0.2297,-0.1641,1.0071
350,-0.1365,-0.1577,0.9875
351,0.0457,-0.0957,1.0139
352,0.2151,-0.0291,1.0083
353,0.2222,0.0413,0.9829
354,0.1294,0.1448,0.9641
355,0.0093,0.1575,0.9270
356,-0.1018,0.1389,0.9563
357,-0.0708,-0.0239,0.9614
358,0.0225,-0.0164,1.0139
359,0.0659,-0.1108,1.0032
360,0.0833,-0.1460,1.0044
361,-0.0493,-0.1667,1.0129
362,-0.1929,-0.0869,0.9966
363,-0.2302,-0.1226,0.9475
364,-0.1431,0.0256,0.9731
365,-0.0173,0.0974,0.9573
366,0.2024,0.1772,0.9458
367,0.2080,0.1042,0.9299
368,0.1514,0.0642,0.9751
369,0.0173,-0.0957,0.9790
370,-0.1084,-0.0752,1.0024
371,-0.1362,-0.1650,1.0051
372,0.0273,-0.0039,1.0298
373,0.0881,-0.0825,0.9790
374,0.1453,0.1475,1.0413
375,0.0337,-0.0159,0.9272
376,-0.1135,0.0500,0.9924
377,-0.2473,-0.0054,0.9602
378,-0.2329,-0.0925,0.9526
379,-0.0945,-0.0962,0.9622
380,0.0818,0.0271,0.9700
381,0.2319,0.0798,0.9485
382,0.1855,0.0859,0.9321
383,0.0452,0.0784,1.0151
384,-0.0867,-0.0728,0.9622
385,-0.1602,-0.1213,1.0276
386,-0.0271,-0.0264,1.0405
387,0.0981,-0.2427,0.9563
388,0.2271,0.0881,1.0862
389,0.1328,0.1235,0.9497
390,-0.0239,0.1128,0.9253
391,-0.2788,0.0515,0.9253
392,-0.3718,-0.0510,0.9817
393,-0.2769,-0.2366,0.9341
394,-0.0227,-0.1326,0.9536
395,0.2485,-0.0696,0.9534
396,0.2974,0.0239,0.9661
397,0.2424,0.2063,0.9797
398,-0.0007,0.2629,0.9573
399,-0.1809,0.2522,0.9956
400,-0.2019,-0.0806,1.0061
401,-0.0701,-0.2913,1.1216
402,0.1541,-0.4265,1.0845
403,0.2761,-0.4653,1.0139
404,0.2034,-0.1328,1.0063
405,-0.0422,-0.0039,0.9055
406,-0.2534,0.2632,0.8970
407,-0.4028,0.3145,0.8462
408,-0.2744,0.2209,0.8909
409,-0.0505,0.0620,0.9241
410,0.1553,0.0532,1.0334
411,0.2078,-0.0955,1.0015
412,0.1904,-0.2993,1.0100
413,0.0310,-0.2058,1.1125
414,-0.0825,-0.1860,1.0569
415,-0.0078,-0.0972,1.0042
416,0.1074,0.0632,0.9875
417,0.2036,0.2615,0.9885
418,0.1565,0.1775,0.8628
419,-0.0068,0.2302,0.8765
420,-0.2432,0.0967,0.9058
421,-0.3337,-0.0405,0.9563
422,-0.2800,-0.1082,0.9915
423,-0.0896,-0.0723,1.0220
424,0.1360,-0.1736,1.0061
425,0.2485,-0.0618,1.0491
426,0.1741,0.0762,1.0229
427,0.0586,0.1299,0.9546
428,-0.0710,0.0698,0.9575
429,-0.1292,0.0728,1.0103
430,0.0054,-0.0024,0.9829
431,0.1125,0.0737,0.9597
432,0.1294,-0.0723,0.9124
433,0.0698,-0.1594,0.9829
434,-0.1018,-0.1965,1.0024
435,-0.2065,-0.1582,0.9810
436,-0.1965,-0.0369,0.9690
437,-0.0886,0.0034,0.9722
438,0.0732,0.0559,1.0217
439,0.1279,0.1948,0.9985
440,0.0986,0.0896,0.9221
441,0.0396,0.0964,0.9631
442,-0.0623,-0.0503,0.9836
443,-0.0310,-0.0278,1.0278
444,0.0688,0.0818,0.9856
445,0.1462,0.0208,0.9592
446,0.1265,-0.1206,1.0103
447,0.0298,-0.1548,1.0393
448,-0.1523,-0.1609,0.9956
449,-0.2214,0.0222,0.9641
450,-0.1990,-0.0535,0.8997
451,-0.0833,-0.0198,0.9956
452,0.0762,0.0986,0.9729
453,0.1716,0.0862,0.9104
454,0.1279,0.2014,0.9319
455,0.0264,0.0349,0.9692
456,-0.0381,-0.0818,1.0298
457,-0.0576,-0.1311,1.0237
458,0.0500,-0.0376,1.0432
459,0.1350,-0.1843,0.9839
460,0.1665,-0.0967,1.0500
461,0.0168,-0.0405,1.0054
462,-0.1226,0.0559,0.9272
463,-0.2473,0.0200,0.8918
464,-0.3020,0.0398,0.9797
465,-0.1790,0.0215,0.9653
466,0.0066,0.0667,0.9409
467,0.1711,0.1021,0.9438
468,0.2083,-0.0898,0.9585
469,0.1504,-0.0623,1.0601
470,0.0312,-0.0908,1.0081
471,0.0037,-0.0662,0.9829
472,-0.0293,-0.0806,1.0120
473,0.0662,-0.0364,1.0266
474,0.0693,-0.0527,0.9875
475,0.0327,0.1321,0.9651
476,-0.0979,-0.0120,0.8889
477,-0.1711,0.0586,0.9956
478,-0.1824,-0.0156,0.9563
479,-0.1289,0.0034,0.9592
480,-0.0103,-0.0261,0.9604
481,0.1562,-0.1929,0.9612
482,0.1121,-0.0244,1.0337
483,-0.0034,0.2942,0.9827
484,0.0129,0.3137,0.8840
485,-0.0525,0.0850,0.9399
486,0.0312,-0.1187,1.1108
487,0.1526,-0.2422,1.0745
488,0.1953,-0.0979,0.9851
489,0.0728,0.0171,0.9778
490,-0.0662,0.0166,0.9875
491,-0.2939,0.0588,0.9954
492,-0.3081,0.2188,0.9360
493,-0.1804,0.0085,0.8342
494,0.0371,-0.0640,0.9729
495,0.1956,-0.2178,1.0225
496,0.2422,-0.1309,1.0022
497,0.0684,-0.0322,0.9409
498,-0.0576,0.0874,0.9966
499,-0.1182,-0.0291,1.0161
500,-0.0671,-0.0154,1.0522
501,0.0642,-0.1389,1.0044
502,0.2144,-0.1824,0.9944
503,0.1533,-0.2456,1.0334
504,0.0132,-0.1194,1.0061
505,-0.1968,-0.1118,0.8879
506,-0.2671,0.2944,0.9370
507,-0.2329,0.1680,0.8276
508,-0.0603,0.1106,0.9231
509,0.0862,0.0508,0.9780
510,0.1609,-0.0283,0.9800
511,0.1338,-0.0298,0.9885
512,0.0093,0.0229,1.0276
513,-0.0596,0.0042,1.0461
514,-0.0254,0.0781,1.0356
515,0.0483,0.1475,1.0334
516,0.1758,0.0820,0.9797
517,0.1580,-0.0847,0.9875
518,0.0427,-0.1177,1.0295
519,-0.1467,-0.2732,0.9126
520,-0.2168,-0.0576,0.9565
521,-0.2563,0.1011,0.8804
522,-0.0547,0.2163,0.8735
523,0.0518,0.4055,0.9241
524,0.1365,0.3926,0.9546
525,0.1167,0.0442,0.9612
526,-0.0188,-0.1951,1.0669
527,-0.0859,-0.3662,1.1155
528,-0.0427,-0.4829,1.0520
529,0.0503,-0.2288,1.0833
530,0.1699,0.0671,1.0161
531,0.1943,0.2595,0.9312
532,0.0376,0.4600,0.9214
533,-0.1128,0.2334,0.8726
534,-0.2285,-0.0420,0.9055
535,-0.2659,-0.2629,0.9868
536,-0.1226,-0.3171,0.9888
537,0.0283,-0.4578,0.9321
538,0.1719,-0.1133,1.0295
539,0.1257,0.0278,0.9897
540,0.0798,0.2126,0.9719
541,-0.0203,0.1653,0.9468
542,-0.0332,0.1719,1.0229
543,-0.0056,-0.0754,0.9868
544,0.0999,-0.1228,1.0374
545,0.1304,-0.1909,0.9954
546,0.0405,-0.1487,1.0247
547,-0.0308,0.0176,0.9807
548,-0.1392,-0.0652,0.8931
549,-0.1741,0.1494,0.9448
550,-0.1243,0.0879,0.8970
551,0.0110,0.1394,0.9692
552,0.0369,-0.0291,0.9399
553,0.0962,0.0569,1.0618
554,0.0605,-0.0427,0.9976
555,-0.0327,-0.0356,0.9934
556,-0.0264,0.0535,1.0325
557,-0.0090,0.0139,0.9751
558,0.0469,-0.0090,0.9951
559,0.0813,-0.0620,0.9722
560,0.0623,-0.1606,0.9800
561,-0.0564,-0.1379,0.9885
562,-0.0974,-0.0857,0.9456
563,-0.1509,0.0132,0.9165
564,-0.1394,0.1230,0.9436
565,0.0034,0.1870,0.9438
566,0.0376,0.0784,0.9377
567,0.0535,0.1409,1.0305
568,0.0369,-0.0781,1.0071
569,-0.0076,-0.1824,1.0171
570,-0.0352,-0.1660,1.0366
571,0.0676,-0.0684,1.0034
572,0.1191,-0.0337,0.9397
573,0.1250,0.2722,1.0022
574,0.0581,0.2214,0.9192
575,-0.0491,0.1106,0.9534
576,-0.1677,-0.0120,1.0022
577,-0.1885,-0.2568,0.9827
578,-0.1030,-0.2625,1.0024
579,-0.0105,-0.1621,0.9758
580,0.1060,-0.0166,0.9758
581,0.0894,0.1775,0.9563
582,0.0227,0.2520,0.9709
583,-0.0476,0.1658,0.9788
584,-0.0525,-0.0679,0.9661
585,0.0059,-0.1924,1.0229
586,0.1418,-0.2039,1.0405
587,0.1697,-0.2366,0.9653
588,0.1294,-0.1440,0.9622
589,-0.0676,0.0593,1.0354
590,-0.1882,0.1746,0.9299
591,-0.2778,0.1763,0.8833
592,-0.1960,0.3738,0.9690
593,-0.0388,-0.0869,0.8831
594,0.1870,-0.0137,1.0413
595,0.1589,-0.0925,1.0100
596,0.1582,-0.1313,1.0139
597,-0.0132,-0.1545,1.0142
598,-0.1538,0.0051,1.0513
599,-0.1282,0.0728,0.9641
600,-0.0525,0.1560,0.9180
601,0.1279,0.2268,0.9788
602,0.1777,0.1252,0.9465
603,0.1284,0.0771,0.9983
604,-0.0461,-0.0132,0.9807
605,-0.1643,-0.2732,0.9653
606,-0.2346,-0.1831,1.0471
607,-0.1360,-0.0701,0.9778
608,0.0408,-0.0039,0.9272
609,0.1450,0.0537,0.9153
610,0.1743,0.1956,1.0051
611,0.0793,0.2061,0.9771
612,-0.0234,0.0278,0.8872
613,-0.0840,0.0186,1.0278
614,-0.0776,-0.0537,1.0659
615,0.0327,-0.2922,0.9927
616,0.0933,-0.0835,1.0696
617,0.0471,0.0906,1.0288
618,-0.0293,-0.0283,0.9399
619,-0.1370,0.0088,0.9868
620,-0.1602,-0.0955,0.9663
621,-0.0786,-0.2087,0.9185
622,0.1260,-0.0112,0.9399
623,0.1868,0.0225,0.8735
624,0.1519,0.1404,0.9504
625,-0.0015,0.2161,0.9817
626,-0.1702,0.0518,0.9651
627,-0.2302,-0.0444,1.0403
628,-0.1042,-0.2183,1.0540
629,0.1133,-0.3706,1.0647
630,0.2786,-0.2061,1.0796
631,0.2554,-0.0786,0.9875
632,0.0872,0.1262,0.9397
633,-0.1399,0.2903,0.9221
634,-0.3032,0.1716,0.8716
635,-0.2954,0.0894,0.9204
636,-0.1448,0.0757,0.9465
637,0.0862,-0.0862,0.9253
638,0.1841,-0.0708,0.9924
639,0.1616,-0.0549,1.0444
640,0.0642,-0.0588,1.0278
641,-0.0835,-0.0996,1.0142
642,-0.1326,0.0171,1.0364
643,-0.0164,0.0110,0.9993
644,0.1313,0.1853,0.9827
645,0.1489,0.1721,0.9153
646,0.0657,0.1558,0.9556
647,-0.0823,-0.1226,0.9299
648,-0.2419,-0.2241,0.9866
649,-0.2251,-0.0872,1.0112
650,-0.0640,-0.0613,0.9360
651,0.1650,-0.0752,0.9456
652,0.2356,0.1152,1.0356
653,0.1772,0.2126,1.0120
654,-0.0112,0.1697,0.9302
655,-0.1543,0.1084,0.9683
656,-0.1919,-0.0671,1.0205
657,-0.0437,-0.1482,0.9966
658,0.1013,-0.0642,0.9946
659,0.1924,0.0347,0.9670
660,0.1235,-0.0620,0.9543
661,-0.0366,-0.0156,1.0239
662,-0.2168,-0.2061,0.9524
663,-0.2244,-0.1670,0.9797
664,-0.1602,-0.0828,0.9858
665,0.0283,0.0508,0.9661
666,0.1865,0.0457,0.9233
667,0.2046,0.1470,0.9924
668,0.1357,0.0615,1.0122
669,-0.0342,-0.1619,0.9722
670,-0.1353,-0.1885,1.0278
671,-0.1216,-0.2039,0.9985
672,0.0029,-0.1648,0.9956
673,0.1270,0.0137,0.9875
674,0.1487,0.0830,0.9556
675,0.0557,0.2458,0.9575
676,-0.1179,0.1431,0.8970
677,-0.2161,0.1343,0.9524
678,-0.2673,-0.0190,0.9504
679,-0.0916,-0.0144,0.9878
680,0.0383,-0.0188,0.9897
681,0.1970,0.0369,0.9973
682,0.1621,-0.1284,0.9856
683,0.0969,-0.0593,1.0747
684,0.0037,0.0188,0.9856
685,-0.0364,0.0908,0.9546
686,-0.0093,0.2039,0.9766
687,0.0674,0.0039,0.9543
688,0.0508,0.0476,1.0315
689,-0.0227,-0.0432,0.9536
690,-0.1284,-0.1365,0.9526
691,-0.2065,-0.1169,0.9985
692,-0.1802,-0.1333,0.9729
693,-0.0500,-0.0898,0.9646
694,0.1196,0.0793,0.9563
695,0.2222,0.1160,0.9426
696,0.1350,0.0740,0.9778
697,0.0415,-0.0735,0.9729
698,-0.0935,-0.1416,1.0085
699,-0.1045,-0.1443,0.9966
700,-0.0146,-0.0574,1.0002
701,0.0913,-0.0706,0.9858
702,0.1482,0.0229,0.9995
703,0.0549,0.0850,1.0022
704,-0.1277,0.1196,0.9595
705,-0.2349,0.0471,0.9504
706,-0.2576,0.0127,0.9885
707,-0.1382,-0.0510,0.9927
708,0.0649,-0.0801,0.9739
709,0.2466,-0.0017,0.9329
710,0.2510,-0.0132,0.9358
711,0.1465,0.0723,0.9758
712,-0.0359,0.0759,0.9514
713,-0.1101,0.2151,0.9719
714,-0.1450,0.0876,0.9573
715,-0.0166,-0.0315,1.0149
716,0.1265,-0.1902,1.0444
717,0.1521,-0.0984,1.0649
718,0.0339,-0.0825,0.9778
719,-0.1328,-0.0422,0.9712
720,-0.2498,-0.0693,0.9661
721,-0.2422,0.0088,0.9731
722,-0.1130,0.0432,0.9143
723,0.1238,0.0813,0.8823
724,0.2144,0.1743,0.9534
725,0.1631,0.1489,0.9653
726,0.0642,-0.1069,0.9348
727,-0.0332,-0.1467,1.0461
728,-0.0850,-0.2388,1.0491
729,0.0046,-0.1228,1.0745
730,0.0903,0.0464,1.0110
731,0.1436,0.0535,0.9653
732,0.0579,0.0173,0.9878
733,-0.1101,-0.0222,0.9866
734,-0.1958,-0.0610,0.9258
735,-0.2485,-0.0425,0.9253
736,-0.1223,0.1182,0.9702
737,0.0247,0.0078,0.9380
738,0.1790,0.1494,0.9771
739,0.1570,0.0710,0.9563
740,0.0955,0.1033,1.0081
741,-0.0449,-0.0903,0.9797
742,-0.0652,0.0088,1.0659
743,-0.0750,-0.0808,0.9937
744,0.0698,-0.0020,1.0083
745,0.1609,0.0486,0.9644
746,0.1082,-0.0723,0.9536
747,0.0034,-0.0039,1.0093
748,-0.1919,-0.1072,0.9172
749,-0.2712,0.0437,0.9905
750,-0.2371,0.0649,0.9282
751,-0.0767,0.0127,0.9512
752,0.1206,0.0796,1.0181
753,0.1812,-0.0474,0.9573
754,0.1423,0.0232,1.0081
755,-0.0132,-0.0623,0.9712
756,-0.0557,-0.0720,0.9915
757,-0.0764,-0.1055,1.0071
758,0.0779,-0.0317,0.9934
759,0.1677,-0.1221,0.9761
760,0.1875,-0.0420,1.0012
761,0.0330,-0.0664,0.9827
762,-0.1787,0.0659,0.9946
763,-0.2695,0.0291,0.9214
764,-0.2671,0.1064,0.9946
765,-0.1318,0.0630,0.9485
766,0.0879,0.0691,0.9556
767,0.2029,0.1172,0.9668
768,0.1411,-0.0867,0.9341
769,0.0686,0.0159,1.0249
770,-0.0947,0.0083,0.9768
771,-0.0596,0.0762,0.9790
772,0.0061,-0.0483,0.9858
773,0.1418,0.0498,1.0845
774,0.2402,-0.0879,0.9915
775,0.1533,-0.1272,1.0042
776,-0.0786,-0.1504,0.9944
777,-0.2849,-0.2412,0.9690
778,-0.3416,-0.0620,0.9817
779,-0.2935,-0.0981,0.8882
780,-0.0300,0.0688,0.9448
781,0.1545,0.1318,0.9214
782,0.2563,0.2725,0.9543
783,0.1855,0.1238,0.9270
784,0.0205,0.0430,1.0081
785,-0.0781,-0.0195,1.0786
786,-0.0798,-0.1543,1.0327
787,0.0542,-0.1792,1.0559
788,0.1509,-0.1147,1.0662
789,0.1577,-0.0171,1.0161
790,-0.0139,0.1626,0.9458
791,-0.2114,0.2358,0.8901
792,-0.3083,0.0710,0.8958
793,-0.2888,-0.0315,0.9592
794,-0.0513,-0.0454,0.9478
795,0.1553,-0.0603,0.9065
796,0.3000,-0.0742,0.9438
797,0.2170,-0.1306,1.0200
798,0.0640,-0.0386,1.0637
799,-0.0688,-0.0227,0.9934
800,-0.0989,0.0750,1.0237
801,-0.0754,-0.0735,1.0259
802,0.0801,-0.0781,1.0598
803,0.1233,-0.1284,0.9895
804,0.1008,-0.0999,0.9546
805,-0.0596,-0.1611,0.9211
806,-0.1672,-0.0400,0.9680
807,-0.2073,0.0608,0.9155
808,-0.1799,0.2329,0.8755
809,-0.0627,0.2222,0.8853
810,0.1177,0.1155,0.9592
811,0.1343,-0.1594,0.9963
812,0.1082,-0.1846,1.0657
813,0.0618,-0.1665,1.0483
814,0.0691,-0.0176,1.0586
815,0.0652,0.2036,1.0640
816,0.0847,0.2849,0.9875
817,0.0339,0.1899,0.9575
818,-0.0049,0.0986,0.9780
819,-0.1516,-0.1719,0.9231
820,-0.1892,-0.1799,0.9758
821,-0.1638,-0.2036,0.9202
822,-0.0745,-0.1021,0.9351
823,-0.0042,0.1670,0.9565
824,0.0540,0.2605,0.9133
825,0.0454,0.2307,0.9426
826,-0.0225,0.1482,1.0247
827,-0.0249,0.0276,1.0500
828,0.0498,-0.1770,1.0315
829,0.1421,-0.1270,1.0764
830,0.1982,-0.1282,1.0200
831,0.1819,-0.1960,0.9829
832,0.0850,-0.0930,0.9917
833,-0.0811,-0.0269,0.9233
834,-0.1631,0.1553,0.8862
835,-0.2146,0.2405,0.8977
836,-0.1140,0.0784,0.9055
837,-0.0198,-0.0962,0.9761
838,0.0652,-0.0251,1.0425
839,0.0632,-0.1978,0.9485
840,0.0078,-0.1960,1.0376
841,-0.1526,-0.0837,1.0920
842,-0.1306,-0.0571,1.0237
843,-0.0161,-0.0339,0.9595
844,0.0857,-0.0159,0.9907
845,0.2764,-0.1370,0.9771
846,0.2227,-0.1157,0.9858
847,0.0935,0.2156,0.9517
848,-0.1165,0.0339,0.8208
849,-0.2312,0.1477,0.9924
850,-0.3108,-0.0693,0.9631
851,-0.1506,0.0391,1.0073
852,-0.0234,-0.0320,0.9436
853,0.1001,-0.0647,0.9983
854,0.1294,-0.1980,1.0435
855,0.0095,-0.0237,1.0422
856,-0.0298,0.1497,0.9636
857,-0.0164,0.2314,0.9292
858,0.0571,0.1897,0.9924
859,0.1719,0.2031,1.0112
860,0.2039,0.0049,0.9321
861,0.1272,-0.0142,0.9995
862,-0.0903,-0.1404,1.0005
863,-0.2363,-0.1765,1.0063
864,-0.2927,-0.1926,0.9436
865,-0.2148,-0.0991,0.9670
866,-0.0188,0.0293,0.9817
867,0.1467,-0.0303,0.9351
868,0.1655,0.0667,0.9690
869,0.1199,0.1208,0.9536
870,0.0007,0.2205,0.9661
871,-0.0750,0.1353,0.9604
872,-0.0327,-0.0874,0.9856
873,0.0681,-0.1628,1.0669
874,0.0994,-0.2131,1.0415
875,0.0840,-0.1880,1.0100
876,-0.0354,-0.1340,1.0022
877,-0.1306,-0.0740,1.0037
878,-0.1357,0.0269,0.9634
879,-0.1431,0.0715,0.8831
880,-0.0432,0.1704,0.9253
881,0.0569,0.0735,0.9136
882,0.0586,0.0408,0.9751
883,-0.0088,0.0076,0.9651
884,0.0010,-0.1025,0.9556
885,-0.0073,-0.0488,1.0308
886,0.0352,-0.1687,1.0266
887,0.1064,-0.1453,1.0493
888,0.1934,-0.0544,1.0266
889,0.1062,-0.0061,0.9946
890,-0.0464,0.1040,1.0034
891,-0.1816,0.1377,0.9312
892,-0.2520,-0.0034,0.9253
893,-0.1646,-0.0002,0.9634
894,-0.0398,-0.1179,0.9211
895,0.1360,0.0818,0.9944
896,0.1697,0.0356,0.9136
897,0.0530,0.0605,0.9895
898,-0.1101,0.0332,1.0110
899,-0.1267,0.0012,0.9905
900,-0.0398,0.0120,1.0120
901,0.0720,-0.0251,1.0181
902,0.2427,0.0352,1.0198
903,0.2212,-0.0193,0.9641
904,0.0791,0.0928,0.9807
905,-0.1626,-0.0254,0.9409
906,-0.2412,-0.0645,0.9863
907,-0.2979,-0.1846,0.9456
908,-0.1106,-0.1279,0.9839
909,0.1172,-0.0654,0.9377
910,0.2202,0.0784,0.9612
911,0.1758,0.1924,0.9761
912,0.0254,0.1038,0.9319
913,-0.1558,0.0657,1.0034
914,-0.1794,0.0361,1.0171
915,-0.0901,-0.1091,0.9788
916,0.1196,-0.0847,1.0198
917,0.2229,-0.1790,1.0200
918,0.2363,-0.2026,1.0012
919,0.0662,-0.2131,0.9763
920,-0.0920,0.0906,1.0063
921,-0.2498,-0.0457,0.8892
922,-0.2178,0.2036,0.9836
923,-0.1299,0.2422,0.9536
924,0.0537,0.0750,0.9185
925,0.1404,-0.0793,0.9849
926,0.0952,-0.1426,1.0471
927,0.0376,-0.2036,0.9858
928,-0.0569,-0.0774,0.9771
929,-0.0356,0.1565,1.0012
930,0.0400,0.1924,0.9927
931,0.0842,0.0833,0.9651
932,0.0693,-0.0728,0.9924
933,0.0249,-0.0708,1.0364
934,-0.1042,-0.1401,0.9553
935,-0.1279,-0.1223,0.9641
936,-0.1245,-0.1548,0.9302
937,-0.0676,0.0164,0.9946
938,0.0576,0.2468,0.9438
939,0.0898,0.0615,0.8684
940,0.0720,0.1013,1.0374
941,-0.0190,-0.1064,1.0081
942,-0.0125,-0.0762,1.0286
943,-0.0159,-0.0049,0.9878
944,0.0356,0.0073,1.0103
945,0.1042,0.0239,1.0366
946,0.0454,-0.0217,0.9817
947,-0.0222,0.0754,0.9758
948,-0.1587,-0.0471,0.9026
949,-0.1892,-0.0835,0.9563
950,-0.2026,-0.1553,0.9751
951,-0.0203,-0.0742,0.9419
952,0.1350,0.1069,0.9517
953,0.2046,0.1992,0.9741
954,0.1638,0.0767,0.9778
955,0.0249,0.0913,1.0581
956,-0.1062,0.0732,1.0093
957,-0.0950,-0.1287,0.9614
958,-0.0376,-0.1501,1.0559
959,0.0254,-0.1062,1.0522
960,0.1101,0.0288,0.9700
961,0.0078,0.1748,0.9087
962,-0.0635,0.1140,0.9233
963,-0.1685,-0.1516,0.9634
964,-0.1084,-0.1292,1.0100
965,-0.0388,-0.1372,0.9133
966,0.1538,-0.0220,0.9250
967,0.1702,0.1658,0.9856
968,0.0544,0.1306,0.9915
969,-0.0723,0.0278,0.9680
970,-0.1809,-0.0891,1.0151
971,-0.1399,-0.1694,1.0500
972,-0.0017,-0.3098,1.0200
973,0.1531,-0.1609,1.0278
974,0.2034,-0.0942,0.9504
975,0.1221,0.1753,0.9751
976,-0.0691,0.2659,0.9143
977,-0.2104,0.2017,0.8999
978,-0.2192,0.1165,0.9468
979,-0.0813,-0.0706,0.9741
980,0.0886,-0.2300,1.0159
981,0.1829,-0.2188,1.0259
982,0.1860,-0.1392,1.0229
983,0.0095,-0.0122,1.0120
984,-0.0999,0.1235,0.9683
985,-0.1445,0.2212,0.9663
986,-0.0681,0.2263,0.9553
987,0.0979,0.0159,0.9382
988,0.1902,-0.1433,0.9995
989,0.0901,-0.2087,0.9966
990,-0.0264,-0.1567,0.9954
991,-0.1934,-0.0415,0.9438
992,-0.2891,-0.0745,0.9458
993,-0.1392,0.0454,1.0122
994,0.0208,0.0208,0.9448
995,0.1858,0.1323,0.9692
996,0.2395,0.0676,0.9546
997,0.1230,0.0725,1.0190
998,-0.0276,0.0923,1.0161
999,-0.1599,0.0847,0.9526
1000,-0.1494,0.0066,0.9761
1001,-0.0095,-0.1514,0.9956
1002,0.1345,-0.1418,1.0269
1003,0.1406,0.0266,0.9846
1004,0.0483,-0.0007,0.9319
1005,-0.1016,-0.0437,0.9536
1006,-0.2092,-0.0137,1.0249
1007,-0.1843,0.1692,0.9856
1008,-0.0361,-0.0344,0.8491
1009,0.1360,0.1372,1.0190
1010,0.1396,-0.0317,1.0090
1011,0.1018,-0.1265,0.9731
1012,-0.0125,-0.0818,0.9817
1013,-0.1021,-0.0750,0.9758
1014,-0.0920,-0.1824,0.9956
1015,-0.0186,0.0112,1.0142
1016,0.1450,-0.0229,0.9172
1017,0.2268,0.0564,0.9668
1018,0.0737,-0.0032,1.0012
1019,-0.0786,-0.0754,1.0142
1020,-0.2405,-0.1528,0.9602
1021,-0.2927,0.0139,0.9905
1022,-0.1833,-0.0129,0.9612
1023,0.0979,0.0193,0.9722
1024,0.2485,-0.0247,0.9631
1025,0.2734,0.0190,1.0159
1026,0.1479,0.0266,0.9556
1027,-0.0657,0.0435,0.9641
1028,-0.1641,0.1558,0.9897
1029,-0.1829,-0.0244,0.9692
1030,0.0083,0.1499,1.0552
1031,0.0735,-0.0962,0.9458
1032,0.1570,-0.0374,1.0239
1033,-0.0107,-0.2856,0.9602
1034,-0.1377,-0.1638,1.0356
1035,-0.2295,-0.2493,0.9390
1036,-0.1704,0.0623,0.9907
1037,-0.0203,0.2271,0.9146
1038,0.1868,0.3247,0.9077
1039,0.2395,0.3979,0.9399
1040,0.1404,0.2434,0.9397
1041,0.0298,0.0378,1.0190
1042,-0.1104,-0.3149,0.9905
1043,-0.1277,-0.3508,1.1001
1044,-0.0537,-0.1802,1.0764
1045,0.0984,-0.1191,0.9331
1046,0.0723,0.0227,0.9810
1047,0.0015,0.2012,0.9761
1048,-0.1194,0.1238,0.8904
1049,-0.1929,0.2300,0.9302
1050,-0.1707,0.0964,0.9321
1051,-0.0015,-0.1382,0.9963
1052,0.1624,-0.1750,1.0317
1053,0.1855,-0.1641,0.9954
1054,0.1565,-0.0098,0.9995
1055,-0.0464,-0.0105,0.9653
1056,-0.1052,-0.0454,1.0042
1057,-0.1089,-0.0662,0.9966
1058,0.0208,0.0869,0.9983
1059,0.1445,0.0146,0.9192
1060,0.1958,0.0383,0.9758
1061,-0.0291,0.0320,0.9983
1062,-0.1719,0.0276,0.9604
1063,-0.3259,-0.0281,0.9475
1064,-0.2524,-0.0671,0.9966
1065,-0.0908,-0.2451,1.0005
1066,0.1572,-0.0005,1.0562
1067,0.3157,0.0383,0.9106
1068,0.2468,0.1758,0.9644
1069,0.0679,0.2852,1.0015
1070,-0.1331,0.0930,0.9465
1071,-0.2009,0.0271,0.9797
1072,-0.1116,-0.2161,0.9751
1073,0.1333,-0.2017,1.0562
1074,0.2231,-0.1384,0.9895
1075,0.1826,0.0894,0.9780
1076,-0.0439,-0.0325,0.8940
1077,-0.3035,-0.0403,0.9885
1078,-0.3940,-0.0015,1.0239
1079,-0.3052,-0.1809,0.9263
1080,-0.0303,-0.1206,0.9875
1081,0.2583,-0.1255,0.9905
1082,0.3923,-0.0732,0.9973
1083,0.2629,0.1191,0.9526
1084,0.0764,0.2761,0.9182
1085,-0.1670,0.2495,0.9448
1086,-0.2603,0.0657,0.9692
1087,-0.1187,-0.0142,1.0415
1088,0.0659,-0.0898,1.0579
1089,0.1951,-0.2500,1.0081
1090,0.1934,-0.2964,1.0618
1091,0.0000,-0.0916,1.0715
1092,-0.1785,-0.0188,0.9211
1093,-0.2808,0.1528,0.8989
1094,-0.2502,0.3413,0.9253
1095,-0.0579,0.3074,0.8687
1096,0.1240,0.2603,0.8687
1097,0.1360,0.0752,0.9219
1098,0.1228,-0.2209,1.0015
1099,0.0281,-0.2983,1.0784
1100,-0.0347,-0.2642,1.0696
1101,0.0044,-0.3828,1.0227
1102,0.1511,-0.1934,1.1011
1103,0.1487,0.0322,1.0933
1104,0.1338,0.2397,0.9292
1105,-0.0686,0.2910,0.8401
1106,-0.2732,0.2898,0.9563
1107,-0.3311,-0.0803,0.9165
1108,-0.2585,-0.1885,0.9622
1109,-0.0481,-0.2429,0.9556
1110,0.2324,-0.3022,0.9553
1111,0.3152,-0.0632,1.0366
1112,0.1682,0.2544,0.9790
1113,0.0608,0.3228,0.8872
1114,-0.1421,0.3833,0.9995
1115,-0.1812,0.2180,1.0725
1116,-0.0361,-0.1968,1.0256
1117,0.1589,-0.1936,1.0659
1118,0.2175,-0.2886,1.0227
1119,0.1765,-0.2996,0.9966
1120,-0.0930,-0.2061,0.9634
1121,-0.3030,0.0569,0.9666
1122,-0.3865,0.1707,0.8557
1123,-0.2563,0.3071,0.8716
1124,-0.0144,0.2581,0.9133
1125,0.2075,0.1384,0.9377
1126,0.2615,0.0117,0.9729
1127,0.1846,-0.0493,1.0093
1128,0.0022,-0.2009,1.0327
1129,-0.1411,-0.1289,1.0884
1130,-0.1204,-0.1235,1.0620
1131,0.0488,-0.0403,1.0168
1132,0.1646,-0.0200,1.0024
1133,0.2168,0.0791,0.9888
1134,0.0796,-0.1030,0.8960
1135,-0.0986,0.0027,0.9517
1136,-0.2593,-0.0278,0.9155
1137,-0.2710,0.0725,0.9292
1138,-0.1106,0.0874,0.9058
1139,0.0366,0.2412,0.9722
1140,0.1235,0.1018,0.9397
1141,0.1367,0.0244,0.9790
1142,0.0452,-0.1121,1.0500
1143,-0.0305,-0.2551,1.0571
1144,-0.0247,-0.2532,1.0872
1145,0.0388,-0.0759,1.0750
1146,0.1382,-0.0510,0.9653
1147,0.1489,0.1863,0.9744
1148,0.0156,0.1670,0.9116
1149,-0.0859,0.0957,0.8872
1150,-0.2356,0.0203,0.9290
1151,-0.2573,-0.0374,0.9556
1152,-0.1072,-0.1406,0.9585
1153,0.0142,0.0222,1.0161
1154,0.0984,0.0029,0.9827
1155,0.1067,0.0173,0.9800
1156,-0.0044,0.0503,1.0063
1157,-0.0293,0.0603,1.0239
1158,-0.0068,-0.1755,0.9829
1159,0.0808,-0.0813,1.0383
1160,0.1934,0.0095,1.0247
1161,0.2407,0.0203,0.9202
1162,0.0586,-0.1238,0.9155
1163,-0.1018,0.0188,1.0334
1164,-0.2742,-0.1318,0.9290
1165,-0.2878,-0.0181,0.9241
1166,-0.1985,-0.0776,0.9419
1167,0.0742,0.0854,1.0227
1168,0.1689,0.0266,0.9641
1169,0.2319,0.2688,0.9778
1170,0.1011,0.0789,0.9260
1171,0.0007,0.1006,1.0435
1172,-0.0938,-0.0881,1.0015
1173,-0.0273,-0.0454,1.0305
1174,0.0872,-0.0935,0.9841
1175,0.1221,-0.0256,1.0366
1176,0.0471,-0.0559,0.9604
1177,-0.0874,-0.0676,0.9458
1178,-0.2104,-0.0249,0.9487
1179,-0.2637,-0.1243,0.9438
1180,-0.1587,0.0728,1.0015
1181,-0.0024,0.0833,0.8977
1182,0.1597,0.1665,0.9253
1183,0.1340,0.2485,0.9878
1184,0.0361,0.1013,0.9553
1185,0.0029,-0.0356,1.0083
1186,-0.0681,-0.3330,1.0452
1187,0.0737,-0.4495,1.1011
1188,0.1797,-0.2141,1.0842
1189,0.2163,0.1389,0.9836
1190,0.1267,0.2219,0.8743
1191,-0.1104,0.2241,0.9233
1192,-0.3010,0.2161,0.9778
1193,-0.3240,-0.0186,0.8674
1194,-0.2332,-0.0781,0.9329
1195,-0.0310,-0.1392,1.0354
1196,0.2185,-0.2817,1.0015
1197,0.2432,-0.0549,1.0159
1198,0.1108,0.2141,0.9866
1199,0.0239,0.1060,0.9084
1200,-0.0801,0.1025,1.0244
1201,-0.0457,0.0896,1.0549
1202,0.1060,-0.0205,0.9807
1203,0.2324,-0.0737,0.9690
1204,0.1445,-0.2190,1.0168
1205,-0.0051,-0.2974,1.0168
1206,-0.2505,-0.1790,0.9448
1207,-0.3540,0.0723,0.9243
1208,-0.3062,0.1187,0.8882
1209,-0.0947,0.1555,0.9487
1210,0.1099,0.2493,0.9729
1211,0.2190,0.1714,0.9380
1212,0.2229,0.1326,0.9526
1213,0.0698,-0.0833,1.0051
1214,0.0107,-0.0813,1.0823
1215,-0.0227,-0.1628,1.0112
1216,-0.0005,0.0327,1.0405
1217,0.0444,-0.0298,0.9807
1218,0.0647,-0.0386,1.0100
1219,-0.0444,0.0073,0.9905
1220,-0.1150,-0.0181,0.9309
1221,-0.1455,-0.0122,0.9341
1222,-0.1697,-0.0627,0.9456
1223,-0.0347,0.0261,0.9624
1224,0.0288,0.0127,0.9268
1225,0.1082,0.0940,0.9526
1226,0.0405,-0.0134,0.9761
1227,0.0017,-0.0273,1.0171
1228,-0.0203,-0.2034,0.9797
1229,0.0474,0.0144,1.0520
1230,0.1038,-0.0637,0.9956
1231,0.2214,0.0886,1.0295
1232,0.1111,0.0142,0.9849
1233,-0.0315,0.0393,1.0090
1234,-0.2036,-0.0872,0.9575
1235,-0.2827,-0.1306,0.9546
1236,-0.2500,-0.1226,0.9875
1237,-0.0410,-0.0359,0.9456
1238,0.1350,0.0715,0.9126
1239,0.1792,0.3040,0.9895
1240,0.0996,0.1414,0.9114
1241,-0.0261,-0.0002,0.9849
1242,-0.1001,-0.1169,1.0122
1243,-0.0752,-0.2156,1.0308
1244,0.0984,-0.1047,1.0325
1245,0.2112,0.0298,0.9956
1246,0.2434,0.1379,0.9897
1247,0.0581,0.0554,0.9495
1248,-0.1382,0.0571,1.0000
1249,-0.3035,-0.1475,0.9114
1250,-0.3157,-0.2646,0.9749
1251,-0.1816,-0.1499,1.0042
1252,0.0432,-0.1392,0.9263
1253,0.1843,0.2241,0.9663
1254,0.1743,0.2964,0.9175
1255,0.1030,0.2026,0.9390
1256,-0.0479,0.0596,1.0032
1257,-0.0750,-0.1177,1.0217
1258,0.0188,-0.2715,1.0356
1259,0.1255,-0.2190,1.0676
1260,0.1643,-0.1338,1.0444
1261,0.0996,-0.0186,0.9895
1262,-0.0481,0.1147,0.9702
1263,-0.1763,0.0183,0.9194
1264,-0.2627,-0.0417,0.9387
1265,-0.1770,0.1011,0.9683
1266,-0.0400,0.0640,0.8899
1267,0.0786,0.0500,0.9260
1268,0.1045,0.0886,0.9946
1269,0.0933,0.0493,0.9976
1270,-0.0154,-0.0166,0.9683
1271,-0.0027,-0.2083,0.9849
1272,0.0344,-0.3540,1.0793
1273,0.1204,-0.1853,1.0962
1274,0.1614,0.1001,0.9507
1275,0.0293,0.3059,0.9172
1276,-0.0881,0.3306,0.9487
1277,-0.2046,0.0945,0.9507
1278,-0.2466,-0.0286,0.9683
1279,-0.1365,-0.2046,0.9612
1280,0.0461,-0.2805,1.0139
1281,0.1479,-0.2612,1.0061
1282,0.1548,0.0266,1.0188
1283,0.0713,0.2144,0.9087
1284,-0.0867,0.3083,0.9192
1285,-0.1594,0.4397,1.0090
1286,-0.0906,0.1294,0.9321
1287,0.0903,0.0422,1.0320
1288,0.1858,-0.1006,1.0637
1289,0.2368,-0.4155,1.0149
1290,0.0830,-0.4031,1.0581
1291,-0.1260,-0.2957,1.0015
1292,-0.2393,-0.1079,0.9270
1293,-0.2466,0.2178,0.9077
1294,-0.1262,0.3533,0.8730
1295,0.1201,0.3013,0.8833
1296,0.1606,0.2256,0.9426
1297,0.1394,0.1377,1.0112
1298,0.0105,-0.2385,0.9719
1299,-0.1187,-0.3259,1.0708
1300,-0.1521,-0.2637,1.1047
1301,-0.0049,-0.0903,1.0073
1302,0.0735,0.0688,0.9231
1303,0.1631,0.3169,0.9946
1304,0.1248,0.1492,0.9429
1305,-0.0334,-0.0422,0.9500
1306,-0.1350,-0.1428,0.9800
1307,-0.1653,-0.2507,0.9751
1308,-0.0823,-0.1443,0.9866
1309,0.0146,0.0925,0.9504
1310,0.0994,0.2385,0.9250
1311,0.0869,0.2524,0.9417
1312,0.0271,0.1230,0.9819
1313,-0.0740,-0.1350,1.0063
1314,-0.0623,-0.2576,1.0364
1315,0.0007,-0.2627,1.0503
1316,0.0808,-0.2007,1.0247
1317,0.1316,-0.0847,0.9800
1318,0.0352,0.0991,0.9973
1319,-0.0837,0.1409,0.9514
1320,-0.1675,-0.0400,0.8999
1321,-0.1821,-0.1096,0.9771
1322,-0.0637,-0.1228,0.9829
1323,0.1030,-0.0422,0.9456
1324,0.1375,0.1763,0.9692
1325,0.1013,0.1829,0.9827
1326,-0.0007,0.0710,0.9937
1327,-0.1006,0.0278,0.9993
1328,-0.1145,-0.1062,0.9761
1329,0.0615,-0.0811,0.9963
1330,0.1658,-0.0239,0.9829
1331,0.1980,0.1440,0.9966
1332,0.1299,0.1187,0.9175
1333,-0.1267,0.0493,0.9749
1334,-0.2642,0.0830,1.0386
1335,-0.3188,-0.2617,0.8950
1336,-0.1995,-0.1621,1.0200
1337,0.0522,-0.1162,1.0054
1338,0.2488,-0.1001,0.9507
1339,0.2581,0.1284,0.9683
1340,0.1206,0.1677,0.9573
1341,-0.0298,0.1250,0.9426
1342,-0.1719,0.0305,0.9485
1343,-0.1414,0.1111,1.0256
1344,-0.0203,-0.1526,0.9478
1345,0.1294,0.0437,1.0627
1346,0.0991,-0.0002,1.0083
1347,0.0513,-0.1580,0.9878
1348,-0.1147,-0.1985,1.0413
1349,-0.1948,-0.3181,0.9956
1350,-0.0979,-0.2192,0.9729
1351,-0.0273,0.0469,0.9185
1352,0.1194,0.2354,0.8911
1353,0.1907,0.2915,0.8989
1354,0.0640,0.2825,0.9524
1355,-0.0146,0.1963,0.9849
1356,-0.0889,-0.0134,0.9592
1357,-0.1167,-0.1797,1.0413
1358,0.0100,-0.4175,1.0784
1359,0.1145,-0.3979,1.0764
1360,0.1091,-0.1604,0.9963
1361,0.0430,0.0908,0.9683
1362,-0.1052,0.2268,0.9436
1363,-0.2112,0.2222,0.9126
1364,-0.1875,0.2878,0.9282
1365,-0.0671,0.1396,0.9045
1366,0.1272,-0.0701,0.9341
1367,0.1719,-0.1633,1.0347
1368,0.1252,-0.1672,1.0737
1369,0.0400,-0.2615,0.9653
1370,-0.0808,0.0354,1.0486
1371,-0.0974,0.1743,1.0151
1372,0.0015,0.1575,0.9524
1373,0.0842,0.2205,0.9651
1374,0.1323,0.1555,0.9895
1375,0.0735,-0.0747,0.9807
1376,-0.1172,-0.2710,0.9753
1377,-0.2485,-0.2781,1.0122
1378,-0.2207,-0.1597,0.9700
1379,-0.1084,-0.0232,0.9045
1380,0.1067,0.1311,0.9348
1381,0.2607,0.1316,0.9417
1382,0.2366,0.0664,0.9907
1383,0.0972,0.0054,1.0208
1384,-0.0671,-0.2131,1.0034
1385,-0.1877,-0.1372,1.0598
1386,-0.1772,-0.0823,1.0122
1387,0.0073,0.0168,0.9731
1388,0.1279,-0.0408,0.9519
1389,0.1318,0.0325,0.9995
1390,0.0356,0.0286,0.9631
1391,-0.1306,-0.0732,0.9097
1392,-0.2434,-0.1904,0.9478
1393,-0.2041,-0.1655,1.0208
1394,-0.0339,-0.0500,0.9807
1395,0.1743,0.1272,0.9045
1396,0.2273,0.1880,0.9438
1397,0.1836,0.2668,1.0334
1398,0.0225,0.1067,0.9673
1399,-0.1099,0.1216,0.9878
1400,-0.1511,-0.0107,1.0081
1401,-0.0840,-0.2188,1.0608
1402,0.0508,-0.3167,1.0562
1403,0.1711,-0.1489,1.0171
1404,0.0735,0.0469,0.9575
1405,-0.0505,0.2124,0.9312
1406,-0.2051,0.1611,0.8901
1407,-0.2683,0.1560,0.9661
1408,-0.1265,0.0601,0.9329
1409,0.0571,-0.0454,0.9377
1410,0.2190,-0.0193,1.0239
1411,0.2173,-0.1479,1.0139
1412,0.0862,-0.1511,1.0317
1413,-0.0803,-0.0771,1.0129
1414,-0.1257,-0.0596,0.9702
1415,-0.1006,0.0508,0.9927
1416,0.0664,0.1909,0.9868
1417,0.1777,0.0078,0.9106
1418,0.1470,-0.0908,0.9788
1419,-0.0481,-0.1042,1.0259
1420,-0.2019,-0.0994,0.9829
1421,-0.3403,-0.2180,0.9155
1422,-0.2563,-0.0979,1.0327
1423,-0.0264,-0.1567,0.9875
1424,0.2412,-0.0386,0.9478
1425,0.3147,0.1851,0.9419
1426,0.2195,0.2588,0.9543
1427,0.0657,0.1997,0.9526
1428,-0.1321,0.0654,0.9719
1429,-0.1760,-0.0823,1.0327
1430,-0.0542,-0.2332,1.0317
1431,0.0757,-0.1189,1.0403
1432,0.0938,-0.0017,0.9983
1433,0.0310,-0.0020,0.9534
1434,-0.1538,0.0156,0.9624
1435,-0.2661,0.0806,1.0034
1436,-0.2434,0.0215,0.9124
1437,-0.0652,0.0393,0.9429
1438,0.1465,0.1821,0.9917
1439,0.2834,0.0320,0.9370
1440,0.2495,0.1047,0.9661
1441,0.0737,0.0444,0.9631
1442,-0.0613,-0.0007,1.0012
1443,-0.1724,-0.1423,0.9888
1444,-0.1177,-0.0310,1.0581
1445,0.0491,-0.1221,0.9866
1446,0.1724,-0.1128,1.0032
1447,0.1260,-0.1038,1.0112
1448,-0.0068,-0.0115,1.0063
1449,-0.1729,0.0583,0.9351
1450,-0.2795,0.0291,0.9097
1451,-0.1943,0.0078,0.9778
1452,0.0000,-0.0352,0.9829
1453,0.2053,-0.0793,0.9243
1454,0.2302,-0.0271,0.9797
1455,0.1519,0.0608,0.9954
1456,-0.0020,0.0171,0.9487
1457,-0.1113,0.1812,1.0259
1458,-0.1191,0.0034,0.9683
1459,0.0283,-0.0896,1.0422
1460,0.1194,-0.0049,1.0620
1461,0.1135,-0.1514,0.9534
1462,0.0227,-0.0830,0.9734
1463,-0.1838,0.0242,0.9827
1464,-0.2312,0.1492,0.9690
1465,-0.2427,0.0344,0.8599
1466,-0.1277,0.0662,0.9583
1467,0.1260,0.0706,0.9878
1468,0.2061,-0.0732,0.9224
1469,0.1736,0.1274,1.0200
1470,0.0630,0.0510,0.9827
1471,-0.0256,0.0142,0.9983
1472,-0.1230,-0.0452,1.0229
1473,-0.0032,-0.1968,1.0129
1474,0.1204,-0.3933,0.9878
1475,0.1460,-0.1707,1.0784
1476,0.0566,-0.1790,0.9417
1477,-0.0908,0.0625,0.9143
1478,-0.2278,0.3245,0.9211
1479,-0.2673,0.2742,0.9172
1480,-0.1362,0.1118,0.9272
1481,0.0117,-0.0432,0.9739
1482,0.2043,-0.0735,1.0649
1483,0.1846,-0.2468,0.9673
1484,0.1438,-0.0903,1.0376
1485,0.0076,0.1296,1.0325
1486,-0.0322,0.0825,0.9602
1487,0.0015,0.2244,1.0112
1488,0.0046,0.0117,0.9673
1489,0.1260,-0.0557,0.9963
1490,0.0266,-0.1514,0.9592
1491,-0.0950,-0.0896,0.9614
1492,-0.2065,-0.1074,0.9565
1493,-0.2180,0.0176,0.9573
1494,-0.2175,0.0010,0.9622
1495,0.0247,0.0615,0.9785
1496,0.1226,-0.0537,0.9270
1497,0.1853,0.1030,1.0347
1498,0.1025,0.0168,0.9360
1499,0.0269,-0.0144,0.9897
1500,-0.0383,-0.0320,1.0298
1501,-0.0149,-0.1514,1.0151
1502,0.0984,-0.1575,1.0247
1503,0.1284,-0.1545,0.9915
1504,0.0928,-0.0728,0.9934
1505,-0.0803,0.0305,0.9456
1506,-0.2390,0.1074,0.9094
1507,-0.2883,0.2224,0.9370
1508,-0.2244,0.1841,0.9333
1509,-0.0237,0.0906,0.9348
1510,0.2075,0.0327,0.9829
1511,0.2876,0.0117,1.0061
1512,0.1821,-0.0496,1.0051
1513,-0.0134,0.0437,1.0044
1514,-0.1614,0.0635,0.9976
1515,-0.1470,0.0938,1.0054
1516,-0.0388,-0.0752,0.9778
1517,0.1538,-0.0779,1.0513
1518,0.2227,-0.2957,0.9771
1519,0.1387,-0.2778,0.9944
1520,-0.0776,-0.1172,0.9878
1521,-0.2410,0.0486,0.9348
1522,-0.3118,0.1882,0.9231
1523,-0.2227,0.1604,0.9250
1524,-0.0020,0.0461,0.9563
1525,0.1846,-0.0178,0.9709
1526,0.2290,-0.1191,0.9497
1527,0.1633,-0.0662,1.0024
1528,0.0100,-0.0461,0.9956
1529,-0.0640,-0.0051,1.0161
1530,-0.0654,0.0305,1.0002
1531,0.0095,-0.0037,0.9868
1532,0.1025,0.1077,1.0500
1533,0.0869,0.1138,0.9849
1534,-0.0171,0.0164,0.9583
1535,-0.1499,-0.0063,1.0044
1536,-0.2349,-0.1689,0.9868
1537,-0.1853,-0.1621,0.9729
1538,-0.0383,-0.1350,0.9451
1539,0.1211,0.0344,0.9583
1540,0.1570,0.0913,0.9055
1541,0.1436,0.2349,0.9233
1542,-0.0107,0.2258,0.9407
1543,-0.0566,0.1780,0.9836
1544,-0.0513,0.0002,1.0051
1545,0.0542,-0.1665,1.0647
1546,0.1555,-0.3491,1.0530
1547,0.1523,-0.2539,1.0686
1548,0.0232,-0.0791,1.0032
1549,-0.1499,0.0273,0.9331
1550,-0.2925,0.1025,0.9331
1551,-0.2847,0.1523,0.9456
1552,-0.1113,0.1541,0.9214
1553,0.1047,0.1140,0.9097
1554,0.2712,0.0935,0.9768
1555,0.2051,-0.0251,0.9937
1556,0.0571,-0.0098,0.9993
1557,-0.0815,-0.1558,0.9810
1558,-0.1216,-0.1792,1.0461
1559,-0.0520,-0.2043,1.0259
1560,0.1262,0.0010,1.0093
1561,0.1895,0.0408,0.9231
1562,0.1072,0.0962,0.9475
1563,-0.0286,0.1069,0.9819
1564,-0.2153,0.0000,0.9312
1565,-0.2827,-0.0549,0.9553
1566,-0.2126,-0.0703,0.9807
1567,-0.0454,-0.1797,0.9875
1568,0.1294,-0.0908,0.9956
1569,0.1855,0.1414,0.9866
1570,0.1001,0.3113,0.9534
1571,0.0378,0.1858,0.9094
1572,-0.0273,0.1577,1.0190
1573,-0.0405,0.0886,1.0364
1574,0.0996,-0.0537,0.9712
1575,0.1357,-0.1836,0.9983
1576,0.1182,-0.1995,1.0620
1577,0.0215,-0.1677,1.0103
1578,-0.1047,0.0066,0.9341
1579,-0.2410,0.0574,0.9302
1580,-0.2068,0.1477,0.9797
1581,-0.1875,0.1101,0.9299
1582,-0.0383,0.3010,0.9768
1583,0.0522,0.0151,0.9153
1584,0.1086,-0.1245,1.0403
1585,0.1028,-0.1934,1.0588
1586,0.1379,-0.1936,0.9856
1587,0.1316,-0.1775,0.9661
1588,0.1011,-0.0522,1.0002
1589,0.0315,-0.0620,0.9985
1590,-0.0742,-0.0195,0.9360
1591,-0.1538,-0.0798,0.9165
1592,-0.1511,0.1030,1.0103
1593,-0.1301,-0.0723,0.9253
1594,-0.0134,0.0071,0.9702
1595,0.0325,-0.0071,0.9897
1596,0.0688,-0.0020,0.9856
1597,-0.0081,-0.1235,0.9836
1598,-0.0757,-0.1206,0.9973
1599,-0.0886,-0.1262,0.9612
1600,0.0088,0.2292,1.0210
1601,0.1106,0.2651,0.8960
1602,0.2637,0.2512,0.9458
1603,0.2068,0.2109,1.0256
1604,0.0740,0.0896,1.0171
1605,-0.0886,-0.1074,0.9905
1606,-0.2786,-0.2434,1.0308
1607,-0.2761,-0.2856,1.0579
1608,-0.2061,-0.2314,0.9758
1609,-0.0278,0.1025,0.9146
1610,0.1248,0.2026,0.8540
1611,0.1772,0.3547,0.9343
1612,0.0664,0.2380,0.9114
1613,-0.0378,0.1060,0.9253
1614,-0.1018,-0.0159,0.9768
1615,-0.0515,-0.1172,1.0657
1616,0.1187,-0.1899,1.0842
1617,0.2502,-0.2244,1.0405
1618,0.2209,0.0034,1.0891
1619,0.0645,-0.0911,0.9895
1620,-0.1360,-0.0593,1.0063
1621,-0.3215,0.0125,0.9768
1622,-0.3323,0.0166,0.9146
1623,-0.1516,0.0151,0.8723
1624,0.0337,-0.0559,0.8823
1625,0.2107,0.0723,0.9771
1626,0.1858,0.0867,0.8911
1627,0.0828,0.0769,0.9192
1628,-0.0188,0.0571,1.0220
1629,-0.0969,-0.2632,1.0422
1630,0.0081,-0.1680,1.1362
1631,0.1274,-0.2136,1.0168
1632,0.2161,-0.0137,1.0425
1633,0.1321,0.0818,1.0188
1634,-0.0059,0.0991,0.9653
1635,-0.1848,0.0044,0.9133
1636,-0.2944,-0.0107,0.9233
1637,-0.2664,-0.0542,0.9221
1638,-0.1309,-0.0444,0.9192
1639,0.0090,-0.0483,0.9058
1640,0.0759,0.0337,0.9780
1641,0.1223,0.1357,0.9937
1642,0.0798,0.0896,0.9456
1643,0.0461,0.1345,1.0396
1644,0.0452,0.0090,1.0579
1645,0.1255,-0.0862,1.0647
1646,0.1047,-0.0876,1.0396
1647,0.0039,-0.1431,1.0112
1648,-0.0977,-0.0662,0.9756
1649,-0.2268,-0.0576,0.9194
1650,-0.2024,0.0969,0.9231
1651,-0.1033,-0.1167,0.8499
1652,0.0872,-0.1089,0.9568
1653,0.1875,-0.0112,0.9875
1654,0.1650,0.0466,0.9272
1655,0.0068,0.1975,0.9780
1656,-0.0908,0.1462,0.9941
1657,-0.1606,0.0610,1.0198
1658,-0.0825,0.1523,1.0571
1659,0.1138,-0.0698,0.9539
1660,0.2271,-0.1704,1.0413
1661,0.1899,-0.1274,1.0640
1662,0.0146,-0.2395,0.9634
1663,-0.1414,0.0085,0.9585
1664,-0.3149,0.0020,0.9429
1665,-0.2295,0.1943,0.9790
1666,-0.0859,-0.0103,0.8872
1667,0.1672,0.2000,0.9719
1668,0.1919,-0.0901,0.9026
1669,0.1533,0.0107,1.0374
1670,-0.0112,-0.0525,0.9788
1671,-0.1211,-0.0042,1.0022
1672,-0.1379,0.0452,1.0198
1673,0.0061,-0.1145,0.9927
1674,0.1675,-0.1978,1.0305
1675,0.1929,-0.1421,1.0540
1676,0.1194,-0.0681,0.9771
1677,-0.0625,0.0576,0.9321
1678,-0.2405,0.1672,0.9309
1679,-0.2983,0.1079,0.9199
1680,-0.1606,0.0413,0.9263
1681,0.0239,0.0364,0.9485
1682,0.1506,-0.0125,0.9604
1683,0.1477,0.0083,1.0034
1684,0.0232,-0.0244,1.0103
1685,-0.0430,-0.0791,0.9976
1686,-0.0959,-0.0198,1.0481
1687,0.0303,0.0349,1.0139
1688,0.1785,0.0303,0.9692
1689,0.2190,0.1619,1.0171
1690,0.1033,0.0081,0.9370
1691,-0.0996,-0.1062,0.9639
1692,-0.3098,-0.0769,0.9956
1693,-0.3486,-0.1680,0.9475
1694,-0.1777,-0.1333,0.9653
1695,0.0422,-0.1086,0.9614
1696,0.2983,0.0310,0.9807
1697,0.2729,0.1394,0.9465
1698,0.1091,0.1453,0.9788
1699,-0.0283,-0.0244,0.9827
1700,-0.1406,-0.0156,1.0559
1701,-0.1001,0.0955,1.0366
1702,0.0815,-0.1057,0.9124
1703,0.1829,-0.0791,1.0103
1704,0.0854,-0.0889,1.0647
1705,-0.0547,-0.1440,0.9592
1706,-0.3015,-0.0767,0.9260
1707,-0.3706,0.0623,0.9995
1708,-0.2478,-0.0024,0.9485
1709,0.0215,0.0520,0.9309
1710,0.2708,0.1394,0.9136
1711,0.3777,0.0312,0.9192
1712,0.2944,0.1821,0.9897
1713,0.0237,0.1443,0.9888
1714,-0.1426,0.0374,0.9819
1715,-0.2661,-0.1392,1.0356
1716,-0.1409,-0.0605,1.1243
1717,0.0500,-0.3223,0.9583
1718,0.0881,-0.2134,1.0334
1719,0.0256,0.0042,1.0278
1720,-0.0574,-0.0552,0.9114
1721,-0.1475,0.2092,0.9250
1722,-0.1836,0.1011,0.8735
1723,0.0046,0.2090,0.9517
1724,0.1313,0.0278,0.8882
1725,0.2041,-0.0042,0.9856
1726,0.1443,-0.1467,1.0181
1727,0.0330,-0.1067,1.0403
1728,-0.0867,0.0549,1.0364
1729,-0.0945,0.0312,0.9915
1730,-0.0173,-0.0447,1.0227
1731,0.0723,-0.0396,1.0686
1732,0.1428,-0.0554,0.9846
1733,0.0083,-0.0396,0.9399
1734,-0.1311,-0.0217,0.9485
1735,-0.2493,-0.0229,0.9546
1736,-0.2678,-0.0586,0.9026
1737,-0.1135,-0.0664,0.8921
1738,0.0833,-0.0525,0.9487
1739,0.2625,-0.0212,1.0005
1740,0.2527,0.0127,0.9861
1741,0.1162,0.0559,1.0015
1742,0.0042,0.0715,1.0396
1743,-0.1150,0.0442,1.0383
1744,-0.1321,0.0215,1.0513
1745,0.0161,0.0017,0.9907
1746,0.0767,-0.1108,0.9778
1747,0.0547,0.0010,1.0239
1748,-0.0754,-0.1055,0.9075
1749,-0.1890,-0.0127,0.9233
1750,-0.2683,-0.0417,0.9182
1751,-0.1682,-0.0596,0.9446
1752,0.0020,0.0007,0.9377
1753,0.1780,0.2007,0.9634
1754,0.2583,0.1917,0.9504
1755,0.1785,0.1597,1.0220
1756,0.0259,0.0288,1.0413
1757,-0.0491,-0.2183,1.0222
1758,-0.0840,-0.2166,1.0649
1759,-0.0364,-0.2576,1.0376
1760,0.1133,-0.2153,0.9944
1761,0.0818,-0.1523,0.9495
1762,-0.0181,0.0093,0.9390
1763,-0.1128,0.1768,0.8979
1764,-0.2664,0.3997,0.8899
1765,-0.2275,0.3462,0.8813
1766,-0.1172,0.1130,0.9504
1767,0.1108,-0.0208,1.0454
1768,0.2327,-0.1467,1.0542
1769,0.2302,-0.1960,1.0239
1770,0.1526,-0.1655,1.0295
1771,0.0129,-0.0632,1.0481
1772,-0.0718,0.0852,0.9934
1773,-0.0747,0.2207,0.9468
1774,-0.0110,0.2183,0.9292
1775,0.0444,0.0012,0.9507
1776,-0.0100,-0.0730,1.0032
1777,-0.1606,-0.2351,0.9478
1778,-0.2090,-0.2634,0.9790
1779,-0.1992,-0.2261,0.9993
1780,-0.0911,-0.0989,0.9797
1781,0.1348,0.1677,0.9456
1782,0.2332,0.2170,0.8870
1783,0.2251,0.2366,0.9993
1784,0.0952,0.0835,1.0022
1785,-0.0205,-0.1360,1.0120
1786,-0.0388,-0.1616,1.0452
1787,-0.0376,-0.2102,1.0425
1788,0.0718,-0.0449,1.0432
1789,0.0864,-0.0195,0.9641
1790,-0.0452,0.1033,0.9709
1791,-0.2021,0.0396,0.9409
1792,-0.2944,-0.0181,0.9214
1793,-0.2888,-0.1365,0.9417
1794,-0.0537,-0.0745,0.9790
1795,0.1116,-0.0940,0.9136
1796,0.3008,0.0312,0.9641
1797,0.3167,0.0361,0.9614
1798,0.1321,0.1267,1.0083
1799,-0.0786,0.1860,1.0024
1800,-0.1780,0.1431,1.0063
1801,-0.1514,-0.1169,0.9927
1802,0.0125,-0.2712,1.0728
1803,0.1709,-0.2463,1.0591
1804,0.1448,-0.2112,0.9546
1805,0.0205,0.1790,0.9836
1806,-0.2505,0.0737,0.8599
1807,-0.3064,0.0979,0.9250
1808,-0.2625,0.1025,0.9397
1809,-0.0479,0.0913,0.9426
1810,0.2251,-0.0630,0.9446
1811,0.3181,-0.0574,1.0308
1812,0.2463,-0.1174,1.0151
1813,0.0833,-0.0369,1.0022
1814,-0.1355,0.0959,1.0176
1815,-0.1843,0.0771,1.0259
1816,-0.0857,0.0137,1.0181
1817,0.0410,-0.0557,0.9897
1818,0.1787,-0.1372,0.9866
1819,0.1152,-0.1509,0.9761
1820,-0.0864,-0.0864,0.9338
1821,-0.2173,0.0696,0.9282
1822,-0.3171,0.1172,0.8967
1823,-0.2246,0.1257,0.9280
1824,0.0144,0.0952,0.9631
1825,0.1926,0.0159,0.9731
1826,0.2695,-0.0171,1.0132
1827,0.1870,-0.0149,1.0435
1828,0.0127,-0.0540,1.0288
1829,-0.0884,-0.0081,1.0718
1830,-0.1023,0.0415,1.0132
1831,-0.0154,-0.0815,0.9497
1832,0.1348,0.0022,1.0139
1833,0.1155,-0.1338,0.9185
1834,-0.0181,-0.1074,0.9409
1835,-0.1499,0.0378,0.9329
1836,-0.2576,-0.0032,0.8899
1837,-0.2036,0.1431,0.9819
1838,-0.0137,0.1799,0.9541
1839,0.1528,-0.0522,0.9397
1840,0.2131,-0.0549,1.0737
1841,0.1653,-0.2175,1.0347
1842,0.0305,-0.1711,1.0491
1843,-0.0627,-0.1426,1.0083
1844,-0.0762,-0.1084,1.0151
1845,0.0371,0.0037,1.0063
1846,0.1252,0.1184,0.9231
1847,0.1284,0.1443,0.8860
1848,-0.0112,0.1057,0.9097
1849,-0.2185,0.0273,0.9543
1850,-0.3367,0.0027,0.9680
1851,-0.2903,-0.1255,0.9719
1852,-0.0701,-0.0388,1.0364
1853,0.1838,-0.1902,0.9868
1854,0.3416,0.0469,1.0728
1855,0.2292,0.1121,0.9358
1856,0.0610,0.2241,0.9517
1857,-0.1167,0.2678,0.9817
1858,-0.1807,-0.0120,0.9644
1859,-0.0618,0.0461,1.0374
1860,0.0720,-0.0876,0.9695
1861,0.1982,-0.1636,0.9856
1862,0.0957,-0.1284,1.0063
1863,-0.0930,-0.0581,0.9697
1864,-0.2222,0.0093,0.9468
1865,-0.3091,-0.0159,0.9351
1866,-0.1755,-0.0110,0.9846
1867,0.0740,-0.0049,0.9565
1868,0.2405,0.0547,0.9341
1869,0.2729,0.2253,0.9817
1870,0.1370,0.1404,0.9663
1871,-0.0806,0.0549,1.0083
1872,-0.1843,-0.0979,1.0237
1873,-0.1399,-0.2139,1.0491
1874,0.0413,-0.2649,1.0522
1875,0.2117,-0.3032,1.0115
1876,0.1829,-0.1025,1.0278
1877,0.0276,0.1077,0.9358
1878,-0.2073,0.1453,0.8586
1879,-0.3611,0.2175,0.9270
1880,-0.3005,-0.0657,0.8850
1881,-0.0437,-0.0525,0.9946
1882,0.2034,-0.1492,0.9585
1883,0.3557,-0.2944,0.9731
1884,0.2795,0.0000,1.0728
1885,0.0325,0.0420,0.9702
1886,-0.1331,0.2397,0.9771
1887,-0.2603,0.1157,0.9639
1888,-0.1194,0.1257,1.0754
1889,0.0251,-0.0813,0.9995
1890,0.1536,-0.1228,0.9800
1891,0.1011,-0.1738,0.9595
1892,-0.0337,-0.3003,0.9456
1893,-0.1262,-0.2026,0.9624
1894,-0.2205,-0.0327,0.9426
1895,-0.1208,0.3557,0.9348
1896,0.0437,0.4543,0.8813
1897,0.1179,0.4233,0.9819
1898,0.1130,0.0952,1.0054
1899,0.0603,-0.2129,1.0598
1900,-0.0022,-0.2527,1.1040
1901,-0.0317,-0.4131,1.0276
1902,0.0437,-0.0454,1.0657
1903,0.0852,0.1914,0.9478
1904,0.1384,0.4104,0.8879
1905,0.0151,0.2634,0.8374
1906,-0.1350,0.1438,0.9641
1907,-0.2070,-0.1675,0.9612
1908,-0.1855,-0.3435,0.9849
1909,-0.0745,-0.2251,1.0452
1910,0.1262,-0.1533,1.0103
1911,0.2668,0.0769,0.9854
1912,0.1628,0.1890,0.9680
1913,-0.0186,0.2146,0.9683
1914,-0.1594,0.0593,0.9653
1915,-0.1499,-0.0337,1.0122
1916,-0.0347,-0.1924,1.0012
1917,0.1768,-0.1028,0.9976
1918,0.2375,0.0063,0.9692
1919,0.1199,-0.0515,0.9292
1920,-0.1284,-0.2144,0.9351
1921,-0.3210,-0.0215,1.0491
1922,-0.3318,0.0190,0.9485
1923,-0.1604,-0.0291,0.8938
1924,0.0903,0.0376,1.0239
1925,0.2842,0.0405,1.0237
1926,0.2742,0.0022,0.9407
1927,0.1084,0.2661,0.9751
1928,-0.0859,0.1506,0.9661
1929,-0.1653,0.0471,1.0122
1930,-0.1484,-0.0703,0.9963
1931,0.0461,-0.1494,0.9976
1932,0.2161,-0.2783,0.9749
1933,0.1567,-0.1443,1.0396
1934,0.0073,-0.0481,0.9487
1935,-0.1909,-0.0339,0.8979
1936,-0.3228,0.1677,0.9868
1937,-0.2244,0.0818,0.9485
1938,0.0039,0.0547,0.9517
1939,0.1899,0.0576,1.0002
1940,0.2717,-0.0764,1.0181
1941,0.1799,-0.0588,1.0259
1942,-0.0161,-0.0134,0.9863
1943,-0.1038,0.1021,0.9956
1944,-0.1226,0.1252,0.9497
1945,-0.0393,0.1489,0.9673
1946,0.0884,0.0498,0.9670
1947,0.1284,-0.1548,0.9729
1948,0.0857,-0.0759,1.0237
1949,-0.0334,-0.1145,0.9456
1950,-0.1553,-0.0613,0.9631
1951,-0.2161,-0.0183,0.9709
1952,-0.1536,0.0464,0.9670
1953,-0.0178,0.0896,0.9585
1954,0.0769,-0.0181,0.9429
1955,0.1055,-0.0859,1.0278
1956,0.0718,0.0239,1.0471
1957,0.0059,-0.0015,0.9631
1958,0.0222,0.1208,0.9817
1959,0.0430,-0.0598,0.9915
1960,0.1069,0.0347,1.0432
1961,0.0540,-0.1130,0.9321
1962,-0.0256,0.0303,1.0190
1963,-0.1602,-0.1047,0.9253
1964,-0.2271,-0.0845,0.9429
1965,-0.1711,0.0710,0.9563
1966,-0.0427,-0.1064,0.8638
1967,0.1201,0.0510,1.0129
1968,0.1418,-0.1082,1.0122
1969,0.1289,-0.2515,0.9993
1970,-0.0151,-0.1726,1.0522
1971,-0.1292,0.0095,1.0266
1972,-0.1152,-0.0366,0.9250
1973,-0.0117,0.1138,0.9751
1974,0.1252,0.1648,0.9749
1975,0.1912,0.1355,0.9360
1976,0.0955,0.0271,0.9319
1977,-0.0466,-0.0842,0.9927
1978,-0.1833,-0.2690,1.0032
1979,-0.2053,-0.1816,1.0112
1980,-0.1113,-0.0278,0.9827
1981,0.0815,0.2258,0.9836
1982,0.1514,0.2126,0.9329
1983,0.1318,0.2122,1.0012
1984,0.0327,0.0122,0.9810
1985,-0.0942,-0.0789,0.9832
1986,-0.1460,-0.0337,1.0122
1987,-0.0491,-0.1072,0.9556
1988,0.0850,0.0046,0.9683
1989,0.1296,0.1450,0.9849
1990,0.1123,0.1018,0.9358
1991,-0.0046,-0.0901,0.9438
1992,-0.1431,-0.1055,1.0513
1993,-0.2104,-0.1912,0.9976
1994,-0.0813,-0.1372,0.9543
1995,0.0552,0.0193,0.9866
1996,0.1372,0.1453,0.9856
1997,0.1514,0.1169,0.9319
1998,0.0049,0.2854,0.9827
1999,-0.1724,0.1091,0.9116
2000,-0.2073,-0.0508,0.9729
2001,-0.1233,-0.1260,1.0259
2002,0.1133,-0.3677,0.9817
2003,0.2681,-0.1052,1.0588
2004,0.2261,0.0127,0.9612
2005,0.1475,0.1726,0.9744
2006,-0.1313,0.2798,0.9624
2007,-0.2998,0.1619,0.9670
2008,-0.2290,0.0369,0.9800
2009,-0.0889,-0.1907,0.9768
2010,0.1389,-0.1099,1.0503
2011,0.2063,-0.1455,0.9399
2012,0.1455,-0.0488,0.9688
2013,-0.0369,0.0659,1.0081
2014,-0.1951,-0.1138,0.9373
2015,-0.2080,-0.0005,1.0200
2016,-0.0176,-0.0327,0.9517
2017,0.1575,-0.2188,0.9534
2018,0.2778,-0.0676,1.0344
2019,0.1562,-0.0989,0.9575
2020,0.0051,0.2300,0.9954
2021,-0.2595,0.1589,0.8733
2022,-0.3318,0.1560,0.9915
2023,-0.1697,0.0190,1.0154
2024,0.0374,-0.1609,0.9819
2025,0.2244,-0.1660,1.0220
2026,0.2229,-0.2400,1.0083
2027,0.1179,0.0139,1.0364
2028,-0.0798,0.1863,0.9209
2029,-0.1682,0.3589,0.8940
2030,-0.1467,0.3125,0.9146
2031,0.0107,0.2656,0.9905
2032,0.0974,0.0183,0.9497
2033,0.1101,-0.2185,1.0327
2034,0.0361,-0.3262,1.0686
2035,-0.1157,-0.3770,1.0608
2036,-0.1248,-0.0574,1.0042
2037,-0.0801,-0.0371,0.8813
2038,0.1147,0.4133,1.0042
2039,0.1328,0.2485,0.8462
2040,0.1169,0.3508,0.9602
2041,-0.0586,0.0593,0.9075
2042,-0.1794,-0.2148,1.0022
2043,-0.2036,-0.1589,1.0862
2044,-0.0913,-0.3376,0.9819
2045,0.1321,-0.1848,1.0571
2046,0.2180,-0.1013,1.0278
2047,0.2104,0.0759,1.0168
2048,0.0015,0.1975,0.9797
2049,-0.1711,0.0925,0.9204
2050,-0.2766,-0.0815,0.9751
2051,-0.1714,-0.1731,0.9829
2052,0.0693,-0.2615,0.8989
2053,0.2549,-0.0515,0.9592
2054,0.2463,0.0061,0.9272
2055,0.0940,0.0659,0.9563
2056,-0.1550,0.2083,0.9592
2057,-0.2944,0.1909,0.9644
2058,-0.2109,0.0703,1.0188
2059,-0.0339,-0.2778,1.0432
2060,0.2375,-0.1145,1.1470
2061,0.2346,-0.2410,0.9771
2062,0.1819,-0.0310,0.9897
2063,-0.0933,-0.0803,0.9419
2064,-0.2720,0.0425,0.9624
2065,-0.3088,0.1636,0.8765
2066,-0.1123,0.2412,0.8733
2067,0.1108,0.0994,0.9114
2068,0.2583,0.0083,1.0159
2069,0.2402,-0.0522,1.0247
2070,0.0786,-0.1367,0.9976
2071,-0.1265,-0.0667,1.0471
2072,-0.2122,0.0146,1.0627
2073,-0.1091,0.1230,1.0103
2074,0.0576,0.1062,0.9146
2075,0.1311,0.0876,0.9719
2076,0.1101,0.0205,0.9983
2077,-0.0071,-0.1501,0.9194
2078,-0.1687,-0.1362,0.9553
2079,-0.2166,-0.1553,0.9670
2080,-0.0884,-0.0410,0.9839
2081,0.0457,0.1104,0.9302
2082,0.1624,0.1753,0.9399
2083,0.1577,0.1619,0.9856
2084,0.0554,0.0303,1.0149
2085,-0.0479,0.0505,1.0347
2086,-0.1055,-0.1992,0.9817
2087,-0.0454,-0.0569,1.0735
2088,0.0481,-0.0332,1.0071
2089,0.1267,0.0505,0.9465
2090,0.0093,0.0669,0.9341
2091,-0.1030,0.0825,0.9800
2092,-0.1704,-0.0735,0.9292
2093,-0.2368,-0.1912,0.9429
2094,-0.0469,-0.1880,0.9641
2095,0.1624,-0.0874,0.9604
2096,0.2183,0.1106,0.9700
2097,0.1960,0.0715,0.9250
2098,0.0159,-0.1260,0.9993
2099,-0.1072,-0.1865,1.0933
2100,-0.1465,-0.3892,0.9983
2101,-0.0688,-0.0601,1.0825
2102,0.1011,0.0918,0.9583
2103,0.2056,0.1804,0.9231
2104,0.1597,0.4163,0.9895
2105,-0.0413,0.1929,0.8948
2106,-0.2068,-0.0017,0.9368
2107,-0.3730,-0.2629,0.9907
2108,-0.2817,-0.3171,1.0327
2109,-0.0479,-0.2336,0.9739
2110,0.1748,0.1648,0.9768
2111,0.3079,0.2627,0.9292
2112,0.2612,0.2859,0.9734
2113,0.0684,0.3726,1.0483
2114,-0.1069,0.1074,0.9465
2115,-0.1753,-0.1348,0.9849
2116,-0.0859,-0.1533,1.1057
2117,0.1079,-0.2322,1.0061
2118,0.1704,-0.0891,0.9729
2119,0.0813,0.0991,0.9858
2120,-0.0867,-0.1609,0.8906
2121,-0.2781,-0.1545,0.9680
2122,-0.3198,-0.0903,0.9644
2123,-0.1978,-0.1624,0.8789
2124,0.0403,0.1255,1.0083
2125,0.2236,0.0903,0.9231
2126,0.3108,0.0249,0.9888
2127,0.2217,0.2134,1.0337
2128,-0.0161,-0.0630,0.9556
2129,-0.0986,-0.0420,1.0513
2130,-0.1897,-0.2991,1.0042
2131,-0.0269,-0.1123,1.0806
2132,0.0906,-0.1230,0.9409
2133,0.1028,0.0574,0.9573
2134,0.0269,0.1121,0.9436
2135,-0.1318,0.1897,0.9358
2136,-0.2666,0.2078,0.9097
2137,-0.2068,0.0872,0.9299
2138,-0.0476,-0.0132,1.0005
2139,0.1443,-0.1047,1.0093
2140,0.2419,-0.0916,1.0103
2141,0.1616,-0.0718,1.0002
2142,0.0884,0.0269,1.0159
2143,-0.0823,0.0059,0.9895
2144,-0.1118,0.1204,1.0015
2145,-0.0020,0.0923,0.9465
2146,0.0562,0.0574,0.9875
2147,0.1218,-0.0686,0.9556
2148,-0.0276,-0.1702,0.9729
2149,-0.1421,0.0894,1.0200
2150,-0.2722,-0.1836,0.8625
2151,-0.2354,0.0322,1.0425
2152,-0.0981,-0.0789,0.9692
2153,0.1458,-0.0024,0.9790
2154,0.2561,0.0527,0.9712
2155,0.2056,-0.0420,0.9875
2156,0.0818,0.0332,1.0344
2157,-0.1172,0.0938,0.9680
2158,-0.1631,0.0615,0.9485
2159,-0.0391,-0.0447,0.9778
2160,0.1406,-0.0901,1.0325
2161,0.2375,-0.1169,0.9858
2162,0.1426,-0.1028,0.9507
2163,-0.0896,-0.0659,0.9749
2164,-0.2866,-0.1389,0.9702
2165,-0.3469,-0.0725,0.9966
2166,-0.2090,-0.0410,0.9338
2167,0.0691,0.0303,0.9272
2168,0.2668,0.1963,0.9673
2169,0.2947,0.1990,0.9553
2170,0.1331,0.1733,0.9634
2171,-0.0957,0.0947,0.9946
2172,-0.1738,-0.1069,1.0266
2173,-0.1064,-0.1567,1.0542
2174,0.0654,-0.0535,1.0452
2175,0.2258,0.0342,1.0005
2176,0.1394,-0.0327,0.9368
2177,-0.0823,-0.1079,0.9846
2178,-0.2439,-0.1892,0.9661
2179,-0.3904,-0.1892,0.9192
2180,-0.2700,0.1709,0.9712
2181,0.0203,0.1599,0.8491
2182,0.2681,0.1282,0.9172
2183,0.3564,0.1440,1.0122
2184,0.1987,-0.0820,1.0012
2185,-0.0037,-0.1228,1.0315
2186,-0.2017,-0.2178,1.0640
2187,-0.1865,-0.1521,1.0969
2188,-0.0049,-0.1121,1.0015
2189,0.1963,0.1472,0.9924
2190,0.2563,0.1653,0.9124
2191,0.1213,0.0676,0.9094
2192,-0.1682,0.0779,0.9604
2193,-0.3533,-0.0691,0.9065
2194,-0.3894,0.0002,0.9583
2195,-0.1621,0.0369,0.9683
2196,0.1743,0.0359,0.9895
2197,0.3499,0.1777,1.0259
2198,0.3081,0.0867,0.9651
2199,0.1106,0.1450,1.0298
2200,-0.1257,-0.0400,0.9856
2201,-0.1921,-0.0537,1.0405
2202,-0.1133,-0.1118,1.0168
2203,0.0681,-0.1147,0.9790
2204,0.2180,-0.0408,0.9644
2205,0.1416,-0.0537,0.9253
2206,-0.0605,0.0315,0.9399
2207,-0.2576,-0.0281,0.9250
2208,-0.3328,-0.0796,0.9885
2209,-0.2332,-0.1345,1.0139
2210,0.0232,-0.1340,0.9976
2211,0.2522,0.0295,0.9885
2212,0.3101,0.1267,0.9583
2213,0.1970,0.2356,0.9563
2214,-0.0254,0.1460,0.9663
2215,-0.1428,0.0225,0.9966
2216,-0.1587,-0.2415,1.0073
2217,0.0117,-0.1843,1.0698
2218,0.1294,-0.3015,0.9663
2219,0.1973,-0.1094,1.0032
2220,0.0593,-0.0249,0.9419
2221,-0.1428,0.2173,0.9556
2222,-0.3159,0.1663,0.8950
2223,-0.3201,0.0691,0.9563
2224,-0.1843,-0.1392,0.9978
2225,0.1057,-0.0933,1.0461
2226,0.2405,-0.1001,0.9761
2227,0.2639,0.0442,0.9888
2228,0.1353,0.0747,0.9739
2229,-0.0559,0.2009,1.0217
2230,-0.1169,0.1636,0.9351
2231,-0.0715,0.0525,0.9631
2232,0.0920,-0.0801,1.0112
2233,0.1577,-0.3989,0.9778
2234,0.1409,-0.1389,1.0503
2235,-0.0496,-0.1106,0.9104
2236,-0.1892,0.1909,0.9731
2237,-0.2852,0.1689,0.9438
2238,-0.2063,0.1279,0.9878
2239,-0.0574,-0.0051,0.9900
2240,0.1147,-0.1704,1.0032
2241,0.2170,-0.2183,1.0259
2242,0.1260,-0.1482,1.0083
2243,0.0730,0.1057,0.9641
2244,-0.0422,0.2009,0.9097
2245,-0.0444,0.2649,0.9368
2246,0.0244,0.0625,0.9243
2247,0.1631,0.0110,0.9485
2248,0.2756,-0.1013,0.8745
2249,0.2292,-0.2402,1.0425
2250,0.1479,-0.5962,1.1614
2251,-0.0342,-1.5571,1.2288
2252,-0.1042,-1.7222,1.4299
2253,-0.1343,-1.9980,1.0894
2254,0.0542,-1.9285,1.1138
2255,0.1526,-1.8562,0.8413
2256,0.1685,-1.6450,0.7288
2257,0.0864,-1.0327,0.7688
2258,-0.1094,-0.9751,0.5657
2259,-0.2808,-0.8630,0.7300
2260,-0.4500,-1.1655,0.8206
2261,-0.2830,-1.3169,0.9915
2262,-0.3674,-1.3367,1.5786
2263,0.2214,-0.8083,1.0972
2264,0.3232,0.9534,1.0071
2265,0.3206,0.6519,0.9546
2266,0.2234,0.9587,1.1555
2267,-0.0608,0.1218,1.0845
2268,-0.0547,-0.2786,1.1821
2269,-0.0618,-0.9211,1.0562
2270,0.0803,-0.8757,1.2319
2271,0.1433,-0.8992,0.9634
2272,0.2739,-0.1055,0.7942
2273,0.1592,0.4934,0.6501
2274,0.0183,0.6858,0.6643
2275,-0.1045,0.1487,0.7515
2276,-0.2039,-0.5435,1.0667
2277,-0.1426,-1.4275,1.2144
2278,0.0664,-1.9980,1.3110
2279,0.1616,-1.9983,1.3137
2280,0.1152,-1.9487,1.4651
2281,0.1018,-1.7439,1.0835
2282,-0.1846,-0.5164,0.8149
2283,-0.2776,-0.7251,0.4788
2284,-0.2122,-0.2483,0.6909
2285,-0.1057,-0.4414,0.6243
2286,0.1155,-0.4880,0.6792
2287,0.2075,-0.4111,0.8401
2288,0.1213,-0.5779,1.0898
2289,-0.0542,-0.2734,1.2844
2290,-0.2656,0.0083,1.1489
2291,-0.3201,0.4607,1.1682
2292,-0.2097,0.7571,1.1868
2293,0.0327,0.5825,1.0972
2294,0.2935,0.3425,1.0608
2295,0.3894,0.0847,1.0034
2296,0.3184,0.0317,1.0159
2297,0.1543,0.0637,0.9084
2298,-0.0437,0.0164,0.7971
2299,-0.1045,0.1804,0.8655
2300,-0.0872,0.0842,0.8496
2301,-0.0269,0.0144,0.9067
2302,0.0471,-0.2297,0.9590
2303,-0.0344,-0.6577,1.0413
2304,-0.1560,-0.7373,1.1672
2305,-0.2097,-0.6909,1.0540
2306,-0.2114,-0.4192,0.9927
2307,-0.1177,0.0068,0.9673
2308,-0.0034,0.4023,0.9272
2309,0.0781,0.9077,0.8892
2310,0.0864,0.8264,0.7854
2311,0.0876,0.5293,0.8960
2312,0.0171,0.0183,1.0288
2313,0.0984,-0.1118,1.1362
2314,0.1587,-0.2078,1.0442
2315,0.2126,0.0872,1.0881
2316,0.1646,0.3975,1.0513
2317,-0.0266,0.6506,0.9534
2318,-0.2563,0.7827,0.8638
2319,-0.3970,0.5269,0.8823
2320,-0.2959,0.1592,0.9761
2321,-0.0725,-0.2493,0.9973
2322,0.2063,-0.3167,1.0210
2323,0.3809,-0.3608,0.9651
2324,0.3176,-0.2058,0.9917
2325,0.0688,-0.0964,0.9670
2326,-0.1472,-0.1548,0.9221
2327,-0.2590,-0.1116,1.0237
2328,-0.2046,-0.1741,1.0259
2329,0.0020,-0.2529,1.0120
2330,0.1809,-0.2166,0.9937
2331,0.1831,-0.3950,0.9846
2332,0.0820,-0.2568,1.0354
2333,-0.1272,-0.2373,0.9402
2334,-0.1995,-0.0579,0.9839
2335,-0.2251,-0.1287,0.9175
2336,-0.1104,-0.0586,0.9780
2337,0.0742,0.0242,0.9407
2338,0.1484,-0.0652,0.8545
2339,0.0847,0.1082,0.9788
2340,-0.0032,0.0085,0.9692
2341,-0.0723,-0.0217,1.0208
2342,-0.0957,0.0513,1.0647
2343,0.0332,-0.0576,1.0520
2344,0.1973,-0.0637,1.1086
2345,0.2354,-0.1558,1.0559
2346,0.1702,-0.1082,1.0288
2347,-0.0017,-0.0100,0.9553
2348,-0.1743,0.1733,0.8823
2349,-0.2917,0.3196,0.8342
2350,-0.2471,0.3394,0.7896
2351,-0.1174,0.2356,0.8459
2352,-0.0115,0.2224,0.9377
2353,0.0540,0.0693,0.9312
2354,0.0974,0.2080,1.0630
2355,0.0601,0.0583,1.0842
2356,0.0403,-0.0598,1.1624
2357,0.0520,-0.2012,1.1672
2358,0.1304,-0.2256,1.1331
2359,0.1877,-0.0879,1.0435
2360,0.1392,0.1042,0.9292
2361,0.0176,0.2468,0.8645
2362,-0.1306,0.2439,0.8323
2363,-0.2166,0.1951,0.8306
2364,-0.2620,0.0869,0.8774
2365,-0.1575,-0.0583,0.8931
2366,-0.0215,-0.2251,0.9475
2367,0.0508,-0.1675,1.0510
2368,0.1274,-0.2559,1.0413
2369,0.1504,-0.0649,1.1223
2370,0.0986,-0.1187,1.0579
2371,0.1499,-0.0801,1.0989
2372,0.1323,-0.0942,1.0442
2373,0.0693,-0.0762,0.9729
2374,0.0222,0.0771,0.9602
2375,-0.1228,-0.0493,0.8735
2376,-0.1929,-0.1858,0.9204
2377,-0.2048,-0.0845,0.9641
2378,-0.2097,-0.1040,0.8918
2379,-0.1086,-0.0256,0.9329
2380,-0.0444,-0.1165,0.9478
2381,0.0166,-0.0779,1.0334
2382,0.0774,-0.0027,1.0054
2383,0.1411,0.0208,0.9749
2384,0.1545,0.0835,1.0552
2385,0.2024,0.1313,1.0601
2386,0.1663,0.0620,1.0083
2387,0.0901,0.0159,0.9971
2388,-0.0525,-0.1074,0.9856
2389,-0.1929,-0.0420,1.0403
2390,-0.2437,-0.1033,0.9224
2391,-0.2100,-0.0837,0.9321
2392,-0.1262,0.1523,0.9719
2393,-0.0132,0.2068,0.9067
2394,0.1042,0.3447,0.8774
2395,0.0557,0.1616,0.8901
2396,0.0608,0.1770,1.0657
2397,0.0027,-0.1985,1.0012
2398,0.0283,-0.0767,1.1174
2399,0.0947,-0.1963,1.0383
2400,0.2021,-0.0923,1.0813
2401,0.1633,0.0339,1.0171
2402,0.0759,0.0945,0.9436
2403,-0.1296,0.1492,0.9368
2404,-0.2590,0.0166,0.9224
2405,-0.2456,-0.0347,0.9360
2406,-0.2134,-0.1255,0.9314
2407,-0.0437,-0.0581,0.9448
2408,0.0542,-0.1956,0.9177
2409,0.0872,-0.0540,0.9780
2410,0.0581,-0.0054,0.9829
2411,0.0552,0.0833,0.9934
2412,0.0459,-0.0173,0.9995
2413,0.0723,-0.0200,1.1204
2414,0.1550,-0.1853,1.0474
2415,0.1907,-0.1208,1.0757
2416,0.1145,-0.0168,0.9985
2417,-0.0713,-0.1292,0.9250
2418,-0.1980,0.0854,0.9895
2419,-0.2764,-0.0676,0.8599
2420,-0.2463,0.0317,0.9084
2421,-0.1812,0.1060,0.8955
2422,0.0317,0.0247,0.8970
2423,0.0725,0.0007,0.9192
2424,0.0740,0.1282,1.0178
2425,0.1040,0.1934,1.0696
2426,0.0935,0.0513,1.0571
2427,0.1113,-0.0659,1.1343
2428,0.1438,-0.2502,1.1577
2429,0.1956,-0.4341,1.0637
2430,0.1096,-0.3062,1.0042
2431,-0.0649,0.0271,0.9302
2432,-0.2092,0.3401,0.7961
2433,-0.2996,0.3772,0.7073
2434,-0.2705,0.3193,0.8013
2435,-0.1562,0.1299,0.8967
2436,-0.0112,-0.1177,0.9465
2437,0.1169,-0.3162,1.0327
2438,0.1550,-0.4597,1.1099
2439,0.1284,-0.1772,1.1936
2440,0.1152,0.1655,1.0942
2441,0.1035,0.2671,0.9897
2442,0.0598,0.2720,1.0337
2443,0.0552,0.1233,1.0208
2444,0.0293,-0.0894,0.9084
2445,-0.0898,-0.2712,0.8657
2446,-0.1650,-0.2693,0.9497
2447,-0.1597,-0.2478,0.9233
2448,-0.0996,-0.0227,0.8796
2449,-0.0615,0.2327,0.8894
2450,0.0334,0.2832,0.9243
2451,0.0874,0.2327,0.9875
2452,0.0166,0.0671,1.0432
2453,-0.0088,-0.0801,1.0803
2454,0.0037,-0.2251,1.0999
2455,0.0559,-0.2146,1.1204
2456,0.1118,-0.2554,1.0413
2457,0.1377,-0.0740,0.9993
2458,0.0742,0.1060,0.9077
2459,-0.0637,0.1333,0.8267
2460,-0.2266,0.1343,0.8403
2461,-0.2490,0.1150,0.8999
2462,-0.1394,0.0654,0.9146
2463,-0.0369,-0.0522,0.9497
2464,0.1545,-0.0903,1.0208
2465,0.1831,-0.1416,1.0491
2466,0.1064,0.0054,1.0503
2467,-0.0269,0.0564,1.0042
2468,-0.1309,0.1863,1.0483
2469,-0.1074,0.1106,1.0071
2470,0.0349,0.0425,1.0122
2471,0.1458,-0.1233,0.9702
2472,0.2007,-0.1919,0.9905
2473,0.1414,-0.0381,0.9700
2474,-0.0911,-0.1316,0.8491
2475,-0.2300,0.0527,0.9263
2476,-0.2383,0.0366,0.8918
2477,-0.1382,0.1765,0.9436
2478,-0.0107,0.2126,0.9097
2479,0.1050,0.0359,0.9329
2480,0.1453,0.0479,1.0520
2481,0.0193,-0.1206,1.0520
2482,-0.0073,-0.1467,1.0942
2483,-0.0698,-0.2939,1.0725
2484,0.0093,-0.0942,1.1519
2485,0.0852,-0.0708,1.0042
2486,0.1375,0.0767,0.9370
2487,0.0898,0.2578,0.8989
2488,-0.0417,0.1589,0.8342
2489,-0.1704,0.0251,0.8608
2490,-0.2449,-0.0938,0.9089
2491,-0.1121,-0.1321,0.9761
2492,-0.0415,-0.2051,0.9790
2493,0.1106,-0.1536,0.9985
2494,0.1440,-0.0376,1.0452
2495,0.1021,0.1985,1.0393
2496,-0.0215,0.0552,0.9673
2497,-0.0215,0.1526,1.0920
2498,-0.0569,-0.1475,0.9963
2499,0.0732,-0.0938,1.0657
2500,0.0693,-0.1636,0.9280
2501,0.0579,-0.1604,0.9202
2502,-0.0107,0.0793,0.9692
2503,-0.1843,0.0813,0.8452
2504,-0.2048,0.1897,0.8879
2505,-0.1328,0.1936,0.9651
2506,0.0220,0.0178,0.9758
2507,0.1655,-0.0144,1.0422
2508,0.1931,0.0806,1.0325
2509,0.1409,-0.1357,0.9836
2510,0.0120,-0.0227,1.0852
2511,-0.1519,-0.0149,1.0393
2512,-0.0859,0.0090,0.9788
2513,-0.0125,0.0044,0.9680
2514,0.0698,-0.0901,0.9534
2515,0.1050,-0.1074,0.9585
2516,0.0105,0.0186,0.8870
2517,-0.1567,0.0217,0.8813
2518,-0.1716,0.1243,0.9702
2519,-0.1797,0.0076,0.9712
2520,0.0024,0.0935,1.0425
2521,0.1672,-0.0830,0.9702
2522,0.2188,-0.0374,1.0696
2523,0.1426,-0.1445,1.0676
2524,0.0471,-0.0989,1.0530
2525,-0.1331,-0.1296,1.0198
2526,-0.1050,-0.0747,0.9924
2527,-0.0713,-0.0542,0.9514
2528,-0.0012,0.2407,0.9233
2529,0.0327,0.1904,0.7905
2530,0.0205,0.2527,0.8645
2531,-0.1299,-0.0449,0.9028
2532,-0.1270,-0.0396,1.0142
2533,-0.1528,-0.1267,0.9790
2534,0.0051,-0.0806,1.0425
2535,0.1338,-0.1445,1.0676
2536,0.2026,-0.0210,1.1018
2537,0.1934,0.1001,1.0188
2538,0.0808,0.2300,0.9673
2539,-0.0718,0.2263,0.9653
2540,-0.1064,0.1160,0.9927
2541,-0.0559,0.0427,0.9534
2542,-0.0200,-0.0671,0.9456
2543,0.0635,-0.0847,0.9624
2544,0.0095,-0.2830,0.9233
2545,-0.0503,-0.0732,0.9993
2546,-0.1401,-0.0146,0.8979
2547,-0.1450,0.1636,0.9526
2548,-0.0662,0.2571,0.9944
2549,0.0283,0.1240,0.9817
2550,0.0923,-0.0029,1.0168
2551,0.1624,-0.1716,1.0327
2552,0.1392,-0.1880,1.0708
2553,-0.0024,-0.1716,1.0168
2554,-0.0164,0.0122,0.9963
2555,-0.0222,0.0051,0.9487
2556,-0.0474,0.0042,0.9624
2557,-0.0115,0.0610,0.9573
2558,-0.0139,-0.0132,0.8901
2559,-0.0615,-0.0864,0.8948
2560,-0.1343,-0.1023,0.9712
2561,-0.1304,-0.0334,0.9878
2562,-0.0913,0.0879,0.9712
2563,0.0139,0.2192,1.0005
2564,0.1218,0.0283,1.0012
2565,0.1704,-0.0269,1.0608
2566,0.1602,0.0098,1.0159
2567,0.0398,0.0112,0.9468
2568,-0.0720,0.0950,0.9934
2569,-0.0981,0.0134,0.9807
2570,-0.0535,0.0205,1.0032
2571,0.0000,0.0518,0.9407
2572,0.0505,0.0376,0.9341
2573,-0.0271,-0.1057,0.9595
2574,-0.1379,-0.1453,0.9944
2575,-0.1990,-0.1670,0.9807
2576,-0.1013,-0.0630,0.9722
2577,0.0469,-0.0154,0.9680
2578,0.1799,0.1543,1.0093
2579,0.2363,0.1179,0.9231
2580,0.1794,0.1235,0.9683
2581,0.0115,-0.0122,0.9788
2582,-0.1326,-0.1462,1.0325
2583,-0.1162,-0.0640,1.0725
2584,-0.0566,-0.2324,0.9670
2585,0.0186,-0.1023,1.0386
2586,0.0371,-0.0063,0.9858
2587,-0.0229,-0.0300,0.8804
2588,-0.1372,0.0171,0.8970
2589,-0.2156,0.0002,0.9436
2590,-0.1323,-0.0364,0.9497
2591,-0.0002,-0.0588,0.9270
2592,0.1272,0.0283,1.0093
2593,0.2205,0.0386,1.0054
2594,0.1799,0.0298,0.9819
2595,0.0720,0.0801,1.0190
2596,-0.0479,-0.0354,1.0198
2597,-0.0935,-0.0066,1.0742
2598,-0.0869,-0.0479,1.0327
2599,0.0146,-0.0947,0.9800
2600,0.0825,-0.0796,0.9583
2601,0.0842,0.0144,0.9485
2602,-0.0027,-0.0183,0.8840
2603,-0.1619,0.1047,0.9094
2604,-0.2131,0.2039,0.9243
2605,-0.1602,0.0857,0.9192
2606,-0.0146,-0.0273,0.9387
2607,0.0969,-0.0112,1.0386
2608,0.2029,0.1562,1.0454
2609,0.1233,-0.0442,0.9221
2610,0.0073,0.0483,1.0737
2611,-0.1035,0.0205,1.0715
2612,-0.0330,-0.0090,0.9875
2613,0.0266,0.0334,0.9797
2614,0.1355,-0.1174,0.9565
2615,0.1538,-0.1985,0.9954
2616,0.0508,0.0356,0.9729
2617,-0.1482,-0.0518,0.8489
2618,-0.2319,0.0234,0.9302
2619,-0.2434,0.1140,0.9797
2620,-0.1025,0.1296,0.9465
2621,0.0605,0.0945,0.9133
2622,0.1423,0.0962,1.0159
2623,0.1685,-0.0542,1.0500
2624,0.0840,-0.2363,0.9937
2625,-0.0059,-0.1177,1.0618
2626,-0.0071,-0.1160,1.0425
2627,0.0835,-0.1387,0.9954
2628,0.0828,-0.0305,0.9954
2629,0.1006,0.0884,0.9526
2630,0.0486,0.0400,0.9026
2631,-0.1643,0.1196,0.9585
2632,-0.2898,-0.0647,0.9153
2633,-0.2148,-0.0310,1.0015
2634,-0.1365,-0.1270,0.9797
2635,0.0732,-0.2058,0.9937
2636,0.2036,-0.1680,0.9983
2637,0.1848,0.0066,0.9709
2638,0.1028,0.2402,0.9077
2639,-0.0847,0.3918,0.8918
2640,-0.1296,0.3865,0.9465
2641,-0.0295,0.0793,0.9749
2642,0.0618,-0.0481,1.0845
2643,0.1467,-0.2400,1.0562
2644,0.1677,-0.4521,1.0466
2645,-0.0181,-0.3093,1.0942
2646,-0.1880,-0.0613,1.0190
2647,-0.2146,0.2449,0.8997
2648,-0.1855,0.3655,0.8215
2649,-0.0232,0.4834,0.8911
2650,0.0803,0.3411,0.8459
2651,0.1382,0.2102,0.8411
2652,0.0859,-0.0808,0.9097
2653,-0.0132,-0.2292,1.1021
2654,-0.0425,-0.2976,1.1226
2655,0.0129,-0.3374,1.1018
2656,0.0964,-0.1948,1.1184
2657,0.1196,-0.1372,1.0872
2658,0.1394,-0.0007,1.0383
2659,0.0100,0.0212,0.9202
2660,-0.1538,0.0903,0.9233
2661,-0.2402,0.0583,0.8931
2662,-0.2236,-0.1040,0.8645
2663,-0.1091,-0.1758,0.8850
2664,0.0500,-0.1553,0.9136
2665,0.1528,-0.0461,0.9612
2666,0.1506,-0.0488,0.9192
2667,0.0173,0.0598,1.0237
2668,-0.0566,0.2363,1.0872
2669,-0.0154,-0.0149,1.0200
2670,0.0432,-0.0574,1.1011
2671,0.1182,-0.1433,1.1096
2672,0.2102,-0.0823,1.0366
2673,0.0547,-0.0647,0.9299
2674,-0.1309,0.1567,0.9429
2675,-0.2961,0.1145,0.8713
2676,-0.3208,0.2175,0.8999
2677,-0.2202,0.0679,0.8433
2678,0.0103,-0.0093,0.9407
2679,0.1899,0.0286,0.9954
2680,0.2727,0.0347,0.9839
2681,0.1870,-0.0085,0.9895
2682,-0.0056,0.0779,1.0999
2683,-0.0767,0.0295,1.0920
2684,-0.0625,-0.1282,1.0161
2685,0.0364,-0.0608,1.0513
2686,0.1440,-0.1284,1.0139
2687,0.1914,-0.1350,0.9614
2688,0.0144,-0.1099,0.9026
2689,-0.2036,-0.0093,0.9292
2690,-0.2927,0.0083,0.8782
2691,-0.2957,0.0603,0.8889
2692,-0.1489,0.1255,0.9360
2693,0.0623,-0.0544,0.9165
2694,0.2178,-0.0007,1.0405
2695,0.2048,0.0315,1.0679
2696,0.1438,0.0491,1.0474
2697,0.0127,0.0835,1.0659
2698,-0.0166,0.0286,1.0640
2699,-0.0239,-0.2246,1.0042
2700,0.0073,-0.1724,1.0327
2701,0.0417,-0.0889,0.9778
2702,0.0042,-0.1580,0.8765
2703,-0.0767,-0.0054,0.9033
2704,-0.1345,0.1187,0.9126
2705,-0.1277,0.0901,0.8665
2706,-0.1321,0.0613,0.9106
2707,-0.0820,0.0745,1.0149
2708,-0.0046,-0.0850,0.9783
2709,0.0393,-0.1045,1.0229
2710,0.0554,-0.0278,1.0745
2711,0.1226,-0.1025,1.0588
2712,0.2019,0.0640,1.0884
2713,0.1858,0.0481,1.0015
2714,0.1577,0.0652,0.9915
2715,0.0603,0.0430,0.9810
2716,-0.0962,0.0352,0.9409
2717,-0.2417,-0.0513,0.8911
2718,-0.2996,0.0442,0.9446
2719,-0.2168,0.0305,0.8997
2720,-0.0879,-0.0278,0.9058
2721,0.0220,0.1633,0.9797
2722,0.1216,0.0017,0.9292
2723,0.1624,-0.0786,1.0073
2724,0.0137,-0.1194,1.0764
2725,0.0103,-0.0552,1.0950
2726,0.0288,0.0310,1.0344
2727,0.0698,0.0405,0.9993
2728,0.1641,-0.0222,1.0217
2729,0.1785,0.0276,1.0093
2730,0.0632,-0.0195,0.9036
2731,-0.0984,-0.1775,0.8872
2732,-0.2473,-0.2207,0.9583
2733,-0.2815,-0.2134,0.9690
2734,-0.1965,-0.0139,0.9224
2735,-0.1152,0.1694,0.8940
2736,0.0393,0.2192,0.9624
2737,0.1169,0.0955,0.9722
2738,0.1184,0.1191,1.0190
2739,0.0708,0.0996,1.0066
2740,0.1372,-0.0315,1.0247
2741,0.1001,-0.2061,1.0627
2742,0.0781,-0.0767,1.1165
2743,0.0952,-0.1008,0.9712
2744,0.0251,-0.0454,0.9690
2745,-0.1099,-0.0610,0.9475
2746,-0.1931,-0.0278,0.9592
2747,-0.2087,0.0869,0.9104
2748,-0.1794,-0.0295,0.8459
2749,-0.0872,0.0452,0.9924
2750,-0.0173,-0.0146,0.9624
2751,0.1228,-0.0122,0.9360
2752,0.0991,0.0547,0.9934
2753,0.0437,-0.0063,1.0110
2754,0.0632,0.0061,1.0706
2755,0.0713,0.1140,1.0415
2756,0.0903,-0.0483,0.9729
2757,0.1565,-0.0850,1.0493
2758,0.1018,-0.0835,1.0239
2759,-0.0171,-0.1526,0.9517
2760,-0.1736,-0.1094,0.9348
2761,-0.2725,-0.0408,0.9495
2762,-0.2356,0.0969,0.9456
2763,-0.1633,0.1355,0.8721
2764,-0.0012,0.1399,0.9114
2765,0.1462,-0.0850,0.9827
2766,0.1516,-0.1787,1.0510
2767,0.0701,-0.2229,1.0581
2768,0.0176,-0.2568,1.0305
2769,0.0352,-0.1716,1.0356
2770,0.0674,0.1470,1.0581
2771,0.1267,0.2485,0.8999
2772,0.1147,0.1917,0.8752
2773,0.0056,0.0845,0.9517
2774,-0.1760,-0.1843,0.9534
2775,-0.2444,-0.1279,0.9956
2776,-0.2295,-0.1228,0.9302
2777,-0.0989,-0.0911,0.9888
2778,0.0208,-0.0112,1.0168
2779,0.1338,0.1431,0.9739
2780,0.1409,0.2388,0.9263
2781,0.0613,0.3176,0.9617
2782,-0.0396,0.2019,1.0012
2783,-0.0085,0.1211,1.0161
2784,0.0168,-0.1465,0.9583
2785,0.0925,-0.1199,1.0708
2786,0.1624,-0.2664,1.0137
2787,0.1077,-0.2312,0.9946
2788,-0.0620,-0.0779,0.9995
2789,-0.1733,0.0181,0.9116
2790,-0.2493,0.0610,0.9329
2791,-0.1624,0.2300,0.9712
2792,-0.0637,0.0615,0.9065
2793,0.0911,0.2029,0.9858
2794,0.1177,0.0657,0.9075
2795,0.0928,-0.0132,0.9783
2796,-0.0222,-0.2100,1.0100
2797,-0.0461,-0.2764,1.0706
2798,-0.0061,-0.2795,1.0513
2799,0.0757,-0.1780,1.0227
2800,0.1477,0.0342,1.0063
2801,0.1575,0.0706,0.9399
2802,0.0422,0.1511,0.9399
2803,-0.1282,0.0940,0.9231
2804,-0.2068,-0.0886,0.9348
2805,-0.2002,-0.1787,0.9888
2806,-0.1138,-0.2183,1.0051
2807,0.0051,-0.2097,0.9546
2808,0.1433,-0.0598,0.9495
2809,0.1064,0.1431,0.9749
2810,0.0354,0.2192,0.9565
2811,-0.0520,0.1824,0.9866
2812,-0.0278,0.1055,1.0432
2813,0.0171,-0.0896,1.0298
2814,0.0823,-0.1162,1.0627
2815,0.1455,-0.1492,0.9954
2816,0.0918,-0.0762,0.9790
2817,-0.0667,0.1453,0.9827
2818,-0.1716,0.0659,0.8606
2819,-0.1890,0.0283,0.9126
2820,-0.1479,-0.0078,0.9583
2821,-0.0146,0.0710,0.9543
2822,0.1123,0.0981,0.9175
2823,0.1296,0.1104,0.9438
2824,0.0483,0.1050,1.0308
2825,-0.0371,0.2224,1.0618
2826,-0.1016,0.1355,0.9954
2827,-0.0200,-0.1221,1.0305
2828,0.0493,-0.3982,1.0952
2829,0.1025,-0.3970,1.0852
2830,0.1375,-0.1272,0.9661
2831,0.0330,0.1213,0.8684
2832,-0.0891,0.2217,0.8950
2833,-0.1460,0.2180,0.9124
2834,-0.1416,0.1592,0.8940
2835,-0.0505,-0.0454,0.8967
2836,0.0608,-0.1677,1.0298
2837,0.1001,-0.2024,1.0735
2838,0.0898,-0.2178,1.0247
2839,-0.0178,-0.0808,1.0093
2840,-0.1274,-0.0227,1.0308
2841,-0.0999,0.0610,1.0366
2842,-0.0408,0.0159,0.9641
2843,0.0610,-0.0007,0.9604
2844,0.1689,-0.0754,0.9485
2845,0.1272,-0.0759,0.9504
2846,-0.0076,-0.0085,0.9407
2847,-0.1274,-0.0710,0.8999
2848,-0.1853,0.0090,0.9939
2849,-0.1626,0.0181,0.9944
2850,-0.0474,-0.0696,0.9702
2851,0.0659,-0.0259,1.0249
2852,0.1101,0.0093,1.0034
2853,0.0669,-0.0154,0.9836
2854,0.0098,0.0496,1.0071
2855,-0.0056,-0.0081,0.9895
2856,0.0100,-0.0684,1.0237
2857,0.0410,-0.0381,0.9924
2858,0.0703,0.0530,0.9434
2859,0.0171,0.1331,0.9407
2860,-0.0850,-0.0349,0.9036
2861,-0.1548,-0.0952,0.9817
2862,-0.1106,0.0740,1.0015
2863,-0.0212,0.0549,0.9292
2864,0.0811,0.0898,0.9690
2865,0.0984,-0.0203,0.9973
2866,0.0916,0.1118,1.0393
2867,-0.0242,0.1013,0.9670
2868,-0.0510,0.1658,0.9993
2869,-0.0583,-0.0205,1.0181
2870,0.0471,-0.0667,1.0728
2871,0.0591,-0.2290,0.9924
2872,0.0903,-0.2041,0.9946
2873,0.0376,-0.1758,0.9739
2874,-0.0913,-0.0999,0.9663
2875,-0.1562,-0.0200,0.9390
2876,-0.1353,0.0334,0.9241
2877,-0.0825,0.0596,0.9194
2878,0.0166,0.1472,0.9534
2879,0.0952,0.1560,0.9075
2880,0.1018,0.0520,0.9312
2881,0.0681,-0.0520,0.9917
2882,-0.0684,-0.1787,1.0295
2883,-0.0581,-0.0156,1.0825
2884,-0.0398,-0.0068,0.9976
2885,0.0317,0.0300,1.0376
2886,0.0918,0.0027,1.0356
2887,0.1013,0.0708,0.9924
2888,-0.0063,0.1589,0.9321
2889,-0.1404,0.1184,0.9124
2890,-0.2000,0.0444,0.9524
2891,-0.1597,-0.0903,0.9497
2892,0.0134,-0.0864,0.9482
2893,0.1304,-0.0945,0.9436
2894,0.2136,-0.1123,0.9604
2895,0.1646,-0.1235,1.0032
2896,-0.0203,0.0461,1.0288
2897,-0.0947,0.0132,0.9731
2898,-0.0811,0.0933,1.0298
2899,-0.0754,-0.0825,1.0247
2900,0.0657,-0.0818,1.0444
2901,0.0920,-0.0654,0.9771
2902,0.0176,-0.0791,0.9216
2903,-0.0872,-0.0940,0.9534
2904,-0.1880,0.0081,0.9634
2905,-0.1438,0.0693,0.9016
2906,-0.0112,0.1616,0.8921
2907,0.0781,0.2993,0.9468
2908,0.2029,0.3093,0.9485
2909,0.1355,0.1853,0.9661
2910,-0.0071,0.0012,1.0383
2911,-0.0691,-0.2986,1.0884
2912,-0.0447,-0.2473,1.1675
2913,-0.0085,-0.2190,1.0610
2914,0.0989,-0.1677,0.9985
2915,0.0901,-0.1335,0.9790
2916,0.0564,0.1040,0.9478
2917,-0.1064,0.0374,0.8118
2918,-0.2271,0.0693,0.8508
2919,-0.2178,-0.0352,0.9026
2920,-0.1008,0.0618,0.9739
2921,0.0190,0.0857,0.9304
2922,0.1646,0.0764,0.9612
2923,0.1858,-0.1238,1.0454
2924,0.0776,-0.1284,1.1243
2925,-0.0247,-0.1543,1.0364
2926,-0.0225,-0.0525,1.0474
2927,-0.0015,-0.0017,1.0403
2928,0.0447,-0.0776,1.0034
2929,0.0757,0.0337,0.9739
2930,0.0171,0.0439,0.8662
2931,-0.0869,-0.0459,0.8638
2932,-0.1951,0.0330,0.9412
2933,-0.1875,0.0120,0.9094
2934,-0.0366,0.0728,0.9360
2935,0.0554,0.0757,0.9653
2936,0.1526,0.0552,1.0317
2937,0.1777,-0.0042,1.0366
2938,0.0842,-0.0676,1.0249
2939,-0.0049,-0.0889,1.0559
2940,-0.0425,-0.1353,1.0461
2941,-0.0483,-0.0342,1.0142
2942,0.0022,0.0813,0.9695
2943,0.0107,0.1299,0.8921
2944,-0.0098,0.1270,0.9233
2945,-0.0769,0.0645,0.9094
2946,-0.1709,-0.0854,0.8970
2947,-0.1545,-0.0203,1.0005
2948,-0.0581,-0.1709,0.9722
2949,0.0872,-0.0388,1.0532
2950,0.1521,0.0435,0.9846
2951,0.1733,0.1726,0.9719
2952,0.0894,0.1687,0.9661
2953,-0.0701,0.1140,0.9934
2954,-0.1260,0.0300,1.0266
2955,-0.0730,-0.0393,1.0071
2956,0.0332,-0.1641,1.0083
2957,0.1204,-0.2031,1.0601
2958,0.1787,-0.3008,0.9885
2959,0.0564,-0.1965,0.9956
2960,-0.1206,-0.1123,0.9514
2961,-0.2375,-0.1572,0.8875
2962,-0.2029,0.1423,0.9661
2963,-0.1150,0.3013,0.8774
2964,0.0825,0.4084,0.8752
2965,0.1536,0.2488,0.8979
2966,0.1509,-0.1011,0.9788
2967,0.0674,-0.2588,1.0862
2968,-0.0891,-0.2915,1.0618
2969,-0.0608,-0.1626,1.0757
2970,0.0107,-0.1372,1.0510
2971,0.0701,0.1255,1.0571
2972,0.1455,0.2939,0.9468
2973,0.1147,0.3540,0.8608
2974,-0.0879,0.1863,0.8706
2975,-0.2524,0.1309,0.9663
2976,-0.3032,-0.0671,0.9233
2977,-0.1914,-0.1072,0.9436
2978,-0.0122,-0.1167,1.0022
2979,0.1780,-0.1384,1.0298
2980,0.2837,-0.0723,0.9973
2981,0.1956,0.0884,0.9800
2982,0.0269,0.1616,1.0071
2983,-0.0952,0.0359,0.9910
2984,-0.1326,-0.0466,1.0432
2985,-0.0278,-0.0183,1.0405
2986,0.0989,-0.2012,0.9507
2987,0.1890,-0.1431,1.0100
2988,0.0923,-0.2048,0.9504
2989,-0.1260,-0.1743,0.9302
2990,-0.2820,-0.0054,0.9270
2991,-0.2527,0.1321,0.9016
2992,-0.1411,0.2292,0.9348
2993,0.0581,0.2751,0.9417
2994,0.2271,0.1882,0.9543
2995,0.2339,0.0706,1.0032
2996,0.0891,-0.1150,1.0610
2997,-0.0439,-0.2107,1.0999
2998,-0.1187,-0.3420,1.0620
2999,-0.0852,-0.2686,1.0864
3000,-0.0195,-0.1418,1.0239
3001,0.1111,0.1289,0.9419
3002,0.1016,0.2371,0.8401
3003,-0.0320,0.2678,0.8762
3004,-0.1394,0.1511,0.8967
3005,-0.1775,-0.0129,0.9319
3006,-0.0889,-0.0989,0.9702
3007,-0.0027,-0.2080,0.9976
3008,0.1306,0.0256,1.0588
3009,0.1367,-0.0046,0.9583
3010,0.0483,0.1113,1.0159
3011,-0.1050,0.1050,1.0298
3012,-0.0625,0.1816,1.0620
3013,-0.0083,0.0701,0.9722
3014,0.0776,-0.1133,0.9895
3015,0.1838,-0.1960,1.0376
3016,0.1145,-0.1895,0.9885
3017,-0.0522,0.0457,0.9348
3018,-0.2407,-0.0002,0.8726
3019,-0.2468,0.0447,0.9670
3020,-0.1733,-0.0037,0.9771
3021,0.0300,0.0432,0.9504
3022,0.1448,-0.1089,0.9045
3023,0.2195,-0.0168,1.0288
3024,0.0657,-0.0537,1.0103
3025,-0.0950,-0.0168,0.9915
3026,-0.1558,-0.0339,0.9907
3027,-0.0940,-0.0444,1.0588
3028,0.0442,-0.0867,1.0334
3029,0.2280,-0.0767,0.9788
3030,0.2732,-0.0791,0.9595
3031,0.1152,-0.1118,0.9661
3032,-0.1609,-0.1069,0.9622
3033,-0.3320,-0.0125,0.9299
3034,-0.3354,0.0610,0.8999
3035,-0.1938,0.1460,0.9360
3036,0.0645,0.1907,0.9631
3037,0.2444,0.2234,0.9702
3038,0.2170,0.1716,0.9663
3039,0.0793,0.1252,1.0256
3040,-0.1165,-0.0667,1.0500
3041,-0.1848,-0.1335,1.0737
3042,-0.1025,-0.1646,1.0383
3043,0.0901,-0.0920,1.0347
3044,0.2759,-0.0188,0.9666
3045,0.3047,0.0696,0.9221
3046,0.0957,0.1804,0.9075
3047,-0.1428,0.1960,0.9055
3048,-0.2781,0.1077,0.9016
3049,-0.3357,-0.0369,0.9553
3050,-0.2017,-0.0750,1.0425
3051,0.0376,-0.2437,0.9915
3052,0.1897,-0.1531,1.0706
3053,0.1731,-0.1458,1.0103
3054,0.1372,-0.2146,1.0237
3055,0.0168,-0.0557,1.0422
3056,-0.0640,-0.0110,0.9553
3057,-0.0259,0.1975,0.9426
3058,0.0227,0.1584,0.8704
3059,0.1169,0.1047,0.9241
3060,0.0056,-0.1367,0.9055
3061,-0.0933,-0.0889,1.0071
3062,-0.1521,-0.1135,0.9719
3063,-0.1792,-0.1313,0.9683
3064,-0.1426,0.0225,1.0542
3065,0.0137,0.1060,0.9907
3066,0.0823,0.1885,0.9526
3067,0.0269,0.2375,0.9807
3068,-0.0337,0.0081,0.9680
3069,-0.0491,-0.0730,1.0276
3070,-0.0437,0.0054,1.0298
3071,0.0706,-0.0569,0.9712
3072,0.2173,-0.0762,0.9924
3073,0.2808,0.0300,1.0120
3074,0.1885,-0.0261,0.9456
3075,0.0137,0.0127,0.9260
3076,-0.1992,-0.0950,0.9673
3077,-0.2585,-0.0596,0.9905
3078,-0.2888,-0.1011,0.9153
3079,-0.0945,0.2151,0.9641
3080,0.0610,0.1211,0.8823
3081,0.1448,0.1641,0.9985
3082,0.0898,0.1238,1.0100
3083,0.0789,-0.0042,1.0042
3084,0.0063,-0.1704,1.0286
3085,0.0325,-0.2190,1.1040
3086,0.0898,-0.2778,1.0657
3087,0.1321,-0.2007,0.9758
3088,0.0813,0.0034,0.9272
3089,-0.0913,0.1367,0.9104
3090,-0.1670,0.2825,0.9133
3091,-0.2407,0.0942,0.8794
3092,-0.1616,0.0215,0.9556
3093,-0.0388,-0.1035,0.9751
3094,0.0703,-0.0967,1.0151
3095,0.0979,-0.1128,0.9661
3096,0.0183,-0.0225,1.0276
3097,-0.0103,0.0593,1.0425
3098,-0.0061,-0.0786,0.9690
3099,0.0769,0.0574,1.0325
3100,0.1379,-0.0051,0.9956
3101,0.2336,-0.0012,0.9895
3102,0.1064,-0.1382,0.9397
3103,-0.0608,0.0376,1.0229
3104,-0.2261,-0.1116,0.9233
3105,-0.2515,-0.0806,0.9565
3106,-0.2395,-0.0620,0.9670
3107,-0.0559,0.0674,0.9585
3108,0.1228,0.2065,0.8987
3109,0.1484,0.2632,0.9165
3110,0.1238,0.1782,0.9651
3111,0.0293,0.0339,1.0110
3112,-0.0015,-0.0503,1.0483
3113,-0.0039,-0.1941,1.0425
3114,0.0676,-0.1150,1.0864
3115,0.0981,-0.0110,1.0413
3116,0.1038,0.0825,0.9741
3117,-0.0291,0.1992,0.9221
3118,-0.1555,0.2419,0.9495
3119,-0.1831,0.1248,0.9292
3120,-0.1843,-0.1797,0.9009
3121,-0.1101,-0.1343,1.0022
3122,0.0322,-0.2261,0.9468
3123,0.1101,-0.2131,0.9272
3124,0.0425,-0.0530,0.9749
3125,0.0039,0.2434,1.0227
3126,-0.0122,0.2002,0.9387
3127,0.0005,0.1621,1.0022
3128,0.0664,-0.0981,1.0708
3129,0.1741,-0.1511,1.1021
3130,0.1560,-0.2502,0.9963
3131,0.0671,-0.2056,0.9973
3132,-0.1133,-0.1987,0.9888
3133,-0.2053,0.0049,0.9858
3134,-0.2200,0.1436,0.8762
3135,-0.1548,0.0781,0.8276
3136,-0.0251,0.0610,0.9536
3137,0.0786,0.0537,0.9768
3138,0.0935,-0.0552,0.8870
3139,0.0332,0.0264,0.9907
3140,0.0344,0.0422,1.0706
3141,0.0408,-0.0903,1.0376
3142,0.0798,0.0710,1.0657
3143,0.1130,0.0769,1.0139
3144,0.1201,-0.0332,0.9895
3145,0.0166,-0.1125,1.0049
3146,-0.1230,-0.1631,1.0022
3147,-0.1987,-0.1565,0.9292
3148,-0.1765,0.0579,0.9319
3149,-0.0820,0.2217,0.9094
3150,-0.0164,0.1331,0.8586
3151,0.1055,0.2471,0.9761
3152,0.0955,0.0562,0.9260
3153,0.0171,-0.1169,0.9985
3154,-0.0564,-0.0232,1.0835
3155,-0.0217,-0.1707,1.0103
3156,0.0564,-0.1323,1.0552
3157,0.0693,-0.0369,1.0559
3158,0.1270,-0.0205,0.9868
3159,0.0930,0.0349,0.9651
3160,-0.0491,-0.0393,0.9116
3161,-0.1489,-0.1228,0.9751
3162,-0.1392,-0.0198,0.9663
3163,-0.1196,-0.1643,0.8843
3164,-0.0232,-0.0024,0.9888
3165,0.0186,-0.0513,0.9768
3166,0.0847,-0.0664,1.0022
3167,0.0100,-0.1399,0.9856
3168,0.0178,-0.0630,1.0520
3169,-0.0071,-0.0833,1.0366
3170,0.0415,0.1497,1.0461
3171,0.0698,0.1538,0.9387
3172,0.0779,0.1194,0.9221
3173,0.0056,0.0852,0.9390
3174,-0.0627,0.0063,0.9182
3175,-0.1462,-0.0330,0.9172
3176,-0.1372,-0.1057,0.9475
3177,-0.0459,-0.0750,1.0110
3178,0.0437,0.0129,0.9915
3179,0.0835,0.0469,0.9624
3180,0.0688,0.1335,0.9915
3181,0.0254,0.1362,1.0159
3182,-0.0613,0.1182,1.0054
3183,-0.0676,0.1345,1.0083
3184,0.0012,-0.0950,1.0002
3185,0.1082,-0.2793,1.0493
3186,0.1272,-0.2280,1.0686
3187,0.1189,0.0627,0.9719
3188,-0.0083,0.1196,0.8315
3189,-0.1345,0.2454,0.9377
3190,-0.1951,-0.0059,0.9285
3191,-0.1543,-0.0752,0.9827
3192,-0.0486,-0.0652,0.9443
3193,0.0898,-0.1267,0.9465
3194,0.1204,-0.1104,1.0151
3195,0.0774,-0.0486,1.0112
3196,-0.0117,0.0669,0.9778
3197,-0.1118,0.1155,0.9661
3198,-0.0657,0.0737,1.0317
3199,0.0046,-0.1169,1.0347
3200,0.1018,-0.1587,1.0366
3201,0.1663,-0.2065,0.9885
3202,0.0923,-0.2014,0.9556
3203,-0.0234,0.0779,0.9495
3204,-0.1846,0.2356,0.8674
3205,-0.1880,0.4429,0.8481
3206,-0.1514,0.2778,0.8599
3207,-0.0261,0.1357,0.9963
3208,0.0571,-0.3018,0.9915
3209,0.1611,-0.4236,1.0981
3210,0.1194,-0.3342,1.1096
3211,0.0352,-0.0457,1.1079
3212,0.0139,0.1497,1.0256
3213,0.0085,0.1826,0.9858
3214,0.0081,0.2598,1.0278
3215,0.0173,0.0598,0.8960
3216,0.0349,-0.1226,0.8813
3217,-0.0828,-0.1406,0.9602
3218,-0.1196,-0.1648,0.9136
3219,-0.1057,-0.0908,0.9087
3220,-0.0476,0.1077,0.9712
3221,0.0334,-0.0027,0.9338
3222,0.0894,0.0557,1.0317
3223,0.0505,0.0386,1.0210
3224,0.0364,-0.1848,0.9839
3225,-0.0527,0.0569,1.1057
3226,-0.0625,0.0906,1.0198
3227,0.0811,-0.1311,0.9253
3228,0.0938,0.0078,1.0366
3229,0.0557,0.0112,0.9985
3230,0.0393,-0.1946,0.8618
3231,-0.1279,-0.1287,0.9185
3232,-0.2336,0.0518,0.9946
3233,-0.1506,0.0513,0.9163
3234,-0.0425,0.1277,0.9202
3235,0.0964,0.0234,0.9973
3236,0.2114,-0.0532,1.0500
3237,0.1650,-0.1213,1.0151
3238,0.0479,-0.1194,0.9888
3239,-0.0828,-0.1548,0.9907
3240,-0.1885,0.0437,1.0442
3241,-0.0908,0.1633,0.9583
3242,0.0452,0.2278,0.9163
3243,0.0913,0.0403,0.9426
3244,0.1638,0.0042,1.0308
3245,0.0610,-0.1333,0.9800
3246,-0.0994,-0.1680,0.9507
3247,-0.1978,-0.0999,0.9976
3248,-0.1709,0.0376,1.0181
3249,-0.0669,0.0735,0.9275
3250,0.0630,0.2041,0.9458
3251,0.1465,0.1897,0.9495
3252,0.1860,0.0828,0.9602
3253,0.0366,-0.0327,1.0002
3254,-0.0452,-0.2271,1.0286
3255,-0.0386,-0.3601,1.0933
3256,0.0176,-0.2722,1.0991
3257,0.0759,-0.1777,0.9863
3258,0.1008,0.1074,0.9238
3259,0.0193,0.3323,0.8650
3260,-0.1201,0.3701,0.8394
3261,-0.2935,0.2646,0.8647
3262,-0.2676,0.0344,0.9236
3263,-0.1077,-0.2251,1.0002
3264,0.0933,-0.3511,1.0344
3265,0.2185,-0.3062,1.0728
3266,0.2761,-0.0674,1.0461
3267,0.1143,0.1672,1.0159
3268,-0.0498,0.4956,1.0220
3269,-0.1577,0.2954,0.9370
3270,-0.0791,0.2080,1.0198
3271,-0.0161,-0.2046,1.0090
3272,0.1340,-0.3367,1.0042
3273,0.0886,-0.4226,0.9282
3274,0.0164,-0.0312,0.9839
3275,-0.1760,-0.0190,0.8596
3276,-0.2146,0.1536,0.9182
3277,-0.1382,0.2437,0.9526
3278,0.0591,0.1511,0.9436
3279,0.1633,-0.0315,0.9976
3280,0.2036,-0.1194,1.0667
3281,0.1042,-0.3152,1.0288
3282,-0.0466,-0.1929,1.0442
3283,-0.1519,0.0457,0.9995
3284,-0.1228,0.1616,0.9585
3285,-0.0049,0.2017,0.9487
3286,0.0886,0.0864,0.9495
3287,0.1504,-0.0649,0.9641
3288,0.0662,-0.1396,0.9507
3289,-0.0906,-0.0649,0.9602
3290,-0.2041,0.0132,0.9585
3291,-0.1853,0.0527,0.9465
3292,-0.1047,0.0481,0.9407
3293,0.0806,0.2742,1.0344
3294,0.2100,0.1538,0.9348
3295,0.1995,-0.0935,0.9839
3296,0.0872,-0.0559,1.1311
3297,-0.0286,-0.2874,1.0217
3298,-0.0701,-0.1165,1.0637
3299,-0.0703,-0.0613,0.9995
3300,0.0024,-0.1248,0.9741
3301,0.0535,-0.0103,0.9709
3302,0.0337,0.0564,0.8752
3303,-0.0488,0.0486,0.8528
3304,-0.1831,0.0652,0.9165
3305,-0.1877,-0.0308,0.9729
3306,-0.1008,-0.1860,0.9712
3307,-0.0005,-0.1528,1.0256
3308,0.1438,-0.1111,1.0510
3309,0.1980,-0.1550,1.0063
3310,0.1335,0.0449,1.0522
3311,0.0137,0.1094,1.0054
3312,-0.0308,0.1248,0.9875
3313,-0.0408,-0.0281,0.9487
3314,-0.0149,-0.1248,0.9878
3315,0.0166,-0.0876,0.9595
3316,0.0178,0.0117,0.9038
3317,-0.0837,0.1213,0.9260
3318,-0.1921,0.0781,0.9280
3319,-0.1699,0.0552,0.9800
3320,-0.0776,0.0801,1.0161
3321,0.0850,-0.0029,0.9924
3322,0.1924,-0.1313,1.0149
3323,0.1848,-0.0251,1.0854
3324,0.1125,0.0112,0.9722
3325,-0.0627,0.1250,0.9487
3326,-0.1426,0.3616,0.9993
3327,-0.0828,0.0229,0.9243
3328,0.0378,0.0303,1.0181
3329,0.0603,-0.0349,0.9888
3330,0.1890,-0.1870,0.9348
3331,0.0369,-0.3396,0.9541
3332,-0.1233,-0.0444,1.0698
3333,-0.2222,0.0000,0.9192
3334,-0.1655,0.2529,0.9214
3335,-0.1292,0.1499,0.9204
3336,0.0603,0.0950,1.0239
3337,0.1355,0.0496,1.0071
3338,0.1536,-0.1160,0.9546
3339,0.0603,-0.2605,1.0425
3340,-0.0049,-0.2671,1.1350
3341,0.0173,-0.3894,1.0396
3342,0.0566,-0.1804,1.0005
3343,0.0774,0.1594,0.9592
3344,0.0891,0.2827,0.8657
3345,-0.0564,0.3220,0.8391
3346,-0.2227,0.1230,0.8762
3347,-0.3149,-0.1213,0.9536
3348,-0.2212,-0.2314,1.0298
3349,-0.0107,-0.2620,0.9983
3350,0.1472,-0.2039,1.0015
3351,0.2339,0.1274,1.0667
3352,0.2183,0.2615,0.9771
3353,0.0474,0.3276,0.9585
3354,-0.1416,0.2661,1.0151
3355,-0.1045,-0.0310,1.0161
3356,0.0271,-0.3357,1.0083
3357,0.1643,-0.1829,1.0493
3358,0.2212,-0.1367,0.9514
3359,0.1638,0.1174,0.9270
3360,-0.1387,0.1226,0.8862
3361,-0.3875,0.1711,0.9524
3362,-0.4275,-0.0090,0.9290
3363,-0.2415,0.0239,0.9985
3364,-0.0129,-0.0686,0.9771
3365,0.2605,-0.1047,1.0093
3366,0.4163,-0.0828,0.9966
3367,0.2937,-0.0066,0.9995
3368,0.0515,0.1416,0.9907
3369,-0.1423,0.0403,0.9543
3370,-0.1899,0.0361,1.0278
3371,-0.1526,-0.1851,0.9917
3372,0.0488,-0.2017,1.0100
3373,0.1499,-0.1270,0.9807
3374,0.1475,0.0371,0.9309
3375,-0.0254,0.2039,0.8987
3376,-0.2419,0.3342,0.9133
3377,-0.2754,0.2761,0.9087
3378,-0.2417,0.1023,0.9495
3379,-0.1067,-0.1389,1.0405
3380,0.1719,-0.4585,1.0334
3381,0.2800,-0.3726,1.0920
3382,0.2339,-0.0515,1.0725
3383,0.1467,0.0242,0.9673
3384,0.0437,0.1572,1.0044
3385,-0.0735,0.1846,1.0208
3386,-0.0542,0.0442,0.9397
3387,-0.0364,-0.1782,0.8816
3388,0.0005,-0.1494,0.9917
3389,-0.0664,-0.2151,0.9595
3390,-0.1487,-0.2292,0.9067
3391,-0.1523,-0.1125,0.9719
3392,-0.1414,-0.0530,0.9573
3393,-0.1067,0.0710,0.9700
3394,0.0645,0.2302,0.9749
3395,0.1467,0.0637,0.9331
3396,0.1333,0.0754,1.0540
3397,0.0732,0.1531,1.0754
3398,0.1165,-0.0278,0.9438
3399,0.0659,-0.0786,1.0034
3400,0.0742,0.0989,1.0757
3401,0.0601,-0.0820,0.9397
3402,0.0254,0.0581,0.9409
3403,-0.1418,0.0603,0.9387
3404,-0.2151,0.1345,0.9934
3405,-0.2344,0.0288,0.9233
3406,-0.1243,-0.0100,0.9399
3407,-0.0498,-0.0227,0.9778
3408,0.0947,0.1055,0.9946
3409,0.1304,-0.0110,0.9058
3410,0.0769,0.0979,1.0044
3411,0.0044,-0.0012,1.0325
3412,0.0273,-0.1538,1.0305
3413,0.0806,-0.1921,1.0347
3414,0.1370,-0.1470,1.0500
3415,0.1567,-0.1350,0.9934
3416,0.0513,-0.0894,0.9641
3417,-0.0933,-0.0015,0.9534
3418,-0.2634,0.0371,0.9231
3419,-0.2864,0.1616,0.9263
3420,-0.1995,0.0010,0.8635
3421,-0.0862,-0.0754,0.9634
3422,0.0869,-0.0957,1.0054
3423,0.1777,-0.0759,1.0122
3424,0.1729,0.0015,0.9954
3425,0.0330,-0.0396,1.0474
3426,0.0129,-0.0125,1.0913
3427,0.0334,-0.1711,0.9895
3428,0.1155,0.0776,1.0425
3429,0.1167,0.1260,0.9360
3430,0.1772,0.1887,0.9070
3431,-0.0276,0.1660,0.8911
3432,-0.1934,0.1150,0.9241
3433,-0.2649,0.0305,0.9321
3434,-0.2332,-0.0439,0.9475
3435,-0.1450,-0.2356,0.9788
3436,0.0308,-0.2104,1.0276
3437,0.1235,-0.0081,1.0339
3438,0.1572,0.3096,1.0015
3439,0.0654,0.2664,0.9397
3440,-0.0051,0.1614,1.0317
3441,-0.0198,0.0068,1.0532
3442,0.0420,-0.1213,1.0002
3443,0.0830,-0.2197,0.9651
3444,0.1201,-0.2236,1.0103
3445,0.0579,-0.1641,0.9790
3446,-0.0662,-0.0002,0.9114
3447,-0.1533,0.1531,0.8860
3448,-0.1521,0.0225,0.8970
3449,-0.1516,-0.0305,0.9927
3450,-0.1165,-0.0637,0.9907
3451,-0.0276,-0.1628,0.9409
3452,0.0417,-0.1426,0.9897
3453,0.0076,0.0059,1.0559
3454,0.0198,0.1753,1.0337
3455,0.0881,0.2437,0.9438
3456,0.0999,0.0991,0.9897
3457,0.1587,-0.0474,1.0686
3458,0.1914,-0.3298,1.0103
3459,0.1179,-0.1904,0.9827
3460,-0.0725,-0.0469,0.9058
3461,-0.1807,0.1946,0.9329
3462,-0.2913,0.1956,0.8743
3463,-0.2219,0.2800,0.9309
3464,-0.1404,0.1497,0.9348
3465,0.0212,0.0391,0.9702
3466,0.1296,-0.1423,1.0200
3467,0.1177,-0.1643,1.0894
3468,0.0264,-0.1877,1.0745
3469,0.0547,0.0645,1.0774
3470,0.0581,0.1306,0.9885
3471,0.1123,0.0706,0.9666
3472,0.1570,0.0366,0.9878
3473,0.1470,0.0298,0.9456
3474,0.0295,-0.1152,0.8628
3475,-0.1606,-0.0957,0.9543
3476,-0.2292,-0.1353,0.9817
3477,-0.2205,-0.1504,0.9563
3478,-0.1624,-0.0493,0.9800
3479,-0.0535,-0.1021,0.9673
3480,0.0508,-0.1548,1.0002
3481,0.0308,-0.0813,1.0112
3482,0.0051,0.0483,1.0056
3483,0.0183,0.0869,0.9573
3484,0.0916,0.1265,1.0034
3485,0.1211,0.0540,1.0022
3486,0.1748,-0.0090,0.9895
3487,0.1560,-0.0190,0.9836
3488,0.0168,-0.0955,0.9585
3489,-0.1445,-0.0820,1.0024
3490,-0.2744,-0.0762,0.9827
3491,-0.2390,-0.0537,0.9456
3492,-0.1499,0.0073,0.9507
3493,0.0083,0.0581,0.9624
3494,0.1538,0.0754,0.9250
3495,0.1655,0.1716,0.9456
3496,0.0469,0.1892,0.9612
3497,-0.0415,0.0273,0.9709
3498,-0.0574,0.0791,1.0415
3499,-0.0366,-0.0291,1.0190
3500,0.1147,-0.0500,1.0237
3501,0.1492,-0.1230,1.0237
3502,0.1467,0.0039,1.0493
3503,-0.0181,-0.1306,0.9556
3504,-0.1445,0.0107,0.9829
3505,-0.2148,-0.0396,0.9446
3506,-0.1592,0.1604,0.9739
3507,-0.0908,0.1064,0.8804
3508,0.0723,0.1416,0.9536
3509,0.1165,-0.0740,0.9380
3510,0.0676,-0.1987,1.0110
3511,0.0203,-0.1323,1.0588
3512,0.0356,-0.2212,1.0032
3513,0.0244,-0.0903,1.0647
3514,0.0439,0.1345,1.0276
3515,0.1077,0.1550,0.8977
3516,0.0544,0.2102,0.8889
3517,-0.0576,0.0757,0.9341
3518,-0.1311,-0.0488,0.9800
3519,-0.1650,-0.1167,0.9485
3520,-0.0574,-0.1167,0.9553
3521,-0.0151,-0.1902,0.9731
3522,0.0916,-0.0552,1.0374
3523,0.0862,0.0222,0.9819
3524,0.0176,0.1748,0.9546
3525,-0.1008,0.0906,0.9800
3526,-0.0764,0.0349,1.0640
3527,0.0222,-0.0781,1.0127
3528,0.1458,0.0305,1.0481
3529,0.1748,0.0093,0.9746
3530,0.1570,-0.1130,0.9741
3531,0.0215,-0.0698,0.9927
3532,-0.2109,-0.1238,0.9224
3533,-0.2117,-0.0090,0.8999
3534,-0.2041,-0.0083,0.8967
3535,-0.0562,0.1687,0.9692
3536,0.0254,0.0769,0.9045
3537,0.1262,0.2148,0.9683
3538,0.0496,-0.0205,0.9465
3539,-0.0078,-0.0879,1.0647
3540,-0.0908,-0.1248,1.0864
3541,-0.0081,-0.1184,1.0601
3542,0.1033,-0.1008,1.0298
3543,0.1450,-0.0515,1.0432
3544,0.1829,0.0491,0.9934
3545,0.0779,0.1260,0.8794
3546,-0.0994,0.2666,0.8877
3547,-0.2334,0.1111,0.8743
3548,-0.2104,-0.0171,0.9565
3549,-0.1218,-0.1345,0.9524
3550,0.0247,-0.1643,1.0002
3551,0.1836,-0.1147,1.0044
3552,0.1731,-0.1777,0.9985
3553,0.0879,0.1406,1.0520
3554,-0.0940,0.1462,0.9524
3555,-0.1101,0.2048,0.9817
3556,-0.0916,0.0193,1.0042
3557,-0.0071,-0.0115,1.0618
3558,0.0947,-0.1318,0.9517
3559,0.1943,-0.0642,0.9595
3560,0.1104,-0.1287,0.9458
3561,-0.0486,-0.1223,0.9651
3562,-0.1792,0.0652,0.9785
3563,-0.2046,0.0581,0.8804
3564,-0.1736,0.0493,0.9592
3565,-0.0425,0.0845,1.0063
3566,0.1089,0.0452,0.9624
3567,0.1499,0.1787,0.9409
3568,0.0854,0.1394,0.9761
3569,0.0239,0.0496,1.0569
3570,-0.0012,-0.1614,1.0239
3571,-0.0171,-0.1428,1.0864
3572,-0.0081,-0.2288,1.0081
3573,0.0474,-0.2498,0.9878
3574,0.0208,-0.0627,0.9985
3575,-0.0593,-0.0139,0.8931
3576,-0.0498,0.1812,0.9146
3577,-0.0854,0.1357,0.8921
3578,-0.0300,-0.0264,0.9192
3579,-0.0225,-0.0742,0.9800
3580,0.0488,0.0227,0.9788
3581,0.0488,-0.0767,0.9387
3582,-0.0352,0.0564,1.0408
3583,-0.0549,-0.0010,1.0522
3584,0.0139,-0.0315,1.0366
3585,0.0454,-0.0918,1.0247
3586,0.1201,-0.1353,1.0383
3587,0.1238,-0.2175,1.0034
3588,0.0454,-0.0112,0.9863
3589,-0.1150,0.0386,0.8718
3590,-0.2019,0.1409,0.8811
3591,-0.2427,0.0654,0.9124
3592,-0.1162,0.0718,0.9397
3593,-0.0171,-0.0149,0.9329
3594,0.1462,-0.0198,0.9937
3595,0.1975,-0.2175,0.9878
3596,0.1423,-0.0183,1.1045
3597,0.0173,0.0852,1.0325
3598,-0.0205,0.1331,1.0159
3599,-0.0693,0.0312,1.0422
3600,-0.0203,0.0667,1.0903
3601,-0.0051,-0.1416,0.9653
3602,0.0676,-0.1726,0.9351
3603,-0.0098,-0.2327,0.9536
3604,-0.1055,-0.1372,0.9575
3605,-0.1064,-0.0059,0.8596
3606,-0.1047,0.2563,0.8491
3607,-0.0256,0.4231,0.8889
3608,0.0540,0.4207,0.9302
3609,0.0801,0.1648,0.9722
3610,0.0691,-0.1472,1.0337
3611,0.0063,-0.4089,1.1147
3612,0.0093,-0.3335,1.1672
3613,0.0549,-0.3120,1.0425
3614,0.0381,-0.0632,1.0454
3615,0.0630,0.2957,1.0129
3616,0.0200,0.2363,0.8499
3617,-0.0632,0.2078,0.8606
3618,-0.1736,0.0596,0.8870
3619,-0.1680,-0.1438,0.9182
3620,-0.0916,-0.1169,0.9458
3621,0.0149,0.0061,0.9526
3622,0.0906,0.0002,0.9595
3623,0.1519,0.2004,1.0227
3624,0.0974,0.0969,0.9993
3625,-0.0061,0.0312,1.0208
3626,-0.0813,-0.1130,1.0842
3627,-0.0059,-0.1738,1.1028
3628,0.0549,-0.3970,1.0247
3629,0.1392,-0.0903,1.0813
3630,0.1235,-0.0371,0.9124
3631,0.0171,0.1965,0.8723
3632,-0.2373,0.2249,0.8508
3633,-0.2798,0.1499,0.8872
3634,-0.2585,-0.0454,0.9006
3635,-0.1082,-0.0728,0.9817
3636,0.1262,-0.2368,0.9719
3637,0.2549,-0.1768,1.0305
3638,0.2375,0.0010,1.0581
3639,0.1401,0.0835,0.9778
3640,-0.0757,0.1338,1.0142
3641,-0.1409,0.2190,1.0833
3642,-0.0957,-0.0640,0.9749
3643,-0.0496,-0.0496,1.0383
3644,0.0618,-0.1062,0.9907
3645,0.1553,-0.1958,0.9221
3646,-0.0078,-0.0344,0.9524
3647,-0.1079,0.1021,0.9087
3648,-0.1389,0.0688,0.8684
3649,-0.1318,0.2646,0.9319
3650,-0.0371,0.2097,0.9165
3651,0.0906,0.1719,0.9331
3652,0.1091,0.0425,0.9727
3653,0.1028,0.0305,1.0679
3654,-0.0095,-0.1511,1.0542
3655,0.0046,-0.1174,1.1196
3656,0.0623,-0.2263,1.0708
3657,0.0696,-0.1948,1.0845
3658,0.0571,-0.0557,1.0259
3659,-0.0039,-0.1135,0.8950
3660,-0.1062,0.0134,0.8997
3661,-0.2334,0.1057,0.8931
3662,-0.2236,0.0696,0.8635
3663,-0.0623,-0.0298,0.8728
3664,0.0452,-0.1013,0.9702
3665,0.1301,-0.1240,1.0151
3666,0.1543,-0.1223,1.0183
3667,0.1094,-0.1697,0.9915
3668,-0.0515,-0.0911,1.0637
3669,-0.0635,0.2026,1.1069
3670,-0.0051,0.0771,0.9436
3671,0.0752,0.0972,0.9885
3672,0.0742,0.0303,1.0413
3673,0.1060,-0.0874,0.9758
3674,-0.0295,-0.0842,0.8989
3675,-0.2114,-0.0513,0.9399
3676,-0.2751,-0.1035,0.9407
3677,-0.2083,-0.0818,0.9543
3678,-0.0281,0.1589,0.9612
3679,0.1392,0.1233,0.8999
3680,0.2407,0.2419,1.0051
3681,0.2014,0.1326,0.9963
3682,0.0540,0.0164,1.0198
3683,-0.0945,-0.0586,1.0386
3684,-0.0706,-0.1233,1.0601
3685,0.0203,-0.2158,1.0295
3686,0.0420,-0.1331,1.0256
3687,0.1050,-0.0334,0.9399
3688,0.0032,-0.0166,0.8889
3689,-0.1206,0.1821,0.9204
3690,-0.2546,0.1311,0.8713
3691,-0.2080,0.1804,0.9329
3692,-0.0876,-0.0271,0.9368
3693,0.0784,-0.1624,1.0254
3694,0.1489,-0.1313,1.0823
3695,0.2070,-0.0579,1.0171
3696,0.0913,-0.0156,0.9856
3697,-0.0754,0.1021,1.0454
3698,-0.1028,-0.0132,1.0122
3699,-0.0222,-0.0520,1.0005
3700,0.0498,0.0088,1.0054
3701,0.1619,-0.0505,0.9565
3702,0.1619,-0.2046,0.9231
3703,-0.0081,-0.2473,0.9321
3704,-0.2332,-0.1421,0.9651
3705,-0.2944,0.0889,0.9312
3706,-0.2517,0.0435,0.8782
3707,-0.0837,0.1421,0.9888
3708,0.0720,0.1040,1.0171
3709,0.2109,0.0085,1.0051
3710,0.1914,-0.1467,1.0159
3711,0.0669,-0.2861,1.0881
3712,-0.0564,-0.2849,1.1099
3713,-0.0393,-0.0266,1.0100
3714,-0.0039,0.2468,0.9104
3715,0.0930,0.4836,0.8899
3716,0.1572,0.3518,0.8635
3717,0.0693,0.1729,0.8901
3718,-0.1157,-0.0557,0.9087
3719,-0.2737,-0.1697,0.9819
3720,-0.2527,-0.2310,0.9993
3721,-0.1731,-0.1523,1.0542
3722,0.0151,0.1172,1.0591
3723,0.1829,0.1802,0.9692
3724,0.2490,0.2495,1.0103
3725,0.1055,0.1523,0.9858
3726,0.0212,0.0222,1.0190
3727,-0.0327,-0.0718,0.9995
3728,0.0154,-0.2607,0.9602
3729,0.0884,-0.1978,1.0198
3730,0.1226,-0.1265,0.9631
3731,0.0754,-0.1265,0.8782
3732,-0.1589,0.0361,0.9133
3733,-0.2927,0.1721,0.9299
3734,-0.2849,0.0635,0.9055
3735,-0.1057,0.1792,0.9634
3736,0.0439,0.0183,0.9709
3737,0.2427,0.0454,1.0540
3738,0.2412,-0.0908,1.0042
3739,0.1260,-0.0308,1.0784
3740,-0.0881,-0.0200,1.0415
3741,-0.0974,-0.0598,1.0259
3742,-0.0679,-0.1975,1.0005
3743,0.0571,-0.1475,1.0386
3744,0.1931,-0.0750,0.9810
3745,0.1809,0.0190,0.9155
3746,0.0222,-0.0010,0.8645
3747,-0.2410,-0.0630,0.9241
3748,-0.3564,0.0410,0.9758
3749,-0.3103,-0.1401,0.8772
3750,-0.1392,-0.0361,0.9985
3751,0.0583,-0.0112,1.0168
3752,0.2708,-0.0828,0.9912
3753,0.2673,-0.0002,0.9839
3754,0.1294,0.0247,1.0217
3755,-0.0168,0.0952,1.0503
3756,-0.0991,-0.0049,0.9966
3757,-0.0652,0.0720,1.0432
3758,0.0337,0.0020,0.9963
3759,0.1882,0.0786,1.0042
3760,0.1167,-0.0251,0.8997
3761,-0.0627,0.0005,0.9260
3762,-0.2253,-0.1025,0.9387
3763,-0.2754,-0.1826,0.9302
3764,-0.1943,-0.1943,0.9622
3765,-0.0344,-0.0293,0.9878
3766,0.1707,0.0459,0.9526
3767,0.2249,0.1726,0.9651
3768,0.1628,0.1968,0.9888
3769,0.0662,0.0383,1.0103
3770,0.0120,-0.0562,1.0784
3771,-0.0061,-0.2217,1.0452
3772,-0.0256,-0.2402,1.0598
3773,0.0078,-0.0608,1.0247
3774,-0.0352,-0.1062,0.9136
3775,-0.1421,0.1172,0.9390
3776,-0.1982,0.1299,0.8970
3777,-0.1138,0.0681,0.9043
3778,-0.0508,0.0068,0.9075
3779,0.0640,0.1204,1.0154
3780,0.1321,0.1121,0.9514
3781,0.0830,0.0381,0.9456
3782,-0.0503,0.0688,1.0273
3783,-0.1907,0.0286,1.0413
3784,-0.1638,0.0476,1.0325
3785,-0.0679,-0.1094,0.9924
3786,0.1423,-0.0293,1.0864
3787,0.3042,-0.0767,1.0042
3788,0.3564,0.0042,0.9673
3789,0.1658,-0.0122,0.8979
3790,-0.1104,-0.0205,0.9614
3791,-0.2886,0.1406,0.9751
3792,-0.3513,-0.0337,0.8430
3793,-0.2036,0.0527,0.9360
3794,-0.0120,0.0435,0.9749
3795,0.1980,0.0195,0.9895
3796,0.1792,-0.0222,0.9456
3797,0.0977,-0.0562,1.0266
3798,0.0022,-0.1450,1.0823
3799,-0.0488,-0.1321,1.0806
3800,-0.0125,-0.1165,1.0237
3801,0.1038,-0.0923,0.9995
3802,0.2048,0.0615,0.9761
3803,0.0630,0.0393,0.9163
3804,-0.0649,0.1006,0.8977
3805,-0.2390,-0.1675,0.8733
3806,-0.2595,0.0066,1.0081
3807,-0.2375,-0.0540,0.9292
3808,-0.0176,0.0227,0.9631
3809,0.0803,-0.0325,0.9741
3810,0.1665,0.0928,1.0706
3811,0.1028,0.0735,0.9807
3812,0.0320,0.1006,0.9858
3813,-0.0054,0.0139,1.0132
3814,-0.0120,-0.1438,1.0376
3815,0.0642,-0.1199,1.0591
3816,0.1089,-0.2004,0.9204
3817,0.1018,-0.0488,0.9575
3818,-0.0349,0.0767,0.9448
3819,-0.1406,0.1187,0.9143
3820,-0.1748,0.2485,0.9116
3821,-0.1394,0.2815,0.9065
3822,-0.0488,0.0864,0.9375
3823,0.0710,0.0217,1.0210
3824,0.1279,-0.0703,1.0200
3825,0.0513,-0.0801,1.0364
3826,0.0452,-0.0720,1.0364
3827,0.0186,-0.2329,1.0295
3828,0.0542,-0.0686,1.0774
3829,0.0872,0.0491,0.9934
3830,0.1147,0.1936,0.9360
3831,0.0222,0.1316,0.8904
3832,-0.0637,0.0244,0.9604
3833,-0.2319,-0.1238,0.9536
3834,-0.2063,-0.1665,0.9536
3835,-0.1550,-0.1926,0.9438
3836,-0.0720,-0.1345,0.9888
3837,0.0891,0.0085,0.9944
3838,0.1577,0.1433,0.9417
3839,0.1265,0.2073,0.9573
3840,0.0327,0.1079,0.9983
3841,-0.0010,-0.0540,1.0601
3842,-0.0229,-0.2439,1.0562
3843,0.0176,-0.2764,1.0754
3844,0.1021,-0.3052,1.0256
3845,0.0935,-0.2363,0.9963
3846,0.0066,0.0811,0.9419
3847,-0.1406,0.2595,0.8596
3848,-0.1970,0.4031,0.8528
3849,-0.2104,0.0759,0.8589
3850,-0.0710,0.0559,1.0266
3851,0.0081,-0.0920,0.9839
3852,0.1833,-0.1101,0.9702
3853,0.1313,-0.1470,0.9915
3854,0.0669,-0.0308,1.0901
3855,-0.0085,0.0132,1.0308
3856,0.0010,0.1807,0.9995
3857,0.0310,0.0869,0.9702
3858,0.1052,0.0122,1.0142
3859,0.0803,-0.0229,0.9895
3860,0.0127,-0.0300,0.9058
3861,-0.1335,-0.0664,0.9045
3862,-0.2266,-0.0967,0.9680
3863,-0.2302,-0.0330,1.0090
3864,-0.0974,0.0095,0.9436
3865,0.0645,0.0505,0.9475
3866,0.1833,0.1343,1.0103
3867,0.1875,0.0791,0.9780
3868,0.0720,0.1780,0.9875
3869,-0.0811,0.1584,0.9739
3870,-0.0874,-0.0303,0.9976
3871,-0.0400,-0.0613,1.0676
3872,0.0637,-0.1287,1.0405
3873,0.1484,-0.1987,0.9695
3874,0.1086,-0.1445,0.9712
3875,-0.0391,-0.1821,0.9407
3876,-0.1592,-0.0898,0.9663
3877,-0.1980,0.0686,0.9299
3878,-0.1375,0.0374,0.9006
3879,-0.0073,0.2085,0.9761
3880,0.0881,0.0574,0.9573
3881,0.1443,-0.0962,0.9602
3882,0.0549,-0.0845,1.0247
3883,-0.0444,-0.0696,1.0334
3884,-0.0615,-0.1726,0.9878
3885,-0.0142,-0.0603,1.0327
3886,0.0215,-0.0813,1.0120
3887,0.1199,0.0146,0.9907
3888,0.1184,0.0239,0.9077
3889,-0.0171,0.1008,0.9282
3890,-0.1438,0.1570,0.9321
3891,-0.1936,0.1257,0.9290
3892,-0.1582,0.0393,0.9624
3893,-0.0513,-0.0745,1.0093
3894,0.0503,-0.1074,1.0383
3895,0.1587,-0.0977,1.0012
3896,0.1611,-0.0767,0.9758
3897,0.0647,0.0474,1.0210
3898,0.0037,0.2253,1.0051
3899,-0.0322,0.2148,0.9487
3900,-0.0344,0.1821,0.9478
3901,-0.0300,-0.0564,1.0100
3902,0.0105,-0.2278,1.0200
3903,-0.0132,-0.2573,0.9436
3904,-0.0466,0.0447,0.9585
3905,-0.0664,0.0688,0.8755
3906,-0.0715,0.1348,0.9319
3907,-0.0437,0.2620,0.9749
3908,-0.0261,0.1460,0.9165
3909,0.0298,-0.0381,0.9780
3910,0.0754,-0.1267,1.0601
3911,0.0344,-0.2808,1.0784
3912,0.0042,-0.1750,1.0657
3913,0.0447,-0.1240,1.0286
3914,0.0356,-0.0884,1.0129
3915,0.0071,-0.0432,1.0132
3916,0.0447,-0.0427,0.9409
3917,-0.0442,-0.1401,0.8713
3918,-0.0740,-0.0142,0.9155
3919,-0.1301,-0.0500,0.8970
3920,-0.0771,0.1436,0.9497
3921,-0.0122,0.0771,0.9065
3922,0.0701,0.0317,1.0081
3923,0.0581,-0.0693,1.0432
3924,0.0559,-0.1514,1.0308
3925,-0.0217,-0.0681,1.0374
3926,-0.0681,0.0508,1.0063
3927,-0.0190,0.1814,1.0178
3928,0.0840,0.3394,0.9797
3929,0.0664,0.1743,0.9155
3930,0.0703,0.0933,0.9907
3931,-0.0012,-0.1184,0.9585
3932,-0.1023,-0.1411,0.9661
3933,-0.1938,-0.0479,0.9497
3934,-0.1167,-0.0725,0.9546
3935,0.0056,0.0122,0.9797
3936,0.0662,0.2583,1.0210
3937,0.1353,0.2383,0.9399
3938,0.1335,0.0388,0.9163
3939,0.0286,-0.0481,1.0669
3940,-0.0769,-0.2285,1.0374
3941,-0.0881,-0.2778,0.9993
3942,-0.0183,-0.2126,1.0103
3943,0.0381,-0.2209,1.0149
3944,0.0557,-0.0510,1.0063
3945,0.0374,0.1797,0.9116
3946,-0.0359,0.1423,0.8372
3947,-0.1626,0.0215,0.9497
3948,-0.1382,-0.1047,1.0396
3949,-0.0422,-0.3386,0.9836
3950,0.1030,-0.1733,1.0022
3951,0.1426,-0.0229,0.9836
3952,0.1768,0.1843,0.9700
3953,-0.0034,0.2468,0.9163
3954,-0.1108,0.3970,0.9692
3955,-0.1702,0.2090,0.9419
3956,-0.0603,0.1292,1.0266
3957,0.0459,-0.1638,1.0190
3958,0.1482,-0.3269,1.0688
3959,0.0886,-0.2136,1.0537
3960,0.0110,-0.1074,0.9722
3961,-0.1519,0.0957,0.9214
3962,-0.2400,0.1970,0.9133
3963,-0.1021,0.3335,0.9556
3964,0.0100,0.1919,0.8950
3965,0.1580,0.0481,0.9514
3966,0.2344,-0.0774,1.0161
3967,0.1582,-0.1809,1.0210
3968,-0.0127,-0.2119,1.0129
3969,-0.1252,-0.0903,1.0520
3970,-0.1807,-0.1404,1.0115
3971,-0.0632,0.0229,1.0317
3972,-0.0032,0.1460,0.9741
3973,0.1016,0.1194,0.8977
3974,0.1125,0.0833,0.9045
3975,-0.0271,0.0330,0.9436
3976,-0.1455,-0.1353,0.9309
3977,-0.1548,-0.1807,0.9543
3978,-0.0950,-0.0645,0.9946
3979,0.0164,-0.0225,1.0034
3980,0.1396,0.0532,0.9839
3981,0.1296,0.0354,0.9807
3982,0.1086,0.1396,1.0334
3983,-0.0198,-0.0391,0.9739
3984,-0.0457,-0.0454,1.0413
3985,-0.0767,-0.1199,1.0266
3986,-0.0288,-0.1729,1.0210
3987,-0.0205,-0.1450,0.9758
3988,0.0029,-0.0869,0.9497
3989,-0.0249,0.0127,0.9116
3990,-0.1179,0.1287,0.8943
3991,-0.0969,0.2605,0.9241
3992,-0.0647,0.1450,0.8940
3993,0.0161,0.2026,1.0161
3994,0.0691,0.0820,1.0210
3995,0.1758,-0.1926,1.0034
3996,0.1294,-0.2593,1.0554
3997,0.0178,-0.0488,1.1125
3998,-0.0173,0.0081,0.9709
3999,-0.0449,0.0552,0.9397
4000,-0.0691,0.2671,1.0227
4001,-0.0378,0.0728,0.9224
4002,0.0249,-0.0300,0.8879
4003,-0.0195,-0.1677,0.9565
4004,-0.0527,-0.1553,1.0110
4005,-0.0913,-0.2310,0.9553
4006,-0.0496,-0.0239,1.0093
4007,-0.0442,-0.0771,0.9426
4008,0.0232,0.0166,1.0044
4009,0.0435,0.1116,0.9895
4010,0.0706,0.0459,0.9221
4011,0.0408,0.0542,0.9634
4012,-0.0002,0.2075,1.0220
4013,0.0227,0.0339,0.9653
4014,0.0417,-0.0681,0.9780
4015,0.0591,-0.0510,1.0610
4016,0.0652,-0.0552,1.0317
4017,0.0005,-0.1047,0.9409
4018,-0.1240,0.0093,0.9712
4019,-0.1802,0.0996,0.9829
4020,-0.1079,0.0200,0.9253
4021,-0.0149,0.0691,0.9429
4022,0.0696,0.1182,0.9702
4023,0.1392,0.0300,0.9487
4024,0.1172,0.0181,0.9468
4025,0.0146,0.0435,1.0139
4026,-0.0537,0.0325,1.0090
4027,-0.0730,-0.1702,1.0071
4028,0.0286,-0.2209,1.0552
4029,0.0884,-0.3301,1.0366
4030,0.1282,-0.1316,1.0239
4031,0.0381,0.0349,0.9038
4032,-0.1023,0.1204,0.9087
4033,-0.2844,0.1372,0.9299
4034,-0.2576,0.0730,0.9602
4035,-0.1011,-0.0237,0.9368
4036,0.0627,-0.1682,0.9829
4037,0.2300,-0.1543,1.0579
4038,0.2693,-0.1841,1.0142
4039,0.1479,-0.0483,1.0061
4040,-0.0620,0.0708,0.9573
4041,-0.1667,0.2908,1.0071
4042,-0.1384,0.3459,0.9485
4043,-0.0288,0.0532,0.9116
4044,0.1140,-0.1086,1.0220
4045,0.1636,-0.2363,1.0237
4046,0.0864,-0.2522,0.9661
4047,-0.1003,-0.0776,0.9585
4048,-0.2156,0.0806,0.9907
4049,-0.2349,0.0862,0.9478
4050,-0.1431,0.2905,0.9790
4051,0.0051,0.2783,0.9077
4052,0.1643,0.0615,0.9048
4053,0.2095,0.0066,1.0413
4054,0.1038,-0.1453,1.0308
4055,0.0469,-0.1543,1.0374
4056,-0.0320,-0.1135,1.0259
4057,0.0059,-0.1082,1.0188
4058,0.0039,-0.0359,1.0078
4059,0.0266,0.0247,0.9553
4060,-0.0059,-0.0537,0.8997
4061,-0.1099,0.0132,0.9565
4062,-0.1770,0.0264,0.9429
4063,-0.1311,-0.0452,0.8911
4064,-0.0713,-0.0112,0.9536
4065,-0.0056,-0.0056,0.9946
4066,0.0903,-0.0200,1.0005
4067,0.0996,-0.0671,0.9846
4068,0.0503,-0.1729,1.0151
4069,0.0085,-0.0273,1.0864
4070,0.0439,0.1250,1.0210
4071,0.0942,0.1809,0.9438
4072,0.1108,0.0935,0.9670
4073,0.1111,0.0425,0.9954
4074,0.0171,-0.0159,0.9622
4075,-0.1848,0.0610,0.9124
4076,-0.2817,-0.0090,0.8950
4077,-0.2744,0.0581,0.9827
4078,-0.1670,0.0801,0.9836
4079,0.0552,0.1174,0.9612
4080,0.2102,0.1050,0.9888
4081,0.2861,-0.0830,0.9934
4082,0.1748,-0.2786,1.0315
4083,0.0139,-0.0637,1.0833
4084,-0.0608,-0.0864,0.9827
4085,-0.0605,0.0227,0.9875
4086,-0.0522,0.0715,1.0034
4087,0.0398,0.0525,0.9758
4088,0.0027,-0.0425,0.9126
4089,-0.0103,-0.0298,0.9380
4090,-0.1243,-0.2107,0.9341
4091,-0.1226,-0.2039,0.9995
4092,-0.0923,-0.2649,0.9663
4093,-0.0024,-0.0413,0.9858
4094,0.0273,0.0049,0.9539
4095,0.1042,0.1445,0.9653
4096,0.0488,0.1558,0.9546
4097,-0.0115,0.2244,1.0061
4098,-0.0037,-0.0212,0.9885
4099,0.0994,-0.1167,1.0542
4100,0.1035,-0.2380,1.0640
4101,0.1311,-0.1372,1.0491
4102,0.0854,-0.1262,0.9321
4103,-0.0732,0.1377,0.9644
4104,-0.2322,0.1714,0.9231
4105,-0.2844,0.0776,0.8772
4106,-0.2234,0.0229,0.9263
4107,-0.0588,0.0579,0.9709
4108,0.0962,-0.0300,0.9585
4109,0.1682,-0.0120,0.9917
4110,0.1902,-0.0330,1.0034
4111,0.0493,0.0371,1.0542
4112,-0.0176,0.1562,1.0269
4113,-0.0022,0.0693,0.9973
4114,0.0591,0.0356,1.0171
4115,0.1086,-0.1287,1.0103
4116,0.1487,-0.1008,1.0044
4117,0.0288,-0.1997,0.8928
4118,-0.1470,-0.0867,0.9487
4119,-0.3054,0.0747,0.9612
4120,-0.2986,0.0039,0.9045
4121,-0.1655,-0.0232,0.9292
4122,0.0151,0.0266,0.9946
4123,0.2036,0.0752,1.0022
4124,0.2378,0.0737,0.9290
4125,0.1313,0.1206,0.9973
4126,-0.0522,0.1353,1.0571
4127,-0.0769,-0.0256,1.0356
4128,-0.0222,-0.1814,1.0444
4129,0.1040,-0.3579,1.0667
4130,0.2327,-0.4226,1.0605
4131,0.2073,-0.2900,1.0015
4132,0.0024,-0.0244,0.9036
4133,-0.2166,0.3508,0.8518
4134,-0.4175,0.5029,0.8306
4135,-0.3589,0.3372,0.8394
4136,-0.2188,-0.0303,0.9214
4137,0.0596,-0.0657,1.0483
4138,0.2456,-0.3677,0.9739
4139,0.3335,-0.2593,1.0725
4140,0.1323,-0.1792,1.0881
4141,0.0491,0.1343,1.1294
4142,-0.0579,0.1848,0.9790
4143,-0.0291,0.3269,0.9963
4144,0.0249,0.2373,0.9771
4145,0.1243,0.0376,0.9292
4146,0.0398,-0.1846,0.9075
4147,-0.0999,-0.1777,0.9536
4148,-0.2061,-0.1416,0.9368
4149,-0.2563,-0.0559,0.9224
4150,-0.1614,0.0659,0.9341
4151,0.0010,0.0308,0.9722
4152,0.1694,0.1042,1.0090
4153,0.1938,0.0972,1.0051
4154,0.1240,0.0300,0.9866
4155,-0.0029,-0.0952,1.0266
4156,-0.0300,-0.0657,1.0833
4157,-0.0503,-0.0967,1.0093
4158,0.0205,0.0198,1.0032
4159,0.0933,-0.0938,0.9250
4160,0.0737,-0.0901,0.9651
4161,-0.0215,0.0432,0.9485
4162,-0.0833,-0.0315,0.8901
4163,-0.1218,-0.0295,0.9312
4164,-0.1255,-0.0566,1.0093
4165,-0.0562,0.0181,0.9888
4166,-0.0339,-0.0066,0.9302
4167,0.0276,0.1294,0.9849
4168,-0.0293,-0.0210,0.9722
4169,-0.0234,0.0481,1.0786
4170,0.0437,0.0623,1.0061
4171,0.1431,0.0735,0.9956
4172,0.2258,0.0605,1.0093
4173,0.2102,-0.1633,1.0063
4174,0.0977,-0.2878,0.9897
4175,-0.1404,-0.1770,0.9675
4176,-0.2510,0.0398,0.9487
4177,-0.3091,-0.1201,0.8550
4178,-0.1958,0.0020,0.9800
4179,-0.0549,0.0110,0.9673
4180,0.1555,0.0059,0.9302
4181,0.1826,-0.0168,0.9216
4182,0.1077,0.0117,1.0356
4183,-0.0171,-0.0950,1.0334
4184,-0.0439,-0.1165,1.0383
4185,-0.0259,-0.0359,1.0581
4186,0.1257,-0.0024,1.0073
4187,0.2244,0.0356,0.9829
4188,0.1731,0.1282,0.9751
4189,0.0361,0.0254,0.9192
4190,-0.1501,0.0369,0.9543
4191,-0.2732,0.0396,0.9553
4192,-0.2458,-0.0952,0.9250
4193,-0.1440,-0.0540,0.9683
4194,0.0115,-0.0054,0.9888
4195,0.1370,-0.0601,0.9485
4196,0.0979,0.0005,0.9778
4197,0.0327,0.1177,1.0444
4198,0.0051,0.0154,0.9729
4199,-0.0466,-0.0718,1.0208
4200,0.0605,-0.0071,1.0491
4201,0.1157,-0.0657,0.9944
4202,0.1355,0.0520,0.9749
4203,0.0610,-0.0823,0.9211
4204,-0.0417,0.0200,1.0103
4205,-0.1426,-0.0352,0.9563
4206,-0.1106,-0.0940,0.9368
4207,-0.0991,-0.1143,0.9399
4208,-0.0085,0.0474,0.9907
4209,0.0645,0.0698,0.9175
4210,-0.0378,0.0789,0.9143
4211,-0.0754,0.1953,1.0103
4212,-0.1177,0.0806,0.9817
4213,-0.0513,0.0063,1.0171
4214,0.0696,-0.0979,1.0305
4215,0.2600,-0.1340,1.0825
4216,0.2456,-0.1599,1.0237
4217,0.1528,0.0237,1.0002
4218,-0.0637,0.0745,0.9163
4219,-0.2832,0.2107,0.9319
4220,-0.2905,0.1860,0.9126
4221,-0.2114,-0.0669,0.8950
4222,-0.0005,-0.0752,0.9995
4223,0.2012,-0.1218,0.9810
4224,0.2505,-0.1113,0.9734
4225,0.1221,-0.0432,0.9751
4226,-0.0559,0.0764,1.0432
4227,-0.1882,0.0354,0.9915
4228,-0.1802,-0.0017,0.9976
4229,-0.0227,0.0032,1.0051
4230,0.1572,-0.0952,0.9885
4231,0.2625,-0.0579,0.9919
4232,0.1506,-0.0742,0.9380
4233,0.0110,0.0691,0.9741
4234,-0.1841,-0.0549,0.9114
4235,-0.2517,-0.0037,0.9895
4236,-0.2271,-0.0647,0.9712
4237,-0.0544,-0.0125,0.9915
4238,0.0793,-0.0049,0.9604
4239,0.1543,0.0242,0.9817
4240,0.0918,0.0547,1.0093
4241,0.0398,-0.0144,1.0129
4242,0.0022,-0.0764,1.0327
4243,-0.0146,-0.0698,1.0200
4244,-0.0073,-0.0349,1.0002
4245,0.0544,0.1321,0.9456
4246,0.0012,0.1001,0.8706
4247,-0.0452,0.0369,0.9426
4248,-0.0649,0.0571,0.9604
4249,-0.0366,-0.0540,0.9495
4250,-0.0078,0.0696,0.9563
4251,0.0305,0.0234,0.9800
4252,0.0745,0.0017,0.9956
4253,-0.0535,-0.0732,1.0103
4254,-0.0854,0.1040,1.0396
4255,-0.1455,-0.0513,0.9609
4256,-0.0398,0.0330,1.0325
4257,0.0764,-0.1655,0.9778
4258,0.1982,0.0735,1.0579
4259,0.1877,0.0771,0.9263
4260,0.1362,0.0232,0.9094
4261,-0.1079,0.0056,0.9683
4262,-0.2278,0.0232,0.9875
4263,-0.2273,-0.0803,0.9084
4264,-0.1223,-0.0767,0.9624
4265,0.0366,-0.0940,1.0239
4266,0.1760,-0.0908,0.9976
4267,0.1746,-0.0608,0.9739
4268,0.0542,-0.0061,0.9622
4269,-0.0630,0.0735,1.0002
4270,-0.1516,0.1265,1.0034
4271,-0.1260,0.0776,0.9729
4272,0.0125,-0.0781,0.9849
4273,0.1228,-0.1921,1.0220
4274,0.1599,-0.1558,1.0171
4275,0.1121,-0.1460,0.9417
4276,-0.0583,-0.0220,0.9272
4277,-0.1731,0.1621,0.9878
4278,-0.1938,0.1580,0.9380
4279,-0.1357,-0.0295,0.9302
4280,0.0417,0.0134,1.0220
4281,0.1362,-0.0925,0.9924
4282,0.1621,0.0786,0.9944
4283,0.0635,0.1592,0.9692
4284,-0.0527,0.1123,0.9888
4285,-0.0986,-0.0664,1.0203
4286,-0.0806,-0.1221,1.0442
4287,0.0237,-0.2495,0.9729
4288,0.0830,-0.0718,0.9749
4289,0.0615,0.1306,0.9016
4290,-0.0535,0.2756,0.8860
4291,-0.0984,0.3386,0.8850
4292,-0.1201,0.1265,0.9360
4293,-0.0261,0.0144,1.0396
4294,0.0356,-0.3279,1.0220
4295,0.1560,-0.3394,1.0754
4296,0.0916,-0.2229,1.0540
4297,0.0044,0.1094,1.0588
4298,-0.0867,0.1541,0.9299
4299,-0.0833,0.2310,0.9819
4300,-0.0083,0.1282,0.9788
4301,0.0759,-0.1050,0.9485
4302,0.1099,-0.2537,0.9487
4303,0.0876,-0.2766,0.9424
4304,-0.0327,-0.1685,0.9722
4305,-0.2083,0.0081,0.9285
4306,-0.1880,0.1323,0.9497
4307,-0.1306,0.1726,0.9592
4308,-0.0073,0.1121,1.0061
4309,0.1821,0.0632,1.0208
4310,0.2073,-0.1641,0.9829
4311,0.1489,-0.1812,1.0510
4312,-0.0098,-0.1445,1.0435
4313,-0.1228,-0.0012,1.0208
4314,-0.1436,0.0129,0.9272
4315,-0.0884,0.1221,0.9858
4316,-0.0032,0.1357,0.9377
4317,0.0557,0.0879,0.9111
4318,0.0454,0.0833,0.8977
4319,-0.0464,-0.0923,0.9312
4320,-0.0618,-0.0588,1.0227
4321,-0.0950,-0.1184,0.9946
4322,0.0259,-0.0056,1.0178
4323,0.0386,-0.0554,1.0027
4324,0.1448,0.0703,1.0540
4325,0.0654,-0.0750,0.9937
4326,0.0452,0.0476,1.0386
4327,-0.0288,-0.1443,0.9868
4328,0.0376,-0.0925,1.0325
4329,-0.0046,-0.1677,0.9507
4330,-0.0200,0.1521,0.9651
4331,-0.0801,0.2002,0.8364
4332,-0.1326,0.2112,0.8435
4333,-0.2202,0.0830,0.9312
4334,-0.1445,0.0486,0.9778
4335,-0.0098,-0.1167,0.9634
4336,0.1484,-0.0398,1.0500
4337,0.2466,-0.2373,1.0208
4338,0.2036,-0.0889,1.1096
4339,0.0833,0.1255,1.0325
4340,-0.0781,0.0945,0.9124
4341,-0.1536,0.1499,1.0063
4342,-0.1055,0.0098,0.9858
4343,-0.0122,-0.1562,1.0017
4344,0.0476,-0.0396,0.9653
4345,0.1199,-0.2366,0.8882
4346,0.0271,-0.1287,0.9849
4347,-0.1255,-0.0645,0.9634
4348,-0.1465,0.0254,0.9233
4349,-0.1282,0.1133,0.9165
4350,0.0017,0.1409,0.9788
4351,0.1169,-0.0171,0.9788
4352,0.1558,-0.0425,1.0295
4353,0.0874,-0.0657,1.0217
4354,-0.0020,0.0015,1.0149
4355,-0.0940,-0.0056,1.0100
4356,-0.0583,0.0283,1.0208
4357,-0.0029,0.0381,0.9944
4358,0.0334,0.0894,0.9927
4359,0.0530,0.1353,0.9468
4360,-0.0010,-0.0562,0.9016
4361,-0.0845,0.0034,0.9585
4362,-0.1687,0.0862,0.9651
4363,-0.0835,0.1472,0.9358
4364,-0.0210,-0.0417,0.9170
4365,0.0818,-0.0840,1.0393
4366,0.1643,-0.1360,1.0247
4367,0.1460,0.0059,0.9924
4368,0.0256,0.0596,0.9448
4369,-0.0356,0.1194,1.0110
4370,-0.1021,0.0576,1.0425
4371,-0.0540,-0.1208,0.9878
4372,0.0344,-0.1575,1.0015
4373,0.0774,-0.0959,0.9700
4374,0.0640,-0.1497,0.9302
4375,-0.0398,0.0444,0.9436
4376,-0.1970,0.1670,0.9084
4377,-0.2185,0.3550,0.9185
4378,-0.1484,0.2417,0.9155
4379,0.0154,-0.0068,0.9888
4380,0.1890,-0.2651,1.0500
4381,0.2512,-0.2058,1.1040
4382,0.1812,-0.1699,1.0051
4383,0.0208,-0.0601,1.0100
4384,-0.1023,0.0166,1.0581
4385,-0.1431,0.0234,1.0171
4386,-0.0640,0.0249,0.9458
4387,0.0205,-0.0471,0.9116
4388,0.1067,-0.0823,0.9331
4389,0.0203,-0.0833,0.9321
4390,-0.0798,-0.0378,0.9072
4391,-0.1790,-0.0300,0.9224
4392,-0.1543,0.0864,0.9875
4393,-0.0591,0.0413,0.9905
4394,0.0872,0.0232,0.9985
4395,0.1453,-0.0710,1.0083
4396,0.1770,0.0364,1.0513
4397,0.0598,0.0225,1.0024
4398,-0.0117,0.0420,0.9829
4399,-0.0510,-0.0215,0.9927
4400,0.0068,0.1260,1.0483
4401,0.0068,0.1760,0.9475
4402,0.0115,0.1152,0.9106
4403,-0.0364,-0.0713,0.9368
4404,-0.1233,-0.1499,0.9924
4405,-0.1846,-0.1851,0.9788
4406,-0.0977,-0.0127,0.9497
4407,-0.0481,0.0640,0.9729
4408,-0.1370,0.1492,1.1157
4409,-0.1284,0.0845,0.9634
4410,-0.1338,0.3413,0.8794
4411,-0.1399,1.2798,0.8394
4412,-0.0625,1.6133,0.6519
4413,0.0100,1.9998,0.8557
4414,-0.0774,1.9998,1.0112
4415,0.0435,1.9729,1.0784
4416,0.1096,1.4888,1.0737
4417,0.2329,0.8831,1.1741
4418,0.3657,0.5872,1.2034
4419,0.4038,0.8967,1.1125
4420,0.2783,1.3440,0.9446
4421,0.0798,1.5881,0.8088
4422,-0.0801,1.2087,0.8108
4423,-0.2939,0.3904,0.9045
4424,-0.2046,-0.3669,0.9761
4425,0.0088,-0.6599,0.9341
4426,0.2200,-0.2798,0.7957
4427,0.0940,-0.5320,0.7915
4428,0.0261,-0.8306,1.1829
4429,-0.3408,-0.8560,1.2141
4430,-0.5476,-0.9380,1.1506
4431,-0.5151,-1.0886,0.9556
4432,-0.3237,-1.2185,1.0503
4433,0.0093,-0.5957,1.1233
4434,0.2214,-0.3928,0.7983
4435,0.3225,-0.1724,0.7632
4436,0.1216,-0.2893,0.8931
4437,-0.0767,-0.4292,1.0559
4438,-0.3699,-0.3696,0.9397
4439,-0.3308,0.1694,0.9241
4440,-0.2112,0.4912,0.8921
4441,0.0044,0.9106,1.0200
4442,0.1133,1.1516,1.0227
4443,0.2466,1.2122,0.9456
4444,0.2007,1.0862,0.9758
4445,0.1194,0.7766,1.0706
4446,0.0718,0.2639,1.0852
4447,0.0945,0.1370,1.1028
4448,0.1543,0.2834,1.0862
4449,0.1992,0.1750,0.9807
4450,0.1680,-0.1626,0.9897
4451,0.0876,-0.1436,1.0415
4452,-0.0674,0.0444,0.9595
4453,-0.1606,0.1267,0.7473
4454,-0.2349,-0.0891,0.7505
4455,-0.2634,-0.1870,0.9690
4456,-0.1831,-0.4536,0.9641
4457,-0.0374,-0.5984,0.9106
4458,0.1396,-0.6191,0.9290
4459,0.2915,-0.6587,1.0266
4460,0.2485,-0.4263,1.1047
4461,0.1082,-0.0178,1.0315
4462,-0.0588,0.3284,0.9768
4463,-0.1904,0.4893,1.0161
4464,-0.2180,0.3843,1.0562
4465,-0.1160,0.3140,1.0432
4466,0.0022,0.1936,0.9702
4467,0.1379,0.0876,0.9709
4468,0.1309,-0.0151,0.9973
4469,-0.0115,-0.0581,1.0005
4470,-0.0872,-0.0110,0.9407
4471,-0.0901,0.0417,0.9143
4472,-0.0330,0.0007,0.9233
4473,0.0415,0.0229,0.9641
4474,0.0959,0.0544,0.9702
4475,0.0901,0.0190,0.9585
4476,0.0161,-0.0530,1.0198
4477,-0.0459,-0.1509,1.0540
4478,-0.1067,-0.2576,1.0278
4479,-0.0886,-0.2390,0.9966
4480,0.0156,-0.1968,0.9573
4481,0.0449,-0.0491,0.9700
4482,0.0759,0.0181,0.9016
4483,0.0474,0.0776,0.9038
4484,-0.0518,0.3196,0.9573
4485,-0.0781,0.2617,0.9067
4486,-0.0825,0.1367,0.9534
4487,-0.0769,0.0742,1.0471
4488,0.0210,0.0217,1.0774
4489,0.0449,-0.0933,1.0364
4490,0.0732,-0.1194,1.0706
4491,0.0691,-0.1902,1.0679
4492,0.0537,-0.0945,1.0266
4493,0.0293,-0.0381,0.9175
4494,0.0002,0.0432,0.8704
4495,-0.0623,0.0498,0.8892
4496,-0.0906,0.0957,0.8918
4497,-0.1035,0.0356,0.8774
4498,-0.0857,0.0632,0.9456
4499,0.0103,-0.0525,0.9780
4500,0.0583,-0.0728,1.0500
4501,0.0591,-0.0703,1.0608
4502,0.0669,-0.0950,1.0481
4503,0.0166,-0.0144,1.0571
4504,-0.0083,0.0579,1.0344
4505,0.0120,0.0581,0.9868
4506,-0.0002,0.0698,0.9553
4507,0.0520,0.1338,0.9517
4508,0.0071,0.0325,0.9231
4509,-0.0688,-0.0442,0.9309
4510,-0.0947,-0.0642,0.9651
4511,-0.1189,-0.0854,0.9514
4512,-0.0972,-0.1797,0.9653
4513,-0.0198,-0.0823,1.0129
4514,0.0630,-0.0730,0.9973
4515,0.1150,-0.0020,0.9751
4516,0.0874,0.0120,0.9856
4517,0.0930,0.0642,0.9985
4518,-0.0215,-0.0037,0.9731
4519,-0.0632,0.1140,1.0061
4520,-0.0710,-0.0271,0.9341
4521,-0.0493,0.0044,0.9827
4522,-0.0203,0.0317,0.9839
4523,0.0308,0.0015,0.9456
4524,0.0027,-0.0037,0.9690
4525,0.0388,0.0911,0.9954
4526,0.0017,0.0022,0.9526
4527,0.0120,0.0820,0.9856
4528,0.0100,0.0229,0.9849
4529,-0.0054,0.0054,1.0110
4530,-0.0417,-0.0227,1.0110
4531,-0.0374,-0.0525,0.9885
4532,-0.0417,-0.1011,0.9702
4533,0.0220,-0.0254,0.9917
4534,0.0300,-0.0889,0.9417
4535,0.0488,-0.0210,0.9622
4536,0.0425,0.0168,0.9338
4537,-0.0142,0.0291,0.9426
4538,-0.0808,0.0464,0.9429
4539,-0.0989,0.0195,0.9604
4540,-0.0627,0.0435,0.9976
4541,-0.0208,-0.0088,0.9934
4542,0.0532,-0.0181,1.0286
4543,0.0754,-0.0674,1.0151
4544,0.0818,-0.0190,1.0493
4545,0.0378,-0.0369,1.0054
4546,-0.0061,-0.0547,0.9807
4547,-0.0430,0.0059,0.9788
4548,-0.0552,-0.0066,0.9358
4549,-0.0232,-0.0222,0.9243
4550,-0.0117,0.0349,0.9329
4551,-0.0164,-0.0007,0.9387
4552,0.0061,-0.0266,0.9426
4553,-0.0217,-0.0068,0.9790
4554,-0.0312,-0.0132,0.9888
4555,0.0085,-0.0132,1.0034
4556,0.0042,-0.0156,1.0139
4557,0.0334,0.0010,1.0149
4558,0.0369,0.0352,1.0002
4559,0.0217,0.0081,0.9771
4560,0.0251,0.0405,0.9827
4561,-0.0051,0.0483,0.9614
4562,-0.0310,0.0022,0.9553
4563,-0.0317,0.0288,0.9702
4564,-0.0454,-0.0244,0.9583
4565,-0.0127,0.0176,0.9810
4566,-0.0171,-0.0405,0.9565
4567,0.0098,-0.0186,0.9846
4568,0.0154,-0.0200,0.9890
4569,0.0107,0.0078,0.9966
4570,-0.0105,-0.0276,0.9807
4571,-0.0144,0.0105,1.0042
4572,-0.0293,-0.0154,0.9797
4573,-0.0183,-0.0115,0.9778
4574,-0.0061,-0.0354,0.9702
4575,0.0273,-0.0012,0.9778
4576,0.0642,-0.0107,0.9585
4577,0.0269,-0.0276,0.9575
4578,-0.0015,0.0283,0.9807
4579,-0.0530,0.0056,0.9731
4580,-0.0842,-0.0010,0.9768
4581,-0.0813,0.0103,0.9944
4582,-0.0415,-0.0090,0.9897
4583,0.0374,-0.0342,0.9946
4584,0.0557,-0.0103,1.0061
4585,0.0815,-0.0496,0.9888
4586,0.0508,-0.0320,0.9905
4587,0.0107,-0.0005,0.9934
4588,-0.0178,-0.0417,0.9536
4589,-0.0759,-0.0117,0.9722
4590,-0.0400,0.0476,0.9517
4591,-0.0105,-0.0173,0.9250
4592,-0.0239,0.0430,0.9692
4593,-0.0107,0.0044,0.9810
4594,0.0244,0.0203,0.9839
4595,-0.0227,-0.0076,0.9790
4596,0.0344,0.0400,1.0278
4597,0.0254,-0.0745,0.9839
4598,0.0146,0.0186,1.0364
4599,0.0154,0.0139,0.9829
4600,-0.0112,-0.0432,0.9651
4601,-0.0383,0.0266,1.0044
4602,-0.0320,0.0127,0.9670
4603,-0.0244,-0.0249,0.9487
4604,-0.0571,0.0222,0.9485
4605,0.0264,0.0139,0.9651
4606,0.0356,-0.0540,0.9399
4607,0.0024,-0.0022,1.0090
4608,0.0300,-0.0024,0.9839
4609,-0.0083,-0.0784,0.9790
4610,-0.0254,0.0410,1.0256
4611,-0.0051,-0.0735,0.9663
4612,-0.0017,-0.0261,1.0034
4613,-0.0168,0.0005,0.9768
4614,0.0356,-0.0073,0.9790
4615,-0.0317,-0.0410,0.9563
4616,-0.0186,0.0332,0.9963
4617,-0.0139,-0.0220,0.9536
4618,-0.0122,-0.0076,0.9612
4619,0.0137,0.0266,0.9810
4620,-0.0088,-0.0374,0.9780
4621,-0.0098,-0.0176,0.9827
4622,-0.0281,-0.0039,0.9905
4623,-0.0154,0.0339,0.9944
4624,0.0200,-0.0808,0.9583
4625,0.0618,0.0601,1.0308
4626,0.0195,-0.0203,0.9673
4627,0.0364,-0.0166,0.9563
4628,-0.0332,0.0229,0.9817
4629,-0.0322,0.0408,0.9778
4630,-0.0439,-0.0874,0.9468
4631,0.0000,0.0693,1.0149
4632,0.0278,0.0007,0.9507
4633,0.0293,-0.0005,0.9761
4634,-0.0049,0.0071,0.9888
4635,-0.0374,-0.0151,0.9885
4636,-0.0359,-0.0144,0.9866
4637,-0.0312,0.0173,0.9966
4638,0.0129,-0.0381,0.9788
4639,0.0122,-0.0422,0.9827
4640,0.0400,0.0068,0.9866
4641,-0.0371,-0.0198,0.9648
4642,-0.0032,0.0020,0.9712
4643,-0.0396,-0.0520,0.9526
4644,-0.0063,0.0427,1.0063
4645,0.0127,-0.0479,0.9426
4646,0.0459,-0.0073,0.9934
4647,-0.0339,-0.0083,0.9924
4648,-0.0400,-0.0566,0.9858
4649,-0.0337,-0.0127,0.9692
4650,-0.0671,-0.0378,0.9861
4651,-0.0112,-0.0005,1.0042
4652,0.0181,-0.0469,0.9641
4653,0.0906,0.0649,1.0012
4654,0.0830,-0.0276,0.9407
4655,0.0776,0.0139,1.0042
4656,-0.0195,-0.0051,0.9729
4657,-0.0942,0.0042,0.9778
4658,-0.0989,-0.0281,0.9614
4659,-0.0864,-0.0125,0.9817
4660,-0.0137,-0.0154,0.9819
4661,0.0747,-0.0183,0.9592
4662,0.0918,-0.0100,0.9817
4663,0.0544,0.0105,0.9895
4664,0.0298,-0.0049,0.9915
4665,-0.0752,-0.0181,0.9573
4666,-0.0769,0.0215,0.9895
4667,-0.0498,-0.0215,0.9670
4668,-0.0063,-0.0144,0.9768
4669,0.0708,0.0693,0.9895
4670,0.0630,-0.0518,0.9546
4671,0.0244,0.0020,1.0044
4672,-0.0322,0.0452,0.9817
4673,-0.0906,-0.0408,0.9651
4674,-0.0872,-0.0332,0.9709
4675,-0.0083,0.0137,1.0110
4676,0.0305,-0.0093,0.9692
4677,0.1008,-0.0544,0.9524
4678,0.0989,0.0090,0.9966
4679,0.0400,-0.0046,0.9885
4680,-0.0454,-0.0415,0.9504
4681,-0.1301,-0.0327,0.9810
4682,-0.1326,-0.0093,0.9827
4683,-0.0876,-0.0623,0.9670
4684,0.0112,0.0273,0.9917
4685,0.0972,-0.0312,0.9502
4686,0.1270,-0.0015,0.9875
4687,0.0808,0.0137,1.0012
4688,0.0327,-0.0125,0.9768
4689,-0.0835,-0.0125,0.9771
4690,-0.0928,0.0117,1.0044
4691,-0.0991,-0.0671,0.9614
4692,-0.0503,0.0000,0.9927
4693,0.0212,-0.0010,0.9739
4694,0.1086,-0.0193,0.9556
4695,0.1006,0.0032,0.9758
4696,0.0605,0.0408,0.9858
4697,0.0103,-0.0422,0.9407
4698,-0.0496,0.0229,1.0034
4699,-0.0916,0.0010,0.9807
4700,-0.0811,-0.0859,0.9612
4701,-0.0496,0.0146,0.9976
4702,0.0256,-0.0037,0.9729
4703,0.0642,-0.0476,0.9634
4704,0.0457,0.0166,1.0024
4705,0.0513,0.0408,0.9856
4706,-0.0129,-0.0088,0.9575
4707,-0.0752,0.0156,0.9944
4708,-0.0652,0.0010,0.9944
4709,-0.0413,-0.0327,0.9827
4710,0.0166,-0.0181,0.9741
4711,0.0869,-0.0039,0.9810
4712,0.0820,-0.0459,0.9709
4713,0.0193,-0.0212,0.9700
4714,-0.0498,0.0281,0.9778
4715,-0.1294,-0.0217,0.9497
4716,-0.1121,0.0037,0.9868
4717,-0.0625,-0.0044,0.9878
4718,0.0410,-0.0364,0.9858
4719,0.1091,-0.0259,0.9858
4720,0.1135,-0.0210,1.0015
4721,0.0508,-0.0488,0.9709
4722,-0.0259,-0.0210,0.9839
4723,-0.0771,-0.0061,0.9780
4724,-0.1152,-0.0334,0.9602
4725,-0.0405,0.0544,0.9924
4726,0.0005,-0.0032,0.9458
4727,0.0354,0.0205,0.9829
4728,0.0718,0.0139,0.9817
4729,0.0369,-0.0166,0.9817
4730,0.0183,0.0085,0.9878
4731,0.0093,-0.0679,0.9722
4732,-0.0488,-0.0312,1.0171
4733,-0.0540,0.0244,0.9829
4734,-0.0396,-0.0513,0.9487
4735,-0.0181,0.0256,0.9731
4736,0.0176,0.0139,0.9778
4737,0.0510,0.0164,0.9663
4738,0.0288,0.0208,0.9653
4739,0.0129,0.0327,0.9829
4740,-0.0188,-0.0435,0.9822
4741,-0.0278,0.0081,1.0139
4742,-0.0315,-0.0625,0.9749
4743,0.0159,-0.0105,1.0083
4744,-0.0122,-0.0615,0.9670
4745,-0.0007,0.0017,0.9810
4746,0.0046,0.0349,0.9556
4747,-0.0161,0.0017,0.9517
4748,-0.0127,0.0281,1.0012
4749,-0.0117,-0.0049,0.9709
4750,-0.0251,-0.0520,0.9800
4751,0.0115,0.0271,1.0002
4752,-0.0359,-0.0854,0.9731
4753,-0.0491,-0.0576,1.0071
4754,-0.0476,-0.0359,0.9827
4755,-0.0215,-0.0186,0.9702
4756,0.0273,-0.0037,0.9631
4757,0.0691,0.0366,0.9885
4758,0.0564,0.0168,0.9634
4759,0.0273,0.0308,0.9722
4760,-0.0042,0.0449,0.9934
4761,-0.0381,-0.0481,0.9690
4762,-0.0374,-0.0129,1.0132
4763,-0.0249,-0.0144,0.9878
4764,0.0083,-0.0583,0.9709
4765,-0.0071,-0.0339,0.9875
4766,-0.0015,0.0325,0.9907
4767,0.0215,-0.0291,0.9448
4768,0.0010,0.0352,0.9702
4769,-0.0020,0.0410,0.9858
4770,-0.0078,-0.0254,0.9595
4771,-0.0100,0.0225,0.9839
4772,0.0005,0.0144,0.9866
4773,-0.0266,-0.0688,0.9741
4774,-0.0415,-0.0212,1.0083
4775,-0.0195,-0.0012,0.9954
4776,-0.0271,-0.0459,0.9653
4777,0.0259,0.0293,0.9897
4778,0.0381,0.0115,0.9875
4779,0.0610,-0.0032,0.9592
4780,0.0110,0.0166,0.9839
4781,-0.0037,0.0676,0.9829
4782,-0.0676,-0.0847,0.9575
4783,-0.0259,0.0479,1.0129
4784,-0.0527,-0.0803,0.9553
4785,0.0142,0.0298,1.0063
4786,0.0051,-0.0688,0.9514
4787,0.0210,0.0305,1.0188
4788,-0.0044,-0.0654,0.9553
4789,0.0017,-0.0063,1.0024
4790,0.0039,0.0054,0.9729
4791,-0.0083,-0.0051,0.9719
4792,-0.0125,-0.0100,0.9836
4793,-0.0330,-0.0212,0.9661
4794,0.0066,0.0017,0.9778
4795,-0.0093,-0.0059,0.9702
4796,0.0144,-0.0090,0.9946
4797,0.0210,-0.0530,0.9800
4798,0.0210,0.0288,0.9966
4799,0.0024,0.0071,0.9548
4800,-0.0110,-0.0291,0.9653
4801,-0.0364,0.0410,1.0078
4802,-0.0618,-0.0308,0.9778
4803,-0.0107,0.0186,0.9758
4804,0.0261,-0.0063,0.9563
4805,0.0891,0.0156,0.9907
4806,0.0701,-0.0559,0.9683
4807,0.0144,0.0112,0.9954
4808,-0.0576,-0.0120,0.9614
4809,-0.1062,-0.0029,0.9719
4810,-0.0798,-0.0105,0.9829
4811,-0.0413,-0.0063,0.9827
4812,0.0605,0.0256,0.9836
4813,0.0852,-0.0166,0.9622
4814,0.0791,0.0173,0.9961
4815,0.0249,-0.0283,0.9729
4816,-0.0120,-0.0159,0.9819
4817,-0.0647,-0.0032,0.9817
4818,-0.0540,0.0022,0.9673
4819,-0.0818,-0.0596,0.9680
4820,-0.0142,0.0488,1.0024
4821,0.0037,-0.0208,0.9504
4822,0.0281,0.0188,0.9819
4823,-0.0037,-0.0164,0.9827
4824,0.0254,-0.0063,0.9878
4825,-0.0227,-0.0281,0.9734
4826,-0.0168,0.0083,0.9858
4827,-0.0303,-0.0703,0.9741
4828,0.0229,0.0305,0.9934
4829,0.0100,-0.0320,0.9604
4830,0.0266,0.0286,0.9885
4831,0.0264,-0.0198,0.9690
4832,0.0068,0.0220,1.0044
4833,-0.0254,-0.0071,0.9641
4834,-0.0378,0.0078,0.9771
4835,-0.0100,-0.0005,0.9690
4836,-0.0020,-0.0334,0.9731
4837,0.0122,0.0022,0.9976
4838,0.0381,-0.0093,0.9731
4839,0.0105,-0.0015,0.9788
4840,-0.0117,0.0078,0.9644
4841,-0.0066,-0.0225,0.9670
4842,-0.0623,-0.0010,0.9836
4843,-0.0315,0.0210,0.9875
4844,-0.0190,-0.0229,0.9592
4845,-0.0164,-0.0061,0.9856
4846,0.0496,0.0237,0.9858
4847,0.0476,-0.0371,0.9634
4848,0.0312,0.0186,1.0032
4849,0.0073,-0.0242,0.9761
4850,-0.0317,-0.0183,0.9849
4851,-0.0432,0.0100,0.9719
4852,-0.0417,-0.0200,0.9673
4853,0.0063,-0.0117,0.9849
4854,0.0151,-0.0034,0.9836
4855,0.0308,0.0017,0.9797
4856,-0.0095,-0.0173,0.9485
4857,-0.0410,0.0112,0.9946
4858,-0.0330,0.0112,0.9768
4859,-0.0513,-0.0481,0.9780
4860,-0.0034,0.0288,1.0022
4861,0.0295,-0.0352,0.9670
4862,0.0356,-0.0049,0.9905
4863,0.0081,-0.0237,0.9739
4864,-0.0120,-0.0098,0.9924
4865,-0.0339,-0.0259,0.9578
4866,-0.0254,0.0276,0.9797
4867,-0.0032,0.0227,0.9534
4868,0.0027,-0.0117,0.9751
4869,0.0835,0.0366,0.9917
4870,0.0496,0.0129,0.9780
4871,0.0020,0.0029,0.9934
4872,-0.0239,-0.0737,0.9631
4873,-0.0398,-0.0056,1.0122
4874,-0.0718,-0.0396,0.9575
4875,0.0100,-0.0134,0.9722
4876,0.0027,0.0063,0.9739
4877,0.0303,0.0237,0.9819
4878,0.0220,0.0112,0.9651
4879,-0.0049,0.0435,0.9731
4880,-0.0215,0.0090,0.9729
4881,-0.0259,-0.0071,0.9839
4882,-0.0630,-0.0278,1.0044
4883,0.0005,-0.0242,0.9790
4884,0.0347,-0.0518,0.9673
4885,0.0264,0.0117,1.0042
4886,0.0232,-0.0391,0.9644
4887,0.0264,0.0037,0.9827
4888,-0.0491,0.0342,0.9673
4889,-0.0488,0.0325,0.9719
4890,-0.0137,-0.0288,0.9622
4891,-0.0110,0.0093,1.0005
4892,0.0330,0.0134,0.9780
4893,0.0261,-0.0598,0.9651
4894,-0.0073,-0.0066,0.9985
4895,-0.0608,-0.0327,0.9868
4896,-0.0518,-0.0151,0.9739
4897,-0.0161,-0.0107,0.9653
4898,0.0352,0.0364,0.9927
4899,0.0625,0.0020,0.9749
4900,0.0383,-0.0171,0.9751
4901,-0.0061,0.0454,0.9878
4902,-0.0364,-0.0276,0.9634
4903,-0.0564,-0.0217,0.9858
4904,-0.0244,-0.0208,0.9817
4905,0.0129,-0.0254,0.9888
4906,0.0212,0.0012,0.9731
4907,0.0437,0.0122,0.9829
4908,0.0291,-0.0061,0.9683
4909,-0.0322,-0.0076,0.9807
4910,-0.0193,0.0330,0.9858
4911,-0.0449,-0.0132,0.9573
4912,-0.0352,0.0183,0.9856
4913,-0.0068,0.0042,0.9866
4914,0.0198,-0.0093,0.9807
4915,0.0308,-0.0132,0.9790
4916,0.0564,0.0117,1.0005
4917,0.0156,-0.0305,0.9712
4918,-0.0066,-0.0129,0.9878
4919,-0.0364,0.0051,0.9807
4920,-0.0652,-0.0359,0.9614
4921,-0.0522,0.0171,0.9846
4922,-0.0085,0.0100,0.9673
4923,0.0181,-0.0190,0.9683
4924,0.0596,0.0244,0.9868
4925,0.0566,-0.0066,0.9810
4926,0.0256,-0.0103,0.9758
4927,-0.0417,-0.0034,1.0005
4928,-0.0603,-0.0071,0.9868
4929,-0.1018,-0.0723,0.9700
4930,-0.0503,0.0520,1.0093
4931,-0.0139,-0.0391,0.9495
4932,0.0425,0.0076,0.9827
4933,0.0347,0.0181,0.9797
4934,0.0569,0.0247,0.9761
4935,0.0063,-0.0449,0.9504
4936,0.0127,0.0510,1.0181
4937,-0.0127,-0.0552,0.9644
4938,-0.0217,-0.0300,0.9771
4939,-0.0132,0.0276,0.9905
4940,-0.0127,-0.0403,0.9680
4941,0.0059,-0.0239,0.9797
4942,-0.0049,0.0449,0.9973
4943,0.0085,-0.0100,0.9575
4944,0.0105,-0.0359,0.9651
4945,0.0098,0.0591,1.0110
4946,-0.0144,-0.0339,0.9497
4947,0.0166,-0.0095,0.9680
4948,-0.0090,0.0205,0.9905
4949,-0.0188,-0.0261,0.9907
4950,-0.0325,-0.0193,0.9839
4951,-0.0554,0.0178,0.9934
4952,-0.0457,-0.0276,0.9670
4953,-0.0129,-0.0137,0.9797
4954,0.0498,0.0208,0.9856
4955,0.0623,-0.0212,0.9592
4956,0.0728,-0.0100,0.9807
4957,0.0449,0.0117,0.9868
4958,-0.0276,-0.0190,0.9778
4959,-0.0637,-0.0149,0.9692
4960,-0.0815,-0.0012,0.9863
4961,-0.0701,0.0007,0.9866
4962,0.0078,-0.0220,0.9651
4963,0.0154,-0.0037,0.9924
4964,0.0276,0.0168,0.9817
4965,0.0583,-0.0403,0.9709
4966,0.0081,0.0332,0.9956
4967,-0.0063,-0.0029,0.9634
4968,0.0154,-0.0173,0.9700
4969,-0.0540,0.0144,0.9915
4970,-0.0491,-0.0034,0.9827
4971,-0.0442,-0.0405,0.9644
4972,-0.0200,0.0330,0.9927
4973,0.0276,-0.0452,0.9500
4974,0.0837,-0.0115,0.9885
4975,0.0496,0.0149,0.9819
4976,0.0066,-0.0396,0.9771
4977,-0.0403,0.0093,0.9839
4978,-0.0916,-0.0071,0.9709
4979,-0.0610,0.0093,0.9751
4980,-0.0085,-0.0334,0.9661
4981,0.0808,0.0432,0.9875
4982,0.0708,-0.0142,0.9604
4983,0.0671,0.0315,0.9937
4984,-0.0161,-0.0481,0.9673
4985,-0.0813,0.0222,1.0212
4986,-0.0898,-0.0310,0.9653
4987,-0.0427,-0.0303,0.9702
4988,0.0132,-0.0010,0.9846
4989,0.0452,-0.0229,0.9810
4990,0.0615,-0.0144,0.9702
4991,0.0137,0.0076,0.9690
4992,0.0066,0.0093,0.9729
4993,-0.0437,-0.0388,0.9563
4994,-0.0442,0.0164,0.9963
4995,-0.0320,-0.0208,0.9673
4996,-0.0129,0.0046,0.9961
4997,0.0183,-0.0132,0.9849
4998,0.0327,-0.0178,0.9868
4999,-0.0056,-0.0107,0.9827
5000,-0.0200,-0.0015,0.9761
5001,-0.0161,0.0024,0.9810
5002,-0.0344,-0.0303,0.9592
5003,-0.0105,0.0249,0.9895
5004,0.0144,-0.0122,0.9585
5005,0.0325,0.0037,0.9690
5006,0.0186,0.0049,0.9790
5007,-0.0183,-0.0034,0.9851
5008,-0.0212,-0.0317,0.9709
5009,-0.0300,0.0022,0.9937
5010,-0.0137,-0.0188,0.9795
5011,0.0422,-0.0371,0.9712
5012,0.0588,0.0203,0.9856
5013,-0.0007,-0.0269,0.9631
5014,-0.0044,0.0042,0.9895
5015,-0.0540,0.0061,0.9690
5016,-0.0706,0.0054,0.9829
5017,-0.0381,-0.0027,0.9612
5018,0.0024,-0.0142,0.9797
5019,0.0413,0.0312,0.9946
5020,0.0283,-0.0542,0.9624
5021,0.0515,0.0159,0.9956
5022,0.0027,-0.0200,0.9631
5023,-0.0134,-0.0054,0.9846
5024,-0.0215,-0.0142,0.9778
5025,-0.0398,-0.0156,0.9927
5026,-0.0310,0.0039,0.9741
5027,-0.0051,0.0073,0.9722
5028,0.0110,-0.0298,0.9651
5029,0.0212,-0.0454,0.9888
5030,0.0356,0.0171,0.9866
5031,0.0056,-0.0603,0.9497
5032,-0.0002,0.0471,1.0002
5033,-0.0369,-0.0693,0.9573
5034,-0.0544,0.0181,1.0081
5035,-0.0645,0.0486,0.9780
5036,-0.0220,-0.0454,0.9485
5037,0.0112,0.0208,1.0110
5038,0.0347,0.0237,0.9927
5039,0.0540,-0.0608,0.9614
5040,0.0288,0.0127,0.9897
5041,-0.0210,-0.0095,0.9976
5042,-0.0254,-0.0586,0.9680
5043,-0.0093,0.0110,0.9751
5044,-0.0286,0.0063,0.9663
5045,0.0154,-0.0168,0.9556
5046,-0.0081,0.0085,0.9905
5047,-0.0146,0.0315,0.9827
5048,0.0066,-0.0308,0.9634
5049,-0.0034,-0.0022,0.9946
5050,-0.0083,-0.0269,0.9856
5051,0.0320,-0.0208,0.9878
5052,0.0068,-0.0374,0.9739
5053,0.0071,0.0149,1.0081
5054,-0.0034,-0.0413,0.9602
5055,-0.0337,0.0063,0.9731
5056,-0.0305,0.0347,0.9761
5057,-0.0239,-0.0220,0.9465
5058,-0.0083,0.0183,0.9917
5059,-0.0132,0.0225,0.9761
5060,0.0088,-0.0391,0.9817
5061,0.0212,-0.0002,0.9856
5062,0.0239,-0.0273,0.9944
5063,0.0312,-0.0278,0.9934
5064,0.0164,-0.0557,0.9690
5065,-0.0171,0.0120,1.0034
5066,-0.0737,-0.0090,0.9661
5067,-0.0601,-0.0342,0.9565
5068,-0.0369,0.0085,0.9707
5069,0.0107,0.0537,0.9878
5070,0.0732,-0.0210,0.9487
5071,0.0681,-0.0010,0.9912
5072,0.0361,0.0479,1.0015
5073,-0.0288,-0.0732,0.9758
5074,-0.0598,0.0115,1.0076
5075,-0.0779,-0.0305,0.9807
5076,-0.0286,-0.0081,0.9885
5077,-0.0115,-0.0623,0.9592
5078,0.0457,0.0618,0.9924
5079,0.0505,-0.0146,0.9390
5080,0.0269,0.0242,0.9771
5081,-0.0127,-0.0085,0.9868
5082,-0.0308,-0.0020,0.9827
5083,-0.0291,-0.0269,0.9741
5084,-0.0293,-0.0154,0.9719
5085,0.0063,-0.0566,0.9956
5086,0.0188,-0.0115,0.9846
5087,-0.0078,-0.0251,0.9807
5088,0.0083,0.0366,0.9690
5089,0.0112,-0.0396,0.9624
5090,-0.0234,0.0640,1.0142
5091,-0.0142,-0.0049,0.9546
5092,-0.0081,-0.0210,0.9729
5093,-0.0276,0.0151,0.9927
5094,0.0061,-0.0161,0.9883
5095,0.0535,-0.0544,0.9602
5096,-0.0061,-0.0137,1.0005
5097,0.0278,0.0078,0.9934
5098,-0.0071,-0.0684,0.9565
5099,-0.0359,0.0549,0.9983
5100,-0.0510,-0.0420,0.9387
5101,0.0037,0.0142,0.9885
5102,-0.0312,0.0081,0.9729
5103,0.0098,-0.0254,0.9895
5104,-0.0061,-0.0212,0.9849
5105,-0.0090,-0.0039,0.9849
5106,0.0188,-0.0225,0.9751
5107,0.0010,-0.0259,0.9731
5108,-0.0085,0.0093,0.9907
5109,-0.0076,0.0066,0.9768
5110,-0.0059,0.0085,0.9749
5111,-0.0342,-0.0063,0.9778
5112,0.0117,0.0352,0.9976
5113,0.0039,-0.0662,0.9575
5114,0.0217,0.0200,1.0061
5115,0.0078,-0.0188,0.9641
5116,-0.0076,-0.0276,0.9749
5117,-0.0325,-0.0002,0.9768
5118,-0.0266,-0.0085,0.9875
5119,-0.0161,-0.0308,0.9690
5120,0.0125,0.0037,0.9888
5121,0.0493,0.0325,0.9788
5122,0.0173,-0.0657,0.9348
5123,0.0142,0.0303,1.0161
5124,-0.0317,-0.0254,0.9800
5125,-0.0125,-0.0408,0.9717
5126,-0.0349,0.0298,0.9954
5127,-0.0190,0.0010,0.9729
5128,-0.0291,-0.0647,0.9514
5129,-0.0186,0.0618,1.0112
5130,-0.0059,-0.0195,0.9573
5131,0.0322,-0.0554,0.9661
5132,0.0593,0.0618,1.0083
5133,0.0571,-0.0432,0.9565
5134,0.0046,-0.0220,0.9849
5135,-0.0261,0.0078,1.0051
5136,-0.0610,-0.0547,0.9563
5137,-0.0732,0.0071,0.9839
5138,-0.0171,0.0024,0.9670
5139,0.0029,-0.0598,0.9622
5140,0.0254,0.0476,1.0022
5141,0.0261,-0.0225,0.9595
5142,0.0283,0.0073,0.9800
5143,0.0112,0.0083,0.9797
5144,-0.0107,-0.0164,0.9888
5145,-0.0295,-0.0132,0.9709
5146,-0.0132,0.0044,0.9836
5147,-0.0156,0.0002,0.9846
5148,-0.0413,-0.0242,0.9839
5149,0.0017,-0.0161,0.9878
5150,0.0115,0.0022,0.9536
5151,0.0159,0.0151,0.9771
5152,0.0056,-0.0063,0.9741
5153,-0.0063,-0.0400,0.9780
5154,-0.0278,0.0215,0.9995
5155,0.0100,0.0117,0.9617
5156,0.0398,-0.0452,0.9622
5157,0.0205,0.0076,1.0120
5158,0.0073,-0.0366,0.9778
5159,-0.0496,-0.0359,0.9641
5160,-0.0625,0.0562,0.9976
5161,-0.0393,-0.0537,0.9475
5162,-0.0107,-0.0093,1.0083
5163,0.0474,0.0242,0.9702
5164,0.0796,-0.0181,0.9526
5165,0.0461,0.0476,0.9856
5166,0.0042,-0.0637,0.9836
5167,-0.0103,0.0146,1.0090
5168,-0.0906,-0.0171,0.9641
5169,-0.0549,-0.0383,0.9683
5170,-0.0393,-0.0093,0.9915
5171,-0.0198,0.0027,0.9849
5172,0.0144,-0.0796,0.9458
5173,0.0522,0.0679,0.9963
5174,0.0591,-0.0071,0.9573
5175,0.0374,-0.0479,0.9749
5176,-0.0234,0.0244,1.0208
5177,-0.0308,-0.0005,0.9575
5178,-0.0505,-0.0486,0.9602
5179,-0.0750,0.0325,1.0042
5180,-0.0120,-0.0525,0.9729
5181,0.0352,-0.0066,0.9807
5182,0.0479,0.0366,0.9885
5183,0.0583,-0.0049,0.9604
5184,0.0173,-0.0325,0.9768
5185,-0.0444,0.0532,0.9976
5186,-0.0466,-0.0464,0.9546
5187,-0.0505,-0.0081,0.9802
5188,-0.0256,-0.0007,0.9985
5189,0.0540,-0.0110,0.9778
5190,0.0442,-0.0593,0.9631
5191,0.0317,0.0393,1.0054
5192,0.0134,-0.0442,0.9565
5193,-0.0288,0.0093,0.9800
5194,-0.0603,-0.0112,0.9719
5195,-0.0574,0.0071,0.9749
5196,-0.0239,-0.0049,0.9790
5197,0.0266,0.0198,0.9817
5198,0.0347,-0.0303,0.9778
5199,0.0632,0.0183,0.9993
5200,0.0298,-0.0352,0.9700
5201,-0.0269,-0.0093,0.9856
5202,-0.0242,-0.0168,0.9739
5203,-0.0322,-0.0142,0.9849
5204,-0.0439,0.0029,0.9819
5205,-0.0093,-0.0198,0.9768
5206,0.0161,-0.0088,0.9692
5207,-0.0088,0.0142,0.9858
5208,0.0420,0.0107,0.9731
5209,0.0271,-0.0581,0.9604
5210,0.0200,0.0342,1.0100
5211,0.0037,-0.0347,0.9651
5212,-0.0254,-0.0249,0.9709
5213,-0.0757,-0.0139,0.9839
5214,-0.0559,0.0251,0.9983
5215,-0.0369,-0.0510,0.9631
5216,0.0156,0.0396,0.9856
5217,0.0339,0.0129,0.9741
5218,0.0686,0.0020,0.9712
5219,0.0366,-0.0083,0.9858
5220,0.0078,0.0305,0.9983
5221,-0.0315,-0.0576,0.9697
5222,-0.0308,0.0022,0.9839
5223,-0.0332,-0.0312,0.9739
5224,-0.0159,-0.0095,0.9846
5225,-0.0100,-0.0300,0.9644
5226,0.0300,0.0356,0.9958
5227,-0.0137,-0.0269,0.9583
5228,0.0217,0.0042,0.9907
5229,0.0256,0.0132,0.9778
5230,0.0071,-0.0063,0.9612
5231,0.0103,-0.0105,0.9817
5232,-0.0317,-0.0105,0.9915
5233,-0.0361,-0.0403,0.9856
5234,-0.0293,-0.0005,0.9875
5235,0.0020,-0.0046,0.9788
5236,0.0227,-0.0286,0.9604
5237,0.0356,0.0234,0.9937
5238,0.0037,0.0146,0.9602
5239,-0.0305,-0.0178,0.9670
5240,-0.0405,0.0415,0.9966
5241,-0.0330,-0.0481,0.9819
5242,0.0190,-0.0105,0.9885
5243,0.0281,-0.0208,0.9875
5244,0.0703,-0.0259,0.9702
5245,-0.0015,-0.0630,0.9585
5246,-0.0249,0.0496,1.0081
5247,-0.0566,-0.0649,0.9316
5248,-0.0420,0.0569,1.0061
5249,-0.0168,0.0249,0.9573
5250,0.0078,-0.0210,0.9827
5251,0.0320,0.0505,1.0044
5252,0.0244,-0.0381,0.9634
5253,0.0195,-0.0134,0.9995
5254,0.0015,-0.0186,0.9788
5255,-0.0098,-0.0295,0.9897
5256,-0.0261,-0.0056,0.9670
5257,-0.0095,0.0061,0.9875
5258,-0.0334,-0.0090,0.9739
5259,-0.0005,0.0281,0.9817
5260,-0.0020,0.0066,0.9683
5261,0.0034,-0.0081,0.9602
5262,0.0005,-0.0007,0.9897
5263,0.0110,-0.0281,0.9680
5264,-0.0190,-0.0359,0.9849
5265,-0.0125,0.0005,0.9856
5266,-0.0115,-0.0449,0.9739
5267,0.0344,0.0256,0.9900
5268,0.0198,-0.0398,0.9614
5269,0.0325,0.0496,0.9949
5270,-0.0010,-0.0088,0.9553
5271,-0.0386,0.0273,0.9927
5272,-0.0867,-0.0310,0.9731
5273,-0.0520,-0.0063,0.9985
5274,0.0149,-0.0022,0.9722
5275,0.0454,-0.0410,0.9641
5276,0.1003,0.0059,0.9985
5277,0.0520,-0.0430,0.9810
5278,-0.0017,0.0134,0.9927
5279,-0.0679,-0.0205,0.9563
5280,-0.0918,0.0059,0.9749
5281,-0.1021,-0.0308,0.9644
5282,-0.0225,0.0298,0.9956
5283,0.0291,-0.0295,0.9524
5284,0.0896,0.0264,0.9927
5285,0.1033,-0.0044,0.9758
5286,0.0308,-0.0166,0.9924
5287,-0.0293,-0.0034,0.9875
5288,-0.0923,-0.0317,0.9719
5289,-0.0884,0.0251,0.9895
5290,-0.0454,-0.0325,0.9612
5291,0.0178,-0.0076,0.9944
5292,0.0344,0.0146,0.9719
5293,0.0825,-0.0020,0.9700
5294,0.0525,-0.0017,0.9602
5295,0.0190,0.0020,0.9868
5296,-0.0361,-0.0300,0.9700
5297,-0.0574,0.0071,0.9856
5298,-0.0959,-0.0220,0.9963
5299,-0.0505,-0.0376,0.9819
5300,0.0154,-0.0103,0.9788
5301,0.0491,0.0151,0.9661
5302,0.0815,-0.0281,0.9507
5303,0.0513,0.0059,0.9878
5304,-0.0144,0.0317,1.0007
5305,-0.0620,-0.0044,0.9534
5306,-0.0752,-0.0198,0.9788
5307,-0.0601,0.0388,1.0054
5308,0.0132,-0.0535,0.9661
5309,0.0271,-0.0049,0.9810
5310,0.0337,-0.0059,0.9829
5311,0.0527,-0.0244,0.9709
5312,-0.0190,-0.0166,1.0005
5313,-0.0042,0.0205,0.9717
5314,0.0066,-0.0535,0.9631
5315,-0.0234,0.0635,0.9944
5316,-0.0166,-0.0564,0.9524
5317,-0.0225,0.0269,0.9846
5318,-0.0369,-0.0151,0.9712
5319,-0.0044,0.0012,0.9810
5320,-0.0146,-0.0320,0.9780
5321,0.0566,0.0305,0.9985
5322,0.0339,-0.0442,0.9575
5323,-0.0032,0.0403,1.0068
5324,-0.0171,-0.0400,0.9595
5325,-0.0583,-0.0020,0.9985
5326,-0.0315,0.0208,0.9817
5327,-0.0115,-0.0591,0.9495
5328,0.0283,0.0359,1.0042
5329,0.0220,-0.0168,0.9524
5330,0.0171,-0.0291,0.9846
5331,-0.0044,0.0261,0.9868
5332,-0.0203,-0.0225,0.9692
5333,-0.0171,0.0117,0.9790
5334,-0.0142,-0.0264,0.9683
5335,0.0171,0.0046,0.9915
5336,-0.0088,-0.0146,0.9807
5337,0.0176,-0.0049,0.9866
5338,-0.0098,-0.0415,0.9741
5339,-0.0195,0.0403,0.9995
5340,-0.0195,-0.0623,0.9380
5341,-0.0024,0.0339,0.9934
5342,-0.0227,0.0227,0.9744
5343,0.0059,-0.0569,0.9683
5344,0.0107,0.0337,0.9963
5345,0.0117,0.0181,0.9827
5346,0.0193,-0.0474,0.9688
5347,-0.0239,-0.0198,0.9944
5348,-0.0103,0.0205,0.9973
5349,-0.0134,-0.0579,0.9377
5350,-0.0259,0.0125,0.9985
5351,0.0027,0.0117,0.9846
5352,0.0349,-0.0322,0.9604
5353,-0.0085,0.0273,0.9895
5354,0.0005,0.0112,0.9663
5355,-0.0083,-0.0474,0.9709
5356,-0.0432,0.0276,1.0015
5357,-0.0471,-0.0405,0.9709
5358,0.0046,0.0017,0.9751
5359,0.0190,0.0046,0.9661
5360,0.0525,0.0044,0.9846
5361,0.0410,-0.0103,0.9817
5362,0.0166,0.0012,0.9895
5363,-0.0259,0.0315,0.9883
5364,-0.0618,-0.0073,0.9634
5365,-0.0701,-0.0576,0.9709
5366,-0.0410,0.0471,1.0188
5367,-0.0010,-0.0569,0.9438
5368,0.0474,-0.0061,0.9866
5369,0.0620,0.0513,0.9895
5370,0.0405,-0.0671,0.9448
5371,-0.0015,0.0127,0.9944
5372,-0.0437,0.0388,0.9817
5373,-0.0552,-0.0400,0.9592
5374,-0.0474,0.0063,0.9937
5375,-0.0330,-0.0205,0.9900
5376,0.0215,-0.0242,0.9741
5377,0.0520,0.0054,0.9680
5378,0.0391,-0.0127,0.9927
5379,0.0317,-0.0168,0.9836
5380,0.0015,-0.0051,0.9875
5381,-0.0044,0.0339,0.9631
5382,-0.0576,-0.0283,0.9680
5383,-0.0454,0.0176,0.9924
5384,-0.0396,-0.0403,0.9749
5385,0.0024,0.0427,0.9927
5386,0.0000,-0.0652,0.9563
5387,0.0581,0.0073,1.0022
5388,-0.0178,-0.0234,0.9751
5389,0.0015,0.0186,0.9792
5390,-0.0146,-0.0427,0.9543
5391,-0.0081,0.0491,1.0159
5392,0.0054,-0.0244,0.9661
5393,0.0186,-0.0115,0.9651
5394,-0.0103,0.0322,0.9878
5395,-0.0347,-0.0273,0.9856
5396,-0.0122,-0.0071,0.9858
5397,-0.0618,-0.0398,0.9563
5398,-0.0273,0.0391,1.0061
5399,0.0347,-0.0559,0.9290
5400,0.0442,0.0029,1.0132
5401,0.0464,0.0669,0.9946
5402,0.0410,-0.0796,0.9456
5403,-0.0066,0.0466,1.0071
5404,-0.0735,0.0168,0.9836
5405,-0.0457,-0.0613,0.9468
5406,-0.0764,-0.0232,0.9810
5407,-0.0107,0.0649,1.0107
5408,0.0361,-0.1143,0.9331
5409,0.0652,0.0466,1.0120
5410,0.0713,0.0239,0.9680
5411,0.0305,-0.0352,0.9624
5412,-0.0398,0.0222,0.9905
5413,-0.0916,0.0049,0.9973
5414,-0.0554,-0.0181,0.9673
5415,-0.0552,-0.0439,0.9602
5416,0.0122,0.0645,1.0227
5417,0.0444,-0.0830,0.9319
5418,0.0439,-0.0171,1.0034
5419,0.0391,0.0840,0.9946
5420,0.0181,-0.0889,0.9358
5421,-0.0247,0.0229,0.9983
5422,-0.0388,0.0322,0.9846
5423,-0.0244,-0.0356,0.9729
5424,-0.0229,-0.0166,0.9578
5425,-0.0032,0.0281,1.0256
5426,0.0161,-0.0510,0.9397
5427,0.0154,-0.0325,0.9722
5428,-0.0012,0.0569,0.9963
5429,-0.0098,-0.0581,0.9446
5430,-0.0105,0.0005,1.0051
5431,-0.0374,0.0457,0.9917
5432,0.0156,-0.0232,0.9719
5433,0.0078,-0.0193,0.9651
5434,0.0173,0.0374,1.0073
5435,-0.0071,-0.0237,0.9729
5436,-0.0034,-0.0613,0.9634
5437,-0.0295,0.0540,1.0110
5438,-0.0298,-0.0286,0.9514
5439,-0.0171,-0.0642,0.9634
5440,-0.0066,0.0559,1.0161
5441,0.0154,-0.0095,0.9592
5442,0.0137,-0.0364,0.9573
5443,0.0144,0.0664,0.9980
5444,-0.0022,-0.0530,0.9565
5445,0.0171,0.0042,0.9897
5446,-0.0212,0.0159,0.9917
5447,0.0056,-0.0261,0.9778
5448,-0.0181,-0.0378,0.9722
5449,-0.0332,0.0049,1.0083
5450,-0.0276,-0.0178,0.9543
5451,-0.0110,-0.0190,0.9739
5452,0.0005,0.0115,0.9807
5453,0.0117,0.0071,0.9773
5454,0.0422,0.0212,0.9751
5455,0.0339,-0.0051,0.9719
5456,0.0020,0.0039,0.9927
5457,-0.0183,-0.0186,0.9810
5458,-0.0352,-0.0066,0.9819
5459,-0.0647,-0.0264,0.9778
5460,-0.0359,-0.0244,0.9934
5461,-0.0132,-0.0168,0.9680
5462,0.0325,0.0198,0.9758
5463,0.0491,-0.0127,0.9612
5464,0.0322,0.0100,0.9868
5465,0.0234,0.0117,0.9927
5466,-0.0278,-0.0217,0.9478
5467,-0.0339,0.0227,0.9866
5468,-0.0549,-0.0383,0.9670
5469,-0.0327,-0.0151,0.9897
5470,-0.0349,0.0127,0.9858
5471,0.0134,-0.0510,0.9731
5472,0.0437,0.0173,0.9915
5473,0.0554,0.0303,0.9868
5474,0.0396,-0.0500,0.9573
5475,-0.0022,0.0144,0.9839
5476,-0.0161,0.0542,0.9839
5477,-0.0679,-0.0605,0.9592
5478,-0.0603,-0.0054,0.9946
5479,-0.0317,-0.0144,0.9819
5480,-0.0051,-0.0049,0.9749
5481,0.0115,-0.0374,0.9622
5482,0.0740,0.0166,0.9924
5483,0.0188,-0.0291,0.9575
5484,0.0251,0.0251,0.9944
5485,-0.0042,-0.0034,0.9670
5486,-0.0461,-0.0186,0.9868
5487,-0.0417,0.0142,0.9946
5488,-0.0217,-0.0195,0.9641
5489,-0.0059,-0.0249,0.9700
5490,0.0295,0.0227,0.9836
5491,0.0327,-0.0227,0.9722
5492,-0.0010,-0.0203,0.9924
5493,0.0007,0.0276,0.9858
5494,-0.0291,-0.0237,0.9739
5495,-0.0300,0.0305,0.9866
5496,-0.0217,-0.0740,0.9624
5497,0.0132,0.0210,0.9993
5498,0.0134,-0.0117,0.9504
5499,0.0557,-0.0066,0.9719
5500,0.0051,-0.0291,0.9761
5501,-0.0129,0.0188,1.0022
5502,-0.0276,-0.0054,0.9631
5503,-0.0623,0.0149,0.9805
5504,-0.0352,-0.0220,0.9856
5505,0.0034,0.0012,0.9897
5506,-0.0156,-0.0415,0.9817
5507,0.0413,0.0107,0.9663
5508,0.0266,-0.0359,0.9780
5509,0.0408,0.0339,0.9937
5510,0.0103,-0.0559,0.9495
5511,-0.0061,0.0461,0.9895
5512,-0.0574,-0.0159,0.9670
5513,-0.0420,0.0203,0.9963
5514,-0.0608,-0.0413,0.9751
5515,0.0100,0.0220,0.9946
5516,0.0256,-0.0449,0.9573
5517,0.0684,0.0146,0.9934
5518,0.0334,-0.0562,0.9700
5519,0.0161,0.0256,0.9973
5520,-0.0251,-0.0010,0.9583
5521,-0.0403,-0.0225,0.9712
5522,-0.0398,0.0107,0.9817
5523,-0.0386,-0.0059,0.9807
5524,-0.0134,-0.0024,0.9683
5525,-0.0032,-0.0095,0.9768
5526,0.0256,-0.0012,0.9849
5527,0.0386,-0.0471,0.9702
5528,0.0464,0.0342,1.0081
5529,0.0098,-0.0479,0.9563
5530,-0.0117,0.0037,1.0024
5531,-0.0276,0.0046,0.9768
5532,-0.0540,-0.0320,0.9575
5533,-0.0532,0.0129,0.9788
5534,-0.0105,-0.0305,0.9663
5535,0.0215,-0.0015,0.9915
5536,0.0552,0.0281,0.9751
5537,0.0684,-0.0386,0.9575
5538,0.0186,0.0137,0.9927
5539,-0.0222,0.0173,1.0005
5540,-0.0713,-0.0737,0.9661
5541,-0.0803,0.0303,1.0012
5542,-0.0510,0.0088,0.9751
5543,-0.0044,-0.0835,0.9536
5544,0.0459,0.0361,1.0042
5545,0.0725,0.0110,0.9663
5546,0.0540,-0.0232,0.9575
Rate 1608, overflows 0
