Sample,X,Y,Z
0,-0.0010,0.0383,0.9829
1,0.0225,0.0615,0.9661
2,0.0320,-0.0110,0.9924
3,0.0305,0.0176,0.9465
4,0.0247,-0.0071,0.9602
5,0.0066,-0.0364,0.9846
6,-0.0117,-0.0088,0.9224
7,-0.0132,-0.0596,0.9595
8,-0.0203,-0.0408,0.9819
9,0.0054,0.0571,0.9524
10,0.0508,0.0378,1.0366
11,0.0623,0.0583,0.9702
12,0.0535,0.0215,0.9487
13,0.0249,-0.0308,1.0066
14,-0.0122,0.0364,0.9417
15,-0.0452,-0.0024,0.9602
16,-0.0537,-0.0183,0.9849
17,-0.0369,-0.0347,0.9299
18,0.0183,-0.0305,0.9465
19,0.0657,-0.0454,0.9888
20,0.0789,-0.0168,0.9553
21,0.0830,0.0542,0.9758
22,0.0190,0.0383,1.0200
23,-0.0205,0.0972,0.9585
24,-0.0344,0.0054,0.9888
25,-0.0315,-0.0063,0.9731
26,-0.0088,-0.0244,0.9546
27,0.0256,-0.0481,0.9644
28,0.0332,-0.0229,0.9536
29,0.0237,-0.0437,0.9563
30,0.0356,0.0083,0.9495
31,0.0015,-0.0132,0.9778
32,-0.0059,0.0417,0.9690
33,0.0090,0.0146,0.9875
34,0.0042,0.0334,0.9954
35,0.0364,0.0557,0.9836
36,0.0310,0.0120,0.9937
37,0.0190,0.0071,0.9583
38,-0.0039,-0.0510,0.9543
39,-0.0391,-0.0295,0.9465
40,-0.0237,-0.0361,0.9600
41,0.0149,0.0103,0.9524
42,0.0266,0.0017,0.9670
43,0.0730,0.0032,0.9849
44,0.0466,0.0190,0.9771
45,0.0212,0.0405,0.9927
46,0.0149,0.0093,1.0032
47,-0.0276,0.0220,0.9521
48,-0.0420,0.0071,0.9712
49,-0.0227,-0.0320,0.9800
50,-0.0115,-0.0090,0.9221
51,0.0396,-0.0269,0.9731
52,0.0576,-0.0474,0.9673
53,0.0537,0.0361,0.9338
54,0.0518,-0.0110,1.0112
55,-0.0071,0.0286,0.9612
56,-0.0320,0.0381,0.9700
57,-0.0300,0.0068,1.0259
58,-0.0093,0.0522,0.9524
59,0.0496,-0.0027,0.9543
60,0.0601,-0.0347,0.9902
61,0.0500,-0.0068,0.9231
62,0.0176,-0.0210,0.9641
63,-0.0508,-0.0559,0.9827
64,-0.0435,0.0171,0.9338
65,-0.0300,-0.0005,0.9927
66,0.0046,0.0090,0.9966
67,0.0789,0.0332,0.9534
68,0.0564,0.0222,1.0022
69,0.0938,0.0789,0.9829
70,0.0728,0.0063,0.9670
71,-0.0564,-0.0303,0.9592
72,-0.0864,-0.0623,0.9504
73,-0.0906,-0.0796,0.9536
74,-0.0452,0.0286,0.9485
75,0.0742,0.0002,0.9905
76,0.0908,0.0027,0.9709
77,0.0894,0.0596,0.9670
78,0.0806,-0.0063,1.0403
79,-0.0081,0.0759,0.9380
80,-0.0444,-0.0063,0.9768
81,-0.0540,-0.0493,1.0034
82,-0.0513,0.0173,0.9036
83,-0.0042,-0.0305,0.9983
84,0.0386,-0.0093,0.9517
85,0.0776,-0.0327,0.9163
86,0.0754,-0.0479,0.9907
87,0.0293,0.0115,0.9790
88,-0.0083,0.0449,0.9741
89,-0.0278,0.0500,1.0178
90,-0.0645,0.0598,0.9875
91,-0.0222,0.0540,0.9692
92,0.0146,-0.0408,1.0002
93,0.0662,-0.0190,0.9319
94,0.0833,-0.0481,0.9495
95,0.0493,-0.0576,0.9575
96,0.0193,0.0005,0.9136
97,-0.0249,-0.0278,0.9895
98,-0.0332,0.0298,0.9768
99,-0.0332,0.0376,0.9749
100,-0.0093,0.0210,1.0188
101,0.0381,0.0156,0.9885
102,-0.4165,0.0378,1.0110
103,-1.9561,-0.1458,1.2329
104,-1.9978,0.0432,1.1887
105,-1.9980,-0.2830,1.4331
106,-1.9978,0.1611,0.7834
107,-1.9980,-0.5161,0.7573
108,0.0527,0.2410,0.5405
109,1.9998,0.1016,0.7056
110,1.9998,0.1448,0.5920
111,1.9998,0.1970,0.2349
112,1.9998,0.4089,0.7500
113,1.8794,-0.1587,1.6245
114,-1.7537,-0.1091,1.7844
115,-1.9980,-0.0193,1.9683
116,-1.9978,0.1313,1.6301
117,-1.9978,0.3027,0.9211
118,-1.0708,0.2734,0.7600
119,1.8440,0.4187,0.5132
120,1.9998,0.1904,0.2124
121,0.9702,-0.6147,0.0635
122,-1.6982,-0.9639,0.0942
123,-1.9978,-1.2180,0.6184
124,-1.9978,-0.7454,1.2844
125,-1.7651,-0.1594,1.8420
126,1.1038,0.2917,1.9998
127,1.9998,0.6545,1.9998
128,1.9998,1.1958,1.9075
129,1.8667,1.4294,1.2300
130,-0.2002,1.2554,0.2168
131,-1.9910,0.3237,-0.5728
132,-1.9978,-0.7034,-0.7993
133,-1.6555,-1.4282,-0.4285
134,0.1350,-1.7493,0.4851
135,1.4771,-1.5884,1.3618
136,1.6501,-1.0676,1.8711
137,0.5386,-0.0610,1.9998
138,-1.0815,1.2583,1.9998
139,-1.9980,1.9443,1.9998
140,-1.8169,1.9692,1.4338
141,-0.2112,1.5271,0.3757
142,1.7393,0.6021,-0.4536
143,1.9998,-0.4541,-0.9207
144,1.9998,-1.5112,-0.9207
145,1.9998,-2.0000,-0.3081
146,0.8479,-2.0000,0.6562
147,-1.5459,-1.2368,1.7051
148,-1.9978,-0.1411,1.9998
149,-1.9980,1.1082,1.9998
150,-1.9978,1.9983,1.9998
151,-0.7161,1.9980,1.9663
152,0.7205,1.7896,1.1106
153,1.4419,0.5955,0.2234
154,1.2517,-0.7126,-0.4946
155,0.6177,-1.8005,-0.8806
156,-0.0234,-2.0000,-0.7397
157,-0.1936,-1.9673,-0.1064
158,0.0935,-1.1575,0.7903
159,0.4277,0.2615,1.6597
160,0.3733,1.3901,1.9998
161,0.0862,1.9844,1.9998
162,-0.4480,1.9980,1.9998
163,-1.0452,1.7048,1.8560
164,-1.4163,0.5525,1.1030
165,-1.1545,-0.7681,0.2358
166,-0.3628,-1.8936,-0.2017
167,0.6350,-2.0000,-0.3669
168,1.3784,-1.9741,-0.2385
169,1.5779,-1.2854,0.4036
170,1.2759,0.0574,0.9976
171,0.5681,1.3472,1.5393
172,-0.1760,1.9980,1.9402
173,-0.6372,1.9983,1.9905
174,-0.6936,1.7458,1.7466
175,-0.4475,0.7253,1.3413
176,-0.2590,-0.6555,0.8801
177,-0.2126,-1.6555,0.3733
178,-0.3413,-2.0000,0.1921
179,-0.5901,-1.9292,0.3677
180,-0.6079,-1.1682,0.5466
181,-0.3699,-0.1121,0.8271
182,0.1353,0.9109,1.1802
183,0.8279,1.6724,1.3176
184,1.2817,1.9783,1.4097
185,1.3784,1.6238,1.3638
186,1.0935,0.6711,1.1741
187,0.4333,-0.3918,0.9319
188,-0.3372,-1.1929,0.7739
189,-0.9536,-1.7756,0.7473
190,-1.2300,-1.5979,0.6790
191,-1.1226,-0.9846,0.8137
192,-0.7151,-0.2031,1.0610
193,-0.1921,0.7788,1.0315
194,0.2976,1.2856,1.1292
195,0.6919,1.4177,1.1733
196,0.8699,0.9907,1.0178
197,0.8699,0.4722,0.9612
198,0.6345,-0.4143,0.9622
199,0.2195,-0.8782,0.7795
200,-0.2495,-1.1360,0.7864
201,-0.7192,-0.9563,0.9495
202,-0.9810,-0.4260,0.9202
203,-0.9478,0.2339,1.0457
204,-0.7495,0.6069,1.1594
205,-0.3357,0.9712,1.0149
206,0.1963,0.7515,1.0598
207,0.6782,0.3835,0.9614
208,1.0464,-0.1646,0.8530
209,1.1870,-0.5261,0.8599
210,0.9302,-0.7524,0.9194
211,0.4751,-0.5835,0.8774
212,-0.0669,-0.3335,0.9888
213,-0.4761,0.0186,1.0823
214,-0.6392,0.4043,1.0491
215,-0.5442,0.5808,1.1021
216,-0.3074,0.5681,1.1050
217,-0.0903,0.3762,0.9624
218,-0.0156,0.0505,0.8862
219,-0.0957,-0.3901,0.8784
220,-0.2446,-0.5549,0.7571
221,-0.3157,-0.6089,0.8560
222,-0.2026,-0.3293,0.9602
223,0.0315,0.0898,0.9661
224,0.3115,0.3540,1.0950
225,0.5112,0.5325,1.1021
226,0.5359,0.5142,1.0784
227,0.3901,0.3513,1.0991
228,0.1497,0.1165,0.9673
229,-0.1738,-0.2378,0.9309
230,-0.2864,-0.4673,0.8579
231,-0.2502,-0.5835,0.8296
232,-0.1619,-0.5325,0.9006
233,-0.0012,-0.2104,0.8823
234,0.0833,0.0273,0.9827
235,0.1282,0.3044,1.0483
236,0.1372,0.5193,1.0649
237,0.1082,0.4790,1.1135
238,0.1013,0.3813,1.0266
239,0.0330,0.1245,0.9358
240,-0.0459,-0.1440,0.9136
241,-0.1211,-0.3030,0.8752
242,-0.2036,-0.3750,0.9116
243,-0.2449,-0.3125,0.9702
244,-0.3013,-0.2104,0.9656
245,-0.2600,-0.0269,1.0063
246,-0.1367,0.1516,1.0151
247,0.0603,0.2986,1.0098
248,0.2878,0.3364,1.0159
249,0.4265,0.1951,0.9797
250,0.5132,0.0442,0.9058
251,0.4353,-0.1707,0.9270
252,0.1965,-0.2769,0.9268
253,0.0076,-0.2151,0.9058
254,-0.2185,-0.2048,1.0159
255,-0.3225,0.0344,0.9858
256,-0.2051,0.1694,0.9946
257,-0.0413,0.2109,1.0493
258,0.1313,0.2815,0.9839
259,0.2400,0.1873,0.9856
260,0.1638,0.0220,0.9758
261,-0.0168,-0.2024,0.9441
262,-0.1523,-0.2532,0.9246
263,-0.2632,-0.2991,1.0129
264,-0.2727,-0.1465,0.9878
265,-0.2053,0.0430,0.9468
266,-0.1609,0.0798,0.9934
267,-0.0366,0.2690,0.9172
268,0.1265,0.2869,0.8911
269,0.1824,0.2456,0.9534
270,0.2664,0.0972,0.9084
271,0.2529,-0.0168,0.9136
272,0.1531,-0.3113,1.0188
273,0.0957,-0.3184,1.0132
274,0.0042,-0.3306,1.0806
275,-0.0264,-0.0872,1.1360
276,-0.0190,0.0925,1.0500
277,-0.0012,0.2139,1.0327
278,0.0618,0.2419,0.9087
279,0.1284,0.2280,0.8079
280,0.1208,0.0769,0.8489
281,0.0933,-0.0190,0.7622
282,-0.0339,-0.1846,0.8618
283,-0.1743,-0.3196,0.9661
284,-0.2649,-0.1746,1.0024
285,-0.3169,-0.1646,1.1643
286,-0.2925,0.1470,1.1663
287,-0.2534,0.2913,1.1409
288,-0.1370,0.3835,1.1079
289,0.0010,0.2756,0.9475
290,0.2136,0.0989,0.8555
291,0.4224,-0.1211,0.8062
292,0.5103,-0.2827,0.7495
293,0.4399,-0.3809,0.7896
294,0.2827,-0.3423,0.9106
295,0.0149,-0.2134,1.0015
296,-0.2236,0.0222,1.0991
297,-0.3494,0.1995,1.2065
298,-0.3645,0.3699,1.1313
299,-0.1870,0.4780,1.0676
300,0.0225,0.2825,1.0725
301,0.2388,0.1621,0.8315
302,0.4272,-0.1675,0.7915
303,0.4019,-0.4546,0.8198
304,0.2517,-0.4634,0.7495
305,0.0459,-0.3606,0.9104
306,-0.2317,-0.1514,1.0669
307,-0.4348,0.1541,1.0493
308,-0.4949,0.2651,1.1411
309,-0.5034,0.3398,1.2004
310,-0.3293,0.4529,1.0278
311,-0.0867,0.3511,1.0071
312,0.1223,0.0081,0.9241
313,0.4045,-0.1125,0.6965
314,0.4597,-0.4700,0.8167
315,0.4685,-0.4424,0.8313
316,0.3679,-0.3298,0.8430
317,0.1438,-0.1145,1.0618
318,-0.0208,0.0947,1.1350
319,-0.0867,0.2495,1.1018
320,-0.1042,0.3018,1.1926
321,-0.0076,0.3347,1.0559
322,-0.0142,-0.3110,0.8267
323,-0.1592,-0.3191,0.8396
324,-0.2854,-0.1968,0.8979
325,-0.3501,-0.0198,1.0588
326,-0.3750,0.1892,1.1067
327,-0.2847,0.3213,1.1038
328,-0.1272,0.2480,1.1382
329,0.0552,0.1699,1.0142
330,0.2839,0.0583,0.9290
331,0.4089,-0.1050,0.8743
332,0.4255,-0.1804,0.7581
333,0.3694,-0.2920,0.8076
334,0.1606,-0.2915,0.8911
335,-0.0442,-0.1155,0.9546
336,-0.2307,-0.0112,1.1235
337,-0.3616,0.1863,1.1147
338,-0.3149,0.2808,1.1311
339,-0.1711,0.2415,1.1401
340,0.1113,0.2510,0.9790
341,0.3787,-0.0393,0.9690
342,0.5603,-0.0437,0.7776
343,0.5190,-0.2188,0.7822
344,0.3218,-0.2136,0.8169
345,0.0061,-0.1516,0.8474
346,-0.3508,-0.1450,0.9995
347,-0.5823,0.0513,1.0796
348,-0.7065,0.0986,1.1243
349,-0.5803,0.2317,1.1304
350,-0.3335,0.1506,1.1067
351,-0.0100,0.1633,0.9888
352,0.2993,0.0671,0.9321
353,0.5198,-0.0295,0.8391
354,0.6348,-0.1213,0.7925
355,0.5525,-0.2234,0.8547
356,0.4087,-0.1543,0.8853
357,0.1382,-0.1978,1.0161
358,-0.1216,-0.0508,1.0347
359,-0.3079,0.0894,1.0610
360,-0.3923,0.0876,1.1226
361,-0.2954,0.2505,1.0266
362,-0.1328,0.1687,0.9966
363,0.0840,0.0793,0.9573
364,0.2346,0.0095,0.8276
365,0.2644,-0.0498,0.8665
366,0.1550,-0.1733,0.9546
367,0.0164,-0.1099,0.9146
368,-0.1931,-0.0947,1.0645
369,-0.3176,-0.0420,1.0776
370,-0.3521,0.0835,1.0212
371,-0.2734,0.1001,1.0325
372,-0.1047,0.1755,0.9829
373,0.0994,0.1423,0.8892
374,0.2627,0.0637,0.8696
375,0.3455,-0.0593,0.8606
376,0.3423,-0.1445,0.8696
377,0.2742,-0.2056,0.9771
378,0.1548,-0.1731,1.0305
379,-0.0200,-0.1172,1.0813
380,-0.1543,-0.0083,1.1213
381,-0.2136,0.0867,1.1140
382,-0.1719,0.2556,1.0200
383,-0.0312,0.1997,0.9680
384,0.1238,0.1787,0.8528
385,0.2461,0.0752,0.7778
386,0.2825,-0.0889,0.8499
387,0.1624,-0.1382,0.8179
388,-0.0298,-0.1953,0.9448
389,-0.2661,-0.1882,1.0686
390,-0.4287,-0.0449,1.0659
391,-0.5024,0.0051,1.1799
392,-0.3984,0.1052,1.1108
393,-0.1528,0.1868,1.0266
394,0.1616,0.1284,0.9700
395,0.4043,0.1411,0.8748
396,0.5640,-0.0220,0.8198
397,0.5552,-0.0815,0.8140
398,0.3230,-0.2156,0.8586
399,0.1353,-0.1562,0.9224
400,-0.1465,-0.1736,1.0530
401,-0.3184,0.0132,1.0815
402,-0.3745,0.0520,1.1389
403,-0.3293,0.1848,1.0845
404,-0.1069,0.2271,1.0051
405,0.1050,0.0869,0.9941
406,0.2947,0.1323,0.8489
407,0.3542,-0.0149,0.8694
408,0.2957,-0.0994,0.8840
409,0.1462,-0.1187,0.8599
410,-0.0325,-0.2046,0.9839
411,-0.2239,-0.1174,1.0559
412,-0.3416,0.0110,1.0376
413,-0.3589,0.0981,1.0833
414,-0.2620,0.1294,1.0601
415,-0.1497,0.1975,0.9370
416,0.0818,0.1716,0.9399
417,0.2651,-0.0132,0.9185
418,0.3677,-0.0254,0.7554
419,0.3542,-0.2297,0.9543
420,0.1895,-0.2795,0.9387
421,0.0300,-0.1509,0.9409
422,-0.1665,-0.2371,1.1741
423,-0.2327,0.1196,1.0493
424,-0.1946,0.1687,1.0659
425,-0.0056,0.2234,1.0952
426,0.1006,0.2732,0.8706
427,0.2729,0.1912,0.8931
428,0.2419,0.0381,0.8870
429,0.1492,0.0334,0.7590
430,0.0466,-0.2454,0.9563
431,-0.1379,-0.2222,0.9165
432,-0.2505,-0.2327,1.0159
433,-0.2668,-0.1411,1.1458
434,-0.3149,0.0649,1.0608
435,-0.2002,0.1079,1.1096
436,-0.0132,0.1897,1.0239
437,0.1545,0.2236,0.9055
438,0.3718,0.1995,0.8997
439,0.3757,0.0254,0.8196
440,0.3350,-0.0349,0.7854
441,0.2002,-0.2903,0.9436
442,-0.0439,-0.2358,0.9224
443,-0.2437,-0.2312,1.0608
444,-0.3860,-0.1353,1.1499
445,-0.4641,0.1096,1.0708
446,-0.3088,0.1809,1.1157
447,-0.0718,0.3071,1.0569
448,0.2705,0.3552,0.9028
449,0.5515,0.2375,0.8918
450,0.5769,-0.0627,0.8333
451,0.5073,-0.1443,0.7183
452,0.1731,-0.4341,0.9302
453,-0.1379,-0.2219,0.9058
454,-0.4084,-0.2192,1.0435
455,-0.5667,-0.0994,1.1558
456,-0.5198,0.1675,1.0620
457,-0.3247,0.2395,1.1584
458,-0.0857,0.3826,1.0493
459,0.2039,0.3423,0.8987
460,0.3325,0.0518,0.9487
461,0.3955,-0.0837,0.7629
462,0.3484,-0.3054,0.8274
463,0.1978,-0.4053,0.9058
464,0.0095,-0.3301,0.9292
465,-0.1316,-0.2495,1.0366
466,-0.2170,0.0210,1.0630
467,-0.2090,0.1633,1.1057
468,-0.0854,0.4194,1.0413
469,0.0576,0.4089,1.0356
470,0.1848,0.3298,0.9292
471,0.2461,0.1328,0.8577
472,0.2205,-0.1426,0.8694
473,0.1575,-0.2642,0.8530
474,-0.0334,-0.3784,0.9585
475,-0.1799,-0.2314,0.9917
476,-0.2961,-0.1497,1.0715
477,-0.3540,-0.0029,1.0999
478,-0.2446,0.1958,1.0198
479,-0.1028,0.2341,1.0435
480,0.1396,0.3408,0.9358
481,0.3230,0.2017,0.8948
482,0.4136,0.0281,0.8579
483,0.3306,-0.2058,0.8638
484,0.1990,-0.3088,0.8684
485,-0.0134,-0.3218,0.9976
486,-0.2346,-0.2656,1.0552
487,-0.3118,0.0161,1.0513
488,-0.3215,0.0581,1.1538
489,-0.1702,0.3401,1.0200
490,-0.0054,0.3171,1.0112
491,0.1846,0.2893,0.9614
492,0.3406,0.1643,0.8000
493,0.3494,-0.1008,0.8547
494,0.2878,-0.2126,0.8508
495,0.1252,-0.2373,0.8843
496,-0.1487,-0.2683,1.0146
497,-0.3430,-0.1606,1.0210
498,-0.4592,-0.0500,1.0864
499,-0.4424,0.1555,1.1001
500,-0.2546,0.2920,1.0786
501,-0.0073,0.2927,1.0073
502,0.2595,0.2400,0.8596
503,0.4307,-0.0515,0.9202
504,0.4587,-0.2336,0.8020
505,0.3784,-0.2847,0.8306
506,0.1902,-0.4514,0.9954
507,-0.0178,-0.1111,0.9038
508,-0.2119,-0.0747,1.1331
509,-0.2419,0.2043,1.1470
510,-0.2517,0.3669,1.0493
511,-0.1233,0.3228,1.0894
512,0.0195,0.3040,0.9788
513,0.1248,0.1614,0.8333
514,0.2332,-0.0754,0.9055
515,0.2273,-0.2551,0.7932
516,0.1296,-0.2893,0.8293
517,-0.0371,-0.3589,0.9888
518,-0.1873,-0.1150,0.9827
519,-0.3225,-0.0632,1.1177
520,-0.3284,0.1873,1.1050
521,-0.2703,0.2966,1.0669
522,-0.0430,0.3230,1.0503
523,0.1670,0.2449,0.9360
524,0.2800,0.0562,0.8792
525,0.3716,-0.1550,0.8462
526,0.3484,-0.2864,0.7981
527,0.2166,-0.4089,0.9036
528,0.0393,-0.3113,0.9504
529,-0.0972,-0.1416,1.0405
530,-0.1829,0.0078,1.1477
531,-0.2168,0.2336,1.0405
532,-0.1750,0.2205,1.0972
533,-0.0432,0.3083,1.0386
534,0.0913,0.3245,0.9048
535,0.1453,0.1611,0.9299
536,0.1414,-0.0867,0.8459
537,0.1287,-0.1594,0.7776
538,-0.0066,-0.3403,0.9634
539,-0.0798,-0.1174,0.9368
540,-0.1436,-0.1138,1.0386
541,-0.1887,0.0491,1.1040
542,-0.1096,0.1863,1.0396
543,-0.0032,0.2175,1.0659
544,0.0959,0.2271,0.9827
545,0.2107,0.0764,0.8977
546,0.2703,-0.1143,0.8792
547,0.2800,-0.2566,0.8323
548,0.1775,-0.3254,0.8977
549,0.0222,-0.2571,0.9553
550,-0.1321,-0.0859,1.0239
551,-0.2737,0.0208,1.1138
552,-0.3054,0.2385,1.0620
553,-0.3013,0.2402,1.1223
554,-0.1064,0.3511,1.0090
555,0.1001,0.3113,0.9272
556,0.1953,0.0359,0.9116
557,0.3401,-0.0750,0.7542
558,0.2659,-0.3706,0.8379
559,0.1318,-0.2866,0.8833
560,-0.0703,-0.2200,0.9299
561,-0.2415,-0.0742,1.0718
562,-0.3401,0.0488,1.1196
563,-0.3149,0.2158,1.1047
564,-0.1838,0.2664,1.1372
565,0.0151,0.3074,1.0210
566,0.2012,0.1848,0.9407
567,0.3911,0.0378,0.8647
568,0.4419,-0.2500,0.8247
569,0.3579,-0.3093,0.7974
570,0.2012,-0.3215,0.8782
571,0.0364,-0.2271,0.9917
572,-0.1172,-0.0454,1.0073
573,-0.2759,0.0637,1.0901
574,-0.3059,0.1619,1.1323
575,-0.2319,0.2363,1.0334
576,-0.1819,0.2581,1.0178
577,-0.0466,0.1211,0.9788
578,0.0952,0.0496,0.8206
579,0.1980,-0.1223,0.8684
580,0.2366,-0.1597,0.9067
581,0.1636,-0.1235,0.8862
582,0.0479,-0.0676,0.9851
583,-0.1384,-0.0444,1.0688
584,-0.2498,0.1321,1.0093
585,-0.2122,0.1160,1.0894
586,-0.1519,0.1040,1.0403
587,0.0205,0.1909,0.8694
588,0.1970,0.0383,0.9602
589,0.3079,-0.0854,0.8745
590,0.3691,-0.1348,0.7925
591,0.3145,-0.3267,1.0093
592,0.1873,-0.2307,0.9534
593,-0.0217,-0.0623,1.0063
594,-0.2544,-0.0178,1.2034
595,-0.3887,0.2070,1.0530
596,-0.3738,0.2139,1.0647
597,-0.2241,0.1799,1.0442
598,-0.0100,0.1323,0.8774
599,0.2468,0.0732,0.8430
600,0.3569,-0.0332,0.8276
601,0.3123,-0.0669,0.8137
602,0.1863,-0.1677,0.8762
603,-0.0535,-0.1028,0.9670
604,-0.2708,-0.1221,1.0923
605,-0.3296,0.0591,1.0657
606,-0.3596,0.0847,1.1440
607,-0.2144,0.1147,1.1028
608,0.0164,0.2339,0.9534
609,0.2585,0.0256,0.9885
610,0.4265,0.0356,0.8440
611,0.4688,-0.1196,0.7737
612,0.4268,-0.2114,0.8862
613,0.2314,-0.2134,0.8716
614,-0.0146,-0.1121,0.9470
615,-0.2146,-0.0940,1.1106
616,-0.3674,-0.0059,1.0874
617,-0.4058,0.1743,1.0784
618,-0.2961,0.1653,1.1392
619,-0.1653,0.2634,0.9839
620,0.0896,0.2051,0.9124
621,0.2224,0.0034,0.9031
622,0.2681,-0.0898,0.7910
623,0.2832,-0.1895,0.8345
624,0.1091,-0.1821,0.9272
625,-0.0564,-0.1255,0.9575
626,-0.1287,-0.0222,1.0276
627,-0.2925,0.0103,1.1340
628,-0.2490,0.1892,1.0725
629,-0.1228,0.2407,1.0745
630,0.0159,0.1636,0.9944
631,0.2019,0.1536,0.8752
632,0.3325,-0.0730,0.8813
633,0.3882,-0.1736,0.8364
634,0.3423,-0.3008,0.8638
635,0.1147,-0.2446,0.9468
636,-0.0500,-0.1626,1.0276
637,-0.1892,-0.0667,1.0657
638,-0.3489,0.0969,1.0845
639,-0.2622,0.1772,1.0891
640,-0.1118,0.2358,1.0168
641,0.0566,0.2478,0.9409
642,0.2134,0.1785,0.9185
643,0.2400,-0.0110,0.8489
644,0.1943,-0.1340,0.8362
645,0.0303,-0.2620,0.9050
646,-0.1262,-0.1711,0.9595
647,-0.2961,-0.0728,1.0200
648,-0.3550,0.1040,1.1057
649,-0.3730,0.1155,1.1118
650,-0.2397,0.2124,1.0129
651,-0.0393,0.0579,1.0337
652,0.2017,0.1641,0.8948
653,0.3787,0.0669,0.8616
654,0.4880,-0.0679,0.8630
655,0.4421,-0.2327,0.8303
656,0.3110,-0.2896,0.8945
657,0.1108,-0.2820,1.0256
658,-0.0676,-0.1213,1.0227
659,-0.2200,-0.0015,1.1089
660,-0.2925,0.1484,1.1252
661,-0.1985,0.3562,1.0347
662,-0.0771,0.2610,1.0552
663,0.0833,0.2859,0.8931
664,0.1379,0.0027,0.8411
665,0.1084,-0.1860,0.8586
666,0.0491,-0.2456,0.7935
667,-0.0469,-0.2683,0.9524
668,-0.1733,-0.1497,1.0168
669,-0.2271,0.1128,0.9817
670,-0.3069,0.0562,1.1870
671,-0.1729,0.1975,1.0464
672,-0.0354,0.1829,1.0237
673,0.1428,0.1548,1.0305
674,0.3513,0.1987,0.8733
675,0.4370,-0.0229,0.8521
676,0.4360,-0.1550,0.8560
677,0.3242,-0.3682,0.8345
678,0.1113,-0.3401,0.9231
679,-0.1284,-0.2412,1.0435
680,-0.2617,0.0044,1.0588
681,-0.3931,0.1562,1.1077
682,-0.3198,0.2407,1.1106
683,-0.0977,0.2839,1.0269
684,0.1238,0.2837,0.9856
685,0.2859,0.1038,0.9377
686,0.3452,-0.0732,0.8130
687,0.2065,-0.2581,0.8130
688,0.0068,-0.2815,0.8899
689,-0.1973,-0.1609,0.9214
690,-0.4255,-0.0144,1.0132
691,-0.4856,0.1143,1.0698
692,-0.3909,0.1511,1.0923
693,-0.1562,0.2073,1.0142
694,0.1587,0.2019,1.0356
695,0.4148,0.1216,0.9749
696,0.5708,0.1567,0.8491
697,0.5308,-0.1587,0.9341
698,0.3501,-0.2546,0.8579
699,0.1277,-0.3503,0.8879
700,-0.0664,-0.3669,1.0344
701,-0.2300,-0.1152,1.0042
702,-0.2517,0.0601,1.0725
703,-0.1938,0.2495,1.0862
704,-0.0898,0.3347,1.0205
705,0.0305,0.2993,0.9973
706,0.1123,0.2283,0.9341
707,0.0964,0.0286,0.8635
708,0.0684,-0.1606,0.8374
709,-0.0476,-0.3369,0.8862
710,-0.1328,-0.3003,0.9263
711,-0.2361,-0.1514,1.0190
712,-0.3296,0.0461,1.0940
713,-0.3599,0.1882,1.0676
714,-0.2698,0.2261,1.0588
715,-0.1013,0.1802,1.0325
716,0.2234,0.2729,0.8889
717,0.4475,0.1274,0.9387
718,0.6172,0.0005,0.8501
719,0.6521,-0.1960,0.7800
720,0.4343,-0.4163,0.9348
721,0.1462,-0.3552,0.9573
722,-0.1602,-0.1907,1.0261
723,-0.3901,-0.0542,1.1565
724,-0.4263,0.1365,1.0627
725,-0.2715,0.2754,1.0491
726,-0.0056,0.2722,1.0776
727,0.2888,0.2949,0.9006
728,0.3337,0.1533,0.8899
729,0.2290,-0.0181,0.8677
730,-0.0134,-0.1775,0.8020
731,-0.2417,-0.2932,0.8772
732,-0.4214,-0.2932,1.0022
733,-0.5024,-0.1079,1.0139
734,-0.3452,0.1177,1.0774
735,-0.2029,0.1775,1.1304
736,0.0425,0.2952,1.0103
737,0.2598,0.2263,1.0142
738,0.3962,0.1167,0.9631
739,0.4705,0.0403,0.8127
740,0.4167,-0.1863,0.8625
741,0.3054,-0.3635,0.8831
742,0.1716,-0.2952,0.8462
743,-0.0637,-0.2935,1.0854
744,-0.1714,-0.0496,1.0266
745,-0.2725,0.1274,1.0344
746,-0.2883,0.1572,1.1704
747,-0.1101,0.3982,0.9868
748,0.0137,0.3215,1.0024
749,0.1921,0.2397,0.9817
750,0.2285,0.0522,0.8030
751,0.1550,-0.1746,0.8547
752,-0.0107,-0.3850,0.9202
753,-0.1943,-0.2847,0.8501
754,-0.3491,-0.2004,1.0403
755,-0.4016,-0.0327,1.0747
756,-0.3352,0.2156,0.9956
757,-0.1880,0.2173,1.1213
758,0.0952,0.2920,1.0305
759,0.3474,0.2749,0.8948
760,0.4900,0.0798,0.9788
761,0.5259,-0.0786,0.8384
762,0.4019,-0.2437,0.8198
763,0.2095,-0.3882,0.9995
764,-0.0669,-0.2837,0.9312
765,-0.2512,-0.1160,1.0337
766,-0.3315,-0.0347,1.1399
767,-0.2896,0.2554,0.9739
768,-0.1199,0.2163,1.0940
769,0.0925,0.2922,0.9846
770,0.2563,0.2966,0.8696
771,0.3159,0.0242,0.9399
772,0.1836,-0.1340,0.8157
773,-0.0271,-0.2773,0.8296
774,-0.1890,-0.2888,1.0042
775,-0.3362,-0.1621,0.9829
776,-0.3481,0.0229,1.0276
777,-0.3811,0.0691,1.1636
778,-0.2156,0.3103,1.0073
779,-0.0081,0.2983,1.0452
780,0.1951,0.1758,0.9954
781,0.3979,0.1357,0.8315
782,0.5015,-0.1353,0.8647
783,0.4314,-0.2236,0.8674
784,0.2935,-0.3369,0.8687
785,0.1033,-0.2991,0.9797
786,-0.1333,-0.2207,1.0649
787,-0.2551,0.0525,1.0454
788,-0.3374,0.1367,1.1057
789,-0.2803,0.2437,1.0608
790,-0.0911,0.2717,0.9873
791,0.1487,0.2808,0.9456
792,0.2888,0.0593,0.8928
793,0.3364,-0.0303,0.7964
794,0.1958,-0.2683,0.8687
795,-0.0330,-0.2583,0.9038
796,-0.2739,-0.2029,0.9700
797,-0.4436,-0.0898,1.1079
798,-0.5208,0.0754,1.0669
799,-0.4299,0.1970,1.0854
800,-0.1758,0.2146,1.0747
801,0.1514,0.2917,0.9390
802,0.4338,0.1409,0.9553
803,0.6067,0.0442,0.8547
804,0.5884,-0.1194,0.7925
805,0.4255,-0.3186,0.9001
806,0.1809,-0.3357,0.8899
807,-0.0933,-0.2507,0.9954
808,-0.2678,-0.1387,1.1196
809,-0.3279,0.1738,1.0647
810,-0.2854,0.2126,1.1187
811,-0.1113,0.2788,1.0608
812,0.0630,0.2612,0.9399
813,0.2229,0.2036,0.9380
814,0.2632,0.0496,0.8384
815,0.1704,-0.1272,0.8186
816,-0.0122,-0.3450,0.8684
817,-0.1785,-0.3008,0.9136
818,-0.3335,-0.2219,1.0393
819,-0.3792,0.0610,1.0698
820,-0.4006,0.2019,1.1304
821,-0.2866,0.2307,1.0959
822,-0.0811,0.2637,1.0051
823,0.1218,0.1538,0.9661
824,0.3335,0.1267,0.8872
825,0.4924,-0.0344,0.8157
826,0.4812,-0.2151,0.8499
827,0.3562,-0.3201,0.8645
828,0.1677,-0.3362,0.9426
829,-0.0615,-0.2588,1.0559
830,-0.2166,0.0249,1.0640
831,-0.3062,0.1577,1.1331
832,-0.1958,0.2974,1.0784
833,0.0361,0.2717,1.0024
834,0.2563,0.2361,0.9644
835,0.3794,0.0935,0.8579
836,0.3533,-0.0532,0.8420
837,0.1375,-0.2151,0.8499
838,-0.1428,-0.1997,0.8804
839,-0.3948,-0.2632,1.0249
840,-0.5337,-0.0669,1.0334
841,-0.5286,0.0732,1.0669
842,-0.3459,0.1340,1.1401
843,-0.0701,0.2358,1.0178
844,0.2109,0.2776,0.9712
845,0.3523,0.1028,0.9856
846,0.4312,0.0461,0.7808
847,0.3953,-0.1462,0.8225
848,0.2615,-0.3245,0.9133
849,0.1179,-0.2375,0.8528
850,-0.0791,-0.2014,1.0452
851,-0.1943,-0.0388,1.1323
852,-0.2051,0.1316,1.0278
853,-0.1777,0.1558,1.1028
854,-0.0205,0.1736,1.0591
855,0.1790,0.2388,0.9163
856,0.2966,0.1267,0.9497
857,0.3237,-0.0007,0.8560
858,0.2131,-0.1206,0.7935
859,0.0142,-0.2522,0.8997
860,-0.1917,-0.2585,0.9543
861,-0.3872,-0.1013,1.0002
862,-0.4963,0.0449,1.0718
863,-0.4526,0.1626,1.1155
864,-0.3064,0.1934,1.0503
865,-0.0613,0.2781,1.0229
866,0.1626,0.1523,1.0132
867,0.3621,0.1455,0.8577
868,0.4753,-0.0369,0.8352
869,0.4253,-0.3145,0.8931
870,0.3433,-0.3306,0.8203
871,0.1375,-0.3103,0.9495
872,-0.0471,-0.1731,1.0784
873,-0.2043,0.0505,1.0098
874,-0.2590,0.1716,1.0728
875,-0.1406,0.1643,1.1008
876,0.0249,0.2803,0.9417
877,0.1428,0.2698,0.9810
878,0.2415,0.1077,0.9524
879,0.1841,-0.0117,0.8188
880,0.0315,-0.2065,0.8901
881,-0.0957,-0.2981,0.9573
882,-0.2905,-0.2065,0.9556
883,-0.4236,-0.0720,1.0249
884,-0.4485,0.0200,1.1157
885,-0.3474,0.1860,1.0090
886,-0.1013,0.2837,1.0315
887,0.1697,0.1682,1.0405
888,0.4304,0.2212,0.8396
889,0.5408,-0.0144,0.8801
890,0.5239,-0.1631,0.8931
891,0.3691,-0.2432,0.8276
892,0.1748,-0.2898,0.9641
893,-0.0947,-0.2295,1.0686
894,-0.2930,0.0129,1.0193
895,-0.3638,0.1375,1.1067
896,-0.3237,0.1611,1.1155
897,-0.1189,0.2795,0.9331
898,0.1130,0.1729,1.0022
899,0.3384,0.1145,0.8979
900,0.4155,-0.0217,0.7827
901,0.2756,-0.2014,0.8733
902,0.1052,-0.2568,0.8999
903,-0.1509,-0.2429,0.9397
904,-0.3853,-0.0918,1.0432
905,-0.5103,0.0161,1.1252
906,-0.4836,0.2073,1.0815
907,-0.3130,0.3142,1.0793
908,-0.0493,0.2126,1.0562
909,0.2024,0.1858,0.8958
910,0.4626,0.0520,0.8518
911,0.5591,-0.1638,0.8647
912,0.4814,-0.2781,0.7668
913,0.3062,-0.3420,0.8853
914,0.0378,-0.2783,1.0088
915,-0.2041,-0.0708,1.0239
916,-0.3560,0.0679,1.1047
917,-0.3423,0.2058,1.1350
918,-0.2026,0.3069,1.0608
919,0.0742,0.3289,1.0161
920,0.2573,0.1790,0.9673
921,0.3184,0.0833,0.8167
922,0.2300,-0.1487,0.8279
923,0.0850,-0.3115,0.8411
924,-0.1165,-0.3210,0.8655
925,-0.2795,-0.2368,1.0161
926,-0.3586,-0.0593,1.0767
927,-0.3901,0.0835,1.0774
928,-0.2944,0.2007,1.1145
929,-0.1260,0.2356,1.0688
930,0.1157,0.3015,0.9829
931,0.3660,0.1787,0.9397
932,0.4978,0.0769,0.8313
933,0.4546,-0.2114,0.8267
934,0.3250,-0.2732,0.8313
935,0.0193,-0.3132,0.9302
936,-0.2031,-0.2119,1.0220
937,-0.3323,-0.0344,1.0356
938,-0.3435,0.0710,1.1099
939,-0.1470,0.2095,1.0881
940,0.1250,0.2791,1.0210
941,0.3328,0.2227,1.0276
942,0.4263,0.1560,0.8896
943,0.3523,0.0452,0.8225
944,0.1460,-0.2068,0.8879
945,-0.0767,-0.2544,0.8628
946,-0.2986,-0.2629,0.9250
947,-0.3862,-0.1614,1.0569
948,-0.3989,0.0032,1.0295
949,-0.3186,0.1589,1.0767
950,-0.1655,0.1841,1.1262
951,0.0083,0.3127,0.9761
952,0.2527,0.2073,0.9709
953,0.4478,0.0515,0.9087
954,0.4607,-0.0759,0.7913
955,0.4048,-0.2690,0.8657
956,0.2219,-0.3267,0.9380
957,-0.0649,-0.2065,0.9126
958,-0.2727,-0.1218,1.0483
959,-0.4475,-0.0417,1.1294
960,-0.4343,0.2590,1.0005
961,-0.2476,0.2937,1.1001
962,0.0129,0.2129,1.0334
963,0.3052,0.3347,0.8286
964,0.4685,0.0005,0.9817
965,0.4331,-0.0806,0.8618
966,0.2549,-0.1975,0.7971
967,-0.0627,-0.3931,1.0093
968,-0.3289,-0.2456,0.9624
969,-0.4856,-0.0886,1.0063
970,-0.4839,0.0391,1.1467
971,-0.3159,0.2229,1.0256
972,-0.0586,0.2817,1.0149
973,0.2222,0.2419,1.0181
974,0.4194,0.2048,0.8833
975,0.4978,0.0549,0.8479
976,0.3918,-0.2029,0.8918
977,0.2322,-0.2493,0.8577
978,-0.0229,-0.2844,0.9700
979,-0.2271,-0.2048,1.0579
980,-0.3354,-0.0566,1.0286
981,-0.2974,0.0745,1.0559
982,-0.1707,0.1755,1.0745
983,0.0408,0.2192,0.9846
984,0.2515,0.3103,0.9263
985,0.3347,0.0962,0.9260
986,0.3738,0.0623,0.8313
987,0.2385,-0.1821,0.8403
988,0.0432,-0.2544,0.9546
989,-0.1438,-0.2463,0.9827
990,-0.3027,-0.1030,1.0190
991,-0.4141,-0.0403,1.1438
992,-0.3684,0.1592,1.0669
993,-0.2612,0.3157,1.0149
994,-0.0745,0.2041,1.0659
995,0.1567,0.2180,0.8579
996,0.3394,0.0566,0.8081
997,0.4304,-0.2087,0.9182
998,0.3965,-0.2603,0.7827
999,0.2358,-0.2993,0.8911
1000,0.0100,-0.2766,1.1008
1001,-0.2041,-0.0662,0.9915
1002,-0.3325,0.0911,1.1301
1003,-0.3345,0.1582,1.1926
1004,-0.1543,0.3704,0.9683
1005,0.0222,0.2563,1.0510
1006,0.2688,0.2036,0.9211
1007,0.4004,0.0312,0.7639
1008,0.3618,-0.1990,0.8560
1009,0.1819,-0.2134,0.8354
1010,-0.0667,-0.2290,0.8784
1011,-0.2859,-0.2002,1.0552
1012,-0.4185,-0.0383,1.0383
1013,-0.3586,0.0818,1.0903
1014,-0.2021,0.1716,1.1499
1015,0.0090,0.3098,0.9954
1016,0.2053,0.2090,1.0110
1017,0.3159,0.0618,0.9202
1018,0.3364,-0.0022,0.7798
1019,0.2922,-0.2874,0.8782
1020,0.1736,-0.3064,0.8411
1021,0.0525,-0.2456,0.8804
1022,-0.0710,-0.1890,1.0796
1023,-0.1555,0.0581,1.0376
1024,-0.2427,0.2075,1.1077
1025,-0.2708,0.2449,1.1655
1026,-0.1479,0.3538,0.9875
1027,-0.0342,0.1726,0.9976
1028,0.0894,0.0603,0.9077
1029,0.2471,-0.0903,0.7954
1030,0.2339,-0.2573,0.8687
1031,0.1138,-0.2100,0.8657
1032,-0.0586,-0.2170,0.9231
1033,-0.2642,-0.1621,1.0452
1034,-0.3462,0.0337,1.0247
1035,-0.3223,0.1426,1.1067
1036,-0.1716,0.2822,1.0911
1037,0.0393,0.3337,0.9878
1038,0.2502,0.1680,0.9829
1039,0.3940,0.0059,0.8589
1040,0.4194,-0.1555,0.8218
1041,0.3403,-0.3005,0.8599
1042,0.1667,-0.2910,0.9136
1043,-0.0422,-0.2456,0.9712
1044,-0.2185,-0.0383,1.0256
1045,-0.3237,0.0576,1.1116
1046,-0.2424,0.2261,1.0913
1047,-0.1047,0.2100,1.0532
1048,0.0449,0.1846,1.0129
1049,0.2429,0.1177,0.9172
1050,0.3201,0.1077,0.8538
1051,0.2817,-0.1143,0.9370
1052,0.1572,-0.1282,0.8237
1053,-0.0579,-0.1697,0.9045
1054,-0.2239,-0.1936,1.0601
1055,-0.3547,0.0095,0.9604
1056,-0.3901,0.1033,1.0911
1057,-0.2749,0.1128,1.1399
1058,-0.1074,0.2646,0.9126
1059,0.1084,0.1609,1.0132
1060,0.3367,0.0281,0.9485
1061,0.4470,0.0215,0.7791
1062,0.4302,-0.2861,0.9312
1063,0.3103,-0.2900,0.8850
1064,0.0444,-0.3057,0.9087
1065,-0.1367,-0.0898,1.0500
1066,-0.3625,-0.0066,1.1099
1067,-0.3794,0.1943,1.0364
1068,-0.2832,0.2029,1.0930
1069,-0.1072,0.1973,1.0334
1070,0.1255,0.2327,0.8892
1071,0.2888,0.1072,0.9192
1072,0.2859,-0.0610,0.8979
1073,0.2334,-0.0952,0.7847
1074,0.0688,-0.2087,0.9436
1075,-0.1409,-0.2056,1.0005
1076,-0.2280,-0.0117,0.9543
1077,-0.2793,-0.0330,1.1516
1078,-0.2224,0.1318,1.0764
1079,-0.0859,0.2571,0.9849
1080,0.0620,0.2275,1.0706
1081,0.2197,0.1963,0.8979
1082,0.3164,0.0652,0.8335
1083,0.3562,-0.1819,0.9075
1084,0.2974,-0.2632,0.8521
1085,0.1802,-0.2551,0.8784
1086,-0.0420,-0.2610,1.0735
1087,-0.2437,-0.0637,1.0002
1088,-0.3853,0.0776,1.0715
1089,-0.3752,0.0945,1.1782
1090,-0.2737,0.2527,0.9673
1091,-0.0801,0.1543,0.9915
1092,0.1250,0.0520,0.9536
1093,0.2639,0.0642,0.7737
1094,0.3188,-0.1033,0.8960
1095,0.2349,-0.1768,0.8940
1096,0.0581,-0.1060,0.8579
1097,-0.1069,-0.1262,1.0471
1098,-0.2432,0.0020,1.0686
1099,-0.2896,0.1379,1.0286
1100,-0.1655,0.1968,1.1458
1101,0.0247,0.2134,1.0208
1102,0.2478,0.2053,0.9143
1103,0.3979,-0.0320,0.9253
1104,0.4167,-0.1394,0.8000
1105,0.3425,-0.2756,0.8264
1106,0.1765,-0.2810,0.9231
1107,-0.0442,-0.1970,0.9565
1108,-0.1890,-0.0652,1.0422
1109,-0.3110,0.0542,1.1233
1110,-0.3430,0.2019,1.0972
1111,-0.2466,0.2407,1.0979
1112,-0.1484,0.2368,1.0442
1113,-0.0540,0.2012,0.9290
1114,0.0994,0.0454,0.8713
1115,0.1252,-0.1448,0.8306
1116,0.1528,-0.1899,0.7856
1117,0.1226,-0.2678,0.8792
1118,0.0032,-0.1819,0.9338
1119,-0.0737,-0.0642,1.0071
1120,-0.1755,0.0518,1.1050
1121,-0.1692,0.1599,1.1079
1122,-0.0269,0.2090,1.0764
1123,0.0403,0.2217,1.0413
1124,0.1902,0.1782,0.9592
1125,0.3608,-0.0088,0.8716
1126,0.3328,-0.1707,0.8645
1127,0.2986,-0.2100,0.8352
1128,0.1780,-0.2341,0.9250
1129,-0.0598,-0.1509,0.9634
1130,-0.1699,0.0117,1.0015
1131,-0.3237,-0.0356,1.1223
1132,-0.2817,0.2017,1.0374
1133,-0.1785,0.1665,1.0825
1134,-0.0503,0.2224,1.0178
1135,0.0525,0.1084,0.9182
1136,0.1477,0.0176,0.8774
1137,0.1013,-0.1543,0.8899
1138,0.0972,-0.1177,0.8228
1139,-0.0166,-0.1711,0.9656
1140,-0.1125,-0.0884,0.9946
1141,-0.1846,0.0012,0.9807
1142,-0.1697,0.0254,1.0920
1143,-0.0903,0.1416,1.0422
1144,0.0374,0.2312,0.9983
1145,0.1958,0.1670,1.0396
1146,0.2644,0.0752,0.8811
1147,0.3276,-0.0625,0.8540
1148,0.2861,-0.3196,0.9514
1149,0.1970,-0.1155,0.8088
1150,0.0112,-0.2727,1.0325
1151,-0.0701,-0.0864,1.0171
1152,-0.2427,0.0398,0.9700
1153,-0.2922,0.0498,1.1724
1154,-0.1755,0.2332,1.0239
1155,-0.1184,0.2991,0.9692
1156,0.0359,0.1213,1.0676
1157,0.1882,0.0952,0.8293
1158,0.1472,-0.0928,0.8486
1159,0.1206,-0.1841,0.9614
1160,0.0557,-0.0725,0.8137
1161,-0.1145,-0.1106,1.0005
1162,-0.1758,-0.0588,1.0354
1163,-0.2349,0.0039,0.9836
1164,-0.1711,0.0642,1.0884
1165,-0.0349,0.1350,1.0276
1166,0.0854,0.1929,0.9700
1167,0.2375,0.0757,0.9875
1168,0.3044,0.0090,0.8606
1169,0.2993,-0.1982,0.9019
1170,0.2603,-0.2314,0.9065
1171,0.1499,-0.1138,0.9165
1172,0.0071,-0.1245,1.0659
1173,-0.1050,0.0459,0.9915
1174,-0.2288,0.0730,1.0444
1175,-0.2305,0.0642,1.0972
1176,-0.1702,0.2654,0.9312
1177,-0.0718,0.0837,1.0100
1178,0.0671,0.0806,0.9065
1179,0.1440,-0.0439,0.7974
1180,0.1677,-0.1636,0.9390
1181,0.1013,-0.1018,0.8765
1182,-0.0398,-0.0471,0.9702
1183,-0.1831,-0.0613,1.0842
1184,-0.3079,0.0664,0.9927
1185,-0.2866,0.0203,1.0852
1186,-0.1714,0.1206,1.0452
1187,-0.0085,0.1968,0.9602
1188,0.1882,0.0596,0.9817
1189,0.3501,0.0088,0.8481
1190,0.4458,-0.0947,0.8628
1191,0.4453,-0.2346,0.8997
1192,0.3140,-0.0979,0.8911
1193,0.1133,-0.1638,1.0327
1194,-0.0801,0.0232,1.0237
1195,-0.3020,-0.0010,1.1001
1196,-0.3298,0.1116,1.0972
1197,-0.3140,0.1909,1.0461
1198,-0.1877,0.1672,1.0210
1199,0.0210,0.1313,0.9036
1200,0.1255,-0.0325,0.8569
1201,0.2244,-0.0771,0.8303
1202,0.2400,-0.1370,0.8704
1203,0.0886,-0.1189,0.9182
1204,-0.1062,-0.0898,0.9590
1205,-0.2866,-0.0664,1.0461
1206,-0.4111,0.0293,1.0764
1207,-0.3706,0.1233,1.0745
1208,-0.1770,0.1704,1.0688
1209,0.0750,0.1421,0.9827
1210,0.3765,0.1204,0.9185
1211,0.5874,-0.0415,0.8823
1212,0.5547,-0.1570,0.8472
1213,0.4360,-0.1387,0.8442
1214,0.1208,-0.1917,0.9797
1215,-0.1111,-0.0889,0.9915
1216,-0.3049,-0.0647,1.0659
1217,-0.3750,0.0542,1.0903
1218,-0.2539,0.1375,1.0701
1219,-0.0815,0.2056,1.0325
1220,0.0671,0.2312,0.9839
1221,0.1895,0.0793,0.9143
1222,0.1790,-0.0073,0.8208
1223,0.0491,-0.1895,0.8345
1224,-0.0288,-0.1582,0.8672
1225,-0.1877,-0.1694,0.9448
1226,-0.2646,-0.0037,1.0063
1227,-0.2693,-0.0371,1.0686
1228,-0.2422,0.0254,1.0852
1229,-0.1089,0.1228,1.0627
1230,0.0649,0.1865,1.0581
1231,0.2341,0.1782,0.9768
1232,0.3875,0.1001,0.8655
1233,0.4292,-0.1138,0.8569
1234,0.4351,-0.2207,0.8491
1235,0.3481,-0.1968,0.8599
1236,0.1333,-0.1567,1.0103
1237,-0.0986,-0.0288,1.0220
1238,-0.2710,0.0835,1.0540
1239,-0.3767,0.0544,1.1421
1240,-0.2773,0.2078,1.0269
1241,-0.0852,0.1772,1.0308
1242,0.0884,0.1560,0.9868
1243,0.2258,0.0957,0.8118
1244,0.2017,-0.0854,0.8687
1245,0.0640,-0.2195,0.8677
1246,-0.0867,-0.1399,0.8411
1247,-0.2844,-0.2224,1.0317
1248,-0.3813,-0.0647,0.9983
1249,-0.3794,0.0320,1.0364
1250,-0.2737,0.0591,1.1685
1251,-0.0486,0.2908,0.9897
1252,0.1743,0.2075,1.0435
1253,0.3962,0.1436,0.9495
1254,0.5081,0.0161,0.8225
1255,0.5103,-0.1655,0.8931
1256,0.3892,-0.1763,0.8599
1257,0.1743,-0.1611,0.9116
1258,-0.0281,-0.1934,1.0190
1259,-0.2124,-0.1018,1.0393
1260,-0.3342,0.0039,1.0708
1261,-0.2659,0.2166,1.0698
1262,-0.1538,0.1846,1.0847
1263,0.0134,0.2849,0.9224
1264,0.1289,0.1147,0.9446
1265,0.1433,-0.0374,0.9143
1266,0.0645,-0.0205,0.7729
1267,-0.0437,-0.2280,0.9360
1268,-0.2214,-0.2693,0.9690
1269,-0.3120,-0.0518,0.8950
1270,-0.3562,-0.1309,1.1821
1271,-0.2617,0.1113,1.0251
1272,-0.0413,0.2195,0.9976
1273,0.2175,0.0713,1.1428
1274,0.3999,0.3005,0.8403
1275,0.4897,0.0605,0.8989
1276,0.4771,-0.0896,0.9536
1277,0.2976,-0.1511,0.7366
1278,0.1284,-0.2014,0.9690
1279,-0.0305,-0.2686,1.0610
1280,-0.1555,0.0208,0.9224
1281,-0.2747,-0.0898,1.1577
1282,-0.2102,0.1741,1.0776
1283,-0.1094,0.1873,0.9934
1284,0.0537,0.2332,1.0386
1285,0.1143,0.0935,0.9302
1286,0.1445,0.0549,0.8079
1287,0.0771,-0.1370,0.8743
1288,-0.0435,-0.1550,0.8647
1289,-0.1843,-0.2007,0.9028
1290,-0.2778,-0.1279,1.0081
1291,-0.3572,-0.0354,1.0591
1292,-0.3401,0.0652,1.0625
1293,-0.1799,0.1882,1.0806
1294,-0.0037,0.1741,1.0620
1295,0.2246,0.2271,0.9543
1296,0.4448,0.0876,0.9302
1297,0.5454,-0.0820,0.8589
1298,0.4773,-0.1799,0.8274
1299,0.3074,-0.2883,0.9133
1300,0.0474,-0.1670,0.9407
1301,-0.1968,-0.1111,1.0403
1302,-0.3303,0.0400,1.0845
1303,-0.3079,0.1321,1.0618
1304,-0.1475,0.1689,1.0764
1305,0.0542,0.2324,1.0051
1306,0.1843,0.1924,0.9583
1307,0.2109,0.0210,0.8999
1308,0.1355,-0.0906,0.8054
1309,-0.0066,-0.2295,0.8452
1310,-0.1592,-0.2266,0.8928
1311,-0.2344,-0.1421,0.9658
1312,-0.3098,-0.0610,1.0601
1313,-0.2832,0.1208,1.0374
1314,-0.1697,0.1423,1.1108
1315,-0.0374,0.1892,1.0757
1316,0.1404,0.2893,0.9680
1317,0.3315,0.1086,1.0249
1318,0.4060,0.0801,0.8186
1319,0.4214,-0.0886,0.8003
1320,0.2988,-0.4346,0.9543
1321,0.1497,-0.2104,0.8032
1322,-0.0779,-0.2256,1.0405
1323,-0.2332,-0.0518,1.1235
1324,-0.3079,0.1604,0.9741
1325,-0.2505,0.1538,1.1399
1326,-0.1055,0.1711,1.0708
1327,0.1038,0.2791,0.9058
1328,0.2664,0.0996,1.0017
1329,0.2664,0.0269,0.8596
1330,0.1611,-0.1389,0.7820
1331,0.0071,-0.2166,0.9465
1332,-0.2341,-0.2520,0.9360
1333,-0.3381,-0.0337,0.9316
1334,-0.3970,-0.0945,1.1262
1335,-0.3499,0.1638,1.0239
1336,-0.1768,0.2131,1.0305
1337,0.0579,0.1868,1.1069
1338,0.2603,0.1667,0.8960
1339,0.4663,0.0659,0.8726
1340,0.5063,-0.1411,0.9507
1341,0.4402,-0.0920,0.7834
1342,0.2429,-0.2087,0.9504
1343,-0.0032,-0.2102,1.0227
1344,-0.1890,-0.0679,0.9465
1345,-0.2795,-0.0388,1.1069
1346,-0.2710,0.0786,1.0959
1347,-0.1001,0.2791,0.9810
1348,0.0271,0.2136,1.0659
1349,0.1763,0.1853,0.9302
1350,0.2300,0.0417,0.8188
1351,0.1545,-0.1694,0.9058
1352,0.0247,-0.2129,0.8228
1353,-0.1372,-0.2256,0.8999
1354,-0.3362,-0.2021,1.0374
1355,-0.3655,0.0359,0.9985
1356,-0.3826,0.0588,1.1321
1357,-0.2759,0.2122,1.0925
1358,-0.0647,0.2656,1.0139
1359,0.1421,0.1704,1.0315
1360,0.3047,0.1345,0.8772
1361,0.4265,-0.0076,0.8186
1362,0.4666,-0.2429,0.8928
1363,0.3208,-0.2241,0.7983
1364,0.1921,-0.2112,0.9260
1365,-0.0093,-0.2483,1.0989
1366,-0.1816,0.0476,0.9429
1367,-0.2292,0.0740,1.1426
1368,-0.1958,0.0923,1.1536
1369,-0.0659,0.3511,0.9006
1370,0.1641,0.1914,1.0911
1371,0.2937,0.0999,0.9446
1372,0.3130,0.1270,0.7065
1373,0.2090,-0.2302,0.9849
1374,-0.0308,-0.2349,0.8696
1375,-0.3049,-0.1323,0.8188
1376,-0.5200,-0.2771,1.1702
1377,-0.5627,-0.0056,0.9829
1378,-0.4329,0.1306,1.0083
1379,-0.1760,0.1423,1.1836
1380,0.1304,0.2410,0.9482
1381,0.4175,0.2004,0.9253
1382,0.4917,0.0525,1.0063
1383,0.4753,0.0398,0.8225
1384,0.2856,-0.1296,0.8870
1385,0.0820,-0.2068,0.9604
1386,-0.0835,-0.2441,0.9475
1387,-0.1631,-0.1477,0.9819
1388,-0.1423,-0.0527,1.0842
1389,-0.0547,0.0518,1.0415
1390,0.0447,0.2700,0.9700
1391,0.1301,0.1870,1.0481
1392,0.1814,0.1743,0.9280
1393,0.1121,0.1055,0.8042
1394,0.0815,-0.1145,0.9478
1395,-0.0608,-0.2788,0.8726
1396,-0.1455,-0.1279,0.8577
1397,-0.2654,-0.2598,1.1411
1398,-0.3606,0.0237,0.9868
1399,-0.3665,0.0977,1.0393
1400,-0.3125,0.1169,1.1772
1401,-0.1724,0.3179,0.9280
1402,0.1174,0.2207,0.9954
1403,0.3210,0.0879,0.9749
1404,0.4995,0.0439,0.7329
1405,0.5535,-0.2629,0.9084
1406,0.4497,-0.2642,0.8892
1407,0.1985,-0.2009,0.8821
1408,-0.0444,-0.2080,1.1030
1409,-0.2676,-0.0125,1.0452
1410,-0.3450,0.1006,1.0425
1411,-0.2312,0.1489,1.1399
1412,-0.0676,0.2446,0.9875
1413,0.1387,0.2722,0.9546
1414,0.2803,0.1199,0.9526
1415,0.2085,0.0188,0.8071
1416,0.0825,-0.1919,0.8364
1417,-0.1021,-0.2947,0.9192
1418,-0.3088,-0.2515,0.9380
1419,-0.3701,-0.0969,1.0317
1420,-0.3704,0.0850,1.1030
1421,-0.3030,0.1428,1.0747
1422,-0.1130,0.2488,1.0405
1423,0.0842,0.1426,1.0181
1424,0.2825,0.1516,0.9341
1425,0.4490,0.0969,0.8372
1426,0.4497,-0.1021,0.8726
1427,0.3635,-0.2590,0.8394
1428,0.2163,-0.2800,0.8716
1429,0.0247,-0.2561,1.0452
1430,-0.1626,-0.0554,1.0559
1431,-0.2690,0.1782,1.0696
1432,-0.2705,0.1528,1.1672
1433,-0.1199,0.2654,1.0278
1434,0.0659,0.2302,0.9663
1435,0.2095,0.1267,0.9485
1436,0.3188,0.0125,0.8164
1437,0.1970,-0.2175,0.7844
1438,0.0806,-0.2769,0.8569
1439,-0.1538,-0.3491,0.9390
1440,-0.2964,-0.0251,0.9397
1441,-0.4006,-0.0127,1.1528
1442,-0.4011,0.1724,1.1145
1443,-0.2583,0.3198,1.0608
1444,-0.0520,0.2314,1.1350
1445,0.1992,0.2400,0.9644
1446,0.4050,0.0962,0.8333
1447,0.4539,-0.1262,0.8977
1448,0.3875,-0.2805,0.7834
1449,0.2578,-0.2446,0.7817
1450,0.0154,-0.4260,1.0188
1451,-0.1465,-0.1069,0.9309
1452,-0.2542,-0.0115,1.0815
1453,-0.2400,0.1826,1.1750
1454,-0.1431,0.3337,1.0581
1455,0.0281,0.3438,1.0891
1456,0.1575,0.2234,1.0229
1457,0.2866,0.0752,0.8491
1458,0.2573,-0.1846,0.8550
1459,0.1228,-0.2180,0.8157
1460,-0.0432,-0.2197,0.8501
1461,-0.2644,-0.2014,0.9673
1462,-0.4106,-0.0750,0.9602
1463,-0.4407,0.0002,1.1040
1464,-0.3186,0.1143,1.1128
1465,-0.0637,0.3159,1.0383
1466,0.1309,0.1609,1.1167
1467,0.3582,0.2585,0.9299
1468,0.4673,0.0381,0.8696
1469,0.3884,-0.2261,0.8997
1470,0.2478,-0.2312,0.7708
1471,0.0728,-0.2383,0.9253
1472,-0.1238,-0.2029,1.0220
1473,-0.1741,0.0066,0.9595
1474,-0.2361,-0.0215,1.0894
1475,-0.1482,0.1682,1.0522
1476,-0.0398,0.1951,1.0151
1477,0.0850,0.2397,1.0120
1478,0.1992,0.1274,0.9351
1479,0.2773,-0.0051,0.8586
1480,0.2212,-0.1575,0.8677
1481,0.0913,-0.1685,0.8940
1482,-0.0669,-0.1877,0.9504
1483,-0.2632,-0.0706,1.0188
1484,-0.3752,0.0452,1.0649
1485,-0.3672,0.0935,1.1060
1486,-0.2661,0.1860,1.0295
1487,-0.1108,0.1582,1.0049
1488,0.1345,0.1316,0.9534
1489,0.3640,0.0212,0.8889
1490,0.4666,-0.0432,0.8430
1491,0.4465,-0.2104,0.8970
1492,0.3074,-0.1995,0.8782
1493,0.0605,-0.1943,0.9846
1494,-0.2021,-0.0925,1.0696
1495,-0.3352,0.0935,1.0571
1496,-0.3457,0.1406,1.0833
1497,-0.2310,0.1665,1.0500
1498,-0.0156,0.1567,0.9436
1499,0.2234,0.1350,0.9319
1500,0.3044,0.0024,0.8850
1501,0.3245,-0.0576,0.8169
1502,0.1807,-0.1880,0.8794
1503,-0.0308,-0.1714,0.9592
1504,-0.2056,-0.0720,0.9954
1505,-0.3411,0.0024,1.0601
1506,-0.3450,0.0842,1.1226
1507,-0.2385,0.1665,1.0454
1508,-0.1028,0.2078,1.0298
1509,0.0681,0.0784,1.0061
1510,0.2339,0.0850,0.8215
1511,0.3049,-0.1179,0.8567
1512,0.3057,-0.2454,0.8479
1513,0.2524,-0.1816,0.8374
1514,0.0369,-0.2224,0.9817
1515,-0.0596,-0.0457,1.0510
1516,-0.1597,-0.0200,1.0872
1517,-0.1934,0.2388,1.1086
1518,-0.1936,0.2039,1.1440
1519,-0.0642,0.2935,0.9963
1520,0.0928,0.1870,0.9399
1521,0.2219,-0.0073,0.8999
1522,0.3582,-0.0461,0.7639
1523,0.3398,-0.1719,0.8030
1524,0.1394,-0.2551,0.8860
1525,-0.1187,-0.2026,0.8882
1526,-0.3845,-0.1423,1.0540
1527,-0.5015,0.0283,1.1653
1528,-0.4661,0.1755,1.0913
1529,-0.2732,0.2068,1.1392
1530,0.0139,0.1724,1.0500
1531,0.2856,0.1768,0.9146
1532,0.4368,0.0266,0.9368
1533,0.4519,-0.0803,0.7874
1534,0.2993,-0.2285,0.7935
1535,0.1453,-0.3005,0.8801
1536,-0.0779,-0.1660,0.9077
1537,-0.2126,-0.0891,1.0393
1538,-0.2307,0.0454,1.1060
1539,-0.2556,0.2273,1.0708
1540,-0.0823,0.2446,1.1272
1541,0.1316,0.2163,1.0471
1542,0.2507,0.1611,0.9006
1543,0.3608,0.0146,0.9106
1544,0.3269,-0.1160,0.8293
1545,0.1685,-0.1401,0.8071
1546,-0.0508,-0.2429,0.9680
1547,-0.2568,-0.1316,0.9602
1548,-0.4380,-0.0520,1.0295
1549,-0.4360,0.0249,1.0940
1550,-0.3481,0.1123,1.0581
1551,-0.1541,0.1702,1.0093
1552,0.1160,0.1897,1.0288
1553,0.3416,0.0547,0.9250
1554,0.4753,0.0396,0.8167
1555,0.4548,-0.2004,0.9104
1556,0.3240,-0.1311,0.8831
1557,0.1116,-0.1531,0.9299
1558,-0.1016,-0.1174,1.0735
1559,-0.3279,-0.0520,1.0229
1560,-0.3530,0.1643,1.0286
1561,-0.3040,0.0144,1.1284
1562,-0.0920,0.2441,0.8938
1563,0.1226,0.0623,0.9419
1564,0.3140,0.0308,0.9282
1565,0.3931,0.0334,0.7983
1566,0.2729,-0.0100,0.9575
1567,0.0750,-0.0464,0.9778
1568,-0.1584,-0.0671,0.9585
1569,-0.3906,-0.1177,1.0842
1570,-0.4397,-0.0149,1.0786
1571,-0.3911,0.0352,1.0530
1572,-0.2292,0.1265,1.0337
1573,0.0151,0.1279,0.9495
1574,0.3030,0.0679,0.8704
1575,0.4595,-0.0740,0.8550
1576,0.5056,-0.0769,0.8362
1577,0.4478,-0.1245,0.8901
1578,0.2280,-0.1118,0.9570
1579,-0.0674,-0.1448,1.0325
1580,-0.2751,-0.1079,1.0894
1581,-0.4006,0.0510,1.0942
1582,-0.3909,0.1482,1.1118
1583,-0.2200,0.2778,1.0247
1584,-0.0229,0.1733,0.9426
1585,0.1665,0.0852,0.8755
1586,0.3228,-0.0396,0.8071
1587,0.3188,-0.1006,0.8018
1588,0.2927,-0.1411,0.8567
1589,0.1104,-0.1472,0.9543
1590,-0.1138,-0.0500,1.0393
1591,-0.2979,-0.0464,1.1174
1592,-0.3860,0.0315,1.1343
1593,-0.3430,0.1179,1.0933
1594,-0.1545,0.2412,1.0552
1595,0.0879,0.2117,1.0054
1596,0.3083,0.1077,0.8235
1597,0.3884,-0.0920,0.8118
1598,0.3970,-0.2764,0.8008
1599,0.3064,-0.2175,0.8000
1600,0.0935,-0.2439,0.9934
1601,-0.1204,-0.0925,1.0396
1602,-0.2942,-0.0027,1.0718
1603,-0.3655,0.0193,1.1714
1604,-0.2637,0.2026,1.0872
1605,-0.1121,0.2930,1.0491
1606,0.1228,0.2612,1.0081
1607,0.2351,0.1650,0.8547
1608,0.2969,0.0085,0.7795
1609,0.1982,-0.2144,0.8579
1610,0.0647,-0.1631,0.7954
1611,-0.0757,-0.1594,0.9329
1612,-0.2302,-0.1934,1.0813
1613,-0.2900,-0.0212,1.0190
1614,-0.2378,0.0063,1.1389
1615,-0.1504,0.1741,1.1489
1616,0.0144,0.2820,0.9849
1617,0.1731,0.2000,0.9827
1618,0.2446,0.0159,0.8892
1619,0.3267,-0.1062,0.7583
1620,0.2700,-0.3101,0.9019
1621,0.2354,-0.2144,0.8696
1622,0.0535,-0.1360,0.9524
1623,-0.1968,-0.0896,1.0952
1624,-0.2788,0.0942,1.0403
1625,-0.3560,0.1328,1.0920
1626,-0.2542,0.2463,1.1089
1627,-0.0542,0.2766,1.0110
1628,0.1157,0.2146,0.9160
1629,0.3452,-0.0120,0.8823
1630,0.3262,-0.1550,0.7961
1631,0.2214,-0.1753,0.8110
1632,0.0334,-0.2327,0.9763
1633,-0.2314,-0.0918,0.9163
1634,-0.4094,-0.0371,1.0444
1635,-0.4263,-0.0249,1.1292
1636,-0.2456,0.1880,1.0383
1637,0.0093,0.1846,1.0999
1638,0.2720,0.2083,1.0376
1639,0.4780,0.1750,0.8687
1640,0.5103,-0.0938,0.9077
1641,0.3611,-0.2141,0.8459
1642,0.2437,-0.2549,0.8042
1643,-0.0156,-0.2791,0.9778
1644,-0.1780,-0.0852,0.9448
1645,-0.2766,-0.0220,1.0415
1646,-0.2778,0.0745,1.1262
1647,-0.1743,0.2427,1.0588
1648,-0.0596,0.2358,1.0688
1649,0.0203,0.2769,0.9944
1650,0.1045,0.1316,0.8862
1651,0.0715,-0.0728,0.8696
1652,0.0581,-0.2178,0.8120
1653,0.0015,-0.1919,0.8804
1654,-0.0786,-0.1699,0.9761
1655,-0.1003,-0.0044,1.0015
1656,-0.1965,-0.0479,1.0901
1657,-0.1504,0.1570,1.0562
1658,-0.0503,0.1792,1.0920
1659,0.0676,0.2527,1.0220
1660,0.2471,0.1462,0.9390
1661,0.3716,-0.0598,0.8843
1662,0.3796,-0.1902,0.8110
1663,0.3538,-0.2461,0.8372
1664,0.1257,-0.2798,0.9438
1665,-0.1052,-0.0903,0.9741
1666,-0.2815,-0.0444,1.0894
1667,-0.3872,0.0879,1.1106
1668,-0.3411,0.1685,1.0610
1669,-0.1660,0.1763,1.0715
1670,0.0222,0.1809,0.9758
1671,0.2214,0.1387,0.8567
1672,0.2515,-0.0713,0.8970
1673,0.2346,-0.0720,0.8198
1674,0.1091,-0.0593,0.8518
1675,-0.1052,-0.0889,0.9946
1676,-0.2314,-0.0552,0.9800
1677,-0.2837,0.0103,1.0393
1678,-0.2556,-0.0039,1.1448
1679,-0.1311,0.1416,1.0247
1680,0.0293,0.1624,1.0093
1681,0.1528,0.0884,1.0239
1682,0.3025,0.0042,0.8137
1683,0.3677,-0.1548,0.8687
1684,0.3906,-0.2729,0.8911
1685,0.2710,-0.1392,0.8423
1686,0.0801,-0.1204,1.0100
1687,-0.1038,-0.0054,1.0549
1688,-0.3245,0.0732,1.0454
1689,-0.4097,0.1262,1.1194
1690,-0.3469,0.1892,1.0698
1691,-0.2097,0.2036,0.9563
1692,0.0168,0.0920,0.9641
1693,0.1833,-0.0198,0.8684
1694,0.3191,-0.0935,0.7776
1695,0.3347,-0.1736,0.9045
1696,0.1860,-0.1089,0.8979
1697,-0.0476,-0.0029,0.9622
1698,-0.2061,-0.0891,1.0959
1699,-0.3579,0.0308,1.0569
1700,-0.3044,0.1331,1.0669
1701,-0.0886,0.1624,1.1167
1702,0.1387,0.2102,0.9595
1703,0.3337,0.1333,0.9114
1704,0.4578,-0.0779,0.8713
1705,0.4558,-0.2092,0.8157
1706,0.3074,-0.2397,0.8479
1707,0.0959,-0.1592,0.9468
1708,-0.1362,-0.1272,1.0383
1709,-0.3127,-0.0054,1.0435
1710,-0.4058,0.0613,1.1213
1711,-0.2915,0.0884,1.1194
1712,-0.1152,0.2087,1.0103
1713,0.0728,0.2102,0.9846
1714,0.2029,0.0933,0.9192
1715,0.2192,-0.0281,0.7827
1716,0.1067,-0.1533,0.8306
1717,0.0464,-0.1235,0.8833
1718,-0.1018,-0.1135,0.9167
1719,-0.2109,0.0308,1.0139
1720,-0.2693,0.0173,1.1294
1721,-0.2822,0.1570,1.0698
1722,-0.1958,0.1555,1.1028
1723,-0.0427,0.1106,1.0669
1724,0.1350,0.1152,0.8870
1725,0.3403,-0.0630,0.8765
1726,0.4673,-0.2163,0.8755
1727,0.4741,-0.1960,0.7551
1728,0.3345,-0.2073,0.9360
1729,0.0718,-0.1890,1.0239
1730,-0.1646,0.0767,0.9485
1731,-0.3997,-0.0042,1.1860
1732,-0.3962,0.1304,1.1187
1733,-0.2759,0.2583,0.9963
1734,-0.0513,0.1416,1.1262
1735,0.1938,0.1938,0.9087
1736,0.2661,0.0815,0.7998
1737,0.2361,-0.1316,0.9104
1738,0.1619,-0.1296,0.7737
1739,-0.0820,-0.1707,0.8567
1740,-0.2668,-0.1455,1.0444
1741,-0.3638,-0.0159,1.0002
1742,-0.3914,0.0857,1.0669
1743,-0.2458,0.0530,1.1646
1744,0.0056,0.1516,1.0161
1745,0.2087,0.1777,0.9866
1746,0.4751,0.0662,0.9917
1747,0.5308,-0.0017,0.8228
1748,0.4377,-0.1519,0.8206
1749,0.3977,-0.2065,0.9165
1750,0.1047,-0.2659,0.8889
1751,-0.0774,-0.0513,0.9602
1752,-0.2639,-0.1116,1.1470
1753,-0.3633,0.1792,1.0266
1754,-0.2817,0.1621,1.0901
1755,-0.1248,0.1479,1.0979
1756,0.0200,0.2048,0.9207
1757,0.2151,0.1099,0.8953
1758,0.1638,-0.0642,0.9260
1759,0.0654,-0.1023,0.7603
1760,-0.0403,-0.1731,0.8958
1761,-0.2522,-0.2642,1.0200
1762,-0.2869,0.0916,0.9153
1763,-0.3696,0.0081,1.1467
1764,-0.2922,0.2107,1.0894
1765,-0.1248,0.1531,0.9976
1766,0.0815,0.1138,1.0728
1767,0.3540,0.0676,0.9224
1768,0.5376,0.0273,0.8218
1769,0.5183,-0.1626,0.8928
1770,0.4763,-0.1506,0.8215
1771,0.2349,-0.3035,0.8972
1772,-0.0398,-0.1987,1.0210
1773,-0.2629,-0.0752,1.0435
1774,-0.3806,0.1145,1.1099
1775,-0.3652,0.1926,1.1460
1776,-0.1929,0.2612,1.0334
1777,-0.0039,0.1780,1.0005
1778,0.2534,0.1379,0.9067
1779,0.2563,0.0044,0.8394
1780,0.1946,-0.0918,0.8137
1781,0.0247,-0.2344,0.8862
1782,-0.2075,-0.1770,0.8928
1783,-0.3159,-0.0725,1.0042
1784,-0.3633,-0.0122,1.1155
1785,-0.3560,0.1052,1.0286
1786,-0.1665,0.1301,1.1145
1787,0.0012,0.1074,1.0474
1788,0.2456,0.2292,0.9077
1789,0.4646,0.0117,0.9592
1790,0.5193,0.0383,0.8274
1791,0.4836,-0.1404,0.8257
1792,0.3699,-0.2576,0.9250
1793,0.1309,-0.2507,0.9192
1794,-0.1108,-0.1560,1.0129
1795,-0.2573,-0.0100,1.1018
1796,-0.3623,0.0957,1.0894
1797,-0.3049,0.1663,1.0522
1798,-0.1399,0.1721,1.0483
1799,0.0759,0.1868,0.9426
1800,0.2456,0.1882,0.8901
1801,0.2244,-0.0024,0.8704
1802,0.0537,-0.1343,0.8308
1803,-0.1321,-0.2441,0.8696
1804,-0.3235,-0.2197,0.9917
1805,-0.4133,-0.0642,1.0269
1806,-0.3079,0.0947,1.0679
1807,-0.2036,0.1238,1.1030
1808,0.0706,0.2009,1.0217
1809,0.2646,0.1460,1.0210
1810,0.4109,0.1282,0.9441
1811,0.5017,0.0332,0.8528
1812,0.4126,-0.1069,0.8472
1813,0.2642,-0.2244,0.8579
1814,0.1401,-0.2417,0.9185
1815,-0.0916,-0.2483,1.0188
1816,-0.1848,-0.0051,1.0337
1817,-0.2495,0.0247,1.1057
1818,-0.2278,0.1594,1.0786
1819,-0.0911,0.2053,1.0415
1820,0.0300,0.1846,1.0220
1821,0.1782,0.2126,0.9048
1822,0.2283,0.0662,0.8704
1823,0.0974,-0.1389,0.8518
1824,-0.0225,-0.2161,0.8508
1825,-0.2153,-0.2175,0.9290
1826,-0.3677,-0.0935,0.9963
1827,-0.4348,-0.0100,1.0396
1828,-0.4241,0.1394,1.0503
1829,-0.2512,0.1182,1.1118
1830,0.0459,0.1870,1.0100
1831,0.3005,0.1404,0.9641
1832,0.5542,0.0625,0.9517
1833,0.6343,-0.0544,0.8237
1834,0.4851,-0.1792,0.8499
1835,0.2849,-0.2412,0.9211
1836,0.0081,-0.2139,0.9448
1837,-0.2300,-0.1064,1.0325
1838,-0.3450,0.0315,1.1011
1839,-0.3066,0.1326,1.0315
1840,-0.1772,0.1440,1.0610
1841,0.0630,0.1550,1.0073
1842,0.2065,0.2368,0.9250
1843,0.2798,0.0837,0.9312
1844,0.1963,0.0557,0.8635
1845,-0.0066,-0.1453,0.8616
1846,-0.1589,-0.2046,0.9438
1847,-0.3586,-0.2710,0.9839
1848,-0.4263,-0.0222,0.9963
1849,-0.4116,-0.0046,1.0842
1850,-0.2810,0.1421,1.0198
1851,-0.0432,0.0913,0.9988
1852,0.2446,0.1582,0.9927
1853,0.4724,0.1499,0.9202
1854,0.6284,0.1343,0.8667
1855,0.5317,-0.1143,0.9204
1856,0.3401,-0.1804,0.8823
1857,0.0618,-0.2690,0.9702
1858,-0.1772,-0.1841,1.0542
1859,-0.3254,-0.0562,1.0249
1860,-0.3459,0.0654,1.0591
1861,-0.2358,0.0852,1.0715
1862,-0.0286,0.2380,0.9644
1863,0.1360,0.2192,0.9514
1864,0.3162,0.1631,0.9377
1865,0.2188,0.0208,0.8303
1866,0.1213,-0.0574,0.8521
1867,-0.0791,-0.3022,0.9956
1868,-0.2668,-0.1169,0.8892
1869,-0.3950,-0.1199,1.0725
1870,-0.3674,-0.0525,1.1128
1871,-0.3013,0.1423,0.9817
1872,-0.0913,0.1489,1.0559
1873,0.1062,0.1523,1.0276
1874,0.2712,0.1643,0.8416
1875,0.4502,0.0642,0.8743
1876,0.4558,-0.2109,0.9104
1877,0.4050,-0.1204,0.7561
1878,0.2068,-0.2722,0.9973
1879,-0.0107,-0.1804,1.0735
1880,-0.2329,0.0098,0.9709
1881,-0.2935,0.0308,1.1731
1882,-0.2847,0.1321,1.1138
1883,-0.0723,0.3376,0.9351
1884,0.0723,0.1162,1.0940
1885,0.2419,0.1870,0.8704
1886,0.2510,0.0703,0.7739
1887,0.1406,-0.1353,0.8999
1888,-0.0161,-0.2461,0.8345
1889,-0.2202,-0.2336,0.8577
1890,-0.3987,-0.1924,1.1069
1891,-0.4026,-0.0254,1.0728
1892,-0.3594,0.1594,1.0803
1893,-0.1924,0.1663,1.1587
1894,0.0581,0.2185,1.0249
1895,0.2441,0.2019,0.9446
1896,0.3826,0.1516,0.9104
1897,0.4097,-0.0249,0.8462
1898,0.3159,-0.1919,0.7817
1899,0.2092,-0.2480,0.8501
1900,0.0876,-0.3289,0.9700
1901,-0.0242,-0.1343,0.9524
1902,-0.1160,-0.0496,1.0991
1903,-0.1714,0.0583,1.1292
1904,-0.0847,0.2371,1.0337
1905,0.0261,0.2000,1.0923
1906,0.1511,0.2632,0.9856
1907,0.2588,0.1660,0.8782
1908,0.2290,-0.0063,0.8931
1909,0.0718,-0.1758,0.8237
1910,-0.1204,-0.2739,0.8638
1911,-0.3027,-0.2290,0.9673
1912,-0.4292,-0.0940,1.0061
1913,-0.4446,0.0244,1.0259
1914,-0.3508,0.0615,1.0737
1915,-0.1360,0.1501,1.0464
1916,0.1094,0.2446,0.9944
1917,0.3083,0.2510,0.9973
1918,0.4810,0.1382,0.9272
1919,0.4448,-0.0479,0.8521
1920,0.3608,-0.2441,0.8940
1921,0.1494,-0.3743,0.9280
1922,-0.0945,-0.2080,0.9087
1923,-0.2307,-0.1570,1.0962
1924,-0.3008,0.0635,1.0295
1925,-0.2117,0.2070,1.0127
1926,0.0247,0.1130,1.1245
1927,0.2561,0.3296,0.9021
1928,0.3669,0.2109,0.9622
1929,0.3789,0.0479,0.9709
1930,0.1123,-0.0308,0.7756
1931,-0.1050,-0.2434,0.9475
1932,-0.3555,-0.3142,1.0081
1933,-0.5188,-0.0459,0.8706
1934,-0.4985,-0.1326,1.1536
1935,-0.3354,0.1045,1.0139
1936,-0.1978,0.1667,0.9456
1937,0.0747,0.0869,1.1108
1938,0.2646,0.2339,0.8965
1939,0.3823,0.1123,0.8823
1940,0.4263,-0.0244,0.9653
1941,0.3130,-0.1199,0.8081
1942,0.2568,-0.2371,0.9446
1943,0.0879,-0.2766,1.0354
1944,-0.0361,-0.0503,0.9836
1945,-0.1780,-0.0576,1.0903
1946,-0.1938,0.1619,1.0442
1947,-0.1755,0.1235,1.0269
1948,0.0322,0.2542,0.9431
1949,0.1765,0.1694,0.9741
1950,0.3149,0.1262,0.8628
1951,0.2866,0.0208,0.8569
1952,0.1147,-0.2466,0.9390
1953,-0.0862,-0.1699,0.8882
1954,-0.3933,-0.2622,1.0444
1955,-0.4956,-0.0356,1.0725
1956,-0.5696,0.0750,1.0410
1957,-0.4182,0.1572,1.0747
1958,-0.1230,0.1130,1.0532
1959,0.2649,0.2498,0.8862
1960,0.5571,0.0730,0.9653
1961,0.6685,0.0464,0.8247
1962,0.4736,-0.1506,0.7854
1963,0.2749,-0.2925,0.9253
1964,-0.0371,-0.2854,0.9211
1965,-0.2356,-0.0862,1.0327
1966,-0.2756,0.0090,1.1401
1967,-0.2827,0.1604,1.0979
1968,-0.1282,0.1682,1.0786
1969,0.0659,0.2085,1.0403
1970,0.1858,0.2183,0.9573
1971,0.3083,0.1858,0.8870
1972,0.2061,-0.0254,0.8372
1973,0.0996,-0.1880,0.7998
1974,-0.0459,-0.3635,0.8840
1975,-0.2295,-0.1812,0.9438
1976,-0.3145,-0.0737,1.0598
1977,-0.3445,0.0774,1.0735
1978,-0.3699,0.0859,1.0923
1979,-0.1948,0.1519,1.0793
1980,0.0405,0.2134,0.9934
1981,0.2563,0.2087,0.9800
1982,0.4255,0.1018,0.8557
1983,0.4165,-0.0452,0.8335
1984,0.3657,-0.2781,0.8726
1985,0.1931,-0.2898,0.8650
1986,0.0132,-0.2568,0.9788
1987,-0.1123,-0.1394,1.0706
1988,-0.2090,0.0984,1.0347
1989,-0.2366,0.0994,1.1157
1990,-0.0891,0.2756,1.0376
1991,0.0078,0.2129,1.0034
1992,0.2300,0.2866,0.9573
1993,0.2883,0.1216,0.8755
1994,0.2000,-0.0525,0.8176
1995,0.1086,-0.2549,0.8684
1996,-0.1343,-0.3108,0.9026
1997,-0.3345,-0.2019,0.9778
1998,-0.4387,-0.1460,1.0835
1999,-0.5103,0.0464,1.0500
2000,-0.3350,0.1655,1.0835
2001,-0.0674,0.1770,1.0764
2002,0.2126,0.2798,0.9690
2003,0.4509,0.1997,0.9436
2004,0.5298,0.1013,0.8843
2005,0.4421,-0.1208,0.8176
2006,0.2778,-0.2808,0.8647
2007,-0.0054,-0.3000,0.9329
2008,-0.0957,-0.1758,0.9810
2009,-0.2437,-0.0720,1.0725
2010,-0.2559,0.0872,1.0688
2011,-0.1760,0.1846,1.0835
2012,-0.0322,0.2485,1.0288
2013,0.1411,0.2471,1.0034
2014,0.2632,0.1558,0.8911
2015,0.2715,0.0291,0.8557
2016,0.1702,-0.2371,0.8547
2017,0.0105,-0.2302,0.8567
2018,-0.1968,-0.2891,0.9602
2019,-0.3010,-0.1079,1.0093
2020,-0.3677,0.0029,1.0461
2021,-0.3298,0.1353,1.0872
2022,-0.1118,0.2388,1.0706
2023,0.0337,0.2332,1.0269
2024,0.2463,0.2327,0.9592
2025,0.3462,0.0571,0.9126
2026,0.3340,-0.0488,0.8335
2027,0.2556,-0.2649,0.8723
2028,0.1328,-0.3201,0.8821
2029,-0.0645,-0.2349,0.9463
2030,-0.1606,-0.1501,1.0396
2031,-0.2410,0.0398,1.0620
2032,-0.2290,0.1831,1.0520
2033,-0.0669,0.2920,1.0813
2034,0.1252,0.2852,1.0334
2035,0.3406,0.2512,0.8977
2036,0.4058,0.0293,0.9380
2037,0.2900,-0.1277,0.8491
2038,0.1423,-0.0979,0.8157
2039,-0.1572,-0.3708,1.0120
2040,-0.3442,-0.2107,0.9192
2041,-0.4175,-0.1511,0.9915
2042,-0.4224,-0.0105,1.1311
2043,-0.2366,0.2629,1.0269
2044,-0.0596,0.2993,1.0403
2045,0.0952,0.2207,1.0308
2046,0.2878,0.1252,0.8899
2047,0.3435,-0.0271,0.8674
2048,0.3301,-0.1509,0.8853
2049,0.2632,-0.2427,0.8706
2050,0.0059,-0.2756,0.9426
2051,-0.1589,-0.1392,1.0142
2052,-0.2820,-0.0623,1.0442
2053,-0.3386,0.0933,1.0835
2054,-0.1895,0.2314,1.0659
2055,0.0713,0.2856,1.0256
2056,0.3003,0.2302,0.9761
2057,0.4993,0.1658,0.8645
2058,0.4021,-0.1260,0.8655
2059,0.2725,-0.1790,0.8538
2060,0.0356,-0.2173,0.9038
2061,-0.2710,-0.1592,0.9817
2062,-0.4067,-0.1064,1.0461
2063,-0.4788,-0.0159,1.0327
2064,-0.3462,0.1426,1.0706
2065,-0.1204,0.1436,1.0776
2066,0.0554,0.2722,0.9448
2067,0.2664,0.1394,0.9592
2068,0.3269,0.0288,0.8958
2069,0.2307,-0.1235,0.8235
2070,0.2256,-0.2251,0.8921
2071,0.0430,-0.3196,0.9436
2072,-0.0435,-0.1724,0.9565
2073,-0.1025,-0.0808,1.0884
2074,-0.1951,0.0808,1.0825
2075,-0.1199,0.1804,1.0728
2076,-0.0200,0.2327,1.0315
2077,0.0884,0.2451,0.9702
2078,0.2556,0.1267,0.9036
2079,0.2742,0.0562,0.8420
2080,0.2183,-0.1240,0.8579
2081,0.1147,-0.1638,0.8794
2082,-0.0671,-0.1777,0.9321
2083,-0.2268,-0.1252,1.0483
2084,-0.3267,-0.0557,1.0579
2085,-0.3787,0.0632,1.0659
2086,-0.2620,0.1404,1.0864
2087,-0.0852,0.2117,1.0200
2088,0.1108,0.1892,0.9604
2089,0.3269,0.0891,0.9231
2090,0.3499,-0.0757,0.8403
2091,0.3269,-0.1418,0.8313
2092,0.2083,-0.2634,0.9221
2093,0.0254,-0.1750,0.9270
2094,-0.1101,-0.1438,1.0403
2095,-0.2488,-0.0193,1.0823
2096,-0.3025,0.1038,1.0659
2097,-0.2288,0.1562,1.0833
2098,-0.1062,0.2141,1.0129
2099,0.1250,0.1624,0.9380
2100,0.2642,0.0015,0.8938
2101,0.2998,-0.0371,0.8179
2102,0.2490,-0.1609,0.8401
2103,0.0745,-0.1504,0.9048
2104,-0.1169,-0.1323,0.9546
2105,-0.2542,-0.0359,1.0396
2106,-0.3481,0.0139,1.1008
2107,-0.2671,0.2036,1.0686
2108,-0.1362,0.1775,1.1028
2109,0.0615,0.2314,1.0122
2110,0.2407,0.1375,0.9331
2111,0.3687,0.0076,0.8999
2112,0.3735,-0.1543,0.8110
2113,0.2832,-0.2070,0.8501
2114,0.1191,-0.2397,0.9321
2115,-0.0396,-0.0874,0.9563
2116,-0.1980,-0.1028,1.0237
2117,-0.2705,-0.0173,1.0930
2118,-0.2417,0.0615,1.0471
2119,-0.1421,0.1775,1.0422
2120,0.0398,0.1121,1.0337
2121,0.1440,0.1721,0.9136
2122,0.2249,0.0806,0.8948
2123,0.2029,-0.0391,0.9397
2124,0.0728,-0.0576,0.8333
2125,-0.1008,-0.0920,0.9517
2126,-0.2073,-0.1389,1.0132
2127,-0.3091,-0.0037,0.9641
2128,-0.2888,-0.0210,1.0422
2129,-0.1423,0.0454,1.0540
2130,0.0146,0.1626,0.9622
2131,0.2329,0.1733,0.9866
2132,0.3169,0.1047,0.9507
2133,0.3333,0.0076,0.8508
2134,0.2712,-0.1360,0.9211
2135,0.1504,-0.2361,0.9456
2136,0.0012,-0.2192,0.9507
2137,-0.0671,-0.1643,1.0276
2138,-0.1646,-0.1165,1.0862
2139,-0.1868,0.1321,1.0227
2140,-0.1860,0.1711,1.0669
2141,-0.0789,0.2642,1.0266
2142,-0.0046,0.1887,0.9229
2143,0.1538,0.2002,0.8674
2144,0.1753,-0.0903,0.9341
2145,0.2117,0.0327,0.7874
2146,0.0967,-0.2083,0.9260
2147,-0.0808,-0.1758,0.9875
2148,-0.2251,-0.1594,0.9348
2149,-0.3391,-0.0952,1.0796
2150,-0.2988,-0.0044,1.0786
2151,-0.1584,0.1731,1.0090
2152,0.0601,0.2205,1.0347
2153,0.2837,0.2297,1.0063
2154,0.4321,0.1318,0.8560
2155,0.4001,-0.1052,0.9211
2156,0.3247,-0.2544,0.8706
2157,0.1091,-0.2136,0.8845
2158,-0.1145,-0.2515,1.0347
2159,-0.2288,-0.0308,0.9790
2160,-0.3528,-0.0437,1.0669
2161,-0.2910,0.1313,1.0803
2162,-0.1587,0.2351,1.0051
2163,0.0059,0.2034,1.0161
2164,0.1765,0.1270,0.9260
2165,0.2302,0.0093,0.8577
2166,0.2568,-0.0762,0.8979
2167,0.1802,-0.0598,0.8696
2168,-0.0454,-0.1018,0.9670
2169,-0.1614,-0.1106,0.9944
2170,-0.2610,-0.0176,0.9995
2171,-0.2883,-0.0681,1.0898
2172,-0.1038,0.2161,1.0015
2173,0.0620,0.1628,1.0337
2174,0.2439,0.1973,0.9622
2175,0.3618,0.0542,0.8833
2176,0.3491,-0.1345,0.8823
2177,0.2549,-0.2349,0.8784
2178,0.0867,-0.2930,0.9055
2179,-0.0774,-0.2356,1.0005
2180,-0.1716,-0.0591,1.0198
2181,-0.2668,-0.0042,1.0913
2182,-0.2346,0.1575,1.0991
2183,-0.1797,0.2483,1.0269
2184,-0.0791,0.2683,1.0083
2185,-0.0122,0.1453,0.9478
2186,0.0752,0.0945,0.8022
2187,0.1040,-0.1411,0.8755
2188,0.1179,-0.1853,0.8459
2189,0.0532,-0.0952,0.8364
2190,-0.0447,-0.1692,1.0696
2191,-0.1267,0.0144,1.0295
2192,-0.2104,0.0601,1.0510
2193,-0.1641,0.0251,1.1812
2194,-0.0051,0.2234,0.9907
2195,0.1184,0.1755,0.9858
2196,0.3091,0.0405,1.0249
2197,0.3960,-0.0281,0.7446
2198,0.3550,-0.1836,0.8677
2199,0.2727,-0.2693,0.9077
2200,0.1592,-0.0696,0.8088
2201,-0.0674,-0.1963,1.0786
2202,-0.1841,0.0300,1.0393
2203,-0.2952,0.1157,1.0356
2204,-0.3210,0.1504,1.1646
2205,-0.2305,0.2961,1.0640
2206,-0.1467,0.2415,0.9897
2207,-0.0137,0.0881,0.9653
2208,0.1433,-0.1157,0.8333
2209,0.1836,-0.2244,0.7903
2210,0.1533,-0.1738,0.8862
2211,0.0649,-0.1213,0.8938
2212,-0.1157,-0.0505,0.9673
2213,-0.2156,-0.0815,1.0266
2214,-0.2371,0.0415,1.0540
2215,-0.0767,0.1311,1.0708
2216,0.1265,0.2734,1.0610
2217,0.3013,0.2083,1.0005
2218,0.3992,0.0881,0.9358
2219,0.3845,-0.0686,0.8889
2220,0.2305,-0.2051,0.9146
2221,0.0703,-0.1489,0.8889
2222,-0.1079,-0.1309,0.9290
2223,-0.1968,-0.1172,1.0247
2224,-0.2788,-0.0461,0.9846
2225,-0.2505,0.0791,1.0178
2226,-0.1741,0.0413,1.1118
2227,-0.0745,0.2090,0.9387
2228,0.0510,0.1421,0.9790
2229,0.1255,-0.0234,0.9956
2230,0.1108,0.0869,0.8225
2231,0.0952,-0.0630,0.9282
2232,0.0542,-0.1079,0.9673
2233,-0.0430,-0.0835,0.8569
2234,-0.1245,-0.1326,1.0325
2235,-0.1716,-0.0442,1.0647
2236,-0.1531,0.1511,0.9653
2237,-0.1069,0.1709,1.0884
2238,-0.0061,0.1167,1.0198
2239,0.1790,0.1235,0.8674
2240,0.2808,-0.1377,0.9663
2241,0.3921,-0.0698,0.9097
2242,0.3845,-0.1472,0.8596
2243,0.2554,-0.1084,0.9946
2244,0.0347,-0.1426,1.0305
2245,-0.1982,0.0071,0.9524
2246,-0.3606,0.0054,1.0903
2247,-0.3235,0.0920,1.0317
2248,-0.1780,0.2253,0.9331
2249,-0.0349,0.0884,1.0337
2250,0.2156,0.1431,0.8958
2251,0.2253,-0.0554,0.8684
2252,0.2126,-0.0757,0.9192
2253,0.0547,-0.1108,0.9055
2254,-0.1335,-0.0625,0.9456
2255,-0.2747,-0.1069,1.0571
2256,-0.3091,-0.0107,0.9827
2257,-0.2876,-0.0154,1.0522
2258,-0.0808,0.1428,1.0425
2259,0.0767,0.2224,0.9937
2260,0.2485,0.1707,0.9875
2261,0.3188,0.0417,0.8833
2262,0.2852,-0.1121,0.8511
2263,0.2520,-0.2427,0.9114
2264,0.1655,-0.1660,0.8987
2265,0.0332,-0.1501,0.9846
2266,-0.0305,-0.0979,1.0549
2267,-0.1375,-0.0134,1.0112
2268,-0.1460,0.0718,1.0901
2269,-0.1284,0.1646,1.0833
2270,-0.0950,0.2971,0.9670
2271,-0.0083,0.1431,0.9702
2272,0.0442,0.0308,0.8958
2273,0.0564,-0.0747,0.8032
2274,0.0569,-0.0864,0.9146
2275,-0.0298,-0.1284,0.9634
2276,-0.1167,0.0168,0.9060
2277,-0.2527,-0.1484,1.0552
2278,-0.2671,-0.0525,1.0715
2279,-0.2122,0.1340,0.9839
2280,-0.0874,0.1531,1.1069
2281,0.1675,0.1086,0.9849
2282,0.3423,0.0857,0.8354
2283,0.4556,-0.1475,0.9810
2284,0.5261,-0.1555,0.8479
2285,0.3257,-0.1123,0.8296
2286,0.1272,-0.1501,1.0579
2287,-0.1096,-0.0259,0.9565
2288,-0.2856,-0.0413,1.0159
2289,-0.2913,0.0056,1.1265
2290,-0.2014,0.1863,1.0005
2291,-0.0579,0.2158,1.0208
2292,0.1514,0.2302,0.9985
2293,0.1863,0.0603,0.8997
2294,0.1516,-0.0122,0.8530
2295,0.0178,-0.1582,0.9143
2296,-0.1360,-0.1177,0.8745
2297,-0.2908,-0.1140,0.9526
2298,-0.3618,-0.1116,1.0305
2299,-0.2876,-0.0166,1.0071
2300,-0.1929,0.0000,1.0598
2301,0.0071,0.1943,1.0208
2302,0.1641,0.1111,1.0552
2303,0.3394,0.2253,0.9351
2304,0.4529,0.0256,0.9192
2305,0.4724,-0.0891,0.9084
2306,0.3933,-0.1438,0.8362
2307,0.2632,-0.2183,0.9536
2308,0.0623,-0.1553,0.9927
2309,-0.1382,-0.0447,0.9780
2310,-0.3091,-0.0115,1.0872
2311,-0.3372,0.0942,1.0425
2312,-0.2688,0.2039,0.9907
2313,-0.1484,0.1250,1.0308
2314,0.0466,0.1323,0.8889
2315,0.1196,0.0483,0.8823
2316,0.1609,-0.0781,0.9036
2317,0.0649,-0.0691,0.8608
2318,-0.1238,-0.1802,0.9661
2319,-0.2322,-0.0620,1.0112
2320,-0.3772,-0.0447,1.0090
2321,-0.3899,0.0286,1.0708
2322,-0.1946,0.1025,1.0356
2323,-0.0396,0.1145,0.9944
2324,0.2703,0.0989,0.9778
2325,0.5288,0.1184,0.9126
2326,0.5261,-0.0173,0.8918
2327,0.4958,-0.0840,0.8967
2328,0.2664,-0.2319,0.9036
2329,0.0420,-0.1467,0.9670
2330,-0.2102,-0.0850,1.0171
2331,-0.2795,0.0447,1.0933
2332,-0.2029,0.1741,1.0696
2333,-0.0918,0.2617,1.0432
2334,0.0642,0.2107,1.0093
2335,0.1726,0.0955,0.9263
2336,0.1150,-0.0208,0.8381
2337,0.0383,-0.1660,0.8862
2338,-0.1538,-0.1753,0.8618
2339,-0.2842,-0.1201,0.9202
2340,-0.3342,-0.1284,1.0415
2341,-0.3315,0.0742,0.9846
2342,-0.1965,0.0234,1.0737
2343,0.0127,0.1814,1.0542
2344,0.1123,0.2244,0.9995
2345,0.2993,0.2490,1.0220
2346,0.3513,0.0532,0.9114
2347,0.3237,-0.0737,0.8501
2348,0.2954,-0.3247,0.9019
2349,0.2019,-0.2000,0.8723
2350,0.0688,-0.2471,0.9729
2351,-0.0618,-0.1357,1.0337
2352,-0.2166,-0.0034,1.0051
2353,-0.2236,0.0583,1.0813
2354,-0.1575,0.2061,1.0442
2355,-0.0159,0.2837,0.9983
2356,0.1567,0.2354,0.9758
2357,0.2449,0.1196,0.9124
2358,0.2078,0.0376,0.8635
2359,0.0549,-0.1360,0.9036
2360,-0.1335,-0.2195,0.9302
2361,-0.3022,-0.1794,0.9446
2362,-0.4233,-0.1116,1.0178
2363,-0.3762,-0.0291,1.0396
2364,-0.2446,0.0688,1.0061
2365,0.0066,0.1472,1.0308
2366,0.2722,0.1736,0.9963
2367,0.4343,0.1616,0.9231
2368,0.5330,0.0366,0.9221
2369,0.4546,-0.1079,0.8989
2370,0.2744,-0.1943,0.8960
2371,0.0696,-0.1926,0.9670
2372,-0.1636,-0.1199,1.0139
2373,-0.3049,-0.0195,1.0093
2374,-0.3547,0.0291,1.0483
2375,-0.2449,0.1113,1.0291
2376,-0.0095,0.2007,0.9680
2377,0.1521,0.1687,0.9924
2378,0.2581,0.1672,0.8901
2379,0.2224,-0.0171,0.9016
2380,0.0671,-0.1616,0.8877
2381,-0.0540,-0.1929,0.9106
2382,-0.2390,-0.2664,1.0142
2383,-0.2649,-0.0151,0.9722
2384,-0.3198,-0.0176,1.0884
2385,-0.2717,0.1387,1.0366
2386,-0.1411,0.2224,1.0022
2387,0.0129,0.1836,1.0227
2388,0.1860,0.2180,0.9211
2389,0.3142,0.0632,0.8723
2390,0.3503,-0.1340,0.8958
2391,0.3728,-0.2688,0.8538
2392,0.2896,-0.2925,0.9229
2393,0.1172,-0.2251,1.0510
2394,0.0159,-0.0054,1.0347
2395,-0.1997,0.0688,1.0940
2396,-0.2310,0.1880,1.0793
2397,-0.1545,0.2229,1.0210
2398,-0.0293,0.2344,0.9495
2399,0.2046,0.1716,0.9399
2400,0.2434,0.0171,0.8389
2401,0.1555,-0.0801,0.8042
2402,0.0195,-0.2593,0.9233
2403,-0.2087,-0.2473,0.8921
2404,-0.4126,-0.1619,1.0149
2405,-0.4417,-0.0571,1.1079
2406,-0.4731,0.1492,1.0715
2407,-0.2720,0.1711,1.0764
2408,-0.0139,0.1655,1.0549
2409,0.1941,0.1172,0.9290
2410,0.4731,0.1589,0.9028
2411,0.5073,-0.0010,0.8950
2412,0.4531,-0.0359,0.8401
2413,0.3420,-0.2349,0.8726
2414,0.1355,-0.2446,0.9543
2415,-0.0227,-0.2146,0.9995
2416,-0.1582,0.0144,0.9993
2417,-0.2268,0.0271,1.1138
2418,-0.1436,0.1543,1.0500
2419,-0.0552,0.2502,1.0054
2420,0.1213,0.1292,1.0491
2421,0.2466,0.1487,0.8706
2422,0.1587,-0.0378,0.8774
2423,0.0869,-0.1165,0.9019
2424,-0.1294,-0.2146,0.8804
2425,-0.3291,-0.1472,0.9397
2426,-0.3931,-0.1106,1.0461
2427,-0.4514,0.0178,1.0044
2428,-0.2771,0.1570,1.0347
2429,-0.0547,0.1365,1.0806
2430,0.1350,0.2644,0.9614
2431,0.2820,0.1289,0.9866
2432,0.4097,0.0652,0.9194
2433,0.4028,-0.1001,0.8765
2434,0.2815,-0.2739,0.8901
2435,0.1294,-0.2686,0.9194
2436,0.0171,-0.2209,0.9907
2437,-0.1401,-0.0676,1.0083
2438,-0.1838,0.0061,1.0471
2439,-0.0952,0.1531,1.0317
2440,0.0078,0.2751,1.0122
2441,0.1792,0.3027,1.0054
2442,0.2637,0.1892,0.9243
2443,0.2378,0.0601,0.8550
2444,0.1072,-0.2083,0.9329
2445,-0.0198,-0.1577,0.8638
2446,-0.2419,-0.2681,0.9829
2447,-0.3843,-0.1321,1.0325
2448,-0.5015,0.0063,0.9973
2449,-0.4771,0.0881,1.0891
2450,-0.2974,0.1743,1.0461
2451,-0.0408,0.2017,0.9866
2452,0.2014,0.1172,0.9709
2453,0.4275,0.0715,0.8616
2454,0.5015,-0.1501,0.8677
2455,0.4304,-0.2024,0.8694
2456,0.2654,-0.2200,0.8870
2457,0.0596,-0.1968,1.0454
2458,-0.1106,0.0054,1.0093
2459,-0.1973,0.0969,1.0676
2460,-0.2134,0.0811,1.1040
2461,-0.0544,0.2947,0.9653
2462,0.0657,0.1978,1.0359
2463,0.2078,0.1858,0.9397
2464,0.2505,0.0134,0.8501
2465,0.1440,-0.1997,0.8911
2466,0.0317,-0.1919,0.8550
2467,-0.1348,-0.2512,0.9465
2468,-0.3296,-0.1387,1.0266
2469,-0.4019,0.0291,1.0061
2470,-0.4153,0.0366,1.1177
2471,-0.3030,0.2048,1.0220
2472,-0.0979,0.2390,1.0083
2473,0.1418,0.0867,1.0120
2474,0.3806,0.1812,0.8430
2475,0.5015,-0.0754,0.8979
2476,0.4783,-0.1865,0.8860
2477,0.3191,-0.1899,0.8176
2478,0.0969,-0.2695,1.0103
2479,-0.1321,-0.0823,1.0337
2480,-0.2715,0.0369,1.0295
2481,-0.2947,0.1089,1.1323
2482,-0.1885,0.2085,1.0364
2483,0.0100,0.2651,0.9827
2484,0.1465,0.1169,0.9878
2485,0.2800,0.1145,0.8508
2486,0.2290,-0.1235,0.8433
2487,0.0959,-0.1633,0.8518
2488,-0.0283,-0.2634,0.9124
2489,-0.2625,-0.1624,0.9663
2490,-0.3486,-0.0398,1.0647
2491,-0.3708,0.0061,1.1108
2492,-0.3455,0.1870,1.0286
2493,-0.1431,0.1760,1.0891
2494,0.0667,0.1880,1.0259
2495,0.2808,0.2205,0.8872
2496,0.4077,0.0093,0.9409
2497,0.4304,-0.1211,0.8088
2498,0.3508,-0.2788,0.8120
2499,0.2107,-0.2957,0.9407
2500,-0.0083,-0.1492,0.9944
2501,-0.1379,0.0239,1.0500
2502,-0.2468,0.0964,1.1106
2503,-0.1938,0.1821,1.0598
2504,-0.1272,0.1667,1.0327
2505,0.0488,0.2327,0.9888
2506,0.1882,0.2019,0.9370
2507,0.2434,0.0356,0.8638
2508,0.2263,-0.1772,0.8501
2509,0.0950,-0.2903,0.8420
2510,-0.0613,-0.2200,0.9182
2511,-0.2717,-0.1809,1.0308
2512,-0.3999,0.0947,0.9963
2513,-0.4436,0.0261,1.1323
2514,-0.3442,0.1685,1.0696
2515,-0.1218,0.2178,1.0090
2516,0.1321,0.1731,1.0220
2517,0.3479,0.1309,0.9036
2518,0.4431,-0.0759,0.8557
2519,0.3826,-0.1921,0.8645
2520,0.3413,-0.2710,0.8843
2521,0.1064,-0.2175,0.9514
2522,-0.1062,-0.0879,1.0034
2523,-0.1968,0.0369,1.0510
2524,-0.2834,0.1248,1.0562
2525,-0.2039,0.2322,1.0640
2526,-0.0300,0.2375,1.0247
2527,0.1655,0.1536,0.9546
2528,0.2971,0.0601,0.9075
2529,0.2778,-0.0610,0.8501
2530,0.1526,-0.2170,0.8909
2531,0.0022,-0.1885,0.8892
2532,-0.2271,-0.1965,0.9827
2533,-0.3245,-0.0715,1.0542
2534,-0.2866,0.0928,1.0344
2535,-0.2690,0.1484,1.0774
2536,-0.0923,0.1924,1.0315
2537,0.0388,0.1892,0.9604
2538,0.1777,0.0964,0.9438
2539,0.2798,-0.0471,0.8999
2540,0.2944,-0.1006,0.8130
2541,0.2283,-0.2742,0.9329
2542,0.1958,-0.1809,0.9077
2543,-0.0344,-0.1633,0.9797
2544,-0.1001,-0.0532,1.0923
2545,-0.2002,0.1621,1.0413
2546,-0.2683,0.1538,1.0774
2547,-0.1184,0.2283,1.0520
2548,0.0002,0.1765,0.9478
2549,0.1677,0.1536,0.9192
2550,0.3132,-0.0369,0.8982
2551,0.3105,-0.0640,0.8049
2552,0.1777,-0.2544,0.9272
2553,0.0081,-0.1868,0.9290
2554,-0.2068,-0.1147,0.9680
2555,-0.3198,-0.0264,1.0891
2556,-0.3706,0.0991,1.0520
2557,-0.3110,0.1763,1.0491
2558,-0.1111,0.1575,1.0601
2559,0.0884,0.1833,0.9517
2560,0.2424,0.0166,0.9124
2561,0.3628,-0.0923,0.8853
2562,0.3022,-0.2017,0.8579
2563,0.2070,-0.1990,0.9114
2564,0.0083,-0.1660,0.9731
2565,-0.1111,-0.0417,1.0073
2566,-0.1899,-0.0022,1.0735
2567,-0.1848,0.1814,1.0198
2568,-0.1299,0.1653,1.0608
2569,0.0129,0.2288,0.9976
2570,0.1575,0.1865,0.9456
2571,0.2456,0.0081,0.9307
2572,0.3049,-0.0564,0.8550
2573,0.1995,-0.1958,0.8667
2574,0.0676,-0.1833,0.9280
2575,-0.1367,-0.1555,0.9817
2576,-0.2759,-0.0037,1.0120
2577,-0.4116,-0.0027,1.1125
2578,-0.3257,0.2046,1.0154
2579,-0.2026,0.1538,1.0657
2580,0.0303,0.1753,0.9924
2581,0.2009,0.0769,0.9221
2582,0.3223,-0.0549,0.8892
2583,0.3777,-0.1221,0.8567
2584,0.2559,-0.2295,0.8862
2585,0.1191,-0.1672,0.9358
2586,-0.0759,-0.1284,1.0171
2587,-0.1836,0.0303,1.0344
2588,-0.2327,0.1089,1.0845
2589,-0.2144,0.1523,1.0325
2590,-0.0823,0.2180,1.0059
2591,0.1025,0.0876,0.9746
2592,0.2188,0.1033,0.8726
2593,0.3198,-0.1084,0.8638
2594,0.2800,-0.1292,0.8694
2595,0.1052,-0.1079,0.8677
2596,-0.0706,-0.1292,1.0042
2597,-0.2649,-0.0410,1.0100
2598,-0.3687,0.0435,1.0764
2599,-0.3428,0.0728,1.0930
2600,-0.2207,0.1885,1.0024
2601,-0.0386,0.0588,1.0549
2602,0.1523,0.1072,0.9302
2603,0.2820,-0.0129,0.9016
2604,0.3711,-0.1052,0.8691
2605,0.3181,-0.1663,0.8547
2606,0.2781,-0.1809,0.9055
2607,0.0984,-0.1409,0.9729
2608,-0.0486,-0.0603,1.0327
2609,-0.1953,0.0901,1.0630
2610,-0.3232,0.1575,1.0686
2611,-0.2651,0.2192,1.0569
2612,-0.0925,0.2117,0.9878
2613,0.0488,0.1252,0.9487
2614,0.2368,-0.0020,0.8794
2615,0.3074,-0.1101,0.8284
2616,0.2271,-0.2314,0.8667
2617,0.0857,-0.1892,0.9270
2618,-0.1199,-0.0950,0.9751
2619,-0.2456,-0.0024,1.0559
2620,-0.3140,0.0264,1.0767
2621,-0.2891,0.1521,1.0435
2622,-0.1025,0.1909,1.0823
2623,0.0588,0.2175,0.9875
2624,0.1941,0.1326,0.9016
2625,0.2751,-0.1262,0.9084
2626,0.2595,-0.1189,0.7922
2627,0.1709,-0.2922,0.9094
2628,0.0874,-0.1958,0.9497
2629,-0.0420,-0.0801,0.9390
2630,-0.1550,-0.1226,1.1089
2631,-0.1436,0.0981,1.0549
2632,-0.1138,0.1365,1.0500
2633,0.0210,0.1938,1.1038
2634,0.1252,0.2563,0.9575
2635,0.1702,0.2097,0.8833
2636,0.1570,-0.0881,0.9387
2637,0.1521,-0.0627,0.7766
2638,0.0374,-0.1455,0.8821
2639,-0.0400,-0.1123,0.9829
2640,-0.1194,0.0193,0.9563
2641,-0.2581,-0.0227,1.0513
2642,-0.2866,0.0127,1.0793
2643,-0.2361,0.1035,1.0413
2644,-0.1580,0.1282,1.0149
2645,0.0537,0.0835,1.0176
2646,0.1897,-0.0833,0.8677
2647,0.3052,-0.1235,0.8579
2648,0.3494,-0.3079,0.9163
2649,0.3472,-0.0989,0.8745
2650,0.1599,-0.1108,0.9973
2651,0.0349,0.0928,1.0481
2652,-0.1870,0.0457,1.0627
2653,-0.2742,0.2131,1.0227
2654,-0.2395,0.1650,1.0728
2655,-0.1440,0.1814,0.9878
2656,0.0518,0.1943,0.8872
2657,0.1797,-0.0925,0.9478
2658,0.2058,-0.1125,0.8186
2659,0.1084,-0.1721,0.8538
2660,-0.0127,-0.1440,0.9839
2661,-0.2053,-0.0774,0.9595
2662,-0.2788,-0.0066,1.0227
2663,-0.2854,-0.0168,1.1138
2664,-0.1587,0.1521,1.0188
2665,0.0630,0.1960,1.0510
2666,0.2146,0.2029,1.0042
2667,0.3435,0.1128,0.9065
2668,0.3335,-0.1377,0.8872
2669,0.2798,-0.1562,0.8313
2670,0.2205,-0.2922,0.9192
2671,0.0542,-0.1846,0.9045
2672,-0.0801,-0.0439,0.9856
2673,-0.1926,-0.1338,1.1313
2674,-0.3308,0.1545,0.9917
2675,-0.2874,0.1714,1.0981
2676,-0.1689,0.1985,1.0991
2677,-0.0132,0.3337,0.8892
2678,0.1287,0.0569,0.9983
2679,0.2529,-0.0261,0.8452
2680,0.1687,-0.1677,0.7761
2681,0.1240,-0.2405,0.9309
2682,-0.0830,-0.0996,0.8977
2683,-0.2002,-0.0183,1.0044
2684,-0.2275,-0.0095,1.0999
2685,-0.2585,0.1399,1.0044
2686,-0.0608,0.1277,1.1021
2687,0.0776,0.1814,1.0581
2688,0.2549,0.2207,0.9272
2689,0.3337,-0.0823,0.9768
2690,0.3367,-0.1389,0.8127
2691,0.2659,-0.3472,0.8677
2692,0.2039,-0.2556,0.9133
2693,-0.0093,-0.1340,0.9534
2694,-0.0972,0.0186,1.0356
2695,-0.2522,0.0857,1.0640
2696,-0.3035,0.1646,1.0461
2697,-0.1914,0.2122,1.0486
2698,-0.1084,0.2112,1.0181
2699,0.0425,0.1980,0.9331
2700,0.0779,-0.0359,0.8977
2701,0.0740,-0.1294,0.8420
2702,0.0706,-0.2764,0.8784
2703,-0.0083,-0.1045,0.9136
2704,-0.0640,-0.0464,1.0220
2705,-0.1165,0.0359,1.0376
2706,-0.1763,0.0425,1.0090
2707,-0.0818,0.0613,1.0796
2708,0.0183,0.1580,1.0200
2709,0.1433,0.2654,0.9680
2710,0.2693,0.0950,0.9631
2711,0.3628,-0.0654,0.8550
2712,0.3477,-0.2417,0.8267
2713,0.3083,-0.2981,0.9495
2714,0.1541,-0.1479,0.9329
2715,-0.0554,-0.0103,1.0034
2716,-0.2778,-0.0713,1.1321
2717,-0.4204,0.1011,1.0042
2718,-0.3967,0.0852,1.0864
2719,-0.2100,0.1921,1.0640
2720,-0.0562,0.2725,0.9006
2721,0.1401,0.0764,0.9243
2722,0.2334,-0.0657,0.8684
2723,0.1785,-0.1482,0.8030
2724,0.1284,-0.0923,0.9124
2725,0.0024,-0.1086,0.9866
2726,-0.1860,0.0708,0.9514
2727,-0.2756,-0.0706,1.0884
2728,-0.2393,0.0635,1.0659
2729,-0.1375,0.1033,1.0200
2730,0.0510,0.2019,1.0698
2731,0.2485,0.1521,0.9517
2732,0.3677,-0.0054,0.8901
2733,0.3784,-0.2046,0.8716
2734,0.3608,-0.2368,0.8433
2735,0.1904,-0.2532,0.9309
2736,-0.0288,-0.0894,0.9700
2737,-0.1736,-0.0408,1.0513
2738,-0.3254,-0.0095,1.0571
2739,-0.3127,0.1531,1.0571
2740,-0.1650,0.2271,1.0779
2741,-0.0225,0.2937,0.9673
2742,0.1499,0.1165,0.9556
2743,0.2017,0.0051,0.8804
2744,0.1687,-0.0715,0.8289
2745,0.1150,-0.1589,0.9006
2746,-0.0605,-0.1143,0.9028
2747,-0.2056,-0.0986,0.9553
2748,-0.2434,-0.0759,1.0747
2749,-0.2417,0.0110,1.0432
2750,-0.1448,0.1624,1.0562
2751,0.0059,0.1880,1.0842
2752,0.1479,0.2278,0.9546
2753,0.2439,0.0449,0.9358
2754,0.3079,-0.1672,0.8655
2755,0.3154,-0.2478,0.8193
2756,0.2615,-0.3149,0.9272
2757,0.1482,-0.0620,0.9465
2758,-0.0583,-0.0750,1.0510
2759,-0.1858,0.0352,1.0630
2760,-0.2671,0.1191,1.0520
2761,-0.2576,0.1379,1.0833
2762,-0.0764,0.3054,1.0024
2763,0.0093,0.1523,0.9761
2764,0.0874,0.0845,0.9133
2765,0.1226,-0.1545,0.8176
2766,0.0618,-0.2212,0.8394
2767,-0.0127,-0.2122,0.8928
2768,-0.1003,-0.0244,0.9705
2769,-0.1868,0.0776,1.0376
2770,-0.2102,0.1726,1.0913
2771,-0.2161,0.1277,1.0786
2772,-0.0803,0.2173,1.0259
2773,0.0942,0.0913,1.0374
2774,0.2825,0.0837,0.9146
2775,0.4021,-0.0503,0.8479
2776,0.3909,-0.2817,0.8901
2777,0.3469,-0.2590,0.8025
2778,0.1680,-0.3010,0.9348
2779,-0.0488,-0.1423,1.0073
2780,-0.1841,0.0056,1.0286
2781,-0.3149,0.0635,1.1174
2782,-0.3147,0.1707,1.0640
2783,-0.1904,0.2114,1.0784
2784,-0.0168,0.2529,1.0142
2785,0.1465,0.2234,0.9243
2786,0.2097,-0.0571,0.8872
2787,0.1848,-0.0862,0.7954
2788,0.0676,-0.2200,0.8733
2789,-0.0911,-0.0791,0.9067
2790,-0.2307,-0.0493,0.9731
2791,-0.3762,0.0100,1.0454
2792,-0.3804,0.0588,1.0481
2793,-0.2561,0.0608,1.0620
2794,-0.0173,0.1252,1.0410
2795,0.2117,0.1387,0.9993
2796,0.4331,0.0837,0.9341
2797,0.5847,-0.0388,0.9104
2798,0.5171,-0.1836,0.8745
2799,0.3357,-0.2209,0.9133
2800,0.1055,-0.1829,0.9485
2801,-0.1492,-0.0679,0.9836
2802,-0.3218,-0.0615,1.0667
2803,-0.3674,0.0864,1.0217
2804,-0.2869,0.1213,1.0122
2805,-0.0466,0.2075,1.0266
2806,0.1567,0.2507,0.9404
2807,0.2791,0.1750,0.8870
2808,0.2446,-0.1157,0.9204
2809,0.0439,-0.1663,0.8245
2810,-0.1729,-0.1814,0.9260
2811,-0.3127,-0.1343,1.0483
2812,-0.3862,0.0264,0.9739
2813,-0.3726,-0.0020,1.1028
2814,-0.1943,0.1223,1.0461
2815,-0.0122,0.1787,0.9709
2816,0.2063,0.1172,1.0081
2817,0.4106,0.1560,0.9067
2818,0.4871,0.0737,0.8469
2819,0.4512,-0.1777,0.8882
2820,0.3286,-0.2402,0.8501
2821,0.1321,-0.2739,0.9390
2822,-0.0364,-0.1846,1.0757
2823,-0.1609,0.0105,1.0649
2824,-0.2476,0.0881,1.1096
2825,-0.2622,0.1538,1.1038
2826,-0.1567,0.2251,1.0061
2827,0.0037,0.2605,0.9702
2828,0.1602,0.1323,0.9309
2829,0.1855,-0.0261,0.7993
2830,0.1292,-0.2136,0.7778
2831,-0.0315,-0.3508,0.9143
2832,-0.2292,-0.1953,0.8782
2833,-0.3354,-0.0520,1.0452
2834,-0.3831,0.0627,1.1479
2835,-0.3164,0.3101,1.0579
2836,-0.1619,0.2231,1.1213
2837,0.0845,0.2664,1.0327
2838,0.2986,0.1440,0.9319
2839,0.5051,0.0305,0.8713
2840,0.5417,-0.1721,0.8430
2841,0.4712,-0.3193,0.7915
2842,0.2480,-0.3369,0.8752
2843,0.0474,-0.2515,0.9937
2844,-0.1580,-0.1108,1.0327
2845,-0.3013,0.1003,1.0667
2846,-0.3113,0.1580,1.1655
2847,-0.2388,0.3110,1.0422
2848,-0.0547,0.3064,1.0190
2849,0.1455,0.1682,1.0168
2850,0.1956,0.1003,0.8179
2851,0.1484,-0.1355,0.8303
2852,0.0024,-0.3079,0.8694
2853,-0.1746,-0.2664,0.8530
2854,-0.3511,-0.1604,0.9504
2855,-0.3616,-0.0291,1.0708
2856,-0.3062,0.1033,1.0347
2857,-0.2043,0.2507,1.0679
2858,0.0347,0.2122,1.0930
2859,0.3059,0.2649,0.9885
2860,0.4058,0.1304,0.9233
2861,0.5222,0.0205,0.9055
2862,0.5017,-0.2815,0.8401
2863,0.3079,-0.3086,0.8276
2864,0.1445,-0.3662,0.9858
2865,-0.1050,-0.1438,1.0032
2866,-0.2786,0.0637,1.0103
2867,-0.3196,0.0659,1.1421
2868,-0.2512,0.1980,1.0083
2869,-0.0691,0.2280,1.0061
2870,0.1558,0.2456,1.0237
2871,0.2776,0.2036,0.8938
2872,0.2087,-0.0159,0.8521
2873,0.0403,-0.2832,0.8765
2874,-0.1458,-0.2842,0.8921
2875,-0.3303,-0.1812,0.9487
2876,-0.4084,0.0210,1.0747
2877,-0.3743,0.1135,1.0522
2878,-0.3174,0.2109,1.0405
2879,-0.1187,0.1775,1.0640
2880,0.1479,0.1931,0.9839
2881,0.3591,0.1892,0.9163
2882,0.5261,0.0535,0.9065
2883,0.4985,-0.2217,0.8599
2884,0.4089,-0.3108,0.8030
2885,0.2302,-0.4241,0.9866
2886,0.0029,-0.1838,0.9907
2887,-0.1843,-0.0042,1.0422
2888,-0.2932,0.0837,1.1353
2889,-0.3030,0.2092,1.0503
2890,-0.1838,0.2080,1.0347
2891,0.0349,0.2769,0.9954
2892,0.1987,0.1902,0.9097
2893,0.2485,0.0317,0.8521
2894,0.1270,-0.1909,0.8335
2895,-0.0239,-0.2573,0.8638
2896,-0.2222,-0.3030,0.9397
2897,-0.3179,-0.0662,1.0002
2898,-0.3508,0.0217,1.0825
2899,-0.2876,0.1985,1.0588
2900,-0.1331,0.1682,1.0747
2901,0.1021,0.2722,1.0190
2902,0.2468,0.1665,0.9739
2903,0.4275,0.0938,0.9065
2904,0.4351,-0.0732,0.8364
2905,0.3452,-0.2576,0.8657
2906,0.2419,-0.3098,0.9026
2907,0.0422,-0.2417,0.9517
2908,-0.1091,-0.1235,1.0679
2909,-0.2454,0.0364,1.0610
2910,-0.3132,0.1772,1.0601
2911,-0.2437,0.1680,1.1118
2912,-0.0144,0.2859,0.9678
2913,0.1672,0.1748,0.9507
2914,0.2942,0.0623,0.8823
2915,0.2537,-0.1506,0.8137
2916,0.1201,-0.2192,0.8357
2917,-0.1255,-0.2830,0.9485
2918,-0.3186,-0.0806,0.9692
2919,-0.4221,0.0439,1.0483
2920,-0.3918,0.1006,1.1216
2921,-0.2834,0.1838,1.0151
2922,-0.0300,0.1948,1.0461
2923,0.2051,0.2180,0.9985
2924,0.3511,0.1782,0.9038
2925,0.4341,-0.0273,0.8892
2926,0.3921,-0.2056,0.8403
2927,0.3052,-0.3281,0.8657
2928,0.1382,-0.3206,0.9485
2929,-0.0320,-0.1382,0.9849
2930,-0.1929,-0.0310,1.0823
2931,-0.2795,0.0720,1.0708
2932,-0.1619,0.1831,1.0657
2933,-0.0574,0.2285,1.0474
2934,0.1304,0.3127,0.9526
2935,0.2952,0.1306,0.9429
2936,0.2214,0.0083,0.8208
2937,0.0989,-0.2163,0.8408
2938,-0.0789,-0.3147,0.9270
2939,-0.3140,-0.1074,0.8958
2940,-0.3997,-0.0886,1.0942
2941,-0.4436,0.0432,1.0601
2942,-0.4160,0.2043,1.0203
2943,-0.1665,0.1475,1.1057
2944,0.0344,0.2434,0.9807
2945,0.2786,0.1873,0.9214
2946,0.4663,0.0269,0.9399
2947,0.5093,-0.1030,0.8237
2948,0.4548,-0.3250,0.8538
2949,0.2688,-0.3579,0.9058
2950,0.0730,-0.2000,0.9592
2951,-0.1577,-0.0957,1.0911
2952,-0.2849,0.1873,1.0532
2953,-0.2593,0.1362,1.1458
2954,-0.1382,0.2505,1.0159
2955,0.0720,0.2710,0.9553
2956,0.2798,0.1145,1.0122
2957,0.3213,0.1431,0.8137
2958,0.2258,-0.1204,0.8635
2959,0.0413,-0.3281,0.8901
2960,-0.1958,-0.2180,0.8381
2961,-0.3958,-0.1670,1.0376
2962,-0.4768,0.0378,1.0732
2963,-0.4426,0.1021,1.0396
2964,-0.2729,0.1567,1.0852
2965,-0.0559,0.1667,1.0337
2966,0.1702,0.2156,0.9585
2967,0.3853,0.1567,0.9546
2968,0.4363,-0.0198,0.8606
2969,0.4194,-0.2593,0.8315
2970,0.3142,-0.3457,0.8684
2971,0.1799,-0.2280,0.9370
2972,-0.0154,-0.1594,1.0725
2973,-0.1838,0.0764,1.0015
2974,-0.2356,0.1147,1.0989
2975,-0.1953,0.1382,1.0835
2976,-0.0408,0.3748,0.9390
2977,0.1396,0.1982,1.0442
2978,0.2932,0.1975,0.8872
2979,0.2310,-0.0840,0.8237
2980,0.1501,-0.2834,0.8718
2981,-0.0713,-0.3171,0.8665
2982,-0.2930,-0.2141,0.9663
2983,-0.4146,-0.0647,1.0725
2984,-0.4641,0.0933,1.0474
2985,-0.3801,0.1108,1.0776
2986,-0.2163,0.1968,1.0881
2987,0.0042,0.3335,0.9661
2988,0.2339,0.2246,1.0034
2989,0.3660,0.0793,0.8860
2990,0.4333,-0.1194,0.8010
2991,0.4138,-0.4094,0.9065
2992,0.3047,-0.2839,0.8481
2993,0.0798,-0.2200,0.9758
2994,-0.0784,-0.0972,1.0815
2995,-0.2434,0.1052,1.0278
2996,-0.2329,0.1262,1.1018
2997,-0.0798,0.2336,1.0874
2998,0.1133,0.3357,0.9624
2999,0.2688,0.2551,0.9556
3000,0.2954,-0.0093,0.8979
3001,0.2068,-0.1262,0.7815
3002,0.0161,-0.3550,0.9185
3003,-0.2065,-0.2400,0.9172
3004,-0.3892,-0.1240,0.9778
3005,-0.4993,-0.0076,1.0737
3006,-0.4812,0.1133,1.0471
3007,-0.3069,0.1536,1.0747
3008,-0.0586,0.2478,1.0093
3009,0.2183,0.2771,1.0190
3010,0.4404,0.1199,0.9270
3011,0.4822,-0.0237,0.8293
3012,0.4500,-0.3206,0.8850
3013,0.3159,-0.3105,0.8589
3014,0.1091,-0.2031,0.9250
3015,-0.0935,-0.1646,1.1050
3016,-0.2556,0.0745,1.0161
3017,-0.2683,0.1531,1.0601
3018,-0.1692,0.1069,1.1265
3019,0.0105,0.3501,0.9114
3020,0.1978,0.2280,0.9839
3021,0.2993,0.0979,0.9487
3022,0.2046,-0.1050,0.7690
3023,0.0596,-0.3184,0.8672
3024,-0.1174,-0.3259,0.9409
3025,-0.2612,-0.1106,0.9739
3026,-0.3892,0.0679,1.0549
3027,-0.3694,0.0740,1.1226
3028,-0.3645,0.1089,1.0483
3029,-0.1672,0.2476,0.9954
3030,0.0762,0.2356,1.0618
3031,0.3416,0.2324,0.9036
3032,0.4792,0.0017,0.8274
3033,0.5134,-0.2542,0.8489
3034,0.4482,-0.3628,0.8364
3035,0.2734,-0.2781,0.9172
3036,-0.0364,-0.1389,1.0259
3037,-0.2114,-0.0051,1.0784
3038,-0.3987,0.0295,1.0688
3039,-0.3503,0.2173,1.0696
3040,-0.1519,0.1887,1.1096
3041,0.0796,0.3823,0.9224
3042,0.3420,0.2209,0.9595
3043,0.3533,-0.0571,0.8762
3044,0.2319,-0.1704,0.7134
3045,0.0237,-0.4165,0.9175
3046,-0.2102,-0.2524,0.9331
3047,-0.3840,-0.0520,0.9888
3048,-0.4495,0.0190,1.1089
3049,-0.4299,0.0898,1.1060
3050,-0.2537,0.1760,1.0317
3051,-0.0386,0.3044,1.0620
3052,0.1748,0.2344,1.0034
3053,0.4155,0.1738,0.8452
3054,0.4421,-0.1924,0.8596
3055,0.4595,-0.3218,0.8306
3056,0.3298,-0.3420,0.8450
3057,0.1404,-0.1794,0.9836
3058,-0.0784,-0.0906,1.0894
3059,-0.2603,0.1096,1.0120
3060,-0.3391,0.1008,1.1450
3061,-0.2605,0.2163,1.0481
3062,-0.0273,0.3884,0.9756
3063,0.2095,0.1868,1.0249
3064,0.3972,0.2170,0.8030
3065,0.3406,-0.2498,0.8352
3066,0.1819,-0.2969,0.8511
3067,-0.0613,-0.2681,0.8687
3068,-0.3262,-0.1787,1.0266
3069,-0.3936,-0.0261,1.0728
3070,-0.4351,0.0371,1.0657
3071,-0.2844,0.1438,1.1021
3072,-0.0789,0.2178,1.0754
3073,0.1123,0.3337,0.9731
3074,0.2769,0.1125,0.9790
3075,0.3979,0.0112,0.8052
3076,0.3462,-0.2534,0.8159
3077,0.2749,-0.3184,0.8716
3078,0.1506,-0.2209,0.8889
3079,-0.0542,-0.1853,1.0210
3080,-0.1912,0.0049,1.0647
3081,-0.3198,0.0720,1.0989
3082,-0.2932,0.2764,1.0845
3083,-0.1479,0.2644,1.0715
3084,0.0969,0.2947,0.9702
3085,0.2827,0.1150,0.9067
3086,0.4009,-0.0312,0.8276
3087,0.2920,-0.2537,0.8362
3088,0.1506,-0.2222,0.8423
3089,-0.1082,-0.2583,0.9458
3090,-0.3140,-0.1331,1.0315
3091,-0.3909,0.0195,1.0464
3092,-0.4360,0.1094,1.0901
3093,-0.2915,0.2046,1.0989
3094,-0.0708,0.2422,1.0481
3095,0.1868,0.2798,0.9673
3096,0.3962,0.0515,0.9553
3097,0.4441,-0.0850,0.7991
3098,0.3503,-0.2498,0.8342
3099,0.2505,-0.2747,0.9348
3100,-0.0320,-0.2017,0.9292
3101,-0.2024,-0.0679,1.0132
3102,-0.2971,-0.0488,1.1089
3103,-0.3203,0.1624,0.9915
3104,-0.1838,0.2063,1.0552
3105,0.0396,0.2517,1.0481
3106,0.2722,0.2954,0.9192
3107,0.3923,0.0264,0.9456
3108,0.4092,-0.0544,0.8352
3109,0.2146,-0.2959,0.8696
3110,-0.0090,-0.1948,0.9192
3111,-0.2549,-0.1689,1.0024
3112,-0.4028,-0.0298,1.0374
3113,-0.4094,-0.0085,1.0815
3114,-0.2883,0.1660,1.0503
3115,-0.1057,0.2163,1.0295
3116,0.1152,0.2153,0.9797
3117,0.2551,0.1174,0.8750
3118,0.2927,-0.0901,0.8850
3119,0.3459,-0.1741,0.8557
3120,0.2202,-0.2847,0.8765
3121,0.0757,-0.2012,0.9612
3122,-0.0542,-0.1575,1.0510
3123,-0.1995,0.0686,1.0396
3124,-0.2227,0.1160,1.1155
3125,-0.1714,0.1919,1.0813
3126,-0.0667,0.3108,0.9600
3127,0.1008,0.1724,0.9875
3128,0.2014,0.0901,0.8518
3129,0.2156,-0.1375,0.7986
3130,0.2305,-0.2041,0.8694
3131,0.1306,-0.2351,0.8987
3132,-0.0127,-0.0803,0.9585
3133,-0.1445,-0.0693,1.0999
3134,-0.3096,0.0522,1.0959
3135,-0.3662,0.1296,1.0542
3136,-0.2932,0.1497,1.0815
3137,-0.1233,0.2576,0.9927
3138,0.0923,0.1799,0.9468
3139,0.2983,0.0410,0.8911
3140,0.3894,-0.1509,0.8254
3141,0.4175,-0.2273,0.8354
3142,0.2681,-0.2913,0.9436
3143,0.0872,-0.0933,0.9631
3144,-0.1108,-0.0906,1.0667
3145,-0.3276,0.0278,1.0735
3146,-0.3167,0.1128,1.0610
3147,-0.2739,0.1558,1.0588
3148,-0.0176,0.2507,0.9702
3149,0.1484,0.1055,0.9563
3150,0.2673,0.0381,0.8186
3151,0.2954,-0.1396,0.8481
3152,0.1892,-0.2302,0.8918
3153,0.0281,-0.0984,0.8940
3154,-0.1421,-0.0859,1.0286
3155,-0.3047,-0.0100,1.0588
3156,-0.3794,0.0605,1.0500
3157,-0.3062,0.1816,1.0950
3158,-0.1782,0.2114,1.0823
3159,0.0989,0.3152,0.9565
3160,0.2634,0.0862,0.9387
3161,0.3853,-0.0508,0.8481
3162,0.3940,-0.2432,0.8003
3163,0.2847,-0.3071,0.9058
3164,0.1433,-0.2573,0.9436
3165,-0.0383,-0.1580,0.9895
3166,-0.2166,-0.0759,1.0881
3167,-0.3064,0.0515,1.0630
3168,-0.2566,0.2036,1.0715
3169,-0.1465,0.2307,1.0698
3170,0.0781,0.2722,0.9448
3171,0.2227,0.0488,0.9192
3172,0.2737,0.0144,0.8237
3173,0.2253,-0.1565,0.8655
3174,0.1062,-0.1101,0.8792
3175,-0.1201,-0.0784,0.9543
3176,-0.2544,-0.0618,1.0442
3177,-0.3381,0.0173,1.0425
3178,-0.3105,0.1184,1.0725
3179,-0.1404,0.1611,1.0972
3180,0.0581,0.2310,0.9641
3181,0.2478,0.1101,0.9631
3182,0.3462,-0.0874,0.8940
3183,0.3696,-0.1499,0.7905
3184,0.2869,-0.3464,0.9036
3185,0.1675,-0.2246,0.8955
3186,-0.0178,-0.2400,1.0034
3187,-0.1169,-0.0073,1.0356
3188,-0.2192,0.0657,1.1028
3189,-0.2717,0.2058,1.1167
3190,-0.2339,0.3091,1.0247
3191,-0.1055,0.2600,1.0454
3192,0.0151,0.1582,0.9036
3193,0.1191,0.0645,0.8091
3194,0.1814,-0.2205,0.8469
3195,0.1992,-0.1799,0.8284
3196,0.0930,-0.2126,0.9014
3197,-0.0334,-0.0500,0.9976
3198,-0.1631,-0.0500,1.0979
3199,-0.2708,0.1128,1.0432
3200,-0.2593,0.1887,1.1038
3201,-0.1250,0.1846,1.1067
3202,0.0457,0.2683,0.9380
3203,0.2378,0.0808,0.9351
3204,0.3376,-0.1440,0.9028
3205,0.3481,-0.2070,0.7314
3206,0.2795,-0.3572,0.8938
3207,0.1069,-0.3359,0.9692
3208,-0.0447,-0.0920,0.9331
3209,-0.2078,-0.0044,1.1213
3210,-0.2917,0.1372,1.1350
3211,-0.2766,0.2351,1.0181
3212,-0.1401,0.2842,1.0618
3213,0.0410,0.1765,1.0444
3214,0.2058,0.1685,0.8147
3215,0.2886,-0.0457,0.8821
3216,0.2324,-0.1375,0.9009
3217,0.1006,-0.1343,0.7903
3218,-0.0564,-0.1631,0.9556
3219,-0.2505,-0.0898,1.0276
3220,-0.3804,0.0166,1.0178
3221,-0.3301,0.1228,1.0952
3222,-0.1499,0.1743,1.1147
3223,0.0679,0.2136,0.9839
3224,0.2700,0.1353,0.9631
3225,0.4392,-0.0293,0.9260
3226,0.4390,-0.1440,0.8052
3227,0.3286,-0.2498,0.8657
3228,0.1870,-0.3574,0.9487
3229,-0.0283,-0.1794,0.9094
3230,-0.1885,-0.0759,1.0510
3231,-0.3040,0.1011,1.1331
3232,-0.3606,0.1819,1.0161
3233,-0.2017,0.3025,1.0630
3234,-0.1270,0.1418,1.0562
3235,0.0212,0.2253,0.8501
3236,0.1577,-0.0518,0.8989
3237,0.1763,-0.1333,0.8618
3238,0.1643,-0.1621,0.8276
3239,0.0435,-0.2129,0.9546
3240,-0.1003,-0.0056,0.9946
3241,-0.1787,-0.0569,1.0696
3242,-0.2119,0.1208,1.0588
3243,-0.1165,0.1995,1.0532
3244,0.0334,0.1775,1.0767
3245,0.1572,0.1621,0.9175
3246,0.2874,0.0593,0.8909
3247,0.3445,-0.2468,0.9153
3248,0.3123,-0.2124,0.7727
3249,0.2336,-0.2656,0.9272
3250,0.0625,-0.1433,1.0198
3251,-0.1353,-0.0073,1.0012
3252,-0.2434,0.0583,1.1021
3253,-0.3198,0.1313,1.1262
3254,-0.2720,0.2366,1.0012
3255,-0.1462,0.2942,1.0200
3256,-0.0427,0.1470,0.9758
3257,0.0999,0.0430,0.7886
3258,0.1545,-0.2734,0.8401
3259,0.1589,-0.2395,0.8411
3260,0.0720,-0.1147,0.8743
3261,-0.0662,-0.0730,1.0259
3262,-0.1592,0.0554,1.0608
3263,-0.2166,0.0017,1.0894
3264,-0.1621,0.1755,1.0872
3265,0.0176,0.2439,1.0854
3266,0.1609,0.2651,1.0315
3267,0.2490,0.1169,0.9075
3268,0.2820,-0.1370,0.8489
3269,0.2622,-0.3374,0.8013
3270,0.1707,-0.3950,0.7925
3271,0.1250,-0.2561,0.9084
3272,0.0120,-0.1494,1.0510
3273,-0.0706,0.1506,1.0415
3274,-0.1528,0.1399,1.1389
3275,-0.2324,0.2285,1.1165
3276,-0.2053,0.3652,1.0181
3277,-0.1001,0.1812,1.0735
3278,0.0127,0.1321,0.8755
3279,0.1052,-0.1326,0.8157
3280,0.1641,-0.2971,0.8340
3281,0.1377,-0.2100,0.7981
3282,0.0359,-0.1265,0.9368
3283,-0.1274,-0.0173,1.0208
3284,-0.2383,0.1201,1.0542
3285,-0.3020,0.1531,1.0981
3286,-0.1821,0.2065,1.1155
3287,-0.0181,0.2317,1.0356
3288,0.1934,0.1653,0.9797
3289,0.3767,-0.0879,0.9211
3290,0.4348,-0.1919,0.7864
3291,0.3018,-0.3723,0.8528
3292,0.1174,-0.2446,0.9155
3293,1.0085,-0.2488,0.9485
3294,1.9998,0.0969,0.9563
3295,1.9998,0.3320,1.0784
3296,1.9998,0.8376,1.1704
3297,1.9998,0.4998,0.8589
3298,1.9998,0.7896,0.2336
3299,1.9998,-0.5725,0.7688
3300,-1.3193,-0.2197,0.6646
3301,-1.9980,-0.3037,0.6846
3302,-1.9980,-1.3062,1.8472
3303,-1.9980,-0.5151,1.5054
3304,-1.9980,0.2727,1.2046
3305,-1.9980,0.7478,1.6333
3306,1.2180,0.7219,1.0796
3307,1.9998,0.8542,0.2583
3308,1.9998,0.4897,0.8850
3309,1.9998,0.2068,0.8472
3310,1.9998,-0.9927,0.5366
3311,1.5408,-1.1428,0.8269
3312,0.6814,-0.6584,1.0657
3313,1.5962,-0.0945,1.0454
3314,1.9998,0.0984,1.2346
3315,1.9998,0.2886,1.0852
3316,1.9998,0.5103,0.6409
3317,1.2722,0.5571,0.7092
3318,-1.4922,0.5945,0.3865
3319,-1.9978,0.0710,0.1746
3320,-1.9980,-0.8120,0.7651
3321,-1.9978,-0.7288,1.2961
3322,-0.5291,-0.7415,1.7639
3323,1.6602,-0.4255,1.9998
3324,1.9998,0.0117,1.9998
3325,1.9490,0.8657,1.8411
3326,0.7927,1.2759,1.2141
3327,-0.5376,1.1343,0.3713
3328,-0.9055,0.8181,-0.7458
3329,-0.5422,-0.3398,-1.0378
3330,0.2415,-0.9963,-1.0278
3331,0.5874,-1.7183,-0.3093
3332,0.2493,-1.6382,0.8569
3333,-0.7432,-0.9993,1.8457
3334,-1.8936,-0.0081,1.9998
3335,-1.9978,1.1304,1.9998
3336,-1.9978,1.8755,1.9998
3337,-1.8306,1.9983,1.9998
3338,-0.6812,1.5220,1.2825
3339,0.6414,0.2952,-0.1445
3340,1.5747,-0.8809,-1.4890
3341,1.9998,-1.9431,-1.8025
3342,1.9998,-2.0000,-1.4702
3343,1.7595,-1.9055,-0.6526
3344,1.1821,-1.0698,0.8657
3345,0.4956,0.2229,1.9519
3346,-0.1533,1.7454,1.9998
3347,-0.7112,1.9980,1.9998
3348,-1.1672,1.9980,1.9998
3349,-1.4436,1.7898,1.9998
3350,-1.6790,0.6218,1.3560
3351,-1.5950,-0.7964,0.0515
3352,-1.0093,-1.9873,-0.8843
3353,0.0198,-2.0000,-1.2954
3354,1.1060,-2.0000,-1.0261
3355,1.9248,-1.2932,-0.2661
3356,1.9998,0.0278,0.8430
3357,1.9907,1.2371,1.6938
3358,1.1401,1.9600,1.9998
3359,-0.0305,1.9980,1.9998
3360,-0.8284,1.8367,1.9998
3361,-1.2971,1.0564,1.7886
3362,-1.4302,-0.3142,1.2678
3363,-1.3176,-1.4038,0.4448
3364,-1.1899,-1.8147,-0.0837
3365,-1.0208,-1.9927,-0.0530
3366,-0.4832,-1.3420,-0.0137
3367,0.2007,-0.6086,0.3840
3368,1.0398,0.4712,0.9329
3369,1.8132,1.1313,1.2249
3370,1.8826,1.4995,1.4514
3371,1.3208,1.3328,1.5532
3372,0.4771,0.8601,1.5786
3373,-0.5601,0.3882,1.2327
3374,-1.3999,-0.3977,1.0002
3375,-1.6116,-0.9019,0.8262
3376,-1.4417,-0.9907,0.6294
3377,-0.9858,-0.8909,0.7288
3378,-0.4048,-0.4431,0.8020
3379,0.0464,-0.0227,0.8794
3380,0.4585,0.3679,0.9741
3381,0.7849,0.4824,1.0754
3382,1.1091,0.4019,0.9993
3383,1.3140,0.1199,1.0220
3384,1.2576,-0.0427,1.0784
3385,0.9761,-0.0359,0.9546
3386,0.4189,-0.1277,0.9631
3387,-0.2622,-0.0745,0.9622
3388,-0.9563,-0.0801,0.9565
3389,-1.3462,0.0828,0.9436
3390,-1.3423,0.2246,1.0198
3391,-1.1545,0.2761,0.9868
3392,-0.7222,0.3076,0.9016
3393,-0.1287,-0.0605,1.0090
3394,0.4880,-0.2356,0.8948
3395,0.9419,-0.4536,0.9185
3396,1.2107,-0.4080,1.0461
3397,1.1411,-0.0737,0.9673
3398,0.7771,-0.0203,1.0667
3399,0.2180,0.1384,1.0024
3400,-0.3052,0.2358,0.9524
3401,-0.6399,0.3289,1.0093
3402,-0.7688,0.3425,0.9399
3403,-0.6423,0.2161,0.8755
3404,-0.4604,-0.1580,0.9133
3405,-0.2151,-0.3091,0.8882
3406,-0.0559,-0.3550,0.9126
3407,0.1213,-0.1450,0.9829
3408,0.2791,-0.0361,1.0862
3409,0.4307,0.1472,1.0444
3410,0.5923,0.2607,1.0679
3411,0.5730,0.1355,1.0813
3412,0.4236,0.1777,0.9299
3413,0.1702,-0.0798,0.9778
3414,-0.1274,-0.2258,0.9006
3415,-0.4065,-0.2905,0.7944
3416,-0.5549,-0.2896,0.9106
3417,-0.6082,0.0081,0.8950
3418,-0.5022,0.2285,0.9390
3419,-0.2896,0.2979,1.0591
3420,-0.0110,0.4297,1.0032
3421,0.2253,0.2949,1.0393
3422,0.4050,0.1406,1.0530
3423,0.4685,-0.0627,1.0149
3424,0.3770,-0.3647,1.0054
3425,0.3042,-0.5786,0.9585
3426,0.1775,-0.5637,0.8870
3427,0.0537,-0.3049,0.8987
3428,-0.0566,0.0232,0.9270
3429,-0.1741,0.3845,0.9404
3430,-0.2268,0.4050,1.0151
3431,-0.2195,0.3757,0.9839
3432,-0.0669,0.2893,0.9778
3433,-0.0002,0.1450,1.0295
3434,0.0481,0.0813,0.9722
3435,-0.0415,-0.1377,0.9810
3436,-0.1978,-0.2590,0.9573
3437,-0.2842,-0.2761,0.9309
3438,-0.2222,-0.1782,0.9680
3439,-0.0908,-0.0015,0.9536
3440,0.2219,0.1396,0.9661
3441,0.4280,0.0930,0.9592
3442,0.5054,0.1465,0.8721
3443,0.4783,-0.0701,0.9602
3444,0.2822,-0.0403,0.9417
3445,0.0046,-0.0662,0.9807
3446,-0.1831,-0.1196,1.0627
3447,-0.3674,-0.1392,0.9946
3448,-0.4287,-0.0630,1.0295
3449,-0.4048,-0.0029,1.0784
3450,-0.2727,0.2227,0.9771
3451,-0.0427,0.1584,1.0347
3452,0.0896,0.0820,0.9114
3453,0.3220,0.0588,0.8010
3454,0.4021,-0.1216,0.8713
3455,0.3535,0.0518,0.7810
3456,0.2629,-0.0857,0.9380
3457,0.0920,-0.0022,0.9731
3458,-0.1555,-0.0210,1.0374
3459,-0.2925,-0.0161,1.1711
3460,-0.3994,0.1589,1.1194
3461,-0.3647,0.1799,1.1497
3462,-0.1711,0.1460,1.0969
3463,0.0024,0.0671,0.9019
3464,0.3015,-0.0969,0.8411
3465,0.4324,-0.2224,0.7698
3466,0.4109,-0.1985,0.6838
3467,0.3062,-0.3171,0.8469
3468,0.0967,-0.2166,0.8723
3469,-0.1199,-0.0771,1.0132
3470,-0.2415,-0.0051,1.1978
3471,-0.2925,0.3408,1.1633
3472,-0.2935,0.2908,1.2649
3473,-0.1694,0.3413,1.1663
3474,-0.0217,0.2371,0.9878
3475,0.1201,0.0596,0.8821
3476,0.2466,-0.0649,0.7397
3477,0.2988,-0.1824,0.6392
3478,0.2251,-0.3047,0.7563
3479,0.0779,-0.3298,0.8220
3480,-0.0850,-0.1765,0.9104
3481,-0.2163,-0.1057,1.1477
3482,-0.3064,0.2014,1.1802
3483,-0.2913,0.3325,1.2095
3484,-0.1411,0.3267,1.2180
3485,0.0151,0.2583,1.0442
3486,0.2666,0.1042,0.9331
3487,0.4038,-0.1042,0.8599
3488,0.4380,-0.1743,0.7622
3489,0.3433,-0.3867,0.8091
3490,0.0823,-0.4058,0.8022
3491,-0.1213,-0.2993,0.9253
3492,-0.3596,-0.1052,1.0708
3493,-0.4575,0.2856,1.0803
3494,-0.3586,0.3074,1.2153
3495,-0.2173,0.3501,1.0808
3496,0.0295,0.2249,0.9761
3497,0.2600,-0.0156,0.9788
3498,0.3640,0.0469,0.7981
3499,0.4028,-0.0288,0.8257
3500,0.2761,-0.0881,0.9268
3501,0.0544,-0.0737,0.8674
3502,-0.1599,-0.1841,1.0024
3503,-0.3167,-0.0750,1.0698
3504,-0.3525,0.0825,1.0491
3505,-0.2981,0.1331,1.0962
3506,-0.1238,0.0808,1.0249
3507,0.0837,0.0039,0.9504
3508,0.2456,-0.0618,0.8872
3509,0.4011,-0.0542,0.8821
3510,0.4302,-0.1086,0.8833
3511,0.3052,-0.0801,0.8833
3512,0.1116,-0.1167,0.9915
3513,-0.2056,-0.0657,1.0559
3514,-0.4341,0.1284,1.0217
3515,-0.4409,0.0923,1.1389
3516,-0.3918,0.1484,1.0483
3517,-0.1882,0.1619,0.9321
3518,0.0996,0.0442,0.9905
3519,0.2749,0.0916,0.8501
3520,0.3865,0.0444,0.8030
3521,0.3760,-0.1047,0.9290
3522,0.2048,-0.1252,0.8752
3523,0.0193,-0.1555,0.9309
3524,-0.1826,-0.1724,1.0581
3525,-0.2732,0.0354,1.0598
3526,-0.2546,0.0217,1.0813
3527,-0.0918,0.0710,1.0845
3528,0.0891,0.0564,1.0110
3529,0.2300,0.1472,0.9390
3530,0.2644,0.1035,0.9377
3531,0.2615,0.0664,0.8723
3532,0.1523,-0.1221,0.8706
3533,-0.0095,-0.1921,0.8967
3534,-0.1819,-0.1345,0.9543
3535,-0.2925,-0.0554,1.0247
3536,-0.2759,0.0793,1.0530
3537,-0.2202,0.0696,1.0667
3538,-0.0234,0.0879,1.0110
3539,0.1848,0.0759,0.9927
3540,0.2849,0.1111,0.9377
3541,0.2446,0.0557,0.9272
3542,0.1431,-0.0281,0.8774
3543,-0.0310,-0.1626,0.9282
3544,-0.2290,-0.1541,0.9075
3545,-0.2869,-0.0786,0.9517
3546,-0.3032,-0.0115,1.0579
3547,-0.1272,0.1023,1.0229
3548,0.0798,0.1487,1.0159
3549,0.2817,0.1477,1.0229
3550,0.4468,0.1289,0.9536
3551,0.4468,0.0864,0.8901
3552,0.3560,-0.0801,0.9497
3553,0.2319,-0.1504,0.8979
3554,-0.0312,-0.2537,0.8967
3555,-0.2053,-0.2993,1.0044
3556,-0.3762,-0.1694,0.9946
3557,-0.4697,-0.0093,1.0034
3558,-0.3569,0.1074,1.1448
3559,-0.1917,0.2747,0.9907
3560,0.0220,0.3164,0.9575
3561,0.2151,0.1125,1.0002
3562,0.3142,0.1362,0.8206
3563,0.2683,-0.0747,0.8782
3564,0.1492,-0.0789,0.9329
3565,-0.0796,-0.1938,0.9473
3566,-0.2791,-0.1443,0.9517
3567,-0.4019,-0.1367,1.0676
3568,-0.3425,0.0090,1.0483
3569,-0.1211,0.1616,1.0276
3570,0.1182,0.1736,1.0269
3571,0.4585,0.2227,0.9341
3572,0.5640,0.0725,0.8896
3573,0.5786,0.0664,0.8608
3574,0.4011,-0.2659,0.9290
3575,0.1655,-0.1770,0.8450
3576,-0.1150,-0.2849,1.0208
3577,-0.3640,-0.1638,1.0708
3578,-0.4827,0.0833,1.0132
3579,-0.4888,0.1006,1.1604
3580,-0.3682,0.2639,1.0503
3581,-0.1580,0.3003,0.9397
3582,0.0906,0.1982,0.9407
3583,0.3044,0.0535,0.8533
3584,0.3765,-0.0857,0.7769
3585,0.3162,-0.2493,0.8801
3586,0.1704,-0.3149,0.9438
3587,-0.0552,-0.2007,0.9546
3588,-0.2803,-0.0803,1.1106
3589,-0.2854,0.1418,1.1216
3590,-0.2800,0.2424,1.0835
3591,-0.0947,0.2378,1.0676
3592,0.1821,0.2317,0.9507
3593,0.3267,0.0479,0.8325
3594,0.5173,-0.0510,0.8079
3595,0.5310,-0.2566,0.8069
3596,0.3574,-0.3147,0.8235
3597,0.1829,-0.3438,0.9683
3598,-0.1460,-0.1321,1.0540
3599,-0.4348,0.0957,1.1401
3600,-0.5544,0.2224,1.2046
3601,-0.5747,0.3774,1.1458
3602,-0.4634,0.2490,1.0696
3603,-0.1255,0.2007,0.9260
3604,0.0715,-0.0212,0.8108
3605,0.2915,-0.0947,0.7456
3606,0.3823,-0.2954,0.7749
3607,0.3159,-0.1638,0.7896
3608,0.1765,-0.2454,0.9895
3609,-0.0422,-0.0593,1.0308
3610,-0.1594,0.1543,1.1118
3611,-0.2173,0.1860,1.2249
3612,-0.1265,0.2812,1.0852
3613,-0.0125,0.1135,1.0649
3614,0.2222,0.0774,0.9360
3615,0.3411,-0.1091,0.8450
3616,0.4275,-0.1658,0.7698
3617,0.3804,-0.2671,0.8198
3618,0.2681,-0.2007,0.8696
3619,0.0430,-0.1067,0.9475
3620,-0.2268,0.0015,1.0913
3621,-0.3811,0.1726,1.1118
3622,-0.5269,0.2334,1.1672
3623,-0.4836,0.2908,1.1001
3624,-0.3606,0.2468,1.0386
3625,-0.1094,0.1038,0.9097
3626,0.1060,-0.0742,0.8198
3627,0.3223,-0.2063,0.7512
3628,0.4126,-0.2803,0.8130
3629,0.2942,-0.2473,0.8625
3630,0.1191,-0.1819,0.9348
3631,-0.1216,-0.0879,1.0950
3632,-0.2742,0.1162,1.1077
3633,-0.2454,0.1772,1.1870
3634,-0.0730,0.2383,1.1194
3635,0.1365,0.2261,1.0247
3636,0.3853,0.1125,0.9268
3637,0.4890,-0.0225,0.8489
3638,0.4714,-0.1223,0.7903
3639,0.3359,-0.2131,0.8225
3640,0.0693,-0.2664,0.8811
3641,-0.1702,-0.1445,0.9390
3642,-0.4280,-0.1096,1.0679
3643,-0.4651,0.1394,1.1206
3644,-0.4585,0.2092,1.1653
3645,-0.3132,0.3601,1.0864
3646,-0.0750,0.2278,1.0376
3647,0.0737,0.1584,0.9165
3648,0.1672,-0.0120,0.8225
3649,0.2183,-0.1675,0.8335
3650,0.1226,-0.2317,0.8108
3651,0.0256,-0.2839,0.8674
3652,-0.0947,-0.2795,0.9836
3653,-0.1462,-0.0698,1.0178
3654,-0.0608,0.0798,1.1294
3655,0.0171,0.1155,1.1477
3656,0.2239,0.2876,1.0071
3657,0.3511,0.1824,1.0542
3658,0.4180,0.1609,0.9263
3659,0.4224,0.0427,0.8296
3660,0.2859,-0.1790,0.8860
3661,0.0764,-0.2195,0.8586
3662,-0.1553,-0.2305,0.8674
3663,-0.3677,-0.1633,1.0168
3664,-0.4761,-0.0073,1.0588
3665,-0.4321,0.1929,1.0686
3666,-0.3030,0.2263,1.1558
3667,-0.0557,0.3145,1.0061
3668,0.0759,0.1697,0.9407
3669,0.2224,0.0483,0.9045
3670,0.2441,-0.1357,0.8232
3671,0.1653,-0.1870,0.8457
3672,0.0144,-0.3225,0.9290
3673,-0.1182,-0.2529,0.9172
3674,-0.2483,-0.1741,1.0239
3675,-0.2156,0.1035,1.0911
3676,-0.1243,0.1667,1.1143
3677,0.0952,0.3042,1.0569
3678,0.3101,0.2246,1.0015
3679,0.4138,0.1089,0.9319
3680,0.4597,0.0190,0.8293
3681,0.3706,-0.1301,0.8843
3682,0.2397,-0.2090,0.8823
3683,0.0305,-0.2351,0.9163
3684,-0.1738,-0.1541,0.9905
3685,-0.3540,-0.0249,1.0823
3686,-0.4182,0.2048,1.0757
3687,-0.4207,0.2820,1.1030
3688,-0.2549,0.2610,1.0562
3689,-0.0381,0.1653,0.9275
3690,0.1479,0.0608,0.8569
3691,0.2827,-0.2148,0.8560
3692,0.2485,-0.2197,0.7866
3693,0.1555,-0.2869,0.9075
3694,-0.0698,-0.2375,1.0081
3695,-0.2131,-0.0488,0.9702
3696,-0.3071,0.0295,1.1409
3697,-0.1997,0.2388,1.1038
3698,-0.0754,0.2603,1.0647
3699,0.1707,0.2578,1.0100
3700,0.3127,0.1038,0.9299
3701,0.4067,-0.0212,0.8179
3702,0.4741,-0.1606,0.8130
3703,0.4006,-0.2815,0.8811
3704,0.2905,-0.2188,0.8735
3705,0.0784,-0.1387,0.9998
3706,-0.1580,-0.0029,1.0728
3707,-0.4675,0.0703,1.1360
3708,-0.5188,0.2488,1.1079
3709,-0.5024,0.2466,1.1077
3710,-0.2676,0.2292,0.9819
3711,-0.0269,0.0432,0.8640
3712,0.2185,-0.1025,0.8064
3713,0.3591,-0.1951,0.8020
3714,0.3201,-0.1252,0.8293
3715,0.0930,-0.1274,0.9497
3716,-0.1272,-0.1633,1.0032
3717,-0.2585,0.0000,1.0405
3718,-0.3240,0.0999,1.1655
3719,-0.1416,0.2019,1.1382
3720,0.0894,0.1980,1.0239
3721,0.3315,0.1218,0.9868
3722,0.4507,-0.0288,0.8989
3723,0.4958,0.0085,0.7737
3724,0.3826,-0.1365,0.8860
3725,0.2332,-0.1511,0.8567
3726,0.0151,-0.1914,0.8811
3727,-0.1855,-0.1516,1.0315
3728,-0.3167,0.0579,1.0825
3729,-0.3967,0.2000,1.1411
3730,-0.3735,0.2190,1.1340
3731,-0.3120,0.1475,1.0354
3732,-0.1594,0.1023,0.9155
3733,-0.0076,0.0806,0.8850
3734,0.1584,-0.0535,0.8303
3735,0.2388,-0.0876,0.7788
3736,0.1555,-0.2551,0.8792
3737,0.0554,-0.2009,0.9426
3738,-0.1257,-0.0771,0.9553
3739,-0.2317,0.0396,1.1313
3740,-0.2043,0.0593,1.1372
3741,-0.0601,0.1719,1.0315
3742,0.1677,0.1067,1.0920
3743,0.3875,0.0964,0.9612
3744,0.4854,0.0811,0.8394
3745,0.5095,-0.0872,0.9045
3746,0.3984,-0.1404,0.8577
3747,0.1548,-0.1631,0.8335
3748,-0.0652,-0.1606,0.9839
3749,-0.3218,-0.0715,1.0227
3750,-0.4048,0.1421,1.0413
3751,-0.4097,0.1724,1.1653
3752,-0.2495,0.2896,1.0481
3753,-0.0664,0.1943,0.9915
3754,0.0647,0.0491,0.9299
3755,0.1426,-0.0725,0.8328
3756,0.1575,-0.1558,0.8130
3757,0.0220,-0.2083,0.8909
3758,-0.0999,-0.2002,0.9211
3759,-0.2075,-0.1243,0.9709
3760,-0.2844,0.0188,1.0737
3761,-0.2007,0.1145,1.1252
3762,-0.0754,0.1960,1.0676
3763,0.1829,0.1609,1.0581
3764,0.3220,0.0620,0.9924
3765,0.4900,0.1155,0.8391
3766,0.4822,-0.1165,0.9094
3767,0.4236,-0.0754,0.8381
3768,0.2273,-0.2175,0.8801
3769,0.0334,-0.1436,0.9436
3770,-0.2354,-0.1162,1.0061
3771,-0.3755,0.0596,1.0657
3772,-0.4563,0.1230,1.1187
3773,-0.3882,0.2131,1.0784
3774,-0.2131,0.1941,1.0161
3775,-0.0837,0.0779,0.9475
3776,0.1328,0.0325,0.8557
3777,0.2097,-0.1436,0.8618
3778,0.2207,-0.0188,0.8452
3779,0.1331,-0.1682,0.9429
3780,-0.0681,-0.0818,0.9583
3781,-0.2344,-0.0117,0.9944
3782,-0.2893,0.0027,1.1353
3783,-0.2319,0.1255,1.0608
3784,-0.0093,0.1580,1.0239
3785,0.2234,0.0586,1.0159
3786,0.4116,0.0654,0.8667
3787,0.4858,-0.0562,0.8599
3788,0.4958,-0.1609,0.8879
3789,0.3542,-0.2415,0.8752
3790,0.1167,-0.2063,0.9563
3791,-0.1584,-0.1030,1.0288
3792,-0.3364,0.0508,1.0728
3793,-0.4553,0.1033,1.1479
3794,-0.4087,0.3003,1.0793
3795,-0.2410,0.3113,1.0317
3796,-0.0684,0.2129,0.9797
3797,0.1145,0.1475,0.8088
3798,0.1775,-0.0811,0.8127
3799,0.2021,-0.2202,0.8208
3800,0.1006,-0.2388,0.8057
3801,-0.0715,-0.2871,0.9683
3802,-0.2046,-0.2317,1.0500
3803,-0.2676,0.0220,1.0334
3804,-0.2117,0.0999,1.2075
3805,-0.0579,0.2253,1.1362
3806,0.1714,0.3313,0.9966
3807,0.3027,0.1155,1.0598
3808,0.4331,0.1819,0.8315
3809,0.4214,-0.0708,0.7983
3810,0.3799,-0.2795,0.8801
3811,0.2319,-0.3247,0.7925
3812,0.0273,-0.2671,0.9087
3813,-0.1831,-0.2119,1.0549
3814,-0.3625,0.0686,1.0415
3815,-0.4326,0.1770,1.1663
3816,-0.2952,0.3240,1.1392
3817,-0.1409,0.3206,1.0081
3818,0.0156,0.1941,0.9683
3819,0.1433,0.0698,0.8616
3820,0.1680,-0.0383,0.7922
3821,0.0786,-0.2083,0.8557
3822,-0.0544,-0.2102,0.8442
3823,-0.1824,-0.2622,0.9253
3824,-0.2322,-0.0837,1.0317
3825,-0.1711,0.0823,1.0728
3826,-0.1013,0.0969,1.1311
3827,0.0662,0.1624,1.0393
3828,0.2234,0.1355,1.0151
3829,0.3152,0.0168,0.9758
3830,0.4534,0.0342,0.8745
3831,0.3865,-0.1416,0.9104
3832,0.2371,-0.1760,0.8821
3833,0.0706,-0.1667,0.8987
3834,-0.1885,-0.0981,0.9849
3835,-0.3557,0.0691,1.0688
3836,-0.3594,0.1995,1.0725
3837,-0.3164,0.2651,1.0715
3838,-0.1377,0.1296,1.0269
3839,0.0784,0.1125,0.8948
3840,0.1453,-0.0605,0.9055
3841,0.2400,-0.0447,0.8411
3842,0.1152,-0.1301,0.8518
3843,-0.0425,-0.1238,0.9263
3844,-0.1436,-0.1797,0.9739
3845,-0.2231,-0.0723,0.9983
3846,-0.1875,0.0176,1.1018
3847,-0.0735,0.1755,1.0774
3848,0.0349,0.2200,1.0627
3849,0.1584,0.1792,1.0295
3850,0.1948,0.1191,0.9185
3851,0.2454,-0.1023,0.8655
3852,0.2957,-0.1584,0.8606
3853,0.2212,-0.2896,0.8608
3854,0.2231,-0.1682,0.8911
3855,0.0815,-0.2515,1.0051
3856,-0.0898,0.0283,1.0066
3857,-0.2068,0.0703,1.1233
3858,-0.2456,0.2458,1.1040
3859,-0.2183,0.2476,1.0579
3860,-0.1165,0.2312,1.0015
3861,-0.0044,0.1702,0.8889
3862,0.1025,0.0264,0.8823
3863,0.1106,-0.0583,0.8247
3864,0.0107,-0.1682,0.8577
3865,-0.0527,-0.2446,0.9204
3866,-0.1704,-0.1863,0.9250
3867,-0.2112,-0.1123,1.0200
3868,-0.1650,0.0186,1.0940
3869,-0.0715,0.1362,1.0432
3870,0.0576,0.1196,1.0974
3871,0.2163,0.1306,1.0015
3872,0.2996,0.1118,0.9211
3873,0.3359,0.0029,0.9407
3874,0.3120,-0.0962,0.8765
3875,0.2258,-0.1770,0.8713
3876,0.0745,-0.2500,0.9585
3877,-0.0579,-0.0247,0.9438
3878,-0.2192,0.0381,1.0637
3879,-0.2095,0.2095,1.0530
3880,-0.2654,0.1177,1.0442
3881,-0.1353,0.1733,0.9973
3882,0.0090,0.1208,0.9526
3883,0.1274,0.1013,0.9087
3884,0.1494,-0.0547,0.9097
3885,0.1016,-0.0920,0.8606
3886,-0.0530,-0.2764,0.9370
3887,-0.1743,-0.1824,0.9475
3888,-0.2771,-0.0967,0.9839
3889,-0.2710,0.0679,1.0344
3890,-0.1523,0.1064,1.0813
3891,-0.0168,0.1365,1.0383
3892,0.2029,0.1492,0.9836
3893,0.3569,0.0229,0.9941
3894,0.4119,0.0854,0.8645
3895,0.3608,-0.0627,0.9038
3896,0.2554,-0.1704,0.9272
3897,0.0906,-0.2075,0.9009
3898,-0.0781,-0.1819,0.9709
3899,-0.1914,-0.0347,1.0364
3900,-0.2739,0.0701,1.0376
3901,-0.2183,0.2217,1.0344
3902,-0.1880,0.1101,1.0676
3903,-0.0288,0.2305,0.9221
3904,0.0786,0.0850,0.9302
3905,0.1323,0.0447,0.9009
3906,0.1638,-0.0344,0.8635
3907,0.1077,-0.1106,0.9368
3908,-0.0024,-0.1340,0.9475
3909,-0.1196,-0.1453,0.9690
3910,-0.2598,-0.1216,1.0483
3911,-0.2537,0.1042,1.0288
3912,-0.1829,0.0503,1.0803
3913,0.0042,0.1543,0.9836
3914,0.2356,0.0515,0.9319
3915,0.3762,-0.0059,0.9475
3916,0.4001,-0.0122,0.8704
3917,0.3596,-0.0618,0.9341
3918,0.1416,-0.2705,0.9790
3919,-0.0278,-0.0811,0.9097
3920,-0.2373,-0.0989,1.0706
3921,-0.2886,0.1221,1.0667
3922,-0.2720,0.1533,1.0315
3923,-0.1582,0.1023,1.0415
3924,0.0447,0.1504,0.9387
3925,0.1902,0.0730,0.9084
3926,0.2146,0.1108,0.8752
3927,0.1682,-0.0156,0.8811
3928,0.0420,-0.0466,0.8977
3929,-0.1790,-0.1963,0.9360
3930,-0.1792,-0.1150,0.9924
3931,-0.2817,-0.1362,1.0413
3932,-0.2100,0.1208,1.0425
3933,-0.0681,0.0747,1.1145
3934,0.0332,0.1250,0.9915
3935,0.1785,0.0479,0.9534
3936,0.2744,-0.0391,0.9536
3937,0.3230,-0.0024,0.8440
3938,0.2927,-0.0762,0.9045
3939,0.2146,-0.1584,0.9338
3940,0.1023,-0.1150,0.9045
3941,-0.0427,-0.1440,1.0396
3942,-0.2024,0.0442,1.0591
3943,-0.2847,0.1653,1.0481
3944,-0.2776,0.1716,1.1089
3945,-0.2061,0.1853,0.9995
3946,-0.0059,0.1284,0.9036
3947,0.1602,-0.0144,0.9192
3948,0.2695,0.0005,0.8315
3949,0.2471,-0.0759,0.8647
3950,0.1494,-0.1255,0.9155
3951,-0.0696,-0.2222,0.9536
3952,-0.2166,-0.0742,0.9731
3953,-0.3188,-0.0168,1.0999
3954,-0.2561,0.1577,1.0549
3955,-0.0801,0.1199,1.0542
3956,0.0691,0.1028,1.0305
3957,0.2644,0.0610,0.9192
3958,0.3386,0.0249,0.9124
3959,0.2903,-0.0730,0.9036
3960,0.1938,-0.1238,0.8716
3961,0.0603,-0.2490,0.9348
3962,-0.0459,-0.1465,0.9878
3963,-0.1321,-0.0566,1.0142
3964,-0.2285,0.0745,1.0757
3965,-0.2527,0.1575,1.0708
3966,-0.1714,0.2329,1.0227
3967,-0.0623,0.1575,0.9905
3968,0.1553,0.1892,0.9155
3969,0.2393,0.0176,0.8674
3970,0.2983,0.0229,0.8325
3971,0.1729,-0.2383,0.9194
3972,0.0320,-0.1328,0.8862
3973,-0.1631,-0.2559,0.9907
3974,-0.2449,-0.1013,1.0393
3975,-0.2876,-0.0354,1.0540
3976,-0.1750,0.1936,1.0688
3977,-0.0198,0.1089,1.0884
3978,0.1604,0.2314,0.9338
3979,0.3328,0.0439,0.9417
3980,0.3481,0.0022,0.9009
3981,0.3374,-0.0215,0.8208
3982,0.2058,-0.1951,0.9622
3983,0.0596,-0.1526,0.9182
3984,-0.1675,-0.1653,0.9475
3985,-0.2612,-0.0571,1.0872
3986,-0.3611,0.0852,1.0669
3987,-0.3110,0.2417,1.0325
3988,-0.2085,0.1479,1.0891
3989,0.0330,0.2202,0.8831
3990,0.1831,0.0452,0.9175
3991,0.3354,0.0078,0.8892
3992,0.3423,-0.0918,0.8296
3993,0.2026,-0.2166,0.9341
3994,0.0239,-0.1904,0.9465
3995,-0.2227,-0.0715,0.9543
3996,-0.3035,-0.0642,1.1194
3997,-0.2659,0.1584,1.0601
3998,-0.1421,0.1663,1.0276
3999,0.0950,0.1208,1.0725
4000,0.2649,0.1370,0.8813
4001,0.2925,-0.0059,0.9019
4002,0.3149,-0.1411,0.8960
4003,0.1792,-0.1858,0.8208
4004,0.0281,-0.2517,0.9526
4005,-0.0916,-0.1082,0.9849
4006,-0.2476,-0.0317,1.0178
4007,-0.2600,0.0815,1.1147
4008,-0.2275,0.1748,1.0647
4009,-0.1221,0.2632,1.0432
4010,-0.0164,0.1567,1.0051
4011,0.1753,0.2136,0.8540
4012,0.2268,-0.0952,0.9048
4013,0.2957,-0.0459,0.7971
4014,0.2644,-0.1907,0.8918
4015,0.0823,-0.1768,0.9517
4016,-0.1394,-0.0791,0.9417
4017,-0.2708,-0.0549,1.1038
4018,-0.3901,0.0166,1.0774
4019,-0.2437,0.2144,1.0452
4020,-0.0356,0.0718,1.1333
4021,0.1804,0.1890,0.9192
4022,0.3098,0.0222,0.8938
4023,0.3745,-0.0742,0.9077
4024,0.2971,-0.1116,0.8186
4025,0.1284,-0.2188,0.9126
4026,-0.0183,-0.1523,0.9634
4027,-0.1833,-0.0986,0.9839
4028,-0.2576,0.0698,1.0562
4029,-0.2812,0.0669,1.1204
4030,-0.1660,0.2139,1.0315
4031,-0.0701,0.1401,1.0198
4032,0.0903,0.1724,0.9604
4033,0.1777,0.0728,0.8606
4034,0.2336,0.0220,0.8398
4035,0.1985,-0.2073,0.9250
4036,0.1160,-0.1074,0.8296
4037,-0.0251,-0.1953,0.9731
4038,-0.1501,-0.0820,1.0454
4039,-0.2405,0.0337,0.9995
4040,-0.2627,0.0569,1.1096
4041,-0.1150,0.1277,1.0640
4042,0.0476,0.1367,0.9739
4043,0.2065,0.1323,0.9526
4044,0.2605,0.0076,0.9290
4045,0.2969,-0.0225,0.8335
4046,0.2751,-0.1331,0.9075
4047,0.1294,-0.2280,0.9517
4048,-0.0342,-0.0876,0.9319
4049,-0.2017,-0.0764,1.0667
4050,-0.3352,0.0430,1.0933
4051,-0.3296,0.1165,1.0286
4052,-0.2468,0.1582,1.0493
4053,-0.0908,0.1404,0.9907
4054,0.1616,0.1848,0.8833
4055,0.2598,0.0449,0.8723
4056,0.3718,-0.0691,0.8792
4057,0.3284,-0.1821,0.8384
4058,0.1233,-0.1321,0.8970
4059,-0.0989,-0.2144,1.0474
4060,-0.2710,-0.0134,1.0149
4061,-0.4009,0.0464,1.0842
4062,-0.2351,0.1135,1.1245
4063,-0.0198,0.1926,1.0073
4064,0.1670,0.1519,0.9751
4065,0.3784,0.1072,0.9487
4066,0.3730,-0.0232,0.8228
4067,0.2986,-0.1091,0.8752
4068,0.1267,-0.2864,0.9250
4069,-0.1206,-0.1733,0.8801
4070,-0.2510,-0.1831,1.0393
4071,-0.3132,0.0535,1.0557
4072,-0.3101,0.1118,1.0803
4073,-0.2224,0.2092,1.0881
4074,-0.0464,0.2083,1.0393
4075,0.0686,0.1616,0.9231
4076,0.1785,0.0740,0.8782
4077,0.2385,-0.0662,0.8762
4078,0.2512,-0.0859,0.8247
4079,0.1335,-0.2019,0.9133
4080,-0.0090,-0.1982,0.9631
4081,-0.2061,-0.1270,1.0012
4082,-0.2795,0.0640,1.0757
4083,-0.2595,0.1362,1.1331
4084,-0.0740,0.1968,1.0442
4085,0.1692,0.1672,1.0051
4086,0.3396,0.0820,0.9368
4087,0.4607,0.0222,0.8645
4088,0.3816,-0.1240,0.8557
4089,0.2605,-0.1731,0.8625
4090,0.0671,-0.3013,0.8950
4091,-0.1201,-0.1116,0.9543
4092,-0.3127,-0.0627,1.0884
4093,-0.3821,0.1716,1.0718
4094,-0.3469,0.1677,1.1060
4095,-0.2544,0.1846,1.0862
4096,-0.0935,0.2258,0.9351
4097,0.0974,0.0730,0.9475
4098,0.1829,-0.0115,0.8901
4099,0.2190,-0.0369,0.8174
4100,0.1545,-0.1826,0.9009
4101,0.0059,-0.1831,0.9185
4102,-0.1064,-0.1013,0.9192
4103,-0.1807,-0.1003,1.0959
4104,-0.1702,0.0642,1.0542
4105,-0.0615,0.1882,1.0249
4106,0.0813,0.1389,1.0913
4107,0.2625,0.1545,0.9573
4108,0.3657,0.0852,0.8931
4109,0.3884,-0.0691,0.9407
4110,0.3035,-0.1189,0.8528
4111,0.1235,-0.1633,0.8628
4112,-0.0637,-0.2102,1.0044
4113,-0.2332,-0.0840,0.9875
4114,-0.3440,0.0291,1.0415
4115,-0.3008,0.1306,1.1392
4116,-0.2554,0.1973,1.0393
4117,-0.1814,0.1853,0.9604
4118,-0.0278,0.0850,0.9839
4119,0.0769,0.0151,0.8342
4120,0.1914,-0.0146,0.8491
4121,0.2302,-0.1365,0.9358
4122,0.1724,-0.0891,0.8784
4123,0.0420,-0.1682,0.9475
4124,-0.0959,-0.1096,1.0481
4125,-0.2356,-0.0374,1.0142
4126,-0.1360,0.1538,1.0579
4127,-0.0784,0.0742,1.1128
4128,0.0918,0.1873,0.9341
4129,0.2810,0.0183,0.9270
4130,0.4097,-0.0059,0.9438
4131,0.3909,-0.0322,0.8296
4132,0.3081,-0.0647,0.9233
4133,0.0762,-0.1685,0.9985
4134,-0.1479,-0.0308,0.9338
4135,-0.3545,-0.0547,1.0833
4136,-0.4526,0.0542,1.0945
4137,-0.4426,0.1465,0.9983
4138,-0.3376,0.1372,1.0549
4139,-0.1841,0.1108,0.9407
4140,-0.0239,0.0178,0.8499
4141,0.1799,-0.0825,0.8901
4142,0.3320,-0.0796,0.8540
4143,0.3550,-0.1135,0.8696
4144,0.2974,-0.1494,0.9819
4145,0.0825,-0.0471,0.9810
4146,-0.1003,-0.0281,1.0745
4147,-0.2437,0.0894,1.1106
4148,-0.2610,0.1589,1.0698
4149,-0.1155,0.1616,1.0334
4150,0.1465,0.1274,0.9214
4151,0.3335,-0.0654,0.8823
4152,0.4773,-0.0452,0.8489
4153,0.4617,-0.0811,0.8616
4154,0.2566,-0.1174,0.9465
4155,0.0063,-0.1165,0.9417
4156,-0.3059,-0.0996,1.0249
4157,-0.4106,-0.0112,1.0930
4158,-0.4712,0.1362,1.0696
4159,-0.3647,0.2012,1.0969
4160,-0.1646,0.1775,1.0288
4161,0.0044,0.0916,0.8911
4162,0.1372,-0.0293,0.8735
4163,0.2185,-0.0588,0.8333
4164,0.1938,-0.1143,0.8335
4165,0.1045,-0.1401,0.9136
4166,-0.0046,-0.1401,0.9702
4167,-0.0876,-0.0806,1.0503
4168,-0.1350,0.0071,1.0979
4169,-0.0964,0.1157,1.0920
4170,0.0247,0.1489,1.0764
4171,0.1675,0.1824,1.0024
4172,0.3669,0.1155,0.9319
4173,0.4468,-0.0317,0.8628
4174,0.4197,-0.0095,0.7981
4175,0.2778,-0.2310,0.8911
4176,0.0188,-0.1506,0.8860
4177,-0.2480,-0.1619,0.9702
4178,-0.4417,-0.0945,1.0815
4179,-0.5188,0.0813,1.0981
4180,-0.4312,0.2271,1.1106
4181,-0.2703,0.2041,1.1206
4182,-0.0354,0.2559,0.9663
4183,0.1187,0.0854,0.9126
4184,0.2300,0.0381,0.8345
4185,0.2791,-0.1799,0.8323
4186,0.1650,-0.2229,0.8225
4187,0.0417,-0.2395,0.8870
4188,-0.0127,-0.2004,0.9758
4189,-0.1511,-0.0955,1.0266
4190,-0.1421,0.1243,1.1030
4191,-0.0383,0.1333,1.1428
4192,0.0874,0.2180,1.0269
4193,0.2776,0.1387,1.0022
4194,0.3794,0.0615,0.9517
4195,0.3918,0.0493,0.8479
4196,0.3281,-0.0359,0.9019
4197,0.0898,-0.1555,0.9172
4198,-0.1169,-0.0911,0.8823
4199,-0.2698,-0.1758,1.0396
4200,-0.4380,0.0366,1.0159
4201,-0.3840,0.1204,1.0425
4202,-0.2664,0.0996,1.0942
4203,-0.0737,0.1606,0.9517
4204,0.0918,0.0459,0.9592
4205,0.1755,0.0212,0.9016
4206,0.2097,-0.0020,0.8792
4207,0.1169,-0.1335,0.9165
4208,-0.0115,-0.1252,0.9124
4209,-0.0691,-0.1782,0.9829
4210,-0.1643,-0.0374,1.0054
4211,-0.1096,0.0454,1.0571
4212,0.0203,0.0786,1.0686
4213,0.0886,0.1150,0.9875
4214,0.2529,0.0972,0.9868
4215,0.3616,0.0710,0.9163
4216,0.3123,0.0635,0.8665
4217,0.2913,-0.0952,0.9497
4218,0.2026,-0.0710,0.8853
4219,0.0376,-0.1394,0.9641
4220,-0.0720,-0.0913,1.0562
4221,-0.2737,0.0039,1.0229
4222,-0.4045,0.0779,1.0825
4223,-0.4443,0.0972,1.0776
4224,-0.3625,0.1736,0.9663
4225,-0.1772,0.1003,0.9390
4226,0.0522,0.0281,0.8850
4227,0.2441,-0.0430,0.8157
4228,0.3142,-0.0884,0.8469
4229,0.2456,-0.1775,0.9438
4230,0.0837,-0.1289,0.9270
4231,-0.1028,-0.0635,1.0229
4232,-0.2449,-0.0779,1.1252
4233,-0.2415,0.1692,1.0229
4234,-0.1101,0.1211,1.1089
4235,0.0869,0.1360,1.0618
4236,0.3035,0.1111,0.8694
4237,0.4556,0.0068,0.9175
4238,0.4868,-0.0322,0.8892
4239,0.3647,-0.1123,0.8354
4240,0.1780,-0.1436,0.9202
4241,-0.0476,-0.1758,0.9722
4242,-0.2698,-0.0771,0.9878
4243,-0.4016,0.0264,1.0718
4244,-0.3892,0.1274,1.1106
4245,-0.3049,0.1995,1.0396
4246,-0.1182,0.2361,1.0054
4247,0.0483,0.0781,0.9805
4248,0.1450,0.1011,0.8206
4249,0.1907,-0.0942,0.8938
4250,0.1042,-0.1868,0.8801
4251,-0.0151,-0.1531,0.8352
4252,-0.1755,-0.2896,1.0269
4253,-0.1689,-0.0122,0.9934
4254,-0.2087,-0.0264,1.0657
4255,-0.0144,0.1638,1.0862
4256,0.1797,0.1206,1.0579
4257,0.3032,0.2078,0.9517
4258,0.4006,0.0935,0.9644
4259,0.3892,0.0034,0.8877
4260,0.3000,-0.0215,0.8442
4261,0.1357,-0.2134,0.9514
4262,0.0374,-0.1392,0.8960
4263,-0.1741,-0.1357,0.9829
4264,-0.2749,0.0288,1.0676
4265,-0.3560,0.0518,1.0725
4266,-0.3013,0.1899,1.0276
4267,-0.2322,0.1177,1.0754
4268,-0.1028,0.1746,0.9253
4269,0.0457,0.0857,0.8774
4270,0.1589,-0.0513,0.9114
4271,0.1919,-0.0742,0.8408
4272,0.1179,-0.1841,0.8938
4273,-0.0127,-0.1599,0.9690
4274,-0.1982,-0.0962,0.9858
4275,-0.2708,0.0012,1.0435
4276,-0.1987,0.0481,1.0981
4277,0.0144,0.1309,1.0103
4278,0.2393,0.0767,1.0256
4279,0.4741,0.0295,0.9497
4280,0.5564,0.0742,0.8840
4281,0.4614,-0.0195,0.9419
4282,0.3079,-0.0554,0.9163
4283,0.0413,-0.1453,0.9087
4284,-0.1870,-0.1357,0.9868
4285,-0.3213,-0.0215,1.0237
4286,-0.3743,0.0916,1.0562
4287,-0.2964,0.1890,1.0671
4288,-0.2173,0.1382,1.0178
4289,-0.0791,0.1589,0.9641
4290,-0.0071,0.0425,0.8918
4291,0.0503,0.0437,0.8726
4292,0.0776,-0.1699,0.9036
4293,0.0408,-0.0811,0.8264
4294,-0.0110,-0.1919,0.9722
4295,-0.0852,-0.2329,1.0249
4296,-0.1370,0.0078,0.9592
4297,-0.1101,-0.0186,1.1431
4298,0.0127,0.1785,1.0825
4299,0.0601,0.1755,0.9741
4300,0.2319,0.1199,1.0044
4301,0.3262,0.0103,0.9165
4302,0.4023,0.0701,0.8401
4303,0.3979,-0.0381,0.9731
4304,0.2766,-0.1233,0.9016
4305,0.1189,-0.1899,0.9019
4306,-0.1687,-0.2146,1.0161
4307,-0.3315,0.0354,1.0266
4308,-0.3708,0.1082,1.0806
4309,-0.3420,0.2507,1.0454
4310,-0.2283,0.1528,1.0120
4311,-0.0432,0.0764,0.8889
4312,0.0598,0.0913,0.8762
4313,0.1062,-0.0593,0.9397
4314,0.0740,-0.0347,0.8538
4315,-0.0103,-0.1917,0.9087
4316,-0.0972,-0.2659,1.0002
4317,-0.2053,-0.1260,0.9595
4318,-0.1101,0.0369,1.0815
4319,-0.0386,0.1018,1.1343
4320,0.0979,0.2544,0.9524
4321,0.2490,0.1179,1.0471
4322,0.3201,0.0264,0.9661
4323,0.4014,0.0815,0.8169
4324,0.3765,-0.0923,0.9565
4325,0.3464,-0.1057,0.8967
4326,0.1790,-0.1514,0.8784
4327,-0.0432,-0.1953,1.0347
4328,-0.2136,0.0068,1.0100
4329,-0.3716,0.0356,1.0618
4330,-0.4170,0.1758,1.0906
4331,-0.2886,0.2031,1.0032
4332,-0.1716,0.1694,0.9797
4333,-0.0459,0.1116,0.9146
4334,0.0686,0.0149,0.8508
4335,0.0317,-0.2104,0.8794
4336,0.0063,-0.1467,0.8550
4337,-0.1150,-0.2302,0.9446
4338,-0.1155,-0.0325,0.9858
4339,-0.0928,-0.0647,1.0413
4340,0.0317,0.0681,1.0610
4341,0.1785,0.1187,1.0784
4342,0.2952,0.2363,1.0325
4343,0.3689,0.1353,1.0149
4344,0.3455,0.0491,0.9124
4345,0.2739,-0.0010,0.8599
4346,0.1790,-0.1953,0.9233
4347,0.0620,-0.2031,0.8823
4348,-0.0977,-0.1968,0.9067
4349,-0.1587,-0.1089,1.0137
4350,-0.2622,-0.0068,1.0286
4351,-0.2798,0.2109,1.0559
4352,-0.2039,0.1809,1.1233
4353,-0.0786,0.2502,0.9973
4354,-0.0176,0.1021,0.9583
4355,0.0955,0.1213,0.9221
4356,0.0642,-0.0508,0.8889
4357,0.0964,-0.1113,0.8530
4358,-0.0515,-0.2681,0.8921
4359,-0.1108,-0.1887,0.8918
4360,-0.1621,-0.1575,0.9758
4361,-0.2214,0.0552,1.0210
4362,-0.0886,0.1267,1.0688
4363,0.0627,0.0920,1.0559
4364,0.1799,0.1511,1.0190
4365,0.3550,0.0879,1.0110
4366,0.4104,0.0894,0.9524
4367,0.3198,-0.0977,0.9370
4368,0.2302,-0.1018,0.8928
4369,0.0251,-0.2449,0.9211
4370,-0.0881,-0.0691,0.9331
4371,-0.2471,-0.0215,0.9954
4372,-0.2720,0.1755,0.9995
4373,-0.2415,0.0835,1.0386
4374,-0.1812,0.1719,0.9456
4375,-0.0532,0.0796,0.9963
4376,0.0720,0.0801,0.9661
4377,0.1443,0.0483,0.8979
4378,0.1445,-0.1113,0.9761
4379,0.0681,-0.1753,0.9077
4380,-0.0391,-0.1340,0.9456
4381,-0.1377,-0.0935,1.0461
4382,-0.2007,0.0928,0.9817
4383,-0.1877,0.0369,1.0337
4384,-0.0894,0.0825,1.0159
4385,0.0742,0.1165,0.9290
4386,0.2437,0.0779,0.9878
4387,0.3455,0.0525,0.9280
4388,0.3647,0.0349,0.8823
4389,0.3220,-0.1340,0.9700
4390,0.1621,-0.2043,0.9417
4391,-0.0181,-0.1772,0.9468
4392,-0.1465,-0.1399,1.0823
4393,-0.2676,0.0793,0.9985
4394,-0.2563,0.1382,1.0305
4395,-0.1514,0.1423,1.0767
4396,-0.0718,0.2173,0.9026
4397,0.0894,0.1333,0.9182
4398,0.1357,0.0056,0.9299
4399,0.0779,0.0076,0.7795
4400,0.0374,-0.1604,0.9456
4401,-0.0642,-0.2185,0.9673
4402,-0.1929,-0.1174,0.9045
4403,-0.2522,-0.1143,1.1021
4404,-0.2202,0.0403,1.0745
4405,-0.1357,0.1460,1.0269
4406,-0.0122,0.1106,1.1125
4407,0.1846,0.2021,0.9768
4408,0.3098,0.0730,0.9143
4409,0.4260,0.0435,0.9065
4410,0.4097,-0.1558,0.8706
4411,0.2749,-0.1882,0.8462
4412,0.1331,-0.2122,0.9309
4413,-0.0095,-0.0854,0.9829
4414,-0.2244,0.0071,1.0364
4415,-0.2202,0.1987,1.0725
4416,-0.2146,0.0828,1.0989
4417,-0.1377,0.2395,0.9810
4418,-0.0300,0.1057,0.9924
4419,0.0442,0.1165,0.9263
4420,0.0847,-0.0352,0.8755
4421,0.0745,-0.0981,0.8667
4422,-0.0142,-0.2568,0.9019
4423,-0.0679,-0.1946,0.8860
4424,-0.1956,-0.1316,1.0022
4425,-0.2163,0.0100,1.0676
4426,-0.1443,0.1848,1.0229
4427,-0.0884,0.1274,1.1301
4428,0.0500,0.1887,1.0129
4429,0.1594,0.1768,0.9253
4430,0.2188,-0.0615,1.0229
4431,0.2722,0.0771,0.8245
4432,0.1982,-0.2039,0.8782
4433,0.1736,-0.3240,0.9534
4434,0.1079,-0.1855,0.8442
4435,-0.0337,-0.0652,1.0383
4436,-0.0859,0.0825,1.1167
4437,-0.1282,0.2119,0.9780
4438,-0.1553,0.1311,1.0884
4439,-0.1121,0.1787,1.0344
4440,0.0156,0.1985,0.8821
4441,0.0662,0.0815,0.9543
4442,0.1057,-0.0718,0.8782
4443,0.0330,-0.1753,0.8157
4444,0.0120,-0.2163,0.9351
4445,-0.0913,-0.1772,0.9651
4446,-0.1750,-0.0532,0.9546
4447,-0.1738,0.0054,1.0881
4448,-0.0945,0.0698,1.0784
4449,-0.0010,0.1772,1.0491
4450,0.1514,0.1843,1.0435
4451,0.2292,0.1167,0.9514
4452,0.2751,-0.0168,0.8850
4453,0.2751,-0.1331,0.9104
4454,0.1995,-0.1506,0.8674
4455,0.0925,-0.2012,0.9221
4456,-0.0720,-0.1196,0.9553
4457,-0.1909,-0.0010,0.9797
4458,-0.2190,0.0442,1.1001
4459,-0.1958,0.2200,1.0493
4460,-0.0681,0.2529,1.0256
4461,0.0916,0.1367,1.0298
4462,0.1641,0.1155,0.8696
4463,0.1755,-0.0303,0.9175
4464,0.1284,-0.1384,0.9036
4465,-0.0366,-0.1794,0.8430
4466,-0.2397,-0.2627,0.9270
4467,-0.3508,-0.1396,0.9634
4468,-0.3403,-0.0452,1.0347
4469,-0.1775,0.1475,1.0706
4470,-0.0022,0.2188,1.0874
4471,0.2212,0.2195,1.0386
4472,0.3159,0.1206,0.9722
4473,0.3638,0.0095,0.9331
4474,0.3071,-0.1226,0.9097
4475,0.2292,-0.1257,0.8450
4476,0.1416,-0.1865,0.9272
4477,-0.0107,-0.1619,0.9290
4478,-0.1030,-0.0366,0.9524
4479,-0.2036,-0.0146,1.0754
4480,-0.2122,0.1462,1.0217
4481,-0.1997,0.1853,1.0354
4482,-0.1257,0.2205,1.0347
4483,-0.0061,0.1543,0.9426
4484,0.1733,0.0569,0.9194
4485,0.1726,-0.0791,0.9329
4486,0.1731,-0.0918,0.8862
4487,0.0420,-0.2026,0.9302
4488,-0.1235,-0.1411,0.9497
4489,-0.2603,-0.1157,1.0188
4490,-0.2522,0.0422,1.0171
4491,-0.1321,0.1121,1.0308
4492,0.0166,0.0847,1.0190
4493,0.2292,0.1372,0.9426
4494,0.3169,0.0171,0.9468
4495,0.3359,-0.0085,0.9319
4496,0.3000,-0.0718,0.8940
4497,0.0676,-0.1304,0.9429
4498,-0.1128,-0.1909,1.0034
4499,-0.1946,-0.0642,0.9731
4500,-0.3369,-0.0046,1.0745
4501,-0.2427,0.1387,1.0598
4502,-0.1111,0.1729,0.9932
4503,0.0234,0.2029,0.9780
4504,0.1707,0.0764,0.9272
4505,0.2380,0.0806,0.8169
4506,0.2080,-0.0513,0.8931
4507,0.1553,-0.0876,0.8872
4508,0.0112,-0.1785,0.8948
4509,-0.1030,-0.1733,1.0247
4510,-0.2102,-0.0952,1.0454
4511,-0.2607,0.0605,1.0686
4512,-0.2188,0.0605,1.1392
4513,-0.1182,0.1589,1.0142
4514,0.0540,0.0928,0.9756
4515,0.1931,-0.0122,0.9768
4516,0.3179,0.0476,0.8037
4517,0.3320,-0.0959,0.8726
4518,0.2700,-0.1682,0.8979
4519,0.1497,-0.1287,0.8713
4520,0.0085,-0.0952,1.0022
4521,-0.1409,-0.0115,1.0864
4522,-0.1880,0.1418,1.0217
4523,-0.2119,0.1658,1.1187
4524,-0.1873,0.1592,1.0728
4525,-0.0430,0.2158,0.9253
4526,0.0159,0.0037,0.9595
4527,0.1436,0.0320,0.8564
4528,0.1638,-0.1091,0.8235
4529,0.1401,-0.1987,0.9089
4530,0.0222,-0.1941,0.8928
4531,-0.1665,-0.1638,0.9719
4532,-0.2715,0.0085,1.0706
4533,-0.2461,0.1047,1.0842
4534,-0.1963,0.1443,1.1108
4535,0.0417,0.1775,1.0569
4536,0.2966,0.1895,0.9612
4537,0.4102,0.0320,0.9224
4538,0.4597,0.0154,0.8840
4539,0.3113,-0.1497,0.8674
4540,0.1316,-0.1897,0.8928
4541,-0.1245,-0.2720,0.9514
4542,-0.3350,-0.0891,0.9407
4543,-0.4741,-0.0178,1.0950
4544,-0.3564,0.1487,1.0815
4545,-0.1941,0.1824,1.0132
4546,0.0540,0.1506,1.0493
4547,0.2715,0.1707,0.9409
4548,0.3286,0.1804,0.8843
4549,0.2917,0.0156,0.9407
4550,0.1389,-0.0757,0.8286
4551,-0.0015,-0.2297,0.8784
4552,-0.0586,-0.2634,1.0005
4553,-0.1672,-0.0986,0.9292
4554,-0.1924,-0.0127,1.0774
4555,-0.1792,0.0173,1.1060
4556,-0.1650,0.2002,0.9819
4557,0.0063,0.0674,1.0540
4558,0.1572,0.0964,0.9663
4559,0.2815,0.0847,0.8618
4560,0.3562,0.0076,0.9573
4561,0.2678,-0.1003,0.9124
4562,0.0955,-0.1921,0.8889
4563,-0.0637,-0.2021,0.9895
4564,-0.2773,-0.0967,1.0266
4565,-0.3401,0.1284,0.9966
4566,-0.2964,0.1304,1.1077
4567,-0.1406,0.2014,0.9856
4568,0.0693,0.1040,0.9153
4569,0.2629,0.0225,0.9578
4570,0.3669,0.0415,0.8499
4571,0.2798,-0.0312,0.8843
4572,0.1111,-0.1626,0.9712
4573,-0.0762,-0.1138,0.9260
4574,-0.2439,-0.0986,1.0269
4575,-0.2976,-0.0317,1.1353
4576,-0.2427,0.1023,0.9924
4577,-0.0747,0.1143,1.0571
4578,0.0974,0.0801,1.0305
4579,0.2388,0.1873,0.8560
4580,0.3269,0.0046,0.9221
4581,0.3052,-0.0627,0.8853
4582,0.2019,-0.1101,0.8030
4583,0.0615,-0.1858,0.9690
4584,-0.0874,-0.1375,1.0159
4585,-0.2378,-0.0198,0.9885
4586,-0.3203,0.0200,1.1450
4587,-0.2898,0.0801,1.1169
4588,-0.1880,0.2485,0.9797
4589,-0.0776,0.1052,1.0686
4590,0.1426,0.1382,0.8774
4591,0.2644,0.0474,0.8079
4592,0.2808,-0.1140,0.8882
4593,0.3032,-0.0715,0.8198
4594,0.0916,-0.2524,0.9116
4595,-0.0283,-0.0640,0.9868
4596,-0.2239,-0.1343,1.0547
4597,-0.2896,0.1118,1.0706
4598,-0.2666,0.0991,1.1477
4599,-0.0667,0.2273,1.0347
4600,0.0867,0.0442,1.0188
4601,0.3088,0.1255,0.8850
4602,0.3655,-0.0571,0.8716
4603,0.3174,-0.0896,0.8521
4604,0.1682,-0.1699,0.8647
4605,-0.0066,-0.1826,0.9272
4606,-0.1755,-0.1675,0.9878
4607,-0.2974,0.0078,1.0168
4608,-0.2639,0.0640,1.1255
4609,-0.2002,0.2100,1.0630
4610,-0.0232,0.1877,1.0208
4611,0.0664,0.0950,1.0181
4612,0.1821,0.1335,0.8403
4613,0.1582,-0.1008,0.9368
4614,0.1001,-0.0530,0.8567
4615,-0.0042,-0.1025,0.8762
4616,-0.0750,-0.1399,1.0012
4617,-0.1689,-0.0396,0.9885
4618,-0.1785,0.0178,1.0396
4619,-0.1550,0.0320,1.1050
4620,-0.0364,0.1082,1.0005
4621,0.1367,0.1140,0.9966
4622,0.3125,0.0879,0.9839
4623,0.4517,0.0823,0.8716
4624,0.4202,-0.0740,0.8970
4625,0.3462,-0.0781,0.8696
4626,0.1313,-0.2004,0.9075
4627,-0.1094,-0.1501,0.9924
4628,-0.2786,-0.0615,1.0308
4629,-0.3931,0.0562,1.0461
4630,-0.3970,0.0681,1.1086
4631,-0.2964,0.1558,1.0090
4632,-0.1477,0.1514,0.9768
4633,0.0396,0.0063,0.9556
4634,0.1726,0.0579,0.8235
4635,0.1692,-0.1294,0.8765
4636,0.2017,-0.0693,0.9009
4637,0.1123,-0.1689,0.9067
4638,-0.0762,-0.0388,1.0071
4639,-0.1643,0.0264,1.0854
4640,-0.1868,0.1914,1.0337
4641,-0.1802,0.1182,1.1047
4642,0.0139,0.0896,1.0200
4643,0.2227,0.0493,0.9026
4644,0.3503,-0.0471,0.9338
4645,0.4136,-0.0413,0.8608
4646,0.3552,-0.0789,0.8186
4647,0.2146,-0.2170,0.9731
4648,-0.0144,-0.1416,0.9507
4649,-0.2585,0.0115,0.9858
4650,-0.3823,0.0090,1.1577
4651,-0.4106,0.1545,1.0457
4652,-0.3301,0.1941,1.0483
4653,-0.1238,0.1277,1.0833
4654,0.0588,0.1643,0.8733
4655,0.1423,0.0164,0.8674
4656,0.2224,-0.0542,0.8743
4657,0.1880,-0.1589,0.7883
4658,0.1287,-0.1750,0.9094
4659,0.0278,-0.1985,0.9875
4660,-0.0815,-0.0098,0.9573
4661,-0.1626,-0.0833,1.1497
4662,-0.1699,0.1616,1.0979
4663,-0.1062,0.1736,1.0591
4664,0.1028,0.1858,1.0842
4665,0.2595,0.1572,0.9124
4666,0.3953,0.0710,0.8420
4667,0.4644,-0.1572,0.8931
4668,0.3904,-0.1423,0.7991
4669,0.2339,-0.1821,0.8765
4670,-0.0452,-0.1809,1.0208
4671,-0.3501,-0.0227,0.9758
4672,-0.5559,0.0261,1.0981
4673,-0.6252,0.0950,1.1509
4674,-0.5002,0.2078,1.0278
4675,-0.2070,0.2095,1.0200
4676,0.0730,0.0701,0.9829
4677,0.3347,0.0471,0.7913
4678,0.3911,-0.1094,0.8647
4679,0.3296,-0.1929,0.9004
4680,0.1160,-0.1614,0.8372
4681,-0.0559,-0.0972,0.9810
4682,-0.2019,-0.0925,1.0862
4683,-0.2065,0.1255,0.9954
4684,-0.0925,0.0889,1.1272
4685,0.1262,0.1704,1.0803
4686,0.2849,0.1685,0.9143
4687,0.3997,0.0679,0.9426
4688,0.3787,-0.0334,0.9133
4689,0.2778,-0.0200,0.7720
4690,0.1570,-0.2170,0.9622
4691,-0.0510,-0.2268,0.9504
4692,-0.2297,-0.0371,0.9126
4693,-0.3909,-0.1187,1.1987
4694,-0.4385,0.1531,1.0588
4695,-0.4683,0.2061,1.0432
4696,-0.3049,0.1970,1.1216
4697,-0.0483,0.2114,0.9036
4698,0.1248,0.0950,0.8196
4699,0.3276,-0.0977,0.8882
4700,0.3738,-0.2014,0.8059
4701,0.2410,-0.1716,0.8157
4702,0.0874,-0.2319,1.0308
4703,-0.1753,-0.1497,0.9954
4704,-0.2903,0.0740,1.0366
4705,-0.2202,0.0557,1.2371
4706,-0.0554,0.2529,1.0354
4707,0.1858,0.2478,1.0239
4708,0.3982,0.1274,1.0315
4709,0.4946,0.1218,0.7827
4710,0.4272,-0.1621,0.8315
4711,0.2974,-0.2231,0.8530
4712,0.0806,-0.2131,0.8274
4713,-0.1851,-0.1531,0.9758
4714,-0.3755,-0.0676,1.0686
4715,-0.4548,0.0234,1.0688
4716,-0.4575,0.1206,1.1184
4717,-0.2422,0.2227,1.1077
4718,-0.1104,0.2283,1.0269
4719,0.0408,0.2373,0.9089
4720,0.1467,-0.0154,0.9163
4721,0.1580,-0.1365,0.8030
4722,0.1870,-0.1797,0.7896
4723,0.1055,-0.2573,0.9614
4724,-0.0176,-0.1057,0.9290
4725,-0.0894,-0.0139,1.0090
4726,-0.1682,-0.0686,1.1479
4727,-0.0806,0.1450,1.0432
4728,0.0840,0.1765,1.0598
4729,0.2417,0.1921,1.0747
4730,0.4097,0.1985,0.8726
4731,0.3870,0.0269,0.8823
4732,0.3132,-0.1301,0.9221
4733,0.1970,-0.1511,0.8206
4734,-0.0332,-0.2285,0.9360
4735,-0.2246,-0.1704,1.0386
4736,-0.4055,0.0095,0.9683
4737,-0.4644,0.0581,1.0979
4738,-0.3765,0.0540,1.1116
4739,-0.2498,0.2029,0.9360
4740,-0.0410,0.1423,1.0005
4741,0.1709,0.1350,0.9224
4742,0.2732,0.0520,0.7795
4743,0.2571,-0.1008,0.9387
4744,0.2065,-0.1533,0.9155
4745,-0.0066,-0.1074,0.9094
4746,-0.1389,-0.0972,1.0767
4747,-0.2693,-0.0620,1.0591
4748,-0.2314,0.0464,1.0295
4749,-0.0447,0.0593,1.1106
4750,0.1909,0.1750,0.9526
4751,0.3916,0.0757,0.9077
4752,0.5161,0.0012,0.9087
4753,0.5190,0.0144,0.8423
4754,0.3267,-0.1216,0.9116
4755,0.1230,-0.1204,0.9319
4756,-0.2185,-0.1646,0.9829
4757,-0.4319,0.0044,1.0347
4758,-0.5422,-0.0151,1.1431
4759,-0.4448,0.2222,1.0481
4760,-0.3047,0.1536,1.0667
4761,-0.0664,0.2104,0.9612
4762,0.0706,0.0779,0.8706
4763,0.1511,0.0037,0.8267
4764,0.2222,-0.1372,0.8323
4765,0.1433,-0.2266,0.8599
4766,0.0701,-0.1865,0.8987
4767,-0.0710,-0.2100,1.0610
4768,-0.1584,0.0183,1.0483
4769,-0.1272,0.0916,1.1284
4770,-0.0671,0.0942,1.1672
4771,0.1133,0.3003,0.9797
4772,0.2522,0.0818,0.9963
4773,0.3979,0.1306,0.8979
4774,0.4712,-0.0081,0.7808
4775,0.4312,-0.1108,0.8813
4776,0.2661,-0.2117,0.8696
4777,0.0310,-0.1514,0.8774
4778,-0.2583,-0.1484,1.0813
4779,-0.4751,-0.0103,1.0754
4780,-0.5278,0.1431,1.0774
4781,-0.4360,0.1040,1.1565
4782,-0.1763,0.2485,0.9895
4783,0.0383,0.0896,0.9456
4784,0.2014,0.0286,0.8970
4785,0.2595,0.0125,0.7913
4786,0.1892,-0.1174,0.8628
4787,0.0671,-0.1453,0.9172
4788,-0.1304,-0.1770,0.9055
4789,-0.2502,-0.1021,1.0356
4790,-0.2241,-0.0005,1.0854
4791,-0.1426,0.1243,1.0793
4792,0.0371,0.1406,1.0776
4793,0.2744,0.1040,1.0129
4794,0.3735,0.0486,0.9243
4795,0.5027,0.0811,0.8625
4796,0.4753,-0.0933,0.9143
4797,0.3689,-0.0723,0.8342
4798,0.1318,-0.1941,0.9153
4799,-0.1160,-0.1538,0.9976
4800,-0.3628,-0.0657,1.0149
4801,-0.4700,0.1187,1.0850
4802,-0.5132,0.1101,1.1165
4803,-0.3352,0.1780,1.0083
4804,-0.1582,0.1323,0.9944
4805,0.0583,0.1909,0.9094
4806,0.1833,0.0955,0.8723
4807,0.1797,-0.0417,0.8762
4808,0.1240,-0.1648,0.8528
4809,0.0215,-0.2805,0.9290
4810,-0.1233,-0.2119,0.9956
4811,-0.1472,0.0076,1.0269
4812,-0.1318,0.0437,1.1021
4813,-0.0417,0.0742,1.0796
4814,0.1511,0.1445,0.9856
4815,0.3137,0.0623,1.0049
4816,0.4695,0.1465,0.8860
4817,0.5125,0.0320,0.8713
4818,0.4158,-0.0735,0.9094
4819,0.2241,-0.1313,0.8530
4820,-0.0425,-0.2131,0.9729
4821,-0.2827,-0.1453,1.0266
4822,-0.4211,-0.0085,1.0376
4823,-0.4624,0.0830,1.1135
4824,-0.3352,0.2217,1.0464
4825,-0.1670,0.1804,0.9722
4826,0.0081,0.1030,0.9683
4827,0.1360,0.0942,0.8538
4828,0.1528,0.0759,0.8423
4829,0.0391,-0.1707,0.9397
4830,-0.0239,-0.1067,0.8391
4831,-0.1343,-0.3110,0.9761
4832,-0.1501,-0.1426,1.0552
4833,-0.1250,-0.0159,1.0266
4834,-0.0022,0.1287,1.1196
4835,0.1179,0.1536,1.0835
4836,0.2500,0.1843,0.9644
4837,0.3630,0.0972,0.9534
4838,0.4167,0.0688,0.8977
4839,0.3953,0.0005,0.8323
4840,0.2666,-0.1809,0.8997
4841,0.0994,-0.2263,0.9026
4842,-0.1094,-0.2065,0.9634
4843,-0.2864,-0.0720,1.0356
4844,-0.4036,0.0361,1.0854
4845,-0.3899,0.1760,1.0464
4846,-0.2817,0.2827,1.0588
4847,-0.0803,0.2188,1.0178
4848,0.0891,0.1577,0.8782
4849,0.1814,0.0076,0.8870
4850,0.2278,-0.1311,0.8850
4851,0.0881,-0.2080,0.8462
4852,-0.1003,-0.2759,0.9185
4853,-0.2603,-0.1863,1.0044
4854,-0.3159,-0.0151,1.0120
4855,-0.1985,0.1084,1.0940
4856,-0.0095,0.1152,1.1067
4857,0.2585,0.2649,0.9651
4858,0.4668,0.1064,1.0034
4859,0.5564,0.0757,0.9270
4860,0.5095,0.0005,0.8391
4861,0.3533,-0.1643,0.9495
4862,0.0820,-0.2332,0.8889
4863,-0.1904,-0.1631,0.9214
4864,-0.3716,-0.1555,1.0745
4865,-0.4836,0.1072,1.0405
4866,-0.4092,0.1885,1.0696
4867,-0.2454,0.2498,1.0854
4868,-0.0969,0.2053,0.9409
4869,0.1050,0.1187,0.8999
4870,0.1741,-0.0352,0.8853
4871,0.2017,-0.0344,0.8213
4872,0.0967,-0.1758,0.9045
4873,-0.0415,-0.1880,0.9448
4874,-0.1458,-0.2410,0.9622
4875,-0.2263,-0.1509,1.0483
4876,-0.1531,0.0139,1.0881
4877,-0.0002,0.2043,1.0725
4878,0.1323,0.2644,1.0601
4879,0.3286,0.2361,0.9731
4880,0.3950,0.0244,0.9009
4881,0.4175,-0.0134,0.8589
4882,0.3174,-0.2129,0.8589
4883,0.1726,-0.2029,0.8948
4884,-0.0308,-0.2668,0.9417
4885,-0.2598,-0.0793,1.0159
4886,-0.3901,-0.0593,1.1125
4887,-0.3550,0.1919,1.0549
4888,-0.3145,0.2598,1.0864
4889,-0.1094,0.2751,1.0608
4890,0.0874,0.2739,0.8835
4891,0.1792,0.0508,0.8677
4892,0.2263,-0.0928,0.8489
4893,0.1401,-0.1665,0.7761
4894,0.0366,-0.2656,0.9143
4895,-0.0623,-0.2847,0.9731
4896,-0.2275,-0.1018,0.9788
4897,-0.2791,0.0283,1.1477
4898,-0.1877,0.1707,1.1460
4899,-0.0698,0.2280,1.0500
4900,0.1458,0.1338,1.0374
4901,0.3159,0.0886,0.9438
4902,0.4148,0.0591,0.8362
4903,0.3892,-0.0728,0.8823
4904,0.2224,-0.2561,0.8499
4905,0.0273,-0.2405,0.8196
4906,-0.1392,-0.2578,1.0042
4907,-0.2585,-0.0027,1.0286
4908,-0.2524,0.1555,1.0696
4909,-0.2017,0.2534,1.1643
4910,-0.1252,0.3362,1.0356
4911,-0.0186,0.2434,1.0081
4912,0.0308,0.0356,0.9370
4913,0.0779,0.0547,0.7961
4914,0.1003,-0.2251,0.8960
4915,0.0876,-0.1689,0.8167
4916,-0.0168,-0.3037,0.8938
4917,-0.0952,-0.2354,1.0120
4918,-0.1765,-0.0269,0.9839
4919,-0.1643,0.1033,1.1304
4920,-0.0972,0.2466,1.1194
4921,0.0540,0.3113,1.0229
4922,0.2334,0.1184,1.0522
4923,0.3376,0.1165,0.9045
4924,0.4106,-0.0745,0.8638
4925,0.3552,-0.2556,0.9163
4926,0.2200,-0.2434,0.7942
4927,0.0105,-0.2825,0.9475
4928,-0.1521,-0.1060,0.9946
4929,-0.2654,0.1023,1.0139
4930,-0.2952,0.1528,1.1187
4931,-0.2183,0.2546,1.0579
4932,-0.0913,0.2292,1.0005
4933,0.0312,0.1628,0.9927
4934,0.1240,0.1313,0.8821
4935,0.0483,-0.0959,0.8948
4936,-0.0002,-0.1150,0.8586
4937,-0.1250,-0.2983,0.8989
4938,-0.1909,-0.2385,0.9485
4939,-0.1819,-0.1228,1.0034
4940,-0.1558,0.0664,1.0266
4941,-0.0383,0.1277,1.1079
4942,0.1169,0.2000,1.0317
4943,0.2393,0.1829,0.9905
4944,0.3440,0.0332,1.0015
4945,0.3911,0.0881,0.8521
4946,0.2793,-0.1001,0.9133
4947,0.2434,-0.2034,0.9446
4948,0.0242,-0.2219,0.8589
4949,-0.1130,-0.1226,0.9810
4950,-0.2344,-0.0740,1.1089
4951,-0.2742,0.2380,0.9448
4952,-0.2358,0.1604,1.1428
4953,-0.0691,0.1770,1.0288
4954,0.0044,0.2166,0.8596
4955,0.0757,-0.0037,0.9985
4956,0.1228,0.0264,0.8586
4957,0.0645,-0.1179,0.8313
4958,-0.0474,-0.1868,0.9846
4959,-0.0847,-0.1641,0.8921
4960,-0.1343,-0.1294,0.9810
4961,-0.2227,-0.0703,1.0754
4962,-0.1753,0.1528,1.0081
4963,-0.0723,0.0999,1.0911
4964,0.0271,0.1992,1.0002
4965,0.1721,0.0776,0.9468
4966,0.2969,-0.0239,0.9397
4967,0.3813,0.0034,0.8423
4968,0.3455,-0.2063,0.9612
4969,0.2378,-0.1284,0.9019
4970,0.0728,-0.1477,0.9602
4971,-0.1147,-0.0647,1.0647
4972,-0.2603,0.1460,1.0217
4973,-0.2375,0.1951,1.0513
4974,-0.1404,0.1626,1.0510
4975,-0.0125,0.1699,0.9106
4976,0.1267,0.0994,0.9084
4977,0.1904,-0.0347,0.9094
4978,0.1345,-0.0320,0.8352
4979,-0.0173,-0.2009,0.9202
4980,-0.1753,-0.2344,0.9683
4981,-0.2717,-0.1597,0.9536
4982,-0.2988,-0.0339,1.0813
4983,-0.2222,0.1179,1.0989
4984,-0.0640,0.1812,1.0562
4985,0.0886,0.1919,1.0461
4986,0.2153,0.1140,0.9673
4987,0.3354,0.0830,0.8745
4988,0.3555,-0.1028,0.8801
4989,0.3142,-0.1257,0.8459
4990,0.2585,-0.2478,0.8625
4991,0.1040,-0.2454,0.9758
4992,-0.0229,-0.0645,0.9768
4993,-0.2388,0.0439,1.1077
4994,-0.3215,0.1848,1.1128
4995,-0.2991,0.2610,1.0562
4996,-0.1917,0.2268,1.0728
4997,-0.0396,0.1719,0.9514
4998,0.1621,0.0864,0.8315
4999,0.2046,-0.1753,0.8989
5000,0.1846,-0.1211,0.7769
5001,0.0408,-0.2180,0.8918
5002,-0.0784,-0.2283,0.9924
5003,-0.2043,-0.0432,0.9282
5004,-0.3442,-0.0461,1.1072
5005,-0.2300,0.1802,1.0911
5006,-0.0840,0.1775,1.0386
5007,0.0735,0.1506,1.0686
5008,0.3171,0.1387,0.9465
5009,0.4265,-0.0015,0.8899
5010,0.4189,-0.0618,0.8967
5011,0.3223,-0.1670,0.8784
5012,0.0920,-0.2434,0.8948
5013,-0.0588,-0.1597,0.9673
5014,-0.2839,-0.1003,1.0298
5015,-0.3303,0.1589,1.0454
5016,-0.2922,0.1626,1.1099
5017,-0.1848,0.2668,1.0149
5018,-0.0464,0.1941,0.9800
5019,0.1079,0.1104,0.9390
5020,0.1824,0.0398,0.8625
5021,0.2031,-0.1177,0.8647
5022,0.1926,-0.2131,0.9006
5023,0.0974,-0.2585,0.9026
5024,-0.0034,-0.0835,0.9829
5025,-0.1477,-0.0549,1.0767
5026,-0.2061,0.1340,1.0522
5027,-0.1931,0.1387,1.0920
5028,-0.1072,0.1472,1.0444
5029,0.0432,0.1392,0.9417
5030,0.2500,0.0532,0.9265
5031,0.3574,-0.0371,0.8674
5032,0.3726,-0.1477,0.8442
5033,0.2585,-0.2737,0.9309
5034,0.0457,-0.1440,0.9272
5035,-0.2141,-0.0715,1.0435
5036,-0.3616,0.0674,1.0972
5037,-0.3801,0.1716,1.0620
5038,-0.2375,0.1724,1.0872
5039,-0.0068,0.2253,1.0022
5040,0.1680,0.1333,0.9055
5041,0.2866,0.0994,0.8696
5042,0.2690,-0.1216,0.8188
5043,0.0796,-0.1704,0.8325
5044,-0.0286,-0.2886,0.8911
5045,-0.1814,-0.1899,0.9468
5046,-0.2854,-0.1138,1.0337
5047,-0.2214,0.0188,1.1001
5048,-0.1343,0.1333,1.1360
5049,0.0073,0.2637,1.0852
5050,0.1333,0.2258,1.0464
5051,0.1833,0.1262,0.9712
5052,0.2732,0.0254,0.8225
5053,0.2585,-0.1167,0.8850
5054,0.2351,-0.2366,0.8362
5055,0.2087,-0.1682,0.8381
5056,0.0503,-0.3030,0.9995
5057,-0.0623,0.0222,0.9990
5058,-0.2336,0.0623,1.0825
5059,-0.3025,0.2646,1.1467
5060,-0.2617,0.2356,1.0591
5061,-0.1492,0.2759,0.9797
5062,0.0364,0.1040,0.9885
5063,0.2378,0.0630,0.8394
5064,0.2644,-0.1216,0.8528
5065,0.2441,-0.2510,0.8872
5066,0.0586,-0.2410,0.8433
5067,-0.1455,-0.2102,0.9719
5068,-0.2793,-0.1042,1.0356
5069,-0.3025,0.0703,1.0171
5070,-0.1802,0.0825,1.1331
5071,0.0232,0.2402,1.0452
5072,0.2317,0.2495,0.9749
5073,0.3660,0.1343,0.9934
5074,0.3513,0.0212,0.8860
5075,0.2136,-0.1123,0.8860
5076,0.0369,-0.2520,0.9143
5077,-0.1528,-0.2615,0.9221
5078,-0.2727,-0.1472,0.9614
5079,-0.2993,-0.0095,1.0540
5080,-0.1765,0.0991,1.0513
5081,-0.0273,0.2146,1.0083
5082,0.1206,0.1731,1.0366
5083,0.2292,0.2151,0.9436
5084,0.2659,0.1953,0.8792
5085,0.2563,-0.0273,0.9331
5086,0.1433,-0.1448,0.8518
5087,0.0005,-0.2368,0.8823
5088,-0.1226,-0.3086,1.0054
5089,-0.2021,-0.1201,0.9829
5090,-0.2866,-0.0193,1.0471
5091,-0.2205,0.1118,1.1165
5092,-0.1006,0.1492,1.0239
5093,0.0657,0.2461,0.9817
5094,0.1685,0.1130,0.9761
5095,0.3323,0.1187,0.8743
5096,0.2688,-0.1279,0.8899
5097,0.2310,-0.1238,0.8853
5098,0.0801,-0.3081,0.9458
5099,-0.1038,-0.1240,0.9622
5100,-0.2681,-0.0132,1.0676
5101,-0.3579,0.0679,1.0920
5102,-0.3303,0.1990,1.0190
5103,-0.1621,0.2021,1.0471
5104,0.0996,0.2134,0.9661
5105,0.2886,0.1418,0.8745
5106,0.4351,-0.0022,0.8647
5107,0.3306,-0.1167,0.8735
5108,0.1553,-0.1919,0.8569
5109,-0.0542,-0.2432,0.9995
5110,-0.2898,-0.2207,0.9907
5111,-0.3958,-0.0232,1.0269
5112,-0.3167,0.0442,1.1392
5113,-0.1536,0.2693,1.0366
5114,0.0520,0.2097,1.0337
5115,0.2778,0.1296,0.9907
5116,0.4175,0.0979,0.8237
5117,0.4207,-0.0767,0.9133
5118,0.2864,-0.1741,0.8638
5119,0.0911,-0.1609,0.8479
5120,-0.1184,-0.3296,1.0483
5121,-0.2524,-0.0425,0.9768
5122,-0.3611,0.0122,1.0793
5123,-0.3206,0.1565,1.1558
5124,-0.1802,0.2871,0.9817
5125,-0.0359,0.2019,1.0103
5126,0.1526,0.1477,0.9231
5127,0.2458,0.0208,0.8030
5128,0.2925,-0.0771,0.8677
5129,0.2253,-0.2151,0.8860
5130,0.0569,-0.1797,0.8521
5131,-0.1204,-0.2622,1.0371
5132,-0.2422,-0.0654,1.0540
5133,-0.2842,0.0486,1.0696
5134,-0.2083,0.1191,1.1506
5135,-0.0544,0.2417,1.0208
5136,0.1663,0.2378,0.9778
5137,0.3259,0.1182,0.9553
5138,0.4182,0.0493,0.8313
5139,0.3738,-0.1216,0.8586
5140,0.1963,-0.2361,0.8811
5141,-0.0046,-0.2485,0.9009
5142,-0.2607,-0.2468,1.0178
5143,-0.4106,-0.0149,1.0442
5144,-0.3733,0.0903,1.1338
5145,-0.2646,0.2720,1.1086
5146,-0.0938,0.3481,1.0178
5147,0.1362,0.1992,0.9917
5148,0.2258,0.0659,0.8423
5149,0.2595,-0.0242,0.7942
5150,0.2515,-0.2720,0.8960
5151,0.1208,-0.2317,0.8186
5152,-0.0122,-0.2021,0.9087
5153,-0.1738,-0.1982,1.0923
5154,-0.2356,0.0554,1.0210
5155,-0.2417,0.1028,1.1272
5156,-0.1631,0.2104,1.1506
5157,0.0273,0.2964,0.9885
5158,0.2134,0.1785,0.9731
5159,0.3582,0.0308,0.9124
5160,0.3960,-0.1084,0.7915
5161,0.3403,-0.1914,0.8843
5162,0.1697,-0.2717,0.8977
5163,-0.0449,-0.1807,0.8879
5164,-0.2502,-0.1777,1.0649
5165,-0.3704,0.0383,1.0737
5166,-0.3472,0.2119,1.0735
5167,-0.2075,0.2104,1.1008
5168,-0.0049,0.3015,0.9604
5169,0.1460,0.1511,0.9458
5170,0.2117,0.0928,0.9045
5171,0.1731,-0.0525,0.8401
5172,0.0471,-0.2231,0.8977
5173,-0.1069,-0.2625,0.8967
5174,-0.2014,-0.2168,0.9272
5175,-0.2314,-0.1335,1.0715
5176,-0.1833,0.0496,1.0483
5177,0.0017,0.2346,1.0610
5178,0.1333,0.1248,1.1157
5179,0.3381,0.2546,0.9136
5180,0.4207,0.0991,0.9319
5181,0.4099,0.0027,0.9329
5182,0.3311,-0.0674,0.7993
5183,0.1650,-0.2493,0.9380
5184,-0.0193,-0.2551,0.9592
5185,-0.2070,-0.0994,0.9399
5186,-0.3577,-0.0583,1.1362
5187,-0.4182,0.1750,1.0669
5188,-0.3953,0.2012,1.0315
5189,-0.2537,0.1960,1.0852
5190,-0.0459,0.2153,0.8853
5191,0.1741,0.0989,0.8901
5192,0.2529,-0.1294,0.8960
5193,0.2727,-0.0925,0.7869
5194,0.1609,-0.2612,0.9495
5195,0.0281,-0.1414,0.9592
5196,-0.1797,-0.1602,0.9915
5197,-0.2273,-0.0298,1.0972
5198,-0.1975,0.0964,1.0806
5199,-0.0283,0.1899,1.0286
5200,0.1843,0.1606,1.0483
5201,0.3542,0.1775,0.8958
5202,0.3855,0.0735,0.9026
5203,0.3364,-0.1143,0.8950
5204,0.2039,-0.1399,0.8088
5205,-0.0164,-0.2827,0.9585
5206,-0.1560,-0.1250,1.0073
5207,-0.2993,-0.0015,0.9973
5208,-0.3530,0.0671,1.1233
5209,-0.3462,0.0837,1.0872
5210,-0.2307,0.3044,0.9644
5211,-0.0869,0.1667,1.0630
5212,0.1145,0.1970,0.8696
5213,0.2053,-0.0227,0.7944
5214,0.3005,-0.1541,0.8772
5215,0.2322,-0.2791,0.8704
5216,0.1211,-0.1899,0.8960
5217,-0.0740,-0.1838,1.0725
5218,-0.2131,-0.0151,1.0415
5219,-0.2817,0.0991,1.0979
5220,-0.1833,0.1853,1.1392
5221,0.0559,0.2656,1.0120
5222,0.2417,0.1589,0.9712
5223,0.4585,0.1221,0.8589
5224,0.4526,-0.0903,0.8501
5225,0.3267,-0.1477,0.8208
5226,0.1304,-0.2119,0.9014
5227,-0.0962,-0.2195,0.9504
5228,-0.3352,-0.1167,0.9907
5229,-0.4097,-0.0400,1.0989
5230,-0.4495,0.1311,1.1128
5231,-0.2856,0.2476,1.0774
5232,-0.0854,0.2207,1.0764
5233,0.0361,0.2395,0.9192
5234,0.1665,0.0879,0.8667
5235,0.1670,-0.1416,0.8521
5236,0.1123,-0.1565,0.8069
5237,0.0227,-0.2788,0.8970
5238,-0.0469,-0.1667,0.9565
5239,-0.1370,-0.1653,1.0005
5240,-0.0991,0.0769,1.0901
5241,-0.0718,0.0881,1.1438
5242,0.0952,0.2791,1.0405
5243,0.2563,0.1995,1.0354
5244,0.3523,0.1494,0.9788
5245,0.4146,0.0427,0.8411
5246,0.3896,-0.1475,0.8772
5247,0.2581,-0.2446,0.8560
5248,0.0591,-0.1985,0.8508
5249,-0.1287,-0.1978,1.0210
5250,-0.3411,-0.0320,1.0278
5251,-0.4429,0.1184,1.0432
5252,-0.4412,0.1448,1.1675
5253,-0.3313,0.2847,1.0122
5254,-0.1555,0.2581,0.9807
5255,0.0593,0.0652,0.9602
5256,0.2131,0.0295,0.8013
5257,0.2971,-0.1807,0.8508
5258,0.2332,-0.2454,0.9202
5259,0.0566,-0.2288,0.8608
5260,-0.0710,-0.1289,1.0103
5261,-0.2317,-0.0784,1.0737
5262,-0.1753,0.1667,1.0364
5263,-0.0776,0.1040,1.1567
5264,0.1121,0.3037,1.0110
5265,0.2839,0.1602,0.9622
5266,0.3826,0.0898,0.9504
5267,0.3962,0.0107,0.8240
5268,0.3313,-0.1753,0.8862
5269,0.1257,-0.2515,0.9009
5270,-0.0742,-0.1763,0.8784
5271,-0.2502,-0.1816,1.0581
5272,-0.3745,-0.0098,1.0413
5273,-0.3713,0.1458,1.0522
5274,-0.2620,0.1785,1.1333
5275,-0.1587,0.2664,0.9897
5276,-0.0173,0.2139,0.9260
5277,0.1091,0.0718,0.9495
5278,0.1548,-0.0288,0.8228
5279,0.1665,-0.1609,0.8538
5280,0.1133,-0.2942,0.9172
5281,-0.0315,-0.2554,0.8950
5282,-0.0945,-0.1404,1.0110
5283,-0.1765,-0.0110,1.1011
5284,-0.1216,0.2261,1.0667
5285,0.0176,0.2336,1.0972
5286,0.1404,0.2329,1.0286
5287,0.3169,0.1536,0.9116
5288,0.4578,0.0439,0.8850
5289,0.4087,-0.1299,0.9106
5290,0.3862,-0.1919,0.8042
5291,0.1719,-0.3274,0.9241
5292,-0.1338,-0.2383,0.9714
5293,-0.3511,0.0432,0.9954
5294,-0.5005,0.0728,1.1692
5295,-0.4761,0.2661,1.0842
5296,-0.3279,0.2734,1.0315
5297,-0.0935,0.2271,1.0227
5298,0.0977,0.1318,0.8882
5299,0.1848,-0.0020,0.8264
5300,0.1831,-0.2075,0.8794
5301,0.1389,-0.3042,0.8291
5302,0.0217,-0.3159,0.8667
5303,-0.1140,-0.2573,1.0200
5304,-0.1345,0.0481,1.0288
5305,-0.1255,0.2019,1.1313
5306,-0.0342,0.3169,1.1516
5307,0.0947,0.2439,1.0347
5308,0.1970,0.1274,0.9583
5309,0.3562,0.0747,0.9143
5310,0.3843,-0.0728,0.8501
5311,0.3513,-0.1702,0.8313
5312,0.2358,-0.3655,0.8840
5313,0.0525,-0.2600,0.8733
5314,-0.1865,-0.1494,1.0305
5315,-0.3406,0.0764,1.0806
5316,-0.4197,0.2461,1.1165
5317,-0.3074,0.3022,1.0950
5318,-0.1392,0.2710,1.0269
5319,0.0347,0.1433,0.9448
5320,0.2070,0.1077,0.8909
5321,0.2007,-0.0879,0.8618
5322,0.1018,-0.2095,0.8394
5323,-0.0581,-0.3240,0.8704
5324,-0.2415,-0.2422,0.9175
5325,-0.3157,-0.1323,1.0552
5326,-0.2334,0.0540,1.0630
5327,-0.0676,0.1833,1.0942
5328,0.1855,0.2214,1.1116
5329,0.3833,0.2473,0.9897
5330,0.5095,0.2031,0.9338
5331,0.4819,-0.0420,0.9370
5332,0.3777,-0.0540,0.7981
5333,0.1863,-0.2932,0.8782
5334,-0.0222,-0.2805,0.9260
5335,-0.2073,-0.1689,0.9087
5336,-0.3489,-0.0195,1.0522
5337,-0.4429,0.0503,1.1096
5338,-0.3423,0.2827,1.0178
5339,-0.2200,0.2161,1.1099
5340,-0.0740,0.2585,1.0054
5341,0.0793,0.1812,0.8726
5342,0.1548,-0.0830,0.9272
5343,0.1733,-0.1807,0.8247
5344,0.1069,-0.3198,0.8599
5345,0.0068,-0.2563,0.9536
5346,-0.1223,-0.0891,0.9700
5347,-0.1931,0.0503,1.0491
5348,-0.1631,0.2454,1.0806
5349,-0.0620,0.2820,1.0620
5350,0.1233,0.1697,1.0396
5351,0.2937,0.0752,0.9260
5352,0.4294,-0.0200,0.8899
5353,0.4966,-0.1255,0.8911
5354,0.3950,-0.2485,0.8696
5355,0.2319,-0.2632,0.8950
5356,-0.0640,-0.3274,0.9856
5357,-0.3049,-0.0291,1.0181
5358,-0.4241,0.1086,1.1138
5359,-0.4067,0.3657,1.1184
5360,-0.3120,0.3364,1.0647
5361,-0.0706,0.2888,0.9780
5362,0.0671,0.0720,0.9143
5363,0.1404,0.0107,0.8235
5364,0.1555,-0.2014,0.8303
5365,0.0581,-0.3042,0.8696
5366,-0.0825,-0.2886,0.8628
5367,-0.1475,-0.1926,1.0217
5368,-0.1921,-0.0681,1.0708
5369,-0.1531,0.2217,1.0725
5370,-0.0344,0.2009,1.1477
5371,0.1177,0.2920,1.0806
5372,0.2708,0.1865,0.9617
5373,0.4001,0.0967,0.9338
5374,0.4275,-0.0969,0.8420
5375,0.3953,-0.1536,0.7922
5376,0.2434,-0.3267,0.8892
5377,0.0896,-0.3035,0.9104
5378,-0.1179,-0.1558,0.9495
5379,-0.2476,0.0540,1.1008
5380,-0.3069,0.2019,1.1392
5381,-0.3213,0.3706,1.0706
5382,-0.2468,0.2278,1.0940
5383,-0.1145,0.1934,0.9653
5384,-0.0386,0.0898,0.8589
5385,0.0388,-0.1016,0.8970
5386,0.0388,-0.2292,0.8157
5387,-0.0291,-0.2976,0.7942
5388,-0.0837,-0.3098,0.9563
5389,-0.1765,-0.1843,0.9634
5390,-0.1526,0.1252,1.0374
5391,-0.0464,0.1970,1.1721
5392,0.1108,0.3586,1.0591
5393,0.3071,0.2234,1.0190
5394,0.4539,0.0981,1.0100
5395,0.5457,0.0347,0.8987
5396,0.4275,-0.0942,0.8879
5397,0.2378,-0.2258,0.8882
5398,0.0032,-0.3833,0.8550
5399,-0.1914,-0.2935,0.9175
5400,-0.3430,-0.1096,1.0259
5401,-0.3267,0.1558,1.0676
5402,-0.2844,0.3005,1.0815
5403,-0.1919,0.3240,1.0620
5404,-0.0740,0.2375,1.0396
5405,0.0032,0.1733,0.9338
5406,0.0352,0.0461,0.9077
5407,0.0154,-0.1953,0.8909
5408,0.0149,-0.2456,0.8198
5409,-0.0054,-0.3013,0.9351
5410,-0.0129,-0.1926,0.9661
5411,0.0042,-0.0061,0.9409
5412,-0.0159,0.0398,1.0764
5413,0.0298,0.3208,1.0422
5414,0.0730,0.3018,1.0413
5415,0.1465,0.2117,1.0327
5416,0.2244,0.0100,0.9084
5417,0.3037,-0.0837,0.8862
5418,0.2485,-0.2861,0.9536
5419,0.1885,-0.3218,0.8843
5420,0.0146,-0.3264,0.9426
5421,-0.1807,-0.1252,1.0081
5422,-0.3120,0.0955,1.0227
5423,-0.3091,0.2551,1.0823
5424,-0.2710,0.2915,1.0403
5425,-0.0798,0.2935,0.9846
5426,0.0581,0.1697,0.9780
5427,0.1689,0.1614,0.8511
5428,0.2056,-0.1313,0.8979
5429,0.1035,-0.3027,0.8550
5430,-0.0093,-0.3081,0.8462
5431,-0.0950,-0.3203,1.0093
5432,-0.1968,-0.0315,0.9768
5433,-0.1946,0.1018,1.0757
5434,-0.1277,0.1577,1.1487
5435,-0.0356,0.3276,0.9934
5436,0.1519,0.1714,1.0591
5437,0.3181,0.1250,0.9768
5438,0.3765,0.0239,0.8159
5439,0.3772,-0.1594,0.9309
5440,0.2698,-0.3130,0.8657
5441,0.1238,-0.2246,0.8411
5442,-0.0461,-0.2112,1.0334
5443,-0.1899,0.0872,1.0266
5444,-0.2888,0.1890,1.0559
5445,-0.3059,0.2715,1.1167
5446,-0.2688,0.1975,1.0386
5447,-0.1106,0.2117,0.9373
5448,0.0212,0.0269,0.9524
5449,0.1377,-0.0471,0.8674
5450,0.1731,-0.1519,0.8118
5451,0.0747,-0.2769,0.9536
5452,-0.0020,-0.2415,0.8831
5453,-0.1404,-0.1489,0.9653
5454,-0.2449,-0.0347,1.1060
5455,-0.1528,0.2437,1.0276
5456,-0.0752,0.2566,1.1157
5457,0.0950,0.2727,1.0549
5458,0.3054,0.2158,0.8987
5459,0.3762,-0.0576,0.9829
5460,0.4331,-0.0359,0.8169
5461,0.3323,-0.2190,0.8547
5462,0.1323,-0.3892,0.9556
5463,0.0344,-0.1787,0.8247
5464,-0.1997,-0.2139,1.0811
5465,-0.2661,0.0293,1.1018
5466,-0.2593,0.2886,1.0051
5467,-0.2351,0.2195,1.1772
5468,-0.1282,0.3081,1.0090
5469,-0.0007,0.2480,0.8694
5470,0.0894,-0.0420,0.9946
5471,0.1477,-0.0706,0.7739
5472,0.1047,-0.2280,0.8167
5473,-0.0085,-0.3032,0.9565
5474,-0.1453,-0.2058,0.8440
5475,-0.2708,-0.1074,1.0308
5476,-0.3267,0.0244,1.1292
5477,-0.2175,0.2703,1.0396
5478,-0.0349,0.2214,1.1479
5479,0.2346,0.3013,1.0024
5480,0.4409,0.1201,0.9263
5481,0.4966,-0.0627,0.9292
5482,0.4666,-0.1492,0.8518
5483,0.3296,-0.3247,0.8813
5484,0.1296,-0.2715,0.8928
5485,-0.0771,-0.1636,0.9390
5486,-0.1978,-0.0176,1.0415
5487,-0.2952,0.1658,1.0776
5488,-0.2715,0.2749,1.0764
5489,-0.2319,0.3052,1.0852
5490,-0.1165,0.3325,0.9641
5491,-0.0410,0.1182,0.9651
5492,0.0608,-0.0569,0.8391
5493,0.0735,-0.2976,0.8469
5494,0.0759,-0.4021,0.8352
5495,0.0278,-0.2922,0.8713
5496,-0.0923,-0.2305,1.0435
5497,-0.1650,0.0789,1.0500
5498,-0.2139,0.1865,1.0706
5499,-0.1946,0.2966,1.1440
5500,-0.0261,0.3179,1.0042
5501,0.1716,0.2688,0.9485
5502,0.3167,-0.0439,0.9915
5503,0.4565,-0.0271,0.7681
5504,0.3755,-0.3101,0.8569
5505,0.2524,-0.4180,0.9390
5506,0.0676,-0.2627,0.8228
5507,-0.2063,-0.1226,1.0806
5508,-0.2913,0.1082,1.1606
5509,-0.2695,0.3665,1.0081
5510,-0.2209,0.3032,1.1682
5511,0.0303,0.2502,1.0308
5512,0.2031,0.2195,0.8267
5513,0.2524,-0.0508,0.9526
5514,0.2556,-0.0850,0.8108
5515,0.0464,-0.2607,0.7896
5516,-0.1443,-0.3047,0.9458
5517,-0.2932,-0.2954,0.9038
5518,-0.3413,-0.1501,1.0247
5519,-0.2766,0.0479,1.1343
5520,-0.1084,0.3030,1.0962
5521,0.0381,0.2791,1.1226
5522,0.1829,0.2898,1.0093
5523,0.2397,0.0691,0.9585
5524,0.3118,0.0256,0.8752
5525,0.3206,-0.1152,0.8401
5526,0.2827,-0.2622,0.8511
5527,0.1741,-0.2954,0.8726
5528,0.0183,-0.2339,0.9497
5529,-0.1025,-0.0010,1.0579
5530,-0.2102,0.1321,1.0601
5531,-0.2212,0.2705,1.0725
5532,-0.1582,0.1838,1.0796
5533,-0.0291,0.3098,0.9370
5534,0.1047,0.0825,0.9849
5535,0.1479,-0.0239,0.8989
5536,0.1262,-0.1035,0.7913
5537,-0.0474,-0.3765,0.9810
5538,-0.1731,-0.2183,0.8657
5539,-0.3411,-0.1519,0.9409
5540,-0.3513,-0.0569,1.1060
5541,-0.2627,0.1543,1.0178
5542,-0.0420,0.2573,1.0422
5543,0.1575,0.2021,1.1086
5544,0.3228,0.2078,0.8892
5545,0.4644,0.0713,0.9136
5546,0.3914,-0.1526,0.9641
5547,0.3413,-0.1047,0.8159
5548,0.1541,-0.3372,0.9504
5549,-0.0239,-0.1826,0.9573
5550,-0.2109,-0.1345,0.9993
5551,-0.2668,0.1028,1.0796
5552,-0.2632,0.2104,1.0969
5553,-0.1738,0.3250,1.0142
5554,-0.0696,0.2595,0.9985
5555,0.0557,0.1130,0.9106
5556,0.1296,0.0073,0.8479
5557,0.0947,-0.1948,0.8706
5558,0.0647,-0.2175,0.8557
5559,0.0002,-0.3428,0.9487
5560,-0.0916,-0.1343,0.9709
5561,-0.1511,-0.0122,1.0825
5562,-0.1079,0.1260,1.1057
5563,-0.0898,0.2271,1.0471
5564,-0.0164,0.2341,1.0562
5565,0.1296,0.1592,1.0022
5566,0.2048,0.1108,0.8733
5567,0.2720,-0.0579,0.8726
5568,0.2749,-0.2700,0.8745
5569,0.2188,-0.2676,0.8118
5570,0.0662,-0.2634,0.9797
5571,-0.0879,-0.0630,1.0393
5572,-0.2175,0.1240,1.0520
5573,-0.2698,0.2180,1.1284
5574,-0.2524,0.2319,1.0862
5575,-0.0872,0.2119,0.9956
5576,0.0999,0.1511,0.9329
5577,0.1472,0.0239,0.8901
5578,0.2664,-0.0603,0.8083
5579,0.1699,-0.2490,0.8276
5580,-0.0193,-0.3481,0.8872
5581,-0.0789,-0.2214,0.9182
5582,-0.2419,-0.0874,1.0356
5583,-0.2495,0.1543,1.1018
5584,-0.1533,0.2100,1.1184
5585,-0.0723,0.2231,1.1040
5586,0.1404,0.1973,1.0481
5587,0.2229,0.1299,0.9495
5588,0.2466,0.0469,0.8970
5589,0.2749,-0.1265,0.8550
5590,0.1445,-0.2808,0.8501
5591,0.0676,-0.3110,0.8706
5592,-0.0217,-0.2214,0.9407
5593,-0.1680,-0.0789,0.9927
5594,-0.1555,0.1750,1.0715
5595,-0.2241,0.1604,1.1235
5596,-0.1714,0.4121,1.0190
5597,-0.0449,0.1575,1.0864
5598,0.1245,0.2087,0.9077
5599,0.2534,0.0125,0.8999
5600,0.3140,-0.1609,0.9133
5601,0.2249,-0.1621,0.8159
5602,0.0249,-0.3076,0.9136
5603,-0.1853,-0.2280,0.9390
5604,-0.3782,-0.0852,0.9800
5605,-0.4065,0.0532,1.0786
5606,-0.2590,0.1926,1.0715
5607,-0.0137,0.2224,1.0298
5608,0.2458,0.2241,0.9983
5609,0.4038,0.0881,0.9819
5610,0.4163,-0.0435,0.8997
5611,0.2483,-0.1382,0.9097
5612,0.0557,-0.2786,0.9329
5613,-0.0757,-0.1780,0.9172
5614,-0.2004,-0.1440,0.9692
5615,-0.2144,0.0525,1.0422
5616,-0.1626,0.1162,1.0435
5617,-0.0769,0.2974,0.9915
5618,0.0347,0.1885,1.0142
5619,0.1409,0.1353,0.9387
5620,0.1658,0.0715,0.8489
5621,0.1851,-0.0669,0.9370
5622,0.1533,-0.1750,0.8997
5623,0.0696,-0.1855,0.8970
5624,-0.0542,-0.2549,1.0637
5625,-0.2109,-0.0757,1.0149
5626,-0.2874,0.1018,1.0425
5627,-0.2488,0.1416,1.1301
5628,-0.1440,0.2461,0.9856
5629,0.0322,0.1323,0.9622
5630,0.2644,0.0676,0.9534
5631,0.3635,-0.0093,0.8342
5632,0.3901,-0.0144,0.8384
5633,0.2927,-0.2996,0.9778
5634,0.1221,-0.1687,0.8774
5635,-0.1001,-0.1316,1.0071
5636,-0.2781,-0.0774,1.1614
5637,-0.3372,0.1875,0.9683
5638,-0.3425,0.1384,1.1147
5639,-0.1970,0.1440,1.0630
5640,0.0430,0.2024,0.8589
5641,0.2273,0.0591,0.9290
5642,0.3276,0.0200,0.8628
5643,0.2703,-0.0811,0.8108
5644,0.1487,-0.1401,0.9260
5645,-0.0134,-0.2686,0.9834
5646,-0.1882,-0.0933,0.9243
5647,-0.3440,-0.0737,1.1401
5648,-0.2805,0.1467,1.1216
5649,-0.1624,0.2573,0.9963
5650,0.0427,0.1689,1.0920
5651,0.2688,0.1267,0.9338
5652,0.4119,0.1077,0.8010
5653,0.3716,-0.1675,0.9712
5654,0.2554,-0.1963,0.7915
5655,0.0408,-0.1755,0.8503
5656,-0.2175,-0.3521,1.0962
5657,-0.3333,0.0483,0.9253
5658,-0.3677,0.0271,1.1174
5659,-0.2898,0.1519,1.1682
5660,-0.0774,0.2417,0.9514
5661,0.1108,0.1313,1.0371
5662,0.2314,0.1133,0.9507
5663,0.2827,0.0955,0.7769
5664,0.2429,-0.0574,0.9104
5665,0.1689,-0.1160,0.8696
5666,0.0063,-0.1594,0.8706
5667,-0.0974,-0.1941,1.0347
5668,-0.1926,-0.0696,1.0425
5669,-0.2600,0.0881,1.0337
5670,-0.2207,0.1355,1.1372
5671,-0.0898,0.1858,1.0288
5672,0.0959,0.2395,0.9165
5673,0.2739,0.0095,0.9937
5674,0.3953,-0.0774,0.8323
5675,0.3757,-0.0776,0.8176
5676,0.2544,-0.2798,1.0220
5677,0.0457,-0.1484,0.8918
5678,-0.2092,-0.1138,0.9829
5679,-0.3567,-0.0886,1.1753
5680,-0.3875,0.1372,0.9836
5681,-0.2681,0.2407,1.0500
5682,-0.0637,0.1702,1.0872
5683,0.1616,0.2258,0.8193
5684,0.2998,0.0200,0.8840
5685,0.3167,-0.1013,0.9263
5686,0.2356,-0.0229,0.7559
5687,0.0420,-0.2097,0.9963
5688,-0.1553,-0.2166,1.0071
5689,-0.2856,-0.0588,0.9495
5690,-0.3420,-0.0525,1.1714
5691,-0.2241,0.1382,1.0793
5692,-0.0286,0.2271,0.9856
5693,0.1858,0.1724,1.0618
5694,0.3667,0.1104,0.8696
5695,0.4431,0.0293,0.8176
5696,0.3921,-0.1460,0.8999
5697,0.3015,-0.1506,0.8420
5698,0.0808,-0.2700,0.9360
5699,-0.0957,-0.1799,1.0398
5700,-0.2773,-0.0557,1.0327
5701,-0.4138,0.1218,1.1174
5702,-0.3682,0.2163,1.1106
5703,-0.2266,0.2261,1.0227
5704,-0.1001,0.1526,0.9692
5705,0.0911,0.1064,0.8723
5706,0.2073,-0.0459,0.8459
5707,0.2383,-0.0889,0.8313
5708,0.1570,-0.1809,0.8889
5709,0.0361,-0.1816,0.9683
5710,-0.0913,-0.1064,0.9875
5711,-0.2339,-0.0249,1.0911
5712,-0.2983,0.0759,1.1155
5713,-0.1431,0.2812,1.0315
5714,0.0554,0.1753,1.0874
5715,0.2715,0.2310,0.8989
5716,0.4272,0.0630,0.8501
5717,0.4790,-0.1541,0.9165
5718,0.3921,-0.1392,0.7808
5719,0.2019,-0.2874,0.9338
5720,-0.0227,-0.3218,1.0044
5721,-0.2935,-0.0879,0.9338
5722,-0.4399,-0.0315,1.1643
5723,-0.4548,0.1824,1.1431
5724,-0.3560,0.3247,1.0071
5725,-0.1455,0.3264,1.0708
5726,0.0454,0.2170,0.9302
5727,0.2402,0.0989,0.7700
5728,0.2803,-0.2190,0.8870
5729,0.2236,-0.3015,0.8450
5730,0.1104,-0.2104,0.8101
5731,-0.1194,-0.2778,1.0552
5732,-0.2415,-0.0642,1.0200
5733,-0.2542,0.0430,1.0503
5734,-0.1660,0.1646,1.2014
5735,0.1011,0.3323,1.0552
5736,0.3328,0.3716,0.9866
5737,0.4343,0.1675,0.9875
5738,0.4985,0.0579,0.8125
5739,0.3870,-0.2112,0.8257
5740,0.2319,-0.3154,0.8694
5741,0.0391,-0.3516,0.8899
5742,-0.1921,-0.2466,0.9702
5743,-0.3958,-0.0723,1.0747
5744,-0.4797,0.0745,1.1147
5745,-0.4524,0.2839,1.0913
5746,-0.3335,0.2944,1.0793
5747,-0.1025,0.2661,0.9807
5748,0.1116,0.1501,0.8804
5749,0.2417,0.0271,0.8608
5750,0.2656,-0.1660,0.8638
5751,0.1992,-0.2498,0.8538
5752,0.0273,-0.3044,0.9211
5753,-0.1079,-0.2205,0.9934
5754,-0.2419,-0.0803,1.0562
5755,-0.1667,0.1418,1.0552
5756,-0.0515,0.1951,1.1206
5757,0.1370,0.3062,1.0081
5758,0.3081,0.2705,0.9692
5759,0.3982,0.0891,0.9514
5760,0.4089,0.0076,0.8225
5761,0.3247,-0.2041,0.8755
5762,0.1577,-0.3120,0.9409
5763,-0.0310,-0.2480,0.9143
5764,-0.2559,-0.1797,1.0549
5765,-0.4133,-0.0076,1.0767
5766,-0.4546,0.1958,1.0413
5767,-0.3784,0.2197,1.0969
5768,-0.1941,0.3140,0.9768
5769,0.0012,0.1511,0.9124
5770,0.1694,0.0974,0.8364
5771,0.2705,-0.1033,0.8401
5772,0.2539,-0.2317,0.8977
5773,0.1411,-0.2051,0.8911
5774,-0.0266,-0.2485,1.0415
5775,-0.1924,-0.0803,1.0315
5776,-0.2837,0.0583,1.0588
5777,-0.2012,0.0986,1.1575
5778,-0.0034,0.2769,1.0120
5779,0.2449,0.2871,0.9641
5780,0.4587,0.1040,0.9485
5781,0.5532,-0.0215,0.7720
5782,0.5112,-0.2036,0.8599
5783,0.3335,-0.2666,0.9072
5784,0.0369,-0.1948,0.8921
5785,-0.2661,-0.2092,1.0432
5786,-0.4985,-0.0298,1.1047
5787,-0.5991,0.1519,1.0901
5788,-0.4907,0.3032,1.1243
5789,-0.2974,0.2881,1.0579
5790,-0.0457,0.3079,0.8940
5791,0.1594,0.0559,0.9119
5792,0.2876,-0.0825,0.8169
5793,0.2822,-0.2163,0.7788
5794,0.1860,-0.3286,0.9019
5795,0.0591,-0.2930,0.9282
5796,-0.1187,-0.1633,0.9895
5797,-0.1968,-0.0032,1.1382
5798,-0.1428,0.1885,1.1028
5799,-0.0686,0.2725,1.0911
5800,0.1326,0.2715,1.0647
5801,0.3120,0.2219,0.9399
5802,0.4070,0.0635,0.8694
5803,0.4592,-0.0647,0.8403
5804,0.3340,-0.2747,0.8538
5805,0.1204,-0.2734,0.8489
5806,-0.0750,-0.2991,0.9846
5807,-0.3108,-0.1628,1.0435
5808,-0.4543,0.1226,1.0391
5809,-0.4236,0.1829,1.1558
5810,-0.3479,0.2834,1.0845
5811,-0.1633,0.3474,0.9751
5812,0.0051,0.1499,0.9788
5813,0.1565,0.0598,0.8306
5814,0.2632,-0.0745,0.8198
5815,0.2271,-0.2141,0.8804
5816,0.1221,-0.3342,0.9026
5817,-0.0029,-0.2773,0.9211
5818,-0.2021,-0.1331,1.0608
5819,-0.2383,0.0488,1.1355
5820,-0.1755,0.2371,1.0669
5821,-0.0701,0.2542,1.0835
5822,0.2153,0.2329,1.0083
5823,0.4187,0.1948,0.8918
5824,0.5222,0.0645,0.8733
5825,0.4841,-0.1519,0.8918
5826,0.3240,-0.2546,0.8098
5827,0.0588,-0.2852,0.9136
5828,-0.2539,-0.3196,1.0295
5829,-0.4583,-0.0425,0.9937
5830,-0.5100,0.1138,1.1313
5831,-0.4468,0.2856,1.1326
5832,-0.2505,0.3745,0.9963
5833,-0.0300,0.2417,1.0081
5834,0.1519,0.1257,0.8921
5835,0.2456,-0.0322,0.7925
5836,0.2229,-0.2297,0.8726
5837,0.1060,-0.2866,0.8677
5838,-0.0579,-0.2961,0.9202
5839,-0.2136,-0.2100,1.0356
5840,-0.2590,-0.0144,1.0503
5841,-0.1514,0.0859,1.1206
5842,0.0566,0.2761,1.0796
5843,0.2324,0.2881,1.0325
5844,0.4275,0.2656,0.9641
5845,0.5203,0.1099,0.8821
5846,0.4458,-0.0308,0.8706
5847,0.2966,-0.2146,0.8713
5848,0.1243,-0.3020,0.8918
5849,-0.0879,-0.2834,0.9426
5850,-0.2615,-0.1389,1.0208
5851,-0.3882,0.0146,1.0833
5852,-0.3928,0.1604,1.0913
5853,-0.3000,0.2585,1.0298
5854,-0.1768,0.2170,0.9937
5855,0.0059,0.1846,0.9114
5856,0.1384,0.0977,0.8530
5857,0.1533,-0.0674,0.8879
5858,0.0864,-0.2131,0.9019
5859,-0.0244,-0.2051,0.8867
5860,-0.1714,-0.2717,1.0315
5861,-0.2346,-0.0850,1.0415
5862,-0.2104,0.0745,1.0334
5863,-0.0918,0.1648,1.1235
5864,0.1704,0.2405,1.0073
5865,0.3765,0.2483,0.9243
5866,0.5278,0.0779,0.9556
5867,0.6111,-0.0496,0.8420
5868,0.4861,-0.1196,0.8381
5869,0.2729,-0.2700,0.9634
5870,-0.0073,-0.2400,0.9465
5871,-0.3074,-0.1831,0.9907
5872,-0.5181,-0.0198,1.1272
5873,-0.5481,0.1687,1.0659
5874,-0.4495,0.3474,1.0562
5875,-0.2163,0.2473,1.0618
5876,0.0002,0.2026,0.8538
5877,0.1335,0.0115,0.8645
5878,0.2444,-0.0381,0.8586
5879,0.1597,-0.1772,0.8394
5880,0.0535,-0.2996,0.9358
5881,-0.0581,-0.3079,0.9670
5882,-0.1863,-0.1316,1.0249
5883,-0.2095,0.0469,1.1379
5884,-0.1165,0.2271,1.0806
5885,-0.0176,0.2407,1.0471
5886,0.2126,0.2026,1.0071
5887,0.3892,0.2126,0.8823
5888,0.4607,0.0356,0.8840
5889,0.5720,-0.1038,0.8503
5890,0.3970,-0.3052,0.8516
5891,0.1619,-0.2161,0.9187
5892,-0.1062,-0.2803,1.0718
5893,-0.3684,-0.0344,1.0083
5894,-0.5464,0.0767,1.1418
5895,-0.4751,0.2217,1.1262
5896,-0.3206,0.3867,0.9878
5897,-0.0654,0.2175,0.9829
5898,0.1499,0.1704,0.8726
5899,0.2590,-0.0366,0.7922
5900,0.2573,-0.1189,0.8560
5901,0.0596,-0.3335,0.9087
5902,-0.1042,-0.2830,0.8774
5903,-0.2788,-0.3191,1.0403
5904,-0.3088,-0.0469,1.0679
5905,-0.1714,0.1765,1.1125
5906,0.0339,0.2483,1.1392
5907,0.2632,0.3376,1.0220
5908,0.4116,0.2212,0.9673
5909,0.4802,0.1917,0.8811
5910,0.4248,-0.0916,0.8411
5911,0.3057,-0.2434,0.8254
5912,0.1091,-0.3303,0.8616
5913,-0.0476,-0.3164,0.9604
5914,-0.2039,-0.2090,1.0396
5915,-0.3267,0.0186,1.0559
5916,-0.4282,0.1802,1.1409
5917,-0.3586,0.3230,1.0688
5918,-0.2083,0.2954,0.9956
5919,-0.0613,0.1755,0.9504
5920,0.1045,0.0920,0.8804
5921,0.2334,-0.0374,0.8401
5922,0.2083,-0.1187,0.8938
5923,0.1074,-0.2576,0.9028
5924,-0.0815,-0.2632,0.9370
5925,-0.2207,-0.2122,1.0432
5926,-0.2656,0.1047,1.0471
5927,-0.1497,0.1902,1.1021
5928,0.0674,0.2810,1.0728
5929,0.2871,0.2917,0.9302
5930,0.4670,0.1367,0.9875
5931,0.5291,-0.0361,0.8635
5932,0.4126,-0.1511,0.8276
5933,0.2053,-0.3772,0.9583
5934,-0.0190,-0.2698,0.9026
5935,-0.2649,-0.2517,0.9937
5936,-0.4143,-0.0791,1.0962
5937,-0.4038,0.1504,1.0422
5938,-0.2610,0.3303,1.0698
5939,-0.1123,0.3638,1.0647
5940,0.0725,0.3022,0.9099
5941,0.1777,0.0837,0.8755
5942,0.1069,-0.1028,0.8550
5943,0.1135,-0.1001,0.8120
5944,0.0107,-0.3298,0.9436
5945,-0.1062,-0.2878,0.9233
5946,-0.1819,-0.2466,1.0093
5947,-0.1829,-0.0203,1.0874
5948,-0.1519,0.1821,1.0969
5949,-0.0510,0.2966,1.0894
5950,0.1140,0.3569,1.0168
5951,0.2937,0.2222,0.9700
5952,0.4136,0.0876,0.8735
5953,0.4363,-0.1370,0.8479
5954,0.3853,-0.3438,0.8784
5955,0.2065,-0.3325,0.8599
5956,-0.0222,-0.3083,0.9668
5957,-0.2354,-0.1975,1.0522
5958,-0.4155,0.0569,1.0237
5959,-0.4233,0.2842,1.1125
5960,-0.2837,0.3647,1.0999
5961,-0.0645,0.4753,0.9526
5962,0.1179,0.2104,0.9817
5963,0.2605,-0.0002,0.8674
5964,0.1890,-0.1707,0.7778
5965,0.0532,-0.3364,0.9126
5966,-0.1362,-0.3813,0.9253
5967,-0.2744,-0.2720,0.8999
5968,-0.3125,-0.1643,1.0862
5969,-0.2222,0.1001,1.0911
5970,-0.0403,0.3745,1.0168
5971,0.1675,0.3184,1.1411
5972,0.3787,0.3062,0.9602
5973,0.4565,0.2214,0.8706
5974,0.4224,-0.0325,0.9790
5975,0.3611,-0.1619,0.8264
5976,0.1570,-0.3733,0.8440
5977,-0.0188,-0.4282,0.9839
5978,-0.1458,-0.2988,0.9448
5979,-0.2759,-0.0308,1.0393
5980,-0.3167,0.1907,1.1421
5981,-0.2551,0.3562,1.0513
5982,-0.1477,0.3848,1.0208
5983,-0.0105,0.3137,0.9954
5984,0.0413,0.1055,0.8911
5985,0.1228,-0.0398,0.8098
5986,0.0366,-0.2947,0.8772
5987,-0.0046,-0.3369,0.8843
5988,-0.0154,-0.3086,0.9155
5989,-0.1074,-0.2239,1.0188
5990,-0.1133,-0.0254,1.0667
5991,-0.0654,0.2339,1.0374
5992,-0.0684,0.3464,1.1235
5993,0.1138,0.3914,1.0630
5994,0.2432,0.3279,0.9258
5995,0.3013,0.0571,0.9536
5996,0.3757,-0.1746,0.8596
5997,0.2390,-0.4070,0.8108
5998,0.1011,-0.4993,0.9280
5999,-0.0830,-0.4268,0.9199
6000,-0.2732,-0.0540,0.9907
6001,-0.3157,0.1536,1.1323
6002,-0.2166,0.4165,1.0784
6003,-0.0989,0.3679,1.0630
6004,0.0730,0.3511,1.0168
6005,0.1597,0.2202,0.9448
6006,0.1846,0.0830,0.8733
6007,0.1118,-0.1777,0.8716
6008,-0.0571,-0.3733,0.8518
6009,-0.1470,-0.3721,0.8596
6010,-0.2244,-0.3887,0.9993
6011,-0.2180,-0.0737,0.9712
6012,-0.1755,0.1650,1.0708
6013,-0.0764,0.3127,1.1577
6014,0.1111,0.4275,0.9985
6015,0.2185,0.2405,1.0618
6016,0.3413,0.0964,0.9663
6017,0.4126,-0.0381,0.8188
6018,0.3262,-0.3215,0.9250
6019,0.2117,-0.3196,0.8352
6020,0.0647,-0.3418,0.9087
6021,-0.1125,-0.1704,1.0278
6022,-0.2253,0.0979,0.9897
6023,-0.2534,0.1987,1.0764
6024,-0.2073,0.3259,1.0571
6025,-0.1116,0.3337,1.0039
6026,-0.0022,0.2312,1.0015
6027,0.0630,0.0793,0.9119
6028,0.0806,-0.1184,0.8508
6029,0.0232,-0.3530,0.9380
6030,-0.0259,-0.3425,0.8472
6031,-0.1257,-0.3325,0.9546
6032,-0.1650,-0.1118,1.0337
6033,-0.1846,0.1597,1.0100
6034,-0.1399,0.3220,1.1138
6035,-0.0649,0.3416,1.0864
6036,0.1174,0.3396,0.9429
6037,0.2476,0.0764,0.9746
6038,0.3972,-0.0759,0.8792
6039,0.4138,-0.1975,0.8245
6040,0.3140,-0.3179,0.9302
6041,0.1731,-0.3508,0.9231
6042,-0.0674,-0.2441,0.9192
6043,-0.2473,-0.0901,1.0796
6044,-0.3301,0.1042,1.1138
6045,-0.2441,0.4434,0.9856
6046,-0.1421,0.3562,1.1450
6047,0.0559,0.3179,0.9666
6048,0.2478,0.2346,0.8254
6049,0.2566,-0.1731,0.9797
6050,0.1687,-0.1562,0.7776
6051,-0.0190,-0.4221,0.8489
6052,-0.2134,-0.3811,0.9983
6053,-0.3391,-0.1924,0.9136
6054,-0.3562,0.0107,1.0627
6055,-0.2336,0.1807,1.1528
6056,0.0337,0.3699,1.0229
6057,0.1919,0.3186,1.0718
6058,0.3428,0.2678,1.0083
6059,0.3933,0.0950,0.8792
6060,0.3206,-0.0845,0.8804
6061,0.2285,-0.3135,0.8833
6062,0.0823,-0.4111,0.8318
6063,-0.0420,-0.3530,0.9272
6064,-0.1255,-0.2034,1.0276
6065,-0.1965,0.0916,1.0376
6066,-0.1887,0.2791,1.1265
6067,-0.1665,0.3989,1.0667
6068,-0.1245,0.3369,1.0173
6069,-0.0078,0.2224,0.9473
6070,0.0664,0.0269,0.8831
6071,0.1108,-0.1738,0.8511
6072,0.1025,-0.2854,0.8459
6073,0.0222,-0.3696,0.9067
6074,-0.1086,-0.2434,0.9368
6075,-0.2275,-0.1304,1.0493
6076,-0.2283,0.1418,1.0718
6077,-0.1567,0.2979,1.0618
6078,0.0034,0.3237,1.1106
6079,0.2339,0.3113,0.9868
6080,0.3638,0.1765,0.9312
6081,0.4277,-0.0884,0.9221
6082,0.3853,-0.2383,0.8149
6083,0.1899,-0.4065,0.8738
6084,-0.0107,-0.3523,0.9319
6085,-0.2307,-0.2505,0.9741
6086,-0.3003,0.0371,1.0374
6087,-0.3074,0.1797,1.1328
6088,-0.2124,0.4155,1.0393
6089,-0.0183,0.3835,1.0435
6090,0.1233,0.2014,1.0100
6091,0.1958,0.1304,0.8062
6092,0.1836,-0.1572,0.9263
6093,0.1162,-0.2620,0.8782
6094,0.0168,-0.2258,0.8118
6095,-0.0801,-0.3560,1.0532
6096,-0.1594,-0.1265,0.9517
6097,-0.2195,0.0530,1.0122
6098,-0.1802,0.1631,1.1926
6099,-0.1067,0.3669,0.9907
6100,-0.0186,0.2969,1.0239
6101,0.1375,0.1523,1.0090
6102,0.2769,0.0669,0.8110
6103,0.3423,-0.2192,0.9009
6104,0.3804,-0.3130,0.8755
6105,0.2576,-0.3865,0.8723
6106,0.0132,-0.2908,0.9827
6107,-0.2539,-0.0762,1.0364
6108,-0.4075,0.1323,1.1001
6109,-0.4192,0.3406,1.1079
6110,-0.2573,0.3972,1.0435
6111,0.0056,0.3069,1.0012
6112,0.2324,0.1748,0.8979
6113,0.3789,0.0244,0.8196
6114,0.3601,-0.2429,0.8704
6115,0.1804,-0.3496,0.8296
6116,-0.0164,-0.3091,0.8667
6117,-0.2141,-0.3062,1.0688
6118,-0.3079,-0.0444,1.0298
6119,-0.2649,0.1721,1.0688
6120,-0.1533,0.2058,1.2095
6121,0.0322,0.4216,1.0132
6122,0.1814,0.3613,0.9832
6123,0.2444,0.1016,1.0032
6124,0.2986,-0.0249,0.7532
6125,0.2532,-0.3005,0.8333
6126,0.1594,-0.4360,0.9028
6127,0.0969,-0.3657,0.8120
6128,-0.0530,-0.3086,1.0356
6129,-0.1851,0.0146,1.1096
6130,-0.2375,0.2859,1.0688
6131,-0.2788,0.3481,1.1692
6132,-0.2268,0.4062,1.0220
6133,-0.0527,0.3240,0.9487
6134,0.1108,0.0920,0.9624
6135,0.2336,0.0137,0.7681
6136,0.3062,-0.2927,0.8647
6137,0.2109,-0.4526,0.8813
6138,0.0598,-0.2810,0.8235
6139,-0.1377,-0.3069,1.1008
6140,-0.2383,0.0708,1.0422
6141,-0.2876,0.2729,1.0627
6142,-0.1506,0.3521,1.2043
6143,0.0266,0.3772,1.0254
6144,0.2561,0.2517,0.9058
6145,0.3943,-0.0596,0.9680
6146,0.3525,-0.1892,0.7795
6147,0.2737,-0.2312,0.8118
6148,-0.0076,-0.4844,0.9917
6149,-0.2290,-0.2178,0.8293
6150,-0.3511,-0.1924,1.0686
6151,-0.3550,0.0723,1.1282
6152,-0.2627,0.3188,1.0471
6153,-0.0479,0.3435,1.1128
6154,0.1191,0.3738,1.0220
6155,0.2771,0.2549,0.8782
6156,0.3005,0.0796,0.8987
6157,0.1792,-0.2026,0.8472
6158,0.0701,-0.3489,0.8059
6159,-0.0889,-0.4221,0.9016
6160,-0.1785,-0.2522,0.9670
6161,-0.2026,-0.0874,1.0725
6162,-0.1899,0.2056,1.0862
6163,-0.0615,0.3318,1.1362
6164,0.0767,0.3313,1.0874
6165,0.2202,0.3142,0.9448
6166,0.3306,0.0730,0.9438
6167,0.3550,-0.0669,0.8657
6168,0.2979,-0.2319,0.8110
6169,0.1321,-0.4087,0.9219
6170,-0.0679,-0.3645,0.8831
6171,-0.2756,-0.2432,0.9712
6172,-0.3794,-0.0591,1.1106
6173,-0.3816,0.2722,1.0181
6174,-0.3157,0.3313,1.1040
6175,-0.0920,0.3799,1.0569
6176,0.0979,0.3076,0.9194
6177,0.2839,0.1641,0.9202
6178,0.3113,-0.1028,0.9038
6179,0.2341,-0.2107,0.7913
6180,0.1450,-0.3997,0.9080
6181,-0.0293,-0.4502,0.9917
6182,-0.1592,-0.1440,0.9214
6183,-0.2117,0.0002,1.1526
6184,-0.2366,0.2600,1.0991
6185,-0.0828,0.4441,0.9829
6186,0.0776,0.2776,1.0923
6187,0.2661,0.2458,0.9224
6188,0.4275,0.0896,0.8420
6189,0.3599,-0.1572,0.9224
6190,0.2290,-0.2961,0.8518
6191,0.0637,-0.3960,0.8794
6192,-0.2275,-0.3853,1.0288
6193,-0.3586,-0.1340,1.0117
6194,-0.4124,0.0632,1.0728
6195,-0.3975,0.3035,1.1162
6196,-0.1748,0.3979,1.0334
6197,0.0242,0.3572,0.9292
6198,0.2397,0.1216,0.9419
6199,0.4138,0.0315,0.8157
6200,0.3330,-0.1533,0.8286
6201,0.2017,-0.3188,0.9600
6202,-0.0203,-0.3235,0.8833
6203,-0.2625,-0.2329,1.0210
6204,-0.3516,-0.1025,1.1682
6205,-0.3186,0.2356,1.0103
6206,-0.1462,0.3162,1.1353
6207,0.0608,0.3130,1.0627
6208,0.2559,0.3472,0.8372
6209,0.4102,0.0264,0.9448
6210,0.4558,-0.0950,0.8264
6211,0.3428,-0.2834,0.7727
6212,0.2271,-0.4497,0.9590
6213,-0.0156,-0.3726,0.9429
6214,-0.2297,-0.1235,0.9976
6215,-0.3628,0.0239,1.2073
6216,-0.4199,0.2729,1.1018
6217,-0.2998,0.4155,1.0627
6218,-0.1250,0.3484,1.0679
6219,0.0576,0.2507,0.8618
6220,0.2666,0.0544,0.7749
6221,0.3123,-0.2048,0.8665
6222,0.2400,-0.2708,0.8127
6223,0.1389,-0.2971,0.8679
6224,-0.0730,-0.3867,1.0454
6225,-0.2368,-0.1177,0.9966
6226,-0.2842,0.0769,1.1216
6227,-0.2095,0.3096,1.1965
6228,-0.0378,0.4072,1.0579
6229,0.1697,0.3721,0.9993
6230,0.3308,0.1382,0.9563
6231,0.4429,0.0203,0.7856
6232,0.3640,-0.2302,0.8293
6233,0.1858,-0.3918,0.8606
6234,-0.0066,-0.3530,0.8442
6235,-0.2649,-0.3501,1.0005
6236,-0.3628,-0.0620,1.0637
6237,-0.3665,0.0667,1.1138
6238,-0.2480,0.3538,1.1118
6239,-0.0928,0.3892,1.0618
6240,0.0688,0.3582,0.9927
6241,0.1287,0.2046,0.8792
6242,0.1909,-0.0183,0.8560
6243,0.1702,-0.2737,0.8625
6244,0.1331,-0.2551,0.8127
6245,0.0215,-0.3801,0.9612
6246,-0.1077,-0.1968,0.9817
6247,-0.2065,-0.0588,1.0383
6248,-0.2175,0.1165,1.1304
6249,-0.1187,0.3386,1.0684
6250,0.0881,0.3123,1.0649
6251,0.3162,0.3213,0.9583
6252,0.4612,0.1538,0.9045
6253,0.4368,-0.0598,0.8987
6254,0.3533,-0.2136,0.8303
6255,0.1106,-0.4485,0.8967
6256,-0.1523,-0.4233,0.9331
6257,-0.3396,-0.2439,0.9749
6258,-0.3987,-0.0234,1.0864
6259,-0.4055,0.2053,1.0845
6260,-0.3274,0.3923,1.0522
6261,-0.1394,0.3376,1.0454
6262,0.0374,0.3396,0.9263
6263,0.1641,0.1296,0.8840
6264,0.2651,-0.0195,0.8608
6265,0.2664,-0.3079,0.8850
6266,0.2012,-0.3308,0.8801
6267,0.0444,-0.3464,0.9661
6268,-0.1489,-0.2285,1.0630
6269,-0.1997,0.1064,1.0354
6270,-0.2095,0.2092,1.1458
6271,-0.0117,0.3140,1.0452
6272,0.1665,0.2830,0.9399
6273,0.3513,0.2012,0.9534
6274,0.4275,0.0354,0.8958
6275,0.3513,-0.0940,0.8206
6276,0.1790,-0.3088,0.9221
6277,-0.0549,-0.4019,0.9360
6278,-0.2688,-0.2388,0.9419
6279,-0.4434,-0.1226,1.1018
6280,-0.4849,0.0830,1.0959
6281,-0.3940,0.3042,1.0027
6282,-0.2373,0.3176,1.0688
6283,0.0117,0.3196,0.9609
6284,0.2356,0.1985,0.8130
6285,0.3215,-0.0579,0.9058
6286,0.3403,-0.2026,0.8296
6287,0.2180,-0.2778,0.8433
6288,0.0325,-0.3914,1.0364
6289,-0.1665,-0.2312,0.9973
6290,-0.2781,0.0117,1.0864
6291,-0.2361,0.1736,1.1919
6292,-0.0464,0.4009,1.0208
6293,0.2102,0.2583,1.0178
6294,0.4470,0.2126,0.9456
6295,0.5701,0.1343,0.8167
6296,0.5278,-0.0330,0.8696
6297,0.3218,-0.2573,0.8677
6298,0.0552,-0.3616,0.8362
6299,-0.1868,-0.3745,1.0073
6300,-0.4229,-0.2083,1.0471
6301,-0.4993,0.0623,1.0796
6302,-0.5208,0.1726,1.1450
6303,-0.3862,0.3540,1.0471
6304,-0.2197,0.3113,1.0073
6305,0.0178,0.2930,0.9106
6306,0.1726,0.0750,0.8792
6307,0.2468,-0.0850,0.8005
6308,0.2202,-0.3022,0.8784
6309,0.1213,-0.3879,0.9006
6310,-0.0125,-0.2151,0.9563
6311,-0.1379,-0.1055,1.1172
6312,-0.1196,0.1792,1.0940
6313,-0.0457,0.2322,1.0806
6314,0.0994,0.2786,1.0686
6315,0.2888,0.1973,0.9661
6316,0.4470,0.2312,0.8577
6317,0.4182,-0.0999,0.9290
6318,0.3938,-0.1804,0.7712
6319,0.2017,-0.4331,0.8813
6320,-0.0396,-0.3713,0.9807
6321,-0.2229,-0.1538,0.9741
6322,-0.4797,-0.0403,1.1030
6323,-0.5735,0.1995,1.1167
6324,-0.4641,0.3171,1.0571
6325,-0.3374,0.3618,1.0671
6326,-0.1042,0.2849,0.9341
6327,0.1917,0.1719,0.8196
6328,0.3450,-0.0850,0.8616
6329,0.4253,-0.2139,0.8130
6330,0.3494,-0.3225,0.8743
6331,0.1304,-0.3882,0.9810
6332,-0.0447,-0.1895,1.0054
6333,-0.2725,-0.0176,1.1028
6334,-0.2913,0.2415,1.1353
6335,-0.1313,0.2563,1.1370
6336,0.1016,0.3396,0.9897
6337,0.3337,0.3286,0.9622
6338,0.4907,0.0735,0.8970
6339,0.4329,-0.0679,0.7695
6340,0.2749,-0.3853,0.8511
6341,0.0710,-0.4124,0.8860
6342,-0.2263,-0.3218,0.9028
6343,-0.3872,-0.1326,1.0715
6344,-0.4517,0.0603,1.1409
6345,-0.4485,0.2844,1.0620
6346,-0.2698,0.3689,1.1177
6347,-0.1038,0.3083,1.0269
6348,0.1155,0.3005,0.8403
6349,0.2363,0.0161,0.9270
6350,0.2517,-0.1316,0.8274
6351,0.2207,-0.2751,0.7864
6352,0.1121,-0.4963,0.9690
6353,-0.0847,-0.3062,0.9077
6354,-0.1929,-0.1050,1.0618
6355,-0.2500,0.0994,1.1880
6356,-0.1597,0.4070,1.0513
6357,-0.0215,0.3171,1.1099
6358,0.1965,0.3159,0.9915
6359,0.3804,0.2021,0.8481
6360,0.5037,-0.0022,0.8909
6361,0.5005,-0.2026,0.8286
6362,0.3398,-0.4019,0.8110
6363,0.0725,-0.4021,0.9478
6364,-0.2349,-0.3027,0.9810
6365,-0.4417,-0.0278,1.0767
6366,-0.5251,0.1208,1.1558
6367,-0.4153,0.4207,1.0649
6368,-0.2288,0.3660,1.0737
6369,0.0303,0.3564,0.9458
6370,0.1804,0.1021,0.8557
6371,0.2573,-0.0906,0.8596
6372,0.2214,-0.2375,0.8401
6373,0.0710,-0.3638,0.8560
6374,-0.0503,-0.3413,0.9526
6375,-0.2224,-0.2295,1.0090
6376,-0.1770,0.1238,1.1069
6377,-0.1091,0.2808,1.1848
6378,0.0093,0.4751,1.0686
6379,0.2014,0.2827,1.0491
6380,0.3413,0.1880,0.8892
6381,0.4226,0.0225,0.8401
6382,0.4248,-0.2808,0.8975
6383,0.3154,-0.3127,0.7581
6384,0.0693,-0.5046,0.9172
6385,-0.1494,-0.3765,0.9985
6386,-0.3870,-0.0969,0.9858
6387,-0.4919,0.1062,1.1968
6388,-0.4456,0.3684,1.1333
6389,-0.2485,0.5444,1.0022
6390,-0.0354,0.3467,1.0764
6391,0.1677,0.2827,0.8601
6392,0.2788,-0.0042,0.7915
6393,0.2683,-0.3054,0.8806
6394,0.1248,-0.3599,0.7456
6395,-0.0449,-0.4172,0.9036
6396,-0.2258,-0.3398,1.0493
6397,-0.2595,-0.0112,1.0161
6398,-0.2078,0.1223,1.1743
6399,-0.0393,0.3716,1.1790
6400,0.1809,0.4431,1.0278
6401,0.3767,0.3901,1.0110
6402,0.4810,0.0823,0.9429
6403,0.5112,-0.0361,0.7231
6404,0.3257,-0.4170,0.8853
6405,0.1003,-0.4836,0.8645
6406,-0.1421,-0.3186,0.8113
6407,-0.4224,-0.3181,1.0891
6408,-0.4895,0.0344,1.0503
6409,-0.4333,0.2590,1.0464
6410,-0.2625,0.4058,1.2112
6411,-0.0142,0.4519,1.0044
6412,0.1663,0.3660,0.9009
6413,0.2307,0.0481,0.9875
6414,0.2283,-0.0488,0.7673
6415,0.1094,-0.3328,0.8762
6416,-0.0107,-0.4292,0.9341
6417,-0.1199,-0.3423,0.8862
6418,-0.2056,-0.1528,1.0471
6419,-0.2456,0.1755,1.1018
6420,-0.1572,0.3982,1.0737
6421,0.0110,0.3469,1.0842
6422,0.1816,0.2544,0.9553
6423,0.4028,0.0906,0.8882
6424,0.5476,-0.1279,0.9016
6425,0.5554,-0.2078,0.8323
6426,0.4500,-0.4084,0.9036
6427,0.1250,-0.3977,0.9592
6428,-0.1687,-0.2795,0.9895
6429,-0.4106,-0.0396,1.1040
6430,-0.5911,0.2219,1.1216
6431,-0.4568,0.4985,1.0549
6432,-0.2944,0.3896,1.0686
6433,-0.0549,0.3823,0.8723
6434,0.1572,0.0737,0.8311
6435,0.1638,-0.1973,0.8462
6436,0.1489,-0.2554,0.7549
6437,0.0322,-0.4788,0.9231
6438,-0.1248,-0.3828,0.9680
6439,-0.1565,-0.1870,1.0044
6440,-0.1948,0.0593,1.1858
6441,-0.1208,0.3188,1.1663
6442,0.0330,0.4604,1.0881
6443,0.1135,0.3601,1.0845
6444,0.3420,0.3279,0.8989
6445,0.4607,0.0332,0.8186
6446,0.4705,-0.2268,0.7952
6447,0.4380,-0.4419,0.7837
6448,0.2380,-0.4817,0.8352
6449,-0.0349,-0.3979,0.9907
6450,-0.2185,-0.1145,1.0293
6451,-0.4614,0.1328,1.1682
6452,-0.4875,0.4089,1.1860
6453,-0.3550,0.5022,1.1213
6454,-0.1807,0.4138,1.0532
6455,0.0732,0.2683,0.8716
6456,0.2266,-0.1003,0.8274
6457,0.2612,-0.2778,0.7681
6458,0.1479,-0.4321,0.7891
6459,-0.0151,-0.4260,0.8860
6460,-0.2170,-0.2856,0.9546
6461,-0.3105,-0.0034,1.0872
6462,-0.2756,0.2581,1.1733
6463,-0.1099,0.4536,1.1614
6464,0.1309,0.4646,1.1167
6465,0.3806,0.3477,0.9749
6466,0.5034,0.0847,0.9048
6467,0.5349,-0.1936,0.8137
6468,0.4270,-0.3579,0.7622
6469,0.1538,-0.5620,0.8721
6470,-0.1042,-0.4280,0.8694
6471,-0.2827,-0.2351,0.9905
6472,-0.4001,-0.0378,1.1235
6473,-0.3850,0.3337,1.0952
6474,-0.2576,0.4966,1.1643
6475,-0.1177,0.5142,1.0867
6476,0.0562,0.3787,0.9399
6477,0.1089,0.0361,0.8833
6478,0.1565,-0.1787,0.8110
6479,0.1553,-0.4272,0.8110
6480,0.0764,-0.3997,0.8401
6481,-0.0220,-0.3899,0.9612
6482,-0.1199,-0.1636,0.9985
6483,-0.2532,0.1599,1.0757
6484,-0.2246,0.3894,1.1831
6485,-0.1399,0.4880,1.0854
6486,0.0806,0.4326,0.9993
6487,0.2864,0.0608,1.0022
6488,0.4490,-0.0627,0.7698
6489,0.5125,-0.3635,0.8582
6490,0.3733,-0.4771,0.8999
6491,0.1628,-0.3787,0.8245
6492,-0.0864,-0.3909,1.0325
6493,-0.2732,-0.0247,1.0474
6494,-0.4087,0.2642,1.1067
6495,-0.3647,0.4937,1.1526
6496,-0.2493,0.5085,1.0591
6497,-0.0527,0.3218,0.9573
6498,0.1443,0.1775,0.8716
6499,0.2407,-0.1743,0.8550
6500,0.2378,-0.2759,0.7817
6501,0.0906,-0.4333,0.8479
6502,-0.0815,-0.4512,0.9526
6503,-0.2512,-0.1960,0.9727
6504,-0.3977,0.0161,1.1377
6505,-0.3086,0.2678,1.1440
6506,-0.1345,0.4192,1.0940
6507,0.1001,0.4402,1.0923
6508,0.3821,0.3069,0.9641
6509,0.4929,0.0339,0.8342
6510,0.5513,-0.2056,0.8071
6511,-1.0103,-0.6360,0.9866
6512,-1.9980,-0.3765,0.9761
6513,-1.9978,-0.5061,1.4290
6514,-1.9978,-0.1475,1.1545
6515,-1.9980,0.0898,0.9497
6516,-1.8960,0.2520,0.8831
6517,1.8271,0.4937,0.8030
6518,1.9998,0.2961,0.4937
6519,1.9998,0.5781,0.4248
6520,1.9998,0.3396,0.6069
6521,1.9998,0.2842,0.8872
6522,-0.3250,-0.6870,1.6147
6523,-1.9980,-0.6519,1.8237
6524,-1.9978,-0.6038,1.7034
6525,-1.9980,-0.1453,1.3140
6526,-1.9980,0.0671,1.1489
6527,-0.3008,0.5320,0.7378
6528,1.8213,0.8052,0.4954
6529,1.6218,0.5288,0.3176
6530,0.0852,0.1619,-0.0225
6531,-1.7500,-0.7144,0.3423
6532,-1.9980,-1.1665,0.7290
6533,-1.3157,-1.0757,1.1558
6534,0.9116,-0.7407,1.7935
6535,1.9998,-0.1619,1.9998
6536,1.9998,0.7764,1.9998
6537,1.9998,1.4722,1.8059
6538,1.1655,1.6365,0.9624
6539,-0.6638,1.3201,-0.0564
6540,-1.8721,0.2888,-0.4578
6541,-1.8489,-0.4375,-0.4919
6542,-0.8901,-1.3186,-0.0085
6543,0.0938,-1.8059,0.7473
6544,0.3396,-1.8879,1.3665
6545,-0.1758,-1.4749,1.9998
6546,-1.1196,-0.0791,1.9998
6547,-1.8284,1.3972,1.9998
6548,-1.7446,1.9983,1.8958
6549,-0.6665,1.9983,1.1672
6550,1.0017,1.5894,0.2412
6551,1.9998,0.3518,-0.5254
6552,1.9998,-0.9634,-0.9304
6553,1.9998,-1.9121,-0.7036
6554,1.2693,-2.0000,0.0701
6555,-0.6235,-1.9075,0.9988
6556,-1.9636,-0.9797,1.8623
6557,-1.9980,0.1799,1.9998
6558,-1.9976,1.5874,1.9998
6559,-1.0435,1.9983,1.9998
6560,0.1426,1.9980,1.8384
6561,0.9937,1.6677,0.8511
6562,1.1772,0.3416,-0.0315
6563,0.8862,-1.2593,-0.5623
6564,0.4346,-2.0000,-0.8608
6565,0.1768,-2.0000,-0.6411
6566,0.3472,-1.9282,0.2324
6567,0.5649,-0.7520,1.1118
6568,0.6208,0.8032,1.8496
6569,0.3135,1.8313,1.9998
6570,-0.3293,1.9980,1.9998
6571,-0.9019,1.9983,1.9998
6572,-1.3499,1.3767,1.6685
6573,-1.4045,0.1460,0.7446
6574,-0.9546,-1.4973,0.0901
6575,-0.0557,-2.0000,-0.2883
6576,0.8872,-2.0000,-0.3879
6577,1.5288,-1.7749,-0.0049
6578,1.5728,-0.6782,0.6479
6579,1.1277,0.6948,1.1150
6580,0.3848,1.7437,1.6985
6581,-0.3997,1.9980,1.9998
6582,-0.8645,1.9980,1.9409
6583,-1.0061,1.3347,1.6753
6584,-0.8110,0.0598,1.1467
6585,-0.5510,-1.2739,0.6611
6586,-0.2715,-1.9626,0.3271
6587,-0.0222,-2.0000,0.2576
6588,0.2351,-1.7798,0.3203
6589,0.4031,-0.6340,0.6272
6590,0.5750,0.6548,1.0383
6591,0.6628,1.6812,1.2698
6592,0.6353,1.9980,1.4136
6593,0.4509,1.7524,1.4397
6594,0.1489,1.0232,1.2935
6595,-0.1741,0.0022,1.0706
6596,-0.5107,-1.0569,0.8440
6597,-0.7104,-1.6575,0.6057
6598,-0.7310,-1.7522,0.6301
6599,-0.6223,-1.1909,0.7104
6600,-0.3325,-0.3740,0.8616
6601,0.0156,0.5110,1.0688
6602,0.3447,1.1804,1.1616
6603,0.6716,1.4614,1.2834
6604,0.7712,1.1909,1.2444
6605,0.7488,0.6499,1.0588
6606,0.5750,-0.2961,0.9709
6607,0.2349,-0.8687,0.7690
6608,-0.1489,-1.0686,0.6848
6609,-0.4590,-0.9724,0.7708
6610,-0.7212,-0.4338,0.7522
6611,-0.7856,0.0813,0.9583
6612,-0.6587,0.5474,1.1545
6613,-0.3755,0.7817,1.1711
6614,0.0159,0.7515,1.1829
6615,0.4060,0.4292,1.1624
6616,0.7026,0.0264,1.0503
6617,0.7310,-0.4136,0.9243
6618,0.5757,-0.6821,0.8110
6619,0.2898,-0.8103,0.7219
6620,0.0168,-0.3918,0.6702
6621,-0.1929,0.0422,0.8596
6622,-0.3086,0.4482,0.9934
6623,-0.3992,0.6660,1.0637
6624,-0.4319,0.5798,1.2515
6625,-0.4175,0.3306,1.2258
6626,-0.2891,0.0269,1.1194
6627,-0.0984,-0.3748,1.0715
6628,0.1633,-0.5305,0.9124
6629,0.4050,-0.4749,0.7747
6630,0.5190,-0.2876,0.7778
6631,0.4780,0.0024,0.7310
6632,0.3760,0.2319,0.7747
6633,0.1296,0.3013,0.9534
6634,-0.1038,0.4497,1.0061
6635,-0.2700,0.3555,1.1467
6636,-0.4133,0.1279,1.1968
6637,-0.3989,-0.1340,1.1594
6638,-0.3047,-0.4136,1.1362
6639,-0.1287,-0.4158,1.0061
6640,0.0483,-0.3428,0.9146
6641,0.2378,-0.0554,0.8286
6642,0.3708,0.2017,0.8069
6643,0.3882,0.2947,0.8267
6644,0.2598,0.2917,0.8345
6645,0.0583,0.1436,0.9036
6646,-0.1426,0.0452,0.9661
6647,-0.3005,-0.0493,1.0286
6648,-0.2837,-0.1172,1.0618
6649,-0.1470,-0.1790,1.0598
6650,0.0557,-0.2034,1.0627
6651,0.2437,-0.0803,1.0474
6652,0.2749,0.0510,1.0530
6653,0.1658,0.1772,1.0413
6654,-0.0186,0.2280,0.9788
6655,-0.1968,0.1733,0.9407
6656,-0.2483,0.0342,0.8823
6657,-0.2031,-0.0872,0.8296
6658,-0.0542,-0.2275,0.8257
6659,0.1309,-0.2524,0.8403
6660,0.2385,-0.1892,0.8792
6661,0.2817,-0.0190,0.9517
6662,0.2388,0.0586,1.0405
6663,0.1292,0.2087,1.0747
6664,-0.0833,0.2288,1.1343
6665,-0.2307,0.2537,1.1577
6666,-0.3059,0.1406,1.1362
6667,-0.3291,0.0491,1.0181
6668,-0.1833,-0.1167,0.9524
6669,0.0220,-0.3276,0.8696
6670,0.2551,-0.2319,0.7039
6671,0.4155,-0.2456,0.8169
6672,0.3992,-0.0891,0.8596
6673,0.2798,0.1509,0.8413
6674,0.0879,0.1814,1.0659
6675,-0.1433,0.2231,1.0872
6676,-0.2375,0.2585,1.0464
6677,-0.2673,0.1272,1.1858
6678,-0.3137,0.0315,1.0884
6679,-0.2463,-0.0659,0.9595
6680,-0.1533,-0.2620,0.9973
6681,-0.0295,-0.2886,0.8882
6682,0.1960,-0.1621,0.8108
6683,0.3911,-0.0942,0.9360
6684,0.4771,0.0542,0.8833
6685,0.4177,0.2327,0.8928
6686,0.1582,0.1621,1.0803
6687,-0.1018,0.2134,0.9780
6688,-0.3313,0.0693,1.0093
6689,-0.4482,-0.0098,1.0686
6690,-0.3315,-0.0452,0.9524
6691,-0.1565,-0.1382,0.9673
6692,0.0225,-0.1687,0.9578
6693,0.1904,-0.1382,0.9170
6694,0.2241,-0.0872,0.9697
6695,0.2080,0.0852,0.9846
6696,0.1646,0.1160,0.9995
6697,0.1023,0.1707,1.0024
6698,0.0620,0.1497,0.9888
6699,0.0647,0.0613,0.9771
6700,0.0037,-0.0386,0.9456
6701,-0.0547,-0.0894,0.9231
6702,-0.1545,-0.1204,0.9126
6703,-0.1887,-0.0583,0.8921
6704,-0.2092,-0.0857,0.9409
6705,-0.1350,-0.0137,0.9719
6706,0.0156,0.0366,0.9983
6707,0.0847,0.0332,1.0627
6708,0.1960,0.1028,1.0393
6709,0.2085,0.0549,1.0396
6710,0.1914,0.0437,1.0061
6711,0.1731,-0.0295,0.9585
6712,0.1116,-0.0798,0.9116
6713,-0.0181,-0.0710,0.8745
6714,-0.0889,-0.0547,0.8987
6715,-0.2017,0.0156,0.9055
6716,-0.2063,0.1401,0.9351
6717,-0.1372,0.0894,1.0237
6718,-0.0591,0.0767,1.0239
6719,0.0696,0.0415,1.0171
6720,0.1138,-0.0872,1.0815
6721,0.0903,-0.0884,1.0103
6722,0.0720,-0.0574,0.9661
6723,0.0398,-0.0688,0.9702
6724,0.0303,-0.0430,0.8892
6725,0.1028,-0.0056,0.8547
6726,0.1199,-0.0500,0.9221
6727,0.1228,0.0327,0.8840
6728,0.0562,0.0764,0.9663
6729,-0.0801,0.0845,1.0437
6730,-0.1792,0.1255,1.0344
6731,-0.2402,0.0081,1.0940
6732,-0.1899,0.0105,1.0422
6733,-0.0681,-0.0483,0.9846
6734,0.1008,-0.0703,0.9993
6735,0.2251,0.0266,0.8989
6736,0.2432,0.0334,0.8774
6737,0.1946,-0.0229,0.9106
6738,0.0793,-0.0522,0.8652
6739,-0.0142,-0.0100,0.8989
6740,-0.0623,-0.0862,1.0271
6741,-0.0913,0.0215,0.9788
6742,-0.0911,0.0437,1.0366
6743,-0.0449,-0.0024,1.1360
6744,-0.0505,0.0459,1.0095
6745,-0.0352,0.0864,0.9868
6746,-0.0183,-0.0051,1.0110
6747,0.0286,0.0391,0.8586
6748,0.0945,-0.0186,0.8821
6749,0.0754,-0.1084,0.9575
6750,0.1003,-0.0266,0.8530
6751,0.0728,-0.0955,0.9768
6752,0.0110,-0.0073,1.0034
6753,0.0349,0.0483,0.9797
6754,0.0310,0.0938,1.0386
6755,0.0063,0.1262,1.0217
6756,0.0176,0.0911,0.9836
6757,-0.0769,0.0200,0.9819
6758,-0.1455,-0.0249,0.9790
6759,-0.1106,-0.0925,0.9485
6760,-0.0549,-0.0906,0.9299
6761,0.0420,-0.1245,0.9653
6762,0.1255,-0.0708,0.9302
6763,0.1309,-0.0083,0.9614
6764,0.1362,0.0386,1.0171
6765,0.0723,0.1472,0.9651
6766,0.0127,0.1331,0.9817
6767,0.0151,0.0581,0.9797
6768,0.0405,0.0239,0.9133
6769,0.0237,-0.0676,0.9661
6770,-0.0156,-0.0693,0.9817
6771,-0.0991,-0.0481,0.9583
6772,-0.1970,-0.0513,0.9934
6773,-0.2007,-0.0269,0.9915
6774,-0.1235,-0.0168,0.9731
6775,0.0664,0.0720,0.9875
6776,0.2058,0.0156,1.0178
6777,0.3052,0.1213,0.9351
6778,0.2678,0.0396,0.9800
6779,0.1628,-0.0039,0.9641
6780,0.0469,-0.0173,0.9019
6781,-0.0879,-0.0898,0.9546
6782,-0.1638,-0.0449,0.9565
6783,-0.1677,-0.0098,0.9438
6784,-0.1790,0.0146,0.9927
6785,-0.1338,0.0076,1.0034
6786,-0.0542,0.0422,0.9885
6787,0.0437,0.0515,1.0061
6788,0.1379,-0.0010,1.0090
6789,0.1719,-0.0464,0.9692
6790,0.1145,-0.0676,0.9514
6791,0.0874,-0.0386,0.9604
6792,0.0479,-0.0310,0.9399
6793,0.0249,0.0581,0.9116
6794,0.0327,0.0522,0.9856
6795,0.0249,0.0830,0.9622
6796,-0.0337,0.0808,0.9546
6797,-0.0723,0.0024,1.0188
6798,-0.1396,0.0010,0.9768
6799,-0.1370,-0.0200,0.9917
6800,-0.0449,-0.0613,1.0337
6801,0.0266,-0.0637,0.9553
6802,0.1265,-0.0850,0.9512
6803,0.1667,-0.0779,0.9719
6804,0.1216,0.0193,0.9019
6805,0.0850,0.0920,0.9504
6806,0.0024,0.0391,1.0005
6807,-0.0256,0.1484,0.9028
6808,-0.0444,0.0027,1.0208
6809,-0.0652,-0.0098,1.0051
6810,-0.0500,0.0046,0.9458
6811,-0.0393,-0.0750,1.0305
6812,-0.0371,-0.0447,0.9849
6813,-0.0095,-0.0627,0.9338
6814,0.0422,-0.0186,0.9868
6815,0.0422,-0.0117,0.9551
6816,0.0713,0.0940,0.9211
6817,0.0879,0.0344,0.9778
6818,0.0598,0.0645,0.9497
6819,0.0718,0.0398,0.9690
6820,0.0303,-0.0090,0.9963
6821,-0.0269,-0.0466,0.9856
6822,-0.0505,-0.0605,0.9788
6823,-0.0859,-0.0435,0.9827
6824,-0.0918,-0.0154,0.9817
6825,-0.0093,0.0330,0.9700
6826,0.0627,0.0525,0.9673
6827,0.0898,0.0442,0.9709
6828,0.0928,0.0530,0.9565
6829,0.0232,0.0334,0.9604
6830,-0.0559,-0.0361,0.9614
6831,-0.1003,-0.0618,0.9290
6832,-0.0791,-0.0945,0.9536
6833,0.0698,-0.0269,0.9983
6834,0.1616,-0.0137,0.9644
6835,0.1592,0.0608,0.9673
6836,0.1021,-0.0085,1.0237
6837,0.0110,0.0850,0.9475
6838,-0.1206,0.0515,0.9993
6839,-0.1375,0.0254,1.0217
6840,-0.0991,0.0210,0.9221
6841,-0.0464,-0.0244,0.9814
6842,0.0266,-0.0242,0.9858
6843,0.0610,-0.0103,0.9155
6844,0.0955,-0.0242,0.9524
6845,0.1260,-0.0696,0.9602
6846,0.1042,0.0037,0.9094
6847,0.0369,0.0105,1.0022
6848,0.0085,0.0537,0.9834
6849,-0.0691,0.0479,0.9731
6850,-0.1077,-0.0012,1.0002
6851,-0.0793,-0.0054,0.9868
6852,-0.0388,-0.0669,0.9927
6853,0.0156,0.0117,0.9673
6854,0.0891,-0.0237,0.9875
6855,0.0908,-0.0146,0.9504
6856,0.0652,0.0085,0.9248
6857,0.0300,-0.0242,0.9778
6858,-0.0359,0.0469,0.9250
6859,-0.0142,0.0671,0.9604
6860,0.0085,-0.0002,1.0327
6861,0.0144,0.0923,0.9280
6862,0.0232,-0.0020,1.0139
6863,-0.0005,-0.0393,0.9927
6864,-0.0388,0.0078,0.9038
6865,-0.0090,-0.0762,1.0171
6866,0.0066,-0.0266,0.9663
6867,0.0378,0.0005,0.9272
6868,0.0959,-0.0315,1.0164
6869,0.0293,0.0046,0.9663
6870,-0.0007,0.0813,0.9514
6871,-0.0171,0.0403,1.0227
6872,-0.0510,0.0225,0.9475
6873,-0.0056,-0.0044,0.9202
6874,0.0303,-0.0808,0.9895
6875,0.0303,-0.0435,0.9397
6876,0.0481,0.0098,0.9387
6877,0.0154,-0.0125,1.0173
6878,-0.0056,0.0105,0.9712
6879,-0.0156,0.0259,0.9470
6880,-0.0559,-0.0146,1.0405
6881,-0.0117,0.0591,0.9810
6882,0.0393,0.1157,0.9819
6883,0.0637,0.0730,1.0142
6884,0.0884,0.0361,0.9438
6885,0.0654,-0.0510,0.9104
6886,0.0095,-0.0991,0.9390
6887,-0.0574,-0.1538,0.9185
6888,-0.0752,-0.0562,0.9243
6889,-0.0430,-0.0107,1.0032
6890,-0.0181,0.0566,1.0100
6891,0.0251,0.0710,0.9810
6892,0.0254,-0.0081,1.0405
6893,0.0449,0.0544,0.9927
6894,0.0566,0.0854,0.9819
6895,0.0530,0.0508,1.0122
6896,0.0503,0.0195,0.9067
6897,0.0339,-0.0437,0.9211
6898,-0.0354,-0.1343,0.9507
6899,-0.0461,-0.0427,0.8833
6900,-0.0371,-0.0430,0.9644
6901,-0.0325,0.0098,1.0002
6902,0.0334,0.0801,0.9651
6903,0.0449,0.0391,1.0432
6904,0.0178,0.0469,1.0308
6905,0.0293,0.0825,0.9827
6906,0.0054,0.0381,1.0083
6907,0.0203,0.0393,0.9595
6908,0.0400,-0.0591,0.9233
6909,0.0269,-0.1238,0.9250
6910,0.0134,-0.1289,0.9143
6911,0.0144,-0.0498,0.9338
6912,-0.0222,0.0398,0.9670
6913,-0.0093,0.0479,0.9758
6914,-0.0332,0.0266,1.0073
6915,-0.0239,0.0674,1.0007
6916,0.0112,0.0613,1.0317
6917,0.0232,0.0542,0.9954
6918,0.0330,0.0483,0.9612
6919,0.0259,-0.0317,0.9771
6920,0.0073,-0.0454,0.9250
6921,0.0010,-0.0659,0.9290
6922,0.0291,-0.0610,0.9517
6923,0.0574,-0.0046,0.9446
6924,0.0642,0.0278,0.9426
6925,0.0437,0.0078,0.9954
6926,0.0110,0.0520,0.9700
6927,-0.0439,0.0256,1.0042
6928,-0.0659,0.0039,1.0220
6929,-0.0500,-0.0059,0.9690
6930,-0.0469,-0.0322,0.9924
6931,0.0193,-0.0120,0.9819
6932,0.0632,0.0237,0.9358
6933,0.0823,0.0281,0.9680
6934,0.0786,-0.0010,0.9634
6935,0.0312,0.0093,0.9045
6936,-0.0320,-0.0295,0.9670
6937,-0.0339,0.0247,0.9614
6938,0.0132,0.0286,0.9553
6939,0.0403,0.0137,0.9963
6940,0.0632,-0.0544,1.0083
6941,0.0027,-0.0479,0.9680
6942,-0.0376,0.0120,0.9797
6943,-0.0703,-0.0188,1.0266
6944,-0.0427,0.0657,0.9351
6945,-0.0142,0.0447,0.9888
6946,0.0496,0.0051,0.9895
6947,0.0671,0.0476,0.9104
6948,0.0881,-0.0071,0.9683
6949,0.0959,-0.0410,0.9644
6950,0.0286,-0.0256,0.9280
6951,-0.0049,-0.0117,0.9741
6952,-0.0630,-0.0327,0.9790
6953,-0.0476,-0.0054,0.9653
6954,-0.0310,0.0190,1.0076
6955,-0.0068,0.0703,0.9819
6956,0.0339,0.0164,0.9797
6957,0.0398,-0.0063,0.9692
6958,-0.0095,0.0208,0.9456
6959,-0.0093,-0.0117,0.9917
6960,-0.0068,-0.0332,0.9563
6961,0.0110,-0.0242,0.9302
6962,0.0564,-0.0664,0.9944
6963,0.0671,-0.0117,0.9485
6964,0.0562,0.0361,0.9517
6965,0.0740,0.0264,1.0178
6966,0.0354,0.0664,0.9612
6967,-0.0012,0.0750,0.9663
6968,-0.0491,-0.0085,1.0269
6969,-0.0781,0.0332,0.9204
6970,-0.0615,-0.0010,0.9573
6971,-0.0386,-0.0791,1.0149
6972,0.0398,0.0205,0.9124
6973,0.0723,-0.0544,0.9875
6974,0.0681,-0.0308,0.9963
6975,0.0212,-0.0217,0.9272
6976,-0.0188,0.0112,0.9631
6977,-0.0215,-0.0173,1.0002
6978,0.0679,0.0471,0.9368
6979,0.0522,0.0439,0.9692
6980,0.0769,0.0249,1.0083
6981,0.0376,-0.0171,0.9507
6982,-0.0256,0.0352,0.9468
6983,-0.0684,-0.0142,1.0227
6984,-0.0688,-0.0005,0.9495
6985,-0.0532,0.0132,0.9436
6986,-0.0122,-0.0562,1.0327
6987,0.0364,0.0093,0.9104
6988,0.0764,0.0042,0.9475
6989,0.0898,-0.0486,1.0181
6990,0.0708,0.0532,0.9106
6991,0.0452,0.0190,0.9829
6992,-0.0190,-0.0125,1.0129
6993,-0.0244,0.0713,0.9172
6994,0.0134,-0.0359,1.0237
6995,-0.0061,0.0125,0.9846
6996,0.0029,0.0117,0.9370
6997,0.0049,-0.0371,0.9885
6998,-0.0557,-0.0393,0.9680
6999,-0.0457,0.0000,0.9348
7000,-0.0222,0.0029,0.9673
7001,0.0176,-0.0205,0.9624
7002,0.1189,0.0154,0.9263
7003,0.1179,-0.0222,0.9993
7004,0.0913,0.0217,0.9866
7005,0.0315,0.0408,0.9829
7006,-0.0610,0.0259,0.9973
7007,-0.0881,0.0254,0.9771
7008,-0.1001,-0.0022,0.9683
7009,-0.0225,0.0310,0.9546
7010,0.0598,-0.0403,0.9692
7011,0.1182,0.0112,0.9172
7012,0.1116,-0.0457,0.9712
7013,0.0535,-0.0063,0.9631
7014,-0.0439,0.0039,0.9487
7015,-0.0854,-0.0134,1.0073
7016,-0.1008,0.0176,0.9829
7017,-0.0261,0.0391,0.9839
7018,0.0588,-0.0173,1.0149
7019,0.0803,-0.0024,0.9407
7020,0.1143,0.0105,0.9546
7021,0.0605,-0.0293,0.9927
7022,0.0281,0.0637,0.9075
7023,-0.0103,-0.0576,0.9849
7024,-0.0613,-0.0315,0.9595
7025,-0.0752,-0.0049,0.9231
7026,-0.0474,0.0032,1.0168
7027,-0.0239,0.0312,0.9817
7028,0.0381,0.0571,0.9683
7029,0.1030,-0.0022,1.0220
7030,0.0981,0.0342,0.9719
7031,0.1028,0.0461,0.9485
7032,-0.0032,-0.0259,0.9829
7033,-0.0789,-0.0027,0.9263
7034,-0.0828,-0.0334,0.9465
7035,-0.0620,-0.0493,0.9924
7036,0.0288,0.0139,0.9485
7037,0.1052,-0.0237,0.9827
7038,0.1062,-0.0217,0.9875
7039,0.0703,-0.0022,0.9602
7040,-0.0088,0.0234,0.9934
7041,-0.0930,0.0422,0.9846
7042,-0.0706,0.0073,0.9663
7043,-0.0483,-0.0142,0.9407
7044,0.0342,0.0017,0.9729
7045,0.0830,-0.0193,0.9751
7046,0.0911,0.0913,0.9250
7047,0.0674,-0.0334,1.0295
7048,-0.0049,0.0425,0.9329
7049,-0.0366,0.0256,0.9456
7050,-0.0466,-0.0940,1.0422
7051,-0.0225,0.0354,0.9038
7052,0.0220,-0.0242,0.9897
7053,0.0464,-0.0500,1.0295
7054,0.0496,0.0386,0.8850
7055,0.0554,-0.0176,1.0015
7056,0.0020,-0.0483,1.0298
7057,-0.0420,0.0881,0.8745
7058,-0.0496,0.0005,1.0315
7059,-0.0637,-0.0022,1.0015
7060,0.0269,0.0752,0.8677
7061,0.0828,-0.0583,1.0549
7062,0.0916,-0.0015,0.9641
7063,0.1128,0.0352,0.8958
7064,0.0146,-0.0854,1.0344
7065,-0.0457,0.0244,0.9214
7066,-0.0608,0.0049,0.9478
7067,-0.0757,0.0183,1.0259
7068,-0.0347,0.0054,0.9612
7069,0.0378,0.0195,0.9641
7070,0.0513,-0.0024,1.0181
7071,0.0564,0.0132,0.9602
7072,0.0591,-0.0012,0.9475
7073,0.0261,-0.0422,0.9963
7074,0.0117,-0.0078,0.9419
7075,-0.0081,0.0071,0.9468
7076,-0.0024,-0.0098,0.9927
7077,-0.0283,0.0134,0.9456
7078,-0.0039,0.0330,0.9709
7079,0.0190,0.0146,1.0168
7080,0.0422,0.0667,0.9380
7081,0.0435,-0.0032,0.9966
7082,0.0195,-0.0454,0.9739
7083,0.0010,0.0386,0.9241
7084,-0.0249,-0.0242,1.0034
7085,-0.0488,-0.0325,0.9543
7086,-0.0212,-0.0801,0.9380
7087,0.0017,-0.0527,0.9915
7088,0.0205,0.0354,0.9673
7089,0.1003,0.0742,0.9797
7090,0.0667,0.0310,1.0054
7091,0.0457,0.0630,0.9612
7092,0.0120,-0.0039,0.9907
7093,-0.0298,0.0227,0.9644
7094,-0.0144,0.0239,0.9397
7095,-0.0210,-0.0679,1.0049
7096,-0.0212,-0.0034,0.9136
7097,0.0303,-0.0254,0.9604
7098,0.0381,-0.0627,1.0071
7099,0.0422,0.0742,0.9065
7100,0.0295,-0.0088,1.0344
7101,-0.0242,0.0298,0.9878
7102,-0.0376,0.0381,0.9282
7103,-0.0325,-0.0527,1.0229
7104,0.0015,0.0066,0.9526
7105,0.0647,0.0205,0.9524
7106,0.0786,-0.0120,1.0024
7107,0.0537,0.0066,0.9299
7108,0.0327,-0.0190,0.9426
7109,-0.0300,-0.0466,0.9983
7110,-0.0286,0.0635,0.9331
7111,0.0034,0.0354,0.9807
7112,0.0005,0.0251,0.9946
7113,0.0112,0.0188,0.9468
7114,0.0151,-0.0332,1.0012
7115,0.0134,-0.0251,0.9790
7116,0.0168,-0.0125,0.9504
7117,0.0107,-0.0229,0.9868
7118,0.0154,0.0229,0.9663
7119,-0.0037,0.0474,0.9468
7120,-0.0022,0.0154,0.9780
7121,0.0146,-0.0188,0.9575
7122,0.0447,0.0298,0.9358
7123,0.0542,-0.0105,1.0002
7124,0.0625,-0.0132,0.9641
7125,0.0234,0.0020,0.9426
7126,-0.0371,-0.0347,1.0054
7127,-0.0544,-0.0139,0.9634
7128,-0.0818,-0.0583,0.9614
7129,-0.0574,0.0142,0.9868
7130,0.0134,-0.0051,1.0002
7131,0.0730,0.1162,0.9485
7132,0.0957,0.0508,0.9907
7133,0.1177,0.0095,0.9722
7134,0.0657,-0.0125,0.9272
7135,0.0073,-0.0129,0.9866
7136,-0.0569,-0.0100,0.9866
7137,-0.0767,0.0012,0.9231
7138,-0.0701,-0.0559,0.9670
7139,-0.0007,-0.0684,0.9690
7140,0.0310,0.0210,0.9370
7141,0.0535,0.0464,1.0120
7142,0.0769,0.0757,0.9954
7143,0.0483,0.0476,0.9604
7144,-0.0002,-0.0120,0.9934
7145,-0.0195,-0.0344,0.9771
7146,-0.0388,-0.0242,0.9478
7147,-0.0149,-0.0198,0.9543
7148,0.0085,-0.0288,0.9741
7149,0.0430,0.0051,0.9456
7150,0.0767,0.0183,0.9600
7151,0.0476,-0.0283,0.9927
7152,-0.0090,0.0166,0.9534
7153,-0.0403,0.0627,0.9719
7154,-0.0605,0.0347,1.0188
7155,-0.0127,0.0566,0.9524
7156,0.0354,-0.0127,0.9631
7157,0.0510,-0.0732,1.0061
7158,0.0610,-0.0332,0.9351
7159,0.0515,0.0088,0.9641
7160,-0.0190,-0.0132,0.9915
7161,-0.0232,0.0608,0.9397
7162,-0.0259,-0.0042,0.9768
7163,-0.0200,0.0066,0.9778
7164,0.0300,-0.0127,0.9595
7165,0.0403,0.0261,0.9653
7166,0.0569,0.0037,0.9780
7167,0.0432,-0.0391,0.9741
7168,-0.0176,-0.0190,0.9446
7169,-0.0466,-0.0168,1.0071
7170,-0.0310,-0.0168,0.9858
7171,0.0122,0.0674,0.9348
7172,0.0073,-0.0208,1.0200
7173,0.0391,0.0593,0.9390
7174,0.0295,0.0259,0.9546
7175,0.0430,0.0125,1.0081
7176,0.0271,0.0039,0.9309
7177,0.0171,-0.0190,0.9465
7178,-0.0078,-0.0532,0.9924
7179,-0.0056,0.0071,0.9358
7180,-0.0171,0.0012,0.9907
7181,-0.0032,0.0010,1.0073
7182,0.0173,0.0107,0.9534
7183,0.0249,0.0032,0.9810
7184,0.0142,-0.0122,0.9849
7185,-0.0059,0.0220,0.9575
7186,0.0024,0.0405,0.9595
7187,0.0037,-0.0271,0.9778
7188,0.0269,-0.0117,0.9446
7189,0.0303,-0.0278,0.9436
7190,0.0215,-0.0173,0.9944
7191,0.0024,0.0183,0.9663
7192,0.0037,0.0693,0.9563
7193,-0.0010,-0.0005,1.0088
7194,0.0125,0.0044,0.9595
7195,0.0303,0.0051,0.9634
7196,0.0198,-0.0378,1.0122
7197,0.0239,0.0383,0.9419
7198,-0.0056,-0.0198,0.9604
7199,0.0090,0.0063,0.9810
7200,-0.0056,-0.0042,0.9604
7201,-0.0017,0.0303,0.9583
7202,-0.0059,-0.0686,1.0042
7203,0.0012,0.0037,0.9348
7204,0.0015,-0.0012,0.9751
7205,0.0420,0.0288,1.0012
7206,0.0610,0.0513,0.9448
7207,0.0801,0.0215,0.9810
7208,0.0552,-0.0190,0.9888
7209,-0.0156,0.0129,0.9338
7210,-0.0833,0.0007,0.9722
7211,-0.0969,-0.0044,0.9897
7212,-0.0605,-0.0081,0.9309
7213,0.0139,-0.0657,0.9839
7214,0.0405,-0.0564,0.9661
7215,0.1191,0.0417,0.9534
7216,0.0698,0.0281,1.0159
7217,0.0530,0.1099,0.9553
7218,0.0217,-0.0159,0.9927
7219,-0.0469,-0.0110,0.9614
7220,-0.0430,-0.0022,0.9478
7221,-0.0239,-0.0381,1.0061
7222,0.0151,0.0527,0.9468
7223,0.0620,-0.0044,0.9670
7224,0.0481,-0.0386,0.9810
7225,0.0073,-0.0037,0.9329
7226,0.0186,0.0110,0.9761
7227,-0.0278,0.0005,0.9885
7228,-0.0259,0.0249,0.9436
7229,-0.0173,-0.0208,0.9846
7230,-0.0107,-0.0149,0.9976
7231,0.0020,0.0166,0.9722
7232,0.0557,0.0547,0.9800
7233,0.0615,-0.0024,0.9907
7234,0.0671,0.0076,0.9417
7235,0.0527,0.0063,0.9524
7236,-0.0073,-0.0244,0.9846
7237,-0.0125,0.0142,0.9292
7238,-0.0369,-0.0383,0.9526
7239,-0.0271,-0.0466,0.9888
7240,-0.0115,-0.0068,0.9575
7241,0.0110,0.0461,0.9846
7242,0.0132,0.0149,1.0129
7243,0.0427,0.0286,0.9644
7244,0.0376,0.0259,0.9836
7245,0.0327,0.0417,0.9985
7246,0.0181,0.0183,0.9409
7247,0.0210,-0.0054,0.9424
7248,0.0005,-0.0789,0.9719
7249,0.0076,-0.0107,0.9233
7250,0.0090,-0.0320,0.9622
7251,-0.0049,-0.0476,0.9836
7252,0.0000,0.0515,0.9312
7253,-0.0276,0.0200,1.0317
7254,-0.0010,0.0510,0.9888
7255,0.0266,0.0339,0.9504
7256,0.0139,-0.0381,1.0159
7257,0.0530,0.0276,0.9631
7258,0.0374,-0.0125,0.9426
7259,0.0029,-0.0083,0.9768
7260,0.0081,-0.0474,0.9409
7261,-0.0022,-0.0032,0.9399
7262,-0.0249,-0.0156,1.0032
7263,0.0208,0.0415,0.9524
7264,0.0457,0.0493,0.9729
7265,0.0391,0.0039,1.0188
7266,0.0496,0.0544,0.9358
7267,0.0132,-0.0200,0.9866
7268,-0.0439,-0.0188,0.9905
7269,-0.0498,0.0210,0.9136
7270,-0.0439,-0.0444,1.0139
7271,-0.0186,-0.0112,0.9622
7272,0.0471,0.0300,0.9204
7273,0.0713,-0.0950,1.0278
7274,0.0703,0.0110,0.9368
7275,0.0684,0.0515,0.9526
7276,-0.0066,-0.0200,1.0376
7277,-0.0376,0.0322,0.9048
7278,-0.0388,-0.0083,0.9739
7279,-0.0405,0.0266,1.0103
7280,0.0291,0.0657,0.9497
7281,0.0752,0.0032,0.9829
7282,0.0581,-0.0073,0.9751
7283,0.0579,-0.0388,0.9583
7284,-0.0083,0.0083,0.9641
7285,-0.0767,-0.0139,0.9719
7286,-0.0276,-0.0110,0.9553
7287,-0.0259,-0.0208,0.9556
7288,0.0317,0.0371,0.9907
7289,0.0994,-0.0022,0.9788
7290,0.0720,0.0107,0.9526
7291,0.0474,-0.0095,0.9790
7292,0.0166,-0.0215,1.0032
7293,-0.0249,0.0381,0.9585
7294,-0.0508,0.0139,0.9878
7295,-0.0530,-0.0159,0.9829
7296,-0.0515,0.0417,0.9185
7297,0.0127,-0.0149,0.9846
7298,0.0488,-0.0181,0.9536
7299,0.0986,0.0269,0.9263
7300,0.0796,-0.0574,1.0151
7301,0.0396,0.0391,0.9390
7302,-0.0134,-0.0381,0.9839
7303,-0.0278,0.0037,0.9963
7304,-0.0549,0.0208,0.9624
7305,-0.0005,0.0330,1.0073
7306,0.0215,0.0574,0.9768
7307,0.0420,0.0261,0.9526
7308,0.0540,-0.0437,0.9836
7309,-0.0042,-0.0217,0.9331
7310,-0.0049,0.0012,0.9419
7311,-0.0056,-0.0417,0.9944
7312,-0.0173,-0.0122,0.9282
7313,0.0352,-0.0166,0.9731
7314,0.0415,-0.0439,1.0269
7315,0.0186,0.0908,0.9456
7316,0.0071,0.0396,1.0181
7317,-0.0120,0.0188,1.0012
7318,-0.0032,0.0476,0.9172
7319,-0.0022,-0.0435,0.9915
7320,0.0107,-0.0242,0.9465
7321,0.0461,-0.0112,0.9165
7322,0.0454,-0.0188,0.9800
7323,0.0442,-0.0029,0.9585
7324,0.0129,-0.0305,0.9800
7325,-0.0222,-0.0056,0.9907
7326,-0.0559,0.0215,0.9946
7327,-0.0559,0.0518,1.0024
7328,-0.0168,0.0947,0.9807
7329,0.0591,0.0286,0.9739
7330,0.0945,-0.0129,0.9460
7331,0.1155,-0.0500,0.9348
7332,0.0901,-0.0701,0.9421
7333,-0.0137,-0.0596,0.9602
7334,-0.0725,0.0056,0.9634
7335,-0.1128,-0.0154,0.9954
7336,-0.0681,0.0134,0.9885
7337,0.0261,0.0461,0.9976
7338,0.0642,0.0452,0.9875
7339,0.0869,0.0447,0.9785
7340,0.0906,0.0232,0.9575
7341,0.0164,0.0317,0.9438
7342,0.0022,-0.0354,0.9641
7343,-0.0317,-0.0605,0.9524
7344,-0.0635,-0.0269,0.9504
7345,-0.0364,-0.0376,0.9915
7346,0.0056,-0.0168,0.9683
7347,0.0667,0.0061,0.9690
7348,0.1196,0.0210,1.0142
7349,0.1045,0.0791,0.9749
7350,0.0225,0.0388,0.9658
7351,-0.0610,0.0220,0.9690
7352,-0.1174,-0.0254,0.9583
7353,-0.0762,0.0020,0.9546
7354,-0.0193,-0.0271,0.9858
7355,0.0820,-0.0093,0.9458
7356,0.0830,-0.0583,0.9543
7357,0.0854,-0.0588,0.9612
7358,0.0278,-0.0288,0.9758
7359,-0.0154,0.0842,0.9993
7360,-0.0208,0.1101,0.9819
7361,-0.0068,0.0483,0.9983
7362,-0.0347,-0.0212,0.9495
7363,0.0173,-0.0046,0.9487
7364,0.0249,-0.0835,1.0073
7365,0.0469,0.0532,0.9194
7366,0.0374,-0.0156,0.9773
7367,0.0210,-0.0447,0.9885
7368,0.0144,-0.0088,0.9185
7369,-0.0007,-0.0247,0.9944
7370,-0.0051,0.0208,0.9751
7371,-0.0156,0.0203,0.9573
7372,-0.0171,0.0425,0.9888
7373,-0.0417,0.0447,0.9937
7374,0.0093,-0.0037,0.9722
7375,0.0439,-0.0090,0.9487
7376,0.0806,-0.0232,0.9810
7377,0.0959,-0.0239,0.9546
7378,0.0610,0.0356,0.9348
7379,-0.0076,-0.0532,0.9897
7380,-0.0432,0.0339,0.9429
7381,-0.0964,-0.0342,0.9807
7382,-0.0593,0.0369,0.9810
7383,-0.0220,-0.0132,0.9895
7384,0.0415,0.0237,0.9604
7385,0.0896,0.0205,0.9856
7386,0.0876,-0.0342,0.9771
7387,0.0862,0.0320,0.9175
7388,-0.0149,-0.0710,1.0120
7389,-0.0464,0.0586,0.9419
7390,-0.0544,0.0056,0.9741
7391,-0.0320,0.0020,1.0032
7392,0.0239,0.0132,0.9407
7393,0.0654,-0.0469,0.9858
7394,0.0654,0.0298,0.9624
7395,0.0242,0.0261,0.9583
7396,0.0088,0.0293,0.9890
7397,-0.0078,-0.0034,0.9534
7398,-0.0181,-0.0271,0.9692
7399,-0.0281,-0.0288,0.9722
7400,-0.0293,-0.0090,0.9573
7401,-0.0024,0.0085,0.9692
7402,0.0349,-0.0017,0.9858
7403,0.0686,0.0146,0.9751
7404,0.0852,0.0100,0.9771
7405,0.0474,-0.0312,0.9817
7406,0.0081,0.0110,0.9407
7407,-0.0396,0.0134,0.9722
7408,-0.0562,0.0498,0.9846
7409,-0.0352,0.0349,0.9553
7410,-0.0193,-0.0405,0.9741
7411,0.0408,-0.0061,0.9592
7412,0.0276,-0.0354,0.9829
7413,0.0532,0.0681,0.9607
7414,0.0605,-0.0037,0.9829
7415,0.0146,-0.0142,0.9524
7416,-0.0103,-0.0271,0.9602
7417,-0.0176,-0.0486,0.9929
7418,-0.0229,0.0266,0.9648
7419,-0.0024,0.0281,0.9727
7420,0.0271,0.0161,0.9875
7421,0.0569,0.0051,0.9504
7422,0.0466,0.0017,0.9592
7423,0.0051,-0.0381,0.9915
7424,-0.0181,0.0115,0.9370
7425,-0.0239,0.0229,0.9631
7426,-0.0286,-0.0129,0.9993
7427,0.0149,0.0115,0.9358
7428,0.0117,-0.0146,0.9790
7429,0.0337,0.0200,0.9946
7430,0.0374,0.0088,0.9504
7431,0.0381,0.0281,0.9722
7432,0.0327,-0.0083,0.9934
7433,0.0098,-0.0017,0.9602
7434,-0.0105,0.0020,0.9507
7435,-0.0139,-0.0396,0.9778
7436,-0.0098,-0.0134,0.9387
7437,-0.0015,0.0107,0.9690
7438,0.0200,-0.0073,0.9956
7439,0.0222,0.0378,0.9504
7440,0.0244,-0.0129,0.9885
7441,0.0181,0.0156,0.9878
7442,0.0098,0.0037,0.9663
7443,-0.0088,0.0183,0.9758
7444,-0.0137,0.0137,0.9729
7445,0.0005,-0.0020,0.9526
7446,0.0215,0.0076,0.9487
7447,0.0259,-0.0552,0.9895
7448,0.0261,0.0044,0.9280
7449,0.0317,-0.0034,0.9690
7450,0.0183,0.0115,1.0022
7451,0.0251,0.0298,0.9478
7452,0.0061,0.0071,0.9866
7453,-0.0024,-0.0208,0.9924
7454,-0.0168,0.0500,0.9543
7455,-0.0120,0.0061,0.9700
7456,-0.0132,-0.0278,0.9946
7457,0.0012,-0.0142,0.9465
7458,0.0237,0.0186,0.9504
7459,0.0464,-0.0225,0.9907
7460,0.0608,0.0234,0.9253
7461,0.0349,-0.0073,0.9800
7462,0.0378,-0.0063,0.9871
7463,-0.0225,0.0139,0.9575
7464,-0.0374,-0.0234,0.9897
7465,-0.0300,-0.0125,0.9524
7466,-0.0408,-0.0344,0.9868
7467,0.0132,0.0454,0.9878
7468,0.0579,0.0583,0.9741
7469,0.0542,0.0037,0.9915
7470,0.0776,0.0562,0.9163
7471,0.0315,-0.0483,0.9722
7472,-0.0120,-0.0095,0.9690
7473,-0.0371,0.0173,0.9331
7474,-0.0564,-0.0459,1.0044
7475,-0.0208,-0.0244,0.9673
7476,0.0276,-0.0107,0.9507
7477,0.0601,0.0024,1.0220
7478,0.0608,0.0444,0.9709
7479,0.0596,0.0659,0.9319
7480,0.0188,-0.0103,1.0227
7481,-0.0259,0.0093,0.9370
7482,-0.0415,0.0134,0.9448
7483,-0.0657,-0.0845,1.0288
7484,-0.0137,0.0205,0.9009
7485,0.0061,-0.0322,0.9702
7486,0.0544,-0.0071,1.0142
7487,0.1018,0.0215,0.9360
7488,0.0620,0.0474,0.9761
7489,-0.0029,-0.0022,1.0044
7490,-0.0134,0.0391,0.9341
7491,-0.0554,0.0300,0.9768
7492,-0.0317,-0.0115,1.0073
7493,0.0322,-0.0330,0.9368
7494,0.0374,-0.0645,0.9663
7495,0.0469,-0.0178,0.9858
7496,0.0439,0.0039,0.9487
7497,-0.0186,0.0244,0.9819
7498,-0.0115,0.0420,0.9700
7499,-0.0166,0.0076,0.9690
7500,-0.0173,0.0342,0.9622
7501,0.0212,0.0237,0.9768
7502,0.0283,-0.0068,0.9780
7503,0.0637,0.0203,0.9465
7504,0.0625,-0.0488,0.9858
7505,0.0071,-0.0498,0.9612
7506,-0.0166,-0.0149,0.9397
7507,-0.0374,-0.0273,0.9878
7508,-0.0471,0.0415,0.9761
7509,-0.0034,0.0562,0.9692
7510,0.0107,0.0083,1.0073
7511,0.0366,0.0161,0.9592
7512,0.0486,0.0208,0.9497
7513,0.0342,-0.0261,0.9885
7514,0.0405,0.0085,0.9502
7515,0.0229,-0.0166,0.9497
7516,0.0017,-0.0349,0.9680
7517,-0.0200,-0.0259,0.9546
7518,0.0007,0.0413,0.9780
7519,0.0059,0.0095,1.0012
7520,0.0247,0.0391,0.9612
7521,0.0264,-0.0125,0.9778
7522,0.0134,0.0137,0.9663
7523,0.0015,0.0068,0.9719
7524,-0.0103,-0.0107,0.9702
7525,0.0005,-0.0137,0.9604
7526,0.0322,-0.0410,0.9612
7527,0.0134,-0.0066,0.9663
7528,-0.0107,0.0181,0.9856
7529,0.0059,0.0415,0.9751
7530,0.0156,0.0317,0.9680
7531,0.0330,-0.0100,0.9739
7532,0.0603,-0.0151,0.9641
7533,0.0132,-0.0359,0.9751
7534,-0.0071,0.0276,0.9565
7535,-0.0300,-0.0076,0.9653
7536,-0.0232,-0.0178,0.9661
7537,0.0317,0.0007,0.9731
7538,0.0513,0.0127,0.9849
7539,0.0344,0.0439,0.9788
7540,-0.0007,0.0125,0.9614
7541,-0.0405,0.0242,0.9709
7542,-0.0237,-0.0020,0.9790
7543,0.0220,0.0127,0.9602
7544,0.0354,-0.0178,0.9451
7545,0.0852,-0.0703,0.9653
7546,0.0344,-0.0723,0.9543
7547,-0.0105,0.0442,0.9585
7548,-0.0142,0.0042,1.0327
7549,-0.0535,0.0461,0.9429
7550,-0.0208,0.0374,0.9653
7551,0.0232,-0.0400,1.0432
7552,0.0168,0.0730,0.9075
7553,0.0479,0.0115,0.9849
7554,0.0383,-0.0662,1.0002
7555,0.0176,0.0457,0.8872
7556,0.0364,-0.0308,0.9976
7557,-0.0039,-0.0979,0.9749
7558,0.0142,0.0273,0.8801
7559,-0.0349,-0.0281,1.0403
7560,-0.0366,0.1113,0.9905
7561,0.0063,0.0249,0.9653
7562,0.0051,0.0171,1.0024
7563,0.0627,0.0049,0.9856
7564,0.1018,0.0000,0.9644
7565,0.0413,0.0347,0.9536
7566,-0.0027,-0.0869,0.9780
7567,-0.0552,-0.0156,0.9094
7568,-0.1162,-0.0281,0.9673
7569,-0.0156,0.0029,0.9963
7570,0.0168,-0.0085,0.9377
7571,0.0808,0.0071,0.9856
7572,0.1304,-0.0105,1.0237
7573,0.0742,0.0576,0.9409
7574,0.0271,0.0579,1.0032
7575,-0.0396,-0.0144,1.0007
7576,-0.0674,0.0918,0.9204
7577,-0.0913,-0.0388,1.0012
7578,-0.0432,-0.0029,0.9387
7579,0.0017,-0.0813,0.9202
7580,0.1084,-0.0471,0.9829
7581,0.1428,-0.0063,0.9692
7582,0.0964,0.0386,0.9504
7583,0.0195,-0.0176,0.9963
7584,-0.0796,0.0110,0.9702
7585,-0.0879,0.0742,0.9761
7586,-0.0420,0.0281,1.0317
7587,-0.0049,0.0215,0.9426
7588,0.0405,-0.0198,0.9592
7589,0.0535,-0.0547,0.9885
7590,0.0500,0.0254,0.9270
7591,0.0378,-0.0269,0.9739
7592,0.0417,-0.0161,0.9612
7593,0.0386,-0.0010,0.9397
7594,0.0120,0.0046,0.9729
7595,-0.0198,-0.0029,0.9741
7596,-0.0510,-0.0432,0.9915
7597,-0.0571,0.0623,0.9768
7598,-0.0317,0.0693,1.0122
7599,0.0454,0.0549,0.9985
7600,0.0776,-0.0193,0.9312
7601,0.0925,-0.0518,0.9583
7602,0.0347,-0.0691,0.9709
7603,0.0183,0.0618,0.9058
7604,-0.0295,-0.0186,0.9956
7605,-0.0237,-0.0222,0.9683
7606,-0.0312,-0.0115,0.9465
7607,-0.0229,-0.0300,1.0171
7608,-0.0066,0.0447,0.9771
7609,0.0134,0.0217,0.9712
7610,0.0754,0.0710,0.9985
7611,0.0581,0.0024,0.9751
7612,0.0830,0.0498,0.9351
7613,0.0164,-0.0784,0.9858
7614,-0.0244,-0.0159,0.9146
7615,-0.0615,-0.0242,0.9692
7616,-0.0571,-0.0276,0.9915
7617,-0.0139,0.0161,0.9224
7618,0.0300,-0.0564,1.0005
7619,0.0325,0.0225,0.9944
7620,0.0615,0.0745,0.9709
7621,0.0530,0.0498,1.0142
7622,0.0256,0.0251,0.9644
7623,0.0452,0.0076,0.9448
7624,-0.0134,-0.0491,0.9817
7625,-0.0386,-0.0137,0.9338
7626,-0.0249,-0.0437,0.9592
7627,-0.0312,-0.0024,0.9661
7628,0.0181,0.0222,0.9663
7629,0.0779,-0.0007,0.9990
7630,0.0747,0.0256,0.9661
7631,0.0127,0.0020,0.9817
7632,-0.0120,0.0020,0.9751
7633,-0.0752,0.0242,0.9595
7634,-0.0464,0.0090,0.9722
7635,0.0166,-0.0327,0.9585
7636,0.0364,-0.0273,0.9526
7637,0.0815,0.0278,0.9888
7638,0.0767,0.0298,0.9761
7639,0.0505,0.0125,0.9497
7640,0.0125,-0.0364,0.9866
7641,-0.0432,-0.0066,0.9556
7642,-0.0549,0.0229,0.9741
7643,-0.0457,-0.0300,1.0015
7644,-0.0283,0.0588,0.9116
7645,0.0388,-0.0232,1.0071
7646,0.0542,-0.0278,0.9807
7647,0.0759,0.0674,0.9202
7648,0.0325,-0.0535,1.0447
7649,0.0227,0.0576,0.9272
7650,-0.0073,-0.0056,0.9673
7651,-0.0217,-0.0469,1.0198
7652,-0.0200,0.0081,0.9136
7653,-0.0034,-0.0232,0.9866
7654,0.0215,0.0173,0.9829
7655,0.0483,0.0454,0.9270
7656,0.0190,-0.0393,0.9963
7657,0.0137,-0.0007,0.9563
7658,0.0195,0.0154,0.9573
7659,-0.0132,0.0222,0.9956
7660,-0.0063,0.0183,0.9800
7661,-0.0034,-0.0273,0.9771
7662,0.0081,0.0139,0.9741
7663,0.0374,-0.0312,0.9927
7664,0.0305,0.0151,0.9436
7665,-0.0046,0.0125,0.9700
7666,0.0151,-0.0071,0.9722
7667,-0.0039,0.0129,0.9348
7668,0.0181,-0.0134,0.9800
7669,0.0425,-0.0039,0.9690
7670,-0.0056,0.0007,0.9641
7671,-0.0051,0.0095,0.9924
7672,-0.0122,0.0066,0.9836
7673,-0.0208,0.0203,0.9790
7674,0.0549,0.0569,0.9866
7675,0.0493,0.0039,0.9670
7676,0.0386,0.0022,0.9409
7677,0.0342,-0.0671,0.9692
7678,-0.0376,-0.0127,0.9390
7679,-0.0239,-0.0139,0.9712
7680,-0.0024,-0.0496,0.9897
7681,-0.0051,0.0229,0.9426
7682,0.0537,0.0312,1.0093
7683,0.0046,0.0369,0.9907
7684,0.0015,0.0493,0.9624
7685,0.0134,-0.0242,1.0042
7686,-0.0010,0.0469,0.9456
7687,0.0154,0.0173,0.9729
7688,0.0542,-0.0032,0.9680
7689,-0.0049,-0.0405,0.9282
7690,0.0190,-0.0339,0.9622
7691,-0.0022,-0.0544,0.9739
7692,0.0078,0.0068,0.9514
7693,0.0518,0.0129,0.9917
7694,0.0029,0.0112,0.9780
7695,0.0217,0.0676,0.9722
7696,-0.0129,-0.0298,1.0132
7697,-0.0481,0.0676,0.9368
7698,-0.0139,-0.0151,0.9902
7699,0.0295,-0.0125,0.9875
7700,0.0369,0.0249,0.9194
7701,0.0422,-0.0459,0.9895
7702,0.0112,-0.0244,0.9595
7703,0.0088,0.0276,0.9253
7704,-0.0029,-0.0200,0.9983
7705,0.0054,0.0137,0.9497
7706,0.0312,-0.0073,0.9604
7707,0.0151,0.0227,1.0115
7708,0.0325,0.0269,0.9758
7709,0.0232,0.0027,0.9817
7710,-0.0054,0.0012,0.9741
7711,-0.0034,0.0215,0.9683
7712,-0.0322,-0.0266,0.9729
7713,-0.0139,0.0225,0.9458
7714,0.0237,-0.0188,0.9595
7715,0.0132,-0.0154,0.9700
7716,0.0688,0.0129,0.9504
7717,0.0586,-0.0286,0.9651
7718,0.0012,-0.0020,0.9758
7719,-0.0247,0.0056,0.9690
7720,-0.0376,0.0344,0.9768
7721,-0.0420,-0.0098,0.9927
7722,0.0312,0.0042,0.9749
7723,0.0366,0.0139,0.9595
7724,0.0549,0.0107,0.9846
7725,0.0332,-0.0076,0.9612
7726,0.0249,0.0286,0.9460
7727,0.0210,-0.0054,0.9817
7728,-0.0144,-0.0107,0.9761
7729,-0.0256,0.0405,0.9380
7730,-0.0481,-0.0300,1.0054
7731,-0.0261,-0.0103,0.9553
7732,0.0310,-0.0061,0.9475
7733,0.0691,-0.0610,0.9983
7734,0.0935,0.0417,0.9377
7735,0.0530,-0.0247,0.9934
7736,-0.0198,0.0376,0.9841
7737,-0.0388,0.0474,0.9683
7738,-0.0593,0.0237,1.0042
7739,-0.0312,0.0723,0.9526
7740,0.0276,-0.0251,0.9709
7741,0.0635,-0.0344,0.9504
7742,0.0388,-0.0662,0.9399
7743,0.0200,-0.0588,0.9604
7744,-0.0122,-0.0088,0.9468
7745,-0.0183,0.0115,0.9834
7746,0.0166,0.0435,0.9673
7747,0.0171,0.0251,0.9954
7748,0.0427,0.0178,1.0022
7749,0.0459,0.0676,0.9536
7750,0.0212,-0.0098,1.0295
7751,0.0134,0.0229,0.9583
7752,0.0042,0.0264,0.9387
7753,-0.0457,-0.0669,0.9897
7754,-0.0332,-0.0210,0.8955
7755,-0.0251,-0.0647,0.9331
7756,0.0149,-0.0112,0.9729
7757,0.0398,-0.0095,0.9507
7758,0.0442,0.0139,0.9849
7759,0.0327,0.0256,1.0103
7760,0.0454,0.0542,1.0054
7761,0.0273,0.0564,1.0151
7762,0.0037,0.0774,0.9800
7763,0.0310,0.0181,0.9739
7764,-0.0127,-0.0393,0.9282
7765,-0.0125,-0.0374,0.9143
7766,-0.0120,-0.1152,0.9614
7767,-0.0391,-0.0312,0.9075
7768,-0.0122,-0.0229,0.9761
7769,0.0120,0.0017,0.9956
7770,0.0413,0.0647,0.9651
7771,0.0762,-0.0129,1.0461
7772,0.0718,0.0559,0.9966
7773,0.0271,0.0754,0.9722
7774,0.0291,0.0767,1.0139
7775,-0.0491,0.0178,0.9556
7776,-0.0474,-0.0076,0.9182
7777,-0.0513,-0.1362,0.9771
7778,-0.0425,-0.0591,0.8840
7779,0.0474,-0.0198,0.9358
7780,0.0779,-0.0432,1.0071
7781,0.1082,0.0566,0.9436
7782,0.0935,-0.0093,1.0093
7783,0.0090,0.0271,1.0200
7784,-0.0637,0.0798,0.9810
7785,-0.0854,0.0571,1.0269
7786,-0.0991,0.0510,0.9875
7787,-0.0029,0.0120,0.9436
7788,0.0486,-0.0703,0.9514
7789,0.1172,-0.0496,0.9077
7790,0.1226,-0.1040,0.9497
7791,0.0466,-0.0027,0.9299
7792,-0.0063,0.0186,0.9778
7793,-0.0520,0.0103,1.0139
7794,-0.0259,0.1184,0.9465
7795,-0.0215,-0.0010,1.0483
7796,0.0061,0.0330,0.9780
7797,0.0061,0.0117,0.9573
7798,-0.0017,-0.0332,1.0181
7799,0.0024,0.0251,0.9280
7800,0.0283,-0.0515,0.9573
7801,0.0166,-0.0532,0.9614
7802,0.0417,0.0017,0.9119
7803,0.0295,-0.0369,0.9888
7804,0.0342,0.0596,0.9524
7805,0.0286,0.0195,0.9822
7806,-0.0081,0.0137,1.0178
7807,0.0029,0.0286,0.9653
7808,-0.0266,-0.0164,1.0002
7809,-0.0312,0.0234,0.9712
7810,-0.0049,-0.0134,0.9583
7811,-0.0078,-0.0278,0.9612
7812,0.0244,-0.0044,0.9363
7813,0.0667,-0.0171,0.9817
7814,0.0796,0.0432,0.9622
7815,0.0742,0.0312,0.9758
7816,0.0249,-0.0234,0.9946
7817,-0.0330,0.0002,0.9348
7818,-0.0786,-0.0259,0.9917
7819,-0.0852,-0.0264,1.0044
7820,-0.0459,0.0632,0.9399
7821,0.0220,0.0222,0.9888
7822,0.1057,-0.0217,0.9663
7823,0.1406,-0.0049,0.9133
7824,0.0874,-0.0342,1.0015
7825,0.0159,0.0203,0.9722
7826,-0.0767,0.0239,0.9495
7827,-0.1099,-0.0129,1.0081
7828,-0.0903,-0.0056,0.9739
7829,-0.0312,-0.0051,0.9670
7830,0.0820,0.0046,0.9915
7831,0.1177,0.0205,0.9604
7832,0.1240,0.0635,0.9387
7833,0.0686,-0.0332,0.9924
7834,-0.0005,0.0100,0.9211
7835,-0.0508,-0.0122,0.9543
7836,-0.0618,-0.0051,1.0044
7837,-0.0610,-0.0032,0.9563
7838,-0.0195,-0.0330,0.9954
7839,0.0190,-0.0386,0.9905
7840,0.0417,0.0183,0.9573
7841,0.0662,0.0361,1.0044
7842,0.0425,0.0645,0.9575
7843,0.0227,0.0378,0.9585
7844,0.0017,-0.0259,0.9692
7845,-0.0110,0.0073,0.9211
7846,0.0115,-0.0342,0.9690
7847,0.0317,-0.0605,0.9741
7848,0.0073,-0.0388,0.9409
7849,0.0151,0.0100,0.9866
7850,-0.0151,-0.0220,1.0266
7851,-0.0161,0.0842,0.9526
7852,-0.0076,0.0359,1.0181
7853,0.0054,0.0408,0.9788
7854,0.0403,0.0605,0.9290
7855,0.0354,-0.0066,0.9761
7856,0.0510,0.0037,0.9407
7857,0.0110,-0.1089,0.9458
7858,0.0061,-0.0273,0.9338
7859,-0.0186,-0.0796,1.0005
7860,-0.0286,0.0254,0.9634
7861,-0.0120,0.0308,0.9807
7862,0.0210,0.0295,1.0249
7863,0.0378,0.0515,0.9543
7864,0.0701,0.0339,0.9827
7865,0.0469,-0.0024,1.0044
7866,0.0242,0.0508,0.9163
7867,-0.0034,-0.0120,0.9719
7868,-0.0471,-0.0681,0.9807
7869,-0.0488,0.0168,0.8906
7870,-0.0396,-0.0825,1.0063
7871,0.0212,-0.0154,0.9651
7872,0.0608,0.0383,0.9263
7873,0.0737,0.0132,1.0415
7874,0.0454,0.0437,0.9622
7875,0.0242,0.0247,0.9358
7876,-0.0161,-0.0186,1.0220
7877,-0.0220,0.0337,0.9680
7878,0.0049,0.0337,0.9663
7879,0.0137,-0.0215,1.0044
7880,0.0269,-0.0234,0.9368
7881,0.0298,-0.0295,0.9465
7882,-0.0029,-0.0134,0.9868
7883,-0.0134,0.0356,0.9526
7884,-0.0098,0.0220,0.9614
7885,-0.0017,-0.0066,0.9614
7886,0.0354,-0.0195,0.9614
7887,0.0557,-0.0396,0.9739
7888,0.0408,0.0010,0.9832
7889,0.0259,0.0085,0.9995
7890,-0.0051,0.0564,0.9761
7891,-0.0281,0.0249,0.9839
7892,-0.0237,-0.0122,0.9797
7893,0.0054,0.0061,0.9507
7894,0.0110,0.0142,0.9487
7895,0.0435,-0.0168,0.9438
7896,0.0168,-0.0347,0.9448
7897,0.0071,0.0017,0.9583
7898,0.0049,0.0081,0.9963
7899,0.0159,0.0134,0.9641
7900,0.0093,-0.0369,0.9810
7901,0.0540,-0.0012,0.9895
7902,0.0181,0.0300,0.9856
7903,0.0137,0.0596,0.9927
7904,-0.0073,0.0095,0.9602
7905,-0.0493,-0.0303,0.9573
7906,-0.0171,-0.0122,0.9429
7907,0.0137,-0.0120,0.9663
7908,0.0491,-0.0088,0.9683
7909,0.0654,0.0229,0.9458
7910,0.0342,-0.0090,0.9973
7911,0.0176,0.0076,0.9758
7912,-0.0227,-0.0139,0.9585
7913,-0.0229,0.0012,0.9937
7914,-0.0154,0.0325,0.9741
7915,-0.0164,0.0530,0.9651
7916,0.0371,0.0122,0.9827
7917,0.0239,-0.0583,0.9612
7918,0.0347,-0.0132,0.9426
7919,0.0549,-0.0261,0.9917
7920,0.0132,0.0200,0.9556
7921,0.0330,0.0183,0.9487
7922,0.0039,-0.0422,1.0012
7923,-0.0352,0.0286,0.9465
7924,-0.0247,0.0437,0.9888
7925,-0.0400,0.0046,0.9924
7926,0.0027,0.0376,0.9233
7927,0.0527,-0.0664,0.9937
7928,0.0769,0.0044,0.9661
7929,0.0867,0.0056,0.9761
7930,0.0391,0.0110,0.9902
7931,-0.0237,0.0137,0.9446
7932,-0.0605,-0.0557,0.9817
7933,-0.0652,0.0115,0.9429
7934,-0.0396,-0.0017,0.9817
7935,0.0100,0.0034,0.9868
7936,0.0564,0.0251,0.9468
7937,0.0603,0.0110,0.9905
7938,0.0623,0.0181,0.9749
7939,0.0376,0.0168,0.9553
7940,0.0059,-0.0234,0.9758
7941,-0.0088,0.0054,0.9583
7942,-0.0134,-0.0085,0.9810
7943,0.0015,0.0176,0.9673
7944,0.0161,-0.0205,0.9612
7945,-0.0024,-0.0383,0.9866
7946,-0.0205,0.0261,0.9485
7947,-0.0354,0.0208,0.9729
7948,-0.0217,-0.0083,0.9878
7949,0.0549,0.0537,0.9448
7950,0.0791,-0.0400,0.9778
7951,0.1096,0.0034,0.9778
7952,0.0618,-0.0264,0.9553
7953,-0.0054,0.0354,0.9614
7954,-0.0776,-0.0332,1.0112
7955,-0.1104,0.0046,0.9575
7956,-0.0859,0.0305,0.9634
7957,0.0173,-0.0188,1.0051
7958,0.0715,0.0271,0.9329
7959,0.1355,0.0327,0.9534
7960,0.1282,-0.0459,1.0012
7961,0.0320,0.0112,0.9321
7962,-0.0088,0.0112,0.9661
7963,-0.0776,-0.0200,1.0122
7964,-0.1084,0.0186,0.9409
7965,-0.0325,-0.0198,0.9934
7966,0.0046,-0.0198,0.9966
7967,0.0598,0.0337,0.9358
7968,0.0967,0.0110,0.9917
7969,0.0481,0.0024,0.9705
7970,0.0383,0.0476,0.9292
7971,-0.0144,-0.0249,0.9807
7972,-0.0283,-0.0010,0.9541
7973,-0.0076,-0.0435,0.9580
7974,0.0027,-0.0291,0.9875
7975,-0.0081,-0.0239,0.9731
7976,0.0276,0.0344,0.9807
7977,0.0178,0.0420,0.9983
7978,0.0461,0.0571,0.9819
7979,0.0471,-0.0186,0.9644
7980,-0.0212,-0.0110,0.9387
7981,0.0088,0.0188,0.9563
7982,-0.0264,0.0002,0.9709
7983,-0.0352,0.0195,0.9485
7984,0.0168,-0.0776,0.9731
7985,-0.0024,-0.0757,0.9624
7986,0.0547,0.0220,0.9827
7987,0.1013,0.0391,1.0085
7988,0.0291,0.0757,0.9939
7989,0.0232,0.0637,0.9604
7990,-0.0037,-0.0027,0.9644
7991,-0.0615,-0.0483,0.9543
7992,-0.0276,-0.0259,0.9475
7993,-0.0195,-0.0173,0.9631
7994,0.0234,0.0000,0.9709
7995,0.0728,0.0081,0.9556
7996,0.0383,-0.0117,0.9761
7997,0.0159,-0.0574,0.9934
7998,-0.0176,0.0244,0.9612
7999,-0.0144,0.0862,0.9917
8000,0.0103,0.0664,0.9985
8001,0.0386,0.0303,0.9390
8002,0.0332,-0.0505,0.9724
8003,0.0115,-0.0396,0.9604
8004,-0.0015,-0.0251,0.9458
8005,-0.0037,-0.0439,0.9800
8006,-0.0088,0.0100,0.9370
8007,0.0298,-0.0205,0.9895
8008,0.0205,0.0120,0.9780
8009,0.0237,0.0703,0.9592
8010,0.0200,0.0115,1.0229
8011,-0.0022,0.0691,0.9614
8012,-0.0093,0.0090,0.9712
8013,0.0105,-0.0427,0.9749
8014,0.0024,-0.0798,0.9360
8015,0.0256,-0.0271,0.9602
8016,0.0159,0.0000,0.9683
8017,-0.0037,0.0356,0.9563
8018,0.0254,-0.0027,0.9661
8019,0.0254,-0.0022,0.9788
8020,0.0093,0.0032,0.9797
8021,0.0242,0.0449,0.9868
8022,-0.0042,0.0356,0.9836
8023,0.0039,0.0552,0.9709
8024,0.0132,-0.0066,0.9839
8025,0.0044,-0.0181,0.9468
8026,0.0168,-0.0757,0.9485
8027,0.0239,-0.0728,0.9753
8028,-0.0085,0.0374,0.9309
8029,0.0129,0.0481,0.9976
8030,-0.0085,-0.0024,0.9905
8031,0.0073,0.0464,0.9282
8032,0.0112,-0.0745,1.0315
8033,0.0103,0.0503,0.9690
8034,0.0354,0.0608,0.9546
8035,0.0308,-0.0061,1.0198
8036,0.0154,-0.0088,0.9221
8037,0.0156,-0.0347,0.9478
8038,-0.0049,-0.0195,0.9819
8039,-0.0315,0.0007,0.9407
8040,-0.0334,-0.0010,0.9517
8041,-0.0222,-0.0032,0.9907
8042,0.0222,-0.0020,0.9663
8043,0.0789,0.0129,0.9819
8044,0.0764,0.0112,0.9993
8045,0.0596,0.0415,0.9575
8046,0.0344,0.0061,0.9907
8047,-0.0164,0.0117,0.9663
8048,-0.0574,-0.0132,0.9507
8049,-0.0674,-0.0320,0.9751
8050,-0.0801,-0.0347,0.9507
8051,-0.0237,0.0139,0.9348
8052,0.0608,-0.0173,0.9937
8053,0.1096,0.0161,0.9680
8054,0.1536,0.0503,0.9709
8055,0.0879,0.0012,1.0061
8056,0.0034,0.0352,0.9573
8057,-0.0825,-0.0093,0.9788
8058,-0.1499,0.0098,0.9731
8059,-0.0911,-0.0183,0.9563
8060,-0.0012,-0.0457,0.9602
8061,0.0674,-0.0061,0.9409
8062,0.1365,0.0164,0.9800
8063,0.0938,0.0000,0.9829
8064,0.0444,0.0354,0.9377
8065,-0.0132,-0.0493,1.0161
8066,-0.0718,0.0327,0.9543
8067,-0.0447,0.0493,0.9731
8068,-0.0220,-0.0298,1.0120
8069,0.0149,0.0488,0.9221
8070,0.0481,-0.0083,0.9749
8071,0.0625,0.0068,0.9895
8072,0.0605,0.0034,0.9263
8073,0.0310,-0.0386,0.9692
8074,-0.0149,-0.0474,0.9634
8075,-0.0547,-0.0039,0.9565
8076,-0.0483,0.0361,0.9788
8077,-0.0205,0.0073,1.0054
8078,0.0269,0.0076,0.9800
8079,0.0591,0.0432,0.9675
8080,0.1042,0.0188,1.0002
8081,0.0327,0.0085,0.9631
8082,0.0212,0.0415,0.9094
8083,-0.0222,-0.0886,1.0022
8084,-0.0740,-0.0393,0.9329
8085,-0.0229,0.0496,0.9438
8086,-0.0059,-0.0437,1.0315
8087,0.0144,0.0420,0.9163
8088,0.0464,-0.0420,0.9722
8089,0.0503,-0.0068,1.0171
8090,0.0281,0.0603,0.9595
8091,0.0686,0.0654,0.9888
8092,0.0156,-0.0300,1.0081
8093,0.0042,0.0093,0.9194
8094,-0.0178,-0.0176,0.9915
8095,-0.0732,-0.0093,0.9807
8096,-0.0269,0.0466,0.8999
8097,0.0098,-0.0789,0.9897
8098,0.0156,-0.0110,0.9468
8099,0.0776,0.0029,0.9585
8100,0.0537,-0.0093,1.0100
8101,0.0371,0.0613,0.9417
8102,0.0425,-0.0237,1.0042
8103,-0.0203,0.0149,0.9836
8104,-0.0322,0.0125,0.9673
8105,-0.0303,-0.0012,0.9954
8106,-0.0481,0.0085,0.9517
8107,-0.0039,-0.0134,0.9495
8108,0.0339,-0.0229,0.9741
8109,0.0256,0.0178,0.9368
8110,0.0955,0.0481,0.9539
8111,0.0840,-0.0208,0.9875
8112,0.0439,-0.0090,0.9397
8113,0.0081,-0.0295,0.9858
8114,-0.0713,-0.0435,1.0034
8115,-0.0833,0.0325,0.9563
8116,-0.0547,-0.0051,1.0112
8117,0.0090,0.0444,0.9758
8118,0.0664,0.0505,0.9573
8119,0.1077,0.0322,0.9766
8120,0.0522,0.0122,0.9478
8121,0.0144,-0.0291,0.9426
8122,-0.0378,-0.0696,0.9778
8123,-0.0623,-0.0483,0.9446
8124,-0.0181,-0.0017,0.9612
8125,0.0132,-0.0183,0.9995
8126,0.0793,0.0518,0.9634
8127,0.0732,0.0134,0.9868
8128,0.0488,0.0276,0.9915
8129,-0.0068,0.0308,0.9702
8130,-0.0525,0.0542,0.9624
8131,-0.0735,-0.0024,0.9868
8132,-0.0383,-0.0386,0.9495
8133,0.0396,-0.0308,0.9390
8134,0.0823,-0.0676,0.9976
8135,0.0884,0.0046,0.9348
8136,0.0430,-0.0078,0.9553
8137,-0.0129,0.0156,0.9800
8138,-0.0435,0.0107,0.9683
8139,-0.0151,0.0322,0.9927
8140,0.0002,0.0322,0.9983
8141,0.0391,0.0281,0.9736
8142,0.0361,0.0198,0.9597
8143,-0.0134,-0.0378,0.9775
8144,0.0149,-0.0066,0.9429
8145,0.0090,-0.0410,0.9663
8146,-0.0002,0.0078,0.9604
8147,0.0181,0.0100,0.9458
8148,0.0181,-0.0254,0.9634
8149,-0.0024,-0.0151,0.9702
8150,0.0315,0.0352,0.9683
8151,0.0139,0.0046,1.0090
8152,0.0222,0.0320,0.9807
8153,-0.0046,0.0037,0.9749
8154,-0.0073,0.0029,0.9944
8155,0.0081,0.0142,0.9543
8156,0.0173,0.0073,0.9524
8157,0.0591,-0.0039,0.9573
8158,0.0493,-0.0444,0.9504
8159,0.0127,0.0249,0.9417
8160,-0.0034,-0.0286,0.9983
8161,-0.0403,-0.0100,0.9709
8162,-0.0745,0.0381,0.9546
8163,-0.0188,-0.0405,1.0200
8164,0.0295,-0.0049,0.9602
8165,0.0972,0.0447,0.9341
8166,0.1360,0.0242,1.0396
8167,0.0974,0.0168,0.9475
8168,0.0002,0.0293,0.9189
8169,-0.1023,-0.0532,1.0117
8170,-0.1462,0.0022,0.9451
8171,-0.0913,0.0281,0.9407
8172,-0.0146,-0.0740,1.0334
8173,0.0911,-0.0085,0.9224
8174,0.1738,-0.0151,0.9517
8175,0.1338,-0.0059,1.0200
8176,0.1025,0.0952,0.9387
8177,0.0076,0.0505,0.9780
8178,-0.1025,0.0044,1.0054
8179,-0.1030,0.0051,0.9429
8180,-0.1270,-0.0408,0.9749
8181,-0.0645,-0.0312,0.9858
8182,0.0483,-0.0471,0.9475
8183,0.0769,-0.0063,0.9543
8184,0.1528,0.0330,0.9771
8185,0.1257,-0.0195,0.9702
8186,0.0371,0.0583,0.9233
8187,-0.0093,-0.0295,1.0051
8188,-0.0591,0.0132,0.9788
8189,-0.0862,0.0491,0.9614
8190,-0.0237,-0.0017,1.0295
8191,0.0012,-0.0093,0.9641
8192,-0.0037,0.0007,0.9458
8193,0.0322,-0.0137,0.9856
8194,0.0347,-0.0210,0.9531
8195,0.0266,0.0183,0.9377
8196,0.0635,0.0283,0.9771
8197,0.0344,-0.0117,0.9556
8198,0.0200,0.0081,0.9419
8199,0.0117,-0.0630,0.9954
8200,-0.0332,-0.0112,0.9868
8201,-0.0391,0.0195,0.9749
8202,-0.0056,0.0300,1.0149
8203,-0.0120,0.0374,0.9790
8204,0.0312,0.0559,0.9465
8205,0.0491,-0.0195,0.9856
8206,0.0383,0.0156,0.9202
8207,0.0352,-0.0005,0.9409
8208,0.0066,-0.0637,0.9739
8209,-0.0117,-0.0278,0.9377
8210,0.0103,-0.0435,0.9868
8211,0.0088,-0.0159,1.0061
8212,0.0098,0.0266,0.9624
8213,0.0229,0.0198,0.9946
8214,0.0051,0.0334,1.0012
8215,0.0156,0.0972,0.9543
8216,0.0012,0.0295,1.0044
8217,-0.0093,0.0239,0.9409
8218,-0.0068,-0.0369,0.9185
8219,-0.0073,-0.0974,0.9563
8220,0.0127,-0.0806,0.9390
8221,0.0679,-0.0093,0.9536
8222,0.0515,-0.0042,1.0220
8223,0.0554,0.0447,0.9761
8224,0.0056,0.0164,0.9895
8225,-0.0693,0.0371,1.0051
8226,-0.0659,0.0808,0.9731
8227,-0.0105,0.0383,0.9788
8228,0.0425,0.0432,0.9673
8229,0.0776,-0.0195,0.9329
8230,0.0842,-0.0754,0.9475
8231,0.0100,-0.1030,0.9341
8232,-0.0500,-0.0234,0.9338
8233,-0.0381,-0.0278,1.0132
8234,-0.0112,0.0164,0.9673
8235,0.0439,0.0667,0.9651
8236,0.0664,-0.0085,1.0464
8237,0.0503,0.0872,0.9526
8238,0.0164,0.0642,1.0002
8239,-0.0349,0.0376,0.9827
8240,-0.0554,0.0076,0.9451
8241,-0.0232,-0.0762,0.9409
8242,0.0205,-0.0320,0.9504
8243,0.0413,-0.0913,0.9585
8244,0.0862,0.0322,0.9221
8245,0.0532,-0.0591,0.9927
8246,0.0208,0.0193,0.9644
8247,-0.0159,0.0298,0.9856
8248,-0.0403,0.0420,1.0347
8249,-0.0398,0.0833,0.9797
8250,-0.0122,0.0229,0.9868
8251,0.0156,-0.0049,0.9797
8252,0.0327,-0.0339,0.9358
8253,0.0676,-0.0305,0.9565
8254,0.0417,-0.0234,0.9482
8255,0.0266,0.0073,0.9329
8256,0.0015,-0.0398,0.9751
8257,-0.0498,0.0139,0.9614
8258,-0.0251,0.0164,0.9761
8259,0.0034,-0.0015,1.0090
8260,0.0269,0.0266,0.9624
8261,0.0801,0.0393,1.0044
8262,0.0464,-0.0139,1.0002
8263,0.0063,0.0374,0.9331
8264,-0.0266,-0.0237,0.9866
8265,-0.0344,0.0044,0.9546
8266,-0.0208,-0.0039,0.9360
8267,0.0120,-0.0427,0.9890
8268,0.0042,-0.0281,0.9368
8269,0.0381,0.0081,0.9507
8270,0.0457,-0.0081,1.0171
8271,0.0466,0.0725,0.9565
8272,0.0469,-0.0134,0.9963
8273,0.0149,-0.0037,0.9856
8274,-0.0081,0.0198,0.9546
8275,-0.0366,0.0103,0.9788
8276,-0.0381,0.0134,0.9731
8277,-0.0173,-0.0125,0.9595
8278,0.0103,-0.0054,0.9478
8279,0.0115,-0.0476,0.9810
8280,0.0647,-0.0002,0.9565
8281,0.0444,0.0217,0.9683
8282,0.0452,0.0317,0.9797
8283,0.0464,0.0068,0.9778
8284,0.0076,0.0115,0.9543
8285,-0.0088,-0.0156,0.9868
8286,-0.0425,-0.0295,0.9790
8287,-0.0532,0.0400,0.9395
8288,-0.0271,-0.0066,0.9963
8289,0.0176,0.0022,0.9731
8290,0.0627,0.0059,0.9517
8291,0.0806,-0.0256,0.9905
8292,0.0559,0.0032,0.9604
8293,0.0115,0.0293,0.9507
8294,-0.0222,0.0146,0.9868
8295,-0.0110,0.0066,0.9624
8296,-0.0154,-0.0090,0.9583
8297,-0.0010,-0.0234,0.9807
8298,0.0132,-0.0405,0.9670
8299,-0.0034,-0.0098,0.9573
8300,0.0078,0.0161,0.9839
8301,0.0288,0.0483,0.9829
8302,0.0315,0.0190,0.9709
8303,0.0476,0.0518,0.9729
8304,0.0203,-0.0183,0.9788
8305,0.0166,0.0200,0.9592
8306,0.0305,-0.0083,0.9624
8307,-0.0337,-0.0500,0.9653
8308,-0.0203,-0.0110,0.9592
8309,-0.0354,-0.0266,0.9619
8310,-0.0125,0.0515,0.9673
8311,0.0437,-0.0083,0.9983
8312,0.0486,0.0273,0.9438
8313,0.0461,-0.0029,0.9829
8314,0.0527,-0.0127,1.0015
8315,-0.0032,0.0640,0.9397
8316,-0.0034,0.0146,0.9995
8317,-0.0120,-0.0344,0.9897
8318,-0.0339,-0.0063,0.9175
8319,-0.0027,-0.0420,0.9819
Rate 1603, overflows 2
