Sample,X,Y,Z
0,0.0657,0.0635,0.8684
1,0.0774,-0.0210,1.0090
2,0.0991,-0.0203,0.9907
3,0.0505,0.0256,0.8850
4,-0.0234,-0.0081,1.0090
5,-0.0388,-0.0076,0.9846
6,-0.0674,0.0332,0.9263
7,-0.0229,0.0088,1.0327
8,0.0349,0.0022,0.9924
9,0.0625,0.0237,0.9211
10,0.0652,-0.0337,1.0073
11,0.0630,-0.0208,0.9504
12,-0.0027,-0.0073,0.9309
13,-0.0437,0.0112,0.9956
14,-0.0579,0.0427,0.9575
15,-0.0427,0.0117,0.9624
16,0.0276,-0.0149,0.9839
17,0.0579,-0.0583,0.9709
18,0.0784,0.0127,0.9778
19,0.0679,0.0186,0.9976
20,0.0173,0.0706,0.9722
21,-0.0535,0.0310,0.9614
22,-0.0122,0.0032,0.9573
23,-0.0364,-0.0742,0.9612
24,-0.0042,-0.0281,0.9360
25,0.0181,-0.0562,0.9722
26,0.0110,0.0005,0.9761
27,0.0435,0.0317,0.9741
28,0.0437,0.0188,1.0034
29,0.0281,0.0496,0.9849
30,0.0237,0.0322,0.9790
31,0.0208,0.0491,0.9565
32,-0.0322,-0.0334,0.9719
33,-0.0183,0.0083,0.9438
34,-0.0100,-0.0071,0.9624
35,0.0012,-0.0437,0.9624
36,0.0232,-0.0342,0.9524
37,0.0269,-0.0630,0.9651
38,0.0276,0.0278,0.9670
39,0.0254,-0.0042,0.9985
40,0.0168,0.0710,0.9761
41,0.0239,0.0657,1.0002
42,0.0500,0.0654,0.9956
43,-0.0046,0.0203,0.9507
44,-0.0232,-0.0813,0.9641
45,-0.0625,-0.0662,0.9504
46,-0.0518,-0.0066,0.9348
47,-0.0015,0.0327,0.9778
48,0.0732,-0.0134,0.9641
49,0.1331,0.0024,0.9312
50,0.0840,-0.0530,1.0061
51,0.0168,0.0354,0.9873
52,-0.0156,0.0676,0.9749
53,-0.0842,0.0315,1.0178
54,-0.0701,0.0273,0.9641
55,-0.0139,-0.0173,0.9680
56,0.0217,-0.0359,0.9624
57,0.0471,-0.0354,0.9517
58,0.0471,-0.0334,0.9546
59,0.0281,0.0320,0.9426
60,0.0288,0.0190,0.9761
61,0.0623,-0.0017,0.9651
62,0.0112,-0.0303,0.9573
63,0.0042,-0.0073,1.0034
64,-0.0347,0.0122,0.9934
65,-0.0247,0.0920,0.9602
66,0.0144,0.0083,1.0286
67,0.0105,0.0098,0.9690
68,0.0076,0.0093,0.9214
69,0.0168,-0.0796,0.9949
70,0.0193,-0.0183,0.9165
71,0.0317,0.0142,0.9368
72,0.0400,-0.0151,1.0093
73,0.0237,0.0042,0.9360
74,0.0046,-0.0151,0.9583
75,-0.0215,-0.0479,1.0256
76,-0.0137,0.0457,0.9885
77,0.0027,0.0986,0.9934
78,0.0320,0.0557,1.0259
79,0.0295,-0.0002,0.9243
80,0.0295,-0.0034,0.9172
81,0.0183,-0.0598,0.9712
82,-0.0024,-0.0208,0.9272
83,-0.0161,-0.0078,0.9409
84,-0.0261,-0.0640,1.0081
85,-0.0229,-0.0134,0.9497
86,0.0320,0.0159,0.9915
87,0.0640,-0.0068,1.0305
88,0.0852,0.0740,0.9517
89,0.0610,0.0396,0.9976
90,0.0049,0.0757,0.9937
91,-0.0740,0.0588,0.9312
92,-0.0583,-0.0369,0.9761
93,-0.0559,-0.1055,0.9360
94,0.0120,-0.0537,0.9192
95,0.0723,-0.0801,0.9954
96,0.0588,0.0034,0.9556
97,0.0566,0.0454,0.9719
98,0.0356,0.0359,1.0295
99,0.0029,0.0681,0.9595
100,0.0071,0.0457,0.9927
101,-0.0198,0.0083,1.0034
102,-0.0295,0.0498,0.9348
103,0.0637,-0.0439,0.9739
104,-1.3293,-0.2495,1.1128
105,-1.9980,-0.0720,1.0806
106,-1.9980,-0.1045,1.4565
107,-1.9978,-0.2551,1.4241
108,-1.9978,0.2979,0.7595
109,-1.9978,-0.5637,0.9387
110,-1.1562,-0.1628,0.6069
111,1.9998,0.5884,0.1179
112,1.9998,0.1912,0.6604
113,1.9998,0.0723,0.1816
114,1.9998,0.3113,0.0825
115,1.9998,-0.7329,1.7605
116,0.4368,-0.0691,1.7056
117,-1.9978,0.3062,1.8311
118,-1.9980,0.0535,1.9998
119,-1.9978,0.5806,1.1799
120,-1.9978,0.3931,0.7512
121,-0.9146,0.5166,1.0598
122,0.8865,0.7080,-0.0322
123,0.0930,-0.1919,-0.1985
124,-1.9968,-1.2834,0.0371
125,-1.9980,-1.1489,-0.1211
126,-1.9978,-1.2659,0.8850
127,-1.9980,-0.9849,1.8208
128,0.4443,-0.4448,1.9841
129,1.9998,0.5747,1.9998
130,1.9998,1.4204,1.9998
131,1.9998,1.9980,1.8159
132,1.3335,1.8591,0.8325
133,-1.5457,1.0103,-0.3457
134,-1.9980,-0.3115,-1.1736
135,-1.9980,-1.2993,-1.1462
136,-1.1340,-1.9363,-0.3152
137,0.8767,-2.0000,0.6936
138,1.7742,-1.8997,1.5598
139,1.2163,-0.9819,1.9998
140,-0.3408,0.6641,1.9998
141,-1.7781,1.8176,1.9998
142,-1.9978,1.9983,1.9998
143,-1.4377,1.9980,1.1733
144,0.9036,1.6465,0.0439
145,1.9998,0.3845,-1.0232
146,1.9998,-1.2979,-1.4851
147,1.9998,-2.0000,-1.2515
148,1.9998,-2.0000,-0.4409
149,0.2578,-2.0000,0.8909
150,-1.9001,-0.9954,1.9795
151,-1.9980,0.6775,1.9998
152,-1.9978,1.7366,1.9998
153,-1.9978,1.9983,1.9998
154,-0.8267,1.9983,1.9998
155,0.4407,1.5972,1.0100
156,0.7966,0.1526,-0.0215
157,0.5701,-1.4250,-1.0278
158,0.2249,-2.0000,-1.4116
159,0.2368,-2.0000,-1.1033
160,0.7839,-1.8713,-0.4302
161,1.4763,-0.8923,0.9348
162,1.7690,0.8035,1.9294
163,1.0942,1.9980,1.9998
164,-0.1875,1.9983,1.9998
165,-1.4587,1.9980,1.9998
166,-1.9978,1.6235,1.9358
167,-1.9978,-0.0237,1.1858
168,-1.8179,-1.5637,0.0488
169,-0.4749,-2.0000,-0.6023
170,1.0054,-2.0000,-0.6589
171,1.8364,-2.0000,-0.5964
172,1.9614,-0.8677,0.0513
173,1.5073,0.4822,1.0874
174,0.8064,1.8850,1.4778
175,0.0896,1.9983,1.9998
176,-0.3477,1.9983,1.9998
177,-0.3665,1.7244,1.9302
178,-0.3274,0.3828,1.5171
179,-0.3704,-1.1924,1.0151
180,-0.5188,-2.0000,0.2654
181,-0.6448,-2.0000,0.0227
182,-0.5747,-2.0000,0.1047
183,-0.2231,-1.0676,0.1829
184,0.1177,0.1917,0.7251
185,0.4272,1.4148,1.1753
186,0.6714,1.9980,1.3882
187,0.7222,1.9980,1.6919
188,0.5720,1.5884,1.5686
189,0.3250,0.5747,1.3030
190,0.1140,-0.6108,1.0366
191,-0.1001,-1.3635,0.7004
192,-0.3508,-1.7158,0.5483
193,-0.5366,-1.5022,0.5676
194,-0.6040,-0.9417,0.6643
195,-0.6157,-0.1089,0.8499
196,-0.4683,0.6450,1.0901
197,-0.1008,1.1287,1.2085
198,0.2495,1.2322,1.2329
199,0.5127,1.0007,1.2456
200,0.6423,0.4016,1.1750
201,0.5811,-0.3274,0.9622
202,0.4470,-0.7795,0.7834
203,0.2290,-0.9604,0.7710
204,-0.0205,-0.6311,0.6750
205,-0.2263,-0.1550,0.8237
206,-0.5745,0.2654,1.0288
207,-0.7446,0.6011,1.0256
208,-0.6790,0.4607,1.1763
209,-0.4438,0.2505,1.1145
210,0.0439,0.0569,0.9888
211,0.5925,-0.2854,1.0579
212,0.9331,-0.1804,0.8452
213,0.8005,-0.1965,0.8381
214,0.5066,-0.2146,0.8772
215,0.0374,-0.1597,0.8167
216,-0.3364,0.0278,0.9436
217,-0.4202,0.2341,1.1245
218,-0.3149,0.2925,1.1145
219,-0.2061,0.3264,1.1089
220,-0.1379,0.0886,1.1528
221,-0.1526,-0.1653,1.0071
222,-0.1702,-0.3413,0.8501
223,-0.1235,-0.3706,0.8442
224,0.0771,-0.1780,0.7261
225,0.3726,0.0896,0.7241
226,0.5942,0.1577,0.8853
227,0.5776,0.2961,0.9233
228,0.3005,0.2583,1.0911
229,-0.1162,0.1943,1.2561
230,-0.4866,0.1816,1.2378
231,-0.6997,-0.0298,1.2297
232,-0.6245,-0.1711,1.1174
233,-0.2710,-0.2756,0.8967
234,0.1118,-0.2593,0.7729
235,0.3860,-0.2585,0.7385
236,0.5857,-0.1318,0.6526
237,0.5903,-0.0869,0.7476
238,0.4158,-0.0168,0.8899
239,0.1904,0.1772,0.9983
240,-0.0703,0.2725,1.1467
241,-0.3030,0.3679,1.2183
242,-0.5200,0.2896,1.2385
243,-0.5696,0.2683,1.1206
244,-0.4622,0.0410,1.1089
245,-0.2368,-0.2029,0.9221
246,0.0786,-0.2637,0.7349
247,0.3755,-0.4351,0.8208
248,0.6140,-0.3225,0.7131
249,0.5750,-0.2354,0.8274
250,0.4077,-0.1743,1.0210
251,0.1838,0.0256,1.0090
252,-0.0171,0.2300,1.1184
253,-0.1907,0.3987,1.2134
254,-0.2236,0.5459,1.0598
255,-0.2300,0.3813,1.0637
256,-0.2866,0.1929,0.9915
257,-0.2991,0.0649,0.8110
258,-0.2122,-0.2700,0.8530
259,-0.1479,-0.5217,0.7913
260,-0.0308,-0.4944,0.7405
261,0.1287,-0.4426,0.9846
262,0.2336,-0.1582,1.0386
263,0.3015,0.1731,1.0637
264,0.2366,0.2275,1.2747
265,0.2134,0.3909,1.1235
266,0.1672,0.3997,1.0718
267,0.1030,0.2114,1.0542
268,0.0491,0.1350,0.8120
269,0.0120,-0.0991,0.7759
270,-0.1077,-0.1250,0.7788
271,-0.3108,-0.2190,0.7544
272,-0.3618,-0.2307,0.8596
273,-0.3569,-0.2903,0.9895
274,-0.2070,-0.0867,1.0308
275,0.1174,0.0520,1.1812
276,0.3882,0.1741,1.2319
277,0.4426,0.3098,1.1226
278,0.3484,0.1851,1.1506
279,0.1301,-0.0034,1.0044
280,-0.0801,-0.0566,0.7854
281,-0.2134,-0.2734,0.8284
282,-0.1509,-0.1897,0.7249
283,-0.0129,-0.0613,0.7034
284,0.0503,-0.0305,0.9260
285,0.0281,0.1162,0.9231
286,-0.0850,0.1772,1.0540
287,-0.2051,0.1558,1.2004
288,-0.2463,0.2209,1.1255
289,-0.1177,0.1221,1.1733
290,0.1401,-0.0300,1.1021
291,0.2871,-0.0869,0.9214
292,0.3394,-0.2822,0.9165
293,0.2544,-0.2856,0.8237
294,0.1060,-0.2559,0.7720
295,-0.0388,-0.1089,0.8511
296,-0.1208,0.0300,0.9104
297,-0.0332,0.3027,0.9475
298,0.0452,0.3289,1.0796
299,-0.0312,0.3547,1.0615
300,-0.1318,0.2263,1.0474
301,-0.2026,-0.0515,1.1223
302,-0.2507,-0.1152,0.9434
303,-0.1189,-0.2583,0.9504
304,0.1113,-0.3574,0.9497
305,0.3374,-0.1770,0.7798
306,0.3984,-0.1143,0.9556
307,0.2915,-0.0017,0.9937
308,0.0740,0.1343,0.9194
309,-0.0959,0.1240,1.0627
310,-0.1851,0.1670,1.0540
311,-0.0662,0.2061,0.9771
312,0.0359,0.1152,1.0356
313,0.0618,-0.0015,0.9875
314,0.0469,-0.0645,0.8811
315,-0.0476,-0.1025,0.9399
316,-0.1863,-0.1021,0.9387
317,-0.1550,0.0134,0.8918
318,-0.0593,-0.0068,0.9722
319,0.0308,0.0164,0.9546
320,0.0640,0.0122,0.9329
321,0.0291,-0.0632,1.0500
322,0.0051,-0.0713,1.0081
323,0.0188,-0.0696,0.9895
324,0.0088,-0.1135,1.0493
325,0.1492,0.1108,0.9456
326,0.2417,0.1453,0.9644
327,0.1909,0.1638,0.9761
328,0.0901,0.1345,0.8911
329,-0.1038,0.0510,0.9438
330,-0.2021,0.0190,0.9602
331,-0.1802,-0.0747,0.9426
332,-0.1045,-0.1208,0.9487
333,0.0063,-0.2407,0.9751
334,0.0649,-0.1440,0.9292
335,0.0327,-0.0813,1.0237
336,-0.0166,-0.0022,1.0647
337,-0.0574,0.1726,0.9399
338,-0.0251,0.1199,1.0601
339,0.0925,0.1938,0.9680
340,0.2087,0.2246,0.9006
341,0.1948,0.0356,1.0093
342,0.1562,0.0503,0.9116
343,0.0378,-0.0959,0.9194
344,-0.0864,-0.2427,0.9795
345,-0.1257,-0.2798,0.9104
346,-0.0703,-0.1343,0.9163
347,0.0110,-0.0234,1.0161
348,0.0376,0.1106,0.9536
349,-0.0076,0.1836,0.9651
350,-0.1018,0.0537,1.0891
351,-0.1255,0.0847,0.9827
352,-0.1221,0.0515,1.0002
353,-0.0339,-0.0752,1.0627
354,0.1167,-0.0125,0.9124
355,0.1543,-0.0090,0.9436
356,0.1719,-0.0127,1.0142
357,0.1650,0.0789,0.8967
358,0.0801,0.0642,0.9077
359,0.0559,-0.0027,0.9456
360,0.0759,-0.0330,0.8899
361,0.0920,0.0325,0.8860
362,0.0457,-0.0823,1.0129
363,-0.1143,-0.1011,1.0229
364,-0.2651,-0.0049,0.9504
365,-0.3438,-0.1841,1.1587
366,-0.3247,-0.1038,1.0247
367,-0.0598,0.1384,0.9514
368,0.2117,0.0652,1.1233
369,0.4438,0.2971,0.8843
370,0.4419,0.2537,0.9351
371,0.2886,0.0828,0.9937
372,0.0789,-0.0056,0.8062
373,-0.1519,-0.2358,0.8696
374,-0.2168,-0.2214,0.9182
375,-0.1394,-0.1790,0.8762
376,-0.0420,-0.1187,1.0122
377,0.0095,0.0088,1.0491
378,-0.0005,0.1121,1.0601
379,-0.0964,0.0886,1.1226
380,-0.1184,0.1218,1.0327
381,-0.0847,0.0872,1.0364
382,0.0884,0.0332,0.9897
383,0.2449,0.0972,0.8782
384,0.2878,-0.0588,0.9485
385,0.2041,-0.0713,0.8745
386,0.0388,-0.0981,0.8228
387,-0.1602,-0.1357,0.9458
388,-0.2434,0.0151,0.8862
389,-0.1946,0.0979,0.9370
390,-0.0935,0.0085,1.0793
391,0.0659,0.0737,0.9946
392,0.1448,0.0667,1.0803
393,0.0652,0.0100,1.1565
394,0.0024,-0.0259,0.9712
395,-0.0667,-0.1509,1.0229
396,-0.0986,-0.1855,0.9644
397,0.0608,0.0745,0.8606
398,0.1580,0.0396,0.9595
399,0.1926,0.2395,0.8628
400,0.0906,0.0774,0.9163
401,-0.0371,0.1118,0.8987
402,-0.1868,-0.0359,0.9458
403,-0.1729,-0.0962,0.9849
404,-0.0620,-0.0845,0.9624
405,0.0903,-0.1191,1.0474
406,0.1392,-0.0889,1.0669
407,0.1284,0.0381,0.9858
408,0.0828,-0.0352,1.0933
409,-0.0361,-0.0659,0.9731
410,-0.0244,0.1475,0.8879
411,0.0203,0.0151,1.0491
412,0.1042,0.1892,0.8208
413,0.0583,0.1223,0.8889
414,-0.0396,-0.0859,1.0005
415,-0.1345,0.0081,0.8335
416,-0.2229,-0.1299,0.9849
417,-0.1892,-0.0054,1.0647
418,-0.0264,0.1177,0.9485
419,0.1589,0.0664,1.0845
420,0.2246,-0.0071,1.0471
421,0.2485,0.0569,0.9312
422,0.1038,-0.1511,1.0891
423,0.0095,-0.0791,0.9094
424,-0.0974,-0.1440,0.9009
425,-0.1265,-0.1780,0.9651
426,-0.0200,0.0354,0.8352
427,-0.0156,0.0222,0.9495
428,-0.0129,0.1731,0.9771
429,-0.0154,0.1472,0.9653
430,-0.1160,0.1516,0.9937
431,-0.0964,0.1565,1.0325
432,0.0259,0.0291,1.0093
433,0.1272,-0.0305,0.9546
434,0.2212,-0.1680,0.9741
435,0.2500,-0.1741,0.9797
436,0.1450,-0.1216,0.9541
437,0.0752,-0.1121,0.9729
438,-0.0461,-0.1309,0.9604
439,-0.1091,-0.0042,0.8813
440,-0.1008,0.0884,0.9797
441,-0.1157,0.2083,1.0227
442,-0.1218,0.4028,0.9387
443,-0.1526,0.2085,1.0842
444,-0.1816,0.0725,0.9856
445,-0.1418,-0.0010,0.8989
446,0.0198,-0.2463,1.0471
447,0.2031,-0.1831,0.8872
448,0.3538,-0.1174,0.8694
449,0.3464,-0.1860,1.0530
450,0.2180,-0.0645,0.8792
451,0.0366,-0.0645,0.9468
452,-0.1306,-0.0923,1.0757
453,-0.1716,0.1602,0.8899
454,-0.0901,0.1333,1.0100
455,-0.0647,0.1033,1.0630
456,-0.0713,0.2214,0.8940
457,-0.0986,0.0664,1.0520
458,-0.1919,-0.0120,1.0237
459,-0.1826,0.0603,0.8713
460,-0.1309,-0.0774,1.0308
461,0.0525,-0.0806,0.9136
462,0.2986,-0.0620,0.8596
463,0.3796,-0.1121,0.9963
464,0.3601,-0.0242,0.9348
465,0.2471,-0.0083,0.9182
466,0.0173,-0.0781,1.0142
467,-0.1201,-0.0408,0.9565
468,-0.1685,0.0217,0.9788
469,-0.1743,0.1172,1.0442
470,-0.1777,0.1343,0.9995
471,-0.2273,0.0850,0.9885
472,-0.2278,0.0039,1.0229
473,-0.2039,0.0269,0.9976
474,-0.0923,0.0457,0.9663
475,0.1553,0.0283,0.9243
476,0.3257,-0.0815,0.9272
477,0.3894,-0.0383,0.8762
478,0.3655,-0.0496,0.9202
479,0.1719,-0.2031,1.0032
480,-0.0022,-0.0161,0.8401
481,-0.1501,-0.0894,1.0542
482,-0.1467,0.0276,1.0132
483,-0.0967,0.1724,0.9319
484,-0.1179,-0.0168,1.1477
485,-0.1790,0.0906,0.9644
486,-0.2666,0.0449,1.0005
487,-0.2534,0.0239,1.0715
488,-0.1775,0.1250,0.8665
489,0.0593,0.0168,0.9485
490,0.3901,-0.0349,0.9272
491,0.5291,-0.0300,0.8274
492,0.4578,-0.1584,0.9456
493,0.2874,-0.0974,0.9331
494,0.0166,-0.1262,0.9231
495,-0.1660,-0.0415,1.0090
496,-0.2014,-0.0400,1.0327
497,-0.0994,0.0986,1.0129
498,-0.0415,0.0952,1.0715
499,-0.1191,0.1069,1.0591
500,-0.2437,0.1597,1.0022
501,-0.3577,0.0928,1.0327
502,-0.3599,0.1079,0.9553
503,-0.1797,0.0471,0.8840
504,0.2017,-0.0144,0.8853
505,0.5066,-0.1279,0.8440
506,0.5984,-0.1565,0.8831
507,0.5181,-0.1606,0.9146
508,0.2649,-0.0955,0.9800
509,-0.0154,-0.0503,1.0093
510,-0.1790,0.1038,1.0344
511,-0.2732,0.0447,1.1008
512,-0.2068,0.1724,0.9849
513,-0.1763,-0.0220,1.0627
514,-0.2495,-0.0437,0.9778
515,-0.2532,-0.0564,0.9546
516,-0.2549,-0.0791,0.9949
517,-0.2163,0.0811,0.8665
518,0.0200,0.0847,0.9172
519,0.3193,0.0881,0.9458
520,0.5144,0.1550,0.8840
521,0.5837,0.0144,1.0071
522,0.4612,0.0017,0.9631
523,0.2458,-0.0776,0.9534
524,0.0046,-0.1252,1.0286
525,-0.2180,-0.0906,0.9595
526,-0.2786,-0.0264,0.9927
527,-0.3296,-0.0295,1.0012
528,-0.3628,0.0649,0.9719
529,-0.3225,0.0366,1.0356
530,-0.2512,0.0999,0.9917
531,-0.1331,0.0981,0.9771
532,0.0300,0.0186,0.9651
533,0.2720,0.0430,0.9155
534,0.3638,-0.1216,0.9614
535,0.3645,-0.0493,0.9194
536,0.3352,-0.0706,0.9319
537,0.2468,-0.1243,0.9651
538,0.1167,0.0283,0.8999
539,0.0559,-0.0129,0.9907
540,0.0039,0.0374,0.9946
541,-0.1108,0.0959,0.9436
542,-0.2896,0.0491,1.0500
543,-0.4771,0.0312,1.0071
544,-0.5083,0.0361,0.9973
545,-0.4426,-0.0410,1.0552
546,-0.1709,0.0417,0.9380
547,0.2297,-0.0239,0.9612
548,0.5337,-0.0266,0.9341
549,0.6189,0.0491,0.9036
550,0.4666,-0.0300,0.9592
551,0.2827,0.0127,0.9104
552,0.0374,-0.0823,0.9292
553,-0.0420,-0.0381,0.9534
554,-0.0452,-0.0454,0.9751
555,-0.0593,-0.0156,0.9780
556,-0.1736,0.0618,1.0073
557,-0.3608,0.0244,1.0383
558,-0.4702,0.0449,1.0559
559,-0.4602,0.0327,0.9956
560,-0.2549,0.0547,1.0239
561,0.0659,0.0483,0.9690
562,0.4092,0.0774,0.9045
563,0.5161,-0.0303,0.9546
564,0.5144,-0.0398,0.8958
565,0.3638,-0.1396,0.9116
566,0.2014,-0.1443,0.9231
567,0.1138,-0.0527,0.9302
568,0.0430,0.0366,0.9573
569,-0.0105,0.1060,0.9985
570,-0.1575,0.0852,0.9907
571,-0.3511,0.1277,1.0227
572,-0.5083,0.0327,1.0735
573,-0.5344,0.0298,1.0337
574,-0.3845,0.0269,0.9915
575,-0.0869,-0.0488,1.0044
576,0.2827,-0.0557,0.9067
577,0.5044,-0.0876,0.9028
578,0.5088,-0.1484,0.9341
579,0.4214,-0.0225,0.8667
580,0.2539,-0.0625,0.9436
581,0.0728,0.0613,0.9556
582,0.0625,0.1355,0.9280
583,0.0435,0.0813,1.0247
584,-0.0591,0.0801,0.9827
585,-0.2446,0.0508,1.0229
586,-0.4924,-0.0457,1.0562
587,-0.6030,0.0149,0.9993
588,-0.5288,-0.0435,1.0247
589,-0.2864,0.0061,0.9839
590,0.1267,-0.0122,0.9290
591,0.4868,-0.0471,0.9390
592,0.6050,-0.0637,0.9087
593,0.5513,-0.0122,0.9116
594,0.3687,-0.0222,0.9556
595,0.1362,0.0127,0.9429
596,-0.0176,0.0481,0.9290
597,-0.0676,0.0237,0.9836
598,-0.0728,0.0425,0.9937
599,-0.1616,0.1042,0.9553
600,-0.3354,0.0244,1.0647
601,-0.4272,-0.0566,1.0149
602,-0.3875,0.0085,0.9497
603,-0.2656,-0.1226,1.0620
604,0.0552,-0.0308,0.9348
605,0.2961,-0.0056,0.8977
606,0.4167,-0.0222,1.0032
607,0.4070,0.0269,0.9143
608,0.3264,-0.0286,0.9106
609,0.2314,-0.0261,0.9819
610,0.1582,0.0669,0.8977
611,0.1523,0.1226,0.9534
612,0.0413,0.0396,0.9866
613,-0.1873,0.0520,0.9556
614,-0.3755,-0.0200,1.0237
615,-0.4983,-0.0566,1.0610
616,-0.4758,-0.0083,1.0073
617,-0.3306,-0.0010,1.0471
618,-0.0791,0.0239,1.0044
619,0.2261,-0.0295,0.9231
620,0.3979,-0.1001,0.9272
621,0.3882,-0.1028,0.8960
622,0.3691,-0.0278,0.8677
623,0.2656,-0.0798,0.9495
624,0.1226,0.0549,0.8987
625,0.0378,0.0806,0.9504
626,-0.0054,0.1128,1.0579
627,-0.1150,0.2302,0.9907
628,-0.2363,0.1487,1.0784
629,-0.3704,-0.0034,1.1040
630,-0.4172,-0.0356,0.9341
631,-0.2375,-0.0806,1.0210
632,-0.0593,-0.1504,0.9653
633,0.2805,-0.0664,0.8157
634,0.4490,-0.2693,0.9797
635,0.3784,-0.0083,0.8530
636,0.2371,-0.0010,0.9263
637,0.1135,-0.0020,1.0422
638,-0.0027,0.2380,0.8999
639,0.0176,0.0779,1.0667
640,0.0747,0.1143,1.0208
641,0.0417,0.1650,0.8853
642,-0.1221,0.0239,1.0745
643,-0.3352,0.0117,0.9907
644,-0.3901,-0.0103,0.9065
645,-0.3853,-0.1838,1.0686
646,-0.1787,-0.1331,0.8967
647,0.1553,-0.1086,0.9133
648,0.4028,-0.1348,1.0073
649,0.4409,0.0549,0.9058
650,0.2825,0.0251,0.9973
651,0.0913,0.0901,1.0239
652,-0.0559,0.1060,0.9390
653,-0.0891,0.0974,0.9990
654,0.0425,0.1272,0.9712
655,0.1223,0.0969,0.9348
656,0.0244,0.0391,0.9575
657,-0.1328,-0.0879,0.9907
658,-0.2808,-0.1206,0.9497
659,-0.3989,-0.0903,0.9817
660,-0.3271,-0.1245,1.0034
661,-0.0564,-0.0679,0.9272
662,0.2268,-0.0718,0.9543
663,0.3701,-0.0107,0.9985
664,0.3826,0.0605,0.9495
665,0.2939,0.0430,0.9846
666,0.1328,0.0840,1.0015
667,0.0286,0.1267,0.9614
668,0.0293,0.1021,0.9966
669,0.0513,0.0911,0.9468
670,-0.0347,0.0188,0.9673
671,-0.1467,-0.0508,0.9624
672,-0.2524,-0.0791,0.9866
673,-0.3032,-0.0723,0.9456
674,-0.1931,-0.0999,0.9592
675,-0.0178,-0.1125,0.9595
676,0.2053,0.0232,0.9055
677,0.2783,-0.0222,1.0269
678,0.2329,0.0198,0.9731
679,0.1104,0.0369,0.9663
680,-0.0493,-0.0488,1.0471
681,-0.1199,0.1218,0.9478
682,-0.0051,0.1726,1.0005
683,0.1511,0.1167,1.0120
684,0.1885,0.1238,0.8918
685,0.0420,-0.0527,0.9546
686,-0.1509,-0.1169,0.9729
687,-0.2937,-0.1003,0.8794
688,-0.3589,-0.1577,0.9771
689,-0.2019,-0.1082,0.9907
690,0.0803,0.0283,0.9241
691,0.3044,0.0586,1.0286
692,0.2925,-0.0229,1.0190
693,0.2039,0.0732,0.9211
694,0.0374,-0.0188,1.0532
695,-0.0969,0.0244,1.0122
696,-0.0579,0.1453,0.8892
697,0.0667,0.0530,1.0061
698,0.1743,0.0339,0.9243
699,0.1458,0.0237,0.8860
700,-0.0161,-0.0698,1.0278
701,-0.1440,-0.0330,0.9612
702,-0.2595,-0.0117,0.9663
703,-0.2437,-0.0029,1.0315
704,-0.0212,0.0562,0.9573
705,0.1489,-0.0232,0.9780
706,0.2097,-0.0142,0.9709
707,0.2004,-0.0596,0.9614
708,0.0806,-0.1196,0.9897
709,-0.0352,-0.0186,0.9292
710,-0.0745,-0.0242,0.9976
711,-0.0398,0.0325,0.9583
712,0.0662,0.1792,0.9241
713,0.0645,0.0410,1.0383
714,0.0085,0.1248,0.9290
715,-0.0425,0.0266,0.9524
716,-0.1182,-0.0535,1.0510
717,-0.0925,0.0100,0.8772
718,0.0112,-0.0977,0.9690
719,0.0901,-0.1624,0.9670
720,0.1326,0.0139,0.8782
721,0.1289,-0.0833,1.0598
722,0.0024,0.0447,1.0005
723,-0.0366,0.0503,0.9456
724,-0.0713,-0.0208,1.0803
725,-0.0073,0.0815,0.9507
726,0.1082,0.1194,0.9402
727,0.0649,-0.0042,1.0327
728,0.0359,0.0979,0.8840
729,-0.0383,0.0051,0.9497
730,-0.1672,-0.1074,1.0161
731,-0.1355,-0.0544,0.8538
732,-0.0237,-0.0459,0.9341
733,0.0117,-0.0352,1.0237
734,0.1379,0.1030,0.8850
735,0.0833,-0.0298,1.0483
736,-0.0034,-0.0371,1.0208
737,-0.0381,0.0369,0.9419
738,-0.1086,-0.0945,1.0708
739,-0.0178,0.0332,0.9546
740,0.1135,-0.0078,0.9731
741,0.1299,0.0708,0.9731
742,0.1057,0.1265,0.9387
743,0.0420,-0.0388,0.9836
744,-0.0830,0.0510,0.9055
745,-0.1157,-0.0610,0.9778
746,-0.0203,-0.0342,0.9480
747,0.0525,0.0337,0.8987
748,0.1270,-0.0154,1.0212
749,0.0903,0.0596,0.9543
750,-0.0144,0.0376,0.9856
751,-0.1155,-0.0225,1.0503
752,-0.1292,-0.0276,0.9468
753,-0.0532,-0.1409,1.0022
754,0.0964,-0.1016,0.9858
755,0.2327,0.0420,0.9075
756,0.1729,0.0347,1.0161
757,0.0273,0.1765,0.9644
758,-0.1128,0.0947,0.9429
759,-0.2051,-0.0312,1.0120
760,-0.1365,0.0095,0.9182
761,0.0581,0.0620,0.9253
762,0.2061,-0.0540,1.0142
763,0.2759,0.0549,0.8735
764,0.1118,-0.0645,1.0005
765,-0.1318,-0.0779,1.0317
766,-0.2681,0.0132,0.9260
767,-0.3523,-0.1538,1.0615
768,-0.2336,-0.0615,0.9634
769,0.0286,0.0081,0.9390
770,0.1702,0.0344,1.0442
771,0.2356,0.2029,0.9331
772,0.1428,0.0830,0.9895
773,-0.0110,0.0559,0.9702
774,-0.0300,-0.0527,0.9116
775,0.1013,-0.1003,0.9551
776,0.2061,-0.0073,0.9153
777,0.3025,-0.0081,0.9641
778,0.2271,-0.0220,0.9985
779,0.0208,0.0264,0.9653
780,-0.1812,-0.0498,1.0422
781,-0.3899,0.0076,0.9888
782,-0.3914,-0.0522,0.9897
783,-0.2222,-0.0732,0.9924
784,-0.0693,0.0691,0.9106
785,0.0557,0.0869,1.0081
786,0.1069,0.0525,0.9829
787,0.1230,0.0117,0.8928
788,0.0732,-0.1292,0.9719
789,0.0815,-0.0410,0.9185
790,0.2256,0.0706,0.9065
791,0.2539,-0.0122,1.0146
792,0.2004,0.1365,0.9546
793,0.1157,0.0076,1.0015
794,-0.0569,-0.0093,1.0461
795,-0.2268,-0.0891,0.9634
796,-0.3013,-0.0549,0.9817
797,-0.2158,-0.0393,0.9995
798,-0.1082,0.0537,0.9436
799,-0.0222,0.0259,0.9866
800,0.0479,0.0054,0.9790
801,0.0676,0.0103,0.9417
802,0.0710,0.0237,0.9771
803,0.1699,0.0488,0.9573
804,0.2380,0.0803,0.9329
805,0.2759,0.0361,0.9429
806,0.2024,-0.0017,0.9731
807,0.0601,-0.0439,0.9192
808,-0.0989,-0.0930,0.9897
809,-0.2646,-0.1626,0.9800
810,-0.2571,-0.0312,0.9448
811,-0.1616,-0.1392,1.0288
812,-0.0334,0.0544,0.9604
813,0.0156,0.1145,1.0200
814,0.0208,0.1663,1.0598
815,-0.0278,0.2095,0.9905
816,-0.0713,0.0596,0.9829
817,-0.0093,-0.0415,0.9456
818,0.1609,-0.0608,0.8704
819,0.3357,-0.0779,0.9192
820,0.3423,-0.0549,0.8940
821,0.2358,-0.0259,0.9211
822,0.0388,-0.0769,0.9927
823,-0.2302,-0.0764,0.9583
824,-0.2942,-0.0676,1.0190
825,-0.1968,-0.0366,1.0422
826,-0.0667,0.1396,0.9976
827,0.0347,0.1387,1.0901
828,0.0500,0.1604,1.0129
829,-0.0173,0.0837,0.9829
830,-0.1279,-0.0813,1.0022
831,-0.1467,-0.0325,0.8616
832,0.0129,-0.0659,0.8801
833,0.1919,-0.0933,0.8960
834,0.3347,0.0574,0.8401
835,0.3540,-0.0393,0.9575
836,0.2249,-0.0225,0.9817
837,-0.0256,-0.0906,0.9897
838,-0.1711,0.0039,1.0562
839,-0.2720,-0.0386,1.0530
840,-0.2202,0.0852,1.0276
841,-0.1472,0.0249,1.0471
842,-0.0879,0.1160,0.9976
843,-0.1201,0.0168,0.9827
844,-0.1377,0.0115,0.9055
845,-0.1311,-0.0476,0.9146
846,0.0432,-0.0505,0.8860
847,0.3015,0.0579,0.8586
848,0.4585,-0.0288,0.9526
849,0.4868,0.0603,0.9458
850,0.3445,-0.0540,0.9758
851,0.0923,-0.0505,1.0747
852,-0.1138,-0.0366,1.0208
853,-0.1855,0.0015,1.0386
854,-0.1958,-0.0432,1.0627
855,-0.1384,0.1042,0.9067
856,-0.1516,0.0042,1.0220
857,-0.2017,0.0669,0.9573
858,-0.2905,0.0833,0.8918
859,-0.2554,-0.0503,0.9729
860,-0.1343,-0.0190,0.8850
861,0.0598,-0.0168,0.8616
862,0.3735,-0.0085,0.9932
863,0.4890,-0.0154,0.9299
864,0.4409,0.0081,0.9526
865,0.2644,-0.0852,1.0881
866,0.0176,0.0173,0.9817
867,-0.1467,-0.0190,1.0386
868,-0.1604,0.0012,1.0132
869,-0.1528,0.0579,0.9282
870,-0.0598,0.0662,0.9692
871,-0.1489,0.0312,0.9690
872,-0.2461,0.0398,0.9006
873,-0.2737,-0.0913,0.9907
874,-0.2185,-0.0220,0.9165
875,0.0085,0.0374,0.9543
876,0.3025,-0.0200,1.0383
877,0.4751,0.0969,0.9155
878,0.4529,0.0212,1.0188
879,0.3328,-0.0520,1.0520
880,0.1230,0.0200,0.8625
881,-0.0747,-0.1394,1.0452
882,-0.1482,-0.0022,0.9397
883,-0.1758,0.1011,0.8726
884,-0.1533,-0.0596,1.0415
885,-0.2046,0.0247,0.8948
886,-0.2681,0.0168,0.9426
887,-0.2400,-0.0327,1.1118
888,-0.2114,0.0425,0.9573
889,0.0073,0.0889,0.9878
890,0.2427,-0.0063,1.0601
891,0.3884,0.1118,0.8977
892,0.3923,-0.0679,0.9475
893,0.2710,-0.0842,0.9763
894,0.1001,-0.1199,0.8735
895,-0.0625,-0.0327,0.9185
896,-0.0955,-0.0784,0.9797
897,-0.0308,-0.0266,0.8960
898,0.0054,0.0508,0.9448
899,-0.1038,-0.0098,1.0737
900,-0.1707,0.1951,0.9719
901,-0.3054,0.1035,1.0891
902,-0.2715,0.0981,1.0852
903,-0.1609,0.0361,0.9851
904,0.0723,-0.0164,0.9751
905,0.2803,-0.0540,0.9797
906,0.2976,-0.0657,0.8394
907,0.2644,-0.0657,0.9104
908,0.1167,-0.1699,0.9485
909,0.0237,0.0513,0.8188
910,-0.0071,-0.1245,1.0151
911,0.0259,0.0085,0.9351
912,0.0752,0.0996,0.9329
913,0.0552,0.0261,1.1255
914,-0.1011,0.1445,1.0237
915,-0.2461,0.0657,1.0149
916,-0.2856,-0.0344,1.1155
917,-0.2461,0.0564,0.9358
918,-0.0137,0.0806,0.9250
919,0.1792,-0.0825,1.0120
920,0.3032,-0.0200,0.7896
921,0.2859,-0.0403,0.9124
922,0.1553,-0.1440,0.9788
923,0.0818,-0.0298,0.8452
924,0.0215,-0.1021,0.9778
925,0.0500,0.0090,1.0044
926,0.1121,0.0583,0.9595
927,0.0615,0.0645,1.0483
928,-0.0940,0.0728,1.0520
929,-0.3005,0.0696,1.0317
930,-0.3918,0.1052,1.0337
931,-0.3208,0.0544,0.9915
932,-0.1340,-0.0132,0.9556
933,0.1746,-0.0017,0.8811
934,0.3804,-0.0671,0.9165
935,0.3484,-0.1047,0.8938
936,0.2410,-0.0500,0.8879
937,0.0608,-0.0928,0.9878
938,-0.0278,-0.0317,0.9670
939,-0.0095,0.0359,0.9712
940,0.0664,0.0220,1.0374
941,0.1040,0.0925,1.0073
942,0.0027,0.1089,0.9895
943,-0.1958,0.0857,1.0510
944,-0.3420,0.0012,1.0171
945,-0.3877,0.0403,0.9084
946,-0.2800,-0.0513,1.0063
947,0.0305,-0.0457,0.9272
948,0.2983,0.0039,0.8525
949,0.3706,-0.1038,0.9868
950,0.3611,-0.0603,0.9377
951,0.2297,0.0029,0.8999
952,0.0786,-0.0737,1.0581
953,0.0454,0.0261,0.9692
954,0.0693,0.1133,0.9387
955,0.0864,0.1096,1.0708
956,-0.0271,0.0811,0.9719
957,-0.2065,0.0552,0.9172
958,-0.3411,-0.1060,1.0903
959,-0.3987,-0.0388,0.9272
960,-0.2932,0.0149,0.9214
961,-0.1074,-0.1255,1.0559
962,0.1726,0.0811,0.8420
963,0.3062,-0.0493,0.9702
964,0.3088,-0.0706,1.0200
965,0.2546,0.0564,0.8821
966,0.1550,-0.0945,1.0256
967,0.0662,0.0278,0.9749
968,0.0901,0.0425,0.9224
969,0.1313,0.0137,1.0044
970,0.0701,0.0679,0.9370
971,-0.0574,0.0020,0.9683
972,-0.2500,0.0386,1.0110
973,-0.3247,0.0442,0.9768
974,-0.3950,0.0181,1.0266
975,-0.2507,0.1174,0.9543
976,-0.0374,-0.0349,0.9993
977,0.1699,-0.0537,0.9331
978,0.2544,-0.1069,0.9507
979,0.2742,-0.0710,0.9634
980,0.2708,-0.0659,0.9390
981,0.1941,-0.0796,0.9392
982,0.1306,0.0037,0.9436
983,0.1558,0.0295,0.9534
984,0.0759,0.1096,0.9807
985,-0.1172,0.1104,0.9758
986,-0.2932,0.0813,0.9956
987,-0.3979,-0.0854,1.0334
988,-0.3877,0.0854,0.9495
989,-0.2336,-0.0098,1.0249
990,0.0283,0.0010,0.9797
991,0.2075,-0.0325,0.8811
992,0.3186,-0.0681,1.0002
993,0.2341,-0.0916,0.9846
994,0.1736,0.0386,0.9026
995,0.0889,-0.0669,1.0452
996,0.0762,0.0076,0.9233
997,0.1699,0.0718,0.9124
998,0.2058,-0.0125,1.0413
999,0.0776,0.1255,0.9155
1000,-0.1152,0.0532,0.9536
1001,-0.3589,0.0000,1.0627
1002,-0.4543,0.0852,0.9224
1003,-0.3525,-0.0161,1.0110
1004,-0.1824,-0.0977,1.0278
1005,0.1140,0.0183,0.8645
1006,0.2471,-0.1257,1.0171
1007,0.2920,-0.0601,0.9753
1008,0.2004,-0.0400,0.9185
1009,0.1826,0.0293,0.9885
1010,0.1184,0.0371,0.9985
1011,0.1685,0.1101,0.8765
1012,0.2178,0.0432,0.9819
1013,0.1357,0.0227,0.9546
1014,0.0029,0.1245,0.8938
1015,-0.2114,-0.0593,1.0532
1016,-0.4272,-0.0381,0.9553
1017,-0.4827,-0.0437,0.9604
1018,-0.3196,-0.0649,1.0688
1019,-0.0830,-0.0105,0.9556
1020,0.1462,0.0354,0.9768
1021,0.2942,-0.0066,1.0493
1022,0.3032,0.0334,0.9653
1023,0.2166,-0.0432,0.9172
1024,0.1497,-0.0420,0.9475
1025,0.1702,-0.0374,0.9045
1026,0.2146,0.1077,0.8901
1027,0.1223,0.0457,0.9702
1028,0.0330,0.0120,0.9563
1029,-0.1553,0.0012,0.9719
1030,-0.3140,0.0386,1.0413
1031,-0.3484,0.0286,1.0647
1032,-0.2488,0.0500,0.9670
1033,-0.0930,0.0059,1.0044
1034,0.0669,-0.0842,0.9888
1035,0.1179,-0.0161,0.8938
1036,0.1194,-0.0859,0.9797
1037,0.0742,-0.1096,0.9680
1038,0.0803,-0.0220,0.8394
1039,0.2080,-0.1091,0.9788
1040,0.2913,-0.0125,0.9380
1041,0.3005,0.1709,0.8938
1042,0.1628,0.1348,1.0930
1043,-0.0801,0.1628,0.9907
1044,-0.3311,0.1340,0.9917
1045,-0.4817,0.0110,1.0742
1046,-0.4016,0.0332,0.9761
1047,-0.1694,-0.0942,0.9563
1048,0.0776,-0.1001,0.9497
1049,0.2463,-0.1965,0.9211
1050,0.2515,-0.1145,0.9214
1051,0.1516,-0.0632,0.9653
1052,0.0190,-0.0188,0.9839
1053,-0.0063,0.0244,0.9456
1054,0.0713,0.1489,0.9583
1055,0.1990,0.1062,1.0256
1056,0.2009,0.1797,0.9495
1057,0.1091,0.1240,0.9888
1058,-0.0701,-0.0107,1.0542
1059,-0.2808,-0.0017,0.8977
1060,-0.3989,-0.0994,0.9749
1061,-0.3342,-0.1313,0.9976
1062,-0.1072,0.0366,0.8518
1063,0.0601,-0.1494,1.0259
1064,0.2695,-0.0674,0.9575
1065,0.2708,-0.0093,0.9165
1066,0.2473,0.0093,1.0500
1067,0.2263,-0.0073,0.9973
1068,0.1450,0.0688,0.8801
1069,0.1201,0.0085,1.0471
1070,0.0701,0.0474,0.9631
1071,-0.0879,0.2219,0.8960
1072,-0.2493,0.0054,1.0913
1073,-0.2686,0.0554,0.9097
1074,-0.2964,-0.0308,0.9172
1075,-0.1082,-0.0684,1.0515
1076,0.0728,0.0071,0.9077
1077,0.1807,-0.0283,0.9407
1078,0.1902,-0.1619,1.0461
1079,0.1350,-0.0847,0.8853
1080,0.0400,-0.1538,1.0432
1081,0.0408,0.0073,1.0034
1082,0.1204,0.1323,0.9299
1083,0.1562,0.0637,1.0288
1084,0.1826,0.2102,0.9270
1085,0.0461,0.0906,0.9497
1086,-0.1208,0.0903,0.9780
1087,-0.2854,0.0386,0.9546
1088,-0.3540,-0.0039,0.9358
1089,-0.2041,-0.0837,0.9827
1090,0.0046,-0.1348,0.9272
1091,0.1812,-0.1309,0.9302
1092,0.2856,-0.1382,1.0298
1093,0.2224,-0.0950,0.9719
1094,0.0200,0.0149,0.9875
1095,-0.0859,-0.0642,1.0442
1096,-0.0835,0.0627,0.9475
1097,0.0203,0.0972,0.9575
1098,0.1948,0.1797,0.9976
1099,0.1768,0.1748,0.9309
1100,0.0933,0.1643,0.9368
1101,-0.0955,-0.0735,1.0220
1102,-0.2698,-0.0464,0.8960
1103,-0.3000,-0.0347,0.9829
1104,-0.1360,-0.0591,0.9954
1105,0.0593,-0.0696,0.9136
1106,0.1958,-0.1147,0.9780
1107,0.2576,-0.0901,0.9944
1108,0.1663,-0.0688,0.9905
1109,0.0562,-0.0098,0.9417
1110,-0.0825,0.0137,1.0095
1111,-0.0969,0.0317,0.9731
1112,-0.0291,0.1667,0.9277
1113,0.0500,0.1045,1.0295
1114,0.0613,0.1404,0.9800
1115,-0.0247,0.1455,0.9409
1116,-0.1418,-0.0537,1.0522
1117,-0.1746,-0.0332,0.9045
1118,-0.0923,-0.0391,0.9087
1119,0.0732,-0.1460,1.0142
1120,0.2136,-0.0132,0.8625
1121,0.2068,-0.1047,0.9749
1122,0.1384,-0.0920,1.0149
1123,0.0168,-0.1250,0.9360
1124,-0.0403,-0.0627,1.0256
1125,-0.0347,0.0103,1.0344
1126,0.0442,0.2065,0.9592
1127,-0.0144,0.1182,1.0247
1128,-0.0706,0.2056,0.9749
1129,-0.1653,0.0837,0.9575
1130,-0.2666,0.0305,0.9568
1131,-0.1926,-0.0532,0.9331
1132,-0.0586,-0.0842,0.9172
1133,0.2002,-0.0325,0.9106
1134,0.3660,-0.0928,0.9807
1135,0.3228,-0.0505,0.9485
1136,0.2024,-0.1130,0.9563
1137,0.0618,-0.1453,1.0325
1138,-0.1414,-0.0139,0.9897
1139,-0.1523,0.1223,1.0083
1140,-0.0671,0.0388,1.0579
1141,0.0188,0.1128,0.9058
1142,0.0273,0.0884,0.9878
1143,0.0098,0.0901,0.9915
1144,-0.0630,0.1028,0.9211
1145,-0.1494,-0.0430,0.9858
1146,-0.0955,0.0078,0.9187
1147,0.0491,-0.0537,0.9065
1148,0.2009,-0.0967,0.9573
1149,0.2412,0.0281,0.9241
1150,0.1748,-0.1130,1.0110
1151,0.1506,-0.0364,0.9700
1152,-0.0112,-0.1357,0.9785
1153,-0.0781,-0.0479,0.9780
1154,-0.0654,-0.0229,0.9866
1155,-0.0852,0.0820,0.9790
1156,-0.1743,0.1819,1.0129
1157,-0.2407,0.1372,1.0042
1158,-0.3059,0.1045,0.9995
1159,-0.2649,-0.0088,1.0054
1160,-0.0754,0.0483,0.9468
1161,0.1660,-0.0500,0.9517
1162,0.3850,-0.0039,0.8977
1163,0.4324,-0.1130,0.8987
1164,0.3496,-0.1262,0.9058
1165,0.1362,-0.2007,0.9478
1166,-0.0254,-0.0015,0.9280
1167,-0.1504,-0.0667,1.0522
1168,-0.0288,0.0613,1.0034
1169,-0.0198,0.0796,1.0190
1170,-0.0225,0.1833,1.0571
1171,-0.1416,0.1382,1.0295
1172,-0.2971,0.1511,0.9790
1173,-0.4067,-0.0066,1.0139
1174,-0.2742,-0.0034,0.9094
1175,0.0144,-0.0593,0.8870
1176,0.3550,-0.0701,0.9214
1177,0.5740,-0.0818,0.8567
1178,0.5249,-0.1111,0.9351
1179,0.3367,-0.1248,0.9944
1180,0.0552,-0.0149,0.9585
1181,-0.1296,-0.0247,1.0278
1182,-0.2617,-0.0801,1.0579
1183,-0.2192,0.1406,0.9331
1184,-0.1838,0.0591,1.0933
1185,-0.1667,0.1726,0.9878
1186,-0.2192,0.1487,0.9358
1187,-0.1868,0.0139,1.0337
1188,-0.1587,0.0410,0.9250
1189,0.0056,0.0312,0.8987
1190,0.2095,-0.0601,0.9868
1191,0.3396,-0.0735,0.8635
1192,0.4119,-0.0107,0.8977
1193,0.2866,-0.2542,1.0540
1194,0.0989,-0.0679,0.8911
1195,-0.0591,-0.1643,0.9841
1196,-0.1465,-0.0347,1.0735
1197,-0.1338,0.1216,0.9348
1198,-0.1189,0.1465,1.0366
1199,-0.1294,0.1172,1.0520
1200,-0.1599,0.2141,0.9272
1201,-0.2280,0.0708,1.0288
1202,-0.1968,0.0466,0.9924
1203,-0.0742,-0.0049,0.8938
1204,0.1316,-0.1057,0.9397
1205,0.3677,-0.1489,0.9014
1206,0.4648,-0.1118,0.8677
1207,0.3669,-0.1719,0.9749
1208,0.2324,-0.0156,0.9221
1209,0.0305,-0.0354,0.9966
1210,-0.0701,0.0474,1.0159
1211,-0.1104,0.0618,0.9963
1212,-0.1562,0.1106,1.0444
1213,-0.1960,0.1228,1.0454
1214,-0.3633,0.1086,1.0364
1215,-0.4250,0.0906,0.9995
1216,-0.3481,-0.0427,1.0090
1217,-0.1414,-0.0105,0.8977
1218,0.1663,-0.0356,0.9065
1219,0.5103,-0.0227,0.8853
1220,0.5730,-0.0720,0.8479
1221,0.4771,-0.0942,0.9058
1222,0.2383,-0.1030,0.9602
1223,0.0620,0.0049,0.9624
1224,-0.0735,-0.0383,1.0579
1225,-0.1057,0.0701,1.0210
1226,-0.1013,0.0979,1.0383
1227,-0.1187,0.1074,1.0383
1228,-0.2385,0.0801,0.9946
1229,-0.4360,-0.0376,1.0012
1230,-0.4360,-0.0308,0.9465
1231,-0.3076,-0.0632,0.9719
1232,-0.0513,0.0225,0.9143
1233,0.3149,0.0525,0.9097
1234,0.5955,-0.0505,0.9338
1235,0.5854,-0.0098,0.9038
1236,0.4438,-0.0278,0.9414
1237,0.2239,-0.0447,1.0093
1238,-0.0334,-0.0051,0.9487
1239,-0.2041,-0.0337,0.9915
1240,-0.2144,-0.0266,1.0168
1241,-0.2063,0.0112,0.9573
1242,-0.2263,0.0784,1.0054
1243,-0.2747,0.0288,1.0493
1244,-0.2393,0.1289,0.9553
1245,-0.1870,-0.0105,1.0132
1246,-0.0823,0.0098,0.9778
1247,0.1458,0.0408,0.8950
1248,0.3635,-0.0354,0.9800
1249,0.4626,0.0022,0.9270
1250,0.4067,-0.0386,0.9312
1251,0.2971,-0.0684,0.9585
1252,0.1111,-0.0447,0.9143
1253,-0.0229,-0.0557,0.9546
1254,-0.1145,-0.0054,0.9426
1255,-0.1680,0.0161,0.9673
1256,-0.2695,0.0168,1.0120
1257,-0.3914,0.1028,0.9897
1258,-0.4236,0.0195,1.0913
1259,-0.3154,0.0759,1.0464
1260,-0.1270,0.0872,0.9888
1261,0.1646,-0.0078,1.0200
1262,0.4285,0.0007,0.8782
1263,0.4802,-0.0857,0.8948
1264,0.3782,-0.0718,0.9348
1265,0.2024,-0.0276,0.8442
1266,0.0625,-0.0894,0.9592
1267,-0.0251,-0.1128,0.9663
1268,-0.0371,0.0889,0.9172
1269,0.0322,0.0393,1.0776
1270,-0.0271,0.1167,1.0286
1271,-0.2461,0.1445,0.9856
1272,-0.4509,-0.0015,1.1030
1273,-0.4622,0.0193,1.0015
1274,-0.3503,-0.0156,0.9475
1275,-0.0242,0.0117,0.9917
1276,0.3931,-0.0239,0.9185
1277,0.6218,-0.0054,0.8655
1278,0.5593,-0.0466,0.9163
1279,0.3330,-0.1052,0.8948
1280,0.1191,-0.0872,0.8931
1281,-0.1155,-0.1042,0.9702
1282,-0.1604,0.0681,0.9983
1283,-0.0652,0.0957,1.0178
1284,-0.0503,0.1409,1.0305
1285,-0.1243,0.0884,1.0591
1286,-0.2207,0.0854,1.0208
1287,-0.3286,0.0330,1.0432
1288,-0.3430,-0.0378,1.0012
1289,-0.2476,-0.0374,0.9045
1290,0.0115,-0.0947,0.9136
1291,0.2837,-0.1104,0.8813
1292,0.4136,-0.0686,0.8657
1293,0.4019,-0.0510,0.9351
1294,0.3513,0.0000,0.9680
1295,0.2285,0.0474,0.9797
1296,0.1072,0.0798,1.0063
1297,0.0300,0.0564,1.0249
1298,-0.0750,0.0491,0.9927
1299,-0.2373,0.1304,0.9875
1300,-0.4360,0.0029,1.0491
1301,-0.5374,0.0198,0.9702
1302,-0.5081,-0.0481,0.9966
1303,-0.2500,-0.0686,0.9993
1304,0.0920,0.0151,0.9067
1305,0.4216,-0.0413,0.9377
1306,0.5327,-0.0190,0.9507
1307,0.4604,0.0105,0.8765
1308,0.2742,-0.0522,0.9661
1309,0.1421,-0.0830,0.9595
1310,0.0803,-0.0078,0.9268
1311,0.1433,-0.0144,1.0042
1312,0.2014,0.0125,0.9731
1313,0.0273,0.0518,0.9539
1314,-0.2439,0.0596,1.0208
1315,-0.5425,0.0994,1.0403
1316,-0.6497,0.0598,0.9917
1317,-0.5227,0.0249,1.0132
1318,-0.2036,-0.0078,0.9661
1319,0.2148,0.0161,0.9165
1320,0.5444,-0.0256,0.9761
1321,0.5610,-0.1160,0.9478
1322,0.4441,-0.0303,0.9036
1323,0.2058,-0.1497,0.9905
1324,-0.0073,-0.0220,0.9429
1325,-0.0730,0.0532,0.9192
1326,-0.0332,0.0291,1.0093
1327,-0.0063,0.1074,0.9504
1328,-0.1162,0.1497,0.9387
1329,-0.2993,0.0161,1.0833
1330,-0.4016,0.0413,0.9775
1331,-0.4641,-0.0330,0.9878
1332,-0.3682,-0.0293,1.0549
1333,-0.0129,0.0234,0.9331
1334,0.2966,-0.0676,0.9456
1335,0.4919,-0.0869,0.9768
1336,0.5134,-0.0918,0.9006
1337,0.4001,-0.0828,0.9133
1338,0.2266,-0.0947,1.0012
1339,0.0950,0.0640,0.8840
1340,0.0640,0.1238,0.9663
1341,0.0293,0.0994,1.0640
1342,-0.1440,0.2483,0.8918
1343,-0.2925,0.0640,1.0422
1344,-0.4004,-0.0911,1.0686
1345,-0.4097,0.0747,0.8801
1346,-0.2876,-0.0774,1.1018
1347,-0.0037,-0.1016,0.9827
1348,0.2107,-0.0747,0.8218
1349,0.2812,-0.2480,1.0493
1350,0.3208,0.0166,0.9272
1351,0.2390,0.0349,0.8958
1352,0.1606,0.0557,1.0552
1353,0.1184,0.0977,0.9241
1354,0.1404,0.1733,0.8997
1355,0.1479,0.0000,1.0471
1356,-0.0037,0.0952,0.8911
1357,-0.2915,-0.0090,0.9290
1358,-0.4038,-0.1033,1.0549
1359,-0.4797,-0.1094,0.9565
1360,-0.3862,0.0242,0.9651
1361,-0.1357,-0.0203,1.1196
1362,0.1970,0.1016,0.9475
1363,0.3582,0.0393,0.9661
1364,0.3389,-0.1135,1.0403
1365,0.2473,-0.0684,0.8899
1366,0.1711,-0.0476,0.9094
1367,0.1104,-0.0554,1.0034
1368,0.1724,0.0569,0.8296
1369,0.2334,0.0020,0.9133
1370,0.1501,0.0232,0.9856
1371,-0.0605,0.1433,0.9048
1372,-0.3408,0.0898,1.0676
1373,-0.4729,0.0735,1.0737
1374,-0.4817,0.0837,1.0278
1375,-0.2917,-0.0129,1.0618
1376,0.0913,-0.0225,1.0073
1377,0.2798,-0.1260,0.9448
1378,0.3130,-0.0781,0.9312
1379,0.2598,-0.1431,0.9553
1380,0.1589,-0.0847,0.8723
1381,0.0667,-0.0337,0.8921
1382,0.0444,-0.0168,0.9458
1383,0.1616,0.1228,0.8911
1384,0.1821,0.1230,0.9663
1385,0.0632,0.1089,1.0286
1386,-0.1360,0.1226,1.0051
1387,-0.2681,0.0654,1.0540
1388,-0.3940,-0.0149,1.0842
1389,-0.3296,-0.0193,0.9534
1390,-0.1201,-0.0728,1.0103
1391,0.1047,-0.1301,0.9690
1392,0.2109,-0.0459,0.8811
1393,0.2021,-0.1592,0.9536
1394,0.1333,-0.0962,0.9097
1395,0.0933,-0.0217,0.8901
1396,0.0479,0.0593,0.9744
1397,0.1384,0.1279,0.9573
1398,0.2229,0.1382,0.9670
1399,0.1235,0.1221,1.0122
1400,-0.0066,0.1284,1.0051
1401,-0.1436,0.0254,1.0422
1402,-0.2385,0.0344,1.0044
1403,-0.2312,-0.0962,1.0054
1404,-0.1013,-0.1013,0.9653
1405,0.0530,-0.0728,0.8813
1406,0.1169,-0.1335,0.9712
1407,0.0747,-0.1111,0.9155
1408,-0.0125,0.0063,0.9009
1409,-0.0088,-0.0647,1.0425
1410,0.0566,0.1162,0.9348
1411,0.1782,0.1279,0.9370
1412,0.2837,0.0623,1.0659
1413,0.2473,0.1355,0.9028
1414,0.0493,0.0720,0.9922
1415,-0.1370,-0.0249,1.0317
1416,-0.3237,-0.0305,0.9192
1417,-0.3752,-0.0925,0.9983
1418,-0.2146,-0.0264,0.9849
1419,0.0188,0.0076,0.9260
1420,0.2380,-0.0203,0.9807
1421,0.2075,-0.0286,0.9517
1422,0.1777,-0.0525,0.9543
1423,0.0657,-0.1553,0.9858
1424,-0.0063,-0.0381,0.9438
1425,0.0408,-0.0986,0.9790
1426,0.1226,0.1301,0.9299
1427,0.1345,0.1299,1.0034
1428,0.0217,0.2075,1.0217
1429,-0.1191,0.2107,0.9741
1430,-0.2581,0.0601,1.0356
1431,-0.2712,0.0620,0.9487
1432,-0.1995,-0.0869,0.9487
1433,0.0723,-0.0994,0.9221
1434,0.2048,-0.2043,0.9182
1435,0.2651,-0.1201,0.9155
1436,0.1716,-0.1125,0.9807
1437,0.0498,-0.0081,1.0039
1438,-0.0964,-0.0127,1.0112
1439,-0.0793,-0.0100,0.9807
1440,0.0591,-0.0120,0.9866
1441,0.0842,0.0918,0.9517
1442,0.0486,0.2314,0.9692
1443,-0.0466,0.1653,1.0227
1444,-0.1733,0.0923,0.9304
1445,-0.2070,-0.0447,0.9729
1446,-0.1475,-0.0952,0.9692
1447,0.0422,-0.0015,0.9312
1448,0.2151,-0.0684,0.9858
1449,0.2661,-0.0510,0.9321
1450,0.1208,-0.1521,0.9885
1451,-0.0161,-0.0728,0.9700
1452,-0.1104,0.0054,1.0032
1453,-0.0964,-0.0723,0.9907
1454,0.0674,0.0874,0.9368
1455,0.2156,0.0579,0.9866
1456,0.2092,0.1582,0.9683
1457,0.0176,0.1140,0.9358
1458,-0.1909,-0.0103,1.0042
1459,-0.3169,-0.0459,0.9651
1460,-0.2844,0.0056,0.9478
1461,-0.1028,-0.0562,1.0142
1462,0.1355,0.0483,0.9290
1463,0.2224,-0.0427,0.9690
1464,0.2473,-0.0164,0.9888
1465,0.1257,-0.0720,0.9670
1466,-0.0337,-0.0417,0.9663
1467,-0.0923,-0.0359,0.9768
1468,-0.0461,-0.0913,0.9487
1469,0.0610,-0.0056,0.9370
1470,0.1233,0.0354,0.9810
1471,0.1060,0.1814,0.9976
1472,-0.0120,0.1804,0.9995
1473,-0.1870,0.1504,1.0129
1474,-0.2126,0.0095,0.9866
1475,-0.1401,-0.0508,0.9292
1476,0.0288,-0.0608,0.9331
1477,0.2339,-0.0447,0.9551
1478,0.1943,0.0098,0.9270
1479,0.1091,-0.0464,0.9661
1480,0.0344,-0.1716,0.9966
1481,-0.1086,-0.1665,0.9106
1482,-0.0847,-0.1406,0.9829
1483,0.0430,-0.0833,0.9924
1484,0.1023,0.1313,0.9446
1485,0.1001,0.1938,1.0413
1486,0.0037,0.1995,1.0366
1487,-0.1118,0.1870,0.9836
1488,-0.0847,0.0452,1.0151
1489,-0.0261,0.0254,0.9448
1490,0.0903,-0.0588,0.8904
1491,0.2156,-0.1003,0.9417
1492,0.2007,-0.1233,0.9077
1493,0.0859,-0.1208,0.9319
1494,-0.0667,-0.1431,0.9858
1495,-0.1975,-0.0161,0.9624
1496,-0.2034,0.0232,0.9976
1497,-0.0950,0.0398,1.0015
1498,-0.0007,0.0649,0.9885
1499,0.0725,0.0918,0.9956
1500,0.0330,0.1079,1.0227
1501,-0.0447,0.1047,0.9917
1502,-0.1370,-0.0088,0.9702
1503,-0.1294,-0.0378,0.9553
1504,0.0303,-0.0413,0.9165
1505,0.1819,-0.0508,0.8921
1506,0.2390,-0.1050,0.9114
1507,0.1821,-0.1108,0.9221
1508,0.0723,0.0266,0.9517
1509,-0.0461,-0.0110,1.0540
1510,-0.0964,0.1084,0.9829
1511,-0.0718,-0.0010,1.0073
1512,0.0171,0.0205,1.0513
1513,0.0134,0.0935,0.9670
1514,-0.0244,0.1277,0.9895
1515,-0.0803,0.0483,1.0317
1516,-0.1809,-0.0027,0.9312
1517,-0.1162,-0.0474,0.9019
1518,0.0837,-0.1370,0.9719
1519,0.2583,0.0034,0.8628
1520,0.3298,0.0549,0.9348
1521,0.2817,-0.0293,1.0237
1522,0.1023,-0.0059,0.9028
1523,-0.0713,-0.0752,1.0083
1524,-0.2036,-0.1260,1.0327
1525,-0.1350,0.0007,0.9595
1526,0.0122,-0.0305,1.0337
1527,0.0415,0.1216,1.0190
1528,-0.0771,0.1453,0.9644
1529,-0.1643,0.1599,1.0073
1530,-0.2603,-0.0310,1.0002
1531,-0.2532,-0.0303,0.8843
1532,0.0046,-0.0928,0.9270
1533,0.2559,-0.0557,0.9211
1534,0.4282,0.0593,0.8677
1535,0.3699,-0.0957,0.9954
1536,0.1948,-0.0161,0.9575
1537,-0.0156,-0.0801,1.0044
1538,-0.1829,-0.0403,1.0063
1539,-0.1550,0.0376,0.9670
1540,-0.0410,-0.0537,1.0374
1541,0.0164,0.1101,0.9573
1542,-0.0012,0.1138,0.9895
1543,-0.0786,0.0498,1.0249
1544,-0.2593,0.0710,0.9368
1545,-0.3337,0.0339,0.9827
1546,-0.1924,-0.0105,0.9924
1547,0.0693,0.0601,0.8899
1548,0.2954,-0.0291,0.9504
1549,0.4048,-0.0613,0.9390
1550,0.3347,-0.1255,0.9241
1551,0.1436,-0.0791,0.9722
1552,-0.0933,-0.0913,0.9741
1553,-0.1724,-0.0305,0.9634
1554,-0.0874,-0.0295,1.0012
1555,-0.0076,0.1030,1.0024
1556,0.0193,0.1372,1.0129
1557,0.0007,0.1377,1.0002
1558,-0.1135,0.0532,1.0269
1559,-0.1724,0.0342,0.9436
1560,-0.1509,-0.0317,0.9741
1561,-0.0132,-0.0896,0.9329
1562,0.1736,-0.0381,0.8489
1563,0.3140,-0.0522,0.9272
1564,0.3271,-0.0457,0.9475
1565,0.2498,-0.0288,0.9163
1566,0.0994,-0.1638,1.0110
1567,-0.0562,-0.0232,0.9836
1568,-0.1057,0.0457,0.9846
1569,-0.1062,0.1177,1.0891
1570,-0.1653,0.1455,1.0054
1571,-0.2222,0.1333,0.9973
1572,-0.2471,-0.0220,1.0728
1573,-0.2219,0.0881,0.9087
1574,-0.1851,0.0081,0.9702
1575,0.0090,-0.0068,0.9553
1576,0.1917,-0.0325,0.8323
1577,0.3494,-0.1091,0.8840
1578,0.3853,-0.1965,0.9458
1579,0.2886,-0.0471,0.8608
1580,0.2122,-0.0393,1.0386
1581,0.0908,-0.0212,1.0610
1582,-0.0620,0.0591,0.9661
1583,-0.0667,0.0720,1.0825
1584,-0.1458,0.1521,1.0356
1585,-0.2661,0.1736,0.9622
1586,-0.3306,0.0603,1.0334
1587,-0.3638,-0.0090,0.9553
1588,-0.2549,-0.0955,0.9067
1589,-0.0498,-0.0530,0.9250
1590,0.1997,-0.0679,0.9077
1591,0.3745,-0.0837,0.8892
1592,0.4607,-0.0579,0.9456
1593,0.3706,-0.0879,0.9771
1594,0.2222,0.0232,0.9751
1595,0.1365,0.0405,1.0461
1596,-0.0024,0.0859,1.0305
1597,-0.0369,0.1274,0.9758
1598,-0.0601,0.0427,1.0103
1599,-0.2705,0.0625,0.9407
1600,-0.3733,0.0325,0.9390
1601,-0.4875,-0.0610,1.0171
1602,-0.4250,0.0176,0.9302
1603,-0.1731,-0.0088,0.9565
1604,0.1235,-0.0457,0.9780
1605,0.3965,0.0212,0.9270
1606,0.4932,0.0039,0.9709
1607,0.3386,-0.0354,0.9915
1608,0.2112,-0.0764,0.9417
1609,0.1072,-0.1201,0.9702
1610,0.0403,-0.0679,0.9690
1611,0.0923,0.0149,0.9163
1612,0.1228,0.0559,0.9622
1613,0.0115,0.0908,0.9771
1614,-0.2410,0.1475,0.9478
1615,-0.4497,0.0701,1.0354
1616,-0.5471,-0.0027,1.0444
1617,-0.4136,0.0488,0.9690
1618,-0.1113,0.0259,1.0315
1619,0.2959,0.0095,0.9868
1620,0.4968,-0.0769,0.9016
1621,0.5015,-0.1125,0.9194
1622,0.3140,-0.1851,0.9644
1623,0.0913,0.0112,0.8486
1624,-0.0430,-0.0278,0.9866
1625,-0.0508,0.0061,0.9553
1626,0.0405,0.0864,0.8687
1627,0.1121,-0.0122,1.0745
1628,0.0054,0.1494,0.9993
1629,-0.1699,0.1458,0.9924
1630,-0.3669,-0.0151,1.1313
1631,-0.4392,0.0134,0.9849
1632,-0.3274,-0.0149,0.9497
1633,-0.0081,-0.0955,1.0239
1634,0.2834,-0.0508,0.8733
1635,0.4849,-0.0088,0.8472
1636,0.4534,-0.1389,1.0061
1637,0.2661,-0.0398,0.8325
1638,0.0391,0.0134,0.9221
1639,-0.0847,-0.0439,1.0591
1640,-0.0557,0.1863,0.9087
1641,-0.0098,0.0420,1.0396
1642,-0.0146,0.1187,1.0750
1643,-0.1567,0.0837,0.9885
1644,-0.2622,0.0247,1.0647
1645,-0.3928,-0.0505,1.0396
1646,-0.3696,0.0034,0.9153
1647,-0.1172,-0.0803,0.9585
1648,0.1760,-0.0559,0.8967
1649,0.3521,-0.0540,0.8628
1650,0.4165,-0.0767,0.9351
1651,0.3433,0.0222,0.9390
1652,0.1753,-0.0068,0.9614
1653,0.0806,0.0652,0.9905
1654,0.0505,-0.0132,1.0188
1655,0.1023,0.0554,0.9448
1656,-0.0269,0.0547,1.0022
1657,-0.1997,0.0332,1.0266
1658,-0.3987,0.0710,0.9731
1659,-0.5132,-0.0068,1.0354
1660,-0.4480,-0.0454,1.0134
1661,-0.1782,0.0325,0.9128
1662,0.1628,0.0144,0.9680
1663,0.4299,-0.0383,0.9360
1664,0.4866,-0.0769,0.8882
1665,0.4458,-0.1394,0.9517
1666,0.3315,-0.0715,0.9351
1667,0.1902,-0.0073,0.9670
1668,0.1458,0.0906,0.9917
1669,0.1121,0.1448,0.9839
1670,-0.0361,0.0774,0.9954
1671,-0.2930,0.1213,0.9712
1672,-0.5007,-0.0195,1.0293
1673,-0.5745,0.0547,1.0161
1674,-0.4846,-0.0010,0.9702
1675,-0.2322,-0.0652,1.0110
1676,0.1243,-0.0679,0.8997
1677,0.3718,-0.0952,0.9309
1678,0.4419,-0.1106,0.9565
1679,0.4080,-0.0481,0.9221
1680,0.2288,-0.0862,0.9683
1681,0.1292,0.0063,0.9575
1682,0.1194,0.0508,0.9722
1683,0.1499,0.1484,0.9478
1684,0.1670,0.1626,0.9846
1685,-0.0127,0.1196,0.9680
1686,-0.3093,0.0505,0.9673
1687,-0.4968,-0.0420,1.0181
1688,-0.6125,-0.1011,1.0044
1689,-0.4512,-0.0583,0.9556
1690,-0.0881,-0.1050,0.9888
1691,0.2061,-0.0889,0.9614
1692,0.4229,0.0295,0.9448
1693,0.4536,-0.0027,1.0259
1694,0.3560,0.0371,0.9692
1695,0.2585,0.0042,0.9456
1696,0.1912,0.0156,0.9709
1697,0.2000,0.0994,0.9211
1698,0.1062,0.0935,0.9075
1699,-0.0535,0.0088,0.9634
1700,-0.2903,-0.0190,0.9624
1701,-0.4878,-0.0552,0.9827
1702,-0.5435,-0.0369,1.0276
1703,-0.3784,-0.0354,1.0129
1704,-0.1023,0.0146,0.9915
1705,0.2361,0.0034,0.9915
1706,0.4292,0.0381,0.9849
1707,0.3953,0.0090,0.9338
1708,0.2634,-0.0667,0.9875
1709,0.0964,-0.0918,0.9329
1710,0.0623,-0.0015,0.9055
1711,0.0652,-0.0022,0.9692
1712,0.1272,0.1179,0.8921
1713,0.0859,0.0767,0.9751
1714,-0.1106,0.0652,0.9702
1715,-0.3694,0.0430,0.9751
1716,-0.4692,-0.0388,1.0579
1717,-0.4692,0.0530,0.9944
1718,-0.2036,-0.0134,1.0334
1719,0.0994,-0.0874,1.0415
1720,0.3445,-0.0066,0.9172
1721,0.4236,-0.0916,1.0071
1722,0.3472,-0.0730,0.9595
1723,0.1724,0.0227,0.8823
1724,0.0898,-0.0725,0.9595
1725,0.0471,0.0115,0.9058
1726,0.0872,0.1418,0.8589
1727,0.0999,0.1499,0.9924
1728,-0.0085,0.0989,0.9690
1729,-0.1790,0.0691,0.9556
1730,-0.3433,-0.0828,1.0891
1731,-0.3562,-0.0413,1.0425
1732,-0.2854,0.0059,0.9976
1733,-0.0693,-0.0549,1.0522
1734,0.1882,-0.0750,0.9553
1735,0.2317,-0.1284,0.9182
1736,0.2214,-0.0925,0.9602
1737,0.1851,-0.0361,0.8979
1738,0.0703,0.0503,0.9165
1739,0.1321,0.0588,0.9485
1740,0.2173,0.1018,0.9175
1741,0.2112,0.0566,0.9299
1742,0.1174,0.0884,0.9993
1743,-0.1418,0.0344,0.9944
1744,-0.3413,0.0703,1.0247
1745,-0.4155,-0.0652,1.0754
1746,-0.3657,-0.0415,0.9963
1747,-0.1182,-0.0723,0.9849
1748,0.0930,-0.0305,0.9810
1749,0.2312,0.0012,0.9192
1750,0.2075,-0.0874,0.9331
1751,0.1108,-0.0889,0.9351
1752,0.0967,-0.0847,0.9319
1753,0.0793,0.0249,0.9539
1754,0.1519,0.1243,0.9448
1755,0.2937,0.1694,0.9895
1756,0.2073,0.1313,0.9875
1757,0.0583,0.1318,0.9653
1758,-0.1726,-0.0144,1.0471
1759,-0.3704,-0.0071,0.9790
1760,-0.3105,-0.0115,0.9749
1761,-0.2273,-0.1882,0.9934
1762,0.0649,-0.0005,0.8723
1763,0.1851,-0.2576,0.9729
1764,0.1577,-0.0657,0.9299
1765,0.0735,-0.0471,0.9651
1766,-0.0220,0.0176,1.0159
1767,-0.0542,0.0515,0.9800
1768,0.0847,0.1206,0.9778
1769,0.2134,0.1370,1.0024
1770,0.2749,0.1809,0.9536
1771,0.1868,0.1575,0.9663
1772,-0.0898,0.0618,1.0051
1773,-0.2739,0.0203,0.9299
1774,-0.4077,-0.1536,0.9739
1775,-0.3401,-0.1746,0.9253
1776,-0.0894,-0.1240,0.9182
1777,0.1123,-0.1367,0.9868
1778,0.2285,-0.0117,0.9526
1779,0.1501,-0.0930,1.0042
1780,0.0972,-0.0361,1.0308
1781,0.0334,0.0564,0.9897
1782,0.0190,0.1116,1.0110
1783,0.1392,0.1597,1.0120
1784,0.2319,0.2029,0.9038
1785,0.1465,0.0623,0.9797
1786,0.0015,0.0505,0.9163
1787,-0.1975,0.0750,0.8979
1788,-0.3037,-0.0771,1.0249
1789,-0.2327,-0.0178,0.9048
1790,-0.0930,-0.1223,0.9194
1791,0.1699,-0.1826,1.0181
1792,0.2405,-0.0867,0.9172
1793,0.2014,-0.0947,0.9944
1794,0.0974,-0.0991,1.0901
1795,-0.0107,0.0720,0.9438
1796,-0.0474,0.0203,1.0698
1797,0.1074,0.1416,0.9954
1798,0.1299,0.1829,0.8977
1799,0.0962,0.0920,0.9834
1800,0.0044,0.1245,0.8940
1801,-0.1567,0.0188,0.9270
1802,-0.2485,-0.0862,0.9612
1803,-0.2297,-0.0181,0.9077
1804,-0.0728,-0.1125,0.9612
1805,0.1169,-0.0820,0.9875
1806,0.1875,-0.0833,0.9524
1807,0.1836,-0.0933,1.0591
1808,0.0979,-0.0408,1.0503
1809,-0.0278,0.0139,1.0037
1810,-0.1243,-0.0630,1.0386
1811,-0.0195,0.0894,0.9299
1812,0.0874,0.0952,0.9329
1813,0.0879,0.1165,0.9556
1814,0.0554,0.1912,0.8530
1815,-0.0474,0.0112,0.9387
1816,-0.1392,-0.0359,0.9700
1817,-0.1272,0.0293,0.8999
1818,0.0115,-0.0261,1.0347
1819,0.1650,-0.0730,0.9961
1820,0.1934,-0.0339,0.9387
1821,0.1006,-0.1199,1.0942
1822,0.0076,0.0142,0.9885
1823,-0.1594,-0.1272,1.0044
1824,-0.1963,-0.1125,0.9915
1825,-0.0847,-0.0059,0.8970
1826,0.0518,-0.0010,0.9622
1827,0.1606,0.1375,0.9058
1828,0.1021,0.2131,0.9250
1829,-0.0176,0.1350,1.0071
1830,-0.0852,0.1667,0.9456
1831,-0.1492,-0.0151,1.0083
1832,-0.0369,0.0332,0.9885
1833,0.1453,-0.0820,0.9631
1834,0.2275,-0.1211,0.9722
1835,0.2246,-0.1145,0.9631
1836,0.0481,-0.1492,0.9983
1837,-0.0925,-0.0540,0.9644
1838,-0.2131,-0.0796,0.9907
1839,-0.1680,-0.0386,0.9563
1840,-0.0115,0.0002,0.9319
1841,0.1418,0.1167,0.9553
1842,0.1162,0.1418,0.9993
1843,0.0339,0.2043,0.9468
1844,-0.1091,0.0605,1.0142
1845,-0.1636,0.0393,0.9934
1846,-0.0889,0.0889,0.9468
1847,0.0554,-0.0183,1.0142
1848,0.2798,-0.0532,0.9165
1849,0.2915,-0.1597,0.9163
1850,0.1909,-0.1853,0.9446
1851,0.0259,-0.1274,0.9631
1852,-0.1594,-0.0999,0.9604
1853,-0.2632,-0.0691,1.0012
1854,-0.1880,0.0007,0.9836
1855,-0.1125,0.0667,0.9663
1856,0.0454,0.1614,1.0220
1857,0.0479,0.1924,1.0073
1858,0.0234,0.1934,0.9888
1859,-0.0032,0.0806,0.9983
1860,-0.0325,0.0425,0.9331
1861,0.0542,-0.0305,0.9185
1862,0.1843,-0.0925,0.9233
1863,0.2317,-0.1167,0.9097
1864,0.2358,-0.1016,0.9126
1865,0.0884,-0.1501,0.9758
1866,-0.1304,-0.1357,0.9885
1867,-0.1848,-0.0259,0.9790
1868,-0.2109,-0.0737,1.0493
1869,-0.0552,0.0857,0.9905
1870,0.0408,0.1772,1.0100
1871,-0.0024,0.2368,1.0532
1872,-0.0571,0.1824,1.0015
1873,-0.1235,0.1084,0.9370
1874,-0.1738,-0.0571,0.9946
1875,-0.0073,-0.0063,0.8889
1876,0.2141,-0.0500,0.8745
1877,0.2827,-0.1833,0.9390
1878,0.3132,-0.1191,0.8479
1879,0.1602,-0.2131,0.9407
1880,0.0308,-0.0667,0.9915
1881,-0.1187,-0.1155,1.0305
1882,-0.1343,0.0891,0.9905
1883,-0.0320,0.0107,1.0688
1884,0.0178,0.1628,1.0239
1885,-0.0303,0.2197,1.0093
1886,-0.1152,0.2239,1.0483
1887,-0.2148,0.0857,0.9749
1888,-0.2322,0.0249,0.9319
1889,-0.0876,-0.0217,0.9016
1890,0.1545,-0.0962,0.8706
1891,0.3772,-0.1052,0.8596
1892,0.3904,-0.1106,0.8938
1893,0.2520,-0.1516,0.9485
1894,0.0691,-0.1208,0.9841
1895,-0.1558,-0.0715,1.0452
1896,-0.2610,0.0142,1.0688
1897,-0.1948,0.0496,1.0388
1898,-0.1179,0.1138,1.0354
1899,-0.0625,0.1335,1.0239
1900,-0.1382,0.1775,0.9663
1901,-0.1462,0.0977,0.9858
1902,-0.1721,0.0068,0.9329
1903,-0.1082,-0.0085,0.8762
1904,0.1050,-0.0867,0.9133
1905,0.3730,0.0010,0.8813
1906,0.4402,-0.0759,0.9534
1907,0.3660,-0.0520,0.9280
1908,0.2102,-0.1089,0.9768
1909,-0.0361,-0.1709,1.0520
1910,-0.2024,0.0044,0.9607
1911,-0.1609,0.0120,1.0298
1912,-0.0999,0.0430,1.0305
1913,-0.1011,0.1963,0.9348
1914,-0.1072,0.1023,1.0220
1915,-0.2146,0.0637,0.9905
1916,-0.2861,0.0090,0.9065
1917,-0.2141,-0.0684,0.9927
1918,-0.0095,-0.0315,0.9419
1919,0.3062,0.0308,0.9026
1920,0.4819,-0.0527,0.9868
1921,0.4385,0.0286,0.9377
1922,0.2595,-0.0264,0.9475
1923,0.0454,-0.0728,0.9961
1924,-0.1130,-0.0859,0.9517
1925,-0.1750,-0.1235,0.9741
1926,-0.1289,-0.0488,0.9827
1927,-0.0454,0.0317,0.9866
1928,-0.1177,0.0437,0.9937
1929,-0.2407,0.1921,0.9937
1930,-0.2783,0.1316,1.0649
1931,-0.2112,0.1877,0.9878
1932,-0.0469,0.1279,0.9526
1933,0.2192,-0.0320,0.9729
1934,0.4751,-0.0024,0.8472
1935,0.4839,-0.1377,0.8940
1936,0.3340,-0.2029,0.9260
1937,0.1191,-0.1899,0.8960
1938,-0.0605,-0.1431,0.9702
1939,-0.1912,-0.0828,1.0112
1940,-0.1257,0.1025,0.9983
1941,-0.1099,0.1370,1.0549
1942,-0.1382,0.2048,1.0483
1943,-0.2490,0.1348,1.0503
1944,-0.3804,0.1211,1.0022
1945,-0.3335,0.0012,1.0383
1946,-0.1394,-0.0327,0.9360
1947,0.2375,-0.0244,0.8462
1948,0.5483,-0.1895,0.9438
1949,0.6313,-0.0181,0.8032
1950,0.4119,-0.0850,0.9094
1951,0.1443,-0.0862,1.0051
1952,-0.0952,0.0132,0.9153
1953,-0.2188,-0.0405,1.0474
1954,-0.1868,0.0730,1.0483
1955,-0.0420,0.1021,0.9709
1956,-0.0537,0.0098,1.0686
1957,-0.2085,0.0630,0.9924
1958,-0.3586,0.0422,1.0112
1959,-0.3909,0.0295,1.0122
1960,-0.2883,0.1277,0.9478
1961,-0.0168,-0.0010,0.9390
1962,0.4058,0.0688,0.8823
1963,0.6121,-0.0842,0.9016
1964,0.5417,-0.1101,0.9133
1965,0.3669,-0.1436,0.9089
1966,0.0872,-0.1348,0.9556
1967,-0.1245,-0.0798,0.9761
1968,-0.1658,0.0317,0.9895
1969,-0.1792,0.0691,1.0090
1970,-0.0913,0.1533,1.0200
1971,-0.2026,0.0884,1.0461
1972,-0.3625,0.1599,1.0054
1973,-0.3479,-0.0090,1.0786
1974,-0.2683,0.0173,0.9751
1975,-0.0415,0.0029,0.9224
1976,0.3198,-0.1038,0.9722
1977,0.5659,0.0298,0.8511
1978,0.5376,-0.0752,0.9126
1979,0.3989,-0.0884,0.9155
1980,0.1729,-0.0527,0.8752
1981,-0.0527,-0.1018,0.9778
1982,-0.1494,0.0083,0.9641
1983,-0.1116,0.0510,0.9622
1984,-0.1060,-0.0178,1.0413
1985,-0.1733,0.0681,1.0142
1986,-0.3245,0.1226,1.0669
1987,-0.4287,0.1438,1.0884
1988,-0.3479,0.1174,1.0396
1989,-0.1650,0.0012,1.0044
1990,0.1724,0.0168,0.8970
1991,0.5447,-0.0867,0.9045
1992,0.5696,-0.1448,0.8616
1993,0.3743,-0.1199,0.8188
1994,0.1775,-0.1792,0.9312
1995,-0.0056,-0.0891,0.9360
1996,-0.0977,0.0562,0.9641
1997,-0.0042,0.1401,1.0513
1998,0.0425,0.1614,1.0415
1999,-0.0596,0.1802,1.0139
2000,-0.3198,0.0488,1.0881
2001,-0.5217,-0.0125,1.0327
2002,-0.5129,-0.0193,0.9810
2003,-0.3469,-0.1279,1.0200
2004,-0.0076,-0.0530,0.8813
2005,0.3862,-0.0415,0.8579
2006,0.5701,-0.0754,0.9231
2007,0.5203,0.0164,0.8708
2008,0.3650,-0.0029,0.8958
2009,0.1951,-0.0017,0.9856
2010,0.0642,0.0391,1.0012
2011,0.0068,0.1279,0.9709
2012,0.0010,0.0496,1.0347
2013,-0.0554,-0.0269,1.0374
2014,-0.3020,0.0271,0.9834
2015,-0.4690,0.0210,1.0444
2016,-0.5562,-0.0198,1.0559
2017,-0.4519,0.0205,0.9282
2018,-0.1423,-0.0283,0.9673
2019,0.2710,-0.0215,0.9253
2020,0.5515,0.0085,0.8567
2021,0.5747,-0.0486,0.9321
2022,0.4338,-0.0750,0.9285
2023,0.2205,-0.0471,0.8987
2024,0.0791,-0.0679,1.0093
2025,-0.0012,0.0278,0.9944
2026,0.0190,0.1497,0.9485
2027,-0.0356,0.0417,1.0649
2028,-0.1831,0.1455,0.9944
2029,-0.4534,0.0435,1.0142
2030,-0.5100,0.0410,1.0493
2031,-0.4683,-0.0383,1.0090
2032,-0.2561,-0.0569,0.9478
2033,0.1318,-0.0840,0.9224
2034,0.4575,-0.1438,0.9292
2035,0.4800,-0.0898,0.8950
2036,0.3730,-0.0044,0.9468
2037,0.2141,0.0383,0.9426
2038,0.0820,0.0391,0.9612
2039,0.0574,0.0649,0.9856
2040,0.1218,0.1157,0.9397
2041,0.1912,0.0410,0.9983
2042,-0.0181,0.0190,0.9768
2043,-0.3540,0.0405,0.9836
2044,-0.5864,-0.0774,1.0569
2045,-0.5852,0.0315,1.0200
2046,-0.4539,-0.0449,1.0337
2047,-0.0688,0.0635,0.9563
2048,0.3259,-0.0681,0.9729
2049,0.5515,-0.0139,0.9094
2050,0.4829,-0.0513,0.8794
2051,0.3145,-0.0925,0.9351
2052,0.1746,-0.0012,0.9084
2053,0.0906,-0.0005,0.9558
2054,0.1396,0.0413,0.9565
2055,0.1536,0.0601,0.9419
2056,0.0491,0.0581,1.0151
2057,-0.2542,0.0193,1.0181
2058,-0.5200,0.0503,0.9885
2059,-0.5706,-0.0781,1.0874
2060,-0.4731,0.0142,1.0237
2061,-0.1111,0.0466,0.9602
2062,0.3257,-0.0208,0.9702
2063,0.5183,-0.0071,0.9153
2064,0.4294,-0.0198,0.9202
2065,0.2529,-0.0173,0.9116
2066,0.0779,-0.0950,0.9666
2067,0.0032,-0.0525,0.9436
2068,-0.0227,0.0325,0.9136
2069,0.1636,0.0779,0.9790
2070,0.1150,0.0557,0.9934
2071,-0.1357,0.1870,0.9309
2072,-0.3547,-0.0029,1.0952
2073,-0.5044,0.0254,1.0149
2074,-0.4553,0.0225,0.9761
2075,-0.2515,-0.1599,1.0715
2076,0.1221,-0.0110,0.8677
2077,0.4558,-0.1096,0.9797
2078,0.4888,-0.0957,0.9761
2079,0.3469,0.0129,0.8665
2080,0.2219,-0.0369,0.9856
2081,0.0676,0.1150,0.9407
2082,-0.0220,0.0420,0.9026
2083,0.0989,0.0923,0.9358
2084,0.1047,0.0525,0.9614
2085,0.0081,0.1304,0.9749
2086,-0.2668,-0.0542,1.0288
2087,-0.4526,0.0044,1.0090
2088,-0.4534,-0.1465,1.0620
2089,-0.3494,-0.0454,1.0120
2090,-0.0146,0.0278,0.9785
2091,0.3186,0.0168,1.0161
2092,0.4226,-0.0054,0.9084
2093,0.3591,-0.0393,0.9231
2094,0.2622,-0.0681,0.9302
2095,0.1167,0.0117,0.9033
2096,0.0391,-0.0020,0.9417
2097,0.0771,0.0845,0.9084
2098,0.1501,0.0234,0.9644
2099,0.1025,0.0579,0.9944
2100,-0.1541,0.1240,1.0015
2101,-0.2991,0.0835,1.0823
2102,-0.4700,0.0271,1.0425
2103,-0.4697,-0.0288,1.0024
2104,-0.2190,-0.1387,0.9946
2105,0.1284,-0.0322,0.9009
2106,0.3335,-0.1541,0.9644
2107,0.3582,-0.0674,0.8953
2108,0.2251,-0.1211,0.8657
2109,0.1301,-0.0908,0.9666
2110,0.0525,0.0754,0.9536
2111,0.0649,0.1870,0.9429
2112,0.2444,0.1831,1.0129
2113,0.2300,0.0959,1.0032
2114,0.0054,0.1772,0.9260
2115,-0.2534,-0.0339,1.1008
2116,-0.4617,0.0300,0.9868
2117,-0.5566,-0.0779,0.9846
2118,-0.3672,-0.1943,1.0422
2119,0.0168,-0.0393,0.8625
2120,0.3315,-0.1008,0.9624
2121,0.4585,-0.0974,0.9976
2122,0.3345,0.0439,0.8433
2123,0.1875,-0.0400,1.0034
2124,0.0425,-0.0198,1.0256
2125,-0.0142,0.1663,0.8315
2126,0.0886,0.0593,1.0366
2127,0.1777,0.0911,0.9995
2128,0.0686,0.1653,0.8687
2129,-0.1226,0.0190,1.0706
2130,-0.2744,-0.0044,1.0100
2131,-0.4243,-0.0129,0.9475
2132,-0.3208,-0.0974,1.0364
2133,-0.0991,-0.0916,0.9583
2134,0.1677,-0.0813,0.8821
2135,0.3135,-0.1191,1.0298
2136,0.2251,-0.0408,0.9241
2137,0.1357,-0.0325,0.9309
2138,0.0596,-0.0811,1.0393
2139,0.0266,0.0669,0.9202
2140,0.1008,0.0925,0.9407
2141,0.2371,0.1777,0.9866
2142,0.1479,0.1477,0.9829
2143,-0.0471,0.1689,0.9194
2144,-0.2156,0.0132,1.0200
2145,-0.3652,-0.0725,1.0383
2146,-0.4009,0.0024,0.9055
2147,-0.1318,-0.0789,1.0181
2148,0.1318,-0.1165,0.9836
2149,0.3000,-0.0168,0.8772
2150,0.3257,-0.0969,1.0034
2151,0.2229,-0.0359,0.9644
2152,0.0273,-0.0662,0.9231
2153,-0.0786,-0.0669,1.0002
2154,-0.0879,0.0229,0.9563
2155,0.0056,0.1294,0.9338
2156,0.0469,0.0845,1.0432
2157,-0.0786,0.1084,0.9507
2158,-0.1836,0.0901,0.9700
2159,-0.2053,-0.0330,1.0669
2160,-0.2300,0.0571,0.9231
2161,-0.0588,0.0193,0.9722
2162,0.2156,-0.0322,0.9819
2163,0.2620,-0.0430,0.8833
2164,0.2253,-0.1333,0.9504
2165,0.0874,-0.1138,0.9575
2166,-0.0566,-0.1228,0.9709
2167,-0.1172,-0.1021,0.9917
2168,-0.0508,-0.0247,0.9448
2169,0.1362,-0.0007,1.0110
2170,0.2146,0.1982,0.9709
2171,0.1118,0.2529,1.0015
2172,-0.0754,0.2012,1.0295
2173,-0.2339,0.1333,0.9749
2174,-0.3315,-0.0283,1.0051
2175,-0.1343,-0.0149,0.9243
2176,0.0903,-0.1040,0.9272
2177,0.2786,-0.1616,0.9380
2178,0.2690,-0.1003,0.9019
2179,0.1267,-0.1047,0.9536
2180,-0.0942,-0.0820,0.9829
2181,-0.2800,-0.0212,0.9604
2182,-0.2795,-0.0239,1.0112
2183,-0.0762,0.0349,0.9614
2184,0.1685,0.0847,0.9897
2185,0.1980,0.1089,1.0120
2186,0.1189,0.2144,0.9612
2187,-0.0312,0.0195,1.0698
2188,-0.1826,0.0596,0.9651
2189,-0.1555,-0.0483,0.9331
2190,0.0596,-0.0913,0.9519
2191,0.2888,-0.0049,0.8909
2192,0.3149,-0.0491,0.9194
2193,0.2383,-0.0151,0.9375
2194,0.0603,-0.0762,0.9973
2195,-0.1438,-0.0244,0.9768
2196,-0.2559,-0.0310,1.0081
2197,-0.1726,-0.0684,0.9905
2198,-0.0574,-0.0037,0.9800
2199,0.0430,0.0269,0.9924
2200,0.0410,0.1455,0.9937
2201,-0.0254,0.1008,1.0103
2202,-0.0918,0.0935,1.0103
2203,-0.1052,-0.0046,0.9487
2204,0.0977,0.0327,0.8921
2205,0.2744,-0.0825,0.9700
2206,0.3452,0.0374,0.8774
2207,0.2610,-0.0396,0.9468
2208,0.0781,-0.1104,0.9983
2209,-0.1084,-0.0493,0.9448
2210,-0.2729,-0.1428,1.0022
2211,-0.1987,-0.0388,1.0005
2212,-0.0935,0.0049,0.9827
2213,-0.0186,0.1099,1.0190
2214,-0.0833,0.0979,1.0190
2215,-0.1641,0.1418,0.9641
2216,-0.2307,-0.0071,1.0308
2217,-0.1277,0.0122,0.9341
2218,0.0742,0.0188,0.8843
2219,0.3677,-0.0569,0.9624
2220,0.4636,0.0146,0.8738
2221,0.3884,-0.0356,0.9221
2222,0.2156,-0.0828,0.9924
2223,-0.0752,-0.0493,0.9556
2224,-0.2444,-0.0747,1.0210
2225,-0.2205,-0.0059,1.0083
2226,-0.1416,-0.0017,1.0012
2227,-0.0405,0.0603,1.0444
2228,-0.0813,0.1313,0.9963
2229,-0.1343,0.1394,0.9924
2230,-0.2156,0.0298,1.0276
2231,-0.2317,0.0464,0.9231
2232,-0.0591,-0.0051,0.9087
2233,0.2566,-0.1111,0.9026
2234,0.4526,-0.0864,0.8687
2235,0.4832,-0.0920,0.8840
2236,0.3435,-0.0867,0.9749
2237,0.0903,-0.0869,0.9729
2238,-0.1614,0.0085,1.0054
2239,-0.2815,0.0618,1.0659
2240,-0.1775,0.0813,1.0247
2241,-0.1003,0.0791,1.0278
2242,-0.0845,0.0999,0.9895
2243,-0.0808,0.1431,1.0073
2244,-0.1951,0.0066,0.9810
2245,-0.1926,0.0134,0.9253
2246,-0.1033,-0.1892,0.9504
2247,0.0955,-0.0215,0.8674
2248,1.6523,0.0120,0.8958
2249,1.9998,0.0444,0.9885
2250,1.9998,0.5862,0.8667
2251,1.9998,0.3716,1.1428
2252,1.9998,0.3740,0.5178
2253,1.9998,-0.0828,0.3577
2254,1.9998,-0.4961,0.6611
2255,1.9136,0.1785,0.5288
2256,-1.7559,-0.1562,1.3354
2257,-1.9980,-0.2861,1.1831
2258,-1.9978,-0.7258,1.2102
2259,-1.9978,0.2600,1.3450
2260,-1.9978,-0.3235,1.8567
2261,-1.9978,1.2095,0.8821
2262,-1.9980,0.3357,1.3950
2263,0.1741,-0.3787,0.9299
2264,1.9998,0.3872,0.0359
2265,1.9998,0.1140,0.8108
2266,1.9998,-0.4204,0.9536
2267,1.9998,-0.6311,0.3821
2268,1.9998,-0.5786,1.2466
2269,1.9998,-0.1628,1.6919
2270,1.9780,0.3591,0.7437
2271,1.9316,0.2373,0.9182
2272,1.9998,-0.1199,0.8608
2273,1.9998,0.3201,-0.0115
2274,1.0466,0.4736,0.3948
2275,-0.9180,0.1003,0.8264
2276,-1.9978,-0.5422,0.5784
2277,-1.9978,-0.8303,1.1829
2278,-1.9980,-0.6206,1.9998
2279,-1.0686,0.4993,1.9370
2280,1.2644,0.6597,1.9998
2281,1.9998,0.7009,1.9556
2282,1.9998,0.9949,1.0132
2283,1.9998,0.7710,0.5159
2284,1.2163,0.3569,-0.3225
2285,0.1514,-0.2122,-1.1929
2286,-0.2764,-1.2644,-0.9380
2287,-0.5815,-1.4592,-0.4331
2288,-0.7756,-1.3794,0.5972
2289,-1.2339,-1.0696,1.8271
2290,-1.9727,0.0361,1.9998
2291,-1.9978,0.7534,1.9998
2292,-1.9978,1.6011,1.9998
2293,-1.9980,1.9041,1.9998
2294,-1.7590,1.6804,1.6792
2295,-0.4963,0.6306,0.3481
2296,1.0974,-0.5325,-1.0522
2297,1.9998,-1.6685,-1.6580
2298,1.9998,-2.0000,-1.6313
2299,1.9998,-1.9424,-1.0513
2300,1.7612,-1.4614,0.2686
2301,0.7107,-0.0269,1.5881
2302,-0.2112,1.0437,1.9998
2303,-0.9233,1.9468,1.9998
2304,-1.1331,1.9980,1.9998
2305,-1.2378,1.9946,1.9998
2306,-1.4097,1.0054,1.7620
2307,-1.4875,-0.3340,0.6245
2308,-1.2036,-1.3860,-0.4033
2309,-0.5498,-2.0000,-0.9871
2310,0.6880,-2.0000,-1.2126
2311,1.8079,-1.6567,-0.6296
2312,1.9998,-0.6340,0.3254
2313,1.9998,0.5056,1.0620
2314,1.9067,1.4080,1.8962
2315,0.6902,1.9788,1.9998
2316,-0.6091,1.8074,1.9998
2317,-1.5481,1.4851,1.9998
2318,-1.8521,0.5044,1.7610
2319,-1.7700,-0.4749,0.8938
2320,-1.5754,-1.2417,0.2351
2321,-1.1633,-1.5991,0.0378
2322,-0.7034,-1.5854,-0.0540
2323,-0.1462,-0.9993,0.0547
2324,0.6189,-0.4004,0.5579
2325,1.4255,0.4712,0.9319
2326,1.7595,0.8872,1.2561
2327,1.7378,1.1267,1.4458
2328,1.0200,0.9236,1.6665
2329,0.1360,0.8459,1.4985
2330,-0.6743,0.2786,1.3831
2331,-1.2251,-0.2107,1.0256
2332,-1.2483,-0.6763,0.8159
2333,-1.0764,-0.8325,0.6943
2334,-0.8098,-0.6128,0.5933
2335,-0.5542,-0.4377,0.7698
2336,-0.3274,-0.0769,0.8345
2337,0.0444,0.2126,0.9282
2338,0.5864,0.2429,1.0356
2339,1.1316,0.3352,0.9729
2340,1.5024,0.1370,1.1157
2341,1.4158,0.2549,1.0559
2342,0.9263,0.1418,1.0659
2343,0.2104,0.0574,1.0591
2344,-0.6370,-0.0063,0.9263
2345,-1.1809,-0.1672,0.9146
2346,-1.3110,-0.1323,0.9231
2347,-1.1519,-0.0002,0.8469
2348,-0.7102,-0.0469,0.9663
2349,-0.2290,-0.0466,0.9617
2350,0.3000,0.0977,0.9504
2351,0.7163,-0.1885,1.1040
2352,1.0203,-0.0847,0.9329
2353,1.1567,-0.0693,1.0103
2354,0.9507,-0.0991,1.0874
2355,0.5720,0.0588,0.8801
2356,0.0051,-0.0686,1.0337
2357,-0.5425,0.1396,1.0237
2358,-0.8833,0.2690,0.9407
2359,-0.9524,0.2107,0.9663
2360,-0.8335,0.2100,0.8997
2361,-0.5698,-0.0022,0.8684
2362,-0.2710,-0.0361,0.8879
2363,0.0859,-0.0532,0.9321
2364,0.3823,-0.0095,0.9663
2365,0.5095,-0.0715,1.0032
2366,0.6646,-0.0469,1.0083
2367,0.7009,-0.1865,1.0627
2368,0.5740,-0.1665,1.0159
2369,0.3840,-0.2275,1.0454
2370,0.0242,-0.1772,1.0317
2371,-0.2971,-0.0605,0.9683
2372,-0.5862,-0.0024,0.9448
2373,-0.6409,0.1775,0.8931
2374,-0.5168,0.1760,0.9106
2375,-0.2437,0.3667,0.8450
2376,-0.0293,0.2742,0.9019
2377,0.1467,0.1765,0.9429
2378,0.1667,0.0276,0.9934
2379,0.1011,0.0076,1.0315
2380,0.1082,-0.0852,1.0813
2381,0.1873,-0.1750,1.0657
2382,0.2983,-0.1870,1.0171
2383,0.3694,-0.3508,0.9856
2384,0.4417,-0.2249,0.8909
2385,0.2971,-0.1069,0.9106
2386,-0.0066,0.0818,0.9087
2387,-0.2319,0.1602,0.8567
2388,-0.3528,0.1277,0.9458
2389,-0.4094,0.0979,0.9556
2390,-0.3499,0.1013,0.9937
2391,-0.2981,0.0117,1.1167
2392,-0.2097,0.0967,1.0725
2393,-0.1204,0.1370,1.0425
2394,0.0107,0.1023,1.0334
2395,0.2910,0.1357,0.9214
2396,0.4858,0.0352,0.8687
2397,0.5962,-0.1482,0.8501
2398,0.5396,-0.2603,0.7925
2399,0.2910,-0.2883,0.8323
2400,-0.0803,-0.2114,0.9790
2401,-0.3167,-0.0408,0.9868
2402,-0.4807,0.0564,1.1011
2403,-0.4321,0.0789,1.1731
2404,-0.3130,0.2498,1.1145
2405,-0.2056,0.3184,1.0767
2406,-0.0359,0.2671,1.0737
2407,0.0769,0.1125,0.8909
2408,0.1697,-0.0588,0.7722
2409,0.3220,-0.3352,0.8245
2410,0.4111,-0.2698,0.7007
2411,0.3892,-0.2515,0.8286
2412,0.2417,-0.2397,0.9741
2413,0.0713,-0.0012,1.0024
2414,-0.1526,0.0928,1.1479
2415,-0.2502,0.2644,1.2007
2416,-0.2900,0.2346,1.1614
2417,-0.2632,0.2505,1.0833
2418,-0.1907,0.0664,1.0601
2419,-0.0635,0.1189,0.8821
2420,-0.0193,-0.0422,0.8528
2421,0.0295,-0.1562,0.8228
2422,0.0757,-0.1489,0.7271
2423,0.1541,-0.1304,0.8196
2424,0.2966,-0.0913,0.9163
2425,0.3027,0.0237,0.9448
2426,0.3254,-0.0198,1.0530
2427,0.1831,-0.0552,1.1060
2428,0.0020,0.0007,1.0901
2429,-0.1895,0.0132,1.1370
2430,-0.2898,0.1169,1.0581
2431,-0.2893,0.0291,1.0078
2432,-0.2373,0.0027,0.9319
2433,-0.1274,0.0366,0.8879
2434,-0.0525,-0.0576,0.8892
2435,0.0034,0.0984,0.8345
2436,-0.0020,-0.0291,0.9456
2437,0.0886,0.1216,0.9006
2438,0.1736,-0.0085,0.9788
2439,0.3503,0.1055,1.0042
2440,0.3083,-0.0442,1.0491
2441,0.2563,0.0486,0.9736
2442,0.0957,-0.0251,1.0510
2443,-0.1687,0.0134,1.0269
2444,-0.2769,0.0725,0.9290
2445,-0.2842,-0.1296,1.0305
2446,-0.2146,-0.1155,0.9194
2447,-0.1060,-0.1572,0.8977
2448,-0.0540,-0.1631,0.9751
2449,-0.0342,-0.0293,0.9377
2450,-0.0303,0.0132,0.9758
2451,0.0542,0.0820,1.0212
2452,0.2314,0.1558,0.9692
2453,0.4382,0.2529,0.9817
2454,0.4683,0.1692,0.9976
2455,0.3159,0.1106,0.9067
2456,0.0442,-0.0789,0.9214
2457,-0.2222,-0.1829,0.9358
2458,-0.4731,-0.1877,0.8997
2459,-0.4758,-0.1099,0.9614
2460,-0.3403,-0.0752,1.0569
2461,-0.1514,0.0623,1.0059
2462,-0.0010,0.0334,1.0688
2463,0.1494,0.0991,1.0696
2464,0.1609,0.0874,1.0403
2465,0.1694,0.0647,0.9868
2466,0.2097,0.0071,0.9260
2467,0.2505,-0.0547,0.8813
2468,0.2654,-0.0269,0.8547
2469,0.2117,-0.0090,0.8635
2470,0.1089,-0.0291,0.9104
2471,-0.1116,-0.0081,0.9263
2472,-0.2883,0.0249,0.9810
2473,-0.3987,0.0178,1.0503
2474,-0.3433,0.1025,1.0227
2475,-0.2368,0.0054,1.1301
2476,-0.1062,0.0115,1.0454
2477,0.0432,-0.0293,1.0063
2478,0.1140,-0.0718,1.0315
2479,0.1218,0.0156,0.8987
2480,0.1904,-0.0007,0.8843
2481,0.3611,-0.0256,0.8870
2482,0.4509,0.0007,0.8518
2483,0.4011,-0.0391,0.8918
2484,0.2168,-0.0269,0.9331
2485,-0.0410,-0.0510,1.0024
2486,-0.3684,-0.0649,1.0249
2487,-0.4932,0.0334,1.0374
2488,-0.4338,0.0234,1.0962
2489,-0.2454,0.1782,1.0337
2490,-0.1008,0.1099,1.0103
2491,0.0066,0.0425,0.9875
2492,0.0759,0.0435,0.9299
2493,0.0166,-0.0415,0.9116
2494,0.1223,-0.0237,0.8735
2495,0.2615,-0.1680,0.8977
2496,0.3989,-0.0510,0.8970
2497,0.4441,-0.1458,0.9944
2498,0.3459,0.0120,0.9419
2499,0.1150,0.0432,1.0198
2500,-0.1775,0.0513,1.0776
2501,-0.4355,0.1987,0.9553
2502,-0.5151,0.0854,1.0422
2503,-0.4663,0.0256,0.9988
2504,-0.3684,-0.0061,0.8745
2505,-0.1501,-0.0818,0.9749
2506,0.0237,-0.1621,0.9995
2507,0.1482,-0.0583,0.8921
2508,0.1980,-0.0608,1.0022
2509,0.3445,0.0588,0.9839
2510,0.4985,0.0740,0.9448
2511,0.4587,0.0562,0.9856
2512,0.3884,0.0671,0.9397
2513,0.1816,-0.0051,0.9553
2514,-0.1321,0.0212,0.9253
2515,-0.3816,-0.0334,0.9556
2516,-0.4670,-0.1099,0.9634
2517,-0.4160,0.0579,0.9446
2518,-0.2896,0.0605,1.0481
2519,-0.1653,0.0613,1.0198
2520,0.0178,0.0259,1.0188
2521,0.0537,-0.0552,1.0298
2522,0.1028,-0.0315,0.9761
2523,0.2588,-0.0559,0.9497
2524,0.4116,0.0056,0.9136
2525,0.4929,-0.0708,0.9319
2526,0.4663,-0.0457,0.8423
2527,0.2600,0.0049,0.8804
2528,-0.0417,0.0151,0.9995
2529,-0.3394,0.1646,0.9084
2530,-0.5220,0.0596,1.0217
2531,-0.4199,0.0046,1.0718
2532,-0.3530,0.0601,0.9739
2533,-0.2039,0.0210,1.0640
2534,-0.0620,-0.1206,1.1089
2535,-0.0500,-0.0581,0.9067
2536,0.0156,-0.0786,1.0129
2537,0.1472,-0.0459,0.9661
2538,0.3684,0.1060,0.7952
2539,0.5818,-0.0535,0.9456
2540,0.5994,0.0632,0.8411
2541,0.4438,-0.0095,0.8442
2542,0.1299,-0.0623,1.0063
2543,-0.2930,0.0471,0.9517
2544,-0.5178,0.0015,1.0454
2545,-0.5403,-0.0286,1.1079
2546,-0.3684,0.1309,1.0083
2547,-0.1506,0.0676,1.0874
2548,0.0281,0.0862,1.0217
2549,0.0569,0.0115,0.9456
2550,-0.0112,0.0227,0.9443
2551,-0.0378,-0.0198,0.8792
2552,0.0698,-0.1055,0.8694
2553,0.2739,-0.1028,0.8804
2554,0.4829,-0.1016,0.8833
2555,0.5669,-0.1245,0.9556
2556,0.4526,-0.0286,0.9771
2557,0.1416,0.0647,1.0422
2558,-0.1829,0.1116,1.0591
2559,-0.3687,0.1611,1.0471
2560,-0.4734,0.0742,1.0464
2561,-0.3931,0.0449,1.0032
2562,-0.2881,0.0254,0.9622
2563,-0.2112,-0.0239,0.9526
2564,-0.0693,-0.0605,0.9712
2565,0.0081,-0.0559,0.8723
2566,0.1794,-0.0198,0.9006
2567,0.3679,-0.0979,0.9656
2568,0.4314,0.0530,0.8391
2569,0.4204,-0.0347,0.9653
2570,0.3455,-0.0486,1.0237
2571,0.1184,0.0786,0.9358
2572,-0.0684,0.0479,1.0471
2573,-0.2102,0.0112,1.0513
2574,-0.2874,0.0725,0.9614
2575,-0.3931,-0.0034,1.0422
2576,-0.4016,0.0173,0.9907
2577,-0.3730,-0.0828,0.9546
2578,-0.3127,-0.0095,0.9644
2579,-0.1125,-0.0278,0.9526
2580,0.2095,-0.0344,0.9136
2581,0.4656,-0.0249,0.9377
2582,0.6765,-0.0105,0.9446
2583,0.6851,-0.0042,0.9263
2584,0.4958,0.0264,0.9612
2585,0.1978,0.1047,1.0161
2586,-0.1643,0.1350,0.9917
2587,-0.3420,0.0913,1.0044
2588,-0.4194,-0.0732,0.9885
2589,-0.4312,-0.0164,0.9260
2590,-0.3745,-0.0776,1.0159
2591,-0.3206,-0.0125,0.9829
2592,-0.2495,-0.0154,0.9768
2593,-0.1289,-0.0442,1.0315
2594,0.0806,0.0452,0.9338
2595,0.4072,0.0215,0.9749
2596,0.6118,-0.0979,0.9761
2597,0.6479,-0.0425,0.8555
2598,0.5398,-0.1709,0.9504
2599,0.2283,-0.0310,0.9329
2600,-0.1516,0.0586,0.9185
2601,-0.4221,0.0503,1.0024
2602,-0.4797,0.0757,1.0063
2603,-0.4172,0.1418,0.9653
2604,-0.3047,0.1243,1.0435
2605,-0.1431,0.0552,1.0432
2606,-0.0999,0.0559,0.9954
2607,-0.0288,-0.0188,1.0383
2608,0.0637,-0.0645,1.0100
2609,0.1826,-0.0930,0.9067
2610,0.3328,-0.1077,0.9495
2611,0.4526,-0.1077,0.9185
2612,0.3547,-0.0798,0.8638
2613,0.2942,0.0237,0.9031
2614,0.0718,0.0171,0.9729
2615,-0.1685,0.1096,0.9243
2616,-0.2339,0.1201,0.9934
2617,-0.3169,0.0229,1.0393
2618,-0.2373,0.0698,0.9751
2619,-0.2041,-0.0796,1.0842
2620,-0.1497,0.0535,1.0481
2621,-0.0781,0.0066,1.0645
2622,-0.0437,0.0291,1.0132
2623,0.0811,0.0527,0.9263
2624,0.2290,-0.0630,0.9448
2625,0.3074,-0.0383,0.8215
2626,0.2856,-0.1689,0.8511
2627,0.3064,-0.1724,0.8909
2628,0.1589,-0.0046,0.8635
2629,0.0667,0.0498,0.9839
2630,0.0552,0.0500,1.0559
2631,-0.0706,0.1238,1.0034
2632,-0.1592,0.0835,1.1018
2633,-0.2688,0.0247,1.0991
2634,-0.3413,0.1111,1.0120
2635,-0.3989,0.0056,1.0901
2636,-0.2437,0.0615,0.9695
2637,-0.1079,-0.1082,0.8967
2638,0.1501,-0.1077,0.8586
2639,0.3594,-0.1536,0.8450
2640,0.3848,-0.1318,0.8608
2641,0.3540,0.0088,0.8882
2642,0.2527,0.0410,0.9944
2643,0.0913,0.0759,1.0220
2644,0.0786,0.1262,0.9927
2645,0.0935,0.1045,1.0999
2646,-0.0293,0.1055,1.0588
2647,-0.0920,0.1394,0.9819
2648,-0.3188,-0.0698,1.0510
2649,-0.4807,-0.0068,0.9497
2650,-0.4895,-0.0259,0.9331
2651,-0.3374,-0.0203,0.9211
2652,-0.0217,-0.0688,0.8716
2653,0.3481,-0.1174,0.8862
2654,0.5513,-0.0959,0.8950
2655,0.6033,-0.1138,0.9475
2656,0.4385,-0.0815,1.0066
2657,0.1724,0.0693,1.0110
2658,-0.0327,0.0706,1.0618
2659,-0.1450,0.1184,1.0286
2660,-0.1750,0.1282,1.0063
2661,-0.1877,0.0723,1.0083
2662,-0.2095,0.0491,0.9338
2663,-0.2612,0.0217,0.9358
2664,-0.3313,-0.0427,0.9399
2665,-0.2739,-0.0559,0.9036
2666,-0.0811,-0.1282,0.9133
2667,0.2251,-0.0308,0.9497
2668,0.4194,-0.0798,0.9673
2669,0.5144,0.0229,0.9592
2670,0.4243,-0.0403,1.0562
2671,0.1873,0.0930,1.0198
2672,-0.0515,0.1213,0.9946
2673,-0.2117,0.0493,1.0188
2674,-0.2612,0.0728,0.9363
2675,-0.2219,-0.0110,0.9087
2676,-0.1902,-0.0178,0.9341
2677,-0.1333,-0.0220,0.9397
2678,-0.0945,0.0588,0.9399
2679,-0.1194,-0.0427,0.9897
2680,0.0430,-0.0332,0.9702
2681,0.1577,-0.0908,0.9751
2682,0.2888,-0.0188,0.9944
2683,0.3716,-0.0815,1.0103
2684,0.2700,-0.0400,0.9380
2685,0.1348,0.0015,1.0168
2686,-0.0574,0.0693,0.9878
2687,-0.1870,0.1548,0.9172
2688,-0.2244,0.0488,0.9897
2689,-0.1836,0.1021,0.8997
2690,-0.1421,-0.0095,0.9153
2691,0.0186,0.0181,0.9709
2692,-0.0354,-0.0498,1.0034
2693,-0.0776,0.0569,0.9741
2694,-0.0723,-0.0396,1.0464
2695,0.0361,0.0107,1.0129
2696,0.1235,-0.0391,0.9775
2697,0.2129,-0.0234,0.9604
2698,0.2305,-0.1443,0.9495
2699,0.1501,-0.0671,0.9045
2700,0.0029,-0.0332,0.9448
2701,-0.1038,-0.0005,0.9575
2702,-0.1116,0.0200,0.9272
2703,-0.1543,0.0251,0.9592
2704,-0.0403,0.0757,0.9927
2705,-0.0046,0.0347,1.0149
2706,-0.0029,0.1697,1.0103
2707,0.0156,0.0850,1.0862
2708,0.0054,0.0720,0.9670
2709,0.0767,-0.0098,0.9651
2710,0.1475,-0.0925,0.9712
2711,0.2173,-0.0374,0.8403
2712,0.1824,-0.2170,0.9348
2713,0.0881,-0.1392,0.8862
2714,-0.0537,-0.0889,0.9048
2715,-0.1125,-0.0454,1.0054
2716,-0.1274,0.1514,0.9827
2717,-0.0730,0.1733,1.0315
2718,-0.0151,0.1697,1.0767
2719,-0.0005,0.1233,0.9790
2720,-0.0190,0.0493,1.0640
2721,-0.1086,-0.0056,1.0164
2722,-0.0471,0.0649,0.9058
2723,-0.0210,-0.1621,0.9927
2724,0.0757,-0.0811,0.8433
2725,0.1438,-0.1887,0.8479
2726,0.1782,-0.2163,0.9468
2727,0.1057,-0.0325,0.9006
2728,-0.0181,0.0945,0.9897
2729,-0.1074,0.0803,1.0862
2730,-0.0698,0.1416,0.9819
2731,-0.0432,0.0505,1.0500
2732,0.0930,0.1162,1.0669
2733,0.1355,0.1465,0.9788
2734,0.0378,0.0085,0.9937
2735,-0.0400,0.0017,0.9819
2736,-0.2153,-0.1023,0.9211
2737,-0.1587,0.0579,0.8733
2738,-0.0332,-0.1123,0.9690
2739,0.0728,-0.0496,0.8479
2740,0.2092,-0.1299,0.9006
2741,0.2253,-0.1309,1.0139
2742,0.1167,-0.0198,0.9700
2743,-0.0225,0.0869,1.0400
2744,-0.1411,0.0620,1.1135
2745,-0.1343,0.1521,1.0266
2746,-0.0544,0.0754,1.0005
2747,0.0266,0.0427,1.0161
2748,0.0720,-0.0352,0.9146
2749,-0.0193,-0.0076,0.8762
2750,-0.0591,-0.0371,0.9321
2751,-0.1436,-0.0940,0.9006
2752,-0.1150,0.0261,0.8420
2753,0.0669,-0.0615,0.9907
2754,0.1895,0.0103,0.9524
2755,0.2273,0.0015,0.9524
2756,0.2344,-0.0271,1.1274
2757,0.0854,0.0437,1.0708
2758,-0.0146,0.1074,1.0237
2759,-0.1023,0.0312,1.0981
2760,-0.1790,0.0408,0.9292
2761,-0.1375,0.0432,0.9302
2762,-0.1182,-0.0591,0.9417
2763,-0.0017,0.0620,0.8413
2764,-0.0500,-0.1133,0.9292
2765,0.0681,0.0645,0.8811
2766,0.1541,-0.0417,0.9514
2767,0.2019,-0.0203,0.9543
2768,0.1731,-0.0535,1.0002
2769,0.1394,-0.0962,1.0256
2770,0.0364,-0.0413,1.0288
2771,-0.0308,-0.0339,1.0657
2772,-0.1616,0.0623,1.0227
2773,-0.1592,0.0938,0.9680
2774,-0.0916,0.0818,0.9585
2775,-0.1335,0.0249,0.9143
2776,-0.0664,0.0518,0.8638
2777,-0.0957,-0.1038,0.9475
2778,-0.0793,0.0454,0.9045
2779,-0.0486,-0.0745,0.9622
2780,0.0608,0.0063,0.9712
2781,0.2654,-0.0425,1.0012
2782,0.3533,0.0356,1.0071
2783,0.3279,0.0149,1.0168
2784,0.2383,0.0195,1.0159
2785,-0.0664,0.0007,0.9819
2786,-0.2148,0.0417,1.0022
2787,-0.3228,-0.0139,0.9563
2788,-0.2998,0.0615,0.8850
2789,-0.1414,-0.0605,0.9927
2790,0.0022,0.0493,0.8931
2791,0.0906,-0.0073,0.9446
2792,0.0986,-0.0720,1.0337
2793,0.0437,0.0623,0.9417
2794,0.0642,0.0552,0.9993
2795,0.1689,0.0225,1.0298
2796,0.2100,0.0251,0.9546
2797,0.2715,-0.0098,0.9556
2798,0.2446,-0.0410,0.9604
2799,0.0784,-0.0811,0.9399
2800,-0.2249,-0.0654,0.9478
2801,-0.3860,0.0134,0.9683
2802,-0.4343,-0.0212,0.9712
2803,-0.2952,0.0781,0.9321
2804,-0.0740,-0.0156,0.9944
2805,0.1201,0.0530,0.9797
2806,0.1926,0.0142,0.9934
2807,0.1714,0.0508,1.0161
2808,0.0825,0.0022,0.9673
2809,0.0986,-0.0620,0.9614
2810,0.1780,0.0007,0.9470
2811,0.2188,-0.0107,0.9602
2812,0.2759,0.0129,0.9312
2813,0.1331,-0.0181,0.9485
2814,-0.0667,-0.0264,0.9819
2815,-0.2893,-0.0356,0.9556
2816,-0.3928,0.0681,0.9731
2817,-0.3462,0.0137,1.0325
2818,-0.1746,0.0842,0.9663
2819,-0.0137,-0.0300,0.9905
2820,0.0903,0.0054,0.9817
2821,0.1272,-0.0400,1.0022
2822,0.1519,0.0618,0.9468
2823,0.1477,0.0557,0.9556
2824,0.1904,-0.0698,0.9478
2825,0.2812,-0.0010,0.8684
2826,0.2388,-0.1548,0.9302
2827,0.1914,-0.0303,0.9146
2828,0.0291,-0.0422,0.9641
2829,-0.2017,0.0706,0.9836
2830,-0.3140,0.0166,1.0305
2831,-0.2908,0.1018,1.0259
2832,-0.2043,0.1467,1.0432
2833,-0.0774,0.0703,1.0549
2834,-0.0234,-0.0081,0.9749
2835,-0.0117,-0.0657,0.9602
2836,-0.0078,-0.1316,0.9690
2837,0.0681,-0.0615,0.8911
2838,0.2363,-0.0552,0.9194
2839,0.3474,0.0000,0.9114
2840,0.3228,0.0156,0.8882
2841,0.2876,0.0027,0.9565
2842,0.0540,-0.0027,0.9780
2843,-0.1787,0.0869,0.9846
2844,-0.3186,0.0920,1.0679
2845,-0.3872,0.0830,1.0208
2846,-0.3130,0.0427,1.0227
2847,-0.1599,-0.0029,0.9985
2848,-0.0471,-0.0381,0.9827
2849,0.0789,-0.0859,0.9612
2850,0.1099,-0.0706,0.9241
2851,0.1667,-0.0957,0.9241
2852,0.3030,-0.0588,0.9048
2853,0.3777,0.0527,0.8923
2854,0.4294,0.0217,0.9719
2855,0.3638,0.0681,0.9268
2856,0.1162,0.0217,1.0042
2857,-0.1033,0.0649,1.0481
2858,-0.3462,0.1208,0.9827
2859,-0.4250,0.0051,1.0259
2860,-0.3704,-0.0186,0.9985
2861,-0.2617,0.0110,0.9211
2862,-0.1423,-0.0581,1.0298
2863,-0.0461,-0.0291,0.9517
2864,-0.0308,-0.0510,0.9380
2865,0.0535,-0.1089,0.9878
2866,0.2107,-0.0229,0.9260
2867,0.3350,0.0256,0.9436
2868,0.4624,0.0752,1.0063
2869,0.4106,0.0254,0.9263
2870,0.2427,0.0427,0.9468
2871,-0.0022,-0.0027,1.0198
2872,-0.2244,0.0952,0.9670
2873,-0.3579,0.0427,0.9905
2874,-0.3333,-0.0339,0.9800
2875,-0.3022,-0.0747,0.9368
2876,-0.1511,-0.0112,0.9797
2877,-0.0938,-0.0254,1.0325
2878,-0.0178,0.0139,0.9526
2879,0.0793,-0.0398,0.9849
2880,0.1096,-0.0730,0.9651
2881,0.3220,0.0442,0.9104
2882,0.4197,-0.0444,0.9788
2883,0.4067,0.0249,0.9019
2884,0.2605,-0.0613,0.9377
2885,0.0447,-0.0054,0.9966
2886,-0.1895,0.1152,0.9692
2887,-0.3000,0.0852,1.0073
2888,-0.3342,0.0525,1.0327
2889,-0.2576,0.1086,0.9456
2890,-0.2117,-0.0173,1.0278
2891,-0.1201,-0.0891,0.9954
2892,-0.0923,-0.0498,0.9290
2893,-0.0291,-0.1157,1.0220
2894,0.1213,0.0122,0.9348
2895,0.2019,-0.0842,0.9075
2896,0.4197,0.0129,0.9573
2897,0.5015,-0.0566,0.9282
2898,0.4556,0.1104,0.8911
2899,0.2559,-0.0452,1.0200
2900,0.0283,0.1396,0.9485
2901,-0.3420,-0.0371,1.0024
2902,-0.4194,0.1177,1.0032
2903,-0.4609,-0.0334,1.0286
2904,-0.3735,0.0632,0.9700
2905,-0.2573,-0.0525,1.0178
2906,-0.1128,-0.0139,0.9995
2907,-0.0090,-0.0134,0.9534
2908,0.0986,-0.0081,0.9788
2909,0.2739,-0.0547,0.9604
2910,0.4246,0.0503,0.8948
2911,0.4976,-0.0215,0.9673
2912,0.4858,-0.0537,0.9321
2913,0.2954,-0.0427,0.8862
2914,0.1216,-0.0344,1.0090
2915,-0.1074,0.0300,0.9741
2916,-0.3518,0.1025,0.9390
2917,-0.3997,0.0442,1.0679
2918,-0.4358,0.0608,0.9839
2919,-0.4084,0.0828,0.9741
2920,-0.2278,-0.0867,1.0562
2921,-0.0876,0.0459,0.9338
2922,0.0371,-0.0574,0.9973
2923,0.2534,-0.0059,0.9907
2924,0.4302,-0.0332,0.9106
2925,0.4841,-0.0657,0.9377
2926,0.4363,-0.1140,0.9280
2927,0.2534,-0.0813,0.9065
2928,0.0867,0.0200,0.9575
2929,-0.1689,0.0483,0.9937
2930,-0.2908,0.0945,0.9419
2931,-0.2837,0.0950,1.0110
2932,-0.2661,0.0842,1.0149
2933,-0.2537,0.0884,0.9846
2934,-0.2329,-0.0281,1.0227
2935,-0.1938,-0.0193,0.9983
2936,-0.0979,-0.0752,0.9849
2937,0.0940,-0.0303,0.9875
2938,0.2869,-0.0579,0.9407
2939,0.5437,0.0586,0.9163
2940,0.5249,-0.1272,0.9595
2941,0.4624,0.0415,0.8550
2942,0.2458,-0.0891,0.9885
2943,-0.0730,0.0981,0.9514
2944,-0.2905,0.0959,0.9485
2945,-0.3928,0.0308,1.0249
2946,-0.4084,0.0144,0.9761
2947,-0.3267,-0.0273,0.9758
2948,-0.1353,-0.0439,1.0647
2949,-0.0874,-0.0088,0.9927
2950,-0.0247,0.0532,0.9722
2951,0.0220,-0.0710,1.0298
2952,0.1687,0.0239,0.8977
2953,0.3408,-0.0310,0.9329
2954,0.4783,-0.0613,0.9514
2955,0.4900,-0.0398,0.8479
2956,0.3718,-0.0632,0.9387
2957,0.0798,-0.0188,1.0044
2958,-0.2031,0.1682,0.9309
2959,-0.3577,0.0933,1.0444
2960,-0.4370,0.0483,1.0315
2961,-0.3516,0.0654,0.9480
2962,-0.2466,-0.0037,1.0613
2963,-0.1150,0.0425,1.0354
2964,-0.0776,0.0833,0.9563
2965,-0.0566,-0.1143,1.0042
2966,0.0667,-0.1477,0.9534
2967,0.2312,-0.0955,0.8499
2968,0.3350,-0.0728,0.9622
2969,0.4575,0.0012,0.9077
2970,0.3992,0.0471,0.8577
2971,0.1951,-0.0361,0.9915
2972,0.0015,0.0669,0.9624
2973,-0.1978,0.1108,0.9417
2974,-0.2681,0.1072,1.0627
2975,-0.2944,-0.0154,1.0110
2976,-0.2244,0.0364,0.9722
2977,-0.1304,-0.0247,1.0979
2978,-0.1377,0.0581,1.0286
2979,-0.1306,-0.0042,0.9819
2980,-0.0879,-0.0576,0.9993
2981,0.0261,-0.0688,0.8911
2982,0.2732,-0.0159,0.8738
2983,0.4233,-0.0520,0.9175
2984,0.4272,-0.0898,0.8862
2985,0.3657,-0.0139,0.8892
2986,0.1204,-0.0168,1.0239
2987,-0.0894,0.1160,0.9839
2988,-0.2021,0.1111,1.0208
2989,-0.3179,0.0100,1.0686
2990,-0.2251,0.0754,1.0032
2991,-0.1709,-0.0171,1.0288
2992,-0.0986,0.0679,1.0210
2993,-0.1184,-0.0310,0.9907
2994,-0.0706,-0.0171,0.9055
2995,0.0115,-0.1052,0.9319
2996,0.1604,-0.0881,0.9065
2997,0.3008,0.0261,0.8684
2998,0.3044,-0.0791,0.9856
2999,0.2749,0.0583,0.9360
3000,0.1289,-0.0210,0.9846
3001,-0.0273,0.0413,1.0305
3002,-0.1348,0.0781,0.9827
3003,-0.1096,0.1277,0.9956
3004,-0.1379,-0.0371,1.0396
3005,-0.1450,0.1038,0.9146
3006,-0.2075,-0.0566,1.0002
3007,-0.2415,0.0039,0.9927
3008,-0.2734,-0.0266,0.9175
3009,-0.1499,-0.0505,0.9641
3010,0.1125,-0.1614,0.9612
3011,0.3687,-0.0771,0.8735
3012,0.4458,-0.1099,0.9683
3013,0.4282,0.0500,0.9976
3014,0.2783,0.0874,0.9775
3015,0.0127,0.1201,1.0286
3016,-0.1313,0.0996,0.9934
3017,-0.1628,0.0579,0.9712
3018,-0.1448,0.0439,0.9995
3019,-0.1001,0.0847,0.9526
3020,-0.0745,0.0107,0.9517
3021,-0.1680,-0.1101,1.0081
3022,-0.1680,0.0276,0.8801
3023,-0.1663,-0.1558,0.9868
3024,0.0488,-0.0647,0.9517
3025,0.2419,-0.0430,0.9192
3026,0.3015,-0.0474,0.9768
3027,0.3298,-0.0737,1.0051
3028,0.1621,0.0063,0.9517
3029,-0.0715,0.0525,1.0347
3030,-0.1289,0.1345,1.0249
3031,-0.1445,0.1267,0.9399
3032,-0.0845,0.0901,0.9771
3033,0.0110,0.0264,0.9429
3034,-0.0273,0.0090,0.9092
3035,-0.0476,0.0093,1.0061
3036,-0.1812,0.0278,0.9739
3037,-0.1602,-0.0325,0.9312
3038,-0.0620,-0.1433,1.0032
3039,0.0776,-0.1587,0.9338
3040,0.2578,-0.0884,0.9331
3041,0.3218,-0.1309,1.0337
3042,0.1814,0.0522,0.9631
3043,0.0334,0.1362,0.9907
3044,-0.0637,0.1343,1.0413
3045,-0.1245,0.1323,0.9517
3046,-0.1270,0.1626,0.9241
3047,-0.0308,0.0039,0.9907
3048,-0.0210,0.0159,0.9114
3049,-0.0486,0.0010,0.9399
3050,-0.1213,-0.0911,1.0366
3051,-0.1472,-0.0693,0.9446
3052,-0.0371,-0.0557,0.9517
3053,0.1372,-0.0789,1.0308
3054,0.2507,-0.0168,0.9309
3055,0.2822,-0.0420,0.9556
3056,0.1479,-0.0569,1.0247
3057,-0.0166,0.0400,0.9290
3058,-0.1440,-0.0056,0.9944
3059,-0.1472,0.0503,0.9631
3060,-0.1038,0.1128,0.9341
3061,0.0188,0.0916,0.9690
3062,0.1284,0.0950,0.9507
3063,0.0146,-0.0652,0.9749
3064,-0.0842,0.0269,0.9829
3065,-0.1221,-0.0503,0.9731
3066,-0.0957,-0.0312,0.9644
3067,-0.0391,-0.1355,0.9858
3068,0.1711,0.0049,0.9231
3069,0.2471,-0.1587,1.0171
3070,0.2349,-0.0093,0.9741
3071,0.0320,0.0869,0.9465
3072,-0.1348,0.0610,1.0667
3073,-0.1616,0.1182,0.9358
3074,-0.1589,0.1006,0.9399
3075,0.0115,0.0024,1.0171
3076,0.1514,0.1143,0.8782
3077,0.1155,-0.0439,0.9751
3078,0.0271,0.0054,1.0051
3079,-0.1372,-0.0383,0.9280
3080,-0.1697,-0.0547,1.0061
3081,-0.0591,-0.0728,0.9797
3082,0.0486,-0.0679,0.9175
3083,0.2214,-0.0999,0.9885
3084,0.2170,-0.0459,0.9746
3085,0.0698,0.0452,0.9475
3086,-0.0684,0.0710,1.0352
3087,-0.2012,0.1172,0.9602
3088,-0.1702,0.0903,0.9924
3089,-0.0344,0.0154,1.0034
3090,0.1228,0.0588,0.8977
3091,0.1562,-0.1062,0.9836
3092,0.0566,0.0027,0.9321
3093,-0.1123,-0.0254,0.9641
3094,-0.1592,-0.0413,1.0120
3095,-0.1499,0.0200,0.9202
3096,0.0254,-0.0613,0.9602
3097,0.2546,-0.0452,0.9543
3098,0.2466,-0.0840,0.9487
3099,0.2183,-0.0151,1.0083
3100,0.0342,0.0342,1.0190
3101,-0.1821,0.0723,0.9709
3102,-0.1677,0.0215,1.0044
3103,-0.1255,0.0046,0.9761
3104,0.0168,0.0461,0.9553
3105,0.1506,0.0454,0.9731
3106,0.1038,0.0696,0.9360
3107,-0.0469,0.0349,0.9692
3108,-0.1282,0.0300,0.9575
3109,-0.1536,0.0171,0.9688
3110,-0.0410,-0.0361,0.9673
3111,0.1367,-0.0227,0.9280
3112,0.2566,-0.1406,0.9673
3113,0.2134,-0.0581,0.9751
3114,0.0815,-0.0398,0.9866
3115,-0.0916,-0.0190,1.0325
3116,-0.2075,0.0398,0.9478
3117,-0.1377,0.0552,0.9780
3118,-0.0474,0.0510,1.0032
3119,0.0854,0.1152,0.9329
3120,0.0935,0.0137,0.9788
3121,0.0347,0.0642,0.9758
3122,-0.0674,-0.0085,0.9485
3123,-0.1047,0.0103,0.9448
3124,-0.0164,-0.0828,0.9885
3125,0.1284,-0.0452,0.9097
3126,0.1956,-0.0894,0.9468
3127,0.1799,-0.0955,0.9985
3128,0.0735,0.0518,0.9319
3129,-0.0803,0.0005,1.0483
3130,-0.1609,0.0442,0.9934
3131,-0.1499,0.0090,0.9417
3132,-0.0769,-0.0137,1.0112
3133,0.0205,0.0308,0.9731
3134,0.0635,0.0664,0.9409
3135,0.0249,0.0000,1.0112
3136,-0.0256,0.0339,0.9485
3137,-0.0173,0.0662,0.9214
3138,0.0435,0.0073,0.9934
3139,0.2285,0.0322,0.9224
3140,0.3159,-0.0688,0.9312
3141,0.3093,-0.1023,0.9797
3142,0.1819,-0.0447,0.9478
3143,-0.0771,-0.0417,0.9983
3144,-0.2566,0.0078,1.0161
3145,-0.3325,0.0015,0.9651
3146,-0.2927,0.0432,0.9993
3147,-0.1580,0.0059,0.9839
3148,-0.0381,0.0081,0.9370
3149,-0.0227,-0.0344,0.9849
3150,0.0068,0.0603,0.9536
3151,0.0256,0.0276,0.9526
3152,0.1423,0.0623,0.9680
3153,0.2449,0.0615,0.9573
3154,0.3193,0.0471,0.9761
3155,0.3462,-0.0237,0.9829
3156,0.1636,-0.0371,0.9341
3157,-0.0823,-0.1062,0.9836
3158,-0.2529,-0.0740,0.9692
3159,-0.3635,-0.0500,0.9399
3160,-0.2524,-0.0129,0.9856
3161,-0.1064,-0.0081,0.9709
3162,-0.0178,0.0833,0.9575
3163,0.0852,0.0664,1.0266
3164,0.0464,0.0840,1.0227
3165,0.0293,0.0691,0.9651
3166,0.1501,-0.0012,0.9905
3167,0.2285,-0.0652,0.9653
3168,0.3560,-0.0081,0.8921
3169,0.3494,-0.0942,0.9641
3170,0.1797,-0.0808,0.9360
3171,-0.0117,0.0310,0.9045
3172,-0.2473,-0.0186,0.9866
3173,-0.3835,0.0417,0.9521
3174,-0.3481,0.0330,0.9563
3175,-0.2183,0.0718,1.0481
3176,-0.0737,-0.0061,1.0103
3177,0.0234,0.0056,0.9771
3178,-0.0046,-0.0718,1.0688
3179,0.0388,0.0530,0.9858
3180,0.0525,0.0205,0.9553
3181,0.2290,0.0117,0.9624
3182,0.4175,0.0176,0.8755
3183,0.4490,-0.0339,0.8967
3184,0.3125,-0.0710,0.9309
3185,0.0671,-0.0498,0.8889
3186,-0.2698,-0.0557,0.9634
3187,-0.4146,0.0173,0.9875
3188,-0.4241,0.0842,0.9966
3189,-0.3159,0.0291,1.0901
3190,-0.0549,0.1187,1.0422
3191,0.0291,0.0320,1.0452
3192,0.0535,0.0515,1.0491
3193,0.0254,0.0435,0.9504
3194,-0.0107,-0.0117,0.9495
3195,0.1099,-0.0542,0.9116
3196,0.3423,-0.0242,0.8228
3197,0.4578,-0.1677,0.9211
3198,0.5132,-0.0701,0.8540
3199,0.3279,-0.0762,0.9192
3200,-0.0264,-0.0334,1.0190
3201,-0.3501,0.0674,0.9749
3202,-0.5649,0.0398,1.0559
3203,-0.4807,0.0608,1.1089
3204,-0.3052,0.1567,1.0188
3205,-0.1047,0.0640,1.0696
3206,0.0903,0.0286,1.0288
3207,0.0894,0.0156,0.8999
3208,0.0581,-0.0413,0.9631
3209,0.1721,-0.0845,0.8779
3210,0.2808,-0.0540,0.8306
3211,0.4292,-0.1240,0.9185
3212,0.4663,0.0149,0.8950
3213,0.3201,-0.0127,0.9358
3214,0.1155,0.0684,1.0208
3215,-0.2209,-0.0444,1.0327
3216,-0.4243,0.0781,1.0032
3217,-0.4817,0.0317,1.0942
3218,-0.4270,0.1602,1.0425
3219,-0.2766,0.0603,0.9966
3220,-0.1489,-0.0396,1.0100
3221,-0.0229,-0.0662,0.9331
3222,0.0879,-0.0479,0.9260
3223,0.1548,-0.0444,0.9185
3224,0.3511,-0.0435,0.8892
3225,0.4917,-0.0745,0.8901
3226,0.4851,-0.0542,0.9055
3227,0.3804,-0.0537,0.9673
3228,0.1511,0.0737,0.9709
3229,-0.1526,0.1140,1.0425
3230,-0.3328,0.1028,1.0581
3231,-0.3513,0.1602,0.9954
3232,-0.3840,-0.0095,1.0542
3233,-0.2729,0.0420,0.9729
3234,-0.2258,-0.1326,0.9729
3235,-0.1755,-0.0642,0.9543
3236,-0.0469,-0.1191,0.9653
3237,0.1267,-0.0366,0.9104
3238,0.3416,-0.0098,0.9290
3239,0.5623,0.0222,0.9202
3240,0.5854,0.0273,0.9272
3241,0.4692,0.0100,0.9702
3242,0.2292,0.0789,0.9666
3243,-0.1860,0.0339,1.0354
3244,-0.4282,0.0535,0.9846
3245,-0.4360,-0.0178,1.0061
3246,-0.3372,-0.0308,1.0083
3247,-0.2249,0.0994,0.9631
3248,-0.1270,-0.0186,1.0278
3249,-0.1018,0.0044,0.9868
3250,-0.1689,-0.0481,0.9292
3251,-0.0637,-0.0417,0.9702
3252,0.1448,-0.1189,0.9407
3253,0.4207,0.0330,0.8528
3254,0.6414,-0.0862,0.9739
3255,0.6245,0.0024,0.9478
3256,0.4197,0.0837,0.8948
3257,0.0815,0.0867,1.0598
3258,-0.3228,0.0630,0.9856
3259,-0.5369,0.0730,0.9321
3260,-0.5520,-0.0510,1.0679
3261,-0.4031,0.0569,0.9644
3262,-0.2183,0.0015,0.9993
3263,-0.0889,-0.0522,1.0708
3264,-0.0349,0.0330,0.9292
3265,0.0127,-0.0654,0.9976
3266,0.1064,-0.0422,0.9739
3267,0.3159,0.0642,0.8618
3268,0.4666,-0.0530,0.9758
3269,0.6169,-0.0300,0.9172
3270,0.5386,-0.0371,0.8784
3271,0.2549,-0.0132,0.9934
3272,-0.0488,0.0803,0.9641
3273,-0.3918,0.0745,0.9780
3274,-0.4937,0.0479,1.0256
3275,-0.4409,-0.0088,0.9866
3276,-0.3521,-0.0078,0.9875
3277,-0.1980,0.0071,1.0269
3278,-0.1047,0.0066,0.9966
3279,-0.0864,0.0020,0.9966
3280,0.0225,0.0237,0.9709
3281,0.1892,0.0042,0.9634
3282,0.4207,-0.0425,0.9026
3283,0.5552,-0.0894,0.8960
3284,0.5347,-0.1357,0.9185
3285,0.3833,-0.0007,0.8940
3286,0.0686,0.0444,0.9751
3287,-0.2695,0.0649,1.0063
3288,-0.4241,0.0994,0.9575
3289,-0.4014,0.0527,1.0374
3290,-0.3523,0.0649,1.0334
3291,-0.2512,0.1240,0.9897
3292,-0.1687,-0.0071,1.0825
3293,-0.1628,-0.0039,1.0002
3294,-0.0911,0.0073,0.9370
3295,0.1560,-0.0647,0.9993
3296,0.3777,-0.0669,0.8772
3297,0.5583,-0.0417,0.8401
3298,0.6121,-0.1799,0.9709
3299,0.4751,-0.0059,0.8550
3300,0.1902,0.0242,0.9543
3301,-0.1636,0.0002,1.0627
3302,-0.4182,0.1221,0.9263
3303,-0.5425,0.0396,1.0461
3304,-0.4800,0.0823,1.0618
3305,-0.3564,0.0916,0.9768
3306,-0.1606,0.0481,1.0540
3307,-0.0515,-0.0125,1.0256
3308,0.0664,0.0251,0.8755
3309,0.1990,-0.1191,0.9719
3310,0.3591,-0.0908,0.8948
3311,0.4424,-0.0544,0.8364
3312,0.4109,-0.2068,0.9836
3313,0.3025,-0.0759,0.8665
3314,0.0574,-0.0593,0.9661
3315,-0.1306,0.1116,1.0540
3316,-0.2356,0.2402,0.9917
3317,-0.2839,0.1848,1.0796
3318,-0.2466,0.1602,1.0325
3319,-0.1985,0.0850,0.9751
3320,-0.1948,-0.0535,1.0442
3321,-0.1665,0.0073,0.9309
3322,-0.2007,-0.0984,0.9651
3323,-0.0334,-0.1375,0.9514
3324,0.1606,-0.1245,0.8589
3325,0.3198,-0.1802,0.9653
3326,0.5088,-0.0334,0.8940
3327,0.4429,-0.0166,0.9302
3328,0.3052,0.0215,1.0054
3329,0.0532,0.1567,0.9397
3330,-0.1877,0.1318,1.0112
3331,-0.2463,0.1243,1.0476
3332,-0.2964,0.1294,0.9583
3333,-0.2561,-0.0195,1.0396
3334,-0.1851,-0.0750,1.0317
3335,-0.1846,0.0027,0.9319
3336,-0.1575,0.0061,1.0444
3337,-0.0933,-0.0312,0.9626
3338,0.0342,0.0054,0.8425
3339,0.2966,-0.1338,0.9524
3340,0.4475,-0.0920,0.8909
3341,0.5298,-0.0779,0.8530
3342,0.4175,-0.1382,1.0132
3343,0.1565,0.0127,0.9417
3344,-0.1101,0.1223,1.0198
3345,-0.3027,0.1558,1.0959
3346,-0.3560,0.2207,1.0042
3347,-0.3079,0.0605,1.0435
3348,-0.2051,0.0662,1.0093
3349,-0.1616,0.0349,0.9641
3350,-0.1414,0.0168,0.9790
3351,-0.1504,-0.0796,0.9055
3352,-0.0720,-0.1794,0.8752
3353,0.1421,-0.2410,0.8840
3354,0.3804,-0.1018,0.8853
3355,0.5054,-0.1421,0.9702
3356,0.4929,0.0676,0.9739
3357,0.2739,0.1189,1.0317
3358,0.0010,0.1562,1.0862
3359,-0.2175,0.1484,0.9875
3360,-0.3354,0.0947,1.0305
3361,-0.3323,0.0486,1.0024
3362,-0.2363,0.0605,0.8989
3363,-0.1892,-0.1372,0.9731
3364,-0.1023,-0.0593,0.9204
3365,-0.0769,-0.0254,0.9143
3366,0.0317,-0.0557,0.9888
3367,0.1729,-0.0569,0.9116
3368,0.3010,-0.0020,0.9250
3369,0.3862,-0.0933,1.0854
3370,0.3892,0.0830,0.9556
3371,0.2261,0.0686,1.0122
3372,-0.0032,0.0161,1.0815
3373,-0.1714,0.0833,0.9045
3374,-0.2354,0.0576,0.9924
3375,-0.2371,0.0176,1.0032
3376,-0.1699,0.1206,0.8567
3377,-0.1348,-0.0652,0.9761
3378,-0.1401,-0.0374,0.9634
3379,-0.1604,-0.0586,0.8970
3380,-0.1355,-0.1184,0.9890
3381,0.0164,-0.0864,0.9780
3382,0.2219,0.0432,0.9287
3383,0.3679,-0.0354,1.0286
3384,0.4321,-0.0479,0.9995
3385,0.3845,0.0286,0.9280
3386,0.1165,0.0537,1.0425
3387,-0.0620,0.0444,0.9749
3388,-0.2078,0.0771,0.9077
3389,-0.2561,0.0391,0.9819
3390,-0.2065,0.0518,0.9827
3391,-0.1328,0.0364,0.8958
3392,-0.1575,-0.0435,1.0344
3393,-0.2163,0.0127,0.9758
3394,-0.1904,0.0381,0.9407
3395,-0.0674,-0.0791,1.0354
3396,0.1230,-0.0312,0.9370
3397,0.2839,-0.0745,0.9319
3398,0.4194,-0.0845,1.0024
3399,0.3667,-0.0303,0.9507
3400,0.2183,0.1040,0.9504
3401,-0.0107,-0.0081,1.0374
3402,-0.1042,0.0957,0.9087
3403,-0.1848,0.0266,0.9751
3404,-0.1609,0.1001,1.0002
3405,-0.1086,0.0566,0.9399
3406,-0.0835,-0.0164,0.9768
3407,-0.1543,-0.0081,1.0110
3408,-0.1223,-0.0291,0.9497
3409,-0.0227,-0.0044,0.9683
3410,0.0857,-0.0916,1.0002
3411,0.2817,-0.0085,0.8931
3412,0.3130,-0.1602,0.9795
3413,0.2810,-0.1182,0.9788
3414,0.1184,0.0325,0.9133
3415,-0.1111,-0.0098,1.0481
3416,-0.1860,0.0752,0.9644
3417,-0.1672,0.1335,0.9077
3418,-0.1191,0.0315,1.0444
3419,0.0349,0.1421,0.9114
3420,0.0173,0.0239,0.9641
3421,-0.0085,0.0793,1.0552
3422,-0.0884,0.0293,0.9377
3423,-0.1504,-0.0042,0.9758
3424,-0.0549,-0.1191,0.9937
3425,0.1003,-0.0864,0.9087
3426,0.2373,-0.1704,0.9751
3427,0.3345,-0.0762,0.9731
3428,0.1895,-0.0310,0.9524
3429,-0.0139,0.0334,0.9800
3430,-0.2202,0.0400,0.9790
3431,-0.2576,0.0481,0.9575
3432,-0.1494,0.1245,0.9595
3433,0.0334,0.1084,0.9944
3434,0.1577,-0.0046,0.9866
3435,0.1633,0.0610,0.9182
3436,0.0090,-0.0649,1.0522
3437,-0.0483,0.0396,0.9495
3438,-0.0972,0.0256,0.9299
3439,-0.0012,-0.0537,1.0024
3440,0.1379,-0.0786,0.8870
3441,0.2302,-0.1335,0.9456
3442,0.2053,-0.1089,0.9849
3443,0.0432,0.0266,0.9497
3444,-0.0942,0.0146,1.0198
3445,-0.1855,0.0518,0.9939
3446,-0.1814,0.0461,1.0032
3447,-0.0520,0.0767,0.9866
3448,0.0190,0.0889,0.9937
3449,0.0952,0.0420,0.9985
3450,0.0635,0.1245,0.9319
3451,-0.0266,-0.0342,0.9937
3452,0.0125,0.0205,0.9263
3453,0.0427,-0.0632,0.8655
3454,0.1208,-0.1362,0.9585
3455,0.2004,-0.1489,0.8960
3456,0.1084,-0.0784,0.9377
3457,0.0168,-0.1038,1.0852
3458,-0.1045,0.0676,0.9875
3459,-0.1909,0.0828,1.0188
3460,-0.1750,0.0925,1.0874
3461,-0.0696,0.1499,0.9387
3462,0.0022,0.1086,1.0325
3463,0.0051,0.0500,1.0024
3464,0.0298,0.1475,0.8655
3465,-0.0349,-0.1111,0.9807
3466,0.0149,-0.0483,0.8647
3467,0.0940,-0.1182,0.8665
3468,0.1658,-0.1790,0.9709
3469,0.2280,-0.0803,0.8784
3470,0.1785,-0.1448,0.9739
3471,0.0254,-0.0449,1.0688
3472,-0.1187,0.1040,1.0208
3473,-0.2266,0.1128,1.0872
3474,-0.2278,0.1260,1.0347
3475,-0.0959,0.1804,0.9604
3476,0.0596,0.0544,1.0220
3477,0.1169,0.0540,0.9524
3478,0.0667,-0.0229,0.8931
3479,0.0256,-0.0708,0.9163
3480,-0.0334,-0.1294,0.8872
3481,0.0754,-0.0337,0.8774
3482,0.2297,-0.0781,0.9702
3483,0.2517,-0.0764,0.9465
3484,0.2144,-0.0439,0.9995
3485,0.0410,-0.0125,1.0747
3486,-0.1799,0.1091,1.0444
3487,-0.2905,0.0596,1.0334
3488,-0.2759,0.0471,0.9983
3489,-0.1555,0.0042,0.9546
3490,0.0220,0.0635,0.9429
3491,0.0742,-0.0383,0.9504
3492,0.0996,0.0286,0.8950
3493,-0.0557,-0.0537,0.9673
3494,-0.0615,0.1003,0.9243
3495,0.0347,-0.0051,0.9731
3496,0.1482,-0.0132,0.9604
3497,0.2673,-0.0337,0.9534
3498,0.3777,-0.0374,1.0002
3499,0.2188,-0.0640,1.0132
3500,0.0559,0.0222,1.0132
3501,-0.2046,-0.0176,1.0247
3502,-0.3147,0.0542,0.9678
3503,-0.2925,-0.0300,0.9680
3504,-0.2004,0.0229,0.9312
3505,-0.0608,0.0481,0.9585
3506,0.0405,0.0403,0.9653
3507,0.0957,0.1262,0.9106
3508,0.0903,-0.0566,0.9778
3509,0.1411,-0.0088,0.9143
3510,0.2644,-0.0527,0.9153
3511,0.3113,-0.0427,1.0042
3512,0.2759,-0.0566,0.9673
3513,0.2209,-0.0217,0.9917
3514,-0.0339,-0.1162,1.0696
3515,-0.2676,0.0588,0.9810
3516,-0.3938,0.0303,1.0156
3517,-0.3989,0.0706,1.0090
3518,-0.3159,0.0908,0.9368
3519,-0.1274,0.0649,0.9651
3520,0.0134,-0.0571,0.9644
3521,0.1255,0.0327,0.8921
3522,0.1589,-0.0195,0.9490
3523,0.2107,0.0405,0.9651
3524,0.2534,-0.0327,0.9312
3525,0.3184,0.0149,0.9419
3526,0.2861,-0.1548,1.0132
3527,0.1958,-0.0398,0.9485
3528,0.0388,-0.0247,0.9956
3529,-0.1858,-0.0139,1.0288
3530,-0.2905,-0.0139,0.9280
3531,-0.3108,0.0381,0.9829
3532,-0.2556,0.0928,1.0227
3533,-0.1353,0.1611,0.9651
3534,-0.0762,0.0471,0.9897
3535,-0.0195,0.0083,0.9849
3536,0.0129,-0.0630,0.9612
3537,0.1091,-0.0229,0.9485
3538,0.2241,-0.0718,0.9771
3539,0.3230,-0.0801,0.9026
3540,0.3560,-0.0383,0.9272
3541,0.2852,-0.0791,0.9644
3542,0.1426,0.0696,0.9397
3543,-0.0759,0.0332,0.9780
3544,-0.2571,0.0918,1.0171
3545,-0.3335,0.0576,0.9592
3546,-0.3264,0.0090,1.0132
3547,-0.2505,-0.0342,1.0354
3548,-0.0879,0.0605,0.9709
3549,0.0093,-0.0222,1.0378
3550,0.0317,0.0249,0.9866
3551,0.0876,0.0466,0.9397
3552,0.1641,-0.0205,0.9778
3553,0.2817,-0.0012,0.9136
3554,0.3774,0.0110,0.8804
3555,0.3472,-0.0854,0.9331
3556,0.2761,-0.0818,0.9031
3557,0.0471,-0.0786,0.9458
3558,-0.2500,-0.0396,1.0237
3559,-0.4133,0.0505,0.9780
3560,-0.4114,0.0347,1.0298
3561,-0.2998,0.0833,1.0522
3562,-0.0762,0.1008,0.9819
3563,0.0571,0.0537,1.0454
3564,0.1321,0.0388,0.9810
3565,0.1060,0.0310,0.8977
3566,0.0947,-0.1370,0.9670
3567,0.2173,-0.0344,0.8892
3568,0.2966,-0.0276,0.8782
3569,0.3523,-0.0662,1.0081
3570,0.3169,-0.0383,0.8911
3571,0.1506,0.0281,0.9692
3572,-0.1367,-0.0010,1.0979
3573,-0.3406,0.2083,0.9253
3574,-0.4888,0.0129,1.0823
3575,-0.4338,0.0740,1.0405
3576,-0.2639,0.1082,0.9380
3577,-0.1326,-0.1035,1.0620
3578,0.0908,-0.0078,0.9097
3579,0.1116,-0.1179,0.9221
3580,0.2224,-0.0540,0.9202
3581,0.2979,-0.0742,0.9194
3582,0.4275,0.0146,0.8616
3583,0.4587,0.0088,0.9797
3584,0.3259,-0.0481,0.9436
3585,0.1648,0.0957,0.9407
3586,-0.1282,-0.0068,1.0796
3587,-0.3745,0.1606,1.0110
3588,-0.4866,0.0317,1.0063
3589,-0.4016,0.0752,1.0454
3590,-0.2981,-0.0732,0.9917
3591,-0.0425,0.0432,0.9563
3592,0.0549,-0.1272,1.0413
3593,0.1221,0.0874,0.8840
3594,0.0906,-0.1050,0.9624
3595,0.1133,-0.0593,0.9204
3596,0.2310,-0.0210,0.8589
3597,0.3254,-0.0474,0.9709
3598,0.3738,-0.0283,0.9097
3599,0.3635,-0.0186,0.9312
3600,0.1230,0.0176,1.0481
3601,-0.1584,0.1506,0.9897
3602,-0.4023,0.1379,1.0356
3603,-0.4985,0.0576,1.0569
3604,-0.4341,0.0862,0.9485
3605,-0.2764,-0.1064,1.0559
3606,-0.0820,-0.0251,0.9722
3607,0.0164,-0.0061,0.9253
3608,0.1191,-0.0781,1.0161
3609,0.1931,-0.0618,0.8616
3610,0.3088,-0.0088,0.8586
3611,0.4304,-0.1057,1.0139
3612,0.4937,0.1042,0.8267
3613,0.3638,-0.0332,0.9683
3614,0.1462,-0.0483,1.0500
3615,-0.1274,0.1082,0.9231
3616,-0.3257,0.0176,1.0745
3617,-0.4680,0.0938,1.0708
3618,-0.4380,0.1313,0.9426
3619,-0.3208,0.0413,1.0686
3620,-0.1953,-0.0879,0.9993
3621,-0.0520,-0.0020,0.8848
3622,0.0076,-0.1113,0.9907
3623,0.1423,0.0337,0.9153
3624,0.2976,0.0010,0.8928
3625,0.4597,0.0522,0.9514
3626,0.5557,-0.0762,0.9497
3627,0.4785,-0.0540,0.9250
3628,0.2922,-0.0298,0.9993
3629,-0.0466,-0.0288,1.0237
3630,-0.3821,0.0647,0.9878
3631,-0.4836,0.1072,1.0044
3632,-0.4534,0.0112,1.0337
3633,-0.3411,0.0623,0.9507
3634,-0.1680,0.0190,0.9839
3635,-0.0535,-0.0283,1.0054
3636,-0.0591,-0.0159,0.9028
3637,-0.0085,-0.0386,0.9575
3638,0.1079,-0.0449,0.9917
3639,0.2878,0.0435,0.9036
3640,0.4529,0.0227,0.9553
3641,0.4995,-0.1353,0.9741
3642,0.4937,0.0095,0.8940
3643,0.2107,-0.0337,1.0032
3644,-0.1099,0.0825,1.0129
3645,-0.3064,0.1018,0.9377
3646,-0.4827,0.0815,1.0371
3647,-0.4839,0.0039,1.0208
3648,-0.3684,0.0327,0.9478
3649,-0.2544,-0.1272,1.0505
3650,-0.1125,0.0212,0.9478
3651,-0.0527,-0.0073,0.9495
3652,0.1433,-0.0022,1.0071
3653,0.3474,-0.0225,0.8752
3654,0.4656,0.0183,0.8997
3655,0.5564,-0.0701,0.9504
3656,0.5181,0.0151,0.9009
3657,0.2617,-0.0896,0.9788
3658,-0.0237,0.0334,1.0078
3659,-0.3381,0.0444,1.0151
3660,-0.4910,0.0896,1.0278
3661,-0.4985,0.0469,1.0276
3662,-0.3950,-0.0059,0.9875
3663,-0.2307,0.0198,1.0054
3664,-0.0896,0.0183,0.9888
3665,0.0376,0.0356,0.9380
3666,0.1929,-0.0769,0.9534
3667,0.3386,-0.0742,0.8860
3668,0.4604,-0.0269,0.9106
3669,0.4988,-0.0667,0.9602
3670,0.3823,-0.0154,0.9351
3671,0.2087,0.0220,0.9700
3672,-0.0408,0.0225,1.0435
3673,-0.2944,0.1160,0.9456
3674,-0.3823,0.0330,0.9851
3675,-0.3750,-0.0347,1.0122
3676,-0.3000,0.0586,0.9214
3677,-0.2192,0.0188,1.0354
3678,-0.1624,-0.0137,1.0337
3679,-0.1138,0.0640,0.9348
3680,-0.0232,-0.0618,1.0344
3681,0.1428,-0.0459,0.9504
3682,0.3640,-0.0144,0.8801
3683,0.4526,-0.0618,0.9731
3684,0.4265,-0.0259,0.9172
3685,0.3760,0.0181,0.9026
3686,0.1738,-0.0042,0.9683
3687,-0.0583,0.0325,0.9409
3688,-0.1997,0.0439,0.9456
3689,-0.2686,0.0723,1.0327
3690,-0.3110,0.0215,1.0237
3691,-0.2847,0.0559,1.0081
3692,-0.2837,-0.0886,1.1038
3693,-0.2307,0.0852,0.9985
3694,-0.1716,0.0232,1.0015
3695,0.0054,-0.0142,1.0015
3696,0.2637,0.0393,0.8569
3697,0.4849,-0.0181,0.9067
3698,0.5732,-0.1133,0.9153
3699,0.5144,-0.0754,0.8440
3700,0.2732,-0.1216,0.9321
3701,-0.0398,0.0012,0.9934
3702,-0.2678,0.1101,0.9507
3703,-0.3330,0.0627,1.0823
3704,-0.3311,0.0046,1.0383
3705,-0.2339,0.0317,0.9709
3706,-0.1404,-0.0803,1.0972
3707,-0.1321,0.1104,0.9670
3708,-0.1831,0.1038,0.9700
3709,-0.0996,-0.0129,0.9856
3710,0.0518,-0.0549,0.8459
3711,0.2427,-0.1355,0.8716
3712,0.4468,-0.1162,0.9595
3713,0.5464,-0.0410,0.9009
3714,0.4246,0.0833,0.9875
3715,0.1672,0.0540,1.0366
3716,-0.0942,0.1213,0.9749
3717,-0.2893,-0.0110,1.0493
3718,-0.3774,0.1299,1.0061
3719,-0.3928,0.0364,0.9976
3720,-0.2603,0.0513,0.9905
3721,-0.2017,-0.0710,0.9299
3722,-0.1528,-0.0408,0.9426
3723,-0.0647,-0.1753,0.9419
3724,0.0803,-0.0361,0.8958
3725,0.2310,-0.0872,0.9458
3726,0.3943,0.0630,0.9182
3727,0.3735,-0.0842,0.9858
3728,0.3364,0.0510,0.9888
3729,0.1543,0.0364,1.0012
3730,0.0134,0.0579,1.0005
3731,-0.0393,0.0474,0.9856
3732,-0.1008,0.0947,0.9683
3733,-0.1545,0.0806,1.0078
3734,-0.1653,-0.0186,0.9565
3735,-0.2666,-0.0142,0.9475
3736,-0.3228,-0.0457,1.0042
3737,-0.2622,0.0017,0.9231
3738,-0.1099,-0.1130,0.9543
3739,0.1587,-0.0923,0.9360
3740,0.4114,-0.0549,0.9319
3741,0.5583,-0.0818,0.9973
3742,0.4565,0.0315,0.9761
3743,0.2334,0.1143,0.9983
3744,-0.0513,0.0947,1.0598
3745,-0.1897,0.1677,0.9497
3746,-0.2788,0.0481,0.9924
3747,-0.1946,0.0078,0.9849
3748,-0.1230,-0.0044,0.9175
3749,-0.1162,0.0100,0.9751
3750,-0.1436,0.0027,1.0051
3751,-0.2114,0.0190,0.8938
3752,-0.1333,-0.1526,0.9758
3753,0.0286,-0.1682,0.9517
3754,0.2244,-0.0090,0.8899
3755,0.3811,-0.0713,1.0659
3756,0.4382,0.0901,0.9690
3757,0.2673,0.1028,0.9614
3758,0.1079,0.0129,1.0864
3759,-0.1113,0.0244,0.9182
3760,-0.2385,0.0962,0.9272
3761,-0.2717,-0.0115,1.0278
3762,-0.2114,0.0801,0.8430
3763,-0.1755,-0.0879,0.9761
3764,-0.0803,-0.0486,0.9797
3765,-0.0781,-0.0369,0.9263
3766,-0.0273,-0.0530,1.0190
3767,0.0974,0.0605,1.0110
3768,0.1875,0.0251,0.9907
3769,0.2749,0.0205,1.0532
3770,0.2761,-0.0798,0.9670
3771,0.1736,0.0081,0.9641
3772,0.0476,-0.0210,0.9993
3773,-0.0171,0.0781,0.9114
3774,-0.0889,-0.0039,0.9351
3775,-0.0657,0.0779,0.9270
3776,-0.0251,0.0276,0.9250
3777,-0.0664,0.0334,0.9390
3778,-0.1511,-0.0244,0.9622
3779,-0.1987,-0.0212,0.9954
3780,-0.2131,-0.0503,0.9741
3781,-0.0703,-0.0273,1.0002
3782,0.0693,-0.1382,1.0190
3783,0.2710,0.0110,0.9478
3784,0.2976,-0.0583,1.0354
3785,0.2017,0.0486,0.9819
3786,0.1101,0.0918,0.9368
3787,-0.0342,-0.0435,0.9790
3788,-0.0823,0.0837,0.8901
3789,-0.0188,-0.0066,0.9485
3790,0.0129,0.0735,0.9592
3791,0.0059,0.0437,0.9485
3792,-0.0164,0.0471,0.9819
3793,-0.1597,-0.0359,1.0034
3794,-0.1707,-0.0105,0.9905
3795,-0.1931,-0.0835,1.0015
3796,-0.0894,0.0154,0.9563
3797,0.1204,-0.0745,0.9729
3798,0.2478,-0.0762,0.9556
3799,0.2322,-0.0635,0.9534
3800,0.1873,0.0002,1.0042
3801,0.0310,0.0542,0.9719
3802,-0.0840,0.0996,0.9790
3803,-0.0876,0.1013,0.9937
3804,-0.0586,0.1431,0.9739
3805,0.0420,0.0234,0.9956
3806,0.0962,0.0117,0.9150
3807,0.0298,-0.0493,0.9478
3808,-0.0837,-0.1189,0.9680
3809,-0.1057,0.0186,0.8745
3810,-0.1108,-0.1533,1.0142
3811,0.0146,-0.0730,0.9214
3812,0.1360,-0.0481,0.9358
3813,0.1980,-0.1394,1.0764
3814,0.1904,0.1094,0.9517
3815,0.0623,0.0615,1.0217
3816,-0.0439,0.0911,1.0837
3817,-0.1157,0.1548,0.8928
3818,-0.0554,0.0708,0.9800
3819,-0.0244,-0.0562,1.0149
3820,0.0378,0.0337,0.8081
3821,0.0327,-0.0667,0.9968
3822,-0.0828,-0.0654,0.9895
3823,-0.1265,0.1460,0.8606
3824,-0.0950,-0.0208,1.0737
3825,-0.0059,0.0212,0.9897
3826,0.1201,-0.0337,0.9016
3827,0.2109,-0.1301,1.0647
3828,0.1707,-0.1006,0.9895
3829,0.1243,0.0952,0.9241
3830,-0.0549,-0.0430,1.0894
3831,-0.1077,0.0684,0.9016
3832,-0.1157,0.0110,0.9358
3833,-0.0596,0.0134,0.9985
3834,-0.0349,0.0554,0.8850
3835,0.0034,-0.0320,0.9663
3836,-0.0081,0.0261,0.9663
3837,-0.0923,0.0110,0.9329
3838,0.0229,0.0354,0.9934
3839,0.1096,-0.0330,0.9807
3840,0.2156,0.0107,0.9524
3841,0.2673,-0.0784,1.0344
3842,0.1628,-0.0371,1.0022
3843,0.0339,0.0601,0.9810
3844,-0.1201,-0.0076,1.0110
3845,-0.2554,-0.0132,0.9670
3846,-0.1895,0.0271,0.8804
3847,-0.1096,-0.0544,0.9819
3848,-0.0112,-0.0791,0.9214
3849,0.0959,0.0439,0.8879
3850,0.0374,-0.0684,1.0295
3851,0.0642,0.1235,0.9436
3852,0.0952,0.0854,0.9595
3853,0.1257,0.0476,1.0442
3854,0.1997,0.0354,0.9536
3855,0.2239,-0.0144,1.0032
3856,0.1155,-0.0962,1.0461
3857,-0.0061,0.0063,0.9263
3858,-0.2144,-0.0686,0.9924
3859,-0.3127,-0.0225,0.9536
3860,-0.2385,-0.0044,0.8979
3861,-0.1975,-0.0344,0.9819
3862,-0.0547,0.0647,0.9006
3863,0.0498,-0.0625,0.9895
3864,0.0540,0.0149,0.9780
3865,0.0566,0.1194,0.9663
3866,0.0859,0.0071,1.0649
3867,0.1624,0.1179,0.9536
3868,0.2810,0.0640,0.9487
3869,0.2859,-0.0999,1.0491
3870,0.2114,-0.0254,0.8843
3871,0.0916,0.0002,0.9397
3872,-0.1890,-0.0598,1.0432
3873,-0.3140,0.0557,0.8372
3874,-0.2834,-0.0762,0.9731
3875,-0.1934,-0.0720,1.0259
3876,-0.0320,0.0667,0.8950
3877,0.0776,-0.0122,1.0686
3878,0.0615,0.0276,1.0444
3879,-0.0286,0.1353,0.9417
3880,-0.0498,0.0281,1.0803
3881,0.1096,0.0344,0.9690
3882,0.2461,0.0303,0.8567
3883,0.3823,-0.0647,0.9800
3884,0.4341,-0.0776,0.8950
3885,0.2305,-0.0828,0.8479
3886,-0.0889,-0.1130,1.0325
3887,-0.3257,-0.0173,0.9124
3888,-0.4233,0.0437,0.9407
3889,-0.3657,-0.0154,1.0989
3890,-0.1694,0.1597,0.9954
3891,-0.0154,0.1340,1.0383
3892,0.1096,0.0889,1.1086
3893,0.0647,0.0811,0.9524
3894,0.0156,0.0449,0.9419
3895,0.0518,-0.1250,0.9741
3896,0.1677,-0.1328,0.7942
3897,0.2798,-0.1763,0.8716
3898,0.3718,-0.1550,0.9417
3899,0.2986,-0.0239,0.8997
3900,0.1157,0.0696,1.0005
3901,-0.1541,0.0779,1.0735
3902,-0.3928,0.1643,0.9722
3903,-0.4038,0.1235,1.0725
3904,-0.3230,0.0549,1.0803
3905,-0.1511,0.0864,0.9319
3906,-0.0381,-0.1052,1.0298
3907,0.0352,-0.0957,0.9517
3908,0.0479,-0.0308,0.8440
3909,0.0605,-0.1135,0.9465
3910,0.1948,-0.0422,0.8970
3911,0.3523,0.0244,0.8752
3912,0.4460,0.0107,1.0168
3913,0.3586,0.0110,0.9956
3914,0.1489,0.0962,0.9438
3915,-0.1565,0.0100,1.0823
3916,-0.3887,-0.0203,1.0315
3917,-0.4097,0.1128,0.9338
3918,-0.3794,-0.0334,1.1067
3919,-0.1609,0.0942,0.9390
3920,-0.0010,0.0115,0.9231
3921,0.0505,-0.0842,1.0139
3922,0.1040,0.0134,0.8792
3923,0.1077,-0.0559,0.9055
3924,0.1526,-0.0596,0.9700
3925,0.2986,-0.0571,0.8928
3926,0.3726,-0.0090,0.9448
3927,0.3101,-0.0454,1.0444
3928,0.2126,0.0542,0.9436
3929,-0.0769,0.0554,1.0298
3930,-0.3413,0.0796,1.0422
3931,-0.4246,0.0681,0.9644
3932,-0.3618,0.0527,0.9905
3933,-0.2236,0.0327,1.0051
3934,-0.0618,0.0330,0.9302
3935,-0.0083,-0.0940,0.9827
3936,0.0100,-0.0342,0.9368
3937,0.0356,-0.0474,0.9204
3938,0.1187,-0.1221,1.0024
3939,0.3276,0.0420,0.8833
3940,0.4421,-0.0125,0.9768
3941,0.4451,0.0068,0.9973
3942,0.2971,0.0747,0.9143
3943,0.0139,0.0259,1.0510
3944,-0.2397,0.0513,0.9944
3945,-0.3699,0.0605,0.9590
3946,-0.3608,0.0151,1.0217
3947,-0.2847,0.0283,0.9690
3948,-0.1819,-0.0347,0.9800
3949,-0.1143,-0.0203,0.9956
3950,-0.1035,-0.0449,0.9739
3951,-0.0876,-0.0261,0.9302
3952,0.0522,-0.0474,0.9604
3953,0.2837,-0.0046,0.9038
3954,0.4976,0.0215,0.9116
3955,0.6257,-0.0459,0.9895
3956,0.5593,0.0220,0.9124
3957,0.2598,-0.0042,0.9866
3958,-0.1130,-0.0222,1.0237
3959,-0.4026,0.0410,0.9673
3960,-0.5549,0.0508,1.0220
3961,-0.4607,0.0537,1.0220
3962,-0.3130,0.0452,0.9846
3963,-0.1799,0.0251,0.9927
3964,-0.0532,0.0034,0.9885
3965,-0.0269,-0.0210,0.9243
3966,0.0459,0.0112,0.9233
3967,0.2371,-0.0737,0.9524
3968,0.4155,-0.0535,0.8921
3969,0.5447,-0.0598,0.9270
3970,0.5483,-0.0991,1.0103
3971,0.3530,0.0112,0.9331
3972,0.0054,0.0706,1.0063
3973,-0.3130,0.0303,1.0757
3974,-0.4817,0.1543,0.9243
3975,-0.5103,0.0935,1.0481
3976,-0.3552,0.0378,1.0132
3977,-0.1692,0.1018,0.8901
3978,-0.0886,-0.0964,1.0442
3979,0.0239,-0.0181,0.9155
3980,0.0618,-0.1221,0.9084
3981,0.1978,-0.0979,0.9819
3982,0.3640,-0.0266,0.9192
3983,0.5127,-0.0059,0.9468
3984,0.5210,-0.0430,1.0103
3985,0.3669,0.0471,0.9329
3986,0.0815,0.0425,1.0015
3987,-0.2771,0.0847,1.0129
3988,-0.5100,0.0647,0.9653
3989,-0.5427,-0.0039,0.9927
3990,-0.4478,-0.0249,0.9465
3991,-0.2031,-0.0227,0.9614
3992,-0.0012,-0.0251,1.0071
3993,0.0784,0.0222,0.9690
3994,0.1189,0.0186,0.9788
3995,0.1807,-0.0024,1.0229
3996,0.2642,0.1140,0.9106
3997,0.3511,-0.0088,0.9907
3998,0.4224,-0.0813,0.9780
3999,0.3745,-0.0288,0.8511
4000,0.2305,-0.0750,0.9988
4001,-0.0205,-0.0520,0.9719
4002,-0.2566,0.0391,0.8704
4003,-0.4321,-0.0405,1.0549
4004,-0.4553,0.0632,0.9751
4005,-0.4272,0.2053,0.9583
4006,-0.3318,0.0007,1.1362
4007,-0.1836,0.1116,0.9663
4008,-0.0176,-0.0210,0.9692
4009,0.1809,-0.0027,1.0305
4010,0.4226,-0.0369,0.8948
4011,0.5864,-0.0625,0.9028
4012,0.5652,-0.1965,0.9397
4013,0.4302,-0.1206,0.8618
4014,0.2200,-0.0457,0.9280
4015,-0.0605,0.0361,1.0168
4016,-0.2834,0.1504,0.9553
4017,-0.3589,0.1421,1.0227
4018,-0.3882,0.0918,1.0579
4019,-0.3069,0.0789,0.9937
4020,-0.2737,0.0051,1.0229
4021,-0.2283,-0.0537,1.0479
4022,-0.1555,-0.0156,0.9355
4023,-0.0452,-0.0500,0.9573
4024,0.1682,-0.0708,0.9438
4025,0.4277,-0.0029,0.8342
4026,0.5737,-0.0872,0.9302
4027,0.5613,-0.1135,0.9270
4028,0.4224,-0.0513,0.9028
4029,0.1250,0.0015,1.0227
4030,-0.1455,0.1475,0.9895
4031,-0.3521,0.0759,1.0129
4032,-0.4143,0.0127,1.0103
4033,-0.3892,-0.0120,1.0032
4034,-0.3262,0.0232,1.0142
4035,-0.2292,0.0757,1.0364
4036,-0.1760,0.0469,1.0015
4037,-0.1060,0.0833,0.9292
4038,0.0664,-0.0525,0.9495
4039,0.3142,-0.0808,0.9006
4040,0.5317,-0.0630,0.8481
4041,0.5786,-0.1985,0.9468
4042,0.4858,-0.0662,0.9263
4043,0.2148,0.0786,0.9358
4044,-0.0842,0.0952,1.0806
4045,-0.3420,0.0598,1.0278
4046,-0.4211,0.1335,0.9653
4047,-0.3899,0.0662,1.1021
4048,-0.2715,0.1050,1.0022
4049,-0.1753,0.0601,0.9878
4050,-0.0859,-0.0693,1.0151
4051,-0.0374,-0.0059,0.8999
4052,0.0007,-0.1072,0.9026
4053,0.1453,-0.0413,0.9077
4054,0.2847,-0.1345,0.8892
4055,0.4099,-0.1438,0.8889
4056,0.4468,-0.1577,0.9771
4057,0.3704,-0.0142,0.9797
4058,0.1243,0.1633,1.0049
4059,-0.0938,0.1973,1.0608
4060,-0.2625,0.1230,1.0210
4061,-0.3538,0.0935,0.9653
4062,-0.3101,-0.0288,1.0549
4063,-0.2593,0.0195,0.9680
4064,-0.1838,0.0349,0.9214
4065,-0.1108,-0.1199,0.9924
4066,-0.0552,-0.0525,0.8933
4067,0.0940,-0.0789,0.8928
4068,0.2661,-0.1077,1.0112
4069,0.3425,-0.0291,0.9094
4070,0.3955,0.0757,0.9370
4071,0.2690,-0.0725,1.0991
4072,0.0989,0.1521,0.9136
4073,-0.0547,0.0522,1.0093
4074,-0.1162,0.0171,1.0676
4075,-0.1228,0.1321,0.8970
4076,-0.1497,0.0620,0.9995
4077,-0.1914,-0.0427,1.0503
4078,-0.2415,-0.0425,0.8394
4079,-0.2905,-0.0354,0.9778
4080,-0.2251,-0.1394,1.0071
4081,0.0164,0.0042,0.8167
4082,0.2693,-0.1387,0.9729
4083,0.4673,-0.0513,1.0229
4084,0.5640,0.0017,0.9019
4085,0.4609,0.1118,1.0588
4086,0.1743,0.0725,1.0581
4087,-0.0718,0.1931,0.9146
4088,-0.3237,-0.0254,1.0579
4089,-0.3577,0.0857,0.9614
4090,-0.3489,0.0117,0.9026
4091,-0.2114,-0.0647,0.9973
4092,-0.1284,-0.0859,0.9331
4093,-0.0825,0.0322,0.9006
4094,-0.0752,-0.0291,1.0208
4095,0.0474,-0.0476,0.9241
4096,0.1746,-0.0344,0.9265
4097,0.2888,-0.0984,1.0618
4098,0.3569,0.0239,0.9644
4099,0.3206,-0.0037,0.9963
4100,0.1733,-0.0112,1.0405
4101,-0.0435,0.0649,0.9270
4102,-0.2024,0.0488,0.9819
4103,-0.2480,0.0679,0.9553
4104,-0.1997,0.0957,0.8772
4105,-0.1499,-0.0159,0.9888
4106,-0.0781,0.0359,0.9199
4107,-0.0786,0.0183,0.9807
4108,-0.0847,-0.0352,1.0095
4109,-0.0645,-0.0427,0.9358
4110,0.0447,-0.1086,1.0120
4111,0.2292,-0.0701,0.9963
4112,0.3540,-0.0701,0.9800
4113,0.3757,-0.0547,0.9827
4114,0.2747,0.0332,0.9653
4115,0.0667,0.1030,0.9741
4116,-0.1191,0.1653,0.9722
4117,-0.2231,0.0906,0.9495
4118,-0.2271,0.0425,0.9377
4119,-0.1743,-0.0110,0.9524
4120,-0.0916,-0.0188,0.9526
4121,-0.0840,-0.0217,1.0305
4122,-0.0903,0.0354,0.9758
4123,-0.0723,-0.0027,0.9546
4124,-0.0061,-0.1538,1.0120
4125,0.1428,-0.0427,0.8921
4126,0.2888,-0.0635,0.9690
4127,0.2769,-0.1450,1.0386
4128,0.2380,0.0837,0.8635
4129,0.0627,-0.0369,1.0569
4130,-0.0957,0.1179,1.0200
4131,-0.1597,0.1987,0.9163
4132,-0.1653,0.0837,1.0737
4133,-0.1055,0.0586,0.9202
4134,-0.0405,-0.0039,0.8760
4135,-0.0549,-0.0881,1.0347
4136,-0.0537,0.0173,0.9058
4137,-0.0564,-0.0715,0.9290
4138,-0.0732,-0.1523,1.0022
4139,0.1187,-0.0405,0.8879
4140,0.2512,-0.0903,1.0142
4141,0.3164,-0.0002,1.0002
4142,0.3191,-0.0056,0.9846
4143,0.1489,0.0544,1.0337
4144,-0.0396,0.1899,0.9780
4145,-0.1294,0.1089,1.0139
4146,-0.1433,0.0959,0.9656
4147,-0.1013,0.0623,0.8945
4148,-0.0295,-0.0623,0.9875
4149,0.0125,-0.0242,0.9087
4150,-0.0596,-0.0071,0.9067
4151,-0.1560,-0.1299,1.0591
4152,-0.1460,-0.0278,0.9084
4153,-0.0251,-0.0161,0.9409
4154,0.1038,-0.1426,1.0618
4155,0.2361,0.0132,0.8850
4156,0.2544,-0.0774,1.0073
4157,0.2056,0.0085,1.0540
4158,0.0239,0.0784,0.9102
4159,-0.1353,0.0676,1.0112
4160,-0.1836,0.0430,1.0159
4161,-0.1956,0.1541,0.8921
4162,-0.1506,0.0537,1.0181
4163,-0.0520,0.0049,0.9829
4164,0.0171,0.0159,0.8716
4165,0.0649,-0.0710,1.0139
4166,0.0898,-0.0845,0.9595
4167,0.1335,-0.0061,0.8879
4168,0.1562,-0.0840,1.0161
4169,0.1733,-0.0713,0.9573
4170,0.1169,-0.0681,0.9534
4171,0.0059,0.0474,1.0471
4172,-0.1025,0.0571,1.0317
4173,-0.1411,0.1394,0.9673
4174,-0.2034,0.0261,1.0103
4175,-0.1118,0.0723,0.9553
4176,-0.0278,0.0378,0.9185
4177,-0.0234,0.0156,0.9836
4178,0.0105,-0.0107,0.9104
4179,0.0024,-0.0469,0.9194
4180,-0.0005,-0.0510,0.9612
4181,0.1355,-0.0532,0.9338
4182,0.2212,-0.1191,0.9702
4183,0.2971,-0.0388,0.9719
4184,0.2668,0.0007,0.9937
4185,0.0969,0.0093,1.0408
4186,-0.0864,0.0999,0.9946
4187,-0.2561,0.0496,1.0171
4188,-0.2681,0.0635,0.9954
4189,-0.1431,0.0862,0.9360
4190,0.0012,0.0291,0.9573
4191,0.0916,-0.0293,0.9592
4192,0.0500,-0.0503,0.9290
4193,-0.0635,-0.0520,0.9380
4194,-0.1689,-0.0344,0.9780
4195,-0.1294,0.0103,0.9172
4196,0.0659,0.0403,0.9661
4197,0.2576,-0.0723,0.9836
4198,0.4097,-0.0200,0.9458
4199,0.3679,-0.0420,1.0354
4200,0.1746,0.0825,1.0083
4201,-0.1514,0.0400,1.0132
4202,-0.3638,0.0527,1.0237
4203,-0.4097,0.0391,0.9543
4204,-0.2913,-0.0710,0.9614
4205,-0.0740,-0.0525,0.9299
4206,0.1169,-0.0225,0.9084
4207,0.1545,0.0305,0.9631
4208,0.0835,0.0598,0.9399
4209,0.0168,0.0889,0.9514
4210,0.0361,-0.0039,0.9790
4211,0.1345,-0.0051,0.9377
4212,0.2397,-0.1189,0.9819
4213,0.3472,-0.1125,1.0024
4214,0.2603,-0.0359,0.9663
4215,0.0352,-0.0083,1.0510
4216,-0.1877,0.0232,1.0088
4217,-0.3079,0.1062,0.9272
4218,-0.3286,0.0476,1.0129
4219,-0.2114,0.0962,0.9553
4220,-0.0161,0.1345,0.9136
4221,0.0911,0.0032,1.0288
4222,0.1111,0.0071,0.9241
4223,0.0789,-0.0769,0.9045
4224,0.0371,-0.2048,0.9885
4225,0.0879,-0.0493,0.9026
4226,0.1348,-0.0012,0.9670
4227,0.2000,-0.0027,1.0461
4228,0.2361,0.0366,0.9534
4229,0.0916,0.0127,0.9998
4230,-0.0757,0.0596,1.0393
4231,-0.2053,0.0815,0.9690
4232,-0.3301,0.0725,0.9739
4233,-0.3142,-0.0054,0.9790
4234,-0.2019,-0.0903,0.9507
4235,-0.0820,-0.0298,0.9292
4236,0.0754,-0.0457,0.9797
4237,0.2000,-0.0029,0.9231
4238,0.2705,-0.0015,0.9194
4239,0.3135,-0.0193,0.9680
4240,0.3157,0.0444,0.9600
4241,0.2056,0.0244,0.9985
4242,0.0833,0.0242,1.0220
4243,-0.0962,-0.0010,0.9729
4244,-0.2883,-0.0032,0.9995
4245,-0.3442,-0.0608,0.9963
4246,-0.2593,0.0374,0.9304
4247,-0.1807,-0.0469,0.9817
4248,-0.0298,0.0774,0.9651
4249,-0.0015,-0.0061,0.9514
4250,0.0259,0.1121,0.9751
4251,0.0857,0.0088,0.9878
4252,0.1460,0.0156,0.9517
4253,0.3022,-0.0159,0.9292
4254,0.3862,-0.0408,1.0171
4255,0.3813,-0.0146,0.9575
4256,0.2944,-0.0127,0.9546
4257,-0.0447,-0.1367,1.0305
4258,-0.2739,0.0618,0.8987
4259,-0.4460,0.0173,1.0044
4260,-0.4807,0.0554,1.0098
4261,-0.2495,0.0933,0.9172
4262,-0.0532,-0.0291,1.0120
4263,0.0605,0.0244,0.9534
4264,0.1333,-0.0256,0.9507
4265,0.0779,-0.0596,1.0142
4266,0.0637,0.0100,0.9250
4267,0.1609,-0.0269,0.9709
4268,0.2886,-0.0266,0.9604
4269,0.4197,0.0369,0.8879
4270,0.3804,-0.0574,1.0012
4271,0.1851,-0.0322,0.9790
4272,-0.0620,0.1003,0.9402
4273,-0.3726,0.0315,1.0637
4274,-0.5435,0.0520,0.9719
4275,-0.4944,-0.0088,0.9438
4276,-0.3140,-0.0398,1.0413
4277,-0.0339,0.0049,0.9563
4278,0.1514,0.0000,0.9624
4279,0.2356,-0.0173,0.9849
4280,0.2395,-0.0120,0.9153
4281,0.2104,-0.0229,0.9233
4282,0.2229,-0.0217,0.9692
4283,0.2869,0.0593,0.9006
4284,0.3044,0.0242,0.9846
4285,0.2251,-0.0315,1.0015
4286,0.0703,0.0613,0.9407
4287,-0.1296,-0.0188,1.0571
4288,-0.3440,0.0291,1.0132
4289,-0.4504,0.0664,0.9233
4290,-0.4321,-0.0193,1.0276
4291,-0.3369,-0.0898,0.9846
4292,-0.1753,-0.0408,0.8918
4293,-0.0005,-0.0481,1.0063
4294,0.1128,-0.0513,0.9556
4295,0.2964,0.1082,0.8394
4296,0.3967,-0.0063,1.0461
4297,0.4937,0.1174,0.9478
4298,0.4771,0.0986,0.9292
4299,0.2966,-0.0356,1.0481
4300,0.1021,0.0032,0.9651
4301,-0.1506,-0.0361,0.9497
4302,-0.3794,-0.0422,1.0393
4303,-0.3823,-0.0679,0.9719
4304,-0.3450,0.0444,0.9263
4305,-0.2798,-0.0132,1.0559
4306,-0.1560,0.0493,0.9670
4307,-0.0979,0.0369,0.9514
4308,-0.0007,0.0659,0.9905
4309,0.0918,-0.0107,0.9536
4310,0.2603,0.0471,0.9087
4311,0.4539,-0.0283,0.9651
4312,0.5183,-0.0750,0.9426
4313,0.4656,-0.0608,0.9368
4314,0.2686,-0.0981,0.9888
4315,-0.0679,0.0269,0.9758
4316,-0.3521,0.0083,0.9983
4317,-0.4937,0.0898,0.9680
4318,-0.4993,0.0356,1.0044
4319,-0.3313,0.0420,0.9888
4320,-0.1704,0.0393,0.9712
4321,-0.0481,-0.0513,0.9995
4322,0.0630,0.0095,0.9302
4323,0.1135,-0.0750,0.9397
4324,0.1841,-0.0188,0.9653
4325,0.3472,0.0186,0.9209
4326,0.4714,0.0574,0.9504
4327,0.4470,-0.0674,0.9915
4328,0.3254,-0.0273,0.9341
4329,0.0581,-0.0269,0.9846
4330,-0.2249,0.0259,1.0259
4331,-0.4104,0.1021,0.9604
4332,-0.4729,0.0435,1.0308
4333,-0.3931,0.0498,0.9700
4334,-0.2170,-0.0168,0.9731
4335,-0.0833,-0.0408,0.9829
4336,0.0293,0.0698,0.9407
4337,0.0894,-0.0200,1.0024
4338,0.2134,0.0391,0.9214
4339,0.3127,-0.0125,0.9192
4340,0.4585,-0.0098,0.9819
4341,0.4819,-0.0693,0.9604
4342,0.4197,-0.0435,0.9319
4343,0.1641,-0.1340,1.0461
4344,-0.1035,0.0369,0.9546
4345,-0.3423,0.1526,0.9661
4346,-0.5288,0.0166,1.0891
4347,-0.4683,0.1052,0.8967
4348,-0.3577,-0.1562,0.9810
4349,-0.2336,-0.1062,0.9585
4350,-0.0684,0.0164,0.9104
4351,0.0144,-0.0156,1.0188
4352,0.1702,0.1619,0.9280
4353,0.3027,-0.0254,0.9575
4354,0.4275,0.0825,0.9719
4355,0.5398,0.0049,0.9377
4356,0.4658,-0.1050,1.0044
4357,0.2981,-0.0654,0.9595
4358,0.0237,-0.0457,0.9741
4359,-0.2754,0.0098,1.0295
4360,-0.4146,0.1074,0.9534
4361,-0.4956,0.0354,0.9885
4362,-0.4541,-0.0159,0.9836
4363,-0.2734,0.0156,0.9661
4364,-0.1663,-0.0085,1.0171
4365,-0.0427,0.1470,0.9438
4366,0.0557,-0.0552,0.9556
4367,0.2666,-0.0464,0.9397
4368,0.4626,-0.0391,0.9280
4369,0.5210,0.0300,0.9487
4370,0.5105,-0.0720,0.9875
4371,0.3757,-0.0171,0.8977
4372,0.0740,-0.0564,0.9985
4373,-0.2009,-0.0300,1.0510
4374,-0.3635,0.1550,0.9565
4375,-0.4563,0.1003,0.9878
4376,-0.4016,-0.0081,1.0317
4377,-0.2893,-0.0852,0.9407
4378,-0.1868,0.0420,0.9702
4379,-0.1147,-0.0486,1.0608
4380,0.0151,0.0452,0.8892
4381,0.1169,-0.0393,0.9065
4382,0.3413,-0.0166,0.9946
4383,0.5396,0.0393,0.8950
4384,0.5630,0.0242,0.9302
4385,0.4663,-0.1101,1.0337
4386,0.2046,-0.0095,0.9253
4387,-0.1313,0.1108,1.0032
4388,-0.4097,0.0232,1.0979
4389,-0.5181,0.0977,0.8918
4390,-0.4700,-0.0688,0.9780
4391,-0.2981,-0.0967,1.0269
4392,-0.1648,-0.0334,0.9282
4393,-0.0779,0.0522,1.0051
4394,0.0405,0.0103,1.0513
4395,-0.8979,-0.0347,0.9924
4396,-1.9980,-0.0486,1.1362
4397,-1.9978,0.0071,1.3958
4398,-1.9978,-0.3572,1.3333
4399,-1.9980,0.1965,0.8794
4400,-1.9978,-0.3152,0.8831
4401,-1.6106,-0.5308,0.6519
4402,1.9998,0.1807,0.0984
4403,1.9998,0.1211,0.6626
4404,1.9998,0.3464,0.3777
4405,1.9998,1.0828,0.3701
4406,1.9998,-0.1338,1.7166
4407,0.4290,-0.2378,1.6665
4408,-1.9980,-0.3140,1.7839
4409,-1.9978,-0.4099,1.9998
4410,-1.9978,0.3018,1.1584
4411,-1.9980,0.1641,0.7690
4412,-1.2756,0.1438,0.7661
4413,0.8853,0.6316,-0.0032
4414,0.9958,0.3765,-0.2290
4415,-1.0444,-0.7200,0.1643
4416,-1.9980,-1.0464,-0.0903
4417,-1.9978,-1.1038,0.8225
4418,-1.6763,-0.8557,1.8701
4419,1.1350,-0.0796,1.9841
4420,1.9998,0.0537,1.9998
4421,1.9998,1.0098,1.9998
4422,1.9998,1.6870,1.7239
4423,1.7556,1.6694,0.7708
4424,-0.5176,1.2671,-0.4243
4425,-1.9385,-0.0107,-1.0427
4426,-1.9978,-0.9871,-1.0630
4427,-1.1497,-1.5884,-0.3523
4428,0.1191,-2.0000,0.8022
4429,0.4507,-1.8765,1.6812
4430,-0.2908,-1.3628,1.9998
4431,-1.6279,0.1130,1.9998
4432,-1.9978,1.7190,1.9998
4433,-1.9978,1.9983,1.9998
4434,-1.6216,1.9983,1.2708
4435,0.6570,1.5308,0.0859
4436,1.9998,0.2917,-1.0876
4437,1.9998,-1.1243,-1.5474
4438,1.9998,-2.0000,-1.2261
4439,1.9998,-2.0000,-0.4321
4440,0.2297,-2.0000,0.8921
4441,-1.8428,-1.1851,1.9968
4442,-1.9978,0.4009,1.9998
4443,-1.9980,1.5818,1.9998
4444,-1.8804,1.9983,1.9998
4445,-0.6509,1.9983,1.9998
4446,0.6099,1.8132,1.1040
4447,1.2156,0.4331,-0.1196
4448,1.0916,-1.3342,-1.0737
4449,0.7446,-2.0000,-1.3513
4450,0.4744,-2.0000,-1.1694
4451,0.5984,-2.0000,-0.4019
4452,0.9763,-1.1877,0.9768
4453,1.0291,0.6958,1.9609
4454,0.5845,1.9980,1.9998
4455,-0.1819,1.9980,1.9998
4456,-1.0715,1.9980,1.9998
4457,-1.6008,1.8230,1.9204
4458,-1.7610,0.3044,1.1558
4459,-1.3569,-1.3860,-0.0776
4460,-0.3325,-2.0000,-0.6890
4461,0.7378,-2.0000,-0.6208
4462,1.5828,-2.0000,-0.5894
4463,1.8579,-1.0347,0.2070
4464,1.4871,0.3730,1.1555
4465,0.7830,1.7971,1.5574
4466,-0.1428,1.9980,1.9998
4467,-0.8813,1.9983,1.9998
4468,-1.1958,1.8481,1.9006
4469,-1.0825,0.5364,1.4182
4470,-0.7690,-1.0774,0.9153
4471,-0.4111,-2.0000,0.1956
4472,-0.0701,-2.0000,-0.0225
4473,0.2156,-2.0000,0.1650
4474,0.3928,-1.2112,0.2441
4475,0.4595,0.2219,0.7954
4476,0.5759,1.5552,1.3098
4477,0.6128,1.9980,1.4438
4478,0.6802,1.9980,1.6187
4479,0.5818,1.5903,1.6243
4480,0.2803,0.5132,1.2209
4481,-0.1387,-0.7124,0.9312
4482,-0.6838,-1.8022,0.6802
4483,-1.0452,-1.9771,0.3921
4484,-1.1157,-1.7434,0.5715
4485,-0.8862,-0.9417,0.7522
4486,-0.3958,0.1445,0.8511
4487,0.2339,0.9451,1.2046
4488,0.7400,1.4995,1.3225
4489,1.0779,1.5483,1.2981
4490,1.0786,0.9558,1.2993
4491,0.8279,0.2217,1.0393
4492,0.4351,-0.5537,0.8394
4493,-0.0020,-1.0071,0.7190
4494,-0.3892,-1.0500,0.6282
4495,-0.6965,-0.7886,0.6421
4496,-0.9028,-0.2805,0.8230
4497,-0.8948,0.2361,1.0464
4498,-0.6721,0.6599,1.1831
4499,-0.2595,0.8091,1.2327
4500,0.2729,0.6433,1.2441
4501,0.6577,0.2527,1.1460
4502,0.9185,-0.1118,1.0220
4503,0.8250,-0.6272,0.9192
4504,0.5203,-0.7063,0.6985
4505,0.1921,-0.6125,0.6917
4506,-0.1155,-0.2153,0.7661
4507,-0.2952,0.3191,0.8286
4508,-0.4282,0.5532,1.0325
4509,-0.4973,0.6506,1.1694
4510,-0.5161,0.4341,1.2170
4511,-0.4370,0.1318,1.2249
4512,-0.2788,-0.2458,1.1145
4513,0.0281,-0.4751,0.9312
4514,0.3418,-0.5454,0.8481
4515,0.5857,-0.4036,0.8137
4516,0.6365,-0.1096,0.7375
4517,0.4868,0.1179,0.7808
4518,0.2354,0.2898,0.8862
4519,-0.0364,0.4932,0.9534
4520,-0.2656,0.4802,1.1362
4521,-0.3899,0.3074,1.1841
4522,-0.4133,0.0007,1.1392
4523,-0.3481,-0.3098,1.1350
4524,-0.1785,-0.4509,1.0647
4525,0.0107,-0.4167,0.9351
4526,0.1973,-0.2571,0.8706
4527,0.3738,-0.0471,0.8254
4528,0.3816,0.1724,0.8030
4529,0.2600,0.3076,0.8547
4530,0.0266,0.2312,0.9321
4531,-0.2295,0.1726,0.9224
4532,-0.3752,0.1172,0.9780
4533,-0.3203,-0.0098,1.0415
4534,-0.0518,-0.0986,1.0122
4535,0.2407,-0.2271,1.0181
4536,0.4043,-0.2488,1.0715
4537,0.3633,-0.1199,1.0498
4538,0.1436,0.1038,1.0532
4539,-0.1521,0.1716,1.0903
4540,-0.3347,0.2522,0.9780
4541,-0.3674,0.1182,0.9614
4542,-0.2017,0.0151,0.8899
4543,-0.0088,-0.0908,0.7893
4544,0.1648,-0.1492,0.7961
4545,0.2703,-0.1506,0.8127
4546,0.2458,-0.1594,0.8528
4547,0.1877,-0.1042,0.9575
4548,0.1167,0.0051,1.0530
4549,0.0366,0.1833,1.1118
4550,-0.0598,0.2292,1.2290
4551,-0.1775,0.2583,1.2007
4552,-0.3010,0.1809,1.1089
4553,-0.3352,-0.0217,1.0562
4554,-0.2302,-0.1482,0.8733
4555,0.0151,-0.1938,0.7710
4556,0.2954,-0.2573,0.7622
4557,0.4648,-0.2046,0.7417
4558,0.4614,-0.1494,0.8076
4559,0.2712,-0.0090,0.9426
4560,0.0181,0.1216,1.0415
4561,-0.1887,0.2903,1.1167
4562,-0.3064,0.3162,1.1626
4563,-0.2966,0.2527,1.1616
4564,-0.2700,0.1304,1.0808
4565,-0.1926,-0.0186,1.0190
4566,-0.0828,-0.2429,0.9407
4567,0.0803,-0.2822,0.7954
4568,0.2544,-0.2998,0.8452
4569,0.3933,-0.1931,0.8586
4570,0.4080,0.0288,0.8420
4571,0.2908,0.0542,1.0129
4572,0.0479,0.1941,1.0081
4573,-0.1575,0.2373,1.0334
4574,-0.3271,0.1626,1.1243
4575,-0.3345,0.1782,0.9954
4576,-0.2534,0.0151,0.9875
4577,-0.1179,-0.1392,0.9604
4578,0.0293,-0.2136,0.8840
4579,0.0977,-0.3015,0.9397
4580,0.1316,-0.1221,0.9016
4581,0.1729,-0.0249,0.9866
4582,0.1865,0.1665,0.9983
4583,0.2476,0.2891,0.9927
4584,0.2661,0.1379,1.0835
4585,0.1829,0.1299,0.9631
4586,0.0090,-0.0156,0.9661
4587,-0.2046,-0.0522,0.9817
4588,-0.3962,-0.0261,0.8765
4589,-0.4128,-0.0791,0.9155
4590,-0.2937,-0.1533,0.9299
4591,-0.0571,-0.1267,0.8889
4592,0.2131,-0.0930,0.9895
4593,0.3311,0.0251,1.0298
4594,0.3359,0.1162,1.0198
4595,0.2021,0.1072,1.0627
4596,0.0542,0.0835,1.0308
4597,-0.0088,-0.0100,0.9829
4598,-0.0063,-0.0496,0.9377
4599,-0.0100,-0.0896,0.9292
4600,0.0005,-0.0112,0.8745
4601,-0.0676,0.0608,0.9097
4602,-0.1411,0.0867,0.9651
4603,-0.1716,0.1172,0.9507
4604,-0.1460,0.0303,1.0032
4605,-0.0305,-0.0239,1.0415
4606,0.1125,0.0000,1.0090
4607,0.1541,-0.0244,1.0305
4608,0.1663,-0.0369,1.0022
4609,0.1338,-0.0942,0.9290
4610,0.0752,-0.1055,0.8948
4611,0.0486,-0.1416,0.9045
4612,0.0647,-0.0273,0.8745
4613,0.0400,0.0735,0.9309
4614,-0.0164,0.1277,1.0088
4615,-0.0959,0.1348,1.0190
4616,-0.1777,0.0842,1.0569
4617,-0.1765,0.0317,1.0645
4618,-0.1108,-0.0244,1.0229
4619,0.0247,0.0151,0.9692
4620,0.1348,-0.0232,0.9722
4621,0.1709,-0.0442,0.9026
4622,0.1636,-0.0190,0.8726
4623,0.0776,-0.1082,0.9172
4624,0.0378,-0.0229,0.8550
4625,0.0176,-0.0388,0.9417
4626,0.0386,0.0498,1.0151
4627,0.0439,0.1077,1.0181
4628,-0.0063,0.0537,1.0942
4629,-0.0996,0.0334,1.0393
4630,-0.1812,-0.0320,1.0061
4631,-0.1675,-0.0288,1.0159
4632,-0.0708,0.0388,0.9075
4633,0.0928,0.0259,0.9292
4634,0.2007,-0.0781,0.9253
4635,0.2036,-0.0615,0.8560
4636,0.1309,-0.1047,0.9644
4637,0.0396,-0.0027,0.9751
4638,-0.0471,0.0991,0.9429
4639,-0.0325,0.0718,1.0364
4640,-0.0217,0.0833,1.0200
4641,0.0083,0.1118,0.9487
4642,0.0220,0.0007,1.0374
4643,-0.0361,-0.0645,0.9819
4644,-0.0659,-0.0168,0.9026
4645,-0.1089,-0.1140,1.0288
4646,-0.1106,-0.0752,0.9368
4647,0.0022,-0.0127,0.9097
4648,0.1001,-0.0823,1.0386
4649,0.1890,0.0715,0.9448
4650,0.2163,0.0972,0.9741
4651,0.1658,0.1162,1.0188
4652,0.0701,0.1213,0.9368
4653,-0.0105,0.0281,0.9497
4654,-0.0750,-0.0295,0.9546
4655,-0.0842,-0.1077,0.9309
4656,-0.0781,-0.0986,0.9370
4657,-0.1270,-0.1155,0.9963
4658,-0.1558,-0.0303,0.9739
4659,-0.1252,0.0049,1.0024
4660,-0.0869,0.0208,1.0208
4661,0.0854,0.0879,0.9858
4662,0.2271,0.0298,1.0278
4663,0.2866,0.1116,0.9653
4664,0.2729,0.0813,0.9604
4665,0.1577,-0.0034,0.9536
4666,0.0122,0.0027,0.8831
4667,-0.0925,-0.0945,0.9448
4668,-0.1406,-0.0640,0.9312
4669,-0.1526,-0.0400,0.9185
4670,-0.1248,-0.0061,1.0061
4671,-0.1294,0.0125,1.0266
4672,-0.0784,0.0813,0.9966
4673,-0.0171,0.0156,1.0581
4674,0.0681,-0.0039,1.0063
4675,0.1760,-0.0098,0.9536
4676,0.2297,-0.0813,0.9944
4677,0.1960,-0.0037,0.9221
4678,0.1138,0.0461,0.8931
4679,-0.0066,-0.0090,0.9475
4680,-0.1101,0.0090,0.8999
4681,-0.1409,0.0142,0.9341
4682,-0.1042,0.0210,1.0298
4683,-0.0356,0.0791,0.9741
4684,-0.0103,0.0447,1.0237
4685,0.0051,-0.0269,1.0510
4686,-0.0098,-0.0452,0.9807
4687,0.0105,-0.0535,0.9937
4688,0.0618,-0.0566,0.9856
4689,0.1079,0.0171,0.9019
4690,0.1245,0.0239,0.9377
4691,0.1223,0.0198,0.9399
4692,0.0352,0.0024,0.9028
4693,-0.0349,-0.0029,0.9563
4694,-0.0940,0.0161,1.0054
4695,-0.0684,0.0876,0.9875
4696,-0.0327,0.0525,1.0337
4697,-0.0176,-0.0159,1.0168
4698,-0.0049,-0.0508,0.9731
4699,-0.0247,-0.0669,0.9780
4700,-0.0081,-0.0193,0.9565
4701,0.0322,-0.0283,0.9436
4702,0.0659,0.0205,0.9192
4703,0.0906,0.0134,0.9475
4704,0.0854,0.0032,0.9495
4705,0.0317,0.0232,0.9509
4706,0.0286,0.0388,0.9868
4707,-0.0071,-0.0347,1.0083
4708,-0.0505,0.0188,0.9827
4709,-0.0298,-0.0134,1.0168
4710,-0.0081,-0.0061,1.0132
4711,0.0017,0.0239,0.9634
4712,0.0422,0.0444,0.9778
4713,0.0137,0.0085,0.9749
4714,0.0046,0.0535,0.9084
4715,-0.0449,-0.0134,0.9487
4716,-0.0496,-0.0212,0.9485
4717,-0.0020,-0.0198,0.9221
4718,0.0337,-0.0413,0.9553
4719,0.0796,-0.0505,0.9673
4720,0.1130,-0.0710,0.9583
4721,0.0603,-0.0405,0.9937
4722,-0.0010,0.0176,1.0237
4723,-0.0239,0.0732,1.0103
4724,-0.0352,0.1021,0.9878
4725,0.0012,0.0474,0.9895
4726,0.0159,0.0017,0.9595
4727,0.0098,0.0188,0.9263
4728,-0.0359,-0.0186,0.9753
4729,-0.0686,-0.0090,0.9292
4730,-0.0615,-0.0371,0.9224
4731,0.0017,-0.0881,0.9778
4732,0.0732,-0.0225,0.9504
4733,0.1655,0.0510,0.9731
4734,0.1677,0.0518,1.0237
4735,0.0884,0.0898,0.9692
4736,-0.0356,0.0479,0.9897
4737,-0.1318,-0.0083,0.9993
4738,-0.1541,-0.0222,0.9485
4739,-0.1296,-0.0923,0.9648
4740,0.0042,-0.0410,0.9543
4741,0.0667,-0.0918,0.9507
4742,0.1099,-0.0208,0.9497
4743,0.1060,-0.0471,0.9653
4744,0.0610,0.0210,0.9614
4745,0.0300,0.1294,0.9827
4746,0.0146,0.1506,0.9917
4747,-0.0046,0.1169,0.9924
4748,-0.0344,-0.0029,0.9644
4749,-0.0737,-0.0442,0.9592
4750,-0.1016,-0.1218,0.9829
4751,-0.0317,-0.0234,0.9438
4752,0.0413,-0.0566,0.9897
4753,0.1265,-0.0044,0.9683
4754,0.1426,-0.0183,0.9517
4755,0.1089,0.0188,0.9807
4756,0.0178,0.0547,0.9680
4757,-0.0850,0.0886,0.9641
4758,-0.1138,0.0286,0.9719
4759,-0.1106,-0.0229,0.9739
4760,-0.0271,-0.0315,0.9363
4761,0.0454,-0.0715,0.9778
4762,0.0776,-0.0691,0.9573
4763,0.1018,-0.0071,0.9233
4764,0.0525,-0.0203,1.0071
4765,-0.0098,0.0383,0.9839
4766,-0.0469,0.0776,0.9495
4767,-0.0618,0.0237,1.0344
4768,-0.0020,0.0979,0.9692
4769,0.0542,0.0635,0.9663
4770,0.0679,-0.0129,0.9927
4771,0.0901,-0.0461,0.9241
4772,0.0220,-0.0708,0.9329
4773,-0.0659,-0.0410,0.9573
4774,-0.0730,-0.0715,0.9563
4775,-0.0608,-0.0022,0.9260
4776,-0.0127,-0.0078,1.0142
4777,0.0471,0.0198,1.0054
4778,0.0632,0.1045,0.9680
4779,0.0486,0.0396,1.0522
4780,0.0691,0.0752,0.9729
4781,0.0396,0.0066,0.9507
4782,0.0344,-0.0701,0.9739
4783,-0.0049,-0.0735,0.9036
4784,-0.0674,-0.0723,0.9250
4785,-0.0698,-0.0002,0.9573
4786,-0.0610,-0.0046,0.9573
4787,-0.0195,0.0449,0.9487
4788,0.0552,-0.0044,1.0278
4789,0.1150,0.0703,0.9875
4790,0.0964,0.1025,1.0032
4791,0.0288,0.0212,1.0383
4792,-0.0500,0.0361,0.9495
4793,-0.0740,-0.0532,0.9829
4794,-0.0466,-0.0601,0.9585
4795,0.0374,-0.0396,0.8999
4796,0.1123,-0.0623,0.9475
4797,0.1184,-0.0166,0.9258
4798,0.0696,-0.0210,0.9585
4799,-0.0239,0.0190,0.9971
4800,-0.1069,0.0688,0.9761
4801,-0.1328,0.0273,1.0405
4802,-0.1228,0.0383,1.0112
4803,-0.0247,0.0469,0.9956
4804,0.0784,0.0022,1.0081
4805,0.1221,0.0337,0.9270
4806,0.1736,-0.0305,0.9302
4807,0.1006,-0.0679,0.9282
4808,0.0220,-0.0378,0.8911
4809,-0.0330,-0.0391,0.9565
4810,-0.0754,0.0012,0.9722
4811,-0.0505,0.0342,0.9712
4812,-0.0173,-0.0098,1.0425
4813,-0.0298,0.0083,1.0110
4814,0.0410,0.0508,1.0024
4815,0.0190,-0.0002,1.0356
4816,0.0234,0.0781,0.9397
4817,0.0320,-0.0098,0.9683
4818,0.0010,-0.0142,0.9504
4819,0.0198,0.0012,0.8879
4820,0.0134,-0.0527,0.9634
4821,-0.0154,-0.0198,0.9409
4822,0.0273,0.0295,0.9514
4823,0.0203,-0.0620,1.0229
4824,0.0442,0.0427,0.9556
4825,0.0662,0.0085,1.0051
4826,0.0107,0.0408,1.0132
4827,-0.0098,0.0388,0.9644
4828,-0.0581,-0.0288,0.9709
4829,-0.1008,-0.0305,0.9722
4830,-0.0654,-0.0498,0.9485
4831,0.0220,-0.0007,0.9514
4832,0.0723,-0.0413,0.9924
4833,0.1257,0.0291,0.9417
4834,0.1177,0.0281,0.9702
4835,0.0725,0.0464,0.9927
4836,-0.0049,0.0544,0.9651
4837,-0.0583,0.0244,0.9712
4838,-0.0652,0.0188,0.9924
4839,-0.0369,-0.0190,0.9644
4840,0.0242,0.0085,0.9556
4841,0.0474,-0.0669,0.9839
4842,0.0273,-0.0073,0.9526
4843,0.0127,-0.0269,0.9543
4844,-0.0173,-0.0286,0.9878
4845,-0.0364,-0.0020,0.9487
4846,0.0051,0.0503,0.9758
4847,0.0002,-0.0073,1.0081
4848,0.0420,0.0144,0.9370
4849,0.0498,-0.0281,0.9829
4850,0.0237,-0.0308,0.9985
4851,0.0403,0.0608,0.9299
4852,0.0613,0.0029,0.9924
4853,0.0588,-0.0078,0.9712
4854,0.0356,0.0222,0.9204
4855,-0.0234,0.0146,1.0071
4856,-0.0925,0.0403,0.9722
4857,-0.1316,0.0293,0.9429
4858,-0.0879,-0.0481,1.0220
4859,0.0237,-0.0264,0.9634
4860,0.1143,-0.0195,0.9526
4861,0.1833,-0.0278,0.9895
4862,0.1138,0.0127,0.9377
4863,0.0679,0.0398,0.9429
4864,-0.0334,-0.0259,0.9885
4865,-0.0999,-0.0056,0.9426
4866,-0.0540,0.0156,0.9536
4867,-0.0300,-0.0415,1.0142
4868,0.0105,0.0393,0.9634
4869,0.0481,0.0342,0.9963
4870,0.0225,0.0381,1.0063
4871,-0.0103,0.0125,0.9592
4872,0.0066,-0.0259,0.9521
4873,-0.0039,-0.0518,0.9507
4874,0.0283,-0.0500,0.9495
4875,0.0657,0.0229,0.9487
4876,0.0527,0.0122,0.9836
4877,0.0525,0.0376,0.9602
4878,0.0100,-0.0095,0.9634
4879,-0.0444,-0.0078,1.0100
4880,-0.0320,0.0410,0.9827
4881,-0.0115,0.0654,0.9946
4882,-0.0115,0.0208,0.9905
4883,0.0430,0.0129,0.9329
4884,0.0549,-0.0649,0.9673
4885,0.0454,-0.0352,0.9495
4886,0.0461,0.0068,0.9321
4887,-0.0176,-0.0420,0.9739
4888,-0.0439,-0.0095,0.9417
4889,-0.0400,-0.0454,0.9780
4890,-0.0327,0.0188,0.9993
4891,0.0271,0.0264,0.9829
4892,0.0903,0.0552,0.9849
4893,0.0718,0.0132,0.9897
4894,0.0815,0.0344,0.9534
4895,0.0347,-0.0264,0.9670
4896,-0.0205,0.0115,0.9651
4897,-0.0498,-0.0022,0.9504
4898,-0.0588,0.0186,0.9700
4899,-0.0564,0.0110,0.9651
4900,0.0068,0.0186,0.9526
4901,0.0364,-0.0347,0.9790
4902,0.0579,0.0002,0.9497
4903,0.0833,0.0083,0.9702
4904,0.0435,-0.0156,0.9934
4905,0.0164,0.0281,0.9495
4906,-0.0142,-0.0647,0.9927
4907,-0.0515,-0.0166,0.9780
4908,-0.0244,-0.0129,0.9663
4909,0.0388,0.0122,0.9807
4910,0.0505,0.0081,0.9663
4911,0.0686,0.0496,0.9565
4912,0.0249,0.0203,0.9751
4913,-0.0469,0.0205,0.9468
4914,-0.0574,0.0100,0.9536
4915,-0.0693,-0.0176,0.9700
4916,0.0151,0.0334,0.9465
4917,0.0872,-0.0508,0.9985
4918,0.1221,0.0298,0.9602
4919,0.1001,-0.0107,0.9954
4920,0.0188,-0.0015,0.9905
4921,-0.0642,0.0200,0.9651
4922,-0.0747,-0.0017,0.9856
4923,-0.0483,0.0142,0.9758
4924,0.0166,0.0261,0.9475
4925,0.0757,-0.0198,0.9756
4926,0.0891,-0.0415,0.9536
4927,0.0513,-0.0354,0.9390
4928,-0.0120,-0.0264,0.9678
4929,-0.0667,0.0093,0.9673
4930,-0.0574,-0.0168,0.9788
4931,-0.0134,0.0598,0.9810
4932,0.0256,0.0337,1.0063
4933,0.1013,0.1021,0.9829
4934,0.0776,0.0222,0.9712
4935,0.0479,0.0200,0.9595
4936,-0.0093,-0.0535,0.9563
4937,-0.0459,-0.0496,0.9507
4938,-0.0178,-0.0322,0.9573
4939,-0.0081,-0.0725,0.9788
4940,0.0159,0.0015,0.9417
4941,0.0466,-0.0332,1.0005
4942,0.0022,0.0237,0.9827
4943,0.0042,0.0806,0.9690
4944,0.0056,0.0417,1.0276
4945,0.0039,0.0779,0.9534
4946,0.0383,-0.0127,0.9731
4947,0.0278,-0.0327,0.9741
4948,0.0085,-0.0076,0.9114
4949,0.0159,-0.0378,0.9741
4950,0.0073,-0.0359,0.9731
4951,0.0273,0.0349,0.9343
4952,0.0483,-0.0408,1.0142
4953,0.0212,0.0088,0.9495
4954,-0.0061,0.0332,0.9612
4955,-0.0393,0.0291,1.0188
4956,-0.0383,0.0620,0.9651
4957,0.0068,-0.0034,0.9739
4958,0.0259,-0.0137,0.9846
4959,0.0447,-0.0630,0.9575
4960,0.0625,-0.0159,0.9485
4961,0.0042,-0.0366,0.9741
4962,0.0129,0.0261,0.9497
4963,-0.0032,-0.0081,0.9673
4964,0.0073,0.0339,0.9749
4965,0.0295,0.0188,0.9954
4966,0.0210,0.0518,0.9749
4967,0.0217,0.0801,0.9790
4968,0.0330,0.0295,0.9829
4969,-0.0078,-0.0083,0.9497
4970,-0.0117,-0.0754,0.9485
4971,-0.0315,-0.0940,0.9729
4972,-0.0161,-0.0068,0.9465
4973,0.0168,0.0024,0.9695
4974,0.0115,-0.0107,0.9797
4975,0.0356,0.0007,0.9524
4976,0.0300,0.0054,0.9966
4977,0.0154,0.0505,0.9946
4978,0.0237,0.0190,0.9683
4979,0.0408,0.0068,0.9790
4980,0.0471,0.0127,0.9709
4981,0.0288,0.0159,0.9507
4982,-0.0122,-0.0261,0.9700
4983,-0.0337,0.0151,0.9448
4984,-0.0330,0.0278,0.9712
4985,0.0007,0.0337,0.9817
4986,0.0193,0.0024,0.9739
4987,0.0217,-0.0283,0.9631
4988,0.0168,-0.0183,0.9709
4989,-0.0049,-0.0273,0.9700
4990,0.0291,0.0264,0.9553
4991,0.0295,-0.0449,0.9973
4992,0.0503,0.0051,0.9438
4993,0.0342,-0.0459,0.9771
4994,-0.0022,0.0056,0.9670
4995,-0.0103,0.0466,0.9700
4996,0.0063,0.0491,0.9946
4997,0.0078,0.0762,0.9673
4998,0.0032,-0.0032,0.9644
4999,-0.0083,-0.0171,0.9485
5000,-0.0315,-0.0486,0.9614
5001,-0.0098,-0.0063,0.9624
5002,0.0200,-0.0005,0.9719
5003,0.0449,-0.0405,0.9797
5004,0.0688,-0.0261,0.9702
5005,0.0308,-0.0037,0.9722
5006,0.0181,0.0798,0.9915
5007,0.0115,0.0537,0.9956
5008,-0.0105,0.0593,0.9504
5009,-0.0005,-0.0002,0.9702
5010,0.0000,-0.0261,0.9673
5011,0.0137,0.0222,0.9204
5012,0.0166,-0.0527,0.9897
5013,-0.0205,-0.0615,0.9514
5014,-0.0320,-0.0322,0.9360
5015,-0.0083,-0.0425,1.0034
5016,0.0005,0.0281,0.9741
5017,0.0574,0.0713,0.9773
5018,0.0566,0.0186,1.0256
5019,0.0339,0.0566,0.9446
5020,0.0327,0.0286,0.9741
5021,-0.0129,-0.0352,1.0015
5022,-0.0146,0.0171,0.9175
5023,-0.0134,-0.0359,0.9690
5024,-0.0088,-0.0229,0.9641
5025,0.0383,0.0034,0.9104
5026,0.0273,-0.0535,0.9973
5027,0.0217,0.0505,0.9622
5028,0.0173,0.0381,0.9790
5029,-0.0073,0.0300,0.9944
5030,-0.0161,-0.0098,0.9719
5031,0.0076,-0.0115,0.9778
5032,-0.0176,0.0032,1.0042
5033,0.0271,0.0422,0.9749
5034,0.0278,0.0088,0.9563
5035,0.0110,-0.0354,0.9517
5036,0.0454,-0.0630,0.9409
5037,0.0386,-0.0332,0.9507
5038,0.0122,0.0120,0.9712
5039,-0.0088,0.0100,0.9573
5040,-0.0127,0.0283,0.9722
5041,-0.0291,-0.0083,0.9888
5042,-0.0046,0.0393,0.9800
5043,-0.0110,0.0183,1.0029
5044,0.0210,0.0583,0.9585
5045,0.0044,-0.0085,0.9797
5046,0.0281,0.0095,0.9573
5047,0.0461,-0.0344,0.9583
5048,0.0264,-0.0344,0.9644
5049,0.0144,-0.0015,0.9417
5050,0.0120,-0.0068,0.9819
5051,0.0000,0.0349,0.9663
5052,0.0156,0.0200,0.9651
5053,0.0208,-0.0364,1.0061
5054,0.0017,-0.0068,0.9653
5055,-0.0042,0.0337,0.9641
5056,-0.0312,-0.0354,1.0151
5057,-0.0178,0.0442,0.9075
5058,0.0042,-0.0364,0.9856
5059,0.0215,-0.0232,0.9817
5060,0.0415,0.0654,0.9153
5061,0.0574,-0.0083,1.0002
5062,0.0403,0.0090,0.9780
5063,-0.0095,0.0088,0.9319
5064,-0.0193,0.0173,1.0103
5065,-0.0349,-0.0166,0.9758
5066,0.0054,0.0271,0.9294
5067,0.0273,-0.0496,1.0105
5068,0.0398,0.0229,0.9641
5069,0.0422,0.0195,0.9553
5070,-0.0154,-0.0271,0.9937
5071,-0.0315,0.0088,0.9526
5072,-0.0063,-0.0110,0.9749
5073,-0.0015,0.0352,0.9709
5074,0.0396,0.0007,0.9768
5075,0.0569,0.0110,0.9644
5076,0.0039,0.0063,0.9543
5077,0.0129,-0.0081,0.9709
5078,0.0083,-0.0371,0.9583
5079,-0.0056,-0.0239,0.9546
5080,0.0159,0.0022,0.9895
5081,0.0015,-0.0063,0.9907
5082,0.0037,0.0627,0.9517
5083,0.0134,0.0073,0.9976
5084,0.0098,0.0320,0.9788
5085,0.0105,0.0383,0.9526
5086,-0.0093,-0.0344,0.9963
5087,-0.0259,-0.0054,0.9456
5088,0.0063,-0.0105,0.9575
5089,0.0339,-0.0083,0.9807
5090,0.0432,-0.0305,0.9436
5091,0.0557,-0.0308,0.9578
5092,0.0476,-0.0144,0.9739
5093,0.0295,0.0142,0.9800
5094,0.0032,0.0422,0.9946
5095,-0.0237,0.0488,0.9895
5096,-0.0447,0.0522,0.9780
5097,-0.0410,0.0134,0.9714
5098,-0.0374,-0.0288,0.9719
5099,0.0044,-0.0349,0.9360
5100,0.0190,-0.0374,0.9631
5101,0.0544,-0.0193,0.9573
5102,0.0745,0.0049,0.9385
5103,0.0771,-0.0266,0.9771
5104,0.0461,-0.0039,0.9771
5105,-0.0171,0.0256,0.9702
5106,-0.0425,0.0247,1.0032
5107,-0.0459,0.0254,1.0042
5108,-0.0374,0.0554,0.9731
5109,0.0142,0.0310,0.9829
5110,0.0361,-0.0427,0.9739
5111,0.0415,-0.0339,0.9019
5112,0.0588,-0.0256,0.9487
5113,0.0166,-0.0586,1.0012
5114,0.0222,0.0681,0.9048
5115,-0.0144,-0.0229,1.0149
5116,-0.0330,0.0071,1.0081
5117,-0.0117,0.0754,0.9214
5118,0.0027,-0.0359,1.0532
5119,0.0107,0.0193,0.9700
5120,0.0366,0.0347,0.9194
5121,0.0295,-0.0249,1.0229
5122,0.0364,0.0098,0.9221
5123,0.0347,-0.0208,0.9241
5124,0.0066,-0.0913,1.0122
5125,0.0029,-0.0190,0.9094
5126,0.0046,0.0090,0.9644
5127,-0.0002,0.0154,1.0347
5128,-0.0037,0.0737,0.9604
5129,0.0149,0.0413,1.0005
5130,-0.0190,0.0083,1.0200
5131,-0.0002,0.0435,0.9250
5132,0.0146,-0.0227,0.9709
5133,0.0164,-0.0146,0.9592
5134,0.0354,-0.0061,0.9182
5135,0.0469,-0.0422,0.9651
5136,0.0598,-0.0393,0.9644
5137,0.0376,-0.0244,0.9651
5138,0.0146,0.0334,0.9839
5139,-0.0251,0.0110,1.0100
5140,-0.0371,0.0527,0.9739
5141,-0.0461,0.0427,0.9788
5142,-0.0374,-0.0183,1.0061
5143,0.0017,0.0227,0.9221
5144,0.0442,-0.0190,0.9534
5145,0.0708,-0.0493,0.9751
5146,0.0803,0.0093,0.8987
5147,0.0605,-0.0337,0.9858
5148,-0.0020,-0.0327,0.9915
5149,-0.0071,0.0137,0.9438
5150,-0.0396,0.0183,1.0247
5151,-0.0386,0.0686,0.9983
5152,0.0120,0.0415,0.9673
5153,0.0332,0.0088,0.9788
5154,0.0208,0.0107,0.9670
5155,0.0193,0.0408,0.9370
5156,0.0217,-0.0132,0.9663
5157,0.0042,-0.0527,0.9360
5158,0.0098,-0.0420,0.9390
5159,0.0156,-0.0493,0.9888
5160,0.0078,-0.0115,0.9761
5161,0.0303,0.0400,0.9771
5162,0.0178,-0.0005,1.0081
5163,0.0127,0.0293,0.9702
5164,0.0237,0.0320,0.9729
5165,-0.0024,-0.0068,0.9905
5166,-0.0027,0.0178,0.9478
5167,-0.0173,-0.0464,0.9595
5168,-0.0166,0.0173,0.9556
5169,-0.0015,-0.0229,0.9731
5170,0.0256,0.0330,0.9634
5171,0.0427,0.0137,0.9673
5172,0.0583,-0.0020,0.9817
5173,0.0444,0.0100,0.9644
5174,0.0203,-0.0022,0.9751
5175,-0.0125,0.0044,0.9780
5176,-0.0320,0.0227,0.9663
5177,-0.0151,0.0110,0.9624
5178,0.0125,-0.0479,0.9800
5179,0.0347,-0.0405,0.9497
5180,0.0305,-0.0303,0.9731
5181,0.0286,-0.0039,0.9976
5182,0.0002,0.0562,0.9514
5183,-0.0237,0.0215,0.9966
5184,-0.0110,0.0161,0.9829
5185,0.0071,0.0320,0.9438
5186,0.0432,-0.0088,0.9810
5187,0.0493,-0.0151,0.9456
5188,0.0386,-0.0249,0.9282
5189,0.0027,-0.0364,0.9849
5190,-0.0137,-0.0220,0.9690
5191,0.0090,0.0073,0.9700
5192,-0.0137,0.0217,0.9915
5193,0.0161,0.0557,0.9819
5194,0.0676,0.0125,0.9858
5195,0.0408,0.0493,0.9663
5196,0.0295,0.0039,0.9822
5197,-0.0029,-0.0161,0.9641
5198,-0.0596,-0.0396,0.9341
5199,-0.0242,-0.0354,0.9729
5200,-0.0183,-0.0464,0.9612
5201,0.0278,0.0164,0.9407
5202,0.0706,-0.0334,1.0073
5203,0.0544,0.0569,0.9553
5204,0.0308,0.0845,0.9875
5205,0.0566,0.0481,1.0132
5206,0.0046,0.0171,0.9426
5207,-0.0278,-0.0386,0.9624
5208,-0.0410,-0.0735,0.9719
5209,-0.0781,-0.0349,0.9468
5210,-0.0017,0.0103,0.9595
5211,0.0281,-0.0483,0.9927
5212,0.0542,0.0156,0.9270
5213,0.0769,0.0002,0.9827
5214,0.0364,0.0520,1.0024
5215,0.0269,0.1099,0.9514
5216,0.0046,0.0278,1.0051
5217,-0.0042,-0.0081,0.9753
5218,0.0144,-0.0039,0.9463
5219,-0.0095,-0.0522,0.9966
5220,-0.0088,0.0015,0.9517
5221,-0.0005,-0.0549,0.9504
5222,0.0347,0.0032,0.9517
5223,0.0518,-0.0334,0.9739
5224,0.0398,0.0034,0.9429
5225,-0.0112,0.0017,0.9709
5226,-0.0579,-0.0208,1.0103
5227,-0.0352,0.1064,0.9553
5228,0.0151,0.0371,1.0344
5229,0.0566,0.0334,0.9858
5230,0.0818,0.0000,0.9348
5231,0.0420,-0.0562,0.9849
5232,-0.0142,-0.0005,0.9331
5233,-0.0471,0.0066,0.9370
5234,-0.0330,-0.0159,0.9751
5235,0.0227,-0.0178,0.9429
5236,0.0486,-0.0259,0.9622
5237,0.0725,0.0090,0.9907
5238,0.0779,0.0181,0.9954
5239,0.0352,0.0481,0.9827
5240,-0.0171,0.0020,1.0054
5241,-0.0632,-0.0027,0.9602
5242,-0.0784,-0.0176,0.9644
5243,-0.0547,-0.0100,0.9727
5244,-0.0190,0.0242,0.9514
5245,0.0361,0.0269,0.9495
5246,0.0930,-0.0205,0.9553
5247,0.0891,-0.0247,0.9419
5248,0.0894,-0.0149,0.9702
5249,0.0547,0.0029,0.9836
5250,-0.0081,0.0403,0.9753
5251,-0.0349,-0.0054,0.9976
5252,-0.0562,0.0093,0.9819
5253,-0.0674,-0.0217,0.9819
5254,-0.0164,0.0156,0.9888
5255,0.0151,0.0110,0.9729
5256,0.0806,0.0593,0.9575
5257,0.0850,-0.0164,0.9641
5258,0.0352,-0.0303,0.9192
5259,0.0125,-0.0586,0.9507
5260,-0.0337,-0.0562,0.9702
5261,-0.0427,0.0571,0.9731
5262,0.0117,0.0090,1.0256
5263,0.0244,0.0576,0.9729
5264,0.0364,-0.0027,0.9885
5265,0.0603,0.0078,0.9932
5266,0.0212,0.0398,0.9458
5267,0.0242,0.0691,0.9648
5268,0.0103,-0.0291,0.9729
5269,-0.0283,-0.0127,0.8987
5270,-0.0444,-0.1008,0.9661
5271,-0.0508,-0.0691,0.9761
5272,0.0049,0.0078,0.9299
5273,0.0422,-0.0320,1.0327
5274,0.0701,0.0415,0.9751
5275,0.0532,0.0447,0.9771
5276,0.0371,0.0403,1.0229
5277,0.0139,0.0396,0.9487
5278,0.0071,0.0266,0.9563
5279,0.0410,0.0005,0.9797
5280,0.0083,-0.0032,0.9407
5281,-0.0354,-0.0029,0.9534
5282,-0.0457,-0.0410,0.9878
5283,-0.0427,-0.0386,0.9426
5284,-0.0098,0.0063,0.9644
5285,0.0681,-0.0259,1.0122
5286,0.0752,0.0571,0.9553
5287,0.0627,0.0366,0.9849
5288,0.0327,0.0103,0.9995
5289,-0.0388,0.0029,0.9487
5290,-0.0442,-0.0195,0.9788
5291,-0.0203,-0.0298,0.9761
5292,-0.0024,-0.0208,0.9426
5293,0.0615,0.0127,0.9585
5294,0.0842,-0.0513,0.9924
5295,0.0381,0.0498,0.9370
5296,0.0154,0.0320,0.9780
5297,-0.0303,0.0327,1.0002
5298,-0.0803,0.0212,0.9358
5299,-0.0579,0.0203,0.9849
5300,-0.0308,-0.0359,1.0034
5301,0.0295,0.0381,0.9211
5302,0.1279,0.0005,0.9905
5303,0.1067,-0.0525,0.9829
5304,0.0779,0.0317,0.9192
5305,0.0212,-0.0574,1.0042
5306,-0.0706,0.0222,0.9741
5307,-0.0669,0.0139,0.9446
5308,-0.0476,-0.0142,1.0054
5309,-0.0276,-0.0078,0.9614
5310,0.0408,0.0195,0.9507
5311,0.0410,-0.0059,1.0132
5312,0.0488,0.0481,0.9436
5313,0.0376,0.0044,0.9741
5314,0.0046,0.0037,0.9719
5315,0.0066,0.0137,0.9504
5316,-0.0078,-0.0330,0.9651
5317,-0.0090,-0.0198,0.9656
5318,0.0068,-0.0464,0.9700
5319,-0.0178,0.0398,0.9644
5320,0.0342,0.0376,1.0032
5321,0.0520,0.0308,0.9856
5322,0.0349,0.0422,0.9390
5323,0.0317,-0.0093,1.0012
5324,-0.0042,-0.0154,0.9534
5325,-0.0032,0.0249,0.9280
5326,-0.0439,-0.0752,1.0190
5327,-0.0564,0.0242,0.9214
5328,0.0115,0.0020,0.9634
5329,0.0105,-0.0676,1.0159
5330,0.0491,0.0647,0.9214
5331,0.1016,-0.0017,1.0161
5332,0.0583,0.0447,0.9995
5333,0.0325,0.0496,0.9360
5334,-0.0142,-0.0195,1.0032
5335,-0.0830,-0.0017,0.9495
5336,-0.0571,-0.0002,0.9319
5337,-0.0295,-0.0371,0.9878
5338,0.0073,0.0010,0.9351
5339,0.0649,-0.0144,0.9797
5340,0.0750,0.0078,0.9836
5341,0.0681,0.0232,0.9641
5342,0.0349,0.0095,0.9758
5343,-0.0205,0.0078,0.9868
5344,-0.0464,0.0181,0.9722
5345,-0.0479,0.0117,0.9761
5346,-0.0374,-0.0142,0.9780
5347,0.0425,0.0220,0.9448
5348,0.0884,-0.0134,0.9937
5349,0.0762,0.0137,0.9438
5350,0.0481,-0.0027,0.9438
5351,-0.0088,-0.0789,0.9868
5352,-0.0430,0.0310,0.9302
5353,-0.0564,-0.0020,1.0073
5354,-0.0325,0.0532,0.9868
5355,0.0000,0.0308,0.9595
5356,0.0452,-0.0125,0.9995
5357,0.0605,0.0054,0.9602
5358,0.0498,-0.0061,0.9517
5359,0.0432,0.0002,0.9631
5360,-0.0051,-0.0386,0.9624
5361,-0.0178,0.0139,0.9407
5362,-0.0361,0.0073,0.9907
5363,-0.0244,0.0095,0.9810
5364,0.0295,0.0164,0.9575
5365,0.0503,-0.0178,0.9907
5366,0.0461,0.0032,0.9895
5367,0.0403,0.0532,0.9673
5368,0.0039,0.0364,0.9763
5369,-0.0386,0.0007,0.9722
5370,-0.0186,-0.0178,0.9331
5371,-0.0332,-0.0430,0.9563
5372,-0.0222,-0.0488,0.9692
5373,0.0234,-0.0056,0.9368
5374,0.0417,-0.0107,0.9797
5375,0.0610,-0.0044,0.9866
5376,0.0701,0.0183,0.9641
5377,0.0056,0.0298,1.0061
5378,-0.0085,0.0779,0.9902
5379,-0.0283,0.0583,0.9661
5380,-0.0352,-0.0090,0.9807
5381,0.0044,-0.0330,0.9465
5382,0.0198,-0.0427,0.9585
5383,0.0146,0.0037,0.9524
5384,0.0518,-0.0034,0.9612
5385,0.0388,-0.0298,0.9595
5386,-0.0100,-0.0100,0.9485
5387,-0.0061,-0.0449,0.9895
5388,-0.0208,0.0017,0.9905
5389,-0.0085,0.0591,0.9790
5390,0.0159,0.0486,1.0122
5391,0.0308,0.0029,0.9827
5392,0.0715,0.0552,0.9353
5393,0.0190,-0.0315,0.9976
5394,0.0032,0.0347,0.9390
5395,-0.0095,-0.0012,0.9309
5396,-0.0415,-0.0542,0.9751
5397,-0.0083,-0.0337,0.9319
5398,0.0183,-0.0476,0.9680
5399,0.0288,0.0203,0.9966
5400,0.0642,0.0178,0.9788
5401,0.0320,0.0107,0.9897
5402,0.0188,0.0183,0.9858
5403,0.0044,-0.0022,0.9915
5404,-0.0376,0.0247,0.9709
5405,-0.0325,0.0256,0.9692
5406,-0.0164,-0.0090,0.9702
5407,0.0173,0.0269,0.9375
5408,0.0530,0.0090,0.9614
5409,0.0798,-0.0303,0.9634
5410,0.0693,-0.0249,0.9348
5411,0.0195,-0.0349,0.9709
5412,-0.0022,0.0376,0.9888
5413,-0.0466,0.0310,0.9614
5414,-0.0750,0.0059,0.9875
5415,-0.0554,-0.0562,0.9971
5416,-0.0396,-0.0063,0.9583
5417,0.0369,0.0435,0.9905
5418,0.0991,0.0269,1.0120
5419,0.1121,0.0613,0.9224
5420,0.1130,-0.0151,0.9739
5421,0.0178,-0.0757,0.9751
5422,-0.0615,0.0068,0.8950
5423,-0.0913,-0.0608,1.0042
5424,-0.0935,0.0137,0.9634
5425,-0.0156,0.0498,0.9429
5426,0.0723,-0.0071,1.0288
5427,0.0881,0.0222,0.9543
5428,0.0847,-0.0002,0.9604
5429,0.0298,-0.0117,1.0081
5430,-0.0193,0.0408,0.9565
5431,-0.0300,0.0581,0.9758
5432,-0.0408,-0.0034,0.9995
5433,0.0115,-0.0137,0.9377
5434,0.0256,-0.0540,0.9319
5435,0.0393,-0.0508,0.9771
5436,0.0403,-0.0417,0.9536
5437,0.0039,0.0593,0.9360
5438,-0.0088,0.0105,1.0376
5439,0.0000,0.0571,0.9517
5440,0.0088,0.0354,0.9502
5441,0.0322,-0.0676,1.0413
5442,0.0388,0.0115,0.9233
5443,0.0100,0.0251,0.9592
5444,-0.0056,-0.0271,1.0347
5445,-0.0220,0.0205,0.9028
5446,-0.0098,-0.0178,0.9729
5447,0.0049,-0.0498,1.0200
5448,0.0396,0.0588,0.8987
5449,0.0430,0.0115,0.9993
5450,0.0593,0.0005,0.9849
5451,0.0505,0.0464,0.9048
5452,-0.0098,-0.0332,1.0190
5453,-0.0098,0.0073,0.9717
5454,-0.0283,-0.0076,0.9485
5455,-0.0591,-0.0117,1.0110
5456,0.0078,0.0137,0.9690
5457,0.0308,-0.0234,0.9700
5458,0.0442,0.0164,0.9644
5459,0.0586,-0.0388,0.9749
5460,0.0100,-0.0151,0.9409
5461,-0.0044,0.0171,0.9604
5462,0.0098,0.0017,0.9944
5463,-0.0151,0.0459,0.9546
5464,0.0225,0.0203,0.9758
5465,0.0576,-0.0037,0.9868
5466,0.0200,0.0017,0.9526
5467,0.0505,0.0132,0.9731
5468,-0.0212,-0.0505,0.9885
5469,-0.0439,0.0500,0.9292
5470,-0.0493,-0.0503,0.9946
5471,-0.0386,-0.0103,0.9556
5472,0.0210,0.0139,0.9443
5473,0.0916,0.0073,1.0093
5474,0.1062,0.0347,0.9583
5475,0.0945,0.0137,0.9661
5476,0.0063,-0.0308,0.9963
5477,-0.0579,0.0012,0.9485
5478,-0.0938,-0.0437,0.9729
5479,-0.0798,0.0007,0.9595
5480,0.0061,0.0244,0.9700
5481,0.0774,0.0161,0.9827
5482,0.1230,0.0491,0.9517
5483,0.0935,-0.0332,0.9771
5484,0.0217,-0.0017,0.9475
5485,-0.0359,-0.0139,0.9739
5486,-0.1104,-0.0271,1.0061
5487,-0.1050,0.0408,0.9475
5488,-0.0161,-0.0093,0.9995
5489,0.0469,0.0110,0.9700
5490,0.1338,0.0537,0.9382
5491,0.1665,-0.0425,1.0090
5492,0.0908,0.0212,0.9243
5493,-0.0095,0.0090,0.9419
5494,-0.0891,-0.0386,1.0071
5495,-0.1213,-0.0090,0.9299
5496,-0.0864,-0.0220,0.9875
5497,-0.0110,-0.0330,1.0120
5498,0.0642,0.0132,0.9485
5499,0.1101,0.0688,0.9905
5500,0.0781,0.0588,1.0054
5501,0.0681,0.0613,0.9380
5502,0.0110,-0.0430,0.9507
5503,-0.0503,-0.0457,0.9517
5504,-0.0569,-0.0613,0.9417
5505,-0.0366,-0.0061,0.9680
5506,-0.0073,-0.0066,0.9771
5507,0.0637,-0.0037,0.9829
5508,0.0652,-0.0012,0.9905
5509,0.0422,0.0569,0.9768
5510,0.0413,0.0632,0.9934
5511,-0.0051,0.0522,0.9680
5512,-0.0132,0.0249,0.9587
5513,-0.0022,-0.0544,0.9709
5514,-0.0085,-0.0593,0.9417
5515,-0.0198,-0.0557,0.9575
5516,0.0051,-0.0208,0.9690
5517,0.0068,-0.0063,0.9719
5518,0.0483,0.0486,0.9673
5519,0.0811,0.0383,1.0005
5520,0.0491,0.0295,0.9819
5521,0.0198,0.0393,0.9438
5522,-0.0317,-0.0137,1.0044
5523,-0.0630,0.0090,0.9563
5524,-0.0156,0.0046,0.9358
5525,0.0164,-0.0786,1.0044
5526,0.0366,-0.0303,0.9299
5527,0.0447,-0.0034,0.9487
5528,0.0303,-0.0322,1.0161
5529,0.0020,0.0627,0.9312
5530,0.0388,0.0442,0.9827
5531,0.0022,-0.0442,1.0276
5532,-0.0039,0.0613,0.9231
5533,0.0051,0.0173,1.0112
5534,0.0142,0.0457,0.9897
5535,0.0457,0.0271,0.9221
5536,0.0337,-0.0657,0.9905
5537,-0.0044,-0.0469,0.9446
5538,-0.0298,-0.0505,0.9475
5539,-0.0298,0.0146,0.9700
5540,-0.0090,-0.0068,0.9780
5541,0.0579,0.0173,0.9702
5542,0.0479,0.0090,0.9836
5543,0.0574,0.0256,0.9963
5544,0.0291,0.0425,0.9729
5545,-0.0339,0.0374,0.9800
5546,-0.0063,0.0095,0.9702
Rate 1607, overflows 0
