Sample,X,Y,Z
0,0.0288,-0.0210,0.9807
1,0.0625,0.0029,0.9729
2,-0.0063,-0.0022,0.9790
3,-0.0505,0.0825,0.9966
4,-0.0662,0.0386,0.9553
5,-0.0479,0.0371,0.9653
6,0.0010,0.0344,0.9670
7,0.0740,0.0071,0.9602
8,0.1128,0.0095,0.9690
9,0.0793,0.0322,0.9907
10,0.0049,-0.0168,0.9788
11,-0.0525,0.0134,1.0100
12,-0.1167,0.0186,0.9888
13,-0.1130,-0.0247,0.9827
14,-0.0403,0.0349,1.0027
15,-0.0115,-0.0598,0.9634
16,0.0503,-0.0078,0.9993
17,0.0916,-0.0164,0.9546
18,0.0715,-0.0444,0.9536
19,0.0239,-0.0337,0.9739
20,-0.0007,-0.0251,0.9722
21,-0.0715,-0.0210,0.9768
22,-0.0833,0.0396,0.9983
23,-0.0354,-0.0137,0.9790
24,-0.0193,0.0073,1.0073
25,0.0281,0.0237,1.0042
26,0.0623,-0.0430,0.9761
27,0.0513,0.0127,0.9966
28,0.0010,-0.0242,0.9937
29,-0.0308,-0.0784,0.9700
30,-0.0881,-0.0640,0.9749
31,-0.0725,0.0342,0.9888
32,-0.0681,-0.0425,0.9221
33,0.0129,0.0208,0.9758
34,0.0198,0.0334,0.9858
35,0.0508,0.0344,0.9790
36,0.0449,-0.0327,0.9697
37,0.0315,0.0342,1.0249
38,-0.0059,-0.0339,0.9846
39,-0.0010,-0.0164,0.9878
40,0.0095,0.0229,0.9829
41,-0.0110,0.0164,0.9788
42,0.0171,0.0457,0.9868
43,0.0247,0.0476,0.9644
44,-0.0088,0.0742,0.9741
45,0.0100,0.0566,0.9612
46,-0.0032,-0.0125,0.9817
47,-0.0359,0.0120,1.0024
48,-0.0188,-0.0627,0.9749
49,-0.0513,-0.0583,0.9995
50,-0.0447,-0.0701,0.9976
51,-0.0212,-0.0813,0.9985
52,-0.0276,-0.0325,0.9768
53,0.0007,-0.0327,0.9673
54,0.0310,-0.0181,0.9651
55,0.0146,0.0227,0.9788
56,0.0344,0.0591,0.9700
57,0.0349,-0.0020,0.9475
58,0.0115,0.0510,1.0176
59,-0.0261,-0.0315,0.9807
60,-0.0110,-0.0481,0.9966
61,-0.0359,0.0156,1.0024
62,0.0000,-0.0303,0.9875
63,0.0378,-0.0449,1.0005
64,0.0215,-0.0015,0.9875
65,0.0059,-0.0078,0.9885
66,-0.0298,-0.0215,0.9651
67,-0.0686,-0.0273,0.9810
68,-0.0508,-0.0022,0.9729
69,-0.0251,-0.0403,0.9419
70,-0.0027,-0.0188,0.9817
71,0.0312,-0.0220,0.9827
72,0.0281,-0.0464,0.9836
73,0.0020,0.0430,0.9868
74,0.0049,0.0510,0.9653
75,-0.0271,0.0132,0.9771
76,-0.0264,0.0273,1.0054
77,0.0352,0.0337,0.9985
78,0.0554,0.0417,0.9741
79,0.0796,0.0339,0.9783
80,0.0649,-0.0137,0.9937
81,-0.0073,0.0032,0.9800
82,-0.0759,-0.0120,0.9729
83,-0.0815,-0.0088,0.9739
84,-0.0601,-0.0918,0.9543
85,-0.0212,-0.0271,1.0044
86,0.0254,-0.0127,0.9585
87,0.0334,-0.0571,0.9556
88,0.0420,0.0251,0.9917
89,-0.0364,-0.0554,0.9680
90,-0.0291,-0.0161,0.9956
91,-0.0569,-0.0483,0.9612
92,-0.0264,0.0276,1.0229
93,-0.0156,-0.0200,0.9749
94,0.0815,0.0063,0.9973
95,0.0564,-0.0366,0.9624
96,0.0732,0.0259,0.9915
97,0.0085,-0.0271,0.9546
98,-0.0730,-0.0046,0.9788
99,-0.0889,0.0034,0.9800
100,-0.0686,-0.0188,0.9631
101,-0.0210,0.0203,0.9780
102,0.0007,-0.0552,0.9946
103,-0.0864,-0.0908,1.0952
104,-0.1494,-0.0095,1.0247
105,-0.0938,0.1394,0.9260
106,-0.0583,0.5090,0.8391
107,0.0686,0.5796,0.7847
108,0.2334,1.0198,0.9192
109,0.2698,1.1987,0.8081
110,0.3323,1.2642,0.8892
111,0.2876,0.8821,1.0334
112,0.1597,-0.1753,1.2229
113,-0.0281,-1.0474,1.4553
114,-0.0935,-1.4761,1.3694
115,-0.1206,-1.5857,1.1089
116,-0.1052,-0.9500,0.9839
117,-0.1741,-0.3862,0.7571
118,-0.2458,0.2483,0.6331
119,-0.3679,0.7844,0.5139
120,-0.3713,0.7307,0.5383
121,-0.2974,0.3181,0.7056
122,-0.0833,0.0100,1.0002
123,0.1506,-0.1440,1.1497
124,0.2827,-0.0273,1.2397
125,0.3003,0.3372,1.2844
126,0.1985,0.6345,1.2405
127,0.0549,0.9497,1.1792
128,-0.0796,1.0903,1.0415
129,-0.1265,1.1948,0.9614
130,-0.1523,1.1597,0.8696
131,-0.1787,1.0757,0.7993
132,-0.1812,0.9399,0.7476
133,-0.2905,0.6987,0.7524
134,-0.3816,0.4084,0.8918
135,-0.1990,-0.3552,1.0171
136,-0.1216,-0.6567,1.1917
137,0.0754,-0.6765,1.0396
138,0.4272,-0.5835,1.0676
139,0.6067,-0.6443,1.0757
140,0.6458,-0.4656,1.1196
141,0.5483,-0.0686,0.9817
142,0.3179,0.1443,0.7571
143,0.0640,-0.1187,0.7830
144,-0.2068,-0.5422,1.0229
145,-0.3440,-0.7456,1.0989
146,-0.2261,-0.8870,0.8931
147,-0.1287,-0.7820,0.9478
148,-0.0293,-0.6609,1.0640
149,-0.0732,-0.6836,1.0364
150,-0.2673,-0.1389,1.0491
151,-0.4187,0.1226,0.8479
152,-0.3833,0.1943,0.8975
153,-0.2283,0.3357,1.0110
154,0.1548,0.2400,0.9534
155,0.4651,0.2612,0.9478
156,0.6077,0.2593,1.0142
157,0.6133,-0.0239,1.0471
158,0.3167,-0.1619,1.1069
159,-0.0200,-0.0957,1.0969
160,-0.2781,-0.1699,0.9602
161,-0.3413,0.0806,0.9790
162,-0.2927,0.2629,0.9026
163,-0.0771,0.4849,0.8403
164,0.0227,0.6392,0.8062
165,0.0034,0.5710,0.8752
166,-0.1455,0.2952,0.9426
167,-0.3149,0.0044,1.0415
168,-0.3665,-0.1663,1.1252
169,-0.2490,-0.3347,1.1250
170,-0.0557,-0.3135,1.1750
171,0.1589,-0.2175,1.0864
172,0.2202,-0.0710,0.9897
173,0.1184,0.1257,0.9036
174,-0.0737,0.1418,0.8157
175,-0.2422,0.2241,0.8354
176,-0.2351,0.1877,0.8054
177,0.0034,0.0903,0.8530
178,0.2676,-0.0212,0.9475
179,0.6221,-0.1189,1.0364
180,0.6987,-0.3066,1.0735
181,0.4497,-0.1948,1.1731
182,0.1030,-0.2200,1.1187
183,-0.2544,-0.1345,1.0894
184,-0.4832,0.0627,1.0696
185,-0.4082,0.1143,0.9351
186,-0.1785,0.1428,0.8948
187,0.0032,0.1877,0.9045
188,0.0981,-0.0444,0.8489
189,-0.0083,-0.1533,0.8997
190,-0.2129,-0.2297,0.9585
191,-0.2693,-0.3638,0.9602
192,-0.2820,-0.3379,1.0393
193,-0.0413,-0.1709,1.0742
194,0.1946,-0.2534,0.9966
195,0.3918,0.0068,1.0591
196,0.4136,0.0500,1.0042
197,0.3594,0.0745,1.0012
198,0.1226,0.0496,0.9751
199,-0.0618,0.1179,1.0295
200,-0.2078,-0.0298,0.9407
201,-0.2019,-0.0969,0.9495
202,-0.1055,0.0056,0.9729
203,0.0156,-0.0447,0.9026
204,0.1648,0.0691,0.9116
205,0.0742,0.1536,0.9290
206,-0.0303,0.2913,0.9661
207,-0.2551,0.1482,0.9202
208,-0.4128,0.2622,1.0715
209,-0.4155,-0.0198,1.0229
210,-0.2197,-0.1167,1.0920
211,0.0015,-0.1287,1.0972
212,0.2363,-0.1860,1.0364
213,0.2607,-0.1577,1.0122
214,0.1274,0.0452,0.9690
215,-0.0962,0.0728,0.8843
216,-0.2524,0.1880,0.8276
217,-0.2434,0.2031,0.8420
218,-0.0615,0.2039,0.9026
219,0.2371,0.0901,0.9214
220,0.4944,0.0781,1.0229
221,0.5149,0.0618,1.0669
222,0.3684,-0.0369,1.0757
223,0.0737,-0.0361,1.0923
224,-0.2478,0.0100,1.1018
225,-0.3511,-0.0002,1.0347
226,-0.3413,-0.0476,0.9790
227,-0.0974,0.0718,0.9722
228,0.0371,-0.1123,0.8870
229,0.0649,-0.0525,0.9377
230,-0.0537,-0.2380,0.8818
231,-0.1736,-0.1968,0.9670
232,-0.3608,-0.2668,0.9487
233,-0.2546,-0.2295,1.0110
234,-0.0762,-0.2595,1.0090
235,0.1216,-0.1660,1.0620
236,0.3354,-0.2007,1.0208
237,0.3928,-0.1853,0.9966
238,0.3281,-0.0566,1.0247
239,0.2202,-0.0732,0.9417
240,0.0796,-0.0220,0.9446
241,0.0100,0.1047,0.9436
242,-0.0134,0.1038,0.8889
243,-0.0813,0.1240,0.9106
244,-0.0288,0.1243,0.9338
245,-0.0229,-0.0083,0.9417
246,-0.0591,0.0627,0.9924
247,-0.0671,0.0828,1.0061
248,-0.1309,0.0947,0.9917
249,-0.2559,0.1436,1.0483
250,-0.2778,0.2183,1.0688
251,-0.2935,0.0972,1.0073
252,-0.1477,0.1028,1.0334
253,-0.0063,0.0386,1.0034
254,0.1460,0.0376,0.9622
255,0.1685,0.0212,0.9143
256,0.0757,0.1716,0.9182
257,-0.1003,0.0889,0.8625
258,-0.1863,0.1934,0.9006
259,-0.2017,0.1108,0.9077
260,0.0034,0.0693,0.9885
261,0.2776,-0.0559,1.0220
262,0.5005,-0.0869,1.0969
263,0.5942,-0.1523,1.0950
264,0.4309,-0.1533,1.0728
265,0.0491,-0.0845,1.0833
266,-0.2354,0.0107,0.9729
267,-0.4646,-0.0757,0.8997
268,-0.4597,0.0745,0.9280
269,-0.3115,-0.0811,0.8342
270,-0.1133,-0.0186,0.8752
271,-0.0220,-0.0562,0.8953
272,0.0374,-0.1077,0.9622
273,0.0024,-0.2527,0.9702
274,-0.0308,-0.2092,1.0981
275,0.0039,-0.2429,1.0669
276,0.0198,-0.3093,1.0764
277,0.1167,-0.0730,1.0979
278,0.1384,-0.1689,0.9600
279,0.2017,0.0442,0.9749
280,0.1335,-0.0327,0.8962
281,0.1562,0.0718,0.9526
282,0.0474,-0.0427,0.8657
283,0.0220,0.1199,0.9475
284,-0.0391,0.0693,0.9036
285,-0.0161,0.0962,0.9495
286,-0.0308,0.1575,1.0188
287,0.0210,0.1421,0.9878
288,0.0369,0.1323,1.0059
289,0.0164,0.2029,1.0198
290,-0.0681,0.1140,1.0132
291,-0.1682,0.0959,1.0103
292,-0.2764,0.0671,1.0093
293,-0.3181,0.1160,1.0227
294,-0.2485,0.0195,0.9546
295,-0.1079,0.0376,1.0181
296,0.0776,0.0596,0.9622
297,0.1475,-0.0154,0.9075
298,0.1382,0.0654,0.9341
299,-0.0286,-0.0750,0.8911
300,-0.1492,-0.0366,0.9739
301,-0.2114,-0.0701,0.9331
302,-0.1204,-0.0537,0.9790
303,0.0945,0.0017,0.9966
304,0.3889,0.0498,1.0171
305,0.4885,0.0657,1.0386
306,0.4937,0.0554,1.0344
307,0.3152,-0.0723,1.0422
308,0.0024,-0.1431,1.0264
309,-0.2329,-0.2117,1.0122
310,-0.3511,-0.1978,0.9497
311,-0.3025,-0.1704,0.8889
312,-0.1663,-0.0022,0.9231
313,-0.0610,0.0132,0.8511
314,-0.0530,0.0144,0.8970
315,-0.1204,0.0796,0.9973
316,-0.1873,-0.1187,0.9778
317,-0.1941,-0.2397,1.0745
318,-0.0652,-0.1562,1.1082
319,0.0886,-0.2668,1.0347
320,0.2231,-0.0200,1.0481
321,0.2317,0.0688,0.9663
322,0.2112,0.1509,0.9065
323,0.1047,0.1919,0.8813
324,0.0581,0.2397,0.9438
325,0.0298,0.0537,0.9065
326,0.0786,-0.0171,0.9934
327,0.0857,-0.0061,1.0249
328,0.0708,-0.0586,1.0007
329,0.0386,0.0488,1.0200
330,-0.0618,0.1526,1.0149
331,-0.0930,0.2075,0.9888
332,-0.1790,0.0693,0.9351
333,-0.1772,0.1660,1.0200
334,-0.1831,-0.0288,0.9358
335,-0.1692,-0.0464,0.9778
336,-0.1631,-0.0181,0.9927
337,-0.0791,-0.1091,0.9875
338,-0.0027,-0.0781,0.9954
339,0.0315,0.0056,1.0054
340,0.0662,0.0588,0.9790
341,-0.0034,-0.0242,0.9390
342,-0.0488,0.0471,0.9856
343,-0.1011,-0.0493,0.9399
344,-0.0408,0.0168,0.9670
345,0.0620,-0.0032,0.9438
346,0.2410,0.0737,1.0151
347,0.3625,0.0229,0.9790
348,0.3726,-0.0044,1.0198
349,0.2661,0.0486,1.0334
350,0.0491,-0.1206,0.9653
351,-0.1318,-0.0125,1.0239
352,-0.3013,-0.0278,0.9634
353,-0.2722,0.0095,0.9397
354,-0.1904,0.0337,0.9114
355,-0.1162,0.0742,0.9700
356,0.0039,-0.1023,0.9475
357,-0.0088,-0.2053,1.0093
358,-0.0740,-0.2095,1.0911
359,-0.0417,-0.3467,1.0208
360,-0.0320,-0.2710,1.0647
361,0.0547,-0.0520,1.0229
362,0.1501,-0.0386,0.9114
363,0.1096,0.1790,0.9182
364,0.0515,0.1375,0.8918
365,0.0330,0.1279,0.9297
366,-0.0630,0.0320,0.9272
367,0.0281,0.0576,1.0181
368,0.1038,-0.0930,0.9661
369,0.1560,-0.0430,1.0569
370,0.1079,0.0168,1.0747
371,0.0645,0.0549,0.9963
372,-0.0503,0.1067,1.0051
373,-0.1062,0.2495,0.9868
374,-0.1226,0.0955,0.9038
375,-0.0479,0.1904,0.9536
376,-0.0647,0.1052,0.9124
377,-0.0588,-0.0024,0.9565
378,-0.1289,-0.1167,0.9722
379,-0.1719,-0.1687,1.0452
380,-0.2075,-0.1790,1.0288
381,-0.1050,-0.1050,1.0210
382,-0.0051,-0.0137,0.9946
383,0.0688,0.0442,0.9651
384,0.1206,0.1184,0.9602
385,0.0649,0.0757,0.9016
386,0.0117,0.0906,0.9468
387,-0.0352,0.0156,0.9592
388,0.0684,-0.0645,0.9739
389,0.1685,-0.0642,1.0312
390,0.2944,0.0364,1.0442
391,0.3350,-0.0464,0.9739
392,0.2029,0.0908,1.0488
393,-0.0024,0.0537,0.9856
394,-0.1868,-0.0486,0.9731
395,-0.2725,0.0823,0.9622
396,-0.2175,-0.0383,0.9172
397,-0.1060,0.0132,0.9399
398,-0.0735,-0.1370,0.9399
399,-0.0417,-0.0576,1.0239
400,-0.1450,-0.1887,0.9478
401,-0.1548,-0.1204,1.0356
402,-0.1511,-0.1707,1.0171
403,-0.0159,-0.1287,1.0444
404,0.1113,-0.0938,1.0061
405,0.1614,-0.0010,0.9868
406,0.2034,0.0161,0.9351
407,0.1118,0.0234,0.9243
408,0.0015,0.1501,0.9583
409,-0.0398,0.0537,0.9028
410,0.0007,0.1030,0.9673
411,0.0886,0.0864,1.0034
412,0.1846,-0.0271,0.9885
413,0.1697,-0.0181,1.0249
414,0.1179,0.0315,1.0217
415,0.0244,0.0098,0.9771
416,-0.1194,0.0820,0.9878
417,-0.1306,0.1646,0.9790
418,-0.1599,0.0491,0.9358
419,-0.1118,0.0791,0.9741
420,-0.0999,-0.0940,0.9546
421,-0.0857,-0.1106,1.0005
422,-0.1550,-0.2393,0.9875
423,-0.1584,-0.1750,1.0435
424,-0.1733,-0.1843,0.9966
425,-0.0261,-0.0317,0.9917
426,0.0437,0.0776,0.9263
427,0.1143,0.1604,0.9260
428,0.1016,0.1279,0.9175
429,0.0168,0.1104,0.9524
430,0.0002,0.0220,0.9624
431,0.0049,-0.0662,0.9690
432,0.1580,-0.0073,1.0181
433,0.2263,-0.0532,1.0334
434,0.3325,0.0730,1.0374
435,0.2590,0.0422,0.9712
436,0.0991,0.2212,1.0081
437,-0.1118,0.1030,0.8994
438,-0.2605,0.1111,0.9739
439,-0.3083,0.1025,0.9338
440,-0.2556,-0.1226,0.9250
441,-0.1284,-0.0815,1.0034
442,-0.0720,-0.3015,0.9653
443,0.0393,-0.2363,1.0564
444,-0.0278,-0.2368,1.0129
445,0.0339,-0.1074,1.0151
446,0.0125,-0.1162,0.9604
447,0.0315,0.1445,1.0239
448,0.0176,-0.0203,0.8989
449,0.0186,0.0920,0.9612
450,0.0298,0.0332,0.9338
451,0.0381,-0.0886,0.9202
452,0.1003,-0.0066,0.9956
453,0.1162,-0.0920,0.9729
454,0.2114,-0.0830,1.0237
455,0.1450,-0.0540,1.0159
456,0.1077,-0.0017,1.0393
457,-0.0325,0.0042,0.9739
458,-0.1533,0.0203,0.9878
459,-0.1384,0.1091,0.9565
460,-0.1670,0.0635,0.9163
461,-0.0728,0.2173,0.9604
462,-0.0737,-0.0342,0.9019
463,-0.1091,0.0012,1.0266
464,-0.1958,-0.1887,0.9819
465,-0.1189,-0.1401,1.0325
466,-0.1533,-0.1973,1.0051
467,0.0090,-0.0139,1.0571
468,0.1067,-0.0195,0.9495
469,0.1079,0.2139,0.9780
470,0.1174,0.2551,0.8889
471,-0.0012,0.1218,0.8979
472,-0.0801,0.1948,0.9849
473,-0.0537,-0.0315,0.9299
474,0.0696,0.0100,1.0149
475,0.2019,-0.0190,1.0024
476,0.3823,-0.0300,1.0452
477,0.3491,-0.0320,1.0042
478,0.1699,0.0945,1.0269
479,-0.0088,0.1379,0.9709
480,-0.2432,0.0806,0.9126
481,-0.3074,0.2234,0.9927
482,-0.2791,0.0352,0.8997
483,-0.1401,-0.0496,0.9556
484,-0.0886,-0.1550,0.9897
485,-0.0063,-0.2397,1.0100
486,-0.0461,-0.3296,1.0120
487,-0.0579,-0.2043,1.0698
488,-0.0742,-0.2615,1.0220
489,-0.0010,-0.1519,1.0168
490,0.0422,-0.0588,0.9741
491,0.0811,-0.0266,0.9260
492,0.0989,-0.0386,0.9165
493,0.0464,-0.0366,0.9133
494,0.0093,-0.0740,0.9456
495,0.0195,-0.0439,0.9534
496,0.0823,-0.0994,0.9878
497,0.1826,-0.0364,1.0415
498,0.1733,-0.1428,1.0217
499,0.1311,-0.0269,1.0688
500,0.0237,-0.0667,0.9797
501,-0.1147,0.0796,1.0139
502,-0.1956,0.1743,0.9517
503,-0.2068,0.1868,0.9006
504,-0.1812,0.2588,0.9302
505,-0.1501,0.1926,0.9114
506,-0.1150,-0.0117,0.9700
507,-0.0498,-0.0552,1.0110
508,-0.0530,-0.1733,1.0295
509,-0.0212,-0.0537,1.0676
510,0.0186,-0.0413,0.9895
511,0.0256,0.1406,1.0034
512,-0.0293,0.2622,0.9478
513,-0.0269,0.3003,0.9299
514,-0.0488,0.1907,0.9124
515,0.0222,0.1614,0.9800
516,0.0667,-0.0120,0.9849
517,0.2222,-0.0168,0.9895
518,0.3293,-0.0886,0.9976
519,0.3530,0.0476,1.0442
520,0.2798,-0.0127,0.9895
521,0.0710,0.0574,1.0276
522,-0.1072,0.0024,0.9846
523,-0.2307,-0.1218,0.9673
524,-0.2524,-0.0881,0.9663
525,-0.1389,-0.0979,0.9165
526,-0.1052,-0.1001,0.9272
527,-0.0759,-0.0562,0.9810
528,-0.1606,-0.2249,0.9849
529,-0.2510,-0.2515,1.0403
530,-0.2322,-0.2983,1.0334
531,-0.1055,-0.2622,1.0227
532,0.0679,-0.2212,0.9944
533,0.2332,-0.0537,1.0073
534,0.2261,-0.0112,0.9387
535,0.1936,0.0518,0.9243
536,0.0308,0.0127,0.9175
537,-0.0496,0.0830,0.9788
538,-0.0256,-0.0347,0.9497
539,0.0667,-0.0049,0.9897
540,0.1272,0.0183,1.0139
541,0.1951,0.0168,1.0171
542,0.1152,-0.0103,1.0103
543,-0.0244,0.0371,1.0278
544,-0.1458,0.0122,0.9888
545,-0.1863,0.0476,0.9387
546,-0.2029,0.1633,0.9319
547,-0.1660,0.2354,0.9321
548,-0.1228,0.1892,0.9016
549,-0.0818,0.1973,1.0093
550,-0.0481,0.1096,0.9973
551,-0.0188,-0.1624,1.0051
552,0.0310,-0.0679,1.1038
553,0.0210,-0.2021,1.0129
554,0.0354,-0.0786,1.0110
555,-0.0278,0.1265,0.9556
556,-0.0657,0.1936,0.8997
557,-0.1038,0.1941,0.8743
558,-0.0842,0.1997,0.9292
559,0.0347,0.0127,0.9272
560,0.1719,-0.1274,0.9924
561,0.3335,-0.2334,1.0588
562,0.4358,-0.3013,1.0415
563,0.3816,-0.1194,1.0891
564,0.2075,0.0076,0.9973
565,-0.0198,0.0325,0.9680
566,-0.2046,0.1797,0.9829
567,-0.3103,-0.0232,0.8987
568,-0.2683,-0.0396,0.9280
569,-0.1765,-0.0898,0.9016
570,-0.1304,-0.1013,0.9514
571,-0.1248,-0.1260,0.9604
572,-0.1577,-0.0920,1.0032
573,-0.1768,-0.0640,1.0444
574,-0.0891,-0.1150,1.0249
575,0.0259,-0.1494,1.0403
576,0.1743,-0.0437,1.0374
577,0.2153,-0.0566,0.9670
578,0.1802,0.1077,0.9348
579,0.0242,0.0999,0.9094
580,-0.0054,0.1326,0.9456
581,-0.0962,0.0222,0.9368
582,0.0571,0.1121,1.0188
583,0.1357,-0.1128,0.9338
584,0.2222,0.0017,1.0720
585,0.1353,-0.0669,1.0034
586,0.0732,-0.0378,0.9927
587,-0.1477,0.0571,0.9709
588,-0.2300,0.1206,0.9595
589,-0.2341,0.0769,0.9133
590,-0.2429,0.1228,0.9514
591,-0.1401,0.1128,0.9536
592,-0.1167,-0.0508,0.9595
593,-0.0112,-0.0227,1.0337
594,-0.0046,-0.1812,1.0103
595,0.0662,-0.0808,1.0728
596,0.0215,-0.1382,1.0002
597,0.0796,-0.0237,1.0110
598,-0.0469,-0.0093,0.9341
599,-0.0530,0.1157,0.9214
600,-0.0508,0.0879,0.8677
601,-0.0237,0.1331,0.9280
602,0.0789,0.1128,0.9409
603,0.2356,0.0483,0.9468
604,0.3267,0.0894,1.0220
605,0.3618,0.0149,1.0208
606,0.2681,-0.0447,1.0754
607,0.0891,0.0134,1.0591
608,-0.1028,-0.0417,1.0308
609,-0.2195,0.0757,1.0100
610,-0.2292,-0.0410,0.9016
611,-0.1694,0.0823,0.9592
612,-0.1404,-0.0056,0.8970
613,-0.1052,-0.1450,0.9045
614,-0.2073,-0.1958,0.9875
615,-0.2725,-0.2332,0.9937
616,-0.2065,-0.3484,0.9575
617,-0.1213,-0.0972,1.0562
618,0.0833,-0.0867,0.9741
619,0.2209,-0.0774,0.9546
620,0.2485,0.1038,1.0325
621,0.1729,-0.1169,0.9409
622,0.1201,-0.2156,0.9937
623,0.0010,-0.1104,1.0491
624,0.0718,-0.1677,0.9575
625,0.1172,-0.0205,0.9507
626,0.1252,0.2212,0.9985
627,0.0962,0.1682,0.9387
628,-0.0134,0.1470,0.9604
629,-0.1509,0.1650,0.9868
630,-0.1970,-0.0171,0.9338
631,-0.1682,0.0593,0.9573
632,-0.1458,0.0693,0.9526
633,-0.0662,0.1426,0.9905
634,-0.0583,0.0728,0.9583
635,-0.0544,0.1121,1.0481
636,-0.0496,0.0310,1.0139
637,-0.0154,-0.1045,1.0168
638,-0.0010,0.0042,1.0454
639,-0.0505,-0.0056,0.9954
640,-0.0176,0.1206,0.9565
641,-0.1204,0.0820,0.8921
642,-0.0940,0.2083,0.9524
643,-0.0991,0.0083,0.8823
644,0.0342,0.0613,0.9524
645,0.1489,-0.0964,0.9536
646,0.3364,-0.0400,1.0491
647,0.4338,-0.1316,1.0083
648,0.4614,0.0784,1.0608
649,0.2893,0.1257,1.0034
650,0.0662,0.0793,0.9807
651,-0.1709,0.0273,1.0151
652,-0.3005,-0.0884,0.9729
653,-0.2729,-0.1990,0.9448
654,-0.2168,-0.1274,0.9700
655,-0.0745,-0.1794,0.9468
656,-0.1106,-0.2178,0.9421
657,-0.1968,-0.0503,1.0200
658,-0.2278,-0.1470,0.9583
659,-0.1777,-0.2129,0.9866
660,-0.1047,-0.0891,1.0659
661,0.1428,-0.1377,0.9895
662,0.2371,-0.1265,0.9456
663,0.2422,0.1028,1.0024
664,0.1409,-0.0054,0.9211
665,0.0173,0.0149,0.9631
666,-0.0486,0.0769,0.9797
667,-0.0073,-0.0120,0.9729
668,0.1245,-0.0247,1.0120
669,0.2402,0.0081,1.0208
670,0.2344,0.0083,0.9927
671,0.1084,0.0977,0.9976
672,-0.0588,0.1235,0.9563
673,-0.2517,0.0730,0.9309
674,-0.3049,0.2012,0.9683
675,-0.2405,0.1111,0.9104
676,-0.1587,0.1133,0.9448
677,-0.0845,0.0479,0.9878
678,-0.0212,0.0264,0.9963
679,-0.0190,-0.0432,1.0200
680,-0.0193,0.0330,1.0608
681,-0.0330,-0.1189,1.0071
682,-0.0444,0.0059,1.0493
683,-0.0549,0.0000,0.9612
684,-0.0515,0.0078,0.9111
685,-0.0503,0.0720,0.9204
686,-0.0264,0.0950,0.9231
687,0.0442,0.0056,0.8940
688,0.1377,0.0920,0.9917
689,0.2886,0.0459,0.9983
690,0.3616,-0.0417,1.0278
691,0.3860,0.0315,1.0649
692,0.3318,-0.0164,1.0288
693,0.1091,-0.0596,1.0393
694,-0.0686,-0.0903,1.0083
695,-0.2292,-0.1436,0.9729
696,-0.2664,-0.0337,0.9446
697,-0.2004,-0.0703,0.8599
698,-0.1431,0.0012,0.9380
699,-0.1145,-0.0312,0.9153
700,-0.1470,-0.1956,0.9534
701,-0.2112,-0.1521,1.0393
702,-0.1638,-0.3140,1.0159
703,-0.0481,-0.2534,1.0676
704,0.0596,-0.0815,1.0579
705,0.2280,-0.0271,0.9797
706,0.2258,0.0571,0.9390
707,0.1445,0.2317,0.9690
708,0.0320,0.1079,0.8792
709,-0.0454,0.0928,0.9380
710,-0.0474,0.0879,0.9836
711,0.0479,-0.0664,0.9680
712,0.1365,0.0273,1.0220
713,0.1379,0.0498,1.0044
714,0.0798,0.1106,0.9993
715,-0.0603,0.1321,0.9729
716,-0.1687,0.1863,0.9963
717,-0.2104,0.0913,0.9497
718,-0.1958,0.0010,0.9663
719,-0.1167,0.0132,0.9788
720,-0.0818,-0.0437,0.9771
721,-0.0142,-0.0017,0.9839
722,-0.0483,-0.0144,0.9868
723,-0.0452,0.0959,1.0334
724,-0.1169,-0.0696,0.9446
725,-0.1301,-0.0291,1.0259
726,-0.1467,-0.0566,0.9976
727,-0.1104,-0.1001,0.9309
728,-0.0713,-0.0049,0.9243
729,0.0015,0.1108,0.9417
730,0.1245,0.0281,0.9146
731,0.2385,0.0417,0.9692
732,0.3801,0.0583,1.0347
733,0.5298,-0.0825,0.9792
734,0.5210,-0.0898,1.0540
735,0.3645,-0.0391,1.0815
736,0.1541,-0.1997,0.9836
737,-0.1055,0.0078,1.0171
738,-0.2795,0.0813,0.9397
739,-0.2769,0.0593,0.8833
740,-0.2593,0.0532,0.9312
741,-0.1616,0.0261,0.9429
742,-0.1482,-0.2212,0.9221
743,-0.2456,-0.1360,1.0200
744,-0.2776,-0.2354,1.0049
745,-0.2466,-0.1985,1.0308
746,-0.1719,-0.0403,1.0366
747,0.0864,0.0259,0.9783
748,0.2515,0.0757,0.9495
749,0.2839,0.1230,0.9731
750,0.2754,-0.0039,0.9514
751,0.1665,-0.0334,0.9749
752,0.0183,-0.0779,0.9819
753,0.0247,-0.0918,0.9807
754,0.0139,-0.0376,0.9885
755,0.0281,0.0320,1.0122
756,0.0459,0.0593,0.9680
757,-0.0349,0.0764,0.9622
758,-0.0938,0.1309,0.9631
759,-0.1521,0.0488,0.9182
760,-0.2048,0.1382,0.9575
761,-0.1987,0.1155,0.9387
762,-0.1616,0.0935,0.9761
763,-0.1328,0.0388,0.9829
764,-0.0149,-0.0042,1.0315
765,0.0371,-0.0300,1.0393
766,0.0676,-0.1128,1.0308
767,0.0542,-0.0618,1.0532
768,-0.0598,-0.0254,0.9946
769,-0.0828,0.0491,0.9211
770,-0.1921,0.1213,0.9153
771,-0.1392,0.1772,0.9155
772,-0.0562,-0.0583,0.8752
773,0.1160,0.0710,1.0012
774,0.2437,-0.1333,0.9329
775,0.4661,-0.0957,0.9878
776,0.4495,-0.0090,1.0337
777,0.3616,0.0154,1.0552
778,0.2073,-0.0671,1.0054
779,-0.0186,0.0356,1.0728
780,-0.1521,-0.0117,1.0063
781,-0.1523,-0.0830,0.9329
782,-0.1326,0.0088,0.9592
783,-0.0554,-0.0447,0.9143
784,-0.0322,-0.0779,0.9321
785,-0.1523,-0.0488,0.9438
786,-0.2625,-0.1077,0.9583
787,-0.3445,-0.1245,0.9709
788,-0.3267,-0.1643,1.0356
789,-0.1187,-0.0908,1.0513
790,0.1067,-0.1357,0.9924
791,0.3118,0.0635,1.0405
792,0.3555,0.0210,0.9399
793,0.2439,0.0652,0.9722
794,0.0312,0.0823,0.9595
795,-0.1042,0.0095,0.9299
796,-0.1350,-0.0146,0.9839
797,-0.0110,0.0017,0.9751
798,0.1196,-0.0942,0.9846
799,0.1938,0.0312,1.0024
800,0.1514,0.0039,0.9624
801,-0.0007,0.1191,0.9614
802,-0.1763,0.1482,0.9495
803,-0.2800,0.1692,0.9856
804,-0.3091,0.0339,0.9497
805,-0.2249,0.0686,1.0129
806,-0.1223,-0.0239,0.9839
807,0.0344,-0.0894,0.9875
808,0.0686,-0.1062,1.0347
809,0.0493,-0.0144,1.0325
810,-0.0457,-0.0447,0.9836
811,-0.1260,0.0815,0.9819
812,-0.2122,0.0466,0.9475
813,-0.2109,0.0574,0.9609
814,-0.1133,-0.0078,0.8997
815,0.0222,0.0110,0.9468
816,0.1763,0.0730,0.9612
817,0.3599,0.0156,0.9417
818,0.4280,0.0701,1.0190
819,0.4299,0.0513,1.0229
820,0.3765,-0.0991,1.0344
821,0.2229,-0.0352,1.0815
822,0.0557,-0.1555,1.0112
823,-0.0754,-0.1177,1.0286
824,-0.1516,0.0342,0.9680
825,-0.1765,-0.0388,0.8889
826,-0.1404,0.1052,0.9124
827,-0.1777,0.0127,0.8901
828,-0.2085,-0.0029,0.9446
829,-0.3079,-0.1216,0.9524
830,-0.3230,-0.1797,1.0308
831,-0.2434,-0.2490,1.0471
832,-0.0723,-0.1384,1.0806
833,0.1843,-0.0879,0.9983
834,0.2937,0.0093,0.9956
835,0.3147,0.1948,1.0151
836,0.1880,0.0310,0.8811
837,-0.0017,0.1206,0.9751
838,-0.0984,0.0742,0.9641
839,-0.0381,-0.1357,0.9290
840,0.0054,-0.0542,1.0266
841,0.1428,-0.0073,1.0015
842,0.1721,-0.1091,0.9478
843,0.0818,0.0986,1.0100
844,-0.0491,0.1155,0.9670
845,-0.1689,0.0515,0.9309
846,-0.2668,0.1733,0.9934
847,-0.2107,0.0938,0.9651
848,-0.1648,-0.0283,0.9417
849,-0.1021,0.0269,1.0044
850,-0.0486,-0.0188,1.0061
851,-0.0251,-0.0701,1.0015
852,-0.0500,-0.0449,1.0374
853,-0.0369,0.0103,1.0454
854,-0.0872,-0.0337,0.9673
855,-0.0881,0.0410,0.9641
856,-0.0891,0.1228,0.9426
857,-0.1130,0.0813,0.8882
858,-0.0686,0.1040,0.9106
859,0.0425,0.0681,0.9377
860,0.1597,-0.0640,0.9563
861,0.3313,-0.1101,1.0376
862,0.4714,-0.0488,1.0386
863,0.5269,-0.1055,1.0237
864,0.3918,0.0088,1.0649
865,0.1409,-0.0977,1.0405
866,-0.0881,-0.0637,1.0168
867,-0.2786,-0.0659,0.9446
868,-0.2747,0.0552,0.9321
869,-0.2070,-0.0784,0.8511
870,-0.0869,0.0542,0.9331
871,-0.0850,0.0215,0.9187
872,-0.1650,-0.0449,0.9468
873,-0.2566,-0.1812,1.0032
874,-0.2751,-0.2339,1.0784
875,-0.1973,-0.2600,1.0630
876,-0.0085,-0.1130,1.0405
877,0.2542,0.0847,0.9858
878,0.3274,0.0981,0.9458
879,0.2903,0.2009,0.9976
880,0.1746,0.0403,0.9185
881,0.0652,-0.0459,0.9399
882,-0.0747,-0.0769,0.9858
883,-0.0466,-0.1646,0.9534
884,-0.0220,-0.1489,0.9817
885,-0.0227,0.1025,1.0286
886,0.0088,0.0481,0.9370
887,0.0076,0.1694,0.9468
888,-0.0515,0.2122,0.9661
889,-0.0627,0.1360,0.9348
890,-0.1335,0.0374,0.9456
891,-0.2041,0.0652,1.0454
892,-0.2058,-0.1614,0.9844
893,-0.1555,-0.1165,1.0249
894,-0.1218,0.0173,1.0679
895,-0.0010,-0.0647,0.9653
896,0.0642,-0.0469,0.9875
897,-0.0110,0.2153,1.0464
898,-0.0220,0.0388,0.8745
899,-0.1482,0.0474,0.9082
900,-0.2024,0.1633,0.9739
901,-0.1333,-0.0474,0.8870
902,0.0090,0.0234,0.9348
903,0.2341,0.1165,0.9946
904,0.4534,-0.0330,0.9829
905,0.5198,-0.0076,1.0591
906,0.5393,-0.0574,1.0708
907,0.3206,-0.1543,1.0278
908,0.0386,-0.0142,1.0610
909,-0.1582,-0.0107,0.9700
910,-0.3198,-0.0110,0.9399
911,-0.2573,0.1521,0.9556
912,-0.1001,-0.0188,0.8569
913,-0.0103,-0.0271,0.9338
914,-0.0188,-0.1799,0.9204
915,-0.1230,-0.3376,0.9907
916,-0.3318,-0.2578,1.0383
917,-0.3835,-0.2744,1.0100
918,-0.2507,-0.1270,1.0344
919,-0.0723,0.0107,1.0198
920,0.2473,0.1255,0.9927
921,0.3538,0.0620,0.9321
922,0.3950,0.1331,0.9797
923,0.2307,-0.0779,0.9321
924,0.0740,-0.0249,1.0005
925,-0.0925,-0.1648,0.9595
926,-0.0479,-0.0403,1.0188
927,-0.0327,-0.0134,0.9673
928,0.0593,0.0835,0.9878
929,0.0916,0.0969,0.9595
930,0.0559,0.1196,0.9575
931,-0.0198,0.1577,0.9641
932,-0.1265,0.1235,0.9426
933,-0.2021,0.1587,0.9702
934,-0.2915,0.0923,0.9575
935,-0.2739,0.1072,1.0117
936,-0.2292,-0.0281,0.9771
937,-0.0747,-0.0522,1.0376
938,0.0137,-0.0461,1.0461
939,0.0615,-0.0828,0.9954
940,0.0608,-0.0315,0.9771
941,-0.0811,0.0713,0.9741
942,-0.2075,0.0916,0.9185
943,-0.2390,0.0667,0.8940
944,-0.1479,0.0833,0.9319
945,0.0186,-0.0571,0.9397
946,0.3091,-0.0730,0.9788
947,0.5151,-0.0830,0.9983
948,0.5786,-0.0505,1.0286
949,0.4944,-0.0886,1.0347
950,0.2407,-0.0503,1.0627
951,-0.0098,-0.0312,1.0208
952,-0.2380,-0.0354,0.9846
953,-0.2983,0.0020,0.9702
954,-0.1960,-0.0217,0.9182
955,-0.0371,-0.0227,0.9495
956,0.0295,-0.0334,0.9202
957,0.0125,-0.1746,0.9556
958,-0.1047,-0.0798,0.9946
959,-0.3191,-0.2529,0.9690
960,-0.3406,-0.0657,1.0520
961,-0.2749,-0.1572,0.9839
962,-0.0042,0.0491,1.0317
963,0.1772,-0.0361,0.9680
964,0.3887,0.0881,0.9885
965,0.3130,-0.0962,0.9260
966,0.2114,0.1084,1.0161
967,0.0403,-0.1543,0.8958
968,-0.0659,-0.0049,1.0208
969,-0.0552,-0.0105,0.9878
970,-0.0020,-0.0183,0.9771
971,0.0889,0.0671,1.0042
972,0.0845,0.0093,0.9697
973,0.0986,0.0393,0.9885
974,-0.0447,0.1406,0.9573
975,-0.1321,0.1670,0.9595
976,-0.2271,0.1306,0.9155
977,-0.2722,0.2053,1.0022
978,-0.2937,0.1628,0.9758
979,-0.1880,0.0107,0.9565
980,-0.0928,0.0137,1.0552
981,-0.0049,-0.1147,1.0334
982,0.0417,-0.1580,1.0190
983,-0.0005,-0.0459,0.9895
984,-0.0996,0.0669,0.9702
985,-0.2253,0.0750,0.9231
986,-0.2271,0.1177,0.9058
987,-0.1455,0.1211,0.9243
988,-0.0024,0.1062,0.9543
989,0.2876,-0.0413,0.9436
990,0.4946,-0.1150,1.0374
991,0.5945,-0.0847,1.0854
992,0.6040,-0.2654,1.0071
993,0.3638,-0.1489,1.0803
994,0.0837,-0.0850,1.0403
995,-0.1577,-0.1582,0.9585
996,-0.3511,0.0337,0.9810
997,-0.3010,-0.0037,0.8931
998,-0.1438,-0.0076,0.8853
999,-0.0649,0.0444,0.9331
1000,0.0059,-0.0220,0.9380
1001,-0.0696,-0.1565,0.9504
1002,-0.2256,-0.1042,1.0581
1003,-0.3042,-0.2100,1.0347
1004,-0.2302,-0.2202,1.0413
1005,-0.0342,-0.0757,1.0422
1006,0.1826,0.0750,1.0090
1007,0.3413,0.1462,0.9290
1008,0.3386,0.1353,0.9116
1009,0.2073,0.2285,0.9751
1010,0.0281,0.0806,0.9331
1011,-0.0510,-0.0186,0.9487
1012,-0.0991,-0.0544,1.0161
1013,-0.0310,-0.0576,1.0403
1014,0.0461,-0.1162,0.9827
1015,0.1143,0.0669,1.0120
1016,0.1006,0.1187,0.9575
1017,0.0503,0.1104,0.9341
1018,-0.0701,0.2258,0.9553
1019,-0.1697,0.1921,0.9338
1020,-0.2551,0.1521,0.9456
1021,-0.2993,0.1189,0.9836
1022,-0.2576,0.0432,1.0090
1023,-0.2009,-0.1208,1.0181
1024,-0.0950,-0.1089,1.0618
1025,0.0344,-0.1323,1.0208
1026,0.0469,-0.0818,1.0063
1027,0.0034,-0.0576,0.9788
1028,-0.0571,-0.0540,0.9338
1029,-0.1863,0.0293,0.9299
1030,-0.1335,0.0891,0.8840
1031,-0.0061,0.0352,0.8813
1032,0.1780,0.0593,0.9849
1033,0.3743,-0.0637,0.9849
1034,0.5669,-0.0913,1.0032
1035,0.4927,-0.0854,1.0627
1036,0.3750,-0.0947,1.0601
1037,0.0657,-0.1995,1.0337
1038,-0.1921,0.0664,1.0754
1039,-0.3579,-0.0798,0.9155
1040,-0.2915,0.0522,0.9360
1041,-0.2102,0.0483,0.9282
1042,-0.0059,0.0308,0.9175
1043,0.0193,-0.0979,0.8911
1044,-0.0459,-0.0256,0.9976
1045,-0.1448,-0.1821,0.9709
1046,-0.2078,-0.1694,1.0071
1047,-0.1978,-0.0581,1.0493
1048,-0.0361,-0.0103,1.0256
1049,0.1431,-0.0386,0.9771
1050,0.2532,0.0459,1.0005
1051,0.2554,0.0291,0.9778
1052,0.2168,-0.1204,0.9175
1053,0.1262,-0.0354,0.9907
1054,0.0149,-0.0408,0.9917
1055,0.0139,-0.1187,0.9390
1056,0.0288,0.0134,0.9846
1057,0.0107,0.1323,1.0059
1058,0.0505,0.0237,0.9087
1059,0.0083,0.0945,0.9858
1060,-0.0110,0.1587,0.9983
1061,-0.0554,-0.0405,0.9065
1062,-0.1169,0.1394,0.9905
1063,-0.1838,0.1194,0.9749
1064,-0.2068,0.0359,0.9641
1065,-0.3015,-0.0015,1.0159
1066,-0.2483,0.0696,1.0520
1067,-0.1572,-0.0962,0.9778
1068,-0.0569,0.0269,1.0220
1069,0.0032,0.0220,0.9856
1070,0.0464,0.0823,0.9343
1071,-0.0688,0.1292,0.9097
1072,-0.1614,0.1724,0.9302
1073,-0.1548,0.0293,0.9126
1074,-0.0830,0.0085,0.9846
1075,0.1538,-0.0205,0.9954
1076,0.3772,-0.1355,1.0161
1077,0.5793,-0.0842,1.0747
1078,0.6116,-0.1587,1.0269
1079,0.4534,-0.0500,1.0464
1080,0.1118,-0.0042,0.9778
1081,-0.1602,0.0208,0.9575
1082,-0.4058,0.0549,0.9360
1083,-0.4106,0.0151,0.9224
1084,-0.2646,-0.0703,0.8977
1085,-0.0574,-0.1238,0.9319
1086,0.0544,-0.1240,0.9810
1087,0.0234,-0.2161,0.9751
1088,-0.1030,-0.1223,1.0464
1089,-0.1492,-0.1011,1.0061
1090,-0.1819,-0.0471,1.0334
1091,-0.0635,0.0828,1.0354
1092,0.1362,-0.0559,0.9548
1093,0.2737,0.0417,0.9927
1094,0.2686,-0.0046,0.9458
1095,0.3025,-0.0515,0.9165
1096,0.1484,-0.0710,0.9370
1097,0.0085,0.0256,1.0276
1098,-0.0698,-0.1233,0.9504
1099,-0.0945,-0.0010,0.9993
1100,-0.0649,0.0981,1.0122
1101,0.0315,0.0447,0.9475
1102,0.0825,0.1199,0.9954
1103,0.0688,0.1621,0.9858
1104,-0.0012,0.0959,0.9302
1105,-0.1814,0.1086,0.9680
1106,-0.2769,0.0918,0.9956
1107,-0.3835,-0.0833,0.9719
1108,-0.3318,0.0154,1.0383
1109,-0.2153,-0.0352,1.0215
1110,-0.0266,-0.0742,0.9917
1111,0.0703,-0.0405,1.0178
1112,0.0930,0.1335,0.9858
1113,-0.0139,0.0273,0.8726
1114,-0.1770,0.1565,0.9280
1115,-0.2722,0.0352,0.9182
1116,-0.1775,-0.0586,0.9358
1117,0.0251,-0.0950,0.9734
1118,0.3342,-0.1006,1.0142
1119,0.6157,-0.1475,1.0149
1120,0.7026,-0.0762,1.0540
1121,0.6174,0.0166,1.0659
1122,0.2769,-0.0327,1.0100
1123,-0.1123,0.0542,1.0278
1124,-0.3765,0.0361,0.9614
1125,-0.4868,-0.0159,0.9253
1126,-0.3164,0.0208,0.8987
1127,-0.0852,0.0090,0.8892
1128,0.0767,0.0708,0.9272
1129,0.0618,-0.0208,0.9263
1130,-0.0605,-0.0530,1.0054
1131,-0.2686,-0.1379,1.0327
1132,-0.2678,-0.1143,1.0637
1133,-0.2107,-0.1755,1.0415
1134,0.0640,-0.0649,1.0569
1135,0.2432,-0.0522,1.0022
1136,0.3813,0.0938,0.9817
1137,0.3005,0.0049,0.9055
1138,0.1956,0.0442,0.9585
1139,-0.0215,-0.0613,0.9175
1140,-0.1182,-0.0447,0.9458
1141,-0.0923,0.0166,0.9634
1142,0.0007,-0.0273,0.9543
1143,0.0969,0.0305,1.0315
1144,0.2026,0.0869,1.0071
1145,0.1736,-0.0422,0.9680
1146,0.0703,0.0898,1.0256
1147,-0.0955,0.0310,0.9595
1148,-0.3093,0.0725,0.9700
1149,-0.4048,0.1978,0.9790
1150,-0.4390,0.1160,0.9692
1151,-0.3552,0.0732,1.0139
1152,-0.1917,-0.0100,1.0249
1153,0.0330,-0.1409,0.9985
1154,0.0974,-0.1421,1.0024
1155,0.1135,-0.0391,1.0132
1156,-0.0183,-0.1377,0.8958
1157,-0.1777,0.0654,0.9556
1158,-0.2476,0.1475,0.9116
1159,-0.1501,0.0220,0.8577
1160,0.0984,0.1294,0.9702
1161,0.3296,0.0198,1.0081
1162,0.6079,-0.1099,1.0217
1163,0.6313,-0.1794,1.0530
1164,0.4944,-0.0410,1.1333
1165,0.1912,-0.1235,0.9915
1166,-0.1421,0.0779,1.0396
1167,-0.3979,0.1682,0.9692
1168,-0.4233,0.0430,0.8809
1169,-0.2869,0.1248,0.9182
1170,-0.1023,0.0283,0.8899
1171,0.1057,-0.0337,0.9097
1172,0.0237,-0.1172,0.9221
1173,-0.0854,0.0071,1.0620
1174,-0.2107,-0.1760,0.9670
1175,-0.1938,-0.0967,1.0640
1176,-0.1274,-0.0486,1.0972
1177,0.1125,-0.1616,1.0056
1178,0.2517,-0.1477,1.0237
1179,0.2920,-0.0332,1.0012
1180,0.2249,-0.1570,0.9019
1181,0.1150,-0.0159,0.9175
1182,-0.0337,0.0464,0.9233
1183,-0.0828,0.0498,0.9329
1184,-0.0784,-0.0347,0.9280
1185,0.0251,0.0027,1.0178
1186,0.1338,-0.0806,1.0022
1187,0.1897,-0.0854,1.0159
1188,0.1562,0.0237,1.0298
1189,0.0483,0.0818,1.0022
1190,-0.0989,0.1328,0.9800
1191,-0.3042,0.1855,0.9565
1192,-0.3650,0.1929,0.9651
1193,-0.4175,0.0469,0.9204
1194,-0.3174,0.0125,1.0081
1195,-0.1624,-0.0254,0.9993
1196,-0.0215,-0.1177,0.9729
1197,0.0752,0.0095,0.9878
1198,0.0801,0.0703,0.9731
1199,-0.0317,0.0891,0.9360
1200,-0.1174,0.0359,0.9387
1201,-0.1506,0.0964,0.9790
1202,-0.0552,0.0132,0.9575
1203,0.1562,0.0537,0.9780
1204,0.3518,-0.0059,1.0132
1205,0.5081,0.0020,1.0396
1206,0.5024,-0.1216,1.0188
1207,0.3633,-0.0366,1.0081
1208,0.0793,-0.0911,0.9856
1209,-0.1873,0.0330,0.9885
1210,-0.3862,-0.0605,0.9087
1211,-0.3406,0.1311,0.9592
1212,-0.2080,-0.0239,0.8713
1213,0.0068,0.0225,0.9429
1214,0.0703,-0.0862,0.9700
1215,0.0405,-0.1123,0.9985
1216,-0.1433,-0.2388,1.0178
1217,-0.2004,-0.0483,1.0999
1218,-0.2136,-0.2041,1.0122
1219,-0.0876,-0.0095,1.0461
1220,0.0957,-0.0166,0.9800
1221,0.2935,0.0237,0.9329
1222,0.2493,-0.0532,0.9126
1223,0.2185,0.0227,0.9485
1224,0.0864,-0.2100,0.8792
1225,0.0068,-0.0674,0.9954
1226,-0.0347,-0.1277,0.9517
1227,0.0479,-0.0342,0.9788
1228,0.0569,0.0935,1.0178
1229,0.1060,0.1318,1.0239
1230,0.0923,0.0142,0.9768
1231,0.0261,0.1321,1.0464
1232,-0.0132,0.0854,0.9705
1233,-0.1250,0.0032,0.9280
1234,-0.2163,0.1343,1.0034
1235,-0.3137,0.0442,0.9312
1236,-0.3423,0.0454,0.9595
1237,-0.3130,0.0808,0.9712
1238,-0.1689,-0.0161,0.9680
1239,-0.0498,-0.0234,0.9985
1240,0.0764,0.0435,0.9895
1241,0.0979,0.0330,0.9595
1242,0.0037,0.0835,0.9810
1243,-0.0823,0.0708,0.9722
1244,-0.1055,0.0405,0.9375
1245,-0.0344,0.1165,0.9739
1246,0.1321,0.0469,0.9829
1247,0.3711,-0.0168,0.9993
1248,0.5078,-0.0042,1.0452
1249,0.5090,-0.0127,1.0220
1250,0.3201,-0.0835,0.9641
1251,0.0505,0.0249,0.9983
1252,-0.2600,0.0293,0.9937
1253,-0.3894,-0.0986,0.9329
1254,-0.3569,-0.1013,0.9448
1255,-0.2224,0.0007,0.9802
1256,-0.0535,-0.1174,0.9048
1257,0.0195,-0.1091,0.9485
1258,-0.0229,-0.0496,1.0200
1259,-0.1194,-0.1497,1.0093
1260,-0.1421,-0.2109,1.0151
1261,-0.1125,-0.2056,1.0618
1262,0.0334,-0.1521,1.0640
1263,0.1382,-0.2297,0.9644
1264,0.2109,-0.0559,0.9729
1265,0.2061,-0.0134,0.9016
1266,0.1384,0.0256,0.8909
1267,0.0442,0.1609,0.9417
1268,0.0415,0.1055,0.9243
1269,0.0271,-0.0027,0.9778
1270,0.0176,0.0134,1.0464
1271,0.0720,-0.1340,1.0266
1272,0.0723,-0.0911,1.0278
1273,0.0149,0.0457,1.0276
1274,-0.0007,0.1770,0.9875
1275,-0.0408,0.2036,0.9155
1276,-0.1206,0.2893,0.9651
1277,-0.1682,0.2417,0.9360
1278,-0.2085,0.0952,0.9202
1279,-0.2737,0.0725,0.9924
1280,-0.2766,-0.0930,1.0034
1281,-0.1709,-0.1377,1.0325
1282,-0.0776,-0.0679,1.0256
1283,0.0732,0.0400,0.9927
1284,0.1206,0.0293,0.9387
1285,0.0691,0.1016,0.9817
1286,-0.0222,0.0405,0.9446
1287,-0.0540,-0.0422,0.9172
1288,-0.0242,0.0393,0.9670
1289,0.0840,0.0222,0.9780
1290,0.2742,-0.0032,0.9778
1291,0.3784,0.0330,1.0100
1292,0.3950,0.0403,1.0266
1293,0.2549,-0.0308,1.0139
1294,0.0129,-0.0867,1.0022
1295,-0.2256,-0.0859,1.0120
1296,-0.3489,-0.0596,0.9739
1297,-0.3066,-0.0540,0.9204
1298,-0.2195,0.0232,0.9436
1299,-0.0930,0.0752,0.9409
1300,0.0027,-0.0410,0.9097
1301,-0.0115,-0.1299,0.9993
1302,-0.0154,-0.2290,1.0422
1303,-0.0042,-0.3376,1.0337
1304,0.0303,-0.1948,1.0559
1305,0.0886,-0.1213,1.0161
1306,0.1086,-0.0696,0.9688
1307,0.0864,0.0593,0.9729
1308,0.0747,0.1594,0.9299
1309,0.0510,0.0298,0.8743
1310,0.0706,0.0925,0.9507
1311,0.0625,0.0183,0.9663
1312,0.0818,-0.0488,0.9878
1313,0.0679,-0.0784,0.9988
1314,0.0068,-0.0261,1.0569
1315,0.0308,-0.0073,1.0083
1316,-0.0127,0.0132,0.9758
1317,-0.0073,0.2100,0.9956
1318,-0.0266,0.1538,0.9194
1319,-0.0503,0.1907,0.9514
1320,-0.1431,0.1038,0.9380
1321,-0.2039,0.0325,0.9885
1322,-0.3049,-0.0444,0.9719
1323,-0.2964,-0.0845,1.0161
1324,-0.1782,-0.0630,1.0288
1325,-0.0483,-0.1594,0.9839
1326,0.1204,0.0723,1.0464
1327,0.2136,0.0181,0.9055
1328,0.1499,0.0544,0.9485
1329,0.0391,0.1223,0.9612
1330,-0.0391,0.0112,0.9185
1331,-0.0657,0.0691,0.9575
1332,0.0374,0.0549,0.9661
1333,0.2288,0.0171,1.0103
1334,0.3228,-0.0139,1.0188
1335,0.3542,0.0127,1.0581
1336,0.1672,-0.1248,1.0024
1337,-0.0649,-0.0762,1.0413
1338,-0.2017,-0.0442,0.9946
1339,-0.3433,-0.0205,0.9175
1340,-0.2891,0.1467,0.9329
1341,-0.1316,0.1230,0.8665
1342,-0.1277,0.0298,0.9250
1343,-0.0549,-0.0557,0.9680
1344,0.0305,-0.2856,0.9817
1345,-0.0134,-0.3071,1.0618
1346,0.0312,-0.3079,1.0483
1347,0.1099,-0.1814,1.0481
1348,0.0637,-0.0078,0.9946
1349,0.0652,0.1216,0.9888
1350,0.0991,0.1514,0.9175
1351,0.0063,-0.0146,0.9182
1352,0.0876,0.0659,1.0015
1353,0.0918,-0.2256,0.8782
1354,0.1204,-0.0596,1.0259
1355,0.1147,-0.0273,0.9739
1356,0.0647,-0.0303,0.9800
1357,0.0237,0.1111,1.0090
1358,-0.0535,0.1326,1.0061
1359,0.0129,0.1316,0.9810
1360,-0.0247,0.0684,0.9585
1361,-0.0020,0.1868,1.0325
1362,-0.0693,-0.0127,0.9116
1363,-0.1270,0.0940,0.9993
1364,-0.2883,0.0449,0.9517
1365,-0.3206,-0.0818,0.9783
1366,-0.2749,-0.0232,1.0161
1367,-0.1643,-0.1443,0.9810
1368,0.0762,0.0271,1.0188
1369,0.1638,-0.0337,0.9202
1370,0.2356,0.1824,0.9849
1371,0.1125,0.0735,0.8999
1372,0.0107,0.1702,0.9807
1373,-0.0959,0.0195,0.9409
1374,-0.0427,0.0254,0.9976
1375,0.0693,-0.0950,1.0012
1376,0.2520,-0.0662,1.0452
1377,0.3738,-0.0339,1.0110
1378,0.2837,-0.0300,0.9875
1379,0.1121,0.0925,1.0078
1380,-0.1440,-0.0259,0.9282
1381,-0.3022,-0.0034,0.9712
1382,-0.3845,-0.0322,0.9368
1383,-0.2739,-0.1357,0.9067
1384,-0.1372,-0.1104,0.9575
1385,-0.0088,-0.1382,0.9631
1386,0.1038,-0.2031,0.9563
1387,0.0815,-0.1506,1.0354
1388,0.0718,-0.1521,1.0405
1389,0.0400,-0.2563,1.0259
1390,0.0291,-0.0789,1.0630
1391,0.0178,-0.0662,0.9966
1392,0.0728,-0.0122,0.9456
1393,0.0325,0.0552,0.9182
1394,0.0547,0.1301,0.9504
1395,0.0237,0.0613,0.8696
1396,0.0332,0.0996,0.9426
1397,0.0310,0.1284,0.9907
1398,0.0344,-0.0205,0.9651
1399,0.0640,0.0430,1.0256
1400,0.0674,0.1213,1.0393
1401,0.0312,0.0959,1.0120
1402,0.0132,0.0571,0.9866
1403,-0.0344,0.1470,1.0298
1404,-0.0820,0.0728,0.9553
1405,-0.1194,0.0254,0.9307
1406,-0.1848,0.0493,0.9751
1407,-0.2219,-0.0610,0.9536
1408,-0.2126,-0.1096,0.9595
1409,-0.1484,-0.0505,0.9985
1410,-0.0017,-0.0674,0.9702
1411,0.1030,-0.0813,0.9836
1412,0.1765,0.0259,0.9985
1413,0.1362,-0.0115,0.9465
1414,0.0601,0.0742,0.9768
1415,-0.0667,0.0442,0.9673
1416,-0.0989,0.0205,0.9846
1417,-0.0581,0.0291,0.9778
1418,0.1077,0.0781,0.9878
1419,0.2085,0.0054,0.9885
1420,0.3262,0.0491,1.0200
1421,0.2461,-0.0029,0.9924
1422,0.0801,0.0569,0.9963
1423,-0.1006,-0.0461,0.9419
1424,-0.2166,-0.0315,0.9807
1425,-0.2825,-0.0815,0.9495
1426,-0.2344,-0.0691,0.9456
1427,-0.1177,-0.0798,0.9272
1428,-0.0938,-0.1462,0.9739
1429,0.0029,-0.1140,1.0317
1430,-0.0020,-0.2532,0.9868
1431,0.0874,-0.0537,1.0686
1432,0.0818,-0.1831,0.9897
1433,0.1299,-0.0989,1.0376
1434,0.0281,-0.0793,0.9907
1435,0.0371,0.0332,0.9563
1436,-0.0808,-0.0129,0.8784
1437,-0.0837,0.1150,0.9348
1438,-0.0547,0.0803,0.9263
1439,0.0413,0.0505,0.9302
1440,0.1377,0.0671,0.9878
1441,0.2405,0.0352,1.0327
1442,0.1978,-0.0908,1.0425
1443,0.1077,-0.0291,1.0786
1444,-0.0276,-0.0239,1.0327
1445,-0.1279,0.0566,0.9739
1446,-0.1594,0.1428,0.9368
1447,-0.1206,0.2319,0.9214
1448,-0.0989,0.1230,0.8950
1449,-0.0771,0.0564,0.9485
1450,-0.0825,-0.0686,0.9653
1451,-0.1597,-0.1350,0.9897
1452,-0.1904,-0.1262,1.0227
1453,-0.1304,-0.0989,1.0220
1454,-0.0508,0.0071,1.0247
1455,0.0728,0.1594,0.9905
1456,0.1868,0.1863,0.9360
1457,0.1465,0.1343,0.9495
1458,0.0789,0.0718,0.9722
1459,0.0154,-0.0657,0.9592
1460,-0.0220,-0.0444,0.9797
1461,0.0378,-0.0569,0.9739
1462,0.1428,0.0283,1.0103
1463,0.2075,0.0757,0.9954
1464,0.1572,0.0564,0.9993
1465,0.0703,0.0315,0.9866
1466,-0.0969,-0.0786,0.9829
1467,-0.1909,-0.0762,1.0005
1468,-0.2339,-0.1682,0.9429
1469,-0.2039,-0.1079,0.9700
1470,-0.1826,-0.0886,0.9480
1471,-0.0667,-0.0461,0.9495
1472,-0.0427,-0.0776,0.9622
1473,0.0442,-0.0159,1.0249
1474,0.0969,-0.1689,1.0012
1475,0.1238,-0.1470,1.0442
1476,0.1411,-0.1772,1.0227
1477,0.0759,-0.1155,0.9895
1478,0.0093,0.0125,0.9585
1479,-0.0835,0.0156,0.9194
1480,-0.1016,0.0889,0.9448
1481,-0.0713,0.0220,0.9202
1482,0.0542,0.0671,0.9653
1483,0.1252,0.0310,0.9546
1484,0.1907,0.0134,1.0073
1485,0.1484,0.0637,1.0229
1486,0.0627,0.0034,1.0208
1487,-0.0032,0.0686,1.0024
1488,-0.1152,0.0559,0.9973
1489,-0.1245,0.1455,0.9937
1490,-0.1414,-0.0605,0.8977
1491,-0.1118,0.0933,1.0337
1492,-0.1545,-0.0972,0.9272
1493,-0.1082,-0.0952,0.9524
1494,-0.1460,-0.0376,0.9956
1495,-0.0403,-0.0530,0.9761
1496,-0.0200,-0.1042,0.9966
1497,0.0364,0.1060,1.0464
1498,0.1057,-0.0281,0.9214
1499,0.0571,0.0544,1.0022
1500,0.0352,0.0896,0.9663
1501,-0.0059,-0.0532,0.9180
1502,-0.0457,0.1646,1.0034
1503,-0.0186,0.0564,0.9331
1504,0.1343,0.1123,0.9944
1505,0.1780,0.1392,1.0151
1506,0.2739,0.0969,0.9993
1507,0.2180,0.0137,0.9683
1508,0.0776,0.0742,1.0520
1509,-0.0671,-0.0796,0.9690
1510,-0.2310,-0.1619,0.9761
1511,-0.2271,0.0061,1.0112
1512,-0.2231,-0.1956,0.8726
1513,-0.1548,-0.0081,0.9575
1514,-0.1152,-0.0242,0.9468
1515,-0.0210,-0.0359,0.9692
1516,-0.0178,-0.1250,0.9849
1517,0.0615,-0.0725,1.0579
1518,0.1040,-0.2915,1.0081
1519,0.1177,-0.2544,1.0608
1520,0.1099,-0.2061,1.0208
1521,0.0291,-0.1567,0.9622
1522,0.0076,0.0364,0.9377
1523,-0.0796,0.0027,0.8997
1524,-0.0442,0.1724,0.9624
1525,-0.0225,0.0210,0.8921
1526,0.1313,0.1165,0.9934
1527,0.1108,-0.0239,0.9729
1528,0.1353,0.0107,1.0256
1529,0.0486,-0.0110,0.9993
1530,0.0037,0.0735,1.0112
1531,-0.0911,0.0327,0.9937
1532,-0.1472,0.0801,0.9963
1533,-0.1392,0.0239,0.9546
1534,-0.1223,0.0405,0.9380
1535,-0.1218,0.0786,0.9399
1536,-0.0820,0.1511,0.9634
1537,-0.0498,0.0989,0.9231
1538,-0.0439,0.1152,1.0127
1539,-0.0173,0.0605,1.0376
1540,0.0334,-0.1238,0.9927
1541,0.0474,-0.0503,1.0405
1542,0.0564,0.0427,0.9963
1543,0.0442,0.0037,0.9211
1544,0.0183,0.1292,0.9563
1545,-0.0144,0.1458,0.9680
1546,0.0513,0.0251,0.9270
1547,0.0706,0.0195,0.9702
1548,0.1819,0.0732,0.9993
1549,0.1885,-0.1292,0.9478
1550,0.1328,-0.0032,1.0493
1551,0.0071,-0.0413,1.0149
1552,-0.0581,-0.0332,0.9758
1553,-0.1609,-0.0032,0.9622
1554,-0.1270,-0.0171,0.9778
1555,-0.1035,-0.1248,0.9644
1556,-0.1055,-0.1550,0.9604
1557,-0.0984,-0.1384,0.9944
1558,-0.1040,-0.1592,0.9651
1559,-0.1223,-0.1709,0.9888
1560,-0.0774,-0.0637,1.0364
1561,0.0266,-0.1399,0.9692
1562,0.0950,-0.1279,0.9807
1563,0.1411,-0.0413,0.9875
1564,0.1321,-0.0981,0.9292
1565,0.0291,-0.0574,0.9624
1566,-0.0620,0.0071,0.9800
1567,-0.0217,-0.0098,0.9517
1568,0.0229,0.0129,0.9465
1569,0.1130,0.1333,1.0249
1570,0.2268,0.0696,0.9692
1571,0.1421,0.0066,1.0188
1572,0.0742,0.1523,1.0522
1573,-0.1094,-0.1064,0.9368
1574,-0.1650,0.1311,1.0168
1575,-0.2202,0.0776,0.9214
1576,-0.1667,0.1755,0.9680
1577,-0.1360,0.0579,0.9116
1578,-0.0667,0.0779,0.9934
1579,-0.0476,-0.0479,0.9690
1580,-0.0325,-0.1130,0.9741
1581,0.0276,-0.0383,1.0269
1582,0.0151,-0.0864,0.9866
1583,0.0427,0.0542,1.0200
1584,0.0310,0.0750,0.9514
1585,0.0225,0.1396,0.9741
1586,-0.0281,0.0325,0.9377
1587,0.0139,0.0107,0.9731
1588,0.0325,-0.0256,0.9722
1589,0.1145,-0.0229,0.9592
1590,0.2026,0.0605,0.9807
1591,0.1838,0.1030,0.9927
1592,0.1758,0.1145,0.9905
1593,0.0691,0.0403,0.9866
1594,-0.0190,0.0454,1.0298
1595,-0.0813,-0.1458,0.9585
1596,-0.0791,-0.1338,1.0110
1597,-0.1033,-0.0911,0.9829
1598,-0.0876,-0.1152,0.9290
1599,-0.1621,0.0068,0.9517
1600,-0.2368,0.0078,0.9565
1601,-0.2278,-0.0786,0.9680
1602,-0.2397,-0.1997,1.0093
1603,-0.0579,-0.1697,1.0454
1604,0.1294,-0.2568,0.9827
1605,0.2271,-0.0701,1.0208
1606,0.2314,-0.0352,0.9749
1607,0.1396,0.0439,0.9429
1608,-0.0259,0.0774,0.9487
1609,-0.0886,0.0906,0.9524
1610,-0.0869,-0.0862,0.9448
1611,0.0479,-0.0066,1.0286
1612,0.1902,-0.0667,0.9946
1613,0.2786,-0.0310,0.9878
1614,0.2092,-0.0032,0.9915
1615,0.0139,0.0750,1.0112
1616,-0.1365,0.0525,0.9690
1617,-0.2915,0.0874,0.9727
1618,-0.2878,0.0391,0.9534
1619,-0.2122,0.0459,0.9456
1620,-0.1184,0.0679,0.9436
1621,-0.0249,0.0264,0.9475
1622,0.0381,-0.0039,1.0061
1623,0.0107,-0.0132,1.0444
1624,0.0378,-0.0479,1.0239
1625,0.0076,-0.0281,1.0305
1626,0.0115,0.0181,0.9983
1627,-0.0046,0.0483,0.9917
1628,0.0007,0.1250,0.9348
1629,-0.0093,0.0950,0.9075
1630,0.0349,0.1709,0.9448
1631,0.0527,0.0261,0.9087
1632,0.1301,0.0449,0.9729
1633,0.1782,0.0134,0.9758
1634,0.1948,0.0178,1.0022
1635,0.2017,0.0552,1.0100
1636,0.1311,0.0718,1.0103
1637,0.0276,0.0642,1.0366
1638,-0.0591,-0.0276,0.9946
1639,-0.1423,-0.1106,1.0042
1640,-0.1509,-0.1572,0.9709
1641,-0.1584,-0.2117,0.9624
1642,-0.1741,-0.1169,0.9399
1643,-0.2368,-0.1719,0.9341
1644,-0.1746,-0.0388,0.9827
1645,-0.1763,-0.2402,0.9468
1646,-0.0039,-0.0420,1.0461
1647,0.0601,-0.2390,0.9583
1648,0.2083,-0.0969,1.0249
1649,0.1682,-0.1226,0.9778
1650,0.1206,0.0129,0.9934
1651,0.0020,-0.0117,0.9026
1652,-0.0835,0.1411,0.9897
1653,-0.0415,0.1301,0.9709
1654,0.0764,-0.0239,0.9370
1655,0.1597,0.0872,1.0686
1656,0.2485,-0.0337,0.9807
1657,0.1995,-0.1155,0.9741
1658,0.0203,0.1016,1.0356
1659,-0.1404,0.0510,0.9485
1660,-0.2407,0.1167,0.9360
1661,-0.2781,0.2146,0.9358
1662,-0.2090,0.1467,0.9407
1663,-0.1228,0.0249,0.9319
1664,-0.0315,-0.0349,1.0005
1665,0.0303,-0.0803,1.0239
1666,0.0427,-0.1262,1.0103
1667,0.0554,-0.0127,1.0630
1668,0.0327,0.0171,1.0073
1669,-0.0024,0.0930,1.0032
1670,-0.0247,0.2144,0.9634
1671,-0.0574,0.1204,0.8918
1672,-0.0364,0.1567,0.9360
1673,-0.0007,0.0652,0.9053
1674,0.0439,0.0107,0.9387
1675,0.1565,0.0513,0.9692
1676,0.1892,-0.0647,0.9702
1677,0.2397,-0.0525,1.0637
1678,0.1973,-0.1011,1.0344
1679,0.0999,-0.1089,1.0442
1680,-0.0691,-0.0371,1.0051
1681,-0.1426,0.0107,0.9761
1682,-0.2029,0.0310,0.9434
1683,-0.1904,0.0217,0.9407
1684,-0.1741,-0.0427,0.9438
1685,-0.1392,-0.2219,0.9448
1686,-0.0859,-0.2524,0.9846
1687,-0.0449,-0.3455,0.9849
1688,0.0308,-0.1958,1.0295
1689,0.0901,-0.1384,0.9722
1690,0.1389,0.0383,0.9868
1691,0.0803,0.1304,0.9788
1692,0.0493,0.0618,0.9351
1693,-0.0486,0.0154,0.9797
1694,-0.0413,-0.0183,0.9907
1695,-0.0364,-0.2290,0.9539
1696,0.0676,-0.0637,1.0198
1697,0.0991,-0.0510,0.9778
1698,0.1514,0.1101,1.0220
1699,0.1089,0.1089,0.9504
1700,0.0364,0.1855,1.0161
1701,-0.0396,0.1497,0.9690
1702,-0.0950,0.0347,0.9155
1703,-0.1018,0.1401,0.9790
1704,-0.1050,0.1528,0.9331
1705,-0.0852,0.1116,0.9302
1706,-0.1289,0.0828,0.9592
1707,-0.1206,0.0737,1.0432
1708,-0.1479,-0.1201,0.9907
1709,-0.0742,-0.0959,1.0552
1710,0.0093,-0.0317,1.0403
1711,0.0581,-0.1260,0.9729
1712,0.0950,0.1072,1.0151
1713,0.0312,0.0630,0.9038
1714,-0.0410,0.1418,0.9133
1715,-0.0996,0.1409,0.9055
1716,-0.0771,0.1233,0.9275
1717,0.0151,-0.0046,0.9448
1718,0.1941,0.0210,1.0249
1719,0.3442,-0.0972,1.0510
1720,0.4006,-0.1260,1.0386
1721,0.3367,-0.0676,1.0471
1722,0.1558,0.0642,1.0413
1723,-0.0376,0.0347,0.9612
1724,-0.2222,0.0181,0.9507
1725,-0.2905,-0.0264,0.9316
1726,-0.2373,-0.0828,0.9133
1727,-0.1714,-0.1521,0.9106
1728,-0.1492,-0.2070,0.9524
1729,-0.1682,-0.2168,0.9795
1730,-0.2100,-0.2324,1.0012
1731,-0.1335,-0.1667,1.0190
1732,-0.0737,-0.1990,1.0415
1733,0.1438,-0.0557,1.0737
1734,0.2522,-0.1184,0.9902
1735,0.2620,0.0547,0.9995
1736,0.1614,0.0190,0.9194
1737,0.0386,0.0928,0.9153
1738,-0.0884,0.0942,0.9067
1739,-0.0833,0.1470,0.9712
1740,-0.0298,0.0244,0.9495
1741,0.1118,-0.0110,1.0120
1742,0.1912,0.0222,1.0249
1743,0.1270,-0.0415,1.0005
1744,0.0654,0.0435,1.0210
1745,-0.1250,0.0623,0.9858
1746,-0.2090,0.1624,0.9673
1747,-0.2739,0.1538,0.9165
1748,-0.1980,0.2063,0.9553
1749,-0.1519,-0.0334,0.9233
1750,-0.0334,-0.0142,1.0161
1751,0.0396,-0.1567,0.9714
1752,0.0896,-0.1208,1.0208
1753,0.0396,-0.0518,1.0432
1754,0.0234,-0.0095,1.0081
1755,-0.0686,0.0964,0.9917
1756,-0.0918,0.1995,0.9573
1757,-0.0627,0.0798,0.8987
1758,-0.0461,0.0674,0.9502
1759,0.0642,0.0083,0.9624
1760,0.1831,-0.0098,0.9478
1761,0.2180,0.0623,0.9849
1762,0.2964,0.0513,1.0129
1763,0.2632,-0.0247,0.9954
1764,0.1533,-0.0054,1.0483
1765,0.0532,0.0115,1.0354
1766,-0.0625,-0.1338,0.9556
1767,-0.1743,-0.0369,1.0132
1768,-0.1736,0.0029,0.9749
1769,-0.1531,-0.1028,0.8765
1770,-0.1646,0.0291,0.9604
1771,-0.1711,-0.0369,0.9380
1772,-0.2014,-0.2629,0.9312
1773,-0.1880,-0.1904,1.0347
1774,-0.1033,-0.2986,1.0325
1775,0.0823,-0.2690,1.0227
1776,0.1809,-0.1902,1.0220
1777,0.3025,0.0415,1.0344
1778,0.1948,-0.0164,0.9192
1779,0.0818,0.1748,0.9749
1780,-0.0859,0.0454,0.9399
1781,-0.1450,-0.0210,0.9663
1782,-0.1218,-0.0483,0.9768
1783,0.0276,0.0068,0.9934
1784,0.1528,-0.0330,0.9553
1785,0.1968,0.0103,1.0100
1786,0.1389,0.1118,1.0063
1787,-0.0071,0.0820,0.9146
1788,-0.0835,0.2788,0.9722
1789,-0.2244,0.1814,0.9221
1790,-0.1907,0.1301,0.9680
1791,-0.1704,0.0635,0.9749
1792,-0.0894,0.0615,0.9995
1793,-0.0178,-0.0698,0.9604
1794,0.0000,0.0085,1.0520
1795,-0.0430,0.0110,1.0298
1796,-0.0754,-0.0190,1.0208
1797,-0.0764,0.0681,0.9946
1798,-0.0889,-0.0259,0.9534
1799,-0.0076,0.1353,0.9651
1800,-0.0193,0.0088,0.8823
1801,0.0735,0.1797,0.9536
1802,0.0112,0.0149,0.8958
1803,0.0864,0.0637,0.9956
1804,0.1404,-0.0457,0.9631
1805,0.2810,-0.0044,1.0288
1806,0.3411,-0.0330,1.0374
1807,0.2786,-0.0715,1.0649
1808,0.2244,-0.0742,1.0491
1809,-0.0430,-0.1416,0.9937
1810,-0.1628,0.0344,1.0081
1811,-0.2563,-0.1748,0.8677
1812,-0.2126,-0.0017,0.9661
1813,-0.2065,-0.1096,0.8843
1814,-0.0991,-0.1414,0.9067
1815,-0.1077,-0.1484,0.9573
1816,-0.1392,-0.2097,1.0093
1817,-0.1331,-0.2849,1.0259
1818,-0.1174,-0.1877,1.0601
1819,0.0354,-0.0562,1.0481
1820,0.1492,-0.1133,0.9683
1821,0.2593,0.1423,1.0315
1822,0.2083,0.0955,0.9448
1823,0.1562,0.0869,0.9429
1824,-0.0093,0.0198,0.9348
1825,-0.0732,0.0115,0.9709
1826,-0.1013,-0.0303,0.9458
1827,-0.0339,-0.0085,0.9543
1828,-0.0078,0.0378,1.0188
1829,0.0525,0.0767,0.9966
1830,0.0496,0.0535,0.9458
1831,0.0085,0.2419,1.0012
1832,-0.0740,0.1548,0.9399
1833,-0.1348,0.0679,0.9641
1834,-0.2058,0.0659,1.0227
1835,-0.2129,-0.0884,0.9866
1836,-0.1321,-0.1904,0.9956
1837,-0.0168,-0.1357,1.0266
1838,0.1147,-0.1023,0.9905
1839,0.1138,-0.0557,0.9592
1840,0.0635,0.1472,0.9827
1841,-0.0664,0.0979,0.9019
1842,-0.2051,0.1306,0.9429
1843,-0.2161,0.1113,0.9377
1844,-0.1338,-0.0276,0.9397
1845,0.0574,0.0303,0.9856
1846,0.2363,0.0046,0.9739
1847,0.3635,0.0757,1.0171
1848,0.4155,0.1016,1.0334
1849,0.3577,0.0718,1.0249
1850,0.1621,0.0012,1.0454
1851,0.0137,0.0452,1.0181
1852,-0.1418,-0.0876,0.9399
1853,-0.2046,0.0549,0.9722
1854,-0.1697,-0.0103,0.9243
1855,-0.0657,-0.0281,0.8872
1856,-0.0618,-0.0112,0.9319
1857,-0.0564,-0.0173,0.9465
1858,-0.1902,-0.3345,0.9534
1859,-0.2314,-0.2104,1.1008
1860,-0.2593,-0.3943,1.0132
1861,-0.0972,-0.2266,1.0698
1862,0.0923,-0.1292,1.0178
1863,0.2808,-0.0044,1.0022
1864,0.2959,0.0540,0.9563
1865,0.2180,0.1221,0.9329
1866,0.0520,-0.0178,0.9126
1867,-0.0627,-0.0144,0.9458
1868,-0.1182,-0.0256,0.9709
1869,-0.0767,0.0110,0.9595
1870,0.0469,0.0271,0.9651
1871,0.0994,0.0942,1.0337
1872,0.1003,0.0151,1.0034
1873,0.0649,0.0571,1.0022
1874,-0.0225,0.1128,0.9897
1875,-0.1348,0.1067,0.9622
1876,-0.1567,0.0859,0.9692
1877,-0.1831,0.1118,0.9670
1878,-0.1812,0.0422,0.9543
1879,-0.1687,0.0024,0.9739
1880,-0.0942,-0.0608,0.9937
1881,-0.0627,-0.1265,1.0002
1882,-0.0259,-0.1028,1.0220
1883,0.0320,-0.0271,1.0024
1884,-0.0264,-0.0093,0.9690
1885,-0.0591,0.1262,0.9702
1886,-0.1145,0.0535,0.9028
1887,-0.0854,0.1392,0.9399
1888,-0.0276,0.0330,0.9058
1889,0.1440,0.0308,0.9700
1890,0.2971,-0.0149,0.9946
1891,0.4563,0.0059,1.0464
1892,0.4731,-0.0374,1.0168
1893,0.3813,-0.0237,1.0627
1894,0.1541,-0.0215,1.0461
1895,-0.1084,-0.1218,1.0015
1896,-0.2231,0.0337,0.9897
1897,-0.3218,-0.0125,0.9009
1898,-0.1782,0.0967,0.9268
1899,-0.1218,-0.0300,0.8608
1900,-0.0640,0.0044,0.9604
1901,-0.1313,-0.1697,0.9565
1902,-0.1592,-0.2632,0.9856
1903,-0.2627,-0.2937,1.0649
1904,-0.1729,-0.1633,1.0835
1905,-0.0391,-0.2273,0.9885
1906,0.1760,0.0986,1.0591
1907,0.3098,0.1240,0.9478
1908,0.3074,0.0559,0.9192
1909,0.2214,0.1567,0.9504
1910,-0.0051,-0.0190,0.9226
1911,-0.0820,-0.0442,0.9644
1912,-0.1409,-0.1135,0.9712
1913,-0.0396,-0.0032,1.0295
1914,-0.0332,-0.1150,0.9683
1915,0.1199,0.1431,1.0366
1916,0.0386,0.0198,0.9495
1917,0.0325,0.2097,1.0295
1918,-0.0574,0.1345,0.9243
1919,-0.1433,0.1426,0.9722
1920,-0.2046,0.1106,0.9634
1921,-0.1895,-0.0615,0.9377
1922,-0.1714,0.0122,1.0190
1923,-0.1152,-0.0774,0.9797
1924,-0.0046,-0.1069,0.9927
1925,-0.0181,-0.0586,1.0376
1926,0.0322,0.0464,1.0286
1927,-0.0618,-0.0544,0.9417
1928,-0.1267,0.1453,0.9866
1929,-0.1558,0.0720,0.9185
1930,-0.1216,0.0444,0.9268
1931,-0.0039,0.0610,0.9331
1932,0.1821,0.0093,0.9631
1933,0.3718,-0.0605,0.9797
1934,0.4539,-0.1260,1.0044
1935,0.5327,-0.0361,1.0686
1936,0.3181,-0.0964,1.0015
1937,0.1096,0.0437,1.0649
1938,-0.1238,0.0027,0.9673
1939,-0.2966,0.0337,0.9817
1940,-0.2981,0.1465,0.9426
1941,-0.1758,-0.0032,0.8853
1942,-0.0496,0.0891,0.9592
1943,-0.0471,-0.1658,0.9214
1944,-0.0818,-0.1145,0.9917
1945,-0.2739,-0.2791,0.9468
1946,-0.2119,-0.0950,1.0669
1947,-0.2185,-0.1907,0.9915
1948,-0.0063,0.0081,1.0569
1949,0.2166,0.0032,0.9993
1950,0.3127,-0.0911,0.9614
1951,0.2546,-0.1062,1.0034
1952,0.1763,-0.1033,0.9778
1953,0.0315,-0.1982,0.9016
1954,-0.0327,-0.0159,0.9866
1955,-0.0371,0.0425,0.9624
1956,-0.0095,-0.0645,0.9360
1957,0.0486,0.0798,1.0259
1958,0.0986,0.0334,0.9653
1959,0.0408,-0.0225,0.9741
1960,0.0295,0.1648,1.0061
1961,-0.0681,0.0959,0.9485
1962,-0.1104,0.2415,1.0012
1963,-0.1487,0.2417,0.9595
1964,-0.1179,0.1702,0.9553
1965,-0.1650,0.1282,1.0022
1966,-0.1680,0.0469,1.0063
1967,-0.2031,-0.1035,0.9976
1968,-0.1519,-0.0105,1.0278
1969,-0.1147,-0.0369,0.9856
1970,-0.0371,0.0354,0.9680
1971,-0.0352,0.1240,0.9543
1972,-0.0098,0.1465,0.9290
1973,-0.0264,0.0203,0.8909
1974,0.0007,0.0481,0.9790
1975,0.0889,-0.1333,0.9543
1976,0.2512,-0.1599,1.0005
1977,0.3879,-0.0569,1.0503
1978,0.4924,-0.0361,1.0015
1979,0.4358,-0.0066,1.0112
1980,0.2603,0.0586,1.0042
1981,-0.0466,-0.0525,1.0100
1982,-0.2278,-0.0413,0.9897
1983,-0.3386,-0.1499,0.9377
1984,-0.2361,-0.0105,0.9905
1985,-0.1438,-0.1494,0.8706
1986,0.0017,0.0017,0.9634
1987,-0.0374,-0.0364,0.9175
1988,-0.1311,-0.1309,0.9543
1989,-0.2585,-0.1387,1.0325
1990,-0.2715,-0.2083,1.0422
1991,-0.1238,-0.1638,1.0532
1992,0.0869,-0.0916,1.0198
1993,0.2725,0.0125,1.0042
1994,0.3442,-0.0310,0.9497
1995,0.2776,0.0298,0.9604
1996,0.1140,0.0630,0.9426
1997,-0.0312,0.0010,0.9104
1998,-0.0964,0.0156,0.9534
1999,-0.1155,0.0010,0.9683
2000,-0.0337,0.0225,0.9829
2001,0.0596,0.0310,0.9741
2002,0.0867,0.0505,0.9768
2003,0.0588,0.1067,1.0259
2004,0.0330,0.1348,0.9822
2005,-0.0938,0.0789,0.9575
2006,-0.1548,0.1838,1.0344
2007,-0.2136,0.0408,0.9475
2008,-0.2695,-0.0405,0.9692
2009,-0.2249,0.0615,1.0278
2010,-0.1382,-0.1050,0.9456
2011,-0.0769,-0.0623,1.0042
2012,0.0134,0.0476,1.0073
2013,0.0088,0.0027,0.9094
2014,-0.0454,0.1106,0.9573
2015,-0.1157,0.1521,0.9497
2016,-0.1733,-0.0562,0.9250
2017,-0.0422,0.0488,0.9839
2018,0.1125,0.0142,0.9780
2019,0.3538,0.0127,1.0117
2020,0.5396,-0.0415,0.9944
2021,0.5884,0.0701,1.0559
2022,0.4358,0.0098,0.9907
2023,0.1670,0.0017,0.9937
2024,-0.1191,-0.0281,0.9937
2025,-0.3589,-0.0283,0.9966
2026,-0.3201,-0.0286,0.9543
2027,-0.2009,-0.1587,0.8948
2028,-0.0266,-0.0337,0.9878
2029,0.0371,-0.1177,0.9331
2030,-0.0293,-0.1560,0.9409
2031,-0.2224,-0.1536,0.9973
2032,-0.3435,-0.2285,1.0149
2033,-0.3193,-0.2085,1.0298
2034,-0.1509,-0.1235,1.0208
2035,0.1348,-0.0532,0.9915
2036,0.3335,-0.0549,0.9719
2037,0.4009,0.0383,0.9939
2038,0.3123,-0.0178,0.9407
2039,0.1426,-0.0347,0.9250
2040,-0.0417,-0.0100,0.9739
2041,-0.1072,-0.0217,0.9924
2042,-0.1196,-0.0798,0.9507
2043,-0.0420,0.0754,1.0210
2044,0.0310,0.1167,0.9673
2045,0.0632,0.0317,0.9341
2046,0.0557,0.2173,1.0100
2047,0.0034,0.1604,0.9460
2048,-0.0696,0.1731,0.9622
2049,-0.1465,0.2107,0.9807
2050,-0.1895,0.1572,0.9800
2051,-0.2007,0.0786,0.9741
2052,-0.1980,0.0991,1.0139
2053,-0.1472,0.0129,1.0042
2054,-0.1055,-0.0505,1.0081
2055,-0.0383,0.0327,1.0210
2056,-0.0481,0.0142,0.9526
2057,-0.0459,0.0789,0.9604
2058,-0.1121,0.0850,0.9319
2059,-0.1433,-0.0051,0.9104
2060,-0.0872,0.0632,0.9602
2061,0.0588,-0.0237,0.9272
2062,0.2893,-0.0557,1.0083
2063,0.4929,-0.1042,1.0386
2064,0.5706,-0.2087,1.0454
2065,0.5088,-0.1367,1.0471
2066,0.2446,-0.1162,1.0032
2067,-0.0493,-0.0081,0.9963
2068,-0.3433,0.0220,0.9653
2069,-0.4011,0.1033,0.9534
2070,-0.3364,-0.0586,0.8970
2071,-0.1074,-0.0017,0.9673
2072,0.0417,-0.1531,0.9360
2073,0.1016,-0.1970,0.9556
2074,-0.0156,-0.1770,1.0015
2075,-0.1326,-0.1655,1.0061
2076,-0.2288,-0.1631,1.0208
2077,-0.1587,-0.0183,1.0376
2078,0.0015,-0.0098,0.9790
2079,0.1980,0.0681,0.9722
2080,0.2666,0.0439,0.9653
2081,0.2739,-0.0127,0.9534
2082,0.1401,-0.1111,0.9485
2083,0.0183,-0.0215,1.0190
2084,-0.0750,-0.1609,0.9487
2085,-0.0972,-0.0962,1.0044
2086,-0.0562,0.0010,1.0229
2087,0.0505,-0.0325,0.9312
2088,0.1272,0.1074,0.9644
2089,0.1545,0.2842,0.9507
2090,0.1106,0.2080,0.9058
2091,-0.0027,0.2390,0.9631
2092,-0.1953,0.1975,0.9927
2093,-0.2927,0.0789,0.9895
2094,-0.3523,-0.0093,0.9836
2095,-0.3481,0.0161,1.0718
2096,-0.2456,-0.0642,1.0396
2097,-0.1140,-0.0312,1.0334
2098,-0.0042,0.1589,1.0015
2099,0.0542,0.0732,0.9163
2100,0.0132,0.2290,0.9399
2101,-0.1240,0.0886,0.8892
2102,-0.1135,0.1636,0.9224
2103,-0.1362,-0.0994,0.8794
2104,0.0557,-0.0071,1.0347
2105,0.2903,-0.2385,0.9839
2106,0.5208,-0.1963,1.0562
2107,0.6418,-0.1177,1.0786
2108,0.5442,-0.0962,1.0483
2109,0.2864,-0.1089,1.0132
2110,-0.0872,-0.0186,0.9993
2111,-0.3958,0.0242,0.9768
2112,-0.4673,-0.0332,0.9028
2113,-0.3606,-0.0295,0.9036
2114,-0.1599,-0.0068,0.9221
2115,0.0767,-0.1228,0.8879
2116,0.1304,-0.0872,0.9485
2117,-0.0393,-0.1318,1.0005
2118,-0.1355,-0.1147,1.0344
2119,-0.2422,-0.1765,1.0513
2120,-0.1665,0.0200,1.1050
2121,0.0269,-0.0979,1.0046
2122,0.2375,0.0254,1.0239
2123,0.2964,0.0144,0.9612
2124,0.3137,0.0203,0.9277
2125,0.1526,-0.0125,0.9019
2126,-0.0081,0.0334,0.9465
2127,-0.1008,-0.0710,0.9272
2128,-0.1277,-0.0042,0.9622
2129,-0.1011,0.0298,0.9739
2130,0.0391,0.0864,0.9895
2131,0.1104,0.0879,1.0034
2132,0.1660,0.1716,1.0249
2133,0.1145,0.1108,0.9819
2134,-0.0007,0.1643,1.0090
2135,-0.1377,0.0925,0.9644
2136,-0.2629,0.0710,1.0024
2137,-0.3286,0.0027,0.9722
2138,-0.3091,-0.0144,0.9819
2139,-0.2361,-0.0085,0.9680
2140,-0.1169,-0.0122,0.9495
2141,-0.0249,0.0881,0.9780
2142,-0.0242,0.0059,0.9204
2143,0.0029,0.0339,0.9536
2144,-0.1333,-0.0195,0.9524
2145,-0.1580,-0.0137,0.9568
2146,-0.0862,-0.0256,0.9595
2147,0.0413,-0.0264,0.9944
2148,0.2864,-0.0786,1.0229
2149,0.5195,-0.0632,1.0354
2150,0.6135,-0.0273,1.0444
2151,0.5278,-0.0745,1.0002
2152,0.2900,-0.0732,0.9937
2153,-0.0803,0.0061,0.9856
2154,-0.3779,-0.0032,0.9497
2155,-0.4578,0.0017,0.9153
2156,-0.3796,-0.0605,0.9260
2157,-0.1519,-0.0457,0.9663
2158,0.0930,-0.2036,0.9321
2159,0.1201,-0.2102,0.9895
2160,0.0583,-0.1626,1.0286
2161,-0.1118,-0.1980,0.9985
2162,-0.2278,-0.1018,1.0217
2163,-0.1733,-0.0256,1.0103
2164,-0.0398,-0.0127,0.9836
2165,0.1455,0.0166,0.9641
2166,0.3215,0.0366,0.9458
2167,0.3108,-0.0251,0.9043
2168,0.2329,-0.0110,0.9504
2169,0.0571,0.0212,0.9780
2170,-0.0869,-0.0378,0.9641
2171,-0.1846,0.0269,1.0344
2172,-0.1233,0.0864,1.0171
2173,-0.0254,0.0186,0.9778
2174,0.1257,0.2139,1.0298
2175,0.1755,0.1467,0.9465
2176,0.1719,0.2256,0.9817
2177,0.0247,0.1902,0.9204
2178,-0.1350,0.2498,0.9534
2179,-0.3203,0.1711,0.9426
2180,-0.3755,0.1111,0.9741
2181,-0.3452,0.0183,1.0151
2182,-0.2485,-0.0549,1.0171
2183,-0.0723,-0.0681,1.0317
2184,0.0894,-0.0425,1.0015
2185,0.0828,0.0010,0.9917
2186,0.0503,0.1055,0.9739
2187,-0.0950,0.0024,0.8967
2188,-0.1843,0.0244,0.9465
2189,-0.1333,-0.0925,0.9263
2190,0.0439,-0.1433,0.9673
2191,0.2922,-0.1511,0.9937
2192,0.5728,-0.1567,1.0042
2193,0.5735,-0.1216,1.0454
2194,0.4807,-0.0530,1.0269
2195,0.1406,-0.0891,0.9976
2196,-0.1904,-0.0059,1.0161
2197,-0.4033,-0.0776,0.9546
2198,-0.4194,-0.0811,0.9731
2199,-0.2656,-0.1355,0.9319
2200,0.0222,-0.1304,0.9358
2201,0.1011,-0.0952,0.9407
2202,0.0991,-0.0234,0.9302
2203,-0.0977,-0.0391,0.9487
2204,-0.2983,0.0264,1.0298
2205,-0.3169,-0.0945,1.0073
2206,-0.1814,-0.0305,1.0706
2207,0.0608,-0.0420,1.0356
2208,0.3000,-0.0857,1.0044
2209,0.3926,0.0266,1.0129
2210,0.2795,0.0479,0.9297
2211,0.1379,0.0759,0.9270
2212,-0.0425,0.0945,0.9175
2213,-0.1199,0.0881,0.9507
2214,-0.0979,0.0698,0.9675
2215,0.0337,0.0105,0.9358
2216,0.1106,0.0376,1.0034
2217,0.1384,0.0864,1.0110
2218,0.1504,0.0037,0.9653
2219,0.0474,0.0959,1.0444
2220,-0.0740,0.1394,1.0168
2221,-0.1492,0.0510,0.9497
2222,-0.2222,0.1538,0.9946
2223,-0.2847,0.0762,0.9556
2224,-0.2703,-0.0356,0.9553
2225,-0.2761,-0.0422,0.9976
2226,-0.2222,-0.0271,1.0044
2227,-0.1096,-0.1223,0.9380
2228,-0.0129,0.0100,0.9700
2229,0.0413,0.0818,0.9771
2230,0.0557,-0.0215,0.9097
2231,0.0024,0.0312,0.9556
2232,-0.0083,0.0627,1.0002
2233,0.0964,-0.0776,0.9778
2234,0.2258,-0.1152,1.0239
2235,0.3962,-0.0886,1.0806
2236,0.5110,-0.1592,0.9951
2237,0.4182,-0.1038,1.0034
2238,0.1707,0.0569,1.0159
2239,-0.1255,-0.0566,0.9192
2240,-0.3494,0.0747,0.9690
2241,-0.4246,0.0762,0.9368
2242,-0.2678,-0.0161,0.9172
2243,-0.0669,-0.0483,0.9504
2244,0.0601,-0.0691,0.9888
2245,0.0610,-0.1929,0.9763
2246,-0.0559,-0.1936,0.9836
2247,-0.2056,-0.0376,1.0552
2248,-0.2158,-0.0537,0.9895
2249,-0.1626,-0.0459,0.9878
2250,0.0222,0.0955,1.0676
2251,0.2085,-0.0664,0.9309
2252,0.2998,-0.0776,0.9573
2253,0.2966,0.0574,0.9797
2254,0.2212,-0.1025,0.8928
2255,0.0852,-0.0020,0.9937
2256,-0.0203,0.0574,0.9661
2257,-0.0947,-0.0481,0.9634
2258,-0.0474,0.0110,0.9985
2259,-0.0532,-0.0063,0.9829
2260,0.0308,0.0764,1.0188
2261,0.0383,0.0300,0.9468
2262,0.0928,0.2625,1.0178
2263,-0.0217,0.1223,0.9368
2264,-0.0898,0.2173,0.9956
2265,-0.1990,0.0776,0.9651
2266,-0.2898,-0.0410,1.0042
2267,-0.2998,-0.1165,1.0315
2268,-0.2043,-0.1580,0.9956
2269,-0.0786,-0.0828,0.9854
2270,0.0049,0.0176,0.9800
2271,0.1038,0.0872,0.9360
2272,0.0215,0.0430,0.9292
2273,-0.0405,0.1462,0.9556
2274,-0.1323,-0.0696,0.8882
2275,-0.0422,0.0403,0.9946
2276,0.0505,-0.0459,0.9719
2277,0.2639,-0.0059,1.0288
2278,0.4390,-0.0520,1.0149
2279,0.4934,0.0039,1.0435
2280,0.3557,-0.0811,1.0171
2281,0.1243,-0.0508,1.0034
2282,-0.1926,0.0632,1.0159
2283,-0.3733,0.0486,0.9417
2284,-0.3530,0.0703,0.9243
2285,-0.2510,0.0916,0.9419
2286,-0.0337,0.0315,0.9182
2287,0.0483,-0.0938,0.9390
2288,0.0469,-0.1626,0.9885
2289,-0.0706,-0.3237,1.0139
2290,-0.1377,-0.2197,1.0552
2291,-0.1821,-0.1902,0.9985
2292,-0.0718,-0.0051,1.0442
2293,0.0598,-0.0146,0.9602
2294,0.1970,0.0276,0.9683
2295,0.2251,0.0208,0.9407
2296,0.2297,-0.0886,0.9126
2297,0.1519,-0.1240,0.9651
2298,0.0601,-0.1003,0.9856
2299,0.0625,-0.0493,0.9563
2300,-0.0286,-0.0361,0.9683
2301,0.0098,0.1687,1.0317
2302,0.0103,-0.0149,0.9485
2303,0.0525,0.1265,1.0366
2304,0.0374,0.0876,0.9663
2305,0.0459,0.0959,0.9817
2306,-0.0225,0.1123,0.9585
2307,-0.1484,0.1426,0.9644
2308,-0.2234,0.2029,0.9719
2309,-0.3394,0.0659,0.9282
2310,-0.3267,0.1316,1.0142
2311,-0.3364,-0.0874,0.9834
2312,-0.1655,-0.0625,1.0317
2313,-0.0525,-0.1680,0.9856
2314,0.0996,0.0002,0.9924
2315,0.0789,0.0183,0.9250
2316,0.0664,0.2024,0.9534
2317,-0.0417,0.1475,0.8940
2318,-0.0540,0.1594,0.9670
2319,0.0974,0.0935,0.9614
2320,0.2930,-0.0891,0.9895
2321,0.5181,-0.0491,1.0784
2322,0.5408,-0.2141,1.0112
2323,0.3931,-0.0801,1.0725
2324,0.0916,-0.1189,0.9932
2325,-0.2310,-0.0662,0.9780
2326,-0.4470,0.0466,0.9797
2327,-0.4331,0.0742,0.9038
2328,-0.2412,0.0571,0.9075
2329,-0.0596,0.0212,0.9290
2330,0.0632,-0.0232,0.9526
2331,0.0349,-0.2104,0.9602
2332,-0.0793,-0.2600,1.0327
2333,-0.1799,-0.3022,1.0579
2334,-0.1672,-0.3240,1.0493
2335,-0.0071,-0.1338,1.0288
2336,0.1323,-0.0444,0.9778
2337,0.2571,0.0759,0.9739
2338,0.2471,0.0420,0.9006
2339,0.2126,0.1030,0.9302
2340,0.0635,-0.0161,0.9075
2341,-0.0076,-0.0283,0.9868
2342,-0.0540,-0.1338,0.9761
2343,-0.0471,-0.0886,1.0112
2344,-0.0098,0.0032,1.0181
2345,0.0208,0.0513,0.9751
2346,0.0903,0.1731,0.9915
2347,0.0579,0.2373,0.9800
2348,0.0535,0.2446,0.9673
2349,-0.0295,0.1560,0.9536
2350,-0.0986,0.1501,1.0063
2351,-0.1924,0.0190,0.9592
2352,-0.2351,-0.0063,0.9788
2353,-0.3022,0.0498,0.9995
2354,-0.2878,-0.0906,0.9700
2355,-0.2229,-0.0627,1.0122
2356,-0.1292,-0.0320,0.9875
2357,0.0005,-0.0103,0.9546
2358,0.0920,0.0029,0.9250
2359,0.0701,0.0559,0.9626
2360,0.0552,0.0815,0.9468
2361,0.0657,0.0376,0.9116
2362,0.1401,0.1692,1.0149
2363,0.2534,0.0166,0.9963
2364,0.4167,-0.0557,1.0364
2365,0.3669,-0.1189,1.0659
2366,0.2893,-0.1384,1.0161
2367,0.0596,-0.1758,0.9934
2368,-0.1753,0.0830,1.0054
2369,-0.3203,0.0369,0.8979
2370,-0.3098,0.1057,0.9553
2371,-0.2332,0.0530,0.9133
2372,-0.0859,-0.0371,0.9436
2373,-0.0381,-0.1418,0.9331
2374,-0.0911,-0.2808,0.9807
2375,-0.1208,-0.2605,1.0571
2376,-0.1562,-0.3394,1.0022
2377,-0.0654,-0.0991,1.0686
2378,0.0535,-0.0776,0.9683
2379,0.2024,-0.0254,0.9907
2380,0.2212,0.0891,1.0095
2381,0.2209,0.0068,0.9077
2382,0.1465,-0.0203,0.9448
2383,0.0776,0.0276,0.9709
2384,0.0293,-0.0491,0.9438
2385,0.0222,-0.0007,1.0002
2386,0.0244,0.0266,0.9729
2387,0.0203,0.0042,0.9778
2388,0.0134,0.0977,1.0073
2389,0.0081,0.1211,0.9758
2390,0.0315,0.1436,0.9778
2391,-0.0120,0.1660,1.0100
2392,-0.0459,0.2083,0.9937
2393,-0.1172,0.0444,0.9399
2394,-0.2012,0.1206,1.0063
2395,-0.2861,-0.0247,0.9849
2396,-0.3196,-0.1853,0.9927
2397,-0.2722,-0.1201,1.0100
2398,-0.1477,-0.1169,0.9751
2399,0.0234,-0.0757,0.9426
2400,0.1067,0.0122,0.9360
2401,0.1323,0.1926,0.9260
2402,0.0498,0.1050,0.8706
2403,-0.0005,0.2034,0.9583
2404,-0.0256,0.0530,0.9709
2405,0.1279,-0.0398,1.0317
2406,0.2769,-0.0845,1.0569
2407,0.4348,-0.0632,1.0640
2408,0.4624,-0.1177,1.0256
2409,0.2720,0.0107,1.0530
2410,-0.0349,0.0532,0.9885
2411,-0.3062,0.0723,0.9312
2412,-0.3972,0.1245,0.9133
2413,-0.3992,0.0464,0.9094
2414,-0.2139,-0.0022,0.9194
2415,-0.0779,-0.1272,0.9153
2416,0.0127,-0.1155,0.9993
2417,-0.0181,-0.3276,0.9758
2418,-0.0264,-0.2375,1.0874
2419,-0.1013,-0.2329,1.0383
2420,-0.0430,-0.1699,1.0188
2421,-0.0112,-0.0342,1.0178
2422,0.0859,0.0017,0.9614
2423,0.1682,0.0325,0.9280
2424,0.2043,0.1033,0.9360
2425,0.2241,0.0400,0.9329
2426,0.2163,-0.0120,0.9612
2427,0.1592,-0.0459,0.9719
2428,0.0718,-0.0479,1.0061
2429,0.0300,-0.0452,0.9907
2430,-0.0625,-0.0227,0.9966
2431,-0.0442,0.1697,1.0354
2432,-0.0283,0.0898,0.9419
2433,0.0547,0.2488,0.9944
2434,0.0127,0.1726,0.9358
2435,-0.0640,0.1260,0.9497
2436,-0.2087,0.0798,0.9700
2437,-0.3577,-0.0193,0.9543
2438,-0.4363,-0.0781,1.0061
2439,-0.3708,-0.0806,1.0256
2440,-0.1873,-0.1001,0.9993
2441,0.0032,-0.0876,1.0044
2442,0.2112,0.0444,0.9917
2443,0.1763,-0.0217,0.9250
2444,0.1165,0.1426,0.9858
2445,-0.0488,0.0767,0.8940
2446,-0.1160,0.1150,0.9553
2447,-0.0215,0.1121,0.9768
2448,0.1870,0.0303,0.9700
2449,0.4126,-0.0007,1.0198
2450,0.5161,-0.0020,1.0266
2451,0.4185,-0.0925,0.9963
2452,0.1250,-0.1140,1.0425
2453,-0.1292,0.0039,1.0071
2454,-0.4246,-0.0864,0.9475
2455,-0.3855,0.1631,0.9670
2456,-0.3035,-0.0310,0.8606
2457,-0.0803,0.1101,0.9878
2458,-0.0281,-0.1470,0.8860
2459,0.0552,-0.1177,1.0024
2460,-0.0723,-0.3049,1.0054
2461,-0.1267,-0.3625,1.0669
2462,-0.1421,-0.3545,1.0510
2463,-0.0540,-0.2124,1.0239
2464,0.0879,-0.0100,0.9778
2465,0.1602,-0.0046,0.9280
2466,0.2090,0.1284,0.9614
2467,0.1426,-0.0046,0.9045
2468,0.1340,0.0256,0.9517
2469,0.0803,-0.0300,0.9497
2470,0.0842,0.0132,0.9797
2471,0.1023,-0.0078,0.9790
2472,0.0862,0.1174,1.0266
2473,-0.0024,0.0767,1.0110
2474,0.0037,0.0837,1.0220
2475,-0.0686,0.1147,1.0151
2476,-0.0505,0.1782,0.9722
2477,-0.0693,0.1648,0.9253
2478,-0.1143,0.2866,0.9526
2479,-0.1860,0.1440,0.9292
2480,-0.2517,0.1287,0.9612
2481,-0.2976,-0.0229,0.9771
2482,-0.1887,-0.0515,1.0239
2483,-0.1057,-0.2537,1.0024
2484,0.0540,-0.1387,1.0569
2485,0.1199,-0.1223,0.9563
2486,0.0979,0.0691,0.9722
2487,0.0281,0.1487,0.9341
2488,-0.0588,0.0474,0.9299
2489,-0.0640,0.0691,1.0063
2490,0.0464,-0.0193,0.9331
2491,0.2429,-0.0798,0.9771
2492,0.3782,-0.0054,1.0298
2493,0.4319,-0.1008,0.9790
2494,0.2964,0.0200,1.0452
2495,0.0095,0.0195,0.9729
2496,-0.1885,-0.0352,0.9614
2497,-0.3232,-0.0032,1.0024
2498,-0.3003,-0.0125,0.9561
2499,-0.1470,-0.0652,0.9253
2500,-0.0493,-0.0396,0.9641
2501,-0.0425,-0.1018,0.9661
2502,-0.0662,-0.2046,0.9846
2503,-0.1516,-0.1106,1.0122
2504,-0.1704,-0.1262,1.0051
2505,-0.0505,-0.1370,1.0063
2506,0.0852,-0.0686,1.0063
2507,0.1775,-0.0247,0.9839
2508,0.2537,-0.1030,0.9458
2509,0.1736,-0.0789,0.9604
2510,0.1150,-0.1155,0.9712
2511,0.0552,-0.0574,0.9741
2512,0.0234,0.0002,0.9634
2513,0.0381,0.0466,0.9709
2514,0.0366,0.0703,1.0139
2515,0.0471,0.0667,0.9661
2516,0.0193,0.0703,0.9954
2517,-0.0063,0.1379,0.9709
2518,-0.0320,-0.0015,0.9231
2519,-0.0281,0.2261,1.0142
2520,-0.1218,0.0906,0.9006
2521,-0.1082,0.1711,0.9827
2522,-0.2021,0.0845,0.9653
2523,-0.2476,0.0732,1.0122
2524,-0.2500,-0.0083,1.0200
2525,-0.1724,0.0159,1.0112
2526,-0.0349,0.0212,1.0217
2527,0.0588,0.0286,1.0093
2528,0.1372,0.0596,0.9543
2529,0.1108,0.0852,0.9465
2530,-0.0034,0.0566,0.9370
2531,-0.0605,-0.0652,0.9272
2532,-0.0435,-0.0574,0.9683
2533,0.0554,-0.0391,0.9768
2534,0.2737,0.0190,0.9758
2535,0.3481,-0.0051,1.0042
2536,0.3667,0.0432,1.0403
2537,0.1694,-0.1167,0.9905
2538,0.0027,0.0527,1.0513
2539,-0.2422,-0.1077,0.9546
2540,-0.2744,-0.0627,1.0022
2541,-0.2700,-0.2029,0.9409
2542,-0.1499,-0.0789,0.9927
2543,-0.0562,-0.2356,0.9019
2544,0.0073,-0.1567,0.9438
2545,-0.0737,-0.1550,0.9995
2546,-0.0999,-0.1431,0.9768
2547,-0.0989,-0.1108,0.9937
2548,-0.0405,0.0857,1.0237
2549,0.0754,-0.0649,0.9563
2550,0.1660,0.0818,1.0276
2551,0.1565,0.0005,0.9585
2552,0.1262,-0.0168,0.9556
2553,0.0698,-0.0247,0.9839
2554,0.0388,0.0386,0.9722
2555,0.0437,0.0127,0.9697
2556,0.0591,0.1355,0.9934
2557,0.1108,0.0886,0.9624
2558,0.0454,0.1294,1.0071
2559,0.0115,0.1018,0.9702
2560,-0.0444,0.0930,0.9827
2561,-0.0757,0.0647,0.9817
2562,-0.0803,0.0339,0.9468
2563,-0.0913,0.0676,0.9614
2564,-0.0767,0.0730,0.9243
2565,-0.1223,0.0195,0.9556
2566,-0.2085,0.0168,1.0073
2567,-0.2329,-0.1133,1.0054
2568,-0.1743,-0.0972,1.0510
2569,-0.1047,-0.1633,1.0112
2570,0.0662,-0.0361,1.0229
2571,0.1155,0.0298,0.9546
2572,0.1074,0.1301,0.9377
2573,0.0300,0.1072,0.9087
2574,-0.0469,0.0803,0.9426
2575,-0.0276,0.0090,0.9380
2576,0.0781,-0.0264,0.9675
2577,0.2278,0.0022,1.0081
2578,0.3743,-0.0229,0.9937
2579,0.3752,0.0293,1.0610
2580,0.2183,0.0356,1.0276
2581,0.0071,-0.0457,0.9922
2582,-0.1929,0.0203,1.0376
2583,-0.3296,-0.1006,0.9565
2584,-0.2712,-0.1233,0.9436
2585,-0.1560,-0.0327,0.9358
2586,-0.0808,-0.0957,0.9036
2587,-0.0271,-0.1357,0.9470
2588,-0.0830,-0.1340,0.9661
2589,-0.1528,-0.1306,0.9990
2590,-0.1099,-0.2046,1.0061
2591,-0.0613,-0.1482,1.0188
2592,0.1011,-0.0461,1.0461
2593,0.1892,-0.0007,0.9788
2594,0.1729,0.0845,0.9771
2595,0.1177,0.0901,0.9661
2596,0.0447,0.0686,0.9456
2597,-0.0220,0.1055,0.9417
2598,0.0181,0.0742,0.9468
2599,0.0854,0.0623,0.9661
2600,0.1218,0.0198,0.9934
2601,0.0894,0.0618,1.0227
2602,0.0215,0.0227,0.9631
2603,-0.0559,0.0566,1.0042
2604,-0.1260,0.1174,1.0139
2605,-0.1360,-0.0171,0.9456
2606,-0.1047,0.0540,1.0042
2607,-0.1257,0.0330,0.9719
2608,-0.1104,-0.0857,0.9497
2609,-0.1272,-0.0767,1.0120
2610,-0.1436,-0.0872,0.9849
2611,-0.0925,-0.1184,0.9788
2612,-0.0176,-0.0437,0.9927
2613,0.0300,-0.0017,0.9565
2614,0.0872,0.0574,0.9575
2615,0.0652,0.1467,0.9377
2616,0.0129,0.0894,0.9253
2617,0.0225,0.0408,0.9846
2618,0.0269,-0.0059,0.9846
2619,0.1309,-0.0244,1.0190
2620,0.2717,0.0134,1.0142
2621,0.2935,-0.0095,0.9944
2622,0.2898,0.0391,1.0464
2623,0.1243,0.0261,0.9897
2624,-0.0686,0.0081,0.9670
2625,-0.1506,0.0269,0.9543
2626,-0.2222,0.0022,0.9312
2627,-0.1814,0.0112,0.9565
2628,-0.0964,-0.0684,0.8989
2629,-0.1396,-0.0425,0.9612
2630,-0.1687,-0.1377,0.9875
2631,-0.2056,-0.2517,0.9956
2632,-0.2385,-0.2644,1.0659
2633,-0.1248,-0.1831,1.0571
2634,0.0437,-0.1482,0.9951
2635,0.1885,0.0251,0.9875
2636,0.2400,0.1047,0.9438
2637,0.1663,0.1577,0.9331
2638,0.0571,0.0864,0.9116
2639,-0.0515,0.0461,0.9543
2640,-0.0205,-0.0767,0.9622
2641,0.0898,-0.0991,0.9800
2642,0.1760,-0.0249,1.0364
2643,0.2261,-0.0447,1.0032
2644,0.1609,-0.0327,1.0132
2645,-0.0349,0.1619,1.0637
2646,-0.1455,0.0085,0.9241
2647,-0.2361,0.0952,0.9661
2648,-0.2437,0.1589,0.9751
2649,-0.1553,0.0845,0.8958
2650,-0.0815,0.0439,0.9172
2651,-0.0725,0.0845,0.9702
2652,-0.0393,-0.1196,0.9634
2653,-0.0471,-0.1829,1.0220
2654,-0.0208,-0.1055,1.0520
2655,-0.0151,-0.1074,1.0122
2656,0.0403,-0.0254,1.0034
2657,0.0493,0.1597,0.9788
2658,0.0095,0.1311,0.9504
2659,0.0503,0.1548,0.9263
2660,0.0232,0.0500,0.9224
2661,0.0701,0.1030,1.0063
2662,0.1331,-0.1426,0.8987
2663,0.2271,0.0203,1.0315
2664,0.2324,-0.0122,0.9954
2665,0.1838,-0.0645,1.0093
2666,0.0474,-0.0029,1.0386
2667,-0.0684,0.0034,1.0054
2668,-0.1475,0.0222,0.9829
2669,-0.1436,0.0166,0.9390
2670,-0.1074,0.0518,0.9495
2671,-0.1248,-0.0273,0.9475
2672,-0.1216,-0.1116,0.9417
2673,-0.2041,-0.1289,0.9915
2674,-0.2126,-0.2026,0.9944
2675,-0.1941,-0.2529,1.0139
2676,-0.0828,-0.1558,1.0198
2677,0.0547,-0.1521,0.9712
2678,0.2175,0.0530,1.0051
2679,0.1467,0.0425,0.9136
2680,0.1313,0.1697,0.9719
2681,-0.0059,0.0959,0.9202
2682,-0.0591,0.0022,0.9546
2683,0.0010,0.0232,1.0366
2684,0.1443,-0.1040,0.9771
2685,0.2373,-0.1157,1.0227
2686,0.2717,0.0112,1.0552
2687,0.1599,-0.0303,0.9653
2688,-0.0085,0.0842,0.9915
2689,-0.1858,0.1653,0.9514
2690,-0.2751,0.1162,0.9299
2691,-0.2468,0.0933,0.9419
2692,-0.1924,0.0813,0.9299
2693,-0.1052,0.0110,0.9565
2694,-0.0518,-0.0701,0.9644
2695,-0.0500,-0.0815,1.0210
2696,-0.0588,-0.1245,1.0249
2697,-0.0461,-0.1228,1.0269
2698,-0.0168,0.0066,1.0405
2699,0.0063,-0.0371,0.9771
2700,0.0408,0.0791,0.9602
2701,0.0176,0.1499,0.9282
2702,0.0354,0.1846,0.9075
2703,0.0349,0.0857,0.8977
2704,0.0696,0.0859,0.9910
2705,0.1799,-0.0212,0.9917
2706,0.2817,-0.1582,1.0022
2707,0.3208,-0.0486,1.0676
2708,0.2156,-0.1289,1.0239
2709,0.0962,-0.0100,1.0354
2710,-0.1016,0.0312,0.9644
2711,-0.2090,0.1309,0.9634
2712,-0.2058,0.0906,0.9153
2713,-0.1636,0.0562,0.9224
2714,-0.1238,-0.0759,0.9409
2715,-0.1060,-0.2224,0.9546
2716,-0.1882,-0.2876,0.9885
2717,-0.2341,-0.2925,1.0178
2718,-0.1497,-0.2351,1.0278
2719,-0.0569,-0.1248,1.0149
2720,0.0981,0.0171,1.0266
2721,0.2446,0.0796,0.9524
2722,0.2065,0.0610,0.9409
2723,0.1614,0.1704,0.9800
2724,0.0085,-0.0322,0.9075
2725,0.0017,0.0879,0.9927
2726,-0.0356,-0.0225,0.9575
2727,0.1089,0.1218,1.0168
2728,0.1477,-0.0049,0.9448
2729,0.1814,0.1223,1.0481
2730,0.0630,0.0042,0.9829
2731,-0.0347,-0.0112,0.9788
2732,-0.1736,0.1008,0.9983
2733,-0.2073,0.0754,0.9238
2734,-0.1660,0.1116,0.9250
2735,-0.1787,0.1697,0.9563
2736,-0.1077,0.1255,0.9272
2737,-0.1335,-0.0813,0.9670
2738,-0.0923,-0.0505,1.0698
2739,-0.0586,-0.3167,1.0171
2740,0.0720,-0.1301,1.1086
2741,0.0430,-0.1565,0.9888
2742,0.0828,0.0386,1.0129
2743,0.0264,0.0520,0.9250
2744,-0.0515,0.2083,0.9231
2745,-0.0820,0.1335,0.8843
2746,-0.0593,0.0889,0.9075
2747,0.0820,0.0146,0.9407
2748,0.2039,-0.0886,0.9849
2749,0.3726,-0.0752,1.0452
2750,0.3745,-0.1433,1.0149
2751,0.2747,-0.0547,1.1011
2752,0.0603,0.0442,1.0413
2753,-0.1448,0.0127,0.9634
2754,-0.2244,0.1902,0.9915
2755,-0.2351,0.0144,0.8987
2756,-0.1218,0.0481,0.9465
2757,-0.0833,-0.0752,0.8853
2758,-0.0613,-0.0193,0.9534
2759,-0.1785,-0.1936,0.9329
2760,-0.2615,-0.2280,1.0032
2761,-0.2705,-0.1731,1.0708
2762,-0.1348,-0.2122,1.0171
2763,0.0369,-0.1252,1.0227
2764,0.2334,-0.0156,1.0334
2765,0.3413,0.0103,0.9407
2766,0.2522,0.0518,0.9653
2767,0.1335,0.1147,0.9514
2768,0.0042,-0.1016,0.8928
2769,-0.0469,0.0537,1.0269
2770,-0.0334,-0.0781,0.9380
2771,0.0784,-0.0320,0.9800
2772,0.0986,0.0183,0.9998
2773,0.0945,0.0762,1.0151
2774,-0.0146,0.0037,0.9749
2775,-0.0857,0.1140,0.9875
2776,-0.1743,0.1658,0.9697
2777,-0.1804,0.0806,0.9407
2778,-0.1746,0.0669,0.9634
2779,-0.1372,0.0874,0.9700
2780,-0.1382,-0.0256,0.9465
2781,-0.0730,0.0408,1.0063
2782,-0.0383,-0.0950,0.9946
2783,0.0073,-0.1035,1.0325
2784,-0.0098,-0.1042,1.0122
2785,0.0044,-0.0183,0.9907
2786,-0.0701,0.0159,0.9534
2787,-0.1013,0.0999,0.9604
2788,-0.0728,0.1074,0.9253
2789,0.0266,0.1384,0.9172
2790,0.1589,0.1252,0.9495
2791,0.3325,0.0085,0.9788
2792,0.4331,-0.0938,1.0188
2793,0.4231,-0.1350,1.0483
2794,0.3042,-0.1121,1.0178
2795,0.0933,-0.0498,1.0024
2796,-0.1140,0.1174,1.0081
2797,-0.2361,0.1101,0.9290
2798,-0.2302,0.1465,0.9478
2799,-0.1599,0.0220,0.9397
2800,-0.0979,-0.1331,0.9641
2801,-0.1184,-0.2178,0.9768
2802,-0.2229,-0.2126,0.9761
2803,-0.3315,-0.2283,1.0024
2804,-0.3130,-0.1289,1.0159
2805,-0.1680,-0.1150,1.0012
2806,0.0588,0.1074,1.0386
2807,0.3123,0.0117,0.8989
2808,0.3667,0.0593,0.9768
2809,0.2896,0.0852,0.9944
2810,0.1296,-0.1047,0.9263
2811,0.0056,-0.0063,1.0132
2812,-0.0928,-0.1157,0.9998
2813,0.0586,-0.0945,1.0337
2814,0.0596,-0.1570,0.9800
2815,0.1355,0.0527,1.0227
2816,0.0896,-0.0815,0.9153
2817,-0.0439,0.0708,0.9673
2818,-0.1724,0.1868,0.9526
2819,-0.2002,0.1370,0.8635
2820,-0.2549,0.1377,0.9553
2821,-0.1953,0.1226,0.9885
2822,-0.1467,-0.1992,0.9524
2823,-0.0625,-0.0601,1.0862
2824,-0.0012,-0.1853,0.9995
2825,0.0247,-0.1304,1.0601
2826,0.0532,0.0706,1.0383
2827,-0.0066,0.0928,0.9377
2828,-0.0498,0.2642,0.9858
2829,-0.1394,0.1824,0.9106
2830,-0.0801,0.1562,0.9155
2831,-0.0757,0.0708,0.9370
2832,0.1011,0.1057,0.9514
2833,0.2378,-0.0483,0.9250
2834,0.3850,0.1001,1.0459
2835,0.4202,0.0464,1.0005
2836,0.3608,-0.0186,1.0286
2837,0.1558,0.0632,1.0559
2838,-0.0247,-0.0408,0.9917
2839,-0.1726,-0.0198,1.0090
2840,-0.2310,-0.0474,0.9556
2841,-0.1260,-0.1370,0.9380
2842,-0.0808,-0.1184,0.9407
2843,-0.0388,-0.1033,0.9211
2844,-0.1072,-0.1587,0.9250
2845,-0.2705,-0.2148,0.9797
2846,-0.3608,-0.2468,1.0278
2847,-0.3110,-0.2751,1.0249
2848,-0.1064,-0.1721,1.0034
2849,0.1274,-0.0369,1.0286
2850,0.3545,0.0024,0.9631
2851,0.3540,-0.0012,0.9602
2852,0.2708,0.1804,0.9985
2853,0.0288,-0.0522,0.8967
2854,-0.0327,0.0090,1.0032
2855,-0.1177,-0.0862,0.9839
2856,-0.0046,-0.0771,1.0061
2857,0.0845,0.0083,0.9690
2858,0.1455,0.1362,0.9893
2859,0.0950,0.1458,0.9709
2860,-0.0168,0.0969,0.9573
2861,-0.1382,0.2363,0.9927
2862,-0.2290,0.1211,0.9351
2863,-0.2332,0.0955,0.9553
2864,-0.2402,0.0137,0.9819
2865,-0.1262,0.0806,1.0149
2866,-0.0525,-0.0830,0.9419
2867,0.0278,0.0320,1.0510
2868,0.0339,-0.0696,1.0073
2869,0.0107,-0.0530,1.0190
2870,-0.0845,0.0486,0.9976
2871,-0.1692,0.0732,0.9456
2872,-0.1484,0.0479,0.9290
2873,-0.1453,0.1023,0.9563
2874,-0.0081,0.0796,0.9277
2875,0.1714,-0.0044,0.8960
2876,0.3013,0.0439,1.0139
2877,0.4314,0.0190,1.0295
2878,0.5266,-0.1516,0.9800
2879,0.4365,0.0115,1.0774
2880,0.2192,-0.0894,1.0344
2881,0.0664,-0.1038,1.0178
2882,-0.1794,-0.0867,0.9888
2883,-0.2495,0.0908,0.9917
2884,-0.1929,-0.0549,0.8423
2885,-0.1521,0.0222,0.9233
2886,-0.1379,0.0281,0.9448
2887,-0.1843,-0.1877,0.9009
2888,-0.2847,-0.1736,1.0054
2889,-0.3474,-0.2524,1.0461
2890,-0.2583,-0.3718,1.0405
2891,-0.1128,-0.2021,1.0552
2892,0.1475,-0.0293,1.0286
2893,0.3120,0.0571,0.9585
2894,0.3259,0.1101,0.9348
2895,0.2168,0.2239,0.9768
2896,0.1240,0.1089,0.8938
2897,-0.0239,0.0076,0.9226
2898,-0.0095,0.0249,1.0366
2899,0.0310,-0.1855,0.9514
2900,0.0703,-0.1055,1.0461
2901,0.0798,0.0828,1.0200
2902,0.0122,-0.0208,0.9319
2903,-0.0767,0.2495,1.0112
2904,-0.1768,0.2271,0.9175
2905,-0.1870,0.2407,0.9585
2906,-0.2144,0.0977,0.9380
2907,-0.1797,0.0300,1.0110
2908,-0.1187,-0.0964,0.9946
2909,-0.0303,-0.0435,0.9819
2910,-0.0232,0.0371,1.0188
2911,-0.0208,-0.0063,1.0068
2912,-0.0251,-0.0107,1.0061
2913,-0.0911,0.0381,1.0012
2914,-0.1118,0.0059,0.9624
2915,-0.1228,-0.0894,0.9309
2916,-0.0786,-0.0833,0.9888
2917,0.0110,0.0127,0.9846
2918,0.1724,-0.0156,0.9026
2919,0.3081,0.1038,0.9670
2920,0.4077,0.1174,0.9915
2921,0.4514,-0.0674,0.9731
2922,0.3831,0.0059,1.0308
2923,0.1858,-0.0688,1.0181
2924,0.0154,-0.1543,1.0051
2925,-0.1382,-0.1411,0.9927
2926,-0.2085,-0.0088,0.9888
2927,-0.1882,-0.0540,0.8977
2928,-0.1191,0.0771,0.9292
2929,-0.1006,0.0620,0.9399
2930,-0.1816,-0.0986,0.9438
2931,-0.2791,-0.1504,0.9954
2932,-0.3606,-0.2620,1.0259
2933,-0.2612,-0.1921,1.0649
2934,-0.0479,-0.1965,1.0005
2935,0.1836,0.0281,1.0383
2936,0.3765,0.0879,0.9475
2937,0.3672,0.0640,0.9233
2938,0.2444,0.1377,0.9749
2939,0.0017,-0.0420,0.9153
2940,-0.0769,-0.0215,0.9790
2941,-0.1655,-0.0964,0.9653
2942,-0.0491,-0.0164,1.0168
2943,0.0388,-0.0164,0.9858
2944,0.1343,0.1123,1.0051
2945,0.0918,0.1343,0.9858
2946,0.0247,0.0986,0.9653
2947,-0.1106,0.1016,0.9692
2948,-0.1943,0.0823,0.9504
2949,-0.2102,0.0903,0.9409
2950,-0.2397,0.0623,0.9429
2951,-0.1370,0.0601,0.9722
2952,-0.0564,-0.0483,0.9836
2953,-0.0071,-0.0154,1.0249
2954,0.0234,-0.1462,1.0012
2955,0.0100,-0.0845,1.0640
2956,-0.0686,-0.1255,1.0024
2957,-0.1350,-0.0205,1.0005
2958,-0.1636,0.0808,0.9487
2959,-0.1418,0.0264,0.8979
2960,0.0134,0.1311,0.9543
2961,0.1279,0.0464,0.8987
2962,0.3716,0.0793,0.9417
2963,0.4460,-0.0022,0.9790
2964,0.4973,0.0259,1.0259
2965,0.3718,-0.0979,1.0061
2966,0.1416,0.0305,1.1028
2967,-0.0681,-0.0835,1.0139
2968,-0.1904,-0.1116,1.0168
2969,-0.2537,0.0613,1.0247
2970,-0.1521,-0.0393,0.8831
2971,-0.0349,0.0498,0.9155
2972,-0.0637,0.1267,0.9243
2973,-0.1411,-0.0510,0.8950
2974,-0.2380,-0.0757,0.9485
2975,-0.3730,-0.1626,0.9934
2976,-0.2483,-0.2070,1.0334
2977,-0.1045,-0.2986,1.0220
2978,0.1877,-0.0627,1.0806
2979,0.3489,-0.1130,0.9839
2980,0.3762,0.0552,1.0054
2981,0.2029,0.0305,0.9351
2982,0.0598,0.0396,0.9438
2983,-0.1221,0.0750,0.9397
2984,-0.1440,-0.0066,0.9556
2985,-0.0254,-0.0432,0.9731
2986,0.0107,-0.1335,0.9944
2987,0.1348,0.0359,1.0415
2988,0.0742,-0.1077,0.9055
2989,0.0129,0.1514,1.0171
2990,-0.1194,0.1567,0.9360
2991,-0.1743,0.1968,0.9565
2992,-0.2036,0.2197,0.9653
2993,-0.1702,0.0784,0.9575
2994,-0.1409,0.0122,1.0063
2995,-0.0881,-0.0889,1.0239
2996,-0.0396,-0.0969,1.0239
2997,-0.0679,-0.1746,1.0142
2998,-0.0425,0.0034,1.0413
2999,-0.0908,-0.0017,0.9495
3000,-0.0999,0.1113,0.9387
3001,-0.1465,0.1211,0.9192
3002,-0.0842,0.1262,0.9241
3003,-0.0437,0.0081,0.9143
3004,0.1138,0.0435,0.9680
3005,0.2646,-0.0449,0.9868
3006,0.4309,-0.0012,1.0249
3007,0.5063,-0.0178,1.0334
3008,0.4700,-0.0125,1.0425
3009,0.3135,-0.0037,1.0073
3010,0.0676,0.0044,1.0366
3011,-0.1421,0.0083,0.9966
3012,-0.2742,-0.1121,0.9163
3013,-0.1985,0.0669,0.9819
3014,-0.1335,-0.0046,0.8645
3015,-0.0222,-0.0125,0.8892
3016,-0.0645,-0.0044,0.9692
3017,-0.2207,-0.1501,0.9905
3018,-0.3582,-0.3123,0.9868
3019,-0.3872,-0.2058,1.0903
3020,-0.2559,-0.2266,1.0364
3021,-0.0066,-0.2747,0.9980
3022,0.2935,0.0791,1.0525
3023,0.3997,-0.0020,0.9106
3024,0.4036,0.1372,0.9487
3025,0.1409,0.1470,0.9106
3026,0.0085,0.0413,0.9319
3027,-0.1167,-0.0408,0.9565
3028,-0.1174,-0.0002,1.0188
3029,-0.0171,-0.1091,0.9971
3030,0.0740,-0.0884,1.0298
3031,0.0979,0.0337,1.0269
3032,0.0442,0.0281,0.9778
3033,-0.0630,0.1887,0.9543
3034,-0.2119,0.1885,0.9360
3035,-0.2229,0.2341,0.9561
3036,-0.2524,0.0566,0.9253
3037,-0.1348,0.0486,0.9966
3038,-0.0532,-0.1938,0.9729
3039,0.0845,-0.1250,1.0452
3040,0.0483,-0.2161,0.9897
3041,-0.0024,-0.0430,1.0181
3042,-0.1155,-0.0005,0.9771
3043,-0.2136,0.1196,0.9690
3044,-0.2593,0.1453,0.9341
3045,-0.1863,0.1394,0.9250
3046,0.0022,0.0625,0.9211
3047,0.1804,0.0869,0.9712
3048,0.3430,0.0317,0.9624
3049,0.4644,0.0222,0.9983
3050,0.4475,0.0049,1.0396
3051,0.3677,-0.0061,1.0344
3052,0.2678,-0.0093,1.0386
3053,0.0217,0.0347,1.0161
3054,-0.1072,-0.0061,0.9739
3055,-0.1587,0.0635,0.9731
3056,-0.1912,0.0852,0.9299
3057,-0.0872,0.0420,0.8987
3058,-0.0818,0.0090,0.9534
3059,-0.1160,-0.0618,0.9680
3060,-0.2151,-0.2820,0.9456
3061,-0.3091,-0.1868,1.0503
3062,-0.3511,-0.2546,0.9976
3063,-0.1831,-0.1694,1.0208
3064,-0.0051,-0.0232,1.0229
3065,0.2664,0.0208,0.9546
3066,0.3894,0.0227,0.9595
3067,0.3372,0.0869,0.9927
3068,0.2158,-0.0981,0.9534
3069,0.0349,-0.1265,0.9895
3070,-0.1086,-0.1165,1.0103
3071,-0.0940,-0.1667,0.9819
3072,-0.0496,-0.0908,0.9778
3073,-0.0066,0.0249,0.9956
3074,0.0688,0.0461,0.9436
3075,0.0217,0.0459,0.9241
3076,-0.0076,0.1465,0.9673
3077,-0.0884,0.0493,0.9321
3078,-0.1802,0.0710,0.9546
3079,-0.2007,0.1187,0.9878
3080,-0.2056,0.0886,0.9927
3081,-0.1619,0.0225,1.0061
3082,-0.0879,-0.0005,1.0510
3083,-0.0203,-0.0503,1.0305
3084,0.0107,-0.0896,0.9839
3085,-0.0271,0.0681,1.0042
3086,-0.0808,0.1055,0.9426
3087,-0.1626,0.1106,0.9124
3088,-0.1882,0.2236,0.9133
3089,-0.1396,0.1504,0.9185
3090,0.0532,0.1162,0.9407
3091,0.2122,-0.0500,0.9683
3092,0.4534,0.0498,1.0815
3093,0.5637,-0.1765,0.9761
3094,0.5586,-0.0215,1.0972
3095,0.3462,-0.0085,1.0481
3096,0.1035,-0.0229,0.9788
3097,-0.1687,0.0461,0.9895
3098,-0.3416,0.0403,0.9583
3099,-0.2634,-0.0999,0.8958
3100,-0.1721,-0.0645,0.9297
3101,-0.0005,-0.0554,0.9338
3102,0.0493,-0.1816,0.8967
3103,-0.1040,-0.0981,1.0024
3104,-0.2693,-0.1230,1.0022
3105,-0.3596,-0.2534,0.9944
3106,-0.3542,-0.0962,1.0657
3107,-0.1360,-0.1555,1.0259
3108,0.1597,-0.0825,1.0071
3109,0.3357,-0.0444,0.9722
3110,0.4478,0.0962,0.9836
3111,0.3081,0.0103,0.9055
3112,0.1736,0.1064,0.9614
3113,0.0142,0.0044,0.9436
3114,-0.1357,-0.1101,0.9927
3115,-0.0735,-0.1147,1.0315
3116,-0.0562,-0.1948,0.9817
3117,0.0466,-0.0212,1.0015
3118,0.0571,0.0381,0.9329
3119,0.0205,0.2419,0.9563
3120,-0.0881,0.2461,0.9312
3121,-0.1833,0.2656,0.9573
3122,-0.3086,0.0986,0.9634
3123,-0.2859,0.0342,1.0129
3124,-0.2329,-0.1094,1.0110
3125,-0.0974,-0.0930,1.0461
3126,0.0366,-0.0427,1.0249
3127,0.0837,0.0249,0.9829
3128,0.0435,0.1304,0.9673
3129,-0.0979,0.1956,0.9321
3130,-0.2305,0.1426,0.9116
3131,-0.2603,0.1421,0.9487
3132,-0.1772,0.0090,0.9348
3133,0.0466,-0.0496,0.9624
3134,0.3062,0.0085,1.0227
3135,0.5422,-0.0444,0.9966
3136,0.6172,-0.0603,1.0364
3137,0.5383,-0.0100,1.0688
3138,0.2639,-0.1375,0.9946
3139,0.0190,-0.0366,1.0171
3140,-0.2417,-0.0002,0.9448
3141,-0.3091,0.0029,0.9438
3142,-0.2222,0.0349,0.9146
3143,-0.0940,-0.0601,0.9241
3144,0.0320,-0.0869,0.9592
3145,0.0115,-0.2712,0.9243
3146,-0.1216,-0.1753,1.0278
3147,-0.3113,-0.2456,0.9807
3148,-0.3435,-0.1389,1.0471
3149,-0.2686,-0.0491,1.0237
3150,-0.0142,-0.0291,0.9866
3151,0.2815,0.0481,1.0044
3152,0.4084,-0.0042,0.9565
3153,0.4224,-0.0232,0.9514
3154,0.2229,-0.0608,0.9614
3155,0.0078,-0.0540,0.9614
3156,-0.1409,-0.0632,0.9653
3157,-0.1660,0.0747,0.9956
3158,-0.0979,0.0217,0.9800
3159,0.0640,0.0864,1.0034
3160,0.1487,0.0332,0.9631
3161,0.1768,0.1140,0.9946
3162,0.1013,0.0527,0.9380
3163,-0.0549,0.1316,0.9771
3164,-0.2397,0.1770,0.9651
3165,-0.3269,0.2219,0.9485
3166,-0.3518,0.1775,0.9504
3167,-0.3123,0.0950,0.9934
3168,-0.1521,0.0164,1.0396
3169,-0.0725,-0.0852,1.0295
3170,0.0229,-0.0759,1.0364
3171,-0.0071,-0.0874,1.0061
3172,-0.0825,0.0261,0.9885
3173,-0.1924,0.0459,0.9299
3174,-0.2119,0.0852,0.8987
3175,-0.1689,0.0442,0.9163
3176,0.0928,0.0305,0.9604
3177,0.3518,-0.1433,0.9429
3178,0.5894,-0.1289,1.0217
3179,0.7388,-0.1338,1.0129
3180,0.6099,-0.1516,1.0354
3181,0.3345,-0.0798,1.0500
3182,-0.0637,-0.1482,1.0083
3183,-0.3145,-0.0183,1.0334
3184,-0.4294,-0.0830,0.9348
3185,-0.2847,-0.0452,0.9194
3186,-0.1001,-0.0583,0.9153
3187,0.0273,0.0120,0.9358
3188,0.0229,-0.0630,0.8762
3189,-0.1570,-0.0112,0.9534
3190,-0.3403,-0.0344,1.0142
3191,-0.3789,-0.1704,1.0090
3192,-0.2363,-0.0583,1.0754
3193,0.0317,-0.0483,1.0315
3194,0.3547,-0.0220,1.0132
3195,0.4368,0.0537,1.0044
3196,0.3733,0.0525,0.9644
3197,0.1824,0.0071,0.9243
3198,-0.0156,0.1113,0.9663
3199,-0.1211,-0.0022,0.9575
3200,-0.1338,-0.0808,0.9634
3201,-0.0408,-0.0051,0.9985
3202,0.0774,0.0789,0.9692
3203,0.1206,0.0547,0.9348
3204,0.0933,0.1775,0.9788
3205,-0.0034,0.1252,0.9700
3206,-0.1375,0.1665,0.9917
3207,-0.2075,0.0588,0.9448
3208,-0.2495,0.0291,1.0054
3209,-0.2070,0.0193,1.0396
3210,-0.1389,-0.0840,0.9651
3211,-0.0896,-0.0068,1.0266
3212,-0.0659,0.0137,1.0054
3213,-0.0120,-0.0649,0.9399
3214,-0.1045,0.0828,0.9993
3215,-0.1240,0.1116,0.9583
3216,-0.1819,-0.0947,0.8833
3217,-0.2222,0.0256,0.9917
3218,-0.1230,-0.0024,0.9402
3219,0.0771,-0.1167,0.9016
3220,0.2261,0.0598,1.0286
3221,0.4209,0.0288,1.0354
3222,0.5679,-0.1138,0.9905
3223,0.5208,0.0098,1.0728
3224,0.3560,-0.0283,1.0325
3225,0.1125,-0.2051,0.9768
3226,-0.1477,-0.0081,1.0383
3227,-0.3442,-0.0623,0.9351
3228,-0.2988,-0.0320,0.9062
3229,-0.1985,0.0388,0.9150
3230,-0.0425,-0.0540,0.9368
3231,0.0381,-0.2014,0.9341
3232,-0.0688,-0.1670,0.9937
3233,-0.1912,-0.1487,1.0149
3234,-0.2490,-0.1929,0.9934
3235,-0.2466,-0.0349,1.0383
3236,-0.0864,0.0527,1.0239
3237,0.1941,0.1431,0.9722
3238,0.3086,0.0444,0.9526
3239,0.3706,0.0540,1.0120
3240,0.3064,-0.1816,0.9543
3241,0.1660,-0.1458,0.9866
3242,-0.0181,-0.0981,0.9829
3243,-0.0823,0.0178,0.9778
3244,-0.1333,0.0540,0.9507
3245,-0.0645,0.2715,0.9739
3246,0.0271,0.1970,0.9045
3247,0.0942,0.2356,0.9524
3248,0.0671,0.1282,0.9768
3249,0.0352,0.0332,0.9751
3250,-0.1467,-0.0525,0.9927
3251,-0.2617,0.0818,1.0347
3252,-0.3162,-0.0537,0.9670
3253,-0.3254,0.1074,1.0542
3254,-0.2515,0.0146,1.0181
3255,-0.0845,-0.0276,1.0076
3256,-0.0251,-0.0371,0.9966
3257,0.0139,0.0151,0.9534
3258,-0.0266,-0.0315,0.8997
3259,-0.1599,0.1213,0.9456
3260,-0.2222,-0.0061,0.8921
3261,-0.1348,-0.0681,0.9236
3262,0.0220,-0.0964,0.9866
3263,0.3459,-0.1357,1.0132
3264,0.6069,-0.1987,1.0110
3265,0.7124,-0.0393,1.0764
3266,0.6216,-0.0281,1.0295
3267,0.3188,0.0251,1.0139
3268,-0.0935,0.1145,1.0061
3269,-0.3601,0.0476,0.9768
3270,-0.4651,-0.0051,0.9602
3271,-0.3250,-0.0732,0.9397
3272,-0.0972,-0.1091,0.9185
3273,0.1226,-0.0669,0.9172
3274,0.1047,-0.0237,0.9292
3275,-0.0928,-0.0383,0.9771
3276,-0.3083,-0.0664,0.9875
3277,-0.4260,-0.0798,1.0403
3278,-0.2869,-0.0437,1.0369
3279,0.0085,-0.1467,0.9839
3280,0.3306,0.0466,1.0471
3281,0.4504,-0.0259,0.9946
3282,0.4758,0.0112,0.9644
3283,0.2048,-0.0825,0.9377
3284,0.0344,0.0886,1.0100
3285,-0.1582,-0.1819,0.8794
3286,-0.1621,-0.0129,1.0200
3287,-0.0947,-0.0427,0.9673
3288,0.0552,-0.0068,0.9751
3289,0.1772,0.1624,0.9592
3290,0.1458,0.1243,0.9263
3291,0.0627,0.1909,0.9858
3292,-0.1418,0.0823,0.9646
3293,-0.2573,0.1060,1.0122
3294,-0.3706,-0.0720,0.9771
3295,-0.3135,0.0208,1.0444
3296,-0.2271,-0.0610,1.0161
3297,-0.0789,-0.0701,1.0061
3298,-0.0156,0.0088,0.9944
3299,0.0144,0.0518,0.9595
3300,-0.0068,0.0715,0.9368
3301,-0.0972,0.0127,0.9189
3302,-0.1792,0.0029,0.9526
3303,-0.1653,0.0056,0.9465
3304,-0.0391,-0.0791,0.9067
3305,0.1409,-0.0076,0.9761
3306,0.3411,0.0574,1.0220
3307,0.5110,0.0605,1.0054
3308,0.5317,0.0515,1.0198
3309,0.4084,0.0771,1.0737
3310,0.1624,-0.0293,1.0474
3311,-0.1055,-0.1028,0.9956
3312,-0.2969,-0.0474,0.9971
3313,-0.3367,0.0212,0.9573
3314,-0.2227,0.0171,0.8755
3315,-0.0537,0.1199,0.8975
3316,0.0437,0.0872,0.9094
3317,-0.0093,-0.0469,0.9231
3318,-0.1213,-0.1292,0.9897
3319,-0.2368,-0.1809,1.0444
3320,-0.2563,-0.3250,1.0278
3321,-0.1233,-0.2131,1.0825
3322,0.0701,-0.1206,1.0520
3323,0.2808,-0.0586,0.9924
3324,0.3237,0.0205,0.9661
3325,0.2529,0.0518,0.9478
3326,0.1484,-0.0781,0.9202
3327,-0.0051,-0.0862,0.9343
3328,-0.0833,-0.0850,0.9653
3329,-0.0422,-0.0259,0.9653
3330,0.0059,-0.0208,0.9497
3331,0.0957,0.1218,1.0237
3332,0.1067,0.0640,0.9692
3333,0.1001,0.0869,0.9946
3334,0.0208,0.1431,1.0034
3335,-0.1021,0.0918,0.9849
3336,-0.2112,0.0618,0.9829
3337,-0.2993,0.1030,0.9917
3338,-0.3152,0.1067,0.9827
3339,-0.2668,0.0435,0.9507
3340,-0.1907,0.0654,1.0071
3341,-0.0840,-0.0298,0.9729
3342,0.0393,-0.0728,0.9575
3343,0.0410,0.0227,0.9758
3344,-0.0176,-0.0029,0.9487
3345,-0.0762,-0.0215,0.9536
3346,-0.1411,0.0200,0.9739
3347,-0.0779,0.0334,0.9592
3348,0.0596,-0.0166,0.9771
3349,0.2903,0.0203,1.0005
3350,0.4417,-0.0549,1.0361
3351,0.5640,0.0605,1.0266
3352,0.4163,-0.0740,0.9556
3353,0.2363,0.1643,1.0422
3354,-0.1211,-0.1348,0.9260
3355,-0.3040,-0.0063,1.0159
3356,-0.4294,-0.1284,0.9329
3357,-0.2693,0.0095,0.9417
3358,-0.1194,-0.0540,0.8784
3359,0.0022,0.1113,0.9709
3360,0.0098,0.0017,0.9585
3361,-0.0632,-0.0781,0.9976
3362,-0.1372,-0.0984,1.0688
3363,-0.1509,-0.2429,1.0591
3364,-0.0164,-0.2791,1.0415
3365,0.1160,-0.1633,1.0469
3366,0.2407,-0.0317,0.9817
3367,0.2681,-0.0364,0.8762
3368,0.2134,0.0742,0.9204
3369,0.1169,0.0364,0.9221
3370,0.0178,-0.0874,0.9146
3371,-0.0466,-0.0420,0.9778
3372,-0.0781,-0.0696,1.0122
3373,-0.0146,-0.0918,1.0112
3374,0.0564,0.0049,1.0137
3375,0.1458,0.1838,1.0327
3376,0.1384,0.1165,0.9680
3377,0.1082,0.1689,0.9836
3378,-0.0637,0.1135,0.9788
3379,-0.2148,0.0957,0.9563
3380,-0.3455,-0.0239,0.9045
3381,-0.4255,0.0857,0.9949
3382,-0.4077,0.0249,0.9775
3383,-0.2742,-0.0212,0.9749
3384,-0.1409,0.0640,1.0034
3385,0.0310,0.0127,0.9854
3386,0.1174,0.0168,0.9839
3387,0.0571,0.0276,0.9875
3388,0.0054,0.0400,0.9836
3389,-0.0815,-0.1006,0.9338
3390,-0.0305,0.0232,0.9937
3391,0.1184,-0.0229,0.9631
3392,0.3257,0.0159,0.9612
3393,0.4907,0.0356,0.9915
3394,0.5435,0.1099,1.0198
3395,0.3733,-0.0574,0.9614
3396,0.1331,0.0735,1.0337
3397,-0.2219,-0.0764,0.9954
3398,-0.3687,-0.0452,1.0059
3399,-0.3962,-0.1064,0.9172
3400,-0.2468,0.1123,0.9817
3401,-0.0500,0.0203,0.8579
3402,0.0232,0.0549,0.9133
3403,-0.0298,0.0703,0.9917
3404,-0.1636,-0.1611,0.9768
3405,-0.2205,-0.2249,1.0559
3406,-0.1826,-0.2344,1.0569
3407,0.0024,-0.1995,1.0591
3408,0.2441,-0.0811,1.0149
3409,0.3313,-0.0154,0.9575
3410,0.3079,0.1060,0.9761
3411,0.2156,-0.0042,0.8804
3412,0.0708,0.0022,0.9224
3413,-0.0574,-0.0698,0.9534
3414,-0.0730,-0.1589,0.9524
3415,-0.0786,-0.1335,0.9995
3416,0.0208,-0.0127,1.0120
3417,0.0630,-0.0208,0.9797
3418,0.1084,0.1538,1.0220
3419,0.0613,0.1663,0.9897
3420,-0.0281,0.1467,0.9709
3421,-0.1567,0.0781,0.9575
3422,-0.2590,0.1228,1.0100
3423,-0.2869,0.0098,0.9329
3424,-0.2693,0.0044,0.9700
3425,-0.2034,0.0703,1.0112
3426,-0.0999,-0.1274,0.9553
3427,0.0200,0.0022,1.0229
3428,0.0212,-0.0251,0.9583
3429,0.0598,0.0603,0.9858
3430,-0.0295,0.0920,0.9431
3431,-0.0903,0.1118,0.9741
3432,-0.0447,0.0923,0.9553
3433,0.0002,-0.0073,0.9514
3434,0.1948,0.0676,1.0081
3435,0.3696,-0.1030,0.9602
3436,0.4702,-0.0251,1.0481
3437,0.3611,-0.0811,1.0256
3438,0.2278,-0.0195,0.9976
3439,-0.1033,-0.0132,0.9778
3440,-0.2561,0.1265,1.0122
3441,-0.3130,-0.0349,0.9048
3442,-0.2712,0.0205,0.9712
3443,-0.1179,0.0000,0.9253
3444,-0.0334,-0.1777,0.9109
3445,-0.0542,-0.0693,0.9993
3446,-0.1218,-0.2371,0.9526
3447,-0.1096,-0.1431,1.0188
3448,-0.1577,-0.1465,1.0083
3449,0.0125,-0.0874,1.0452
3450,0.1140,-0.1858,0.9858
3451,0.1899,0.0044,1.0442
3452,0.2090,0.0098,0.9556
3453,0.1736,-0.0410,0.8931
3454,0.0771,0.0569,0.9827
3455,0.0364,-0.0193,0.9702
3456,0.0603,-0.0261,0.9409
3457,0.0251,0.0078,0.9817
3458,0.0496,0.0457,1.0110
3459,0.0378,-0.1062,0.9526
3460,0.0291,0.1477,1.0354
3461,-0.0110,0.1082,0.9575
3462,0.0171,0.1367,0.9590
3463,-0.0752,0.1594,0.9722
3464,-0.0930,0.1748,0.9976
3465,-0.1184,-0.0273,0.9231
3466,-0.2332,-0.0098,1.0032
3467,-0.2500,-0.0579,1.0181
3468,-0.2461,-0.1689,0.9663
3469,-0.1809,-0.0339,1.0288
3470,-0.0747,0.0020,1.0005
3471,0.0835,0.0273,0.9495
3472,0.1296,0.1243,0.9456
3473,0.1289,0.1360,0.9329
3474,0.0625,0.0664,0.9143
3475,-0.0212,0.1006,0.9688
3476,-0.0261,0.0938,0.9907
3477,0.0750,-0.0571,0.9556
3478,0.1992,0.0249,1.0503
3479,0.2896,0.0110,1.0500
3480,0.3420,-0.0618,0.9976
3481,0.1707,0.0061,1.0452
3482,-0.0088,0.1064,1.0132
3483,-0.1882,-0.0273,0.8987
3484,-0.3259,0.1375,0.9846
3485,-0.3074,-0.0222,0.9084
3486,-0.1863,-0.1870,0.9250
3487,-0.1353,-0.1592,0.9734
3488,-0.0378,-0.2407,0.9641
3489,0.0288,-0.3179,0.9846
3490,-0.0273,-0.2615,1.0688
3491,0.0300,-0.2122,1.0435
3492,0.0352,-0.1599,0.9768
3493,0.0938,0.1174,1.0198
3494,0.0981,-0.0322,0.9221
3495,0.1187,0.0081,0.9768
3496,0.1028,0.0156,0.9526
3497,0.1135,-0.0300,0.9165
3498,0.0808,-0.0571,0.9409
3499,0.0752,-0.0012,0.9758
3500,0.0071,-0.0576,0.9956
3501,-0.0042,0.0610,0.9875
3502,-0.0146,-0.0151,0.9595
3503,-0.0022,0.1606,1.0620
3504,0.0327,0.0366,0.9595
3505,0.0554,0.1216,0.9849
3506,0.0000,0.1675,0.9819
3507,-0.0852,0.1125,0.9543
3508,-0.1960,-0.0383,0.9436
3509,-0.3425,0.0076,1.0046
3510,-0.3201,-0.0940,0.9944
3511,-0.2441,-0.1516,0.9612
3512,-0.1018,0.0044,1.0295
3513,0.0884,0.0540,0.9788
3514,0.1765,0.0667,0.9221
3515,0.1279,0.3411,0.9895
3516,0.0579,0.2109,0.9009
3517,-0.0554,0.1704,0.9487
3518,-0.1377,0.1472,1.0120
3519,-0.0105,-0.0037,0.9985
3520,0.1206,-0.0732,1.0095
3521,0.2900,0.0437,1.0559
3522,0.4497,-0.0034,0.9866
3523,0.3606,0.0132,0.9761
3524,0.1372,0.1086,1.0061
3525,-0.1125,-0.0178,0.9429
3526,-0.3110,-0.0193,0.9536
3527,-0.3767,-0.0632,0.9341
3528,-0.2773,-0.1792,0.9224
3529,-0.1431,-0.1941,0.9585
3530,-0.0339,-0.2192,0.9622
3531,0.0298,-0.2710,0.9719
3532,0.0088,-0.2480,1.0305
3533,-0.0396,-0.2720,1.0540
3534,-0.0237,-0.2732,1.0498
3535,0.0276,-0.1755,1.0317
3536,0.0833,-0.0115,1.0024
3537,0.1392,0.0730,0.9172
3538,0.1509,0.1145,0.8928
3539,0.0696,0.1587,0.9683
3540,0.0454,0.0688,0.9202
3541,-0.0168,-0.0696,0.9163
3542,0.0068,0.0872,1.0278
3543,0.0532,-0.1108,0.9661
3544,0.0977,0.0188,1.0513
3545,0.0645,0.1514,1.0305
3546,0.0359,0.1450,0.9683
3547,-0.0408,0.1970,0.9895
3548,-0.0869,0.1733,0.9810
3549,-0.1365,-0.0142,0.9465
3550,-0.1624,-0.0210,0.9817
3551,-0.1453,-0.0808,0.9583
3552,-0.1514,-0.1787,0.9514
3553,-0.0952,-0.0652,0.9956
3554,-0.0608,-0.0386,0.9878
3555,0.0017,0.0315,0.9846
3556,0.0339,0.0608,0.9595
3557,0.0442,0.0972,0.9839
3558,0.0459,0.0896,0.9543
3559,0.0103,0.1184,0.9536
3560,-0.0215,0.1396,0.9771
3561,0.0010,0.0986,0.9739
3562,0.0481,0.1167,0.9858
3563,0.0986,0.0793,0.9817
3564,0.2236,0.0867,0.9963
3565,0.2117,0.0220,0.9907
3566,0.2021,0.0649,1.0266
3567,0.0886,0.0071,0.9868
3568,-0.0725,-0.0430,0.9937
3569,-0.1721,-0.0786,0.9790
3570,-0.2332,-0.1848,0.9465
3571,-0.2124,-0.1238,0.9517
3572,-0.1899,-0.2205,0.9146
3573,-0.1299,-0.2202,0.9680
3574,-0.0801,-0.2661,0.9807
3575,-0.0110,-0.1951,0.9973
3576,0.0396,-0.1873,1.0269
3577,0.1233,-0.1338,1.0239
3578,0.1123,-0.1924,0.9993
3579,0.1067,0.0305,1.0474
3580,0.0393,-0.0549,0.9292
3581,-0.0176,0.0005,0.9585
3582,-0.0398,0.0935,0.9651
3583,0.0095,0.0950,0.9290
3584,0.0806,0.1416,0.9263
3585,0.1548,0.1707,0.9543
3586,0.1790,0.1257,0.9995
3587,0.1194,0.0364,1.0122
3588,0.0405,0.0371,1.0444
3589,-0.0500,-0.0212,1.0120
3590,-0.1118,0.0425,1.0010
3591,-0.0869,0.1531,0.9712
3592,-0.0867,0.0793,0.9114
3593,-0.0801,0.1243,0.9514
3594,-0.1814,0.0137,0.9348
3595,-0.1758,-0.0381,0.9661
3596,-0.2173,-0.1492,0.9702
3597,-0.1641,-0.0918,1.0474
3598,-0.0408,-0.0742,0.9993
3599,0.0920,-0.0098,0.9956
3600,0.1448,0.1030,1.0073
3601,0.1335,0.0032,0.9614
3602,0.0569,0.0642,0.9810
3603,-0.0544,0.0381,0.9348
3604,-0.0762,0.0776,0.9419
3605,-0.0217,0.0688,0.9397
3606,0.1228,0.1213,0.9829
3607,0.2297,0.1240,0.9976
3608,0.2983,0.0793,0.9983
3609,0.2495,0.0322,1.0125
3610,0.0652,-0.0237,1.0190
3611,-0.1074,-0.0486,1.0210
3612,-0.2297,-0.1006,0.9771
3613,-0.2842,-0.1611,0.9583
3614,-0.2288,-0.0645,0.9780
3615,-0.1067,-0.0994,0.9009
3616,-0.0615,-0.1143,0.9194
3617,-0.0295,-0.1182,0.9680
3618,-0.0452,-0.2380,0.9849
3619,0.0134,-0.1819,1.0266
3620,0.0151,-0.2256,1.0044
3621,0.1047,-0.0881,1.0503
3622,0.1169,-0.1226,0.9895
3623,0.1360,0.0356,1.0125
3624,0.0972,-0.0422,0.9380
3625,0.0310,0.0381,0.9644
3626,-0.0293,0.0571,0.9526
3627,0.0237,0.0754,0.9260
3628,0.0127,0.1101,0.9409
3629,0.0417,0.1826,0.9878
3630,0.1047,0.1052,0.9634
3631,0.0176,0.0767,1.0122
3632,-0.0039,0.0552,1.0305
3633,-0.0413,-0.0923,0.9907
3634,-0.0708,0.0222,1.0464
3635,-0.0598,-0.0325,0.9282
3636,-0.0786,0.0237,0.9517
3637,-0.1575,0.1726,0.9680
3638,-0.1938,0.0317,0.9058
3639,-0.1938,0.0579,0.9956
3640,-0.1758,-0.0425,1.0032
3641,-0.0212,-0.1091,1.0149
3642,0.0791,-0.1138,0.9780
3643,0.1621,0.0549,1.0129
3644,0.1355,0.0212,0.9485
3645,0.0376,0.0835,0.9575
3646,-0.0564,0.1562,0.9663
3647,-0.1042,-0.0051,0.9338
3648,-0.0356,0.0476,0.9810
3649,0.0815,-0.0303,0.9836
3650,0.3228,0.0796,1.0042
3651,0.3103,-0.0295,0.9690
3652,0.3079,0.1538,1.0474
3653,0.0691,-0.0679,0.9680
3654,-0.1086,0.0339,1.0220
3655,-0.2847,-0.1570,0.9604
3656,-0.2856,-0.1169,1.0034
3657,-0.2305,-0.2708,0.9312
3658,-0.1064,-0.1211,0.9663
3659,-0.0684,-0.0859,0.9272
3660,-0.0469,0.0100,0.9478
3661,-0.0481,-0.0178,0.9565
3662,-0.0605,-0.0356,1.0149
3663,0.0186,-0.0850,1.0442
3664,0.0688,-0.1672,1.0276
3665,0.1782,-0.1504,1.0168
3666,0.1672,-0.1060,0.9976
3667,0.1250,0.0317,0.9895
3668,0.0447,0.0400,0.8970
3669,-0.0093,0.1194,0.9351
3670,-0.0718,0.1565,0.9661
3671,0.0229,0.0366,0.9155
3672,0.0583,0.0442,0.9778
3673,0.0845,0.0593,1.0405
3674,0.0813,-0.0984,0.9810
3675,0.0063,-0.0107,1.0305
3676,-0.0608,0.0681,1.0034
3677,-0.1531,-0.0566,0.9690
3678,-0.1753,0.0476,0.9819
3679,-0.1973,-0.0461,0.9495
3680,-0.1218,0.0669,0.9661
3681,-0.1016,-0.0723,0.9065
3682,0.0305,0.1167,1.0229
3683,0.0034,-0.0842,0.9531
3684,0.0483,0.0632,1.0334
3685,0.0000,0.0142,0.9797
3686,-0.0105,0.0510,0.9875
3687,-0.0159,0.0134,0.9648
3688,-0.0271,0.0647,0.9941
3689,0.0166,0.0464,0.9868
3690,0.0886,-0.0276,0.9390
3691,0.1633,0.0635,0.9927
3692,0.2188,0.0876,0.9758
3693,0.2759,0.0366,0.9407
3694,0.1453,0.0667,0.9888
3695,-0.0066,0.0544,1.0383
3696,-0.0920,-0.0415,0.9670
3697,-0.1763,-0.0515,0.9780
3698,-0.1506,0.0520,1.0015
3699,-0.0876,-0.1294,0.9153
3700,-0.0281,0.0288,0.9780
3701,-0.0710,-0.0681,0.9595
3702,-0.0725,-0.1116,0.9829
3703,-0.2051,-0.2625,0.9888
3704,-0.1448,-0.1062,1.0708
3705,-0.0605,-0.2773,0.9446
3706,0.0479,-0.0881,1.0227
3707,0.1667,-0.0149,0.9856
3708,0.2227,-0.0989,0.9243
3709,0.1304,0.0366,0.9631
3710,-0.0098,0.0378,0.9719
3711,-0.0762,-0.0496,0.9426
3712,-0.1184,-0.0896,0.9604
3713,0.0156,0.0579,1.0305
3714,0.1338,-0.0681,0.9485
3715,0.2229,0.0178,0.9995
3716,0.1558,0.0432,1.0315
3717,0.0505,-0.0125,0.9846
3718,-0.0667,0.0691,0.9661
3719,-0.1890,0.1313,0.9556
3720,-0.2061,0.0825,0.9292
3721,-0.1445,0.0398,0.9543
3722,-0.1213,0.0618,0.9944
3723,-0.0623,-0.0303,0.9692
3724,-0.0134,-0.0740,0.9917
3725,-0.0481,-0.0317,1.0361
3726,-0.0051,-0.0449,0.9995
3727,0.0322,0.0571,0.9897
3728,0.0015,0.1660,0.9924
3729,0.0320,0.1128,0.9561
3730,0.0234,0.0977,0.9507
3731,-0.0154,0.1152,0.9534
3732,0.0068,0.0469,0.9417
3733,0.0608,0.0330,0.9360
3734,0.0718,0.0400,0.9927
3735,0.1765,0.1484,1.0071
3736,0.1809,0.0364,0.9595
3737,0.1587,0.1702,1.0598
3738,0.0901,0.0203,0.9954
3739,-0.0015,-0.0833,0.9897
3740,-0.0723,0.0012,1.0063
3741,-0.1345,-0.1399,0.9624
3742,-0.0986,-0.1335,0.9749
3743,-0.1213,-0.1819,0.9497
3744,-0.1204,-0.1021,0.9553
3745,-0.1497,-0.2104,0.9075
3746,-0.1665,-0.1338,1.0034
3747,-0.1702,-0.2253,1.0073
3748,-0.0376,-0.2126,1.0122
3749,0.0750,-0.1133,1.0337
3750,0.1741,-0.1003,0.9995
3751,0.2258,-0.1211,0.9624
3752,0.0896,-0.0120,1.0103
3753,0.0107,-0.0198,0.9419
3754,-0.0837,-0.0532,0.9028
3755,-0.1187,0.1335,0.9888
3756,-0.0117,0.0750,0.9309
3757,0.1489,0.1021,0.9517
3758,0.1704,0.1863,1.0120
3759,0.1858,0.0525,0.9839
3760,0.0605,0.0005,1.0161
3761,-0.0889,0.0186,1.0356
3762,-0.1650,-0.0417,0.9932
3763,-0.2212,0.0354,0.9963
3764,-0.1589,0.0781,0.9504
3765,-0.1150,0.0623,0.9368
3766,-0.0776,0.1187,0.9407
3767,-0.0120,0.0374,0.9214
3768,0.0129,0.0193,1.0054
3769,-0.0244,-0.0752,0.9912
3770,0.0452,-0.0876,1.0166
3771,0.0212,-0.0054,1.0247
3772,0.0164,-0.0154,0.9761
3773,0.0251,0.0828,0.9719
3774,-0.0449,0.1506,0.9797
3775,-0.0093,0.0984,0.9341
3776,0.0146,-0.0051,0.9299
3777,0.0762,0.1001,1.0100
3778,0.1682,-0.0334,0.9624
3779,0.2571,0.0112,0.9771
3780,0.2178,0.0425,1.0237
3781,0.1519,0.0620,1.0188
3782,0.0283,0.0034,0.9419
3783,-0.1072,0.0940,1.0100
3784,-0.1694,-0.0125,0.9683
3785,-0.1589,-0.1958,0.9543
3786,-0.1455,-0.1035,1.0122
3787,-0.1333,-0.2273,0.9478
3788,-0.1091,-0.1882,0.9368
3789,-0.1804,-0.1499,0.9963
3790,-0.1533,-0.0840,1.0286
3791,-0.0835,-0.2366,0.9399
3792,0.0332,-0.0200,1.0356
3793,0.1299,-0.0530,0.9915
3794,0.2034,-0.0957,0.9321
3795,0.1328,0.0640,0.9944
3796,0.0208,0.0735,0.9771
3797,-0.0256,-0.0735,0.9048
3798,-0.0547,0.0542,1.0022
3799,0.0186,0.0142,1.0022
3800,0.1748,-0.1184,0.9495
3801,0.2024,0.0415,1.0327
3802,0.1665,0.1013,1.0103
3803,0.0552,-0.0100,0.9172
3804,-0.1260,0.1409,1.0129
3805,-0.2361,0.0439,0.9778
3806,-0.2222,-0.1184,0.9478
3807,-0.1987,-0.0085,0.9907
3808,-0.1240,-0.1143,0.9495
3809,-0.0005,-0.0593,0.9846
3810,-0.0381,-0.0522,0.9622
3811,-0.0122,0.0325,1.0298
3812,0.0300,-0.0022,0.9700
3813,-0.0298,-0.0674,0.9932
3814,-0.0168,0.0361,1.0334
3815,-0.0293,-0.0996,0.9165
3816,-0.0251,0.1196,0.9810
3817,-0.0354,0.0872,0.9106
3818,0.0173,0.1748,0.9204
3819,0.0222,0.2163,0.9556
3820,0.1492,0.2197,0.9585
3821,0.2090,0.0618,0.9895
3822,0.2500,0.1658,1.0803
3823,0.2700,-0.0125,0.9939
3824,0.1975,0.0869,1.0557
3825,0.0212,0.1052,1.0159
3826,-0.1123,0.0662,0.9749
3827,-0.1897,0.1477,0.9602
3828,-0.2544,0.0261,0.9282
3829,-0.1611,-0.0105,0.9534
3830,-0.1736,-0.2131,0.9221
3831,-0.1328,-0.1375,1.0151
3832,-0.1365,-0.3315,0.9417
3833,-0.0850,-0.2271,1.0120
3834,-0.0088,-0.1396,1.0271
3835,0.0935,-0.1396,0.9768
3836,0.1814,-0.0613,0.9780
3837,0.1697,-0.0330,0.9758
3838,0.1187,-0.0391,0.9546
3839,0.0002,-0.1062,0.9604
3840,-0.0015,-0.0444,0.9836
3841,-0.0229,-0.1350,0.9612
3842,0.0398,0.0562,1.0278
3843,0.1143,-0.0303,0.9456
3844,0.0974,-0.0039,1.0054
3845,0.0522,0.0457,1.0288
3846,-0.0496,-0.0547,0.9653
3847,-0.0742,0.0361,0.9751
3848,-0.1377,0.0327,0.9497
3849,-0.1284,0.0803,0.9556
3850,-0.1548,0.0417,0.9204
3851,-0.1353,0.0977,0.9622
3852,-0.1489,0.0142,0.9487
3853,-0.0886,-0.0012,1.0051
3854,-0.0310,0.0142,1.0305
3855,0.0476,-0.0349,1.0122
3856,0.1079,0.1086,1.0295
3857,0.0601,0.1091,1.0012
3858,0.0566,0.1309,0.9487
3859,-0.0410,0.0713,0.9507
3860,-0.0417,0.2078,0.9771
3861,-0.0386,-0.0283,0.8647
3862,0.0906,0.1519,1.0005
3863,0.1497,-0.0042,0.9319
3864,0.2747,0.0408,1.0044
3865,0.2451,0.1060,0.9956
3866,0.1484,0.0229,0.9993
3867,0.0479,0.0293,1.0452
3868,-0.1172,-0.0840,1.0190
3869,-0.1597,-0.0764,1.0168
3870,-0.1577,-0.1614,0.9546
3871,-0.0835,-0.1187,0.9709
3872,-0.0874,-0.1492,0.9468
3873,-0.0623,-0.1626,0.9143
3874,-0.1853,-0.1838,0.9583
3875,-0.1887,-0.2153,0.9749
3876,-0.1917,-0.3179,0.9885
3877,-0.0374,-0.1560,1.0347
3878,0.1194,-0.1814,0.9761
3879,0.2668,0.0410,1.0298
3880,0.2571,-0.0540,0.9458
3881,0.1851,0.0808,1.0256
3882,-0.0017,-0.0273,0.9543
3883,-0.0847,-0.0049,0.9641
3884,-0.1057,0.0432,0.9973
3885,-0.0593,0.0105,0.9487
3886,0.0708,0.0408,0.9719
3887,0.1140,0.1472,0.9739
3888,0.1255,0.1067,0.9573
3889,0.0425,0.1565,0.9856
3890,-0.0688,0.1287,0.9612
3891,-0.1328,0.1348,0.9790
3892,-0.1831,0.0625,0.9644
3893,-0.1548,0.0122,0.9895
3894,-0.1082,-0.0525,0.9956
3895,-0.0574,-0.0144,0.9858
3896,-0.0549,-0.0515,0.9917
3897,-0.0168,0.0405,1.0103
3898,-0.0618,-0.0713,0.9653
3899,-0.0210,0.1030,1.0337
3900,-0.0540,-0.0281,0.9067
3901,0.0037,0.0928,0.9897
3902,0.0085,0.0608,0.9302
3903,0.0134,0.0403,0.9456
3904,0.0906,0.1768,0.9690
3905,0.0715,0.0889,0.9209
3906,0.1868,0.1387,1.0181
3907,0.2200,-0.0310,1.0039
3908,0.2666,-0.0481,1.0688
3909,0.2468,-0.1123,1.0254
3910,0.1421,-0.0840,1.0422
3911,0.0015,-0.0579,0.9944
3912,-0.0950,-0.0659,0.9446
3913,-0.1968,0.0557,0.9436
3914,-0.2122,-0.0557,0.8967
3915,-0.1719,-0.0979,0.8936
3916,-0.2261,-0.2114,0.9390
3917,-0.1785,-0.1851,0.9768
3918,-0.2058,-0.3394,0.9451
3919,-0.1396,-0.1514,1.0530
3920,-0.0435,-0.1860,1.0315
3921,0.1187,-0.0491,1.0481
3922,0.2502,-0.0139,0.9819
3923,0.2620,0.0823,1.0366
3924,0.2144,-0.0107,0.9631
3925,0.1042,-0.0642,0.9553
3926,-0.0127,0.0908,1.0002
3927,-0.0879,-0.0090,0.9084
3928,-0.0337,0.0981,0.9478
3929,-0.0371,0.1189,0.9546
3930,0.0449,0.1147,0.9702
3931,0.0486,0.0718,0.9526
3932,0.0049,0.0996,1.0024
3933,-0.0466,0.0596,0.9924
3934,-0.1074,0.0403,0.9663
3935,-0.1614,0.1440,1.0188
3936,-0.1626,0.0684,0.9526
3937,-0.1558,-0.0127,0.9575
3938,-0.1179,0.1011,1.0276
3939,-0.0603,-0.1323,0.9573
3940,0.0129,-0.1333,1.0217
3941,0.0266,-0.1135,1.0317
3942,0.0466,-0.0703,0.9875
3943,-0.0103,-0.0388,0.9194
3944,-0.0625,0.1685,0.9741
3945,-0.0972,0.1287,0.9253
3946,-0.0586,0.0920,0.9087
3947,0.0583,0.1208,0.9641
3948,0.1729,-0.0154,0.9712
3949,0.3391,-0.0864,0.9993
3950,0.3611,-0.0703,1.0598
3951,0.3147,-0.0408,1.0347
3952,0.1606,-0.0710,0.9866
3953,-0.0093,0.1531,1.0471
3954,-0.1675,0.0063,0.9351
3955,-0.1792,0.0237,0.9839
3956,-0.1387,0.0369,0.9661
3957,-0.0527,-0.1665,0.9036
3958,0.0085,-0.1050,0.9290
3959,-0.1179,-0.1870,0.9329
3960,-0.2070,-0.0901,0.9934
3961,-0.3616,-0.2236,0.9407
3962,-0.3350,-0.0923,1.0688
3963,-0.1565,-0.1624,1.0278
3964,0.1174,-0.1323,1.0120
3965,0.3323,0.0491,1.0356
3966,0.4028,0.0581,0.9709
3967,0.2874,0.0715,0.9604
3968,0.0637,0.1345,0.9651
3969,-0.1062,0.0769,0.9348
3970,-0.1570,0.0115,0.9419
3971,-0.1055,-0.0674,0.9758
3972,0.0173,-0.1001,0.9985
3973,0.1348,-0.1306,0.9595
3974,0.1296,-0.0034,0.9800
3975,0.0396,0.1257,0.9958
3976,-0.0764,0.1228,0.9448
3977,-0.1907,0.1750,0.9937
3978,-0.2378,0.1411,0.9878
3979,-0.1851,-0.0593,0.9487
3980,-0.0979,-0.0593,1.0181
3981,-0.0393,-0.1399,1.0032
3982,0.0554,-0.1282,0.9897
3983,0.0378,-0.0273,0.9858
3984,-0.0088,0.0762,1.0005
3985,-0.0530,0.0454,0.9355
3986,-0.1313,0.1047,0.9719
3987,-0.1326,0.1697,0.9817
3988,-0.0693,-0.0032,0.9084
3989,-0.0020,0.0908,0.9897
3990,0.0659,0.0396,0.9905
3991,0.2056,0.0134,0.9524
3992,0.2236,0.0774,0.9905
3993,0.2996,0.1370,1.0110
3994,0.3022,-0.0439,0.9690
3995,0.2466,0.0820,1.0442
3996,0.0635,-0.0132,1.0100
3997,0.0139,-0.0032,0.9700
3998,-0.1555,-0.0955,0.9409
3999,-0.1689,0.1169,1.0200
4000,-0.1277,-0.1182,0.8616
4001,-0.0933,0.0066,0.9846
4002,-0.1067,-0.0732,0.9709
4003,-0.1309,-0.2820,0.9487
4004,-0.1641,-0.1707,1.0347
4005,-0.2571,-0.2888,1.0132
4006,-0.1357,-0.2576,1.0259
4007,-0.0161,-0.2280,0.9993
4008,0.1470,-0.0234,1.0317
4009,0.2720,-0.0566,0.9114
4010,0.2808,0.0435,0.9329
4011,0.1550,0.1584,0.9719
4012,0.0352,0.0151,0.9185
4013,-0.0547,0.0664,0.9504
4014,-0.1448,0.0042,1.0110
4015,-0.0410,-0.0679,1.0132
4016,-0.0010,-0.1365,0.9966
4017,0.0510,0.1052,1.0493
4018,0.0674,0.0662,0.9426
4019,0.0120,0.1912,0.9526
4020,-0.1140,0.2949,0.9583
4021,-0.1565,0.2117,0.9353
4022,-0.1909,0.0686,0.9263
4023,-0.1694,-0.0393,1.0110
4024,-0.0637,-0.1243,1.0259
4025,0.0205,-0.2009,0.9819
4026,0.0493,-0.0444,1.0432
4027,-0.0068,-0.0552,0.9985
4028,-0.0776,0.0134,0.9817
4029,-0.2000,0.1538,0.9846
4030,-0.1907,0.1191,0.9199
4031,-0.1570,0.0139,0.9231
4032,-0.0291,0.1169,0.9895
4033,0.1245,-0.0364,0.9055
4034,0.3069,0.1016,0.9868
4035,0.3684,0.0452,0.9819
4036,0.4624,-0.0051,1.0100
4037,0.3833,-0.0515,1.0247
4038,0.2356,-0.0066,1.0620
4039,0.0698,-0.1204,0.9915
4040,-0.1316,-0.0432,1.0293
4041,-0.1965,0.0757,0.9866
4042,-0.1592,-0.0173,0.8645
4043,-0.0986,0.1851,0.9438
4044,-0.1279,0.0576,0.8997
4045,-0.1108,-0.0596,0.9224
4046,-0.2690,-0.1628,0.9868
4047,-0.3396,-0.2732,1.0381
4048,-0.2642,-0.4265,1.0327
4049,-0.1482,-0.2651,1.0774
4050,0.0972,-0.1440,1.0090
4051,0.2974,0.0200,0.9663
4052,0.3320,0.1892,0.9536
4053,0.2681,0.1042,0.9348
4054,0.0918,0.0208,0.9517
4055,-0.0703,-0.1101,0.9624
4056,-0.0598,-0.1570,0.9927
4057,-0.0300,-0.1755,0.9895
4058,0.0522,-0.0830,1.0002
4059,0.1218,0.0332,0.9690
4060,0.0405,0.1252,0.9788
4061,-0.0415,0.1372,0.9419
4062,-0.1433,0.0273,0.9565
4063,-0.1843,0.1536,1.0286
4064,-0.1719,-0.0457,0.9065
4065,-0.0757,0.1311,0.9963
4066,-0.0818,0.1257,0.9602
4067,0.0093,0.0837,0.9895
4068,-0.0200,0.0874,1.0034
4069,-0.0898,0.0005,1.0239
4070,-0.0796,-0.0432,1.0356
4071,-0.1375,-0.1074,0.9915
4072,-0.1646,0.0149,0.9976
4073,-0.1204,0.0554,0.9270
4074,-0.1157,0.1382,0.8955
4075,-0.0488,0.2415,0.9246
4076,0.0664,0.1914,0.8892
4077,0.1599,0.1243,0.9563
4078,0.3267,0.0222,1.0093
4079,0.4358,-0.1626,1.0591
4080,0.4546,-0.1411,1.0950
4081,0.4116,-0.2217,1.0159
4082,0.2219,-0.0217,1.0854
4083,-0.0569,-0.0249,0.9709
4084,-0.1982,0.0386,0.9309
4085,-0.3020,0.1768,0.9624
4086,-0.2295,0.0325,0.8499
4087,-0.1067,-0.0984,0.8911
4088,-0.0842,-0.0366,0.9937
4089,-0.0906,-0.3081,0.9241
4090,-0.2092,-0.3025,1.0132
4091,-0.3328,-0.2249,1.0491
4092,-0.2607,-0.2317,1.0383
4093,-0.1021,-0.1140,1.0142
4094,0.0964,0.0056,1.0278
4095,0.3489,0.0532,0.9937
4096,0.3430,-0.0254,0.9097
4097,0.3083,0.1262,0.9915
4098,0.1509,-0.0259,0.9387
4099,0.0334,-0.0764,0.9517
4100,-0.0491,-0.0342,1.0112
4101,-0.0476,-0.0393,0.9839
4102,-0.0278,-0.1184,0.9622
4103,0.0305,0.0764,1.0112
4104,0.0098,0.0183,0.9517
4105,-0.0098,0.1592,0.9504
4106,-0.0742,0.1953,0.9448
4107,-0.1350,0.2534,0.9897
4108,-0.1790,0.1118,0.9290
4109,-0.2039,0.1240,1.0012
4110,-0.1582,0.0679,1.0083
4111,-0.0852,-0.1587,0.9907
4112,-0.0571,-0.0601,1.1099
4113,-0.0298,-0.1213,1.0110
4114,0.0220,-0.0662,0.9719
4115,-0.0627,0.1731,0.9612
4116,-0.1292,0.1096,0.8931
4117,-0.0840,0.2349,0.9243
4118,-0.1418,0.0557,0.8811
4119,-0.0029,0.1228,0.9817
4120,0.1506,-0.1440,0.9106
4121,0.3005,-0.0586,1.0513
4122,0.4380,-0.1162,1.0237
4123,0.4539,-0.1062,1.0474
4124,0.3384,0.0696,1.0569
4125,0.0720,-0.0603,0.9761
4126,-0.0957,0.0933,1.0327
4127,-0.3274,-0.0598,0.9651
4128,-0.2463,0.0300,0.9810
4129,-0.1670,-0.1367,0.8735
4130,0.0271,0.0273,0.9824
4131,0.0771,-0.0833,0.8940
4132,-0.0339,-0.1067,0.9446
4133,-0.2039,-0.0085,1.0100
4134,-0.3545,-0.2385,0.9758
4135,-0.2896,-0.0808,1.0562
4136,-0.1331,-0.1885,1.0054
4137,0.2156,-0.0381,1.0400
4138,0.3501,-0.1375,0.9885
4139,0.4182,0.0769,1.0298
4140,0.2476,-0.0483,0.9084
4141,0.0835,0.1418,0.9910
4142,-0.1082,0.0332,0.9194
4143,-0.1401,-0.0518,0.9661
4144,-0.0757,-0.0063,0.9917
4145,0.0002,-0.1201,0.9587
4146,0.1411,0.0193,1.0073
4147,0.1169,0.0134,0.9485
4148,0.0688,0.1218,0.9856
4149,-0.0544,0.1689,0.9719
4150,-0.1575,0.1528,0.9497
4151,-0.2424,0.1604,0.9927
4152,-0.2522,0.0818,0.9878
4153,-0.2231,-0.0344,0.9829
4154,-0.1685,-0.1155,1.0139
4155,-0.1138,-0.1147,1.0100
4156,-0.0312,-0.1047,0.9937
4157,-0.0178,0.0239,0.9692
4158,-0.0449,0.0718,0.9468
4159,-0.0740,0.1067,0.9348
4160,-0.1357,0.0645,0.9478
4161,-0.1179,0.0493,0.9546
4162,-0.0190,-0.0457,0.9380
4163,0.1550,0.0515,1.0190
4164,0.3340,-0.0273,0.9875
4165,0.5051,0.0156,1.0190
4166,0.5293,0.0652,1.0591
4167,0.3923,-0.0547,1.0161
4168,0.1658,-0.1125,0.9849
4169,-0.1106,-0.0115,1.0295
4170,-0.2983,0.0442,0.9448
4171,-0.2947,0.0459,0.8967
4172,-0.2095,0.1760,0.9458
4173,-0.0603,-0.0417,0.8958
4174,0.0806,-0.0630,0.9583
4175,-0.0137,-0.1328,0.9807
4176,-0.1382,-0.2493,1.0142
4177,-0.2754,-0.3013,1.0637
4178,-0.3533,-0.2534,1.0676
4179,-0.1736,-0.1619,1.0315
4180,0.0498,-0.0095,0.9731
4181,0.2659,0.0054,0.9468
4182,0.3972,0.0391,0.9390
4183,0.3108,-0.0579,0.8979
4184,0.1790,0.0293,0.9612
4185,0.0161,-0.1096,0.9263
4186,-0.1282,-0.1001,0.9993
4187,-0.1462,-0.0579,1.0225
4188,-0.0859,-0.0198,0.9939
4189,-0.0176,0.0579,0.9995
4190,0.0715,0.1250,0.9995
4191,0.0959,0.1399,0.9968
4192,0.0432,0.1687,0.9634
4193,-0.0513,0.1555,0.9563
4194,-0.1658,0.2051,0.9839
4195,-0.2288,0.0598,0.9487
4196,-0.2456,0.0833,0.9849
4197,-0.2036,0.0278,0.9653
4198,-0.0886,0.0205,0.9849
4199,-0.0156,-0.0088,0.9956
4200,0.0117,-0.0337,0.9937
4201,-0.0232,0.0310,0.9985
4202,-0.1050,0.1023,0.9661
4203,-0.1724,0.0447,0.9263
4204,-0.1780,0.0542,0.9670
4205,-0.0854,0.0288,0.9810
4206,0.1501,-0.0281,0.9565
4207,0.3484,-0.0378,0.9839
4208,0.5244,-0.0303,1.0371
4209,0.5857,-0.1316,0.9856
4210,0.4590,-0.0483,1.0276
4211,0.1775,-0.0073,0.9983
4212,-0.1272,-0.0674,0.9680
4213,-0.3042,0.0439,0.9849
4214,-0.3689,0.0076,0.9534
4215,-0.1880,0.0322,0.9360
4216,-0.0505,-0.0630,0.9126
4217,0.0447,0.0371,1.0024
4218,-0.0371,-0.2273,0.9253
4219,-0.1870,-0.1741,1.0337
4220,-0.3542,-0.2378,1.0452
4221,-0.3228,-0.2566,1.0161
4222,-0.1633,-0.1414,1.0015
4223,0.1362,0.0217,1.0149
4224,0.3872,0.0078,0.9309
4225,0.4324,0.0103,0.9399
4226,0.3579,0.0613,0.9729
4227,0.1479,-0.1489,0.9182
4228,-0.0635,-0.0994,1.0010
4229,-0.1714,-0.1099,0.9924
4230,-0.1543,-0.1099,0.9963
4231,-0.0354,0.0090,0.9905
4232,0.0767,0.0498,0.9683
4233,0.1648,0.1680,0.9888
4234,0.1252,0.1531,0.9575
4235,0.0396,0.2263,0.9680
4236,-0.1279,0.2017,0.9504
4237,-0.2153,0.2373,0.9673
4238,-0.2717,0.1475,0.9429
4239,-0.2444,0.1709,1.0112
4240,-0.2151,0.1021,1.0142
4241,-0.1492,-0.0085,0.9788
4242,-0.0925,0.0581,1.0432
4243,-0.0720,0.0000,0.9934
4244,-0.0757,-0.0293,0.9758
4245,-0.0747,0.0891,0.9944
4246,-0.1240,0.0027,0.9175
4247,-0.0842,0.0156,0.9221
4248,-0.0381,0.0366,0.9663
4249,0.1270,-0.0190,0.9456
4250,0.2893,-0.1558,0.9634
4251,0.4624,-0.0542,1.0422
4252,0.5366,-0.2034,1.0071
4253,0.4976,-0.0679,1.0520
4254,0.1904,-0.1370,0.9993
4255,-0.0547,-0.0520,1.0332
4256,-0.3103,-0.1057,0.9651
4257,-0.3406,-0.0215,0.9651
4258,-0.2507,-0.1072,0.9397
4259,-0.0364,-0.0811,0.9409
4260,0.0630,-0.1414,0.9419
4261,0.0632,-0.0537,0.9526
4262,-0.0854,-0.1787,0.9331
4263,-0.2263,-0.0732,1.0295
4264,-0.3601,-0.1584,1.0188
4265,-0.2397,-0.0764,1.0034
4266,-0.0542,-0.0627,1.0073
4267,0.2236,0.0857,1.0364
4268,0.3813,-0.0737,0.9280
4269,0.4043,0.1155,0.9973
4270,0.2485,0.0364,0.9426
4271,0.1077,-0.0332,0.9556
4272,-0.0974,-0.0181,0.9924
4273,-0.1753,0.0078,1.0093
4274,-0.1172,-0.0266,0.9487
4275,-0.0378,0.0884,0.9614
4276,0.0808,0.2256,0.9888
4277,0.1516,0.1851,0.9185
4278,0.1003,0.2529,0.9585
4279,-0.0156,0.2654,0.9983
4280,-0.1543,0.0862,0.9829
4281,-0.2571,0.0405,1.0120
4282,-0.2812,-0.0068,1.0295
4283,-0.2290,-0.0471,0.9966
4284,-0.1931,-0.0334,0.9895
4285,-0.0981,0.1379,0.9944
4286,-0.0935,0.0300,0.9192
4287,-0.0605,0.1433,0.9749
4288,-0.1123,-0.0247,0.9114
4289,-0.1226,-0.0027,0.9683
4290,-0.1401,-0.0581,0.9351
4291,-0.0337,-0.0591,0.9556
4292,0.1260,-0.0159,1.0120
4293,0.3130,-0.0278,1.0110
4294,0.4624,-0.0825,1.0276
4295,0.5688,-0.0884,1.0413
4296,0.5042,-0.1487,1.0278
4297,0.2742,-0.1194,1.0198
4298,-0.0222,-0.1479,0.9536
4299,-0.2837,-0.0398,0.9712
4300,-0.4106,0.0110,0.9282
4301,-0.3308,-0.0037,0.9045
4302,-0.1592,-0.0073,0.9426
4303,-0.0166,-0.1609,0.9309
4304,0.0579,-0.1741,0.9966
4305,-0.0632,-0.1931,0.9946
4306,-0.1780,-0.1985,1.0161
4307,-0.2041,-0.1072,1.0266
4308,-0.1633,-0.0554,1.0356
4309,0.0679,0.0874,1.0122
4310,0.2278,-0.0239,0.9214
4311,0.3394,0.1204,1.0012
4312,0.3157,-0.0706,0.9211
4313,0.2000,-0.0498,0.9536
4314,0.0093,-0.0061,0.9797
4315,-0.0889,-0.0388,0.9634
4316,-0.1426,-0.0466,0.9917
4317,-0.0933,0.0605,1.0132
4318,0.0383,0.0547,0.9556
4319,0.1270,0.1746,0.9719
4320,0.1672,0.2153,0.9595
4321,0.1191,0.1909,0.9592
4322,-0.0117,0.2085,0.9797
4323,-0.1990,0.1448,0.9583
4324,-0.3110,0.0342,0.9927
4325,-0.3579,0.0496,1.0200
4326,-0.3403,-0.0264,0.9917
4327,-0.2390,0.1035,1.0237
4328,-0.1069,0.0437,0.9624
4329,-0.0054,0.0750,0.9956
4330,0.0081,0.0693,0.9810
4331,-0.0178,0.0068,0.9280
4332,-0.0837,-0.0522,0.9426
4333,-0.1028,-0.0542,0.9556
4334,-0.0454,-0.1477,0.9172
4335,0.1582,0.0012,0.9836
4336,0.3672,-0.0312,0.9761
4337,0.5344,-0.0730,1.0308
4338,0.5571,-0.1099,1.0452
4339,0.3958,-0.1665,1.0396
4340,0.1096,-0.1230,1.0217
4341,-0.1729,-0.0759,0.9917
4342,-0.3748,0.0269,0.9856
4343,-0.3494,0.0867,0.9456
4344,-0.1848,0.0615,0.9028
4345,-0.0071,0.0054,0.9077
4346,0.1101,-0.1123,0.9282
4347,0.0227,-0.1924,0.9653
4348,-0.1580,-0.2178,0.9875
4349,-0.3057,-0.1501,1.0249
4350,-0.3337,-0.0398,1.0334
4351,-0.1753,-0.0132,1.0139
4352,0.0925,0.1433,1.0298
4353,0.2947,0.0066,0.9673
4354,0.4282,0.0093,0.9788
4355,0.3313,-0.1396,0.9478
4356,0.1533,-0.0837,0.9966
4357,-0.0239,-0.1179,0.9272
4358,-0.1531,-0.0037,0.9661
4359,-0.1465,0.0896,0.9741
4360,-0.0745,0.0176,0.9175
4361,0.0679,0.1785,1.0022
4362,0.1260,0.1218,0.9690
4363,0.1411,0.1084,0.9944
4364,0.0552,0.1741,1.0305
4365,-0.0510,0.0896,1.0015
4366,-0.1450,0.0806,1.0005
4367,-0.2273,0.0681,0.9895
4368,-0.2646,0.0417,0.9709
4369,-0.2554,-0.0139,0.9475
4370,-0.2163,0.0444,0.9749
4371,-0.1624,0.0078,0.9495
4372,-0.0728,-0.0295,0.9299
4373,-0.0232,0.0137,0.9614
4374,-0.0149,-0.0359,0.9778
4375,-0.0454,-0.0691,0.9624
4376,-0.0623,-0.0759,0.9797
4377,-0.0120,-0.0632,1.0083
4378,0.1250,-0.1284,0.9866
4379,0.2947,-0.0559,1.0151
4380,0.4712,-0.0071,1.0090
4381,0.5452,-0.0215,0.9800
4382,0.3997,-0.0249,0.9810
4383,0.1284,0.0366,1.0110
4384,-0.1470,-0.0190,0.9419
4385,-0.3950,-0.0073,0.9604
4386,-0.3726,0.0918,0.9683
4387,-0.2451,-0.0337,0.9272
4388,0.0005,0.0872,0.9702
4389,0.0874,-0.0591,0.9436
4390,0.0635,-0.0322,1.0071
4391,-0.1394,-0.1570,0.9995
4392,-0.2466,-0.1169,1.0073
4393,-0.3003,-0.1211,1.0015
4394,-0.1511,0.0171,1.0247
4395,0.0957,-0.0408,0.9602
4396,0.2893,0.0681,1.0024
4397,0.3601,0.0129,0.9507
4398,0.3135,-0.0588,0.9407
4399,0.1411,-0.0273,0.9797
4400,-0.0029,-0.0969,0.9663
4401,-0.0977,-0.0969,0.9954
4402,-0.0996,-0.0315,1.0005
4403,-0.0168,-0.0464,0.9709
4404,0.0542,0.0469,0.9651
4405,0.0842,0.0532,0.9595
4406,0.0735,0.1177,0.9827
4407,-0.0254,0.0728,0.9507
4408,-0.1021,0.1548,0.9790
4409,-0.1724,0.1162,0.9751
4410,-0.1899,0.0840,0.9819
4411,-0.2102,0.0288,0.9983
4412,-0.2104,0.0417,1.0161
4413,-0.1821,-0.0520,0.9829
4414,-0.1304,-0.0542,1.0015
4415,-0.0884,-0.0303,1.0044
4416,-0.0474,0.0234,0.9565
4417,-0.0286,0.0840,0.9214
4418,-0.0283,0.1543,0.9312
4419,-0.0530,0.0476,0.9397
4420,0.0618,0.0198,0.9673
4421,0.1567,-0.1335,1.0042
4422,0.3479,-0.1038,1.0513
4423,0.4929,-0.2668,0.9644
4424,0.5149,0.0132,1.1050
4425,0.3528,-0.0134,0.9556
4426,0.1018,0.0178,0.9563
4427,-0.2224,0.2268,1.0266
4428,-0.3904,-0.0515,0.8870
4429,-0.3384,0.0237,0.9468
4430,-0.2537,0.0308,0.9573
4431,-0.0371,-0.0337,0.9368
4432,0.0300,-0.0972,0.9475
4433,-0.0330,0.0208,1.0198
4434,-0.1467,-0.1470,0.9944
4435,-0.2241,-0.1648,1.0073
4436,-0.2021,-0.1221,1.0481
4437,-0.0247,-0.0894,1.0425
4438,0.1821,-0.1309,0.9458
4439,0.2651,-0.0271,0.9954
4440,0.3047,0.0120,0.9546
4441,0.2036,-0.1240,0.8889
4442,0.0703,0.0281,0.9934
4443,-0.0156,-0.0784,0.9377
4444,0.0049,-0.0435,0.9741
4445,0.0068,0.0251,0.9995
4446,0.0295,-0.0452,0.9907
4447,0.0891,-0.0164,1.0054
4448,0.0317,-0.0098,1.0032
4449,0.0137,0.0898,0.9985
4450,-0.0334,0.0325,0.9270
4451,-0.1099,0.2122,0.9924
4452,-0.1521,0.1450,0.9419
4453,-0.1765,0.1140,0.9426
4454,-0.2439,0.1428,0.9885
4455,-0.2703,0.0186,0.9875
4456,-0.2229,-0.0554,0.9993
4457,-0.2085,-0.0940,1.0278
4458,-0.0835,-0.0171,1.0208
4459,0.0249,-0.0476,0.9253
4460,0.0608,0.1804,0.9807
4461,0.0422,0.1792,0.9233
4462,0.0422,0.1260,0.9204
4463,0.0100,0.1978,0.9739
4464,0.1001,0.0000,0.9524
4465,0.3020,-0.0283,1.0244
4466,0.3977,-0.1074,1.0278
4467,0.4419,-0.1069,1.0618
4468,0.3540,-0.1028,0.9836
4469,0.0647,-0.0693,0.9956
4470,-0.1379,0.1165,1.0217
4471,-0.3142,-0.0898,0.8765
4472,-0.3176,0.1160,0.9797
4473,-0.2104,-0.0093,0.9038
4474,-0.0454,-0.0764,0.9028
4475,-0.0051,-0.0300,0.9846
4476,-0.0930,-0.1355,0.9790
4477,-0.1648,-0.2603,1.0120
4478,-0.2559,-0.1975,1.0588
4479,-0.1545,-0.1980,1.0337
4480,0.0315,-0.1045,1.0161
4481,0.1946,-0.0505,0.9849
4482,0.3215,-0.0117,0.9937
4483,0.3020,-0.0334,0.9458
4484,0.1880,-0.0471,0.9243
4485,0.0701,-0.0608,0.9592
4486,-0.0171,-0.1104,0.9397
4487,-0.0972,-0.1152,0.9897
4488,-0.0266,0.0730,0.9846
4489,-0.0232,-0.0520,0.9202
4490,0.0654,0.2212,1.0571
4491,0.0425,0.0166,0.9397
4492,0.0652,0.2075,1.0415
4493,-0.0205,0.1880,0.9536
4494,-0.0881,0.1206,0.9604
4495,-0.1414,0.2158,1.0149
4496,-0.2166,0.0217,0.9436
4497,-0.2341,0.1033,0.9993
4498,-0.2578,-0.0229,0.9631
4499,-0.1729,-0.0491,1.0024
4500,-0.1243,-0.1067,0.9927
4501,0.0085,0.0117,0.9993
4502,0.0420,0.0415,0.9556
4503,0.0664,0.0984,0.9475
4504,-0.0210,0.0107,0.9429
4505,-0.0227,0.0989,1.0061
4506,0.0234,-0.0347,0.9182
4507,0.1702,0.0208,0.9966
4508,0.3306,-0.0210,1.0002
4509,0.4373,-0.0850,1.0112
4510,0.4094,0.0010,1.0156
4511,0.1975,-0.0408,0.9976
4512,-0.0059,0.0417,1.0071
4513,-0.2886,-0.0864,0.9683
4514,-0.3347,0.0920,0.9885
4515,-0.3406,-0.1064,0.8889
4516,-0.1682,0.0920,1.0022
4517,-0.0732,-0.1233,0.8921
4518,-0.0078,-0.0938,0.9731
4519,-0.0327,-0.1204,0.9927
4520,-0.0786,-0.2837,0.9885
4521,-0.1179,-0.2544,1.0676
4522,-0.0603,-0.2388,1.0334
4523,0.0442,-0.1523,1.0112
4524,0.1406,0.0007,0.9661
4525,0.1841,0.0122,0.9451
4526,0.1694,0.0615,0.9583
4527,0.1372,-0.0552,0.9241
4528,0.1104,-0.0083,0.9895
4529,0.0508,-0.1785,0.9387
4530,0.0391,-0.0952,1.0110
4531,0.0454,-0.0088,0.9883
4532,0.0234,0.0249,0.9517
4533,0.0098,0.2090,0.9966
4534,-0.0151,0.1648,0.9683
4535,0.0334,0.1643,0.9817
4536,-0.0183,0.1536,0.9807
4537,-0.0540,0.0935,0.9724
4538,-0.1016,0.0242,0.9690
4539,-0.2031,0.0398,1.0137
4540,-0.3074,0.0332,0.9709
4541,-0.3254,0.0154,0.9827
4542,-0.2695,0.1274,0.9907
4543,-0.1555,0.0012,0.9507
4544,0.0222,0.1648,1.0042
4545,0.0850,0.0347,0.9124
4546,0.1323,0.1067,0.9749
4547,0.0544,0.0264,0.9409
4548,0.0217,0.0320,0.9849
4549,0.0315,0.0688,0.9858
4550,0.1448,0.0503,0.9829
4551,0.3318,0.1006,1.0171
4552,0.4351,0.0339,0.9983
4553,0.4136,-0.0044,1.0237
4554,0.2275,-0.0579,1.0190
4555,-0.0527,-0.1377,1.0042
4556,-0.2917,-0.0989,0.9963
4557,-0.4128,-0.1479,0.9387
4558,-0.3506,-0.0308,0.9321
4559,-0.2085,-0.0649,0.8938
4560,-0.0881,-0.0664,0.9438
4561,-0.0559,-0.1812,0.9553
4562,-0.0276,-0.2395,0.9907
4563,-0.0811,-0.2107,1.0493
4564,-0.0664,-0.2061,1.0061
4565,-0.0085,-0.1638,1.0198
4566,0.0601,0.0637,1.0552
4567,0.1333,-0.0879,0.9419
4568,0.1890,0.0398,0.9856
4569,0.1460,-0.0342,0.9602
4570,0.1748,-0.0469,0.9624
4571,0.1523,-0.1174,0.9331
4572,0.1084,-0.0093,1.0054
4573,0.0854,-0.0139,0.9526
4574,0.0063,0.1047,0.9468
4575,-0.0676,0.2390,0.9819
4576,-0.0256,0.1921,0.9380
4577,-0.0298,0.1482,0.9839
4578,0.0183,0.2043,1.0325
4579,0.0327,-0.0588,0.9370
4580,-0.0435,0.0454,1.0454
4581,-0.1794,-0.0122,0.9917
4582,-0.2898,-0.0051,0.9680
4583,-0.3989,0.1509,0.9868
4584,-0.3679,0.0886,0.9788
4585,-0.1873,0.0525,0.9731
4586,-0.0322,-0.0740,0.9534
4587,0.1660,0.0046,1.0088
4588,0.2124,-0.1411,0.9094
4589,0.1255,0.0046,0.9778
4590,-0.0117,0.0835,0.9565
4591,-0.0725,0.0708,0.9341
4592,-0.0269,0.1628,0.9915
4593,0.1392,0.0583,1.0042
4594,0.3547,-0.0354,1.0239
4595,0.4521,-0.0889,1.0442
4596,0.4023,-0.0935,1.0298
4597,0.1243,-0.1077,1.0183
4598,-0.1431,-0.0098,0.9807
4599,-0.3523,-0.0222,0.9290
4600,-0.3506,0.0735,0.9368
4601,-0.2534,-0.0317,0.9009
4602,-0.0593,-0.0625,0.9270
4603,-0.0012,-0.1978,0.9377
4604,0.0210,-0.2112,0.9934
4605,-0.0876,-0.2869,0.9956
4606,-0.1873,-0.1753,1.0925
4607,-0.1658,-0.1333,1.0295
4608,-0.0703,-0.1584,1.0083
4609,0.0908,0.1104,1.0630
4610,0.2183,-0.0769,0.9114
4611,0.2866,0.0481,0.9651
4612,0.1868,0.0020,0.9282
4613,0.1548,0.0029,0.9155
4614,0.0518,0.0894,0.9299
4615,-0.0217,0.1208,0.9456
4616,-0.0029,0.0288,0.9856
4617,0.0298,0.0513,1.0022
4618,0.0200,0.0115,1.0315
4619,0.0913,0.0737,1.0327
4620,0.0046,-0.0593,0.9797
4621,-0.0078,0.2419,1.0950
4622,-0.1047,0.0691,0.8928
4623,-0.1704,0.2163,0.9536
4624,-0.2290,0.1860,0.9341
4625,-0.2549,-0.0166,0.9377
4626,-0.2185,-0.0002,0.9919
4627,-0.1860,-0.1660,0.9692
4628,-0.0369,-0.0310,1.0334
4629,0.0085,-0.1250,0.9524
4630,0.0486,0.0862,1.0315
4631,0.0432,0.0598,0.9604
4632,-0.0046,0.0452,0.9624
4633,-0.0347,0.0916,0.9976
4634,-0.0015,-0.0991,0.9448
4635,0.1292,-0.0422,1.0015
4636,0.2456,-0.0610,0.9866
4637,0.4075,0.0090,0.9790
4638,0.3457,-0.0510,0.9634
4639,0.2622,-0.0032,1.0063
4640,-0.0032,-0.0859,0.9670
4641,-0.1978,0.0066,0.9829
4642,-0.3013,-0.0017,0.9399
4643,-0.2639,-0.0164,0.9497
4644,-0.1589,0.0151,0.9761
4645,-0.0488,-0.0239,0.9563
4646,-0.0457,-0.1082,0.9751
4647,-0.0806,-0.1614,1.0405
4648,-0.1616,-0.2571,1.0483
4649,-0.1438,-0.2190,1.0151
4650,-0.0552,-0.0808,1.0105
4651,0.0959,-0.0317,0.9583
4652,0.1775,-0.0227,0.9368
4653,0.2178,0.1160,0.9829
4654,0.1692,-0.0198,0.8794
4655,0.1370,0.0598,0.9397
4656,0.0488,0.0466,0.9875
4657,0.0312,-0.0681,0.9595
4658,0.0198,-0.0940,1.0122
4659,0.0518,0.0642,1.0686
4660,0.0352,-0.1187,0.9722
4661,0.0388,0.1667,1.0588
4662,-0.0081,0.0962,0.9497
4663,0.0203,0.1880,0.9602
4664,-0.0342,0.1863,0.9282
4665,-0.0798,0.2063,0.9343
4666,-0.1208,0.0713,0.9192
4667,-0.2083,0.0676,0.9761
4668,-0.2854,-0.0601,0.9827
4669,-0.2957,-0.1074,0.9963
4670,-0.2144,-0.1099,1.0317
4671,-0.0911,-0.1167,1.0229
4672,0.0264,-0.0881,1.0198
4673,0.1047,0.0674,1.0103
4674,0.0994,-0.0320,0.9153
4675,0.0364,0.0303,0.9719
4676,-0.0002,0.0068,0.9514
4677,0.0310,-0.0491,0.9224
4678,0.1343,0.0471,0.9526
4679,0.2976,0.0261,0.9663
4680,0.3977,0.0125,0.9888
4681,0.3203,0.0320,1.0159
4682,0.1736,-0.0144,0.9934
4683,-0.0747,-0.0659,1.0168
4684,-0.2400,0.0046,1.0305
4685,-0.2896,-0.0276,0.9856
4686,-0.2080,0.1208,0.9758
4687,-0.1104,0.0476,0.9143
4688,-0.0017,0.0593,0.9673
4689,-0.0581,-0.1084,0.9258
4690,-0.1260,-0.1523,0.9780
4691,-0.2180,-0.2073,1.0208
4692,-0.1995,-0.2458,1.0012
4693,-0.0481,-0.1804,1.0024
4694,0.1072,0.0239,1.0200
4695,0.2205,0.0293,0.9263
4696,0.2295,0.0620,0.9612
4697,0.1338,0.1116,1.0168
4698,0.0491,-0.0737,0.9583
4699,0.0361,-0.0107,0.9778
4700,0.0015,-0.0034,0.9993
4701,0.1472,-0.0310,0.9675
4702,0.1504,-0.0547,0.9653
4703,0.1082,0.1614,1.0247
4704,0.0361,-0.0588,0.9106
4705,-0.0820,0.1079,0.9966
4706,-0.1863,0.0820,0.9700
4707,-0.1306,0.0723,0.9475
4708,-0.1479,0.0730,0.9653
4709,-0.0911,0.1086,0.9949
4710,-0.1082,-0.0918,0.9768
4711,-0.1438,-0.0168,1.0386
4712,-0.1680,-0.1663,0.9954
4713,-0.1282,-0.0496,1.0493
4714,-0.0752,-0.1270,0.9614
4715,0.0381,-0.0117,0.9800
4716,0.0991,0.0752,0.9419
4717,0.0798,0.1106,0.9055
4718,0.0503,0.1533,0.9270
4719,-0.0120,0.0974,0.9409
4720,0.0159,0.0950,0.9788
4721,0.1169,-0.0027,0.9907
4722,0.2122,-0.0420,1.0591
4723,0.3237,-0.1440,1.0364
4724,0.2915,-0.1382,1.0374
4725,0.1252,0.0559,1.0500
4726,-0.0598,-0.0864,0.9124
4727,-0.2097,0.0938,0.9944
4728,-0.3032,0.0625,0.9136
4729,-0.2041,0.0112,0.8843
4730,-0.0911,0.0825,0.9194
4731,-0.0576,-0.1023,0.9448
4732,-0.0276,-0.1870,1.0120
4733,-0.0759,-0.2417,1.0198
4734,-0.1233,-0.1746,1.0581
4735,-0.1060,-0.1675,1.0393
4736,-0.0137,-0.1013,1.0110
4737,0.0662,0.0139,1.0188
4738,0.1523,0.0911,0.9517
4739,0.1296,0.0410,0.8794
4740,0.0842,0.0757,0.9614
4741,0.0374,-0.0132,0.9290
4742,0.0066,-0.0488,0.9478
4743,0.0522,0.0928,1.0022
4744,0.0981,-0.0452,0.9702
4745,0.1570,0.0032,1.0278
4746,0.0723,0.0435,1.0220
4747,0.0225,0.0769,1.0139
4748,-0.0500,0.0146,0.9631
4749,-0.1392,0.0474,1.0063
4750,-0.1536,0.0999,0.9641
4751,-0.1135,0.0645,0.9009
4752,-0.1238,0.1672,0.9348
4753,-0.1589,-0.0227,0.9592
4754,-0.1252,-0.0474,1.0022
4755,-0.1555,-0.1851,1.0071
4756,-0.0547,-0.1016,1.0413
4757,-0.0149,-0.2131,0.9946
4758,0.0767,0.0166,1.0405
4759,0.1040,0.0300,0.9211
4760,0.0942,0.2019,0.9338
4761,0.0327,0.2202,0.9214
4762,0.0486,0.0911,0.9407
4763,0.0483,-0.0044,0.9924
4764,0.1482,-0.0637,0.9888
4765,0.2117,-0.0771,1.0071
4766,0.2639,0.0312,1.0239
4767,0.1440,-0.0295,0.9954
4768,0.0566,0.1985,1.0491
4769,-0.0859,0.0435,0.9038
4770,-0.1270,0.2058,1.0012
4771,-0.1414,0.0505,0.9368
4772,-0.0928,-0.1021,0.9407
4773,-0.0688,-0.0979,0.9839
4774,-0.1050,-0.2126,0.9419
4775,-0.1836,-0.2083,0.9839
4776,-0.2542,-0.1978,1.0129
4777,-0.2478,-0.1487,1.0229
4778,-0.1597,-0.1282,0.9983
4779,0.0488,-0.0251,1.0042
4780,0.1794,-0.0962,0.9719
4781,0.2524,-0.0286,0.9939
4782,0.1707,-0.0803,0.9309
4783,0.0652,-0.0259,0.9719
4784,-0.0315,-0.0784,0.9370
4785,-0.0056,-0.0762,0.9595
4786,0.0713,0.0256,0.9956
4787,0.1985,0.0254,0.9543
4788,0.2271,0.0220,0.9846
4789,0.1077,0.1216,1.0425
4790,-0.0195,0.0576,0.9885
4791,-0.1702,0.0974,0.9937
4792,-0.2537,0.0713,0.9885
4793,-0.1890,-0.0059,0.9780
4794,-0.1189,-0.0100,0.9536
4795,-0.0605,0.0537,0.9575
4796,-0.0200,0.0447,0.9302
4797,-0.0779,0.0105,0.9485
4798,-0.0933,0.1108,1.0122
4799,-0.0859,-0.0122,0.9358
4800,-0.0396,0.1003,1.0168
4801,0.0146,0.1189,0.9963
4802,0.0774,0.0396,0.9644
4803,0.1069,0.1721,1.0120
4804,0.0537,0.0854,0.9592
4805,0.0559,0.0635,0.9819
4806,0.0159,0.0090,0.9846
4807,0.0649,-0.0034,0.9995
4808,0.1946,-0.1179,0.9419
4809,0.2192,-0.0071,1.0032
4810,0.2329,0.0613,0.9934
4811,0.1663,-0.0320,0.9321
4812,-0.0095,0.0994,1.0159
4813,-0.1196,-0.0093,0.9526
4814,-0.1294,-0.0552,0.9419
4815,-0.1821,-0.0024,0.9868
4816,-0.1042,-0.0952,0.9785
4817,-0.1375,-0.2131,0.9644
4818,-0.2158,-0.1707,1.0464
4819,-0.2490,-0.3083,0.9985
4820,-0.2700,-0.3376,1.0044
4821,-0.1548,-0.1233,1.0317
4822,0.0469,-0.1003,0.9368
4823,0.1809,0.0444,0.9360
4824,0.2014,0.1133,0.9321
4825,0.1758,0.0405,0.9446
4826,0.0559,-0.0527,0.9478
4827,-0.0344,-0.1082,0.9973
4828,0.0676,-0.0898,1.0061
4829,0.1389,-0.1394,0.9980
4830,0.2312,0.0603,1.0637
4831,0.2524,0.0186,0.9807
4832,0.1079,0.1272,1.0149
4833,-0.0627,0.1487,0.9680
4834,-0.2065,0.0635,0.9468
4835,-0.2712,0.1824,0.9485
4836,-0.2476,0.0874,0.9067
4837,-0.1431,0.1975,0.9585
4838,-0.1150,0.0256,0.9094
4839,0.0007,0.0667,1.0032
4840,-0.0371,-0.0681,1.0024
4841,-0.0500,-0.0962,1.0261
4842,-0.0442,-0.0845,1.0530
4843,-0.0273,0.0085,1.0491
4844,0.0088,0.0100,0.9788
4845,0.0496,0.1941,0.9973
4846,0.0322,0.1460,0.9077
4847,0.0195,0.0881,0.9036
4848,0.0320,0.0725,0.9360
4849,0.0369,-0.0479,0.9487
4850,0.1575,-0.0923,0.9739
4851,0.2080,-0.1235,0.9866
4852,0.2717,-0.0479,1.0620
4853,0.2524,-0.0552,0.9758
4854,0.0933,0.0549,1.0188
4855,-0.0378,0.1824,1.0383
4856,-0.1394,-0.0359,0.9280
4857,-0.1670,0.0901,1.0308
4858,-0.1545,-0.0740,0.9534
4859,-0.0837,-0.1780,0.9231
4860,-0.1294,-0.2158,0.9556
4861,-0.1731,-0.1626,0.9973
4862,-0.2520,-0.3035,0.9341
4863,-0.2388,-0.1631,1.0181
4864,-0.1074,-0.0977,0.9749
4865,0.0437,-0.0674,0.9800
4866,0.2092,0.1492,0.9924
4867,0.2234,0.0125,0.9426
4868,0.2183,0.1155,1.0208
4869,0.0391,-0.1038,0.9551
4870,-0.0020,-0.0032,1.0054
4871,-0.0234,-0.1060,0.9661
4872,0.0867,-0.0098,1.0161
4873,0.1365,-0.0828,0.9761
4874,0.1909,0.1184,1.0120
4875,0.0696,0.0642,0.9243
4876,-0.0479,0.1223,0.9739
4877,-0.1594,0.1218,0.9719
4878,-0.2314,0.0718,0.9487
4879,-0.1511,0.1675,0.9663
4880,-0.1323,0.0505,0.9399
4881,-0.0442,0.0374,0.9961
4882,-0.0735,-0.0647,0.9985
4883,-0.0811,0.0188,1.0227
4884,-0.0986,-0.1135,0.9819
4885,-0.0356,-0.0005,1.0571
4886,-0.0405,-0.0869,0.9937
4887,0.0598,0.0649,0.9839
4888,0.0396,0.0806,0.9338
4889,0.0251,0.1179,0.9536
4890,-0.0005,0.0054,0.9019
4891,-0.0364,0.0691,0.9661
4892,0.0464,-0.0264,0.9280
4893,0.1602,-0.0557,0.9563
4894,0.2585,-0.0010,1.0315
4895,0.3098,-0.0247,1.0225
4896,0.3184,-0.0105,0.9817
4897,0.1038,0.0547,1.0317
4898,-0.0603,0.0933,1.0286
4899,-0.2136,-0.0615,0.9221
4900,-0.2644,0.0598,1.0198
4901,-0.2065,-0.0310,0.9526
4902,-0.0916,-0.1641,0.9202
4903,-0.0754,-0.0715,0.9758
4904,-0.1189,-0.1838,0.9680
4905,-0.1589,-0.2422,0.9768
4906,-0.2183,-0.1521,1.0210
4907,-0.1375,-0.1003,1.0054
4908,0.0090,-0.1238,0.9331
4909,0.1741,0.0552,1.0229
4910,0.2695,0.0208,0.9631
4911,0.2605,-0.0696,0.9504
4912,0.1638,0.0173,1.0002
4913,0.0850,-0.1086,0.9749
4914,0.0183,-0.0735,0.9973
4915,-0.0371,-0.0417,0.9976
4916,-0.0037,-0.0151,0.9836
4917,-0.0186,0.0161,0.9729
4918,-0.0154,0.1204,0.9846
4919,-0.0488,0.1194,0.9465
4920,-0.0635,0.1367,0.9438
4921,-0.1145,0.1213,0.9690
4922,-0.1028,0.1072,0.9380
4923,-0.1416,0.0369,0.9446
4924,-0.1218,0.1057,1.0159
4925,-0.0952,-0.1040,0.9856
4926,-0.0659,-0.0215,1.0669
4927,-0.0398,-0.0671,1.0110
4928,0.0557,-0.0168,1.0073
4929,0.0024,0.0195,0.9924
4930,-0.0273,0.0432,0.9836
4931,-0.0723,0.0686,0.9282
4932,-0.1455,0.1157,0.9270
4933,-0.0540,0.1108,0.8948
4934,0.0122,0.0288,0.9221
4935,0.1704,0.1653,0.9954
4936,0.3010,-0.0549,0.9380
4937,0.4133,0.0879,1.0640
4938,0.3301,-0.0981,1.0334
4939,0.2866,-0.0271,1.0745
4940,0.0554,-0.0728,0.9924
4941,-0.0933,0.1040,1.0347
4942,-0.1636,-0.0073,0.9185
4943,-0.2034,0.0295,0.9722
4944,-0.1272,-0.0149,0.9380
4945,-0.1086,-0.2107,0.8921
4946,-0.1277,-0.0906,0.9775
4947,-0.2690,-0.2878,0.9365
4948,-0.2944,-0.2864,0.9946
4949,-0.3452,-0.2605,1.0200
4950,-0.1384,-0.1169,1.0334
4951,0.0830,-0.0410,0.9624
4952,0.2805,0.0737,0.9771
4953,0.3765,0.1499,0.9973
4954,0.3071,0.0410,0.9475
4955,0.1323,0.0579,0.9673
4956,0.0098,-0.0918,0.9875
4957,-0.0305,-0.1333,1.0386
4958,0.0044,-0.1484,0.9973
4959,0.0574,-0.0278,0.9849
4960,0.0825,0.1033,0.9612
4961,0.0547,0.0952,0.9387
4962,-0.0681,0.1831,0.9692
4963,-0.1677,0.1140,0.9426
4964,-0.1951,0.1167,0.9526
4965,-0.2048,0.0369,0.9507
4966,-0.1584,0.0635,0.9885
4967,-0.1106,-0.0054,0.9692
4968,-0.0513,0.0217,0.9966
4969,-0.0098,-0.0059,1.0483
4970,-0.0007,-0.0564,1.0259
4971,-0.0095,-0.1023,1.0229
4972,-0.0381,0.0532,1.0259
4973,-0.0586,-0.0278,0.9114
4974,-0.1060,0.1533,0.9448
4975,-0.1052,0.1626,0.9163
4976,-0.0071,0.1606,0.9106
4977,0.0645,0.1292,0.9487
4978,0.2158,0.0442,0.9690
4979,0.3889,-0.0940,0.9976
4980,0.4641,-0.0811,1.0552
4981,0.3792,-0.1238,1.0347
4982,0.2505,-0.0073,1.0471
4983,-0.0303,0.0220,1.0044
4984,-0.1321,0.1055,0.9841
4985,-0.2026,0.0037,0.9126
4986,-0.1824,0.0593,0.9749
4987,-0.0481,-0.1526,0.8940
4988,-0.0374,-0.1724,0.9534
4989,-0.1204,-0.1379,0.9885
4990,-0.2375,-0.3271,0.9407
4991,-0.3706,-0.2439,1.0229
4992,-0.4124,-0.1919,1.0286
4993,-0.1902,-0.1216,0.9905
4994,0.0493,-0.0117,0.9719
4995,0.3459,0.0564,0.9976
4996,0.4380,0.0266,0.9709
4997,0.3203,0.0261,0.9673
4998,0.1572,0.0422,0.9624
4999,-0.0735,-0.0530,0.9595
5000,-0.1504,0.0093,1.0081
5001,-0.0764,-0.0610,0.9729
5002,0.0596,0.0342,1.0005
5003,0.0928,-0.0122,0.9692
5004,0.1348,0.0908,0.9888
5005,-0.0198,0.0583,0.9360
5006,-0.1230,0.1848,0.9661
5007,-0.2612,0.1260,0.9321
5008,-0.2966,0.2180,0.9895
5009,-0.2239,0.0552,0.9456
5010,-0.1025,0.0317,1.0161
5011,0.0361,-0.0444,1.0142
5012,0.1245,-0.0869,1.0227
5013,0.0762,-0.0361,1.0220
5014,-0.0503,-0.0754,0.9888
5015,-0.1604,0.0776,1.0015
5016,-0.2593,0.0776,0.9194
5017,-0.2019,0.1257,0.9446
5018,-0.0725,0.0989,0.9143
5019,0.0764,-0.0142,0.9556
5020,0.2756,0.0408,0.9780
5021,0.3374,-0.1770,0.9290
5022,0.4204,0.0693,1.0872
5023,0.3745,-0.1294,0.9866
5024,0.2952,-0.0320,1.0562
5025,0.1123,-0.0073,1.0337
5026,-0.0120,-0.0356,0.9807
5027,-0.0933,-0.0281,0.9651
5028,-0.1169,0.0344,0.9495
5029,-0.1050,-0.0764,0.9253
5030,-0.0542,0.0017,0.9377
5031,-0.1492,-0.1284,0.9036
5032,-0.2102,-0.0486,0.9849
5033,-0.3403,-0.2019,0.9556
5034,-0.3638,-0.1047,1.0591
5035,-0.2983,-0.2170,1.0063
5036,-0.0808,-0.1213,1.0422
5037,0.1567,-0.0884,1.0168
5038,0.3557,-0.0564,0.9741
5039,0.3960,0.0725,0.9954
5040,0.2588,0.0923,0.9507
5041,0.1108,0.0159,0.9163
5042,-0.0195,0.0305,0.9819
5043,-0.0872,-0.0291,0.9629
5044,-0.0171,-0.1089,0.9700
5045,0.0173,0.0093,1.0034
5046,0.0037,-0.0779,0.9634
5047,0.0256,0.0854,1.0190
5048,-0.1011,0.0461,0.9370
5049,-0.1646,0.1406,0.9722
5050,-0.1909,0.1680,0.9595
5051,-0.2100,0.1453,0.9407
5052,-0.1152,0.1799,0.9856
5053,-0.0452,0.1140,0.9702
5054,0.0271,0.0095,0.9856
5055,0.0691,-0.0208,1.0288
5056,0.0088,-0.0762,1.0093
5057,-0.1038,-0.0886,1.0149
5058,-0.1616,0.0149,1.0034
5059,-0.2080,0.0242,0.9475
5060,-0.1777,0.1360,0.9573
5061,-0.0503,0.1338,0.9155
5062,0.1008,0.0884,0.9526
5063,0.2444,0.0293,0.9673
5064,0.3657,-0.0522,0.9797
5065,0.4214,-0.0481,1.0061
5066,0.4280,-0.0981,1.0054
5067,0.3247,-0.1255,1.0217
5068,0.1538,-0.0789,1.0247
5069,0.0002,-0.0586,0.9819
5070,-0.1248,0.0330,0.9651
5071,-0.2083,-0.0029,0.9204
5072,-0.1484,0.0752,0.9509
5073,-0.1257,-0.0012,0.9163
5074,-0.1433,-0.0256,0.9534
5075,-0.2029,-0.0972,0.9954
5076,-0.3052,-0.2112,0.9956
5077,-0.3445,-0.2432,1.0315
5078,-0.2402,-0.1304,1.0483
5079,-0.0754,-0.1301,0.9741
5080,0.2192,0.0347,1.0054
5081,0.3628,0.0017,0.9329
5082,0.3665,0.0649,0.9673
5083,0.2620,0.0127,0.9155
5084,0.0435,-0.0532,0.9749
5085,-0.0864,-0.0740,1.0034
5086,-0.0972,-0.1794,0.9839
5087,-0.0789,-0.0288,1.0295
5088,0.0137,-0.0986,0.9683
5089,0.1147,0.0037,0.9973
5090,0.0481,0.0339,0.9924
5091,0.0059,0.0928,0.9458
5092,-0.1060,0.1064,0.9263
5093,-0.1804,0.2019,0.9602
5094,-0.2090,0.0674,0.9331
5095,-0.1912,0.1084,0.9673
5096,-0.1453,0.0852,0.9917
5097,-0.0366,0.0835,1.0061
5098,-0.0151,-0.0552,1.0002
5099,0.0037,0.0493,1.0835
5100,-0.0105,-0.0430,0.9905
5101,-0.1169,0.0049,0.9878
5102,-0.1733,0.1167,0.9878
5103,-0.2029,0.0627,0.9211
5104,-0.1694,0.1421,0.9331
5105,-0.0137,0.0908,0.9104
5106,0.1765,0.0210,0.9495
5107,0.3867,0.0083,0.9993
5108,0.5259,-0.0635,0.9700
5109,0.5403,-0.0027,1.0249
5110,0.4534,0.0090,1.0366
5111,0.2019,-0.0498,1.0325
5112,-0.0178,-0.0088,1.0042
5113,-0.2278,-0.0515,0.9827
5114,-0.2222,0.0325,0.9868
5115,-0.1431,-0.1763,0.8635
5116,-0.0762,0.0259,0.9946
5117,-0.0430,-0.0701,0.8872
5118,-0.0852,-0.1245,0.9185
5119,-0.2659,-0.0212,1.0110
5120,-0.4233,-0.2832,0.9585
5121,-0.3721,-0.1199,1.0950
5122,-0.2500,-0.2163,1.0100
5123,0.0627,-0.1287,1.0432
5124,0.3120,0.0132,1.0198
5125,0.4456,0.0449,0.9536
5126,0.3999,0.1143,0.9270
5127,0.1707,0.0649,0.9351
5128,-0.0320,0.0273,0.9507
5129,-0.1353,-0.0569,0.9670
5130,-0.0962,-0.0432,0.9875
5131,-0.0315,-0.1118,0.9915
5132,0.0913,-0.0320,1.0198
5133,0.0850,0.0149,0.9622
5134,0.0347,0.0876,0.9780
5135,-0.0889,0.1587,0.9780
5136,-0.1982,0.1057,0.9778
5137,-0.2556,0.1057,0.9592
5138,-0.2488,0.0579,0.9575
5139,-0.1877,0.0464,1.0024
5140,-0.0620,-0.0776,0.9827
5141,0.0007,-0.1230,1.0051
5142,0.0171,-0.0596,1.0220
5143,0.0103,-0.0906,0.9810
5144,-0.0889,0.0417,0.9749
5145,-0.2095,0.0688,0.9458
5146,-0.2021,0.1978,0.9536
5147,-0.1682,0.0872,0.8979
5148,-0.0110,0.0728,0.9771
5149,0.2109,-0.0212,0.9866
5150,0.3977,-0.0815,0.9692
5151,0.5376,0.0381,1.0305
5152,0.5776,0.0322,0.9827
5153,0.4077,-0.0159,1.0110
5154,0.1885,0.1248,1.0500
5155,-0.0535,-0.0376,0.9504
5156,-0.2478,0.0439,0.9954
5157,-0.2827,-0.0300,0.9644
5158,-0.1443,-0.0803,0.9446
5159,-0.0295,-0.0613,0.9341
5160,0.0127,-0.0061,0.9465
5161,-0.1074,-0.0911,0.9485
5162,-0.2979,-0.1772,0.9993
5163,-0.4399,-0.2249,1.0386
5164,-0.4382,-0.2363,1.0256
5165,-0.1765,-0.1223,0.9885
5166,0.1697,-0.0281,0.9878
5167,0.4124,0.0408,0.9536
5168,0.4902,0.1211,0.9663
5169,0.3840,0.1411,0.9341
5170,0.1318,-0.0046,0.9280
5171,-0.0671,0.0144,1.0198
5172,-0.1814,-0.1477,0.9875
5173,-0.1143,-0.1633,1.0208
5174,-0.0164,-0.0798,1.0151
5175,0.0659,-0.0725,0.9827
5176,0.1257,0.0945,0.9758
5177,0.0439,0.0945,0.9038
5178,-0.1062,0.1902,0.9592
5179,-0.2185,0.1609,0.9182
5180,-0.2791,0.0759,0.9290
5181,-0.2517,0.1028,1.0227
5182,-0.1597,-0.1133,0.9780
5183,-0.0383,-0.1028,1.0493
5184,0.0449,-0.0850,1.0432
5185,0.0491,-0.0837,1.0015
5186,-0.0032,0.0303,1.0073
5187,-0.1265,0.0613,0.9819
5188,-0.1936,0.1272,0.9436
5189,-0.2104,0.0879,0.9116
5190,-0.1150,0.2227,0.9399
5191,0.0310,0.0112,0.8657
5192,0.2278,0.1113,0.9956
5193,0.3560,0.0332,0.9749
5194,0.4546,-0.0967,1.0032
5195,0.4456,-0.0261,1.0679
5196,0.3313,-0.1140,1.0239
5197,0.1895,-0.0132,1.0598
5198,-0.0210,0.0359,1.0044
5199,-0.1775,-0.0283,0.9739
5200,-0.1543,0.0696,0.9866
5201,-0.1521,-0.0728,0.9143
5202,-0.0430,-0.0171,0.9302
5203,-0.0559,-0.1553,0.8921
5204,-0.1501,-0.1143,0.9846
5205,-0.2683,-0.2427,0.9602
5206,-0.3921,-0.2031,1.0083
5207,-0.3750,-0.1084,1.0256
5208,-0.1475,-0.0957,0.9846
5209,0.1033,0.0625,1.0161
5210,0.3103,0.0818,0.9944
5211,0.4390,0.0520,0.9543
5212,0.3315,0.0901,0.9866
5213,0.1787,-0.0256,0.9534
5214,0.0051,-0.0786,0.9844
5215,-0.0979,-0.0786,1.0171
5216,-0.0950,-0.1438,0.9885
5217,0.0151,-0.0806,0.9768
5218,-0.0005,-0.0176,0.9663
5219,0.0955,0.1140,0.9592
5220,0.0205,0.0720,0.8889
5221,-0.0618,0.2786,0.9895
5222,-0.1580,0.1682,0.9290
5223,-0.2126,0.0920,0.9504
5224,-0.2551,0.0776,1.0229
5225,-0.2166,-0.0635,1.0295
5226,-0.1453,-0.1536,1.0198
5227,-0.0740,-0.1675,1.0442
5228,-0.0022,-0.0710,1.0415
5229,-0.0142,-0.0803,0.9419
5230,-0.0774,0.1643,0.9885
5231,-0.1660,0.1638,0.8862
5232,-0.2188,0.1189,0.8899
5233,-0.1885,0.2737,0.9739
5234,-0.0581,-0.0059,0.8782
5235,0.1902,0.0159,0.9819
5236,0.3259,-0.0281,1.0542
5237,0.5725,-0.1196,1.0288
5238,0.5688,-0.1865,1.0374
5239,0.4575,-0.0059,1.0901
5240,0.2483,-0.1104,0.9839
5241,-0.0295,0.1072,1.0002
5242,-0.2522,0.1221,0.9282
5243,-0.2781,0.1030,0.9133
5244,-0.2322,0.0779,0.9065
5245,-0.0696,-0.0017,0.9351
5246,0.0422,-0.1450,0.9250
5247,-0.0242,-0.2322,0.9915
5248,-0.1060,-0.2024,1.0344
5249,-0.3064,-0.3296,0.9944
5250,-0.3582,-0.1394,1.0696
5251,-0.2761,-0.1147,1.0100
5252,-0.0203,0.0349,0.9934
5253,0.2515,0.1289,0.9319
5254,0.3940,0.1228,0.9465
5255,0.4153,0.0776,0.9731
5256,0.2471,-0.1079,0.9426
5257,0.0469,-0.0889,1.0012
5258,-0.1116,-0.1851,0.9709
5259,-0.1501,-0.1365,1.0012
5260,-0.1155,-0.1235,0.9895
5261,-0.0103,-0.0371,0.9968
5262,0.0793,0.0667,0.9536
5263,0.1289,0.1489,0.9272
5264,0.0735,0.2407,0.9634
5265,-0.0833,0.1411,0.9331
5266,-0.1973,0.1624,0.9866
5267,-0.3071,0.1428,0.9983
5268,-0.3149,0.0063,0.9810
5269,-0.2141,-0.0020,1.0327
5270,-0.1067,-0.0366,1.0444
5271,0.0146,-0.0896,1.0012
5272,0.0405,-0.0286,0.9875
5273,0.0007,0.0925,0.9585
5274,-0.1143,0.1316,0.9163
5275,-0.2107,0.2607,0.9094
5276,-0.2532,0.1538,0.9087
5277,-0.1086,0.1323,0.9761
5278,0.0889,-0.1343,0.9553
5279,0.3506,-0.1204,1.0735
5280,0.5530,-0.2161,1.0112
5281,0.6321,-0.1199,1.0532
5282,0.5198,0.0308,1.0483
5283,0.2607,-0.0674,0.9758
5284,0.0039,0.0547,0.9966
5285,-0.2712,-0.0103,0.9612
5286,-0.2561,0.0161,0.9163
5287,-0.2532,-0.1355,0.8899
5288,-0.0649,0.0474,0.9956
5289,0.0024,-0.2551,0.8804
5290,-0.0256,-0.0356,1.0181
5291,-0.2190,-0.1736,0.9829
5292,-0.3306,-0.2380,1.0278
5293,-0.4175,-0.2683,1.0640
5294,-0.2371,-0.1533,1.0842
5295,0.0605,-0.1111,0.9709
5296,0.3232,0.0452,0.9680
5297,0.4758,0.1394,0.9565
5298,0.3921,0.0012,0.8879
5299,0.1995,0.0879,0.9478
5300,-0.0413,-0.0535,0.9182
5301,-0.1401,-0.1150,0.9585
5302,-0.1599,-0.0535,1.0032
5303,-0.0571,-0.0354,1.0002
5304,0.0854,0.0762,0.9983
5305,0.1060,0.0945,1.0002
5306,0.1152,0.2021,1.0093
5307,0.0085,0.1111,0.9470
5308,-0.1223,0.3066,1.0073
5309,-0.2119,0.1575,0.9106
5310,-0.2437,0.1704,0.9883
5311,-0.2266,0.1033,0.9592
5312,-0.1721,0.0090,0.9749
5313,-0.1072,0.0903,0.9875
5314,-0.0769,-0.0884,0.9644
5315,-0.0542,0.0325,1.0474
5316,-0.1021,-0.0762,0.9683
5317,-0.0901,0.0637,0.9905
5318,-0.1851,0.0635,0.9565
5319,-0.1289,0.0359,0.9575
5320,-0.0581,0.0139,0.9556
5321,0.0676,0.0137,0.9653
5322,0.3120,-0.0049,0.9514
5323,0.4495,-0.0618,1.0015
5324,0.5344,-0.0774,1.0327
5325,0.5283,-0.1274,0.9993
5326,0.3228,-0.0251,1.0129
5327,0.0710,-0.0183,0.9934
5328,-0.1853,-0.0261,0.9709
5329,-0.3164,0.0103,0.9785
5330,-0.2622,-0.0364,0.9341
5331,-0.1641,-0.1074,0.9329
5332,-0.0125,-0.1306,0.9719
5333,-0.0093,-0.1865,0.9729
5334,-0.1213,-0.1526,0.9761
5335,-0.2788,-0.1638,0.9854
5336,-0.3259,-0.0999,1.0217
5337,-0.2578,-0.1687,0.9897
5338,-0.0300,0.0259,1.0522
5339,0.2224,0.0168,0.9583
5340,0.3804,0.0090,0.9602
5341,0.3953,0.0898,0.9797
5342,0.2661,-0.0803,0.9377
5343,0.1138,0.0300,0.9895
5344,-0.0938,-0.1375,0.9624
5345,-0.0979,-0.0476,1.0364
5346,-0.1191,-0.1172,0.9670
5347,-0.0129,0.0681,0.9983
5348,0.0796,0.1145,0.9478
5349,0.0994,0.1270,0.9351
5350,0.0308,0.2305,0.9807
5351,-0.0771,0.1880,0.9409
5352,-0.1863,0.1270,0.9370
5353,-0.2849,0.0930,1.0159
5354,-0.2629,0.0217,1.0015
5355,-0.2249,-0.0945,0.9946
5356,-0.0898,0.1077,1.0549
5357,-0.0398,-0.0374,0.9553
5358,0.0276,0.1372,1.0161
5359,-0.0076,0.0693,0.9524
5360,-0.0798,0.0247,0.9634
5361,-0.1594,0.0288,0.9692
5362,-0.1821,0.0149,0.9446
5363,-0.0874,0.0037,0.9348
5364,0.1079,0.0083,0.9634
5365,0.2744,-0.0173,0.9915
5366,0.4619,-0.0845,0.9885
5367,0.5325,-0.1067,1.0039
5368,0.4277,-0.0420,1.0461
5369,0.1943,-0.1487,0.9836
5370,-0.0232,0.0305,1.0159
5371,-0.3176,0.0137,0.9709
5372,-0.3542,0.0732,0.9680
5373,-0.2886,-0.0813,0.9067
5374,-0.1348,-0.0662,0.9937
5375,0.0293,-0.2036,0.9309
5376,0.0630,-0.2163,0.9583
5377,-0.0144,-0.0757,1.0129
5378,-0.1243,-0.1555,0.9644
5379,-0.1880,-0.0112,1.0073
5380,-0.1521,0.0532,1.0159
5381,0.0342,0.0002,0.9749
5382,0.1606,-0.0383,0.9807
5383,0.2952,-0.0195,1.0122
5384,0.3232,-0.1294,0.9426
5385,0.1934,-0.0430,0.9895
5386,0.0449,0.0137,0.9741
5387,-0.0789,-0.0728,0.9514
5388,-0.1226,0.1216,1.0073
5389,-0.1230,0.0002,0.9602
5390,0.0193,0.1118,1.0024
5391,0.0784,-0.0398,0.9290
5392,0.1555,0.1831,1.0386
5393,0.1052,0.0508,0.9065
5394,0.0068,0.1101,0.9719
5395,-0.1733,0.1106,0.9993
5396,-0.2856,-0.0105,0.9731
5397,-0.3374,0.0271,0.9897
5398,-0.3462,-0.0322,1.0156
5399,-0.2043,-0.0852,1.0188
5400,-0.1101,-0.0920,1.0042
5401,-0.0010,0.0439,0.9839
5402,0.0146,0.0686,0.9263
5403,-0.0105,0.1375,0.9287
5404,-0.1096,0.0691,0.9250
5405,-0.1340,0.0212,0.9458
5406,-0.0518,-0.0923,0.9465
5407,0.1094,-0.1177,1.0002
5408,0.3228,-0.0762,1.0178
5409,0.4849,-0.0476,1.0222
5410,0.5618,0.1172,1.0200
5411,0.4565,0.0759,0.9768
5412,0.1768,0.1284,1.0562
5413,-0.1162,-0.0693,0.9800
5414,-0.3005,-0.1660,0.9768
5415,-0.3601,-0.0398,1.0151
5416,-0.2195,-0.1672,0.8677
5417,-0.0142,0.0066,0.9048
5418,0.0469,0.1311,0.9368
5419,0.0312,0.0312,0.8977
5420,-0.1636,-0.0276,0.9614
5421,-0.3298,-0.0007,1.0706
5422,-0.3159,-0.2263,1.0151
5423,-0.1873,-0.1372,1.0764
5424,0.0894,-0.0186,1.0657
5425,0.3389,-0.0994,0.9702
5426,0.4458,0.1187,0.9973
5427,0.3567,0.0862,0.9429
5428,0.2046,-0.0129,0.9263
5429,-0.0015,-0.1143,0.9221
5430,-0.1465,-0.1409,0.9937
5431,-0.1345,-0.1606,0.9475
5432,-0.0686,-0.1465,0.9468
5433,0.0225,0.1133,1.0376
5434,0.1243,0.0037,0.9302
5435,0.1204,0.2075,1.0073
5436,0.0061,0.2087,0.9495
5437,-0.1167,0.0806,0.9624
5438,-0.2568,0.1514,1.0317
5439,-0.3513,-0.0854,0.9866
5440,-0.3035,0.0286,1.0286
5441,-0.2322,-0.0798,0.9526
5442,-0.0691,0.0586,1.0269
5443,0.0400,0.0205,0.9456
5444,0.0815,0.0530,0.9690
5445,0.0181,0.1211,0.9749
5446,-0.0950,-0.0371,0.9104
5447,-0.1492,0.0667,0.9924
5448,-0.1763,-0.0291,0.9521
5449,-0.0208,-0.0325,0.9712
5450,0.1592,0.0032,0.9836
5451,0.3823,-0.0264,0.9875
5452,0.4702,-0.0647,1.0090
5453,0.4456,-0.0562,1.0288
5454,0.2751,-0.1011,1.0042
5455,0.0566,-0.0359,0.9985
5456,-0.1772,0.0015,0.9810
5457,-0.2966,0.0518,0.9553
5458,-0.2576,0.0029,0.9133
5459,-0.1333,0.0320,0.9709
5460,0.0115,-0.0876,0.9536
5461,0.0598,-0.1462,0.9575
5462,-0.0149,-0.1304,0.9983
5463,-0.1292,-0.1643,0.9895
5464,-0.2466,-0.0972,1.0083
5465,-0.2458,0.0588,0.9963
5466,-0.0735,0.0688,0.9700
5467,0.0847,0.0913,1.0012
5468,0.2546,-0.0508,0.9768
5469,0.3284,-0.1106,1.0061
5470,0.2886,-0.1731,0.9573
5471,0.1926,-0.1555,0.9800
5472,0.0625,-0.0342,0.9995
5473,-0.0520,-0.0925,0.9241
5474,-0.0771,0.0896,0.9993
5475,-0.0676,0.0913,0.9475
5476,0.0312,0.0112,0.9602
5477,0.0618,0.1282,0.9983
5478,0.0481,-0.0171,0.9546
5479,0.0161,0.1426,1.0178
5480,-0.1719,0.0071,0.9312
5481,-0.2881,0.1538,1.0259
5482,-0.3687,0.0984,0.9634
5483,-0.3491,0.0110,0.9673
5484,-0.2097,0.0730,1.0422
5485,-0.0564,-0.0789,0.9670
5486,0.1021,-0.0337,0.9885
5487,0.1436,0.0303,0.9839
5488,0.0520,0.0251,0.9448
5489,-0.0647,0.0852,0.9458
5490,-0.1799,0.0957,0.9409
5491,-0.1882,0.0422,0.9514
5492,-0.0239,-0.0076,0.9797
5493,0.1792,-0.0425,1.0044
5494,0.4060,-0.1116,0.9976
5495,0.5334,-0.0613,1.0308
5496,0.4478,0.0354,1.0286
5497,0.2598,-0.0513,0.9663
5498,-0.0054,0.0923,1.0334
5499,-0.2612,0.0225,0.9658
5500,-0.3291,-0.0232,0.9419
5501,-0.2625,0.0410,0.9368
5502,-0.1187,-0.0747,0.9250
5503,0.0698,0.0398,0.9670
5504,0.0352,-0.0662,0.9165
5505,-0.0276,0.0278,1.0110
5506,-0.1909,-0.1426,0.9819
5507,-0.2495,-0.1128,1.0796
5508,-0.1848,-0.1548,1.0383
5509,-0.0071,-0.1892,1.0034
5510,0.1836,-0.0757,1.0356
5511,0.3105,-0.1453,0.9360
5512,0.2981,-0.1033,0.9404
5513,0.1831,0.0256,0.9417
5514,0.0474,-0.0986,0.8940
5515,-0.0449,-0.0042,0.9634
5516,-0.0793,-0.0728,0.9565
5517,-0.0068,-0.0388,1.0181
5518,0.0723,0.0032,1.0156
5519,0.1179,-0.0103,0.9983
5520,0.1062,0.0896,1.0461
5521,0.0337,0.0806,0.9470
5522,-0.0686,0.1389,0.9612
5523,-0.1733,0.2568,0.9731
5524,-0.2917,0.0566,0.8909
5525,-0.2651,0.1726,0.9985
5526,-0.2883,0.0334,0.9475
5527,-0.1794,-0.0081,0.9778
5528,-0.0854,-0.0061,1.0347
5529,-0.0281,-0.0176,1.0159
5530,-0.0112,-0.0432,0.9897
5531,-0.0200,0.1562,1.0190
5532,-0.0999,0.0642,0.9221
5533,-0.0530,0.1028,0.9709
5534,-0.0437,0.0835,0.9546
5535,0.0808,-0.0007,0.9602
5536,0.2864,-0.0212,0.9504
5537,0.3901,-0.0200,0.9963
5538,0.4875,-0.0486,1.0156
5539,0.3599,-0.0981,1.0061
5540,0.1445,-0.0403,1.0083
5541,-0.0991,-0.0471,0.9995
5542,-0.2869,-0.0081,0.9778
5543,-0.3154,-0.0247,0.9565
5544,-0.2034,0.0188,0.9670
5545,-0.0718,0.0156,0.9263
5546,0.0354,-0.0730,0.9312
5547,-0.0176,-0.0112,0.9849
5548,-0.1211,-0.2681,0.9592
5549,-0.1843,-0.1660,1.0652
5550,-0.2473,-0.2942,1.0259
5551,-0.0701,-0.1482,1.0413
5552,0.0598,-0.1589,0.9810
5553,0.2173,0.0535,1.0071
5554,0.3079,-0.0334,0.8872
5555,0.2209,0.1240,0.9458
5556,0.1116,0.0469,0.9124
5557,0.0391,-0.0569,0.9438
5558,-0.0679,-0.0571,0.9995
5559,-0.0486,-0.0957,0.9829
5560,0.0159,-0.1082,0.9985
5561,0.0520,0.0447,1.0374
5562,0.0911,0.0117,0.9897
5563,0.0945,0.2180,1.0217
5564,0.0105,0.1724,0.9351
5565,-0.0417,0.2039,0.9722
5566,-0.1787,0.1477,0.9565
5567,-0.2588,0.1091,0.9592
5568,-0.2812,0.0527,0.9546
5569,-0.2869,-0.0066,0.9817
5570,-0.1829,-0.0549,1.0032
5571,-0.0881,-0.0513,1.0112
5572,0.0522,-0.0039,0.9888
5573,0.1152,0.0056,0.9836
5574,0.0745,0.0618,0.9937
5575,0.0103,0.0212,0.9426
5576,-0.0615,0.0730,0.9670
5577,-0.0767,0.0581,0.9507
5578,0.0366,0.0391,0.9651
5579,0.1895,0.0818,0.9897
5580,0.3521,0.0120,0.9485
5581,0.4309,0.0007,1.0112
5582,0.3181,0.0093,1.0413
5583,0.0725,-0.1323,0.9946
5584,-0.1287,-0.0125,1.0120
5585,-0.3228,0.0029,0.9663
5586,-0.3225,0.0334,0.9526
5587,-0.1770,-0.0095,0.9280
5588,-0.0632,-0.0376,0.9556
5589,0.0125,-0.0742,0.9661
5590,-0.0081,-0.1538,0.9514
5591,-0.1089,-0.1885,1.0054
5592,-0.1475,-0.2598,1.0422
5593,-0.1045,-0.2102,1.0161
5594,0.0122,-0.1277,1.0044
5595,0.1646,-0.0107,1.0002
5596,0.2471,-0.1069,0.9399
5597,0.1877,0.0000,0.9976
5598,0.1265,-0.0063,0.9231
5599,0.0056,-0.0947,0.9028
5600,-0.0305,0.0701,1.0042
5601,-0.0376,-0.0791,0.9429
5602,0.0398,0.0168,0.9924
5603,0.0261,0.0498,1.0227
5604,0.1123,0.0645,1.0015
5605,0.0603,-0.0112,0.9836
5606,0.0413,0.2166,1.0474
5607,0.0115,0.0332,0.9250
5608,-0.0110,0.1543,0.9849
5609,-0.1133,0.0918,0.9614
5610,-0.1238,0.0305,0.9543
5611,-0.1851,0.0256,0.9478
5612,-0.2930,0.0139,0.9731
5613,-0.2812,-0.0408,0.9927
5614,-0.2568,-0.0845,0.9927
5615,-0.1235,-0.0112,1.0259
5616,0.0581,-0.0061,0.9680
5617,0.1399,0.0989,0.9937
5618,0.2029,0.1409,0.9622
5619,0.1289,0.0488,0.9468
5620,0.0371,0.1650,0.9976
5621,-0.0037,0.0042,0.9368
5622,0.0864,0.0854,0.9875
5623,0.1589,0.0139,0.9739
5624,0.3062,0.0476,1.0073
5625,0.2649,0.0039,0.9907
5626,0.1565,0.0239,0.9983
5627,-0.0613,-0.0654,0.9858
5628,-0.2439,-0.0083,1.0315
5629,-0.3101,-0.1279,0.9380
5630,-0.2883,-0.0845,0.9700
5631,-0.1638,-0.0264,0.9417
5632,-0.0500,-0.1577,0.9104
5633,-0.0044,-0.0823,1.0044
5634,-0.0271,-0.3008,0.9602
5635,0.0134,-0.2622,1.0410
5636,-0.0320,-0.2671,1.0229
5637,0.0669,-0.1392,1.0188
5638,0.0750,-0.0981,0.9709
5639,0.1260,0.1428,1.0168
5640,0.1270,0.0657,0.9077
5641,0.1028,0.1704,0.9653
5642,0.0662,0.0720,0.9368
5643,0.0588,-0.0115,0.9556
5644,0.0513,-0.0305,0.9778
5645,0.0342,-0.0107,0.9937
5646,0.0532,-0.0435,0.9827
5647,0.0205,0.1206,1.0356
5648,0.0176,0.1379,0.9768
5649,-0.0122,0.1655,0.9819
5650,-0.0190,0.2009,0.9829
5651,-0.0630,0.0513,0.9604
5652,-0.0920,0.0515,0.9866
5653,-0.1936,-0.0486,0.9673
5654,-0.2627,-0.0955,0.9839
5655,-0.2883,-0.1611,0.9817
5656,-0.2324,-0.1025,1.0142
5657,-0.1006,-0.0923,0.9570
5658,0.0581,0.0132,0.9534
5659,0.1565,0.1306,0.9497
5660,0.1653,0.1306,0.9319
5661,0.0737,0.1860,0.9702
5662,-0.0317,0.1187,0.9565
5663,-0.0256,0.0635,0.9915
5664,-0.0093,-0.0076,1.0190
5665,0.1643,-0.0779,1.0444
5666,0.3069,-0.1367,1.0122
5667,0.3350,-0.0828,1.0383
5668,0.2439,-0.0017,1.0081
5669,0.0088,-0.0374,0.9231
5670,-0.2073,0.1487,0.9573
5671,-0.3472,0.0818,0.8960
5672,-0.3257,0.0330,0.9194
5673,-0.2102,-0.0579,0.9360
5674,-0.1060,-0.2458,0.9829
5675,0.0652,-0.2588,1.0315
5676,0.0774,-0.3796,0.9917
5677,0.0557,-0.2048,1.0835
5678,0.0256,-0.2019,0.9966
5679,-0.0186,-0.0862,1.0151
5680,-0.0322,0.1094,1.0266
5681,0.0151,0.0342,0.8911
5682,0.0710,0.1685,0.9407
5683,0.0864,0.1445,0.9368
5684,0.0942,-0.0095,0.9009
5685,0.0562,0.0164,0.9700
5686,0.0393,0.0195,1.0024
5687,0.0444,-0.1052,0.9683
5688,0.0669,0.0405,1.0444
5689,0.0112,0.0449,1.0454
5690,0.0476,0.0454,1.0081
5691,0.0151,0.1040,0.9946
5692,-0.0356,0.2280,1.0142
5693,-0.0425,0.0891,0.8882
5694,-0.1021,0.1643,0.9377
5695,-0.1846,0.1306,0.9536
5696,-0.1760,-0.1113,0.9084
5697,-0.1790,-0.0793,0.9963
5698,-0.1648,-0.1904,1.0315
5699,0.0054,-0.2083,1.0042
5700,0.0447,-0.1555,1.0083
5701,0.1047,0.0962,1.0503
5702,0.0942,0.0361,0.8979
5703,-0.0061,0.2505,0.9692
5704,-0.0830,0.2563,0.9487
5705,-0.1157,0.0359,0.9038
5706,-0.0754,0.1011,1.0122
5707,0.0662,-0.0964,0.9819
5708,0.2239,-0.1948,1.0093
5709,0.3101,-0.1133,1.0588
5710,0.3391,-0.1348,1.0122
5711,0.2212,-0.0803,0.9937
5712,-0.0010,0.0654,0.9927
5713,-0.1833,0.1113,0.9553
5714,-0.2593,0.0740,0.8970
5715,-0.2769,-0.0029,0.9429
5716,-0.1755,-0.1008,0.9739
5717,-0.0942,-0.3103,0.9282
5718,-0.0415,-0.1963,1.0073
5719,-0.0415,-0.2788,0.9846
5720,-0.0457,-0.2126,1.0239
5721,-0.0383,-0.0435,1.0491
5722,0.0281,0.0029,0.9819
5723,0.0925,0.0920,0.9924
5724,0.1389,0.1243,0.9683
5725,0.1626,0.0969,0.9426
5726,0.0818,0.1289,0.9370
5727,0.0200,0.0530,0.9272
5728,-0.0024,0.0708,0.9702
5729,-0.0244,0.0603,0.9897
5730,0.0444,0.0527,0.9758
5731,0.0862,0.0308,1.0044
5732,0.0940,0.0720,1.0317
5733,0.1240,0.0234,1.0100
5734,0.0320,0.1145,1.0002
5735,-0.0532,0.1055,0.9575
5736,-0.0439,0.0613,0.9397
5737,-0.1521,0.0364,0.9719
5738,-0.1567,-0.0291,0.9351
5739,-0.1763,-0.1555,0.9290
5740,-0.2163,-0.0679,0.9917
5741,-0.2043,-0.2332,0.9749
5742,-0.0947,-0.0371,1.0374
5743,-0.0388,-0.0549,0.9849
5744,0.1145,0.1392,1.0229
5745,0.1431,0.0540,0.9377
5746,0.1519,0.1516,1.0178
5747,0.0579,0.0049,0.9319
5748,-0.0239,-0.0508,0.9692
5749,-0.0764,0.0032,0.9956
5750,-0.0483,-0.1262,0.9260
5751,0.1042,0.0432,0.9751
5752,0.1909,0.0625,0.9758
5753,0.2896,0.0579,0.9836
5754,0.1843,-0.0396,0.9976
5755,0.0566,0.0679,1.0569
5756,-0.1394,-0.1526,0.9670
5757,-0.2061,0.0208,1.0225
5758,-0.2769,-0.1868,0.9321
5759,-0.1909,-0.0291,0.9849
5760,-0.1494,-0.1179,0.8794
5761,-0.0552,0.0598,0.9563
5762,-0.0137,-0.0903,0.9329
5763,0.0039,-0.0972,0.9885
5764,0.0437,-0.0928,1.0266
5765,0.0808,-0.0640,1.0142
5766,0.1147,-0.0356,1.0217
5767,0.1062,0.0396,1.0474
5768,0.0952,0.0496,1.0042
5769,0.0583,0.0210,0.9573
5770,0.0437,0.0552,0.9751
5771,0.0161,0.0339,0.9546
5772,0.0015,-0.0190,0.9211
5773,0.0063,0.0642,0.9634
5774,-0.0327,-0.0225,0.9456
5775,-0.0063,0.0513,0.9927
5776,0.0073,0.0549,0.9653
5777,0.0671,0.1382,0.9897
5778,0.0354,0.0344,0.9778
5779,0.0315,0.0562,1.0259
5780,-0.0684,-0.1321,0.9973
5781,-0.1628,-0.0845,1.0120
5782,-0.2437,-0.1609,0.9585
5783,-0.2361,-0.0471,1.0012
5784,-0.1907,-0.1096,0.9417
5785,-0.0378,-0.0276,0.9856
5786,0.0945,0.0869,0.9966
5787,0.1482,-0.0264,0.9263
5788,0.1636,0.1111,0.9763
5789,0.0527,0.0696,0.9670
5790,-0.0259,0.1306,0.9673
5791,-0.1145,0.0388,0.9360
5792,-0.0994,0.1335,1.0247
5793,-0.0225,-0.0371,0.9553
5794,0.1721,0.0615,1.0103
5795,0.2720,0.0520,0.9954
5796,0.3015,0.0254,1.0093
5797,0.2036,0.0171,0.9944
5798,-0.0239,-0.0117,1.0151
5799,-0.1401,-0.0449,0.9875
5800,-0.2637,-0.1394,0.9692
5801,-0.2100,-0.0281,0.9885
5802,-0.1621,-0.2192,0.8762
5803,-0.0569,-0.0325,0.9749
5804,-0.0476,-0.1724,0.9221
5805,-0.0281,-0.1882,0.9980
5806,-0.0322,-0.1978,0.9885
5807,-0.0581,-0.2729,1.0393
5808,0.0457,-0.0791,1.0520
5809,0.0791,-0.1758,0.9524
5810,0.1270,0.2080,1.0579
5811,0.0852,0.0181,0.8850
5812,0.0955,0.2009,0.9780
5813,-0.0093,0.1279,0.9424
5814,0.0217,0.0515,0.9221
5815,0.0027,0.0256,0.9485
5816,0.0369,0.0701,1.0042
5817,0.0464,-0.0396,0.9690
5818,0.0686,0.1475,1.0269
5819,0.0513,0.1792,1.0132
5820,0.0413,0.1572,0.9946
5821,-0.0020,0.0444,0.9634
5822,-0.0515,0.0535,1.0278
5823,-0.0715,-0.1106,0.9702
5824,-0.1316,-0.1492,0.9490
5825,-0.2007,-0.0598,0.9839
5826,-0.1990,-0.0798,0.9114
5827,-0.2024,-0.0381,0.9429
5828,-0.1292,0.0847,1.0034
5829,-0.0420,-0.1167,0.9651
5830,0.0769,0.0276,1.0454
5831,0.1321,-0.0500,0.9819
5832,0.1716,0.0635,0.9895
5833,0.0896,0.1025,0.9712
5834,0.0222,0.1838,0.9907
5835,-0.0417,0.1143,0.9573
5836,0.0310,0.1360,0.9622
5837,0.1243,0.0427,0.9524
5838,0.2104,0.0369,0.9866
5839,0.2598,0.0383,0.9683
5840,0.1638,-0.0208,0.9724
5841,0.0022,0.0679,1.0286
5842,-0.1284,-0.0613,0.9683
5843,-0.1909,-0.0325,1.0161
5844,-0.1770,-0.1204,0.9690
5845,-0.1282,-0.2454,0.9780
5846,-0.0737,-0.2175,0.9800
5847,-0.1389,-0.3181,0.9517
5848,-0.1367,-0.1042,0.9976
5849,-0.1833,-0.2058,0.9282
5850,-0.0906,0.0320,1.0422
5851,0.0107,-0.1147,0.9377
5852,0.1660,-0.0466,1.0237
5853,0.1877,-0.0122,1.0229
5854,0.1648,-0.1353,0.9514
5855,0.0706,0.0205,0.9976
5856,-0.0547,0.0166,0.9595
5857,-0.0520,0.0554,0.9417
5858,-0.0452,0.1038,0.9478
5859,0.0779,0.1145,0.9622
5860,0.1646,0.0530,0.9719
5861,0.1265,0.1013,0.9924
5862,0.0605,0.0962,1.0024
5863,-0.0488,0.0969,0.9875
5864,-0.1628,0.0576,0.9778
5865,-0.1697,0.1045,1.0208
5866,-0.1523,-0.0044,0.9575
5867,-0.0806,-0.0645,0.9690
5868,-0.0464,-0.0061,1.0181
5869,-0.0391,-0.1399,0.9351
5870,-0.0161,-0.0413,0.9807
5871,-0.0383,0.0398,0.9875
5872,-0.0171,0.0078,0.9612
5873,0.0134,0.1011,0.9573
5874,0.0107,0.1111,0.9788
5875,0.0786,0.0852,0.9622
5876,0.0674,0.0027,0.9622
5877,0.0525,0.0684,1.0122
5878,0.0312,-0.1021,0.9573
5879,0.0591,0.0242,1.0178
5880,0.0503,0.0171,0.9819
5881,0.1587,0.0918,0.9856
5882,0.1372,0.0657,0.9807
5883,0.1187,0.0681,0.9973
5884,0.0547,-0.0405,0.9885
5885,-0.0347,-0.0020,1.0015
5886,-0.1372,-0.1675,0.9602
5887,-0.1196,-0.0774,0.9888
5888,-0.1619,-0.1890,0.9270
5889,-0.1494,-0.0737,0.9624
5890,-0.1943,-0.1287,0.9419
5891,-0.1758,-0.1047,0.9956
5892,-0.1572,-0.2288,0.9915
5893,-0.0691,-0.1501,1.0317
5894,0.0769,-0.1233,0.9819
5895,0.1704,-0.0813,0.9788
5896,0.1733,0.0503,1.0132
5897,0.1033,0.0078,0.9673
5898,0.0493,0.1152,0.9719
5899,-0.0100,0.0415,0.9185
5900,-0.0034,0.0752,0.9731
5901,0.0852,0.0349,0.9575
5902,0.1707,0.0559,0.9858
5903,0.1824,0.0669,0.9956
5904,0.1213,0.0173,0.9875
5905,-0.0090,0.0911,1.0432
5906,-0.1367,0.0059,0.9709
5907,-0.2051,-0.0137,1.0122
5908,-0.2107,0.0891,1.0217
5909,-0.1790,-0.1665,0.9026
5910,-0.1094,0.0007,0.9866
5911,-0.1016,-0.0708,0.9360
5912,-0.0168,-0.0667,0.9436
5913,-0.0205,-0.0149,0.9839
5914,-0.0061,-0.0415,0.9641
5915,0.0271,-0.0754,0.9866
5916,0.0627,0.1023,1.0122
5917,0.0410,0.0256,0.9446
5918,0.0525,0.1699,0.9944
5919,-0.0090,0.1235,0.9700
5920,0.0383,0.1233,0.9827
5921,0.0271,0.0400,0.9624
5922,0.0864,0.0896,1.0178
5923,0.2090,-0.0388,0.9612
5924,0.2070,0.0183,1.0129
5925,0.1858,0.1138,0.9966
5926,0.0933,-0.0295,0.9417
5927,-0.0232,0.1812,1.0073
5928,-0.1582,-0.0681,0.9194
5929,-0.1189,0.0237,0.9976
5930,-0.1367,-0.1423,0.9399
5931,-0.0811,-0.1426,0.9807
5932,-0.1111,-0.2446,0.9817
5933,-0.1860,-0.2476,1.0012
5934,-0.2026,-0.2671,1.0090
5935,-0.1765,-0.1411,1.0198
5936,-0.0698,-0.1162,0.9800
5937,0.0815,-0.0256,0.9817
5938,0.1853,0.0266,0.9731
5939,0.2075,0.0142,0.9397
5940,0.1260,0.0371,0.9612
5941,0.0164,0.0693,0.9683
5942,-0.0562,-0.0847,0.9399
5943,-0.0640,0.0640,1.0112
5944,0.0146,-0.0122,0.9583
5945,0.1599,0.0476,1.0110
5946,0.1765,0.0503,0.9878
5947,0.1433,0.0320,1.0286
5948,0.0518,0.0833,1.0110
5949,-0.1365,-0.0645,0.9426
5950,-0.1802,0.1208,1.0181
5951,-0.2029,-0.0012,0.9006
5952,-0.1658,0.0991,0.9468
5953,-0.1101,0.0752,0.9358
5954,-0.0557,-0.0173,0.9622
5955,-0.0364,-0.0549,0.9895
5956,-0.0542,-0.1184,1.0229
5957,-0.0112,-0.0627,1.0366
5958,-0.0024,-0.1472,0.9878
5959,0.0356,0.1077,1.0618
5960,0.0383,0.0889,0.9438
5961,0.0391,0.1411,0.9399
5962,0.0571,0.2346,0.9387
5963,0.0305,0.0574,0.9224
5964,0.0889,0.1658,0.9817
5965,0.1006,-0.0190,0.9065
5966,0.1482,0.0679,1.0337
5967,0.1694,0.0227,1.0071
5968,0.1619,-0.0198,1.0034
5969,0.0708,0.0984,1.0608
5970,-0.0288,-0.0374,1.0005
5971,-0.0981,-0.0505,1.0103
5972,-0.1636,-0.0564,0.9917
5973,-0.1746,-0.0786,0.9192
5974,-0.1892,-0.1177,0.8967
5975,-0.1680,-0.0610,0.9575
5976,-0.1816,-0.2319,0.9045
5977,-0.1614,-0.2441,1.0012
5978,-0.0393,-0.1687,1.0054
5979,0.0530,-0.3262,0.9849
5980,0.2192,-0.0442,1.0842
5981,0.2085,-0.1680,0.9495
5982,0.1865,0.0461,1.0281
5983,0.0369,0.0627,0.9768
5984,-0.0491,0.0149,0.9702
5985,-0.0723,0.0325,0.9634
5986,-0.0432,0.0261,0.9399
5987,0.0574,0.0681,0.9546
5988,0.1055,-0.0286,0.9321
5989,0.1245,0.0752,0.9993
5990,0.0374,0.0220,0.9807
5991,-0.0068,0.1433,0.9875
5992,-0.1138,0.0620,0.9575
5993,-0.1323,0.0649,1.0122
5994,-0.1248,0.0454,0.9866
5995,-0.1047,0.0188,0.9744
5996,-0.0750,0.0176,0.9778
5997,-0.1030,-0.1025,0.9839
5998,-0.0779,-0.0542,1.0129
5999,-0.0601,-0.0454,0.9868
6000,-0.0225,0.0193,0.9719
6001,0.0110,0.0161,0.9556
6002,0.0640,0.1960,0.9954
6003,0.0371,0.1196,0.9155
6004,0.0234,0.1736,0.9504
6005,-0.0327,0.0955,0.9827
6006,0.0161,0.0569,0.9817
6007,0.0820,0.0066,0.9602
6008,0.1704,0.0940,1.0344
6009,0.2632,-0.0637,0.9885
6010,0.2356,-0.0525,1.0383
6011,0.1621,0.0657,1.0334
6012,0.0344,-0.0398,0.9407
6013,-0.0835,0.0520,0.9937
6014,-0.1499,-0.0239,0.9351
6015,-0.1675,-0.1101,0.9438
6016,-0.1375,-0.0684,0.9475
6017,-0.1516,-0.2566,0.9360
6018,-0.1484,-0.1948,0.9915
6019,-0.2319,-0.3857,0.9612
6020,-0.1836,-0.2273,1.0435
6021,-0.1377,-0.3269,0.9819
6022,0.0710,-0.1086,1.0435
6023,0.1982,-0.0505,1.0012
6024,0.2983,0.0837,0.9622
6025,0.2478,0.1089,0.9417
6026,0.1067,0.1238,0.9712
6027,-0.0254,0.0134,0.9390
6028,-0.1050,0.0120,0.9829
6029,-0.0703,-0.0176,0.9666
6030,0.0171,-0.0862,0.9780
6031,0.1184,0.1011,1.0303
6032,0.1160,0.0439,0.9346
6033,0.0508,0.2388,1.0073
6034,-0.0833,0.1982,0.9612
6035,-0.1555,0.1050,0.9761
6036,-0.1724,0.1257,0.9966
6037,-0.1567,-0.0320,0.9448
6038,-0.0750,-0.0105,0.9819
6039,-0.0283,-0.0833,0.9568
6040,-0.0042,-0.0813,0.9897
6041,-0.0164,-0.0002,0.9927
6042,-0.0164,0.0334,0.9778
6043,-0.0518,0.0830,1.0034
6044,-0.0762,0.0256,0.9739
6045,-0.0552,0.1228,1.0071
6046,-0.0422,0.0752,0.9397
6047,0.0098,0.1211,0.9644
6048,0.0422,0.1174,0.9624
6049,0.0959,0.0854,0.9478
6050,0.1382,0.0935,0.9612
6051,0.1824,0.0549,1.0093
6052,0.2549,-0.0571,1.0073
6053,0.1970,-0.1799,1.0247
6054,0.1934,-0.0256,1.0647
6055,0.0793,-0.1194,0.9495
6056,-0.0137,0.1279,1.0081
6057,-0.1199,0.0171,0.9426
6058,-0.1069,0.0029,0.9536
6059,-0.1621,-0.1636,0.9377
6060,-0.1289,-0.1587,0.9768
6061,-0.1821,-0.3704,0.9087
6062,-0.2390,-0.2957,1.0161
6063,-0.2146,-0.2556,0.9895
6064,-0.1936,-0.2058,1.0005
6065,-0.0269,0.0232,0.9966
6066,0.1245,-0.0283,0.9583
6067,0.2869,0.1704,1.0269
6068,0.2378,-0.0027,0.9270
6069,0.1726,0.1133,1.0132
6070,0.0156,0.0051,0.9592
6071,-0.0688,-0.0378,0.9846
6072,-0.0735,0.0159,0.9895
6073,0.0083,-0.0081,0.9602
6074,0.0933,0.0957,0.9924
6075,0.1211,0.0405,0.9731
6076,0.0598,0.0967,0.9819
6077,-0.0525,0.0938,0.9556
6078,-0.1392,0.1658,0.9741
6079,-0.2075,0.1113,0.9475
6080,-0.1963,0.0579,0.9729
6081,-0.1499,0.0591,0.9761
6082,-0.0942,-0.1116,0.9495
6083,-0.0010,-0.0745,1.0200
6084,0.0269,-0.2368,1.0002
6085,0.0205,-0.1777,1.0471
6086,-0.0176,-0.0852,1.0051
6087,-0.0439,-0.0151,0.9573
6088,-0.0891,0.1331,0.9719
6089,-0.0835,0.1538,0.9409
6090,-0.0090,0.1946,0.9397
6091,0.0598,0.1221,0.9163
6092,0.1511,0.0828,0.9690
6093,0.2388,-0.0107,0.9670
6094,0.2974,0.0068,1.0090
6095,0.2544,0.0322,1.0286
6096,0.1792,-0.0396,0.9993
6097,0.0601,-0.0125,1.0288
6098,-0.0513,0.0562,1.0298
6099,-0.0691,-0.0105,0.9536
6100,-0.1165,0.0396,0.9712
6101,-0.0544,0.0330,0.9604
6102,-0.0039,-0.0684,0.9148
6103,-0.0691,-0.0457,0.9495
6104,-0.1731,-0.2126,0.9622
6105,-0.2397,-0.2786,0.9829
6106,-0.3840,-0.4097,1.0139
6107,-0.2856,-0.2124,1.0493
6108,-0.0767,-0.2361,0.9399
6109,0.1692,0.0950,1.0337
6110,0.3484,0.0747,0.9321
6111,0.3569,0.0740,0.9573
6112,0.2092,0.1833,0.9839
6113,0.0090,-0.0576,0.9194
6114,-0.1201,0.0142,1.0374
6115,-0.1421,-0.0791,0.9661
6116,-0.0256,-0.0659,0.9866
6117,0.0989,0.1162,1.0034
6118,0.1543,0.0117,0.9446
6119,0.1150,0.1287,1.0132
6120,-0.0273,0.1240,0.9683
6121,-0.1514,0.1079,0.9712
6122,-0.2322,0.1165,0.9592
6123,-0.2642,0.0476,0.9595
6124,-0.1787,0.0955,1.0022
6125,-0.0667,-0.0256,0.9397
6126,0.0046,-0.0349,0.9927
6127,0.0693,-0.1079,1.0090
6128,0.0691,-0.1125,0.9966
6129,-0.0112,-0.0703,1.0090
6130,-0.0635,-0.0125,0.9778
6131,-0.1326,-0.0134,0.9517
6132,-0.1016,0.2219,0.9949
6133,-0.0393,0.1331,0.9016
6134,0.0493,0.1917,0.9661
6135,0.1345,0.0659,0.9556
6136,0.2007,-0.0349,0.9915
6137,0.2810,-0.0684,1.0071
6138,0.2798,-0.1384,1.0042
6139,0.2690,-0.0454,1.0559
6140,0.1924,-0.0361,0.9927
6141,0.0234,0.0193,0.9790
6142,-0.0859,0.0906,0.9856
6143,-0.1411,0.0039,0.9341
6144,-0.1853,-0.0132,0.9465
6145,-0.1504,-0.0361,0.9387
6146,-0.1521,-0.0693,0.9585
6147,-0.1665,-0.1667,0.9556
6148,-0.2332,-0.2524,0.9983
6149,-0.2437,-0.1953,1.0337
6150,-0.1697,-0.2764,0.9729
6151,-0.0022,-0.0422,1.0425
6152,0.1704,-0.0974,0.9592
6153,0.3108,0.0156,1.0093
6154,0.2905,0.1174,0.9709
6155,0.1633,-0.0259,0.9194
6156,0.0627,0.0837,0.9944
6157,-0.0789,-0.1011,0.9485
6158,-0.0410,0.0217,1.0276
6159,0.0154,-0.0759,0.9377
6160,0.0454,0.0178,1.0151
6161,0.0645,0.0862,1.0005
6162,0.0325,0.0542,0.9399
6163,-0.0698,0.2341,0.9775
6164,-0.1543,0.1577,0.9399
6165,-0.1426,0.1819,0.9670
6166,-0.1899,0.0674,0.9546
6167,-0.1375,0.0054,0.9856
6168,-0.0886,-0.0471,1.0081
6169,-0.0076,-0.0542,0.9827
6170,-0.0171,-0.0200,1.0005
6171,-0.0205,0.0310,1.0256
6172,-0.0249,-0.0261,0.9963
6173,-0.0859,0.0051,0.9956
6174,-0.1323,0.0798,0.9663
6175,-0.0984,0.0676,0.9387
6176,-0.0813,0.1082,0.9380
6177,-0.0259,0.0459,0.9436
6178,0.1008,0.1157,0.9644
6179,0.2036,-0.0217,0.9260
6180,0.3511,0.0481,1.0403
6181,0.4221,-0.1218,1.0103
6182,0.3726,-0.1367,1.0608
6183,0.2712,-0.0149,1.0686
6184,0.0491,-0.1086,0.9670
6185,-0.1216,0.0503,1.0171
6186,-0.2197,0.0715,0.9377
6187,-0.1853,-0.0273,0.8931
6188,-0.1196,0.0266,0.9270
6189,-0.1228,-0.1682,0.8999
6190,-0.1067,-0.1545,0.9585
6191,-0.2485,-0.2776,0.9517
6192,-0.3208,-0.2058,1.0356
6193,-0.3091,-0.2751,1.0112
6194,-0.1248,-0.0637,1.0637
6195,0.0725,-0.0759,0.9648
6196,0.3218,0.0791,1.0256
6197,0.4116,0.1101,0.9631
6198,0.3274,0.0295,0.9702
6199,0.1802,0.0918,0.9836
6200,-0.0349,-0.1218,0.9331
6201,-0.0894,0.0210,1.0198
6202,-0.1255,-0.0837,0.9487
6203,-0.0476,0.0393,0.9810
6204,0.0120,0.0623,0.9553
6205,0.0276,0.1343,0.9700
6206,-0.0300,0.1682,0.9553
6207,-0.0847,0.1377,0.9585
6208,-0.1443,0.1294,0.9680
6209,-0.1877,0.0520,0.9778
6210,-0.1519,0.1021,0.9985
6211,-0.1062,-0.0525,0.9553
6212,-0.0073,0.0151,1.0591
6213,0.0237,-0.1133,1.0229
6214,0.0422,-0.1555,1.0093
6215,-0.0227,-0.0415,1.0354
6216,-0.1372,-0.0437,0.9663
6217,-0.1841,0.0530,0.9319
6218,-0.2124,0.1504,0.9224
6219,-0.1416,0.1633,0.8977
6220,-0.0149,0.0928,0.8901
6221,0.1687,0.0872,0.9819
6222,0.3018,-0.1084,0.9722
6223,0.3955,-0.1951,1.0327
6224,0.4419,-0.0911,1.0842
6225,0.4009,-0.1575,1.0090
6226,0.2532,0.0322,1.0581
6227,0.0208,0.1438,1.0159
6228,-0.1257,0.0830,0.9407
6229,-0.2126,0.1553,0.9583
6230,-0.2600,-0.0320,0.9165
6231,-0.1223,-0.1099,0.9272
6232,-0.1016,-0.1838,0.9377
6233,-0.0901,-0.1208,0.9570
6234,-0.2200,-0.2466,0.9182
6235,-0.2910,-0.0488,1.0464
6236,-0.3167,-0.1704,0.9836
6237,-0.1731,-0.0945,1.0366
6238,0.0581,0.0122,1.0376
6239,0.2593,-0.1162,0.9973
6240,0.3892,0.0684,1.0403
6241,0.3032,-0.0508,0.9397
6242,0.2012,0.0613,0.9866
6243,0.0303,-0.0068,0.9253
6244,-0.0352,-0.0117,0.9438
6245,-0.0354,-0.0269,0.9583
6246,0.0154,-0.0149,0.9517
6247,0.0549,-0.0225,0.9644
6248,0.0540,0.0320,0.9915
6249,0.0129,0.0110,0.9465
6250,-0.0713,0.1465,0.9976
6251,-0.0947,0.2712,0.9741
6252,-0.1499,0.1384,0.9319
6253,-0.1501,0.2048,1.0383
6254,-0.1667,-0.0151,1.0032
6255,-0.1382,-0.1318,1.0259
6256,-0.1575,-0.1206,1.0295
6257,-0.1404,-0.1147,1.0032
6258,-0.0671,0.0381,0.9875
6259,-0.0640,0.1040,0.9204
6260,-0.0527,0.2173,0.9399
6261,-0.0840,0.1111,0.9036
6262,-0.0571,0.0386,0.9253
6263,-0.0474,-0.0535,0.9644
6264,0.0688,-0.0796,0.9934
6265,0.2144,-0.1152,0.9924
6266,0.3550,-0.0322,1.0549
6267,0.4731,-0.0105,1.0149
6268,0.4280,-0.0625,1.0239
6269,0.2954,0.0776,1.0627
6270,0.0806,-0.1379,0.9351
6271,-0.1516,0.0835,1.0239
6272,-0.2983,0.0154,0.9282
6273,-0.2278,0.0056,0.9026
6274,-0.1538,0.0723,0.9243
6275,-0.0400,0.0215,0.9292
6276,-0.0046,-0.0730,0.9312
6277,-0.1223,-0.1680,0.9817
6278,-0.2253,-0.2407,1.0520
6279,-0.3062,-0.3376,1.0483
6280,-0.2144,-0.1499,1.0627
6281,0.0100,-0.0623,1.0093
6282,0.2205,0.0420,1.0093
6283,0.3726,0.0454,0.9524
6284,0.3481,-0.0378,0.9451
6285,0.2112,-0.0447,0.9595
6286,0.0056,-0.2195,0.9146
6287,-0.1033,-0.1001,1.0120
6288,-0.1694,-0.1174,0.9478
6289,-0.0886,-0.0188,0.9299
6290,-0.0112,0.1118,0.9709
6291,0.0835,0.1228,0.9712
6292,0.0845,0.0376,0.9651
6293,0.0210,0.1477,1.0266
6294,-0.0476,0.1101,0.9807
6295,-0.0938,0.1191,0.9673
6296,-0.1445,0.2402,1.0159
6297,-0.1824,0.1157,0.9690
6298,-0.1533,0.1123,0.9956
6299,-0.1799,0.0591,0.9946
6300,-0.1248,-0.0046,1.0051
6301,-0.1040,-0.0632,0.9575
6302,-0.0811,0.0430,0.9966
6303,-0.0671,0.1111,0.9448
6304,-0.1038,0.0732,0.9019
6305,-0.0969,0.3008,0.9751
6306,-0.0498,0.0750,0.8850
6307,0.0669,0.1184,1.0090
6308,0.2065,-0.0281,1.0081
6309,0.4133,-0.2146,1.0425
6310,0.4973,-0.1616,1.0864
6311,0.4917,-0.1987,1.0266
6312,0.3723,-0.0107,1.0093
6313,0.0620,0.0466,0.9543
6314,-0.1624,0.1145,0.9524
6315,-0.3464,0.0603,0.9075
6316,-0.3191,0.0686,0.9319
6317,-0.1445,-0.1160,0.9263
6318,0.0010,-0.2200,0.9722
6319,0.0842,-0.2695,0.9817
6320,-0.0266,-0.2656,1.0132
6321,-0.1938,-0.2283,0.9995
6322,-0.3420,-0.2473,1.0239
6323,-0.3850,-0.1306,1.0679
6324,-0.1523,-0.1809,0.9485
6325,0.1157,-0.0344,0.9905
6326,0.3354,0.0701,0.9534
6327,0.4287,-0.0752,0.8967
6328,0.3333,0.1460,0.9917
6329,0.1023,-0.0723,0.9253
6330,-0.0161,0.0151,0.9966
6331,-0.1694,-0.1365,0.9956
6332,-0.0913,-0.0398,1.0657
6333,-0.0081,-0.1250,0.9517
6334,0.0344,0.1233,1.0210
6335,0.1003,0.2507,0.9653
6336,0.0586,0.1707,0.8948
6337,-0.0510,0.3696,1.0239
6338,-0.1465,0.1790,0.9280
6339,-0.1929,0.0615,0.9448
6340,-0.2288,0.1162,1.0188
6341,-0.1765,-0.1055,0.9631
6342,-0.1013,-0.0386,1.0298
6343,-0.0830,0.0198,1.0181
6344,-0.0698,0.0059,0.9749
6345,-0.0999,0.0608,0.9602
6346,-0.1365,0.1802,0.9790
6347,-0.1472,0.1526,0.9084
6348,-0.1616,0.1382,0.9292
6349,-0.0701,0.1328,0.9771
6350,0.0835,-0.1272,0.9692
6351,0.2639,-0.0476,1.0356
6352,0.3884,-0.1167,1.0061
6353,0.5540,-0.0652,1.0103
6354,0.4905,-0.1113,0.9956
6355,0.3372,0.0200,1.0474
6356,0.1411,-0.0437,0.9348
6357,-0.1042,-0.0183,0.9634
6358,-0.2349,0.0764,0.9917
6359,-0.2622,-0.1318,0.9155
6360,-0.1587,-0.0015,0.9751
6361,-0.0747,-0.1965,0.9224
6362,-0.0330,-0.1511,1.0024
6363,-0.1658,-0.2212,0.9641
6364,-0.2852,-0.1770,1.0005
6365,-0.3442,-0.1125,1.0024
6366,-0.3071,-0.1262,0.9995
6367,-0.0667,0.0193,1.0188
6368,0.1904,-0.0784,0.9507
6369,0.4084,0.0344,0.9985
6370,0.4126,-0.0547,0.9690
6371,0.3481,-0.0364,0.9817
6372,0.1304,-0.1274,0.9563
6373,-0.0271,-0.0642,1.0083
6374,-0.1216,-0.0710,0.9653
6375,-0.1423,0.0044,0.9729
6376,-0.0256,0.1321,0.9495
6377,0.0298,0.1194,0.9426
6378,0.1169,0.2595,0.9751
6379,0.0535,0.1082,0.9290
6380,-0.0239,0.1841,0.9995
6381,-0.1538,0.0647,0.9780
6382,-0.1992,0.1128,1.0200
6383,-0.2485,0.0210,0.9810
6384,-0.2173,0.0750,1.0308
6385,-0.1746,0.0344,0.9836
6386,-0.1299,0.0083,0.9956
6387,-0.0640,0.0410,0.9927
6388,-0.0261,-0.0593,0.9478
6389,-0.0251,0.0950,0.9905
6390,-0.0908,0.0295,0.9192
6391,-0.1187,0.0522,0.9329
6392,-0.1455,0.0364,0.9573
6393,-0.0486,-0.0078,0.9670
6394,0.1321,-0.0527,0.9700
6395,0.3169,-0.1113,1.0002
6396,0.5044,-0.0247,1.0364
6397,0.5356,-0.0623,1.0120
6398,0.4583,0.0554,1.0220
6399,0.1802,-0.0654,0.9836
6400,-0.0969,0.0796,1.0540
6401,-0.3110,-0.0933,0.9155
6402,-0.3601,0.0110,0.9768
6403,-0.2390,-0.0310,0.9309
6404,-0.0410,-0.1238,0.9319
6405,0.0720,0.0005,0.9683
6406,0.0105,-0.1794,0.9077
6407,-0.1018,-0.0989,1.0112
6408,-0.3005,-0.2310,0.9709
6409,-0.3081,-0.1370,1.0669
6410,-0.1746,-0.1445,0.9944
6411,0.0645,-0.1499,1.0139
6412,0.3071,0.0479,1.0510
6413,0.4055,-0.1108,0.9077
6414,0.3616,0.0781,0.9810
6415,0.1704,0.0352,0.9573
6416,0.0437,-0.0532,0.9446
6417,-0.1360,-0.0237,0.9790
6418,-0.1704,-0.0098,1.0015
6419,-0.0823,-0.0559,0.9419
6420,0.0083,0.1035,0.9976
6421,0.0974,0.1477,0.9524
6422,0.1111,0.1147,0.9534
6423,0.0156,0.2534,0.9868
6424,-0.1506,0.1116,0.9524
6425,-0.2532,0.1992,1.0151
6426,-0.3286,0.0195,0.9722
6427,-0.2349,0.0474,1.0327
6428,-0.1472,-0.0344,0.9934
6429,-0.0229,0.0439,1.0161
6430,0.0334,0.0342,0.9829
6431,-0.0022,0.0457,0.9575
6432,-0.0916,0.0627,0.9673
6433,-0.1768,0.0586,0.9517
6434,-0.2063,-0.0220,0.9221
6435,-0.1516,-0.0107,0.9692
6436,0.0193,-0.0935,0.9653
6437,0.2485,-0.1323,0.9875
6438,0.4563,-0.0552,1.0239
6439,0.5347,-0.0596,1.0266
6440,0.5259,-0.0413,1.0334
6441,0.3091,-0.0962,1.0032
6442,0.0498,-0.0430,1.0220
6443,-0.2019,-0.0623,0.9661
6444,-0.3560,-0.0410,0.9497
6445,-0.3064,-0.0198,0.9309
6446,-0.1687,-0.0820,0.9136
6447,-0.0144,0.0063,0.9417
6448,0.0378,-0.0740,0.9163
6449,-0.0427,-0.0730,0.9592
6450,-0.2073,-0.1033,1.0093
6451,-0.2737,-0.1184,1.0481
6452,-0.2339,-0.1443,1.0337
6453,-0.0315,-0.1399,1.0151
6454,0.2087,-0.0474,1.0549
6455,0.3909,-0.0044,0.9810
6456,0.3792,-0.0198,0.9062
6457,0.2593,0.1047,0.9866
6458,0.0688,-0.0642,0.9165
6459,-0.0779,-0.0750,0.9478
6460,-0.1479,0.0303,0.9907
6461,-0.0996,-0.0593,0.9360
6462,-0.0022,0.0637,0.9983
6463,0.0830,0.1252,0.9797
6464,0.1357,0.1223,0.9634
6465,0.1042,0.2029,0.9592
6466,-0.0129,0.1753,0.9849
6467,-0.1155,0.1863,0.9954
6468,-0.2598,0.0264,0.9683
6469,-0.2300,0.1311,1.0435
6470,-0.2253,-0.0708,0.9553
6471,-0.1919,0.0679,1.0454
6472,-0.1628,0.0479,0.9807
6473,-0.1299,0.0020,0.9634
6474,-0.1279,0.1250,0.9937
6475,-0.1240,-0.0066,0.9282
6476,-0.0432,0.0505,0.9546
6477,-0.0500,-0.0088,0.9250
6478,0.0288,-0.0557,0.9329
6479,0.0920,-0.1040,0.9692
6480,0.2305,-0.0872,0.9985
6481,0.3440,-0.1897,1.0034
6482,0.4690,-0.0532,1.0464
6483,0.4497,-0.0884,1.0159
6484,0.3411,0.0232,1.0435
6485,0.0583,-0.0291,0.9651
6486,-0.1816,0.0435,1.0034
6487,-0.2976,0.0474,0.9651
6488,-0.3142,-0.0869,0.9006
6489,-0.1895,-0.0159,0.9661
6490,-0.0420,-0.1343,0.9153
6491,0.0098,-0.1755,0.9414
6492,-0.0913,-0.0828,1.0005
6493,-0.1812,-0.1877,0.9751
6494,-0.2712,-0.1235,1.0364
6495,-0.2375,-0.0952,1.0425
6496,-0.0237,-0.0664,1.0159
6497,0.1768,-0.0083,1.0002
6498,0.3137,0.0220,0.9722
6499,0.3533,-0.0271,0.9358
6500,0.2461,0.0417,0.9573
6501,0.0911,-0.0217,0.9263
6502,-0.0159,-0.0361,0.9370
6503,-0.0591,0.0269,0.9751
6504,-0.0630,-0.0227,0.9683
6505,0.0032,0.0447,0.9858
6506,0.0217,0.0547,0.9944
6507,0.0637,0.1274,1.0239
6508,0.0454,0.0796,0.9827
6509,-0.0012,0.1941,1.0249
6510,-0.0667,0.1323,0.9604
6511,-0.1243,0.1462,0.9751
6512,-0.1963,0.1768,0.9858
6513,-0.2422,0.0569,0.9397
6514,-0.2454,0.0803,0.9849
6515,-0.2522,-0.0005,0.9885
6516,-0.1519,-0.0793,0.9800
6517,-0.0994,-0.0776,0.9768
6518,-0.0100,0.0151,0.9954
6519,-0.0081,-0.0493,0.9214
6520,-0.0393,0.0769,0.9719
6521,-0.0671,0.0510,0.9524
6522,0.0137,-0.0322,0.9553
6523,0.1152,-0.0173,1.0012
6524,0.3215,-0.0688,1.0229
6525,0.5610,-0.1235,0.9915
6526,0.5305,-0.1042,1.0317
6527,0.4214,0.0020,1.0315
6528,0.1042,-0.1609,0.9272
6529,-0.2234,0.1047,1.0164
6530,-0.4243,0.0276,0.9194
6531,-0.3865,0.1018,0.9260
6532,-0.2693,0.1240,0.9319
6533,-0.0566,0.0085,0.9446
6534,0.0779,-0.0833,0.9790
6535,0.0039,-0.1143,0.9885
6536,-0.0789,-0.1541,1.0278
6537,-0.0740,-0.1245,0.9878
6538,0.0010,-0.2021,0.9397
6539,0.1829,-0.1509,1.1067
6540,0.3586,-0.7712,1.0688
6541,0.3779,-1.4946,1.2131
6542,0.2532,-1.8779,1.2319
6543,0.0874,-1.9983,1.0950
6544,-0.1792,-1.7517,0.9497
6545,-0.3357,-1.0142,0.7502
6546,-0.4080,-0.3647,0.7112
6547,-0.3984,-0.0945,0.7561
6548,-0.2400,-0.4897,0.7112
6549,-0.0627,-0.6150,0.9146
6550,0.1426,-0.4272,0.9456
6551,0.3179,-0.1345,0.9495
6552,0.2944,0.8459,1.1477
6553,0.0625,1.2817,1.1030
6554,-0.0178,1.8748,1.1985
6555,-0.1118,1.7639,1.0735
6556,-0.0273,1.2014,1.0989
6557,0.1138,0.3960,1.1157
6558,0.2102,-0.2688,1.1301
6559,0.2842,-0.3682,1.0774
6560,0.1899,-0.3855,0.8804
6561,0.0364,-0.0767,0.8569
6562,-0.0901,-0.0559,0.7563
6563,-0.1155,-0.2358,0.7346
6564,-0.0962,-0.5503,0.8347
6565,0.0610,-1.0210,0.9534
6566,0.1753,-1.3472,1.0549
6567,0.1316,-1.5081,1.1196
6568,0.0444,-1.4146,1.1731
6569,-0.1804,-1.2581,1.1226
6570,-0.3823,-0.9167,1.0991
6571,-0.4353,-0.5640,0.9856
6572,-0.3716,-0.3596,0.9062
6573,-0.1475,-0.1511,0.9028
6574,0.1050,-0.0872,0.8616
6575,0.2703,0.1519,0.8921
6576,0.2798,0.3167,0.8743
6577,0.1218,0.3831,0.9104
6578,-0.1309,0.4229,0.9634
6579,-0.2732,0.4968,1.0154
6580,-0.1948,0.4565,1.0024
6581,0.0024,0.4397,1.0706
6582,0.2893,0.4634,1.0864
6583,0.4690,0.4116,1.0298
6584,0.4595,0.6262,1.0149
6585,0.2197,0.5647,0.9397
6586,-0.1001,0.6614,1.0022
6587,-0.3926,0.5532,0.9370
6588,-0.4734,0.4622,0.9358
6589,-0.4060,0.2415,0.9026
6590,-0.2314,-0.0142,0.9358
6591,-0.0422,-0.0979,1.0024
6592,0.0483,-0.1743,0.9651
6593,0.0574,-0.1113,0.9927
6594,-0.0371,-0.0339,1.0422
6595,-0.1077,-0.0427,1.0122
6596,-0.1523,-0.1157,0.9739
6597,-0.0979,-0.0635,1.0356
6598,0.0481,-0.2131,0.9751
6599,0.2100,-0.3394,0.9788
6600,0.3296,-0.2295,1.0110
6601,0.3696,-0.3413,0.9094
6602,0.3213,-0.1836,0.9397
6603,0.1543,-0.0925,0.9360
6604,0.0078,-0.0908,0.9302
6605,-0.1252,-0.0044,0.9895
6606,-0.1772,0.0364,1.0054
6607,-0.1411,-0.0647,1.0022
6608,-0.0347,-0.0232,1.0317
6609,0.0239,-0.0745,1.0159
6610,0.0442,-0.0168,1.0139
6611,-0.0361,-0.0303,0.9485
6612,-0.1477,0.0239,0.9817
6613,-0.2349,-0.0894,0.9458
6614,-0.1851,-0.1277,0.9673
6615,-0.0627,-0.1538,0.9680
6616,0.0986,-0.1707,0.9937
6617,0.2368,-0.1001,0.9895
6618,0.2144,-0.1277,0.9631
6619,0.1750,0.0090,0.9771
6620,0.0432,-0.0264,0.9585
6621,-0.0181,0.0830,0.9956
6622,-0.0994,-0.0657,0.9592
6623,-0.0381,-0.0264,1.0142
6624,-0.0247,-0.1719,0.9749
6625,0.0605,-0.0449,1.0122
6626,0.0608,-0.0103,0.9441
6627,0.0334,0.1885,0.9624
6628,-0.0598,0.2510,0.9263
6629,-0.1602,0.3774,0.9468
6630,-0.2380,0.3538,0.9124
6631,-0.2603,0.3086,0.9683
6632,-0.1816,0.2502,0.9944
6633,-0.1055,0.0454,0.9934
6634,0.0229,0.1399,1.0706
6635,0.0745,0.0146,1.0337
6636,0.1128,0.0857,1.0569
6637,0.0173,-0.0068,1.0032
6638,-0.0173,0.0115,1.0220
6639,-0.0481,-0.1201,0.9397
6640,0.0007,-0.1096,0.9497
6641,0.0906,-0.0532,0.9253
6642,0.1970,-0.0786,0.8774
6643,0.2529,-0.0242,0.8977
6644,0.1963,-0.0352,0.9282
6645,0.1208,-0.0330,0.9768
6646,-0.0095,-0.1116,0.9937
6647,-0.1108,-0.1208,1.0767
6648,-0.1216,-0.1594,1.0972
6649,-0.0793,-0.1646,1.0718
6650,-0.0134,-0.0481,1.0513
6651,0.0562,-0.0554,0.9778
6652,0.0391,0.0430,0.9524
6653,-0.0530,0.0996,0.9116
6654,-0.1462,0.0803,0.8743
6655,-0.2192,-0.0149,0.9058
6656,-0.1926,-0.1143,0.9700
6657,-0.0334,-0.2251,0.9890
6658,0.1057,-0.3113,1.0132
6659,0.2461,-0.2415,1.0598
6660,0.2771,-0.3032,1.0334
6661,0.2065,-0.0918,1.0598
6662,0.0403,-0.0447,0.9595
6663,-0.0525,0.0977,0.9502
6664,-0.1169,0.1309,0.9084
6665,-0.0894,0.1018,0.9114
6666,0.0061,0.1233,0.9368
6667,0.0938,0.0227,0.9299
6668,0.1321,0.0142,0.9976
6669,0.0562,-0.0125,0.9973
6670,-0.0713,0.0476,1.0149
6671,-0.2007,0.2090,1.0181
6672,-0.3481,0.2466,0.9634
6673,-0.3464,0.3499,1.0012
6674,-0.2297,0.2988,0.9731
6675,-0.0769,0.1946,0.9875
6676,0.0879,0.1626,1.0093
6677,0.1492,0.0005,0.9954
6678,0.0764,-0.0806,0.9973
6679,-0.0793,-0.1541,0.9856
6680,-0.1870,-0.0488,0.9910
6681,-0.2205,-0.0974,0.9126
6682,-0.0798,0.0291,0.9524
6683,0.1089,-0.0056,0.9495
6684,0.3027,-0.0264,0.9661
6685,0.3989,-0.0784,0.9485
6686,0.3638,-0.0945,1.0159
6687,0.2434,-0.1116,1.0171
6688,0.0591,-0.1206,1.0208
6689,-0.0823,-0.0020,1.0552
6690,-0.1621,-0.1470,0.9934
6691,-0.1101,-0.1082,1.0276
6692,-0.0574,-0.1501,0.9692
6693,0.0283,-0.1179,0.9358
6694,0.0225,-0.0642,0.8911
6695,-0.0798,0.0503,0.9456
6696,-0.1609,0.0676,0.8987
6697,-0.2446,-0.0146,0.9321
6698,-0.1902,0.0657,1.0305
6699,-0.0674,-0.2954,0.9875
6700,0.1453,-0.2231,1.1135
6701,0.2312,-0.3757,1.0366
6702,0.3091,-0.2327,1.0530
6703,0.2192,-0.0847,0.9534
6704,0.0791,0.0500,0.9360
6705,-0.0493,0.2378,0.9165
6706,-0.1387,0.1731,0.8655
6707,-0.0964,0.2544,0.9429
6708,-0.0164,0.0112,0.9290
6709,0.1387,0.0325,1.0198
6710,0.1772,-0.0420,1.0188
6711,0.1655,0.0054,1.0356
6712,-0.0203,-0.0051,1.0229
6713,-0.1836,0.1724,1.0601
6714,-0.3794,0.1528,0.9272
6715,-0.4412,0.3079,0.9397
6716,-0.3633,0.3372,0.9163
6717,-0.2048,0.1997,0.9243
6718,0.0063,0.1912,0.9739
6719,0.1162,0.0505,0.9907
6720,0.1328,-0.0793,1.0298
6721,0.0198,-0.2395,1.0288
6722,-0.1208,-0.1748,1.0608
6723,-0.1699,-0.1531,0.9761
6724,-0.0659,-0.0122,0.9585
6725,0.1055,0.1006,0.9402
6726,0.3054,0.0486,0.9058
6727,0.4417,0.0767,0.9204
6728,0.4114,-0.0532,0.9312
6729,0.2922,-0.1169,0.9907
6730,0.0347,-0.1733,1.0151
6731,-0.1777,-0.1558,1.0457
6732,-0.2607,-0.0957,1.0247
6733,-0.2502,-0.0715,1.0051
6734,-0.1086,0.0901,1.0217
6735,0.0476,-0.0024,0.9419
6736,0.1169,0.0415,0.9758
6737,0.0605,-0.0925,0.9429
6738,-0.0334,-0.1191,0.9563
6739,-0.1587,-0.0996,0.9583
6740,-0.1982,-0.0820,0.9790
6741,-0.1289,-0.1128,1.0002
6742,0.0149,-0.1687,1.0073
6743,0.1633,-0.1731,1.0190
6744,0.2336,-0.1541,0.9761
6745,0.1938,-0.1482,0.9578
6746,0.1011,-0.0698,0.9817
6747,-0.0481,-0.0842,0.9368
6748,-0.1006,0.0422,0.9390
6749,-0.0835,0.0962,0.9204
6750,-0.0005,0.1155,0.9407
6751,0.1482,0.1289,0.9712
6752,0.2307,0.1812,1.0044
6753,0.2253,0.1394,1.0100
6754,0.1355,0.0999,1.0356
6755,-0.0630,0.0786,1.0610
6756,-0.2676,0.0571,1.0151
6757,-0.3855,0.1104,0.9690
6758,-0.4331,0.1821,0.9526
6759,-0.3750,0.1863,0.9417
6760,-0.2209,0.1907,0.9182
6761,-0.0830,0.1614,0.9309
6762,0.0283,0.1350,0.9614
6763,0.0686,-0.0967,0.9592
6764,0.0486,-0.1050,1.0676
6765,-0.0244,-0.2625,1.0139
6766,-0.0276,-0.1990,1.0249
6767,0.0195,-0.0735,0.9954
6768,0.1450,-0.0510,0.9456
6769,0.2725,0.1052,0.9592
6770,0.3142,0.1101,0.9136
6771,0.3452,0.0876,0.9426
6772,0.1833,-0.0369,0.9377
6773,-0.0200,-0.0854,1.0061
6774,-0.1589,-0.1067,1.0103
6775,-0.2615,-0.1523,1.0032
6776,-0.1665,-0.0249,1.0432
6777,-0.0359,-0.0955,0.9897
6778,0.1187,0.0349,0.9973
6779,0.1672,-0.0300,0.9448
6780,0.0876,0.0427,0.9956
6781,-0.1277,-0.1462,0.9429
6782,-0.2478,-0.0750,1.0161
6783,-0.2886,-0.1582,0.9634
6784,-0.1892,-0.1897,1.0032
6785,0.0430,-0.0947,1.0071
6786,0.1990,-0.2383,0.9680
6787,0.3455,-0.0505,0.9983
6788,0.2295,-0.2224,0.9146
6789,0.1541,-0.0159,0.9973
6790,-0.0503,-0.1919,0.8821
6791,-0.1169,0.0496,0.9895
6792,-0.1316,0.0339,0.9302
6793,0.0183,0.0759,0.9690
6794,0.1494,0.1519,1.0015
6795,0.2266,0.1106,0.9963
6796,0.2312,0.1819,1.0256
6797,0.0715,0.1038,0.9846
6798,-0.1262,0.1794,1.0325
6799,-0.3198,0.1724,0.9673
6800,-0.4155,0.1680,0.9360
6801,-0.4275,0.2385,0.9407
6802,-0.3152,0.1836,0.9377
6803,-0.1182,0.2307,0.9456
6804,-0.0195,0.1533,0.9604
6805,0.1052,0.1663,1.0139
6806,0.0762,-0.0964,1.0061
6807,0.0273,0.0066,1.0969
6808,-0.0703,-0.1958,0.9978
6809,-0.0276,-0.0796,1.0308
6810,0.0317,-0.1240,0.9673
6811,0.2026,-0.0703,0.9602
6812,0.2896,-0.0598,0.9075
6813,0.3152,-0.0085,0.9075
6814,0.2373,-0.0210,0.8879
6815,0.0613,-0.0337,0.9475
6816,-0.0984,-0.0178,0.9846
6817,-0.1978,-0.1248,1.0015
6818,-0.2095,-0.0635,1.0569
6819,-0.1296,-0.1165,1.0620
6820,0.0454,-0.1382,1.0520
6821,0.1074,-0.1384,1.0239
6822,0.1208,-0.0793,1.0002
6823,0.0352,-0.0442,0.9351
6824,-0.1011,-0.0034,0.9126
6825,-0.2026,0.0312,0.9302
6826,-0.2043,0.0098,0.9436
6827,-0.0947,-0.0476,0.9497
6828,0.0312,-0.1606,0.9719
6829,0.1680,-0.1792,1.0188
6830,0.2156,-0.2637,0.9946
6831,0.2107,-0.1624,1.0256
6832,0.1086,-0.1101,0.9731
6833,-0.0120,0.0093,0.9771
6834,-0.0430,0.1370,0.9517
6835,-0.0562,0.0742,0.9155
6836,0.0076,0.1633,0.9729
6837,0.1069,0.0874,0.9583
6838,0.2222,0.0793,1.0032
6839,0.1887,0.0608,1.0161
6840,0.1116,0.0605,1.0171
6841,-0.0298,0.1128,1.0054
6842,-0.2280,0.1582,0.9634
6843,-0.3484,0.2551,0.9592
6844,-0.4148,0.2568,0.9407
6845,-0.4041,0.2249,0.9280
6846,-0.2859,0.1741,0.9592
6847,-0.1082,0.1421,0.9927
6848,0.0354,-0.0127,0.9875
6849,0.1411,-0.0261,1.0461
6850,0.1211,-0.1187,1.0305
6851,0.0576,-0.1667,1.0378
6852,-0.0183,-0.1492,1.0044
6853,-0.0325,-0.1418,0.9724
6854,0.0596,-0.0610,0.9456
6855,0.1614,-0.0984,0.8845
6856,0.2698,0.0154,0.9172
6857,0.2861,-0.0029,0.8784
6858,0.1985,-0.0127,0.9409
6859,0.0376,-0.0615,1.0042
6860,-0.1348,-0.2104,1.0325
6861,-0.2085,-0.1326,1.0972
6862,-0.1782,-0.1570,1.0518
6863,-0.0498,-0.1003,1.0364
6864,0.0259,0.0037,1.0266
6865,0.0942,0.0830,0.9602
6866,0.0161,0.0645,0.8931
6867,-0.0911,0.1223,0.9172
6868,-0.1675,0.0588,0.9312
6869,-0.1428,-0.0217,0.9290
6870,-0.0698,-0.0605,0.9771
6871,0.0696,-0.0803,1.0103
6872,0.1541,-0.1851,1.0051
6873,0.2104,-0.0767,1.0315
6874,0.1577,-0.1592,0.9983
6875,0.0916,-0.1018,1.0132
6876,-0.0012,-0.1255,0.9709
6877,-0.0007,-0.0203,0.9595
6878,-0.0457,0.0308,0.9233
6879,0.0432,0.1082,0.9192
6880,0.1064,0.1143,0.9360
6881,0.1230,0.0930,0.9683
6882,0.1274,-0.0159,0.9866
6883,0.0486,-0.0037,1.0347
6884,-0.0884,-0.0376,1.0139
6885,-0.1917,0.0525,1.0120
6886,-0.3474,0.1572,0.9827
6887,-0.3491,0.2812,0.9595
6888,-0.3386,0.2751,0.9397
6889,-0.2241,0.3447,0.9727
6890,-0.0669,0.0942,0.9358
6891,0.0771,0.1084,1.0168
6892,0.1096,-0.0876,0.9907
6893,0.1194,-0.0957,1.0259
6894,-0.0107,-0.1448,1.0024
6895,-0.0457,-0.0793,0.9905
6896,-0.0608,-0.0891,0.9436
6897,0.0640,0.0439,0.9683
6898,0.1975,-0.0315,0.9058
6899,0.3091,-0.0024,0.9592
6900,0.3232,-0.0869,0.9358
6901,0.2170,-0.1465,0.9722
6902,0.0320,-0.0913,1.0237
6903,-0.1621,-0.1401,1.0081
6904,-0.2417,-0.0505,1.0229
6905,-0.2256,0.0293,1.0034
6906,-0.0994,0.1133,0.9709
6907,0.0432,0.1162,0.9399
6908,0.1016,0.1819,0.9739
6909,0.0459,0.0518,0.9495
6910,-0.0344,-0.0090,0.9670
6911,-0.1763,-0.0642,1.0054
6912,-0.1257,-0.1206,1.0090
6913,-0.0579,-0.2043,1.0015
6914,0.0664,-0.0847,1.0444
6915,0.1750,-0.1797,0.9585
6916,0.1975,-0.0986,0.9819
6917,0.1118,-0.1182,0.9553
6918,0.0437,-0.1396,0.9534
6919,-0.0520,-0.1284,0.9290
6920,-0.0647,-0.0703,0.9585
6921,-0.0149,-0.0730,0.9458
6922,0.0500,-0.0515,0.9849
6923,0.1448,0.0203,0.9868
6924,0.1748,-0.0457,0.9966
6925,0.1851,0.0874,1.0308
6926,0.0823,0.0129,1.0073
6927,-0.0471,0.1907,1.0383
6928,-0.2244,0.1230,0.9211
6929,-0.3308,0.2766,0.9612
6930,-0.3823,0.2651,0.9253
6931,-0.3374,0.1792,0.9253
6932,-0.2043,0.1797,0.9719
6933,-0.0625,0.0894,0.9780
6934,0.1194,0.0662,0.9973
6935,0.1638,-0.0046,1.0122
6936,0.1367,0.0437,1.0493
6937,-0.0156,-0.0989,0.9905
6938,-0.0940,-0.0244,1.0334
6939,-0.1692,-0.1853,0.9534
6940,-0.0654,-0.1458,0.9885
6941,0.0894,-0.1599,0.9250
6942,0.2686,-0.1355,0.9194
6943,0.3862,-0.0730,0.9319
6944,0.3127,-0.0681,0.9390
6945,0.1736,-0.0168,0.9944
6946,-0.0491,-0.0281,0.9927
6947,-0.2192,-0.0315,1.0376
6948,-0.2590,0.0129,1.0374
6949,-0.1687,-0.0037,1.0100
6950,-0.0283,0.0630,0.9954
6951,0.0486,0.0540,0.9438
6952,0.0601,0.0920,0.9661
6953,-0.0234,0.0330,0.9387
6954,-0.1125,-0.0386,0.9456
6955,-0.1641,-0.0229,0.9895
6956,-0.1016,-0.0676,0.9719
6957,0.0125,-0.0999,0.9692
6958,0.1277,-0.0698,1.0259
6959,0.1812,-0.1963,0.9739
6960,0.1824,-0.1902,0.9827
6961,0.1030,-0.1104,0.9919
6962,0.0203,-0.2019,0.9233
6963,-0.0654,-0.1287,0.9692
6964,-0.0469,-0.0171,0.9851
6965,0.0269,-0.0400,0.9456
6966,0.0693,0.0281,0.9983
6967,0.1489,0.0728,1.0139
6968,0.1890,-0.0017,0.9976
6969,0.1133,0.1157,1.0259
6970,0.0127,0.0947,0.9749
6971,-0.1479,0.1270,0.9927
6972,-0.2700,0.1860,0.9399
6973,-0.3638,0.1313,0.9243
6974,-0.3579,0.2549,0.9556
6975,-0.2808,0.1108,0.8950
6976,-0.0918,0.2812,1.0044
6977,0.0212,0.1331,0.9731
6978,0.1743,0.1182,1.0286
6979,0.1404,-0.0046,1.0386
6980,0.1030,-0.0168,1.0579
6981,-0.0076,-0.1970,0.9800
6982,-0.0889,-0.1157,1.0247
6983,-0.0725,-0.1653,0.9370
6984,0.0200,-0.1584,0.9292
6985,0.1343,-0.0361,0.9146
6986,0.2207,-0.1267,0.8909
6987,0.2710,0.0513,0.9690
6988,0.1448,-0.0640,0.9380
6989,0.0427,0.0186,1.0435
6990,-0.1260,-0.0801,1.0386
6991,-0.2002,-0.0632,1.0747
6992,-0.1843,-0.1064,1.0432
6993,-0.1067,-0.1008,1.0181
6994,-0.0249,-0.0525,0.9631
6995,0.0330,0.0701,0.9397
6996,0.0596,0.1304,0.8813
6997,-0.0056,0.1162,0.8882
6998,-0.0334,0.1599,0.9536
6999,-0.0747,0.0115,0.9438
7000,-0.0442,-0.0535,1.0032
7001,-0.0374,-0.1633,1.0532
7002,0.0581,-0.2559,1.0608
7003,0.1025,-0.2913,1.0454
7004,0.1082,-0.1504,1.0435
7005,0.1177,-0.1938,0.9612
7006,0.0930,-0.0581,0.9661
7007,0.0483,-0.0420,0.9084
7008,0.0544,0.0176,0.9114
7009,0.0366,0.0935,0.9231
7010,0.0542,0.0701,0.9395
7011,0.0503,0.0999,1.0051
7012,-0.0139,0.0378,0.9829
7013,-0.0413,0.0168,1.0291
7014,-0.1252,0.0588,1.0259
7015,-0.2144,-0.0618,0.9731
7016,-0.2444,0.2109,1.0483
7017,-0.2642,0.1448,0.9136
7018,-0.1733,0.2754,0.9683
7019,-0.0676,0.2952,0.9573
7020,0.0884,0.1628,0.9575
7021,0.1873,0.1575,0.9802
7022,0.1306,0.0095,0.9692
7023,0.0586,-0.0442,1.0132
7024,-0.0881,-0.1880,0.9807
7025,-0.1636,-0.1433,1.0229
7026,-0.1196,-0.1555,0.9692
7027,0.0181,-0.1506,0.9426
7028,0.1553,-0.0542,0.9690
7029,0.2793,-0.0632,0.9438
7030,0.3069,-0.0457,0.9595
7031,0.1587,-0.0295,0.9934
7032,0.0149,-0.0667,1.0159
7033,-0.1448,-0.0825,1.0288
7034,-0.2295,-0.0708,1.0188
7035,-0.1797,-0.0779,1.0071
7036,-0.0654,-0.0676,0.9836
7037,0.0217,-0.0308,0.9761
7038,0.0771,0.0378,0.9524
7039,0.0332,0.0566,0.9307
7040,-0.0291,0.0977,0.9468
7041,-0.0979,0.0342,0.9614
7042,-0.0483,0.0530,0.9971
7043,-0.0601,-0.0740,0.9761
7044,0.0479,-0.0911,1.0276
7045,0.0852,-0.1951,1.0103
7046,0.0698,-0.2358,1.0188
7047,0.0647,-0.2263,0.9761
7048,0.0337,-0.1665,0.9504
7049,0.0464,-0.0371,0.9399
7050,0.0579,-0.0146,0.9260
7051,0.0676,0.0625,0.9604
7052,0.0664,-0.0078,0.9495
7053,0.0767,0.0908,1.0015
7054,0.0046,-0.0139,0.9700
7055,-0.0208,0.0610,1.0205
7056,-0.1099,0.0178,0.9751
7057,-0.1521,0.1040,1.0132
7058,-0.1948,0.1282,0.9458
7059,-0.2444,0.1594,0.9465
7060,-0.1672,0.3237,0.9849
7061,-0.0710,0.2224,0.9290
7062,0.0342,0.3074,0.9885
7063,0.0938,0.2473,0.9934
7064,0.1511,0.1724,1.0002
7065,0.0789,0.0222,1.0081
7066,-0.0107,0.0095,1.0542
7067,-0.0674,-0.1868,0.9985
7068,-0.0803,-0.2014,0.9934
7069,-0.0552,-0.1526,0.9839
7070,0.0667,-0.1462,0.9302
7071,0.1570,-0.0718,0.9104
7072,0.1965,0.0122,0.9329
7073,0.2056,-0.0244,0.9153
7074,0.0747,-0.0481,0.9634
7075,-0.0164,-0.0840,1.0266
7076,-0.1167,-0.2273,1.0327
7077,-0.1748,-0.2214,1.0669
7078,-0.1260,-0.1956,1.0376
7079,-0.0723,-0.1152,0.9927
7080,-0.0129,0.0476,0.9573
7081,0.0017,0.1255,0.9302
7082,-0.0283,0.1826,0.9321
7083,-0.0518,0.1235,0.9233
7084,-0.0574,0.0798,0.9673
7085,-0.0618,-0.0186,0.9983
7086,0.0068,-0.1165,0.9875
7087,0.0603,-0.1873,1.0244
7088,0.0547,-0.1663,1.0532
7089,0.0757,-0.2715,0.9797
7090,0.0461,-0.1660,1.0093
7091,0.0183,-0.1099,0.9661
7092,0.0630,-0.1667,0.9133
7093,0.0596,-0.0051,0.9592
7094,0.0676,-0.0662,0.9180
7095,0.1011,0.0349,0.9739
7096,0.0127,0.0464,0.9546
7097,-0.0046,0.0554,0.9927
7098,-0.0271,0.0264,1.0044
7099,-0.0776,0.0469,1.0247
7100,-0.0930,0.0945,1.0002
7101,-0.1267,0.2034,0.9729
7102,-0.2078,0.2737,0.9480
7103,-0.1692,0.3677,0.9702
7104,-0.1055,0.3645,0.9631
7105,-0.0466,0.2842,0.9661
7106,0.0903,0.2551,1.0159
7107,0.1411,0.0979,0.9885
7108,0.0991,-0.0420,1.0144
7109,0.0210,-0.0520,1.0200
7110,-0.0613,-0.1938,0.9641
7111,-0.0889,-0.1023,1.0112
7112,-0.0442,-0.1704,0.9377
7113,0.0527,-0.1140,0.9507
7114,0.1611,-0.0986,0.9143
7115,0.2046,-0.1033,0.9390
7116,0.1880,-0.0789,0.9583
7117,0.0564,-0.1594,0.9758
7118,-0.0366,-0.0757,1.0383
7119,-0.1545,-0.2378,1.0002
7120,-0.1440,-0.1387,1.0815
7121,-0.1228,-0.2012,1.0032
7122,-0.0188,-0.1001,0.9976
7123,0.0024,0.0007,0.9534
7124,0.0117,0.0854,0.9194
7125,-0.0388,0.1572,0.9194
7126,-0.0576,0.2581,0.9504
7127,-0.0710,0.1016,0.9241
7128,-0.0181,0.0818,1.0139
7129,0.0249,-0.1021,1.0217
7130,0.0554,-0.2144,1.0383
7131,0.0408,-0.2993,1.0298
7132,0.0298,-0.2546,1.0266
7133,-0.0005,-0.2349,0.9709
7134,0.0249,-0.0122,0.9495
7135,0.0420,0.0317,0.8958
7136,0.0974,0.1333,0.9175
7137,0.0835,0.0439,0.9143
7138,0.0942,0.0789,0.9758
7139,0.0132,-0.0647,0.9614
7140,-0.0422,0.0037,1.0452
7141,-0.1038,-0.0212,1.0364
7142,-0.1018,0.0535,1.0452
7143,-0.1433,0.1370,0.9885
7144,-0.1411,0.2241,0.9761
7145,-0.0955,0.3345,0.9575
7146,-0.0679,0.3071,0.9478
7147,0.0134,0.3320,0.9546
7148,0.0537,0.2393,0.9575
7149,0.1057,0.1692,0.9963
7150,0.0657,-0.0312,0.9719
7151,0.0195,-0.0903,1.0405
7152,-0.0310,-0.1772,1.0139
7153,-0.0430,-0.2656,0.9739
7154,-0.0273,-0.1616,0.9993
7155,0.0063,-0.1477,0.9583
7156,0.0989,-0.0759,0.9331
7157,0.1248,-0.0007,0.9321
7158,0.1077,-0.0051,0.9419
7159,0.0681,-0.1084,0.9583
7160,-0.0183,-0.1345,1.0127
7161,-0.0581,-0.2158,1.0325
7162,-0.0642,-0.2361,1.0513
7163,-0.0579,-0.2205,1.0181
7164,-0.0396,-0.1438,1.0132
7165,-0.0247,-0.0435,0.9534
7166,-0.0891,0.0596,0.9175
7167,-0.0840,0.2515,0.9468
7168,-0.1023,0.2075,0.8840
7169,-0.0386,0.2119,0.9351
7170,0.0100,0.1633,0.9866
7171,0.0703,0.0063,0.9836
7172,0.0798,-0.0933,0.9993
7173,0.0500,-0.1094,1.0649
7174,-0.0120,-0.2183,1.0171
7175,-0.0454,-0.2253,1.0161
7176,-0.0403,-0.0427,1.0249
7177,0.0276,-0.1240,0.9163
7178,0.1106,0.0503,0.9680
7179,0.1470,0.0745,0.9338
7180,0.1333,-0.0530,0.9211
7181,0.0947,-0.0188,0.9771
7182,-0.0322,-0.1108,1.0012
7183,-0.0674,-0.0972,1.0110
7184,-0.1228,-0.1323,0.9680
7185,-0.1350,0.0552,1.0256
7186,-0.1013,0.0747,0.9739
7187,-0.0740,0.2092,0.9426
7188,-0.1301,0.2930,0.9563
7189,-0.0676,0.3491,0.9819
7190,-0.0505,0.2124,0.9468
7191,0.0159,0.2776,1.0217
7192,0.0950,0.1416,0.9858
7193,0.1523,0.0100,0.9875
7194,0.1001,-0.0535,1.0315
7195,0.0125,-0.1545,1.0149
7196,-0.0776,-0.2571,0.9785
7197,-0.1089,-0.1697,0.9897
7198,-0.0674,-0.1646,0.9446
7199,0.0427,-0.0798,0.9097
7200,0.1091,0.0090,0.9338
7201,0.1958,0.0417,0.9387
7202,0.1440,-0.1138,0.9407
7203,0.0310,-0.0369,1.0608
7204,-0.0654,-0.2129,1.0073
7205,-0.0974,-0.1892,1.0444
7206,-0.1704,-0.1304,1.0396
7207,-0.0881,-0.1104,0.9963
7208,-0.0378,0.0269,0.9507
7209,-0.0364,0.2095,0.9380
7210,-0.0029,0.2290,0.9084
7211,-0.0068,0.1565,0.9250
7212,0.0037,0.0913,0.9810
7213,-0.0007,-0.0054,0.9875
7214,0.0059,-0.0713,0.9946
7215,-0.0164,-0.1138,1.0249
7216,0.0000,-0.1597,1.0520
7217,-0.0376,-0.1648,0.9912
7218,-0.0269,-0.0774,0.9731
7219,0.0334,-0.0161,0.9565
7220,0.0403,-0.1047,0.9204
7221,0.0964,-0.0095,0.9744
7222,0.1555,-0.0183,0.9351
7223,0.1526,-0.0508,0.9309
7224,0.0737,-0.0200,1.0015
7225,-0.0164,-0.0107,1.0198
7226,-0.0959,-0.0867,0.9858
7227,-0.1562,0.0095,1.0374
7228,-0.1626,-0.0100,0.9946
7229,-0.0999,0.0535,0.9797
7230,-0.0957,0.2271,0.9604
7231,-0.0671,0.2424,0.9231
7232,0.0066,0.3374,0.9448
7233,-0.0059,0.3032,0.9592
7234,0.0732,0.2620,0.9758
7235,0.0745,0.1035,0.9595
7236,0.0212,0.0842,1.0510
7237,0.0164,-0.0740,1.0129
7238,-0.0349,-0.1841,0.9771
7239,-0.0837,-0.1099,1.0549
7240,-0.0422,-0.1599,0.9683
7241,-0.0242,-0.2063,0.9321
7242,0.0635,0.0684,0.9846
7243,0.1326,-0.1096,0.8745
7244,0.2095,0.0586,0.9856
7245,0.1565,-0.0640,0.9448
7246,0.0913,-0.1052,1.0129
7247,-0.0530,-0.1909,0.9983
7248,-0.1396,-0.1992,1.0181
7249,-0.1575,-0.1665,1.0168
7250,-0.1328,-0.1013,0.9731
7251,-0.0474,0.0562,0.9780
7252,-0.0164,0.1736,0.9541
7253,-0.0325,0.1416,0.9270
7254,-0.0315,0.1379,0.9739
7255,-0.0623,0.0605,0.9954
7256,-0.0098,-0.0229,0.9878
7257,0.0391,-0.0586,0.9980
7258,0.0762,-0.0422,1.0149
7259,0.0720,-0.1023,0.9888
7260,0.0444,-0.0938,0.9749
7261,-0.0342,-0.1511,0.9673
7262,-0.0256,-0.1392,0.9739
7263,-0.0364,-0.2292,0.9253
7264,0.0449,-0.0793,1.0042
7265,0.0896,-0.1448,0.9331
7266,0.1138,-0.0962,0.9690
7267,0.0918,0.0251,1.0186
7268,0.0471,-0.0830,0.9456
7269,-0.0571,-0.0171,1.0112
7270,-0.1243,0.0735,1.0217
7271,-0.1562,-0.0574,0.9233
7272,-0.1912,0.1399,1.0002
7273,-0.1304,0.2500,0.9585
7274,-0.0498,0.2322,0.9175
7275,0.0105,0.4250,0.9778
7276,0.0588,0.3579,0.9585
7277,0.0781,0.2900,0.9944
7278,0.0427,0.2222,1.0161
7279,0.0334,0.0593,1.0383
7280,0.0002,-0.0994,1.0266
7281,-0.0342,-0.1729,0.9885
7282,-0.0110,-0.1233,0.9946
7283,0.0039,-0.1501,0.9282
7284,0.0364,-0.0435,0.9509
7285,0.0750,0.0107,0.9370
7286,0.1028,-0.0544,0.8989
7287,0.0818,-0.0103,0.9653
7288,0.0811,-0.0967,0.9937
7289,0.0259,-0.1826,1.0334
7290,-0.0632,-0.2400,1.0552
7291,-0.0647,-0.2285,1.0471
7292,-0.0940,-0.2100,1.0071
7293,-0.0806,-0.0642,0.9888
7294,-0.0664,0.0020,0.9360
7295,-0.0811,0.0852,0.9397
7296,-0.0815,0.0959,0.9065
7297,-0.0510,0.1125,0.9438
7298,0.0117,0.0825,0.9458
7299,0.0842,0.0049,0.9790
7300,0.1011,0.0220,1.0286
7301,0.0701,-0.1265,1.0024
7302,0.0186,-0.1516,1.0198
7303,-0.0969,-0.1665,1.0481
7304,-0.0945,-0.1814,0.9995
7305,-0.0596,-0.1875,0.9417
7306,0.0400,0.0271,0.9810
7307,0.1548,-0.0352,0.8733
7308,0.2061,0.0559,0.9409
7309,0.1257,0.1560,0.9651
7310,0.0295,0.0034,0.9277
7311,-0.0818,0.1135,1.0227
7312,-0.1589,0.0376,1.0090
7313,-0.1274,-0.0190,1.0200
7314,-0.1106,0.0708,1.0139
7315,-0.0684,0.1433,1.0012
7316,-0.0508,0.2161,0.9641
7317,-0.0686,0.2366,0.9653
7318,-0.0425,0.3296,0.9858
7319,-0.0439,0.1614,0.9336
7320,0.0303,0.2158,1.0059
7321,0.0337,-0.0146,0.9644
7322,0.0735,-0.0833,1.0374
7323,0.0271,-0.1853,0.9907
7324,-0.0149,-0.2820,0.9927
7325,-0.0168,-0.1741,0.9954
7326,-0.0552,-0.2327,0.9360
7327,0.0134,-0.0686,0.9583
7328,0.0620,-0.1428,0.8989
7329,0.1609,0.0232,0.9827
7330,0.1890,-0.1321,0.9153
7331,0.1689,-0.0554,1.0110
7332,0.0642,-0.0669,1.0161
7333,-0.0293,-0.1377,0.9927
7334,-0.1536,-0.0166,1.0413
7335,-0.1863,0.0164,0.9885
7336,-0.1201,0.0398,0.9417
7337,-0.1162,0.1902,0.9768
7338,-0.0566,0.1516,0.9377
7339,-0.0085,0.1101,0.9563
7340,-0.0190,0.1367,1.0002
7341,-0.0002,0.0073,0.9868
7342,0.0366,-0.0105,0.9966
7343,0.0432,0.0229,1.0168
7344,0.0806,0.0115,0.9946
7345,0.0483,-0.0723,0.9644
7346,-0.0039,-0.0459,0.9846
7347,-0.0293,-0.1726,0.9478
7348,-0.0457,-0.1309,0.9573
7349,-0.0215,-0.1340,0.9417
7350,0.0500,-0.1150,0.9778
7351,0.1016,-0.0972,0.9460
7352,0.0786,-0.0918,0.9758
7353,0.0652,0.0251,1.0444
7354,-0.0151,-0.1709,0.9680
7355,-0.0854,-0.0273,1.0649
7356,-0.1396,0.0293,0.9956
7357,-0.1155,0.0510,0.9241
7358,-0.1606,0.2095,0.9546
7359,-0.1018,0.2798,0.9478
7360,-0.0583,0.2212,0.9233
7361,-0.0225,0.2874,0.9641
7362,0.0315,0.1580,0.9790
7363,0.1191,0.0842,1.0042
7364,0.0754,-0.0303,1.0208
7365,0.0803,0.0352,1.0610
7366,-0.0022,-0.1909,0.9614
7367,-0.0154,-0.0312,1.0510
7368,-0.0420,-0.1182,0.9583
7369,0.0220,-0.0950,0.9309
7370,0.0386,-0.0237,0.9319
7371,0.1062,-0.0383,0.9175
7372,0.1147,-0.0686,0.9253
7373,0.0830,0.0256,0.9700
7374,0.0481,-0.0217,0.9866
7375,0.0112,-0.0374,1.0188
7376,-0.0505,-0.0850,1.0569
7377,-0.0337,-0.1130,1.0625
7378,-0.0532,-0.1511,1.0034
7379,-0.0637,-0.0273,1.0112
7380,-0.0669,0.0273,0.9487
7381,-0.0952,0.1504,0.9185
7382,-0.1191,0.2529,0.9116
7383,-0.0955,0.1895,0.9075
7384,-0.0471,0.1226,0.9504
7385,-0.0073,0.0374,0.9778
7386,0.0837,-0.0403,1.0073
7387,0.1104,-0.1816,1.0100
7388,0.0588,-0.2227,1.0640
7389,0.0232,-0.2737,1.0452
7390,-0.0366,-0.2654,0.9897
7391,-0.0649,-0.1836,0.9614
7392,-0.0203,-0.1060,0.9526
7393,0.0486,-0.0261,0.9165
7394,0.0662,-0.0144,0.8970
7395,0.0959,0.0701,0.9592
7396,0.0713,-0.0862,0.9348
7397,0.0051,-0.0698,1.0259
7398,-0.0393,-0.0359,1.0256
7399,-0.0823,-0.0781,1.0015
7400,-0.1045,0.0789,1.0308
7401,-0.1165,0.1091,0.9875
7402,-0.1016,0.2231,0.9634
7403,-0.1362,0.2737,0.9270
7404,-0.0625,0.3977,0.9768
7405,-0.0159,0.2253,0.9263
7406,0.0706,0.2065,0.9966
7407,0.0959,0.1089,0.9976
7408,0.0718,-0.0410,0.9937
7409,0.0261,-0.0579,1.0198
7410,-0.0820,-0.1218,1.0178
7411,-0.0750,-0.1355,0.9849
7412,-0.0437,-0.1870,0.9602
7413,0.0767,-0.0081,0.9954
7414,0.1780,-0.1636,0.8667
7415,0.2632,0.0847,0.9788
7416,0.1912,0.0232,0.9143
7417,0.1082,-0.0166,0.9663
7418,-0.0632,0.0110,1.0327
7419,-0.1638,-0.1426,1.0198
7420,-0.1157,-0.1814,1.0376
7421,-0.1089,-0.1482,1.0649
7422,0.0071,-0.1118,1.0051
7423,0.0232,-0.0671,0.9368
7424,-0.0149,0.2119,0.9646
7425,-0.1033,0.1299,0.8831
7426,-0.1409,0.1555,0.9270
7427,-0.1924,0.1550,0.9592
7428,-0.0620,0.0088,0.9612
7429,0.0122,-0.1169,0.9692
7430,0.0867,-0.1238,1.0532
7431,0.1597,-0.2546,1.0122
7432,0.0603,-0.2637,1.0208
7433,-0.0093,-0.1882,1.0200
7434,-0.0476,-0.2129,0.9661
7435,-0.0364,-0.0471,0.9602
7436,0.0552,0.0215,0.9097
7437,0.1484,0.1345,0.9224
7438,0.1389,0.0813,0.9153
7439,0.0874,0.1082,0.9907
7440,-0.0581,-0.0322,0.9641
7441,-0.1665,-0.0803,1.0403
7442,-0.2124,-0.0378,1.0337
7443,-0.2117,-0.0928,0.9954
7444,-0.0750,0.2188,1.0403
7445,-0.0325,0.1250,0.9224
7446,0.0723,0.3701,1.0063
7447,0.0710,0.2756,0.9133
7448,0.0559,0.2971,0.9719
7449,-0.0122,0.1509,0.9421
7450,-0.0752,0.0305,1.0107
7451,-0.1079,-0.0681,1.0229
7452,-0.1001,-0.2332,0.9819
7453,-0.0200,-0.1401,1.0432
7454,0.0212,-0.2253,0.9663
7455,0.1321,-0.1240,0.9741
7456,0.1458,-0.0151,0.9456
7457,0.1782,0.0017,0.9270
7458,0.1680,0.0220,0.9290
7459,0.1353,0.0320,0.9719
7460,0.0999,-0.0276,1.0015
7461,0.0322,-0.1555,0.9976
7462,-0.0730,-0.1863,1.0393
7463,-0.0869,-0.1965,1.0530
7464,-0.1060,-0.2305,0.9778
7465,-0.1145,-0.0781,1.0200
7466,-0.0547,0.0681,0.9624
7467,-0.0642,0.0576,0.8950
7468,-0.0596,0.2971,0.9583
7469,-0.1204,0.1143,0.8853
7470,-0.0793,0.1594,0.9856
7471,-0.0513,-0.0127,0.9758
7472,0.0215,-0.1101,1.0403
7473,0.0688,-0.2520,1.0178
7474,0.1111,-0.2207,1.0425
7475,0.0740,-0.2073,1.0178
7476,0.0286,-0.1501,0.9790
7477,0.0186,0.0125,0.9827
7478,0.0010,0.0342,0.9165
7479,0.0386,0.0898,0.9280
7480,0.0334,0.0481,0.9438
7481,0.0525,-0.0254,0.9604
7482,0.0251,-0.0796,0.9924
7483,-0.0476,-0.0852,1.0002
7484,-0.1189,-0.0305,0.9915
7485,-0.1689,0.1138,0.9915
7486,-0.1655,0.2188,0.9644
7487,-0.1160,0.2966,0.9387
7488,-0.0481,0.3823,0.9780
7489,0.0442,0.3464,0.9553
7490,0.0652,0.1660,0.9565
7491,0.0400,0.2068,1.0630
7492,-0.0044,-0.0322,0.9778
7493,-0.0620,-0.0410,1.0356
7494,-0.0920,-0.0254,1.0044
7495,-0.0566,-0.1404,0.9771
7496,0.0129,-0.0276,0.9944
7497,0.0579,-0.1145,0.9194
7498,0.1494,-0.0830,0.9573
7499,0.1606,-0.1250,0.9299
7500,0.2024,-0.0947,0.9653
7501,0.1741,-0.1436,0.9507
7502,0.1208,-0.1299,1.0005
7503,0.0625,-0.1448,1.0063
7504,-0.0388,-0.1838,1.0122
7505,-0.0710,-0.1028,1.0364
7506,-0.0896,-0.2349,0.9885
7507,-0.0688,-0.1116,1.0454
7508,-0.0583,-0.1174,0.9595
7509,-0.0667,0.0234,0.9438
7510,-0.1274,0.1409,0.9260
7511,-0.1399,0.1462,0.9045
7512,-0.1687,0.1433,0.9250
7513,-0.1252,0.1807,0.9810
7514,0.0229,-0.0037,0.9504
7515,0.0894,-0.1221,1.0442
7516,0.1692,-0.1697,1.0757
7517,0.1589,-0.3923,0.9976
7518,0.0911,-0.1479,1.0686
7519,-0.0144,-0.1575,0.9563
7520,-0.0125,-0.0229,0.9565
7521,-0.0483,0.0955,0.9341
7522,0.0486,0.1140,0.9153
7523,0.1008,0.0493,0.9087
7524,0.1062,0.0420,0.9663
7525,0.0640,-0.0811,0.9683
7526,-0.0808,-0.0422,1.0237
7527,-0.1919,0.0947,1.0161
7528,-0.2251,0.1079,0.9771
7529,-0.2385,0.2930,1.0073
7530,-0.1724,0.3198,0.9702
7531,-0.0095,0.3401,0.9377
7532,0.0415,0.3147,0.9631
7533,0.0879,0.2849,0.9956
7534,0.0647,0.0557,0.9663
7535,-0.0186,0.0981,1.0347
7536,-0.1130,-0.0869,0.9839
7537,-0.0986,-0.1345,1.0093
7538,-0.0732,-0.1558,1.0022
7539,0.0288,-0.1965,0.9819
7540,0.1299,-0.1594,0.9656
7541,0.1919,-0.0818,0.9407
7542,0.2339,-0.0715,0.9348
7543,0.2261,-0.0173,0.9338
7544,0.1575,-0.0906,0.9434
7545,0.0999,-0.0225,1.0227
7546,-0.0146,-0.1594,0.9758
7547,-0.0813,-0.1216,1.0598
7548,-0.0991,-0.1880,1.0208
7549,-0.0955,-0.2061,1.0208
7550,-0.0605,-0.0691,1.0190
7551,-0.0642,-0.0530,0.9368
7552,-0.0698,0.0796,0.9590
7553,-0.1260,0.1072,0.9192
7554,-0.1294,0.1511,0.9368
7555,-0.1006,0.0767,0.9338
7556,-0.0107,-0.0198,0.9817
7557,0.0752,-0.1345,1.0249
7558,0.1184,-0.2446,1.0256
7559,0.1108,-0.2500,1.0208
7560,0.0562,-0.2339,1.0129
7561,0.0144,-0.1113,0.9956
7562,-0.0151,-0.0732,0.9312
7563,0.0073,0.0984,0.9475
7564,0.0505,0.0596,0.9097
7565,0.0833,0.0566,0.9429
7566,0.0476,0.0676,0.9592
7567,0.0715,0.0847,0.9719
7568,0.0200,0.0562,1.0042
7569,-0.0476,0.0503,1.0354
7570,-0.0703,0.0205,1.0293
7571,-0.1289,0.1584,1.0266
7572,-0.2073,0.2048,0.9631
7573,-0.2178,0.3018,0.9458
7574,-0.2312,0.3621,0.9524
7575,-0.1174,0.3567,0.9211
7576,-0.0027,0.2505,0.9204
7577,0.0535,0.2075,0.9917
7578,0.1162,-0.0459,0.9954
7579,0.0803,-0.1790,1.0181
7580,-0.0312,-0.2622,1.0413
7581,-0.0295,-0.2651,1.0208
7582,-0.0496,-0.2820,0.9790
7583,0.0530,-0.0789,0.9934
7584,0.1677,-0.0923,0.9065
7585,0.2695,0.0510,0.9397
7586,0.2830,-0.0120,0.9136
7587,0.2019,-0.1304,0.9500
7588,0.0237,-0.1497,1.0229
7589,-0.1033,-0.2305,1.0315
7590,-0.1836,-0.2583,1.0334
7591,-0.1758,-0.2339,1.0549
7592,-0.0273,-0.1177,1.0295
7593,0.0312,-0.1050,0.9397
7594,0.0796,0.1567,0.9585
7595,-0.0134,0.1238,0.8987
7596,-0.0889,0.1658,0.9421
7597,-0.2043,0.0708,0.9358
7598,-0.2036,0.0461,0.9653
7599,-0.1375,-0.0544,0.9944
7600,0.0232,-0.0642,1.0278
7601,0.1467,-0.1868,1.0093
7602,0.1921,-0.0852,1.0615
7603,0.1768,-0.1414,0.9810
7604,0.0955,-0.1121,0.9722
7605,-0.0203,-0.0010,0.9487
7606,-0.0581,0.0430,0.9172
7607,0.0132,0.1399,0.9026
7608,0.0168,0.1077,0.9309
7609,0.1235,0.1467,0.9963
7610,0.1294,-0.0007,0.9673
7611,0.1309,0.0901,1.0598
7612,0.0325,-0.0369,1.0073
7613,-0.0813,0.0256,1.0549
7614,-0.2346,0.1785,1.0227
7615,-0.3335,0.2056,0.9360
7616,-0.3843,0.3208,0.9429
7617,-0.3108,0.2947,0.9290
7618,-0.1394,0.2283,0.9446
7619,0.0288,0.0786,0.9272
7620,0.1655,0.0117,1.0012
7621,0.1799,-0.1267,1.0034
7622,0.0840,-0.2222,1.0178
7623,-0.0596,-0.1543,1.0510
7624,-0.1531,-0.2083,0.9983
7625,-0.0754,-0.1150,1.0220
7626,0.0415,-0.1233,0.9575
7627,0.2327,-0.1257,0.9351
7628,0.3892,-0.0662,0.9436
7629,0.3877,-0.0669,0.9204
7630,0.2144,-0.0898,0.9358
7631,-0.0171,0.0210,0.9985
7632,-0.2439,-0.1094,0.9546
7633,-0.3040,-0.0466,1.0403
7634,-0.2356,-0.0481,1.0159
7635,-0.0093,-0.1143,1.0073
7636,0.1731,0.0056,1.0366
7637,0.2202,-0.0334,0.9651
7638,0.1152,0.0293,0.9907
7639,-0.0759,0.1128,0.9563
7640,-0.2803,0.0015,0.9351
7641,-0.3240,0.1213,0.9966
7642,-0.2053,0.0103,0.9321
7643,0.0154,-0.0178,0.9805
7644,0.1899,-0.1089,1.0002
7645,0.2534,-0.2256,0.9836
7646,0.2178,-0.2598,0.9895
7647,0.0779,-0.1382,1.0022
7648,-0.0378,-0.1250,0.9299
7649,-0.0864,-0.0161,0.9475
7650,-0.0559,0.1870,0.9761
7651,0.0112,0.0618,0.9155
7652,0.1389,0.2048,0.9973
7653,0.1455,0.0852,0.9993
7654,0.1843,0.0261,1.0444
7655,0.0051,-0.0554,1.0073
7656,-0.1458,0.1038,1.0432
7657,-0.2996,0.0581,0.9495
7658,-0.3921,0.1660,0.9536
7659,-0.3904,0.2717,0.9602
7660,-0.2031,0.2578,0.8970
7661,-0.0420,0.1978,0.9202
7662,0.1096,0.1863,0.9954
7663,0.2134,-0.0544,0.9832
7664,0.1599,-0.0725,1.0532
7665,0.0015,-0.1689,1.0356
7666,-0.0864,-0.1951,1.0356
7667,-0.1406,-0.1865,1.0071
7668,-0.0684,-0.1196,1.0078
7669,0.0898,-0.1199,0.9402
7670,0.2422,-0.1089,0.9172
7671,0.3196,-0.0654,0.9360
7672,0.2881,-0.0886,0.9087
7673,0.1426,-0.0396,0.9399
7674,-0.0405,0.0081,0.9846
7675,-0.1506,-0.0464,0.9729
7676,-0.2217,-0.0574,1.0315
7677,-0.1453,0.0063,1.0579
7678,-0.0254,-0.1963,0.9895
7679,0.0830,-0.0317,1.0610
7680,0.0776,-0.0432,0.9712
7681,0.0491,0.0471,0.9438
7682,-0.1074,0.0906,0.9028
7683,-0.1660,0.1777,0.9482
7684,-0.1694,0.1050,0.9214
7685,-0.0859,0.1228,0.9622
7686,0.0737,0.0210,0.9719
7687,0.1575,-0.1125,0.9858
7688,0.1575,-0.1104,1.0356
7689,0.1250,-0.1533,0.9790
7690,0.0291,-0.0784,0.9819
7691,-0.0415,0.0615,0.9924
7692,-0.0210,0.0889,0.9595
7693,0.0371,0.1448,0.9524
7694,0.0916,0.0991,0.9692
7695,0.1724,0.0623,1.0129
7696,0.1880,-0.0454,0.9915
7697,0.0984,-0.0474,1.0344
7698,-0.0256,-0.0513,1.0110
7699,-0.1846,-0.1055,0.9788
7700,-0.3159,0.0513,0.9868
7701,-0.3950,0.0210,0.9087
7702,-0.3748,0.1492,0.9358
7703,-0.2720,0.1123,0.9155
7704,-0.0828,0.1284,0.9556
7705,0.0349,-0.0164,0.9673
7706,0.1626,-0.0239,1.0364
7707,0.1443,-0.1655,1.0393
7708,0.0645,-0.1355,1.0571
7709,-0.0532,-0.1560,0.9993
7710,-0.1133,-0.0454,1.0149
7711,-0.0691,-0.0618,0.9373
7712,0.0327,-0.0078,0.9399
7713,0.1760,0.0686,0.9312
7714,0.3169,0.0007,0.8704
7715,0.3264,0.0510,0.9482
7716,0.2148,0.0413,0.9836
7717,0.0801,-0.0649,0.9985
7718,-0.1223,-0.0195,1.0471
7719,-0.2085,-0.0139,1.0366
7720,-0.1650,-0.0464,1.0237
7721,-0.0769,-0.0254,1.0200
7722,0.0618,0.0176,1.0112
7723,0.1245,-0.0266,0.9397
7724,0.0466,-0.0107,0.9336
7725,-0.0840,-0.0068,0.9417
7726,-0.1868,-0.0437,0.9263
7727,-0.2637,-0.0110,0.9819
7728,-0.1414,0.0034,0.9741
7729,0.0068,-0.1614,0.9749
7730,0.1746,-0.0310,1.0637
7731,0.2524,-0.2993,0.9475
7732,0.2913,-0.1194,1.0503
7733,0.1152,-0.1912,0.9380
7734,0.0383,-0.0645,0.9800
7735,-0.0869,0.0664,0.9368
7736,-0.0928,0.0830,0.9087
7737,0.0234,0.1648,0.9761
7738,0.1353,0.1150,0.9644
7739,0.2437,0.0479,0.9963
7740,0.2065,0.0576,1.0247
7741,-0.0137,0.0110,1.0229
7742,-0.2168,0.0737,1.0161
7743,-0.4558,0.0574,0.9729
7744,-0.5632,0.2112,0.9915
7745,-0.4712,0.1533,0.9146
7746,-0.2371,0.2588,0.9380
7747,-0.0083,0.2009,0.9397
7748,0.2170,0.1577,0.9546
7749,0.2356,0.0881,0.9995
7750,0.1279,0.0208,1.0220
7751,-0.0586,-0.1465,1.0122
7752,-0.1978,-0.1340,1.0493
7753,-0.1899,-0.2410,1.0171
7754,0.0281,-0.1895,0.9917
7755,0.2014,-0.1897,0.9448
7756,0.4282,0.0154,0.9583
7757,0.4204,-0.0115,0.8713
7758,0.3069,0.1572,0.9341
7759,0.0503,0.0894,0.9302
7760,-0.1582,0.0642,0.9956
7761,-0.2974,-0.0632,1.0063
7762,-0.2417,-0.1833,1.0601
7763,-0.0576,-0.2402,1.0735
7764,0.0989,-0.2351,1.0415
7765,0.1985,-0.0828,1.0044
7766,0.1023,-0.0403,0.9348
7767,-0.0444,0.1523,0.9473
7768,-0.2268,0.1497,0.9094
7769,-0.2673,0.2454,0.9280
7770,-0.2261,-0.0107,0.9038
7771,-0.0042,-0.0276,1.0452
7772,0.1780,-0.2898,1.0034
7773,0.3098,-0.2358,1.0591
7774,0.2712,-0.2266,1.0083
7775,0.1587,-0.1338,1.0071
7776,-0.0276,-0.0601,0.9761
7777,-0.1545,0.0388,0.9514
7778,-0.1321,0.0991,0.9360
7779,-0.0312,0.0564,0.9231
7780,0.1331,0.0354,0.9819
7781,0.2844,-0.0208,0.9722
7782,0.2515,-0.0747,0.9958
7783,0.1057,-0.0137,1.0103
7784,-0.1384,-0.1060,0.9622
7785,-0.3579,0.0510,1.0229
7786,-0.4722,0.0752,0.9360
7787,-0.4646,0.1692,0.9309
7788,-0.3235,0.2896,0.9536
7789,-0.0754,0.2585,0.9312
7790,0.0864,0.2634,0.9670
7791,0.1738,0.2483,1.0002
7792,0.1611,0.0903,1.0295
7793,-0.0020,-0.0520,1.0513
7794,-0.1372,-0.1055,1.0688
7795,-0.1313,-0.1418,1.0159
7796,-0.0576,-0.1382,0.9758
7797,0.1123,0.0508,0.9719
7798,0.2871,0.0378,0.8772
7799,0.3721,0.1284,0.9016
7800,0.3069,0.0876,0.8999
7801,0.1797,-0.0159,0.9468
7802,-0.0237,-0.0640,0.9895
7803,-0.1753,-0.1887,1.0171
7804,-0.1882,-0.1753,1.0813
7805,-0.1438,-0.1938,1.0413
7806,-0.0225,-0.1394,1.0354
7807,0.1006,-0.0745,0.9924
7808,0.0864,-0.0630,0.9641
7809,0.0034,0.0088,0.9624
7810,-0.1187,0.0088,0.9126
7811,-0.1990,0.0684,0.9290
7812,-0.1904,-0.0051,0.9319
7813,-0.0676,-0.0088,0.9976
7814,0.0659,-0.1489,0.9895
7815,0.1843,-0.1646,1.0286
7816,0.2151,-0.2292,1.0190
7817,0.1646,-0.2466,1.0120
7818,0.0720,-0.1968,0.9924
7819,-0.0383,-0.0916,0.9663
7820,-0.0344,0.0315,0.9260
7821,-0.0427,0.0837,0.9048
7822,0.0574,0.2192,0.9458
7823,0.1382,0.1404,0.9221
7824,0.2029,0.1333,1.0005
7825,0.1621,0.0149,1.0181
7826,0.0862,-0.0137,1.0522
7827,-0.1030,-0.0259,1.0278
7828,-0.2373,0.0300,1.0142
7829,-0.3647,0.1099,0.9888
7830,-0.4028,0.2368,0.9585
7831,-0.3403,0.3057,0.9097
7832,-0.2329,0.3506,0.9185
7833,-0.0710,0.2837,0.9224
7834,0.0681,0.1443,0.9670
7835,0.1335,0.0447,1.0073
7836,0.1150,-0.1411,1.0288
7837,0.0540,-0.1716,1.0667
7838,-0.0398,-0.2886,1.0266
7839,-0.0105,-0.1807,1.0220
7840,0.0115,-0.1177,0.9583
7841,0.1497,0.0339,0.9360
7842,0.2273,0.0308,0.8862
7843,0.2629,0.1167,0.9263
7844,0.1880,0.0134,0.9172
7845,0.0769,-0.0522,0.9680
7846,-0.1123,-0.1323,1.0208
7847,-0.2009,-0.1675,1.0286
7848,-0.1956,-0.1584,1.0415
7849,-0.1016,-0.0193,1.0503
7850,0.0247,-0.1033,0.9790
7851,0.1033,0.0120,1.0005
7852,0.0903,0.0525,0.9446
7853,0.0439,0.0227,0.9126
7854,-0.0867,0.0625,0.9573
7855,-0.1506,0.0322,0.9602
7856,-0.1086,-0.0710,0.9790
7857,-0.0571,-0.0615,1.0083
7858,0.0642,-0.1958,1.0022
7859,0.1863,-0.2097,1.0259
7860,0.1799,-0.2312,1.0044
7861,0.1375,-0.1614,0.9875
7862,0.0454,-0.1780,0.9360
7863,-0.0359,-0.0359,0.9526
7864,-0.0562,0.0186,0.9116
7865,0.0208,0.1731,0.9148
7866,0.0869,0.2188,0.9419
7867,0.1750,0.1929,0.9839
7868,0.1890,0.0840,1.0071
7869,0.0762,0.0522,1.0415
7870,-0.0486,-0.0527,1.0317
7871,-0.2192,-0.0583,1.0315
7872,-0.3706,0.0710,1.0200
7873,-0.3706,0.2085,0.9390
7874,-0.3479,0.3069,0.9094
7875,-0.2390,0.3938,0.9348
7876,-0.0745,0.2795,0.9233
7877,0.0640,0.2004,0.9634
7878,0.1223,0.0813,1.0073
7879,0.1409,-0.0979,1.0239
7880,0.0481,-0.2166,1.0493
7881,-0.0259,-0.1672,1.0571
7882,-0.0686,-0.2214,0.9819
7883,0.0098,-0.0537,0.9839
7884,0.0896,-0.0366,0.9094
7885,0.2263,0.0234,0.9028
7886,0.2668,0.0046,0.8872
7887,0.2219,-0.0393,0.9507
7888,0.0652,-0.1331,0.9905
7889,-0.1072,-0.1968,1.0120
7890,-0.2012,-0.1748,1.0522
7891,-0.1863,-0.1733,1.0481
7892,-0.0798,-0.1487,1.0247
7893,0.0603,-0.0745,1.0159
7894,0.1477,0.0522,0.9868
7895,0.1091,0.0789,0.9143
7896,-0.0156,0.1199,0.9202
7897,-0.1382,0.1387,0.9438
7898,-0.1770,0.0095,0.9341
7899,-0.1538,0.0037,0.9917
7900,-0.0271,-0.0793,1.0142
7901,0.1326,-0.1899,1.0081
7902,0.1860,-0.1899,1.0266
7903,0.1897,-0.1443,1.0073
7904,0.0999,-0.2419,0.9602
7905,0.0127,-0.0938,0.9907
7906,-0.0598,-0.1208,0.9370
7907,-0.0144,0.0276,0.9412
7908,0.0088,0.0374,0.9104
7909,0.1489,0.1838,0.9768
7910,0.1787,0.1145,0.9624
7911,0.1504,0.1606,1.0200
7912,0.0645,0.0376,1.0005
7913,-0.0640,-0.0161,1.0500
7914,-0.2280,-0.0500,1.0249
7915,-0.3049,-0.0261,0.9800
7916,-0.3279,0.1443,0.9592
7917,-0.3323,0.2078,0.9006
7918,-0.2039,0.3796,0.9133
7919,-0.1074,0.3782,0.9124
7920,0.0293,0.3210,0.9612
7921,0.1108,0.0598,1.0022
7922,0.1375,-0.0725,1.0774
7923,0.0637,-0.2297,1.0542
7924,0.0232,-0.2427,1.0530
7925,-0.0254,-0.2512,1.0259
7926,-0.0090,-0.1550,1.0093
7927,0.0754,-0.0312,0.9058
7928,0.1714,0.0654,0.8560
7929,0.2239,0.1565,0.8755
7930,0.1685,-0.0298,0.8870
7931,0.1013,0.0107,1.0024
7932,-0.0889,-0.2012,0.9788
7933,-0.1177,-0.1438,1.0862
7934,-0.1536,-0.2100,1.0530
7935,-0.1033,-0.1233,1.0940
7936,0.0105,-0.0532,1.0161
7937,0.0576,-0.0076,0.9829
7938,0.0640,0.1597,0.9878
7939,-0.0237,0.0071,0.8794
7940,-0.0864,0.1633,0.9299
7941,-0.1672,0.0676,0.8850
7942,-0.1067,0.0513,0.9585
7943,-0.0283,-0.0701,0.9663
7944,0.0571,-0.1782,1.0132
7945,0.1729,-0.2144,1.0276
7946,0.1465,-0.3008,1.0012
7947,0.1196,-0.1228,1.0334
7948,0.0522,-0.1663,0.9514
7949,0.0142,0.0469,0.9973
7950,-0.0090,0.0354,0.9097
7951,0.0383,0.1367,0.9692
7952,0.0771,0.0977,0.9465
7953,0.1289,-0.0369,0.9885
7954,0.1509,0.0132,1.0542
7955,0.0830,-0.1553,0.9875
7956,0.0010,0.0093,1.0376
7957,-0.1929,0.0181,0.9602
7958,-0.2808,0.1689,0.9692
7959,-0.3831,0.1692,0.9221
7960,-0.3701,0.2034,0.9436
7961,-0.2568,0.1780,0.9419
7962,-0.1079,0.1345,0.9614
7963,0.0496,0.1228,0.9885
7964,0.1475,-0.0005,1.0022
7965,0.1311,-0.0090,1.0483
7966,0.0205,-0.1211,1.0278
7967,-0.0691,-0.1443,1.0188
7968,-0.1582,-0.1755,0.9897
7969,-0.0767,-0.1150,0.9680
7970,0.0481,-0.1301,0.9260
7971,0.2302,0.0383,0.9321
7972,0.3013,0.0320,0.8958
7973,0.3604,0.1606,0.9536
7974,0.2219,0.0518,0.9497
7975,0.0750,0.0251,1.0325
7976,-0.1287,-0.0923,1.0640
7977,-0.2192,-0.1243,1.0640
7978,-0.2612,-0.2075,1.0181
7979,-0.1433,-0.0432,1.0356
7980,-0.0232,-0.0525,0.9290
7981,0.0886,0.1287,0.9348
7982,0.0649,0.2085,0.8911
7983,0.0325,0.1804,0.9036
7984,-0.0652,0.0884,0.9475
7985,-0.1133,-0.0444,1.0090
7986,-0.0837,-0.2383,1.0298
7987,0.0205,-0.2988,1.0481
7988,0.1409,-0.2673,1.0571
7989,0.2173,-0.1775,1.0032
7990,0.1863,-0.1155,0.9487
7991,0.0923,0.0447,0.9661
7992,-0.0354,0.0210,0.8909
7993,-0.1135,0.0232,0.9106
7994,-0.0850,0.0693,0.9436
7995,0.0022,-0.0537,0.9377
7996,0.1606,0.0483,1.0237
7997,0.1672,0.0327,1.0005
7998,0.1672,0.1113,1.0112
7999,0.0295,0.0554,1.0193
8000,-0.1472,0.1357,1.0383
8001,-0.2800,-0.0225,0.9583
8002,-0.3508,0.1672,1.0198
8003,-0.3308,0.0825,0.9094
8004,-0.2041,0.1584,0.9536
8005,-0.0974,0.2903,0.9583
8006,0.0320,0.1816,0.9133
8007,0.1135,0.2183,0.9946
8008,0.0454,0.0000,0.9673
8009,-0.0073,-0.1409,1.0444
8010,-0.0884,-0.2129,1.0239
8011,-0.0972,-0.2637,0.9956
8012,-0.0334,-0.1245,1.0139
8013,0.0635,-0.1079,0.9211
8014,0.2134,0.0334,0.9602
8015,0.2903,0.0740,0.9175
8016,0.2825,0.0066,0.9514
8017,0.2246,0.0117,1.0051
8018,0.0740,-0.1541,0.9878
8019,-0.0820,-0.0830,1.0610
8020,-0.2075,-0.1804,0.9956
8021,-0.2231,-0.0918,1.0103
8022,-0.1782,-0.0364,0.9790
8023,-0.0862,0.0576,0.9497
8024,-0.0098,0.1021,0.9126
8025,0.0139,0.1223,0.9309
8026,0.0044,0.0886,0.9517
8027,-0.0615,-0.0269,0.9700
8028,-0.0452,-0.0186,1.0247
8029,-0.0168,-0.1665,1.0276
8030,0.0630,-0.1492,1.0698
8031,0.1252,-0.2466,1.0286
8032,0.1958,-0.2261,1.0247
8033,0.1465,-0.2693,0.9399
8034,0.0872,-0.1643,0.9670
8035,0.0298,-0.0508,0.9041
8036,-0.0593,-0.0828,0.8645
8037,-0.0325,0.1929,0.9731
8038,-0.0017,-0.0022,0.8918
8039,0.1187,0.1279,1.0227
8040,0.1270,0.0469,1.0188
8041,0.1572,0.0420,1.0461
8042,0.0664,-0.0171,1.0344
8043,-0.0754,0.0671,1.0422
8044,-0.2263,0.1057,0.9880
8045,-0.3103,0.2170,0.9329
8046,-0.3760,0.3359,0.9312
8047,-0.3298,0.3362,0.9055
8048,-0.1953,0.2698,0.9202
8049,-0.0642,0.2327,0.9768
8050,0.0928,0.0383,0.9771
8051,0.1653,-0.0837,1.0376
8052,0.1050,-0.1565,1.0530
8053,0.0330,-0.2170,1.0288
8054,-0.0649,-0.1799,1.0034
8055,-0.0706,-0.0913,0.9905
8056,0.0413,-0.0676,0.9233
8057,0.1597,0.0286,0.9241
8058,0.2632,0.0710,0.9065
8059,0.3196,-0.0049,0.9399
8060,0.2136,-0.0417,0.9946
8061,0.0203,-0.1604,1.0149
8062,-0.1465,-0.1628,1.0425
8063,-0.3054,-0.1743,1.0413
8064,-0.2502,-0.0649,1.0278
8065,-0.1533,-0.0347,0.9858
8066,0.0261,0.1799,0.9778
8067,0.0852,0.0413,0.8706
8068,0.0825,0.1489,0.9653
8069,-0.0308,0.0244,0.9302
8070,-0.0820,-0.0659,0.9526
8071,-0.1191,-0.0459,1.0256
8072,-0.0327,-0.1072,1.0024
8073,0.0706,-0.1787,1.0151
8074,0.1536,-0.0825,1.0356
8075,0.1777,-0.1602,0.9631
8076,0.1738,-0.1296,1.0005
8077,0.0481,-0.1262,0.9644
8078,-0.0229,-0.1184,0.9277
8079,-0.0566,-0.0664,0.9321
8080,-0.0562,0.0581,0.9553
8081,0.0503,0.0144,0.9507
8082,0.1555,0.0923,1.0054
8083,0.1816,0.0864,1.0032
8084,0.1604,0.0291,1.0132
8085,0.0159,0.0225,1.0200
8086,-0.1692,0.0059,1.0220
8087,-0.2778,0.0476,0.9985
8088,-0.4065,0.0828,0.9172
8089,-0.3660,0.2708,0.9358
8090,-0.2478,0.2507,0.8889
8091,-0.1282,0.2629,0.9397
8092,0.0391,0.2427,0.9663
8093,0.1335,0.0696,0.9866
8094,0.1279,-0.0264,1.0471
8095,0.0608,-0.2229,1.0422
8096,0.0010,-0.1936,1.0959
8097,-0.0586,-0.2104,1.0042
8098,-0.0105,-0.1323,0.9866
8099,0.1018,0.0186,0.9458
8100,0.2119,0.0300,0.8821
8101,0.3171,0.1475,0.8999
8102,0.2483,0.0405,0.8691
8103,0.1084,0.0486,0.9680
8104,-0.0759,-0.0725,0.9985
8105,-0.2126,-0.1333,1.0432
8106,-0.2681,-0.1404,1.0747
8107,-0.1731,-0.1208,1.0464
8108,-0.0527,-0.0662,1.0129
8109,0.0696,0.0420,1.0071
8110,0.0769,0.0549,0.9465
8111,0.0229,0.0754,0.9397
8112,-0.0176,0.0649,0.9126
8113,-0.0969,0.0215,0.9368
8114,-0.0837,-0.0498,0.9624
8115,-0.0071,-0.1687,0.9810
8116,0.0251,-0.1714,1.0112
8117,0.1006,-0.2568,0.9866
8118,0.1165,-0.2019,1.0083
8119,0.0977,-0.1848,0.9790
8120,0.0637,-0.1458,0.9856
8121,0.0020,-0.0042,0.9722
8122,-0.0190,-0.0732,0.9165
8123,0.0403,0.1133,0.9983
8124,0.0305,0.0442,0.9224
8125,0.1030,0.1189,0.9954
8126,0.1213,0.1345,0.9875
8127,0.0823,0.0981,1.0090
8128,0.0173,0.1699,1.0413
8129,-0.0923,0.1143,0.9565
8130,-0.1804,0.1873,1.0208
8131,-0.2585,0.1516,0.9485
8132,-0.2925,0.1187,0.9497
8133,-0.2310,0.3062,0.9995
8134,-0.1436,0.1353,0.8940
8135,0.0044,0.2102,0.9905
8136,0.0859,0.0735,0.9622
8137,0.1384,-0.0049,0.9944
8138,0.0725,-0.1663,0.9954
8139,0.0098,-0.2163,1.0208
8140,-0.0569,-0.2834,1.0151
8141,-0.0217,-0.2961,0.9722
8142,0.0583,-0.1907,0.9595
8143,0.1646,-0.0815,0.9553
8144,0.2361,-0.0681,0.9172
8145,0.2275,-0.0083,0.9653
8146,0.1091,-0.0107,0.9810
8147,-0.0120,-0.0491,1.0005
8148,-0.1509,-0.1011,1.0181
8149,-0.2063,-0.0732,1.0608
8150,-0.1609,-0.1289,0.9993
8151,-0.0872,-0.0327,1.0054
8152,-0.0139,0.0786,0.9651
8153,0.0249,0.0852,0.8989
8154,-0.0132,0.1897,0.9348
8155,-0.0652,0.2009,0.9270
8156,-0.0735,0.0874,0.9309
8157,-0.0745,0.0298,0.9983
8158,0.0061,-0.0610,1.0198
8159,0.0820,-0.1941,0.9956
8160,0.0913,-0.1604,1.0422
8161,0.1179,-0.1382,1.0220
8162,0.0862,-0.2668,0.9624
8163,0.0708,-0.1108,1.0022
8164,0.0537,-0.0681,0.9231
8165,0.0725,-0.0032,0.8979
8166,0.0364,0.0256,0.9351
8167,0.0776,0.1519,0.9937
8168,0.0327,-0.0215,0.9165
8169,0.0361,0.1685,1.0425
8170,-0.0391,0.0857,1.0002
8171,-0.0708,-0.0098,1.0054
8172,-0.1294,0.0630,1.0552
8173,-0.1746,0.1587,0.9851
8174,-0.1550,0.1274,0.9231
8175,-0.1885,0.3540,0.9810
8176,-0.1667,0.2961,0.9329
8177,-0.0867,0.2273,0.9524
8178,-0.0239,0.2114,0.9722
8179,0.0720,-0.0107,0.9971
8180,0.1404,-0.1660,1.0229
8181,0.0745,-0.2683,1.0190
8182,0.0391,-0.2029,1.0425
8183,-0.0183,-0.2559,0.9460
8184,-0.0596,-0.0850,0.9780
8185,0.0029,0.0527,0.9260
8186,0.1340,0.0046,0.8638
8187,0.2158,0.1279,0.9517
8188,0.2134,-0.0610,0.9456
8189,0.1619,-0.1194,1.0188
8190,-0.0222,-0.2014,1.0305
8191,-0.1528,-0.1753,1.0774
8192,-0.2070,-0.2195,1.0288
8193,-0.1987,-0.0999,1.0298
8194,-0.0933,0.1079,0.9807
8195,-0.0093,0.0801,0.8853
8196,0.0344,0.2805,0.9475
8197,0.0063,0.1790,0.8831
8198,0.0066,0.0967,0.9163
8199,-0.0776,0.0298,0.9497
8200,-0.0671,-0.0283,1.0151
8201,-0.0220,-0.1587,1.0100
8202,0.0088,-0.1919,1.0510
8203,0.0547,-0.1252,1.0718
8204,0.0864,-0.2166,0.9849
8205,0.0991,-0.1294,1.0054
8206,0.1013,-0.0518,0.9810
8207,0.1077,-0.0991,0.9058
8208,0.0991,0.0596,0.9485
8209,0.0554,0.0642,0.9133
8210,0.0200,-0.0220,0.9417
8211,0.0015,-0.0117,1.0100
8212,-0.0325,-0.0942,0.9993
8213,-0.0229,-0.1311,0.9954
8214,-0.0149,-0.0273,1.0273
8215,-0.0874,0.0837,1.0173
8216,-0.1177,0.1733,0.9602
8217,-0.1860,0.3291,0.9458
8218,-0.2537,0.4246,0.9465
8219,-0.1909,0.2786,0.9165
8220,-0.0955,0.2517,0.9875
8221,0.0059,0.0876,0.9954
8222,0.1582,-0.0425,1.0129
8223,0.1213,-0.1321,1.0200
8224,0.0730,-0.1619,1.0249
8225,0.0151,-0.1829,1.0042
8226,-0.0903,-0.1128,0.9905
8227,-0.0642,-0.0752,0.9507
8228,0.0522,-0.0449,0.9448
8229,0.1946,-0.0281,0.9331
8230,0.2800,-0.0481,0.9360
8231,0.2542,-0.0452,0.9497
8232,0.1189,-0.0874,0.9507
8233,-0.1042,-0.0806,1.0305
8234,-0.2429,-0.1023,1.0188
8235,-0.2852,-0.1816,1.0168
8236,-0.1558,0.0146,1.0474
8237,-0.0750,-0.0869,0.9426
8238,0.1011,0.1665,0.9976
8239,0.0432,0.0864,0.9028
8240,0.0269,0.2180,0.9827
8241,-0.0798,0.0444,0.9292
8242,-0.1157,0.0452,1.0002
8243,-0.0796,-0.1140,0.9937
8244,-0.0037,-0.2004,1.0168
8245,0.0891,-0.1653,1.0391
8246,0.1362,-0.2690,0.9749
8247,0.0945,-0.1511,1.0020
8248,0.0364,-0.1538,0.9426
8249,0.0405,-0.0420,0.9561
8250,-0.0137,-0.0186,0.9155
8251,0.0447,0.0232,0.9478
8252,0.1206,0.0459,0.9514
8253,0.1140,-0.0396,0.9565
8254,0.0999,0.0520,1.0298
8255,0.0093,-0.0295,0.9995
8256,-0.0798,0.0637,1.0220
8257,-0.1753,0.0874,1.0005
8258,-0.1851,0.2451,1.0024
8259,-0.1824,0.1917,0.9250
8260,-0.1375,0.3401,0.9817
8261,-0.1384,0.2810,0.9319
8262,-0.0220,0.2363,0.9497
8263,-0.0115,0.2378,0.9800
8264,0.0513,0.1516,0.9829
8265,0.0991,-0.0181,0.9983
8266,0.0186,-0.0828,1.0444
8267,0.0178,-0.1924,1.0261
8268,-0.0186,-0.2627,1.0044
8269,-0.0225,-0.2346,0.9888
8270,0.0762,-0.1804,0.9827
8271,0.1538,-0.0581,0.9204
8272,0.1589,-0.0278,0.8989
8273,0.1953,0.1160,0.9407
8274,0.0662,-0.1270,0.9128
8275,-0.0374,-0.0049,1.0686
8276,-0.1680,-0.2585,0.9673
8277,-0.1396,-0.2449,1.0718
8278,-0.1167,-0.2068,1.0630
8279,-0.0566,-0.2007,0.9768
8280,0.0161,0.0554,0.9963
8281,-0.0200,0.1978,0.9124
8282,-0.0557,0.2170,0.8967
8283,-0.0876,0.2366,0.9504
8284,-0.0989,0.1704,0.9331
8285,-0.0205,-0.0361,0.9712
8286,0.0476,-0.0493,1.0344
8287,0.0376,-0.2017,1.0129
8288,0.0730,-0.1541,1.0698
8289,-0.0020,-0.1904,0.9954
8290,-0.0564,-0.1504,1.0217
8291,-0.0088,-0.0979,0.9731
8292,0.0171,-0.1182,0.8967
8293,0.1599,0.0325,0.9553
8294,0.2173,-0.0540,0.8987
8295,0.2131,0.0327,0.9634
8296,0.1296,0.0540,0.9583
8297,-0.0063,0.0764,0.9719
8298,-0.1565,0.1086,1.0132
8299,-0.2036,0.0249,1.0225
8300,-0.1919,0.0571,1.0325
8301,-0.1487,0.0579,0.9963
8302,-0.0664,0.2468,0.9866
8303,-0.0703,0.2100,0.9231
8304,-0.0400,0.3372,0.9739
8305,-0.0657,0.2708,0.9202
8306,-0.0232,0.2261,0.9448
8307,0.0471,0.1523,0.9897
8308,0.0737,-0.0649,0.9758
8309,0.0889,-0.1938,1.0308
8310,0.0544,-0.2070,1.0500
8311,-0.0039,-0.3103,0.9927
8312,-0.0146,-0.2712,1.0073
8313,-0.0234,-0.1284,0.9993
8314,0.0615,-0.1055,0.9370
8315,0.1326,-0.0266,0.9065
8316,0.1445,0.0220,0.9380
8317,0.1265,-0.0291,0.9397
8318,0.0291,-0.1079,0.9719
8319,-0.0730,-0.0271,1.0071
8320,-0.1628,-0.1851,0.9797
8321,-0.1638,-0.0688,1.0540
8322,-0.1519,-0.1086,0.9937
8323,-0.0491,0.0493,1.0210
8324,0.0022,0.0452,0.9397
8325,0.0491,0.1758,0.9937
8326,0.0342,0.1160,0.9592
8327,-0.0022,0.1191,0.9575
8328,-0.0437,0.1045,0.9797
8329,-0.0784,-0.0098,0.9673
8330,-0.0388,-0.1199,0.9731
8331,-0.0212,-0.1292,1.0168
8332,0.0537,-0.1882,0.9868
8333,0.0449,-0.2761,0.9604
8334,0.0754,-0.1062,1.0103
8335,0.0879,-0.0918,0.9370
8336,0.1038,-0.0286,0.9556
8337,0.0842,0.0488,0.9602
8338,0.0986,0.0476,0.9922
8339,0.0635,0.0452,0.9729
8340,-0.0022,0.0022,0.9690
8341,-0.0266,0.1423,1.0325
8342,-0.0984,0.0168,0.9465
8343,-0.1069,0.1836,1.0054
8344,-0.1536,0.2124,0.9507
8345,-0.1345,0.2642,0.9526
8346,-0.1890,0.2534,0.9526
8347,-0.1431,0.2559,0.9780
8348,-0.0635,0.1929,0.9875
8349,0.0420,0.1399,0.9915
8350,0.1343,0.0112,1.0012
8351,0.1765,-0.0476,1.0557
8352,0.1145,-0.1724,0.9956
8353,-0.0110,-0.2063,1.0151
8354,-0.0774,-0.1685,0.9934
8355,-0.1406,-0.3318,0.9292
8356,-0.0615,-0.1519,0.9944
8357,0.0530,-0.2068,0.8823
8358,0.1592,-0.0688,0.9377
8359,0.2104,-0.0557,0.9270
8360,0.1790,-0.0654,0.9692
8361,0.0708,-0.0857,1.0061
8362,-0.0466,-0.1455,0.9993
8363,-0.1379,-0.1145,1.0669
8364,-0.1489,-0.1187,1.0354
8365,-0.1321,-0.0647,0.9956
8366,-0.0715,0.1028,0.9946
8367,0.0151,0.1370,0.9250
8368,-0.0010,0.1904,0.9436
8369,-0.0039,0.2385,0.9595
8370,-0.0479,0.1011,0.9136
8371,-0.0461,0.0999,0.9937
8372,-0.0383,-0.0256,1.0012
8373,-0.0220,-0.1252,1.0034
8374,-0.0061,-0.1821,1.0149
8375,0.0320,-0.1074,0.9956
8376,0.0269,-0.1687,0.9536
8377,0.0583,-0.0283,1.0044
8378,0.0830,-0.0916,0.9358
8379,0.1428,-0.0505,0.9663
8380,0.1150,-0.0496,0.9683
8381,0.0977,-0.0403,0.9778
8382,0.0293,-0.0947,0.9749
8383,-0.0627,0.0200,1.0200
8384,-0.1118,0.0059,0.9709
8385,-0.1338,0.0474,0.9985
8386,-0.1292,0.1321,0.9778
8387,-0.1443,0.1438,0.9426
8388,-0.1006,0.2795,0.9583
8389,-0.1003,0.2463,0.9163
8390,-0.0505,0.3069,0.9819
8391,-0.0100,0.2573,0.9868
8392,0.0427,0.1846,0.9895
8393,0.0483,0.0532,1.0305
8394,0.0815,-0.0652,1.0471
8395,0.0195,-0.2422,1.0295
8396,0.0046,-0.2012,1.0503
8397,-0.0212,-0.2510,0.9563
8398,-0.0208,-0.1672,0.9592
8399,0.0056,-0.1143,0.9165
8400,0.0767,-0.0928,0.9021
8401,0.1462,-0.0530,0.9321
8402,0.1777,-0.1260,0.9084
8403,0.1768,-0.1140,1.0063
8404,0.0820,-0.1492,1.0139
8405,-0.0327,-0.1821,1.0413
8406,-0.1147,-0.1086,1.0688
8407,-0.1536,-0.1606,1.0198
8408,-0.1116,-0.0342,1.0344
8409,-0.0796,0.0273,0.9419
8410,-0.0378,0.2041,0.9250
8411,-0.0378,0.2737,0.9055
8412,-0.0427,0.2502,0.8870
8413,-0.0530,0.2224,0.9622
8414,-0.0271,0.1179,0.9661
8415,-0.0500,-0.0503,0.9839
8416,-0.0022,0.0139,1.0620
8417,-0.0007,-0.2065,1.0081
8418,0.0476,-0.1470,1.0630
8419,0.0654,-0.1450,1.0178
8420,0.1172,-0.0105,0.9866
8421,0.1013,-0.0750,0.9058
8422,0.1223,0.1079,0.9534
8423,0.0588,0.0227,0.9055
8424,0.0481,0.0066,0.9192
8425,-0.0320,-0.0251,0.9595
8426,-0.0754,-0.0833,1.0071
8427,-0.0913,-0.1887,0.9966
8428,-0.0986,-0.1118,1.0369
8429,-0.1169,0.0154,1.0139
8430,-0.0942,0.1089,0.9507
8431,-0.1213,0.2720,0.9585
8432,-0.1321,0.3452,0.9604
8433,-0.0698,0.2739,0.9546
8434,-0.0098,0.2397,0.9751
8435,0.0586,0.1409,0.9895
8436,0.1301,-0.0125,1.0073
8437,0.0691,-0.1638,1.0266
8438,0.0186,-0.1980,1.0503
8439,-0.0503,-0.2339,1.0024
8440,-0.0928,-0.1929,0.9829
8441,-0.0532,-0.1399,0.9661
8442,0.0745,-0.0610,0.9360
8443,0.1807,-0.0276,0.8918
8444,0.2737,0.0601,0.9146
8445,0.2556,-0.0137,0.9290
8446,0.1394,-0.1001,0.9819
8447,-0.0408,-0.1045,1.0383
8448,-0.1401,-0.1619,1.0132
8449,-0.1704,-0.1887,1.0308
8450,-0.1196,-0.0986,1.0571
8451,-0.0295,-0.0486,1.0083
8452,0.0017,0.0664,0.9663
8453,-0.0186,0.2280,0.9263
8454,-0.1279,0.2458,0.9067
8455,-0.1750,0.2947,0.9231
8456,-0.1802,0.1450,0.9263
8457,-0.0823,0.1233,1.0015
8458,0.0598,-0.0898,0.9722
8459,0.1829,-0.1323,1.0659
8460,0.1860,-0.1858,1.0327
8461,0.1387,-0.2610,0.9973
8462,0.0095,-0.0950,1.0552
8463,-0.0535,-0.1621,0.9417
8464,-0.0264,-0.0771,0.9631
8465,0.0310,0.0383,0.9429
8466,0.0923,-0.0127,0.9019
8467,0.1606,0.0508,0.9602
8468,0.0461,-0.0701,0.9429
8469,-0.0061,-0.0403,1.0190
8470,-0.1016,-0.1458,0.9829
8471,-0.1489,-0.0376,1.0366
8472,-0.1599,0.0264,0.9954
8473,-0.1245,0.0808,0.9573
8474,-0.1130,0.3120,0.9976
8475,-0.1016,0.2720,0.9114
8476,-0.0518,0.3440,0.9504
8477,-0.0527,0.2739,0.9692
8478,0.0254,0.1204,0.9917
8479,0.0415,-0.0598,1.0181
8480,0.0386,-0.1206,1.0403
8481,0.0562,-0.2261,1.0002
8482,-0.0012,-0.2139,1.0090
8483,-0.0083,-0.1091,0.9888
8484,-0.0066,-0.1157,0.9407
8485,0.0747,0.0349,0.9426
8486,0.1301,0.0066,0.8921
8487,0.2212,0.0432,0.9397
8488,0.1973,-0.0803,0.9475
8489,0.1235,-0.0776,1.0188
8490,-0.0366,-0.1831,1.0208
8491,-0.1221,-0.1709,1.0642
8492,-0.1619,-0.1711,1.0217
8493,-0.1252,-0.0833,1.0259
8494,-0.0405,0.0774,0.9797
8495,0.0049,0.0239,0.9133
8496,-0.0017,0.1733,0.9614
8497,-0.0662,0.0935,0.9182
8498,-0.1023,0.1282,0.9475
8499,-0.1394,0.0427,0.9351
8500,-0.0745,0.0701,1.0171
8501,0.0132,-0.1040,0.9910
8502,0.0688,-0.1328,1.0471
8503,0.1021,-0.1726,1.0347
8504,0.0769,-0.3213,0.9709
8505,0.0242,-0.1672,1.0308
8506,0.0029,-0.1301,0.9290
8507,0.0442,-0.0566,0.9077
8508,0.0857,0.1624,0.9231
8509,0.1189,0.1013,0.8831
8510,0.1008,0.1760,0.9622
8511,-0.0002,0.0566,0.9768
8512,-0.0625,-0.0059,1.0503
8513,-0.1472,-0.1892,1.0366
8514,-0.1685,-0.0508,1.0991
8515,-0.1426,0.0115,1.0063
8516,-0.1167,0.1746,0.9651
8517,-0.0859,0.4038,0.9370
8518,-0.0461,0.4348,0.9026
8519,0.0022,0.4270,0.8967
8520,-0.0212,0.2493,0.9124
8521,0.0286,0.1428,1.0002
8522,0.0022,-0.1689,0.9978
8523,-0.0129,-0.2170,1.0579
8524,-0.0090,-0.3328,1.0562
8525,0.0225,-0.2507,1.0552
8526,0.0142,-0.2288,0.9797
8527,0.0801,-0.0635,0.9800
8528,0.1292,-0.0015,0.9155
8529,0.1812,0.0254,0.9058
8530,0.2327,0.0752,0.9224
8531,0.1670,-0.0193,0.9155
8532,0.0676,-0.0405,0.9937
8533,-0.0691,-0.1030,0.9875
8534,-0.1548,-0.1638,1.0288
8535,-0.1489,-0.1343,1.0552
8536,-0.0728,-0.1501,1.0220
8537,-0.0115,-0.0469,1.0366
8538,0.0234,0.0015,0.9741
8539,-0.0210,0.1311,0.9504
8540,-0.1167,0.1938,0.9409
8541,-0.1721,0.1550,0.9329
8542,-0.1736,0.0156,0.9358
8543,-0.0879,-0.0344,0.9988
8544,0.0635,-0.1741,0.9902
8545,0.1360,-0.3618,0.9897
8546,0.1299,-0.2925,1.0598
8547,0.0903,-0.3032,0.9885
8548,0.0249,-0.1865,0.9390
8549,-0.0154,0.0457,0.9563
8550,0.0259,0.1445,0.9155
8551,0.0596,0.1282,0.9016
8552,0.0977,0.1885,0.9653
8553,0.0881,0.0959,0.9722
8554,0.0027,0.0127,1.0012
8555,-0.0710,0.0430,1.0513
8556,-0.1580,-0.0266,1.0291
8557,-0.1780,0.0137,1.0298
8558,-0.1787,0.1899,1.0229
8559,-0.1313,0.2310,0.9370
8560,-0.0630,0.2886,0.9270
8561,-0.0122,0.3757,0.9368
8562,0.0425,0.3303,0.9163
8563,0.0581,0.3140,0.9399
8564,0.0266,0.2300,0.9653
8565,-0.0181,0.0366,1.0198
8566,-0.0427,-0.1699,1.0422
8567,-0.0449,-0.4329,1.0474
8568,0.0210,-0.4014,1.0872
8569,0.0784,-0.4509,0.9937
8570,0.1765,-0.2412,0.9780
8571,0.2095,-0.0867,0.9006
8572,0.1851,0.1040,0.9016
8573,0.1282,0.1772,0.8628
8574,0.0212,0.1204,0.9075
8575,-0.0547,0.0281,0.9917
8576,-0.1328,-0.2842,1.0022
8577,-0.0708,-0.2722,1.1226
8578,-0.0544,-0.4250,1.0366
8579,0.0032,-0.2412,1.0669
8580,-0.0354,0.0125,1.0112
8581,-0.0569,0.2041,0.9211
8582,-0.1343,0.3394,0.9048
8583,-0.1814,0.3752,0.9172
8584,-0.0979,0.2393,0.9143
8585,-0.0217,0.0198,0.9575
8586,0.0735,-0.1111,1.0249
8587,0.1179,-0.3132,1.0278
8588,0.0908,-0.2898,1.0532
8589,0.0085,-0.2993,1.0208
8590,-0.0356,-0.2151,0.9985
8591,-0.0847,-0.1030,0.9778
8592,0.0266,0.0593,0.9436
8593,0.1123,0.0232,0.8782
8594,0.1982,0.1296,0.9419
8595,0.1917,0.0349,0.9370
8596,0.1062,0.0610,0.9631
8597,-0.0579,-0.0164,0.9690
8598,-0.1729,0.0276,1.0432
8599,-0.2251,-0.0496,1.0210
8600,-0.1948,0.0510,1.0278
8601,-0.1331,0.1926,1.0034
8602,-0.0674,0.2688,0.9290
8603,-0.0376,0.3804,0.9487
8604,-0.0513,0.4104,0.9417
8605,-0.0576,0.2910,0.9272
8606,-0.0461,0.2097,0.9846
8607,-0.0483,0.0068,1.0093
8608,0.0110,-0.1455,1.0208
8609,0.0081,-0.2913,1.0269
8610,0.0312,-0.2388,1.0403
8611,0.0164,-0.3325,0.9729
8612,0.0623,-0.1074,1.0161
8613,0.0569,-0.0784,0.9309
8614,0.1680,0.0522,0.9133
8615,0.2173,0.0576,0.9084
8616,0.2554,0.0537,0.9661
8617,0.2070,-0.0996,0.9683
8618,0.0852,-0.1248,1.0220
8619,-0.0623,-0.1421,1.0325
8620,-0.1577,-0.2073,1.0103
8621,-0.1953,-0.1521,1.0015
8622,-0.1658,-0.0349,1.0220
8623,-0.0623,0.0178,0.9407
8624,-0.0442,-0.0020,0.9204
8625,-0.0447,0.1873,0.9778
8626,-0.0681,0.0513,0.9097
8627,-0.0681,0.1155,0.9563
8628,-0.0989,0.0647,0.9780
8629,0.0127,-0.0151,1.0178
8630,0.0464,-0.2078,1.0110
8631,0.0886,-0.2080,1.0608
8632,0.0938,-0.2966,1.0210
8633,0.0986,-0.2607,0.9800
8634,0.0442,-0.1335,0.9673
8635,0.0598,0.0066,0.9390
8636,0.0459,0.0916,0.8879
8637,0.0452,0.2808,0.9380
8638,0.0374,0.1953,0.9126
8639,0.0232,0.1099,0.9585
8640,-0.0503,0.0127,1.0303
8641,-0.0383,-0.0398,1.0522
8642,-0.0693,-0.1719,1.0051
8643,-0.1169,0.0181,1.0649
8644,-0.1550,0.1575,0.9758
8645,-0.1809,0.3416,0.9153
8646,-0.1958,0.5952,0.9165
8647,-0.1658,0.5144,0.8948
8648,-0.0527,0.3777,0.9456
8649,0.0334,0.1614,0.9788
8650,0.1086,-0.0032,1.0513
8651,0.0803,-0.2620,1.0278
8652,0.0271,-0.3125,1.0803
8653,-0.0293,-0.2600,1.0532
8654,-0.0554,-0.2969,0.9644
8655,0.0203,-0.0452,1.0063
8656,0.0894,-0.0813,0.8879
8657,0.2439,-0.0193,0.9087
8658,0.2915,0.0244,0.9084
8659,0.2573,-0.1042,0.9114
8660,0.1577,-0.1812,0.9768
8661,-0.0410,-0.2217,1.0286
8662,-0.1753,-0.2900,1.0383
8663,-0.2117,-0.3044,1.0374
8664,-0.1506,-0.1743,1.0579
8665,-0.0398,-0.1660,0.9758
8666,0.0532,0.0520,0.9583
8667,0.0369,0.1890,0.9175
8668,-0.0496,0.1963,0.9077
8669,-0.1484,0.1875,0.9595
8670,-0.1970,0.1257,0.9714
8671,-0.1196,0.0007,0.9995
8672,0.0176,-0.0725,1.0190
8673,0.1565,-0.2439,1.0386
8674,0.2317,-0.1858,1.0747
8675,0.1660,-0.2351,0.9756
8676,0.0598,-0.0691,0.9761
8677,-0.0422,-0.0132,0.9246
8678,-0.0752,0.0972,0.9126
8679,-0.0366,0.1323,0.8882
8680,0.0322,0.2275,0.9224
8681,0.1025,0.1389,0.9475
8682,0.1453,0.0659,1.0015
8683,0.1028,0.0005,1.0591
8684,0.0266,-0.0593,1.0601
8685,-0.0813,-0.1172,1.0171
8686,-0.2222,0.0938,1.0415
8687,-0.3171,0.1853,0.9573
8688,-0.3237,0.3169,0.9067
8689,-0.3047,0.4087,0.9155
8690,-0.1248,0.4128,0.9309
8691,0.0261,0.1931,0.9026
8692,0.1213,0.1194,1.0063
8693,0.1626,-0.0864,1.0393
8694,0.0630,-0.3110,1.0510
8695,-0.0464,-0.3135,1.0835
8696,-0.0691,-0.2886,1.0452
8697,-0.0383,-0.2305,0.9836
8698,0.0886,-0.1052,0.9546
8699,0.2302,-0.0010,0.9351
8700,0.3179,-0.0232,0.8772
8701,0.3101,-0.0083,0.8987
8702,0.1860,-0.0549,0.9329
8703,-0.0432,-0.1797,0.9807
8704,-0.1594,-0.1453,1.0425
8705,-0.2598,-0.2104,1.0295
8706,-0.1692,-0.1211,1.0415
8707,-0.0615,-0.1445,1.0168
8708,0.1013,0.0073,1.0317
8709,0.0903,-0.0452,0.9163
8710,0.0271,0.2014,0.9758
8711,-0.1211,0.1880,0.8911
8712,-0.2065,0.2012,0.9243
8713,-0.2275,0.2231,0.9653
8714,-0.0903,0.0139,0.9661
8715,0.0701,-0.0422,1.0337
8716,0.1672,-0.2002,1.0295
8717,0.2058,-0.2371,1.0415
8718,0.1218,-0.2861,0.9905
8719,0.0571,-0.0913,0.9915
8720,-0.0037,0.0386,0.9036
8721,0.0063,0.2510,0.9038
8722,0.0310,0.2676,0.9016
8723,0.0662,0.1514,0.9341
8724,0.0461,0.0725,0.9905
8725,0.0334,-0.0627,1.0132
8726,0.0403,-0.1809,1.0376
8727,-0.0159,-0.1418,1.0796
8728,-0.0769,0.0298,1.0715
8729,-0.1265,0.1130,0.9546
8730,-0.2559,0.2637,0.9526
8731,-0.2974,0.2588,0.9292
8732,-0.3008,0.1294,0.9009
8733,-0.1899,0.1638,0.9377
8734,-0.0449,0.0403,0.9114
8735,0.1143,0.0325,0.9993
8736,0.1387,-0.0078,1.0120
8737,0.1221,-0.0579,1.0120
8738,0.0090,-0.0852,1.0327
8739,-0.0811,-0.1440,1.0383
8740,-0.0569,-0.1831,1.0178
8741,0.0305,-0.1895,0.9897
8742,0.1726,-0.0791,0.9731
8743,0.2905,-0.0974,0.9094
8744,0.3362,0.0649,0.9253
8745,0.2310,0.0347,0.8987
8746,0.0771,0.0784,0.9514
8747,-0.1304,0.0034,0.9673
8748,-0.2153,-0.0100,1.0327
8749,-0.2363,-0.1780,1.0269
8750,-0.1060,-0.1699,1.0640
8751,0.0388,-0.1675,1.0247
8752,0.1018,-0.0217,1.0171
8753,0.0635,0.0156,0.9365
8754,-0.0337,0.1135,0.9563
8755,-0.1848,0.1309,0.9504
8756,-0.1909,0.0635,0.9329
8757,-0.1267,-0.0378,0.9504
8758,-0.0012,-0.1230,1.0051
8759,0.1592,-0.3137,0.9956
8760,0.1987,-0.3154,1.0042
8761,0.1772,-0.1899,0.9934
8762,0.1255,-0.1162,0.9495
8763,-0.0051,-0.0049,0.9475
8764,-0.0618,0.1096,0.9673
8765,-0.0261,0.1672,0.9338
8766,-0.0061,0.1685,0.9312
8767,0.0940,0.1719,0.9917
8768,0.1592,0.0071,1.0217
8769,0.1594,-0.0200,1.0454
8770,0.0706,-0.0425,1.0344
8771,-0.0754,0.0925,1.0276
8772,-0.2632,0.0771,0.9380
8773,-0.3796,0.2922,0.9670
8774,-0.4583,0.3352,0.9192
8775,-0.3718,0.3215,0.8948
8776,-0.1733,0.2700,0.9321
8777,0.0056,0.1733,0.9868
8778,0.1509,-0.0645,0.9924
8779,0.1885,-0.1389,1.0608
8780,0.0884,-0.2263,1.0688
8781,-0.0222,-0.3210,1.0317
8782,-0.0781,-0.2427,1.0198
8783,-0.0310,-0.0918,0.9758
8784,0.1089,-0.0325,0.9104
8785,0.2598,0.0923,0.8862
8786,0.3369,0.0676,0.8987
8787,0.3416,0.0752,0.9116
8788,0.1497,-0.0542,0.9312
8789,-0.0210,0.0156,1.0364
8790,-0.2012,-0.2126,1.0171
8791,-0.2275,-0.1091,1.1099
8792,-0.1934,-0.1663,1.0442
8793,0.0171,-0.0869,1.0374
8794,0.1067,-0.1069,0.9861
8795,0.1636,0.0364,0.9778
8796,0.0322,0.0002,0.9114
8797,-0.0994,0.0940,0.9084
8798,-0.2771,0.0024,0.9124
8799,-0.2493,0.0303,0.9790
8800,-0.1470,-0.1355,0.9595
8801,0.0710,-0.1216,1.0249
8802,0.2131,-0.2478,1.0122
8803,0.2913,-0.2349,1.0383
8804,0.1899,-0.2505,0.9954
8805,0.0984,-0.0820,0.9819
8806,-0.0698,-0.0022,0.9368
8807,-0.0945,0.1328,0.9224
8808,-0.0977,0.1416,0.9214
8809,0.0496,0.2517,0.9592
8810,0.1184,0.0630,0.9292
8811,0.1951,0.0913,1.0464
8812,0.1367,-0.1267,1.0249
8813,0.0354,-0.0781,1.0835
8814,-0.1592,-0.0281,1.0034
8815,-0.2878,0.1187,0.9895
8816,-0.3867,0.2478,0.9329
8817,-0.4043,0.2849,0.9045
8818,-0.2700,0.4497,0.9351
8819,-0.1418,0.2607,0.8726
8820,0.0608,0.2017,0.9819
8821,0.0842,-0.1204,0.9976
8822,0.0916,-0.1785,1.0776
8823,-0.0122,-0.2861,1.0208
8824,-0.0635,-0.1343,1.0503
8825,-0.0615,-0.0789,0.9866
8826,0.0598,0.0659,0.9819
8827,0.1929,0.1470,0.9321
8828,0.3137,0.1125,0.9062
8829,0.3921,0.0713,0.9270
8830,0.3218,-0.0847,0.9456
8831,0.1670,-0.1196,0.9866
8832,-0.0640,-0.1499,1.0012
8833,-0.2061,-0.0554,1.0337
8834,-0.2986,-0.0483,1.0110
8835,-0.2300,0.0105,1.0151
8836,-0.0715,-0.0283,0.9839
8837,0.0720,-0.0344,1.0034
8838,0.1311,-0.0505,0.9624
8839,0.0806,-0.1104,0.9495
8840,-0.0430,0.0178,0.9819
8841,-0.1746,-0.1160,0.9338
8842,-0.1782,-0.0383,1.0054
8843,-0.1450,-0.1211,0.9829
8844,0.0701,-0.1157,1.0005
8845,0.2043,-0.2429,0.9712
8846,0.2932,-0.1890,1.0293
8847,0.2280,-0.2690,0.9797
8848,0.1001,-0.1562,0.9829
8849,-0.0684,-0.0544,0.9514
8850,-0.1604,0.0359,0.9426
8851,-0.1262,0.0835,0.9136
8852,-0.0181,0.1501,0.9553
8853,0.1616,0.1875,0.9692
8854,0.2280,0.0098,0.9644
8855,0.2185,0.0789,1.0562
8856,0.0347,-0.0686,0.9961
8857,-0.1655,0.0396,1.0393
8858,-0.3865,0.0862,0.9680
8859,-0.4546,0.2007,0.9722
8860,-0.4272,0.3003,0.9272
8861,-0.2739,0.2983,0.9331
8862,-0.0466,0.3408,0.9397
8863,0.0833,0.1550,0.9338
8864,0.1780,0.1787,1.0249
8865,0.0845,-0.1216,0.9856
8866,0.0000,-0.0754,1.0815
8867,-0.1421,-0.2297,1.0181
8868,-0.0676,-0.1526,1.0376
8869,0.0356,-0.1348,0.9683
8870,0.2373,0.0447,0.9768
8871,0.3833,0.0706,0.8958
8872,0.4011,0.0852,0.8987
8873,0.2664,0.0806,0.9468
8874,0.0649,-0.0476,0.9387
8875,-0.1624,-0.1226,1.0061
8876,-0.2720,-0.1479,1.0386
8877,-0.2395,-0.2786,1.0142
8878,-0.0942,-0.1738,1.0532
8879,0.0801,-0.1145,0.9927
8880,0.1543,-0.0693,0.9612
8881,0.0942,0.0286,0.9680
8882,-0.0593,0.0479,0.9534
8883,-0.1987,0.0129,0.9211
8884,-0.2705,0.0166,0.9497
8885,-0.1814,0.0063,0.9907
8886,-0.0049,-0.1724,0.9866
8887,0.1733,-0.2046,1.0432
8888,0.2686,-0.2710,1.0305
8889,0.2771,-0.2490,0.9993
8890,0.1272,-0.1831,0.9731
8891,-0.0046,-0.0469,0.9583
8892,-0.1111,0.0073,0.9153
8893,-0.1074,0.1602,0.9390
8894,-0.0125,0.1294,0.9009
8895,0.1121,0.1086,0.9636
8896,0.2009,0.0615,1.0051
8897,0.2434,-0.0215,1.0142
8898,0.1558,0.0200,1.0383
8899,-0.0242,0.0063,1.0210
8900,-0.1765,0.1072,1.0100
8901,-0.3494,0.1687,0.9749
8902,-0.4333,0.2642,0.9475
8903,-0.4204,0.2178,0.8989
8904,-0.2957,0.2834,0.9553
8905,-0.1609,0.1802,0.9241
8906,-0.0024,0.1157,0.9558
8907,0.0776,0.0762,1.0288
8908,0.1001,-0.0796,1.0247
8909,0.0352,-0.1846,1.0334
8910,-0.0291,-0.0696,1.0569
8911,-0.0093,-0.1106,0.9788
8912,0.0657,-0.0662,0.9641
8913,0.1719,0.0396,0.9729
8914,0.2922,0.0515,0.9258
8915,0.3430,0.0042,0.8892
8916,0.2700,-0.0056,0.9504
8917,0.1069,-0.1094,0.9661
8918,-0.1101,-0.1821,0.9966
8919,-0.2429,-0.1240,1.0090
8920,-0.2615,-0.0693,1.0122
8921,-0.1636,-0.0349,1.0054
8922,0.0083,-0.0063,0.9917
8923,0.1443,0.0281,1.0042
8924,0.1335,-0.0183,0.9673
8925,0.0623,-0.0562,0.9573
8926,-0.0999,-0.0466,1.0002
8927,-0.1714,-0.0676,0.9829
8928,-0.1746,-0.1262,0.9543
8929,-0.0664,0.0168,1.0383
8930,0.0818,-0.1260,0.9634
8931,0.2112,-0.1956,0.9546
8932,0.2053,-0.0667,1.0220
8933,0.1707,-0.1965,0.9214
8934,0.0493,-0.2324,0.9436
8935,-0.0869,-0.0188,1.0051
8936,-0.1047,-0.0859,0.9202
8937,-0.0410,0.0125,0.9475
8938,0.0386,0.1399,0.9868
8939,0.1763,0.0896,0.9993
8940,0.2207,0.0574,0.9937
8941,0.1445,0.0635,1.0317
8942,0.0415,0.0400,1.0415
8943,-0.1316,0.0051,0.9797
8944,-0.2925,0.1924,1.0093
8945,-0.3474,0.2825,0.9329
8946,-0.3645,0.2158,0.8979
8947,-0.3049,0.2996,0.9602
8948,-0.1848,0.1497,0.9543
8949,-0.0386,0.0740,0.9797
8950,0.0369,-0.1074,0.9866
8951,0.1055,-0.0562,1.0852
8952,0.0708,-0.2622,0.9905
8953,0.0239,-0.1355,1.0308
8954,-0.0198,-0.0647,0.9963
8955,0.0374,-0.0972,0.9116
8956,0.1003,-0.0037,0.9456
8957,0.2014,0.0715,0.9146
8958,0.3052,-0.0320,0.8889
8959,0.2827,0.0728,0.9641
8960,0.1638,-0.0200,0.9604
8961,0.0076,-0.0491,1.0208
8962,-0.1660,-0.0474,1.0364
8963,-0.2476,-0.0312,1.0649
8964,-0.1965,-0.0522,1.0115
8965,-0.0701,0.0271,1.0168
8966,0.0337,0.0891,0.9800
8967,0.0835,0.0530,0.9309
8968,0.0620,0.0942,0.9417
8969,-0.0789,-0.0317,0.9338
8970,-0.1130,-0.0354,0.9885
8971,-0.1345,-0.1462,0.9565
8972,-0.0435,-0.1697,1.0100
8973,0.0781,-0.1875,1.0210
8974,0.1777,-0.2356,1.0022
8975,0.1882,-0.1682,1.0051
8976,0.1663,-0.1362,0.9614
8977,0.0393,-0.1145,0.9465
8978,-0.0105,-0.0566,0.9446
8979,-0.0808,-0.0579,0.9319
8980,-0.0376,0.0005,0.9602
8981,0.0288,0.0115,0.9546
8982,0.1440,0.0603,0.9983
8983,0.1980,0.0688,0.9731
8984,0.1641,0.1567,1.0151
8985,0.0425,0.2600,1.0129
8986,-0.0869,0.1431,0.9692
8987,-0.2463,0.2932,1.0344
8988,-0.3679,0.1570,0.9651
8989,-0.3328,0.1733,0.9524
8990,-0.3179,0.1113,0.9492
8991,-0.2031,0.2249,1.0051
8992,-0.1055,0.0559,0.9419
8993,0.0227,0.1333,1.0063
8994,0.0652,-0.0017,0.9976
8995,0.0823,-0.0615,1.0190
8996,0.0332,-0.1855,0.9846
8997,-0.0129,-0.1824,1.0159
8998,0.0022,-0.2603,0.9475
8999,0.0337,-0.2336,0.9641
9000,0.1516,-0.1072,0.9341
9001,0.2341,-0.1724,0.8811
9002,0.2849,0.0488,0.9761
9003,0.2173,-0.0049,0.9368
9004,0.1277,0.0049,1.0063
9005,-0.0789,-0.0596,1.0334
9006,-0.1987,-0.0740,1.0708
9007,-0.2068,-0.1304,1.0188
9008,-0.1562,-0.0063,1.0579
9009,-0.0447,0.0010,0.9692
9010,0.0432,0.0222,0.9543
9011,0.0615,0.1914,0.9595
9012,-0.0237,0.0039,0.8696
9013,-0.0452,0.1060,0.9790
9014,-0.1548,0.0244,0.9722
9015,-0.0388,-0.0828,0.9761
9016,0.0098,-0.1045,1.0081
9017,0.1423,-0.1047,1.0374
9018,0.1838,-0.2253,0.9829
9019,0.1782,-0.1248,0.9973
9020,0.0798,-0.1272,0.9565
9021,0.0454,-0.0823,0.9495
9022,-0.0405,-0.0315,0.9360
9023,-0.0215,0.0149,0.9495
9024,0.0173,0.0715,0.9368
9025,0.0857,0.1191,0.9595
9026,0.1658,0.1660,0.9927
9027,0.1367,0.0996,1.0068
9028,0.0710,0.1260,1.0386
9029,-0.0754,0.0400,0.9924
9030,-0.2168,0.1682,1.0276
9031,-0.3757,0.0759,0.9602
9032,-0.3904,0.1667,0.9983
9033,-0.3843,0.1680,0.9595
9034,-0.2454,0.2031,0.9458
9035,-0.0850,0.1348,0.9338
9036,0.0693,0.0762,1.0044
9037,0.1406,-0.0540,0.9995
9038,0.1060,-0.1216,1.0054
9039,0.0403,-0.1267,0.9946
9040,-0.0186,-0.2366,0.9583
9041,-0.0159,-0.1770,0.9878
9042,0.0815,-0.1411,0.9514
9043,0.2229,-0.0759,0.9019
9044,0.3115,0.0073,0.9348
9045,0.3176,0.0491,0.9761
9046,0.1931,-0.0605,0.9507
9047,-0.0103,0.0037,1.0500
9048,-0.1833,-0.0271,1.0305
9049,-0.2573,-0.1853,1.0210
9050,-0.1990,-0.0403,1.0969
9051,-0.1008,-0.0986,0.9731
9052,0.0544,0.0198,0.9651
9053,0.0896,0.1379,0.9250
9054,0.0454,0.0955,0.9048
9055,-0.0679,0.1265,0.9204
9056,-0.1704,0.1157,0.9429
9057,-0.1348,0.0269,0.9702
9058,-0.0571,-0.1636,0.9934
9059,0.0745,-0.1458,1.0981
9060,0.1655,-0.2686,1.0305
9061,0.2129,-0.2644,1.0071
9062,0.1372,-0.1709,1.0129
9063,0.0535,-0.0981,0.9497
9064,-0.0300,0.0173,0.9104
9065,-0.0630,0.0876,0.8979
9066,-0.0327,0.0437,0.9097
9067,0.0649,0.0247,0.9426
9068,0.1594,0.0322,0.9653
9069,0.2146,0.0564,1.0054
9070,0.1487,0.0322,1.0159
9071,0.0479,0.1213,1.0698
9072,-0.1221,0.0596,1.0171
9073,-0.2612,0.0845,0.9937
9074,-0.3599,0.1465,0.9927
9075,-0.3640,0.1748,0.9602
9076,-0.2893,0.1243,0.9272
9077,-0.1792,0.2036,0.9536
9078,-0.0190,0.1934,0.9556
9079,0.1028,0.1128,0.9419
9080,0.1206,0.0283,0.9768
9081,0.0642,-0.0437,1.0259
9082,-0.0330,-0.1638,1.0122
9083,-0.1013,-0.1904,1.0188
9084,-0.0764,-0.2307,0.9963
9085,0.0295,-0.1907,0.9907
9086,0.1863,-0.1008,0.9536
9087,0.3245,0.0110,0.9214
9088,0.3403,0.0173,0.9221
9089,0.2693,0.0833,0.9729
9090,0.0645,0.0081,0.9595
9091,-0.1233,0.0022,1.0024
9092,-0.2461,-0.0898,1.0063
9093,-0.2812,-0.1455,1.0503
9094,-0.1455,-0.1060,1.0364
9095,-0.0352,-0.1047,0.9536
9096,0.0776,0.0725,0.9849
9097,0.0859,0.1187,0.9312
9098,0.0151,0.1655,0.9321
9099,-0.0991,0.2073,0.9536
9100,-0.1318,0.1089,0.9624
9101,-0.0823,-0.0750,0.9878
9102,0.0059,-0.1570,1.0405
9103,0.1423,-0.2795,1.0190
9104,0.2017,-0.3296,0.9993
9105,0.1672,-0.2163,1.0054
9106,0.0815,-0.1880,0.9319
9107,-0.0032,-0.0505,0.9329
9108,-0.0667,0.1182,0.9302
9109,-0.0474,0.0923,0.9155
9110,0.0276,0.0674,0.9731
9111,0.1150,-0.0159,1.0237
9112,0.2017,-0.0759,1.0161
9113,0.1594,-0.0476,1.0249
9114,0.0771,0.0417,1.0295
9115,-0.0793,-0.0029,0.9768
9116,-0.2458,0.1736,0.9915
9117,-0.3491,0.2280,0.9087
9118,-0.3569,0.3262,0.8950
9119,-0.3044,0.3254,0.9207
9120,-0.1575,0.2769,0.9741
9121,0.0061,0.1423,0.9758
9122,0.1130,0.0850,1.0347
9123,0.1667,-0.0491,1.0361
9124,0.0979,-0.2078,1.0396
9125,-0.0044,-0.1421,1.0833
9126,-0.0913,-0.1812,0.9788
9127,-0.1003,-0.1211,0.9514
9128,-0.0405,-0.0352,0.9321
9129,0.0940,-0.0518,0.8950
9130,0.2151,-0.0154,0.8872
9131,0.2593,-0.0037,0.9290
9132,0.2617,-0.0415,0.9526
9133,0.1160,-0.1641,0.9827
9134,-0.0454,-0.0623,1.0852
9135,-0.1992,-0.2322,1.0151
9136,-0.2375,-0.1250,1.0842
9137,-0.2046,-0.0964,1.0308
9138,-0.0640,-0.0320,0.9761
9139,0.0408,0.1013,0.9299
9140,0.0894,0.2014,0.9172
9141,0.0686,0.2422,0.9165
9142,-0.0178,0.1685,0.9263
9143,-0.0659,0.1438,0.9897
9144,-0.1091,-0.0684,0.9797
9145,-0.0605,-0.1685,1.0474
9146,0.0061,-0.2334,1.0354
9147,0.0845,-0.2815,1.0190
9148,0.1379,-0.1296,1.0073
9149,0.1243,-0.0935,0.9438
9150,0.1006,0.0916,0.9456
9151,0.0566,0.0459,0.8843
9152,0.0479,0.0850,0.9585
9153,0.0122,-0.0586,0.9565
9154,0.0691,-0.1091,0.9973
9155,0.0820,-0.1287,1.0210
9156,0.0715,-0.0906,1.0129
9157,0.0337,-0.0486,0.9917
9158,-0.0620,0.1113,1.0034
9159,-0.1743,0.1582,0.9487
9160,-0.2725,0.1941,0.9407
9161,-0.3250,0.3083,0.9563
9162,-0.2986,0.1926,0.9250
9163,-0.1531,0.1877,0.9758
9164,-0.0212,0.1152,0.9993
9165,0.1384,0.0269,1.0325
9166,0.2012,-0.0686,1.0083
9167,0.1238,-0.0671,1.0337
9168,0.0161,-0.0940,1.0181
9169,-0.1252,-0.1467,0.9692
9170,-0.1836,-0.1052,0.9712
9171,-0.1145,-0.0962,0.9456
9172,0.0537,-0.0142,0.9094
9173,0.1880,-0.0188,0.8987
9174,0.3345,0.0957,0.9539
9175,0.2815,-0.0569,0.9233
9176,0.1816,0.0408,1.0374
9177,0.0015,-0.0479,0.9976
9178,-0.1658,-0.1130,1.0317
9179,-0.2310,-0.0222,1.0688
9180,-0.1865,-0.0667,1.0024
9181,-0.0972,0.0249,0.9856
9182,0.0090,0.0867,0.9592
9183,0.0986,0.1572,0.9741
9184,0.0588,0.0562,0.9084
9185,0.0012,0.1296,0.9878
9186,-0.0552,0.0664,0.9407
9187,-0.0781,-0.0811,0.9683
9188,-0.0596,-0.0723,1.0503
9189,-0.0103,-0.3325,0.9778
9190,0.0479,-0.2986,1.0347
9191,0.0571,-0.2742,0.9800
9192,0.0771,-0.2910,0.9634
9193,0.0425,-0.1492,0.9709
9194,0.0593,-0.1023,0.9360
9195,0.0947,0.0208,0.9390
9196,0.0759,0.0386,0.9282
9197,0.1028,0.0327,0.9741
9198,0.0503,-0.0530,1.0103
9199,0.0149,-0.0400,1.0366
9200,0.0002,-0.0813,1.0015
9201,-0.0403,0.0081,1.0129
9202,-0.1079,0.0986,1.0024
9203,-0.1648,0.1785,0.9309
9204,-0.2478,0.3186,0.9446
9205,-0.2595,0.4807,0.9602
9206,-0.2109,0.3167,0.9104
9207,-0.0681,0.3684,1.0042
9208,0.0417,0.1831,0.9966
9209,0.2046,0.0540,1.0198
9210,0.1653,-0.1272,1.0151
9211,0.0891,-0.1223,1.0425
9212,-0.0566,-0.2815,0.9719
9213,-0.1465,-0.1316,0.9839
9214,-0.1333,-0.1138,0.9487
9215,0.0061,0.0002,0.9094
9216,0.1497,0.0112,0.8901
9217,0.2935,0.1624,0.9690
9218,0.2817,-0.0759,0.9250
9219,0.1699,-0.1077,1.0432
9220,-0.0459,-0.2073,1.0620
9221,-0.1833,-0.2375,1.0500
9222,-0.2659,-0.2329,1.0315
9223,-0.1929,-0.0894,1.0403
9224,-0.0627,-0.0159,0.9546
9225,0.0491,0.1438,0.9016
9226,0.0769,0.2827,0.8999
9227,0.0354,0.1677,0.8899
9228,-0.0349,0.0657,0.9563
9229,-0.0867,0.0037,1.0103
9230,-0.0630,-0.1179,0.9985
9231,-0.0088,-0.1448,1.0415
9232,0.0469,-0.1436,1.0562
9233,0.0720,-0.2290,1.0227
9234,0.0515,-0.1516,1.0171
9235,0.0273,-0.1575,0.9644
9236,0.0269,-0.1514,0.9438
9237,0.0242,-0.1521,0.9204
9238,0.0737,-0.0974,0.9165
9239,0.0757,-0.0562,0.9153
9240,0.0820,0.0256,0.9446
9241,0.0325,0.0137,0.9563
9242,-0.0525,0.0754,1.0295
9243,-0.0916,0.0352,1.0002
9244,-0.1143,0.0166,1.0269
9245,-0.1333,0.1333,1.0337
9246,-0.0920,0.0986,0.9810
9247,-0.0750,0.2778,0.9954
9248,-0.0833,0.3140,0.9517
9249,-0.0359,0.3586,0.9592
9250,0.0022,0.3005,0.9495
9251,0.0339,0.2537,0.9709
9252,0.0693,0.1487,0.9758
9253,0.0254,0.0425,0.9631
9254,-0.0242,-0.0630,0.9993
9255,-0.0515,-0.1338,1.0071
9256,-0.0798,-0.2517,0.9839
9257,-0.0405,-0.2188,0.9944
9258,0.0422,-0.2104,0.9680
9259,0.1509,-0.1528,0.9504
9260,0.2070,-0.0896,0.9612
9261,0.2117,-0.0166,0.9700
9262,0.1147,-0.1326,0.9495
9263,0.0166,-0.0518,1.0259
9264,-0.1323,-0.1719,1.0093
9265,-0.1423,-0.2114,1.0344
9266,-0.1499,-0.2441,1.0176
9267,-0.1040,-0.1445,1.0217
9268,-0.0374,-0.0283,0.9487
9269,-0.0271,0.0767,0.9368
9270,-0.0369,0.2554,0.9565
9271,-0.0471,0.1448,0.9097
9272,-0.0151,0.2485,0.9712
9273,-0.0076,0.1113,0.9448
9274,0.0552,0.0491,0.9856
9275,0.0164,-0.1145,1.0024
9276,0.0425,-0.1062,1.0239
9277,0.0139,-0.2822,0.9641
9278,0.0156,-0.1521,1.0151
9279,0.0256,-0.1431,0.9534
9280,0.0950,0.0156,0.9604
9281,0.0999,0.0916,0.9346
9282,0.0959,0.1299,0.9517
9283,0.0486,0.0923,0.9790
9284,-0.0032,0.0586,1.0022
9285,-0.0771,-0.0823,0.9937
9286,-0.1509,-0.0601,1.0542
9287,-0.1304,-0.0706,0.9934
9288,-0.1216,0.0247,0.9644
9289,-0.1125,0.2849,0.9495
9290,-0.0491,0.3599,0.9028
9291,-0.0154,0.4573,0.9436
9292,-0.0215,0.3723,0.9553
9293,0.0613,0.2034,0.9956
9294,0.0452,0.0110,1.0266
9295,0.0706,-0.1433,1.0542
9296,0.0444,-0.2808,1.0374
9297,-0.0344,-0.2822,1.0413
9298,-0.0410,-0.1667,1.0200
9299,-0.0457,-0.1370,0.9067
9300,-0.0552,-0.0376,0.9165
9301,0.0483,0.0461,0.9133
9302,0.1106,-0.1072,0.8442
9303,0.1477,-0.0244,0.9595
9304,0.1445,-0.1248,0.9622
9305,0.0842,-0.2566,1.0083
9306,-0.0327,-0.1702,1.0708
9307,-0.1165,-0.1455,1.0569
9308,-0.1445,-0.1133,1.0344
9309,-0.1677,-0.0510,1.0276
9310,-0.1082,0.0330,1.0105
9311,-0.0591,0.0139,0.9280
9312,0.0261,0.1577,0.9712
9313,0.0540,0.0703,0.9163
9314,0.0630,0.0808,0.9446
9315,0.0273,0.0920,0.9661
9316,0.0293,0.0266,0.9487
9317,-0.0281,-0.1033,0.9673
9318,-0.0737,-0.0483,1.0474
9319,-0.0601,-0.2107,0.9741
9320,-0.0283,-0.1709,0.9888
9321,0.0024,-0.1006,0.9846
9322,0.0747,-0.0986,0.9563
9323,0.1577,-0.0239,0.9673
9324,0.1487,0.0710,0.9604
9325,0.1169,0.0720,0.9397
9326,0.0413,0.1431,0.9836
9327,-0.0398,0.0171,0.9790
9328,-0.0813,-0.0874,1.0237
9329,-0.1060,-0.0664,1.0425
9330,-0.0852,-0.0361,0.9924
9331,-0.0652,0.0623,0.9661
9332,-0.1165,0.2441,0.9741
9333,-0.1624,0.3035,0.9426
9334,-0.1196,0.3938,0.9299
9335,-0.0859,0.3232,0.9399
9336,0.0342,0.2119,0.9888
9337,0.1350,-0.0063,1.0015
9338,0.1782,-0.0886,1.0571
9339,0.1208,-0.2273,1.0034
9340,0.0237,-0.2390,1.0112
9341,-0.0986,-0.1538,0.9924
9342,-0.1006,-0.1323,0.9377
9343,-0.0745,-0.0027,0.9429
9344,0.0369,0.0461,0.9260
9345,0.1570,0.0249,0.9260
9346,0.1829,-0.0549,0.9351
9347,0.1438,-0.0581,1.0100
9348,0.0259,-0.1858,1.0149
9349,-0.1013,-0.2183,1.0344
9350,-0.1655,-0.1648,1.0542
9351,-0.1753,-0.1257,1.0190
9352,-0.1128,-0.0522,0.9692
9353,-0.0203,0.0752,0.9614
9354,0.0100,0.1477,0.9302
9355,0.0125,0.1543,0.9282
9356,0.0203,0.1353,0.9329
9357,-0.0303,0.0662,0.9934
9358,-0.0049,0.0186,0.9954
9359,-0.0198,-0.1853,1.0044
9360,0.0203,-0.0781,1.0696
9361,-0.0181,-0.3169,0.9827
9362,0.0420,-0.1472,1.0425
9363,-0.0190,-0.2290,0.9456
9364,0.0525,-0.0581,0.9727
9365,0.0315,-0.0886,0.8755
9366,0.1194,0.1326,0.9458
9367,0.1101,0.0715,0.8909
9368,0.1284,0.1038,0.9299
9369,0.0344,0.1333,1.0132
9370,-0.0195,0.0569,1.0061
9371,-0.0847,-0.1191,1.0051
9372,-0.1206,0.0391,1.0913
9373,-0.1252,-0.0312,0.9841
9374,-0.0769,0.1296,0.9768
9375,-0.1067,0.3062,0.9624
9376,-0.0950,0.4067,0.9448
9377,-0.0510,0.3994,0.9192
9378,-0.0498,0.3850,0.9573
9379,0.0168,0.1709,0.9819
9380,0.0967,-0.0596,1.0061
9381,0.0874,-0.1807,1.0510
9382,0.0608,-0.2783,1.0198
9383,0.0410,-0.3064,1.0054
9384,-0.0586,-0.2439,1.0054
9385,-0.0598,-0.2036,0.9709
9386,-0.0078,-0.0984,0.9233
9387,0.0381,-0.0383,0.8909
9388,0.1404,0.0454,0.9243
9389,0.1313,-0.0903,0.9348
9390,0.1033,-0.1223,0.9963
9391,-0.0002,-0.1970,1.0425
9392,-0.0752,-0.2080,1.0422
9393,-0.1467,-0.2915,1.0129
9394,-0.0891,-0.0498,1.0356
9395,-0.1030,-0.0029,0.9585
9396,-0.0215,0.2063,0.9368
9397,-0.0618,0.2856,0.9224
9398,-0.0054,0.3701,0.9556
9399,-0.0391,0.1172,0.8970
9400,-0.0032,0.1589,1.0132
9401,0.0029,-0.0327,1.0081
9402,0.0688,-0.1709,1.0347
9403,0.0330,-0.2219,1.0483
9404,0.0552,-0.1990,1.0598
9405,0.0442,-0.1804,0.9692
9406,-0.0195,-0.1121,0.9397
9407,0.0107,0.1064,0.9817
9408,0.0139,-0.0522,0.8599
9409,0.0493,0.0342,0.9290
9410,0.0845,0.0273,0.9377
9411,0.0735,-0.1003,0.9409
9412,0.0242,-0.0732,1.0107
9413,-0.0327,-0.0415,1.0474
9414,-0.0801,-0.0806,1.0168
9415,-0.1108,-0.0535,0.9985
9416,-0.1211,0.1479,1.0396
9417,-0.1294,0.1421,0.9253
9418,-0.0984,0.2603,0.9312
9419,-0.1047,0.4861,0.9905
9420,-0.0156,0.3181,0.8921
9421,0.0515,0.2847,0.9683
9422,0.0833,0.2327,1.0334
9423,0.1233,-0.0977,0.9836
9424,0.0701,-0.1567,1.0620
9425,-0.0166,-0.1829,1.0549
9426,-0.0535,-0.3364,0.9807
9427,-0.0757,-0.1562,1.0024
9428,-0.0637,-0.1104,0.9468
9429,0.0327,-0.0681,0.9077
9430,0.1157,0.0073,0.8938
9431,0.1648,-0.0107,0.9338
9432,0.1646,-0.1521,0.9233
9433,0.0850,-0.2312,1.0024
9434,0.0054,-0.1729,1.0657
9435,-0.0674,-0.3154,0.9973
9436,-0.1099,-0.1289,1.0542
9437,-0.1316,-0.0242,1.0325
9438,-0.0825,0.0657,0.9595
9439,-0.0933,0.0791,0.9458
9440,-0.0676,0.2710,0.9800
9441,-0.0361,0.1267,0.8987
9442,0.0076,0.1975,0.9563
9443,0.0020,0.0945,0.9631
9444,0.0374,0.0383,0.9956
9445,0.0225,-0.0305,0.9858
9446,0.0132,-0.0320,1.0061
9447,-0.0391,-0.1880,0.9924
9448,-0.0281,-0.1272,1.0432
9449,-0.0005,-0.1707,0.9819
9450,0.0334,-0.1162,0.9497
9451,0.1128,0.0227,0.9661
9452,0.1555,-0.0078,0.9126
9453,0.1118,0.0217,0.9526
9454,0.0210,0.0732,0.9751
9455,-0.0708,-0.0383,0.9517
9456,-0.1123,0.0078,1.0220
9457,-0.1206,-0.0430,0.9927
9458,-0.0906,-0.0613,1.0024
9459,-0.0525,0.0940,1.0259
9460,-0.0308,0.1265,0.9497
9461,-0.0518,0.2422,0.9543
9462,-0.0366,0.4072,0.9849
9463,-0.0381,0.3320,0.9380
9464,-0.0012,0.2878,0.9641
9465,0.0105,0.2158,1.0198
9466,0.0459,-0.0010,0.9985
9467,0.0525,-0.1919,1.0044
9468,0.0071,-0.2061,1.0530
9469,-0.0322,-0.3521,0.9895
9470,-0.0247,-0.3062,0.9875
9471,-0.0386,-0.1899,0.9456
9472,0.0186,-0.1345,0.8843
9473,0.0889,0.0159,0.8899
9474,0.1504,0.0134,0.8928
9475,0.1838,-0.0312,0.9478
9476,0.1155,-0.1060,1.0015
9477,0.0554,-0.2129,1.0415
9478,-0.0444,-0.2576,1.0649
9479,-0.1055,-0.2224,1.0913
9480,-0.1338,-0.1804,1.0474
9481,-0.1150,-0.0378,1.0042
9482,-0.0613,0.1628,0.9592
9483,-0.0571,0.2554,0.8872
9484,-0.0527,0.3589,0.9058
9485,-0.0322,0.3118,0.9084
9486,-0.0486,0.1450,0.9165
9487,-0.0281,0.0447,0.9946
9488,0.0256,-0.0728,1.0132
9489,0.0515,-0.2168,1.0159
9490,0.0642,-0.1626,1.0813
9491,0.0439,-0.1694,1.0198
9492,0.0188,-0.1345,0.9937
9493,0.0100,0.0005,0.9692
9494,0.0159,0.0112,0.9390
9495,0.0549,0.0237,0.9321
9496,0.0562,0.0276,0.9204
9497,0.0498,0.0105,0.9399
9498,-0.0176,-0.0632,0.9302
9499,-0.0554,-0.0266,1.0022
9500,-0.1267,-0.0320,1.0022
9501,-0.1445,-0.0254,0.9888
9502,-0.1382,0.0605,0.9946
9503,-0.0701,0.1960,1.0208
9504,-0.0149,0.2268,0.9670
9505,0.0532,0.2827,0.9907
9506,0.0742,0.3335,1.0112
9507,0.0645,0.1733,0.9761
9508,0.0535,0.1575,1.0090
9509,-0.0120,0.0154,0.9797
9510,-0.0378,-0.0981,0.9954
9511,-0.0525,-0.1570,0.9751
9512,-0.0574,-0.2065,0.9641
9513,-0.0234,-0.1873,0.9583
9514,0.0330,-0.1633,0.9302
9515,0.0652,-0.0742,0.9487
9516,0.1228,-0.0266,0.9351
9517,0.1560,-0.0422,0.9438
9518,0.1233,-0.0352,1.0110
9519,0.0764,-0.1196,1.0305
9520,-0.0054,-0.2393,1.0513
9521,-0.0867,-0.2505,1.0647
9522,-0.0825,-0.2405,1.0493
9523,-0.0566,-0.1731,0.9915
9524,-0.0505,-0.0576,0.9331
9525,-0.0149,0.1733,0.9507
9526,-0.0437,0.2271,0.8687
9527,-0.1240,0.2515,0.8850
9528,-0.1487,0.2837,0.9595
9529,-0.1089,0.0596,0.9360
9530,-0.0259,-0.0608,1.0083
9531,0.0667,-0.0579,1.0601
9532,0.1367,-0.2185,1.0083
9533,0.0984,-0.1870,1.0432
9534,0.0166,-0.0386,1.0386
9535,-0.0408,-0.0535,0.9370
9536,-0.0547,0.0833,0.9368
9537,0.0068,0.1411,0.9250
9538,0.1111,0.0513,0.9075
9539,0.1445,0.0723,0.9524
9540,0.1545,-0.0256,0.9692
9541,0.0469,-0.1633,0.9937
9542,-0.1245,-0.1377,1.0396
9543,-0.2092,-0.1416,1.0168
9544,-0.2324,-0.0105,1.0071
9545,-0.1743,0.1724,0.9907
9546,-0.0537,0.2859,0.9390
9547,0.0234,0.3423,0.9097
9548,0.0869,0.3787,0.9631
9549,0.0928,0.2161,0.9729
9550,0.0186,0.0105,0.9897
9551,-0.0259,-0.0444,1.0559
9552,-0.0427,-0.1550,0.9956
9553,-0.0647,-0.1846,1.0032
9554,-0.0540,-0.0513,1.0354
9555,-0.0115,-0.1243,0.9390
9556,0.0344,-0.0508,0.9446
9557,0.0327,0.0054,0.9358
9558,0.0884,-0.0864,0.9133
9559,0.1423,-0.1025,0.9233
9560,0.1255,-0.0405,0.9749
9561,0.1392,-0.0598,0.9661
9562,0.0840,-0.1279,0.9885
9563,0.0076,-0.0444,1.0845
9564,-0.0635,-0.2134,1.0198
9565,-0.0718,-0.1260,1.0522
9566,-0.1160,-0.1196,1.0012
9567,-0.0691,-0.0613,0.9836
9568,-0.0781,0.0339,0.9475
9569,-0.0798,0.2273,0.9456
9570,-0.0620,0.2314,0.8892
9571,-0.0930,0.1953,0.9165
9572,-0.0334,0.1692,0.9915
9573,0.0149,-0.0757,0.9719
9574,0.0522,-0.1704,1.0110
9575,0.0366,-0.2427,1.0422
9576,0.0579,-0.2742,1.0288
9577,-0.0056,-0.2944,0.9875
9578,0.0176,-0.0859,1.0012
9579,0.0156,-0.0269,0.9075
9580,0.0642,0.1111,0.9194
9581,0.0762,0.1819,0.9077
9582,0.0798,0.1650,0.9534
9583,0.0479,0.1077,0.9661
9584,-0.0139,-0.0452,1.0044
9585,-0.0754,-0.0569,1.0737
9586,-0.1311,-0.2283,1.0220
9587,-0.1125,-0.0217,1.0579
9588,-0.1460,0.0747,0.9683
9589,-0.0679,0.3914,0.9514
9590,-0.0493,0.5063,0.8989
9591,0.0159,0.5864,0.8999
9592,0.0103,0.4209,0.8999
9593,0.0210,0.3645,0.9905
9594,-0.0154,-0.0403,0.9604
9595,-0.0063,-0.2004,1.0688
9596,-0.0623,-0.3789,1.0862
9597,-0.0015,-0.3682,1.0686
9598,0.0200,-0.3376,0.9985
9599,0.0759,-0.1021,1.0032
9600,0.0906,-0.0811,0.9058
9601,0.1638,0.0923,0.9243
9602,0.1296,0.0393,0.8813
9603,0.1233,-0.0847,0.9136
9604,0.0598,-0.2039,0.9702
9605,0.0061,-0.2913,1.0200
9606,-0.0225,-0.3589,1.0276
9607,-0.0681,-0.3140,1.0491
9608,-0.0549,-0.2080,1.0435
9609,-0.0149,-0.0938,0.9915
9610,-0.0510,0.1130,0.9631
9611,-0.0701,0.2300,0.9263
9612,-0.1008,0.2722,0.9280
9613,-0.1528,0.2114,0.9429
9614,-0.1487,0.0964,0.9624
9615,-0.0637,0.0334,1.0002
9616,0.0222,-0.1060,0.9924
9617,0.1282,-0.1750,1.0190
9618,0.1245,-0.1724,1.0471
9619,0.0759,-0.1628,1.0022
9620,-0.0134,-0.1655,0.9524
9621,-0.0586,0.0120,0.9741
9622,-0.0508,0.0342,0.9221
9623,0.0371,0.0742,0.9148
9624,0.1167,0.1228,0.9280
9625,0.1326,0.1062,0.9790
9626,0.1023,0.0276,0.9644
9627,-0.0103,-0.0686,1.0259
9628,-0.1028,-0.0168,1.0569
9629,-0.1667,-0.1484,0.9915
9630,-0.1506,0.1077,1.0588
9631,-0.1538,0.1106,0.9458
9632,-0.0864,0.2437,0.9546
9633,-0.0554,0.3979,0.9409
9634,-0.0100,0.3923,0.9114
9635,0.0200,0.3257,0.9321
9636,0.0083,0.1814,0.9897
9637,-0.0059,-0.0264,1.0276
9638,-0.0330,-0.1980,1.0193
9639,-0.0312,-0.2358,1.0413
9640,-0.0266,-0.2734,1.0217
9641,0.0166,-0.1826,1.0063
9642,0.0708,-0.0981,0.9602
9643,0.1384,-0.0161,0.9163
9644,0.1614,0.0291,0.9290
9645,0.2310,0.0022,0.9124
9646,0.1626,-0.1113,0.9517
9647,0.1001,-0.0671,1.0083
9648,0.0059,-0.2615,0.9868
9649,-0.0671,-0.1282,1.0649
9650,-0.1467,-0.2285,1.0178
9651,-0.0796,-0.1057,1.0483
9652,-0.0857,-0.0715,0.9729
9653,-0.0403,0.0979,0.9905
9654,-0.0337,0.0945,0.9077
9655,-0.0884,0.1462,0.9280
9656,-0.1482,0.1787,0.9563
9657,-0.1296,0.0896,0.9221
9658,-0.0710,0.0933,0.9956
9659,0.0154,0.0088,1.0110
9660,0.1157,-0.1882,1.0171
9661,0.1245,-0.2368,1.0520
9662,0.0840,-0.2922,1.0083
9663,0.0220,-0.2307,0.9985
9664,-0.0591,-0.0989,0.9663
9665,-0.0264,0.0339,0.9387
9666,0.0420,0.0955,0.9084
9667,0.1060,0.1775,0.9124
9668,0.1489,0.1160,0.9292
9669,0.0962,-0.0020,0.9614
9670,-0.0105,-0.0889,1.0354
9671,-0.1328,-0.0930,1.0562
9672,-0.1743,-0.0889,1.0073
9673,-0.1521,0.0989,1.0178
9674,-0.1545,0.2083,0.9670
9675,-0.1133,0.3208,0.9575
9676,-0.0603,0.3999,0.9302
9677,-0.0732,0.3081,0.9146
9678,-0.0298,0.2688,0.9807
9679,-0.0042,0.0430,0.9517
9680,0.0098,-0.0020,1.0383
9681,0.0100,-0.0786,1.0237
9682,-0.0051,-0.2317,0.9866
9683,-0.0127,-0.1978,1.0383
9684,0.0049,-0.1946,0.9976
9685,0.0708,-0.2300,0.9436
9686,0.1262,-0.0557,0.9644
9687,0.2026,-0.0720,0.9185
9688,0.2585,-0.0774,0.9065
9689,0.2039,0.0200,0.9692
9690,0.1436,0.0083,0.9729
9691,-0.0498,-0.1650,0.9641
9692,-0.1672,-0.0354,1.0845
9693,-0.2148,-0.2485,1.0120
9694,-0.1428,-0.1558,1.0276
9695,-0.0754,-0.0901,0.9973
9696,0.0491,0.0505,0.9807
9697,0.0444,0.0771,0.8931
9698,-0.0146,0.3125,0.9712
9699,-0.1079,0.2397,0.8970
9700,-0.1436,0.0969,0.9563
9701,-0.1113,0.0710,1.0435
9702,-0.0222,-0.2681,1.0071
9703,0.1191,-0.2744,1.0598
9704,0.1218,-0.2900,1.0225
9705,0.1477,-0.1567,1.0142
9706,0.0508,-0.1179,0.9048
9707,-0.0100,0.0874,0.9573
9708,-0.0127,0.1340,0.9133
9709,0.0276,0.0198,0.8472
9710,0.0237,0.1287,0.9778
9711,0.0508,0.0681,0.9612
9712,0.0728,-0.0952,0.9749
9713,0.0269,0.0310,1.0823
9714,-0.0044,-0.0115,1.0569
9715,-0.0449,-0.0569,1.0188
9716,-0.1389,0.1011,1.0386
9717,-0.2026,0.1726,0.9819
9718,-0.2654,0.1941,0.9143
9719,-0.2571,0.4148,0.9360
9720,-0.1426,0.3416,0.8967
9721,-0.0073,0.2344,0.9165
9722,0.0576,0.1174,0.9700
9723,0.1252,-0.0410,1.0103
9724,0.0686,-0.2507,1.0015
9725,-0.0359,-0.3186,1.0618
9726,-0.0503,-0.2556,1.0454
9727,-0.0327,-0.2185,0.9722
9728,0.0432,-0.0532,0.9739
9729,0.1555,0.0088,0.9380
9730,0.2942,0.0315,0.9380
9731,0.3164,-0.0452,0.9272
9732,0.2532,-0.1030,0.9585
9733,0.0781,-0.1829,0.9973
9734,-0.0845,-0.1619,1.0190
9735,-0.2280,-0.2021,1.0015
9736,-0.2156,-0.1052,1.0383
9737,-0.1326,-0.0664,0.9915
9738,0.0125,0.0288,0.9673
9739,0.0654,0.1370,0.9446
9740,0.0305,0.1721,0.9321
9741,-0.0645,0.1746,0.9407
9742,-0.1692,0.1328,0.9653
9743,-0.1626,0.0474,0.9858
9744,-0.0686,-0.0886,1.0063
9745,0.0767,-0.0945,1.0481
9746,0.1643,-0.2312,1.0093
9747,0.1750,-0.2229,1.0171
9748,0.0969,-0.1973,0.9976
9749,-0.0100,-0.1479,0.9575
9750,-0.0776,-0.0269,0.9048
9751,-0.0544,0.0989,0.8960
9752,0.0100,0.1880,0.9067
9753,0.0581,0.1604,0.9182
9754,0.1326,0.1763,0.9797
9755,0.1350,0.0679,1.0132
9756,0.1091,0.0222,1.0374
9757,0.0039,-0.0210,1.0679
9758,-0.0815,0.0845,1.0728
9759,-0.2104,0.0073,0.9897
9760,-0.2856,0.1951,1.0034
9761,-0.3230,0.2063,0.9290
9762,-0.2332,0.2361,0.9094
9763,-0.1511,0.1897,0.9006
9764,0.0142,0.1814,0.9653
9765,0.0969,-0.0198,0.9319
9766,0.1147,-0.0774,0.9966
9767,0.0391,-0.1680,1.0171
9768,-0.0310,-0.2627,1.0188
9769,-0.0933,-0.2986,1.0278
9770,-0.0354,-0.2017,1.0286
9771,0.0840,-0.1670,0.9780
9772,0.2502,-0.0823,0.9507
9773,0.3369,0.0110,0.9456
9774,0.3430,0.0688,0.9370
9775,0.2043,0.0347,0.9409
9776,-0.0066,0.0007,0.9983
9777,-0.1921,-0.1182,1.0085
9778,-0.2522,-0.2263,1.0386
9779,-0.2021,-0.1853,1.0200
9780,-0.0769,-0.2280,0.9954
9781,0.0847,0.0164,1.0015
9782,0.0764,0.0183,0.9087
9783,0.0518,0.2854,0.9592
9784,-0.0989,0.1453,0.8733
9785,-0.2034,0.1560,0.9739
9786,-0.2327,0.0085,0.9731
9787,-0.0928,-0.0986,1.0061
9788,0.0547,-0.1816,0.9924
9789,0.1880,-0.1416,1.0559
9790,0.2690,-0.1211,0.9924
9791,0.1750,-0.1921,0.9497
9792,0.0630,0.1230,1.0356
9793,-0.0754,-0.0237,0.8696
9794,-0.0857,0.1252,0.9417
9795,-0.0747,0.1914,0.9526
9796,0.0330,0.1104,0.9409
9797,0.1252,0.1350,0.9810
9798,0.1421,0.1108,1.0190
9799,0.1284,-0.0107,1.0286
9800,0.0159,-0.0483,1.0210
9801,-0.1338,0.0840,1.0474
9802,-0.2712,0.0735,0.9602
9803,-0.3452,0.1597,0.9541
9804,-0.3796,0.2292,0.9592
9805,-0.2080,0.2361,0.9351
9806,-0.0378,0.0981,0.9146
9807,0.1296,0.1042,0.9846
9808,0.2285,-0.0310,0.9875
9809,0.1499,-0.0957,1.0129
9810,-0.0159,-0.1499,1.0110
9811,-0.1428,-0.1663,1.0229
9812,-0.1821,-0.1624,1.0068
9813,-0.0906,-0.1887,0.9692
9814,0.1077,-0.1194,0.9644
9815,0.2732,-0.0789,0.9370
9816,0.3625,-0.0342,0.9214
9817,0.2991,-0.0259,0.9380
9818,0.1458,0.0120,0.9849
9819,-0.0630,-0.0725,0.9819
9820,-0.1775,-0.0173,1.0178
9821,-0.2251,-0.0994,1.0142
9822,-0.1333,-0.0974,1.0356
9823,-0.0247,-0.1694,1.0208
9824,0.0977,-0.0427,1.0178
9825,0.0940,-0.0420,0.9380
9826,0.0105,0.1064,0.9517
9827,-0.0986,0.1050,0.9338
9828,-0.1899,0.1379,0.9436
9829,-0.1750,0.0833,0.9487
9830,-0.0505,0.0317,0.9780
9831,0.0801,-0.1431,0.9924
9832,0.1609,-0.2136,1.0405
9833,0.1946,-0.3123,1.0024
9834,0.1562,-0.2429,1.0034
9835,0.0430,-0.1228,0.9858
9836,-0.0002,-0.0352,0.9290
9837,-0.0579,0.1399,0.9290
9838,-0.0383,0.3088,0.9329
9839,0.0662,0.2349,0.9009
9840,0.1604,0.1841,0.9946
9841,0.1899,0.0486,1.0229
9842,0.1565,-0.1023,1.0347
9843,-0.0186,-0.0330,1.0483
9844,-0.1826,-0.0691,0.9985
9845,-0.3708,0.0974,0.9866
9846,-0.4705,0.2825,0.9407
9847,-0.4216,0.3796,0.8918
9848,-0.2620,0.3315,0.9028
9849,-0.0659,0.2639,0.9719
9850,0.1284,0.0330,0.9819
9851,0.2107,-0.0642,1.0198
9852,0.1709,-0.1819,1.0522
9853,0.0396,-0.2380,1.0688
9854,-0.0950,-0.2417,1.0334
9855,-0.1392,-0.1882,0.9810
9856,-0.0425,-0.0803,0.9448
9857,0.1292,-0.0342,0.9106
9858,0.2908,-0.0229,0.8940
9859,0.3694,0.0122,0.9048
9860,0.3140,-0.0156,0.9319
9861,0.1206,-0.0479,0.9868
9862,-0.0938,-0.1130,1.0317
9863,-0.2275,-0.1333,1.0598
9864,-0.2683,-0.1499,1.0608
9865,-0.1304,-0.1338,1.0522
9866,0.0349,-0.1357,1.0132
9867,0.1680,-0.0950,0.9788
9868,0.1609,-0.0276,0.9485
9869,0.0264,0.0547,0.9155
9870,-0.1519,0.0776,0.8862
9871,-0.2498,0.1565,0.9397
9872,-0.2585,0.0771,0.9426
9873,-0.0994,-0.0183,0.9897
9874,0.0894,-0.1072,1.0256
9875,0.2173,-0.2368,1.0354
9876,0.2632,-0.2915,1.0403
9877,0.1899,-0.2368,1.0198
9878,0.0566,-0.1528,0.9651
9879,-0.0574,0.0330,0.9485
9880,-0.1042,0.1833,0.9172
9881,-0.0237,0.2048,0.8940
9882,0.0837,0.2559,0.9526
9883,0.2112,0.1602,0.9692
9884,0.2593,-0.0103,0.9731
9885,0.1445,0.0073,1.0620
9886,-0.0747,-0.0654,1.0344
9887,-0.2859,-0.0808,1.0090
9888,-0.4807,0.1165,1.0129
9889,-0.5173,0.2163,0.9485
9890,-0.4182,0.3203,0.9143
9891,-0.1904,0.3628,0.9448
9892,0.0464,0.2405,0.9563
9893,0.1782,0.0186,0.9797
9894,0.2029,-0.0481,1.0386
9895,0.0916,-0.2522,1.0024
9896,-0.0610,-0.1614,1.0269
9897,-0.1772,-0.1130,0.9946
9898,-0.1003,-0.0127,0.9709
9899,0.0364,-0.0923,0.9231
9900,0.2131,-0.0002,0.9771
9901,0.3755,-0.0994,0.9065
9902,0.4019,-0.0762,0.9290
9903,0.2883,-0.0308,0.9700
9904,0.0884,-0.0190,0.9995
9905,-0.1238,0.0229,1.0198
9906,-0.2722,-0.0093,1.0071
9907,-0.2627,-0.0322,1.0364
9908,-0.1531,-0.1157,1.0066
9909,0.0173,-0.1174,0.9973
9910,0.1169,-0.0281,0.9663
9911,0.0999,0.0469,0.9282
9912,-0.0068,0.1646,0.9414
9913,-0.1348,0.1592,0.9243
9914,-0.1809,0.1228,0.9631
9915,-0.1387,0.0449,0.9868
9916,-0.0088,-0.1426,1.0237
9917,0.1538,-0.2432,1.0393
9918,0.2129,-0.3638,1.0256
9919,0.2192,-0.2366,1.0452
9920,0.1375,-0.2432,0.9387
9921,0.0015,-0.0623,0.9612
9922,-0.0811,0.0366,0.9155
9923,-0.0718,0.0491,0.8997
9924,-0.0005,0.1248,0.9436
9925,0.1323,0.1165,0.9680
9926,0.2505,0.0735,0.9875
9927,0.2319,0.0544,1.0208
9928,0.1313,0.0383,1.0432
9929,-0.0894,-0.0439,1.0042
9930,-0.2947,0.0371,1.0178
9931,-0.4375,0.0723,0.9709
9932,-0.4595,0.1707,0.9419
9933,-0.4077,0.2476,0.9292
9934,-0.2327,0.3132,0.9207
9935,-0.0337,0.2603,0.9292
9936,0.1106,0.2112,0.9788
9937,0.1377,-0.0015,1.0042
9938,0.1006,-0.1677,1.0425
9939,-0.0283,-0.3066,1.0540
9940,-0.1091,-0.2493,1.0393
9941,-0.0784,-0.2024,0.9644
9942,0.0745,-0.0171,0.9546
9943,0.2024,0.0483,0.9380
9944,0.3403,0.0876,0.9065
9945,0.3752,0.0190,0.9233
9946,0.2847,0.0073,0.9700
9947,0.0850,-0.1978,0.9944
9948,-0.0876,-0.1428,1.0647
9949,-0.2354,-0.2002,1.0269
9950,-0.1870,-0.0701,1.0366
9951,-0.1484,-0.0500,0.9534
9952,-0.0032,0.0774,0.9790
9953,0.0847,0.0583,0.9192
9954,0.0034,0.0471,0.9341
9955,-0.0686,0.1013,0.9614
9956,-0.1631,-0.0242,0.9277
9957,-0.1567,0.0261,1.0239
9958,-0.1145,-0.1033,1.0181
9959,0.0798,-0.1409,1.0620
9960,0.1523,-0.2163,1.0237
9961,0.2715,-0.1504,1.0295
9962,0.1606,-0.2622,0.9456
9963,0.0952,-0.1643,0.9592
9964,-0.0481,-0.1260,0.9231
9965,-0.0935,-0.0015,0.9048
9966,-0.0935,0.0198,0.8625
9967,0.0376,0.1536,0.9719
9968,0.1304,0.0901,0.9553
9969,0.2407,0.0344,1.0061
9970,0.2166,0.1379,1.0630
9971,0.1143,0.0010,1.0339
9972,-0.0383,0.0125,1.0549
9973,-0.2615,0.0415,1.0266
9974,-0.3457,0.1526,0.9917
9975,-0.4136,0.2134,0.9058
9976,-0.3953,0.3567,0.9280
9977,-0.2603,0.3550,0.8970
9978,-0.1326,0.2766,0.9270
9979,0.0396,0.2048,0.9700
9980,0.1104,-0.0522,1.0051
9981,0.1113,-0.1462,1.0620
9982,0.0347,-0.3198,1.0173
9983,0.0107,-0.1523,1.0522
9984,-0.0266,-0.1414,0.9653
9985,0.0796,-0.0254,0.9644
9986,0.1628,0.0491,0.9358
9987,0.2983,0.0874,0.9182
9988,0.3303,0.0112,0.9048
9989,0.2378,-0.0193,0.9641
9990,0.0559,-0.1262,1.0063
9991,-0.1121,-0.1409,1.0256
9992,-0.2751,-0.1094,1.0305
9993,-0.2456,-0.0447,1.0396
9994,-0.1199,-0.0552,0.9885
9995,-0.0210,-0.0271,0.9741
9996,0.0891,0.0486,0.9644
9997,0.0854,0.0024,0.8979
9998,-0.0229,0.0388,0.9426
9999,-0.1003,0.0757,0.9846
10000,-0.1150,-0.0469,0.9583
10001,-0.0659,-0.0725,1.0142
10002,0.0293,-0.1147,1.0510
10003,0.1589,-0.2791,1.0195
10004,0.1807,-0.2773,1.0112
10005,0.1604,-0.1978,1.0093
10006,0.0896,-0.1736,0.9307
10007,0.0010,-0.0808,0.9172
10008,-0.0591,0.0850,0.9409
10009,-0.0471,0.0737,0.8831
10010,0.0161,0.1296,0.9241
10011,0.1147,0.1543,0.9866
10012,0.2188,0.0405,0.9924
10013,0.1912,0.0322,1.0500
10014,0.0879,0.1118,1.0820
10015,-0.0581,-0.0393,1.0100
10016,-0.2341,0.0808,1.0344
10017,-0.3960,0.1592,0.9927
10018,-0.4128,0.2292,0.9192
10019,-0.3726,0.2329,0.8882
10020,-0.2666,0.3091,0.9419
10021,-0.1042,0.1746,0.9094
10022,0.0598,0.1763,0.9536
10023,0.1145,-0.0098,0.9690
10024,0.0820,-0.1702,1.0559
10025,0.0422,-0.2151,1.0618
10026,-0.0320,-0.2681,1.0227
10027,0.0061,-0.1169,1.0190
10028,0.0549,-0.1584,0.9651
10029,0.2107,0.0430,0.9937
10030,0.2769,0.0129,0.9133
10031,0.3374,0.0901,0.9270
10032,0.2139,-0.0483,0.9185
10033,0.0635,-0.0461,1.0190
10034,-0.1519,-0.2080,0.9817
10035,-0.2363,-0.1707,1.0208
10036,-0.2493,-0.1096,1.0249
10037,-0.0972,-0.0938,0.9739
10038,0.0315,-0.0093,0.9663
10039,0.0986,0.1365,0.9897
10040,0.0950,0.0667,0.9282
10041,-0.0212,0.0769,0.9614
10042,-0.1392,0.0796,1.0054
10043,-0.1550,-0.0979,0.9827
10044,-0.1113,-0.1055,1.0149
10045,0.0176,-0.0659,1.0305
10046,0.1406,-0.1567,0.9575
10047,0.1809,-0.1047,0.9526
10048,0.1746,-0.0559,0.9585
10049,0.0928,-0.1038,0.9312
10050,-0.0010,-0.0771,0.9387
10051,-0.0366,-0.0151,0.9546
10052,-0.0320,-0.0059,0.9565
10053,0.0447,0.0227,0.9790
10054,0.1453,0.0674,1.0181
10055,0.1995,0.0935,1.0403
10056,0.1907,0.0603,0.9985
10057,0.0820,0.0872,1.0286
10058,-0.0945,0.1313,1.0178
10059,-0.2539,0.0195,0.9321
10060,-0.3618,0.2329,0.9854
10061,-0.3994,0.2573,0.9087
10062,-0.3105,0.2078,0.8918
10063,-0.2351,0.2595,0.9602
10064,-0.0725,0.1628,0.9771
10065,0.0691,0.0073,0.9836
10066,0.1272,-0.0186,1.0347
10067,0.1003,-0.1250,1.0386
10068,0.0464,-0.1682,1.0298
10069,-0.0513,-0.1609,1.0200
10070,-0.0520,-0.1201,0.9966
10071,0.0063,-0.1777,0.9131
10072,0.1316,-0.0901,0.9487
10073,0.2529,-0.0588,0.9124
10074,0.3032,-0.0996,0.9055
10075,0.2241,-0.0134,0.9719
10076,0.0596,-0.0583,0.9846
10077,-0.0935,-0.0791,1.0208
10078,-0.2258,-0.0786,1.0305
10079,-0.2429,-0.0293,1.0344
10080,-0.1248,-0.0247,0.9924
10081,0.0132,0.0425,0.9829
10082,0.0684,0.0425,0.9702
10083,0.1143,0.0901,0.9739
10084,0.0188,0.0173,0.9341
10085,-0.0491,0.0039,0.9709
10086,-0.1152,-0.0417,0.9956
10087,-0.0864,-0.0850,0.9971
10088,-0.0200,-0.1311,0.9778
10089,0.0771,-0.0955,1.0098
10090,0.1199,-0.1377,0.9866
10091,0.1528,-0.1602,0.9553
10092,0.0837,-0.1270,0.9651
10093,0.0215,-0.0742,0.9595
10094,-0.0037,-0.0957,0.9211
10095,-0.0391,0.0259,0.9780
10096,0.0359,0.0537,0.9634
10097,0.0950,0.0149,0.9741
10098,0.1787,0.1543,1.0464
10099,0.1682,0.0308,0.9702
10100,0.1057,0.0869,1.0190
10101,-0.0439,0.1018,1.0012
10102,-0.2053,0.0625,0.9761
10103,-0.3428,0.1455,0.9575
10104,-0.3911,0.2285,0.9458
10105,-0.3542,0.2039,0.9080
10106,-0.2637,0.2358,0.9546
10107,-0.0740,0.2283,0.9771
10108,0.0459,0.0566,0.9739
10109,0.1741,0.0588,1.0452
10110,0.0901,-0.1582,1.0266
10111,0.0593,-0.1589,1.0562
10112,-0.0750,-0.2549,0.9768
10113,-0.0935,-0.1162,1.0110
10114,-0.0415,-0.0881,0.9185
10115,0.1360,-0.0308,0.9224
10116,0.2188,0.0862,0.9224
10117,0.3276,0.0095,0.8997
10118,0.3198,0.0151,0.9490
10119,0.1375,-0.1074,0.9985
10120,-0.0374,-0.0972,1.0571
10121,-0.1895,-0.2461,1.0149
10122,-0.2456,-0.1040,1.0823
10123,-0.1799,-0.1509,1.0012
10124,-0.0527,0.0032,0.9761
10125,0.0334,0.1570,0.9487
10126,0.0957,0.2004,0.9011
10127,0.0225,0.0657,0.9065
10128,-0.0681,0.1379,1.0076
10129,-0.1125,-0.0964,0.9700
10130,-0.0891,-0.1750,1.0200
10131,-0.0322,-0.2144,1.0510
10132,0.0742,-0.2549,1.0354
10133,0.1553,-0.1748,0.9895
10134,0.1536,-0.0879,0.9624
10135,0.1064,-0.0559,0.9419
10136,0.0579,-0.0374,0.9165
10137,-0.0054,0.0532,0.9165
10138,-0.0354,0.0862,0.9067
10139,-0.0020,0.0913,0.9534
10140,0.0571,0.0869,0.9875
10141,0.1033,0.0542,1.0269
10142,0.1726,0.0571,1.0337
10143,0.0996,-0.0798,1.0190
10144,0.0156,0.0244,1.0874
10145,-0.1138,-0.0381,0.9771
10146,-0.2693,0.1404,0.9944
10147,-0.3708,0.2461,0.9163
10148,-0.3491,0.2808,0.9028
10149,-0.2981,0.3494,0.9211
10150,-0.1404,0.2275,0.9302
10151,0.0464,0.0801,0.9797
10152,0.1216,-0.0928,1.0051
10153,0.1609,-0.1631,1.0637
10154,0.0674,-0.2788,1.0247
10155,-0.0483,-0.2539,1.0278
10156,-0.1003,-0.1746,1.0054
10157,-0.0771,-0.0762,0.9331
10158,0.0332,0.0071,0.9036
10159,0.2134,0.0962,0.9163
10160,0.3198,0.0461,0.9124
10161,0.3281,0.0115,0.9614
10162,0.2263,-0.0159,0.9973
10163,0.0015,-0.1912,0.9976
10164,-0.1814,-0.1577,1.0872
10165,-0.2847,-0.1541,1.0474
10166,-0.2522,-0.0691,1.0083
10167,-0.1448,0.1411,0.9800
10168,0.0183,0.1721,0.9133
10169,0.1184,0.2485,0.9214
10170,0.0837,0.2070,0.9133
10171,0.0146,0.1328,0.9377
10172,-0.0830,0.0090,0.9688
10173,-0.1267,-0.0493,1.0344
10174,-0.0684,-0.2332,1.0188
10175,0.0400,-0.1943,1.0522
10176,0.1509,-0.2578,1.0120
10177,0.2109,-0.2141,0.9915
10178,0.1968,-0.2144,0.9543
10179,0.0862,-0.1189,0.9556
10180,-0.0056,-0.0713,0.9192
10181,-0.0823,0.0127,0.9102
10182,-0.0977,0.0176,0.9380
10183,0.0195,0.0913,0.9836
10184,0.1074,-0.0356,0.9807
10185,0.1846,0.0227,1.0530
10186,0.1663,-0.1240,1.0315
10187,0.0649,-0.1018,1.0610
10188,-0.1362,-0.0813,0.9983
10189,-0.2654,0.1155,0.9778
10190,-0.3835,0.2449,0.9163
10191,-0.4011,0.3655,0.9124
10192,-0.3096,0.3354,0.9067
10193,-0.1440,0.2842,0.9487
10194,0.0386,0.1326,0.9749
10195,0.1548,-0.0713,0.9993
10196,0.1814,-0.1235,1.0598
10197,0.0823,-0.2070,1.0513
10198,-0.0654,-0.1909,1.0181
10199,-0.1489,-0.0867,0.9985
10200,-0.0950,0.0266,0.9497
10201,0.0244,0.0154,0.9067
10202,0.2161,0.1184,0.9331
10203,0.3323,0.0051,0.9106
10204,0.3940,0.0066,0.9583
10205,0.2529,-0.0698,0.9878
10206,0.0696,-0.0283,1.0374
10207,-0.1907,-0.1401,1.0168
10208,-0.3042,-0.0068,1.0591
10209,-0.3259,-0.0696,0.9836
10210,-0.1550,0.0627,0.9954
10211,-0.0225,0.0579,0.9495
10212,0.0974,0.1313,0.9390
10213,0.0869,0.1147,0.9250
10214,0.0293,0.1318,0.9565
10215,-0.0771,-0.0376,0.9475
10216,-0.1016,-0.0676,1.0315
10217,-0.0881,-0.1707,1.0366
10218,0.0247,-0.2886,1.0022
10219,0.1047,-0.2888,1.0190
10220,0.1709,-0.1951,1.0015
10221,0.1672,-0.2192,0.9260
10222,0.1504,-0.0210,0.9448
10223,0.0337,-0.0342,0.9106
10224,0.0161,0.0547,0.9487
10225,-0.0225,0.0366,0.9573
10226,0.0320,0.0496,0.9963
10227,0.0652,-0.0872,1.0054
10228,0.1384,0.0015,1.0676
10229,0.0964,-0.0955,0.9907
10230,0.0386,0.0579,1.0237
10231,-0.1223,0.1252,0.9702
10232,-0.2578,0.1702,0.9417
10233,-0.3765,0.2563,0.9263
10234,-0.4197,0.2151,0.9192
10235,-0.2788,0.2014,0.9409
10236,-0.1294,0.1135,0.9885
10237,0.0881,0.0718,1.0176
10238,0.1992,-0.1040,0.9897
10239,0.1709,0.0195,1.0735
10240,0.0364,-0.1167,0.9778
10241,-0.0613,-0.0723,1.0024
10242,-0.1987,-0.0398,0.9839
10243,-0.0784,-0.0674,0.9377
10244,0.0850,-0.0500,0.9260
10245,0.2808,0.0881,0.9495
10246,0.4241,0.0403,0.9087
10247,0.3606,0.1284,0.9741
10248,0.1526,0.0835,1.0044
10249,-0.0608,-0.0271,1.0276
10250,-0.2554,-0.0330,1.0581
10251,-0.3391,-0.1201,1.0452
10252,-0.1992,-0.1062,1.0044
10253,-0.0825,-0.0649,0.9788
10254,0.0557,0.0867,0.9622
10255,0.0706,0.0430,0.8870
10256,0.0557,0.1328,0.9280
10257,-0.0781,-0.0156,0.9185
10258,-0.1245,-0.0718,1.0005
10259,-0.1211,-0.2629,0.9829
10260,0.0049,-0.2817,1.0540
10261,0.0435,-0.3005,1.0354
10262,0.1648,-0.2720,1.0110
10263,0.1736,-0.2441,0.9680
10264,0.1455,-0.1304,0.9888
10265,0.0793,-0.1143,0.9407
10266,0.0425,-0.0754,0.9194
10267,-0.0061,-0.0154,0.9553
10268,0.0081,-0.0007,0.9517
10269,0.0371,0.0388,0.9614
10270,0.1089,0.2263,1.0120
10271,0.1228,0.1943,0.9585
10272,0.0786,0.2244,1.0286
10273,-0.0322,0.1946,1.0305
10274,-0.1653,0.0911,0.9934
10275,-0.2986,0.1252,0.9749
10276,-0.3892,0.1777,0.9634
10277,-0.3511,0.2197,0.9556
10278,-0.2332,0.2361,0.9397
10279,-0.0522,0.2876,0.9858
10280,0.1343,0.2014,0.9602
10281,0.2432,0.0078,0.9700
10282,0.2063,-0.0955,1.0308
10283,0.0710,-0.2944,1.0383
10284,-0.0393,-0.3647,1.0286
10285,-0.1035,-0.4006,0.9893
10286,-0.0359,-0.2258,1.0000
10287,0.0979,-0.1218,0.9001
10288,0.2173,0.0376,0.8997
10289,0.2542,0.1704,0.9292
10290,0.1750,0.0896,0.9224
10291,0.0286,0.0254,0.9856
10292,-0.1423,-0.0498,1.0403
10293,-0.2112,-0.1824,1.0288
10294,-0.2231,-0.1648,1.0718
10295,-0.0959,0.0288,1.0542
10296,-0.0161,-0.0430,0.9326
10297,0.0498,0.2271,0.9800
10298,0.0122,0.2192,0.9009
10299,-0.0315,0.1912,0.9172
10300,-0.1121,0.1509,0.9377
10301,-0.0872,-0.0039,0.9841
10302,-0.0562,-0.1011,1.0132
10303,0.0457,-0.1738,1.0122
10304,0.1013,-0.2532,0.9917
10305,0.1106,-0.2168,1.0298
10306,0.0977,-0.1992,1.0129
10307,0.0503,-0.2097,0.9468
10308,0.0300,-0.0823,0.9399
10309,0.0461,-0.0334,0.9426
10310,0.1025,-0.0837,0.9087
10311,0.0894,0.0029,0.9719
10312,0.1023,0.0894,0.9907
10313,0.0544,-0.0312,0.9517
10314,0.0276,0.0791,1.0386
10315,-0.0791,0.0508,1.0229
10316,-0.1125,0.0510,1.0051
10317,-0.1787,0.0964,0.9856
10318,-0.1880,0.1987,0.9895
10319,-0.2292,0.1902,0.9143
10320,-0.1887,0.3286,0.9495
10321,-0.1436,0.3142,0.9417
10322,-0.0535,0.1948,0.9595
10323,0.0413,0.1392,1.0159
10324,0.1289,-0.0593,1.0083
10325,0.1658,-0.1433,1.0288
10326,0.0857,-0.2014,1.0190
10327,0.0188,-0.1580,1.0327
10328,-0.0142,-0.1494,0.9495
10329,-0.0208,-0.0427,0.9500
10330,0.0571,0.0383,0.9126
10331,0.1665,0.0166,0.8823
10332,0.1902,0.0393,0.9436
10333,0.1506,-0.0222,0.9653
10334,0.0461,-0.1213,0.9878
10335,-0.1428,-0.1201,1.0432
10336,-0.1775,-0.1074,1.0598
10337,-0.2175,-0.1812,1.0139
10338,-0.1516,-0.0417,1.0483
10339,-0.0430,0.0193,0.9800
10340,0.0032,0.0320,0.9272
10341,0.0352,0.1516,0.9563
10342,0.0586,0.1382,0.9272
10343,0.0049,0.0288,0.9163
10344,0.0051,0.0381,0.9817
10345,-0.0217,-0.0869,0.9929
10346,-0.0322,-0.2271,1.0071
10347,-0.0200,-0.2253,1.0503
10348,-0.0068,-0.2788,1.0237
10349,0.0093,-0.2798,0.9778
10350,0.0859,-0.0986,0.9768
10351,0.0906,0.0164,0.9290
10352,0.1370,0.1191,0.9038
10353,0.1345,0.1614,0.9319
10354,0.0864,0.0762,0.9553
10355,0.0225,-0.0554,0.9810
10356,-0.0095,-0.0427,1.0244
10357,-0.0671,-0.1597,0.9905
10358,-0.0654,-0.0620,1.0481
10359,-0.0464,0.0623,1.0061
10360,-0.0889,0.1692,0.9602
10361,-0.1116,0.3799,0.9497
10362,-0.1802,0.3638,0.9116
10363,-0.2083,0.3428,0.9614
10364,-0.1702,0.2888,0.9644
10365,-0.0730,0.1448,0.9924
10366,0.0740,0.0471,1.0071
10367,0.1479,-0.1177,1.0229
10368,0.1624,-0.1064,1.0549
10369,0.0674,-0.2161,0.9846
10370,0.0015,-0.0945,0.9993
10371,-0.1057,-0.1011,0.9456
10372,-0.0103,0.0598,0.9409
10373,0.0469,-0.0103,0.8723
10374,0.2078,0.1382,0.9543
10375,0.2102,-0.1128,0.9136
10376,0.1755,-0.1470,1.0042
10377,0.0208,-0.2507,1.0024
10378,-0.1079,-0.2383,1.0474
10379,-0.2068,-0.2417,1.0432
10380,-0.1863,-0.1838,1.0491
10381,-0.1042,-0.0530,1.0237
10382,-0.0420,0.0413,0.9407
10383,0.0369,0.1536,0.9138
10384,-0.0166,0.1855,0.9282
10385,-0.0491,0.1624,0.9597
10386,-0.0940,-0.0007,0.9253
10387,-0.0513,0.0083,1.0044
10388,0.0085,-0.1228,0.9868
10389,0.0620,-0.2485,1.0227
10390,0.0718,-0.2200,1.0610
10391,0.0674,-0.2585,0.9985
10392,0.0278,-0.0906,0.9915
10393,0.0078,0.0635,0.9277
10394,0.0552,0.1296,0.9133
10395,0.0784,0.1677,0.9329
10396,0.1228,0.1655,0.9458
10397,0.1426,0.0469,0.9390
10398,0.0874,-0.0510,1.0012
10399,0.0208,-0.1584,1.0415
10400,-0.0522,-0.1973,1.0425
10401,-0.0784,0.0037,1.0422
10402,-0.1157,0.0205,0.9565
10403,-0.0779,0.2288,0.9719
10404,-0.1116,0.3264,0.9465
10405,-0.1470,0.3828,0.9028
10406,-0.1794,0.3420,0.9036
10407,-0.1875,0.2864,0.9778
10408,-0.1226,0.0583,0.9924
10409,-0.0264,-0.0344,1.0325
10410,0.1021,-0.0820,1.0481
10411,0.1565,-0.2405,1.0239
10412,0.1436,-0.1997,1.0396
10413,0.0586,-0.1897,1.0015
10414,-0.0083,-0.1094,0.9419
10415,-0.0249,-0.0706,0.9153
10416,0.0261,0.0278,0.9355
10417,0.1074,-0.0435,0.8821
10418,0.1792,0.0107,0.9514
10419,0.1523,-0.0027,0.9739
10420,0.0557,-0.1299,0.9875
10421,-0.0483,-0.1296,1.0386
10422,-0.1750,-0.1753,1.0354
10423,-0.1870,-0.1638,1.0376
10424,-0.1697,-0.0884,1.0002
10425,-0.1108,0.0688,0.9878
10426,-0.0247,0.1863,0.9155
10427,0.0176,0.2466,0.8901
10428,0.0256,0.3081,0.9380
10429,0.0076,0.1611,0.9438
10430,0.0100,-0.0132,0.9995
10431,-0.0225,-0.1658,1.0422
10432,-0.0212,-0.2842,1.0549
10433,-0.0195,-0.2891,1.0515
10434,0.0085,-0.2087,1.0151
10435,0.0364,-0.1104,0.9790
10436,0.0654,0.0012,0.9526
10437,0.1045,0.0466,0.9114
10438,0.1445,0.0132,0.8831
10439,0.1287,0.0588,0.9438
10440,0.1133,-0.0532,0.9387
10441,0.0532,-0.0913,0.9944
10442,-0.0483,-0.0383,1.0403
10443,-0.1001,-0.0405,1.0090
10444,-0.1440,-0.0144,1.0269
10445,-0.1504,0.1011,1.0171
10446,-0.1418,0.0901,0.9624
10447,-0.1396,0.2983,0.9780
10448,-0.1206,0.2676,0.9028
10449,-0.0566,0.2854,0.9592
10450,-0.0151,0.2261,0.9604
10451,0.0386,0.0942,0.9758
10452,0.1240,0.0166,0.9905
10453,0.0767,-0.1155,1.0112
10454,0.0583,-0.1729,1.0356
10455,-0.0186,-0.2385,1.0020
10456,-0.0652,-0.1909,1.0051
10457,-0.0696,-0.1736,0.9602
10458,-0.0056,-0.0981,0.9651
10459,0.1089,-0.0906,0.9233
10460,0.1868,-0.0342,0.9417
10461,0.2192,-0.0215,0.9358
10462,0.1541,-0.1028,0.9653
10463,0.0374,-0.0574,1.0161
10464,-0.1187,-0.1624,1.0034
10465,-0.1765,-0.0688,1.0295
10466,-0.2126,-0.0999,0.9827
10467,-0.1489,0.0737,1.0063
10468,-0.0869,0.1035,0.9507
10469,0.0154,0.1943,0.9722
10470,0.0149,0.1772,0.9397
10471,0.0222,0.1289,0.9653
10472,0.0029,0.0986,0.9839
10473,-0.0256,-0.0249,0.9817
10474,-0.0310,-0.0513,1.0203
10475,-0.0220,-0.0896,0.9927
10476,-0.0161,-0.1111,0.9927
10477,0.0308,-0.1470,0.9749
10478,0.0308,-0.1494,0.9827
10479,0.1094,-0.0679,0.9631
10480,0.1155,-0.1069,0.9067
10481,0.1328,0.0195,0.9731
10482,0.0974,-0.0205,0.9583
10483,0.0901,0.0142,1.0000
10484,0.0054,-0.0154,0.9653
10485,-0.0229,0.0269,1.0286
10486,-0.0493,0.0012,1.0032
10487,-0.0959,-0.0239,0.9944
10488,-0.1213,0.1560,1.0200
10489,-0.1450,0.1035,0.9077
10490,-0.1685,0.2527,0.9602
10491,-0.1958,0.2876,0.9448
10492,-0.1006,0.2588,0.9302
10493,-0.0391,0.2239,0.9700
10494,0.0757,0.1909,1.0190
10495,0.1399,-0.0676,0.9878
10496,0.0957,-0.1270,1.0510
10497,0.0435,-0.2192,1.0481
10498,-0.0337,-0.3088,0.9907
10499,-0.0828,-0.2163,0.9983
10500,-0.0671,-0.1267,0.9565
10501,0.0298,-0.0999,0.8989
10502,0.1230,0.0452,0.9338
10503,0.2083,0.0496,0.9204
10504,0.2063,-0.0540,0.9204
10505,0.1333,-0.0400,0.9983
10506,-0.0085,-0.0996,1.0220
10507,-0.1504,-0.1624,1.0266
10508,-0.1875,-0.0889,1.0542
10509,-0.1304,-0.0115,1.0334
10510,-0.0737,0.0232,0.9731
10511,0.0186,0.1389,0.9751
10512,0.0208,0.1558,0.9592
10513,0.0183,0.1062,0.9524
10514,-0.0491,0.0515,0.9456
10515,-0.0889,0.0693,0.9731
10516,-0.0618,0.0051,0.9573
10517,0.0034,-0.0381,0.9624
10518,-0.0015,-0.0876,0.9963
10519,0.0330,-0.1067,0.9946
10520,0.0391,-0.2729,0.9456
10521,-0.0010,-0.1797,1.0295
10522,0.0081,-0.2292,0.9722
10523,0.0452,-0.1543,0.9653
10524,0.1023,0.0059,0.9614
10525,0.1311,0.1057,0.9563
10526,0.1333,0.1382,0.9614
10527,0.0300,0.1494,0.9897
10528,-0.0210,0.0513,0.9907
10529,-0.1572,-0.0984,0.9976
10530,-0.1316,-0.0938,1.0435
10531,-0.1545,-0.1228,0.9951
10532,-0.1121,0.1135,0.9827
10533,-0.0793,0.2705,0.9290
10534,-0.0586,0.4124,0.9226
10535,-0.0481,0.4292,0.9155
10536,-0.0168,0.3560,0.9692
10537,0.0042,0.1370,0.9829
10538,0.0562,-0.1260,1.0217
10539,0.0608,-0.2615,1.0747
10540,0.0159,-0.3335,1.0435
10541,0.0088,-0.2690,1.0110
10542,-0.0491,-0.1465,0.9875
10543,-0.0476,-0.0659,0.9512
10544,0.0059,0.0215,0.9253
10545,0.0955,0.0623,0.9038
10546,0.2141,0.0203,0.8940
10547,0.2356,-0.0247,0.9761
10548,0.2200,-0.0769,1.0032
10549,0.0854,-0.1953,0.9878
10550,-0.0640,-0.0503,1.0667
10551,-0.2205,-0.1404,1.0122
10552,-0.2090,-0.1077,1.0630
10553,-0.1997,-0.0088,1.0317
10554,-0.0823,0.0229,0.9702
10555,0.0022,0.1509,0.9341
10556,0.0322,0.1826,0.9204
10557,0.0278,0.2271,0.9265
10558,-0.0256,0.1792,0.9341
10559,-0.0305,0.1392,0.9380
10560,-0.0615,-0.1235,0.9524
10561,-0.0483,-0.0920,1.0286
10562,-0.0559,-0.3635,0.9719
10563,0.0291,-0.1753,1.0422
10564,0.0220,-0.2964,0.9622
10565,0.1135,-0.0635,1.0295
10566,0.1257,-0.0515,0.9438
10567,0.1868,0.0815,0.9634
10568,0.1260,0.0100,0.9426
10569,0.1096,0.0745,1.0127
10570,-0.0076,-0.1160,0.9692
10571,-0.0669,-0.0796,0.9934
10572,-0.1426,-0.0835,0.9993
10573,-0.1421,0.0085,0.9788
10574,-0.1545,0.0774,0.9485
10575,-0.1531,0.2998,0.9634
10576,-0.1436,0.2827,0.9155
10577,-0.1011,0.3215,0.9719
10578,-0.0464,0.2703,0.9780
10579,0.0386,0.1277,1.0276
10580,0.1077,0.0862,1.0325
10581,0.0977,-0.1189,1.0220
10582,0.0781,-0.0154,1.0649
10583,-0.0386,-0.2637,0.9426
10584,-0.0591,-0.1316,1.0161
10585,-0.0945,-0.1484,0.9290
10586,-0.0093,-0.0645,0.9380
10587,0.0977,-0.0042,0.8794
10588,0.2065,0.0300,0.9241
10589,0.2656,0.0454,0.9507
10590,0.1992,-0.0957,0.9534
10591,0.0952,0.0039,1.0588
10592,-0.0742,-0.1555,1.0210
10593,-0.1672,-0.1880,1.0601
10594,-0.2073,-0.1646,1.0559
10595,-0.1365,-0.0686,1.0237
10596,-0.0327,-0.0095,0.9407
10597,0.0154,0.1646,0.9556
10598,0.0322,0.2051,0.9268
10599,-0.0171,0.1450,0.8989
10600,-0.0891,0.2026,0.9565
10601,-0.1045,0.0527,0.9514
10602,-0.0554,-0.0850,0.9839
10603,-0.0161,-0.1384,1.0298
10604,0.0552,-0.1917,1.0288
10605,0.0818,-0.2468,1.0103
10606,0.0518,-0.2036,1.0149
10607,0.0249,-0.1792,1.0051
10608,0.0454,-0.1201,0.9475
10609,0.0393,-0.0498,0.9312
10610,0.1033,0.0605,0.9399
10611,0.1008,-0.0420,0.9175
10612,0.1042,0.0422,0.9946
10613,0.0337,-0.0527,0.9758
10614,0.0051,-0.0291,1.0007
10615,-0.1169,-0.0957,0.9966
10616,-0.1113,0.0359,1.0403
10617,-0.1736,-0.0166,0.9680
10618,-0.1577,0.2146,1.0044
10619,-0.1738,0.2764,0.9233
10620,-0.1157,0.3567,0.9290
10621,-0.0913,0.3794,0.9585
10622,-0.0190,0.2698,0.9690
10623,0.0107,0.0999,1.0005
10624,0.1016,0.0317,1.0317
10625,0.0325,-0.2175,1.0034
10626,0.0244,-0.1626,1.0627
10627,0.0088,-0.2156,1.0024
10628,0.0005,-0.1321,0.9768
10629,0.0454,-0.0229,0.9446
10630,0.1855,0.1289,0.9233
10631,0.1938,0.0798,0.8762
10632,0.2061,0.1904,0.9575
10633,0.1301,-0.0623,0.9194
10634,-0.0132,-0.1284,1.0295
10635,-0.1128,-0.1956,1.0532
10636,-0.1240,-0.3242,1.0139
10637,-0.1133,-0.2290,1.0637
10638,-0.0452,-0.0825,1.0356
10639,0.0156,-0.0930,0.9446
10640,-0.0356,0.1257,0.9473
10641,-0.0735,0.1956,0.9524
10642,-0.1082,0.0759,0.8938
10643,-0.1453,0.0559,0.9543
10644,-0.0715,0.1030,1.0103
10645,0.0366,-0.1724,0.9231
10646,0.0706,-0.1121,1.0259
10647,0.0554,-0.1902,1.0259
10648,0.0178,-0.2896,0.9905
10649,-0.0491,-0.2114,1.0139
10650,-0.0212,-0.0640,0.9846
10651,0.0491,-0.1362,0.9338
10652,0.1809,0.0713,0.9673
10653,0.2144,-0.0281,0.9280
10654,0.2131,0.1248,0.9761
10655,0.0483,0.0381,0.9341
10656,-0.0630,0.1431,1.0142
10657,-0.2271,-0.0203,0.9839
10658,-0.2244,0.0676,1.0422
10659,-0.1997,0.0103,0.9888
10660,-0.1226,0.1614,1.0081
10661,-0.0686,0.1760,0.9338
10662,-0.0415,0.3186,0.9700
10663,-0.0547,0.3933,0.9456
10664,-0.0205,0.3042,0.9302
10665,-0.0103,0.2649,0.9895
10666,0.0000,0.0693,1.0151
10667,0.0525,-0.1299,1.0332
10668,-0.0020,-0.2695,1.0315
10669,0.0356,-0.2458,1.0413
10670,-0.0046,-0.2966,0.9780
10671,0.0525,-0.1199,0.9631
10672,0.0530,-0.0896,0.8960
10673,0.1543,0.1658,0.9485
10674,0.1965,0.0342,0.8516
10675,0.2080,0.0466,0.9553
10676,0.1257,-0.0491,0.9866
10677,0.0498,-0.2393,1.0100
10678,-0.0654,-0.2781,1.0483
10679,-0.1167,-0.2585,1.0718
10680,-0.0540,-0.1719,1.0415
10681,-0.0654,-0.0022,0.9878
10682,0.0010,0.2263,0.9702
10683,-0.0327,0.1956,0.8860
10684,-0.1194,0.2759,0.9351
10685,-0.1919,0.2180,0.9485
10686,-0.2014,0.0457,0.9290
10687,-0.1826,-0.0828,0.9966
10688,-0.0215,-0.1858,1.0522
10689,0.1077,-0.3132,1.0200
10690,0.1506,-0.2058,1.0386
10691,0.1541,-0.1262,0.9985
10692,0.0559,-0.1338,0.9524
10693,-0.0200,-0.0093,0.9817
10694,-0.0364,0.0129,0.9299
10695,0.0439,-0.0439,0.9175
10696,0.1392,-0.0120,0.9475
10697,0.1929,-0.0488,0.9788
10698,0.1152,-0.0293,0.9858
10699,0.0085,-0.0417,0.9790
10700,-0.1570,0.0361,1.0259
10701,-0.2690,-0.0078,1.0093
10702,-0.2454,0.0469,1.0024
10703,-0.2253,0.0974,0.9800
10704,-0.0854,0.2600,0.9573
10705,0.0110,0.2817,0.9253
10706,0.0515,0.3584,0.9526
10707,0.0593,0.2385,0.9417
10708,0.0381,0.2109,0.9897
10709,-0.0522,0.0457,0.9956
10710,-0.0298,-0.0649,1.0278
10711,-0.0352,-0.2083,1.0237
10712,0.0315,-0.1929,1.0588
10713,0.0901,-0.1851,0.9790
10714,0.1345,-0.1069,0.9575
10715,0.1882,0.0056,0.9329
10716,0.1609,-0.0408,0.9009
10717,0.1252,0.0342,0.9399
10718,0.0564,-0.0549,0.9106
10719,-0.0149,-0.1045,0.9797
10720,-0.0806,-0.1458,1.0181
10721,-0.0413,-0.1499,1.0461
10722,-0.0498,-0.1641,1.0247
10723,0.0151,-0.0818,1.0437
10724,0.0200,-0.0654,1.0237
10725,-0.0449,-0.0066,0.9866
10726,-0.1260,0.0581,0.9468
10727,-0.1963,0.0933,0.9214
10728,-0.2146,0.1350,0.9241
10729,-0.1177,0.1042,0.9253
10730,-0.0034,0.0686,0.9397
10731,0.0757,-0.0491,0.9790
10732,0.1531,-0.1704,1.0188
10733,0.0701,-0.3374,1.0364
10734,0.0125,-0.2603,1.0649
10735,-0.0259,-0.2532,0.9946
10736,0.0029,-0.0508,1.0005
10737,0.0566,0.0332,0.9585
10738,0.1755,0.1543,0.9458
10739,0.1843,0.0881,0.8958
10740,0.1501,0.1577,0.9690
10741,0.0208,-0.0496,0.9270
10742,-0.0920,-0.0427,0.9963
10743,-0.1997,0.0112,1.0171
10744,-0.2061,0.0481,0.9797
10745,-0.1819,0.1765,0.9963
10746,-0.1482,0.3752,0.9915
10747,-0.0830,0.3423,0.9224
10748,-0.0796,0.4055,0.9641
10749,-0.0537,0.3145,0.9819
10750,-0.0259,0.1030,0.9751
10751,-0.0144,0.0366,1.0256
10752,0.0254,-0.0425,1.0334
10753,0.0305,-0.1887,1.0054
10754,0.0125,-0.1931,1.0249
10755,-0.0098,-0.1992,1.0073
10756,0.0061,-0.1833,0.9429
10757,0.0537,-0.1311,0.9438
10758,0.0969,-0.0439,0.9429
10759,0.1721,-0.1138,0.9065
10760,0.2581,-0.0544,0.9517
10761,0.2322,-0.1260,0.9475
10762,0.1692,-0.1570,0.9917
10763,0.0359,-0.1562,1.0208
10764,-0.1233,-0.1296,1.0435
10765,-0.1897,-0.1226,1.0159
10766,-0.1792,-0.0720,0.9937
10767,-0.1189,0.0259,0.9917
10768,-0.0520,0.0815,0.9653
10769,-0.0359,0.0950,0.9241
10770,-0.0562,0.1060,0.9692
10771,-0.0691,0.1299,0.9634
10772,-0.0959,-0.0046,0.9458
10773,-0.0471,0.0847,1.0129
10774,0.0159,-0.0662,0.9937
10775,0.0918,-0.1460,1.0286
10776,0.0981,-0.1890,1.0051
10777,0.1143,-0.1670,1.0005
10778,0.0698,-0.1033,0.9524
10779,0.0413,-0.0366,0.9448
10780,0.0342,0.0508,0.9644
10781,0.0142,0.0281,0.9143
10782,0.0559,0.0344,0.9468
10783,0.0381,0.0527,0.9661
10784,0.0137,0.0166,0.9897
10785,-0.0037,0.0059,1.0269
10786,-0.0662,0.0242,1.0308
10787,-0.1108,0.0405,1.0168
10788,-0.1453,0.1448,0.9846
10789,-0.2253,0.1743,0.9670
10790,-0.2117,0.2551,0.9670
10791,-0.1804,0.2468,0.9182
10792,-0.0679,0.3320,0.9702
10793,0.0256,0.2261,0.9312
10794,0.1074,0.0776,0.9819
10795,0.0603,-0.0261,1.0315
10796,0.0405,-0.2068,1.0024
10797,-0.0488,-0.2932,0.9966
10798,-0.0618,-0.1958,1.0100
10799,-0.0173,-0.1953,0.9783
10800,0.0972,-0.0730,0.9622
10801,0.1887,0.0073,0.9202
10802,0.2886,0.0698,0.9429
10803,0.3098,0.0039,0.9155
10804,0.1938,-0.1011,1.0022
10805,0.0391,-0.0889,1.0256
10806,-0.1116,-0.2385,1.0168
10807,-0.2007,-0.0862,1.0620
10808,-0.2156,-0.1992,0.9797
10809,-0.0627,-0.0120,1.0415
10810,-0.0244,-0.0544,0.9368
10811,0.0562,0.0325,0.9651
10812,-0.0007,0.0046,0.9116
10813,-0.0833,0.0496,0.9495
10814,-0.1763,0.0422,0.9475
10815,-0.1667,0.0242,0.9709
10816,-0.0681,0.0276,1.0063
10817,0.0205,-0.0720,0.9966
10818,0.1804,-0.0623,1.0366
10819,0.1511,-0.2202,0.9875
10820,0.1206,-0.1824,1.0334
10821,0.0422,-0.1790,0.9712
10822,0.0127,-0.0852,0.9348
10823,-0.0044,0.0715,0.9348
10824,0.0632,0.1726,0.9202
10825,0.0908,0.1560,0.9165
10826,0.0688,0.2183,0.9858
10827,0.0574,0.1323,0.9631
10828,-0.0190,-0.0154,1.0142
10829,-0.1086,0.0210,1.0735
10830,-0.1716,-0.0793,1.0168
10831,-0.2334,0.0669,1.0149
10832,-0.2571,0.2283,0.9719
10833,-0.2200,0.2522,0.9221
10834,-0.1653,0.3149,0.9487
10835,-0.0381,0.2639,0.9475
10836,0.0469,0.1362,0.9312
10837,0.0713,0.0669,0.9985
10838,0.0564,-0.0811,1.0032
10839,-0.0088,-0.2585,1.0088
10840,-0.0925,-0.1282,1.0608
10841,-0.0706,-0.1995,0.9673
10842,0.0129,-0.1311,0.9751
10843,0.1331,-0.0413,0.9849
10844,0.2856,-0.0693,0.9368
10845,0.3699,-0.0544,0.9370
10846,0.3062,-0.0269,0.9573
10847,0.2053,-0.1172,0.9585
10848,-0.0317,-0.0764,1.0017
10849,-0.1851,-0.0166,1.0161
10850,-0.2595,-0.1226,0.9680
10851,-0.2117,-0.0483,1.0208
10852,-0.0857,-0.0801,0.9993
10853,0.0591,-0.0793,0.9778
10854,0.0752,-0.0203,0.9790
10855,0.0217,0.0698,0.9849
10856,-0.0938,-0.0034,0.9517
10857,-0.1304,0.0742,0.9810
10858,-0.1516,-0.0056,0.9807
10859,-0.0159,0.0029,1.0142
10860,0.0769,-0.1704,0.9797
10861,0.1406,-0.1523,1.0208
10862,0.1382,-0.2041,0.9543
10863,0.0642,-0.0823,0.9683
10864,-0.0203,-0.0652,0.9192
10865,-0.0479,-0.0122,0.9211
10866,-0.0383,0.0869,0.9609
10867,0.0144,0.1069,0.9331
10868,0.0916,0.0967,0.9487
10869,0.1218,0.1982,1.0093
10870,0.1323,0.1538,1.0344
10871,0.0549,0.0767,1.0247
10872,-0.0107,0.0718,1.0649
10873,-0.1157,0.0503,1.0376
10874,-0.2371,0.0276,0.9797
10875,-0.2910,0.1609,0.9761
10876,-0.3081,0.1821,0.9058
10877,-0.2524,0.2332,0.9077
10878,-0.1113,0.3130,0.9263
10879,0.0237,0.0996,0.8950
10880,0.0803,-0.0178,1.0061
10881,0.0813,-0.1365,1.0483
10882,0.0332,-0.3413,1.0100
10883,-0.0405,-0.3279,1.0288
10884,-0.0415,-0.2400,1.0376
10885,0.0327,-0.2117,0.9897
10886,0.1409,-0.0190,0.9722
10887,0.2739,0.0466,0.9211
10888,0.3281,0.0674,0.9224
10889,0.2996,0.0488,0.9182
10890,0.1453,-0.0735,0.9604
10891,-0.0403,-0.0845,1.0093
10892,-0.1772,-0.1772,1.0054
10893,-0.2112,-0.1023,1.0425
10894,-0.1687,-0.0630,1.0042
10895,-0.0139,0.0088,1.0063
10896,0.0632,0.0923,0.9751
10897,0.0623,0.1252,0.9612
10898,-0.0300,0.1057,0.9478
10899,-0.1409,0.0574,0.9709
10900,-0.2114,-0.0222,0.9976
10901,-0.1636,-0.1006,0.9927
10902,-0.0027,-0.1206,1.0073
10903,0.1431,-0.1711,1.0139
10904,0.2307,-0.2166,1.0054
10905,0.1980,-0.2388,0.9700
10906,0.1052,-0.0601,0.9680
10907,-0.0081,-0.0269,0.9131
10908,-0.0955,0.0005,0.9026
10909,-0.0693,0.0408,0.9526
10910,0.0229,0.0784,0.9417
10911,0.0891,0.0471,0.9507
10912,0.1709,0.1411,0.9985
10913,0.1536,0.0261,1.0032
10914,0.0881,0.1223,1.0540
10915,-0.0596,0.0962,1.0081
10916,-0.1858,0.1997,1.0083
10917,-0.3364,0.0891,0.9585
10918,-0.3728,0.1604,0.9797
10919,-0.3474,0.1611,0.9446
10920,-0.2017,0.2715,0.9380
10921,-0.0391,0.1714,0.9233
10922,0.1033,0.1814,0.9973
10923,0.1411,-0.0017,1.0120
10924,0.1284,-0.0815,1.0188
10925,0.0090,-0.2451,1.0208
10926,-0.0540,-0.1670,1.0532
10927,-0.0664,-0.3118,0.9565
10928,0.0225,-0.0671,1.0005
10929,0.1157,-0.0286,0.8762
10930,0.2388,0.0669,0.9104
10931,0.2607,0.0825,0.9143
10932,0.2314,-0.0393,0.9231
10933,0.0986,-0.0520,1.0103
10934,-0.0674,-0.0940,1.0334
10935,-0.1428,-0.2354,1.0452
10936,-0.1973,-0.1631,1.0522
10937,-0.1323,-0.0437,1.0493
10938,0.0005,0.0286,0.9612
10939,0.0740,0.1475,0.9282
10940,0.0676,0.2368,0.9458
10941,-0.0085,0.1843,0.8997
10942,-0.1094,0.0957,0.9270
10943,-0.1675,0.0225,0.9829
10944,-0.1475,-0.1521,1.0112
10945,-0.0254,-0.1841,1.0471
10946,0.1067,-0.2346,1.0415
10947,0.1958,-0.1841,1.0334
10948,0.1731,-0.2222,0.9739
10949,0.1345,-0.0339,0.9902
10950,-0.0210,-0.0596,0.9124
10951,-0.0703,0.0154,0.9260
10952,-0.0752,-0.0034,0.9214
10953,-0.0068,-0.0029,0.9524
10954,0.1245,-0.0632,0.9592
10955,0.2188,-0.0005,1.0071
10956,0.1951,-0.0557,1.0161
10957,0.1245,-0.0505,1.0315
10958,-0.0688,-0.0569,1.0354
10959,-0.2368,0.0278,1.0161
10960,-0.3589,0.0459,0.9468
10961,-0.4246,0.1707,0.9368
10962,-0.3779,0.2197,0.9209
10963,-0.2297,0.2783,0.9136
10964,-0.0791,0.2573,0.9270
10965,0.0901,0.2273,0.9722
10966,0.1289,0.0317,1.0017
10967,0.1013,-0.0715,1.0620
10968,0.0042,-0.1782,1.0500
10969,-0.0796,-0.1467,1.0444
10970,-0.0491,-0.1150,0.9827
10971,0.0420,-0.0469,0.9741
10972,0.1663,0.0813,0.9468
10973,0.2761,0.0393,0.8813
10974,0.3303,0.1497,0.9282
10975,0.2441,-0.0488,0.9084
10976,0.1255,-0.0603,1.0110
10977,-0.0466,-0.1719,0.9995
10978,-0.1396,-0.1362,1.0481
10979,-0.1687,-0.1340,1.0227
10980,-0.1238,-0.0916,1.0256
10981,-0.0222,-0.0425,1.0012
10982,0.0422,-0.0032,0.9604
10983,0.0227,0.0178,0.9514
10984,-0.0461,0.0657,0.9417
10985,-0.1135,0.0215,0.9231
10986,-0.1655,0.0237,0.9507
10987,-0.1340,-0.0095,0.9966
10988,-0.0010,-0.1045,1.0142
10989,0.1211,-0.2390,1.0051
10990,0.2417,-0.1697,1.0520
10991,0.2566,-0.1680,0.9700
10992,0.1677,-0.1067,0.9553
10993,0.0154,0.0376,0.9670
10994,-0.1133,0.0576,0.9487
10995,-0.1458,0.1179,0.9211
10996,-0.0820,0.1257,0.9299
10997,0.1016,0.1221,0.9810
10998,0.2268,-0.0173,0.9800
10999,0.2800,0.0708,1.0503
11000,0.1475,0.0366,1.0112
11001,-0.0720,0.0066,0.9995
11002,-0.3315,0.0574,1.0063
11003,-0.4819,0.1294,0.9819
11004,-0.5298,0.1145,0.9272
11005,-0.3560,0.1895,0.9387
11006,-0.1387,0.1672,0.9543
11007,0.0969,0.1267,0.9553
11008,0.2007,0.0266,0.9749
11009,0.1804,0.0283,1.0422
11010,-0.0042,-0.1340,1.0149
11011,-0.1240,-0.1106,1.0393
11012,-0.2068,-0.1187,0.9807
11013,-0.0696,-0.0498,0.9751
11014,0.1182,-0.0693,0.9290
11015,0.3469,-0.0125,0.9478
11016,0.4360,0.0164,0.9319
11017,0.4294,0.0471,0.9202
11018,0.1733,0.0198,0.9612
11019,-0.0273,0.0244,1.0122
11020,-0.2434,-0.0955,1.0276
11021,-0.2681,-0.0344,1.0581
11022,-0.1694,-0.1230,0.9985
11023,0.0039,-0.0503,1.0483
11024,0.1152,-0.0667,0.9670
11025,0.1150,-0.0237,0.9690
11026,-0.0032,0.0679,0.9399
11027,-0.1541,-0.0415,0.8987
11028,-0.2200,0.0374,0.9661
11029,-0.2180,-0.0496,0.9634
11030,-0.0447,-0.0759,1.0024
11031,0.0999,-0.1736,0.9995
11032,0.2324,-0.1611,1.0413
11033,0.2366,-0.2971,0.9829
11034,0.1765,-0.2048,1.0259
11035,0.0623,-0.1968,0.9514
11036,-0.0662,-0.1587,0.9504
11037,-0.0945,0.0386,0.9622
11038,-0.0854,-0.0330,0.9009
11039,0.0645,0.1506,0.9661
11040,0.1191,0.1226,0.9487
11041,0.2625,0.2117,1.0024
11042,0.1987,0.0510,0.9653
11043,0.0962,0.1321,1.0803
11044,-0.1104,-0.0088,1.0005
11045,-0.2603,0.0322,1.0195
11046,-0.4028,0.0610,0.9780
11047,-0.3982,0.1067,0.9475
11048,-0.3796,0.2419,0.9456
11049,-0.2166,0.3186,0.9133
11050,-0.0720,0.2490,0.9233
11051,0.0310,0.2041,1.0005
11052,0.1091,-0.0178,1.0024
11053,0.0835,-0.1477,1.0237
11054,-0.0076,-0.1787,1.0354
11055,-0.0537,-0.1948,1.0110
11056,-0.0444,-0.1333,0.9722
11057,0.0437,0.0449,0.9739
11058,0.1602,0.0525,0.9036
11059,0.2942,0.1089,0.9282
11060,0.3530,0.0901,0.9417
11061,0.2900,-0.0195,0.9663
11062,0.1521,-0.0806,1.0242
11063,-0.0264,-0.1653,1.0308
11064,-0.1802,-0.1328,1.0542
11065,-0.2148,-0.0508,1.0090
11066,-0.1807,-0.0435,0.9663
11067,-0.0698,0.0496,0.9895
11068,0.0149,-0.0308,0.9241
11069,0.0132,-0.0156,0.9465
11070,-0.0427,0.0327,0.9338
11071,-0.0852,-0.0266,0.9526
11072,-0.1155,-0.0256,0.9907
11073,-0.0630,-0.0693,1.0305
11074,0.0637,-0.1472,1.0327
11075,0.1365,-0.2708,1.0054
11076,0.1909,-0.2471,1.0471
11077,0.1577,-0.2993,0.9846
11078,0.0981,-0.2388,0.9368
11079,0.0195,-0.0615,0.9319
11080,-0.0344,0.0623,0.9006
11081,-0.0596,0.0928,0.8723
11082,-0.0510,0.2161,0.9524
11083,0.0320,0.1965,0.9680
11084,0.0850,0.0217,0.9954
11085,0.1353,0.0071,1.0757
11086,0.1069,-0.0906,1.0601
11087,0.0620,-0.0283,1.0461
11088,-0.1191,0.0825,1.0015
11089,-0.2439,0.2244,0.9783
11090,-0.3728,0.2742,0.9026
11091,-0.3884,0.3743,0.9133
11092,-0.3054,0.3599,0.8999
11093,-0.1228,0.1985,0.9133
11094,0.0286,0.0974,0.9963
11095,0.1687,-0.0598,1.0278
11096,0.1609,-0.2063,1.0396
11097,0.0615,-0.1907,1.0591
11098,-0.0503,-0.1865,1.0383
11099,-0.0857,-0.1624,0.9807
11100,-0.0432,-0.0715,0.9590
11101,0.1099,0.0569,0.9419
11102,0.2385,0.0449,0.8804
11103,0.3499,0.0935,0.8989
11104,0.2605,0.0840,0.9399
11105,0.1345,0.0022,0.9644
11106,-0.0332,-0.1243,0.9937
11107,-0.1887,-0.0688,1.0637
11108,-0.2102,-0.1394,1.0405
11109,-0.1279,-0.0935,1.0347
11110,-0.0300,-0.0251,1.0161
11111,0.0601,0.0029,0.9839
11112,0.0732,0.0500,0.9624
11113,-0.0039,0.0344,0.9331
11114,-0.1055,-0.0251,0.9419
11115,-0.1711,-0.0247,0.9709
11116,-0.1602,-0.0691,0.9768
11117,-0.0371,-0.1296,0.9810
11118,0.0916,-0.1814,1.0024
11119,0.2019,-0.2429,0.9995
11120,0.2073,-0.2800,0.9917
11121,0.1667,-0.2566,0.9719
11122,0.0366,-0.2515,0.9504
11123,-0.0173,-0.0400,0.9719
11124,-0.0591,0.0161,0.9165
11125,0.0046,0.1709,0.9475
11126,0.0535,0.1904,0.9585
11127,0.1699,0.2029,1.0159
11128,0.1509,0.0474,0.9807
11129,0.1545,0.0378,1.0598
11130,0.0010,-0.0117,1.0347
11131,-0.1174,0.0237,0.9915
11132,-0.3279,0.1401,0.9729
11133,-0.3872,0.3369,0.9326
11134,-0.4282,0.2734,0.8706
11135,-0.2954,0.4507,0.9517
11136,-0.1870,0.2261,0.9224
11137,0.0510,0.1746,1.0120
11138,0.1350,-0.0891,1.0022
11139,0.1677,-0.1331,1.0972
11140,0.0515,-0.2761,1.0054
11141,-0.0376,-0.1970,1.0435
11142,-0.0979,-0.1472,0.9790
11143,-0.0562,-0.1323,0.9458
11144,0.0935,-0.0059,0.9348
11145,0.2092,-0.0884,0.8667
11146,0.3450,0.0081,0.9399
11147,0.2993,-0.1089,0.9104
11148,0.2034,-0.0901,1.0024
11149,-0.0220,-0.1267,1.0090
11150,-0.1479,-0.1028,1.0383
11151,-0.2427,-0.0632,1.0562
11152,-0.1956,0.0310,1.0347
11153,-0.0950,-0.0176,0.9761
11154,-0.0044,0.1028,1.0051
11155,0.0652,0.0627,0.9458
11156,0.0269,0.0352,0.9192
11157,-0.0623,0.1667,0.9895
11158,-0.0925,0.0823,0.9495
11159,-0.0715,-0.0625,0.9585
11160,-0.0144,-0.0007,1.0569
11161,0.1077,-0.2095,0.9836
11162,0.1892,-0.2791,0.9888
11163,0.1743,-0.1895,1.0188
11164,0.1162,-0.2649,0.9458
11165,0.0229,-0.1628,0.9409
11166,-0.0471,0.0789,0.9358
11167,-0.0649,0.0652,0.8811
11168,-0.0371,0.1772,0.9641
11169,0.0420,0.1350,0.9739
11170,0.1616,0.0247,1.0032
11171,0.1799,0.0234,1.0405
11172,0.1526,-0.0715,1.0317
11173,0.0544,-0.0283,1.0579
11174,-0.1326,0.0854,1.0061
11175,-0.2917,0.1296,0.9456
11176,-0.3743,0.3196,0.9290
11177,-0.4153,0.2444,0.8782
11178,-0.3040,0.2932,0.9280
11179,-0.1702,0.2056,0.9573
11180,0.0371,0.0776,0.9758
11181,0.1255,-0.1357,1.0198
11182,0.1733,-0.0811,1.0930
11183,0.0635,-0.3149,0.9924
11184,0.0027,-0.0725,1.0510
11185,-0.1353,-0.1184,0.9417
11186,-0.0527,-0.0359,0.9524
11187,0.0234,-0.0364,0.9250
11188,0.1917,0.0076,0.9370
11189,0.3171,-0.0776,0.8899
11190,0.3591,0.0667,0.9836
11191,0.2251,-0.0156,0.9524
11192,0.0696,-0.0022,1.0005
11193,-0.1694,0.1094,1.0569
11194,-0.2852,-0.0105,1.0073
11195,-0.2637,-0.0325,1.0244
11196,-0.1785,0.0149,1.0139
11197,-0.0210,-0.0288,0.9429
11198,0.1003,0.0276,0.9446
11199,0.1016,0.0835,0.9683
11200,0.0479,-0.0051,0.9497
11201,-0.0447,0.0017,1.0015
11202,-0.0559,-0.0857,0.9966
11203,-0.0334,-0.2712,1.0015
11204,0.0469,-0.2361,1.0640
11205,0.1321,-0.3152,0.9800
11206,0.1575,-0.2437,0.9731
11207,0.0693,-0.1399,0.9429
11208,0.0239,-0.1016,0.9263
11209,-0.0613,-0.0159,0.9241
11210,-0.0671,0.0225,0.9194
11211,0.0105,0.0425,0.9507
11212,0.1001,0.0303,0.9875
11213,0.2090,0.0186,1.0247
11214,0.2295,-0.0095,1.0359
11215,0.1475,0.0852,1.0647
11216,0.0156,0.0679,1.0122
11217,-0.1575,0.1577,0.9995
11218,-0.3384,0.1846,0.9507
11219,-0.3923,0.2112,0.9534
11220,-0.3735,0.1851,0.9331
11221,-0.3015,0.1213,0.9192
11222,-0.1270,0.1611,0.9741
11223,0.0444,0.1406,0.9556
11224,0.1404,0.0444,0.9534
11225,0.1702,0.0859,1.0247
11226,0.0725,-0.0803,1.0054
11227,-0.0571,-0.1855,1.0083
11228,-0.1155,-0.2024,1.0159
11229,-0.1165,-0.1946,1.0073
11230,0.0183,-0.1902,0.9426
11231,0.1621,-0.0447,0.9614
11232,0.2969,0.0720,0.9417
11233,0.3101,0.0449,0.9153
11234,0.2639,0.1379,1.0051
11235,0.0776,-0.0168,0.9856
11236,-0.0562,-0.0747,1.0227
11237,-0.1836,-0.0698,1.0142
11238,-0.2097,-0.0786,1.0110
11239,-0.1699,-0.0393,0.9612
11240,-0.1152,0.0366,0.9712
11241,-0.0552,0.2158,0.9573
11242,-0.0107,0.0906,0.8918
11243,0.0127,0.1389,0.9807
11244,-0.0093,-0.0046,0.9973
11245,0.0552,-0.0581,1.0442
11246,0.0549,-0.1741,0.9897
11247,0.0554,-0.1238,1.0676
11248,0.0676,-0.2046,0.9895
11249,0.0151,-0.2781,0.9514
11250,0.0198,-0.0906,0.9775
11251,-0.0005,-0.1953,0.8804
11252,0.0371,-0.1045,0.9211
11253,0.0398,-0.0703,0.9338
11254,0.0916,-0.0051,0.9712
11255,0.0681,-0.0388,0.9614
11256,0.1355,0.1375,1.0444
11257,0.0994,0.0662,1.0227
11258,0.0813,0.0940,1.0425
11259,0.0383,0.0522,1.0347
11260,-0.0420,0.0356,1.0110
11261,-0.1538,0.0298,0.9661
11262,-0.2500,0.1194,0.9478
11263,-0.3306,0.2041,0.9058
11264,-0.3601,0.2732,0.9026
11265,-0.2805,0.3186,0.9309
11266,-0.1306,0.2542,0.9485
11267,0.0803,0.1931,1.0015
11268,0.1946,0.0339,1.0220
11269,0.1858,-0.1406,1.0510
11270,0.0862,-0.2534,1.0569
11271,-0.0608,-0.2632,1.0325
11272,-0.1663,-0.2268,0.9771
11273,-0.1138,-0.0898,0.9448
11274,0.0095,-0.0181,0.9087
11275,0.1895,0.0420,0.9172
11276,0.3481,0.0234,0.9133
11277,0.3811,-0.0073,0.9575
11278,0.2678,-0.0632,0.9937
11279,0.0408,-0.1140,1.0295
11280,-0.1880,-0.1484,1.0522
11281,-0.3376,-0.0947,1.0544
11282,-0.3267,-0.0564,1.0015
11283,-0.2166,-0.0012,0.9641
11284,-0.0212,0.1179,0.9495
11285,0.0862,0.0950,0.9165
11286,0.1497,0.2046,0.9653
11287,0.0901,0.1113,0.9263
11288,0.0117,0.0322,0.9878
11289,-0.0483,-0.0122,1.0122
11290,-0.0906,-0.2075,1.0208
11291,-0.0520,-0.2019,1.0542
11292,0.0413,-0.2886,0.9934
11293,0.1047,-0.2595,0.9888
11294,0.1448,-0.1597,0.9624
11295,0.1497,-0.0935,0.9233
11296,0.0635,-0.0286,0.9143
11297,0.0046,0.1135,0.9465
11298,-0.0144,0.0676,0.9338
11299,-0.0054,0.0198,0.9778
11300,0.0693,0.0137,1.0618
11301,0.1145,-0.1187,0.9993
11302,0.0825,-0.0813,1.0491
11303,0.0210,0.0537,1.0132
11304,-0.1328,0.0703,0.9312
11305,-0.3074,0.3538,0.9768
11306,-0.3879,0.3958,0.9016
11307,-0.3657,0.3228,0.9077
11308,-0.2451,0.3635,0.9729
11309,0.0117,0.1921,0.9768
11310,0.2153,0.0403,0.9895
11311,0.2449,-0.0220,1.0442
11312,0.2070,-0.0664,1.0503
11313,-0.0288,-0.1895,0.9780
11314,-0.1863,-0.0374,1.0334
11315,-0.2341,-0.1365,0.9514
11316,-0.1155,-0.1433,0.9487
11317,0.0735,-0.0925,0.9475
11318,0.3481,-0.0876,0.9124
11319,0.4351,-0.1394,0.9250
11320,0.3936,-0.0325,0.9937
11321,0.1443,-0.1450,0.9897
11322,-0.1199,-0.0852,1.0198
11323,-0.3445,-0.1543,1.0139
11324,-0.3772,-0.0874,1.0588
11325,-0.2561,-0.1968,0.9739
11326,-0.0762,-0.0464,0.9966
11327,0.1160,0.1169,0.9497
11328,0.1692,0.1335,0.8911
11329,0.1108,0.2073,0.9575
11330,-0.0078,0.2102,0.9670
11331,-0.0552,0.0830,0.9712
11332,-0.1365,-0.0029,1.0022
11333,-0.0439,-0.1233,1.0337
11334,-0.0027,-0.3218,1.0168
11335,0.0781,-0.2075,1.0588
11336,0.1189,-0.2097,0.9448
11337,0.1157,-0.1362,0.9436
11338,0.0896,0.0854,0.9526
11339,0.0681,0.0129,0.8950
11340,0.0288,0.0701,0.9329
11341,-0.0056,0.0146,0.9692
11342,0.0369,-0.0391,1.0051
11343,0.0291,-0.1367,1.0024
11344,0.0479,-0.0371,1.0588
11345,0.0286,-0.1011,0.9973
11346,-0.0173,0.0271,1.0161
11347,-0.1370,0.1206,0.9790
11348,-0.2395,0.2202,0.9321
11349,-0.3037,0.3210,0.9172
11350,-0.2393,0.3982,0.9456
11351,-0.1475,0.2673,0.9302
11352,0.0222,0.2122,0.9878
11353,0.1611,0.1162,1.0217
11354,0.1926,-0.0613,1.0015
11355,0.1187,-0.1675,1.0227
11356,-0.0281,-0.1489,1.0500
11357,-0.1077,-0.1902,0.9897
11358,-0.1389,-0.1501,0.9585
11359,-0.0576,-0.0056,0.9609
11360,0.1084,0.0322,0.9097
11361,0.2710,0.0435,0.8938
11362,0.2632,0.0430,0.9583
11363,0.2219,-0.0764,0.9722
11364,0.0286,-0.2278,1.0054
11365,-0.1169,-0.1448,1.0610
11366,-0.2527,-0.2710,0.9963
11367,-0.2439,-0.1104,1.0491
11368,-0.1506,-0.0127,0.9985
11369,-0.0015,0.0349,0.9751
11370,0.0520,0.0920,0.9338
11371,0.1089,0.1365,0.9592
11372,0.0891,0.0881,0.9546
11373,-0.0457,-0.0430,0.9604
11374,-0.0718,-0.0364,1.0562
11375,-0.0906,-0.1482,0.9817
11376,-0.0459,-0.1572,0.9934
11377,-0.0181,-0.1353,0.9983
11378,0.0527,-0.1736,0.9702
11379,0.0488,-0.1831,0.9641
11380,0.0581,-0.0515,0.9565
11381,0.0828,-0.1172,0.8889
11382,0.1086,0.0200,0.9487
11383,0.1426,0.1082,0.9670
11384,0.1255,0.0117,0.9514
11385,0.0776,0.0984,1.0132
11386,0.0234,0.0796,1.0129
11387,-0.0842,-0.0002,1.0042
11388,-0.1401,0.0437,1.0356
11389,-0.1650,0.0071,1.0054
11390,-0.1836,0.1326,0.9995
11391,-0.1814,0.2649,0.9465
11392,-0.1162,0.3455,0.9299
11393,-0.0713,0.3567,0.9475
11394,-0.0100,0.2983,0.9683
11395,0.0623,0.1851,0.9556
11396,0.0842,0.0881,1.0032
11397,0.0906,-0.0503,0.9995
11398,0.0007,-0.2117,0.9995
11399,-0.0669,-0.0994,1.0317
11400,-0.1038,-0.1760,0.9456
11401,-0.0715,-0.0750,0.9810
11402,-0.0183,-0.0356,0.9670
11403,0.1313,-0.0518,0.9524
11404,0.2104,-0.0847,0.9417
11405,0.2590,-0.0349,0.9595
11406,0.2036,-0.1428,0.9631
11407,0.0808,-0.1052,1.0171
11408,-0.0745,-0.1638,0.9976
11409,-0.1843,-0.1099,1.0100
11410,-0.2146,-0.0095,1.0022
11411,-0.1851,-0.0125,0.9709
11412,-0.0957,0.0391,0.9915
11413,-0.0237,0.0884,0.9731
11414,0.0015,0.0942,0.9741
11415,0.0513,0.0798,0.9700
11416,0.0532,-0.0500,0.9690
11417,0.0044,-0.0615,1.0210
11418,0.0034,-0.1628,0.9819
11419,0.0000,-0.2419,0.9565
11420,-0.0508,-0.1870,0.9905
11421,0.0024,-0.1909,0.9543
11422,-0.0266,-0.2354,0.9241
11423,0.0264,-0.0569,0.9807
11424,0.0947,-0.1106,0.9524
11425,0.1313,-0.0281,0.9868
11426,0.1382,0.0249,0.9983
11427,0.1248,-0.0095,0.9878
11428,0.0415,-0.0374,0.9976
11429,-0.0291,0.0312,1.0444
11430,-0.0693,0.0088,0.9897
11431,-0.1111,0.0200,0.9592
11432,-0.0955,0.2185,0.9885
11433,-0.1162,0.2571,0.8948
11434,-0.1304,0.3508,0.9319
11435,-0.1379,0.4768,0.9514
11436,-0.0981,0.3057,0.9507
11437,-0.0159,0.3215,1.0110
11438,0.0532,0.1257,1.0083
11439,0.1375,0.0906,1.0396
11440,0.1011,-0.0540,1.0083
11441,0.0737,-0.0195,1.0491
11442,-0.0566,-0.2043,0.9475
11443,-0.1138,-0.1096,0.9917
11444,-0.1030,-0.1306,0.9341
11445,-0.0371,-0.1218,0.9302
11446,0.1074,-0.0696,0.9253
11447,0.1965,-0.0676,0.9360
11448,0.2739,0.0237,0.9563
11449,0.1191,-0.1428,0.9478
11450,0.0227,-0.0500,1.0454
11451,-0.1897,-0.2683,1.0063
11452,-0.2192,-0.1707,1.0952
11453,-0.2302,-0.3130,0.9973
11454,-0.0767,-0.1509,1.0344
11455,-0.0183,-0.0371,0.9526
11456,0.1201,0.1218,0.9380
11457,0.1067,0.1841,0.9146
11458,0.0579,0.1541,0.9612
11459,0.0095,0.0801,0.9614
11460,-0.0779,-0.1377,0.9702
11461,-0.0417,-0.0886,1.0171
11462,-0.0857,-0.2681,0.9797
11463,-0.0266,-0.0952,1.0581
11464,-0.0049,-0.2275,0.9465
11465,0.0286,-0.0271,1.0161
11466,0.0286,-0.0422,0.9282
11467,0.1157,-0.0374,0.9456
11468,0.1353,-0.0293,0.9644
11469,0.1323,-0.0127,0.9819
11470,0.0981,-0.0049,0.9761
11471,0.0544,0.0305,0.9641
11472,-0.0110,0.0713,0.9790
11473,-0.1409,0.1001,1.0005
11474,-0.1392,0.1758,0.9985
11475,-0.1794,0.0776,0.9475
11476,-0.1528,0.2354,1.0044
11477,-0.1462,0.2000,0.9465
11478,-0.0400,0.2910,0.9729
11479,0.0046,0.3203,0.9712
11480,0.0686,0.2656,1.0083
11481,0.1184,0.1440,0.9937
11482,0.0989,0.0293,0.9993
11483,0.0217,-0.0940,0.9963
11484,-0.0264,-0.1604,0.9885
11485,-0.1082,-0.2310,0.9895
11486,-0.1077,-0.1885,0.9817
11487,-0.0273,-0.2114,0.9285
11488,0.0405,-0.1160,0.9534
11489,0.1401,-0.0693,0.9468
11490,0.2166,-0.1113,0.9436
11491,0.1370,-0.1135,0.9866
11492,0.0691,-0.0669,0.9985
11493,-0.0254,-0.1379,0.9944
11494,-0.1548,-0.0852,1.0122
11495,-0.1948,-0.1267,1.0171
11496,-0.1450,-0.0444,1.0366
11497,-0.0959,-0.1155,0.9338
11498,-0.0173,-0.0491,0.9897
11499,0.0540,0.1157,0.9810
11500,0.0859,0.0627,0.9026
11501,0.0603,0.2573,0.9739
11502,0.0281,0.2263,0.9583
11503,-0.0188,0.0569,0.9583
11504,-0.0876,-0.0105,1.0181
11505,-0.0632,-0.1301,1.0190
11506,-0.0552,-0.4216,0.9712
11507,-0.0374,-0.2458,1.0669
11508,0.0474,-0.2473,0.9731
11509,0.0825,-0.0867,0.9250
11510,0.1138,0.2151,0.9670
11511,0.1985,0.2488,0.8989
11512,0.1489,0.1519,0.9185
11513,0.0806,0.2571,1.0217
11514,0.0205,-0.1016,0.9592
11515,-0.0938,-0.1917,1.0325
11516,-0.1882,-0.2190,1.0637
11517,-0.1616,-0.1458,0.9983
11518,-0.2117,0.0032,0.9446
11519,-0.1125,0.4397,0.9827
11520,-0.0696,0.3831,0.8616
11521,0.0046,0.5679,0.9595
11522,0.0715,0.4272,0.9331
11523,0.0876,0.1897,0.9670
11524,0.0601,-0.0129,1.0315
11525,0.0354,-0.1619,1.0659
11526,-0.0400,-0.2751,1.0239
11527,-0.0747,-0.1702,1.0229
11528,-0.0508,-0.0930,0.9878
11529,-0.0701,-0.1143,0.9595
11530,0.0422,-0.0344,0.9575
11531,0.0876,-0.1084,0.9202
11532,0.1819,-0.0178,0.9419
11533,0.1909,-0.1450,0.9224
11534,0.1533,-0.0996,0.9944
11535,-0.0159,-0.1968,0.9973
11536,-0.0745,-0.1157,1.0422
11537,-0.1792,-0.2703,0.9819
11538,-0.1614,-0.1628,1.0327
11539,-0.1177,-0.1711,0.9917
11540,-0.0239,-0.0437,0.9827
11541,-0.0032,0.0144,0.9329
11542,0.0378,0.2114,0.9751
11543,-0.0125,0.1985,0.9290
11544,0.0007,0.1917,0.9468
11545,0.0132,0.1169,0.9778
11546,-0.0017,-0.0688,0.9985
11547,0.0396,-0.1733,1.0208
11548,0.0317,-0.2007,1.0237
11549,-0.0051,-0.2087,1.0083
11550,-0.0427,-0.1804,0.9868
11551,-0.0181,0.0142,0.9907
11552,0.0142,0.0374,0.9241
11553,0.0874,0.1235,0.9309
11554,0.1099,0.0608,0.9370
11555,0.0925,0.0413,0.9878
11556,0.0391,-0.0854,0.9641
11557,-0.0022,-0.0776,0.9983
11558,-0.0710,-0.0254,1.0061
11559,-0.0684,0.0610,0.9858
11560,-0.0945,0.0854,0.9631
11561,-0.1431,0.2307,0.9954
11562,-0.1140,0.2649,0.9500
11563,-0.1157,0.3003,0.9575
11564,-0.1042,0.3274,0.9768
11565,-0.0083,0.1494,0.9690
11566,0.0803,0.1562,1.0229
11567,0.1001,0.0706,1.0054
11568,0.1416,-0.0452,0.9934
11569,0.0537,-0.1328,0.9924
11570,-0.0537,-0.1296,1.0256
11571,-0.0684,-0.2327,0.9612
11572,-0.0979,-0.2429,0.9565
11573,-0.0247,-0.1160,0.9758
11574,0.0913,-0.1187,0.9114
11575,0.1719,-0.0496,0.9275
11576,0.1917,-0.0408,0.9634
11577,0.1865,-0.0591,0.9839
11578,0.0422,-0.1379,0.9956
11579,-0.0723,-0.1223,1.0247
11580,-0.1619,-0.1926,1.0022
11581,-0.1831,-0.0981,1.0356
11582,-0.1514,-0.0168,0.9985
11583,-0.1111,0.0142,0.9563
11584,-0.0430,0.1086,0.9524
11585,-0.0078,0.1284,0.9595
11586,0.0364,0.1350,0.9563
11587,0.0515,0.0627,0.9475
11588,0.0735,0.1265,1.0015
11589,-0.0020,0.0032,0.9634
11590,-0.0256,-0.0378,1.0002
11591,-0.1025,-0.1274,0.9954
11592,-0.0979,-0.1797,0.9998
11593,-0.0461,-0.1870,0.9849
11594,0.0637,-0.0884,0.9888
11595,0.1758,-0.0879,0.9514
11596,0.2539,0.0327,0.9719
11597,0.1917,0.1003,0.9712
11598,0.0747,-0.0063,0.9399
11599,-0.0684,-0.0090,0.9927
11600,-0.1694,0.0144,1.0132
11601,-0.1628,-0.0403,0.9651
11602,-0.1387,0.0354,0.9885
11603,-0.0635,0.1187,0.9895
11604,-0.0283,0.1206,0.9465
11605,-0.0552,0.2671,0.9634
11606,-0.0728,0.3015,0.9573
11607,-0.0686,0.2283,0.9556
11608,-0.0596,0.1951,1.0244
11609,0.0454,0.1101,1.0208
11610,0.0923,-0.1038,0.9741
11611,0.0818,-0.0273,1.0669
11612,0.0266,-0.2053,0.9692
11613,-0.0479,-0.2908,0.9780
11614,-0.1082,-0.1047,1.0093
11615,-0.0942,-0.1482,0.9224
11616,0.0139,-0.0510,0.9106
11617,0.0708,-0.0017,0.9387
11618,0.2424,-0.0205,0.9429
11619,0.2163,-0.1099,0.9446
11620,0.2197,0.0010,1.0208
11621,0.0603,-0.2046,0.9543
11622,-0.0623,-0.0759,1.0610
11623,-0.1851,-0.1206,1.0288
11624,-0.1531,-0.1001,1.0168
11625,-0.1658,0.0117,1.0100
11626,-0.0308,0.1118,0.9858
11627,-0.0027,0.1064,0.9211
11628,0.0068,0.1794,0.9749
11629,-0.0046,0.1360,0.9595
11630,-0.0583,0.0483,0.9524
11631,-0.0576,0.0901,1.0015
11632,-0.0349,-0.0520,0.9438
11633,-0.0222,-0.0913,0.9937
11634,0.0173,-0.0928,0.9839
11635,0.0229,-0.2224,0.9663
11636,0.0076,-0.1807,0.9897
11637,0.0149,-0.1897,0.9927
11638,0.0662,-0.1094,0.9866
11639,0.0957,-0.1206,0.9478
11640,0.1577,0.0090,0.9944
11641,0.1106,-0.0002,0.9546
11642,0.0701,0.0327,0.9800
11643,-0.0439,0.0073,0.9800
11644,-0.1484,-0.0117,0.9973
11645,-0.2002,0.0022,0.9888
11646,-0.2163,0.0674,0.9888
11647,-0.1624,0.1472,0.9495
11648,-0.1082,0.2078,0.9592
11649,0.0391,0.4446,0.9885
11650,0.0942,0.2771,0.9077
11651,0.1594,0.3755,1.0151
11652,0.0972,0.1643,0.9783
11653,0.0461,0.0608,1.0237
11654,-0.0691,-0.1133,0.9807
11655,-0.0784,-0.1750,1.0376
11656,-0.1250,-0.2659,0.9800
11657,-0.0496,-0.2065,0.9817
11658,0.0178,-0.1038,0.9673
11659,0.0737,-0.0569,0.9224
11660,0.1499,0.0100,0.9495
11661,0.1694,0.0193,0.9299
11662,0.1523,-0.0583,0.9409
11663,0.1028,-0.0554,1.0171
11664,0.0383,-0.1326,1.0083
11665,-0.0798,-0.2385,1.0413
11666,-0.1233,-0.1235,1.0442
11667,-0.1536,-0.2051,0.9875
11668,-0.0964,0.0244,1.0002
11669,-0.1074,0.0120,0.9348
11670,-0.0349,0.2004,0.9709
11671,-0.0403,0.1311,0.8928
11672,0.0081,0.2200,0.9836
11673,0.0024,0.0442,0.9397
11674,0.0364,0.0188,1.0151
11675,0.0259,-0.1396,0.9937
11676,0.0154,-0.1741,1.0002
11677,-0.0022,-0.1646,1.0247
11678,-0.0312,-0.1736,0.9875
11679,-0.0383,-0.1685,0.9797
11680,-0.0322,-0.0227,0.9788
11681,0.0671,-0.0186,0.9302
11682,0.1411,0.0210,0.9243
11683,0.1768,0.0374,0.9602
11684,0.1379,0.0776,0.9741
11685,0.0583,-0.0388,0.9475
11686,-0.0959,0.0366,1.0256
11687,-0.1865,-0.0693,1.0017
11688,-0.1870,-0.0645,1.0190
11689,-0.1396,-0.0237,1.0015
11690,-0.0798,0.0798,0.9836
11691,-0.0266,0.2124,0.9819
11692,-0.0090,0.3442,0.9585
11693,-0.0020,0.3425,0.9370
11694,-0.0283,0.3672,0.9771
11695,-0.0020,0.2463,0.9690
11696,0.0251,0.0449,0.9739
11697,0.0090,-0.0684,1.0249
11698,-0.0171,-0.2371,0.9946
11699,-0.0269,-0.2954,0.9915
11700,-0.0896,-0.1875,1.0061
11701,-0.0920,-0.2134,0.9426
11702,-0.0381,-0.0657,0.9680
11703,0.0657,0.0757,0.9438
11704,0.1980,0.0559,0.8960
11705,0.3220,0.1704,0.9692
11706,0.3320,0.0698,0.9797
11707,0.2229,-0.0710,1.0103
11708,0.0151,-0.1404,1.0464
11709,-0.1875,-0.2690,1.0168
11710,-0.3086,-0.2693,1.0259
11711,-0.2966,-0.1233,1.0276
11712,-0.1577,-0.0715,0.9575
11713,-0.0061,0.1602,0.9495
11714,0.0725,0.2522,0.9214
11715,0.1106,0.2305,0.9155
11716,0.0427,0.1553,0.9614
11717,-0.0361,0.0269,1.0051
11718,-0.0637,-0.2158,0.9731
11719,-0.0667,-0.2222,1.0520
11720,-0.0586,-0.3035,1.0188
11721,-0.0005,-0.3591,0.9839
11722,0.0164,-0.1943,1.0210
11723,0.0564,-0.0825,0.9539
11724,0.1033,-0.0674,0.9019
11725,0.1353,0.1333,0.9592
11726,0.1182,0.0801,0.9458
11727,0.1125,0.0750,0.9543
11728,-0.0054,0.0957,0.9827
11729,-0.0896,0.0781,0.9934
11730,-0.1648,-0.0806,0.9846
11731,-0.1912,-0.0029,1.0491
11732,-0.2104,-0.0466,0.9917
11733,-0.1101,0.1411,0.9819
11734,-0.0696,0.2168,0.9329
11735,0.0059,0.3774,0.9663
11736,0.0808,0.4097,0.9370
11737,0.0869,0.3945,0.9575
11738,0.0520,0.2756,0.9749
11739,-0.0015,0.0342,0.9985
11740,-0.0603,-0.1221,1.0413
11741,-0.1013,-0.2769,1.0100
11742,-0.0901,-0.3035,1.0220
11743,-0.0386,-0.3296,0.9758
11744,0.0332,-0.2036,0.9856
11745,0.1438,-0.0479,0.9507
11746,0.1892,0.0266,0.8989
11747,0.2559,0.0708,0.9495
11748,0.2058,0.0610,0.9526
11749,0.1477,-0.0642,0.9653
11750,-0.0010,-0.1157,0.9917
11751,-0.0706,-0.2244,1.0229
11752,-0.1545,-0.2957,1.0249
11753,-0.1404,-0.1653,1.0491
11754,-0.0898,-0.0967,0.9712
11755,-0.0134,-0.0212,0.9575
11756,-0.0383,0.1604,0.9768
11757,-0.0801,0.1331,0.9338
11758,-0.1130,0.1946,0.9387
11759,-0.1411,0.1636,0.9546
11760,-0.0830,0.0994,0.9907
11761,0.0205,-0.0483,0.9700
11762,0.0925,-0.1230,1.0171
11763,0.1243,-0.2175,1.0073
11764,0.0715,-0.2720,1.0061
11765,0.0276,-0.2002,0.9929
11766,0.0005,-0.1465,0.9702
11767,0.0288,0.0203,0.9641
11768,0.0718,0.0662,0.9351
11769,0.1570,0.2200,0.9602
11770,0.0969,0.1392,0.9263
11771,0.0730,0.1931,0.9946
11772,-0.0842,0.0488,0.9768
11773,-0.1384,0.0352,1.0269
11774,-0.2065,-0.0642,0.9995
11775,-0.1665,0.0627,1.0171
11776,-0.1462,0.0920,0.9524
11777,-0.1069,0.2690,0.9761
11778,-0.0535,0.2944,0.9390
11779,-0.0278,0.2800,0.9497
11780,0.0520,0.2866,0.9858
11781,0.0674,0.0901,0.9543
11782,0.0552,0.0291,1.0266
11783,-0.0100,-0.0916,1.0005
11784,-0.0493,-0.2317,1.0005
11785,-0.1084,-0.2070,1.0229
11786,-0.0356,-0.2737,0.9604
11787,0.0205,-0.2332,0.9663
11788,0.1394,-0.0366,0.9788
11789,0.2632,-0.0886,0.9036
11790,0.2925,0.0168,0.9700
11791,0.2397,0.0625,0.9563
11792,0.1277,-0.0938,0.9712
11793,-0.0208,0.0068,1.0454
11794,-0.1753,-0.2029,1.0186
11795,-0.1335,-0.1714,1.0491
11796,-0.1396,-0.2146,0.9895
11797,-0.0383,-0.0920,0.9995
11798,-0.0276,-0.0671,0.9194
11799,-0.0469,0.1067,0.9661
11800,-0.1541,0.0605,0.9045
11801,-0.1685,0.1226,0.9448
11802,-0.1584,0.0798,0.9575
11803,-0.0615,-0.0537,0.9937
11804,0.0974,-0.1055,1.0266
11805,0.1521,-0.2488,1.0200
11806,0.1606,-0.1824,1.0315
11807,0.0439,-0.2739,0.9856
11808,0.0156,-0.1169,1.0024
11809,-0.0813,-0.0981,0.9456
11810,0.0054,0.0903,0.9556
11811,0.0835,0.0562,0.8899
11812,0.1848,0.1890,0.9614
11813,0.1638,0.1321,0.9573
11814,0.1089,0.1313,0.9722
11815,-0.0457,0.0586,1.0046
11816,-0.1401,0.1218,1.0464
11817,-0.2205,0.0798,0.9983
11818,-0.2510,0.2324,1.0029
11819,-0.2004,0.2451,0.9495
11820,-0.1624,0.2366,0.9387
11821,-0.1125,0.1868,0.9739
11822,-0.0112,0.1975,0.9661
11823,0.0471,0.0798,0.9465
11824,0.0708,0.1658,1.0159
11825,0.0378,-0.0408,0.9878
11826,-0.0100,-0.1199,1.0112
11827,-0.0757,-0.1890,1.0073
11828,-0.0486,-0.1882,0.9907
11829,0.0017,-0.2524,0.9573
11830,0.1069,-0.1021,0.9700
11831,0.2087,-0.0852,0.9360
11832,0.2795,0.0620,0.9409
11833,0.2654,-0.0215,0.9165
11834,0.1863,0.0203,1.0100
11835,0.0344,-0.0864,1.0198
11836,-0.0659,-0.1799,1.0132
11837,-0.1619,-0.1519,1.0608
11838,-0.1365,-0.0923,1.0364
11839,-0.0864,-0.1775,0.9634
11840,-0.0273,0.0796,1.0042
11841,-0.0410,0.0610,0.9026
11842,-0.0674,0.0872,0.9028
11843,-0.1853,0.0950,0.9475
11844,-0.1687,0.0054,0.9612
11845,-0.1177,-0.1035,0.9556
11846,0.0020,0.0049,1.0471
11847,0.1477,-0.1963,0.9749
11848,0.1819,-0.2234,1.0322
11849,0.1416,-0.1047,1.0676
11850,0.0483,-0.2173,0.9534
11851,-0.0120,-0.1360,0.9651
11852,-0.0811,-0.0134,0.9771
11853,0.0151,0.0159,0.9211
11854,0.0405,0.0603,0.8958
11855,0.1379,0.2415,0.9602
11856,0.1536,0.0540,0.9116
11857,0.0554,0.1333,1.0337
11858,-0.0317,0.1196,1.0107
11859,-0.1023,0.0381,1.0054
11860,-0.1873,0.2124,1.0447
11861,-0.2007,0.1365,0.9885
11862,-0.1963,0.2285,0.9893
11863,-0.2405,0.2480,0.9458
11864,-0.1284,0.2559,0.9595
11865,-0.0720,0.1904,0.9260
11866,0.0269,0.1660,0.9897
11867,0.0984,0.0098,0.9729
11868,0.0811,-0.1108,1.0208
11869,0.0188,-0.2009,1.0322
11870,-0.0442,-0.3384,0.9866
11871,-0.0588,-0.1760,1.0278
11872,-0.0076,-0.2146,0.9390
11873,0.1074,-0.0957,0.9553
11874,0.1787,0.0159,0.9292
11875,0.2808,0.0237,0.9202
11876,0.2905,-0.0427,0.9290
11877,0.1848,-0.0632,0.9944
11878,0.0723,-0.1343,1.0208
11879,-0.0884,-0.1475,1.0386
11880,-0.1353,-0.1194,1.0376
11881,-0.1672,-0.1487,1.0317
11882,-0.0645,-0.0178,1.0247
11883,-0.0527,-0.0725,0.9409
11884,0.0171,0.1240,0.9731
11885,-0.0901,0.0627,0.9028
11886,-0.1089,0.0957,0.9517
11887,-0.1941,0.0137,0.9143
11888,-0.1377,-0.0134,0.9954
11889,-0.0449,-0.0730,0.9866
11890,0.1067,-0.1665,1.0032
11891,0.1899,-0.1138,1.0452
11892,0.1841,-0.2053,0.9817
11893,0.1331,-0.1426,0.9968
11894,-0.0332,-0.0913,0.9658
11895,-0.0498,0.0034,0.9290
11896,-0.0776,0.0173,0.9204
11897,0.0049,0.2334,0.9758
11898,0.0842,0.0605,0.8889
11899,0.1799,0.2349,1.0269
11900,0.1455,0.1763,0.9937
11901,0.1187,0.0750,1.0247
11902,-0.0166,0.1199,1.0503
11903,-0.1624,0.0754,1.0315
11904,-0.2488,0.1035,0.9712
11905,-0.3716,0.2056,0.9551
11906,-0.3811,0.3044,0.9417
11907,-0.2969,0.1921,0.8938
11908,-0.0979,0.2603,0.9692
11909,0.0100,0.0801,0.9497
11910,0.2012,-0.0002,0.9924
11911,0.1262,-0.2415,0.9963
11912,0.0806,-0.1960,1.0686
11913,-0.0906,-0.3560,0.9934
11914,-0.0728,-0.2029,1.0200
11915,-0.0349,-0.2397,0.9438
11916,0.1416,-0.0999,0.9858
11917,0.2957,-0.0972,0.8989
11918,0.3960,-0.0366,0.9338
11919,0.3569,0.0017,0.9417
11920,0.1545,-0.1047,0.9651
11921,-0.0571,-0.0217,1.0432
11922,-0.2295,-0.1057,1.0112
11923,-0.2283,-0.0593,1.0422
11924,-0.1912,-0.0928,1.0129
11925,0.0024,-0.0022,1.0186
11926,0.0508,-0.0396,0.9475
11927,0.0527,0.0864,0.9683
11928,-0.0664,0.0383,0.9292
11929,-0.1433,0.0703,0.9436
11930,-0.2021,0.0303,0.9495
11931,-0.1213,0.0203,0.9973
11932,0.0249,-0.0828,0.9905
11933,0.1562,-0.1533,1.0210
11934,0.2178,-0.1360,1.0266
11935,0.1770,-0.2375,0.9673
11936,0.0930,-0.1409,1.0044
11937,-0.0393,-0.0979,0.9653
11938,-0.0586,-0.0369,0.9387
11939,-0.0498,0.1094,0.9143
11940,0.0264,0.2227,0.9351
11941,0.1113,0.1956,0.9153
11942,0.1538,0.2219,1.0027
11943,0.1702,0.1943,1.0229
11944,0.0842,-0.0112,0.9993
11945,-0.0615,0.0959,1.0601
11946,-0.2231,0.0552,0.9858
11947,-0.3657,0.1279,0.9829
11948,-0.4758,0.2053,0.9573
11949,-0.3774,0.2271,0.9370
11950,-0.2429,0.2102,0.9417
11951,0.0142,0.1729,0.9583
11952,0.1824,-0.0640,0.9602
11953,0.2256,-0.0503,1.0549
11954,0.1282,-0.1697,1.0151
11955,-0.0081,-0.2056,1.0110
11956,-0.1416,-0.1506,1.0044
11957,-0.1086,-0.1401,0.9924
11958,-0.0017,-0.1147,0.9536
11959,0.1936,-0.0515,0.9546
11960,0.3442,-0.0669,0.9329
11961,0.3794,-0.0759,0.9290
11962,0.2871,-0.0095,0.9604
11963,0.0872,-0.0186,0.9690
11964,-0.1401,-0.0557,0.9956
11965,-0.2561,-0.0396,1.0376
11966,-0.2556,-0.0886,1.0090
11967,-0.1479,-0.1167,0.9937
11968,0.0244,-0.0737,0.9895
11969,0.1172,-0.0535,0.9680
11970,0.0747,0.0010,0.9719
11971,-0.0115,0.0388,0.9612
11972,-0.1140,-0.0083,0.9517
11973,-0.1865,0.0579,1.0051
11974,-0.0923,-0.0088,0.9751
11975,0.0361,-0.1248,0.9944
11976,0.1558,-0.1006,1.0288
11977,0.1956,-0.2224,0.9722
11978,0.1182,-0.1348,0.9758
11979,0.0352,-0.0525,0.9321
11980,-0.0479,-0.0166,0.9253
11981,-0.1018,0.1353,0.9458
11982,-0.0251,0.1699,0.9312
11983,0.1086,0.1755,0.9485
11984,0.1714,0.1277,1.0168
11985,0.2776,0.0842,1.0474
11986,0.2148,-0.0471,1.0325
11987,0.0884,0.0959,1.0774
11988,-0.1072,-0.0195,0.9626
11989,-0.3142,0.1414,1.0081
11990,-0.4485,0.1887,0.9280
11991,-0.4968,0.1494,0.9075
11992,-0.4314,0.2571,0.9221
11993,-0.2537,0.1355,0.9026
11994,0.0078,0.1169,0.9680
11995,0.1116,-0.0630,0.9761
11996,0.2346,-0.1018,1.0825
11997,0.1130,-0.2542,1.0278
11998,0.0317,-0.1746,1.0667
11999,-0.0713,-0.1963,0.9810
12000,-0.0437,-0.0735,0.9895
12001,0.0640,-0.0491,0.9409
12002,0.2043,-0.0337,0.9331
12003,0.3647,0.0142,0.9368
12004,0.3394,-0.0789,0.9114
12005,0.2896,-0.0081,0.9692
12006,0.0269,-0.1111,0.9751
12007,-0.1575,-0.0479,1.0452
12008,-0.3040,-0.1091,0.9897
12009,-0.2515,0.0571,1.0444
12010,-0.1187,0.0117,0.9651
12011,0.0828,-0.0190,0.9856
12012,0.1506,0.0334,0.9917
12013,0.0945,-0.0247,0.9556
12014,-0.0364,0.0085,0.9524
12015,-0.1882,-0.0300,0.9504
12016,-0.2280,-0.0278,1.0151
12017,-0.1582,-0.0999,1.0022
12018,0.0474,-0.0928,0.9927
12019,0.1814,-0.1123,0.9849
12020,0.2690,-0.1213,0.9739
12021,0.2024,-0.2183,0.9417
12022,0.0518,-0.0767,0.9829
12023,-0.0696,-0.0657,0.9153
12024,-0.1196,0.0278,0.9458
12025,-0.0605,0.1619,0.9683
12026,0.0742,0.1150,0.9739
12027,0.2268,0.1716,1.0181
12028,0.2952,0.0859,1.0151
12029,0.2676,0.0537,1.0627
12030,0.0349,-0.0242,1.0081
12031,-0.1670,0.0518,1.0227
12032,-0.4146,0.1663,0.9641
12033,-0.5229,0.2087,0.9048
12034,-0.5232,0.2732,0.9143
12035,-0.3630,0.3479,0.9172
12036,-0.1440,0.1848,0.8899
12037,0.0840,0.1233,0.9729
12038,0.2151,-0.0566,1.0210
12039,0.1851,-0.2434,1.0493
12040,0.0657,-0.2129,1.0686
12041,-0.0833,-0.1709,1.0337
12042,-0.1145,-0.1270,0.9861
12043,-0.0637,-0.0352,0.9927
12044,0.1277,0.0129,0.9419
12045,0.2793,-0.0679,0.9094
12046,0.4146,0.0166,0.9373
12047,0.3557,-0.1550,0.9077
12048,0.2063,-0.0581,1.0073
12049,-0.0569,-0.1248,0.9729
12050,-0.2180,-0.0471,1.0286
12051,-0.3042,-0.0325,1.0181
12052,-0.1882,-0.0281,1.0149
12053,-0.0090,-0.0239,0.9846
12054,0.1018,0.0593,0.9846
12055,0.1431,0.0986,0.9707
12056,0.0139,0.0254,0.9331
12057,-0.1243,0.0640,0.9827
12058,-0.2173,-0.0342,0.9585
12059,-0.1699,-0.0527,1.0100
12060,-0.0251,-0.1562,0.9907
12061,0.1382,-0.2297,1.0198
12062,0.2312,-0.1938,1.0129
12063,0.2039,-0.2224,0.9556
12064,0.1052,-0.1006,0.9634
12065,-0.0469,-0.1218,0.9155
12066,-0.1011,-0.0081,0.9563
12067,-0.1289,0.0383,0.9397
12068,0.0256,0.0779,0.9409
12069,0.1199,0.0269,0.9644
12070,0.2815,0.1472,1.0649
12071,0.3069,-0.0271,0.9907
12072,0.2180,0.0337,1.0542
12073,-0.0017,0.1047,1.0356
12074,-0.2087,0.0781,0.9631
12075,-0.4001,0.2090,0.9592
12076,-0.4978,0.2537,0.9329
12077,-0.4858,0.1782,0.9126
12078,-0.3440,0.1987,0.9507
12079,-0.1577,0.1450,0.9390
12080,0.0200,0.0557,0.9731
12081,0.1611,0.0505,1.0171
12082,0.1606,-0.1072,1.0286
12083,0.0918,-0.1001,1.0620
12084,-0.0139,-0.1411,1.0042
12085,-0.0474,-0.1335,0.9771
12086,-0.0095,-0.0913,0.9436
12087,0.1470,0.0007,0.9458
12088,0.2593,0.0337,0.9089
12089,0.3394,0.0625,0.9126
12090,0.2881,0.0093,0.9446
12091,0.1592,-0.0166,0.9976
12092,-0.0576,-0.0867,1.0168
12093,-0.1812,-0.0618,1.0562
12094,-0.2388,-0.1316,1.0403
12095,-0.1423,-0.0986,1.0374
12096,-0.0217,-0.0544,1.0122
12097,0.0972,0.0388,0.9543
12098,0.0977,0.0269,0.9067
12099,0.0098,0.1775,0.9592
12100,-0.1553,0.0334,0.9075
12101,-0.2349,-0.0090,0.9644
12102,-0.2126,-0.0574,1.0005
12103,-0.0557,-0.1929,1.0129
12104,0.1226,-0.2622,1.0334
12105,0.2703,-0.2593,1.0422
12106,0.2935,-0.2651,0.9988
12107,0.1785,-0.2236,0.9553
12108,0.0161,-0.0769,0.9595
12109,-0.1252,-0.0417,0.9028
12110,-0.1523,0.0964,0.9114
12111,-0.0706,0.1375,0.9143
12112,0.1033,0.1367,0.9683
12113,0.2759,0.0479,0.9866
12114,0.3081,0.0591,1.0510
12115,0.2283,0.0754,1.0562
12116,0.0366,-0.0046,1.0093
12117,-0.2207,0.0764,1.0366
12118,-0.4050,0.1506,0.9875
12119,-0.4529,0.1965,0.9084
12120,-0.4490,0.3303,0.9221
12121,-0.3120,0.3303,0.9146
12122,-0.1387,0.1841,0.9214
12123,-0.0076,0.1465,0.9761
12124,0.1152,0.0098,1.0068
12125,0.1460,-0.1438,1.0159
12126,0.0735,-0.1528,1.0825
12127,-0.0034,-0.1313,1.0491
12128,-0.0513,-0.1604,0.9731
12129,-0.0127,-0.0129,0.9761
12130,0.0745,0.0122,0.9253
12131,0.2024,-0.0291,0.9126
12132,0.2917,-0.0496,0.9260
12133,0.2771,-0.0691,0.9380
12134,0.1636,-0.0786,0.9907
12135,0.0239,-0.0845,0.9897
12136,-0.1465,-0.1042,1.0198
12137,-0.2236,0.0205,1.0464
12138,-0.2021,-0.0564,0.9878
12139,-0.0850,-0.0278,1.0054
12140,0.0044,-0.0669,0.9875
12141,0.0886,-0.0178,0.9653
12142,0.0293,0.0078,0.9260
12143,0.0007,0.1169,0.9514
12144,-0.0652,-0.0237,0.9250
12145,-0.0762,0.0781,1.0425
12146,-0.0527,-0.0413,0.9941
12147,0.0674,-0.1467,0.9937
12148,0.0925,-0.1914,1.0295
12149,0.1323,-0.2446,1.0110
12150,0.1470,-0.2739,0.9670
12151,0.0640,-0.1658,0.9592
12152,-0.0015,-0.0979,0.9231
12153,-0.0232,0.0354,0.9282
12154,-0.0193,0.1562,0.9282
12155,0.0654,0.1404,0.9280
12156,0.1853,0.1167,0.9907
12157,0.2239,0.0195,1.0327
12158,0.1968,-0.1157,1.0413
12159,0.0876,-0.0747,1.0542
12160,-0.1479,0.0107,1.0151
12161,-0.3484,0.1208,0.9719
12162,-0.4556,0.2178,0.9233
12163,-0.5493,0.2979,0.9263
12164,-0.4304,0.3879,0.9202
12165,-0.2007,0.2739,0.8892
12166,0.0059,0.2256,0.9614
12167,0.1467,0.0825,1.0225
12168,0.2336,-0.0896,1.0295
12169,0.0845,-0.1997,1.0452
12170,0.0042,-0.1204,1.0657
12171,-0.1079,-0.2478,0.9702
12172,-0.0593,-0.0752,1.0083
12173,0.0366,-0.0371,0.9475
12174,0.2485,0.0107,0.9133
12175,0.3318,-0.0076,0.9038
12176,0.3955,0.0281,0.9426
12177,0.2407,-0.1282,0.9260
12178,0.0410,-0.0737,1.0352
12179,-0.1763,-0.1213,1.0127
12180,-0.2551,-0.1440,1.0181
12181,-0.2434,-0.0125,1.0259
12182,-0.0928,-0.0164,0.9846
12183,0.0330,-0.0098,0.9771
12184,0.1147,0.0435,0.9885
12185,0.0825,0.0156,0.9673
12186,-0.0408,-0.0110,0.9377
12187,-0.1235,0.0281,0.9905
12188,-0.1497,-0.0461,0.9966
12189,-0.0854,-0.1252,1.0083
12190,0.0408,-0.1711,1.0151
12191,0.1367,-0.2507,0.9907
12192,0.1980,-0.2600,0.9641
12193,0.1653,-0.2327,0.9609
12194,0.0989,-0.1343,0.9409
12195,0.0081,-0.0486,0.9290
12196,-0.0540,0.1252,0.9290
12197,-0.0540,0.1448,0.9341
12198,0.0417,0.1970,0.9719
12199,0.1450,0.1133,1.0151
12200,0.2217,0.1318,1.0444
12201,0.2075,-0.0005,1.0100
12202,0.0901,0.1206,1.0444
12203,-0.1243,0.1062,0.9846
12204,-0.3137,0.2053,0.9543
12205,-0.4724,0.2361,0.9358
12206,-0.4849,0.3110,0.9331
12207,-0.3855,0.1816,0.9114
12208,-0.1567,0.2251,0.9731
12209,0.0403,0.0671,0.9641
12210,0.2026,0.0227,1.0081
12211,0.2214,-0.1030,1.0200
12212,0.1274,-0.1396,1.0452
12213,-0.0266,-0.2583,1.0120
12214,-0.0950,-0.1643,1.0078
12215,-0.1128,-0.1729,0.9419
12216,0.0427,-0.0251,0.9487
12217,0.1531,-0.0757,0.8931
12218,0.2644,0.0269,0.9573
12219,0.2847,-0.0205,0.9241
12220,0.1853,-0.0972,0.9722
12221,0.0181,-0.1204,1.0493
12222,-0.1223,-0.1458,1.0364
12223,-0.1970,-0.1519,1.0256
12224,-0.2065,-0.0110,1.0151
12225,-0.0901,0.0020,0.9722
12226,-0.0137,0.0754,0.9595
12227,0.0327,0.1277,0.9670
12228,0.0452,0.0901,0.9204
12229,-0.0020,0.0107,0.9478
12230,-0.0486,0.0483,1.0034
12231,-0.0574,-0.1431,0.9709
12232,-0.0127,-0.1167,1.0305
12233,0.0298,-0.1404,1.0210
12234,0.0916,-0.1396,0.9897
12235,0.0857,-0.1221,0.9641
12236,0.1072,-0.0325,0.9390
12237,0.0308,-0.0984,0.9065
12238,0.0515,0.0774,0.9680
12239,0.0056,-0.0603,0.9016
12240,0.0618,0.0210,0.9993
12241,0.0923,-0.0122,1.0054
12242,0.1575,-0.0078,1.0376
12243,0.1509,0.0454,1.0354
12244,0.1357,0.0791,1.0425
12245,0.0234,0.0469,0.9895
12246,-0.0945,0.1494,1.0100
12247,-0.2495,0.1670,0.9355
12248,-0.3560,0.0930,0.8872
12249,-0.4080,0.2629,0.9563
12250,-0.4021,0.1211,0.9045
12251,-0.2632,0.1467,0.9526
12252,-0.1179,0.1147,0.9944
12253,0.0815,0.0500,1.0103
12254,0.1428,-0.1418,0.9995
12255,0.1235,-0.0491,1.0845
12256,-0.0020,-0.2334,0.9973
12257,-0.0750,-0.1738,1.0051
12258,-0.1350,-0.1516,0.9641
12259,-0.0110,-0.0427,0.9399
12260,0.1697,-0.0156,0.8950
12261,0.3354,0.1135,0.9309
12262,0.4175,0.0886,0.9358
12263,0.3875,0.0618,0.9565
12264,0.1848,-0.0237,1.0122
12265,-0.0537,-0.0435,1.0542
12266,-0.2578,-0.1548,1.0432
12267,-0.3306,-0.0671,1.0435
12268,-0.2886,-0.0378,0.9917
12269,-0.1191,0.0491,0.9663
12270,0.0181,0.0894,0.9397
12271,0.1167,0.1472,0.9614
12272,0.0637,-0.0032,0.9133
12273,0.0115,-0.0215,0.9778
12274,-0.0469,-0.1072,0.9839
12275,-0.0525,-0.2085,0.9954
12276,-0.0215,-0.2102,1.0256
12277,0.0605,-0.2202,1.0129
12278,0.1416,-0.1758,0.9670
12279,0.1453,-0.1025,0.9631
12280,0.1301,-0.0330,0.9517
12281,0.0552,-0.1194,0.9309
12282,-0.0081,0.0630,0.9878
12283,-0.0476,-0.0144,0.9231
12284,0.0227,0.1357,1.0034
12285,0.0886,0.1013,0.9888
12286,0.1794,0.1077,1.0217
12287,0.1577,0.1013,1.0081
12288,0.1243,0.0901,0.9946
12289,-0.0083,0.0281,0.9832
12290,-0.2004,0.0977,0.9907
12291,-0.3435,0.1228,0.9612
12292,-0.4099,0.2302,0.9407
12293,-0.4077,0.2437,0.9351
12294,-0.2749,0.1963,0.9692
12295,-0.0969,0.0957,0.9846
12296,0.0676,-0.0081,1.0112
12297,0.1680,-0.0962,1.0256
12298,0.1565,-0.2021,1.0054
12299,0.0410,-0.2244,1.0024
12300,-0.0911,-0.1140,0.9683
12301,-0.1550,-0.0930,0.9114
12302,-0.0962,-0.0198,0.9297
12303,0.0442,-0.0364,0.9514
12304,0.2302,-0.0220,0.9631
12305,0.3970,-0.0383,0.9543
12306,0.4006,0.0391,1.0024
12307,0.2544,-0.0256,1.0178
12308,0.0166,-0.0112,1.0452
12309,-0.2271,-0.0125,1.0474
12310,-0.3613,-0.0103,0.9827
12311,-0.3267,-0.0723,0.9690
12312,-0.1528,0.0713,0.9702
12313,0.0056,-0.0298,0.9097
12314,0.1577,0.1252,0.9651
12315,0.1399,0.0283,0.9292
12316,0.0933,0.0383,1.0012
12317,-0.0591,-0.0845,0.9905
12318,-0.0942,-0.0813,1.0559
12319,-0.0969,-0.2466,0.9993
12320,0.0059,-0.2068,1.0439
12321,0.1147,-0.2200,0.9768
12322,0.1731,-0.2244,0.9429
12323,0.1836,-0.0891,0.9436
12324,0.1079,-0.0867,0.8938
12325,0.0359,0.0532,0.9214
12326,-0.0300,0.1257,0.9153
12327,-0.0103,0.1538,0.9761
12328,0.0459,0.0515,1.0012
12329,0.1372,0.0837,1.0706
12330,0.1782,0.0134,1.0356
12331,0.1292,-0.0271,1.0161
12332,0.0056,0.0339,1.0356
12333,-0.2097,0.0720,0.9875
12334,-0.3989,0.1633,0.9468
12335,-0.4880,0.2483,0.9055
12336,-0.4695,0.2600,0.9084
12337,-0.2993,0.2310,0.9370
12338,-0.0168,0.1682,0.9670
12339,0.1858,0.0178,0.9731
12340,0.2888,-0.0720,1.0132
12341,0.2151,-0.1211,1.0444
12342,0.0188,-0.2041,1.0100
12343,-0.1772,-0.1787,1.0024
12344,-0.2263,-0.0972,0.9846
12345,-0.1211,-0.0613,0.9536
12346,0.1238,0.0134,0.9319
12347,0.3098,-0.0015,0.9575
12348,0.4299,0.0205,0.9575
12349,0.3582,-0.0740,0.9680
12350,0.1765,-0.0029,1.0237
12351,-0.0969,-0.1404,0.9741
12352,-0.2920,-0.0068,1.0471
12353,-0.3667,0.0029,0.9810
12354,-0.2925,-0.0364,0.9556
12355,-0.1082,0.0730,1.0002
12356,0.0574,0.0120,0.9409
12357,0.1545,-0.0125,0.9604
12358,0.1309,0.0535,0.9575
12359,0.0916,0.0408,1.0024
12360,-0.0139,0.0081,0.9895
12361,-0.0840,-0.0337,1.0305
12362,-0.0554,-0.1106,1.0308
12363,-0.0337,-0.2629,0.9790
12364,0.0457,-0.2837,0.9944
12365,0.0984,-0.3176,0.9380
12366,0.1235,-0.2476,0.9368
12367,0.0703,-0.0627,0.9309
12368,0.0581,0.1187,0.9126
12369,0.0107,0.1736,0.9329
12370,0.0427,0.2407,0.9888
12371,0.0930,0.1216,0.9985
12372,0.1494,0.0449,1.0471
12373,0.1577,-0.0762,1.0520
12374,0.1057,-0.1162,1.0571
12375,-0.0317,0.0110,1.0259
12376,-0.1982,0.1465,0.9604
12377,-0.3521,0.2793,0.9146
12378,-0.4507,0.3340,0.8979
12379,-0.4324,0.3010,0.9241
12380,-0.2939,0.1851,0.9341
12381,-0.0593,0.0684,0.9700
12382,0.1479,-0.0164,1.0100
12383,0.2522,-0.1174,1.0366
12384,0.1941,-0.1741,1.0229
12385,0.0188,-0.1697,1.0415
12386,-0.1323,-0.1282,1.0015
12387,-0.1736,-0.2219,0.9485
12388,-0.0801,-0.0535,0.9946
12389,0.1101,-0.0962,0.9087
12390,0.3374,0.0195,0.9299
12391,0.4084,0.1030,0.9399
12392,0.3967,0.0659,0.9468
12393,0.1836,0.0186,0.9866
12394,-0.1006,0.0588,1.0598
12395,-0.2974,-0.1182,1.0044
12396,-0.3726,-0.1814,1.0171
12397,-0.2966,-0.0691,1.0364
12398,-0.1018,-0.0496,0.9409
12399,0.0576,0.0972,0.9536
12400,0.1221,0.2676,0.9468
12401,0.1057,0.1550,0.9302
12402,0.0437,0.1204,0.9719
12403,-0.0632,-0.0708,0.9739
12404,-0.0469,-0.1519,1.0520
12405,-0.0293,-0.3198,1.0037
12406,0.0183,-0.3657,1.0461
12407,0.1025,-0.3137,1.0029
12408,0.1128,-0.2983,0.9436
12409,0.0989,-0.0547,0.9390
12410,0.0435,0.0195,0.8765
12411,0.0186,0.1143,0.9214
12412,0.0015,0.1147,0.9302
12413,0.0549,0.0974,1.0002
12414,0.0874,-0.0149,1.0032
12415,0.1506,-0.0300,1.0513
12416,0.1545,-0.0305,1.0474
12417,0.0464,-0.0361,1.0198
12418,-0.0647,0.1091,1.0110
12419,-0.2156,0.1819,0.9583
12420,-0.3425,0.2769,0.9387
12421,-0.3950,0.2769,0.9058
12422,-0.3174,0.2913,0.9329
12423,-0.1738,0.1853,0.9290
12424,0.0198,0.1545,0.9907
12425,0.1541,0.0593,1.0002
12426,0.2024,-0.0471,1.0044
12427,0.1055,-0.1311,1.0298
12428,-0.0435,-0.1838,1.0344
12429,-0.1216,-0.2478,0.9971
12430,-0.1074,-0.1936,0.9729
12431,0.0151,-0.0857,0.9673
12432,0.2253,-0.0242,0.9253
12433,0.3459,0.0273,0.9399
12434,0.3889,0.1243,0.9624
12435,0.2356,0.0571,0.9536
12436,0.0239,0.0520,1.0071
12437,-0.1985,-0.0935,0.9836
12438,-0.3257,-0.1335,1.0532
12439,-0.3052,-0.1135,1.0044
12440,-0.1663,-0.0913,0.9802
12441,-0.0557,0.1243,0.9888
12442,0.0579,0.1038,0.9016
12443,0.0864,0.1609,0.9478
12444,-0.0144,0.1321,0.9641
12445,-0.0310,-0.0300,0.9924
12446,-0.0557,-0.1733,1.0090
12447,-0.0359,-0.2114,1.0608
12448,0.0225,-0.2876,1.0149
12449,0.0942,-0.2441,0.9790
12450,0.0710,-0.1934,0.9778
12451,0.0813,-0.1387,0.9602
12452,0.0410,-0.1572,0.9146
12453,0.0598,-0.0164,0.9526
12454,0.0674,-0.0054,0.9172
12455,0.1155,-0.0015,0.9370
12456,0.1030,0.0818,0.9849
12457,0.1055,0.1306,1.0168
12458,0.0396,0.0420,0.9946
12459,0.0144,0.0989,1.0588
12460,-0.0415,0.0752,1.0259
12461,-0.1250,0.0627,1.0012
12462,-0.1738,0.1851,0.9731
12463,-0.2546,0.1829,0.9221
12464,-0.2849,0.2888,0.9524
12465,-0.2590,0.2397,0.9155
12466,-0.1321,0.2366,0.9661
12467,0.0105,0.1628,0.9653
12468,0.1880,0.0540,0.9836
12469,0.1775,-0.0654,1.0012
12470,0.1208,-0.1165,1.0249
12471,-0.0361,-0.2512,0.9849
12472,-0.1721,-0.1472,1.0269
12473,-0.1580,-0.1702,0.9663
12474,-0.0042,-0.1648,0.9419
12475,0.1819,0.0195,0.9683
12476,0.3806,0.0125,0.9272
12477,0.4084,0.0078,0.9312
12478,0.2512,0.0796,1.0161
12479,0.0024,-0.0454,0.9963
12480,-0.2297,-0.1333,1.0112
12481,-0.3640,-0.0737,1.0334
12482,-0.2964,-0.1262,0.9897
12483,-0.1821,-0.0728,0.9868
12484,-0.0022,0.0581,0.9700
12485,0.0586,0.0681,0.9358
12486,0.1008,0.1423,0.9604
12487,0.0122,0.0698,0.9390
12488,-0.0161,0.0159,0.9829
12489,-0.0698,-0.1155,0.9983
12490,0.0044,-0.2026,1.0461
12491,-0.0139,-0.2935,1.0188
12492,0.0796,-0.2830,1.0249
12493,0.0669,-0.2803,0.9573
12494,0.0767,-0.1431,0.9709
12495,0.0681,-0.0767,0.9358
12496,0.0593,-0.0264,0.9204
12497,0.0513,0.0828,0.9614
12498,0.0830,0.0344,0.9290
12499,0.0498,-0.0222,0.9595
12500,0.0332,0.1072,1.0364
12501,0.0522,0.0500,0.9753
12502,-0.0117,0.0857,0.9885
12503,-0.0654,0.2393,1.0386
12504,-0.1221,0.2002,0.9592
12505,-0.1851,0.2642,0.9517
12506,-0.2603,0.3389,0.9819
12507,-0.1860,0.2156,0.9438
12508,-0.1724,0.0994,0.9534
12509,-0.0452,0.2639,1.0520
12510,0.1067,0.1125,0.9368
12511,0.1526,0.0735,1.0100
12512,0.1318,0.0845,1.0471
12513,0.0276,-0.2070,0.9604
12514,-0.0686,-0.2046,1.0051
12515,-0.1250,-0.2241,0.9709
12516,-0.0381,-0.2776,0.9380
12517,0.0557,-0.1104,0.9644
12518,0.2529,0.0154,0.9514
12519,0.2971,-0.0811,0.8870
12520,0.2788,0.1096,0.9993
12521,0.1155,-0.0188,0.9624
12522,-0.0664,-0.1294,1.0093
12523,-0.2424,-0.1321,1.0696
12524,-0.2866,-0.2212,1.0383
12525,-0.2319,-0.1965,1.0288
12526,-0.1309,-0.0601,0.9739
12527,-0.0303,0.0061,0.9543
12528,0.0515,0.1924,0.9282
12529,0.0410,0.1565,0.9143
12530,0.0552,0.1863,0.9612
12531,-0.0156,-0.0112,0.9475
12532,-0.0059,-0.0452,1.0305
12533,-0.0303,-0.2026,1.0044
12534,-0.0186,-0.2185,1.0266
12535,-0.0229,-0.2637,1.0129
12536,0.0469,-0.1528,1.0090
12537,0.0300,-0.1880,0.9397
12538,0.1079,0.0454,0.9722
12539,0.1177,0.0020,0.9016
12540,0.1636,0.0593,0.9446
12541,0.1362,0.0142,0.9390
12542,0.1042,0.0281,0.9993
12543,0.0310,-0.0139,0.9692
12544,-0.0251,-0.0010,1.0110
12545,-0.0803,0.1006,1.0168
12546,-0.1130,0.1086,0.9885
12547,-0.1294,0.2485,0.9995
12548,-0.1726,0.2866,0.9504
12549,-0.1743,0.3545,0.9526
12550,-0.2378,0.3071,0.9585
12551,-0.1460,0.2944,0.9927
12552,-0.0813,0.1038,0.9866
12553,0.0537,0.0828,1.0286
12554,0.1511,-0.0918,0.9797
12555,0.1760,-0.1123,0.9985
12556,0.0637,-0.1541,0.9868
12557,-0.0178,-0.1650,0.9761
12558,-0.0972,-0.2129,0.9426
12559,-0.0811,-0.1548,0.9573
12560,0.0427,-0.1890,0.9465
12561,0.1863,-0.1477,0.9497
12562,0.2498,-0.1316,0.9709
12563,0.2466,-0.0396,0.9866
12564,0.1216,-0.1042,0.9937
12565,-0.0581,-0.0540,1.0298
12566,-0.1990,-0.1155,1.0093
12567,-0.2471,-0.0857,1.0259
12568,-0.2139,-0.1152,0.9907
12569,-0.1155,-0.0508,0.9771
12570,-0.0515,0.0674,0.9497
12571,0.0469,0.1882,0.9136
12572,0.0356,0.2058,0.9250
12573,0.0190,0.2219,0.9663
12574,-0.0176,0.0527,1.0032
12575,-0.0137,-0.0273,1.0217
12576,-0.0271,-0.2285,1.0071
12577,0.0300,-0.1882,1.0513
12578,0.0176,-0.2437,0.9836
12579,0.0332,-0.0789,1.0022
12580,0.0300,0.0024,0.9290
12581,0.0393,0.0764,0.9192
12582,0.0969,0.1111,0.9260
12583,0.1240,0.0640,0.9136
12584,0.1509,0.0027,0.9641
12585,0.1047,-0.0042,1.0063
12586,0.0549,-0.0168,1.0305
12587,-0.0542,-0.0020,0.9985
12588,-0.1079,0.0737,1.0520
12589,-0.1494,0.1675,0.9868
12590,-0.2173,0.0483,0.9683
12591,-0.1987,0.2380,1.0044
12592,-0.1946,0.0842,0.9065
12593,-0.1106,0.2610,0.9807
12594,-0.0225,0.1826,0.9067
12595,0.1189,0.2161,0.9771
12596,0.1536,0.1025,0.9634
12597,0.1685,0.0493,1.0159
12598,0.0427,-0.1763,0.9875
12599,-0.0510,-0.2473,1.0454
12600,-0.1121,-0.3979,1.0364
12601,-0.1184,-0.3479,1.0151
12602,-0.0066,-0.2385,0.9827
12603,0.1306,-0.0891,0.9116
12604,0.2107,0.0071,0.9165
12605,0.2566,0.1167,0.9175
12606,0.1738,0.0093,0.9221
12607,0.0435,0.0825,0.9976
12608,-0.0923,-0.1472,0.9683
12609,-0.1790,-0.1021,1.0520
12610,-0.1899,-0.1018,1.0356
12611,-0.1357,-0.0862,0.9995
12612,-0.0979,0.0203,1.0063
12613,-0.0657,0.1799,0.9895
12614,-0.0146,0.1611,0.9329
12615,-0.0481,0.2583,0.9771
12616,0.0146,0.1643,0.9456
12617,0.0139,-0.0325,0.9663
12618,0.0352,0.0356,1.0256
12619,0.0222,-0.2527,0.9429
12620,0.0288,-0.1821,1.0259
12621,-0.0535,-0.2625,0.9839
12622,-0.0029,-0.1936,0.9907
12623,-0.0098,-0.1499,0.9290
12624,0.0754,0.0056,0.9634
12625,0.1226,-0.0454,0.9241
12626,0.1924,0.0151,0.9644
12627,0.1589,-0.0498,0.9709
12628,0.1138,0.0242,0.9966
12629,-0.0027,0.0508,1.0032
12630,-0.0674,0.1003,0.9946
12631,-0.1245,0.0835,1.0078
12632,-0.1445,0.1584,1.0227
12633,-0.1194,0.0569,0.9504
12634,-0.1243,0.1794,0.9856
12635,-0.1370,0.2307,0.9485
12636,-0.1123,0.2112,0.9368
12637,-0.1160,0.2917,0.9924
12638,-0.0383,0.2341,0.9749
12639,0.0898,0.0479,0.9775
12640,0.0842,0.0371,1.0396
12641,0.1455,-0.1936,1.0054
12642,0.0681,-0.3047,0.9954
12643,-0.0527,-0.2744,1.0344
12644,-0.0942,-0.2930,0.9514
12645,-0.1101,-0.2349,0.9465
12646,-0.0220,0.0369,0.9517
12647,0.1294,-0.0212,0.8655
12648,0.2397,0.0984,0.9387
12649,0.2449,0.0483,0.9673
12650,0.2021,-0.0857,0.9927
12651,-0.0032,-0.1638,1.0269
12652,-0.1206,-0.1169,1.0776
12653,-0.2192,-0.1921,1.0083
12654,-0.2051,-0.0591,1.0493
12655,-0.1282,0.0740,0.9810
12656,-0.0393,0.0718,0.9312
12657,-0.0125,0.2278,0.9329
12658,-0.0164,0.1699,0.9221
12659,-0.0042,0.2070,0.9458
12660,-0.0474,0.0205,0.9407
12661,0.0154,0.0239,1.0327
12662,0.0225,-0.2312,0.9668
12663,0.0347,-0.1501,1.0601
12664,-0.0020,-0.2053,0.9934
12665,0.0251,-0.2476,0.9905
12666,-0.0139,-0.1360,1.0142
12667,0.0276,-0.0247,0.9604
12668,0.1392,-0.0483,0.9055
12669,0.1675,0.1113,0.9592
12670,0.1355,0.1174,0.9719
12671,0.1118,0.0415,0.9524
12672,-0.0449,0.0254,0.9702
12673,-0.1675,-0.0046,1.0122
12674,-0.1638,-0.0283,0.9878
12675,-0.1541,0.0632,0.9897
12676,-0.1230,0.1653,0.9758
12677,-0.0610,0.2310,0.9663
12678,-0.0925,0.2876,0.9653
12679,-0.0696,0.3201,0.9622
12680,-0.0334,0.2227,0.9651
12681,0.0085,0.1477,1.0129
12682,0.0781,0.0007,1.0269
12683,0.0806,-0.1135,1.0132
12684,0.0171,-0.1704,1.0181
12685,-0.0513,-0.2014,0.9956
12686,-0.0999,-0.2654,0.9585
12687,-0.0945,-0.1912,0.9556
12688,-0.0134,-0.1177,0.9312
12689,0.1150,-0.0815,0.9165
12690,0.2422,-0.0581,0.9299
12691,0.2817,-0.0403,0.9709
12692,0.2231,-0.0957,0.9797
12693,0.1160,-0.1289,1.0100
12694,-0.0347,-0.1045,1.0383
12695,-0.1631,-0.1348,1.0347
12696,-0.1804,-0.1021,1.0354
12697,-0.1387,-0.0422,1.0132
12698,-0.0835,0.0330,0.9719
12699,-0.0264,0.1282,0.9612
12700,-0.0203,0.1807,0.9124
12701,-0.0696,0.1819,0.9231
12702,-0.0874,0.2222,0.9585
12703,-0.0820,0.0876,0.9387
12704,-0.0254,0.0532,1.0024
12705,0.0156,-0.0974,1.0081
12706,0.0557,-0.1982,1.0171
12707,0.0625,-0.1946,1.0022
12708,0.0457,-0.1233,0.9934
12709,0.0247,-0.1204,0.9575
12710,0.0432,-0.0491,0.9712
12711,0.1018,0.0430,0.9722
12712,0.1387,0.0510,0.9390
12713,0.1704,0.0305,0.9436
12714,0.0945,-0.0078,0.9927
12715,0.0034,-0.0278,0.9976
12716,-0.1206,-0.0649,0.9966
12717,-0.2065,0.0320,1.0178
12718,-0.2136,0.0137,0.9553
12719,-0.2141,0.1287,1.0054
12720,-0.1638,0.2546,0.9514
12721,-0.0742,0.1863,0.9094
12722,0.0239,0.3494,0.9790
12723,0.0354,0.2031,0.9585
12724,0.1101,0.1257,1.0122
12725,0.0293,-0.0471,0.9973
12726,0.0066,-0.0784,1.0579
12727,-0.1072,-0.2310,0.9885
12728,-0.0811,-0.2205,1.0093
12729,-0.0959,-0.2529,0.9771
12730,-0.0210,-0.1289,0.9934
12731,0.1292,-0.1409,0.9116
12732,0.2212,-0.0344,0.9370
12733,0.3062,0.0486,0.9504
12734,0.3110,-0.0371,0.9065
12735,0.2070,0.0151,0.9819
12736,0.0288,-0.0359,1.0042
12737,-0.1345,-0.1597,1.0149
12738,-0.2422,-0.1128,1.0549
12739,-0.1958,-0.0964,1.0127
12740,-0.0825,-0.0156,0.9800
12741,-0.0144,0.1399,0.9944
12742,0.0364,0.2046,0.9624
12743,-0.0596,0.0952,0.9426
12744,-0.1030,0.1973,0.9995
12745,-0.1560,-0.0044,0.9485
12746,-0.0803,-0.0393,1.0239
12747,0.0112,-0.1807,0.9856
12748,0.1028,-0.1587,1.0376
12749,0.1182,-0.1326,0.9641
12750,0.0645,-0.1362,0.9514
12751,-0.0142,-0.1047,0.9612
12752,-0.0505,-0.1260,0.9475
12753,-0.0093,-0.0459,0.9583
12754,0.0632,-0.0767,0.9143
12755,0.2295,-0.0298,0.9749
12756,0.1729,-0.0659,0.9683
12757,0.1487,0.0417,1.0103
12758,-0.0100,0.0400,0.9592
12759,-0.1658,0.1357,1.0032
12760,-0.2388,0.1323,0.9907
12761,-0.1992,0.1604,1.0002
12762,-0.1565,0.2205,0.9846
12763,-0.0693,0.2332,0.9690
12764,-0.0254,0.2686,0.9780
12765,-0.0769,0.2361,0.9817
12766,-0.0437,0.2202,0.9819
12767,-0.0603,0.0718,0.9700
12768,-0.0244,0.0562,1.0229
12769,0.0149,-0.1675,0.9683
12770,0.0544,-0.1326,1.0083
12771,0.0090,-0.1907,0.9624
12772,0.0564,-0.1812,0.9612
12773,0.0342,-0.1614,0.9221
12774,0.0974,-0.0173,0.9673
12775,0.1584,-0.0298,0.9321
12776,0.2070,-0.0471,0.9565
12777,0.2214,-0.0459,1.0090
12778,0.1411,-0.1323,0.9915
12779,0.0234,-0.1470,1.0220
12780,-0.0950,-0.0977,1.0461
12781,-0.1580,-0.1252,1.0178
12782,-0.1592,-0.0928,1.0071
12783,-0.0740,0.0701,0.9875
12784,-0.0283,0.0188,0.9163
12785,-0.0005,0.1562,0.9370
12786,-0.0840,0.1755,0.9465
12787,-0.1135,0.1350,0.9478
12788,-0.1746,-0.0137,0.9534
12789,-0.0933,0.0449,1.0435
12790,-0.0095,-0.1899,0.9807
12791,0.1025,-0.1841,1.0337
12792,0.1199,-0.2178,1.0103
12793,0.0984,-0.2065,1.0032
12794,0.0195,-0.1355,0.9360
12795,-0.0166,-0.0547,0.9260
12796,0.0283,-0.0066,0.9397
12797,0.0781,-0.0181,0.9241
12798,0.1917,0.0374,0.9595
12799,0.1692,0.0117,0.9556
12800,0.1211,0.0330,1.0098
12801,-0.0283,-0.0442,1.0178
12802,-0.1582,0.0349,1.0715
12803,-0.2441,0.0754,1.0012
12804,-0.2305,0.1497,0.9934
12805,-0.1980,0.2878,0.9797
12806,-0.1350,0.2666,0.9390
12807,-0.0632,0.3259,0.9583
12808,-0.0095,0.2695,0.9243
12809,0.0281,0.1753,0.9604
12810,0.0452,0.0583,0.9790
12811,0.0239,-0.0757,1.0081
12812,-0.0237,-0.1333,1.0178
12813,-0.0461,-0.1909,1.0051
12814,-0.0552,-0.1772,1.0103
12815,-0.0076,-0.1367,0.9897
12816,0.0913,-0.1147,0.9680
12817,0.1653,-0.0461,0.9409
12818,0.2869,0.0073,0.9338
12819,0.2993,-0.0562,0.9104
12820,0.2134,-0.0198,0.9856
12821,0.0964,-0.0396,0.9829
12822,-0.0759,-0.1611,0.9836
12823,-0.1924,-0.0381,1.0532
12824,-0.1821,-0.1233,0.9888
12825,-0.0825,-0.0510,1.0093
12826,-0.0330,0.0376,0.9954
12827,0.0525,0.0703,0.9915
12828,-0.0127,0.0681,0.9565
12829,-0.1133,0.1042,0.9729
12830,-0.1907,0.0349,0.9651
12831,-0.1829,-0.0239,0.9719
12832,-0.1057,-0.1016,0.9946
12833,0.0503,-0.1201,0.9973
12834,0.1147,-0.2136,0.9692
12835,0.1467,-0.1025,0.9878
12836,0.0745,-0.1689,0.9368
12837,-0.0115,-0.0979,0.9680
12838,-0.0393,-0.0923,0.9438
12839,0.0447,-0.0425,0.9485
12840,0.0925,-0.0071,0.9468
12841,0.1594,0.0381,0.9966
12842,0.1653,0.0459,0.9944
12843,0.0549,0.0815,1.0151
12844,-0.0674,0.1343,1.0256
12845,-0.1404,0.0703,0.9778
12846,-0.1982,0.1018,0.9944
12847,-0.2180,0.2505,0.9878
12848,-0.1707,0.3694,0.9124
12849,-0.1238,0.3882,0.9067
12850,-0.0579,0.4485,0.9504
12851,-0.0134,0.1982,0.9526
12852,0.0620,0.1509,1.0200
12853,0.0574,-0.1248,0.9985
12854,0.0659,-0.2405,1.0793
12855,0.0029,-0.3032,1.0637
12856,-0.0447,-0.2827,1.0227
12857,-0.0530,-0.2043,0.9788
12858,-0.0071,-0.0999,0.9448
12859,0.0764,-0.0979,0.9214
12860,0.1809,-0.0439,0.9175
12861,0.2451,-0.1274,0.8850
12862,0.2212,-0.1233,0.9387
12863,0.1301,-0.1213,0.9839
12864,-0.0256,-0.2117,0.9829
12865,-0.1360,-0.1438,1.0647
12866,-0.1616,-0.1062,1.0474
12867,-0.1135,-0.1035,1.0151
12868,-0.0107,0.1013,1.0210
12869,0.0750,0.1384,0.9751
12870,0.0588,0.1455,0.9399
12871,-0.0588,0.1882,0.9729
12872,-0.1401,0.1887,0.9487
12873,-0.2075,0.0095,0.9106
12874,-0.1714,0.0095,1.0266
12875,-0.0161,-0.1938,0.9856
12876,0.0649,-0.3225,1.0151
12877,0.1538,-0.1602,1.0305
12878,0.1143,-0.2148,0.9331
12879,0.0508,-0.0171,0.9868
12880,-0.0361,0.0037,0.9253
12881,-0.0166,0.0129,0.9534
12882,-0.0032,0.0293,0.9312
12883,0.0867,-0.0044,0.9624
12884,0.1362,-0.0681,0.9683
12885,0.1143,-0.0266,1.0120
12886,0.0703,0.0190,1.0171
12887,-0.0430,0.0620,1.0034
12888,-0.1072,0.1499,1.0217
12889,-0.1682,0.1597,0.9907
12890,-0.1648,0.2957,0.9973
12891,-0.1860,0.2876,0.9106
12892,-0.1487,0.3723,0.9553
12893,-0.1375,0.3181,0.9309
12894,-0.0581,0.2019,0.9534
12895,0.0195,0.1199,0.9956
12896,0.0593,-0.0781,0.9902
12897,0.0872,-0.2012,1.0425
12898,0.0000,-0.2744,1.0347
12899,-0.0278,-0.3027,1.0190
12900,-0.0779,-0.2202,0.9788
12901,-0.0090,-0.0969,0.9517
12902,0.0735,-0.0396,0.9165
12903,0.2083,0.0801,0.9497
12904,0.2886,0.0271,0.9045
12905,0.2686,-0.0076,0.9563
12906,0.1807,-0.0735,0.9741
12907,0.0203,-0.2612,0.9998
12908,-0.1101,-0.1597,1.0786
12909,-0.1733,-0.2083,1.0308
12910,-0.1301,-0.0415,1.0256
12911,-0.0764,0.0010,0.9739
12912,0.0222,0.1445,0.9897
12913,0.0105,0.0874,0.9048
12914,-0.0334,0.1790,0.9565
12915,-0.1147,0.0916,0.9104
12916,-0.1736,0.0061,0.9626
12917,-0.1445,-0.0854,1.0083
12918,-0.0833,-0.2471,1.0063
12919,0.0686,-0.2410,1.0356
12920,0.1116,-0.2644,0.9985
12921,0.1567,-0.1572,1.0139
12922,0.0894,-0.1189,0.9517
12923,0.0571,0.0100,0.9622
12924,-0.0095,0.0562,0.9192
12925,0.0247,0.1240,0.9224
12926,0.0425,0.0710,0.9243
12927,0.0537,0.0840,0.9817
12928,0.0459,-0.0049,0.9905
12929,0.0200,-0.0269,1.0198
12930,-0.0178,0.0039,1.0337
12931,-0.0540,0.0542,1.0210
12932,-0.0520,0.1934,1.0044
12933,-0.1423,0.2874,0.9602
12934,-0.1841,0.4194,0.9468
12935,-0.2397,0.3970,0.8921
12936,-0.2107,0.4055,0.9592
12937,-0.1250,0.2180,0.9514
12938,0.0107,-0.0151,1.0051
12939,0.1377,-0.1560,1.0454
12940,0.1589,-0.3005,1.0474
12941,0.1025,-0.3181,1.0347
12942,-0.0215,-0.2751,0.9980
12943,-0.0732,-0.1162,0.9819
12944,-0.1035,-0.0420,0.9155
12945,0.0242,0.0708,0.9185
12946,0.1763,-0.0320,0.8938
12947,0.2937,-0.0532,0.9565
12948,0.3079,-0.1562,0.9448
12949,0.2070,-0.1785,1.0005
12950,-0.0029,-0.1965,1.0190
12951,-0.1704,-0.1824,1.0620
12952,-0.2205,-0.0649,1.0461
12953,-0.1770,-0.0264,0.9963
12954,-0.0283,0.1169,1.0081
12955,0.0981,0.0713,0.9172
12956,0.0916,0.1118,0.9709
12957,-0.0183,0.1250,0.9407
12958,-0.1321,0.0105,0.9126
12959,-0.2444,0.0110,0.9731
12960,-0.2134,-0.0017,0.9937
12961,-0.0791,-0.1582,0.9963
12962,0.0830,-0.1516,1.0364
12963,0.2109,-0.2400,1.0171
12964,0.2092,-0.1892,0.9995
12965,0.1345,-0.1208,0.9683
12966,0.0474,-0.0549,0.9387
12967,-0.0454,0.0208,0.9319
12968,-0.0339,0.1194,0.9321
12969,0.0129,0.1211,0.8948
12970,0.0647,0.1509,0.9585
12971,0.0833,0.0559,0.9976
12972,0.0522,-0.0459,1.0425
12973,-0.0017,-0.0676,1.0637
12974,-0.1262,-0.1023,1.0640
12975,-0.3362,0.0017,1.1255
12976,-0.4617,0.2029,0.9719
12977,-0.4724,0.7600,0.8547
12978,-0.3774,1.8276,0.7290
12979,-0.1340,1.9998,0.5354
12980,0.2151,1.9998,0.7349
12981,0.4885,1.9810,0.8677
12982,0.6089,0.9607,1.1165
12983,0.6079,-0.4375,1.3694
12984,0.3840,-1.3904,1.5542
12985,0.1089,-1.2925,1.5725
12986,-0.1650,-0.9246,1.1685
12987,-0.4248,-0.7234,0.8364
12988,-0.5513,-0.2588,0.7886
12989,-0.4993,0.0073,0.6506
12990,-0.3044,0.0547,0.4470
12991,-0.0208,-0.2122,0.4893
12992,0.2065,-0.7388,0.7444
12993,0.2659,-0.9548,1.0142
12994,0.2095,-0.6958,1.1165
12995,0.0618,-0.4116,1.0930
12996,-0.0891,-0.1711,1.2651
12997,-0.1091,0.0422,1.3713
12998,0.0073,0.2300,1.2427
12999,0.1646,0.6838,1.0901
13000,0.2688,0.7769,0.9302
13001,0.2578,0.7578,0.9312
13002,0.0200,0.6946,0.8821
13003,-0.1670,0.6750,0.8137
13004,-0.3374,0.4946,0.7593
13005,-0.3354,0.2095,0.8892
13006,-0.2041,-0.2593,0.9729
13007,0.0349,-0.5383,1.0259
13008,0.2268,-0.4968,1.0259
13009,0.3127,-0.2688,1.0188
13010,0.2253,-0.0405,1.0024
13011,-0.0007,0.0686,1.0071
13012,-0.1929,0.1426,1.0181
13013,-0.2939,-0.0596,0.9761
13014,-0.1448,-0.2368,1.0151
13015,0.0593,-0.4617,0.9995
13016,0.2178,-0.3867,1.0442
13017,0.2915,-0.2139,0.9622
13018,0.1677,-0.0518,0.9075
13019,-0.0530,0.0625,0.8882
13020,-0.2441,0.1035,0.8992
13021,-0.3296,0.3013,0.9233
13022,-0.2634,0.3860,0.8928
13023,-0.0798,0.4355,0.9575
13024,0.0820,0.2788,1.0200
13025,0.2065,0.1006,1.1155
13026,0.2390,-0.0935,1.1096
13027,0.1924,-0.2153,1.0950
13028,0.0981,-0.2451,1.1106
13029,0.0303,-0.2175,1.0391
13030,-0.0564,-0.2100,0.9644
13031,-0.1270,-0.0476,0.8960
13032,-0.1360,-0.0540,0.8157
13033,-0.1741,0.0674,0.8159
13034,-0.1685,0.0850,0.8169
13035,-0.1006,0.0486,0.8577
13036,-0.0208,0.0105,0.9456
13037,0.0581,-0.0308,1.0559
13038,0.1377,-0.0654,1.1223
13039,0.1768,-0.0625,1.1421
13040,0.1750,-0.0337,1.1362
13041,0.1284,0.0278,1.0852
13042,0.0571,0.0542,1.0129
13043,-0.0466,0.1052,0.9563
13044,-0.1174,0.1155,0.9153
13045,-0.1626,0.0859,0.8657
13046,-0.1926,0.0701,0.8618
13047,-0.1311,0.0261,0.8762
13048,-0.0398,-0.0613,0.8950
13049,0.0361,-0.0603,0.9839
13050,0.1218,-0.1306,1.0073
13051,0.1467,-0.1941,1.0356
13052,0.0957,-0.0974,1.0813
13053,0.0337,-0.0679,1.0657
13054,-0.0132,-0.0513,1.0198
13055,-0.0654,-0.0117,1.0237
13056,-0.0552,0.0833,0.9905
13057,-0.0400,0.0344,0.9104
13058,-0.0151,0.1636,0.9331
13059,-0.0291,0.0991,0.8882
13060,0.0015,0.1057,0.9270
13061,-0.0417,0.0696,0.9287
13062,0.0107,0.0164,0.9543
13063,0.0132,-0.0503,0.9993
13064,-0.0093,-0.0303,1.0503
13065,0.0161,-0.0544,1.0569
13066,-0.0061,-0.0425,1.0452
13067,0.0186,-0.0713,1.0435
13068,0.0549,-0.0603,1.0327
13069,0.0349,-0.0742,0.9897
13070,0.0461,-0.0896,0.9409
13071,0.0129,-0.0295,0.9370
13072,-0.0544,-0.0295,0.8950
13073,-0.0652,-0.0457,0.8684
13074,-0.1150,0.0271,0.8928
13075,-0.1025,0.0486,0.9351
13076,-0.0864,0.0264,0.9614
13077,-0.0376,0.0591,1.0259
13078,0.0237,0.0747,1.0708
13079,0.0891,0.0264,1.0610
13080,0.1248,0.0085,1.0688
13081,0.1531,0.0098,1.0813
13082,0.1140,-0.0581,1.0083
13083,0.0381,-0.0435,0.9946
13084,-0.0356,-0.0029,0.9402
13085,-0.1145,-0.0535,0.8821
13086,-0.1470,0.0425,0.8970
13087,-0.1365,-0.0066,0.8665
13088,-0.0576,-0.0300,0.8970
13089,0.0093,0.0503,0.9592
13090,0.0671,0.0295,0.9670
13091,0.0881,-0.0596,0.9937
13092,0.0400,-0.0078,1.0969
13093,0.0132,-0.0381,1.0637
13094,-0.0090,-0.0601,1.0356
13095,0.0024,0.0286,1.0386
13096,0.0037,-0.0459,0.9761
13097,0.0120,0.0242,0.9817
13098,-0.0183,0.0469,0.9331
13099,-0.0129,0.0522,0.8999
13100,-0.0608,0.0330,0.9028
13101,-0.0752,0.0393,0.9534
13102,-0.0618,-0.0181,0.9507
13103,-0.0654,-0.0383,0.9866
13104,0.0146,-0.0361,1.0168
13105,0.0547,-0.0659,1.0002
13106,0.0942,0.0056,1.0454
13107,0.1023,-0.0537,0.9866
13108,0.0852,-0.0686,1.0190
13109,0.0229,0.0090,1.0100
13110,-0.0054,-0.0579,0.9692
13111,-0.0715,0.0066,0.9475
13112,-0.1001,-0.0044,0.9370
13113,-0.0728,0.0503,0.9517
13114,-0.0767,0.0198,0.9126
13115,-0.0303,0.0383,0.9602
13116,-0.0129,-0.0234,0.9653
13117,0.0103,0.0403,1.0063
13118,0.0403,0.0137,0.9817
13119,0.0417,0.0134,1.0125
13120,0.0432,-0.0571,1.0295
13121,0.0608,-0.0364,1.0317
13122,-0.0020,-0.0166,1.0168
13123,-0.0015,0.0056,0.9556
13124,-0.0142,-0.0398,0.9653
13125,-0.0435,0.0527,0.9780
13126,-0.0457,-0.0469,0.9097
13127,-0.0144,0.0476,0.9426
13128,-0.0293,0.0007,0.9290
13129,0.0046,0.0144,0.9731
13130,0.0046,-0.0317,0.9631
13131,-0.0005,0.0144,1.0100
13132,-0.0073,-0.0662,0.9907
13133,0.0239,-0.0227,1.0354
13134,-0.0056,-0.0168,1.0190
13135,0.0278,-0.0095,0.9966
13136,0.0398,-0.0059,0.9927
13137,-0.0127,0.0205,0.9944
13138,-0.0078,-0.0173,0.9670
13139,-0.0283,0.0168,0.9377
13140,-0.0449,0.0376,0.9417
13141,-0.0454,0.0027,0.9302
13142,-0.0718,-0.0740,0.9585
13143,-0.0439,0.0100,0.9829
13144,-0.0227,-0.0164,0.9641
13145,0.0586,0.0356,1.0000
13146,0.0698,-0.0566,0.9934
13147,0.1003,0.0471,1.0754
13148,0.0515,-0.0139,0.9817
13149,0.0222,-0.0132,0.9927
13150,-0.0393,0.0151,1.0093
13151,-0.0251,-0.0835,0.9690
13152,-0.0630,-0.0823,0.9602
13153,-0.0532,0.0303,0.9536
13154,-0.0344,-0.0483,0.8940
13155,-0.0334,0.0439,0.9485
13156,-0.0161,0.0798,0.9504
13157,-0.0015,0.0071,0.9573
13158,0.0071,0.0439,1.0034
13159,0.0273,0.0122,1.0229
13160,0.0334,0.0051,1.0269
13161,0.0144,-0.0332,1.0198
13162,0.0400,-0.0537,1.0178
13163,-0.0107,-0.0750,1.0171
13164,-0.0063,-0.0059,0.9827
13165,-0.0508,-0.0544,0.9309
13166,-0.0205,0.0693,0.9644
13167,-0.0112,0.0005,0.9114
13168,-0.0151,0.0674,0.9563
13169,-0.0017,0.0574,0.9321
13170,0.0303,-0.0195,0.9417
13171,-0.0208,0.0332,1.0142
13172,0.0027,-0.0542,0.9993
13173,-0.0012,-0.1489,1.0073
13174,-0.0393,-0.0405,1.0493
13175,-0.0061,-0.0667,1.0149
13176,0.0205,-0.0439,0.9771
13177,0.0254,0.0183,0.9778
13178,0.0781,0.0488,0.9741
13179,-0.0051,0.0010,0.9338
13180,-0.0239,0.0427,0.9670
13181,-0.0562,0.0186,0.9377
13182,-0.0894,0.0283,0.9526
13183,-0.0728,0.0166,0.9661
13184,-0.0007,-0.0745,0.9800
13185,0.0027,-0.0891,1.0249
13186,0.0503,0.0193,1.0276
13187,0.0559,-0.0156,0.9678
13188,0.0374,0.0242,0.9944
13189,0.0120,0.0269,1.0168
13190,-0.0178,0.0024,0.9897
13191,-0.0181,0.0005,0.9507
13192,-0.0007,0.0344,0.9673
13193,0.0146,0.0078,0.9487
13194,-0.0134,-0.0706,0.9504
13195,-0.0132,-0.0205,0.9817
13196,-0.0449,-0.0496,0.9478
13197,-0.0234,0.0054,0.9839
13198,-0.0254,0.0164,0.9819
13199,0.0127,-0.0073,0.9956
13200,0.0117,0.0027,1.0188
13201,0.0039,0.0151,1.0110
13202,-0.0242,-0.0317,0.9817
13203,0.0029,0.0225,1.0005
13204,0.0044,-0.0315,0.9631
13205,0.0354,-0.0356,0.9817
13206,0.0159,-0.0178,0.9653
13207,-0.0088,-0.0376,0.9409
13208,-0.0508,0.0156,0.9788
13209,-0.0906,0.0200,0.9456
13210,-0.0549,0.0020,0.9751
13211,0.0017,0.0557,0.9839
13212,0.0249,-0.0630,0.9768
13213,0.0901,0.0396,1.0239
13214,0.0530,-0.0447,0.9868
13215,0.0564,-0.0068,1.0051
13216,0.0149,-0.0537,0.9829
13217,-0.0129,-0.0142,1.0044
13218,-0.0344,-0.0657,0.9602
13219,-0.0630,0.0188,0.9749
13220,-0.0781,-0.0254,0.9536
13221,-0.0369,0.0320,0.9534
13222,-0.0239,-0.0005,0.9458
13223,0.0339,0.0505,0.9661
13224,0.0415,-0.0288,0.9553
13225,0.0354,0.0295,1.0042
13226,-0.0171,-0.0039,0.9956
13227,-0.0212,-0.0403,1.0005
13228,-0.0188,0.0071,1.0054
13229,-0.0125,-0.0078,1.0034
13230,0.0256,-0.0269,0.9836
13231,0.0266,-0.0591,0.9663
13232,-0.0061,0.0139,1.0022
13233,0.0007,0.0564,0.9465
13234,-0.0085,-0.0344,0.9243
13235,-0.0166,0.0513,0.9973
13236,-0.0164,-0.0391,0.9683
13237,0.0083,-0.0178,0.9700
13238,-0.0178,0.0127,0.9839
13239,0.0000,-0.0181,0.9651
13240,-0.0225,-0.0681,0.9905
13241,0.0020,0.0232,1.0220
13242,0.0002,-0.0891,0.9602
13243,0.0154,0.0559,1.0168
13244,0.0090,-0.0039,0.9680
13245,0.0100,-0.0391,0.9829
13246,-0.0312,0.0217,0.9846
13247,-0.0188,-0.0273,0.9612
13248,-0.0269,-0.0181,0.9592
13249,-0.0278,-0.0154,0.9534
13250,-0.0200,-0.0046,0.9702
13251,-0.0232,0.0305,0.9739
13252,0.0168,-0.0090,0.9719
13253,0.0183,-0.0176,0.9993
13254,0.0283,0.0107,1.0171
13255,0.0383,-0.0366,0.9712
13256,0.0117,0.0217,0.9973
13257,-0.0093,0.0278,0.9924
13258,0.0168,-0.0422,0.9709
13259,-0.0195,-0.0330,0.9810
13260,-0.0095,-0.0283,0.9761
13261,-0.0281,-0.0361,0.9583
13262,-0.0344,0.0032,0.9614
13263,-0.0359,0.0112,0.9504
13264,-0.0251,0.0120,0.9749
13265,0.0125,0.0142,0.9771
13266,0.0181,-0.0137,0.9905
13267,0.0229,0.0129,0.9995
13268,0.0205,-0.0151,0.9915
13269,-0.0056,-0.0342,1.0051
13270,-0.0229,-0.0286,0.9973
13271,-0.0037,-0.0100,0.9849
13272,-0.0469,-0.0078,0.9683
13273,-0.0020,-0.0085,0.9692
13274,-0.0137,-0.0232,0.9631
13275,-0.0149,0.0586,0.9829
13276,0.0347,0.0049,0.9299
13277,0.0327,-0.0115,0.9690
13278,0.0110,0.0215,0.9985
13279,-0.0081,-0.0544,0.9888
13280,-0.0229,-0.0281,0.9956
13281,-0.0422,-0.0535,0.9875
13282,-0.0046,-0.0098,1.0110
13283,0.0164,-0.0437,0.9722
13284,0.0173,-0.0178,0.9797
13285,0.0215,-0.0137,0.9827
13286,-0.0059,0.0137,0.9692
13287,-0.0327,0.0203,0.9622
13288,-0.0300,0.0483,0.9602
13289,-0.0186,-0.0059,0.9653
13290,0.0015,0.0105,0.9771
13291,-0.0071,-0.0300,0.9888
13292,-0.0378,-0.0415,0.9729
13293,0.0049,-0.0144,0.9946
13294,-0.0129,0.0044,0.9976
13295,0.0139,-0.0347,0.9768
13296,0.0649,-0.0076,0.9944
13297,0.0146,0.0310,0.9792
13298,0.0083,0.0176,0.9670
13299,-0.0105,0.0254,0.9790
13300,-0.0269,-0.0164,0.9707
13301,-0.0039,-0.0247,0.9758
13302,-0.0273,-0.0222,0.9663
13303,-0.0093,-0.0549,0.9702
13304,-0.0166,-0.0149,0.9827
13305,-0.0200,0.0046,0.9905
13306,-0.0007,-0.0122,0.9673
13307,0.0132,0.0110,0.9944
13308,0.0310,0.0115,0.9810
13309,0.0056,-0.0171,0.9839
13310,0.0002,0.0391,0.9897
13311,-0.0183,-0.0615,0.9583
13312,-0.0403,0.0037,1.0090
13313,-0.0552,-0.0298,0.9739
13314,-0.0107,-0.0400,0.9709
13315,-0.0056,0.0139,0.9778
13316,0.0195,0.0112,0.9651
13317,0.0178,-0.0215,0.9663
13318,0.0183,0.0469,0.9829
13319,0.0137,-0.0015,0.9700
13320,0.0020,0.0142,0.9946
13321,0.0012,-0.0417,0.9858
13322,0.0129,-0.0688,0.9985
13323,-0.0083,0.0134,0.9907
13324,-0.0039,-0.0305,0.9543
13325,0.0146,-0.0015,0.9729
13326,0.0042,0.0051,0.9897
13327,0.0012,-0.0239,0.9761
13328,-0.0237,0.0085,0.9758
13329,-0.0518,0.0193,0.9817
13330,-0.0339,-0.0220,0.9573
13331,-0.0359,0.0010,0.9829
13332,-0.0144,0.0181,0.9780
13333,0.0471,-0.0806,0.9543
13334,0.0442,0.0437,1.0139
13335,0.0220,0.0222,0.9858
13336,0.0168,-0.0432,0.9771
13337,-0.0452,-0.0178,0.9934
13338,-0.0525,0.0295,1.0071
13339,-0.0298,-0.0176,0.9468
13340,-0.0146,0.0046,0.9573
13341,0.0396,0.0234,0.9888
13342,0.0161,-0.0308,0.9700
13343,0.0212,-0.0225,0.9758
13344,0.0273,-0.0007,0.9712
13345,-0.0151,-0.0063,0.9768
13346,-0.0217,-0.0239,0.9700
13347,-0.0195,-0.0237,0.9739
13348,-0.0466,-0.0063,0.9966
13349,-0.0203,-0.0012,0.9895
13350,-0.0054,-0.0276,0.9839
13351,0.0115,0.0054,0.9980
13352,0.0298,-0.0259,0.9622
13353,0.0356,-0.0325,0.9788
13354,0.0103,0.0129,0.9878
13355,-0.0234,-0.0271,0.9514
13356,-0.0632,0.0286,0.9827
13357,-0.0667,0.0068,0.9624
13358,-0.0601,-0.0371,0.9641
13359,-0.0066,0.0564,1.0071
13360,0.0583,-0.0088,0.9575
13361,0.0801,-0.0081,0.9856
13362,0.0513,0.0288,1.0129
13363,0.0288,-0.0469,0.9895
13364,-0.0281,-0.0388,0.9839
13365,-0.0281,0.0259,0.9976
13366,-0.0090,-0.0510,0.9404
13367,-0.0293,-0.0420,0.9690
13368,-0.0254,0.0242,0.9885
13369,-0.0405,-0.0410,0.9397
13370,-0.0208,0.0571,0.9966
13371,0.0217,0.0603,0.9641
13372,0.0417,-0.0481,0.9673
13373,0.0444,-0.0039,1.0093
13374,0.0007,-0.0442,0.9956
13375,-0.0291,-0.0042,0.9849
13376,-0.0708,0.0088,0.9780
13377,-0.0293,-0.0193,0.9883
13378,-0.0198,-0.0645,0.9670
13379,0.0159,0.0366,0.9995
13380,0.0149,0.0049,0.9358
13381,0.0327,0.0229,0.9700
13382,-0.0078,0.0413,0.9817
13383,-0.0117,-0.0103,0.9878
13384,-0.0205,-0.0439,0.9683
13385,-0.0139,-0.0242,0.9829
13386,0.0085,0.0139,1.0022
13387,0.0015,-0.0667,0.9507
13388,0.0303,-0.0286,1.0100
13389,-0.0022,-0.0073,0.9839
13390,-0.0037,-0.0071,0.9712
13391,-0.0066,0.0403,0.9849
13392,-0.0288,0.0066,0.9741
13393,0.0042,-0.0107,0.9868
13394,-0.0156,0.0164,0.9885
13395,-0.0132,-0.0076,0.9634
13396,0.0203,-0.0652,0.9624
13397,0.0117,0.0356,1.0005
13398,-0.0139,-0.0400,0.9565
13399,-0.0066,-0.0134,0.9751
13400,-0.0491,0.0205,0.9846
13401,-0.0439,0.0156,0.9927
13402,-0.0261,-0.0100,0.9595
13403,0.0039,-0.0098,0.9846
13404,0.0364,0.0288,0.9875
13405,0.0408,-0.0435,0.9712
13406,0.0391,-0.0002,1.0022
13407,0.0298,-0.0415,0.9722
13408,-0.0117,-0.0110,0.9915
13409,-0.0320,-0.0066,0.9543
13410,-0.0098,-0.0178,0.9604
13411,-0.0505,0.0002,0.9849
13412,-0.0188,0.0117,0.9790
13413,-0.0107,-0.0032,0.9661
13414,-0.0056,0.0271,0.9915
13415,0.0208,-0.0063,0.9917
13416,0.0457,-0.0217,0.9885
13417,0.0139,-0.0168,0.9915
13418,-0.0217,-0.0437,0.9907
13419,-0.0415,-0.0254,0.9731
13420,-0.0669,-0.0017,0.9888
13421,-0.0044,0.0356,0.9690
13422,0.0413,-0.0266,0.9478
13423,0.0381,0.0171,0.9897
13424,0.0244,-0.0254,0.9592
13425,-0.0371,0.0164,0.9797
13426,-0.0671,0.0337,0.9729
13427,-0.0583,-0.0300,0.9915
13428,-0.0098,-0.0261,0.9966
13429,0.0422,-0.0503,0.9907
13430,0.1172,0.0063,0.9731
13431,0.0667,-0.0054,0.9524
13432,0.0369,0.0452,1.0012
13433,-0.0627,-0.0540,0.9556
13434,-0.0950,0.0139,1.0081
13435,-0.0903,-0.0020,0.9670
13436,-0.0525,-0.0066,0.9712
13437,0.0161,0.0217,0.9768
13438,0.0388,-0.0305,0.9631
13439,0.0623,-0.0039,0.9966
13440,0.0198,-0.0227,0.9758
13441,0.0127,-0.0103,0.9934
13442,-0.0237,0.0203,0.9604
13443,-0.0593,0.0171,0.9966
13444,-0.0315,-0.0120,0.9653
13445,-0.0259,-0.0530,0.9897
13446,-0.0103,0.0549,1.0012
13447,0.0286,-0.0559,0.9351
13448,0.0618,0.0249,0.9917
13449,0.0156,-0.0178,0.9885
13450,0.0183,-0.0242,0.9907
13451,-0.0557,-0.0518,0.9614
13452,-0.0293,0.0874,0.9917
13453,-0.0234,-0.0317,0.9299
13454,0.0044,0.0205,1.0005
13455,0.0217,-0.0391,0.9966
13456,0.0293,-0.0569,0.9797
13457,-0.0078,0.0146,0.9937
13458,-0.0134,0.0205,0.9729
13459,-0.0176,-0.0671,0.9641
13460,-0.0225,-0.0247,1.0042
13461,-0.0188,0.0303,0.9993
13462,-0.0051,-0.0320,0.9253
13463,0.0122,0.0178,0.9846
13464,0.0161,0.0347,0.9905
13465,0.0222,-0.0383,0.9563
13466,-0.0188,0.0073,0.9739
13467,-0.0403,-0.0078,0.9915
13468,-0.0388,-0.0032,0.9758
13469,-0.0488,0.0024,0.9963
13470,0.0271,0.0403,0.9917
13471,0.0564,-0.0823,0.9644
13472,0.0864,0.0381,1.0295
13473,0.0300,-0.0486,0.9556
13474,-0.0327,-0.0029,0.9761
13475,-0.0745,-0.0068,0.9653
13476,-0.0566,-0.0005,0.9663
13477,-0.0554,-0.0032,0.9731
13478,0.0447,0.0183,0.9709
13479,0.0627,-0.0310,0.9702
13480,0.0210,0.0347,1.0181
13481,-0.0051,-0.0400,0.9685
13482,-0.0439,-0.0239,1.0015
13483,-0.0425,0.0374,0.9858
13484,-0.0347,-0.0728,0.9534
13485,0.0249,0.0337,0.9985
13486,0.0144,-0.0227,0.9624
13487,0.0251,0.0479,0.9966
13488,-0.0034,-0.0022,0.9592
13489,-0.0293,-0.0195,0.9819
13490,-0.0491,-0.0098,0.9897
13491,-0.0081,0.0117,0.9790
13492,-0.0210,-0.0542,0.9575
13493,0.0396,0.0330,1.0005
13494,0.0410,-0.0251,0.9692
13495,0.0210,-0.0190,0.9790
13496,0.0212,-0.0022,0.9839
13497,0.0024,-0.0269,0.9651
13498,-0.0349,0.0110,0.9888
13499,-0.0437,0.0171,0.9800
13500,-0.0422,-0.0508,0.9780
13501,-0.0083,0.0039,1.0024
13502,0.0444,0.0166,0.9819
13503,0.0217,-0.0217,0.9517
13504,0.0300,0.0029,0.9839
13505,-0.0293,-0.0156,0.9897
13506,-0.0562,0.0000,0.9878
13507,-0.0417,-0.0005,0.9565
13508,-0.0051,-0.0103,0.9658
13509,0.0020,-0.0005,0.9905
13510,0.0427,0.0063,0.9810
13511,0.0198,-0.0195,0.9634
13512,0.0103,0.0305,1.0076
13513,-0.0090,-0.0403,0.9612
13514,-0.0413,-0.0205,1.0054
13515,-0.0281,0.0339,0.9741
13516,-0.0225,-0.0576,0.9670
13517,0.0322,0.0557,0.9917
13518,0.0310,-0.0662,0.9624
13519,0.0657,0.0410,0.9934
13520,0.0044,-0.0745,0.9370
13521,-0.0188,0.0791,1.0269
13522,-0.0974,-0.0239,0.9465
13523,-0.0720,-0.0203,0.9985
13524,-0.0427,-0.0017,0.9749
13525,0.0034,0.0085,0.9985
13526,0.0706,-0.0444,0.9653
13527,0.0583,-0.0076,0.9897
13528,0.0488,0.0349,1.0073
13529,0.0029,-0.0747,0.9309
13530,-0.0466,0.0166,1.0132
13531,-0.0588,0.0107,0.9536
13532,-0.0583,-0.0400,0.9661
13533,-0.0442,0.0540,0.9751
13534,0.0078,-0.0310,0.9641
13535,0.0479,0.0166,0.9878
13536,0.0364,-0.0237,0.9866
13537,0.0840,0.0095,0.9915
13538,0.0044,-0.0762,0.9670
13539,-0.0242,0.0901,1.0256
13540,-0.0508,-0.0994,0.9263
13541,-0.0449,0.0427,1.0132
13542,-0.0769,-0.0461,0.9573
13543,0.0259,0.0029,0.9827
13544,0.0110,0.0242,0.9614
13545,0.0488,0.0308,0.9722
13546,0.0537,-0.0195,0.9802
13547,-0.0046,0.0046,1.0005
13548,-0.0046,-0.0217,0.9722
13549,-0.0664,-0.0085,0.9875
13550,-0.0471,0.0002,0.9912
13551,-0.0476,-0.0750,0.9761
13552,-0.0129,0.0469,0.9990
13553,0.0208,-0.0493,0.9270
13554,0.0386,0.0095,0.9917
13555,0.0271,0.0371,0.9761
13556,0.0364,-0.0264,0.9751
13557,-0.0161,0.0366,0.9807
13558,-0.0310,-0.0139,0.9788
13559,-0.0244,-0.0022,0.9846
13560,-0.0618,-0.0366,0.9758
13561,0.0015,-0.0020,1.0012
13562,-0.0056,-0.0728,0.9524
13563,0.0400,0.0281,1.0132
13564,0.0176,-0.0200,0.9565
13565,0.0388,0.0127,0.9712
13566,-0.0007,0.0127,0.9819
13567,-0.0234,0.0259,0.9888
13568,-0.0256,-0.0374,0.9663
13569,-0.0186,0.0388,0.9995
13570,-0.0332,-0.0256,0.9758
13571,-0.0122,-0.0632,0.9819
13572,-0.0127,-0.0059,0.9927
13573,0.0134,-0.0061,0.9651
13574,0.0051,-0.0125,0.9595
13575,-0.0046,-0.0166,0.9758
13576,0.0110,0.0535,0.9976
13577,-0.0305,-0.0002,0.9492
13578,0.0073,0.0107,0.9937
13579,0.0371,-0.0078,0.9856
13580,0.0151,-0.0352,0.9983
13581,0.0244,0.0161,0.9797
13582,-0.0203,-0.0708,0.9556
13583,-0.0569,-0.0100,1.0044
13584,-0.0435,0.0105,0.9768
13585,-0.0356,-0.0081,0.9495
13586,-0.0107,0.0068,0.9800
13587,0.0659,-0.0015,0.9875
13588,0.0491,-0.0271,0.9827
13589,0.0510,0.0857,0.9771
13590,-0.0020,-0.0598,0.9426
13591,-0.0574,-0.0039,1.0188
13592,-0.0962,-0.0366,0.9973
13593,-0.0474,-0.0132,0.9739
13594,-0.0134,-0.0154,0.9495
13595,0.0471,0.0081,1.0049
13596,0.0830,-0.0222,0.9634
13597,-0.0002,-0.0007,0.9758
13598,-0.0393,0.0547,0.9878
13599,-0.0479,-0.0566,0.9456
13600,-0.0688,0.0366,1.0200
13601,-0.0291,0.0356,0.9709
13602,0.0720,-0.1001,0.9504
13603,0.0420,-0.0117,1.0139
13604,0.0608,0.0120,0.9983
13605,0.0193,-0.0454,0.9377
13606,-0.0581,0.0061,0.9810
13607,-0.0312,0.0232,1.0042
13608,-0.0369,-0.0598,0.9712
13609,-0.0322,0.0498,0.9897
13610,0.0132,-0.0022,0.9465
13611,0.0256,0.0251,0.9836
13612,-0.0454,-0.0374,0.9976
13613,0.0083,-0.0061,1.0002
13614,-0.0212,-0.0676,0.9468
13615,0.0200,0.0632,0.9993
13616,0.0225,-0.0522,0.9368
13617,0.0022,-0.0259,1.0012
13618,-0.0071,0.0498,0.9929
13619,-0.0261,-0.0188,0.9719
13620,-0.0337,0.0034,0.9712
13621,-0.0210,-0.0088,0.9839
13622,-0.0061,0.0432,0.9917
13623,-0.0151,-0.0823,0.9546
13624,0.0493,0.0178,1.0061
13625,0.0044,-0.0183,0.9683
13626,0.0342,0.0122,0.9731
13627,0.0034,-0.0691,0.9524
13628,-0.0049,0.0469,1.0181
13629,-0.0376,-0.0151,0.9661
13630,-0.0129,0.0247,0.9666
13631,-0.0444,-0.0403,0.9651
13632,-0.0154,0.0085,1.0100
13633,-0.0049,-0.0237,0.9924
13634,0.0256,0.0225,0.9661
13635,0.0173,-0.0271,0.9692
13636,0.0173,0.0122,0.9937
13637,-0.0249,-0.0698,0.9695
13638,-0.0261,0.0444,0.9856
13639,-0.0378,-0.0173,0.9565
13640,0.0176,0.0286,0.9836
13641,-0.0132,-0.0542,0.9836
13642,0.0330,0.0464,0.9917
13643,-0.0015,-0.0435,0.9487
13644,-0.0022,0.0632,1.0022
13645,-0.0371,-0.1033,0.9683
13646,0.0059,0.0222,1.0168
13647,-0.0122,-0.0144,0.9556
13648,0.0320,0.0269,0.9763
13649,0.0293,-0.0552,0.9631
13650,0.0212,0.0264,1.0159
13651,-0.0159,-0.0159,0.9651
13652,-0.0393,-0.0151,0.9563
13653,-0.0505,0.0161,0.9954
13654,-0.0413,0.0020,0.9778
13655,0.0000,-0.0305,0.9739
13656,0.0288,0.0010,0.9780
13657,0.0625,-0.0095,1.0044
13658,0.0149,-0.0066,0.9819
13659,-0.0332,-0.0334,0.9885
13660,-0.0461,0.0139,0.9741
13661,-0.0818,-0.0234,0.9653
13662,0.0088,0.0486,0.9797
13663,0.0530,-0.0391,0.9485
13664,0.0571,0.0325,1.0168
13665,0.0522,-0.0310,0.9661
13666,-0.0342,-0.0100,0.9934
13667,-0.0957,0.0051,0.9758
13668,-0.0750,-0.0471,0.9624
13669,-0.0383,0.0103,0.9954
13670,0.0291,-0.0203,0.9751
13671,0.1130,-0.0354,0.9641
13672,0.0830,0.0359,0.9856
13673,0.0459,0.0352,0.9893
13674,-0.0173,-0.0823,0.9443
13675,-0.0923,0.0295,1.0222
13676,-0.0818,0.0054,0.9702
13677,-0.0825,-0.0776,0.9526
13678,-0.0344,0.0535,1.0071
13679,0.0261,-0.0088,0.9790
13680,0.0742,0.0090,0.9807
13681,0.0811,-0.0366,0.9622
13682,0.0696,0.0242,1.0024
13683,-0.0361,-0.0161,0.9624
13684,-0.0540,-0.0283,0.9731
13685,-0.1111,0.0042,0.9963
13686,-0.0742,0.0090,0.9888
13687,0.0088,-0.0781,0.9585
13688,0.0576,0.0220,0.9963
13689,0.0720,-0.0154,0.9565
13690,0.0874,0.0105,0.9709
13691,-0.0081,0.0396,0.9866
13692,-0.0522,-0.0649,0.9739
13693,-0.0745,-0.0017,1.0034
13694,-0.0615,0.0312,0.9758
13695,-0.0105,-0.0222,0.9438
13696,0.0371,-0.0349,0.9856
13697,0.0378,0.0020,1.0142
13698,0.0310,-0.0168,0.9663
13699,-0.0010,-0.0083,0.9680
13700,-0.0020,0.0603,0.9807
13701,-0.0371,-0.0383,0.9790
13702,0.0081,-0.0103,0.9937
13703,-0.0063,-0.0464,0.9583
13704,0.0061,0.0659,0.9973
13705,-0.0100,-0.0557,0.9468
13706,-0.0347,-0.0720,0.9971
13707,-0.0444,0.0081,1.0044
13708,-0.0474,0.0059,0.9614
13709,-0.0059,-0.0017,0.9348
13710,0.0337,0.0107,0.9868
13711,0.0652,0.0232,1.0051
13712,0.0515,-0.0349,0.9587
13713,0.0627,0.0400,0.9937
13714,-0.0139,-0.0220,0.9670
13715,-0.0679,-0.0334,1.0103
13716,-0.0713,-0.0461,0.9661
13717,-0.0874,-0.0229,0.9907
13718,-0.0295,0.0295,0.9661
13719,0.0122,-0.0608,0.9556
13720,0.0605,0.0662,1.0208
13721,0.0693,-0.0337,0.9329
13722,0.0562,0.0437,1.0051
13723,-0.0195,-0.0054,0.9573
13724,-0.0317,-0.0642,0.9827
13725,-0.0835,0.0186,0.9905
13726,-0.0559,-0.0085,0.9810
13727,0.0103,-0.0598,0.9661
13728,0.0056,-0.0012,0.9927
13729,0.0479,0.0527,0.9956
13730,0.0125,-0.0366,0.9329
13731,-0.0022,0.0137,1.0051
13732,-0.0166,0.0010,0.9858
13733,-0.0049,0.0127,0.9670
13734,-0.0215,-0.0293,0.9556
13735,0.0320,-0.0056,0.9885
13736,0.0149,-0.0237,0.9944
13737,0.0176,-0.0107,0.9800
13738,-0.0098,-0.0571,0.9585
13739,-0.0300,0.0022,0.9993
13740,-0.0625,0.0010,0.9819
13741,-0.0356,0.0063,0.9731
13742,0.0032,0.0334,0.9712
13743,0.0349,-0.0098,0.9741
13744,0.0454,-0.0239,0.9954
13745,0.0220,-0.0037,0.9827
13746,0.0195,-0.0078,0.9683
13747,-0.0405,0.0049,0.9800
13748,-0.0581,-0.0459,0.9758
13749,-0.0430,-0.0544,0.9797
13750,-0.0376,0.0547,0.9934
13751,0.0176,0.0151,0.9331
13752,0.0400,0.0081,0.9849
13753,0.0273,0.0149,1.0081
13754,0.0371,-0.0544,0.9761
13755,0.0093,0.0190,0.9819
13756,-0.0261,-0.0417,0.9604
13757,-0.0310,-0.0415,1.0002
13758,-0.0620,-0.0386,0.9875
13759,-0.0090,-0.0078,0.9670
13760,0.0017,0.0149,0.9546
13761,0.0305,0.0234,0.9751
13762,0.0339,-0.0015,0.9644
13763,-0.0142,0.0420,0.9907
13764,-0.0046,0.0166,0.9731
13765,-0.0200,-0.0283,0.9836
13766,-0.0090,0.0186,1.0181
13767,0.0310,-0.0764,0.9653
13768,0.0103,-0.0266,0.9924
13769,-0.0181,-0.0039,0.9868
13770,-0.0161,-0.0286,0.9563
13771,-0.0691,0.0198,0.9758
13772,-0.0278,0.0442,0.9634
13773,0.0017,-0.0425,0.9575
13774,0.0405,0.0791,0.9954
13775,0.0408,-0.0493,0.9651
13776,0.0647,-0.0061,0.9866
13777,-0.0139,-0.0498,0.9917
13778,-0.0317,-0.0154,1.0015
13779,-0.0525,-0.0647,0.9585
13780,-0.0618,-0.0010,0.9917
13781,-0.0188,0.0098,0.9751
13782,0.0271,0.0151,0.9719
13783,0.0288,0.0205,0.9702
13784,0.0781,0.0562,0.9829
13785,0.0220,-0.0210,0.9749
13786,-0.0042,-0.0190,0.9915
13787,-0.0237,-0.0254,0.9927
13788,-0.0845,-0.0266,0.9658
13789,-0.0923,-0.0608,0.9780
13790,-0.0303,-0.0115,0.9944
13791,-0.0081,-0.0247,0.9685
13792,0.0823,0.0486,0.9839
13793,0.0916,-0.0034,0.9417
13794,0.0410,0.0117,0.9956
13795,-0.0107,0.0632,0.9866
13796,-0.0811,-0.0281,0.9624
13797,-0.0774,-0.0137,0.9915
13798,-0.0232,-0.0378,0.9917
13799,0.0181,-0.0432,0.9924
13800,0.0398,-0.0286,0.9722
13801,0.0618,-0.0164,0.9780
13802,0.0149,0.0195,0.9729
13803,-0.0051,0.0581,0.9800
13804,-0.0479,-0.0330,0.9536
13805,-0.0583,0.0017,0.9917
13806,-0.0410,0.0322,0.9846
13807,-0.0100,-0.0085,0.9641
13808,0.0227,-0.0278,0.9741
13809,0.0496,-0.0454,0.9985
13810,0.0166,-0.0186,1.0110
13811,-0.0122,-0.0522,0.9592
13812,-0.0117,-0.0029,0.9780
13813,-0.0303,0.0400,0.9858
13814,-0.0244,-0.0256,0.9543
13815,-0.0073,-0.0081,0.9722
13816,0.0078,0.0605,0.9827
13817,0.0227,-0.0010,0.9526
13818,-0.0037,-0.0002,0.9856
13819,0.0107,0.0100,1.0032
13820,-0.0149,-0.0662,0.9836
13821,-0.0129,-0.0225,0.9995
13822,-0.0115,-0.0457,0.9788
13823,-0.0166,-0.0161,0.9800
13824,-0.0176,-0.0059,0.9788
13825,0.0400,0.0195,0.9758
13826,0.0115,-0.0095,0.9575
13827,0.0535,0.0391,0.9956
13828,0.0000,-0.0227,0.9377
13829,-0.0552,0.0315,0.9924
13830,-0.0747,0.0037,0.9768
13831,-0.0696,-0.0642,0.9817
13832,-0.0225,0.0012,1.0083
13833,0.0688,-0.0259,0.9739
13834,0.0627,-0.0188,0.9807
13835,0.1077,0.0347,1.0005
13836,0.0156,-0.0300,0.9653
13837,-0.0710,0.0129,0.9827
13838,-0.0942,0.0198,0.9602
13839,-0.1104,-0.0305,0.9536
13840,-0.0488,0.0115,0.9849
13841,0.0515,-0.0264,0.9780
13842,0.0869,-0.0225,0.9749
13843,0.1028,0.0212,0.9995
13844,0.0498,-0.0530,0.9622
13845,-0.0293,-0.0254,1.0051
13846,-0.0676,0.0325,0.9836
13847,-0.1262,-0.0642,0.9409
13848,-0.0530,0.0593,1.0073
13849,0.0015,-0.0420,0.9534
13850,0.0684,0.0154,1.0054
13851,0.0989,0.0305,0.9553
13852,0.0696,-0.0293,0.9692
13853,-0.0295,0.0281,0.9915
13854,-0.0645,-0.0464,0.9800
13855,-0.1042,-0.0110,0.9905
13856,-0.1086,-0.0247,0.9893
13857,0.0090,-0.0081,0.9858
13858,0.0393,-0.0310,0.9622
13859,0.1052,0.0667,0.9963
13860,0.1118,-0.0737,0.9319
13861,0.0164,0.0051,1.0083
13862,-0.0593,0.0364,0.9836
13863,-0.0935,-0.0642,0.9419
13864,-0.1128,0.0107,0.9995
13865,-0.0515,0.0051,0.9966
13866,0.0547,-0.0322,0.9592
13867,0.0518,-0.0032,0.9692
13868,0.0959,0.0469,1.0044
13869,0.0530,-0.0645,0.9553
13870,-0.0339,0.0405,1.0188
13871,-0.0696,0.0071,0.9583
13872,-0.0566,-0.0479,0.9575
13873,-0.0593,0.0154,0.9983
13874,0.0039,-0.0090,0.9722
13875,0.0068,-0.0408,0.9653
13876,0.0122,0.0393,0.9871
13877,0.0251,-0.0154,0.9778
13878,0.0300,-0.0015,0.9780
13879,0.0249,-0.0281,0.9670
13880,0.0251,0.0029,0.9846
13881,-0.0410,0.0081,0.9810
13882,-0.0637,-0.0239,0.9795
13883,-0.0811,-0.0107,0.9856
13884,-0.0425,0.0044,0.9866
13885,0.0151,-0.0454,0.9475
13886,0.0723,0.0293,0.9966
13887,0.1062,0.0037,0.9556
13888,0.0732,-0.0447,0.9839
13889,-0.0132,0.0508,1.0161
13890,-0.0901,-0.0542,0.9592
13891,-0.0906,0.0176,0.9907
13892,-0.1084,-0.0217,0.9741
13893,0.0085,-0.0393,0.9729
13894,0.0344,-0.0178,0.9644
13895,0.0596,0.0420,0.9995
13896,0.0776,-0.0479,0.9348
13897,0.0383,0.0269,1.0081
13898,-0.0103,0.0344,0.9907
13899,-0.0344,-0.0718,0.9407
13900,-0.0659,0.0496,1.0098
13901,-0.1003,-0.0112,0.9758
13902,-0.0459,-0.0417,0.9917
13903,-0.0054,-0.0085,0.9819
13904,0.0671,0.0151,0.9858
13905,0.1023,-0.0098,0.9417
13906,0.0635,-0.0022,0.9902
13907,0.0103,-0.0012,0.9917
13908,-0.0730,-0.0061,0.9700
13909,-0.0862,0.0459,0.9907
13910,-0.0613,-0.0303,0.9438
13911,-0.0146,-0.0564,1.0112
13912,0.0354,0.0193,0.9966
13913,0.0552,-0.0498,0.9497
13914,0.0437,0.0383,0.9739
13915,0.0076,-0.0273,0.9690
13916,-0.0254,0.0071,1.0044
13917,-0.0811,-0.0381,0.9709
13918,-0.0286,0.0369,0.9878
13919,-0.0103,0.0020,0.9575
13920,0.0251,0.0198,0.9985
13921,0.0400,-0.0808,0.9585
13922,0.0127,-0.0059,1.0188
13923,-0.0039,0.0227,0.9722
13924,-0.0298,-0.0630,0.9441
13925,-0.0476,0.0706,1.0002
13926,-0.0464,-0.0247,0.9688
13927,0.0120,-0.0173,0.9790
13928,-0.0151,-0.0256,0.9749
13929,0.0562,0.0798,1.0139
13930,0.0608,-0.0603,0.9312
13931,0.0303,0.0083,1.0139
13932,0.0032,-0.0186,0.9810
13933,-0.0435,-0.0608,0.9722
13934,-0.0889,0.0103,0.9810
13935,-0.0684,-0.0149,0.9846
13936,-0.0166,0.0039,0.9692
13937,0.0071,-0.0120,0.9556
13938,0.0791,0.0620,0.9885
13939,0.0481,-0.0435,0.9465
13940,0.0547,0.0444,1.0249
13941,0.0044,-0.0159,0.9622
13942,-0.0537,-0.0042,0.9973
13943,-0.0669,-0.0378,0.9771
13944,-0.0850,-0.0474,0.9954
13945,-0.0684,0.0303,0.9849
13946,0.0100,-0.0264,0.9380
13947,0.0635,0.0137,0.9885
13948,0.0901,0.0205,0.9680
13949,0.1057,0.0112,0.9839
13950,-0.0042,0.0168,0.9651
13951,-0.0464,-0.0271,0.9924
13952,-0.1077,-0.0405,0.9885
13953,-0.1138,-0.0198,0.9868
13954,-0.0427,-0.0127,0.9602
13955,0.0388,-0.0476,0.9622
13956,0.0808,0.0400,1.0054
13957,0.0676,-0.0237,0.9563
13958,0.0618,0.0376,0.9790
13959,-0.0142,0.0176,0.9731
13960,-0.0454,0.0222,0.9934
13961,-0.0808,-0.0620,0.9778
13962,-0.0901,-0.0059,1.0081
13963,-0.0376,-0.0308,0.9644
13964,0.0081,-0.0015,0.9829
13965,0.0525,-0.0085,0.9622
13966,0.0825,-0.0481,0.9768
13967,0.0618,0.0479,0.9875
13968,0.0059,0.0146,0.9612
13969,-0.0244,0.0308,0.9866
13970,-0.0718,-0.0432,0.9800
13971,-0.0645,0.0024,1.0042
13972,-0.0601,-0.0076,0.9692
13973,0.0117,-0.0308,0.9690
13974,0.0310,-0.0422,0.9771
13975,0.0542,0.0342,1.0071
13976,0.0435,-0.0142,0.9426
13977,0.0215,0.0042,0.9739
13978,-0.0098,0.0398,0.9963
13979,-0.0154,-0.0032,0.9778
13980,-0.0652,-0.0203,0.9836
13981,-0.0544,-0.0334,0.9839
13982,-0.0034,-0.0188,0.9878
13983,-0.0544,-0.0151,0.9780
13984,0.0320,0.0144,0.9702
13985,0.0574,-0.0376,0.9448
13986,0.0049,0.0537,1.0022
13987,0.0227,0.0281,0.9729
13988,-0.0044,-0.0408,0.9595
13989,-0.0820,0.0354,1.0217
13990,-0.0288,-0.0095,0.9858
13991,0.0063,-0.0801,0.9534
13992,0.0005,0.0249,1.0103
13993,0.0635,-0.0193,0.9536
13994,0.0295,-0.0686,0.9673
13995,-0.0344,0.0840,1.0149
13996,-0.0293,-0.0715,0.9497
13997,-0.0259,0.0007,0.9907
13998,-0.0522,0.0232,0.9709
13999,0.0244,0.0208,0.9683
14000,0.0190,-0.0415,0.9546
14001,0.0474,0.0239,1.0200
14002,0.0286,-0.0095,0.9827
14003,-0.0029,-0.0308,0.9702
14004,-0.0342,-0.0125,0.9937
14005,-0.0449,-0.0127,0.9866
14006,-0.0530,-0.0212,0.9827
14007,-0.0129,0.0332,0.9653
14008,0.0146,-0.0049,0.9612
14009,0.0251,-0.0039,0.9739
14010,0.0596,0.0310,0.9788
14011,0.0093,-0.0046,0.9771
14012,-0.0049,-0.0244,0.9790
14013,-0.0256,-0.0334,0.9946
14014,-0.0466,0.0295,1.0022
14015,-0.0413,-0.0557,0.9436
14016,0.0181,-0.0107,0.9856
14017,0.0017,0.0212,0.9888
14018,0.0171,-0.0261,0.9702
14019,0.0325,-0.0039,0.9595
14020,-0.0178,0.0320,0.9917
14021,-0.0083,0.0066,0.9702
14022,0.0046,-0.0447,0.9624
14023,-0.0278,0.0176,1.0149
14024,0.0066,-0.0244,0.9722
14025,-0.0193,-0.0498,0.9797
14026,-0.0205,0.0483,0.9878
14027,-0.0046,-0.0210,0.9670
14028,0.0046,-0.0073,0.9761
14029,-0.0120,-0.0166,0.9875
14030,0.0127,0.0427,0.9944
14031,-0.0190,-0.0693,0.9399
14032,0.0005,0.0300,1.0071
14033,-0.0286,-0.0083,0.9729
14034,0.0190,-0.0388,0.9797
14035,0.0137,-0.0095,0.9622
14036,0.0217,0.0491,0.9946
14037,0.0278,-0.0347,0.9485
14038,-0.0164,-0.0288,0.9924
14039,-0.0251,0.0527,1.0110
14040,-0.0479,-0.0742,0.9485
14041,-0.0508,0.0251,0.9973
14042,-0.0208,-0.0251,0.9719
14043,0.0408,-0.0051,0.9739
14044,0.0222,-0.0120,0.9670
14045,0.0740,0.0391,0.9963
14046,0.0222,-0.0537,0.9612
14047,-0.0178,0.0532,1.0112
14048,-0.0457,-0.0193,0.9585
14049,-0.0608,-0.0305,0.9819
14050,-0.0486,-0.0112,1.0022
14051,0.0015,-0.0090,0.9778
14052,0.0081,-0.0015,0.9700
14053,0.0364,-0.0029,0.9741
14054,0.0469,0.0034,0.9866
14055,-0.0034,0.0208,0.9797
14056,0.0020,-0.0122,0.9622
14057,-0.0205,-0.0156,0.9800
14058,-0.0303,0.0063,0.9983
14059,-0.0115,-0.0554,0.9790
14060,-0.0364,-0.0208,0.9888
14061,-0.0056,0.0142,0.9700
14062,0.0007,-0.0205,0.9702
14063,0.0137,0.0012,0.9827
14064,0.0303,-0.0298,0.9692
14065,0.0244,0.0452,0.9875
14066,0.0044,-0.0134,0.9546
14067,0.0000,-0.0090,0.9905
14068,-0.0505,-0.0090,1.0042
14069,-0.0181,-0.0125,0.9819
14070,-0.0176,-0.0410,0.9534
14071,-0.0103,0.0300,0.9976
14072,0.0291,-0.0190,0.9565
14073,0.0144,-0.0149,0.9817
14074,0.0005,0.0413,0.9993
14075,0.0100,-0.0227,0.9602
14076,-0.0107,0.0066,0.9963
14077,-0.0251,0.0088,0.9790
14078,-0.0154,-0.0647,0.9673
14079,-0.0242,0.0261,0.9976
14080,-0.0054,-0.0144,0.9612
14081,0.0520,-0.0181,0.9624
14082,0.0237,0.0005,0.9868
14083,0.0249,-0.0063,0.9927
14084,0.0168,-0.0027,0.9673
14085,-0.0649,0.0315,0.9866
14086,-0.0417,0.0012,0.9690
14087,-0.0645,-0.0588,0.9829
14088,-0.0256,0.0051,1.0002
14089,0.0408,-0.0132,0.9563
14090,0.0537,-0.0046,0.9771
14091,0.0535,0.0081,0.9829
14092,0.0427,-0.0300,0.9907
14093,-0.0430,-0.0107,0.9692
14094,-0.0696,0.0039,0.9895
14095,-0.0403,0.0178,0.9702
14096,-0.0532,-0.0432,0.9709
14097,0.0034,0.0176,1.0042
14098,0.0500,-0.0349,0.9604
14099,0.0488,0.0112,0.9927
14100,0.0315,-0.0173,0.9761
14101,0.0183,0.0032,0.9875
14102,-0.0708,-0.0090,0.9700
14103,-0.0496,0.0181,0.9771
14104,-0.0540,-0.0315,0.9592
14105,-0.0283,0.0117,0.9946
14106,0.0217,-0.0249,0.9871
14107,0.0476,-0.0198,0.9731
14108,0.0759,0.0129,0.9817
14109,0.0630,-0.0090,0.9839
14110,0.0132,-0.0295,0.9788
14111,-0.0583,-0.0215,0.9800
14112,-0.0886,0.0356,0.9878
14113,-0.1182,-0.0417,0.9517
14114,-0.0359,0.0344,0.9915
14115,0.0183,0.0146,0.9722
14116,0.0974,-0.0027,0.9768
14117,0.1099,-0.0244,0.9692
14118,0.0806,0.0034,1.0081
14119,-0.0308,-0.0283,0.9751
14120,-0.0935,-0.0347,0.9768
14121,-0.1152,0.0403,0.9915
14122,-0.0820,-0.0439,0.9614
14123,-0.0005,-0.0212,0.9749
14124,0.0742,0.0327,0.9885
14125,0.1057,0.0034,0.9458
14126,0.0608,-0.0168,0.9692
14127,0.0186,0.0444,1.0151
14128,-0.0378,-0.0569,0.9536
14129,-0.0986,-0.0115,1.0120
14130,-0.0593,-0.0032,0.9856
14131,-0.0559,-0.0806,0.9680
14132,-0.0088,0.0481,1.0071
14133,0.0234,-0.0303,0.9504
14134,0.0571,-0.0017,0.9758
14135,0.0566,0.0149,0.9612
14136,0.0439,0.0312,0.9944
14137,-0.0032,-0.0071,0.9573
14138,-0.0220,-0.0420,1.0015
14139,-0.0623,0.0208,1.0032
14140,-0.0813,-0.0405,0.9661
14141,-0.0217,0.0056,0.9836
14142,-0.0020,-0.0239,0.9651
14143,0.0513,-0.0024,0.9917
14144,0.0481,-0.0288,0.9517
14145,0.0010,0.0056,0.9905
14146,0.0039,0.0120,0.9683
14147,-0.0410,-0.0056,0.9751
14148,-0.0376,0.0286,0.9915
14149,0.0010,-0.0591,0.9514
14150,0.0227,-0.0029,1.0090
14151,-0.0015,0.0078,0.9749
14152,0.0239,-0.0220,0.9849
14153,-0.0093,-0.0239,0.9673
14154,-0.0156,-0.0034,0.9973
14155,-0.0061,0.0105,0.9690
14156,-0.0159,-0.0261,0.9565
14157,-0.0166,0.0393,1.0022
14158,-0.0146,-0.0024,0.9680
14159,-0.0132,-0.0046,0.9751
14160,-0.0049,0.0012,0.9595
14161,0.0020,-0.0166,0.9963
14162,0.0430,-0.0171,0.9827
14163,0.0151,-0.0388,0.9819
14164,0.0017,0.0090,0.9934
14165,-0.0337,-0.0564,0.9692
14166,-0.0378,-0.0190,0.9993
14167,-0.0417,0.0000,0.9622
14168,0.0012,0.0679,0.9712
14169,0.0515,-0.0120,0.9282
14170,0.0525,-0.0176,1.0090
14171,-0.0010,0.0083,1.0081
14172,-0.0161,-0.0237,0.9722
14173,-0.0422,-0.0024,0.9719
14174,-0.0637,-0.0469,0.9846
14175,-0.0022,-0.0227,1.0032
14176,-0.0227,-0.0488,0.9517
14177,0.0303,0.0273,0.9866
14178,-0.0078,-0.0081,0.9653
14179,0.0259,0.0457,0.9956
14180,0.0220,0.0034,0.9565
14181,0.0283,-0.0071,0.9661
14182,0.0156,-0.0073,0.9829
14183,-0.0176,-0.0166,0.9915
14184,-0.0603,-0.0339,0.9827
14185,-0.0767,-0.0115,0.9827
14186,-0.0374,0.0078,0.9895
14187,-0.0012,-0.0178,0.9641
14188,0.0579,-0.0212,0.9761
14189,0.0830,0.0295,0.9807
14190,0.0469,-0.0071,0.9731
14191,0.0081,-0.0010,0.9670
14192,-0.0540,0.0149,0.9956
14193,-0.0847,-0.0073,0.9846
14194,-0.0532,-0.0991,0.9597
14195,-0.0078,0.0342,1.0103
14196,0.0144,-0.0134,0.9575
14197,0.0654,-0.0481,0.9563
14198,0.0308,-0.0005,0.9907
14199,-0.0068,0.0659,1.0054
14200,-0.0273,-0.0330,0.9370
14201,-0.0359,0.0320,0.9944
14202,-0.0381,-0.0022,1.0051
14203,0.0098,-0.0386,0.9739
14204,0.0098,-0.0288,0.9875
14205,0.0093,0.0088,0.9792
14206,0.0151,-0.0662,0.9612
14207,-0.0303,-0.0042,0.9993
14208,-0.0491,0.0056,0.9634
14209,0.0068,0.0154,0.9690
14210,-0.0054,0.0076,0.9653
14211,0.0186,0.0161,1.0027
14212,0.0510,0.0103,0.9829
14213,0.0090,-0.0549,0.9731
14214,-0.0068,0.0068,1.0024
14215,-0.0342,-0.0361,0.9690
14216,-0.0415,-0.0232,0.9719
14217,-0.0288,-0.0027,0.9729
14218,-0.0032,0.0005,0.9829
14219,0.0110,-0.0056,0.9709
14220,0.0435,0.0491,0.9895
14221,0.0078,0.0071,0.9709
14222,0.0317,-0.0039,0.9749
14223,-0.0315,-0.0298,0.9895
14224,-0.0413,0.0017,1.0093
14225,-0.0215,-0.0767,0.9387
14226,-0.0342,0.0000,1.0046
14227,0.0103,0.0679,0.9993
14228,0.0344,-0.1062,0.9341
14229,0.0210,0.0391,1.0071
14230,0.0010,0.0469,0.9731
14231,-0.0046,-0.0325,0.9495
14232,-0.0510,0.0020,0.9868
14233,-0.0129,0.0234,1.0168
14234,-0.0134,-0.0527,0.9514
14235,-0.0017,-0.0088,0.9966
14236,0.0439,0.0071,0.9944
14237,0.0144,-0.0874,0.9575
14238,0.0125,0.0405,1.0002
14239,0.0049,0.0039,0.9397
14240,-0.0264,-0.0254,0.9788
14241,-0.0339,0.0051,1.0002
14242,-0.0527,-0.0027,0.9856
14243,-0.0344,0.0325,0.9663
14244,0.0039,-0.0261,0.9604
14245,0.0396,-0.0354,1.0022
14246,0.0483,0.0007,0.9917
14247,0.0361,-0.0435,0.9680
14248,-0.0107,-0.0115,0.9780
14249,-0.0469,0.0320,0.9976
14250,-0.0544,-0.0034,0.9739
14251,-0.0569,-0.0251,0.9631
14252,0.0032,0.0127,0.9907
14253,0.0505,0.0149,0.9683
14254,0.0535,-0.0049,0.9661
14255,0.0393,0.0042,0.9839
14256,0.0166,-0.0300,0.9956
14257,-0.0789,-0.0325,0.9863
14258,-0.0818,0.0237,0.9905
14259,-0.0225,-0.0203,0.9604
14260,0.0078,-0.0388,0.9771
14261,0.0564,0.0278,1.0103
14262,0.0400,-0.0334,0.9575
14263,0.0195,-0.0039,0.9673
14264,-0.0308,0.0283,0.9910
14265,-0.0471,-0.0132,0.9722
14266,-0.0273,-0.0471,0.9556
14267,-0.0051,0.0291,1.0103
14268,0.0315,-0.0122,0.9709
14269,0.0459,-0.0454,0.9741
14270,-0.0085,0.0554,1.0022
14271,-0.0237,-0.0271,0.9702
14272,-0.0652,-0.0537,0.9790
14273,-0.0635,0.0188,1.0002
14274,-0.0293,0.0020,0.9575
14275,0.0371,-0.0005,0.9417
14276,0.0618,-0.0112,0.9985
14277,0.0708,-0.0085,0.9946
14278,0.0483,-0.0232,0.9653
14279,0.0012,0.0571,0.9897
14280,-0.0439,-0.0574,0.9456
14281,-0.0762,-0.0447,1.0100
14282,-0.0913,0.0508,1.0024
14283,-0.0598,-0.0620,0.9504
14284,0.0115,-0.0193,0.9741
14285,0.0583,0.0320,0.9983
14286,0.0874,0.0134,0.9644
14287,0.0486,-0.0625,0.9458
14288,0.0381,0.0564,1.0200
14289,-0.0635,-0.0425,0.9749
14290,-0.0554,0.0073,0.9976
14291,-0.0640,-0.0378,0.9536
14292,-0.0232,0.0237,1.0051
14293,0.0061,-0.0229,0.9614
14294,0.0208,-0.0112,0.9722
14295,0.0305,0.0286,0.9731
14296,0.0095,0.0068,0.9849
14297,0.0044,0.0012,0.9924
14298,0.0066,-0.0332,0.9683
14299,-0.0134,0.0208,1.0034
14300,-0.0049,-0.0017,0.9534
14301,-0.0374,-0.0789,0.9749
14302,-0.0356,0.0281,1.0093
14303,-0.0015,-0.0305,0.9507
14304,0.0125,0.0015,0.9749
14305,0.0227,0.0159,0.9849
14306,0.0383,-0.0447,0.9729
14307,-0.0254,0.0161,0.9829
14308,-0.0151,0.0474,0.9758
14309,-0.0420,-0.0757,0.9446
14310,-0.0374,0.0273,1.0393
14311,0.0125,-0.0315,0.9800
14312,0.0298,-0.0344,0.9575
14313,0.0183,0.0391,0.9897
14314,0.0168,-0.0010,0.9670
14315,-0.0273,-0.0320,0.9741
14316,-0.0479,0.0327,0.9817
14317,-0.0361,-0.0259,0.9651
14318,0.0049,-0.0095,0.9817
14319,0.0144,-0.0017,0.9868
14320,0.0442,0.0142,0.9836
14321,0.0325,-0.0513,0.9653
14322,0.0220,0.0015,0.9907
14323,-0.0322,-0.0100,0.9800
14324,-0.0491,0.0164,0.9751
14325,-0.0481,-0.0747,0.9465
14326,-0.0396,0.0608,1.0276
14327,-0.0259,-0.0276,0.9475
14328,0.0483,-0.0220,0.9644
14329,0.0505,0.0618,0.9827
14330,0.0527,0.0017,0.9758
14331,0.0325,-0.0310,0.9905
14332,-0.0398,0.0015,0.9973
14333,-0.0798,-0.0198,0.9878
14334,-0.0774,-0.0276,0.9731
14335,-0.0466,-0.0334,0.9749
14336,0.0105,0.0049,0.9771
14337,0.0649,0.0078,0.9670
14338,0.0762,-0.0173,0.9624
14339,0.0447,0.0117,0.9946
14340,0.0237,0.0430,0.9866
14341,-0.0835,-0.0583,0.9468
14342,-0.0676,0.0422,1.0063
14343,-0.0820,-0.0537,0.9683
14344,-0.0371,-0.0144,1.0002
14345,0.0422,0.0054,0.9751
14346,0.0964,-0.0420,0.9817
14347,0.0596,-0.0203,0.9800
14348,0.0312,0.0193,0.9885
14349,-0.0278,0.0291,0.9595
14350,-0.0889,-0.0112,0.9446
14351,-0.0576,0.0210,1.0112
14352,-0.0393,-0.0132,0.9651
14353,0.0039,-0.0435,0.9692
14354,0.0359,0.0388,0.9963
14355,0.0400,-0.0215,0.9758
14356,0.0532,-0.0278,0.9827
14357,-0.0378,-0.0413,0.9946
14358,-0.0059,0.0342,0.9849
14359,-0.0286,-0.0464,0.9426
14360,-0.0415,0.0747,1.0103
14361,-0.0171,-0.0386,0.9543
14362,0.0061,-0.0037,0.9907
14363,0.0171,0.0244,0.9622
14364,0.0291,-0.0100,0.9692
14365,0.0071,-0.0361,0.9788
14366,0.0183,-0.0046,0.9956
14367,-0.0259,-0.0056,0.9749
14368,-0.0500,-0.0081,0.9829
14369,0.0120,-0.0305,0.9731
14370,-0.0134,-0.0291,0.9954
14371,0.0186,0.0703,0.9895
14372,0.0044,-0.0796,0.9241
14373,-0.0171,0.0520,1.0159
14374,-0.0400,-0.0085,0.9517
14375,-0.0349,-0.0107,0.9907
14376,0.0144,0.0151,0.9692
14377,0.0493,-0.0410,0.9780
14378,0.0649,0.0620,1.0159
14379,0.0178,-0.0601,0.9465
14380,-0.0154,-0.0369,1.0005
14381,-0.0942,0.0427,0.9993
14382,-0.0911,-0.0120,0.9692
14383,-0.0701,-0.0630,0.9485
14384,0.0220,0.0208,1.0061
14385,0.0591,-0.0078,0.9690
14386,0.0986,0.0183,0.9604
14387,0.0669,-0.0017,0.9622
14388,0.0100,-0.0149,0.9954
14389,-0.0498,-0.0085,1.0022
14390,-0.0864,-0.0386,0.9663
14391,-0.0745,0.0095,0.9778
14392,-0.0547,-0.0171,0.9885
14393,-0.0090,0.0027,0.9917
14394,0.0447,-0.0403,0.9604
14395,0.0776,0.0615,0.9829
14396,0.0959,0.0137,0.9487
14397,0.0527,-0.0327,0.9800
14398,-0.0229,-0.0007,1.0022
14399,-0.0952,-0.0181,0.9790
14400,-0.1235,-0.0168,0.9878
14401,-0.0791,-0.0330,0.9651
14402,-0.0215,-0.0171,0.9983
14403,0.0671,0.0417,0.9739
14404,0.1025,-0.0598,0.9348
14405,0.0703,0.0479,1.0151
14406,0.0029,0.0115,0.9800
14407,-0.0237,-0.0259,0.9722
14408,-0.0664,0.0344,0.9856
14409,-0.0432,-0.0259,0.9749
14410,0.0073,-0.0403,0.9768
14411,-0.0264,0.0068,0.9985
14412,-0.0002,-0.0166,0.9670
14413,0.0149,-0.0251,0.9709
14414,0.0093,0.0654,1.0032
14415,0.0195,-0.0498,0.9546
14416,0.0476,0.0198,0.9915
14417,-0.0320,-0.0142,0.9856
14418,0.0022,0.0232,0.9858
14419,-0.0647,-0.0823,0.9465
14420,-0.0603,0.0259,1.0198
14421,-0.0288,-0.0579,0.9585
14422,0.0117,-0.0237,0.9741
14423,0.0376,0.0522,0.9690
14424,0.0623,0.0076,0.9661
14425,0.0361,-0.0098,0.9827
14426,0.0022,0.0112,0.9976
14427,-0.0454,0.0166,0.9976
14428,-0.0542,-0.0183,0.9583
14429,-0.0520,-0.0305,0.9905
14430,-0.0305,-0.0144,0.9956
14431,0.0049,-0.0725,0.9631
14432,0.0554,0.0105,0.9614
14433,0.0608,0.0337,0.9751
14434,0.0505,0.0007,0.9604
14435,0.0010,-0.0144,0.9807
14436,-0.0369,0.0959,1.0110
14437,-0.0894,-0.0547,0.9387
14438,-0.0645,0.0144,1.0151
14439,-0.0339,-0.0413,0.9810
14440,0.0203,-0.0378,0.9858
14441,0.0718,-0.0354,0.9817
14442,0.0754,-0.0312,0.9797
14443,0.0427,0.0085,0.9836
14444,-0.0205,0.0293,0.9583
14445,-0.0642,0.0032,0.9661
14446,-0.0767,0.0203,0.9829
14447,-0.0623,0.0195,0.9849
14448,-0.0242,0.0103,0.9573
14449,0.0325,-0.0098,0.9788
14450,0.0757,-0.0337,0.9954
14451,0.0466,-0.0464,1.0083
14452,0.0522,-0.0044,0.9890
14453,-0.0098,-0.0317,0.9585
14454,-0.0269,0.0378,0.9995
14455,-0.0603,-0.0410,0.9612
14456,-0.0615,0.0024,0.9973
14457,-0.0259,0.0349,0.9426
14458,0.0027,0.0164,0.9602
14459,0.0242,0.0190,0.9758
14460,0.0344,-0.0525,0.9897
14461,0.0408,0.0022,0.9993
14462,-0.0146,-0.0320,0.9749
14463,-0.0017,0.0042,0.9976
14464,-0.0598,-0.0732,0.9719
14465,-0.0051,0.0518,1.0200
14466,-0.0168,-0.0325,0.9312
14467,0.0264,0.0361,0.9868
14468,0.0222,0.0000,0.9634
14469,0.0122,0.0264,0.9897
14470,-0.0269,0.0032,0.9614
14471,-0.0198,-0.0259,0.9673
14472,-0.0078,0.0024,0.9985
14473,-0.0205,-0.0398,0.9680
14474,0.0205,-0.0249,0.9966
14475,-0.0007,-0.0269,0.9741
14476,0.0254,0.0249,0.9963
14477,-0.0171,0.0042,0.9624
14478,0.0156,-0.0051,0.9778
14479,-0.0144,-0.0291,0.9722
14480,-0.0039,0.0544,1.0012
14481,-0.0256,-0.0239,0.9358
14482,-0.0127,-0.0254,0.9771
14483,-0.0344,0.0098,1.0024
14484,-0.0159,-0.0408,0.9761
14485,0.0173,-0.0020,0.9673
14486,0.0271,-0.0081,0.9858
14487,0.0425,0.0154,0.9976
14488,-0.0127,-0.0503,0.9780
14489,-0.0195,0.0400,1.0005
14490,-0.0508,-0.0278,0.9446
14491,-0.0305,0.0149,0.9810
14492,-0.0342,-0.0183,0.9692
14493,0.0183,-0.0154,0.9819
14494,0.0413,-0.0007,0.9741
14495,0.0405,0.0068,0.9829
14496,0.0273,-0.0186,0.9741
14497,0.0100,0.0017,0.9937
14498,-0.0464,0.0015,0.9849
14499,-0.0491,-0.0403,0.9719
14500,-0.0361,-0.0063,0.9924
14501,-0.0295,-0.0039,0.9692
14502,0.0183,-0.0054,0.9661
14503,0.0356,0.0010,0.9602
14504,0.0322,-0.0120,0.9839
14505,0.0088,0.0112,0.9810
14506,-0.0173,-0.0076,0.9729
14507,-0.0439,0.0288,0.9917
14508,-0.0632,-0.0430,0.9778
14509,0.0122,-0.0117,1.0024
14510,0.0283,0.0085,0.9709
14511,0.0496,-0.0142,0.9729
14512,0.0449,-0.0408,0.9780
14513,-0.0115,-0.0112,0.9985
14514,-0.0593,0.0247,0.9631
14515,-0.0667,0.0049,0.9475
14516,-0.0486,0.0051,0.9778
14517,-0.0186,-0.0232,1.0012
14518,0.0435,-0.0002,0.9839
14519,0.0483,-0.0315,0.9583
14520,0.0796,0.0457,1.0012
14521,0.0496,-0.0696,0.9517
14522,-0.0210,0.0066,1.0159
14523,-0.0874,-0.0068,0.9719
14524,-0.0825,-0.0715,0.9673
14525,-0.0933,0.0520,1.0012
14526,-0.0193,0.0146,0.9583
14527,0.0850,-0.0234,0.9465
14528,0.0862,0.0359,0.9915
14529,0.0945,0.0098,1.0024
14530,0.0093,-0.0747,0.9543
14531,-0.0659,0.0300,1.0061
14532,-0.0984,-0.0049,0.9800
14533,-0.0747,-0.0720,0.9644
14534,-0.0530,-0.0327,1.0056
14535,0.0364,0.0298,0.9819
14536,0.0676,-0.0256,0.9377
14537,0.0720,0.0552,0.9846
14538,0.0681,0.0149,0.9810
14539,0.0081,-0.0339,0.9829
14540,-0.0566,0.0056,0.9878
14541,-0.0879,-0.0149,0.9807
14542,-0.0920,-0.0134,0.9712
14543,-0.0503,-0.0330,0.9917
14544,0.0146,-0.0012,0.9905
14545,0.0808,-0.0193,0.9644
14546,0.0935,-0.0042,0.9878
14547,0.0837,0.0261,0.9719
14548,0.0029,-0.0208,0.9631
14549,-0.0813,0.0439,0.9907
14550,-0.1162,-0.0422,0.9739
14551,-0.0847,-0.0317,0.9895
14552,-0.0518,-0.0027,0.9788
14553,0.0530,0.0237,0.9807
14554,0.1023,-0.0801,0.9419
14555,0.0659,0.0237,1.0332
14556,0.0403,-0.0017,0.9668
14557,-0.0227,-0.0508,0.9495
14558,-0.0703,0.0928,1.0044
14559,-0.0874,-0.0417,0.9573
14560,-0.0552,-0.0168,0.9934
14561,-0.0061,0.0178,0.9819
14562,0.0671,-0.0217,0.9749
14563,0.0708,-0.0298,0.9661
14564,0.0664,0.0212,0.9976
14565,-0.0190,-0.0339,0.9614
14566,-0.0771,-0.0312,0.9858
14567,-0.0869,-0.0022,0.9897
14568,-0.0730,0.0156,0.9722
14569,0.0332,0.0347,0.9622
14570,0.0715,-0.0605,0.9543
14571,0.0920,0.0322,1.0308
14572,0.0437,-0.0371,0.9619
14573,-0.0176,-0.0063,0.9739
14574,-0.0830,0.0212,0.9856
14575,-0.0774,-0.0364,0.9788
14576,-0.0718,-0.0432,0.9937
14577,-0.0476,0.0305,0.9885
14578,0.0417,-0.0303,0.9543
14579,0.0591,0.0134,0.9875
14580,0.0557,0.0044,0.9839
14581,0.0715,-0.0417,0.9624
14582,0.0024,0.0298,0.9839
14583,-0.0679,-0.0110,0.9761
14584,-0.0435,-0.0164,0.9749
14585,-0.0601,0.0017,0.9761
14586,-0.0198,0.0059,0.9907
14587,0.0173,-0.0510,0.9670
14588,0.0186,-0.0144,1.0012
14589,0.0200,0.0229,0.9827
14590,0.0122,-0.0339,0.9634
14591,0.0168,-0.0015,0.9790
14592,-0.0173,-0.0161,0.9836
14593,-0.0022,0.0215,0.9810
14594,-0.0334,-0.0347,0.9397
14595,-0.0400,0.0291,1.0081
14596,-0.0264,-0.0093,0.9702
14597,0.0073,-0.0234,0.9712
14598,0.0210,0.0342,0.9817
14599,0.0417,-0.0400,0.9827
14600,0.0161,-0.0305,1.0032
14601,-0.0210,-0.0002,0.9956
14602,-0.0256,-0.0181,0.9709
14603,-0.0376,-0.0217,0.9641
14604,-0.0100,0.0212,0.9963
14605,-0.0300,-0.0403,0.9485
14606,0.0137,0.0208,0.9761
14607,0.0176,0.0315,0.9641
14608,0.0342,0.0022,0.9739
14609,0.0271,-0.0168,0.9819
14610,0.0012,-0.0046,0.9976
14611,-0.0388,-0.0281,0.9888
14612,-0.0432,-0.0300,0.9790
14613,-0.0229,-0.0078,0.9866
14614,-0.0164,-0.0022,0.9895
14615,0.0176,-0.0371,0.9622
14616,0.0281,0.0027,0.9780
14617,-0.0076,0.0464,0.9810
14618,-0.0059,-0.0212,0.9426
14619,0.0093,0.0015,0.9771
14620,-0.0173,0.0325,0.9910
14621,-0.0015,-0.0493,0.9700
14622,0.0076,-0.0227,0.9858
14623,-0.0251,0.0081,1.0054
14624,-0.0315,-0.0198,0.9807
14625,0.0088,-0.0181,0.9739
14626,0.0017,0.0186,0.9924
14627,0.0232,-0.0205,0.9712
14628,0.0276,-0.0181,0.9780
14629,-0.0222,0.0217,0.9788
14630,-0.0112,0.0210,0.9690
14631,-0.0232,-0.0488,0.9565
14632,-0.0173,-0.0037,0.9944
14633,0.0249,-0.0037,0.9739
14634,-0.0066,-0.0386,0.9673
14635,0.0269,0.0361,0.9937
14636,-0.0269,-0.0332,0.9856
14637,-0.0474,0.0105,0.9944
14638,-0.0320,-0.0234,0.9600
14639,-0.0291,0.0127,0.9973
14640,-0.0061,-0.0210,0.9680
14641,0.0583,-0.0266,0.9768
14642,0.0557,0.0508,0.9836
14643,0.0557,-0.0261,0.9426
14644,0.0085,-0.0391,0.9905
14645,-0.0464,0.0564,1.0093
14646,-0.0762,-0.0381,0.9465
14647,-0.0759,-0.0005,0.9858
14648,-0.0464,0.0176,0.9866
14649,0.0188,-0.0461,0.9700
14650,0.0371,0.0115,0.9915
14651,0.0647,-0.0327,0.9663
14652,0.0823,-0.0222,0.9915
14653,-0.0071,0.0239,0.9827
14654,-0.0366,-0.0232,0.9673
14655,-0.0557,0.0042,0.9680
14656,-0.0793,0.0073,0.9907
14657,-0.0266,-0.0068,0.9758
14658,0.0176,-0.0295,0.9709
14659,0.0430,0.0261,0.9836
14660,0.0627,-0.0229,0.9709
14661,0.0359,0.0046,0.9790
14662,-0.0430,-0.0122,0.9866
14663,-0.0344,0.0159,0.9897
14664,-0.0874,-0.0630,0.9709
14665,-0.0312,0.0427,1.0129
14666,0.0022,-0.0696,0.9517
14667,0.0437,0.0107,0.9934
14668,0.0627,0.0112,0.9624
14669,0.0610,-0.0261,0.9604
14670,-0.0283,-0.0173,0.9788
14671,-0.0371,0.0317,0.9983
14672,-0.0603,-0.0193,0.9563
14673,-0.0723,0.0061,0.9937
14674,-0.0251,-0.0173,0.9927
14675,0.0308,-0.0300,0.9712
14676,0.0500,0.0220,0.9922
14677,0.0784,-0.0054,0.9604
14678,0.0581,-0.0469,0.9780
14679,-0.0342,0.0232,0.9983
14680,-0.0549,-0.0042,0.9634
14681,-0.1045,-0.0200,0.9563
14682,-0.0881,0.0212,0.9966
14683,0.0054,-0.0037,0.9875
14684,0.0422,-0.0376,0.9690
14685,0.0962,0.0051,0.9856
14686,0.0872,-0.0076,0.9690
14687,0.0205,0.0032,0.9839
14688,-0.0146,-0.0137,0.9680
14689,-0.0872,-0.0254,0.9917
14690,-0.1028,0.0063,0.9912
14691,-0.0676,-0.0388,0.9661
14692,-0.0122,0.0356,0.9858
14693,0.0410,-0.0020,0.9604
14694,0.0942,-0.0139,0.9856
14695,0.0681,-0.0208,0.9790
14696,0.0498,0.0081,0.9836
14697,-0.0212,-0.0059,0.9651
14698,-0.0601,0.0107,0.9829
14699,-0.0642,-0.0334,0.9729
14700,-0.0601,0.0112,1.0024
14701,-0.0225,-0.0151,0.9741
14702,0.0525,-0.0146,0.9661
14703,0.0251,0.0110,0.9797
14704,0.0203,-0.0073,0.9856
14705,0.0076,-0.0417,0.9641
14706,-0.0303,-0.0017,0.9878
14707,-0.0051,0.0483,0.9836
14708,-0.0112,-0.0757,0.9465
14709,-0.0015,0.0137,1.0093
14710,-0.0024,0.0149,0.9797
14711,-0.0117,-0.0195,0.9604
14712,-0.0100,0.0081,0.9680
14713,-0.0315,-0.0190,0.9963
14714,-0.0032,0.0024,0.9817
14715,-0.0154,-0.0020,0.9790
14716,0.0334,0.0383,0.9846
14717,0.0325,-0.0708,0.9712
14718,0.0305,0.0422,1.0132
14719,-0.0046,-0.0691,0.9507
14720,-0.0212,0.0068,0.9731
14721,-0.0481,-0.0161,0.9614
14722,-0.0535,0.0139,0.9885
14723,-0.0605,-0.0398,0.9651
14724,-0.0005,0.0208,0.9866
14725,0.0332,0.0159,0.9907
14726,0.0791,-0.0010,0.9578
14727,0.0598,-0.0532,0.9888
14728,0.0166,0.0417,1.0051
14729,-0.0227,-0.0635,0.9653
14730,-0.0798,0.0076,0.9875
14731,-0.0813,0.0000,0.9778
14732,-0.0039,-0.0044,0.9583
14733,-0.0217,-0.0317,0.9641
14734,0.0552,0.0671,1.0063
14735,0.0327,-0.0500,0.9475
14736,0.0422,0.0415,1.0139
14737,-0.0046,-0.0273,0.9722
14738,-0.0239,-0.0310,0.9895
14739,-0.0410,-0.0286,0.9688
14740,-0.0281,-0.0159,0.9973
14741,0.0010,-0.0186,0.9624
14742,0.0166,-0.0312,0.9773
14743,0.0222,0.0557,0.9790
14744,-0.0093,-0.0361,0.9478
14745,0.0063,0.0396,0.9924
14746,-0.0461,-0.0254,0.9758
14747,0.0054,0.0339,0.9895
14748,-0.0344,-0.0701,0.9673
14749,0.0061,0.0532,1.0178
14750,-0.0002,-0.0959,0.9573
14751,0.0295,0.0576,1.0161
14752,-0.0020,-0.0415,0.9368
14753,0.0190,-0.0081,0.9868
14754,-0.0432,-0.0151,0.9709
14755,-0.0142,-0.0022,0.9797
14756,-0.0076,0.0137,0.9661
14757,0.0093,0.0334,0.9849
14758,0.0112,-0.0281,0.9790
14759,-0.0002,-0.0366,0.9924
14760,-0.0068,0.0032,0.9958
14761,-0.0227,-0.0232,0.9426
14762,-0.0188,-0.0115,0.9878
14763,-0.0059,0.0112,0.9839
14764,-0.0010,-0.0295,0.9771
14765,0.0120,0.0303,0.9907
14766,0.0195,-0.0312,0.9543
14767,0.0039,0.0334,0.9956
14768,-0.0017,0.0396,0.9631
14769,-0.0200,-0.0710,0.9653
14770,-0.0251,0.0020,1.0171
14771,-0.0229,-0.0430,0.9768
14772,0.0056,-0.0112,0.9780
14773,0.0081,0.0298,0.9741
14774,0.0378,-0.0317,0.9797
14775,-0.0032,0.0139,0.9810
14776,-0.0437,0.0088,0.9719
14777,-0.0281,-0.0469,0.9514
14778,-0.0278,0.0405,0.9993
14779,-0.0054,-0.0061,0.9917
14780,0.0637,-0.0415,0.9622
14781,0.0410,-0.0129,0.9927
14782,0.0046,0.0479,0.9941
14783,-0.0034,-0.0483,0.9524
14784,-0.0693,0.0134,0.9836
14785,-0.0625,0.0002,0.9966
14786,-0.0232,-0.0300,0.9651
14787,-0.0237,-0.0256,0.9758
14788,0.0457,0.0430,0.9966
14789,0.0532,-0.0432,0.9543
14790,0.0671,0.0256,0.9905
14791,0.0154,0.0081,0.9849
14792,-0.0044,-0.0205,0.9666
14793,-0.0498,-0.0535,0.9888
14794,-0.0901,0.0320,1.0081
14795,-0.0664,-0.0427,0.9448
14796,-0.0122,0.0027,0.9729
14797,0.0139,0.0161,0.9849
14798,0.0840,-0.0068,0.9771
14799,0.0620,-0.0049,0.9712
14800,0.0015,0.0300,0.9946
14801,-0.0068,-0.0229,0.9749
14802,-0.0854,-0.0420,0.9741
14803,-0.0647,0.0486,1.0090
14804,0.0073,-0.0549,0.9302
14805,0.0103,-0.0305,0.9846
14806,0.0483,0.0554,1.0063
14807,0.0361,-0.0569,0.9429
14808,0.0137,0.0098,0.9878
14809,-0.0330,0.0325,0.9956
14810,-0.0369,-0.0474,0.9751
14811,-0.0559,-0.0173,0.9788
14812,-0.0115,0.0413,0.9993
14813,0.0210,-0.0393,0.9497
14814,0.0583,-0.0112,0.9905
14815,0.0408,-0.0049,0.9709
14816,-0.0078,-0.0105,0.9751
14817,-0.0420,-0.0049,0.9634
14818,-0.0579,-0.0039,0.9800
14819,-0.0488,0.0444,1.0044
14820,0.0049,-0.0557,0.9556
14821,0.0405,0.0068,1.0120
14822,0.0391,0.0190,0.9888
14823,0.0312,-0.0657,0.9622
14824,-0.0002,-0.0295,0.9885
14825,-0.0422,0.0242,0.9807
14826,-0.0271,-0.0222,0.9436
14827,-0.0479,-0.0066,0.9780
14828,-0.0242,0.0225,1.0049
14829,0.0208,-0.0042,0.9546
14830,0.0129,0.0366,0.9963
14831,0.0359,-0.0015,0.9700
14832,0.0366,-0.0820,0.9888
14833,-0.0054,0.0505,1.0190
14834,-0.0432,-0.0461,0.9370
14835,-0.0234,0.0046,0.9858
14836,-0.0498,-0.0027,0.9885
14837,-0.0242,-0.0339,1.0081
14838,0.0093,-0.0381,0.9436
14839,0.0439,0.0337,0.9741
14840,0.0146,0.0659,0.9661
14841,0.0146,-0.0327,0.9651
14842,-0.0261,-0.0430,1.0034
14843,-0.0273,0.0171,0.9897
14844,-0.0144,-0.0112,0.9680
14845,0.0142,-0.0115,0.9602
14846,0.0166,-0.0491,0.9927
14847,-0.0022,0.0227,1.0161
14848,-0.0366,-0.0156,0.9573
14849,-0.0349,-0.0015,0.9778
14850,-0.0188,0.0264,0.9790
14851,0.0190,-0.0117,0.9807
14852,0.0322,-0.0178,0.9680
14853,0.0654,0.0024,0.9719
14854,0.0125,0.0002,0.9788
14855,-0.0215,0.0042,0.9927
14856,-0.0540,-0.0823,0.9790
14857,-0.0566,-0.0051,1.0012
14858,-0.0249,0.0432,0.9758
14859,-0.0151,-0.0339,0.9436
14860,0.0007,-0.0166,0.9897
14861,0.0217,0.0212,0.9937
14862,0.0168,0.0127,0.9729
14863,0.0278,0.0029,0.9729
14864,0.0369,-0.0334,0.9805
14865,0.0208,-0.0022,1.0061
14866,-0.0361,-0.0168,0.9595
14867,-0.0461,-0.0337,0.9644
14868,-0.0615,0.0183,0.9905
14869,-0.0322,0.0129,0.9849
14870,-0.0059,-0.0369,0.9563
14871,0.0479,-0.0110,0.9797
14872,0.0364,0.0293,0.9966
14873,0.0251,-0.0081,0.9739
14874,-0.0222,-0.0483,0.9653
14875,-0.0466,0.0278,1.0034
14876,-0.0371,-0.0400,0.9722
14877,0.0127,-0.0156,0.9634
14878,-0.0059,0.0093,0.9788
14879,0.0471,0.0278,0.9888
14880,0.0278,-0.0596,0.9468
14881,-0.0110,0.0479,1.0073
14882,-0.0300,0.0293,0.9749
14883,-0.0425,-0.0503,0.9653
14884,-0.0613,0.0361,1.0112
14885,-0.0369,0.0046,0.9817
14886,-0.0156,-0.1084,0.9534
14887,0.0471,0.0330,1.0203
14888,0.0833,-0.0076,0.9641
14889,0.0674,-0.0583,0.9507
14890,-0.0027,0.0059,0.9995
14891,-0.0178,0.0171,0.9741
14892,-0.0977,-0.0291,0.9485
14893,-0.0908,0.0811,0.9944
14894,-0.0195,-0.0359,0.9546
14895,0.0330,-0.0024,1.0024
14896,0.0383,-0.0017,0.9976
14897,0.0703,-0.0132,0.9817
14898,0.0291,-0.0466,0.9722
14899,-0.0308,0.0020,1.0122
14900,-0.0554,-0.0308,0.9663
14901,-0.0376,-0.0242,0.9604
14902,-0.0239,0.0403,0.9829
14903,0.0029,0.0149,0.9624
14904,0.0222,0.0056,0.9741
14905,0.0051,0.0073,0.9790
14906,0.0122,0.0281,0.9810
14907,0.0063,-0.0410,0.9685
14908,0.0093,-0.0376,1.0071
14909,-0.0122,-0.0320,0.9956
14910,-0.0193,-0.0249,0.9790
14911,-0.0227,0.0112,0.9639
14912,-0.0474,-0.0271,0.9712
14913,-0.0029,0.0017,0.9907
14914,0.0073,0.0176,0.9663
14915,0.0427,0.0471,0.9707
14916,0.0305,-0.0029,0.9478
14917,-0.0068,-0.0061,1.0095
14918,-0.0161,0.0017,0.9944
14919,-0.0195,-0.0667,0.9653
14920,-0.0171,0.0103,0.9983
14921,-0.0115,-0.0439,0.9797
14922,-0.0073,-0.0322,0.9758
14923,-0.0339,0.0037,0.9788
14924,-0.0093,0.0303,0.9810
14925,0.0283,0.0027,0.9485
14926,0.0564,0.0459,0.9810
14927,0.0186,-0.0110,0.9592
14928,-0.0061,-0.0510,0.9778
14929,-0.0635,0.0049,1.0083
14930,-0.0630,-0.0193,0.9692
14931,-0.0288,-0.0242,0.9739
14932,0.0193,-0.0068,0.9983
14933,0.0544,-0.0510,0.9780
14934,0.0417,-0.0049,0.9797
14935,-0.0068,0.0691,0.9768
14936,-0.0229,-0.0422,0.9438
14937,-0.0386,0.0078,1.0054
14938,-0.0422,0.0261,0.9915
14939,0.0083,-0.0403,0.9517
14940,0.0095,-0.0234,0.9875
14941,0.0466,0.0396,0.9966
14942,0.0166,-0.0535,0.9465
14943,-0.0356,0.0051,0.9944
14944,-0.0107,-0.0381,0.9722
14945,-0.0256,-0.0132,0.9934
14946,-0.0334,0.0676,0.9807
14947,0.0239,-0.0291,0.9485
14948,0.0159,0.0076,1.0012
14949,0.0007,-0.0105,0.9976
14950,0.0229,-0.0183,0.9741
14951,-0.0386,-0.0098,0.9514
14952,-0.0029,0.0154,0.9944
14953,-0.0251,-0.0571,0.9683
14954,-0.0498,-0.0361,0.9956
14955,-0.0117,0.0168,0.9751
14956,0.0205,-0.0020,0.9585
14957,0.0146,0.0356,0.9858
14958,0.0342,0.0166,0.9768
14959,0.0547,-0.0305,0.9758
14960,-0.0198,0.0027,0.9885
14961,-0.0425,-0.0002,1.0012
14962,-0.0508,-0.0640,0.9595
14963,-0.0537,0.0068,0.9944
14964,0.0105,0.0142,0.9729
14965,0.0220,-0.0579,0.9543
14966,0.0544,0.0310,1.0022
14967,0.0378,-0.0193,0.9651
14968,-0.0166,0.0110,0.9829
14969,-0.0378,0.0071,0.9624
14970,-0.0459,-0.0159,0.9788
14971,-0.0430,0.0059,0.9849
14972,-0.0261,-0.0303,0.9790
14973,0.0239,-0.0251,0.9927
14974,0.0212,-0.0022,0.9895
14975,0.0515,0.0056,0.9761
14976,0.0271,-0.0364,0.9595
14977,0.0110,0.0403,0.9905
14978,-0.0479,0.0032,0.9683
14979,-0.0376,-0.0042,0.9810
14980,-0.0554,-0.0603,0.9553
14981,0.0073,0.0471,1.0188
14982,0.0127,-0.0107,0.9478
14983,0.0215,-0.0486,0.9741
14984,0.0278,0.0408,1.0178
14985,-0.0063,-0.0513,0.9690
14986,-0.0198,-0.0117,0.9797
14987,-0.0020,0.0229,0.9729
14988,-0.0242,-0.0120,0.9663
14989,-0.0256,-0.0293,0.9827
14990,0.0061,0.0146,0.9934
14991,-0.0056,-0.0317,0.9534
14992,0.0039,0.0261,1.0012
14993,0.0337,-0.0073,0.9670
14994,-0.0015,-0.0471,0.9788
14995,-0.0066,0.0481,1.0110
14996,-0.0110,-0.0710,0.9429
14997,-0.0159,0.0020,0.9897
14998,-0.0305,0.0127,0.9849
14999,0.0049,-0.0413,0.9700
15000,-0.0044,-0.0127,0.9827
15001,0.0105,0.0510,0.9878
15002,0.0164,-0.0391,0.9438
15003,0.0125,0.0066,0.9849
15004,0.0076,0.0000,0.9849
15005,-0.0051,-0.0146,0.9739
15006,-0.0212,0.0093,0.9946
15007,-0.0369,-0.0261,0.9817
15008,-0.0217,-0.0425,0.9907
15009,-0.0186,0.0146,0.9712
15010,0.0059,0.0015,0.9614
15011,0.0005,-0.0227,0.9602
15012,0.0188,-0.0129,1.0012
15013,0.0266,0.0342,0.9875
15014,0.0271,-0.0059,0.9517
15015,0.0281,0.0234,0.9856
15016,-0.0156,-0.0391,0.9944
15017,-0.0608,-0.0493,0.9966
15018,-0.0957,0.0000,0.9819
15019,-0.0508,0.0076,0.9543
15020,-0.0200,-0.0183,0.9673
15021,0.0764,0.0056,1.0044
15022,0.1145,-0.0405,0.9592
15023,0.0818,0.0127,0.9927
15024,0.0193,0.0630,0.9771
15025,-0.0544,-0.0686,0.9573
15026,-0.1382,0.0413,1.0015
15027,-0.1289,-0.0435,0.9790
15028,-0.0266,-0.0195,0.9661
15029,0.0234,-0.0203,0.9800
15030,0.1143,0.0835,1.0042
15031,0.0959,-0.0974,0.9417
15032,0.0564,0.0129,1.0178
15033,-0.0415,-0.0078,0.9749
15034,-0.0742,0.0098,0.9736
15035,-0.0994,-0.0398,0.9497
15036,-0.0332,0.0146,1.0122
15037,0.0178,-0.0447,0.9653
15038,0.0540,-0.0029,0.9663
15039,0.0430,0.0247,0.9807
15040,0.0359,-0.0332,0.9573
15041,-0.0156,0.0088,1.0044
15042,-0.0615,0.0295,0.9797
15043,-0.0347,-0.0432,0.9543
15044,-0.0344,0.0271,1.0022
15045,-0.0134,0.0208,1.0168
15046,0.0806,-0.0649,0.9507
15047,0.0337,-0.0540,0.9846
15048,0.0261,0.0491,1.0146
15049,-0.0020,-0.0913,0.9133
15050,-0.0615,0.0510,0.9993
15051,-0.0574,0.0618,0.9739
15052,-0.0090,-0.0618,0.9526
15053,0.0042,0.0293,0.9963
15054,0.0193,0.0088,0.9807
15055,0.0342,-0.0220,0.9709
15056,-0.0112,-0.0315,0.9934
15057,0.0049,0.0117,1.0161
15058,-0.0173,-0.0779,0.9543
15059,-0.0112,-0.0112,0.9944
15060,0.0073,0.0034,0.9553
15061,0.0076,0.0447,0.9846
15062,-0.0054,0.0054,0.9634
15063,-0.0129,-0.0337,0.9778
15064,-0.0188,0.0300,0.9819
15065,-0.0283,-0.0024,0.9631
15066,-0.0312,-0.0034,0.9819
15067,-0.0071,-0.0720,0.9875
15068,0.0398,0.0322,1.0269
15069,0.0100,-0.0527,0.9458
15070,0.0483,-0.0205,0.9797
15071,-0.0005,-0.0254,0.9788
15072,-0.0337,0.0591,0.9998
15073,-0.0430,-0.0098,0.9409
15074,-0.0134,-0.0120,0.9565
15075,-0.0078,0.0300,0.9934
15076,0.0117,-0.0215,0.9749
15077,-0.0002,-0.0330,0.9749
15078,-0.0273,0.0022,1.0024
15079,0.0054,0.0017,0.9973
15080,-0.0005,-0.0662,0.9497
15081,-0.0120,0.0027,0.9973
15082,0.0166,-0.0093,0.9878
15083,0.0154,-0.0193,0.9670
15084,-0.0293,0.0381,0.9827
15085,-0.0071,0.0220,0.9543
15086,0.0037,-0.0454,0.9407
15087,-0.0195,0.0354,1.0159
15088,0.0046,-0.0061,0.9700
15089,0.0005,-0.0793,0.9719
15090,0.0032,0.0415,1.0259
15091,-0.0142,-0.0635,0.9700
15092,0.0115,-0.0037,0.9829
15093,-0.0073,-0.0195,0.9712
15094,-0.0010,0.0142,0.9836
15095,-0.0093,0.0005,0.9497
15096,-0.0012,0.0195,0.9731
15097,-0.0090,-0.0073,0.9661
15098,0.0076,0.0032,0.9927
15099,-0.0188,0.0068,0.9934
15100,-0.0010,-0.0129,0.9778
15101,-0.0027,-0.0481,0.9895
15102,-0.0049,-0.0093,1.0032
15103,0.0076,-0.0244,0.9727
15104,0.0020,-0.0171,0.9602
15105,0.0056,0.0308,0.9817
15106,-0.0032,-0.0251,0.9790
15107,0.0034,-0.0032,0.9780
15108,-0.0129,0.0000,0.9622
15109,-0.0178,0.0442,0.9807
15110,0.0010,-0.0186,0.9604
15111,-0.0156,-0.0461,0.9878
15112,-0.0100,0.0107,1.0129
15113,-0.0098,-0.0420,0.9661
15114,0.0208,-0.0168,0.9797
15115,-0.0095,0.0317,1.0044
15116,0.0129,-0.0232,0.9683
15117,-0.0103,-0.0476,0.9585
15118,-0.0078,0.0647,1.0122
15119,0.0061,-0.0330,0.9407
15120,-0.0015,-0.0298,0.9817
15121,-0.0107,0.0667,0.9956
15122,0.0044,-0.0488,0.9478
15123,-0.0291,-0.0215,0.9917
15124,-0.0310,0.0127,0.9956
15125,-0.0115,-0.0295,0.9758
15126,-0.0164,-0.0125,0.9739
15127,0.0149,0.0044,1.0034
15128,0.0405,-0.0068,0.9749
15129,0.0195,-0.0142,0.9846
15130,0.0369,0.0105,0.9585
15131,-0.0322,-0.0447,0.9719
15132,-0.0303,0.0618,0.9944
15133,-0.0457,-0.0681,0.9478
15134,-0.0369,0.0549,1.0054
15135,-0.0022,-0.0618,0.9653
15136,0.0430,0.0229,1.0034
15137,0.0083,-0.0400,0.9634
15138,0.0503,0.0178,0.9885
15139,-0.0317,-0.0710,0.9663
15140,-0.0493,0.0518,1.0044
15141,-0.0269,-0.0269,0.9595
15142,-0.0115,-0.0032,0.9666
15143,-0.0076,-0.0029,0.9956
15144,0.0535,0.0352,0.9797
15145,0.0046,-0.0720,0.9478
15146,0.0010,0.0510,1.0103
15147,0.0046,-0.0142,0.9663
15148,-0.0234,-0.0330,0.9761
15149,-0.0325,0.0291,0.9924
15150,-0.0046,-0.0278,0.9875
15151,-0.0146,-0.0605,0.9692
15152,-0.0032,0.0266,1.0110
15153,0.0176,0.0247,0.9534
15154,0.0061,-0.0579,0.9390
15155,0.0295,0.0444,1.0200
15156,0.0046,-0.0220,0.9648
15157,-0.0310,-0.0244,0.9771
15158,-0.0315,0.0266,0.9856
15159,-0.0237,-0.0298,0.9749
15160,-0.0386,-0.0269,0.9836
15161,0.0217,0.0173,0.9829
15162,0.0332,-0.0139,0.9622
15163,0.0417,0.0061,0.9788
15164,0.0317,-0.0195,0.9985
15165,-0.0310,-0.0410,0.9771
15166,-0.0330,0.0237,0.9944
15167,-0.0547,0.0247,0.9609
15168,-0.0474,-0.0327,0.9614
15169,0.0068,-0.0015,0.9934
15170,0.0198,-0.0256,0.9670
15171,0.0305,0.0134,0.9827
15172,0.0310,0.0137,0.9768
15173,-0.0024,-0.0393,0.9817
15174,-0.0286,-0.0110,0.9995
15175,-0.0164,-0.0188,0.9741
15176,-0.0044,-0.0037,0.9771
15177,0.0254,0.0122,0.9788
15178,0.0344,-0.0286,0.9731
15179,-0.0281,-0.0054,0.9849
15180,-0.0557,0.0054,0.9780
15181,-0.0398,-0.0188,0.9565
15182,-0.0354,0.0437,0.9810
15183,-0.0100,-0.0210,0.9631
15184,0.0623,-0.0430,0.9829
15185,0.0278,0.0186,1.0071
15186,0.0420,0.0217,0.9885
15187,0.0227,-0.0659,0.9553
15188,-0.0459,0.0049,1.0110
15189,-0.0310,-0.0195,0.9758
15190,-0.0337,-0.0378,0.9563
15191,-0.0518,0.0334,0.9863
15192,0.0269,0.0142,0.9680
15193,-0.0063,-0.0149,0.9702
15194,-0.0042,0.0247,0.9934
15195,0.0334,-0.0151,0.9702
15196,0.0342,0.0024,0.9778
15197,-0.0032,-0.0110,0.9985
15198,0.0200,-0.0618,0.9836
15199,-0.0298,-0.0491,0.9878
15200,-0.0332,0.0579,0.9993
15201,-0.0513,-0.0630,0.9282
15202,-0.0146,0.0320,0.9866
15203,-0.0159,0.0273,0.9700
15204,0.0330,0.0139,0.9663
15205,0.0300,-0.0068,0.9673
15206,0.0205,0.0513,1.0168
15207,0.0022,-0.0713,0.9690
15208,-0.0210,-0.0225,1.0034
15209,-0.0398,-0.0266,0.9836
15210,-0.0117,-0.0652,0.9712
15211,-0.0061,-0.0015,0.9810
15212,-0.0364,0.0085,0.9680
15213,0.0117,0.0144,0.9702
15214,-0.0034,0.0181,0.9487
15215,0.0198,0.0564,0.9866
15216,0.0225,0.0068,0.9602
15217,0.0242,-0.0544,0.9673
15218,-0.0107,0.0234,1.0376
15219,-0.0271,-0.0298,0.9839
15220,-0.0156,-0.1252,0.9700
15221,-0.0225,0.0571,1.0247
15222,-0.0195,-0.0229,0.9475
15223,0.0027,-0.0347,0.9478
15224,-0.0186,0.0654,1.0015
15225,0.0005,0.0281,0.9575
15226,0.0198,-0.0049,0.9585
15227,0.0085,0.0381,0.9927
15228,0.0085,-0.0679,0.9817
15229,0.0188,0.0068,0.9976
15230,-0.0117,-0.0327,0.9751
15231,-0.0156,-0.0291,0.9868
15232,-0.0198,-0.0791,0.9788
15233,-0.0181,0.0120,1.0090
15234,-0.0200,0.0320,0.9517
15235,0.0129,0.0022,0.9419
15236,0.0066,0.0337,0.9878
15237,0.0115,0.0310,0.9788
15238,0.0132,-0.0222,0.9644
15239,0.0112,0.0034,0.9800
15240,-0.0161,-0.0217,1.0061
15241,-0.0215,-0.0354,1.0024
15242,-0.0500,-0.0601,0.9614
15243,-0.0359,0.0090,1.0034
15244,0.0142,0.0056,0.9573
15245,0.0164,-0.0562,0.9702
15246,0.0364,0.0652,1.0083
15247,0.0408,-0.0056,0.9399
15248,0.0039,0.0564,0.9778
15249,-0.0320,0.0200,0.9810
15250,-0.0156,-0.0674,0.9739
15251,-0.0652,-0.0210,1.0083
15252,-0.0356,-0.0127,0.9927
15253,0.0015,-0.1072,0.9458
15254,0.0178,0.0559,1.0166
15255,0.0159,0.0027,0.9663
15256,0.0583,-0.0190,0.9604
15257,0.0210,0.0410,0.9907
15258,-0.0217,0.0581,0.9878
15259,-0.0139,-0.0266,0.9526
15260,-0.0476,-0.0408,0.9810
15261,-0.0422,0.0239,1.0132
15262,-0.0115,-0.0647,0.9595
15263,0.0144,-0.0603,0.9712
15264,0.0256,0.0173,0.9995
15265,0.0286,0.0183,0.9680
15266,-0.0190,-0.0347,0.9612
15267,-0.0125,0.0432,1.0022
15268,-0.0100,-0.0093,0.9729
15269,-0.0278,0.0156,0.9692
15270,0.0095,0.0208,0.9778
15271,0.0220,-0.0308,0.9690
15272,-0.0278,-0.0237,1.0051
15273,0.0088,-0.0107,0.9968
15274,0.0054,-0.0540,0.9546
15275,-0.0144,0.0234,0.9868
15276,-0.0010,0.0051,0.9836
15277,-0.0188,-0.0308,0.9614
15278,-0.0322,0.0405,0.9917
15279,0.0137,0.0278,0.9680
15280,-0.0144,-0.0679,0.9536
15281,0.0352,0.0620,1.0073
15282,0.0146,-0.0525,0.9534
15283,-0.0098,-0.0256,0.9885
15284,-0.0117,-0.0298,0.9875
15285,-0.0420,-0.0190,0.9934
15286,-0.0486,-0.0247,0.9653
15287,0.0193,0.0298,0.9778
15288,0.0200,0.0327,0.9624
15289,0.0339,-0.0010,0.9807
15290,0.0508,0.0044,0.9827
15291,-0.0112,-0.0051,0.9788
15292,-0.0212,0.0037,0.9875
15293,-0.0449,-0.0640,0.9653
15294,-0.0332,-0.0029,1.0034
15295,-0.0466,-0.0347,0.9751
15296,0.0144,-0.0076,0.9778
15297,0.0388,0.0217,0.9690
15298,0.0308,0.0149,0.9780
15299,0.0215,-0.0212,0.9709
15300,-0.0085,0.0300,0.9875
15301,-0.0449,-0.0017,0.9673
15302,-0.0479,-0.0295,0.9719
15303,-0.0222,-0.0195,0.9976
15304,0.0203,-0.0227,0.9670
15305,0.0391,-0.0183,0.9875
15306,0.0371,0.0024,0.9780
15307,-0.0100,-0.0354,0.9878
15308,-0.0076,0.0503,0.9858
15309,-0.0403,-0.0081,0.9417
15310,-0.0276,0.0203,0.9797
15311,-0.0164,-0.0166,0.9905
15312,0.0247,-0.0129,0.9905
15313,-0.0061,-0.0266,0.9692
15314,0.0093,0.0210,0.9917
15315,0.0237,-0.0767,0.9446
15316,-0.0225,0.0012,1.0051
15317,-0.0098,0.0229,0.9692
15318,-0.0200,-0.0356,0.9524
15319,-0.0142,0.0515,1.0032
15320,-0.0027,-0.0076,0.9829
15321,0.0378,-0.0098,0.9758
15322,0.0151,-0.0144,0.9780
15323,0.0349,0.0334,1.0034
15324,-0.0215,-0.0798,0.9438
15325,-0.0601,0.0085,1.0200
15326,-0.0627,-0.0330,0.9614
15327,-0.0269,-0.0151,0.9692
15328,0.0015,0.0566,0.9856
15329,0.0488,-0.0100,0.9565
15330,0.0952,0.0083,0.9983
15331,0.0425,0.0161,0.9846
15332,0.0012,-0.0298,0.9790
15333,-0.0740,-0.0149,0.9670
15334,-0.0942,-0.0251,1.0015
15335,-0.0894,-0.0439,0.9751
15336,-0.0293,-0.0215,0.9810
15337,0.0520,0.0464,0.9702
15338,0.0811,-0.0134,0.9553
15339,0.0928,0.0461,1.0110
15340,0.0283,-0.0312,0.9663
15341,-0.0125,0.0271,0.9963
15342,-0.0742,-0.0129,0.9487
15343,-0.0745,-0.0266,0.9868
15344,-0.0613,-0.0266,0.9966
15345,-0.0317,-0.0388,0.9927
15346,0.0535,-0.0200,0.9810
15347,0.0500,0.0095,0.9565
15348,0.0466,0.0298,0.9771
15349,0.0261,-0.0232,0.9624
15350,-0.0195,0.0015,0.9897
15351,-0.0593,0.0249,0.9895
15352,-0.0391,0.0195,0.9741
15353,-0.0125,-0.0352,0.9624
15354,0.0332,-0.0305,1.0012
15355,0.0325,-0.0413,0.9858
15356,0.0242,-0.0200,0.9709
15357,-0.0095,0.0190,0.9651
15358,-0.0640,-0.0005,0.9788
15359,-0.0676,0.0059,0.9976
15360,-0.0261,-0.0322,0.9641
15361,0.0361,0.0427,0.9885
15362,0.0393,0.0117,0.9497
15363,0.0559,-0.0308,0.9937
15364,0.0125,0.0046,0.9966
15365,-0.0334,-0.0588,0.9739
15366,-0.0417,0.0139,0.9849
15367,-0.0273,0.0042,0.9612
15368,-0.0010,-0.0417,0.9717
15369,0.0161,0.0061,0.9963
15370,0.0347,-0.0012,0.9741
15371,0.0142,0.0046,0.9604
15372,-0.0471,0.0164,0.9927
15373,-0.0388,-0.0225,0.9915
15374,-0.0168,-0.0222,0.9741
15375,0.0068,0.0251,0.9749
15376,0.0300,-0.0513,0.9517
15377,0.0342,-0.0181,1.0054
15378,-0.0088,0.0037,0.9944
15379,-0.0093,-0.0029,0.9768
15380,-0.0044,0.0369,0.9573
15381,-0.0264,-0.0198,0.9827
15382,-0.0210,-0.0068,0.9927
15383,-0.0203,-0.0076,0.9751
15384,-0.0417,0.0408,0.9827
15385,-0.0017,-0.0378,0.9683
15386,0.0295,-0.0303,1.0015
15387,0.0337,-0.0188,0.9944
15388,0.0491,-0.0325,0.9680
15389,0.0178,-0.0144,0.9446
15390,-0.0203,0.0627,0.9954
15391,-0.0642,-0.0012,0.9536
15392,-0.0588,-0.0496,0.9749
15393,-0.0366,0.0496,1.0181
15394,0.0068,-0.0322,0.9592
15395,0.0488,-0.0105,0.9771
15396,0.0415,0.0107,0.9934
15397,0.0330,-0.0168,0.9829
15398,-0.0156,-0.0259,0.9810
15399,-0.0200,0.0144,0.9829
15400,-0.0420,-0.0505,0.9624
15401,-0.0159,0.0439,0.9976
15402,-0.0083,-0.0361,0.9590
15403,0.0188,0.0134,0.9824
15404,-0.0173,-0.0112,0.9778
15405,0.0332,-0.0056,0.9749
15406,-0.0044,-0.0229,0.9692
15407,-0.0049,0.0310,1.0024
15408,-0.0127,-0.0474,0.9592
15409,0.0000,0.0161,1.0063
15410,-0.0461,-0.0034,0.9810
15411,0.0061,-0.0442,0.9653
15412,-0.0105,0.0425,0.9917
15413,-0.0029,-0.0068,0.9788
15414,0.0430,-0.0566,0.9719
15415,0.0254,0.0337,0.9817
15416,0.0061,0.0364,0.9719
15417,-0.0129,-0.0518,0.9446
15418,-0.0615,-0.0264,1.0139
15419,-0.0491,0.0325,1.0061
15420,-0.0320,-0.0354,0.9553
15421,0.0291,-0.0083,0.9780
15422,0.0647,-0.0012,0.9946
15423,0.0359,-0.0037,0.9846
15424,0.0000,-0.0298,0.9558
15425,-0.0420,0.0195,0.9827
15426,-0.0774,0.0242,0.9817
15427,-0.0417,-0.0295,0.9709
15428,0.0151,-0.0295,0.9878
15429,0.0457,0.0134,0.9856
15430,0.0471,-0.0037,0.9849
15431,0.0474,0.0039,0.9690
15432,-0.0276,-0.0398,0.9868
15433,-0.0522,0.0110,0.9973
15434,-0.0466,-0.0178,0.9519
15435,-0.0537,0.0095,0.9819
15436,-0.0139,0.0005,0.9739
15437,0.0312,-0.0142,0.9878
15438,0.0439,0.0154,0.9758
15439,0.0630,-0.0259,0.9739
15440,0.0542,-0.0247,0.9797
15441,-0.0242,-0.0166,0.9941
15442,-0.0146,0.0344,0.9868
15443,-0.0767,-0.0510,0.9399
15444,-0.0581,0.0132,1.0200
15445,-0.0371,-0.0244,0.9702
15446,-0.0078,0.0024,0.9680
15447,0.0103,0.0276,0.9602
15448,0.0486,0.0063,0.9749
15449,0.0264,-0.0244,0.9839
15450,0.0291,-0.0073,0.9995
15451,0.0066,-0.0088,0.9905
15452,0.0020,-0.0237,0.9558
15453,-0.0139,0.0281,0.9983
15454,-0.0496,-0.0127,0.9612
15455,-0.0378,-0.0681,0.9788
15456,-0.0361,0.0232,0.9963
15457,-0.0305,-0.0173,0.9612
15458,0.0334,0.0095,0.9683
15459,0.0486,0.0051,0.9722
15460,0.0659,0.0107,0.9956
15461,0.0222,-0.0254,0.9709
15462,-0.0283,-0.0071,0.9924
15463,-0.0742,-0.0146,0.9810
15464,-0.0881,-0.0266,0.9907
15465,-0.0513,-0.0286,0.9810
15466,0.0193,0.0015,0.9644
15467,0.0862,0.0054,0.9700
15468,0.0989,0.0205,0.9651
15469,0.0452,0.0188,0.9976
15470,-0.0120,0.0037,0.9788
15471,-0.1106,-0.0271,0.9858
15472,-0.1094,0.0420,1.0042
15473,-0.0911,-0.0896,0.9592
15474,0.0151,-0.0276,0.9963
15475,0.0688,-0.0222,0.9702
15476,0.1248,-0.0039,0.9712
15477,0.0774,-0.0354,0.9429
15478,0.0027,0.0535,1.0044
15479,-0.0571,0.0042,0.9536
15480,-0.1150,-0.0090,0.9719
15481,-0.0771,0.0547,0.9956
15482,-0.0181,-0.0269,0.9800
15483,0.0413,-0.0110,0.9924
15484,0.0361,-0.0474,0.9875
15485,0.0837,0.0161,1.0071
15486,0.0237,-0.0632,0.9504
15487,0.0081,0.0081,0.9917
15488,-0.0574,-0.0161,0.9670
15489,-0.0522,0.0291,0.9858
15490,-0.0742,-0.0186,0.9387
15491,-0.0476,0.0540,0.9895
15492,0.0137,0.0068,0.9670
15493,0.0435,-0.0938,0.9612
15494,0.1013,0.0542,1.0259
15495,0.0300,-0.0286,0.9614
15496,0.0283,-0.0464,0.9778
15497,-0.0710,-0.0605,0.9966
15498,-0.0815,0.0627,1.0149
15499,-0.0886,-0.0557,0.9126
15500,-0.0010,0.0803,0.9983
15501,0.0405,-0.0068,0.9565
15502,0.0798,-0.0061,1.0005
15503,0.0281,-0.0081,0.9634
15504,0.0212,0.0183,0.9680
15505,-0.0222,0.0010,0.9739
15506,-0.0723,-0.0552,0.9983
15507,-0.0520,-0.0667,0.9985
15508,-0.0486,-0.0117,0.9790
15509,0.0095,0.0569,0.9817
15510,0.0300,-0.0481,0.9436
15511,0.0798,0.0161,1.0034
15512,0.0432,-0.0100,0.9592
15513,0.0132,0.0151,0.9712
15514,-0.0283,0.0242,0.9504
15515,-0.0752,-0.0417,0.9956
15516,-0.0884,-0.0107,1.0112
15517,-0.0801,-0.0583,0.9683
15518,0.0496,0.0481,0.9709
15519,0.0056,-0.0256,0.9592
15520,0.0981,0.0210,1.0090
15521,0.0627,-0.0725,0.9585
15522,0.0105,0.0813,1.0217
15523,-0.0247,-0.0305,0.9338
15524,-0.0396,-0.0344,0.9907
15525,-0.1130,0.0042,0.9954
15526,-0.0488,-0.0305,0.9807
15527,0.0171,-0.0381,0.9543
15528,0.0342,-0.0071,0.9739
15529,0.0776,0.0264,0.9888
15530,0.0264,-0.0415,0.9468
15531,-0.0010,0.0498,1.0200
15532,-0.0454,0.0125,0.9800
15533,-0.0374,-0.0117,0.9985
15534,-0.0203,-0.0093,0.9622
15535,0.0044,-0.0354,0.9954
15536,-0.0125,-0.0120,0.9817
15537,0.0022,-0.0427,0.9731
15538,0.0034,0.0583,0.9944
15539,0.0039,-0.0754,0.9397
15540,0.0371,0.0205,0.9973
15541,-0.0037,0.0203,0.9683
15542,-0.0046,0.0125,0.9580
15543,-0.0369,-0.0122,0.9810
15544,-0.0298,0.0403,1.0132
15545,-0.0166,-0.0947,0.9644
15546,0.0005,0.0134,0.9927
15547,0.0186,-0.0601,0.9661
15548,0.0173,-0.0071,0.9885
15549,-0.0042,-0.0161,0.9680
15550,-0.0212,0.0356,0.9739
15551,-0.0110,0.0261,0.9722
15552,0.0020,0.0081,0.9788
15553,0.0225,0.0208,1.0005
15554,0.0208,-0.0005,0.9729
15555,0.0056,-0.0522,0.9739
15556,-0.0476,-0.0188,0.9895
15557,-0.0669,-0.0481,0.9858
15558,-0.0491,-0.0347,0.9680
15559,-0.0134,-0.0034,0.9797
15560,0.0571,0.0461,0.9739
15561,0.0498,-0.0186,0.9495
15562,0.0571,0.0435,0.9995
15563,-0.0054,-0.0103,0.9673
15564,-0.0261,0.0286,1.0022
15565,-0.0518,-0.0215,0.9663
15566,-0.0452,-0.0674,0.9868
15567,-0.0132,-0.0249,1.0054
15568,-0.0042,-0.0312,0.9758
15569,0.0103,-0.0046,0.9712
15570,0.0300,0.0083,0.9670
15571,0.0203,0.0142,0.9866
15572,0.0244,0.0198,0.9631
15573,0.0083,0.0151,0.9653
15574,-0.0408,0.0198,0.9749
15575,-0.0471,-0.0183,0.9915
15576,-0.0366,-0.0249,0.9827
15577,-0.0288,-0.0747,0.9719
15578,0.0039,-0.0049,1.0044
15579,0.0298,-0.0559,0.9692
15580,0.0420,0.0242,0.9856
15581,0.0142,0.0352,0.9717
15582,0.0222,0.0276,0.9709
15583,-0.0085,-0.0125,0.9761
15584,-0.0510,0.0159,0.9915
15585,-0.0522,-0.0449,0.9592
15586,-0.0327,-0.0015,0.9761
15587,-0.0178,-0.0410,0.9788
15588,0.0166,-0.0386,0.9788
15589,0.0315,0.0076,0.9973
15590,0.0432,0.0107,0.9692
15591,0.0193,-0.0105,0.9692
15592,-0.0156,0.0627,1.0063
15593,-0.0417,-0.0234,0.9534
15594,-0.0464,-0.0439,0.9790
15595,-0.0188,0.0305,0.9810
15596,0.0034,-0.0374,0.9749
15597,0.0159,-0.0300,0.9729
15598,0.0510,-0.0305,0.9915
15599,0.0278,0.0332,0.9885
15600,-0.0129,-0.0166,0.9517
15601,-0.0315,-0.0020,0.9868
15602,-0.0540,0.0212,0.9924
15603,-0.0371,-0.0188,0.9739
15604,-0.0232,-0.0078,0.9810
15605,0.0381,0.0137,0.9778
15606,0.0447,-0.0312,0.9700
15607,0.0159,-0.0059,0.9888
15608,0.0144,-0.0249,0.9797
15609,-0.0176,-0.0063,0.9780
15610,-0.0327,0.0144,0.9846
15611,-0.0308,-0.0195,0.9663
15612,-0.0205,-0.0171,0.9729
15613,0.0034,0.0063,0.9983
15614,0.0103,-0.0066,0.9719
15615,0.0190,-0.0283,0.9673
15616,0.0088,0.0120,0.9976
15617,-0.0078,-0.0212,0.9683
15618,-0.0078,-0.0105,0.9827
15619,-0.0276,-0.0044,0.9768
15620,-0.0112,-0.0168,0.9771
15621,0.0061,0.0337,0.9844
15622,0.0017,-0.0176,0.9778
15623,0.0229,-0.0144,0.9800
15624,-0.0154,0.0081,0.9973
15625,-0.0229,0.0190,0.9758
15626,-0.0259,-0.0657,0.9556
15627,0.0005,0.0137,0.9897
15628,0.0188,-0.0061,0.9680
15629,0.0342,0.0037,0.9624
15630,-0.0056,-0.0305,0.9741
15631,0.0020,0.0139,1.0090
15632,-0.0359,-0.0269,0.9778
15633,-0.0481,-0.0017,0.9790
15634,-0.0139,0.0159,0.9663
15635,-0.0071,-0.0081,0.9722
15636,0.0198,0.0132,0.9849
15637,0.0449,-0.0278,0.9653
15638,0.0042,-0.0288,0.9927
15639,0.0212,0.0122,0.9858
15640,-0.0173,-0.0195,0.9751
15641,-0.0708,-0.0107,0.9839
15642,-0.0161,-0.0134,0.9817
15643,-0.0171,0.0059,0.9680
15644,-0.0073,0.0107,0.9722
15645,0.0522,-0.0095,0.9751
15646,0.0068,-0.0229,0.9729
15647,0.0151,0.0706,1.0100
15648,-0.0015,-0.0447,0.9407
15649,-0.0129,-0.0710,0.9836
15650,-0.0127,0.0510,1.0159
15651,-0.0137,-0.0293,0.9507
15652,-0.0430,-0.0447,0.9634
15653,-0.0254,0.0566,1.0200
15654,-0.0361,-0.0420,0.9692
15655,0.0269,-0.0015,0.9683
15656,0.0500,0.0254,0.9729
15657,0.0774,-0.0164,0.9751
15658,0.0371,-0.0598,0.9771
15659,-0.0425,0.0200,0.9963
15660,-0.1001,-0.0166,0.9661
15661,-0.0933,0.0078,0.9692
15662,-0.0564,0.0071,0.9807
15663,0.0393,0.0269,0.9868
15664,0.0786,-0.0432,0.9602
15665,0.1077,0.0383,0.9973
15666,0.0542,0.0098,0.9839
15667,-0.0078,-0.0415,0.9729
15668,-0.0872,-0.0339,0.9963
15669,-0.0764,-0.0002,0.9963
15670,-0.0757,-0.0847,0.9478
15671,-0.0293,0.0151,0.9905
15672,0.0171,0.0120,0.9553
15673,0.0625,0.0071,0.9517
15674,0.0398,0.0186,0.9966
15675,0.0505,0.0244,0.9907
15676,0.0269,-0.0149,0.9663
15677,-0.0132,0.0554,1.0002
15678,-0.0483,-0.0574,0.9536
15679,-0.0659,-0.0483,1.0190
15680,-0.0774,0.0093,1.0051
15681,-0.0203,-0.0557,0.9487
15682,0.0269,0.0166,0.9927
15683,0.0745,-0.0200,0.9556
15684,0.0610,-0.0125,0.9819
15685,0.0259,0.0776,0.9683
15686,-0.0244,-0.0291,0.9485
15687,-0.0498,0.0168,0.9946
15688,-0.0654,-0.0317,0.9807
15689,-0.0344,-0.0308,0.9866
15690,-0.0303,-0.0125,0.9778
15691,0.0334,-0.0046,0.9937
15692,0.0164,-0.0083,0.9817
15693,0.0435,-0.0110,0.9868
15694,0.0396,-0.0645,0.9631
15695,0.0037,0.0967,1.0093
15696,-0.0144,0.0105,0.9526
15697,-0.0403,-0.0525,0.9546
15698,-0.0718,0.0312,1.0266
15699,-0.0005,0.0046,0.9556
15700,-0.0269,-0.0869,0.9475
15701,0.0259,0.0598,1.0103
15702,0.0398,-0.0740,0.9595
15703,0.0054,0.0288,1.0054
15704,-0.0066,-0.0066,0.9563
15705,0.0002,-0.0222,0.9944
15706,-0.0320,0.0259,0.9897
15707,0.0010,-0.0308,0.9758
15708,0.0105,0.0144,0.9631
15709,-0.0217,-0.0132,0.9741
15710,0.0103,-0.0037,0.9888
15711,-0.0330,-0.0347,0.9612
15712,0.0010,0.0391,1.0037
15713,0.0022,-0.0474,0.9563
15714,0.0513,0.0249,1.0090
15715,0.0015,-0.0422,0.9553
15716,-0.0417,0.0002,1.0081
15717,-0.0403,0.0171,0.9653
15718,-0.0378,-0.0220,0.9661
15719,-0.0132,0.0527,0.9963
15720,0.0195,-0.0718,0.9424
15721,0.0488,0.0078,1.0005
15722,0.0081,0.0156,0.9790
15723,-0.0049,-0.0271,0.9778
15724,-0.0037,0.0002,0.9690
15725,-0.0266,0.0266,1.0024
15726,-0.0085,-0.0471,0.9641
15727,0.0110,-0.0417,0.9915
15728,-0.0115,0.0540,0.9993
15729,-0.0005,-0.0449,0.9368
15730,-0.0190,0.0120,0.9758
15731,-0.0486,0.0063,0.9749
15732,0.0027,0.0215,0.9868
15733,-0.0144,-0.0481,0.9604
15734,0.0364,0.0283,1.0063
15735,0.0510,0.0010,0.9790
15736,0.0376,-0.0134,0.9661
15737,-0.0256,-0.0425,1.0034
15738,-0.0354,0.0029,1.0024
15739,-0.0681,-0.0481,0.9622
15740,-0.0557,0.0496,0.9739
15741,-0.0032,-0.0166,0.9468
15742,0.0703,0.0251,0.9822
15743,0.0283,-0.0352,0.9741
15744,0.0437,0.0166,0.9937
15745,0.0107,-0.0085,0.9565
15746,-0.0598,0.0066,0.9976
15747,-0.0601,-0.0303,0.9963
15748,-0.0356,-0.0549,0.9856
15749,-0.0195,0.0146,0.9927
15750,0.0374,0.0212,0.9680
15751,0.0698,-0.0344,0.9507
15752,0.0205,0.0073,0.9895
15753,0.0193,0.0579,0.9888
15754,-0.0427,-0.0764,0.9221
15755,-0.0493,0.0747,1.0210
15756,-0.0322,-0.0061,0.9827
15757,-0.0068,-0.0647,0.9604
15758,0.0034,0.0229,1.0061
15759,0.0037,-0.0166,0.9768
15760,-0.0017,-0.0964,0.9670
15761,0.0112,0.0510,1.0063
15762,-0.0203,-0.0254,0.9614
15763,0.0381,0.0032,0.9585
15764,0.0142,0.0015,0.9751
15765,0.0015,0.0818,0.9985
15766,-0.0012,-0.0403,0.9397
15767,-0.0161,-0.0017,0.9966
15768,-0.0486,0.0190,1.0103
15769,-0.0051,-0.0535,0.9622
15770,-0.0249,-0.0852,0.9722
15771,-0.0039,0.0703,1.0200
15772,0.0239,-0.0676,0.9429
15773,0.0320,0.0020,0.9778
15774,-0.0073,0.0339,0.9897
15775,0.0076,-0.0229,0.9563
15776,-0.0100,0.0002,0.9839
15777,-0.0115,0.0427,0.9851
15778,0.0100,-0.0442,0.9663
15779,0.0088,0.0088,0.9856
15780,-0.0283,-0.0332,0.9875
15781,-0.0361,-0.0122,0.9895
15782,-0.0344,-0.0349,0.9817
15783,0.0049,0.0315,0.9912
15784,0.0051,-0.0227,0.9634
15785,0.0583,-0.0090,0.9685
15786,0.0137,-0.0015,0.9905
15787,0.0125,0.0571,0.9897
15788,-0.0266,-0.0645,0.9319
15789,-0.0405,0.0413,1.0120
15790,-0.0366,-0.0359,0.9661
15791,-0.0168,-0.0564,0.9866
15792,0.0146,0.0464,0.9863
15793,0.0291,-0.0276,0.9749
15794,0.0244,0.0017,0.9778
15795,-0.0007,-0.0239,0.9800
15796,-0.0146,0.0479,0.9983
15797,-0.0454,-0.0515,0.9497
15798,-0.0042,0.0151,1.0012
15799,-0.0417,-0.0125,0.9722
15800,0.0225,-0.0093,0.9712
15801,0.0281,-0.0515,0.9673
15802,0.0352,0.0818,1.0002
15803,0.0125,-0.0591,0.9507
15804,-0.0168,0.0017,0.9956
15805,-0.0571,-0.0088,0.9878
15806,-0.0227,0.0420,0.9895
15807,-0.0308,-0.0251,0.9438
15808,0.0017,-0.0205,0.9956
15809,0.0276,0.0007,0.9937
15810,0.0176,-0.0466,0.9673
15811,0.0122,0.0317,0.9888
15812,0.0122,-0.0085,0.9612
15813,0.0022,-0.0291,0.9810
15814,-0.0334,-0.0002,0.9817
15815,-0.0137,-0.0105,0.9653
15816,-0.0325,0.0134,0.9651
15817,-0.0239,0.0469,0.9888
15818,-0.0073,-0.0464,0.9749
15819,0.0054,0.0015,0.9983
15820,0.0217,-0.0088,0.9954
15821,0.0251,-0.0181,0.9673
15822,0.0264,-0.0251,0.9780
15823,0.0005,-0.0044,0.9768
15824,-0.0605,-0.0396,0.9858
15825,-0.0347,0.0168,0.9839
15826,-0.0261,0.0020,0.9565
15827,0.0161,0.0342,0.9797
15828,0.0427,-0.0442,0.9641
15829,0.0208,-0.0024,0.9934
15830,-0.0005,0.0388,0.9790
15831,-0.0557,-0.0435,0.9651
15832,-0.0217,-0.0190,0.9993
15833,-0.0056,-0.0139,0.9983
15834,0.0281,-0.0059,0.9790
15835,0.0229,-0.0249,0.9536
15836,0.0039,0.0144,0.9954
15837,-0.0439,0.0076,0.9702
15838,-0.0403,-0.0137,0.9709
15839,-0.0356,0.0029,0.9641
15840,0.0339,0.0281,0.9897
15841,0.0566,-0.0249,0.9595
15842,0.0288,-0.0364,0.9973
15843,0.0173,0.0322,1.0032
15844,-0.0498,-0.0542,0.9595
15845,-0.0466,0.0264,0.9980
15846,-0.0381,-0.0542,0.9495
15847,-0.0054,-0.0039,1.0051
15848,-0.0020,-0.0081,0.9788
15849,0.0215,0.0054,0.9741
15850,0.0142,0.0286,0.9631
15851,0.0261,0.0251,0.9719
15852,0.0115,-0.0308,0.9680
15853,-0.0193,-0.0098,0.9944
15854,-0.0132,-0.0071,0.9907
15855,-0.0557,-0.0405,0.9702
15856,-0.0132,0.0256,1.0071
15857,-0.0200,-0.0623,0.9722
15858,0.0193,0.0063,0.9966
15859,0.0310,-0.0205,0.9595
15860,0.0315,0.0334,0.9790
15861,-0.0061,-0.0181,0.9524
15862,-0.0017,0.0103,0.9963
15863,-0.0381,0.0205,0.9644
15864,-0.0229,-0.0159,0.9863
15865,0.0088,-0.0176,0.9836
15866,0.0063,-0.0349,0.9827
15867,0.0046,0.0383,0.9917
15868,-0.0159,-0.0464,0.9478
15869,-0.0393,0.0000,1.0015
15870,-0.0303,0.0066,0.9985
15871,0.0122,-0.0146,0.9739
15872,0.0452,-0.0078,0.9492
15873,0.0537,0.0320,0.9944
15874,0.0186,-0.0439,0.9583
15875,-0.0283,-0.0300,0.9849
15876,-0.0652,0.0513,0.9907
15877,-0.0688,-0.0818,0.9360
15878,-0.0146,0.0386,1.0171
15879,0.0083,-0.0215,0.9692
15880,0.0635,-0.0039,0.9758
15881,0.0239,0.0188,0.9846
15882,0.0200,0.0232,0.9895
15883,-0.0120,-0.0610,0.9719
15884,-0.0400,0.0046,1.0005
15885,-0.0461,-0.0232,0.9663
15886,0.0190,0.0266,0.9583
15887,-0.0283,-0.0288,0.9690
15888,0.0298,0.0183,0.9983
15889,0.0024,-0.0488,0.9675
15890,0.0022,0.0427,1.0032
15891,-0.0063,-0.0266,0.9507
15892,0.0076,-0.0156,0.9790
15893,-0.0356,-0.0012,0.9819
15894,-0.0056,0.0007,0.9924
15895,-0.0005,-0.0466,0.9487
15896,-0.0085,0.0120,1.0100
15897,0.0056,0.0146,0.9827
15898,0.0022,-0.0449,0.9390
15899,-0.0012,0.0454,1.0122
15900,-0.0010,0.0134,0.9641
15901,-0.0090,-0.0647,0.9807
15902,-0.0039,0.0493,1.0015
15903,-0.0046,-0.0442,0.9651
15904,-0.0132,-0.0134,0.9817
15905,-0.0056,-0.0139,0.9856
15906,0.0137,0.0051,0.9775
15907,-0.0149,-0.0425,0.9563
15908,0.0291,0.0234,1.0112
15909,-0.0037,-0.0371,0.9546
15910,-0.0212,0.0376,1.0051
15911,-0.0322,-0.0073,0.9463
15912,-0.0359,-0.0303,0.9858
15913,0.0002,0.0085,0.9915
15914,0.0205,-0.0513,0.9575
15915,0.0535,0.0576,0.9956
15916,0.0176,-0.0151,0.9739
15917,0.0227,-0.0085,1.0017
15918,-0.0437,-0.0496,0.9810
15919,-0.0352,0.0334,0.9944
15920,-0.0325,-0.0596,0.9204
15921,-0.0173,0.0408,1.0061
15922,-0.0166,-0.0085,0.9673
15923,0.0120,-0.0459,0.9819
15924,0.0251,0.0332,0.9954
15925,0.0161,-0.0103,0.9653
15926,0.0159,0.0022,0.9810
15927,-0.0081,-0.0366,0.9729
15928,-0.0212,0.0083,1.0051
15929,-0.0435,-0.0281,0.9680
15930,-0.0095,-0.0068,0.9680
15931,-0.0137,-0.0090,0.9858
15932,0.0481,0.0300,0.9741
15933,0.0220,-0.0679,0.9729
15934,0.0337,0.0928,1.0073
15935,-0.0320,-0.0691,0.9463
15936,-0.0691,0.0071,1.0015
15937,-0.0735,-0.0134,0.9788
15938,-0.0183,-0.0208,0.9741
15939,0.0286,-0.0222,0.9604
15940,0.0891,0.0127,0.9944
15941,0.0549,-0.0471,0.9722
15942,0.0183,-0.0037,0.9966
15943,-0.0203,0.0322,0.9741
15944,-0.0894,0.0007,0.9585
15945,-0.0579,0.0054,0.9888
15946,-0.0352,-0.0564,0.9739
15947,0.0115,0.0420,1.0044
15948,0.0420,-0.0015,0.9563
15949,0.0769,-0.0183,0.9683
15950,0.0005,-0.0569,1.0042
15951,0.0159,0.0312,1.0051
15952,-0.0654,-0.0742,0.9348
15953,-0.0408,0.0850,0.9827
15954,-0.0171,-0.0212,0.9585
15955,-0.0154,0.0164,1.0012
15956,0.0059,-0.0266,0.9849
15957,0.0596,0.0105,0.9778
15958,-0.0015,-0.0300,0.9680
15959,-0.0098,0.0103,0.9849
15960,-0.0173,-0.0867,0.9702
15961,-0.0359,0.0515,1.0054
15962,-0.0190,-0.0181,0.9719
15963,0.0112,-0.0078,0.9741
15964,-0.0239,-0.0276,0.9927
15965,0.0190,0.0586,0.9895
15966,0.0073,-0.0312,0.9419
15967,0.0239,0.0195,0.9800
15968,0.0073,-0.0559,0.9700
15969,-0.0217,0.0042,1.0042
15970,-0.0408,-0.0215,0.9626
15971,-0.0322,0.0073,0.9937
15972,-0.0024,0.0156,0.9885
15973,-0.0007,-0.0298,0.9810
15974,0.0347,-0.0227,0.9739
15975,0.0203,-0.0264,0.9700
15976,0.0063,0.0122,0.9905
15977,-0.0225,-0.0076,0.9536
15978,-0.0183,0.0251,0.9800
15979,-0.0500,-0.0356,0.9644
15980,-0.0083,0.0042,1.0110
15981,0.0142,0.0044,0.9722
15982,0.0173,0.0215,0.9810
15983,0.0295,-0.0164,0.9739
15984,0.0232,-0.0354,0.9973
15985,-0.0203,-0.0054,0.9944
15986,-0.0190,-0.0342,0.9585
15987,-0.0095,0.0090,0.9858
15988,-0.0334,-0.0056,0.9731
15989,-0.0161,-0.0012,0.9885
15990,0.0032,-0.0137,0.9536
15991,0.0095,0.0183,0.9680
15992,0.0166,0.0334,0.9856
15993,0.0161,-0.0347,0.9573
15994,-0.0178,-0.0342,1.0051
15995,-0.0010,0.0125,1.0051
15996,-0.0166,-0.0520,0.9553
15997,-0.0161,0.0247,0.9927
15998,-0.0098,-0.0178,0.9751
15999,-0.0129,-0.0740,0.9836
16000,0.0164,0.0571,0.9839
16001,0.0112,-0.0081,0.9517
16002,0.0212,0.0127,0.9553
16003,0.0063,0.0256,0.9924
16004,-0.0200,0.0188,0.9934
16005,-0.0237,-0.0684,0.9575
16006,-0.0081,-0.0056,1.0083
16007,-0.0449,-0.0176,0.9827
16008,-0.0193,-0.0303,0.9807
16009,-0.0115,-0.0142,0.9612
16010,-0.0005,0.0078,1.0005
16011,0.0508,0.0022,0.9597
16012,0.0371,-0.0283,0.9644
16013,0.0464,0.1079,0.9985
16014,-0.0183,-0.0642,0.9436
16015,-0.0098,-0.0005,1.0168
16016,-0.0989,-0.0427,0.9849
16017,-0.0596,0.0144,0.9924
16018,-0.0293,-0.0745,0.9390
16019,0.0295,0.0500,1.0220
16020,0.0359,-0.0322,0.9456
16021,0.0510,-0.0073,0.9866
16022,0.0325,0.0596,0.9800
16023,0.0176,-0.0183,0.9592
16024,-0.0168,0.0242,1.0002
16025,-0.0564,-0.0264,0.9719
16026,-0.0181,-0.0271,0.9915
16027,-0.0432,-0.0210,0.9744
16028,0.0049,-0.0088,0.9927
16029,0.0127,-0.0581,0.9661
16030,0.0225,0.0061,0.9807
16031,-0.0317,-0.0103,0.9810
16032,-0.0200,0.0549,0.9761
16033,-0.0093,-0.0151,0.9526
16034,0.0220,0.0486,0.9895
16035,0.0466,-0.0200,0.9832
16036,0.0642,-0.0564,0.9668
16037,-0.0129,-0.0388,0.9966
16038,-0.0408,0.0364,1.0034
16039,-0.0984,-0.0696,0.9517
16040,-0.0825,-0.0066,0.9917
16041,-0.0071,0.0049,0.9771
16042,0.0498,0.0122,0.9612
16043,0.0522,-0.0012,0.9739
16044,0.0986,0.0696,0.9956
16045,0.0208,-0.0532,0.9641
16046,-0.0264,0.0046,1.0002
16047,-0.0669,-0.0715,0.9526
16048,-0.0745,-0.0117,0.9946
16049,-0.0579,0.0002,0.9751
16050,-0.0247,-0.0432,0.9810
16051,0.0400,0.0181,0.9836
16052,0.0649,0.0286,0.9810
16053,0.0593,0.0178,0.9614
16054,0.0273,-0.0071,0.9690
16055,0.0088,0.0195,1.0110
16056,-0.0735,-0.0603,0.9673
16057,-0.0618,0.0208,0.9963
16058,-0.0437,-0.0117,0.9524
16059,-0.0317,-0.0454,0.9907
16060,0.0146,-0.0105,0.9849
16061,0.0459,-0.0271,0.9683
16062,0.0261,0.0210,0.9709
16063,0.0608,0.0098,0.9585
16064,0.0010,0.0139,1.0024
16065,-0.0542,0.0085,0.9897
16066,-0.0452,-0.0283,0.9807
16067,-0.0569,0.0178,0.9895
16068,-0.0376,-0.0339,0.9614
16069,0.0381,-0.0415,0.9836
16070,0.0381,-0.0085,0.9736
16071,0.0444,0.0061,0.9819
16072,0.0029,0.0027,0.9722
16073,-0.0203,-0.0176,0.9797
16074,-0.0105,0.0337,0.9824
16075,-0.0454,0.0183,0.9778
16076,-0.0032,-0.0366,0.9465
16077,0.0073,-0.0310,0.9954
16078,-0.0068,0.0398,1.0168
16079,0.0059,-0.1055,0.9348
16080,0.0237,0.0337,1.0129
16081,-0.0061,0.0044,0.9751
16082,-0.0095,-0.0701,0.9517
16083,-0.0344,0.0454,0.9956
16084,-0.0183,0.0510,0.9722
16085,0.0107,-0.0674,0.9390
16086,-0.0022,0.0242,1.0276
16087,0.0249,0.0295,0.9817
16088,0.0215,-0.0947,0.9409
16089,0.0039,0.0549,1.0249
16090,-0.0334,-0.0454,0.9524
16091,-0.0251,-0.0276,0.9868
16092,-0.0483,-0.0039,0.9749
16093,0.0151,0.0203,0.9819
16094,0.0139,0.0239,0.9731
16095,0.0227,0.0005,0.9700
16096,0.0278,-0.0134,0.9907
16097,-0.0083,0.0088,0.9851
16098,-0.0225,-0.0366,0.9641
16099,-0.0505,-0.0181,0.9797
16100,-0.0303,0.0078,0.9973
16101,-0.0181,-0.0520,0.9592
16102,-0.0037,0.0115,0.9944
16103,0.0603,0.0425,0.9670
16104,0.0789,-0.0215,0.9536
16105,0.0103,0.0222,1.0061
16106,-0.0112,-0.0288,0.9846
16107,-0.0669,-0.0466,0.9780
16108,-0.1165,0.0256,0.9976
16109,-0.0388,-0.0410,0.9573
16110,0.0173,-0.0083,0.9836
16111,0.0596,0.0444,0.9875
16112,0.1064,-0.0205,0.9583
16113,0.0415,-0.0039,0.9768
16114,-0.0190,0.0000,0.9829
16115,-0.0449,0.0105,0.9761
16116,-0.0916,-0.0054,0.9712
16117,-0.0581,-0.0422,0.9878
16118,0.0010,0.0022,1.0034
16119,0.0073,-0.0059,0.9866
16120,0.0642,-0.0276,0.9663
16121,0.0474,-0.0261,0.9780
16122,0.0376,0.0481,0.9895
16123,-0.0435,-0.0498,0.9517
16124,-0.0530,0.0051,0.9788
16125,-0.0728,-0.0071,0.9888
16126,-0.0361,0.0396,0.9807
16127,0.0068,-0.0574,0.9543
16128,0.0747,0.0542,1.0012
16129,0.0603,-0.0518,0.9644
16130,0.0549,0.0305,1.0161
16131,-0.0413,-0.0640,0.9592
16132,-0.0615,0.0076,1.0022
16133,-0.0757,0.0068,0.9634
16134,-0.0781,-0.0278,0.9700
16135,0.0305,0.0168,0.9839
16136,0.0732,-0.0286,0.9524
16137,0.0630,0.0366,0.9924
16138,0.0525,0.0020,0.9504
16139,-0.0120,-0.0383,0.9846
16140,-0.0911,0.0312,0.9917
16141,-0.0710,-0.0132,0.9966
16142,-0.0435,-0.0505,0.9663
16143,0.0005,-0.0344,1.0002
16144,0.0715,0.0483,1.0054
16145,0.0552,-0.0557,0.9270
16146,0.0134,0.0308,1.0027
16147,-0.0156,0.0049,0.9631
16148,-0.0378,-0.0222,0.9575
16149,-0.0662,0.0122,0.9817
16150,-0.0078,-0.0063,0.9810
16151,0.0222,0.0032,0.9849
16152,0.0173,0.0256,0.9875
16153,0.0278,-0.0532,0.9768
16154,-0.0039,-0.0422,0.9797
16155,-0.0156,0.0269,1.0110
16156,-0.0305,-0.0325,0.9468
16157,-0.0159,-0.0354,0.9712
16158,-0.0120,0.0498,1.0044
16159,0.0012,-0.0024,0.9517
16160,0.0198,-0.0078,0.9692
16161,0.0242,0.0044,0.9817
16162,0.0193,-0.0208,0.9866
16163,0.0020,0.0039,0.9915
16164,-0.0291,0.0020,0.9661
16165,-0.0146,-0.0127,0.9846
16166,-0.0457,-0.0032,0.9885
16167,-0.0139,-0.0535,0.9707
16168,-0.0215,0.0046,0.9927
16169,0.0134,0.0239,0.9702
16170,0.0305,-0.0430,0.9590
16171,-0.0056,0.0344,1.0103
16172,0.0066,-0.0193,0.9644
16173,0.0146,-0.0027,0.9631
16174,-0.0156,0.0408,0.9941
16175,0.0112,-0.0659,0.9700
16176,0.0056,-0.0476,1.0054
16177,-0.0193,0.0439,0.9827
16178,-0.0229,-0.0493,0.9426
16179,-0.0247,0.0149,0.9729
16180,-0.0391,-0.0115,0.9963
16181,-0.0168,0.0278,0.9739
16182,0.0010,-0.0305,0.9592
16183,0.0432,0.0725,1.0054
16184,0.0388,-0.0515,0.9651
16185,0.0481,0.0051,1.0054
16186,-0.0127,-0.0591,0.9680
16187,-0.0081,0.0293,0.9937
16188,-0.0632,-0.0471,0.9543
16189,-0.0522,-0.0251,0.9849
16190,-0.0505,-0.0400,0.9749
16191,0.0029,0.0366,0.9810
16192,0.0220,0.0327,0.9556
16193,0.0676,0.0212,0.9722
16194,0.0334,-0.0120,0.9976
16195,0.0195,0.0015,0.9905
16196,-0.0464,-0.0461,0.9709
16197,-0.0596,0.0190,0.9934
16198,-0.0396,-0.0437,0.9778
16199,0.0039,-0.0298,0.9868
16200,0.0376,-0.0098,0.9749
16201,0.0615,0.0110,0.9761
16202,0.0020,0.0007,0.9761
16203,-0.0154,0.0183,0.9897
16204,-0.0669,-0.0208,0.9624
16205,-0.0798,0.0066,0.9802
16206,-0.0127,-0.0073,0.9829
16207,0.0413,-0.0471,0.9622
16208,0.0266,-0.0222,1.0002
16209,0.0652,0.0388,0.9839
16210,0.0342,-0.0474,0.9458
16211,-0.0081,0.0315,1.0132
16212,-0.0386,-0.0042,0.9800
16213,-0.0486,-0.0256,0.9702
16214,-0.0481,0.0254,0.9946
16215,-0.0400,-0.0300,0.9680
16216,0.0103,-0.0229,0.9839
16217,0.0212,0.0061,0.9780
16218,0.0583,-0.0540,0.9680
16219,0.0610,0.0132,0.9722
16220,0.0010,0.0181,0.9771
16221,-0.0386,0.0164,0.9651
16222,-0.0537,-0.0276,0.9878
16223,-0.0613,0.0168,0.9963
16224,-0.0110,0.0046,0.9807
16225,0.0220,-0.0251,0.9692
16226,0.0203,-0.0610,0.9885
16227,0.0166,0.0200,1.0198
16228,0.0029,-0.0115,0.9524
16229,0.0042,-0.0166,0.9578
16230,0.0164,0.0068,0.9829
16231,0.0049,-0.0027,0.9788
16232,-0.0046,0.0149,0.9719
16233,-0.0376,-0.0208,0.9690
16234,-0.0400,-0.0129,0.9976
16235,-0.0244,0.0051,0.9797
16236,-0.0129,-0.0244,0.9651
16237,0.0303,-0.0303,0.9690
16238,0.0444,-0.0027,1.0120
16239,0.0151,0.0227,0.9956
16240,-0.0093,-0.0452,0.9565
16241,-0.0239,0.0251,0.9995
16242,-0.0227,0.0105,0.9771
16243,-0.0020,-0.0388,0.9670
16244,-0.0083,-0.0083,0.9661
16245,0.0022,0.0149,0.9758
16246,-0.0149,-0.0110,0.9731
16247,-0.0029,0.0017,0.9856
16248,-0.0090,-0.0137,0.9792
16249,0.0059,0.0002,0.9983
16250,0.0000,-0.0613,0.9712
16251,-0.0186,-0.0095,0.9866
16252,-0.0188,0.0325,0.9858
16253,0.0183,-0.0256,0.9446
16254,0.0139,-0.0271,0.9839
16255,0.0347,0.0510,0.9983
16256,-0.0046,-0.0679,0.9409
16257,-0.0439,0.0559,0.9983
16258,-0.0544,0.0256,0.9690
16259,-0.0508,-0.0598,0.9739
16260,-0.0107,-0.0017,1.0032
16261,0.0564,-0.0308,0.9700
16262,0.0898,0.0051,0.9788
16263,0.0486,0.0015,0.9751
16264,0.0063,-0.0452,0.9875
16265,-0.0547,0.0215,0.9946
16266,-0.1108,-0.0059,0.9604
16267,-0.0745,0.0049,0.9690
16268,-0.0320,0.0171,0.9670
16269,0.0256,-0.0439,0.9817
16270,0.0872,0.0359,0.9868
16271,0.0659,-0.0322,0.9739
16272,0.0647,-0.0105,0.9966
16273,-0.0081,-0.0376,0.9905
16274,-0.0461,0.0217,0.9875
16275,-0.0791,-0.0198,0.9448
16276,-0.0798,0.0129,0.9956
16277,-0.0579,-0.0364,0.9790
16278,0.0081,-0.0039,0.9915
16279,0.0645,0.0261,0.9644
16280,0.0935,0.0032,0.9563
16281,0.0713,-0.0063,0.9934
16282,0.0010,-0.0190,0.9963
16283,-0.0696,-0.0337,0.9761
16284,-0.0930,-0.0007,0.9790
16285,-0.0916,0.0034,0.9839
16286,-0.0120,-0.0276,0.9731
16287,0.0637,0.0027,0.9780
16288,0.0774,0.0027,0.9595
16289,0.0667,0.0054,0.9758
16290,0.0078,0.0095,0.9924
16291,-0.0273,-0.0210,0.9731
16292,-0.0889,0.0178,1.0002
16293,-0.0491,-0.0298,0.9810
16294,-0.0461,-0.0762,0.9700
16295,-0.0051,0.0496,1.0034
16296,0.0432,0.0156,0.9456
16297,0.0830,-0.0381,0.9565
16298,0.0242,-0.0095,1.0015
16299,0.0408,0.0002,1.0005
16300,-0.0659,-0.0178,0.9436
16301,-0.0510,0.0439,0.9934
16302,-0.0591,-0.0142,0.9790
16303,-0.0317,-0.0471,0.9800
16304,0.0227,-0.0024,0.9875
16305,0.0420,-0.0051,0.9673
16306,0.0552,-0.0171,0.9780
16307,0.0212,0.0171,1.0005
16308,-0.0474,-0.0132,0.9722
16309,-0.0376,-0.0154,0.9595
16310,-0.0388,0.0098,0.9885
16311,-0.0244,0.0002,0.9839
16312,0.0244,-0.0312,0.9595
16313,0.0112,0.0303,0.9885
16314,0.0066,0.0005,0.9856
16315,0.0164,-0.0706,0.9729
16316,0.0029,0.0125,0.9973
16317,-0.0159,0.0247,0.9797
16318,0.0020,-0.0383,0.9436
16319,-0.0281,-0.0117,0.9937
16320,-0.0339,0.0273,0.9983
16321,-0.0193,-0.0449,0.9514
16322,0.0073,0.0251,0.9866
16323,0.0188,0.0168,0.9907
16324,0.0415,-0.0303,0.9709
16325,-0.0085,-0.0359,0.9819
16326,0.0059,0.0256,0.9885
16327,-0.0437,-0.0552,0.9517
16328,-0.0359,0.0361,1.0054
16329,-0.0325,-0.0439,0.9604
16330,-0.0022,-0.0037,0.9934
16331,0.0312,0.0261,0.9641
16332,0.0417,-0.0083,0.9810
16333,0.0593,0.0117,0.9663
16334,-0.0098,-0.0237,0.9802
16335,-0.0325,0.0483,1.0112
16336,-0.0784,-0.0820,0.9417
16337,-0.0486,-0.0042,1.0229
16338,-0.0415,-0.0247,0.9614
16339,0.0359,-0.0151,0.9778
16340,0.0452,0.0059,0.9609
16341,0.0715,-0.0005,0.9719
16342,0.0332,0.0320,0.9846
16343,-0.0173,0.0256,0.9739
16344,-0.0540,-0.0562,0.9875
16345,-0.0823,0.0090,1.0051
16346,-0.0320,-0.0090,0.9817
16347,0.0024,-0.0325,0.9526
16348,0.0298,-0.0481,0.9780
16349,0.0522,-0.0059,0.9934
16350,0.0215,-0.0120,0.9751
16351,-0.0073,0.0413,0.9680
16352,-0.0149,-0.0029,0.9692
16353,-0.0334,0.0601,0.9990
16354,-0.0503,-0.0713,0.9631
16355,0.0046,-0.0078,0.9927
16356,-0.0068,-0.0059,0.9661
16357,0.0303,0.0366,0.9946
16358,0.0144,-0.0796,0.9543
16359,0.0144,-0.0420,1.0071
16360,-0.0071,0.0447,1.0012
16361,-0.0288,-0.0134,0.9478
16362,-0.0190,-0.0146,0.9556
16363,-0.0266,0.0376,1.0151
16364,-0.0149,0.0110,0.9768
16365,-0.0020,-0.0542,0.9380
16366,0.0154,0.0623,1.0063
16367,0.0000,-0.0591,0.9661
16368,0.0352,-0.0310,0.9924
16369,-0.0071,0.0134,0.9885
16370,-0.0005,-0.0017,0.9749
16371,-0.0303,-0.0640,0.9719
16372,0.0012,0.0474,1.0181
16373,-0.0073,-0.0303,0.9514
16374,0.0251,-0.0105,0.9731
16375,-0.0037,0.0149,0.9780
16376,-0.0085,0.0225,0.9788
16377,-0.0486,-0.0298,0.9565
16378,-0.0449,0.0010,1.0073
16379,-0.0015,-0.0122,0.9856
16380,0.0156,-0.0403,0.9751
16381,0.0396,0.0139,0.9788
16382,0.0508,-0.0295,0.9670
16383,0.0200,0.0171,0.9905
16384,-0.0264,-0.0112,0.9731
16385,-0.0369,0.0171,0.9856
16386,-0.0913,-0.0503,0.9641
16387,-0.0271,0.0322,1.0083
16388,0.0034,-0.0093,0.9556
16389,0.0251,-0.0002,0.9761
16390,0.0862,-0.0142,0.9751
16391,0.0498,-0.0173,0.9868
16392,-0.0190,0.0200,0.9966
16393,-0.0286,-0.0413,0.9583
16394,-0.0596,-0.0107,0.9868
16395,-0.0901,0.0298,0.9973
16396,-0.0139,-0.0505,0.9556
16397,0.0095,-0.0249,0.9758
16398,0.0281,0.0669,1.0042
16399,0.0586,-0.0471,0.9604
16400,0.0310,-0.0146,0.9829
16401,0.0303,0.0237,0.9978
16402,-0.0051,-0.0293,0.9692
16403,-0.0474,-0.0366,0.9690
16404,-0.0645,0.0020,0.9907
16405,-0.0684,0.0305,0.9878
16406,-0.0540,-0.0176,0.9556
16407,0.0398,-0.0037,0.9915
16408,0.0566,-0.0068,0.9856
16409,0.0874,-0.0183,0.9683
16410,0.0713,-0.0186,0.9722
16411,-0.0293,0.0403,1.0022
16412,-0.0735,-0.0366,0.9546
16413,-0.0903,-0.0254,0.9846
16414,-0.0955,-0.0110,0.9895
16415,0.0056,-0.0315,0.9524
16416,0.0564,0.0264,0.9878
16417,0.0735,0.0454,0.9829
16418,0.0635,-0.0920,0.9419
16419,0.0039,0.0364,1.0249
16420,-0.0520,0.0205,0.9751
16421,-0.0405,-0.0498,0.9417
16422,-0.0566,0.0483,0.9963
16423,-0.0330,-0.0173,0.9927
16424,0.0073,-0.0806,0.9692
16425,0.0073,0.0303,1.0034
16426,0.0381,0.0288,0.9741
16427,0.0474,-0.0625,0.9504
16428,0.0117,-0.0073,0.9954
16429,-0.0093,0.0205,0.9868
16430,-0.0364,-0.0186,0.9468
16431,-0.0574,-0.0161,0.9878
16432,-0.0330,0.0183,0.9927
16433,-0.0398,-0.0364,0.9790
16434,0.0229,0.0149,0.9739
16435,0.0476,-0.0413,0.9595
16436,0.0679,0.0618,1.0063
16437,0.0413,-0.0486,0.9478
16438,-0.0144,-0.0095,1.0022
16439,-0.0574,0.0056,0.9946
16440,-0.1077,-0.0386,0.9797
16441,-0.0479,0.0344,0.9827
16442,0.0042,-0.0142,0.9468
16443,0.0742,-0.0090,0.9888
16444,0.0637,-0.0120,0.9771
16445,0.0586,0.0024,0.9888
16446,-0.0339,-0.0295,0.9504
16447,-0.0659,-0.0005,1.0024
16448,-0.0796,-0.0349,0.9651
16449,-0.0330,-0.0071,0.9875
16450,0.0210,0.0339,0.9749
16451,0.0715,-0.0183,0.9644
16452,0.0576,0.0178,0.9946
16453,-0.0063,-0.0042,0.9741
16454,-0.0276,0.0161,0.9888
16455,-0.0725,-0.0474,0.9673
16456,-0.0574,-0.0044,1.0171
16457,-0.0217,-0.0374,0.9573
16458,0.0229,-0.0181,0.9702
16459,0.0540,0.0122,0.9739
16460,0.0583,-0.0212,0.9780
16461,0.0317,0.0208,0.9924
16462,0.0005,0.0007,0.9644
16463,-0.0300,0.0029,0.9641
16464,-0.0908,-0.0278,0.9905
16465,-0.0649,0.0071,0.9985
16466,-0.0325,-0.0562,0.9583
16467,-0.0024,0.0383,0.9954
16468,0.0479,-0.0542,0.9634
16469,0.0791,-0.0015,1.0002
16470,0.0415,0.0291,0.9778
16471,0.0327,-0.0151,0.9575
16472,-0.0525,0.0117,0.9810
16473,-0.0598,-0.0017,0.9866
16474,-0.0696,-0.0291,0.9619
16475,-0.0452,-0.0115,0.9817
16476,0.0339,0.0002,0.9731
16477,0.0273,-0.0342,0.9795
16478,0.0398,0.0481,0.9993
16479,0.0190,-0.0618,0.9729
16480,0.0120,0.0444,0.9995
16481,-0.0146,-0.0342,0.9631
16482,-0.0229,0.0071,0.9788
16483,-0.0408,-0.0625,0.9624
16484,-0.0205,0.0166,1.0054
16485,-0.0273,-0.0039,0.9504
16486,0.0046,0.0034,0.9749
16487,0.0344,-0.0061,0.9761
16488,0.0085,-0.0281,0.9880
16489,0.0198,0.0347,1.0044
16490,-0.0188,-0.0005,0.9546
16491,0.0054,-0.0071,0.9924
16492,-0.0273,-0.0132,0.9839
16493,-0.0347,-0.0107,0.9976
16494,-0.0254,-0.0696,0.9446
16495,0.0007,0.0046,1.0022
16496,0.0188,0.0730,0.9712
16497,0.0398,-0.0669,0.9399
16498,0.0269,0.0320,1.0022
16499,-0.0083,-0.0088,0.9817
16500,-0.0437,0.0073,0.9922
16501,-0.0662,-0.0317,0.9592
16502,-0.0186,0.0005,1.0010
16503,0.0002,-0.0386,0.9692
16504,0.0142,-0.0017,0.9849
16505,0.0283,-0.0137,0.9780
16506,0.0486,-0.0098,0.9810
16507,0.0127,0.0244,0.9937
16508,0.0015,0.0066,0.9575
16509,-0.0046,-0.0220,0.9595
16510,-0.0542,0.0056,0.9868
16511,-0.0691,-0.0059,0.9917
16512,-0.0532,-0.0242,0.9722
16513,0.0017,0.0239,0.9849
16514,0.0603,-0.0095,0.9749
16515,0.0818,-0.0391,0.9810
16516,0.0789,-0.0078,0.9954
16517,-0.0020,-0.0044,0.9780
16518,-0.0723,0.0112,0.9797
16519,-0.1040,-0.0425,0.9585
16520,-0.1055,-0.0327,0.9924
16521,-0.0168,0.0437,0.9712
16522,0.0586,-0.0398,0.9495
16523,0.0957,0.0295,0.9895
16524,0.1123,-0.0039,0.9827
16525,0.0383,0.0044,0.9827
16526,-0.0623,-0.0164,0.9807
16527,-0.0876,0.0037,0.9954
16528,-0.1094,-0.0591,0.9807
16529,-0.0564,0.0132,0.9956
16530,0.0017,-0.0400,0.9517
16531,0.0708,0.0164,0.9739
16532,0.0840,0.0049,0.9722
16533,0.0593,0.0171,0.9729
16534,-0.0010,-0.0139,0.9827
16535,-0.0400,0.0203,0.9907
16536,-0.0935,-0.0310,0.9788
16537,-0.0439,0.0056,0.9846
16538,-0.0181,-0.0784,0.9712
16539,0.0420,-0.0044,1.0181
16540,0.0442,-0.0449,0.9644
16541,0.0342,0.0203,0.9771
16542,-0.0098,0.0007,0.9475
16543,-0.0061,0.0466,0.9849
16544,-0.0261,0.0427,0.9690
16545,-0.0574,-0.0044,0.9761
16546,-0.0044,-0.0300,0.9946
16547,-0.0100,-0.0339,0.9817
16548,-0.0156,-0.0190,1.0110
16549,0.0371,-0.0259,0.9626
16550,0.0315,-0.0647,0.9749
16551,0.0046,0.0435,1.0044
16552,-0.0032,-0.0518,0.9534
16553,-0.0259,0.0073,0.9702
16554,-0.0413,0.0630,0.9790
16555,0.0137,0.0159,0.9634
16556,-0.0027,-0.0483,0.9565
16557,0.0054,0.0193,1.0161
16558,0.0066,-0.0330,0.9692
16559,-0.0039,-0.0095,0.9888
16560,-0.0317,-0.0193,0.9846
16561,-0.0017,-0.0483,0.9954
16562,-0.0095,0.0000,0.9832
16563,-0.0020,-0.0012,0.9651
16564,0.0300,0.0229,0.9551
16565,-0.0139,-0.0195,0.9622
16566,0.0095,0.0752,0.9946
16567,-0.0222,-0.0518,0.9436
16568,0.0005,0.0430,1.0042
16569,-0.0007,-0.0232,0.9846
16570,-0.0127,-0.0530,0.9966
16571,-0.0300,-0.0527,0.9888
16572,-0.0088,0.0156,1.0017
16573,-0.0334,-0.0718,0.9524
16574,0.0193,0.0029,0.9807
16575,0.0208,0.0420,0.9712
16576,0.0286,0.0312,0.9468
16577,0.0503,0.0154,0.9683
16578,-0.0068,0.0393,0.9915
16579,-0.0242,-0.0168,0.9934
16580,-0.0559,-0.0593,0.9778
16581,-0.0745,0.0088,1.0090
16582,-0.0229,-0.0347,0.9771
16583,-0.0120,-0.0881,0.9778
16584,0.0156,0.0049,1.0032
16585,0.0759,0.0210,0.9653
16586,0.0605,0.0173,0.9468
16587,0.0312,0.0259,0.9749
16588,0.0081,0.0024,0.9778
16589,-0.0588,-0.0166,0.9634
16590,-0.0876,0.0083,0.9788
16591,-0.0698,-0.0457,0.9749
16592,-0.0498,-0.0422,0.9993
16593,0.0032,0.0222,1.0012
16594,0.0559,-0.0093,0.9641
16595,0.1050,0.0188,0.9856
16596,0.0486,-0.0122,0.9917
16597,0.0164,0.0095,0.9937
16598,-0.0447,-0.0227,0.9514
16599,-0.1113,0.0139,0.9924
16600,-0.0471,-0.0095,0.9614
16601,-0.0061,-0.0271,0.9651
16602,0.0020,-0.0090,0.9839
16603,0.0762,-0.0400,0.9624
16604,0.0610,0.0293,0.9934
16605,-0.0222,0.0356,0.9849
16606,-0.0239,-0.0630,0.9680
16607,-0.0662,-0.0229,1.0161
16608,-0.0359,0.0386,0.9946
16609,-0.0017,-0.0576,0.9319
16610,0.0117,0.0242,0.9846
16611,0.0498,-0.0073,0.9849
16612,0.0396,-0.0259,0.9644
16613,-0.0149,0.0181,0.9741
16614,0.0100,0.0527,0.9797
16615,-0.0347,-0.0354,0.9780
16616,-0.0503,0.0081,1.0120
16617,-0.0278,-0.0269,0.9829
16618,-0.0256,-0.0327,0.9722
16619,0.0000,-0.0186,0.9761
16620,0.0471,0.0125,0.9778
16621,0.0183,-0.0508,0.9651
16622,0.0454,0.0134,0.9868
16623,0.0078,0.0007,0.9749
16624,0.0012,0.0408,0.9780
16625,-0.0562,-0.0439,0.9543
16626,-0.0432,0.0291,1.0168
16627,-0.0732,-0.0261,0.9731
16628,-0.0100,-0.0034,0.9807
16629,0.0232,-0.0132,0.9758
16630,0.0676,-0.0310,0.9868
16631,0.0527,-0.0056,0.9807
16632,0.0264,0.0374,0.9944
16633,-0.0305,-0.0217,0.9487
16634,-0.0466,-0.0137,0.9924
16635,-0.0525,0.0459,0.9858
16636,-0.0571,-0.0615,0.9478
16637,-0.0076,0.0205,0.9871
16638,0.0332,-0.0225,0.9673
16639,0.0557,0.0229,0.9993
Rate 1608, overflows 0
