Sample,X,Y,Z
0,0.0959,-0.0471,0.9634
1,0.1260,-0.0005,0.9658
2,0.0923,-0.0068,0.9456
3,0.0303,-0.0042,0.9683
4,-0.0869,-0.0068,0.9829
5,-0.1765,-0.0068,0.9651
6,-0.1399,0.0332,0.9790
7,-0.0352,0.0232,0.9524
8,0.1040,-0.0081,0.9480
9,0.1528,-0.0161,0.9602
10,0.1572,-0.0083,0.9875
11,0.0205,-0.0420,0.9895
12,-0.1636,0.0339,0.9653
13,-0.2039,0.0146,0.9556
14,-0.1743,-0.0957,0.9709
15,-0.0542,-0.0337,0.9749
16,0.1294,0.0483,0.9487
17,0.2202,0.0588,0.9585
18,0.1545,-0.0249,0.9663
19,0.0679,-0.0278,0.9839
20,-0.1028,-0.0239,0.9827
21,-0.2168,0.0435,0.9507
22,-0.2332,0.0164,0.9568
23,-0.1233,-0.0400,0.9829
24,0.0298,-0.0703,0.9761
25,0.1729,0.0208,0.9995
26,0.2463,0.0835,0.9507
27,0.1511,-0.0178,0.9514
28,-0.0142,-0.0459,0.9729
29,-0.1533,-0.0110,0.9614
30,-0.2732,0.0281,0.9670
31,-0.1858,-0.0330,0.9553
32,-0.0708,-0.0488,0.9937
33,0.1050,-0.0137,0.9670
34,0.2029,0.0142,0.9565
35,0.1860,0.0315,0.9631
36,0.1301,0.0210,0.9683
37,-0.0383,-0.0215,0.9670
38,-0.1655,-0.0063,0.9761
39,-0.1865,0.0251,0.9680
40,-0.1838,-0.0105,0.9634
41,-0.0632,-0.0291,0.9739
42,0.0444,-0.0508,0.9673
43,0.1428,-0.0217,0.9827
44,0.1694,0.0398,0.9563
45,0.0774,0.0300,0.9475
46,-0.0059,-0.0117,0.9680
47,-0.1292,-0.0439,0.9700
48,-0.1365,0.0256,0.9827
49,-0.0979,-0.0142,0.9417
50,-0.0205,0.0176,0.9797
51,0.0930,-0.0496,0.9692
52,0.0874,-0.0684,0.9866
53,0.0500,0.0391,0.9741
54,-0.0181,0.0542,0.9417
55,-0.1138,-0.0046,0.9641
56,-0.1235,-0.0039,0.9526
57,-0.0703,0.0195,0.9768
58,-0.0032,-0.0247,0.9644
59,0.1331,0.0015,0.9771
60,0.1394,-0.0105,0.9761
61,0.1187,-0.0396,0.9673
62,-0.0281,-0.0557,0.9839
63,-0.1606,-0.0076,0.9719
64,-0.1909,0.0273,0.9543
65,-0.1772,-0.0103,0.9536
66,-0.0061,0.0222,0.9622
67,0.1204,0.0029,0.9468
68,0.1943,0.0247,0.9797
69,0.1506,0.0132,0.9653
70,0.0054,-0.0032,0.9817
71,-0.1250,-0.0291,0.9751
72,-0.1763,-0.0337,0.9663
73,-0.1174,-0.0217,0.9768
74,-0.0325,-0.0537,0.9631
75,0.0811,0.0178,0.9817
76,0.1196,0.0383,0.9468
77,0.0486,0.0183,0.9641
78,0.0190,-0.0007,0.9556
79,-0.0784,-0.0183,0.9673
80,-0.1201,0.0117,0.9729
81,-0.0337,-0.0208,0.9495
82,-0.0435,-0.0339,0.9800
83,0.0508,-0.0247,0.9612
84,0.1216,-0.0032,0.9758
85,0.0427,0.0088,0.9612
86,0.0586,0.0298,0.9670
87,-0.0732,0.0247,0.9836
88,-0.1794,-0.0044,0.9641
89,-0.1423,-0.0239,0.9661
90,-0.1021,0.0063,0.9807
91,0.0503,-0.0237,0.9507
92,0.1831,-0.0649,0.9670
93,0.2007,0.0266,0.9895
94,0.1235,-0.0061,0.9211
95,-0.0613,0.0205,0.9875
96,-0.1919,0.0122,0.9702
97,-0.2761,-0.0247,0.9631
98,-0.1680,-0.0002,0.9749
99,0.0195,-0.0325,0.9673
100,0.1260,0.0029,0.9827
101,0.1765,0.0061,0.9731
102,0.5098,0.0378,1.0647
103,1.9980,0.1367,1.2573
104,1.9980,0.3174,1.1812
105,1.9978,0.9133,1.1399
106,1.9980,1.1831,1.0376
107,1.9978,0.7229,0.5686
108,1.9978,-0.2266,0.7805
109,-0.5085,-1.1335,0.9536
110,-1.9998,-1.9980,1.2573
111,-1.9998,-1.9980,1.3462
112,-1.9998,-1.6814,1.2261
113,-1.9998,0.4265,1.2043
114,-1.9998,1.6733,0.3069
115,1.9978,1.9998,0.3713
116,1.9980,1.9998,0.0020
117,1.9980,1.9998,0.5903
118,1.9978,0.9465,0.6975
119,1.5256,-1.0642,1.3286
120,-1.9998,-1.9983,1.6907
121,-1.9998,-1.9983,1.6370
122,-1.9998,-1.1326,1.8745
123,-1.9998,-0.8237,1.4797
124,1.6250,-0.3721,1.6665
125,1.9980,0.4966,1.0552
126,1.9978,1.8506,0.5647
127,1.9980,1.9998,0.0310
128,1.4446,1.5317,-0.2468
129,-0.4458,0.3022,-0.1135
130,-0.7974,-0.9607,0.3086
131,0.2288,-1.1389,1.1226
132,1.3325,-1.0229,1.6819
133,1.1956,-0.6931,1.9998
134,-0.2004,-0.6113,1.9998
135,-1.7883,-0.2156,1.9712
136,-1.9998,0.7153,1.4927
137,-1.6851,1.0679,0.7329
138,0.2266,0.6809,0.4431
139,1.8445,-0.1960,0.1665
140,1.9978,-0.3176,0.1794
141,1.3726,-0.1187,0.0576
142,-1.0974,-0.2529,0.1650
143,-1.9998,-0.1079,0.6404
144,-1.9998,0.0061,0.9124
145,-1.9998,0.3699,1.2991
146,-1.2065,0.5435,1.7085
147,1.5613,0.2522,1.9668
148,1.9978,-0.0391,1.9387
149,1.9980,-0.3552,1.5698
150,1.6411,-0.4331,1.2961
151,-0.5137,-0.6990,0.7310
152,-1.9998,-0.6106,0.3906
153,-1.9998,-0.1653,0.1753
154,-1.5952,0.1809,0.0757
155,0.0840,0.4705,0.2229
156,1.4055,0.7231,0.4985
157,1.7385,0.6167,0.8501
158,1.1233,0.2554,1.2427
159,0.1165,-0.1038,1.5874
160,-0.5164,-0.3472,1.7913
161,-0.4187,-0.5005,1.7942
162,0.3608,-0.5464,1.6575
163,1.1545,-0.4236,1.3765
164,1.3684,-0.0278,0.9194
165,0.8286,0.4045,0.5305
166,-0.1926,0.5051,0.2947
167,-1.2185,0.4001,0.2073
168,-1.7205,0.3845,0.2815
169,-1.4314,0.1858,0.4866
170,-0.5884,-0.1985,0.7954
171,0.3625,-0.5056,1.1050
172,1.0493,-0.3662,1.4641
173,1.1108,-0.2241,1.6155
174,0.6135,-0.0833,1.6528
175,0.0303,0.0378,1.5249
176,-0.3623,0.0723,1.2495
177,-0.4946,0.2251,0.9604
178,-0.3474,0.1379,0.5784
179,-0.1406,0.1094,0.5034
180,-0.2339,-0.0886,0.3472
181,-0.3735,-0.2053,0.4392
182,-0.5435,-0.1279,0.6548
183,-0.6890,0.0823,0.7593
184,-0.3591,0.2561,1.0745
185,0.1008,0.1042,1.3159
186,0.6848,0.1401,1.5718
187,1.1458,0.1184,1.5522
188,1.1851,-0.1943,1.4348
189,0.7788,-0.4106,1.2815
190,0.0286,-0.4692,0.9358
191,-0.6899,-0.3411,0.6763
192,-1.0447,-0.2510,0.4126
193,-0.9624,0.1138,0.4116
194,-0.5933,0.4731,0.4043
195,-0.0850,0.5471,0.5833
196,0.3311,0.5891,0.9172
197,0.5835,0.4949,1.1565
198,0.5103,0.2571,1.4094
199,0.4319,-0.1174,1.5562
200,0.2749,-0.6313,1.5872
201,0.1565,-0.7371,1.4683
202,0.0842,-0.8054,1.1001
203,-0.0488,-0.4829,0.8557
204,-0.1416,-0.1682,0.5029
205,-0.3147,0.3862,0.3286
206,-0.6089,0.7847,0.2485
207,-0.5876,0.8347,0.4319
208,-0.4646,0.6487,0.7639
209,-0.1182,0.3455,1.1165
210,0.2764,-0.0803,1.4260
211,0.4878,-0.6235,1.6497
212,0.5481,-0.8943,1.6733
213,0.3970,-0.7466,1.4875
214,0.2178,-0.4800,1.1770
215,0.0557,-0.1064,0.8237
216,-0.1047,0.3936,0.5728
217,-0.2390,0.7307,0.3494
218,-0.3406,0.7415,0.3296
219,-0.3521,0.5078,0.5181
220,-0.2966,0.2761,0.7385
221,-0.2844,-0.0254,0.9924
222,-0.1978,-0.3962,1.2798
223,-0.0129,-0.7336,1.4731
224,0.1938,-0.6738,1.5559
225,0.4436,-0.4177,1.3999
226,0.5002,-0.0552,1.2349
227,0.4241,0.3257,0.9868
228,0.1277,0.4973,0.7239
229,-0.2278,0.5552,0.6021
230,-0.4214,0.3052,0.5171
231,-0.5549,0.1040,0.6099
232,-0.4644,-0.1545,0.7427
233,-0.1824,-0.3647,0.9045
234,0.1279,-0.4253,1.0930
235,0.4038,-0.2563,1.1711
236,0.5735,-0.0811,1.1987
237,0.4170,0.1226,1.2124
238,0.0684,0.2495,1.1396
239,-0.3086,0.2356,1.0999
240,-0.5007,0.1689,1.0491
241,-0.3921,0.0220,0.9556
242,-0.1624,-0.1111,0.8960
243,0.1960,-0.1377,0.8547
244,0.4272,-0.2271,0.7600
245,0.4839,-0.1812,0.8030
246,0.3657,-0.0369,0.7800
247,0.0510,0.1611,0.8120
248,-0.2869,0.3689,0.8918
249,-0.5659,0.2151,0.9683
250,-0.6453,0.1580,1.1721
251,-0.4233,-0.0317,1.1792
252,-0.1130,-0.1997,1.2639
253,0.2515,-0.3408,1.2297
254,0.4771,-0.3716,1.1370
255,0.5042,-0.2371,1.0024
256,0.3923,-0.0955,0.8198
257,0.2107,0.1238,0.7151
258,-0.1021,0.3281,0.6353
259,-0.3562,0.4089,0.6184
260,-0.6111,0.2349,0.7708
261,-0.5874,0.1304,0.9683
262,-0.3511,-0.0049,1.1060
263,-0.0571,-0.1042,1.2261
264,0.3149,-0.2798,1.2903
265,0.5325,-0.4871,1.2847
266,0.5549,-0.3406,1.1909
267,0.5698,-0.1616,0.9758
268,0.3508,0.0964,0.8599
269,0.0146,0.3228,0.7095
270,-0.2402,0.4873,0.6606
271,-0.5483,0.3457,0.6968
272,-0.6533,0.1108,0.8176
273,-0.5532,-0.0017,0.9468
274,-0.3330,-0.1758,1.0266
275,-0.0081,-0.2654,1.1421
276,0.3745,-0.3442,1.1702
277,0.5706,-0.2004,1.2280
278,0.6450,-0.0269,1.1028
279,0.5151,0.0906,1.0081
280,0.1489,0.1514,0.9299
281,-0.3237,0.1670,0.8140
282,-0.6150,0.1658,0.8167
283,-0.7290,-0.0271,0.8198
284,-0.5801,-0.0576,0.8726
285,-0.3240,-0.0659,0.9241
286,0.0015,-0.0986,0.9895
287,0.2969,-0.1274,1.0425
288,0.5142,-0.0171,1.0647
289,0.6294,0.1301,1.0725
290,0.5129,0.0967,1.0073
291,0.2646,0.1370,1.0337
292,-0.0605,0.0718,0.9663
293,-0.4001,-0.0676,0.9612
294,-0.5740,-0.1948,0.9622
295,-0.5649,-0.1960,0.9341
296,-0.4009,-0.1313,0.8882
297,-0.1118,-0.0828,0.8599
298,0.1719,0.0862,0.8997
299,0.4478,0.1196,0.8987
300,0.5913,0.2461,0.9900
301,0.4297,0.2241,0.9897
302,0.2366,0.1138,1.0591
303,-0.0486,-0.0298,1.0864
304,-0.3491,-0.1697,1.0591
305,-0.4626,-0.1606,1.0925
306,-0.4897,-0.3040,1.0024
307,-0.3560,-0.2454,0.9624
308,-0.1150,-0.0718,0.8635
309,0.1814,0.1313,0.8169
310,0.4077,0.1375,0.7717
311,0.4861,0.3064,0.8496
312,0.3269,0.3862,0.8560
313,0.0322,0.1763,0.9302
314,-0.3225,-0.0342,1.1177
315,-0.4490,-0.2737,1.1750
316,-0.4185,-0.3757,1.2163
317,-0.2048,-0.2686,1.1467
318,0.1431,-0.2083,1.0422
319,0.2917,-0.1252,0.9487
320,0.3423,0.0898,0.8186
321,0.3381,0.3823,0.7798
322,0.1284,0.3215,0.7053
323,-0.1047,0.2217,0.7778
324,-0.2156,0.1038,0.8577
325,-0.3787,-0.1426,0.9758
326,-0.3462,-0.2458,1.1392
327,-0.2400,-0.2651,1.1858
328,-0.1135,-0.1829,1.2085
329,0.0151,-0.1042,1.1028
330,0.2820,0.0767,1.0532
331,0.3872,0.1584,0.9250
332,0.4983,0.2539,0.8247
333,0.4653,0.2610,0.7971
334,0.1924,0.0938,0.7854
335,-0.1619,-0.0706,0.8577
336,-0.5212,-0.1348,0.9426
337,-0.6472,-0.1460,1.0022
338,-0.5642,-0.2622,1.0286
339,-0.2585,-0.1189,1.1047
340,0.0713,-0.0039,1.0452
341,0.3691,0.0361,1.0347
342,0.4761,0.1008,1.0413
343,0.4575,0.0818,0.9602
344,0.1699,0.0615,0.9419
345,-0.0435,0.1038,0.9280
346,-0.2795,-0.1001,0.8840
347,-0.3728,-0.0732,0.9788
348,-0.2449,-0.1450,0.8979
349,-0.1375,-0.0071,0.9700
350,-0.0149,0.0845,0.9065
351,0.0862,0.0056,0.9221
352,0.0818,0.0503,1.0376
353,0.0884,0.0676,0.9377
354,0.1436,0.1213,1.0325
355,0.0889,-0.0186,1.0100
356,0.1367,-0.0698,1.0242
357,0.0928,-0.1174,1.0464
358,0.0166,-0.1267,1.0198
359,-0.0288,-0.1226,0.9846
360,-0.1289,-0.0293,0.9475
361,-0.2134,0.0535,0.8892
362,-0.2095,0.0481,0.8569
363,-0.1326,0.1907,0.9065
364,0.1206,0.1362,0.8655
365,0.1792,0.0122,0.9446
366,0.1887,0.0095,1.0239
367,0.1052,-0.1350,1.0068
368,-0.0481,-0.1475,1.1150
369,-0.1665,-0.2124,1.0396
370,-0.2344,-0.0430,1.0620
371,-0.2361,0.1006,0.9817
372,-0.1055,0.1196,0.8862
373,0.0369,0.1506,0.9348
374,0.1926,0.0889,0.8716
375,0.3079,0.0449,0.8911
376,0.2520,-0.0012,0.9299
377,0.1145,-0.1057,0.9448
378,-0.1809,-0.2476,1.0042
379,-0.2761,-0.1333,1.0530
380,-0.2439,-0.0693,1.0061
381,-0.2012,0.0439,1.0198
382,-0.0254,0.0437,0.9863
383,0.0801,0.1162,0.9937
384,0.1487,0.1750,0.9485
385,0.2483,0.0496,0.9360
386,0.1755,-0.0312,0.9644
387,0.0596,-0.0779,0.9097
388,-0.0820,-0.0457,0.9497
389,-0.2458,-0.0171,0.9368
390,-0.2830,-0.0356,0.9553
391,-0.2642,-0.1018,0.9927
392,-0.1482,0.0359,0.9924
393,0.0037,0.1084,0.9661
394,0.0771,0.0310,0.9944
395,0.1602,-0.0129,0.9983
396,0.2654,-0.0657,0.9741
397,0.2336,-0.0046,1.0005
398,0.1575,-0.0166,0.9233
399,0.0308,-0.0474,0.9644
400,-0.1792,-0.0063,0.9634
401,-0.2493,-0.0405,0.9087
402,-0.2886,0.0613,0.9897
403,-0.1699,0.0845,0.9397
404,0.0154,0.0176,0.9458
405,0.2083,-0.0354,1.0090
406,0.3296,-0.0251,1.0129
407,0.3032,-0.0391,0.9895
408,0.1401,-0.0610,0.9983
409,0.0063,-0.0901,0.9673
410,-0.2893,-0.1208,0.9653
411,-0.3357,0.0403,0.9797
412,-0.2878,0.0625,0.9211
413,-0.1807,0.1565,0.9543
414,0.0269,0.0874,0.9182
415,0.0637,0.0322,0.9531
416,0.1206,0.0151,0.9702
417,0.1777,-0.0127,0.9653
418,0.1279,-0.0298,1.0103
419,0.0225,-0.1711,0.9778
420,-0.0525,-0.0674,1.0415
421,-0.1584,-0.0601,0.9810
422,-0.1389,-0.0520,0.9653
423,-0.1638,-0.0234,0.9888
424,-0.1208,0.0505,0.9192
425,-0.0342,0.0305,0.9387
426,0.0374,0.0391,0.9414
427,0.2156,0.0508,0.9299
428,0.2512,-0.0068,0.9634
429,0.1997,0.0105,0.9504
430,0.1096,0.0474,0.9644
431,-0.1301,0.0398,0.9800
432,-0.2568,-0.0383,1.0051
433,-0.2361,-0.0447,1.0354
434,-0.1450,-0.0488,0.9954
435,0.0232,-0.0403,0.9719
436,0.1438,0.0000,0.9819
437,0.1929,-0.0066,0.9241
438,0.2195,0.0391,0.9419
439,0.0757,0.0764,0.9006
440,0.0117,0.0847,0.9221
441,-0.1199,-0.0132,0.9299
442,-0.2744,-0.0762,0.9731
443,-0.3218,-0.0483,0.9995
444,-0.2944,-0.0847,1.0054
445,-0.0867,-0.0928,1.0452
446,0.1187,-0.1221,1.0100
447,0.2783,0.0000,1.0171
448,0.2834,0.0798,0.9272
449,0.2573,0.0588,0.9397
450,0.0999,0.0762,0.9185
451,-0.0803,0.1384,0.9106
452,-0.2480,0.0657,0.9351
453,-0.3145,-0.0674,0.9631
454,-0.3257,-0.0735,1.0142
455,-0.1328,-0.0403,0.9827
456,0.0266,-0.1025,0.9739
457,0.1875,0.0391,1.0146
458,0.2800,-0.0562,0.9341
459,0.2705,0.0303,0.9966
460,0.1648,0.0505,0.9204
461,0.1028,0.0396,0.9565
462,-0.0796,0.0059,0.9565
463,-0.1882,-0.0271,0.9487
464,-0.2576,-0.0405,0.9993
465,-0.3113,-0.0679,0.9954
466,-0.1729,-0.1006,0.9871
467,-0.0146,-0.1008,0.9954
468,0.0774,0.0356,0.9670
469,0.1750,0.0718,0.9282
470,0.2886,0.0908,0.9622
471,0.1963,0.0293,0.9546
472,0.1741,0.0728,0.9585
473,-0.0559,-0.0056,0.9631
474,-0.2710,-0.0144,0.9976
475,-0.3943,-0.1331,0.9807
476,-0.3962,-0.0830,1.0090
477,-0.2283,-0.0405,0.9778
478,0.0789,-0.0193,0.9534
479,0.2441,0.0818,0.9543
480,0.4360,0.0710,0.8879
481,0.4319,0.0374,0.9414
482,0.2729,0.0864,0.9417
483,0.1084,0.0706,0.9250
484,-0.1948,-0.0515,1.0112
485,-0.4048,-0.1257,1.0039
486,-0.3591,-0.1655,1.0266
487,-0.2612,-0.1128,1.0386
488,-0.0708,-0.0310,0.9702
489,0.0916,0.1016,0.9407
490,0.0994,0.1040,0.9426
491,0.0554,0.1382,0.9631
492,0.2034,0.0801,0.9058
493,0.2444,-0.0254,0.9370
494,0.1560,-0.0242,0.9331
495,0.0354,-0.0171,1.0054
496,-0.2751,-0.1768,1.0168
497,-0.3784,-0.1042,1.0151
498,-0.3772,-0.1204,0.9771
499,-0.2473,0.0356,1.0181
500,0.0374,0.0920,0.9143
501,0.2534,0.0681,0.8958
502,0.4075,0.1067,0.9663
503,0.4312,0.0554,0.9211
504,0.2571,0.0706,0.9685
505,0.0310,-0.0010,0.9592
506,-0.2888,-0.1372,0.9729
507,-0.5093,-0.2097,1.0181
508,-0.5107,-0.1118,1.0181
509,-0.3464,0.0547,1.0349
510,-0.0405,-0.0015,0.9468
511,0.2473,0.0366,1.0012
512,0.4517,0.1433,0.9319
513,0.5061,0.1157,0.8999
514,0.3967,0.1042,0.9741
515,0.1519,-0.0713,0.9036
516,-0.0989,-0.1003,0.9927
517,-0.3794,-0.1448,0.9692
518,-0.5044,-0.1218,0.9976
519,-0.4451,-0.0674,1.0295
520,-0.3137,-0.0552,0.9495
521,-0.0056,0.0659,0.9680
522,0.2068,0.1077,0.9204
523,0.3057,0.1597,0.9312
524,0.4028,0.0916,0.9641
525,0.3232,-0.0042,0.9485
526,0.1724,0.0266,0.9839
527,-0.0278,-0.0684,0.9526
528,-0.3245,-0.1384,1.0198
529,-0.4351,-0.1738,1.0269
530,-0.4058,-0.1328,1.0083
531,-0.3391,0.0088,0.9858
532,-0.0657,0.1084,0.9189
533,0.1670,0.1462,0.9202
534,0.3123,0.0984,0.9106
535,0.4211,0.1160,0.9438
536,0.3704,0.0903,0.9429
537,0.2368,-0.0271,0.9788
538,-0.0393,-0.1421,1.0139
539,-0.2898,-0.2100,1.0276
540,-0.4236,-0.1440,1.0427
541,-0.4033,-0.0642,0.9868
542,-0.2458,-0.0090,0.9651
543,-0.0701,0.1255,0.9282
544,0.1116,0.0769,0.8831
545,0.2754,0.1348,0.9368
546,0.4409,0.1143,0.9163
547,0.3667,-0.0125,0.9495
548,0.2161,-0.0232,0.9966
549,0.0154,-0.1213,0.9788
550,-0.3093,-0.1758,1.0181
551,-0.5366,-0.0952,1.0601
552,-0.4653,-0.0396,0.9741
553,-0.4099,0.0608,0.9993
554,-0.0754,0.1978,0.9468
555,0.2053,0.0471,0.8765
556,0.3674,0.0801,0.9819
557,0.5989,-0.0173,0.9126
558,0.5100,0.0193,0.9766
559,0.2405,0.0928,0.9634
560,-0.0652,-0.1909,0.9192
561,-0.4402,-0.2632,1.0852
562,-0.6130,-0.1812,0.9885
563,-0.4495,0.0747,0.9868
564,-0.2747,0.0557,0.9331
565,0.0334,0.0745,0.9309
566,0.2544,0.1204,0.9768
567,0.4072,0.0723,0.9417
568,0.4182,0.0247,0.9468
569,0.3899,0.0020,0.9780
570,0.2900,-0.0886,0.9690
571,-0.0601,-0.1519,0.9868
572,-0.3113,-0.0081,1.0334
573,-0.5552,-0.0605,0.9419
574,-0.6060,0.0173,0.9966
575,-0.4509,0.1077,0.9260
576,-0.1816,0.1218,0.9114
577,0.1316,0.0620,0.9497
578,0.5127,0.0032,0.9719
579,0.6995,-0.0735,0.9897
580,0.6204,-0.1113,0.9702
581,0.2708,-0.0693,1.0015
582,-0.1768,-0.1465,0.9788
583,-0.5906,-0.0308,0.9934
584,-0.7349,0.1167,0.9712
585,-0.6824,0.1785,0.9573
586,-0.3481,0.1660,0.9563
587,0.0715,0.0200,0.9214
588,0.5229,-0.0212,0.9915
589,0.8030,-0.0825,0.9409
590,0.7883,-0.0422,0.9575
591,0.4429,-0.0098,0.9846
592,0.0139,-0.1372,0.9436
593,-0.5532,-0.1541,1.0015
594,-0.8210,-0.0059,1.0090
595,-0.7202,0.0308,0.9556
596,-0.4741,0.0378,0.9985
597,-0.0181,0.0657,0.9741
598,0.3442,0.0249,0.9485
599,0.5803,0.0049,0.9888
600,0.6155,-0.0420,0.9487
601,0.5061,0.0291,0.9976
602,0.1416,-0.0886,0.9243
603,-0.2292,-0.0693,0.9661
604,-0.4407,0.0273,0.9670
605,-0.5076,0.0408,0.9348
606,-0.4761,0.0403,0.9966
607,-0.2234,0.0320,0.9985
608,-0.0178,-0.0271,0.9438
609,0.2319,0.0381,0.9878
610,0.4131,-0.1157,0.9211
611,0.4663,-0.0498,0.9993
612,0.3137,0.0454,0.9614
613,0.1733,0.0769,0.9329
614,-0.1794,-0.1194,0.9700
615,-0.4097,0.0103,1.0151
616,-0.4294,0.1250,0.9348
617,-0.4692,0.0908,0.9741
618,-0.2439,0.0569,0.9963
619,0.0498,-0.1558,0.9104
620,0.2913,-0.0132,1.0464
621,0.5815,-0.0698,0.9207
622,0.6606,-0.1072,0.9729
623,0.3867,-0.0444,1.0022
624,0.1067,-0.0320,0.9038
625,-0.3386,0.0527,0.9612
626,-0.6501,0.1199,0.9534
627,-0.6375,0.1433,0.9661
628,-0.5483,0.0381,0.9917
629,-0.1870,-0.0054,0.9888
630,0.2170,-0.0874,0.9731
631,0.4390,-0.0947,0.9993
632,0.5608,-0.0518,0.9751
633,0.5259,-0.0090,0.9504
634,0.1875,-0.0212,0.9680
635,-0.1489,-0.0823,0.9194
636,-0.3728,0.0120,0.9631
637,-0.5398,0.1084,0.9768
638,-0.3962,0.0264,0.9519
639,-0.2769,-0.0437,0.9888
640,-0.0459,0.0254,1.0034
641,0.2007,-0.0605,0.9690
642,0.4199,-0.0376,0.9915
643,0.4338,-0.0505,0.9448
644,0.3481,0.0471,0.9690
645,0.1091,0.0491,0.9124
646,-0.1384,0.0283,0.9292
647,-0.3130,0.1316,0.9683
648,-0.3657,0.0298,0.9595
649,-0.3586,-0.0110,1.0239
650,-0.1724,-0.0559,1.0168
651,0.0195,-0.0874,0.9807
652,0.1338,-0.1274,0.9797
653,0.3188,-0.0994,0.9895
654,0.3198,-0.0464,0.9368
655,0.2283,0.0603,0.9399
656,0.0515,0.0061,0.9319
657,-0.2083,0.0610,0.9487
658,-0.3767,0.1001,0.9436
659,-0.4490,0.0764,0.9485
660,-0.3804,-0.0154,0.9819
661,-0.2185,-0.0078,1.0178
662,0.0620,-0.0518,0.9963
663,0.3586,-0.1511,1.0015
664,0.5461,-0.1487,1.0249
665,0.5122,-0.0386,0.9758
666,0.2874,0.0161,0.8987
667,-0.0718,0.0657,0.9048
668,-0.3728,0.1553,0.9358
669,-0.5764,0.1394,0.9165
670,-0.5374,0.0679,0.9497
671,-0.2170,0.0823,1.0051
672,0.0876,-0.1062,0.9800
673,0.3801,-0.1250,1.0190
674,0.5493,-0.1389,1.0188
675,0.5120,-0.1135,1.0054
676,0.2415,-0.1365,0.9644
677,-0.1023,-0.0305,0.9749
678,-0.3962,0.0757,0.9270
679,-0.5317,0.1648,0.9116
680,-0.4685,0.2483,0.9358
681,-0.2405,0.1140,0.9260
682,0.0483,0.0405,0.9775
683,0.2249,-0.0698,0.9741
684,0.3357,-0.1450,1.0278
685,0.3186,-0.1907,0.9946
686,0.1917,-0.1970,0.9741
687,0.0078,-0.0869,0.9856
688,-0.1687,0.0190,0.9436
689,-0.3079,0.1729,0.9370
690,-0.3340,0.1299,0.9446
691,-0.2271,0.1191,0.9768
692,-0.0901,0.0708,0.9709
693,0.0571,-0.0278,0.9924
694,0.1545,-0.1199,0.9741
695,0.2380,-0.1204,0.9883
696,0.2905,-0.1367,0.9856
697,0.1965,-0.0969,0.9526
698,0.0884,0.0698,0.9709
699,-0.1033,0.0076,0.9163
700,-0.2520,0.0608,0.9563
701,-0.2886,0.1189,0.9399
702,-0.1753,0.1536,0.9487
703,-0.0051,0.0603,0.9797
704,0.1238,-0.0754,1.0012
705,0.2002,-0.0913,1.0188
706,0.1919,-0.1060,0.9700
707,0.1699,-0.0945,0.9648
708,0.1072,-0.0720,0.9771
709,-0.0806,0.0046,0.9565
710,-0.3005,0.0193,0.9036
711,-0.3774,0.0969,0.9653
712,-0.2981,0.0923,0.9407
713,-0.1504,0.0518,0.9351
714,0.0457,0.0994,1.0044
715,0.2715,-0.0115,0.9768
716,0.2932,-0.0911,0.9946
717,0.2605,-0.1187,0.9905
718,0.1978,-0.1633,0.9880
719,-0.0176,-0.1133,0.9993
720,-0.1926,0.0061,0.9573
721,-0.2961,0.0220,0.9224
722,-0.3650,0.0564,0.9622
723,-0.2278,0.1555,0.9407
724,-0.0654,0.1538,0.9385
725,0.1511,0.1460,0.9663
726,0.2947,-0.0410,0.9407
727,0.2737,-0.0916,1.0308
728,0.3713,-0.1167,1.0015
729,0.2434,-0.2415,0.9995
730,0.0884,-0.0486,1.0208
731,-0.1118,-0.0039,0.9377
732,-0.3738,0.0317,0.9338
733,-0.4487,0.0547,0.9302
734,-0.3918,0.1108,0.9292
735,-0.2603,0.1946,0.9299
736,0.0100,0.0354,0.9495
737,0.1831,-0.1199,1.0090
738,0.3889,-0.1204,1.0181
739,0.4358,-0.1042,0.9858
740,0.2874,-0.0381,1.0034
741,0.0776,-0.0051,0.9817
742,-0.2610,-0.0325,0.9641
743,-0.5132,0.0742,0.9487
744,-0.5349,0.0835,0.9368
745,-0.3462,0.1123,0.9731
746,-0.0530,0.0415,0.9436
747,0.2410,-0.0349,0.9634
748,0.4524,-0.0950,0.9663
749,0.4712,-0.1218,0.9817
750,0.4126,-0.0701,0.9641
751,0.2393,-0.0190,0.9641
752,-0.1284,-0.0161,0.9585
753,-0.3376,0.0562,0.9475
754,-0.3921,0.0938,0.9497
755,-0.3875,0.0496,0.9661
756,-0.2349,0.0857,1.0071
757,-0.0845,-0.0173,1.0024
758,0.0808,-0.1287,1.0103
759,0.2632,-0.1602,1.0012
760,0.3704,-0.0632,0.9888
761,0.3931,0.0234,0.9270
762,0.2068,0.0659,0.9133
763,-0.0952,0.0955,0.9094
764,-0.4272,0.0999,0.9106
765,-0.6353,0.0356,0.9390
766,-0.5789,-0.0422,0.9993
767,-0.2693,-0.0154,1.0090
768,0.0774,-0.0911,0.9790
769,0.3640,-0.0947,1.0198
770,0.6235,-0.1128,1.0217
771,0.6018,-0.0413,0.9722
772,0.3550,0.0603,0.9485
773,0.1204,0.1067,0.9370
774,-0.3250,0.0684,0.8850
775,-0.5840,0.1240,0.9202
776,-0.6011,0.0654,0.9487
777,-0.5425,-0.0598,0.9780
778,-0.1887,-0.0520,1.0073
779,0.1541,-0.1169,1.0317
780,0.4543,-0.1047,1.0005
781,0.6626,-0.0791,1.0032
782,0.6577,0.0000,1.0002
783,0.4016,-0.0181,0.9136
784,0.0625,0.1025,0.9429
785,-0.3630,0.1077,0.8899
786,-0.6196,0.0549,0.9321
787,-0.7009,0.0344,0.9700
788,-0.5029,0.0159,0.9739
789,-0.2227,-0.0852,0.9941
790,0.1313,-0.1226,1.0054
791,0.4475,-0.1162,1.0151
792,0.6538,-0.0737,0.9827
793,0.6362,0.0085,0.9719
794,0.3958,0.1338,0.9321
795,0.0474,0.1064,0.9192
796,-0.4275,0.0679,0.9172
797,-0.7214,0.0652,0.9924
798,-0.7839,-0.0107,0.9797
799,-0.5708,-0.0933,1.0068
800,-0.1663,-0.1257,1.0073
801,0.2944,-0.1252,0.9485
802,0.6318,-0.0806,0.9661
803,0.7737,-0.0017,0.9819
804,0.6284,0.0066,0.9329
805,0.2781,0.1311,0.9211
806,-0.1609,0.1260,0.9009
807,-0.4841,0.0439,0.9358
808,-0.6355,-0.0071,0.9944
809,-0.5454,-0.0203,1.0532
810,-0.2666,-0.0388,1.0081
811,0.0317,-0.0466,1.0295
812,0.2900,-0.0588,0.9758
813,0.4094,-0.0359,0.9536
814,0.4312,0.0327,0.9465
815,0.3215,0.0452,0.9009
816,0.0923,0.0808,0.9075
817,-0.2341,0.0117,0.9153
818,-0.4402,-0.0208,0.9612
819,-0.5444,-0.0471,0.9780
820,-0.4766,-0.0281,1.0637
821,-0.2805,-0.0413,1.0022
822,-0.0701,-0.0942,0.9878
823,0.2400,-0.0803,0.9915
824,0.4915,0.0024,0.9790
825,0.6038,0.0410,0.9175
826,0.5159,0.0449,0.9097
827,0.2205,0.1213,0.9204
828,-0.1958,0.0408,0.9155
829,-0.5298,-0.0090,0.9624
830,-0.6248,-0.0173,1.0295
831,-0.5208,-0.1279,1.0151
832,-0.2214,0.0007,1.0276
833,0.1064,-0.1091,0.9866
834,0.3657,-0.0471,1.0110
835,0.5562,0.0361,0.9504
836,0.5845,0.0388,0.9045
837,0.3364,0.2131,0.9553
838,0.0537,0.0564,0.8752
839,-0.2048,-0.0493,0.9348
840,-0.4670,0.0608,0.9651
841,-0.4568,-0.0566,0.9915
842,-0.4341,-0.1848,1.0444
843,-0.2842,-0.0813,1.0461
844,-0.0471,-0.1147,0.9456
845,0.1411,-0.0388,0.9905
846,0.3540,0.0557,0.9895
847,0.5122,0.0583,0.9084
848,0.3958,0.1538,0.9194
849,0.2405,0.1267,0.9436
850,-0.1235,0.0208,0.9634
851,-0.4082,-0.0435,0.9836
852,-0.5073,-0.1853,0.9810
853,-0.5408,-0.0693,1.0183
854,-0.2925,-0.0510,0.9517
855,0.0359,-0.0664,0.9631
856,0.3118,0.0969,0.9846
857,0.5198,0.0774,0.9126
858,0.5891,0.0684,0.9478
859,0.3462,0.0576,0.9514
860,0.0393,0.0020,0.9370
861,-0.3008,-0.1262,0.9624
862,-0.4265,-0.1465,1.0403
863,-0.4065,-0.1165,1.0413
864,-0.2854,0.1018,0.9890
865,-0.0952,0.1714,0.9021
866,0.0598,0.0867,0.9653
867,0.1877,0.0129,0.9604
868,0.3518,0.0288,0.9077
869,0.2937,-0.0330,0.9634
870,0.2224,-0.0618,0.9790
871,-0.0156,-0.1919,0.9731
872,-0.2358,-0.0789,1.0200
873,-0.3054,-0.0364,0.9846
874,-0.3894,0.0300,1.0002
875,-0.2505,0.1465,0.9595
876,-0.1792,0.0195,0.9058
877,0.0200,0.1243,0.9788
878,0.2515,0.0493,0.9290
879,0.4570,-0.0266,0.9368
880,0.4849,-0.0383,0.9622
881,0.2827,-0.0823,0.9836
882,-0.0496,-0.1272,0.9875
883,-0.3286,-0.1128,0.9985
884,-0.4385,-0.0037,1.0181
885,-0.3994,0.0867,0.9739
886,-0.2383,0.1604,0.9436
887,-0.0024,0.0647,0.9653
888,0.2705,0.0354,0.9312
889,0.3667,0.0002,0.9377
890,0.4622,-0.0288,0.9565
891,0.2737,-0.1604,0.9741
892,0.0181,-0.1604,0.9915
893,-0.1338,-0.1360,0.9907
894,-0.3271,0.0732,0.9937
895,-0.3999,0.0886,0.9282
896,-0.3540,0.0674,0.9585
897,-0.2488,0.1687,0.9846
898,-0.0339,0.0808,0.9146
899,0.2249,0.0386,0.9644
900,0.3577,-0.0850,0.9858
901,0.4458,-0.0627,0.9866
902,0.2883,-0.1492,0.9409
903,0.0349,-0.0735,1.0051
904,-0.2136,-0.0518,0.9822
905,-0.4458,-0.0723,0.9575
906,-0.4683,0.0908,0.9849
907,-0.3259,0.1594,0.9456
908,-0.1311,0.0845,0.9253
909,0.1079,-0.0010,0.9741
910,0.3499,0.0095,0.9976
911,0.3577,-0.0242,0.9380
912,0.3091,-0.1187,0.9944
913,0.1213,-0.1646,0.9983
914,-0.1038,-0.1523,0.9993
915,-0.2515,0.0266,0.9634
916,-0.2390,0.0872,0.9475
917,-0.2332,0.1155,0.9377
918,-0.2126,0.1289,0.9397
919,-0.0977,0.1377,0.8999
920,0.0325,0.0310,0.9126
921,0.1570,0.0486,1.0278
922,0.2710,-0.1904,0.9543
923,0.2700,-0.2393,1.0344
924,0.2292,-0.1941,1.0393
925,0.0090,-0.1809,0.9861
926,-0.1736,0.1204,1.0012
927,-0.3318,0.0850,0.9124
928,-0.3210,0.2185,0.9797
929,-0.1655,0.2490,0.8853
930,-0.0674,0.1094,0.9028
931,0.0718,0.0188,0.9895
932,0.2795,-0.1040,0.9497
933,0.3696,-0.2173,1.0022
934,0.2791,-0.1846,1.0256
935,0.1389,-0.1648,0.9927
936,-0.0581,-0.0984,0.9536
937,-0.2095,0.1235,0.9722
938,-0.2896,0.1357,0.9390
939,-0.2859,0.1506,0.9260
940,-0.2058,0.0918,0.9543
941,0.0339,0.0803,0.9685
942,0.2122,-0.0317,0.9749
943,0.3469,-0.1050,1.0054
944,0.2998,-0.1299,0.9663
945,0.1130,-0.1389,0.9924
946,-0.1462,-0.0681,0.9768
947,-0.3279,-0.0046,0.9280
948,-0.4050,0.0735,0.9495
949,-0.2883,0.1375,0.9563
950,-0.0889,0.1267,0.9373
951,0.0596,0.1167,0.9407
952,0.2083,0.0015,0.9731
953,0.2712,-0.0935,1.0171
954,0.1816,-0.1169,1.0247
955,0.0757,-0.2043,0.9663
956,-0.1067,-0.1655,0.9956
957,-0.2903,-0.0405,0.9709
958,-0.2563,0.0420,0.8784
959,-0.2708,0.1350,0.9458
960,-0.0750,0.2688,0.9536
961,0.0762,0.0876,0.9185
962,0.2075,0.1453,0.9426
963,0.3091,0.0203,0.9583
964,0.2830,-0.0977,1.0579
965,0.1970,-0.2744,1.0022
966,-0.0176,-0.2891,1.0396
967,-0.2107,-0.1113,1.0413
968,-0.2610,-0.0771,0.9299
969,-0.2229,0.1384,0.9592
970,-0.0894,0.2551,0.9114
971,0.0984,0.2893,0.8752
972,0.1550,0.1838,0.8899
973,0.1648,0.0620,0.9583
974,0.0972,-0.1553,0.9856
975,0.0581,-0.2544,1.0281
976,-0.0417,-0.3130,1.0637
977,-0.1375,-0.2285,1.0093
978,-0.1824,-0.0830,0.9829
979,-0.2419,0.1316,0.9788
980,-0.1560,0.1497,0.9670
981,-0.0317,0.2173,0.8267
982,0.0046,0.2915,0.9312
983,0.0901,0.1174,0.9573
984,0.0923,-0.1694,0.9260
985,0.1047,-0.1079,1.0325
986,0.1494,-0.1848,1.0005
987,0.1055,-0.1836,1.0354
988,0.0139,-0.0925,0.9885
989,-0.1780,-0.0461,0.9729
990,-0.2654,0.1672,0.9563
991,-0.2322,0.2185,0.8767
992,-0.1624,0.2102,0.9329
993,0.0610,0.0999,0.9370
994,0.2590,-0.0515,0.9575
995,0.3088,-0.0813,1.0227
996,0.3647,-0.1970,1.0081
997,0.1997,-0.2747,1.0061
998,-0.0010,-0.1414,1.0386
999,-0.2485,-0.0654,0.9224
1000,-0.4028,0.1123,0.9702
1001,-0.4080,0.1282,0.9124
1002,-0.2737,0.1895,0.9243
1003,-0.0347,0.2439,0.9536
1004,0.2073,0.1262,0.9106
1005,0.2705,-0.0500,1.0022
1006,0.3335,-0.2017,1.0256
1007,0.2634,-0.2212,1.0325
1008,0.1384,-0.1926,1.0073
1009,-0.0767,-0.1426,0.9800
1010,-0.3042,-0.0149,0.9556
1011,-0.3870,0.1296,0.9194
1012,-0.3062,0.1987,0.8857
1013,-0.2354,0.2131,0.8997
1014,-0.0725,0.2073,0.9524
1015,0.0425,-0.0823,0.9360
1016,0.2039,-0.1057,1.0491
1017,0.3899,-0.1313,1.0278
1018,0.3713,-0.2737,1.0220
1019,0.3396,-0.1370,1.0708
1020,0.1292,-0.0642,0.9280
1021,-0.2151,0.0696,0.9224
1022,-0.4497,0.1750,0.9595
1023,-0.4958,0.1753,0.8645
1024,-0.3511,0.1899,0.9067
1025,-0.0718,0.0642,0.9778
1026,0.1448,-0.0984,0.9878
1027,0.3381,-0.1057,1.0200
1028,0.4993,-0.1731,0.9917
1029,0.3262,-0.2585,1.0483
1030,0.1741,-0.0347,1.0249
1031,-0.1360,-0.0483,0.8909
1032,-0.4294,0.0981,0.9622
1033,-0.4712,0.2310,0.9272
1034,-0.3818,0.1768,0.8801
1035,-0.1926,0.0981,0.9468
1036,0.0847,-0.0088,1.0083
1037,0.2764,-0.0237,0.9563
1038,0.3433,-0.1790,0.9436
1039,0.3467,-0.1577,1.1145
1040,0.1514,-0.2168,0.9937
1041,0.0757,-0.0386,0.9250
1042,-0.2449,0.1030,0.9214
1043,-0.3765,0.1377,0.9741
1044,-0.3857,0.0811,0.8921
1045,-0.3806,0.1694,0.9358
1046,-0.1521,0.0547,0.9944
1047,0.0825,-0.0859,0.9888
1048,0.2600,-0.0823,1.0093
1049,0.5188,-0.2083,0.9985
1050,0.5120,-0.1436,1.0220
1051,0.3667,-0.0278,0.9543
1052,0.1531,0.0703,0.9399
1053,-0.3123,0.0664,0.9006
1054,-0.5454,0.1316,0.9146
1055,-0.6384,0.1868,0.9524
1056,-0.4341,0.1025,0.9448
1057,-0.0679,-0.0920,0.9575
1058,0.1567,-0.0977,1.0637
1059,0.4399,-0.2095,0.9875
1060,0.4478,-0.1968,1.0227
1061,0.3120,-0.0142,1.0120
1062,0.1167,-0.0791,0.9475
1063,-0.2205,0.0891,0.9387
1064,-0.4177,0.2170,0.8713
1065,-0.4636,0.1577,0.8938
1066,-0.4448,0.1147,0.9663
1067,-0.2236,0.0159,0.9915
1068,-0.0315,-0.1123,1.0083
1069,0.2498,-0.1565,1.0142
1070,0.4341,-0.1802,1.0051
1071,0.5737,-0.1211,1.0217
1072,0.4324,-0.0872,0.9456
1073,0.2207,0.1157,0.9595
1074,-0.1641,0.0967,0.8911
1075,-0.4575,0.1470,0.9185
1076,-0.5723,0.2490,0.9368
1077,-0.4854,0.0801,0.9243
1078,-0.2432,-0.0771,1.0063
1079,-0.0015,-0.1240,1.0149
1080,0.2429,-0.1384,0.9946
1081,0.4438,-0.2024,1.0188
1082,0.5132,-0.1399,1.0305
1083,0.4719,-0.0454,0.9458
1084,0.2703,0.1824,0.9348
1085,-0.0557,0.1313,0.8528
1086,-0.3770,0.0737,0.9438
1087,-0.5981,0.0999,1.0044
1088,-0.5789,0.0244,0.9475
1089,-0.4089,-0.0344,1.0071
1090,-0.0818,-0.1118,1.0051
1091,0.2104,-0.1721,1.0071
1092,0.4954,-0.0618,0.9624
1093,0.5747,-0.0403,0.9338
1094,0.4097,0.1184,0.9749
1095,0.1421,0.1108,0.8743
1096,-0.2332,0.0688,0.9143
1097,-0.4692,0.0913,0.9741
1098,-0.5220,0.0024,0.9839
1099,-0.3699,-0.0491,0.9934
1100,-0.1616,-0.1328,1.0474
1101,0.0781,-0.1670,1.0061
1102,0.2874,-0.2161,0.9937
1103,0.3967,-0.0469,1.0454
1104,0.3970,-0.0007,0.9055
1105,0.3159,0.0813,0.9006
1106,0.1182,0.2344,0.9058
1107,-0.1318,0.1533,0.8931
1108,-0.3394,0.1721,0.9194
1109,-0.4429,0.0454,0.9771
1110,-0.3823,-0.0781,1.0776
1111,-0.2405,-0.1694,1.0383
1112,-0.0215,-0.2224,1.0122
1113,0.2578,-0.1614,1.0266
1114,0.4692,-0.0974,0.9807
1115,0.5259,0.0234,0.9182
1116,0.3394,0.0681,0.8977
1117,0.0515,0.2144,0.9319
1118,-0.2874,0.1440,0.8127
1119,-0.5669,0.2202,0.9482
1120,-0.5789,0.0398,0.9836
1121,-0.4038,-0.0635,1.0503
1122,-0.1089,-0.1765,1.0044
1123,0.2666,-0.3118,1.0500
1124,0.4292,-0.1106,1.0901
1125,0.5347,-0.1455,0.9099
1126,0.4819,0.0530,0.9778
1127,0.1992,0.2126,0.9194
1128,-0.0903,0.1343,0.8677
1129,-0.3618,0.1472,0.9038
1130,-0.4958,0.0706,0.9221
1131,-0.3550,0.0256,0.9810
1132,-0.2173,-0.0964,1.0159
1133,-0.0271,-0.1316,1.0234
1134,0.2378,-0.1487,0.9907
1135,0.2969,-0.1597,1.0090
1136,0.4026,0.0234,1.0269
1137,0.2961,-0.0112,0.8843
1138,-0.0112,0.1743,0.9475
1139,-0.1768,0.1045,0.9087
1140,-0.4138,0.1108,0.9358
1141,-0.4692,0.1152,0.9556
1142,-0.2986,-0.0903,1.0071
1143,-0.1238,-0.1538,1.0442
1144,0.1606,-0.1782,0.9612
1145,0.2820,-0.1477,0.9888
1146,0.3250,-0.0608,0.9819
1147,0.3606,-0.0061,0.9194
1148,0.1812,0.1836,0.9604
1149,0.0137,0.1907,0.8909
1150,-0.2039,0.0854,0.9329
1151,-0.3970,0.0837,0.9946
1152,-0.3340,0.0229,0.9634
1153,-0.2107,-0.1101,1.0256
1154,-0.0439,-0.1270,1.0725
1155,0.1943,-0.1648,0.9429
1156,0.2793,-0.1072,0.9819
1157,0.3879,-0.0027,0.9624
1158,0.3064,0.0732,0.9116
1159,0.1199,0.1899,0.9006
1160,-0.0801,0.0200,0.8931
1161,-0.2356,0.1213,0.9797
1162,-0.4146,0.0339,0.9575
1163,-0.3633,-0.0662,1.0315
1164,-0.2490,-0.1316,1.0581
1165,-0.1199,-0.2078,1.0247
1166,0.1245,-0.1438,0.9827
1167,0.2502,-0.0107,0.9858
1168,0.4019,0.0759,0.9065
1169,0.2791,0.0525,0.9097
1170,0.0889,0.1533,0.9429
1171,-0.1592,0.1011,0.8735
1172,-0.3401,0.0881,0.9216
1173,-0.3335,-0.0022,1.0142
1174,-0.2095,-0.0730,1.0405
1175,-0.0627,-0.0291,1.0288
1176,0.1194,-0.1643,1.0151
1177,0.1755,-0.1387,1.0227
1178,0.2871,-0.0032,0.9133
1179,0.2446,0.0847,0.9290
1180,0.1226,0.0608,0.9280
1181,0.1140,0.0366,0.9075
1182,-0.0520,0.0894,0.9299
1183,-0.1660,0.1208,0.9614
1184,-0.1802,-0.0337,0.9575
1185,-0.2686,-0.0408,1.0474
1186,-0.1670,-0.1238,1.0259
1187,-0.1106,-0.2266,0.9868
1188,0.0210,-0.0571,1.0256
1189,0.1980,-0.0364,0.9692
1190,0.2783,0.0771,0.9429
1191,0.3169,0.0723,0.8987
1192,0.1277,0.0920,0.9622
1193,-0.0981,0.1602,0.9270
1194,-0.2964,-0.0242,0.9556
1195,-0.3933,-0.0374,0.9631
1196,-0.3999,-0.0986,0.9780
1197,-0.2407,-0.0713,1.0493
1198,-0.1155,-0.1626,0.9719
1199,0.1633,-0.0291,1.0159
1200,0.3713,0.1294,0.8823
1201,0.3542,0.0776,0.9302
1202,0.3127,0.1113,1.0161
1203,0.0820,-0.0449,0.8950
1204,-0.1724,-0.0005,0.9136
1205,-0.3164,0.0149,1.0044
1206,-0.3835,-0.0938,1.0540
1207,-0.2065,-0.1853,0.9966
1208,0.0303,-0.0161,0.9810
1209,0.1260,0.0830,0.9797
1210,0.2732,0.1177,0.9778
1211,0.2742,0.0000,0.8567
1212,0.2231,0.0339,0.9788
1213,0.0046,0.0386,0.9595
1214,-0.0999,-0.0042,0.9270
1215,-0.2480,0.0212,0.9810
1216,-0.2878,-0.0510,0.9934
1217,-0.2686,-0.1167,1.0129
1218,-0.1035,0.0444,0.9858
1219,0.0378,-0.0725,0.9392
1220,0.1536,-0.0032,1.0190
1221,0.2988,0.0288,0.9741
1222,0.3225,-0.0869,0.8940
1223,0.1387,0.1204,0.9514
1224,-0.0999,-0.0513,0.9417
1225,-0.2793,-0.0122,0.9966
1226,-0.3201,-0.0159,0.8967
1227,-0.2375,0.0398,0.9761
1228,-0.1897,0.0569,1.0706
1229,0.0715,-0.0627,0.9644
1230,0.1809,-0.0466,0.9351
1231,0.2646,0.0225,1.0344
1232,0.2686,-0.0718,0.9446
1233,0.1870,-0.0059,0.9807
1234,0.1248,-0.0725,0.9097
1235,-0.1587,0.0212,1.0093
1236,-0.3218,0.0735,0.9653
1237,-0.2222,0.0569,0.9126
1238,-0.1995,-0.0034,0.9683
1239,-0.0725,0.0530,1.0579
1240,0.0588,-0.0688,0.8696
1241,0.2114,0.0305,0.9749
1242,0.2119,-0.0654,1.0256
1243,0.2798,-0.0435,0.9124
1244,0.0171,-0.0854,0.9895
1245,-0.0034,-0.0044,0.9438
1246,-0.2976,-0.0369,0.9534
1247,-0.3237,-0.0537,1.0366
1248,-0.2517,-0.0647,0.9827
1249,-0.1213,0.1514,0.9395
1250,-0.0464,0.1277,1.0308
1251,0.1360,-0.0117,0.8708
1252,0.1816,0.0977,0.9624
1253,0.1084,0.0208,1.0132
1254,0.2104,-0.0317,0.9231
1255,0.1665,-0.0823,0.9280
1256,-0.0110,-0.1072,1.0188
1257,-0.1975,-0.2148,1.0552
1258,-0.1914,-0.0884,0.9519
1259,-0.2332,0.1221,0.8801
1260,-0.2341,0.1584,1.0383
1261,-0.0618,0.0007,0.9907
1262,0.1797,0.0413,0.8872
1263,0.3433,0.1101,0.9104
1264,0.3813,-0.0078,1.0266
1265,0.3733,-0.0535,0.9331
1266,0.0383,-0.1067,0.9915
1267,-0.1880,-0.0469,1.0063
1268,-0.4485,-0.0298,0.9661
1269,-0.5330,-0.0752,1.0247
1270,-0.2036,0.0459,0.8862
1271,-0.1653,0.1245,0.9927
1272,0.1726,0.0679,1.0073
1273,0.2908,0.0525,0.8235
1274,0.1082,-0.0173,1.0432
1275,0.3794,-0.1685,0.9597
1276,0.0867,-0.0542,0.9231
1277,-0.1057,-0.0369,1.0920
1278,-0.0596,-0.1372,0.9055
1279,-0.3279,-0.0120,0.9680
1280,-0.2793,0.0220,1.0159
1281,-0.1284,0.2588,0.8726
1282,-0.3145,0.1345,0.9868
1283,0.0723,-0.0452,1.0022
1284,0.2268,0.1294,0.8550
1285,0.2271,-0.0112,1.0334
1286,0.5239,-0.1738,0.9827
1287,0.3694,-0.0669,0.9404
1288,0.0876,-0.2075,1.0872
1289,-0.0962,-0.2014,0.9854
1290,-0.3423,0.1013,0.8540
1291,-0.5847,0.1064,1.0339
1292,-0.4604,0.0498,1.0122
1293,-0.1687,0.0710,0.7952
1294,0.0913,0.2791,0.9700
1295,0.2522,0.0444,0.9800
1296,0.5146,-0.1047,0.9536
1297,0.4141,-0.1501,0.9849
1298,0.0774,-0.1318,1.0972
1299,-0.1101,-0.1763,0.9368
1300,-0.4038,-0.0596,0.9780
1301,-0.5525,0.0271,1.0432
1302,-0.4175,0.0457,0.9312
1303,-0.1558,0.2124,0.8403
1304,0.0322,0.2097,0.9700
1305,0.0723,-0.0242,0.9673
1306,0.3337,-0.0664,0.9976
1307,0.6021,0.0273,0.8245
1308,0.4653,-0.0459,1.0432
1309,0.1606,-0.1790,1.0835
1310,-0.0640,-0.2825,1.0220
1311,-0.1743,-0.0708,0.8030
1312,-0.5613,0.2498,1.0422
1313,-0.6772,0.1091,1.0425
1314,-0.4307,-0.0696,0.9595
1315,0.0684,0.1143,0.8743
1316,0.5972,0.2961,0.8499
1317,0.5103,0.1057,1.0764
1318,0.4653,-0.3091,1.0422
1319,0.3474,-0.3652,1.0139
1320,0.2473,0.0122,0.8804
1321,-0.2249,0.2278,0.9133
1322,-0.7996,-0.1157,1.0793
1323,-0.8152,-0.2271,1.0237
1324,-0.6052,0.0996,0.9075
1325,0.0776,0.3445,0.8645
1326,0.5132,0.1746,0.7981
1327,0.4028,0.0083,1.1672
1328,0.2253,-0.4038,1.0305
1329,0.2124,-0.1030,0.9719
1330,0.1824,0.0200,0.9556
1331,0.2095,-0.0952,0.8733
1332,-0.1250,-0.0288,0.9712
1333,-0.5688,-0.0002,1.1060
1334,-0.6909,0.1309,0.9419
1335,-0.4263,0.2393,0.9097
1336,0.0869,0.0635,0.9124
1337,0.4546,-0.0266,0.9504
1338,0.5356,-0.0466,1.0061
1339,0.6174,-0.0674,0.9106
1340,0.4282,0.0417,0.9182
1341,-0.1206,-0.1384,1.0562
1342,-0.4343,-0.1768,1.0579
1343,-0.3811,-0.0872,0.9878
1344,-0.0825,-0.0378,0.9006
1345,-0.0342,0.0859,1.0034
1346,-0.1965,0.1396,1.0315
1347,-0.2961,0.0967,0.8752
1348,-0.2119,0.1165,0.9011
1349,0.0256,0.1023,0.9641
1350,0.3403,-0.0444,1.0588
1351,0.5415,-0.2588,0.9602
1352,0.4255,-0.1082,0.9438
1353,0.0562,0.0420,0.9524
1354,-0.3865,-0.0747,0.9534
1355,-0.6011,0.0112,0.9712
1356,-0.6001,0.0164,0.9390
1357,-0.4409,0.1538,0.9878
1358,-0.0640,0.1060,0.9321
1359,0.3335,-0.1436,0.9368
1360,0.6001,-0.0723,1.0193
1361,0.6174,-0.0508,0.9702
1362,0.3989,-0.0601,0.9924
1363,0.0308,-0.0513,1.0198
1364,-0.2566,-0.0808,0.9534
1365,-0.4275,0.0278,0.9954
1366,-0.3992,0.1233,0.9573
1367,-0.2229,0.1323,0.9429
1368,-0.0408,0.1746,0.9612
1369,0.0186,-0.0095,0.9338
1370,0.1392,-0.1138,0.9739
1371,0.1985,-0.1030,0.9673
1372,0.2930,-0.0579,0.9700
1373,0.3560,-0.1133,0.9700
1374,0.2798,-0.0820,0.9934
1375,0.0078,-0.0002,0.9631
1376,-0.2278,0.0244,0.9182
1377,-0.4927,0.0762,0.9897
1378,-0.5867,0.1235,0.9758
1379,-0.4695,0.0193,0.9045
1380,-0.1924,0.0510,0.9771
1381,0.2395,0.0005,0.9731
1382,0.5405,-0.1279,1.0432
1383,0.6177,-0.0835,0.9817
1384,0.4458,-0.0645,0.9465
1385,0.1316,0.0408,1.0051
1386,-0.2722,-0.0969,0.9036
1387,-0.4810,0.1143,0.9829
1388,-0.5916,0.1360,0.9275
1389,-0.4341,0.1914,0.9565
1390,-0.1851,0.0217,0.9351
1391,0.1443,-0.1328,0.9778
1392,0.4202,-0.1572,1.0093
1393,0.5503,-0.1150,1.0051
1394,0.4661,-0.1453,0.9771
1395,0.2078,-0.1299,0.9885
1396,-0.0701,0.0205,0.9556
1397,-0.2747,0.1655,0.8772
1398,-0.3726,0.2649,0.9517
1399,-0.3298,0.1575,0.9543
1400,-0.2556,0.0627,0.9836
1401,-0.1218,-0.0144,0.9963
1402,0.0293,-0.1216,0.9778
1403,0.1882,-0.1335,1.0259
1404,0.3582,-0.2581,0.9966
1405,0.3303,-0.1450,1.0161
1406,0.2542,0.0308,0.9556
1407,-0.0342,0.0254,0.8882
1408,-0.2759,0.1519,0.9458
1409,-0.3892,0.1870,0.8931
1410,-0.4333,0.1716,0.9299
1411,-0.3191,0.0979,0.9553
1412,-0.1216,-0.1858,0.9751
1413,0.0901,-0.1267,1.0610
1414,0.4236,-0.1067,0.9993
1415,0.5044,-0.1641,1.0139
1416,0.4143,-0.0908,1.0259
1417,0.2385,-0.0901,0.9409
1418,-0.0774,0.0657,0.9143
1419,-0.3154,0.2515,0.9194
1420,-0.3796,0.1646,0.9231
1421,-0.3022,0.1204,0.9604
1422,-0.1526,0.0615,0.9739
1423,0.0466,-0.0564,0.9585
1424,0.2026,-0.1768,0.9954
1425,0.3059,-0.2107,1.0317
1426,0.3247,-0.2256,0.9875
1427,0.1831,-0.0830,1.0198
1428,-0.0151,0.0833,0.9412
1429,-0.1877,0.0674,0.8960
1430,-0.2244,0.2585,0.9407
1431,-0.2473,0.2568,0.9048
1432,-0.1963,0.1672,0.9436
1433,-0.1235,-0.0747,0.9934
1434,-0.0398,-0.1472,1.0356
1435,0.1028,-0.2009,0.9937
1436,0.2371,-0.2456,1.0276
1437,0.2561,-0.1672,1.0112
1438,0.1357,-0.0349,0.9695
1439,0.0183,0.0762,0.8853
1440,-0.1497,0.1760,0.9136
1441,-0.2390,0.3215,0.9377
1442,-0.2542,0.1194,0.8840
1443,-0.2163,0.0581,1.0110
1444,-0.1218,-0.1082,0.9624
1445,0.0623,-0.1667,1.0132
1446,0.2483,-0.1790,1.0288
1447,0.3137,-0.2310,1.0200
1448,0.3093,-0.1084,1.0229
1449,0.1399,-0.0266,0.9312
1450,-0.0603,0.1931,0.9211
1451,-0.2261,0.1287,0.8831
1452,-0.2734,0.1919,0.9409
1453,-0.2498,0.1877,0.9280
1454,-0.1938,0.0400,0.9790
1455,-0.0085,-0.1040,1.0112
1456,0.0591,-0.1855,1.0435
1457,0.1338,-0.0854,1.0198
1458,0.2329,-0.1912,0.9573
1459,0.1543,-0.1340,1.0149
1460,0.0178,-0.0105,0.9458
1461,-0.0569,0.0701,0.8948
1462,-0.1460,0.1782,0.9185
1463,-0.2756,0.1768,0.9263
1464,-0.1987,0.0793,0.9507
1465,-0.1980,-0.0129,0.9683
1466,-0.1069,-0.0005,0.9827
1467,0.1284,-0.1057,1.0042
1468,0.2634,-0.1802,1.0325
1469,0.3020,-0.1003,1.0200
1470,0.2234,-0.1038,0.9299
1471,0.0706,0.0276,0.9634
1472,-0.1265,0.1475,0.9194
1473,-0.1919,0.1111,0.9067
1474,-0.2300,0.0762,0.9976
1475,-0.1487,0.1147,0.9966
1476,-0.0710,-0.0918,0.9182
1477,-0.0107,-0.1138,1.0305
1478,0.1848,-0.1389,0.9858
1479,0.2751,-0.0867,0.9927
1480,0.2397,-0.0149,0.9690
1481,0.1355,-0.0652,0.9592
1482,-0.1096,0.1094,0.9426
1483,-0.2964,0.0999,0.9009
1484,-0.3269,0.1013,0.9749
1485,-0.2666,0.0735,0.9602
1486,-0.1470,-0.0625,0.9692
1487,0.0400,-0.0459,1.0442
1488,0.1641,-0.1379,0.9602
1489,0.2969,-0.0273,1.0132
1490,0.2639,-0.0093,0.9526
1491,0.1833,-0.0693,0.9302
1492,-0.0869,-0.0220,0.9670
1493,-0.2664,0.0576,0.9124
1494,-0.3950,0.0371,0.9526
1495,-0.3745,0.0840,0.9731
1496,-0.2019,0.1072,0.9465
1497,0.1458,0.0352,0.9727
1498,0.2866,-0.0466,1.0227
1499,0.4482,-0.0415,1.0237
1500,0.3831,-0.1819,0.9673
1501,0.1230,-0.0674,1.0308
1502,-0.0779,-0.0139,0.9475
1503,-0.2646,-0.0830,0.9155
1504,-0.3423,0.0471,0.9917
1505,-0.2131,0.0667,0.9243
1506,-0.0710,0.1550,0.9417
1507,0.0906,0.0916,0.9309
1508,0.1782,0.0225,0.9836
1509,0.1870,0.0012,0.9670
1510,0.1846,-0.0969,0.9797
1511,0.0918,-0.0789,1.0171
1512,-0.0168,-0.1550,0.9651
1513,-0.1526,-0.0615,0.9856
1514,-0.2861,-0.0229,0.9407
1515,-0.2920,-0.0071,0.9380
1516,-0.2573,0.0955,1.0015
1517,-0.1367,0.1038,0.9514
1518,0.0547,0.0239,0.9504
1519,0.1155,-0.0029,1.0034
1520,0.2275,-0.0564,0.9631
1521,0.3179,-0.0298,0.9651
1522,0.1824,-0.0208,0.9858
1523,0.0388,-0.0652,0.9663
1524,-0.1978,-0.0369,0.9614
1525,-0.3647,0.1326,0.9585
1526,-0.2954,0.0735,0.8960
1527,-0.1768,0.0225,1.0012
1528,0.0430,0.0000,0.9722
1529,0.2747,-0.0259,0.9497
1530,0.2727,0.0039,0.9702
1531,0.3306,-0.1196,0.9875
1532,0.3179,-0.1143,1.0151
1533,0.1326,-0.0430,0.9622
1534,0.0256,0.0510,0.9631
1535,-0.1440,0.0193,0.9438
1536,-0.3977,0.0383,0.9438
1537,-0.4458,0.0779,0.9780
1538,-0.3452,0.0642,0.9683
1539,-0.1504,0.0720,0.9817
1540,0.0559,-0.0344,0.9663
1541,0.2100,-0.1953,0.9663
1542,0.3218,-0.0696,1.0012
1543,0.3059,-0.0430,0.9517
1544,0.1838,-0.0469,0.9683
1545,0.0081,0.0203,0.9846
1546,-0.3003,-0.0146,0.9175
1547,-0.4346,0.1316,0.9478
1548,-0.3972,0.1245,0.9290
1549,-0.2883,0.0449,0.9624
1550,-0.0122,0.0044,1.0073
1551,0.1987,-0.0601,0.9749
1552,0.3384,-0.0867,0.9827
1553,0.4202,-0.1582,0.9976
1554,0.3621,-0.0654,1.0210
1555,0.2571,-0.0393,0.9321
1556,-0.0144,0.0525,0.9612
1557,-0.2910,0.0674,0.9380
1558,-0.4158,-0.0051,0.9397
1559,-0.4343,0.1003,0.9905
1560,-0.2622,0.1128,0.9263
1561,-0.0027,0.0088,0.9722
1562,0.2405,-0.0137,0.9692
1563,0.4060,-0.1401,0.9868
1564,0.4087,-0.0825,1.0295
1565,0.2930,-0.0293,0.9670
1566,0.0732,-0.0322,0.9514
1567,-0.2527,-0.0576,0.9739
1568,-0.5288,-0.0032,0.9497
1569,-0.5439,0.1157,0.9302
1570,-0.4092,0.1553,0.9448
1571,-0.1582,0.0310,0.9839
1572,0.1494,-0.0818,0.9771
1573,0.3630,-0.0635,0.9641
1574,0.4741,0.0176,0.9680
1575,0.4634,-0.0935,0.9768
1576,0.3384,-0.1028,0.9915
1577,0.0901,0.0027,0.9858
1578,-0.2976,0.0405,0.9377
1579,-0.5378,0.0024,0.9348
1580,-0.6130,0.0125,0.9788
1581,-0.5386,0.0842,0.9722
1582,-0.1726,0.0522,0.9250
1583,0.2280,-0.0073,0.9827
1584,0.5237,-0.0332,0.9995
1585,0.7415,-0.0374,0.9507
1586,0.5930,-0.0105,0.9761
1587,0.2363,-0.0205,0.9868
1588,-0.2229,-0.0713,0.9595
1589,-0.6128,-0.0173,0.9819
1590,-0.7324,0.0366,0.9507
1591,-0.5994,0.0508,0.9573
1592,-0.3052,0.0234,0.9839
1593,0.1294,0.0449,0.9622
1594,0.3901,0.0156,0.9485
1595,0.5549,-0.0403,0.9556
1596,0.5142,-0.1323,0.9802
1597,0.2925,-0.0327,0.9963
1598,0.0271,0.0190,0.9319
1599,-0.2778,-0.0764,0.9595
1600,-0.4714,-0.0146,0.9924
1601,-0.5024,0.0107,0.9624
1602,-0.3979,0.0972,0.9722
1603,-0.1877,0.0681,0.9839
1604,0.1050,0.0417,0.9944
1605,0.2803,0.0071,0.9397
1606,0.4036,-0.0569,0.9487
1607,0.4790,-0.0688,0.9543
1608,0.3687,-0.0913,0.9524
1609,0.1562,-0.0334,0.9924
1610,-0.1577,-0.0544,0.9761
1611,-0.4146,-0.0024,0.9966
1612,-0.5564,0.0959,1.0061
1613,-0.4937,0.0532,0.9253
1614,-0.2563,0.0405,0.9712
1615,-0.0330,0.0828,0.9575
1616,0.2720,-0.0110,0.9094
1617,0.4810,-0.0583,0.9631
1618,0.5747,-0.0942,1.0129
1619,0.5374,-0.0798,0.9849
1620,0.2070,0.0176,0.9556
1621,-0.1785,-0.0298,0.9221
1622,-0.5317,-0.0496,0.9858
1623,-0.7124,0.0430,0.9956
1624,-0.6616,0.0425,0.9478
1625,-0.3433,0.0591,1.0161
1626,0.0046,-0.0408,0.9575
1627,0.4104,0.0098,0.9673
1628,0.6191,-0.0554,0.9163
1629,0.6880,-0.0247,0.9885
1630,0.5308,-0.0476,0.9387
1631,0.1189,0.0640,0.9963
1632,-0.2559,0.1008,0.9243
1633,-0.5942,-0.0657,0.9321
1634,-0.7056,0.0547,1.0698
1635,-0.5337,-0.1384,0.9380
1636,-0.2336,0.0481,1.0278
1637,0.1213,0.0269,0.9224
1638,0.4224,-0.0535,0.9670
1639,0.6128,-0.0234,0.9778
1640,0.6030,-0.0593,0.9309
1641,0.3982,0.0503,0.9761
1642,0.0293,-0.0417,0.9185
1643,-0.3152,-0.0730,0.9944
1644,-0.5757,0.0232,0.9731
1645,-0.5679,0.0298,0.9829
1646,-0.4294,0.0864,1.0071
1647,-0.1311,0.0566,0.9788
1648,0.1548,-0.0562,0.9553
1649,0.2969,-0.0271,0.9661
1650,0.4810,-0.0310,0.9524
1651,0.4648,-0.0542,0.9731
1652,0.1978,-0.0381,0.9722
1653,-0.0366,-0.0020,0.9224
1654,-0.3967,0.0068,0.9465
1655,-0.4734,0.0383,0.9622
1656,-0.4258,-0.0002,0.9741
1657,-0.3425,0.1511,0.9954
1658,-0.0344,0.0884,0.9399
1659,0.1785,-0.0520,0.9604
1660,0.3281,-0.1157,0.9934
1661,0.5557,-0.1680,0.9885
1662,0.5432,-0.1382,0.9810
1663,0.3533,0.0366,0.9966
1664,0.0481,0.0571,0.9214
1665,-0.3347,-0.0500,0.9602
1666,-0.5522,0.1013,0.9868
1667,-0.6453,0.0784,0.9133
1668,-0.4438,0.2100,0.9927
1669,-0.1353,-0.0110,0.9263
1670,0.1543,-0.0820,1.0032
1671,0.4741,-0.0513,0.9895
1672,0.5112,-0.2031,0.9597
1673,0.4807,-0.0349,1.0356
1674,0.2085,-0.0928,0.9299
1675,-0.1584,0.0132,0.9480
1676,-0.3950,0.0461,0.9155
1677,-0.4783,0.0706,0.9817
1678,-0.4338,0.1809,0.9839
1679,-0.2280,0.0522,0.9478
1680,-0.0771,-0.0825,0.9565
1681,0.0806,-0.1052,0.9846
1682,0.2932,-0.0593,0.9771
1683,0.3789,-0.1050,0.9680
1684,0.3608,0.0110,1.0286
1685,0.2451,-0.0259,0.9465
1686,0.0098,-0.0115,0.9414
1687,-0.1799,0.0286,0.9631
1688,-0.3035,0.1079,0.9612
1689,-0.3481,0.0898,0.9722
1690,-0.2517,0.0613,0.9976
1691,-0.0881,-0.0942,0.9548
1692,0.2109,-0.0923,0.9729
1693,0.4172,-0.0239,0.9771
1694,0.4790,-0.0671,0.9314
1695,0.3743,-0.0876,0.9966
1696,0.0684,-0.0422,0.9702
1697,-0.2583,0.0486,0.9253
1698,-0.4399,0.2036,0.9390
1699,-0.5688,0.1284,0.9497
1700,-0.3765,0.0945,1.0405
1701,-0.1814,-0.1362,0.9797
1702,0.0469,-0.1265,0.9856
1703,0.3367,-0.0918,0.9836
1704,0.4321,-0.1235,0.9827
1705,0.4038,-0.0471,0.9875
1706,0.2178,-0.0498,0.9260
1707,-0.0693,0.0833,0.9387
1708,-0.2661,0.1582,0.8892
1709,-0.3118,0.1316,0.9517
1710,-0.6509,0.0085,0.9917
1711,-1.9998,-0.0098,1.0952
1712,-1.9998,0.1235,1.2065
1713,-1.9998,-1.1665,0.6887
1714,-1.9998,-0.9438,0.8928
1715,-1.9998,-0.3533,0.4832
1716,-1.9998,-0.2729,0.2126
1717,-1.6755,0.7844,0.6077
1718,1.9980,0.8989,0.4312
1719,1.9978,1.2366,0.9377
1720,1.9978,1.3118,1.0042
1721,1.9978,0.4043,1.1604
1722,1.9978,-1.3540,1.2942
1723,1.8794,-1.7456,1.8643
1724,1.9978,-0.6025,1.7620
1725,1.9980,-0.3943,1.5532
1726,1.9980,0.8198,1.8521
1727,1.9980,0.4790,0.9204
1728,0.6426,0.1538,0.8022
1729,-1.9998,-0.2368,0.2625
1730,-1.9998,-0.5596,0.1035
1731,-1.9998,-0.5161,0.1887
1732,-1.9998,-0.4707,0.3992
1733,-0.8916,0.3303,0.9495
1734,1.9980,0.7495,0.8813
1735,1.9980,1.0503,1.0620
1736,1.5835,0.9016,1.3079
1737,-1.4727,0.1184,1.3997
1738,-1.9998,-0.0930,1.5093
1739,-1.9998,-0.3901,1.4807
1740,-1.9998,-0.8000,1.4009
1741,-1.6863,-0.8745,1.0793
1742,0.6995,-0.5273,0.7871
1743,1.9453,-0.1814,0.5142
1744,1.2983,-0.0474,0.1790
1745,-0.2998,0.2471,0.0691
1746,-1.4724,0.6663,0.1553
1747,-1.4656,0.6877,0.4192
1748,-0.3992,0.4387,1.0359
1749,1.2717,0.1265,1.5239
1750,1.9980,-0.2375,1.8159
1751,1.9980,-0.2781,1.9998
1752,1.6030,-0.5073,1.9270
1753,0.2500,-0.5837,1.5669
1754,-0.4604,-0.4001,1.1001
1755,-0.1260,-0.0786,0.7200
1756,0.9878,0.0481,0.2971
1757,1.9180,0.3623,0.1226
1758,1.9980,0.7739,0.0688
1759,1.5901,0.7422,0.1519
1760,0.0342,0.2842,0.5688
1761,-1.4607,-0.1287,1.0667
1762,-1.9998,-0.3962,1.4468
1763,-1.4937,-0.4890,1.7417
1764,-0.2976,-0.5098,1.8948
1765,0.9253,-0.3657,1.7864
1766,1.4272,-0.1946,1.4163
1767,1.0959,0.0601,1.0308
1768,0.1675,0.2222,0.6812
1769,-0.9607,0.3733,0.3772
1770,-1.6206,0.4492,0.2144
1771,-1.5562,0.4526,0.2358
1772,-1.0378,0.2141,0.3762
1773,-0.3425,-0.1333,0.6418
1774,0.0959,-0.1936,0.9985
1775,0.2007,-0.3091,1.2200
1776,-0.0686,-0.2837,1.5461
1777,-0.3438,-0.3372,1.6675
1778,-0.3582,-0.3853,1.6106
1779,0.0088,-0.0718,1.4231
1780,0.5269,0.0698,1.0310
1781,0.9612,0.2261,0.8071
1782,0.8801,0.2251,0.5649
1783,0.3752,0.3477,0.5396
1784,-0.2917,0.2600,0.4358
1785,-0.8933,0.1243,0.5667
1786,-1.0063,0.1191,0.7285
1787,-0.7603,-0.0605,0.8706
1788,-0.1206,0.0193,1.1880
1789,0.5295,-0.2629,1.2915
1790,0.9927,-0.3574,1.4944
1791,1.1226,-0.2290,1.4612
1792,0.9653,-0.0991,1.3352
1793,0.6250,-0.0947,1.1187
1794,0.0806,-0.1289,0.9182
1795,-0.2393,0.0139,0.6763
1796,-0.5708,0.0757,0.4819
1797,-0.7488,0.3655,0.5872
1798,-0.8123,0.2151,0.5608
1799,-0.7163,0.1221,0.8013
1800,-0.4041,0.0701,0.9338
1801,0.0593,0.0854,1.1223
1802,0.4836,0.0747,1.2729
1803,0.8215,-0.1292,1.3501
1804,0.8804,-0.2563,1.4431
1805,0.7144,-0.4204,1.2688
1806,0.2729,-0.3071,1.1565
1807,-0.3315,-0.0945,0.8638
1808,-0.8054,-0.0300,0.6174
1809,-1.1355,0.1526,0.5686
1810,-1.1150,0.2717,0.5745
1811,-0.6616,0.2681,0.6255
1812,-0.1125,0.3413,0.8306
1813,0.4585,0.4407,1.0188
1814,0.8687,0.1572,1.1340
1815,0.8579,-0.2090,1.3381
1816,0.6467,-0.4011,1.4028
1817,0.3000,-0.5461,1.3198
1818,-0.1213,-0.4204,1.2366
1819,-0.3562,-0.1819,1.0588
1820,-0.4763,-0.0337,0.8352
1821,-0.4194,0.1230,0.6416
1822,-0.2170,0.3792,0.5286
1823,-0.0273,0.4573,0.4700
1824,0.1228,0.4023,0.6548
1825,0.1921,0.0930,0.8325
1826,0.1304,-0.1699,1.1272
1827,0.1360,-0.1919,1.2954
1828,0.0735,-0.3303,1.3306
1829,0.0591,-0.1868,1.4055
1830,-0.0439,-0.2830,1.2612
1831,-0.1113,-0.1841,1.1965
1832,-0.1179,-0.0193,0.9719
1833,-0.0420,0.1211,0.7668
1834,0.0142,0.2585,0.6023
1835,0.1433,0.2866,0.5376
1836,0.2029,0.3359,0.6060
1837,0.1777,0.2361,0.6897
1838,0.0781,-0.0132,0.8928
1839,-0.1245,-0.1785,1.0884
1840,-0.3267,-0.1882,1.2544
1841,-0.4890,-0.2256,1.3284
1842,-0.4417,-0.2441,1.3655
1843,-0.2500,-0.1699,1.2893
1844,0.0291,0.0066,1.0784
1845,0.3596,0.1270,0.9077
1846,0.5823,0.0715,0.7690
1847,0.5344,0.0178,0.7290
1848,0.4138,0.0598,0.6399
1849,0.0610,0.0891,0.6233
1850,-0.3159,0.1489,0.7368
1851,-0.5613,0.0559,0.8528
1852,-0.6714,0.0210,1.0308
1853,-0.5867,0.0330,1.1741
1854,-0.2239,-0.0642,1.2424
1855,0.0984,-0.1475,1.3010
1856,0.4084,-0.1238,1.2466
1857,0.5942,-0.1558,1.1047
1858,0.5288,-0.0928,1.0569
1859,0.4368,-0.1331,0.8540
1860,0.1548,-0.0764,0.7639
1861,-0.1436,0.1438,0.6926
1862,-0.3579,0.1963,0.6641
1863,-0.5269,0.2192,0.7739
1864,-0.5496,0.1272,0.8596
1865,-0.3911,0.0984,0.9614
1866,-0.2283,0.0134,1.0559
1867,0.0676,-0.0342,1.1682
1868,0.3850,-0.1567,1.1665
1869,0.5227,-0.2258,1.2476
1870,0.5435,-0.2231,1.1467
1871,0.3557,-0.1699,1.0669
1872,0.0647,0.0435,0.9272
1873,-0.2769,0.1340,0.7886
1874,-0.4897,0.2788,0.7681
1875,-0.5073,0.1587,0.6978
1876,-0.3970,0.1626,0.8091
1877,-0.1353,0.0457,0.8130
1878,0.1611,-0.0620,0.9534
1879,0.2961,-0.1370,1.0698
1880,0.3977,-0.2219,1.1147
1881,0.3376,-0.2439,1.1841
1882,0.1191,-0.1606,1.1418
1883,-0.0479,-0.0327,1.1067
1884,-0.1824,0.0129,1.0022
1885,-0.3474,0.0693,0.9856
1886,-0.2932,0.1196,0.9045
1887,-0.1636,-0.0027,0.7881
1888,-0.0273,0.1594,0.8303
1889,0.1304,0.1379,0.7717
1890,0.1938,0.0725,0.8831
1891,0.2209,-0.0220,0.9624
1892,0.1350,-0.0647,1.0110
1893,0.0264,-0.0891,1.0376
1894,-0.1245,-0.0842,1.0698
1895,-0.2483,0.0432,1.1252
1896,-0.2104,-0.0354,1.0503
1897,-0.1323,-0.0010,1.0757
1898,-0.0376,0.0457,0.9817
1899,0.1746,0.0017,0.8853
1900,0.2300,-0.1101,0.8831
1901,0.2251,-0.1733,0.8782
1902,0.1519,-0.0276,0.8684
1903,-0.0195,0.0212,0.8333
1904,-0.1697,0.0916,0.9182
1905,-0.2388,0.1357,0.9912
1906,-0.3083,0.0613,1.0325
1907,-0.1716,0.0481,1.0969
1908,-0.0261,-0.0684,1.0637
1909,0.1436,-0.0427,1.0715
1910,0.2837,-0.0854,0.9915
1911,0.2827,-0.1733,0.9612
1912,0.2122,-0.0896,0.9741
1913,0.0962,0.0359,0.8459
1914,-0.0430,0.0850,0.8394
1915,-0.1487,0.1575,0.9136
1916,-0.2178,0.0940,0.8999
1917,-0.2417,0.0525,0.9985
1918,-0.2048,0.0159,1.0481
1919,-0.1228,-0.1147,1.0120
1920,-0.0667,-0.0408,1.0872
1921,0.0803,-0.0984,1.0259
1922,0.2202,-0.1738,1.0474
1923,0.3127,-0.0710,1.0200
1924,0.2786,-0.0535,0.8628
1925,0.2139,0.1389,0.8831
1926,-0.0161,0.0991,0.8188
1927,-0.2097,0.1277,0.8999
1928,-0.3757,0.0537,0.9270
1929,-0.3669,0.0371,0.9729
1930,-0.2847,0.0366,1.0259
1931,-0.0425,-0.0281,1.0493
1932,0.1484,-0.1379,1.0483
1933,0.3433,-0.1660,1.0657
1934,0.4849,-0.1150,1.0403
1935,0.3977,-0.0532,0.9790
1936,0.1531,0.0388,0.9514
1937,-0.1838,0.0334,0.9153
1938,-0.4102,0.0598,0.9048
1939,-0.4609,0.0000,0.8694
1940,-0.3220,-0.0142,0.9202
1941,-0.0349,0.0044,0.9260
1942,0.2139,0.0496,0.9475
1943,0.2759,0.1108,1.0168
1944,0.2217,-0.0215,0.9905
1945,0.0933,-0.0044,1.0510
1946,-0.0698,0.0144,0.9868
1947,-0.1355,0.0659,1.0051
1948,-0.1157,-0.0378,1.0220
1949,-0.0818,-0.1147,1.0159
1950,-0.0352,0.0344,0.9807
1951,-0.0203,-0.0332,0.8589
1952,-0.0281,0.0618,0.9426
1953,-0.0630,-0.0051,0.8596
1954,-0.0769,-0.0435,0.9084
1955,0.0051,0.0361,0.9800
1956,0.1125,-0.0547,0.9263
1957,0.1594,0.0105,1.0239
1958,0.1326,-0.0464,1.0073
1959,-0.0005,-0.0540,1.0398
1960,-0.0842,-0.0073,1.0657
1961,-0.1599,-0.0322,1.0081
1962,-0.1372,0.0217,1.0269
1963,0.0068,-0.0781,0.9233
1964,0.0996,-0.0237,0.9663
1965,0.1360,-0.0330,0.8755
1966,0.1296,0.0176,0.8787
1967,0.0500,0.1189,0.8958
1968,-0.0420,0.0369,0.8469
1969,-0.1536,0.1458,0.9827
1970,-0.2537,-0.0415,0.9426
1971,-0.1897,-0.0144,1.0894
1972,-0.1123,-0.0303,1.0452
1973,0.0081,-0.0642,1.0273
1974,0.1619,-0.0645,1.0374
1975,0.2063,-0.1409,1.0024
1976,0.2031,0.0022,1.0132
1977,0.1072,-0.0447,0.9058
1978,-0.0591,0.0544,0.9280
1979,-0.1792,0.0623,0.8716
1980,-0.1926,0.0125,0.8774
1981,-0.1907,0.0618,0.9546
1982,-0.0339,0.0178,0.9358
1983,0.0752,0.0110,1.0054
1984,0.1255,-0.0273,0.9983
1985,0.1484,-0.0999,0.9846
1986,0.0750,-0.0759,1.0317
1987,0.0635,-0.0300,0.9807
1988,0.0615,0.0256,0.9836
1989,0.0164,0.0461,0.9771
1990,-0.0642,-0.0457,0.9380
1991,-0.1531,0.0049,0.9810
1992,-0.1494,-0.0020,0.9189
1993,-0.1333,0.0537,0.9595
1994,-0.0684,0.0613,0.9360
1995,0.0713,0.0093,0.9299
1996,0.1689,0.0808,0.9817
1997,0.2053,-0.0991,0.9399
1998,0.1819,-0.1262,1.0386
1999,-0.0222,-0.0298,0.9917
2000,-0.2070,-0.0083,0.9351
2001,-0.2783,-0.0344,1.0181
2002,-0.3174,-0.0405,0.9995
2003,-0.1929,0.0876,0.9448
2004,0.0620,0.1079,0.9321
2005,0.2117,0.0830,0.9712
2006,0.2683,-0.0083,0.9094
2007,0.1692,-0.1433,0.9399
2008,0.0232,-0.0413,1.0142
2009,0.0022,-0.0259,0.9319
2010,-0.0508,-0.0554,0.9680
2011,-0.0796,-0.0620,1.0217
2012,-0.0396,0.0017,0.9646
2013,-0.0779,0.0876,0.9934
2014,-0.0725,0.0452,0.9976
2015,-0.0723,-0.0027,0.9475
2016,-0.0193,-0.0066,0.9436
2017,0.1619,-0.0034,0.9612
2018,0.1841,-0.0896,0.9329
2019,0.2026,-0.0601,0.9807
2020,0.1345,-0.0071,0.9504
2021,-0.0544,0.0605,0.9202
2022,-0.1423,0.0676,0.9778
2023,-0.2979,0.0393,0.9819
2024,-0.2927,-0.0176,0.9827
2025,-0.1316,0.0229,1.0034
2026,-0.0005,0.0454,0.9651
2027,0.1890,-0.0010,0.9583
2028,0.2913,-0.0989,0.9878
2029,0.2161,-0.1001,0.9966
2030,0.1948,-0.0720,0.9163
2031,-0.0120,0.0393,0.9690
2032,-0.2351,0.0500,0.9172
2033,-0.2688,-0.0154,0.9360
2034,-0.3433,0.0132,1.0083
2035,-0.2507,0.0422,0.9944
2036,-0.0005,0.0264,0.9761
2037,0.1228,0.0105,0.9946
2038,0.2710,0.0315,0.9563
2039,0.3557,-0.0237,0.9624
2040,0.1772,-0.0894,1.0022
2041,0.1213,-0.1409,0.9624
2042,-0.0586,-0.0576,0.9517
2043,-0.2737,0.0376,0.9329
2044,-0.2576,-0.0024,0.9221
2045,-0.3425,0.0000,0.9924
2046,-0.2271,0.0425,0.9917
2047,-0.0173,0.0459,0.9380
2048,0.1194,0.1787,1.0083
2049,0.3071,-0.0376,0.9426
2050,0.3853,-0.0671,1.0159
2051,0.2751,-0.0415,1.0227
2052,0.1882,-0.0332,0.9419
2053,-0.0393,0.0017,0.9810
2054,-0.2644,0.0054,0.9583
2055,-0.4214,-0.0396,0.9438
2056,-0.5417,-0.0217,0.9978
2057,-0.3765,0.0183,0.9751
2058,-0.0525,0.0627,0.9094
2059,0.2637,0.0337,0.9338
2060,0.4956,0.0813,0.9485
2061,0.5454,0.0273,0.9329
2062,0.3831,-0.0857,1.0093
2063,0.1375,-0.0847,1.0327
2064,-0.2693,-0.1626,0.9631
2065,-0.4995,-0.0144,1.0425
2066,-0.5591,-0.0583,0.9907
2067,-0.4277,0.0081,0.9927
2068,-0.0962,0.0586,0.9800
2069,0.2000,0.1167,0.9321
2070,0.4204,0.1125,0.9192
2071,0.4937,-0.0647,0.9319
2072,0.3760,0.0046,0.9966
2073,0.1575,-0.0845,0.8997
2074,-0.1118,-0.0305,0.9944
2075,-0.3689,-0.0049,1.0178
2076,-0.4155,-0.0688,0.9458
2077,-0.4900,-0.0510,1.0549
2078,-0.2659,0.0142,1.0171
2079,-0.0027,0.0796,0.9436
2080,0.1826,0.1636,0.9663
2081,0.3301,-0.0142,0.9038
2082,0.3733,0.0176,0.9648
2083,0.2317,-0.0662,0.9321
2084,0.0850,-0.0364,0.9631
2085,-0.1028,-0.0664,0.9661
2086,-0.2095,-0.0571,0.9700
2087,-0.2349,0.0063,1.0024
2088,-0.2830,-0.0642,0.9868
2089,-0.2029,0.0918,1.0784
2090,-0.0723,0.0037,0.9270
2091,0.0581,0.0068,0.9810
2092,0.2559,0.0388,0.9690
2093,0.3188,-0.0291,0.8733
2094,0.3293,0.0522,0.9888
2095,0.2844,-0.0916,0.9175
2096,0.0520,-0.0522,0.9741
2097,-0.2417,0.0586,0.9409
2098,-0.4573,-0.0149,0.9458
2099,-0.5652,-0.0327,1.0627
2100,-0.4614,-0.0879,0.9692
2101,-0.1296,0.1594,0.9878
2102,0.1626,0.0527,0.9282
2103,0.5239,0.0132,0.9924
2104,0.5891,-0.0359,0.9771
2105,0.4824,-0.0696,0.9487
2106,0.2339,-0.1165,0.9797
2107,-0.1785,-0.0042,0.9827
2108,-0.4302,0.0022,0.9194
2109,-0.6099,-0.0540,0.9878
2110,-0.6101,0.0334,1.0012
2111,-0.3533,0.0962,0.9143
2112,-0.0112,0.1663,0.9504
2113,0.2485,-0.0161,0.9583
2114,0.5327,-0.0066,0.9827
2115,0.5344,-0.1465,0.9702
2116,0.4956,-0.0500,1.0266
2117,0.2617,-0.0713,0.9380
2118,-0.1016,-0.0195,0.9595
2119,-0.3677,-0.0344,0.9797
2120,-0.5625,0.0046,0.9731
2121,-0.5513,0.0317,0.9673
2122,-0.3506,0.0696,0.9651
2123,-0.0493,0.0972,0.9241
2124,0.2495,-0.0132,0.9143
2125,0.4607,-0.0713,0.9810
2126,0.5247,-0.0613,0.9585
2127,0.4395,-0.0229,0.9773
2128,0.1321,-0.0691,0.9907
2129,-0.1521,-0.0544,1.0237
2130,-0.4258,-0.0015,0.9761
2131,-0.6226,0.0171,0.9878
2132,-0.4771,0.1245,0.9985
2133,-0.3164,0.0662,0.8882
2134,-0.0205,0.1797,0.9788
2135,0.3459,-0.0271,0.8901
2136,0.5608,-0.0574,0.9712
2137,0.5500,-0.0386,0.9780
2138,0.4019,-0.1404,0.9221
2139,0.0361,-0.1160,1.0083
2140,-0.3628,-0.0525,0.9683
2141,-0.6753,0.0337,0.9883
2142,-0.6489,-0.0090,1.0005
2143,-0.4617,0.0044,1.0208
2144,-0.1125,0.1716,0.9556
2145,0.3423,-0.0039,0.8977
2146,0.5522,-0.0457,1.0051
2147,0.6135,-0.0376,0.9546
2148,0.5044,-0.0796,0.9133
2149,0.1541,-0.0159,0.9973
2150,-0.1838,-0.0144,0.9172
2151,-0.4812,0.0208,0.9221
2152,-0.6921,-0.0103,0.9866
2153,-0.6226,-0.0146,1.0054
2154,-0.2905,0.0874,1.0093
2155,0.1008,0.0342,0.9749
2156,0.4768,0.0803,0.9966
2157,0.6370,-0.0615,0.9712
2158,0.6147,-0.1243,0.9866
2159,0.3052,-0.0984,0.9670
2160,-0.1055,-0.0291,0.9253
2161,-0.4109,0.0059,0.9358
2162,-0.6023,0.0649,0.9504
2163,-0.5781,0.0645,0.9673
2164,-0.2961,0.0254,1.0103
2165,-0.0090,0.0710,0.9956
2166,0.2585,-0.0037,0.9417
2167,0.4690,-0.0105,0.9995
2168,0.3401,-0.0820,0.9331
2169,0.2354,-0.0051,0.9800
2170,0.0916,0.0266,0.9739
2171,-0.0974,-0.0073,0.9341
2172,-0.1572,-0.0251,0.9768
2173,-0.1926,-0.0493,0.9504
2174,-0.2527,0.0227,1.0051
2175,-0.2168,-0.0339,0.9595
2176,-0.1074,0.0129,1.0112
2177,0.0232,0.0349,0.9136
2178,0.2244,-0.0305,0.9155
2179,0.3313,-0.0779,1.0005
2180,0.2974,-0.1606,0.9729
2181,0.1821,-0.0229,0.9836
2182,-0.0479,0.0205,0.9634
2183,-0.2437,0.0764,1.0171
2184,-0.3533,0.0295,0.9622
2185,-0.3569,0.0205,0.9858
2186,-0.1724,0.1582,1.0171
2187,0.0222,0.0535,0.8860
2188,0.1821,0.0713,0.9905
2189,0.1848,-0.1145,0.9429
2190,0.1365,-0.1394,0.9741
2191,0.0815,-0.0933,0.9700
2192,0.0657,-0.0347,0.9521
2193,0.0076,0.0444,0.9458
2194,-0.0435,-0.0330,0.9417
2195,-0.0579,0.0562,0.9954
2196,-0.1104,0.0291,0.9719
2197,-0.1482,0.0720,1.0100
2198,-0.1709,-0.0466,0.9739
2199,-0.0774,-0.0618,0.9819
2200,0.0352,-0.1135,0.9768
2201,0.1541,-0.0703,0.9875
2202,0.2349,-0.0623,0.9329
2203,0.2273,0.0239,0.9800
2204,0.1284,0.1221,0.9299
2205,-0.0774,0.0251,0.9077
2206,-0.3074,0.1248,1.0383
2207,-0.3369,-0.0784,0.9111
2208,-0.2766,0.0188,1.0376
2209,-0.0811,-0.0220,0.9817
2210,0.1753,-0.1301,0.9417
2211,0.2615,-0.0432,1.0483
2212,0.3938,-0.0701,0.9468
2213,0.3003,0.0247,0.9456
2214,-0.0286,0.0359,0.9417
2215,-0.1841,0.1240,0.9106
2216,-0.3560,0.1069,0.8843
2217,-0.3777,0.0942,1.0071
2218,-0.2319,0.0142,0.9946
2219,-0.0591,-0.0774,0.9827
2220,0.2224,-0.0637,1.0444
2221,0.3823,-0.1855,0.9851
2222,0.3098,-0.1392,1.0269
2223,0.1919,-0.1504,0.9924
2224,0.0352,0.0317,0.9722
2225,-0.1392,0.1042,0.8979
2226,-0.2585,0.1184,0.9114
2227,-0.2527,0.1614,0.9358
2228,-0.2058,0.0776,0.8850
2229,-0.0940,0.0532,0.9819
2230,-0.0034,-0.0837,0.9858
2231,0.0596,-0.1379,0.9629
2232,0.1252,-0.1016,1.0415
2233,0.2056,-0.1265,0.9973
2234,0.1812,-0.1362,0.9993
2235,0.1348,0.0371,0.9954
2236,0.0706,0.1189,0.8997
2237,-0.1045,0.1824,0.9426
2238,-0.2957,0.0979,0.9641
2239,-0.3623,0.0432,0.9514
2240,-0.2874,0.0447,0.9631
2241,-0.0574,-0.0657,0.9543
2242,0.2053,-0.0625,0.9941
2243,0.3667,-0.1929,0.9568
2244,0.3706,-0.1165,1.0149
2245,0.2493,-0.0457,0.9751
2246,-0.0403,0.0137,0.9270
2247,-0.2917,0.0803,0.9949
2248,-0.4275,0.0378,0.9553
2249,-0.3643,0.0913,0.9614
2250,-0.1240,0.0818,0.9934
2251,0.1416,0.0027,0.9585
2252,0.3120,-0.0532,0.9934
2253,0.3813,-0.0649,0.9778
2254,0.2600,-0.0386,0.9517
2255,0.0151,-0.0559,0.9617
2256,-0.1658,-0.1096,0.9426
2257,-0.3008,-0.0535,0.9321
2258,-0.2354,0.1003,0.9465
2259,-0.1743,0.0640,0.9478
2260,-0.0105,0.0435,1.0061
2261,0.1030,-0.0520,1.0227
2262,0.1313,0.0168,0.9995
2263,0.1541,-0.0647,0.9692
2264,0.1165,-0.0542,0.9985
2265,0.0408,-0.0977,0.9680
2266,0.1282,-0.0054,0.9456
2267,0.0535,0.0728,0.9165
2268,-0.0698,0.1873,0.9282
2269,-0.1489,0.1338,0.9055
2270,-0.3220,0.0049,0.9846
2271,-0.3086,-0.0056,1.0151
2272,-0.1138,-0.0540,0.9595
2273,0.0466,-0.0889,1.0103
2274,0.3274,-0.0803,1.0405
2275,0.3843,-0.1826,0.9543
2276,0.2561,-0.0488,1.0171
2277,0.1484,-0.0127,0.9556
2278,-0.1440,-0.0369,0.9045
2279,-0.3083,0.0828,0.9592
2280,-0.3394,0.0886,0.8872
2281,-0.3025,0.1289,0.9504
2282,-0.1067,0.0295,0.9624
2283,0.0413,0.0396,0.9819
2284,0.1782,-0.0037,0.9417
2285,0.2522,-0.1260,1.0042
2286,0.1873,-0.0874,1.0669
2287,0.1577,-0.1033,0.9478
2288,0.0830,-0.0032,1.0051
2289,-0.0315,0.0610,0.9790
2290,-0.0828,0.0740,0.9009
2291,-0.2356,0.0359,0.9797
2292,-0.2627,0.0173,1.0002
2293,-0.2075,-0.0063,0.9165
2294,-0.1172,0.0054,0.9673
2295,0.0530,-0.0906,0.9673
2296,0.1890,-0.1462,0.9651
2297,0.2700,-0.0461,0.9778
2298,0.3027,-0.0054,0.9553
2299,0.2190,0.1267,0.9429
2300,0.0559,0.0649,0.9163
2301,-0.1729,0.1392,0.9907
2302,-0.3552,-0.0186,0.9602
2303,-0.4312,-0.0457,1.0542
2304,-0.3484,-0.1060,1.0227
2305,-0.0281,-0.0410,0.9788
2306,0.2532,-0.0984,0.9673
2307,0.4380,-0.0850,0.9817
2308,0.4697,-0.0022,0.9348
2309,0.3152,0.0825,0.8853
2310,0.0630,0.1848,0.9060
2311,-0.1838,0.0918,0.9087
2312,-0.4490,-0.0222,0.9612
2313,-0.5620,-0.0967,1.0415
2314,-0.3896,-0.1306,1.0217
2315,-0.1753,-0.1340,1.0396
2316,0.1560,-0.0017,1.0298
2317,0.4114,-0.0906,0.9546
2318,0.4973,0.0164,1.0298
2319,0.4973,0.0823,0.9194
2320,0.2163,0.1365,0.8625
2321,-0.1294,0.2041,0.9067
2322,-0.4294,0.0225,0.8684
2323,-0.6111,0.0535,0.9817
2324,-0.5659,-0.0496,0.9946
2325,-0.2661,-0.0608,1.0151
2326,0.0732,-0.0994,1.0217
2327,0.4646,-0.1541,1.0386
2328,0.6265,-0.1311,1.0159
2329,0.5491,-0.1201,0.9858
2330,0.3240,0.0220,0.9583
2331,-0.0850,0.0483,0.9329
2332,-0.4021,0.0737,0.8850
2333,-0.6294,0.0779,0.9146
2334,-0.6118,0.1970,0.9585
2335,-0.3386,-0.0820,0.9075
2336,-0.0137,-0.0120,1.1028
2337,0.3296,-0.0266,0.9456
2338,0.5754,-0.0918,0.9253
2339,0.5735,-0.0327,1.0942
2340,0.4456,-0.1357,0.9263
2341,0.1204,0.0061,0.9431
2342,-0.2466,0.1194,0.9858
2343,-0.4595,0.0874,0.8843
2344,-0.5583,0.0735,0.9524
2345,-0.5371,-0.0144,1.0435
2346,-0.1895,-0.1116,0.9731
2347,0.0981,-0.0850,0.9937
2348,0.3303,0.0461,1.0054
2349,0.4438,-0.0681,0.8987
2350,0.3850,-0.0508,1.0034
2351,0.2280,0.0161,0.9573
2352,0.0898,0.0991,0.8989
2353,-0.1084,0.1333,0.9448
2354,-0.3113,0.0059,0.9729
2355,-0.3494,0.0510,1.0217
2356,-0.4763,-0.1650,0.9934
2357,-0.3259,-0.0408,1.0881
2358,-0.0789,-0.0535,0.9399
2359,0.1313,0.0088,0.9175
2360,0.4331,-0.0459,0.9436
2361,0.5435,-0.0491,0.9016
2362,0.4321,0.0105,0.9250
2363,0.2522,0.0396,0.9290
2364,-0.1394,0.1145,0.9192
2365,-0.4490,0.0811,0.9700
2366,-0.5796,0.0129,1.0308
2367,-0.4976,-0.1235,1.0552
2368,-0.2417,-0.1790,1.0718
2369,0.1064,-0.1255,1.0364
2370,0.3784,-0.0688,0.9631
2371,0.4758,0.1284,0.9614
2372,0.4409,0.0015,0.9075
2373,0.2676,0.0662,0.9387
2374,-0.0034,0.1489,0.8743
2375,-0.2402,0.1365,0.8677
2376,-0.3884,0.1375,0.9709
2377,-0.5034,-0.1072,0.9722
2378,-0.4568,-0.0781,1.0930
2379,-0.2478,-0.2488,1.0471
2380,-0.0237,-0.1394,1.0337
2381,0.2446,0.0613,0.9695
2382,0.4807,-0.0164,0.8843
2383,0.5015,-0.0144,1.0139
2384,0.4272,0.0491,0.9338
2385,0.2493,0.0928,0.8267
2386,-0.1101,0.2390,0.9797
2387,-0.4294,0.0532,0.8899
2388,-0.6306,-0.1467,0.9895
2389,-0.6804,-0.1929,1.1223
2390,-0.3679,-0.2007,1.0139
2391,0.0122,-0.0554,0.9712
2392,0.3293,0.0110,1.0200
2393,0.6538,0.0305,0.9485
2394,0.5835,0.0120,0.9250
2395,0.3684,0.2402,0.9771
2396,0.0537,0.1045,0.8149
2397,-0.3955,0.1396,0.9634
2398,-0.5242,-0.0432,0.9661
2399,-0.5493,-0.1528,0.9917
2400,-0.4255,-0.0344,1.0989
2401,-0.0925,-0.2271,0.9553
2402,0.1265,0.0471,1.0244
2403,0.3237,0.0449,0.8840
2404,0.4255,0.0459,0.9067
2405,0.3340,0.1179,1.0132
2406,0.2749,-0.0010,0.8606
2407,0.1018,0.0483,0.9888
2408,-0.1550,-0.0483,0.9915
2409,-0.3481,-0.1582,0.9614
2410,-0.4695,-0.1604,1.1057
2411,-0.3796,-0.1362,1.0247
2412,-0.1880,-0.0176,0.9819
2413,0.0371,0.0627,0.9836
2414,0.2505,0.0322,0.8953
2415,0.3657,0.1575,0.9377
2416,0.4028,0.1541,0.8918
2417,0.3284,0.0854,0.8950
2418,0.1235,0.0881,0.9719
2419,-0.1975,-0.0396,0.9341
2420,-0.4167,-0.1274,1.0364
2421,-0.4744,-0.2417,1.0657
2422,-0.3906,-0.1929,1.0618
2423,-0.1311,-0.0664,0.9819
2424,0.1626,0.0188,0.9475
2425,0.3774,0.1187,0.9426
2426,0.4927,0.0754,0.8694
2427,0.3862,0.1846,0.9700
2428,0.0896,0.1682,0.8762
2429,-0.2275,0.0447,0.9160
2430,-0.5183,-0.0205,1.0090
2431,-0.4917,-0.1086,1.0044
2432,-0.3621,-0.1399,1.0491
2433,-0.0857,-0.1575,1.0659
2434,0.2031,-0.0840,1.0178
2435,0.3472,-0.0081,0.9348
2436,0.3171,-0.0222,0.9478
2437,0.2344,0.0547,0.9497
2438,0.1499,0.0337,0.8635
2439,-0.0149,0.0952,0.9272
2440,-0.1409,0.1370,0.9348
2441,-0.2314,-0.0300,0.9121
2442,-0.3638,-0.0671,1.0435
2443,-0.2476,-0.1521,1.0522
2444,-0.1021,-0.1013,1.0015
2445,0.0325,0.0059,0.9993
2446,0.1821,0.0254,0.9495
2447,0.2805,0.0376,0.9224
2448,0.3225,0.0869,0.9810
2449,0.2771,0.1628,0.9260
2450,0.1677,0.0894,0.8833
2451,-0.0398,-0.0388,1.0149
2452,-0.2776,-0.0896,1.0168
2453,-0.3755,-0.1973,0.9575
2454,-0.3843,-0.0725,1.0835
2455,-0.2429,-0.0952,0.9602
2456,-0.0239,0.0037,0.8938
2457,0.1321,0.1008,0.9868
2458,0.2703,0.0657,0.8960
2459,0.2729,0.0725,0.9094
2460,0.1848,0.1252,0.9907
2461,0.1155,-0.0029,0.9009
2462,-0.0371,-0.0508,1.0083
2463,-0.1750,-0.1143,1.0559
2464,-0.2405,-0.1638,1.0044
2465,-0.2493,-0.0481,1.0603
2466,-0.2026,-0.0662,0.9653
2467,-0.0759,0.0703,0.9487
2468,0.0747,0.0530,0.8918
2469,0.1714,0.0378,0.9299
2470,0.2883,0.1033,0.9331
2471,0.2981,0.0100,0.8823
2472,0.1345,0.0513,0.9934
2473,-0.0347,-0.0613,0.9575
2474,-0.1733,-0.1392,1.0032
2475,-0.2886,-0.0625,1.0894
2476,-0.2354,-0.0601,0.9695
2477,-0.2212,0.0176,0.9858
2478,-0.0503,0.0415,0.9875
2479,0.1697,0.0344,0.9465
2480,0.1965,0.0493,0.9429
2481,0.2429,0.0950,0.9397
2482,0.1130,0.0786,0.9038
2483,-0.0488,0.0015,0.9348
2484,-0.1880,-0.1316,0.9966
2485,-0.3230,-0.0090,1.0178
2486,-0.2520,-0.0554,0.9709
2487,-0.1128,-0.0229,1.0259
2488,0.0154,-0.0144,0.9595
2489,0.1528,0.0276,0.9250
2490,0.2009,0.0334,0.9741
2491,0.2620,-0.0286,0.9517
2492,0.1118,0.0051,0.9563
2493,-0.0376,-0.0481,0.9272
2494,-0.0808,-0.0598,0.9790
2495,-0.1958,-0.0239,0.9810
2496,-0.1477,-0.0083,0.9709
2497,-0.0957,-0.0029,0.9771
2498,0.0542,0.0181,0.9878
2499,0.1145,0.0779,0.9214
2500,0.1753,0.0884,0.9592
2501,0.0898,-0.0513,1.0198
2502,0.0112,-0.0603,0.9934
2503,-0.0891,-0.1165,0.9761
2504,-0.0955,-0.0649,0.9924
2505,-0.1194,-0.0530,0.9722
2506,-0.1135,-0.0786,0.9475
2507,-0.0710,0.1003,1.0083
2508,0.0046,0.1382,0.8823
2509,-0.0234,0.1777,0.8784
2510,0.0515,0.1392,0.9546
2511,0.0234,-0.0381,0.9250
2512,0.0095,-0.0771,0.9995
2513,0.0837,-0.1423,1.0103
2514,0.0662,-0.1477,1.0090
2515,0.0559,-0.1448,1.0051
2516,0.0088,-0.1116,1.0334
2517,-0.0774,0.0330,0.9993
2518,-0.0679,0.1074,0.9692
2519,-0.0281,0.1604,0.9553
2520,0.0232,0.1025,0.9036
2521,0.1257,0.0962,0.9087
2522,0.0806,-0.0938,0.9241
2523,0.0566,-0.0725,0.9907
2524,-0.0186,-0.1272,0.9524
2525,-0.0977,-0.0764,0.9954
2526,-0.1357,-0.0808,0.9868
2527,-0.1438,0.0083,0.9810
2528,-0.0408,0.0754,0.9846
2529,0.0737,0.0801,0.9717
2530,0.1550,0.1167,0.9731
2531,0.1201,0.0300,0.9368
2532,0.0991,-0.0125,1.0149
2533,0.0271,-0.1169,0.9653
2534,-0.0237,-0.0920,0.9751
2535,-0.1306,-0.0530,0.9602
2536,-0.2097,-0.0432,0.9387
2537,-0.2361,0.0320,0.9788
2538,-0.2170,0.0061,0.9409
2539,-0.0952,0.1216,1.0083
2540,0.1067,0.0579,0.9370
2541,0.1719,0.0186,0.9517
2542,0.2593,0.0603,0.9866
2543,0.1641,-0.0608,0.9231
2544,0.0310,-0.0718,1.0090
2545,-0.0588,-0.1277,1.0081
2546,-0.1594,-0.0833,0.9495
2547,-0.1550,-0.0112,0.9817
2548,-0.0657,0.0042,0.9670
2549,-0.0391,0.0330,0.9495
2550,0.0085,0.0732,0.9604
2551,0.1089,0.0945,0.9329
2552,0.1111,0.0579,0.9617
2553,0.1028,0.0195,0.9644
2554,0.0493,-0.0745,0.9758
2555,0.0215,-0.0212,1.0063
2556,0.0112,-0.1331,0.9448
2557,-0.0735,-0.0339,1.0005
2558,-0.1125,-0.0640,0.9778
2559,-0.1233,-0.1421,0.9924
2560,-0.1138,-0.0120,1.0376
2561,-0.0447,0.0798,0.9165
2562,0.0806,0.2122,0.9055
2563,0.1350,0.1260,0.9048
2564,0.1396,0.0586,0.9634
2565,0.0408,-0.0144,0.9497
2566,-0.0596,-0.0371,0.9875
2567,-0.0630,-0.0454,1.0042
2568,-0.1199,-0.1350,0.9507
2569,-0.1079,-0.0938,1.0366
2570,-0.0894,-0.1116,1.0120
2571,-0.0784,-0.0283,0.9741
2572,0.0037,0.1084,0.9543
2573,0.1301,0.1023,0.9221
2574,0.1375,0.0427,0.9351
2575,0.1941,-0.0427,0.9673
2576,0.1543,0.0095,0.9885
2577,0.1123,-0.0850,0.9456
2578,-0.0076,-0.0698,0.9897
2579,-0.1458,0.0415,0.9634
2580,-0.2109,-0.0659,0.9155
2581,-0.2976,0.0115,1.0540
2582,-0.1829,0.0322,0.9641
2583,-0.0154,-0.0071,0.8960
2584,0.1311,0.1479,1.0356
2585,0.2754,-0.0679,0.8860
2586,0.2244,0.0081,1.0100
2587,0.1287,0.0559,1.0044
2588,0.0256,-0.0840,0.8843
2589,-0.1462,-0.0278,1.0288
2590,-0.2947,-0.0393,0.9387
2591,-0.3540,-0.0117,0.9595
2592,-0.3796,-0.0769,1.0256
2593,-0.1631,0.0251,1.0168
2594,0.0625,0.0820,0.8948
2595,0.3342,0.0581,0.9585
2596,0.5452,0.0649,0.9971
2597,0.4634,0.0308,0.8943
2598,0.2944,-0.0420,1.0032
2599,0.0349,-0.1870,1.0129
2600,-0.2898,-0.0884,0.9397
2601,-0.5471,-0.0076,0.9468
2602,-0.5659,0.0032,1.0093
2603,-0.4033,-0.0991,0.9729
2604,-0.0315,0.0315,0.9885
2605,0.2827,0.1653,0.9426
2606,0.4985,0.0911,0.8870
2607,0.5588,0.0000,0.9937
2608,0.3418,-0.0759,0.9819
2609,0.0698,-0.0537,0.9397
2610,-0.2161,-0.0613,0.9905
2611,-0.4023,-0.0737,0.9966
2612,-0.4197,-0.0532,0.9651
2613,-0.4050,-0.0078,1.0002
2614,-0.2166,0.0422,1.0120
2615,0.0388,0.0999,0.9312
2616,0.2336,0.1592,0.9429
2617,0.3274,0.0310,0.9155
2618,0.3110,0.0327,0.9788
2619,0.1665,-0.1721,0.9553
2620,0.0745,-0.1240,1.0142
2621,-0.0796,0.0076,0.9700
2622,-0.2393,0.0120,0.8948
2623,-0.2378,0.0925,1.0132
2624,-0.3210,-0.0676,0.9221
2625,-0.2446,0.1313,0.9976
2626,-0.1270,-0.0354,0.9507
2627,0.0581,-0.1025,0.9836
2628,0.2749,-0.1206,1.0100
2629,0.4143,-0.0891,0.9634
2630,0.3374,-0.0259,0.9954
2631,0.2041,-0.0078,0.9292
2632,-0.0779,0.0842,0.9299
2633,-0.3022,0.1836,0.9165
2634,-0.4841,0.0364,0.9504
2635,-0.4800,0.0129,1.0522
2636,-0.2222,-0.0190,0.9995
2637,0.0659,0.0696,0.9836
2638,0.3613,-0.0657,0.9456
2639,0.4817,-0.1150,1.0093
2640,0.4028,-0.0637,0.9426
2641,0.1997,-0.0657,0.9458
2642,-0.0239,0.0137,0.9927
2643,-0.2488,-0.0718,0.9114
2644,-0.3481,0.1221,0.9751
2645,-0.3650,0.0215,0.9280
2646,-0.3274,-0.0352,1.0122
2647,-0.1687,-0.0137,1.0012
2648,0.0098,0.0154,0.9565
2649,0.1863,0.0046,0.9934
2650,0.3999,-0.0784,1.0129
2651,0.4568,0.0068,0.9641
2652,0.3865,0.0825,0.9253
2653,0.2351,0.0864,0.9165
2654,-0.0703,0.0056,0.9351
2655,-0.3962,0.0083,0.9788
2656,-0.6206,-0.0398,0.9800
2657,-0.6528,-0.0718,1.0239
2658,-0.3503,-0.1467,0.9963
2659,-0.0076,-0.0693,0.9644
2660,0.4116,-0.0276,0.9690
2661,0.6536,-0.0972,0.9634
2662,0.6245,0.0327,1.0149
2663,0.4722,0.1179,0.9084
2664,0.0908,0.1382,0.8940
2665,-0.3291,0.1628,0.9858
2666,-0.5386,0.0171,0.8960
2667,-0.7368,-0.0483,1.0356
2668,-0.6313,-0.0828,1.0464
2669,-0.2532,-0.0999,0.9661
2670,0.0996,-0.0315,1.0325
2671,0.4761,-0.0400,0.9670
2672,0.6235,-0.0522,0.9426
2673,0.5317,0.0857,0.9485
2674,0.3789,0.0823,0.8801
2675,-0.0059,0.1641,0.9204
2676,-0.3530,0.0645,0.9614
2677,-0.6069,-0.1062,0.9771
2678,-0.6792,-0.1375,1.0581
2679,-0.3901,-0.1206,1.0327
2680,-0.0791,-0.1287,0.9622
2681,0.2827,-0.0525,1.0422
2682,0.5647,-0.0854,0.9341
2683,0.5491,0.0322,0.9722
2684,0.4055,0.0620,0.9165
2685,0.1541,0.0920,0.8987
2686,-0.1506,0.0959,0.9241
2687,-0.3435,0.0261,0.9221
2688,-0.5837,0.0532,1.0120
2689,-0.5679,-0.0342,1.0269
2690,-0.3267,-0.0276,1.0134
2691,-0.0432,0.0061,1.0237
2692,0.3032,0.0012,0.9543
2693,0.5120,-0.0347,0.9624
2694,0.5432,-0.0281,0.9868
2695,0.4468,-0.0635,0.8801
2696,0.0530,0.0308,0.9526
2697,-0.3083,0.1304,0.9207
2698,-0.5327,-0.0339,0.9136
2699,-0.6567,-0.0830,1.0962
2700,-0.4438,-0.1736,1.0151
2701,-0.0718,-0.0032,0.9966
2702,0.2725,0.0615,0.9819
2703,0.4663,-0.0601,0.9397
2704,0.4963,0.0686,0.9683
2705,0.3010,0.0935,0.9124
2706,0.1396,0.1943,0.9250
2707,-0.0801,0.0339,0.9038
2708,-0.2515,-0.0466,0.9600
2709,-0.2727,-0.1348,1.0002
2710,-0.2593,-0.1667,1.0415
2711,-0.2134,-0.0647,1.0562
2712,-0.1025,-0.1038,0.9644
2713,-0.0078,0.0024,0.9800
2714,0.0850,0.0349,0.9211
2715,0.2019,0.1118,0.9272
2716,0.2292,0.0571,0.9341
2717,0.2600,0.0630,0.9595
2718,0.1704,0.0835,0.9250
2719,0.0051,0.0076,0.9426
2720,-0.2339,-0.0239,1.0376
2721,-0.4109,-0.0825,1.0159
2722,-0.3904,-0.1194,1.0139
2723,-0.2761,-0.1060,1.0217
2724,-0.0244,0.0076,0.9631
2725,0.1892,0.0168,0.9185
2726,0.3293,0.0571,0.9634
2727,0.3911,0.0730,0.9280
2728,0.2883,0.1396,0.9116
2729,0.0581,0.0886,0.9341
2730,-0.1138,-0.0532,0.9553
2731,-0.3374,-0.1331,1.0054
2732,-0.4771,-0.1445,1.0210
2733,-0.2981,-0.0381,1.0015
2734,-0.1162,-0.0403,0.9849
2735,0.1035,-0.0203,0.9661
2736,0.3118,0.0176,0.9771
2737,0.3169,-0.0371,0.9338
2738,0.2876,0.0037,0.9895
2739,0.1355,0.0852,0.9429
2740,-0.0649,0.0112,0.8997
2741,-0.2126,-0.0278,1.0061
2742,-0.3394,0.0159,0.9839
2743,-0.3511,0.0398,0.9712
2744,-0.2439,-0.0212,0.9993
2745,0.0132,-0.0361,0.9888
2746,0.2085,-0.0264,0.9358
2747,0.3384,-0.0095,0.9788
2748,0.4019,-0.0522,0.9670
2749,0.2834,0.0823,0.9224
2750,0.0544,0.1091,0.9172
2751,-0.2292,0.0122,0.9446
2752,-0.3945,-0.0110,1.0178
2753,-0.4451,-0.1299,0.9954
2754,-0.3562,-0.0305,1.0334
2755,-0.1077,-0.0083,0.9800
2756,0.1531,-0.0479,0.9468
2757,0.3606,-0.0437,1.0015
2758,0.4309,-0.0115,0.9351
2759,0.3521,0.0559,0.9290
2760,0.1741,0.0845,0.9575
2761,-0.0554,0.0154,0.9104
2762,-0.2410,-0.0112,0.9602
2763,-0.4312,-0.0295,0.9985
2764,-0.3911,-0.0220,0.9946
2765,-0.2749,-0.0386,1.0249
2766,-0.0603,-0.1140,0.9937
2767,0.2141,-0.0549,0.9856
2768,0.3315,-0.0098,0.9475
2769,0.3850,0.0186,0.9575
2770,0.3391,0.0737,0.9341
2771,0.0605,0.0632,0.8782
2772,-0.1570,0.1155,0.9338
2773,-0.3364,0.0894,0.9468
2774,-0.4810,0.0156,0.9985
2775,-0.2859,-0.1086,1.0295
2776,-0.1355,-0.0823,1.0374
2777,0.1396,-0.0347,0.9758
2778,0.3250,-0.1257,0.9663
2779,0.3088,-0.0574,1.0532
2780,0.2385,-0.1082,0.8960
2781,0.0784,0.1318,0.9487
2782,-0.0945,0.1423,0.8987
2783,-0.2087,0.0569,0.8599
2784,-0.2937,0.0715,0.9993
2785,-0.2896,-0.0557,0.9663
2786,-0.0908,0.0239,1.0188
2787,0.0044,-0.1211,1.0110
2788,0.1877,-0.1267,1.0188
2789,0.2612,-0.1165,0.9758
2790,0.1941,-0.0640,0.9875
2791,0.1602,0.0037,0.9768
2792,0.0525,-0.0061,0.9021
2793,-0.0850,0.1265,0.9338
2794,-0.1584,0.1165,0.9246
2795,-0.2510,0.1150,0.9819
2796,-0.2651,-0.0190,0.9836
2797,-0.1436,-0.0325,0.9954
2798,-0.0049,0.0039,1.0002
2799,0.1968,-0.0742,0.9543
2800,0.2346,-0.0691,0.9878
2801,0.2407,-0.0977,0.9763
2802,0.1521,-0.0461,0.9504
2803,-0.0540,0.0366,0.9436
2804,-0.1248,0.0657,0.9182
2805,-0.3181,0.0625,0.9368
2806,-0.2954,0.0510,0.9966
2807,-0.2449,-0.0713,0.9817
2808,-0.0605,0.0449,1.0208
2809,0.2180,-0.0620,0.9302
2810,0.3433,0.0576,0.9944
2811,0.3792,-0.0518,0.9761
2812,0.2668,-0.1404,0.9565
2813,0.1003,0.0195,1.0298
2814,-0.1282,-0.0664,0.8792
2815,-0.2917,0.0835,0.9836
2816,-0.3599,-0.0554,0.9644
2817,-0.3154,-0.0007,0.9954
2818,-0.1545,0.0881,0.9993
2819,0.0454,0.0083,0.9194
2820,0.1580,0.0916,0.9673
2821,0.3020,-0.0381,0.8940
2822,0.2097,0.0039,0.9780
2823,0.1143,0.0156,0.9780
2824,0.0383,-0.0745,0.9358
2825,-0.1199,0.0046,1.0042
2826,-0.1494,-0.0171,0.9485
2827,-0.1904,-0.0098,0.9917
2828,-0.2615,-0.0437,1.0491
2829,-0.1355,-0.0486,0.9651
2830,-0.0183,0.0520,0.9700
2831,0.0701,-0.0103,0.9524
2832,0.2170,-0.0625,0.9487
2833,0.2822,-0.0610,0.9719
2834,0.2732,-0.0400,0.9253
2835,0.1680,0.0974,0.9446
2836,-0.0417,0.0378,0.9377
2837,-0.2703,-0.0066,0.9856
2838,-0.3560,0.0398,1.0229
2839,-0.3667,-0.0571,0.9592
2840,-0.1633,0.0312,1.0278
2841,0.1206,-0.0154,0.9592
2842,0.3108,-0.0820,0.9214
2843,0.4341,-0.0344,1.0471
2844,0.3269,-0.0588,0.9282
2845,0.1636,0.0015,0.9497
2846,-0.0107,0.0435,0.9585
2847,-0.2310,0.0596,0.8892
2848,-0.4272,0.0513,0.9302
2849,-0.4783,-0.0076,0.9915
2850,-0.3464,-0.0352,0.9866
2851,-0.0867,0.0239,0.9878
2852,0.1240,0.0508,1.0178
2853,0.3472,-0.0562,0.9651
2854,0.4800,-0.0579,1.0120
2855,0.4355,-0.0649,0.9614
2856,0.3450,-0.0476,0.9233
2857,-0.0269,-0.0413,0.9573
2858,-0.2798,0.1138,0.9780
2859,-0.6013,-0.0613,0.9114
2860,-0.6658,0.0342,1.0530
2861,-0.4458,-0.0186,0.9448
2862,-0.0718,0.1465,0.9175
2863,0.3564,0.0164,0.9612
2864,0.6685,-0.0781,0.9690
2865,0.6487,0.0410,0.9897
2866,0.4114,-0.0366,0.9204
2867,0.0544,-0.0386,1.0042
2868,-0.3833,-0.0747,0.9263
2869,-0.6196,0.0542,0.9478
2870,-0.6245,-0.0266,1.0073
2871,-0.4167,-0.1470,1.0393
2872,-0.1211,-0.0400,1.0374
2873,0.2646,0.0095,0.9417
2874,0.4485,0.0273,0.9624
2875,0.5315,0.0210,0.9185
2876,0.4458,0.0388,0.9055
2877,0.2100,0.0898,0.9419
2878,-0.0334,0.0488,0.9360
2879,-0.2966,0.0059,0.9553
2880,-0.4365,-0.0164,1.0337
2881,-0.4685,-0.0928,0.9993
2882,-0.3337,-0.1611,1.0217
2883,-0.1331,0.0029,1.0542
2884,0.0916,0.0410,0.8979
2885,0.3306,0.0889,0.9661
2886,0.4673,0.0225,0.9924
2887,0.4395,-0.0359,0.9160
2888,0.3296,0.1040,0.9211
2889,0.0671,0.0483,0.9214
2890,-0.2356,0.0071,0.9133
2891,-0.5190,-0.1160,1.0005
2892,-0.6199,-0.0562,1.0627
2893,-0.4402,-0.1355,0.9758
2894,-0.1284,-0.0498,1.0620
2895,0.2209,0.0200,0.9390
2896,0.5120,0.0112,0.9067
2897,0.5305,0.0515,0.9956
2898,0.4165,-0.0627,0.9065
2899,0.1616,0.0906,0.9504
2900,-0.1880,0.0525,0.9185
2901,-0.4429,-0.0308,0.9644
2902,-0.5425,-0.0859,1.0190
2903,-0.4700,-0.1516,1.0168
2904,-0.1968,-0.0645,1.0444
2905,0.0603,0.1255,0.9670
2906,0.2966,0.1604,0.8909
2907,0.3792,0.0667,0.9546
2908,0.3262,-0.0120,0.9604
2909,0.2563,0.0134,0.9329
2910,0.1340,0.0923,0.9429
2911,-0.0676,-0.0720,0.9407
2912,-0.2102,-0.1008,1.0188
2913,-0.3933,-0.0796,0.9836
2914,-0.4282,-0.0376,1.0208
2915,-0.3108,-0.0466,1.0122
2916,-0.2014,-0.0808,0.9380
2917,0.0876,0.1541,0.9563
2918,0.3225,0.0659,0.8921
2919,0.4712,-0.0159,1.0022
2920,0.5386,-0.0654,0.9768
2921,0.3999,0.0623,0.9065
2922,0.0886,0.0439,0.9260
2923,-0.2913,-0.0808,0.9963
2924,-0.5903,-0.0918,1.0249
2925,-0.7087,-0.1165,1.0256
2926,-0.5269,0.0151,1.0347
2927,-0.2063,-0.0095,0.9282
2928,0.2437,0.0640,0.9338
2929,0.5491,0.0786,0.9351
2930,0.6841,0.0488,0.9495
2931,0.5317,0.0518,0.9631
2932,0.2590,0.0212,0.9302
2933,-0.1782,0.0144,0.9468
2934,-0.5251,-0.1182,0.9739
2935,-0.6528,-0.1299,1.0522
2936,-0.5933,-0.1074,1.0015
2937,-0.2683,0.0251,1.0002
2938,0.0786,0.0491,0.9543
2939,0.4370,0.0725,0.9368
2940,0.5513,-0.0183,0.9485
2941,0.4963,0.1035,0.9673
2942,0.2761,0.0327,0.9143
2943,-0.0461,-0.0173,0.9312
2944,-0.3218,-0.0591,0.9849
2945,-0.5015,-0.0134,0.9702
2946,-0.5513,-0.0059,0.9897
2947,-0.3213,-0.0688,1.0549
2948,-0.0198,-0.0349,1.0054
2949,0.2126,-0.0652,0.9292
2950,0.4282,0.0249,0.9856
2951,0.4780,-0.0085,0.9475
2952,0.3687,-0.0247,0.9397
2953,0.1267,0.0334,0.9436
2954,-0.1528,0.0364,0.9104
2955,-0.3455,0.0449,0.9407
2956,-0.3911,-0.0015,0.9897
2957,-0.4060,-0.0696,1.0198
2958,-0.2368,-0.0657,1.0112
2959,-0.0127,-0.0491,0.9788
2960,0.1284,0.0493,0.9563
2961,0.2839,0.0972,0.9507
2962,0.3306,-0.0522,0.9377
2963,0.3206,0.0032,0.9951
2964,0.2275,0.0588,0.9302
2965,0.0408,0.0103,0.9368
2966,-0.2517,-0.0510,1.0168
2967,-0.3738,-0.0298,1.0129
2968,-0.4451,-0.0542,0.9768
2969,-0.3745,-0.0481,1.0112
2970,-0.0959,0.0535,0.9731
2971,0.1414,-0.0205,0.8794
2972,0.3191,0.0100,1.0181
2973,0.4263,-0.0369,0.9182
2974,0.2786,-0.0344,0.9185
2975,0.0693,0.0640,0.9790
2976,-0.1401,0.0334,0.8970
2977,-0.3604,0.0256,1.0071
2978,-0.3979,-0.1326,1.0386
2979,-0.2478,-0.1433,1.0393
2980,-0.0098,-0.0532,0.9944
2981,0.2002,0.0535,0.9546
2982,0.2419,0.0991,0.9312
2983,0.1875,0.0256,0.9446
2984,0.1453,0.0215,0.9810
2985,0.0762,0.0857,0.9055
2986,0.0156,0.1467,0.8977
2987,-0.0625,0.0408,0.9778
2988,-0.0928,-0.1226,1.0081
2989,-0.1677,-0.0952,1.0190
2990,-0.2029,-0.0332,1.0298
2991,-0.2058,-0.0520,0.9778
2992,-0.1333,-0.1282,0.9663
2993,0.0522,-0.0200,1.0110
2994,0.1245,-0.0122,0.9014
2995,0.2139,0.1484,0.9644
2996,0.2468,0.0688,0.8801
2997,0.1174,0.0330,0.9048
2998,-0.0085,0.1084,0.9722
2999,-0.1833,-0.0017,0.9348
3000,-0.2954,0.0115,1.0288
3001,-0.1631,-0.1355,1.0120
3002,-0.1086,-0.1121,1.0103
3003,-0.0195,-0.0164,0.9966
3004,0.1743,-0.0874,0.9595
3005,0.1548,-0.0823,1.0247
3006,0.1821,0.0051,0.9651
3007,0.1428,0.0386,0.8999
3008,-0.0264,0.0762,0.9849
3009,-0.0671,0.0068,0.9399
3010,-0.1963,0.0037,0.9465
3011,-0.2075,-0.0015,1.0005
3012,-0.1162,-0.0146,0.9387
3013,-0.0635,0.0630,0.9399
3014,0.0413,0.0610,0.9692
3015,0.1077,-0.1169,0.9702
3016,0.1433,-0.0312,1.0620
3017,0.1807,-0.0183,0.9253
3018,0.0471,0.0818,0.9575
3019,-0.0293,0.0078,0.9768
3020,-0.1304,-0.0349,0.9614
3021,-0.2148,0.0688,0.9995
3022,-0.1499,0.0034,0.9644
3023,-0.0847,0.0249,0.9956
3024,-0.0532,-0.0391,0.9497
3025,0.0513,-0.0488,0.9419
3026,0.0315,-0.1169,0.9731
3027,0.0837,-0.0784,0.9751
3028,0.1323,-0.0354,0.9338
3029,0.0405,0.0498,0.9507
3030,0.0220,0.0764,0.9456
3031,-0.0806,0.0305,0.9761
3032,-0.1763,0.0681,1.0083
3033,-0.1130,-0.0029,0.9573
3034,-0.0518,0.0254,0.9985
3035,0.0190,-0.0732,0.9556
3036,0.1108,-0.0339,0.9758
3037,0.0381,-0.0684,0.9985
3038,0.0537,-0.0608,0.9692
3039,0.0974,0.0234,0.9419
3040,-0.0029,0.0793,0.9202
3041,-0.0337,0.0525,0.9360
3042,-0.1252,-0.0518,0.9700
3043,-0.1375,0.0281,1.0188
3044,-0.1030,-0.0281,0.9514
3045,-0.0364,0.0872,0.9985
3046,0.0593,-0.0271,0.9546
3047,0.0972,-0.1184,0.9924
3048,0.1492,-0.0356,1.0325
3049,0.0898,-0.0586,0.9241
3050,0.0054,0.0964,0.9768
3051,-0.0559,-0.0400,0.9065
3052,-0.1318,0.0540,0.9846
3053,-0.1404,0.0645,0.9475
3054,-0.0671,-0.0107,0.9514
3055,0.0107,0.0706,1.0295
3056,0.1213,-0.0913,0.9077
3057,0.1240,-0.0698,0.9983
3058,0.0686,-0.1462,1.0054
3059,-0.0532,-0.0925,0.9634
3060,-0.1313,0.0125,0.9663
3061,-0.1758,-0.0298,0.9387
3062,-0.0952,0.0903,0.9634
3063,-0.0117,0.0623,0.9319
3064,0.0703,0.2004,0.9973
3065,0.1128,0.0234,0.9543
3066,0.1003,-0.0081,1.0051
3067,0.0276,-0.0547,0.9983
3068,0.0630,-0.1050,0.9563
3069,-0.0215,-0.0986,1.0032
3070,0.0208,-0.0671,0.9846
3071,0.0115,-0.0391,0.9087
3072,-0.1616,0.0347,0.9653
3073,-0.0962,0.1047,0.9700
3074,-0.1438,-0.0325,0.9124
3075,-0.1572,0.0850,1.0503
3076,0.0830,0.0334,0.9106
3077,0.1208,-0.0098,0.9348
3078,0.1797,0.0366,1.0393
3079,0.2708,-0.1099,0.9243
3080,0.0820,-0.0676,1.0288
3081,-0.0090,-0.0630,0.9868
3082,-0.1375,0.0015,0.9065
3083,-0.2520,0.0801,0.9673
3084,-0.1870,-0.0366,0.9507
3085,-0.1182,0.0295,0.9790
3086,-0.0024,-0.0601,0.9768
3087,0.1318,0.0322,1.0122
3088,0.0779,0.0349,0.9253
3089,0.1067,-0.0493,0.9526
3090,0.0532,-0.0781,1.0217
3091,0.0544,-0.0139,0.9128
3092,0.0671,0.0974,0.9377
3093,-0.0093,0.1133,0.9553
3094,-0.0271,0.0872,0.9360
3095,-0.1448,-0.0505,0.9553
3096,-0.2175,-0.0046,1.0667
3097,-0.1414,-0.0259,0.9211
3098,-0.0571,-0.0154,0.9839
3099,0.0090,-0.1257,1.0142
3100,0.1494,-0.1702,0.9670
3101,0.1841,-0.0078,1.0208
3102,0.0928,-0.0129,0.9456
3103,0.0576,0.1821,0.9233
3104,-0.0549,0.0234,0.8069
3105,-0.1382,0.2017,0.9790
3106,-0.2358,0.0667,1.0757
3107,-0.1951,-0.1138,0.9036
3108,-0.1050,-0.0796,1.0806
3109,0.1233,-0.1550,1.0151
3110,0.2515,-0.0913,0.9719
3111,0.3079,-0.1025,0.9800
3112,0.2837,-0.0364,1.0071
3113,0.1504,0.0635,0.9194
3114,-0.0930,0.0962,0.8860
3115,-0.3098,0.0769,0.9241
3116,-0.4060,-0.0068,0.9534
3117,-0.4019,-0.0769,0.9800
3118,-0.1794,0.0283,1.0110
3119,0.0239,0.0315,0.9543
3120,0.2881,-0.0786,0.9875
3121,0.4380,-0.0391,1.0112
3122,0.3958,-0.0261,0.9849
3123,0.1936,0.0510,0.9651
3124,-0.0020,0.0540,0.9272
3125,-0.2136,0.0518,0.9272
3126,-0.3794,0.0872,0.9087
3127,-0.4111,0.0635,0.9653
3128,-0.3745,-0.0647,1.0034
3129,-0.1646,-0.1177,1.0249
3130,0.0630,-0.0796,0.9885
3131,0.2703,-0.0498,0.9653
3132,0.4517,0.0483,0.9827
3133,0.3442,-0.0276,0.9456
3134,0.2317,-0.0532,0.9985
3135,0.0405,-0.0452,0.9458
3136,-0.1609,0.0867,0.9465
3137,-0.3220,0.0957,0.9329
3138,-0.3259,-0.0833,0.9768
3139,-0.3337,-0.1184,1.0227
3140,-0.2058,0.0110,0.9846
3141,0.0225,0.0632,0.9348
3142,0.2407,-0.1086,0.9612
3143,0.3247,-0.0820,1.0051
3144,0.3313,0.0635,0.9321
3145,0.2891,0.1292,0.9299
3146,0.0935,0.0354,0.9204
3147,-0.0715,0.0535,0.9719
3148,-0.2786,0.0667,0.9485
3149,-0.4460,-0.0684,1.0149
3150,-0.3845,-0.1040,1.0598
3151,-0.2019,-0.1304,1.0183
3152,-0.0361,0.0469,0.9839
3153,0.2769,0.0486,0.9026
3154,0.3794,-0.0054,0.9875
3155,0.3472,-0.0146,0.9231
3156,0.2788,0.0085,0.9485
3157,-0.0110,0.0754,0.9377
3158,-0.2632,-0.0225,0.9146
3159,-0.3921,0.0691,1.0229
3160,-0.5300,-0.1028,0.9543
3161,-0.3293,-0.0312,1.0481
3162,-0.0039,-0.0173,0.9517
3163,0.2930,0.0017,0.9739
3164,0.5022,0.0300,0.9546
3165,0.5032,-0.0117,0.9487
3166,0.3013,-0.0176,0.9729
3167,0.0596,-0.0344,0.9036
3168,-0.2546,0.0925,0.9534
3169,-0.4614,-0.0010,0.9312
3170,-0.4802,-0.1362,1.0032
3171,-0.4160,-0.0864,1.0483
3172,-0.1230,0.0393,0.9993
3173,0.1211,0.0295,0.9739
3174,0.2793,-0.0012,0.9690
3175,0.4346,0.0459,0.9963
3176,0.3579,0.0793,0.9153
3177,0.2874,0.0176,0.9360
3178,0.2134,-0.0093,0.9602
3179,-0.0835,-0.0476,0.9202
3180,-0.3022,0.0396,0.9575
3181,-0.5620,-0.0657,0.9800
3182,-0.6919,-0.1240,1.0435
3183,-0.4724,-0.0190,0.9729
3184,-0.0769,0.0549,0.9692
3185,0.3308,0.0271,0.9419
3186,0.6604,0.0581,0.9409
3187,0.7405,0.1174,0.9741
3188,0.5618,0.0137,0.9038
3189,0.1506,-0.0469,0.9731
3190,-0.2869,0.0142,0.9963
3191,-0.6470,-0.0852,0.9565
3192,-0.7849,-0.1189,1.0481
3193,-0.6384,-0.2004,1.0237
3194,-0.2742,-0.0408,1.0237
3195,0.1987,0.0576,0.9126
3196,0.5813,0.0686,0.9204
3197,0.7327,0.0740,0.9399
3198,0.6213,0.0247,0.8960
3199,0.3218,0.1179,0.9651
3200,-0.0427,0.0393,0.9038
3201,-0.4409,0.0078,0.9663
3202,-0.6648,-0.0586,1.0208
3203,-0.6599,-0.1460,1.0618
3204,-0.4734,-0.0818,1.0569
3205,-0.0969,0.0034,0.9780
3206,0.2393,0.0469,0.9524
3207,0.5454,0.0178,0.9211
3208,0.6362,0.0925,0.9280
3209,0.5474,0.1130,0.8977
3210,0.2317,0.0227,0.8950
3211,-0.1941,0.0610,0.9436
3212,-0.4985,-0.0352,0.9526
3213,-0.6985,-0.1860,1.0403
3214,-0.6382,-0.1794,1.1001
3215,-0.2388,-0.1064,1.0532
3216,0.0508,-0.0962,1.0139
3217,0.3884,0.0149,0.9644
3218,0.5330,0.0554,0.8997
3219,0.4543,0.1365,0.9370
3220,0.3315,0.1648,0.8547
3221,0.1250,0.1323,0.8840
3222,-0.2068,0.0808,0.9436
3223,-0.4285,-0.0635,0.9309
3224,-0.5535,-0.1165,1.0588
3225,-0.5300,-0.1475,1.0344
3226,-0.2683,-0.1450,1.0471
3227,0.0420,-0.0862,1.0276
3228,0.3333,-0.0764,0.9536
3229,0.5181,0.1111,0.9797
3230,0.5181,0.1467,0.8645
3231,0.0518,0.0803,0.9380
3232,-0.0210,0.0061,0.9856
3233,-0.0527,-0.0288,0.9788
3234,-0.0872,-0.0144,0.9800
3235,-0.0552,0.0107,0.9778
3236,-0.0212,-0.0542,0.9680
3237,0.0642,-0.0825,0.9895
3238,0.0645,-0.0564,0.9761
3239,0.0120,0.0566,0.9478
3240,-0.0420,0.0400,0.9448
3241,-0.1021,0.0198,0.9387
3242,-0.0747,0.0061,0.9456
3243,0.0024,0.0781,0.9604
3244,0.0483,0.0220,0.9663
3245,0.0789,-0.0500,1.0073
3246,0.0583,-0.0801,0.9954
3247,-0.0552,-0.0737,0.9966
3248,-0.0889,-0.0061,0.9817
3249,-0.1145,-0.0227,0.9631
3250,-0.0537,0.0173,0.9670
3251,0.0581,-0.0247,0.9368
3252,0.1340,0.0337,0.9622
3253,0.1013,0.0752,0.9302
3254,0.0120,0.0735,0.9478
3255,-0.0967,-0.0334,0.9651
3256,-0.2200,-0.0901,0.9888
3257,-0.0984,0.0193,0.9866
3258,-0.0308,-0.0208,0.9497
3259,0.0786,-0.0129,1.0120
3260,0.1406,-0.0586,1.0002
3261,0.1221,-0.0171,0.9956
3262,0.0471,0.0327,0.9478
3263,-0.0085,0.0083,0.9341
3264,-0.1333,-0.0200,0.9639
3265,-0.1382,0.0005,0.9360
3266,-0.1042,0.0706,0.9536
3267,-0.0623,-0.0195,0.9348
3268,0.0142,-0.0051,0.9951
3269,0.0847,0.0000,0.9839
3270,0.1016,0.0005,0.9829
3271,0.0981,-0.0479,0.9807
3272,0.0586,-0.0649,0.9963
3273,-0.0535,-0.0398,0.9868
3274,-0.1021,0.0127,0.9487
3275,-0.1252,0.0427,0.9456
3276,-0.1306,-0.0142,0.9409
3277,0.0054,0.0237,0.9690
3278,0.0820,0.0691,0.9690
3279,0.0986,0.0410,0.9497
3280,0.1235,-0.0703,0.9758
3281,-0.0007,-0.0913,0.9829
3282,-0.0801,-0.0269,0.9631
3283,-0.1335,-0.0259,0.9602
3284,-0.1460,-0.0012,0.9875
3285,-0.0564,0.0083,0.9702
3286,0.0544,0.0425,0.9810
3287,0.1377,0.0588,0.9556
3288,0.1648,0.0620,0.9543
3289,0.0930,0.0039,0.9661
3290,-0.0347,-0.0879,0.9722
3291,-0.1653,-0.0806,0.9885
3292,-0.1790,-0.0535,0.9692
3293,-0.1538,-0.0042,0.9604
3294,-0.0327,-0.0012,0.9417
3295,0.1165,-0.0281,0.9546
3296,0.1663,0.0354,0.9634
3297,0.1692,0.1116,0.9614
3298,0.0496,0.0708,0.9583
3299,-0.0862,-0.0059,0.9927
3300,-0.1687,-0.0791,0.9905
3301,-0.1904,-0.0759,0.9866
3302,-0.0801,-0.0232,0.9778
3303,0.0308,-0.0359,0.9526
3304,0.1267,-0.0520,0.9790
3305,0.1399,-0.0034,0.9585
3306,0.1084,0.0491,0.9478
3307,0.0090,0.0945,0.9426
3308,-0.0955,0.0808,0.9231
3309,-0.1304,-0.0176,0.9546
3310,-0.1340,-0.0461,0.9924
3311,-0.1001,-0.0117,1.0010
3312,0.0088,-0.0330,0.9966
3313,0.0784,-0.0759,0.9976
3314,0.1321,-0.0554,0.9937
3315,0.0942,-0.0632,0.9446
3316,0.0530,0.0300,0.9602
3317,-0.0337,0.0806,0.9209
3318,-0.0984,0.0496,0.9380
3319,-0.1343,0.0208,0.9604
3320,-0.0854,0.0225,0.9546
3321,-0.0342,-0.0205,0.9817
3322,0.0747,-0.0320,0.9800
3323,0.0935,-0.0752,0.9788
3324,0.0798,-0.0535,0.9819
3325,0.0171,-0.0337,0.9797
3326,-0.0901,0.0107,0.9817
3327,-0.0923,0.0408,0.9670
3328,-0.0813,0.0229,0.9524
3329,-0.0281,0.0405,0.9495
3330,0.0649,0.0352,0.9290
3331,0.0808,0.0281,0.9517
3332,0.0793,-0.0271,0.9731
3333,0.0417,-0.0125,0.9827
3334,-0.0662,-0.0518,0.9937
3335,-0.1030,-0.0500,0.9751
3336,-0.1187,-0.0525,0.9780
3337,-0.1021,-0.0122,0.9692
3338,-0.0066,-0.0051,0.9514
3339,0.0774,0.0073,0.9739
3340,0.0930,0.0564,0.9561
3341,0.1138,0.0818,0.9587
3342,0.0686,0.0308,0.9436
3343,-0.0293,-0.0361,0.9751
3344,-0.0889,-0.0513,0.9888
3345,-0.1333,-0.0356,0.9878
3346,-0.1638,-0.0508,0.9595
3347,-0.0593,-0.0356,0.9810
3348,0.0562,-0.0271,0.9731
3349,0.1072,0.0117,0.9563
3350,0.1663,0.1118,0.9575
3351,0.1230,0.0491,0.9338
3352,-0.0142,0.0000,0.9731
3353,-0.1235,0.0027,0.9741
3354,-0.1682,-0.0398,0.9846
3355,-0.1863,-0.0618,0.9856
3356,-0.0273,-0.0745,0.9690
3357,0.0303,-0.0571,0.9788
3358,0.1169,0.0479,0.9517
3359,0.1333,0.0503,0.9485
3360,0.0806,0.0264,0.9690
3361,0.0095,-0.0088,0.9634
3362,-0.0359,0.0554,0.9634
3363,-0.1196,0.0281,0.9536
3364,-0.1187,-0.0505,0.9729
3365,-0.0789,-0.0847,0.9937
3366,-0.0310,-0.0557,0.9797
3367,0.0435,0.0027,0.9751
3368,0.1194,-0.0061,0.9602
3369,0.0791,-0.0027,0.9702
3370,0.0405,0.0188,0.9360
3371,-0.0493,0.0947,0.9565
3372,-0.1025,0.0427,0.9456
3373,-0.0901,-0.0193,0.9741
3374,-0.0486,-0.0208,0.9827
3375,0.0198,-0.0562,0.9788
3376,0.0615,-0.0276,0.9973
3377,0.0491,-0.0317,0.9722
3378,0.0466,-0.0371,0.9761
3379,-0.0295,-0.0161,0.9644
3380,-0.0789,0.0359,0.9543
3381,-0.0654,0.0579,0.9485
3382,-0.0432,0.0122,0.9526
3383,0.0237,0.0125,0.9604
3384,0.0500,-0.0181,0.9536
3385,0.0374,-0.0139,0.9829
3386,-0.0259,-0.0461,0.9741
3387,-0.0610,-0.0117,0.9966
3388,-0.0793,-0.0427,0.9644
3389,0.0002,-0.0186,0.9800
3390,0.0654,0.0266,0.9700
3391,0.0813,0.0127,0.9556
3392,0.0576,0.0122,0.9651
3393,-0.0359,0.0166,0.9526
3394,-0.1113,0.0232,0.9719
3395,-0.1277,-0.0156,0.9644
3396,-0.0596,0.0178,0.9634
3397,0.0288,-0.0332,0.9517
3398,0.0830,-0.0232,0.9944
3399,0.0635,-0.0093,0.9846
3400,0.0232,-0.0308,0.9797
3401,-0.0010,-0.0149,0.9731
3402,-0.0706,-0.0178,0.9563
3403,-0.0564,-0.0051,0.9497
3404,-0.0725,0.0251,0.9585
3405,-0.0493,0.0437,0.9595
3406,0.0105,-0.0071,0.9702
3407,0.0613,0.0063,0.9905
3408,0.0916,-0.0095,0.9680
3409,0.0847,-0.0303,0.9592
3410,-0.0154,-0.0225,0.9692
3411,-0.1294,-0.0149,0.9663
3412,-0.1802,-0.0190,0.9739
3413,-0.1497,-0.0100,0.9719
3414,-0.0012,0.0339,0.9651
3415,0.1499,0.0334,0.9661
3416,0.2395,0.0110,0.9673
3417,0.1216,-0.0273,0.9719
3418,-0.0190,-0.0107,0.9702
3419,-0.1726,-0.0217,0.9641
3420,-0.2551,-0.0247,0.9622
3421,-0.1621,-0.0286,0.9670
3422,-0.0217,-0.0242,0.9634
3423,0.1072,0.0591,0.9731
3424,0.1826,0.0369,0.9592
3425,0.1536,0.0032,0.9839
3426,0.0740,-0.0366,0.9573
3427,-0.0273,0.0156,0.9819
3428,-0.1604,-0.0095,0.9553
3429,-0.1592,-0.0583,0.9690
3430,-0.1328,-0.0322,0.9885
3431,-0.0503,-0.0278,0.9653
3432,0.0474,0.0137,0.9788
3433,0.1194,0.0227,0.9536
3434,0.1379,0.0208,0.9595
3435,0.0457,0.0039,0.9497
3436,-0.0010,0.0522,0.9624
3437,-0.1060,0.0005,0.9565
3438,-0.1602,-0.0405,0.9875
3439,-0.0950,-0.0276,0.9944
3440,-0.0405,-0.0200,0.9722
3441,0.0720,0.0059,0.9702
3442,0.1353,-0.0386,0.9634
3443,0.0881,-0.0217,0.9836
3444,0.0125,0.0222,0.9565
3445,-0.1016,0.0618,0.9563
3446,-0.1460,-0.0188,0.9497
3447,-0.1006,-0.0515,0.9712
3448,-0.0073,0.0308,0.9751
3449,0.1021,-0.0146,0.9478
3450,0.1282,-0.0469,0.9790
3451,0.0740,0.0027,0.9875
3452,-0.0542,0.0164,0.9683
3453,-0.1394,-0.0215,0.9631
3454,-0.1545,-0.0071,0.9778
3455,-0.0696,0.0090,0.9680
3456,0.0269,0.0002,0.9604
3457,0.0918,0.0110,0.9661
3458,0.1140,-0.0349,0.9631
3459,0.0833,-0.0107,0.9663
3460,-0.0029,0.0330,0.9534
3461,-0.0820,0.0000,0.9651
3462,-0.1255,-0.0273,0.9673
3463,-0.1467,0.0054,0.9729
3464,-0.0667,-0.0125,0.9661
3465,0.0337,-0.0261,0.9885
3466,0.1145,0.0256,0.9722
3467,0.1511,-0.0193,0.9475
3468,0.0474,0.0017,0.9653
3469,-0.0488,0.0039,0.9543
3470,-0.0762,0.0115,0.9810
3471,-0.1565,-0.0007,0.9673
3472,-0.0410,-0.0032,0.9673
3473,-0.0315,-0.0688,0.9739
3474,0.0264,-0.0430,0.9810
3475,0.0552,0.0286,0.9680
3476,0.0063,0.0154,0.9583
3477,0.0386,-0.0144,0.9709
3478,0.0132,-0.0242,0.9519
3479,-0.0283,0.0513,0.9749
3480,-0.0137,0.0620,0.9475
3481,-0.0747,0.0044,0.9797
3482,-0.0415,-0.0752,0.9780
3483,-0.0442,-0.0767,0.9836
3484,-0.0093,0.0300,0.9827
3485,0.0540,0.0063,0.9338
3486,0.0125,-0.0232,0.9790
3487,0.0095,-0.0249,0.9604
3488,0.0039,0.0410,0.9622
3489,-0.0137,0.0591,0.9565
3490,-0.0156,0.0051,0.9536
3491,-0.0347,-0.0520,0.9858
3492,-0.0305,-0.0259,0.9797
3493,-0.0632,0.0188,0.9546
3494,-0.0225,-0.0300,0.9731
3495,0.0188,-0.0444,0.9790
3496,-0.0107,-0.0115,0.9663
3497,0.0649,0.0354,0.9829
3498,-0.0051,0.0300,0.9536
3499,-0.0381,-0.0034,0.9475
3500,-0.0066,-0.0068,0.9673
3501,-0.0476,-0.0007,0.9514
3502,-0.0288,0.0132,0.9722
3503,0.0076,-0.0166,0.9819
3504,-0.0381,-0.0415,0.9866
3505,0.0200,-0.0378,0.9653
3506,-0.0259,-0.0051,0.9631
3507,0.0190,0.0569,0.9651
3508,0.0105,-0.0388,0.9370
3509,-0.0042,0.0186,1.0081
3510,0.0002,0.0195,0.9497
3511,-0.0327,-0.0217,0.9595
3512,-0.0703,0.0347,0.9788
3513,-0.0330,-0.0393,0.9456
3514,-0.0378,-0.0325,0.9937
3515,0.0020,-0.0293,0.9534
3516,0.0535,0.0359,0.9897
3517,0.0444,-0.0178,0.9556
3518,0.0015,-0.0107,0.9731
3519,0.0088,0.0154,0.9722
3520,-0.0461,-0.0383,0.9602
3521,-0.0842,0.0017,0.9739
3522,-0.0618,0.0042,0.9565
3523,-0.0496,-0.0083,0.9673
3524,0.0156,-0.0093,0.9517
3525,0.0798,0.0276,0.9712
3526,0.0750,0.0178,0.9741
3527,0.0669,-0.0249,0.9702
3528,-0.0168,0.0171,0.9819
3529,-0.0928,0.0098,0.9692
3530,-0.1492,-0.0767,0.9709
3531,-0.1047,-0.0161,0.9839
3532,-0.0496,-0.0059,0.9446
3533,0.0513,0.0171,0.9624
3534,0.1267,0.0020,0.9573
3535,0.1199,0.0012,0.9768
3536,0.0593,0.0327,0.9624
3537,-0.0081,-0.0161,0.9517
3538,-0.1035,-0.0232,0.9924
3539,-0.1328,-0.0425,0.9602
3540,-0.1309,0.0107,0.9858
3541,-0.0930,-0.0090,0.9536
3542,0.0293,-0.0105,0.9761
3543,0.1252,0.0046,0.9634
3544,0.1418,0.0215,0.9553
3545,0.1091,0.0459,0.9788
3546,-0.0239,-0.0132,0.9631
3547,-0.1135,-0.0391,0.9807
3548,-0.1736,-0.0601,0.9651
3549,-0.1248,-0.0059,0.9644
3550,0.0088,0.0066,0.9634
3551,0.0571,-0.0225,0.9631
3552,0.1511,-0.0134,0.9839
3553,0.0903,0.0205,0.9788
3554,-0.0212,0.0684,0.9709
3555,-0.0740,-0.0022,0.9456
3556,-0.1396,-0.0342,0.9653
3557,-0.1104,-0.0288,0.9602
3558,-0.0020,-0.0176,0.9583
3559,0.0649,0.0398,0.9846
3560,0.1067,-0.0259,0.9653
3561,0.1047,-0.0400,1.0129
3562,0.0137,0.0093,0.9661
3563,-0.0671,0.0015,0.9370
3564,-0.1262,-0.0239,0.9595
3565,-0.1355,-0.0261,0.9543
3566,-0.0974,0.0144,0.9661
3567,0.0142,0.0447,0.9739
3568,0.1189,0.0022,0.9751
3569,0.1765,-0.0156,0.9709
3570,0.0745,0.0259,0.9741
3571,-0.0063,-0.0032,0.9583
3572,-0.1328,-0.0562,0.9758
3573,-0.1804,-0.0273,0.9817
3574,-0.0972,-0.0027,0.9697
3575,-0.0154,0.0042,0.9700
3576,0.0815,0.0234,0.9612
3577,0.1462,-0.0103,0.9553
3578,0.0669,0.0149,0.9722
3579,-0.0085,0.0085,0.9446
3580,-0.0425,-0.0034,0.9917
3581,-0.1118,-0.0596,0.9771
3582,-0.1084,-0.0420,0.9731
3583,-0.0615,-0.0146,0.9670
3584,0.0237,-0.0073,0.9556
3585,0.0845,0.0242,0.9563
3586,0.1033,0.0742,0.9741
3587,0.0571,-0.0002,0.9771
3588,-0.0269,-0.0427,0.9768
3589,-0.1042,0.0242,0.9797
3590,-0.1538,0.0334,0.9487
3591,-0.0942,-0.0801,0.9595
3592,0.0518,-0.0701,0.9944
3593,0.1174,-0.0156,0.9575
3594,0.1379,0.0439,0.9761
3595,0.0825,0.0273,0.9465
3596,-0.0889,0.0073,0.9771
3597,-0.1646,-0.0088,0.9497
3598,-0.1528,-0.0144,0.9634
3599,-0.1182,0.0393,0.9712
3600,0.0410,-0.0132,0.9495
3601,0.1577,-0.0122,0.9993
3602,0.1587,-0.0542,0.9602
3603,0.0977,-0.0044,0.9956
3604,-0.0234,-0.0002,0.9690
3605,-0.1716,0.0088,0.9612
3606,-0.2000,-0.0081,0.9465
3607,-0.1326,-0.0127,0.9709
3608,0.0085,0.0288,0.9712
3609,0.1624,0.0239,0.9485
3610,0.1919,0.0107,0.9739
3611,0.1335,-0.0525,0.9651
3612,0.0059,-0.0193,0.9875
3613,-0.1611,-0.0349,0.9546
3614,-0.2124,-0.0354,0.9634
3615,-0.1929,0.0449,0.9692
3616,-0.0610,-0.0081,0.9504
3617,0.1174,-0.0176,0.9888
3618,0.1826,0.0396,0.9702
3619,0.1843,0.0471,0.9653
3620,0.1003,-0.0159,0.9585
3621,-0.0286,-0.0403,0.9712
3622,-0.1421,-0.0642,0.9624
3623,-0.2498,-0.0247,0.9680
3624,-0.1860,0.0601,0.9575
3625,-0.0793,-0.0325,0.9585
3626,0.0459,-0.0283,0.9934
3627,0.2134,0.0049,0.9612
3628,0.2439,0.0564,0.9670
3629,0.1421,0.0144,0.9534
3630,-0.0249,-0.0325,0.9612
3631,-0.1719,-0.0347,0.9673
3632,-0.2593,-0.0195,0.9653
3633,-0.2002,0.0500,0.9690
3634,-0.0464,-0.0200,0.9763
3635,0.0964,-0.0466,0.9858
3636,0.1917,-0.0117,0.9780
3637,0.1926,0.0371,0.9583
3638,0.0598,-0.0093,0.9426
3639,-0.0613,0.0146,0.9604
3640,-0.1040,-0.0300,0.9546
3641,-0.1790,-0.0327,0.9858
3642,-0.1169,0.0398,0.9661
3643,-0.0178,-0.0024,0.9846
3644,0.0212,-0.0535,0.9731
3645,0.1116,-0.0295,0.9602
3646,0.1313,0.0261,0.9663
3647,0.0527,-0.0220,0.9602
3648,0.0139,0.0254,0.9839
3649,-0.1040,-0.0103,0.9663
3650,-0.1619,0.0144,0.9631
3651,-0.0859,-0.0012,0.9446
3652,-0.0227,-0.0005,0.9797
3653,0.0471,-0.0173,0.9731
3654,0.1157,-0.0520,0.9788
3655,0.1003,-0.0059,0.9817
3656,0.0200,-0.0093,0.9485
3657,-0.0686,0.0142,0.9709
3658,-0.0972,0.0107,0.9575
3659,-0.1428,-0.0173,0.9592
3660,-0.0500,0.0393,0.9817
3661,0.0276,-0.0010,0.9604
3662,0.1025,-0.0049,0.9810
3663,0.1184,-0.0071,0.9692
3664,0.0791,-0.0435,0.9592
3665,-0.0452,-0.0261,0.9722
3666,-0.0896,-0.0012,0.9641
3667,-0.1528,0.0046,0.9800
3668,-0.0808,-0.0027,0.9573
3669,-0.0073,-0.0010,0.9758
3670,0.0845,0.0027,0.9700
3671,0.1194,0.0022,0.9604
3672,0.0715,0.0159,0.9622
3673,-0.0203,-0.0037,0.9673
3674,-0.0581,-0.0334,0.9771
3675,-0.1165,0.0000,0.9702
3676,-0.0728,-0.0088,0.9490
3677,-0.0359,-0.0081,0.9849
3678,0.0137,-0.0249,0.9553
3679,0.0803,0.0112,0.9751
3680,0.0510,0.0129,0.9778
3681,0.0535,-0.0442,0.9692
3682,0.0273,-0.0220,0.9758
3683,-0.0798,0.0732,0.9456
3684,-0.0786,0.0112,0.9397
3685,-0.0625,-0.0854,0.9790
3686,-0.0479,0.0088,1.0022
3687,0.0288,0.0347,0.9524
3688,0.0325,0.0120,0.9761
3689,0.0513,-0.0347,0.9624
3690,0.0115,-0.0674,0.9690
3691,-0.0300,0.0142,0.9797
3692,-0.0305,0.0264,0.9565
3693,-0.0242,-0.0042,0.9771
3694,-0.0420,-0.0437,0.9634
3695,-0.0029,0.0017,0.9700
3696,-0.0200,0.0078,0.9624
3697,0.0015,0.0559,0.9644
3698,0.0215,0.0178,0.9543
3699,0.0325,-0.0481,0.9709
3700,0.0125,-0.0298,0.9846
3701,0.0198,0.0000,0.9690
3702,-0.0647,0.0164,0.9731
3703,-0.1277,-0.0569,0.9534
3704,-0.0793,-0.0557,0.9875
3705,-0.0178,-0.0088,0.9556
3706,0.0632,0.0591,0.9604
3707,0.1226,0.0266,0.9556
3708,0.0874,0.0164,0.9670
3709,0.0000,0.0247,0.9670
3710,-0.0613,-0.0107,0.9683
3711,-0.1367,-0.0203,0.9839
3712,-0.1038,-0.0415,0.9741
3713,-0.0530,-0.0417,0.9817
3714,0.0208,-0.0244,0.9622
3715,0.0750,-0.0237,0.9585
3716,0.1045,0.0176,0.9636
3717,0.0356,0.0354,0.9595
3718,-0.0176,0.0403,0.9622
3719,-0.0610,0.0049,0.9670
3720,-0.0869,0.0022,0.9565
3721,-0.0774,-0.0513,0.9631
3722,-0.0251,-0.0308,0.9797
3723,0.0005,0.0242,0.9839
3724,0.0500,-0.0193,0.9702
3725,0.0891,-0.0264,0.9788
3726,0.0415,0.0012,0.9653
3727,-0.0098,0.0125,0.9563
3728,-0.0789,0.0168,0.9622
3729,-0.0896,0.0056,0.9495
3730,-0.0820,-0.0366,0.9670
3731,-0.0178,-0.0112,0.9731
3732,0.0537,0.0132,0.9585
3733,0.0698,0.0024,0.9897
3734,0.0781,-0.0264,0.9836
3735,-0.0039,-0.0217,0.9751
3736,-0.0815,-0.0015,0.9683
3737,-0.0815,0.0010,0.9585
3738,-0.0891,-0.0005,0.9651
3739,0.0115,0.0142,0.9565
3740,0.0664,0.0234,0.9700
3741,0.0371,-0.0024,0.9712
3742,0.0183,0.0093,0.9731
3743,-0.0283,-0.0022,0.9739
3744,-0.0645,-0.0605,0.9612
3745,-0.0103,-0.0469,0.9771
3746,-0.0330,-0.0295,0.9702
3747,-0.0061,-0.0071,0.9448
3748,0.0063,0.0420,0.9734
3749,0.0078,0.0378,0.9670
3750,0.0186,-0.0139,0.9712
3751,0.0056,0.0042,0.9749
3752,0.0063,0.0195,0.9585
3753,-0.0603,-0.0210,0.9622
3754,-0.0840,-0.0110,0.9719
3755,-0.0405,-0.0437,0.9790
3756,-0.0034,-0.0527,0.9771
3757,0.0522,0.0242,0.9810
3758,0.0872,0.0471,0.9495
3759,0.0200,-0.0571,0.9534
3760,-0.0195,0.0266,0.9670
3761,-0.0874,0.0535,0.9517
3762,-0.1030,-0.0073,0.9775
3763,-0.0405,-0.0295,0.9680
3764,0.0271,-0.0144,0.9878
3765,0.0659,-0.0046,0.9692
3766,0.0510,-0.0437,0.9729
3767,0.0215,-0.0063,0.9827
3768,-0.0417,-0.0305,0.9426
3769,-0.1040,0.0381,0.9670
3770,-0.0640,0.0173,0.9417
3771,-0.0408,-0.0129,0.9797
3772,0.0151,0.0425,0.9634
3773,0.0830,0.0095,0.9526
3774,0.0745,-0.0166,0.9878
3775,0.0391,-0.0588,0.9709
3776,0.0120,-0.0244,0.9868
3777,-0.0938,-0.0498,0.9575
3778,-0.0933,0.0161,0.9634
3779,-0.0894,0.0151,0.9573
3780,-0.0732,0.0005,0.9653
3781,0.0129,0.0349,0.9673
3782,0.0430,0.0317,0.9563
3783,0.0823,0.0256,0.9670
3784,0.0806,-0.0347,0.9592
3785,0.0225,-0.0051,0.9897
3786,-0.0332,-0.0474,0.9712
3787,-0.0901,-0.0413,0.9768
3788,-0.0945,-0.0220,0.9690
3789,-0.0620,-0.0044,0.9602
3790,0.0120,0.0242,0.9634
3791,0.0447,0.0205,0.9634
3792,0.0710,0.0095,0.9651
3793,0.0134,-0.0225,0.9624
3794,-0.0476,0.0405,0.9612
3795,-0.0798,0.0151,0.9504
3796,-0.0669,-0.0735,0.9810
3797,-0.0034,-0.0562,0.9768
3798,0.0283,0.0205,0.9751
3799,0.0393,0.0464,0.9702
3800,0.0632,-0.0144,0.9692
3801,-0.0083,-0.0347,0.9807
3802,-0.0569,-0.0117,0.9631
3803,-0.0793,0.0186,0.9622
3804,-0.0723,0.0288,0.9651
3805,-0.0410,-0.0283,0.9573
3806,0.0713,0.0029,0.9739
3807,0.0854,-0.0037,0.9612
3808,0.0620,-0.0149,0.9673
3809,-0.0020,-0.0190,0.9651
3810,-0.0686,0.0054,0.9719
3811,-0.1367,-0.0261,0.9622
3812,-0.0923,0.0049,0.9868
3813,-0.0369,-0.0132,0.9644
3814,0.0374,-0.0027,0.9624
3815,0.0854,0.0635,0.9639
3816,0.1211,0.0095,0.9612
3817,0.0515,-0.0625,0.9849
3818,0.0142,-0.0386,0.9905
3819,-0.1118,0.0146,0.9604
3820,-0.1731,-0.0061,0.9409
3821,-0.1431,-0.0430,0.9604
3822,-0.0554,-0.0251,0.9663
3823,0.0574,0.0496,0.9788
3824,0.1868,0.0549,0.9614
3825,0.1792,0.0291,0.9719
3826,0.0605,-0.0256,0.9612
3827,-0.0498,-0.0188,0.9749
3828,-0.1694,-0.0359,0.9751
3829,-0.2048,-0.0132,0.9729
3830,-0.1223,-0.0479,0.9692
3831,-0.0225,-0.0217,0.9924
3832,0.0742,0.0081,0.9553
3833,0.1936,0.0312,0.9565
3834,0.1528,0.0012,0.9504
3835,0.0452,0.0183,0.9409
3836,-0.0635,0.0312,0.9741
3837,-0.1526,-0.0020,0.9768
3838,-0.1567,-0.0327,0.9878
3839,-0.1108,-0.0339,0.9836
3840,0.0029,-0.0615,0.9670
3841,0.0996,-0.0054,0.9790
3842,0.1021,0.0398,0.9497
3843,0.0981,0.0095,0.9700
3844,0.0105,-0.0217,0.9646
3845,-0.0601,0.0195,0.9661
3846,-0.1187,0.0610,0.9487
3847,-0.1042,-0.0188,0.9387
3848,-0.0540,-0.0654,0.9878
3849,0.0195,-0.0527,0.9875
3850,0.0432,0.0154,0.9797
3851,0.0854,-0.0095,0.9573
3852,0.0571,-0.0161,0.9868
3853,-0.0110,0.0071,0.9556
3854,-0.0425,0.0215,0.9604
3855,-0.0962,0.0356,0.9517
3856,-0.0959,0.0208,0.9663
3857,-0.0425,-0.0476,0.9692
3858,-0.0093,-0.0308,0.9827
3859,0.0505,0.0054,0.9817
3860,0.1052,-0.0366,0.9417
3861,0.0671,-0.0413,0.9836
3862,0.0454,0.0129,0.9651
3863,-0.0527,-0.0022,0.9543
3864,-0.1211,0.0471,0.9790
3865,-0.1152,-0.0056,0.9526
3866,-0.0691,-0.0144,0.9983
3867,-0.0117,-0.0134,0.9563
3868,0.0728,-0.0037,0.9602
3869,0.0837,0.0251,0.9771
3870,0.0410,-0.0269,0.9543
3871,0.0308,-0.0215,0.9944
3872,-0.0232,-0.0166,0.9680
3873,-0.0640,0.0173,0.9517
3874,-0.0469,0.0015,0.9507
3875,-0.0596,-0.0239,0.9780
3876,-0.0623,0.0259,0.9751
3877,0.0161,-0.0149,0.9546
3878,0.0483,-0.0034,1.0020
3879,0.0623,-0.0117,0.9487
3880,0.0220,-0.0120,0.9846
3881,-0.0159,-0.0120,0.9595
3882,-0.0757,-0.0381,0.9634
3883,-0.0789,0.0159,0.9680
3884,-0.0515,0.0015,0.9553
3885,0.0176,0.0261,0.9634
3886,0.0515,-0.0198,0.9612
3887,0.0579,0.0242,0.9895
3888,0.0132,0.0007,0.9578
3889,-0.0273,-0.0146,0.9819
3890,-0.0764,-0.0225,0.9712
3891,-0.0601,-0.0547,0.9641
3892,-0.0188,0.0037,0.9749
3893,0.0046,-0.0007,0.9565
3894,0.0608,0.0115,0.9839
3895,0.0110,-0.0195,0.9553
3896,0.0115,0.0447,0.9661
3897,-0.0481,0.0117,0.9573
3898,-0.0513,-0.0056,0.9653
3899,-0.0549,-0.0266,0.9673
3900,-0.0190,0.0137,0.9729
3901,0.0254,0.0054,0.9644
3902,0.0557,-0.0530,0.9663
3903,0.0298,-0.0220,1.0100
3904,0.0405,0.0127,0.9661
3905,-0.0312,-0.0061,0.9604
3906,-0.0583,-0.0408,0.9600
3907,-0.0933,-0.0237,0.9556
3908,-0.0647,0.0359,0.9680
3909,-0.0195,0.0598,0.9397
3910,0.0630,-0.0037,0.9712
3911,0.0908,-0.0356,0.9973
3912,0.0413,-0.0090,0.9565
3913,-0.0144,0.0527,0.9885
3914,-0.0427,-0.0254,0.9546
3915,-0.0964,-0.0608,0.9866
3916,-0.0432,-0.0281,0.9729
3917,0.0000,0.0042,0.9602
3918,0.0171,0.0081,0.9556
3919,0.0298,0.0249,0.9644
3920,0.0215,0.0134,0.9749
3921,-0.0249,-0.0173,0.9653
3922,-0.0146,-0.0134,0.9663
3923,-0.0159,-0.0020,0.9661
3924,-0.0098,0.0139,0.9604
3925,-0.0276,-0.0239,0.9644
3926,-0.0134,-0.0374,0.9836
3927,-0.0229,-0.0398,0.9709
3928,0.0071,0.0452,0.9749
3929,0.0256,0.0388,0.9585
3930,0.0022,-0.0442,0.9758
3931,-0.0183,0.0010,0.9768
3932,-0.0369,0.0017,0.9514
3933,-0.0344,0.0195,0.9702
3934,-0.0195,-0.0239,0.9463
3935,-0.0005,-0.0227,0.9810
3936,0.0669,-0.0183,0.9614
3937,0.0161,0.0034,0.9631
3938,0.0171,0.0405,0.9709
3939,-0.0344,-0.0288,0.9680
3940,-0.1021,0.0063,0.9878
3941,-0.0693,0.0049,0.9602
3942,-0.0732,-0.0181,0.9692
3943,0.0120,-0.0149,0.9663
3944,0.1311,-0.0332,0.9653
3945,0.0811,-0.0122,0.9739
3946,0.0740,0.0125,0.9612
3947,-0.0303,-0.0085,0.9641
3948,-0.1531,0.0073,0.9761
3949,-0.1357,0.0295,0.9504
3950,-0.0793,-0.0125,0.9536
3951,0.0027,-0.0010,0.9751
3952,0.1421,0.0059,0.9690
3953,0.1301,-0.0015,1.0015
3954,0.0715,-0.0391,0.9622
3955,-0.0237,-0.0288,0.9780
3956,-0.1299,-0.0276,0.9771
3957,-0.1680,-0.0112,0.9436
3958,-0.0935,0.0166,0.9526
3959,-0.0098,0.0151,0.9614
3960,0.1191,-0.0139,0.9666
3961,0.1240,0.0305,0.9849
3962,0.0884,0.0315,0.9482
3963,-0.0154,0.0256,0.9768
3964,-0.0977,-0.0422,0.9575
3965,-0.1519,-0.0454,0.9800
3966,-0.0891,-0.0271,0.9709
3967,-0.0222,-0.0137,0.9797
3968,0.0610,-0.0115,0.9661
3969,0.1028,-0.0129,0.9807
3970,0.0981,0.0168,0.9575
3971,0.0032,-0.0063,0.9507
3972,-0.0222,0.0554,0.9653
3973,-0.1309,0.0078,0.9233
3974,-0.1243,-0.0413,0.9827
3975,-0.0566,-0.0415,0.9810
3976,0.0022,0.0071,0.9780
3977,0.0886,0.0476,0.9690
3978,0.1138,-0.0320,0.9622
3979,0.0576,-0.0552,0.9966
3980,-0.0007,-0.0347,0.9612
3981,-0.0916,0.0898,0.9739
3982,-0.1267,-0.0005,0.9309
3983,-0.0791,-0.0542,0.9915
3984,-0.0146,-0.0205,0.9636
3985,0.0386,0.0215,0.9583
3986,0.0762,0.0205,0.9749
3987,0.0957,0.0029,0.9517
3988,0.0134,-0.0273,0.9788
3989,-0.0271,-0.0452,0.9644
3990,-0.1072,0.0076,0.9792
3991,-0.1394,0.0303,0.9631
3992,-0.0762,-0.0134,0.9683
3993,0.0237,-0.0396,0.9836
3994,0.0947,-0.0254,0.9661
3995,0.1687,0.0771,0.9634
3996,0.0803,0.0078,0.9446
3997,-0.0354,-0.0300,0.9780
3998,-0.2007,-0.0381,0.9712
3999,-0.1826,-0.0015,0.9827
4000,-0.1299,-0.0281,0.9534
4001,0.0261,0.0281,0.9614
4002,0.1760,0.0166,0.9487
4003,0.1931,-0.0518,0.9661
4004,0.1287,0.0247,1.0071
4005,-0.0144,0.0198,0.9614
4006,-0.1707,0.0295,0.9849
4007,-0.2314,-0.0486,0.9458
4008,-0.1475,-0.0356,0.9907
4009,-0.0466,-0.0320,0.9500
4010,0.1213,0.0300,0.9526
4011,0.2180,0.0476,0.9702
4012,0.1365,-0.0425,0.9651
4013,0.0371,-0.0083,0.9897
4014,-0.0767,0.0112,0.9634
4015,-0.2021,-0.0032,0.9565
4016,-0.1938,-0.0352,0.9497
4017,-0.0762,-0.0044,0.9817
4018,0.0327,0.0034,0.9690
4019,0.1663,-0.0298,0.9741
4020,0.2039,0.0322,1.0071
4021,0.0430,0.0093,0.9487
4022,-0.0706,0.0166,0.9612
4023,-0.1421,-0.0215,0.9556
4024,-0.1941,-0.0161,0.9602
4025,-0.0437,0.0217,0.9651
4026,0.0486,-0.0300,0.9800
4027,0.1008,-0.0300,0.9863
4028,0.1128,-0.0122,0.9692
4029,0.0400,0.0176,0.9683
4030,-0.0718,-0.0288,0.9390
4031,-0.1040,-0.0054,0.9624
4032,-0.1167,0.0286,0.9661
4033,-0.0488,0.0083,0.9612
4034,0.0144,-0.0007,0.9846
4035,0.0991,0.0200,0.9856
4036,0.0793,0.0044,0.9595
4037,0.0703,-0.0320,0.9534
4038,-0.0151,-0.0483,0.9541
4039,-0.1187,-0.0288,0.9729
4040,-0.1262,0.0278,0.9741
4041,-0.1426,-0.0173,0.9788
4042,-0.0056,0.0051,0.9873
4043,0.1362,-0.0122,0.9475
4044,0.1528,0.0212,0.9626
4045,0.1458,0.0356,0.9478
4046,-0.0361,-0.0090,0.9731
4047,-0.1741,-0.0210,0.9858
4048,-0.2192,-0.0337,0.9702
4049,-0.1646,0.0159,0.9829
4050,0.0220,0.0042,0.9556
4051,0.1389,-0.0103,0.9692
4052,0.1936,-0.0249,0.9663
4053,0.1494,-0.0054,0.9644
4054,0.0039,-0.0081,0.9670
4055,-0.1003,0.0178,0.9719
4056,-0.2122,-0.0146,0.9563
4057,-0.1426,-0.0090,0.9714
4058,-0.1096,-0.0291,0.9644
4059,-0.0017,0.0139,0.9924
4060,0.1396,0.0151,0.9641
4061,0.1719,-0.0623,0.9583
4062,0.1379,0.0254,0.9780
4063,0.0725,0.0103,0.9358
4064,-0.1345,0.0381,0.9924
4065,-0.1968,0.0032,0.9468
4066,-0.2180,-0.0300,0.9934
4067,-0.1167,-0.0186,0.9849
4068,0.0488,-0.0469,0.9575
4069,0.1831,-0.0034,0.9875
4070,0.1970,-0.0120,0.9426
4071,0.1304,0.0078,0.9700
4072,-0.0205,0.0029,0.9673
4073,-0.1724,0.0068,0.9624
4074,-0.1965,0.0332,0.9585
4075,-0.1409,-0.0188,0.9661
4076,-0.0342,0.0134,0.9846
4077,0.1184,-0.0671,0.9644
4078,0.1282,-0.0037,0.9849
4079,0.1238,-0.0042,0.9536
4080,0.0188,0.0000,0.9788
4081,-0.1262,0.0071,0.9690
4082,-0.1367,-0.0132,0.9670
4083,-0.1111,0.0210,0.9690
4084,-0.0413,0.0068,0.9634
4085,0.0850,0.0122,0.9534
4086,0.1226,-0.0466,0.9612
4087,0.0784,-0.0400,0.9731
4088,0.0510,-0.0007,0.9692
4089,-0.0879,0.0054,0.9719
4090,-0.1104,-0.0049,0.9546
4091,-0.1008,-0.0049,0.9775
4092,-0.0752,0.0305,0.9712
4093,-0.0217,0.0083,0.9644
4094,0.0627,0.0190,0.9819
4095,0.0579,-0.0107,0.9604
4096,0.0845,-0.0444,0.9602
4097,0.0596,-0.0303,0.9797
4098,-0.0032,0.0090,0.9663
4099,-0.1003,-0.0020,0.9514
4100,-0.0828,-0.0007,0.9741
4101,-0.1194,-0.0168,0.9692
4102,-0.0559,0.0168,0.9614
4103,0.0447,0.0242,0.9744
4104,0.0425,-0.0459,0.9670
4105,0.0891,-0.0437,0.9771
4106,0.0686,0.0078,0.9653
4107,0.0400,0.0366,0.9546
4108,-0.0183,-0.0288,0.9456
4109,-0.0620,0.0107,0.9868
4110,-0.1304,0.0229,0.9712
4111,-0.1353,-0.0007,0.9731
4112,-0.0745,-0.0049,0.9817
4113,-0.0010,-0.0344,0.9553
4114,0.1448,-0.0088,0.9722
4115,0.1384,-0.0413,0.9514
4116,0.0911,0.0156,0.9827
4117,0.0051,-0.0034,0.9595
4118,-0.1304,0.0105,0.9739
4119,-0.1362,-0.0061,0.9614
4120,-0.1033,-0.0317,0.9651
4121,-0.0476,0.0164,0.9631
4122,0.0515,0.0320,0.9585
4123,0.0598,-0.0068,0.9790
4124,0.0950,-0.0349,0.9731
4125,0.0398,-0.0022,0.9780
4126,-0.0010,0.0244,0.9653
4127,-0.0562,0.0022,0.9602
4128,-0.0933,-0.0332,0.9722
4129,-0.0620,-0.0613,0.9624
4130,-0.0439,-0.0120,0.9680
4131,0.0168,0.0806,0.9722
4132,0.0850,0.0071,0.9524
4133,0.0715,-0.0371,0.9827
4134,0.0588,-0.0107,0.9624
4135,-0.0396,-0.0039,0.9700
4136,-0.1208,0.0481,0.9661
4137,-0.1104,-0.0186,0.9409
4138,-0.1235,-0.0691,0.9927
4139,0.0076,-0.0120,0.9731
4140,0.0876,0.0278,0.9595
4141,0.1223,0.0442,0.9702
4142,0.1143,-0.0117,0.9575
4143,0.0024,-0.0400,0.9875
4144,-0.0742,0.0029,0.9751
4145,-0.1045,0.0144,0.9380
4146,-0.1013,-0.0327,0.9670
4147,-0.0522,-0.0342,0.9810
4148,-0.0454,-0.0178,0.9790
4149,0.0125,0.0103,0.9651
4150,0.0562,0.0508,0.9624
4151,0.1011,0.0215,0.9592
4152,0.1057,-0.0449,0.9634
4153,0.0605,0.0120,0.9751
4154,-0.0583,0.0154,0.9604
4155,-0.1714,-0.0105,0.9858
4156,-0.2073,-0.0554,0.9839
4157,-0.1143,-0.0422,0.9644
4158,0.0300,-0.0049,0.9573
4159,0.1653,0.0298,0.9546
Rate 1382, overflows 1
