Sample,X,Y,Z
0,-0.0898,-0.0596,0.9741
1,-0.3066,-0.0649,1.0559
2,-0.3906,-0.0344,1.1919
3,-0.3313,0.0298,1.1304
4,-0.1543,0.0178,1.1470
5,0.0710,-0.0227,1.1265
6,0.2727,0.1440,0.9390
7,0.3523,0.0432,0.9377
8,0.3513,-0.0247,0.8274
9,0.2947,-0.0930,0.6921
10,0.2039,-0.1731,0.8079
11,0.0796,-0.0715,0.8457
12,-0.1082,0.0232,0.8870
13,-0.3164,0.0430,1.0569
14,-0.4558,0.0840,1.1157
15,-0.4312,0.1382,1.1252
16,-0.2258,0.0757,1.1919
17,0.1243,-0.0093,1.1506
18,0.3472,-0.0645,1.0024
19,0.4302,-0.1042,0.9536
20,0.3269,-0.2024,0.9368
21,0.1357,-0.0505,0.7600
22,0.0115,-0.0530,0.8579
23,-0.0552,-0.0330,0.9016
24,-0.0518,0.2163,0.7883
25,-0.0139,0.1250,1.0161
26,-0.0571,0.1011,1.0415
27,-0.0933,0.1714,0.9504
28,-0.1121,0.0474,1.1606
29,-0.1282,-0.0400,1.0864
30,-0.0688,-0.0955,0.9407
31,-0.0491,-0.3030,1.0872
32,0.0474,-0.1436,0.9465
33,0.1677,-0.0149,0.8850
34,0.2310,0.0095,0.9858
35,0.2754,0.0908,0.8667
36,0.2751,0.0894,0.8416
37,0.1128,0.0508,0.9810
38,-0.0342,0.0842,0.9065
39,-0.1648,0.0603,0.9448
40,-0.2571,-0.0667,1.0669
41,-0.2061,0.0278,0.9807
42,-0.1611,-0.0583,1.0415
43,-0.0461,0.0330,1.0676
44,0.0403,0.0547,0.9797
45,0.1082,0.0872,0.9719
46,0.1777,0.0308,0.9868
47,0.2402,-0.0542,0.8618
48,0.2332,-0.1418,0.8547
49,0.1899,-0.2065,0.9077
50,0.1018,-0.0723,0.8716
51,-0.0271,-0.0232,0.9622
52,-0.1401,0.0364,1.0188
53,-0.2043,0.0610,0.9993
54,-0.1721,0.1084,1.0608
55,-0.0818,0.1477,1.0591
56,0.0215,0.1584,1.0276
57,0.0962,0.0769,0.9985
58,0.1055,0.0042,0.9224
59,0.0627,-0.1323,0.9097
60,0.0481,-0.1450,0.8735
61,0.0845,-0.1089,0.8569
62,0.1189,-0.0750,0.9175
63,0.1497,0.0288,0.9133
64,0.1116,0.0750,0.9614
65,0.0554,0.0825,1.0247
66,-0.0452,0.0928,1.0337
67,-0.1157,0.1079,1.0256
68,-0.1208,0.0137,1.0659
69,-0.1042,-0.0552,0.9995
70,-0.0540,-0.0735,0.9573
71,-0.0229,-0.1279,0.9839
72,0.0303,-0.0369,0.8794
73,0.1108,-0.0181,0.9067
74,0.1531,0.0046,0.9172
75,0.2087,0.0925,0.8577
76,0.1851,0.0010,0.9722
77,0.1016,0.0488,0.9377
78,0.0171,0.0579,0.9609
79,-0.0977,0.0110,1.0520
80,-0.1487,0.0706,1.0220
81,-0.1333,0.0259,1.0266
82,-0.1316,-0.0278,1.0396
83,-0.0476,-0.0464,0.9761
84,0.0381,-0.0454,0.9536
85,0.1008,-0.0332,0.9487
86,0.1824,-0.0388,0.9231
87,0.1777,-0.0320,0.9146
88,0.1396,-0.0166,0.9370
89,0.0889,-0.0063,0.9487
90,0.0032,0.0508,0.9495
91,-0.0630,0.0879,0.9807
92,-0.0718,0.1106,0.9917
93,-0.0913,0.0510,0.9956
94,-0.0625,0.0283,0.9709
95,-0.0425,-0.0723,1.0024
96,-0.0103,-0.1121,0.9915
97,0.0100,-0.0637,0.9634
98,0.0366,-0.0828,1.0237
99,0.0518,-0.0239,0.9888
100,0.0964,0.0552,0.9426
101,0.1899,0.0654,1.0024
102,-0.3694,0.0425,0.9712
103,-1.9978,0.0122,1.1311
104,-1.9978,0.1487,1.0754
105,-1.9978,-0.3806,1.3000
106,-1.9978,0.0620,0.6047
107,-1.3577,-0.0293,0.8091
108,1.8157,-0.2515,1.1079
109,1.9998,0.1931,0.3149
110,1.9998,-0.4465,0.6858
111,1.9998,-0.3086,0.9194
112,1.9998,0.0635,0.8335
113,-0.8359,-0.0388,1.5735
114,-1.9978,-0.1975,1.8899
115,-1.9978,0.4600,1.1409
116,-1.9978,0.7593,1.2375
117,-1.4106,0.3511,1.2971
118,1.0371,0.7439,0.3687
119,1.8667,0.1096,0.7007
120,1.0132,-0.0791,0.6519
121,-0.8567,-0.2324,0.0415
122,-1.9980,-0.9165,0.7124
123,-1.9980,-0.8970,1.0298
124,-1.7581,-0.4517,1.0239
125,0.0334,-0.1777,1.8098
126,1.8333,0.2800,1.8501
127,1.9998,0.6235,1.5325
128,1.7905,0.8064,1.3618
129,0.5247,0.9441,0.8677
130,-0.9026,0.5876,0.2412
131,-1.6565,0.1187,0.0020
132,-1.2036,-0.7356,0.2295
133,-0.1111,-1.0100,0.3665
134,0.9067,-1.0659,0.9204
135,1.2839,-1.0149,1.6223
136,0.8210,-0.1719,1.6731
137,-0.1099,0.5374,1.9285
138,-0.8918,1.1824,1.9175
139,-1.0015,1.5171,1.2864
140,-0.4270,1.0134,0.9038
141,0.6392,0.3826,0.3286
142,1.6616,-0.2661,-0.1785
143,1.9998,-0.9153,-0.0374
144,1.6101,-1.2561,0.1829
145,0.5095,-1.2483,0.5872
146,-0.8049,-0.9702,1.3052
147,-1.7825,-0.2427,1.7515
148,-1.9978,0.6689,1.9727
149,-1.7131,1.2615,1.9998
150,-0.8167,1.6218,1.7456
151,0.1074,1.1697,1.2017
152,0.7690,0.3992,0.6245
153,1.0122,-0.5645,0.0933
154,0.9810,-1.2192,-0.1494
155,0.7466,-1.5024,-0.1025
156,0.5435,-1.2974,0.2349
157,0.3914,-0.6975,0.7668
158,0.2710,0.2537,1.3491
159,0.0647,0.9802,1.8943
160,-0.2551,1.5359,1.9819
161,-0.6821,1.4536,1.9260
162,-1.0435,1.0347,1.6096
163,-1.1731,0.4277,1.0933
164,-1.0288,-0.5286,0.6292
165,-0.6731,-1.2886,0.2524
166,-0.0691,-1.6724,0.0320
167,0.5474,-1.3735,0.1514
168,0.8657,-0.8013,0.5200
169,0.9741,0.0715,0.8706
170,0.8003,0.7253,1.3325
171,0.4607,1.3267,1.5608
172,0.0864,1.4185,1.6790
173,-0.1152,1.1531,1.5171
174,-0.2102,0.4287,1.2603
175,-0.1523,-0.4094,0.9319
176,0.0132,-0.9507,0.6128
177,0.1130,-1.2844,0.5208
178,0.1575,-1.0374,0.5042
179,0.1863,-0.5520,0.6545
180,0.1445,0.0215,0.9504
181,0.1704,0.6589,1.0630
182,0.1572,0.9761,1.2102
183,0.1108,0.9480,1.3003
184,0.1177,0.7390,1.1421
185,0.0232,0.1868,1.1038
186,-0.2197,-0.3059,0.9182
187,-0.4214,-0.6770,0.7620
188,-0.5913,-0.9231,0.7991
189,-0.6887,-0.7358,0.7524
190,-0.6611,-0.4172,0.8899
191,-0.4778,-0.0046,1.0278
192,-0.2505,0.5366,0.9954
193,0.0632,0.6794,1.1567
194,0.4062,0.6570,1.1431
195,0.6941,0.4634,0.9910
196,0.8569,0.0349,1.0171
197,0.8159,-0.3027,0.8750
198,0.6411,-0.5366,0.7681
199,0.3176,-0.5503,0.8564
200,-0.0886,-0.3535,0.9028
201,-0.4641,0.0696,0.9263
202,-0.7131,0.3831,1.0913
203,-0.8403,0.5327,1.1243
204,-0.7454,0.5154,1.0552
205,-0.4788,0.2473,1.0835
206,-0.1311,-0.0154,0.9475
207,0.2095,-0.2222,0.8281
208,0.4009,-0.3984,0.8804
209,0.4575,-0.3853,0.8159
210,0.3823,-0.2544,0.8345
211,0.1550,-0.2378,0.9802
212,-0.0488,0.0278,0.9319
213,-0.1177,0.0964,1.0923
214,-0.1357,0.2058,1.1626
215,0.0000,0.4395,1.0686
216,0.1504,0.2065,1.1497
217,0.2429,0.1365,0.9348
218,0.2703,-0.1089,0.8284
219,0.2495,-0.2808,0.8589
220,0.2329,-0.1978,0.7485
221,0.2185,-0.1189,0.8401
222,0.2434,0.0269,0.9497
223,0.2578,0.1140,0.9897
224,0.1978,0.1677,1.0972
225,0.0251,0.1665,1.1450
226,-0.1875,0.1248,1.1196
227,-0.4512,0.0349,1.0833
228,-0.6155,0.0105,1.0054
229,-0.6226,-0.1438,0.9387
230,-0.5071,-0.1968,0.8091
231,-0.2607,-0.2100,0.7896
232,-0.0452,-0.2356,0.8352
233,0.1021,-0.0444,0.8530
234,0.1160,-0.0171,0.9846
235,0.0955,0.0730,1.0706
236,0.0730,0.1450,1.0842
237,0.1475,0.2351,1.1157
238,0.2722,0.2185,1.1204
239,0.3770,0.2192,0.9670
240,0.4392,0.0994,0.9631
241,0.3464,-0.0718,0.9202
242,0.1809,-0.0586,0.8276
243,-0.0520,-0.2073,0.9387
244,-0.2603,-0.1680,0.9075
245,-0.4136,-0.1445,0.9075
246,-0.4568,-0.0540,1.0317
247,-0.4243,0.0627,1.0413
248,-0.3181,0.1492,1.0308
249,-0.2151,0.0791,1.0796
250,-0.1074,0.1125,0.9915
251,0.0095,0.0261,0.9563
252,0.0852,-0.0757,0.9524
253,0.1587,-0.1499,0.8726
254,0.1760,-0.1809,0.9104
255,0.2188,-0.1233,0.9543
256,0.2224,-0.0020,0.9504
257,0.1802,0.0276,1.0073
258,0.2222,0.0632,1.0405
259,0.2571,0.1255,0.9995
260,0.2893,0.1306,1.0454
261,0.3325,0.1140,1.0181
262,0.3132,0.1150,0.9670
263,0.2510,-0.0149,0.9897
264,0.1750,-0.0859,0.9155
265,-0.0095,-0.1587,0.9116
266,-0.1211,-0.1077,0.9260
267,-0.2717,-0.0232,0.9585
268,-0.3813,0.0918,0.9456
269,-0.3787,0.0806,1.0210
270,-0.3799,-0.0107,1.0374
271,-0.2676,0.0869,0.9661
272,-0.1543,-0.1099,1.0708
273,-0.0769,-0.0383,0.9583
274,-0.0085,-0.1038,0.9348
275,0.0085,-0.1370,1.0151
276,0.0122,-0.0745,0.9153
277,-0.0007,-0.0586,0.9397
278,-0.0063,0.0205,0.9573
279,0.0520,0.1250,0.9487
280,0.1370,0.1138,0.9846
281,0.2102,0.1235,0.9778
282,0.2979,-0.0007,1.0122
283,0.3301,0.0371,0.9634
284,0.3416,0.0298,1.0042
285,0.2327,0.0107,1.0188
286,0.0593,0.0654,0.9448
287,-0.1030,-0.0107,1.0239
288,-0.3245,-0.0352,0.9644
289,-0.4692,-0.0168,0.9075
290,-0.4819,-0.1726,0.9983
291,-0.3821,-0.0420,0.8892
292,-0.2639,-0.0825,0.9370
293,-0.0781,-0.0496,1.0081
294,0.0552,-0.0137,0.9087
295,0.1152,-0.0449,0.9846
296,0.1287,-0.0439,1.0403
297,0.1567,0.1091,0.9595
298,0.1721,0.1199,1.0571
299,0.2361,0.1897,1.0178
300,0.2820,0.0857,0.9368
301,0.3718,-0.0295,0.9622
302,0.4697,-0.0999,0.9204
303,0.4312,-0.0776,0.8696
304,0.3691,-0.1157,0.9282
305,0.2319,-0.0852,0.9380
306,0.0303,-0.0237,0.9543
307,-0.1174,0.0520,1.0649
308,-0.2095,0.0967,1.0784
309,-0.2332,0.1692,1.0093
310,-0.2341,0.0664,1.0559
311,-0.2083,0.0178,0.9751
312,-0.1621,0.0239,0.9077
313,-0.1440,-0.1169,0.9163
314,-0.1606,-0.1580,0.8235
315,-0.1650,-0.2129,0.8469
316,-0.1670,-0.1140,0.9309
317,-0.1438,0.0017,0.9749
318,-0.0686,0.0364,1.0171
319,0.0166,0.0435,1.0571
320,0.0654,0.0808,1.0610
321,0.1560,0.1467,1.0667
322,0.2026,0.0767,1.0542
323,0.2231,0.0745,0.9243
324,0.2344,-0.0244,0.9224
325,0.2449,-0.0171,0.8723
326,0.2898,-0.0410,0.8474
327,0.2139,-0.1260,0.9199
328,0.1255,0.0076,0.8960
329,-0.0212,-0.0007,0.9985
330,-0.1914,0.0669,1.0540
331,-0.3274,0.0833,1.0298
332,-0.3599,0.0066,1.0540
333,-0.3354,-0.0325,0.9924
334,-0.1936,-0.0203,0.9524
335,-0.0845,-0.0549,0.9504
336,0.0120,-0.0239,0.8862
337,0.0403,-0.0527,0.9446
338,-0.0046,-0.0203,0.9175
339,-0.0693,-0.0002,0.9387
340,-0.0945,-0.1030,1.0229
341,0.0044,0.0596,0.9553
342,0.2087,0.0513,1.0354
343,0.3843,0.1340,1.0332
344,0.5359,0.1492,0.9221
345,0.6323,0.0249,0.9556
346,0.5710,-0.0500,0.9094
347,0.4253,-0.0669,0.8804
348,0.2095,-0.1101,0.9810
349,-0.0505,-0.0334,0.9556
350,-0.2126,0.0144,0.9897
351,-0.3667,-0.0676,1.0745
352,-0.3784,0.0344,1.0129
353,-0.3313,-0.0469,1.0288
354,-0.2612,0.0967,0.9739
355,-0.1692,0.0713,0.9634
356,-0.0410,0.1128,0.8889
357,-0.0232,0.0166,0.9058
358,0.0647,-0.0520,0.8887
359,0.0825,-0.0754,0.8921
360,0.0444,-0.1436,0.9751
361,-0.0012,-0.0483,0.9868
362,-0.1379,-0.0884,1.0415
363,-0.1418,0.0073,1.0354
364,-0.1338,-0.0244,1.0347
365,-0.0259,0.1174,0.9966
366,0.1763,0.1260,0.9751
367,0.3533,0.1392,0.9456
368,0.4397,0.0564,0.8948
369,0.4585,0.0000,0.9136
370,0.3140,-0.0815,0.9546
371,0.1194,-0.0203,0.9348
372,-0.1335,-0.0630,1.0295
373,-0.3328,-0.0049,0.9983
374,-0.4263,0.0520,1.0110
375,-0.4465,-0.0085,1.0522
376,-0.3254,0.0867,0.9448
377,-0.2056,0.0005,0.9524
378,-0.0632,-0.0146,0.9258
379,0.0654,-0.0791,0.8823
380,0.1167,-0.1401,0.9253
381,0.1091,-0.1155,0.9885
382,0.0654,-0.0188,0.9885
383,-0.0159,0.0410,1.0405
384,-0.0088,0.0386,1.0649
385,0.0679,0.1072,0.9849
386,0.2266,0.0964,1.0405
387,0.4380,0.1533,0.9585
388,0.5486,0.1467,0.8889
389,0.5642,0.0054,0.9124
390,0.4978,-0.0886,0.8752
391,0.2439,-0.1934,0.8997
392,0.0002,-0.1604,0.9817
393,-0.2327,-0.0950,1.0142
394,-0.4167,-0.0212,1.0444
395,-0.4268,0.0679,1.0706
396,-0.4065,0.0500,1.0796
397,-0.2505,0.1484,1.0178
398,-0.1035,0.1467,0.9944
399,-0.0276,0.0889,0.9553
400,0.0449,0.0591,0.8638
401,0.0793,-0.0898,0.8804
402,0.0444,-0.1729,0.9067
403,0.0271,-0.1628,0.8899
404,-0.0276,-0.1011,0.9810
405,-0.0850,-0.0547,1.0286
406,-0.0696,0.1108,1.0334
407,-0.0544,0.1079,1.0667
408,0.0630,0.1460,1.0327
409,0.2073,0.0605,0.9768
410,0.2839,0.0266,0.9329
411,0.3279,-0.0842,0.9487
412,0.2983,-0.0869,0.9351
413,0.1638,-0.0095,0.9114
414,-0.0210,-0.0244,1.0149
415,-0.1545,0.0261,0.9861
416,-0.2947,0.1025,0.9849
417,-0.3550,0.0247,1.0803
418,-0.3054,0.1389,0.9536
419,-0.2373,0.0698,0.9573
420,-0.0967,0.0261,0.9634
421,0.0195,-0.0403,0.8892
422,0.0386,-0.1648,0.9055
423,0.0640,-0.1743,0.9253
424,-0.0256,-0.2007,0.9790
425,-0.0967,-0.0488,0.9966
426,-0.0925,0.0576,1.0835
427,-0.0903,0.0769,1.0845
428,0.0833,0.2354,0.9709
429,0.2986,0.1646,1.0344
430,0.4792,0.1394,0.9446
431,0.6489,0.1599,0.8345
432,0.6040,-0.1096,0.9253
433,0.4893,-0.0869,0.8306
434,0.2610,-0.1929,0.9146
435,-0.0281,-0.1409,1.0110
436,-0.2942,-0.1021,1.0132
437,-0.3975,-0.0137,1.0852
438,-0.4504,0.0740,1.1069
439,-0.4241,0.1829,1.0405
440,-0.2876,0.1868,1.0403
441,-0.1511,0.0918,0.9348
442,-0.0139,0.0686,0.8325
443,0.0547,-0.1519,0.8901
444,0.1040,-0.1255,0.8335
445,0.0754,-0.1660,0.8804
446,0.0132,-0.1711,0.9963
447,-0.0723,-0.0537,0.9788
448,-0.1396,0.0259,1.0725
449,-0.0957,0.1562,1.1206
450,-0.0305,0.1987,1.0308
451,0.1311,0.1890,0.9954
452,0.2974,0.0681,0.9507
453,0.3848,0.0115,0.8499
454,0.3875,-0.1023,0.8577
455,0.3049,-0.1250,0.8909
456,0.0962,-0.0901,0.9084
457,-0.1243,-0.0493,0.9846
458,-0.3130,-0.0618,1.0862
459,-0.4512,0.0300,1.0344
460,-0.4492,0.1104,1.0757
461,-0.3599,0.1279,1.0774
462,-0.1924,0.2458,0.9097
463,-0.0227,0.0933,0.9534
464,0.0806,-0.0613,0.8948
465,0.1294,-0.0898,0.7642
466,0.0837,-0.2642,0.9487
467,-0.0469,-0.2063,0.9036
468,-0.1028,-0.0635,0.9407
469,-0.1448,-0.1042,1.1577
470,-0.0859,0.1748,1.0325
471,0.0750,0.1892,1.0854
472,0.2732,0.2224,1.0667
473,0.4089,0.2144,0.8860
474,0.5415,0.0635,0.9038
475,0.5330,-0.0361,0.8704
476,0.5063,-0.1006,0.7983
477,0.3169,-0.2537,0.9375
478,0.0532,-0.1943,0.9155
479,-0.1440,-0.0818,1.0178
480,-0.3962,-0.0525,1.1389
481,-0.5034,0.2603,1.0266
482,-0.5112,0.1362,1.1604
483,-0.3462,0.2354,1.0051
484,-0.1968,0.1560,0.8987
485,0.0210,-0.0247,0.9387
486,0.1609,-0.0906,0.8127
487,0.1929,-0.1436,0.7915
488,0.1174,-0.2659,0.9563
489,-0.0090,-0.1992,0.8948
490,-0.1367,-0.0962,1.0032
491,-0.1929,0.0278,1.1321
492,-0.1555,0.1785,1.0552
493,-0.0422,0.1887,1.0679
494,0.1406,0.2800,1.0269
495,0.2725,0.1619,0.9729
496,0.4233,0.1033,0.8394
497,0.3882,-0.1128,0.8799
498,0.3008,-0.1858,0.8704
499,0.1575,-0.1206,0.8726
500,-0.0959,-0.1392,1.0120
501,-0.2778,-0.0481,1.0339
502,-0.4048,-0.0056,1.0432
503,-0.4565,0.0747,1.1038
504,-0.4067,0.1543,1.0715
505,-0.2817,0.2544,0.9612
506,-0.1870,0.1069,0.9368
507,-0.0298,-0.0364,0.8735
508,0.0474,-0.1560,0.8401
509,0.1050,-0.1733,0.8862
510,0.0308,-0.2175,0.9368
511,-0.0039,-0.1096,0.9338
512,-0.0745,-0.0977,1.0786
513,-0.0850,0.0974,1.0657
514,0.0420,0.1880,1.0825
515,0.2241,0.1768,1.0659
516,0.4431,0.2700,0.9280
517,0.5662,0.1128,0.9622
518,0.6121,0.0674,0.8616
519,0.5183,-0.1299,0.8401
520,0.2913,-0.2500,0.9028
521,-0.0044,-0.2275,0.9087
522,-0.2490,-0.1423,1.0347
523,-0.4165,-0.0022,1.0881
524,-0.4683,0.1265,1.0686
525,-0.3923,0.1262,1.0784
526,-0.2512,0.2136,1.0210
527,-0.1018,0.1565,0.9624
528,0.0232,0.1106,0.9243
529,0.0537,-0.0481,0.8657
530,0.0681,-0.1238,0.8440
531,0.0081,-0.2517,0.8958
532,-0.0400,-0.2620,0.9280
533,-0.0811,-0.1694,0.9905
534,-0.0796,0.0125,1.0422
535,-0.0364,0.1365,1.0884
536,0.0918,0.2234,1.0640
537,0.1753,0.2915,1.0393
538,0.2605,0.2222,0.9719
539,0.3030,0.1052,0.8833
540,0.2612,-0.1582,0.8901
541,0.2065,-0.1697,0.8423
542,0.0618,-0.2246,0.9644
543,-0.0847,-0.1536,0.9612
544,-0.2463,-0.0444,1.0054
545,-0.3892,-0.0625,1.0989
546,-0.4104,0.1868,1.0327
547,-0.3931,0.1584,1.0891
548,-0.2258,0.2727,0.9946
549,-0.1309,0.1133,0.9358
550,-0.0205,0.0349,0.8977
551,0.0708,-0.1030,0.8833
552,0.0154,-0.2207,0.8833
553,-0.0193,-0.2661,0.8911
554,-0.0872,-0.3130,0.9858
555,-0.1077,-0.0991,0.9741
556,0.0176,0.0791,1.0862
557,0.1628,0.1509,1.1038
558,0.3618,0.3665,0.9546
559,0.4973,0.1497,1.0549
560,0.5806,0.1692,0.9048
561,0.5784,0.0510,0.8850
562,0.4106,-0.1050,0.9946
563,0.1750,-0.0161,0.8462
564,-0.0403,-0.2087,0.9670
565,-0.2205,-0.2456,1.0073
566,-0.3247,-0.1040,0.9456
567,-0.3228,-0.0010,1.1038
568,-0.2705,0.1729,1.0481
569,-0.2024,0.2930,0.9448
570,-0.1155,0.1213,1.0422
571,-0.0432,0.0576,0.9114
572,-0.0039,-0.0559,0.8792
573,-0.0020,-0.1709,0.9436
574,-0.0378,-0.1890,0.8979
575,-0.0852,-0.1301,0.9065
576,-0.1362,-0.1106,1.0444
577,-0.0952,-0.0459,1.0012
578,-0.0112,0.0952,1.0034
579,0.0667,0.1038,1.0657
580,0.2371,0.2812,0.9583
581,0.3533,0.1667,0.9622
582,0.4023,0.1160,0.9399
583,0.3813,-0.0742,0.8950
584,0.2603,-0.1353,0.9253
585,0.0469,-0.1926,0.9524
586,-0.1472,-0.1628,0.9497
587,-0.3342,-0.1440,1.0376
588,-0.4111,0.0225,1.0188
589,-0.3931,0.1772,1.0452
590,-0.2913,0.1912,1.0601
591,-0.1138,0.2563,0.9124
592,-0.0283,0.0312,0.9683
593,0.0720,-0.0403,0.8801
594,0.0764,-0.1101,0.8635
595,-0.0259,-0.2183,0.9634
596,-0.0981,-0.1431,0.9009
597,-0.1450,-0.2024,0.9817
598,-0.1184,-0.1284,1.0474
599,0.0181,0.0063,0.9956
600,0.2251,0.1711,1.0669
601,0.4243,0.2625,1.0044
602,0.5144,0.2776,0.9377
603,0.5786,0.1062,0.9624
604,0.4998,0.0137,0.8918
605,0.3408,-0.1157,0.8926
606,0.1670,-0.1697,0.9504
607,-0.0496,-0.1621,0.9429
608,-0.1787,-0.0723,0.9954
609,-0.3032,-0.0876,1.0784
610,-0.3442,0.1179,0.9895
611,-0.3293,0.0828,1.0337
612,-0.2427,0.1606,0.9963
613,-0.1523,0.1226,0.9233
614,-0.0022,0.0303,0.9155
615,0.0779,-0.1160,0.9055
616,0.0964,-0.1987,0.8892
617,0.0166,-0.1760,0.9045
618,-0.0798,-0.2188,1.0229
619,-0.1689,-0.0596,0.9934
620,-0.2100,0.0991,1.0015
621,-0.0947,0.1497,1.1118
622,0.0618,0.2124,0.9722
623,0.2666,0.2908,0.9097
624,0.4109,0.0247,1.0510
625,0.4956,0.0872,0.8101
626,0.4368,-0.0779,0.8811
627,0.2358,-0.2544,1.0269
628,0.0371,-0.0991,0.8567
629,-0.1997,-0.1633,1.0393
630,-0.3584,-0.0593,1.0845
631,-0.4182,0.0374,0.9771
632,-0.3440,0.1499,1.0649
633,-0.2375,0.1899,1.0396
634,-0.1033,0.1926,0.9207
635,-0.0122,0.0977,0.8989
636,-0.0088,-0.0918,0.9116
637,0.0378,-0.1838,0.8547
638,-0.0176,-0.1892,0.8938
639,-0.0784,-0.2427,1.0210
640,-0.0232,-0.0957,0.9692
641,0.0015,0.0144,1.0325
642,0.0786,0.0859,1.1235
643,0.2434,0.1641,0.9885
644,0.3154,0.1934,0.9653
645,0.4294,0.1511,0.9924
646,0.5115,0.1113,0.8801
647,0.4763,-0.0010,0.8674
648,0.3787,-0.1575,0.9553
649,0.2122,-0.1804,0.9065
650,-0.0125,-0.1311,0.9504
651,-0.2129,-0.1199,1.1147
652,-0.3569,0.0474,1.0188
653,-0.4133,0.1917,1.0396
654,-0.3667,0.1335,1.0793
655,-0.2463,0.1863,0.8794
656,-0.1377,-0.0132,0.9446
657,-0.0173,-0.0618,0.8909
658,0.0081,-0.1479,0.8618
659,-0.0210,-0.2327,0.9165
660,-0.0420,-0.1719,0.9146
661,-0.0867,-0.2109,1.0081
662,-0.0813,0.0154,1.0503
663,-0.0112,0.1233,1.0647
664,0.0447,0.2510,1.0793
665,0.1765,0.3008,0.9988
666,0.2937,0.2642,0.9729
667,0.3464,0.0811,0.9211
668,0.4041,-0.0173,0.8464
669,0.3513,-0.1956,0.8801
670,0.2153,-0.1841,0.8745
671,0.0476,-0.2075,0.9634
672,-0.1509,-0.1448,1.0334
673,-0.3499,-0.0088,1.0308
674,-0.4192,0.0227,1.1079
675,-0.3811,0.1663,1.0298
676,-0.3020,0.1938,1.0200
677,-0.1111,0.2148,1.0129
678,0.0017,0.0959,0.9124
679,0.0520,-0.0305,0.8489
680,0.0383,-0.1790,0.8960
681,-0.0435,-0.3020,0.8665
682,-0.0706,-0.1919,0.9019
683,-0.0913,-0.2412,1.0327
684,-0.0068,0.0251,0.9868
685,0.1345,0.1104,1.0686
686,0.2983,0.2285,1.0903
687,0.4194,0.3267,0.9917
688,0.4954,0.1987,1.0149
689,0.4939,0.1245,0.9163
690,0.4304,-0.0432,0.9065
691,0.2566,-0.1892,0.9417
692,0.0952,-0.1035,0.8745
693,-0.1274,-0.2424,1.0042
694,-0.2974,-0.0854,0.9612
695,-0.4026,-0.0342,0.9897
696,-0.4055,0.0422,1.0864
697,-0.3186,0.2341,0.9790
698,-0.1997,0.2102,0.9954
699,-0.0791,0.1230,0.9946
700,-0.0046,-0.0049,0.8716
701,0.0203,-0.1433,0.9143
702,-0.0024,-0.2534,0.9438
703,-0.0618,-0.1680,0.9075
704,-0.0630,-0.1538,0.9927
705,-0.0645,-0.0603,1.0256
706,-0.0325,0.0476,0.9875
707,0.0769,0.2114,1.0432
708,0.1897,0.2100,1.0396
709,0.3262,0.3230,0.9116
710,0.4421,0.0771,0.9651
711,0.4480,-0.0032,0.9036
712,0.3850,-0.1150,0.8696
713,0.1997,-0.2085,0.9966
714,-0.0645,-0.1787,0.9446
715,-0.2422,-0.1084,0.9924
716,-0.3938,-0.0879,1.0894
717,-0.4065,0.1672,0.9927
718,-0.2971,0.1562,1.0825
719,-0.1624,0.2322,0.9810
720,-0.0740,0.2017,0.8831
721,-0.0098,-0.0381,0.9763
722,-0.0120,-0.0642,0.8433
723,-0.0444,-0.2007,0.8765
724,-0.1077,-0.3066,0.9927
725,-0.1501,-0.1592,0.8833
726,-0.1025,-0.0752,1.0315
727,-0.0237,-0.0454,1.1301
728,0.1628,0.2407,0.9465
729,0.2896,0.1865,1.1079
730,0.4246,0.2573,1.0188
731,0.4373,0.2183,0.8645
732,0.3660,0.0237,0.9475
733,0.3076,-0.0906,0.9204
734,0.2090,-0.1863,0.8323
735,0.0977,-0.1648,0.9524
736,-0.0042,-0.2168,1.0366
737,-0.1523,0.0420,0.9106
738,-0.2712,0.0469,1.0991
739,-0.3169,0.1060,1.0959
740,-0.3479,0.2537,0.9097
741,-0.2993,0.1025,1.0520
742,-0.1936,-0.0015,0.9507
743,-0.1057,-0.0801,0.8059
744,-0.0210,-0.2310,0.9546
745,0.0051,-0.2495,0.9214
746,-0.0142,-0.1274,0.8569
747,-0.0183,-0.1165,1.0715
748,-0.0298,0.0496,1.0327
749,-0.0081,0.2427,0.9739
750,0.1389,0.2319,1.1213
751,0.2668,0.2566,0.9907
752,0.3442,0.2522,0.8901
753,0.3706,-0.0095,1.0269
754,0.3628,-0.0813,0.8472
755,0.2290,-0.1392,0.8413
756,0.0845,-0.2410,0.9856
757,-0.0791,-0.1282,0.9485
758,-0.1973,-0.0518,0.9612
759,-0.2810,0.0439,1.1226
760,-0.2993,0.0806,1.0413
761,-0.2334,0.2695,0.9758
762,-0.2017,0.1382,1.0854
763,-0.1328,0.1323,0.9429
764,-0.0808,0.0134,0.8696
765,-0.1040,-0.1558,0.9475
766,-0.1101,-0.1904,0.8618
767,-0.0986,-0.2361,0.8784
768,-0.1172,-0.1875,0.9985
769,-0.0605,-0.0527,0.9724
770,0.0166,0.0986,1.0081
771,0.1199,0.1421,1.0649
772,0.2659,0.2205,1.0239
773,0.3647,0.1758,1.0005
774,0.4360,0.1404,0.9819
775,0.4263,-0.0347,0.9282
776,0.3750,-0.0676,0.8970
777,0.2583,-0.1572,0.9292
778,0.0652,-0.1472,0.9583
779,-0.0784,-0.0378,0.9436
780,-0.2588,0.0083,1.0481
781,-0.3760,0.1313,1.0066
782,-0.3940,0.1704,0.9856
783,-0.3716,0.0747,1.0227
784,-0.2488,0.1008,0.9221
785,-0.0920,-0.0269,0.9260
786,0.0142,-0.1162,0.9604
787,0.0786,-0.1228,0.8635
788,0.0852,-0.2483,0.9641
789,-0.0054,-0.2078,0.9739
790,-0.1030,0.0000,0.9819
791,-0.1272,0.0710,1.0942
792,-0.0813,0.2349,1.0208
793,0.0247,0.2488,0.9946
794,0.2173,0.2197,1.0005
795,0.3623,0.0913,0.9097
796,0.4468,0.0159,0.8638
797,0.3999,-0.1426,0.9214
798,0.2688,-0.1177,0.8813
799,0.0515,-0.1384,0.9573
800,-0.1284,-0.1438,1.0432
801,-0.2383,-0.0151,1.0054
802,-0.2681,-0.0042,1.0764
803,-0.2812,0.1465,1.0862
804,-0.2173,0.2319,0.9934
805,-0.1860,0.1765,1.0042
806,-0.1404,0.0938,0.9185
807,-0.0730,0.0232,0.8521
808,-0.0715,-0.2239,0.8755
809,-0.0325,-0.2095,0.8384
810,-0.0515,-0.2817,0.9341
811,-0.0310,-0.0767,0.9731
812,0.0029,-0.0645,1.0679
813,0.0229,0.0659,1.0835
814,0.0928,0.2192,1.0376
815,0.2019,0.1934,1.1077
816,0.2759,0.2322,0.9731
817,0.3755,0.2148,0.9028
818,0.3806,-0.0959,0.9646
819,0.3496,-0.0718,0.7856
820,0.2578,-0.2168,0.8735
821,0.0598,-0.2473,0.9885
822,-0.1343,-0.0435,0.8870
823,-0.3196,0.0352,1.0732
824,-0.3940,0.1138,1.0989
825,-0.3794,0.1724,0.9602
826,-0.2937,0.0728,1.1089
827,-0.1135,0.1279,0.9836
828,-0.0051,0.1306,0.8899
829,0.0137,-0.1047,0.9624
830,-0.0068,-0.1619,0.8450
831,-0.0513,-0.2903,0.8606
832,-0.0403,-0.2258,0.9749
833,-0.0469,-0.0857,0.9348
834,0.0410,0.0986,1.0002
835,0.1321,0.1184,1.1021
836,0.2349,0.3103,0.9946
837,0.2722,0.2212,1.0535
838,0.2986,0.1675,0.9778
839,0.2776,0.0291,0.9067
840,0.2712,-0.1228,0.9319
841,0.1614,-0.1414,0.8792
842,0.0911,-0.2078,0.9468
843,-0.0471,-0.1418,0.9495
844,-0.2122,-0.0386,0.9937
845,-0.2981,-0.0405,1.0698
846,-0.3960,0.1829,0.9954
847,-0.3330,0.2349,1.0422
848,-0.1692,0.1873,1.0259
849,-0.0789,0.1655,0.8879
850,0.0276,-0.0203,0.9524
851,0.0757,-0.1926,0.9172
852,-0.0071,-0.2185,0.8413
853,-0.0940,-0.2681,0.9429
854,-0.1770,-0.2183,0.9878
855,-0.1343,-0.0415,0.9553
856,-0.0183,0.0439,1.0745
857,0.1294,0.1692,1.0581
858,0.3213,0.2773,0.9976
859,0.4861,0.2288,1.0188
860,0.4956,0.1448,0.9624
861,0.4421,-0.0024,0.8840
862,0.3423,-0.1143,0.9155
863,0.1394,-0.2434,0.9211
864,0.0017,-0.1143,0.9016
865,-0.1472,-0.1311,1.0168
866,-0.2610,0.0625,1.0103
867,-0.2932,0.0601,1.0266
868,-0.2876,0.1133,1.0149
869,-0.2532,0.1099,0.9888
870,-0.1709,0.0964,0.9683
871,-0.1428,0.0156,0.9417
872,-0.0842,-0.0825,0.9087
873,-0.0471,-0.2505,0.9146
874,-0.0374,-0.2283,0.9019
875,0.0063,-0.1743,0.9749
876,-0.0037,-0.0361,1.0325
877,0.0029,0.1863,1.0112
878,0.0254,0.2422,1.0793
879,0.1199,0.3052,1.0042
880,0.2322,0.2397,0.9622
881,0.3513,0.0767,0.9475
882,0.4077,-0.0630,0.8647
883,0.3633,-0.2126,0.8655
884,0.2861,-0.2188,0.9058
885,0.1274,-0.2134,0.9478
886,-0.0635,-0.0999,1.0188
887,-0.2007,0.0393,1.0647
888,-0.2964,0.1021,1.0833
889,-0.2991,0.2444,1.0483
890,-0.2822,0.2371,1.0461
891,-0.1919,0.1707,0.9888
892,-0.1313,0.0283,0.9055
893,-0.1301,-0.1006,0.8462
894,-0.1289,-0.2397,0.8862
895,-0.1113,-0.2446,0.8228
896,-0.0808,-0.2390,0.9399
897,-0.0151,-0.1882,0.9927
898,0.0830,-0.0146,1.0051
899,0.1450,0.0813,1.1108
900,0.2212,0.2786,1.0591
901,0.2693,0.2356,1.0833
902,0.3318,0.1836,1.0071
903,0.2983,0.0942,0.9092
904,0.3179,-0.0938,0.9155
905,0.3105,-0.1516,0.8684
906,0.2305,-0.1357,0.8625
907,0.1050,-0.1394,0.9827
908,-0.0242,-0.0505,0.9272
909,-0.1868,0.0449,0.9800
910,-0.2954,0.0828,1.1028
911,-0.3264,0.2021,1.0229
912,-0.2561,0.1995,1.0200
913,-0.1687,0.0354,1.0239
914,-0.0642,-0.0613,0.8870
915,0.0049,-0.1228,0.8958
916,-0.0022,-0.2498,0.9670
917,-0.0522,-0.1589,0.8499
918,-0.1235,-0.1624,0.9368
919,-0.1318,-0.0544,1.0024
920,-0.0959,0.0532,0.9897
921,0.0420,0.1772,1.0493
922,0.1702,0.2437,1.0442
923,0.3079,0.2588,1.0100
924,0.3772,0.1624,0.9565
925,0.3281,-0.0310,0.9407
926,0.2703,-0.1584,0.9026
927,0.1624,-0.1636,0.9028
928,0.0208,-0.1567,0.9536
929,-0.0876,-0.0730,0.9595
930,-0.2075,-0.0273,1.0061
931,-0.2388,0.0442,1.0198
932,-0.1819,0.0996,1.0210
933,-0.1670,0.1580,1.0229
934,-0.0935,0.1780,0.9817
935,-0.0293,0.1094,0.9631
936,-0.0625,-0.0479,0.9260
937,-0.0586,-0.0769,0.8694
938,-0.1047,-0.2896,0.9546
939,-0.0850,-0.1658,0.8792
940,-0.0989,-0.1804,0.9810
941,-0.0095,-0.0684,1.0112
942,0.1108,0.0535,0.9976
943,0.2739,0.1301,1.0396
944,0.4028,0.1931,1.0269
945,0.4514,0.1079,0.9741
946,0.4438,0.1492,0.9380
947,0.3154,-0.0474,0.9810
948,0.1802,-0.0674,0.8999
949,0.0066,-0.1550,0.9260
950,-0.1260,-0.1431,0.9954
951,-0.2024,-0.0522,0.9263
952,-0.2385,0.0369,1.0042
953,-0.2170,0.0911,1.0337
954,-0.1611,0.1733,0.9412
955,-0.1101,0.0261,0.9995
956,-0.0667,-0.0349,0.9351
957,-0.0569,-0.0488,0.9077
958,-0.0645,-0.1282,0.9749
959,-0.1064,-0.0896,0.9260
960,-0.1814,-0.1707,0.9661
961,-0.1648,-0.0930,0.9888
962,-0.1172,0.0061,1.0110
963,-0.0522,0.1667,1.0256
964,0.0579,0.2981,1.0063
965,0.1655,0.2229,0.9971
966,0.3074,0.1675,0.9084
967,0.3374,-0.0171,0.9019
968,0.3423,-0.1504,0.9360
969,0.3269,-0.1226,0.8733
970,0.1702,-0.1904,0.9526
971,0.0645,-0.1423,1.0034
972,-0.0432,-0.0637,0.9846
973,-0.1479,0.0820,1.0725
974,-0.1780,0.1692,1.0933
975,-0.2158,0.2185,0.9927
976,-0.2017,0.2092,0.9614
977,-0.1431,0.0400,0.9807
978,-0.1096,-0.0039,0.8618
979,-0.0437,-0.1096,0.8704
980,-0.0417,-0.2546,0.9417
981,-0.0813,-0.1973,0.8643
982,-0.0540,-0.1274,0.9556
983,-0.0894,-0.1428,1.0989
984,-0.0095,0.0793,0.9534
985,0.0764,0.1138,1.0825
986,0.2175,0.1162,1.0881
987,0.3691,0.2703,0.8843
988,0.4097,0.0798,1.0298
989,0.4158,-0.0063,0.9417
990,0.3586,-0.0493,0.7993
991,0.1819,-0.2305,0.9927
992,0.0435,-0.1479,0.9136
993,-0.0806,-0.0400,0.9299
994,-0.1470,0.0063,1.0989
995,-0.1831,0.2192,0.9905
996,-0.2065,0.2007,1.0247
997,-0.1702,0.1311,1.0386
998,-0.1909,0.0591,0.9211
999,-0.1802,-0.0454,0.9436
1000,-0.1311,-0.1133,0.9087
1001,-0.1328,-0.1746,0.8843
1002,-0.1182,-0.2185,0.9280
1003,-0.1294,-0.1340,0.9329
1004,-0.1619,-0.1162,1.0122
1005,-0.1072,0.0415,1.0022
1006,-0.0566,0.1519,1.0520
1007,0.0125,0.1687,1.0698
1008,0.1479,0.2747,0.9585
1009,0.2253,0.0933,1.0032
1010,0.3367,0.0449,0.9124
1011,0.3843,-0.0791,0.8472
1012,0.3315,-0.1885,0.9634
1013,0.2769,-0.1116,0.9224
1014,0.1929,-0.0164,0.9351
1015,0.0005,-0.0520,1.0452
1016,-0.1467,0.0986,0.9946
1017,-0.2415,0.0959,1.0356
1018,-0.2749,0.1348,1.0715
1019,-0.2612,0.1619,0.9768
1020,-0.1885,0.0869,0.9595
1021,-0.1194,0.0024,0.9214
1022,-0.0576,-0.1499,0.8977
1023,-0.0481,-0.1614,0.8850
1024,-0.0615,-0.2144,0.9341
1025,-0.0530,-0.1587,0.9663
1026,-0.0466,-0.0645,0.9927
1027,-0.0029,0.0339,1.0415
1028,0.0947,0.0750,1.0503
1029,0.1997,0.1389,0.9976
1030,0.3279,0.1465,1.0002
1031,0.4263,0.1167,0.9868
1032,0.4153,0.0862,0.9097
1033,0.3601,-0.0276,0.9202
1034,0.2373,-0.1755,0.9309
1035,0.0261,-0.1465,0.8850
1036,-0.1470,-0.0808,1.0034
1037,-0.2375,0.0264,1.0278
1038,-0.2424,0.1680,1.0044
1039,-0.2197,0.1240,1.0588
1040,-0.1685,0.1521,0.9868
1041,-0.1162,0.0034,0.9790
1042,-0.0740,-0.0085,0.9028
1043,-0.1250,-0.1289,0.9087
1044,-0.1406,-0.1848,0.9346
1045,-0.1487,-0.1338,0.8862
1046,-0.1748,-0.1594,0.9885
1047,-0.1460,-0.0605,0.9963
1048,-0.0852,0.0833,0.9868
1049,-0.0244,0.1536,1.0881
1050,0.0745,0.2732,1.0464
1051,0.1367,0.2400,0.9907
1052,0.2263,0.1121,0.9661
1053,0.2446,-0.0430,0.8979
1054,0.2683,-0.1077,0.8577
1055,0.2546,-0.2051,0.9275
1056,0.1667,-0.1919,0.9084
1057,0.0691,-0.0605,0.9329
1058,-0.0217,-0.0229,1.0571
1059,-0.1143,0.0940,1.0513
1060,-0.1816,0.2104,1.0178
1061,-0.1733,0.1602,1.1174
1062,-0.1284,0.2217,0.9622
1063,-0.0913,0.1375,0.9312
1064,-0.0410,-0.0813,0.9944
1065,-0.0127,-0.1018,0.8098
1066,-0.0771,-0.2361,0.8762
1067,-0.0520,-0.2402,0.9409
1068,-0.0964,-0.1829,0.9124
1069,-0.0999,-0.0032,0.9954
1070,-0.0190,0.0234,1.1030
1071,0.1023,0.1460,1.0151
1072,0.2546,0.1782,1.0042
1073,0.3472,0.1111,1.0786
1074,0.4177,0.1228,0.9250
1075,0.4148,0.0669,0.9231
1076,0.2849,-0.1216,1.0110
1077,0.1548,-0.0391,0.8345
1078,-0.0068,-0.0745,0.9419
1079,-0.1509,-0.1150,1.0125
1080,-0.1726,0.0337,0.8977
1081,-0.2366,0.0398,1.0366
1082,-0.2048,0.1353,1.0549
1083,-0.1841,0.1091,0.9302
1084,-0.2131,-0.0122,0.9966
1085,-0.1750,-0.0698,0.9683
1086,-0.1528,-0.0520,0.8752
1087,-0.1487,-0.1938,0.9863
1088,-0.1252,-0.1567,0.9097
1089,-0.1343,-0.1030,0.9280
1090,-0.0859,-0.0063,1.0581
1091,-0.0745,0.1331,1.0083
1092,-0.0266,0.2554,1.0071
1093,0.0261,0.1567,1.0627
1094,0.1353,0.2256,0.9067
1095,0.2312,0.0273,0.9514
1096,0.3440,-0.0212,0.9163
1097,0.3289,-0.1414,0.8528
1098,0.2937,-0.1829,0.9407
1099,0.1843,-0.1494,0.9468
1100,0.0574,-0.0728,0.9751
1101,-0.0425,0.0391,1.0637
1102,-0.1558,0.1411,1.0764
1103,-0.1548,0.2881,1.0227
1104,-0.1724,0.1799,1.0559
1105,-0.1738,0.1226,0.9661
1106,-0.1270,0.0801,0.8882
1107,-0.1155,-0.1184,0.9487
1108,-0.1321,-0.1455,0.8296
1109,-0.1189,-0.1482,0.8247
1110,-0.1221,-0.2786,1.0012
1111,-0.0627,-0.1177,0.9165
1112,-0.0325,-0.0637,1.0208
1113,0.0437,-0.0134,1.1262
1114,0.1677,0.1396,0.9937
1115,0.2898,0.2085,1.0549
1116,0.3503,0.1079,1.0955
1117,0.4556,0.1921,0.8804
1118,0.4028,-0.0317,0.9380
1119,0.3494,-0.0691,0.9065
1120,0.1978,-0.1382,0.8408
1121,0.0530,-0.0852,0.9338
1122,-0.0842,-0.0088,0.9976
1123,-0.1831,0.0781,0.9641
1124,-0.2190,0.1931,1.0200
1125,-0.2510,0.0579,1.0872
1126,-0.2239,0.1394,0.9712
1127,-0.1946,0.0046,0.9995
1128,-0.1899,-0.0940,0.9846
1129,-0.1821,-0.0833,0.8733
1130,-0.1655,-0.1206,0.9348
1131,-0.1689,-0.1865,0.9849
1132,-0.1218,-0.0911,0.8540
1133,-0.0974,-0.0874,0.9946
1134,-0.0737,-0.0200,1.0396
1135,0.0256,0.2478,0.9409
1136,0.0203,0.1631,1.0979
1137,0.1279,0.1990,1.0044
1138,0.2080,0.0747,0.8953
1139,0.2729,-0.0454,0.9761
1140,0.3406,-0.1384,0.9387
1141,0.3325,-0.1128,0.8589
1142,0.2192,-0.1519,0.9917
1143,0.1477,-0.0986,0.9700
1144,0.0171,0.1013,0.9575
1145,-0.1411,0.1362,1.0959
1146,-0.2046,0.2573,1.0422
1147,-0.2537,0.1814,0.9761
1148,-0.2251,0.1187,1.0149
1149,-0.1377,-0.0371,0.9338
1150,-0.0737,-0.0476,0.8589
1151,-0.0691,-0.1982,0.9390
1152,-0.0303,-0.2141,0.8782
1153,-0.0823,-0.1909,0.9062
1154,-0.0774,-0.1797,1.0305
1155,-0.0422,-0.0603,0.9934
1156,-0.0010,0.0637,1.0452
1157,0.1201,0.1487,1.0952
1158,0.2734,0.2744,0.9897
1159,0.3630,0.1519,1.0315
1160,0.4546,0.1355,0.9360
1161,0.4536,-0.0381,0.8999
1162,0.3557,-0.1560,0.8850
1163,0.2019,-0.1067,0.8479
1164,0.0251,-0.1667,0.9788
1165,-0.1206,-0.0027,0.9641
1166,-0.2339,0.0967,1.0217
1167,-0.2617,0.1008,1.0930
1168,-0.2507,0.1523,1.0044
1169,-0.2234,0.0620,1.0159
1170,-0.1614,0.0339,1.0093
1171,-0.1421,-0.0093,0.9231
1172,-0.0815,-0.0596,0.8938
1173,-0.1401,-0.2224,0.9329
1174,-0.1243,-0.1953,0.8452
1175,-0.0928,-0.2104,0.9448
1176,-0.0967,-0.0874,0.9976
1177,-0.0505,0.1467,0.9761
1178,-0.0095,0.1431,1.1096
1179,0.0591,0.2292,1.0344
1180,0.1289,0.2056,0.9739
1181,0.2615,0.1067,1.0266
1182,0.3435,-0.0437,0.9084
1183,0.3813,-0.1284,0.8647
1184,0.3201,-0.2834,0.9612
1185,0.2144,-0.1255,0.8916
1186,0.0508,0.0122,0.9553
1187,-0.1394,0.1340,1.0793
1188,-0.2622,0.2139,0.9973
1189,-0.2739,0.1445,1.0315
1190,-0.2568,0.0583,1.0376
1191,-0.1611,0.0923,0.9399
1192,-0.0618,0.0183,0.9622
1193,-0.0635,-0.0674,0.9351
1194,-0.0642,-0.1150,0.8550
1195,-0.1074,-0.2134,0.9155
1196,-0.1021,-0.1926,0.9495
1197,-0.0674,-0.1309,0.9741
1198,0.0288,0.0010,1.0237
1199,0.1345,0.0217,1.0579
1200,0.2615,0.1797,1.0022
1201,0.3394,0.1882,1.0239
1202,0.3755,0.1147,1.0142
1203,0.3745,0.0632,0.8872
1204,0.3396,-0.0391,0.9075
1205,0.2815,-0.1428,0.9292
1206,0.1638,-0.0811,0.8801
1207,0.0835,-0.0520,0.9604
1208,-0.0725,-0.0427,1.0581
1209,-0.1821,0.0796,0.9351
1210,-0.2986,0.0681,1.0618
1211,-0.3206,0.0457,1.0659
1212,-0.2725,0.1782,0.9412
1213,-0.2361,0.0488,1.0024
1214,-0.1367,-0.0239,0.9292
1215,-0.0559,-0.1287,0.8540
1216,-0.0044,-0.1643,0.9253
1217,0.0068,-0.1794,0.9270
1218,0.0125,-0.0952,0.9202
1219,-0.0522,-0.0347,0.9954
1220,-0.0664,0.0371,1.0325
1221,-0.0608,0.0737,1.0298
1222,0.0015,0.1433,1.0259
1223,0.0876,0.0989,1.0002
1224,0.2358,0.0869,0.9438
1225,0.3076,0.0083,0.9556
1226,0.3618,-0.0256,0.9097
1227,0.3208,-0.0876,0.9126
1228,0.1562,-0.0791,0.9321
1229,-0.0054,0.0005,0.9729
1230,-0.1328,0.0486,1.0354
1231,-0.2876,0.1064,1.0413
1232,-0.2864,0.1536,1.0181
1233,-0.2378,0.0381,1.0159
1234,-0.1665,0.0347,0.9182
1235,-0.0574,0.0195,0.9309
1236,-0.0195,-0.1125,0.9563
1237,-0.0356,-0.0686,0.8372
1238,-0.0762,-0.1782,0.9292
1239,-0.1213,-0.1709,0.9771
1240,-0.0417,-0.1013,0.9250
1241,0.0750,-0.0503,1.0598
1242,0.1716,0.0256,1.0793
1243,0.3218,0.1887,0.9995
1244,0.3704,0.1299,1.0366
1245,0.3933,0.2083,0.9817
1246,0.3989,0.0466,0.9087
1247,0.3274,-0.0364,0.9163
1248,0.2373,-0.0872,0.8989
1249,0.1309,-0.0388,0.8821
1250,-0.0193,-0.0684,0.9692
1251,-0.1072,-0.0581,0.9797
1252,-0.1934,-0.0122,1.0090
1253,-0.2361,0.0066,1.0659
1254,-0.2007,0.1064,1.0129
1255,-0.2024,0.1038,1.0103
1256,-0.1765,0.0894,0.9800
1257,-0.1438,-0.0085,0.9351
1258,-0.1101,-0.0688,0.9028
1259,-0.1182,-0.1365,0.8970
1260,-0.1223,-0.1265,0.9097
1261,-0.0879,-0.1230,0.9634
1262,-0.1047,-0.0461,0.9712
1263,-0.0659,0.0103,0.9819
1264,-0.0012,-0.0022,1.0422
1265,0.0652,0.1189,0.9819
1266,0.1892,0.1511,0.9976
1267,0.3013,0.0254,1.0337
1268,0.3755,0.0745,0.9009
1269,0.3601,-0.0188,0.9719
1270,0.2622,-0.0393,0.9839
1271,0.0923,0.0510,0.8794
1272,-0.1428,-0.0210,1.0278
1273,-0.2876,-0.0264,1.0022
1274,-0.3525,0.0320,0.9182
1275,-0.3433,-0.0449,1.0471
1276,-0.2124,0.0823,0.9360
1277,-0.0867,0.0579,0.9290
1278,0.0247,-0.0171,0.9944
1279,0.0540,-0.0232,0.8928
1280,0.0103,-0.1230,0.9692
1281,0.0061,-0.0669,0.9924
1282,-0.0837,-0.0439,0.9641
1283,-0.1013,-0.0696,1.0374
1284,-0.0100,-0.0210,0.9807
1285,0.0847,0.0256,0.9553
1286,0.2927,0.0364,1.0413
1287,0.4714,0.1655,0.9250
1288,0.5269,0.1108,0.9136
1289,0.5505,0.0271,0.9602
1290,0.4526,-0.0098,0.8716
1291,0.2546,-0.0425,0.9504
1292,0.0435,-0.1077,1.0461
1293,-0.1750,-0.0164,0.9751
1294,-0.3489,-0.0022,1.0337
1295,-0.4106,-0.0522,1.1067
1296,-0.3838,0.0723,0.9319
1297,-0.2661,0.0737,1.0090
1298,-0.1453,0.0474,0.9973
1299,-0.0273,0.1040,0.8088
1300,0.0093,-0.1189,0.9475
1301,0.0222,-0.0830,0.8862
1302,0.0217,-0.0706,0.8928
1303,-0.0479,-0.1370,1.0247
1304,-0.1284,-0.0396,0.9905
1305,-0.1553,-0.0261,1.0298
1306,-0.1692,0.0186,1.0649
1307,-0.1333,0.0688,1.0227
1308,0.0342,0.0798,0.9653
1309,0.1841,0.0576,0.9604
1310,0.3289,-0.0166,0.9070
1311,0.4780,0.0300,0.8608
1312,0.4314,-0.1018,0.9553
1313,0.3318,0.0420,0.9331
1314,0.1125,0.0305,0.9741
1315,-0.1450,0.0642,1.0764
1316,-0.3684,0.0725,1.0376
1317,-0.4729,0.1184,1.0269
1318,-0.4897,-0.0095,1.0627
1319,-0.3381,0.0571,0.8970
1320,-0.1768,-0.0254,0.9097
1321,-0.0261,-0.0459,0.9153
1322,0.0732,-0.0874,0.8511
1323,0.0906,-0.1426,0.9026
1324,0.0251,-0.1934,1.0012
1325,-0.0144,-0.0933,0.9531
1326,-0.0264,-0.0278,1.0786
1327,-0.0110,0.0366,1.1021
1328,0.1111,0.2231,1.0042
1329,0.2588,0.1069,1.0686
1330,0.4199,0.1709,0.9604
1331,0.5234,0.1365,0.8599
1332,0.5835,0.0581,0.9077
1333,0.4946,-0.0457,0.8491
1334,0.3345,-0.1162,0.8257
1335,0.0627,-0.1946,0.9719
1336,-0.1641,-0.1616,1.0129
1337,-0.3562,-0.0459,1.0269
1338,-0.4724,0.0232,1.1284
1339,-0.4368,0.0483,1.1147
1340,-0.2773,0.2185,0.9800
1341,-0.1633,0.1006,1.0542
1342,-0.0203,0.1145,0.9106
1343,0.0625,0.0635,0.8306
1344,0.0408,-0.1042,0.8970
1345,-0.0068,-0.1106,0.8157
1346,-0.0728,-0.2053,0.8997
1347,-0.1196,-0.1360,0.9700
1348,-0.1753,-0.1160,1.0032
1349,-0.1504,0.0303,1.0405
1350,-0.0969,0.0830,1.0835
1351,0.0459,0.1594,1.0464
1352,0.1479,0.1614,1.0149
1353,0.3176,0.1365,0.9722
1354,0.3923,0.0342,0.9358
1355,0.3501,-0.0217,0.8687
1356,0.2290,-0.0681,0.9331
1357,0.0132,-0.0994,0.9456
1358,-0.1597,-0.0139,0.9456
1359,-0.3254,-0.0676,1.0337
1360,-0.3735,0.0256,0.9905
1361,-0.3542,0.0283,1.0024
1362,-0.2649,0.1177,0.9976
1363,-0.1233,0.1082,0.9534
1364,-0.0256,0.0503,0.9290
1365,0.0608,-0.0381,0.9221
1366,0.0710,-0.1218,0.9397
1367,0.0630,-0.1128,0.9575
1368,-0.0120,-0.0991,0.9807
1369,-0.0405,-0.0859,0.9995
1370,0.0063,-0.0569,1.0071
1371,0.1223,0.0500,1.0110
1372,0.2876,0.1316,1.0112
1373,0.4907,0.2373,0.9419
1374,0.5940,0.1562,0.9387
1375,0.5962,0.0676,0.8804
1376,0.4490,-0.0483,0.9133
1377,0.2280,-0.1245,0.9497
1378,-0.0413,-0.0671,0.9487
1379,-0.3413,-0.1555,1.0471
1380,-0.4729,-0.0679,1.0288
1381,-0.4985,-0.0112,1.0305
1382,-0.4250,0.0181,1.0776
1383,-0.2346,0.1829,0.9604
1384,-0.0725,0.1396,0.9563
1385,0.0615,0.0942,0.9368
1386,0.1111,0.0017,0.8479
1387,0.0798,-0.0962,0.8813
1388,-0.0078,-0.1423,0.9377
1389,-0.0991,-0.0989,0.9075
1390,-0.1787,-0.0913,1.0229
1391,-0.1868,-0.1060,1.0403
1392,-0.1169,0.0503,1.0181
1393,-0.0171,0.0964,1.0647
1394,0.1472,0.1846,1.0120
1395,0.2751,0.1475,0.9290
1396,0.3420,0.0549,0.9495
1397,0.3579,0.0083,0.8843
1398,0.2903,-0.0576,0.8987
1399,0.1313,-0.1187,0.9653
1400,-0.0537,-0.0449,0.9417
1401,-0.2166,-0.0486,1.0415
1402,-0.3616,-0.0015,1.0542
1403,-0.4124,0.0862,0.9878
1404,-0.3384,0.1021,1.0471
1405,-0.2029,0.1321,0.9607
1406,-0.0520,0.1396,0.8940
1407,0.0332,-0.0344,0.9446
1408,0.0903,-0.0701,0.8628
1409,0.0615,-0.1838,0.8967
1410,-0.0361,-0.1968,0.9995
1411,-0.0842,-0.1118,0.9692
1412,-0.0757,-0.0640,1.0386
1413,0.0044,0.0208,1.0835
1414,0.1633,0.1814,0.9946
1415,0.3618,0.1960,1.0356
1416,0.5220,0.2078,0.9810
1417,0.5564,0.1763,0.8586
1418,0.5457,0.0266,0.8938
1419,0.4246,-0.1389,0.8831
1420,0.2117,-0.1738,0.8713
1421,-0.0259,-0.2080,0.9917
1422,-0.2219,-0.1553,1.0278
1423,-0.4065,-0.0518,1.0415
1424,-0.4817,0.0811,1.0815
1425,-0.4595,0.1555,1.1047
1426,-0.3142,0.1953,0.9985
1427,-0.1770,0.2158,0.9565
1428,-0.0469,0.0442,0.9541
1429,0.0898,0.0452,0.8137
1430,0.0710,-0.1558,0.8589
1431,0.0449,-0.2063,0.9207
1432,-0.0410,-0.1951,0.8960
1433,-0.0845,-0.0747,0.9739
1434,-0.0837,-0.1438,1.1001
1435,-0.0574,0.0850,0.9719
1436,0.0544,0.1633,1.0627
1437,0.1938,0.1392,1.1108
1438,0.2761,0.2915,0.8860
1439,0.3408,0.1345,0.9846
1440,0.3411,-0.0518,0.9653
1441,0.2349,-0.0298,0.7915
1442,0.0645,-0.1887,0.9807
1443,-0.1394,-0.2192,0.9907
1444,-0.3118,-0.0393,0.8774
1445,-0.4221,-0.0435,1.1069
1446,-0.4163,0.0332,1.0481
1447,-0.2749,0.1633,0.9495
1448,-0.1340,0.1189,1.0640
1449,0.0352,0.1638,0.9536
1450,0.1714,0.0771,0.8853
1451,0.1509,-0.0608,0.9641
1452,0.0503,-0.1421,0.9148
1453,-0.0544,-0.1558,0.9009
1454,-0.1555,-0.1606,0.9927
1455,-0.1313,-0.0913,0.9817
1456,-0.0166,0.0059,1.0012
1457,0.2124,0.1084,1.0356
1458,0.4526,0.1709,1.0103
1459,0.5708,0.1814,0.9517
1460,0.5903,0.1482,0.9448
1461,0.4858,-0.0042,0.9683
1462,0.3191,-0.0154,0.8801
1463,0.0715,-0.1304,0.9585
1464,-0.1582,-0.2112,0.9875
1465,-0.2720,-0.0916,0.9319
1466,-0.3860,-0.0767,1.0796
1467,-0.3792,0.0916,1.0278
1468,-0.2759,0.1465,0.9885
1469,-0.1929,0.0955,1.0249
1470,-0.0767,0.1733,0.9124
1471,0.0066,0.0295,0.9214
1472,0.0212,-0.0220,0.9233
1473,0.0344,-0.1094,0.8850
1474,-0.0083,-0.1746,0.9585
1475,-0.0659,-0.1658,0.9631
1476,-0.0872,-0.0669,0.9810
1477,-0.0881,-0.0242,1.0444
1478,-0.0710,0.0879,0.9993
1479,0.0525,0.1277,1.0120
1480,0.1821,0.1694,0.9927
1481,0.2966,0.1968,0.9172
1482,0.3904,0.0305,0.9592
1483,0.4099,-0.0176,0.9016
1484,0.2878,-0.0999,0.9104
1485,0.1079,-0.1838,1.0022
1486,-0.1116,-0.0701,0.9731
1487,-0.3616,-0.0610,1.0356
1488,-0.4390,0.0176,1.0549
1489,-0.5171,0.0647,1.0071
1490,-0.3762,0.1677,0.9731
1491,-0.1370,0.0681,0.9810
1492,0.0120,0.0535,0.8831
1493,0.1731,0.0300,0.8821
1494,0.1951,-0.1096,0.9661
1495,0.1069,-0.0625,0.8792
1496,-0.0137,-0.1108,0.9866
1497,-0.1108,-0.1619,1.0452
1498,-0.1206,-0.0317,0.9749
1499,-0.0344,0.0439,1.0520
1500,0.1333,0.1624,1.0601
1501,0.3552,0.1707,0.9622
1502,0.4949,0.1445,0.9260
1503,0.5974,0.0581,0.9094
1504,0.5613,-0.1140,0.8801
1505,0.3921,-0.0925,0.8530
1506,0.1069,-0.1626,0.9836
1507,-0.1523,-0.1338,0.9905
1508,-0.3281,-0.0486,1.0168
1509,-0.4114,-0.0281,1.1196
1510,-0.3345,0.1184,1.0491
1511,-0.2200,0.1882,1.0239
1512,-0.0850,0.1895,1.0227
1513,-0.0017,0.1492,0.8940
1514,0.0212,0.0090,0.8752
1515,0.0020,-0.1301,0.8635
1516,-0.0425,-0.1777,0.8352
1517,-0.0869,-0.2346,0.9119
1518,-0.1033,-0.1528,0.9836
1519,-0.0928,-0.0698,1.0054
1520,-0.0588,0.0295,1.0820
1521,-0.0100,0.1072,1.1001
1522,0.0786,0.2380,1.0063
1523,0.1680,0.2036,1.0461
1524,0.2427,0.1917,0.9556
1525,0.3306,0.1235,0.8394
1526,0.3550,-0.1653,0.9507
1527,0.2466,-0.1768,0.8374
1528,0.0901,-0.1553,0.8696
1529,-0.0991,-0.2498,1.0549
1530,-0.2869,-0.0188,0.9351
1531,-0.3904,0.0474,1.0571
1532,-0.4001,0.0388,1.1519
1533,-0.3059,0.2859,0.9468
1534,-0.1555,0.1528,1.0493
1535,-0.0273,0.0945,0.9976
1536,0.0808,0.0366,0.8381
1537,0.1023,-0.1191,0.9387
1538,0.0085,-0.1851,0.9272
1539,-0.0776,-0.1355,0.8289
1540,-0.1633,-0.1943,1.0093
1541,-0.1479,-0.0759,0.9946
1542,0.0261,0.0735,0.9661
1543,0.1897,0.1025,1.0764
1544,0.4302,0.2383,0.9761
1545,0.5564,0.1582,0.9553
1546,0.5991,0.0750,0.9878
1547,0.5308,0.0122,0.9136
1548,0.3220,-0.0920,0.9241
1549,0.1118,-0.1499,0.9644
1550,-0.1157,-0.1479,0.9602
1551,-0.2852,-0.0701,1.0129
1552,-0.3618,-0.0393,1.0481
1553,-0.3306,0.0837,0.9895
1554,-0.3022,0.1016,1.0032
1555,-0.1714,0.1436,0.9768
1556,-0.0374,0.1003,0.9387
1557,0.0337,-0.0095,0.9065
1558,0.0662,-0.0410,0.9106
1559,0.0696,-0.1475,0.9380
1560,0.0002,-0.0271,0.9319
1561,-0.0945,-0.1145,1.0227
1562,-0.0742,-0.0671,0.9946
1563,-0.1047,-0.0596,0.9995
1564,0.0046,0.0818,1.0413
1565,0.1492,0.1465,1.0002
1566,0.2412,0.2209,0.9429
1567,0.3572,0.1089,0.9583
1568,0.3708,-0.0203,0.8909
1569,0.2681,-0.0811,0.8862
1570,0.1616,-0.0996,0.9614
1571,-0.0576,-0.0989,0.9905
1572,-0.2703,-0.0972,1.0051
1573,-0.3999,-0.0366,1.0315
1574,-0.4839,0.0083,1.0637
1575,-0.4009,0.1150,1.0129
1576,-0.2163,0.1399,0.9983
1577,-0.0942,0.0730,0.9612
1578,0.0835,0.0708,0.8557
1579,0.1475,-0.0710,0.9243
1580,0.0793,-0.0847,0.9075
1581,-0.0212,-0.0898,0.9019
1582,-0.1333,-0.1575,1.0237
1583,-0.1929,-0.0627,0.9722
1584,-0.1091,0.0027,1.0295
1585,0.0232,0.0073,1.0891
1586,0.2385,0.1802,0.9602
1587,0.4448,0.1309,1.0073
1588,0.5544,0.1130,0.9475
1589,0.5740,0.1177,0.8674
1590,0.5046,-0.0920,0.9368
1591,0.3208,-0.1008,0.9009
1592,0.1121,-0.1150,0.9250
1593,-0.1091,-0.1230,1.0376
1594,-0.3110,-0.0559,1.0139
1595,-0.3948,-0.0054,1.0376
1596,-0.3726,0.0637,1.0471
1597,-0.2964,0.1082,1.0276
1598,-0.1143,0.1995,0.9302
1599,-0.0105,0.0896,0.9644
1600,0.0879,-0.0271,0.8950
1601,0.1052,-0.0889,0.8616
1602,0.0081,-0.1841,0.9390
1603,-0.0713,-0.1416,0.9448
1604,-0.2078,-0.1255,0.9673
1605,-0.2249,-0.0034,1.0312
1606,-0.1306,-0.0139,1.0676
1607,0.0405,0.1604,0.9602
1608,0.2622,0.1592,1.0376
1609,0.3914,0.1797,0.9778
1610,0.4680,0.2070,0.8743
1611,0.4028,-0.0698,0.9761
1612,0.2385,-0.0544,0.8667
1613,0.0464,-0.1299,0.9009
1614,-0.1309,-0.1956,1.0461
1615,-0.2686,-0.0935,0.9604
1616,-0.3687,-0.0732,1.0520
1617,-0.4321,-0.0193,1.0754
1618,-0.3657,0.1685,0.9670
1619,-0.2935,0.1062,1.0364
1620,-0.1506,0.2253,0.9497
1621,-0.0088,0.0889,0.9114
1622,0.1082,0.0015,0.8911
1623,0.1321,-0.0972,0.8958
1624,0.0737,-0.2209,0.9280
1625,-0.0522,-0.1543,0.9397
1626,-0.1514,-0.1799,1.0276
1627,-0.2114,-0.0037,1.0217
1628,-0.1350,0.0854,1.0220
1629,0.0784,0.1216,1.0725
1630,0.3311,0.2356,0.9426
1631,0.5388,0.2092,0.9524
1632,0.6987,0.0854,0.9351
1633,0.6509,-0.0269,0.8657
1634,0.4490,-0.1877,0.9309
1635,0.1675,-0.1736,0.9436
1636,-0.1462,-0.1995,0.9583
1637,-0.3472,-0.0876,1.0344
1638,-0.4390,-0.0149,1.0667
1639,-0.4084,0.1406,1.0337
1640,-0.2754,0.1902,1.0435
1641,-0.1575,0.2302,0.9653
1642,-0.0518,0.1401,0.9143
1643,0.0266,-0.0166,0.9087
1644,0.0544,-0.0955,0.8811
1645,0.0520,-0.1592,0.8772
1646,0.0015,-0.2063,0.9504
1647,-0.0364,-0.2019,0.9692
1648,-0.0813,-0.1033,1.0054
1649,-0.0710,-0.0098,1.0933
1650,0.0110,0.1912,1.0454
1651,0.1599,0.2856,1.0051
1652,0.2710,0.2151,1.0151
1653,0.3706,0.1418,0.8784
1654,0.4126,0.0168,0.8862
1655,0.3210,-0.1572,0.9231
1656,0.1008,-0.1201,0.8491
1657,-0.1472,-0.1914,0.9888
1658,-0.3625,-0.1616,1.0415
1659,-0.4937,0.0295,0.9778
1660,-0.5139,-0.0286,1.1470
1661,-0.4214,0.1174,1.0315
1662,-0.2388,0.2051,0.9573
1663,-0.0706,0.1074,1.0542
1664,0.0808,0.1511,0.8325
1665,0.1233,-0.0542,0.8792
1666,0.1067,-0.1821,0.9263
1667,0.0171,-0.1506,0.8196
1668,-0.0781,-0.1804,0.9768
1669,-0.1313,-0.0730,1.0383
1670,-0.0574,0.0562,0.9924
1671,0.0669,0.0503,1.1069
1672,0.2000,0.1584,1.0552
1673,0.4050,0.2573,0.9290
1674,0.5222,0.1077,1.0198
1675,0.5583,0.0620,0.8806
1676,0.4890,-0.0388,0.8479
1677,0.3340,-0.2034,0.9387
1678,0.1179,-0.1750,0.9016
1679,-0.1169,-0.1499,0.9507
1680,-0.2932,-0.0889,1.0781
1681,-0.4243,0.0139,1.0315
1682,-0.3928,0.1921,1.0220
1683,-0.3206,0.1152,1.0972
1684,-0.1462,0.2163,0.9456
1685,-0.0183,0.1355,0.9377
1686,0.0898,0.0098,0.9321
1687,0.0923,-0.0754,0.8303
1688,0.0452,-0.2073,0.9028
1689,-0.0562,-0.1892,0.9622
1690,-0.1738,-0.1738,0.9368
1691,-0.1917,-0.0737,1.0259
1692,-0.1609,-0.0173,1.0513
1693,0.0012,0.1692,1.0044
1694,0.1821,0.2180,1.0503
1695,0.3933,0.2661,0.9778
1696,0.5054,0.1602,0.9194
1697,0.4526,0.0105,0.9087
1698,0.3179,-0.0825,0.8931
1699,0.0754,-0.1697,0.9065
1700,-0.2097,-0.1660,0.9800
1701,-0.3794,-0.1755,1.0244
1702,-0.4556,-0.0491,0.9929
1703,-0.4534,-0.0242,1.0933
1704,-0.3135,0.1653,0.9983
1705,-0.1860,0.1995,0.9976
1706,-0.0608,0.1404,0.9946
1707,0.0483,0.1362,0.8557
1708,0.0483,-0.0864,0.9172
1709,0.0632,-0.1177,0.9048
1710,-0.0105,-0.1450,0.8716
1711,-0.0735,-0.1799,1.0198
1712,-0.1204,-0.1392,0.9790
1713,-0.0542,0.0273,0.9846
1714,0.0471,-0.0032,1.1204
1715,0.2583,0.2366,0.9731
1716,0.4419,0.2041,0.9800
1717,0.5818,0.1187,0.9705
1718,0.6079,0.0452,0.8394
1719,0.5200,-0.0894,0.9097
1720,0.2993,-0.1157,0.9604
1721,0.0547,-0.0906,0.9338
1722,-0.2017,-0.1423,1.0266
1723,-0.3921,-0.0740,1.0325
1724,-0.4426,-0.0137,1.0420
1725,-0.3833,0.1499,1.0598
1726,-0.2937,0.1975,1.0081
1727,-0.1213,0.1680,0.9370
1728,-0.0420,0.0178,0.9075
1729,0.0493,0.0054,0.8589
1730,0.0537,-0.1377,0.9036
1731,0.0374,-0.1321,0.8831
1732,-0.0317,-0.1819,0.9504
1733,-0.0986,-0.1230,1.0168
1734,-0.1223,-0.0391,1.0588
1735,-0.0842,0.1072,1.0708
1736,0.0078,0.1875,1.0559
1737,0.1602,0.1919,0.9875
1738,0.3423,0.1743,0.9438
1739,0.4207,0.0918,0.9231
1740,0.4705,0.0061,0.8625
1741,0.3533,-0.1267,0.8889
1742,0.1267,-0.1990,0.8989
1743,-0.1040,-0.1775,0.9651
1744,-0.3325,-0.1677,1.0300
1745,-0.4768,-0.0029,1.0581
1746,-0.4778,0.0686,1.0776
1747,-0.4143,0.1887,1.0483
1748,-0.2415,0.2000,1.0054
1749,-0.0178,0.1606,0.9573
1750,0.0935,0.0339,0.9036
1751,0.1494,-0.0298,0.8684
1752,0.0776,-0.1890,0.8970
1753,-0.0251,-0.1587,0.8794
1754,-0.1370,-0.2092,0.9683
1755,-0.1477,-0.1006,1.0200
1756,-0.0637,0.0383,1.0295
1757,0.1235,0.1387,1.0581
1758,0.3176,0.1790,1.0344
1759,0.4771,0.2097,0.9663
1760,0.5779,0.1919,0.9641
1761,0.6091,0.0659,0.9192
1762,0.4497,-0.0852,0.8716
1763,0.2212,-0.1929,0.8882
1764,-0.0339,-0.2236,0.9536
1765,-0.2661,-0.2034,0.9807
1766,-0.3850,-0.0547,1.0405
1767,-0.4458,0.0381,1.0754
1768,-0.3398,0.2126,1.0337
1769,-0.1895,0.1472,1.0374
1770,-0.0691,0.2170,0.9407
1771,0.0312,0.1001,0.9260
1772,0.0911,-0.0237,0.9058
1773,0.0615,-0.0874,0.8540
1774,-0.0444,-0.2068,0.9048
1775,-0.1399,-0.2407,0.9585
1776,-0.1665,-0.1538,0.9438
1777,-0.1252,-0.0210,1.0562
1778,-0.0317,0.0684,1.0823
1779,0.1174,0.2615,0.9937
1780,0.2808,0.2009,1.0581
1781,0.3501,0.1997,0.9390
1782,0.4116,0.1033,0.8999
1783,0.3784,-0.0952,0.9419
1784,0.2942,-0.0891,0.8599
1785,0.1199,-0.2683,0.9407
1786,-0.0654,-0.1882,0.9631
1787,-0.2737,-0.0991,1.0093
1788,-0.3618,0.0298,1.0686
1789,-0.4702,0.1521,1.0510
1790,-0.4038,0.2053,1.0217
1791,-0.2473,0.1619,1.0122
1792,-0.0918,0.1472,0.9253
1793,0.0688,0.0293,0.9263
1794,0.1414,-0.1167,0.8716
1795,0.1033,-0.1609,0.8679
1796,0.0496,-0.2441,0.9626
1797,-0.0291,-0.1196,0.9570
1798,-0.0676,-0.0859,1.0168
1799,-0.0042,0.0239,1.0579
1800,0.0647,0.1147,1.0247
1801,0.2229,0.2295,1.0139
1802,0.3076,0.1980,1.0151
1803,0.3979,0.1604,0.8931
1804,0.4380,-0.0056,0.9067
1805,0.3853,-0.1260,0.9058
1806,0.2632,-0.1423,0.8782
1807,0.0918,-0.1785,0.9563
1808,-0.1487,-0.1702,1.0188
1809,-0.3076,0.0071,1.0171
1810,-0.4045,0.0605,1.1226
1811,-0.4146,0.1448,1.0403
1812,-0.2874,0.1897,0.9927
1813,-0.1772,0.1382,0.9827
1814,0.0254,0.1104,0.8892
1815,0.0886,-0.0920,0.8948
1816,0.1008,-0.0908,0.8499
1817,0.0220,-0.2112,0.9202
1818,-0.0425,-0.1858,0.9241
1819,-0.1233,-0.1177,0.9692
1820,-0.1226,-0.0527,1.0757
1821,-0.0017,0.1523,1.0598
1822,0.1433,0.2173,1.0481
1823,0.2708,0.1948,1.0422
1824,0.3879,0.1204,0.9446
1825,0.4282,0.0635,0.9087
1826,0.3855,-0.0002,0.9094
1827,0.2800,-0.1006,0.8674
1828,0.0767,-0.1641,0.8970
1829,-0.1250,-0.1638,0.9617
1830,-0.2656,-0.1367,1.0110
1831,-0.3489,-0.0029,1.0249
1832,-0.3989,0.0974,1.0708
1833,-0.3022,0.1772,1.0676
1834,-0.2131,0.1980,0.9966
1835,-0.1399,0.1213,0.9741
1836,-0.0212,0.0132,0.9094
1837,0.0203,-0.1235,0.8667
1838,0.0493,-0.1917,0.8872
1839,0.0142,-0.2119,0.9077
1840,-0.0698,-0.1436,0.9407
1841,-0.0835,-0.0623,0.9993
1842,-0.1128,0.0012,1.0425
1843,0.0215,0.1572,1.0405
1844,0.2278,0.1860,1.0569
1845,0.4275,0.2622,0.9954
1846,0.5737,0.1775,0.9351
1847,0.5981,0.0332,0.9136
1848,0.4700,-0.1414,0.9202
1849,0.2788,-0.1509,0.8833
1850,-0.0193,-0.1553,0.9426
1851,-0.2690,-0.2004,1.0042
1852,-0.3862,-0.0603,0.9612
1853,-0.4976,0.0017,1.0793
1854,-0.4243,0.1702,1.0579
1855,-0.2664,0.2310,0.9778
1856,-0.1509,0.1348,1.0120
1857,-0.0115,0.0806,0.9211
1858,0.1047,-0.0198,0.8811
1859,0.0710,-0.1560,0.9456
1860,0.0476,-0.1008,0.8411
1861,-0.0146,-0.1985,0.9641
1862,-0.0400,-0.1699,1.0220
1863,-0.0293,0.0449,0.9419
1864,0.0435,0.0298,1.1118
1865,0.1587,0.1470,1.0198
1866,0.2136,0.2314,0.9182
1867,0.2859,0.1001,1.0608
1868,0.3279,0.1487,0.8921
1869,0.2971,0.0498,0.8833
1870,0.2605,-0.1387,0.9797
1871,0.1152,-0.1829,0.8635
1872,-0.0098,-0.1287,0.9592
1873,-0.1580,-0.1367,1.0933
1874,-0.3242,0.0750,0.9849
1875,-0.3853,0.0703,1.0598
1876,-0.3828,0.1511,1.0601
1877,-0.3235,0.1990,0.9448
1878,-0.1453,0.1311,0.9517
1879,-0.0398,-0.0117,0.9136
1880,0.0798,-0.1331,0.8274
1881,0.0889,-0.2063,0.8889
1882,0.0374,-0.2703,0.9299
1883,0.0122,-0.1855,0.9673
1884,-0.0676,-0.0713,1.0376
1885,-0.0586,0.1289,1.0911
1886,0.0725,0.1870,1.0833
1887,0.1511,0.2085,1.0359
1888,0.2771,0.2554,0.9934
1889,0.4055,0.1143,0.9641
1890,0.4578,0.0688,0.8342
1891,0.3960,-0.1772,0.8784
1892,0.2432,-0.2275,0.8430
1893,0.0884,-0.2085,0.8745
1894,-0.1013,-0.1970,1.0220
1895,-0.2556,0.0144,1.0054
1896,-0.3123,0.0588,1.0920
1897,-0.3462,0.1479,1.1135
1898,-0.3225,0.2351,1.0259
1899,-0.2422,0.1851,1.0442
1900,-0.1646,0.0630,0.9543
1901,0.0090,-0.0017,0.8557
1902,0.0566,-0.2134,0.8862
1903,0.0996,-0.1721,0.8274
1904,0.0813,-0.2251,0.8960
1905,0.0176,-0.0940,0.9641
1906,0.0132,0.0210,0.9966
1907,0.0212,0.0845,1.0667
1908,0.0959,0.1753,1.0569
1909,0.1716,0.2007,1.0500
1910,0.2563,0.1716,1.0093
1911,0.3032,0.0740,0.9399
1912,0.2954,-0.0522,0.9077
1913,0.1902,-0.1184,0.9163
1914,0.0669,-0.1145,0.8928
1915,-0.1162,-0.1267,0.9553
1916,-0.2471,-0.0713,0.9524
1917,-0.3186,0.0151,1.0181
1918,-0.3069,0.0913,1.0542
1919,-0.1963,0.1912,1.0200
1920,-0.1458,0.0840,1.0266
1921,-0.0469,0.1423,0.9351
1922,-0.0339,-0.0203,0.9573
1923,-0.0298,-0.0232,0.9104
1924,-0.1179,-0.1426,0.9106
1925,-0.1228,-0.2002,0.9165
1926,-0.1379,-0.2317,0.9553
1927,-0.0337,-0.1201,0.9624
1928,0.0352,-0.0583,1.0522
1929,0.2139,0.1179,0.9966
1930,0.3098,0.1777,1.0227
1931,0.3962,0.1533,1.0295
1932,0.4333,0.1694,0.9465
1933,0.4021,0.0496,0.9270
1934,0.3579,-0.0374,0.9585
1935,0.2144,-0.0510,0.8804
1936,0.0461,-0.0427,0.9504
1937,-0.1150,-0.1135,1.0132
1938,-0.2522,0.0322,0.9302
1939,-0.3254,-0.0220,1.0425
1940,-0.2827,0.0811,1.0237
1941,-0.2476,0.0830,0.9485
1942,-0.1646,0.0493,0.9963
1943,-0.1099,-0.0764,0.9573
1944,-0.0867,-0.0322,0.8794
1945,-0.1086,-0.1763,0.9829
1946,-0.0803,-0.0947,0.9592
1947,-0.1255,-0.0610,0.9338
1948,-0.0967,0.0273,1.0315
1949,-0.0298,0.0090,1.0403
1950,0.0120,0.1990,0.9329
1951,0.1150,0.1077,1.0415
1952,0.2354,0.0784,0.9722
1953,0.3018,0.1443,0.8657
1954,0.3813,-0.0320,0.9829
1955,0.3433,-0.0688,0.9126
1956,0.2339,-0.0505,0.8540
1957,0.1021,-0.1274,1.0327
1958,-0.0706,-0.1331,1.0110
1959,-0.1729,0.0620,0.9602
1960,-0.2786,0.0354,1.1323
1961,-0.2957,0.1318,1.0376
1962,-0.2339,0.1968,0.9202
1963,-0.2092,0.0667,1.0396
1964,-0.1292,0.0251,0.9077
1965,-0.0530,0.0359,0.8098
1966,-0.0337,-0.1829,0.9692
1967,-0.0244,-0.1746,0.8625
1968,-0.0442,-0.1560,0.9026
1969,-0.0491,-0.1633,1.0845
1970,0.0015,0.0247,0.9856
1971,0.0164,0.0586,1.0510
1972,0.1423,0.1104,1.1057
1973,0.2935,0.1448,0.9790
1974,0.3491,0.1580,0.9663
1975,0.4380,0.1296,0.9399
1976,0.4392,-0.0049,0.8772
1977,0.3533,-0.1174,0.8674
1978,0.2407,-0.0991,0.9292
1979,0.0288,-0.1692,0.9778
1980,-0.1340,-0.0088,0.9563
1981,-0.3413,-0.0569,1.0403
1982,-0.4028,0.0586,1.0569
1983,-0.3853,0.0901,1.0139
1984,-0.2900,0.2031,1.0344
1985,-0.2156,0.0786,1.0120
1986,-0.0613,0.1042,0.8567
1987,-0.0234,-0.1794,0.9377
1988,-0.0181,-0.1702,0.8704
1989,-0.0176,-0.1465,0.8730
1990,-0.0608,-0.1455,0.9995
1991,-0.0627,-0.0090,0.9719
1992,-0.0034,0.0483,1.0022
1993,0.0559,0.1006,1.0842
1994,0.1868,0.1772,1.0149
1995,0.2812,0.1692,0.9653
1996,0.2959,0.0679,1.0171
1997,0.3188,-0.0083,0.8879
1998,0.2644,-0.0037,0.9006
1999,0.1411,-0.1035,0.9771
2000,0.0688,-0.0061,0.8638
2001,-0.0884,-0.1511,1.0085
2002,-0.1355,-0.0334,1.0081
2003,-0.1851,0.0935,0.9915
2004,-0.2246,0.1118,1.1096
2005,-0.2043,0.1824,0.9766
2006,-0.1860,0.0886,0.9329
2007,-0.1667,-0.0708,0.9941
2008,-0.0571,0.0195,0.8547
2009,-0.0398,-0.0862,0.9231
2010,-0.0286,-0.1025,0.9478
2011,-0.0398,-0.0959,0.8784
2012,-0.0549,-0.1594,1.0142
2013,-0.0049,-0.1116,1.0281
2014,0.0483,-0.0349,1.0110
2015,0.1189,0.0430,1.0608
2016,0.2683,0.1863,1.0032
2017,0.3403,0.1448,0.9927
2018,0.3806,0.1118,0.9504
2019,0.3835,0.0229,0.9094
2020,0.3276,-0.0996,0.9146
2021,0.1904,-0.0935,0.8823
2022,0.0554,-0.0605,0.9387
2023,-0.0752,-0.0596,1.0190
2024,-0.1770,0.0967,0.9475
2025,-0.2681,0.0676,1.0598
2026,-0.2737,0.0496,1.0425
2027,-0.2808,0.1228,0.9309
2028,-0.2185,0.0466,1.0269
2029,-0.1919,-0.0581,0.9670
2030,-0.1233,-0.0251,0.8442
2031,-0.0864,-0.2336,0.9915
2032,-0.1145,-0.1589,0.9153
2033,-0.0928,-0.0261,0.8958
2034,-0.0334,-0.0889,1.0747
2035,0.0154,0.0952,0.9731
2036,0.1248,0.1489,0.9800
2037,0.1890,0.1313,1.0884
2038,0.2466,0.1694,0.9390
2039,0.2654,0.0942,0.9114
2040,0.2458,-0.0581,0.9827
2041,0.2168,-0.1335,0.8923
2042,0.1897,-0.0076,0.9036
2043,0.0833,-0.0630,1.0386
2044,0.0039,0.0269,0.9504
2045,-0.1074,-0.0068,0.9807
2046,-0.1895,0.0029,1.0776
2047,-0.2021,0.0759,0.9917
2048,-0.1538,0.1060,0.9807
2049,-0.1509,0.0737,1.0100
2050,-0.0706,0.0503,0.8945
2051,-0.0181,-0.0388,0.9124
2052,-0.0427,-0.1108,0.9563
2053,-0.0381,-0.0669,0.8669
2054,-0.0986,-0.0972,0.9814
2055,-0.1021,-0.1033,0.9946
2056,-0.0361,0.0088,0.9602
2057,0.0159,-0.0928,1.0767
2058,0.1970,0.1072,1.0022
2059,0.3276,0.1143,0.9839
2060,0.4060,0.1357,1.0149
2061,0.4414,0.0828,0.9370
2062,0.3650,-0.0122,0.9114
2063,0.2617,-0.0908,0.9233
2064,0.1396,-0.1533,0.9329
2065,-0.0500,-0.0559,0.9370
2066,-0.1731,-0.0015,1.0132
2067,-0.2170,0.1072,1.0171
2068,-0.3149,0.1250,0.9827
2069,-0.2717,0.1045,1.0327
2070,-0.2463,0.0076,1.0005
2071,-0.1938,0.0632,0.8931
2072,-0.1191,-0.0576,0.9966
2073,-0.1030,-0.0996,0.9270
2074,-0.0935,-0.0671,0.8596
2075,-0.0588,-0.2170,1.0122
2076,-0.0823,-0.1597,0.9409
2077,-0.0413,0.0056,0.9399
2078,-0.0110,0.0059,1.0952
2079,0.0449,0.1606,0.9729
2080,0.1555,0.1606,0.9807
2081,0.2305,0.0850,1.0334
2082,0.3062,0.1257,0.9048
2083,0.3191,0.0181,0.9485
2084,0.2573,0.0154,0.9507
2085,0.1816,-0.0537,0.9221
2086,0.0947,-0.0569,0.9680
2087,-0.0012,-0.0320,0.9934
2088,-0.0579,0.0347,1.0071
2089,-0.1326,-0.0137,1.0142
2090,-0.1511,0.0840,0.9604
2091,-0.1895,-0.0232,1.0081
2092,-0.1760,0.0461,0.9407
2093,-0.1353,0.0129,0.9182
2094,-0.1030,-0.0520,0.9409
2095,-0.0737,-0.0222,0.9163
2096,-0.0581,-0.0232,0.9458
2097,-0.0559,0.0100,0.9966
2098,-0.0474,-0.0930,1.0188
2099,-0.0217,-0.0244,0.9585
2100,0.0962,-0.0415,1.0444
2101,0.2546,-0.0149,1.0325
2102,0.3999,0.1125,0.9087
2103,0.4185,0.0352,1.0210
2104,0.4036,0.0645,0.9194
2105,0.3342,0.0200,0.8599
2106,0.1445,-0.1897,1.0090
2107,0.0200,-0.0793,0.8704
2108,-0.0649,-0.0188,0.9888
2109,-0.1235,-0.0112,1.0833
2110,-0.1279,0.2285,0.9387
2111,-0.1924,0.0508,1.0952
2112,-0.2061,0.1292,1.0237
2113,-0.2144,0.0845,0.9226
2114,-0.2556,-0.0312,1.0000
2115,-0.2378,-0.0461,0.9065
2116,-0.1763,-0.1313,0.8508
2117,-0.1250,-0.1626,0.9487
2118,-0.0845,-0.1428,0.9243
2119,-0.0352,-0.0786,0.9302
2120,-0.0081,-0.0408,1.0315
2121,-0.0347,0.0222,1.0432
2122,0.0110,0.2444,0.9878
2123,0.0537,0.1304,1.1038
2124,0.1677,0.1311,0.9680
2125,0.2305,0.0591,0.9146
2126,0.2710,-0.0889,1.0054
2127,0.3081,-0.0647,0.8657
2128,0.2217,-0.1033,0.9116
2129,0.1367,-0.0952,0.9700
2130,0.0630,0.0520,0.9165
2131,-0.0146,0.0652,1.0149
2132,-0.0684,0.1577,1.0286
2133,-0.0847,0.1011,1.0022
2134,-0.0989,0.0493,1.0049
2135,-0.0991,0.0444,0.9729
2136,-0.1233,-0.0117,0.9692
2137,-0.1360,-0.0669,0.9185
2138,-0.1497,-0.1262,0.9299
2139,-0.1631,-0.2153,0.9399
2140,-0.1157,-0.0876,0.9114
2141,-0.0569,-0.1392,1.0054
2142,0.0737,-0.0137,0.9917
2143,0.1821,0.0581,1.0054
2144,0.3213,0.1138,1.0286
2145,0.4285,0.1492,1.0139
2146,0.4204,0.1335,0.9595
2147,0.3750,0.0994,0.9612
2148,0.2500,-0.0842,0.9751
2149,0.1145,0.0115,0.8491
2150,-0.0154,-0.1641,0.9946
2151,-0.1411,-0.0491,0.9436
2152,-0.2336,0.0789,0.9253
2153,-0.2390,0.0293,1.1001
2154,-0.2534,0.0942,0.9495
2155,-0.2354,0.1321,0.9553
2156,-0.1516,-0.0486,1.0972
2157,-0.0757,0.1086,0.8569
2158,-0.0767,-0.0867,0.9729
2159,-0.0415,-0.1711,0.9917
2160,-0.0869,-0.1057,0.8352
2161,-0.1179,-0.1509,0.9937
2162,-0.1375,-0.0884,0.9937
2163,-0.1477,-0.0232,0.9292
2164,-0.0745,0.0681,1.0354
2165,-0.0061,0.1189,1.0266
2166,0.1089,0.2061,0.9465
2167,0.1804,0.1184,0.9993
2168,0.2576,0.0454,0.9641
2169,0.2935,-0.0740,0.9224
2170,0.2908,-0.0730,0.9377
2171,0.2163,-0.1235,0.9956
2172,0.1660,0.0066,0.9272
2173,0.0593,0.0378,0.9917
2174,-0.0503,0.0315,1.0366
2175,-0.1343,0.1133,0.9663
2176,-0.1763,0.1125,1.0005
2177,-0.2004,0.0793,0.9866
2178,-0.1580,0.0925,0.8960
2179,-0.1304,-0.0745,0.9534
2180,-0.1289,-0.0977,0.9302
2181,-0.1177,-0.1636,0.9036
2182,-0.1289,-0.1665,0.9819
2183,-0.1033,-0.1660,0.9751
2184,-0.0215,-0.0708,0.9897
2185,0.0962,0.0063,1.0649
2186,0.2798,0.2061,1.0435
2187,0.3914,0.2224,1.0129
2188,0.4353,0.1646,0.9670
2189,0.4165,0.0293,0.9136
2190,0.3457,-0.0601,0.8765
2191,0.2605,-0.0869,0.8928
2192,0.0964,-0.1699,0.9429
2193,-0.0046,-0.0669,0.8882
2194,-0.1226,-0.0698,1.0310
2195,-0.2300,0.0576,1.0452
2196,-0.2405,0.1892,1.0073
2197,-0.2739,0.0664,1.1340
2198,-0.2373,0.1567,0.9583
2199,-0.1804,0.1113,0.9749
2200,-0.1599,-0.0459,1.0110
2201,-0.1055,-0.0256,0.8118
2202,-0.0942,-0.2439,0.8899
2203,-0.1157,-0.2415,0.9172
2204,-0.1182,-0.1394,0.8362
2205,-0.1411,-0.0837,1.0276
2206,-0.1104,-0.0037,1.0334
2207,-0.0400,0.1533,0.9690
2208,0.0369,0.1143,1.1321
2209,0.1599,0.2139,1.0237
2210,0.2654,0.1826,0.9573
2211,0.2637,0.0015,1.0305
2212,0.2888,-0.0676,0.8748
2213,0.2385,-0.1567,0.8936
2214,0.1848,-0.1699,0.9448
2215,0.1270,0.0159,0.9065
2216,0.0210,-0.0024,0.9700
2217,-0.0527,0.2114,1.0044
2218,-0.1697,0.0571,1.0210
2219,-0.1711,0.1721,0.9741
2220,-0.2109,-0.0276,1.0237
2221,-0.1489,0.0803,0.9468
2222,-0.1423,-0.0259,0.9478
2223,-0.0811,-0.1047,0.9629
2224,-0.0813,-0.1538,0.9058
2225,-0.0718,-0.1943,0.9436
2226,-0.0723,-0.1448,0.9976
2227,-0.0139,-0.0334,0.9612
2228,0.0391,0.0254,1.0249
2229,0.2039,0.0967,1.0266
2230,0.3242,0.1699,0.9631
2231,0.4126,0.1438,0.9966
2232,0.4700,0.0769,0.9548
2233,0.3481,-0.0212,0.9097
2234,0.2305,-0.0596,0.9182
2235,0.0481,-0.1201,0.9595
2236,-0.0913,-0.0437,0.9250
2237,-0.1394,-0.0071,1.0122
2238,-0.2007,0.0627,1.0308
2239,-0.1982,0.1709,0.9919
2240,-0.1936,0.0713,1.0444
2241,-0.2012,0.0837,0.9731
2242,-0.1782,0.0156,0.9250
2243,-0.1438,-0.0989,0.9661
2244,-0.1233,-0.1025,0.8716
2245,-0.0884,-0.1150,0.8911
2246,-0.0691,-0.1931,0.9905
2247,-0.0532,-0.0784,0.8879
2248,-0.0803,-0.0588,1.0295
2249,-0.0596,0.0300,1.0718
2250,-0.0491,0.2104,0.9631
2251,-0.0176,0.1355,1.0930
2252,0.0952,0.1497,1.0063
2253,0.1951,0.0879,0.9075
2254,0.2905,-0.1057,0.9390
2255,0.3357,-0.1555,0.9055
2256,0.3159,-0.1528,0.8491
2257,0.2585,-0.0386,0.9690
2258,0.1116,-0.0305,1.0151
2259,0.0195,0.2483,0.9233
2260,-0.1694,0.1125,1.1145
2261,-0.2268,0.2153,1.0288
2262,-0.2559,0.1228,0.9644
2263,-0.2415,0.0046,1.0337
2264,-0.2241,-0.0415,0.9065
2265,-0.1868,-0.1069,0.8706
2266,-0.1604,-0.1938,0.9395
2267,-0.1396,-0.2026,0.8901
2268,-0.1021,-0.2043,0.9185
2269,-0.0547,-0.1936,1.0161
2270,0.0520,-0.0303,0.9934
2271,0.1548,0.0918,1.0737
2272,0.2476,0.2556,1.0630
2273,0.3674,0.2666,1.0249
2274,0.4272,0.1672,0.9995
2275,0.4155,0.0845,0.9028
2276,0.3931,-0.0669,0.9106
2277,0.2830,-0.1414,0.8606
2278,0.1311,-0.1038,0.8713
2279,0.0110,-0.1233,0.9788
2280,-0.1042,0.0044,0.9771
2281,-0.1965,0.0632,1.0181
2282,-0.2358,0.0933,1.0745
2283,-0.2429,0.1116,1.0259
2284,-0.2444,0.0920,1.0220
2285,-0.1797,0.0562,1.0022
2286,-0.1516,0.0129,0.9312
2287,-0.1196,-0.1096,0.9146
2288,-0.1008,-0.1350,0.8794
2289,-0.0999,-0.1360,0.8889
2290,-0.1118,-0.1470,0.9729
2291,-0.1040,-0.0190,0.9253
2292,-0.0811,0.0242,1.0151
2293,-0.0205,0.0378,1.0571
2294,0.0676,0.1929,0.9866
2295,0.1487,0.0732,1.0688
2296,0.2090,0.1248,0.9751
2297,0.2808,0.0688,0.8950
2298,0.2847,-0.1260,0.9761
2299,0.2695,-0.1252,0.8928
2300,0.2209,-0.0969,0.9114
2301,0.0972,-0.0042,0.9966
2302,-0.0559,0.1348,0.9653
2303,-0.1494,0.1692,0.9924
2304,-0.2629,0.0652,1.0571
2305,-0.2896,0.0623,0.9661
2306,-0.2324,0.0413,0.9536
2307,-0.1782,-0.0049,0.9680
2308,-0.1414,-0.0737,0.9211
2309,-0.1284,-0.1389,0.9114
2310,-0.1177,-0.1780,0.9629
2311,-0.0879,-0.1716,0.9524
2312,-0.0503,-0.0972,0.9631
2313,0.0361,-0.0767,1.0520
2314,0.1548,0.0430,1.0112
2315,0.2678,0.2258,1.0295
2316,0.3687,0.1707,1.0278
2317,0.4187,0.1753,0.9397
2318,0.4324,-0.0120,0.9192
2319,0.4031,-0.0083,0.9124
2320,0.3159,-0.0825,0.9067
2321,0.2034,-0.0393,0.9116
2322,0.0259,-0.0535,0.9680
2323,-0.0806,0.0330,1.0129
2324,-0.1868,0.0608,1.0317
2325,-0.2678,0.1216,1.0337
2326,-0.2778,0.0461,1.0259
2327,-0.2358,0.0103,0.9868
2328,-0.1826,0.0095,0.9285
2329,-0.1040,-0.0583,0.9768
2330,-0.0930,-0.1228,0.8928
2331,-0.0796,-0.0479,0.8557
2332,-0.1477,-0.2300,0.9956
2333,-0.1606,-0.0586,0.8899
2334,-0.1208,-0.0476,1.0010
2335,-0.0864,0.0251,1.0901
2336,0.0093,0.2073,0.9651
2337,0.1272,0.1545,1.0610
2338,0.1990,0.1118,1.0149
2339,0.2380,0.0757,0.9241
2340,0.2937,-0.0525,0.9514
2341,0.2808,-0.0879,0.9263
2342,0.2002,-0.1262,0.8713
2343,0.1519,0.0059,0.9309
2344,0.0352,-0.0791,1.0308
2345,-0.0894,0.1592,0.9211
2346,-0.2461,0.0833,1.0852
2347,-0.2815,0.1060,1.0481
2348,-0.3362,0.1250,0.9165
2349,-0.2805,-0.0327,1.0569
2350,-0.1733,-0.0024,0.9321
2351,-0.0693,-0.0408,0.8625
2352,0.0137,-0.1782,1.0015
2353,0.0442,-0.1177,0.8657
2354,0.0381,-0.1096,0.9436
2355,0.0261,-0.1416,1.0471
2356,0.0525,0.0459,0.9250
2357,0.1233,0.0022,1.0686
2358,0.2327,0.1553,1.0208
2359,0.3445,0.1853,0.9661
2360,0.4185,0.0449,1.0327
2361,0.4604,0.0786,0.8784
2362,0.3667,-0.0757,0.9282
2363,0.2695,-0.0330,0.9253
2364,0.1077,0.0139,0.9175
2365,-0.0200,-0.0098,1.0059
2366,-0.1150,0.0354,0.9963
2367,-0.1914,0.0247,0.9829
2368,-0.1919,0.0146,1.0325
2369,-0.2234,-0.0181,1.0083
2370,-0.2266,0.0598,0.9614
2371,-0.2317,-0.0103,0.9810
2372,-0.2056,-0.0286,0.9055
2373,-0.1721,-0.1108,0.9106
2374,-0.0771,-0.0789,0.9312
2375,-0.0491,-0.1467,0.9475
2376,-0.0093,-0.0103,0.9504
2377,-0.0422,0.0122,1.0005
2378,-0.0735,0.0752,1.0435
2379,-0.0723,0.0801,1.0159
2380,0.0005,0.1155,1.0090
2381,0.1003,0.0298,1.0051
2382,0.2612,0.0642,0.8950
2383,0.3569,-0.0010,0.9448
2384,0.3774,-0.0327,0.9185
2385,0.3423,0.0667,0.8862
2386,0.1733,-0.0845,0.9810
2387,0.0146,0.0105,0.9683
2388,-0.1653,-0.0261,1.0034
2389,-0.2632,0.0808,1.0520
2390,-0.3335,0.0601,1.0188
2391,-0.3096,0.0803,1.0083
2392,-0.2922,-0.0242,0.9922
2393,-0.2100,0.0173,0.9224
2394,-0.1829,-0.0972,0.9438
2395,-0.0940,-0.0295,0.8755
2396,-0.0486,-0.1763,0.9517
2397,0.0110,-0.1272,0.9231
2398,0.0759,-0.0952,0.9595
2399,0.1804,-0.0603,1.0442
2400,0.2300,0.1233,0.9961
2401,0.3191,0.1409,1.0500
2402,0.3767,0.1062,1.0432
2403,0.4421,0.1978,0.9094
2404,0.4622,0.0532,0.9836
2405,0.4517,0.0037,0.9185
2406,0.3550,0.0273,0.8433
2407,0.1890,-0.1255,0.9819
2408,0.0007,-0.0559,0.9280
2409,-0.2014,-0.0261,0.9438
2410,-0.3301,-0.0823,1.0842
2411,-0.4009,0.0195,0.9866
2412,-0.3606,0.0315,1.0103
2413,-0.2620,0.0481,1.0571
2414,-0.1824,0.0896,0.9458
2415,-0.1096,0.0173,0.9600
2416,-0.0698,-0.0171,0.9299
2417,-0.0557,-0.0938,0.9194
2418,-0.0862,-0.1096,0.9036
2419,-0.0854,-0.0557,0.9338
2420,-0.1074,-0.1331,0.9924
2421,-0.0220,0.0671,0.9485
2422,-0.0032,-0.0122,1.0540
2423,0.1118,0.1250,1.0142
2424,0.2222,0.1091,0.9771
2425,0.2937,0.0637,0.9875
2426,0.3357,0.0288,0.9556
2427,0.3154,0.0251,0.9175
2428,0.1855,0.0232,0.9873
2429,0.0693,-0.0342,0.9487
2430,-0.0989,0.0396,0.9478
2431,-0.2288,-0.0642,1.0083
2432,-0.2839,0.0127,0.9888
2433,-0.3037,-0.0115,0.9839
2434,-0.2253,0.0613,0.9771
2435,-0.2192,0.0251,0.9553
2436,-0.1721,0.0396,0.9409
2437,-0.0894,-0.0344,0.9397
2438,-0.0654,-0.1006,0.9341
2439,-0.0295,-0.1489,0.9468
2440,0.0278,-0.0828,0.9634
2441,0.0940,-0.0679,1.0034
2442,0.1814,-0.0217,1.0286
2443,0.2166,0.0520,0.9905
2444,0.3354,0.0789,1.0190
2445,0.4080,0.1033,0.9895
2446,0.4260,0.1602,0.9124
2447,0.4656,0.0923,0.9573
2448,0.4436,0.0095,0.9116
2449,0.3103,-0.0208,0.8733
2450,0.1687,-0.0684,0.9973
2451,-0.0598,-0.0457,0.9707
2452,-0.2791,0.0356,0.9868
2453,-0.4409,-0.0356,1.0862
2454,-0.5083,0.0195,1.0002
2455,-0.4485,0.0005,0.9995
2456,-0.2600,-0.0181,1.0112
2457,-0.1260,0.0391,0.9250
2458,0.0273,0.0339,0.8901
2459,0.1252,-0.0808,0.9573
2460,0.0432,-0.1436,0.8853
2461,-0.0552,-0.0103,0.9038
2462,-0.0994,-0.0818,1.0532
2463,-0.1724,0.0364,0.9583
2464,-0.1045,0.0693,0.9761
2465,0.0752,-0.0266,1.1108
2466,0.1694,0.0732,0.9438
2467,0.3191,0.1313,0.9377
2468,0.3523,0.0010,1.0608
2469,0.2549,0.0649,0.8440
2470,0.2180,0.0161,0.9097
2471,0.0828,-0.1077,1.0422
2472,-0.0891,0.0557,0.8704
2473,-0.1763,0.0479,0.9895
2474,-0.2861,-0.1062,1.1204
2475,-0.3213,0.0310,0.8735
2476,-0.2827,-0.0042,1.0295
2477,-0.2007,-0.0354,1.0764
2478,-0.0559,0.2000,0.8188
2479,-0.0151,0.0208,0.9985
2480,0.0203,-0.0508,0.9587
2481,0.0330,-0.0583,0.8147
2482,-0.0293,-0.1611,1.0325
2483,-0.0330,-0.0818,1.0278
2484,-0.0298,-0.0283,0.9153
2485,0.0454,0.0300,1.0845
2486,0.1501,-0.0012,1.0598
2487,0.3481,0.1638,0.8833
2488,0.4426,-0.0203,1.0559
2489,0.5337,0.1172,0.9058
2490,0.4839,0.0955,0.8403
2491,0.3589,-0.0117,0.9849
2492,0.1733,-0.0474,0.8901
2493,0.0234,-0.0178,0.9263
2494,-0.1538,-0.1272,1.0872
2495,-0.2788,0.0151,0.9739
2496,-0.3267,0.0227,1.0452
2497,-0.3862,0.0059,1.0989
2498,-0.3665,0.1399,0.9380
2499,-0.2773,0.0496,0.9976
2500,-0.1516,0.0188,0.9329
2501,-0.0464,-0.0166,0.8479
2502,0.0515,-0.1086,0.8948
2503,0.0703,-0.1587,0.9312
2504,0.0693,-0.1387,0.8943
2505,-0.0256,-0.1042,1.0151
2506,-0.0940,-0.0322,1.0569
2507,-0.0740,0.1082,1.0120
2508,-0.0361,0.1243,1.0735
2509,0.0642,0.1455,1.0278
2510,0.2129,0.1755,0.9087
2511,0.3130,0.0383,0.9731
2512,0.3372,-0.0337,0.8977
2513,0.3374,-0.0049,0.8257
2514,0.1792,-0.1904,1.0112
2515,0.0254,0.0115,0.9045
2516,-0.1743,-0.0273,0.9758
2517,-0.3354,-0.0808,1.1116
2518,-0.4055,0.0408,0.9731
2519,-0.3811,0.1003,1.0278
2520,-0.2710,0.0898,1.0706
2521,-0.1321,0.1575,0.8701
2522,-0.0251,0.0103,0.9377
2523,0.0432,-0.0999,0.9465
2524,0.0598,-0.0779,0.8315
2525,0.0271,-0.1560,0.9866
2526,-0.0049,-0.1240,0.9839
2527,-0.0217,-0.0557,0.9592
2528,0.0222,-0.0674,1.0745
2529,0.1494,0.0991,1.0298
2530,0.2908,0.1340,1.0100
2531,0.4097,0.2029,1.0020
2532,0.4919,0.1355,0.9436
2533,0.5171,0.0444,0.8628
2534,0.4419,-0.0645,0.9292
2535,0.3008,-0.0977,0.8918
2536,0.0864,-0.0588,0.9126
2537,-0.1299,-0.1367,1.0403
2538,-0.3196,-0.0469,0.9829
2539,-0.4636,0.0034,1.0435
2540,-0.4963,-0.0378,1.1323
2541,-0.3892,0.2068,0.9368
2542,-0.3044,0.1211,1.0139
2543,-0.1133,0.0620,0.9807
2544,0.0525,0.0269,0.8279
2545,0.0835,-0.1333,0.9253
2546,0.0933,-0.1257,0.9182
2547,0.0186,-0.1072,0.8538
2548,-0.0642,-0.1108,0.9927
2549,-0.0574,-0.1140,1.0383
2550,-0.0474,0.0410,0.9944
2551,0.0701,0.1191,1.0745
2552,0.2456,0.1604,1.0435
2553,0.2908,0.1440,0.9358
2554,0.3381,0.1150,0.9556
2555,0.3071,-0.0818,0.9802
2556,0.1897,-0.0017,0.8489
2557,0.0386,-0.0613,0.9319
2558,-0.0977,-0.0830,1.0190
2559,-0.2258,-0.0051,0.9019
2560,-0.3101,-0.0125,1.0452
2561,-0.3267,-0.0657,1.0769
2562,-0.2905,0.1311,0.9172
2563,-0.2700,0.0696,1.0359
2564,-0.1445,0.0828,0.9983
2565,-0.1233,0.0603,0.8462
2566,-0.0078,-0.0845,0.9526
2567,0.0676,-0.1548,0.9448
2568,0.0388,-0.0457,0.8459
2569,0.0569,-0.0710,1.0522
2570,0.0122,-0.0723,1.0247
2571,0.0005,0.0505,0.9409
2572,0.1182,-0.0208,1.1040
2573,0.2659,0.0916,0.9885
2574,0.4124,0.1562,0.9290
2575,0.5769,0.1030,1.0042
2576,0.5281,0.0542,0.8977
2577,0.4377,-0.0100,0.8567
2578,0.2314,-0.1245,0.9817
2579,-0.0598,-0.1116,0.9143
2580,-0.2556,-0.0757,0.9878
2581,-0.3784,-0.0381,1.0618
2582,-0.4182,0.0747,0.9995
2583,-0.3323,0.0427,1.0620
2584,-0.1758,0.0935,1.0015
2585,-0.1218,0.0872,0.9514
2586,0.0037,0.0225,0.9370
2587,0.0117,-0.0293,0.8967
2588,-0.0056,-0.0681,0.8655
2589,-0.0110,-0.1926,0.9407
2590,-0.0129,-0.1143,0.9153
2591,-0.0564,-0.0703,0.9795
2592,-0.0083,0.0010,1.0620
2593,-0.0193,0.0493,1.0334
2594,0.0259,0.1614,1.0090
2595,0.1123,0.1409,1.0637
2596,0.2065,0.1379,0.9448
2597,0.3289,0.0969,0.9001
2598,0.3472,-0.1147,0.9644
2599,0.2937,-0.0457,0.8459
2600,0.1130,-0.0813,0.9341
2601,-0.1074,-0.0747,1.0083
2602,-0.3296,-0.0198,0.9700
2603,-0.4509,-0.0452,1.0337
2604,-0.4673,-0.0015,1.0471
2605,-0.3687,0.0503,0.9954
2606,-0.1877,0.1665,0.9810
2607,-0.0437,0.1179,0.9739
2608,0.0542,0.0059,0.9146
2609,0.1206,-0.0293,0.8667
2610,0.0498,-0.1670,0.9429
2611,0.0247,-0.1230,0.9409
2612,-0.0566,-0.0867,0.9526
2613,-0.1023,-0.0684,1.0415
2614,0.0015,-0.0291,1.0208
2615,0.1401,0.0979,1.0093
2616,0.3330,0.1697,1.0376
2617,0.5396,0.1638,0.9946
2618,0.5522,0.1335,0.8813
2619,0.5505,0.0249,0.9036
2620,0.3953,-0.1294,0.9348
2621,0.1672,-0.0535,0.8462
2622,-0.0356,-0.1411,1.0171
2623,-0.2363,-0.1067,1.0217
2624,-0.3796,0.0034,0.9644
2625,-0.3940,0.0103,1.1233
2626,-0.3694,0.0940,1.0308
2627,-0.2358,0.2197,0.9465
2628,-0.1021,0.0422,1.0620
2629,-0.0254,0.0862,0.8577
2630,0.0537,-0.0315,0.8521
2631,0.0286,-0.1975,0.9641
2632,0.0020,-0.0989,0.8225
2633,-0.0471,-0.2166,0.9729
2634,-0.0369,-0.1235,1.0474
2635,-0.0291,0.0095,0.9644
2636,0.0210,0.0994,1.0835
2637,0.1316,0.1428,1.0793
2638,0.2178,0.2493,0.9260
2639,0.2874,0.1335,1.0164
2640,0.3479,0.1013,0.9312
2641,0.2952,0.0159,0.8206
2642,0.2183,-0.1365,0.9634
2643,0.0210,-0.1687,0.9153
2644,-0.1545,-0.0625,0.8948
2645,-0.3352,-0.2109,1.1001
2646,-0.4624,-0.0222,0.9709
2647,-0.4241,0.0654,1.0122
2648,-0.3188,0.0623,1.1389
2649,-0.1892,0.2817,0.9143
2650,-0.0442,0.1526,0.9749
2651,0.0276,0.0002,0.9712
2652,0.0435,-0.0627,0.8228
2653,0.0430,-0.1555,0.9475
2654,-0.0295,-0.1919,0.9741
2655,-0.0347,-0.0400,0.8911
2656,-0.0203,-0.1326,1.0415
2657,0.0811,0.0537,1.0015
2658,0.2129,0.0720,0.9973
2659,0.3921,0.1553,1.0278
2660,0.5203,0.1370,0.9622
2661,0.5347,0.1125,0.9185
2662,0.4927,0.0139,0.9585
2663,0.3525,-0.0737,0.9155
2664,0.1404,-0.0923,0.9075
2665,-0.0974,-0.1973,1.0193
2666,-0.2385,-0.0105,0.9602
2667,-0.3850,-0.0500,1.0454
2668,-0.3730,0.0728,1.0549
2669,-0.3411,0.0967,0.9712
2670,-0.2444,0.1382,0.9888
2671,-0.0986,0.0881,0.9604
2672,-0.0007,0.0632,0.8831
2673,0.0649,-0.0532,0.9172
2674,0.0562,-0.1616,0.9194
2675,0.0051,-0.1543,0.9038
2676,-0.0508,-0.1101,0.9905
2677,-0.1108,-0.0852,1.0308
2678,-0.1052,0.0359,1.0103
2679,-0.0144,0.0854,1.0513
2680,0.1169,0.1770,1.0405
2681,0.2500,0.1763,0.9456
2682,0.3853,0.1345,0.9468
2683,0.3716,-0.0061,0.9214
2684,0.3264,0.0352,0.8481
2685,0.1680,-0.1655,0.9780
2686,0.0066,-0.1416,0.9214
2687,-0.1687,-0.1309,0.9709
2688,-0.3108,-0.1094,1.0845
2689,-0.3706,0.0742,1.0139
2690,-0.3538,0.1096,1.0562
2691,-0.3088,0.1396,1.0298
2692,-0.1865,0.1599,0.9263
2693,-0.0693,0.0054,0.9592
2694,0.0151,0.0039,0.8579
2695,0.0337,-0.1335,0.8752
2696,-0.0242,-0.1887,0.9163
2697,-0.0642,-0.0938,0.9263
2698,-0.1165,-0.1353,1.0366
2699,-0.0857,0.0149,1.0220
2700,-0.0024,0.0408,1.0564
2701,0.2280,0.1633,1.0532
2702,0.4182,0.2185,1.0229
2703,0.5500,0.1567,0.9456
2704,0.6177,0.0776,0.9058
2705,0.5330,-0.1050,0.8899
2706,0.3865,-0.0754,0.8586
2707,0.1633,-0.1177,0.9351
2708,-0.0745,-0.1333,0.9937
2709,-0.2642,-0.0449,0.9495
2710,-0.3772,-0.0576,1.0747
2711,-0.3879,0.0669,1.0640
2712,-0.3386,0.2119,0.9866
2713,-0.2344,0.1172,1.0725
2714,-0.1147,0.0723,0.9358
2715,0.0203,0.0518,0.8647
2716,0.0588,-0.1382,0.9587
2717,0.0981,-0.0647,0.8462
2718,0.0156,-0.1741,0.9231
2719,-0.0601,-0.1509,1.0034
2720,-0.1086,-0.0933,0.9380
2721,-0.1394,-0.0298,1.0422
2722,-0.0630,0.1252,1.0591
2723,0.0928,0.2083,1.0059
2724,0.1719,0.1709,1.0142
2725,0.3237,0.1167,0.9351
2726,0.3696,0.0371,0.9136
2727,0.3169,-0.0728,0.9341
2728,0.2615,-0.0247,0.9114
2729,0.0579,-0.1121,0.9604
2730,-0.1575,-0.0835,0.9839
2731,-0.2542,-0.0535,0.9810
2732,-0.4006,-0.0796,1.0571
2733,-0.4019,0.0974,1.0120
2734,-0.3186,0.1248,0.9897
2735,-0.2341,0.1128,1.0015
2736,-0.1133,0.0969,0.9065
2737,0.0283,-0.0042,0.9065
2738,0.0564,-0.1111,0.9456
2739,0.1077,-0.0820,0.8743
2740,0.0366,-0.0986,0.9973
2741,-0.0872,-0.1238,1.0042
2742,-0.0540,-0.0071,0.9917
2743,-0.0291,-0.1206,1.0601
2744,0.1541,0.1367,0.9973
2745,0.3743,0.1094,1.0042
2746,0.5454,0.2529,0.9580
2747,0.6052,0.1145,0.9045
2748,0.5620,-0.0361,0.9048
2749,0.3774,-0.0820,0.8987
2750,0.1279,-0.1052,0.9153
2751,-0.1404,-0.0654,0.9944
2752,-0.3291,-0.0940,1.0120
2753,-0.4336,0.0173,1.0317
2754,-0.4038,-0.0254,1.0715
2755,-0.2764,0.1677,1.0229
2756,-0.1770,0.1199,0.9868
2757,-0.0823,0.1406,0.9504
2758,-0.0354,-0.0696,0.9146
2759,0.0039,-0.0488,0.8513
2760,-0.0022,-0.1655,0.8967
2761,0.0071,-0.1631,0.9319
2762,-0.0222,-0.1089,0.9478
2763,-0.0251,-0.0190,1.0210
2764,-0.0200,-0.0164,1.0852
2765,0.0396,0.1682,0.9915
2766,0.1377,0.1440,1.0571
2767,0.2510,0.1726,1.0151
2768,0.3091,0.1104,0.8950
2769,0.3591,0.0369,0.9319
2770,0.2832,-0.0933,0.9077
2771,0.1626,-0.0337,0.8745
2772,-0.0134,-0.1133,0.9771
2773,-0.1978,-0.0964,0.9915
2774,-0.3284,-0.0444,0.9917
2775,-0.3843,0.0190,1.0598
2776,-0.3757,0.0859,1.0413
2777,-0.2676,0.1340,0.9934
2778,-0.1765,0.1128,0.9507
2779,-0.0762,0.0559,0.9622
2780,0.0173,-0.0481,0.8862
2781,0.0168,-0.0479,0.8843
2782,0.0020,-0.2034,0.9915
2783,-0.0103,-0.0813,0.8948
2784,-0.0388,-0.0913,0.9995
2785,0.0054,-0.0933,1.0793
2786,0.0889,0.0916,0.9595
2787,0.2256,0.0835,1.0610
2788,0.3726,0.1365,1.0347
2789,0.4724,0.2136,0.8733
2790,0.4871,0.0825,0.9797
2791,0.4480,0.0376,0.8987
2792,0.3079,0.0005,0.8501
2793,0.1145,-0.1785,0.9954
2794,-0.0784,-0.1143,0.9407
2795,-0.2830,-0.1108,0.9790
2796,-0.3801,-0.0122,1.0815
2797,-0.4172,0.0271,1.0269
2798,-0.3286,0.1262,1.0022
2799,-0.1926,0.0564,1.0234
2800,-0.0715,0.0959,0.9243
2801,0.0303,0.0408,0.9136
2802,0.0518,-0.0413,0.9299
2803,-0.0061,-0.1375,0.8899
2804,-0.0515,-0.1624,0.9045
2805,-0.1089,-0.1326,0.9875
2806,-0.0928,-0.0105,1.0178
2807,-0.0239,0.0718,1.0227
2808,0.0928,0.0984,1.0444
2809,0.2075,0.1052,1.0103
2810,0.2834,0.1633,0.9458
2811,0.3218,0.0991,0.9741
2812,0.3035,0.0276,0.9211
2813,0.1909,-0.0181,0.8784
2814,0.1316,-0.0781,0.9409
2815,-0.0134,-0.1213,0.9692
2816,-0.1194,-0.0337,0.9419
2817,-0.2476,-0.0564,1.0598
2818,-0.3511,-0.0193,1.0266
2819,-0.3499,0.1111,0.9907
2820,-0.3430,0.0725,1.0415
2821,-0.2327,0.1433,0.9595
2822,-0.0903,0.0237,0.9241
2823,0.0042,-0.0330,0.9016
2824,0.0537,-0.1165,0.8950
2825,0.0771,-0.1316,0.9065
2826,0.0081,-0.1055,0.9624
2827,-0.0461,-0.1067,1.0073
2828,0.0034,-0.0220,0.9973
2829,0.0420,0.0017,1.0559
2830,0.2559,0.1655,1.0327
2831,0.3904,0.1685,1.0100
2832,0.5415,0.1851,0.9565
2833,0.5249,0.0435,0.9517
2834,0.4438,0.0015,0.8677
2835,0.2351,-0.0801,0.9194
2836,0.0193,-0.1152,0.9194
2837,-0.2336,-0.0425,0.9536
2838,-0.3179,-0.0740,1.0120
2839,-0.3503,-0.0188,1.0396
2840,-0.3445,-0.0083,0.9954
2841,-0.2073,0.1355,1.0171
2842,-0.1792,0.0461,1.0425
2843,-0.1038,0.1843,0.8989
2844,-0.0867,-0.0723,0.9983
2845,-0.0823,-0.0669,0.8979
2846,-0.1011,-0.0750,0.8586
2847,-0.0356,-0.1479,0.9846
2848,-0.0308,-0.1426,0.9458
2849,0.0627,-0.0325,0.9260
2850,0.0825,-0.0425,1.1079
2851,0.1265,0.1672,0.9780
2852,0.1948,0.1921,0.9966
2853,0.2102,0.1067,1.0366
2854,0.2773,0.1458,0.9192
2855,0.3484,0.0403,0.9485
2856,0.3140,0.0098,0.9419
2857,0.2251,-0.1238,0.9309
2858,0.0908,-0.1018,0.9055
2859,-0.1582,-0.1460,1.0220
2860,-0.2952,-0.0732,0.9751
2861,-0.4233,0.0205,0.9827
2862,-0.4500,0.0369,1.0425
2863,-0.3254,0.1416,0.9829
2864,-0.1851,0.1355,0.9661
2865,-0.0627,0.0442,0.9944
2866,0.0623,0.0015,0.8931
2867,0.0410,-0.1143,0.9214
2868,0.0242,-0.1582,0.9692
2869,0.0090,-0.1050,0.9302
2870,-0.0879,-0.1011,1.0024
2871,0.0112,-0.0488,1.0112
2872,0.0908,0.0037,0.9946
2873,0.2368,0.1543,0.9985
2874,0.3872,0.1394,1.0356
2875,0.4583,0.1799,0.9204
2876,0.4097,0.0852,0.9194
2877,0.3882,-0.0261,0.9478
2878,0.2312,-0.0671,0.8918
2879,0.0557,-0.0625,0.9514
2880,-0.0801,-0.1077,1.0090
2881,-0.2437,-0.0549,0.9583
2882,-0.3584,-0.0469,1.0288
2883,-0.3992,0.0344,1.0396
2884,-0.3416,0.1367,1.0051
2885,-0.2468,0.1060,0.9915
2886,-0.1174,0.0886,0.9429
2887,-0.0107,-0.0444,0.9241
2888,0.0391,-0.0583,0.8918
2889,0.0479,-0.1465,0.9329
2890,0.0251,-0.1240,0.9194
2891,-0.0308,-0.0999,0.9507
2892,-0.0442,-0.0776,1.0393
2893,0.0039,0.0676,1.0200
2894,0.0942,0.1443,1.0190
2895,0.2314,0.1738,1.0376
2896,0.2908,0.1294,0.9553
2897,0.3955,0.1238,0.9136
2898,0.3708,-0.0366,0.9573
2899,0.2949,-0.0381,0.8674
2900,0.1477,-0.0981,0.9419
2901,-0.0505,-0.1235,0.9702
2902,-0.2419,-0.0388,0.9702
2903,-0.3853,-0.1333,1.0208
2904,-0.3667,0.0391,1.0129
2905,-0.3125,0.0361,1.0415
2906,-0.1919,0.2151,0.9817
2907,-0.0676,0.1099,0.9868
2908,-0.0427,-0.0042,0.9446
2909,-0.0476,0.0032,0.8745
2910,-0.0725,-0.1528,0.9810
2911,-0.1462,-0.0903,0.9075
2912,-0.1150,-0.1069,0.9224
2913,-0.0435,-0.1755,1.0754
2914,0.0688,0.0579,0.9165
2915,0.2510,0.0491,1.0598
2916,0.3435,0.0530,1.0520
2917,0.3914,0.2466,0.8616
2918,0.4011,0.0046,1.0510
2919,0.3962,0.1025,0.9163
2920,0.3303,-0.0007,0.8545
2921,0.2764,-0.1611,1.0093
2922,0.1343,-0.0676,0.9055
2923,-0.0173,0.0273,0.9426
2924,-0.2903,-0.0632,1.1187
2925,-0.4438,0.1479,0.9436
2926,-0.5457,-0.0115,1.0237
2927,-0.4768,0.0334,1.0298
2928,-0.2991,0.0166,0.9214
2929,-0.0625,0.0430,0.9348
2930,0.1118,-0.0127,0.9741
2931,0.1687,-0.0518,0.8735
2932,0.1013,-0.1506,0.8997
2933,-0.0042,-0.2532,1.0051
2934,-0.0981,-0.0825,0.9204
2935,-0.1392,0.0439,1.0403
2936,0.0391,0.1377,1.0940
2937,0.1289,0.1882,0.9878
2938,0.3062,0.1870,0.9878
2939,0.3972,0.0732,1.0383
2940,0.4094,0.1025,0.8276
2941,0.3384,0.0144,0.9302
2942,0.2195,-0.1555,0.9553
2943,0.0667,-0.0310,0.8110
2944,-0.0835,-0.1726,1.0188
2945,-0.1492,-0.1262,1.0386
2946,-0.2632,0.0215,0.9202
2947,-0.3147,0.0225,1.1343
2948,-0.3030,0.1184,1.0581
2949,-0.2676,0.2710,0.9055
2950,-0.2090,0.0530,1.0930
2951,-0.0950,0.0464,0.8804
2952,-0.0522,-0.0652,0.8157
2953,0.0132,-0.2185,0.9856
2954,-0.0149,-0.1880,0.8706
2955,-0.0212,-0.1211,0.9121
2956,0.0032,-0.1399,1.0930
2957,0.0349,0.0156,0.9827
2958,0.1243,0.1067,1.0305
2959,0.2585,0.1138,1.0923
2960,0.3459,0.1924,0.9534
2961,0.3855,0.1436,0.9758
2962,0.4282,0.1182,0.9487
2963,0.3267,-0.0530,0.8774
2964,0.2231,-0.1006,0.8677
2965,0.0588,-0.1445,0.9380
2966,-0.1431,-0.0793,0.9436
2967,-0.2471,-0.0242,0.9983
2968,-0.3411,-0.0139,1.0425
2969,-0.3735,0.0295,1.0217
2970,-0.2874,0.0852,1.0229
2971,-0.1921,0.1040,1.0198
2972,-0.0999,0.0977,0.9487
2973,-0.0166,-0.0049,0.9231
2974,0.0059,-0.1067,0.9387
2975,0.0540,-0.1086,0.8772
2976,-0.0046,-0.1799,0.9504
2977,0.0061,-0.0845,0.9553
2978,-0.0237,-0.0059,0.9788
2979,0.0371,0.1013,1.0161
2980,0.1497,0.1128,1.0461
2981,0.2393,0.1438,0.9797
2982,0.3330,0.1328,0.9761
2983,0.4158,0.0579,0.9836
2984,0.3472,0.0457,0.8960
2985,0.2434,0.0120,0.9309
2986,0.0688,-0.1733,1.0024
2987,-0.1025,-0.0537,0.8821
2988,-0.2107,-0.1682,1.0200
2989,-0.3345,-0.0676,1.0256
2990,-0.3108,0.1409,0.9272
2991,-0.2495,0.0803,1.1077
2992,-0.2141,0.1519,0.9631
2993,-0.1155,0.1428,0.8911
2994,-0.0828,-0.1321,1.0471
2995,-0.0481,0.0117,0.8430
2996,-0.0549,-0.1492,0.9250
2997,-0.0688,-0.1685,1.0103
2998,-0.0957,-0.1018,0.8909
2999,-0.0342,-0.1133,1.0083
3000,0.0466,-0.0317,1.0676
3001,0.1787,0.1406,0.9465
3002,0.3030,0.1885,1.0667
3003,0.4067,0.1479,0.9917
3004,0.4360,0.1316,0.8882
3005,0.3962,-0.0603,0.9465
3006,0.3391,0.0002,0.9182
3007,0.1714,-0.0662,0.9341
3008,0.0369,0.0190,0.9658
3009,-0.1626,-0.1162,0.9885
3010,-0.3186,-0.0334,0.9429
3011,-0.4114,-0.0476,1.0454
3012,-0.3491,0.1006,1.0012
3013,-0.2727,0.1135,0.9790
3014,-0.1160,0.0918,0.9829
3015,-0.0076,-0.0115,0.9370
3016,0.1104,-0.0686,0.9038
3017,0.0613,-0.1633,0.9624
3018,-0.0159,-0.0715,0.9153
3019,-0.0845,-0.0911,0.9915
3020,-0.1370,-0.0334,1.0220
3021,-0.1267,0.0520,1.0022
3022,-0.0083,0.0789,1.0483
3023,0.1545,0.1660,0.9661
3024,0.3064,0.1477,0.9651
3025,0.4119,0.0959,0.9534
3026,0.4021,0.0090,0.8948
3027,0.3748,-0.0527,0.9114
3028,0.2310,-0.1409,0.9526
3029,0.0981,-0.0271,0.8962
3030,-0.0525,-0.1167,1.0571
3031,-0.1772,0.0181,1.0208
3032,-0.2700,0.0911,0.9983
3033,-0.3279,0.0156,1.0959
3034,-0.3369,0.1396,0.9453
3035,-0.3142,0.1125,0.9641
3036,-0.2356,0.0520,0.9966
3037,-0.2153,-0.0061,0.8469
3038,-0.1223,-0.0879,0.8899
3039,-0.0696,-0.2900,0.9834
3040,0.0042,-0.1262,0.8450
3041,0.0288,-0.2024,1.0549
3042,0.1284,-0.0410,1.0571
3043,0.1592,0.1338,0.9641
3044,0.2385,0.1343,1.1321
3045,0.3347,0.1680,1.0042
3046,0.3813,0.1843,0.8989
3047,0.4565,0.0120,1.0044
3048,0.4199,0.0298,0.8267
3049,0.3308,-0.0061,0.8577
3050,0.1826,-0.1587,0.9961
3051,-0.0229,-0.0269,0.8677
3052,-0.2661,-0.1533,1.0188
3053,-0.3843,-0.0054,1.0598
3054,-0.4846,0.1003,1.0161
3055,-0.4006,0.1482,1.0708
3056,-0.2595,0.1052,1.0435
3057,-0.0862,0.0605,0.9243
3058,0.0745,-0.0015,0.9377
3059,0.0867,-0.1318,0.9231
3060,0.0732,-0.0803,0.8372
3061,-0.0068,-0.1584,0.9163
3062,-0.1050,-0.1677,0.9719
3063,-0.0823,-0.0054,0.9146
3064,-0.0757,0.0273,1.0667
3065,0.0081,0.1387,1.0793
3066,0.1284,0.2527,0.9751
3067,0.1794,0.1104,1.1047
3068,0.2795,0.1230,0.9417
3069,0.3035,0.0278,0.8762
3070,0.2339,-0.1624,0.9807
3071,0.1948,-0.0945,0.8403
3072,0.0911,-0.1218,0.9202
3073,-0.0393,-0.1042,1.0210
3074,-0.0896,0.0022,0.9097
3075,-0.1528,-0.0100,1.0515
3076,-0.1406,0.1074,1.0542
3077,-0.0920,-0.1770,0.9075
3078,-0.0881,-0.0786,0.9377
3079,-0.1072,-0.0410,1.0454
3080,0.0215,0.2458,0.9800
3081,0.0762,0.1089,1.0679
3082,0.1934,0.2490,0.9971
3083,0.2317,0.0686,0.9771
3084,0.2344,0.0784,0.9604
3085,0.2058,-0.0149,0.9348
3086,0.2146,-0.0503,0.8977
3087,0.1541,-0.1504,0.9421
3088,0.1230,-0.1284,0.9292
3089,0.0508,-0.0403,0.9604
3090,-0.0664,-0.0220,1.0405
3091,-0.1489,0.1116,0.9807
3092,-0.3015,0.0950,1.0383
3093,-0.3118,0.1340,1.0063
3094,-0.2551,0.1125,0.9653
3095,-0.1868,0.0283,0.9565
3096,-0.0886,-0.0366,0.9185
3097,-0.0015,-0.1782,0.8899
3098,0.0034,-0.2371,0.9387
3099,-0.0269,-0.1624,0.9407
3100,-0.0757,-0.0811,0.9976
3101,-0.0144,-0.0066,1.0471
3102,0.0364,0.0891,1.0024
3103,0.1904,0.1575,1.0562
3104,0.3718,0.1357,1.0208
3105,0.4810,0.2327,0.9087
3106,0.4597,0.0247,0.9768
3107,0.4097,0.0000,0.8657
3108,0.2603,-0.1445,0.8687
3109,0.0627,-0.1807,0.9478
3110,-0.0608,-0.0322,0.9194
3111,-0.1775,-0.0176,1.0278
3112,-0.2288,0.1077,1.0396
3113,-0.2607,0.0994,1.0347
3114,-0.2317,0.0886,1.0503
3115,-0.2080,0.0740,0.9858
3116,-0.1936,0.0181,0.9604
3117,-0.2021,-0.0710,0.9446
3118,-0.1907,-0.0527,0.8687
3119,-0.1609,-0.1641,0.9409
3120,-0.1577,-0.1594,0.9106
3121,-0.0791,-0.0688,0.8979
3122,-0.0164,-0.1050,1.0581
3123,0.0601,0.1335,0.9780
3124,0.0986,0.1758,1.0422
3125,0.1567,0.1221,1.0962
3126,0.1880,0.1750,0.9253
3127,0.2498,0.0728,0.9817
3128,0.2871,-0.0371,0.9768
3129,0.3630,-0.0024,0.8352
3130,0.2935,-0.1504,0.9478
3131,0.1890,-0.0708,0.9302
3132,0.0376,-0.0500,0.9214
3133,-0.1448,0.0125,1.0247
3134,-0.3069,0.0706,1.0298
3135,-0.3230,0.1357,1.0044
3136,-0.2683,0.1404,1.0366
3137,-0.1799,0.0876,0.9937
3138,-0.1023,0.0129,0.9407
3139,-0.0391,-0.0630,0.9224
3140,-0.0151,-0.1335,0.9387
3141,-0.0310,-0.1179,0.9060
3142,-0.0947,-0.1230,0.9280
3143,-0.0793,-0.1616,0.9858
3144,-0.0044,-0.1082,0.9758
3145,0.1257,-0.0010,1.0002
3146,0.2993,0.0664,1.0676
3147,0.4351,0.1541,0.9858
3148,0.4666,0.1970,0.9778
3149,0.4070,0.0247,1.0198
3150,0.2800,0.0439,0.8782
3151,0.1450,-0.0845,0.9370
3152,0.0198,-0.0762,0.9690
3153,-0.1006,0.0361,0.8862
3154,-0.1292,0.0569,1.0142
3155,-0.1870,0.0735,1.0159
3156,-0.2280,0.1406,0.9319
3157,-0.2471,-0.0703,1.0559
3158,-0.2156,-0.0010,0.9221
3159,-0.2026,-0.0325,0.9211
3160,-0.1555,-0.1138,1.0454
3161,-0.0959,-0.0078,0.8606
3162,-0.0874,-0.1340,0.9622
3163,-0.0916,-0.1970,1.0171
3164,-0.0874,0.0066,0.8821
3165,-0.0823,-0.0232,1.0718
3166,-0.0347,0.1113,1.0344
3167,0.0273,0.2151,0.9517
3168,0.1021,0.0974,1.0532
3169,0.2661,0.1331,0.9414
3170,0.3147,0.0063,0.9045
3171,0.3657,-0.0066,0.9292
3172,0.3064,-0.1191,0.9172
3173,0.2256,-0.0803,0.8813
3174,0.0669,-0.1404,1.0151
3175,-0.0291,0.0273,0.9858
3176,-0.1680,0.0396,1.0168
3177,-0.1685,0.1299,1.0276
3178,-0.2122,0.0261,1.0483
3179,-0.1802,0.1653,0.9534
3180,-0.1047,0.0742,1.0034
3181,-0.1157,-0.0046,0.9475
3182,-0.1216,-0.0115,0.8430
3183,-0.0808,-0.1809,0.9485
3184,-0.1118,-0.1785,0.9211
3185,-0.0552,-0.1064,0.9087
3186,0.0374,-0.1487,1.0256
3187,0.0652,-0.0322,1.0100
3188,0.2085,0.1047,1.0073
3189,0.3057,0.1394,1.1011
3190,0.3606,0.1851,0.9973
3191,0.4131,0.1094,0.9553
3192,0.3804,-0.0156,0.9546
3193,0.3040,-0.0352,0.8801
3194,0.1641,-0.0732,0.9165
3195,-0.0010,-0.0247,0.9299
3196,-0.1477,-0.0671,0.9546
3197,-0.2334,-0.0432,0.9602
3198,-0.2749,0.0576,0.9939
3199,-0.2627,0.0339,1.0591
3200,-0.2107,0.1357,0.9885
3201,-0.1895,0.0278,0.9956
3202,-0.1460,-0.0757,0.9934
3203,-0.1191,-0.1116,0.8997
3204,-0.1218,-0.0825,0.9331
3205,-0.1243,-0.1523,0.9709
3206,-0.1431,-0.0349,0.8840
3207,-0.1426,-0.0771,0.9817
3208,-0.0530,0.0256,1.0337
3209,-0.0354,0.1558,0.9739
3210,0.0886,0.2087,1.0415
3211,0.2036,0.1345,1.0093
3212,0.2759,0.1169,0.9272
3213,0.2849,-0.0383,0.9602
3214,0.2986,-0.0339,0.9241
3215,0.2417,-0.1157,0.9165
3216,0.1931,-0.0652,0.9290
3217,0.1184,-0.0840,0.9907
3218,0.0334,0.0127,0.9722
3219,-0.0486,0.0864,1.0315
3220,-0.1392,0.1086,1.0122
3221,-0.2197,0.0906,1.0002
3222,-0.2517,0.0686,0.9888
3223,-0.2249,0.1172,0.9478
3224,-0.1760,-0.0493,0.9731
3225,-0.1072,-0.0693,0.8645
3226,-0.0576,-0.1868,0.9270
3227,-0.0178,-0.2424,0.9788
3228,-0.0044,-0.0881,0.9077
3229,-0.0327,-0.0994,1.0425
3230,0.0337,-0.0286,1.0334
3231,0.1194,0.1194,0.9731
3232,0.2729,0.0950,1.0864
3233,0.3923,0.1799,0.9807
3234,0.4536,0.1541,0.8979
3235,0.4392,-0.0339,0.9934
3236,0.3582,-0.0159,0.8538
3237,0.1541,-0.0979,0.9016
3238,0.0159,-0.0979,0.9829
3239,-0.1350,0.0381,0.9360
3240,-0.2207,0.0491,0.9915
3241,-0.2727,0.0681,1.0845
3242,-0.2542,0.1096,0.9702
3243,-0.2278,0.0935,1.0200
3244,-0.1697,-0.0269,1.0422
3245,-0.1479,0.0366,0.8752
3246,-0.1499,-0.1155,0.9653
3247,-0.1257,-0.1416,0.9299
3248,-0.1550,-0.1345,0.8364
3249,-0.1624,-0.2104,1.0024
3250,-0.1072,-0.0789,0.9409
3251,-0.0542,0.0530,0.9739
3252,-0.0034,0.0498,1.0979
3253,0.1069,0.2380,0.9868
3254,0.1587,0.1443,1.0503
3255,0.2810,0.1294,0.9856
3256,0.2991,0.0457,0.9417
3257,0.2893,-0.0576,0.9312
3258,0.3003,-0.0493,0.9009
3259,0.2336,-0.1567,0.9153
3260,0.1365,0.0034,0.9270
3261,0.0244,0.0483,0.9700
3262,-0.0479,0.0508,1.0112
3263,-0.1501,0.0962,0.9905
3264,-0.2329,0.0891,0.9895
3265,-0.2161,0.0764,1.0483
3266,-0.2219,0.0686,0.9250
3267,-0.2075,-0.0007,0.9651
3268,-0.1904,-0.1970,0.9812
3269,-0.1714,-0.1292,0.8591
3270,-0.1143,-0.2405,0.9983
3271,-0.0518,-0.1780,0.9651
3272,-0.0005,-0.0447,0.9438
3273,0.1101,-0.0151,1.0461
3274,0.2163,0.1663,1.0229
3275,0.3201,0.1809,0.9797
3276,0.4451,0.2034,1.0286
3277,0.4663,0.0503,0.9680
3278,0.4712,0.0984,0.8530
3279,0.3582,-0.1357,0.9788
3280,0.1628,-0.0674,0.8772
3281,0.0295,-0.0308,0.9087
3282,-0.1470,-0.1260,1.0630
3283,-0.2341,0.0679,0.9153
3284,-0.2847,0.0156,1.0364
3285,-0.2600,0.0264,1.0610
3286,-0.2043,0.1572,0.9380
3287,-0.1626,-0.0251,1.0442
3288,-0.1250,0.0186,0.9546
3289,-0.1123,-0.0403,0.8835
3290,-0.1099,-0.1594,0.9817
3291,-0.1116,-0.1287,0.8931
3292,-0.1169,-0.0613,0.8987
3293,-0.1086,-0.0549,1.0269
3294,-0.0566,0.0972,0.9575
3295,-0.0276,0.0879,1.0120
3296,0.0239,0.1047,1.0649
3297,0.0686,0.0979,0.9839
3298,0.1562,0.1255,0.9575
3299,0.2234,-0.0405,1.0227
3300,0.2927,-0.0259,0.8999
3301,0.2983,-0.0571,0.9087
3302,0.2698,-0.0779,0.9956
3303,0.1716,0.0432,0.9172
3304,0.0261,0.0649,0.9407
3305,-0.1179,-0.0015,1.0251
3306,-0.2278,-0.0154,0.9517
3307,-0.2588,0.0996,0.9641
3308,-0.2485,0.0654,1.0474
3309,-0.1897,0.0908,0.9458
3310,-0.1140,0.0012,0.9438
3311,-0.1021,-0.1448,0.9778
3312,-0.0693,-0.1687,0.9260
3313,-0.0784,-0.1353,0.9458
3314,-0.0859,-0.0764,1.0100
3315,-0.0669,-0.0405,0.9758
3316,0.0703,0.0381,0.9836
3317,0.1814,0.0029,1.0474
3318,0.3640,0.1750,0.9446
3319,0.4556,0.1125,0.9966
3320,0.4919,0.1299,0.9534
3321,0.4038,0.0679,0.8911
3322,0.3086,-0.0867,0.9478
3323,0.1892,-0.0610,0.9084
3324,0.0415,-0.0896,0.9546
3325,-0.0569,-0.0403,1.0132
3326,-0.1821,0.0596,1.0012
3327,-0.2817,0.0730,1.0442
3328,-0.3247,0.0610,1.0266
3329,-0.3208,-0.0056,0.9778
3330,-0.2571,0.0142,0.9556
3331,-0.1731,0.0098,0.9644
3332,-0.1013,0.0183,0.9263
3333,-0.0222,-0.0837,0.8911
3334,-0.0686,-0.2217,0.9192
3335,-0.0562,-0.1477,0.9163
3336,-0.0591,-0.0081,0.9749
3337,-0.0776,0.0442,1.0627
3338,-0.0247,0.1370,0.9966
3339,0.0134,0.0974,1.0266
3340,0.1609,0.0593,1.0376
3341,0.2769,0.0857,0.9468
3342,0.3179,0.0505,0.9595
3343,0.3508,-0.0132,0.9290
3344,0.2676,-0.0518,0.8940
3345,0.1152,-0.0742,0.9331
3346,-0.0203,0.0242,0.9495
3347,-0.1533,0.0051,0.9954
3348,-0.2419,0.0684,0.9905
3349,-0.2668,0.0662,1.0103
3350,-0.2407,0.0251,1.0217
3351,-0.2031,0.0886,0.9810
3352,-0.1394,0.0664,0.9856
3353,-0.0745,-0.0171,0.9526
3354,-0.0603,-0.0950,0.8948
3355,-0.0310,-0.1626,0.9438
3356,-0.0374,-0.1560,0.9397
3357,-0.0552,-0.1287,0.9553
3358,-0.0254,-0.1147,1.0142
3359,0.0442,0.0579,0.9868
3360,0.1816,0.0918,1.0549
3361,0.3804,0.1909,1.0139
3362,0.4734,0.1782,0.9788
3363,0.5532,0.1023,0.9517
3364,0.5125,0.0347,0.9036
3365,0.3655,-0.0537,0.9165
3366,0.1538,-0.0449,0.9341
3367,-0.0586,-0.0872,0.9319
3368,-0.2434,-0.1362,0.9761
3369,-0.3330,-0.0649,0.9875
3370,-0.3359,0.0137,1.0120
3371,-0.2788,0.0698,1.0334
3372,-0.2041,0.1182,1.0103
3373,-0.1492,0.1045,0.9836
3374,-0.1086,0.0388,0.9651
3375,-0.0693,-0.0742,0.9358
3376,-0.0662,-0.0693,0.8794
3377,-0.0925,-0.1135,0.9475
3378,-0.0767,-0.1340,0.9495
3379,-0.0764,-0.0710,0.9329
3380,-0.0513,-0.0645,1.0151
3381,0.0295,0.0437,1.0276
3382,0.0696,0.1074,0.9856
3383,0.1995,0.1694,1.0051
3384,0.2319,0.0767,1.0073
3385,0.2742,0.1333,0.9104
3386,0.2898,0.0247,0.9856
3387,0.2307,0.0232,0.9556
3388,0.1128,0.0022,0.9009
3389,-0.0239,-0.0894,0.9810
3390,-0.1780,-0.1313,0.9702
3391,-0.2839,0.0173,0.9495
3392,-0.3308,-0.0164,1.0481
3393,-0.2896,0.0869,0.9915
3394,-0.2109,0.0757,0.9233
3395,-0.1235,0.0376,1.0159
3396,0.0156,-0.0181,0.9182
3397,0.0366,-0.0210,0.9202
3398,0.0435,-0.1516,1.0188
3399,0.0012,-0.0537,0.9280
3400,-0.0576,-0.0972,0.9534
3401,-0.0457,-0.1045,1.0610
3402,0.0427,0.0017,0.9595
3403,0.2322,0.1179,1.0022
3404,0.4275,0.1086,1.0298
3405,0.5581,0.2339,0.8901
3406,0.5737,0.0386,0.9614
3407,0.5405,0.0232,0.9233
3408,0.3174,-0.0676,0.8997
3409,0.1172,-0.0288,0.9377
3410,-0.1282,-0.1113,1.0210
3411,-0.3191,-0.0586,0.9810
3412,-0.4438,-0.0046,1.0203
3413,-0.4116,-0.0608,1.0667
3414,-0.3328,0.1013,0.9585
3415,-0.2166,0.1096,0.9993
3416,-0.0957,0.0825,1.0083
3417,-0.0527,0.0742,0.8752
3418,-0.0500,-0.0493,0.9263
3419,-0.0176,-0.1248,0.9175
3420,-0.0566,-0.1345,0.8547
3421,-0.0913,-0.1643,1.0208
3422,-0.0691,-0.0166,0.9858
3423,-0.0698,0.0386,1.0032
3424,-0.0256,-0.0220,1.0688
3425,0.0879,0.1072,0.9604
3426,0.1902,0.1245,0.9954
3427,0.3281,0.0791,0.9954
3428,0.4177,0.0820,0.8796
3429,0.3284,-0.0425,0.9338
3430,0.2588,0.0142,0.9517
3431,0.0781,0.0012,0.9368
3432,-0.1511,0.0081,0.9917
3433,-0.3049,-0.0320,1.0356
3434,-0.4028,-0.0249,0.9670
3435,-0.4163,0.0386,1.0181
3436,-0.3088,0.0378,0.9917
3437,-0.2178,0.1011,0.9348
3438,-0.0735,0.0110,0.9409
3439,0.0654,-0.0581,0.9097
3440,0.0750,-0.1245,0.9104
3441,0.0649,-0.1045,0.9595
3442,-0.0005,-0.1201,0.9954
3443,-0.0164,-0.0667,0.9983
3444,-0.0117,-0.0559,1.0415
3445,0.1086,0.1096,1.0356
3446,0.2351,0.1270,1.0452
3447,0.4695,0.2798,0.9612
3448,0.5447,0.1018,0.9470
3449,0.6167,0.0879,0.8643
3450,0.5269,-0.0811,0.8921
3451,0.3350,-0.0500,0.8889
3452,0.0505,-0.1472,0.9260
3453,-0.1775,-0.1816,0.9634
3454,-0.3911,-0.1887,1.0198
3455,-0.4380,-0.0161,1.0510
3456,-0.4048,0.0867,1.0940
3457,-0.3125,0.1824,1.0581
3458,-0.1731,0.1863,0.9907
3459,-0.0767,0.1128,0.9719
3460,0.0146,0.0471,0.8970
3461,0.0291,-0.0515,0.8792
3462,-0.0005,-0.1147,0.8804
3463,-0.0798,-0.1729,0.8833
3464,-0.1409,-0.1633,0.9243
3465,-0.1853,-0.1548,1.0259
3466,-0.1533,0.0190,1.0012
3467,-0.0498,0.0359,1.0737
3468,0.1638,0.1624,1.0510
3469,0.2983,0.1829,0.9810
3470,0.4539,0.1631,0.9944
3471,0.4536,0.0474,0.9448
3472,0.3269,0.0405,0.8743
3473,0.1309,-0.0732,0.9478
3474,-0.1382,-0.0994,0.9202
3475,-0.3059,-0.0757,0.9185
3476,-0.4058,-0.1638,1.0334
3477,-0.3931,-0.0090,0.9768
3478,-0.2815,0.0635,0.9990
3479,-0.1470,0.1025,1.0571
3480,-0.0427,0.1743,0.9573
3481,0.0542,0.1184,0.9546
3482,0.0566,-0.0627,0.9836
3483,0.0593,-0.0808,0.8801
3484,0.0291,-0.1755,0.9563
3485,-0.0051,-0.1287,0.9817
3486,-0.0081,-0.0898,0.9468
3487,0.0415,-0.0706,1.0093
3488,0.1558,0.0422,1.0210
3489,0.3083,0.1711,0.9797
3490,0.4683,0.2146,0.9858
3491,0.5642,0.1577,0.9504
3492,0.5305,0.0923,0.8967
3493,0.3923,-0.0261,0.9338
3494,0.2144,-0.0693,0.9458
3495,-0.0784,-0.2031,0.9575
3496,-0.2520,-0.1282,0.9788
3497,-0.4326,-0.2014,1.0413
3498,-0.4241,0.0300,1.0093
3499,-0.3481,0.0422,1.0344
3500,-0.2029,0.1462,1.0054
3501,-0.0701,0.1733,0.9448
3502,0.0493,0.1135,0.9312
3503,0.0740,0.0466,0.9292
3504,0.0208,-0.0342,0.8608
3505,-0.0886,-0.1182,0.9504
3506,-0.1694,-0.2083,0.9553
3507,-0.2214,-0.1011,0.9517
3508,-0.2017,-0.1531,1.0706
3509,-0.0544,0.0667,1.0015
3510,0.1335,0.1187,1.0295
3511,0.2778,0.1619,1.0435
3512,0.4329,0.2097,0.9146
3513,0.4373,0.0654,0.9514
3514,0.3140,0.0293,0.9087
3515,0.2144,0.0225,0.8662
3516,-0.0273,-0.1672,0.9968
3517,-0.2031,-0.0398,0.9065
3518,-0.3069,-0.1743,1.0161
3519,-0.3818,-0.0925,1.0317
3520,-0.3684,0.0427,0.9858
3521,-0.2742,0.1125,1.0532
3522,-0.2053,0.1833,1.0063
3523,-0.0828,0.1487,0.9380
3524,0.0137,0.0073,0.9573
3525,0.0203,-0.1106,0.9182
3526,0.0532,-0.0979,0.8840
3527,-0.0156,-0.1887,0.9915
3528,-0.0015,-0.0862,0.9377
3529,-0.0010,-0.1021,0.9878
3530,0.1350,0.0076,1.0347
3531,0.2734,0.1072,1.0032
3532,0.4509,0.2080,0.9661
3533,0.5337,0.1726,1.0034
3534,0.5376,0.1519,0.8931
3535,0.4316,0.0483,0.9077
3536,0.2830,-0.1575,0.9651
3537,0.0916,-0.1365,0.8850
3538,-0.1470,-0.2493,1.0051
3539,-0.2410,-0.0903,1.0259
3540,-0.3928,-0.0818,1.0259
3541,-0.3879,0.1111,1.0308
3542,-0.3372,0.0796,1.0503
3543,-0.2271,0.2104,0.9573
3544,-0.0879,0.1787,0.9460
3545,0.0818,0.0879,0.9426
3546,0.1165,-0.0518,0.8677
3547,0.1235,-0.0505,0.8687
3548,-0.0015,-0.2493,0.9866
3549,-0.1243,-0.1270,0.9067
3550,-0.2397,-0.1782,1.0032
3551,-0.2671,-0.0537,1.0715
3552,-0.1326,0.0813,0.9944
3553,0.0691,0.1604,1.0461
3554,0.2773,0.1904,1.0171
3555,0.3999,0.2126,0.9312
3556,0.4509,0.0991,0.9446
3557,0.3604,-0.0059,0.9165
3558,0.1953,-0.1189,0.8765
3559,-0.0054,-0.1562,0.9614
3560,-0.1536,-0.1211,0.9507
3561,-0.3120,-0.0879,0.9993
3562,-0.3784,-0.0564,1.0237
3563,-0.3691,0.0913,1.0249
3564,-0.2727,0.1257,1.0356
3565,-0.1375,0.2339,0.9866
3566,-0.0303,0.1140,0.9448
3567,0.0515,-0.0505,0.9543
3568,0.0518,-0.1172,0.8713
3569,0.0237,-0.1577,0.9282
3570,-0.0784,-0.2278,0.9929
3571,-0.1172,-0.0222,0.8882
3572,-0.0818,-0.1477,1.0706
3573,0.0891,0.0776,1.0269
3574,0.2615,0.2136,0.9614
3575,0.4739,0.2227,1.0745
3576,0.5862,0.2148,0.9263
3577,0.5737,0.1309,0.8867
3578,0.5085,-0.0886,0.9622
3579,0.2932,-0.1377,0.8911
3580,0.0750,-0.1550,0.8928
3581,-0.1655,-0.2058,1.0422
3582,-0.3374,-0.1182,0.9700
3583,-0.4495,-0.0442,1.0210
3584,-0.4124,0.0564,1.0913
3585,-0.3140,0.2109,1.0237
3586,-0.1719,0.2397,0.9739
3587,-0.0195,0.1604,0.9895
3588,0.0955,-0.0056,0.8987
3589,0.0920,-0.0366,0.8333
3590,0.0579,-0.2024,0.9495
3591,-0.0190,-0.1831,0.8882
3592,-0.1545,-0.1282,0.9114
3593,-0.1543,-0.1282,1.0862
3594,-0.1040,0.0242,0.9915
3595,-0.0356,0.1438,1.0112
3596,0.1335,0.1243,1.0920
3597,0.2532,0.2458,0.9390
3598,0.3345,0.1765,0.9619
3599,0.3882,0.0198,0.9917
3600,0.3149,-0.0278,0.8306
3601,0.1775,-0.1521,0.9397
3602,0.0039,-0.1592,0.9670
3603,-0.2146,-0.0835,0.9312
3604,-0.3623,-0.1289,1.0269
3605,-0.4480,-0.0100,1.0249
3606,-0.4290,0.1125,0.9966
3607,-0.2686,0.2065,1.0491
3608,-0.1416,0.1838,0.9807
3609,-0.0088,0.0876,0.9036
3610,0.1118,-0.1045,0.9390
3611,0.0942,-0.1243,0.9075
3612,0.0393,-0.0989,0.9133
3613,-0.0288,-0.1653,1.0149
3614,-0.0835,-0.1177,0.9604
3615,-0.0562,-0.0654,0.9983
3616,0.0701,0.0420,1.0627
3617,0.2686,0.2070,1.0063
3618,0.4202,0.2446,0.9807
3619,0.5298,0.1687,0.9570
3620,0.5574,0.0183,0.8938
3621,0.4700,-0.0325,0.8491
3622,0.2866,-0.1499,0.9634
3623,0.0491,-0.1177,0.9282
3624,-0.1614,-0.1240,0.9673
3625,-0.3540,-0.2039,1.0862
3626,-0.3938,0.0159,0.9937
3627,-0.3628,0.1101,1.0881
3628,-0.2285,0.2183,1.0667
3629,-0.1055,0.2498,0.9478
3630,-0.0220,0.0754,0.9355
3631,0.0393,-0.0295,0.9006
3632,0.0098,-0.1099,0.8374
3633,-0.0632,-0.1453,0.8928
3634,-0.1306,-0.2075,0.9204
3635,-0.1631,-0.1519,0.9231
3636,-0.1516,-0.1333,1.0513
3637,-0.0508,0.0730,1.0376
3638,0.0671,0.1899,1.0588
3639,0.2119,0.2139,1.0715
3640,0.3337,0.2695,0.9836
3641,0.3403,0.1213,0.9556
3642,0.3381,0.0400,0.9006
3643,0.2363,-0.1296,0.8782
3644,0.1223,-0.1682,0.8687
3645,-0.0186,-0.2407,0.9351
3646,-0.1511,-0.1731,0.9563
3647,-0.2749,-0.0857,0.9915
3648,-0.3647,0.0349,1.0647
3649,-0.3774,0.1479,1.0608
3650,-0.3164,0.2603,1.0325
3651,-0.2104,0.1870,1.0305
3652,-0.0930,0.1218,0.9604
3653,0.0342,0.0193,0.8921
3654,0.0564,-0.1042,0.9390
3655,0.0530,-0.1731,0.8850
3656,-0.0435,-0.1853,0.9006
3657,-0.0693,-0.2214,0.9807
3658,-0.0608,-0.0535,0.9797
3659,0.0088,0.0674,0.9917
3660,0.2166,0.1809,1.0481
3661,0.4106,0.1687,0.9897
3662,0.5710,0.2046,0.9514
3663,0.6218,0.0442,0.9963
3664,0.5320,0.0400,0.9167
3665,0.3257,-0.0662,0.9243
3666,0.0752,-0.1655,0.9819
3667,-0.1782,-0.1750,0.9348
3668,-0.3523,-0.1267,0.9827
3669,-0.3877,-0.0181,1.0491
3670,-0.3838,0.1152,0.9758
3671,-0.2590,0.1267,1.0049
3672,-0.1106,0.1062,1.0005
3673,0.0637,0.1602,0.8918
3674,0.0984,-0.0002,0.9995
3675,0.1072,-0.0066,0.8840
3676,-0.0396,-0.1213,0.9104
3677,-0.1687,-0.2026,0.9839
3678,-0.2253,-0.0745,0.9419
3679,-0.1907,-0.0686,1.0217
3680,-0.0715,-0.0007,1.0474
3681,0.1199,0.0972,0.9651
3682,0.2419,0.1128,0.9993
3683,0.3452,0.1848,0.9868
3684,0.3823,0.1846,0.9058
3685,0.3530,0.0288,0.9429
3686,0.2473,-0.0977,0.9143
3687,0.1147,-0.1367,0.8940
3688,-0.0532,-0.1509,1.0005
3689,-0.2034,-0.0854,0.9937
3690,-0.3518,-0.0652,1.0249
3691,-0.4155,-0.0068,1.0530
3692,-0.3979,0.1284,1.0090
3693,-0.3140,0.1401,1.0012
3694,-0.1829,0.1714,0.9592
3695,-0.0439,0.0720,0.9124
3696,0.0671,-0.0176,0.9077
3697,0.0952,-0.1050,0.8979
3698,0.0415,-0.1770,0.9270
3699,-0.0371,-0.1304,0.9536
3700,-0.1204,-0.1030,0.9956
3701,-0.0908,-0.0471,1.0317
3702,0.0366,0.0354,1.0288
3703,0.2185,0.1636,1.0132
3704,0.4226,0.1748,1.0198
3705,0.5378,0.1948,0.9446
3706,0.5320,0.0962,0.9163
3707,0.4373,-0.0710,0.9104
3708,0.2651,-0.1399,0.8970
3709,0.0715,-0.1589,0.9312
3710,-0.0898,-0.1079,0.9897
3711,-0.2415,-0.0850,1.0178
3712,-0.2913,-0.0117,1.0229
3713,-0.2993,0.0947,1.0500
3714,-0.2251,0.1323,1.0210
3715,-0.1521,0.1541,0.9800
3716,-0.0422,0.1353,0.9419
3717,0.0322,-0.0103,0.9448
3718,0.0718,-0.0742,0.8635
3719,0.0374,-0.1458,0.9094
3720,-0.0283,-0.2141,0.9495
3721,-0.1116,-0.0930,0.9478
3722,-0.1658,-0.0681,1.0161
3723,-0.1499,0.0527,1.0530
3724,-0.0352,0.1433,1.0210
3725,0.1814,0.2708,1.0354
3726,0.3232,0.1511,0.9878
3727,0.4937,0.1448,0.8853
3728,0.4517,-0.0757,0.9419
3729,0.3123,-0.0142,0.8850
3730,0.0920,-0.1538,0.9263
3731,-0.1729,-0.2034,0.9631
3732,-0.3899,-0.1763,0.9517
3733,-0.4692,-0.0725,1.0325
3734,-0.4624,0.0332,1.0696
3735,-0.3208,0.2080,1.0334
3736,-0.2065,0.1631,1.0237
3737,-0.1108,0.1692,0.9641
3738,-0.0115,0.0354,0.9048
3739,0.0203,-0.0210,0.9048
3740,-0.0007,-0.1399,0.9270
3741,0.0073,-0.1326,0.8960
3742,-0.0566,-0.1523,0.9419
3743,-0.0806,-0.1497,1.0012
3744,-0.0266,-0.0222,0.9937
3745,0.0735,0.0784,1.0669
3746,0.2554,0.1792,1.0110
3747,0.4126,0.1956,0.9829
3748,0.5212,0.1396,0.9475
3749,0.5903,0.0808,0.9214
3750,0.4888,-0.0854,0.9360
3751,0.3464,-0.0754,0.8782
3752,0.1133,-0.1790,0.9624
3753,-0.1750,-0.1655,0.9790
3754,-0.3022,-0.0505,0.9739
3755,-0.3813,-0.0583,1.0754
3756,-0.3564,0.1526,1.0227
3757,-0.2324,0.1936,0.9995
3758,-0.0779,0.1646,0.9993
3759,-0.0017,0.0710,0.9321
3760,0.0679,0.0127,0.8833
3761,0.0442,-0.1045,0.9465
3762,0.0032,-0.1321,0.8997
3763,-0.0955,-0.1528,0.9211
3764,-0.1245,-0.1709,0.9954
3765,-0.0996,-0.1038,1.0081
3766,-0.0598,0.0535,0.9971
3767,0.1038,0.1509,1.0559
3768,0.2114,0.2185,1.0249
3769,0.2651,0.2708,0.9233
3770,0.3259,0.0862,0.9866
3771,0.3335,-0.0361,0.8882
3772,0.2312,-0.0842,0.8694
3773,0.1042,-0.1548,0.9719
3774,-0.1069,-0.1614,0.9680
3775,-0.2891,-0.1145,0.9583
3776,-0.4387,-0.1074,1.0513
3777,-0.4875,-0.0164,1.0552
3778,-0.3772,0.2112,0.9810
3779,-0.2322,0.1824,1.0688
3780,-0.0754,0.1838,0.9819
3781,0.0652,0.0747,0.8645
3782,0.1279,-0.0803,0.9370
3783,0.0706,-0.1846,0.9116
3784,-0.0586,-0.0979,0.8577
3785,-0.1348,-0.1802,0.9937
3786,-0.1489,-0.1748,0.9907
3787,-0.0625,-0.0215,0.9536
3788,0.1548,0.0867,1.0991
3789,0.4080,0.2268,1.0461
3790,0.5405,0.3054,0.9517
3791,0.5984,0.1426,1.0120
3792,0.5591,0.0349,0.8901
3793,0.3835,-0.0784,0.8704
3794,0.2141,-0.1589,0.9595
3795,-0.0388,-0.1721,0.9016
3796,-0.2134,-0.1704,0.9387
3797,-0.3315,-0.1965,1.0676
3798,-0.3748,0.0625,0.9839
3799,-0.3215,0.1335,1.0562
3800,-0.2087,0.2080,1.0637
3801,-0.1292,0.2600,0.9370
3802,-0.0024,0.1199,0.9719
3803,0.0593,-0.0117,0.9417
3804,0.0125,-0.0920,0.8384
3805,0.0068,-0.1907,0.9338
3806,-0.0730,-0.2878,0.9456
3807,-0.1289,-0.1418,0.8928
3808,-0.0947,-0.1418,1.0698
3809,-0.0535,0.0813,1.0112
3810,0.0857,0.2007,0.9915
3811,0.2517,0.1968,1.0950
3812,0.3416,0.3022,0.9329
3813,0.4031,0.1519,0.9612
3814,0.3486,-0.0032,0.9592
3815,0.2090,-0.0547,0.8550
3816,-0.0063,-0.2180,0.9495
3817,-0.1821,-0.2305,0.9661
3818,-0.3167,-0.1631,0.9556
3819,-0.3904,-0.0928,1.0161
3820,-0.3826,0.0339,1.0610
3821,-0.2866,0.1658,0.9827
3822,-0.1758,0.2253,1.0139
3823,-0.0300,0.1296,1.0022
3824,0.0510,0.1167,0.8879
3825,0.0613,-0.0505,0.9475
3826,0.0581,-0.1299,0.9370
3827,-0.0759,-0.1716,0.9006
3828,-0.1355,-0.1807,0.9839
3829,-0.1055,-0.1177,1.0178
3830,-0.0383,0.0337,0.9617
3831,0.1675,0.0850,1.0706
3832,0.4153,0.2109,0.9778
3833,0.5295,0.1968,0.9426
3834,0.6179,0.1265,0.9915
3835,0.5093,0.0520,0.8882
3836,0.3423,-0.0588,0.9048
3837,0.1597,-0.1853,0.9575
3838,-0.0652,-0.1548,0.9224
3839,-0.2092,-0.1606,1.0044
3840,-0.2722,-0.0752,1.0122
3841,-0.3867,0.0034,1.0208
3842,-0.3428,0.1367,1.0103
3843,-0.3071,0.1929,1.0315
3844,-0.2432,0.1711,0.9690
3845,-0.0815,0.1201,0.9338
3846,0.0281,-0.0603,0.9397
3847,0.0593,-0.0996,0.8792
3848,0.0640,-0.1812,0.9185
3849,-0.0281,-0.2002,0.9604
3850,-0.0564,-0.1111,0.9585
3851,-0.0632,-0.0591,1.0217
3852,-0.0259,0.0837,1.0210
3853,0.1389,0.2075,1.0056
3854,0.2207,0.2327,1.0122
3855,0.3411,0.2205,0.9673
3856,0.3801,0.0615,0.9426
3857,0.3474,-0.0295,0.9026
3858,0.2495,-0.1580,0.9302
3859,0.0862,-0.1931,0.9280
3860,-0.1360,-0.1743,0.9536
3861,-0.2654,-0.1155,0.9934
3862,-0.4397,-0.0757,1.0376
3863,-0.4565,0.0889,1.0110
3864,-0.3684,0.1653,1.0513
3865,-0.2668,0.2068,0.9995
3866,-0.0750,0.2104,0.9341
3867,0.0730,-0.0012,0.9556
3868,0.1316,-0.0232,0.8792
3869,0.0977,-0.1450,0.9136
3870,0.0049,-0.1707,0.9407
3871,-0.1033,-0.1775,0.9390
3872,-0.1721,-0.1655,0.9897
3873,-0.1304,-0.0273,1.0381
3874,0.0781,0.1155,1.0200
3875,0.3276,0.2124,1.0298
3876,0.5503,0.2336,0.9966
3877,0.6704,0.1970,0.9341
3878,0.6521,0.0544,0.9309
3879,0.4363,-0.0940,0.8997
3880,0.1487,-0.1245,0.8989
3881,-0.1548,-0.2253,0.9456
3882,-0.3284,-0.1543,0.9663
3883,-0.4263,-0.1411,1.0354
3884,-0.3572,0.0654,1.0015
3885,-0.2327,0.1160,1.0679
3886,-0.1152,0.1738,1.0198
3887,-0.0479,0.2725,0.9380
3888,-0.0112,0.0352,1.0090
3889,-0.0327,0.0110,0.8892
3890,-0.0784,-0.0920,0.8599
3891,-0.1123,-0.2241,0.9956
3892,-0.1431,-0.1775,0.8792
3893,-0.1267,-0.1067,0.9368
3894,-0.0627,-0.1533,1.0991
3895,0.0684,0.1824,0.9250
3896,0.2053,0.1550,1.0669
3897,0.3511,0.2385,1.0757
3898,0.4136,0.2537,0.8472
3899,0.4197,0.0181,0.9963
3900,0.3386,-0.0571,0.9211
3901,0.1951,-0.0547,0.8313
3902,-0.0229,-0.2627,1.0454
3903,-0.1973,-0.1226,0.9214
3904,-0.3940,-0.1479,0.9641
3905,-0.4458,-0.0383,1.0823
3906,-0.4138,0.1165,0.9915
3907,-0.3088,0.1687,1.0083
3908,-0.1680,0.2095,1.0288
3909,0.0083,0.1741,0.9136
3910,0.0676,0.0061,0.9438
3911,0.0981,-0.0991,0.9229
3912,0.0425,-0.2014,0.8813
3913,-0.0271,-0.2065,0.9653
3914,-0.0986,-0.1555,0.9797
3915,-0.1304,-0.0493,0.9670
3916,-0.0112,-0.0288,1.0728
3917,0.1323,0.1431,0.9937
3918,0.3013,0.2556,0.9771
3919,0.4937,0.2068,1.0269
3920,0.5466,0.1494,0.8713
3921,0.4900,-0.0249,0.9182
3922,0.4094,-0.1379,0.9485
3923,0.1904,-0.1145,0.8840
3924,-0.0374,-0.1699,0.9976
3925,-0.2173,-0.1250,1.0093
3926,-0.4119,-0.0320,0.9810
3927,-0.4419,0.0449,1.0764
3928,-0.3857,0.1589,1.0295
3929,-0.2451,0.2339,0.9407
3930,-0.1313,0.0466,0.9963
3931,0.0222,0.0549,0.8755
3932,0.0339,-0.0959,0.8918
3933,-0.0034,-0.1440,0.9409
3934,-0.0720,-0.1316,0.9165
3935,-0.1301,-0.1206,0.9673
3936,-0.1047,-0.1069,1.0513
3937,-0.0286,0.0208,1.0208
3938,0.0776,0.1514,1.0442
3939,0.2312,0.1887,1.0454
3940,0.3435,0.2209,0.9377
3941,0.3767,0.1099,0.9211
3942,0.4448,0.0190,0.9038
3943,0.3550,-0.0913,0.8843
3944,0.2400,-0.0979,0.8870
3945,0.0601,-0.1458,0.9749
3946,-0.1467,-0.1624,0.9731
3947,-0.3257,-0.0762,1.0227
3948,-0.4331,-0.0493,1.0901
3949,-0.4146,0.1313,1.0325
3950,-0.3345,0.2151,1.0452
3951,-0.2036,0.2244,1.0129
3952,-0.0474,0.1577,0.9114
3953,0.0598,-0.0251,0.9019
3954,0.0620,-0.1472,0.8606
3955,0.0212,-0.2048,0.8616
3956,-0.0730,-0.2905,0.9468
3957,-0.1355,-0.1138,0.9282
3958,-0.1550,-0.1282,1.0500
3959,-0.0286,0.0850,1.0698
3960,0.1294,0.2139,1.0464
3961,0.3499,0.2666,1.0698
3962,0.5034,0.2134,0.9907
3963,0.5530,0.1628,0.9016
3964,0.5034,-0.0225,0.9390
3965,0.3696,-0.1448,0.8677
3966,0.1555,-0.1758,0.8472
3967,-0.0952,-0.2566,0.9539
3968,-0.2600,-0.1021,0.9546
3969,-0.3674,-0.0320,1.0249
3970,-0.4253,0.1294,1.0657
3971,-0.4094,0.1658,1.0444
3972,-0.2856,0.2014,1.0168
3973,-0.1558,0.1499,1.0198
3974,-0.0271,0.0659,0.9377
3975,0.0864,-0.0798,0.9045
3976,0.1099,-0.2075,0.9116
3977,0.0771,-0.1697,0.8733
3978,-0.0271,-0.2107,0.9485
3979,-0.0725,-0.1299,0.9802
3980,-0.0720,-0.0051,0.9751
3981,-0.0303,0.1516,1.0464
3982,0.1631,0.2317,1.0366
3983,0.2976,0.2656,0.9690
3984,0.4119,0.1760,0.9788
3985,0.4751,0.0598,0.9575
3986,0.3972,-0.0090,0.8723
3987,0.2234,-0.1370,0.9553
3988,0.0142,-0.1963,0.9487
3989,-0.2319,-0.1648,0.9133
3990,-0.3186,-0.1653,1.0503
3991,-0.3472,-0.0071,1.0286
3992,-0.3237,0.1919,0.9915
3993,-0.2014,0.2322,1.0806
3994,-0.1406,0.2366,0.9517
3995,-0.1223,0.1328,0.9214
3996,-0.0925,-0.0916,0.9575
3997,-0.0679,-0.1304,0.8499
3998,-0.0769,-0.2866,0.9185
3999,-0.0293,-0.1987,0.9341
4000,-0.0239,-0.2046,0.9663
4001,0.0366,-0.0442,1.0439
4002,0.0371,0.0627,1.0815
4003,0.1084,0.2573,1.0374
4004,0.2090,0.2126,1.0581
4005,0.2856,0.1946,0.9595
4006,0.3862,0.1418,0.8979
4007,0.4543,-0.0735,0.9299
4008,0.4048,-0.0942,0.8169
4009,0.2659,-0.1489,0.8911
4010,0.0564,-0.2090,0.9663
4011,-0.1289,-0.0618,0.9485
4012,-0.3118,-0.0776,1.0562
4013,-0.3735,0.1299,1.0452
4014,-0.3784,0.1665,1.0500
4015,-0.2561,0.1887,1.0620
4016,-0.1655,0.1304,0.9768
4017,-0.0474,-0.0205,0.9280
4018,0.0017,-0.1365,0.9116
4019,0.0132,-0.1345,0.8472
4020,-0.0229,-0.1763,0.9192
4021,-0.0710,-0.1687,0.9504
4022,-0.0618,-0.0300,0.9243
4023,-0.0088,-0.0103,1.0747
4024,0.0850,0.1606,1.0051
4025,0.2163,0.2214,1.0229
4026,0.3340,0.1584,1.0562
4027,0.3699,0.1816,0.9358
4028,0.3342,0.0159,0.9358
4029,0.2319,-0.0942,0.9448
4030,0.0867,-0.1206,0.8713
4031,-0.0437,-0.1797,0.9155
4032,-0.1238,-0.1589,0.9888
4033,-0.1753,-0.0115,0.9319
4034,-0.1741,0.0293,1.0493
4035,-0.1760,0.1108,1.0601
4036,-0.1985,0.2180,0.9663
4037,-0.2202,0.1558,1.0510
4038,-0.1860,0.0840,0.9778
4039,-0.1721,0.0601,0.8774
4040,-0.1062,-0.1128,0.9663
4041,-0.0405,-0.1079,0.9006
4042,-0.0144,-0.1614,0.8811
4043,0.0254,-0.2026,1.0142
4044,0.0388,-0.1377,0.9524
4045,0.0457,-0.0510,0.9895
4046,0.1743,0.0396,1.0806
4047,0.2617,0.1938,0.9807
4048,0.3403,0.1448,1.0117
4049,0.4429,0.1179,0.9868
4050,0.4451,0.0486,0.8879
4051,0.3794,-0.0388,0.9692
4052,0.2263,0.0090,0.9172
4053,-0.0222,-0.0376,0.9360
4054,-0.2007,-0.0562,0.9856
4055,-0.3518,-0.0437,0.9458
4056,-0.4009,0.0195,1.0100
4057,-0.2964,0.0491,1.0051
4058,-0.1995,0.1106,0.9712
4059,-0.1428,-0.0256,0.9946
4060,-0.0444,-0.0144,0.9338
4061,-0.0483,-0.1248,0.9604
4062,-0.0632,-0.0745,0.9504
4063,-0.0542,-0.0386,0.9514
4064,-0.0793,-0.0747,0.9907
4065,-0.0527,0.0046,0.9653
4066,-0.0137,0.0256,1.0022
4067,0.0483,0.1111,1.0171
4068,0.1750,0.1848,0.9692
4069,0.2224,0.0759,1.0012
4070,0.3240,0.0811,0.9128
4071,0.3542,-0.0515,0.9182
4072,0.3081,-0.1040,0.9028
4073,0.2637,-0.0603,0.9075
4074,0.1174,-0.1235,0.9897
4075,-0.0344,-0.0144,0.9839
4076,-0.1516,0.0110,1.0386
4077,-0.2649,0.0686,1.0493
4078,-0.2996,0.1296,1.0071
4079,-0.2488,0.1023,1.0100
4080,-0.2690,0.0854,0.9729
4081,-0.1821,0.0818,0.9133
4082,-0.1416,-0.0291,0.9358
4083,-0.1272,-0.0718,0.8872
4084,-0.0718,-0.0911,0.8870
4085,-0.0239,-0.1958,0.9800
4086,0.0312,-0.0996,0.9631
4087,0.1033,-0.0959,1.0071
4088,0.1335,-0.0833,1.0657
4089,0.2175,0.0771,1.0100
4090,0.3113,0.2007,1.0198
4091,0.3267,0.1414,1.0591
4092,0.3616,0.1565,0.8918
4093,0.3533,0.0083,0.9055
4094,0.2581,-0.1467,0.9280
4095,0.1619,-0.0806,0.8374
4096,0.0132,-0.0759,0.9573
4097,-0.1411,-0.0427,1.0022
4098,-0.1902,0.0901,0.9390
4099,-0.3091,-0.0530,1.0833
4100,-0.2495,0.1455,1.0159
4101,-0.2317,0.0579,1.0122
4102,-0.1758,0.1108,1.0227
4103,-0.1650,-0.0183,0.9504
4104,-0.1526,-0.0579,0.8870
4105,-0.1653,-0.2297,0.9736
4106,-0.1135,-0.1001,0.8560
4107,-0.0867,-0.1230,0.9260
4108,-0.0195,-0.0454,1.0093
4109,0.0625,0.1047,0.9429
4110,0.1235,0.1121,1.0520
4111,0.2117,0.1216,1.0479
4112,0.2979,0.1809,0.9546
4113,0.3735,0.0596,1.0024
4114,0.3572,0.0156,0.9905
4115,0.3289,0.0176,0.8792
4116,0.2397,-0.0789,0.9683
4117,0.0894,-0.1338,0.9368
4118,-0.0427,-0.0427,0.8628
4119,-0.1536,-0.0571,1.0598
4120,-0.2510,0.0430,0.9817
4121,-0.2983,0.1812,0.9456
4122,-0.3469,0.0056,1.0903
4123,-0.2488,0.1487,0.9397
4124,-0.2261,-0.0173,0.9563
4125,-0.1367,-0.0271,1.0269
4126,-0.0747,-0.0474,0.9104
4127,-0.0386,-0.0073,0.9016
4128,-0.0334,-0.2263,1.0364
4129,0.0183,-0.1235,0.8462
4130,0.0540,-0.1514,0.9810
4131,0.1992,-0.0962,1.0591
4132,0.2690,0.1333,0.9133
4133,0.3462,0.1467,1.0308
4134,0.3799,0.1074,1.0415
4135,0.3428,0.1482,0.8931
4136,0.3054,-0.0413,0.9856
4137,0.2336,-0.0601,0.9592
4138,0.0886,-0.0522,0.8879
4139,-0.0244,-0.0149,1.0122
4140,-0.1509,0.0305,1.0051
4141,-0.1831,0.1025,0.9556
4142,-0.2385,0.0103,1.0151
4143,-0.2468,0.0366,0.9641
4144,-0.2056,0.0386,0.9553
4145,-0.1929,0.0674,0.9641
4146,-0.1812,-0.0464,0.9670
4147,-0.1394,-0.0967,0.8901
4148,-0.1272,-0.1917,0.9543
4149,-0.0886,-0.1855,0.9575
4150,-0.0549,-0.0549,0.9446
4151,-0.0244,-0.0195,1.0569
4152,0.0376,0.1421,1.0168
4153,0.1074,0.1482,1.0042
4154,0.1924,0.1079,1.0403
4155,0.2395,0.1013,0.9497
4156,0.2476,0.0730,0.9307
4157,0.2681,-0.0300,0.9409
4158,0.1724,-0.0906,0.8882
4159,0.1387,-0.0576,0.8850
4160,0.0474,-0.1121,0.9993
4161,0.0078,0.0200,0.9348
4162,-0.0820,0.0510,1.0002
4163,-0.1658,0.0542,1.0574
4164,-0.1956,0.1946,0.9800
4165,-0.1746,0.0688,1.0581
4166,-0.1382,0.1040,1.0002
4167,-0.1157,0.0027,0.9338
4168,-0.0903,-0.0825,0.9680
4169,-0.0886,-0.1045,0.8921
4170,-0.1008,-0.1284,0.8960
4171,-0.0959,-0.1379,0.9680
4172,-0.0010,-0.0793,0.9407
4173,0.0996,-0.0291,0.9946
4174,0.1946,-0.0452,1.0347
4175,0.3047,0.1016,0.9700
4176,0.3364,0.0613,1.0415
4177,0.3484,0.1274,1.0071
4178,0.3337,0.0833,0.9309
4179,0.2075,-0.0439,0.9839
4180,0.1506,-0.0698,0.9292
4181,0.0562,-0.0676,0.9065
4182,-0.0884,-0.0867,0.9946
4183,-0.1426,0.0618,0.9292
4184,-0.2095,0.0764,0.9875
4185,-0.2534,0.1074,1.0198
4186,-0.2070,0.1245,0.9553
4187,-0.2004,0.0393,1.0190
4188,-0.1204,0.0515,0.9497
4189,-0.0984,-0.0461,0.9368
4190,-0.1067,-0.1255,0.9585
4191,-0.0942,-0.0913,0.9097
4192,-0.1211,-0.2173,0.9731
4193,-0.0986,-0.1260,0.9517
4194,-0.0679,-0.0815,0.9739
4195,-0.0537,0.0649,1.0298
4196,0.0662,0.1655,1.0149
4197,0.1658,0.2109,0.9927
4198,0.2097,0.0383,1.0042
4199,0.3240,0.0576,0.9153
4200,0.2913,-0.0598,0.9495
4201,0.2417,0.0100,0.9214
4202,0.1843,0.0051,0.9573
4203,0.0676,-0.0667,0.9595
4204,-0.0178,0.0242,0.9458
4205,-0.0464,-0.0327,1.0317
4206,-0.1277,0.1331,0.9858
4207,-0.1216,0.1426,0.9712
4208,-0.1562,0.0071,1.0366
4209,-0.1770,0.0706,0.8970
4210,-0.1875,-0.0647,0.9690
4211,-0.1677,-0.1196,0.9758
4212,-0.1577,-0.0562,0.8723
4213,-0.0952,-0.1753,0.9907
4214,-0.0918,-0.1213,0.9827
4215,-0.0120,-0.0164,0.9429
4216,0.1304,-0.0276,1.0571
4217,0.2297,0.0120,1.0132
4218,0.3457,0.1782,0.9465
4219,0.3911,0.0999,1.0513
4220,0.4028,0.1038,0.9478
4221,0.3462,-0.0063,0.8882
4222,0.2351,-0.0715,0.9771
4223,0.1421,-0.1382,0.9077
4224,0.0332,-0.0793,0.9026
4225,-0.1042,-0.0688,1.0100
4226,-0.1301,0.1301,0.9810
4227,-0.2129,0.1497,1.0181
4228,-0.2468,0.1648,1.0522
4229,-0.2390,0.1436,0.9680
4230,-0.2942,-0.0125,0.9800
4231,-0.1975,-0.0273,0.9629
4232,-0.1995,-0.1462,0.9204
4233,-0.1716,-0.1057,0.8958
4234,-0.1370,-0.2090,0.9536
4235,-0.0713,-0.0928,0.9045
4236,-0.0393,-0.1069,0.9800
4237,0.0681,-0.0249,1.0002
4238,0.0806,0.0793,0.9917
4239,0.1372,0.1562,1.0298
4240,0.1357,0.1765,1.0444
4241,0.1360,0.1472,0.9839
4242,0.1892,0.0352,0.9719
4243,0.1985,-0.0771,0.9702
4244,0.2441,-0.0454,0.8901
4245,0.2358,-0.0571,0.9419
4246,0.1782,-0.0437,0.9614
4247,0.0315,0.0886,0.9067
4248,-0.0527,0.0498,0.9944
4249,-0.1646,0.0190,1.0159
4250,-0.2280,0.1521,0.9106
4251,-0.1829,-0.0046,1.0415
4252,-0.1331,0.0125,0.9810
4253,-0.1169,0.0176,0.8977
4254,-0.0708,-0.0994,1.0425
4255,-0.0933,-0.1240,0.9341
4256,-0.1067,-0.0981,0.9175
4257,-0.1028,-0.1401,1.0288
4258,-0.0945,-0.0576,0.9426
4259,0.0410,-0.0166,0.9741
4260,0.1687,0.0063,1.0579
4261,0.3198,0.1296,0.9487
4262,0.4106,0.0828,0.9761
4263,0.4653,0.0740,0.9771
4264,0.3696,0.0117,0.9224
4265,0.3013,-0.0059,0.9272
4266,0.1196,-0.0723,0.9858
4267,-0.0188,0.0449,0.9153
4268,-0.1394,0.0198,0.9976
4269,-0.2085,0.0708,0.9944
4270,-0.2495,0.0596,0.9924
4271,-0.2131,0.0891,1.0002
4272,-0.1895,0.0845,0.9995
4273,-0.1763,0.0261,0.9407
4274,-0.1440,-0.0466,0.9358
4275,-0.1335,-0.1599,0.9419
4276,-0.1404,-0.1147,0.8989
4277,-0.1123,-0.1389,0.9526
4278,-0.1174,-0.1147,0.9741
4279,-0.1462,-0.0344,0.9709
4280,-0.0488,0.0366,1.0286
4281,-0.0227,0.0674,1.0491
4282,0.0894,0.1990,0.9819
4283,0.1772,0.1365,1.0239
4284,0.2410,0.0774,0.9670
4285,0.2788,0.0134,0.9106
4286,0.2458,-0.0886,0.9299
4287,0.2180,-0.1143,0.9097
4288,0.1792,-0.1260,0.9172
4289,0.1052,-0.0051,0.9534
4290,0.0471,0.0295,1.0193
4291,-0.0435,0.1599,0.9878
4292,-0.1228,0.1572,1.0208
4293,-0.1758,0.1265,1.0552
4294,-0.1731,0.1206,0.9299
4295,-0.1921,0.0366,0.9692
4296,-0.1289,-0.0579,0.9446
4297,-0.1296,-0.0920,0.8665
4298,-0.1135,-0.2217,0.9419
4299,-0.0986,-0.2156,0.9524
4300,-0.0813,-0.1260,0.9331
4301,-0.0168,-0.0847,1.0298
4302,0.1243,-0.0486,1.0481
4303,0.2224,0.0913,0.9934
4304,0.3425,0.1284,1.0510
4305,0.4207,0.1711,1.0120
4306,0.3875,0.1147,0.9036
4307,0.3579,0.0081,0.9644
4308,0.2629,-0.0637,0.9028
4309,0.1089,-0.0391,0.9009
4310,0.0295,-0.0869,0.9680
4311,-0.1003,0.0396,0.9380
4312,-0.2024,0.0359,0.9927
4313,-0.2148,0.1042,1.0239
4314,-0.2915,0.0715,1.0159
4315,-0.2461,0.1260,1.0005
4316,-0.2131,0.0308,1.0139
4317,-0.1453,-0.0034,0.9390
4318,-0.0811,-0.1294,0.9351
4319,-0.0918,-0.1763,0.9270
4320,-0.1375,-0.1494,0.8892
4321,-0.1572,-0.1118,0.9546
4322,-0.2112,-0.0774,0.9868
4323,-0.0913,0.0906,0.9692
4324,-0.0032,0.0303,1.0647
4325,0.1531,0.1890,0.9885
4326,0.2595,0.1392,1.0100
4327,0.2593,0.0842,1.0208
4328,0.2817,0.0574,0.9292
4329,0.2175,-0.1101,0.9573
4330,0.1553,-0.1155,0.9133
4331,0.1553,-0.0569,0.9116
4332,0.0984,-0.0444,0.9504
4333,0.0181,0.0391,0.9856
4334,-0.0422,0.0833,0.9761
4335,-0.1519,0.1318,1.0002
4336,-0.1433,0.1228,1.0288
4337,-0.1118,0.1699,0.9548
4338,-0.1311,0.0215,0.9761
4339,-0.0349,-0.0359,0.9690
4340,-0.0798,-0.1311,0.8840
4341,-0.1460,-0.1580,0.9573
4342,-0.1941,-0.2383,0.9797
4343,-0.1897,-0.0557,0.9136
4344,-0.1487,-0.1365,1.0728
4345,0.0730,0.0491,0.9817
4346,0.2542,0.0828,0.9985
4347,0.4812,0.0950,1.0569
4348,0.5688,0.2292,0.9194
4349,0.4949,0.0266,0.9612
4350,0.3723,-0.0388,0.9614
4351,0.1772,-0.0786,0.8696
4352,0.0142,-0.1021,0.9583
4353,-0.0784,-0.0952,0.9839
4354,-0.1113,0.0793,0.9104
4355,-0.1912,0.0393,1.0542
4356,-0.1519,0.1958,1.0090
4357,-0.2383,0.1438,0.9846
4358,-0.2490,0.1213,1.0269
4359,-0.2163,-0.0210,0.9475
4360,-0.1782,-0.0603,0.8938
4361,-0.1006,-0.1921,0.9612
4362,-0.0442,-0.1353,0.9019
4363,-0.0271,-0.1375,0.9353
4364,-0.0686,-0.1238,1.0054
4365,-0.0972,-0.0291,0.9399
4366,-0.1091,-0.0137,1.0444
4367,-0.0547,0.1809,1.0171
4368,0.0168,0.2070,1.0151
4369,0.1519,0.1243,1.0005
4370,0.2378,0.0464,0.9321
4371,0.2690,-0.0642,0.9419
4372,0.2576,-0.0884,0.9319
4373,0.1912,-0.1067,0.9338
4374,0.1382,-0.0515,0.9370
4375,0.0510,-0.0125,0.9788
4376,0.0024,0.0627,0.9907
4377,-0.0276,0.1904,1.0100
4378,-0.0637,0.1682,1.0161
4379,-0.1067,0.1316,0.9800
4380,-0.1519,0.0159,0.9250
4381,-0.2153,-0.0715,0.9641
4382,-0.1819,-0.0803,0.9009
4383,-0.1885,-0.0901,0.9172
4384,-0.1665,-0.2075,0.9875
4385,-0.0815,-0.1145,0.9163
4386,-0.0657,-0.1624,1.0100
4387,0.0120,-0.0613,1.0464
4388,0.1353,0.0991,1.0024
4389,0.2141,0.1455,1.0598
4390,0.3364,0.1707,1.0210
4391,0.3982,0.1169,0.9329
4392,0.4314,0.0525,0.9348
4393,0.4109,-0.0710,0.9231
4394,0.2886,-0.0315,0.8589
4395,0.1189,-0.1189,0.9270
4396,-0.0422,-0.0686,0.9341
4397,-0.1504,-0.0273,0.9846
4398,-0.2056,0.1167,1.0442
4399,-0.1636,0.1482,1.0471
4400,-0.1399,0.1003,1.0425
4401,-0.1157,0.0908,0.9719
4402,-0.1738,-0.0056,0.9829
4403,-0.1633,-0.0747,0.9458
4404,-0.2329,-0.1228,0.8938
4405,-0.2280,-0.1907,0.9094
4406,-0.2163,-0.2012,0.9165
4407,-0.1453,-0.0371,0.9045
4408,-0.0820,-0.0234,1.0339
4409,0.0034,0.1025,1.0200
4410,0.0701,0.1538,0.9905
4411,0.1172,0.1240,1.0825
4412,0.1946,0.1521,0.9797
4413,0.2532,0.0764,0.9700
4414,0.2947,-0.0620,1.0002
4415,0.3152,-0.0925,0.8782
4416,0.2700,-0.0991,0.8911
4417,0.1821,-0.1096,0.9868
4418,0.0610,0.1340,0.9048
4419,-0.0928,0.1079,1.0002
4420,-0.1494,0.0818,1.0247
4421,-0.2573,0.0862,0.9192
4422,-0.2595,0.0308,1.0168
4423,-0.2375,0.0398,1.0112
4424,-0.2656,0.0635,0.9299
4425,-0.2283,-0.0737,0.9983
4426,-0.1846,-0.1526,0.9634
4427,-0.1538,-0.2053,0.9231
4428,-0.0315,-0.1633,0.9778
4429,0.0056,-0.1570,0.9895
4430,0.1323,0.0315,0.9438
4431,0.2368,0.0151,1.0444
4432,0.3120,0.1809,0.9839
4433,0.4207,0.1370,0.9661
4434,0.4644,0.0801,0.9927
4435,0.4541,0.0466,0.9028
4436,0.3796,-0.0669,0.9075
4437,0.2888,-0.0159,0.9553
4438,0.1138,-0.0193,0.9629
4439,-0.0022,0.1184,0.9819
4440,-0.1296,0.0161,1.0286
4441,-0.2144,0.0845,0.9709
4442,-0.3071,-0.0215,1.0129
4443,-0.2712,0.0845,0.9700
4444,-0.2651,-0.0281,0.9807
4445,-0.2107,-0.0615,0.9387
4446,-0.1189,-0.0806,0.9224
4447,-0.0447,-0.1704,0.9312
4448,-0.0288,-0.0959,0.9260
4449,-0.0317,-0.0730,0.9553
4450,-0.1011,-0.0007,0.9739
4451,-0.1458,-0.0361,1.0386
4452,-0.1323,0.1433,0.9934
4453,-0.1118,0.1067,1.0581
4454,0.0610,0.1504,1.0217
4455,0.1921,0.0444,0.9436
4456,0.2700,0.0134,0.9456
4457,0.3564,-0.1028,0.9270
4458,0.3059,-0.0188,0.8833
4459,0.2207,-0.0852,0.9668
4460,0.1292,0.0266,0.9077
4461,-0.0247,-0.0596,0.9634
4462,-0.1094,0.0649,1.0081
4463,-0.2288,0.1248,0.9888
4464,-0.2407,0.0918,1.0754
4465,-0.2102,0.0911,1.0034
4466,-0.2344,0.1128,0.9504
4467,-0.1587,-0.0471,1.0344
4468,-0.1045,-0.0022,0.8726
4469,-0.1504,-0.1458,0.9146
4470,-0.1125,-0.2261,0.9692
4471,-0.0566,-0.1201,0.8684
4472,-0.0007,-0.1660,1.0093
4473,0.1348,-0.0730,1.0232
4474,0.2175,0.1140,0.9573
4475,0.3208,0.1125,1.0696
4476,0.4028,0.2019,1.0210
4477,0.4224,0.1418,0.9390
4478,0.4478,0.0645,1.0068
4479,0.4236,0.0447,0.9202
4480,0.3230,0.0061,0.8870
4481,0.2034,-0.0647,0.9436
4482,0.0100,-0.1169,0.9390
4483,-0.1797,-0.0444,0.9387
4484,-0.3254,-0.0186,1.0161
4485,-0.4338,0.0171,1.0337
4486,-0.3997,0.0332,0.9722
4487,-0.3325,0.0322,1.0247
4488,-0.1594,0.0054,0.9976
4489,-0.0349,0.0259,0.9211
4490,0.0518,-0.0215,0.9595
4491,0.0115,-0.1030,0.9504
4492,-0.0437,-0.0400,0.8870
4493,-0.1550,-0.1245,0.9849
4494,-0.1685,-0.0110,0.9670
4495,-0.1321,0.0234,0.9719
4496,0.0186,0.0842,1.0356
4497,0.1675,0.0786,0.9966
4498,0.2786,0.1143,0.9563
4499,0.3381,0.0559,0.9983
4500,0.2598,0.0398,0.9556
4501,0.1606,0.0342,0.9087
4502,0.0408,-0.0867,0.9719
4503,-0.0320,-0.0559,0.9390
4504,-0.0852,-0.0471,0.9673
4505,-0.0859,0.0266,1.0042
4506,-0.1316,0.0337,0.9963
4507,-0.1750,0.0732,0.9622
4508,-0.2571,0.0586,1.0005
4509,-0.2642,0.0742,0.9470
4510,-0.2185,-0.0354,0.9595
4511,-0.1812,-0.0747,0.9421
4512,-0.0840,-0.0894,0.9185
4513,-0.0293,-0.1904,0.9973
4514,0.0359,-0.1082,0.9280
4515,0.0713,-0.0786,1.0129
4516,0.1370,-0.0649,1.0276
4517,0.2451,0.1357,0.9812
4518,0.3323,0.1147,1.0334
4519,0.4092,0.2197,0.9849
4520,0.4958,0.1152,0.9377
4521,0.4612,0.0552,0.9153
4522,0.4253,-0.0076,0.9116
4523,0.3064,-0.0603,0.9104
4524,0.1140,-0.0369,0.9114
4525,-0.0491,-0.0974,0.9954
4526,-0.2183,-0.0266,0.9712
4527,-0.3354,0.0193,1.0325
4528,-0.3230,0.0264,1.0659
4529,-0.3240,0.0974,0.9849
4530,-0.2441,0.0303,1.0239
4531,-0.1924,-0.0149,0.9722
4532,-0.1775,-0.0215,0.8901
4533,-0.1265,-0.1614,0.9651
4534,-0.1255,-0.0498,0.8882
4535,-0.1118,-0.1140,0.9329
4536,-0.0999,-0.0637,0.9810
4537,-0.0720,0.0264,0.9487
4538,-0.0015,0.0383,1.0200
4539,0.1184,0.1238,1.0054
4540,0.2288,0.1304,1.0190
4541,0.2947,0.0923,0.9963
4542,0.3220,0.0610,0.9807
4543,0.3005,-0.0264,0.9592
4544,0.2061,0.0205,0.9133
4545,0.0825,-0.1062,0.9778
4546,-0.0093,0.0227,0.9202
4547,-0.1804,-0.0735,0.9563
4548,-0.2395,-0.0159,0.9644
4549,-0.3364,-0.0164,0.9807
4550,-0.3044,0.1179,0.9878
4551,-0.1960,0.1094,1.0042
4552,-0.1189,0.0737,0.9702
4553,-0.0347,-0.0188,0.9436
4554,0.0168,-0.0750,0.9504
4555,-0.0093,-0.1353,0.9761
4556,-0.0420,-0.0679,0.9368
4557,-0.0671,-0.0786,0.9976
4558,-0.0117,-0.0630,0.9985
4559,0.0684,0.0015,0.9653
4560,0.2263,0.0278,1.0159
4561,0.4026,0.1067,0.9722
4562,0.5137,0.1448,0.9351
4563,0.5603,0.0679,0.9758
4564,0.5171,0.0183,0.8931
4565,0.3677,-0.0630,0.9268
4566,0.1936,-0.1272,0.9719
4567,-0.0203,0.0215,0.9250
4568,-0.2146,-0.0620,1.0405
4569,-0.2854,0.0508,1.0288
4570,-0.3716,0.0620,0.9788
4571,-0.3630,0.0537,1.0344
4572,-0.2903,0.0708,0.9985
4573,-0.2305,0.0925,0.9077
4574,-0.1230,-0.0349,0.9875
4575,-0.0442,-0.1292,0.9048
4576,-0.0066,-0.0645,0.8401
4577,0.0156,-0.1985,1.0227
4578,-0.0598,-0.0916,0.9231
4579,-0.0864,-0.0022,0.9612
4580,-0.1223,-0.0566,1.1187
4581,-0.0933,0.1614,0.9448
4582,0.0537,0.1091,1.0522
4583,0.1355,0.1411,1.0295
4584,0.2888,0.2192,0.8987
4585,0.3452,-0.0061,0.9741
4586,0.3403,0.0347,0.8696
4587,0.2551,-0.1699,0.9019
4588,0.1541,-0.0906,0.9358
4589,-0.0232,-0.0703,0.9507
4590,-0.1519,-0.0198,1.0054
4591,-0.2988,-0.0193,1.0278
4592,-0.3481,0.0769,1.0042
4593,-0.3440,0.0583,1.0513
4594,-0.2620,0.1677,0.9927
4595,-0.1294,0.0894,0.9661
4596,-0.0337,-0.0154,0.9563
4597,0.0405,-0.0796,0.8862
4598,0.0186,-0.1511,0.9084
4599,-0.0120,-0.1714,0.9497
4600,-0.0354,-0.1240,0.9517
4601,-0.0349,-0.0342,0.9790
4602,0.0806,-0.0107,1.0571
4603,0.2178,0.1433,0.9976
4604,0.4028,0.1914,1.0220
4605,0.5435,0.1589,1.0234
4606,0.5808,0.1196,0.8782
4607,0.5503,-0.0132,0.9360
4608,0.3679,-0.0930,0.9377
4609,0.1584,-0.0425,0.8521
4610,-0.0625,-0.1956,0.9788
4611,-0.2668,-0.1089,0.9712
4612,-0.3965,-0.0039,0.9631
4613,-0.4651,0.0129,1.1069
4614,-0.3726,0.1755,1.0256
4615,-0.3069,0.1121,1.0083
4616,-0.1787,0.0750,1.0151
4617,-0.0066,0.0710,0.9214
4618,0.0083,-0.0469,0.9146
4619,0.0205,-0.0835,0.9004
4620,0.0034,-0.1653,0.9099
4621,-0.0850,-0.1799,0.9358
4622,-0.0847,-0.0999,0.9524
4623,-0.0813,-0.0444,1.0149
4624,-0.0415,0.0696,1.0229
4625,0.0554,0.1914,1.0168
4626,0.1392,0.1841,1.0366
4627,0.2341,0.1721,0.9697
4628,0.3169,0.0710,0.9409
4629,0.3491,-0.0295,0.9390
4630,0.2974,-0.1035,0.9175
4631,0.1494,-0.0874,0.9165
4632,-0.0061,-0.1108,0.9651
4633,-0.2014,-0.0786,0.9839
4634,-0.3464,-0.0264,0.9751
4635,-0.3596,0.0417,1.0435
4636,-0.3257,0.1567,1.0002
4637,-0.2261,0.1780,0.9749
4638,-0.1157,0.0554,0.9856
4639,-0.0239,0.0100,0.9143
4640,0.0281,-0.0840,0.9360
4641,0.0244,-0.1367,0.9504
4642,-0.0061,-0.1377,0.9377
4643,-0.0759,-0.1272,0.9849
4644,-0.1052,-0.0540,1.0181
4645,0.0237,0.0127,1.0181
4646,0.1650,0.1082,1.0237
4647,0.4136,0.1755,0.9878
4648,0.6414,0.1611,0.9651
4649,0.6687,0.0996,0.8889
4650,0.5991,0.0469,0.9106
4651,0.3855,-0.1433,0.9124
4652,0.0913,-0.0664,0.8804
4653,-0.1833,-0.1943,0.9995
4654,-0.3372,-0.0620,1.0103
4655,-0.4280,-0.0498,0.9985
4656,-0.4004,0.0381,1.0786
4657,-0.3047,0.1160,1.0425
4658,-0.2092,0.2129,0.9888
4659,-0.1655,0.0796,1.0217
4660,-0.0239,0.0542,0.9106
4661,-0.0342,-0.1084,0.8687
4662,-0.0054,-0.1272,0.9009
4663,0.0366,-0.1799,0.8909
4664,-0.0332,-0.1211,0.9097
4665,-0.0222,-0.1431,1.0200
4666,-0.0352,-0.0017,0.9956
4667,-0.0022,0.1584,1.0308
4668,0.0828,0.1765,1.1265
4669,0.1843,0.3257,0.9583
4670,0.2651,0.1243,0.9829
4671,0.3511,0.0042,0.9751
4672,0.3374,-0.0278,0.8530
4673,0.2483,-0.1404,0.9407
4674,0.0884,-0.1843,0.9292
4675,-0.1594,-0.1523,0.8931
4676,-0.3340,-0.1174,0.9944
4677,-0.4368,-0.0083,1.0298
4678,-0.3911,0.1318,0.9963
4679,-0.2878,0.1628,1.0483
4680,-0.1265,0.1929,1.0012
4681,0.0063,0.0828,0.9341
4682,0.0679,0.0002,0.9556
4683,0.0581,-0.0920,0.9573
4684,0.0066,-0.0793,0.8889
4685,-0.0674,-0.1812,0.9810
4686,-0.0977,-0.1172,0.9739
4687,-0.0730,-0.0522,0.9680
4688,0.0356,0.0051,1.0376
4689,0.2168,0.1384,0.9902
4690,0.3667,0.1792,0.9670
4691,0.4910,0.1499,0.9993
4692,0.5261,0.0740,0.9221
4693,0.4761,-0.0498,0.8911
4694,0.3474,-0.1448,0.9475
4695,0.1453,-0.0903,0.9146
4696,-0.0540,-0.1050,0.9946
4697,-0.2058,-0.0842,1.0259
4698,-0.3140,-0.0349,1.0168
4699,-0.3528,0.0784,1.0249
4700,-0.3149,0.1929,1.0276
4701,-0.2668,0.2048,1.0063
4702,-0.1938,0.1226,0.9351
4703,-0.0979,-0.0283,0.9185
4704,-0.0349,-0.1484,0.8892
4705,0.0508,-0.1074,0.8745
4706,0.0632,-0.2017,0.9575
4707,0.0315,-0.1194,0.9280
4708,-0.0024,-0.1023,1.0083
4709,-0.0154,0.0156,1.0715
4710,-0.0288,0.1895,1.0173
4711,0.0674,0.2148,1.0627
4712,0.1809,0.1978,1.0188
4713,0.3062,0.1350,0.8921
4714,0.3325,-0.0271,0.9468
4715,0.3435,-0.0906,0.8782
4716,0.1970,-0.1321,0.8762
4717,0.0181,-0.1682,0.9426
4718,-0.1431,-0.1174,0.9612
4719,-0.3352,-0.0771,0.9976
4720,-0.3560,0.0728,1.0461
4721,-0.3596,0.1155,1.0610
4722,-0.2935,0.2141,1.0247
4723,-0.1812,0.1672,1.0208
4724,-0.1538,0.0681,0.9514
4725,-0.0737,-0.0710,0.9065
4726,-0.0376,-0.1472,0.8840
4727,-0.0688,-0.2000,0.9094
4728,-0.0200,-0.1360,0.9250
4729,-0.0459,-0.1284,0.9448
4730,-0.0105,-0.0532,1.0032
4731,0.0986,0.0525,1.0278
4732,0.1929,0.1829,1.0269
4733,0.4109,0.2104,1.0442
4734,0.5505,0.1665,1.0051
4735,0.5562,0.1062,0.9146
4736,0.5776,-0.0220,0.9390
4737,0.3892,-0.1279,0.8921
4738,0.1064,-0.1265,0.8850
4739,-0.0786,-0.1619,0.9800
4740,-0.2944,-0.0728,0.9446
4741,-0.3701,-0.0012,1.0178
4742,-0.3853,0.0464,1.0520
4743,-0.2759,0.2144,0.9778
4744,-0.1523,0.0710,1.0620
4745,-0.0435,0.1704,0.9436
4746,0.0071,-0.0073,0.9475
4747,0.0256,-0.1040,0.9546
4748,-0.0044,-0.1218,0.8657
4749,-0.0728,-0.2046,0.9517
4750,-0.0884,-0.1211,0.9331
4751,-0.0713,-0.0676,0.9702
4752,-0.0020,0.0251,1.0288
4753,0.0259,0.1484,1.0015
4754,0.1350,0.1848,0.9995
4755,0.2097,0.1431,1.0276
4756,0.2710,0.1519,0.9368
4757,0.3203,0.0435,0.9387
4758,0.3120,-0.0933,0.9458
4759,0.2246,-0.1257,0.9065
4760,-0.0007,-0.1472,0.9329
4761,-0.1792,-0.1526,0.9778
4762,-0.3433,-0.0657,1.0061
4763,-0.4861,0.0667,0.9917
4764,-0.4329,0.1499,1.0386
4765,-0.2583,0.1218,1.0168
4766,-0.1472,0.1455,0.9448
4767,0.0107,0.0637,0.9504
4768,0.0657,-0.0942,0.9409
4769,0.0217,-0.0588,0.8928
4770,-0.0752,-0.1301,0.9465
4771,-0.1309,-0.1174,0.9790
4772,-0.0918,-0.1414,0.9751
4773,-0.0117,0.0181,0.9976
4774,0.1160,0.0205,1.0325
4775,0.3162,0.1282,1.0071
4776,0.4404,0.1809,0.9517
4777,0.4858,0.0769,0.9839
4778,0.5369,0.0337,0.9143
4779,0.4370,-0.0398,0.8638
4780,0.3525,-0.0627,0.9690
4781,0.1348,-0.1619,0.9360
4782,-0.0676,-0.0144,0.9116
4783,-0.2407,-0.1497,1.0911
4784,-0.3704,0.0742,0.9976
4785,-0.3601,0.1475,1.0295
4786,-0.2795,0.1199,1.0864
4787,-0.1785,0.1392,0.9348
4788,-0.0820,0.0271,0.9292
4789,-0.0090,-0.0308,0.9409
4790,-0.0039,-0.1006,0.8677
4791,-0.0361,-0.1575,0.8921
4792,-0.0845,-0.2004,0.9807
4793,-0.0359,-0.0762,0.9260
4794,-0.0508,-0.0520,1.0178
4795,0.0386,0.0999,1.0620
4796,0.1079,0.1672,1.0239
4797,0.1619,0.2397,1.0295
4798,0.2107,0.1411,1.0217
4799,0.2104,0.1213,0.9038
4800,0.1960,-0.0657,0.9143
4801,0.2002,-0.1160,0.9146
4802,0.1003,-0.1501,0.8762
4803,0.0208,-0.1313,0.9526
4804,-0.1140,-0.1252,0.9749
4805,-0.2463,-0.0195,0.9780
4806,-0.3052,0.0308,1.0745
4807,-0.3159,0.2222,1.0383
4808,-0.3022,0.2168,1.0217
4809,-0.1948,0.1567,1.0071
4810,-0.1208,-0.0095,0.9299
4811,-0.0178,-0.0745,0.9153
4812,0.0200,-0.2168,0.9368
4813,-0.0142,-0.0994,0.8696
4814,-0.0349,-0.1995,0.9563
4815,-0.0642,-0.0823,0.9663
4816,-0.0247,0.0085,0.9954
4817,0.0781,0.0884,1.0581
4818,0.2671,0.1958,0.9946
4819,0.4041,0.1318,0.9993
4820,0.4966,0.0964,0.9653
4821,0.5212,0.0122,0.9241
4822,0.4771,-0.0330,0.9175
4823,0.2974,-0.1335,0.9575
4824,0.1118,-0.0159,0.9104
4825,-0.0945,-0.1226,0.9917
4826,-0.2717,-0.0422,0.9985
4827,-0.3269,0.0398,0.9702
4828,-0.3799,0.0601,1.0435
4829,-0.2932,0.1326,0.9839
4830,-0.1548,0.0876,1.0012
4831,-0.1335,0.0310,0.9622
4832,-0.0242,-0.0366,0.9399
4833,0.0283,-0.1316,0.9309
4834,-0.0532,-0.0752,0.8918
4835,-0.0398,-0.1145,0.9897
4836,-0.0806,-0.0452,0.9485
4837,-0.0894,0.0125,0.9719
4838,0.0132,-0.0117,1.0532
4839,0.0806,0.1372,0.9507
4840,0.2217,0.1321,1.0024
4841,0.3347,0.1252,1.0081
4842,0.3237,0.0952,0.8940
4843,0.3416,-0.0154,0.9348
4844,0.2805,-0.1086,0.9778
4845,0.1167,-0.0620,0.9048
4846,-0.0374,-0.0884,0.9819
4847,-0.1926,-0.1069,1.0083
4848,-0.3362,-0.0208,0.9722
4849,-0.4160,0.0383,1.0159
4850,-0.3599,0.1096,1.0325
4851,-0.2815,0.1353,0.9749
4852,-0.1680,0.1670,0.9543
4853,-0.0740,0.0110,0.9800
4854,-0.0051,-0.0505,0.8970
4855,-0.0107,-0.1133,0.9136
4856,-0.0300,-0.1533,0.9624
4857,-0.0735,-0.0725,0.9426
4858,-0.0671,-0.1128,0.9907
4859,-0.0190,-0.0229,1.0208
4860,0.1135,-0.0220,1.0042
4861,0.3201,0.1606,0.9866
4862,0.4607,0.1172,1.0305
4863,0.5720,0.1711,0.9436
4864,0.5474,0.0222,0.9126
4865,0.4460,-0.0461,0.9348
4866,0.2595,-0.0562,0.9075
4867,0.0288,-0.0461,0.9507
4868,-0.1592,-0.0486,1.0017
4869,-0.3030,-0.0244,0.9829
4870,-0.4009,-0.0034,1.0168
4871,-0.3625,0.1003,1.0239
4872,-0.2651,0.1211,1.0110
4873,-0.1289,0.0618,0.9751
4874,-0.0312,-0.0134,0.9292
4875,0.0344,-0.0903,0.9028
4876,0.0486,-0.1111,0.9426
4877,-0.0283,-0.0916,0.9241
4878,-0.1021,-0.0874,0.9624
4879,-0.1462,-0.1333,1.0015
4880,-0.1211,0.0220,0.9658
4881,-0.0559,0.0723,1.0500
4882,0.1377,0.1973,1.0308
4883,0.2715,0.2109,0.9673
4884,0.3938,0.1140,0.9741
4885,0.3875,0.0417,0.9163
4886,0.3354,-0.0132,0.8794
4887,0.2568,-0.1272,0.9592
4888,0.0823,-0.1064,0.9185
4889,-0.0981,-0.1145,0.9495
4890,-0.2205,-0.1448,1.0454
4891,-0.3726,-0.0220,0.9768
4892,-0.4414,0.0598,1.0540
4893,-0.4016,0.1135,1.0698
4894,-0.2969,0.2646,0.9302
4895,-0.1514,0.0422,1.0139
4896,0.0220,0.0144,0.9202
4897,0.0913,-0.0635,0.8489
4898,0.1055,-0.1770,0.9622
4899,0.0574,-0.1116,0.9260
4900,-0.0730,-0.0940,0.9426
4901,-0.0911,-0.0469,1.0442
4902,-0.0608,-0.0295,1.0247
4903,0.0496,0.1240,0.9731
4904,0.2371,0.1147,1.0564
4905,0.4780,0.2156,0.9712
4906,0.5200,0.0842,0.9155
4907,0.5259,-0.0083,0.9380
4908,0.4382,-0.1118,0.8918
4909,0.2429,-0.1438,0.8938
4910,0.0757,-0.1023,0.9983
4911,-0.0999,-0.0574,0.9846
4912,-0.2229,0.0420,0.9927
4913,-0.3276,-0.0308,1.0796
4914,-0.3752,0.1604,0.9946
4915,-0.3430,0.1511,1.0015
4916,-0.2522,0.1423,1.0122
4917,-0.2056,0.0525,0.8958
4918,-0.0823,-0.0581,0.8970
4919,0.0078,-0.1587,0.9448
4920,-0.0281,-0.1677,0.8892
4921,-0.0640,-0.1189,0.9495
4922,-0.0837,-0.1604,1.0188
4923,-0.0283,-0.0068,0.9807
4924,0.0190,0.0303,1.0337
4925,0.2014,0.2092,1.0354
4926,0.3308,0.1577,1.0168
4927,0.3645,0.2126,0.9277
4928,0.3738,0.0637,0.9485
4929,0.3154,-0.0972,0.9165
4930,0.2036,-0.0127,0.8560
4931,0.0527,-0.1365,0.9885
4932,-0.0833,-0.0510,0.9321
4933,-0.2192,-0.1145,0.9602
4934,-0.3567,-0.0774,1.0679
4935,-0.4075,0.0935,0.9995
4936,-0.3879,0.0938,1.0444
4937,-0.2573,0.1589,1.0168
4938,-0.1282,0.0913,0.9719
4939,-0.0295,-0.0093,0.9290
4940,0.1101,-0.0388,0.8918
4941,0.0964,-0.2036,0.9563
4942,-0.0071,-0.0872,0.8635
4943,-0.0293,-0.1177,0.9751
4944,-0.0847,-0.1467,1.0442
4945,-0.0051,0.1040,0.9075
4946,0.1008,0.0574,1.0872
4947,0.2832,0.1667,1.0132
4948,0.4558,0.2234,0.9390
4949,0.5161,0.0435,1.0405
4950,0.5076,0.0710,0.9006
4951,0.3953,-0.0784,0.8997
4952,0.2158,-0.1292,0.9680
4953,0.0149,-0.1013,0.9084
4954,-0.2043,-0.1558,0.9702
4955,-0.2896,-0.0081,1.0042
4956,-0.3940,0.0459,1.0276
4957,-0.3862,0.1455,0.9934
4958,-0.2610,0.1243,1.0083
4959,-0.1782,0.0476,0.9749
4960,-0.0593,0.1042,0.9058
4961,0.0186,-0.0693,0.9907
4962,-0.0088,-0.0742,0.9182
4963,-0.0449,-0.1453,0.9241
4964,-0.1223,-0.2053,0.9954
4965,-0.1045,-0.0637,0.9465
4966,-0.0576,-0.0415,1.0278
4967,0.0103,0.1421,1.0090
4968,0.1721,0.1858,1.0024
4969,0.3008,0.0994,0.9797
4970,0.3765,0.1528,0.9175
4971,0.4038,0.0061,0.9487
4972,0.3704,0.0298,0.8843
4973,0.2725,-0.0811,0.9270
4974,0.0918,-0.1289,0.9683
4975,-0.1226,-0.0750,0.9768
4976,-0.2463,-0.0745,1.0347
4977,-0.3850,-0.0012,1.0513
4978,-0.4116,0.1064,0.9983
4979,-0.3137,0.1663,1.0356
4980,-0.2129,0.1201,1.0061
4981,-0.0481,0.1514,0.8899
4982,0.0322,-0.0920,0.9272
4983,0.0696,-0.1628,0.8918
4984,0.0625,-0.1409,0.8713
4985,-0.0554,-0.1838,0.9817
4986,-0.0647,-0.0916,0.9634
4987,-0.1116,-0.0737,1.0220
4988,-0.0491,0.0344,1.0520
4989,0.1404,0.1226,1.0432
4990,0.2542,0.1494,1.0208
4991,0.4324,0.2124,0.9573
4992,0.4927,0.0527,0.9731
4993,0.4158,0.0100,0.8596
4994,0.3657,-0.0972,0.8979
4995,0.1599,-0.1953,0.9380
4996,-0.0244,-0.0437,0.8879
4997,-0.1519,-0.0847,1.0393
4998,-0.2920,0.0339,1.0210
4999,-0.3120,0.1228,1.0139
5000,-0.3169,0.1152,1.0881
5001,-0.2612,0.2368,0.9680
5002,-0.1963,0.0398,0.9944
5003,-0.1475,-0.0259,0.9302
5004,-0.1045,-0.1062,0.8635
5005,-0.0457,-0.2407,0.9468
5006,-0.0173,-0.1858,0.8840
5007,0.0420,-0.1135,0.9260
5008,0.0503,-0.1536,1.0569
5009,0.1250,0.1130,0.9683
5010,0.1743,0.1658,1.0532
5011,0.2075,0.2188,1.0737
5012,0.2556,0.2212,0.9446
5013,0.2673,0.0903,0.9768
5014,0.2798,0.0444,0.9263
5015,0.2183,-0.0684,0.8862
5016,0.1606,-0.1169,0.8833
5017,0.0212,-0.1584,0.9377
5018,-0.0537,-0.1570,0.9797
5019,-0.2219,-0.0227,0.9761
5020,-0.2632,0.0471,1.0510
5021,-0.3228,0.0598,1.0608
5022,-0.3127,0.2136,0.9624
5023,-0.2463,0.0601,1.0835
5024,-0.1355,0.0754,0.9329
5025,-0.0215,0.0261,0.8948
5026,0.0081,-0.1399,0.9836
5027,0.0486,-0.0710,0.8376
5028,-0.0500,-0.2366,0.9399
5029,-0.0781,-0.0984,0.9700
5030,-0.1372,-0.0386,0.9778
5031,-0.0139,0.0557,1.0168
5032,0.1047,0.0933,1.0637
5033,0.2942,0.1875,0.9839
5034,0.4568,0.1296,1.0227
5035,0.5190,0.0894,0.9526
5036,0.4832,-0.0115,0.9114
5037,0.3240,-0.1516,0.9348
5038,0.1587,-0.0759,0.8901
5039,-0.0471,-0.1340,0.9673
5040,-0.1755,0.0115,0.9368
5041,-0.2537,-0.0044,1.0090
5042,-0.2817,0.0869,0.9924
5043,-0.2964,0.1509,0.9954
5044,-0.2493,0.0959,1.0610
5045,-0.2102,0.1277,0.9458
5046,-0.1692,-0.0371,0.9702
5047,-0.1099,-0.1411,0.9690
5048,-0.0405,-0.0964,0.8811
5049,0.0146,-0.1736,0.9585
5050,0.0386,-0.1157,0.9639
5051,0.0510,-0.0630,0.9370
5052,0.0505,0.0132,1.0042
5053,0.1025,0.0916,1.0073
5054,0.1260,0.1624,0.9702
5055,0.2039,0.1436,0.9885
5056,0.3145,0.1023,0.9673
5057,0.3770,0.0720,0.9219
5058,0.3232,-0.0413,0.9514
5059,0.2651,-0.0303,0.9556
5060,0.0852,-0.1042,0.9602
5061,-0.1218,-0.0688,0.9741
5062,-0.2686,-0.0894,1.0134
5063,-0.3977,0.0266,0.9878
5064,-0.3894,0.1111,0.9966
5065,-0.2886,0.0701,1.0413
5066,-0.1587,0.1040,0.9055
5067,-0.0378,0.0005,0.9507
5068,0.1021,-0.0640,0.9622
5069,0.0876,-0.0002,0.8862
5070,0.0005,-0.0769,0.9602
5071,-0.0984,-0.1230,1.0073
5072,-0.1912,-0.0830,0.9282
5073,-0.1868,-0.0984,1.0295
5074,-0.0479,-0.0469,1.0510
5075,0.1548,0.1072,0.9741
5076,0.2927,0.0835,1.0090
5077,0.4751,0.1423,0.9683
5078,0.4636,0.0286,0.9221
5079,0.3921,0.0305,0.9009
5080,0.3452,-0.1025,0.9480
5081,0.2007,-0.0632,0.8848
5082,-0.0068,0.0037,0.9543
5083,-0.1169,0.0588,1.0337
5084,-0.3010,0.0696,0.9907
5085,-0.3442,0.0630,1.0383
5086,-0.3459,0.0481,1.0259
5087,-0.3108,0.1082,0.9692
5088,-0.1741,0.0723,0.9736
5089,-0.1106,-0.0342,0.9429
5090,-0.0662,-0.1626,0.8823
5091,0.0171,-0.2107,0.9036
5092,0.0110,-0.1714,0.9614
5093,-0.0188,-0.0479,0.9585
5094,0.0139,-0.0098,1.0110
5095,-0.0112,-0.0017,1.0317
5096,0.0889,0.1130,0.9917
5097,0.1731,0.1519,1.0315
5098,0.3120,0.2468,0.9712
5099,0.3787,0.1411,0.9700
5100,0.3762,0.0466,0.8909
5101,0.3516,-0.0764,0.8975
5102,0.2114,-0.1794,0.9370
5103,0.0010,-0.0830,0.9087
5104,-0.1614,-0.1377,0.9995
5105,-0.2839,-0.0728,1.0198
5106,-0.3813,0.0486,1.0266
5107,-0.3269,0.1482,1.0542
5108,-0.2495,0.1528,1.0227
5109,-0.1362,0.1458,0.9448
5110,-0.0923,0.0381,0.9583
5111,0.0005,-0.0029,0.9075
5112,-0.0674,-0.1345,0.9016
5113,-0.0632,-0.1443,0.9094
5114,-0.1213,-0.2075,0.9458
5115,-0.1504,-0.1404,0.9583
5116,-0.0264,-0.0886,1.0354
5117,0.0449,0.0293,1.0327
5118,0.2019,0.1423,1.0198
5119,0.3875,0.1467,1.0403
5120,0.4563,0.1863,0.9592
5121,0.4929,0.0459,0.9504
5122,0.4397,-0.0281,0.9143
5123,0.2759,-0.0764,0.8765
5124,0.1394,-0.0840,0.9409
5125,-0.0784,-0.0596,0.9485
5126,-0.2002,0.0356,0.9692
5127,-0.2844,0.0071,1.0376
5128,-0.3159,0.1265,0.9778
5129,-0.2603,0.1311,1.0190
5130,-0.2061,0.0718,1.0090
5131,-0.1333,0.0686,0.9465
5132,-0.0918,-0.0828,0.9504
5133,-0.0491,-0.1150,0.9224
5134,-0.0647,-0.2053,0.9299
5135,-0.0801,-0.1428,0.9211
5136,-0.0566,-0.1638,0.9973
5137,-0.0361,-0.0027,0.9985
5138,0.0271,0.1177,1.0002
5139,0.1377,0.1719,1.0579
5140,0.2522,0.2036,0.9709
5141,0.3213,0.1707,0.9487
5142,0.3625,0.0642,0.9702
5143,0.3210,-0.0007,0.9006
5144,0.2017,-0.0762,0.8950
5145,0.0562,-0.1782,0.9614
5146,-0.0806,-0.1282,0.9377
5147,-0.1948,-0.0830,0.9924
5148,-0.1848,0.0381,1.0452
5149,-0.2339,0.0681,1.0188
5150,-0.2246,0.1702,0.9956
5151,-0.1687,0.1255,1.0227
5152,-0.1672,0.1018,0.9478
5153,-0.1294,0.0015,0.9202
5154,-0.1013,-0.1301,0.9309
5155,-0.0588,-0.1548,0.8850
5156,-0.0210,-0.1765,0.9436
5157,-0.0076,-0.1394,0.9731
5158,-0.0303,-0.0898,0.9749
5159,0.0500,0.0083,1.0188
5160,0.0762,0.0977,1.0630
5161,0.1667,0.2266,0.9934
5162,0.3240,0.1616,1.0188
5163,0.4050,0.0466,0.9553
5164,0.4324,0.0132,0.8762
5165,0.4304,-0.1458,0.9250
5166,0.2910,-0.0354,0.8970
5167,0.0684,-0.1292,0.9475
5168,-0.0898,-0.0149,0.9661
5169,-0.2729,-0.0374,0.9905
5170,-0.3088,0.1184,1.0308
5171,-0.3362,0.1921,1.0308
5172,-0.2664,0.2043,1.0193
5173,-0.1738,0.0588,1.0100
5174,-0.1372,-0.0256,0.9143
5175,-0.0852,-0.0891,0.9487
5176,-0.0615,-0.2012,0.9260
5177,-0.0454,-0.1018,0.8772
5178,-0.0767,-0.2769,0.9937
5179,-0.0474,-0.0637,0.9253
5180,-0.0183,-0.0476,0.9966
5181,0.0840,0.1367,1.0569
5182,0.1577,0.2048,1.0190
5183,0.2751,0.2358,0.9836
5184,0.2932,0.0806,0.9973
5185,0.2952,0.0671,0.9106
5186,0.2869,-0.0300,0.9124
5187,0.2000,-0.0808,0.9631
5188,0.1218,-0.1250,0.8940
5189,0.0100,-0.0481,0.9436
5190,-0.1731,-0.1028,1.0083
5191,-0.2385,0.0840,0.9810
5192,-0.2766,0.0525,1.0356
5193,-0.2842,0.1697,1.0269
5194,-0.1848,0.1514,0.9995
5195,-0.1096,0.0789,0.9790
5196,-0.0825,0.0103,0.9133
5197,-0.0376,-0.1765,0.9280
5198,-0.0493,-0.1484,0.9048
5199,-0.0745,-0.1372,0.9312
5200,-0.0681,-0.1475,0.9895
5201,-0.0710,-0.0571,0.9604
5202,0.0054,-0.0298,1.0181
5203,0.1472,0.0581,1.0481
5204,0.2778,0.1521,0.9907
5205,0.3894,0.1450,1.0061
5206,0.4668,0.0999,0.9702
5207,0.4019,0.0068,0.9136
5208,0.3345,-0.0688,0.9272
5209,0.1697,-0.1233,0.9075
5210,-0.0046,-0.0793,0.9172
5211,-0.1628,-0.0740,0.9741
5212,-0.2539,0.0615,0.9670
5213,-0.2766,0.0801,1.0405
5214,-0.2542,0.1843,1.0190
5215,-0.1919,0.1765,0.9907
5216,-0.0942,0.0481,1.0151
5217,-0.0464,0.0259,0.9165
5218,-0.0176,-0.1130,0.9543
5219,-0.0190,-0.1387,0.9321
5220,-0.0730,-0.1653,0.8928
5221,-0.1208,-0.1936,0.9575
5222,-0.1479,-0.1201,0.9670
5223,-0.1204,0.0513,0.9761
5224,-0.0408,0.0984,1.0562
5225,0.0667,0.2131,1.0161
5226,0.1736,0.1172,0.9700
5227,0.2932,0.0801,1.0022
5228,0.3530,0.0149,0.9497
5229,0.3123,0.0388,0.9143
5230,0.2751,-0.1008,0.9543
5231,0.1692,-0.1191,0.9185
5232,0.0161,-0.0696,0.9397
5233,-0.0977,-0.0208,1.0110
5234,-0.1370,0.1702,0.9878
5235,-0.2549,0.0842,1.0237
5236,-0.2549,0.2007,0.9778
5237,-0.2195,0.0454,0.9807
5238,-0.1804,0.0203,0.9644
5239,-0.0967,-0.0244,0.9202
5240,-0.0637,-0.1160,0.9478
5241,-0.0608,-0.1680,0.9309
5242,-0.0569,-0.1809,0.9485
5243,-0.0769,-0.1606,0.9976
5244,-0.0588,-0.1033,1.0200
5245,0.0469,0.0623,1.0002
5246,0.1455,0.1497,1.0425
5247,0.3025,0.1414,1.0110
5248,0.4094,0.1594,0.9292
5249,0.4351,0.0244,0.9380
5250,0.4067,-0.0327,0.9155
5251,0.3086,-0.0288,0.8713
5252,0.1638,-0.1101,0.9607
5253,0.0159,-0.0730,0.9487
5254,-0.1069,-0.0305,0.9729
5255,-0.1958,0.0437,1.0520
5256,-0.2268,0.1707,1.0110
5257,-0.2488,0.1418,1.0562
5258,-0.1882,0.1494,1.0032
5259,-0.1782,0.0942,0.9487
5260,-0.1743,-0.0876,0.9543
5261,-0.1567,-0.0784,0.8474
5262,-0.1694,-0.2131,0.9016
5263,-0.1663,-0.2527,0.9514
5264,-0.1421,-0.0872,0.8911
5265,-0.1226,-0.0955,1.0259
5266,-0.0437,-0.0100,1.0503
5267,0.0430,0.1616,0.9868
5268,0.1335,0.1675,1.1057
5269,0.2209,0.1973,1.0383
5270,0.3206,0.1899,0.9182
5271,0.3159,-0.0505,0.9956
5272,0.3110,-0.0498,0.8550
5273,0.2544,-0.1890,0.8901
5274,0.1511,-0.1523,0.9241
5275,0.0569,0.0105,0.9058
5276,-0.0928,0.0049,0.9954
5277,-0.1370,0.1594,1.0005
5278,-0.1897,0.1108,1.0559
5279,-0.1926,0.2046,1.0032
5280,-0.1392,0.1174,1.0122
5281,-0.0791,0.0354,0.9976
5282,-0.0950,-0.0442,0.9155
5283,-0.0854,-0.1274,0.9458
5284,-0.1401,-0.2366,0.9573
5285,-0.1074,-0.0938,0.8638
5286,-0.1282,-0.1909,1.0112
5287,-0.0576,-0.0708,0.9526
5288,0.0884,-0.0352,0.9614
5289,0.1829,-0.0256,1.0530
5290,0.3521,0.1531,0.9634
5291,0.4165,0.0942,1.0132
5292,0.4182,0.1304,0.9709
5293,0.3916,0.0205,0.9741
5294,0.2302,-0.0310,0.9348
5295,0.0891,-0.0249,0.9565
5296,-0.0220,-0.0635,0.9849
5297,-0.1851,0.0398,0.9358
5298,-0.2141,0.0750,1.0054
5299,-0.2456,0.1099,0.9846
5300,-0.2134,0.1831,0.9319
5301,-0.1218,0.0300,0.9895
5302,-0.1108,-0.0159,0.9243
5303,-0.0488,-0.1094,0.9175
5304,-0.0715,-0.1079,0.9731
5305,-0.1548,-0.1194,0.9446
5306,-0.2234,-0.1294,0.9807
5307,-0.2422,-0.1289,0.9915
5308,-0.2161,-0.0718,1.0364
5309,-0.0679,0.0859,0.9915
5310,0.0874,0.1624,1.0591
5311,0.2175,0.1548,0.9963
5312,0.2883,0.1582,0.9153
5313,0.2791,-0.0500,0.9807
5314,0.2952,0.0520,0.8752
5315,0.1970,-0.0928,0.9084
5316,0.1680,-0.0911,0.9387
5317,0.1013,-0.1140,0.9143
5318,0.0515,-0.0093,0.9839
5319,-0.0583,0.0249,1.0520
5320,-0.0881,0.2319,0.9836
5321,-0.1592,0.0947,1.0608
5322,-0.1758,0.1436,1.0042
5323,-0.1145,0.1045,0.9280
5324,-0.1108,-0.0889,0.9927
5325,-0.0120,-0.0649,0.8804
5326,-0.0559,-0.1797,0.9048
5327,-0.1155,-0.1829,0.9329
5328,-0.0859,-0.1663,0.9585
5329,-0.1606,-0.1130,0.9836
5330,-0.1111,-0.0154,1.0142
5331,0.0481,0.0562,1.0354
5332,0.1777,0.1187,0.9954
5333,0.3589,0.1672,1.0386
5334,0.4802,0.1201,0.9749
5335,0.4771,0.0742,0.9233
5336,0.4373,-0.0969,0.9465
5337,0.2568,-0.0784,0.8918
5338,0.0649,-0.0752,0.9143
5339,-0.0408,-0.0596,0.9800
5340,-0.2156,0.0400,0.9651
5341,-0.2327,0.1387,0.9946
5342,-0.2310,0.1304,1.0549
5343,-0.1890,0.1772,0.9719
5344,-0.1545,0.0405,1.0054
5345,-0.1370,-0.0396,0.9351
5346,-0.1069,-0.1294,0.9370
5347,-0.1353,-0.1526,0.9524
5348,-0.1743,-0.1338,0.9192
5349,-0.1790,-0.1912,0.9634
5350,-0.1733,-0.0955,0.9680
5351,-0.1851,0.0190,1.0046
5352,-0.0759,0.1484,1.0208
5353,-0.0151,0.1782,1.0327
5354,0.0779,0.1763,0.9846
5355,0.2124,0.1104,0.9800
5356,0.3093,0.0122,0.9153
5357,0.2927,-0.1001,0.9172
5358,0.3162,-0.1277,0.8997
5359,0.2612,-0.1467,0.9260
5360,0.1746,-0.1028,0.9739
5361,0.1089,0.0471,0.9878
5362,-0.0376,0.1421,1.0415
5363,-0.0847,0.2371,1.0298
5364,-0.1863,0.1663,1.0308
5365,-0.2051,0.1667,0.9487
5366,-0.1650,0.0405,0.9749
5367,-0.1028,0.0073,0.9126
5368,-0.0569,-0.0986,0.8853
5369,-0.0320,-0.2175,0.9282
5370,-0.1167,-0.2229,0.8870
5371,-0.1028,-0.1885,0.9663
5372,-0.1704,-0.1941,1.0315
5373,-0.1597,0.0085,1.0073
5374,0.0339,0.0208,1.0962
5375,0.1763,0.1477,1.0376
5376,0.3726,0.1663,0.9888
5377,0.4910,0.0891,1.0022
5378,0.4907,0.0896,0.8882
5379,0.4294,-0.0620,0.9045
5380,0.2739,-0.0642,0.8892
5381,0.0942,-0.0500,0.8875
5382,-0.0063,-0.0454,0.9722
5383,-0.1650,0.0178,0.9709
5384,-0.2280,0.1533,1.0042
5385,-0.2727,0.0952,1.0776
5386,-0.2708,0.1960,0.9810
5387,-0.2231,0.0295,1.0325
5388,-0.2014,-0.0571,0.9839
5389,-0.1057,-0.0449,0.8811
5390,-0.0920,-0.2087,0.9836
5391,-0.1187,-0.1270,0.8782
5392,-0.1304,-0.1833,0.9114
5393,-0.1572,-0.1772,1.0103
5394,-0.1260,-0.0266,0.9253
5395,-0.0447,0.0989,1.0266
5396,0.0176,0.1848,1.0737
5397,0.1748,0.2842,0.9771
5398,0.2266,0.0867,1.0308
5399,0.3179,0.0322,0.9556
5400,0.2849,-0.0774,0.9104
5401,0.2437,-0.0764,0.9263
5402,0.1829,-0.0715,0.9487
5403,0.0620,-0.0557,0.9136
5404,-0.0337,-0.0198,0.9585
5405,-0.0627,0.0515,1.0210
5406,-0.1096,0.1487,0.9875
5407,-0.1331,0.2126,1.0107
5408,-0.0994,0.1118,1.0100
5409,-0.1492,0.0159,0.9495
5410,-0.1340,0.0156,0.9048
5411,-0.1218,-0.1609,1.0005
5412,-0.1021,-0.1416,0.8909
5413,-0.0752,-0.1577,0.9338
5414,-0.0715,-0.2161,1.0442
5415,-0.0569,-0.0359,0.9358
5416,-0.0591,-0.0493,1.0286
5417,0.0059,0.0125,1.0686
5418,0.1636,0.1265,0.9380
5419,0.3250,0.1135,1.0198
5420,0.4607,0.1274,0.9895
5421,0.5366,0.1377,0.8550
5422,0.4438,-0.0784,0.9546
5423,0.3071,-0.0972,0.8931
5424,0.1218,-0.0713,0.8784
5425,-0.0798,-0.1169,1.0266
5426,-0.2324,0.0874,0.9651
5427,-0.2961,0.0735,1.0288
5428,-0.3042,0.0962,1.0598
5429,-0.2253,0.2004,0.9729
5430,-0.1628,0.0242,1.0464
5431,-0.0488,0.0676,0.9348
5432,-0.0461,-0.0879,0.9094
5433,-0.0681,-0.1665,0.9478
5434,-0.1440,-0.1531,0.8762
5435,-0.1755,-0.1704,0.9243
5436,-0.1890,-0.1306,0.9836
5437,-0.1174,0.0283,0.9585
5438,-0.0740,0.0388,1.0461
5439,0.0220,0.1387,1.0481
5440,0.1243,0.1792,0.9963
5441,0.1775,0.1226,1.0110
5442,0.2764,0.0391,0.9739
5443,0.2654,-0.0601,0.8860
5444,0.2754,-0.1223,0.9204
5445,0.2097,-0.1370,0.9426
5446,0.1345,0.0349,0.9026
5447,0.0042,-0.0327,1.0269
5448,-0.0698,0.1321,0.9673
5449,-0.2131,0.0952,1.0132
5450,-0.2158,0.1704,1.0286
5451,-0.2092,0.1348,0.9907
5452,-0.1909,0.0703,0.9666
5453,-0.0928,0.0051,0.9338
5454,-0.0657,-0.1851,0.9360
5455,-0.0217,-0.1301,0.8733
5456,-0.0554,-0.2024,0.9768
5457,-0.0837,-0.1077,0.9780
5458,-0.0823,-0.0735,0.9739
5459,0.0027,-0.0588,1.0403
5460,0.0981,-0.0417,1.0347
5461,0.2800,0.1377,0.9553
5462,0.4187,0.1123,1.0442
5463,0.4722,0.1970,0.9585
5464,0.4167,0.0728,0.8967
5465,0.3413,-0.0562,0.9692
5466,0.2544,-0.0823,0.8843
5467,0.0337,-0.0537,0.8870
5468,-0.0249,-0.0479,1.0227
5469,-0.1782,0.0659,0.9768
5470,-0.2661,0.1003,0.9895
5471,-0.2407,0.0208,1.0969
5472,-0.2896,0.1299,0.9348
5473,-0.2307,0.0503,1.0024
5474,-0.1296,0.0173,0.9963
5475,-0.1448,-0.0044,0.8794
5476,-0.1052,-0.1694,0.9575
5477,-0.0427,-0.1309,0.9185
5478,-0.0901,-0.1465,0.9260
5479,-0.0925,-0.1194,0.9702
5480,-0.0691,-0.0400,0.9866
5481,-0.0784,0.0190,1.0093
5482,-0.0139,0.1340,1.0132
5483,0.0757,0.1355,1.0042
5484,0.2283,0.0681,1.0005
5485,0.3047,0.0332,0.9438
5486,0.3711,-0.0464,0.9253
5487,0.3406,-0.0852,0.9446
5488,0.2546,0.0056,0.8953
5489,0.0569,0.0779,0.9807
5490,-0.1052,0.0691,0.9993
5491,-0.2065,0.0627,0.9719
5492,-0.2854,0.0466,1.0015
5493,-0.2866,0.0654,1.0090
5494,-0.1885,0.1360,0.9614
5495,-0.1477,0.0698,0.9771
5496,-0.0872,-0.0764,0.9622
5497,-0.0371,-0.1367,0.8848
5498,-0.0630,-0.2139,0.9417
5499,-0.0415,-0.1646,0.9546
5500,-0.0598,-0.1484,0.9507
5501,-0.0618,-0.0764,1.0071
5502,0.0032,-0.0598,1.0452
5503,0.1428,0.1294,1.0042
5504,0.2722,0.1643,1.0393
5505,0.3889,0.2212,1.0110
5506,0.4744,0.1836,0.9192
5507,0.4949,0.0122,0.9299
5508,0.4246,-0.0576,0.9045
5509,0.3030,-0.0894,0.8608
5510,0.1321,-0.0798,0.9602
5511,-0.0417,-0.0715,0.9595
5512,-0.1760,-0.0073,0.9846
5513,-0.2896,-0.0388,1.0481
5514,-0.3379,0.1204,1.0132
5515,-0.3245,0.1025,1.0386
5516,-0.2698,0.1118,1.0044
5517,-0.2085,0.0562,0.9553
5518,-0.1335,-0.1074,0.9485
5519,-0.0366,-0.0842,0.8870
5520,-0.0032,-0.1523,0.9104
5521,-0.0286,-0.1599,0.9409
5522,-0.0818,-0.0847,0.9272
5523,-0.1484,-0.0352,1.0266
5524,-0.1333,0.0801,1.0217
5525,-0.0356,0.1284,1.0093
5526,0.1130,0.1057,1.0403
5527,0.3474,0.1216,0.9465
5528,0.4448,0.0212,0.9409
5529,0.4136,-0.0679,0.9536
5530,0.3179,0.0449,0.8940
5531,0.0828,-0.0508,0.9458
5532,-0.1045,-0.0049,0.9983
5533,-0.2532,-0.0103,0.9312
5534,-0.3220,0.0215,1.0190
5535,-0.2505,0.0195,1.0327
5536,-0.2231,0.1860,0.9514
5537,-0.2029,0.0955,1.0481
5538,-0.0989,0.0918,0.9553
5539,-0.0693,-0.0762,0.8901
5540,-0.0425,-0.1416,0.9397
5541,0.0669,-0.1443,0.9114
5542,0.0342,-0.1472,0.9290
5543,0.0269,-0.1638,0.9937
5544,-0.0056,-0.1125,0.9963
5545,-0.0215,-0.0493,1.0073
5546,0.1575,0.1208,1.0764
5547,0.2615,0.2222,1.0374
5548,0.4382,0.2866,0.9641
5549,0.5222,0.0728,0.9807
5550,0.4998,0.0688,0.8469
5551,0.4009,-0.0847,0.9058
5552,0.2297,-0.0850,0.9231
5553,0.0024,-0.0559,0.8948
5554,-0.1755,-0.1316,1.0015
5555,-0.2959,-0.1006,0.9800
5556,-0.3228,-0.0015,1.0051
5557,-0.2729,0.0464,1.0803
5558,-0.2649,0.2053,0.9995
5559,-0.1436,0.1372,1.0356
5560,-0.0994,0.0176,0.9810
5561,-0.0959,0.0178,0.8667
5562,-0.0671,-0.1794,0.9790
5563,-0.1150,-0.0923,0.8579
5564,-0.1479,-0.0999,0.9153
5565,-0.1448,-0.1846,1.0317
5566,-0.1274,0.0549,0.9172
5567,-0.0315,-0.0159,1.0513
5568,0.0889,0.1208,1.0298
5569,0.1970,0.1155,0.9426
5570,0.3435,0.0642,1.0061
5571,0.3975,0.0554,0.9731
5572,0.3669,0.0383,0.9172
5573,0.2820,-0.0042,0.9553
5574,0.1008,-0.0422,0.9556
5575,-0.0615,0.0083,0.9309
5576,-0.2554,-0.0505,1.0139
5577,-0.3037,0.0806,1.0042
5578,-0.3569,0.0386,1.0061
5579,-0.3257,0.1367,0.9788
5580,-0.2415,0.0435,0.9739
5581,-0.1414,0.0203,0.9319
5582,-0.0654,-0.0881,0.9202
5583,0.0454,-0.1284,0.9380
5584,0.0479,-0.1909,0.9524
5585,0.0100,-0.0540,0.9380
5586,-0.0034,-0.1067,1.0237
5587,-0.0186,-0.0762,1.0142
5588,0.0884,0.0752,0.9771
5589,0.1758,0.0642,1.0874
5590,0.3550,0.3000,0.9458
5591,0.4861,0.1458,0.9719
5592,0.5288,0.0605,0.9346
5593,0.5476,-0.0061,0.8577
5594,0.4568,-0.1287,0.9143
5595,0.2717,-0.0652,0.9097
5596,0.0100,-0.1338,0.9722
5597,-0.2700,-0.0391,1.0044
5598,-0.4521,-0.0530,1.0591
5599,-0.4331,0.0635,1.0491
5600,-0.4241,0.0945,1.0259
5601,-0.2317,0.1670,1.0161
5602,-0.1047,0.0698,0.9573
5603,0.0176,0.0547,0.8931
5604,0.0403,-0.1409,0.9368
5605,-0.0181,-0.0710,0.8538
5606,-0.0803,-0.1201,0.9146
5607,-0.1360,-0.1194,1.0007
5608,-0.2122,-0.0532,0.9194
5609,-0.1599,-0.0527,1.0503
5610,-0.0906,-0.0100,1.0620
5611,0.0637,0.1909,0.9592
5612,0.2175,0.0469,1.0696
5613,0.3579,0.1145,0.9341
5614,0.4539,0.0454,0.9241
5615,0.4089,-0.0015,0.9612
5616,0.2925,0.0667,0.8860
5617,0.0686,-0.0789,0.9644
5618,-0.1438,0.0437,0.9448
5619,-0.3159,-0.0344,0.9927
5620,-0.3857,-0.0115,1.0159
5621,-0.3782,0.0540,0.9917
5622,-0.2893,0.1069,1.0024
5623,-0.1968,0.0605,1.0002
5624,-0.0706,0.0469,0.9077
5625,-0.0007,-0.0703,0.9429
5626,0.0627,-0.1711,0.9573
5627,0.0833,-0.1021,0.9106
5628,0.0513,-0.1118,1.0034
5629,-0.0107,-0.1174,1.0071
5630,-0.0100,-0.0068,0.9690
5631,0.0701,0.0315,1.0571
5632,0.2007,0.1743,1.0081
5633,0.3699,0.2109,0.9514
5634,0.4988,0.1829,0.9592
5635,0.5339,0.0474,0.9041
5636,0.4773,-0.0159,0.8606
5637,0.3472,-0.1204,0.9336
5638,0.1191,-0.1531,0.9485
5639,-0.0898,-0.0872,0.9624
5640,-0.3293,-0.1558,1.0610
5641,-0.3882,0.0337,1.0437
5642,-0.4009,0.0154,1.0613
5643,-0.3057,0.1885,1.0413
5644,-0.1321,0.1431,0.9897
5645,0.0020,0.1257,0.9614
5646,0.0508,0.0193,0.8560
5647,0.0566,-0.0803,0.8723
5648,-0.0190,-0.2000,0.9055
5649,-0.1458,-0.1194,0.8704
5650,-0.2056,-0.1318,0.9885
5651,-0.2397,-0.1282,1.0442
5652,-0.1611,0.0825,0.9712
5653,-0.0605,0.0557,1.1067
5654,0.1270,0.1560,1.0562
5655,0.3035,0.1833,0.9309
5656,0.4092,0.1155,1.0137
5657,0.4673,0.0774,0.9258
5658,0.3328,0.0291,0.8381
5659,0.1726,-0.1011,0.9592
5660,-0.0347,-0.1260,0.9075
5661,-0.2207,-0.0542,0.9133
5662,-0.3508,-0.1223,1.0718
5663,-0.3489,0.0989,0.9868
5664,-0.3555,0.0251,1.0256
5665,-0.2349,0.1528,1.0471
5666,-0.1770,0.1143,0.9634
5667,-0.0740,0.0466,0.9592
5668,-0.0112,-0.1079,0.9641
5669,0.0146,-0.1023,0.8889
5670,0.0125,-0.1765,0.9680
5671,-0.0034,-0.1301,0.9641
5672,-0.0381,-0.0740,0.9487
5673,0.0146,-0.0681,1.0354
5674,0.1106,0.1362,0.9895
5675,0.2820,0.2007,1.0071
5676,0.4897,0.2583,0.9790
5677,0.6011,0.1692,0.9146
5678,0.6453,0.0134,0.9202
5679,0.5386,-0.0581,0.9058
5680,0.3469,-0.1169,0.9233
5681,0.0332,-0.2361,0.9924
5682,-0.2368,-0.1555,0.9749
5683,-0.4377,-0.1177,1.0562
5684,-0.4954,0.0044,1.0444
5685,-0.4575,0.1426,1.0364
5686,-0.3330,0.2148,1.0249
5687,-0.1802,0.2146,0.9622
5688,-0.0098,0.0645,0.9272
5689,0.0603,0.0010,0.8755
5690,0.0688,-0.1072,0.8762
5691,0.0857,-0.1526,0.9143
5692,-0.0173,-0.2170,0.9202
5693,-0.0593,-0.1475,0.9751
5694,-0.1138,-0.1448,1.0403
5695,-0.1096,0.1360,1.0298
5696,-0.0437,0.1531,1.0776
5697,0.0981,0.2576,1.0034
5698,0.2454,0.1428,0.9771
5699,0.3665,0.0820,0.9163
5700,0.4116,0.0278,0.8853
5701,0.3494,-0.1226,0.9280
5702,0.1772,-0.1025,0.8989
5703,-0.0828,-0.1626,0.9565
5704,-0.2856,-0.1143,1.0100
5705,-0.4485,0.0125,0.9878
5706,-0.4915,0.0869,1.0757
5707,-0.3899,0.1443,1.0513
5708,-0.2512,0.2219,0.9771
5709,-0.0972,0.0811,1.0071
5710,0.0366,0.0293,0.9028
5711,0.0950,-0.1548,0.8823
5712,0.0798,-0.1941,0.9202
5713,0.0432,-0.1838,0.9192
5714,-0.0537,-0.1460,0.9602
5715,-0.0593,-0.0774,0.9993
5716,0.0249,0.0376,1.0354
5717,0.0854,0.1279,1.0168
5718,0.3086,0.2588,1.0432
5719,0.4504,0.2500,1.0024
5720,0.5137,0.1633,0.9192
5721,0.5796,-0.0093,0.9106
5722,0.4641,-0.0908,0.8542
5723,0.2837,-0.1841,0.9165
5724,0.0571,-0.1853,0.9319
5725,-0.2148,-0.1389,0.9729
5726,-0.3760,-0.1384,1.0540
5727,-0.4048,0.0647,1.0208
5728,-0.3972,0.1362,1.0774
5729,-0.2156,0.2434,1.0454
5730,-0.0911,0.1697,0.9836
5731,0.0168,0.0630,0.9348
5732,0.0449,-0.0642,0.9060
5733,0.0364,-0.0979,0.8696
5734,0.0056,-0.1555,0.8997
5735,-0.0740,-0.1926,0.9143
5736,-0.1318,-0.1477,0.9468
5737,-0.1455,-0.0930,1.0161
5738,-0.0930,0.1333,1.0471
5739,-0.0664,0.1433,1.0630
5740,0.1165,0.3057,1.0129
5741,0.2290,0.1011,1.0200
5742,0.3660,0.1624,0.9104
5743,0.4231,-0.0503,0.9319
5744,0.3533,-0.0818,0.9055
5745,0.1755,-0.1438,0.8762
5746,-0.0500,-0.2109,0.9465
5747,-0.2595,-0.1226,0.9653
5748,-0.4099,-0.0415,1.0034
5749,-0.4475,0.0845,1.0513
5750,-0.4221,0.1702,1.0396
5751,-0.2642,0.1943,1.0012
5752,-0.0930,0.0833,1.0063
5753,0.0417,0.0447,0.9292
5754,0.1426,-0.0825,0.9094
5755,0.1450,-0.1260,0.9214
5756,0.0850,-0.1660,0.9243
5757,-0.0479,-0.1946,0.9358
5758,-0.0750,-0.0950,0.9790
5759,-0.0757,-0.0449,1.0474
5760,0.0688,0.2385,0.9761
5761,0.2444,0.1772,1.0657
5762,0.4216,0.2031,0.9631
5763,0.5635,0.1143,0.9106
5764,0.5769,0.0059,0.9504
5765,0.4575,-0.0173,0.9067
5766,0.2642,-0.1189,0.9233
5767,0.0042,-0.1743,0.9331
5768,-0.2192,-0.2244,1.0032
5769,-0.3459,-0.0757,0.9946
5770,-0.4319,0.0642,1.0708
5771,-0.3433,0.1692,1.0676
5772,-0.2583,0.1729,0.9885
5773,-0.1714,0.1155,0.9690
5774,0.0261,0.0725,0.9412
5775,0.0645,-0.0312,0.8989
5776,0.0527,-0.0791,0.8616
5777,0.0173,-0.2000,0.9377
5778,-0.1470,-0.1880,0.9028
5779,-0.1748,-0.1060,0.9810
5780,-0.1580,-0.0737,1.0833
5781,-0.0740,0.1531,0.9907
5782,0.1274,0.1389,1.0767
5783,0.2837,0.2263,1.0015
5784,0.3679,0.2053,0.9368
5785,0.4060,0.0649,0.9846
5786,0.3015,0.0339,0.8694
5787,0.1868,-0.1279,0.8989
5788,0.0447,-0.2324,0.9185
5789,-0.1143,-0.1499,0.9058
5790,-0.2031,-0.1357,1.0334
5791,-0.2981,0.0022,1.0269
5792,-0.3933,0.1013,1.0239
5793,-0.3699,0.0977,1.0786
5794,-0.3323,0.2212,0.9946
5795,-0.2092,0.1240,0.9829
5796,-0.0344,0.0110,0.9761
5797,0.0671,-0.0945,0.8596
5798,0.1086,-0.1570,0.9194
5799,0.0776,-0.2070,0.9309
5800,-0.0400,-0.0488,0.8940
5801,-0.0894,-0.1301,1.0413
5802,-0.0769,0.0322,0.9856
5803,0.0254,0.1902,0.9751
5804,0.2561,0.1541,1.0825
5805,0.4275,0.2329,0.9475
5806,0.6101,0.1382,0.9309
5807,0.6401,-0.0933,0.9956
5808,0.5435,-0.0244,0.8394
5809,0.2908,-0.1863,0.9514
5810,0.0229,-0.1833,0.9712
5811,-0.2375,-0.1553,0.9321
5812,-0.4082,-0.0786,1.0298
5813,-0.3840,0.0757,1.0435
5814,-0.3059,0.1418,1.0210
5815,-0.1899,0.2046,1.0032
5816,-0.0498,0.1191,1.0042
5817,0.0278,0.1060,0.9038
5818,0.0103,-0.0381,0.9272
5819,-0.0059,-0.0884,0.9280
5820,-0.0842,-0.1423,0.8909
5821,-0.1296,-0.1790,0.9583
5822,-0.1282,-0.1440,0.9868
5823,-0.1150,-0.0312,0.9819
5824,0.0166,0.0906,1.0432
5825,0.1169,0.1797,1.0500
5826,0.2192,0.2400,0.9741
5827,0.2847,0.1362,0.9751
5828,0.3384,0.0535,0.9204
5829,0.3181,-0.0667,0.8894
5830,0.2576,-0.1160,0.9006
5831,0.1272,-0.1575,0.9709
5832,-0.0657,-0.1550,0.9468
5833,-0.2688,-0.0847,0.9829
5834,-0.4202,-0.0913,1.0864
5835,-0.4866,0.1550,0.9927
5836,-0.4504,0.1873,1.0405
5837,-0.2698,0.1589,1.0649
5838,-0.1179,0.1467,0.8772
5839,0.0361,0.0061,0.9387
5840,0.1663,-0.1145,0.9585
5841,0.1040,-0.0273,0.8091
5842,0.0093,-0.2273,0.9929
5843,-0.0706,-0.1787,0.9673
5844,-0.1248,-0.0371,0.9155
5845,-0.0703,-0.0542,1.1135
5846,0.1047,0.1992,0.9905
5847,0.2571,0.1929,0.9934
5848,0.4834,0.1565,1.0405
5849,0.5923,0.1304,0.9146
5850,0.5454,-0.0125,0.8999
5851,0.4717,-0.0879,0.9360
5852,0.2419,-0.1707,0.8928
5853,-0.0322,-0.1594,0.9153
5854,-0.2449,-0.1965,1.0334
5855,-0.3801,-0.0371,0.9907
5856,-0.4038,0.0510,1.0347
5857,-0.2378,0.1792,1.0647
5858,-0.1167,0.2375,1.0022
5859,0.0181,0.2002,0.9895
5860,0.1133,0.0842,0.9526
5861,0.0625,-0.0452,0.8772
5862,-0.0034,-0.1672,0.8879
5863,-0.1086,-0.1941,0.9106
5864,-0.2241,-0.2017,0.9172
5865,-0.2170,-0.2007,0.9897
5866,-0.1155,-0.0308,1.0078
5867,-0.0120,0.0977,1.0190
5868,0.2126,0.2041,1.0608
5869,0.3162,0.2612,1.0149
5870,0.3513,0.2354,0.9592
5871,0.3774,0.0632,0.9702
5872,0.2834,-0.0273,0.8872
5873,0.1589,-0.1213,0.8958
5874,-0.0083,-0.2195,0.9475
5875,-0.1694,-0.1221,0.9241
5876,-0.3413,-0.1438,1.0042
5877,-0.4133,-0.0244,1.0347
5878,-0.4133,0.1023,1.0142
5879,-0.3308,0.1472,1.0269
5880,-0.1963,0.1855,1.0188
5881,-0.0845,0.1016,0.9585
5882,0.0356,0.0349,0.9260
5883,0.0586,-0.1274,0.9524
5884,0.0515,-0.0945,0.9026
5885,-0.0237,-0.1550,0.9351
5886,-0.0823,-0.1245,0.9780
5887,-0.1497,-0.0918,0.9819
5888,-0.1025,0.0352,0.9773
5889,0.0601,0.1431,1.0376
5890,0.2717,0.2200,0.9758
5891,0.5056,0.1938,0.9651
5892,0.6414,0.0527,0.9709
5893,0.6404,-0.0066,0.8674
5894,0.5229,-0.1694,0.9360
5895,0.3049,-0.1641,0.9653
5896,-0.0493,-0.1230,0.9514
5897,-0.2393,-0.0928,1.0229
5898,-0.4058,-0.0566,1.0569
5899,-0.4434,0.1411,0.9692
5900,-0.2986,0.1526,1.0715
5901,-0.1907,0.2017,0.9729
5902,-0.0388,0.1765,0.9016
5903,0.0500,-0.0698,0.9858
5904,0.0562,-0.0139,0.8323
5905,0.0188,-0.2205,0.9460
5906,-0.0630,-0.1902,0.9421
5907,-0.1553,-0.0981,0.9241
5908,-0.1643,-0.1514,1.0649
5909,-0.1106,0.0664,1.0132
5910,-0.0100,0.1079,1.0327
5911,0.1689,0.1848,1.0491
5912,0.3257,0.2234,0.9478
5913,0.4153,0.1792,0.9260
5914,0.4324,0.0249,0.9299
5915,0.3533,-0.0442,0.8557
5916,0.1707,-0.1599,0.9260
5917,-0.0220,-0.1648,0.9429
5918,-0.2217,-0.1040,0.9546
5919,-0.3762,-0.1143,1.0835
5920,-0.4592,0.0171,1.0327
5921,-0.4397,0.1204,1.0396
5922,-0.3267,0.1138,1.0657
5923,-0.1848,0.2283,0.9458
5924,-0.0767,0.0371,0.9573
5925,0.0491,-0.0103,0.9006
5926,0.0806,-0.1360,0.8752
5927,0.0420,-0.1562,0.9143
5928,-0.0400,-0.1616,0.9280
5929,-0.0894,-0.1145,0.9768
5930,-0.0906,-0.0537,1.0171
5931,-0.0356,0.0940,1.0168
5932,0.1638,0.1685,1.0562
5933,0.3423,0.2256,0.9927
5934,0.4692,0.1873,0.9536
5935,0.5684,0.0498,0.9614
5936,0.5200,0.0342,0.8555
5937,0.3992,-0.1477,0.9338
5938,0.2273,-0.1980,0.9348
5939,-0.0449,-0.1575,0.9026
5940,-0.1853,-0.1953,1.0520
5941,-0.2991,-0.0054,1.0181
5942,-0.3748,0.1125,1.0237
5943,-0.2556,0.1721,1.0620
5944,-0.1719,0.2090,0.9944
5945,-0.0662,0.1587,0.9553
5946,0.0347,0.0684,0.9517
5947,0.0139,-0.0576,0.8977
5948,-0.0422,-0.1431,0.9009
5949,-0.1245,-0.2017,0.9331
5950,-0.1943,-0.1746,0.9348
5951,-0.1724,-0.1492,1.0129
5952,-0.1121,-0.0046,1.0002
5953,0.0134,0.1372,1.0168
5954,0.1892,0.1646,1.0295
5955,0.3628,0.2620,0.9604
5956,0.4109,0.0916,0.9846
5957,0.4685,0.0850,0.9016
5958,0.3713,-0.0688,0.9155
5959,0.1992,-0.0876,0.9292
5960,-0.0354,-0.1382,0.9341
5961,-0.2429,-0.1724,0.9780
5962,-0.3770,-0.0979,1.0042
5963,-0.4644,-0.0017,1.0305
5964,-0.4365,0.1292,1.0513
5965,-0.3416,0.1912,1.0112
5966,-0.1924,0.1165,0.9907
5967,-0.0308,0.0146,0.9280
5968,0.0842,-0.0266,0.8853
5969,0.1040,-0.0942,0.9417
5970,0.0957,-0.0874,0.9241
5971,-0.0654,-0.1443,0.9407
5972,-0.1384,-0.1592,0.9866
5973,-0.1416,-0.0447,0.9966
5974,-0.0117,0.1223,1.0054
5975,0.1772,0.1814,1.0425
5976,0.3982,0.1938,0.9866
5977,0.5359,0.1057,0.9319
5978,0.6021,0.0413,0.9194
5979,0.5532,-0.0493,0.9106
5980,0.3650,-0.0378,0.9133
5981,0.1296,-0.1135,0.9680
5982,-0.0959,-0.1741,1.0002
5983,-0.2732,-0.1128,0.9653
5984,-0.3621,-0.0317,1.0571
5985,-0.3811,0.1150,1.0405
5986,-0.2854,0.2148,1.0110
5987,-0.1807,0.1580,1.0002
5988,-0.0764,0.0469,0.9290
5989,-0.0232,-0.0344,0.8889
5990,0.0088,-0.0408,0.9124
5991,-0.0125,-0.1323,0.9377
5992,-0.0984,-0.1633,0.9143
5993,-0.1440,-0.1838,0.9768
5994,-0.1279,-0.1157,1.0286
5995,-0.0664,0.0630,1.0022
5996,0.0908,0.1917,1.0503
5997,0.2180,0.2446,1.0315
5998,0.3538,0.2695,0.9348
5999,0.4333,0.0891,0.9524
6000,0.4299,0.0042,0.8850
6001,0.3496,-0.1360,0.8669
6002,0.2043,-0.1904,0.9390
6003,-0.0154,-0.1355,0.9321
6004,-0.2549,-0.1345,1.0120
6005,-0.4370,-0.0745,1.0432
6006,-0.5239,0.0403,1.0413
6007,-0.4846,0.1257,1.0581
6008,-0.3560,0.1951,1.0237
6009,-0.1479,0.1663,0.9888
6010,0.0129,0.0693,0.9221
6011,0.1311,-0.0664,0.8909
6012,0.1621,-0.1536,0.8872
6013,0.0776,-0.1353,0.8950
6014,-0.0454,-0.1682,0.9670
6015,-0.1355,-0.1299,0.9634
6016,-0.1375,-0.0427,0.9888
6017,-0.0813,0.0251,1.0637
6018,0.1484,0.2732,1.0220
6019,0.3777,0.2708,1.0334
6020,0.5398,0.1460,0.9944
6021,0.6433,0.0874,0.8831
6022,0.5688,-0.0662,0.9160
6023,0.3989,-0.1138,0.9116
6024,0.1731,-0.1714,0.8970
6025,-0.1738,-0.2112,0.9504
6026,-0.3032,-0.1228,1.0110
6027,-0.4341,-0.0627,1.0178
6028,-0.4211,0.1968,1.0337
6029,-0.2581,0.1428,1.0718
6030,-0.1475,0.2422,0.9524
6031,-0.0420,0.0454,0.9761
6032,0.0593,0.0242,0.9233
6033,0.0115,-0.0940,0.8938
6034,-0.0422,-0.1682,0.9380
6035,-0.1208,-0.1375,0.9036
6036,-0.1753,-0.2200,0.9875
6037,-0.1401,-0.0654,1.0002
6038,-0.0945,0.0413,1.0151
6039,0.1042,0.1509,1.0413
6040,0.2830,0.2456,1.0022
6041,0.3867,0.2234,0.9692
6042,0.4604,0.1780,0.9390
6043,0.4324,0.0088,0.9065
6044,0.3286,-0.0593,0.8813
6045,0.1475,-0.1953,0.9319
6046,-0.0378,-0.1731,0.9485
6047,-0.2441,-0.1814,1.0012
6048,-0.3916,-0.0627,1.0247
6049,-0.4836,0.0068,1.0659
6050,-0.4543,0.1479,1.0278
6051,-0.3206,0.2478,1.0215
6052,-0.1687,0.1350,1.0002
6053,0.0107,0.1262,0.9009
6054,0.1152,-0.1079,0.9084
6055,0.1597,-0.1140,0.8853
6056,0.0957,-0.2249,0.9241
6057,-0.0190,-0.1384,0.9280
6058,-0.1108,-0.1372,1.0120
6059,-0.1279,-0.0156,1.0325
6060,-0.0706,0.1682,1.0181
6061,0.1047,0.1895,1.0659
6062,0.3208,0.2556,0.9790
6063,0.4675,0.1353,0.9436
6064,0.5532,0.0117,0.9312
6065,0.4868,-0.0823,0.8569
6066,0.3149,-0.2319,0.9146
6067,0.1057,-0.2007,0.9175
6068,-0.0989,-0.1638,0.9604
6069,-0.2180,-0.0776,1.0581
6070,-0.2854,0.1035,1.0269
6071,-0.3042,0.1885,1.0649
6072,-0.2705,0.2310,1.0344
6073,-0.2202,0.2178,0.9573
6074,-0.1641,0.0574,0.9712
6075,-0.0674,-0.0083,0.8931
6076,-0.0312,-0.1746,0.8928
6077,0.0103,-0.2039,0.8889
6078,0.0015,-0.2092,0.9124
6079,-0.0330,-0.2058,0.9827
6080,-0.0356,-0.0371,1.0220
6081,-0.0005,0.1116,1.0569
6082,0.0405,0.1943,1.0698
6083,0.1975,0.2810,1.0073
6084,0.3120,0.1941,0.9897
6085,0.4160,0.1482,0.8960
6086,0.4521,-0.0337,0.8882
6087,0.3762,-0.1184,0.8928
6088,0.1494,-0.1797,0.8762
6089,-0.0835,-0.2209,0.9377
6090,-0.3167,-0.2188,1.0151
6091,-0.4299,-0.0066,0.9976
6092,-0.4419,0.0881,1.1243
6093,-0.3484,0.2056,1.0823
6094,-0.1770,0.2764,0.9878
6095,-0.1138,0.0457,1.0190
6096,0.0239,0.0967,0.8862
6097,0.0496,-0.1042,0.9136
6098,0.0078,-0.0793,0.8628
6099,-0.0164,-0.2283,0.9038
6100,-0.1101,-0.2380,0.9106
6101,-0.1157,-0.1096,0.9387
6102,-0.0618,-0.0906,1.0879
6103,-0.0039,0.2207,1.0051
6104,0.1721,0.2615,1.0845
6105,0.2986,0.2012,1.0667
6106,0.4148,0.1909,0.9172
6107,0.5005,-0.0415,0.9507
6108,0.4927,-0.0874,0.9058
6109,0.3982,-0.1584,0.8547
6110,0.2451,-0.1753,0.9048
6111,-0.0151,-0.2229,0.9749
6112,-0.2476,-0.0293,0.9387
6113,-0.4084,0.0830,1.0479
6114,-0.4543,0.1882,1.0962
6115,-0.4065,0.2859,0.9780
6116,-0.2722,0.1213,1.0435
6117,-0.0476,0.0674,0.9788
6118,0.0823,-0.0215,0.8911
6119,0.0752,-0.1560,0.9475
6120,0.0442,-0.1936,0.8928
6121,-0.1167,-0.2300,0.8831
6122,-0.2019,-0.2112,1.0012
6123,-0.1445,-0.0266,0.9995
6124,-0.0508,0.1501,1.0034
6125,0.1526,0.1575,1.0552
6126,0.3230,0.2517,0.9875
6127,0.3606,0.1487,0.9553
6128,0.4380,0.1338,0.9624
6129,0.3501,-0.0391,0.9180
6130,0.2183,-0.0005,0.8804
6131,0.1230,-0.2000,0.9536
6132,-0.0396,-0.1528,0.9309
6133,-0.1636,-0.1362,0.9751
6134,-0.2585,-0.0527,1.0513
6135,-0.3438,0.1086,1.0125
6136,-0.2708,0.1714,1.0620
6137,-0.2476,0.1680,1.0491
6138,-0.1428,0.1948,0.9104
6139,-0.0271,-0.0405,0.9634
6140,0.0005,-0.0510,0.8647
6141,-0.0027,-0.1245,0.8706
6142,-0.0210,-0.2444,0.9514
6143,-0.0942,-0.1687,0.9094
6144,-0.0720,-0.1443,1.0132
6145,-0.0854,-0.0271,1.0442
6146,0.0442,0.1750,1.0308
6147,0.1631,0.1721,1.0757
6148,0.2610,0.2366,1.0061
6149,0.4099,0.1060,0.9592
6150,0.4858,0.0681,0.9341
6151,0.4148,-0.0586,0.8977
6152,0.3484,-0.1399,0.8811
6153,0.1677,-0.1912,0.8684
6154,-0.0266,-0.1733,0.9722
6155,-0.2161,-0.0571,0.9829
6156,-0.3413,0.1189,1.0227
6157,-0.3655,0.1279,1.1001
6158,-0.3665,0.2429,0.9995
6159,-0.2749,0.0991,1.0237
6160,-0.1484,0.0532,0.9702
6161,-0.0120,-0.0178,0.9075
6162,0.0117,-0.1875,0.9487
6163,0.0503,-0.1270,0.8491
6164,-0.0022,-0.2429,0.9583
6165,-0.0398,-0.1597,0.9539
6166,-0.0425,0.0254,0.9417
6167,0.0264,0.0457,1.0718
6168,0.1699,0.2205,0.9995
6169,0.2451,0.1980,1.0112
6170,0.3169,0.1824,1.0034
6171,0.3501,0.0945,0.9214
6172,0.2798,-0.0488,0.9253
6173,0.1638,-0.1165,0.9133
6174,0.0388,-0.1226,0.9055
6175,-0.0881,-0.1650,0.9937
6176,-0.1414,-0.0664,0.9829
6177,-0.1829,0.0269,1.0032
6178,-0.1750,0.1021,1.0601
6179,-0.1721,0.2327,1.0142
6180,-0.1648,0.2107,1.0073
6181,-0.1523,0.0957,0.9805
6182,-0.1506,-0.0266,0.8862
6183,-0.1270,-0.1470,0.9087
6184,-0.0793,-0.1948,0.8970
6185,-0.0422,-0.1414,0.9050
6186,-0.0100,-0.2024,1.0178
6187,-0.0356,-0.0708,0.9556
6188,-0.0271,-0.0410,1.0327
6189,0.0247,-0.0042,1.0793
6190,0.1160,0.2144,0.9807
6191,0.2373,0.1414,1.0649
6192,0.3757,0.2017,0.9583
6193,0.4216,0.0601,0.8909
6194,0.4011,-0.1243,0.9504
6195,0.3511,-0.0720,0.8481
6196,0.2073,-0.1113,0.9172
6197,0.0601,0.0049,0.9761
6198,-0.1541,0.0449,0.9736
6199,-0.2737,0.0962,1.0112
6200,-0.3459,0.0486,1.0288
6201,-0.3276,0.0845,0.9963
6202,-0.2786,0.0691,1.0190
6203,-0.1753,0.0627,0.9641
6204,-0.1270,-0.1306,0.9666
6205,-0.0947,-0.2104,0.8940
6206,-0.0862,-0.2114,0.9087
6207,-0.0723,-0.2041,0.9641
6208,-0.0354,-0.0115,0.9351
6209,-0.0493,0.0071,1.0178
6210,0.0657,0.1594,1.0266
6211,0.1321,0.1680,0.9954
6212,0.2527,0.2356,1.0015
6213,0.3384,0.1091,1.0161
6214,0.3521,0.1604,0.8843
6215,0.3152,-0.0554,0.9661
6216,0.2578,-0.0959,0.9153
6217,0.0781,-0.1147,0.8665
6218,-0.0493,-0.1846,1.0012
6219,-0.0913,-0.0090,0.9751
6220,-0.2183,0.0249,0.9983
6221,-0.1787,0.1562,1.0745
6222,-0.2134,0.0925,1.0308
6223,-0.1982,0.2251,0.9729
6224,-0.1775,0.0071,1.0071
6225,-0.1799,0.0017,0.9092
6226,-0.1248,-0.1116,0.9114
6227,-0.0942,-0.1211,0.9163
6228,-0.0422,-0.1255,0.9214
6229,-0.0598,-0.1785,0.9612
6230,-0.0225,-0.0642,0.9592
6231,-0.0183,-0.1633,1.0520
6232,0.0693,0.0586,0.9856
6233,0.1890,0.1296,1.0454
6234,0.3315,0.2214,1.0474
6235,0.4165,0.1765,0.9556
6236,0.4526,0.0042,0.9419
6237,0.4067,-0.0635,0.8823
6238,0.2649,-0.1394,0.9094
6239,0.1240,-0.0208,0.9016
6240,-0.0144,-0.0095,0.9602
6241,-0.1758,-0.0127,1.0005
6242,-0.2458,0.0483,0.9875
6243,-0.2690,0.0864,1.0227
6244,-0.2554,0.1206,1.0452
6245,-0.2427,0.1140,0.9749
6246,-0.1658,0.0002,0.9739
6247,-0.1250,-0.1543,0.9592
6248,-0.0857,-0.1477,0.8889
6249,-0.0459,-0.1770,0.9504
6250,-0.1228,-0.1162,0.9341
6251,-0.1162,-0.0728,0.9534
6252,-0.1057,-0.0166,1.0151
6253,-0.0806,0.1448,0.9963
6254,0.0828,0.1453,1.0383
6255,0.2322,0.1743,1.0002
6256,0.3232,0.1418,0.9536
6257,0.3872,0.0085,0.9624
6258,0.3582,-0.0232,0.9006
6259,0.3013,-0.0618,0.9058
6260,0.2205,-0.0754,0.9595
6261,0.1108,-0.0293,0.9524
6262,0.0344,0.0142,0.9810
6263,-0.1272,0.0251,1.0188
6264,-0.2307,0.1101,1.0142
6265,-0.3423,0.0994,1.0168
6266,-0.3540,0.1135,0.9797
6267,-0.2598,-0.0283,0.9885
6268,-0.1721,-0.0271,0.8940
6269,-0.0515,-0.0913,0.9182
6270,0.0139,-0.1411,0.9536
6271,-0.0500,-0.0581,0.9116
6272,-0.1086,-0.1218,1.0044
6273,-0.1345,-0.0962,1.0278
6274,-0.1045,-0.0737,0.9849
6275,0.0972,0.0042,1.0298
6276,0.2751,0.0264,1.0276
6277,0.4526,0.2227,0.9263
6278,0.5457,0.1018,0.9836
6279,0.4607,0.0242,0.9348
6280,0.3105,-0.0291,0.8440
6281,0.1931,-0.0911,0.9797
6282,-0.0154,-0.0288,0.9348
6283,-0.1021,0.0234,0.9409
6284,-0.1619,-0.0032,1.0569
6285,-0.2041,0.1255,0.9927
6286,-0.1873,0.0598,1.0422
6287,-0.1885,0.1626,1.0103
6288,-0.1790,0.0994,0.9663
6289,-0.1521,-0.0774,0.9456
6290,-0.1475,-0.1101,0.8635
6291,-0.1174,-0.2205,0.9253
6292,-0.0764,-0.1860,0.9146
6293,-0.0706,-0.1177,0.9370
6294,-0.0381,-0.0920,1.0344
6295,-0.0610,0.0217,1.0100
6296,0.0349,0.1387,1.0208
6297,0.0605,0.1589,1.0796
6298,0.1304,0.2229,0.9819
6299,0.2114,0.1240,0.9771
6300,0.2253,0.0107,0.9543
6301,0.2383,-0.0518,0.8687
6302,0.2148,-0.1506,0.8977
6303,0.1833,-0.1113,0.9124
6304,0.1106,-0.0559,0.9487
6305,0.0005,0.0339,0.9946
6306,-0.0906,0.1077,1.0386
6307,-0.2029,0.1152,1.0220
6308,-0.2336,0.1912,1.0083
6309,-0.2290,0.0754,1.0305
6310,-0.1875,0.1160,0.9417
6311,-0.1306,-0.0527,0.9302
6312,-0.0618,-0.1338,0.9253
6313,-0.0540,-0.2029,0.8948
6314,-0.0947,-0.1660,0.9255
6315,-0.0728,-0.1157,0.9995
6316,-0.1013,-0.0225,0.9885
6317,-0.0435,0.0266,1.0217
6318,0.1501,-0.0339,1.0471
6319,0.3140,0.0637,0.9712
6320,0.4917,0.1035,1.0122
6321,0.5562,0.1536,0.9736
6322,0.4614,0.1206,0.9019
6323,0.3113,-0.1299,0.9221
6324,0.1345,-0.1245,0.8997
6325,-0.0720,-0.1843,0.9077
6326,-0.1230,0.0796,0.9807
6327,-0.2410,-0.0120,1.0552
6328,-0.2664,0.2349,0.9807
6329,-0.2825,0.0552,1.0640
6330,-0.2222,0.1965,1.0022
6331,-0.1799,0.0273,1.0044
6332,-0.1311,0.0842,0.9280
6333,-0.0562,-0.1240,0.9124
6334,-0.0747,-0.2588,0.9087
6335,-0.1096,-0.1431,0.8550
6336,-0.1863,-0.2166,0.9849
6337,-0.1162,-0.0747,0.9624
6338,-0.0549,-0.0374,1.0015
6339,0.0383,0.1360,1.0405
6340,0.1433,0.1831,1.0706
6341,0.2319,0.2324,0.9888
6342,0.2651,0.1072,0.9878
6343,0.1987,-0.0537,0.9573
6344,0.2104,0.0073,0.8628
6345,0.1665,-0.1011,0.9639
6346,0.1475,-0.0537,0.9124
6347,0.0486,-0.0752,0.9194
6348,0.0044,0.0044,1.0083
6349,-0.0564,0.0881,1.0220
6350,-0.1179,0.1279,0.9846
6351,-0.1401,0.1641,1.0256
6352,-0.1438,0.0652,1.0054
6353,-0.0850,0.0547,0.9075
6354,-0.0864,-0.0884,0.9243
6355,-0.1140,-0.1365,0.9524
6356,-0.1260,-0.1699,0.9299
6357,-0.1316,-0.0586,0.9143
6358,-0.1211,-0.1538,1.0630
6359,-0.0286,-0.0464,0.9663
6360,0.1089,0.0950,0.9956
6361,0.2639,-0.0315,1.1069
6362,0.4333,0.2056,0.9153
6363,0.4136,0.0632,0.9673
6364,0.4185,0.0522,1.0103
6365,0.2959,-0.0596,0.8325
6366,0.1804,-0.1133,0.9104
6367,0.0525,-0.1809,0.9983
6368,-0.0308,0.0293,0.8723
6369,-0.1350,-0.0107,1.0210
6370,-0.1870,0.0872,1.0559
6371,-0.2434,0.1641,0.9722
6372,-0.2620,0.1670,1.0464
6373,-0.2102,0.1584,1.0288
6374,-0.2158,0.0435,0.9456
6375,-0.1497,-0.0212,0.9067
6376,-0.1375,-0.2041,0.9436
6377,-0.1067,-0.1809,0.8694
6378,-0.1123,-0.2100,0.9253
6379,-0.1025,-0.0867,0.9729
6380,-0.0881,-0.0720,0.9788
6381,-0.0310,0.0730,0.9937
6382,0.0466,0.0723,1.0422
6383,0.1182,0.1575,1.0354
6384,0.2273,0.1580,0.9954
6385,0.2717,0.1230,1.0002
6386,0.2600,-0.0188,0.9475
6387,0.2310,-0.0488,0.9019
6388,0.2014,-0.1165,0.9534
6389,0.0801,-0.0950,0.9214
6390,0.0632,0.0310,0.9214
6391,-0.0269,0.0078,1.0247
6392,-0.0989,0.1899,0.9397
6393,-0.0818,0.0593,1.0120
6394,-0.1255,0.1155,1.0051
6395,-0.1423,0.0806,0.9456
6396,-0.1094,-0.0063,1.0171
6397,-0.1135,-0.0286,0.9272
6398,-0.1060,-0.1316,0.9397
6399,-0.0161,-0.2151,0.9817
6400,-0.0618,-0.1531,0.9224
6401,-0.0237,-0.1008,0.9827
6402,-0.0486,-0.0767,1.0159
6403,-0.0002,0.0747,0.9709
6404,0.0945,0.0352,1.0227
6405,0.2803,0.1250,0.9944
6406,0.4326,0.0967,0.9719
6407,0.4832,0.0718,0.9260
6408,0.4399,0.0034,0.9312
6409,0.2749,-0.0930,0.9497
6410,0.0635,-0.0376,0.9221
6411,-0.1543,-0.0923,0.9817
6412,-0.2397,0.0398,0.9934
6413,-0.3159,0.0908,0.9846
6414,-0.2356,0.1880,1.0093
6415,-0.1868,0.1418,1.0181
6416,-0.1133,0.0886,0.9761
6417,-0.0852,-0.0146,0.9624
6418,-0.0747,-0.0625,0.9084
6419,-0.1016,-0.1575,0.9270
6420,-0.1301,-0.1626,0.9170
6421,-0.1489,-0.1350,0.9377
6422,-0.1414,-0.1450,1.0132
6423,-0.1108,-0.0051,0.9534
6424,-0.0659,0.0176,1.0510
6425,-0.0271,0.0974,1.0305
6426,0.0806,0.1877,0.9858
6427,0.1357,0.0762,1.0288
6428,0.2073,0.0894,0.9224
6429,0.2539,-0.0520,0.9348
6430,0.2661,-0.0767,0.9243
6431,0.2742,-0.0745,0.9104
6432,0.1731,-0.1042,0.9517
6433,0.0828,0.0359,0.9526
6434,-0.0046,0.0701,1.0229
6435,-0.0806,0.1826,1.0120
6436,-0.0981,0.2085,1.0081
6437,-0.1633,0.1584,1.0122
6438,-0.1384,0.1055,0.9583
6439,-0.0806,-0.0393,0.9446
6440,-0.1604,-0.1418,0.9038
6441,-0.1279,-0.1799,0.9172
6442,-0.1230,-0.2532,0.9514
6443,-0.1570,-0.1348,0.9280
6444,-0.0898,-0.2026,1.0347
6445,-0.0298,-0.0503,1.0063
6446,0.1301,0.0811,1.0208
6447,0.2878,0.1050,1.0764
6448,0.3931,0.1833,0.9585
6449,0.4937,0.1257,0.9595
6450,0.4812,0.0117,0.9534
6451,0.3494,-0.0056,0.8635
6452,0.2129,-0.1152,0.9016
6453,-0.0059,-0.1377,0.9407
6454,-0.1440,-0.0364,0.9241
6455,-0.1821,0.0923,1.0354
6456,-0.2668,0.1885,1.0364
6457,-0.1821,0.2402,1.0217
6458,-0.1770,0.0713,1.0591
6459,-0.1829,0.1165,0.9282
6460,-0.1401,-0.0576,0.9790
6461,-0.1389,-0.1079,0.9253
6462,-0.1521,-0.1228,0.8716
6463,-0.1165,-0.2402,0.9409
6464,-0.1450,-0.2053,0.9377
6465,-0.0999,-0.1021,0.9136
6466,-0.0854,-0.0430,1.0376
6467,-0.0457,0.0747,1.0393
6468,0.0486,0.2236,1.0161
6469,0.0872,0.1416,1.0530
6470,0.1765,0.1145,0.9749
6471,0.2329,-0.0100,0.9390
6472,0.2361,-0.0291,0.9143
6473,0.2498,-0.1030,0.9429
6474,0.1748,-0.1064,0.9104
6475,0.0896,-0.0864,0.9231
6476,0.0081,-0.0413,0.9924
6477,-0.0220,0.1489,0.9797
6478,-0.0991,0.2476,1.0510
6479,-0.1157,0.2644,1.0347
6480,-0.1082,0.1584,0.9709
6481,-0.0708,0.0508,0.9602
6482,-0.0649,-0.0610,0.9478
6483,-0.0579,-0.1245,0.8950
6484,-0.0640,-0.1814,0.9202
6485,-0.1658,-0.2322,0.9387
6486,-0.1897,-0.1758,0.9478
6487,-0.1672,-0.1436,1.0181
6488,-0.0681,-0.0637,1.0276
6489,0.1377,0.0066,1.0530
6490,0.2729,0.0859,1.0015
6491,0.4250,0.1985,0.9829
6492,0.5054,0.0146,1.0278
6493,0.4116,0.1228,0.8462
6494,0.3154,-0.0701,0.9553
6495,0.1631,-0.0640,0.9670
6496,-0.0291,0.0193,0.8306
6497,-0.0967,-0.0625,1.0239
6498,-0.1548,-0.0239,1.0042
6499,-0.1594,0.2412,0.9175
6500,-0.1282,0.1150,1.1304
6501,-0.1370,0.2244,0.9771
6502,-0.1470,0.1191,0.9436
6503,-0.1750,-0.1340,1.0374
6504,-0.1335,-0.0398,0.8335
6505,-0.1562,-0.2642,0.9233
6506,-0.1321,-0.2114,0.9341
6507,1.4502,-0.1936,0.9016
6508,1.9998,-0.0859,1.0093
6509,1.9998,0.5884,0.8459
6510,1.9998,0.2915,1.2375
6511,1.9998,0.1572,0.6899
6512,0.4915,0.0620,0.2651
6513,-1.9980,-0.8735,1.2222
6514,-1.9978,-0.0425,1.0706
6515,-1.9980,0.2175,1.5356
6516,-1.9978,-0.3293,1.6809
6517,-1.3062,0.5278,0.8264
6518,1.9998,0.3049,0.8069
6519,1.9998,0.4202,0.8901
6520,1.9998,0.6111,0.5015
6521,1.9998,-0.4141,0.7749
6522,0.6782,-1.0151,0.8628
6523,-1.3374,-0.6233,0.7346
6524,-1.3772,-0.3345,1.1685
6525,0.3254,-0.0903,1.2786
6526,1.8938,0.0869,1.0278
6527,1.9998,0.3684,1.1792
6528,1.9998,0.8025,1.0532
6529,0.6558,0.7966,0.6470
6530,-1.6240,0.3235,0.5767
6531,-1.9978,-0.1038,0.6038
6532,-1.9980,-0.2988,0.5513
6533,-1.0376,-0.6086,0.9758
6534,0.8181,-0.8201,1.5813
6535,1.7283,-0.5090,1.6624
6536,1.7651,-0.0271,1.7651
6537,0.9048,0.3093,1.7427
6538,-0.5166,0.8154,0.9485
6539,-1.1262,0.8845,0.5122
6540,-0.8394,0.4561,0.2297
6541,-0.0386,0.2820,-0.3103
6542,0.7703,-0.4109,-0.0774
6543,1.0933,-0.7207,0.3818
6544,0.6499,-0.8901,0.8618
6545,-0.1936,-0.7065,1.5669
6546,-1.0601,-0.2256,1.9998
6547,-1.4338,0.3748,1.9998
6548,-1.2795,0.7810,1.9998
6549,-0.8013,0.9956,1.7014
6550,-0.1902,0.7498,0.8960
6551,0.3149,-0.0063,0.1577
6552,0.6177,-0.5356,-0.4441
6553,0.7830,-1.0999,-0.5757
6554,0.9099,-1.2805,-0.2776
6555,0.8289,-0.9807,0.3577
6556,0.4937,-0.3696,1.1509
6557,0.1780,0.5305,1.8062
6558,-0.2590,1.2288,1.9998
6559,-0.6721,1.7185,1.9998
6560,-0.9075,1.5662,1.9998
6561,-0.9224,1.0376,1.5569
6562,-0.7590,0.0869,0.8472
6563,-0.4146,-0.9070,0.1543
6564,-0.0049,-1.5845,-0.2664
6565,0.4656,-1.7815,-0.2686
6566,0.8696,-1.3188,0.0107
6567,1.0278,-0.6860,0.5151
6568,1.0474,0.1013,1.1450
6569,0.8230,0.8052,1.6272
6570,0.4546,1.3552,1.9175
6571,-0.0039,1.4487,1.9456
6572,-0.4590,1.1548,1.6692
6573,-0.8774,0.4475,1.2766
6574,-1.1167,-0.3958,0.8293
6575,-1.0833,-0.9546,0.4956
6576,-0.8423,-1.1067,0.3254
6577,-0.3889,-0.8745,0.3911
6578,0.1738,-0.6187,0.5601
6579,0.6626,-0.1018,0.7554
6580,0.9263,0.2620,1.0610
6581,0.9907,0.6912,1.2847
6582,0.7849,0.9038,1.3411
6583,0.4653,0.8210,1.3521
6584,0.1604,0.3428,1.1858
6585,-0.1423,-0.1270,0.8960
6586,-0.2661,-0.4607,0.8455
6587,-0.3362,-0.5713,0.7993
6588,-0.4639,-0.5354,0.7737
6589,-0.4661,-0.4976,0.9019
6590,-0.4065,-0.2634,0.9526
6591,-0.2722,-0.0115,0.9966
6592,0.0122,0.3164,1.0774
6593,0.2703,0.4153,1.0864
6594,0.5630,0.3816,1.0142
6595,0.7046,0.1018,0.9956
6596,0.6138,-0.1057,0.9282
6597,0.4116,-0.2021,0.8687
6598,0.0247,-0.1340,0.8850
6599,-0.4290,0.0488,0.9204
6600,-0.7847,0.1987,0.9612
6601,-0.9680,0.3503,1.0283
6602,-0.9075,0.2976,1.0737
6603,-0.5269,0.2693,1.0540
6604,-0.1050,0.0442,0.9827
6605,0.4431,-0.0701,0.9446
6606,0.8171,-0.4255,0.9749
6607,0.8982,-0.2976,0.8210
6608,0.7964,-0.5020,0.9712
6609,0.5002,-0.3638,0.9297
6610,0.1201,-0.0964,0.8479
6611,-0.2488,-0.0615,1.0884
6612,-0.4529,0.3865,0.9663
6613,-0.6167,0.4204,1.0491
6614,-0.5588,0.3855,1.0933
6615,-0.4575,0.2046,0.9954
6616,-0.2839,0.0562,0.9768
6617,-0.0723,-0.1228,1.0061
6618,0.1267,-0.1213,0.8928
6619,0.2246,-0.1401,0.8911
6620,0.2903,-0.1636,0.9370
6621,0.3113,-0.0674,0.8752
6622,0.2800,-0.0015,0.9680
6623,0.2573,0.0894,1.0374
6624,0.1611,0.0725,1.0139
6625,0.0776,0.0085,1.0161
6626,0.0085,-0.1023,1.0161
6627,-0.0398,-0.0601,0.9426
6628,-0.0366,-0.0378,0.9197
6629,-0.0044,0.0215,0.9448
6630,0.0608,0.0325,0.9172
6631,0.1089,0.0400,0.9114
6632,0.1353,0.0276,0.9758
6633,0.1077,0.0557,0.9653
6634,0.0535,0.0017,1.0100
6635,0.0015,-0.1267,1.0598
6636,-0.0481,-0.1262,1.0247
6637,-0.0842,-0.2004,1.0374
6638,-0.0850,0.0071,0.9692
6639,-0.0940,0.1658,0.9585
6640,-0.1582,0.2771,0.9214
6641,-0.1687,0.3232,0.8792
6642,-0.1294,0.1687,0.9478
6643,-0.1311,0.1252,0.8765
6644,-0.0676,-0.0610,0.9854
6645,-0.0295,-0.1646,1.0083
6646,-0.0242,-0.1233,0.9399
6647,0.0203,-0.2908,1.0969
6648,0.0549,-0.0530,0.9456
6649,0.1521,-0.0466,0.9875
6650,0.2734,-0.0381,1.0415
6651,0.3071,0.1370,0.8696
6652,0.2732,-0.0222,0.9875
6653,0.1836,-0.0027,0.9009
6654,-0.0076,-0.0146,0.8472
6655,-0.1887,-0.1697,1.0024
6656,-0.3308,-0.0203,0.9622
6657,-0.4038,0.0256,1.0208
6658,-0.3833,0.1243,1.1282
6659,-0.2935,0.1807,1.0168
6660,-0.1506,0.2119,1.0288
6661,-0.0051,0.1184,1.0425
6662,0.1702,0.1790,0.8987
6663,0.2786,-0.0557,0.9153
6664,0.3416,-0.0903,0.8577
6665,0.3274,-0.2480,0.8384
6666,0.2576,-0.2312,0.8596
6667,0.2053,-0.2046,0.9058
6668,0.1160,-0.0701,0.9622
6669,0.0569,0.0820,1.0491
6670,0.0151,0.1335,1.1213
6671,-0.0022,0.2200,1.1128
6672,-0.0205,0.0955,1.1323
6673,0.0176,0.0994,1.0161
6674,0.0239,-0.0466,0.9429
6675,0.0510,-0.1431,0.9087
6676,0.0452,-0.1357,0.8127
6677,0.0308,-0.1555,0.8333
6678,0.0017,-0.1787,0.8560
6679,-0.0657,-0.0728,0.8647
6680,-0.1467,0.0300,0.9819
6681,-0.2424,0.1577,1.0610
6682,-0.2336,0.3069,1.0737
6683,-0.1890,0.2563,1.1653
6684,-0.1340,0.2634,1.0913
6685,-0.0256,0.1360,1.0444
6686,0.0720,-0.0093,0.9817
6687,0.0833,-0.0896,0.8391
6688,0.0847,-0.1912,0.8313
6689,0.0962,-0.2275,0.8276
6690,0.1235,-0.1638,0.8066
6691,0.1338,-0.1462,0.9280
6692,0.1582,-0.0640,0.9780
6693,0.2195,0.0676,1.0042
6694,0.1555,0.0066,1.1089
6695,0.1042,0.1035,1.0608
6696,-0.0112,0.0544,1.0640
6697,-0.1416,0.0923,1.0334
6698,-0.2476,0.0188,0.9966
6699,-0.2905,-0.0549,0.9475
6700,-0.2991,-0.0410,0.8999
6701,-0.1899,-0.0659,0.9377
6702,-0.0889,0.0527,0.9185
6703,0.0085,0.0928,0.9419
6704,0.0681,0.0984,1.0142
6705,0.0918,0.1042,0.9436
6706,0.0803,0.0413,0.9758
6707,0.1094,-0.0195,0.9897
6708,0.1460,-0.0098,0.9341
6709,0.1274,-0.0520,0.9595
6710,0.1724,-0.0918,0.9614
6711,0.1648,-0.1328,0.9534
6712,0.1602,-0.1038,0.9514
6713,0.1812,-0.0842,1.0229
6714,0.1382,0.0415,0.9641
6715,0.0728,0.0813,1.0022
6716,0.0352,0.0144,1.0549
6717,-0.0503,0.0710,0.9028
6718,-0.0352,-0.0623,1.0051
6719,0.0173,-0.0627,0.9673
6720,0.0234,0.0620,0.8672
6721,0.0447,-0.1228,1.0432
6722,-0.0466,0.0339,0.8853
6723,-0.1436,0.0325,0.9163
6724,-0.2112,-0.0371,1.0698
6725,-0.2517,0.2092,0.9097
6726,-0.2368,0.0774,1.0588
6727,-0.1738,0.1536,1.0051
6728,-0.1165,0.1108,0.9458
6729,-0.0405,-0.0032,1.0344
6730,0.0005,0.0425,0.9390
6731,0.0823,-0.0925,0.9631
6732,0.1592,-0.1174,0.9465
6733,0.2153,-0.0376,0.8892
6734,0.2595,-0.0728,0.9465
6735,0.2964,-0.0493,0.9221
6736,0.2371,-0.0500,0.9290
6737,0.1619,-0.1101,0.9807
6738,0.0547,-0.0386,0.9722
6739,-0.0977,-0.0037,1.0325
6740,-0.2317,-0.0310,1.0676
6741,-0.2983,0.0195,1.0022
6742,-0.3169,0.0002,1.0461
6743,-0.3093,0.1196,1.0081
6744,-0.2061,0.1724,0.9553
6745,-0.0720,0.1274,0.9680
6746,0.0342,0.1133,0.9009
6747,0.1479,0.0542,0.9036
6748,0.2214,0.0005,0.8909
6749,0.2456,-0.0469,0.9238
6750,0.2197,-0.1604,0.9324
6751,0.1702,-0.1355,0.9534
6752,0.0813,-0.1418,1.0364
6753,0.0530,0.0186,0.9927
6754,-0.0195,-0.0327,1.0356
6755,-0.0010,0.0146,1.0161
6756,0.0303,0.0459,0.9634
6757,0.1223,0.0315,0.9897
6758,0.1426,0.0193,0.9468
6759,0.1333,-0.0122,0.8989
6760,0.1150,-0.1023,0.9624
6761,0.0977,-0.1187,0.9448
6762,0.0208,-0.0544,0.9561
6763,-0.0718,-0.0320,1.0171
6764,-0.1724,0.0798,0.9983
6765,-0.2834,0.0994,0.9937
6766,-0.3237,0.1353,0.9905
6767,-0.3225,0.0986,1.0044
6768,-0.1848,0.1997,0.9426
6769,-0.0767,0.1165,0.9543
6770,0.0420,0.0762,0.9370
6771,0.0977,-0.0486,0.9211
6772,0.0691,-0.0620,0.9165
6773,0.1052,-0.1541,0.9729
6774,0.1250,-0.0979,0.9585
6775,0.1597,-0.0557,0.9780
6776,0.2246,-0.0168,1.0171
6777,0.2412,0.0449,0.9768
6778,0.1787,0.0112,0.9822
6779,0.1533,-0.0051,0.9612
6780,0.0527,-0.1104,0.9485
6781,-0.0164,-0.0547,0.9380
6782,-0.1089,-0.1040,0.9800
6783,-0.1619,-0.0046,0.9475
6784,-0.2166,-0.0054,0.9790
6785,-0.2642,0.0325,1.0178
6786,-0.2080,0.1238,1.0190
6787,-0.1843,0.1489,1.0159
6788,-0.0767,0.1777,1.0081
6789,0.0076,0.0728,0.9944
6790,0.0935,0.1089,0.8752
6791,0.1838,-0.0986,0.9341
6792,0.2271,-0.1064,0.8911
6793,0.1934,-0.0989,0.8499
6794,0.1802,-0.1372,0.9673
6795,0.1133,-0.1094,0.9592
6796,0.0127,-0.0264,0.9624
6797,0.0000,0.0056,1.0894
6798,-0.0024,0.1038,1.0569
6799,0.0342,0.1274,1.0178
6800,0.1021,-0.0320,1.0640
6801,0.1855,0.0300,0.9414
6802,0.1458,-0.0757,0.9321
6803,0.1367,-0.0173,0.9163
6804,0.0146,-0.0962,0.8843
6805,-0.0735,-0.0999,0.9058
6806,-0.1392,-0.0803,0.9426
6807,-0.2312,-0.0024,0.9663
6808,-0.2500,0.0659,1.0266
6809,-0.2720,0.1372,1.0198
6810,-0.2854,0.1550,1.0591
6811,-0.1572,0.0952,1.0627
6812,-0.0920,0.1575,0.9341
6813,0.0054,0.0552,1.0061
6814,0.0908,0.0378,0.9368
6815,0.1140,0.0422,0.8313
6816,0.1653,-0.2202,0.9780
6817,0.1548,-0.1428,0.8472
6818,0.1775,-0.0520,0.8870
6819,0.2251,-0.0786,1.0649
6820,0.2029,0.0571,0.9128
6821,0.2046,-0.0364,0.9829
6822,0.2249,-0.0054,1.0540
6823,0.1150,0.0459,0.9592
6824,0.1140,0.0488,1.0132
6825,-0.0017,-0.0195,1.0444
6826,-0.1221,0.0222,0.9299
6827,-0.1792,-0.0349,1.0217
6828,-0.2817,0.0474,0.9761
6829,-0.3040,0.0703,0.9409
6830,-0.3345,-0.0500,0.9895
6831,-0.2705,0.1414,0.9202
6832,-0.1760,-0.0518,0.9771
6833,-0.0063,0.0500,0.9153
6834,0.1431,-0.0552,0.9263
6835,0.2849,-0.0293,0.9592
6836,0.3142,-0.0317,0.9475
6837,0.2915,0.0078,1.0024
6838,0.1460,-0.0356,1.0210
6839,0.0200,0.0151,0.9937
6840,0.0032,-0.0254,1.0269
6841,-0.0188,0.0259,0.9966
6842,0.0620,0.0361,0.9487
6843,0.1440,-0.0015,0.9634
6844,0.1670,-0.0410,0.9185
6845,0.1753,-0.0728,0.8901
6846,0.0730,-0.1121,0.9426
6847,0.0122,-0.0403,0.9553
6848,-0.0833,-0.0093,0.9780
6849,-0.1440,0.0063,1.0354
6850,-0.1946,0.0151,1.0288
6851,-0.2847,0.0974,1.0024
6852,-0.3064,0.0769,1.0581
6853,-0.2749,0.1409,0.9709
6854,-0.2026,0.1313,0.9377
6855,-0.0522,0.0310,0.9768
6856,0.0876,0.0386,0.8628
6857,0.1377,-0.0413,0.8862
6858,0.1504,-0.0938,0.9741
6859,0.1458,0.0017,0.9077
6860,0.1118,-0.1035,1.0044
6861,0.1851,-0.0261,1.0317
6862,0.2000,-0.0420,0.9768
6863,0.2463,0.0049,1.0081
6864,0.2556,-0.0269,1.0100
6865,0.1382,0.0730,0.9243
6866,0.0503,-0.0574,0.9817
6867,-0.0330,-0.0413,0.9534
6868,-0.1157,-0.0183,0.9036
6869,-0.1013,-0.0190,0.9993
6870,-0.1157,0.0342,0.9917
6871,-0.1707,0.1333,0.9631
6872,-0.1431,0.0063,1.0630
6873,-0.2087,0.0601,1.0032
6874,-0.1921,0.1128,0.9526
6875,-0.1167,-0.0027,1.0435
6876,-0.0195,0.0679,0.8892
6877,0.0979,-0.0476,0.9143
6878,0.1807,-0.1392,0.9465
6879,0.2214,-0.0498,0.8511
6880,0.1550,-0.1267,0.9788
6881,0.1177,0.0281,0.9780
6882,0.0427,-0.0068,1.0061
6883,0.0342,0.0286,1.0208
6884,0.0889,0.0291,1.0364
6885,0.1482,0.0911,1.0120
6886,0.1404,0.0684,0.9729
6887,0.1985,0.0046,0.9712
6888,0.1392,-0.1299,0.9292
6889,0.0598,-0.0530,0.8472
6890,-0.0083,-0.1467,0.9749
6891,-0.1162,-0.0300,0.9504
6892,-0.2202,0.0527,0.9377
6893,-0.3027,-0.0481,1.0823
6894,-0.3491,0.0994,0.9651
6895,-0.3186,0.0867,1.0142
6896,-0.2097,0.0757,1.0745
6897,-0.0752,0.1680,0.9397
6898,0.0642,0.0452,0.9731
6899,0.1736,0.0359,0.9651
6900,0.1594,0.0334,0.8569
6901,0.1111,-0.0608,0.9282
6902,0.1145,-0.0901,0.9602
6903,0.0671,-0.0605,0.8970
6904,0.0894,-0.0623,1.0081
6905,0.1814,-0.0623,0.9946
6906,0.2124,0.0383,0.9565
6907,0.2256,-0.0608,1.0500
6908,0.2253,0.0713,0.9604
6909,0.1265,-0.0359,0.9604
6910,0.0752,0.0168,0.9963
6911,-0.0154,0.0056,0.9373
6912,-0.0632,-0.0002,0.9631
6913,-0.1206,-0.0215,0.9836
6914,-0.2251,0.0662,0.9487
6915,-0.2856,0.0210,1.0198
6916,-0.3689,0.0986,0.9817
6917,-0.3403,0.0503,0.9768
6918,-0.2043,0.0107,0.9731
6919,-0.0132,0.0361,0.9272
6920,0.1445,-0.0378,0.9536
6921,0.2903,-0.0154,0.9072
6922,0.2874,-0.0881,0.9485
6923,0.2283,-0.0710,0.9641
6924,0.1855,-0.0564,0.9868
6925,0.1096,0.0195,1.0083
6926,0.0850,0.0200,1.0061
6927,0.1089,0.0320,0.9897
6928,0.1375,0.0581,0.9739
6929,0.1328,0.0210,0.9719
6930,0.1299,0.0122,0.9202
6931,0.0642,-0.0547,0.9436
6932,0.0347,-0.0266,0.9124
6933,-0.0608,-0.0532,0.9604
6934,-0.0823,-0.0508,0.9805
6935,-0.1816,-0.0010,0.9751
6936,-0.2710,0.0308,1.0237
6937,-0.3127,0.0837,1.0356
6938,-0.3987,0.0735,0.9741
6939,-0.2961,0.0493,1.0103
6940,-0.1919,-0.0034,0.9661
6941,-0.0308,0.0803,0.8938
6942,0.1296,-0.0430,0.9622
6943,0.1704,0.0474,0.8755
6944,0.1538,-0.0811,0.9604
6945,0.1494,-0.0381,0.9634
6946,0.1772,0.0042,0.9583
6947,0.2087,-0.0740,1.0481
6948,0.2407,0.0828,0.9604
6949,0.2783,-0.0039,1.0171
6950,0.2534,0.0381,0.9927
6951,0.1118,0.0046,0.9458
6952,0.0037,-0.0146,0.9497
6953,-0.0518,-0.0256,0.9338
6954,-0.0996,-0.0725,0.9485
6955,-0.1133,-0.0178,0.9233
6956,-0.0803,-0.0356,0.9868
6957,-0.0959,0.0356,0.9836
6958,-0.1831,0.0793,1.0129
6959,-0.2690,0.0771,1.0403
6960,-0.2600,0.0977,1.0029
6961,-0.2139,0.0210,0.9963
6962,-0.0703,0.0129,0.9260
6963,0.1194,-0.0845,0.9351
6964,0.2671,-0.0449,0.9165
6965,0.2964,-0.0483,0.9243
6966,0.2737,-0.0784,0.9573
6967,0.2073,-0.0417,0.9329
6968,0.1018,0.0088,1.0081
6969,0.0696,0.0200,1.0334
6970,0.0591,0.1458,0.9604
6971,0.0906,0.0320,1.0442
6972,0.1316,0.0076,1.0198
6973,0.1309,0.0330,0.8735
6974,0.1494,-0.1006,0.9993
6975,0.0803,-0.0996,0.9573
6976,-0.0757,0.0376,0.8391
6977,-0.1511,-0.0874,1.0415
6978,-0.2534,-0.0500,0.9719
6979,-0.3472,0.0317,0.9241
6980,-0.3521,-0.0198,1.0881
6981,-0.3323,0.1497,0.9829
6982,-0.2551,0.1013,0.9692
6983,-0.1340,0.0422,1.0305
6984,0.0090,0.0745,0.9321
6985,0.1021,0.0225,0.9175
6986,0.1865,0.0271,0.9387
6987,0.2029,-0.0269,0.9446
6988,0.1633,-0.0850,0.9055
6989,0.1768,-0.1001,0.9592
6990,0.1663,-0.1355,1.0227
6991,0.1689,0.0498,0.9377
6992,0.1973,0.0056,1.0229
6993,0.2124,0.0181,1.0464
6994,0.1096,0.0640,0.9094
6995,0.0989,0.0439,0.9778
6996,0.0261,-0.0740,1.0051
6997,-0.0222,0.1172,0.8596
6998,-0.0881,-0.0693,1.0190
6999,-0.1223,-0.0220,0.9846
7000,-0.2083,0.0098,0.9028
7001,-0.2886,-0.0042,1.0579
7002,-0.2681,0.0493,1.0139
7003,-0.2751,0.0667,0.9543
7004,-0.1799,0.0527,1.0100
7005,-0.0063,-0.0037,0.9739
7006,0.0886,-0.0305,0.8774
7007,0.2388,-0.0527,0.9380
7008,0.3083,-0.0872,0.9641
7009,0.2446,0.0171,0.8911
7010,0.2107,-0.0439,1.0210
7011,0.1340,-0.0237,1.0110
7012,0.0957,0.0530,0.9360
7013,0.1492,-0.0073,1.0598
7014,0.1599,0.0620,0.9895
7015,0.1760,0.0645,0.9297
7016,0.1782,-0.0667,1.0034
7017,0.0693,-0.0627,0.8950
7018,-0.0005,0.0020,0.9077
7019,-0.0784,-0.0542,1.0239
7020,-0.1589,0.0273,0.9211
7021,-0.2114,-0.0125,0.9534
7022,-0.3003,0.0112,1.0500
7023,-0.3354,0.0784,1.0071
7024,-0.3389,0.0623,1.0139
7025,-0.3022,0.0662,1.0315
7026,-0.1890,-0.0220,0.9478
7027,-0.0291,0.0398,0.9116
7028,0.0591,-0.0127,0.9526
7029,0.1362,0.0386,0.8989
7030,0.1731,-0.0916,0.9446
7031,0.1721,-0.0303,0.9409
7032,0.1562,-0.0535,0.9946
7033,0.1628,-0.0422,0.9875
7034,0.1724,0.0469,0.9761
7035,0.1809,-0.0430,1.0579
7036,0.1768,0.0679,0.9351
7037,0.1230,0.0432,0.9973
7038,0.0569,0.0085,0.9946
7039,-0.0024,0.0676,0.8892
7040,-0.0894,-0.0862,0.9751
7041,-0.0532,0.0142,0.9360
7042,-0.0913,-0.0498,0.9487
7043,-0.1086,0.0225,0.9790
7044,-0.1443,-0.0327,1.0317
7045,-0.1868,0.0593,0.9409
7046,-0.1975,0.0330,1.0354
7047,-0.1453,0.0144,1.0120
7048,-0.0513,0.1196,0.8987
7049,0.0732,-0.0496,1.0249
7050,0.2034,-0.0020,0.9084
7051,0.2441,-0.0249,0.8977
7052,0.2759,-0.1323,1.0024
7053,0.2039,-0.0261,0.9202
7054,0.1187,-0.0493,0.9585
7055,0.1111,-0.0195,1.0295
7056,0.1221,0.0500,0.9609
7057,0.1599,0.0796,1.0051
7058,0.1958,0.0266,1.0122
7059,0.2063,0.0396,0.9211
7060,0.1121,-0.0476,0.9436
7061,-0.0002,-0.0063,0.9673
7062,-0.1235,-0.0337,0.9175
7063,-0.2427,-0.0386,0.9709
7064,-0.3479,-0.0508,0.9858
7065,-0.3772,0.0698,0.9644
7066,-0.4126,0.0208,1.0334
7067,-0.3386,0.1062,1.0151
7068,-0.2356,0.0696,0.9663
7069,-0.1052,0.0437,1.0071
7070,0.0300,0.0325,0.9448
7071,0.0923,0.0151,0.9221
7072,0.1460,-0.0752,0.9614
7073,0.2227,-0.0840,0.9321
7074,0.1902,-0.1399,0.9182
7075,0.2390,-0.0798,0.9690
7076,0.1929,-0.0327,0.9888
7077,0.0925,0.0701,0.9517
7078,0.1096,0.0359,1.0337
7079,0.0388,0.0327,0.9963
7080,0.0464,0.1521,0.9399
7081,0.0979,-0.0088,1.0415
7082,0.0918,0.1218,0.8948
7083,0.0820,-0.0771,0.9565
7084,0.0366,-0.0872,0.9651
7085,-0.0488,-0.0098,0.9126
7086,-0.1802,-0.0698,1.0330
7087,-0.2466,0.0681,0.9622
7088,-0.3179,-0.0154,1.0051
7089,-0.2302,0.0605,0.9866
7090,-0.1055,0.0356,0.9690
7091,0.0784,0.0293,0.9622
7092,0.2029,-0.0120,0.9612
7093,0.2444,0.0085,0.9194
7094,0.2336,-0.0742,0.9712
7095,0.1489,-0.1228,0.9556
7096,0.1157,0.0159,0.9243
7097,0.1145,-0.0784,1.0786
7098,0.1853,0.1567,0.9465
7099,0.1904,0.0608,0.9856
7100,0.2344,0.0024,1.0266
7101,0.1936,0.0054,0.8918
7102,0.0977,-0.0244,0.9377
7103,0.0330,-0.0774,0.9690
7104,-0.0808,-0.0291,0.8860
7105,-0.1467,-0.0544,0.9565
7106,-0.1890,-0.0876,1.0334
7107,-0.2229,0.0620,0.9321
7108,-0.2964,0.0310,1.0579
7109,-0.3550,0.1526,1.0686
7110,-0.3821,0.1692,0.9985
7111,-0.3430,0.0759,1.0054
7112,-0.2417,0.0176,0.9583
7113,-0.1089,-0.0481,0.9143
7114,0.0088,-0.0071,0.8638
7115,0.1279,-0.0908,0.9575
7116,0.2019,-0.1509,0.9172
7117,0.2432,-0.0493,0.8706
7118,0.3225,-0.2009,1.0715
7119,0.3169,0.0371,0.9614
7120,0.2534,0.1475,0.9709
7121,0.2009,0.0515,1.1575
7122,0.0854,0.1121,0.9192
7123,0.0168,0.0520,0.9514
7124,0.0081,-0.0771,1.0715
7125,0.0073,0.1191,0.8230
7126,0.0076,-0.0654,0.9409
7127,0.0212,-0.0896,0.9827
7128,-0.0913,-0.0195,0.8586
7129,-0.1787,-0.0376,1.0034
7130,-0.2083,0.0283,1.0598
7131,-0.2375,0.0969,0.9438
7132,-0.1699,0.0205,1.0542
7133,-0.0337,-0.0005,1.0256
7134,0.0869,0.0527,0.9165
7135,0.1733,-0.0281,0.9897
7136,0.2061,-0.0039,0.9583
7137,0.1826,-0.0615,0.8940
7138,0.1826,-0.0476,0.9573
7139,0.1372,-0.1133,0.9614
7140,0.1384,0.0229,0.9075
7141,0.1448,0.0032,1.0200
7142,0.1638,0.0557,1.0139
7143,0.1494,0.0317,0.9702
7144,0.1489,-0.0139,1.0054
7145,0.1055,-0.0061,0.9722
7146,0.0405,0.0337,0.9321
7147,-0.0334,0.0200,0.9768
7148,-0.0867,0.0166,0.9602
7149,-0.1868,-0.0596,0.9370
7150,-0.2339,0.0154,0.9771
7151,-0.3201,0.0723,0.9888
7152,-0.3813,0.0969,0.9846
7153,-0.3840,0.0066,1.0024
7154,-0.3191,0.0396,0.9722
7155,-0.2261,-0.0125,0.9700
7156,-0.0806,-0.0068,0.9534
7157,0.0413,-0.0251,0.9456
7158,0.1223,-0.0569,0.9543
7159,0.2078,-0.0557,0.9417
7160,0.2390,-0.0847,0.9749
7161,0.2603,-0.0442,0.9653
7162,0.2546,-0.0042,0.9768
7163,0.1921,-0.0151,0.9915
7164,0.1533,0.0269,0.9690
7165,0.1218,0.0459,0.9839
7166,0.0603,0.0583,0.9709
7167,0.0706,0.0889,0.9468
7168,0.0452,0.0007,0.9639
7169,0.0120,0.0283,0.9399
7170,0.0010,-0.0430,0.9468
7171,-0.0632,-0.0015,1.0032
7172,-0.1411,0.0149,0.9661
7173,-0.1804,0.0339,0.9924
7174,-0.1997,-0.0583,1.0305
7175,-0.1150,0.0835,0.9436
7176,-0.0212,-0.0322,1.0190
7177,0.1028,0.0039,0.9624
7178,0.1821,0.0127,0.8931
7179,0.1206,-0.0962,0.9780
7180,0.1194,-0.0149,0.9192
7181,0.0557,-0.0327,0.9397
7182,0.0508,0.0066,0.9927
7183,0.1116,-0.0039,0.9915
7184,0.1794,0.0305,0.9783
7185,0.2166,0.0164,1.0122
7186,0.2375,0.0369,1.0034
7187,0.1838,0.0132,0.9302
7188,0.1260,-0.0081,0.9771
7189,0.0779,-0.0735,0.9534
7190,0.0156,0.0303,0.8909
7191,-0.0442,-0.0598,0.9810
7192,-0.1467,-0.0051,0.9438
7193,-0.2910,0.0559,0.9487
7194,-0.4539,0.0466,1.0610
7195,-0.5403,0.1194,0.9888
7196,-0.5500,0.0486,1.0142
7197,-0.3687,0.0554,1.0317
7198,-0.1934,0.0168,0.9536
7199,0.0220,-0.0120,0.9475
7200,0.1841,-0.0740,0.9578
7201,0.2261,-0.0591,0.8901
7202,0.2771,-0.1057,0.9436
7203,0.3008,-0.0916,0.9592
7204,0.2969,-0.0073,0.9407
7205,0.2646,-0.0156,0.9934
7206,0.2468,0.0869,0.9790
7207,0.1709,0.0215,1.0066
7208,0.0762,0.0486,0.9719
7209,-0.0059,0.0305,0.9934
7210,-0.0574,0.0181,0.9719
7211,-0.1096,0.0276,0.9336
7212,-0.0508,-0.0645,0.9800
7213,-0.0259,-0.0178,0.9624
7214,-0.0046,0.0225,0.9653
7215,-0.0400,0.0164,1.0356
7216,-0.0908,0.0735,0.9692
7217,-0.0981,-0.0051,0.9905
7218,-0.1233,-0.0168,0.9768
7219,-0.0469,0.0188,0.9272
7220,0.0466,0.0093,0.9602
7221,0.1155,0.0195,0.9211
7222,0.1250,-0.0630,0.9446
7223,0.1411,-0.0620,0.9390
7224,0.1343,-0.0210,0.9680
7225,0.0742,-0.0322,1.0120
7226,0.0681,0.0371,0.9907
7227,0.0942,0.0078,1.0405
7228,0.1138,0.0254,1.0083
7229,0.1372,0.0171,0.9807
7230,0.1843,0.0249,0.9680
7231,0.1814,-0.0403,0.9280
7232,0.1897,-0.0078,0.8989
7233,0.1028,-0.0322,0.9233
7234,0.0332,0.0854,0.9026
7235,-0.0889,-0.0752,0.9905
7236,-0.2866,0.0620,0.9270
7237,-0.4360,0.0022,1.0256
7238,-0.5540,0.0383,1.0610
7239,-0.5576,0.1033,1.0090
7240,-0.4480,0.0090,1.0767
7241,-0.2573,-0.0034,0.9761
7242,-0.0635,-0.0593,0.9495
7243,0.1228,-0.0547,0.9348
7244,0.2144,-0.0100,0.9038
7245,0.3037,-0.0320,0.9377
7246,0.3521,-0.0015,0.9038
7247,0.3472,-0.0391,0.9312
7248,0.3328,-0.0112,0.9641
7249,0.2349,0.0732,0.9683
7250,0.1626,0.0740,1.0269
7251,0.0432,0.0212,1.0122
7252,-0.0410,-0.0029,0.9619
7253,-0.0769,-0.0444,1.0144
7254,-0.0713,0.0320,0.9673
7255,-0.0305,0.0137,0.9771
7256,-0.0166,-0.0359,0.9683
7257,-0.0469,-0.0510,0.9485
7258,-0.0977,-0.0396,0.9761
7259,-0.1663,0.0767,0.9741
7260,-0.1721,0.0212,1.0210
7261,-0.1187,0.0422,0.9595
7262,-0.0215,0.0283,0.9331
7263,0.0994,-0.0532,0.9836
7264,0.1543,0.0266,0.8987
7265,0.1355,0.0183,0.9460
7266,0.0811,-0.0776,1.0132
7267,0.0728,0.0117,0.9133
7268,0.0691,-0.0830,1.0051
7269,0.1484,-0.0308,1.0229
7270,0.1924,0.0300,0.9553
7271,0.2505,0.0300,1.0229
7272,0.2480,0.0029,1.0200
7273,0.1929,0.0181,0.9097
7274,0.1445,-0.0383,0.9565
7275,0.0852,-0.0085,0.9321
7276,-0.0291,0.0461,0.8752
7277,-0.0957,0.0193,0.9817
7278,-0.1909,0.0000,0.9641
7279,-0.3232,0.0403,0.9429
7280,-0.3455,0.0491,1.0435
7281,-0.4153,0.0820,1.0464
7282,-0.4023,0.0728,0.9819
7283,-0.2830,-0.0254,1.0581
7284,-0.2161,-0.0588,0.9722
7285,-0.1360,-0.0195,0.8999
7286,0.0371,-0.0530,0.9888
7287,0.1072,-0.0229,0.9172
7288,0.2329,-0.0283,0.8997
7289,0.3328,-0.0955,0.9653
7290,0.3708,0.0457,0.8967
7291,0.3159,-0.0090,0.9751
7292,0.2429,0.0713,0.9797
7293,0.0947,0.0217,1.0090
7294,-0.0164,-0.0144,1.0083
7295,-0.0645,0.0562,0.9768
7296,-0.0808,-0.0476,1.0110
7297,-0.0088,0.0239,0.9534
7298,0.0361,-0.0503,0.9663
7299,0.0620,0.0093,0.9897
7300,-0.0117,0.0312,0.9390
7301,-0.0710,0.0427,0.9800
7302,-0.2122,-0.0232,0.9937
7303,-0.2402,0.0623,0.9233
7304,-0.1926,-0.0552,1.0171
7305,-0.1006,0.0552,0.9495
7306,0.0432,-0.0063,0.9419
7307,0.1543,-0.0627,1.0002
7308,0.2012,0.0134,0.9170
7309,0.1902,-0.0457,0.9934
7310,0.1572,0.0129,0.9924
7311,0.1331,0.0444,0.9465
7312,0.1667,-0.0256,1.0110
7313,0.2026,0.0068,0.9751
7314,0.2368,0.0161,0.9595
7315,0.2341,-0.0364,0.9895
7316,0.1941,-0.0249,0.9417
7317,0.0994,-0.0435,0.9185
7318,0.0171,0.0105,0.9712
7319,-0.0088,0.0293,0.9417
7320,-0.0586,0.0696,0.9534
7321,-0.1448,0.0420,0.9829
7322,-0.1743,0.0254,0.9739
7323,-0.3408,0.0002,1.0024
7324,-0.4250,0.0728,1.0122
7325,-0.4692,-0.0049,1.0354
7326,-0.4180,-0.0046,0.9797
7327,-0.2749,-0.0073,0.9622
7328,-0.1121,-0.0745,0.9592
7329,0.1060,0.0125,0.9214
7330,0.2424,-0.0269,0.9365
7331,0.3213,0.0312,0.9365
7332,0.3560,-0.0015,0.9409
7333,0.2849,0.0217,0.9543
7334,0.1990,0.0000,0.9924
7335,0.1418,-0.0408,0.9829
7336,0.0496,-0.0481,0.9836
7337,-0.0081,-0.0596,0.9973
7338,-0.0305,0.0374,0.9729
7339,-0.0383,-0.0017,1.0093
7340,-0.0293,0.0771,0.9731
7341,-0.0354,0.0771,0.9478
7342,-0.0635,0.0095,0.9661
7343,-0.1011,0.0352,0.9534
7344,-0.1909,-0.0039,0.9624
7345,-0.2114,-0.0115,1.0042
7346,-0.2053,-0.0315,0.9741
7347,-0.1069,-0.0393,0.9573
7348,0.0359,-0.0605,0.9836
7349,0.1802,-0.0349,0.9565
7350,0.2480,0.0544,0.9602
7351,0.2771,-0.0002,0.9729
7352,0.2258,0.0508,0.9426
7353,0.1624,-0.0327,0.9458
7354,0.1636,-0.0103,0.9917
7355,0.1616,0.0000,0.9614
7356,0.1287,0.0544,0.9680
7357,0.1638,-0.0649,1.0051
7358,0.1321,-0.0417,0.9526
7359,0.1521,-0.0369,0.9429
7360,0.1763,-0.0286,1.0122
7361,0.0896,0.0281,0.9136
7362,0.0483,0.1006,0.9438
7363,-0.0845,0.0085,1.0085
7364,-0.2065,0.0752,0.9260
7365,-0.3176,-0.0552,0.9927
7366,-0.3943,0.0601,1.0024
7367,-0.4731,0.0298,1.0139
7368,-0.4573,0.0833,0.9683
7369,-0.3486,0.0117,1.0112
7370,-0.1990,-0.0371,0.9624
7371,-0.0432,0.0369,0.9067
7372,0.1187,-0.0757,0.9937
7373,0.1890,0.0161,0.9114
7374,0.2007,-0.0518,0.9292
7375,0.2400,-0.0432,1.0022
7376,0.2043,-0.0388,0.9526
7377,0.2021,-0.0037,0.9788
7378,0.2375,-0.0178,1.0256
7379,0.1877,0.0552,0.9478
7380,0.1189,0.0334,0.9739
7381,0.0681,0.0188,0.9897
7382,-0.0439,0.0068,0.9253
7383,-0.0845,-0.0264,0.9399
7384,-0.1016,-0.0195,0.9780
7385,-0.1455,0.0347,0.9543
7386,-0.1506,0.0422,1.0034
7387,-0.1323,0.0103,1.0276
7388,-0.1758,0.0137,0.9758
7389,-0.0942,-0.0132,1.0110
7390,-0.0754,-0.0334,0.9790
7391,0.0244,0.0557,0.9055
7392,0.1228,-0.0696,0.9924
7393,0.1538,0.0327,0.8950
7394,0.2295,-0.0244,0.9209
7395,0.2251,-0.0762,0.9858
7396,0.2275,0.0537,0.8918
7397,0.2063,-0.0415,1.0464
7398,0.1802,0.0364,0.9878
7399,0.1655,0.0623,0.9790
7400,0.1431,-0.0364,1.0364
7401,0.1406,0.0598,0.9663
7402,0.1697,0.0039,0.9460
7403,0.1528,-0.0068,0.9731
7404,0.1074,-0.0686,0.9146
7405,0.0154,0.0498,0.9133
7406,-0.1475,-0.0391,0.9944
7407,-0.2625,0.0312,0.9380
7408,-0.4043,-0.0588,0.9807
7409,-0.4504,0.0530,0.9917
7410,-0.4248,0.0291,1.0298
7411,-0.3540,0.0605,0.9856
7412,-0.1877,0.0630,0.9954
7413,-0.0891,-0.0569,1.0122
7414,0.0332,0.0454,0.9250
7415,0.0742,-0.0239,0.9602
7416,0.1042,0.0146,0.9585
7417,0.1223,-0.0706,0.9260
7418,0.1809,-0.0168,0.9192
7419,0.2283,-0.0620,1.0120
7420,0.2639,0.0454,0.9250
7421,0.2202,0.0107,0.9556
7422,0.1697,-0.0088,1.0188
7423,0.0564,0.0020,0.9204
7424,-0.0405,0.0222,1.0022
7425,-0.0669,-0.0159,1.0129
7426,-0.0464,0.0452,0.9426
7427,-0.0601,-0.0627,1.0100
7428,-0.0908,0.0322,0.9778
7429,-0.1592,0.0002,0.9807
7430,-0.2083,0.0215,1.0054
7431,-0.1941,0.0469,0.9729
7432,-0.1128,-0.0261,0.9749
7433,0.0403,0.0188,0.9368
7434,0.1394,-0.0325,0.9358
7435,0.2322,0.0225,0.9065
7436,0.2290,-0.0452,0.9602
7437,0.1748,-0.0044,0.9475
7438,0.1533,-0.0149,0.9836
7439,0.1262,-0.0225,0.9934
7440,0.1655,0.0212,0.9819
7441,0.1917,-0.0042,1.0090
7442,0.2273,0.0325,0.9771
7443,0.2017,-0.0125,0.9868
7444,0.1528,0.0320,0.9565
7445,0.0686,-0.0334,0.9622
7446,0.0449,-0.0596,0.9321
7447,0.0024,-0.0442,0.9370
7448,-0.0193,0.0393,0.9556
7449,-0.0718,0.0322,0.9944
7450,-0.2178,0.0317,0.9624
7451,-0.3579,0.0908,0.9807
7452,-0.4778,0.0000,1.0679
7453,-0.4907,0.0784,0.9563
7454,-0.3958,0.0281,0.9927
7455,-0.2102,0.0066,1.0122
7456,-0.0481,0.0037,0.8987
7457,0.0691,-0.0435,0.9631
7458,0.1333,-0.0696,0.9604
7459,0.2126,0.0469,0.9231
7460,0.1829,-0.0552,0.9846
7461,0.2458,0.0542,0.9377
7462,0.2329,-0.0925,0.9810
7463,0.2610,0.0620,0.9504
7464,0.2327,-0.0188,1.0054
7465,0.1873,0.0432,0.9573
7466,0.0664,-0.0330,0.9729
7467,-0.0425,-0.0159,0.9673
7468,-0.1665,-0.0520,0.9651
7469,-0.1863,0.0037,0.9753
7470,-0.1921,-0.0195,0.9956
7471,-0.1643,0.0378,0.9731
7472,-0.1228,0.0151,1.0093
7473,-0.0869,0.0771,1.0056
7474,-0.0828,0.0293,0.9800
7475,-0.0530,-0.0139,0.9485
7476,0.0239,-0.0210,0.9380
7477,0.0698,-0.0320,0.9651
7478,0.1345,0.0618,0.9241
7479,0.1741,-0.0295,0.9487
7480,0.1638,-0.0059,0.9348
7481,0.1313,-0.0396,0.9771
7482,0.1863,0.0464,0.9768
7483,0.1919,0.0371,1.0034
7484,0.2292,0.0056,1.0081
7485,0.2434,0.0449,0.9556
7486,0.2412,-0.0247,0.9661
7487,0.1970,-0.0972,0.9824
7488,0.1147,-0.0559,0.9192
7489,0.0774,-0.0283,0.9604
7490,-0.0142,-0.0222,0.9751
7491,-0.0989,0.0034,0.9360
7492,-0.2212,-0.0481,0.9719
7493,-0.3384,0.0215,0.9963
7494,-0.4319,0.0820,0.9927
7495,-0.4976,0.1226,0.9973
7496,-0.4272,0.0574,1.0286
7497,-0.2571,0.0745,0.9683
7498,-0.0779,0.0259,0.9712
7499,0.0938,-0.0244,0.9709
7500,0.1846,0.0142,0.9087
7501,0.1748,-0.0117,0.9521
7502,0.1750,-0.0103,0.9788
7503,0.1350,-0.0078,0.9233
7504,0.1631,-0.0149,0.9546
7505,0.1731,-0.0549,0.9846
7506,0.1855,0.0305,0.9126
7507,0.1497,-0.0164,0.9849
7508,0.0554,-0.0452,1.0149
7509,-0.0562,0.0068,0.9236
7510,-0.1238,-0.1060,1.0220
7511,-0.1235,-0.0789,1.0220
7512,-0.0801,0.0222,0.9368
7513,-0.0242,0.0227,1.0598
7514,-0.0105,0.0842,0.9897
7515,-0.0544,0.0569,0.9358
7516,-0.1130,-0.0166,1.0171
7517,-0.0847,0.0566,0.9321
7518,-0.0977,0.0410,0.9358
7519,0.0356,0.0183,0.9526
7520,0.1431,0.0020,0.8970
7521,0.2163,-0.0564,0.9468
7522,0.2380,-0.0020,0.9504
7523,0.2183,0.0159,0.9868
7524,0.1157,-0.0334,0.9973
7525,0.0886,0.0750,0.9800
7526,0.0039,-0.0935,1.0715
7527,0.0825,0.0691,0.9370
7528,0.0918,-0.0586,1.0132
7529,0.1304,-0.0142,0.9641
7530,0.1707,-0.0144,0.9036
7531,0.1731,-0.1169,0.9524
7532,0.1494,-0.0476,0.8999
7533,0.0784,-0.0635,0.9563
7534,-0.0435,0.1179,0.9517
7535,-0.1909,0.0544,1.0110
7536,-0.3328,0.0068,1.0112
7537,-0.4495,0.0300,0.9634
7538,-0.4309,0.0295,1.0620
7539,-0.3232,0.0837,1.0190
7540,-0.1848,0.1841,0.9458
7541,-0.0811,-0.0552,1.0217
7542,0.0454,0.0229,0.8723
7543,0.0691,-0.0408,0.9058
7544,0.1333,-0.0254,0.9868
7545,0.1685,0.0281,0.9028
7546,0.2217,-0.0117,0.9504
7547,0.2625,-0.0693,0.9827
7548,0.2654,-0.0232,0.9299
7549,0.1953,-0.0366,0.9888
7550,0.1082,0.0137,1.0210
7551,-0.0210,0.0002,0.9934
7552,-0.1313,0.0676,0.9751
7553,-0.1782,0.0105,1.0100
7554,-0.1531,-0.0259,0.9602
7555,-0.0918,-0.0798,0.9399
7556,-0.0127,-0.1062,0.9846
7557,-0.0078,-0.0225,0.9478
7558,-0.0596,0.0205,0.9875
7559,-0.1294,0.0461,0.9927
7560,-0.1602,0.0449,0.9807
7561,-0.0740,0.0764,0.9634
7562,0.0713,0.1072,0.9741
7563,0.2087,0.0715,0.9731
7564,0.2815,0.0989,0.9126
7565,0.2437,-0.0518,0.9546
7566,0.1484,-0.0632,0.9397
7567,0.0701,-0.0667,0.9253
7568,0.0273,-0.1057,1.0073
7569,0.0356,-0.0569,0.9690
7570,0.0991,-0.0356,0.9741
7571,0.1479,-0.0229,1.0405
7572,0.1846,0.0725,0.9590
7573,0.1531,0.0117,1.0022
7574,0.1299,-0.0022,0.9819
7575,0.0325,0.0437,0.9185
7576,-0.0420,-0.0427,0.9800
7577,-0.0940,0.0327,0.9436
7578,-0.2219,-0.0369,0.9087
7579,-0.2554,-0.0439,1.0022
7580,-0.3003,-0.0024,0.9583
7581,-0.3235,0.1121,0.9741
7582,-0.2749,0.0093,1.0901
7583,-0.1809,0.1406,0.9155
7584,-0.0850,0.0273,0.9924
7585,0.0054,-0.0117,1.0142
7586,0.0818,0.0957,0.8831
7587,0.0974,-0.0554,0.9915
7588,0.1724,-0.0107,0.9614
7589,0.2058,-0.0044,0.8870
7590,0.2134,-0.0557,0.9878
7591,0.2537,-0.0657,0.9465
7592,0.2129,0.0117,0.9172
7593,0.1387,-0.0183,1.0161
7594,0.0818,0.0352,0.9858
7595,-0.0215,-0.0071,0.9475
7596,-0.1079,-0.0774,1.0383
7597,-0.1467,-0.0464,0.9583
7598,-0.1980,-0.0481,0.9709
7599,-0.1682,-0.0393,1.0327
7600,-0.1643,0.0737,0.9673
7601,-0.1614,0.0354,1.0132
7602,-0.0640,0.0825,0.9763
7603,-0.0073,0.0879,0.9358
7604,0.0469,0.0190,0.9663
7605,0.1411,0.0728,0.9075
7606,0.1394,-0.0105,0.9436
7607,0.1550,-0.0083,0.9534
7608,0.1562,-0.0596,0.9243
7609,0.1404,-0.0669,0.9700
7610,0.1348,-0.0811,0.9897
7611,0.1599,0.0295,0.9683
7612,0.1343,-0.0156,1.0435
7613,0.0991,0.0657,0.9944
7614,0.0688,0.0579,0.9680
7615,0.0303,-0.0515,1.0181
7616,0.0391,0.0081,0.9243
7617,0.0066,-0.1143,0.9565
7618,0.0295,-0.0991,0.9458
7619,0.0132,-0.0569,0.9009
7620,-0.0459,-0.0676,0.9875
7621,-0.1494,0.0493,0.9631
7622,-0.2122,0.1045,1.0142
7623,-0.2815,0.1008,1.0024
7624,-0.3013,0.1631,0.9749
7625,-0.1919,0.0867,1.0549
7626,-0.0669,0.1990,0.9326
7627,0.0012,0.0488,0.9761
7628,0.0996,-0.0725,0.9683
7629,0.1057,-0.0337,0.8472
7630,0.0854,-0.1240,0.9653
7631,0.1050,-0.0842,0.9658
7632,0.0750,0.0112,0.8889
7633,0.1270,-0.0193,1.0317
7634,0.1694,-0.0579,0.9915
7635,0.2019,0.0107,0.8909
7636,0.1697,-0.1531,1.0754
7637,0.1160,0.0259,0.9768
7638,0.0127,-0.0010,0.9595
7639,-0.1074,-0.0078,1.0481
7640,-0.1807,0.0271,0.9429
7641,-0.2261,0.0032,0.9666
7642,-0.2139,0.0164,0.9966
7643,-0.1604,0.0735,0.9497
7644,-0.1477,0.0571,0.9497
7645,-0.0833,0.0583,0.9819
7646,-0.0320,0.0098,0.9526
7647,-0.0015,0.0342,0.9338
7648,0.1072,-0.0374,0.9875
7649,0.1460,-0.0312,0.9661
7650,0.1809,0.0049,0.9136
7651,0.2051,-0.0374,1.0178
7652,0.1511,-0.0676,0.9739
7653,0.1157,0.0291,0.9312
7654,0.1436,-0.0374,1.0239
7655,0.1245,-0.0110,0.9761
7656,0.1562,0.0732,0.9214
7657,0.1250,-0.0623,1.0266
7658,0.1011,0.0054,0.9546
7659,0.0674,-0.0251,0.9309
7660,0.0071,-0.0352,1.0022
7661,0.0166,-0.0183,0.9575
7662,-0.0125,-0.0249,0.9602
7663,-0.0527,0.0356,1.0024
7664,-0.0933,0.0266,0.9690
7665,-0.2080,0.0459,0.9663
7666,-0.2202,0.0181,0.9797
7667,-0.2351,0.0579,0.9778
7668,-0.2112,0.0386,0.9497
7669,-0.0901,0.1494,0.9507
7670,-0.0330,0.0103,0.9966
7671,0.0032,0.0469,0.9163
7672,0.0649,-0.0637,0.9614
7673,0.0740,-0.0896,0.9924
7674,0.1196,0.0593,0.9194
7675,0.1594,-0.0269,1.0190
7676,0.1567,-0.0396,0.9829
7677,0.1731,-0.0247,0.9038
7678,0.1016,-0.1030,0.9946
7679,0.0464,-0.0188,0.9670
7680,-0.0349,-0.0063,0.9565
7681,-0.1018,-0.0005,1.0171
7682,-0.1213,-0.0349,0.9888
7683,-0.1116,0.0486,0.9438
7684,-0.1255,-0.0149,1.0159
7685,-0.1130,0.0640,0.9661
7686,-0.1243,0.0193,0.9622
7687,-0.1094,0.0273,1.0081
7688,-0.0518,0.0708,0.9436
7689,-0.0139,-0.0046,0.9683
7690,0.0845,0.0105,0.9446
7691,0.1130,-0.0095,0.9504
7692,0.0996,-0.0159,0.9517
7693,0.1338,0.0159,0.9741
7694,0.1223,-0.0168,0.9612
7695,0.0898,-0.0142,0.9585
7696,0.1304,-0.0583,0.9858
7697,0.1414,0.0098,0.9573
7698,0.1458,-0.0071,0.9846
7699,0.1912,0.0005,0.9856
7700,0.1343,-0.0186,0.9556
7701,0.1650,-0.0168,0.9790
7702,0.1389,-0.0500,0.9797
7703,0.0757,-0.0088,0.9204
7704,0.0076,-0.0579,0.9709
7705,-0.0415,-0.0107,0.9731
7706,-0.1655,-0.0117,0.9739
7707,-0.2026,0.0457,0.9719
7708,-0.2571,0.0188,1.0132
7709,-0.2571,0.1003,0.9526
7710,-0.2236,0.1118,0.9924
7711,-0.1252,0.0737,1.0103
7712,-0.0681,0.0930,0.9377
7713,0.0315,0.0459,0.9758
7714,0.0623,-0.0164,0.9856
7715,0.0723,-0.0322,0.8882
7716,0.1108,-0.0977,0.9731
7717,0.1157,-0.0845,0.9663
7718,0.1104,0.0320,0.8948
7719,0.1135,-0.0447,1.0295
7720,0.1489,0.0103,0.9497
7721,0.0916,-0.0063,0.9563
7722,0.0825,0.0100,1.0239
7723,0.0522,0.0347,0.9739
7724,-0.0344,-0.0176,0.9741
7725,-0.0872,-0.0745,0.9836
7726,-0.1011,-0.0657,0.9810
7727,-0.1545,-0.0835,0.9888
7728,-0.1614,0.0583,0.9507
7729,-0.1533,-0.0151,1.0208
7730,-0.1685,0.1006,0.9612
7731,-0.1255,0.1167,0.9475
7732,-0.0676,0.0005,1.0286
7733,0.0730,0.1016,0.8774
7734,0.1392,0.0171,0.9634
7735,0.2234,0.0181,0.9856
7736,0.2339,-0.0029,0.8931
7737,0.1365,-0.1052,0.9758
7738,0.0984,-0.0999,1.0012
7739,0.0452,0.0049,0.9221
7740,0.0635,-0.0396,1.0298
7741,0.1428,-0.0237,1.0022
7742,0.1680,0.0229,0.9172
7743,0.1953,-0.0227,1.0259
7744,0.2141,0.0388,0.9741
7745,0.0527,0.0198,0.9182
7746,0.0088,-0.0549,0.9866
7747,-0.0496,-0.0847,0.9612
7748,-0.1118,0.0005,0.9104
7749,-0.1011,-0.0227,1.0334
7750,-0.1470,0.0479,0.9700
7751,-0.1558,0.0977,0.9514
7752,-0.2119,0.0366,1.0552
7753,-0.2209,0.1287,0.9272
7754,-0.2058,0.0669,0.9788
7755,-0.1538,0.0464,0.9934
7756,-0.0547,0.0588,0.9126
7757,0.0205,-0.1123,0.9595
7758,0.1023,-0.0874,0.9478
7759,0.1655,-0.0603,0.9055
7760,0.1685,-0.0295,0.9878
7761,0.2278,-0.0032,0.9985
7762,0.1951,0.0090,0.9478
7763,0.1521,-0.0105,0.9895
7764,0.1616,0.0073,1.0103
7765,0.0068,0.0703,0.9641
7766,-0.0322,0.0278,0.9927
7767,-0.0720,-0.0862,0.9985
7768,-0.1309,-0.0364,0.9084
7769,-0.0969,-0.0178,0.9917
7770,-0.0854,0.0278,0.9905
7771,-0.0801,0.0347,0.9202
7772,-0.1121,0.0005,1.0032
7773,-0.1426,-0.0078,0.9836
7774,-0.1064,0.0876,0.9319
7775,-0.0918,0.0112,1.0171
7776,0.0039,0.0645,0.9722
7777,0.0383,-0.0488,0.9390
7778,0.0964,0.0374,0.9399
7779,0.1597,-0.0603,1.0042
7780,0.0869,0.0251,0.9185
7781,0.1379,0.0002,0.9448
7782,0.1531,-0.1199,1.0327
7783,0.1636,0.0063,0.8813
7784,0.2124,-0.0227,1.0120
7785,0.2180,-0.0105,1.0364
7786,0.1853,0.0757,0.9319
7787,0.1375,-0.0312,1.0198
7788,0.0713,-0.0002,1.0002
7789,0.0391,0.0117,0.9116
7790,-0.0151,-0.0125,0.9751
7791,-0.0876,-0.0471,0.9663
7792,-0.1316,0.0474,0.9028
7793,-0.2405,-0.0586,1.0044
7794,-0.2847,0.0566,0.9739
7795,-0.3232,0.0457,0.9604
7796,-0.2798,0.0615,1.0325
7797,-0.1741,0.0803,0.9858
7798,-0.0754,0.0701,0.9595
7799,0.0613,0.0149,0.9846
7800,0.1487,0.0017,0.9507
7801,0.1641,-0.0232,0.9302
7802,0.1907,-0.0583,0.9514
7803,0.1362,-0.0566,0.9250
7804,0.1023,-0.0583,0.9583
7805,0.0945,-0.0076,0.9524
7806,0.1099,-0.0156,0.9954
7807,0.1221,-0.0073,0.9858
7808,0.0935,0.0718,0.9602
7809,0.0635,-0.0349,1.0317
7810,0.0051,-0.0081,0.9475
7811,-0.0808,-0.0144,0.9700
7812,-0.0996,-0.0349,1.0464
7813,-0.1147,0.0608,0.9241
7814,-0.1333,-0.0178,0.9712
7815,-0.0823,-0.0715,0.9951
7816,-0.1255,0.0398,0.8931
7817,-0.1064,0.0728,1.0071
7818,-0.0547,0.0640,1.0073
7819,-0.0410,0.1140,0.8823
7820,0.0571,-0.0703,1.0063
7821,0.1768,0.0073,0.9417
7822,0.1685,0.0237,0.9104
7823,0.1902,-0.0171,1.0300
7824,0.1189,-0.0322,0.9553
7825,0.0898,-0.0471,0.9543
7826,0.0710,-0.0994,1.0413
7827,0.0703,0.0515,0.9458
7828,0.1331,0.0105,1.0071
7829,0.1255,0.0034,0.9866
7830,0.1614,-0.0125,0.9155
7831,0.1079,-0.0925,0.9819
7832,0.0935,0.0081,0.9407
7833,0.0015,0.0095,0.9583
7834,-0.0779,0.0022,0.9634
7835,-0.1692,-0.0081,0.9683
7836,-0.2747,0.0110,0.9702
7837,-0.3623,-0.0068,1.0159
7838,-0.3064,0.1140,0.9976
7839,-0.2957,0.0735,1.0071
7840,-0.1890,0.1252,0.9841
7841,-0.0608,0.0806,0.9592
7842,0.0029,0.0000,0.9487
7843,0.1199,0.0115,0.9233
7844,0.1475,-0.0723,0.9341
7845,0.2166,-0.0774,0.9114
7846,0.3171,-0.0959,0.9397
7847,0.2759,-0.0845,0.9800
7848,0.2559,0.0020,0.9592
7849,0.2776,-0.0083,1.0208
7850,0.1067,0.0208,1.0181
7851,0.0361,0.0879,0.9758
7852,-0.0544,0.0134,1.0239
7853,-0.1340,0.0215,0.9746
7854,-0.1382,0.0139,0.9456
7855,-0.1616,-0.0378,0.9524
7856,-0.1465,-0.0251,0.9402
7857,-0.1472,-0.0640,0.9558
7858,-0.1519,0.0239,0.9612
7859,-0.0879,0.0139,0.9985
7860,-0.0803,0.0430,0.9829
7861,-0.0132,0.1050,0.9641
7862,0.0469,0.0310,1.0139
7863,0.0559,0.0159,0.9670
7864,0.0625,0.0029,0.9172
7865,0.0898,-0.0400,0.9856
7866,0.0859,-0.0710,0.9172
7867,0.1641,-0.0046,0.9331
7868,0.1648,-0.0964,1.0190
7869,0.2173,0.0403,0.9136
7870,0.1841,-0.0581,1.0122
7871,0.1436,0.0181,1.0027
7872,0.0881,0.0374,0.9836
7873,0.0750,0.0032,1.0190
7874,0.0571,0.0027,0.9741
7875,0.0405,-0.0405,0.9456
7876,0.0127,0.0037,0.9338
7877,-0.0388,-0.0190,0.9751
7878,-0.1528,0.0063,0.9436
7879,-0.2607,-0.0054,0.9329
7880,-0.3296,-0.0229,1.0061
7881,-0.3616,0.0447,0.9780
7882,-0.2832,0.1262,0.9800
7883,-0.1575,0.0488,1.0481
7884,-0.0146,0.0923,0.9431
7885,0.1250,0.0308,0.9817
7886,0.2021,-0.0144,0.9907
7887,0.2170,0.0063,0.9016
7888,0.1648,-0.0620,0.9575
7889,0.1309,-0.0728,0.9417
7890,0.0686,-0.0564,0.8997
7891,0.0764,-0.0457,0.9846
7892,0.0574,-0.0071,0.9709
7893,0.1174,0.0918,0.9597
7894,0.1406,-0.0637,1.0500
7895,0.1292,0.0608,0.9487
7896,0.1167,-0.0320,1.0210
7897,0.0513,0.0229,1.0151
7898,0.0049,0.0488,0.9233
7899,-0.1121,-0.0945,1.0210
7900,-0.1587,-0.0027,0.9409
7901,-0.2246,-0.0098,0.9602
7902,-0.2329,0.0400,0.9895
7903,-0.2344,0.0461,0.9453
7904,-0.1453,0.0554,0.9534
7905,-0.0818,-0.0129,0.9771
7906,0.0542,0.0471,0.9185
7907,0.1152,0.0020,0.9885
7908,0.1206,0.0454,0.9468
7909,0.1663,-0.0266,0.9680
7910,0.1094,-0.1003,0.9858
7911,0.1526,-0.0217,0.9709
7912,0.1753,-0.0596,1.0215
7913,0.2129,0.0405,0.9563
7914,0.2278,0.0269,0.9849
7915,0.2046,-0.0034,0.9790
7916,0.1135,-0.0144,0.9153
7917,0.1057,-0.0310,0.9448
7918,-0.0164,-0.0806,0.9780
7919,-0.0627,0.0630,0.9058
7920,-0.1667,-0.0461,1.0142
7921,-0.2363,-0.0264,0.9790
7922,-0.2910,-0.0396,0.9849
7923,-0.2922,0.0203,1.0396
7924,-0.2795,0.1448,0.9976
7925,-0.2349,0.1523,1.0110
7926,-0.1245,0.1392,0.9924
7927,-0.0542,0.0850,0.9143
7928,0.0916,-0.0479,0.9214
7929,0.1545,-0.1213,0.9006
7930,0.2693,-0.0300,0.8562
7931,0.2634,-0.1460,0.9858
7932,0.2517,-0.0432,0.9114
7933,0.2283,-0.0635,1.0015
7934,0.1680,-0.0676,1.0435
7935,0.0850,0.0906,0.9849
7936,0.0449,0.0820,1.0708
7937,-0.0142,0.1284,1.0220
7938,-0.0486,0.1265,0.9602
7939,-0.0015,-0.0408,1.0051
7940,0.0215,-0.0173,0.9006
7941,0.0593,-0.1094,0.8833
7942,0.0022,-0.1455,0.9631
7943,-0.0833,-0.0181,0.8784
7944,-0.2297,-0.0166,0.9868
7945,-0.3213,-0.0464,1.0374
7946,-0.3149,0.1074,0.9446
7947,-0.2051,0.0747,1.0481
7948,-0.0261,0.0842,1.0647
7949,0.1375,0.1394,0.8989
7950,0.2090,0.0461,1.0100
7951,0.2402,-0.0483,0.9819
7952,0.1868,-0.0300,0.8501
7953,0.0811,-0.1177,0.9771
7954,0.1221,-0.0588,0.9504
7955,0.0554,-0.0439,0.9045
7956,0.1111,0.0000,0.9897
7957,0.1650,-0.0505,1.0139
7958,0.1741,0.0325,0.9331
7959,0.1555,-0.0298,1.0171
7960,0.1179,0.0459,1.0071
7961,0.0210,0.0398,0.9556
7962,-0.1140,0.0605,0.9915
7963,-0.2219,-0.0327,1.0112
7964,-0.3733,-0.0161,0.9253
7965,-0.3254,0.0183,0.9575
7966,-0.3479,-0.1064,1.0503
7967,-0.2180,0.1440,0.8569
7968,-0.0974,-0.0190,1.0269
7969,0.0049,0.0522,0.9700
7970,0.0642,0.0740,0.8616
7971,0.1311,-0.0188,0.9827
7972,0.1528,-0.0066,0.9663
7973,0.1594,-0.0051,0.9282
7974,0.1897,-0.0178,1.0032
7975,0.1704,-0.0530,0.9885
7976,0.2180,-0.0383,0.9604
7977,0.1826,-0.0190,1.0205
7978,0.2085,0.0562,0.9719
7979,0.1597,-0.0073,1.0002
7980,0.1040,0.0613,0.9429
7981,-0.0105,0.0007,0.9524
7982,-0.0408,-0.0676,0.9690
7983,-0.0459,-0.0142,0.9155
7984,-0.0896,0.0088,0.9731
7985,-0.1016,-0.0518,0.9993
7986,-0.1379,0.0750,0.9321
7987,-0.2559,-0.0295,1.0432
7988,-0.2686,0.0642,0.9888
7989,-0.1755,0.0759,0.9556
7990,-0.1311,-0.0015,1.0171
7991,0.0081,0.0374,0.9133
7992,0.0955,-0.0637,0.9253
7993,0.0957,-0.0454,0.9553
7994,0.1746,-0.0417,0.9583
7995,0.1484,-0.0085,0.9683
7996,0.1514,-0.0234,0.9800
7997,0.1624,0.0051,0.9771
7998,0.1707,0.0129,0.9858
7999,0.1841,0.0833,0.9775
8000,0.2185,0.0154,0.9983
8001,0.1772,0.0117,0.9763
8002,0.1482,0.0569,0.9158
8003,0.0300,-0.0930,0.9993
8004,-0.0579,-0.0576,0.9126
8005,-0.1328,-0.0339,0.9465
8006,-0.2415,-0.1101,1.0269
8007,-0.2290,0.0764,0.9194
8008,-0.2727,-0.0581,1.0435
8009,-0.2864,0.0754,0.9858
8010,-0.1714,0.0969,0.9641
8011,-0.1604,0.0144,1.0454
8012,-0.0786,0.1311,0.8977
8013,0.0029,0.0447,0.9526
8014,0.0076,-0.0627,0.9829
8015,0.0869,0.1040,0.8518
8016,0.1104,-0.1416,1.0325
8017,0.1931,-0.0339,0.9321
8018,0.2710,-0.0566,0.9048
8019,0.2351,-0.0684,1.0579
8020,0.2585,0.0266,0.9329
8021,0.2041,0.0525,0.9546
8022,0.1106,-0.1189,1.0500
8023,0.1335,0.0991,0.9143
8024,0.0381,-0.0342,0.9934
8025,0.0415,0.0688,1.0237
8026,-0.0254,0.0408,0.9292
8027,-0.1887,0.0078,0.9775
8028,-0.2070,-0.0342,1.0044
8029,-0.2952,0.0039,0.9390
8030,-0.3438,0.0098,0.9858
8031,-0.2534,0.0542,0.9973
8032,-0.1665,0.0156,0.9331
8033,-0.0168,-0.0032,0.9504
8034,0.1130,-0.0835,0.9731
8035,0.1523,-0.0120,0.9204
8036,0.1638,-0.0400,0.9651
8037,0.1006,-0.0190,0.9878
8038,0.0820,0.0049,0.9417
8039,0.0703,-0.0720,1.0366
8040,0.1458,0.0508,0.9690
8041,0.2285,0.0757,0.9885
8042,0.2397,0.1130,0.9927
8043,0.2607,0.0815,0.9497
8044,0.1689,-0.0249,0.9614
8045,0.0562,-0.0830,0.9331
8046,-0.0137,-0.1172,0.9456
8047,-0.0596,-0.0398,0.9487
8048,-0.1208,-0.0222,0.9888
8049,-0.0811,-0.0132,1.0142
8050,-0.1763,-0.0391,0.9641
8051,-0.1938,0.0037,0.9944
8052,-0.2644,0.0298,1.0093
8053,-0.3042,0.1733,0.9465
8054,-0.2808,0.0852,1.0286
8055,-0.1843,0.0359,0.9358
8056,-0.0266,0.0137,0.9194
8057,0.0872,-0.0669,0.9866
8058,0.2388,0.0505,0.9009
8059,0.2419,-0.0684,0.9749
8060,0.2644,-0.0095,0.9885
8061,0.1499,-0.0525,0.9458
8062,0.1545,0.0085,0.9849
8063,0.0945,-0.1057,0.9954
8064,0.1304,0.1084,0.9055
8065,0.1191,-0.0637,1.0481
8066,0.1682,0.1235,0.9377
8067,0.0969,-0.0303,0.9468
8068,0.0371,-0.0754,1.0188
8069,-0.0286,-0.0168,0.9182
8070,-0.1399,0.0205,1.0122
8071,-0.2017,0.0239,1.0247
8072,-0.2903,0.0583,0.9321
8073,-0.3257,-0.0015,1.0071
8074,-0.2224,0.0159,0.9907
8075,-0.1211,0.0713,0.9243
8076,0.0000,-0.0388,0.9944
8077,0.1323,0.0264,0.8931
8078,0.1804,-0.0984,0.9348
8079,0.1863,-0.0535,0.9722
8080,0.1677,0.0127,0.9290
8081,0.1238,-0.0496,1.0325
8082,0.1448,0.0356,0.9819
8083,0.1262,0.0342,0.9758
8084,0.1914,0.0029,1.0403
8085,0.2073,0.0964,0.9583
8086,0.1799,0.0671,0.9761
8087,0.1394,0.0205,0.9934
8088,0.0620,-0.0491,0.8901
8089,-0.0237,-0.0813,0.9219
8090,-0.0249,-0.1348,0.9739
8091,-0.0625,-0.0002,0.9175
8092,-0.1448,-0.0415,0.9937
8093,-0.1711,0.0142,1.0239
8094,-0.2837,0.0120,0.9944
8095,-0.3257,0.0925,1.0090
8096,-0.2917,0.0701,1.0288
8097,-0.2244,0.1064,0.9556
8098,-0.1052,0.0786,0.9436
8099,-0.0261,0.0098,0.9573
8100,0.0300,-0.0576,0.8911
8101,0.0437,-0.0505,0.9182
8102,0.1086,-0.0720,0.9697
8103,0.1387,-0.0510,0.9526
8104,0.2107,-0.0344,0.9583
8105,0.2280,-0.0620,1.0278
8106,0.2534,0.0417,0.9683
8107,0.2393,0.0469,0.9946
8108,0.2000,0.0491,1.0217
8109,0.1262,0.0627,0.9595
8110,0.0576,0.0532,0.9456
8111,-0.0479,-0.0344,0.9810
8112,-0.1011,-0.0376,0.9114
8113,-0.1184,-0.0244,0.9536
8114,-0.1594,-0.0457,1.0083
8115,-0.1716,0.0281,0.9565
8116,-0.1958,0.0107,0.9944
8117,-0.2178,0.0117,1.0017
8118,-0.1658,0.0427,0.9741
8119,-0.1055,0.0417,0.9651
8120,0.0288,0.0107,0.9961
8121,0.1140,-0.0156,0.9358
8122,0.1663,-0.0371,0.9280
8123,0.2302,-0.0869,0.9709
8124,0.2327,-0.0352,0.9204
8125,0.1975,0.0144,0.9751
8126,0.1990,0.0017,1.0044
8127,0.1938,0.0403,0.9517
8128,0.2056,0.0229,0.9854
8129,0.1670,0.0559,1.0139
8130,0.1455,0.1013,0.9731
8131,0.1060,0.0420,0.9731
8132,-0.0283,-0.0190,0.9839
8133,-0.1265,-0.0920,0.9045
8134,-0.1494,-0.0300,0.9612
8135,-0.2749,-0.1260,1.0208
8136,-0.2617,0.0652,0.9106
8137,-0.3230,-0.0581,1.0269
8138,-0.3137,0.0447,0.9839
8139,-0.2974,0.0554,0.9390
8140,-0.1978,0.0396,1.0286
8141,-0.0532,0.0479,0.9709
8142,0.0586,0.0522,0.9202
8143,0.1558,-0.0154,0.9956
8144,0.1929,-0.0210,0.9263
8145,0.1599,-0.0085,0.9368
8146,0.1753,-0.0637,1.0012
8147,0.1458,-0.0112,0.9390
8148,0.1101,-0.0315,0.9670
8149,0.1450,0.0239,1.0024
8150,0.1299,-0.0115,0.9631
8151,0.1348,0.0413,0.9663
8152,0.0896,-0.0310,0.9983
8153,0.0513,0.0437,0.9360
8154,-0.0317,-0.0002,0.9653
8155,-0.0667,0.0505,1.0022
8156,-0.1006,0.0051,0.9651
8157,-0.1277,-0.0203,0.9634
8158,-0.1162,-0.0559,0.9934
8159,-0.1399,0.0303,0.9526
8160,-0.1318,0.0828,0.9915
8161,-0.1282,0.0334,1.0071
8162,-0.0442,0.0452,0.9185
8163,-0.0144,-0.1021,0.9819
8164,0.0967,0.0579,0.9172
8165,0.1970,-0.0244,0.9758
8166,0.2112,-0.0085,0.9673
8167,0.2349,-0.0459,0.9458
8168,0.2361,-0.1094,0.9895
8169,0.2253,-0.0178,0.9595
8170,0.1677,0.0071,1.0149
8171,0.1133,0.0874,0.9548
8172,0.0586,0.0261,0.9866
8173,0.0718,-0.0066,0.9788
8174,0.0393,0.0498,0.9319
8175,0.0454,0.0061,0.9856
8176,0.0142,0.0156,0.9612
8177,-0.0757,0.0303,0.9202
8178,-0.1716,-0.0530,1.0151
8179,-0.2827,-0.0269,0.9485
8180,-0.3616,0.0378,0.9771
8181,-0.3877,-0.0103,1.0715
8182,-0.3315,0.1050,0.9172
8183,-0.2134,-0.0122,1.0198
8184,-0.0420,-0.0300,0.9731
8185,0.0811,0.0703,0.8853
8186,0.1321,-0.0730,1.0171
8187,0.1553,0.0193,0.9016
8188,0.1057,-0.0386,0.9214
8189,0.0984,-0.1157,1.0151
8190,0.0874,0.0195,0.9224
8191,0.0942,-0.0105,0.9937
8192,0.1292,0.0354,1.0374
8193,0.1570,0.0637,0.9456
8194,0.1213,0.0149,1.0093
8195,0.1008,0.0386,0.9956
8196,0.0857,0.0352,0.9292
8197,0.0581,-0.0112,0.9810
8198,0.0415,-0.0256,0.9380
8199,-0.0110,-0.0354,0.9243
8200,-0.0786,-0.0637,0.9780
8201,-0.1467,-0.0173,0.9604
8202,-0.2212,0.0015,0.9924
8203,-0.2092,0.0186,0.9937
8204,-0.1580,0.0750,0.9829
8205,-0.0659,0.0315,0.9915
8206,0.0522,0.0508,0.9517
8207,0.1594,-0.0125,0.9504
8208,0.2295,-0.0178,0.9517
8209,0.2263,-0.0205,0.9563
8210,0.2429,0.0171,0.9612
8211,0.2197,-0.0732,0.9927
8212,0.2249,-0.0359,0.9380
8213,0.2236,-0.0566,0.9836
8214,0.2236,0.0061,0.9907
8215,0.1489,0.0654,0.9673
8216,0.0161,0.1018,0.9790
8217,-0.0103,0.0315,0.9758
8218,-0.1494,-0.0356,0.9446
8219,-0.1687,0.0339,0.9221
8220,-0.2363,-0.0557,1.0295
8221,-0.2095,0.0913,0.9475
8222,-0.3164,-0.0015,1.0090
8223,-0.3296,-0.0159,1.0090
8224,-0.3022,-0.0122,0.9817
8225,-0.2588,0.0310,0.9565
8226,-0.1707,0.0217,1.0168
8227,-0.0378,0.0190,0.9290
8228,0.0232,-0.0020,0.9058
8229,0.0642,-0.1194,0.9839
8230,0.1445,-0.0266,0.8770
8231,0.0881,-0.0393,0.9653
8232,0.2205,0.0444,1.0129
8233,0.1934,0.0259,0.9475
8234,0.2576,0.0396,0.9895
8235,0.2808,-0.0369,1.0376
8236,0.2173,0.1042,0.9390
8237,0.1631,-0.0146,1.0237
8238,0.1011,-0.0051,0.9624
8239,-0.0037,-0.0396,0.9048
8240,-0.0342,-0.0645,0.9846
8241,-0.0503,0.0415,0.9253
8242,-0.0952,-0.0017,0.9758
8243,-0.0815,0.0530,0.9556
8244,-0.1409,0.0383,0.9729
8245,-0.1836,0.0220,1.0015
8246,-0.1621,0.0767,0.9895
8247,-0.1887,0.0134,0.9985
8248,-0.0688,-0.0107,0.9719
8249,0.0278,-0.0854,0.9517
8250,0.0864,-0.0608,0.9514
8251,0.1860,-0.0293,0.9661
8252,0.1702,-0.0293,0.9478
8253,0.1687,0.0166,0.9543
8254,0.1895,-0.0320,0.9797
8255,0.1863,0.0200,0.9446
8256,0.2515,0.0173,1.0093
8257,0.2615,0.0464,0.9495
8258,0.2207,0.0415,0.9546
8259,0.1372,-0.0562,0.9976
8260,0.0422,0.0024,0.9260
8261,-0.0461,-0.0334,0.9973
8262,-0.0981,-0.0278,0.9836
8263,-0.1858,0.0437,0.9185
8264,-0.2756,-0.0356,1.0200
8265,-0.3784,0.0176,0.9846
8266,-0.4119,0.1079,0.9565
8267,-0.4133,0.0232,1.0708
8268,-0.2786,0.1184,0.9399
8269,-0.1450,-0.0227,0.9407
8270,0.0176,-0.0552,0.9907
8271,0.1282,0.0037,0.8782
8272,0.1716,0.0100,0.9456
8273,0.1653,-0.0784,1.0122
8274,0.1824,-0.0208,0.9026
8275,0.1609,-0.0886,0.9780
8276,0.1475,-0.0337,1.0190
8277,0.1233,0.0591,0.9377
8278,0.1445,0.0908,1.0034
8279,0.1196,-0.0273,1.0327
8280,0.1213,0.0854,0.8960
8281,0.1089,-0.0623,1.0012
8282,0.1013,0.0051,0.9810
8283,0.0635,0.0037,0.8921
8284,-0.0037,-0.0200,0.9956
8285,-0.0630,-0.0322,0.9885
8286,-0.1714,0.0344,0.9309
8287,-0.2622,0.0059,1.0129
8288,-0.2690,0.0247,1.0198
8289,-0.2681,0.0791,0.9456
8290,-0.1475,0.0857,0.9946
8291,0.0715,-0.0088,0.9739
8292,0.1980,-0.0535,0.8918
8293,0.2866,-0.0557,0.9370
8294,0.3220,-0.1016,0.9729
8295,0.1997,-0.0413,0.9136
8296,0.1133,-0.0278,0.9827
8297,0.0586,-0.0708,1.0415
8298,0.0959,0.0552,0.9641
8299,0.1587,0.0649,1.0212
8300,0.1824,0.1130,1.0237
8301,0.1604,0.0962,0.9407
8302,0.1521,0.0452,0.9426
8303,0.0608,-0.1060,0.9426
8304,0.0779,-0.0649,0.8735
8305,-0.0129,-0.0984,0.9487
8306,-0.0940,0.0198,0.9797
8307,-0.2273,-0.0215,0.9839
8308,-0.3735,-0.0188,1.0149
8309,-0.4810,0.0007,1.0452
8310,-0.4731,0.1045,1.0100
8311,-0.4087,0.1140,1.0383
8312,-0.2480,0.1018,0.9739
8313,-0.0371,0.0615,0.9202
8314,0.0833,-0.0745,0.9387
8315,0.2085,-0.0168,0.8586
8316,0.2375,-0.1172,0.9263
8317,0.2053,-0.0752,0.9526
8318,0.1785,-0.0288,0.9429
8319,0.1514,-0.0349,1.0225
8320,0.1694,-0.0044,1.0024
8321,0.1792,0.0010,1.0044
8322,0.1770,0.0554,1.0071
8323,0.1411,0.0837,0.9858
8324,0.0378,0.0190,0.9663
8325,-0.0034,0.0349,0.9460
8326,-0.0820,-0.0200,0.9377
8327,-0.0620,0.0042,0.9331
8328,-0.0330,-0.0330,0.9839
8329,-0.0676,0.0081,0.9309
8330,-0.0801,-0.0178,1.0120
8331,-0.0852,-0.0659,1.0356
8332,-0.1450,0.1582,0.9270
8333,-0.1514,-0.0112,1.0610
8334,-0.0566,0.0264,0.9624
8335,0.0059,0.0093,0.8665
8336,0.1453,-0.0281,1.0090
8337,0.2112,-0.0518,0.9312
8338,0.2300,0.0286,0.8677
8339,0.2002,-0.1079,1.0503
8340,0.1523,-0.0413,0.9624
8341,0.1052,0.0322,0.9319
8342,0.1536,0.0088,1.0952
8343,0.1538,0.0144,0.9692
8344,0.2000,0.0840,0.9075
8345,0.2031,-0.0435,1.0503
8346,0.1936,0.0735,0.9172
8347,0.0564,0.0022,0.9036
8348,-0.0481,-0.0481,1.0015
8349,-0.1755,-0.0371,0.9058
8350,-0.3196,-0.0254,0.9429
8351,-0.4041,0.0205,1.0376
8352,-0.4480,0.0571,0.9785
8353,-0.4365,0.0520,0.9993
8354,-0.3506,-0.0110,1.0474
8355,-0.2102,0.0562,0.9438
8356,-0.0771,-0.0220,0.9839
8357,0.0569,0.0261,0.9604
8358,0.1570,-0.0090,0.9172
8359,0.2117,-0.0630,0.9485
8360,0.2537,-0.0256,0.9321
8361,0.2603,-0.0449,0.9429
8362,0.2385,-0.0259,0.9719
8363,0.2134,-0.0349,0.9604
8364,0.1851,0.0125,0.9790
8365,0.0701,0.0222,1.0071
8366,0.0491,0.0718,0.9790
8367,-0.0435,-0.0332,0.9819
8368,-0.0557,0.0005,0.9565
8369,-0.0083,-0.0540,0.9778
8370,-0.0039,0.0491,0.9595
8371,0.0229,0.0195,1.0002
8372,-0.0793,0.0320,0.9692
8373,-0.1262,0.0293,0.9614
8374,-0.2290,-0.0613,1.0188
8375,-0.2117,0.0818,0.9465
8376,-0.1370,0.0171,0.9966
8377,0.0032,0.0344,0.9456
8378,0.1055,-0.0422,0.9299
8379,0.1965,0.0188,0.9146
8380,0.2075,-0.0762,0.9731
8381,0.1785,-0.0591,0.9504
8382,0.1821,0.0024,0.9414
8383,0.1106,-0.0349,1.0562
8384,0.1621,0.0706,0.9700
8385,0.1733,0.0344,1.0083
8386,0.2117,-0.0105,1.0325
8387,0.2063,0.0020,0.9260
8388,0.1575,-0.0002,0.9302
8389,0.1033,-0.0181,0.9800
8390,-0.0029,0.0266,0.8892
8391,-0.1318,0.0059,0.9302
8392,-0.1711,-0.0796,1.0083
8393,-0.2327,0.0225,0.9019
8394,-0.3276,0.0002,1.0139
8395,-0.3127,0.0586,1.0776
8396,-0.3828,0.0696,0.9729
8397,-0.2900,0.0979,1.0161
8398,-0.1772,-0.0742,1.0618
8399,-0.1179,0.0857,0.8726
8400,0.0601,0.0059,0.9622
8401,0.0933,-0.1003,0.9712
8402,0.1494,0.0129,0.8127
8403,0.1772,-0.1182,0.9751
8404,0.2310,0.0044,0.9624
8405,0.2078,-0.0308,0.9192
8406,0.2229,0.0098,1.0061
8407,0.1777,-0.0437,1.0325
8408,0.1824,0.0935,0.9741
8409,0.1038,0.0410,1.0413
8410,0.0330,0.0381,1.0200
8411,-0.0393,-0.0549,0.9282
8412,-0.1040,0.0156,0.9534
8413,-0.1484,-0.0469,0.9836
8414,-0.1589,0.0400,0.9075
8415,-0.1743,-0.0325,0.9719
8416,-0.1807,0.0159,0.9651
8417,-0.1396,0.0054,0.9485
8418,-0.1047,0.0112,1.0266
8419,-0.0327,0.0864,0.9497
8420,0.0488,-0.0193,0.9917
8421,0.1484,-0.0112,0.9768
8422,0.1965,0.0210,0.9299
8423,0.2390,-0.0271,0.9934
8424,0.2212,-0.0276,0.9692
8425,0.1624,0.0254,0.9084
8426,0.1594,-0.0623,1.0142
8427,0.1765,-0.0222,0.9409
8428,0.1729,0.0234,0.9302
8429,0.1931,-0.0264,1.0208
8430,0.1995,0.0071,0.9644
8431,0.1165,0.0312,0.9380
8432,0.0911,-0.0227,1.0249
8433,-0.0229,0.0244,0.9634
8434,-0.1304,0.0371,0.9465
8435,-0.1941,0.0061,1.0430
8436,-0.2720,-0.0190,0.9504
8437,-0.3606,0.0359,0.9331
8438,-0.3647,-0.0173,1.0286
8439,-0.3665,0.0378,0.9399
8440,-0.3076,0.0613,0.9280
8441,-0.1702,-0.0337,1.0298
8442,-0.0291,0.0254,0.9045
8443,0.0688,-0.0015,0.9409
8444,0.1648,-0.0112,1.0461
8445,0.1753,0.0681,0.9155
8446,0.2039,0.0103,0.9963
8447,0.1968,-0.0425,1.0298
8448,0.1699,-0.0317,0.8782
8449,0.1455,-0.0430,0.9937
8450,0.1267,-0.0325,0.9778
8451,0.0679,0.0630,0.8977
8452,0.0439,-0.1277,0.9885
8453,0.0093,-0.0483,0.9465
8454,-0.0164,-0.0513,0.9517
8455,-0.0151,0.0837,1.0151
8456,-0.0312,0.0645,1.0337
8457,-0.0505,0.0906,0.9700
8458,-0.1165,-0.0059,1.0259
8459,-0.1606,0.0015,0.9963
8460,-0.1741,0.1470,0.9458
8461,-0.1714,0.0400,1.0220
8462,-0.0933,0.0037,0.9211
8463,0.0195,-0.0789,0.8667
8464,0.1321,-0.1233,0.9526
8465,0.2212,-0.0437,0.9146
8466,0.2366,-0.0349,0.9114
8467,0.2004,-0.0037,1.0112
8468,0.1836,-0.0178,0.9966
8469,0.1562,0.0298,0.9998
8470,0.1641,0.0278,1.0435
8471,0.2375,0.0259,1.0081
8472,0.2754,0.0837,0.9636
8473,0.2180,0.0208,1.0061
8474,0.1492,0.0454,0.9436
8475,0.0352,-0.0610,0.9106
8476,-0.0784,-0.0742,0.9351
8477,-0.2031,-0.0522,0.9146
8478,-0.2786,-0.0190,0.9438
8479,-0.2563,0.0276,1.0149
8480,-0.3452,0.0046,0.9758
8481,-0.2952,0.0366,1.0159
8482,-0.2847,-0.0142,1.0588
8483,-0.2668,0.2092,0.9653
8484,-0.2229,0.0442,1.0601
8485,-0.1404,0.0637,0.9524
8486,-0.0325,0.0110,0.8772
8487,0.1328,-0.0908,0.9839
8488,0.2627,-0.0098,0.8794
8489,0.3384,-0.0471,0.8901
8490,0.3162,-0.1270,0.9846
8491,0.2554,-0.0435,0.8882
8492,0.1365,-0.0562,0.9878
8493,0.0398,0.0161,1.0618
8494,0.0266,0.1243,0.9768
8495,-0.0464,0.0110,1.0405
8496,-0.0015,0.0303,1.0129
8497,-0.0020,-0.0659,0.9780
8498,-0.0410,0.0085,0.9829
8499,-0.0642,0.0037,0.9917
8500,-0.1904,0.0010,0.9309
8501,-0.2510,0.0095,0.9417
8502,-0.1934,0.0093,0.9719
8503,-0.1768,0.0671,0.9458
8504,0.0327,0.0850,0.9673
8505,0.1736,-0.0154,0.9700
8506,0.1895,0.0056,0.9185
8507,0.2419,-0.0276,0.9692
8508,0.1968,-0.0481,0.9927
8509,0.1255,-0.0408,0.9575
8510,0.0930,-0.0310,0.9683
8511,0.0869,-0.0227,0.9917
8512,0.1331,0.0129,0.9846
8513,0.1436,0.0427,0.9868
8514,0.1682,0.0022,0.9895
8515,0.2134,-0.0088,0.9556
8516,0.1438,0.0093,0.9514
8517,0.0781,0.0161,0.9702
8518,0.0305,0.0178,0.9602
8519,-0.0693,0.0081,0.9368
8520,-0.0513,-0.0352,0.9604
8521,-0.0969,-0.0713,0.9858
8522,-0.1716,0.0168,0.9504
8523,-0.2280,0.0366,1.0208
8524,-0.3521,-0.0115,1.0100
8525,-0.3547,0.0508,0.9507
8526,-0.3628,-0.0146,1.0159
8527,-0.1953,0.1091,0.9807
8528,-0.0732,0.0664,0.9468
8529,0.0757,0.0652,0.9614
8530,0.1404,-0.1047,0.9602
8531,0.2185,0.0371,0.8928
8532,0.1846,-0.0901,0.9866
8533,0.1892,0.0188,0.9399
8534,0.1304,-0.0679,0.9282
8535,0.1216,-0.0518,0.9917
8536,0.1370,-0.0183,0.9722
8537,0.1228,-0.0039,0.9758
8538,0.1316,0.0144,1.0042
8539,0.0720,-0.0063,0.9761
8540,-0.0151,0.0242,0.9778
8541,-0.1018,0.0044,1.0239
8542,-0.2036,0.0200,0.9670
8543,-0.2278,0.0024,0.9937
8544,-0.2515,-0.0034,1.0042
8545,-0.1921,0.1082,0.9302
8546,-0.1350,-0.0178,1.0022
8547,0.0093,0.0693,0.9260
8548,0.0881,0.0308,0.9175
8549,0.1785,0.0037,0.9895
8550,0.2080,0.0015,0.9094
8551,0.1831,-0.0056,0.9370
8552,0.1580,-0.1011,1.0061
8553,0.1667,-0.0481,0.9114
8554,0.1887,-0.0991,1.0200
8555,0.2227,-0.0464,1.0015
8556,0.2244,0.0581,0.9534
8557,0.1785,-0.0066,1.0640
8558,0.1279,0.0994,0.9653
8559,0.0400,0.0588,0.9692
8560,-0.0017,-0.0051,0.9827
8561,-0.0081,0.0247,0.9114
8562,-0.0232,-0.0149,0.9272
8563,-0.0259,-0.0620,0.9888
8564,-0.1123,-0.0278,0.9233
8565,-0.2285,-0.0386,0.9641
8566,-0.3374,-0.0520,1.0354
8567,-0.3860,0.0344,0.9692
8568,-0.3755,0.1260,1.0042
8569,-0.2480,0.0767,1.0483
8570,-0.1091,0.1355,0.9302
8571,-0.0090,0.0332,0.9458
8572,0.1311,-0.0049,0.9885
8573,0.1611,-0.0266,0.8977
8574,0.1484,-0.0044,0.9077
8575,0.1587,-0.0906,1.0090
8576,0.1599,-0.0483,0.9077
8577,0.1543,-0.0515,0.9331
8578,0.1875,-0.1006,1.0649
8579,0.1787,0.0261,0.9146
8580,0.1182,0.0710,0.9690
8581,0.0029,-0.0569,1.1028
8582,-0.0752,0.1055,0.8860
8583,-0.1780,-0.0640,1.0142
8584,-0.1826,-0.0564,1.0483
8585,-0.1667,0.0347,0.8755
8586,-0.1218,0.0190,1.0173
8587,-0.0803,0.0310,1.0178
8588,-0.0696,0.1221,0.8853
8589,-0.0400,0.0334,1.0110
8590,0.0449,0.0061,0.9917
8591,0.0879,0.0737,0.8704
8592,0.1714,0.0347,1.0015
8593,0.2534,-0.0322,0.9702
8594,0.2271,-0.0474,0.8684
8595,0.2114,-0.1316,0.9897
8596,0.1768,-0.1160,0.9856
8597,0.1133,0.0115,0.9185
8598,0.0884,-0.0239,1.0522
8599,0.0979,0.0117,1.0168
8600,0.0681,0.0608,0.9407
8601,0.0986,0.0564,1.0542
8602,0.0479,0.0210,0.9983
8603,0.0310,0.0776,0.8821
8604,-0.0034,-0.1272,1.0217
8605,-0.0425,-0.0344,0.9067
8606,-0.0593,-0.0229,0.8909
8607,-0.1606,-0.0618,1.0256
8608,-0.2139,0.0579,0.9182
8609,-0.3052,0.0081,0.9661
8610,-0.2913,0.0681,1.0522
8611,-0.2356,0.0740,0.9819
8612,-0.1392,0.1323,0.9739
8613,-0.0696,0.0298,1.0229
8614,0.0505,0.0862,0.9250
8615,0.0232,-0.0496,0.9690
8616,0.0840,-0.0364,0.9680
8617,0.1199,-0.0793,0.9211
8618,0.1230,-0.0830,0.9260
8619,0.2014,-0.0381,0.9565
8620,0.1667,-0.0667,0.9387
8621,0.2297,-0.0068,0.9651
8622,0.1726,-0.0420,0.9985
8623,0.0879,0.0415,0.9690
8624,0.0017,-0.0068,1.0249
8625,-0.0698,0.0896,0.9700
8626,-0.2017,-0.0315,1.0210
8627,-0.1536,0.0144,0.9663
8628,-0.1562,-0.0447,0.9709
8629,-0.1343,0.0063,0.9768
8630,-0.0537,0.0586,0.9583
8631,-0.1108,0.0740,0.9673
8632,-0.0244,0.1287,0.9448
8633,-0.0024,-0.0464,0.9680
8634,0.0476,0.0415,0.9026
8635,0.1538,-0.0254,0.9829
8636,0.2017,0.0264,0.9634
8637,0.1951,-0.0681,0.9485
8638,0.1882,-0.0876,0.9709
8639,0.1372,-0.0898,0.9800
8640,0.1196,-0.0129,1.0083
8641,0.0952,0.0488,0.9839
8642,0.0474,-0.0088,1.0095
8643,0.0745,0.0012,0.9670
8644,0.0615,0.0166,0.9465
8645,0.0969,0.0081,0.9907
8646,0.0918,-0.0039,0.9304
8647,0.0669,0.0178,0.9370
8648,0.0417,-0.0884,0.9946
8649,-0.0139,0.0073,0.9175
8650,-0.1746,-0.0854,0.9736
8651,-0.2368,0.0635,0.9807
8652,-0.2922,0.0498,1.0132
8653,-0.2981,0.1790,1.0015
8654,-0.2688,0.1133,1.0210
8655,-0.1448,0.1145,0.9661
8656,-0.0393,0.0093,0.9331
8657,0.0107,-0.0359,0.9497
8658,0.0977,-0.0557,0.9270
8659,0.0530,-0.0522,0.9302
8660,0.0728,-0.0588,0.9634
8661,0.1147,-0.1008,0.9712
8662,0.1340,-0.0642,0.9260
8663,0.1987,-0.0664,1.0247
8664,0.2454,0.0012,0.9761
8665,0.2114,0.0591,0.9458
8666,0.1357,-0.0515,1.0649
8667,0.0281,0.0623,0.9321
8668,-0.1125,0.0012,0.9888
8669,-0.1445,-0.0247,1.0139
8670,-0.1997,0.0369,0.9075
8671,-0.1777,0.0051,0.9956
8672,-0.1421,0.0405,0.9905
8673,-0.1353,0.0735,0.9446
8674,-0.0896,0.0864,1.0071
8675,-0.0884,0.0571,0.9680
8676,0.0012,0.0688,0.9290
8677,0.0806,-0.0566,0.9683
8678,0.1355,0.0010,0.9202
8679,0.1951,-0.1218,0.9553
8680,0.2205,-0.0354,0.9475
8681,0.1387,-0.0903,0.9653
8682,0.1514,-0.0696,0.9829
8683,0.0981,-0.0581,0.9829
8684,0.0876,0.0635,0.9985
8685,0.1125,0.0647,1.0405
8686,0.1189,0.1260,0.9749
8687,0.1062,0.0583,0.9924
8688,0.1030,-0.0059,0.9673
8689,0.0920,-0.0364,0.9094
8690,0.0542,-0.0818,0.9475
8691,0.0188,-0.0750,0.9319
8692,-0.0251,-0.0583,0.9341
8693,-0.0984,-0.1006,0.9829
8694,-0.2036,0.0278,0.9495
8695,-0.2998,0.0603,1.0132
8696,-0.3306,0.1621,1.0344
8697,-0.3052,0.1807,0.9856
8698,-0.2065,0.0957,1.0139
8699,-0.0503,0.0693,0.9622
8700,0.0381,0.0127,0.9214
8701,0.0969,-0.0637,0.9604
8702,0.1226,-0.1040,0.9126
8703,0.0776,-0.0928,0.8940
8704,0.1238,-0.0828,0.9988
8705,0.1580,-0.0593,0.9446
8706,0.2024,0.0264,0.9546
8707,0.2212,-0.1055,1.0669
8708,0.1938,0.1101,0.9282
8709,0.0842,0.0278,1.0256
8710,-0.0261,0.0156,1.0491
8711,-0.1042,0.0261,0.9097
8712,-0.1497,-0.0906,0.9790
8713,-0.1453,-0.0522,0.9963
8714,-0.1157,0.0479,0.8850
8715,-0.0815,0.0315,1.0159
8716,-0.1240,0.0295,1.0071
8717,-0.1333,0.1479,0.9038
8718,-0.1357,0.0122,1.0735
8719,-0.0886,0.1208,0.9397
8720,0.0020,0.0723,0.9016
8721,0.1223,-0.1023,1.0464
8722,0.2236,-0.0151,0.8481
8723,0.2539,-0.1038,0.9290
8724,0.2002,-0.1987,1.0405
8725,0.1753,0.0601,0.8535
8726,0.0420,-0.1252,1.0461
8727,0.0723,0.0483,1.0393
8728,0.0652,0.0625,0.9272
8729,0.0986,0.0503,1.0696
8730,0.1707,0.0112,1.0286
8731,0.1707,0.0645,0.8743
8732,0.1548,-0.0601,1.0200
8733,0.1289,-0.0310,0.9368
8734,0.0261,-0.0312,0.8596
8735,-0.0596,-0.1406,1.0024
8736,-0.1230,-0.0425,0.9292
8737,-0.2620,-0.0237,0.9585
8738,-0.2319,0.1748,1.0442
8739,-0.2964,0.1067,1.0325
8740,-0.2698,0.2161,0.9614
8741,-0.1909,0.0942,1.0452
8742,-0.1140,0.1113,0.9504
8743,0.0081,0.0198,0.9204
8744,0.0874,-0.0901,0.9478
8745,0.1189,-0.1018,0.8860
8746,0.1687,-0.1394,0.9104
8747,0.1782,-0.1602,0.9731
8748,0.1570,-0.0605,0.9348
8749,0.1379,-0.0293,0.9924
8750,0.0659,0.0220,1.0559
8751,0.0813,0.1487,0.9771
8752,-0.0205,0.0383,1.0432
8753,0.0027,0.0369,1.0073
8754,-0.0239,-0.0317,0.9290
8755,-0.0723,-0.0222,0.9634
8756,-0.0698,-0.0415,0.9761
8757,-0.1455,0.0229,0.9133
8758,-0.1770,-0.0044,0.9758
8759,-0.1621,-0.0007,0.9944
8760,-0.1406,0.0576,0.9536
8761,-0.0537,0.0771,1.0120
8762,0.0435,0.0798,1.0032
8763,0.0720,0.0657,0.9468
8764,0.1509,0.0383,0.9446
8765,0.0825,-0.0928,0.9722
8766,0.1038,-0.0537,0.9028
8767,0.1191,-0.0723,0.9556
8768,0.0911,-0.0796,0.9780
8769,0.1824,-0.0247,0.9250
8770,0.2290,-0.0601,1.0073
8771,0.2136,-0.0063,1.0168
8772,0.2173,0.0581,0.9731
8773,0.1299,0.0198,1.0183
8774,0.0588,0.0332,0.9895
8775,-0.0107,0.0254,0.9387
8776,-0.0613,-0.0427,0.9839
8777,-0.0632,-0.0525,0.9448
8778,-0.0623,0.0002,0.8950
8779,-0.1060,-0.0273,0.9983
8780,-0.1187,0.0508,0.9719
8781,-0.1958,0.0945,0.9397
8782,-0.1968,0.0588,1.0403
8783,-0.2566,0.0754,0.9878
8784,-0.2002,0.1592,0.9397
8785,-0.1094,0.0166,1.0659
8786,-0.0222,0.0352,0.9148
8787,0.0984,-0.0347,0.9114
8788,0.2146,-0.1641,0.9807
8789,0.2407,-0.0698,0.8892
8790,0.2029,-0.0681,0.9382
8791,0.1577,0.0029,1.0005
8792,0.0830,-0.0164,0.9514
8793,0.0415,0.0178,0.9817
8794,0.0559,-0.0515,1.0354
8795,0.0481,-0.0308,0.9780
8796,0.0220,0.0100,0.9702
8797,-0.0229,-0.0247,1.0188
8798,-0.1316,0.0393,0.9624
8799,-0.2339,0.0229,0.9602
8800,-0.2542,-0.0071,0.9946
8801,-0.2764,0.0242,0.9495
8802,-0.1870,0.1108,0.9377
8803,-0.0950,0.0669,0.9905
8804,0.0142,0.0549,0.9575
8805,0.1077,0.0056,0.9431
8806,0.1543,-0.0300,0.9846
8807,0.1638,-0.0530,0.9758
8808,0.1499,0.0093,0.9185
8809,0.1274,-0.0552,1.0015
8810,0.1570,-0.0608,0.9692
8811,0.1587,-0.0354,0.9351
8812,0.1882,-0.0159,1.0100
8813,0.2078,0.0286,0.9937
8814,0.1450,0.0374,0.9585
8815,0.0979,-0.0056,1.0066
8816,0.0620,-0.0171,0.9800
8817,0.0190,0.0129,0.9290
8818,0.0439,-0.0239,1.0015
8819,0.0078,-0.0681,0.9497
8820,0.0117,-0.0364,0.9172
8821,-0.0059,-0.1052,0.9944
8822,-0.0935,0.0154,0.9602
8823,-0.1785,0.0896,0.9719
8824,-0.1899,0.1235,1.0549
8825,-0.2542,0.1941,0.9673
8826,-0.2214,0.2161,0.9749
8827,-0.1519,0.0107,1.0286
8828,-0.0789,0.0642,0.8677
8829,-0.0278,-0.1750,0.9553
8830,0.0288,-0.1274,0.9409
8831,0.0330,-0.0889,0.8657
8832,0.0757,-0.1328,1.0112
8833,0.1643,-0.0530,0.9663
8834,0.1848,-0.0078,0.9622
8835,0.2139,0.0203,1.0376
8836,0.2029,0.1055,1.0032
8837,0.1318,0.0708,0.9866
8838,0.0190,0.0081,0.9946
8839,0.0090,-0.0378,0.9622
8840,-0.0842,-0.0583,0.9487
8841,-0.1174,0.0513,0.9214
8842,-0.1230,-0.0527,1.0012
8843,-0.1479,0.0256,0.8896
8844,-0.1648,-0.0056,0.9719
8845,-0.1409,0.0073,1.0249
8846,-0.1782,0.1011,0.9631
8847,-0.1204,0.1162,1.0278
8848,-0.0330,0.0498,1.0237
8849,0.0066,-0.0105,0.9250
8850,0.2004,-0.0674,0.9604
8851,0.2244,-0.1096,0.9690
8852,0.2581,0.0569,0.8892
8853,0.2246,-0.0208,0.9690
8854,0.1243,-0.0376,0.9414
8855,0.1096,-0.1013,0.9224
8856,0.1238,-0.0432,0.9927
8857,0.1123,0.0474,1.0073
8858,0.1689,0.0972,0.9966
8859,0.0996,-0.0088,1.0249
8860,0.0728,-0.0374,0.9924
8861,0.0303,-0.0544,0.9644
8862,-0.0601,0.0413,0.9709
8863,-0.0576,0.0042,0.9729
8864,-0.1311,-0.0208,0.9341
8865,-0.1824,-0.0261,0.9338
8866,-0.1487,0.0015,0.9702
8867,-0.1831,0.0371,0.9663
8868,-0.1743,0.1553,0.9602
8869,-0.1445,0.0815,1.0208
8870,-0.1155,0.1150,0.9595
8871,-0.0273,0.0950,0.9536
8872,-0.0393,-0.0327,1.0149
8873,0.0427,-0.0244,0.9211
8874,0.0845,-0.1106,0.9446
8875,0.0393,-0.1165,0.9724
8876,0.1379,-0.0117,0.9221
8877,0.1428,-0.0789,0.9924
8878,0.2004,-0.0137,0.9495
8879,0.2314,-0.1057,0.9897
8880,0.1746,-0.0242,0.9670
8881,0.1472,0.0759,0.9846
8882,0.0544,0.0164,1.0403
8883,-0.0615,0.0874,0.9438
8884,-0.1062,-0.0071,0.9944
8885,-0.1516,-0.0239,1.0073
8886,-0.1997,0.0593,0.9202
8887,-0.1946,0.0657,0.9995
8888,-0.2524,0.0095,1.0071
8889,-0.1865,0.1384,0.9028
8890,-0.1306,-0.0002,1.0178
8891,0.0090,0.0188,0.9573
8892,0.1162,-0.0034,0.8853
8893,0.1973,-0.0938,0.9856
8894,0.2322,-0.0837,0.9504
8895,0.2141,-0.0200,0.9143
8896,0.0996,-0.0671,1.0383
8897,0.1038,-0.0098,0.9729
8898,0.0876,-0.0190,0.9565
8899,0.1104,-0.0220,1.0288
8900,0.1687,0.0828,0.9595
8901,0.1494,0.0620,0.9644
8902,0.1443,0.0076,0.9895
8903,0.0596,-0.0496,0.9280
8904,-0.0159,-0.0908,0.9409
8905,-0.0496,-0.0461,0.9888
8906,-0.0942,0.0051,0.9495
8907,-0.1570,-0.0200,0.9839
8908,-0.1792,0.0017,0.9915
8909,-0.1995,0.0393,1.0044
8910,-0.2063,0.1321,1.0032
8911,-0.2007,0.1379,0.9827
8912,-0.1294,0.1060,0.9553
8913,-0.1042,0.0479,0.9338
8914,0.0051,0.0811,0.9172
8915,0.0588,-0.1052,0.9761
8916,0.1121,-0.0198,0.8853
8917,0.1594,-0.1699,0.9712
8918,0.1860,-0.0681,0.9751
8919,0.1648,-0.0444,0.9602
8920,0.1882,-0.0203,1.0464
8921,0.1470,0.0386,0.9966
8922,0.1370,0.0850,0.9614
8923,0.1079,-0.0544,1.0415
8924,0.0498,0.0210,0.9185
8925,0.0308,-0.0212,0.9280
8926,-0.0515,-0.0935,1.0093
8927,-0.1267,0.0886,0.9077
8928,-0.1919,-0.0261,0.9924
8929,-0.2288,-0.0186,1.0239
8930,-0.2642,0.0007,0.9377
8931,-0.2144,0.1233,1.0002
8932,-0.1416,0.0601,1.0559
8933,-0.0071,0.1450,0.9253
8934,0.0642,-0.0254,0.9712
8935,0.1880,-0.0015,0.9592
8936,0.2251,-0.0596,0.9058
8937,0.1970,-0.0098,0.9231
8938,0.1511,-0.0771,0.9661
8939,0.0981,-0.1047,0.9468
8940,0.0701,-0.0017,0.9468
8941,0.0874,-0.0281,1.0374
8942,0.1567,0.0432,1.0044
8943,0.1599,0.0508,0.9573
8944,0.1738,0.0027,1.0139
8945,0.1533,-0.0513,0.9878
8946,0.0586,0.0925,0.8999
8947,-0.0276,-0.0620,1.0391
8948,-0.1008,-0.0479,0.9534
8949,-0.1794,-0.0149,0.8801
8950,-0.1960,-0.1016,1.0413
8951,-0.2112,-0.0229,0.9419
8952,-0.2405,0.0732,0.9360
8953,-0.2053,0.0508,1.0747
8954,-0.1897,0.1455,0.9807
8955,-0.1570,0.1470,0.9172
8956,-0.0393,0.0388,1.0396
8957,0.0161,0.0547,0.9214
8958,0.1143,0.0359,0.9006
8959,0.1628,-0.1050,1.0305
8960,0.1877,-0.0659,0.8872
8961,0.1448,-0.1055,0.9409
8962,0.1467,-0.1072,1.0259
8963,0.1626,0.0007,0.9204
8964,0.1289,-0.0330,0.9966
8965,0.1841,0.0581,1.0032
8966,0.1543,0.0337,0.9680
8967,0.1404,0.0464,0.9700
8968,0.0938,0.0210,1.0071
8969,-0.0439,0.0254,0.9631
8970,-0.1438,0.0383,0.9651
8971,-0.2131,-0.0305,1.0083
8972,-0.2874,-0.0496,0.9614
8973,-0.2769,0.0159,0.9282
8974,-0.2114,-0.0247,1.0286
8975,-0.1458,0.0420,0.9331
8976,-0.0496,0.0862,0.9351
8977,0.0261,-0.0342,1.0100
8978,0.0942,0.0317,0.8999
8979,0.1228,-0.0303,0.9563
8980,0.1790,-0.0076,0.9946
8981,0.1824,0.0156,0.9504
8982,0.1855,0.0093,0.9956
8983,0.1765,-0.0305,1.0042
8984,0.1694,-0.0212,0.9575
8985,0.1638,-0.0371,0.9797
8986,0.1101,-0.0002,0.9866
8987,0.0847,0.0522,0.9309
8988,0.0159,-0.0676,0.9612
8989,-0.0171,-0.0251,0.9321
8990,-0.0107,-0.0913,0.9409
8991,-0.0027,0.0044,0.9807
8992,-0.0532,-0.0007,1.0056
8993,-0.1069,0.0999,0.9956
8994,-0.2278,0.0107,1.0210
8995,-0.2786,0.0593,1.0034
8996,-0.3225,0.0254,0.9790
8997,-0.2371,0.0940,0.9653
8998,-0.1060,0.0356,0.9858
8999,-0.0198,0.0759,0.8762
9000,0.0708,0.0251,0.9233
9001,0.1143,-0.1057,0.9583
9002,0.1323,0.0278,0.8560
9003,0.1265,-0.0925,1.0334
9004,0.2131,-0.0129,0.9800
9005,0.2024,-0.0288,0.9485
9006,0.2568,-0.0398,1.0442
9007,0.2515,-0.0444,1.0112
9008,0.2266,0.0347,0.9360
9009,0.1296,-0.0110,1.0356
9010,0.0112,0.0103,0.9436
9011,-0.0969,0.0176,0.8999
9012,-0.1392,-0.0366,1.0129
9013,-0.1616,0.0286,0.9338
9014,-0.1609,0.0630,0.9507
9015,-0.1458,-0.0144,1.0278
9016,-0.1794,0.0315,0.9583
9017,-0.2173,0.0503,0.9846
9018,-0.1724,0.0515,1.0500
9019,-0.1313,0.0476,0.9573
9020,-0.0273,-0.0110,0.9495
9021,0.0471,-0.0396,0.9448
9022,0.1416,-0.0481,0.9194
9023,0.2144,-0.0420,0.9575
9024,0.2070,0.0088,0.9285
9025,0.1958,-0.0662,0.9736
9026,0.1941,-0.0396,0.9729
9027,0.1233,0.0193,0.9680
9028,0.1284,0.0378,1.0239
9029,0.1248,0.0156,0.9983
9030,0.0764,0.0518,0.9456
9031,0.0654,-0.0522,1.0227
9032,0.0549,-0.0125,0.9575
9033,0.0149,0.0193,0.9172
9034,-0.0503,-0.0737,1.0120
9035,-0.1040,-0.0027,0.9143
9036,-0.1768,-0.0242,0.9260
9037,-0.2095,-0.0222,1.0315
9038,-0.2393,0.0425,0.9575
9039,-0.2246,0.0703,0.9749
9040,-0.1814,0.0203,1.0334
9041,-0.1011,0.0613,0.9583
9042,-0.0596,0.0381,0.9634
9043,0.0537,0.1016,0.9849
9044,0.0593,0.0212,0.9739
9045,0.1296,0.0728,0.9016
9046,0.1255,-0.0923,0.9800
9047,0.1372,-0.1130,0.9487
9048,0.1868,-0.0293,0.8999
9049,0.1587,-0.1047,1.0132
9050,0.1899,-0.0457,0.9604
9051,0.2249,-0.0051,0.9409
9052,0.1899,-0.0312,1.0366
9053,0.1929,0.0422,0.9653
9054,0.1233,0.0469,0.9526
9055,0.0020,0.0425,1.0227
9056,-0.0696,0.0955,0.9722
9057,-0.2427,-0.0071,0.9827
9058,-0.3071,0.0635,0.9797
9059,-0.3811,-0.0596,0.9907
9060,-0.3762,0.0840,0.9312
9061,-0.2925,-0.0295,0.9954
9062,-0.1472,0.0020,0.9580
9063,-0.0186,-0.0081,0.9104
9064,0.1714,-0.0210,0.9751
9065,0.2581,-0.0464,0.9514
9066,0.3186,0.0281,0.9038
9067,0.3120,-0.0586,1.0220
9068,0.2576,-0.0420,0.9797
9069,0.1721,0.0322,0.9526
9070,0.1375,-0.0227,1.0452
9071,0.0669,0.0110,0.9749
9072,0.0696,0.0725,0.9211
9073,0.0391,-0.0347,1.0405
9074,0.0327,0.0244,0.9084
9075,0.0205,0.0215,0.9026
9076,-0.0352,-0.0732,1.0220
9077,-0.0554,-0.0017,0.9050
9078,-0.0925,-0.0181,0.9731
9079,-0.1667,-0.0559,1.0649
9080,-0.2227,0.0496,0.9536
9081,-0.2688,0.0210,1.0073
9082,-0.2827,-0.0405,1.0374
9083,-0.2053,0.0171,0.9380
9084,-0.1511,-0.0154,0.9504
9085,0.0332,0.1267,0.9644
9086,0.0842,0.0645,0.9182
9087,0.1274,0.1938,0.8860
9088,0.1428,-0.0425,1.0139
9089,0.1841,-0.0249,0.9136
9090,0.1687,-0.0764,0.9514
9091,0.1860,-0.1062,1.0649
9092,0.1833,-0.0100,0.9631
9093,0.1587,0.0132,0.9878
9094,0.1409,-0.0686,1.0520
9095,0.1331,-0.0134,0.9143
9096,0.1423,0.0405,0.9417
9097,0.0681,0.0139,1.0112
9098,-0.0129,0.1353,0.8782
9099,-0.1045,0.0352,0.9583
9100,-0.1946,-0.0361,1.0159
9101,-0.2661,-0.0203,0.9280
9102,-0.2759,0.0186,1.0090
9103,-0.2700,-0.0083,1.0657
9104,-0.2261,0.1069,0.9221
9105,-0.1294,-0.0540,1.0237
9106,-0.0222,-0.0251,0.9788
9107,0.0981,-0.0227,0.8638
9108,0.1973,-0.0400,0.9758
9109,0.2551,-0.0303,0.9221
9110,0.2559,0.0164,0.8909
9111,0.2380,-0.0808,1.0295
9112,0.2390,0.0220,0.9592
9113,0.1711,0.0088,0.9827
9114,0.1960,0.0522,1.0481
9115,0.1467,0.0525,0.9858
9116,0.0623,0.0637,0.9729
9117,0.0461,-0.0112,1.0093
9118,-0.0247,0.0039,0.9124
9119,-0.0876,-0.0476,0.9202
9120,-0.0850,-0.0630,0.9946
9121,-0.1372,-0.0330,0.9153
9122,-0.2222,-0.0295,0.9709
9123,-0.2690,-0.0500,1.0110
9124,-0.3137,0.0537,0.9543
9125,-0.3098,0.0720,1.0122
9126,-0.2241,0.0623,1.0334
9127,-0.1013,0.0454,0.9429
9128,-0.0061,0.0244,0.9543
9129,0.0825,-0.0088,0.9612
9130,0.1592,0.0149,0.8989
9131,0.1926,-0.0044,0.9475
9132,0.1770,-0.0530,0.9761
9133,0.2021,-0.0535,0.9399
9134,0.1995,-0.0850,0.9888
9135,0.2019,0.0288,0.9915
9136,0.1504,0.0059,1.0210
9137,0.1326,0.0630,0.9788
9138,0.1299,0.0083,0.9739
9139,0.0671,-0.0310,0.9768
9140,0.0925,0.0652,0.9292
9141,0.0098,0.0212,0.9810
9142,-0.0845,0.0413,0.9348
9143,-0.1748,-0.0320,0.9673
9144,-0.2834,-0.0337,0.9624
9145,-0.3237,-0.0063,0.9875
9146,-0.2385,0.0259,1.0103
9147,-0.2107,0.0115,0.9917
9148,-0.0439,0.0569,0.9553
9149,0.0647,-0.0500,0.9915
9150,0.1309,0.0146,0.9104
9151,0.1846,-0.0618,0.9653
9152,0.1606,-0.0720,0.9360
9153,0.1443,-0.0032,0.9309
9154,0.1243,-0.0801,1.0288
9155,0.1487,0.0940,0.9446
9156,0.1882,0.0271,1.0103
9157,0.2222,0.0383,1.0042
9158,0.2461,0.0981,0.9380
9159,0.2200,-0.0193,1.0090
9160,0.1189,-0.0115,0.9243
9161,0.0576,-0.0342,0.9163
9162,-0.0581,-0.0713,0.9758
9163,-0.0996,-0.0115,0.9390
9164,-0.1160,-0.0662,0.9788
9165,-0.2070,0.0242,1.0012
9166,-0.2844,0.0503,1.0068
9167,-0.3530,0.0364,1.0247
9168,-0.3918,0.0469,0.9966
9169,-0.3232,0.0334,0.9937
9170,-0.2004,0.0381,0.9595
9171,-0.0664,0.0591,0.9126
9172,0.0652,-0.0374,0.9329
9173,0.1460,-0.0117,0.9077
9174,0.2139,-0.0295,0.9368
9175,0.2449,-0.0127,0.9768
9176,0.2036,-0.0303,0.9800
9177,0.1772,-0.0332,0.9741
9178,0.1875,-0.0491,1.0032
9179,0.1460,0.0051,0.9780
9180,0.1787,0.0681,0.9878
9181,0.1621,-0.0078,1.0090
9182,0.1001,0.0503,0.9263
9183,0.0249,-0.0178,0.9663
9184,-0.0496,0.0020,0.9614
9185,-0.1233,-0.0002,0.9370
9186,-0.1724,0.0139,0.9983
9187,-0.2544,0.0271,0.9924
9188,-0.1816,0.0503,0.9878
9189,-0.2041,-0.0261,1.0071
9190,-0.1443,0.0452,0.9517
9191,-0.0552,-0.0203,0.9917
9192,0.0051,0.0339,0.9331
9193,0.0730,-0.0239,0.9473
9194,0.1565,-0.1106,0.9504
9195,0.2124,-0.0195,0.9067
9196,0.2271,-0.0635,0.9915
9197,0.2395,0.0215,0.9719
9198,0.2261,0.0271,0.9634
9199,0.2026,0.0259,1.0454
9200,0.1494,0.0535,0.9917
9201,0.1704,0.0884,0.9839
9202,0.1138,-0.0464,0.9907
9203,0.0615,0.0156,0.8804
9204,0.0098,-0.0776,0.9575
9205,-0.0559,0.0012,0.9370
9206,-0.1194,-0.0317,0.9331
9207,-0.1980,-0.0569,0.9861
9208,-0.2542,0.0251,0.9634
9209,-0.2832,0.0552,1.0249
9210,-0.3323,0.0786,1.0327
9211,-0.3071,0.1023,0.9983
9212,-0.2661,-0.0645,1.0159
9213,-0.1536,0.0581,0.9319
9214,-0.0740,-0.0554,0.9866
9215,0.0271,0.0488,0.9446
9216,0.1384,0.0168,0.8833
9217,0.2302,-0.0618,0.9583
9218,0.2729,-0.0972,0.9097
9219,0.3345,-0.0237,0.9214
9220,0.2749,-0.0776,1.0493
9221,0.2036,0.0591,0.9458
9222,0.1370,0.0505,0.9915
9223,0.0017,-0.0474,1.0881
9224,-0.0042,0.1509,0.9231
9225,-0.0376,-0.0129,1.0500
9226,-0.0154,0.0662,0.9651
9227,-0.0120,0.0315,0.8804
9228,-0.0566,-0.0664,1.0103
9229,-0.0615,0.0305,0.9143
9230,-0.1265,-0.0247,0.9302
9231,-0.1685,-0.0542,1.0042
9232,-0.1509,-0.0059,0.9312
9233,-0.1199,-0.0352,0.9927
9234,-0.0488,0.0032,1.0208
9235,-0.0083,0.0195,0.9661
9236,0.0557,0.0261,0.9771
9237,0.1057,0.0073,0.9922
9238,0.1292,0.0071,0.9312
9239,0.1853,0.0068,0.9729
9240,0.2253,-0.0029,0.9646
9241,0.2371,0.0142,0.9368
9242,0.2739,-0.0364,0.9771
9243,0.2417,0.0029,0.9751
9244,0.2019,0.0183,0.9602
9245,0.1882,0.0054,1.0090
9246,0.0701,-0.0261,0.9497
9247,0.0110,-0.0056,0.9270
9248,-0.0537,-0.0637,1.0142
9249,-0.1570,0.0200,0.9312
9250,-0.2488,0.0342,0.9612
9251,-0.2957,-0.0254,1.0435
9252,-0.3765,0.0947,0.9253
9253,-0.3752,0.0342,1.0122
9254,-0.3457,-0.0046,1.0500
9255,-0.2471,0.0913,0.8977
9256,-0.1782,-0.0588,1.0178
9257,-0.0576,-0.0247,0.9700
9258,0.0554,0.0120,0.8645
9259,0.1384,-0.0332,1.0032
9260,0.1726,-0.0562,0.9680
9261,0.2668,0.0806,0.8625
9262,0.2708,-0.0627,1.0396
9263,0.2703,0.0146,0.9563
9264,0.2615,0.0071,0.9202
9265,0.2307,-0.0491,1.0591
9266,0.1663,0.0039,0.9700
9267,0.0476,0.0012,0.9338
9268,0.0039,0.0125,1.0413
9269,-0.0742,0.0078,0.9663
9270,-0.0828,0.0779,0.9243
9271,-0.1016,-0.0376,1.0444
9272,-0.0715,0.0432,0.9146
9273,-0.1519,0.0308,0.9553
9274,-0.1604,0.0391,1.0190
9275,-0.1865,0.0227,0.9438
9276,-0.1499,0.0166,0.9368
9277,-0.0623,-0.0942,1.0168
9278,0.0598,-0.0137,0.9097
9279,0.1892,-0.0186,0.9651
9280,0.2446,-0.0601,1.0229
9281,0.2412,-0.0056,0.8999
9282,0.1555,-0.0754,0.9858
9283,0.1460,-0.0056,1.0303
9284,0.0789,0.0620,0.9480
9285,0.1140,0.1487,1.0090
9286,0.1245,-0.0210,1.0259
9287,0.1597,0.0684,0.8716
9288,0.1235,-0.1548,0.9868
9289,0.1443,-0.0334,0.9390
9290,0.0552,0.0342,0.8926
9291,-0.0183,0.0344,1.0225
9292,-0.0613,0.0200,0.9771
9293,-0.1902,0.0398,0.9233
9294,-0.2729,-0.0393,1.0579
9295,-0.3430,0.0420,0.9976
9296,-0.4189,0.0972,0.9573
9297,-0.4331,-0.0105,1.0598
9298,-0.3472,-0.0339,0.9407
9299,-0.2791,-0.0259,0.9224
9300,-0.0706,-0.0098,0.9663
9301,0.0403,-0.0554,0.9316
9302,0.1692,0.0300,0.8840
9303,0.2644,-0.0510,1.0129
9304,0.3110,0.0164,0.9468
9305,0.3533,0.0015,0.9885
9306,0.3044,0.0049,1.0178
9307,0.2661,0.0398,0.9673
9308,0.2312,-0.0073,0.9954
9309,0.1252,0.0361,0.9751
9310,0.0396,0.0198,0.9709
9311,-0.0215,-0.0095,0.9290
9312,-0.1169,-0.0486,0.9514
9313,-0.0679,0.0046,0.9224
9314,-0.1016,-0.0005,0.9810
9315,-0.0669,0.0405,0.9983
9316,-0.0669,0.0215,0.9895
9317,-0.1155,0.0232,1.0132
9318,-0.1160,0.0022,1.0088
9319,-0.1106,0.0273,0.9751
9320,-0.0835,0.0247,0.9790
9321,0.0073,-0.0398,0.9573
9322,0.0847,-0.0520,0.8989
9323,0.1384,-0.1018,0.9182
9324,0.1621,-0.0344,0.9321
9325,0.1489,0.0037,0.9204
9326,0.1482,0.0046,1.0071
9327,0.1584,0.0457,0.9907
9328,0.1538,0.0703,0.9985
9329,0.1621,0.0244,1.0415
9330,0.1638,0.0320,0.9895
9331,0.1255,0.0063,0.9800
9332,0.1116,-0.0139,1.0012
9333,0.0146,-0.0325,0.9243
9334,-0.0396,0.0002,0.9075
9335,-0.1265,-0.0933,0.9563
9336,-0.1746,0.0220,0.8840
9337,-0.2278,0.0129,0.9739
9338,-0.2737,0.0835,1.0103
9339,-0.3115,0.0647,0.9739
9340,-0.3413,-0.0027,1.0383
9341,-0.3108,-0.0142,1.0181
9342,-0.2085,0.0200,0.9839
9343,-0.1409,0.0005,1.0093
9344,-0.0115,0.0291,0.9495
9345,0.1396,-0.0679,0.9458
9346,0.2280,-0.0557,0.9409
9347,0.3403,-0.0149,0.9067
9348,0.3511,-0.0242,0.9546
9349,0.2632,0.0378,0.9302
9350,0.2151,0.0247,0.9556
9351,0.1172,-0.0339,0.9983
9352,0.0627,-0.0107,0.9739
9353,0.0198,-0.0220,1.0005
9354,-0.0029,0.0547,0.9888
9355,-0.0515,0.0354,1.0051
9356,-0.0376,0.0559,0.9771
9357,-0.0742,-0.0085,0.9885
9358,-0.0491,-0.0112,0.9771
9359,-0.0789,0.0203,0.9360
9360,-0.0706,0.0220,0.9758
9361,-0.0842,-0.0349,0.9846
9362,-0.0476,0.0615,0.8909
9363,-0.0178,-0.0999,1.0295
9364,0.0166,-0.0227,0.9321
9365,0.0566,0.0251,0.9133
9366,0.0674,-0.0498,1.0481
9367,0.0918,0.0808,0.9250
9368,0.0815,-0.0098,0.9712
9369,0.1401,-0.0132,1.0308
9370,0.1819,0.0320,0.9380
9371,0.2021,0.0217,1.0051
9372,0.2329,-0.0068,1.0093
9373,0.2043,0.0220,0.9087
9374,0.1497,-0.0784,0.9927
9375,0.1301,-0.0193,0.9370
9376,0.0605,-0.0090,0.9163
9377,-0.0410,0.0083,1.0042
9378,-0.0918,0.0779,0.9429
9379,-0.2170,0.0142,0.9722
9380,-0.3164,0.0178,0.9937
9381,-0.3708,0.0601,0.9543
9382,-0.4019,0.0063,1.0247
9383,-0.3735,0.0100,1.0022
9384,-0.3416,-0.0198,0.9504
9385,-0.2292,-0.0596,0.9927
9386,-0.0886,-0.0320,0.9497
9387,0.0266,-0.0024,0.9341
9388,0.1653,-0.0435,0.9885
9389,0.2993,0.0129,0.9263
9390,0.3647,0.0127,0.9409
9391,0.3743,0.0205,0.9780
9392,0.3057,0.0479,0.9536
9393,0.2683,-0.0095,0.9641
9394,0.1636,-0.0173,0.9976
9395,0.0535,-0.0095,0.9719
9396,0.0081,0.0220,0.9768
9397,-0.0696,-0.0291,1.0044
9398,-0.0933,0.0261,0.9595
9399,-0.0825,-0.0166,0.9758
9400,-0.0906,0.0205,0.9907
9401,-0.0994,0.0449,0.9604
9402,-0.1348,0.0610,0.9788
9403,-0.1780,0.0312,0.9829
9404,-0.1453,-0.0037,0.9702
9405,-0.1079,-0.0466,0.9543
9406,-0.0083,-0.0208,0.9534
9407,0.0542,-0.1130,0.9573
9408,0.1099,0.0334,0.9233
9409,0.1392,-0.0581,0.9829
9410,0.1602,0.0481,0.9729
9411,0.1284,-0.0156,0.9634
9412,0.1667,0.0906,0.9788
9413,0.1882,-0.0332,1.0286
9414,0.2703,0.0798,0.9397
9415,0.2571,-0.0366,1.0024
9416,0.2268,-0.0361,1.0044
9417,0.1824,0.0352,0.8918
9418,0.0593,-0.0579,1.0081
9419,-0.0132,-0.0386,0.9370
9420,-0.0801,0.0593,0.9006
9421,-0.1406,-0.0222,1.0383
9422,-0.1499,0.1030,0.9260
9423,-0.2363,0.0342,0.9536
9424,-0.3296,-0.0261,1.0735
9425,-0.3782,0.0769,0.9312
9426,-0.4705,-0.0132,1.0317
9427,-0.3831,-0.0100,1.0249
9428,-0.2854,-0.0054,0.9028
9429,-0.0991,-0.0449,0.9797
9430,0.1245,-0.0208,0.9702
9431,0.2988,0.0166,0.8853
9432,0.3972,0.0002,0.9817
9433,0.3865,-0.0190,0.9309
9434,0.2954,0.0315,0.9360
9435,0.1946,-0.0242,0.9749
9436,0.1313,0.0151,0.9800
9437,0.0828,-0.1094,0.9976
9438,0.0505,0.0952,0.9631
9439,-0.0554,-0.0393,1.0559
9440,-0.0610,0.0710,0.9575
9441,-0.1418,0.0068,0.9495
9442,-0.0913,-0.0183,1.0151
9443,-0.0535,0.0410,0.9478
9444,0.0061,0.0808,0.9321
9445,-0.0056,-0.0225,1.0288
9446,-0.0430,-0.0083,0.9158
9447,-0.0935,-0.0332,0.9534
9448,-0.1194,-0.0649,1.0217
9449,-0.1340,0.0083,0.9329
9450,-0.0698,0.0110,0.9768
9451,0.0779,-0.0132,0.9839
9452,0.1462,-0.0142,0.9319
9453,0.2625,0.0352,0.9583
9454,0.2646,0.0117,0.9995
9455,0.2744,0.0796,0.9377
9456,0.1765,-0.0410,1.0032
9457,0.1421,0.0422,0.9749
9458,0.1008,-0.0737,1.0022
9459,0.1560,0.0452,0.9670
9460,0.1431,-0.0791,0.9800
9461,0.1628,0.0190,0.9272
9462,0.1082,-0.0486,0.9641
9463,-0.0107,0.0693,0.9263
9464,-0.1294,0.0088,0.9729
9465,-0.2642,0.0103,0.9622
9466,-0.3403,0.0525,0.9407
9467,-0.4153,0.0093,1.0386
9468,-0.3682,0.0669,0.9807
9469,-0.3079,-0.0054,1.0161
9470,-0.1938,-0.0684,1.0295
9471,-0.1489,0.0088,0.9475
9472,-0.0708,-0.0066,0.9653
9473,-0.0288,0.0037,0.9565
9474,0.0618,0.0334,0.8801
9475,0.1765,-0.0227,0.9641
9476,0.2937,-0.0083,0.9241
9477,0.3494,0.0032,0.9192
9478,0.3647,-0.0498,0.9849
9479,0.2710,0.0034,0.9673
9480,0.1763,-0.0127,0.9761
9481,0.0437,-0.0447,1.0591
9482,-0.0420,0.0073,0.9758
9483,-0.0417,0.0483,1.0002
9484,-0.0771,-0.0073,1.0181
9485,-0.0840,0.0957,0.9272
9486,-0.1216,-0.0208,0.9836
9487,-0.1843,0.0361,0.9565
9488,-0.2639,-0.0164,0.9370
9489,-0.2412,0.0352,0.9631
9490,-0.1843,-0.0354,0.9895
9491,-0.0371,0.0312,0.9312
9492,0.0898,-0.0764,0.9780
9493,0.1885,-0.0154,0.9612
9494,0.1865,-0.0254,0.9497
9495,0.1833,0.0254,1.0032
9496,0.1843,-0.0056,0.9758
9497,0.1680,0.0076,0.9719
9498,0.2021,0.0137,0.9746
9499,0.2363,0.0078,0.9788
9500,0.2607,0.0327,0.9612
9501,0.2202,-0.0212,0.9731
9502,0.1865,-0.0415,0.9309
9503,0.1187,-0.1414,0.9526
9504,0.0991,-0.0437,0.9204
9505,-0.0066,-0.0007,0.9829
9506,-0.0229,0.1121,1.0024
9507,-0.0867,0.1062,1.0024
9508,-0.1870,0.1086,0.9797
9509,-0.2654,0.0337,1.0122
9510,-0.3706,0.0305,0.9924
9511,-0.4475,0.0239,0.9575
9512,-0.4321,-0.0208,0.9856
9513,-0.3801,-0.0986,0.9438
9514,-0.2444,0.0327,0.8979
9515,-0.0593,-0.0994,1.0022
9516,0.0823,-0.0164,0.9368
9517,0.2527,-0.0039,0.9094
9518,0.3252,-0.0354,1.0493
9519,0.2964,0.0508,0.9399
9520,0.2979,0.1062,0.9810
9521,0.1489,-0.0752,1.0757
9522,0.1067,0.1047,0.8928
9523,0.0508,-0.0657,1.0051
9524,0.0081,0.0310,1.0034
9525,0.0237,0.0947,0.8862
9526,-0.0012,-0.0671,0.9827
9527,-0.0249,-0.0566,0.9355
9528,-0.0471,-0.0298,0.8818
9529,-0.0835,-0.0251,1.0364
9530,-0.1521,0.0161,1.0110
9531,-0.1946,0.0627,0.9614
9532,-0.1763,-0.0481,1.0852
9533,-0.0896,0.0125,0.9836
9534,0.0171,0.0142,0.9641
9535,0.1277,0.0156,1.0168
9536,0.1514,0.0386,0.9067
9537,0.1438,0.0149,0.9028
9538,0.1433,-0.0388,0.9534
9539,0.1101,-0.0168,0.8879
9540,0.1799,-0.0176,0.9380
9541,0.2595,-0.0188,1.0071
9542,0.3193,0.0569,0.9478
9543,0.3125,-0.0007,1.0432
9544,0.2271,0.0020,1.0308
9545,0.1167,0.0442,0.9927
9546,0.0273,-0.0081,1.0129
9547,-0.0483,0.0044,0.9641
9548,-0.0254,-0.0161,0.9321
9549,-0.0134,-0.0215,0.9243
9550,-0.0188,-0.0232,0.9390
9551,-0.1223,-0.0085,0.9165
9552,-0.2659,0.0681,0.9429
9553,-0.4436,-0.0437,1.0347
9554,-0.5034,0.0835,0.9534
9555,-0.5039,0.0020,1.0442
9556,-0.3420,0.0149,1.0356
9557,-0.1440,0.0659,0.9475
9558,0.0408,-0.0059,1.0110
9559,0.1943,-0.0354,0.9790
9560,0.2642,0.0044,0.8687
9561,0.2510,-0.0862,0.9836
9562,0.2209,0.0051,0.9309
9563,0.1628,0.0479,0.8665
9564,0.1165,-0.1067,1.0032
9565,0.1494,-0.1013,0.9309
9566,0.1187,-0.0513,0.9419
9567,0.0974,0.0317,1.0686
9568,0.0386,0.0659,1.0208
9569,-0.0247,0.1172,0.9692
9570,-0.1160,0.0120,1.0598
9571,-0.1072,0.0708,0.9905
9572,-0.1460,0.0679,0.9426
9573,-0.1196,0.0569,0.9885
9574,-0.1187,-0.0737,0.9702
9575,-0.0525,0.0054,0.8667
9576,0.0061,-0.1345,0.9917
9577,0.0283,-0.0830,0.9360
9578,0.0400,0.0056,0.8716
9579,0.0508,-0.0161,1.0132
9580,0.0452,-0.0071,0.9719
9581,0.1125,0.0686,0.9377
9582,0.1985,-0.0239,1.0737
9583,0.2654,0.0579,0.9875
9584,0.3491,0.1169,0.9585
9585,0.3003,-0.0061,1.0552
9586,0.2612,0.0322,0.9204
9587,0.2087,-0.0586,0.9504
9588,0.0789,-0.0754,0.9973
9589,0.0325,0.0200,0.8616
9590,0.0005,-0.0713,0.9546
9591,-0.0669,-0.0400,0.9387
9592,-0.0564,0.0149,0.9312
9593,-0.1396,-0.0349,1.0239
9594,-0.2661,0.0925,0.9846
9595,-0.3694,0.0337,1.0210
9596,-0.4653,0.0540,1.0393
9597,-0.4585,0.0615,1.0061
9598,-0.3196,0.0212,1.0210
9599,-0.1819,0.0486,0.9585
9600,-0.0195,-0.0002,0.9319
9601,0.0825,-0.0728,0.9360
9602,0.1660,-0.0176,0.8931
9603,0.1812,-0.0212,0.9290
9604,0.2097,-0.0183,0.9495
9605,0.2371,0.0168,0.9241
9606,0.2004,-0.0256,0.9771
9607,0.2339,0.0137,0.9907
9608,0.1689,-0.0464,0.9932
9609,0.1011,0.0376,1.0024
9610,0.0017,-0.0698,1.0217
9611,-0.0957,0.0222,0.9866
9612,-0.1448,-0.0422,0.9944
9613,-0.1587,0.0747,0.9504
9614,-0.1545,-0.0344,0.9761
9615,-0.0923,0.0566,0.9397
9616,-0.0830,0.0066,0.9368
9617,-0.0420,0.0364,0.9827
9618,-0.0178,0.0413,0.9211
9619,-0.0144,0.0000,0.9768
9620,0.0723,-0.0352,0.9751
9621,0.0762,-0.0017,0.9497
9622,0.0789,-0.0286,1.0032
9623,0.1296,0.0439,0.9741
9624,0.1042,-0.0281,0.9670
9625,0.1252,-0.0327,1.0042
9626,0.2288,-0.0137,0.9436
9627,0.2534,0.0125,0.9780
9628,0.2869,0.0132,0.9690
9629,0.2683,0.0315,0.9524
9630,0.1748,-0.0525,0.9729
9631,0.1450,0.0090,0.9622
9632,0.0430,-0.0159,0.9575
9633,0.0059,0.0486,0.9722
9634,-0.0356,-0.0327,0.9741
9635,-0.0845,0.0005,0.9790
9636,-0.2097,-0.0122,0.9839
9637,-0.3088,0.0479,0.9690
9638,-0.4407,-0.0332,1.0024
9639,-0.4468,0.0608,0.9543
9640,-0.3960,0.0264,0.9924
9641,-0.2319,0.0581,0.9905
9642,-0.0803,0.0623,0.9631
9643,0.0542,0.0430,0.9377
9644,0.1279,-0.0413,0.9741
9645,0.1516,-0.0618,0.9290
9646,0.1638,0.0122,0.9329
9647,0.1577,-0.0496,1.0022
9648,0.1924,0.0317,0.9204
9649,0.1809,-0.0576,0.9595
9650,0.2095,-0.0444,0.9683
9651,0.1521,-0.0208,0.9595
9652,0.0615,-0.0039,1.0012
9653,-0.0193,0.0071,1.0051
9654,-0.1194,-0.0320,0.9800
9655,-0.1868,-0.0449,1.0100
9656,-0.1428,0.0298,0.9829
9657,-0.1182,0.0305,0.9778
9658,-0.0586,0.0515,0.9856
9659,-0.0168,0.0493,0.9456
9660,0.0330,0.0391,0.9719
9661,0.0559,-0.0098,0.9700
9662,0.0212,0.0789,0.9126
9663,0.0085,-0.0229,0.9663
9664,0.0391,-0.0339,0.9465
9665,0.0649,-0.0520,0.9329
9666,0.1140,-0.0642,1.0024
9667,0.1543,0.0234,0.9749
9668,0.1899,0.0181,0.9849
9669,0.1909,0.0298,0.9985
9670,0.1892,-0.0100,0.9827
9671,0.1777,0.0056,0.9758
9672,0.1814,0.0229,0.9602
9673,0.1633,-0.0273,0.9624
9674,0.0752,-0.0271,0.9358
9675,0.0605,-0.0164,0.9517
9676,0.0269,-0.0471,0.9771
9677,-0.0459,0.0093,0.9458
9678,-0.1077,-0.0139,0.9868
9679,-0.1646,0.0278,0.9885
9680,-0.3120,0.0098,0.9700
9681,-0.3655,0.0393,0.9927
9682,-0.3901,0.0002,1.0110
9683,-0.3882,0.0999,0.9583
9684,-0.2615,0.0920,0.9907
9685,-0.1338,0.0400,0.9758
9686,0.0286,0.0300,0.9158
9687,0.1550,-0.0532,0.9631
9688,0.2786,-0.0225,0.9377
9689,0.3169,-0.0137,0.9341
9690,0.3052,-0.0198,0.9604
9691,0.2202,-0.0354,0.9729
9692,0.2078,-0.0166,0.9280
9693,0.1606,-0.0681,1.0122
9694,0.1184,-0.0100,0.9741
9695,0.0439,0.0344,0.9924
9696,-0.0769,0.0100,1.0259
9697,-0.2136,0.0476,0.9807
9698,-0.3000,-0.0149,0.9846
9699,-0.2651,-0.0417,0.9875
9700,-0.2126,-0.0391,0.9485
9701,-0.0679,0.0088,0.9517
9702,-0.0046,0.0205,0.9885
9703,0.0562,0.0876,0.9380
9704,0.0449,0.0093,0.9800
9705,0.0642,0.0520,0.9602
9706,0.0417,0.0076,0.9543
9707,0.1035,0.0503,0.9653
9708,0.1191,-0.0103,0.9614
9709,0.1516,-0.0198,0.9399
9710,0.1738,-0.1189,0.9604
9711,0.1804,-0.0771,0.9602
9712,0.1277,-0.0315,0.9963
9713,0.1362,0.0530,0.9817
9714,0.1118,-0.0068,1.0269
9715,0.0891,0.0190,0.9583
9716,0.1050,0.0549,0.9856
9717,0.1418,-0.0347,1.0149
9718,0.1138,0.0933,0.9097
9719,0.0295,-0.0449,0.9722
9720,-0.0374,-0.0361,0.9700
9721,-0.1580,-0.0156,0.8979
9722,-0.2405,-0.0186,0.9875
9723,-0.3167,-0.0010,0.9712
9724,-0.3071,0.0400,0.9299
9725,-0.2883,0.0242,1.0415
9726,-0.1982,0.0593,1.0083
9727,-0.1304,0.0984,0.9556
9728,-0.0652,0.0361,1.0354
9729,-0.0088,0.0496,0.9712
9730,0.0674,0.0371,0.9202
9731,0.1260,-0.0852,1.0024
9732,0.2434,-0.0374,0.9104
9733,0.2598,-0.0137,0.8853
9734,0.2664,-0.0449,0.9719
9735,0.2561,-0.0454,0.9045
9736,0.1760,-0.0151,0.9143
9737,0.1245,-0.0696,1.0540
9738,0.0481,0.0400,0.9739
9739,-0.0830,0.0452,0.9868
9740,-0.1550,-0.0408,1.0942
9741,-0.2332,-0.0164,0.9612
9742,-0.2258,-0.0149,0.9888
9743,-0.1938,-0.0603,1.0461
9744,-0.1484,0.0972,0.9045
9745,-0.0649,0.0444,0.9761
9746,-0.0002,0.0322,0.9739
9747,0.0576,0.0464,0.8821
9748,0.1187,0.0369,0.9497
9749,0.1614,0.0156,0.9624
9750,0.1187,-0.0037,0.9336
9751,0.1506,-0.0417,0.9546
9752,0.0818,-0.0789,1.0208
9753,0.0962,-0.0015,0.9390
9754,0.0818,-0.0056,1.0071
9755,0.1062,-0.0247,1.0217
9756,0.1204,0.0205,0.9543
9757,0.0845,-0.0039,0.9780
9758,0.0847,0.0056,1.0063
9759,0.0994,0.0342,0.9165
9760,0.0769,0.0015,0.9700
9761,0.0435,-0.0742,0.9810
9762,0.0637,-0.0256,0.8987
9763,-0.0005,-0.0947,0.9897
9764,0.0002,0.0122,0.9622
9765,-0.1035,-0.0398,0.9749
9766,-0.1240,0.1082,0.9907
9767,-0.2314,0.0620,1.0198
9768,-0.3137,0.1531,0.9858
9769,-0.2856,0.1462,0.9846
9770,-0.2837,0.0632,1.0081
9771,-0.1548,0.0298,0.9417
9772,-0.0466,-0.0828,0.9329
9773,0.0945,-0.0671,0.9370
9774,0.2017,-0.0864,0.9360
9775,0.2886,-0.0305,0.9175
9776,0.2603,-0.1135,0.9810
9777,0.2683,-0.0256,0.9329
9778,0.1841,-0.0288,0.9731
9779,0.1104,0.0127,1.0090
9780,0.0535,0.0276,0.9927
9781,-0.0115,0.0513,0.9927
9782,-0.0864,0.0098,1.0159
9783,-0.1099,0.0366,0.9670
9784,-0.1406,-0.0159,0.9592
9785,-0.2183,-0.0090,0.9827
9786,-0.1995,-0.0020,0.9507
9787,-0.1729,0.0393,0.9661
9788,-0.1238,0.0137,0.9836
9789,0.0012,0.0413,0.9504
9790,0.0706,-0.0164,0.9563
9791,0.1550,0.0347,0.9797
9792,0.1765,0.0134,0.9670
9793,0.1277,0.0320,0.9514
9794,0.0903,-0.0398,0.9749
9795,0.0603,-0.0232,0.9397
9796,0.0413,-0.0129,0.9573
9797,0.1089,-0.0332,0.9761
9798,0.1414,-0.0254,0.9592
9799,0.1755,0.0015,0.9731
9800,0.2139,-0.0022,1.0002
9801,0.1687,-0.0100,1.0054
9802,0.1265,0.0503,0.9585
9803,0.0759,-0.0059,1.0171
9804,0.0540,-0.0137,0.9709
9805,0.0142,-0.0249,0.9165
9806,-0.0068,-0.0654,1.0002
9807,-0.0806,-0.0305,0.9338
9808,-0.1484,0.0791,0.9211
9809,-0.2471,-0.0161,1.0315
9810,-0.2910,0.1833,0.9097
9811,-0.3110,0.0552,0.9944
9812,-0.2258,0.0852,1.0405
9813,-0.1458,0.0596,0.8931
9814,-0.0520,-0.0747,1.0083
9815,-0.0149,-0.1011,0.9849
9816,0.0386,0.0378,0.8931
9817,0.0623,-0.1309,1.0630
9818,0.1499,0.0188,0.9204
9819,0.1914,-0.0591,0.9233
9820,0.2693,-0.0349,1.0017
9821,0.2842,0.0234,0.9172
9822,0.2075,-0.0334,0.9485
9823,0.1074,0.0115,0.9963
9824,-0.0244,0.0144,0.9700
9825,-0.1187,0.0364,1.0100
9826,-0.1743,0.0332,0.9983
9827,-0.1646,0.0217,0.9797
9828,-0.1128,-0.0266,1.0110
9829,-0.0950,0.1023,0.9526
9830,-0.1091,-0.0305,1.0012
9831,-0.0938,0.0237,0.9680
9832,-0.1033,0.0442,0.9211
9833,-0.0564,0.0000,0.9983
9834,0.0107,0.0142,0.9185
9835,0.0815,-0.0120,0.9058
9836,0.1436,-0.0884,1.0161
9837,0.1919,-0.0054,0.9321
9838,0.1680,0.0110,0.9866
9839,0.1270,0.0132,1.0295
9840,0.0535,0.0281,0.9387
9841,0.0454,-0.0474,0.9944
9842,0.0730,-0.0281,1.0063
9843,0.1057,0.0359,0.9446
9844,0.1824,0.0034,0.9963
9845,0.2222,-0.0125,0.9458
9846,0.1929,-0.0554,0.9478
9847,0.1416,-0.0232,0.9612
9848,0.0498,-0.0095,0.9446
9849,-0.0452,-0.0244,0.9690
9850,-0.1104,0.0229,0.9924
9851,-0.1604,0.0610,0.9692
9852,-0.1853,0.0549,1.0051
9853,-0.2224,0.0835,0.9729
9854,-0.2327,0.0974,0.9565
9855,-0.2532,0.0256,1.0190
9856,-0.2446,0.0298,0.9280
9857,-0.1582,0.0005,0.9426
9858,-0.0977,-0.1226,1.0059
9859,0.1116,0.0310,0.8840
9860,0.2095,-0.1052,0.9995
9861,0.2939,-0.0515,0.9709
9862,0.3054,-0.0381,0.9182
9863,0.2424,-0.0417,1.0142
9864,0.1592,0.0232,0.9827
9865,0.0437,0.0461,0.9495
9866,-0.0403,0.0347,1.0249
9867,-0.0232,0.0347,0.9631
9868,-0.0439,0.0574,0.9377
9869,-0.0735,-0.0276,1.0229
9870,-0.0562,-0.0076,0.9351
9871,-0.1565,-0.0730,0.9468
9872,-0.2119,-0.0542,0.9995
9873,-0.2488,0.0361,0.9536
9874,-0.2234,0.0898,0.9976
9875,-0.1123,0.0325,1.0405
9876,0.0176,0.0466,0.9136
9877,0.1702,-0.0076,0.9604
9878,0.2742,-0.0298,0.9836
9879,0.2852,0.0605,0.9065
9880,0.2014,-0.0068,0.9583
9881,0.1045,-0.0635,0.9746
9882,0.0227,-0.0591,0.9045
9883,0.0388,-0.0408,0.9910
9884,0.0881,-0.0688,1.0256
9885,0.1396,0.0667,0.9370
9886,0.1743,0.0056,1.0425
9887,0.1665,0.0298,1.0022
9888,0.0833,0.0012,0.9507
9889,0.0503,-0.0176,1.0237
9890,-0.0110,-0.0125,0.9451
9891,-0.0081,0.0342,0.9282
9892,-0.0073,-0.0728,0.9917
9893,-0.0388,0.0166,0.9045
9894,-0.0789,-0.0605,0.9749
9895,-0.1350,0.0503,0.9956
9896,-0.2383,0.0886,0.9299
9897,-0.2854,0.0671,1.0044
9898,-0.3115,0.0798,0.9924
9899,-0.2463,0.0994,0.9438
9900,-0.0886,-0.0105,1.0161
9901,0.0024,-0.0298,0.9751
9902,0.1372,0.0293,0.9165
9903,0.2192,-0.0928,1.0161
9904,0.2007,-0.1018,0.9270
9905,0.2319,-0.0881,0.9146
9906,0.1960,-0.0967,1.0120
9907,0.1570,0.0330,0.9526
9908,0.1521,0.0762,0.9475
9909,0.1079,-0.0042,1.0276
9910,0.0269,0.0239,0.9360
9911,0.0100,0.0608,0.9585
9912,-0.0857,0.0115,1.0562
9913,-0.1536,0.0933,0.9282
9914,-0.2205,-0.0264,0.9819
9915,-0.2871,-0.0796,1.0161
9916,-0.2468,0.0100,0.9097
9917,-0.2021,-0.0383,1.0029
9918,-0.0977,0.0435,1.0093
9919,0.0183,0.0620,0.9226
9920,0.1174,0.0457,0.9690
9921,0.1621,-0.0642,0.9868
9922,0.1802,0.0054,0.8745
9923,0.1545,-0.0256,0.9937
9924,0.1206,0.0098,0.9810
9925,0.0962,0.0508,0.9097
9926,0.1169,-0.0862,1.0334
9927,0.2109,-0.0505,0.9768
9928,0.2329,-0.0068,0.9553
9929,0.2610,0.0483,1.0288
9930,0.2114,0.0344,0.9937
9931,0.0955,0.0168,0.9404
9932,-0.0225,-0.0464,1.0015
9933,-0.0857,-0.0581,0.9478
9934,-0.1038,-0.0310,0.9028
9935,-0.0859,-0.0535,1.0149
9936,-0.1047,-0.0332,0.9446
9937,-0.1108,0.1050,0.9299
9938,-0.2070,0.0027,1.0627
9939,-0.2551,0.1555,0.9272
9940,-0.2542,0.0813,0.9761
9941,-0.2297,0.0417,1.0444
9942,-0.1055,0.1375,0.8950
9943,0.0032,-0.0229,0.9895
9944,0.0776,-0.0745,0.9758
9945,0.1311,-0.0930,0.8948
9946,0.1399,-0.1230,0.9846
9947,0.1006,-0.0417,0.9722
9948,0.1123,-0.0090,0.9204
9949,0.1267,-0.0447,1.0042
9950,0.1558,-0.0029,0.9683
9951,0.1853,0.0493,0.9700
9952,0.1675,0.0208,1.0227
9953,0.0786,0.0613,0.9614
9954,-0.0132,0.0691,0.9585
9955,-0.0750,-0.0400,1.0239
9956,-0.0771,0.0020,0.9380
9957,-0.1072,-0.0422,0.9612
9958,-0.1074,0.0127,0.9895
9959,-0.1245,0.0542,0.9495
9960,-0.2271,0.0652,0.9780
9961,-0.1731,0.0847,0.9927
9962,-0.1108,-0.0032,0.9661
9963,-0.0049,0.0071,0.9231
9964,0.1206,-0.0571,0.9673
9965,0.2117,-0.0632,0.9524
9966,0.1882,-0.0342,0.9260
9967,0.1577,-0.0505,1.0112
9968,0.1260,-0.0308,0.9761
9969,0.1111,0.0356,0.9700
9970,0.0977,-0.0417,1.0386
9971,0.1316,0.1006,0.9417
9972,0.1694,0.0410,0.9741
9973,0.1311,0.0073,1.0249
9974,0.1348,0.0286,0.8977
9975,0.0698,-0.0696,0.9663
9976,0.0183,-0.0840,0.9602
9977,0.0046,-0.0046,0.8804
9978,-0.0762,-0.0740,1.0129
9979,-0.1221,0.0039,0.9836
9980,-0.1763,0.0457,0.9631
9981,-0.2773,0.0369,1.0579
9982,-0.2930,0.1296,0.9839
9983,-0.3232,0.0999,0.9993
9984,-0.2532,0.1243,0.9995
9985,-0.1072,0.0615,0.9172
9986,-0.0129,-0.0659,0.9106
9987,0.0818,-0.0974,0.9182
9988,0.1794,-0.0754,0.8889
9989,0.2019,-0.1489,0.9868
9990,0.2427,-0.0137,0.9468
9991,0.2107,-0.0403,0.9846
9992,0.2190,-0.0286,1.0403
9993,0.2190,0.0532,0.9888
9994,0.1345,0.0774,1.0247
9995,0.0537,0.0999,1.0396
9996,0.0093,0.0818,0.9270
9997,-0.0684,-0.0217,0.9631
9998,-0.0532,-0.0554,0.9299
9999,-0.0730,-0.0610,0.8862
10000,-0.1199,-0.0576,0.9497
10001,-0.1350,-0.0515,0.9504
10002,-0.2207,-0.0090,0.9526
10003,-0.2368,-0.0039,1.0442
10004,-0.1260,0.1399,1.0168
10005,-0.0808,0.0483,1.0227
10006,0.0410,0.1101,0.9963
10007,0.1074,0.0042,0.9780
10008,0.1257,0.0466,0.9631
10009,0.1235,-0.0405,0.9390
10010,0.1006,-0.0513,0.8999
10011,0.1111,-0.1626,0.9543
10012,0.2229,-0.0405,0.9124
10013,0.2539,-0.0100,0.9700
10014,0.2693,0.0168,1.0149
10015,0.2212,0.0713,0.9731
10016,0.1172,0.0146,1.0317
10017,0.0098,-0.0127,1.0239
10018,-0.0950,0.0161,0.9497
10019,-0.0662,0.0161,0.9897
10020,-0.0688,-0.0386,0.9956
10021,-0.0547,0.0481,0.8899
10022,-0.1008,-0.0813,0.9954
10023,-0.1624,-0.0007,0.9263
10024,-0.2847,-0.0164,0.9514
10025,-0.3113,0.0503,0.9846
10026,-0.2939,0.0586,0.9846
10027,-0.1780,0.0620,0.9895
10028,-0.0625,0.0833,0.9751
10029,0.0833,0.0398,0.9797
10030,0.1509,-0.0176,0.9624
10031,0.1787,0.0024,0.9358
10032,0.2305,-0.0867,0.9761
10033,0.2097,-0.0710,0.9397
10034,0.2073,-0.0051,0.9067
10035,0.2114,-0.0806,1.0269
10036,0.1814,-0.0007,0.9397
10037,0.1440,0.0244,0.9692
10038,0.0632,-0.0520,1.0588
10039,-0.0334,0.0789,0.9297
10040,-0.0884,0.0625,0.9905
10041,-0.1121,0.0132,1.0493
10042,-0.0713,0.0576,0.8879
10043,-0.0862,-0.0459,0.9927
10044,-0.0771,-0.0459,0.9954
10045,-0.0989,0.0581,0.8899
10046,-0.1692,-0.0095,1.0220
10047,-0.1663,0.0134,0.9858
10048,-0.1409,-0.0222,0.8921
10049,-0.0884,-0.0295,1.0142
10050,0.0405,0.0022,0.9780
10051,0.1157,0.0947,0.9436
10052,0.1436,-0.0007,1.0159
10053,0.1523,0.0173,0.9495
10054,0.1553,-0.0513,0.9192
10055,0.1570,-0.0444,1.0112
10056,0.1567,-0.0393,0.9731
10057,0.2251,0.0249,0.9546
10058,0.1802,-0.0691,1.0220
10059,0.1853,0.0232,0.9407
10060,0.1243,-0.0415,0.9724
10061,0.0664,0.0037,1.0002
10062,-0.0176,0.0078,0.9429
10063,-0.0730,0.0486,0.9556
10064,-0.1589,-0.0002,1.0083
10065,-0.2244,0.0955,0.9224
10066,-0.2932,-0.0012,1.0161
10067,-0.3093,0.0044,0.9924
10068,-0.2859,0.0725,0.9446
10069,-0.2351,0.0200,1.0190
10070,-0.1064,0.1189,0.9377
10071,-0.0178,0.0032,0.9661
10072,0.1523,-0.0244,0.9546
10073,0.1777,-0.0972,0.9270
10074,0.2046,-0.0581,0.9116
10075,0.1997,-0.0764,0.9761
10076,0.1704,-0.0198,0.9585
10077,0.1599,0.0090,0.9778
10078,0.1821,0.0100,0.9983
10079,0.1833,-0.0071,1.0005
10080,0.1787,0.0308,0.9856
10081,0.0837,0.0769,0.9995
10082,0.0286,0.0015,0.9858
10083,-0.0332,0.0186,0.9446
10084,-0.1091,-0.0449,0.9690
10085,-0.1074,-0.0432,0.9485
10086,-0.1406,-0.0596,0.9421
10087,-0.1729,0.0278,0.9641
10088,-0.2349,0.0020,0.9690
10089,-0.2327,0.0654,0.9995
10090,-0.1936,0.0398,0.9868
10091,-0.1177,0.0981,0.9827
10092,-0.0283,-0.0212,0.9846
10093,0.1094,0.0413,0.9253
10094,0.1560,-0.0249,0.9602
10095,0.2576,-0.0349,0.9729
10096,0.2139,-0.0510,0.9370
10097,0.1860,-0.0413,0.9653
10098,0.1938,-0.0632,0.9907
10099,0.1255,-0.0093,0.9517
10100,0.1648,0.0356,0.9885
10101,0.2188,0.0127,1.0178
10102,0.1558,0.0339,0.9507
10103,0.0964,0.0222,0.9817
10104,-0.0017,-0.0244,0.9751
10105,-0.1255,0.0354,0.9309
10106,-0.1924,-0.0322,0.9849
10107,-0.2166,-0.0178,0.9749
10108,-0.2283,-0.0308,0.9302
10109,-0.1897,-0.0042,1.0132
10110,-0.1570,0.0659,0.9954
10111,-0.1562,0.1316,0.9731
10112,-0.1541,0.0369,1.0093
10113,-0.1206,0.0471,0.9417
10114,-0.0884,0.0120,0.9377
10115,0.0369,-0.0212,0.9731
10116,0.1167,-0.0361,0.9292
10117,0.1772,-0.0425,0.9165
10118,0.1938,-0.0942,0.9956
10119,0.1953,-0.0508,0.9380
10120,0.2078,-0.0154,0.9709
10121,0.1904,-0.0220,1.0396
10122,0.2205,0.0852,0.9631
10123,0.1975,0.0344,1.0066
10124,0.1345,0.0405,1.0051
10125,0.0620,0.0637,0.9370
10126,-0.0227,-0.0254,0.9888
10127,-0.1414,-0.0125,0.9614
10128,-0.1667,-0.0337,0.9194
10129,-0.2290,-0.0505,0.9739
10130,-0.2446,0.0154,0.9397
10131,-0.2207,0.0112,0.9768
10132,-0.2075,0.0059,0.9875
10133,-0.1365,0.0337,0.9778
10134,-0.0747,0.0144,0.9866
10135,0.0212,0.0662,0.9788
10136,0.0979,-0.0032,1.0051
10137,0.1482,0.0100,0.9641
10138,0.1760,-0.0430,0.9521
10139,0.1973,-0.0459,0.9663
10140,0.1680,-0.0500,0.9612
10141,0.1885,0.0574,0.9419
10142,0.1567,-0.0142,0.9944
10143,0.1707,0.0237,0.9260
10144,0.1594,-0.0076,0.9438
10145,0.1138,-0.0256,1.0024
10146,0.1221,0.0261,0.9368
10147,0.0469,-0.0535,1.0120
10148,-0.0151,-0.0317,0.9761
10149,-0.0879,-0.0120,0.9778
10150,-0.1902,-0.0725,1.0198
10151,-0.2590,0.0420,0.9651
10152,-0.3550,0.0098,0.9915
10153,-0.3591,0.0732,0.9817
10154,-0.2583,0.1106,0.9270
10155,-0.2292,-0.0083,0.9917
10156,-0.0364,0.1367,0.8997
10157,0.0872,0.0063,0.9487
10158,0.1760,-0.0112,0.9680
10159,0.2012,-0.0193,0.9067
10160,0.1709,-0.1001,0.9915
10161,0.1655,-0.1069,1.0171
10162,0.1726,-0.0061,0.9407
10163,0.1743,-0.0613,1.0598
10164,0.1714,0.0293,0.9937
10165,0.1995,0.0964,0.9146
10166,0.1228,-0.0159,1.0374
10167,0.0876,0.0337,0.8977
10168,0.0691,-0.0044,0.9106
10169,-0.0015,-0.0352,1.0005
10170,-0.0645,0.0645,0.9175
10171,-0.0762,-0.0188,0.9878
10172,-0.1707,-0.0574,1.0208
10173,-0.2454,0.0132,0.9575
10174,-0.2454,0.0337,1.0640
10175,-0.2461,0.0913,1.0247
10176,-0.1624,0.1155,0.9487
10177,-0.0930,-0.0137,1.0042
10178,0.0105,0.0176,0.8958
10179,0.1396,-0.0703,0.9038
10180,0.2073,-0.0876,0.9263
10181,0.2310,-0.0735,0.8960
10182,0.2302,-0.0740,0.9709
10183,0.1794,0.0015,1.0034
10184,0.1750,0.0818,1.0002
10185,0.1531,0.0405,1.0588
10186,0.1155,0.0701,1.0171
10187,0.1289,0.0833,0.9800
10188,0.0815,-0.0259,0.9927
10189,0.0188,-0.0474,0.9146
10190,0.0051,-0.0757,0.8950
10191,-0.0322,-0.0911,0.9641
10192,-0.0828,-0.0469,0.9116
10193,-0.1538,-0.0391,0.9329
10194,-0.2666,-0.0769,1.0295
10195,-0.3101,0.0928,0.9778
10196,-0.3232,0.1431,1.0286
10197,-0.2407,0.1086,1.0833
10198,-0.1116,0.1111,0.9443
10199,-0.0066,0.1008,0.9702
10200,0.1128,-0.0225,0.9973
10201,0.1672,0.0183,0.8430
10202,0.1458,-0.1292,0.9211
10203,0.1140,-0.1301,0.9641
10204,0.1230,-0.0183,0.8843
10205,0.1431,-0.0686,1.0210
10206,0.1719,-0.0740,1.0134
10207,0.1890,0.0281,0.9351
10208,0.1946,0.0024,1.0598
10209,0.1199,0.0793,1.0227
10210,0.0581,0.1179,0.9436
10211,-0.0215,0.0239,1.0425
10212,-0.0374,0.0190,0.9275
10213,-0.0408,-0.0205,0.9077
10214,-0.0732,-0.0742,0.9673
10215,-0.1072,0.0095,0.9329
10216,-0.2024,0.0007,0.9780
10217,-0.2515,0.0459,0.9963
10218,-0.2720,-0.0286,0.9739
10219,-0.1877,-0.0032,0.9556
10220,-0.0750,0.0203,1.0071
10221,0.0522,0.0491,0.9497
10222,0.1548,0.0283,0.9663
10223,0.2036,-0.0635,0.9700
10224,0.2078,-0.0330,0.9604
10225,0.2090,-0.0371,0.9897
10226,0.1880,0.0164,0.9888
10227,0.2009,0.0232,0.9309
10228,0.2246,-0.0193,0.9829
10229,0.2178,-0.0103,0.9644
10230,0.2202,0.0449,0.9478
10231,0.1577,0.0127,0.9885
10232,0.0522,0.0198,0.9321
10233,0.0024,-0.0200,0.9504
10234,-0.0867,-0.0659,1.0063
10235,-0.1418,0.0176,0.9543
10236,-0.2180,-0.0317,1.0190
10237,-0.3179,-0.0115,1.0198
10238,-0.3406,0.0408,0.9900
10239,-0.3811,0.0305,1.0122
10240,-0.3066,0.1199,0.9644
10241,-0.1812,0.0195,0.9602
10242,-0.0498,0.0891,0.9019
10243,0.0522,-0.0383,0.9446
10244,0.1543,-0.0305,0.9163
10245,0.2109,-0.0081,0.8879
10246,0.1792,-0.1055,1.0142
10247,0.1519,-0.0208,0.9329
10248,0.1343,-0.0256,1.0022
10249,0.0867,-0.0791,1.0696
10250,0.1245,0.0764,0.9553
10251,0.1165,-0.0474,1.0305
10252,0.1482,0.0557,0.9778
10253,0.1284,0.0315,0.9556
10254,0.0935,0.0308,0.9602
10255,0.0598,0.0159,0.9270
10256,0.0129,-0.0664,0.9495
10257,-0.0706,0.0095,0.9387
10258,-0.1228,0.0054,0.9829
10259,-0.2083,0.0183,1.0024
10260,-0.2659,0.0493,0.9692
10261,-0.2202,0.0139,1.0217
10262,-0.1604,0.0276,0.9888
10263,-0.0688,0.0361,0.9504
10264,0.0503,0.0293,0.9644
10265,0.1108,-0.0566,0.9370
10266,0.1479,-0.0449,0.8970
10267,0.2249,-0.0791,0.9778
10268,0.2036,-0.0815,0.9790
10269,0.2361,0.0359,0.9387
10270,0.2136,-0.0132,1.0481
10271,0.1926,0.0815,0.9778
10272,0.1899,0.0796,0.9807
10273,0.1692,0.0239,1.0364
10274,0.1006,0.0615,0.9243
10275,0.0662,0.0625,0.9214
10276,-0.0215,-0.1011,0.9907
10277,-0.1011,-0.0261,0.8794
10278,-0.1262,-0.0776,0.9551
10279,-0.2295,-0.1045,1.0344
10280,-0.2786,0.0427,0.9146
10281,-0.3232,0.0054,1.0640
10282,-0.4167,0.0305,1.0522
10283,-0.3252,0.1401,0.9309
10284,-0.2444,-0.0210,1.0576
10285,-0.1145,0.0938,0.9224
10286,0.0654,0.0271,0.9104
10287,0.1912,-0.0708,0.9827
10288,0.2493,0.0422,0.8567
10289,0.2874,-0.0593,0.9536
10290,0.2234,-0.0737,0.9807
10291,0.1890,-0.0017,0.9116
10292,0.1279,-0.1160,1.0491
10293,0.0928,0.0635,1.0002
10294,0.0767,0.0481,1.0083
10295,0.0649,0.0256,1.0259
10296,0.0769,0.0073,0.9543
10297,0.0601,-0.0559,0.9583
10298,0.0750,0.0681,0.9299
10299,0.0381,-0.0146,0.9673
10300,0.0220,0.0046,0.9192
10301,-0.1050,-0.0100,0.9622
10302,-0.2063,-0.0271,0.9966
10303,-0.2749,0.0649,0.9768
10304,-0.3108,-0.0127,1.0054
10305,-0.2495,0.0513,1.0081
10306,-0.0784,0.0225,0.9648
10307,0.0452,0.0383,0.9778
10308,0.1875,0.0002,0.9399
10309,0.2710,-0.0305,0.9224
10310,0.2622,-0.0681,0.9380
10311,0.2900,-0.0127,0.9448
10312,0.2488,-0.0837,0.9875
10313,0.2405,0.0105,0.9663
10314,0.1899,-0.0547,1.0034
10315,0.1621,0.0620,0.9995
10316,0.0981,0.0317,1.0002
10317,0.0398,0.0757,0.9856
10318,-0.0269,-0.0186,0.9800
10319,-0.0510,0.0408,0.9126
10320,-0.1008,-0.0417,0.9429
10321,-0.1304,-0.0420,0.9631
10322,-0.2119,-0.0181,0.9153
10323,-0.2815,-0.0161,1.0190
10324,-0.3606,-0.0010,1.0132
10325,-0.3733,0.0955,0.9712
10326,-0.3381,-0.0449,1.0679
10327,-0.2327,0.0474,0.9592
10328,-0.1067,0.0469,0.9338
10329,0.0505,0.0115,0.9915
10330,0.1521,0.0315,0.8782
10331,0.2710,-0.0513,0.9282
10332,0.2432,-0.0818,0.9573
10333,0.2534,0.0234,0.9126
10334,0.2317,-0.0718,1.0256
10335,0.1843,0.0305,0.9690
10336,0.1357,0.0161,1.0151
10337,0.1074,-0.0134,1.0601
10338,0.1064,0.1287,0.9575
10339,0.0220,-0.0088,1.0071
10340,0.0449,0.0823,0.9673
10341,0.0183,-0.0254,0.9048
10342,0.0452,-0.0022,0.9417
10343,-0.0132,-0.1296,0.9565
10344,-0.0674,0.0381,0.8882
10345,-0.1895,-0.0623,1.0376
10346,-0.2620,0.0520,0.9829
10347,-0.2876,0.0098,0.9937
10348,-0.2219,0.0234,1.0474
10349,-0.0916,0.0881,0.9875
10350,0.0417,0.0608,0.9592
10351,0.1755,0.0325,0.9534
10352,0.2329,-0.0569,0.9233
10353,0.2341,-0.0493,0.9084
10354,0.2078,-0.0674,0.9565
10355,0.1809,-0.0500,0.9312
10356,0.1909,-0.0334,0.9624
10357,0.2236,-0.0769,0.9897
10358,0.2632,0.0154,1.0081
10359,0.1978,0.0352,1.0142
10360,0.1211,0.1389,0.9719
10361,-0.0027,-0.0164,1.0110
10362,-0.0771,0.0554,0.9084
10363,-0.1580,-0.0378,0.9653
10364,-0.1450,-0.0249,0.9731
10365,-0.1626,0.0271,0.9084
10366,-0.2466,-0.0251,1.0051
10367,-0.2732,-0.0112,1.0012
10368,-0.3757,-0.0044,0.9390
10369,-0.3828,-0.0154,1.0334
10370,-0.3259,0.0344,0.9878
10371,-0.1917,0.1177,0.9170
10372,-0.0708,-0.0225,1.0330
10373,0.1011,0.0422,0.9058
10374,0.2085,-0.0244,0.9224
10375,0.2979,-0.0828,0.9963
10376,0.2771,-0.0249,0.9043
10377,0.2644,-0.0427,0.9663
10378,0.2271,-0.0159,1.0327
10379,0.1914,0.0269,0.9495
10380,0.1885,0.0044,1.0276
10381,0.1396,0.0066,0.9937
10382,0.0864,0.0847,0.9575
10383,0.0378,0.0188,0.9976
10384,-0.0310,0.0452,0.9495
10385,-0.0911,-0.0371,0.9194
10386,-0.1069,-0.0659,0.9575
10387,-0.1460,-0.0564,0.9504
10388,-0.1699,0.0386,0.9622
10389,-0.2141,0.0701,1.0327
10390,-0.2173,0.0610,1.0071
10391,-0.1318,0.0251,0.9458
10392,-0.0264,-0.0657,0.9978
10393,0.1028,0.0161,0.9497
10394,0.2339,0.0505,0.9390
10395,0.2798,-0.0293,0.9829
10396,0.2375,-0.0740,0.9084
10397,0.2134,-0.0725,0.9331
10398,0.1694,-0.0635,1.0298
10399,0.0989,0.0789,0.9690
10400,0.1016,0.0576,1.0054
10401,0.0857,0.0078,1.0315
10402,0.0798,0.0654,0.9534
10403,0.1069,0.0027,1.0034
10404,0.1138,0.0085,0.9771
10405,0.0674,0.0027,0.8970
10406,-0.0112,-0.0242,0.9387
10407,-0.1064,-0.0854,0.9534
10408,-0.2515,-0.0222,0.9182
10409,-0.3352,0.0322,0.9956
10410,-0.3784,-0.0061,1.0295
10411,-0.3909,0.0984,0.9458
10412,-0.3313,0.0232,1.0278
10413,-0.2346,-0.0129,1.0200
10414,-0.1187,0.0583,0.9106
10415,0.0039,-0.0081,1.0032
10416,0.1201,-0.0195,0.9475
10417,0.1746,0.0020,0.8879
10418,0.2563,-0.0474,0.9946
10419,0.2607,-0.0830,0.9504
10420,0.2622,0.0049,0.9185
10421,0.2217,-0.0481,1.0454
10422,0.1643,0.0742,0.9729
10423,0.1248,0.0630,0.9565
10424,0.0928,-0.0239,1.0327
10425,0.0288,0.0142,0.9360
10426,0.0471,0.0391,0.9331
10427,0.0034,-0.0498,1.0239
10428,-0.0251,-0.0020,0.9202
10429,-0.0686,-0.0295,0.9663
10430,-0.1438,-0.0271,1.0356
10431,-0.2000,0.0227,0.9468
10432,-0.1968,0.0513,0.9917
10433,-0.1890,0.0305,1.0247
10434,-0.0654,0.0872,0.9272
10435,0.0635,-0.0146,0.9680
10436,0.1277,-0.0161,0.9478
10437,0.1936,0.0059,0.8938
10438,0.1899,-0.0676,0.9817
10439,0.1362,-0.0073,0.9331
10440,0.1321,-0.0171,0.9758
10441,0.1433,-0.0515,1.0327
10442,0.1531,0.0225,0.9612
10443,0.1873,-0.0027,1.0142
10444,0.1577,0.0383,1.0210
10445,0.1533,0.1086,0.9475
10446,0.0981,-0.0127,1.0034
10447,0.0120,0.0132,0.9319
10448,-0.0042,-0.0132,0.8977
10449,-0.0405,-0.0840,0.9634
10450,-0.1145,-0.0530,0.9146
10451,-0.1633,-0.0154,0.9526
10452,-0.2739,-0.0183,1.0247
10453,-0.3628,0.0867,0.9797
10454,-0.3899,0.0364,1.0249
10455,-0.3782,0.0479,1.0298
10456,-0.3220,0.0442,0.9758
10457,-0.1543,0.0359,0.9771
10458,-0.0569,0.0247,0.9517
10459,0.0774,-0.0088,0.9133
10460,0.2021,-0.0674,0.9624
10461,0.2812,-0.0496,0.9048
10462,0.3367,-0.0771,0.9407
10463,0.3306,-0.0918,0.9731
10464,0.2654,0.0618,0.9407
10465,0.2207,0.0664,1.0259
10466,0.1497,0.0476,1.0386
10467,0.0757,0.0581,0.9399
10468,0.0625,0.0085,1.0051
10469,0.0601,-0.0579,0.9807
10470,0.0066,0.0500,0.9055
10471,-0.0342,-0.0488,1.0054
10472,-0.1184,-0.0103,0.9722
10473,-0.2283,0.0007,0.9192
10474,-0.2454,0.0022,1.0132
10475,-0.2349,-0.0010,0.9788
10476,-0.1526,0.0732,0.9595
10477,-0.0354,0.0476,0.9937
10478,0.0837,-0.0215,0.9661
10479,0.1003,-0.0437,0.9172
10480,0.1196,-0.0081,0.9512
10481,0.0603,-0.0645,0.9954
10482,0.0791,0.0327,0.9153
10483,0.0996,-0.0305,0.9966
10484,0.1418,-0.0247,0.9954
10485,0.2622,0.0330,0.9478
10486,0.3132,-0.0010,1.0295
10487,0.2751,0.0967,0.9817
10488,0.2317,0.0120,0.9543
10489,0.1140,-0.0251,0.9700
10490,-0.0186,-0.0278,0.9407
10491,-0.0457,0.0012,0.9358
10492,-0.0920,-0.0471,0.9937
10493,-0.1328,0.0002,0.9309
10494,-0.2031,-0.0127,0.9727
10495,-0.3291,-0.0090,1.0266
10496,-0.4211,0.1072,0.9546
10497,-0.4595,0.0254,1.0471
10498,-0.3540,0.0520,0.9946
10499,-0.2126,0.0586,0.9143
10500,-0.0049,-0.0552,1.0103
10501,0.1541,-0.0171,0.9143
10502,0.2019,-0.0117,0.9084
10503,0.2419,-0.0742,1.0237
10504,0.2356,0.0334,0.9009
10505,0.1689,-0.0198,0.9673
10506,0.1912,-0.0381,1.0208
10507,0.1846,0.0229,0.9146
10508,0.2073,0.0002,1.0071
10509,0.1755,0.0422,1.0120
10510,0.0635,0.0305,0.9409
10511,-0.0051,-0.0332,0.9829
10512,-0.1108,-0.0811,0.9912
10513,-0.1252,0.0203,0.9211
10514,-0.0874,-0.0034,1.0159
10515,-0.0793,0.0115,1.0073
10516,-0.0488,0.1409,0.9211
10517,-0.1309,0.0437,1.0386
10518,-0.1650,0.0784,0.9866
10519,-0.1448,0.0217,0.9084
10520,-0.1311,-0.0684,0.9790
10521,-0.0295,-0.1147,0.9370
10522,0.0962,-0.0044,0.8677
10523,0.1531,-0.0920,1.0032
10524,0.1958,-0.0654,0.9585
10525,0.1785,-0.0007,0.9280
10526,0.2014,0.0159,1.0637
10527,0.2144,0.0764,1.0083
10528,0.2283,0.0938,0.9622
10529,0.2268,0.0107,1.0415
10530,0.2173,-0.0195,0.9624
10531,0.1912,0.0120,0.8977
10532,0.0884,-0.0928,0.9966
10533,0.0286,-0.0503,0.8989
10534,-0.0249,0.0034,0.8967
10535,-0.1089,-0.0361,0.9937
10536,-0.1074,0.0286,0.9429
10537,-0.2217,0.0168,0.9800
10538,-0.3210,0.1084,1.0383
10539,-0.3674,0.0869,1.0288
10540,-0.3997,0.0684,1.0015
10541,-0.3391,-0.0215,1.0347
10542,-0.2092,-0.0576,0.9583
10543,-0.0842,-0.0054,0.9111
10544,-0.0015,-0.0808,0.9739
10545,0.0913,-0.0005,0.8997
10546,0.1216,-0.0022,0.9038
10547,0.1582,-0.0381,0.9966
10548,0.2505,0.0293,0.9290
10549,0.3015,0.0554,0.9417
10550,0.3130,-0.0208,1.0659
10551,0.3042,0.0439,0.9478
10552,0.1997,0.0320,0.9917
10553,0.0845,-0.0486,1.0728
10554,-0.0364,-0.0044,0.9114
10555,-0.1108,-0.0222,0.9846
10556,-0.1013,-0.0532,1.0103
10557,-0.0950,0.0437,0.8794
10558,-0.0901,-0.0156,0.9897
10559,-0.1484,0.0024,0.9788
10560,-0.2200,0.0388,0.9146
10561,-0.2786,0.0071,1.0132
10562,-0.2622,0.0042,0.9973
10563,-0.1187,0.0471,0.9446
10564,0.0398,0.0000,1.0200
10565,0.1851,-0.0142,0.9741
10566,0.2952,0.0271,0.9065
10567,0.2810,-0.0486,1.0159
10568,0.2490,0.0046,0.9526
10569,0.2185,0.0488,0.9260
10570,0.1851,-0.0149,1.0139
10571,0.2192,0.0005,0.9314
10572,0.2415,-0.0552,0.9270
10573,0.2212,-0.0435,0.9927
10574,0.1279,-0.0271,0.9692
10575,0.0791,0.0544,0.9661
10576,-0.0425,-0.0205,1.0266
10577,-0.0957,-0.0066,0.9612
10578,-0.1040,-0.0088,0.9739
10579,-0.1394,0.0254,1.0022
10580,-0.1926,0.0991,0.9692
10581,-0.2812,0.0427,0.9739
10582,-0.3613,0.0085,0.9673
10583,-0.4058,-0.0444,0.9446
10584,-0.3523,-0.0322,0.9368
10585,-0.1997,-0.0100,0.9709
10586,-0.0771,0.0056,0.9309
10587,0.0515,0.0793,0.9429
10588,0.1633,-0.0312,1.0200
10589,0.2241,0.0544,0.9434
10590,0.2151,-0.0181,1.0051
10591,0.2314,0.0107,1.0112
10592,0.1709,0.0244,0.9370
10593,0.1731,0.0183,0.9888
10594,0.1174,-0.0520,1.0142
10595,0.0901,0.0308,0.8931
10596,0.0608,-0.0251,0.9683
10597,0.0291,-0.0840,0.9553
10598,-0.0115,-0.0466,0.8704
10599,-0.0325,-0.1328,1.0120
10600,-0.0496,-0.0107,0.9917
10601,-0.1384,0.0808,0.9465
10602,-0.1975,0.0837,1.1001
10603,-0.2124,0.1682,1.0112
10604,-0.2061,0.1753,0.9749
10605,-0.0972,-0.0576,1.0847
10606,0.0452,0.0027,0.8499
10607,0.1184,-0.0520,0.9114
10608,0.2100,-0.0945,0.9895
10609,0.2222,-0.0420,0.8062
10610,0.1826,-0.1162,0.9312
10611,0.1855,-0.0823,0.9934
10612,0.1743,0.0811,0.9233
10613,0.1794,0.0430,1.0549
10614,0.2263,0.0508,1.0454
10615,0.1919,0.0222,0.9995
10616,0.2065,0.0544,1.0249
10617,0.1389,-0.0002,1.0334
10618,0.0549,0.0137,0.9153
10619,-0.0200,-0.0300,0.9263
10620,-0.1008,-0.1030,0.9756
10621,-0.1611,-0.0017,0.8508
10622,-0.2114,-0.0171,0.9573
10623,-0.2795,-0.0903,1.0015
10624,-0.2905,0.0957,0.8840
10625,-0.3130,0.0012,1.0852
10626,-0.2612,0.0969,1.0129
10627,-0.2024,0.1064,0.9507
10628,-0.1619,-0.0188,1.0630
10629,-0.0425,0.0547,0.9563
10630,-0.0054,0.0051,0.9475
10631,0.0869,0.0549,0.9683
10632,0.1687,-0.0603,0.9299
10633,0.2048,-0.0598,0.9087
10634,0.2507,-0.0745,0.9504
10635,0.2170,-0.0535,0.9680
10636,0.1809,0.0486,0.9446
10637,0.1145,0.0410,0.9927
10638,0.0444,0.0369,1.0181
10639,0.0059,0.0554,0.9644
10640,-0.0142,-0.0076,0.9993
10641,-0.0366,-0.1172,0.9985
10642,-0.0388,-0.0754,0.9280
10643,-0.0386,-0.0923,0.9966
10644,-0.0757,-0.0154,0.9934
10645,-0.1240,0.1313,0.9465
10646,-0.1790,0.0881,1.0112
10647,-0.1626,0.1411,0.9670
10648,-0.0898,-0.0237,0.9495
10649,0.0281,0.0095,0.9543
10650,0.1174,-0.0161,0.9507
10651,0.1736,0.0356,0.9387
10652,0.1553,-0.0325,0.9534
10653,0.0977,-0.1011,0.9377
10654,0.0854,-0.0786,0.9661
10655,0.1326,-0.0471,1.0217
10656,0.2029,0.0815,0.9534
10657,0.2495,0.0132,1.0356
10658,0.2964,0.0239,0.9954
10659,0.2627,0.0630,0.9397
10660,0.2036,-0.0696,1.0210
10661,0.0979,-0.0056,0.9133
10662,-0.0486,-0.0181,0.9214
10663,-0.1003,-0.0247,0.9944
10664,-0.1711,-0.0051,0.9048
10665,-0.2200,-0.0259,0.9683
10666,-0.2310,-0.0579,1.0042
10667,-0.2778,0.0635,0.9583
10668,-0.3359,0.0366,1.0461
10669,-0.3191,0.1267,1.0063
10670,-0.2981,0.0801,0.9858
10671,-0.1877,0.0547,0.9927
10672,-0.0342,0.0037,0.9465
10673,0.0769,-0.0310,0.9485
10674,0.2012,0.0244,0.9194
10675,0.2449,-0.0803,0.9495
10676,0.2375,-0.0632,0.9260
10677,0.1802,-0.0278,0.9243
10678,0.1663,-0.0100,0.9866
10679,0.1245,0.0205,0.9595
10680,0.1011,0.0366,0.9768
10681,0.1072,-0.0271,1.0396
10682,0.0696,-0.0093,0.9692
10683,0.0081,-0.0254,1.0034
10684,-0.0867,-0.0269,1.0110
10685,-0.1638,-0.0200,0.9526
10686,-0.1487,-0.0544,1.0024
10687,-0.2000,-0.0039,0.9634
10688,-0.1821,0.1279,0.9426
10689,-0.1396,0.0474,0.9995
10690,-0.1028,0.1462,0.9114
10691,-0.0291,0.0027,0.9573
10692,0.0984,-0.0435,0.9712
10693,0.1580,-0.0439,0.8909
10694,0.1899,-0.0522,0.9680
10695,0.1777,-0.0435,0.9976
10696,0.1162,-0.0107,0.9536
10697,0.1228,0.0024,1.0269
10698,0.1350,-0.0393,1.0315
10699,0.1970,0.0515,0.9438
10700,0.2632,0.0161,1.0259
10701,0.2856,0.0466,0.9673
10702,0.2415,0.0293,0.9026
10703,0.1526,-0.0684,0.9653
10704,0.0615,-0.0610,0.9019
10705,-0.0371,-0.0728,0.9243
10706,-0.1206,-0.0557,0.9954
10707,-0.1682,0.0049,0.9448
10708,-0.1841,0.0156,1.0081
10709,-0.2559,0.0354,1.0432
10710,-0.2939,0.1477,1.0081
10711,-0.3250,0.0950,1.0647
10712,-0.3245,0.1650,0.9741
10713,-0.2493,0.0312,0.9536
10714,-0.1245,-0.0354,0.9358
10715,0.0181,-0.0435,0.8752
10716,0.1108,-0.0771,0.9270
10717,0.1807,-0.0417,0.9292
10718,0.1738,-0.0522,0.9377
10719,0.1169,-0.0334,0.9832
10720,0.1177,-0.0239,1.0063
10721,0.1228,0.0425,0.9963
10722,0.1301,0.0913,1.0200
10723,0.1289,0.0171,1.0190
10724,0.1052,0.0449,0.9426
10725,0.0291,-0.0537,1.0012
10726,-0.0300,-0.0991,0.9536
10727,-0.1023,-0.1260,0.9185
10728,-0.1104,-0.1316,0.9768
10729,-0.0754,0.0359,0.9316
10730,-0.0801,0.1140,0.9985
10731,-0.0615,0.1716,1.0620
10732,-0.0598,0.2312,0.9546
10733,-0.0752,0.0806,1.0325
10734,-0.0408,-0.0039,0.9602
10735,0.0220,-0.0027,0.8735
10736,0.1079,-0.1138,0.9868
10737,0.1519,-0.1099,0.9097
10738,0.1934,-0.1213,0.8708
10739,0.1831,-0.2102,1.0276
10740,0.1528,0.0002,0.9075
10741,0.1677,0.0432,1.0159
10742,0.1648,0.0583,1.0806
10743,0.1494,0.1714,0.9329
10744,0.1633,0.0125,1.0696
10745,0.1333,0.0469,0.9946
10746,0.0725,0.0469,0.9028
10747,0.0776,-0.0957,1.0054
10748,0.0149,-0.0857,0.9094
10749,0.0115,-0.0410,0.8674
10750,-0.1104,-0.1375,1.0286
10751,-0.1787,0.0667,0.8882
10752,-0.2825,0.0164,0.9829
10753,-0.3979,0.0566,1.0706
10754,-0.3704,0.1665,0.9634
10755,-0.3079,0.0884,1.0522
10756,-0.1672,0.1150,1.0120
10757,-0.0405,0.0198,0.9331
10758,0.0581,-0.0046,0.9614
10759,0.0886,-0.1106,0.9290
10760,0.1423,-0.0664,0.8989
10761,0.0916,-0.1396,0.9553
10762,0.1226,0.0562,0.9194
10763,0.1492,-0.0549,1.0032
10764,0.1826,0.0505,0.9468
10765,0.2083,0.0125,0.9751
10766,0.1824,-0.0732,1.0491
10767,0.1345,0.0710,0.9241
10768,0.0352,-0.0283,1.0471
10769,-0.0503,-0.0408,0.9866
10770,-0.1504,0.0034,0.9146
10771,-0.1616,-0.1116,1.0256
10772,-0.1472,0.0532,0.9456
10773,-0.1133,0.0779,0.9543
10774,-0.0671,0.0791,1.0503
10775,-0.0386,0.1587,0.9104
10776,0.0032,0.0496,0.9810
10777,0.0249,-0.0278,0.9768
10778,0.0337,0.0605,0.8889
10779,0.0869,-0.0784,0.9993
10780,0.1313,-0.0544,0.9221
10781,0.0837,-0.1340,0.9290
10782,0.1577,-0.0791,0.9976
10783,0.1418,-0.0366,0.9739
10784,0.1309,0.0535,1.0103
10785,0.1279,0.0603,1.0059
10786,0.1211,0.0801,0.9858
10787,0.1160,0.0173,1.0022
10788,0.0911,0.0471,0.9575
10789,0.0720,-0.0249,0.9585
10790,0.0652,-0.0999,0.9524
10791,0.0298,-0.0437,0.8792
10792,-0.0195,-0.0964,0.9819
10793,-0.0254,-0.0605,0.9585
10794,-0.0967,0.0464,0.9436
10795,-0.1958,0.0430,1.0403
10796,-0.2212,0.1216,1.0181
10797,-0.2729,0.1714,0.9807
10798,-0.2844,0.1394,1.0405
10799,-0.2117,0.0483,0.9839
10800,-0.1177,0.0168,0.9202
10801,-0.0093,-0.0725,0.9761
10802,0.0889,-0.0837,0.9036
10803,0.1101,-0.1062,0.9058
10804,0.1406,-0.0759,0.9534
10805,0.1360,-0.0405,0.9468
10806,0.1631,0.0156,0.9712
10807,0.1929,0.0007,1.0054
10808,0.2180,0.0024,0.9722
10809,0.1843,0.0317,1.0171
10810,0.1030,0.0283,0.9888
10811,0.0137,0.0444,0.9895
10812,-0.1091,-0.1079,0.9751
10813,-0.1785,0.0085,0.9438
10814,-0.1653,-0.0972,0.9985
10815,-0.1343,0.0786,0.9468
10816,-0.1504,0.0710,0.9663
10817,-0.1047,0.1272,1.0005
10818,-0.1716,0.0898,0.9683
10819,-0.1145,0.0784,0.9771
10820,-0.0730,-0.0159,0.9927
10821,0.0151,0.0188,0.8931
10822,0.1672,-0.0796,0.9663
10823,0.2354,-0.1365,0.9417
10824,0.2576,-0.0671,0.8928
10825,0.2520,-0.1511,1.0103
10826,0.1921,-0.0125,0.9592
10827,0.1296,0.0815,0.9807
10828,0.1147,0.0596,1.0503
10829,0.0364,0.0684,0.9846
10830,0.0789,0.0649,0.9846
10831,0.0728,-0.0269,1.0042
10832,0.1106,0.0166,0.9351
10833,0.1438,-0.0781,0.9624
10834,0.0842,-0.0249,0.9302
10835,0.0115,-0.0049,0.9319
10836,-0.0525,-0.0339,0.9536
10837,-0.1685,-0.0059,0.9553
10838,-0.2056,0.0034,0.9915
10839,-0.2412,0.0554,1.0308
10840,-0.2166,0.1462,0.9946
10841,-0.1846,0.0784,1.0122
10842,-0.1511,0.0398,0.9788
10843,-0.1252,-0.0051,0.9312
10844,-0.0747,-0.0356,0.9573
10845,-0.0564,-0.0288,0.9514
10846,0.0139,0.0090,0.9094
10847,0.0869,-0.0408,0.9692
10848,0.1851,-0.0791,0.9495
10849,0.2761,-0.0403,0.9368
10850,0.2500,-0.0925,0.9966
10851,0.2463,0.0149,0.9805
10852,0.1279,-0.0317,1.0044
10853,0.0483,0.0703,0.9832
10854,-0.0938,-0.0513,1.0317
10855,-0.1394,0.0535,0.9211
10856,-0.1228,0.0222,0.9836
10857,-0.1099,-0.0103,0.9866
10858,-0.0554,0.1384,0.9126
10859,-0.0381,0.0186,1.0249
10860,-0.0791,0.0896,0.9663
10861,-0.1401,0.0151,0.9243
10862,-0.1707,-0.0239,1.0198
10863,-0.1521,-0.0498,0.9563
10864,-0.0535,0.0203,0.9292
10865,0.0537,-0.1140,1.0237
10866,0.2202,-0.0286,0.9058
10867,0.2405,-0.0876,0.9465
10868,0.2739,-0.0105,0.9976
10869,0.2532,0.0110,0.9565
10870,0.1863,0.0684,0.9700
10871,0.1362,0.0244,1.0256
10872,0.1284,0.0618,0.9663
10873,0.1326,0.0100,0.9780
10874,0.1304,-0.0229,1.0083
10875,0.0991,-0.0149,0.9253
10876,0.0757,-0.0164,0.9487
10877,0.0300,-0.0554,1.0002
10878,-0.0615,-0.0027,0.9075
10879,-0.1287,-0.0046,0.9622
10880,-0.1580,-0.0630,0.9907
10881,-0.1919,0.0596,0.9172
10882,-0.2124,0.0415,1.0217
10883,-0.2026,0.0745,1.0608
10884,-0.1851,0.1628,0.9380
10885,-0.1858,0.0952,1.0288
10886,-0.1663,-0.0161,0.9937
10887,-0.0737,0.0098,0.8696
10888,-0.0203,-0.1255,0.9907
10889,0.0647,-0.0291,0.9243
10890,0.1572,-0.0349,0.8704
10891,0.2078,-0.1125,1.0051
10892,0.2339,-0.0581,0.9380
10893,0.2375,-0.0098,0.9539
10894,0.1694,-0.0625,1.0698
10895,0.1108,0.0430,0.9741
10896,0.0203,0.0491,0.9895
10897,-0.0745,0.0339,1.0725
10898,-0.1003,0.0476,0.9409
10899,-0.1294,0.0271,0.9417
10900,-0.1687,-0.0662,0.9749
10901,-0.1570,0.0596,0.8801
10902,-0.1628,-0.0076,0.9563
10903,-0.1311,0.0200,0.9739
10904,-0.0989,-0.0061,0.9507
10905,-0.0107,0.0415,0.9695
10906,0.0457,0.0259,1.0159
10907,0.1421,0.0005,0.9810
10908,0.1772,0.0225,0.9634
10909,0.1152,-0.0432,1.0090
10910,0.1260,0.0000,0.9595
10911,0.0896,-0.0249,0.9504
10912,0.0876,-0.0483,0.9878
10913,0.1389,-0.0518,0.9348
10914,0.1560,0.0254,0.9221
10915,0.1934,-0.0183,0.9866
10916,0.1990,-0.0293,0.9573
10917,0.1062,-0.0317,0.9417
10918,0.1021,-0.0107,1.0112
10919,0.0559,0.0088,0.9829
10920,0.0195,0.1057,0.9543
10921,0.0005,-0.0085,1.0452
10922,-0.0393,0.0293,0.9722
10923,-0.0850,0.0293,0.9475
10924,-0.1792,0.0063,0.9995
10925,-0.2708,0.0398,0.9546
10926,-0.2981,0.0957,0.9302
10927,-0.3000,0.0427,0.9858
10928,-0.2341,-0.0117,0.9504
10929,-0.1338,-0.0010,0.9116
10930,-0.0259,-0.0557,1.0034
10931,0.0820,-0.0225,0.9778
10932,0.1611,0.0337,0.9417
10933,0.2188,-0.0117,1.0220
10934,0.2385,-0.0486,0.9778
10935,0.2485,-0.0166,0.9331
10936,0.2283,-0.0857,1.0012
10937,0.1624,-0.0190,0.9487
10938,0.1304,-0.0002,0.9419
10939,0.0264,-0.0125,0.9927
10940,-0.0503,-0.0093,0.9563
10941,-0.0979,0.0107,0.9448
10942,-0.1616,0.0232,0.9963
10943,-0.1929,0.0525,0.9700
10944,-0.2385,0.0334,0.9907
10945,-0.2278,0.0532,1.0229
10946,-0.1960,0.0730,0.9839
10947,-0.1680,0.0471,0.9858
10948,-0.0605,-0.0137,0.9722
10949,0.0508,-0.0269,0.9194
10950,0.1411,-0.0398,0.9587
10951,0.2297,0.0166,0.9299
10952,0.2339,-0.0171,0.9351
10953,0.2534,-0.0601,0.9487
10954,0.1951,-0.0688,0.9377
10955,0.1536,-0.0613,0.9846
10956,0.1548,-0.0027,1.0112
10957,0.1174,0.0464,0.9836
10958,0.0662,0.0408,1.0295
10959,0.0493,0.0071,1.0112
10960,0.0347,0.0615,0.9565
10961,0.0154,-0.0188,0.9966
10962,0.0305,-0.0139,0.9241
10963,0.0562,-0.0010,0.9058
10964,0.0710,-0.0459,0.9846
10965,0.0540,0.0562,0.9221
10966,-0.0271,-0.0081,0.9788
10967,-0.1331,0.0071,1.0073
10968,-0.2327,0.0825,0.9468
10969,-0.3020,0.0347,1.0435
10970,-0.2683,0.0764,0.9985
10971,-0.2222,0.0667,0.9524
10972,-0.1230,-0.0156,1.0051
10973,0.0078,-0.0327,0.9348
10974,0.0388,-0.0278,0.8979
10975,0.0815,-0.0947,0.9927
10976,0.1338,-0.0405,0.9185
10977,0.1455,-0.0059,0.9233
10978,0.2058,-0.0613,1.0237
10979,0.2703,-0.0234,0.9426
10980,0.2297,-0.0303,0.9885
10981,0.1824,0.0195,1.0286
10982,0.0593,0.0396,0.9739
10983,-0.0864,0.0579,0.9741
10984,-0.2029,0.0081,0.9868
10985,-0.2358,0.0164,0.9475
10986,-0.2434,-0.0256,0.9731
10987,-0.2183,0.0303,0.9504
10988,-0.1692,0.0010,0.9556
10989,-0.1477,0.0073,0.9780
10990,-0.0955,0.0239,0.9888
10991,-0.0452,0.0386,0.9995
10992,0.0254,0.0308,0.9797
10993,0.1047,0.0325,0.9670
10994,0.2007,0.0098,0.9536
10995,0.2659,-0.0300,0.9722
10996,0.2791,-0.0242,0.9163
10997,0.2795,-0.0476,0.9485
10998,0.2188,-0.1143,0.9651
10999,0.1489,0.0430,0.9258
11000,0.0925,-0.0244,1.0295
11001,0.0442,0.0337,0.9927
11002,0.0334,-0.0044,0.9543
11003,0.0488,-0.0652,1.0383
11004,0.0190,0.0276,0.9680
11005,0.0337,0.0684,0.9700
11006,0.0256,-0.0190,1.0288
11007,-0.0134,0.0090,0.8948
11008,-0.0696,-0.0754,0.9585
11009,-0.1648,-0.0022,0.9963
11010,-0.2144,0.1074,0.9084
11011,-0.2349,0.0518,1.0149
11012,-0.2585,0.0786,0.9827
11013,-0.1682,0.1560,0.9272
11014,-0.0974,0.0381,1.0444
11015,-0.0081,0.0254,0.9263
11016,0.0295,-0.0732,0.9321
11017,0.0386,-0.1465,0.9937
11018,0.1047,-0.0164,0.9348
11019,0.1079,-0.0981,0.9985
11020,0.1570,0.0330,0.9592
11021,0.1736,-0.1023,0.9700
11022,0.2141,0.0049,0.9602
11023,0.1672,-0.0229,0.9761
11024,0.1416,0.0095,1.0015
11025,0.0215,0.0540,0.9624
11026,-0.0327,0.1003,0.9504
11027,-0.1372,-0.0498,1.0198
11028,-0.1721,0.0344,0.8948
11029,-0.1584,-0.0183,1.0100
11030,-0.1658,-0.0022,1.0188
11031,-0.1274,0.1577,0.9104
11032,-0.1311,-0.0369,1.0601
11033,-0.0896,0.0669,0.9546
11034,-0.0657,0.0005,0.9329
11035,0.0037,-0.0378,1.0012
11036,0.1055,-0.0305,0.9231
11037,0.1592,-0.0320,0.9109
11038,0.1641,-0.0405,1.0103
11039,0.2102,-0.0242,0.9175
11040,0.1377,-0.0515,0.9536
11041,0.1238,-0.0532,1.0229
11042,0.1294,0.0410,0.9526
11043,0.1191,0.0669,1.0042
11044,0.1479,0.0479,1.0493
11045,0.1292,0.0503,0.9204
11046,0.1018,-0.0066,0.9934
11047,0.0618,-0.1160,0.9661
11048,0.0559,0.0449,0.8794
11049,-0.0532,-0.1587,1.0386
11050,-0.0352,0.1169,0.8931
11051,-0.1018,-0.0776,0.9917
11052,-0.0999,0.0081,1.0217
11053,-0.1799,0.0708,0.9263
11054,-0.2393,0.1216,1.0598
11055,-0.2402,0.1658,1.0073
11056,-0.2136,0.1621,0.9390
11057,-0.2126,-0.0188,1.0103
11058,-0.1404,-0.0420,0.9006
11059,-0.0483,-0.0969,0.8977
11060,0.0632,-0.1292,0.9504
11061,0.1895,-0.0620,0.9126
11062,0.2983,-0.0933,0.9565
11063,0.3579,-0.0525,0.9995
11064,0.3357,-0.0413,0.9797
11065,0.2505,0.0234,0.9878
11066,0.1089,0.0300,1.0542
11067,0.0107,0.0952,0.9839
11068,-0.0391,0.0925,1.0005
11069,-0.1077,0.0054,0.9915
11070,-0.0903,0.0244,0.9055
11071,-0.1487,-0.0613,0.9380
11072,-0.1755,-0.0276,0.9348
11073,-0.2212,-0.0286,0.9163
11074,-0.2925,0.0168,0.9875
11075,-0.2258,0.0432,0.9995
11076,-0.1370,0.0525,0.9785
11077,-0.0044,-0.0085,1.0178
11078,0.1841,0.0181,0.9966
11079,0.2522,0.0107,0.9683
11080,0.2979,0.0422,0.9868
11081,0.2241,-0.0339,0.9595
11082,0.1267,0.0112,0.8918
11083,0.0647,-0.0979,0.9563
11084,0.0999,-0.0479,0.9329
11085,0.1099,0.0193,0.9429
11086,0.1726,0.0505,0.9866
11087,0.1587,-0.0239,0.9907
11088,0.1118,-0.0073,0.9702
11089,0.0408,-0.0400,1.0178
11090,-0.0320,-0.0142,1.0198
11091,-0.0898,0.0278,0.9683
11092,-0.1223,0.0356,0.9761
11093,-0.1072,-0.0654,0.9934
11094,-0.1028,-0.0466,0.9316
11095,-0.1248,0.0029,0.9575
11096,-0.1885,0.0198,1.0151
11097,-0.2046,0.1519,0.8918
11098,-0.2456,0.0505,0.9856
11099,-0.1750,0.0867,0.9741
11100,-0.0842,0.0881,0.9399
11101,0.0156,0.0308,1.0049
11102,0.0952,-0.0413,0.9653
11103,0.1289,-0.0701,0.9153
11104,0.1289,-0.1404,1.0142
11105,0.1685,-0.0713,0.9634
11106,0.1807,-0.0059,0.9536
11107,0.2246,-0.0295,1.0000
11108,0.2517,0.0564,0.9426
11109,0.2112,0.0217,0.9622
11110,0.2019,0.0498,0.9768
11111,0.0967,-0.0339,0.9573
11112,0.0269,0.0396,0.9399
11113,-0.0669,0.0081,0.9993
11114,-0.1306,0.0210,0.9807
11115,-0.2209,-0.0022,0.9751
11116,-0.3086,-0.0063,0.9885
11117,-0.2979,0.0061,1.0051
11118,-0.2656,0.0327,0.9690
11119,-0.2234,0.0720,0.9749
11120,-0.0823,0.0139,0.9578
11121,0.0596,-0.0234,0.9409
11122,0.1843,-0.0547,0.9351
11123,0.2383,-0.0337,0.9661
11124,0.2085,-0.0730,0.9631
11125,0.1665,0.0249,0.9604
11126,0.1172,-0.0151,1.0100
11127,0.0903,0.0615,0.9663
11128,0.1685,0.0129,0.9966
11129,0.2229,0.0088,0.9956
11130,0.2122,0.0293,0.9302
11131,0.2083,-0.0161,0.9790
11132,0.0603,-0.0884,0.9409
11133,-0.0481,-0.0115,0.9077
11134,-0.1001,-0.1470,1.0288
11135,-0.1584,0.0195,0.9329
11136,-0.1523,0.0139,0.9983
11137,-0.1741,-0.0051,1.0513
11138,-0.2239,0.1260,0.9517
11139,-0.2180,0.0920,1.0483
11140,-0.2500,0.1294,1.0032
11141,-0.1919,0.1255,0.8909
11142,-0.0974,-0.0237,0.9915
11143,-0.0398,0.0312,0.8625
11144,0.1128,-0.0103,0.9194
11145,0.1448,-0.1560,0.9858
11146,0.1450,0.0139,0.8608
11147,0.1348,-0.2092,1.0471
11148,0.1443,0.0012,0.9722
11149,0.1594,-0.0220,0.9897
11150,0.2415,-0.0188,1.0659
11151,0.2271,0.0635,0.9556
11152,0.2329,0.0659,0.9819
11153,0.1553,0.0181,1.0188
11154,0.0703,0.0874,0.8960
11155,-0.0144,-0.0227,0.9731
11156,-0.0891,-0.0508,0.9497
11157,-0.1252,0.0022,0.8892
11158,-0.1809,-0.0786,1.0005
11159,-0.2358,0.0308,0.9788
11160,-0.2727,0.0476,0.9658
11161,-0.2739,0.0422,1.0325
11162,-0.2219,-0.0024,0.9976
11163,-0.0854,0.0950,0.9534
11164,0.0022,-0.0120,1.0256
11165,0.2058,0.0588,0.9045
11166,0.2429,-0.0823,0.9524
11167,0.2373,-0.0178,0.9543
11168,0.2251,-0.0435,0.9438
11169,0.1462,-0.0833,1.0002
11170,0.0925,0.0312,0.9331
11171,0.1179,0.0142,0.9839
11172,0.1543,-0.0291,1.0061
11173,0.1504,0.0740,0.9231
11174,0.1545,0.0178,0.9956
11175,0.0652,-0.0503,1.0010
11176,0.0010,0.0247,0.8821
11177,-0.0706,-0.1089,1.0503
11178,-0.1301,-0.0312,0.9692
11179,-0.1362,0.0481,0.9397
11180,-0.2029,-0.0349,1.0601
11181,-0.2241,0.0930,0.9465
11182,-0.2605,-0.0007,0.9749
11183,-0.2415,0.0654,1.0142
11184,-0.1699,0.0493,0.9380
11185,-0.0427,0.0908,0.9243
11186,0.0378,0.0173,0.9937
11187,0.1199,0.1033,0.8762
11188,0.1077,-0.0288,0.9700
11189,0.1387,-0.0793,0.9905
11190,0.0894,-0.0667,0.9016
11191,0.0652,-0.1511,1.0376
11192,0.1606,-0.0261,0.9888
11193,0.1499,0.0176,0.9731
11194,0.2397,0.0732,1.0171
11195,0.2576,-0.0232,0.9944
11196,0.2507,0.0332,0.8997
11197,0.1782,-0.0320,0.9927
11198,0.0732,-0.0129,0.9565
11199,-0.0518,0.0757,0.8958
11200,-0.1711,0.0039,1.0210
11201,-0.3206,-0.0293,0.9937
11202,-0.3213,0.0479,0.9182
11203,-0.3455,-0.0476,1.0823
11204,-0.2793,0.1025,0.9692
11205,-0.1604,0.1208,0.9448
11206,-0.0491,-0.0173,1.0239
11207,0.0654,0.0200,0.9087
11208,0.1716,-0.0774,0.9084
11209,0.2424,-0.0945,0.9749
11210,0.2222,-0.1055,0.9321
11211,0.2207,0.0271,0.9380
11212,0.1704,-0.0618,1.0784
11213,0.1616,0.0547,0.9595
11214,0.1455,0.0652,0.9702
11215,0.1538,0.0015,1.0852
11216,0.1143,0.1104,0.9026
11217,0.0786,0.0508,0.9458
11218,0.0127,-0.1042,1.0220
11219,-0.0339,0.0115,0.8218
11220,-0.0515,-0.0791,0.9749
11221,-0.0972,-0.1399,1.0510
11222,-0.1184,0.0254,0.8696
11223,-0.1753,-0.0085,1.0579
11224,-0.2798,0.0664,1.0598
11225,-0.3132,0.1609,0.9429
11226,-0.3010,0.0691,1.0493
11227,-0.2378,0.0078,0.9817
11228,-0.0815,0.0378,0.8550
11229,0.0764,-0.0278,0.9683
11230,0.2007,0.0181,0.9058
11231,0.2366,-0.0176,0.8726
11232,0.1963,-0.0864,0.9995
11233,0.1462,-0.0913,0.9487
11234,0.1135,-0.0750,0.9973
11235,0.1357,-0.0254,1.0569
11236,0.1782,0.0979,0.9829
11237,0.1963,0.0527,1.0396
11238,0.1953,0.0281,0.9624
11239,0.1230,0.0234,0.9302
11240,0.0359,-0.0493,0.9641
11241,-0.0015,0.0457,0.9031
11242,-0.0684,-0.0378,0.9673
11243,-0.0676,0.0498,0.9263
11244,-0.1033,-0.0356,0.9827
11245,-0.1343,-0.0103,1.0012
11246,-0.1921,0.0444,0.9878
11247,-0.2490,0.0103,1.0630
11248,-0.2747,0.0686,1.0005
11249,-0.2546,0.0925,0.9563
11250,-0.1306,-0.0273,1.0093
11251,0.0349,-0.0051,0.8696
11252,0.1660,-0.0901,0.9136
11253,0.2830,-0.1252,0.9543
11254,0.2996,0.0095,0.8831
11255,0.2795,-0.0344,1.0139
11256,0.2307,0.0325,0.9966
11257,0.1812,-0.0054,0.9829
11258,0.1853,0.0146,1.0256
11259,0.1536,0.0579,1.0081
11260,0.1221,0.0444,0.9863
11261,0.1013,0.0681,0.9680
11262,-0.0005,-0.0535,0.9485
11263,-0.0298,0.0063,0.8967
11264,-0.1094,-0.1150,0.9807
11265,-0.1838,0.0051,0.9087
11266,-0.2600,-0.0251,0.9771
11267,-0.3154,-0.0144,1.0181
11268,-0.3286,0.1182,0.9670
11269,-0.3257,0.0083,1.0579
11270,-0.2329,0.0881,0.9836
11271,-0.1431,-0.0134,0.9797
11272,0.0332,0.0251,0.9761
11273,0.1055,0.0110,0.9211
11274,0.1763,-0.0085,0.9194
11275,0.2271,-0.0320,0.9409
11276,0.1943,-0.0579,0.9194
11277,0.1978,-0.0664,0.9663
11278,0.2002,-0.0605,0.9731
11279,0.1743,0.0183,0.9805
11280,0.1963,0.0325,1.0161
11281,0.1445,0.0288,0.9971
11282,0.0950,0.0378,0.9778
11283,0.0969,0.0000,1.0024
11284,0.0168,0.0403,0.9524
11285,-0.0396,0.0071,0.9712
11286,-0.1011,-0.0020,0.9602
11287,-0.2043,0.0269,0.9370
11288,-0.2458,-0.0168,0.9907
11289,-0.2781,-0.0005,0.9612
11290,-0.2622,0.0034,0.9722
11291,-0.1655,-0.0090,0.9890
11292,-0.0364,0.0488,0.9419
11293,0.0852,-0.0146,0.9924
11294,0.2163,0.0205,0.9446
11295,0.2322,-0.0305,0.9641
11296,0.2146,-0.0493,0.9817
11297,0.1348,0.0039,0.9526
11298,0.0981,-0.0320,1.0015
11299,0.0830,0.0293,0.9868
11300,0.1230,-0.0017,0.9624
11301,0.1931,-0.0012,0.9700
11302,0.2244,-0.0413,0.9575
11303,0.2449,-0.0015,0.9397
11304,0.1499,-0.0476,0.9536
11305,0.0757,0.0259,0.9512
11306,-0.0496,-0.0112,0.9680
11307,-0.1335,0.0754,0.9690
11308,-0.2056,-0.0217,1.0315
11309,-0.2485,0.0398,0.9856
11310,-0.3462,0.0066,1.0198
11311,-0.3335,0.0220,1.0071
11312,-0.3335,0.0112,0.9495
11313,-0.2634,0.0132,0.9565
11314,-0.1694,0.0093,0.9402
11315,-0.0322,0.0269,0.8999
11316,0.1194,0.0212,0.9282
11317,0.1709,-0.0244,0.9565
11318,0.2310,0.0095,0.9487
11319,0.2271,-0.0618,1.0286
11320,0.2183,-0.0093,0.9771
11321,0.1768,-0.0203,1.0088
11322,0.1436,-0.0212,1.0200
11323,0.1289,0.0742,0.9358
11324,0.0786,-0.0151,1.0044
11325,0.0747,-0.0032,0.9419
11326,0.0371,0.0225,0.9028
11327,0.0227,-0.0352,0.9780
11328,0.0012,-0.0022,0.9338
11329,-0.0334,-0.0017,0.9299
11330,-0.1077,-0.0234,1.0474
11331,-0.1865,0.0776,0.9973
11332,-0.2507,0.1040,1.0259
11333,-0.2666,0.0391,1.0317
11334,-0.2236,0.0352,0.9683
11335,-0.0776,0.0007,0.9126
11336,0.0830,-0.0166,0.9595
11337,0.1860,-0.0994,0.9028
11338,0.2654,0.0391,0.8567
11339,0.2231,-0.2124,1.0220
11340,0.2192,-0.0105,0.9006
11341,0.1274,-0.0933,0.9819
11342,0.1582,0.0469,1.0884
11343,0.1763,0.1116,0.9868
11344,0.1892,0.1721,1.0356
11345,0.2012,0.0149,1.0647
11346,0.1519,0.0190,0.9116
11347,0.0298,-0.0178,0.9250
11348,-0.0371,-0.0366,0.9387
11349,-0.1270,-0.0391,0.8704
11350,-0.1680,-0.0696,0.9106
11351,-0.1213,-0.0620,0.9739
11352,-0.1448,-0.0354,0.9749
11353,-0.1799,0.1055,0.9709
11354,-0.2925,0.0273,1.1301
11355,-0.3557,0.0991,1.0015
11356,-0.3508,0.1257,0.9761
11357,-0.2898,-0.0554,1.0933
11358,-0.1399,0.0820,0.8792
11359,0.0571,-0.0159,0.9097
11360,0.1472,-0.1277,1.0129
11361,0.2625,0.0032,0.7913
11362,0.3296,-0.1003,0.9536
11363,0.3069,-0.1345,1.0071
11364,0.2798,0.0281,0.8647
11365,0.2375,-0.0288,1.0452
11366,0.1816,0.0178,1.0581
11367,0.1267,0.1367,0.9319
11368,0.0437,0.0710,1.0786
11369,-0.0486,0.0376,1.0120
11370,-0.0525,0.0474,0.8989
11371,-0.0833,-0.0527,1.0190
11372,-0.1360,-0.0085,0.9204
11373,-0.0881,0.0203,0.8979
11374,-0.1621,-0.0642,1.0178
11375,-0.1523,0.0801,0.9038
11376,-0.1577,-0.0664,1.0151
11377,-0.0984,0.0222,1.0032
11378,-0.0476,0.0371,0.9583
11379,0.0464,-0.0217,1.0168
11380,0.0950,0.0068,0.9651
11381,0.1934,0.0071,0.9526
11382,0.2163,-0.0474,1.0181
11383,0.2415,0.0286,0.9036
11384,0.2092,-0.0618,0.9614
11385,0.1855,-0.0093,0.9602
11386,0.2014,0.0759,0.9387
11387,0.1541,0.0193,1.0178
11388,0.1589,0.0586,0.9712
11389,0.0762,-0.1033,0.9644
11390,0.0098,-0.0496,0.9504
11391,-0.0540,-0.0659,0.9917
11392,-0.0815,0.0903,0.9468
11393,-0.1528,-0.0066,1.0178
11394,-0.1580,0.0295,0.9634
11395,-0.1802,0.0486,0.9514
11396,-0.2629,0.0334,1.0083
11397,-0.2810,0.0361,0.9624
11398,-0.3171,-0.0212,0.9751
11399,-0.3325,-0.0044,0.9690
11400,-0.2251,0.0037,0.9568
11401,-0.1389,-0.0251,0.9663
11402,-0.0120,0.0286,0.9387
11403,0.1821,-0.0410,0.9663
11404,0.2239,-0.0630,0.9614
11405,0.3142,0.0347,0.9084
11406,0.3101,-0.0840,1.0347
11407,0.2446,0.0237,0.9390
11408,0.2065,0.0020,0.9780
11409,0.1489,-0.0486,1.0308
11410,0.1030,0.0493,0.9224
11411,0.0994,0.0027,0.9946
11412,0.0496,0.0164,0.9963
11413,0.0007,0.0808,0.9058
11414,-0.0728,-0.0093,1.0129
11415,-0.1274,0.0518,0.9407
11416,-0.1636,0.0645,0.9495
11417,-0.2168,-0.0225,1.0188
11418,-0.1506,0.0742,0.9390
11419,-0.1135,-0.0725,1.0042
11420,-0.0291,0.0107,0.9553
11421,0.0469,-0.0591,1.0005
11422,0.0925,-0.0300,0.9575
11423,0.1177,0.0264,0.9360
11424,0.1106,-0.1213,1.0090
11425,0.1370,0.0383,0.8901
11426,0.1265,-0.0205,0.9917
11427,0.1572,0.0227,1.0159
11428,0.2144,0.1238,0.9185
11429,0.1833,-0.0339,1.0198
11430,0.2039,-0.0076,0.9495
11431,0.1758,-0.1055,0.9360
11432,0.1077,-0.0750,0.9839
11433,0.0486,0.0271,0.9543
11434,-0.0393,0.0261,0.9729
11435,-0.1062,0.0750,0.9731
11436,-0.1318,0.0225,0.9749
11437,-0.1926,0.0449,0.9907
11438,-0.2102,0.0637,1.0015
11439,-0.2844,0.0737,0.9885
11440,-0.3701,0.0247,0.9534
11441,-0.3933,-0.0361,0.9761
11442,-0.3252,-0.0513,0.9526
11443,-0.2307,-0.0205,0.9341
11444,-0.0667,-0.0776,0.9797
11445,0.1047,-0.0408,0.9243
11446,0.1824,-0.0081,0.9475
11447,0.2683,0.0120,1.0344
11448,0.2876,0.0217,0.9663
11449,0.2625,0.0732,0.9670
11450,0.2292,-0.0830,1.0601
11451,0.1711,0.1008,0.9155
11452,0.1392,0.0239,0.9807
11453,0.1147,-0.0613,1.0110
11454,0.0623,0.0342,0.8530
11455,0.0603,-0.0559,0.9778
11456,0.0156,-0.0266,0.9829
11457,-0.0068,0.0522,0.8811
11458,-0.0525,-0.0183,1.0308
11459,-0.1206,0.0176,1.0032
11460,-0.1218,0.0955,0.9438
11461,-0.1760,-0.0159,1.0903
11462,-0.1384,0.0718,0.9688
11463,-0.1062,0.0146,0.9741
11464,-0.0051,-0.0127,0.9917
11465,0.0825,-0.0339,0.9272
11466,0.1218,-0.0872,0.9172
11467,0.1091,-0.0254,0.9429
11468,0.1060,-0.0415,0.9399
11469,0.1001,-0.0061,0.9517
11470,0.1045,-0.0056,0.9788
11471,0.1763,0.0266,1.0210
11472,0.2046,0.0422,0.9878
11473,0.2505,0.0730,1.0015
11474,0.1895,-0.0579,1.0142
11475,0.1333,0.0593,0.9136
11476,0.0264,-0.0671,1.0044
11477,-0.0322,0.0535,0.9368
11478,-0.0991,0.0095,0.9172
11479,-0.1489,0.0010,0.9719
11480,-0.1409,-0.0212,0.9409
11481,-0.1758,0.0146,0.9690
11482,-0.2332,0.0334,1.0034
11483,-0.3137,0.0310,1.0151
11484,-0.3569,0.0271,0.9602
11485,-0.3481,-0.0337,1.0159
11486,-0.2590,-0.0525,0.9768
11487,-0.1206,0.0330,0.9631
11488,0.0410,0.0093,0.9800
11489,0.1699,-0.0149,0.9409
11490,0.2693,-0.0615,0.9290
11491,0.3064,-0.0415,0.9524
11492,0.2676,-0.0039,0.9458
11493,0.2314,-0.0132,0.9595
11494,0.1697,-0.0005,0.9670
11495,0.1099,0.0002,0.9780
11496,0.0769,0.0244,1.0178
11497,0.0635,0.0559,0.9729
11498,0.0344,0.0386,0.9670
11499,-0.0010,-0.0371,0.9985
11500,-0.0171,0.0620,0.9397
11501,-0.0527,0.0415,1.0042
11502,-0.0730,0.0337,0.9878
11503,-0.1074,0.0017,0.9309
11504,-0.1157,-0.0500,0.9797
11505,-0.0583,-0.0325,0.9673
11506,-0.0520,-0.0171,0.9739
11507,-0.0645,0.0239,0.9751
11508,-0.0117,0.0017,0.9702
11509,-0.0029,-0.0613,0.9641
11510,0.0818,0.0103,0.9265
11511,0.1362,-0.0229,1.0051
11512,0.2158,0.0488,0.9504
11513,0.2419,0.0457,0.9680
11514,0.2314,-0.0171,0.9995
11515,0.1946,0.0125,0.9321
11516,0.1602,-0.0623,0.9875
11517,0.1272,-0.0176,0.9817
11518,0.0828,-0.0198,0.9312
11519,0.0938,-0.0066,0.9700
11520,0.0325,-0.0220,0.9680
11521,0.0293,0.1089,0.9426
11522,-0.1042,-0.0264,1.0337
11523,-0.1997,0.0896,0.9407
11524,-0.3586,0.0200,0.9888
11525,-0.4336,0.0881,1.0276
11526,-0.4761,0.0273,0.9934
11527,-0.4045,-0.0103,0.9663
11528,-0.2925,-0.0632,0.9788
11529,-0.1758,-0.0586,0.9263
11530,0.0393,0.0020,0.9395
11531,0.1047,-0.0945,0.9827
11532,0.2410,0.0479,0.8928
11533,0.2791,-0.0940,0.9944
11534,0.3228,0.0483,0.9419
11535,0.2820,-0.0217,0.9729
11536,0.2583,0.0156,1.0044
11537,0.1926,0.0132,0.9810
11538,0.1187,0.0420,0.9963
11539,0.0710,0.0298,0.9875
11540,-0.0149,0.0020,0.9600
11541,-0.0303,0.0085,0.9368
11542,-0.0344,0.0256,0.9524
11543,-0.0657,-0.0105,0.9888
11544,-0.0217,0.0369,0.9468
11545,-0.0522,0.0134,0.9829
11546,-0.1245,-0.0496,1.0110
11547,-0.0999,0.0420,0.9377
11548,-0.1265,-0.0696,1.0295
11549,-0.1165,0.0256,0.9868
11550,-0.0232,0.0420,0.9448
11551,0.0171,-0.0132,0.9993
11552,0.1279,-0.0017,0.9094
11553,0.1604,-0.0076,0.9338
11554,0.1267,-0.0120,0.9719
11555,0.1543,0.0620,0.9458
11556,0.1213,-0.0342,0.9797
11557,0.0752,-0.0532,0.9827
11558,0.1079,-0.0581,0.9692
11559,0.1521,0.0044,0.9885
11560,0.1875,0.0078,1.0005
11561,0.2090,-0.0056,0.9644
11562,0.1648,0.0168,0.9397
11563,0.1243,0.0037,0.9700
11564,0.0312,0.0337,0.9377
11565,-0.0791,0.0217,0.9497
11566,-0.1956,-0.0181,0.9875
11567,-0.3271,0.0457,0.9514
11568,-0.4207,0.0720,1.0132
11569,-0.4146,0.0259,1.0149
11570,-0.3728,-0.0015,0.9517
11571,-0.2815,-0.0376,1.0083
11572,-0.1216,0.0164,0.9849
11573,-0.0010,0.0776,0.9136
11574,0.0820,-0.0505,0.9866
11575,0.1919,-0.0359,0.9104
11576,0.2197,-0.0620,0.9250
11577,0.2727,-0.0583,1.0112
11578,0.2612,-0.0088,0.9272
11579,0.2104,0.0020,0.9465
11580,0.1533,-0.0771,1.0422
11581,0.0925,0.0435,0.9358
11582,0.0447,0.0581,0.9983
11583,-0.0042,-0.0044,1.0159
11584,-0.0310,0.0696,0.9065
11585,-0.0081,0.0010,0.9683
11586,0.0200,0.0029,1.0090
11587,0.0164,0.0103,0.9358
11588,-0.0315,0.0315,0.9934
11589,-0.1245,-0.0327,1.0286
11590,-0.1877,0.0347,0.9585
11591,-0.2515,0.0146,0.9954
11592,-0.2092,0.0176,0.9878
11593,-0.0730,0.0095,0.9458
11594,0.0593,0.0542,0.9299
11595,0.1875,0.0144,0.9409
11596,0.2720,-0.0776,0.9370
11597,0.2729,-0.0371,0.8979
11598,0.2224,-0.0754,0.9944
11599,0.1841,-0.0535,0.9924
11600,0.1562,0.0044,0.9683
11601,0.1287,-0.0042,1.0491
11602,0.1384,0.0181,0.9846
11603,0.1230,0.0479,0.9690
11604,0.1221,0.0063,0.9888
11605,0.1067,0.0925,0.9351
11606,0.0454,-0.0156,0.9360
11607,-0.0095,0.0220,0.9182
11608,-0.1145,-0.0549,0.9448
11609,-0.1743,0.0010,0.9438
11610,-0.2778,-0.0186,0.9983
11611,-0.3196,0.0193,1.0229
11612,-0.3403,0.0503,1.0227
11613,-0.3374,0.0601,1.0413
11614,-0.2769,0.0579,0.9880
11615,-0.1851,0.0208,0.9602
11616,-0.0645,-0.0244,0.9651
11617,0.0288,0.0188,0.9026
11618,0.1589,-0.0437,0.9280
11619,0.2097,-0.0935,0.9202
11620,0.2488,-0.0483,0.8857
11621,0.2517,-0.1462,1.0071
11622,0.2249,0.0010,0.9534
11623,0.1528,0.0220,1.0122
11624,0.1138,0.0696,1.0581
11625,0.0498,0.1184,0.9819
11626,0.0325,0.0955,0.9956
11627,-0.0037,-0.0115,1.0269
11628,-0.0344,0.0415,0.8765
11629,-0.0349,-0.0178,0.9583
11630,-0.1113,-0.0713,0.9846
11631,-0.1304,0.0522,0.8596
11632,-0.1807,-0.0974,1.0513
11633,-0.2153,-0.0371,0.9836
11634,-0.1511,0.0693,0.9146
11635,-0.0798,-0.0691,1.0881
11636,0.0435,0.1218,0.9575
11637,0.1436,0.0420,0.9702
11638,0.2349,0.0278,1.0200
11639,0.2549,-0.0527,0.9104
11640,0.2197,-0.0093,0.9136
11641,0.1863,-0.0505,1.0032
11642,0.1418,-0.0266,0.9175
11643,0.1489,0.0242,0.9302
11644,0.1296,-0.0825,1.0083
11645,0.1526,-0.0110,0.9272
11646,0.1870,-0.0532,0.9868
11647,0.1655,0.0098,1.0022
11648,0.1387,0.0652,0.9810
11649,0.1106,0.1179,0.9807
11650,0.0210,0.0662,1.0483
11651,-0.1016,0.0225,0.9475
11652,-0.2349,0.0361,0.9553
11653,-0.3777,-0.0796,1.0210
11654,-0.4263,0.0693,0.9124
11655,-0.5044,-0.0608,0.9963
11656,-0.3989,0.0178,0.9731
11657,-0.2756,0.0337,0.8833
11658,-0.1189,0.0112,0.9553
11659,0.0408,-0.0552,0.9690
11660,0.1658,0.0159,0.9241
11661,0.2026,-0.0083,1.0081
11662,0.2290,-0.0188,1.0190
11663,0.2009,-0.0273,0.9321
11664,0.1931,-0.0781,1.0178
11665,0.1426,-0.1082,1.0103
11666,0.1375,0.0854,0.9038
11667,0.0928,0.0208,1.0464
11668,0.0156,0.1121,0.9260
11669,0.0046,0.1035,0.8762
11670,0.0029,-0.1187,1.0276
11671,0.0081,0.0134,0.8638
11672,0.0107,-0.0173,0.9709
11673,-0.0352,-0.0378,1.0833
11674,-0.1365,0.0725,0.9282
11675,-0.1782,-0.0085,1.0754
11676,-0.2185,-0.0471,1.0745
11677,-0.1211,0.0964,0.8931
11678,0.0198,-0.0112,1.0278
11679,0.1147,0.0483,0.9565
11680,0.2290,0.1038,0.8276
11681,0.2119,-0.0725,0.9963
11682,0.1367,-0.0632,0.8882
11683,0.1226,-0.0417,0.8667
11684,0.0605,-0.1443,1.0540
11685,0.0642,-0.0176,0.9543
11686,0.1560,0.0444,0.9934
11687,0.1650,0.0061,1.1089
11688,0.2288,0.1184,0.9563
11689,0.2634,0.0056,0.9973
11690,0.2153,0.0178,0.9946
11691,0.1763,0.0508,0.8970
11692,0.0911,-0.0037,0.9280
11693,-0.0027,-0.0325,0.9377
11694,-0.0874,-0.0715,0.9204
11695,-0.2573,-0.0498,0.9690
11696,-0.4045,0.0034,1.0229
11697,-0.4656,0.0730,0.9895
11698,-0.5044,0.0740,1.0432
11699,-0.4211,0.1123,1.0356
11700,-0.2617,0.1335,0.9670
11701,-0.1174,0.0073,0.9810
11702,0.0259,-0.0686,0.9167
11703,0.1538,-0.0913,0.8921
11704,0.2351,-0.0938,0.9719
11705,0.2786,-0.0593,0.9243
11706,0.2737,-0.0330,0.9097
11707,0.2349,-0.1709,1.0278
11708,0.1899,0.0386,0.9116
11709,0.1060,0.0405,1.0344
11710,0.0322,0.0938,1.0569
11711,-0.0144,0.1841,0.9070
11712,-0.0691,0.0044,1.0435
11713,-0.0479,0.0220,0.9641
11714,-0.0554,-0.0322,0.9126
11715,-0.0522,-0.0515,1.0317
11716,-0.0906,-0.0281,0.9399
11717,-0.1260,0.0112,0.9407
11718,-0.1272,-0.0820,1.0425
11719,-0.0996,0.0103,0.9348
11720,-0.0081,0.0583,0.9639
11721,0.0625,0.0291,1.0298
11722,0.1409,0.1667,0.8862
11723,0.1323,-0.0225,0.9727
11724,0.1265,-0.0344,0.9653
11725,0.1289,-0.0759,0.9016
11726,0.1294,-0.0776,0.9976
11727,0.1260,-0.0327,0.9768
11728,0.1880,-0.0049,0.9448
11729,0.1819,-0.0664,1.0305
11730,0.2083,0.0303,0.9634
11731,0.2468,0.0159,0.9817
11732,0.1887,-0.0178,0.9973
11733,0.1694,0.0457,0.9009
11734,0.0916,-0.0454,0.9692
11735,0.0015,0.0396,0.9387
11736,-0.0557,0.0269,0.9741
11737,-0.1553,0.0208,1.0022
11738,-0.2700,0.0776,0.9817
11739,-0.3997,0.0256,1.0093
11740,-0.4800,0.1204,0.9973
11741,-0.4263,0.0464,0.9905
11742,-0.3459,0.0181,0.9927
11743,-0.2415,-0.0247,0.9282
11744,-0.0671,-0.0300,0.9399
11745,0.0691,-0.1257,0.9536
11746,0.1365,-0.0322,0.8850
11747,0.2322,-0.0950,0.9866
11748,0.2856,-0.0579,0.9507
11749,0.2859,0.0066,0.9260
11750,0.2578,-0.0686,1.0532
11751,0.2141,0.0708,0.9495
11752,0.1104,0.0601,1.0071
11753,0.0637,0.0806,1.0337
11754,-0.0427,0.1025,0.9497
11755,-0.1025,0.0254,0.9751
11756,-0.1060,-0.0066,0.9966
11757,-0.1023,-0.0156,0.9116
11758,-0.0911,-0.0442,0.9690
11759,-0.1030,-0.0273,0.9824
11760,-0.1113,0.0120,0.9604
11761,-0.1077,-0.0063,0.9907
11762,-0.0869,0.0068,0.9875
11763,-0.0564,-0.0127,0.9583
11764,0.0720,0.0789,0.9595
11765,0.1235,0.0166,0.9990
11766,0.1750,0.0591,0.9292
11767,0.1807,-0.0332,0.9546
11768,0.1108,-0.0562,0.9556
11769,0.1311,-0.0227,0.9329
11770,0.1226,-0.1045,0.9810
11771,0.1499,-0.0276,0.9370
11772,0.1980,-0.0842,1.0002
11773,0.2314,0.0500,0.9778
11774,0.1941,0.0835,0.9927
11775,0.1772,0.0432,1.0063
11776,0.1313,0.0098,0.9370
11777,0.0742,-0.0281,0.9553
11778,0.0493,0.0073,0.9800
11779,-0.0320,0.0117,0.9805
11780,-0.1521,0.0283,0.9722
11781,-0.2891,0.0496,0.9749
11782,-0.4331,-0.0110,1.0100
11783,-0.4946,0.0793,0.9417
11784,-0.4585,0.0117,0.9973
11785,-0.3198,0.0466,1.0022
11786,-0.0984,0.0657,0.9045
11787,0.0662,-0.0293,0.9839
11788,0.1655,-0.0808,0.9436
11789,0.1934,0.0005,0.8804
11790,0.1802,-0.1382,1.0376
11791,0.1438,-0.0325,0.9292
11792,0.1108,-0.0081,0.9326
11793,0.1221,-0.0950,1.0630
11794,0.1655,0.0981,0.9126
11795,0.1384,0.0161,1.0071
11796,0.1411,0.0747,1.0151
11797,0.0308,-0.0044,0.9221
11798,-0.0591,0.0144,0.9768
11799,-0.1233,-0.0444,1.0054
11800,-0.1895,0.0161,0.9348
11801,-0.1829,0.0454,1.0024
11802,-0.1189,0.0215,1.0129
11803,-0.0583,0.0605,0.9360
11804,0.0286,-0.0046,1.0161
11805,0.0938,0.0298,0.9653
11806,0.1079,0.0535,0.9280
11807,0.1035,-0.0208,0.9817
11808,0.1033,-0.0012,0.8999
11809,0.0771,-0.1204,0.9338
11810,0.0962,-0.0972,0.9624
11811,0.1172,-0.0698,0.9553
11812,0.1406,0.0027,1.0022
11813,0.1409,0.0510,0.9966
11814,0.1394,0.0767,1.0054
11815,0.1345,0.0261,1.0120
11816,0.1304,0.0864,0.9663
11817,0.1152,-0.0417,1.0022
11818,0.1304,0.0032,0.9077
11819,0.0994,-0.0566,0.9231
11820,0.0735,-0.0999,0.9692
11821,0.0352,-0.0393,0.9280
11822,-0.0825,-0.0581,0.9800
11823,-0.2229,0.0371,1.0015
11824,-0.3618,0.0623,0.9910
11825,-0.4175,0.1633,1.0071
11826,-0.4338,0.1064,1.0347
11827,-0.3093,0.1245,0.9641
11828,-0.1716,0.0210,0.9719
11829,-0.0068,-0.0046,0.9507
11830,0.0713,-0.1060,0.9087
11831,0.1279,-0.1028,0.9067
11832,0.1448,-0.1909,0.9536
11833,0.1782,-0.0640,0.8987
11834,0.1968,-0.0981,0.9810
11835,0.2188,-0.0107,0.9954
11836,0.2329,0.0886,0.9575
11837,0.2166,0.0791,1.0510
11838,0.1392,0.1265,1.0054
11839,0.0112,0.1108,0.9749
11840,-0.0603,0.0730,1.0015
11841,-0.1675,-0.0222,0.9807
11842,-0.1453,-0.0110,0.9124
11843,-0.1030,-0.1565,0.9885
11844,-0.0889,-0.0881,0.9243
11845,-0.0332,-0.0066,0.9426
11846,-0.0459,-0.0200,1.0579
11847,-0.0955,0.1504,0.9329
11848,-0.0728,0.0854,1.0051
11849,-0.0393,0.0271,1.0405
11850,0.0498,0.1570,0.8813
11851,0.1238,-0.0330,1.0061
11852,0.1509,-0.0771,0.9604
11853,0.1484,-0.0803,0.8450
11854,0.0918,-0.1438,1.0237
11855,0.0764,-0.0974,0.9487
11856,0.0996,-0.0032,0.9133
11857,0.1362,-0.0522,1.0637
11858,0.2180,0.1099,0.9680
11859,0.2327,0.1187,0.9873
11860,0.2236,0.0901,1.0461
11861,0.2029,0.0012,0.9299
11862,0.0898,-0.0696,0.9595
11863,-0.0337,-0.0364,0.9602
11864,-0.1213,-0.0059,0.9436
11865,-0.2249,-0.0754,0.9712
11866,-0.2769,-0.0042,0.9495
11867,-0.3284,0.0232,0.9868
11868,-0.3411,0.1023,0.9917
11869,-0.2979,0.1360,1.0022
11870,-0.2222,0.0962,0.9944
11871,-0.1250,0.0947,0.9595
11872,-0.0261,-0.0305,0.9836
11873,0.0737,-0.0469,0.9312
11874,0.1348,-0.0994,0.9163
11875,0.1963,-0.1770,0.9651
11876,0.2104,-0.1140,0.9058
11877,0.2400,-0.0337,0.9524
11878,0.2021,-0.0400,1.0110
11879,0.1902,0.0933,0.9282
11880,0.1628,0.0725,1.0110
11881,0.0984,0.0996,1.0256
11882,-0.0039,0.1367,0.9700
11883,-0.0381,0.0498,1.0220
11884,-0.1572,-0.0479,0.9836
11885,-0.1978,-0.0530,0.9250
11886,-0.2109,-0.1509,1.0159
11887,-0.2349,-0.0276,0.9292
11888,-0.1843,0.0349,0.9514
11889,-0.0901,0.0010,0.9956
11890,0.0095,0.1228,0.9224
11891,0.1484,0.0569,0.9846
11892,0.2207,0.0754,0.9849
11893,0.2190,-0.0005,0.9331
11894,0.1880,-0.0354,0.9614
11895,0.0725,-0.1104,0.9800
11896,0.0286,-0.0803,0.9653
11897,-0.0583,-0.0942,1.0012
11898,-0.0276,-0.0093,0.9768
11899,0.0254,0.0024,0.9641
11900,0.1396,0.0928,0.9741
11901,0.2214,0.1162,0.9768
11902,0.2241,0.1277,0.9604
11903,0.2039,0.0425,0.9575
11904,0.1582,-0.0759,0.9426
11905,0.0488,-0.1240,0.9309
11906,-0.0166,-0.1367,0.9790
11907,-0.0627,-0.1328,0.9907
11908,-0.1343,-0.0247,0.9885
11909,-0.1963,0.0435,1.0120
11910,-0.2634,0.1257,1.0139
11911,-0.2749,0.1531,0.9780
11912,-0.2656,0.1870,0.9944
11913,-0.2144,0.1396,0.9739
11914,-0.1006,0.1052,0.9175
11915,0.0132,-0.0645,0.9282
11916,0.0955,-0.1370,0.9114
11917,0.1282,-0.2412,0.9309
11918,0.1477,-0.1853,0.9426
11919,0.1428,-0.0942,0.9668
11920,0.1428,-0.0312,1.0161
11921,0.1523,0.1296,0.9731
11922,0.1592,0.0991,1.0520
11923,0.1755,0.1389,0.9846
11924,0.1272,0.0947,0.9546
11925,0.0256,-0.0056,1.0161
11926,-0.0481,0.0090,0.9399
11927,-0.1907,-0.0513,0.9526
11928,-0.2310,-0.1165,0.9934
11929,-0.2195,-0.0642,0.9104
11930,-0.1594,-0.0386,0.9663
11931,-0.0825,-0.0056,1.0159
11932,-0.0374,0.1094,0.9180
11933,0.0110,0.0862,1.0171
11934,0.0181,0.1089,1.0044
11935,0.0100,0.1558,0.9260
11936,0.0491,-0.0439,1.0081
11937,0.0808,-0.1082,0.9329
11938,0.1079,-0.1553,0.8940
11939,0.1145,-0.1611,0.9868
11940,0.1375,-0.0632,0.9485
11941,0.1421,-0.0149,0.9653
11942,0.1265,0.0442,0.9907
11943,0.1560,0.0671,1.0139
11944,0.2014,0.1328,0.9526
11945,0.1924,0.1084,1.0002
11946,0.1650,0.0039,1.0181
11947,0.1677,0.0542,0.9026
11948,0.0483,-0.1089,0.9976
11949,-0.0120,-0.1238,0.9565
11950,-0.0728,-0.0535,0.8901
11951,-0.1609,-0.0906,1.0327
11952,-0.2134,0.0469,0.9788
11953,-0.2515,0.1189,0.9387
11954,-0.2415,0.1074,1.0317
11955,-0.2266,0.1401,0.9661
11956,-0.1663,0.1155,0.9849
11957,-0.1084,0.0615,1.0103
11958,-0.0330,-0.0027,0.9114
11959,-0.0090,-0.1477,0.9583
11960,0.0669,-0.1367,0.9321
11961,0.0942,-0.1543,0.9146
11962,0.1643,-0.0913,0.9692
11963,0.1892,-0.0144,0.9524
11964,0.2407,0.0847,0.9341
11965,0.2297,0.0310,1.0474
11966,0.1599,0.0898,0.9778
11967,0.0933,0.1211,0.9924
11968,-0.0312,-0.0076,1.0708
11969,-0.1113,0.0996,0.9114
11970,-0.1887,-0.1050,1.0142
11971,-0.1865,-0.0667,0.9724
11972,-0.1572,-0.0327,0.9019
11973,-0.0933,-0.0168,0.9788
11974,-0.0894,0.0283,0.9438
11975,-0.0569,0.0940,0.9077
11976,-0.0413,0.0330,1.0259
11977,-0.0210,0.0769,0.9526
11978,0.0283,0.0171,0.9495
11979,0.0369,-0.0767,1.0334
11980,0.0684,-0.0310,0.9429
11981,0.0762,-0.0986,0.9807
11982,0.0562,-0.0754,1.0022
11983,0.0908,-0.0571,0.9358
11984,0.1350,0.0168,0.9434
11985,0.1431,0.0049,1.0083
11986,0.2188,0.1509,0.9104
11987,0.2339,0.0393,0.9888
11988,0.2529,0.0361,0.9927
11989,0.2341,0.0515,0.9260
11990,0.1233,-0.0493,1.0220
11991,0.0684,-0.0527,0.9663
11992,-0.0508,-0.1091,0.9387
11993,-0.1443,-0.0713,1.0083
11994,-0.1802,-0.0166,0.9705
11995,-0.2102,0.0715,0.9731
11996,-0.2141,0.0532,0.9976
11997,-0.1887,0.1492,0.9536
11998,-0.1699,0.0847,0.9800
11999,-0.1047,0.1414,0.9536
12000,-0.0742,0.0271,0.9653
12001,-0.0276,-0.0503,0.9563
12002,0.0149,-0.1018,0.9231
12003,0.0168,-0.1697,0.9641
12004,0.0269,-0.1243,0.9487
12005,0.0928,0.0122,0.9419
12006,0.1055,-0.0383,1.0239
12007,0.1846,0.0938,0.9465
12008,0.1997,0.0100,0.9868
12009,0.1458,0.0505,1.0149
12010,0.1140,0.0674,0.9631
12011,0.0447,0.0071,1.0015
12012,-0.0364,-0.0015,0.9771
12013,-0.0620,-0.0510,0.9690
12014,-0.0903,-0.0259,0.9788
12015,-0.1306,-0.0022,0.9634
12016,-0.1548,0.0347,0.9641
12017,-0.1965,0.0342,0.9536
12018,-0.1880,0.0610,0.9612
12019,-0.0940,0.0371,0.9829
12020,-0.0559,0.0203,0.9634
12021,0.0420,0.0198,0.9446
12022,0.1055,-0.0701,0.9907
12023,0.0920,-0.0300,0.9504
12024,0.1155,-0.0232,0.9465
12025,0.0989,-0.1414,1.0305
12026,0.1130,-0.0125,0.9114
12027,0.2009,0.0220,1.0051
12028,0.1992,0.0317,1.0259
12029,0.2451,0.1877,0.8840
12030,0.2156,-0.0054,0.9954
12031,0.1807,-0.0149,0.9680
12032,0.1514,-0.0623,0.9006
12033,0.0715,-0.0898,1.0042
12034,0.0178,-0.0627,0.9663
12035,-0.0366,-0.0122,0.9524
12036,-0.1345,0.0110,1.0227
12037,-0.1624,0.0105,1.0181
12038,-0.2114,0.0383,0.9778
12039,-0.2524,0.0864,1.0100
12040,-0.2273,0.1160,1.0127
12041,-0.2405,0.1372,0.9253
12042,-0.1460,0.1152,0.9534
12043,-0.0613,-0.0576,0.9517
12044,0.0000,-0.0513,0.8618
12045,0.0730,-0.1946,0.9553
12046,0.0742,-0.1228,0.9419
12047,0.0828,-0.0305,0.9243
12048,0.1099,-0.0374,1.0376
12049,0.1282,0.0322,0.9866
12050,0.1877,0.0608,0.9800
12051,0.2036,-0.0271,1.0659
12052,0.1826,0.0881,0.9634
12053,0.1201,0.0461,0.9897
12054,-0.0029,0.0476,1.0161
12055,-0.0864,0.0144,0.9192
12056,-0.1160,-0.0315,0.9553
12057,-0.1658,-0.0974,0.9556
12058,-0.1155,-0.0056,0.8950
12059,-0.0940,-0.0129,0.9819
12060,-0.1140,0.0505,0.9670
12061,-0.1072,0.0752,0.9622
12062,-0.1196,0.0305,1.0269
12063,-0.0632,0.0994,0.9634
12064,-0.0044,-0.0039,1.0149
12065,0.0610,-0.0239,0.9937
12066,0.1191,-0.0630,0.9253
12067,0.1116,-0.1084,0.9810
12068,0.0840,-0.0859,0.9253
12069,0.1353,0.0137,0.9185
12070,0.0991,-0.0940,1.0171
12071,0.1848,0.0815,0.8948
12072,0.2432,-0.0090,0.9797
12073,0.2603,0.0549,1.0190
12074,0.2671,0.1340,0.9575
12075,0.1775,0.0325,1.0159
12076,0.0579,-0.0127,1.0002
12077,0.0024,-0.0376,0.9409
12078,-0.0894,-0.0481,0.9993
12079,-0.1321,-0.0288,0.9888
12080,-0.1589,-0.0173,0.9377
12081,-0.2070,0.0281,0.9653
12082,-0.2249,0.0674,0.9722
12083,-0.2463,0.0491,0.9468
12084,-0.1863,0.0730,0.9487
12085,-0.1672,-0.0549,1.0044
12086,-0.1138,0.0740,0.9094
12087,-0.0461,-0.0134,0.9956
12088,-0.0017,-0.0242,0.9866
12089,0.0667,-0.0415,0.9426
12090,0.1519,-0.0967,1.0034
12091,0.1484,-0.0220,0.9514
12092,0.2173,-0.0198,0.9487
12093,0.2007,-0.0073,0.9771
12094,0.1753,0.0593,0.9338
12095,0.1643,0.0020,1.0005
12096,0.0908,0.0068,0.9514
12097,0.0515,0.0295,0.9719
12098,-0.0222,-0.0286,1.0146
12099,-0.0857,0.0808,0.9573
12100,-0.1282,-0.0496,1.0269
12101,-0.1587,0.0312,0.9583
12102,-0.1675,0.0249,0.9690
12103,-0.1567,0.0002,1.0012
12104,-0.1443,0.1394,0.9175
12105,-0.1089,0.0105,0.9685
12106,-0.0171,-0.0017,0.9644
12107,0.0110,-0.0964,0.8896
12108,0.1013,-0.0281,0.9731
12109,0.1208,-0.1028,1.0081
12110,0.1260,0.0208,0.9016
12111,0.0845,-0.0840,1.0283
12112,0.0959,-0.0439,1.0015
12113,0.1318,0.0481,0.9458
12114,0.1353,-0.0032,1.0474
12115,0.1880,0.0952,0.9673
12116,0.2007,0.0776,0.9409
12117,0.1892,0.0518,0.9915
12118,0.1646,-0.0049,0.9250
12119,0.1072,-0.1011,0.9377
12120,0.0527,-0.0845,0.9546
12121,-0.0276,-0.0425,0.9524
12122,-0.0776,0.0488,0.9897
12123,-0.1611,0.0068,1.0110
12124,-0.2581,0.0459,0.9800
12125,-0.3218,0.0217,1.0229
12126,-0.3208,0.1045,0.9954
12127,-0.2942,0.1313,0.9819
12128,-0.2102,0.0854,0.9819
12129,-0.0874,0.0420,0.9387
12130,-0.0327,-0.0786,0.9165
12131,0.0540,-0.0974,0.9094
12132,0.1096,-0.1736,0.9241
12133,0.1907,-0.0339,0.9351
12134,0.2422,-0.0449,0.9956
12135,0.2971,0.0166,0.9905
12136,0.2942,0.0203,0.9827
12137,0.2793,0.0513,1.0178
12138,0.2219,0.0325,1.0217
12139,0.1091,0.0706,0.9719
12140,0.0212,0.0515,0.9868
12141,-0.0762,0.0027,0.9858
12142,-0.1443,-0.0002,0.8921
12143,-0.1475,-0.0833,0.9739
12144,-0.1697,-0.0703,0.9517
12145,-0.1677,0.0217,0.9194
12146,-0.1680,0.0103,1.0210
12147,-0.1565,0.0825,0.9700
12148,-0.0923,0.0869,0.9524
12149,-0.0229,-0.0183,1.0295
12150,0.0337,0.0303,0.9436
12151,0.1055,-0.0110,0.9368
12152,0.1106,-0.0710,1.0054
12153,0.1084,-0.0664,0.9214
12154,0.0894,-0.0562,0.9468
12155,0.0771,-0.1116,1.0071
12156,0.1055,-0.0315,0.9175
12157,0.1277,0.0220,0.9807
12158,0.1462,0.0801,1.0315
12159,0.2180,0.1350,0.9602
12160,0.1685,0.0498,1.0142
12161,0.1196,0.0320,0.9644
12162,0.0725,0.0000,0.9526
12163,-0.0205,-0.0779,0.9695
12164,-0.0747,-0.0076,0.9397
12165,-0.1580,-0.1382,0.9751
12166,-0.1545,0.0029,0.9458
12167,-0.2068,-0.0439,0.9839
12168,-0.2166,0.1125,0.9729
12169,-0.2415,0.0730,0.9917
12170,-0.2126,0.1169,0.9858
12171,-0.1604,0.0879,0.9819
12172,-0.0996,0.0303,0.9624
12173,0.0127,-0.0339,0.9636
12174,0.0754,-0.1072,0.9399
12175,0.1353,-0.0752,0.9204
12176,0.1917,-0.1438,0.9751
12177,0.2397,-0.0830,0.9224
12178,0.2393,-0.0474,0.9731
12179,0.2566,0.0269,0.9954
12180,0.1995,0.1060,0.9670
12181,0.1504,0.1204,1.0132
12182,0.0967,0.0999,1.0227
12183,0.0217,0.0681,0.9653
12184,-0.0044,0.0186,0.9924
12185,-0.0637,-0.0681,0.9739
12186,-0.0869,-0.0354,0.9106
12187,-0.1238,-0.0908,0.9768
12188,-0.1914,-0.0247,0.9546
12189,-0.2310,0.0120,0.9426
12190,-0.2014,0.0308,1.0034
12191,-0.2014,0.0847,0.9761
12192,-0.1096,0.0859,0.9771
12193,-0.0107,0.0220,0.9868
12194,0.0437,-0.0164,0.9465
12195,0.0967,-0.0469,0.9634
12196,0.1458,-0.0728,0.9722
12197,0.1577,-0.0991,0.9614
12198,0.1675,-0.0549,0.9495
12199,0.1606,-0.0032,0.9468
12200,0.1860,0.0266,0.9829
12201,0.2114,0.0107,0.9790
12202,0.2383,0.0754,0.9712
12203,0.2197,0.0513,1.0198
12204,0.1597,0.0706,0.9622
12205,0.0613,0.0286,0.9602
12206,-0.0137,-0.0840,0.9846
12207,-0.1602,-0.0696,0.9524
12208,-0.2183,-0.0327,0.9595
12209,-0.3091,-0.0339,1.0022
12210,-0.3198,0.0220,0.9612
12211,-0.3005,0.0664,0.9729
12212,-0.2368,0.0493,1.0090
12213,-0.1614,0.1008,0.9543
12214,-0.0439,0.0903,0.9446
12215,0.0164,0.0276,0.9797
12216,0.1133,-0.0129,0.9106
12217,0.1741,-0.1257,0.9587
12218,0.1980,-0.1270,0.9478
12219,0.2156,-0.1262,0.9299
12220,0.1553,-0.1138,0.9976
12221,0.1663,0.0205,0.9866
12222,0.1279,0.0981,0.9934
12223,0.1021,0.1230,1.0337
12224,0.0852,0.1101,0.9946
12225,0.0193,0.0940,0.9624
12226,0.0071,0.0659,0.9934
12227,0.0308,-0.0015,0.9624
12228,0.0027,-0.0286,0.9065
12229,-0.0176,-0.1099,0.9700
12230,-0.0479,-0.1360,0.9517
12231,-0.1267,-0.0129,0.9270
12232,-0.2058,-0.0090,1.0012
12233,-0.2505,0.1294,1.0012
12234,-0.1943,0.1050,0.9905
12235,-0.0637,0.1091,0.9868
12236,0.0149,-0.0549,1.0002
12237,0.1477,0.0220,0.9263
12238,0.1941,-0.0173,0.9514
12239,0.1099,-0.1621,0.9946
12240,0.0667,-0.0898,0.8694
12241,0.0251,-0.1768,0.9888
12242,0.0388,-0.0090,0.9751
12243,0.1230,0.0825,0.9475
12244,0.2146,0.0442,1.0325
12245,0.3015,0.0950,0.9856
12246,0.2534,0.1082,0.9546
12247,0.1904,0.0552,1.0188
12248,0.0132,-0.0034,0.9653
12249,-0.1379,0.0376,0.9233
12250,-0.2161,-0.1167,1.0435
12251,-0.2415,-0.0681,0.9026
12252,-0.2219,-0.0640,0.9409
12253,-0.1946,-0.1350,1.0591
12254,-0.1616,0.1499,0.9172
12255,-0.1863,0.1477,1.0093
12256,-0.1687,0.1372,1.0432
12257,-0.1062,0.0896,0.8921
12258,-0.0430,-0.0056,0.9573
12259,0.0437,-0.0803,0.9836
12260,0.1467,-0.0608,0.8716
12261,0.1746,-0.1038,0.9485
12262,0.1648,-0.1345,0.9993
12263,0.1626,-0.0747,0.9087
12264,0.1477,-0.0671,1.0227
12265,0.1345,0.0168,1.0090
12266,0.1880,0.1555,0.9712
12267,0.1958,0.1550,1.0278
12268,0.1406,0.1450,1.0032
12269,0.1248,0.0720,0.9526
12270,0.0417,-0.0332,0.9790
12271,-0.0608,-0.0828,0.9456
12272,-0.1367,-0.0918,0.9192
12273,-0.2041,-0.1099,0.9768
12274,-0.2278,-0.0239,0.9253
12275,-0.2122,-0.0381,0.9966
12276,-0.1997,0.0452,0.9836
12277,-0.1162,0.1436,0.9563
12278,-0.0757,0.0894,1.0295
12279,-0.0579,0.0828,0.9526
12280,0.0132,0.0278,0.9368
12281,0.0735,-0.1157,1.0181
12282,0.1277,-0.0757,0.9272
12283,0.2346,-0.0942,0.9331
12284,0.2437,-0.1650,1.0200
12285,0.2913,0.0151,0.8843
12286,0.2947,0.0051,0.9788
12287,0.1958,0.0315,1.0229
12288,0.1570,0.1765,0.9165
12289,0.0730,0.0786,1.0171
12290,0.0334,0.0649,0.9868
12291,0.0046,-0.0264,0.9329
12292,-0.0322,-0.0413,0.9995
12293,-0.1038,-0.1008,0.9946
12294,-0.1858,-0.0386,0.9390
12295,-0.3140,-0.0593,1.0090
12296,-0.3931,-0.0020,0.9944
12297,-0.3721,0.1045,0.9563
12298,-0.2876,0.1182,1.0081
12299,-0.1543,0.1238,0.9585
12300,0.0081,0.0774,0.9204
12301,0.0964,-0.0234,0.9651
12302,0.1580,-0.0527,0.9243
12303,0.1892,-0.1021,0.9299
12304,0.1453,-0.1487,0.9700
12305,0.1580,-0.0935,0.9382
12306,0.2026,-0.0974,1.0024
12307,0.2283,0.0005,0.9875
12308,0.2537,0.0862,1.0139
12309,0.2380,0.1155,0.9866
12310,0.1479,0.1116,1.0002
12311,0.0803,0.0505,0.9897
12312,0.0005,0.0962,0.9202
12313,-0.0601,-0.0688,0.9915
12314,-0.0359,-0.0251,0.9312
12315,-0.1025,-0.0710,0.9192
12316,-0.1248,-0.0754,1.0034
12317,-0.1711,-0.0698,0.9556
12318,-0.2527,0.0417,0.9292
12319,-0.2617,0.0405,1.0737
12320,-0.2163,0.1240,0.9758
12321,-0.1594,0.1196,0.9536
12322,-0.0286,-0.0266,1.0171
12323,0.0710,-0.0322,0.9331
12324,0.1440,-0.0286,0.9116
12325,0.1694,-0.1008,1.0002
12326,0.1501,-0.1575,0.9446
12327,0.1848,-0.0078,0.8987
12328,0.1689,-0.0569,1.0630
12329,0.1946,0.0701,0.9485
12330,0.2686,0.0820,0.9465
12331,0.2456,0.0334,1.0383
12332,0.1987,0.1030,0.9565
12333,0.1853,0.0586,0.9663
12334,0.0117,-0.0198,1.0139
12335,-0.0737,-0.0129,0.9087
12336,-0.1619,-0.1030,0.9878
12337,-0.2556,-0.0779,0.9702
12338,-0.2930,0.0137,0.9497
12339,-0.3157,-0.0159,1.0024
12340,-0.2874,0.1309,0.9751
12341,-0.2273,0.0613,0.9817
12342,-0.1494,0.1328,0.9709
12343,-0.0452,-0.0059,0.9700
12344,0.0752,0.0112,0.9319
12345,0.1016,-0.0493,0.9504
12346,0.1882,-0.0911,0.9690
12347,0.1523,-0.1011,0.9429
12348,0.1372,-0.0605,0.9407
12349,0.1350,-0.1001,1.0190
12350,0.1218,-0.0068,0.9583
12351,0.1772,0.1018,0.9702
12352,0.1716,0.0337,1.0530
12353,0.2141,0.1877,0.9321
12354,0.1785,0.0410,1.0120
12355,0.0635,0.0237,0.9883
12356,-0.0576,-0.0129,0.9153
12357,-0.1328,-0.0889,0.9829
12358,-0.1963,-0.0557,0.9553
12359,-0.2014,-0.0376,0.9485
12360,-0.2014,0.0388,1.0024
12361,-0.1831,0.0674,0.9846
12362,-0.1580,0.0842,0.9507
12363,-0.1584,0.0288,0.9768
12364,-0.1157,-0.0203,0.9524
12365,-0.0215,0.0054,0.9351
12366,0.0938,-0.0647,0.9849
12367,0.1887,-0.0164,0.9487
12368,0.2620,-0.1106,0.9729
12369,0.2563,-0.1357,0.9790
12370,0.2229,-0.0615,0.9673
12371,0.1797,0.0417,1.0042
12372,0.1526,0.1206,1.0120
12373,0.1714,0.1653,0.9604
12374,0.1814,0.0938,0.9709
12375,0.1765,0.0134,0.9478
12376,0.1472,-0.0288,0.9202
12377,0.0791,-0.0608,0.9348
12378,-0.0376,-0.1094,0.9719
12379,-0.1497,-0.0530,0.9517
12380,-0.2727,-0.0205,0.9985
12381,-0.3247,-0.0300,1.0344
12382,-0.3430,0.0811,0.9644
12383,-0.3140,0.0681,1.0413
12384,-0.2356,0.1536,1.0083
12385,-0.1738,0.1230,0.9338
12386,-0.1191,-0.0071,0.9771
12387,-0.0613,-0.0356,0.8831
12388,0.0081,-0.1208,0.8806
12389,0.0850,-0.1594,0.9612
12390,0.2112,-0.1018,0.9077
12391,0.2849,-0.0669,0.9797
12392,0.3430,-0.0186,1.0315
12393,0.3171,0.0791,0.9954
12394,0.2310,0.0879,1.0405
12395,0.1631,0.1345,1.0171
12396,0.0322,0.0898,0.9827
12397,0.0198,0.1104,0.9644
12398,0.0149,0.0142,0.9885
12399,-0.0364,-0.0730,0.9263
12400,-0.0361,-0.0745,0.8804
12401,-0.1042,-0.2036,0.9780
12402,-0.2009,-0.0239,0.9045
12403,-0.2473,0.0549,0.9780
12404,-0.2708,0.0249,1.0923
12405,-0.2002,0.1584,0.9348
12406,-0.1243,0.0542,1.0122
12407,-0.0249,-0.0063,1.0522
12408,0.1250,0.0637,0.8765
12409,0.1387,-0.0588,0.9846
12410,0.1621,-0.1128,0.9673
12411,0.1741,-0.0596,0.8616
12412,0.1479,-0.1226,0.9653
12413,0.1702,-0.0596,0.9692
12414,0.2244,-0.0295,0.9075
12415,0.2781,0.1221,1.0012
12416,0.2791,0.1328,1.0549
12417,0.2478,0.1677,0.9866
12418,0.1470,0.0378,1.0166
12419,0.0137,-0.0461,0.9819
12420,-0.1028,-0.0464,0.9214
12421,-0.1663,-0.0632,0.9897
12422,-0.1853,-0.0486,0.9446
12423,-0.2263,-0.0239,0.9517
12424,-0.2520,-0.0198,0.9778
12425,-0.2603,0.0601,0.9485
12426,-0.2744,0.0327,0.9800
12427,-0.2300,0.0723,0.9641
12428,-0.1799,0.0505,0.9797
12429,-0.0923,0.0327,1.0139
12430,0.0127,0.0488,0.9426
12431,0.0242,-0.1265,0.9722
12432,0.0276,-0.1404,0.9514
12433,0.1143,-0.0654,0.9241
12434,0.1458,-0.0300,1.0208
12435,0.2063,0.0750,0.9282
12436,0.2292,0.0007,0.9553
12437,0.2339,0.0012,0.9956
12438,0.2231,0.1077,0.9468
12439,0.1519,0.0408,1.0083
12440,0.1128,0.0525,0.9868
12441,0.0425,-0.0220,0.9573
12442,0.0371,0.0078,0.9973
12443,-0.0234,-0.0583,0.9944
12444,-0.0796,-0.0017,0.9448
12445,-0.1392,-0.0002,0.9700
12446,-0.2178,0.0334,0.9827
12447,-0.2769,0.1582,0.9543
12448,-0.2212,0.0776,0.9895
12449,-0.1582,-0.0410,0.9583
12450,-0.0271,-0.1243,0.8743
12451,0.0938,-0.1013,0.9634
12452,0.1553,-0.1042,0.9993
12453,0.1892,0.0173,0.9221
12454,0.1602,-0.1431,1.0405
12455,0.1399,-0.0120,0.9624
12456,0.1938,0.0808,0.9741
12457,0.2268,0.0835,1.0530
12458,0.2773,0.1663,0.9348
12459,0.2693,0.0562,0.9827
12460,0.1931,0.0681,0.9585
12461,0.0630,-0.0034,0.9341
12462,-0.0359,-0.1091,0.9604
12463,-0.1216,-0.0742,0.9058
12464,-0.1494,-0.1121,0.9641
12465,-0.1355,-0.0330,0.9956
12466,-0.1265,0.0637,0.9644
12467,-0.1655,0.0244,1.0647
12468,-0.2625,0.1057,1.0044
12469,-0.3247,0.1440,0.9622
12470,-0.3333,0.0137,1.0474
12471,-0.2622,0.0352,0.9065
12472,-0.1265,-0.0610,0.9351
12473,0.0132,-0.1108,0.9719
12474,0.1416,-0.0586,0.8748
12475,0.1797,-0.1138,0.9368
12476,0.1709,-0.0491,0.9663
12477,0.1326,-0.0264,0.9631
12478,0.1057,0.0652,0.9768
12479,0.1174,0.0701,1.0432
12480,0.1648,0.0447,1.0012
12481,0.1995,0.1138,0.9768
12482,0.2102,0.0059,1.0366
12483,0.1812,0.0266,0.9370
12484,0.0835,-0.0469,0.9224
12485,0.0205,-0.0847,0.9829
12486,-0.0330,-0.0278,0.9214
12487,-0.0718,0.0051,0.9290
12488,-0.0972,-0.0229,1.0122
12489,-0.1780,0.0420,0.9492
12490,-0.2131,0.0889,0.9895
12491,-0.2156,0.0688,1.0637
12492,-0.1926,0.0835,0.9468
12493,-0.1069,0.0212,0.9661
12494,0.0034,-0.1499,0.9927
12495,0.1265,-0.0330,0.8608
12496,0.2378,-0.1096,0.9653
12497,0.2578,-0.0984,0.9739
12498,0.2424,-0.0334,0.8938
12499,0.2327,-0.0344,1.0256
12500,0.1851,0.0645,1.0034
12501,0.1733,0.1619,0.9680
12502,0.1819,0.0891,1.0442
12503,0.1606,0.1021,0.9839
12504,0.1172,0.0603,0.9556
12505,0.0623,-0.0032,0.9700
12506,-0.0225,-0.0979,0.9646
12507,-0.1038,-0.0562,0.8921
12508,-0.1616,-0.0610,0.9709
12509,-0.2573,-0.0955,1.0149
12510,-0.3147,0.1135,0.8970
12511,-0.4172,0.0073,1.0649
12512,-0.3606,0.0430,1.0181
12513,-0.3286,0.0999,0.9211
12514,-0.2373,-0.0068,1.0415
12515,-0.0737,-0.0017,0.9719
12516,0.0376,-0.0352,0.8325
12517,0.1003,-0.0754,0.9915
12518,0.1211,-0.1411,0.9485
12519,0.2019,0.0237,0.8723
12520,0.2048,-0.0784,1.0667
12521,0.2280,0.0730,0.9839
12522,0.2556,0.1211,0.9407
12523,0.2546,0.0432,1.0764
12524,0.2524,0.0454,0.9575
12525,0.1685,0.0244,0.9163
12526,0.1062,-0.0217,1.0386
12527,0.0188,-0.0315,0.9360
12528,-0.0432,0.0400,0.8767
12529,-0.1091,-0.1055,1.0435
12530,-0.0896,-0.0469,0.9390
12531,-0.1008,0.0635,0.9172
12532,-0.1609,0.0652,1.0972
12533,-0.2144,0.1743,0.9817
12534,-0.1970,0.1758,0.9446
12535,-0.1689,-0.0686,1.0630
12536,-0.0562,-0.0708,0.8647
12537,0.0969,-0.1560,0.8882
12538,0.1848,-0.1685,0.9937
12539,0.2388,-0.1335,0.8804
12540,0.2000,-0.0950,0.9446
12541,0.1353,-0.0908,1.0366
12542,0.1675,0.0986,0.9692
12543,0.1614,0.1641,1.0608
12544,0.1768,0.1914,1.0627
12545,0.2161,0.1787,0.9536
12546,0.1721,0.0234,0.9985
12547,0.1414,0.0398,0.9231
12548,0.0615,-0.1042,0.9202
12549,-0.0474,-0.0938,0.9116
12550,-0.1047,-0.1323,0.9136
12551,-0.1597,-0.1169,0.9573
12552,-0.2495,-0.0466,0.9768
12553,-0.2737,0.0608,1.0190
12554,-0.3149,0.0793,1.0530
12555,-0.3481,0.1511,1.0042
12556,-0.3186,0.1052,1.0269
12557,-0.2817,0.0242,1.0012
12558,-0.1968,0.0203,0.9241
12559,-0.0654,-0.0791,0.9207
12560,0.0356,-0.1558,0.9058
12561,0.1572,-0.0925,0.8831
12562,0.2881,-0.0857,0.9690
12563,0.3267,-0.0063,0.9717
12564,0.3276,0.0652,0.9536
12565,0.2900,0.0256,1.0579
12566,0.2068,0.0979,0.9792
12567,0.1323,0.1194,1.0112
12568,0.0491,0.0149,1.0686
12569,0.0376,0.1177,0.9094
12570,0.0466,-0.0532,0.9788
12571,0.0251,-0.1179,0.9749
12572,0.0291,-0.0156,0.8579
12573,-0.0293,-0.1050,1.0103
12574,-0.1177,0.0129,0.9495
12575,-0.2061,0.0493,0.9407
12576,-0.2847,0.0789,1.0608
12577,-0.2371,0.1641,0.9895
12578,-0.1331,0.0469,0.9817
12579,-0.0212,-0.0386,0.9739
12580,0.1033,-0.0918,0.8989
12581,0.1516,-0.0964,0.9583
12582,0.1309,-0.0945,0.9456
12583,0.1440,-0.0979,0.9270
12584,0.1133,-0.1548,0.9702
12585,0.1584,0.0281,0.9563
12586,0.2349,0.0518,1.0273
12587,0.2825,0.1567,1.0286
12588,0.2646,0.1733,1.0090
12589,0.2368,0.1487,1.0278
12590,0.1143,0.0576,0.9819
12591,0.0369,-0.0046,0.9036
12592,-0.0361,-0.1396,0.9495
12593,-0.1045,-0.1033,0.8953
12594,-0.1079,-0.0225,0.8870
12595,-0.1997,-0.0950,1.0100
12596,-0.2886,0.0327,0.9377
12597,-0.3508,0.0164,1.0112
12598,-0.4802,0.0391,1.0679
12599,-0.4192,0.1082,0.9985
12600,-0.3149,0.0432,1.0232
12601,-0.1956,0.0222,1.0005
12602,0.0210,-0.0144,0.9417
12603,0.1675,-0.0349,0.9009
12604,0.2761,-0.1077,0.9192
12605,0.3418,-0.1125,0.9058
12606,0.3484,-0.0010,0.8860
12607,0.3071,0.0049,1.0093
12608,0.2773,0.0608,0.9888
12609,0.1831,0.0789,0.9683
12610,0.1028,0.0208,1.0940
12611,0.0129,0.0857,0.9888
12612,-0.0464,0.0886,0.9631
12613,-0.0945,-0.0747,1.0630
12614,-0.0569,0.0491,0.8755
12615,-0.0198,-0.0513,0.9583
12616,-0.0198,-0.0820,0.9683
12617,-0.0127,0.0054,0.8538
12618,-0.1062,-0.0479,1.0005
12619,-0.1667,0.0674,0.9868
12620,-0.2051,0.0725,0.9543
12621,-0.2041,0.0051,1.0298
12622,-0.1184,0.0071,0.9668
12623,0.0186,-0.0586,0.9595
12624,0.1003,-0.0762,0.9836
12625,0.2058,-0.0317,0.9221
12626,0.2358,-0.0637,0.9778
12627,0.1921,-0.0281,0.9438
12628,0.2065,0.0190,0.9614
12629,0.2085,-0.0054,1.0112
12630,0.2302,0.1238,0.9592
12631,0.2434,0.0435,1.0256
12632,0.2346,0.0378,1.0093
12633,0.1565,0.0884,0.9331
12634,0.0588,0.0281,1.0139
12635,-0.0127,0.0330,0.9429
12636,-0.1260,-0.0381,0.8967
12637,-0.1936,-0.0625,0.9448
12638,-0.2639,-0.0693,0.9644
12639,-0.3071,-0.0090,0.9543
12640,-0.3384,0.0515,1.0051
12641,-0.3792,-0.0227,1.0386
12642,-0.3254,0.0425,0.9702
12643,-0.2695,-0.0698,0.9915
12644,-0.1733,-0.0522,1.0051
12645,-0.0181,-0.0073,0.9468
12646,0.1079,0.0566,0.9417
12647,0.2104,0.0403,0.9790
12648,0.3179,0.0427,0.9143
12649,0.3252,0.0098,0.8931
12650,0.2986,-0.0967,0.9709
12651,0.2566,-0.0464,0.9485
12652,0.1753,0.0249,0.9731
12653,0.0696,0.0225,1.0786
12654,0.0017,0.0271,0.9954
12655,-0.0627,0.0686,0.9819
12656,-0.1033,-0.0093,1.0471
12657,-0.0266,0.0923,0.9458
12658,-0.0422,-0.0198,0.9729
12659,-0.0095,0.0486,0.9370
12660,-0.0442,-0.0552,0.9321
12661,-0.1611,0.0203,0.9302
12662,-0.1880,0.0393,0.9573
12663,-0.2075,-0.0647,0.9700
12664,-0.1658,-0.0476,0.9465
12665,-0.0342,-0.0664,0.9895
12666,0.0964,-0.0171,0.9790
12667,0.1758,-0.0281,0.9797
12668,0.2349,-0.0437,0.9663
12669,0.2424,0.0071,0.9758
12670,0.2327,0.0088,0.9917
12671,0.2483,0.0935,0.9595
12672,0.2407,0.0085,1.0151
12673,0.2415,0.0466,0.9709
12674,0.1899,0.0896,0.9751
12675,0.1475,0.0081,1.0220
12676,0.0615,0.0686,0.8979
12677,-0.0251,-0.0430,0.9673
12678,-0.0720,-0.0408,0.9780
12679,-0.1111,-0.0093,0.8840
12680,-0.1709,-0.0696,0.9888
12681,-0.2126,-0.0454,0.9644
12682,-0.2717,-0.0071,0.9497
12683,-0.3044,0.0176,1.0464
12684,-0.3372,0.0244,1.0132
12685,-0.3042,0.0183,0.9680
12686,-0.2410,-0.0256,1.0081
12687,-0.1533,0.0227,0.9546
12688,-0.0151,0.0308,0.9573
12689,0.0833,0.0083,0.9592
12690,0.1895,0.0229,0.9136
12691,0.2859,-0.0366,0.9282
12692,0.2671,-0.0308,0.9263
12693,0.2761,-0.0227,0.9729
12694,0.2507,-0.0229,0.9885
12695,0.1418,0.0698,0.9907
12696,0.0618,0.0127,1.0571
12697,0.0007,0.0842,0.9897
12698,-0.0669,0.0261,0.9946
12699,-0.0317,0.0056,0.9985
12700,-0.0298,-0.0588,0.9241
12701,0.0139,-0.0598,0.9250
12702,-0.0005,-0.0361,0.9348
12703,-0.0942,-0.0010,0.9458
12704,-0.1809,0.0156,0.9614
12705,-0.2622,-0.0154,0.9788
12706,-0.2434,0.0024,0.9888
12707,-0.1370,-0.0283,1.0034
12708,-0.0288,0.0420,0.9771
12709,0.1226,0.0190,0.9849
12710,0.2229,0.0112,0.9719
12711,0.2258,0.0186,0.9380
12712,0.2661,0.0352,0.9604
12713,0.2495,-0.0115,0.9448
12714,0.2390,-0.0112,0.9302
12715,0.2568,-0.0593,0.9917
12716,0.2361,0.0115,0.9817
12717,0.2029,0.0500,0.9934
12718,0.1519,0.0034,1.0103
12719,0.0764,0.0127,0.9751
12720,0.0002,0.0059,0.9700
12721,-0.0195,0.0452,0.9937
12722,-0.0640,0.0278,0.9485
12723,-0.1006,0.0305,0.9202
12724,-0.2275,-0.0522,0.9585
12725,-0.3896,-0.0376,0.9612
12726,-0.4514,-0.0173,0.9683
12727,-0.5012,-0.0527,0.9849
12728,-0.4465,-0.0337,0.9849
12729,-0.2402,0.0151,0.9858
12730,-0.0684,0.0334,0.9810
12731,0.1096,0.0588,0.9836
12732,0.2688,0.0203,0.9526
12733,0.2812,0.0603,0.9165
12734,0.2605,-0.0237,0.9924
12735,0.2314,0.0176,0.9592
12736,0.1667,0.0017,0.9397
12737,0.1636,-0.0044,1.0151
12738,0.1660,0.0063,0.9573
12739,0.1252,0.0417,0.9722
12740,0.1028,0.0186,1.0132
12741,0.0361,0.0110,0.9397
12742,-0.0527,-0.0549,0.9517
12743,-0.0571,-0.0935,0.9653
12744,-0.1265,-0.0747,0.9556
12745,-0.1931,0.0007,0.9758
12746,-0.2280,0.1284,0.9934
12747,-0.2764,0.1157,1.0110
12748,-0.2434,0.0862,1.0100
12749,-0.1160,-0.0117,0.9670
12750,0.0054,-0.0715,0.9468
12751,0.2058,-0.1006,0.9182
12752,0.3223,-0.0437,0.9028
12753,0.3198,-0.0986,0.9409
12754,0.2954,-0.0486,0.9312
12755,0.1934,-0.0645,0.9604
12756,0.1074,0.0381,1.0161
12757,0.1089,0.1057,1.0217
12758,0.0901,0.1272,1.0305
12759,0.1570,0.0952,1.0305
12760,0.1951,0.0479,1.0100
12761,0.1755,0.0237,0.9485
12762,0.1880,-0.0049,0.9380
12763,0.1199,-0.1174,0.9348
12764,0.0413,0.0090,0.8547
12765,-0.0291,-0.1235,0.9829
12766,-0.1968,-0.1055,0.9124
12767,-0.3440,-0.0388,0.9438
12768,-0.4426,-0.0830,1.0845
12769,-0.4741,0.1274,0.9924
12770,-0.4561,0.0569,1.0432
12771,-0.3335,0.1255,1.0315
12772,-0.1770,0.1113,0.9534
12773,-0.0037,0.0935,0.9692
12774,0.0928,0.0325,0.9417
12775,0.1978,-0.0518,0.8979
12776,0.2505,-0.0613,0.9038
12777,0.2395,-0.1279,0.9673
12778,0.2759,-0.0452,0.9512
12779,0.2224,-0.0437,0.9797
12780,0.1599,0.0183,1.0161
12781,0.1404,0.1125,0.9758
12782,0.0620,0.0898,1.0464
12783,0.0068,0.1235,0.9692
12784,-0.0325,-0.0352,0.9800
12785,-0.0720,-0.1165,0.9514
12786,-0.0977,-0.1226,0.9038
12787,-0.1487,-0.1733,0.9985
12788,-0.1797,0.0098,0.9397
12789,-0.1907,0.0923,0.9875
12790,-0.1921,0.1157,1.0396
12791,-0.1375,0.1128,0.9722
12792,-0.0317,0.0471,0.9673
12793,0.1035,-0.0022,0.9644
12794,0.2026,-0.0320,0.9224
12795,0.2773,-0.0132,0.8899
12796,0.2881,-0.1165,0.9673
12797,0.2249,-0.1157,0.9331
12798,0.1597,-0.0503,0.9521
12799,0.1284,-0.0544,1.0698
12800,0.0952,0.0940,1.0100
12801,0.0935,0.1509,1.0168
12802,0.0957,0.0811,1.0679
12803,0.1138,0.1147,0.9553
12804,0.1426,0.0344,0.9563
12805,0.0947,-0.0100,0.9487
12806,0.1021,-0.0405,0.8674
12807,0.0713,-0.1384,0.9163
12808,-0.0276,-0.1199,0.9282
12809,-0.1379,-0.0908,0.9175
12810,-0.2805,-0.1011,1.0151
12811,-0.4045,0.0122,1.0225
12812,-0.4482,0.1223,1.0149
12813,-0.4155,0.1516,1.0823
12814,-0.2776,0.1548,1.0256
12815,-0.1125,0.1406,0.9263
12816,0.0603,0.0117,0.9719
12817,0.1455,-0.1326,0.9399
12818,0.1597,-0.0144,0.8110
12819,0.1736,-0.1572,1.0122
12820,0.1597,-0.1052,0.9214
12821,0.1599,0.0457,0.8499
12822,0.1472,-0.0928,1.1184
12823,0.2222,0.1130,0.9653
12824,0.1448,0.0898,0.9839
12825,0.0920,0.0984,1.1050
12826,0.0217,0.0798,0.9536
12827,-0.0591,0.0217,0.9270
12828,-0.0745,-0.1262,1.0188
12829,-0.1335,-0.1882,0.8967
12830,-0.1362,-0.0635,0.9045
12831,-0.1418,-0.0850,1.0405
12832,-0.1841,0.0894,0.9377
12833,-0.1897,0.1533,0.9810
12834,-0.1375,0.1150,1.0481
12835,-0.0627,0.1216,0.9290
12836,0.0576,-0.0007,0.9604
12837,0.1614,-0.0325,0.9563
12838,0.2219,-0.0603,0.9114
12839,0.2778,-0.0896,0.9565
12840,0.2485,-0.1365,0.9604
12841,0.2351,-0.1157,0.9641
12842,0.2061,-0.0193,1.0081
12843,0.1670,0.1121,1.0103
12844,0.1753,0.1587,1.0317
12845,0.1565,0.1353,1.0024
12846,0.1223,0.1123,0.9729
12847,0.1450,0.0166,0.9653
12848,0.1062,-0.0623,0.8899
12849,0.0676,-0.1335,0.8901
12850,-0.0198,-0.2024,0.9329
12851,-0.1335,-0.1147,0.9155
12852,-0.2478,-0.0696,0.9917
12853,-0.3938,-0.0171,1.0190
12854,-0.4683,0.0962,1.0168
12855,-0.4075,0.1277,1.0620
12856,-0.3511,0.2148,1.0168
12857,-0.1694,0.1431,1.0129
12858,-0.0256,0.0784,0.9497
12859,0.1067,0.0032,0.9036
12860,0.1624,-0.1145,0.9456
12861,0.1697,-0.1082,0.8577
12862,0.1833,-0.1550,0.9114
12863,0.1702,-0.1462,0.9622
12864,0.1716,0.0281,0.9534
12865,0.2104,0.0378,1.0571
12866,0.1746,0.1392,1.0383
12867,0.1101,0.1431,1.0217
12868,0.0369,0.0925,1.0356
12869,-0.0889,0.0505,0.9524
12870,-0.1851,-0.1101,0.9614
12871,-0.1753,-0.1716,0.9133
12872,-0.1377,-0.1833,0.8928
12873,-0.0908,-0.1199,0.9612
12874,-0.0464,0.0776,0.9221
12875,-0.0376,0.1074,1.0129
12876,-0.0696,0.2097,1.0396
12877,-0.0481,0.2656,0.9849
12878,-0.0122,0.0798,1.0598
12879,0.0872,-0.0249,0.9075
12880,0.1521,-0.1296,0.9116
12881,0.1956,-0.2275,1.0139
12882,0.2014,-0.0935,0.8635
12883,0.1575,-0.1282,0.9514
12884,0.0691,-0.0713,1.0132
12885,0.0767,0.1487,0.9146
12886,0.0999,0.1299,1.0833
12887,0.1733,0.1692,1.0435
12888,0.2505,0.0984,0.9312
12889,0.2410,-0.0383,1.0149
12890,0.1616,-0.0608,0.9575
12891,0.0686,-0.0310,0.9026
12892,-0.0254,-0.1089,0.9749
12893,-0.1165,-0.1367,0.8958
12894,-0.1343,-0.1143,0.9055
12895,-0.2261,-0.0732,0.9954
12896,-0.2563,0.0979,0.9683
12897,-0.2922,0.0903,1.0405
12898,-0.3376,0.1941,1.0210
12899,-0.2505,0.2134,1.0042
12900,-0.1809,0.0850,1.0210
12901,-0.0967,0.0020,0.9351
12902,0.0886,-0.1121,0.9270
12903,0.0886,-0.1990,0.9348
12904,0.1372,-0.0352,0.8882
12905,0.1768,-0.1182,0.9817
12906,0.0991,0.0022,0.9631
12907,0.1089,0.1167,0.9211
12908,0.1428,-0.0049,1.0688
12909,0.1763,0.0945,0.9360
12910,0.2117,0.0725,0.9905
12911,0.1382,-0.0383,1.0872
12912,0.0789,0.0728,0.8909
12913,-0.0413,-0.1313,0.9897
12914,-0.2100,-0.1489,0.9839
12915,-0.2266,-0.0886,0.8706
12916,-0.1797,-0.1052,0.9761
12917,-0.1521,0.0225,0.9993
12918,-0.0459,0.1992,0.9143
12919,0.0042,0.1882,1.0493
12920,0.0056,0.1492,0.9985
12921,0.0164,0.1118,0.9009
12922,0.0161,-0.1272,1.0334
12923,0.0703,-0.0852,0.9241
12924,0.1475,-0.0640,0.9209
12925,0.1431,-0.1118,1.0190
12926,0.1841,-0.0342,0.9194
12927,0.2065,-0.1089,0.9790
12928,0.2039,0.0183,0.9983
12929,0.2051,0.0667,0.9983
12930,0.2324,0.1438,0.9819
12931,0.1653,0.0969,1.0103
12932,0.0618,0.0991,0.9673
12933,0.0161,0.0056,0.9565
12934,-0.0613,-0.1104,0.9419
12935,-0.0728,-0.1804,0.8948
12936,-0.0715,-0.1553,0.9575
12937,-0.0593,-0.0498,0.9456
12938,-0.0415,0.0593,0.9631
12939,-1.3342,-0.0845,1.1382
12940,-1.9980,0.0723,1.1714
12941,-1.9978,0.3079,1.0959
12942,-1.9978,-0.3552,1.3362
12943,-1.9924,0.6189,0.4326
12944,0.8059,-0.1536,1.0129
12945,1.9998,-0.2954,0.9282
12946,1.9998,0.1470,0.1042
12947,1.9998,-0.4973,0.9504
12948,1.9998,0.0569,0.9487
12949,-0.1543,0.2974,0.9065
12950,-1.9980,-0.1489,1.9617
12951,-1.9980,0.1357,1.4136
12952,-1.9980,0.2380,1.0044
12953,-1.7063,0.0630,1.3579
12954,0.6587,0.3054,0.6841
12955,1.9543,0.2136,0.4795
12956,1.8296,-0.1394,0.7925
12957,0.7000,-0.2185,0.3401
12958,-0.7419,-0.3623,0.3892
12959,-1.5776,-0.6516,1.0823
12960,-1.1604,-0.4194,1.0298
12961,0.1243,-0.0667,1.3489
12962,1.4089,0.0771,1.9758
12963,1.9998,0.6150,1.5503
12964,1.5747,0.6814,1.3052
12965,0.3787,0.6599,1.0552
12966,-0.6597,0.5830,0.3215
12967,-1.3276,0.0903,0.0815
12968,-1.2671,-0.3977,0.1965
12969,-0.4573,-0.7700,0.3643
12970,0.3396,-0.9885,0.8479
12971,0.6606,-0.8433,1.4116
12972,0.4614,-0.4121,1.6899
12973,-0.1912,0.1892,1.8325
12974,-0.7036,0.7729,1.7903
12975,-0.7466,1.0728,1.4299
12976,-0.3792,1.0261,0.9604
12977,0.3833,0.6047,0.4829
12978,1.0310,0.0876,0.0640
12979,1.2400,-0.5286,0.0076
12980,1.0415,-0.9272,0.2075
12981,0.2534,-1.1841,0.5454
12982,-0.5417,-0.9282,1.1006
12983,-1.0562,-0.4758,1.6448
12984,-1.2659,0.4167,1.8091
12985,-0.9790,0.9468,1.9805
12986,-0.3706,1.1724,1.7512
12987,0.3059,1.1509,1.1506
12988,0.8542,0.4961,0.8420
12989,0.9927,-0.1143,0.3572
12990,0.7878,-0.7615,0.0496
12991,0.3108,-1.1909,0.1384
12992,-0.1692,-1.1528,0.3076
12993,-0.3840,-0.8228,0.6968
12994,-0.3020,-0.1406,1.1812
12995,-0.1228,0.5437,1.5327
12996,0.0928,1.1475,1.7375
12997,0.0811,1.3081,1.7590
12998,-0.1777,1.0728,1.4983
12999,-0.4468,0.4248,1.1721
13000,-0.5474,-0.3733,0.7961
13001,-0.3713,-1.0151,0.4448
13002,0.0693,-1.3286,0.3169
13003,0.5994,-1.1848,0.3684
13004,0.9246,-0.7019,0.5554
13005,0.8823,-0.0012,0.8638
13006,0.5073,0.6697,1.2017
13007,-0.1333,1.1440,1.3948
13008,-0.6008,1.3191,1.4370
13009,-0.8538,0.9587,1.4155
13010,-0.7346,0.4326,1.1777
13011,-0.3020,-0.2793,0.9478
13012,0.0645,-0.9739,0.8069
13013,0.3079,-1.2317,0.6086
13014,0.4065,-1.1750,0.6350
13015,0.3110,-0.6929,0.7476
13016,0.1897,0.0183,0.8940
13017,0.1492,0.6653,1.0757
13018,0.0596,1.0095,1.1899
13019,0.0859,1.0906,1.1548
13020,0.1184,0.8037,1.1233
13021,0.0593,0.2664,1.0640
13022,-0.0205,-0.2473,0.9075
13023,-0.1875,-0.7651,0.8481
13024,-0.3354,-0.9280,0.8137
13025,-0.4106,-0.8850,0.8420
13026,-0.3960,-0.4543,0.9055
13027,-0.2312,0.0378,1.0376
13028,0.0847,0.5220,1.0793
13029,0.3831,0.7827,1.0891
13030,0.5837,0.7319,1.0979
13031,0.6667,0.5122,1.0081
13032,0.5007,0.0750,0.9573
13033,0.2056,-0.2959,0.8726
13034,-0.1313,-0.6165,0.8352
13035,-0.4468,-0.6521,0.8225
13036,-0.6333,-0.4104,0.8586
13037,-0.5920,-0.1047,1.0054
13038,-0.4553,0.2327,1.0464
13039,-0.1328,0.4890,1.0894
13040,0.1707,0.4663,1.1760
13041,0.4302,0.4597,1.0366
13042,0.5688,0.1492,1.0122
13043,0.4937,-0.2407,0.9546
13044,0.3582,-0.3889,0.7981
13045,0.1196,-0.5398,0.8440
13046,-0.1409,-0.3481,0.8218
13047,-0.2971,-0.1360,0.8618
13048,-0.3337,0.1797,0.9888
13049,-0.3347,0.4053,1.0413
13050,-0.1660,0.4504,1.1333
13051,-0.0710,0.3279,1.1509
13052,0.0535,0.1978,1.0620
13053,0.1216,-0.1768,1.0913
13054,0.1326,-0.2930,0.9038
13055,0.1541,-0.3733,0.8411
13056,0.1467,-0.3938,0.8518
13057,0.1519,-0.1096,0.7493
13058,0.1638,0.0227,0.8987
13059,0.1367,0.2766,0.9429
13060,0.0266,0.3445,0.9917
13061,-0.0920,0.2825,1.0981
13062,-0.2278,0.1895,1.0786
13063,-0.2644,-0.0190,1.1060
13064,-0.2219,-0.1641,1.0913
13065,-0.0776,-0.2317,0.9875
13066,0.0601,-0.3130,0.9556
13067,0.1758,-0.2048,0.8811
13068,0.2310,-0.0283,0.8586
13069,0.1936,0.1047,0.8853
13070,0.1272,0.2646,0.8743
13071,0.0605,0.2319,0.9260
13072,-0.0122,0.1853,0.9644
13073,-0.0708,0.0188,0.9934
13074,-0.1182,-0.0984,1.0315
13075,-0.1245,-0.1462,1.0181
13076,-0.0688,-0.1555,1.0383
13077,-0.0254,-0.1345,1.0354
13078,0.0510,-0.0356,1.0022
13079,0.0891,0.0081,1.0295
13080,0.0615,0.1379,0.9609
13081,0.0408,0.1873,0.9507
13082,0.0122,0.1462,0.9351
13083,-0.0210,0.0781,0.8586
13084,-0.0144,-0.1072,0.9006
13085,0.0171,-0.1646,0.8735
13086,0.0618,-0.1580,0.8977
13087,0.1067,-0.1399,1.0024
13088,0.0857,0.0010,0.9866
13089,0.0444,0.0364,1.0562
13090,-0.0576,0.0894,1.1028
13091,-0.1477,0.2092,1.0386
13092,-0.1553,0.1790,1.0842
13093,-0.1206,0.0735,1.0256
13094,-0.0623,0.0039,0.8833
13095,0.0796,-0.1782,0.9282
13096,0.1624,-0.1924,0.8511
13097,0.2144,-0.1128,0.8052
13098,0.2104,-0.1418,0.9456
13099,0.1267,0.0261,0.9104
13100,0.0486,0.0933,0.9885
13101,-0.0786,0.1189,1.0991
13102,-0.1621,0.1819,1.0269
13103,-0.1650,0.1646,1.0618
13104,-0.1785,0.0686,1.0696
13105,-0.0972,0.0120,0.9670
13106,-0.0029,-0.1716,0.9495
13107,0.0227,-0.2002,0.9233
13108,0.0955,-0.1946,0.8909
13109,0.2031,-0.0635,0.8938
13110,0.1980,0.0090,0.9456
13111,0.1970,0.1196,0.9563
13112,0.1394,0.1658,0.9641
13113,-0.0144,0.1108,1.0317
13114,-0.1265,0.1372,0.9856
13115,-0.1938,-0.0120,0.9993
13116,-0.2307,-0.0596,1.0044
13117,-0.1372,-0.1006,0.9595
13118,-0.0332,-0.1313,0.9878
13119,0.0254,-0.0750,0.9614
13120,0.1353,-0.0278,0.9419
13121,0.1575,-0.0029,0.9868
13122,0.1272,0.0830,0.9631
13123,0.1431,0.1482,0.9702
13124,0.0889,0.0566,0.9829
13125,0.0361,0.1008,0.9146
13126,0.0366,-0.0410,0.9719
13127,-0.0261,-0.0779,0.9585
13128,-0.1052,-0.1030,0.9292
13129,-0.1370,-0.0859,0.9819
13130,-0.1897,-0.0283,0.9937
13131,-0.1274,0.0676,0.9583
13132,-0.0381,0.0332,1.0413
13133,0.0684,0.0322,1.0042
13134,0.1716,0.1047,0.9543
13135,0.2000,0.0168,1.0178
13136,0.1948,0.0293,0.9329
13137,0.1323,-0.0645,0.9126
13138,0.0637,-0.0752,0.9429
13139,-0.0273,-0.0830,0.9250
13140,-0.1138,-0.0200,0.9446
13141,-0.1541,0.0305,0.9800
13142,-0.1604,0.0527,0.9888
13143,-0.1130,0.0847,1.0081
13144,-0.0081,0.0681,1.0042
13145,0.0747,0.0417,1.0327
13146,0.1035,-0.0193,0.9956
13147,0.1182,-0.0071,0.9602
13148,0.0715,-0.0994,0.9700
13149,0.0745,-0.0427,0.9019
13150,0.0454,-0.0798,0.9241
13151,0.0295,-0.0457,0.9214
13152,0.0259,0.0044,0.9104
13153,0.0056,0.0508,0.9719
13154,-0.0317,0.1113,1.0002
13155,-0.0305,0.0916,1.0178
13156,-0.0693,0.0259,1.0432
13157,-0.1094,-0.0186,1.0249
13158,-0.0771,-0.0271,0.9983
13159,-0.0217,-0.0510,0.9932
13160,0.0671,-0.0127,0.9338
13161,0.1343,-0.0283,0.9224
13162,0.1582,-0.0227,0.9124
13163,0.1511,-0.0100,0.9153
13164,0.0610,0.0303,0.9133
13165,-0.0032,0.0459,0.9702
13166,-0.0637,0.0029,1.0005
13167,-0.0879,0.0488,0.9839
13168,-0.0671,-0.0295,1.0598
13169,-0.0522,-0.0220,1.0168
13170,-0.0120,0.0266,0.9875
13171,0.0168,-0.0366,1.0298
13172,0.0195,0.0334,0.9299
13173,0.0139,-0.0061,0.9136
13174,0.0200,-0.0161,0.9426
13175,0.0574,-0.0081,0.9146
13176,0.0952,0.0088,0.9282
13177,0.0767,-0.0476,0.9922
13178,0.0674,-0.0073,0.9624
13179,0.0308,0.0530,0.9827
13180,-0.0237,0.0276,1.0366
13181,-0.0625,0.0559,0.9856
13182,-0.0720,0.0354,0.9583
13183,-0.0557,0.0076,1.0103
13184,-0.0396,-0.0112,0.9465
13185,0.0120,0.0112,0.9370
13186,0.0422,-0.1001,1.0122
13187,0.0498,-0.0432,0.9058
13188,0.0515,-0.0461,0.9514
13189,0.0591,-0.0425,1.0151
13190,0.0457,0.0767,0.9319
13191,0.0376,0.0710,1.0005
13192,0.0415,0.0500,0.9976
13193,0.0410,0.0623,0.9097
13194,0.0178,-0.0115,0.9829
13195,-0.0276,-0.0103,0.9751
13196,-0.0640,-0.0234,0.9475
13197,-0.0918,-0.0569,0.9915
13198,-0.1006,-0.0269,0.9761
13199,-0.0525,-0.0427,0.9849
13200,0.0159,0.0120,0.9846
13201,0.0867,0.0056,0.9827
13202,0.1604,0.0444,0.9790
13203,0.1582,0.0693,0.9592
13204,0.1296,0.0435,0.9651
13205,0.0449,-0.0073,0.9514
13206,-0.0315,-0.0112,0.9302
13207,-0.0671,-0.0317,0.9673
13208,-0.0894,-0.0322,0.9602
13209,-0.0974,-0.0105,0.9739
13210,-0.0837,-0.0205,0.9956
13211,-0.0547,0.0156,0.9810
13212,0.0105,0.0005,0.9846
13213,0.0730,0.0371,0.9778
13214,0.1116,0.0129,0.9807
13215,0.1257,-0.0078,0.9778
13216,0.0864,-0.0059,0.9614
13217,0.0486,-0.0081,0.9585
13218,-0.0005,-0.0317,0.9487
13219,-0.0317,0.0054,0.9260
13220,-0.0532,-0.0222,0.9790
13221,-0.0225,0.0337,0.9592
13222,0.0051,0.0691,0.9729
13223,-0.0139,0.0366,1.0220
13224,0.0059,0.0625,0.9661
13225,-0.0054,-0.0735,1.0088
13226,-0.0388,-0.0637,0.9680
13227,-0.0049,-0.0244,0.9556
13228,0.0420,-0.0442,0.9976
13229,0.0789,0.0361,0.9221
13230,0.0964,-0.0022,0.9553
13231,0.0715,-0.0063,0.9614
13232,0.0144,0.0469,0.9211
13233,-0.0173,0.0339,0.9915
13234,-0.0544,0.0654,0.9944
13235,-0.0457,0.0186,0.9700
13236,-0.0261,-0.0574,1.0032
13237,-0.0425,-0.0676,0.9729
13238,0.0115,-0.0437,0.9797
13239,0.0432,0.0112,0.9768
13240,0.0386,0.0591,0.9631
13241,0.0762,0.0349,0.9602
13242,0.0459,-0.0168,0.9565
13243,0.0110,0.0024,0.9309
13244,0.0042,0.0022,0.9683
13245,-0.0137,-0.0059,0.9800
13246,0.0103,0.0347,0.9409
13247,0.0059,-0.0339,1.0181
13248,-0.0117,-0.0225,0.9963
13249,0.0139,0.0281,0.9604
13250,-0.0347,-0.0337,1.0317
13251,0.0088,0.0696,0.9497
13252,0.0188,0.0278,0.9670
13253,0.0212,0.0366,0.9751
13254,0.0542,0.0049,0.9358
13255,0.0342,-0.0710,0.9417
13256,0.0037,-0.0369,0.9351
13257,0.0039,-0.0559,0.9700
13258,-0.0242,0.0146,0.9673
13259,0.0015,0.0405,0.9768
13260,0.0015,-0.0393,1.0129
13261,0.0042,0.0457,0.9683
13262,0.0601,0.0457,1.0063
13263,0.0420,0.0518,1.0032
13264,0.0100,0.0520,0.9575
13265,0.0085,-0.0259,0.9722
13266,-0.0371,-0.0159,0.9390
13267,-0.0186,-0.0608,0.9478
13268,0.0002,-0.0598,0.9331
13269,-0.0049,-0.0349,0.9436
13270,0.0291,-0.0203,0.9868
13271,0.0452,0.0701,0.9575
13272,0.0310,0.0308,1.0063
13273,0.0774,0.0637,0.9976
13274,0.0288,0.0234,0.9944
13275,0.0242,0.0579,0.9888
13276,-0.0186,-0.0076,0.9846
13277,-0.0671,-0.0173,0.9368
13278,-0.0374,-0.0439,0.9438
13279,-0.0249,-0.1038,0.9524
13280,0.0212,-0.0498,0.9280
13281,0.0562,-0.0381,0.9771
13282,0.0559,0.0420,0.9758
13283,0.0649,0.0774,0.9731
13284,0.0530,0.0598,0.9983
13285,-0.0234,0.0691,0.9817
13286,-0.0156,0.0288,0.9849
13287,-0.0344,-0.0046,0.9771
13288,-0.0542,-0.0095,0.9683
13289,0.0088,-0.0330,0.9595
13290,0.0332,-0.0725,0.9561
13291,0.0408,-0.0698,0.9373
13292,0.0598,-0.0352,0.9543
13293,-0.0042,-0.0103,0.9829
13294,0.0115,0.1057,0.9644
13295,0.0278,0.0674,0.9888
13296,0.0027,0.0254,0.9888
13297,0.0403,0.0295,0.9561
13298,0.0073,-0.0293,0.9973
13299,-0.0244,-0.0105,0.9722
13300,0.0146,-0.0488,0.9507
13301,-0.0493,-0.0659,0.9487
13302,-0.0361,-0.0110,0.9595
13303,0.0232,-0.0156,0.9888
13304,0.0259,0.0796,0.9397
13305,0.0642,0.0422,0.9944
13306,0.0698,-0.0056,0.9856
13307,0.0430,0.0728,0.9409
13308,0.0076,-0.0125,1.0317
13309,-0.0283,0.0193,0.9595
13310,-0.0222,-0.0352,0.9312
13311,-0.0107,-0.0786,0.9866
13312,-0.0032,-0.0127,0.9402
13313,0.0151,-0.0085,0.9543
13314,0.0117,0.0049,0.9810
13315,0.0186,0.0032,0.9595
13316,0.0154,0.0305,0.9819
13317,0.0286,0.0532,1.0139
13318,0.0544,0.0500,0.9788
13319,0.0122,0.0205,0.9641
13320,0.0176,-0.0396,0.9927
13321,-0.0017,-0.0159,0.9341
13322,-0.0286,-0.0291,0.9504
13323,-0.0024,-0.0649,0.9641
13324,-0.0151,-0.0247,0.9265
13325,0.0247,0.0271,0.9731
13326,0.0427,0.0244,1.0051
13327,0.0261,0.0730,0.9575
13328,0.0173,0.0408,0.9973
13329,-0.0103,-0.0059,1.0200
13330,-0.0149,0.0327,0.9573
13331,0.0027,-0.0308,0.9868
13332,0.0325,-0.0369,0.9700
13333,0.0671,-0.0229,0.9153
13334,0.0408,-0.0537,0.9741
13335,0.0090,0.0281,0.9343
13336,-0.0134,0.0137,0.9485
13337,-0.0242,0.0203,0.9839
13338,-0.0183,0.0347,0.9622
13339,-0.0078,-0.0044,1.0005
13340,0.0337,0.0139,0.9995
13341,0.0337,-0.0076,0.9856
13342,0.0166,0.0278,0.9800
13343,0.0073,-0.0264,0.9927
13344,-0.0225,-0.0144,0.9478
13345,-0.0310,-0.0142,0.9456
13346,0.0237,-0.0161,0.9553
13347,0.0342,0.0181,0.9253
13348,0.0688,0.0383,0.9595
13349,0.0898,0.0085,0.9878
13350,0.0391,0.0166,0.9751
13351,0.0161,0.0193,0.9895
13352,-0.0496,-0.0156,0.9937
13353,-0.0930,-0.0032,0.9797
13354,-0.0503,-0.0283,0.9922
13355,-0.0281,-0.0061,0.9800
13356,0.0303,0.0059,0.9624
13357,0.1001,0.0076,0.9446
13358,0.0632,-0.0215,0.9524
13359,0.0537,-0.0059,0.9399
13360,0.0322,0.0295,0.9575
13361,-0.0110,0.0015,1.0034
13362,-0.0098,0.0698,0.9438
13363,-0.0195,-0.0295,0.9905
13364,0.0115,-0.0366,0.9956
13365,0.0364,0.0317,0.9272
13366,0.0222,-0.0376,1.0229
13367,0.0039,0.0176,0.9700
13368,-0.0312,0.0273,0.9194
13369,-0.0278,-0.0132,1.0220
13370,-0.0100,-0.0203,0.9407
13371,0.0396,0.0181,0.9153
13372,0.0496,-0.0391,1.0383
13373,0.0515,0.0396,0.9448
13374,0.0454,0.0479,0.9524
13375,0.0178,-0.0525,1.0344
13376,0.0061,-0.0042,0.9348
13377,0.0061,0.0364,0.9524
13378,-0.0210,0.0256,1.0171
13379,0.0083,0.0371,0.9324
13380,-0.0083,-0.0168,0.9475
13381,-0.0134,-0.0237,0.9934
13382,0.0054,-0.0452,0.9534
13383,0.0110,-0.0156,0.9470
13384,0.0139,-0.0286,1.0024
13385,0.0264,-0.0073,0.9719
13386,0.0303,0.0317,0.9524
13387,0.0291,0.0032,1.0110
13388,0.0122,0.0317,0.9634
13389,0.0210,0.0591,0.9634
13390,0.0076,0.0139,1.0024
13391,0.0129,0.0464,0.9351
13392,0.0154,-0.0308,0.9604
13393,-0.0100,-0.0317,0.9487
13394,0.0002,-0.0176,0.9487
13395,-0.0056,-0.0461,0.9868
13396,-0.0044,0.0049,0.9468
13397,0.0115,-0.0237,0.9897
13398,0.0349,0.0115,0.9915
13399,0.0449,0.0596,0.9729
13400,0.0312,0.0186,1.0063
13401,0.0085,0.0217,0.9790
13402,0.0027,0.0244,0.9487
13403,0.0046,-0.0017,0.9788
13404,-0.0024,-0.0161,0.9360
13405,0.0273,-0.0408,0.9407
13406,0.0029,-0.0430,0.9595
13407,-0.0098,-0.0256,0.9690
13408,0.0027,-0.0229,0.9858
13409,-0.0007,0.0510,0.9585
13410,0.0149,0.0237,1.0227
13411,0.0442,0.0493,0.9924
13412,0.0320,0.0647,0.9524
13413,0.0266,-0.0166,1.0132
13414,0.0205,-0.0107,0.9243
13415,-0.0090,0.0100,0.9319
13416,0.0027,-0.0305,1.0073
13417,-0.0002,-0.0315,0.9114
13418,0.0054,-0.0325,0.9517
13419,-0.0112,-0.0735,1.0181
13420,-0.0010,0.0693,0.9333
13421,0.0120,-0.0078,1.0171
13422,0.0466,0.0625,1.0024
13423,0.0691,0.0564,0.9390
13424,0.0415,0.0000,1.0142
13425,0.0046,0.0293,0.9595
13426,-0.0283,-0.0151,0.9360
13427,-0.0642,-0.0564,0.9592
13428,-0.0129,-0.0518,0.9446
13429,0.0134,-0.0322,0.9543
13430,0.0527,0.0210,0.9739
13431,0.0754,0.0088,0.9866
13432,0.0442,0.0339,0.9707
13433,0.0271,0.0547,0.9895
13434,0.0078,0.0142,1.0054
13435,-0.0269,0.0513,0.9624
13436,-0.0032,0.0149,0.9670
13437,0.0005,-0.0527,0.9824
13438,-0.0212,-0.0198,0.9263
13439,0.0244,-0.0359,0.9751
13440,0.0029,-0.0388,0.9651
13441,0.0190,0.0222,0.9270
13442,0.0396,-0.0317,0.9976
13443,0.0371,0.0391,0.9536
13444,0.0144,0.0398,0.9790
13445,0.0132,0.0520,1.0071
13446,0.0200,0.0474,0.9573
13447,0.0251,-0.0342,0.9712
13448,0.0007,-0.0640,0.9937
13449,-0.0222,-0.0305,0.9478
13450,-0.0103,-0.0076,0.9585
13451,-0.0159,-0.0056,0.9858
13452,0.0093,0.0525,0.9233
13453,0.0513,0.0164,0.9907
13454,0.0442,0.0039,0.9897
13455,0.0444,0.0442,0.9290
13456,0.0342,-0.0173,1.0142
13457,-0.0249,0.0039,0.9592
13458,-0.0288,0.0005,0.9526
13459,-0.0007,-0.0708,1.0217
13460,-0.0049,0.0110,0.9368
13461,0.0417,0.0227,0.9673
13462,0.0659,-0.0312,1.0012
13463,0.0330,0.0464,0.9065
13464,-0.0042,-0.0081,0.9934
13465,-0.0244,0.0063,0.9868
13466,-0.0073,0.0100,0.9270
13467,-0.0063,0.0010,1.0032
13468,0.0171,0.0376,0.9819
13469,0.0359,0.0010,0.9485
13470,0.0352,-0.0090,0.9514
13471,0.0198,-0.0913,0.9819
13472,-0.0103,0.0054,0.9458
13473,-0.0142,0.0212,1.0022
13474,-0.0007,0.0515,1.0044
13475,0.0125,0.0796,0.9175
13476,0.0393,-0.0195,0.9905
13477,0.0403,-0.0491,0.9739
13478,0.0090,-0.0056,0.9065
13479,0.0068,-0.0369,1.0129
13480,-0.0251,-0.0305,0.9827
13481,0.0203,0.0752,0.9075
13482,0.0117,-0.0537,1.0579
13483,0.0208,0.0415,0.9553
13484,0.0425,0.0366,0.9253
13485,0.0425,-0.0112,1.0198
13486,-0.0007,0.0330,0.9546
13487,-0.0276,0.0234,0.9282
13488,-0.0325,-0.0376,1.0210
13489,-0.0532,-0.0520,0.9543
13490,0.0137,0.0542,0.9124
13491,0.0574,-0.0781,1.0500
13492,0.1013,0.0320,0.9358
13493,0.1133,0.0569,0.9272
13494,0.0312,-0.0554,1.0688
13495,-0.0564,0.0496,0.8979
13496,-0.0818,0.0322,0.9497
13497,-0.1086,-0.0542,1.0601
13498,-0.0486,0.0483,0.8960
13499,0.0498,0.0239,0.9741
13500,0.1067,-0.0344,1.0386
13501,0.1311,0.0366,0.8850
13502,0.0989,-0.0264,0.9751
13503,0.0120,-0.0400,1.0132
13504,-0.0527,0.0425,0.9045
13505,-0.0767,0.0000,0.9944
13506,-0.0872,-0.0327,1.0132
13507,-0.0105,0.0342,0.9143
13508,0.0447,0.0125,1.0083
13509,0.0613,-0.0242,1.0024
13510,0.0925,0.0354,0.9143
13511,0.0188,-0.0337,0.9954
13512,-0.0190,0.0020,0.9827
13513,-0.0205,0.0195,0.9253
13514,-0.0220,-0.0068,0.9756
13515,0.0188,-0.0049,0.9788
13516,0.0625,0.0034,0.9438
13517,0.0569,0.0334,0.9954
13518,0.0454,-0.0159,1.0005
13519,-0.0059,0.0234,0.9380
13520,-0.0503,-0.0259,0.9956
13521,-0.0403,0.0110,0.9729
13522,-0.0525,0.0303,0.9397
13523,-0.0066,-0.0154,0.9888
13524,0.0781,-0.0188,0.9631
13525,0.0598,-0.0061,0.9353
13526,0.0769,0.0444,0.9944
13527,0.0349,-0.0315,1.0022
13528,-0.0217,0.0591,0.9360
13529,-0.0210,-0.0374,1.0142
13530,-0.0405,-0.0276,0.9768
13531,-0.0281,0.0276,0.9182
13532,0.0513,-0.0315,1.0034
13533,0.0427,-0.0005,0.9446
13534,0.0598,0.0425,0.9329
13535,0.0442,0.0002,1.0178
13536,-0.0161,0.0144,0.9670
13537,-0.0447,0.0037,0.9585
13538,-0.0464,-0.0168,1.0015
13539,-0.0281,-0.0129,0.9641
13540,0.0439,0.0256,0.9504
13541,0.0540,-0.0120,0.9897
13542,0.0671,0.0205,0.9526
13543,0.0352,-0.0032,0.9641
13544,0.0054,0.0193,0.9751
13545,-0.0244,-0.0068,0.9683
13546,-0.0203,0.0090,0.9653
13547,0.0183,0.0117,0.9758
13548,0.0405,-0.0142,0.9790
13549,0.0422,-0.0071,0.9661
13550,0.0142,-0.0139,0.9829
13551,-0.0195,0.0195,0.9673
13552,-0.0400,-0.0269,0.9771
13553,-0.0425,0.0015,0.9543
13554,-0.0156,-0.0193,0.9771
13555,0.0540,0.0178,0.9807
13556,0.0813,0.0459,0.9565
13557,0.0696,0.0046,0.9778
13558,0.0422,0.0012,0.9683
13559,0.0049,0.0195,0.9553
13560,-0.0242,0.0120,0.9873
13561,-0.0254,-0.0049,0.9771
13562,-0.0183,0.0042,0.9448
13563,-0.0227,-0.0244,0.9722
13564,0.0234,-0.0098,0.9702
13565,0.0308,-0.0312,0.9563
13566,0.0342,0.0129,0.9739
13567,0.0222,-0.0071,0.9976
13568,0.0017,0.0425,0.9604
13569,-0.0215,0.0237,0.9636
13570,-0.0039,-0.0210,1.0073
13571,0.0085,0.0325,0.9458
13572,0.0503,0.0293,0.9771
13573,0.0647,-0.0374,0.9983
13574,0.0369,0.0251,0.8997
13575,-0.0034,-0.0308,0.9790
13576,-0.0186,-0.0386,0.9907
13577,-0.0400,0.0259,0.9026
13578,-0.0244,-0.0115,1.0110
13579,0.0061,-0.0303,0.9985
13580,0.0200,0.0583,0.9282
13581,0.0286,0.0046,1.0493
13582,0.0383,0.0457,0.9778
13583,0.0474,0.0486,0.9250
13584,0.0012,-0.0461,1.0022
13585,0.0007,0.0032,0.9419
13586,-0.0212,-0.0337,0.9285
13587,-0.0012,0.0105,0.9780
13588,0.0310,-0.0481,0.9758
13589,0.0525,0.0601,0.9182
13590,0.0166,-0.0229,1.0142
13591,0.0085,-0.0291,0.9934
13592,-0.0347,0.0222,0.9282
13593,-0.0330,-0.0059,1.0229
13594,-0.0068,0.0090,0.9888
13595,0.0095,0.0369,0.9243
13596,0.0674,0.0205,1.0015
13597,0.0452,-0.0264,0.9807
13598,0.0488,0.0522,0.9036
13599,0.0298,-0.0144,1.0210
13600,-0.0271,0.0068,0.9397
13601,-0.0225,0.0151,0.9231
13602,-0.0408,-0.1106,1.0120
13603,-0.0229,-0.0078,0.9309
13604,0.0415,-0.0061,0.9771
13605,0.0508,0.0349,1.0259
13606,0.0684,0.0957,0.9446
13607,0.0486,-0.0232,1.0100
13608,-0.0168,0.0164,0.9761
13609,-0.0210,0.0181,0.9536
13610,-0.0518,-0.0024,0.9934
13611,-0.0381,0.0125,0.9419
13612,0.0098,-0.0425,0.9358
13613,0.0391,-0.0481,0.9768
13614,0.0713,-0.0269,0.9419
13615,0.0908,0.0332,0.9565
13616,0.0159,-0.0217,1.0073
13617,0.0010,0.0701,0.9438
13618,-0.0481,-0.0166,1.0083
13619,-0.0491,0.0466,0.9858
13620,-0.0007,0.0115,0.9751
13621,0.0129,-0.0076,0.9917
13622,0.0403,0.0115,0.9553
13623,0.0601,-0.0332,0.9673
13624,0.0112,-0.0220,0.9517
13625,0.0178,-0.0059,0.9419
13626,0.0188,-0.0210,0.9514
13627,-0.0093,0.0078,0.9670
13628,0.0132,0.0115,0.9741
13629,0.0068,0.0081,0.9895
13630,-0.0186,0.0178,0.9946
13631,0.0083,0.0588,0.9758
13632,0.0090,0.0266,0.9995
13633,0.0408,-0.0273,0.9836
13634,0.0510,-0.0054,0.9407
13635,-0.0127,-0.0457,0.9778
13636,0.0039,0.0054,0.9456
13637,-0.0229,-0.0134,0.9224
13638,-0.0310,-0.0471,0.9905
13639,0.0195,0.0093,0.9495
13640,0.0413,0.0034,0.9790
13641,0.0696,0.0317,1.0112
13642,0.0510,0.0259,0.9622
13643,0.0129,0.0520,0.9895
13644,-0.0198,-0.0005,0.9995
13645,-0.0310,0.0339,0.9429
13646,-0.0344,-0.0120,0.9810
13647,-0.0061,-0.0281,0.9573
13648,0.0098,-0.0183,0.9331
13649,0.0554,-0.0295,0.9653
13650,0.0386,-0.0151,0.9631
13651,0.0371,0.0039,0.9487
13652,0.0378,-0.0112,0.9963
13653,-0.0071,0.0039,0.9819
13654,-0.0251,0.0315,0.9670
13655,-0.0105,0.0122,1.0103
13656,-0.0178,0.0413,0.9768
13657,0.0117,0.0686,0.9673
13658,0.0393,-0.0254,0.9895
13659,0.0403,-0.0305,0.9260
13660,0.0437,-0.0369,0.9412
13661,0.0251,-0.0339,0.9807
13662,-0.0093,0.0010,0.9370
13663,-0.0151,-0.0322,0.9631
13664,-0.0215,-0.0259,1.0005
13665,-0.0149,0.0459,0.9788
13666,0.0254,0.0637,1.0034
13667,0.0364,0.0391,1.0112
13668,0.0349,0.0469,0.9487
13669,0.0522,0.0212,0.9692
13670,0.0339,-0.0295,0.9583
13671,0.0027,-0.0266,0.9368
13672,-0.0261,-0.0754,0.9399
13673,-0.0415,-0.0405,0.9673
13674,-0.0522,-0.0381,0.9807
13675,-0.0090,0.0742,0.9565
13676,0.0227,-0.0010,1.0298
13677,0.0706,0.0491,0.9729
13678,0.0889,0.0645,0.9604
13679,0.0620,-0.0010,1.0220
13680,0.0173,0.0276,0.9348
13681,-0.0286,-0.0146,0.9507
13682,-0.0552,-0.0439,0.9788
13683,-0.0403,-0.0247,0.9280
13684,-0.0176,-0.0540,0.9631
13685,0.0151,-0.0190,0.9614
13686,0.0515,-0.0134,0.9709
13687,0.0479,0.0386,0.9937
13688,0.0471,0.0798,0.9907
13689,0.0266,0.0181,1.0042
13690,-0.0024,0.0352,0.9526
13691,-0.0024,0.0054,0.9644
13692,0.0093,-0.0183,0.9800
13693,0.0029,0.0066,0.9292
13694,-0.0073,-0.0366,0.9712
13695,-0.0164,-0.0571,0.9680
13696,-0.0173,-0.0066,0.9341
13697,0.0149,-0.0278,0.9937
13698,0.0525,0.0115,0.9729
13699,0.0588,0.0466,0.9614
13700,0.0745,0.0554,1.0122
13701,0.0310,0.0728,0.9800
13702,-0.0127,0.0178,0.9729
13703,-0.0488,-0.0625,0.9888
13704,-0.0667,-0.0315,0.9409
13705,-0.0439,-0.0261,0.9536
13706,0.0020,-0.0168,0.9602
13707,0.0554,-0.0342,0.9448
13708,0.0991,-0.0034,0.9653
13709,0.0938,0.0398,0.9905
13710,0.0544,0.0613,0.9858
13711,-0.0271,0.0227,0.9761
13712,-0.0803,0.0229,0.9729
13713,-0.0840,-0.0305,1.0103
13714,-0.0210,0.0354,0.9541
13715,0.0581,-0.0225,0.9565
13716,0.0955,-0.0540,0.9797
13717,0.0869,0.0120,0.9084
13718,0.0532,-0.0012,0.9790
13719,-0.0090,-0.0120,0.9827
13720,-0.0432,0.0239,0.9302
13721,-0.0586,-0.0085,1.0022
13722,-0.0425,0.0085,1.0034
13723,0.0298,0.0427,0.9497
13724,0.0571,-0.0037,1.0051
13725,0.0662,-0.0039,0.9712
13726,0.0696,-0.0007,0.9426
13727,0.0171,0.0044,0.9731
13728,-0.0645,-0.0049,0.9729
13729,-0.0552,0.0071,0.9358
13730,-0.0420,-0.0273,0.9673
13731,0.0049,-0.0200,0.9954
13732,0.0808,0.0137,0.9497
13733,0.0974,0.0186,0.9927
13734,0.0640,0.0051,1.0083
13735,0.0310,0.0530,0.9397
13736,-0.0520,-0.0234,1.0034
13737,-0.0684,0.0010,0.9631
13738,-0.0471,0.0044,0.9321
13739,-0.0195,-0.0369,0.9907
13740,0.0354,0.0344,0.9507
13741,0.0781,-0.0081,0.9661
13742,0.0779,-0.0034,0.9839
13743,0.0410,-0.0171,0.9553
13744,0.0142,0.0125,0.9641
13745,-0.0137,-0.0139,1.0005
13746,-0.0574,0.0142,0.9641
13747,-0.0159,0.0400,0.9673
13748,0.0073,-0.0413,1.0071
13749,0.0264,0.0117,0.9351
13750,0.0225,0.0073,0.9641
13751,0.0220,-0.0110,1.0024
13752,0.0164,0.0356,0.9309
13753,0.0049,-0.0071,0.9595
13754,0.0217,-0.0217,0.9917
13755,0.0181,-0.0095,0.9487
13756,0.0410,0.0283,0.9719
13757,0.0269,-0.0271,1.0132
13758,0.0020,0.0251,0.9380
13759,-0.0198,0.0330,0.9729
13760,-0.0093,-0.0100,1.0190
13761,-0.0168,0.0486,0.9146
13762,0.0437,-0.0120,0.9827
13763,0.0437,-0.0569,0.9895
13764,0.0283,0.0303,0.9006
13765,0.0310,-0.0393,1.0237
13766,-0.0037,-0.0022,0.9497
13767,-0.0112,-0.0142,0.9458
13768,-0.0298,-0.0413,1.0090
13769,-0.0217,0.0591,0.9546
13770,0.0164,0.0095,1.0024
13771,0.0684,0.0784,0.9651
13772,0.0430,-0.0063,0.9897
13773,0.0601,-0.0051,0.9497
13774,0.0093,-0.0017,0.9478
13775,-0.0420,-0.0449,0.9917
13776,-0.0481,0.0354,0.9143
13777,-0.0239,-0.0217,0.9807
13778,0.0144,-0.0310,1.0032
13779,0.0559,0.0310,0.9194
13780,0.0864,-0.0322,1.0259
13781,0.0518,0.0291,0.9739
13782,0.0149,0.0979,0.9214
13783,-0.0234,-0.0603,1.0471
13784,-0.0522,0.0120,0.9211
13785,-0.0603,-0.0173,0.9358
13786,-0.0281,-0.0603,1.0354
13787,0.0239,0.0378,0.9351
13788,0.0632,0.0366,0.9624
13789,0.0913,0.0066,1.0217
13790,0.0637,-0.0098,0.9263
13791,0.0217,0.0447,0.9368
13792,-0.0178,-0.0552,1.0344
13793,-0.0337,0.0269,0.9260
13794,-0.0364,0.0264,0.9585
13795,-0.0039,-0.0105,1.0374
13796,0.0071,-0.0059,0.9397
13797,0.0273,-0.0068,0.9504
13798,0.0464,-0.0527,1.0266
13799,0.0386,0.0090,0.9270
13800,0.0264,0.0557,0.9546
13801,0.0117,-0.0027,1.0344
13802,-0.0171,0.0408,0.9185
13803,-0.0161,0.0122,0.9788
13804,-0.0007,-0.0437,1.0012
13805,0.0459,0.0088,0.9165
13806,0.0408,-0.0493,0.9875
13807,0.0459,0.0034,0.9810
13808,0.0115,0.0151,0.9331
13809,-0.0352,-0.0066,0.9888
13810,-0.0398,0.0305,0.9729
13811,-0.0227,0.0134,0.9634
13812,-0.0027,0.0112,0.9983
13813,0.0474,0.0020,0.9622
13814,0.0720,0.0068,0.9622
13815,0.0447,-0.0315,0.9973
13816,0.0269,0.0320,0.9380
13817,-0.0220,-0.0300,0.9944
13818,-0.0281,-0.0127,0.9688
13819,-0.0205,0.0300,0.9182
13820,-0.0078,-0.0183,1.0044
13821,0.0469,0.0430,0.9465
13822,0.0503,0.0044,0.9624
13823,0.0481,0.0049,1.0112
13824,0.0137,0.0059,0.9580
13825,-0.0244,-0.0110,0.9680
13826,-0.0303,-0.0288,0.9993
13827,-0.0132,0.0068,0.9446
13828,-0.0061,0.0112,0.9683
13829,0.0146,-0.0173,0.9827
13830,0.0220,0.0149,0.9417
13831,0.0435,0.0247,0.9731
13832,0.0342,-0.0276,1.0051
13833,0.0310,0.0369,0.9351
13834,0.0083,-0.0034,0.9846
13835,0.0032,0.0007,0.9934
13836,0.0093,0.0107,0.9202
13837,-0.0054,-0.0471,0.9849
13838,0.0142,-0.0205,0.9839
13839,-0.0037,0.0334,0.9436
13840,-0.0083,0.0378,1.0142
13841,0.0110,0.0295,0.9895
13842,0.0078,0.0354,0.9231
13843,0.0183,-0.0471,0.9944
13844,0.0337,-0.0557,0.9546
13845,0.0242,-0.0007,0.9250
13846,0.0244,-0.0059,1.0063
13847,0.0149,0.0300,0.9634
13848,0.0076,0.0266,0.9644
13849,-0.0022,-0.0247,1.0073
13850,-0.0015,0.0078,0.9504
13851,0.0144,0.0142,0.9595
13852,0.0056,0.0007,0.9934
13853,-0.0159,0.0232,0.9517
13854,0.0015,0.0271,0.9749
13855,0.0046,-0.0068,0.9700
13856,0.0259,-0.0237,0.9387
13857,0.0496,-0.0388,0.9741
13858,0.0520,-0.0056,0.9683
13859,0.0574,0.0083,0.9673
13860,0.0149,-0.0056,0.9907
13861,-0.0308,0.0474,0.9602
13862,-0.0637,0.0100,1.0005
13863,-0.0466,0.0168,0.9692
13864,-0.0305,0.0095,0.9397
13865,0.0393,-0.0259,0.9897
13866,0.0740,-0.0134,0.9612
13867,0.0784,0.0359,0.9399
13868,0.0571,-0.0181,0.9976
13869,0.0244,0.0056,0.9358
13870,-0.0396,-0.0107,0.9495
13871,-0.0454,-0.0188,1.0178
13872,-0.0486,-0.0139,0.9683
13873,-0.0256,0.0496,0.9534
13874,0.0366,-0.0146,1.0217
13875,0.0754,0.0073,0.9436
13876,0.0962,0.0408,0.9165
13877,0.0615,-0.0364,1.0461
13878,-0.0083,0.0432,0.9299
13879,-0.0315,0.0486,0.9263
13880,-0.0818,-0.0913,1.0474
13881,-0.0757,-0.0129,0.9009
13882,0.0178,-0.0056,0.9729
13883,0.0576,-0.0312,1.0422
13884,0.0933,0.0847,0.9185
13885,0.0669,0.0063,0.9790
13886,0.0273,0.0215,0.9995
13887,-0.0166,0.0015,0.9446
13888,-0.0461,0.0195,0.9536
13889,-0.0452,-0.0244,0.9827
13890,-0.0203,-0.0474,0.9507
13891,0.0464,0.0029,0.9446
13892,0.0708,-0.0442,1.0239
13893,0.0469,0.0139,0.9526
13894,0.0447,0.0425,0.9426
13895,-0.0034,-0.0293,1.0315
13896,-0.0554,0.0471,0.9448
13897,-0.0142,0.0652,0.9604
13898,-0.0210,-0.0330,1.0383
13899,0.0278,0.0647,0.8923
13900,0.0774,-0.0276,0.9624
13901,0.0308,-0.0723,1.0071
13902,0.0317,0.0137,0.9067
13903,0.0093,-0.0483,0.9956
13904,-0.0361,-0.0032,0.9954
13905,-0.0134,0.0188,0.9419
13906,-0.0039,0.0046,0.9946
13907,0.0012,0.0032,0.9858
13908,0.0312,0.0247,0.9543
13909,0.0376,0.0559,0.9878
13910,0.0066,0.0059,0.9907
13911,0.0083,0.0217,0.9373
13912,-0.0120,-0.0415,0.9763
13913,0.0120,-0.0063,0.9731
13914,0.0413,0.0024,0.9348
13915,0.0352,-0.0261,0.9778
13916,0.0276,-0.0095,0.9543
13917,-0.0005,-0.0181,0.9663
13918,-0.0322,-0.0083,0.9924
13919,-0.0120,0.0122,0.9788
13920,-0.0110,0.0254,0.9778
13921,0.0342,0.0518,0.9885
13922,0.0471,-0.0073,0.9905
13923,0.0427,0.0310,0.9465
13924,0.0273,-0.0203,0.9758
13925,-0.0081,0.0017,0.9573
13926,-0.0078,0.0234,0.9290
13927,-0.0063,-0.0249,0.9790
13928,-0.0288,-0.0559,0.9700
13929,0.0220,0.0242,0.9429
13930,0.0254,-0.0315,1.0051
13931,0.0327,0.0405,0.9631
13932,0.0427,0.0125,0.9692
13933,0.0447,0.0266,0.9983
13934,0.0339,0.0068,0.9839
13935,-0.0100,-0.0037,0.9534
13936,-0.0488,-0.0198,0.9663
13937,-0.0442,-0.0352,0.9858
13938,-0.0540,0.0266,0.9504
13939,0.0098,0.0344,0.9722
13940,0.0752,-0.0361,0.9866
13941,0.0781,0.0227,0.9153
13942,0.0884,0.0139,0.9888
13943,0.0586,-0.0029,0.9797
13944,-0.0168,0.0669,0.9341
13945,-0.0334,-0.0195,0.9888
13946,-0.0508,-0.0334,0.9768
13947,-0.0591,-0.0664,0.9800
13948,-0.0134,0.0400,0.9565
13949,0.0073,-0.0408,1.0295
13950,0.0459,0.0200,0.9319
13951,0.0771,0.0422,0.9417
13952,0.0320,-0.0364,1.0374
13953,0.0371,0.1042,0.8926
13954,0.0063,-0.0312,0.9836
13955,-0.0229,-0.0093,0.9797
13956,-0.0195,0.0032,0.9165
13957,-0.0012,-0.0422,1.0161
13958,-0.0117,-0.0083,0.9705
13959,0.0193,-0.0037,0.9485
13960,0.0518,-0.0159,1.0024
13961,0.0415,0.0225,0.9683
13962,0.0554,0.0486,0.9612
13963,-0.0100,0.0193,1.0005
13964,-0.0432,0.0227,0.9604
13965,-0.0366,-0.0076,0.9436
13966,-0.0466,-0.0557,0.9927
13967,0.0408,-0.0085,0.9497
13968,0.0825,-0.0059,0.9690
13969,0.0859,0.0117,0.9749
13970,0.0730,0.0059,0.9448
13971,-0.0083,-0.0105,0.9700
13972,-0.0242,0.0427,0.9778
13973,-0.0542,0.0076,0.9741
13974,-0.0757,0.0139,0.9670
13975,-0.0110,-0.0266,0.9712
13976,0.0078,-0.0393,0.9885
13977,0.0676,0.0403,0.9651
13978,0.0908,-0.0088,0.9888
13979,0.0681,0.0193,0.9624
13980,0.0210,0.0029,0.9387
13981,-0.0293,-0.0305,0.9907
13982,-0.0649,0.0171,0.9478
13983,-0.0239,0.0195,0.9683
13984,-0.0112,-0.0413,0.9839
13985,0.0278,0.0076,0.9448
13986,0.0630,0.0020,1.0044
13987,0.0620,0.0564,0.9946
13988,0.0178,0.0171,0.9578
13989,0.0007,0.0020,0.9680
13990,-0.0261,-0.0278,0.9768
13991,-0.0054,0.0286,0.9526
13992,0.0334,-0.0239,0.9700
13993,0.0288,-0.0166,0.9702
13994,0.0405,-0.0078,0.9468
13995,0.0181,-0.0225,0.9897
13996,-0.0388,0.0029,0.9575
13997,-0.0308,0.0288,0.9719
13998,-0.0388,-0.0022,1.0073
13999,-0.0068,0.0410,0.9526
14000,0.0701,0.0330,0.9780
14001,0.0789,-0.0034,0.9875
14002,0.1096,0.0537,0.9316
14003,0.0698,-0.0518,0.9771
14004,-0.0156,-0.0249,0.9573
14005,-0.0679,-0.0498,0.9448
14006,-0.1025,-0.0505,0.9817
14007,-0.1011,0.0054,0.9771
14008,-0.0095,0.0317,0.9807
14009,0.0488,0.0447,0.9917
14010,0.1338,0.0422,0.9741
14011,0.1345,0.0242,0.9768
14012,0.0730,0.0403,0.9636
14013,0.0198,-0.0154,0.9819
14014,-0.0364,-0.0093,0.9526
14015,-0.0872,-0.0085,0.9456
14016,-0.0774,-0.0688,0.9868
14017,-0.0483,-0.0532,0.9348
14018,0.0120,0.0110,0.9622
14019,0.0515,-0.0237,1.0227
14020,0.1091,0.0830,0.9438
14021,0.0850,0.0083,1.0044
14022,0.0371,0.0312,0.9875
14023,-0.0254,0.0537,0.9465
14024,-0.0586,0.0193,0.9856
14025,-0.0435,-0.0239,0.9778
14026,-0.0229,-0.0466,0.9319
14027,0.0237,-0.0232,0.9731
14028,0.0417,-0.0649,0.9915
14029,0.0657,0.0486,0.9175
14030,0.0471,-0.0144,0.9915
14031,0.0405,0.0212,0.9819
14032,-0.0042,0.0723,0.9370
14033,-0.0442,0.0176,1.0012
14034,-0.0239,-0.0125,0.9985
14035,-0.0327,-0.0237,0.9407
14036,0.0056,0.0112,0.9956
14037,0.0544,-0.0747,0.9971
14038,0.0591,0.0264,0.9126
14039,0.0461,-0.0222,0.9966
14040,0.0371,0.0300,0.9712
14041,-0.0193,0.0537,0.9233
14042,-0.0193,0.0139,0.9878
14043,-0.0352,-0.0085,0.9741
14044,-0.0271,0.0100,0.9321
14045,0.0220,-0.0408,1.0161
14046,0.0386,-0.0178,0.9702
14047,0.0720,0.0269,0.9241
14048,0.0696,-0.0471,1.0386
14049,0.0071,0.0332,0.9517
14050,-0.0283,0.0557,0.9556
14051,-0.0537,-0.0107,1.0259
14052,-0.0559,0.0066,0.9351
14053,0.0129,0.0171,0.9380
14054,0.0557,-0.0317,1.0024
14055,0.0625,0.0105,0.9368
14056,0.0417,-0.0029,0.9331
14057,0.0144,-0.0410,1.0159
14058,-0.0190,-0.0105,0.9546
14059,0.0044,0.0505,0.9534
14060,0.0432,-0.0430,1.0483
14061,0.0417,0.0601,0.9297
14062,0.0127,0.0493,0.9644
14063,-0.0125,-0.0410,1.0327
14064,-0.0615,-0.0059,0.8967
14065,-0.0610,-0.0095,0.9670
14066,-0.0173,-0.0515,1.0229
14067,0.0278,0.0242,0.9124
14068,0.0972,-0.0071,0.9575
14069,0.1018,-0.0483,1.0249
14070,0.0920,0.0652,0.9321
14071,0.0366,0.0876,0.9768
14072,-0.0398,0.0259,1.0269
14073,-0.0730,-0.0010,0.9224
14074,-0.0764,-0.0347,0.9583
14075,-0.0557,-0.0671,1.0161
14076,0.0125,-0.0095,0.9319
14077,0.0627,-0.0022,0.9534
14078,0.0872,-0.0249,0.9976
14079,0.0991,0.0330,0.9302
14080,0.0493,0.0291,0.9917
14081,-0.0332,0.0249,1.0110
14082,-0.0725,0.0361,0.9321
14083,-0.0679,-0.0229,0.9973
14084,-0.0417,-0.0112,0.9761
14085,0.0491,-0.0056,0.9504
14086,0.0977,-0.0251,0.9946
14087,0.1182,0.0281,0.9536
14088,0.0825,0.0188,0.9409
14089,-0.0171,-0.0081,0.9771
14090,-0.0598,0.0181,0.9524
14091,-0.0862,-0.0212,0.9692
14092,-0.0593,-0.0139,0.9858
14093,0.0049,-0.0103,0.9778
14094,0.0498,0.0220,0.9722
14095,0.0640,-0.0071,1.0063
14096,0.0706,-0.0090,0.9680
14097,0.0420,-0.0020,0.9507
14098,0.0173,-0.0051,0.9846
14099,-0.0200,0.0447,0.9468
14100,-0.0151,0.0586,0.9543
14101,-0.0232,-0.0249,0.9875
14102,-0.0229,0.0061,0.9241
14103,0.0200,-0.0442,0.9800
14104,0.0283,-0.0444,1.0005
14105,0.0454,0.0198,0.9348
14106,0.0242,-0.0354,1.0200
14107,0.0215,0.0447,0.9780
14108,0.0103,0.0574,0.9446
14109,0.0083,0.0076,1.0002
14110,0.0178,0.0103,0.9563
14111,0.0298,0.0112,0.9426
14112,0.0000,-0.0149,1.0002
14113,-0.0291,-0.0269,0.9556
14114,-0.0286,-0.0125,0.9331
14115,0.0012,-0.0396,0.9946
14116,0.0403,-0.0061,0.9536
14117,0.0674,0.0359,0.9673
14118,0.0579,-0.0122,1.0122
14119,0.0217,0.0579,0.9485
14120,-0.0029,0.0186,0.9819
14121,-0.0186,0.0225,0.9924
14122,-0.0161,0.0029,0.9468
14123,-0.0122,-0.0205,0.9885
14124,-0.0315,-0.0603,0.9602
14125,0.0083,-0.0100,0.9524
14126,0.0176,-0.0349,0.9868
14127,0.0483,0.0562,0.9458
14128,0.0542,-0.0232,0.9973
14129,0.0618,0.0640,0.9583
14130,0.0198,0.0393,0.9661
14131,0.0310,-0.0193,0.9993
14132,-0.0159,-0.0034,0.9377
14133,-0.0403,0.0117,0.9702
14134,-0.0308,-0.0234,1.0178
14135,-0.0339,-0.0020,0.9436
14136,0.0066,-0.0024,0.9614
14137,0.0271,-0.0559,1.0063
14138,0.0615,0.0449,0.9175
14139,0.0579,0.0232,0.9612
14140,0.0339,0.0403,0.9983
14141,-0.0068,0.0076,0.9387
14142,-0.0015,0.0083,0.9673
14143,-0.0364,-0.0745,1.0120
14144,-0.0183,-0.0076,0.9458
14145,0.0347,0.0198,0.9810
14146,0.0632,-0.0012,1.0081
14147,0.0554,0.0583,0.9253
14148,0.0266,-0.0010,0.9778
14149,-0.0193,-0.0142,0.9722
14150,-0.0640,0.0034,0.9153
14151,-0.0432,-0.0168,0.9807
14152,-0.0173,-0.0166,0.9937
14153,0.0481,0.0327,0.9514
14154,0.0879,-0.0076,1.0120
14155,0.0735,0.0046,0.9758
14156,0.0283,-0.0205,0.9451
14157,-0.0112,0.0076,0.9771
14158,-0.0618,-0.0010,0.9700
14159,-0.0396,0.0601,0.9465
14160,0.0034,-0.0044,0.9917
14161,0.0342,-0.0112,0.9507
14162,0.0710,0.0007,0.9573
14163,0.0564,-0.0281,0.9934
14164,0.0247,0.0522,0.9436
14165,-0.0178,-0.0500,0.9990
14166,-0.0378,0.0105,0.9595
14167,-0.0591,-0.0364,0.9719
14168,-0.0259,-0.0093,0.9836
14169,0.0376,0.0400,0.9556
14170,0.0593,0.0073,0.9819
14171,0.0962,0.0510,0.9614
14172,0.0583,-0.0256,0.9761
14173,0.0190,-0.0027,0.9690
14174,-0.0195,-0.0117,0.9663
14175,-0.0574,0.0012,0.9846
14176,-0.0220,0.0122,0.9800
14177,-0.0056,0.0171,0.9426
14178,0.0002,-0.0376,0.9749
14179,0.0449,-0.0186,0.9553
14180,0.0225,0.0090,0.9641
14181,0.0190,0.0110,0.9944
14182,0.0571,0.0208,0.9749
14183,-0.0054,-0.0027,0.9719
14184,0.0188,0.0698,0.9749
14185,-0.0188,-0.0676,0.9973
14186,-0.0071,0.0288,0.9124
14187,0.0281,-0.0540,0.9915
14188,0.0337,-0.0220,0.9897
14189,0.0244,0.0791,0.9194
14190,0.0146,-0.0110,1.0159
14191,-0.0288,0.0103,0.9478
14192,0.0073,0.0144,0.9202
14193,0.0151,-0.0471,1.0188
14194,-0.0027,0.0083,0.9653
14195,0.0466,0.0288,0.9517
14196,0.0242,-0.0320,1.0051
14197,-0.0198,0.0129,0.9670
14198,0.0103,0.0149,0.9553
14199,0.0095,0.0093,1.0002
14200,0.0176,0.0276,0.9622
14201,0.0327,0.0417,0.9331
14202,-0.0073,-0.0518,0.9807
14203,0.0156,-0.0330,0.9458
14204,0.0146,-0.0225,0.9485
14205,0.0046,-0.0220,0.9934
14206,0.0278,0.0137,0.9683
14207,0.0085,0.0164,0.9888
14208,0.0125,0.0752,0.9973
14209,0.0015,0.0293,0.9868
14210,0.0056,0.0176,0.9602
14211,0.0186,0.0073,0.9563
14212,-0.0056,-0.0576,0.9661
14213,0.0083,-0.0212,0.9465
14214,0.0166,-0.0225,0.9565
14215,0.0349,0.0022,0.9683
14216,0.0327,-0.0520,0.9624
14217,0.0024,-0.0085,0.9546
14218,-0.0183,0.0225,0.9983
14219,-0.0051,0.0698,1.0042
14220,-0.0044,0.0747,0.9778
14221,0.0217,0.0193,0.9993
14222,0.0256,-0.0024,0.9556
14223,0.0483,-0.0049,0.9446
14224,0.0527,-0.0503,0.9683
14225,0.0000,-0.0386,0.9243
14226,-0.0330,-0.0581,0.9438
14227,-0.0247,-0.0273,0.9751
14228,-0.0149,0.0054,0.9692
14229,-0.0020,0.0444,0.9985
14230,0.0444,0.0542,1.0129
14231,0.0522,0.0522,0.9849
14232,0.0515,0.0583,0.9800
14233,0.0171,-0.0027,0.9819
14234,0.0066,0.0120,0.9397
14235,-0.0430,-0.0754,0.9553
14236,-0.0254,-0.0347,0.9224
14237,-0.0366,-0.0686,0.9612
14238,0.0098,-0.0168,0.9644
14239,0.0588,0.0225,0.9641
14240,0.0454,0.0049,1.0083
14241,0.0691,0.0779,0.9790
14242,0.0276,0.0413,1.0078
14243,0.0056,0.0671,0.9771
14244,0.0078,0.0110,0.9661
14245,-0.0212,-0.0571,0.9712
14246,-0.0127,0.0037,0.9338
14247,-0.0139,-0.0559,0.9651
14248,-0.0320,-0.0381,0.9612
14249,-0.0129,-0.0305,0.9292
14250,0.0200,-0.0396,0.9866
14251,0.0322,0.0044,0.9849
14252,0.0842,0.0820,0.9817
14253,0.0911,0.0864,1.0129
14254,0.0264,0.0642,0.9761
14255,-0.0042,0.0090,0.9731
14256,-0.0540,-0.0620,0.9653
14257,-0.0671,-0.0264,0.9380
14258,-0.0320,-0.0647,0.9780
14259,0.0181,-0.0049,0.9358
14260,0.0620,0.0007,0.9497
14261,0.0869,-0.0166,0.9897
14262,0.0525,0.0293,0.9497
14263,0.0203,0.0398,0.9810
14264,0.0010,0.0151,1.0149
14265,-0.0476,0.0361,0.9446
14266,-0.0342,-0.0049,0.9885
14267,-0.0129,-0.0344,1.0122
14268,0.0227,0.0403,0.9312
14269,0.0359,-0.0344,0.9817
14270,0.0383,-0.0532,0.9458
14271,0.0229,-0.0081,0.9163
14272,0.0142,-0.0044,0.9963
14273,0.0164,0.0510,0.9731
14274,-0.0093,0.0415,0.9578
14275,0.0442,0.0215,0.9888
14276,0.0208,-0.0447,0.9895
14277,0.0061,0.0159,0.9468
14278,0.0076,-0.0120,1.0103
14279,-0.0425,-0.0200,0.9653
14280,-0.0381,0.0000,0.9358
14281,0.0154,-0.0132,0.9858
14282,0.0374,0.0168,0.9546
14283,0.0920,0.0354,0.9631
14284,0.0771,0.0012,0.9722
14285,0.0120,0.0371,0.9585
14286,-0.0247,-0.0171,0.9878
14287,-0.0835,-0.0286,0.9622
14288,-0.0789,-0.0320,0.9592
14289,-0.0122,-0.0422,0.9956
14290,0.0547,0.0334,0.9680
14291,0.1040,0.0713,0.9692
14292,0.0996,0.0393,0.9915
14293,0.0564,0.0237,0.9446
14294,0.0039,-0.0437,0.9583
14295,-0.0684,-0.0457,0.9673
14296,-0.0769,-0.0125,0.9495
14297,-0.0425,-0.0188,0.9849
14298,0.0095,0.0286,0.9797
14299,0.0664,0.0012,0.9829
14300,0.0854,0.0095,0.9751
14301,0.0696,0.0063,0.9739
14302,0.0100,0.0217,0.9683
14303,-0.0354,0.0359,0.9575
14304,-0.0615,-0.0049,0.9827
14305,-0.0312,0.0083,0.9670
14306,0.0220,0.0100,0.9524
14307,0.0632,-0.0405,0.9868
14308,0.0796,-0.0291,0.9517
14309,0.0703,0.0090,0.9622
14310,-0.0159,-0.0286,1.0012
14311,-0.0479,0.0461,0.9446
14312,-0.0745,-0.0178,0.9839
14313,-0.0654,0.0251,0.9780
14314,0.0288,0.0349,0.9700
14315,0.0828,0.0100,0.9885
14316,0.1208,0.0452,0.9504
14317,0.0906,-0.0330,0.9651
14318,0.0120,-0.0330,0.9580
14319,-0.0588,-0.0415,0.9465
14320,-0.0981,-0.0264,0.9817
14321,-0.0886,0.0212,0.9788
14322,-0.0022,0.0449,0.9709
14323,0.0645,0.0090,0.9885
14324,0.1038,0.0154,0.9592
14325,0.1274,0.0305,0.9680
14326,0.0745,0.0066,0.9858
14327,-0.0229,0.0081,0.9487
14328,-0.0754,-0.0315,0.9624
14329,-0.1133,-0.0530,0.9751
14330,-0.0557,0.0002,0.9487
14331,0.0298,-0.0239,0.9897
14332,0.0830,0.0239,0.9829
14333,0.1106,0.0554,0.9595
14334,0.0886,0.0410,0.9954
14335,0.0100,0.0349,0.9614
14336,-0.0371,0.0144,0.9504
14337,-0.0735,-0.0618,0.9858
14338,-0.0645,-0.0227,0.9231
14339,-0.0029,-0.0391,0.9634
14340,0.0417,-0.0540,0.9983
14341,0.0796,0.0393,0.9456
14342,0.0459,-0.0032,1.0178
14343,0.0530,0.0518,0.9866
14344,0.0059,0.0427,0.9553
14345,-0.0227,0.0488,0.9839
14346,-0.0081,0.0129,0.9702
14347,-0.0139,-0.0132,0.9331
14348,0.0159,-0.0249,0.9585
14349,0.0215,-0.0708,0.9768
14350,0.0171,-0.0059,0.9280
14351,0.0251,-0.0100,0.9849
14352,-0.0107,-0.0120,0.9944
14353,-0.0181,0.0466,0.9419
14354,0.0203,-0.0029,1.0061
14355,0.0234,0.0293,0.9927
14356,0.0464,0.0557,0.9622
14357,0.0562,-0.0103,0.9905
14358,0.0066,-0.0374,0.9504
14359,-0.0083,-0.0247,0.9419
14360,-0.0388,-0.0120,0.9858
14361,-0.0376,0.0486,0.9624
14362,0.0195,0.0188,0.9541
14363,0.0325,-0.0200,0.9719
14364,0.0535,-0.0068,0.9526
14365,0.0740,-0.0012,0.9700
14366,0.0435,0.0112,0.9868
14367,-0.0283,-0.0005,0.9800
14368,-0.0293,0.0300,0.9788
14369,-0.0479,-0.0435,0.9944
14370,-0.0330,0.0012,0.9485
14371,0.0103,-0.0247,0.9709
14372,0.0471,0.0073,0.9788
14373,0.0979,0.0544,0.9487
14374,0.0830,0.0146,0.9878
14375,0.0376,0.0159,0.9602
14376,-0.0247,-0.0195,0.9360
14377,-0.0669,-0.0403,0.9915
14378,-0.0872,-0.0173,0.9563
14379,-0.0117,0.0183,0.9673
14380,0.0173,-0.0249,1.0208
14381,0.0793,0.0688,0.9485
14382,0.1003,0.0098,0.9829
14383,0.0603,-0.0017,0.9700
14384,0.0195,-0.0024,0.9438
14385,0.0164,-0.0002,0.9800
14386,-0.0674,0.0090,0.9741
14387,-0.0601,-0.0037,0.9595
14388,-0.0386,-0.0486,0.9729
14389,-0.0200,-0.0083,0.9475
14390,0.0725,0.0061,0.9712
14391,0.0857,0.0271,0.9924
14392,0.0669,0.0544,0.9526
14393,0.0552,0.0088,0.9839
14394,-0.0264,-0.0164,0.9768
14395,-0.0493,0.0217,0.9507
14396,-0.0410,-0.0115,0.9827
14397,-0.0239,0.0015,0.9663
14398,0.0349,-0.0117,0.9631
14399,0.0559,-0.0259,0.9709
14400,0.0479,-0.0234,0.9739
14401,0.0305,-0.0264,0.9644
14402,0.0061,0.0276,0.9641
14403,-0.0229,0.0193,0.9856
14404,-0.0264,0.0371,0.9719
14405,-0.0090,0.0320,0.9641
14406,0.0029,-0.0161,1.0012
14407,0.0366,0.0159,0.9565
14408,0.0486,0.0010,0.9631
14409,0.0215,-0.0317,0.9849
14410,0.0232,0.0024,0.9290
14411,-0.0012,-0.0327,0.9810
14412,-0.0181,-0.0020,0.9878
14413,0.0181,0.0493,0.9338
14414,0.0088,-0.0291,0.9866
14415,0.0317,0.0139,0.9604
14416,0.0208,0.0083,0.9683
14417,0.0007,0.0371,1.0054
14418,0.0100,-0.0178,0.9751
14419,-0.0039,-0.0300,0.9565
14420,-0.0171,-0.0081,0.9712
14421,0.0066,0.0002,0.9836
14422,0.0129,0.0459,0.9514
14423,0.0417,0.0461,0.9585
14424,0.0378,-0.0449,0.9849
14425,0.0315,0.0073,0.9292
14426,0.0125,-0.0164,0.9719
14427,-0.0056,-0.0171,0.9956
14428,-0.0344,-0.0151,0.9468
14429,-0.0137,0.0007,0.9768
14430,0.0220,-0.0146,1.0059
14431,0.0613,0.0366,0.9810
14432,0.0471,0.0532,0.9778
14433,0.0188,0.0320,0.9788
14434,0.0039,0.0034,0.9456
14435,-0.0427,-0.0061,0.9446
14436,-0.0425,-0.0208,0.9749
14437,-0.0085,-0.0203,0.9709
14438,0.0386,-0.0083,0.9446
14439,0.0637,-0.0229,0.9722
14440,0.0640,-0.0378,0.9858
14441,0.0559,0.0251,0.9502
14442,0.0261,0.0161,1.0042
14443,-0.0632,-0.0203,0.9731
14444,-0.0459,0.0991,0.9412
14445,-0.0430,-0.0112,1.0474
14446,0.0107,0.0920,0.9495
14447,0.0422,-0.0356,0.9592
14448,0.0386,-0.0571,0.9800
14449,0.0615,-0.0007,0.9067
14450,0.0442,-0.0413,0.9690
14451,-0.0029,-0.0046,0.9553
14452,-0.0034,-0.0286,0.9465
14453,-0.0237,-0.0205,0.9917
14454,-0.0481,0.0540,0.9907
14455,0.0054,0.0642,1.0044
14456,0.0164,0.0432,0.9944
14457,0.0439,0.0347,0.9780
14458,0.0481,-0.0449,0.9761
14459,0.0339,0.0083,0.9419
14460,0.0168,-0.0398,0.9524
14461,-0.0085,-0.0269,0.9302
14462,-0.0291,-0.0432,0.9490
14463,-0.0029,0.0000,0.9622
14464,-0.0017,-0.0120,0.9858
14465,0.0442,0.0457,0.9788
14466,0.0464,0.0320,0.9985
14467,0.0374,0.0547,0.9924
14468,0.0315,0.0203,0.9829
14469,-0.0073,-0.0281,0.9731
14470,0.0022,0.0115,0.9397
14471,-0.0081,-0.0339,0.9778
14472,-0.0095,0.0127,0.9458
14473,0.0125,-0.0330,0.9636
14474,-0.0098,-0.0293,0.9565
14475,-0.0100,-0.0093,0.9683
14476,0.0059,-0.0237,0.9849
14477,0.0288,0.0522,0.9602
14478,0.0496,0.0198,1.0159
14479,0.0691,0.0840,0.9622
14480,0.0554,0.0254,0.9641
14481,0.0242,-0.0417,0.9895
14482,-0.0264,-0.0034,0.9211
14483,-0.0547,-0.0220,0.9885
14484,-0.0410,-0.0129,0.9846
14485,-0.0303,-0.0029,0.9124
14486,0.0237,-0.0513,0.9817
14487,0.0647,-0.0396,0.9827
14488,0.0837,0.0569,0.9348
14489,0.0684,0.0239,1.0269
14490,0.0037,0.0300,0.9800
14491,-0.0317,0.0361,0.9407
14492,-0.0613,-0.0320,1.0266
14493,-0.0334,0.0496,0.9534
14494,0.0190,-0.0081,0.9575
14495,0.0525,-0.0471,0.9722
14496,0.0608,-0.0105,0.9172
14497,0.0442,-0.0354,0.9915
14498,0.0220,0.0334,0.9644
14499,0.0012,0.0205,0.9534
14500,-0.0227,-0.0308,1.0024
14501,-0.0371,0.0303,0.9475
14502,-0.0330,-0.0298,1.0034
14503,-0.0156,0.0283,0.9983
14504,0.0291,0.0283,0.9614
14505,0.0767,0.0095,0.9722
14506,0.0823,0.0178,0.9536
14507,0.0557,-0.0149,0.9673
14508,0.0461,0.0039,0.9563
14509,-0.0215,-0.0222,0.9514
14510,-0.0615,-0.0039,0.9651
14511,-0.0632,-0.0107,0.9692
14512,-0.0220,0.0034,0.9758
14513,-0.0063,-0.0115,0.9924
14514,0.0620,0.0210,0.9800
14515,0.0688,-0.0195,0.9858
14516,0.0547,0.0615,0.9573
14517,0.0361,0.0034,0.9915
14518,0.0081,0.0056,0.9661
14519,-0.0183,0.0078,0.9478
14520,-0.0305,-0.0178,0.9858
14521,-0.0085,0.0059,0.9417
14522,-0.0198,-0.0315,0.9524
14523,0.0012,-0.0198,0.9790
14524,0.0217,-0.0117,0.9729
14525,0.0527,0.0193,0.9783
14526,0.0540,0.0291,0.9819
14527,0.0703,0.0212,0.9709
14528,0.0168,-0.0007,0.9761
14529,-0.0447,0.0146,0.9543
14530,-0.0515,-0.0237,0.9788
14531,-0.0283,-0.0125,0.9719
14532,0.0173,0.0203,0.9634
14533,0.0305,-0.0298,1.0054
14534,0.0579,0.0071,0.9426
14535,0.0288,0.0115,0.9624
14536,0.0073,0.0161,0.9741
14537,0.0054,0.0386,0.9399
14538,0.0107,-0.0259,0.9751
14539,0.0012,-0.0244,0.9778
14540,0.0017,-0.0010,0.9646
14541,0.0007,0.0098,0.9846
14542,0.0171,0.0005,0.9866
14543,0.0137,0.0090,0.9583
14544,0.0161,0.0176,0.9790
14545,0.0073,-0.0022,0.9810
14546,-0.0054,0.0059,0.9534
14547,0.0134,-0.0034,0.9602
14548,0.0134,-0.0195,0.9768
14549,0.0105,-0.0012,0.9526
14550,0.0374,0.0474,0.9749
14551,0.0117,-0.0051,0.9800
14552,0.0220,0.0156,0.9463
14553,0.0027,-0.0735,0.9780
14554,-0.0090,-0.0010,0.9673
14555,0.0122,-0.0073,1.0054
14556,-0.0002,0.0452,0.9709
14557,0.0120,0.0427,0.9604
14558,0.0322,-0.0249,0.9917
14559,0.0286,0.0571,0.9309
14560,0.0413,-0.0103,0.9946
14561,0.0203,-0.0322,0.9622
14562,-0.0310,0.0024,0.9146
14563,-0.0212,-0.0479,1.0083
14564,-0.0015,-0.0227,0.9517
14565,0.0063,0.0134,0.9543
14566,0.0352,0.0049,1.0208
14567,0.0444,0.0637,0.9709
14568,0.0295,0.0532,0.9807
14569,-0.0012,0.0208,0.9932
14570,-0.0171,-0.0195,0.9399
14571,-0.0037,-0.0542,0.9497
14572,-0.0044,-0.0464,0.9631
14573,0.0325,0.0068,0.9487
14574,0.0254,-0.0205,0.9934
14575,0.0483,0.0496,0.9595
14576,0.0386,0.0210,0.9749
14577,-0.0151,-0.0054,0.9993
14578,-0.0020,0.0330,0.9524
14579,-0.0430,-0.0088,0.9875
14580,-0.0510,0.0249,0.9692
14581,0.0205,0.0007,0.9592
14582,0.0447,-0.0371,0.9700
14583,0.0779,-0.0076,0.9495
14584,0.0889,-0.0212,0.9751
14585,0.0227,0.0288,0.9651
14586,0.0042,0.0208,0.9692
14587,-0.0342,-0.0286,0.9829
14588,-0.0703,0.0132,0.9468
14589,-0.0408,-0.0002,0.9849
14590,-0.0146,0.0029,0.9895
14591,0.0298,0.0444,0.9446
14592,0.0916,0.0024,0.9934
14593,0.0647,-0.0227,0.9702
14594,0.0654,0.0332,0.9270
14595,0.0247,-0.0547,0.9937
14596,-0.0659,-0.0022,0.9634
14597,-0.0698,0.0208,0.9543
14598,-0.0359,-0.0005,1.0024
14599,0.0173,-0.0220,0.9690
14600,0.0793,-0.0125,0.9441
14601,0.0701,-0.0479,0.9858
14602,0.0564,0.0168,0.9702
14603,0.0120,0.0752,0.9514
14604,-0.0291,0.0659,1.0044
14605,-0.0269,0.0095,0.9788
14606,-0.0195,-0.0110,0.9446
14607,-0.0073,-0.0364,0.9729
14608,0.0186,-0.0530,0.9807
14609,0.0574,0.0195,0.9290
14610,0.0427,-0.0176,0.9827
14611,0.0083,-0.0396,0.9700
14612,0.0015,-0.0068,0.9465
14613,-0.0420,0.0090,0.9976
14614,-0.0039,0.0706,0.9885
14615,0.0310,0.0554,0.9709
14616,0.0291,0.0459,0.9807
14617,0.0691,-0.0251,0.9895
14618,0.0308,-0.0447,0.9536
14619,0.0024,0.0017,0.9436
14620,-0.0134,-0.0649,0.9917
14621,-0.0317,0.0183,0.9224
14622,-0.0139,0.0146,0.9631
14623,0.0251,-0.0115,1.0129
14624,0.0378,0.0161,0.9214
14625,0.0544,-0.0042,0.9937
14626,0.0483,-0.0188,1.0210
14627,0.0198,0.0720,0.9448
14628,-0.0198,0.0286,1.0071
14629,-0.0339,0.0029,0.9817
14630,-0.0391,-0.0312,0.9233
14631,0.0049,-0.0261,0.9722
14632,0.0269,-0.0378,0.9749
14633,0.0618,0.0427,0.9290
14634,0.0588,-0.0298,0.9827
14635,0.0422,0.0100,0.9670
14636,0.0193,0.0046,0.9487
14637,-0.0146,0.0142,1.0024
14638,-0.0493,0.0076,0.9924
14639,-0.0276,0.0237,0.9592
14640,-0.0125,-0.0107,1.0005
14641,0.0000,-0.0161,0.9661
14642,0.0544,0.0464,0.9382
14643,0.0608,-0.0598,0.9927
14644,0.0605,0.0178,0.9368
14645,0.0159,-0.0100,0.9631
14646,-0.0181,0.0342,0.9917
14647,-0.0330,0.0076,0.9690
14648,-0.0093,0.0115,0.9553
14649,0.0051,-0.0193,0.9866
14650,0.0203,-0.0291,0.9585
14651,0.0291,-0.0051,0.9614
14652,0.0134,-0.0205,1.0051
14653,0.0210,0.0369,0.9634
14654,0.0312,0.0552,0.9692
14655,0.0203,0.0032,0.9917
14656,0.0144,-0.0293,0.9399
14657,-0.0029,-0.0127,0.9536
14658,-0.0217,-0.0190,0.9993
14659,0.0154,0.0334,0.9475
14660,0.0190,-0.0127,0.9712
14661,-0.0059,-0.0339,0.9890
14662,0.0061,0.0193,0.9485
14663,-0.0012,0.0229,0.9927
14664,0.0173,0.0649,0.9702
14665,0.0364,0.0061,0.9543
14666,0.0493,-0.0234,0.9663
14667,0.0417,-0.0095,0.9631
14668,0.0256,-0.0205,0.9731
14669,-0.0093,-0.0227,0.9780
14670,-0.0444,-0.0105,0.9573
14671,-0.0303,-0.0103,0.9915
14672,-0.0029,0.0027,0.9788
14673,0.0002,0.0500,0.9644
14674,0.0244,0.0369,0.9983
14675,0.0505,0.0437,0.9468
14676,0.0593,0.0063,0.9468
14677,0.0500,-0.0278,0.9702
14678,0.0278,-0.0239,0.9507
14679,-0.0120,-0.0220,0.9680
14680,-0.0432,-0.0356,0.9875
14681,-0.0327,0.0007,0.9534
14682,-0.0212,-0.0251,0.9915
14683,0.0164,0.0159,0.9846
14684,0.0579,0.0405,0.9670
14685,0.0627,0.0430,0.9819
14686,0.0623,0.0703,0.9539
14687,0.0212,0.0015,0.9663
14688,-0.0056,-0.0149,0.9622
14689,-0.0339,-0.0469,0.9526
14690,-0.0779,-0.0605,0.9612
14691,-0.0327,-0.0342,0.9680
14692,0.0103,-0.0410,0.9741
14693,0.0652,0.0378,0.9670
14694,0.1099,0.0137,0.9993
14695,0.0789,0.0391,0.9622
14696,0.0303,0.0720,0.9709
14697,-0.0208,0.0347,1.0139
14698,-0.0671,0.0430,0.9517
14699,-0.0508,-0.0076,0.9504
14700,-0.0376,-0.0981,0.9868
14701,0.0166,-0.0330,0.9221
14702,0.0693,-0.0518,0.9666
14703,0.0662,-0.0188,0.9856
14704,0.0562,0.0242,0.9299
14705,0.0234,0.0376,0.9866
14706,-0.0356,0.0300,1.0061
14707,-0.0366,0.0852,0.9592
14708,-0.0217,-0.0132,1.0061
14709,0.0312,0.0122,0.9739
14710,0.0361,-0.0139,0.9397
14711,0.0359,-0.0303,0.9797
14712,0.0232,-0.0256,0.9631
14713,-0.0066,0.0156,0.9338
14714,-0.0125,-0.0232,0.9888
14715,-0.0085,-0.0371,0.9497
14716,-0.0007,0.0112,0.9390
14717,0.0552,-0.0022,1.0159
14718,0.0669,0.0618,0.9663
14719,0.0200,0.0557,0.9749
14720,0.0090,-0.0156,1.0198
14721,-0.0298,0.0015,0.9399
14722,-0.0554,-0.0020,0.9790
14723,-0.0325,0.0044,0.9866
14724,0.0107,0.0042,0.9233
14725,0.0498,-0.0354,0.9543
14726,0.0879,-0.0125,0.9575
14727,0.0859,0.0012,0.9465
14728,0.0583,-0.0105,0.9846
14729,0.0100,0.0129,0.9751
14730,-0.0706,0.0156,0.9680
14731,-0.0842,-0.0046,1.0149
14732,-0.0500,-0.0042,0.9741
14733,-0.0315,0.0466,0.9702
14734,0.0312,0.0083,1.0051
14735,0.0950,0.0371,0.9302
14736,0.0786,-0.0234,0.9526
14737,0.0720,-0.0005,0.9407
14738,0.0081,-0.0391,0.9526
14739,-0.0334,0.0022,0.9644
14740,-0.0295,-0.0061,0.9700
14741,-0.0247,-0.0288,0.9875
14742,0.0056,0.0002,0.9807
14743,0.0044,-0.0007,0.9937
14744,0.0198,0.0774,0.9766
14745,0.0273,0.0178,0.9963
14746,0.0320,0.0413,0.9524
14747,0.0356,0.0000,0.9526
14748,0.0142,-0.0442,0.9788
14749,0.0122,-0.0305,0.9250
14750,0.0054,-0.0208,0.9456
14751,-0.0244,-0.0403,0.9954
14752,0.0100,0.0308,0.9573
14753,-0.0190,0.0017,0.9868
14754,0.0015,0.0315,1.0112
14755,0.0193,0.0266,0.9690
14756,0.0249,0.0667,0.9546
14757,0.0386,0.0007,0.9927
14758,0.0630,-0.0212,0.9409
14759,0.0308,-0.0137,0.9282
14760,0.0220,-0.0552,0.9963
14761,-0.0120,-0.0002,0.9475
14762,-0.0657,-0.0071,0.9690
14763,-0.0645,-0.0032,1.0061
14764,-0.0393,0.0059,0.9771
14765,0.0181,0.0469,0.9600
14766,0.0823,-0.0037,0.9963
14767,0.0925,0.0208,0.9536
14768,0.0750,0.0405,0.9426
14769,0.0471,0.0020,0.9963
14770,-0.0234,-0.0195,0.9351
14771,-0.0447,-0.0120,0.9395
14772,-0.0564,-0.0798,1.0063
14773,-0.0210,-0.0095,0.9573
14774,0.0063,0.0291,0.9741
14775,0.0300,0.0403,1.0100
14776,0.0439,0.0457,0.9771
14777,0.0518,0.0225,0.9614
14778,0.0212,0.0122,0.9614
14779,-0.0054,-0.0249,0.9683
14780,0.0012,-0.0210,0.9219
14781,0.0051,-0.0315,0.9751
14782,0.0181,-0.0193,0.9868
14783,0.0198,0.0139,0.9653
14784,0.0105,0.0261,1.0012
14785,-0.0005,-0.0203,0.9836
14786,-0.0024,0.0217,0.9397
14787,-0.0042,0.0222,1.0024
14788,0.0171,0.0752,0.9741
14789,0.0442,0.0322,0.9309
14790,0.0198,-0.0845,0.9712
14791,-0.0022,-0.0405,0.9365
14792,0.0085,-0.0229,0.9634
14793,0.0090,-0.0105,1.0032
14794,0.0176,0.0520,0.9729
14795,0.0061,0.0237,0.9856
14796,0.0037,0.0254,0.9937
14797,0.0081,-0.0181,0.9602
14798,0.0298,0.0320,0.9565
14799,0.0161,-0.0125,0.9775
14800,0.0295,0.0056,0.9377
14801,0.0168,-0.0249,0.9683
14802,-0.0007,-0.0034,0.9719
14803,-0.0237,-0.0146,0.9749
14804,-0.0229,-0.0093,0.9719
14805,0.0049,0.0178,0.9729
14806,0.0210,0.0132,0.9858
14807,0.0386,0.0391,0.9731
14808,0.0552,0.0271,0.9749
14809,0.0449,-0.0061,0.9702
14810,0.0222,-0.0305,0.9392
14811,0.0010,-0.0103,0.9495
14812,-0.0386,-0.0417,0.9758
14813,-0.0105,0.0322,0.9504
14814,-0.0308,-0.0325,0.9978
14815,0.0229,0.0515,0.9749
14816,0.0437,-0.0122,0.9885
14817,0.0435,0.0215,0.9653
14818,0.0515,0.0171,0.9749
14819,0.0227,0.0000,0.9788
14820,-0.0076,0.0420,0.9458
14821,-0.0256,-0.0693,0.9797
14822,-0.0425,-0.0127,0.9338
14823,-0.0215,-0.0027,0.9709
14824,0.0095,0.0076,0.9937
14825,0.0562,0.0220,0.9438
14826,0.0696,-0.0073,0.9946
14827,0.0540,0.0317,0.9836
14828,0.0500,0.0671,0.9556
14829,-0.0251,-0.0159,0.9915
14830,-0.0566,-0.0142,0.9351
14831,-0.0583,-0.0525,0.9553
14832,-0.0552,-0.0444,0.9885
14833,0.0271,0.0454,0.9585
14834,0.0708,-0.0349,1.0088
14835,0.0906,0.0571,0.9553
14836,0.0750,0.0310,0.9663
14837,0.0283,0.0171,0.9924
14838,-0.0100,0.0430,0.9380
14839,-0.0457,-0.0317,0.9878
14840,-0.0366,0.0098,0.9612
14841,-0.0039,-0.0444,0.9517
14842,0.0181,-0.0222,0.9644
14843,0.0393,-0.0212,0.9817
14844,0.0425,-0.0015,0.9790
14845,0.0073,0.0366,0.9536
14846,-0.0063,0.0051,0.9897
14847,0.0059,0.0039,0.9719
14848,0.0176,0.0315,0.9573
14849,-0.0059,-0.0034,1.0042
14850,0.0134,0.0200,0.9524
14851,0.0225,0.0195,0.9575
14852,0.0256,-0.0134,0.9976
14853,0.0325,0.0107,0.9524
14854,0.0012,-0.0408,0.9575
14855,0.0081,-0.0244,0.9631
14856,-0.0059,-0.0115,0.9553
14857,-0.0012,0.0149,0.9651
14858,0.0088,0.0195,0.9956
14859,-0.0024,0.0044,0.9819
14860,0.0447,0.0605,0.9651
14861,0.0391,-0.0413,1.0217
14862,-0.0146,0.0298,0.9348
14863,0.0037,0.0088,0.9585
14864,-0.0227,-0.0540,1.0178
14865,-0.0242,0.0508,0.9058
14866,0.0454,-0.0283,0.9836
14867,0.0259,-0.0457,0.9917
14868,0.0593,0.0518,0.8977
14869,0.0310,-0.0322,1.0293
14870,-0.0288,0.0398,0.9631
14871,-0.0007,0.0378,0.9458
14872,0.0012,-0.0110,1.0249
14873,0.0049,0.0273,0.9524
14874,0.0520,-0.0154,0.9790
14875,0.0271,-0.0525,0.9917
14876,0.0164,0.0115,0.9185
14877,-0.0168,-0.0200,0.9780
14878,-0.0420,0.0159,0.9758
14879,0.0032,0.0330,0.9436
14880,0.0105,-0.0286,0.9807
14881,0.0186,0.0044,0.9780
14882,0.0513,0.0103,0.9485
14883,0.0571,0.0557,0.9888
14884,0.0300,-0.0046,1.0032
14885,0.0242,0.0132,0.9255
14886,-0.0293,-0.0730,0.9910
14887,-0.0613,-0.0500,0.9670
14888,-0.0217,0.0608,0.9312
14889,0.0044,0.0015,1.0120
14890,0.0388,0.0320,0.9624
14891,0.0728,0.0244,0.9456
14892,0.0393,-0.0305,1.0190
14893,0.0276,0.0032,0.9595
14894,0.0232,-0.0027,0.9507
14895,-0.0476,-0.0288,0.9995
14896,-0.0303,-0.0034,0.9456
14897,-0.0032,0.0320,0.9595
14898,-0.0059,0.0154,1.0112
14899,0.0750,0.0376,0.9573
14900,0.0430,-0.0117,0.9653
14901,-0.0107,0.0002,0.9700
14902,0.0112,-0.0110,0.9565
14903,-0.0244,-0.0161,0.9585
14904,0.0015,-0.0059,0.9819
14905,0.0891,-0.0017,0.9622
14906,0.0378,-0.0129,0.9768
14907,0.0066,0.0183,0.9592
14908,-0.0352,-0.0110,0.9915
14909,-0.0784,0.0117,0.9771
14910,-0.0461,0.0464,0.9612
14911,0.0208,-0.0085,1.0024
14912,0.0698,0.0022,0.9478
14913,0.1262,0.0129,0.9417
14914,0.1001,-0.0215,0.9849
14915,0.0325,0.0232,0.9395
14916,-0.0139,0.0120,0.9631
14917,-0.0837,-0.0417,1.0002
14918,-0.1118,0.0002,0.9456
14919,-0.0330,-0.0469,0.9771
14920,0.0059,-0.0137,0.9888
14921,0.0647,0.0491,0.9602
14922,0.1230,0.0391,0.9937
14923,0.0483,0.0239,0.9702
14924,0.0334,0.0142,0.9526
14925,-0.0056,-0.0305,0.9829
14926,-0.0444,0.0283,0.9480
14927,-0.0459,-0.0186,0.9761
14928,-0.0117,-0.0220,0.9553
14929,0.0159,-0.0276,0.9534
14930,0.0620,-0.0073,0.9934
14931,0.0432,0.0129,0.9790
14932,0.0315,0.0256,0.9644
14933,0.0076,0.0012,0.9780
14934,-0.0002,0.0359,0.9575
14935,-0.0085,0.0000,0.9907
14936,0.0054,-0.0010,0.9758
14937,0.0105,0.0115,0.9524
14938,-0.0134,-0.0479,0.9973
14939,-0.0061,0.0139,0.9417
14940,0.0012,0.0024,0.9634
14941,0.0154,-0.0151,1.0015
14942,0.0464,0.0278,0.9399
14943,0.0483,0.0056,0.9595
14944,0.0295,-0.0186,0.9875
14945,0.0249,-0.0061,0.9399
14946,-0.0142,0.0078,0.9800
14947,-0.0247,0.0105,0.9915
14948,0.0078,0.0156,0.9651
14949,0.0000,-0.0120,0.9817
14950,0.0195,0.0293,0.9709
14951,0.0134,-0.0039,0.9846
14952,0.0066,0.0391,0.9624
14953,0.0186,-0.0164,0.9614
14954,-0.0007,-0.0361,0.9446
14955,0.0117,-0.0222,0.9536
14956,0.0391,-0.0117,0.9644
14957,0.0339,0.0056,0.9534
14958,0.0232,-0.0161,0.9946
14959,0.0149,0.0232,0.9836
14960,-0.0239,0.0371,0.9915
14961,-0.0122,0.0286,0.9954
14962,-0.0198,0.0249,0.9673
14963,0.0122,0.0046,0.9631
14964,0.0515,-0.0051,0.9644
14965,0.0391,-0.0159,0.9382
14966,0.0432,-0.0347,0.9504
14967,0.0154,-0.0437,0.9514
14968,-0.0212,-0.0215,0.9680
14969,-0.0398,-0.0059,0.9873
14970,-0.0168,0.0271,0.9829
14971,-0.0100,0.0168,1.0044
14972,0.0454,0.0747,0.9790
14973,0.0605,0.0198,0.9937
14974,0.0410,0.0354,0.9712
14975,0.0303,-0.0010,0.9341
14976,0.0095,-0.0464,0.9495
14977,-0.0354,-0.0664,0.9438
14978,-0.0369,-0.0513,0.9446
14979,0.0005,-0.0093,0.9768
14980,-0.0071,0.0029,0.9868
14981,0.0500,0.0806,0.9634
14982,0.0500,-0.0154,1.0288
14983,0.0276,0.0488,0.9758
14984,0.0308,0.0645,0.9680
14985,-0.0195,-0.0242,0.9958
14986,-0.0195,0.0171,0.9175
14987,0.0071,-0.0867,0.9680
14988,0.0049,0.0063,0.9475
14989,0.0278,0.0056,0.9448
14990,0.0322,-0.0388,0.9866
14991,-0.0032,0.0098,0.9377
14992,0.0000,-0.0344,0.9966
14993,-0.0088,0.0322,0.9927
14994,-0.0247,0.0396,0.9719
14995,0.0386,0.0498,0.9946
14996,0.0437,0.0161,0.9758
14997,0.0371,0.0198,0.9595
14998,0.0510,-0.0195,0.9641
14999,0.0042,-0.0354,0.9497
15000,-0.0256,-0.0276,0.9507
15001,-0.0269,-0.0308,0.9700
15002,-0.0325,-0.0117,0.9673
15003,0.0081,0.0315,0.9810
15004,0.0137,0.0298,0.9946
15005,0.0344,0.0435,0.9663
15006,0.0505,-0.0156,0.9709
15007,0.0298,-0.0024,0.9602
15008,0.0183,-0.0107,0.9827
15009,0.0093,0.0234,0.9663
15010,-0.0186,-0.0032,0.9692
15011,-0.0195,-0.0173,0.9670
15012,-0.0034,-0.0142,0.9507
15013,0.0159,-0.0017,0.9885
15014,0.0366,0.0417,0.9553
15015,0.0630,0.0093,0.9595
15016,0.0498,-0.0408,0.9880
15017,0.0176,0.0491,0.9487
15018,-0.0186,0.0032,1.0012
15019,-0.0547,-0.0198,0.9761
15020,-0.0625,-0.0220,0.9250
15021,-0.0122,-0.0378,1.0034
15022,0.0208,0.0186,0.9778
15023,0.0850,0.0500,0.9585
15024,0.0957,-0.0300,1.0022
15025,0.0706,0.0366,0.9341
15026,0.0210,0.0066,0.9709
15027,-0.0229,0.0405,0.9829
15028,-0.0706,0.0015,0.9468
15029,-0.0576,-0.0354,0.9739
15030,-0.0278,-0.0337,0.9583
15031,0.0249,-0.0100,0.9583
15032,0.0574,-0.0190,0.9866
15033,0.0703,0.0071,0.9641
15034,0.0645,0.0193,0.9663
15035,0.0210,0.0212,0.9858
15036,-0.0095,0.0444,0.9673
15037,-0.0327,0.0215,0.9771
15038,-0.0383,0.0122,0.9827
15039,-0.0249,-0.0186,0.9700
15040,0.0149,-0.0476,0.9485
15041,0.0591,-0.0247,0.9692
15042,0.0767,0.0029,0.9580
15043,0.0769,0.0591,0.9495
15044,-0.0098,-0.0586,0.9785
15045,-0.0332,0.0327,0.9370
15046,-0.0923,-0.0469,0.9954
15047,-0.0691,0.0525,1.0002
15048,0.0088,0.0498,0.9897
15049,0.0779,0.0322,0.9878
15050,0.1111,-0.0098,0.9709
15051,0.1143,-0.0447,0.9292
15052,0.0237,-0.0317,0.9644
15053,-0.0479,-0.0195,0.9604
15054,-0.0869,-0.0073,0.9338
15055,-0.0767,-0.0090,0.9749
15056,-0.0090,0.0242,0.9849
15057,0.0396,0.0544,0.9751
15058,0.0693,0.0181,1.0002
15059,0.0938,0.0249,0.9846
15060,0.0593,0.0205,0.9712
15061,0.0295,-0.0007,0.9741
15062,-0.0344,-0.0261,0.9663
15063,-0.0789,-0.0391,0.9380
15064,-0.0566,-0.0276,0.9438
15065,-0.0330,-0.0508,0.9663
15066,0.0186,0.0149,0.9341
15067,0.0825,0.0046,1.0151
15068,0.0867,0.0530,1.0005
15069,0.0701,0.0991,0.9612
15070,0.0137,0.0002,1.0178
15071,-0.0356,0.0020,0.9377
15072,-0.0398,-0.0151,0.9546
15073,-0.0159,-0.0330,0.9888
15074,0.0125,-0.0222,0.9214
15075,0.0447,-0.0222,0.9485
15076,0.0405,-0.0452,0.9915
15077,-0.0061,0.0090,0.9524
15078,-0.0146,0.0115,0.9927
15079,-0.0227,0.0146,1.0061
15080,0.0073,0.0669,0.9487
15081,0.0146,-0.0015,1.0103
15082,0.0320,0.0513,0.9622
15083,0.0469,0.0032,0.9614
15084,0.0496,-0.0149,0.9702
15085,0.0293,-0.0325,0.9377
15086,-0.0002,-0.0408,0.9546
15087,-0.0466,-0.0073,0.9604
15088,-0.0286,-0.0271,0.9800
15089,-0.0369,0.0034,0.9438
15090,-0.0059,0.0405,0.9875
15091,0.0745,0.0112,1.0217
15092,0.0679,0.0613,0.9456
15093,0.0698,0.0205,1.0054
15094,0.0342,-0.0259,0.9819
15095,-0.0176,0.0371,0.9163
15096,-0.0464,-0.0303,1.0005
15097,-0.0396,-0.0186,0.9456
15098,-0.0159,-0.0020,0.9370
15099,0.0142,-0.0261,0.9905
15100,0.0239,0.0012,0.9448
15101,0.0383,-0.0232,0.9612
15102,0.0437,0.0034,0.9885
15103,0.0369,0.0254,0.9810
15104,0.0369,0.0396,0.9827
15105,-0.0146,0.0110,0.9827
15106,-0.0205,0.0198,0.9836
15107,-0.0330,0.0044,0.9700
15108,0.0137,0.0176,0.9507
15109,0.0295,-0.0422,0.9846
15110,0.0425,0.0239,0.9319
15111,0.0437,0.0168,0.9534
15112,0.0266,-0.0493,0.9924
15113,-0.0244,-0.0076,0.9175
15114,-0.0237,-0.0315,0.9797
15115,-0.0142,-0.0356,1.0090
15116,0.0020,0.0542,0.9514
15117,0.0391,0.0356,1.0259
15118,0.0327,0.0430,0.9924
15119,0.0681,0.0347,0.9436
15120,0.0178,-0.0200,0.9915
15121,-0.0120,0.0149,0.9397
15122,-0.0037,-0.0376,0.9653
15123,-0.0227,0.0017,0.9553
15124,-0.0125,0.0161,0.9331
15125,0.0088,-0.0859,0.9856
15126,0.0186,-0.0483,0.9380
15127,0.0447,0.0305,0.9692
15128,0.0569,0.0220,1.0354
15129,0.0386,0.1003,0.9663
15130,0.0212,0.0474,0.9858
15131,-0.0215,-0.0103,1.0002
15132,-0.0413,-0.0007,0.9380
15133,-0.0479,-0.0498,0.9641
15134,-0.0093,-0.0332,0.9585
15135,0.0193,-0.0332,0.9399
15136,0.0527,0.0156,0.9651
15137,0.0693,0.0042,0.9729
15138,0.0654,0.0227,0.9507
15139,0.0166,0.0039,0.9702
15140,-0.0234,0.0193,1.0044
15141,-0.0288,0.0601,0.9719
15142,-0.0154,0.0332,0.9819
15143,-0.0117,-0.0615,0.9946
15144,0.0269,-0.0063,0.9233
15145,0.0422,-0.0391,0.9680
15146,0.0461,-0.0049,0.9817
15147,0.0232,0.0266,0.9263
15148,-0.0068,-0.0149,0.9722
15149,-0.0142,-0.0125,0.9768
15150,-0.0205,0.0173,0.9556
15151,0.0220,0.0500,0.9778
15152,0.0325,-0.0208,1.0022
15153,0.0354,0.0181,0.9622
15154,0.0366,0.0232,0.9807
15155,-0.0051,0.0066,0.9915
15156,-0.0117,0.0120,0.9407
15157,-0.0012,-0.0166,0.9438
15158,-0.0103,-0.0474,0.9839
15159,0.0229,-0.0300,0.9358
15160,0.0317,-0.0356,0.9771
15161,-0.0193,-0.0144,0.9907
15162,0.0417,0.0872,0.9504
15163,0.0010,-0.0049,1.0200
15164,0.0310,0.0642,0.9624
15165,0.0398,-0.0017,0.9739
15166,0.0142,0.0259,0.9741
15167,0.0137,0.0205,0.9575
15168,-0.0198,-0.0227,0.9475
15169,-0.0273,-0.0474,0.9426
15170,0.0044,-0.0872,0.9729
15171,0.0095,0.0166,0.9475
15172,0.0281,0.0354,1.0012
15173,0.0186,-0.0317,0.9836
15174,0.0256,0.0374,0.9377
15175,0.0188,-0.0051,1.0188
15176,0.0129,0.0615,0.9944
15177,0.0337,0.0581,0.9556
15178,0.0129,-0.0039,0.9958
15179,-0.0034,-0.0066,0.9377
15180,0.0024,-0.0273,0.9351
15181,-0.0249,-0.0303,0.9680
15182,0.0032,-0.0342,0.9497
15183,0.0212,-0.0132,0.9514
15184,-0.0200,-0.0308,0.9915
15185,0.0303,0.0386,0.9651
15186,0.0327,0.0176,0.9905
15187,0.0261,0.0439,1.0071
15188,0.0583,0.0452,0.9758
15189,0.0325,0.0088,0.9661
15190,0.0032,-0.0166,0.9692
15191,-0.0032,-0.0159,0.9478
15192,-0.0361,0.0046,0.9563
15193,-0.0366,-0.0259,0.9719
15194,-0.0088,-0.0022,0.9329
15195,0.0098,-0.0320,0.9778
15196,0.0574,-0.0076,0.9788
15197,0.0430,0.0320,0.9556
15198,0.0476,0.0273,1.0032
15199,0.0300,0.0269,0.9946
15200,0.0056,0.0337,0.9585
15201,-0.0027,-0.0081,1.0054
15202,-0.0269,-0.0247,0.9573
15203,-0.0247,-0.0071,0.9360
15204,-0.0112,-0.0420,0.9905
15205,0.0010,0.0095,0.9456
15206,0.0374,-0.0129,0.9585
15207,0.0444,-0.0134,0.9761
15208,0.0427,0.0398,0.9663
15209,0.0525,0.0518,0.9849
15210,0.0225,0.0554,0.9722
15211,-0.0078,-0.0090,0.9741
15212,-0.0085,-0.0088,0.9553
15213,-0.0505,-0.0784,0.9690
15214,-0.0474,-0.0420,0.9868
15215,-0.0039,-0.0129,0.9631
15216,0.0471,0.0303,0.9761
15217,0.0730,-0.0093,0.9797
15218,0.0681,0.0386,0.9465
15219,0.0498,0.0369,0.9817
15220,0.0217,0.0540,0.9780
15221,-0.0339,0.0398,0.9644
15222,-0.0349,-0.0024,0.9729
15223,-0.0422,-0.0481,0.9543
15224,-0.0303,-0.0869,0.9595
15225,-0.0081,-0.0422,0.9661
15226,0.0569,0.0327,0.9663
15227,0.0859,0.0454,0.9868
15228,0.0828,0.0715,0.9651
15229,0.0510,-0.0051,0.9771
15230,-0.0229,-0.0222,0.9739
15231,-0.0510,0.0117,0.9663
15232,-0.0750,-0.0083,0.9937
15233,-0.0625,0.0073,0.9495
15234,0.0242,-0.0369,0.9739
15235,0.0549,-0.0371,0.9780
15236,0.1113,0.0667,0.9417
15237,0.1013,-0.0098,0.9973
15238,0.0103,0.0510,0.9282
15239,-0.0210,0.0122,0.9524
15240,-0.0659,-0.0591,1.0063
15241,-0.0574,0.0347,0.9331
15242,0.0056,-0.0574,1.0208
15243,0.0330,0.0149,0.9829
15244,0.0459,0.0159,0.9495
15245,0.0620,-0.0151,1.0005
15246,0.0115,0.0144,0.9526
15247,0.0022,0.0337,0.9565
15248,-0.0132,0.0264,0.9917
15249,-0.0122,0.0251,0.9429
15250,0.0117,-0.0085,0.9363
15251,0.0146,-0.0498,0.9778
15252,0.0261,-0.0100,0.9644
15253,0.0359,-0.0256,0.9800
15254,0.0005,-0.0530,0.9897
15255,-0.0168,0.0090,0.9612
15256,-0.0029,0.0378,1.0002
15257,0.0332,0.0776,0.9885
15258,0.0234,0.0264,0.9592
15259,0.0249,0.0125,0.9629
15260,0.0266,0.0081,0.9680
15261,0.0020,0.0210,0.9585
15262,0.0146,0.0032,0.9563
15263,-0.0266,-0.1033,0.9690
15264,-0.0225,-0.0706,0.9272
15265,0.0166,-0.0469,0.9797
15266,0.0291,0.0239,0.9954
15267,0.0513,0.0962,0.9631
15268,0.0383,0.0261,1.0032
15269,0.0220,0.0444,0.9690
15270,-0.0078,0.0159,0.9788
15271,-0.0486,0.0039,0.9829
15272,-0.0200,0.0098,0.9573
15273,0.0029,-0.0359,0.9653
15274,0.0366,0.0122,0.9348
15275,0.0725,-0.0835,0.9746
15276,0.0688,-0.0457,0.9338
15277,0.0286,-0.0278,0.9553
15278,-0.0303,0.0029,0.9985
15279,-0.0566,0.1021,0.9692
15280,-0.0476,0.0449,1.0178
15281,-0.0237,0.0378,0.9915
15282,0.0078,-0.0190,0.9700
15283,0.0605,0.0042,0.9917
15284,0.0830,0.0078,0.9465
15285,0.0833,0.0061,0.9387
15286,0.0398,-0.0574,0.9595
15287,-0.0264,-0.0205,0.9221
15288,-0.0664,-0.0168,0.9653
15289,-0.0820,-0.0327,0.9817
15290,-0.0374,0.0481,0.9514
15291,0.0237,0.0173,1.0217
15292,0.0793,0.0347,1.0032
15293,0.1133,0.0408,0.9663
15294,0.0781,-0.0188,0.9954
15295,0.0259,0.0073,0.9536
15296,-0.0344,-0.0269,0.9546
15297,-0.0862,0.0122,0.9741
15298,-0.0867,-0.0144,0.9563
15299,-0.0166,-0.0317,0.9563
15300,0.0349,-0.0420,0.9622
15301,0.0959,0.0200,0.9612
15302,0.1035,0.0317,1.0073
15303,0.0693,0.0610,0.9829
15304,0.0281,0.0564,0.9746
15305,-0.0469,-0.0442,0.9810
15306,-0.0828,0.0076,0.9377
15307,-0.0732,-0.0510,0.9817
15308,-0.0081,0.0449,0.9573
15309,0.0408,-0.0017,0.9644
15310,0.1011,-0.0332,0.9819
15311,0.0828,-0.0278,0.9458
15312,0.0327,-0.0100,0.9709
15313,0.0044,0.0149,0.9993
15314,-0.0271,0.0439,0.9497
15315,-0.0254,0.0654,0.9712
15316,-0.0149,-0.0405,1.0178
15317,0.0112,0.0349,0.9065
15318,0.0085,-0.0261,0.9885
15319,0.0139,-0.0244,1.0042
15320,0.0496,0.0530,0.9026
15321,0.0254,-0.0303,1.0259
15322,0.0198,-0.0112,0.9763
15323,0.0225,-0.0027,0.9116
15324,-0.0320,-0.0471,1.0090
15325,-0.0205,0.0317,0.9534
15326,0.0071,0.0398,0.9634
15327,0.0154,0.0066,1.0061
15328,0.0547,-0.0046,0.9465
15329,0.0161,-0.0500,0.9690
15330,0.0186,0.0596,0.9868
15331,0.0251,0.0347,0.9822
15332,-0.0103,0.0322,0.9634
15333,0.0085,0.0039,0.9485
15334,0.0085,-0.0784,0.9749
15335,-0.0034,-0.0278,0.9448
15336,0.0166,-0.0088,0.9585
15337,-0.0073,-0.0203,1.0063
15338,-0.0032,0.0518,0.9524
15339,0.0303,0.0115,0.9905
15340,0.0171,-0.0012,1.0034
15341,0.0195,0.0356,0.9539
15342,0.0286,0.0017,0.9807
15343,0.0056,0.0315,0.9670
15344,0.0144,0.0300,0.9573
15345,0.0303,0.0000,0.9543
15346,0.0139,-0.0476,0.9700
15347,0.0020,-0.0408,0.9409
15348,0.0002,-0.0015,0.9565
15349,-0.0413,-0.0354,0.9946
15350,-0.0139,0.0391,0.9446
15351,0.0242,-0.0029,1.0054
15352,0.0386,0.0505,0.9895
15353,0.0693,0.0420,0.9741
15354,0.0581,-0.0134,0.9897
15355,0.0061,-0.0139,0.9387
15356,-0.0312,-0.0220,0.9585
15357,-0.0320,-0.0137,0.9719
15358,-0.0430,0.0132,0.9546
15359,-0.0129,0.0107,0.9653
15360,0.0237,-0.0244,0.9875
15361,0.0532,0.0320,0.9507
15362,0.0789,0.0342,0.9849
15363,0.0706,-0.0039,0.9954
15364,0.0195,-0.0024,0.9282
15365,-0.0237,-0.0249,0.9788
15366,-0.0557,-0.0168,0.9924
15367,-0.0500,0.0310,0.9399
15368,0.0056,-0.0266,0.9944
15369,0.0334,-0.0142,0.9751
15370,0.0574,0.0137,0.9495
15371,0.0603,0.0029,0.9973
15372,0.0330,0.0366,0.9631
15373,0.0085,0.0247,0.9446
15374,-0.0210,0.0107,0.9692
15375,-0.0557,-0.0378,0.9705
15376,-0.0188,0.0208,0.9446
15377,0.0054,-0.0408,0.9944
15378,0.0420,-0.0112,0.9673
15379,0.0789,-0.0027,0.9497
15380,0.0649,0.0312,1.0081
15381,0.0186,0.0234,0.9836
15382,-0.0344,0.0193,0.9426
15383,-0.0754,-0.0315,0.9858
15384,-0.0518,-0.0110,0.9556
15385,0.0085,0.0059,0.9651
15386,0.0513,0.0317,0.9709
15387,0.0903,-0.0076,0.9712
15388,0.0935,-0.0151,0.9419
15389,0.0366,-0.0205,0.9729
15390,-0.0403,0.0120,0.9888
15391,-0.0542,0.0408,0.9612
15392,-0.0662,-0.0205,0.9807
15393,-0.0339,-0.0061,0.9683
15394,0.0325,-0.0181,0.9829
15395,0.0444,0.0234,0.9800
15396,0.0630,0.0261,0.9653
15397,0.0828,0.0110,0.9670
15398,0.0151,-0.0261,0.9478
15399,-0.0012,0.0000,0.9575
15400,-0.0120,-0.0176,0.9915
15401,-0.0378,0.0298,0.9543
15402,0.0059,-0.0034,0.9761
15403,0.0020,-0.0295,0.9817
15404,0.0266,0.0535,0.9485
15405,0.0605,-0.0227,1.0012
15406,0.0156,-0.0032,0.9641
15407,0.0088,0.0256,0.9536
15408,0.0039,0.0027,0.9963
15409,-0.0278,0.0042,0.9573
15410,-0.0137,0.0100,0.9429
15411,0.0015,-0.0518,0.9963
15412,0.0183,-0.0093,0.9507
15413,0.0261,0.0042,0.9634
15414,0.0308,-0.0083,1.0161
15415,0.0103,0.0513,0.9553
15416,0.0286,0.0293,0.9761
15417,0.0173,0.0132,0.9817
15418,0.0288,0.0017,0.9290
15419,0.0127,-0.0278,0.9768
15420,-0.0046,-0.0110,0.9575
15421,-0.0227,-0.0044,0.9573
15422,-0.0010,-0.0225,0.9866
15423,0.0110,-0.0142,0.9622
15424,0.0256,0.0144,0.9797
15425,0.0198,0.0142,1.0032
15426,-0.0093,0.0505,0.9675
15427,0.0044,0.0063,0.9563
15428,-0.0010,-0.0078,0.9810
15429,0.0312,0.0027,0.9553
15430,0.0474,0.0251,0.9517
15431,0.0217,-0.0520,0.9888
15432,0.0095,-0.0012,0.9290
15433,0.0122,-0.0222,0.9771
15434,-0.0010,0.0063,1.0034
15435,0.0049,0.0393,0.9543
15436,0.0027,0.0081,0.9875
15437,-0.0237,0.0247,0.9846
15438,-0.0063,0.0029,0.9446
15439,0.0261,0.0144,0.9719
15440,0.0269,-0.0632,0.9927
15441,0.0312,0.0295,0.9194
15442,0.0095,-0.0522,0.9878
15443,-0.0105,-0.0112,0.9673
15444,-0.0142,0.0320,0.9536
15445,0.0217,0.0200,1.0098
15446,0.0625,0.0583,0.9709
15447,0.0415,-0.0242,0.9583
15448,0.0496,0.0503,0.9595
15449,-0.0193,-0.0718,0.9858
15450,-0.0317,0.0334,0.9331
15451,-0.0393,-0.0215,0.9790
15452,-0.0300,-0.0222,0.9985
15453,0.0222,0.0164,0.9136
15454,0.0344,-0.0740,1.0081
15455,0.0476,0.0376,0.9739
15456,0.0754,0.0586,0.9604
15457,0.0603,0.0342,1.0110
15458,-0.0034,0.0054,0.9592
15459,-0.0393,0.0056,0.9475
15460,-0.0486,-0.0271,1.0073
15461,-0.0447,0.0076,0.9495
15462,0.0198,0.0254,0.9338
15463,0.0630,-0.0730,0.9963
15464,0.0693,-0.0137,0.9241
15465,0.0583,-0.0183,0.9680
15466,-0.0151,-0.0142,1.0132
15467,-0.0149,0.0698,0.9592
15468,-0.0266,0.0300,0.9937
15469,-0.0334,0.0513,0.9915
15470,0.0042,-0.0239,0.9751
15471,0.0195,-0.0049,0.9514
15472,0.0364,-0.0266,0.9709
15473,0.0764,-0.0166,0.9604
15474,0.0415,0.0146,0.9268
15475,0.0271,-0.0105,0.9846
15476,-0.0120,-0.0220,0.9614
15477,-0.0405,0.0269,0.9377
15478,-0.0288,-0.0286,1.0232
15479,-0.0161,0.0178,0.9768
15480,0.0127,0.0552,0.9771
15481,0.0442,0.0081,1.0247
15482,0.0315,0.0122,0.9419
15483,0.0352,-0.0164,0.9436
15484,0.0200,-0.0815,0.9856
15485,0.0032,0.0178,0.9192
15486,-0.0161,0.0129,0.9719
15487,-0.0100,0.0222,0.9954
15488,0.0156,0.0593,0.9231
15489,0.0378,-0.0122,1.0044
15490,0.0276,-0.0339,0.9897
15491,0.0127,0.0210,0.9341
15492,-0.0061,-0.0159,1.0122
15493,-0.0237,0.0083,0.9846
15494,-0.0225,0.0039,0.9155
15495,0.0208,-0.0403,0.9985
15496,0.0342,-0.0259,0.9761
15497,0.0510,0.0957,0.9165
15498,0.0610,-0.0127,1.0503
15499,0.0122,-0.0029,0.9399
15500,0.0046,0.0239,0.9204
15501,-0.0022,-0.0681,1.0491
15502,-0.0332,0.0513,0.9158
15503,-0.0146,-0.0098,0.9614
15504,0.0242,-0.0161,1.0171
15505,0.0205,0.0352,0.9319
15506,0.0393,0.0234,0.9749
15507,0.0122,-0.0513,1.0022
15508,-0.0046,-0.0146,0.9377
15509,0.0103,0.0322,0.9653
15510,-0.0083,-0.0049,1.0220
15511,0.0190,0.0105,0.9353
15512,0.0393,-0.0125,0.9612
15513,0.0300,-0.0325,1.0054
15514,0.0327,0.0349,0.9397
15515,0.0203,0.0425,0.9749
15516,-0.0264,-0.0002,0.9937
15517,-0.0234,-0.0002,0.9319
15518,-0.0024,-0.0071,0.9729
15519,0.0061,0.0054,0.9963
15520,0.0354,0.0037,0.9497
15521,0.0662,-0.0156,0.9651
15522,-0.0164,-0.0386,0.9751
15523,0.0005,-0.0005,0.9663
15524,0.0056,-0.0063,0.9768
15525,-0.0146,0.0283,0.9985
15526,0.0212,0.0471,0.9741
15527,0.0156,0.0210,0.9690
15528,0.0183,0.0012,0.9507
15529,0.0425,-0.0222,0.9604
15530,0.0024,-0.0181,0.9709
15531,-0.0029,0.0374,0.9563
15532,0.0083,-0.0337,0.9670
15533,-0.0059,-0.0457,0.9426
15534,0.0173,-0.0120,0.9719
15535,0.0317,0.0303,1.0051
15536,0.0444,0.0645,0.9692
15537,0.0107,-0.0164,0.9846
15538,-0.0261,0.0046,0.9712
15539,-0.0276,0.0149,0.9719
15540,0.0146,0.0234,0.9768
15541,0.0234,-0.0132,0.9497
15542,0.0322,-0.0381,0.9509
15543,0.0396,-0.0452,0.9587
15544,0.0212,0.0056,0.9661
15545,0.0249,0.0190,0.9771
15546,0.0049,0.0361,0.9729
15547,-0.0193,-0.0103,0.9832
15548,-0.0215,0.0156,0.9651
15549,-0.0220,0.0068,1.0022
15550,0.0103,0.0242,0.9856
15551,0.0300,0.0239,0.9504
15552,0.0583,-0.0369,0.9788
15553,0.0444,-0.0234,0.9360
15554,0.0242,-0.0369,0.9397
15555,-0.0010,-0.0317,0.9963
15556,-0.0017,0.0630,0.9436
15557,0.0034,0.0564,0.9731
15558,0.0068,-0.0259,1.0054
15559,0.0015,-0.0073,0.9358
15560,0.0049,0.0005,0.9937
15561,-0.0071,-0.0007,1.0229
15562,-0.0063,0.0630,0.9241
15563,0.0139,-0.0149,0.9709
15564,0.0327,-0.0652,0.9797
15565,0.0549,0.0071,0.9075
15566,0.0076,-0.0168,0.9963
15567,0.0151,0.0220,0.9819
15568,-0.0066,0.0129,0.9485
15569,-0.0190,0.0212,1.0083
15570,-0.0151,-0.0103,0.9907
15571,0.0291,0.0259,0.9497
15572,0.0334,0.0039,0.9944
15573,0.0354,0.0430,0.9702
15574,0.0312,0.0312,0.9312
15575,-0.0039,-0.0376,0.9797
15576,-0.0320,-0.0627,0.9543
15577,-0.0198,-0.0093,0.9397
15578,0.0122,-0.0312,1.0161
15579,0.0452,0.0396,0.9468
15580,0.0657,0.0012,0.9749
15581,0.0349,-0.0237,1.0176
15582,0.0198,0.0518,0.9448
15583,-0.0330,0.0281,1.0005
15584,-0.0537,0.0483,0.9729
15585,-0.0405,0.0300,0.9321
15586,-0.0181,-0.0662,0.9944
15587,0.0513,0.0010,0.9270
15588,0.0859,-0.0542,0.9653
15589,0.0908,-0.0220,0.9778
15590,0.0740,0.0437,0.9358
15591,0.0002,-0.0503,1.0081
15592,-0.0649,0.0269,0.9624
15593,-0.0789,0.0090,0.9761
15594,-0.0811,0.0293,1.0142
15595,-0.0039,0.0645,0.9790
15596,0.0557,0.0024,0.9797
15597,0.1021,0.0217,0.9475
15598,0.1294,-0.0493,0.9468
15599,0.0730,-0.0181,0.9338
15600,-0.0154,-0.0264,0.9595
15601,-0.0667,-0.0193,0.9800
15602,-0.0950,0.0115,0.9624
15603,-0.0691,0.0010,0.9915
15604,-0.0110,0.0076,1.0005
15605,0.0396,-0.0027,0.9836
15606,0.1128,0.0366,0.9868
15607,0.1072,0.0320,0.9846
15608,0.0737,0.0562,0.9497
15609,0.0146,-0.0071,0.9575
15610,-0.0574,-0.0566,0.9331
15611,-0.1001,-0.0562,0.9368
15612,-0.0625,-0.0415,0.9790
15613,0.0034,0.0195,0.9819
15614,0.0725,0.0449,0.9897
15615,0.1006,0.0181,0.9956
15616,0.0752,0.0229,0.9758
15617,0.0339,0.0115,0.9731
15618,-0.0056,0.0269,0.9761
15619,-0.0645,0.0010,0.9517
15620,-0.0649,-0.0068,0.9446
15621,-0.0325,-0.0508,0.9722
15622,0.0212,-0.0273,0.9526
15623,0.0762,-0.0112,0.9739
15624,0.0769,-0.0068,0.9954
15625,0.0632,0.0586,0.9663
15626,-0.0066,0.0120,1.0042
15627,-0.0505,0.0457,0.9487
15628,-0.0610,-0.0098,0.9653
15629,-0.0198,-0.0227,0.9790
15630,0.0337,0.0383,0.9243
15631,0.0886,-0.0217,1.0002
15632,0.0630,0.0073,0.9573
15633,0.0188,0.0095,0.9514
15634,-0.0027,-0.0669,1.0054
15635,-0.0491,0.0200,0.9475
15636,-0.0610,0.0178,0.9917
15637,-0.0090,0.0051,0.9946
15638,0.0142,0.0022,0.9417
15639,0.0554,0.0132,0.9751
15640,0.0869,0.0115,0.9846
15641,0.0522,0.0122,0.9468
15642,0.0242,-0.0032,0.9495
15643,-0.0388,-0.0625,0.9927
15644,-0.0657,-0.0007,0.9409
15645,-0.0359,0.0439,0.9895
15646,0.0122,-0.0164,1.0132
15647,0.0776,0.0537,0.9136
15648,0.0798,-0.0430,1.0122
15649,0.0488,0.0205,0.9622
15650,0.0173,0.0540,0.9504
15651,-0.0544,-0.0364,1.0100
15652,-0.0500,0.0125,0.9233
15653,-0.0422,-0.0913,0.9731
15654,-0.0007,-0.0042,0.9797
15655,0.0623,0.0024,0.9670
15656,0.0796,0.0305,0.9897
15657,0.0500,0.0366,0.9729
15658,0.0383,0.0115,0.9817
15659,-0.0115,0.0396,0.9680
15660,-0.0518,0.0042,0.9680
15661,-0.0203,-0.0344,0.9797
15662,-0.0161,0.0144,0.9172
15663,0.0227,-0.0371,0.9966
15664,0.0554,-0.0276,0.9512
15665,0.0422,0.0000,0.9417
15666,0.0405,-0.0242,1.0344
15667,0.0095,0.0476,0.9487
15668,-0.0269,0.0261,0.9753
15669,-0.0293,0.0027,1.0110
15670,-0.0242,0.0403,0.9360
15671,0.0227,0.0276,0.9917
15672,0.0559,-0.0251,0.9768
15673,0.0425,-0.0168,0.9194
15674,0.0298,-0.0647,0.9846
15675,0.0007,0.0037,0.9692
15676,-0.0491,0.0161,0.9458
15677,-0.0120,0.0029,0.9839
15678,0.0063,-0.0127,0.9778
15679,0.0518,0.0483,0.9634
15680,0.0547,0.0081,1.0198
15681,0.0259,0.0176,0.9595
15682,0.0105,0.0205,0.9458
15683,-0.0354,-0.0479,1.0034
15684,-0.0254,-0.0032,0.9319
15685,0.0176,-0.0215,0.9641
15686,0.0173,-0.0103,0.9839
15687,0.0283,0.0278,0.9351
15688,0.0378,-0.0029,0.9800
15689,0.0115,0.0186,0.9827
15690,0.0146,0.0154,0.9624
15691,-0.0085,0.0056,0.9827
15692,-0.0054,0.0198,0.9817
15693,0.0183,-0.0098,0.9761
15694,0.0029,-0.0303,0.9604
15695,0.0115,-0.0198,0.9712
15696,0.0100,-0.0195,0.9700
15697,0.0273,0.0386,0.9475
15698,0.0044,-0.0339,0.9995
15699,0.0249,0.0798,0.9458
15700,0.0295,0.0188,0.9944
15701,0.0266,0.0007,0.9807
15702,-0.0129,0.0012,0.9331
15703,-0.0190,-0.0476,0.9819
15704,0.0068,0.0068,0.9553
15705,-0.0281,-0.0286,0.9631
15706,0.0093,0.0176,0.9778
15707,0.0398,-0.0125,0.9702
15708,0.0461,0.0098,0.9641
15709,0.0613,0.0417,0.9839
15710,0.0457,0.0061,0.9875
15711,0.0115,0.0588,0.9436
15712,-0.0195,-0.0347,0.9885
15713,-0.0696,-0.0403,0.9573
15714,-0.0349,0.0234,0.9314
15715,-0.0127,-0.0435,1.0132
15716,0.0386,0.0120,0.9419
15717,0.0818,0.0029,0.9543
15718,0.0623,-0.0190,1.0159
15719,0.0449,0.0620,0.9380
15720,-0.0061,0.0171,0.9751
15721,-0.0518,-0.0007,0.9934
15722,-0.0449,0.0039,0.9507
15723,0.0034,-0.0061,0.9778
15724,0.0344,-0.0044,0.9895
15725,0.0537,-0.0183,0.9429
15726,0.0532,0.0027,0.9478
15727,0.0166,-0.0530,1.0042
15728,-0.0076,0.0681,0.9214
15729,-0.0413,-0.0085,0.9995
15730,-0.0283,0.0168,0.9907
15731,0.0103,0.0527,0.9231
15732,0.0410,-0.0300,1.0237
15733,0.0713,-0.0110,0.9507
15734,0.0867,-0.0034,0.9302
15735,0.0105,-0.0295,1.0208
15736,-0.0310,0.0322,0.9387
15737,-0.0654,-0.0332,0.9602
15738,-0.0745,-0.0291,0.9946
15739,-0.0068,0.0598,0.9380
15740,0.0435,0.0359,1.0110
15741,0.0789,0.0259,0.9602
15742,0.1079,-0.0181,0.9429
15743,0.0435,-0.0271,0.9817
15744,0.0276,0.0488,0.9541
15745,-0.0129,-0.0215,0.9946
15746,-0.0679,0.0125,0.9495
15747,-0.0520,-0.0342,0.9614
15748,-0.0444,-0.0452,0.9836
15749,-0.0156,0.0042,0.9583
15750,0.0796,0.0159,0.9817
15751,0.0918,0.0149,0.9905
15752,0.0842,0.0676,0.9558
15753,0.0718,0.0305,0.9917
15754,-0.0308,-0.0073,0.9829
15755,-0.0598,0.0007,0.9260
15756,-0.0630,-0.0779,0.9924
15757,-0.0530,0.0186,0.9478
15758,0.0137,0.0103,0.9614
15759,0.0483,-0.0439,1.0112
15760,0.0515,0.0088,0.9153
15761,0.0696,-0.0044,0.9836
15762,0.0740,0.0276,1.0110
15763,-0.0007,0.0676,0.9319
15764,-0.0049,0.0354,0.9993
15765,-0.0479,-0.0442,0.9976
15766,-0.0212,0.0493,0.8931
15767,-0.0022,-0.0923,1.0142
15768,0.0032,-0.0215,0.9653
15769,0.0344,0.0054,0.9106
15770,0.0396,-0.0256,1.0220
15771,0.0334,0.0051,0.9644
15772,0.0403,0.0420,0.9351
15773,0.0056,0.0173,1.0259
15774,0.0020,0.0625,0.9653
15775,0.0022,0.0574,0.9419
15776,-0.0232,-0.0342,1.0063
15777,0.0105,-0.0632,0.9436
15778,-0.0090,-0.0547,0.9497
15779,-0.0046,-0.0413,1.0190
15780,0.0410,0.0325,0.9448
15781,0.0305,0.0203,0.9604
15782,0.0486,0.0151,0.9966
15783,0.0278,0.0422,0.9504
15784,0.0071,0.0642,0.9741
15785,0.0112,0.0117,1.0015
15786,-0.0190,-0.0005,0.9290
15787,-0.0208,-0.0562,0.9634
15788,-0.0010,-0.0850,1.0024
15789,0.0027,-0.0032,0.9348
15790,0.0398,0.0239,0.9807
15791,0.0310,-0.0205,1.0002
15792,0.0481,0.0688,0.9143
15793,0.0337,0.0051,1.0015
15794,0.0012,0.0178,1.0073
15795,-0.0081,0.0625,0.9263
15796,-0.0229,-0.0286,0.9983
15797,-0.0371,-0.0291,0.9797
15798,-0.0186,-0.0137,0.9312
15799,0.0129,-0.0186,0.9880
15800,0.0493,-0.0354,0.9780
15801,0.0784,0.0366,0.9175
15802,0.0686,0.0320,1.0005
15803,0.0457,0.0024,0.9944
15804,0.0156,0.0818,0.9155
15805,-0.0544,-0.0559,1.0247
15806,-0.0688,-0.0310,0.9614
15807,-0.0474,-0.0059,0.9302
15808,-0.0347,-0.0154,1.0305
15809,0.0342,0.0305,0.9644
15810,0.0588,0.0261,0.9292
15811,0.0715,-0.0125,1.0081
15812,0.1133,-0.0015,0.9495
15813,0.0583,0.0437,0.9370
15814,0.0020,0.0112,0.9915
15815,-0.0349,-0.0127,0.9485
15816,-0.0913,-0.0295,0.9417
15817,-0.0637,-0.0300,1.0081
15818,-0.0212,-0.0454,0.9875
15819,0.0513,0.0334,0.9673
15820,0.0774,0.0076,0.9966
15821,0.0593,0.0530,0.9780
15822,0.0288,0.0339,0.9546
15823,0.0015,0.0261,0.9526
15824,-0.0081,-0.0032,0.9644
15825,-0.0059,-0.0229,0.9575
15826,-0.0054,-0.0039,0.9429
15827,0.0178,-0.0713,0.9868
15828,-0.0073,-0.0457,0.9670
15829,0.0027,0.0137,0.9543
15830,0.0259,0.0037,1.0247
15831,0.0088,0.0562,0.9622
15832,0.0469,0.0793,0.9565
15833,0.0344,-0.0225,1.0266
15834,0.0100,0.0710,0.8928
15835,0.0181,-0.0247,0.9885
15836,-0.0154,-0.0720,0.9788
15837,-0.0171,-0.0059,0.9055
15838,-0.0120,-0.1013,1.0334
15839,-0.0227,0.0171,0.9514
15840,0.0320,0.0149,0.9478
15841,0.0344,-0.0027,1.0120
15842,0.0479,0.1042,0.9390
15843,0.0552,0.0344,0.9897
15844,0.0293,0.0601,0.9719
15845,-0.0037,-0.0166,0.9644
15846,0.0034,-0.0342,0.9771
15847,-0.0225,-0.0430,0.9543
15848,0.0044,-0.0764,0.9839
15849,-0.0186,-0.0239,0.9473
15850,0.0161,0.0273,0.9644
15851,0.0361,-0.0237,0.9983
15852,-0.0044,0.0515,0.9260
15853,0.0161,0.0276,0.9917
15854,0.0159,0.0398,1.0081
15855,0.0295,0.0823,0.9370
15856,0.0330,-0.0063,1.0083
15857,0.0161,-0.0461,0.9683
15858,-0.0051,-0.0132,0.9182
15859,-0.0107,-0.0405,1.0061
15860,-0.0222,-0.0198,0.9553
15861,0.0195,0.0154,0.9243
15862,0.0288,-0.0413,1.0032
15863,0.0347,0.0476,0.9478
15864,0.0208,-0.0212,0.9741
15865,0.0190,0.0349,0.9888
15866,-0.0015,0.0024,0.9895
15867,0.0095,0.0496,0.9839
15868,-0.0002,0.0090,0.9729
15869,-0.0151,-0.0298,0.9927
15870,0.0037,-0.0208,0.9387
15871,0.0037,0.0112,0.9507
15872,0.0349,-0.0061,0.9819
15873,0.0637,0.0349,0.9224
15874,0.0266,-0.0183,0.9722
15875,0.0220,-0.0293,0.9873
15876,-0.0105,-0.0107,0.9556
15877,-0.0547,0.0063,0.9885
15878,-0.0161,0.0137,0.9937
15879,0.0103,0.0068,0.9761
15880,0.0564,0.0505,0.9780
15881,0.0613,0.0139,1.0002
15882,0.0212,0.0156,0.9497
15883,0.0090,-0.0015,0.9399
15884,-0.0317,-0.0181,0.9546
15885,-0.0464,-0.0298,0.9526
15886,0.0029,-0.0120,0.9456
15887,0.0396,-0.0281,0.9800
15888,0.0398,-0.0410,0.9790
15889,0.0608,0.0354,0.9592
15890,0.0151,-0.0029,1.0239
15891,0.0127,0.0779,0.9651
15892,-0.0110,0.0361,0.9875
15893,-0.0242,0.0120,0.9993
15894,-0.0056,0.0322,0.9202
15895,0.0056,-0.0400,0.9700
15896,0.0132,-0.0325,0.9563
15897,0.0469,-0.0403,0.9224
15898,0.0427,-0.0408,0.9827
15899,0.0115,-0.0286,0.9768
15900,0.0208,0.0513,0.9426
15901,-0.0159,-0.0110,1.0220
15902,-0.0056,0.0657,0.9819
15903,0.0024,0.0488,0.9634
15904,-0.0090,0.0312,1.0139
15905,0.0103,0.0161,0.9739
15906,0.0093,-0.0293,0.9250
15907,0.0076,-0.0657,0.9907
15908,0.0300,-0.0759,0.9504
15909,0.0449,0.0593,0.9055
15910,0.0371,-0.0413,1.0383
15911,0.0466,0.0457,0.9377
15912,0.0122,0.0566,0.9312
15913,-0.0098,-0.0300,1.0745
15914,-0.0508,0.0215,0.9319
15915,-0.0464,0.0464,0.9524
15916,-0.0452,-0.0515,1.0549
15917,0.0122,0.0393,0.9116
15918,0.0476,-0.0190,0.9517
15919,0.1033,-0.0608,1.0071
15920,0.0962,-0.0293,0.9136
15921,0.0415,0.0481,0.9409
15922,-0.0100,0.0105,1.0227
15923,-0.0715,0.0266,0.9585
15924,-0.0913,0.0444,0.9524
15925,-0.0461,-0.0193,1.0383
15926,0.0410,-0.0081,0.9514
15927,0.0706,0.0117,0.9380
15928,0.1023,-0.0286,1.0122
15929,0.0703,-0.0183,0.9341
15930,0.0142,0.0308,0.9255
15931,-0.0217,-0.0396,1.0134
15932,-0.0535,0.0107,0.9546
15933,-0.0527,0.0488,0.9553
15934,-0.0054,-0.0032,1.0483
15935,0.0459,0.0098,0.9514
15936,0.0686,0.0366,0.9348
15937,0.0374,-0.0728,1.0386
15938,0.0137,0.0142,0.9094
15939,-0.0110,0.0125,0.9407
15940,-0.0264,-0.0232,1.0198
15941,0.0127,0.0271,0.8979
15942,0.0127,-0.0396,0.9836
15943,0.0300,0.0200,1.0142
15944,0.0198,0.0522,0.9524
15945,0.0110,0.0085,0.9944
15946,0.0256,-0.0073,0.9849
15947,-0.0049,-0.0120,0.9487
15948,0.0081,0.0061,0.9683
15949,0.0125,-0.0415,0.9944
15950,-0.0146,0.0332,0.9036
15951,0.0115,-0.0002,0.9644
15952,0.0366,-0.0422,1.0112
15953,0.0417,0.0698,0.9028
15954,0.0454,-0.0093,1.0171
15955,-0.0159,-0.0378,1.0217
15956,-0.0339,0.0715,0.8997
15957,0.0037,-0.0100,1.0305
15958,-0.0139,-0.0430,0.9788
15959,0.0393,0.0374,0.8950
15960,0.0686,-0.0415,1.0259
15961,0.0493,0.0190,0.9517
15962,0.0115,0.0154,0.9172
15963,-0.0344,-0.0159,0.9976
15964,-0.0564,-0.0125,0.9800
15965,-0.0132,0.0029,0.9644
15966,0.0171,0.0273,1.0015
15967,0.0481,0.0176,0.9951
15968,0.0715,0.0203,0.9341
15969,0.0598,-0.0222,0.9758
15970,0.0222,-0.0398,0.9771
15971,-0.0010,0.0361,0.9380
15972,-0.0352,-0.0020,0.9946
15973,-0.0618,0.0234,0.9595
15974,-0.0549,0.0063,0.9390
15975,-0.0027,-0.0483,1.0002
15976,0.0645,-0.0300,0.9524
15977,0.1062,0.0361,0.9563
15978,0.0955,0.0068,1.0227
15979,0.0420,0.0439,0.9592
15980,-0.0178,0.0371,0.9468
15981,-0.0784,-0.0366,1.0142
15982,-0.0657,0.0049,0.9211
15983,-0.0276,-0.0093,0.9585
15984,0.0198,-0.0203,1.0093
15985,0.0713,0.0129,0.9292
15986,0.0632,-0.0154,0.9788
15987,0.0288,-0.0059,0.9956
15988,0.0144,0.0229,0.9487
15989,-0.0251,0.0239,0.9778
15990,-0.0398,0.0266,0.9885
15991,-0.0103,0.0005,0.9622
15992,0.0576,0.0071,0.9543
15993,0.0498,-0.0437,0.9929
15994,0.0701,0.0178,0.9602
15995,-0.0012,-0.0066,0.9475
15996,-0.0513,-0.0122,0.9983
15997,-0.0576,-0.0166,0.9612
15998,-0.0249,0.0493,0.9456
15999,0.0334,0.0110,1.0061
16000,0.0901,0.0281,0.9468
16001,0.0793,0.0259,0.9468
16002,0.0542,-0.0356,0.9985
16003,0.0310,-0.0186,0.9446
16004,-0.0398,-0.0427,0.9722
16005,-0.0762,0.0000,0.9868
16006,-0.0671,0.0298,0.9817
16007,-0.0381,0.0254,0.9722
16008,0.0261,0.0325,0.9634
16009,0.0935,-0.0435,0.9768
16010,0.1172,0.0305,0.9253
16011,0.1057,0.0178,0.9729
16012,0.0154,-0.0356,0.9846
16013,-0.0537,0.0388,0.9243
16014,-0.0701,-0.0520,1.0220
16015,-0.1008,-0.0098,0.9858
16016,-0.0232,0.0415,0.9243
16017,0.0188,-0.0759,1.0403
16018,0.0779,0.0803,0.9309
16019,0.0935,0.0288,0.9565
16020,0.0708,-0.0127,1.0120
16021,0.0439,0.0159,0.9124
16022,-0.0198,-0.0198,0.9788
16023,-0.0686,0.0017,0.9917
16024,-0.0747,0.0002,0.9409
16025,-0.0405,-0.0178,0.9719
16026,0.0327,-0.0208,0.9944
16027,0.0896,-0.0173,0.9741
16028,0.0981,0.0476,0.9634
16029,0.0781,0.0459,1.0002
16030,-0.0103,0.0237,0.9546
16031,-0.0491,0.0571,0.9124
16032,-0.0762,-0.1003,1.0178
16033,-0.0652,-0.0232,0.9133
16034,0.0056,-0.0271,0.9553
16035,0.0676,-0.0481,1.0481
16036,0.0769,0.0713,0.9263
16037,0.0942,0.0168,0.9878
16038,0.0398,-0.0349,1.0217
16039,-0.0466,0.0752,0.9094
16040,-0.0498,0.0378,0.9954
16041,-0.0376,0.0195,1.0042
16042,-0.0247,0.0295,0.8979
16043,0.0710,-0.0303,0.9954
16044,0.0552,-0.1006,0.9907
16045,0.0479,0.0002,0.8909
16046,0.0388,-0.0481,1.0061
16047,-0.0266,-0.0134,0.9868
16048,-0.0261,0.0605,0.9348
16049,-0.0249,0.0208,1.0327
16050,-0.0264,0.0393,0.9895
16051,0.0388,0.0439,0.9387
16052,0.0562,0.0015,1.0022
16053,0.0393,0.0132,0.9585
16054,0.0706,-0.0090,0.9319
16055,-0.0039,-0.0457,0.9741
16056,-0.0305,-0.0300,0.9417
16057,-0.0188,-0.0217,0.9485
16058,-0.0278,0.0027,0.9827
16059,0.0359,0.0073,0.9780
16060,0.0571,0.0330,0.9709
16061,0.0547,0.0063,0.9956
16062,0.0466,0.0217,0.9888
16063,-0.0276,0.0059,0.9761
16064,-0.0623,0.0176,0.9907
16065,-0.0454,-0.0054,0.9690
16066,-0.0339,0.0027,0.9370
16067,0.0381,-0.0090,0.9661
16068,0.0974,-0.0481,0.9592
16069,0.1001,0.0251,0.9309
16070,0.0667,-0.0295,1.0002
16071,0.0081,0.0349,0.9692
16072,-0.0591,0.0212,0.9556
16073,-0.0693,-0.0327,0.9956
16074,-0.0601,-0.0103,0.9719
16075,-0.0154,0.0364,0.9790
16076,0.0754,0.0701,0.9927
16077,0.0806,0.0044,0.9683
16078,0.0610,-0.0178,0.9429
16079,0.0208,-0.0359,0.9580
16080,-0.0452,-0.0093,0.9712
16081,-0.0183,0.0264,0.9517
16082,-0.0134,-0.0068,0.9719
16083,-0.0144,-0.0259,0.9692
16084,0.0649,-0.0081,0.9604
16085,0.0562,-0.0149,0.9907
16086,0.0376,0.0696,0.9663
16087,0.0234,0.0210,0.9866
16088,-0.0327,-0.0042,0.9602
16089,-0.0432,0.0037,0.9663
16090,-0.0247,-0.0212,0.9927
16091,0.0200,0.0393,0.9536
16092,0.0510,-0.0161,0.9829
16093,0.0564,0.0085,0.9426
16094,0.0393,-0.0283,0.9507
16095,-0.0078,-0.0461,0.9976
16096,-0.0303,0.0261,0.9417
16097,-0.0032,0.0129,0.9768
16098,-0.0098,0.0012,0.9922
16099,0.0186,0.0627,0.9419
16100,0.0471,-0.0127,1.0063
16101,0.0288,-0.0012,0.9690
16102,0.0298,0.0010,0.9429
16103,-0.0105,-0.0198,0.9966
16104,-0.0283,0.0300,0.9614
16105,-0.0090,-0.0217,0.9741
16106,0.0017,-0.0071,0.9634
16107,0.0439,-0.0156,0.9690
16108,0.0510,0.0203,0.9634
16109,0.0266,0.0356,0.9690
16110,0.0017,-0.0122,0.9817
16111,-0.0188,0.0161,0.9426
16112,-0.0071,-0.0293,0.9810
16113,0.0254,-0.0095,0.9819
16114,0.0166,0.0303,0.9553
16115,0.0364,-0.0005,0.9976
16116,0.0137,-0.0076,0.9680
16117,0.0037,0.0293,0.9556
16118,0.0105,-0.0198,0.9985
16119,-0.0039,0.0100,0.9595
16120,-0.0298,0.0068,0.9465
16121,-0.0142,0.0024,0.9817
16122,-0.0134,-0.0061,0.9429
16123,0.0237,0.0076,0.9670
16124,0.1194,-0.0071,1.0015
16125,0.0806,0.0076,0.9478
16126,0.0664,0.0037,0.9690
16127,0.0208,-0.0549,1.0090
16128,-0.0637,0.0437,0.9282
16129,-0.0793,0.0112,1.0142
16130,-0.0730,0.0352,0.9956
16131,-0.0437,0.0520,0.9226
16132,0.0566,-0.0315,0.9985
16133,0.0850,-0.0537,0.9614
16134,0.0842,0.0049,0.9065
16135,0.0806,-0.0234,1.0002
16136,0.0022,-0.0051,0.9651
16137,-0.0039,0.0549,0.9299
16138,-0.0503,-0.0532,1.0386
16139,-0.0598,-0.0146,0.9575
16140,-0.0146,0.0212,0.9673
16141,0.0210,0.0425,1.0181
16142,0.0403,0.0750,0.9583
16143,0.0779,0.0039,0.9624
16144,0.0627,0.0208,0.9553
16145,0.0151,-0.0544,0.9661
16146,-0.0266,-0.0308,0.9280
16147,-0.0535,-0.0466,0.9377
16148,-0.0259,-0.0725,0.9941
16149,-0.0159,0.0181,0.9487
16150,0.0342,0.0354,1.0161
16151,0.0530,0.0295,1.0247
16152,0.0588,0.0918,0.9585
16153,0.0391,0.0247,1.0073
16154,-0.0166,0.0198,0.9634
16155,-0.0037,0.0032,0.9214
16156,-0.0251,-0.0562,0.9565
16157,-0.0254,-0.0288,0.9272
16158,0.0320,-0.0479,0.9524
16159,0.0344,-0.0503,0.9790
16160,0.0159,0.0002,0.9641
16161,0.0513,0.0066,0.9973
16162,0.0212,0.0698,1.0022
16163,0.0068,0.0718,0.9858
16164,0.0156,0.0149,1.0061
16165,-0.0312,0.0017,0.9570
16166,-0.0200,0.0212,0.9585
16167,-0.0183,-0.0337,0.9729
16168,0.0149,-0.0227,0.9231
16169,0.0278,-0.0703,0.9478
16170,0.0474,-0.0278,0.9683
16171,0.0549,-0.0002,0.9612
16172,0.0593,0.0415,0.9868
16173,-0.0188,0.0190,1.0073
16174,-0.0222,0.0540,0.9790
16175,-0.0215,0.0300,0.9858
16176,-0.0405,0.0088,0.9749
16177,0.0200,-0.0320,0.9634
16178,0.0396,-0.0142,0.9468
16179,0.0408,-0.0017,0.9585
16180,0.0354,-0.0283,0.9788
16181,0.0098,0.0100,0.9407
16182,-0.0154,-0.0183,0.9885
16183,0.0090,0.0105,0.9780
16184,0.0198,0.0212,0.9487
16185,0.0273,0.0200,0.9888
16186,0.0327,-0.0151,0.9700
16187,0.0215,0.0127,0.9565
16188,-0.0176,-0.0110,0.9905
16189,-0.0137,0.0237,0.9800
16190,-0.0039,0.0159,0.9526
16191,-0.0095,-0.0200,0.9868
16192,0.0286,0.0071,0.9553
16193,0.0208,-0.0005,0.9575
16194,0.0129,0.0073,0.9790
16195,0.0391,-0.0076,0.9504
16196,0.0305,-0.0422,0.9690
16197,0.0217,0.0017,0.9797
16198,0.0066,0.0093,0.9810
16199,-0.0112,0.0405,0.9790
16200,-0.0098,0.0269,0.9800
16201,-0.0271,0.0015,0.9673
16202,0.0039,0.0312,0.9612
16203,0.0139,-0.0457,0.9797
16204,0.0137,0.0039,0.9329
16205,0.0381,-0.0479,0.9849
16206,0.0413,-0.0083,0.9690
16207,0.0481,0.0603,0.9468
16208,0.0486,0.0056,1.0149
16209,-0.0071,0.0142,0.9458
16210,-0.0344,-0.0112,0.9614
16211,-0.0471,-0.0193,0.9954
16212,-0.0291,0.0320,0.9387
16213,0.0195,-0.0190,0.9927
16214,0.0286,-0.0171,0.9722
16215,0.0789,0.0044,0.9387
16216,0.0562,-0.0276,1.0032
16217,-0.0063,0.0642,0.9487
16218,0.0059,0.0632,0.9712
16219,-0.0164,-0.0305,1.0032
16220,-0.0134,-0.0078,0.9302
16221,0.0183,-0.0608,0.9758
16222,-0.0042,-0.0266,1.0054
16223,0.0149,0.0417,0.9355
16224,0.0142,0.0308,0.9797
16225,0.0142,-0.0015,0.9790
16226,0.0571,0.0090,0.9312
16227,0.0317,0.0051,0.9761
16228,0.0063,0.0208,0.9829
16229,0.0029,0.0100,0.9702
16230,-0.0435,-0.0127,0.9661
16231,-0.0220,-0.0161,0.9905
16232,0.0085,-0.0359,0.9761
16233,0.0259,0.0403,0.9272
16234,0.0715,-0.0381,1.0078
16235,0.0642,0.0146,0.9409
16236,0.0339,0.0481,0.9309
16237,-0.0056,-0.0393,1.0344
16238,-0.0410,0.0391,0.9163
16239,-0.0693,0.0176,0.9712
16240,-0.0269,-0.0330,1.0356
16241,0.0176,0.0125,0.9331
16242,0.0657,-0.0154,0.9866
16243,0.0906,-0.0017,0.9944
16244,0.0706,0.0166,0.9331
16245,0.0142,0.0283,0.9622
16246,-0.0464,-0.0166,0.9807
16247,-0.0537,-0.0332,0.9260
16248,-0.0444,0.0029,0.9604
16249,-0.0027,-0.0110,1.0229
16250,0.0557,0.0532,0.9507
16251,0.0569,0.0083,0.9878
16252,0.0317,-0.0374,1.0015
16253,0.0229,0.0396,0.9163
16254,-0.0076,0.0012,0.9897
16255,-0.0110,0.0107,0.9790
16256,0.0115,0.0200,0.9321
16257,0.0015,-0.0396,0.9875
16258,0.0325,-0.0281,0.9524
16259,0.0088,-0.0278,0.9595
16260,0.0090,0.0068,0.9885
16261,0.0200,0.0269,0.9612
16262,0.0332,0.0110,0.9954
16263,0.0039,0.0339,0.9780
16264,0.0112,0.0391,0.9556
16265,-0.0159,-0.0300,1.0017
16266,-0.0107,0.0120,0.9368
16267,0.0195,-0.0100,0.9661
16268,0.0151,-0.0432,0.9934
16269,0.0310,0.0139,0.9202
16270,0.0032,-0.0173,0.9712
16271,0.0200,-0.0063,0.9917
16272,0.0127,0.0212,0.9534
16273,0.0303,0.0054,0.9902
16274,0.0146,-0.0071,0.9993
16275,0.0081,0.0144,0.9507
16276,0.0212,0.0256,0.9875
16277,0.0190,0.0081,0.9956
16278,-0.0046,0.0522,0.9204
16279,-0.0049,-0.0107,0.9800
16280,-0.0269,-0.0579,0.9751
16281,-0.0100,0.0178,0.9114
16282,0.0120,-0.0576,1.0081
16283,0.0432,-0.0024,0.9565
16284,0.0447,-0.0005,0.9397
16285,0.0410,-0.0098,1.0159
16286,0.0198,0.0393,0.9670
16287,0.0000,0.0520,0.9771
16288,0.0115,0.0288,1.0139
16289,-0.0085,-0.0020,0.9585
16290,-0.0288,0.0039,0.9329
16291,-0.0242,-0.0396,0.9856
16292,0.0085,-0.0100,0.9514
16293,0.0503,0.0327,0.9360
16294,0.0681,-0.0498,1.0154
16295,0.0371,-0.0085,0.9456
16296,0.0281,0.0347,0.9309
16297,-0.0164,-0.0376,1.0393
16298,-0.0491,0.0344,0.9456
16299,0.0066,0.0522,0.9497
16300,0.0217,-0.0454,1.0588
16301,0.0063,0.0334,0.9263
16302,0.0198,0.0156,0.9602
16303,-0.0002,-0.0632,1.0217
16304,-0.0100,0.0283,0.9019
16305,0.0249,0.0349,0.9543
16306,0.0166,-0.0347,1.0181
16307,0.0569,0.0132,0.8918
16308,0.0645,-0.0044,0.9788
16309,0.0066,-0.0161,1.0352
16310,-0.0042,0.0498,0.9233
16311,-0.0298,-0.0239,1.0034
16312,-0.0635,-0.0271,0.9946
16313,-0.0203,0.0300,0.9478
16314,0.0166,-0.0093,1.0005
16315,0.0740,0.0303,0.9634
16316,0.0723,-0.0103,0.9475
16317,0.0522,0.0254,0.9485
16318,0.0198,-0.0120,0.9739
16319,-0.0259,0.0095,0.9543
16320,-0.0308,0.0317,0.9761
16321,-0.0281,-0.0808,1.0083
16322,-0.0112,-0.0112,0.9231
16323,-0.0125,-0.0444,0.9944
16324,0.0251,0.0510,0.9944
16325,0.0613,0.0950,0.9475
16326,0.1006,0.0449,0.9888
16327,0.0498,-0.0356,0.9700
16328,-0.0007,-0.0259,0.9165
16329,-0.0332,-0.0471,0.9895
16330,-0.0740,-0.0027,0.9797
16331,-0.0225,0.0640,0.9419
16332,0.0042,-0.0388,1.0190
16333,0.0239,-0.0076,0.9475
16334,0.0557,-0.0085,0.9407
16335,0.0476,-0.0149,1.0083
16336,0.0310,0.0576,0.9507
16337,0.0344,0.0527,0.9604
16338,0.0044,-0.0034,1.0032
16339,-0.0330,-0.0210,0.9397
16340,-0.0122,-0.0422,0.9592
16341,0.0068,-0.0747,1.0110
16342,0.0215,0.0439,0.9426
16343,0.0425,0.0659,0.9758
16344,0.0337,0.0161,1.0120
16345,-0.0073,0.0344,0.9260
16346,-0.0049,-0.0063,0.9426
16347,-0.0403,-0.0779,1.0090
16348,-0.0073,0.0229,0.9067
16349,0.0486,0.0090,0.9875
16350,0.0195,-0.0466,1.0317
16351,0.0486,0.0469,0.9006
16352,0.0520,-0.0352,1.0103
16353,0.0103,-0.0266,1.0090
16354,-0.0012,0.0752,0.9019
16355,-0.0229,0.0256,1.0354
16356,-0.0427,0.0205,0.9790
16357,0.0029,0.0686,0.8879
16358,0.0178,-0.1033,1.0227
16359,0.0161,-0.0283,0.9231
16360,0.0354,-0.0400,0.9175
16361,0.0354,-0.0269,1.0308
16362,0.0217,0.0405,0.9443
16363,0.0596,0.0464,0.9788
16364,0.0117,-0.0376,1.0344
16365,-0.0090,0.0576,0.9319
16366,-0.0427,0.0071,0.9983
16367,-0.0610,0.0405,0.9856
16368,0.0103,0.0325,0.9426
16369,0.0547,-0.0229,0.9722
16370,0.0540,-0.0369,0.9485
16371,0.0776,-0.0503,0.9309
16372,0.0210,-0.0364,0.9517
16373,-0.0369,-0.0149,0.9761
16374,-0.0098,0.0168,0.9829
16375,-0.0281,0.0125,0.9915
16376,0.0029,0.0679,1.0027
16377,0.0486,0.0161,0.9924
16378,0.0500,0.0469,0.9797
16379,0.0154,0.0042,0.9709
16380,0.0154,-0.0095,0.9417
16381,-0.0154,-0.0554,0.9478
16382,-0.0264,-0.0505,0.9456
16383,-0.0005,0.0181,0.9517
16384,0.0066,-0.0229,0.9954
16385,0.0396,0.0408,0.9526
16386,0.0579,0.0078,0.9897
16387,0.0361,0.0076,1.0073
16388,0.0217,0.0344,0.9543
16389,0.0088,0.0061,0.9866
16390,-0.0469,0.0176,0.9966
16391,-0.0291,0.0378,0.9280
16392,-0.0232,-0.0325,0.9839
16393,-0.0315,-0.0471,0.9680
16394,0.0540,0.0186,0.9070
16395,0.0774,-0.0640,1.0103
16396,0.0576,0.0239,0.9514
16397,0.0574,0.0256,0.9563
16398,-0.0200,-0.0195,1.0222
16399,-0.0481,0.0383,0.9497
16400,-0.0286,0.0261,0.9829
16401,-0.0273,0.0083,1.0142
16402,0.0588,0.0364,0.9436
16403,0.0630,-0.0259,0.9631
16404,0.0225,-0.0239,0.9768
16405,0.0261,-0.0244,0.9397
16406,-0.0093,0.0215,0.9526
16407,-0.0339,-0.0002,0.9888
16408,0.0020,0.0022,0.9487
16409,-0.0034,0.0120,0.9526
16410,0.0459,-0.0190,1.0190
16411,0.0554,0.0024,0.9731
16412,0.0271,0.0276,0.9575
16413,0.0178,-0.0330,1.0217
16414,-0.0161,0.0342,0.9468
16415,-0.0479,0.0542,0.9534
16416,-0.0288,-0.0239,1.0073
16417,-0.0054,-0.0093,0.9065
16418,0.0271,0.0017,0.9536
16419,0.0798,-0.0498,1.0139
16420,0.0664,0.0146,0.9348
16421,0.0381,0.0056,0.9749
16422,0.0168,-0.0281,1.0100
16423,-0.0278,0.0371,0.9380
16424,-0.0393,0.0281,0.9924
16425,-0.0212,0.0081,1.0012
16426,0.0007,0.0002,0.9255
16427,0.0149,0.0002,0.9680
16428,0.0474,-0.0085,0.9976
16429,0.0461,0.0168,0.9241
16430,0.0459,-0.0190,0.9761
16431,0.0156,-0.0347,0.9907
16432,-0.0125,0.0317,0.9387
16433,-0.0239,0.0024,0.9946
16434,-0.0164,-0.0037,0.9836
16435,-0.0127,0.0015,0.9487
16436,0.0144,0.0161,0.9778
16437,0.0193,-0.0203,0.9973
16438,0.0378,0.0605,0.9358
16439,0.0469,-0.0051,0.9934
16440,0.0303,0.0054,0.9739
16441,0.0149,-0.0012,0.9377
16442,-0.0247,-0.0244,0.9741
16443,-0.0190,-0.0125,0.9573
16444,-0.0188,-0.0356,0.9644
16445,0.0273,0.0244,0.9719
16446,0.0303,-0.0220,1.0042
16447,0.0427,0.0630,0.9648
16448,0.0359,0.0298,0.9836
16449,0.0117,0.0232,0.9846
16450,-0.0049,-0.0005,0.9348
16451,-0.0144,-0.0303,0.9690
16452,-0.0403,-0.0081,0.9712
16453,-0.0198,0.0181,0.9487
16454,0.0056,-0.0288,0.9819
16455,0.0281,-0.0227,0.9622
16456,0.0652,-0.0068,0.9641
16457,0.0713,0.0098,0.9944
16458,0.0647,0.0652,0.9702
16459,0.0222,0.0156,0.9827
16460,-0.0315,0.0029,0.9624
16461,-0.0613,-0.0020,0.9644
16462,-0.0864,-0.0332,0.9683
16463,-0.0332,0.0159,0.9446
16464,0.0181,-0.0564,0.9849
16465,0.0945,0.0269,0.9536
16466,0.1162,0.0193,0.9841
16467,0.0732,0.0017,0.9800
16468,0.0166,0.0310,0.9517
16469,-0.0359,0.0083,0.9924
16470,-0.0708,0.0332,0.9722
16471,-0.0308,0.0159,0.9585
16472,0.0012,-0.0662,0.9758
16473,0.0327,-0.0286,0.9458
16474,0.0581,-0.0488,0.9690
16475,0.0398,0.0212,0.9702
16476,0.0000,0.0276,0.9810
16477,-0.0024,0.0515,0.9731
16478,-0.0420,0.0203,0.9839
16479,-0.0129,0.0146,0.9749
16480,0.0459,0.0063,0.9800
16481,0.0359,-0.0181,0.9604
16482,0.0725,0.0042,0.9487
16483,0.0520,-0.0730,0.9758
16484,-0.0095,0.0151,0.9399
16485,-0.0342,0.0024,0.9749
16486,-0.0571,-0.0012,0.9761
16487,-0.0400,0.0386,0.9575
16488,0.0151,-0.0125,0.9917
16489,0.0591,-0.0037,0.9875
16490,0.0691,0.0015,0.9768
16491,0.0635,0.0664,0.9709
16492,0.0076,0.0142,0.9944
16493,-0.0142,0.0146,0.9438
16494,-0.0327,-0.0237,0.9612
16495,-0.0088,-0.0437,0.9741
16496,0.0142,-0.0322,0.9182
16497,0.0117,-0.0374,0.9546
16498,0.0059,-0.0195,0.9800
16499,0.0339,0.0454,0.9680
16500,0.0173,0.0188,1.0107
16501,0.0413,0.0613,0.9956
16502,0.0308,0.0413,0.9790
16503,-0.0027,0.0269,0.9778
16504,0.0120,0.0283,0.9634
16505,-0.0300,-0.0632,0.9631
16506,0.0015,-0.0056,0.9260
16507,0.0073,-0.1082,0.9758
16508,0.0020,-0.0195,0.9360
16509,0.0210,-0.0017,0.9468
16510,0.0166,-0.0369,1.0020
16511,0.0088,0.0808,0.9592
16512,0.0659,0.0676,1.0093
16513,0.0579,0.0457,1.0220
16514,0.0281,0.0400,0.9543
16515,0.0022,0.0142,0.9810
16516,-0.0574,-0.0083,0.9817
16517,-0.0601,-0.0310,0.9224
16518,-0.0356,-0.0417,0.9436
16519,0.0122,-0.0706,0.9575
16520,0.0649,-0.0234,0.9438
16521,0.0728,-0.0198,0.9563
16522,0.0662,-0.0049,1.0015
16523,0.0483,0.0647,0.9829
16524,0.0034,0.1062,0.9878
16525,-0.0334,0.0361,1.0198
16526,-0.0388,-0.0027,0.9761
16527,-0.0286,-0.0046,0.9631
16528,-0.0125,-0.0459,0.9956
16529,0.0139,-0.0164,0.9221
16530,0.0605,0.0144,0.9163
16531,0.0491,-0.0498,0.9739
16532,0.0640,0.0171,0.9211
16533,0.0437,-0.0151,0.9802
16534,-0.0391,-0.0405,1.0002
16535,-0.0510,0.0310,0.9575
16536,-0.0574,-0.0183,1.0325
16537,-0.0171,0.0813,1.0022
16538,0.0574,0.0381,0.9927
16539,0.0991,0.0391,0.9858
16540,0.0669,0.0037,0.9370
16541,0.0535,-0.0344,0.9104
16542,-0.0273,-0.0493,0.9397
16543,-0.0627,-0.0498,0.9443
16544,-0.0376,0.0193,0.9578
16545,-0.0466,-0.0515,1.0054
16546,0.0271,0.0232,0.9612
16547,0.0803,0.0134,0.9985
16548,0.0776,0.0491,1.0278
16549,0.0742,0.0886,0.9663
16550,0.0193,0.0242,0.9836
16551,-0.0564,-0.0083,0.9771
16552,-0.0671,-0.0061,0.9126
16553,-0.0369,-0.0540,0.9641
16554,0.0066,-0.0557,0.9653
16555,0.0640,-0.0117,0.9253
16556,0.0662,-0.0044,0.9768
16557,0.0315,-0.0256,1.0083
16558,0.0322,0.0605,0.9368
16559,-0.0073,0.0254,1.0161
16560,-0.0300,0.0242,1.0071
16561,-0.0046,0.0640,0.9253
16562,0.0100,-0.0471,1.0200
16563,0.0176,0.0317,0.9514
16564,0.0317,0.0103,0.9272
16565,0.0383,-0.0471,0.9915
16566,-0.0071,-0.0752,0.9172
16567,-0.0105,-0.0437,0.9412
16568,-0.0234,-0.0327,1.0168
16569,0.0034,0.0977,0.9612
16570,0.0366,0.0820,1.0024
16571,0.0408,0.0159,1.0061
16572,0.0347,0.0027,0.9426
16573,0.0264,-0.0168,0.9741
16574,-0.0022,0.0000,0.9800
16575,-0.0166,-0.0085,0.9338
16576,-0.0095,-0.0281,0.9504
16577,-0.0132,-0.0613,0.9817
16578,0.0046,-0.0056,0.9456
16579,0.0046,0.0149,0.9954
16580,0.0298,0.0410,0.9983
16581,0.0383,0.0537,0.9663
16582,0.0420,0.0120,0.9807
16583,0.0103,-0.0017,0.9827
16584,0.0103,-0.0168,0.9556
16585,0.0276,-0.0144,0.9465
16586,-0.0044,-0.0637,0.9817
16587,0.0073,0.0166,0.9390
16588,0.0010,0.0122,0.9700
16589,-0.0137,0.0120,1.0005
16590,-0.0083,0.0325,0.9536
16591,0.0171,0.0215,0.9905
16592,0.0244,-0.0098,0.9875
16593,0.0347,0.0259,0.9438
16594,0.0146,-0.0200,0.9790
16595,0.0154,-0.0024,0.9631
16596,0.0215,-0.0278,0.9465
16597,0.0110,-0.0125,0.9634
16598,-0.0095,-0.0278,0.9673
16599,0.0288,0.0178,0.9761
16600,-0.0305,0.0090,0.9927
16601,0.0088,0.0676,0.9768
16602,0.0195,-0.0261,0.9993
16603,0.0227,0.0552,0.9250
16604,0.0706,-0.0061,0.9924
16605,0.0500,-0.0190,0.9702
16606,0.0061,0.0178,0.9194
16607,-0.0215,-0.0759,1.0022
16608,-0.0615,-0.0002,0.9465
16609,-0.0352,-0.0020,0.9731
16610,0.0142,0.0095,1.0015
16611,0.0225,0.0293,0.9683
16612,0.0833,0.0229,0.9712
16613,0.0625,0.0034,0.9780
16614,0.0132,0.0032,0.9648
16615,0.0107,0.0061,0.9543
16616,-0.0264,-0.0173,0.9778
16617,-0.0376,-0.0156,0.9683
16618,0.0012,0.0347,0.9465
16619,-0.0103,-0.0400,1.0002
16620,0.0332,0.0178,0.9526
16621,0.0486,-0.0044,0.9534
16622,0.0286,-0.0061,0.9993
16623,0.0298,0.0444,0.9456
16624,-0.0042,0.0056,0.9819
16625,-0.0164,0.0203,0.9810
16626,-0.0039,-0.0159,0.9592
16627,0.0095,-0.0269,0.9790
16628,0.0259,-0.0239,0.9670
16629,0.0276,0.0027,0.9585
16630,0.0105,0.0000,0.9888
16631,0.0286,0.0554,0.9592
16632,0.0068,0.0181,0.9624
16633,-0.0007,0.0022,0.9944
16634,0.0054,0.0205,0.9329
16635,-0.0132,-0.0264,0.9761
16636,0.0037,-0.0247,0.9788
16637,0.0161,-0.0183,0.9353
16638,0.0308,-0.0166,0.9888
16639,0.0393,-0.0251,0.9888
Rate 1605, overflows 1
